season,club,club_short,player_id,web_name,position,expected_role,p_start,p_sub_in,p_dnp,mins_if_start,mins_if_sub,override,confidence,conflict_rule,draft_eligible,reason,sources,source_refs,api_status,api_chance_of_playing_next_round,api_chance_of_playing_this_round,api_news,api_news_added,api_club_id,api_club_short,registration_status,registration_reason,availability_status,availability_override,availability_confidence,draft_availability,availability_reason,availability_sources,availability_source_refs
2026-27,Arsenal,ARS,4,Gabriel,DEF,Nailed Starter,0.9,0.05,0.05,85.0,20.0,False,high,unanimous_dual_source,True,Unanimous: FFS predicted XI + Meerkat 🟢 nailed.,FFS Team News; FPL Meerkat,,a,,,,,1,ARS,registered,,available,,high,eligible,Fit and available for selection,FFS Team News; FPL Meerkat,
2026-27,Arsenal,ARS,5,J.Timber,DEF,Regular Starter,0.75,0.1,0.15,80.0,20.0,False,medium,source_disagreement_or_single,True,Single-source or non-unanimous starter signal (Meerkat 🟢 / predicted).,FFS Team News; FPL Meerkat,,i,0.0,,Groin injury - Unknown return date,2026-07-23T12:01:23.272929Z,1,ARS,registered,,exclude_gw1,,high,exclude_gw1,Groin injury - Expected back 21 Aug,Official Club News; FFS Team News; FPL Meerkat,
2026-27,Arsenal,ARS,6,Saliba,DEF,Rotation,0.4,0.25,0.35,70.0,20.0,False,medium,multi_source_preseason_consensus,False,"Key defender undergoing back rehabilitation, expected to return around GW5-6.",Official Club News; FFS Team News; FPL Meerkat,,i,0.0,,Back injury - Unknown return date,2026-07-23T12:01:23.289376Z,1,ARS,registered,,exclude_gw1-5,,high,exclude_gw1-5,Back rehabilitation; out early-season band.,Official club / research overlay,
2026-27,Arsenal,ARS,8,Calafiori,DEF,Regular Starter,0.75,0.1,0.15,80.0,20.0,False,medium,source_disagreement_or_single,True,Single-source or non-unanimous starter signal (FFS predicted XI).,FFS Team News; FPL Meerkat,,a,,,,,1,ARS,registered,,available,,high,eligible,Fit and available for selection,FFS Team News; FPL Meerkat,
2026-27,Arsenal,ARS,9,Hincapie,DEF,Rotation,0.4,0.25,0.35,70.0,20.0,False,medium,multi_source_preseason_consensus,False,"Confirmed summer signing; Meerkat notes left-CB usage but Scout starts Calafiori, so minutes shared.",transfer_note|meerkat_nailed|scout_xi,,a,,,,,1,ARS,registered,,not_role_eligible,,high,not_role_eligible,Role not draft-eligible,transfer_note|meerkat_nailed|scout_xi,
2026-27,Arsenal,ARS,10,White,DEF,Regular Starter,0.75,0.1,0.15,80.0,20.0,False,medium,source_disagreement_or_single,True,Single-source or non-unanimous starter signal (FFS predicted XI).,FFS Team News; FPL Meerkat,,a,100.0,,,2026-07-23T12:01:23.305229Z,1,ARS,registered,,watch,,high,watch,Returning from minor injury; resumed group training ahead of GW1.,Official Club News; FFS Team News; FPL Meerkat,
2026-27,Arsenal,ARS,11,Mosquera,DEF,Regular Starter,0.75,0.1,0.15,80.0,20.0,False,medium,source_disagreement_or_single,True,Single-source or non-unanimous starter signal (FFS predicted XI).,FFS Team News; FPL Meerkat,,a,,,,,1,ARS,registered,,available,,high,eligible,Fit and available for selection,FFS Team News; FPL Meerkat,
2026-27,Arsenal,ARS,25,Gyökeres,FWD,Regular Starter,0.75,0.1,0.15,80.0,20.0,False,medium,source_disagreement_or_single,True,Single-source or non-unanimous starter signal (FFS predicted XI).,FFS Team News; FPL Meerkat,,a,,,,,1,ARS,registered,,available,,high,eligible,Fit and available for selection,FFS Team News; FPL Meerkat,
2026-27,Arsenal,ARS,26,Havertz,FWD,Rotation,0.4,0.25,0.35,70.0,20.0,False,medium,source_disagreement_or_single,False,Previously draft-role but absent from current FFS XI and Meerkat nailed list.,FFS Team News; FPL Meerkat,,a,,,,,1,ARS,registered,,available,,high,not_role_eligible,Fit and available for selection,FFS Team News; FPL Meerkat,
2026-27,Arsenal,ARS,27,G.Jesus,FWD,Rotation,0.4,0.25,0.35,70.0,20.0,False,medium,source_disagreement_or_single,False,Previously draft-role but absent from current FFS XI and Meerkat nailed list.,FFS Team News; FPL Meerkat,,a,,,,,1,ARS,registered,,not_role_eligible,,high,not_role_eligible,Role not draft-eligible,Official Club News; Pre-season Squad Status,
2026-27,Arsenal,ARS,1,Raya,GKP,Nailed Starter,0.9,0.05,0.05,85.0,20.0,False,high,unanimous_dual_source,True,Unanimous: FFS predicted XI + Meerkat 🟢 nailed.,FFS Team News; FPL Meerkat,,a,,,,,1,ARS,registered,,available,,high,eligible,Fit and available for selection,FFS Team News; FPL Meerkat,
2026-27,Arsenal,ARS,2,Arrizabalaga,GKP,Out of Contention,0.0,0.05,0.95,45.0,10.0,False,low,multi_source_preseason_consensus,False,Reserve/third-choice goalkeeper.,Official Club News; Pre-season Squad Status,,a,,,,,1,ARS,registered,,not_role_eligible,,high,not_role_eligible,Not in starting contention.,Official Club News; Pre-season Squad Status,
2026-27,Arsenal,ARS,3,Meslier,GKP,Out of Contention,0.0,0.05,0.95,45.0,10.0,False,low,multi_source_preseason_consensus,False,Reserve/third-choice goalkeeper.,Official Club News; Pre-season Squad Status,,a,,,,,1,ARS,registered,,not_role_eligible,,high,not_role_eligible,Not in starting contention.,Official Club News; Pre-season Squad Status,
2026-27,Arsenal,ARS,7,Lewis-Skelly,MID,Regular Starter,0.75,0.1,0.15,80.0,20.0,False,medium,source_disagreement_or_single,True,Single-source or non-unanimous starter signal (FFS predicted XI).,FFS Team News; FPL Meerkat,,a,,,,,1,ARS,registered,,available,,high,eligible,Fit and available for selection,FFS Team News; FPL Meerkat,
2026-27,Arsenal,ARS,12,Saka,MID,Regular Starter,0.75,0.1,0.15,80.0,20.0,False,medium,source_disagreement_or_single,True,Single-source or non-unanimous starter signal (Meerkat 🟢 / predicted).,FFS Team News; FPL Meerkat,,a,,,,,1,ARS,registered,,watch,,high,watch,Post-tournament fitness management.,Official club / research overlay,
2026-27,Arsenal,ARS,13,Rice,MID,Nailed Starter,0.9,0.05,0.05,85.0,20.0,False,high,unanimous_dual_source,True,Unanimous: FFS predicted XI + Meerkat 🟢 nailed.,FFS Team News; FPL Meerkat,,a,,,,,1,ARS,registered,,available,,high,eligible,Fit and available for selection,FFS Team News; FPL Meerkat,
2026-27,Arsenal,ARS,14,Eze,MID,Rotation,0.4,0.25,0.35,70.0,20.0,False,medium,multi_source_preseason_consensus,False,Previously draft-role but absent from current FFS XI and Meerkat nailed list.,FFS Team News; FPL Meerkat,,a,,,,,1,ARS,registered,,not_role_eligible,,high,not_role_eligible,Role not draft-eligible,FFS Team News; FPL Meerkat,
2026-27,Arsenal,ARS,15,Ødegaard,MID,Rotation,0.4,0.25,0.35,70.0,20.0,False,medium,multi_source_preseason_consensus,False,Previously draft-role but absent from current FFS XI and Meerkat nailed list.,FFS Team News; FPL Meerkat,,a,,,,,1,ARS,registered,,not_role_eligible,,high,not_role_eligible,Role not draft-eligible,FFS Team News; FPL Meerkat,
2026-27,Arsenal,ARS,16,Madueke,MID,Regular Starter,0.75,0.1,0.15,80.0,20.0,False,medium,source_disagreement_or_single,True,Single-source or non-unanimous starter signal (FFS predicted XI).,FFS Team News; FPL Meerkat,,a,,,,,1,ARS,registered,,not_role_eligible,,high,eligible,Role not draft-eligible,FFS Team News; FPL Meerkat,
2026-27,Arsenal,ARS,17,Merino,MID,Cameo,0.1,0.35,0.55,60.0,15.0,False,low,multi_source_preseason_consensus,False,Squad rotation/bench option outside primary XI contention.,Official Club News; Pre-season Squad Status,,a,,,,,1,ARS,registered,,not_role_eligible,,high,not_role_eligible,Role not draft-eligible,Official Club News; Pre-season Squad Status,
2026-27,Arsenal,ARS,18,Martinelli,MID,Rotation,0.4,0.25,0.35,70.0,20.0,False,medium,source_disagreement_or_single,False,Previously draft-role but absent from current FFS XI and Meerkat nailed list.,FFS Team News; FPL Meerkat,,a,,,,,1,ARS,registered,,available,,high,not_role_eligible,Fit and available for selection,FFS Team News; FPL Meerkat,
2026-27,Arsenal,ARS,19,Zubimendi,MID,Rotation,0.4,0.25,0.35,70.0,20.0,False,medium,multi_source_preseason_consensus,False,Previously draft-role but absent from current FFS XI and Meerkat nailed list.,FFS Team News; FPL Meerkat,,a,,,,,1,ARS,registered,,not_role_eligible,,high,not_role_eligible,Role not draft-eligible,FFS Team News; FPL Meerkat,
2026-27,Arsenal,ARS,20,Dowman,MID,Rotation,0.4,0.25,0.35,70.0,20.0,False,medium,source_disagreement_or_single,False,Previously draft-role but absent from current FFS XI and Meerkat nailed list.,FFS Team News; FPL Meerkat,,a,,,,,1,ARS,registered,,available,,high,not_role_eligible,Fit and available for selection,FFS Team News; FPL Meerkat,
2026-27,Everton,EVE,21,Nørgaard,MID,Cameo,0.1,0.35,0.55,60.0,15.0,False,low,multi_source_preseason_consensus,False,Fringe squad player with limited minutes.,Official Club News; Pre-season Squad Status,,d,75.0,,Lack of match fitness - 75% chance of playing,,9,EVE,registered,,not_role_eligible,,high,not_role_eligible,Role not draft-eligible,Official Club News; Pre-season Squad Status,
2026-27,Arsenal,ARS,22,Nwaneri,MID,Cameo,0.1,0.35,0.55,60.0,15.0,False,low,multi_source_preseason_consensus,False,Fringe squad player with limited minutes.,Official Club News; Pre-season Squad Status,,a,,,,,1,ARS,registered,,not_role_eligible,,high,not_role_eligible,Role not draft-eligible,Official Club News; Pre-season Squad Status,
2026-27,Arsenal,ARS,23,Fábio Vieira,MID,Out of Contention,0.0,0.05,0.95,45.0,10.0,False,low,multi_source_preseason_consensus,False,Academy / developmental reserve not in first-team XI contention.,Official Club News; Pre-season Squad Status,,a,,,,,1,ARS,registered,,not_role_eligible,,high,not_role_eligible,Role not draft-eligible,Official Club News; Pre-season Squad Status,
2026-27,Arsenal,ARS,24,Nelson,MID,Cameo,0.1,0.35,0.55,60.0,15.0,False,low,multi_source_preseason_consensus,False,Fringe squad player with limited minutes.,Official Club News; Pre-season Squad Status,,a,,,,,1,ARS,registered,,not_role_eligible,,high,not_role_eligible,Role not draft-eligible,Official Club News; Pre-season Squad Status,
2026-27,Arsenal,ARS,557,Tzolis,MID,Regular Starter,0.75,0.1,0.15,80.0,20.0,False,medium,source_disagreement_or_single,True,Single-source or non-unanimous starter signal (FFS predicted XI).,FFS Team News; FPL Meerkat,,a,,,,,1,ARS,registered,,available,,high,eligible,Fit and available for selection,FFS Team News; FPL Meerkat,
2026-27,Aston Villa,AVL,30,Digne,DEF,Cameo,0.1,0.35,0.55,60.0,15.0,False,low,multi_source_preseason_consensus,False,Scout starts Maatsen at LB; Digne is the veteran backup/impact option.,scout_xi,,u,0.0,,Has joined Paris Saint-Germain permanently,,2,AVL,registered,,not_role_eligible,,high,exclude_gw1,API status=u; chance=0.0; Has joined Paris Saint-Germain permanently,scout_xi,
2026-27,Aston Villa,AVL,31,Konsa,DEF,Regular Starter,0.75,0.1,0.15,80.0,20.0,False,medium,source_disagreement_or_single,True,Single-source or non-unanimous starter signal (Meerkat 🟢 / predicted).,FFS Team News; FPL Meerkat,,a,,,,,2,AVL,registered,,available,,high,eligible,Fit and available for selection,FFS Team News; FPL Meerkat,
2026-27,Aston Villa,AVL,32,Cash,DEF,Nailed Starter,0.9,0.05,0.05,85.0,20.0,False,high,unanimous_dual_source,True,Unanimous: FFS predicted XI + Meerkat 🟢 nailed.,FFS Team News; FPL Meerkat,,a,,,,,2,AVL,registered,,available,,high,eligible,Fit and available for selection,FFS Team News; FPL Meerkat,
2026-27,Aston Villa,AVL,33,Mings,DEF,Cameo,0.1,0.35,0.55,60.0,15.0,False,low,multi_source_preseason_consensus,False,Squad rotation/bench option outside primary XI contention.,Official Club News; Pre-season Squad Status,,a,,,,,2,AVL,registered,,not_role_eligible,,high,not_role_eligible,Role not draft-eligible,Official Club News; Pre-season Squad Status,
2026-27,Aston Villa,AVL,34,Pau,DEF,Regular Starter,0.75,0.1,0.15,80.0,20.0,False,medium,source_disagreement_or_single,True,Single-source or non-unanimous starter signal (FFS predicted XI).,FFS Team News; FPL Meerkat,,a,,,,,2,AVL,registered,,available,,high,eligible,Fit and available for selection,FFS Team News; FPL Meerkat,
2026-27,Aston Villa,AVL,36,Maatsen,DEF,Regular Starter,0.75,0.1,0.15,80.0,20.0,False,medium,source_disagreement_or_single,True,Single-source or non-unanimous starter signal (FFS predicted XI).,FFS Team News; FPL Meerkat,,a,,,,,2,AVL,registered,,available,,high,eligible,Fit and available for selection,FFS Team News; FPL Meerkat,
2026-27,Aston Villa,AVL,37,Lindelöf,DEF,Regular Starter,0.75,0.1,0.15,80.0,20.0,False,medium,source_disagreement_or_single,True,Single-source or non-unanimous starter signal (FFS predicted XI).,FFS Team News; FPL Meerkat,,a,,,,,2,AVL,registered,,not_role_eligible,,high,eligible,Role not draft-eligible,FFS Team News; FPL Meerkat,
2026-27,Aston Villa,AVL,38,A.García,DEF,Cameo,0.1,0.35,0.55,60.0,15.0,False,low,multi_source_preseason_consensus,False,Fringe squad player with limited minutes.,Official Club News; Pre-season Squad Status,,a,,,,,2,AVL,registered,,not_role_eligible,,high,not_role_eligible,Role not draft-eligible,Official Club News; Pre-season Squad Status,
2026-27,Aston Villa,AVL,39,Nedeljkovic,DEF,Out of Contention,0.0,0.05,0.95,45.0,10.0,False,low,multi_source_preseason_consensus,False,Academy / developmental reserve not in first-team XI contention.,Official Club News; Pre-season Squad Status,,a,,,,,2,AVL,registered,,not_role_eligible,,high,not_role_eligible,Role not draft-eligible,Official Club News; Pre-season Squad Status,
2026-27,Aston Villa,AVL,55,Watkins,FWD,Nailed Starter,0.9,0.05,0.05,85.0,20.0,False,high,unanimous_dual_source,True,Unanimous: FFS predicted XI + Meerkat 🟢 nailed.,FFS Team News; FPL Meerkat,,a,,,,,2,AVL,registered,,available,,high,eligible,Fit and available for selection,FFS Team News; FPL Meerkat,
2026-27,Aston Villa,AVL,56,Abraham,FWD,Cameo,0.1,0.35,0.55,60.0,15.0,False,low,multi_source_preseason_consensus,False,Injury / fitness concern (Shoulder injury - Expected back 23 Aug).,Official Club News; Pre-season Squad Status,,d,75.0,,Knock - 75% chance of playing,2026-07-23T12:01:23.368701Z,2,AVL,registered,,exclude_gw1,,high,exclude_gw1,Shoulder injury - Expected back 23 Aug,Official Club News; Pre-season Squad Status,
2026-27,Aston Villa,AVL,28,Martinez,GKP,Nailed Starter,0.9,0.05,0.05,85.0,20.0,False,high,unanimous_dual_source,True,Unanimous: FFS predicted XI + Meerkat 🟢 nailed.,FFS Team News; FPL Meerkat,,a,,,,,2,AVL,registered,,available,,high,eligible,Fit and available for selection,FFS Team News; FPL Meerkat,
2026-27,Aston Villa,AVL,29,M.Bizot,GKP,Out of Contention,0.0,0.05,0.95,45.0,10.0,False,low,multi_source_preseason_consensus,False,Reserve/third-choice goalkeeper.,Official Club News; Pre-season Squad Status,,a,,,,,2,AVL,registered,,not_role_eligible,,high,not_role_eligible,Not in starting contention.,Official Club News; Pre-season Squad Status,
2026-27,Aston Villa,AVL,35,Bogarde,MID,Cameo,0.1,0.35,0.55,60.0,15.0,False,low,multi_source_preseason_consensus,False,Squad rotation/bench option outside primary XI contention.,Official Club News; Pre-season Squad Status,,a,,,,,2,AVL,registered,,not_role_eligible,,high,not_role_eligible,Role not draft-eligible,Official Club News; Pre-season Squad Status,
2026-27,Aston Villa,AVL,41,Buendía,MID,Regular Starter,0.75,0.1,0.15,80.0,20.0,False,medium,source_disagreement_or_single,True,Single-source or non-unanimous starter signal (FFS predicted XI).,FFS Team News; FPL Meerkat,,a,,,,,2,AVL,registered,,available,,high,eligible,Fit and available for selection,FFS Team News; FPL Meerkat,
2026-27,Crystal Palace,CRY,42,Guessand,MID,Cameo,0.1,0.35,0.55,60.0,15.0,False,low,multi_source_preseason_consensus,False,Attacking depth only; neither Scout XI nor Meerkat green for early GW starts.,scout_xi,,a,,,,,8,CRY,registered,,not_role_eligible,,high,not_role_eligible,Role not draft-eligible,scout_xi,
2026-27,Aston Villa,AVL,44,Bailey,MID,Cameo,0.1,0.35,0.55,60.0,15.0,False,low,multi_source_preseason_consensus,False,Not in Scout XI or Meerkat greens; wide rotation behind Buendía/Garnacho/McGinn.,scout_xi,,a,,,,,2,AVL,registered,,not_role_eligible,,high,not_role_eligible,Role not draft-eligible,scout_xi,
2026-27,Aston Villa,AVL,45,McGinn,MID,Regular Starter,0.75,0.1,0.15,80.0,20.0,False,medium,source_disagreement_or_single,True,Single-source or non-unanimous starter signal (FFS predicted XI).,FFS Team News; FPL Meerkat,,a,,,,,2,AVL,registered,,available,,high,eligible,Fit and available for selection,FFS Team News; FPL Meerkat,
2026-27,Aston Villa,AVL,46,Barkley,MID,Regular Starter,0.75,0.1,0.15,80.0,20.0,False,medium,source_disagreement_or_single,True,Single-source or non-unanimous starter signal (FFS predicted XI).,FFS Team News; FPL Meerkat,,a,,,,,2,AVL,registered,,available,,high,eligible,Fit and available for selection,FFS Team News; FPL Meerkat,
2026-27,Aston Villa,AVL,47,Kamara,MID,Nailed Starter,0.9,0.05,0.05,85.0,20.0,False,high,unanimous_dual_source,True,Unanimous: FFS predicted XI + Meerkat 🟢 nailed.,FFS Team News; FPL Meerkat,,a,100.0,,,2026-07-23T12:01:23.337269Z,2,AVL,registered,,watch,,high,watch,Knee injury recovery (75% chance of playing).,Official Club News; FFS Team News; FPL Meerkat,
2026-27,Aston Villa,AVL,48,Onana,MID,Out of Contention,0.0,0.05,0.95,45.0,10.0,False,low,multi_source_preseason_consensus,False,Long-term injury absence (Knee injury - Unknown return date).,Official Club News; Pre-season Squad Status,,i,0.0,,Knee injury - Unknown return date,2026-07-23T12:01:23.352497Z,2,AVL,registered,,exclude_gw1,,high,exclude_gw1,Knee injury - Unknown return date,Official Club News; Pre-season Squad Status,
2026-27,Aston Villa,AVL,49,Iling Jr,MID,Out of Contention,0.0,0.05,0.95,45.0,10.0,False,low,multi_source_preseason_consensus,False,Academy / developmental reserve not in first-team XI contention.,Official Club News; Pre-season Squad Status,,u,0.0,,Has joined Bolton Wanderers on loan for the rest of the season,,2,AVL,registered,,not_role_eligible,,high,exclude_gw1,API status=u; chance=0.0; Has joined Bolton Wanderers on loan for the rest of the season,Official Club News; Pre-season Squad Status,
2026-27,Aston Villa,AVL,50,Burrowes,MID,Cameo,0.1,0.35,0.55,60.0,15.0,False,low,multi_source_preseason_consensus,False,Fringe squad player with limited minutes.,Official Club News; Pre-season Squad Status,,a,,,,,2,AVL,registered,,not_role_eligible,,high,not_role_eligible,Role not draft-eligible,Official Club News; Pre-season Squad Status,
2026-27,Aston Villa,AVL,51,George Hemmings,MID,Cameo,0.1,0.35,0.55,60.0,15.0,False,low,multi_source_preseason_consensus,False,Fringe squad player with limited minutes.,Official Club News; Pre-season Squad Status,,a,,,,,2,AVL,registered,,not_role_eligible,,high,not_role_eligible,Role not draft-eligible,Official Club News; Pre-season Squad Status,
2026-27,Aston Villa,AVL,52,Alysson,MID,Cameo,0.1,0.35,0.55,60.0,15.0,False,low,multi_source_preseason_consensus,False,Fringe squad player with limited minutes.,Official Club News; Pre-season Squad Status,,a,,,,,2,AVL,registered,,not_role_eligible,,high,not_role_eligible,Role not draft-eligible,Official Club News; Pre-season Squad Status,
2026-27,Aston Villa,AVL,53,Manzambi,MID,Rotation,0.4,0.25,0.35,70.0,20.0,False,medium,multi_source_preseason_consensus,False,£50m signing; Meerkat says likely Rogers replace but Scout XI omits him for Barkley/Buendía/McGinn — conservative Rotation.,transfer_note|meerkat_nailed|scout_xi,,i,0.0,,Knee injury - Unknown return date,,2,AVL,registered,,not_role_eligible,,high,exclude_gw1,API status=i; chance=0.0; Knee injury - Unknown return date,transfer_note|meerkat_nailed|scout_xi,
2026-27,Aston Villa,AVL,54,Gomes,MID,Rotation,0.4,0.25,0.35,70.0,20.0,False,medium,source_disagreement_or_single,False,Previously draft-role but absent from current FFS XI and Meerkat nailed list.,FFS Team News; FPL Meerkat,,i,0.0,,Calf injury - Unknown return date,,2,AVL,registered,,available,,high,exclude_gw1,API status=i; chance=0.0; Calf injury - Unknown return date,FFS Team News; FPL Meerkat,
2026-27,Aston Villa,AVL,160,Garnacho,MID,Regular Starter,0.75,0.1,0.15,80.0,20.0,False,medium,source_disagreement_or_single,True,Single-source or non-unanimous starter signal (FFS predicted XI).,FFS Team News; FPL Meerkat,,a,,,,,2,AVL,registered,,not_role_eligible,,high,eligible,Role not draft-eligible,transfer_note|meerkat_nailed,
2026-27,Brighton,BHA,113,F.Kadıoğlu,DEF,Regular Starter,0.75,0.1,0.15,80.0,20.0,False,medium,source_disagreement_or_single,True,Single-source or non-unanimous starter signal (Meerkat 🟢 / predicted).,FFS Team News; FPL Meerkat,,a,,,,,5,BHA,registered,,available,,high,eligible,Fit and available for selection,FFS Team News; FPL Meerkat,
2026-27,Brighton,BHA,114,Boscagli,DEF,Regular Starter,0.75,0.1,0.15,80.0,20.0,False,medium,source_disagreement_or_single,True,Single-source or non-unanimous starter signal (FFS predicted XI).,FFS Team News; FPL Meerkat,,a,,,,,5,BHA,registered,,not_role_eligible,,high,eligible,Role not draft-eligible,Official Club News; Pre-season Squad Status,
2026-27,Brighton,BHA,115,De Cuyper,DEF,Regular Starter,0.75,0.1,0.15,80.0,20.0,False,medium,source_disagreement_or_single,True,Single-source or non-unanimous starter signal (FFS predicted XI).,FFS Team News; FPL Meerkat,,a,,,,,5,BHA,registered,,not_role_eligible,,high,eligible,Role not draft-eligible,FFS Team News; FPL Meerkat,
2026-27,Brighton,BHA,116,Dunk,DEF,Regular Starter,0.75,0.1,0.15,80.0,20.0,False,medium,source_disagreement_or_single,True,Single-source or non-unanimous starter signal (Meerkat 🟢 / predicted).,FFS Team News; FPL Meerkat,,a,,,,,5,BHA,registered,,available,,high,eligible,Fit and available for selection,FFS Team News; FPL Meerkat,
2026-27,Brighton,BHA,117,Coppola,DEF,Cameo,0.1,0.35,0.55,60.0,15.0,False,low,multi_source_preseason_consensus,False,Fringe squad player with limited minutes.,Official Club News; Pre-season Squad Status,,a,,,,,5,BHA,registered,,not_role_eligible,,high,not_role_eligible,Role not draft-eligible,Official Club News; Pre-season Squad Status,
2026-27,Brighton,BHA,118,Igor,DEF,Cameo,0.1,0.35,0.55,60.0,15.0,False,low,multi_source_preseason_consensus,False,Fringe squad player with limited minutes.,Official Club News; Pre-season Squad Status,,a,,,,,5,BHA,registered,,not_role_eligible,,high,not_role_eligible,Role not draft-eligible,Official Club News; Pre-season Squad Status,
2026-27,Brighton,BHA,119,Costinha,DEF,Out of Contention,0.0,0.05,0.95,45.0,10.0,False,low,multi_source_preseason_consensus,False,Academy / developmental reserve not in first-team XI contention.,Official Club News; Pre-season Squad Status,,a,,,,,5,BHA,registered,,not_role_eligible,,high,not_role_eligible,Role not draft-eligible,Official Club News; Pre-season Squad Status,
2026-27,Brighton,BHA,120,Svoboda,DEF,Out of Contention,0.0,0.05,0.95,45.0,10.0,False,low,multi_source_preseason_consensus,False,Academy / developmental reserve not in first-team XI contention.,Official Club News; Pre-season Squad Status,,a,,,,,5,BHA,registered,,not_role_eligible,,high,not_role_eligible,Role not draft-eligible,Official Club News; Pre-season Squad Status,
2026-27,Brighton,BHA,130,Wieffer,DEF,Nailed Starter,0.9,0.05,0.05,85.0,20.0,False,high,unanimous_dual_source,True,Unanimous: FFS predicted XI + Meerkat 🟢 nailed.,FFS Team News; FPL Meerkat,,a,,,,,5,BHA,registered,,available,,high,eligible,Fit and available for selection,FFS Team News; FPL Meerkat,
2026-27,Brighton,BHA,328,Struijk,DEF,Cameo,0.1,0.35,0.55,60.0,15.0,False,low,multi_source_preseason_consensus,False,Confirmed £20m signing from Leeds; Meerkat explicitly benches Struijk behind Dunk/Vuskovic.,transfer_note|meerkat_nailed,,d,75.0,,Knock - 75% chance of playing,,5,BHA,registered,,not_role_eligible,,high,not_role_eligible,Role not draft-eligible,transfer_note|meerkat_nailed,
2026-27,Brighton,BHA,504,Vuskovic,DEF,Nailed Starter,0.9,0.05,0.05,85.0,20.0,False,high,unanimous_dual_source,True,Unanimous: FFS predicted XI + Meerkat 🟢 nailed.,FFS Team News; FPL Meerkat,,a,,,,,5,BHA,registered,,available,,high,eligible,Fit and available for selection,FFS Team News; FPL Meerkat,
2026-27,Brighton,BHA,125,Georginio,FWD,Regular Starter,0.75,0.1,0.15,80.0,20.0,False,medium,source_disagreement_or_single,True,Single-source or non-unanimous starter signal (FFS predicted XI).,FFS Team News; FPL Meerkat,,a,,,,,5,BHA,registered,,available,,high,eligible,Fit and available for selection,FFS Team News; FPL Meerkat,
2026-27,Chelsea,CHE,136,Welbeck,FWD,Rotation,0.4,0.25,0.35,70.0,20.0,False,medium,source_disagreement_or_single,False,Confirmed £5m transfer to Chelsea as forward depth.,FFS transfers; FFS Team News,,a,,,,,6,CHE,registered,,not_role_eligible,,high,not_role_eligible,Role not draft-eligible,FFS transfers; FFS Team News,
2026-27,Brighton,BHA,137,Tzimas,FWD,Rotation,0.4,0.25,0.35,70.0,20.0,False,medium,multi_source_preseason_consensus,False,Young striker providing depth behind Georginio Rutter.,Official Club News; FFS Team News; FPL Meerkat,,d,75.0,,Knee injury - 75% chance of playing,2026-07-23T12:01:23.432796Z,5,BHA,registered,,not_role_eligible,,high,not_role_eligible,Knee injury doubt (75% chance) / bench rotation.,Official Club News; FFS Team News; FPL Meerkat,
2026-27,Brighton,BHA,138,Kostoulas,FWD,Cameo,0.1,0.35,0.55,60.0,15.0,False,low,multi_source_preseason_consensus,False,Fringe squad player with limited minutes.,Official Club News; Pre-season Squad Status,,a,,,,,5,BHA,registered,,not_role_eligible,,high,not_role_eligible,Role not draft-eligible,Official Club News; Pre-season Squad Status,
2026-27,Brighton,BHA,139,Ferguson,FWD,Out of Contention,0.0,0.05,0.95,45.0,10.0,False,low,multi_source_preseason_consensus,False,Long-term ankle injury keeps him out of opening gameweeks.,Official Club News; Premier League Injury Updates,,i,0.0,,Ankle injury - Expected back 10 Oct,2026-07-23T12:01:23.448357Z,5,BHA,registered,,exclude_gw1-5,,high,exclude_gw1-5,Ankle injury - Expected back 10 Oct.,Official Club News; Premier League Injury Updates,
2026-27,Brighton,BHA,109,Verbruggen,GKP,Nailed Starter,0.9,0.05,0.05,85.0,20.0,False,high,unanimous_dual_source,True,Unanimous: FFS predicted XI + Meerkat 🟢 nailed.,FFS Team News; FPL Meerkat,,a,,,,,5,BHA,registered,,available,,high,eligible,Fit and available for selection,FFS Team News; FPL Meerkat,
2026-27,Coventry City,COV,110,Rushworth,GKP,Regular Starter,0.75,0.1,0.15,80.0,20.0,False,medium,source_disagreement_or_single,True,Single-source or non-unanimous starter signal (FFS predicted XI).,FFS Team News; FPL Meerkat,,a,,,,,7,COV,registered,,available,,high,eligible,Fit and available for selection,FFS Team News; FPL Meerkat,
2026-27,Brighton,BHA,111,Steele,GKP,Out of Contention,0.0,0.05,0.95,45.0,10.0,False,low,multi_source_preseason_consensus,False,Reserve/third-choice goalkeeper.,Official Club News; Pre-season Squad Status,,a,,,,,5,BHA,registered,,not_role_eligible,,high,not_role_eligible,Not in starting contention.,Official Club News; Pre-season Squad Status,
2026-27,Brighton,BHA,121,Mitoma,MID,Rotation,0.4,0.25,0.35,70.0,20.0,False,medium,multi_source_preseason_consensus,False,First-team winger sidelined by hamstring injury for GW1.,Official Club News; FFS Team News; FPL Meerkat,,i,0.0,,Hamstring injury - Unknown return date,2026-07-24T18:30:10.661894Z,5,BHA,registered,,exclude_gw1,,high,exclude_gw1,Hamstring injury - Unknown return date.,Official Club News; FFS Team News; FPL Meerkat,
2026-27,Brighton,BHA,122,Minteh,MID,Rotation,0.4,0.25,0.35,70.0,20.0,False,medium,source_disagreement_or_single,False,Previously draft-role but absent from current FFS XI and Meerkat nailed list.,FFS Team News; FPL Meerkat,,i,0.0,,Leg injury - Expected back 28 Nov,,5,BHA,registered,,available,,high,exclude_gw1,API status=i; chance=0.0; Leg injury - Expected back 28 Nov,FFS Team News; FPL Meerkat,
2026-27,Brighton,BHA,123,Hinshelwood,MID,Regular Starter,0.75,0.1,0.15,80.0,20.0,False,medium,source_disagreement_or_single,True,Single-source or non-unanimous starter signal (FFS predicted XI).,FFS Team News; FPL Meerkat,,a,,,,,5,BHA,registered,,available,,high,eligible,Fit and available for selection,FFS Team News; FPL Meerkat,
2026-27,Brighton,BHA,124,Groß,MID,Nailed Starter,0.9,0.05,0.05,85.0,20.0,False,high,unanimous_dual_source,True,Unanimous: FFS predicted XI + Meerkat 🟢 nailed.,FFS Team News; FPL Meerkat,,a,,,,,5,BHA,registered,,available,,high,eligible,Fit and available for selection,FFS Team News; FPL Meerkat,
2026-27,Brighton,BHA,126,O'Riley,MID,Cameo,0.1,0.35,0.55,60.0,15.0,False,low,multi_source_preseason_consensus,False,Fringe squad player with limited minutes.,Official Club News; Pre-season Squad Status,,a,,,,,5,BHA,registered,,not_role_eligible,,high,not_role_eligible,Role not draft-eligible,Official Club News; Pre-season Squad Status,
2026-27,Brighton,BHA,127,Gomez,MID,Regular Starter,0.75,0.1,0.15,80.0,20.0,False,medium,source_disagreement_or_single,True,Single-source or non-unanimous starter signal (FFS predicted XI).,FFS Team News; FPL Meerkat,,a,,,,,5,BHA,registered,,available,,high,eligible,Fit and available for selection,FFS Team News; FPL Meerkat,
2026-27,Brighton,BHA,128,Buonanotte,MID,Cameo,0.1,0.35,0.55,60.0,15.0,False,low,multi_source_preseason_consensus,False,Fringe squad player with limited minutes.,Official Club News; Pre-season Squad Status,,u,0.0,,Has joined Elche on loan for the rest of the season,,5,BHA,registered,,not_role_eligible,,high,exclude_gw1,API status=u; chance=0.0; Has joined Elche on loan for the rest of the season,Official Club News; Pre-season Squad Status,
2026-27,Brighton,BHA,129,Ayari,MID,Regular Starter,0.75,0.1,0.15,80.0,20.0,False,medium,source_disagreement_or_single,True,Single-source or non-unanimous starter signal (FFS predicted XI).,FFS Team News; FPL Meerkat,,a,,,,,5,BHA,registered,,available,,high,eligible,Fit and available for selection,FFS Team News; FPL Meerkat,
2026-27,Brighton,BHA,131,Baleba,MID,Rotation,0.4,0.25,0.35,70.0,20.0,False,medium,multi_source_preseason_consensus,False,Previously draft-role but absent from current FFS XI and Meerkat nailed list.,FFS Team News; FPL Meerkat,,i,0.0,,Ankle injury - Expected back 23 Aug,,5,BHA,registered,,not_role_eligible,,high,exclude_gw1,API status=i; chance=0.0; Ankle injury - Expected back 23 Aug,FFS Team News; FPL Meerkat,
2026-27,Brighton,BHA,132,Howell,MID,Cameo,0.1,0.35,0.55,60.0,15.0,False,low,multi_source_preseason_consensus,False,Fringe squad player with limited minutes.,Official Club News; Pre-season Squad Status,,u,0.0,,Has joined Leicester City on loan for the rest of the season,,5,BHA,registered,,not_role_eligible,,high,exclude_gw1,API status=u; chance=0.0; Has joined Leicester City on loan for the rest of the season,Official Club News; Pre-season Squad Status,
2026-27,Brighton,BHA,133,Watson,MID,Cameo,0.1,0.35,0.55,60.0,15.0,False,low,multi_source_preseason_consensus,False,Fringe squad player with limited minutes.,Official Club News; Pre-season Squad Status,,u,0.0,,Has joined Leicester City on loan for the rest of the season,,5,BHA,registered,,not_role_eligible,,high,exclude_gw1,API status=u; chance=0.0; Has joined Leicester City on loan for the rest of the season,Official Club News; Pre-season Squad Status,
2026-27,Brighton,BHA,134,Oriola,MID,Cameo,0.1,0.35,0.55,60.0,15.0,False,low,multi_source_preseason_consensus,False,Fringe squad player with limited minutes.,Official Club News; Pre-season Squad Status,,a,,,,,5,BHA,registered,,not_role_eligible,,high,not_role_eligible,Role not draft-eligible,Official Club News; Pre-season Squad Status,
2026-27,Brighton,BHA,135,Yohanna,MID,Out of Contention,0.0,0.05,0.95,45.0,10.0,False,low,multi_source_preseason_consensus,False,Academy / developmental reserve not in first-team XI contention.,Official Club News; Pre-season Squad Status,,a,,,,,5,BHA,registered,,not_role_eligible,,high,not_role_eligible,Role not draft-eligible,Official Club News; Pre-season Squad Status,
2026-27,Bournemouth,BOU,60,Hill,DEF,Nailed Starter,0.9,0.05,0.05,85.0,20.0,False,high,unanimous_dual_source,True,Unanimous: FFS predicted XI + Meerkat 🟢 nailed.,FFS Team News; FPL Meerkat,,a,,,,,3,BOU,registered,,available,,high,eligible,Fit and available for selection,FFS Team News; FPL Meerkat,
2026-27,Bournemouth,BOU,61,Truffert,DEF,Nailed Starter,0.9,0.05,0.05,85.0,20.0,False,high,unanimous_dual_source,True,Unanimous: FFS predicted XI + Meerkat 🟢 nailed.,FFS Team News; FPL Meerkat,,a,,,,,3,BOU,registered,,available,,high,eligible,Fit and available for selection,FFS Team News; FPL Meerkat,
2026-27,Bournemouth,BOU,62,Diakité,DEF,Rotation,0.4,0.25,0.35,70.0,20.0,False,medium,multi_source_preseason_consensus,False,Previously draft-role but absent from current FFS XI and Meerkat nailed list.,FFS Team News; FPL Meerkat,,a,,,,,3,BOU,registered,,not_role_eligible,,high,not_role_eligible,Role not draft-eligible,FFS Team News; FPL Meerkat,
2026-27,Bournemouth,BOU,63,Milosavljević,DEF,Cameo,0.1,0.35,0.55,60.0,15.0,False,low,multi_source_preseason_consensus,False,CB depth after Senesi exit; Scout prefers Hill/Diakité pairing for early XI.,scout_xi|transfer_note,,i,0.0,,Unspecified injury - Unknown return date,,3,BOU,registered,,not_role_eligible,,high,exclude_gw1,API status=i; chance=0.0; Unspecified injury - Unknown return date,scout_xi|transfer_note,
2026-27,Bournemouth,BOU,64,Smith,DEF,Regular Starter,0.75,0.1,0.15,80.0,20.0,False,medium,source_disagreement_or_single,True,Single-source or non-unanimous starter signal (FFS predicted XI).,FFS Team News; FPL Meerkat,,a,,,,,3,BOU,registered,,available,,high,eligible,Fit and available for selection,FFS Team News; FPL Meerkat,
2026-27,Bournemouth,BOU,65,J.Araujo,DEF,Out of Contention,0.0,0.05,0.95,45.0,10.0,False,low,multi_source_preseason_consensus,False,Academy / developmental reserve not in first-team XI contention.,Official Club News; Pre-season Squad Status,,i,0.0,,Thigh injury - Unknown return date,,3,BOU,registered,,not_role_eligible,,high,exclude_gw1,API status=i; chance=0.0; Thigh injury - Unknown return date,Official Club News; Pre-season Squad Status,
2026-27,Bournemouth,BOU,66,Soler,DEF,Cameo,0.1,0.35,0.55,60.0,15.0,False,low,multi_source_preseason_consensus,False,Fringe squad player with limited minutes.,Official Club News; Pre-season Squad Status,,d,75.0,,Hamstring injury - 75% chance of playing,,3,BOU,registered,,not_role_eligible,,high,not_role_eligible,Role not draft-eligible,Official Club News; Pre-season Squad Status,
2026-27,Bournemouth,BOU,79,Evanilson,FWD,Regular Starter,0.75,0.1,0.15,80.0,20.0,False,medium,source_disagreement_or_single,True,Single-source or non-unanimous starter signal (FFS predicted XI).,FFS Team News; FPL Meerkat,,a,,,,,3,BOU,registered,,available,,high,eligible,Fit and available for selection,FFS Team News; FPL Meerkat,
2026-27,Bournemouth,BOU,80,Enes Ünal,FWD,Cameo,0.1,0.35,0.55,60.0,15.0,False,low,multi_source_preseason_consensus,False,Fringe squad player with limited minutes.,Official Club News; Pre-season Squad Status,,u,0.0,,Has joined Getafe permanently,,3,BOU,registered,,not_role_eligible,,high,exclude_gw1,API status=u; chance=0.0; Has joined Getafe permanently,Official Club News; Pre-season Squad Status,
2026-27,Bournemouth,BOU,81,Rodríguez,FWD,Rotation,0.4,0.25,0.35,70.0,20.0,False,medium,multi_source_preseason_consensus,False,Confirmed £25.7m striker; Meerkat frames as competing with Evanilson for the No.9 shirt.,transfer_note|meerkat_nailed,,d,75.0,,Unspecified injury - 75% chance of playing,,3,BOU,registered,,not_role_eligible,,high,not_role_eligible,Role not draft-eligible,transfer_note|meerkat_nailed,
2026-27,Bournemouth,BOU,57,Petrović,GKP,Nailed Starter,0.9,0.05,0.05,85.0,20.0,False,high,unanimous_dual_source,True,Unanimous: FFS predicted XI + Meerkat 🟢 nailed.,FFS Team News; FPL Meerkat,,a,,,,,3,BOU,registered,,available,,high,eligible,Fit and available for selection,FFS Team News; FPL Meerkat,
2026-27,Bournemouth,BOU,58,Forster,GKP,Out of Contention,0.0,0.05,0.95,45.0,10.0,False,low,multi_source_preseason_consensus,False,Reserve/third-choice goalkeeper.,Official Club News; Pre-season Squad Status,,a,,,,,3,BOU,registered,,not_role_eligible,,high,not_role_eligible,Not in starting contention.,Official Club News; Pre-season Squad Status,
2026-27,Bournemouth,BOU,59,Dennis,GKP,Out of Contention,0.0,0.05,0.95,45.0,10.0,False,low,multi_source_preseason_consensus,False,Reserve/third-choice goalkeeper.,Official Club News; Pre-season Squad Status,,a,,,,,3,BOU,registered,,not_role_eligible,,high,not_role_eligible,Not in starting contention.,Official Club News; Pre-season Squad Status,
2026-27,Bournemouth,BOU,67,Rayan,MID,Nailed Starter,0.9,0.05,0.05,85.0,20.0,False,high,unanimous_dual_source,True,Unanimous: FFS predicted XI + Meerkat 🟢 nailed.,FFS Team News; FPL Meerkat,,a,,,,,3,BOU,registered,,available,,high,eligible,Fit and available for selection,FFS Team News; FPL Meerkat,
2026-27,Bournemouth,BOU,68,Tavernier,MID,Nailed Starter,0.9,0.05,0.05,85.0,20.0,False,high,unanimous_dual_source,True,Unanimous: FFS predicted XI + Meerkat 🟢 nailed.,FFS Team News; FPL Meerkat,,a,,,,,3,BOU,registered,,available,,high,eligible,Fit and available for selection,FFS Team News; FPL Meerkat,
2026-27,Bournemouth,BOU,69,Scott,MID,Nailed Starter,0.9,0.05,0.05,85.0,20.0,False,high,unanimous_dual_source,True,Unanimous: FFS predicted XI + Meerkat 🟢 nailed.,FFS Team News; FPL Meerkat,,a,,,,,3,BOU,registered,,available,,high,eligible,Fit and available for selection,FFS Team News; FPL Meerkat,
2026-27,Bournemouth,BOU,70,Kluivert,MID,Regular Starter,0.75,0.1,0.15,80.0,20.0,False,medium,source_disagreement_or_single,True,Single-source or non-unanimous starter signal (FFS predicted XI).,FFS Team News; FPL Meerkat,,a,,,,,3,BOU,registered,,available,,high,eligible,Fit and available for selection,FFS Team News; FPL Meerkat,
2026-27,Bournemouth,BOU,71,Cook,MID,Regular Starter,0.75,0.1,0.15,80.0,20.0,False,medium,source_disagreement_or_single,True,Single-source or non-unanimous starter signal (FFS predicted XI).,FFS Team News; FPL Meerkat,,a,,,,,3,BOU,registered,,not_role_eligible,,high,eligible,Role not draft-eligible,scout_xi,
2026-27,Bournemouth,BOU,72,Gannon-Doak,MID,Cameo,0.1,0.35,0.55,60.0,15.0,False,low,multi_source_preseason_consensus,False,Fringe squad player with limited minutes.,Official Club News; Pre-season Squad Status,,a,,,,,3,BOU,registered,,not_role_eligible,,high,not_role_eligible,Role not draft-eligible,Official Club News; Pre-season Squad Status,
2026-27,Bournemouth,BOU,73,Adams,MID,Regular Starter,0.75,0.1,0.15,80.0,20.0,False,medium,source_disagreement_or_single,True,Single-source or non-unanimous starter signal (Meerkat 🟢 / predicted).,FFS Team News; FPL Meerkat,,d,75.0,,Unspecified injury - 75% chance of playing,,3,BOU,registered,,available,,high,eligible,Fit and available for selection,FFS Team News; FPL Meerkat,
2026-27,Bournemouth,BOU,74,Brooks,MID,Cameo,0.1,0.35,0.55,60.0,15.0,False,low,multi_source_preseason_consensus,False,Squad rotation/bench option outside primary XI contention.,Official Club News; Pre-season Squad Status,,d,75.0,,Unspecified injury - 75% chance of playing,,3,BOU,registered,,not_role_eligible,,high,not_role_eligible,Role not draft-eligible,Official Club News; Pre-season Squad Status,
2026-27,Bournemouth,BOU,75,Christie,MID,Rotation,0.4,0.25,0.35,70.0,20.0,False,medium,multi_source_preseason_consensus,False,Central midfield rotation; suspended for GW1 opening match.,Official Club News; FFS Team News; FPL Meerkat,,s,0.0,,Suspended until 29 Aug,2026-07-24T17:30:10.035483Z,3,BOU,registered,,exclude_gw1,,high,exclude_gw1,Suspended until 29 Aug.,Official Club News; FFS Team News; FPL Meerkat,
2026-27,Bournemouth,BOU,76,Tóth.A,MID,Cameo,0.1,0.35,0.55,60.0,15.0,False,low,multi_source_preseason_consensus,False,Fringe squad player with limited minutes.,Official Club News; Pre-season Squad Status,,a,,,,,3,BOU,registered,,not_role_eligible,,high,not_role_eligible,Role not draft-eligible,Official Club News; Pre-season Squad Status,
2026-27,Bournemouth,BOU,77,Adli,MID,Cameo,0.1,0.35,0.55,60.0,15.0,False,low,multi_source_preseason_consensus,False,Squad rotation/bench option outside primary XI contention.,Official Club News; Pre-season Squad Status,,i,0.0,,Unspecified injury - Unknown return date,,3,BOU,registered,,not_role_eligible,,high,exclude_gw1,API status=i; chance=0.0; Unspecified injury - Unknown return date,Official Club News; Pre-season Squad Status,
2026-27,Bournemouth,BOU,78,Kroupi.Jr,MID,Regular Starter,0.75,0.1,0.15,80.0,20.0,False,medium,source_disagreement_or_single,True,Single-source or non-unanimous starter signal (Meerkat 🟢 / predicted).,FFS Team News; FPL Meerkat,,i,0.0,,Foot injury - Unknown return date,2026-07-29T17:30:09.796802Z,3,BOU,registered,,exclude_gw1-5,,high,exclude_gw1-5,Foot injury - Unknown return date.,Official Club News; FFS Team News; FPL Meerkat,
2026-27,Brentford,BRE,84,Collins,DEF,Nailed Starter,0.9,0.05,0.05,85.0,20.0,False,high,unanimous_dual_source,True,Unanimous: FFS predicted XI + Meerkat 🟢 nailed.,FFS Team News; FPL Meerkat,,a,,,,,4,BRE,registered,,available,,high,eligible,Fit and available for selection,FFS Team News; FPL Meerkat,
2026-27,Brentford,BRE,85,Van den Berg,DEF,Rotation,0.4,0.25,0.35,70.0,20.0,False,medium,multi_source_preseason_consensus,False,Previously draft-role but absent from current FFS XI and Meerkat nailed list.,FFS Team News; FPL Meerkat,,i,0.0,,Unspecified injury - Unknown return date,,4,BRE,registered,,not_role_eligible,,high,exclude_gw1,API status=i; chance=0.0; Unspecified injury - Unknown return date,FFS Team News; FPL Meerkat,
2026-27,Brentford,BRE,87,Ajer,DEF,Regular Starter,0.75,0.1,0.15,80.0,20.0,False,medium,source_disagreement_or_single,True,Single-source or non-unanimous starter signal (FFS predicted XI).,FFS Team News; FPL Meerkat,,a,,,,,4,BRE,registered,,available,,high,eligible,Fit and available for selection,FFS Team News; FPL Meerkat,
2026-27,Brentford,BRE,88,Kayode,DEF,Nailed Starter,0.9,0.05,0.05,85.0,20.0,False,high,unanimous_dual_source,True,Unanimous: FFS predicted XI + Meerkat 🟢 nailed.,FFS Team News; FPL Meerkat,,a,,,,,4,BRE,registered,,available,,high,eligible,Fit and available for selection,FFS Team News; FPL Meerkat,
2026-27,Brentford,BRE,89,Henry,DEF,Cameo,0.1,0.35,0.55,60.0,15.0,False,low,multi_source_preseason_consensus,False,Squad rotation/bench option outside primary XI contention.,Official Club News; Pre-season Squad Status,,a,,,,,4,BRE,registered,,not_role_eligible,,high,not_role_eligible,Role not draft-eligible,Official Club News; Pre-season Squad Status,
2026-27,Brentford,BRE,90,Hickey,DEF,Cameo,0.1,0.35,0.55,60.0,15.0,False,low,multi_source_preseason_consensus,False,Fringe squad player with limited minutes.,Official Club News; Pre-season Squad Status,,a,,,,,4,BRE,registered,,not_role_eligible,,high,not_role_eligible,Role not draft-eligible,Official Club News; Pre-season Squad Status,
2026-27,Brentford,BRE,91,Pinnock,DEF,Cameo,0.1,0.35,0.55,60.0,15.0,False,low,multi_source_preseason_consensus,False,Fringe squad player with limited minutes.,Official Club News; Pre-season Squad Status,,a,,,,,4,BRE,registered,,not_role_eligible,,high,not_role_eligible,Role not draft-eligible,Official Club News; Pre-season Squad Status,
2026-27,Brentford,BRE,92,Ji-soo,DEF,Out of Contention,0.0,0.05,0.95,45.0,10.0,False,low,multi_source_preseason_consensus,False,Academy / developmental reserve not in first-team XI contention.,Official Club News; Pre-season Squad Status,,a,,,,,4,BRE,registered,,not_role_eligible,,high,not_role_eligible,Role not draft-eligible,Official Club News; Pre-season Squad Status,
2026-27,Brentford,BRE,93,Schuster,DEF,Cameo,0.1,0.35,0.55,60.0,15.0,False,low,multi_source_preseason_consensus,False,"Confirmed May signing; Meerkat lists Schuster as defensive backup, not XI contention starter.",transfer_note|meerkat_nailed,,a,,,,,4,BRE,registered,,not_role_eligible,,high,not_role_eligible,Role not draft-eligible,transfer_note|meerkat_nailed,
2026-27,Brentford,BRE,106,Thiago,FWD,Nailed Starter,0.9,0.05,0.05,85.0,20.0,False,high,unanimous_dual_source,True,Unanimous: FFS predicted XI + Meerkat 🟢 nailed.,FFS Team News; FPL Meerkat,,a,,,,,4,BRE,registered,,available,,high,eligible,Fit and available for selection,FFS Team News; FPL Meerkat,
2026-27,Brentford,BRE,107,Furo,FWD,Cameo,0.1,0.35,0.55,60.0,15.0,False,low,multi_source_preseason_consensus,False,Fringe squad player with limited minutes.,Official Club News; Pre-season Squad Status,,a,,,,,4,BRE,registered,,not_role_eligible,,high,not_role_eligible,Role not draft-eligible,Official Club News; Pre-season Squad Status,
2026-27,Brentford,BRE,108,Wilson,FWD,Cameo,0.1,0.35,0.55,60.0,15.0,False,low,multi_source_preseason_consensus,False,Free signing Callum Wilson; backup to nailed Thiago rather than early draft starter.,transfer_note|scout_xi,,a,,,,,4,BRE,registered,,not_role_eligible,,high,not_role_eligible,Role not draft-eligible,transfer_note|scout_xi,
2026-27,Brentford,BRE,82,Kelleher,GKP,Nailed Starter,0.9,0.05,0.05,85.0,20.0,False,high,unanimous_dual_source,True,Unanimous: FFS predicted XI + Meerkat 🟢 nailed.,FFS Team News; FPL Meerkat,,a,,,,,4,BRE,registered,,available,,high,eligible,Fit and available for selection,FFS Team News; FPL Meerkat,
2026-27,Brentford,BRE,83,Valdimarsson,GKP,Out of Contention,0.0,0.05,0.95,45.0,10.0,False,low,multi_source_preseason_consensus,False,Reserve/third-choice goalkeeper.,Official Club News; Pre-season Squad Status,,a,,,,,4,BRE,registered,,not_role_eligible,,high,not_role_eligible,Not in starting contention.,Official Club News; Pre-season Squad Status,
2026-27,Brentford,BRE,86,Lewis-Potter,MID,Regular Starter,0.75,0.1,0.15,80.0,20.0,False,medium,source_disagreement_or_single,True,Single-source or non-unanimous starter signal (FFS predicted XI).,FFS Team News; FPL Meerkat,,a,,,,,4,BRE,registered,,available,,high,eligible,Fit and available for selection,FFS Team News; FPL Meerkat,
2026-27,Brentford,BRE,94,Schade,MID,Nailed Starter,0.9,0.05,0.05,85.0,20.0,False,high,unanimous_dual_source,True,Unanimous: FFS predicted XI + Meerkat 🟢 nailed.,FFS Team News; FPL Meerkat,,a,,,,,4,BRE,registered,,available,,high,eligible,Fit and available for selection,FFS Team News; FPL Meerkat,
2026-27,Brentford,BRE,95,O.Dango,MID,Nailed Starter,0.9,0.05,0.05,85.0,20.0,False,high,unanimous_dual_source,True,Unanimous: FFS predicted XI + Meerkat 🟢 nailed.,FFS Team News; FPL Meerkat,,a,,,,,4,BRE,registered,,available,,high,eligible,Fit and available for selection,FFS Team News; FPL Meerkat,
2026-27,Brentford,BRE,96,Damsgaard,MID,Cameo,0.1,0.35,0.55,60.0,15.0,False,low,multi_source_preseason_consensus,False,Creative depth outside Scout XI; competes with Jensen for advanced mid minutes.,scout_xi,,a,,,,,4,BRE,registered,,not_role_eligible,,high,not_role_eligible,Role not draft-eligible,scout_xi,
2026-27,Brentford,BRE,97,Jensen,MID,Regular Starter,0.75,0.1,0.15,80.0,20.0,False,medium,source_disagreement_or_single,True,Single-source or non-unanimous starter signal (FFS predicted XI).,FFS Team News; FPL Meerkat,,a,,,,,4,BRE,registered,,available,,high,eligible,Fit and available for selection,FFS Team News; FPL Meerkat,
2026-27,Brentford,BRE,98,Janelt,MID,Regular Starter,0.75,0.1,0.15,80.0,20.0,False,medium,source_disagreement_or_single,True,Single-source or non-unanimous starter signal (FFS predicted XI).,FFS Team News; FPL Meerkat,,a,,,,,4,BRE,registered,,available,,high,eligible,Fit and available for selection,FFS Team News; FPL Meerkat,
2026-27,Brentford,BRE,99,Milambo,MID,Rotation,0.4,0.25,0.35,70.0,20.0,False,medium,multi_source_preseason_consensus,False,Young midfield signing providing depth behind Janelt and Jensen.,Official Club News; FFS Team News; FPL Meerkat,,d,75.0,,Knee injury - 75% chance of playing,2026-07-23T12:01:23.384798Z,4,BRE,registered,,not_role_eligible,,high,not_role_eligible,Knee injury doubt (75% chance) / bench rotation.,Official Club News; FFS Team News; FPL Meerkat,
2026-27,Brentford,BRE,100,Carvalho,MID,Rotation,0.4,0.25,0.35,70.0,20.0,False,medium,multi_source_preseason_consensus,False,Attacking midfield rotation recovering from knee issue.,Official Club News; FFS Team News; FPL Meerkat,,a,100.0,,,2026-07-23T12:01:23.400917Z,4,BRE,registered,,exclude_gw1,,high,exclude_gw1,Knee injury - Unknown return date.,Official Club News; FFS Team News; FPL Meerkat,
2026-27,Chelsea,CHE,101,Henderson,MID,Out of Contention,0.0,0.05,0.95,45.0,10.0,False,low,multi_source_preseason_consensus,False,Left Brentford as a free agent.,Official Club News; Premier League Transfer Register,,d,75.0,,Wrist injury - 75% chance of playing,2026-07-23T12:01:23.416721Z,6,CHE,registered,,not_role_eligible,,high,not_role_eligible,Departed the club as a free agent.,Official Club News; Premier League Transfer Register,
2026-27,Brentford,BRE,102,Yarmoliuk,MID,Rotation,0.4,0.25,0.35,70.0,20.0,False,medium,multi_source_preseason_consensus,False,Previously draft-role but absent from current FFS XI and Meerkat nailed list.,FFS Team News; FPL Meerkat,,a,,,,,4,BRE,registered,,not_role_eligible,,high,not_role_eligible,Role not draft-eligible,FFS Team News; FPL Meerkat,
2026-27,Brentford,BRE,103,Dasilva,MID,Cameo,0.1,0.35,0.55,60.0,15.0,False,low,multi_source_preseason_consensus,False,Fringe squad player with limited minutes.,Official Club News; Pre-season Squad Status,,a,,,,,4,BRE,registered,,not_role_eligible,,high,not_role_eligible,Role not draft-eligible,Official Club News; Pre-season Squad Status,
2026-27,Brentford,BRE,105,Anthony,MID,Cameo,0.1,0.35,0.55,60.0,15.0,False,low,multi_source_preseason_consensus,False,Confirmed £15m signing; Meerkat explicitly lists Anthony as backup to Schade/Dango band.,transfer_note|meerkat_nailed,,a,,,,,4,BRE,registered,,not_role_eligible,,high,not_role_eligible,Role not draft-eligible,transfer_note|meerkat_nailed,
2026-27,Chelsea,CHE,142,James,DEF,Nailed Starter,0.9,0.05,0.05,85.0,20.0,False,high,unanimous_dual_source,True,Unanimous: FFS predicted XI + Meerkat 🟢 nailed.,FFS Team News; FPL Meerkat,,a,,,,,6,CHE,registered,,available,,high,eligible,First-choice captain and RB.,FFS Team News; FPL Meerkat,
2026-27,Chelsea,CHE,143,Chalobah,DEF,Rotation,0.4,0.25,0.35,70.0,20.0,False,medium,multi_source_preseason_consensus,False,Senior squad rotation player for CHE.,Preseason squad review,,u,0.0,,Has joined Como permanently,,6,CHE,registered,,not_role_eligible,,high,exclude_gw1,API status=u; chance=0.0; Has joined Como permanently,Preseason squad review,
2026-27,Chelsea,CHE,144,Gusto,DEF,Rotation,0.4,0.25,0.35,70.0,20.0,False,medium,multi_source_preseason_consensus,False,Established squad player for CHE; role Rotation.,Preseason squad review; historical role,,a,,,,,6,CHE,registered,,not_role_eligible,,high,not_role_eligible,Established squad player for CHE; role Rotation.,Preseason squad review; historical role,
2026-27,Chelsea,CHE,145,Fofana,DEF,Out of Contention,0.0,0.05,0.95,45.0,10.0,False,low,multi_source_preseason_consensus,False,Injured/suspended: Suspended until 6 Sep,Official club injury update,,s,0.0,,Suspended until 6 Sep,2026-07-23T12:01:23.464591Z,6,CHE,registered,,not_role_eligible,,high,exclude_gw1,API status=s; chance=0.0; Suspended until 6 Sep,Official club injury update,
2026-27,Chelsea,CHE,146,B.Badiashile,DEF,Cameo,0.1,0.35,0.55,60.0,15.0,False,low,multi_source_preseason_consensus,False,Depth / cameo bench player for CHE.,Preseason squad review,,a,,,,,6,CHE,registered,,not_role_eligible,,high,not_role_eligible,Depth / cameo bench player for CHE.,Preseason squad review,
2026-27,Chelsea,CHE,147,Tosin,DEF,Rotation,0.4,0.25,0.35,70.0,20.0,False,medium,multi_source_preseason_consensus,False,Established squad player for CHE; role Rotation.,Preseason squad review; historical role,,a,,,,,6,CHE,registered,,not_role_eligible,,high,not_role_eligible,Established squad player for CHE; role Rotation.,Preseason squad review; historical role,
2026-27,Chelsea,CHE,148,Hato,DEF,Rotation,0.4,0.25,0.35,70.0,20.0,False,medium,source_disagreement_or_single,False,Previously draft-role but absent from current FFS XI and Meerkat nailed list.,FFS Team News; FPL Meerkat,,a,,,,,6,CHE,registered,,available,,high,not_role_eligible,Established squad player for CHE; role Regular Starter.,Preseason squad review; historical role,
2026-27,Chelsea,CHE,149,Colwill,DEF,Nailed Starter,0.9,0.05,0.05,85.0,20.0,False,high,unanimous_dual_source,True,Unanimous: FFS predicted XI + Meerkat 🟢 nailed.,FFS Team News; FPL Meerkat,,a,,,,,6,CHE,registered,,available,,high,eligible,First-choice left center-back.,FFS Team News; FPL Meerkat,
2026-27,Chelsea,CHE,150,M.Sarr,DEF,Cameo,0.1,0.35,0.55,60.0,15.0,False,low,multi_source_preseason_consensus,False,Depth / cameo bench player for CHE.,Preseason squad review,,a,,,,,6,CHE,registered,,not_role_eligible,,high,not_role_eligible,Depth / cameo bench player for CHE.,Preseason squad review,
2026-27,Chelsea,CHE,151,Acheampong,DEF,Cameo,0.1,0.35,0.55,60.0,15.0,False,low,multi_source_preseason_consensus,False,Depth / cameo bench player for CHE.,Preseason squad review,,a,,,,,6,CHE,registered,,not_role_eligible,,high,not_role_eligible,Depth / cameo bench player for CHE.,Preseason squad review,
2026-27,Chelsea,CHE,152,Palestra,DEF,Regular Starter,0.75,0.1,0.15,80.0,20.0,False,medium,source_disagreement_or_single,True,Single-source or non-unanimous starter signal (FFS predicted XI).,FFS Team News; FPL Meerkat,,a,,,,,6,CHE,registered,,available,,high,eligible,Starting wing-back / full-back.,FFS Team News,
2026-27,Chelsea,CHE,153,Disasi,DEF,Cameo,0.1,0.35,0.55,60.0,15.0,False,low,multi_source_preseason_consensus,False,Depth / cameo bench player for CHE.,Preseason squad review,,a,,,,,6,CHE,registered,,not_role_eligible,,high,not_role_eligible,Depth / cameo bench player for CHE.,Preseason squad review,
2026-27,Chelsea,CHE,200,Lacroix,DEF,Nailed Starter,0.9,0.05,0.05,85.0,20.0,False,high,unanimous_dual_source,True,Unanimous: FFS predicted XI + Meerkat 🟢 nailed.,FFS Team News; FPL Meerkat,,a,,,,,6,CHE,registered,,available,,high,eligible,First-choice goalkeeper.,FFS Team News; FPL Meerkat,
2026-27,Chelsea,CHE,561,Anselmino,DEF,Cameo,0.1,0.35,0.55,60.0,15.0,False,low,multi_source_preseason_consensus,False,Depth / cameo bench player for CHE.,Preseason squad review,,a,,,,,6,CHE,registered,,not_role_eligible,,high,not_role_eligible,Depth / cameo bench player for CHE.,Preseason squad review,
2026-27,Chelsea,CHE,165,João Pedro,FWD,Nailed Starter,0.9,0.05,0.05,85.0,20.0,False,high,unanimous_dual_source,True,Unanimous: FFS predicted XI + Meerkat 🟢 nailed.,FFS Team News; FPL Meerkat,,a,,,,,6,CHE,registered,,available,,high,eligible,Established squad player for CHE; role Nailed Starter.,Preseason squad review; historical role,
2026-27,Chelsea,CHE,166,N.Jackson,FWD,Rotation,0.4,0.25,0.35,70.0,20.0,False,medium,multi_source_preseason_consensus,False,Senior squad rotation player for CHE.,Preseason squad review,,a,,,,,6,CHE,registered,,not_role_eligible,,high,not_role_eligible,Senior squad rotation player for CHE.,Preseason squad review,
2026-27,Chelsea,CHE,167,Delap,FWD,Rotation,0.4,0.25,0.35,70.0,20.0,False,medium,multi_source_preseason_consensus,False,Senior squad rotation player for CHE.,Preseason squad review,,a,,,,,6,CHE,registered,,not_role_eligible,,high,not_role_eligible,Senior squad rotation player for CHE.,Preseason squad review,
2026-27,Chelsea,CHE,168,Marc Guiu,FWD,Cameo,0.1,0.35,0.55,60.0,15.0,False,low,multi_source_preseason_consensus,False,Depth / cameo bench player for CHE.,Preseason squad review,,a,,,,,6,CHE,registered,,not_role_eligible,,high,not_role_eligible,Depth / cameo bench player for CHE.,Preseason squad review,
2026-27,Chelsea,CHE,169,Mheuka,FWD,Cameo,0.1,0.35,0.55,60.0,15.0,False,low,multi_source_preseason_consensus,False,Depth / cameo bench player for CHE.,Preseason squad review,,a,,,,,6,CHE,registered,,not_role_eligible,,high,not_role_eligible,Depth / cameo bench player for CHE.,Preseason squad review,
2026-27,Chelsea,CHE,170,Emegha,FWD,Cameo,0.1,0.35,0.55,60.0,15.0,False,low,multi_source_preseason_consensus,False,Depth / cameo bench player for CHE.,Preseason squad review,,d,75.0,,Hamstring injury - 75% chance of playing,2026-07-24T20:30:10.622380Z,6,CHE,registered,,not_role_eligible,,high,not_role_eligible,Depth / cameo bench player for CHE.,Preseason squad review,
2026-27,Chelsea,CHE,140,Sánchez,GKP,Nailed Starter,0.9,0.05,0.05,85.0,20.0,False,high,unanimous_dual_source,True,Unanimous: FFS predicted XI + Meerkat 🟢 nailed.,FFS Team News; FPL Meerkat,,a,,,,,6,CHE,registered,,available,,high,eligible,First-choice goalkeeper for Chelsea.,FFS Team News; FPL Meerkat,
2026-27,Chelsea,CHE,141,Jörgensen,GKP,Out of Contention,0.0,0.05,0.95,45.0,10.0,False,low,multi_source_preseason_consensus,False,Backup/reserve goalkeeper behind established starter.,Goalkeeper squad hierarchy,,u,0.0,,Has joined RC Strasbourg on loan for the rest of the season,,6,CHE,registered,,not_role_eligible,,high,exclude_gw1,API status=u; chance=0.0; Has joined RC Strasbourg on loan for the rest of the season,Goalkeeper squad hierarchy,
2026-27,Chelsea,CHE,560,Penders,GKP,Out of Contention,0.0,0.05,0.95,45.0,10.0,False,low,multi_source_preseason_consensus,False,Backup/reserve goalkeeper behind established starter.,Goalkeeper squad hierarchy,,a,,,,,6,CHE,registered,,not_role_eligible,,high,not_role_eligible,Backup/reserve goalkeeper behind established starter.,Goalkeeper squad hierarchy,
2026-27,Chelsea,CHE,40,Rogers,MID,Nailed Starter,0.9,0.05,0.05,85.0,20.0,False,high,unanimous_dual_source,True,Unanimous: FFS predicted XI + Meerkat 🟢 nailed.,FFS Team News; FPL Meerkat,,a,,,,,6,CHE,registered,,available,,high,eligible,£117m summer signing from Aston Villa; regular attacking starter.,FFS Team News; FPL Meerkat,
2026-27,Chelsea,CHE,154,Palmer,MID,Nailed Starter,0.9,0.05,0.05,85.0,20.0,False,high,unanimous_dual_source,True,Unanimous: FFS predicted XI + Meerkat 🟢 nailed.,FFS Team News; FPL Meerkat,,a,,,,,6,CHE,registered,,available,,high,eligible,Starting central midfielder.,FFS Team News; FPL Meerkat,
2026-27,Chelsea,CHE,155,Enzo,MID,Regular Starter,0.75,0.1,0.15,80.0,20.0,False,medium,source_disagreement_or_single,True,Single-source or non-unanimous starter signal (Meerkat 🟢 / predicted).,FFS Team News; FPL Meerkat,,a,,,,,6,CHE,registered,,available,,high,eligible,Talisman and primary creator/penalty taker.,FFS Team News; FPL Meerkat,
2026-27,Chelsea,CHE,156,Neto,MID,Regular Starter,0.75,0.1,0.15,80.0,20.0,False,medium,source_disagreement_or_single,True,Single-source or non-unanimous starter signal (FFS predicted XI).,FFS Team News; FPL Meerkat,,a,,,,,6,CHE,registered,,available,,high,eligible,Starting midfielder in midfield pivot.,FFS Team News; FPL Meerkat,
2026-27,Chelsea,CHE,157,Estêvão,MID,Rotation,0.4,0.25,0.35,70.0,20.0,False,medium,source_disagreement_or_single,False,Previously draft-role but absent from current FFS XI and Meerkat nailed list.,FFS Team News; FPL Meerkat,,a,,,,,6,CHE,registered,,available,,high,not_role_eligible,Starting wide forward / winger.,FFS Team News; FPL Meerkat,
2026-27,Chelsea,CHE,158,Gittens,MID,Rotation,0.4,0.25,0.35,70.0,20.0,False,medium,source_disagreement_or_single,False,Previously draft-role but absent from current FFS XI and Meerkat nailed list.,FFS Team News; FPL Meerkat,,a,,,,,6,CHE,registered,,available,,high,not_role_eligible,Starting defensive midfielder.,FFS Team News,
2026-27,Chelsea,CHE,159,Caicedo,MID,Nailed Starter,0.9,0.05,0.05,85.0,20.0,False,high,unanimous_dual_source,True,Unanimous: FFS predicted XI + Meerkat 🟢 nailed.,FFS Team News; FPL Meerkat,,a,,,,,6,CHE,registered,,available,,high,eligible,Established squad player for CHE; role Nailed Starter.,Preseason squad review; historical role,
2026-27,Chelsea,CHE,161,Lavia,MID,Regular Starter,0.75,0.1,0.15,80.0,20.0,False,medium,source_disagreement_or_single,True,Single-source or non-unanimous starter signal (FFS predicted XI).,FFS Team News; FPL Meerkat,,a,,,,,6,CHE,registered,,available,,high,eligible,Established squad player for CHE; role Regular Starter.,Preseason squad review; historical role,
2026-27,Chelsea,CHE,163,D.Essugo,MID,Rotation,0.4,0.25,0.35,70.0,20.0,False,medium,source_disagreement_or_single,False,Previously draft-role but absent from current FFS XI and Meerkat nailed list.,FFS Team News; FPL Meerkat,,a,,,,,6,CHE,registered,,available,,high,not_role_eligible,Confirmed £5m depth move to Chelsea.,FFS Team News,
2026-27,Chelsea,CHE,164,Quenda,MID,Rotation,0.4,0.25,0.35,70.0,20.0,False,medium,multi_source_preseason_consensus,False,Established squad player for CHE; role Rotation.,Preseason squad review; historical role,,a,100.0,,,2026-07-24T20:30:10.609931Z,6,CHE,registered,,not_role_eligible,,high,not_role_eligible,Established squad player for CHE; role Rotation.,Preseason squad review; historical role,
2026-27,Coventry City,COV,173,Thomas,DEF,Regular Starter,0.75,0.1,0.15,80.0,20.0,False,medium,source_disagreement_or_single,True,Single-source or non-unanimous starter signal (FFS predicted XI).,FFS Team News; FPL Meerkat,,a,,,,,7,COV,registered,,available,,high,eligible,Key central defender for Coventry.,FFS Team News,
2026-27,Coventry City,COV,174,Kitching,DEF,Rotation,0.4,0.25,0.35,70.0,20.0,False,medium,source_disagreement_or_single,False,Previously draft-role but absent from current FFS XI and Meerkat nailed list.,FFS Team News; FPL Meerkat,,a,,,,,7,COV,registered,,available,,high,not_role_eligible,Starting left-back.,FFS Team News,
2026-27,Coventry City,COV,175,van Ewijk,DEF,Regular Starter,0.75,0.1,0.15,80.0,20.0,False,medium,source_disagreement_or_single,True,Single-source or non-unanimous starter signal (FFS predicted XI).,FFS Team News; FPL Meerkat,,a,,,,,7,COV,registered,,available,,high,eligible,First-choice right-back.,FFS Team News,
2026-27,Coventry City,COV,176,Dasilva,DEF,Rotation,0.4,0.25,0.35,70.0,20.0,False,medium,multi_source_preseason_consensus,False,Established squad player for COV; role Rotation.,Preseason squad review; historical role,,a,,,,,7,COV,registered,,not_role_eligible,,high,not_role_eligible,Established squad player for COV; role Rotation.,Preseason squad review; historical role,
2026-27,Coventry City,COV,177,Kesler-Hayden,DEF,Cameo,0.1,0.35,0.55,60.0,15.0,False,low,multi_source_preseason_consensus,False,Depth / cameo bench player for COV.,Preseason squad review,,a,,,,,7,COV,registered,,not_role_eligible,,high,not_role_eligible,Depth / cameo bench player for COV.,Preseason squad review,
2026-27,Coventry City,COV,178,Bidwell,DEF,Cameo,0.1,0.35,0.55,60.0,15.0,False,low,multi_source_preseason_consensus,False,Depth / cameo bench player for COV.,Preseason squad review,,a,,,,,7,COV,registered,,not_role_eligible,,high,not_role_eligible,Depth / cameo bench player for COV.,Preseason squad review,
2026-27,Coventry City,COV,179,Latibeaudiere,DEF,Cameo,0.1,0.35,0.55,60.0,15.0,False,low,multi_source_preseason_consensus,False,Depth / cameo bench player for COV.,Preseason squad review,,a,,,,,7,COV,registered,,not_role_eligible,,high,not_role_eligible,Depth / cameo bench player for COV.,Preseason squad review,
2026-27,Coventry City,COV,180,Woolfenden,DEF,Cameo,0.1,0.35,0.55,60.0,15.0,False,low,multi_source_preseason_consensus,False,Depth / cameo bench player for COV.,Preseason squad review,,a,,,,,7,COV,registered,,not_role_eligible,,high,not_role_eligible,Depth / cameo bench player for COV.,Preseason squad review,
2026-27,Coventry City,COV,181,Brau,DEF,Cameo,0.1,0.35,0.55,60.0,15.0,False,low,multi_source_preseason_consensus,False,Depth / cameo bench player for COV.,Preseason squad review,,a,,,,,7,COV,registered,,not_role_eligible,,high,not_role_eligible,Depth / cameo bench player for COV.,Preseason squad review,
2026-27,Coventry City,COV,182,Amenda,DEF,Regular Starter,0.75,0.1,0.15,80.0,20.0,False,medium,source_disagreement_or_single,True,Single-source or non-unanimous starter signal (FFS predicted XI).,FFS Team News; FPL Meerkat,,a,,,,,7,COV,registered,,available,,high,eligible,Starting central defender.,FFS Team News,
2026-27,Coventry City,COV,193,Wright,FWD,Rotation,0.4,0.25,0.35,70.0,20.0,False,medium,source_disagreement_or_single,False,Previously draft-role but absent from current FFS XI and Meerkat nailed list.,FFS Team News; FPL Meerkat,,i,0.0,,Thigh injury - Unknown return date,,7,COV,registered,,available,,high,exclude_gw1,API status=i; chance=0.0; Thigh injury - Unknown return date,FFS Team News,
2026-27,Coventry City,COV,194,Thomas-Asante,FWD,Regular Starter,0.75,0.1,0.15,80.0,20.0,False,medium,source_disagreement_or_single,True,Single-source or non-unanimous starter signal (FFS predicted XI).,FFS Team News; FPL Meerkat,,a,,,,,7,COV,registered,,available,,high,eligible,Starting forward / wide attacker.,FFS Team News,
2026-27,Coventry City,COV,195,Simms,FWD,Regular Starter,0.75,0.1,0.15,80.0,20.0,False,medium,source_disagreement_or_single,True,Single-source or non-unanimous starter signal (FFS predicted XI).,FFS Team News; FPL Meerkat,,a,,,,,7,COV,registered,,not_role_eligible,,high,eligible,Established squad player for COV; role Rotation.,Preseason squad review; historical role,
2026-27,Coventry City,COV,196,Markelo,FWD,Cameo,0.1,0.35,0.55,60.0,15.0,False,low,multi_source_preseason_consensus,False,Established squad player for COV; role Cameo.,Preseason squad review; historical role,,u,0.0,,Has joined Shabab Al-Ahli Dubai permanently,,7,COV,registered,,not_role_eligible,,high,exclude_gw1,API status=u; chance=0.0; Has joined Shabab Al-Ahli Dubai permanently,Preseason squad review; historical role,
2026-27,Coventry City,COV,197,Bassette,FWD,Out of Contention,0.0,0.05,0.95,45.0,10.0,False,low,multi_source_preseason_consensus,False,Injured/suspended: Has joined KVC Westerlo on loan for the rest of the season,Official club injury update,,u,0.0,,Has joined KVC Westerlo on loan for the rest of the season,2026-07-28T12:58:50.001768Z,7,COV,registered,,not_role_eligible,,high,exclude_gw1,API status=u; chance=0.0; Has joined KVC Westerlo on loan for the rest of the season,Official club injury update,
2026-27,Coventry City,COV,171,Dovin,GKP,Out of Contention,0.0,0.05,0.95,45.0,10.0,False,low,multi_source_preseason_consensus,False,Backup/reserve goalkeeper behind established starter.,Goalkeeper squad hierarchy,,a,,,,,7,COV,registered,,not_role_eligible,,high,not_role_eligible,Backup/reserve goalkeeper behind established starter.,Goalkeeper squad hierarchy,
2026-27,Coventry City,COV,172,Wilson,GKP,Rotation,0.4,0.25,0.35,70.0,20.0,False,medium,multi_source_preseason_consensus,False,Established squad player for COV; role Rotation.,Preseason squad review; historical role,,a,,,,,7,COV,registered,,not_role_eligible,,high,not_role_eligible,Established squad player for COV; role Rotation.,Preseason squad review; historical role,
2026-27,Coventry City,COV,104,Onyeka,MID,Regular Starter,0.75,0.1,0.15,80.0,20.0,False,medium,source_disagreement_or_single,True,Single-source or non-unanimous starter signal (FFS predicted XI).,FFS Team News; FPL Meerkat,,a,,,,,7,COV,registered,,available,,high,eligible,Established squad player for COV; role Regular Starter.,Preseason squad review; historical role,
2026-27,Coventry City,COV,183,Rudoni,MID,Rotation,0.4,0.25,0.35,70.0,20.0,False,medium,multi_source_preseason_consensus,False,Established squad player for COV; role Rotation.,Preseason squad review; historical role,,d,75.0,,Shoulder injury - 75% chance of playing,2026-07-23T12:01:23.481435Z,7,COV,registered,,not_role_eligible,,high,not_role_eligible,Established squad player for COV; role Rotation.,Preseason squad review; historical role,
2026-27,Coventry City,COV,184,Grimes,MID,Regular Starter,0.75,0.1,0.15,80.0,20.0,False,medium,source_disagreement_or_single,True,Single-source or non-unanimous starter signal (FFS predicted XI).,FFS Team News; FPL Meerkat,,a,,,,,7,COV,registered,,available,,high,eligible,Midfield regular.,FFS Team News,
2026-27,Coventry City,COV,185,Sakamoto,MID,Rotation,0.4,0.25,0.35,70.0,20.0,False,medium,source_disagreement_or_single,False,Previously draft-role but absent from current FFS XI and Meerkat nailed list.,FFS Team News; FPL Meerkat,,a,,,,,7,COV,registered,,available,,high,not_role_eligible,Creative attacking midfielder.,FFS Team News,
2026-27,Coventry City,COV,186,Mason-Clark,MID,Rotation,0.4,0.25,0.35,70.0,20.0,False,medium,source_disagreement_or_single,False,Previously draft-role but absent from current FFS XI and Meerkat nailed list.,FFS Team News; FPL Meerkat,,d,75.0,,Hamstring injury - 75% chance of playing,,7,COV,registered,,available,,high,not_role_eligible,Attacking winger.,FFS Team News,
2026-27,Coventry City,COV,187,Eccles,MID,Rotation,0.4,0.25,0.35,70.0,20.0,False,medium,source_disagreement_or_single,False,Previously draft-role but absent from current FFS XI and Meerkat nailed list.,FFS Team News; FPL Meerkat,,a,,,,,7,COV,registered,,available,,high,not_role_eligible,Attacking midfield creator.,FFS Team News,
2026-27,Coventry City,COV,188,Torp,MID,Rotation,0.4,0.25,0.35,70.0,20.0,False,medium,source_disagreement_or_single,False,Previously draft-role but absent from current FFS XI and Meerkat nailed list.,FFS Team News; FPL Meerkat,,a,,,,,7,COV,registered,,available,,high,not_role_eligible,Central midfielder with set-piece threat.,FFS Team News,
2026-27,Coventry City,COV,189,Shepherd,MID,Cameo,0.1,0.35,0.55,60.0,15.0,False,low,multi_source_preseason_consensus,False,Depth / cameo bench player for COV.,Preseason squad review,,a,,,,,7,COV,registered,,not_role_eligible,,high,not_role_eligible,Depth / cameo bench player for COV.,Preseason squad review,
2026-27,Coventry City,COV,190,Tchaouna,MID,Regular Starter,0.75,0.1,0.15,80.0,20.0,False,medium,source_disagreement_or_single,True,Single-source or non-unanimous starter signal (FFS predicted XI).,FFS Team News; FPL Meerkat,,a,,,,,7,COV,registered,,not_role_eligible,,high,eligible,Established squad player for COV; role Rotation.,Preseason squad review; historical role,
2026-27,Coventry City,COV,191,Borges Rodrigues,MID,Cameo,0.1,0.35,0.55,60.0,15.0,False,low,multi_source_preseason_consensus,False,Depth / cameo bench player for COV.,Preseason squad review,,a,,,,,7,COV,registered,,not_role_eligible,,high,not_role_eligible,Depth / cameo bench player for COV.,Preseason squad review,
2026-27,Coventry City,COV,192,Andrews,MID,Rotation,0.4,0.25,0.35,70.0,20.0,False,medium,source_disagreement_or_single,False,Previously draft-role but absent from current FFS XI and Meerkat nailed list.,FFS Team News; FPL Meerkat,,a,,,,,7,COV,registered,,available,,high,not_role_eligible,Central forward.,FFS Team News,
2026-27,Crystal Palace,CRY,201,Muñoz,DEF,Regular Starter,0.75,0.1,0.15,80.0,20.0,False,medium,source_disagreement_or_single,True,Single-source or non-unanimous starter signal (Meerkat 🟢 / predicted).,FFS Team News; FPL Meerkat,,a,,,,,8,CRY,registered,,available,,high,eligible,Established squad player for CRY; role Nailed Starter.,Preseason squad review; historical role,
2026-27,Crystal Palace,CRY,202,Richards,DEF,Nailed Starter,0.9,0.05,0.05,85.0,20.0,False,high,unanimous_dual_source,True,Unanimous: FFS predicted XI + Meerkat 🟢 nailed.,FFS Team News; FPL Meerkat,,a,,,,,8,CRY,registered,,available,,high,eligible,Starting central defender.,FFS Team News; FPL Meerkat,
2026-27,Crystal Palace,CRY,203,Canvot,DEF,Regular Starter,0.75,0.1,0.15,80.0,20.0,False,medium,source_disagreement_or_single,True,Single-source or non-unanimous starter signal (FFS predicted XI).,FFS Team News; FPL Meerkat,,a,,,,,8,CRY,registered,,available,,high,eligible,First-choice right wing-back.,FFS Team News; FPL Meerkat,
2026-27,Crystal Palace,CRY,204,Mitchell,DEF,Nailed Starter,0.9,0.05,0.05,85.0,20.0,False,high,unanimous_dual_source,True,Unanimous: FFS predicted XI + Meerkat 🟢 nailed.,FFS Team News; FPL Meerkat,,a,,,,,8,CRY,registered,,available,,high,eligible,Starting central defender.,FFS Team News,
2026-27,Crystal Palace,CRY,205,Sosa,DEF,Rotation,0.4,0.25,0.35,70.0,20.0,False,medium,source_disagreement_or_single,False,Previously draft-role but absent from current FFS XI and Meerkat nailed list.,FFS Team News; FPL Meerkat,,a,,,,,8,CRY,registered,,available,,high,not_role_eligible,First-choice left wing-back.,FFS Team News; FPL Meerkat,
2026-27,Crystal Palace,CRY,206,Chadi Riad,DEF,Regular Starter,0.75,0.1,0.15,80.0,20.0,False,medium,source_disagreement_or_single,True,Single-source or non-unanimous starter signal (FFS predicted XI).,FFS Team News; FPL Meerkat,,a,,,,,8,CRY,registered,,available,,high,eligible,Established squad player for CRY; role Regular Starter.,Preseason squad review; historical role,
2026-27,Crystal Palace,CRY,207,Mingueza,DEF,Regular Starter,0.75,0.1,0.15,80.0,20.0,False,medium,source_disagreement_or_single,True,Single-source or non-unanimous starter signal (FFS predicted XI).,FFS Team News; FPL Meerkat,,a,,,,,8,CRY,registered,,not_role_eligible,,high,eligible,Established squad player for CRY; role Rotation.,Preseason squad review; historical role,
2026-27,Crystal Palace,CRY,220,Cardines,DEF,Rotation,0.4,0.25,0.35,70.0,20.0,False,medium,source_disagreement_or_single,False,Previously draft-role but absent from current FFS XI and Meerkat nailed list.,FFS Team News; FPL Meerkat,,u,0.0,,Has joined Bristol City on loan for the rest of the season,,8,CRY,registered,,available,,high,exclude_gw1,API status=u; chance=0.0; Has joined Bristol City on loan for the rest of the season,FFS Team News,
2026-27,Crystal Palace,CRY,222,Strand Larsen,FWD,Regular Starter,0.75,0.1,0.15,80.0,20.0,False,medium,source_disagreement_or_single,True,Single-source or non-unanimous starter signal (FFS predicted XI).,FFS Team News; FPL Meerkat,,a,,,,,8,CRY,registered,,available,,high,eligible,Established squad player for CRY; role Regular Starter.,Preseason squad review; historical role,
2026-27,Crystal Palace,CRY,223,Mateta,FWD,Rotation,0.4,0.25,0.35,70.0,20.0,False,medium,multi_source_preseason_consensus,False,Established squad player for CRY; role Rotation.,Preseason squad review; historical role,,a,,,,,8,CRY,registered,,not_role_eligible,,high,not_role_eligible,Established squad player for CRY; role Rotation.,Preseason squad review; historical role,
2026-27,Crystal Palace,CRY,224,Nketiah,FWD,Rotation,0.4,0.25,0.35,70.0,20.0,False,medium,source_disagreement_or_single,False,Previously draft-role but absent from current FFS XI and Meerkat nailed list.,FFS Team News; FPL Meerkat,,a,,,,,8,CRY,registered,,available,,high,not_role_eligible,Established squad player for CRY; role Regular Starter.,Preseason squad review; historical role,
2026-27,Crystal Palace,CRY,225,Uche,FWD,Out of Contention,0.0,0.05,0.95,45.0,10.0,False,low,multi_source_preseason_consensus,False,Injured/suspended: has returned to Getafe CF,Official club injury update,,u,0.0,,has returned to Getafe CF,2026-07-23T12:18:56.275922Z,8,CRY,registered,,not_role_eligible,,high,exclude_gw1,API status=u; chance=0.0; has returned to Getafe CF,Official club injury update,
2026-27,Crystal Palace,CRY,198,Henderson,GKP,Nailed Starter,0.9,0.05,0.05,85.0,20.0,False,high,unanimous_dual_source,True,Unanimous: FFS predicted XI + Meerkat 🟢 nailed.,FFS Team News; FPL Meerkat,,a,,,,,8,CRY,registered,,available,,high,eligible,Established squad player for CRY; role Nailed Starter.,Preseason squad review; historical role,
2026-27,Crystal Palace,CRY,199,Benitez,GKP,Out of Contention,0.0,0.05,0.95,45.0,10.0,False,low,multi_source_preseason_consensus,False,Backup/reserve goalkeeper behind established starter.,Goalkeeper squad hierarchy,,a,,,,,8,CRY,registered,,not_role_eligible,,high,not_role_eligible,Backup/reserve goalkeeper behind established starter.,Goalkeeper squad hierarchy,
2026-27,Crystal Palace,CRY,555,Matthews,GKP,Out of Contention,0.0,0.05,0.95,45.0,10.0,False,low,multi_source_preseason_consensus,False,Backup/reserve goalkeeper behind established starter.,Goalkeeper squad hierarchy,,a,,,,,8,CRY,registered,,not_role_eligible,,high,not_role_eligible,Backup/reserve goalkeeper behind established starter.,Goalkeeper squad hierarchy,
2026-27,Crystal Palace,CRY,208,Sarr,MID,Nailed Starter,0.9,0.05,0.05,85.0,20.0,False,high,unanimous_dual_source,True,Unanimous: FFS predicted XI + Meerkat 🟢 nailed.,FFS Team News; FPL Meerkat,,a,,,,,8,CRY,registered,,available,,high,eligible,Established squad player for CRY; role Nailed Starter.,Preseason squad review; historical role,
2026-27,Everton,EVE,209,Johnson,MID,Rotation,0.4,0.25,0.35,70.0,20.0,False,medium,source_disagreement_or_single,False,Previously draft-role but absent from current FFS XI and Meerkat nailed list.,FFS Team News; FPL Meerkat,,a,,,,,9,EVE,registered,,available,,high,not_role_eligible,Starting defensive midfielder.,FFS Team News,
2026-27,Crystal Palace,CRY,210,Wharton,MID,Regular Starter,0.75,0.1,0.15,80.0,20.0,False,medium,source_disagreement_or_single,True,Single-source or non-unanimous starter signal (FFS predicted XI).,FFS Team News; FPL Meerkat,,a,100.0,,,2026-07-23T12:01:23.498963Z,8,CRY,registered,,available,,high,eligible,Attacking midfielder.,FFS Team News,
2026-27,Crystal Palace,CRY,211,Yeremy,MID,Rotation,0.4,0.25,0.35,70.0,20.0,False,medium,multi_source_preseason_consensus,False,Established squad player for CRY; role Rotation.,Preseason squad review; historical role,,a,,,,,8,CRY,registered,,not_role_eligible,,high,not_role_eligible,Established squad player for CRY; role Rotation.,Preseason squad review; historical role,
2026-27,Crystal Palace,CRY,212,Hughes,MID,Cameo,0.1,0.35,0.55,60.0,15.0,False,low,multi_source_preseason_consensus,False,Depth / cameo bench player for CRY.,Preseason squad review,,a,,,,,8,CRY,registered,,not_role_eligible,,high,not_role_eligible,Depth / cameo bench player for CRY.,Preseason squad review,
2026-27,Crystal Palace,CRY,213,Lerma,MID,Rotation,0.4,0.25,0.35,70.0,20.0,False,medium,multi_source_preseason_consensus,False,Established squad player for CRY; role Rotation.,Preseason squad review; historical role,,a,,,,,8,CRY,registered,,not_role_eligible,,high,not_role_eligible,Established squad player for CRY; role Rotation.,Preseason squad review; historical role,
2026-27,Crystal Palace,CRY,214,Kamada,MID,Regular Starter,0.75,0.1,0.15,80.0,20.0,False,medium,source_disagreement_or_single,True,Single-source or non-unanimous starter signal (FFS predicted XI).,FFS Team News; FPL Meerkat,,a,,,,,8,CRY,registered,,available,,high,eligible,Winger / midfield starter.,FFS Team News,
2026-27,Crystal Palace,CRY,215,Devenny,MID,Rotation,0.4,0.25,0.35,70.0,20.0,False,medium,source_disagreement_or_single,False,Previously draft-role but absent from current FFS XI and Meerkat nailed list.,FFS Team News; FPL Meerkat,,a,,,,,8,CRY,registered,,available,,high,not_role_eligible,Key attacking midfielder / winger.,FFS Team News; FPL Meerkat,
2026-27,Crystal Palace,CRY,216,Esse,MID,Cameo,0.1,0.35,0.55,60.0,15.0,False,low,multi_source_preseason_consensus,False,Established squad player for CRY; role Cameo.,Preseason squad review; historical role,,a,,,,,8,CRY,registered,,not_role_eligible,,high,not_role_eligible,Established squad player for CRY; role Cameo.,Preseason squad review; historical role,
2026-27,Crystal Palace,CRY,217,M.França,MID,Cameo,0.1,0.35,0.55,60.0,15.0,False,low,multi_source_preseason_consensus,False,Depth / cameo bench player for CRY.,Preseason squad review,,a,,,,,8,CRY,registered,,not_role_eligible,,high,not_role_eligible,Depth / cameo bench player for CRY.,Preseason squad review,
2026-27,Crystal Palace,CRY,218,Doucouré,MID,Cameo,0.1,0.35,0.55,60.0,15.0,False,low,multi_source_preseason_consensus,False,Depth / cameo bench player for CRY.,Preseason squad review,,a,,,,,8,CRY,registered,,not_role_eligible,,high,not_role_eligible,Depth / cameo bench player for CRY.,Preseason squad review,
2026-27,Crystal Palace,CRY,219,J.Rak-Sakyi,MID,Cameo,0.1,0.35,0.55,60.0,15.0,False,low,multi_source_preseason_consensus,False,Depth / cameo bench player for CRY.,Preseason squad review,,a,,,,,8,CRY,registered,,not_role_eligible,,high,not_role_eligible,Depth / cameo bench player for CRY.,Preseason squad review,
2026-27,Crystal Palace,CRY,221,Drakes-Thomas,MID,Cameo,0.1,0.35,0.55,60.0,15.0,False,low,multi_source_preseason_consensus,False,Depth / cameo bench player for CRY.,Preseason squad review,,a,,,,,8,CRY,registered,,not_role_eligible,,high,not_role_eligible,Depth / cameo bench player for CRY.,Preseason squad review,
2026-27,Everton,EVE,229,Tarkowski,DEF,Nailed Starter,0.9,0.05,0.05,85.0,20.0,False,high,unanimous_dual_source,True,Unanimous: FFS predicted XI + Meerkat 🟢 nailed.,FFS Team News; FPL Meerkat,,a,,,,,9,EVE,registered,,available,,high,eligible,Established squad player for EVE; role Nailed Starter.,Preseason squad review; historical role,
2026-27,Everton,EVE,230,Branthwaite,DEF,Regular Starter,0.75,0.1,0.15,80.0,20.0,False,medium,source_disagreement_or_single,True,Single-source or non-unanimous starter signal (FFS predicted XI).,FFS Team News; FPL Meerkat,,a,,,,,9,EVE,registered,,available,,high,eligible,First-choice England #1 goalkeeper.,FFS Team News; FPL Meerkat,
2026-27,Everton,EVE,231,Keane,DEF,Rotation,0.4,0.25,0.35,70.0,20.0,False,medium,multi_source_preseason_consensus,False,Established squad player for EVE; role Rotation.,Preseason squad review; historical role,,a,,,,,9,EVE,registered,,not_role_eligible,,high,not_role_eligible,Established squad player for EVE; role Rotation.,Preseason squad review; historical role,
2026-27,Everton,EVE,232,O'Brien,DEF,Regular Starter,0.75,0.1,0.15,80.0,20.0,False,medium,source_disagreement_or_single,True,Single-source or non-unanimous starter signal (FFS predicted XI).,FFS Team News; FPL Meerkat,,a,,,,,9,EVE,registered,,available,,high,eligible,Defensive anchor and captain.,FFS Team News; FPL Meerkat,
2026-27,Everton,EVE,233,Mykolenko,DEF,Regular Starter,0.75,0.1,0.15,80.0,20.0,False,medium,source_disagreement_or_single,True,Single-source or non-unanimous starter signal (FFS predicted XI).,FFS Team News; FPL Meerkat,,a,,,,,9,EVE,registered,,available,,high,eligible,Key young center back.,FFS Team News,
2026-27,Everton,EVE,234,Patterson,DEF,Rotation,0.4,0.25,0.35,70.0,20.0,False,medium,source_disagreement_or_single,False,Previously draft-role but absent from current FFS XI and Meerkat nailed list.,FFS Team News; FPL Meerkat,,a,,,,,9,EVE,registered,,available,,high,not_role_eligible,Starting defender / right-back.,FFS Team News,
2026-27,Everton,EVE,235,Aznou,DEF,Rotation,0.4,0.25,0.35,70.0,20.0,False,medium,source_disagreement_or_single,False,Previously draft-role but absent from current FFS XI and Meerkat nailed list.,FFS Team News; FPL Meerkat,,a,,,,,9,EVE,registered,,available,,high,not_role_eligible,First-choice left-back.,FFS Team News,
2026-27,Everton,EVE,248,Beto,FWD,Rotation,0.4,0.25,0.35,70.0,20.0,False,medium,multi_source_preseason_consensus,False,Established squad player for EVE; role Rotation.,Preseason squad review; historical role,,a,,,,,9,EVE,registered,,not_role_eligible,,high,not_role_eligible,Established squad player for EVE; role Rotation.,Preseason squad review; historical role,
2026-27,Everton,EVE,249,Barry,FWD,Regular Starter,0.75,0.1,0.15,80.0,20.0,False,medium,source_disagreement_or_single,True,Single-source or non-unanimous starter signal (FFS predicted XI).,FFS Team News; FPL Meerkat,,a,,,,,9,EVE,registered,,available,,high,eligible,Center forward starter.,FFS Team News,
2026-27,Everton,EVE,226,Pickford,GKP,Nailed Starter,0.9,0.05,0.05,85.0,20.0,False,high,unanimous_dual_source,True,Unanimous: FFS predicted XI + Meerkat 🟢 nailed.,FFS Team News; FPL Meerkat,,a,,,,,9,EVE,registered,,available,,high,eligible,Established squad player for EVE; role Nailed Starter.,Preseason squad review; historical role,
2026-27,Everton,EVE,227,Travers,GKP,Out of Contention,0.0,0.05,0.95,45.0,10.0,False,low,multi_source_preseason_consensus,False,Backup/reserve goalkeeper behind established starter.,Goalkeeper squad hierarchy,,a,,,,,9,EVE,registered,,not_role_eligible,,high,not_role_eligible,Backup/reserve goalkeeper behind established starter.,Goalkeeper squad hierarchy,
2026-27,Everton,EVE,228,King,GKP,Out of Contention,0.0,0.05,0.95,45.0,10.0,False,low,multi_source_preseason_consensus,False,Backup/reserve goalkeeper behind established starter.,Goalkeeper squad hierarchy,,a,,,,,9,EVE,registered,,not_role_eligible,,high,not_role_eligible,Backup/reserve goalkeeper behind established starter.,Goalkeeper squad hierarchy,
2026-27,Everton,EVE,236,Dewsbury-Hall,MID,Nailed Starter,0.9,0.05,0.05,85.0,20.0,False,high,unanimous_dual_source,True,Unanimous: FFS predicted XI + Meerkat 🟢 nailed.,FFS Team News; FPL Meerkat,,a,,,,,9,EVE,registered,,available,,high,eligible,Established squad player for EVE; role Nailed Starter.,Preseason squad review; historical role,
2026-27,Everton,EVE,237,Ndiaye,MID,Nailed Starter,0.9,0.05,0.05,85.0,20.0,False,high,unanimous_dual_source,True,Unanimous: FFS predicted XI + Meerkat 🟢 nailed.,FFS Team News; FPL Meerkat,,a,,,,,9,EVE,registered,,available,,high,eligible,Established squad player for EVE; role Nailed Starter.,Preseason squad review; historical role,
2026-27,Everton,EVE,239,Garner,MID,Regular Starter,0.75,0.1,0.15,80.0,20.0,False,medium,source_disagreement_or_single,True,Single-source or non-unanimous starter signal (Meerkat 🟢 / predicted).,FFS Team News; FPL Meerkat,,i,0.0,,Groin injury - Expected back 22 Aug,2026-07-25T14:30:10.455878Z,9,EVE,registered,,exclude_gw1,,high,exclude_gw1,Central midfielder. (Injured: Groin injury - Expected back 22 Aug),FFS Team News,
2026-27,Everton,EVE,240,Iroegbunam,MID,Rotation,0.4,0.25,0.35,70.0,20.0,False,medium,source_disagreement_or_single,False,Previously draft-role but absent from current FFS XI and Meerkat nailed list.,FFS Team News; FPL Meerkat,,i,0.0,,Groin injury - Unknown return date,,9,EVE,registered,,available,,high,exclude_gw1,API status=i; chance=0.0; Groin injury - Unknown return date,FFS Team News; FPL Meerkat,
2026-27,Crystal Palace,CRY,241,McNeil,MID,Regular Starter,0.75,0.1,0.15,80.0,20.0,False,medium,source_disagreement_or_single,True,Single-source or non-unanimous starter signal (FFS predicted XI).,FFS Team News; FPL Meerkat,,a,,,,,8,CRY,registered,,not_role_eligible,,high,eligible,Established squad player for EVE; role Rotation.,Preseason squad review; historical role,
2026-27,Everton,EVE,242,George,MID,Rotation,0.4,0.25,0.35,70.0,20.0,False,medium,multi_source_preseason_consensus,False,Established squad player for EVE; role Rotation.,Preseason squad review; historical role,,a,,,,,9,EVE,registered,,not_role_eligible,,high,not_role_eligible,Established squad player for EVE; role Rotation.,Preseason squad review; historical role,
2026-27,Everton,EVE,243,Alcaraz,MID,Cameo,0.1,0.35,0.55,60.0,15.0,False,low,multi_source_preseason_consensus,False,Depth / cameo bench player for EVE.,Preseason squad review,,a,,,,,9,EVE,registered,,not_role_eligible,,high,not_role_eligible,Depth / cameo bench player for EVE.,Preseason squad review,
2026-27,Everton,EVE,244,Armstrong,MID,Regular Starter,0.75,0.1,0.15,80.0,20.0,False,medium,source_disagreement_or_single,True,Single-source or non-unanimous starter signal (FFS predicted XI).,FFS Team News; FPL Meerkat,,a,,,,,9,EVE,registered,,available,,high,eligible,Attacking midfielder / winger.,FFS Team News,
2026-27,Everton,EVE,245,Dibling,MID,Rotation,0.4,0.25,0.35,70.0,20.0,False,medium,source_disagreement_or_single,False,Previously draft-role but absent from current FFS XI and Meerkat nailed list.,FFS Team News; FPL Meerkat,,a,,,,,9,EVE,registered,,available,,high,not_role_eligible,Key attacking talisman.,FFS Team News; FPL Meerkat,
2026-27,Everton,EVE,246,Röhl,MID,Regular Starter,0.75,0.1,0.15,80.0,20.0,False,medium,source_disagreement_or_single,True,Single-source or non-unanimous starter signal (FFS predicted XI).,FFS Team News; FPL Meerkat,,a,,,,,9,EVE,registered,,available,,high,eligible,Established squad player for EVE; role Regular Starter.,Preseason squad review; historical role,
2026-27,Everton,EVE,247,Hackney,MID,Regular Starter,0.75,0.1,0.15,80.0,20.0,False,medium,source_disagreement_or_single,True,Single-source or non-unanimous starter signal (FFS predicted XI).,FFS Team News; FPL Meerkat,,a,,,,,9,EVE,registered,,available,,high,eligible,Starting midfielder.,FFS Team News,
2026-27,Fulham,FUL,253,Andersen,DEF,Out of Contention,0.0,0.05,0.95,45.0,10.0,False,low,multi_source_preseason_consensus,False,Injured/suspended: Suspended until 29 Aug,Official club injury update,,s,0.0,,Suspended until 30 Aug,2026-07-23T12:01:23.516350Z,10,FUL,registered,,not_role_eligible,,high,exclude_gw1,API status=s; chance=0.0; Suspended until 30 Aug,Official club injury update,
2026-27,Fulham,FUL,254,Robinson,DEF,Nailed Starter,0.9,0.05,0.05,85.0,20.0,False,high,unanimous_dual_source,True,Unanimous: FFS predicted XI + Meerkat 🟢 nailed.,FFS Team News; FPL Meerkat,,a,,,,,10,FUL,registered,,available,,high,eligible,Established squad player for FUL; role Nailed Starter.,Preseason squad review; historical role,
2026-27,Fulham,FUL,255,J.Cuenca,DEF,Regular Starter,0.75,0.1,0.15,80.0,20.0,False,medium,source_disagreement_or_single,True,Single-source or non-unanimous starter signal (FFS predicted XI).,FFS Team News; FPL Meerkat,,a,,,,,10,FUL,registered,,available,,high,eligible,Established squad player for FUL; role Regular Starter.,Preseason squad review; historical role,
2026-27,Fulham,FUL,256,Tete,DEF,Rotation,0.4,0.25,0.35,70.0,20.0,False,medium,source_disagreement_or_single,False,Previously draft-role but absent from current FFS XI and Meerkat nailed list.,FFS Team News; FPL Meerkat,,a,,,,,10,FUL,registered,,available,,high,not_role_eligible,Established squad player for FUL; role Regular Starter.,Preseason squad review; historical role,
2026-27,Fulham,FUL,257,Bassey,DEF,Nailed Starter,0.9,0.05,0.05,85.0,20.0,False,high,unanimous_dual_source,True,Unanimous: FFS predicted XI + Meerkat 🟢 nailed.,FFS Team News; FPL Meerkat,,a,,,,,10,FUL,registered,,available,,high,eligible,Established squad player for FUL; role Nailed Starter.,Preseason squad review; historical role,
2026-27,Fulham,FUL,258,Castagne,DEF,Regular Starter,0.75,0.1,0.15,80.0,20.0,False,medium,source_disagreement_or_single,True,Single-source or non-unanimous starter signal (FFS predicted XI).,FFS Team News; FPL Meerkat,,a,,,,,10,FUL,registered,,not_role_eligible,,high,eligible,Established squad player for FUL; role Rotation.,Preseason squad review; historical role,
2026-27,Fulham,FUL,269,Sessegnon,DEF,Rotation,0.4,0.25,0.35,70.0,20.0,False,medium,source_disagreement_or_single,False,Previously draft-role but absent from current FFS XI and Meerkat nailed list.,FFS Team News; FPL Meerkat,,a,,,,,10,FUL,registered,,available,,high,not_role_eligible,Attacking midfielder / winger.,FFS Team News,
2026-27,Fulham,FUL,271,Muniz,FWD,Rotation,0.4,0.25,0.35,70.0,20.0,False,medium,multi_source_preseason_consensus,False,Established squad player for FUL; role Rotation.,Preseason squad review; historical role,,a,,,,,10,FUL,registered,,not_role_eligible,,high,not_role_eligible,Established squad player for FUL; role Rotation.,Preseason squad review; historical role,
2026-27,Fulham,FUL,272,Kusi-Asare,FWD,Rotation,0.4,0.25,0.35,70.0,20.0,False,medium,source_disagreement_or_single,False,Previously draft-role but absent from current FFS XI and Meerkat nailed list.,FFS Team News; FPL Meerkat,,a,,,,,10,FUL,registered,,available,,high,not_role_eligible,Attacking midfielder.,FFS Team News,
2026-27,Fulham,FUL,250,Leno,GKP,Nailed Starter,0.9,0.05,0.05,85.0,20.0,False,high,unanimous_dual_source,True,Unanimous: FFS predicted XI + Meerkat 🟢 nailed.,FFS Team News; FPL Meerkat,,a,,,,,10,FUL,registered,,available,,high,eligible,Established squad player for FUL; role Nailed Starter.,Preseason squad review; historical role,
2026-27,Fulham,FUL,251,Lecomte,GKP,Out of Contention,0.0,0.05,0.95,45.0,10.0,False,low,multi_source_preseason_consensus,False,Backup/reserve goalkeeper behind established starter.,Goalkeeper squad hierarchy,,a,,,,,10,FUL,registered,,not_role_eligible,,high,not_role_eligible,Backup/reserve goalkeeper behind established starter.,Goalkeeper squad hierarchy,
2026-27,Fulham,FUL,252,McNally,GKP,Out of Contention,0.0,0.05,0.95,45.0,10.0,False,low,multi_source_preseason_consensus,False,Backup/reserve goalkeeper behind established starter.,Goalkeeper squad hierarchy,,a,,,,,10,FUL,registered,,not_role_eligible,,high,not_role_eligible,Backup/reserve goalkeeper behind established starter.,Goalkeeper squad hierarchy,
2026-27,Fulham,FUL,261,Iwobi,MID,Nailed Starter,0.9,0.05,0.05,85.0,20.0,False,high,unanimous_dual_source,True,Unanimous: FFS predicted XI + Meerkat 🟢 nailed.,FFS Team News; FPL Meerkat,,a,,,,,10,FUL,registered,,available,,high,eligible,Starting right-back.,FFS Team News,
2026-27,Fulham,FUL,262,Smith Rowe,MID,Rotation,0.4,0.25,0.35,70.0,20.0,False,medium,source_disagreement_or_single,False,Previously draft-role but absent from current FFS XI and Meerkat nailed list.,FFS Team News; FPL Meerkat,,a,,,,,10,FUL,registered,,available,,high,not_role_eligible,First-choice center back.,FFS Team News; FPL Meerkat,
2026-27,Fulham,FUL,263,Kevin,MID,Rotation,0.4,0.25,0.35,70.0,20.0,False,medium,source_disagreement_or_single,False,Previously draft-role but absent from current FFS XI and Meerkat nailed list.,FFS Team News; FPL Meerkat,,a,,,,,10,FUL,registered,,available,,high,not_role_eligible,First-choice left-back and creator.,FFS Team News; FPL Meerkat,
2026-27,Fulham,FUL,264,Bobb,MID,Regular Starter,0.75,0.1,0.15,80.0,20.0,False,medium,source_disagreement_or_single,True,Single-source or non-unanimous starter signal (FFS predicted XI).,FFS Team News; FPL Meerkat,,a,,,,,10,FUL,registered,,available,,high,eligible,Starting center back.,FFS Team News,
2026-27,Fulham,FUL,265,Berge,MID,Regular Starter,0.75,0.1,0.15,80.0,20.0,False,medium,source_disagreement_or_single,True,Single-source or non-unanimous starter signal (FFS predicted XI).,FFS Team News; FPL Meerkat,,a,,,,,10,FUL,registered,,available,,high,eligible,Established squad player for FUL; role Regular Starter.,Preseason squad review; historical role,
2026-27,Fulham,FUL,266,Cairney,MID,Cameo,0.1,0.35,0.55,60.0,15.0,False,low,multi_source_preseason_consensus,False,Established squad player for FUL; role Cameo.,Preseason squad review; historical role,,i,0.0,,Knee injury - Expected back 10 Oct,,10,FUL,registered,,not_role_eligible,,high,exclude_gw1,API status=i; chance=0.0; Knee injury - Expected back 10 Oct,Preseason squad review; historical role,
2026-27,Ipswich Town,IPS,267,Lukić,MID,Regular Starter,0.75,0.1,0.15,80.0,20.0,False,medium,source_disagreement_or_single,True,Single-source or non-unanimous starter signal (FFS predicted XI).,FFS Team News; FPL Meerkat,,a,,,,,12,IPS,registered,,not_role_eligible,,high,eligible,Established squad player for FUL; role Rotation.,Preseason squad review; historical role,
2026-27,Fulham,FUL,268,King,MID,Regular Starter,0.75,0.1,0.15,80.0,20.0,False,medium,source_disagreement_or_single,True,Single-source or non-unanimous starter signal (FFS predicted XI).,FFS Team News; FPL Meerkat,,a,,,,,10,FUL,registered,,available,,high,eligible,Starting midfield pivot.,FFS Team News,
2026-27,Fulham,FUL,270,Reed,MID,Rotation,0.4,0.25,0.35,70.0,20.0,False,medium,source_disagreement_or_single,False,Previously draft-role but absent from current FFS XI and Meerkat nailed list.,FFS Team News; FPL Meerkat,,a,,,,,10,FUL,registered,,available,,high,not_role_eligible,Key attacking winger.,FFS Team News; FPL Meerkat,
2026-27,Hull City,HUL,277,Egan,DEF,Rotation,0.4,0.25,0.35,70.0,20.0,False,medium,source_disagreement_or_single,False,Previously draft-role but absent from current FFS XI and Meerkat nailed list.,FFS Team News; FPL Meerkat,,a,,,,,11,HUL,registered,,available,,high,not_role_eligible,Fit and projected starting CB for GW1.,FFS Team News; Preseason friendly lineups,
2026-27,Hull City,HUL,278,Hughes,DEF,Rotation,0.4,0.25,0.35,70.0,20.0,False,medium,multi_source_preseason_consensus,False,"Centre-back rotation option competing with Egan, Ajayi, and newly signed Nobel Mendy.",FFS Team News; Preseason friendlies,,i,0.0,,Groin injury - Unknown return date,,11,HUL,registered,,not_role_eligible,,high,exclude_gw1,API status=i; chance=0.0; Groin injury - Unknown return date,FFS Team News; Preseason friendlies,
2026-27,Hull City,HUL,279,Ajayi,DEF,Regular Starter,0.75,0.1,0.15,80.0,20.0,False,medium,source_disagreement_or_single,True,Single-source or non-unanimous starter signal (FFS predicted XI).,FFS Team News; FPL Meerkat,,a,,,,,11,HUL,registered,,available,,high,eligible,Fit and projected starting CB for GW1.,FFS Team News; Preseason friendlies,
2026-27,Hull City,HUL,280,Coyle,DEF,Regular Starter,0.75,0.1,0.15,80.0,20.0,False,medium,source_disagreement_or_single,True,Single-source or non-unanimous starter signal (FFS predicted XI).,FFS Team News; FPL Meerkat,,a,,,,,11,HUL,registered,,available,,high,eligible,Fit and undisputed starting RB / team captain.,FFS Team News; Preseason friendlies,
2026-27,Hull City,HUL,281,Drameh,DEF,Cameo,0.1,0.35,0.55,60.0,15.0,False,low,multi_source_preseason_consensus,False,Fullback depth providing cover for Coyle and Giles.,Club squad depth,,i,0.0,,Hamstring injury - Expected back 29 Aug,,11,HUL,registered,,not_role_eligible,,high,exclude_gw1,API status=i; chance=0.0; Hamstring injury - Expected back 29 Aug,Club squad depth,
2026-27,Hull City,HUL,282,Giles,DEF,Regular Starter,0.75,0.1,0.15,80.0,20.0,False,medium,source_disagreement_or_single,True,Single-source or non-unanimous starter signal (FFS predicted XI).,FFS Team News; FPL Meerkat,,a,,,,,11,HUL,registered,,available,,high,eligible,Fit and starting left-back for GW1.,FFS Team News; FPL Set-Piece Analysis,
2026-27,Hull City,HUL,283,Jacob,DEF,Cameo,0.1,0.35,0.55,60.0,15.0,False,low,multi_source_preseason_consensus,False,Backup left-back providing cover behind Ryan Giles.,Club squad depth,,d,75.0,,Hip injury - 75% chance of playing,,11,HUL,registered,,not_role_eligible,,high,not_role_eligible,Backup defender.,Club squad depth,
2026-27,Hull City,HUL,284,McCarthy,DEF,Out of Contention,0.0,0.05,0.95,45.0,10.0,False,low,multi_source_preseason_consensus,False,Fringe youth defender outside senior matchday squad.,Club squad depth,,a,,,,,11,HUL,registered,,not_role_eligible,,high,not_role_eligible,Youth development squad.,Club squad depth,
2026-27,Hull City,HUL,285,McNair,DEF,Cameo,0.1,0.35,0.55,60.0,15.0,False,low,multi_source_preseason_consensus,False,Veteran defensive cover for centre-back and central midfield.,Club squad depth,,a,,,,,11,HUL,registered,,not_role_eligible,,high,not_role_eligible,Bench cover.,Club squad depth,
2026-27,Hull City,HUL,556,Targett,DEF,Rotation,0.4,0.25,0.35,70.0,20.0,False,medium,multi_source_preseason_consensus,False,Signed on free transfer from Newcastle; experienced competition at left-back.,FFS Team News; Summer transfers,,a,,,,,11,HUL,registered,,not_role_eligible,,high,not_role_eligible,Defensive rotation behind Giles.,FFS Team News; Summer transfers,
2026-27,Hull City,HUL,295,McBurnie,FWD,Regular Starter,0.75,0.1,0.15,80.0,20.0,False,medium,source_disagreement_or_single,True,Single-source or non-unanimous starter signal (FFS predicted XI).,FFS Team News; FPL Meerkat,,a,,,,,11,HUL,registered,,available,,high,eligible,Fit and undisputed starting striker for GW1.,FFS Team News; FPL Pre-Season Guide,
2026-27,Hull City,HUL,298,Destan,FWD,Cameo,0.1,0.35,0.55,60.0,15.0,False,low,multi_source_preseason_consensus,False,Backup centre-forward behind McBurnie.,Club squad depth,,u,0.0,,Has joined Konyaspor permanently,,11,HUL,registered,,not_role_eligible,,high,exclude_gw1,API status=u; chance=0.0; Has joined Konyaspor permanently,Club squad depth,
2026-27,Hull City,HUL,299,Burstow,FWD,Cameo,0.1,0.35,0.55,60.0,15.0,False,low,multi_source_preseason_consensus,False,Young forward providing bench attacking depth.,Club squad depth,,u,0.0,,Has joined Sheffield Wednesday on loan for the rest of the season,,11,HUL,registered,,not_role_eligible,,high,exclude_gw1,API status=u; chance=0.0; Has joined Sheffield Wednesday on loan for the rest of the season,Club squad depth,
2026-27,Hull City,HUL,273,Phillips,GKP,Out of Contention,0.0,0.05,0.95,45.0,10.0,False,low,multi_source_preseason_consensus,False,Backup goalkeeper behind Jack Butland and new signings; no first-team starts projected.,Club squad depth; Preseason team sheets,,a,,,,,11,HUL,registered,,not_role_eligible,,high,not_role_eligible,Backup goalkeeper; non-starter role.,Club squad depth; Preseason team sheets,
2026-27,Hull City,HUL,274,Butland,GKP,Rotation,0.4,0.25,0.35,70.0,20.0,False,medium,multi_source_preseason_consensus,False,Signed from Rangers (£3m); in competition with Konstantinos Tzolakis for #1 goalkeeper spot.,FFS Team News; Preseason friendly lineups,,i,0.0,,Arm injury - Unknown return date,,11,HUL,registered,,not_role_eligible,,high,exclude_gw1,API status=i; chance=0.0; Arm injury - Unknown return date,FFS Team News; Preseason friendly lineups,
2026-27,Hull City,HUL,275,Cartwright,GKP,Out of Contention,0.0,0.05,0.95,45.0,10.0,False,low,multi_source_preseason_consensus,False,Loaned out to Grimsby Town for the 2026/27 season.,Official Club Announcement; FPL API news,,u,0.0,,Has joined Grimsby Town on loan for the rest of the season,2026-07-29T13:00:27.959925Z,11,HUL,registered,,not_role_eligible,,high,exclude_gw1,API status=u; chance=0.0; Has joined Grimsby Town on loan for the rest of the season,Official Club Announcement; FPL API news,
2026-27,Hull City,HUL,276,Lo-Tutala,GKP,Out of Contention,0.0,0.05,0.95,45.0,10.0,False,low,multi_source_preseason_consensus,False,Third-choice goalkeeper; outside the active matchday squad.,Club squad depth,,u,0.0,,Has joined Colchester United on loan for the rest of the season,,11,HUL,registered,,not_role_eligible,,high,exclude_gw1,API status=u; chance=0.0; Has joined Colchester United on loan for the rest of the season,Club squad depth,
2026-27,Hull City,HUL,286,Belloumi,MID,Regular Starter,0.75,0.1,0.15,80.0,20.0,False,medium,source_disagreement_or_single,True,Single-source or non-unanimous starter signal (FFS predicted XI).,FFS Team News; FPL Meerkat,,a,,,,,11,HUL,registered,,available,,high,eligible,Fit and starting right winger for GW1.,FFS Team News; Preseason friendlies,
2026-27,Hull City,HUL,287,Millar,MID,Rotation,0.4,0.25,0.35,70.0,20.0,False,medium,source_disagreement_or_single,False,Previously draft-role but absent from current FFS XI and Meerkat nailed list.,FFS Team News; FPL Meerkat,,a,,,,,11,HUL,registered,,available,,high,not_role_eligible,Fit and projected starting LW for GW1.,FFS Team News; Preseason friendlies,
2026-27,Hull City,HUL,288,Dowell,MID,Cameo,0.1,0.35,0.55,60.0,15.0,False,low,multi_source_preseason_consensus,False,Attacking midfield option from the bench.,Club squad depth,,a,,,,,11,HUL,registered,,not_role_eligible,,high,not_role_eligible,Substitute option.,Club squad depth,
2026-27,Hull City,HUL,289,Crooks,MID,Regular Starter,0.75,0.1,0.15,80.0,20.0,False,medium,source_disagreement_or_single,True,Single-source or non-unanimous starter signal (FFS predicted XI).,FFS Team News; FPL Meerkat,,a,,,,,11,HUL,registered,,available,,high,eligible,Fit and projected starting midfielder for GW1.,FFS Team News; Preseason friendlies,
2026-27,Hull City,HUL,290,Slater,MID,Regular Starter,0.75,0.1,0.15,80.0,20.0,False,medium,source_disagreement_or_single,True,Single-source or non-unanimous starter signal (FFS predicted XI).,FFS Team News; FPL Meerkat,,a,,,,,11,HUL,registered,,available,,high,eligible,Fit and starting central midfielder for GW1.,FFS Team News; FPL Set-Piece Analysis,
2026-27,Hull City,HUL,291,Matazo,MID,Out of Contention,0.0,0.05,0.95,45.0,10.0,False,low,multi_source_preseason_consensus,False,Sidelined with significant knee injury; unknown return date.,Official Injury Report; FPL API status,,i,0.0,,Knee injury - Unknown return date,2026-07-23T12:01:23.532635Z,11,HUL,registered,,exclude_gw1-5,,high,exclude_gw1-5,Knee injury - Unknown return date.,Official Injury Report; FPL API status,
2026-27,Hull City,HUL,292,Ömür,MID,Rotation,0.4,0.25,0.35,70.0,20.0,False,medium,multi_source_preseason_consensus,False,"Attacking playmaker competing with Crooks, Belloumi, and Millar.",FFS Team News; Preseason friendlies,,a,,,,,11,HUL,registered,,not_role_eligible,,high,not_role_eligible,Midfield rotation option; not in primary starting XI.,FFS Team News; Preseason friendlies,
2026-27,Hull City,HUL,293,Kamara,MID,Rotation,0.4,0.25,0.35,70.0,20.0,False,medium,multi_source_preseason_consensus,False,Winger and attacking midfield rotation challenger.,Club squad depth; Preseason friendlies,,u,0.0,,Has joined Portsmouth permanently,,11,HUL,registered,,not_role_eligible,,high,exclude_gw1,API status=u; chance=0.0; Has joined Portsmouth permanently,Club squad depth; Preseason friendlies,
2026-27,Hull City,HUL,294,Zambrano,MID,Cameo,0.1,0.35,0.55,60.0,15.0,False,low,multi_source_preseason_consensus,False,Young midfielder signed from Maribor; developmental squad option.,Club squad depth; Summer transfers,,i,0.0,,Thigh injury - Unknown return date,,11,HUL,registered,,not_role_eligible,,high,exclude_gw1,API status=i; chance=0.0; Thigh injury - Unknown return date,Club squad depth; Summer transfers,
2026-27,Hull City,HUL,296,Akintola,MID,Cameo,0.1,0.35,0.55,60.0,15.0,False,low,multi_source_preseason_consensus,False,Wide attacking bench option.,Club squad depth,,a,,,,,11,HUL,registered,,not_role_eligible,,high,not_role_eligible,Substitute winger.,Club squad depth,
2026-27,Hull City,HUL,297,Gyabi,MID,Cameo,0.1,0.35,0.55,60.0,15.0,False,low,multi_source_preseason_consensus,False,Central midfield cover behind Slater and Morita/Crooks.,Club squad depth,,i,0.0,,Thigh injury - Unknown return date,,11,HUL,registered,,not_role_eligible,,high,exclude_gw1,API status=i; chance=0.0; Thigh injury - Unknown return date,Club squad depth,
2026-27,Hull City,HUL,563,Morita,MID,Rotation,0.4,0.25,0.35,70.0,20.0,False,medium,multi_source_preseason_consensus,False,Free transfer signing from Sporting CP; competing for starting central midfield berth.,FFS Team News; Summer transfers,,d,50.0,,Calf injury - 50% chance of playing,,11,HUL,registered,,not_role_eligible,,high,watch,API chance=50.0; Calf injury - 50% chance of playing,FFS Team News; Summer transfers,
2026-27,Ipswich Town,IPS,259,Diop,DEF,Regular Starter,0.75,0.1,0.15,80.0,20.0,False,medium,source_disagreement_or_single,True,Single-source or non-unanimous starter signal (FFS predicted XI).,FFS Team News; FPL Meerkat,,a,,,,,12,IPS,registered,,available,,high,eligible,Fit and projected starting CB for GW1.,FFS Team News; Summer transfers,
2026-27,Ipswich Town,IPS,303,Kipré,DEF,Rotation,0.4,0.25,0.35,70.0,20.0,False,medium,multi_source_preseason_consensus,False,"Centre-back rotation option behind Diop, Greaves, and O'Shea.",FFS Team News; Club squad depth,,a,,,,,12,IPS,registered,,not_role_eligible,,high,not_role_eligible,Defensive rotation option.,FFS Team News; Club squad depth,
2026-27,Ipswich Town,IPS,304,O'Shea,DEF,Regular Starter,0.75,0.1,0.15,80.0,20.0,False,medium,source_disagreement_or_single,True,Single-source or non-unanimous starter signal (FFS predicted XI).,FFS Team News; FPL Meerkat,,a,,,,,12,IPS,registered,,available,,high,eligible,Fit and projected defensive starter for GW1.,FFS Team News; Preseason friendlies,
2026-27,Ipswich Town,IPS,305,Davis,DEF,Regular Starter,0.75,0.1,0.15,80.0,20.0,False,medium,source_disagreement_or_single,True,Single-source or non-unanimous starter signal (FFS predicted XI).,FFS Team News; FPL Meerkat,,a,,,,,12,IPS,registered,,available,,high,eligible,Fit and starting left-back for GW1.,FFS Team News; Preseason friendlies,
2026-27,Ipswich Town,IPS,306,Greaves,DEF,Regular Starter,0.75,0.1,0.15,80.0,20.0,False,medium,source_disagreement_or_single,True,Single-source or non-unanimous starter signal (FFS predicted XI).,FFS Team News; FPL Meerkat,,a,,,,,12,IPS,registered,,available,,high,eligible,Fit and starting centre-back for GW1.,FFS Team News; Preseason friendlies,
2026-27,Ipswich Town,IPS,307,Johnson,DEF,Rotation,0.4,0.25,0.35,70.0,20.0,False,medium,multi_source_preseason_consensus,False,Fullback cover at right-back and wing-back.,Club squad depth,,a,,,,,12,IPS,registered,,not_role_eligible,,high,not_role_eligible,Fullback depth.,Club squad depth,
2026-27,Ipswich Town,IPS,308,Furlong,DEF,Rotation,0.4,0.25,0.35,70.0,20.0,False,medium,multi_source_preseason_consensus,False,Right-back competitor battling Ben Johnson and Dara O'Shea.,FFS Team News; Club squad depth,,a,,,,,12,IPS,registered,,not_role_eligible,,high,not_role_eligible,Right-back rotation option.,FFS Team News; Club squad depth,
2026-27,Ipswich Town,IPS,316,Emersonn,FWD,Regular Starter,0.75,0.1,0.15,80.0,20.0,False,medium,source_disagreement_or_single,True,Single-source or non-unanimous starter signal (FFS predicted XI).,FFS Team News; FPL Meerkat,,a,,,,,12,IPS,registered,,available,,high,eligible,Fit and projected starting striker for GW1.,FFS Team News; Preseason friendlies,
2026-27,Ipswich Town,IPS,317,Hirst,FWD,Rotation,0.4,0.25,0.35,70.0,20.0,False,medium,multi_source_preseason_consensus,False,Striker rotation competing with Emersonn and Walle Egeli.,FFS Team News; Club squad depth,,a,,,,,12,IPS,registered,,not_role_eligible,,high,not_role_eligible,Forward rotation option.,FFS Team News; Club squad depth,
2026-27,Ipswich Town,IPS,320,Akpom,FWD,Cameo,0.1,0.35,0.55,60.0,15.0,False,low,multi_source_preseason_consensus,False,Experienced forward depth and substitute option.,Club squad depth,,a,,,,,12,IPS,registered,,not_role_eligible,,high,not_role_eligible,Bench forward.,Club squad depth,
2026-27,Ipswich Town,IPS,321,Walle Egeli,FWD,Regular Starter,0.75,0.1,0.15,80.0,20.0,False,medium,source_disagreement_or_single,True,Single-source or non-unanimous starter signal (FFS predicted XI).,FFS Team News; FPL Meerkat,,a,,,,,12,IPS,registered,,available,,high,eligible,Fit and projected starting attacker for GW1.,FFS Team News; Preseason friendlies,
2026-27,Ipswich Town,IPS,322,Al-Hamadi,FWD,Cameo,0.1,0.35,0.55,60.0,15.0,False,low,multi_source_preseason_consensus,False,Forward depth option off the bench.,Club squad depth,,a,,,,,12,IPS,registered,,not_role_eligible,,high,not_role_eligible,Substitute striker.,Club squad depth,
2026-27,Ipswich Town,IPS,300,Walton,GKP,Rotation,0.4,0.25,0.35,70.0,20.0,False,medium,multi_source_preseason_consensus,False,Goalkeeper depth competing with Scherpen and Van Oevelen.,FFS Team News; Preseason friendlies,,a,,,,,12,IPS,registered,,not_role_eligible,,high,not_role_eligible,Goalkeeper rotation/backup.,FFS Team News; Preseason friendlies,
2026-27,Ipswich Town,IPS,301,Palmer,GKP,Out of Contention,0.0,0.05,0.95,45.0,10.0,False,low,multi_source_preseason_consensus,False,Third-choice goalkeeper.,Club squad depth,,a,,,,,12,IPS,registered,,not_role_eligible,,high,not_role_eligible,Third-choice goalkeeper.,Club squad depth,
2026-27,Ipswich Town,IPS,302,Button,GKP,Out of Contention,0.0,0.05,0.95,45.0,10.0,False,low,multi_source_preseason_consensus,False,Veteran 4th choice goalkeeper.,Club squad depth,,a,,,,,12,IPS,registered,,not_role_eligible,,high,not_role_eligible,Reserve goalkeeper.,Club squad depth,
2026-27,Ipswich Town,IPS,554,Van Oevelen,GKP,Rotation,0.4,0.25,0.35,70.0,20.0,False,medium,multi_source_preseason_consensus,False,New signing from FC Volendam (£3.4m); competing with Scherpen and Walton.,FFS Team News; Budget Goalkeepers Guide,,a,,,,,12,IPS,registered,,not_role_eligible,,high,not_role_eligible,Goalkeeper rotation/split risk.,FFS Team News; Budget Goalkeepers Guide,
2026-27,Ipswich Town,IPS,564,Scherpen,GKP,Regular Starter,0.75,0.1,0.15,80.0,20.0,False,medium,source_disagreement_or_single,True,Single-source or non-unanimous starter signal (FFS predicted XI).,FFS Team News; FPL Meerkat,,a,,,,,12,IPS,registered,,available,,high,eligible,Fit and projected starting goalkeeper for GW1.,FFS Team News; Budget Goalkeepers Guide,
2026-27,Ipswich Town,IPS,309,Núñez,MID,Regular Starter,0.75,0.1,0.15,80.0,20.0,False,medium,source_disagreement_or_single,True,Single-source or non-unanimous starter signal (FFS predicted XI).,FFS Team News; FPL Meerkat,,a,,,,,12,IPS,registered,,available,,high,eligible,Fit and starting central midfielder for GW1.,FFS Team News; Preseason friendlies,
2026-27,Ipswich Town,IPS,310,Matusiwa,MID,Rotation,0.4,0.25,0.35,70.0,20.0,False,medium,multi_source_preseason_consensus,False,Midfield starter candidate sidelined with muscular injury; expected back early season.,Official Injury Report; FFS Team News,,i,0.0,,Muscular injury - Unknown return date,2026-07-29T18:00:10.305484Z,12,IPS,registered,,exclude_gw1,,high,exclude_gw1,Muscular injury - Unknown return date.,Official Injury Report; FFS Team News,
2026-27,Ipswich Town,IPS,311,Burns,MID,Cameo,0.1,0.35,0.55,60.0,15.0,False,low,multi_source_preseason_consensus,False,Winger rotation / impact substitute behind Fatawu and Maeda.,Club squad depth,,u,0.0,,Has joined Leicester City permanently,,12,IPS,registered,,not_role_eligible,,high,exclude_gw1,API status=u; chance=0.0; Has joined Leicester City permanently,Club squad depth,
2026-27,Ipswich Town,IPS,312,Taylor,MID,Out of Contention,0.0,0.05,0.95,45.0,10.0,False,low,multi_source_preseason_consensus,False,Sidelined with knee injury; out for GW1.,Official Injury Report; FPL API status,,i,0.0,,Knee injury - Unknown return date,2026-07-29T18:00:10.319370Z,12,IPS,registered,,exclude_gw1,,high,exclude_gw1,Knee injury - Unknown return date.,Official Injury Report; FPL API status,
2026-27,Ipswich Town,IPS,313,Clarke,MID,Rotation,0.4,0.25,0.35,70.0,20.0,False,medium,multi_source_preseason_consensus,False,"High-quality wide rotation option competing with Philogene, Maeda, and Fatawu.",FFS Team News; Preseason friendlies,,a,,,,,12,IPS,registered,,not_role_eligible,,high,not_role_eligible,Wide rotation option.,FFS Team News; Preseason friendlies,
2026-27,Ipswich Town,IPS,314,Ogbene,MID,Cameo,0.1,0.35,0.55,60.0,15.0,False,low,multi_source_preseason_consensus,False,Pacy winger offering late substitution threat.,Club squad depth,,a,,,,,12,IPS,registered,,not_role_eligible,,high,not_role_eligible,Bench winger.,Club squad depth,
2026-27,Ipswich Town,IPS,315,Fatawu,MID,Regular Starter,0.75,0.1,0.15,80.0,20.0,False,medium,source_disagreement_or_single,True,Single-source or non-unanimous starter signal (FFS predicted XI).,FFS Team News; FPL Meerkat,,a,,,,,12,IPS,registered,,available,,high,eligible,Fit and projected starting winger for GW1.,FFS Team News; Summer transfers,
2026-27,Ipswich Town,IPS,318,Philogene,MID,Rotation,0.4,0.25,0.35,70.0,20.0,False,medium,multi_source_preseason_consensus,False,Attacking winger in close rotation for wide starting spots.,FFS Team News; Preseason friendlies,,a,,,,,12,IPS,registered,,not_role_eligible,,high,not_role_eligible,Winger rotation option.,FFS Team News; Preseason friendlies,
2026-27,Ipswich Town,IPS,319,Szmodics,MID,Rotation,0.4,0.25,0.35,70.0,20.0,False,medium,multi_source_preseason_consensus,False,Attacking midfielder / second-striker sharing minutes with Nunez and wingers.,FFS Team News; Preseason friendlies,,u,0.0,,Has joined Derby County on loan for the rest of the season,,12,IPS,registered,,not_role_eligible,,high,exclude_gw1,API status=u; chance=0.0; Has joined Derby County on loan for the rest of the season,FFS Team News; Preseason friendlies,
2026-27,Ipswich Town,IPS,323,McAteer,MID,Cameo,0.1,0.35,0.55,60.0,15.0,False,low,multi_source_preseason_consensus,False,Midfield bench option.,Club squad depth,,a,,,,,12,IPS,registered,,not_role_eligible,,high,not_role_eligible,Midfield depth.,Club squad depth,
2026-27,Ipswich Town,IPS,324,Mehmeti,MID,Rotation,0.4,0.25,0.35,70.0,20.0,False,medium,multi_source_preseason_consensus,False,Attacking midfielder competing for minutes in the creative line.,FFS Team News; Club squad depth,,a,,,,,12,IPS,registered,,not_role_eligible,,high,not_role_eligible,Midfield rotation option.,FFS Team News; Club squad depth,
2026-27,Ipswich Town,IPS,562,Maeda,MID,Regular Starter,0.75,0.1,0.15,80.0,20.0,False,medium,source_disagreement_or_single,True,Single-source or non-unanimous starter signal (FFS predicted XI).,FFS Team News; FPL Meerkat,,a,,,,,12,IPS,registered,,available,,high,eligible,Fit and projected starting winger for GW1.,FFS Team News; Summer transfers,
2026-27,Leeds,LEE,327,Bijol,DEF,Regular Starter,0.75,0.1,0.15,80.0,20.0,False,medium,source_disagreement_or_single,True,Single-source or non-unanimous starter signal (FFS predicted XI).,FFS Team News; FPL Meerkat,,a,,,,,13,LEE,registered,,available,,high,eligible,Fit and projected starting CB for GW1.,FFS Team News; Preseason friendlies,
2026-27,Leeds,LEE,329,Rodon,DEF,Nailed Starter,0.9,0.05,0.05,85.0,20.0,False,high,unanimous_dual_source,True,Unanimous: FFS predicted XI + Meerkat 🟢 nailed.,FFS Team News; FPL Meerkat,,a,,,,,13,LEE,registered,,available,,high,eligible,Fit and nailed starting CB for GW1.,FFS Team News; FPL Meerkat,
2026-27,Leeds,LEE,330,Bogle,DEF,Regular Starter,0.75,0.1,0.15,80.0,20.0,False,medium,source_disagreement_or_single,True,Single-source or non-unanimous starter signal (FFS predicted XI).,FFS Team News; FPL Meerkat,,a,,,,,13,LEE,registered,,available,,high,eligible,Fit and projected starting RB for GW1.,FFS Team News; Preseason friendlies,
2026-27,Leeds,LEE,331,Gudmundsson,DEF,Rotation,0.4,0.25,0.35,70.0,20.0,False,medium,multi_source_preseason_consensus,False,Left-back depth competing with James Justin.,FFS Team News; Club squad depth,,i,0.0,,Hamstring injury - Expected back 30 Aug,,13,LEE,registered,,not_role_eligible,,high,exclude_gw1,API status=i; chance=0.0; Hamstring injury - Expected back 30 Aug,FFS Team News; Club squad depth,
2026-27,Leeds,LEE,332,Justin,DEF,Regular Starter,0.75,0.1,0.15,80.0,20.0,False,medium,source_disagreement_or_single,True,Single-source or non-unanimous starter signal (FFS predicted XI).,FFS Team News; FPL Meerkat,,a,,,,,13,LEE,registered,,available,,high,eligible,Fit and projected starting fullback for GW1.,FFS Team News; Preseason friendlies,
2026-27,Leeds,LEE,333,Bornauw,DEF,Cameo,0.1,0.35,0.55,60.0,15.0,False,low,multi_source_preseason_consensus,False,"Centre-back cover behind Rodon, Bijol, and Muharemovic.",Club squad depth,,a,,,,,13,LEE,registered,,not_role_eligible,,high,not_role_eligible,Centre-back depth.,Club squad depth,
2026-27,Leeds,LEE,334,Muharemović,DEF,Nailed Starter,0.9,0.05,0.05,85.0,20.0,False,high,unanimous_dual_source,True,Unanimous: FFS predicted XI + Meerkat 🟢 nailed.,FFS Team News; FPL Meerkat,,a,,,,,13,LEE,registered,,available,,high,eligible,Fit and nailed starting CB for GW1.,FFS Team News; FPL Meerkat,
2026-27,Leeds,LEE,346,Calvert-Lewin,FWD,Nailed Starter,0.9,0.05,0.05,85.0,20.0,False,high,unanimous_dual_source,True,Unanimous: FFS predicted XI + Meerkat 🟢 nailed.,FFS Team News; FPL Meerkat,,a,,,,,13,LEE,registered,,available,,high,eligible,Fit and nailed starting striker for GW1.,FFS Team News; FPL Meerkat,
2026-27,Leeds,LEE,347,Nmecha,FWD,Cameo,0.1,0.35,0.55,60.0,15.0,False,low,multi_source_preseason_consensus,False,Backup striker behind Calvert-Lewin.,Club squad depth,,a,,,,,13,LEE,registered,,not_role_eligible,,high,not_role_eligible,Backup striker.,Club squad depth,
2026-27,Leeds,LEE,348,Piroe,FWD,Cameo,0.1,0.35,0.55,60.0,15.0,False,low,multi_source_preseason_consensus,False,Forward / second-striker depth providing bench goal threat.,Club squad depth,,a,,,,,13,LEE,registered,,not_role_eligible,,high,not_role_eligible,Bench forward.,Club squad depth,
2026-27,Leeds,LEE,349,Mateo Joseph,FWD,Out of Contention,0.0,0.05,0.95,45.0,10.0,False,low,multi_source_preseason_consensus,False,Sidelined with knee injury; unknown return date.,Official Injury Report; FPL API status,,i,0.0,,Knee injury - Unknown return date,2026-07-29T18:00:10.338170Z,13,LEE,registered,,exclude_gw1,,high,exclude_gw1,Knee injury - Unknown return date.,Official Injury Report; FPL API status,
2026-27,Leeds,LEE,326,Perri,GKP,Rotation,0.4,0.25,0.35,70.0,20.0,False,medium,multi_source_preseason_consensus,False,In competition with newly signed £45m goalkeeper James Trafford for starting berth.,FFS Team News; Club squad depth,,a,,,,,13,LEE,registered,,not_role_eligible,,high,not_role_eligible,Goalkeeper competition with Trafford.,FFS Team News; Club squad depth,
2026-27,Leeds,LEE,260,Wilson,MID,Nailed Starter,0.9,0.05,0.05,85.0,20.0,False,high,unanimous_dual_source,True,Unanimous: FFS predicted XI + Meerkat 🟢 nailed.,FFS Team News; FPL Meerkat,,a,,,,,13,LEE,registered,,available,,high,eligible,Fit and nailed starting talisman for GW1.,FFS Team News; FPL Meerkat,
2026-27,Leeds,LEE,335,Stach,MID,Nailed Starter,0.9,0.05,0.05,85.0,20.0,False,high,unanimous_dual_source,True,Unanimous: FFS predicted XI + Meerkat 🟢 nailed.,FFS Team News; FPL Meerkat,,a,,,,,13,LEE,registered,,available,,high,eligible,Fit and nailed starting midfielder for GW1.,FFS Team News; FPL Meerkat,
2026-27,Leeds,LEE,336,Okafor,MID,Regular Starter,0.75,0.1,0.15,80.0,20.0,False,medium,source_disagreement_or_single,True,Single-source or non-unanimous starter signal (Meerkat 🟢 / predicted).,FFS Team News; FPL Meerkat,,a,,,,,13,LEE,registered,,available,,high,eligible,Fit and projected starting attacker for GW1.,FFS Team News; FPL Meerkat,
2026-27,Leeds,LEE,337,Aaronson,MID,Regular Starter,0.75,0.1,0.15,80.0,20.0,False,medium,source_disagreement_or_single,True,Single-source or non-unanimous starter signal (FFS predicted XI).,FFS Team News; FPL Meerkat,,a,,,,,13,LEE,registered,,not_role_eligible,,high,eligible,Attacking rotation option.,FFS Team News; Preseason friendlies,
2026-27,Leeds,LEE,338,Ampadu,MID,Nailed Starter,0.9,0.05,0.05,85.0,20.0,False,high,unanimous_dual_source,True,Unanimous: FFS predicted XI + Meerkat 🟢 nailed.,FFS Team News; FPL Meerkat,,a,,,,,13,LEE,registered,,available,,high,eligible,Fit and nailed starting captain / DM for GW1.,FFS Team News; FPL Meerkat,
2026-27,Leeds,LEE,339,Longstaff,MID,Rotation,0.4,0.25,0.35,70.0,20.0,False,medium,multi_source_preseason_consensus,False,Central midfield depth behind Stach and Ampadu.,FFS Team News; Club squad depth,,a,,,,,13,LEE,registered,,not_role_eligible,,high,not_role_eligible,Midfield rotation option.,FFS Team News; Club squad depth,
2026-27,Hull City,HUL,340,Gelhardt,MID,Cameo,0.1,0.35,0.55,60.0,15.0,False,low,multi_source_preseason_consensus,False,Attacking option providing late substitute minutes.,Club squad depth,,a,,,,,11,HUL,registered,,not_role_eligible,,high,not_role_eligible,Bench attacker.,Club squad depth,
2026-27,Leeds,LEE,341,Gnonto,MID,Cameo,0.1,0.35,0.55,60.0,15.0,False,low,multi_source_preseason_consensus,False,Winger impact substitute behind Wilson and Okafor.,FFS Team News; Preseason friendlies,,a,,,,,13,LEE,registered,,not_role_eligible,,high,not_role_eligible,Winger bench option.,FFS Team News; Preseason friendlies,
2026-27,Leeds,LEE,342,Harrison,MID,Out of Contention,0.0,0.05,0.95,45.0,10.0,False,low,multi_source_preseason_consensus,False,Permanent transfer to MLS New England Revolution.,Official Club Announcement; FPL API news,,u,0.0,,Has joined New England Revolution permanently,2026-07-28T12:59:09.492431Z,13,LEE,registered,,not_role_eligible,,high,exclude_gw1,API status=u; chance=0.0; Has joined New England Revolution permanently,Official Club Announcement; FPL API news,
2026-27,Leeds,LEE,343,James,MID,Cameo,0.1,0.35,0.55,60.0,15.0,False,low,multi_source_preseason_consensus,False,Pacy wide substitute offering direct attacking threat.,Club squad depth,,a,,,,,13,LEE,registered,,not_role_eligible,,high,not_role_eligible,Bench winger.,Club squad depth,
2026-27,Leeds,LEE,344,Gruev,MID,Cameo,0.1,0.35,0.55,60.0,15.0,False,low,multi_source_preseason_consensus,False,Defensive midfield cover for Ethan Ampadu.,Club squad depth,,i,0.0,,Knee injury - Unknown return date,,13,LEE,registered,,not_role_eligible,,high,exclude_gw1,API status=i; chance=0.0; Knee injury - Unknown return date,Club squad depth,
2026-27,Leeds,LEE,345,Tanaka,MID,Rotation,0.4,0.25,0.35,70.0,20.0,False,medium,multi_source_preseason_consensus,False,Progressive central midfielder rotating in engine room.,FFS Team News; Preseason friendlies,,a,,,,,13,LEE,registered,,not_role_eligible,,high,not_role_eligible,Midfield rotation option.,FFS Team News; Preseason friendlies,
2026-27,Liverpool,LIV,356,Virgil,DEF,Nailed Starter,0.9,0.05,0.05,85.0,20.0,False,high,unanimous_dual_source,True,Unanimous: FFS predicted XI + Meerkat 🟢 nailed.,FFS Team News; FPL Meerkat,,a,,,,,14,LIV,registered,,available,,high,eligible,Fit and nailed starting captain / CB for GW1.,FFS Team News; FPL Meerkat,
2026-27,Liverpool,LIV,357,Frimpong,DEF,Regular Starter,0.75,0.1,0.15,80.0,20.0,False,medium,source_disagreement_or_single,True,Single-source or non-unanimous starter signal (FFS predicted XI).,FFS Team News; FPL Meerkat,,a,,,,,14,LIV,registered,,available,,high,eligible,Fit and projected starting RB for GW1.,FFS Team News; Preseason friendlies,
2026-27,Liverpool,LIV,358,Kerkez,DEF,Nailed Starter,0.9,0.05,0.05,85.0,20.0,False,high,unanimous_dual_source,True,Unanimous: FFS predicted XI + Meerkat 🟢 nailed.,FFS Team News; FPL Meerkat,,a,,,,,14,LIV,registered,,available,,high,eligible,Fit and nailed starting LB for GW1.,FFS Team News; FPL Meerkat,
2026-27,Liverpool,LIV,359,Gomez,DEF,Rotation,0.4,0.25,0.35,70.0,20.0,False,medium,multi_source_preseason_consensus,False,Versatile defensive rotation option currently nursing muscular injury.,Official Injury Report; FFS Team News,,i,0.0,,Muscular injury - Unknown return date,2026-07-26T08:30:10.078473Z,14,LIV,registered,,exclude_gw1,,high,exclude_gw1,Muscular injury - Unknown return date.,Official Injury Report; FFS Team News,
2026-27,Liverpool,LIV,360,Bradley,DEF,Cameo,0.1,0.35,0.55,60.0,15.0,False,low,multi_source_preseason_consensus,False,Right-back challenger behind Frimpong; currently recovering from knee injury.,Official Injury Report; FFS Team News,,i,0.0,,Knee injury - Unknown return date,2026-07-23T12:01:23.565711Z,14,LIV,registered,,exclude_gw1,,high,exclude_gw1,Knee injury - Unknown return date.,Official Injury Report; FFS Team News,
2026-27,Liverpool,LIV,361,Lucky,DEF,Out of Contention,0.0,0.05,0.95,45.0,10.0,False,low,multi_source_preseason_consensus,False,Academy defender outside senior squad.,Club squad depth,,a,,,,,14,LIV,registered,,not_role_eligible,,high,not_role_eligible,Youth defender.,Club squad depth,
2026-27,Liverpool,LIV,362,Jacquet,DEF,Nailed Starter,0.9,0.05,0.05,85.0,20.0,False,high,unanimous_dual_source,True,Unanimous: FFS predicted XI + Meerkat 🟢 nailed.,FFS Team News; FPL Meerkat,,a,100.0,,,2026-07-23T12:01:23.581126Z,14,LIV,registered,,available,,high,eligible,Fit and nailed starting CB for GW1.,FFS Team News; FPL Meerkat,
2026-27,Liverpool,LIV,363,Leoni,DEF,Out of Contention,0.0,0.05,0.95,45.0,10.0,False,low,multi_source_preseason_consensus,False,Youth defender recovering from knee injury.,Official Injury Report; FPL API status,,i,0.0,,Knee injury - Unknown return date,2026-07-23T12:01:23.596909Z,14,LIV,registered,,exclude_gw1,,high,exclude_gw1,Knee injury - Unknown return date.,Official Injury Report; FPL API status,
2026-27,Liverpool,LIV,364,Tsimikas,DEF,Rotation,0.4,0.25,0.35,70.0,20.0,False,medium,multi_source_preseason_consensus,False,Backup left-back providing cover for Milos Kerkez.,Club squad depth,,a,,,,,14,LIV,registered,,not_role_eligible,,high,not_role_eligible,Backup left-back.,Club squad depth,
2026-27,Liverpool,LIV,365,Ramsay,DEF,Out of Contention,0.0,0.05,0.95,45.0,10.0,False,low,multi_source_preseason_consensus,False,Fringe right-back outside matchday squad.,Club squad depth,,a,,,,,14,LIV,registered,,not_role_eligible,,high,not_role_eligible,Reserve defender.,Club squad depth,
2026-27,Liverpool,LIV,379,Isak,FWD,Nailed Starter,0.9,0.05,0.05,85.0,20.0,False,high,unanimous_dual_source,True,Unanimous: FFS predicted XI + Meerkat 🟢 nailed.,FFS Team News; FPL Meerkat,,a,,,,,14,LIV,registered,,available,,high,eligible,Fit and nailed starting striker for GW1.,FFS Team News; FPL Meerkat,
2026-27,Liverpool,LIV,380,Ekitiké,FWD,Cameo,0.1,0.35,0.55,60.0,15.0,False,low,multi_source_preseason_consensus,False,Striker challenger behind Isak currently sidelined with Achilles injury.,Official Injury Report; FFS Team News,,i,0.0,,Achilles injury - Unknown return date,2026-07-23T12:01:23.643771Z,14,LIV,registered,,exclude_gw1,,high,exclude_gw1,Achilles injury - Unknown return date.,Official Injury Report; FFS Team News,
2026-27,Liverpool,LIV,382,Danns,FWD,Out of Contention,0.0,0.05,0.95,45.0,10.0,False,low,multi_source_preseason_consensus,False,Injured young forward (unspecified injury); out for GW1.,Official Injury Report; FPL API status,,i,0.0,,Unspecified injury - Unknown return date,2026-07-23T12:01:23.659279Z,14,LIV,registered,,exclude_gw1,,high,exclude_gw1,Unspecified injury - Unknown return date.,Official Injury Report; FPL API status,
2026-27,Liverpool,LIV,350,A.Becker,GKP,Rotation,0.4,0.25,0.35,70.0,20.0,False,medium,source_disagreement_or_single,False,Previously draft-role but absent from current FFS XI and Meerkat nailed list.,FFS Team News; FPL Meerkat,,a,,,,,14,LIV,registered,,available,,high,not_role_eligible,Fit and nailed starting goalkeeper for GW1.,FFS Team News; FPL Meerkat,
2026-27,Liverpool,LIV,351,Mamardashvili,GKP,Rotation,0.4,0.25,0.35,70.0,20.0,False,medium,multi_source_preseason_consensus,False,Elite backup goalkeeper behind Alisson; cup/rotation keeper.,FFS Team News; Preseason friendlies,,a,,,,,14,LIV,registered,,not_role_eligible,,high,not_role_eligible,Backup goalkeeper behind Alisson.,FFS Team News; Preseason friendlies,
2026-27,Liverpool,LIV,352,Woodman,GKP,Out of Contention,0.0,0.05,0.95,45.0,10.0,False,low,multi_source_preseason_consensus,False,Third-choice goalkeeper.,Club squad depth,,a,,,,,14,LIV,registered,,not_role_eligible,,high,not_role_eligible,Third-choice goalkeeper.,Club squad depth,
2026-27,Liverpool,LIV,353,Pecsi,GKP,Out of Contention,0.0,0.05,0.95,45.0,10.0,False,low,multi_source_preseason_consensus,False,Academy goalkeeper outside matchday squad.,Club squad depth,,a,,,,,14,LIV,registered,,not_role_eligible,,high,not_role_eligible,Academy goalkeeper.,Club squad depth,
2026-27,Liverpool,LIV,354,Jaros,GKP,Out of Contention,0.0,0.05,0.95,45.0,10.0,False,low,multi_source_preseason_consensus,False,Injured goalkeeper (knee injury); unknown return date.,Official Injury Report; FPL API status,,i,0.0,,Knee injury - Unknown return date,2026-07-29T18:00:10.351066Z,14,LIV,registered,,exclude_gw1,,high,exclude_gw1,Knee injury - Unknown return date.,Official Injury Report; FPL API status,
2026-27,Liverpool,LIV,355,Davies,GKP,Out of Contention,0.0,0.05,0.95,45.0,10.0,False,low,multi_source_preseason_consensus,False,Reserve goalkeeper.,Club squad depth,,a,,,,,14,LIV,registered,,not_role_eligible,,high,not_role_eligible,Reserve goalkeeper.,Club squad depth,
2026-27,Liverpool,LIV,366,Wirtz,MID,Nailed Starter,0.9,0.05,0.05,85.0,20.0,False,high,unanimous_dual_source,True,Unanimous: FFS predicted XI + Meerkat 🟢 nailed.,FFS Team News; FPL Meerkat,,a,,,,,14,LIV,registered,,available,,high,eligible,Fit and nailed starting playmaker for GW1.,FFS Team News; FPL Meerkat,
2026-27,Liverpool,LIV,367,Gakpo,MID,Regular Starter,0.75,0.1,0.15,80.0,20.0,False,medium,source_disagreement_or_single,True,Single-source or non-unanimous starter signal (FFS predicted XI).,FFS Team News; FPL Meerkat,,a,,,,,14,LIV,registered,,available,,high,eligible,Fit and projected starting LW for GW1.,FFS Team News; Preseason friendlies,
2026-27,Liverpool,LIV,368,Szoboszlai,MID,Nailed Starter,0.9,0.05,0.05,85.0,20.0,False,high,unanimous_dual_source,True,Unanimous: FFS predicted XI + Meerkat 🟢 nailed.,FFS Team News; FPL Meerkat,,a,,,,,14,LIV,registered,,available,,high,eligible,Fit and nailed starting midfielder for GW1.,FFS Team News; FPL Meerkat,
2026-27,Liverpool,LIV,369,Ngumoha,MID,Regular Starter,0.75,0.1,0.15,80.0,20.0,False,medium,source_disagreement_or_single,True,Single-source or non-unanimous starter signal (FFS predicted XI).,FFS Team News; FPL Meerkat,,a,,,,,14,LIV,registered,,available,,high,eligible,Fit and projected starting attacker for GW1.,FFS Team News; Preseason friendlies,
2026-27,Liverpool,LIV,370,Chiesa,MID,Rotation,0.4,0.25,0.35,70.0,20.0,False,medium,multi_source_preseason_consensus,False,Experienced forward/winger rotation providing depth across frontline.,Club squad depth; Preseason friendlies,,a,,,,,14,LIV,registered,,not_role_eligible,,high,not_role_eligible,Attacking rotation option.,Club squad depth; Preseason friendlies,
2026-27,Liverpool,LIV,371,Gravenberch,MID,Nailed Starter,0.9,0.05,0.05,85.0,20.0,False,high,unanimous_dual_source,True,Unanimous: FFS predicted XI + Meerkat 🟢 nailed.,FFS Team News; FPL Meerkat,,a,,,,,14,LIV,registered,,available,,high,eligible,Fit and nailed starting DM for GW1.,FFS Team News; FPL Meerkat,
2026-27,Liverpool,LIV,372,Mac Allister,MID,Regular Starter,0.75,0.1,0.15,80.0,20.0,False,medium,source_disagreement_or_single,True,Single-source or non-unanimous starter signal (Meerkat 🟢 / predicted).,FFS Team News; FPL Meerkat,,a,,,,,14,LIV,registered,,watch,,high,watch,Post-tournament fitness management.,Official club / research overlay,
2026-27,Liverpool,LIV,373,C.Jones,MID,Rotation,0.4,0.25,0.35,70.0,20.0,False,medium,multi_source_preseason_consensus,False,"Central midfield rotation option behind Gravenberch, Szoboszlai, and Mac Allister.",FFS Team News; Preseason friendlies,,d,75.0,,Hip injury - 75% chance of playing,,14,LIV,registered,,not_role_eligible,,high,not_role_eligible,Midfield rotation option.,FFS Team News; Preseason friendlies,
2026-27,Liverpool,LIV,374,Endo,MID,Cameo,0.1,0.35,0.55,60.0,15.0,False,low,multi_source_preseason_consensus,False,Veteran defensive midfield cover; 75% flag with ankle knock.,Official Injury Report; FPL API status,,a,100.0,,,2026-07-23T12:01:23.612529Z,14,LIV,registered,,watch,,high,watch,Ankle injury - 75% chance of playing.,Official Injury Report; FPL API status,
2026-27,Liverpool,LIV,375,Nyoni,MID,Out of Contention,0.0,0.05,0.95,45.0,10.0,False,low,multi_source_preseason_consensus,False,Young midfield prospect outside primary senior squad.,Club squad depth,,a,,,,,14,LIV,registered,,not_role_eligible,,high,not_role_eligible,Youth prospect.,Club squad depth,
2026-27,Liverpool,LIV,376,Bajcetic,MID,Out of Contention,0.0,0.05,0.95,45.0,10.0,False,low,multi_source_preseason_consensus,False,Hamstring injury; expected back late August.,Official Injury Report; FPL API status,,i,0.0,,Hamstring injury - Expected back 23 Aug,2026-07-23T12:01:23.628373Z,14,LIV,registered,,exclude_gw1,,high,exclude_gw1,Hamstring injury - Expected back 23 Aug.,Official Injury Report; FPL API status,
2026-27,Liverpool,LIV,377,Munoz,MID,Cameo,0.1,0.35,0.55,60.0,15.0,False,low,multi_source_preseason_consensus,False,Spanish winger providing attacking depth.,FFS Team News; Preseason friendlies,,a,,,,,14,LIV,registered,,not_role_eligible,,high,not_role_eligible,Bench winger.,FFS Team News; Preseason friendlies,
2026-27,Liverpool,LIV,378,McConnell,MID,Out of Contention,0.0,0.05,0.95,45.0,10.0,False,low,multi_source_preseason_consensus,False,Reserve midfielder.,Club squad depth,,a,,,,,14,LIV,registered,,not_role_eligible,,high,not_role_eligible,Reserve midfielder.,Club squad depth,
2026-27,Liverpool,LIV,381,Koumas,MID,Out of Contention,0.0,0.05,0.95,45.0,10.0,False,low,multi_source_preseason_consensus,False,Youth forward outside senior matchday squad.,Club squad depth,,a,,,,,14,LIV,registered,,not_role_eligible,,high,not_role_eligible,Youth forward.,Club squad depth,
2026-27,Liverpool,LIV,383,Elliott,MID,Rotation,0.4,0.25,0.35,70.0,20.0,False,medium,multi_source_preseason_consensus,False,Attacking midfield / right wing rotation option.,Club squad depth; Preseason friendlies,,a,,,,,14,LIV,registered,,not_role_eligible,,high,not_role_eligible,Attacking rotation option.,Club squad depth; Preseason friendlies,
2026-27,Man City,MCI,387,O'Reilly,DEF,Regular Starter,0.75,0.1,0.15,80.0,20.0,False,medium,source_disagreement_or_single,True,Single-source or non-unanimous starter signal (Meerkat 🟢 / predicted).,FFS Team News; FPL Meerkat,,a,,,,,15,MCI,registered,,available,,high,eligible,Fit and projected defensive starter for GW1.,FFS Team News; FPL Meerkat,
2026-27,Man City,MCI,388,Guéhi,DEF,Nailed Starter,0.9,0.05,0.05,85.0,20.0,False,high,unanimous_dual_source,True,Unanimous: FFS predicted XI + Meerkat 🟢 nailed.,FFS Team News; FPL Meerkat,,a,,,,,15,MCI,registered,,available,,high,eligible,Fit and projected starting CB for GW1.,FFS Team News; FPL Meerkat,
2026-27,Man City,MCI,389,Matheus N.,DEF,Regular Starter,0.75,0.1,0.15,80.0,20.0,False,medium,source_disagreement_or_single,True,Single-source or non-unanimous starter signal (Meerkat 🟢 / predicted).,FFS Team News; FPL Meerkat,,d,75.0,,Knock - 75% chance of playing,,15,MCI,registered,,available,,high,eligible,Fit and nailed starting RB for GW1.,FFS Team News; FPL Meerkat,
2026-27,Man City,MCI,390,Rúben,DEF,Regular Starter,0.75,0.1,0.15,80.0,20.0,False,medium,source_disagreement_or_single,True,Single-source or non-unanimous starter signal (FFS predicted XI).,FFS Team News; FPL Meerkat,,a,,,,,15,MCI,registered,,available,,high,eligible,Fit and projected starting CB for GW1.,FFS Team News; Preseason friendlies,
2026-27,Man City,MCI,391,Gvardiol,DEF,Regular Starter,0.75,0.1,0.15,80.0,20.0,False,medium,source_disagreement_or_single,True,Single-source or non-unanimous starter signal (FFS predicted XI).,FFS Team News; FPL Meerkat,,a,,,,,15,MCI,registered,,available,,high,eligible,Fit and projected starting LB/CB for GW1.,FFS Team News; Preseason friendlies,
2026-27,Man City,MCI,392,Aït-Nouri,DEF,Rotation,0.4,0.25,0.35,70.0,20.0,False,medium,multi_source_preseason_consensus,False,Left-back / wing-back rotation option competing with Gvardiol and O'Reilly.,FFS Team News; Preseason friendlies,,a,,,,,15,MCI,registered,,not_role_eligible,,high,not_role_eligible,Left-back rotation option.,FFS Team News; Preseason friendlies,
2026-27,Man City,MCI,393,Khusanov,DEF,Regular Starter,0.75,0.1,0.15,80.0,20.0,False,medium,source_disagreement_or_single,True,Single-source or non-unanimous starter signal (FFS predicted XI).,FFS Team News; FPL Meerkat,,a,,,,,15,MCI,registered,,available,,high,eligible,Fit and projected defensive starter for GW1.,FFS Team News; Preseason friendlies,
2026-27,Man City,MCI,394,Alleyne,DEF,Out of Contention,0.0,0.05,0.95,45.0,10.0,False,low,multi_source_preseason_consensus,False,Youth centre-back outside primary senior lineup.,Club squad depth,,a,,,,,15,MCI,registered,,not_role_eligible,,high,not_role_eligible,Youth defender.,Club squad depth,
2026-27,Man City,MCI,395,Lewis,DEF,Rotation,0.4,0.25,0.35,70.0,20.0,False,medium,multi_source_preseason_consensus,False,Inverted fullback and midfield utility sub providing depth across backline.,Club squad depth; Preseason friendlies,,a,,,,,15,MCI,registered,,not_role_eligible,,high,not_role_eligible,Fullback/midfield utility rotation.,Club squad depth; Preseason friendlies,
2026-27,Man City,MCI,396,Vitor Reis,DEF,Rotation,0.4,0.25,0.35,70.0,20.0,False,medium,source_disagreement_or_single,False,Previously draft-role but absent from current FFS XI and Meerkat nailed list.,FFS Team News; FPL Meerkat,,a,,,,,15,MCI,registered,,not_role_eligible,,high,not_role_eligible,Developmental squad.,Club squad depth,
2026-27,Man City,MCI,401,Marmoush,FWD,Cameo,0.1,0.35,0.55,60.0,15.0,False,low,multi_source_preseason_consensus,False,Attacking forward backup behind Haaland and wide starters.,FFS Team News; Club squad depth,,a,,,,,15,MCI,registered,,not_role_eligible,,high,not_role_eligible,Backup forward / impact sub.,FFS Team News; Club squad depth,
2026-27,Man City,MCI,411,Haaland,FWD,Nailed Starter,0.9,0.05,0.05,85.0,20.0,False,high,unanimous_dual_source,True,Unanimous: FFS predicted XI + Meerkat 🟢 nailed.,FFS Team News; FPL Meerkat,,a,,,,,15,MCI,registered,,available,,high,eligible,Fit and nailed starting #9 superstar for GW1.,FFS Team News; FPL Meerkat,
2026-27,Man City,MCI,384,Donnarumma,GKP,Nailed Starter,0.9,0.05,0.05,85.0,20.0,False,high,unanimous_dual_source,True,Unanimous: FFS predicted XI + Meerkat 🟢 nailed.,FFS Team News; FPL Meerkat,,a,,,,,15,MCI,registered,,available,,high,eligible,Fit and nailed starting goalkeeper for GW1.,FFS Team News; FPL Meerkat,
2026-27,Leeds United,LEE,385,Trafford,GKP,Nailed Starter,0.9,0.05,0.05,85.0,20.0,False,high,unanimous_dual_source,True,Unanimous: FFS predicted XI + Meerkat 🟢 nailed.,FFS Team News; FPL Meerkat,,a,,,,,13,LEE,registered,,available,,high,eligible,Fit and nailed starting goalkeeper (Leeds transfer).,Official Club Announcement; FFS Team News; FPL Meerkat,
2026-27,Man City,MCI,386,Bettinelli,GKP,Out of Contention,0.0,0.05,0.95,45.0,10.0,False,low,multi_source_preseason_consensus,False,Third-choice goalkeeper.,Club squad depth,,a,,,,,15,MCI,registered,,not_role_eligible,,high,not_role_eligible,Third-choice goalkeeper.,Club squad depth,
2026-27,Man City,MCI,238,Grealish,MID,Rotation,0.4,0.25,0.35,70.0,20.0,False,medium,multi_source_preseason_consensus,False,Creative winger / attacking midfield rotation; managing minor foot knock (75% flag).,FFS Team News; Official Injury Report,,a,100.0,,,2026-07-29T10:00:10.492904Z,15,MCI,registered,,watch,,high,watch,Foot injury - 75% chance of playing.,FFS Team News; Official Injury Report,
2026-27,Man City,MCI,397,Semenyo,MID,Nailed Starter,0.9,0.05,0.05,85.0,20.0,False,high,unanimous_dual_source,True,Unanimous: FFS predicted XI + Meerkat 🟢 nailed.,FFS Team News; FPL Meerkat,,a,,,,,15,MCI,registered,,available,,high,eligible,Fit and nailed starting attacker for GW1.,FFS Team News; FPL Meerkat,
2026-27,Man City,MCI,398,Foden,MID,Regular Starter,0.75,0.1,0.15,80.0,20.0,False,medium,source_disagreement_or_single,True,Single-source or non-unanimous starter signal (FFS predicted XI).,FFS Team News; FPL Meerkat,,a,,,,,15,MCI,registered,,available,,high,eligible,Fit and projected starting attacker for GW1.,FFS Team News; Preseason friendlies,
2026-27,Man City,MCI,399,Cherki,MID,Rotation,0.4,0.25,0.35,70.0,20.0,False,medium,multi_source_preseason_consensus,False,Dynamic attacking playmaker rotating across attacking midfield and wide slots.,FFS Team News; Preseason friendlies,,a,,,,,15,MCI,registered,,not_role_eligible,,high,not_role_eligible,Attacking midfield rotation.,FFS Team News; Preseason friendlies,
2026-27,Man City,MCI,400,Doku,MID,Regular Starter,0.75,0.1,0.15,80.0,20.0,False,medium,source_disagreement_or_single,True,Single-source or non-unanimous starter signal (FFS predicted XI).,FFS Team News; FPL Meerkat,,a,,,,,15,MCI,registered,,available,,high,eligible,Fit and projected starting winger for GW1.,FFS Team News; Preseason friendlies,
2026-27,Man City,MCI,402,Rodrigo,MID,Rotation,0.4,0.25,0.35,70.0,20.0,False,medium,source_disagreement_or_single,False,Previously draft-role but absent from current FFS XI and Meerkat nailed list.,FFS Team News; FPL Meerkat,,i,0.0,,Back injury - Unknown return date,2026-07-23T12:01:23.675537Z,15,MCI,registered,,exclude_gw1,,high,exclude_gw1,Back surgery recovery; miss GW1.,Official club / research overlay,
2026-27,Man City,MCI,403,Savinho,MID,Rotation,0.4,0.25,0.35,70.0,20.0,False,medium,multi_source_preseason_consensus,False,"Winger rotation competing with Doku, Semenyo, and Cherki.",FFS Team News; Preseason friendlies,,a,,,,,15,MCI,registered,,not_role_eligible,,high,not_role_eligible,Winger rotation option.,FFS Team News; Preseason friendlies,
2026-27,Man City,MCI,404,Reijnders,MID,Rotation,0.4,0.25,0.35,70.0,20.0,False,medium,source_disagreement_or_single,False,Previously draft-role but absent from current FFS XI and Meerkat nailed list.,FFS Team News; FPL Meerkat,,a,,,,,15,MCI,registered,,available,,high,not_role_eligible,Fit and projected starting midfielder for GW1.,FFS Team News; Preseason friendlies,
2026-27,Man City,MCI,405,N.Gonzalez,MID,Rotation,0.4,0.25,0.35,70.0,20.0,False,medium,multi_source_preseason_consensus,False,"Central midfield rotation option behind Reijnders, Anderson, and Rodri.",FFS Team News; Club squad depth,,a,,,,,15,MCI,registered,,not_role_eligible,,high,not_role_eligible,Midfield rotation option.,FFS Team News; Club squad depth,
2026-27,Man City,MCI,406,Kovačić,MID,Regular Starter,0.75,0.1,0.15,80.0,20.0,False,medium,source_disagreement_or_single,True,Single-source or non-unanimous starter signal (FFS predicted XI).,FFS Team News; FPL Meerkat,,a,,,,,15,MCI,registered,,not_role_eligible,,high,eligible,Midfield rotation option.,FFS Team News; Preseason friendlies,
2026-27,Man City,MCI,407,Echeverri,MID,Out of Contention,0.0,0.05,0.95,45.0,10.0,False,low,multi_source_preseason_consensus,False,Young Argentine playmaker in developmental phase.,Club squad depth,,a,,,,,15,MCI,registered,,not_role_eligible,,high,not_role_eligible,Developmental squad.,Club squad depth,
2026-27,Man City,MCI,408,Phillips,MID,Out of Contention,0.0,0.05,0.95,45.0,10.0,False,low,multi_source_preseason_consensus,False,Out of favour central midfielder outside matchday plans.,Club squad depth,,a,,,,,15,MCI,registered,,not_role_eligible,,high,not_role_eligible,Out of matchday contention.,Club squad depth,
2026-27,Man City,MCI,409,Mukasa,MID,Out of Contention,0.0,0.05,0.95,45.0,10.0,False,low,multi_source_preseason_consensus,False,Academy midfielder.,Club squad depth,,a,,,,,15,MCI,registered,,not_role_eligible,,high,not_role_eligible,Academy midfielder.,Club squad depth,
2026-27,Man City,MCI,410,Monga,MID,Out of Contention,0.0,0.05,0.95,45.0,10.0,False,low,multi_source_preseason_consensus,False,Academy winger.,Club squad depth,,a,,,,,15,MCI,registered,,not_role_eligible,,high,not_role_eligible,Academy winger.,Club squad depth,
2026-27,Man City,MCI,481,Anderson,MID,Nailed Starter,0.9,0.05,0.05,85.0,20.0,False,high,unanimous_dual_source,True,Unanimous: FFS predicted XI + Meerkat 🟢 nailed.,FFS Team News; FPL Meerkat,,a,,,,,15,MCI,registered,,available,,high,eligible,Fit and nailed starting midfield anchor for GW1.,FFS Team News; FPL Meerkat,
2026-27,Man Utd,MUN,416,De Ligt,DEF,Cameo,0.1,0.35,0.55,60.0,15.0,False,low,multi_source_preseason_consensus,False,"Sidelined with back injury with unknown return date; CB depth behind Maguire, Heaven, and Yoro.",Premier League Injury Update; Official Club Medical News,,i,0.0,,Back injury - Unknown return date,2026-07-23T12:01:23.690880Z,16,MUN,registered,,exclude_gw1-5,,high,exclude_gw1-5,Back injury - Unknown return date; absent from preseason fixtures.,Premier League Injury Update; Official Club Medical News,
2026-27,Man Utd,MUN,417,Dalot,DEF,Nailed Starter,0.9,0.05,0.05,85.0,20.0,False,high,unanimous_dual_source,True,Unanimous: FFS predicted XI + Meerkat 🟢 nailed.,FFS Team News; FPL Meerkat,,a,,,,,16,MUN,registered,,available,,high,eligible,,FFS Team News; FPL Meerkat,
2026-27,Man Utd,MUN,418,Maguire,DEF,Nailed Starter,0.9,0.05,0.05,85.0,20.0,False,high,unanimous_dual_source,True,Unanimous: FFS predicted XI + Meerkat 🟢 nailed.,FFS Team News; FPL Meerkat,,a,,,,,16,MUN,registered,,available,,high,eligible,,FFS Team News; FPL Meerkat,
2026-27,Man Utd,MUN,419,Martinez,DEF,Rotation,0.4,0.25,0.35,70.0,20.0,False,medium,multi_source_preseason_consensus,False,Managing thigh injury recovery; featured as second-half substitute vs AC Milan.,FFS Team News; Official Preseason Lineups,,a,100.0,,,2026-07-24T20:00:10.337107Z,16,MUN,registered,,not_role_eligible,,high,not_role_eligible,Thigh injury - 75% chance of playing; fitness building.,FFS Team News; Official Preseason Lineups,
2026-27,Man Utd,MUN,420,Yoro,DEF,Rotation,0.4,0.25,0.35,70.0,20.0,False,medium,multi_source_preseason_consensus,False,Central defensive rotation option behind Maguire and Heaven/Martinez.,Preseason friendlies squad usage; FFS Team News,,a,,,,,16,MUN,registered,,not_role_eligible,,high,not_role_eligible,,Preseason friendlies squad usage; FFS Team News,
2026-27,Man Utd,MUN,421,Heaven,DEF,Regular Starter,0.75,0.1,0.15,80.0,20.0,False,medium,source_disagreement_or_single,True,Single-source or non-unanimous starter signal (FFS predicted XI).,FFS Team News; FPL Meerkat,,a,,,,,16,MUN,registered,,available,,high,eligible,,FFS Team News; Official Preseason Lineups,
2026-27,Man Utd,MUN,422,Mazraoui,DEF,Rotation,0.4,0.25,0.35,70.0,20.0,False,medium,multi_source_preseason_consensus,False,Started at RB in final friendly; versatile fullback cover competing with Dalot and Shaw.,Official Preseason Lineups; FFS Team News,,a,,,,,16,MUN,registered,,not_role_eligible,,high,not_role_eligible,,Official Preseason Lineups; FFS Team News,
2026-27,Man Utd,MUN,423,Shaw,DEF,Nailed Starter,0.9,0.05,0.05,85.0,20.0,False,high,unanimous_dual_source,True,Unanimous: FFS predicted XI + Meerkat 🟢 nailed.,FFS Team News; FPL Meerkat,,a,,,,,16,MUN,registered,,available,,high,eligible,,FFS Team News; FPL Meerkat,
2026-27,Man Utd,MUN,424,Amass,DEF,Cameo,0.1,0.35,0.55,60.0,15.0,False,low,multi_source_preseason_consensus,False,Youth backup left-back behind Shaw and Mazraoui.,Club squad hierarchy,,a,,,,,16,MUN,registered,,not_role_eligible,,high,not_role_eligible,,Club squad hierarchy,
2026-27,Man Utd,MUN,425,Fredricson,DEF,Out of Contention,0.0,0.05,0.95,45.0,10.0,False,low,multi_source_preseason_consensus,False,Academy center-back depth; outside senior matchday squad.,Club squad hierarchy,,a,,,,,16,MUN,registered,,not_role_eligible,,high,not_role_eligible,,Club squad hierarchy,
2026-27,Man Utd,MUN,439,Šeško,FWD,Rotation,0.4,0.25,0.35,70.0,20.0,False,medium,multi_source_preseason_consensus,False,Carrying a minor shin injury; competing with Cunha and Zirkzee for striker role.,Premier League Injury Update; FFS Team News,,d,75.0,,Shin injury - 75% chance of playing,2026-07-23T12:01:23.722029Z,16,MUN,registered,,not_role_eligible,,high,not_role_eligible,Shin injury - 75% chance of playing.,Premier League Injury Update; FFS Team News,
2026-27,Man Utd,MUN,440,Zirkzee,FWD,Rotation,0.4,0.25,0.35,70.0,20.0,False,medium,multi_source_preseason_consensus,False,Backup striker option featured from bench in preseason.,Official Preseason Lineups; FFS Team News,,a,,,,,16,MUN,registered,,not_role_eligible,,high,not_role_eligible,,Official Preseason Lineups; FFS Team News,
2026-27,Man Utd,MUN,441,Obi,FWD,Out of Contention,0.0,0.05,0.95,45.0,10.0,False,low,multi_source_preseason_consensus,False,Academy striker outside first team contention.,Club squad hierarchy,,a,,,,,16,MUN,registered,,not_role_eligible,,high,not_role_eligible,,Club squad hierarchy,
2026-27,Man Utd,MUN,325,Darlow,GKP,Cameo,0.1,0.35,0.55,60.0,15.0,False,low,multi_source_preseason_consensus,False,Signed on free transfer from Leeds as senior backup GKP behind Lammens.,Club Transfer Announcement; FPL Meerkat,,d,75.0,,Unspecified injury - 75% chance of playing,2026-07-23T12:01:23.549136Z,16,MUN,registered,,not_role_eligible,,high,not_role_eligible,Backup goalkeeper behind Lammens; minor knock.,Club Transfer Announcement; FPL Meerkat,
2026-27,Man Utd,MUN,412,Lammens,GKP,Nailed Starter,0.9,0.05,0.05,85.0,20.0,False,high,unanimous_dual_source,True,Unanimous: FFS predicted XI + Meerkat 🟢 nailed.,FFS Team News; FPL Meerkat,,a,,,,,16,MUN,registered,,available,,high,eligible,,FFS Team News; FPL Meerkat,
2026-27,Man Utd,MUN,413,Bayindir,GKP,Cameo,0.1,0.35,0.55,60.0,15.0,False,low,multi_source_preseason_consensus,False,Reserve goalkeeper behind Lammens and Darlow.,Club squad hierarchy,,u,0.0,,Has joined Celta Vigo on loan for the rest of the season,,16,MUN,registered,,not_role_eligible,,high,exclude_gw1,API status=u; chance=0.0; Has joined Celta Vigo on loan for the rest of the season,Club squad hierarchy,
2026-27,Man Utd,MUN,414,Heaton,GKP,Out of Contention,0.0,0.05,0.95,45.0,10.0,False,low,multi_source_preseason_consensus,False,Veteran third/fourth choice goalkeeper outside matchday squad.,Club squad hierarchy,,i,0.0,,Hamstring injury - Unknown return date,,16,MUN,registered,,not_role_eligible,,high,exclude_gw1,API status=i; chance=0.0; Hamstring injury - Unknown return date,Club squad hierarchy,
2026-27,Man Utd,MUN,43,Tielemans,MID,Regular Starter,0.75,0.1,0.15,80.0,20.0,False,medium,source_disagreement_or_single,True,Single-source or non-unanimous starter signal (FFS predicted XI).,FFS Team News; FPL Meerkat,,a,100.0,,,2026-07-23T12:01:23.321726Z,16,MUN,registered,,watch,,high,watch,Hamstring injury - 75% chance of playing.,FFS Team News; Official Preseason Lineups,
2026-27,Man Utd,MUN,162,Andrey Santos,MID,Regular Starter,0.75,0.1,0.15,80.0,20.0,False,medium,source_disagreement_or_single,True,Single-source or non-unanimous starter signal (FFS predicted XI).,FFS Team News; FPL Meerkat,,a,,,,,16,MUN,registered,,available,,high,eligible,,FFS Team News; Official Preseason Lineups,
2026-27,Man Utd,MUN,415,Dorgu,MID,Regular Starter,0.75,0.1,0.15,80.0,20.0,False,medium,source_disagreement_or_single,True,Single-source or non-unanimous starter signal (FFS predicted XI).,FFS Team News; FPL Meerkat,,a,,,,,16,MUN,registered,,available,,high,eligible,,FFS Team News; Official Preseason Lineups,
2026-27,Man Utd,MUN,426,B.Fernandes,MID,Nailed Starter,0.9,0.05,0.05,85.0,20.0,False,high,unanimous_dual_source,True,Unanimous: FFS predicted XI + Meerkat 🟢 nailed.,FFS Team News; FPL Meerkat,,a,,,,,16,MUN,registered,,available,,high,eligible,,FFS Team News; FPL Meerkat,
2026-27,Man Utd,MUN,427,Mbeumo,MID,Regular Starter,0.75,0.1,0.15,80.0,20.0,False,medium,source_disagreement_or_single,True,Single-source or non-unanimous starter signal (FFS predicted XI).,FFS Team News; FPL Meerkat,,a,,,,,16,MUN,registered,,available,,high,eligible,,FFS Team News; FPL Meerkat,
2026-27,Man Utd,MUN,428,Cunha,MID,Rotation,0.4,0.25,0.35,70.0,20.0,False,medium,source_disagreement_or_single,False,Previously draft-role but absent from current FFS XI and Meerkat nailed list.,FFS Team News; FPL Meerkat,,a,,,,,16,MUN,registered,,available,,high,not_role_eligible,,Official Preseason Lineups; FFS Team News,
2026-27,Man Utd,MUN,429,Rashford,MID,Rotation,0.4,0.25,0.35,70.0,20.0,False,medium,multi_source_preseason_consensus,False,"Rotated on bench in final friendly; competing with Dorgu, Cunha, and Amad.",Official Preseason Lineups; FFS Team News,,a,,,,,16,MUN,registered,,not_role_eligible,,high,not_role_eligible,,Official Preseason Lineups; FFS Team News,
2026-27,Man Utd,MUN,430,Mount,MID,Rotation,0.4,0.25,0.35,70.0,20.0,False,medium,multi_source_preseason_consensus,False,"Attacking midfield and wide rotation option behind Bruno, Amad, and Mbeumo.",FFS Team News; Official Preseason Lineups,,d,50.0,,Foot injury - 50% chance of playing,,16,MUN,registered,,not_role_eligible,,high,watch,API chance=50.0; Foot injury - 50% chance of playing,FFS Team News; Official Preseason Lineups,
2026-27,Man Utd,MUN,431,Amad,MID,Regular Starter,0.75,0.1,0.15,80.0,20.0,False,medium,source_disagreement_or_single,True,Single-source or non-unanimous starter signal (FFS predicted XI).,FFS Team News; FPL Meerkat,,a,,,,,16,MUN,registered,,available,,high,eligible,,FFS Team News; Official Preseason Lineups,
2026-27,Man Utd,MUN,432,Mainoo,MID,Rotation,0.4,0.25,0.35,70.0,20.0,False,medium,multi_source_preseason_consensus,False,Midfield rotation challenger behind Santos and Tielemans.,FFS Team News; Official Preseason Lineups,,a,,,,,16,MUN,registered,,not_role_eligible,,high,not_role_eligible,,FFS Team News; Official Preseason Lineups,
2026-27,Man Utd,MUN,433,Ugarte,MID,Out of Contention,0.0,0.05,0.95,45.0,10.0,False,low,multi_source_preseason_consensus,False,Long-term knee injury; excluded from matchday squads pending recovery.,Official Club Medical News; Premier League Injury Update,,i,0.0,,Knee injury - Unknown return date,2026-07-23T12:01:23.706702Z,16,MUN,registered,,exclude_gw1-5,,high,exclude_gw1-5,Knee injury - Unknown return date.,Official Club Medical News; Premier League Injury Update,
2026-27,Man Utd,MUN,434,J.Fletcher,MID,Cameo,0.1,0.35,0.55,60.0,15.0,False,low,multi_source_preseason_consensus,False,Academy midfielder featured as late preseason substitute.,Official Preseason Lineups,,a,,,,,16,MUN,registered,,not_role_eligible,,high,not_role_eligible,,Official Preseason Lineups,
2026-27,Man Utd,MUN,435,Lacey,MID,Cameo,0.1,0.35,0.55,60.0,15.0,False,low,multi_source_preseason_consensus,False,Young winger featured on preseason bench.,Official Preseason Lineups,,a,,,,,16,MUN,registered,,not_role_eligible,,high,not_role_eligible,,Official Preseason Lineups,
2026-27,Man Utd,MUN,436,Collyer,MID,Cameo,0.1,0.35,0.55,60.0,15.0,False,low,multi_source_preseason_consensus,False,Academy defensive midfielder on fringe of first-team squad.,Official Preseason Lineups,,a,,,,,16,MUN,registered,,not_role_eligible,,high,not_role_eligible,,Official Preseason Lineups,
2026-27,Man Utd,MUN,437,Bendito Mantato,MID,Out of Contention,0.0,0.05,0.95,45.0,10.0,False,low,multi_source_preseason_consensus,False,Academy development player; outside matchday squad.,Club squad hierarchy,,a,,,,,16,MUN,registered,,not_role_eligible,,high,not_role_eligible,,Club squad hierarchy,
2026-27,Man Utd,MUN,438,Fletcher,MID,Out of Contention,0.0,0.05,0.95,45.0,10.0,False,low,multi_source_preseason_consensus,False,Academy prospect outside senior rotation.,Club squad hierarchy,,a,,,,,16,MUN,registered,,not_role_eligible,,high,not_role_eligible,,Club squad hierarchy,
2026-27,Newcastle,NEW,445,Thiaw,DEF,Nailed Starter,0.9,0.05,0.05,85.0,20.0,False,high,unanimous_dual_source,True,Unanimous: FFS predicted XI + Meerkat 🟢 nailed.,FFS Team News; FPL Meerkat,,a,,,,,17,NEW,registered,,available,,high,eligible,,FFS Team News; FPL Meerkat,
2026-27,Newcastle,NEW,446,Schär,DEF,Rotation,0.4,0.25,0.35,70.0,20.0,False,medium,multi_source_preseason_consensus,False,"Started vs Strasbourg; veteran CB competing with Thiaw, Botman, and Burn.",Pre-season friendlies; FFS Team News,,a,100.0,,,2026-07-23T12:01:23.737715Z,17,NEW,registered,,not_role_eligible,,high,not_role_eligible,,Pre-season friendlies; FFS Team News,
2026-27,Newcastle,NEW,447,Botman,DEF,Regular Starter,0.75,0.1,0.15,80.0,20.0,False,medium,source_disagreement_or_single,True,Single-source or non-unanimous starter signal (FFS predicted XI).,FFS Team News; FPL Meerkat,,a,,,,,17,NEW,registered,,available,,high,eligible,,FFS Team News; Official Preseason Lineups,
2026-27,Newcastle,NEW,448,Burn,DEF,Rotation,0.4,0.25,0.35,70.0,20.0,False,medium,source_disagreement_or_single,False,Previously draft-role but absent from current FFS XI and Meerkat nailed list.,FFS Team News; FPL Meerkat,,a,,,,,17,NEW,registered,,available,,high,not_role_eligible,,Official Preseason Lineups; FFS Team News,
2026-27,Newcastle,NEW,449,Hall,DEF,Regular Starter,0.75,0.1,0.15,80.0,20.0,False,medium,source_disagreement_or_single,True,Single-source or non-unanimous starter signal (FFS predicted XI).,FFS Team News; FPL Meerkat,,a,,,,,17,NEW,registered,,available,,high,eligible,,FFS Team News; Official Preseason Lineups,
2026-27,Newcastle,NEW,450,Livramento,DEF,Regular Starter,0.75,0.1,0.15,80.0,20.0,False,medium,source_disagreement_or_single,True,Single-source or non-unanimous starter signal (Meerkat 🟢 / predicted).,FFS Team News; FPL Meerkat,,d,75.0,,Calf injury - 75% chance of playing,2026-07-23T12:01:23.753221Z,17,NEW,registered,,watch,,high,watch,Calf injury - 75% chance of playing.,FPL Meerkat; Premier League Injury Update,
2026-27,Newcastle,NEW,451,A.Murphy,DEF,Cameo,0.1,0.35,0.55,60.0,15.0,False,low,multi_source_preseason_consensus,False,"Youth defender depth behind Hall, Burn, and Botman.",Club squad hierarchy,,u,0.0,,Has joined FC Kaiserslautern on loan for the rest of the season,,17,NEW,registered,,not_role_eligible,,high,exclude_gw1,API status=u; chance=0.0; Has joined FC Kaiserslautern on loan for the rest of the season,Club squad hierarchy,
2026-27,Newcastle,NEW,463,Woltemade,FWD,Rotation,0.4,0.25,0.35,70.0,20.0,False,medium,multi_source_preseason_consensus,False,Started at striker vs Leverkusen; rotating with Wissa and Osula.,Official Preseason Lineups; FFS Team News,,a,,,,,17,NEW,registered,,not_role_eligible,,high,not_role_eligible,,Official Preseason Lineups; FFS Team News,
2026-27,Newcastle,NEW,464,Wissa,FWD,Regular Starter,0.75,0.1,0.15,80.0,20.0,False,medium,source_disagreement_or_single,True,Single-source or non-unanimous starter signal (FFS predicted XI).,FFS Team News; FPL Meerkat,,a,,,,,17,NEW,registered,,available,,high,eligible,,FFS Team News; Official Preseason Lineups,
2026-27,Newcastle,NEW,465,Osula,FWD,Rotation,0.4,0.25,0.35,70.0,20.0,False,medium,multi_source_preseason_consensus,False,Scored goal vs Strasbourg; striker depth behind Wissa and Woltemade.,Official Preseason Lineups; FFS Team News,,a,,,,,17,NEW,registered,,not_role_eligible,,high,not_role_eligible,,Official Preseason Lineups; FFS Team News,
2026-27,Newcastle,NEW,466,Neave,FWD,Cameo,0.1,0.35,0.55,60.0,15.0,False,low,multi_source_preseason_consensus,False,Academy forward featured as late substitute in friendlies.,Official Preseason Lineups,,a,,,,,17,NEW,registered,,not_role_eligible,,high,not_role_eligible,,Official Preseason Lineups,
2026-27,Newcastle,NEW,442,Pope,GKP,Regular Starter,0.75,0.1,0.15,80.0,20.0,False,medium,source_disagreement_or_single,True,Single-source or non-unanimous starter signal (Meerkat 🟢 / predicted).,FFS Team News; FPL Meerkat,,a,,,,,17,NEW,registered,,available,,high,eligible,,FPL Meerkat; FFS Team News,
2026-27,Newcastle,NEW,443,Gillespie,GKP,Out of Contention,0.0,0.05,0.95,45.0,10.0,False,low,multi_source_preseason_consensus,False,"Reserve goalkeeper behind Pope, Hornicek, and Jaouen.",Club squad hierarchy,,a,,,,,17,NEW,registered,,not_role_eligible,,high,not_role_eligible,,Club squad hierarchy,
2026-27,Newcastle,NEW,444,Jaouen,GKP,Cameo,0.1,0.35,0.55,60.0,15.0,False,low,multi_source_preseason_consensus,False,£18.5m summer signing from Reims; started friendly vs Strasbourg as cup/rotation GKP.,Official Club News; Pre-season friendlies,,a,,,,,17,NEW,registered,,not_role_eligible,,high,not_role_eligible,,Official Club News; Pre-season friendlies,
2026-27,Arsenal,ARS,452,Bruno G.,MID,Rotation,0.4,0.25,0.35,70.0,20.0,False,medium,source_disagreement_or_single,False,Confirmed £75m transfer to Arsenal; not in current FFS/Meerkat Arsenal XI.,FPL API; transfer overlay,,a,,,,,1,ARS,registered,,not_role_eligible,,high,not_role_eligible,,Official Club Transfer Announcement; Summer Transfer Guide,
2026-27,Newcastle,NEW,453,Barnes,MID,Rotation,0.4,0.25,0.35,70.0,20.0,False,medium,multi_source_preseason_consensus,False,"Started vs Leverkusen; winger rotation with Elanga, Toure, and J.Murphy.",Preseason friendlies; FFS Team News,,a,,,,,17,NEW,registered,,not_role_eligible,,high,not_role_eligible,,Preseason friendlies; FFS Team News,
2026-27,Newcastle,NEW,454,Elanga,MID,Regular Starter,0.75,0.1,0.15,80.0,20.0,False,medium,source_disagreement_or_single,True,Single-source or non-unanimous starter signal (FFS predicted XI).,FFS Team News; FPL Meerkat,,a,,,,,17,NEW,registered,,available,,high,eligible,,FFS Team News; Official Preseason Lineups,
2026-27,Newcastle,NEW,456,J.Ramsey,MID,Rotation,0.4,0.25,0.35,70.0,20.0,False,medium,source_disagreement_or_single,False,Previously draft-role but absent from current FFS XI and Meerkat nailed list.,FFS Team News; FPL Meerkat,,a,,,,,17,NEW,registered,,available,,high,not_role_eligible,,FFS Team News; Official Preseason Lineups,
2026-27,Newcastle,NEW,457,J.Murphy,MID,Rotation,0.4,0.25,0.35,70.0,20.0,False,medium,multi_source_preseason_consensus,False,"Started vs Strasbourg, assisting Osula; wide attacking rotation.",Official Preseason Lineups; FFS Team News,,a,,,,,17,NEW,registered,,not_role_eligible,,high,not_role_eligible,,Official Preseason Lineups; FFS Team News,
2026-27,Newcastle,NEW,458,Joelinton,MID,Rotation,0.4,0.25,0.35,70.0,20.0,False,medium,source_disagreement_or_single,False,Previously draft-role but absent from current FFS XI and Meerkat nailed list.,FFS Team News; FPL Meerkat,,i,0.0,,Unspecified injury - Unknown return date,2026-07-23T12:01:23.769696Z,17,NEW,registered,,watch,,high,exclude_gw1,API status=i; chance=0.0; Unspecified injury - Unknown return date,Premier League Injury Update; FFS Team News,
2026-27,Newcastle,NEW,459,L.Miley,MID,Regular Starter,0.75,0.1,0.15,80.0,20.0,False,medium,source_disagreement_or_single,True,Single-source or non-unanimous starter signal (FFS predicted XI).,FFS Team News; FPL Meerkat,,a,100.0,,,2026-07-23T12:01:23.785456Z,17,NEW,registered,,exclude_gw1,,high,exclude_gw1,Leg injury - Expected back 30 Aug.,Premier League Injury Update; FFS Team News,
2026-27,Newcastle,NEW,460,Willock,MID,Rotation,0.4,0.25,0.35,70.0,20.0,False,medium,multi_source_preseason_consensus,False,Started vs Strasbourg; midfield box-to-box depth.,Official Preseason Lineups; FFS Team News,,a,,,,,17,NEW,registered,,not_role_eligible,,high,not_role_eligible,,Official Preseason Lineups; FFS Team News,
2026-27,Newcastle,NEW,461,Touré,MID,Regular Starter,0.75,0.1,0.15,80.0,20.0,False,medium,source_disagreement_or_single,True,Single-source or non-unanimous starter signal (FFS predicted XI).,FFS Team News; FPL Meerkat,,a,,,,,17,NEW,registered,,available,,high,eligible,,FFS Team News; Summer Transfer Guide,
2026-27,Newcastle,NEW,462,Steur,MID,Regular Starter,0.75,0.1,0.15,80.0,20.0,False,medium,source_disagreement_or_single,True,Single-source or non-unanimous starter signal (FFS predicted XI).,FFS Team News; FPL Meerkat,,a,,,,,17,NEW,registered,,available,,high,eligible,,FFS Team News; Official Preseason Lineups,
2026-27,Newcastle,NEW,559,Bamba,MID,Regular Starter,0.75,0.1,0.15,80.0,20.0,False,medium,source_disagreement_or_single,True,Single-source or non-unanimous starter signal (FFS predicted XI).,FFS Team News; FPL Meerkat,,a,,,,,17,NEW,registered,,available,,high,eligible,,FFS Team News; Summer Transfer Guide,
2026-27,Nott'm Forest,NFO,469,N.Williams,DEF,Regular Starter,0.75,0.1,0.15,80.0,20.0,False,medium,source_disagreement_or_single,True,Single-source or non-unanimous starter signal (FFS predicted XI).,FFS Team News; FPL Meerkat,,a,,,,,18,NFO,registered,,available,,high,eligible,,FFS Team News; Preseason Tactical Analysis,
2026-27,Nott'm Forest,NFO,470,Morato,DEF,Cameo,0.1,0.35,0.55,60.0,15.0,False,low,multi_source_preseason_consensus,False,"Central defensive cover behind Murillo, Milenkovic, Diomande, and Jair Cunha.",Preseason friendlies; FFS Team News,,a,,,,,18,NFO,registered,,not_role_eligible,,high,not_role_eligible,,Preseason friendlies; FFS Team News,
2026-27,Nott'm Forest,NFO,471,Milenković,DEF,Regular Starter,0.75,0.1,0.15,80.0,20.0,False,medium,source_disagreement_or_single,True,Single-source or non-unanimous starter signal (FFS predicted XI).,FFS Team News; FPL Meerkat,,a,,,,,18,NFO,registered,,available,,high,eligible,,FFS Team News; Preseason Tactical Analysis,
2026-27,Nott'm Forest,NFO,472,Murillo,DEF,Regular Starter,0.75,0.1,0.15,80.0,20.0,False,medium,source_disagreement_or_single,True,Single-source or non-unanimous starter signal (FFS predicted XI).,FFS Team News; FPL Meerkat,,a,100.0,,,2026-07-23T12:01:23.801183Z,18,NFO,registered,,watch,,high,watch,Muscle injury - 75% chance of playing.,FFS Team News; Premier League Injury Update,
2026-27,Nott'm Forest,NFO,473,Aina,DEF,Regular Starter,0.75,0.1,0.15,80.0,20.0,False,medium,source_disagreement_or_single,True,Single-source or non-unanimous starter signal (FFS predicted XI).,FFS Team News; FPL Meerkat,,a,,,,,18,NFO,registered,,available,,high,eligible,,FFS Team News; Preseason Tactical Analysis,
2026-27,Nott'm Forest,NFO,474,Jair Cunha,DEF,Rotation,0.4,0.25,0.35,70.0,20.0,False,medium,source_disagreement_or_single,False,Previously draft-role but absent from current FFS XI and Meerkat nailed list.,FFS Team News; FPL Meerkat,,a,,,,,18,NFO,registered,,available,,high,not_role_eligible,,Preseason Tactical Analysis; FFS Team News,
2026-27,Nott'm Forest,NFO,475,Savona,DEF,Out of Contention,0.0,0.05,0.95,45.0,10.0,False,low,multi_source_preseason_consensus,False,Sidelined with significant knee injury; excluded for early season.,Official Club Medical News; Premier League Injury Update,,i,0.0,,Knee injury - Unknown return date,2026-07-23T12:01:23.816304Z,18,NFO,registered,,exclude_gw1-5,,high,exclude_gw1-5,Knee injury - Unknown return date.,Official Club Medical News; Premier League Injury Update,
2026-27,Nott'm Forest,NFO,476,O.Richards,DEF,Out of Contention,0.0,0.05,0.95,45.0,10.0,False,low,multi_source_preseason_consensus,False,Left-back depth outside matchday squad.,Club squad hierarchy,,a,,,,,18,NFO,registered,,not_role_eligible,,high,not_role_eligible,,Club squad hierarchy,
2026-27,Nott'm Forest,NFO,477,Abbott,DEF,Out of Contention,0.0,0.05,0.95,45.0,10.0,False,low,multi_source_preseason_consensus,False,Youth defender in reserve pool.,Club squad hierarchy,,a,,,,,18,NFO,registered,,not_role_eligible,,high,not_role_eligible,,Club squad hierarchy,
2026-27,Nott'm Forest,NFO,478,Netz,DEF,Cameo,0.1,0.35,0.55,60.0,15.0,False,low,multi_source_preseason_consensus,False,Backup left wing-back behind Aina.,Club squad hierarchy; Preseason friendlies,,a,,,,,18,NFO,registered,,not_role_eligible,,high,not_role_eligible,,Club squad hierarchy; Preseason friendlies,
2026-27,Nott'm Forest,NFO,479,Bindon,DEF,Out of Contention,0.0,0.05,0.95,45.0,10.0,False,low,multi_source_preseason_consensus,False,Young defender outside senior rotation.,Club squad hierarchy,,a,,,,,18,NFO,registered,,not_role_eligible,,high,not_role_eligible,,Club squad hierarchy,
2026-27,Nott'm Forest,NFO,490,Wood,FWD,Rotation,0.4,0.25,0.35,70.0,20.0,False,medium,multi_source_preseason_consensus,False,Experienced striker competing with Igor Jesus and Kalimuendo.,Preseason friendlies; FFS Team News,,a,,,,,18,NFO,registered,,not_role_eligible,,high,not_role_eligible,,Preseason friendlies; FFS Team News,
2026-27,Nott'm Forest,NFO,491,Igor Jesus,FWD,Regular Starter,0.75,0.1,0.15,80.0,20.0,False,medium,source_disagreement_or_single,True,Single-source or non-unanimous starter signal (FFS predicted XI).,FFS Team News; FPL Meerkat,,a,,,,,18,NFO,registered,,available,,high,eligible,,FFS Team News; Preseason Match Reports,
2026-27,Nott'm Forest,NFO,492,Awoniyi,FWD,Cameo,0.1,0.35,0.55,60.0,15.0,False,low,multi_source_preseason_consensus,False,"Striker depth behind Igor Jesus, Wood, and Kalimuendo.",Club squad hierarchy; Preseason friendlies,,a,,,,,18,NFO,registered,,not_role_eligible,,high,not_role_eligible,,Club squad hierarchy; Preseason friendlies,
2026-27,Nott'm Forest,NFO,493,Kalimuendo,FWD,Rotation,0.4,0.25,0.35,70.0,20.0,False,medium,multi_source_preseason_consensus,False,Impressed with 3 goals in preseason; primary impact striker sub.,Preseason Match Reports; FFS Team News,,a,,,,,18,NFO,registered,,not_role_eligible,,high,not_role_eligible,,Preseason Match Reports; FFS Team News,
2026-27,Nott'm Forest,NFO,467,Sels,GKP,Nailed Starter,0.9,0.05,0.05,85.0,20.0,False,high,unanimous_dual_source,True,Unanimous: FFS predicted XI + Meerkat 🟢 nailed.,FFS Team News; FPL Meerkat,,a,,,,,18,NFO,registered,,available,,high,eligible,,FFS Team News; FPL Meerkat,
2026-27,Nott'm Forest,NFO,468,John,GKP,Cameo,0.1,0.35,0.55,60.0,15.0,False,low,multi_source_preseason_consensus,False,Backup goalkeeper behind Sels.,Club squad hierarchy,,a,,,,,18,NFO,registered,,not_role_eligible,,high,not_role_eligible,,Club squad hierarchy,
2026-27,Nott'm Forest,NFO,480,Gibbs-White,MID,Regular Starter,0.75,0.1,0.15,80.0,20.0,False,medium,source_disagreement_or_single,True,Single-source or non-unanimous starter signal (FFS predicted XI).,FFS Team News; FPL Meerkat,,a,,,,,18,NFO,registered,,available,,high,eligible,,FFS Team News; Preseason Tactical Analysis,
2026-27,Nott'm Forest,NFO,482,Hudson-Odoi,MID,Rotation,0.4,0.25,0.35,70.0,20.0,False,medium,multi_source_preseason_consensus,False,Attacking rotation option recovering from minor thigh strain.,Premier League Injury Update; FFS Team News,,a,100.0,,,2026-07-23T12:01:23.832709Z,18,NFO,registered,,not_role_eligible,,high,not_role_eligible,Thigh injury - 75% chance of playing.,Premier League Injury Update; FFS Team News,
2026-27,Nott'm Forest,NFO,483,Ndoye,MID,Regular Starter,0.75,0.1,0.15,80.0,20.0,False,medium,source_disagreement_or_single,True,Single-source or non-unanimous starter signal (FFS predicted XI).,FFS Team News; FPL Meerkat,,a,,,,,18,NFO,registered,,available,,high,eligible,,FFS Team News; Preseason Tactical Analysis,
2026-27,Nott'm Forest,NFO,484,Hutchinson,MID,Rotation,0.4,0.25,0.35,70.0,20.0,False,medium,multi_source_preseason_consensus,False,"Wide attacker rotating with Ndoye, Bakwa, and Hudson-Odoi.",Preseason friendlies; FFS Team News,,a,,,,,18,NFO,registered,,not_role_eligible,,high,not_role_eligible,,Preseason friendlies; FFS Team News,
2026-27,Nott'm Forest,NFO,485,Bakwa,MID,Cameo,0.1,0.35,0.55,60.0,15.0,False,low,multi_source_preseason_consensus,False,Wide attacking depth option.,Club squad hierarchy; Preseason friendlies,,a,,,,,18,NFO,registered,,not_role_eligible,,high,not_role_eligible,,Club squad hierarchy; Preseason friendlies,
2026-27,Nott'm Forest,NFO,486,McAtee,MID,Cameo,0.1,0.35,0.55,60.0,15.0,False,low,multi_source_preseason_consensus,False,Attacking midfield cover behind Gibbs-White.,Club squad hierarchy,,a,,,,,18,NFO,registered,,not_role_eligible,,high,not_role_eligible,,Club squad hierarchy,
2026-27,Nott'm Forest,NFO,487,Dominguez,MID,Rotation,0.4,0.25,0.35,70.0,20.0,False,medium,multi_source_preseason_consensus,False,Central midfield rotation behind Sangare and Schlager.,Preseason Tactical Analysis; FFS Team News,,a,,,,,18,NFO,registered,,not_role_eligible,,high,not_role_eligible,,Preseason Tactical Analysis; FFS Team News,
2026-27,Nott'm Forest,NFO,488,Sangaré,MID,Regular Starter,0.75,0.1,0.15,80.0,20.0,False,medium,source_disagreement_or_single,True,Single-source or non-unanimous starter signal (FFS predicted XI).,FFS Team News; FPL Meerkat,,a,,,,,18,NFO,registered,,available,,high,eligible,,FFS Team News; Preseason Tactical Analysis,
2026-27,Nott'm Forest,NFO,489,Yates,MID,Rotation,0.4,0.25,0.35,70.0,20.0,False,medium,multi_source_preseason_consensus,False,Midfield rotation and leadership option off the bench.,Preseason friendlies; FFS Team News,,a,,,,,18,NFO,registered,,not_role_eligible,,high,not_role_eligible,,Preseason friendlies; FFS Team News,
2026-27,Nott'm Forest,NFO,558,Schlager,MID,Regular Starter,0.75,0.1,0.15,80.0,20.0,False,medium,source_disagreement_or_single,True,Single-source or non-unanimous starter signal (FFS predicted XI).,FFS Team News; FPL Meerkat,,a,,,,,18,NFO,registered,,available,,high,eligible,,FFS Team News; Summer Transfer Guide,
2026-27,Sunderland,SUN,532,Ballard,DEF,Nailed Starter,0.9,0.05,0.05,85.0,20.0,False,high,unanimous_dual_source,True,Unanimous: FFS predicted XI + Meerkat 🟢 nailed.,FFS Team News; FPL Meerkat,,a,,,,,20,SUN,registered,,available,,high,eligible,,FFS Team News; FPL Meerkat,
2026-27,Sunderland,SUN,533,Mukiele,DEF,Regular Starter,0.75,0.1,0.15,80.0,20.0,False,medium,source_disagreement_or_single,True,Single-source or non-unanimous starter signal (Meerkat 🟢 / predicted).,FFS Team News; FPL Meerkat,,d,75.0,,Knock - 75% chance of playing,,20,SUN,registered,,available,,high,eligible,,FPL Meerkat; Preseason friendlies,
2026-27,Sunderland,SUN,534,Hume,DEF,Regular Starter,0.75,0.1,0.15,80.0,20.0,False,medium,source_disagreement_or_single,True,Single-source or non-unanimous starter signal (FFS predicted XI).,FFS Team News; FPL Meerkat,,a,,,,,20,SUN,registered,,available,,high,eligible,,FFS Team News; Preseason Match Reports,
2026-27,Sunderland,SUN,535,Alderete,DEF,Regular Starter,0.75,0.1,0.15,80.0,20.0,False,medium,source_disagreement_or_single,True,Single-source or non-unanimous starter signal (Meerkat 🟢 / predicted).,FFS Team News; FPL Meerkat,,d,75.0,,Knock - 75% chance of playing,,20,SUN,registered,,available,,high,eligible,,FPL Meerkat; Preseason friendlies,
2026-27,Sunderland,SUN,536,Reinildo,DEF,Nailed Starter,0.9,0.05,0.05,85.0,20.0,False,high,unanimous_dual_source,True,Unanimous: FFS predicted XI + Meerkat 🟢 nailed.,FFS Team News; FPL Meerkat,,a,,,,,20,SUN,registered,,available,,high,eligible,,FFS Team News; FPL Meerkat,
2026-27,Sunderland,SUN,537,Seelt,DEF,Cameo,0.1,0.35,0.55,60.0,15.0,False,low,multi_source_preseason_consensus,False,"Central defensive cover behind Ballard, Alderete, and O'Nien.",Club squad hierarchy,,a,,,,,20,SUN,registered,,not_role_eligible,,high,not_role_eligible,,Club squad hierarchy,
2026-27,Sunderland,SUN,538,Hjelde,DEF,Out of Contention,0.0,0.05,0.95,45.0,10.0,False,low,multi_source_preseason_consensus,False,Defensive depth outside matchday squad.,Club squad hierarchy,,u,0.0,,Has joined KV Mechelen on loan for the rest of the season,,20,SUN,registered,,not_role_eligible,,high,exclude_gw1,API status=u; chance=0.0; Has joined KV Mechelen on loan for the rest of the season,Club squad hierarchy,
2026-27,Sunderland,SUN,539,O'Nien,DEF,Regular Starter,0.75,0.1,0.15,80.0,20.0,False,medium,source_disagreement_or_single,True,Single-source or non-unanimous starter signal (FFS predicted XI).,FFS Team News; FPL Meerkat,,a,,,,,20,SUN,registered,,available,,high,eligible,,FFS Team News; Preseason friendlies,
2026-27,Sunderland,SUN,540,Masuaku,DEF,Cameo,0.1,0.35,0.55,60.0,15.0,False,low,multi_source_preseason_consensus,False,Veteran fullback depth behind Reinildo and Hume.,Club squad hierarchy,,u,0.0,,Has joined Konyaspor permanently,,20,SUN,registered,,not_role_eligible,,high,exclude_gw1,API status=u; chance=0.0; Has joined Konyaspor permanently,Club squad hierarchy,
2026-27,Sunderland,SUN,541,Meunier,DEF,Regular Starter,0.75,0.1,0.15,80.0,20.0,False,medium,source_disagreement_or_single,True,Single-source or non-unanimous starter signal (FFS predicted XI).,FFS Team News; FPL Meerkat,,d,75.0,,Knock - 75% chance of playing,,20,SUN,registered,,available,,high,eligible,,FFS Team News; Summer Transfer Guide,
2026-27,Sunderland,SUN,552,Brobbey,FWD,Nailed Starter,0.9,0.05,0.05,85.0,20.0,False,high,unanimous_dual_source,True,Unanimous: FFS predicted XI + Meerkat 🟢 nailed.,FFS Team News; FPL Meerkat,,a,,,,,20,SUN,registered,,available,,high,eligible,,FFS Team News; FPL Meerkat,
2026-27,Sunderland,SUN,553,Isidor,FWD,Cameo,0.1,0.35,0.55,60.0,15.0,False,low,multi_source_preseason_consensus,False,Striker backup behind Brobbey.,Club squad hierarchy; Preseason friendlies,,a,,,,,20,SUN,registered,,not_role_eligible,,high,not_role_eligible,,Club squad hierarchy; Preseason friendlies,
2026-27,Sunderland,SUN,529,Roefs,GKP,Nailed Starter,0.9,0.05,0.05,85.0,20.0,False,high,unanimous_dual_source,True,Unanimous: FFS predicted XI + Meerkat 🟢 nailed.,FFS Team News; FPL Meerkat,,a,,,,,20,SUN,registered,,available,,high,eligible,,FFS Team News; FPL Meerkat,
2026-27,Sunderland,SUN,530,Patterson,GKP,Cameo,0.1,0.35,0.55,60.0,15.0,False,low,multi_source_preseason_consensus,False,Backup goalkeeper behind Roefs.,Club squad hierarchy,,u,0.0,,Has joined Wrexham permanently,,20,SUN,registered,,not_role_eligible,,high,exclude_gw1,API status=u; chance=0.0; Has joined Wrexham permanently,Club squad hierarchy,
2026-27,Sunderland,SUN,531,Ellborg,GKP,Cameo,0.1,0.35,0.55,60.0,15.0,False,low,multi_source_preseason_consensus,False,Third choice goalkeeper.,Club squad hierarchy,,a,,,,,20,SUN,registered,,not_role_eligible,,high,not_role_eligible,,Club squad hierarchy,
2026-27,Sunderland,SUN,542,E.Le Fée,MID,Nailed Starter,0.9,0.05,0.05,85.0,20.0,False,high,unanimous_dual_source,True,Unanimous: FFS predicted XI + Meerkat 🟢 nailed.,FFS Team News; FPL Meerkat,,a,,,,,20,SUN,registered,,available,,high,eligible,,FFS Team News; FPL Meerkat,
2026-27,Sunderland,SUN,543,Diarra,MID,Cameo,0.1,0.35,0.55,60.0,15.0,False,low,multi_source_preseason_consensus,False,"Midfield rotation depth behind Xhaka, Sadiki, and Le Fée.",FFS Team News; Preseason friendlies,,a,,,,,20,SUN,registered,,not_role_eligible,,high,not_role_eligible,,FFS Team News; Preseason friendlies,
2026-27,Sunderland,SUN,544,Xhaka,MID,Nailed Starter,0.9,0.05,0.05,85.0,20.0,False,high,unanimous_dual_source,True,Unanimous: FFS predicted XI + Meerkat 🟢 nailed.,FFS Team News; FPL Meerkat,,a,,,,,20,SUN,registered,,available,,high,eligible,,FFS Team News; FPL Meerkat,
2026-27,Sunderland,SUN,545,Sadiki,MID,Nailed Starter,0.9,0.05,0.05,85.0,20.0,False,high,unanimous_dual_source,True,Unanimous: FFS predicted XI + Meerkat 🟢 nailed.,FFS Team News; FPL Meerkat,,a,,,,,20,SUN,registered,,available,,high,eligible,,FFS Team News; FPL Meerkat,
2026-27,Sunderland,SUN,546,Adingra,MID,Rotation,0.4,0.25,0.35,70.0,20.0,False,medium,multi_source_preseason_consensus,False,"Wide attacker rotating with Angulo, Talbi, and Mundle.",Preseason friendlies; FFS Team News,,a,,,,,20,SUN,registered,,not_role_eligible,,high,not_role_eligible,,Preseason friendlies; FFS Team News,
2026-27,Sunderland,SUN,547,Mundle,MID,Cameo,0.1,0.35,0.55,60.0,15.0,False,low,multi_source_preseason_consensus,False,Winger depth off the bench.,Club squad hierarchy,,a,,,,,20,SUN,registered,,not_role_eligible,,high,not_role_eligible,,Club squad hierarchy,
2026-27,Sunderland,SUN,548,Rigg,MID,Cameo,0.1,0.35,0.55,60.0,15.0,False,low,multi_source_preseason_consensus,False,Highly rated young midfielder developing behind senior starters.,Club squad hierarchy; Preseason friendlies,,a,,,,,20,SUN,registered,,not_role_eligible,,high,not_role_eligible,,Club squad hierarchy; Preseason friendlies,
2026-27,Sunderland,SUN,549,Talbi,MID,Rotation,0.4,0.25,0.35,70.0,20.0,False,medium,multi_source_preseason_consensus,False,Attacking winger option in Le Bris rotation.,Preseason friendlies; FFS Team News,,a,,,,,20,SUN,registered,,not_role_eligible,,high,not_role_eligible,,Preseason friendlies; FFS Team News,
2026-27,Sunderland,SUN,550,Jocelin.T,MID,Out of Contention,0.0,0.05,0.95,45.0,10.0,False,low,multi_source_preseason_consensus,False,Academy midfielder outside senior rotation.,Club squad hierarchy,,a,,,,,20,SUN,registered,,not_role_eligible,,high,not_role_eligible,,Club squad hierarchy,
2026-27,Sunderland,SUN,551,Angulo,MID,Regular Starter,0.75,0.1,0.15,80.0,20.0,False,medium,source_disagreement_or_single,True,Single-source or non-unanimous starter signal (FFS predicted XI).,FFS Team News; FPL Meerkat,,a,,,,,20,SUN,registered,,available,,high,eligible,,FFS Team News; Preseason Match Reports,
2026-27,Spurs,TOT,112,Van Hecke,DEF,Nailed Starter,0.9,0.05,0.05,85.0,20.0,False,high,unanimous_dual_source,True,Unanimous: FFS predicted XI + Meerkat 🟢 nailed.,FFS Team News; FPL Meerkat,,a,,,,,19,TOT,registered,,available,,high,eligible,,FFS Team News; FPL Meerkat,
2026-27,Spurs,TOT,498,Senesi,DEF,Regular Starter,0.75,0.1,0.15,80.0,20.0,False,medium,source_disagreement_or_single,True,Single-source or non-unanimous starter signal (FFS predicted XI).,FFS Team News; FPL Meerkat,,a,,,,,19,TOT,registered,,available,,high,eligible,,FFS Team News; Summer Transfer Guide,
2026-27,Spurs,TOT,499,Pedro Porro,DEF,Regular Starter,0.75,0.1,0.15,80.0,20.0,False,medium,source_disagreement_or_single,True,Single-source or non-unanimous starter signal (Meerkat 🟢 / predicted).,FFS Team News; FPL Meerkat,,a,,,,,19,TOT,registered,,available,,high,eligible,,FPL Meerkat; FFS Team News,
2026-27,Spurs,TOT,500,Romero,DEF,Rotation,0.4,0.25,0.35,70.0,20.0,False,medium,multi_source_preseason_consensus,False,"Late return after international duty; central defensive rotation behind Van Hecke, Van de Ven, and Senesi.",Preseason friendlies; FFS Team News,,u,0.0,,Has joined Atletico Madrid permanently,,19,TOT,registered,,not_role_eligible,,high,exclude_gw1,API status=u; chance=0.0; Has joined Atletico Madrid permanently,Preseason friendlies; FFS Team News,
2026-27,Spurs,TOT,501,Danso,DEF,Rotation,0.4,0.25,0.35,70.0,20.0,False,medium,multi_source_preseason_consensus,False,Started behind-closed-doors match vs Hoffenheim; CB rotation depth.,Preseason match reports; FFS Team News,,a,,,,,19,TOT,registered,,not_role_eligible,,high,not_role_eligible,,Preseason match reports; FFS Team News,
2026-27,Spurs,TOT,502,Robertson,DEF,Regular Starter,0.75,0.1,0.15,80.0,20.0,False,medium,source_disagreement_or_single,True,Single-source or non-unanimous starter signal (FFS predicted XI).,FFS Team News; FPL Meerkat,,a,,,,,19,TOT,registered,,available,,high,eligible,,FFS Team News; Summer Transfer Guide,
2026-27,Spurs,TOT,503,Van de Ven,DEF,Regular Starter,0.75,0.1,0.15,80.0,20.0,False,medium,source_disagreement_or_single,True,Single-source or non-unanimous starter signal (Meerkat 🟢 / predicted).,FFS Team News; FPL Meerkat,,a,,,,,19,TOT,registered,,available,,high,eligible,,FPL Meerkat; Preseason match reports,
2026-27,Spurs,TOT,505,Spence,DEF,Cameo,0.1,0.35,0.55,60.0,15.0,False,low,multi_source_preseason_consensus,False,"Fullback depth behind Pedro Porro, Robertson, and Gray.",Club squad hierarchy,,a,,,,,19,TOT,registered,,not_role_eligible,,high,not_role_eligible,,Club squad hierarchy,
2026-27,Spurs,TOT,506,Udogie,DEF,Rotation,0.4,0.25,0.35,70.0,20.0,False,medium,multi_source_preseason_consensus,False,Managing fitness after preseason knock; competing with Robertson for left-back spot.,Preseason injury updates; FFS Team News,,a,,,,,19,TOT,registered,,not_role_eligible,,high,not_role_eligible,,Preseason injury updates; FFS Team News,
2026-27,Spurs,TOT,507,Phillips,DEF,Out of Contention,0.0,0.05,0.95,45.0,10.0,False,low,multi_source_preseason_consensus,False,Young center-back outside first-team matchday squad.,Club squad hierarchy,,a,,,,,19,TOT,registered,,not_role_eligible,,high,not_role_eligible,,Club squad hierarchy,
2026-27,Spurs,TOT,508,Davies,DEF,Cameo,0.1,0.35,0.55,60.0,15.0,False,low,multi_source_preseason_consensus,False,Veteran defender; scored in secondary friendly vs Hoffenheim.,Preseason match reports,,a,,,,,19,TOT,registered,,not_role_eligible,,high,not_role_eligible,,Preseason match reports,
2026-27,Spurs,TOT,509,Byfield,DEF,Out of Contention,0.0,0.05,0.95,45.0,10.0,False,low,multi_source_preseason_consensus,False,Academy defender outside senior rotation.,Club squad hierarchy,,a,,,,,19,TOT,registered,,not_role_eligible,,high,not_role_eligible,,Club squad hierarchy,
2026-27,Spurs,TOT,510,Rowswell,DEF,Out of Contention,0.0,0.05,0.95,45.0,10.0,False,low,multi_source_preseason_consensus,False,Academy defender outside senior rotation.,Club squad hierarchy,,a,,,,,19,TOT,registered,,not_role_eligible,,high,not_role_eligible,,Club squad hierarchy,
2026-27,Spurs,TOT,511,Souza,DEF,Out of Contention,0.0,0.05,0.95,45.0,10.0,False,low,multi_source_preseason_consensus,False,Development defender outside first-team squad.,Club squad hierarchy,,a,,,,,19,TOT,registered,,not_role_eligible,,high,not_role_eligible,,Club squad hierarchy,
2026-27,Spurs,TOT,526,Solanke,FWD,Rotation,0.4,0.25,0.35,70.0,20.0,False,medium,multi_source_preseason_consensus,False,Striker rotation challenger competing with Richarlison.,Preseason friendlies; FFS Team News,,a,,,,,19,TOT,registered,,not_role_eligible,,high,not_role_eligible,,Preseason friendlies; FFS Team News,
2026-27,Spurs,TOT,527,Richarlison,FWD,Regular Starter,0.75,0.1,0.15,80.0,20.0,False,medium,source_disagreement_or_single,True,Single-source or non-unanimous starter signal (FFS predicted XI).,FFS Team News; FPL Meerkat,,a,,,,,19,TOT,registered,,available,,high,eligible,,FFS Team News; Preseason Match Reports,
2026-27,Spurs,TOT,528,Scarlett,FWD,Cameo,0.1,0.35,0.55,60.0,15.0,False,low,multi_source_preseason_consensus,False,Third choice striker behind Richarlison and Solanke.,Club squad hierarchy,,a,,,,,19,TOT,registered,,not_role_eligible,,high,not_role_eligible,,Club squad hierarchy,
2026-27,Spurs,TOT,494,Vicario,GKP,Rotation,0.4,0.25,0.35,70.0,20.0,False,medium,multi_source_preseason_consensus,False,Senior goalkeeper returning to fitness; competing with Kinsky for #1 shirt.,Preseason match reports; FFS Team News,,a,,,,,19,TOT,registered,,not_role_eligible,,high,not_role_eligible,,Preseason match reports; FFS Team News,
2026-27,Spurs,TOT,495,Austin,GKP,Out of Contention,0.0,0.05,0.95,45.0,10.0,False,low,multi_source_preseason_consensus,False,Third/fourth choice goalkeeper; featured in behind-closed-doors match.,Club squad hierarchy; Preseason match reports,,a,,,,,19,TOT,registered,,not_role_eligible,,high,not_role_eligible,,Club squad hierarchy; Preseason match reports,
2026-27,Spurs,TOT,496,Kinsky,GKP,Regular Starter,0.75,0.1,0.15,80.0,20.0,False,medium,source_disagreement_or_single,True,Single-source or non-unanimous starter signal (FFS predicted XI).,FFS Team News; FPL Meerkat,,a,,,,,19,TOT,registered,,available,,high,eligible,,FFS Team News; Preseason match reports,
2026-27,Spurs,TOT,497,Dubravka,GKP,Rotation,0.4,0.25,0.35,70.0,20.0,False,medium,multi_source_preseason_consensus,False,Free transfer from Burnley as experienced senior backup GKP.,Summer Transfer Guide; FFS Team News,,a,,,,,19,TOT,registered,,not_role_eligible,,high,not_role_eligible,,Summer Transfer Guide; FFS Team News,
2026-27,Tottenham Hotspur,TOT,455,Tonali,MID,Regular Starter,0.75,0.1,0.15,80.0,20.0,False,medium,source_disagreement_or_single,True,Single-source or non-unanimous starter signal (FFS predicted XI).,FFS Team News; FPL Meerkat,,a,,,,,19,TOT,registered,,available,,high,eligible,,FFS Team News; Summer Transfer Guide,
2026-27,Spurs,TOT,512,Kudus,MID,Rotation,0.4,0.25,0.35,70.0,20.0,False,medium,multi_source_preseason_consensus,False,Attacking midfield star carrying thigh knock from preseason.,Premier League Injury Update; FFS Team News,,d,75.0,,Thigh injury - 75% chance of playing,2026-07-23T12:01:23.848657Z,19,TOT,registered,,not_role_eligible,,high,not_role_eligible,Thigh injury - 75% chance of playing.,Premier League Injury Update; FFS Team News,
2026-27,Spurs,TOT,513,Xavi,MID,Out of Contention,0.0,0.05,0.95,45.0,10.0,False,low,multi_source_preseason_consensus,False,Long-term knee injury; excluded from early-season fixtures.,Official Club Medical News; Premier League Injury Update,,i,0.0,,Knee injury - Unknown return date,2026-07-23T12:01:23.864304Z,19,TOT,registered,,exclude_gw1-5,,high,exclude_gw1-5,Knee injury - Unknown return date.,Official Club Medical News; Premier League Injury Update,
2026-27,Spurs,TOT,514,Tel,MID,Regular Starter,0.75,0.1,0.15,80.0,20.0,False,medium,source_disagreement_or_single,True,Single-source or non-unanimous starter signal (FFS predicted XI).,FFS Team News; FPL Meerkat,,a,,,,,19,TOT,registered,,available,,high,eligible,,FFS Team News; Preseason match reports,
2026-27,Spurs,TOT,515,Maddison,MID,Rotation,0.4,0.25,0.35,70.0,20.0,False,medium,multi_source_preseason_consensus,False,Returned in secondary friendly vs Hoffenheim after long injury layoff; minutes being built up.,Preseason match reports; FFS Team News,,a,,,,,19,TOT,registered,,not_role_eligible,,high,not_role_eligible,,Preseason match reports; FFS Team News,
2026-27,Spurs,TOT,516,Bentancur,MID,Rotation,0.4,0.25,0.35,70.0,20.0,False,medium,multi_source_preseason_consensus,False,"Started secondary friendly vs Hoffenheim; midfield depth behind Tonali, Fernandes, and Gallagher.",Preseason match reports; FFS Team News,,a,,,,,19,TOT,registered,,not_role_eligible,,high,not_role_eligible,,Preseason match reports; FFS Team News,
2026-27,Spurs,TOT,517,Odobert,MID,Out of Contention,0.0,0.05,0.95,45.0,10.0,False,low,multi_source_preseason_consensus,False,Sidelined with knee injury; out for start of season.,Official Club Medical News; Premier League Injury Update,,i,0.0,,Knee injury - Unknown return date,2026-07-23T12:01:23.879434Z,19,TOT,registered,,exclude_gw1-5,,high,exclude_gw1-5,Knee injury - Unknown return date.,Official Club Medical News; Premier League Injury Update,
2026-27,Spurs,TOT,518,P.M.Sarr,MID,Rotation,0.4,0.25,0.35,70.0,20.0,False,medium,multi_source_preseason_consensus,False,Featured in secondary friendly vs Hoffenheim; central midfield depth.,Preseason match reports; FFS Team News,,a,,,,,19,TOT,registered,,not_role_eligible,,high,not_role_eligible,,Preseason match reports; FFS Team News,
2026-27,Spurs,TOT,519,Gallagher,MID,Regular Starter,0.75,0.1,0.15,80.0,20.0,False,medium,source_disagreement_or_single,True,Single-source or non-unanimous starter signal (FFS predicted XI).,FFS Team News; FPL Meerkat,,a,,,,,19,TOT,registered,,available,,high,eligible,,FFS Team News; Preseason Tactical Analysis,
2026-27,Spurs,TOT,520,Bergvall,MID,Rotation,0.4,0.25,0.35,70.0,20.0,False,medium,multi_source_preseason_consensus,False,Featured in main matchday squad vs Hoffenheim; creative midfield rotation.,Preseason match reports; FFS Team News,,a,,,,,19,TOT,registered,,not_role_eligible,,high,not_role_eligible,,Preseason match reports; FFS Team News,
2026-27,Spurs,TOT,521,Kulusevski,MID,Out of Contention,0.0,0.05,0.95,45.0,10.0,False,low,multi_source_preseason_consensus,False,Recovering from knee surgery; unavailable for early gameweeks.,Official Club Medical News; Premier League Injury Update,,i,0.0,,Knee injury - Unknown return date,2026-07-23T12:01:23.895175Z,19,TOT,registered,,exclude_gw1-5,,high,exclude_gw1-5,Knee injury - Unknown return date.,Official Club Medical News; Premier League Injury Update,
2026-27,Spurs,TOT,522,Gray,MID,Rotation,0.4,0.25,0.35,70.0,20.0,False,medium,source_disagreement_or_single,False,Previously draft-role but absent from current FFS XI and Meerkat nailed list.,FFS Team News; FPL Meerkat,,a,,,,,19,TOT,registered,,available,,high,not_role_eligible,,FFS Team News; Preseason Tactical Analysis,
2026-27,Spurs,TOT,523,Moore,MID,Regular Starter,0.75,0.1,0.15,80.0,20.0,False,medium,source_disagreement_or_single,True,Single-source or non-unanimous starter signal (FFS predicted XI).,FFS Team News; FPL Meerkat,,a,,,,,19,TOT,registered,,available,,high,eligible,,FFS Team News; Preseason Match Reports,
2026-27,Spurs,TOT,524,Olusesi,MID,Out of Contention,0.0,0.05,0.95,45.0,10.0,False,low,multi_source_preseason_consensus,False,Academy midfielder outside first-team squad.,Club squad hierarchy,,a,,,,,19,TOT,registered,,not_role_eligible,,high,not_role_eligible,,Club squad hierarchy,
2026-27,Spurs,TOT,525,Fernandes,MID,Regular Starter,0.75,0.1,0.15,80.0,20.0,False,medium,source_disagreement_or_single,True,Single-source or non-unanimous starter signal (FFS predicted XI).,FFS Team News; FPL Meerkat,,a,,,,,19,TOT,registered,,available,,high,eligible,,FFS Team News; Summer Transfer Guide,
2026-27,Bournemouth,BOU,566,Silva,DEF,Regular Starter,0.75,0.1,0.15,80.0,20.0,,medium,source_disagreement_or_single,True,Single-source or non-unanimous starter signal (FFS predicted XI).,FFS Team News; FPL Meerkat,,a,,,,,3,BOU,,,,,,eligible,,,
2026-27,Brentford,BRE,565,Sangaré,MID,Regular Starter,0.75,0.1,0.15,80.0,20.0,,medium,source_disagreement_or_single,True,Single-source or non-unanimous starter signal (FFS predicted XI).,FFS Team News; FPL Meerkat,,a,,,,,4,BRE,,,,,,eligible,,,
2026-27,Coventry City,COV,575,Yirenkyi,MID,Regular Starter,0.75,0.1,0.15,80.0,20.0,,medium,source_disagreement_or_single,True,Single-source or non-unanimous starter signal (FFS predicted XI).,FFS Team News; FPL Meerkat,,a,,,,,7,COV,,,,,,eligible,,,
2026-27,Fulham,FUL,570,Palacios,MID,Regular Starter,0.75,0.1,0.15,80.0,20.0,,medium,source_disagreement_or_single,True,Single-source or non-unanimous starter signal (FFS predicted XI).,FFS Team News; FPL Meerkat,,a,,,,,10,FUL,,,,,,eligible,,,
2026-27,Fulham,FUL,569,Gonzalo,FWD,Regular Starter,0.75,0.1,0.15,80.0,20.0,,medium,source_disagreement_or_single,True,Single-source or non-unanimous starter signal (FFS predicted XI).,FFS Team News; FPL Meerkat,,a,,,,,10,FUL,,,,,,eligible,,,
2026-27,Hull City,HUL,572,Tzolakis,GKP,Regular Starter,0.75,0.1,0.15,80.0,20.0,,medium,source_disagreement_or_single,True,Single-source or non-unanimous starter signal (FFS predicted XI).,FFS Team News; FPL Meerkat,,a,,,,,11,HUL,,,,,,eligible,,,
2026-27,Hull City,HUL,586,Mendy,DEF,Regular Starter,0.75,0.1,0.15,80.0,20.0,,medium,source_disagreement_or_single,True,Single-source or non-unanimous starter signal (FFS predicted XI).,FFS Team News; FPL Meerkat,,a,,,,,11,HUL,,,,,,eligible,,,
2026-27,Hull City,HUL,574,Hjertø-Dahl,MID,Regular Starter,0.75,0.1,0.15,80.0,20.0,,medium,source_disagreement_or_single,True,Single-source or non-unanimous starter signal (FFS predicted XI).,FFS Team News; FPL Meerkat,,a,,,,,11,HUL,,,,,,eligible,,,
2026-27,Hull City,HUL,576,Stroud,MID,Regular Starter,0.75,0.1,0.15,80.0,20.0,,medium,source_disagreement_or_single,True,Single-source or non-unanimous starter signal (FFS predicted XI).,FFS Team News; FPL Meerkat,,a,,,,,11,HUL,,,,,,eligible,,,
2026-27,Newcastle,NEW,567,Horníček,GKP,Regular Starter,0.75,0.1,0.15,80.0,20.0,,medium,source_disagreement_or_single,True,Single-source or non-unanimous starter signal (FFS predicted XI).,FFS Team News; FPL Meerkat,,a,,,,,17,NEW,,,,,,eligible,,,
2026-27,Nott'm Forest,NFO,581,Diomande,DEF,Regular Starter,0.75,0.1,0.15,80.0,20.0,,medium,source_disagreement_or_single,True,Single-source or non-unanimous starter signal (FFS predicted XI).,FFS Team News; FPL Meerkat,,a,,,,,18,NFO,,,,,,eligible,,,
