player_id,web_name,position,club_id,sp_role,n_rows,minutes,n_starts,goals,assists,xg,xa,cs,total_points,xp_attack,xp_cs,xp_defcon,defcon_hits,defcon_sum,penalties_missed,season,has_defcon,goals_per90,assists_per90,xg_per90,xa_per90,xp_attack_per90,xp_defcon_per90,xp_cs_per90,pts_per90,xp_attack_per_start,xp_defcon_per_start,xp_cs_per_start,pts_per_start,defcon_hit_rate,regular
1,Fábio Vieira,MID,1,no_sp,38,0,0,0,0,0.0,0.0,0,0,0.0,0.0,0.0,0,0,0,2024-25,False,0.0,0.0,0.0,0.0,0.0,0.0,0.0,0.0,0.0,0.0,0.0,0.0,0.0,False
2,G.Jesus,FWD,1,no_sp,38,600,5,3,2,3.05,0.52,2,42,18.0,0.0,0.0,0,0,0,2024-25,False,0.44999999999999996,0.3,0.45749999999999996,0.078,2.6999999999999997,0.0,0.0,6.3,3.6,0.0,0.0,8.4,0.0,False
3,Gabriel,DEF,1,no_sp,38,2363,25,3,2,2.7,1.21,10,117,24.0,40.0,0.0,0,0,0,2024-25,False,0.11426153195090985,0.0761743546339399,0.10283537875581887,0.04608548455353364,0.9140922556072788,0.0,1.523487092678798,4.456199746085485,0.96,0.0,1.6,4.68,0.0,True
4,Havertz,FWD,1,backup_sp,38,1872,20,9,3,9.530000000000001,1.65,7,97,45.0,0.0,0.0,0,0,0,2024-25,False,0.43269230769230765,0.14423076923076922,0.45817307692307696,0.07932692307692307,2.1634615384615383,0.0,0.0,4.663461538461538,2.25,0.0,0.0,4.85,0.0,True
6,J.Timber,DEF,1,no_sp,38,2415,27,1,3,1.23,1.3,11,114,15.0,44.0,0.0,0,0,0,2024-25,False,0.037267080745341616,0.11180124223602485,0.045838509316770186,0.048447204968944106,0.5590062111801243,0.0,1.639751552795031,4.248447204968945,0.5555555555555556,0.0,1.6296296296296295,4.222222222222222,0.0,True
7,Jorginho,MID,1,no_sp,38,701,8,0,0,0.06,0.59,2,20,0.0,2.0,0.0,0,0,0,2024-25,False,0.0,0.0,0.007703281027104137,0.07574893009985735,0.0,0.0,0.25677603423680456,2.5677603423680457,0.0,0.0,0.25,2.5,0.0,False
8,Kiwior,DEF,1,no_sp,38,1117,11,1,0,0.17,0.29000000000000004,3,43,6.0,12.0,0.0,0,0,0,2024-25,False,0.08057296329453895,0.0,0.01369740376007162,0.023366159355416295,0.4834377797672336,0.0,0.9668755595344672,3.4646374216651745,0.5454545454545454,0.0,1.0909090909090908,3.909090909090909,0.0,True
9,Martinelli,MID,1,no_sp,38,2284,25,8,4,7.13,4.46,10,125,52.0,10.0,0.0,0,0,0,2024-25,False,0.3152364273204904,0.1576182136602452,0.28095446584938705,0.1757443082311734,2.0490367775831877,0.0,0.394045534150613,4.925569176882663,2.08,0.0,0.4,5.0,0.0,True
10,Nelson,MID,9,backup_sp,38,483,5,1,1,1.07,0.96,1,27,8.0,1.0,0.0,0,0,0,2024-25,False,0.1863354037267081,0.1863354037267081,0.19937888198757767,0.17888198757763976,1.4906832298136647,0.0,0.1863354037267081,5.031055900621118,1.6,0.0,0.2,5.4,0.0,False
11,Nketiah,FWD,7,no_sp,38,1018,9,3,2,5.94,0.8300000000000001,2,53,18.0,0.0,0.0,0,0,0,2024-25,False,0.26522593320235754,0.1768172888015717,0.525147347740668,0.07337917485265226,1.5913555992141453,0.0,0.0,4.68565815324165,2.0,0.0,0.0,5.888888888888889,0.0,False
12,Nwaneri,MID,1,no_sp,38,882,7,4,2,1.19,1.7799999999999998,4,66,26.0,4.0,0.0,0,0,0,2024-25,False,0.4081632653061224,0.2040816326530612,0.12142857142857141,0.18163265306122445,2.6530612244897958,0.0,0.4081632653061224,6.73469387755102,3.7142857142857144,0.0,0.5714285714285714,9.428571428571429,0.0,False
13,Ødegaard,MID,1,fk_primary,38,2321,26,3,9,4.85,6.68,11,116,42.0,11.0,0.0,0,0,0,2024-25,False,0.11632916846186989,0.3489875053856097,0.18806548901335632,0.25902628177509696,1.6286083584661784,0.0,0.4265402843601896,4.498061180525636,1.6153846153846154,0.0,0.4230769230769231,4.461538461538462,0.0,True
16,Rice,MID,1,backup_sp,38,2823,31,4,7,3.51,5.64,11,127,41.0,11.0,0.0,0,0,0,2024-25,False,0.1275239107332625,0.22316684378320936,0.11190223166843782,0.1798087141339001,1.3071200850159406,0.0,0.35069075451647186,4.048884165781084,1.3225806451612903,0.0,0.3548387096774194,4.096774193548387,0.0,True
17,Saka,MID,1,pen_and_corner,38,1724,17,6,11,6.87,7.78,7,127,63.0,7.0,0.0,0,0,0,2024-25,False,0.3132250580046404,0.574245939675174,0.35864269141531324,0.40614849187935037,3.288863109048724,0.0,0.36542923433874713,6.629930394431555,3.7058823529411766,0.0,0.4117647058823529,7.470588235294118,0.0,True
18,Saliba,DEF,1,no_sp,38,3039,33,2,0,2.42,1.28,12,130,12.0,48.0,0.0,0,0,0,2024-25,False,0.059230009871668314,0.0,0.07166831194471866,0.037907206317867724,0.35538005923000987,0.0,1.4215202369200395,3.8499506416584404,0.36363636363636365,0.0,1.4545454545454546,3.9393939393939394,0.0,True
19,Smith Rowe,MID,9,no_sp,38,2036,22,6,3,4.45,2.04,7,114,39.0,7.0,0.0,0,0,0,2024-25,False,0.26522593320235754,0.13261296660117877,0.1967092337917485,0.09017681728880157,1.723968565815324,0.0,0.3094302554027505,5.039292730844793,1.7727272727272727,0.0,0.3181818181818182,5.181818181818182,0.0,True
20,Thomas,MID,1,no_sp,38,2793,31,4,3,2.27,2.64,9,108,29.0,9.0,0.0,0,0,0,2024-25,False,0.12889366272824918,0.09667024704618689,0.07314715359828142,0.08506981740064447,0.9344790547798066,0.0,0.2900107411385607,3.480128893662728,0.9354838709677419,0.0,0.2903225806451613,3.4838709677419355,0.0,True
21,Tierney,DEF,1,no_sp,38,250,2,1,0,0.38,0.54,1,27,6.0,4.0,0.0,0,0,0,2024-25,False,0.36,0.0,0.1368,0.19440000000000002,2.16,0.0,1.44,9.72,3.0,0.0,2.0,13.5,0.0,False
22,Tomiyasu,DEF,1,no_sp,38,6,0,0,0,0.18,0.0,0,1,0.0,0.0,0.0,0,0,0,2024-25,False,0.0,0.0,2.6999999999999997,0.0,0.0,0.0,0.0,15.0,0.0,0.0,0.0,1.0,0.0,False
23,Trossard,MID,1,backup_sp,38,2546,26,8,8,6.74,4.12,11,152,64.0,11.0,0.0,0,0,0,2024-25,False,0.2827965435978005,0.2827965435978005,0.23825608798114692,0.14564021995286724,2.262372348782404,0.0,0.3888452474469757,5.373134328358209,2.4615384615384617,0.0,0.4230769230769231,5.846153846153846,0.0,True
24,White,DEF,1,no_sp,38,1195,13,0,2,0.46,1.2999999999999998,5,50,6.0,20.0,0.0,0,0,0,2024-25,False,0.0,0.1506276150627615,0.03464435146443515,0.09790794979079497,0.4518828451882845,0.0,1.506276150627615,3.7656903765690375,0.46153846153846156,0.0,1.5384615384615385,3.8461538461538463,0.0,True
25,Zinchenko,DEF,1,no_sp,38,518,5,0,1,0.65,0.52,4,40,3.0,16.0,0.0,0,0,0,2024-25,False,0.0,0.17374517374517376,0.11293436293436294,0.09034749034749034,0.5212355212355212,0.0,2.77992277992278,6.94980694980695,0.6,0.0,3.2,8.0,0.0,False
26,Alex Moreno,DEF,16,no_sp,38,952,10,0,1,0.17,1.0999999999999999,3,34,3.0,12.0,0.0,0,0,0,2024-25,False,0.0,0.09453781512605042,0.016071428571428573,0.10399159663865545,0.28361344537815125,0.0,1.134453781512605,3.2142857142857144,0.3,0.0,1.2,3.4,0.0,True
27,Archer,FWD,17,backup_sp,38,1421,12,2,0,5.71,0.72,2,57,8.0,0.0,0.0,0,0,1,2024-25,False,0.1266713581984518,0.0,0.36164672765657985,0.04560168895144264,0.5066854327938072,0.0,0.0,3.610133708655876,0.6666666666666666,0.0,0.0,4.75,0.0,True
28,Bailey,MID,2,backup_sp,38,1132,11,1,2,1.73,2.92,2,47,11.0,2.0,0.0,0,0,0,2024-25,False,0.07950530035335689,0.15901060070671377,0.13754416961130742,0.23215547703180212,0.8745583038869258,0.0,0.15901060070671377,3.7367491166077738,1.0,0.0,0.18181818181818182,4.2727272727272725,0.0,True
29,Barkley,MID,2,no_sp,38,567,3,3,1,1.79,0.43,1,44,18.0,1.0,0.0,0,0,0,2024-25,False,0.4761904761904762,0.15873015873015872,0.2841269841269841,0.06825396825396826,2.857142857142857,0.0,0.15873015873015872,6.984126984126984,6.0,0.0,0.3333333333333333,14.666666666666666,0.0,False
30,Barrenechea,MID,2,no_sp,38,0,0,0,0,0.0,0.0,0,0,0.0,0.0,0.0,0,0,0,2024-25,False,0.0,0.0,0.0,0.0,0.0,0.0,0.0,0.0,0.0,0.0,0.0,0.0,0.0,False
31,Buendia,MID,2,backup_sp,38,89,0,0,0,0.65,0.03,0,11,0.0,0.0,0.0,0,0,0,2024-25,False,0.0,0.0,0.6573033707865169,0.03033707865168539,0.0,0.0,0.0,11.123595505617978,0.0,0.0,0.0,11.0,0.0,False
32,Cash,DEF,2,no_sp,38,2069,22,1,1,0.48,1.23,7,76,9.0,28.0,0.0,0,0,0,2024-25,False,0.04349927501208314,0.04349927501208314,0.020879652005799904,0.05350410826486226,0.3914934751087482,0.0,1.2179797003383277,3.3059449009183184,0.4090909090909091,0.0,1.2727272727272727,3.4545454545454546,0.0,True
33,Dendoncker,MID,2,no_sp,38,0,0,0,0,0.0,0.0,0,0,0.0,0.0,0.0,0,0,0,2024-25,False,0.0,0.0,0.0,0.0,0.0,0.0,0.0,0.0,0.0,0.0,0.0,0.0,0.0,False
34,Diaby,MID,2,no_sp,38,0,0,0,0,0.0,0.0,0,0,0.0,0.0,0.0,0,0,0,2024-25,False,0.0,0.0,0.0,0.0,0.0,0.0,0.0,0.0,0.0,0.0,0.0,0.0,0.0,False
35,Diego Carlos,DEF,2,no_sp,38,828,9,0,0,0.64,0.08,2,21,0.0,8.0,0.0,0,0,0,2024-25,False,0.0,0.0,0.06956521739130435,0.008695652173913044,0.0,0.0,0.8695652173913044,2.2826086956521743,0.0,0.0,0.8888888888888888,2.3333333333333335,0.0,False
36,Digne,DEF,2,backup_sp,38,2348,25,0,5,0.8,3.97,6,89,15.0,24.0,0.0,0,0,0,2024-25,False,0.0,0.19165247018739354,0.030664395229982967,0.15217206132879046,0.5749574105621806,0.0,0.919931856899489,3.4114139693356047,0.6,0.0,0.96,3.56,0.0,True
37,Dobbin,MID,2,no_sp,38,0,0,0,0,0.0,0.0,0,0,0.0,0.0,0.0,0,0,0,2024-25,False,0.0,0.0,0.0,0.0,0.0,0.0,0.0,0.0,0.0,0.0,0.0,0.0,0.0,False
38,Duran,FWD,2,no_sp,38,622,2,7,0,5.11,0.24000000000000002,2,53,28.0,0.0,0.0,0,0,0,2024-25,False,1.012861736334405,0.0,0.7393890675241158,0.03472668810289389,4.05144694533762,0.0,0.0,7.668810289389067,14.0,0.0,0.0,26.5,0.0,False
40,Hause,DEF,2,no_sp,38,0,0,0,0,0.0,0.0,0,0,0.0,0.0,0.0,0,0,0,2024-25,False,0.0,0.0,0.0,0.0,0.0,0.0,0.0,0.0,0.0,0.0,0.0,0.0,0.0,False
41,Iling Jr,MID,2,no_sp,38,0,0,0,0,0.0,0.0,0,0,0.0,0.0,0.0,0,0,0,2024-25,False,0.0,0.0,0.0,0.0,0.0,0.0,0.0,0.0,0.0,0.0,0.0,0.0,0.0,False
42,Kamara,MID,2,no_sp,38,1720,19,1,0,0.82,0.8300000000000001,6,57,5.0,6.0,0.0,0,0,0,2024-25,False,0.05232558139534884,0.0,0.042906976744186046,0.04343023255813954,0.2616279069767442,0.0,0.313953488372093,2.9825581395348837,0.2631578947368421,0.0,0.3157894736842105,3.0,0.0,True
43,Kesler-Hayden,DEF,2,no_sp,38,0,0,0,0,0.0,0.0,0,0,0.0,0.0,0.0,0,0,0,2024-25,False,0.0,0.0,0.0,0.0,0.0,0.0,0.0,0.0,0.0,0.0,0.0,0.0,0.0,False
44,Konsa,DEF,2,no_sp,38,2936,32,2,0,1.29,0.61,8,103,12.0,32.0,0.0,0,0,0,2024-25,False,0.06130790190735695,0.0,0.03954359673024523,0.01869891008174387,0.36784741144414174,0.0,0.9809264305177112,3.157356948228883,0.375,0.0,1.0,3.21875,0.0,True
45,Maatsen,DEF,2,no_sp,38,1125,8,1,2,0.87,2.43,3,57,12.0,12.0,0.0,0,0,0,2024-25,False,0.08,0.16,0.0696,0.19440000000000002,0.96,0.0,0.96,4.56,1.5,0.0,1.5,7.125,0.0,False
48,McGinn,MID,2,no_sp,38,2217,25,1,4,3.1,2.7,8,78,17.0,8.0,0.0,0,0,0,2024-25,False,0.04059539918809202,0.16238159675236807,0.12584573748308525,0.10960757780784845,0.6901217861975643,0.0,0.32476319350473615,3.1664411366711773,0.68,0.0,0.32,3.12,0.0,True
49,Mings,DEF,2,no_sp,38,1119,12,0,1,0.88,0.23,4,47,3.0,16.0,0.0,0,0,0,2024-25,False,0.0,0.08042895442359249,0.0707774798927614,0.018498659517426273,0.24128686327077747,0.0,1.2868632707774799,3.780160857908847,0.25,0.0,1.3333333333333333,3.9166666666666665,0.0,True
50,Nedeljkovic,DEF,2,no_sp,38,121,1,0,0,0.0,0.02,0,5,0.0,0.0,0.0,0,0,0,2024-25,False,0.0,0.0,0.0,0.014876033057851238,0.0,0.0,0.0,3.7190082644628095,0.0,0.0,0.0,5.0,0.0,False
52,Pau,DEF,2,no_sp,38,2019,22,0,0,0.51,0.43000000000000005,5,55,0.0,20.0,0.0,0,0,0,2024-25,False,0.0,0.0,0.022734026745913818,0.019167904903417535,0.0,0.0,0.8915304606240713,2.4517087667161963,0.0,0.0,0.9090909090909091,2.5,0.0,True
53,Ramsey,MID,2,no_sp,38,1616,17,1,4,1.59,2.18,5,66,17.0,5.0,0.0,0,0,0,2024-25,False,0.055693069306930694,0.22277227722772278,0.08855198019801981,0.12141089108910892,0.9467821782178217,0.0,0.2784653465346535,3.6757425742574257,1.0,0.0,0.29411764705882354,3.8823529411764706,0.0,True
54,Rogers,MID,2,no_sp,38,3115,36,8,11,6.49,5.24,10,161,73.0,10.0,0.0,0,0,0,2024-25,False,0.23113964686998392,0.3178170144462279,0.18751203852327447,0.15139646869983947,2.109149277688603,0.0,0.2889245585874799,4.651685393258426,2.0277777777777777,0.0,0.2777777777777778,4.472222222222222,0.0,True
56,Sousa,DEF,2,no_sp,38,0,0,0,0,0.0,0.0,0,0,0.0,0.0,0.0,0,0,0,2024-25,False,0.0,0.0,0.0,0.0,0.0,0.0,0.0,0.0,0.0,0.0,0.0,0.0,0.0,False
57,Tielemans,MID,2,corner_primary,38,3025,33,3,7,3.31,5.83,7,121,36.0,7.0,0.0,0,0,1,2024-25,False,0.08925619834710743,0.20826446280991734,0.0984793388429752,0.17345454545454544,1.071074380165289,0.0,0.20826446280991734,3.5999999999999996,1.0909090909090908,0.0,0.21212121212121213,3.6666666666666665,0.0,True
58,Watkins,FWD,2,pen_primary,38,2593,30,16,8,15.12,2.07,10,186,88.0,0.0,0.0,0,0,0,2024-25,False,0.5553413035094485,0.2776706517547243,0.5247975318164289,0.0718472811415349,3.054377169301967,0.0,0.0,6.455842653297339,2.933333333333333,0.0,0.0,6.2,0.0,True
59,Aarons,DEF,3,no_sp,38,84,1,0,0,0.0,0.01,1,8,0.0,4.0,0.0,0,0,0,2024-25,False,0.0,0.0,0.0,0.010714285714285714,0.0,0.0,4.285714285714286,8.571428571428571,0.0,0.0,4.0,8.0,0.0,False
60,Adams,MID,3,no_sp,38,1959,21,0,3,1.33,0.76,6,58,9.0,6.0,0.0,0,0,0,2024-25,False,0.0,0.13782542113323124,0.06110260336906585,0.034915773353751914,0.41347626339969373,0.0,0.27565084226646247,2.664624808575804,0.42857142857142855,0.0,0.2857142857142857,2.761904761904762,0.0,True
61,Anthony,MID,3,no_sp,38,0,0,0,0,0.0,0.0,0,0,0.0,0.0,0.0,0,0,0,2024-25,False,0.0,0.0,0.0,0.0,0.0,0.0,0.0,0.0,0.0,0.0,0.0,0.0,0.0,False
62,Brooks,MID,3,no_sp,38,941,8,2,1,2.58,2.02,3,52,13.0,3.0,0.0,0,0,0,2024-25,False,0.19128586609989373,0.09564293304994687,0.24675876726886292,0.19319872476089267,1.2433581296493093,0.0,0.2869287991498406,4.973432518597237,1.625,0.0,0.375,6.5,0.0,False
63,Christie,MID,3,backup_sp,38,2114,24,2,3,2.14,2.9,8,76,19.0,8.0,0.0,0,0,0,2024-25,False,0.08514664143803218,0.12771996215704826,0.09110690633869443,0.12346263008514664,0.8088930936613057,0.0,0.3405865657521287,3.2355723746452227,0.7916666666666666,0.0,0.3333333333333333,3.1666666666666665,0.0,True
64,Cook,MID,3,corner_primary,38,2976,32,1,4,0.9400000000000001,3.76,5,82,17.0,5.0,0.0,0,0,0,2024-25,False,0.030241935483870965,0.12096774193548386,0.02842741935483871,0.11370967741935482,0.5141129032258064,0.0,0.15120967741935482,2.479838709677419,0.53125,0.0,0.15625,2.5625,0.0,True
65,Enes Ünal,FWD,3,backup_sp,38,330,2,2,1,2.73,0.26,2,32,11.0,0.0,0.0,0,0,0,2024-25,False,0.5454545454545455,0.27272727272727276,0.7445454545454546,0.07090909090909091,3.0,0.0,0.0,8.727272727272728,5.5,0.0,0.0,16.0,0.0,False
66,Faivre,MID,3,no_sp,38,0,0,0,0,0.0,0.0,0,0,0.0,0.0,0.0,0,0,0,2024-25,False,0.0,0.0,0.0,0.0,0.0,0.0,0.0,0.0,0.0,0.0,0.0,0.0,0.0,False
67,H.Traorè,MID,3,no_sp,38,0,0,0,0,0.0,0.0,0,0,0.0,0.0,0.0,0,0,0,2024-25,False,0.0,0.0,0.0,0.0,0.0,0.0,0.0,0.0,0.0,0.0,0.0,0.0,0.0,False
68,Hill,DEF,3,no_sp,38,443,4,0,1,0.29,0.25,1,17,3.0,4.0,0.0,0,0,0,2024-25,False,0.0,0.20316027088036115,0.058916478555304734,0.05079006772009029,0.6094808126410834,0.0,0.8126410835214446,3.4537246049661396,0.75,0.0,1.0,4.25,0.0,False
69,Jebbison,FWD,3,no_sp,38,105,0,1,0,1.05,0.12000000000000001,0,20,4.0,0.0,0.0,0,0,0,2024-25,False,0.8571428571428571,0.0,0.9,0.10285714285714286,3.4285714285714284,0.0,0.0,17.142857142857142,4.0,0.0,0.0,20.0,0.0,False
70,Kerkez,DEF,3,no_sp,38,3336,38,2,6,0.6,2.57,9,134,30.0,36.0,0.0,0,0,0,2024-25,False,0.0539568345323741,0.1618705035971223,0.016187050359712227,0.06933453237410071,0.8093525179856115,0.0,0.9712230215827338,3.6151079136690645,0.7894736842105263,0.0,0.9473684210526315,3.526315789473684,0.0,True
71,Kluivert,MID,3,pen_primary,38,2339,27,12,6,10.05,3.66,13,158,78.0,13.0,0.0,0,0,0,2024-25,False,0.4617357845233006,0.2308678922616503,0.38670371953826427,0.14082941427960669,3.001282599401454,0.0,0.500213766566909,6.079521162890124,2.888888888888889,0.0,0.48148148148148145,5.851851851851852,0.0,True
72,Mepham,DEF,3,no_sp,38,0,0,0,0,0.0,0.0,0,0,0.0,0.0,0.0,0,0,0,2024-25,False,0.0,0.0,0.0,0.0,0.0,0.0,0.0,0.0,0.0,0.0,0.0,0.0,0.0,False
74,O.Dango,MID,3,no_sp,38,1998,21,7,4,8.42,3.24,7,111,47.0,7.0,0.0,0,0,0,2024-25,False,0.3153153153153153,0.1801801801801802,0.3792792792792793,0.14594594594594595,2.1171171171171173,0.0,0.3153153153153153,5.0,2.238095238095238,0.0,0.3333333333333333,5.285714285714286,0.0,True
76,Philip,MID,3,backup_sp,38,176,1,0,0,0.55,0.97,0,10,0.0,0.0,0.0,0,0,0,2024-25,False,0.0,0.0,0.28125000000000006,0.4960227272727273,0.0,0.0,0.0,5.113636363636364,0.0,0.0,0.0,10.0,0.0,False
77,Scott,MID,3,no_sp,38,745,6,0,0,0.73,1.0,3,26,0.0,3.0,0.0,0,0,0,2024-25,False,0.0,0.0,0.08818791946308724,0.12080536912751677,0.0,0.0,0.3624161073825503,3.140939597315436,0.0,0.0,0.5,4.333333333333333,0.0,False
78,Semenyo,MID,3,no_sp,38,3202,36,11,7,9.51,4.43,11,165,76.0,11.0,0.0,0,0,0,2024-25,False,0.30918176139912557,0.19675202998126173,0.2673016864459713,0.12451592754528419,2.136164896939413,0.0,0.30918176139912557,4.637726420986883,2.111111111111111,0.0,0.3055555555555556,4.583333333333333,0.0,True
79,Senesi,DEF,3,no_sp,38,1103,12,0,0,0.84,0.48,2,31,0.0,8.0,0.0,0,0,0,2024-25,False,0.0,0.0,0.06854034451495919,0.039165911151405254,0.0,0.0,0.6527651858567542,2.5294650951949227,0.0,0.0,0.6666666666666666,2.5833333333333335,0.0,True
80,Sinisterra,MID,3,no_sp,38,229,1,1,1,1.18,1.29,0,23,8.0,0.0,0.0,0,0,0,2024-25,False,0.39301310043668125,0.39301310043668125,0.4637554585152838,0.5069868995633188,3.14410480349345,0.0,0.0,9.039301310043669,8.0,0.0,0.0,23.0,0.0,False
81,Smith,DEF,3,no_sp,38,1586,18,0,0,0.65,0.6799999999999999,6,57,0.0,24.0,0.0,0,0,0,2024-25,False,0.0,0.0,0.036885245901639344,0.03858764186633038,0.0,0.0,1.3619167717528373,3.2345523329129886,0.0,0.0,1.3333333333333333,3.1666666666666665,0.0,True
82,Solanke,FWD,18,no_sp,38,2199,25,9,5,10.89,1.13,4,108,51.0,0.0,0.0,0,0,0,2024-25,False,0.3683492496589359,0.20463847203274216,0.44570259208731244,0.04624829467939972,2.08731241473397,0.0,0.0,4.42019099590723,2.04,0.0,0.0,4.32,0.0,True
83,Tavernier,MID,3,fk_primary,38,1932,20,3,7,5.51,3.65,4,87,36.0,4.0,0.0,0,0,0,2024-25,False,0.13975155279503107,0.32608695652173914,0.25667701863354037,0.17003105590062112,1.6770186335403727,0.0,0.1863354037267081,4.052795031055901,1.8,0.0,0.2,4.35,0.0,True
85,Zabarnyi,DEF,3,no_sp,38,3109,34,0,1,1.2,0.76,8,94,3.0,32.0,0.0,0,0,0,2024-25,False,0.0,0.02894821486008363,0.03473785783210035,0.02200064329366356,0.08684464458025089,0.0,0.9263428755226761,2.721132196847861,0.08823529411764706,0.0,0.9411764705882353,2.764705882352941,0.0,True
86,Ajer,DEF,4,no_sp,38,1433,16,0,0,0.9700000000000001,0.48,3,39,0.0,12.0,0.0,0,0,0,2024-25,False,0.0,0.0,0.06092114445219819,0.030146545708304256,0.0,0.0,0.7536636427076064,2.449406838799721,0.0,0.0,0.75,2.4375,0.0,True
87,Brierley,MID,4,no_sp,38,0,0,0,0,0.0,0.0,0,0,0.0,0.0,0.0,0,0,0,2024-25,False,0.0,0.0,0.0,0.0,0.0,0.0,0.0,0.0,0.0,0.0,0.0,0.0,0.0,False
88,Collins,DEF,4,no_sp,38,3420,38,2,7,2.44,1.57,8,127,33.0,32.0,0.0,0,0,0,2024-25,False,0.05263157894736842,0.18421052631578946,0.06421052631578947,0.041315789473684215,0.868421052631579,0.0,0.8421052631578947,3.3421052631578947,0.868421052631579,0.0,0.8421052631578947,3.3421052631578947,0.0,True
89,Damsgaard,MID,4,corner_primary,38,2911,34,2,10,2.91,7.01,11,131,40.0,11.0,0.0,0,0,0,2024-25,False,0.061834421161113026,0.30917210580556514,0.08996908278941945,0.21672964616970114,1.2366884232222606,0.0,0.34008931638612167,4.050154586052903,1.1764705882352942,0.0,0.3235294117647059,3.8529411764705883,0.0,True
90,Dasilva,MID,4,no_sp,38,0,0,0,0,0.0,0.0,0,0,0.0,0.0,0.0,0,0,0,2024-25,False,0.0,0.0,0.0,0.0,0.0,0.0,0.0,0.0,0.0,0.0,0.0,0.0,0.0,False
92,Henry,DEF,4,no_sp,38,94,0,0,0,0.0,0.01,0,4,0.0,0.0,0.0,0,0,0,2024-25,False,0.0,0.0,0.0,0.009574468085106383,0.0,0.0,0.0,3.829787234042553,0.0,0.0,0.0,4.0,0.0,False
93,Hickey,DEF,4,no_sp,38,0,0,0,0,0.0,0.0,0,0,0.0,0.0,0.0,0,0,0,2024-25,False,0.0,0.0,0.0,0.0,0.0,0.0,0.0,0.0,0.0,0.0,0.0,0.0,0.0,False
94,Janelt,MID,4,no_sp,38,2251,26,1,3,0.8300000000000001,2.38,6,73,14.0,6.0,0.0,0,0,0,2024-25,False,0.039982230119946685,0.11994669035984007,0.03318525099955575,0.09515770768547312,0.5597512216792536,0.0,0.23989338071968014,2.918702798756108,0.5384615384615384,0.0,0.23076923076923078,2.8076923076923075,0.0,True
95,Jensen,MID,4,backup_sp,38,846,7,0,2,0.23,1.75,2,38,6.0,2.0,0.0,0,0,0,2024-25,False,0.0,0.2127659574468085,0.02446808510638298,0.18617021276595744,0.6382978723404255,0.0,0.2127659574468085,4.042553191489362,0.8571428571428571,0.0,0.2857142857142857,5.428571428571429,0.0,False
96,Ji-soo,DEF,4,no_sp,38,28,0,0,0,0.0,0.0,0,3,0.0,0.0,0.0,0,0,0,2024-25,False,0.0,0.0,0.0,0.0,0.0,0.0,0.0,9.642857142857142,0.0,0.0,0.0,3.0,0.0,False
97,Konak,MID,4,no_sp,38,53,0,0,0,0.15,0.0,0,10,0.0,0.0,0.0,0,0,0,2024-25,False,0.0,0.0,0.25471698113207547,0.0,0.0,0.0,0.0,16.9811320754717,0.0,0.0,0.0,10.0,0.0,False
98,Lewis-Potter,MID,4,backup_sp,38,3092,35,1,5,2.96,4.94,8,94,20.0,8.0,0.0,0,0,0,2024-25,False,0.029107373868046574,0.14553686934023286,0.08615782664941786,0.14379042690815008,0.5821474773609314,0.0,0.2328589909443726,2.736093143596378,0.5714285714285714,0.0,0.22857142857142856,2.6857142857142855,0.0,True
99,Mbeumo,MID,4,backup_sp,38,3415,38,20,9,12.52,9.24,9,236,127.0,9.0,0.0,0,0,1,2024-25,False,0.527086383601757,0.23718887262079064,0.32995607613469985,0.24351390922401173,3.346998535871157,0.0,0.23718887262079064,6.219619326500732,3.3421052631578947,0.0,0.23684210526315788,6.2105263157894735,0.0,True
100,Mee,DEF,4,no_sp,38,180,2,0,0,0.0,0.02,1,9,0.0,4.0,0.0,0,0,0,2024-25,False,0.0,0.0,0.0,0.01,0.0,0.0,2.0,4.5,0.0,0.0,2.0,4.5,0.0,False
101,Nørgaard,MID,4,no_sp,38,2820,31,5,5,4.23,1.38,6,107,40.0,6.0,0.0,0,0,0,2024-25,False,0.1595744680851064,0.1595744680851064,0.135,0.04404255319148936,1.2765957446808511,0.0,0.19148936170212766,3.414893617021277,1.2903225806451613,0.0,0.1935483870967742,3.4516129032258065,0.0,True
102,Onyeka,MID,4,no_sp,38,23,0,0,0,0.0,0.02,0,2,0.0,0.0,0.0,0,0,0,2024-25,False,0.0,0.0,0.0,0.0782608695652174,0.0,0.0,0.0,7.82608695652174,0.0,0.0,0.0,2.0,0.0,False
103,Peart-Harris,MID,4,no_sp,38,0,0,0,0,0.0,0.0,0,0,0.0,0.0,0.0,0,0,0,2024-25,False,0.0,0.0,0.0,0.0,0.0,0.0,0.0,0.0,0.0,0.0,0.0,0.0,0.0,False
104,Pinnock,DEF,4,no_sp,38,1912,21,2,0,1.08,0.64,2,47,12.0,8.0,0.0,0,0,0,2024-25,False,0.09414225941422595,0.0,0.05083682008368201,0.030125523012552304,0.5648535564853556,0.0,0.3765690376569038,2.2123430962343096,0.5714285714285714,0.0,0.38095238095238093,2.238095238095238,0.0,True
105,Roerslev,DEF,4,no_sp,38,1100,11,0,2,0.2,2.09,2,36,6.0,8.0,0.0,0,0,0,2024-25,False,0.0,0.16363636363636364,0.016363636363636365,0.171,0.49090909090909096,0.0,0.6545454545454545,2.9454545454545458,0.5454545454545454,0.0,0.7272727272727273,3.272727272727273,0.0,True
106,Schade,MID,4,no_sp,38,2281,25,11,4,8.45,1.75,10,149,67.0,10.0,0.0,0,0,0,2024-25,False,0.43402016659359927,0.1578255151249452,0.3334064007014467,0.06904866286716352,2.6435773783428322,0.0,0.394563787812363,5.8790004384042085,2.68,0.0,0.4,5.96,0.0,True
107,Thiago,FWD,4,no_sp,38,167,1,0,0,0.13,0.04,0,9,0.0,0.0,0.0,0,0,0,2024-25,False,0.0,0.0,0.07005988023952096,0.02155688622754491,0.0,0.0,0.0,4.850299401197605,0.0,0.0,0.0,9.0,0.0,False
108,Toney,FWD,4,no_sp,38,0,0,0,0,0.0,0.0,0,0,0.0,0.0,0.0,0,0,0,2024-25,False,0.0,0.0,0.0,0.0,0.0,0.0,0.0,0.0,0.0,0.0,0.0,0.0,0.0,False
110,Wissa,FWD,4,backup_sp,38,2921,33,18,6,18.58,2.2,9,185,90.0,0.0,0.0,0,0,0,2024-25,False,0.5546045874700445,0.18486819582334818,0.5724751797329681,0.06778500513522767,2.7730229373502224,0.0,0.0,5.7001027045532355,2.727272727272727,0.0,0.0,5.606060606060606,0.0,True
111,Yarmoliuk,MID,4,no_sp,38,1435,15,0,0,0.62,0.91,3,43,0.0,3.0,0.0,0,0,0,2024-25,False,0.0,0.0,0.03888501742160279,0.05707317073170732,0.0,0.0,0.18815331010452963,2.696864111498258,0.0,0.0,0.2,2.8666666666666667,0.0,True
112,Zanka,DEF,4,no_sp,38,0,0,0,0,0.0,0.0,0,0,0.0,0.0,0.0,0,0,0,2024-25,False,0.0,0.0,0.0,0.0,0.0,0.0,0.0,0.0,0.0,0.0,0.0,0.0,0.0,False
113,Adingra,MID,5,no_sp,38,1081,10,2,3,2.47,2.73,2,60,19.0,2.0,0.0,0,0,0,2024-25,False,0.16651248843663274,0.24976873265494912,0.20564292321924146,0.2272895467160037,1.581868640148011,0.0,0.16651248843663274,4.995374653098983,1.9,0.0,0.2,6.0,0.0,True
114,Baker-Boaitey,MID,5,no_sp,38,0,0,0,0,0.0,0.0,0,0,0.0,0.0,0.0,0,0,0,2024-25,False,0.0,0.0,0.0,0.0,0.0,0.0,0.0,0.0,0.0,0.0,0.0,0.0,0.0,False
115,Baleba,MID,5,no_sp,38,2660,29,3,1,3.1,1.21,8,87,18.0,8.0,0.0,0,0,0,2024-25,False,0.10150375939849623,0.03383458646616541,0.10488721804511278,0.040939849624060144,0.6090225563909775,0.0,0.2706766917293233,2.943609022556391,0.6206896551724138,0.0,0.27586206896551724,3.0,0.0,True
116,Barco,DEF,5,no_sp,38,0,0,0,0,0.0,0.0,0,0,0.0,0.0,0.0,0,0,0,2024-25,False,0.0,0.0,0.0,0.0,0.0,0.0,0.0,0.0,0.0,0.0,0.0,0.0,0.0,False
117,Buonanotte,MID,11,backup_sp,38,1508,13,5,2,4.01,2.29,2,75,31.0,2.0,0.0,0,0,0,2024-25,False,0.29840848806366044,0.11936339522546419,0.2393236074270557,0.1366710875331565,1.8501326259946949,0.0,0.11936339522546419,4.476127320954907,2.3846153846153846,0.0,0.15384615384615385,5.769230769230769,0.0,True
118,Cozier-Duberry,MID,5,no_sp,38,0,0,0,0,0.0,0.0,0,0,0.0,0.0,0.0,0,0,0,2024-25,False,0.0,0.0,0.0,0.0,0.0,0.0,0.0,0.0,0.0,0.0,0.0,0.0,0.0,False
119,Dahoud,MID,5,no_sp,38,0,0,0,0,0.0,0.0,0,0,0.0,0.0,0.0,0,0,0,2024-25,False,0.0,0.0,0.0,0.0,0.0,0.0,0.0,0.0,0.0,0.0,0.0,0.0,0.0,False
120,Dunk,DEF,5,backup_sp,38,2081,23,0,1,0.8099999999999999,1.02,4,44,3.0,16.0,0.0,0,0,0,2024-25,False,0.0,0.04324843825084094,0.035031234983181156,0.04411340701585776,0.12974531475252282,0.0,0.691975012013455,1.9029312830370013,0.13043478260869565,0.0,0.6956521739130435,1.9130434782608696,0.0,True
121,Enciso,MID,10,backup_sp,38,1155,11,2,3,2.82,1.32,2,59,19.0,2.0,0.0,0,0,0,2024-25,False,0.15584415584415584,0.23376623376623376,0.2197402597402597,0.10285714285714286,1.4805194805194803,0.0,0.15584415584415584,4.597402597402597,1.7272727272727273,0.0,0.18181818181818182,5.363636363636363,0.0,True
122,Estupiñan,DEF,5,backup_sp,38,2399,26,1,1,1.09,2.43,3,63,9.0,12.0,0.0,0,0,0,2024-25,False,0.03751563151313047,0.03751563151313047,0.04089203834931222,0.09116298457690705,0.33764068361817423,0.0,0.45018757815756566,2.36348478532722,0.34615384615384615,0.0,0.46153846153846156,2.423076923076923,0.0,True
123,Ferguson,FWD,19,backup_sp,38,368,1,1,0,1.13,0.65,1,27,4.0,0.0,0.0,0,0,0,2024-25,False,0.24456521739130438,0.0,0.2763586956521739,0.15896739130434784,0.9782608695652175,0.0,0.0,6.603260869565218,4.0,0.0,0.0,27.0,0.0,False
124,Gilmour,MID,5,no_sp,38,97,1,0,0,0.08,0.04,0,3,0.0,0.0,0.0,0,0,0,2024-25,False,0.0,0.0,0.07422680412371134,0.03711340206185567,0.0,0.0,0.0,2.7835051546391756,0.0,0.0,0.0,3.0,0.0,False
125,Gross,MID,5,no_sp,38,0,0,0,0,0.0,0.0,0,0,0.0,0.0,0.0,0,0,0,2024-25,False,0.0,0.0,0.0,0.0,0.0,0.0,0.0,0.0,0.0,0.0,0.0,0.0,0.0,False
126,Hinshelwood,MID,5,no_sp,38,1839,20,5,3,2.74,1.5,6,89,34.0,6.0,0.0,0,0,0,2024-25,False,0.24469820554649266,0.1468189233278956,0.134094616639478,0.0734094616639478,1.66394779771615,0.0,0.2936378466557912,4.355628058727569,1.7,0.0,0.3,4.45,0.0,True
127,I.Osman,MID,5,no_sp,38,0,0,0,0,0.0,0.0,0,0,0.0,0.0,0.0,0,0,0,2024-25,False,0.0,0.0,0.0,0.0,0.0,0.0,0.0,0.0,0.0,0.0,0.0,0.0,0.0,False
128,Igor,DEF,5,no_sp,38,959,10,0,0,0.05,0.25,1,18,0.0,4.0,0.0,0,0,0,2024-25,False,0.0,0.0,0.0046923879040667365,0.023461939520333683,0.0,0.0,0.37539103232533894,1.6892596454640252,0.0,0.0,0.4,1.8,0.0,True
129,João Pedro,FWD,5,pen_primary,38,1946,22,10,6,8.96,3.1,6,126,58.0,0.0,0.0,0,0,0,2024-25,False,0.4624871531346351,0.27749229188078106,0.4143884892086331,0.1433710174717369,2.6824254881808836,0.0,0.0,5.827338129496402,2.6363636363636362,0.0,0.0,5.7272727272727275,0.0,True
130,Kozlowski,MID,5,no_sp,38,0,0,0,0,0.0,0.0,0,0,0.0,0.0,0.0,0,0,0,2024-25,False,0.0,0.0,0.0,0.0,0.0,0.0,0.0,0.0,0.0,0.0,0.0,0.0,0.0,False
131,Lamptey,DEF,5,no_sp,38,856,8,2,2,0.38,0.8,2,42,18.0,8.0,0.0,0,0,0,2024-25,False,0.2102803738317757,0.2102803738317757,0.03995327102803738,0.08411214953271029,1.8925233644859814,0.0,0.8411214953271028,4.41588785046729,2.25,0.0,1.0,5.25,0.0,False
132,March,MID,5,no_sp,38,161,1,0,0,0.09000000000000001,0.32,0,7,0.0,0.0,0.0,0,0,0,2024-25,False,0.0,0.0,0.05031055900621118,0.17888198757763973,0.0,0.0,0.0,3.913043478260869,0.0,0.0,0.0,7.0,0.0,False
133,Mazilu,MID,5,no_sp,38,0,0,0,0,0.0,0.0,0,0,0.0,0.0,0.0,0,0,0,2024-25,False,0.0,0.0,0.0,0.0,0.0,0.0,0.0,0.0,0.0,0.0,0.0,0.0,0.0,False
134,Milner,MID,5,no_sp,38,170,2,0,0,0.16,0.15,1,6,0.0,1.0,0.0,0,0,0,2024-25,False,0.0,0.0,0.08470588235294119,0.07941176470588235,0.0,0.0,0.5294117647058824,3.1764705882352944,0.0,0.0,0.5,3.0,0.0,False
135,Minteh,MID,5,backup_sp,38,1831,19,6,5,4.13,4.99,4,102,45.0,4.0,0.0,0,0,0,2024-25,False,0.2949208083014746,0.24576734025122882,0.20300382304751502,0.2452758055707264,2.2119060622610593,0.0,0.19661387220098306,5.013653741125069,2.3684210526315788,0.0,0.21052631578947367,5.368421052631579,0.0,True
136,Mitoma,MID,5,no_sp,38,2597,27,10,5,9.19,4.03,6,145,65.0,6.0,0.0,0,0,0,2024-25,False,0.346553715825953,0.1732768579129765,0.3184828648440508,0.13966114747785907,2.2525991528686946,0.0,0.20793222949557183,5.025028879476319,2.4074074074074074,0.0,0.2222222222222222,5.37037037037037,0.0,True
137,Moder,MID,5,no_sp,38,9,0,0,0,0.0,0.53,0,4,0.0,0.0,0.0,0,0,0,2024-25,False,0.0,0.0,0.0,5.3,0.0,0.0,0.0,40.0,0.0,0.0,0.0,4.0,0.0,False
138,O’Mahony,FWD,5,no_sp,38,0,0,0,0,0.0,0.0,0,0,0.0,0.0,0.0,0,0,0,2024-25,False,0.0,0.0,0.0,0.0,0.0,0.0,0.0,0.0,0.0,0.0,0.0,0.0,0.0,False
139,Offiah,DEF,5,no_sp,38,0,0,0,0,0.0,0.0,0,0,0.0,0.0,0.0,0,0,0,2024-25,False,0.0,0.0,0.0,0.0,0.0,0.0,0.0,0.0,0.0,0.0,0.0,0.0,0.0,False
140,Peupion,MID,5,no_sp,38,0,0,0,0,0.0,0.0,0,0,0.0,0.0,0.0,0,0,0,2024-25,False,0.0,0.0,0.0,0.0,0.0,0.0,0.0,0.0,0.0,0.0,0.0,0.0,0.0,False
141,Sarmiento,MID,5,no_sp,38,8,0,0,0,0.0,0.0,0,1,0.0,0.0,0.0,0,0,0,2024-25,False,0.0,0.0,0.0,0.0,0.0,0.0,0.0,11.25,0.0,0.0,0.0,1.0,0.0,False
143,Undav,FWD,5,no_sp,38,0,0,0,0,0.0,0.0,0,0,0.0,0.0,0.0,0,0,0,2024-25,False,0.0,0.0,0.0,0.0,0.0,0.0,0.0,0.0,0.0,0.0,0.0,0.0,0.0,False
144,Van Hecke,DEF,5,no_sp,38,2960,33,1,1,1.32,1.41,7,87,9.0,28.0,0.0,0,0,0,2024-25,False,0.030405405405405407,0.030405405405405407,0.04013513513513514,0.04287162162162162,0.2736486486486487,0.0,0.8513513513513514,2.6452702702702706,0.2727272727272727,0.0,0.8484848484848485,2.6363636363636362,0.0,True
145,Veltman,DEF,5,no_sp,38,1694,19,0,0,0.47000000000000003,1.31,6,59,0.0,24.0,0.0,0,0,0,2024-25,False,0.0,0.0,0.024970484061393152,0.06959858323494687,0.0,0.0,1.2750885478158205,3.1345926800472252,0.0,0.0,1.263157894736842,3.1052631578947367,0.0,True
147,Webster,DEF,5,no_sp,38,885,9,0,1,0.25,0.27999999999999997,4,39,3.0,16.0,0.0,0,0,0,2024-25,False,0.0,0.10169491525423728,0.02542372881355932,0.028474576271186436,0.30508474576271183,0.0,1.6271186440677965,3.966101694915254,0.3333333333333333,0.0,1.7777777777777777,4.333333333333333,0.0,False
148,Welbeck,FWD,5,fk_primary,38,2109,24,10,5,9.58,1.3599999999999999,7,125,55.0,0.0,0.0,0,0,0,2024-25,False,0.4267425320056899,0.21337126600284495,0.40881934566145095,0.058036984352773824,2.3470839260312943,0.0,0.0,5.334281650071124,2.2916666666666665,0.0,0.0,5.208333333333333,0.0,True
149,Wieffer,MID,5,no_sp,38,1003,7,1,5,0.8,1.0,2,52,20.0,2.0,0.0,0,0,0,2024-25,False,0.0897308075772682,0.448654037886341,0.07178464606181456,0.0897308075772682,1.794616151545364,0.0,0.1794616151545364,4.666001994017947,2.857142857142857,0.0,0.2857142857142857,7.428571428571429,0.0,False
150,Andrey Santos,MID,6,no_sp,38,0,0,0,0,0.0,0.0,0,0,0.0,0.0,0.0,0,0,0,2024-25,False,0.0,0.0,0.0,0.0,0.0,0.0,0.0,0.0,0.0,0.0,0.0,0.0,0.0,False
151,Ângelo,MID,6,no_sp,38,0,0,0,0,0.0,0.0,0,0,0.0,0.0,0.0,0,0,0,2024-25,False,0.0,0.0,0.0,0.0,0.0,0.0,0.0,0.0,0.0,0.0,0.0,0.0,0.0,False
153,B.Badiashile,DEF,6,no_sp,38,332,3,0,0,0.0,0.08,0,7,0.0,0.0,0.0,0,0,0,2024-25,False,0.0,0.0,0.0,0.021686746987951807,0.0,0.0,0.0,1.897590361445783,0.0,0.0,0.0,2.3333333333333335,0.0,False
156,Broja,FWD,8,no_sp,38,327,3,0,0,0.11000000000000001,0.11,2,12,0.0,0.0,0.0,0,0,0,2024-25,False,0.0,0.0,0.03027522935779817,0.030275229357798167,0.0,0.0,0.0,3.302752293577982,0.0,0.0,0.0,4.0,0.0,False
157,Caicedo,MID,6,no_sp,38,3351,38,1,4,0.81,2.82,12,98,17.0,12.0,0.0,0,0,0,2024-25,False,0.02685765443151298,0.10743061772605192,0.021754700089525517,0.0757385854968666,0.4565801253357207,0.0,0.3222918531781558,2.632050134288272,0.4473684210526316,0.0,0.3157894736842105,2.5789473684210527,0.0,True
158,Casadei,MID,6,no_sp,38,0,0,0,0,0.0,0.0,0,0,0.0,0.0,0.0,0,0,0,2024-25,False,0.0,0.0,0.0,0.0,0.0,0.0,0.0,0.0,0.0,0.0,0.0,0.0,0.0,False
159,Chalobah,DEF,6,no_sp,38,1969,22,3,1,1.98,0.64,6,93,21.0,24.0,0.0,0,0,0,2024-25,False,0.13712544438801422,0.04570848146267141,0.09050279329608939,0.0292534281361097,0.9598781107160996,0.0,1.0970035551041137,4.250888776028441,0.9545454545454546,0.0,1.0909090909090908,4.2272727272727275,0.0,True
160,Chilwell,DEF,7,no_sp,38,254,1,1,0,0.25,0.88,0,13,6.0,0.0,0.0,0,0,0,2024-25,False,0.3543307086614173,0.0,0.08858267716535433,0.3118110236220472,2.1259842519685037,0.0,0.0,4.606299212598425,6.0,0.0,0.0,13.0,0.0,False
161,Chukwuemeka,MID,6,no_sp,38,0,0,0,0,0.0,0.0,0,0,0.0,0.0,0.0,0,0,0,2024-25,False,0.0,0.0,0.0,0.0,0.0,0.0,0.0,0.0,0.0,0.0,0.0,0.0,0.0,False
162,Colwill,DEF,6,no_sp,38,3150,35,2,1,1.92,1.31,10,109,15.0,40.0,0.0,0,0,0,2024-25,False,0.05714285714285714,0.02857142857142857,0.054857142857142854,0.03742857142857143,0.42857142857142855,0.0,1.1428571428571428,3.1142857142857143,0.42857142857142855,0.0,1.1428571428571428,3.1142857142857143,0.0,True
163,Cucurella,DEF,6,no_sp,38,2988,33,5,2,2.79,2.39,9,133,36.0,36.0,0.0,0,0,0,2024-25,False,0.1506024096385542,0.06024096385542168,0.08403614457831325,0.07198795180722892,1.0843373493975903,0.0,1.0843373493975903,4.006024096385542,1.0909090909090908,0.0,1.0909090909090908,4.03030303030303,0.0,True
164,D.D.Fofana,FWD,6,no_sp,38,0,0,0,0,0.0,0.0,0,0,0.0,0.0,0.0,0,0,0,2024-25,False,0.0,0.0,0.0,0.0,0.0,0.0,0.0,0.0,0.0,0.0,0.0,0.0,0.0,False
165,Deivid,FWD,6,no_sp,38,0,0,0,0,0.0,0.0,0,0,0.0,0.0,0.0,0,0,0,2024-25,False,0.0,0.0,0.0,0.0,0.0,0.0,0.0,0.0,0.0,0.0,0.0,0.0,0.0,False
166,Dewsbury-Hall,MID,6,no_sp,38,257,1,0,1,0.22,0.22,0,18,3.0,0.0,0.0,0,0,0,2024-25,False,0.0,0.35019455252918286,0.07704280155642024,0.07704280155642024,1.0505836575875487,0.0,0.0,6.303501945525292,3.0,0.0,0.0,18.0,0.0,False
167,Disasi,DEF,2,no_sp,38,851,9,1,0,0.37,0.37,3,33,6.0,12.0,0.0,0,0,0,2024-25,False,0.10575793184488837,0.0,0.03913043478260869,0.03913043478260869,0.6345475910693302,0.0,1.2690951821386605,3.490011750881316,0.6666666666666666,0.0,1.3333333333333333,3.6666666666666665,0.0,False
168,Enzo,MID,6,backup_sp,38,2943,32,6,8,6.2299999999999995,6.11,10,135,54.0,10.0,0.0,0,0,0,2024-25,False,0.18348623853211007,0.24464831804281342,0.19051987767584094,0.18685015290519877,1.6513761467889907,0.0,0.3058103975535168,4.128440366972477,1.6875,0.0,0.3125,4.21875,0.0,True
169,Gallagher,MID,6,no_sp,38,0,0,0,0,0.0,0.0,0,0,0.0,0.0,0.0,0,0,0,2024-25,False,0.0,0.0,0.0,0.0,0.0,0.0,0.0,0.0,0.0,0.0,0.0,0.0,0.0,False
170,Gilchrist,DEF,6,no_sp,38,0,0,0,0,0.0,0.0,0,0,0.0,0.0,0.0,0,0,0,2024-25,False,0.0,0.0,0.0,0.0,0.0,0.0,0.0,0.0,0.0,0.0,0.0,0.0,0.0,False
171,Gusto,DEF,6,no_sp,38,1853,18,0,1,1.44,1.9100000000000001,4,60,3.0,16.0,0.0,0,0,0,2024-25,False,0.0,0.048569886670264434,0.06994063680518078,0.09276848354020509,0.1457096600107933,0.0,0.7771181867242309,2.914193200215866,0.16666666666666666,0.0,0.8888888888888888,3.3333333333333335,0.0,True
172,James,DEF,6,backup_sp,38,1057,10,1,2,0.45,1.15,3,54,12.0,12.0,0.0,0,0,0,2024-25,False,0.08514664143803218,0.17029328287606435,0.038315988647114475,0.097918637653737,1.021759697256386,0.0,1.021759697256386,4.597918637653738,1.2,0.0,1.2,5.4,0.0,True
173,Kellyman,MID,6,no_sp,38,0,0,0,0,0.0,0.0,0,0,0.0,0.0,0.0,0,0,0,2024-25,False,0.0,0.0,0.0,0.0,0.0,0.0,0.0,0.0,0.0,0.0,0.0,0.0,0.0,False
174,Lavia,MID,6,no_sp,38,792,8,0,1,0.25,0.38,3,26,3.0,3.0,0.0,0,0,0,2024-25,False,0.0,0.11363636363636363,0.028409090909090908,0.043181818181818175,0.3409090909090909,0.0,0.3409090909090909,2.954545454545454,0.375,0.0,0.375,3.25,0.0,False
175,Lukaku,FWD,6,no_sp,38,0,0,0,0,0.0,0.0,0,0,0.0,0.0,0.0,0,0,0,2024-25,False,0.0,0.0,0.0,0.0,0.0,0.0,0.0,0.0,0.0,0.0,0.0,0.0,0.0,False
176,M.Sarr,DEF,6,no_sp,38,0,0,0,0,0.0,0.0,0,0,0.0,0.0,0.0,0,0,0,2024-25,False,0.0,0.0,0.0,0.0,0.0,0.0,0.0,0.0,0.0,0.0,0.0,0.0,0.0,False
177,Madueke,MID,6,backup_sp,38,2028,23,7,5,9.62,2.86,6,120,50.0,6.0,0.0,0,0,0,2024-25,False,0.3106508875739645,0.22189349112426035,0.42692307692307685,0.12692307692307692,2.2189349112426036,0.0,0.2662721893491124,5.325443786982248,2.1739130434782608,0.0,0.2608695652173913,5.217391304347826,0.0,True
178,Marc Guiu,FWD,6,no_sp,38,71,0,0,0,0.0,0.02,0,3,0.0,0.0,0.0,0,0,0,2024-25,False,0.0,0.0,0.0,0.02535211267605634,0.0,0.0,0.0,3.802816901408451,0.0,0.0,0.0,3.0,0.0,False
179,Mudryk,MID,6,no_sp,38,145,0,0,0,0.24,0.66,0,7,0.0,0.0,0.0,0,0,0,2024-25,False,0.0,0.0,0.1489655172413793,0.4096551724137931,0.0,0.0,0.0,4.344827586206897,0.0,0.0,0.0,7.0,0.0,False
180,N.Jackson,FWD,6,no_sp,38,2220,26,10,6,11.68,1.9,11,121,58.0,0.0,0.0,0,0,0,2024-25,False,0.4054054054054054,0.24324324324324323,0.4735135135135135,0.07702702702702702,2.3513513513513513,0.0,0.0,4.905405405405405,2.230769230769231,0.0,0.0,4.653846153846154,0.0,True
181,Nkunku,MID,6,backup_sp,38,904,7,3,2,5.11,1.01,2,60,21.0,2.0,0.0,0,0,0,2024-25,False,0.29867256637168144,0.19911504424778761,0.5087389380530973,0.10055309734513275,2.09070796460177,0.0,0.19911504424778761,5.9734513274336285,3.0,0.0,0.2857142857142857,8.571428571428571,0.0,False
182,Palmer,MID,6,pen_and_corner,38,3193,36,15,10,16.79,9.53,10,214,105.0,10.0,0.0,0,0,1,2024-25,False,0.4227998747259631,0.28186658315064206,0.473253993109928,0.26861885374256184,2.9595991230817416,0.0,0.28186658315064206,6.03194487942374,2.9166666666666665,0.0,0.2777777777777778,5.944444444444445,0.0,True
184,Renato Veiga,MID,6,no_sp,38,176,1,0,0,0.16,0.15000000000000002,1,7,0.0,1.0,0.0,0,0,0,2024-25,False,0.0,0.0,0.08181818181818182,0.07670454545454547,0.0,0.0,0.5113636363636364,3.5795454545454546,0.0,0.0,1.0,7.0,0.0,False
186,Sterling,MID,1,backup_sp,38,490,3,0,2,1.4300000000000002,0.48,1,26,6.0,1.0,0.0,0,0,0,2024-25,False,0.0,0.36734693877551017,0.26265306122448984,0.08816326530612244,1.1020408163265305,0.0,0.18367346938775508,4.775510204081632,2.0,0.0,0.3333333333333333,8.666666666666666,0.0,False
187,Tosin,DEF,6,no_sp,38,1403,14,1,1,0.93,0.23,7,71,9.0,28.0,0.0,0,0,0,2024-25,False,0.06414825374198146,0.06414825374198146,0.05965787598004277,0.014754098360655738,0.5773342836778332,0.0,1.7961511047754812,4.554526015680684,0.6428571428571429,0.0,2.0,5.071428571428571,0.0,True
188,Ugochukwu,MID,17,no_sp,38,1652,16,1,1,0.85,0.62,1,47,8.0,1.0,0.0,0,0,0,2024-25,False,0.054479418886198554,0.054479418886198554,0.04630750605326877,0.0337772397094431,0.43583535108958843,0.0,0.054479418886198554,2.5605326876513317,0.5,0.0,0.0625,2.9375,0.0,True
189,W.Fofana,DEF,6,no_sp,38,1172,12,0,0,0.43999999999999995,0.18,2,26,0.0,8.0,0.0,0,0,0,2024-25,False,0.0,0.0,0.03378839590443686,0.013822525597269625,0.0,0.0,0.6143344709897611,1.9965870307167235,0.0,0.0,0.6666666666666666,2.1666666666666665,0.0,True
190,Ahamada,MID,7,no_sp,38,0,0,0,0,0.0,0.0,0,0,0.0,0.0,0.0,0,0,0,2024-25,False,0.0,0.0,0.0,0.0,0.0,0.0,0.0,0.0,0.0,0.0,0.0,0.0,0.0,False
191,Andersen,DEF,9,no_sp,38,2673,30,0,0,1.04,0.57,4,51,0.0,16.0,0.0,0,0,0,2024-25,False,0.0,0.0,0.035016835016835016,0.01919191919191919,0.0,0.0,0.5387205387205387,1.7171717171717171,0.0,0.0,0.5333333333333333,1.7,0.0,True
192,J.Ayew,MID,11,backup_sp,38,1649,18,5,0,3.72,1.5,4,75,25.0,4.0,0.0,0,0,0,2024-25,False,0.27289266221952696,0.0,0.20303214069132808,0.0818677986658581,1.364463311097635,0.0,0.2183141297756216,4.0933899332929045,1.3888888888888888,0.0,0.2222222222222222,4.166666666666667,0.0,True
193,C.Doucouré,MID,7,no_sp,38,443,3,0,1,0.4,0.11,1,19,3.0,1.0,0.0,0,0,0,2024-25,False,0.0,0.20316027088036115,0.08126410835214447,0.022347629796839727,0.6094808126410834,0.0,0.20316027088036115,3.860045146726862,1.0,0.0,0.3333333333333333,6.333333333333333,0.0,False
194,C.Richards,DEF,7,no_sp,38,1921,21,1,1,1.33,0.6,7,68,9.0,28.0,0.0,0,0,0,2024-25,False,0.04685059864653826,0.04685059864653826,0.06231129619989589,0.028110359187922956,0.4216553878188443,0.0,1.3118167621030712,3.185840707964602,0.42857142857142855,0.0,1.3333333333333333,3.238095238095238,0.0,True
195,Chadi Riad,DEF,7,no_sp,38,90,1,0,0,0.0,0.02,0,1,0.0,0.0,0.0,0,0,0,2024-25,False,0.0,0.0,0.0,0.02,0.0,0.0,0.0,1.0,0.0,0.0,0.0,1.0,0.0,False
196,Clyne,DEF,7,no_sp,38,477,5,0,0,0.02,0.24,1,18,0.0,4.0,0.0,0,0,0,2024-25,False,0.0,0.0,0.0037735849056603774,0.045283018867924525,0.0,0.0,0.7547169811320755,3.3962264150943398,0.0,0.0,0.8,3.6,0.0,False
197,Ebiowei,MID,7,no_sp,38,0,0,0,0,0.0,0.0,0,0,0.0,0.0,0.0,0,0,0,2024-25,False,0.0,0.0,0.0,0.0,0.0,0.0,0.0,0.0,0.0,0.0,0.0,0.0,0.0,False
198,Edouard,FWD,11,no_sp,38,141,1,0,0,0.39,0.07,0,7,0.0,0.0,0.0,0,0,0,2024-25,False,0.0,0.0,0.24893617021276596,0.04468085106382979,0.0,0.0,0.0,4.468085106382979,0.0,0.0,0.0,7.0,0.0,False
199,Eze,MID,7,corner_primary,38,2588,28,8,8,10.39,4.67,10,148,64.0,10.0,0.0,0,0,1,2024-25,False,0.2782071097372488,0.2782071097372488,0.36132148377125195,0.162403400309119,2.2256568778979906,0.0,0.34775888717156106,5.146831530139103,2.2857142857142856,0.0,0.35714285714285715,5.285714285714286,0.0,True
200,Guéhi,DEF,7,no_sp,38,3059,34,3,2,1.8699999999999999,2.01,11,116,24.0,44.0,0.0,0,0,0,2024-25,False,0.08826413860738803,0.058842759071592025,0.05501797973193854,0.05913697286694998,0.7061131088591043,0.0,1.2945406995750246,3.4128800261523375,0.7058823529411765,0.0,1.2941176470588236,3.411764705882353,0.0,True
202,Holding,DEF,7,no_sp,38,0,0,0,0,0.0,0.0,0,0,0.0,0.0,0.0,0,0,0,2024-25,False,0.0,0.0,0.0,0.0,0.0,0.0,0.0,0.0,0.0,0.0,0.0,0.0,0.0,False
203,Hughes,MID,7,backup_sp,38,2100,20,0,4,1.09,2.64,10,67,12.0,10.0,0.0,0,0,0,2024-25,False,0.0,0.17142857142857143,0.04671428571428572,0.11314285714285716,0.5142857142857143,0.0,0.4285714285714286,2.8714285714285714,0.6,0.0,0.5,3.35,0.0,True
205,Kamada,MID,7,backup_sp,38,1545,15,0,0,1.12,1.55,3,45,0.0,3.0,0.0,0,0,0,2024-25,False,0.0,0.0,0.06524271844660194,0.09029126213592233,0.0,0.0,0.17475728155339804,2.6213592233009706,0.0,0.0,0.2,3.0,0.0,True
206,Lerma,MID,7,no_sp,38,2270,23,0,1,1.07,1.75,6,58,3.0,6.0,0.0,0,0,0,2024-25,False,0.0,0.039647577092511016,0.04242290748898679,0.06938325991189427,0.11894273127753305,0.0,0.2378854625550661,2.299559471365639,0.13043478260869565,0.0,0.2608695652173913,2.5217391304347827,0.0,True
207,Mateta,FWD,7,pen_primary,38,2642,26,14,2,13.77,2.2800000000000002,9,150,62.0,0.0,0.0,0,0,0,2024-25,False,0.4769114307342922,0.06813020439061318,0.4690764572293717,0.07766843300529903,2.1120363361090084,0.0,0.0,5.109765329295988,2.3846153846153846,0.0,0.0,5.769230769230769,0.0,True
208,M.França,MID,7,no_sp,38,52,0,1,0,0.28,0.18,0,9,5.0,0.0,0.0,0,0,0,2024-25,False,1.7307692307692308,0.0,0.4846153846153847,0.31153846153846154,8.653846153846155,0.0,0.0,15.576923076923078,5.0,0.0,0.0,9.0,0.0,False
210,Mitchell,DEF,7,no_sp,38,3090,34,0,6,1.31,3.67,12,123,18.0,48.0,0.0,0,0,0,2024-25,False,0.0,0.17475728155339804,0.03815533980582524,0.10689320388349513,0.5242718446601942,0.0,1.3980582524271843,3.58252427184466,0.5294117647058824,0.0,1.411764705882353,3.6176470588235294,0.0,True
211,Muñoz,DEF,7,no_sp,38,3229,36,4,6,4.92,3.46,11,142,42.0,44.0,0.0,0,0,0,2024-25,False,0.11148962527098172,0.16723443790647258,0.13713223908330752,0.09643852585939919,1.170641065345308,0.0,1.226385877980799,3.957881697119851,1.1666666666666667,0.0,1.2222222222222223,3.9444444444444446,0.0,True
212,Ozoh,MID,7,no_sp,38,0,0,0,0,0.0,0.0,0,0,0.0,0.0,0.0,0,0,0,2024-25,False,0.0,0.0,0.0,0.0,0.0,0.0,0.0,0.0,0.0,0.0,0.0,0.0,0.0,False
213,Rak-Sakyi,MID,7,no_sp,38,0,0,0,0,0.0,0.0,0,0,0.0,0.0,0.0,0,0,0,2024-25,False,0.0,0.0,0.0,0.0,0.0,0.0,0.0,0.0,0.0,0.0,0.0,0.0,0.0,False
214,Schlupp,MID,7,no_sp,38,95,0,0,0,0.17,0.14,0,12,0.0,0.0,0.0,0,0,0,2024-25,False,0.0,0.0,0.16105263157894736,0.13263157894736843,0.0,0.0,0.0,11.368421052631579,0.0,0.0,0.0,12.0,0.0,False
215,Ward,DEF,7,no_sp,38,71,1,0,0,0.0,0.01,0,1,0.0,0.0,0.0,0,0,0,2024-25,False,0.0,0.0,0.0,0.01267605633802817,0.0,0.0,0.0,1.267605633802817,0.0,0.0,0.0,1.0,0.0,False
216,Wharton,MID,7,backup_sp,38,1314,14,0,2,0.38,2.17,4,42,6.0,4.0,0.0,0,0,0,2024-25,False,0.0,0.136986301369863,0.026027397260273973,0.14863013698630137,0.4109589041095891,0.0,0.273972602739726,2.8767123287671232,0.42857142857142855,0.0,0.2857142857142857,3.0,0.0,True
217,A.Doucoure,MID,8,no_sp,38,2563,30,3,2,4.15,1.4100000000000001,11,94,21.0,11.0,0.0,0,0,0,2024-25,False,0.10534529847834569,0.07023019898556379,0.14572766289504488,0.04951229028482248,0.7374170893484198,0.0,0.38626609442060084,3.3008193523214984,0.7,0.0,0.36666666666666664,3.1333333333333333,0.0,True
218,Beto,FWD,8,no_sp,38,1521,16,8,0,7.890000000000001,0.44,4,87,32.0,0.0,0.0,0,0,0,2024-25,False,0.4733727810650888,0.0,0.46686390532544386,0.026035502958579884,1.8934911242603552,0.0,0.0,5.14792899408284,2.0,0.0,0.0,5.4375,0.0,True
219,Branthwaite,DEF,8,no_sp,38,2509,28,0,1,1.2000000000000002,0.61,9,88,3.0,36.0,0.0,0,0,0,2024-25,False,0.0,0.03587086488640893,0.043045037863690724,0.021881227580709445,0.10761259465922679,0.0,1.2913511359107215,3.1566361100039857,0.10714285714285714,0.0,1.2857142857142858,3.142857142857143,0.0,True
220,Calvert-Lewin,FWD,8,pen_primary,38,1602,18,3,2,6.53,0.63,8,63,18.0,0.0,0.0,0,0,0,2024-25,False,0.16853932584269662,0.11235955056179775,0.3668539325842697,0.03539325842696629,1.0112359550561798,0.0,0.0,3.539325842696629,1.0,0.0,0.0,3.5,0.0,True
221,Coleman,DEF,8,no_sp,38,214,2,0,0,0.62,0.030000000000000002,0,5,0.0,0.0,0.0,0,0,0,2024-25,False,0.0,0.0,0.2607476635514019,0.012616822429906542,0.0,0.0,0.0,2.102803738317757,0.0,0.0,0.0,2.5,0.0,False
222,Gana,MID,8,no_sp,38,3063,35,0,3,1.15,1.99,12,89,9.0,12.0,0.0,0,0,0,2024-25,False,0.0,0.0881488736532811,0.03379040156709109,0.0584720861900098,0.2644466209598433,0.0,0.3525954946131244,2.615083251714006,0.2571428571428571,0.0,0.34285714285714286,2.5428571428571427,0.0,True
223,Garner,MID,8,backup_sp,38,1590,18,0,1,0.67,1.37,5,42,3.0,5.0,0.0,0,0,0,2024-25,False,0.0,0.056603773584905655,0.03792452830188679,0.07754716981132076,0.16981132075471697,0.0,0.2830188679245283,2.3773584905660377,0.16666666666666666,0.0,0.2777777777777778,2.3333333333333335,0.0,True
224,Harrison,MID,8,no_sp,38,2068,22,1,3,3.54,3.12,7,81,14.0,7.0,0.0,0,0,0,2024-25,False,0.043520309477756286,0.13056092843326886,0.15406189555125727,0.1357833655705996,0.6092843326885881,0.0,0.30464216634429403,3.525145067698259,0.6363636363636364,0.0,0.3181818181818182,3.6818181818181817,0.0,True
225,Holgate,DEF,8,no_sp,38,5,0,0,0,0.0,0.0,0,1,0.0,0.0,0.0,0,0,0,2024-25,False,0.0,0.0,0.0,0.0,0.0,0.0,0.0,18.0,0.0,0.0,0.0,1.0,0.0,False
226,Iroegbunam,MID,8,no_sp,38,562,5,0,1,0.23,0.14,0,22,3.0,0.0,0.0,0,0,0,2024-25,False,0.0,0.1601423487544484,0.03683274021352313,0.022419928825622777,0.4804270462633452,0.0,0.0,3.5231316725978647,0.6,0.0,0.0,4.4,0.0,False
228,Keane,DEF,8,no_sp,38,1046,11,3,0,0.61,0.02,3,48,18.0,12.0,0.0,0,0,0,2024-25,False,0.25812619502868067,0.0,0.05248565965583174,0.0017208413001912047,1.5487571701720841,0.0,1.0325047801147227,4.130019120458891,1.6363636363636365,0.0,1.0909090909090908,4.363636363636363,0.0,True
229,Maupay,FWD,8,no_sp,38,0,0,0,0,0.0,0.0,0,0,0.0,0.0,0.0,0,0,0,2024-25,False,0.0,0.0,0.0,0.0,0.0,0.0,0.0,0.0,0.0,0.0,0.0,0.0,0.0,False
230,McNeil,MID,8,corner_primary,38,1366,15,4,8,1.05,4.49,5,93,44.0,5.0,0.0,0,0,0,2024-25,False,0.2635431918008785,0.527086383601757,0.06918008784773061,0.2958272327964861,2.898975109809663,0.0,0.32942898975109813,6.1273792093704245,2.933333333333333,0.0,0.3333333333333333,6.2,0.0,True
231,Mykolenko,DEF,8,no_sp,38,3082,34,1,3,0.48000000000000004,2.12,11,121,15.0,44.0,0.0,0,0,0,2024-25,False,0.029201817001946784,0.08760545100584036,0.014016872160934458,0.06190785204412719,0.43802725502920176,0.0,1.2848799480856585,3.533419857235561,0.4411764705882353,0.0,1.2941176470588236,3.5588235294117645,0.0,True
232,Ndiaye,FWD,8,no_sp,38,2426,27,9,0,6.23,1.36,15,114,36.0,0.0,0.0,0,0,0,2024-25,False,0.33388293487221765,0.0,0.231121187139324,0.05045342126957956,1.3355317394888706,0.0,0.0,4.2291838417147565,1.3333333333333333,0.0,0.0,4.222222222222222,0.0,True
233,Onana,MID,2,no_sp,38,1613,17,3,0,2.12,0.8400000000000001,6,65,15.0,6.0,0.0,0,0,0,2024-25,False,0.16738995660260386,0.0,0.11828890266584006,0.04686918784872909,0.8369497830130193,0.0,0.3347799132052077,3.6267823930564167,0.8823529411764706,0.0,0.35294117647058826,3.823529411764706,0.0,True
234,Patterson,DEF,8,no_sp,38,342,3,0,1,0.07,0.38,0,14,3.0,0.0,0.0,0,0,0,2024-25,False,0.0,0.2631578947368421,0.01842105263157895,0.1,0.7894736842105263,0.0,0.0,3.68421052631579,1.0,0.0,0.0,4.666666666666667,0.0,False
236,Tarkowski,DEF,8,no_sp,38,2922,32,1,1,1.32,2.33,10,105,9.0,40.0,0.0,0,0,0,2024-25,False,0.030800821355236138,0.030800821355236138,0.0406570841889117,0.07176591375770021,0.27720739219712526,0.0,1.2320328542094454,3.2340862422997945,0.28125,0.0,1.25,3.28125,0.0,True
237,Y. Chermiti,FWD,8,no_sp,38,42,0,0,0,0.11000000000000001,0.0,0,3,0.0,0.0,0.0,0,0,0,2024-25,False,0.0,0.0,0.23571428571428574,0.0,0.0,0.0,0.0,6.428571428571429,0.0,0.0,0.0,3.0,0.0,False
238,Young,DEF,8,fk_primary,38,1864,20,1,4,0.27,2.87,9,98,18.0,36.0,0.0,0,0,0,2024-25,False,0.048283261802575105,0.19313304721030042,0.013036480686695278,0.13857296137339056,0.8690987124463518,0.0,1.7381974248927037,4.73175965665236,0.9,0.0,1.8,4.9,0.0,True
239,Adama,MID,9,no_sp,38,1756,17,2,8,4.11,4.61,3,95,34.0,3.0,0.0,0,0,0,2024-25,False,0.10250569476082004,0.41002277904328016,0.2106492027334852,0.2362756264236902,1.7425968109339407,0.0,0.15375854214123005,4.869020501138952,2.0,0.0,0.17647058823529413,5.588235294117647,0.0,True
240,Andreas,MID,9,pen_and_corner,38,2004,23,2,6,4.24,4.63,5,81,28.0,5.0,0.0,0,0,1,2024-25,False,0.08982035928143713,0.2694610778443114,0.19041916167664671,0.20793413173652694,1.25748502994012,0.0,0.22455089820359284,3.637724550898204,1.2173913043478262,0.0,0.21739130434782608,3.5217391304347827,0.0,True
241,Bassey,DEF,9,no_sp,38,3074,34,1,0,1.02,0.42,5,75,6.0,20.0,0.0,0,0,0,2024-25,False,0.029277813923227064,0.0,0.029863370201691605,0.012296681847755366,0.17566688353936238,0.0,0.5855562784645413,2.19583604424203,0.17647058823529413,0.0,0.5882352941176471,2.2058823529411766,0.0,True
243,Cairney,MID,9,no_sp,38,610,3,2,0,0.73,1.14,1,33,10.0,1.0,0.0,0,0,0,2024-25,False,0.29508196721311475,0.0,0.10770491803278688,0.1681967213114754,1.4754098360655739,0.0,0.14754098360655737,4.868852459016393,3.3333333333333335,0.0,0.3333333333333333,11.0,0.0,False
244,Castagne,DEF,9,no_sp,38,1642,17,0,1,0.38,0.56,3,46,3.0,12.0,0.0,0,0,0,2024-25,False,0.0,0.05481120584652863,0.020828258221680877,0.030694275274056035,0.16443361753958588,0.0,0.6577344701583435,2.5213154689403168,0.17647058823529413,0.0,0.7058823529411765,2.7058823529411766,0.0,True
245,Diop,DEF,9,no_sp,38,1334,14,0,0,0.51,0.06999999999999999,1,31,0.0,4.0,0.0,0,0,0,2024-25,False,0.0,0.0,0.03440779610194902,0.00472263868065967,0.0,0.0,0.2698650674662669,2.0914542728635683,0.0,0.0,0.2857142857142857,2.2142857142857144,0.0,True
246,Harris,MID,9,no_sp,38,0,0,0,0,0.0,0.0,0,0,0.0,0.0,0.0,0,0,0,2024-25,False,0.0,0.0,0.0,0.0,0.0,0.0,0.0,0.0,0.0,0.0,0.0,0.0,0.0,False
247,Iwobi,MID,9,no_sp,38,2981,34,9,6,4.33,6.9,6,156,63.0,6.0,0.0,0,0,0,2024-25,False,0.2717208990271721,0.18114726601811473,0.1307279436430728,0.20831935592083195,1.9020462931902047,0.0,0.18114726601811473,4.7098289164709835,1.8529411764705883,0.0,0.17647058823529413,4.588235294117647,0.0,True
249,Lukić,MID,9,backup_sp,38,2348,27,0,2,1.16,1.4000000000000001,4,56,6.0,4.0,0.0,0,0,0,2024-25,False,0.0,0.07666098807495741,0.0444633730834753,0.053662691652470194,0.22998296422487224,0.0,0.15332197614991483,2.1465076660988074,0.2222222222222222,0.0,0.14814814814814814,2.074074074074074,0.0,True
250,Mbabu,DEF,9,no_sp,38,0,0,0,0,0.0,0.0,0,0,0.0,0.0,0.0,0,0,0,2024-25,False,0.0,0.0,0.0,0.0,0.0,0.0,0.0,0.0,0.0,0.0,0.0,0.0,0.0,False
251,Muniz,FWD,9,no_sp,38,943,7,8,1,5.91,0.2,2,86,35.0,0.0,0.0,0,0,0,2024-25,False,0.7635206786850477,0.09544008483563096,0.564050901378579,0.019088016967126194,3.3404029692470836,0.0,0.0,8.207847295864262,5.0,0.0,0.0,12.285714285714286,0.0,False
252,Raúl,FWD,9,backup_sp,38,2486,30,12,3,11.97,2.07,7,147,57.0,0.0,0.0,0,0,0,2024-25,False,0.43443282381335474,0.10860820595333869,0.43334674175382143,0.07493966210780369,2.063555913113435,0.0,0.0,5.321802091713596,1.9,0.0,0.0,4.9,0.0,True
253,Ream,DEF,9,no_sp,38,0,0,0,0,0.0,0.0,0,0,0.0,0.0,0.0,0,0,0,2024-25,False,0.0,0.0,0.0,0.0,0.0,0.0,0.0,0.0,0.0,0.0,0.0,0.0,0.0,False
254,Reed,MID,9,no_sp,38,100,0,0,0,0.23,0.09,0,10,0.0,0.0,0.0,0,0,0,2024-25,False,0.0,0.0,0.207,0.08099999999999999,0.0,0.0,0.0,9.0,0.0,0.0,0.0,10.0,0.0,False
255,Robinson,DEF,9,no_sp,38,3166,35,0,10,0.7000000000000001,4.17,5,106,30.0,20.0,0.0,0,0,0,2024-25,False,0.0,0.28427037271004424,0.019898926089703096,0.11854074542008844,0.8528111181301327,0.0,0.5685407454200885,3.0132659507264687,0.8571428571428571,0.0,0.5714285714285714,3.0285714285714285,0.0,True
256,Stansfield,FWD,9,no_sp,38,1,0,0,0,0.0,0.0,0,1,0.0,0.0,0.0,0,0,0,2024-25,False,0.0,0.0,0.0,0.0,0.0,0.0,0.0,90.0,0.0,0.0,0.0,1.0,0.0,False
257,Tete,DEF,9,no_sp,38,1773,20,0,2,1.3699999999999999,0.65,3,49,6.0,12.0,0.0,0,0,0,2024-25,False,0.0,0.10152284263959391,0.06954314720812182,0.03299492385786802,0.30456852791878175,0.0,0.6091370558375635,2.487309644670051,0.3,0.0,0.6,2.45,0.0,True
258,Vinicius,FWD,9,no_sp,38,13,0,0,0,0.06,0.0,0,3,0.0,0.0,0.0,0,0,0,2024-25,False,0.0,0.0,0.4153846153846154,0.0,0.0,0.0,0.0,20.76923076923077,0.0,0.0,0.0,3.0,0.0,False
259,Wilson,MID,9,backup_sp,38,1148,11,6,2,4.19,1.1700000000000002,2,78,36.0,2.0,0.0,0,0,0,2024-25,False,0.470383275261324,0.156794425087108,0.32848432055749127,0.09172473867595819,2.822299651567944,0.0,0.156794425087108,6.114982578397212,3.272727272727273,0.0,0.18181818181818182,7.090909090909091,0.0,True
260,Al-Hamadi,FWD,10,backup_sp,38,125,0,0,0,0.35,0.04,0,8,0.0,0.0,0.0,0,0,0,2024-25,False,0.0,0.0,0.252,0.028800000000000003,0.0,0.0,0.0,5.76,0.0,0.0,0.0,8.0,0.0,False
261,Baggott,DEF,10,no_sp,38,0,0,0,0,0.0,0.0,0,0,0.0,0.0,0.0,0,0,0,2024-25,False,0.0,0.0,0.0,0.0,0.0,0.0,0.0,0.0,0.0,0.0,0.0,0.0,0.0,False
262,Broadhead,MID,10,fk_primary,38,690,7,2,0,1.74,1.05,2,37,10.0,2.0,0.0,0,0,0,2024-25,False,0.2608695652173913,0.0,0.22695652173913042,0.13695652173913045,1.3043478260869565,0.0,0.2608695652173913,4.826086956521739,1.4285714285714286,0.0,0.2857142857142857,5.285714285714286,0.0,False
263,Burgess,DEF,10,no_sp,38,1540,16,0,2,1.08,0.34,0,26,6.0,0.0,0.0,0,0,0,2024-25,False,0.0,0.11688311688311688,0.06311688311688313,0.01987012987012987,0.35064935064935066,0.0,0.0,1.5194805194805194,0.375,0.0,0.0,1.625,0.0,True
264,Burns,MID,10,no_sp,38,922,9,0,1,0.5,1.17,1,30,3.0,1.0,0.0,0,0,0,2024-25,False,0.0,0.09761388286334058,0.04880694143167029,0.11420824295010847,0.2928416485900217,0.0,0.09761388286334058,2.9284164859002173,0.3333333333333333,0.0,0.1111111111111111,3.3333333333333335,0.0,False
265,Chaplin,MID,10,no_sp,38,845,9,1,2,1.52,0.61,1,41,11.0,1.0,0.0,0,0,0,2024-25,False,0.10650887573964496,0.21301775147928992,0.16189349112426035,0.06497041420118342,1.1715976331360947,0.0,0.10650887573964496,4.366863905325443,1.2222222222222223,0.0,0.1111111111111111,4.555555555555555,0.0,False
266,H.Clarke,DEF,10,no_sp,38,377,4,0,0,0.08,0.1,0,1,0.0,0.0,0.0,0,0,0,2024-25,False,0.0,0.0,0.01909814323607427,0.02387267904509284,0.0,0.0,0.0,0.23872679045092837,0.0,0.0,0.0,0.25,0.0,False
267,Davis,DEF,10,corner_primary,38,2742,30,1,2,0.98,4.74,2,52,12.0,8.0,0.0,0,0,0,2024-25,False,0.03282275711159738,0.06564551422319476,0.03216630196936543,0.15557986870897156,0.39387308533916854,0.0,0.262582056892779,1.7067833698030634,0.4,0.0,0.26666666666666666,1.7333333333333334,0.0,True
268,Delap,FWD,10,no_sp,38,2587,31,12,2,9.44,1.3800000000000001,3,132,54.0,0.0,0.0,0,0,0,2024-25,False,0.41747197526092,0.06957866254348667,0.32841128720525703,0.0480092771550058,1.87862388867414,0.0,0.0,4.59219172787012,1.7419354838709677,0.0,0.0,4.258064516129032,0.0,True
269,Edmundson,DEF,10,no_sp,38,1,0,0,0,0.0,0.0,0,1,0.0,0.0,0.0,0,0,0,2024-25,False,0.0,0.0,0.0,0.0,0.0,0.0,0.0,90.0,0.0,0.0,0.0,1.0,0.0,False
270,Greaves,DEF,10,no_sp,38,2205,24,1,0,1.31,0.21000000000000002,2,37,6.0,8.0,0.0,0,0,0,2024-25,False,0.04081632653061224,0.0,0.053469387755102044,0.008571428571428572,0.24489795918367346,0.0,0.32653061224489793,1.510204081632653,0.25,0.0,0.3333333333333333,1.5416666666666667,0.0,True
271,Harness,MID,10,no_sp,38,43,0,0,0,0.0,0.05,0,2,0.0,0.0,0.0,0,0,0,2024-25,False,0.0,0.0,0.0,0.10465116279069768,0.0,0.0,0.0,4.186046511627906,0.0,0.0,0.0,2.0,0.0,False
272,Hirst,FWD,10,pen_primary,38,645,5,3,1,2.14,0.24,0,46,15.0,0.0,0.0,0,0,0,2024-25,False,0.41860465116279066,0.13953488372093023,0.2986046511627907,0.03348837209302325,2.093023255813953,0.0,0.0,6.4186046511627906,3.0,0.0,0.0,9.2,0.0,False
273,Humphreys,MID,10,no_sp,38,0,0,0,0,0.0,0.0,0,0,0.0,0.0,0.0,0,0,0,2024-25,False,0.0,0.0,0.0,0.0,0.0,0.0,0.0,0.0,0.0,0.0,0.0,0.0,0.0,False
274,Hutchinson,MID,10,backup_sp,38,2585,29,3,3,2.93,2.46,3,88,24.0,3.0,0.0,0,0,0,2024-25,False,0.10444874274661509,0.10444874274661509,0.10201160541586074,0.08564796905222437,0.8355899419729207,0.0,0.10444874274661509,3.0638297872340425,0.8275862068965517,0.0,0.10344827586206896,3.0344827586206895,0.0,True
275,Johnson,DEF,10,no_sp,38,1346,14,1,2,1.06,0.83,0,30,12.0,0.0,0.0,0,0,0,2024-25,False,0.06686478454680535,0.1337295690936107,0.07087667161961367,0.05549777117384844,0.8023774145616642,0.0,0.0,2.0059435364041605,0.8571428571428571,0.0,0.0,2.142857142857143,0.0,True
276,Ladapo,FWD,10,no_sp,38,0,0,0,0,0.0,0.0,0,0,0.0,0.0,0.0,0,0,0,2024-25,False,0.0,0.0,0.0,0.0,0.0,0.0,0.0,0.0,0.0,0.0,0.0,0.0,0.0,False
277,Luongo,MID,10,no_sp,38,195,2,0,0,0.0,0.01,0,13,0.0,0.0,0.0,0,0,0,2024-25,False,0.0,0.0,0.0,0.004615384615384616,0.0,0.0,0.0,6.0,0.0,0.0,0.0,6.5,0.0,False
278,Morsy,MID,10,no_sp,38,2749,31,1,1,0.45,1.51,2,67,8.0,2.0,0.0,0,0,0,2024-25,False,0.032739177882866496,0.032739177882866496,0.014732630047289924,0.04943615860312841,0.26191342306293197,0.0,0.06547835576573299,2.1935249181520553,0.25806451612903225,0.0,0.06451612903225806,2.161290322580645,0.0,True
279,Ndaba,DEF,10,no_sp,38,0,0,0,0,0.0,0.0,0,0,0.0,0.0,0.0,0,0,0,2024-25,False,0.0,0.0,0.0,0.0,0.0,0.0,0.0,0.0,0.0,0.0,0.0,0.0,0.0,False
281,Taylor,MID,10,no_sp,38,837,4,1,0,0.75,0.77,0,38,5.0,0.0,0.0,0,0,0,2024-25,False,0.1075268817204301,0.0,0.08064516129032258,0.08279569892473118,0.5376344086021505,0.0,0.0,4.086021505376344,1.25,0.0,0.0,9.5,0.0,False
282,Tuanzebe,DEF,10,no_sp,38,1710,19,0,1,0.21000000000000002,0.26,1,27,3.0,4.0,0.0,0,0,0,2024-25,False,0.0,0.05263157894736842,0.01105263157894737,0.01368421052631579,0.15789473684210525,0.0,0.21052631578947367,1.4210526315789473,0.15789473684210525,0.0,0.21052631578947367,1.4210526315789473,0.0,True
284,Woolfenden,DEF,10,no_sp,38,1187,12,0,0,0.03,0.02,1,18,0.0,4.0,0.0,0,0,0,2024-25,False,0.0,0.0,0.002274641954507161,0.0015164279696714407,0.0,0.0,0.3032855939342881,1.3647851727042966,0.0,0.0,0.3333333333333333,1.5,0.0,True
285,B.Soumaré,MID,11,no_sp,38,2165,24,0,0,0.29,0.94,1,48,0.0,1.0,0.0,0,0,0,2024-25,False,0.0,0.0,0.0120554272517321,0.03907621247113163,0.0,0.0,0.04157043879907621,1.995381062355658,0.0,0.0,0.041666666666666664,2.0,0.0,True
286,Cannon,FWD,11,no_sp,38,0,0,0,0,0.0,0.0,0,0,0.0,0.0,0.0,0,0,0,2024-25,False,0.0,0.0,0.0,0.0,0.0,0.0,0.0,0.0,0.0,0.0,0.0,0.0,0.0,False
287,Choudhury,MID,11,no_sp,38,129,0,0,0,0.0,0.19,0,4,0.0,0.0,0.0,0,0,0,2024-25,False,0.0,0.0,0.0,0.1325581395348837,0.0,0.0,0.0,2.7906976744186047,0.0,0.0,0.0,4.0,0.0,False
288,Coady,DEF,11,no_sp,38,1712,19,1,0,0.52,0.48000000000000004,2,39,6.0,8.0,0.0,0,0,0,2024-25,False,0.052570093457943924,0.0,0.027336448598130843,0.025233644859813085,0.31542056074766356,0.0,0.4205607476635514,2.050233644859813,0.3157894736842105,0.0,0.42105263157894735,2.0526315789473686,0.0,True
289,Daka,FWD,11,backup_sp,38,717,5,1,0,1.25,0.06,1,34,4.0,0.0,0.0,0,0,0,2024-25,False,0.12552301255230125,0.0,0.15690376569037656,0.007531380753138075,0.502092050209205,0.0,0.0,4.2677824267782425,0.8,0.0,0.0,6.8,0.0,False
290,De Cordova-Reid,MID,11,no_sp,38,734,7,1,4,0.7899999999999999,0.14,1,48,17.0,1.0,0.0,0,0,0,2024-25,False,0.1226158038147139,0.4904632152588556,0.09686648501362398,0.01716621253405995,2.0844686648501365,0.0,0.1226158038147139,5.885558583106268,2.4285714285714284,0.0,0.14285714285714285,6.857142857142857,0.0,False
291,Faes,DEF,11,no_sp,38,2812,30,1,0,1.52,0.4,3,55,6.0,12.0,0.0,0,0,0,2024-25,False,0.032005689900426744,0.0,0.04864864864864865,0.012802275960170698,0.19203413940256045,0.0,0.3840682788051209,1.7603129445234709,0.2,0.0,0.4,1.8333333333333333,0.0,True
292,Golding,MID,11,no_sp,38,1,0,0,0,0.0,0.0,0,1,0.0,0.0,0.0,0,0,0,2024-25,False,0.0,0.0,0.0,0.0,0.0,0.0,0.0,90.0,0.0,0.0,0.0,1.0,0.0,False
295,Justin,DEF,11,no_sp,38,2912,32,2,2,1.47,0.8,3,70,18.0,12.0,0.0,0,0,0,2024-25,False,0.061813186813186816,0.061813186813186816,0.045432692307692306,0.024725274725274728,0.5563186813186813,0.0,0.3708791208791209,2.1634615384615383,0.5625,0.0,0.375,2.1875,0.0,True
296,Kristiansen,DEF,11,corner_primary,38,2481,26,0,1,0.13,1.74,1,34,3.0,4.0,0.0,0,0,0,2024-25,False,0.0,0.036275695284159616,0.00471584038694075,0.06311970979443772,0.10882708585247884,0.0,0.14510278113663846,1.2333736396614268,0.11538461538461539,0.0,0.15384615384615385,1.3076923076923077,0.0,True
297,Marcal,MID,11,no_sp,38,0,0,0,0,0.0,0.0,0,0,0.0,0.0,0.0,0,0,0,2024-25,False,0.0,0.0,0.0,0.0,0.0,0.0,0.0,0.0,0.0,0.0,0.0,0.0,0.0,False
298,Mavididi,MID,11,fk_primary,38,1606,15,4,1,1.85,3.25,1,72,23.0,1.0,0.0,0,0,0,2024-25,False,0.224159402241594,0.0560398505603985,0.10367372353673723,0.18212951432129515,1.2889165628891657,0.0,0.0560398505603985,4.0348692403486925,1.5333333333333334,0.0,0.06666666666666667,4.8,0.0,True
299,McAteer,MID,11,no_sp,38,846,9,1,1,0.99,0.63,3,35,8.0,3.0,0.0,0,0,0,2024-25,False,0.10638297872340426,0.10638297872340426,0.10531914893617021,0.06702127659574468,0.851063829787234,0.0,0.3191489361702127,3.723404255319149,0.8888888888888888,0.0,0.3333333333333333,3.888888888888889,0.0,False
300,Ndidi,MID,11,no_sp,38,2325,27,0,5,2.12,1.53,3,64,15.0,3.0,0.0,0,0,0,2024-25,False,0.0,0.19354838709677422,0.08206451612903226,0.059225806451612906,0.5806451612903226,0.0,0.11612903225806452,2.47741935483871,0.5555555555555556,0.0,0.1111111111111111,2.3703703703703702,0.0,True
301,Okoli,DEF,11,no_sp,38,1122,11,1,0,0.62,0.16999999999999998,1,27,6.0,4.0,0.0,0,0,0,2024-25,False,0.08021390374331551,0.0,0.04973262032085561,0.013636363636363636,0.48128342245989303,0.0,0.32085561497326204,2.1657754010695185,0.5454545454545454,0.0,0.36363636363636365,2.4545454545454546,0.0,True
302,Ricardo,DEF,11,no_sp,38,382,3,0,0,0.09,0.07,0,10,0.0,0.0,0.0,0,0,0,2024-25,False,0.0,0.0,0.021204188481675393,0.01649214659685864,0.0,0.0,0.0,2.356020942408377,0.0,0.0,0.0,3.3333333333333335,0.0,False
303,Souttar,DEF,11,no_sp,38,0,0,0,0,0.0,0.0,0,0,0.0,0.0,0.0,0,0,0,2024-25,False,0.0,0.0,0.0,0.0,0.0,0.0,0.0,0.0,0.0,0.0,0.0,0.0,0.0,False
305,Thomas,DEF,11,no_sp,38,1109,13,0,0,0.36,0.49,3,27,0.0,12.0,0.0,0,0,0,2024-25,False,0.0,0.0,0.029215509467989176,0.03976555455365194,0.0,0.0,0.9738503155996393,2.1911632100991882,0.0,0.0,0.9230769230769231,2.076923076923077,0.0,True
306,Vardy,FWD,11,pen_primary,38,2825,31,9,5,11.23,2.55,4,128,51.0,0.0,0.0,0,0,1,2024-25,False,0.2867256637168142,0.1592920353982301,0.3577699115044248,0.08123893805309734,1.6247787610619469,0.0,0.0,4.07787610619469,1.6451612903225807,0.0,0.0,4.129032258064516,0.0,True
307,Vestergaard,DEF,11,no_sp,38,1390,13,0,0,0.11000000000000001,0.08,0,11,0.0,0.0,0.0,0,0,0,2024-25,False,0.0,0.0,0.007122302158273382,0.005179856115107914,0.0,0.0,0.0,0.7122302158273381,0.0,0.0,0.0,0.8461538461538461,0.0,True
309,Winks,MID,11,backup_sp,38,1536,16,0,2,0.23,1.53,0,40,6.0,0.0,0.0,0,0,0,2024-25,False,0.0,0.1171875,0.0134765625,0.0896484375,0.3515625,0.0,0.0,2.34375,0.375,0.0,0.0,2.5,0.0,True
311,Alexander-Arnold,DEF,12,corner_primary,38,2362,26,3,7,1.81,7.2,12,148,39.0,48.0,0.0,0,0,0,2024-25,False,0.11430990685859442,0.266723116003387,0.06896697713801864,0.2743437764606266,1.4860287891617274,0.0,1.8289585097375107,5.639288738357324,1.5,0.0,1.8461538461538463,5.6923076923076925,0.0,True
312,Bajcetic,MID,12,no_sp,38,0,0,0,0,0.0,0.0,0,0,0.0,0.0,0.0,0,0,0,2024-25,False,0.0,0.0,0.0,0.0,0.0,0.0,0.0,0.0,0.0,0.0,0.0,0.0,0.0,False
313,Bradley,DEF,12,no_sp,38,744,7,0,2,0.7,1.43,3,41,6.0,12.0,0.0,0,0,0,2024-25,False,0.0,0.24193548387096772,0.08467741935483869,0.1729838709677419,0.7258064516129031,0.0,1.4516129032258063,4.959677419354838,0.8571428571428571,0.0,1.7142857142857142,5.857142857142857,0.0,False
314,Carvalho,MID,4,backup_sp,38,443,3,2,1,2.4899999999999998,0.54,0,35,13.0,0.0,0.0,0,0,0,2024-25,False,0.4063205417607223,0.20316027088036115,0.5058690744920993,0.10970654627539503,2.641083521444695,0.0,0.0,7.1106094808126405,4.333333333333333,0.0,0.0,11.666666666666666,0.0,False
315,Clark,MID,12,no_sp,38,0,0,0,0,0.0,0.0,0,0,0.0,0.0,0.0,0,0,0,2024-25,False,0.0,0.0,0.0,0.0,0.0,0.0,0.0,0.0,0.0,0.0,0.0,0.0,0.0,False
316,Darwin,FWD,12,backup_sp,38,1113,9,5,3,5.76,0.51,2,66,29.0,0.0,0.0,0,0,0,2024-25,False,0.40431266846361186,0.2425876010781671,0.46576819407008085,0.041239892183288406,2.3450134770889486,0.0,0.0,5.336927223719677,3.2222222222222223,0.0,0.0,7.333333333333333,0.0,False
317,Diogo J.,MID,12,no_sp,38,1182,10,6,4,7.98,1.09,7,87,42.0,7.0,0.0,0,0,0,2024-25,False,0.4568527918781726,0.30456852791878175,0.6076142131979696,0.08299492385786802,3.197969543147208,0.0,0.5329949238578681,6.624365482233503,4.2,0.0,0.7,8.7,0.0,True
318,Doak,MID,12,no_sp,38,0,0,0,0,0.0,0.0,0,0,0.0,0.0,0.0,0,0,0,2024-25,False,0.0,0.0,0.0,0.0,0.0,0.0,0.0,0.0,0.0,0.0,0.0,0.0,0.0,False
319,Elliott,MID,12,no_sp,38,359,2,1,2,1.78,0.64,0,33,11.0,0.0,0.0,0,0,0,2024-25,False,0.25069637883008355,0.5013927576601671,0.44623955431754875,0.16044568245125349,2.7576601671309193,0.0,0.0,8.272980501392757,5.5,0.0,0.0,16.5,0.0,False
320,Endo,MID,12,no_sp,38,259,1,0,0,0.0,0.09,0,21,0.0,0.0,0.0,0,0,0,2024-25,False,0.0,0.0,0.0,0.03127413127413127,0.0,0.0,0.0,7.297297297297297,0.0,0.0,0.0,21.0,0.0,False
321,Gakpo,FWD,12,no_sp,38,1921,20,10,5,7.12,3.76,5,127,55.0,0.0,0.0,0,0,0,2024-25,False,0.4685059864653826,0.2342529932326913,0.3335762623633524,0.17615825091098386,2.576782925559604,0.0,0.0,5.950026028110359,2.75,0.0,0.0,6.35,0.0,True
322,Gomez,DEF,12,no_sp,38,517,5,0,0,0.32999999999999996,0.09,1,14,0.0,4.0,0.0,0,0,0,2024-25,False,0.0,0.0,0.05744680851063829,0.015667311411992263,0.0,0.0,0.6963249516441006,2.4371373307543522,0.0,0.0,0.8,2.8,0.0,False
323,Gravenberch,MID,12,no_sp,38,3160,36,0,4,1.13,3.5,14,92,12.0,14.0,0.0,0,0,0,2024-25,False,0.0,0.11392405063291139,0.03218354430379746,0.09968354430379746,0.34177215189873417,0.0,0.39873417721518983,2.620253164556962,0.3333333333333333,0.0,0.3888888888888889,2.5555555555555554,0.0,True
324,Jones,MID,12,no_sp,38,1702,18,3,5,4.34,1.46,6,87,30.0,6.0,0.0,0,0,0,2024-25,False,0.15863689776733256,0.26439482961222094,0.22949471210340774,0.0772032902467685,1.5863689776733254,0.0,0.3172737955346651,4.600470035252644,1.6666666666666667,0.0,0.3333333333333333,4.833333333333333,0.0,True
326,Konaté,DEF,12,no_sp,38,2561,28,1,2,1.8,0.91,11,106,12.0,44.0,0.0,0,0,0,2024-25,False,0.03514252245216712,0.07028504490433424,0.06325654041390082,0.03197969543147208,0.4217102694260055,0.0,1.5462709878953533,3.7251073799297147,0.42857142857142855,0.0,1.5714285714285714,3.7857142857142856,0.0,True
327,Luis Díaz,MID,12,no_sp,38,2393,27,13,7,11.9,4.34,15,183,86.0,15.0,0.0,0,0,0,2024-25,False,0.48892603426661096,0.2632678646050982,0.44755536982866695,0.16322607605516087,3.2344337651483492,0.0,0.5641454241537819,6.882574174676138,3.185185185185185,0.0,0.5555555555555556,6.777777777777778,0.0,True
328,M.Salah,MID,12,backup_sp,38,3374,38,29,18,24.7,8.99,15,344,199.0,15.0,0.0,0,0,0,2024-25,False,0.7735625370480143,0.48014226437462953,0.6588618850029638,0.23980438648488442,5.30823947836396,0.0,0.4001185536455246,9.176052163604032,5.2368421052631575,0.0,0.39473684210526316,9.052631578947368,0.0,True
329,Mac Allister,MID,12,backup_sp,38,2597,28,5,6,2.89,5.57,14,122,43.0,14.0,0.0,0,0,0,2024-25,False,0.1732768579129765,0.20793222949557183,0.10015402387370043,0.19303041971505586,1.490180978051598,0.0,0.48517520215633425,4.227955333076627,1.5357142857142858,0.0,0.5,4.357142857142857,0.0,True
330,McConnell,MID,12,no_sp,38,0,0,0,0,0.0,0.0,0,0,0.0,0.0,0.0,0,0,0,2024-25,False,0.0,0.0,0.0,0.0,0.0,0.0,0.0,0.0,0.0,0.0,0.0,0.0,0.0,False
331,Morton,MID,12,no_sp,38,0,0,0,0,0.0,0.0,0,0,0.0,0.0,0.0,0,0,0,2024-25,False,0.0,0.0,0.0,0.0,0.0,0.0,0.0,0.0,0.0,0.0,0.0,0.0,0.0,False
332,N.Phillips,DEF,12,no_sp,38,0,0,0,0,0.0,0.0,0,0,0.0,0.0,0.0,0,0,0,2024-25,False,0.0,0.0,0.0,0.0,0.0,0.0,0.0,0.0,0.0,0.0,0.0,0.0,0.0,False
333,Quansah,DEF,12,no_sp,38,488,3,0,0,0.1,0.18,0,9,0.0,0.0,0.0,0,0,0,2024-25,False,0.0,0.0,0.018442622950819672,0.033196721311475406,0.0,0.0,0.0,1.6598360655737705,0.0,0.0,0.0,3.0,0.0,False
334,R.Williams,DEF,12,no_sp,38,0,0,0,0,0.0,0.0,0,0,0.0,0.0,0.0,0,0,0,2024-25,False,0.0,0.0,0.0,0.0,0.0,0.0,0.0,0.0,0.0,0.0,0.0,0.0,0.0,False
335,Robertson,DEF,12,backup_sp,38,2479,28,0,1,1.12,4.2700000000000005,10,91,3.0,40.0,0.0,0,0,0,2024-25,False,0.0,0.03630496167809601,0.04066155707946753,0.15502218636546997,0.10891488503428802,0.0,1.4521984671238404,3.3037515127067367,0.10714285714285714,0.0,1.4285714285714286,3.25,0.0,True
336,Szoboszlai,MID,12,backup_sp,38,2485,27,6,10,6.94,6.0600000000000005,12,143,60.0,12.0,0.0,0,0,0,2024-25,False,0.21730382293762576,0.36217303822937624,0.2513480885311871,0.21947686116700205,2.1730382293762576,0.0,0.4346076458752515,5.17907444668008,2.2222222222222223,0.0,0.4444444444444444,5.296296296296297,0.0,True
337,Tsimikas,DEF,12,backup_sp,38,829,7,0,1,0.39,2.32,4,43,3.0,16.0,0.0,0,0,0,2024-25,False,0.0,0.10856453558504223,0.04234016887816647,0.25186972255729795,0.3256936067551267,0.0,1.7370325693606756,4.668275030156816,0.42857142857142855,0.0,2.2857142857142856,6.142857142857143,0.0,False
338,Van den Berg,DEF,4,no_sp,38,2584,28,0,1,2.09,0.52,5,62,3.0,20.0,0.0,0,0,0,2024-25,False,0.0,0.0348297213622291,0.07279411764705881,0.018111455108359133,0.1044891640866873,0.0,0.696594427244582,2.1594427244582044,0.10714285714285714,0.0,0.7142857142857143,2.2142857142857144,0.0,True
339,Virgil,DEF,12,backup_sp,38,3330,37,3,1,2.2199999999999998,0.98,14,143,21.0,56.0,0.0,0,0,0,2024-25,False,0.08108108108108109,0.02702702702702703,0.05999999999999999,0.026486486486486487,0.5675675675675675,0.0,1.5135135135135136,3.864864864864865,0.5675675675675675,0.0,1.5135135135135136,3.864864864864865,0.0,True
340,Akanji,DEF,13,no_sp,38,2012,22,0,0,1.57,1.3,6,61,0.0,24.0,0.0,0,0,0,2024-25,False,0.0,0.0,0.0702286282306163,0.058151093439363824,0.0,0.0,1.0735586481113322,2.7286282306163026,0.0,0.0,1.0909090909090908,2.772727272727273,0.0,True
341,Aké,DEF,13,no_sp,38,677,8,0,0,0.22,0.17,3,25,0.0,12.0,0.0,0,0,0,2024-25,False,0.0,0.0,0.029246676514032496,0.022599704579025114,0.0,0.0,1.5952732644017726,3.323485967503693,0.0,0.0,1.5,3.125,0.0,False
342,Bernardo,MID,13,backup_sp,38,2667,29,4,4,3.84,4.5600000000000005,10,110,32.0,10.0,0.0,0,0,0,2024-25,False,0.13498312710911137,0.13498312710911137,0.1295838020247469,0.15388076490438696,1.079865016872891,0.0,0.3374578177727784,3.7120359955005626,1.103448275862069,0.0,0.3448275862068966,3.793103448275862,0.0,True
343,Bobb,MID,13,no_sp,38,14,0,0,0,0.0,0.02,0,3,0.0,0.0,0.0,0,0,0,2024-25,False,0.0,0.0,0.0,0.12857142857142856,0.0,0.0,0.0,19.285714285714285,0.0,0.0,0.0,3.0,0.0,False
345,De Bruyne,MID,13,corner_primary,38,1694,19,4,9,5.17,6.75,10,114,47.0,10.0,0.0,0,0,0,2024-25,False,0.21251475796930341,0.4781582054309327,0.2746753246753247,0.35861865407319954,2.497048406139315,0.0,0.5312868949232585,6.0566706021251475,2.473684210526316,0.0,0.5263157894736842,6.0,0.0,True
346,Doku,MID,13,no_sp,38,1506,16,3,6,1.32,3.81,8,88,33.0,8.0,0.0,0,0,0,2024-25,False,0.1792828685258964,0.3585657370517928,0.07888446215139443,0.22768924302788843,1.9721115537848604,0.0,0.4780876494023904,5.258964143426295,2.0625,0.0,0.5,5.5,0.0,True
348,Foden,MID,13,backup_sp,38,1771,19,7,3,5.17,5.33,6,105,44.0,6.0,0.0,0,0,0,2024-25,False,0.3557312252964427,0.15245623941276115,0.2627329192546584,0.27086391869000565,2.236024844720497,0.0,0.3049124788255223,5.335968379446641,2.3157894736842106,0.0,0.3157894736842105,5.526315789473684,0.0,True
349,Grealish,MID,13,no_sp,38,710,7,1,1,1.13,1.67,2,38,8.0,2.0,0.0,0,0,0,2024-25,False,0.1267605633802817,0.1267605633802817,0.1432394366197183,0.2116901408450704,1.0140845070422535,0.0,0.2535211267605634,4.816901408450704,1.1428571428571428,0.0,0.2857142857142857,5.428571428571429,0.0,False
350,Gvardiol,DEF,13,no_sp,38,3278,36,5,0,4.6,2.92,13,153,30.0,52.0,0.0,0,0,0,2024-25,False,0.13727882855399634,0.0,0.1262965222696766,0.08017083587553385,0.823672971323978,0.0,1.4276998169615618,4.200732153752288,0.8333333333333334,0.0,1.4444444444444444,4.25,0.0,True
351,Haaland,FWD,13,pen_primary,38,2736,31,22,3,21.9,2.04,10,181,97.0,0.0,0.0,0,0,1,2024-25,False,0.7236842105263158,0.09868421052631579,0.7203947368421052,0.06710526315789474,3.1907894736842106,0.0,0.0,5.953947368421053,3.129032258064516,0.0,0.0,5.838709677419355,0.0,True
352,J.Alvarez,FWD,13,no_sp,38,0,0,0,0,0.0,0.0,0,0,0.0,0.0,0.0,0,0,0,2024-25,False,0.0,0.0,0.0,0.0,0.0,0.0,0.0,0.0,0.0,0.0,0.0,0.0,0.0,False
353,João Cancelo,DEF,13,no_sp,38,0,0,0,0,0.0,0.0,0,0,0.0,0.0,0.0,0,0,0,2024-25,False,0.0,0.0,0.0,0.0,0.0,0.0,0.0,0.0,0.0,0.0,0.0,0.0,0.0,False
354,Kovačić,MID,13,no_sp,38,2194,24,6,3,1.9100000000000001,3.21,10,109,39.0,10.0,0.0,0,0,0,2024-25,False,0.24612579762989975,0.12306289881494988,0.07835004557885142,0.13167730173199635,1.5998176845943484,0.0,0.41020966271649956,4.4712853236098455,1.625,0.0,0.4166666666666667,4.541666666666667,0.0,True
355,Lewis,DEF,13,no_sp,38,1888,20,1,2,1.32,1.01,5,66,12.0,20.0,0.0,0,0,0,2024-25,False,0.04766949152542373,0.09533898305084745,0.06292372881355933,0.04814618644067797,0.5720338983050848,0.0,0.9533898305084746,3.1461864406779663,0.6,0.0,1.0,3.3,0.0,True
356,Matheus N.,MID,13,no_sp,38,1670,18,1,7,1.11,3.32,9,81,26.0,9.0,0.0,0,0,0,2024-25,False,0.05389221556886227,0.3772455089820359,0.05982035928143713,0.17892215568862274,1.401197604790419,0.0,0.4850299401197604,4.365269461077844,1.4444444444444444,0.0,0.5,4.5,0.0,True
357,McAtee,MID,13,no_sp,38,340,2,3,0,2.8,0.8,0,31,15.0,0.0,0.0,0,0,0,2024-25,False,0.7941176470588236,0.0,0.7411764705882352,0.21176470588235297,3.9705882352941178,0.0,0.0,8.205882352941178,7.5,0.0,0.0,15.5,0.0,False
359,Phillips,MID,10,backup_sp,38,1231,14,0,0,0.45,0.46,1,27,0.0,1.0,0.0,0,0,0,2024-25,False,0.0,0.0,0.03290008123476848,0.03363119415109667,0.0,0.0,0.07311129163281885,1.974004874086109,0.0,0.0,0.07142857142857142,1.9285714285714286,0.0,True
360,Rodrigo,MID,13,no_sp,38,72,0,0,0,0.0,0.09,0,3,0.0,0.0,0.0,0,0,0,2024-25,False,0.0,0.0,0.0,0.11249999999999999,0.0,0.0,0.0,3.75,0.0,0.0,0.0,3.0,0.0,False
361,Rúben,DEF,13,no_sp,38,2269,25,0,0,1.54,1.2,11,90,0.0,44.0,0.0,0,0,0,2024-25,False,0.0,0.0,0.061084178052005285,0.047598060819744374,0.0,0.0,1.745262230057294,3.5698545614808284,0.0,0.0,1.76,3.6,0.0,True
362,Stones,DEF,13,no_sp,38,544,4,2,0,0.6000000000000001,0.17,1,29,12.0,4.0,0.0,0,0,0,2024-25,False,0.33088235294117646,0.0,0.09926470588235296,0.028125000000000004,1.9852941176470589,0.0,0.6617647058823529,4.797794117647059,3.0,0.0,1.0,7.25,0.0,False
363,Walker,DEF,13,no_sp,38,966,9,0,0,0.12,1.34,0,13,0.0,0.0,0.0,0,0,0,2024-25,False,0.0,0.0,0.011180124223602485,0.12484472049689442,0.0,0.0,0.0,1.2111801242236027,0.0,0.0,0.0,1.4444444444444444,0.0,False
364,Amad,MID,14,backup_sp,38,1898,20,8,8,4.71,3.98,7,129,64.0,7.0,0.0,0,0,0,2024-25,False,0.37934668071654376,0.37934668071654376,0.22334035827186513,0.1887249736564805,3.03477344573235,0.0,0.33192834562697576,6.116965226554267,3.2,0.0,0.35,6.45,0.0,True
365,Antony,MID,14,no_sp,38,135,0,0,0,0.6000000000000001,0.21000000000000002,0,8,0.0,0.0,0.0,0,0,0,2024-25,False,0.0,0.0,0.4000000000000001,0.14,0.0,0.0,0.0,5.333333333333333,0.0,0.0,0.0,8.0,0.0,False
366,B.Fernandes,MID,14,pen_and_corner,38,3017,33,8,12,9.93,7.890000000000001,10,174,76.0,10.0,0.0,0,0,0,2024-25,False,0.23864766324163073,0.3579714948624461,0.29622141199867413,0.23536625787205834,2.267152800795492,0.0,0.2983095790520384,5.190586675505468,2.303030303030303,0.0,0.30303030303030304,5.2727272727272725,0.0,True
368,Casemiro,MID,14,no_sp,38,1489,15,1,0,1.8,1.99,6,48,5.0,6.0,0.0,0,0,0,2024-25,False,0.06044325050369376,0.0,0.10879785090664876,0.12028206850235057,0.3022162525184688,0.0,0.36265950302216254,2.9012760241773004,0.3333333333333333,0.0,0.4,3.2,0.0,True
369,Dalot,DEF,14,no_sp,38,2812,30,0,4,1.96,2.35,8,95,12.0,32.0,0.0,0,0,0,2024-25,False,0.0,0.12802275960170698,0.06273115220483641,0.07521337126600285,0.3840682788051209,0.0,1.0241820768136558,3.040540540540541,0.4,0.0,1.0666666666666667,3.1666666666666665,0.0,True
370,Eriksen,MID,14,backup_sp,38,1052,11,1,2,1.31,2.6,4,45,11.0,4.0,0.0,0,0,0,2024-25,False,0.0855513307984791,0.1711026615969582,0.11207224334600761,0.22243346007604564,0.9410646387832701,0.0,0.3422053231939164,3.8498098859315593,1.0,0.0,0.36363636363636365,4.090909090909091,0.0,True
371,Evans,DEF,14,no_sp,38,312,2,0,0,0.11,0.02,1,15,0.0,4.0,0.0,0,0,0,2024-25,False,0.0,0.0,0.03173076923076923,0.0057692307692307696,0.0,0.0,1.1538461538461537,4.326923076923077,0.0,0.0,2.0,7.5,0.0,False
372,Garnacho,MID,14,no_sp,38,2188,19,6,4,7.4,2.7600000000000002,5,106,42.0,5.0,0.0,0,0,0,2024-25,False,0.24680073126142596,0.16453382084095064,0.3043875685557587,0.11352833638025596,1.7276051188299817,0.0,0.2056672760511883,4.360146252285192,2.210526315789474,0.0,0.2631578947368421,5.578947368421052,0.0,True
373,Hannibal,MID,14,no_sp,38,0,0,0,0,0.0,0.0,0,0,0.0,0.0,0.0,0,0,0,2024-25,False,0.0,0.0,0.0,0.0,0.0,0.0,0.0,0.0,0.0,0.0,0.0,0.0,0.0,False
375,Højlund,FWD,14,no_sp,38,1998,21,4,1,5.1,1.1400000000000001,6,78,19.0,0.0,0.0,0,0,0,2024-25,False,0.1801801801801802,0.04504504504504505,0.22972972972972971,0.05135135135135136,0.8558558558558559,0.0,0.0,3.5135135135135136,0.9047619047619048,0.0,0.0,3.7142857142857144,0.0,True
376,Lindelof,DEF,14,no_sp,38,695,6,0,0,0.0,0.09,2,27,0.0,8.0,0.0,0,0,0,2024-25,False,0.0,0.0,0.0,0.011654676258992806,0.0,0.0,1.0359712230215827,3.4964028776978417,0.0,0.0,1.3333333333333333,4.5,0.0,False
377,Maguire,DEF,14,no_sp,38,1751,16,1,0,1.8199999999999998,0.25,3,48,6.0,12.0,0.0,0,0,0,2024-25,False,0.05139920045688178,0.0,0.09354654483152483,0.012849800114220445,0.3083952027412907,0.0,0.6167904054825813,2.4671616219303254,0.375,0.0,0.75,3.0,0.0,True
378,Mainoo,MID,14,no_sp,38,1646,17,0,0,0.8400000000000001,1.78,5,42,0.0,5.0,0.0,0,0,0,2024-25,False,0.0,0.0,0.045929526123936824,0.09732685297691374,0.0,0.0,0.2733900364520049,2.296476306196841,0.0,0.0,0.29411764705882354,2.4705882352941178,0.0,True
379,Malacia,DEF,14,no_sp,38,99,0,0,0,0.0,0.02,0,2,0.0,0.0,0.0,0,0,0,2024-25,False,0.0,0.0,0.0,0.01818181818181818,0.0,0.0,0.0,1.8181818181818181,0.0,0.0,0.0,2.0,0.0,False
380,Martinez,DEF,14,no_sp,38,1751,20,2,1,1.33,1.21,6,68,15.0,24.0,0.0,0,0,0,2024-25,False,0.10279840091376356,0.05139920045688178,0.06836093660765277,0.06219303255282695,0.7709880068532268,0.0,1.2335808109651627,3.495145631067961,0.75,0.0,1.2,3.4,0.0,True
381,McTominay,MID,14,no_sp,38,17,0,0,0,0.07,0.0,0,2,0.0,0.0,0.0,0,0,0,2024-25,False,0.0,0.0,0.3705882352941177,0.0,0.0,0.0,0.0,10.588235294117647,0.0,0.0,0.0,2.0,0.0,False
382,Mount,MID,14,no_sp,38,613,3,1,0,3.37,0.5700000000000001,3,25,5.0,3.0,0.0,0,0,0,2024-25,False,0.1468189233278956,0.0,0.4947797716150082,0.0836867862969005,0.734094616639478,0.0,0.4404567699836868,3.67047308319739,1.6666666666666667,0.0,1.0,8.333333333333334,0.0,False
384,Pellistri,MID,14,no_sp,38,0,0,0,0,0.0,0.0,0,0,0.0,0.0,0.0,0,0,0,2024-25,False,0.0,0.0,0.0,0.0,0.0,0.0,0.0,0.0,0.0,0.0,0.0,0.0,0.0,False
385,Rashford,MID,2,backup_sp,38,1414,14,6,4,4.67,3.43,7,95,42.0,7.0,0.0,0,0,0,2024-25,False,0.3818953323903819,0.2545968882602546,0.29724186704384725,0.21831683168316834,2.6732673267326734,0.0,0.44554455445544555,6.046676096181047,3.0,0.0,0.5,6.785714285714286,0.0,True
386,Sancho,MID,6,no_sp,38,1754,17,3,5,2.13,3.1,7,86,30.0,7.0,0.0,0,0,0,2024-25,False,0.1539338654503991,0.25655644241733183,0.10929304446978336,0.15906499429874574,1.539338654503991,0.0,0.35917901938426455,4.412770809578108,1.7647058823529411,0.0,0.4117647058823529,5.0588235294117645,0.0,True
387,Shaw,DEF,14,no_sp,38,346,2,0,0,0.03,0.77,0,5,0.0,0.0,0.0,0,0,0,2024-25,False,0.0,0.0,0.007803468208092485,0.20028901734104046,0.0,0.0,0.0,1.300578034682081,0.0,0.0,0.0,2.5,0.0,False
388,Wan-Bissaka,DEF,19,no_sp,38,3154,35,2,6,1.18,2.75,6,118,30.0,24.0,0.0,0,0,0,2024-25,False,0.05707038681039949,0.17121116043119847,0.033671528218135696,0.0784717818642993,0.8560558021559924,0.0,0.6848446417247939,3.36715282181357,0.8571428571428571,0.0,0.6857142857142857,3.3714285714285714,0.0,True
389,Zirkzee,FWD,14,no_sp,38,1385,10,3,2,4.64,1.04,3,64,18.0,0.0,0.0,0,0,0,2024-25,False,0.19494584837545126,0.1299638989169675,0.3015162454873646,0.0675812274368231,1.1696750902527075,0.0,0.0,4.15884476534296,1.8,0.0,0.0,6.4,0.0,True
390,A.Murphy,DEF,15,no_sp,38,0,0,0,0,0.0,0.0,0,0,0.0,0.0,0.0,0,0,0,2024-25,False,0.0,0.0,0.0,0.0,0.0,0.0,0.0,0.0,0.0,0.0,0.0,0.0,0.0,False
391,Almirón,MID,15,no_sp,38,150,1,0,0,0.52,0.19,0,10,0.0,0.0,0.0,0,0,0,2024-25,False,0.0,0.0,0.312,0.11399999999999999,0.0,0.0,0.0,6.0,0.0,0.0,0.0,10.0,0.0,False
392,Barnes,MID,15,no_sp,38,1746,18,9,5,6.45,4.4,6,130,60.0,6.0,0.0,0,0,0,2024-25,False,0.4639175257731959,0.2577319587628866,0.33247422680412375,0.22680412371134023,3.0927835051546393,0.0,0.30927835051546393,6.701030927835052,3.3333333333333335,0.0,0.3333333333333333,7.222222222222222,0.0,True
393,Botman,DEF,15,no_sp,38,412,4,0,0,0.59,0.22,2,18,0.0,8.0,0.0,0,0,0,2024-25,False,0.0,0.0,0.12888349514563108,0.04805825242718447,0.0,0.0,1.7475728155339807,3.9320388349514563,0.0,0.0,2.0,4.5,0.0,False
394,Bruno G.,MID,15,no_sp,38,3273,38,5,6,4.34,5.32,13,135,43.0,13.0,0.0,0,0,0,2024-25,False,0.13748854262144822,0.16498625114573787,0.11934005499541704,0.1462878093492209,1.1824014665444547,0.0,0.35747021081576535,3.712190650779102,1.131578947368421,0.0,0.34210526315789475,3.5526315789473686,0.0,True
395,Burn,DEF,15,no_sp,38,3330,37,1,1,1.9700000000000002,1.09,13,115,9.0,52.0,0.0,0,0,0,2024-25,False,0.02702702702702703,0.02702702702702703,0.05324324324324325,0.02945945945945946,0.24324324324324326,0.0,1.4054054054054055,3.108108108108108,0.24324324324324326,0.0,1.4054054054054055,3.108108108108108,0.0,True
397,Fraser,MID,17,no_sp,38,303,2,0,0,0.02,0.09999999999999999,0,7,0.0,0.0,0.0,0,0,0,2024-25,False,0.0,0.0,0.005940594059405941,0.0297029702970297,0.0,0.0,0.0,2.0792079207920793,0.0,0.0,0.0,3.5,0.0,False
398,Gordon,MID,15,backup_sp,38,2428,27,6,6,8.19,4.8,10,124,48.0,10.0,0.0,0,0,1,2024-25,False,0.22240527182866557,0.22240527182866557,0.3035831960461285,0.17792421746293244,1.7792421746293245,0.0,0.37067545304777594,4.596375617792422,1.7777777777777777,0.0,0.37037037037037035,4.592592592592593,0.0,True
399,Hall,DEF,15,backup_sp,38,2188,24,0,7,0.43000000000000005,3.73,8,102,21.0,32.0,0.0,0,0,0,2024-25,False,0.0,0.28793418647166363,0.017687385740402198,0.1534277879341865,0.8638025594149908,0.0,1.3162705667276051,4.195612431444242,0.875,0.0,1.3333333333333333,4.25,0.0,True
400,Hayden,MID,15,no_sp,38,0,0,0,0,0.0,0.0,0,0,0.0,0.0,0.0,0,0,0,2024-25,False,0.0,0.0,0.0,0.0,0.0,0.0,0.0,0.0,0.0,0.0,0.0,0.0,0.0,False
401,Isak,FWD,15,backup_sp,38,2758,32,23,6,20.330000000000002,3.5900000000000003,12,211,110.0,0.0,0.0,0,0,0,2024-25,False,0.7505438723712835,0.19579405366207395,0.6634155184916607,0.11715010877447427,3.589557650471356,0.0,0.0,6.885424220449601,3.4375,0.0,0.0,6.59375,0.0,True
402,J.Murphy,MID,15,no_sp,38,2356,27,8,13,5.89,6.14,11,159,79.0,11.0,0.0,0,0,0,2024-25,False,0.30560271646859083,0.4966044142614601,0.225,0.23455008488964346,3.0178268251273344,0.0,0.4202037351443124,6.073853989813243,2.925925925925926,0.0,0.4074074074074074,5.888888888888889,0.0,True
403,Joelinton,MID,15,no_sp,38,2394,27,4,4,3.74,2.17,10,99,32.0,10.0,0.0,0,0,0,2024-25,False,0.15037593984962405,0.15037593984962405,0.1406015037593985,0.08157894736842104,1.2030075187969924,0.0,0.37593984962406013,3.7218045112781954,1.1851851851851851,0.0,0.37037037037037035,3.6666666666666665,0.0,True
404,Kelly,DEF,15,no_sp,38,299,3,0,1,0.41000000000000003,0.10999999999999999,0,12,3.0,0.0,0.0,0,0,0,2024-25,False,0.0,0.3010033444816053,0.1234113712374582,0.03311036789297658,0.903010033444816,0.0,0.0,3.612040133779264,1.0,0.0,0.0,4.0,0.0,False
405,Krafth,DEF,15,no_sp,38,334,3,0,0,0.04,0.04,1,17,0.0,4.0,0.0,0,0,0,2024-25,False,0.0,0.0,0.010778443113772455,0.010778443113772455,0.0,0.0,1.0778443113772456,4.580838323353293,0.0,0.0,1.3333333333333333,5.666666666666667,0.0,False
406,Kuol,MID,15,no_sp,38,0,0,0,0,0.0,0.0,0,0,0.0,0.0,0.0,0,0,0,2024-25,False,0.0,0.0,0.0,0.0,0.0,0.0,0.0,0.0,0.0,0.0,0.0,0.0,0.0,False
407,Lascelles,DEF,15,no_sp,38,0,0,0,0,0.0,0.0,0,0,0.0,0.0,0.0,0,0,0,2024-25,False,0.0,0.0,0.0,0.0,0.0,0.0,0.0,0.0,0.0,0.0,0.0,0.0,0.0,False
408,Lewis,DEF,15,no_sp,38,0,0,0,0,0.0,0.0,0,0,0.0,0.0,0.0,0,0,0,2024-25,False,0.0,0.0,0.0,0.0,0.0,0.0,0.0,0.0,0.0,0.0,0.0,0.0,0.0,False
409,Livramento,DEF,15,no_sp,38,2835,31,0,1,0.33,2.6999999999999997,10,105,3.0,40.0,0.0,0,0,0,2024-25,False,0.0,0.031746031746031744,0.010476190476190477,0.0857142857142857,0.09523809523809523,0.0,1.2698412698412698,3.3333333333333335,0.0967741935483871,0.0,1.2903225806451613,3.3870967741935485,0.0,True
410,Longstaff,MID,15,no_sp,38,783,6,0,1,0.6,0.22,2,34,3.0,2.0,0.0,0,0,0,2024-25,False,0.0,0.1149425287356322,0.06896551724137931,0.025287356321839084,0.3448275862068966,0.0,0.2298850574712644,3.9080459770114944,0.5,0.0,0.3333333333333333,5.666666666666667,0.0,False
411,Miley,MID,15,no_sp,38,304,1,1,0,0.57,0.3,0,21,5.0,0.0,0.0,0,0,0,2024-25,False,0.29605263157894735,0.0,0.16874999999999998,0.08881578947368421,1.480263157894737,0.0,0.0,6.217105263157895,5.0,0.0,0.0,21.0,0.0,False
415,Schär,DEF,15,backup_sp,38,2935,32,4,2,3.94,1.01,11,118,30.0,44.0,0.0,0,0,0,2024-25,False,0.12265758091993184,0.06132879045996592,0.12081771720613287,0.030971039182282792,0.9199318568994889,0.0,1.3492333901192504,3.6183986371379895,0.9375,0.0,1.375,3.6875,0.0,True
416,Targett,DEF,15,no_sp,38,20,0,0,0,0.0,0.07,0,2,0.0,0.0,0.0,0,0,0,2024-25,False,0.0,0.0,0.0,0.31500000000000006,0.0,0.0,0.0,9.0,0.0,0.0,0.0,2.0,0.0,False
417,Tonali,MID,15,backup_sp,38,2625,28,4,2,4.46,2.77,11,106,26.0,11.0,0.0,0,0,0,2024-25,False,0.13714285714285715,0.06857142857142857,0.1529142857142857,0.09497142857142857,0.8914285714285713,0.0,0.3771428571428571,3.6342857142857143,0.9285714285714286,0.0,0.39285714285714285,3.7857142857142856,0.0,True
418,Trippier,DEF,15,corner_primary,38,1299,12,0,3,0.12,1.44,6,72,9.0,24.0,0.0,0,0,0,2024-25,False,0.0,0.20785219399538105,0.008314087759815241,0.0997690531177829,0.6235565819861432,0.0,1.6628175519630484,4.988452655889145,0.75,0.0,2.0,6.0,0.0,True
419,White,MID,15,no_sp,38,0,0,0,0,0.0,0.0,0,0,0.0,0.0,0.0,0,0,0,2024-25,False,0.0,0.0,0.0,0.0,0.0,0.0,0.0,0.0,0.0,0.0,0.0,0.0,0.0,False
420,Willock,MID,15,no_sp,38,1065,8,0,2,1.65,0.93,4,46,6.0,4.0,0.0,0,0,0,2024-25,False,0.0,0.16901408450704225,0.13943661971830984,0.07859154929577465,0.5070422535211268,0.0,0.3380281690140845,3.8873239436619715,0.75,0.0,0.5,5.75,0.0,False
421,Wilson,FWD,15,pen_primary,38,355,2,0,0,0.36,0.09,0,19,0.0,0.0,0.0,0,0,0,2024-25,False,0.0,0.0,0.0912676056338028,0.0228169014084507,0.0,0.0,0.0,4.816901408450704,0.0,0.0,0.0,9.5,0.0,False
422,Aina,DEF,16,no_sp,38,2996,33,2,1,0.63,2.25,12,128,15.0,48.0,0.0,0,0,0,2024-25,False,0.06008010680907877,0.030040053404539385,0.01892523364485981,0.06759012016021361,0.45060080106809075,0.0,1.4419225634178905,3.8451268357810413,0.45454545454545453,0.0,1.4545454545454546,3.878787878787879,0.0,True
423,Anderson,MID,16,backup_sp,38,2726,31,2,6,2.04,3.5100000000000002,13,107,28.0,13.0,0.0,0,0,0,2024-25,False,0.06603081438004402,0.19809244314013208,0.0673514306676449,0.11588407923697727,0.9244314013206163,0.0,0.42920029347028615,3.532648569332355,0.9032258064516129,0.0,0.41935483870967744,3.4516129032258065,0.0,True
424,Awoniyi,FWD,16,no_sp,38,398,2,1,0,2.1500000000000004,0.12,1,32,4.0,0.0,0.0,0,0,0,2024-25,False,0.22613065326633164,0.0,0.4861809045226131,0.027135678391959798,0.9045226130653266,0.0,0.0,7.236180904522612,2.0,0.0,0.0,16.0,0.0,False
425,Boly,DEF,16,no_sp,38,146,1,0,0,0.07,0.0,0,6,0.0,0.0,0.0,0,0,0,2024-25,False,0.0,0.0,0.04315068493150685,0.0,0.0,0.0,0.0,3.6986301369863015,0.0,0.0,0.0,6.0,0.0,False
426,Bowler,MID,16,no_sp,38,0,0,0,0,0.0,0.0,0,0,0.0,0.0,0.0,0,0,0,2024-25,False,0.0,0.0,0.0,0.0,0.0,0.0,0.0,0.0,0.0,0.0,0.0,0.0,0.0,False
428,Da Silva Moreira,MID,16,no_sp,38,28,0,0,0,0.0,0.0,0,2,0.0,0.0,0.0,0,0,0,2024-25,False,0.0,0.0,0.0,0.0,0.0,0.0,0.0,6.428571428571429,0.0,0.0,0.0,2.0,0.0,False
429,Danilo,MID,16,no_sp,38,270,2,0,0,0.0,0.01,1,11,0.0,1.0,0.0,0,0,0,2024-25,False,0.0,0.0,0.0,0.0033333333333333335,0.0,0.0,0.3333333333333333,3.6666666666666665,0.0,0.0,0.5,5.5,0.0,False
430,Dennis,FWD,16,no_sp,38,0,0,0,0,0.0,0.0,0,0,0.0,0.0,0.0,0,0,0,2024-25,False,0.0,0.0,0.0,0.0,0.0,0.0,0.0,0.0,0.0,0.0,0.0,0.0,0.0,False
431,Dominguez,MID,16,no_sp,38,1954,19,0,1,1.58,1.58,7,54,3.0,7.0,0.0,0,0,0,2024-25,False,0.0,0.04605936540429887,0.07277379733879222,0.07277379733879222,0.13817809621289662,0.0,0.3224155578300921,2.487205731832139,0.15789473684210525,0.0,0.3684210526315789,2.8421052631578947,0.0,True
432,Elanga,MID,16,backup_sp,38,2496,26,6,11,4.8100000000000005,5.12,12,153,63.0,12.0,0.0,0,0,0,2024-25,False,0.21634615384615383,0.39663461538461536,0.17343750000000002,0.18461538461538463,2.2716346153846154,0.0,0.43269230769230765,5.5168269230769225,2.423076923076923,0.0,0.46153846153846156,5.884615384615385,0.0,True
433,Gibbs-White,MID,16,backup_sp,38,2806,33,7,11,6.3100000000000005,4.68,13,154,68.0,13.0,0.0,0,0,0,2024-25,False,0.22451888809693515,0.3528153955808981,0.20238774055595155,0.15010691375623664,2.18104062722737,0.0,0.41696364932287955,4.9394155381325735,2.0606060606060606,0.0,0.3939393939393939,4.666666666666667,0.0,True
434,Hudson-Odoi,MID,16,no_sp,38,2190,22,5,3,2.52,2.54,11,103,34.0,11.0,0.0,0,0,0,2024-25,False,0.20547945205479454,0.12328767123287672,0.10356164383561645,0.10438356164383562,1.3972602739726028,0.0,0.452054794520548,4.232876712328768,1.5454545454545454,0.0,0.5,4.681818181818182,0.0,True
435,Mighten,MID,16,no_sp,38,0,0,0,0,0.0,0.0,0,0,0.0,0.0,0.0,0,0,0,2024-25,False,0.0,0.0,0.0,0.0,0.0,0.0,0.0,0.0,0.0,0.0,0.0,0.0,0.0,False
436,Murillo,DEF,16,backup_sp,38,3188,36,2,0,1.47,1.15,12,130,12.0,48.0,0.0,0,0,0,2024-25,False,0.05646173149309912,0.0,0.041499372647427854,0.03246549560853199,0.33877038895859474,0.0,1.355081555834379,3.6700125470514426,0.3333333333333333,0.0,1.3333333333333333,3.611111111111111,0.0,True
437,N.Williams,DEF,16,backup_sp,38,2588,28,1,3,2.29,1.54,10,109,15.0,40.0,0.0,0,0,0,2024-25,False,0.0347758887171561,0.10432766615146831,0.07963678516228748,0.0535548686244204,0.5216383307573416,0.0,1.3910355486862442,3.7905718701700155,0.5357142857142857,0.0,1.4285714285714286,3.892857142857143,0.0,True
438,O.Richards,DEF,16,no_sp,38,0,0,0,0,0.0,0.0,0,0,0.0,0.0,0.0,0,0,0,2024-25,False,0.0,0.0,0.0,0.0,0.0,0.0,0.0,0.0,0.0,0.0,0.0,0.0,0.0,False
439,O'Brien,MID,16,no_sp,38,0,0,0,0,0.0,0.0,0,0,0.0,0.0,0.0,0,0,0,2024-25,False,0.0,0.0,0.0,0.0,0.0,0.0,0.0,0.0,0.0,0.0,0.0,0.0,0.0,False
440,Omobamidele,DEF,16,no_sp,38,0,0,0,0,0.0,0.0,0,0,0.0,0.0,0.0,0,0,0,2024-25,False,0.0,0.0,0.0,0.0,0.0,0.0,0.0,0.0,0.0,0.0,0.0,0.0,0.0,False
441,Panzo,DEF,16,no_sp,38,0,0,0,0,0.0,0.0,0,0,0.0,0.0,0.0,0,0,0,2024-25,False,0.0,0.0,0.0,0.0,0.0,0.0,0.0,0.0,0.0,0.0,0.0,0.0,0.0,False
442,Sangaré,MID,16,no_sp,38,584,5,0,1,0.02,0.21000000000000002,2,20,3.0,2.0,0.0,0,0,0,2024-25,False,0.0,0.1541095890410959,0.0030821917808219177,0.03236301369863014,0.4623287671232877,0.0,0.3082191780821918,3.0821917808219177,0.6,0.0,0.4,4.0,0.0,False
444,Toffolo,DEF,16,no_sp,38,135,1,0,0,0.02,0.01,0,4,0.0,0.0,0.0,0,0,0,2024-25,False,0.0,0.0,0.013333333333333334,0.006666666666666667,0.0,0.0,0.0,2.6666666666666665,0.0,0.0,0.0,4.0,0.0,False
446,Ui-jo,FWD,16,no_sp,38,0,0,0,0,0.0,0.0,0,0,0.0,0.0,0.0,0,0,0,2024-25,False,0.0,0.0,0.0,0.0,0.0,0.0,0.0,0.0,0.0,0.0,0.0,0.0,0.0,False
447,Wood,FWD,16,pen_primary,38,2958,35,20,3,13.42,1.59,15,200,89.0,0.0,0.0,0,0,0,2024-25,False,0.6085192697768762,0.09127789046653144,0.40831643002028395,0.048377281947261666,2.707910750507099,0.0,0.0,6.085192697768763,2.5428571428571427,0.0,0.0,5.714285714285714,0.0,True
448,Worrall,DEF,16,no_sp,38,0,0,0,0,0.0,0.0,0,0,0.0,0.0,0.0,0,0,0,2024-25,False,0.0,0.0,0.0,0.0,0.0,0.0,0.0,0.0,0.0,0.0,0.0,0.0,0.0,False
449,Yates,MID,16,no_sp,38,1901,17,2,2,2.41,0.47,6,67,16.0,6.0,0.0,0,0,0,2024-25,False,0.09468700683850605,0.09468700683850605,0.11409784324039979,0.02225144660704892,0.7574960547080484,0.0,0.2840610205155181,3.1720147290899523,0.9411764705882353,0.0,0.35294117647058826,3.9411764705882355,0.0,True
450,Alcaraz,MID,8,no_sp,39,766,7,2,3,1.78,0.68,1,44,19.0,1.0,0.0,0,0,0,2024-25,False,0.2349869451697128,0.3524804177545692,0.2091383812010444,0.07989556135770236,2.2323759791122715,0.0,0.1174934725848564,5.169712793733681,2.7142857142857144,0.0,0.14285714285714285,6.285714285714286,0.0,False
451,Amo-Ameyaw,MID,17,no_sp,38,26,0,0,0,0.02,0.13,0,1,0.0,0.0,0.0,0,0,0,2024-25,False,0.0,0.0,0.06923076923076923,0.45000000000000007,0.0,0.0,0.0,3.4615384615384617,0.0,0.0,0.0,1.0,0.0,False
452,Aribo,MID,17,no_sp,38,2007,18,3,0,2.69,1.23,1,72,15.0,1.0,0.0,0,0,0,2024-25,False,0.13452914798206278,0.0,0.12062780269058296,0.055156950672645734,0.6726457399103138,0.0,0.04484304932735426,3.2286995515695067,0.8333333333333334,0.0,0.05555555555555555,4.0,0.0,True
453,Armstrong,FWD,17,pen_primary,38,1246,12,2,3,3.28,0.56,2,45,17.0,0.0,0.0,0,0,1,2024-25,False,0.14446227929373998,0.21669341894060995,0.23691813804173353,0.040449438202247195,1.2279293739967896,0.0,0.0,3.250401284109149,1.4166666666666667,0.0,0.0,3.75,0.0,True
455,Bednarek,DEF,17,no_sp,38,2531,28,2,0,0.65,0.84,3,60,12.0,12.0,0.0,0,0,0,2024-25,False,0.07111813512445674,0.0,0.02311339391544844,0.029869616752271826,0.4267088107467404,0.0,0.4267088107467404,2.133544053733702,0.42857142857142855,0.0,0.42857142857142855,2.142857142857143,0.0,True
456,Bella-Kotchap,DEF,17,no_sp,38,329,4,0,0,0.32,0.01,0,2,0.0,0.0,0.0,0,0,0,2024-25,False,0.0,0.0,0.08753799392097265,0.0027355623100303954,0.0,0.0,0.0,0.547112462006079,0.0,0.0,0.0,0.5,0.0,False
457,Bree,DEF,17,no_sp,38,1070,10,0,1,0.11,0.71,1,23,3.0,4.0,0.0,0,0,0,2024-25,False,0.0,0.08411214953271028,0.00925233644859813,0.059719626168224293,0.2523364485981308,0.0,0.3364485981308411,1.9345794392523363,0.3,0.0,0.4,2.3,0.0,True
458,Charles,MID,17,no_sp,38,0,0,0,0,0.0,0.0,0,0,0.0,0.0,0.0,0,0,0,2024-25,False,0.0,0.0,0.0,0.0,0.0,0.0,0.0,0.0,0.0,0.0,0.0,0.0,0.0,False
459,Edozie,MID,17,no_sp,38,64,0,0,0,0.0,0.15,0,1,0.0,0.0,0.0,0,0,0,2024-25,False,0.0,0.0,0.0,0.21093749999999997,0.0,0.0,0.0,1.40625,0.0,0.0,0.0,1.0,0.0,False
460,Edwards,DEF,17,no_sp,38,12,0,0,0,0.0,0.0,0,1,0.0,0.0,0.0,0,0,0,2024-25,False,0.0,0.0,0.0,0.0,0.0,0.0,0.0,7.5,0.0,0.0,0.0,1.0,0.0,False
461,Harwood-Bellis,DEF,17,no_sp,38,2824,30,1,0,1.78,0.68,3,55,6.0,12.0,0.0,0,0,0,2024-25,False,0.03186968838526912,0.0,0.05672804532577904,0.021671388101983005,0.19121813031161475,0.0,0.3824362606232295,1.7528328611898019,0.2,0.0,0.4,1.8333333333333333,0.0,True
462,Kamaldeen,MID,17,no_sp,38,1394,13,1,2,1.39,0.85,3,53,11.0,3.0,0.0,0,0,0,2024-25,False,0.06456241032998565,0.1291248206599713,0.08974175035868005,0.054878048780487805,0.7101865136298422,0.0,0.19368723098995697,3.4218077474892397,0.8461538461538461,0.0,0.23076923076923078,4.076923076923077,0.0,True
463,Lallana,MID,17,no_sp,38,352,0,0,2,0.15000000000000002,0.48,0,17,6.0,0.0,0.0,0,0,0,2024-25,False,0.0,0.5113636363636364,0.038352272727272735,0.12272727272727273,1.5340909090909092,0.0,0.0,4.346590909090909,6.0,0.0,0.0,17.0,0.0,False
464,Larios,DEF,17,no_sp,38,0,0,0,0,0.0,0.0,0,0,0.0,0.0,0.0,0,0,0,2024-25,False,0.0,0.0,0.0,0.0,0.0,0.0,0.0,0.0,0.0,0.0,0.0,0.0,0.0,False
467,Manning,DEF,17,corner_primary,38,1458,15,0,2,0.34,2.8,1,34,6.0,4.0,0.0,0,0,0,2024-25,False,0.0,0.1234567901234568,0.020987654320987658,0.1728395061728395,0.3703703703703704,0.0,0.2469135802469136,2.0987654320987654,0.4,0.0,0.26666666666666666,2.2666666666666666,0.0,True
468,Mara,FWD,17,no_sp,38,0,0,0,0,0.0,0.0,0,0,0.0,0.0,0.0,0,0,0,2024-25,False,0.0,0.0,0.0,0.0,0.0,0.0,0.0,0.0,0.0,0.0,0.0,0.0,0.0,False
470,Onuachu,FWD,17,no_sp,38,1038,7,4,1,3.6100000000000003,0.26,1,51,19.0,0.0,0.0,0,0,0,2024-25,False,0.3468208092485549,0.08670520231213873,0.31300578034682086,0.022543352601156072,1.647398843930636,0.0,0.0,4.421965317919075,2.7142857142857144,0.0,0.0,7.285714285714286,0.0,False
471,Smallbone,MID,17,fk_primary,38,679,4,1,0,0.5700000000000001,0.89,0,26,5.0,0.0,0.0,0,0,0,2024-25,False,0.1325478645066274,0.0,0.07555228276877762,0.11796759941089839,0.6627393225331369,0.0,0.0,3.4462444771723124,1.25,0.0,0.0,6.5,0.0,False
472,Stephens,DEF,17,no_sp,38,1389,14,1,0,0.5800000000000001,0.26,2,31,6.0,8.0,0.0,0,0,0,2024-25,False,0.06479481641468682,0.0,0.037580993520518365,0.016846652267818576,0.38876889848812096,0.0,0.5183585313174945,2.0086393088552916,0.42857142857142855,0.0,0.5714285714285714,2.2142857142857144,0.0,True
473,Stewart,FWD,17,no_sp,38,382,2,1,0,1.1500000000000001,0.04,1,20,4.0,0.0,0.0,0,0,0,2024-25,False,0.2356020942408377,0.0,0.2709424083769634,0.009424083769633508,0.9424083769633508,0.0,0.0,4.712041884816754,2.0,0.0,0.0,10.0,0.0,False
474,Sugawara,DEF,17,backup_sp,38,1548,14,1,1,0.48,2.47,2,43,9.0,8.0,0.0,0,0,0,2024-25,False,0.05813953488372093,0.05813953488372093,0.027906976744186046,0.14360465116279073,0.5232558139534884,0.0,0.46511627906976744,2.5,0.6428571428571429,0.0,0.5714285714285714,3.0714285714285716,0.0,True
475,Taylor,DEF,17,no_sp,38,353,3,0,0,0.0,0.14,0,6,0.0,0.0,0.0,0,0,0,2024-25,False,0.0,0.0,0.0,0.03569405099150142,0.0,0.0,0.0,1.529745042492918,0.0,0.0,0.0,2.0,0.0,False
476,Walker-Peters,DEF,17,no_sp,38,2918,32,0,3,0.8500000000000001,2.3000000000000003,2,54,9.0,8.0,0.0,0,0,0,2024-25,False,0.0,0.09252912954078135,0.026216586703221384,0.07093899931459904,0.27758738862234406,0.0,0.2467443454420836,1.6655243317340642,0.28125,0.0,0.25,1.6875,0.0,True
477,Wood,DEF,17,no_sp,38,771,7,0,0,0.22999999999999998,0.04,1,14,0.0,4.0,0.0,0,0,0,2024-25,False,0.0,0.0,0.026848249027237352,0.004669260700389105,0.0,0.0,0.4669260700389105,1.6342412451361867,0.0,0.0,0.5714285714285714,2.0,0.0,False
478,A.Phillips,DEF,18,no_sp,38,0,0,0,0,0.0,0.0,0,0,0.0,0.0,0.0,0,0,0,2024-25,False,0.0,0.0,0.0,0.0,0.0,0.0,0.0,0.0,0.0,0.0,0.0,0.0,0.0,False
480,Bentancur,MID,18,no_sp,38,1640,18,2,0,1.36,1.02,3,49,10.0,3.0,0.0,0,0,0,2024-25,False,0.10975609756097561,0.0,0.07463414634146343,0.05597560975609756,0.5487804878048781,0.0,0.16463414634146342,2.6890243902439024,0.5555555555555556,0.0,0.16666666666666666,2.7222222222222223,0.0,True
481,Bergvall,MID,18,no_sp,38,1200,11,0,2,0.7100000000000001,0.8200000000000001,3,44,6.0,3.0,0.0,0,0,0,2024-25,False,0.0,0.15,0.053250000000000006,0.0615,0.44999999999999996,0.0,0.22499999999999998,3.3,0.5454545454545454,0.0,0.2727272727272727,4.0,0.0,True
482,Bissouma,MID,18,no_sp,38,1396,12,2,0,0.64,0.48,3,50,10.0,3.0,0.0,0,0,0,2024-25,False,0.12893982808022922,0.0,0.04126074498567335,0.030945558739255013,0.6446991404011462,0.0,0.19340974212034384,3.2234957020057307,0.8333333333333334,0.0,0.25,4.166666666666667,0.0,True
483,Bryan,MID,18,no_sp,38,0,0,0,0,0.0,0.0,0,0,0.0,0.0,0.0,0,0,0,2024-25,False,0.0,0.0,0.0,0.0,0.0,0.0,0.0,0.0,0.0,0.0,0.0,0.0,0.0,False
484,Davies,DEF,18,no_sp,38,1329,14,0,0,0.27,0.5,3,28,0.0,12.0,0.0,0,0,0,2024-25,False,0.0,0.0,0.018284424379232507,0.03386004514672686,0.0,0.0,0.8126410835214446,1.8961625282167043,0.0,0.0,0.8571428571428571,2.0,0.0,True
485,Devine,MID,18,no_sp,38,0,0,0,0,0.0,0.0,0,0,0.0,0.0,0.0,0,0,0,2024-25,False,0.0,0.0,0.0,0.0,0.0,0.0,0.0,0.0,0.0,0.0,0.0,0.0,0.0,False
486,Dragusin,DEF,18,no_sp,38,1250,13,0,0,0.13,0.16,2,24,0.0,8.0,0.0,0,0,0,2024-25,False,0.0,0.0,0.00936,0.01152,0.0,0.0,0.576,1.728,0.0,0.0,0.6153846153846154,1.8461538461538463,0.0,True
487,E.Royal,DEF,18,no_sp,38,0,0,0,0,0.0,0.0,0,0,0.0,0.0,0.0,0,0,0,2024-25,False,0.0,0.0,0.0,0.0,0.0,0.0,0.0,0.0,0.0,0.0,0.0,0.0,0.0,False
489,Gray,MID,18,no_sp,38,1750,18,0,0,0.03,0.19,2,45,0.0,2.0,0.0,0,0,0,2024-25,False,0.0,0.0,0.001542857142857143,0.009771428571428572,0.0,0.0,0.10285714285714287,2.3142857142857145,0.0,0.0,0.1111111111111111,2.5,0.0,True
490,Højbjerg,MID,18,no_sp,38,0,0,0,0,0.0,0.0,0,0,0.0,0.0,0.0,0,0,0,2024-25,False,0.0,0.0,0.0,0.0,0.0,0.0,0.0,0.0,0.0,0.0,0.0,0.0,0.0,False
491,Johnson,MID,18,no_sp,38,2171,21,11,6,10.75,1.99,2,137,73.0,2.0,0.0,0,0,0,2024-25,False,0.45601105481345,0.24873330262551818,0.4456471672040534,0.08249654537079686,3.0262551819438044,0.0,0.08291110087517273,5.679410409949332,3.4761904761904763,0.0,0.09523809523809523,6.523809523809524,0.0,True
492,Kulusevski,MID,18,backup_sp,38,2386,26,7,4,4.0600000000000005,4.03,6,117,47.0,6.0,0.0,0,0,0,2024-25,False,0.2640402347024308,0.15088013411567475,0.1531433361274099,0.15201173512154234,1.7728415758591785,0.0,0.22632020117351215,4.4132439228834865,1.8076923076923077,0.0,0.23076923076923078,4.5,0.0,True
493,Lo Celso,MID,18,no_sp,38,0,0,0,0,0.0,0.0,0,0,0.0,0.0,0.0,0,0,0,2024-25,False,0.0,0.0,0.0,0.0,0.0,0.0,0.0,0.0,0.0,0.0,0.0,0.0,0.0,False
494,Maddison,MID,18,corner_primary,38,1799,18,9,8,5.54,5.92,6,133,69.0,6.0,0.0,0,0,0,2024-25,False,0.45025013896609234,0.4002223457476376,0.27715397443023904,0.2961645358532518,3.4519177320733743,0.0,0.3001667593107282,6.653696498054475,3.8333333333333335,0.0,0.3333333333333333,7.388888888888889,0.0,True
495,Pedro Porro,DEF,18,fk_primary,38,2606,28,2,6,1.63,4.71,6,98,30.0,24.0,0.0,0,0,0,2024-25,False,0.06907137375287797,0.20721412125863392,0.056293169608595546,0.16266308518802763,1.0360706062931695,0.0,0.8288564850345357,3.384497313891021,1.0714285714285714,0.0,0.8571428571428571,3.5,0.0,True
496,Reguilón,DEF,18,no_sp,38,194,1,0,0,0.12000000000000001,0.24000000000000002,0,2,0.0,0.0,0.0,0,0,0,2024-25,False,0.0,0.0,0.055670103092783516,0.11134020618556703,0.0,0.0,0.0,0.9278350515463918,0.0,0.0,0.0,2.0,0.0,False
497,Richarlison,FWD,18,backup_sp,38,497,3,4,1,3.71,0.6,1,35,19.0,0.0,0.0,0,0,0,2024-25,False,0.7243460764587525,0.18108651911468812,0.671830985915493,0.10865191146881288,3.4406438631790746,0.0,0.0,6.338028169014085,6.333333333333333,0.0,0.0,11.666666666666666,0.0,False
498,Romero,DEF,18,no_sp,38,1416,16,1,1,1.52,0.81,3,49,9.0,12.0,0.0,0,0,0,2024-25,False,0.0635593220338983,0.0635593220338983,0.09661016949152543,0.051483050847457634,0.5720338983050848,0.0,0.7627118644067797,3.1144067796610173,0.5625,0.0,0.75,3.0625,0.0,True
499,P.M.Sarr,MID,18,no_sp,38,1901,14,3,2,3.72,0.78,2,71,21.0,2.0,0.0,0,0,0,2024-25,False,0.14203051025775906,0.09468700683850605,0.17611783271962125,0.03692793266701736,0.9942135718043135,0.0,0.09468700683850605,3.3613887427669646,1.5,0.0,0.14285714285714285,5.071428571428571,0.0,True
500,Scarlett,FWD,18,no_sp,38,31,0,0,1,0.04,0.0,0,6,3.0,0.0,0.0,0,0,0,2024-25,False,0.0,2.903225806451613,0.11612903225806452,0.0,8.709677419354838,0.0,0.0,17.419354838709676,3.0,0.0,0.0,6.0,0.0,False
501,Skipp,MID,11,no_sp,38,1118,8,0,0,0.37,0.32,3,27,0.0,3.0,0.0,0,0,0,2024-25,False,0.0,0.0,0.029785330948121646,0.025760286225402506,0.0,0.0,0.24150268336314848,2.1735241502683365,0.0,0.0,0.375,3.375,0.0,False
502,Solomon,MID,18,no_sp,38,0,0,0,0,0.0,0.0,0,0,0.0,0.0,0.0,0,0,0,2024-25,False,0.0,0.0,0.0,0.0,0.0,0.0,0.0,0.0,0.0,0.0,0.0,0.0,0.0,False
503,Son,MID,18,pen_primary,38,2106,21,7,10,7.25,4.97,4,129,65.0,4.0,0.0,0,0,1,2024-25,False,0.29914529914529914,0.4273504273504274,0.30982905982905984,0.2123931623931624,2.777777777777778,0.0,0.17094017094017094,5.512820512820513,3.0952380952380953,0.0,0.19047619047619047,6.142857142857143,0.0,True
504,Spence,DEF,18,no_sp,38,1790,19,1,2,0.58,1.4100000000000001,3,51,12.0,12.0,0.0,0,0,0,2024-25,False,0.05027932960893854,0.10055865921787709,0.029162011173184354,0.07089385474860335,0.6033519553072626,0.0,0.6033519553072626,2.564245810055866,0.631578947368421,0.0,0.631578947368421,2.6842105263157894,0.0,True
505,Udogie,DEF,18,no_sp,38,1923,21,0,1,0.31,1.22,2,43,3.0,8.0,0.0,0,0,0,2024-25,False,0.0,0.046801872074883,0.014508580343213728,0.057098283931357255,0.14040561622464898,0.0,0.374414976599064,2.012480499219969,0.14285714285714285,0.0,0.38095238095238093,2.0476190476190474,0.0,True
506,Van de Ven,DEF,18,no_sp,38,1014,11,0,2,0.54,0.7,2,32,6.0,8.0,0.0,0,0,0,2024-25,False,0.0,0.17751479289940827,0.04792899408284024,0.06213017751479289,0.5325443786982248,0.0,0.7100591715976331,2.8402366863905324,0.5454545454545454,0.0,0.7272727272727273,2.909090909090909,0.0,True
507,Veliz,FWD,18,no_sp,38,0,0,0,0,0.0,0.0,0,0,0.0,0.0,0.0,0,0,0,2024-25,False,0.0,0.0,0.0,0.0,0.0,0.0,0.0,0.0,0.0,0.0,0.0,0.0,0.0,False
509,Werner,MID,18,no_sp,38,504,4,0,3,1.04,1.5499999999999998,1,34,9.0,1.0,0.0,0,0,0,2024-25,False,0.0,0.5357142857142857,0.18571428571428572,0.27678571428571425,1.6071428571428572,0.0,0.17857142857142858,6.071428571428572,2.25,0.0,0.25,8.5,0.0,False
511,Álvarez,MID,19,no_sp,38,1769,16,0,1,0.39,0.89,3,40,3.0,3.0,0.0,0,0,0,2024-25,False,0.0,0.05087620124364048,0.019841718485019786,0.04527981910684002,0.15262860373092144,0.0,0.15262860373092144,2.035048049745619,0.1875,0.0,0.1875,2.5,0.0,True
512,Antonio,FWD,19,no_sp,38,834,10,1,4,2.2,0.9099999999999999,4,42,16.0,0.0,0.0,0,0,0,2024-25,False,0.1079136690647482,0.4316546762589928,0.23741007194244604,0.09820143884892085,1.7266187050359711,0.0,0.0,4.532374100719424,1.6,0.0,0.0,4.2,0.0,False
514,Bowen,MID,19,backup_sp,38,2974,33,13,11,8.6,6.470000000000001,8,193,98.0,8.0,0.0,0,0,0,2024-25,False,0.3934095494283793,0.3328850033624748,0.26025554808338935,0.1957969065232011,2.965702757229321,0.0,0.242098184263618,5.840618695359785,2.9696969696969697,0.0,0.24242424242424243,5.848484848484849,0.0,True
515,Cornet,MID,17,no_sp,38,71,0,0,0,0.16,0.0,0,1,0.0,0.0,0.0,0,0,0,2024-25,False,0.0,0.0,0.2028169014084507,0.0,0.0,0.0,0.0,1.267605633802817,0.0,0.0,0.0,1.0,0.0,False
516,Coufal,DEF,19,no_sp,38,1056,10,0,0,0.37,0.89,2,27,0.0,8.0,0.0,0,0,0,2024-25,False,0.0,0.0,0.031534090909090914,0.07585227272727274,0.0,0.0,0.6818181818181819,2.3011363636363638,0.0,0.0,0.8,2.7,0.0,True
517,Cresswell,DEF,19,backup_sp,38,818,7,0,0,0.22999999999999998,1.8900000000000001,3,36,0.0,12.0,0.0,0,0,0,2024-25,False,0.0,0.0,0.02530562347188264,0.2079462102689487,0.0,0.0,1.3202933985330074,3.9608801955990223,0.0,0.0,1.7142857142857142,5.142857142857143,0.0,False
518,Downes,MID,17,no_sp,38,2149,24,1,0,0.64,1.4100000000000001,4,48,5.0,4.0,0.0,0,0,0,2024-25,False,0.041879944160074456,0.0,0.02680316426244765,0.059050721265704986,0.20939972080037228,0.0,0.16751977664029782,2.010237319683574,0.20833333333333334,0.0,0.16666666666666666,2.0,0.0,True
519,Earthy,MID,19,no_sp,38,0,0,0,0,0.0,0.0,0,0,0.0,0.0,0.0,0,0,0,2024-25,False,0.0,0.0,0.0,0.0,0.0,0.0,0.0,0.0,0.0,0.0,0.0,0.0,0.0,False
520,Emerson,DEF,19,fk_primary,38,2108,22,2,1,1.95,2.19,5,76,15.0,20.0,0.0,0,0,0,2024-25,False,0.08538899430740038,0.04269449715370019,0.08325426944971537,0.09350094876660342,0.6404174573055029,0.0,0.8538899430740039,3.2447817836812147,0.6818181818181818,0.0,0.9090909090909091,3.4545454545454546,0.0,True
523,Ings,FWD,19,no_sp,38,270,0,1,3,2.25,0.060000000000000005,0,32,13.0,0.0,0.0,0,0,0,2024-25,False,0.3333333333333333,1.0,0.75,0.02,4.333333333333333,0.0,0.0,10.666666666666666,13.0,0.0,0.0,32.0,0.0,False
524,Kilman,DEF,19,no_sp,38,3348,37,0,1,1.55,1.19,6,82,3.0,24.0,0.0,0,0,0,2024-25,False,0.0,0.026881720430107524,0.041666666666666664,0.03198924731182795,0.08064516129032258,0.0,0.6451612903225806,2.204301075268817,0.08108108108108109,0.0,0.6486486486486487,2.2162162162162162,0.0,True
525,Kudus,MID,19,no_sp,38,2589,30,5,4,6.97,2.67,7,106,37.0,7.0,0.0,0,0,0,2024-25,False,0.17381228273464658,0.13904982618771727,0.24229432213209734,0.09281575898030127,1.2862108922363849,0.0,0.24333719582850522,3.6848203939745074,1.2333333333333334,0.0,0.23333333333333334,3.533333333333333,0.0,True
526,L.Guilherme,MID,19,no_sp,38,139,0,0,0,0.42,0.13,0,12,0.0,0.0,0.0,0,0,0,2024-25,False,0.0,0.0,0.2719424460431654,0.0841726618705036,0.0,0.0,0.0,7.76978417266187,0.0,0.0,0.0,12.0,0.0,False
527,L.Paquetá,MID,19,pen_primary,38,2374,25,4,1,5.36,3.36,4,80,23.0,4.0,0.0,0,0,0,2024-25,False,0.15164279696714406,0.037910699241786014,0.20320134793597305,0.12737994945240103,0.8719460825610784,0.0,0.15164279696714406,3.0328559393428813,0.92,0.0,0.16,3.2,0.0,True
528,Mavropanos,DEF,19,no_sp,38,2035,19,0,0,1.61,0.39,2,45,0.0,8.0,0.0,0,0,0,2024-25,False,0.0,0.0,0.0712039312039312,0.01724815724815725,0.0,0.0,0.3538083538083538,1.9901719901719903,0.0,0.0,0.42105263157894735,2.3684210526315788,0.0,True
529,N.Aguerd,DEF,19,no_sp,38,0,0,0,0,0.0,0.0,0,0,0.0,0.0,0.0,0,0,0,2024-25,False,0.0,0.0,0.0,0.0,0.0,0.0,0.0,0.0,0.0,0.0,0.0,0.0,0.0,False
530,Souček,MID,19,no_sp,38,2563,26,9,2,6.6,1.27,7,126,51.0,7.0,0.0,0,0,0,2024-25,False,0.3160358954350371,0.07023019898556379,0.2317596566523605,0.04459617635583301,1.7908700741318766,0.0,0.24580569644947328,4.424502536090519,1.9615384615384615,0.0,0.2692307692307692,4.846153846153846,0.0,True
531,Ward-Prowse,MID,19,corner_primary,38,1433,14,1,2,1.5899999999999999,2.68,5,51,11.0,5.0,0.0,0,0,0,2024-25,False,0.0628053035589672,0.1256106071179344,0.09986043265875784,0.1683182135380321,0.6908583391486393,0.0,0.314026517794836,3.203070481507327,0.7857142857142857,0.0,0.35714285714285715,3.642857142857143,0.0,True
532,Zouma,DEF,19,no_sp,38,0,0,0,0,0.0,0.0,0,0,0.0,0.0,0.0,0,0,0,2024-25,False,0.0,0.0,0.0,0.0,0.0,0.0,0.0,0.0,0.0,0.0,0.0,0.0,0.0,False
533,Aït-Nouri,DEF,20,no_sp,38,3112,36,4,7,2.69,3.98,7,125,45.0,28.0,0.0,0,0,0,2024-25,False,0.11568123393316196,0.20244215938303342,0.07779562982005142,0.11510282776349615,1.301413881748072,0.0,0.8097686375321337,3.6150385604113113,1.25,0.0,0.7777777777777778,3.4722222222222223,0.0,True
534,B.Traore,MID,20,no_sp,38,1,0,0,0,0.0,0.0,0,1,0.0,0.0,0.0,0,0,0,2024-25,False,0.0,0.0,0.0,0.0,0.0,0.0,0.0,90.0,0.0,0.0,0.0,1.0,0.0,False
535,Bellegarde,MID,20,fk_primary,38,1666,16,2,7,1.46,2.74,6,90,31.0,6.0,0.0,0,0,0,2024-25,False,0.10804321728691475,0.37815126050420167,0.07887154861944777,0.14801920768307322,1.6746698679471788,0.0,0.3241296518607443,4.861944777911164,1.9375,0.0,0.375,5.625,0.0,True
537,Chiquinho,MID,20,no_sp,38,6,0,0,0,0.0,0.05,0,1,0.0,0.0,0.0,0,0,0,2024-25,False,0.0,0.0,0.0,0.75,0.0,0.0,0.0,15.0,0.0,0.0,0.0,1.0,0.0,False
538,Chirewa,MID,20,no_sp,38,0,0,0,0,0.0,0.0,0,0,0.0,0.0,0.0,0,0,0,2024-25,False,0.0,0.0,0.0,0.0,0.0,0.0,0.0,0.0,0.0,0.0,0.0,0.0,0.0,False
539,Chiwome,FWD,20,no_sp,38,0,0,0,0,0.0,0.0,0,0,0.0,0.0,0.0,0,0,0,2024-25,False,0.0,0.0,0.0,0.0,0.0,0.0,0.0,0.0,0.0,0.0,0.0,0.0,0.0,False
540,Cundle,MID,20,no_sp,38,0,0,0,0,0.0,0.0,0,0,0.0,0.0,0.0,0,0,0,2024-25,False,0.0,0.0,0.0,0.0,0.0,0.0,0.0,0.0,0.0,0.0,0.0,0.0,0.0,False
541,Cunha,FWD,20,corner_primary,38,2596,27,15,7,8.73,5.29,7,178,81.0,0.0,0.0,0,0,0,2024-25,False,0.5200308166409862,0.24268104776579352,0.3026579352850539,0.1833975346687211,2.8081664098613253,0.0,0.0,6.1710323574730355,3.0,0.0,0.0,6.592592592592593,0.0,True
542,Dawson,DEF,20,no_sp,38,969,10,0,1,0.5,0.07,1,17,3.0,4.0,0.0,0,0,0,2024-25,False,0.0,0.09287925696594426,0.04643962848297213,0.006501547987616099,0.2786377708978328,0.0,0.37151702786377705,1.5789473684210524,0.3,0.0,0.4,1.7,0.0,True
543,Doherty,DEF,20,no_sp,38,2105,23,2,1,1.1199999999999999,1.24,6,75,15.0,24.0,0.0,0,0,0,2024-25,False,0.0855106888361045,0.04275534441805225,0.04788598574821852,0.053016627078384795,0.6413301662707839,0.0,1.0261282660332542,3.2066508313539193,0.6521739130434783,0.0,1.0434782608695652,3.260869565217391,0.0,True
544,Doyle,MID,20,no_sp,38,474,2,0,1,0.55,0.35000000000000003,0,28,3.0,0.0,0.0,0,0,0,2024-25,False,0.0,0.189873417721519,0.10443037974683546,0.06645569620253165,0.569620253164557,0.0,0.0,5.3164556962025316,1.5,0.0,0.0,14.0,0.0,False
545,Fábio Silva,FWD,20,no_sp,38,0,0,0,0,0.0,0.0,0,0,0.0,0.0,0.0,0,0,0,2024-25,False,0.0,0.0,0.0,0.0,0.0,0.0,0.0,0.0,0.0,0.0,0.0,0.0,0.0,False
546,Fraser,FWD,20,no_sp,38,0,0,0,0,0.0,0.0,0,0,0.0,0.0,0.0,0,0,0,2024-25,False,0.0,0.0,0.0,0.0,0.0,0.0,0.0,0.0,0.0,0.0,0.0,0.0,0.0,False
547,Gonzalez,MID,20,no_sp,38,0,0,0,0,0.0,0.0,0,0,0.0,0.0,0.0,0,0,0,2024-25,False,0.0,0.0,0.0,0.0,0.0,0.0,0.0,0.0,0.0,0.0,0.0,0.0,0.0,False
548,Guedes,MID,20,no_sp,38,979,7,2,4,3.2800000000000002,0.92,3,62,22.0,3.0,0.0,0,0,0,2024-25,False,0.18386108273748722,0.36772216547497444,0.3015321756894791,0.08457609805924413,2.0224719101123596,0.0,0.2757916241062308,5.699693564862104,3.142857142857143,0.0,0.42857142857142855,8.857142857142858,0.0,False
549,H.Bueno,DEF,20,no_sp,38,0,0,0,0,0.0,0.0,0,0,0.0,0.0,0.0,0,0,0,2024-25,False,0.0,0.0,0.0,0.0,0.0,0.0,0.0,0.0,0.0,0.0,0.0,0.0,0.0,False
550,Hee Chan,MID,20,pen_primary,38,646,3,2,1,0.79,0.35,0,37,13.0,0.0,0.0,0,0,0,2024-25,False,0.2786377708978328,0.1393188854489164,0.11006191950464396,0.04876160990712074,1.8111455108359134,0.0,0.0,5.154798761609907,4.333333333333333,0.0,0.0,12.333333333333334,0.0,False
551,Hodge,MID,20,no_sp,38,0,0,0,0,0.0,0.0,0,0,0.0,0.0,0.0,0,0,0,2024-25,False,0.0,0.0,0.0,0.0,0.0,0.0,0.0,0.0,0.0,0.0,0.0,0.0,0.0,False
552,Hoever,DEF,20,no_sp,38,0,0,0,0,0.0,0.0,0,0,0.0,0.0,0.0,0,0,0,2024-25,False,0.0,0.0,0.0,0.0,0.0,0.0,0.0,0.0,0.0,0.0,0.0,0.0,0.0,False
553,J.Gomes,MID,20,no_sp,38,2975,32,3,1,2.94,2.61,6,87,18.0,6.0,0.0,0,0,0,2024-25,False,0.0907563025210084,0.030252100840336135,0.08894117647058823,0.0789579831932773,0.5445378151260504,0.0,0.1815126050420168,2.6319327731092437,0.5625,0.0,0.1875,2.71875,0.0,True
555,Kalajdžić,FWD,20,no_sp,38,0,0,0,0,0.0,0.0,0,0,0.0,0.0,0.0,0,0,0,2024-25,False,0.0,0.0,0.0,0.0,0.0,0.0,0.0,0.0,0.0,0.0,0.0,0.0,0.0,False
557,Mario Jr.,MID,20,no_sp,38,1363,14,1,3,1.3,0.87,1,47,14.0,1.0,0.0,0,0,0,2024-25,False,0.06603081438004402,0.19809244314013208,0.08584005869405724,0.0574468085106383,0.9244314013206163,0.0,0.06603081438004402,3.103448275862069,1.0,0.0,0.07142857142857142,3.357142857142857,0.0,True
558,Mosquera,DEF,20,no_sp,38,441,5,0,0,0.33,0.03,0,3,0.0,0.0,0.0,0,0,0,2024-25,False,0.0,0.0,0.0673469387755102,0.006122448979591836,0.0,0.0,0.0,0.6122448979591836,0.0,0.0,0.0,0.6,0.0,False
559,N.Semedo,DEF,20,no_sp,38,2889,32,0,4,1.05,1.71,8,84,12.0,32.0,0.0,0,0,0,2024-25,False,0.0,0.12461059190031153,0.03271028037383177,0.05327102803738317,0.37383177570093457,0.0,0.9968847352024922,2.616822429906542,0.375,0.0,1.0,2.625,0.0,True
560,Neto,MID,6,backup_sp,38,2262,22,4,6,3.48,4.47,8,104,38.0,8.0,0.0,0,0,0,2024-25,False,0.15915119363395225,0.2387267904509284,0.13846153846153847,0.17785145888594164,1.5119363395225465,0.0,0.3183023872679045,4.137931034482759,1.7272727272727273,0.0,0.36363636363636365,4.7272727272727275,0.0,True
561,Pedro Lima,DEF,20,no_sp,38,69,0,0,0,0.06,0.09999999999999999,0,2,0.0,0.0,0.0,0,0,0,2024-25,False,0.0,0.0,0.07826086956521738,0.13043478260869562,0.0,0.0,0.0,2.608695652173913,0.0,0.0,0.0,2.0,0.0,False
562,Podence,MID,20,no_sp,38,46,0,0,0,0.04,0.01,0,2,0.0,0.0,0.0,0,0,0,2024-25,False,0.0,0.0,0.0782608695652174,0.01956521739130435,0.0,0.0,0.0,3.91304347826087,0.0,0.0,0.0,2.0,0.0,False
563,R.Gomes,MID,20,no_sp,38,794,6,2,0,0.72,0.87,1,42,10.0,1.0,0.0,0,0,0,2024-25,False,0.22670025188916876,0.0,0.08161209068010075,0.0986146095717884,1.1335012594458438,0.0,0.11335012594458438,4.7607052896725435,1.6666666666666667,0.0,0.16666666666666666,7.0,0.0,False
564,S.Bueno,DEF,20,no_sp,38,1678,18,0,0,0.44999999999999996,0.1,5,52,0.0,20.0,0.0,0,0,0,2024-25,False,0.0,0.0,0.02413587604290822,0.005363528009535161,0.0,0.0,1.072705601907032,2.7890345649582833,0.0,0.0,1.1111111111111112,2.888888888888889,0.0,True
565,Sarabia,MID,20,backup_sp,38,800,5,3,2,2.88,1.9000000000000001,1,50,21.0,1.0,0.0,0,0,0,2024-25,False,0.33749999999999997,0.22499999999999998,0.32399999999999995,0.21375,2.3625,0.0,0.11249999999999999,5.625,4.2,0.0,0.2,10.0,0.0,False
566,Strand Larsen,FWD,20,no_sp,38,2587,29,14,4,10.14,1.0,7,145,68.0,0.0,0.0,0,0,0,2024-25,False,0.48705063780440666,0.13915732508697334,0.35276381909547744,0.034789331271743336,2.365674526478547,0.0,0.0,5.044453034402784,2.3448275862068964,0.0,0.0,5.0,0.0,True
567,Toti,DEF,20,no_sp,38,2613,29,0,1,0.73,0.6,8,79,3.0,32.0,0.0,0,0,0,2024-25,False,0.0,0.03444316877152698,0.025143513203214694,0.020665901262916186,0.10332950631458093,0.0,1.1021814006888633,2.721010332950631,0.10344827586206896,0.0,1.103448275862069,2.7241379310344827,0.0,True
569,Jaden,MID,10,no_sp,38,796,7,2,0,2.43,0.33999999999999997,2,37,10.0,2.0,0.0,0,0,0,2024-25,False,0.22613065326633164,0.0,0.274748743718593,0.03844221105527638,1.1306532663316582,0.0,0.22613065326633164,4.183417085427135,1.4285714285714286,0.0,0.2857142857142857,5.285714285714286,0.0,False
570,A.Fatawu,MID,11,no_sp,38,576,6,0,2,0.41000000000000003,1.42,0,26,6.0,0.0,0.0,0,0,0,2024-25,False,0.0,0.3125,0.0640625,0.221875,0.9375,0.0,0.0,4.0625,1.0,0.0,0.0,4.333333333333333,0.0,False
571,Savinho,MID,13,backup_sp,38,1760,19,1,11,5.02,6.1000000000000005,8,106,38.0,8.0,0.0,0,0,0,2024-25,False,0.05113636363636363,0.5625,0.2567045454545454,0.3119318181818182,1.9431818181818181,0.0,0.40909090909090906,5.420454545454545,2.0,0.0,0.42105263157894735,5.578947368421052,0.0,True
572,Yoro,DEF,14,no_sp,38,1160,10,0,0,0.7,0.15,1,22,0.0,4.0,0.0,0,0,0,2024-25,False,0.0,0.0,0.054310344827586204,0.011637931034482758,0.0,0.0,0.3103448275862069,1.706896551724138,0.0,0.0,0.4,2.2,0.0,True
573,Milenković,DEF,16,no_sp,38,3330,37,5,2,4.05,0.73,13,145,36.0,52.0,0.0,0,0,0,2024-25,False,0.13513513513513514,0.05405405405405406,0.10945945945945945,0.01972972972972973,0.972972972972973,0.0,1.4054054054054055,3.918918918918919,0.972972972972973,0.0,1.4054054054054055,3.918918918918919,0.0,True
574,Pivas,DEF,15,no_sp,38,0,0,0,0,0.0,0.0,0,0,0.0,0.0,0.0,0,0,0,2024-25,False,0.0,0.0,0.0,0.0,0.0,0.0,0.0,0.0,0.0,0.0,0.0,0.0,0.0,False
575,Wiley,DEF,6,no_sp,38,0,0,0,0,0.0,0.0,0,0,0.0,0.0,0.0,0,0,0,2024-25,False,0.0,0.0,0.0,0.0,0.0,0.0,0.0,0.0,0.0,0.0,0.0,0.0,0.0,False
576,Irving,MID,19,no_sp,38,161,1,0,0,0.13,0.12,0,9,0.0,0.0,0.0,0,0,0,2024-25,False,0.0,0.0,0.07267080745341614,0.0670807453416149,0.0,0.0,0.0,5.0310559006211175,0.0,0.0,0.0,9.0,0.0,False
577,Lindstrøm,MID,8,fk_primary,38,1229,12,0,1,2.15,1.96,6,44,3.0,6.0,0.0,0,0,0,2024-25,False,0.0,0.07323026851098455,0.15744507729861676,0.1435313262815297,0.21969080553295364,0.0,0.4393816110659073,3.22213181448332,0.25,0.0,0.5,3.6666666666666665,0.0,True
578,Calafiori,DEF,1,no_sp,38,978,7,2,1,0.86,0.6900000000000001,1,39,15.0,4.0,0.0,0,0,0,2024-25,False,0.18404907975460122,0.09202453987730061,0.07914110429447853,0.06349693251533743,1.3803680981595092,0.0,0.36809815950920244,3.5889570552147236,2.142857142857143,0.0,0.5714285714285714,5.571428571428571,0.0,False
579,Sessegnon,DEF,9,no_sp,38,574,5,4,2,1.64,1.12,1,57,30.0,4.0,0.0,0,0,0,2024-25,False,0.627177700348432,0.313588850174216,0.2571428571428571,0.175609756097561,4.70383275261324,0.0,0.627177700348432,8.937282229965156,6.0,0.0,0.8,11.4,0.0,False
580,Huijsen,DEF,3,no_sp,38,2422,26,3,2,1.82,1.57,7,104,24.0,28.0,0.0,0,0,0,2024-25,False,0.11147811725846407,0.07431874483897605,0.06763005780346822,0.0583402146985962,0.8918249380677126,0.0,1.0404624277456647,3.864574731626755,0.9230769230769231,0.0,1.0769230769230769,4.0,0.0,True
582,O'Brien,DEF,8,no_sp,38,1568,17,2,0,0.77,0.31,5,65,12.0,20.0,0.0,0,0,0,2024-25,False,0.11479591836734696,0.0,0.044196428571428574,0.017793367346938777,0.6887755102040817,0.0,1.1479591836734695,3.730867346938776,0.7058823529411765,0.0,1.1764705882352942,3.823529411764706,0.0,True
583,Townsend,DEF,10,no_sp,38,334,3,0,1,0.03,0.24000000000000002,0,11,3.0,0.0,0.0,0,0,0,2024-25,False,0.0,0.2694610778443114,0.008083832335329342,0.06467065868263473,0.8083832335329341,0.0,0.0,2.964071856287425,1.0,0.0,0.0,3.6666666666666665,0.0,False
584,Brereton Díaz,MID,17,no_sp,38,446,4,0,0,0.9,0.15,0,13,0.0,0.0,0.0,0,0,0,2024-25,False,0.0,0.0,0.18161434977578475,0.030269058295964123,0.0,0.0,0.0,2.623318385650224,0.0,0.0,0.0,3.25,0.0,False
585,I.Sarr,MID,7,no_sp,38,2708,30,8,7,10.82,6.82,10,149,61.0,10.0,0.0,0,0,0,2024-25,False,0.2658788774002954,0.2326440177252585,0.3596011816838996,0.22666174298375186,2.0273264401772524,0.0,0.33234859675036926,4.951994091580502,2.033333333333333,0.0,0.3333333333333333,4.966666666666667,0.0,True
586,J.Cuenca,DEF,9,no_sp,38,349,4,0,0,0.02,0.01,0,9,0.0,0.0,0.0,0,0,0,2024-25,False,0.0,0.0,0.005157593123209169,0.0025787965616045844,0.0,0.0,0.0,2.320916905444126,0.0,0.0,0.0,2.25,0.0,False
587,Summerville,MID,19,backup_sp,38,776,4,1,1,1.61,1.71,2,33,8.0,2.0,0.0,0,0,0,2024-25,False,0.11597938144329897,0.11597938144329897,0.18672680412371137,0.19832474226804125,0.9278350515463918,0.0,0.23195876288659795,3.827319587628866,2.0,0.0,0.5,8.25,0.0,False
588,G.Rodríguez,MID,19,no_sp,38,1147,12,0,1,0.22,0.17,4,36,3.0,4.0,0.0,0,0,0,2024-25,False,0.0,0.07846556233653008,0.017262423714036617,0.013339145597210115,0.23539668700959024,0.0,0.31386224934612034,2.824760244115083,0.25,0.0,0.3333333333333333,3.0,0.0,True
589,Füllkrug,FWD,19,no_sp,38,783,5,3,2,2.14,0.47000000000000003,2,42,18.0,0.0,0.0,0,0,0,2024-25,False,0.3448275862068966,0.2298850574712644,0.2459770114942529,0.05402298850574713,2.0689655172413794,0.0,0.0,4.8275862068965525,3.6,0.0,0.0,8.4,0.0,False
590,Osula,FWD,15,no_sp,38,124,0,1,0,0.16,0.05,0,19,4.0,0.0,0.0,0,0,0,2024-25,False,0.7258064516129032,0.0,0.11612903225806452,0.036290322580645164,2.903225806451613,0.0,0.0,13.790322580645162,4.0,0.0,0.0,19.0,0.0,False
591,Todibo,DEF,19,no_sp,38,1824,19,0,0,0.36,0.06,5,54,0.0,20.0,0.0,0,0,0,2024-25,False,0.0,0.0,0.017763157894736842,0.0029605263157894738,0.0,0.0,0.986842105263158,2.6644736842105265,0.0,0.0,1.0526315789473684,2.8421052631578947,0.0,True
592,J.Araujo,DEF,3,no_sp,38,492,5,0,0,0.0,0.1,0,12,0.0,0.0,0.0,0,0,0,2024-25,False,0.0,0.0,0.0,0.018292682926829267,0.0,0.0,0.0,2.1951219512195124,0.0,0.0,0.0,2.4,0.0,False
593,De Ligt,DEF,14,no_sp,38,2119,22,2,0,2.48,0.25,4,68,12.0,16.0,0.0,0,0,0,2024-25,False,0.08494572911750826,0.0,0.10533270410571025,0.010618216139688533,0.5096743747050495,0.0,0.6795658329400661,2.888154789995281,0.5454545454545454,0.0,0.7272727272727273,3.090909090909091,0.0,True
594,Mazraoui,DEF,14,no_sp,38,2836,31,0,1,0.6900000000000001,1.87,7,88,3.0,28.0,0.0,0,0,0,2024-25,False,0.0,0.03173483779971791,0.02189703808180536,0.0593441466854725,0.09520451339915373,0.0,0.8885754583921015,2.792665726375176,0.0967741935483871,0.0,0.9032258064516129,2.838709677419355,0.0,True
595,Gruda,MID,5,no_sp,38,676,5,1,4,1.15,1.9300000000000002,1,45,17.0,1.0,0.0,0,0,0,2024-25,False,0.13313609467455623,0.5325443786982249,0.15310650887573962,0.2569526627218935,2.2633136094674557,0.0,0.13313609467455623,5.991124260355029,3.4,0.0,0.2,9.0,0.0,False
596,Jota Silva,MID,16,no_sp,38,835,4,3,2,2.13,1.87,1,52,21.0,1.0,0.0,0,0,0,2024-25,False,0.32335329341317365,0.21556886227544908,0.22958083832335327,0.20155688622754492,2.2634730538922154,0.0,0.10778443113772454,5.604790419161676,5.25,0.0,0.25,13.0,0.0,False
597,Lewis-Skelly,MID,1,no_sp,38,1362,13,1,0,0.16,0.51,5,37,5.0,5.0,0.0,0,0,0,2024-25,False,0.06607929515418502,0.0,0.010572687224669605,0.033700440528634364,0.3303964757709251,0.0,0.3303964757709251,2.444933920704846,0.38461538461538464,0.0,0.38461538461538464,2.8461538461538463,0.0,True
598,Bogarde,DEF,2,no_sp,38,473,4,0,0,0.04,0.13,0,6,0.0,0.0,0.0,0,0,0,2024-25,False,0.0,0.0,0.007610993657505285,0.02473572938689218,0.0,0.0,0.0,1.1416490486257929,0.0,0.0,0.0,1.5,0.0,False
600,Ayari,MID,5,backup_sp,38,1958,21,2,1,2.5100000000000002,2.62,7,74,13.0,7.0,0.0,0,0,0,2024-25,False,0.09193054136874361,0.045965270684371805,0.11537282941777324,0.12042900919305413,0.5975485188968335,0.0,0.32175689479060265,3.4014300306435135,0.6190476190476191,0.0,0.3333333333333333,3.5238095238095237,0.0,True
601,Moran,MID,5,no_sp,38,0,0,0,0,0.0,0.0,0,0,0.0,0.0,0.0,0,0,0,2024-25,False,0.0,0.0,0.0,0.0,0.0,0.0,0.0,0.0,0.0,0.0,0.0,0.0,0.0,False
602,Trevitt,MID,4,no_sp,38,3,0,0,0,0.0,0.0,0,1,0.0,0.0,0.0,0,0,0,2024-25,False,0.0,0.0,0.0,0.0,0.0,0.0,0.0,30.0,0.0,0.0,0.0,1.0,0.0,False
603,Armstrong,MID,8,no_sp,38,47,0,0,0,0.37,0.0,0,2,0.0,0.0,0.0,0,0,0,2024-25,False,0.0,0.0,0.7085106382978723,0.0,0.0,0.0,0.0,3.829787234042553,0.0,0.0,0.0,2.0,0.0,False
604,King,MID,9,no_sp,38,126,1,0,0,0.28,0.67,1,10,0.0,1.0,0.0,0,0,0,2024-25,False,0.0,0.0,0.20000000000000004,0.47857142857142865,0.0,0.0,0.7142857142857143,7.142857142857143,0.0,0.0,1.0,10.0,0.0,False
605,Godo,MID,9,no_sp,38,21,0,0,0,0.0,0.07,0,2,0.0,0.0,0.0,0,0,0,2024-25,False,0.0,0.0,0.0,0.30000000000000004,0.0,0.0,0.0,8.571428571428571,0.0,0.0,0.0,2.0,0.0,False
606,Alves,MID,11,no_sp,38,1,0,0,0,0.0,0.0,0,1,0.0,0.0,0.0,0,0,0,2024-25,False,0.0,0.0,0.0,0.0,0.0,0.0,0.0,90.0,0.0,0.0,0.0,1.0,0.0,False
607,O’Reilly,MID,13,no_sp,38,525,5,2,0,1.28,0.68,3,31,10.0,3.0,0.0,0,0,0,2024-25,False,0.34285714285714286,0.0,0.21942857142857145,0.11657142857142859,1.7142857142857144,0.0,0.5142857142857143,5.314285714285715,2.0,0.0,0.6,6.2,0.0,False
608,Dibling,MID,17,backup_sp,38,1863,18,2,2,2.6,1.47,3,68,16.0,3.0,0.0,0,0,0,2024-25,False,0.0966183574879227,0.0966183574879227,0.12560386473429952,0.07101449275362319,0.7729468599033816,0.0,0.14492753623188406,3.285024154589372,0.8888888888888888,0.0,0.16666666666666666,3.7777777777777777,0.0,True
609,Lankshear,FWD,18,no_sp,38,10,0,0,0,0.0,0.0,0,3,0.0,0.0,0.0,0,0,0,2024-25,False,0.0,0.0,0.0,0.0,0.0,0.0,0.0,27.0,0.0,0.0,0.0,3.0,0.0,False
610,Moore,MID,18,no_sp,38,359,3,0,2,0.2,0.56,0,19,6.0,0.0,0.0,0,0,0,2024-25,False,0.0,0.5013927576601671,0.05013927576601671,0.1403899721448468,1.5041782729805013,0.0,0.0,4.763231197771588,2.0,0.0,0.0,6.333333333333333,0.0,False
611,Szmodics,MID,10,backup_sp,38,988,12,4,0,3.44,0.45,2,54,20.0,2.0,0.0,0,0,0,2024-25,False,0.3643724696356275,0.0,0.31336032388663965,0.040991902834008095,1.8218623481781377,0.0,0.18218623481781376,4.919028340080971,1.6666666666666667,0.0,0.16666666666666666,4.5,0.0,True
612,Odobert,MID,18,no_sp,38,843,9,1,0,1.63,0.7599999999999999,1,34,5.0,1.0,0.0,0,0,0,2024-25,False,0.10676156583629892,0.0,0.17402135231316723,0.08113879003558717,0.5338078291814946,0.0,0.10676156583629892,3.6298932384341636,0.5555555555555556,0.0,0.1111111111111111,3.7777777777777777,0.0,False
613,Collyer,MID,14,no_sp,38,174,0,0,0,0.08,0.37,0,6,0.0,0.0,0.0,0,0,0,2024-25,False,0.0,0.0,0.041379310344827586,0.19137931034482758,0.0,0.0,0.0,3.103448275862069,0.0,0.0,0.0,6.0,0.0,False
614,Metcalfe,MID,8,no_sp,38,0,0,0,0,0.0,0.0,0,0,0.0,0.0,0.0,0,0,0,2024-25,False,0.0,0.0,0.0,0.0,0.0,0.0,0.0,0.0,0.0,0.0,0.0,0.0,0.0,False
616,Nelson,DEF,11,no_sp,38,0,0,0,0,0.0,0.0,0,0,0.0,0.0,0.0,0,0,0,2024-25,False,0.0,0.0,0.0,0.0,0.0,0.0,0.0,0.0,0.0,0.0,0.0,0.0,0.0,False
617,Evanilson,FWD,3,backup_sp,37,2317,28,10,5,12.47,1.74,11,128,55.0,0.0,0.0,0,0,1,2024-25,False,0.38843331894691413,0.19421665947345707,0.48437634872680196,0.06758739749676305,2.136383254208028,0.0,0.0,4.971946482520501,1.9642857142857142,0.0,0.0,4.571428571428571,0.0,True
618,Georginio,MID,5,no_sp,37,1651,19,5,6,4.57,1.6700000000000002,6,95,43.0,6.0,0.0,0,0,0,2024-25,False,0.2725620835857056,0.32707450030284674,0.24912174439733495,0.09103573591762569,2.3440339188370682,0.0,0.32707450030284674,5.178679588128407,2.263157894736842,0.0,0.3157894736842105,5.0,0.0,True
619,Cajuste,MID,10,no_sp,37,1960,24,1,1,0.68,0.73,1,63,8.0,1.0,0.0,0,0,0,2024-25,False,0.04591836734693877,0.04591836734693877,0.031224489795918367,0.033520408163265306,0.36734693877551017,0.0,0.04591836734693877,2.892857142857143,0.3333333333333333,0.0,0.041666666666666664,2.625,0.0,True
620,Sosa,MID,16,no_sp,37,280,1,1,0,1.11,0.36,1,25,5.0,1.0,0.0,0,0,0,2024-25,False,0.3214285714285714,0.0,0.3567857142857143,0.11571428571428571,1.6071428571428572,0.0,0.3214285714285714,8.035714285714285,5.0,0.0,1.0,25.0,0.0,False
621,João Félix,MID,6,no_sp,37,362,2,1,2,2.3,0.45,1,24,11.0,1.0,0.0,0,0,0,2024-25,False,0.24861878453038674,0.4972375690607735,0.5718232044198894,0.11187845303867404,2.7348066298342544,0.0,0.24861878453038674,5.966850828729282,5.5,0.0,0.5,12.0,0.0,False
622,Berge,MID,9,no_sp,37,2221,22,0,0,0.44999999999999996,0.63,4,53,0.0,4.0,0.0,0,0,0,2024-25,False,0.0,0.0,0.018235029266096353,0.025529040972534896,0.0,0.0,0.16208914903196758,2.1476812246735704,0.0,0.0,0.18181818181818182,2.409090909090909,0.0,True
623,M.Fernandes,MID,17,backup_sp,37,2911,32,2,4,4.12,3.62,5,95,22.0,5.0,0.0,0,0,0,2024-25,False,0.061834421161113026,0.12366884232222605,0.12737890759189283,0.11192030230161458,0.6801786327722433,0.0,0.15458605290278257,2.937135005152869,0.6875,0.0,0.15625,2.96875,0.0,True
625,Gündogan,MID,13,backup_sp,37,2218,24,1,7,3.21,4.43,10,97,26.0,10.0,0.0,0,0,0,2024-25,False,0.0405770964833183,0.2840396753832281,0.13025247971145176,0.17975653742110007,1.0550045085662758,0.0,0.40577096483318303,3.9359783588818753,1.0833333333333333,0.0,0.4166666666666667,4.041666666666667,0.0,True
626,Kaboré,DEF,13,no_sp,37,0,0,0,0,0.0,0.0,0,0,0.0,0.0,0.0,0,0,0,2024-25,False,0.0,0.0,0.0,0.0,0.0,0.0,0.0,0.0,0.0,0.0,0.0,0.0,0.0,False
627,Dixon,DEF,8,no_sp,37,90,1,0,0,0.0,0.0,0,0,0.0,0.0,0.0,0,0,0,2024-25,False,0.0,0.0,0.0,0.0,0.0,0.0,0.0,0.0,0.0,0.0,0.0,0.0,0.0,False
628,F.Kadıoğlu,DEF,5,no_sp,36,385,4,1,0,0.44,0.31,2,19,6.0,8.0,0.0,0,0,0,2024-25,False,0.23376623376623376,0.0,0.10285714285714286,0.07246753246753247,1.4025974025974026,0.0,1.87012987012987,4.441558441558442,1.5,0.0,2.0,4.75,0.0,False
629,O'Riley,MID,5,corner_primary,36,929,9,2,3,2.76,2.04,2,50,19.0,2.0,0.0,0,0,0,2024-25,False,0.193756727664155,0.2906350914962325,0.26738428417653387,0.1976318622174381,1.8406889128094723,0.0,0.193756727664155,4.8439181916038745,2.111111111111111,0.0,0.2222222222222222,5.555555555555555,0.0,False
630,O'Shea,DEF,10,no_sp,36,3122,35,0,2,1.29,0.67,2,49,6.0,8.0,0.0,0,0,0,2024-25,False,0.0,0.05765534913516976,0.037187700192184495,0.019314541960281872,0.17296604740550928,0.0,0.23062139654067904,1.412556053811659,0.17142857142857143,0.0,0.22857142857142856,1.4,0.0,True
631,J.Clarke,MID,10,no_sp,36,1161,10,0,4,1.1700000000000002,1.11,1,53,12.0,1.0,0.0,0,0,0,2024-25,False,0.0,0.31007751937984496,0.09069767441860466,0.08604651162790698,0.9302325581395349,0.0,0.07751937984496124,4.108527131782946,1.2,0.0,0.1,5.3,0.0,True
632,Ogbene,MID,10,no_sp,36,237,2,0,0,0.0,0.05,0,7,0.0,0.0,0.0,0,0,0,2024-25,False,0.0,0.0,0.0,0.0189873417721519,0.0,0.0,0.0,2.6582278481012658,0.0,0.0,0.0,3.5,0.0,False
633,Merino,MID,1,no_sp,36,1575,16,7,2,5.75,1.18,4,92,41.0,4.0,0.0,0,0,0,2024-25,False,0.4,0.11428571428571428,0.32857142857142857,0.06742857142857142,2.342857142857143,0.0,0.22857142857142856,5.257142857142857,2.5625,0.0,0.25,5.75,0.0,True
634,G.Nunes,MID,4,no_sp,36,11,0,0,0,0.0,0.0,0,3,0.0,0.0,0.0,0,0,0,2024-25,False,0.0,0.0,0.0,0.0,0.0,0.0,0.0,24.545454545454547,0.0,0.0,0.0,3.0,0.0,False
635,El Khannouss,MID,11,backup_sp,36,2179,24,2,4,1.29,2.85,3,83,22.0,3.0,0.0,0,0,0,2024-25,False,0.08260670032124827,0.16521340064249654,0.05328132170720514,0.11771454795777879,0.908673703533731,0.0,0.12391005048187241,3.4281780633318033,0.9166666666666666,0.0,0.125,3.4583333333333335,0.0,True
636,Chiesa,MID,12,no_sp,36,103,1,0,0,0.33999999999999997,0.15,0,7,0.0,0.0,0.0,0,0,0,2024-25,False,0.0,0.0,0.29708737864077667,0.13106796116504854,0.0,0.0,0.0,6.116504854368932,0.0,0.0,0.0,7.0,0.0,False
637,Meupiyou,DEF,20,no_sp,36,0,0,0,0,0.0,0.0,0,0,0.0,0.0,0.0,0,0,0,2024-25,False,0.0,0.0,0.0,0.0,0.0,0.0,0.0,0.0,0.0,0.0,0.0,0.0,0.0,False
638,Oulad M'hand,MID,1,no_sp,36,0,0,0,0,0.0,0.0,0,0,0.0,0.0,0.0,0,0,0,2024-25,False,0.0,0.0,0.0,0.0,0.0,0.0,0.0,0.0,0.0,0.0,0.0,0.0,0.0,False
640,Swinkels,DEF,2,no_sp,36,0,0,0,0,0.0,0.0,0,0,0.0,0.0,0.0,0,0,0,2024-25,False,0.0,0.0,0.0,0.0,0.0,0.0,0.0,0.0,0.0,0.0,0.0,0.0,0.0,False
642,André,MID,20,no_sp,36,2472,27,0,0,0.41000000000000003,0.52,7,61,0.0,7.0,0.0,0,0,0,2024-25,False,0.0,0.0,0.014927184466019419,0.018932038834951457,0.0,0.0,0.25485436893203883,2.220873786407767,0.0,0.0,0.25925925925925924,2.259259259259259,0.0,True
643,Casey,DEF,19,no_sp,36,1,0,0,0,0.0,0.0,0,1,0.0,0.0,0.0,0,0,0,2024-25,False,0.0,0.0,0.0,0.0,0.0,0.0,0.0,90.0,0.0,0.0,0.0,1.0,0.0,False
644,Umeh-Chibueze,MID,7,no_sp,36,0,0,0,0,0.0,0.0,0,0,0.0,0.0,0.0,0,0,0,2024-25,False,0.0,0.0,0.0,0.0,0.0,0.0,0.0,0.0,0.0,0.0,0.0,0.0,0.0,False
645,Devenny,MID,7,backup_sp,36,494,3,1,1,0.77,0.41000000000000003,0,34,8.0,0.0,0.0,0,0,0,2024-25,False,0.18218623481781376,0.18218623481781376,0.1402834008097166,0.07469635627530365,1.45748987854251,0.0,0.0,6.194331983805668,2.6666666666666665,0.0,0.0,11.333333333333334,0.0,False
646,Agbinone,MID,7,no_sp,36,4,0,0,0,0.02,0.01,0,2,0.0,0.0,0.0,0,0,0,2024-25,False,0.0,0.0,0.45,0.225,0.0,0.0,0.0,45.0,0.0,0.0,0.0,2.0,0.0,False
647,Rodney,MID,7,no_sp,36,0,0,0,0,0.0,0.0,0,0,0.0,0.0,0.0,0,0,0,2024-25,False,0.0,0.0,0.0,0.0,0.0,0.0,0.0,0.0,0.0,0.0,0.0,0.0,0.0,False
648,Wheatley,FWD,14,no_sp,36,0,0,0,0,0.0,0.0,0,0,0.0,0.0,0.0,0,0,0,2024-25,False,0.0,0.0,0.0,0.0,0.0,0.0,0.0,0.0,0.0,0.0,0.0,0.0,0.0,False
649,Meghoma,DEF,4,no_sp,35,4,0,0,0,0.0,0.0,0,1,0.0,0.0,0.0,0,0,0,2024-25,False,0.0,0.0,0.0,0.0,0.0,0.0,0.0,22.5,0.0,0.0,0.0,1.0,0.0,False
650,Lacroix,DEF,7,no_sp,35,3116,35,1,2,3.5,1.01,11,114,12.0,44.0,0.0,0,0,0,2024-25,False,0.028883183568677796,0.05776636713735559,0.10109114249037228,0.029172015404364572,0.3465982028241335,0.0,1.270860077021823,3.2926829268292686,0.34285714285714286,0.0,1.2571428571428571,3.257142857142857,0.0,True
651,Mangala,MID,8,no_sp,35,1257,12,1,0,1.1300000000000001,0.59,5,39,5.0,5.0,0.0,0,0,0,2024-25,False,0.07159904534606205,0.0,0.08090692124105013,0.042243436754176605,0.35799522673031026,0.0,0.35799522673031026,2.79236276849642,0.4166666666666667,0.0,0.4166666666666667,3.25,0.0,True
652,Ugarte,MID,14,no_sp,35,1777,17,1,2,1.0,0.6699999999999999,4,49,11.0,4.0,0.0,0,0,0,2024-25,False,0.050647158131682614,0.10129431626336523,0.050647158131682614,0.03393359594822735,0.5571187394485088,0.0,0.20258863252673046,2.481710748452448,0.6470588235294118,0.0,0.23529411764705882,2.8823529411764706,0.0,True
653,Morato,DEF,16,no_sp,35,891,6,0,0,0.18,0.03,3,36,0.0,12.0,0.0,0,0,0,2024-25,False,0.0,0.0,0.01818181818181818,0.00303030303030303,0.0,0.0,1.2121212121212122,3.6363636363636362,0.0,0.0,2.0,6.0,0.0,False
654,C.Soler,MID,19,backup_sp,35,1394,10,1,1,1.8499999999999999,1.9300000000000002,2,47,8.0,2.0,0.0,0,0,0,2024-25,False,0.06456241032998565,0.06456241032998565,0.11944045911047345,0.12460545193687232,0.5164992826398852,0.0,0.1291248206599713,3.034433285509326,0.8,0.0,0.2,4.7,0.0,True
655,Forbs,MID,20,no_sp,35,236,1,0,0,0.15,0.1,0,9,0.0,0.0,0.0,0,0,0,2024-25,False,0.0,0.0,0.057203389830508475,0.038135593220338986,0.0,0.0,0.0,3.4322033898305087,0.0,0.0,0.0,9.0,0.0,False
656,Young,MID,2,no_sp,35,0,0,0,0,0.0,0.0,0,0,0.0,0.0,0.0,0,0,0,2024-25,False,0.0,0.0,0.0,0.0,0.0,0.0,0.0,0.0,0.0,0.0,0.0,0.0,0.0,False
657,Kacurri,DEF,1,no_sp,35,0,0,0,0,0.0,0.0,0,0,0.0,0.0,0.0,0,0,0,2024-25,False,0.0,0.0,0.0,0.0,0.0,0.0,0.0,0.0,0.0,0.0,0.0,0.0,0.0,False
658,Heaven,DEF,14,no_sp,35,169,1,0,0,0.12,0.01,1,10,0.0,4.0,0.0,0,0,0,2024-25,False,0.0,0.0,0.06390532544378698,0.0053254437869822485,0.0,0.0,2.1301775147928996,5.325443786982248,0.0,0.0,4.0,10.0,0.0,False
659,Kabia,MID,1,no_sp,35,0,0,0,0,0.0,0.0,0,0,0.0,0.0,0.0,0,0,0,2024-25,False,0.0,0.0,0.0,0.0,0.0,0.0,0.0,0.0,0.0,0.0,0.0,0.0,0.0,False
661,Yogane,MID,4,no_sp,34,0,0,0,0,0.0,0.0,0,0,0.0,0.0,0.0,0,0,0,2024-25,False,0.0,0.0,0.0,0.0,0.0,0.0,0.0,0.0,0.0,0.0,0.0,0.0,0.0,False
662,Nichols,DEF,1,no_sp,33,0,0,0,0,0.0,0.0,0,0,0.0,0.0,0.0,0,0,0,2024-25,False,0.0,0.0,0.0,0.0,0.0,0.0,0.0,0.0,0.0,0.0,0.0,0.0,0.0,False
663,Samuels,DEF,5,no_sp,33,0,0,0,0,0.0,0.0,0,0,0.0,0.0,0.0,0,0,0,2024-25,False,0.0,0.0,0.0,0.0,0.0,0.0,0.0,0.0,0.0,0.0,0.0,0.0,0.0,False
664,Pond,DEF,20,no_sp,33,1,0,0,0,0.0,0.0,0,1,0.0,0.0,0.0,0,0,0,2024-25,False,0.0,0.0,0.0,0.0,0.0,0.0,0.0,90.0,0.0,0.0,0.0,1.0,0.0,False
665,Butler-Oyedeji,FWD,1,no_sp,32,6,0,0,0,0.07,0.0,0,1,0.0,0.0,0.0,0,0,0,2024-25,False,0.0,0.0,1.05,0.0,0.0,0.0,0.0,15.0,0.0,0.0,0.0,1.0,0.0,False
666,Kporha,DEF,7,no_sp,32,11,0,0,0,0.0,0.02,0,2,0.0,0.0,0.0,0,0,0,2024-25,False,0.0,0.0,0.0,0.16363636363636364,0.0,0.0,0.0,16.363636363636363,0.0,0.0,0.0,2.0,0.0,False
667,Fletcher,MID,14,no_sp,31,0,0,0,0,0.0,0.0,0,0,0.0,0.0,0.0,0,0,0,2024-25,False,0.0,0.0,0.0,0.0,0.0,0.0,0.0,0.0,0.0,0.0,0.0,0.0,0.0,False
670,Amass,DEF,14,no_sp,30,345,3,0,0,0.07,0.07,0,4,0.0,0.0,0.0,0,0,0,2024-25,False,0.0,0.0,0.018260869565217393,0.018260869565217393,0.0,0.0,0.0,1.0434782608695652,0.0,0.0,0.0,1.3333333333333333,0.0,False
671,Wright,MID,13,no_sp,29,0,0,0,0,0.0,0.0,0,0,0.0,0.0,0.0,0,0,0,2024-25,False,0.0,0.0,0.0,0.0,0.0,0.0,0.0,0.0,0.0,0.0,0.0,0.0,0.0,False
672,Simpson-Pusey,DEF,13,no_sp,29,95,1,0,0,0.0,0.01,0,1,0.0,0.0,0.0,0,0,0,2024-25,False,0.0,0.0,0.0,0.009473684210526316,0.0,0.0,0.0,0.9473684210526315,0.0,0.0,0.0,1.0,0.0,False
673,Fitzgerald,MID,14,no_sp,29,0,0,0,0,0.0,0.0,0,0,0.0,0.0,0.0,0,0,0,2024-25,False,0.0,0.0,0.0,0.0,0.0,0.0,0.0,0.0,0.0,0.0,0.0,0.0,0.0,False
674,Maghoma,MID,4,no_sp,29,112,0,0,0,0.12,0.04,0,8,0.0,0.0,0.0,0,0,0,2024-25,False,0.0,0.0,0.09642857142857142,0.03214285714285714,0.0,0.0,0.0,6.428571428571429,0.0,0.0,0.0,8.0,0.0,False
675,Wilson-Esbrand,DEF,13,no_sp,28,0,0,0,0,0.0,0.0,0,0,0.0,0.0,0.0,0,0,0,2024-25,False,0.0,0.0,0.0,0.0,0.0,0.0,0.0,0.0,0.0,0.0,0.0,0.0,0.0,False
676,Marsh,FWD,7,no_sp,28,0,0,0,0,0.0,0.0,0,0,0.0,0.0,0.0,0,0,0,2024-25,False,0.0,0.0,0.0,0.0,0.0,0.0,0.0,0.0,0.0,0.0,0.0,0.0,0.0,False
677,Scarles,DEF,19,no_sp,28,659,5,0,0,0.11,0.18,2,29,0.0,8.0,0.0,0,0,0,2024-25,False,0.0,0.0,0.015022761760242793,0.024582701062215478,0.0,0.0,1.0925644916540214,3.960546282245827,0.0,0.0,1.6,5.8,0.0,False
678,Bates,MID,8,no_sp,28,0,0,0,0,0.0,0.0,0,0,0.0,0.0,0.0,0,0,0,2024-25,False,0.0,0.0,0.0,0.0,0.0,0.0,0.0,0.0,0.0,0.0,0.0,0.0,0.0,False
679,Broggio,MID,2,no_sp,27,0,0,0,0,0.0,0.0,0,0,0.0,0.0,0.0,0,0,0,2024-25,False,0.0,0.0,0.0,0.0,0.0,0.0,0.0,0.0,0.0,0.0,0.0,0.0,0.0,False
680,Kinsey,DEF,3,no_sp,27,0,0,0,0,0.0,0.0,0,0,0.0,0.0,0.0,0,0,0,2024-25,False,0.0,0.0,0.0,0.0,0.0,0.0,0.0,0.0,0.0,0.0,0.0,0.0,0.0,False
681,McConville,DEF,5,no_sp,27,0,0,0,0,0.0,0.0,0,0,0.0,0.0,0.0,0,0,0,2024-25,False,0.0,0.0,0.0,0.0,0.0,0.0,0.0,0.0,0.0,0.0,0.0,0.0,0.0,False
682,Edozie,MID,20,no_sp,27,0,0,0,0,0.0,0.0,0,0,0.0,0.0,0.0,0,0,0,2024-25,False,0.0,0.0,0.0,0.0,0.0,0.0,0.0,0.0,0.0,0.0,0.0,0.0,0.0,False
683,Olusesi,MID,18,no_sp,27,0,0,0,0,0.0,0.0,0,0,0.0,0.0,0.0,0,0,0,2024-25,False,0.0,0.0,0.0,0.0,0.0,0.0,0.0,0.0,0.0,0.0,0.0,0.0,0.0,False
684,Hardy,DEF,18,no_sp,27,0,0,0,0,0.0,0.0,0,0,0.0,0.0,0.0,0,0,0,2024-25,False,0.0,0.0,0.0,0.0,0.0,0.0,0.0,0.0,0.0,0.0,0.0,0.0,0.0,False
685,Slater,DEF,5,no_sp,26,0,0,0,0,0.0,0.0,0,0,0.0,0.0,0.0,0,0,0,2024-25,False,0.0,0.0,0.0,0.0,0.0,0.0,0.0,0.0,0.0,0.0,0.0,0.0,0.0,False
686,Mayers,DEF,19,no_sp,26,0,0,0,0,0.0,0.0,0,0,0.0,0.0,0.0,0,0,0,2024-25,False,0.0,0.0,0.0,0.0,0.0,0.0,0.0,0.0,0.0,0.0,0.0,0.0,0.0,False
687,Winterburn,MID,3,no_sp,26,22,0,0,0,0.0,0.0,0,4,0.0,0.0,0.0,0,0,0,2024-25,False,0.0,0.0,0.0,0.0,0.0,0.0,0.0,16.363636363636363,0.0,0.0,0.0,4.0,0.0,False
688,Nyoni,MID,12,no_sp,26,0,0,0,0,0.0,0.0,0,0,0.0,0.0,0.0,0,0,0,2024-25,False,0.0,0.0,0.0,0.0,0.0,0.0,0.0,0.0,0.0,0.0,0.0,0.0,0.0,False
689,Williams-Barnett,MID,18,no_sp,26,0,0,0,0,0.0,0.0,0,0,0.0,0.0,0.0,0,0,0,2024-25,False,0.0,0.0,0.0,0.0,0.0,0.0,0.0,0.0,0.0,0.0,0.0,0.0,0.0,False
690,Amissah,DEF,9,no_sp,26,0,0,0,0,0.0,0.0,0,0,0.0,0.0,0.0,0,0,0,2024-25,False,0.0,0.0,0.0,0.0,0.0,0.0,0.0,0.0,0.0,0.0,0.0,0.0,0.0,False
691,Kukonki,DEF,14,no_sp,25,0,0,0,0,0.0,0.0,0,0,0.0,0.0,0.0,0,0,0,2024-25,False,0.0,0.0,0.0,0.0,0.0,0.0,0.0,0.0,0.0,0.0,0.0,0.0,0.0,False
692,Nallo,DEF,12,no_sp,25,0,0,0,0,0.0,0.0,0,0,0.0,0.0,0.0,0,0,0,2024-25,False,0.0,0.0,0.0,0.0,0.0,0.0,0.0,0.0,0.0,0.0,0.0,0.0,0.0,False
693,O'Brien-Whitmarsh,MID,17,no_sp,25,0,0,0,0,0.0,0.0,0,0,0.0,0.0,0.0,0,0,0,2024-25,False,0.0,0.0,0.0,0.0,0.0,0.0,0.0,0.0,0.0,0.0,0.0,0.0,0.0,False
694,Cartwright,MID,11,no_sp,23,0,0,0,0,0.0,0.0,0,0,0.0,0.0,0.0,0,0,0,2024-25,False,0.0,0.0,0.0,0.0,0.0,0.0,0.0,0.0,0.0,0.0,0.0,0.0,0.0,False
695,Rak-Sakyi,MID,6,no_sp,23,0,0,0,0,0.0,0.0,0,0,0.0,0.0,0.0,0,0,0,2024-25,False,0.0,0.0,0.0,0.0,0.0,0.0,0.0,0.0,0.0,0.0,0.0,0.0,0.0,False
696,George,MID,6,no_sp,23,177,1,1,1,0.2,0.26,1,17,8.0,1.0,0.0,0,0,0,2024-25,False,0.5084745762711864,0.5084745762711864,0.1016949152542373,0.1322033898305085,4.067796610169491,0.0,0.5084745762711864,8.64406779661017,8.0,0.0,1.0,17.0,0.0,False
697,Acheampong,DEF,6,no_sp,23,168,2,0,0,0.22,0.01,0,4,0.0,0.0,0.0,0,0,0,2024-25,False,0.0,0.0,0.11785714285714285,0.005357142857142857,0.0,0.0,0.0,2.142857142857143,0.0,0.0,0.0,2.0,0.0,False
698,Mubama,FWD,13,no_sp,23,27,0,0,0,0.04,0.0,0,1,0.0,0.0,0.0,0,0,0,2024-25,False,0.0,0.0,0.13333333333333333,0.0,0.0,0.0,0.0,3.3333333333333335,0.0,0.0,0.0,1.0,0.0,False
699,Dorrington,DEF,18,no_sp,23,13,0,0,0,0.0,0.0,0,1,0.0,0.0,0.0,0,0,0,2024-25,False,0.0,0.0,0.0,0.0,0.0,0.0,0.0,6.923076923076923,0.0,0.0,0.0,1.0,0.0,False
700,King,DEF,18,no_sp,23,0,0,0,0,0.0,0.0,0,0,0.0,0.0,0.0,0,0,0,2024-25,False,0.0,0.0,0.0,0.0,0.0,0.0,0.0,0.0,0.0,0.0,0.0,0.0,0.0,False
701,Orford,MID,19,no_sp,23,47,0,0,0,0.03,0.04,0,2,0.0,0.0,0.0,0,0,0,2024-25,False,0.0,0.0,0.05744680851063829,0.07659574468085106,0.0,0.0,0.0,3.829787234042553,0.0,0.0,0.0,2.0,0.0,False
702,Harris,DEF,3,no_sp,21,0,0,0,0,0.0,0.0,0,0,0.0,0.0,0.0,0,0,0,2024-25,False,0.0,0.0,0.0,0.0,0.0,0.0,0.0,0.0,0.0,0.0,0.0,0.0,0.0,False
703,Alleyne,DEF,13,no_sp,21,0,0,0,0,0.0,0.0,0,0,0.0,0.0,0.0,0,0,0,2024-25,False,0.0,0.0,0.0,0.0,0.0,0.0,0.0,0.0,0.0,0.0,0.0,0.0,0.0,False
705,Arthur,DEF,4,no_sp,21,0,0,0,0,0.0,0.0,0,0,0.0,0.0,0.0,0,0,0,2024-25,False,0.0,0.0,0.0,0.0,0.0,0.0,0.0,0.0,0.0,0.0,0.0,0.0,0.0,False
706,Abbott,DEF,16,no_sp,20,0,0,0,0,0.0,0.0,0,0,0.0,0.0,0.0,0,0,0,2024-25,False,0.0,0.0,0.0,0.0,0.0,0.0,0.0,0.0,0.0,0.0,0.0,0.0,0.0,False
707,Rees-Dottin,FWD,3,no_sp,20,1,0,0,0,0.0,0.0,0,1,0.0,0.0,0.0,0,0,0,2024-25,False,0.0,0.0,0.0,0.0,0.0,0.0,0.0,90.0,0.0,0.0,0.0,1.0,0.0,False
708,Wilson-Brown,DEF,11,no_sp,20,0,0,0,0,0.0,0.0,0,0,0.0,0.0,0.0,0,0,0,2024-25,False,0.0,0.0,0.0,0.0,0.0,0.0,0.0,0.0,0.0,0.0,0.0,0.0,0.0,False
709,Danns,FWD,12,no_sp,21,10,0,0,0,0.0,0.01,0,1,0.0,0.0,0.0,0,0,0,2024-25,False,0.0,0.0,0.0,0.09000000000000001,0.0,0.0,0.0,9.0,0.0,0.0,0.0,1.0,0.0,False
710,Jimoh,MID,2,no_sp,19,0,0,0,0,0.0,0.0,0,0,0.0,0.0,0.0,0,0,0,2024-25,False,0.0,0.0,0.0,0.0,0.0,0.0,0.0,0.0,0.0,0.0,0.0,0.0,0.0,False
711,Okoduwa,DEF,20,no_sp,19,0,0,0,0,0.0,0.0,0,0,0.0,0.0,0.0,0,0,0,2024-25,False,0.0,0.0,0.0,0.0,0.0,0.0,0.0,0.0,0.0,0.0,0.0,0.0,0.0,False
712,Akinmboni,DEF,3,no_sp,18,0,0,0,0,0.0,0.0,0,0,0.0,0.0,0.0,0,0,0,2024-25,False,0.0,0.0,0.0,0.0,0.0,0.0,0.0,0.0,0.0,0.0,0.0,0.0,0.0,False
713,Soler,DEF,3,no_sp,18,9,0,0,0,0.0,0.0,0,3,0.0,0.0,0.0,0,0,0,2024-25,False,0.0,0.0,0.0,0.0,0.0,0.0,0.0,30.0,0.0,0.0,0.0,3.0,0.0,False
714,Gómez,MID,5,no_sp,18,507,4,1,1,0.8200000000000001,1.16,0,30,8.0,0.0,0.0,0,0,0,2024-25,False,0.17751479289940827,0.17751479289940827,0.1455621301775148,0.20591715976331357,1.4201183431952662,0.0,0.0,5.325443786982248,2.0,0.0,0.0,7.5,0.0,False
715,Godfrey,DEF,10,no_sp,18,158,1,0,0,0.0,0.02,0,-1,0.0,0.0,0.0,0,0,0,2024-25,False,0.0,0.0,0.0,0.01139240506329114,0.0,0.0,0.0,-0.569620253164557,0.0,0.0,0.0,-1.0,0.0,False
717,Yang,MID,18,no_sp,18,0,0,0,0,0.0,0.0,0,0,0.0,0.0,0.0,0,0,0,2024-25,False,0.0,0.0,0.0,0.0,0.0,0.0,0.0,0.0,0.0,0.0,0.0,0.0,0.0,False
718,Welington,DEF,17,no_sp,18,478,4,0,0,0.04,0.16,1,14,0.0,4.0,0.0,0,0,0,2024-25,False,0.0,0.0,0.007531380753138076,0.030125523012552304,0.0,0.0,0.7531380753138076,2.6359832635983267,0.0,0.0,1.0,3.5,0.0,False
719,Kayi Sanda,DEF,17,no_sp,18,12,0,0,0,0.0,0.0,0,2,0.0,0.0,0.0,0,0,0,2024-25,False,0.0,0.0,0.0,0.0,0.0,0.0,0.0,15.0,0.0,0.0,0.0,2.0,0.0,False
720,Agbadou,DEF,20,no_sp,18,1410,16,1,0,0.9,0.32,4,45,6.0,16.0,0.0,0,0,0,2024-25,False,0.06382978723404256,0.0,0.057446808510638304,0.02042553191489362,0.3829787234042553,0.0,1.021276595744681,2.872340425531915,0.375,0.0,1.0,2.8125,0.0,True
722,Adu-Adjei,FWD,3,no_sp,18,0,0,0,0,0.0,0.0,0,0,0.0,0.0,0.0,0,0,0,2024-25,False,0.0,0.0,0.0,0.0,0.0,0.0,0.0,0.0,0.0,0.0,0.0,0.0,0.0,False
723,Sadi,MID,3,no_sp,18,0,0,0,0,0.0,0.0,0,0,0.0,0.0,0.0,0,0,0,2024-25,False,0.0,0.0,0.0,0.0,0.0,0.0,0.0,0.0,0.0,0.0,0.0,0.0,0.0,False
724,Sherif,FWD,8,no_sp,19,0,0,0,0,0.0,0.0,0,0,0.0,0.0,0.0,0,0,0,2024-25,False,0.0,0.0,0.0,0.0,0.0,0.0,0.0,0.0,0.0,0.0,0.0,0.0,0.0,False
725,Malen,MID,2,no_sp,17,296,2,3,0,2.15,0.15000000000000002,0,34,15.0,0.0,0.0,0,0,0,2024-25,False,0.9121621621621622,0.0,0.6537162162162162,0.045608108108108114,4.560810810810811,0.0,0.0,10.337837837837839,7.5,0.0,0.0,17.0,0.0,False
726,Coulibaly,DEF,11,no_sp,17,107,0,0,0,0.04,0.04,0,1,0.0,0.0,0.0,0,0,0,2024-25,False,0.0,0.0,0.03364485981308411,0.03364485981308411,0.0,0.0,0.0,0.8411214953271028,0.0,0.0,0.0,1.0,0.0,False
728,Silcott-Duberry,MID,3,no_sp,17,1,0,0,0,0.0,0.0,0,1,0.0,0.0,0.0,0,0,0,2024-25,False,0.0,0.0,0.0,0.0,0.0,0.0,0.0,90.0,0.0,0.0,0.0,1.0,0.0,False
729,Ajayi,MID,18,no_sp,17,0,0,0,0,0.0,0.0,0,0,0.0,0.0,0.0,0,0,0,2024-25,False,0.0,0.0,0.0,0.0,0.0,0.0,0.0,0.0,0.0,0.0,0.0,0.0,0.0,False
730,Esse,MID,7,no_sp,16,138,1,1,2,0.32,0.39,0,22,11.0,0.0,0.0,0,0,0,2024-25,False,0.6521739130434783,1.3043478260869565,0.20869565217391303,0.2543478260869565,7.173913043478261,0.0,0.0,14.347826086956522,11.0,0.0,0.0,22.0,0.0,False
731,A. Garcia,DEF,2,no_sp,16,316,2,0,0,0.04,0.49,0,8,0.0,0.0,0.0,0,0,0,2024-25,False,0.0,0.0,0.01139240506329114,0.13955696202531645,0.0,0.0,0.0,2.278481012658228,0.0,0.0,0.0,4.0,0.0,False
732,Khusanov,DEF,13,no_sp,16,503,5,0,0,0.02,0.09,2,14,0.0,8.0,0.0,0,0,0,2024-25,False,0.0,0.0,0.0035785288270377734,0.01610337972166998,0.0,0.0,1.4314115308151094,2.5049701789264414,0.0,0.0,1.6,2.8,0.0,False
733,Vitor Reis,DEF,13,no_sp,16,1,0,0,0,0.0,0.0,0,1,0.0,0.0,0.0,0,0,0,2024-25,False,0.0,0.0,0.0,0.0,0.0,0.0,0.0,90.0,0.0,0.0,0.0,1.0,0.0,False
734,Grønbæk,MID,17,no_sp,16,141,2,0,0,0.12,0.01,0,6,0.0,0.0,0.0,0,0,0,2024-25,False,0.0,0.0,0.07659574468085106,0.006382978723404256,0.0,0.0,0.0,3.8297872340425534,0.0,0.0,0.0,3.0,0.0,False
755,Marmoush,FWD,13,no_sp,16,1174,14,7,1,5.41,1.71,8,73,31.0,0.0,0.0,0,0,0,2024-25,False,0.5366269165247018,0.07666098807495741,0.4147359454855196,0.13109028960817717,2.37649063032368,0.0,0.0,5.596252129471891,2.2142857142857144,0.0,0.0,5.214285714285714,0.0,True
757,Kayode,DEF,4,no_sp,15,523,6,0,1,0.19,0.7,2,27,3.0,8.0,0.0,0,0,0,2024-25,False,0.0,0.17208413001912046,0.032695984703632885,0.12045889101338432,0.5162523900573613,0.0,1.3766730401529637,4.646271510516253,0.5,0.0,1.3333333333333333,4.5,0.0,False
758,Knight,MID,5,no_sp,15,0,0,0,0,0.0,0.0,0,0,0.0,0.0,0.0,0,0,0,2024-25,False,0.0,0.0,0.0,0.0,0.0,0.0,0.0,0.0,0.0,0.0,0.0,0.0,0.0,False
760,Cassanova,DEF,18,no_sp,15,0,0,0,0,0.0,0.0,0,0,0.0,0.0,0.0,0,0,0,2024-25,False,0.0,0.0,0.0,0.0,0.0,0.0,0.0,0.0,0.0,0.0,0.0,0.0,0.0,False
762,M.Asensio,MID,2,no_sp,14,740,7,3,2,4.43,1.16,3,44,21.0,3.0,0.0,0,0,2,2024-25,False,0.3648648648648649,0.24324324324324326,0.5387837837837838,0.14108108108108108,2.5540540540540544,0.0,0.3648648648648649,5.351351351351352,3.0,0.0,0.42857142857142855,6.285714285714286,0.0,False
763,Cashin,DEF,5,no_sp,14,19,0,0,0,0.0,0.0,0,1,0.0,0.0,0.0,0,0,0,2024-25,False,0.0,0.0,0.0,0.0,0.0,0.0,0.0,4.7368421052631575,0.0,0.0,0.0,1.0,0.0,False
765,N.Gonzalez,MID,13,no_sp,14,760,9,1,1,0.45,0.48000000000000004,6,31,8.0,6.0,0.0,0,0,0,2024-25,False,0.11842105263157894,0.11842105263157894,0.053289473684210525,0.056842105263157895,0.9473684210526315,0.0,0.7105263157894737,3.6710526315789473,0.8888888888888888,0.0,0.6666666666666666,3.4444444444444446,0.0,False
766,Dorgu,DEF,14,no_sp,14,840,7,0,0,0.43000000000000005,1.27,2,18,0.0,8.0,0.0,0,0,0,2024-25,False,0.0,0.0,0.046071428571428576,0.13607142857142857,0.0,0.0,0.8571428571428571,1.9285714285714284,0.0,0.0,1.1428571428571428,2.5714285714285716,0.0,False
767,Danso,DEF,18,no_sp,14,842,9,0,0,0.39999999999999997,0.12,1,16,0.0,4.0,0.0,0,0,0,2024-25,False,0.0,0.0,0.04275534441805225,0.012826603325415676,0.0,0.0,0.42755344418052255,1.7102137767220902,0.0,0.0,0.4444444444444444,1.7777777777777777,0.0,False
768,Tel,MID,18,no_sp,14,908,11,2,2,2.96,1.55,2,42,16.0,2.0,0.0,0,0,0,2024-25,False,0.19823788546255508,0.19823788546255508,0.2933920704845815,0.15363436123348018,1.5859030837004406,0.0,0.19823788546255508,4.1629955947136565,1.4545454545454546,0.0,0.18181818181818182,3.8181818181818183,0.0,True
769,Djiga,DEF,20,no_sp,14,65,0,0,0,0.0,0.01,0,4,0.0,0.0,0.0,0,0,0,2024-25,False,0.0,0.0,0.0,0.013846153846153847,0.0,0.0,0.0,5.538461538461538,0.0,0.0,0.0,4.0,0.0,False
770,Munetsi,MID,20,no_sp,14,1077,11,2,2,3.32,1.08,5,50,16.0,5.0,0.0,0,0,0,2024-25,False,0.1671309192200557,0.1671309192200557,0.27743732590529246,0.09025069637883008,1.3370473537604457,0.0,0.4178272980501393,4.178272980501393,1.4545454545454546,0.0,0.45454545454545453,4.545454545454546,0.0,True
771,Amougou,MID,6,no_sp,14,7,0,0,0,0.0,0.0,0,1,0.0,0.0,0.0,0,0,0,2024-25,False,0.0,0.0,0.0,0.0,0.0,0.0,0.0,12.857142857142858,0.0,0.0,0.0,1.0,0.0,False
772,Willian,MID,9,no_sp,14,251,2,0,0,0.28,0.72,1,13,0.0,1.0,0.0,0,0,0,2024-25,False,0.0,0.0,0.10039840637450201,0.25816733067729086,0.0,0.0,0.35856573705179284,4.661354581673307,0.0,0.0,0.5,6.5,0.0,False
773,Heath,MID,8,no_sp,16,0,0,0,0,0.0,0.0,0,0,0.0,0.0,0.0,0,0,0,2024-25,False,0.0,0.0,0.0,0.0,0.0,0.0,0.0,0.0,0.0,0.0,0.0,0.0,0.0,False
774,Anselmino,DEF,6,no_sp,14,0,0,0,0,0.0,0.0,0,0,0.0,0.0,0.0,0,0,0,2024-25,False,0.0,0.0,0.0,0.0,0.0,0.0,0.0,0.0,0.0,0.0,0.0,0.0,0.0,False
775,Coby Ebere,MID,8,no_sp,14,0,0,0,0,0.0,0.0,0,0,0.0,0.0,0.0,0,0,0,2024-25,False,0.0,0.0,0.0,0.0,0.0,0.0,0.0,0.0,0.0,0.0,0.0,0.0,0.0,False
776,Obi,FWD,14,no_sp,14,160,1,0,0,0.66,0.030000000000000002,0,7,0.0,0.0,0.0,0,0,0,2024-25,False,0.0,0.0,0.37125,0.016875,0.0,0.0,0.0,3.9375,0.0,0.0,0.0,7.0,0.0,False
777,Fredricson,DEF,14,no_sp,14,166,2,0,0,0.0,0.02,0,2,0.0,0.0,0.0,0,0,0,2024-25,False,0.0,0.0,0.0,0.010843373493975903,0.0,0.0,0.0,1.0843373493975903,0.0,0.0,0.0,1.0,0.0,False
778,Moorhouse,MID,14,no_sp,14,0,0,0,0,0.0,0.0,0,0,0.0,0.0,0.0,0,0,0,2024-25,False,0.0,0.0,0.0,0.0,0.0,0.0,0.0,0.0,0.0,0.0,0.0,0.0,0.0,False
779,Koné,MID,14,no_sp,14,0,0,0,0,0.0,0.0,0,0,0.0,0.0,0.0,0,0,0,2024-25,False,0.0,0.0,0.0,0.0,0.0,0.0,0.0,0.0,0.0,0.0,0.0,0.0,0.0,False
780,Morgan,FWD,4,no_sp,13,0,0,0,0,0.0,0.0,0,0,0.0,0.0,0.0,0,0,0,2024-25,False,0.0,0.0,0.0,0.0,0.0,0.0,0.0,0.0,0.0,0.0,0.0,0.0,0.0,False
781,Mheuka,FWD,6,no_sp,13,1,0,0,0,0.06,0.0,0,1,0.0,0.0,0.0,0,0,0,2024-25,False,0.0,0.0,5.3999999999999995,0.0,0.0,0.0,0.0,90.0,0.0,0.0,0.0,1.0,0.0,False
782,Samuels-Smith,DEF,6,no_sp,13,0,0,0,0,0.0,0.0,0,0,0.0,0.0,0.0,0,0,0,2024-25,False,0.0,0.0,0.0,0.0,0.0,0.0,0.0,0.0,0.0,0.0,0.0,0.0,0.0,False
784,Mané,FWD,20,no_sp,12,1,0,0,0,0.0,0.0,0,1,0.0,0.0,0.0,0,0,0,2024-25,False,0.0,0.0,0.0,0.0,0.0,0.0,0.0,90.0,0.0,0.0,0.0,1.0,0.0,False
785,Echeverri,MID,13,no_sp,11,5,0,0,0,0.0,0.01,0,1,0.0,0.0,0.0,0,0,0,2024-25,False,0.0,0.0,0.0,0.18000000000000002,0.0,0.0,0.0,18.0,0.0,0.0,0.0,1.0,0.0,False
786,Benjamin Fredrick,DEF,4,no_sp,11,0,0,0,0,0.0,0.0,0,0,0.0,0.0,0.0,0,0,0,2024-25,False,0.0,0.0,0.0,0.0,0.0,0.0,0.0,0.0,0.0,0.0,0.0,0.0,0.0,False
787,Genesis Antwi,DEF,6,no_sp,11,0,0,0,0,0.0,0.0,0,0,0.0,0.0,0.0,0,0,0,2024-25,False,0.0,0.0,0.0,0.0,0.0,0.0,0.0,0.0,0.0,0.0,0.0,0.0,0.0,False
789,Neave,FWD,15,no_sp,11,0,0,0,0,0.0,0.0,0,0,0.0,0.0,0.0,0,0,0,2024-25,False,0.0,0.0,0.0,0.0,0.0,0.0,0.0,0.0,0.0,0.0,0.0,0.0,0.0,False
790,Gower,MID,1,no_sp,9,0,0,0,0,0.0,0.0,0,0,0.0,0.0,0.0,0,0,0,2024-25,False,0.0,0.0,0.0,0.0,0.0,0.0,0.0,0.0,0.0,0.0,0.0,0.0,0.0,False
791,Charlie Tasker,DEF,5,no_sp,9,0,0,0,0,0.0,0.0,0,0,0.0,0.0,0.0,0,0,0,2024-25,False,0.0,0.0,0.0,0.0,0.0,0.0,0.0,0.0,0.0,0.0,0.0,0.0,0.0,False
792,Monga,MID,11,no_sp,8,105,0,0,0,0.16999999999999998,0.02,0,7,0.0,0.0,0.0,0,0,0,2024-25,False,0.0,0.0,0.14571428571428569,0.017142857142857144,0.0,0.0,0.0,6.0,0.0,0.0,0.0,7.0,0.0,False
793,Jack Henry-Francis,MID,1,no_sp,7,0,0,0,0,0.0,0.0,0,0,0.0,0.0,0.0,0,0,0,2024-25,False,0.0,0.0,0.0,0.0,0.0,0.0,0.0,0.0,0.0,0.0,0.0,0.0,0.0,False
794,Freddie Simmonds,DEF,5,no_sp,7,0,0,0,0,0.0,0.0,0,0,0.0,0.0,0.0,0,0,0,2024-25,False,0.0,0.0,0.0,0.0,0.0,0.0,0.0,0.0,0.0,0.0,0.0,0.0,0.0,False
795,Harry Howell,MID,5,no_sp,7,6,0,0,0,0.0,0.05,0,1,0.0,0.0,0.0,0,0,0,2024-25,False,0.0,0.0,0.0,0.75,0.0,0.0,0.0,15.0,0.0,0.0,0.0,1.0,0.0,False
796,Olabade Aluko,DEF,11,no_sp,7,1,0,0,0,0.0,0.0,0,1,0.0,0.0,0.0,0,0,0,2024-25,False,0.0,0.0,0.0,0.0,0.0,0.0,0.0,90.0,0.0,0.0,0.0,1.0,0.0,False
797,Jake Evans,MID,11,no_sp,7,21,0,0,0,0.0,0.0,0,4,0.0,0.0,0.0,0,0,0,2024-25,False,0.0,0.0,0.0,0.0,0.0,0.0,0.0,17.142857142857142,0.0,0.0,0.0,4.0,0.0,False
798,Jay Robinson,FWD,17,no_sp,7,134,1,0,0,0.07,0.53,0,5,0.0,0.0,0.0,0,0,0,2024-25,False,0.0,0.0,0.047014925373134335,0.3559701492537313,0.0,0.0,0.0,3.3582089552238803,0.0,0.0,0.0,5.0,0.0,False
799,Boniface,DEF,10,no_sp,6,0,0,0,0,0.0,0.0,0,0,0.0,0.0,0.0,0,0,0,2024-25,False,0.0,0.0,0.0,0.0,0.0,0.0,0.0,0.0,0.0,0.0,0.0,0.0,0.0,False
800,Tom Taylor,MID,10,no_sp,5,0,0,0,0,0.0,0.0,0,0,0.0,0.0,0.0,0,0,0,2024-25,False,0.0,0.0,0.0,0.0,0.0,0.0,0.0,0.0,0.0,0.0,0.0,0.0,0.0,False
801,Clarke,DEF,1,no_sp,4,0,0,0,0,0.0,0.0,0,0,0.0,0.0,0.0,0,0,0,2024-25,False,0.0,0.0,0.0,0.0,0.0,0.0,0.0,0.0,0.0,0.0,0.0,0.0,0.0,False
802,Braybrooke,MID,11,no_sp,1,0,0,0,0,0.0,0.0,0,0,0.0,0.0,0.0,0,0,0,2024-25,False,0.0,0.0,0.0,0.0,0.0,0.0,0.0,0.0,0.0,0.0,0.0,0.0,0.0,False
803,Welch,DEF,8,no_sp,1,0,0,0,0,0.0,0.0,0,0,0.0,0.0,0.0,0,0,0,2024-25,False,0.0,0.0,0.0,0.0,0.0,0.0,0.0,0.0,0.0,0.0,0.0,0.0,0.0,False
804,Moore,DEF,17,no_sp,1,0,0,0,0,0.0,0.0,0,0,0.0,0.0,0.0,0,0,0,2024-25,False,0.0,0.0,0.0,0.0,0.0,0.0,0.0,0.0,0.0,0.0,0.0,0.0,0.0,False
5,Gabriel,DEF,1,no_sp,38,2750,30,3,5,2.94,1.75,18,209,33.0,72.0,22.0,11,277,0,2025-26,True,0.09818181818181818,0.16363636363636364,0.09621818181818181,0.05727272727272727,1.0799999999999998,0.72,2.3563636363636364,6.84,1.1,0.7333333333333333,2.4,6.966666666666667,0.36666666666666664,True
6,Saliba,DEF,1,no_sp,38,2614,28,1,0,0.88,1.21,15,137,6.0,60.0,8.0,4,193,0,2025-26,True,0.03442999234889059,0.0,0.03029839326702372,0.04166029074215761,0.20657995409334354,0.2754399387911247,2.0657995409334355,4.716908951798011,0.21428571428571427,0.2857142857142857,2.142857142857143,4.892857142857143,0.14285714285714285,True
7,Calafiori,DEF,1,no_sp,38,1697,19,1,2,3.3600000000000003,0.76,13,109,12.0,52.0,0.0,0,102,0,2025-26,True,0.05303476723629936,0.10606953447259872,0.17819681791396585,0.04030642309958751,0.6364172068355922,0.0,2.7578078962875665,5.780789628756629,0.631578947368421,0.0,2.736842105263158,5.7368421052631575,0.0,True
8,J.Timber,DEF,1,no_sp,38,2452,26,3,6,4.71,1.53,13,149,36.0,52.0,6.0,3,148,0,2025-26,True,0.1101141924959217,0.2202283849918434,0.17287928221859708,0.056158238172920066,1.3213703099510603,0.2202283849918434,1.9086460032626429,5.469004893964111,1.3846153846153846,0.23076923076923078,2.0,5.730769230769231,0.11538461538461539,True
9,Kiwior,DEF,1,no_sp,38,0,0,0,0,0.0,0.0,0,0,0.0,0.0,0.0,0,0,0,2025-26,True,0.0,0.0,0.0,0.0,0.0,0.0,0.0,0.0,0.0,0.0,0.0,0.0,0.0,False
10,Lewis-Skelly,DEF,1,no_sp,38,697,5,0,0,0.1,0.2,2,29,0.0,8.0,0.0,0,25,0,2025-26,True,0.0,0.0,0.01291248206599713,0.02582496413199426,0.0,0.0,1.0329985652797704,3.744619799139168,0.0,0.0,1.6,5.8,0.0,False
11,White,DEF,1,no_sp,38,699,7,0,1,0.45,0.6900000000000001,5,45,3.0,20.0,2.0,1,53,0,2025-26,True,0.0,0.12875536480686695,0.057939914163090134,0.0888412017167382,0.38626609442060084,0.2575107296137339,2.575107296137339,5.793991416309013,0.42857142857142855,0.2857142857142857,2.857142857142857,6.428571428571429,0.14285714285714285,False
12,Zinchenko,DEF,16,no_sp,38,352,4,0,0,0.07,0.36,0,7,0.0,0.0,0.0,0,24,0,2025-26,True,0.0,0.0,0.017897727272727273,0.09204545454545454,0.0,0.0,0.0,1.7897727272727273,0.0,0.0,0.0,1.75,0.0,False
13,Clarke,DEF,1,no_sp,38,0,0,0,0,0.0,0.0,0,0,0.0,0.0,0.0,0,0,0,2025-26,True,0.0,0.0,0.0,0.0,0.0,0.0,0.0,0.0,0.0,0.0,0.0,0.0,0.0,False
14,Kacurri,DEF,1,no_sp,38,0,0,0,0,0.0,0.0,0,0,0.0,0.0,0.0,0,0,0,2025-26,True,0.0,0.0,0.0,0.0,0.0,0.0,0.0,0.0,0.0,0.0,0.0,0.0,0.0,False
15,Nichols,DEF,1,no_sp,38,0,0,0,0,0.0,0.0,0,0,0.0,0.0,0.0,0,0,0,2025-26,True,0.0,0.0,0.0,0.0,0.0,0.0,0.0,0.0,0.0,0.0,0.0,0.0,0.0,False
16,Saka,MID,1,pen_primary,38,2218,23,7,10,7.569999999999999,7.16,12,157,65.0,12.0,10.0,5,184,0,2025-26,True,0.2840396753832281,0.40577096483318303,0.3071686203787195,0.2905320108205591,2.63751127141569,0.40577096483318303,0.48692515779981965,6.370604147880973,2.8260869565217392,0.43478260869565216,0.5217391304347826,6.826086956521739,0.21739130434782608,True
17,Ødegaard,MID,1,backup_sp,38,1363,11,1,7,1.25,3.65,6,74,26.0,6.0,2.0,1,102,0,2025-26,True,0.06603081438004402,0.46221570066030815,0.08253851797505503,0.24101247248716068,1.7168011738811446,0.13206162876008803,0.39618488628026416,4.886280264123258,2.3636363636363638,0.18181818181818182,0.5454545454545454,6.7272727272727275,0.09090909090909091,True
18,Madueke,MID,1,backup_sp,38,1205,11,3,1,1.23,2.86,8,72,18.0,8.0,0.0,0,70,0,2025-26,True,0.22406639004149376,0.07468879668049792,0.09186721991701244,0.21360995850622405,1.3443983402489625,0.0,0.5975103734439834,5.37759336099585,1.6363636363636365,0.0,0.7272727272727273,6.545454545454546,0.0,True
19,Martinelli,MID,1,no_sp,38,1065,5,1,5,4.12,1.27,2,57,20.0,2.0,0.0,0,77,0,2025-26,True,0.08450704225352113,0.4225352112676056,0.348169014084507,0.10732394366197183,1.6901408450704225,0.0,0.16901408450704225,4.816901408450704,4.0,0.0,0.4,11.4,0.0,False
20,Trossard,MID,1,backup_sp,38,1997,20,6,6,5.6000000000000005,3.59,11,119,48.0,11.0,0.0,0,133,0,2025-26,True,0.2704056084126189,0.2704056084126189,0.2523785678517777,0.16179268903355032,2.1632448673009512,0.0,0.49574361542313466,5.3630445668502755,2.4,0.0,0.55,5.95,0.0,True
21,Rice,MID,1,corner_primary,38,3093,35,4,9,3.15,7.32,18,184,47.0,18.0,28.0,14,376,0,2025-26,True,0.11639185257032007,0.2618816682832202,0.09165858389912705,0.21299709020368573,1.367604267701261,0.8147429679922406,0.5237633365664404,5.354025218234724,1.3428571428571427,0.8,0.5142857142857142,5.257142857142857,0.4,True
22,Merino,MID,1,no_sp,38,1024,8,4,3,3.3600000000000003,1.45,4,67,29.0,4.0,0.0,0,113,0,2025-26,True,0.3515625,0.263671875,0.29531250000000003,0.12744140625,2.548828125,0.0,0.3515625,5.888671875,3.625,0.0,0.5,8.375,0.0,False
23,Fábio Vieira,MID,1,no_sp,38,0,0,0,0,0.0,0.0,0,0,0.0,0.0,0.0,0,0,0,2025-26,True,0.0,0.0,0.0,0.0,0.0,0.0,0.0,0.0,0.0,0.0,0.0,0.0,0.0,False
24,Nørgaard,MID,1,no_sp,38,101,0,0,0,0.08,0.04,0,7,0.0,0.0,0.0,0,16,0,2025-26,True,0.0,0.0,0.07128712871287128,0.03564356435643564,0.0,0.0,0.0,6.237623762376238,0.0,0.0,0.0,7.0,0.0,False
25,Nwaneri,MID,1,no_sp,38,165,1,0,0,0.22999999999999998,0.08,1,8,0.0,1.0,0.0,0,13,0,2025-26,True,0.0,0.0,0.12545454545454546,0.04363636363636364,0.0,0.0,0.5454545454545455,4.363636363636364,0.0,0.0,1.0,8.0,0.0,False
26,Zubimendi,MID,1,no_sp,38,2991,32,5,1,2.84,2.27,16,133,28.0,16.0,14.0,7,307,0,2025-26,True,0.15045135406218654,0.03009027081243731,0.08545636910732196,0.0683049147442327,0.8425275827482447,0.42126379137412234,0.48144433299899697,4.002006018054162,0.875,0.4375,0.5,4.15625,0.21875,True
27,Nelson,MID,5,no_sp,38,118,0,0,1,0.71,0.11,0,13,3.0,0.0,0.0,0,23,0,2025-26,True,0.0,0.7627118644067796,0.5415254237288135,0.08389830508474576,2.288135593220339,0.0,0.0,9.915254237288135,3.0,0.0,0.0,13.0,0.0,False
28,Kabia,MID,1,no_sp,38,0,0,0,0,0.0,0.0,0,0,0.0,0.0,0.0,0,0,0,2025-26,True,0.0,0.0,0.0,0.0,0.0,0.0,0.0,0.0,0.0,0.0,0.0,0.0,0.0,False
29,Sambi,MID,1,no_sp,38,0,0,0,0,0.0,0.0,0,0,0.0,0.0,0.0,0,0,0,2025-26,True,0.0,0.0,0.0,0.0,0.0,0.0,0.0,0.0,0.0,0.0,0.0,0.0,0.0,False
30,Havertz,FWD,1,no_sp,38,577,5,2,3,3.31,0.64,4,36,17.0,0.0,0.0,0,32,0,2025-26,True,0.3119584055459272,0.4679376083188908,0.5162911611785095,0.0998266897746967,2.651646447140381,0.0,0.0,5.6152512998266895,3.4,0.0,0.0,7.2,0.0,False
31,G.Jesus,FWD,1,no_sp,38,418,1,3,0,2.71,0.26,1,24,12.0,0.0,0.0,0,30,0,2025-26,True,0.6459330143540669,0.0,0.5834928229665072,0.05598086124401914,2.5837320574162677,0.0,0.0,5.167464114832535,12.0,0.0,0.0,24.0,0.0,False
36,Cash,DEF,2,backup_sp,38,3016,33,3,3,1.14,2.94,8,117,27.0,32.0,2.0,1,186,0,2025-26,True,0.08952254641909814,0.08952254641909814,0.03401856763925729,0.08773209549071617,0.8057029177718833,0.05968169761273209,0.9549071618037135,3.4913793103448274,0.8181818181818182,0.06060606060606061,0.9696969696969697,3.5454545454545454,0.030303030303030304,True
37,Digne,DEF,2,backup_sp,38,1842,19,0,7,0.67,3.28,7,97,21.0,28.0,2.0,1,113,0,2025-26,True,0.0,0.3420195439739414,0.032736156351791536,0.16026058631921825,1.0260586319218241,0.09771986970684039,1.3680781758957656,4.73941368078176,1.105263157894737,0.10526315789473684,1.4736842105263157,5.105263157894737,0.05263157894736842,True
38,Konsa,DEF,2,no_sp,38,3035,34,0,1,1.27,0.59,9,100,3.0,36.0,6.0,3,196,0,2025-26,True,0.0,0.029654036243822075,0.03766062602965404,0.017495881383855025,0.08896210873146623,0.17792421746293247,1.0675453047775947,2.9654036243822075,0.08823529411764706,0.17647058823529413,1.0588235294117647,2.9411764705882355,0.08823529411764706,True
39,Maatsen,DEF,2,no_sp,38,1590,17,0,1,1.26,2.39,2,54,3.0,8.0,4.0,2,128,0,2025-26,True,0.0,0.056603773584905655,0.07132075471698113,0.13528301886792451,0.16981132075471697,0.22641509433962262,0.45283018867924524,3.0566037735849054,0.17647058823529413,0.23529411764705882,0.47058823529411764,3.176470588235294,0.11764705882352941,True
40,Mings,DEF,2,no_sp,38,1322,14,0,1,1.3,0.42,3,50,3.0,12.0,8.0,4,107,0,2025-26,True,0.0,0.0680786686838124,0.08850226928895613,0.028593040847201212,0.2042360060514372,0.5446293494704992,0.8169440242057489,3.40393343419062,0.21428571428571427,0.5714285714285714,0.8571428571428571,3.5714285714285716,0.2857142857142857,True
41,Pau,DEF,2,no_sp,38,1673,18,0,2,1.33,0.39,5,64,6.0,20.0,4.0,2,112,0,2025-26,True,0.0,0.10759115361625822,0.07154811715481173,0.020980274955170353,0.3227734608487747,0.21518230723251644,1.0759115361625822,3.442916915720263,0.3333333333333333,0.2222222222222222,1.1111111111111112,3.5555555555555554,0.1111111111111111,True
42,A.García,DEF,2,no_sp,38,83,0,0,0,0.0,0.01,0,5,0.0,0.0,0.0,0,10,0,2025-26,True,0.0,0.0,0.0,0.010843373493975903,0.0,0.0,0.0,5.421686746987952,0.0,0.0,0.0,5.0,0.0,False
43,Alex Moreno,DEF,2,no_sp,38,0,0,0,0,0.0,0.0,0,0,0.0,0.0,0.0,0,0,0,2025-26,True,0.0,0.0,0.0,0.0,0.0,0.0,0.0,0.0,0.0,0.0,0.0,0.0,0.0,False
44,Bogarde,DEF,2,no_sp,38,1042,10,0,0,0.0,0.2,2,40,0.0,8.0,0.0,0,60,0,2025-26,True,0.0,0.0,0.0,0.01727447216890595,0.0,0.0,0.690978886756238,3.45489443378119,0.0,0.0,0.8,4.0,0.0,True
45,Sousa,DEF,2,no_sp,38,0,0,0,0,0.0,0.0,0,0,0.0,0.0,0.0,0,0,0,2025-26,True,0.0,0.0,0.0,0.0,0.0,0.0,0.0,0.0,0.0,0.0,0.0,0.0,0.0,False
46,Yasin,DEF,2,no_sp,38,0,0,0,0,0.0,0.0,0,0,0.0,0.0,0.0,0,0,0,2025-26,True,0.0,0.0,0.0,0.0,0.0,0.0,0.0,0.0,0.0,0.0,0.0,0.0,0.0,False
47,Rogers,MID,2,fk_primary,38,3280,37,10,8,6.84,4.32,9,169,74.0,9.0,2.0,1,230,0,2025-26,True,0.27439024390243905,0.21951219512195122,0.1876829268292683,0.11853658536585367,2.030487804878049,0.054878048780487805,0.24695121951219512,4.63719512195122,2.0,0.05405405405405406,0.24324324324324326,4.5675675675675675,0.02702702702702703,True
48,Tielemans,MID,2,backup_sp,38,1857,20,0,4,1.14,3.2600000000000002,4,68,12.0,4.0,4.0,2,203,0,2025-26,True,0.0,0.1938610662358643,0.05525040387722132,0.15799676898222942,0.5815831987075929,0.1938610662358643,0.1938610662358643,3.295638126009693,0.6,0.2,0.2,3.4,0.1,True
49,Bailey,MID,2,backup_sp,38,450,3,0,2,0.5,1.4600000000000002,0,21,6.0,0.0,0.0,0,48,0,2025-26,True,0.0,0.4,0.1,0.29200000000000004,1.2,0.0,0.0,4.2,2.0,0.0,0.0,7.0,0.0,False
50,Buendía,MID,2,backup_sp,38,1753,15,6,2,3.38,2.23,3,102,36.0,3.0,6.0,3,197,0,2025-26,True,0.3080433542498574,0.1026811180832858,0.173531089560753,0.11448944666286366,1.8482601254991444,0.3080433542498574,0.1540216771249287,5.236737022247576,2.4,0.4,0.2,6.8,0.2,True
51,Iling Jr,MID,2,no_sp,38,0,0,0,0,0.0,0.0,0,0,0.0,0.0,0.0,0,0,0,2025-26,True,0.0,0.0,0.0,0.0,0.0,0.0,0.0,0.0,0.0,0.0,0.0,0.0,0.0,False
52,J.Ramsey,MID,15,no_sp,38,1441,13,2,3,1.2,1.45,1,62,19.0,1.0,4.0,2,149,0,2025-26,True,0.12491325468424704,0.18736988202637056,0.07494795281054822,0.0905621096460791,1.186675919500347,0.24982650936849407,0.06245662734212352,3.8723108952116583,1.4615384615384615,0.3076923076923077,0.07692307692307693,4.769230769230769,0.15384615384615385,True
53,Malen,MID,2,no_sp,38,640,4,4,2,4.03,0.35000000000000003,1,55,26.0,1.0,0.0,0,16,0,2025-26,True,0.5625,0.28125,0.56671875,0.049218750000000006,3.65625,0.0,0.140625,7.734375,6.5,0.0,0.25,13.75,0.0,False
54,McGinn,MID,2,no_sp,38,2136,25,5,4,3.0,4.11,8,103,37.0,8.0,2.0,1,150,0,2025-26,True,0.21067415730337077,0.16853932584269662,0.12640449438202248,0.1731741573033708,1.5589887640449438,0.08426966292134831,0.33707865168539325,4.339887640449438,1.48,0.08,0.32,4.12,0.04,True
55,Barkley,MID,2,no_sp,38,844,7,3,2,1.58,1.26,1,56,21.0,1.0,2.0,1,74,0,2025-26,True,0.31990521327014215,0.21327014218009477,0.16848341232227487,0.13436018957345972,2.2393364928909953,0.21327014218009477,0.10663507109004738,5.971563981042654,3.0,0.2857142857142857,0.14285714285714285,8.0,0.14285714285714285,False
56,Barrenechea,MID,2,no_sp,38,0,0,0,0,0.0,0.0,0,0,0.0,0.0,0.0,0,0,0,2025-26,True,0.0,0.0,0.0,0.0,0.0,0.0,0.0,0.0,0.0,0.0,0.0,0.0,0.0,False
57,Dobbin,MID,2,no_sp,38,0,0,0,0,0.0,0.0,0,0,0.0,0.0,0.0,0,0,0,2025-26,True,0.0,0.0,0.0,0.0,0.0,0.0,0.0,0.0,0.0,0.0,0.0,0.0,0.0,False
58,Kamara,MID,2,no_sp,38,1410,16,1,3,0.53,0.84,5,61,14.0,5.0,6.0,3,149,0,2025-26,True,0.06382978723404256,0.19148936170212766,0.033829787234042556,0.05361702127659575,0.8936170212765958,0.3829787234042553,0.3191489361702128,3.893617021276596,0.875,0.375,0.3125,3.8125,0.1875,True
59,Onana,MID,2,no_sp,38,1755,20,2,0,1.68,0.6900000000000001,6,76,10.0,6.0,14.0,7,219,0,2025-26,True,0.10256410256410256,0.0,0.08615384615384615,0.03538461538461539,0.5128205128205128,0.717948717948718,0.3076923076923077,3.8974358974358974,0.5,0.7,0.3,3.8,0.35,True
60,Broggio,MID,2,no_sp,38,0,0,0,0,0.0,0.0,0,0,0.0,0.0,0.0,0,0,0,2025-26,True,0.0,0.0,0.0,0.0,0.0,0.0,0.0,0.0,0.0,0.0,0.0,0.0,0.0,False
61,Dendoncker,MID,2,no_sp,38,0,0,0,0,0.0,0.0,0,0,0.0,0.0,0.0,0,0,0,2025-26,True,0.0,0.0,0.0,0.0,0.0,0.0,0.0,0.0,0.0,0.0,0.0,0.0,0.0,False
62,Jimoh-Aloba,MID,2,no_sp,38,8,0,0,0,0.0,0.0,0,1,0.0,0.0,0.0,0,1,0,2025-26,True,0.0,0.0,0.0,0.0,0.0,0.0,0.0,11.25,0.0,0.0,0.0,1.0,0.0,False
63,Young,MID,2,no_sp,38,0,0,0,0,0.0,0.0,0,0,0.0,0.0,0.0,0,0,0,2025-26,True,0.0,0.0,0.0,0.0,0.0,0.0,0.0,0.0,0.0,0.0,0.0,0.0,0.0,False
64,Watkins,FWD,2,backup_sp,38,2833,32,16,4,15.4,1.18,9,167,76.0,0.0,0.0,0,94,0,2025-26,True,0.5082950935404165,0.12707377338510412,0.4892340275326509,0.03748676314860572,2.4144016943169784,0.0,0.0,5.305330038828098,2.375,0.0,0.0,5.21875,0.0,True
65,Redmond,FWD,2,no_sp,38,0,0,0,0,0.0,0.0,0,0,0.0,0.0,0.0,0,0,0,2025-26,True,0.0,0.0,0.0,0.0,0.0,0.0,0.0,0.0,0.0,0.0,0.0,0.0,0.0,False
71,Zabarnyi,DEF,4,no_sp,38,0,0,0,0,0.0,0.0,0,0,0.0,0.0,0.0,0,0,0,2025-26,True,0.0,0.0,0.0,0.0,0.0,0.0,0.0,0.0,0.0,0.0,0.0,0.0,0.0,False
72,Senesi,DEF,4,no_sp,38,3288,37,0,6,1.53,4.72,11,175,18.0,44.0,52.0,26,419,0,2025-26,True,0.0,0.1642335766423358,0.04187956204379562,0.1291970802919708,0.4927007299270073,1.4233576642335768,1.2043795620437956,4.79014598540146,0.4864864864864865,1.4054054054054055,1.1891891891891893,4.72972972972973,0.7027027027027027,True
73,Smith,DEF,4,no_sp,38,1073,11,0,2,0.0,0.23,6,58,6.0,24.0,0.0,0,70,0,2025-26,True,0.0,0.16775396085740912,0.0,0.01929170549860205,0.5032618825722274,0.0,2.0130475302889095,4.864864864864865,0.5454545454545454,0.0,2.1818181818181817,5.2727272727272725,0.0,True
74,Truffert,DEF,4,no_sp,38,3378,38,1,6,1.35,3.0700000000000003,11,165,24.0,44.0,24.0,12,301,0,2025-26,True,0.026642984014209593,0.15985790408525755,0.03596802841918295,0.08179396092362345,0.6394316163410302,0.6394316163410302,1.1722912966252221,4.396092362344583,0.631578947368421,0.631578947368421,1.1578947368421053,4.342105263157895,0.3157894736842105,True
75,Akinmboni,DEF,4,no_sp,38,0,0,0,0,0.0,0.0,0,0,0.0,0.0,0.0,0,0,0,2025-26,True,0.0,0.0,0.0,0.0,0.0,0.0,0.0,0.0,0.0,0.0,0.0,0.0,0.0,False
76,Bevan,DEF,4,no_sp,38,0,0,0,0,0.0,0.0,0,0,0.0,0.0,0.0,0,0,0,2025-26,True,0.0,0.0,0.0,0.0,0.0,0.0,0.0,0.0,0.0,0.0,0.0,0.0,0.0,False
77,Hill,DEF,4,no_sp,38,2102,23,0,3,0.89,1.16,8,110,9.0,32.0,28.0,14,260,0,2025-26,True,0.0,0.12844909609895339,0.03810656517602284,0.04966698382492864,0.38534728829686016,1.1988582302568982,1.3701236917221695,4.709800190294957,0.391304347826087,1.2173913043478262,1.391304347826087,4.782608695652174,0.6086956521739131,True
78,J.Araujo,DEF,4,no_sp,38,0,0,0,0,0.0,0.0,0,0,0.0,0.0,0.0,0,0,0,2025-26,True,0.0,0.0,0.0,0.0,0.0,0.0,0.0,0.0,0.0,0.0,0.0,0.0,0.0,False
79,Mepham,DEF,4,no_sp,38,0,0,0,0,0.0,0.0,0,0,0.0,0.0,0.0,0,0,0,2025-26,True,0.0,0.0,0.0,0.0,0.0,0.0,0.0,0.0,0.0,0.0,0.0,0.0,0.0,False
80,Soler,DEF,4,no_sp,38,34,0,0,0,0.0,0.0,0,3,0.0,0.0,0.0,0,1,0,2025-26,True,0.0,0.0,0.0,0.0,0.0,0.0,0.0,7.9411764705882355,0.0,0.0,0.0,3.0,0.0,False
81,Kluivert,MID,4,pen_primary,38,945,9,2,0,2.31,1.55,4,41,10.0,4.0,0.0,0,65,0,2025-26,True,0.19047619047619047,0.0,0.22,0.14761904761904762,0.9523809523809523,0.0,0.38095238095238093,3.9047619047619047,1.1111111111111112,0.0,0.4444444444444444,4.555555555555555,0.0,False
82,Semenyo,MID,13,backup_sp,38,3200,35,17,6,11.1,3.12,12,202,103.0,12.0,6.0,3,236,1,2025-26,True,0.47812499999999997,0.16874999999999998,0.31218749999999995,0.08775,2.896875,0.16874999999999998,0.33749999999999997,5.6812499999999995,2.942857142857143,0.17142857142857143,0.34285714285714286,5.771428571428571,0.08571428571428572,True
83,O.Dango,MID,5,backup_sp,38,2271,24,7,8,7.94,4.12,6,136,59.0,6.0,4.0,2,185,0,2025-26,True,0.2774108322324967,0.31704095112285335,0.31466314398943196,0.1632760898282695,2.3381770145310434,0.15852047556142668,0.23778071334214002,5.3896961690885075,2.4583333333333335,0.16666666666666666,0.25,5.666666666666667,0.08333333333333333,True
84,Tavernier,MID,4,backup_sp,38,2732,31,7,4,9.06,4.6,11,137,47.0,11.0,6.0,3,251,0,2025-26,True,0.2306002928257687,0.13177159590043924,0.2984626647144949,0.15153733528550511,1.5483162518301612,0.19765739385065886,0.3623718887262079,4.513177159590044,1.5161290322580645,0.1935483870967742,0.3548387096774194,4.419354838709677,0.0967741935483871,True
85,Adams,MID,4,no_sp,38,1769,20,2,2,0.63,0.63,7,77,16.0,7.0,14.0,7,232,0,2025-26,True,0.10175240248728096,0.10175240248728096,0.0320520067834935,0.0320520067834935,0.8140192198982477,0.7122668174109666,0.3561334087054833,3.9174674957603166,0.8,0.7,0.35,3.85,0.35,True
86,Brooks,MID,4,backup_sp,38,1188,12,1,3,5.81,3.4,5,59,14.0,5.0,0.0,0,94,0,2025-26,True,0.07575757575757576,0.2272727272727273,0.4401515151515151,0.25757575757575757,1.0606060606060606,0.0,0.3787878787878788,4.46969696969697,1.1666666666666667,0.0,0.4166666666666667,4.916666666666667,0.0,True
87,Christie,MID,4,backup_sp,38,978,7,2,1,1.81,0.79,3,47,13.0,3.0,2.0,1,123,0,2025-26,True,0.18404907975460122,0.09202453987730061,0.16656441717791412,0.07269938650306748,1.196319018404908,0.18404907975460122,0.2760736196319018,4.325153374233128,1.8571428571428572,0.2857142857142857,0.42857142857142855,6.714285714285714,0.14285714285714285,False
88,Cook,MID,4,backup_sp,38,872,8,0,1,0.07,0.52,1,40,3.0,1.0,14.0,7,143,0,2025-26,True,0.0,0.10321100917431193,0.007224770642201836,0.053669724770642205,0.3096330275229358,1.444954128440367,0.10321100917431193,4.128440366972478,0.375,1.75,0.125,5.0,0.875,False
89,Philip,MID,4,no_sp,38,0,0,0,0,0.0,0.0,0,0,0.0,0.0,0.0,0,0,0,2025-26,True,0.0,0.0,0.0,0.0,0.0,0.0,0.0,0.0,0.0,0.0,0.0,0.0,0.0,False
90,Scott,MID,4,backup_sp,38,2848,33,3,2,3.8000000000000003,2.94,11,136,21.0,11.0,30.0,15,386,0,2025-26,True,0.09480337078651685,0.06320224719101124,0.12008426966292135,0.09290730337078651,0.663623595505618,0.9480337078651685,0.3476123595505618,4.297752808988764,0.6363636363636364,0.9090909090909091,0.3333333333333333,4.121212121212121,0.45454545454545453,True
91,Sinisterra,MID,4,no_sp,38,0,0,0,0,0.0,0.0,0,0,0.0,0.0,0.0,0,0,0,2025-26,True,0.0,0.0,0.0,0.0,0.0,0.0,0.0,0.0,0.0,0.0,0.0,0.0,0.0,False
92,Faivre,MID,4,no_sp,38,0,0,0,0,0.0,0.0,0,0,0.0,0.0,0.0,0,0,0,2025-26,True,0.0,0.0,0.0,0.0,0.0,0.0,0.0,0.0,0.0,0.0,0.0,0.0,0.0,False
93,H.Traorè,MID,4,no_sp,38,16,0,0,1,0.0,0.0,0,4,3.0,0.0,0.0,0,4,0,2025-26,True,0.0,5.625,0.0,0.0,16.875,0.0,0.0,22.5,3.0,0.0,0.0,4.0,0.0,False
94,Sadi,MID,4,no_sp,38,0,0,0,0,0.0,0.0,0,0,0.0,0.0,0.0,0,0,0,2025-26,True,0.0,0.0,0.0,0.0,0.0,0.0,0.0,0.0,0.0,0.0,0.0,0.0,0.0,False
95,Silcott-Duberry,MID,4,no_sp,38,0,0,0,0,0.0,0.0,0,0,0.0,0.0,0.0,0,0,0,2025-26,True,0.0,0.0,0.0,0.0,0.0,0.0,0.0,0.0,0.0,0.0,0.0,0.0,0.0,False
96,Winterburn,MID,4,no_sp,38,6,0,0,0,0.0,0.0,0,1,0.0,0.0,0.0,0,0,0,2025-26,True,0.0,0.0,0.0,0.0,0.0,0.0,0.0,15.0,0.0,0.0,0.0,1.0,0.0,False
97,Evanilson,FWD,4,no_sp,38,2741,30,6,7,10.64,1.48,11,115,45.0,0.0,0.0,0,135,0,2025-26,True,0.19700839109813936,0.22984312294782927,0.3493615468807005,0.04859540313754104,1.4775629332360452,0.0,0.0,3.775994162714338,1.5,0.0,0.0,3.8333333333333335,0.0,True
98,Enes Ünal,FWD,4,fk_primary,38,214,0,1,0,2.0,0.07,0,27,4.0,0.0,0.0,0,23,0,2025-26,True,0.4205607476635514,0.0,0.8411214953271028,0.0294392523364486,1.6822429906542056,0.0,0.0,11.355140186915888,4.0,0.0,0.0,27.0,0.0,False
99,Adu-Adjei,FWD,4,no_sp,38,0,0,0,0,0.0,0.0,0,0,0.0,0.0,0.0,0,0,0,2025-26,True,0.0,0.0,0.0,0.0,0.0,0.0,0.0,0.0,0.0,0.0,0.0,0.0,0.0,False
100,Kroupi.Jr,FWD,4,backup_sp,38,1663,20,13,0,8.31,1.51,10,113,52.0,0.0,0.0,0,112,0,2025-26,True,0.703547805171377,0.0,0.44972940469031875,0.08171978352375225,2.814191220685508,0.0,0.0,6.115453998797354,2.6,0.0,0.0,5.65,0.0,True
106,Collins,DEF,5,no_sp,38,2971,32,1,2,2.24,1.71,9,129,12.0,36.0,32.0,16,319,0,2025-26,True,0.030292830696735103,0.06058566139347021,0.06785594076068664,0.05180074049141703,0.3635139683608212,0.9693705822955233,1.0905419050824638,3.9077751598788284,0.375,1.0,1.125,4.03125,0.5,True
107,Lewis-Potter,DEF,5,fk_primary,38,1960,21,3,4,3.0100000000000002,2.5100000000000002,9,115,30.0,36.0,0.0,0,74,0,2025-26,True,0.1377551020408163,0.18367346938775508,0.1382142857142857,0.11525510204081633,1.3775510204081631,0.0,1.6530612244897958,5.280612244897959,1.4285714285714286,0.0,1.7142857142857142,5.476190476190476,0.0,True
108,Ajer,DEF,5,no_sp,38,1805,19,0,2,0.69,0.73,5,76,6.0,20.0,18.0,9,192,0,2025-26,True,0.0,0.09972299168975068,0.034404432132963986,0.036398891966759,0.29916897506925205,0.8975069252077562,0.9972299168975068,3.789473684210526,0.3157894736842105,0.9473684210526315,1.0526315789473684,4.0,0.47368421052631576,True
109,Henry,DEF,5,no_sp,38,1322,13,0,2,0.18,0.54,4,52,6.0,16.0,0.0,0,68,0,2025-26,True,0.0,0.1361573373676248,0.012254160363086233,0.036762481089258704,0.4084720121028744,0.0,1.0892586989409985,3.540090771558245,0.46153846153846156,0.0,1.2307692307692308,4.0,0.0,True
110,Kayode,DEF,5,no_sp,38,3258,37,1,2,1.28,2.89,10,113,12.0,40.0,6.0,3,219,0,2025-26,True,0.027624309392265192,0.055248618784530384,0.03535911602209944,0.07983425414364641,0.3314917127071823,0.16574585635359115,1.1049723756906076,3.1215469613259668,0.32432432432432434,0.16216216216216217,1.0810810810810811,3.054054054054054,0.08108108108108109,True
111,Pinnock,DEF,5,no_sp,38,318,4,0,0,0.01,0.06,1,14,0.0,4.0,4.0,2,42,0,2025-26,True,0.0,0.0,0.0028301886792452833,0.016981132075471698,0.0,1.1320754716981132,1.1320754716981132,3.9622641509433962,0.0,1.0,1.0,3.5,0.5,False
112,Roerslev,DEF,5,no_sp,38,0,0,0,0,0.0,0.0,0,0,0.0,0.0,0.0,0,0,0,2025-26,True,0.0,0.0,0.0,0.0,0.0,0.0,0.0,0.0,0.0,0.0,0.0,0.0,0.0,False
113,Van den Berg,DEF,5,no_sp,38,2761,30,0,3,3.36,1.45,8,113,9.0,32.0,24.0,12,272,0,2025-26,True,0.0,0.09779065555957986,0.10952553422672945,0.0472654835204636,0.2933719666787396,0.7823252444766389,1.0431003259688518,3.6834480260775084,0.3,0.8,1.0666666666666667,3.7666666666666666,0.4,True
114,Arthur,DEF,5,no_sp,38,0,0,0,0,0.0,0.0,0,0,0.0,0.0,0.0,0,0,0,2025-26,True,0.0,0.0,0.0,0.0,0.0,0.0,0.0,0.0,0.0,0.0,0.0,0.0,0.0,False
115,Fredrick,DEF,5,no_sp,38,0,0,0,0,0.0,0.0,0,0,0.0,0.0,0.0,0,0,0,2025-26,True,0.0,0.0,0.0,0.0,0.0,0.0,0.0,0.0,0.0,0.0,0.0,0.0,0.0,False
116,Hickey,DEF,5,no_sp,38,679,7,0,0,0.44,0.17,2,37,0.0,8.0,2.0,1,51,0,2025-26,True,0.0,0.0,0.058321060382916054,0.02253313696612666,0.0,0.2650957290132548,1.0603829160530192,4.904270986745214,0.0,0.2857142857142857,1.1428571428571428,5.285714285714286,0.14285714285714285,False
117,Ji-soo,DEF,5,no_sp,38,0,0,0,0,0.0,0.0,0,0,0.0,0.0,0.0,0,0,0,2025-26,True,0.0,0.0,0.0,0.0,0.0,0.0,0.0,0.0,0.0,0.0,0.0,0.0,0.0,False
118,Meghoma,DEF,5,no_sp,38,0,0,0,0,0.0,0.0,0,0,0.0,0.0,0.0,0,0,0,2025-26,True,0.0,0.0,0.0,0.0,0.0,0.0,0.0,0.0,0.0,0.0,0.0,0.0,0.0,False
119,Mbeumo,MID,14,backup_sp,38,2611,31,11,3,11.98,4.99,8,148,64.0,8.0,0.0,0,139,0,2025-26,True,0.37916507085407886,0.10340865568747605,0.4129452317119877,0.1720030639601685,2.2060513213328226,0.0,0.2757564151666028,5.101493680582152,2.064516129032258,0.0,0.25806451612903225,4.774193548387097,0.0,True
120,Schade,MID,5,backup_sp,38,2744,30,8,5,12.08,2.05,11,125,55.0,11.0,0.0,0,190,1,2025-26,True,0.2623906705539359,0.16399416909620992,0.39620991253644317,0.06723760932944606,1.803935860058309,0.0,0.3607871720116618,4.099854227405248,1.8333333333333333,0.0,0.36666666666666664,4.166666666666667,0.0,True
121,Damsgaard,MID,5,backup_sp,38,2046,22,4,4,2.6100000000000003,5.43,5,113,32.0,5.0,12.0,6,241,0,2025-26,True,0.1759530791788856,0.1759530791788856,0.11480938416422289,0.23885630498533722,1.407624633431085,0.5278592375366569,0.21994134897360704,4.970674486803519,1.4545454545454546,0.5454545454545454,0.22727272727272727,5.136363636363637,0.2727272727272727,True
122,Milambo,MID,5,no_sp,38,45,0,0,0,0.0,0.01,0,1,0.0,0.0,0.0,0,4,0,2025-26,True,0.0,0.0,0.0,0.02,0.0,0.0,0.0,2.0,0.0,0.0,0.0,1.0,0.0,False
123,Carvalho,MID,5,backup_sp,38,100,1,1,0,0.7000000000000001,0.03,0,13,5.0,0.0,0.0,0,8,0,2025-26,True,0.8999999999999999,0.0,0.63,0.026999999999999996,4.5,0.0,0.0,11.7,5.0,0.0,0.0,13.0,0.0,False
124,Henderson,MID,5,no_sp,38,1911,19,1,3,0.33,2.31,6,76,14.0,6.0,6.0,3,183,0,2025-26,True,0.04709576138147566,0.14128728414442698,0.01554160125588697,0.1087912087912088,0.6593406593406593,0.28257456828885397,0.28257456828885397,3.5792778649921506,0.7368421052631579,0.3157894736842105,0.3157894736842105,4.0,0.15789473684210525,True
125,Janelt,MID,5,backup_sp,38,1434,15,1,4,0.8200000000000001,2.27,5,74,17.0,5.0,14.0,7,183,0,2025-26,True,0.06276150627615062,0.2510460251046025,0.05146443514644352,0.1424686192468619,1.0669456066945606,0.8786610878661087,0.3138075313807531,4.644351464435147,1.1333333333333333,0.9333333333333333,0.3333333333333333,4.933333333333334,0.4666666666666667,True
126,Jensen,MID,5,corner_primary,38,2239,26,3,2,2.21,6.0600000000000005,9,98,21.0,9.0,8.0,4,220,0,2025-26,True,0.12058954890576151,0.08039303260384101,0.08883430102724431,0.24359088878963828,0.8441268423403305,0.32157213041536403,0.36176864671728454,3.9392585975882093,0.8076923076923077,0.3076923076923077,0.34615384615384615,3.769230769230769,0.15384615384615385,True
127,Nunes,MID,5,no_sp,38,0,0,0,0,0.0,0.0,0,0,0.0,0.0,0.0,0,0,0,2025-26,True,0.0,0.0,0.0,0.0,0.0,0.0,0.0,0.0,0.0,0.0,0.0,0.0,0.0,False
128,Onyeka,MID,5,no_sp,38,88,0,0,2,0.0,0.36,0,12,6.0,0.0,0.0,0,10,0,2025-26,True,0.0,2.0454545454545454,0.0,0.36818181818181817,6.136363636363637,0.0,0.0,12.272727272727273,6.0,0.0,0.0,12.0,0.0,False
129,Yarmoliuk,MID,5,no_sp,38,2652,29,1,3,1.22,1.39,8,104,14.0,8.0,22.0,11,338,0,2025-26,True,0.03393665158371041,0.10180995475113122,0.041402714932126695,0.047171945701357465,0.47511312217194573,0.746606334841629,0.2714932126696833,3.5294117647058827,0.4827586206896552,0.7586206896551724,0.27586206896551724,3.586206896551724,0.3793103448275862,True
130,Donovan,MID,5,no_sp,38,38,0,0,0,0.09,0.01,0,4,0.0,0.0,0.0,0,5,0,2025-26,True,0.0,0.0,0.2131578947368421,0.02368421052631579,0.0,0.0,0.0,9.473684210526315,0.0,0.0,0.0,4.0,0.0,False
131,Konak,MID,5,no_sp,38,0,0,0,0,0.0,0.0,0,0,0.0,0.0,0.0,0,0,0,2025-26,True,0.0,0.0,0.0,0.0,0.0,0.0,0.0,0.0,0.0,0.0,0.0,0.0,0.0,False
132,Maghoma,MID,5,no_sp,38,0,0,0,0,0.0,0.0,0,0,0.0,0.0,0.0,0,0,0,2025-26,True,0.0,0.0,0.0,0.0,0.0,0.0,0.0,0.0,0.0,0.0,0.0,0.0,0.0,False
133,Peart-Harris,MID,5,no_sp,38,1,0,0,0,0.0,0.0,0,1,0.0,0.0,0.0,0,0,0,2025-26,True,0.0,0.0,0.0,0.0,0.0,0.0,0.0,90.0,0.0,0.0,0.0,1.0,0.0,False
134,Trevitt,MID,5,no_sp,38,0,0,0,0,0.0,0.0,0,0,0.0,0.0,0.0,0,0,0,2025-26,True,0.0,0.0,0.0,0.0,0.0,0.0,0.0,0.0,0.0,0.0,0.0,0.0,0.0,False
135,Wissa,FWD,15,no_sp,38,517,4,1,1,3.1300000000000003,0.54,1,27,7.0,0.0,0.0,0,22,0,2025-26,True,0.17408123791102514,0.17408123791102514,0.5448742746615087,0.09400386847195358,1.2185686653771761,0.0,0.0,4.700193423597679,1.75,0.0,0.0,6.75,0.0,False
136,Thiago,FWD,5,backup_sp,38,3282,37,22,1,20.6,1.83,10,181,91.0,0.0,2.0,1,214,1,2025-26,True,0.603290676416819,0.027422303473491772,0.5648994515539305,0.05018281535648995,2.495429616087751,0.054844606946983544,0.0,4.963436928702011,2.4594594594594597,0.05405405405405406,0.0,4.891891891891892,0.02702702702702703,True
137,Morgan,FWD,5,no_sp,38,0,0,0,0,0.0,0.0,0,0,0.0,0.0,0.0,0,0,0,2025-26,True,0.0,0.0,0.0,0.0,0.0,0.0,0.0,0.0,0.0,0.0,0.0,0.0,0.0,False
143,Boscagli,DEF,6,backup_sp,38,799,8,0,1,0.05,0.47000000000000003,3,39,3.0,12.0,4.0,2,78,0,2025-26,True,0.0,0.11264080100125155,0.005632040050062578,0.052941176470588235,0.3379224030037547,0.4505632040050062,1.3516896120150188,4.39299123904881,0.375,0.5,1.5,4.875,0.25,False
144,Coppola,DEF,6,no_sp,38,193,2,0,0,0.0,0.01,1,10,0.0,4.0,2.0,1,18,0,2025-26,True,0.0,0.0,0.0,0.004663212435233161,0.0,0.9326424870466321,1.8652849740932642,4.663212435233161,0.0,1.0,2.0,5.0,0.5,False
145,De Cuyper,DEF,6,fk_primary,38,1404,12,2,3,1.66,4.08,5,84,21.0,20.0,0.0,0,64,0,2025-26,True,0.12820512820512822,0.19230769230769232,0.1064102564102564,0.26153846153846155,1.3461538461538463,0.0,1.2820512820512822,5.384615384615385,1.75,0.0,1.6666666666666667,7.0,0.0,True
146,Dunk,DEF,6,backup_sp,38,2837,31,1,1,1.83,0.56,7,100,9.0,28.0,16.0,8,231,0,2025-26,True,0.031723651744800845,0.031723651744800845,0.05805428269298555,0.017765244977088476,0.2855128657032076,0.5075784279168135,0.8882622488544237,3.1723651744800847,0.2903225806451613,0.5161290322580645,0.9032258064516129,3.225806451612903,0.25806451612903225,True
147,Estupiñan,DEF,6,no_sp,38,0,0,0,0,0.0,0.0,0,0,0.0,0.0,0.0,0,0,0,2025-26,True,0.0,0.0,0.0,0.0,0.0,0.0,0.0,0.0,0.0,0.0,0.0,0.0,0.0,False
148,F.Kadıoğlu,DEF,6,no_sp,38,3130,35,1,2,2.06,3.31,10,118,12.0,40.0,4.0,2,170,0,2025-26,True,0.02875399361022364,0.05750798722044728,0.059233226837060705,0.09517571884984026,0.3450479233226837,0.11501597444089456,1.1501597444089458,3.3929712460063897,0.34285714285714286,0.11428571428571428,1.1428571428571428,3.3714285714285714,0.05714285714285714,True
149,Igor,DEF,6,no_sp,38,103,1,0,0,0.0,0.0,0,6,0.0,0.0,2.0,1,13,0,2025-26,True,0.0,0.0,0.0,0.0,0.0,1.7475728155339807,0.0,5.242718446601942,0.0,2.0,0.0,6.0,1.0,False
150,Lamptey,DEF,6,no_sp,38,0,0,0,0,0.0,0.0,0,0,0.0,0.0,0.0,0,0,0,2025-26,True,0.0,0.0,0.0,0.0,0.0,0.0,0.0,0.0,0.0,0.0,0.0,0.0,0.0,False
151,Van Hecke,DEF,6,no_sp,38,3210,36,3,3,3.31,1.57,10,148,27.0,40.0,26.0,13,317,0,2025-26,True,0.08411214953271029,0.08411214953271029,0.09280373831775701,0.044018691588785054,0.7570093457943926,0.7289719626168225,1.1214953271028039,4.149532710280374,0.75,0.7222222222222222,1.1111111111111112,4.111111111111111,0.3611111111111111,True
152,Veltman,DEF,6,no_sp,38,1047,9,1,0,1.15,0.2,2,46,6.0,8.0,6.0,3,99,0,2025-26,True,0.08595988538681949,0.0,0.0988538681948424,0.017191977077363897,0.5157593123209169,0.5157593123209169,0.6876790830945559,3.9541547277936964,0.6666666666666666,0.6666666666666666,0.8888888888888888,5.111111111111111,0.3333333333333333,False
153,Webster,DEF,6,no_sp,38,0,0,0,0,0.0,0.0,0,0,0.0,0.0,0.0,0,0,0,2025-26,True,0.0,0.0,0.0,0.0,0.0,0.0,0.0,0.0,0.0,0.0,0.0,0.0,0.0,False
154,Cashin,DEF,6,no_sp,38,0,0,0,0,0.0,0.0,0,0,0.0,0.0,0.0,0,0,0,2025-26,True,0.0,0.0,0.0,0.0,0.0,0.0,0.0,0.0,0.0,0.0,0.0,0.0,0.0,False
155,Slater,DEF,6,no_sp,38,0,0,0,0,0.0,0.0,0,0,0.0,0.0,0.0,0,0,0,2025-26,True,0.0,0.0,0.0,0.0,0.0,0.0,0.0,0.0,0.0,0.0,0.0,0.0,0.0,False
156,Tasker,DEF,6,no_sp,38,0,0,0,0,0.0,0.0,0,0,0.0,0.0,0.0,0,0,0,2025-26,True,0.0,0.0,0.0,0.0,0.0,0.0,0.0,0.0,0.0,0.0,0.0,0.0,0.0,False
157,Mitoma,MID,6,no_sp,38,1714,17,3,1,4.04,2.7399999999999998,5,62,18.0,5.0,0.0,0,107,0,2025-26,True,0.15752625437572929,0.05250875145857643,0.21213535589264879,0.1438739789964994,0.9451575262543758,0.0,0.26254375729288215,3.2555425904317388,1.0588235294117647,0.0,0.29411764705882354,3.6470588235294117,0.0,True
158,Georginio,MID,6,no_sp,38,1776,18,3,5,2.9,2.9,7,87,30.0,7.0,2.0,1,131,0,2025-26,True,0.15202702702702703,0.25337837837837834,0.14695945945945946,0.14695945945945946,1.5202702702702702,0.10135135135135134,0.3547297297297297,4.408783783783783,1.6666666666666667,0.1111111111111111,0.3888888888888889,4.833333333333333,0.05555555555555555,True
159,March,MID,6,no_sp,38,38,0,0,0,0.04,0.02,0,4,0.0,0.0,0.0,0,5,0,2025-26,True,0.0,0.0,0.09473684210526316,0.04736842105263158,0.0,0.0,0.0,9.473684210526315,0.0,0.0,0.0,4.0,0.0,False
160,Minteh,MID,6,backup_sp,38,2389,25,3,8,3.81,5.0600000000000005,11,117,39.0,11.0,2.0,1,185,0,2025-26,True,0.11301799916282963,0.30138133110087906,0.14353285893679363,0.19062369192130602,1.4692339891167854,0.07534533277521976,0.4143993302637087,4.407701967350356,1.56,0.08,0.44,4.68,0.04,True
161,Enciso,MID,6,no_sp,38,0,0,0,0,0.0,0.0,0,0,0.0,0.0,0.0,0,0,0,2025-26,True,0.0,0.0,0.0,0.0,0.0,0.0,0.0,0.0,0.0,0.0,0.0,0.0,0.0,False
162,Gruda,MID,6,no_sp,38,708,7,1,1,1.86,0.88,2,35,8.0,2.0,0.0,0,58,0,2025-26,True,0.1271186440677966,0.1271186440677966,0.23644067796610171,0.11186440677966103,1.0169491525423728,0.0,0.2542372881355932,4.4491525423728815,1.1428571428571428,0.0,0.2857142857142857,5.0,0.0,False
163,Hinshelwood,MID,6,no_sp,38,1736,20,4,5,4.94,2.34,7,91,35.0,7.0,2.0,1,114,0,2025-26,True,0.20737327188940094,0.25921658986175117,0.2561059907834102,0.12131336405529954,1.8145161290322582,0.10368663594470047,0.3629032258064516,4.717741935483871,1.75,0.1,0.35,4.55,0.05,True
164,O'Riley,MID,6,backup_sp,38,202,2,1,0,1.21,0.18000000000000002,1,16,5.0,1.0,0.0,0,10,0,2025-26,True,0.44554455445544555,0.0,0.5391089108910891,0.0801980198019802,2.227722772277228,0.0,0.44554455445544555,7.128712871287129,2.5,0.0,0.5,8.0,0.0,False
165,Sima,MID,6,no_sp,38,0,0,0,0,0.0,0.0,0,0,0.0,0.0,0.0,0,0,0,2025-26,True,0.0,0.0,0.0,0.0,0.0,0.0,0.0,0.0,0.0,0.0,0.0,0.0,0.0,False
166,Ayari,MID,6,backup_sp,38,1921,20,3,4,2.7,1.1500000000000001,6,98,27.0,6.0,10.0,5,225,0,2025-26,True,0.14055179593961478,0.18740239458615304,0.12649661634565332,0.05387818844351901,1.264966163456533,0.4685059864653826,0.28110359187922956,4.591358667360749,1.35,0.5,0.3,4.9,0.25,True
167,Baleba,MID,6,no_sp,38,1646,15,0,0,0.78,0.72,7,56,0.0,7.0,8.0,4,209,0,2025-26,True,0.0,0.0,0.04264884568651276,0.0393681652490887,0.0,0.4374240583232078,0.38274605103280684,3.0619684082624548,0.0,0.5333333333333333,0.4666666666666667,3.7333333333333334,0.26666666666666666,True
168,Buonanotte,MID,11,no_sp,38,81,0,0,0,0.06,0.27999999999999997,0,3,0.0,0.0,0.0,0,6,0,2025-26,True,0.0,0.0,0.06666666666666667,0.31111111111111106,0.0,0.0,0.0,3.333333333333333,0.0,0.0,0.0,3.0,0.0,False
169,Gomez,MID,6,backup_sp,38,2117,23,5,1,6.24,1.72,8,97,28.0,8.0,6.0,3,238,0,2025-26,True,0.21256495040151158,0.042512990080302314,0.26528105810108643,0.07312234293811998,1.1903637222484649,0.25507794048181387,0.3401039206424185,4.123760037789324,1.2173913043478262,0.2608695652173913,0.34782608695652173,4.217391304347826,0.13043478260869565,True
170,Milner,MID,6,pen_primary,38,772,7,1,1,1.03,0.66,2,35,8.0,2.0,0.0,0,80,0,2025-26,True,0.11658031088082901,0.11658031088082901,0.1200777202072539,0.07694300518134715,0.9326424870466321,0.0,0.23316062176165803,4.080310880829016,1.1428571428571428,0.0,0.2857142857142857,5.0,0.0,False
171,Sarmiento,MID,6,no_sp,38,0,0,0,0,0.0,0.0,0,0,0.0,0.0,0.0,0,0,0,2025-26,True,0.0,0.0,0.0,0.0,0.0,0.0,0.0,0.0,0.0,0.0,0.0,0.0,0.0,False
172,Watson,MID,6,no_sp,38,57,0,0,0,0.04,0.030000000000000002,0,5,0.0,0.0,0.0,0,5,0,2025-26,True,0.0,0.0,0.06315789473684211,0.04736842105263159,0.0,0.0,0.0,7.894736842105264,0.0,0.0,0.0,5.0,0.0,False
173,Wieffer,MID,6,no_sp,38,1901,20,2,4,1.9200000000000002,1.86,6,94,22.0,6.0,22.0,11,269,0,2025-26,True,0.09468700683850605,0.1893740136770121,0.0908995265649658,0.08805891635981063,1.0415570752235666,1.0415570752235666,0.2840610205155181,4.450289321409784,1.1,1.1,0.3,4.7,0.55,True
174,Yalcouye,MID,6,no_sp,38,0,0,0,0,0.0,0.0,0,0,0.0,0.0,0.0,0,0,0,2025-26,True,0.0,0.0,0.0,0.0,0.0,0.0,0.0,0.0,0.0,0.0,0.0,0.0,0.0,False
175,Knight,MID,6,no_sp,38,1,0,0,0,0.0,0.0,0,1,0.0,0.0,0.0,0,0,0,2025-26,True,0.0,0.0,0.0,0.0,0.0,0.0,0.0,90.0,0.0,0.0,0.0,1.0,0.0,False
176,Mazilu,MID,6,no_sp,38,0,0,0,0,0.0,0.0,0,0,0.0,0.0,0.0,0,0,0,2025-26,True,0.0,0.0,0.0,0.0,0.0,0.0,0.0,0.0,0.0,0.0,0.0,0.0,0.0,False
177,Moran,MID,6,no_sp,38,0,0,0,0,0.0,0.0,0,0,0.0,0.0,0.0,0,0,0,2025-26,True,0.0,0.0,0.0,0.0,0.0,0.0,0.0,0.0,0.0,0.0,0.0,0.0,0.0,False
178,Welbeck,FWD,6,backup_sp,38,2249,25,13,1,12.36,1.4000000000000001,10,126,55.0,0.0,0.0,0,112,2,2025-26,True,0.5202312138728324,0.04001778568252557,0.49461983103601603,0.056024899955535806,2.200978212538906,0.0,0.0,5.042240995998222,2.2,0.0,0.0,5.04,0.0,True
179,Ferguson,FWD,6,no_sp,38,0,0,0,0,0.0,0.0,0,0,0.0,0.0,0.0,0,0,0,2025-26,True,0.0,0.0,0.0,0.0,0.0,0.0,0.0,0.0,0.0,0.0,0.0,0.0,0.0,False
180,Tzimas,FWD,6,no_sp,38,132,0,1,1,0.44000000000000006,0.11,0,16,7.0,0.0,0.0,0,15,0,2025-26,True,0.6818181818181819,0.6818181818181819,0.30000000000000004,0.07500000000000001,4.772727272727273,0.0,0.0,10.90909090909091,7.0,0.0,0.0,16.0,0.0,False
181,Kostoulas,FWD,6,no_sp,38,351,2,2,1,2.12,0.54,1,35,11.0,0.0,0.0,0,41,0,2025-26,True,0.5128205128205129,0.25641025641025644,0.5435897435897437,0.13846153846153847,2.8205128205128207,0.0,0.0,8.974358974358974,5.5,0.0,0.0,17.5,0.0,False
186,Roberts,DEF,3,no_sp,38,0,0,0,0,0.0,0.0,0,0,0.0,0.0,0.0,0,0,0,2025-26,True,0.0,0.0,0.0,0.0,0.0,0.0,0.0,0.0,0.0,0.0,0.0,0.0,0.0,False
187,Walker,DEF,3,no_sp,38,3095,34,0,2,0.15000000000000002,1.29,4,70,6.0,16.0,8.0,4,212,0,2025-26,True,0.0,0.05815831987075929,0.004361873990306948,0.03751211631663975,0.17447495961227788,0.23263327948303716,0.46526655896607433,2.035541195476575,0.17647058823529413,0.23529411764705882,0.47058823529411764,2.0588235294117645,0.11764705882352941,True
188,Delcroix,DEF,3,no_sp,38,0,0,0,0,0.0,0.0,0,0,0.0,0.0,0.0,0,0,0,2025-26,True,0.0,0.0,0.0,0.0,0.0,0.0,0.0,0.0,0.0,0.0,0.0,0.0,0.0,False
189,Dodgson,DEF,3,no_sp,38,0,0,0,0,0.0,0.0,0,0,0.0,0.0,0.0,0,0,0,2025-26,True,0.0,0.0,0.0,0.0,0.0,0.0,0.0,0.0,0.0,0.0,0.0,0.0,0.0,False
190,Ekdal,DEF,3,no_sp,38,1539,17,0,0,0.25,0.32,2,52,0.0,8.0,18.0,9,174,0,2025-26,True,0.0,0.0,0.014619883040935672,0.01871345029239766,0.0,1.0526315789473684,0.4678362573099415,3.0409356725146197,0.0,1.0588235294117647,0.47058823529411764,3.0588235294117645,0.5294117647058824,True
191,Estève,DEF,3,no_sp,38,2933,33,0,0,0.73,0.59,3,85,0.0,12.0,38.0,19,334,0,2025-26,True,0.0,0.0,0.022400272758267985,0.018104330037504262,0.0,1.1660415956358676,0.3682236617797477,2.608250937606546,0.0,1.1515151515151516,0.36363636363636365,2.5757575757575757,0.5757575757575758,True
192,Hartman,DEF,3,no_sp,38,1825,21,0,6,0.32,1.98,3,63,18.0,12.0,6.0,3,153,0,2025-26,True,0.0,0.2958904109589041,0.01578082191780822,0.09764383561643836,0.8876712328767123,0.2958904109589041,0.5917808219178082,3.106849315068493,0.8571428571428571,0.2857142857142857,0.5714285714285714,3.0,0.14285714285714285,True
193,Humphreys,DEF,3,no_sp,38,1574,18,0,2,0.42000000000000004,0.6799999999999999,2,47,6.0,8.0,12.0,6,141,0,2025-26,True,0.0,0.11435832274459976,0.02401524777636595,0.03888182973316391,0.3430749682337993,0.6861499364675986,0.457433290978399,2.6874205844980943,0.3333333333333333,0.6666666666666666,0.4444444444444444,2.611111111111111,0.3333333333333333,True
194,Jordan,DEF,3,no_sp,38,0,0,0,0,0.0,0.0,0,0,0.0,0.0,0.0,0,0,0,2025-26,True,0.0,0.0,0.0,0.0,0.0,0.0,0.0,0.0,0.0,0.0,0.0,0.0,0.0,False
195,Lucas Pires,DEF,3,no_sp,38,1405,14,0,0,0.6000000000000001,1.46,1,25,0.0,4.0,2.0,1,93,0,2025-26,True,0.0,0.0,0.03843416370106762,0.09352313167259786,0.0,0.12811387900355872,0.25622775800711745,1.601423487544484,0.0,0.14285714285714285,0.2857142857142857,1.7857142857142858,0.07142857142857142,True
196,Sambo,DEF,3,no_sp,38,0,0,0,0,0.0,0.0,0,0,0.0,0.0,0.0,0,0,0,2025-26,True,0.0,0.0,0.0,0.0,0.0,0.0,0.0,0.0,0.0,0.0,0.0,0.0,0.0,False
197,Sonne,DEF,3,no_sp,38,164,1,1,0,0.55,0.08,0,13,6.0,0.0,0.0,0,7,0,2025-26,True,0.5487804878048781,0.0,0.301829268292683,0.04390243902439025,3.2926829268292686,0.0,0.0,7.134146341463415,6.0,0.0,0.0,13.0,0.0,False
198,Tuanzebe,DEF,3,no_sp,38,1201,13,1,0,0.61,0.12,1,34,6.0,4.0,10.0,5,120,0,2025-26,True,0.07493755203996669,0.0,0.04571190674437968,0.008992506244796002,0.4496253122398001,0.7493755203996669,0.29975020815986675,2.5478767693588673,0.46153846153846156,0.7692307692307693,0.3076923076923077,2.6153846153846154,0.38461538461538464,True
199,Worrall,DEF,3,no_sp,38,496,4,0,0,0.08,0.02,0,20,0.0,0.0,6.0,3,76,0,2025-26,True,0.0,0.0,0.014516129032258065,0.0036290322580645163,0.0,1.0887096774193548,0.0,3.629032258064516,0.0,1.5,0.0,5.0,0.75,False
200,Anthony,MID,3,backup_sp,38,2717,30,8,4,5.11,2.85,4,127,52.0,4.0,2.0,1,232,0,2025-26,True,0.26499815973500185,0.13249907986750092,0.16926757453073243,0.0944055944055944,1.7224880382775118,0.06624953993375046,0.13249907986750092,4.2068457857931545,1.7333333333333334,0.06666666666666667,0.13333333333333333,4.233333333333333,0.03333333333333333,True
201,Benson,MID,3,no_sp,38,0,0,0,0,0.0,0.0,0,0,0.0,0.0,0.0,0,0,0,2025-26,True,0.0,0.0,0.0,0.0,0.0,0.0,0.0,0.0,0.0,0.0,0.0,0.0,0.0,False
202,Bruun Larsen,MID,3,backup_sp,38,1014,7,0,1,1.3699999999999999,1.1600000000000001,3,41,3.0,3.0,0.0,0,63,0,2025-26,True,0.0,0.08875739644970414,0.12159763313609466,0.10295857988165681,0.2662721893491124,0.0,0.2662721893491124,3.6390532544378695,0.42857142857142855,0.0,0.42857142857142855,5.857142857142857,0.0,False
203,Boateng,MID,3,no_sp,38,0,0,0,0,0.0,0.0,0,0,0.0,0.0,0.0,0,0,0,2025-26,True,0.0,0.0,0.0,0.0,0.0,0.0,0.0,0.0,0.0,0.0,0.0,0.0,0.0,False
204,Churlinov,MID,3,no_sp,38,0,0,0,0,0.0,0.0,0,0,0.0,0.0,0.0,0,0,0,2025-26,True,0.0,0.0,0.0,0.0,0.0,0.0,0.0,0.0,0.0,0.0,0.0,0.0,0.0,False
205,Cullen,MID,3,no_sp,38,1513,17,2,2,0.94,1.36,3,70,16.0,3.0,12.0,6,173,0,2025-26,True,0.11896893588896233,0.11896893588896233,0.05591539986781229,0.08089887640449439,0.9517514871116987,0.713813615333774,0.1784534038334435,4.163912756113682,0.9411764705882353,0.7058823529411765,0.17647058823529413,4.117647058823529,0.35294117647058826,True
206,Edwards,MID,3,backup_sp,38,1058,11,1,3,1.49,1.84,1,51,14.0,1.0,0.0,0,67,0,2025-26,True,0.08506616257088846,0.2551984877126654,0.1267485822306238,0.15652173913043477,1.1909262759924384,0.0,0.08506616257088846,4.338374291115311,1.2727272727272727,0.0,0.09090909090909091,4.636363636363637,0.0,True
207,Hannibal,MID,3,no_sp,38,1219,12,1,5,0.9099999999999999,2.08,2,59,20.0,2.0,4.0,2,111,0,2025-26,True,0.07383100902378999,0.36915504511895,0.06718621821164888,0.1535684987694832,1.4766201804758,0.29532403609515995,0.14766201804757997,4.35602953240361,1.6666666666666667,0.3333333333333333,0.16666666666666666,4.916666666666667,0.16666666666666666,True
208,Koleosho,MID,3,no_sp,38,0,0,0,0,0.0,0.0,0,0,0.0,0.0,0.0,0,0,0,2025-26,True,0.0,0.0,0.0,0.0,0.0,0.0,0.0,0.0,0.0,0.0,0.0,0.0,0.0,False
209,Laurent,MID,3,no_sp,38,1752,16,1,0,0.87,0.48,2,56,5.0,2.0,8.0,4,186,0,2025-26,True,0.051369863013698634,0.0,0.04469178082191781,0.024657534246575345,0.2568493150684932,0.4109589041095891,0.10273972602739727,2.8767123287671237,0.3125,0.5,0.125,3.5,0.25,True
210,Tchaouna,MID,3,backup_sp,38,1259,12,2,2,1.27,0.91,2,59,16.0,2.0,2.0,1,69,0,2025-26,True,0.14297061159650518,0.14297061159650518,0.09078633836378078,0.06505162827640985,1.1437648927720414,0.14297061159650518,0.14297061159650518,4.217633042096902,1.3333333333333333,0.16666666666666666,0.16666666666666666,4.916666666666667,0.08333333333333333,True
211,A.Ramsey,MID,3,no_sp,38,0,0,0,0,0.0,0.0,0,0,0.0,0.0,0.0,0,0,0,2025-26,True,0.0,0.0,0.0,0.0,0.0,0.0,0.0,0.0,0.0,0.0,0.0,0.0,0.0,False
212,Adewumi,MID,3,no_sp,38,0,0,0,0,0.0,0.0,0,0,0.0,0.0,0.0,0,0,0,2025-26,True,0.0,0.0,0.0,0.0,0.0,0.0,0.0,0.0,0.0,0.0,0.0,0.0,0.0,False
213,Banel,MID,3,no_sp,38,9,0,0,0,0.0,0.0,0,1,0.0,0.0,0.0,0,0,0,2025-26,True,0.0,0.0,0.0,0.0,0.0,0.0,0.0,10.0,0.0,0.0,0.0,1.0,0.0,False
214,Trésor,MID,3,no_sp,38,37,0,0,0,0.0,0.0,0,6,0.0,0.0,0.0,0,5,0,2025-26,True,0.0,0.0,0.0,0.0,0.0,0.0,0.0,14.594594594594595,0.0,0.0,0.0,6.0,0.0,False
215,Flemming,FWD,3,pen_primary,38,1764,20,11,0,7.9399999999999995,0.41,3,99,44.0,0.0,0.0,0,99,0,2025-26,True,0.5612244897959183,0.0,0.4051020408163265,0.020918367346938773,2.2448979591836733,0.0,0.0,5.051020408163265,2.2,0.0,0.0,4.95,0.0,True
216,Amdouni,FWD,3,no_sp,38,69,0,0,0,0.24000000000000002,0.02,0,4,0.0,0.0,0.0,0,1,0,2025-26,True,0.0,0.0,0.3130434782608696,0.02608695652173913,0.0,0.0,0.0,5.217391304347826,0.0,0.0,0.0,4.0,0.0,False
217,Foster,FWD,3,no_sp,38,1361,14,3,2,3.2199999999999998,0.37,4,58,18.0,0.0,0.0,0,85,0,2025-26,True,0.19838354151359294,0.1322556943423953,0.21293166789125642,0.02446730345334313,1.1903012490815577,0.0,0.0,3.835415135929464,1.2857142857142858,0.0,0.0,4.142857142857143,0.0,True
218,Barnes,FWD,3,backup_sp,38,40,0,0,0,0.25,0.04,0,5,0.0,0.0,0.0,0,2,0,2025-26,True,0.0,0.0,0.5625,0.09000000000000001,0.0,0.0,0.0,11.25,0.0,0.0,0.0,5.0,0.0,False
219,Obafemi,FWD,3,no_sp,38,0,0,0,0,0.0,0.0,0,0,0.0,0.0,0.0,0,0,0,2025-26,True,0.0,0.0,0.0,0.0,0.0,0.0,0.0,0.0,0.0,0.0,0.0,0.0,0.0,False
224,Cucurella,DEF,7,no_sp,38,2706,29,1,4,2.34,3.23,9,104,18.0,36.0,4.0,2,182,0,2025-26,True,0.03325942350332594,0.13303769401330376,0.0778270509977827,0.10742793791574279,0.5986696230598669,0.13303769401330376,1.1973392461197339,3.458980044345898,0.6206896551724138,0.13793103448275862,1.2413793103448276,3.586206896551724,0.06896551724137931,True
225,James,DEF,7,corner_primary,38,1957,19,2,6,1.04,3.2,8,115,30.0,32.0,4.0,2,128,0,2025-26,True,0.09197751660705161,0.27593254982115484,0.04782830863566684,0.14716402657128258,1.3796627491057742,0.18395503321410323,1.4716402657128258,5.288707204905468,1.5789473684210527,0.21052631578947367,1.6842105263157894,6.052631578947368,0.10526315789473684,True
226,Chalobah,DEF,7,no_sp,38,2780,30,3,1,1.44,1.03,9,136,21.0,36.0,28.0,14,265,0,2025-26,True,0.09712230215827337,0.03237410071942446,0.04661870503597122,0.033345323741007196,0.6798561151079137,0.9064748201438849,1.1654676258992807,4.402877697841727,0.7,0.9333333333333333,1.2,4.533333333333333,0.4666666666666667,True
227,Colwill,DEF,7,no_sp,38,225,2,0,0,0.0,0.12000000000000001,0,8,0.0,0.0,4.0,2,25,0,2025-26,True,0.0,0.0,0.0,0.048,0.0,1.6,0.0,3.2,0.0,2.0,0.0,4.0,1.0,False
228,Gusto,DEF,7,no_sp,38,2255,23,2,3,1.56,2.9699999999999998,7,96,21.0,28.0,0.0,0,126,0,2025-26,True,0.07982261640798226,0.11973392461197338,0.06226164079822616,0.11853658536585364,0.8381374722838137,0.0,1.1175166297117516,3.831485587583148,0.9130434782608695,0.0,1.2173913043478262,4.173913043478261,0.0,True
229,B.Badiashile,DEF,7,no_sp,38,470,3,0,0,0.0,0.06,0,7,0.0,0.0,2.0,1,48,0,2025-26,True,0.0,0.0,0.0,0.011489361702127658,0.0,0.3829787234042553,0.0,1.3404255319148937,0.0,0.6666666666666666,0.0,2.3333333333333335,0.3333333333333333,False
230,Fofana,DEF,7,no_sp,38,1718,18,0,2,0.72,0.6,4,65,6.0,16.0,14.0,7,206,0,2025-26,True,0.0,0.10477299185098952,0.03771827706635623,0.03143189755529686,0.31431897555296856,0.7334109429569267,0.8381839348079162,3.4051222351571595,0.3333333333333333,0.7777777777777778,0.8888888888888888,3.611111111111111,0.3888888888888889,True
231,M.Sarr,DEF,7,no_sp,38,100,1,0,0,0.35,0.0,0,3,0.0,0.0,0.0,0,8,0,2025-26,True,0.0,0.0,0.31499999999999995,0.0,0.0,0.0,0.0,2.6999999999999997,0.0,0.0,0.0,3.0,0.0,False
232,Tosin,DEF,7,no_sp,38,788,7,0,0,0.11,0.4,2,34,0.0,8.0,6.0,3,97,0,2025-26,True,0.0,0.0,0.012563451776649744,0.04568527918781726,0.0,0.6852791878172588,0.9137055837563451,3.8832487309644668,0.0,0.8571428571428571,1.1428571428571428,4.857142857142857,0.42857142857142855,False
233,Acheampong,DEF,7,no_sp,38,657,7,1,0,0.62,0.13,2,39,6.0,8.0,0.0,0,44,0,2025-26,True,0.136986301369863,0.0,0.08493150684931507,0.01780821917808219,0.8219178082191781,0.0,1.095890410958904,5.342465753424658,0.8571428571428571,0.0,1.1428571428571428,5.571428571428571,0.0,False
234,Anselmino,DEF,7,no_sp,38,0,0,0,0,0.0,0.0,0,0,0.0,0.0,0.0,0,0,0,2025-26,True,0.0,0.0,0.0,0.0,0.0,0.0,0.0,0.0,0.0,0.0,0.0,0.0,0.0,False
235,Palmer,MID,7,pen_primary,38,1954,21,10,2,10.55,2.4899999999999998,3,114,56.0,3.0,4.0,2,135,1,2025-26,True,0.46059365404298874,0.09211873080859774,0.4859263050153531,0.11468781985670418,2.579324462640737,0.18423746161719548,0.13817809621289662,5.250767656090072,2.6666666666666665,0.19047619047619047,0.14285714285714285,5.428571428571429,0.09523809523809523,True
236,Neto,MID,7,backup_sp,38,2629,30,5,7,4.59,6.84,11,125,46.0,11.0,0.0,0,122,0,2025-26,True,0.17116774438950172,0.2396348421453024,0.15713198934956257,0.23415747432483833,1.5747432483834156,0.0,0.37656903765690375,4.2791936097375425,1.5333333333333334,0.0,0.36666666666666664,4.166666666666667,0.0,True
237,Enzo,MID,7,backup_sp,38,3114,35,10,5,11.26,7.26,8,157,65.0,8.0,4.0,2,244,0,2025-26,True,0.2890173410404624,0.1445086705202312,0.32543352601156067,0.2098265895953757,1.8786127167630058,0.11560693641618497,0.23121387283236994,4.53757225433526,1.8571428571428572,0.11428571428571428,0.22857142857142856,4.485714285714286,0.05714285714285714,True
238,Estêvão,MID,7,backup_sp,38,839,7,2,5,2.91,2.14,4,58,25.0,4.0,0.0,0,56,0,2025-26,True,0.2145411203814064,0.536352800953516,0.31215733015494634,0.22955899880810487,2.6817640047675804,0.0,0.4290822407628128,6.221692491060786,3.5714285714285716,0.0,0.5714285714285714,8.285714285714286,0.0,False
239,Gittens,MID,7,no_sp,38,486,2,0,2,0.81,0.9400000000000001,1,25,6.0,1.0,0.0,0,29,0,2025-26,True,0.0,0.37037037037037035,0.15,0.17407407407407408,1.111111111111111,0.0,0.18518518518518517,4.62962962962963,3.0,0.0,0.5,12.5,0.0,False
240,Nkunku,MID,7,no_sp,38,0,0,0,0,0.0,0.0,0,0,0.0,0.0,0.0,0,0,0,2025-26,True,0.0,0.0,0.0,0.0,0.0,0.0,0.0,0.0,0.0,0.0,0.0,0.0,0.0,False
241,Caicedo,MID,7,no_sp,38,2796,31,3,1,1.45,2.38,6,110,18.0,6.0,26.0,13,366,0,2025-26,True,0.09656652360515021,0.032188841201716736,0.04667381974248927,0.07660944206008584,0.5793991416309013,0.8369098712446352,0.19313304721030042,3.540772532188841,0.5806451612903226,0.8387096774193549,0.1935483870967742,3.5483870967741935,0.41935483870967744,True
242,Dewsbury-Hall,MID,9,backup_sp,38,2629,29,8,7,4.35,5.34,8,151,61.0,8.0,10.0,5,230,0,2025-26,True,0.2738683910232027,0.2396348421453024,0.14891593761886648,0.1828071510079878,2.088246481551921,0.34233548877900344,0.2738683910232027,5.169265880562952,2.103448275862069,0.3448275862068966,0.27586206896551724,5.206896551724138,0.1724137931034483,True
243,George,MID,9,no_sp,38,351,2,0,0,0.64,1.19,1,16,0.0,1.0,0.0,0,23,0,2025-26,True,0.0,0.0,0.1641025641025641,0.3051282051282051,0.0,0.0,0.25641025641025644,4.102564102564103,0.0,0.0,0.5,8.0,0.0,False
244,Lavia,MID,7,no_sp,38,374,1,0,0,0.21000000000000002,0.55,0,13,0.0,0.0,0.0,0,37,0,2025-26,True,0.0,0.0,0.05053475935828877,0.1323529411764706,0.0,0.0,0.0,3.1283422459893044,0.0,0.0,0.0,13.0,0.0,False
245,Mudryk,MID,7,no_sp,38,0,0,0,0,0.0,0.0,0,0,0.0,0.0,0.0,0,0,0,2025-26,True,0.0,0.0,0.0,0.0,0.0,0.0,0.0,0.0,0.0,0.0,0.0,0.0,0.0,False
246,Andrey Santos,MID,7,no_sp,38,1247,11,1,0,2.0,0.88,1,47,5.0,1.0,4.0,2,129,0,2025-26,True,0.07217321571772253,0.0,0.14434643143544507,0.06351242983159583,0.36086607858861264,0.28869286287089013,0.07217321571772253,3.392141138732959,0.45454545454545453,0.36363636363636365,0.09090909090909091,4.2727272727272725,0.18181818181818182,True
247,D.Essugo,MID,7,no_sp,38,26,0,0,0,0.0,0.01,0,1,0.0,0.0,0.0,0,8,0,2025-26,True,0.0,0.0,0.0,0.03461538461538462,0.0,0.0,0.0,3.4615384615384617,0.0,0.0,0.0,1.0,0.0,False
248,Paez,MID,7,no_sp,38,0,0,0,0,0.0,0.0,0,0,0.0,0.0,0.0,0,0,0,2025-26,True,0.0,0.0,0.0,0.0,0.0,0.0,0.0,0.0,0.0,0.0,0.0,0.0,0.0,False
249,João Pedro,FWD,7,no_sp,38,2658,30,15,9,14.91,1.96,10,177,87.0,0.0,0.0,0,138,0,2025-26,True,0.5079006772009029,0.3047404063205417,0.5048532731376975,0.06636568848758465,2.945823927765237,0.0,0.0,5.993227990970654,2.9,0.0,0.0,5.9,0.0,True
250,Delap,FWD,7,no_sp,38,1092,10,1,2,4.54,0.23,2,45,10.0,0.0,0.0,0,42,0,2025-26,True,0.08241758241758242,0.16483516483516483,0.3741758241758242,0.018956043956043958,0.8241758241758242,0.0,0.0,3.708791208791209,1.0,0.0,0.0,4.5,0.0,True
251,N.Jackson,FWD,7,no_sp,38,0,0,0,0,0.0,0.0,0,0,0.0,0.0,0.0,0,0,0,2025-26,True,0.0,0.0,0.0,0.0,0.0,0.0,0.0,0.0,0.0,0.0,0.0,0.0,0.0,False
252,Marc Guiu,FWD,7,no_sp,38,265,1,0,1,1.54,0.29000000000000004,0,13,3.0,0.0,0.0,0,8,0,2025-26,True,0.0,0.33962264150943394,0.5230188679245282,0.09849056603773586,1.0188679245283019,0.0,0.0,4.415094339622641,3.0,0.0,0.0,13.0,0.0,False
256,Muñoz,DEF,8,no_sp,38,2400,26,4,4,2.45,3.94,10,136,36.0,40.0,14.0,7,196,0,2025-26,True,0.15,0.15,0.091875,0.14775,1.3499999999999999,0.525,1.5,5.1,1.3846153846153846,0.5384615384615384,1.5384615384615385,5.230769230769231,0.2692307692307692,True
257,Lacroix,DEF,8,no_sp,38,3085,34,1,2,2.45,0.8300000000000001,11,154,12.0,44.0,40.0,20,370,0,2025-26,True,0.029173419773095625,0.05834683954619125,0.07147487844408429,0.02421393841166937,0.35008103727714746,1.1669367909238249,1.2836304700162073,4.492706645056726,0.35294117647058826,1.1764705882352942,1.2941176470588236,4.529411764705882,0.5882352941176471,True
258,Mitchell,DEF,8,no_sp,38,3253,35,1,3,1.59,2.5300000000000002,12,135,15.0,48.0,12.0,6,245,0,2025-26,True,0.027666769136181987,0.08300030740854596,0.04399016292652936,0.06999692591454043,0.4150015370427298,0.3320012296341838,1.3280049185367353,3.735013833384568,0.42857142857142855,0.34285714285714286,1.3714285714285714,3.857142857142857,0.17142857142857143,True
259,Sosa,DEF,8,no_sp,38,99,0,0,0,0.04,0.06999999999999999,0,6,0.0,0.0,0.0,0,9,0,2025-26,True,0.0,0.0,0.03636363636363636,0.06363636363636363,0.0,0.0,0.0,5.454545454545454,0.0,0.0,0.0,6.0,0.0,False
260,Guéhi,DEF,13,no_sp,38,3150,35,3,5,4.05,2.37,14,179,33.0,56.0,22.0,11,278,0,2025-26,True,0.08571428571428572,0.14285714285714285,0.11571428571428571,0.06771428571428571,0.9428571428571428,0.6285714285714286,1.6,5.114285714285714,0.9428571428571428,0.6285714285714286,1.6,5.114285714285714,0.3142857142857143,True
261,Richards,DEF,8,no_sp,38,2825,31,1,0,2.42,1.56,11,128,6.0,44.0,26.0,13,311,0,2025-26,True,0.03185840707964602,0.0,0.07709734513274336,0.04969911504424779,0.1911504424778761,0.8283185840707965,1.4017699115044249,4.07787610619469,0.1935483870967742,0.8387096774193549,1.4193548387096775,4.129032258064516,0.41935483870967744,True
262,Chadi Riad,DEF,8,no_sp,38,550,6,0,1,0.32999999999999996,0.13,1,20,3.0,4.0,2.0,1,45,0,2025-26,True,0.0,0.16363636363636364,0.054,0.021272727272727276,0.49090909090909096,0.32727272727272727,0.6545454545454545,3.272727272727273,0.5,0.3333333333333333,0.6666666666666666,3.3333333333333335,0.16666666666666666,False
263,Clyne,DEF,8,no_sp,38,592,6,0,1,0.43000000000000005,0.6,0,17,3.0,0.0,0.0,0,50,0,2025-26,True,0.0,0.15202702702702703,0.06537162162162163,0.09121621621621621,0.4560810810810811,0.0,0.0,2.5844594594594597,0.5,0.0,0.0,2.8333333333333335,0.0,False
264,Holding,DEF,8,no_sp,38,0,0,0,0,0.0,0.0,0,0,0.0,0.0,0.0,0,0,0,2025-26,True,0.0,0.0,0.0,0.0,0.0,0.0,0.0,0.0,0.0,0.0,0.0,0.0,0.0,False
265,Kporha,DEF,8,no_sp,38,0,0,0,0,0.0,0.0,0,0,0.0,0.0,0.0,0,0,0,2025-26,True,0.0,0.0,0.0,0.0,0.0,0.0,0.0,0.0,0.0,0.0,0.0,0.0,0.0,False
266,Eze,MID,1,no_sp,38,1885,18,7,3,5.18,2.66,11,113,44.0,11.0,0.0,0,120,0,2025-26,True,0.33421750663129973,0.14323607427055704,0.2473209549071618,0.12700265251989393,2.10079575596817,0.0,0.5251989389920425,5.395225464190982,2.4444444444444446,0.0,0.6111111111111112,6.277777777777778,0.0,True
267,Sarr,MID,8,backup_sp,38,2173,22,9,2,10.93,1.17,9,117,51.0,9.0,0.0,0,137,0,2025-26,True,0.37275655775425676,0.08283479061205706,0.45269213069489184,0.04845835250805338,2.112287160607455,0.0,0.37275655775425676,4.845835250805338,2.3181818181818183,0.0,0.4090909090909091,5.318181818181818,0.0,True
268,Doucouré,MID,8,no_sp,38,0,0,0,0,0.0,0.0,0,0,0.0,0.0,0.0,0,0,0,2025-26,True,0.0,0.0,0.0,0.0,0.0,0.0,0.0,0.0,0.0,0.0,0.0,0.0,0.0,False
269,Esse,MID,8,no_sp,38,40,0,0,0,0.0,0.04,0,4,0.0,0.0,0.0,0,5,0,2025-26,True,0.0,0.0,0.0,0.09000000000000001,0.0,0.0,0.0,9.0,0.0,0.0,0.0,4.0,0.0,False
270,Hughes,MID,8,backup_sp,38,1560,13,0,1,1.11,1.94,5,45,3.0,5.0,0.0,0,148,0,2025-26,True,0.0,0.057692307692307696,0.06403846153846154,0.11192307692307693,0.1730769230769231,0.0,0.2884615384615385,2.5961538461538463,0.23076923076923078,0.0,0.38461538461538464,3.4615384615384617,0.0,True
271,Kamada,MID,8,backup_sp,38,1899,20,0,2,1.6400000000000001,3.24,6,67,6.0,6.0,10.0,5,208,0,2025-26,True,0.0,0.0947867298578199,0.07772511848341232,0.15355450236966825,0.2843601895734597,0.4739336492890995,0.2843601895734597,3.1753554502369665,0.3,0.5,0.3,3.35,0.25,True
272,Lerma,MID,8,no_sp,38,1722,16,0,5,1.84,1.48,7,69,15.0,7.0,8.0,4,220,0,2025-26,True,0.0,0.2613240418118467,0.0961672473867596,0.07735191637630662,0.7839721254355401,0.4181184668989547,0.36585365853658536,3.6062717770034842,0.9375,0.5,0.4375,4.3125,0.25,True
273,Wharton,MID,8,backup_sp,38,2552,28,1,6,1.52,7.47,8,112,23.0,8.0,18.0,9,303,0,2025-26,True,0.03526645768025079,0.21159874608150472,0.053605015673981196,0.26344043887147334,0.8111285266457681,0.6347962382445141,0.2821316614420063,3.949843260188088,0.8214285714285714,0.6428571428571429,0.2857142857142857,4.0,0.32142857142857145,True
274,Agbinone,MID,8,no_sp,38,0,0,0,0,0.0,0.0,0,0,0.0,0.0,0.0,0,0,0,2025-26,True,0.0,0.0,0.0,0.0,0.0,0.0,0.0,0.0,0.0,0.0,0.0,0.0,0.0,False
275,Ahamada,MID,8,no_sp,38,0,0,0,0,0.0,0.0,0,0,0.0,0.0,0.0,0,0,0,2025-26,True,0.0,0.0,0.0,0.0,0.0,0.0,0.0,0.0,0.0,0.0,0.0,0.0,0.0,False
276,Devenny,MID,8,backup_sp,38,785,7,1,0,2.38,0.39,1,36,5.0,1.0,2.0,1,72,0,2025-26,True,0.11464968152866244,0.0,0.2728662420382166,0.04471337579617835,0.5732484076433122,0.22929936305732487,0.11464968152866244,4.127388535031847,0.7142857142857143,0.2857142857142857,0.14285714285714285,5.142857142857143,0.14285714285714285,False
277,Ebiowei,MID,8,no_sp,38,0,0,0,0,0.0,0.0,0,0,0.0,0.0,0.0,0,0,0,2025-26,True,0.0,0.0,0.0,0.0,0.0,0.0,0.0,0.0,0.0,0.0,0.0,0.0,0.0,False
278,J.Rak-Sakyi,MID,8,no_sp,38,0,0,0,0,0.0,0.0,0,0,0.0,0.0,0.0,0,0,0,2025-26,True,0.0,0.0,0.0,0.0,0.0,0.0,0.0,0.0,0.0,0.0,0.0,0.0,0.0,False
279,M.França,MID,8,no_sp,38,0,0,0,0,0.0,0.0,0,0,0.0,0.0,0.0,0,0,0,2025-26,True,0.0,0.0,0.0,0.0,0.0,0.0,0.0,0.0,0.0,0.0,0.0,0.0,0.0,False
280,Ozoh,MID,8,no_sp,38,0,0,0,0,0.0,0.0,0,0,0.0,0.0,0.0,0,0,0,2025-26,True,0.0,0.0,0.0,0.0,0.0,0.0,0.0,0.0,0.0,0.0,0.0,0.0,0.0,False
281,Rodney,MID,8,no_sp,38,3,0,0,0,0.0,0.0,0,1,0.0,0.0,0.0,0,0,0,2025-26,True,0.0,0.0,0.0,0.0,0.0,0.0,0.0,30.0,0.0,0.0,0.0,1.0,0.0,False
282,Umeh,MID,8,no_sp,38,0,0,0,0,0.0,0.0,0,0,0.0,0.0,0.0,0,0,0,2025-26,True,0.0,0.0,0.0,0.0,0.0,0.0,0.0,0.0,0.0,0.0,0.0,0.0,0.0,False
283,Mateta,FWD,8,backup_sp,38,2210,23,12,0,14.42,1.32,8,114,48.0,0.0,0.0,0,125,0,2025-26,True,0.48868778280542985,0.0,0.5872398190045248,0.05375565610859728,1.9547511312217194,0.0,0.0,4.642533936651583,2.0869565217391304,0.0,0.0,4.956521739130435,0.0,True
284,Nketiah,FWD,8,no_sp,38,414,2,2,0,1.77,0.45999999999999996,0,23,8.0,0.0,0.0,0,38,0,2025-26,True,0.4347826086956522,0.0,0.38478260869565223,0.1,1.7391304347826089,0.0,0.0,5.0,4.0,0.0,0.0,11.5,0.0,False
285,Édouard,FWD,8,no_sp,38,2,0,0,0,0.0,0.0,0,1,0.0,0.0,0.0,0,1,0,2025-26,True,0.0,0.0,0.0,0.0,0.0,0.0,0.0,45.0,0.0,0.0,0.0,1.0,0.0,False
286,Marsh,FWD,8,no_sp,38,0,0,0,0,0.0,0.0,0,0,0.0,0.0,0.0,0,0,0,2025-26,True,0.0,0.0,0.0,0.0,0.0,0.0,0.0,0.0,0.0,0.0,0.0,0.0,0.0,False
290,Branthwaite,DEF,9,no_sp,38,678,7,1,1,0.33999999999999997,0.11,1,32,9.0,4.0,6.0,3,67,0,2025-26,True,0.13274336283185842,0.13274336283185842,0.04513274336283186,0.014601769911504425,1.1946902654867257,0.7964601769911505,0.5309734513274337,4.247787610619469,1.2857142857142858,0.8571428571428571,0.5714285714285714,4.571428571428571,0.42857142857142855,False
291,Tarkowski,DEF,9,no_sp,38,3330,37,2,3,2.53,2.1,11,170,21.0,44.0,44.0,22,376,0,2025-26,True,0.05405405405405406,0.08108108108108109,0.06837837837837837,0.05675675675675676,0.5675675675675675,1.1891891891891893,1.1891891891891893,4.594594594594595,0.5675675675675675,1.1891891891891893,1.1891891891891893,4.594594594594595,0.5945945945945946,True
292,Mykolenko,DEF,9,no_sp,38,2959,33,0,1,0.27999999999999997,2.46,9,95,3.0,36.0,14.0,7,231,0,2025-26,True,0.0,0.03041568097330179,0.0085163906725245,0.0748225751943224,0.09124704291990536,0.42581953362622504,1.0949645150388645,2.88948969246367,0.09090909090909091,0.42424242424242425,1.0909090909090908,2.878787878787879,0.21212121212121213,True
293,O'Brien,DEF,9,no_sp,38,3118,36,1,3,1.6700000000000002,1.0,10,116,15.0,40.0,12.0,6,231,0,2025-26,True,0.028864656831302116,0.08659397049390635,0.048203976908274535,0.028864656831302116,0.43296985246953174,0.3463758819756254,1.1545862732520846,3.3483001924310454,0.4166666666666667,0.3333333333333333,1.1111111111111112,3.2222222222222223,0.16666666666666666,True
294,Coleman,DEF,9,no_sp,38,19,0,0,0,0.0,0.17,0,5,0.0,0.0,0.0,0,2,0,2025-26,True,0.0,0.0,0.0,0.8052631578947369,0.0,0.0,0.0,23.68421052631579,0.0,0.0,0.0,5.0,0.0,False
295,Keane,DEF,9,no_sp,38,2588,29,3,1,2.3,0.49,7,131,21.0,28.0,30.0,15,302,0,2025-26,True,0.10432766615146831,0.0347758887171561,0.07998454404945904,0.01704018547140649,0.7302936630602782,1.0432766615146831,0.973724884080371,4.55564142194745,0.7241379310344828,1.0344827586206897,0.9655172413793104,4.517241379310345,0.5172413793103449,True
296,Patterson,DEF,9,no_sp,38,238,3,0,0,0.03,0.04,2,22,0.0,8.0,4.0,2,31,0,2025-26,True,0.0,0.0,0.01134453781512605,0.015126050420168067,0.0,1.5126050420168067,3.0252100840336134,8.319327731092438,0.0,1.3333333333333333,2.6666666666666665,7.333333333333333,0.6666666666666666,False
297,Dixon,DEF,9,no_sp,38,0,0,0,0,0.0,0.0,0,0,0.0,0.0,0.0,0,0,0,2025-26,True,0.0,0.0,0.0,0.0,0.0,0.0,0.0,0.0,0.0,0.0,0.0,0.0,0.0,False
298,Welch,DEF,9,no_sp,38,0,0,0,0,0.0,0.0,0,0,0.0,0.0,0.0,0,0,0,2025-26,True,0.0,0.0,0.0,0.0,0.0,0.0,0.0,0.0,0.0,0.0,0.0,0.0,0.0,False
299,Ndiaye,MID,9,pen_primary,38,2781,32,6,3,6.68,4.41,8,128,39.0,8.0,12.0,6,283,0,2025-26,True,0.1941747572815534,0.0970873786407767,0.2161812297734628,0.14271844660194175,1.2621359223300972,0.3883495145631068,0.25889967637540456,4.142394822006473,1.21875,0.375,0.25,4.0,0.1875,True
300,McNeil,MID,9,backup_sp,38,1161,12,0,3,1.37,1.91,6,53,9.0,6.0,4.0,2,111,0,2025-26,True,0.0,0.23255813953488372,0.1062015503875969,0.14806201550387596,0.6976744186046512,0.31007751937984496,0.46511627906976744,4.108527131782946,0.75,0.3333333333333333,0.5,4.416666666666667,0.16666666666666666,True
301,Alcaraz,MID,9,no_sp,38,679,7,0,1,1.17,0.54,3,29,3.0,3.0,0.0,0,70,0,2025-26,True,0.0,0.1325478645066274,0.15508100147275405,0.0715758468335788,0.3976435935198822,0.0,0.3976435935198822,3.8438880706921945,0.42857142857142855,0.0,0.42857142857142855,4.142857142857143,0.0,False
302,Gana,MID,9,no_sp,38,2094,24,2,3,1.99,1.8399999999999999,5,83,19.0,5.0,10.0,5,218,0,2025-26,True,0.08595988538681949,0.12893982808022922,0.08553008595988539,0.07908309455587392,0.8166189111747851,0.42979942693409745,0.21489971346704873,3.567335243553009,0.7916666666666666,0.4166666666666667,0.20833333333333334,3.4583333333333335,0.20833333333333334,True
303,Garner,MID,9,corner_primary,38,3413,38,2,7,2.1,6.18,11,159,31.0,11.0,40.0,20,458,0,2025-26,True,0.0527395253442719,0.18458833870495164,0.055376501611485496,0.16296513331380016,0.8174626428362144,1.054790506885438,0.29006738939349547,4.192792264869616,0.8157894736842105,1.0526315789473684,0.2894736842105263,4.184210526315789,0.5263157894736842,True
304,Iroegbunam,MID,9,no_sp,38,1477,16,0,3,0.54,0.7100000000000001,8,68,9.0,8.0,14.0,7,189,0,2025-26,True,0.0,0.18280297901150983,0.03290453622207177,0.04326337169939066,0.5484089370345294,0.8530805687203792,0.4874746106973595,4.143534190927555,0.5625,0.875,0.5,4.25,0.4375,True
305,Armstrong,MID,9,no_sp,38,524,5,0,0,0.79,0.22,1,21,0.0,1.0,2.0,1,50,0,2025-26,True,0.0,0.0,0.13568702290076337,0.03778625954198474,0.0,0.3435114503816794,0.1717557251908397,3.6068702290076335,0.0,0.4,0.2,4.2,0.2,False
306,Bates,MID,9,no_sp,38,0,0,0,0,0.0,0.0,0,0,0.0,0.0,0.0,0,0,0,2025-26,True,0.0,0.0,0.0,0.0,0.0,0.0,0.0,0.0,0.0,0.0,0.0,0.0,0.0,False
307,Ebere,MID,9,no_sp,38,0,0,0,0,0.0,0.0,0,0,0.0,0.0,0.0,0,0,0,2025-26,True,0.0,0.0,0.0,0.0,0.0,0.0,0.0,0.0,0.0,0.0,0.0,0.0,0.0,False
308,Heath,MID,9,no_sp,38,0,0,0,0,0.0,0.0,0,0,0.0,0.0,0.0,0,0,0,2025-26,True,0.0,0.0,0.0,0.0,0.0,0.0,0.0,0.0,0.0,0.0,0.0,0.0,0.0,False
309,Metcalfe,MID,9,no_sp,38,0,0,0,0,0.0,0.0,0,0,0.0,0.0,0.0,0,0,0,2025-26,True,0.0,0.0,0.0,0.0,0.0,0.0,0.0,0.0,0.0,0.0,0.0,0.0,0.0,False
310,Barry,FWD,9,no_sp,38,1898,19,8,0,8.17,0.44,7,95,32.0,0.0,0.0,0,74,0,2025-26,True,0.37934668071654376,0.0,0.3874077976817703,0.020864067439409904,1.517386722866175,0.0,0.0,4.504741833508957,1.6842105263157894,0.0,0.0,5.0,0.0,True
311,Beto,FWD,9,backup_sp,38,1551,16,9,1,8.9,0.23,5,104,39.0,0.0,0.0,0,89,0,2025-26,True,0.5222437137330754,0.058027079303675046,0.5164410058027079,0.013346228239845262,2.263056092843327,0.0,0.0,6.034816247582205,2.4375,0.0,0.0,6.5,0.0,True
312,Y.Chermiti,FWD,9,no_sp,38,0,0,0,0,0.0,0.0,0,0,0.0,0.0,0.0,0,0,0,2025-26,True,0.0,0.0,0.0,0.0,0.0,0.0,0.0,0.0,0.0,0.0,0.0,0.0,0.0,False
313,Sherif,FWD,9,no_sp,38,0,0,0,0,0.0,0.0,0,0,0.0,0.0,0.0,0,0,0,2025-26,True,0.0,0.0,0.0,0.0,0.0,0.0,0.0,0.0,0.0,0.0,0.0,0.0,0.0,False
316,Robinson,DEF,10,backup_sp,38,1487,16,1,0,1.07,1.58,4,65,6.0,16.0,8.0,4,136,0,2025-26,True,0.0605245460659045,0.0,0.06476126429051783,0.09562878278412912,0.36314727639542704,0.484196368527236,0.968392737054472,3.9340954942837927,0.375,0.5,1.0,4.0625,0.25,True
317,Andersen,DEF,10,no_sp,38,2882,31,0,1,1.43,1.83,8,123,3.0,32.0,40.0,20,329,0,2025-26,True,0.0,0.03122831367106176,0.04465648854961832,0.057147814018043024,0.09368494101318528,1.2491325468424703,0.9993060374739763,3.8410825815405962,0.0967741935483871,1.2903225806451613,1.032258064516129,3.967741935483871,0.6451612903225806,True
318,Bassey,DEF,10,no_sp,38,2532,28,1,1,1.71,0.35000000000000003,7,103,9.0,28.0,16.0,8,205,0,2025-26,True,0.035545023696682464,0.035545023696682464,0.06078199052132702,0.012440758293838864,0.3199052132701422,0.5687203791469194,0.9952606635071091,3.661137440758294,0.32142857142857145,0.5714285714285714,1.0,3.6785714285714284,0.2857142857142857,True
319,Castagne,DEF,10,no_sp,38,1838,19,0,2,1.5,1.47,3,61,6.0,12.0,4.0,2,146,0,2025-26,True,0.0,0.09793253536452666,0.073449401523395,0.0719804134929271,0.29379760609358,0.19586507072905332,0.58759521218716,2.9869423286180634,0.3157894736842105,0.21052631578947367,0.631578947368421,3.210526315789474,0.10526315789473684,True
320,Diop,DEF,10,no_sp,38,812,8,1,0,0.8,0.05,1,31,6.0,4.0,2.0,1,61,0,2025-26,True,0.11083743842364532,0.0,0.08866995073891626,0.005541871921182266,0.6650246305418719,0.22167487684729065,0.4433497536945813,3.435960591133005,0.75,0.25,0.5,3.875,0.125,False
321,J.Cuenca,DEF,10,no_sp,38,935,10,0,0,0.05,0.53,2,39,0.0,8.0,14.0,7,117,0,2025-26,True,0.0,0.0,0.004812834224598931,0.051016042780748665,0.0,1.3475935828877006,0.7700534759358288,3.7540106951871657,0.0,1.4,0.8,3.9,0.7,True
322,Tete,DEF,10,no_sp,38,1791,19,1,0,0.92,1.46,6,81,6.0,24.0,14.0,7,165,0,2025-26,True,0.05025125628140704,0.0,0.04623115577889448,0.07336683417085428,0.30150753768844224,0.7035175879396985,1.206030150753769,4.07035175879397,0.3157894736842105,0.7368421052631579,1.263157894736842,4.2631578947368425,0.3684210526315789,True
323,Amissah,DEF,10,no_sp,38,0,0,0,0,0.0,0.0,0,0,0.0,0.0,0.0,0,0,0,2025-26,True,0.0,0.0,0.0,0.0,0.0,0.0,0.0,0.0,0.0,0.0,0.0,0.0,0.0,False
324,Iwobi,MID,10,backup_sp,38,2420,28,4,3,1.91,4.7,5,103,29.0,5.0,2.0,1,188,0,2025-26,True,0.1487603305785124,0.1115702479338843,0.07103305785123966,0.17479338842975206,1.078512396694215,0.0743801652892562,0.1859504132231405,3.830578512396694,1.0357142857142858,0.07142857142857142,0.17857142857142858,3.6785714285714284,0.03571428571428571,True
325,Smith Rowe,MID,10,no_sp,38,1909,19,3,1,4.71,1.12,6,80,18.0,6.0,0.0,0,148,0,2025-26,True,0.14143530644316396,0.047145102147721316,0.2220534311157674,0.05280251440544788,0.8486118386589837,0.0,0.2828706128863279,3.7716081718177055,0.9473684210526315,0.0,0.3157894736842105,4.2105263157894735,0.0,True
326,Adama,MID,19,no_sp,38,376,2,0,0,0.69,0.57,0,25,0.0,0.0,0.0,0,18,0,2025-26,True,0.0,0.0,0.16515957446808507,0.13643617021276594,0.0,0.0,0.0,5.984042553191489,0.0,0.0,0.0,12.5,0.0,False
327,Andreas,MID,10,no_sp,38,0,0,0,0,0.0,0.0,0,0,0.0,0.0,0.0,0,0,0,2025-26,True,0.0,0.0,0.0,0.0,0.0,0.0,0.0,0.0,0.0,0.0,0.0,0.0,0.0,False
328,Sessegnon,MID,10,no_sp,38,1816,20,3,3,1.6,1.8,6,95,24.0,6.0,10.0,5,218,0,2025-26,True,0.14867841409691632,0.14867841409691632,0.07929515418502203,0.08920704845814978,1.1894273127753305,0.4955947136563877,0.29735682819383263,4.708149779735683,1.2,0.5,0.3,4.75,0.25,True
329,Wilson,MID,10,corner_primary,38,2674,30,10,9,5.88,4.7700000000000005,9,168,77.0,9.0,2.0,1,177,0,2025-26,True,0.3365744203440538,0.3029169783096485,0.19790575916230366,0.1605459985041137,2.5916230366492146,0.06731488406881077,0.3029169783096485,5.654450261780105,2.566666666666667,0.06666666666666667,0.3,5.6,0.03333333333333333,True
330,Berge,MID,10,no_sp,38,2904,33,0,3,1.54,1.5,8,91,9.0,8.0,10.0,5,280,0,2025-26,True,0.0,0.09297520661157026,0.04772727272727273,0.04648760330578513,0.27892561983471076,0.30991735537190085,0.24793388429752067,2.8202479338842976,0.2727272727272727,0.30303030303030304,0.24242424242424243,2.757575757575758,0.15151515151515152,True
331,Cairney,MID,10,no_sp,38,756,7,2,0,1.21,0.8099999999999999,2,41,10.0,2.0,0.0,0,61,0,2025-26,True,0.23809523809523808,0.0,0.14404761904761904,0.09642857142857142,1.1904761904761905,0.0,0.23809523809523808,4.8809523809523805,1.4285714285714286,0.0,0.2857142857142857,5.857142857142857,0.0,False
332,Lukić,MID,10,backup_sp,38,1730,17,1,4,2.23,1.91,6,67,17.0,6.0,6.0,3,183,0,2025-26,True,0.05202312138728324,0.20809248554913296,0.11601156069364162,0.09936416184971099,0.8843930635838151,0.31213872832369943,0.31213872832369943,3.485549132947977,1.0,0.35294117647058826,0.35294117647058826,3.9411764705882355,0.17647058823529413,True
333,Godo,MID,10,no_sp,38,0,0,0,0,0.0,0.0,0,0,0.0,0.0,0.0,0,0,0,2025-26,True,0.0,0.0,0.0,0.0,0.0,0.0,0.0,0.0,0.0,0.0,0.0,0.0,0.0,False
334,Harris,MID,10,no_sp,38,0,0,0,0,0.0,0.0,0,0,0.0,0.0,0.0,0,0,0,2025-26,True,0.0,0.0,0.0,0.0,0.0,0.0,0.0,0.0,0.0,0.0,0.0,0.0,0.0,False
335,King,MID,10,no_sp,38,1290,13,1,3,2.47,0.66,5,63,14.0,5.0,0.0,0,107,0,2025-26,True,0.06976744186046512,0.20930232558139533,0.17232558139534884,0.046046511627906975,0.9767441860465116,0.0,0.3488372093023256,4.395348837209302,1.0769230769230769,0.0,0.38461538461538464,4.846153846153846,0.0,True
336,Reed,MID,10,no_sp,38,89,1,1,0,0.13,0.44999999999999996,0,15,5.0,0.0,0.0,0,6,0,2025-26,True,1.0112359550561798,0.0,0.13146067415730336,0.45505617977528084,5.056179775280898,0.0,0.0,15.168539325842696,5.0,0.0,0.0,15.0,0.0,False
337,Raúl,FWD,10,pen_primary,38,2183,23,9,5,11.58,0.9,9,112,51.0,0.0,0.0,0,132,0,2025-26,True,0.3710490151168117,0.20613834173156206,0.47741639945029773,0.03710490151168117,2.102611085661933,0.0,0.0,4.61749885478699,2.217391304347826,0.0,0.0,4.869565217391305,0.0,True
338,Muniz,FWD,10,no_sp,38,987,9,1,1,3.3,0.15,3,36,7.0,0.0,0.0,0,52,0,2025-26,True,0.0911854103343465,0.0911854103343465,0.3009118541033434,0.013677811550151976,0.6382978723404256,0.0,0.0,3.282674772036474,0.7777777777777778,0.0,0.0,4.0,0.0,False
342,Bogle,DEF,11,no_sp,38,2795,31,1,5,2.08,3.11,6,96,21.0,24.0,4.0,2,178,0,2025-26,True,0.032200357781753126,0.16100178890876565,0.06697674418604652,0.10014311270125223,0.6762075134168157,0.1288014311270125,0.7728085867620751,3.0912343470483004,0.6774193548387096,0.12903225806451613,0.7741935483870968,3.096774193548387,0.06451612903225806,True
343,Struijk,DEF,11,no_sp,38,2935,32,0,1,3.06,0.76,7,108,3.0,28.0,26.0,13,297,0,2025-26,True,0.0,0.03066439522998296,0.09383304940374786,0.023304940374787052,0.09199318568994888,0.797274275979557,0.8586030664395229,3.3117546848381596,0.09375,0.8125,0.875,3.375,0.40625,True
344,Bijol,DEF,11,no_sp,38,1888,21,1,3,0.9,0.75,5,99,15.0,20.0,22.0,11,219,0,2025-26,True,0.04766949152542373,0.1430084745762712,0.04290254237288136,0.0357521186440678,0.715042372881356,1.048728813559322,0.9533898305084746,4.719279661016949,0.7142857142857143,1.0476190476190477,0.9523809523809523,4.714285714285714,0.5238095238095238,True
345,Bornauw,DEF,11,no_sp,38,429,4,0,0,0.2,0.01,2,25,0.0,8.0,2.0,1,49,0,2025-26,True,0.0,0.0,0.04195804195804196,0.002097902097902098,0.0,0.4195804195804196,1.6783216783216783,5.244755244755245,0.0,0.5,2.0,6.25,0.25,False
346,Byram,DEF,11,no_sp,38,8,0,0,0,0.0,0.0,0,2,0.0,0.0,0.0,0,3,0,2025-26,True,0.0,0.0,0.0,0.0,0.0,0.0,0.0,22.5,0.0,0.0,0.0,2.0,0.0,False
347,Gudmundsson,DEF,11,no_sp,38,2637,28,0,0,1.1,2.89,5,68,0.0,20.0,4.0,2,184,0,2025-26,True,0.0,0.0,0.03754266211604096,0.09863481228668942,0.0,0.13651877133105803,0.68259385665529,2.3208191126279862,0.0,0.14285714285714285,0.7142857142857143,2.4285714285714284,0.07142857142857142,True
348,Rodon,DEF,11,no_sp,38,2952,32,2,0,1.4,0.56,6,109,12.0,24.0,20.0,10,274,0,2025-26,True,0.06097560975609757,0.0,0.042682926829268296,0.017073170731707322,0.3658536585365854,0.6097560975609757,0.7317073170731708,3.3231707317073176,0.375,0.625,0.75,3.40625,0.3125,True
349,Schmidt,DEF,11,no_sp,38,0,0,0,0,0.0,0.0,0,0,0.0,0.0,0.0,0,0,0,2025-26,True,0.0,0.0,0.0,0.0,0.0,0.0,0.0,0.0,0.0,0.0,0.0,0.0,0.0,False
350,Aaronson,MID,11,no_sp,38,2449,28,4,8,4.53,3.6,9,126,44.0,9.0,6.0,3,216,0,2025-26,True,0.14699877501020825,0.2939975500204165,0.16647611269906085,0.1322988975091874,1.6169865251122906,0.22049816251531237,0.33074724377296855,4.6304614128215595,1.5714285714285714,0.21428571428571427,0.32142857142857145,4.5,0.10714285714285714,True
351,Gnonto,MID,11,no_sp,38,521,2,0,3,0.4,0.77,1,32,9.0,1.0,0.0,0,59,0,2025-26,True,0.0,0.5182341650671786,0.0690978886756238,0.13301343570057583,1.5547024952015356,0.0,0.1727447216890595,5.527831094049904,4.5,0.0,0.5,16.0,0.0,False
352,Harrison,MID,11,no_sp,38,262,1,0,0,0.28,0.22999999999999998,0,12,0.0,0.0,0.0,0,24,0,2025-26,True,0.0,0.0,0.09618320610687024,0.07900763358778626,0.0,0.0,0.0,4.122137404580153,0.0,0.0,0.0,12.0,0.0,False
353,James,MID,11,no_sp,38,547,3,0,0,0.91,0.71,1,23,0.0,1.0,0.0,0,35,0,2025-26,True,0.0,0.0,0.1497257769652651,0.11681901279707495,0.0,0.0,0.16453382084095064,3.784277879341865,0.0,0.0,0.3333333333333333,7.666666666666667,0.0,False
354,Ampadu,MID,11,no_sp,38,3119,35,1,4,2.47,2.2,8,134,17.0,8.0,38.0,19,416,0,2025-26,True,0.028855402372555305,0.11542160949022122,0.07127284386021161,0.06348188521962167,0.49054184033344017,1.0965052901571015,0.23084321898044244,3.8666239179224107,0.4857142857142857,1.0857142857142856,0.22857142857142856,3.8285714285714287,0.5428571428571428,True
355,Greenwood,MID,11,no_sp,38,0,0,0,0,0.0,0.0,0,0,0.0,0.0,0.0,0,0,0,2025-26,True,0.0,0.0,0.0,0.0,0.0,0.0,0.0,0.0,0.0,0.0,0.0,0.0,0.0,False
356,Gruev,MID,11,backup_sp,38,1318,14,0,4,0.48999999999999994,0.86,5,56,12.0,5.0,2.0,1,114,0,2025-26,True,0.0,0.27314112291350534,0.033459787556904395,0.05872534142640364,0.8194233687405159,0.13657056145675267,0.34142640364188165,3.8239757207890746,0.8571428571428571,0.14285714285714285,0.35714285714285715,4.0,0.07142857142857142,True
357,Ramazani,MID,11,no_sp,38,0,0,0,0,0.0,0.0,0,0,0.0,0.0,0.0,0,0,0,2025-26,True,0.0,0.0,0.0,0.0,0.0,0.0,0.0,0.0,0.0,0.0,0.0,0.0,0.0,False
358,Tanaka,MID,11,no_sp,38,1307,12,2,1,1.44,1.39,3,67,13.0,3.0,6.0,3,147,0,2025-26,True,0.13771996939556236,0.06885998469778118,0.0991583779648049,0.09571537872991583,0.8951798010711554,0.4131599081866871,0.20657995409334354,4.613618974751339,1.0833333333333333,0.5,0.25,5.583333333333333,0.25,True
359,Crew,MID,11,no_sp,38,0,0,0,0,0.0,0.0,0,0,0.0,0.0,0.0,0,0,0,2025-26,True,0.0,0.0,0.0,0.0,0.0,0.0,0.0,0.0,0.0,0.0,0.0,0.0,0.0,False
360,Gelhardt,MID,11,no_sp,38,0,0,0,0,0.0,0.0,0,0,0.0,0.0,0.0,0,0,0,2025-26,True,0.0,0.0,0.0,0.0,0.0,0.0,0.0,0.0,0.0,0.0,0.0,0.0,0.0,False
361,Gyabi,MID,11,no_sp,38,0,0,0,0,0.0,0.0,0,0,0.0,0.0,0.0,0,0,0,2025-26,True,0.0,0.0,0.0,0.0,0.0,0.0,0.0,0.0,0.0,0.0,0.0,0.0,0.0,False
362,Piroe,FWD,11,backup_sp,38,244,1,0,0,0.9,0.13,1,17,0.0,0.0,0.0,0,14,0,2025-26,True,0.0,0.0,0.3319672131147541,0.04795081967213115,0.0,0.0,0.0,6.270491803278688,0.0,0.0,0.0,17.0,0.0,False
363,Bamford,FWD,11,no_sp,38,0,0,0,0,0.0,0.0,0,0,0.0,0.0,0.0,0,0,0,2025-26,True,0.0,0.0,0.0,0.0,0.0,0.0,0.0,0.0,0.0,0.0,0.0,0.0,0.0,False
364,Mateo Joseph,FWD,11,no_sp,38,0,0,0,0,0.0,0.0,0,0,0.0,0.0,0.0,0,0,0,2025-26,True,0.0,0.0,0.0,0.0,0.0,0.0,0.0,0.0,0.0,0.0,0.0,0.0,0.0,False
365,Nmecha,FWD,11,backup_sp,38,1065,9,6,1,7.25,1.58,3,73,27.0,0.0,0.0,0,57,1,2025-26,True,0.5070422535211268,0.08450704225352113,0.6126760563380281,0.13352112676056338,2.2816901408450705,0.0,0.0,6.169014084507042,3.0,0.0,0.0,8.11111111111111,0.0,False
370,Frimpong,DEF,12,no_sp,38,1032,10,0,5,0.5,1.55,5,63,15.0,20.0,0.0,0,30,0,2025-26,True,0.0,0.436046511627907,0.0436046511627907,0.13517441860465115,1.3081395348837208,0.0,1.744186046511628,5.4941860465116275,1.5,0.0,2.0,6.3,0.0,True
371,Kerkez,DEF,12,no_sp,38,2251,23,2,1,1.5,0.6900000000000001,6,85,15.0,24.0,2.0,1,134,0,2025-26,True,0.07996446023989337,0.039982230119946685,0.059973345179920035,0.027587738782763216,0.5997334517992003,0.07996446023989337,0.9595735228787206,3.3984895601954683,0.6521739130434783,0.08695652173913043,1.0434782608695652,3.6956521739130435,0.043478260869565216,True
372,Robertson,DEF,12,no_sp,38,1165,9,1,0,1.1,1.4,4,55,6.0,16.0,0.0,0,55,0,2025-26,True,0.07725321888412016,0.0,0.0849785407725322,0.10815450643776824,0.463519313304721,0.0,1.2360515021459226,4.24892703862661,0.6666666666666666,0.0,1.7777777777777777,6.111111111111111,0.0,False
373,Virgil,DEF,12,no_sp,38,3420,38,6,1,3.77,1.44,10,175,39.0,40.0,32.0,16,352,0,2025-26,True,0.15789473684210525,0.02631578947368421,0.09921052631578947,0.03789473684210526,1.0263157894736843,0.8421052631578947,1.0526315789473684,4.605263157894737,1.0263157894736843,0.8421052631578947,1.0526315789473684,4.605263157894737,0.42105263157894735,True
374,Konaté,DEF,12,no_sp,38,3090,34,1,0,1.19,0.98,10,129,6.0,40.0,26.0,13,293,0,2025-26,True,0.029126213592233007,0.0,0.034660194174757276,0.02854368932038835,0.17475728155339804,0.7572815533980582,1.1650485436893203,3.757281553398058,0.17647058823529413,0.7647058823529411,1.1764705882352942,3.7941176470588234,0.38235294117647056,True
375,Bradley,DEF,12,no_sp,38,928,9,0,2,0.18,0.8400000000000001,4,42,6.0,16.0,2.0,1,65,0,2025-26,True,0.0,0.1939655172413793,0.017456896551724135,0.0814655172413793,0.5818965517241379,0.1939655172413793,1.5517241379310345,4.073275862068965,0.6666666666666666,0.2222222222222222,1.7777777777777777,4.666666666666667,0.1111111111111111,False
376,Gomez,DEF,12,no_sp,38,594,5,0,2,0.28,0.64,2,33,6.0,8.0,0.0,0,46,0,2025-26,True,0.0,0.30303030303030304,0.042424242424242434,0.09696969696969698,0.9090909090909092,0.0,1.2121212121212122,5.0,1.2,0.0,1.6,6.6,0.0,False
377,Tsimikas,DEF,12,no_sp,38,0,0,0,0,0.0,0.0,0,0,0.0,0.0,0.0,0,0,0,2025-26,True,0.0,0.0,0.0,0.0,0.0,0.0,0.0,0.0,0.0,0.0,0.0,0.0,0.0,False
378,Nallo,DEF,12,no_sp,38,0,0,0,0,0.0,0.0,0,0,0.0,0.0,0.0,0,0,0,2025-26,True,0.0,0.0,0.0,0.0,0.0,0.0,0.0,0.0,0.0,0.0,0.0,0.0,0.0,False
379,R.Williams,DEF,12,no_sp,38,0,0,0,0,0.0,0.0,0,0,0.0,0.0,0.0,0,0,0,2025-26,True,0.0,0.0,0.0,0.0,0.0,0.0,0.0,0.0,0.0,0.0,0.0,0.0,0.0,False
380,Ramsay,DEF,12,no_sp,38,0,0,0,0,0.0,0.0,0,0,0.0,0.0,0.0,0,0,0,2025-26,True,0.0,0.0,0.0,0.0,0.0,0.0,0.0,0.0,0.0,0.0,0.0,0.0,0.0,False
381,M.Salah,MID,12,pen_primary,38,2144,23,7,7,8.23,5.44,7,123,56.0,7.0,0.0,0,109,0,2025-26,True,0.29384328358208955,0.29384328358208955,0.34547574626865674,0.22835820895522388,2.3507462686567164,0.0,0.29384328358208955,5.163246268656716,2.4347826086956523,0.0,0.30434782608695654,5.3478260869565215,0.0,True
382,Wirtz,MID,12,backup_sp,38,2374,27,5,4,6.83,5.140000000000001,10,125,37.0,10.0,2.0,1,176,0,2025-26,True,0.18955349620893008,0.15164279696714406,0.2589300758213985,0.19486099410278016,1.4026958719460827,0.07582139848357203,0.37910699241786017,4.7388374052232525,1.3703703703703705,0.07407407407407407,0.37037037037037035,4.62962962962963,0.037037037037037035,True
383,Luis Díaz,MID,12,no_sp,38,0,0,0,0,0.0,0.0,0,0,0.0,0.0,0.0,0,0,0,2025-26,True,0.0,0.0,0.0,0.0,0.0,0.0,0.0,0.0,0.0,0.0,0.0,0.0,0.0,False
384,Gakpo,MID,12,backup_sp,38,2736,31,7,5,8.35,4.67,10,131,50.0,10.0,2.0,1,152,0,2025-26,True,0.23026315789473686,0.16447368421052633,0.2746710526315789,0.15361842105263157,1.6447368421052633,0.06578947368421052,0.32894736842105265,4.309210526315789,1.6129032258064515,0.06451612903225806,0.3225806451612903,4.225806451612903,0.03225806451612903,True
385,Chiesa,MID,12,no_sp,38,317,1,2,1,1.45,0.61,0,37,13.0,0.0,0.0,0,30,0,2025-26,True,0.5678233438485805,0.28391167192429023,0.4116719242902208,0.17318611987381705,3.690851735015773,0.0,0.0,10.504731861198739,13.0,0.0,0.0,37.0,0.0,False
386,Mac Allister,MID,12,backup_sp,38,2654,29,2,5,3.89,1.69,7,108,25.0,7.0,8.0,4,229,0,2025-26,True,0.06782215523737754,0.16955538809344387,0.13191409193669934,0.05730972117558403,0.8477769404672193,0.2712886209495102,0.23737754333082142,3.6623963828183874,0.8620689655172413,0.27586206896551724,0.2413793103448276,3.7241379310344827,0.13793103448275862,True
387,Szoboszlai,MID,12,corner_primary,38,3232,36,6,7,4.76,6.83,9,160,51.0,9.0,20.0,10,338,1,2025-26,True,0.1670792079207921,0.19492574257425743,0.13254950495049506,0.1901918316831683,1.4201732673267327,0.556930693069307,0.2506188118811881,4.455445544554456,1.4166666666666667,0.5555555555555556,0.25,4.444444444444445,0.2777777777777778,True
388,C.Jones,MID,12,no_sp,38,1923,18,1,3,2.21,2.77,3,81,14.0,3.0,8.0,4,237,0,2025-26,True,0.046801872074883,0.14040561622464898,0.10343213728549142,0.12964118564742588,0.6552262090483619,0.374414976599064,0.14040561622464898,3.7909516380655224,0.7777777777777778,0.4444444444444444,0.16666666666666666,4.5,0.2222222222222222,True
389,Elliott,MID,2,no_sp,38,110,0,0,0,0.29000000000000004,0.08,0,5,0.0,0.0,0.0,0,6,0,2025-26,True,0.0,0.0,0.23727272727272727,0.06545454545454545,0.0,0.0,0.0,4.090909090909091,0.0,0.0,0.0,5.0,0.0,False
390,Gravenberch,MID,12,no_sp,38,2991,33,5,5,1.89,2.2600000000000002,9,144,40.0,9.0,14.0,7,298,0,2025-26,True,0.15045135406218654,0.15045135406218654,0.05687061183550651,0.06800401203610833,1.2036108324974923,0.42126379137412234,0.27081243731193577,4.332998996990972,1.2121212121212122,0.42424242424242425,0.2727272727272727,4.363636363636363,0.21212121212121213,True
391,Gannon-Doak,MID,4,no_sp,38,105,0,0,1,0.26,0.13,0,11,3.0,0.0,0.0,0,13,0,2025-26,True,0.0,0.8571428571428571,0.22285714285714284,0.11142857142857142,2.571428571428571,0.0,0.0,9.428571428571429,3.0,0.0,0.0,11.0,0.0,False
392,Endo,MID,12,no_sp,38,170,1,0,1,0.04,0.05,1,12,3.0,1.0,0.0,0,23,0,2025-26,True,0.0,0.5294117647058824,0.021176470588235297,0.02647058823529412,1.5882352941176472,0.0,0.5294117647058824,6.352941176470589,3.0,0.0,1.0,12.0,0.0,False
393,Bajcetic,MID,12,no_sp,38,0,0,0,0,0.0,0.0,0,0,0.0,0.0,0.0,0,0,0,2025-26,True,0.0,0.0,0.0,0.0,0.0,0.0,0.0,0.0,0.0,0.0,0.0,0.0,0.0,False
394,McConnell,MID,12,no_sp,38,0,0,0,0,0.0,0.0,0,0,0.0,0.0,0.0,0,0,0,2025-26,True,0.0,0.0,0.0,0.0,0.0,0.0,0.0,0.0,0.0,0.0,0.0,0.0,0.0,False
395,Morton,MID,12,no_sp,38,0,0,0,0,0.0,0.0,0,0,0.0,0.0,0.0,0,0,0,2025-26,True,0.0,0.0,0.0,0.0,0.0,0.0,0.0,0.0,0.0,0.0,0.0,0.0,0.0,False
396,Nyoni,MID,12,no_sp,38,21,0,0,0,0.37,0.02,0,6,0.0,0.0,0.0,0,5,0,2025-26,True,0.0,0.0,1.5857142857142856,0.08571428571428572,0.0,0.0,0.0,25.714285714285715,0.0,0.0,0.0,6.0,0.0,False
397,Darwin,FWD,12,no_sp,38,0,0,0,0,0.0,0.0,0,0,0.0,0.0,0.0,0,0,0,2025-26,True,0.0,0.0,0.0,0.0,0.0,0.0,0.0,0.0,0.0,0.0,0.0,0.0,0.0,False
398,Danns,FWD,12,no_sp,38,0,0,0,0,0.0,0.0,0,0,0.0,0.0,0.0,0,0,0,2025-26,True,0.0,0.0,0.0,0.0,0.0,0.0,0.0,0.0,0.0,0.0,0.0,0.0,0.0,False
402,Aït-Nouri,DEF,13,no_sp,38,971,10,0,2,0.53,2.0100000000000002,5,60,6.0,20.0,2.0,1,67,0,2025-26,True,0.0,0.1853759011328527,0.049124613800205975,0.186302780638517,0.5561277033985581,0.1853759011328527,1.8537590113285272,5.561277033985582,0.6,0.2,2.0,6.0,0.1,True
403,Gvardiol,DEF,13,no_sp,38,1370,14,2,2,2.25,0.7000000000000001,6,79,18.0,24.0,6.0,3,103,0,2025-26,True,0.13138686131386862,0.13138686131386862,0.1478102189781022,0.04598540145985402,1.1824817518248176,0.39416058394160586,1.5766423357664234,5.189781021897811,1.2857142857142858,0.42857142857142855,1.7142857142857142,5.642857142857143,0.21428571428571427,True
404,Akanji,DEF,13,no_sp,38,0,0,0,0,0.0,0.0,0,0,0.0,0.0,0.0,0,0,0,2025-26,True,0.0,0.0,0.0,0.0,0.0,0.0,0.0,0.0,0.0,0.0,0.0,0.0,0.0,False
405,Aké,DEF,13,no_sp,38,686,7,0,0,0.72,0.53,3,36,0.0,12.0,2.0,1,46,0,2025-26,True,0.0,0.0,0.09446064139941691,0.06953352769679301,0.0,0.2623906705539359,1.5743440233236152,4.723032069970846,0.0,0.2857142857142857,1.7142857142857142,5.142857142857143,0.14285714285714285,False
406,Khusanov,DEF,13,no_sp,38,1427,14,0,0,0.65,1.21,6,67,0.0,24.0,10.0,5,123,0,2025-26,True,0.0,0.0,0.04099509460406447,0.07631394533987386,0.0,0.6306937631394534,1.513665031534688,4.225648213034337,0.0,0.7142857142857143,1.7142857142857142,4.785714285714286,0.35714285714285715,True
407,Matheus N.,DEF,13,backup_sp,38,2861,30,1,8,0.33999999999999997,2.23,12,154,30.0,48.0,8.0,4,195,0,2025-26,True,0.03145753233135268,0.2516602586508214,0.010695560992659909,0.07015029709891646,0.9437259699405802,0.2516602586508214,1.5099615519049283,4.844459979028312,1.0,0.26666666666666666,1.6,5.133333333333334,0.13333333333333333,True
408,Rúben,DEF,13,no_sp,38,2139,23,2,0,0.5700000000000001,0.65,12,113,12.0,48.0,10.0,5,167,0,2025-26,True,0.08415147265077139,0.0,0.023983169705469848,0.027349228611500704,0.5049088359046283,0.420757363253857,2.0196353436185133,4.754558204768584,0.5217391304347826,0.43478260869565216,2.0869565217391304,4.913043478260869,0.21739130434782608,True
409,Stones,DEF,13,no_sp,38,436,5,0,0,0.0,0.09,1,16,0.0,4.0,2.0,1,30,0,2025-26,True,0.0,0.0,0.0,0.018577981651376148,0.0,0.41284403669724773,0.8256880733944955,3.302752293577982,0.0,0.4,0.8,3.2,0.2,False
410,Lewis,DEF,13,no_sp,38,401,4,0,1,0.19,1.39,1,19,3.0,4.0,0.0,0,19,0,2025-26,True,0.0,0.22443890274314213,0.042643391521197005,0.31197007481296757,0.6733167082294265,0.0,0.8977556109725685,4.2643391521197005,0.75,0.0,1.0,4.75,0.0,False
411,O'Reilly,DEF,13,no_sp,38,2643,28,5,4,6.12,2.67,14,160,42.0,56.0,2.0,1,172,0,2025-26,True,0.170261066969353,0.1362088535754824,0.20839954597048807,0.0909194097616345,1.4301929625425653,0.0681044267877412,1.9069239500567536,5.448354143019296,1.5,0.07142857142857142,2.0,5.714285714285714,0.03571428571428571,True
412,Vitor Reis,DEF,13,no_sp,38,0,0,0,0,0.0,0.0,0,0,0.0,0.0,0.0,0,0,0,2025-26,True,0.0,0.0,0.0,0.0,0.0,0.0,0.0,0.0,0.0,0.0,0.0,0.0,0.0,False
413,Marmoush,MID,13,fk_primary,38,691,5,3,3,2.7800000000000002,0.77,4,56,24.0,4.0,0.0,0,39,0,2025-26,True,0.3907380607814761,0.3907380607814761,0.3620839363241679,0.10028943560057887,3.125904486251809,0.0,0.5209840810419681,7.293777134587554,4.8,0.0,0.8,11.2,0.0,False
414,Foden,MID,13,backup_sp,38,2078,22,7,5,6.03,4.76,11,131,50.0,11.0,6.0,3,160,0,2025-26,True,0.30317613089509143,0.2165543792107796,0.2611645813282002,0.20615976900866217,2.165543792107796,0.2598652550529355,0.47641963426371514,5.673724735322425,2.272727272727273,0.2727272727272727,0.5,5.954545454545454,0.13636363636363635,True
415,Savinho,MID,13,no_sp,38,817,6,1,2,2.5,1.59,3,43,11.0,3.0,0.0,0,59,0,2025-26,True,0.11015911872705018,0.22031823745410037,0.27539779681762544,0.17515299877600982,1.211750305997552,0.0,0.33047735618115054,4.736842105263158,1.8333333333333333,0.0,0.5,7.166666666666667,0.0,False
416,Bernardo,MID,13,corner_primary,38,2869,31,2,4,2.71,4.11,13,102,22.0,13.0,4.0,2,262,0,2025-26,True,0.06273963053328686,0.12547926106657373,0.0850121993726037,0.12892994074590453,0.6901359358661555,0.12547926106657373,0.4078075984663646,3.19972115719763,0.7096774193548387,0.12903225806451613,0.41935483870967744,3.2903225806451615,0.06451612903225806,True
417,Cherki,MID,13,backup_sp,38,1772,16,4,13,4.28,8.870000000000001,8,135,59.0,8.0,4.0,2,135,0,2025-26,True,0.20316027088036115,0.6602708803611738,0.21738148984198646,0.4505079006772009,2.996613995485327,0.20316027088036115,0.4063205417607223,6.856659142212189,3.6875,0.25,0.5,8.4375,0.125,True
418,Doku,MID,13,backup_sp,38,1773,18,5,8,2.87,5.86,8,120,49.0,8.0,0.0,0,126,0,2025-26,True,0.25380710659898476,0.40609137055837563,0.14568527918781726,0.2974619289340102,2.487309644670051,0.0,0.40609137055837563,6.091370558375635,2.7222222222222223,0.0,0.4444444444444444,6.666666666666667,0.0,True
419,Grealish,MID,9,no_sp,38,1627,18,2,6,2.05,3.37,7,79,28.0,7.0,0.0,0,135,0,2025-26,True,0.11063306699446834,0.33189920098340503,0.11339889366933004,0.18641671788567915,1.5488629379225567,0.0,0.3872157344806392,4.370006146281499,1.5555555555555556,0.0,0.3888888888888889,4.388888888888889,0.0,True
420,Gündoğan,MID,13,no_sp,38,0,0,0,0,0.0,0.0,0,0,0.0,0.0,0.0,0,0,0,2025-26,True,0.0,0.0,0.0,0.0,0.0,0.0,0.0,0.0,0.0,0.0,0.0,0.0,0.0,False
421,Rodrigo,MID,13,no_sp,38,1510,16,1,1,1.15,2.4499999999999997,5,69,8.0,5.0,16.0,8,206,0,2025-26,True,0.059602649006622516,0.059602649006622516,0.06854304635761589,0.14602649006622515,0.4768211920529801,0.9536423841059603,0.29801324503311255,4.112582781456953,0.5,1.0,0.3125,4.3125,0.5,True
422,Kovačić,MID,13,no_sp,38,125,0,0,1,0.13,0.42000000000000004,0,9,3.0,0.0,0.0,0,18,0,2025-26,True,0.0,0.72,0.0936,0.30240000000000006,2.16,0.0,0.0,6.48,3.0,0.0,0.0,9.0,0.0,False
423,N.Gonzalez,MID,13,no_sp,38,1561,17,1,0,0.68,1.12,7,63,5.0,7.0,14.0,7,206,0,2025-26,True,0.05765534913516976,0.0,0.03920563741191544,0.06457399103139014,0.2882767456758488,0.8071748878923767,0.40358744394618834,3.632286995515695,0.29411764705882354,0.8235294117647058,0.4117647058823529,3.7058823529411766,0.4117647058823529,True
424,Bobb,MID,10,no_sp,38,1030,10,0,2,1.4700000000000002,2.1,4,42,6.0,4.0,0.0,0,76,0,2025-26,True,0.0,0.17475728155339806,0.1284466019417476,0.18349514563106797,0.5242718446601942,0.0,0.34951456310679613,3.6699029126213594,0.6,0.0,0.4,4.2,0.0,True
425,Echeverri,MID,13,no_sp,38,0,0,0,0,0.0,0.0,0,0,0.0,0.0,0.0,0,0,0,2025-26,True,0.0,0.0,0.0,0.0,0.0,0.0,0.0,0.0,0.0,0.0,0.0,0.0,0.0,False
426,McAtee,MID,16,backup_sp,38,288,1,0,1,0.18,0.37,0,17,3.0,0.0,0.0,0,32,0,2025-26,True,0.0,0.3125,0.056249999999999994,0.11562499999999999,0.9375,0.0,0.0,5.3125,3.0,0.0,0.0,17.0,0.0,False
427,Reijnders,MID,13,backup_sp,38,1623,17,5,3,4.61,2.35,7,92,34.0,7.0,2.0,1,100,0,2025-26,True,0.277264325323475,0.16635859519408502,0.255637707948244,0.13031423290203326,1.8853974121996302,0.11090573012939,0.38817005545286504,5.101663585951941,2.0,0.11764705882352941,0.4117647058823529,5.411764705882353,0.058823529411764705,True
428,Nypan,MID,13,no_sp,38,0,0,0,0,0.0,0.0,0,0,0.0,0.0,0.0,0,0,0,2025-26,True,0.0,0.0,0.0,0.0,0.0,0.0,0.0,0.0,0.0,0.0,0.0,0.0,0.0,False
429,Phillips,MID,13,no_sp,38,0,0,0,0,0.0,0.0,0,0,0.0,0.0,0.0,0,0,0,2025-26,True,0.0,0.0,0.0,0.0,0.0,0.0,0.0,0.0,0.0,0.0,0.0,0.0,0.0,False
430,Haaland,FWD,13,pen_primary,38,2953,33,27,8,25.5,2.67,13,239,132.0,0.0,0.0,0,104,1,2025-26,True,0.822891974263461,0.24381984422621064,0.7771757534710464,0.0813748730104978,4.023027429732475,0.0,0.0,7.2841178462580425,4.0,0.0,0.0,7.242424242424242,0.0,True
436,De Ligt,DEF,14,no_sp,38,1170,13,1,0,1.3800000000000001,0.8300000000000001,1,43,6.0,4.0,8.0,4,107,0,2025-26,True,0.07692307692307693,0.0,0.10615384615384617,0.06384615384615386,0.46153846153846156,0.6153846153846154,0.3076923076923077,3.3076923076923075,0.46153846153846156,0.6153846153846154,0.3076923076923077,3.3076923076923075,0.3076923076923077,True
437,Martinez,DEF,14,no_sp,38,1229,12,0,0,0.15,0.6,5,51,0.0,20.0,8.0,4,105,0,2025-26,True,0.0,0.0,0.010984540276647681,0.043938161106590726,0.0,0.5858421480878764,1.4646053702196908,3.734743694060212,0.0,0.6666666666666666,1.6666666666666667,4.25,0.3333333333333333,True
438,Mazraoui,DEF,14,no_sp,38,977,10,0,0,0.19,0.35,5,53,0.0,20.0,2.0,1,94,0,2025-26,True,0.0,0.0,0.01750255885363357,0.03224155578300921,0.0,0.18423746161719548,1.842374616171955,4.882292732855681,0.0,0.2,2.0,5.3,0.1,True
439,D.Leon,DEF,14,no_sp,38,0,0,0,0,0.0,0.0,0,0,0.0,0.0,0.0,0,0,0,2025-26,True,0.0,0.0,0.0,0.0,0.0,0.0,0.0,0.0,0.0,0.0,0.0,0.0,0.0,False
440,Dalot,DEF,14,no_sp,38,2609,28,1,6,1.9300000000000002,2.57,7,111,24.0,28.0,6.0,3,180,0,2025-26,True,0.03449597546952856,0.20697585281717135,0.06657723265619012,0.08865465695668838,0.8279034112686854,0.20697585281717135,0.9658873131467997,3.8290532771176697,0.8571428571428571,0.21428571428571427,1.0,3.9642857142857144,0.10714285714285714,True
441,Dorgu,DEF,14,no_sp,38,1440,14,4,4,2.39,1.84,4,95,36.0,16.0,2.0,1,98,0,2025-26,True,0.25,0.25,0.149375,0.115,2.25,0.125,1.0,5.9375,2.5714285714285716,0.14285714285714285,1.1428571428571428,6.785714285714286,0.07142857142857142,True
442,Maguire,DEF,14,no_sp,38,1649,19,1,2,1.1199999999999999,0.5,7,90,12.0,28.0,16.0,8,151,0,2025-26,True,0.0545785324439054,0.1091570648878108,0.061127956337174036,0.0272892662219527,0.6549423893268648,0.8732565191024864,1.528198908429351,4.912067919951485,0.631578947368421,0.8421052631578947,1.4736842105263157,4.7368421052631575,0.42105263157894735,True
443,Shaw,DEF,14,no_sp,38,3220,37,1,1,0.72,1.98,10,113,9.0,40.0,10.0,5,224,0,2025-26,True,0.027950310559006212,0.027950310559006212,0.020124223602484472,0.055341614906832294,0.2515527950310559,0.2795031055900621,1.1180124223602483,3.158385093167702,0.24324324324324326,0.2702702702702703,1.0810810810810811,3.054054054054054,0.13513513513513514,True
444,Yoro,DEF,14,no_sp,38,1730,17,0,1,1.34,0.5900000000000001,2,56,3.0,8.0,6.0,3,156,0,2025-26,True,0.0,0.05202312138728324,0.06971098265895954,0.030693641618497115,0.15606936416184972,0.31213872832369943,0.4161849710982659,2.9132947976878616,0.17647058823529413,0.35294117647058826,0.47058823529411764,3.2941176470588234,0.17647058823529413,True
445,Amass,DEF,14,no_sp,38,0,0,0,0,0.0,0.0,0,0,0.0,0.0,0.0,0,0,0,2025-26,True,0.0,0.0,0.0,0.0,0.0,0.0,0.0,0.0,0.0,0.0,0.0,0.0,0.0,False
446,Fredricson,DEF,14,no_sp,38,2,0,0,0,0.0,0.0,0,1,0.0,0.0,0.0,0,2,0,2025-26,True,0.0,0.0,0.0,0.0,0.0,0.0,0.0,45.0,0.0,0.0,0.0,1.0,0.0,False
447,Heaven,DEF,14,no_sp,38,920,10,0,1,0.34,0.18,2,42,3.0,8.0,10.0,5,93,0,2025-26,True,0.0,0.09782608695652174,0.0332608695652174,0.017608695652173913,0.29347826086956524,0.9782608695652175,0.782608695652174,4.108695652173913,0.3,1.0,0.8,4.2,0.5,True
448,Malacia,DEF,14,no_sp,38,15,0,0,0,0.0,0.0,0,3,0.0,0.0,0.0,0,4,0,2025-26,True,0.0,0.0,0.0,0.0,0.0,0.0,0.0,18.0,0.0,0.0,0.0,3.0,0.0,False
449,B.Fernandes,MID,14,pen_and_corner,38,3065,34,9,24,10.79,12.28,7,235,117.0,7.0,10.0,5,287,2,2025-26,True,0.2642740619902121,0.7047308319738989,0.3168352365415987,0.36058727569331156,3.435562805872757,0.2936378466557912,0.20554649265905384,6.900489396411093,3.4411764705882355,0.29411764705882354,0.20588235294117646,6.911764705882353,0.14705882352941177,True
450,Cunha,MID,14,no_sp,38,2493,28,10,4,6.9,3.36,8,143,62.0,8.0,2.0,1,211,0,2025-26,True,0.36101083032490977,0.1444043321299639,0.24909747292418774,0.12129963898916968,2.2382671480144407,0.07220216606498195,0.2888086642599278,5.16245487364621,2.2142857142857144,0.07142857142857142,0.2857142857142857,5.107142857142857,0.03571428571428571,True
451,Rashford,MID,14,no_sp,38,0,0,0,0,0.0,0.0,0,0,0.0,0.0,0.0,0,0,0,2025-26,True,0.0,0.0,0.0,0.0,0.0,0.0,0.0,0.0,0.0,0.0,0.0,0.0,0.0,False
452,Amad,MID,14,backup_sp,38,2339,23,2,5,5.46,4.74,6,91,25.0,6.0,0.0,0,198,0,2025-26,True,0.07695596408721676,0.19238991021804192,0.21008978195810177,0.18238563488670373,0.9619495510902095,0.0,0.2308678922616503,3.5014963659683627,1.0869565217391304,0.0,0.2608695652173913,3.9565217391304346,0.0,True
453,Garnacho,MID,7,no_sp,38,1261,10,1,4,3.44,3.68,4,56,17.0,4.0,0.0,0,71,0,2025-26,True,0.07137192704203013,0.2854877081681205,0.24551942902458365,0.2626486915146709,1.2133227597145122,0.0,0.2854877081681205,3.9968279143536876,1.7,0.0,0.4,5.6,0.0,True
454,Antony,MID,14,no_sp,38,0,0,0,0,0.0,0.0,0,0,0.0,0.0,0.0,0,0,0,2025-26,True,0.0,0.0,0.0,0.0,0.0,0.0,0.0,0.0,0.0,0.0,0.0,0.0,0.0,False
455,Mount,MID,14,no_sp,38,1010,10,3,0,1.56,1.62,5,58,15.0,5.0,4.0,2,102,0,2025-26,True,0.26732673267326734,0.0,0.13900990099009902,0.14435643564356437,1.3366336633663367,0.3564356435643565,0.44554455445544555,5.1683168316831685,1.5,0.4,0.5,5.8,0.2,True
456,Sancho,MID,2,backup_sp,38,863,6,0,2,0.61,1.87,2,37,6.0,2.0,0.0,0,44,0,2025-26,True,0.0,0.2085747392815759,0.06361529548088064,0.19501738122827347,0.6257242178447278,0.0,0.2085747392815759,3.858632676709154,1.0,0.0,0.3333333333333333,6.166666666666667,0.0,False
457,Casemiro,MID,14,no_sp,38,2575,29,9,4,5.4399999999999995,3.17,9,165,57.0,9.0,28.0,14,355,0,2025-26,True,0.3145631067961165,0.13980582524271845,0.19013592233009707,0.11079611650485437,1.992233009708738,0.9786407766990292,0.3145631067961165,5.766990291262136,1.9655172413793103,0.9655172413793104,0.3103448275862069,5.689655172413793,0.4827586206896552,True
458,Mainoo,MID,14,no_sp,38,1653,16,1,2,0.48,1.27,6,73,11.0,6.0,12.0,6,187,0,2025-26,True,0.0544464609800363,0.1088929219600726,0.02613430127041742,0.0691470054446461,0.5989110707803993,0.6533575317604355,0.32667876588021777,3.97459165154265,0.6875,0.75,0.375,4.5625,0.375,True
459,Ugarte,MID,14,no_sp,38,876,8,0,0,0.72,0.16,1,38,0.0,1.0,8.0,4,142,0,2025-26,True,0.0,0.0,0.07397260273972603,0.016438356164383564,0.0,0.8219178082191781,0.10273972602739727,3.9041095890410964,0.0,1.0,0.125,4.75,0.5,False
460,Collyer,MID,14,no_sp,38,0,0,0,0,0.0,0.0,0,0,0.0,0.0,0.0,0,0,0,2025-26,True,0.0,0.0,0.0,0.0,0.0,0.0,0.0,0.0,0.0,0.0,0.0,0.0,0.0,False
461,Fitzgerald,MID,14,no_sp,38,0,0,0,0,0.0,0.0,0,0,0.0,0.0,0.0,0,0,0,2025-26,True,0.0,0.0,0.0,0.0,0.0,0.0,0.0,0.0,0.0,0.0,0.0,0.0,0.0,False
462,J.Fletcher,MID,14,no_sp,38,107,0,0,0,0.03,0.02,0,3,0.0,0.0,0.0,0,11,0,2025-26,True,0.0,0.0,0.025233644859813085,0.016822429906542057,0.0,0.0,0.0,2.5233644859813085,0.0,0.0,0.0,3.0,0.0,False
463,Kone,MID,14,no_sp,38,0,0,0,0,0.0,0.0,0,0,0.0,0.0,0.0,0,0,0,2025-26,True,0.0,0.0,0.0,0.0,0.0,0.0,0.0,0.0,0.0,0.0,0.0,0.0,0.0,False
464,Moorhouse,MID,14,no_sp,38,0,0,0,0,0.0,0.0,0,0,0.0,0.0,0.0,0,0,0,2025-26,True,0.0,0.0,0.0,0.0,0.0,0.0,0.0,0.0,0.0,0.0,0.0,0.0,0.0,False
465,Højlund,FWD,14,no_sp,38,0,0,0,0,0.0,0.0,0,0,0.0,0.0,0.0,0,0,0,2025-26,True,0.0,0.0,0.0,0.0,0.0,0.0,0.0,0.0,0.0,0.0,0.0,0.0,0.0,False
466,Zirkzee,FWD,14,no_sp,38,607,4,2,1,2.74,0.34,2,42,11.0,0.0,0.0,0,44,0,2025-26,True,0.29654036243822074,0.14827018121911037,0.40626029654036244,0.05041186161449753,1.6309719934102143,0.0,0.0,6.227347611202636,2.75,0.0,0.0,10.5,0.0,False
467,Obi,FWD,14,no_sp,38,0,0,0,0,0.0,0.0,0,0,0.0,0.0,0.0,0,0,0,2025-26,True,0.0,0.0,0.0,0.0,0.0,0.0,0.0,0.0,0.0,0.0,0.0,0.0,0.0,False
468,Wheatley,FWD,14,no_sp,38,0,0,0,0,0.0,0.0,0,0,0.0,0.0,0.0,0,0,0,2025-26,True,0.0,0.0,0.0,0.0,0.0,0.0,0.0,0.0,0.0,0.0,0.0,0.0,0.0,False
473,Hall,DEF,15,fk_primary,38,2176,23,1,2,1.01,2.78,4,79,12.0,16.0,10.0,5,173,0,2025-26,True,0.04136029411764706,0.08272058823529412,0.041773897058823534,0.11498161764705882,0.4963235294117647,0.4136029411764706,0.6617647058823529,3.2674632352941178,0.5217391304347826,0.43478260869565216,0.6956521739130435,3.4347826086956523,0.21739130434782608,True
474,Schär,DEF,15,backup_sp,38,1089,11,0,0,0.97,0.6000000000000001,4,51,0.0,16.0,12.0,6,115,0,2025-26,True,0.0,0.0,0.08016528925619834,0.04958677685950414,0.0,0.9917355371900827,1.322314049586777,4.214876033057851,0.0,1.0909090909090908,1.4545454545454546,4.636363636363637,0.5454545454545454,True
475,Botman,DEF,15,no_sp,38,1834,20,1,1,1.73,0.86,5,89,9.0,20.0,22.0,11,216,0,2025-26,True,0.04907306434023992,0.04907306434023992,0.08489640130861506,0.042202835332606325,0.44165757906215924,1.0796074154852782,0.9814612868047983,4.367502726281352,0.45,1.1,1.0,4.45,0.55,True
476,Burn,DEF,15,no_sp,38,2195,24,1,3,1.08,0.36,6,93,15.0,24.0,20.0,10,225,0,2025-26,True,0.04100227790432802,0.12300683371298406,0.044282460136674265,0.014760820045558086,0.6150341685649202,0.8200455580865603,0.9840546697038725,3.8132118451025057,0.625,0.8333333333333334,1.0,3.875,0.4166666666666667,True
477,Livramento,DEF,15,no_sp,38,1326,14,0,1,0.13,0.89,6,59,3.0,24.0,2.0,1,68,0,2025-26,True,0.0,0.06787330316742082,0.008823529411764707,0.06040723981900453,0.20361990950226244,0.13574660633484165,1.6289592760180995,4.004524886877828,0.21428571428571427,0.14285714285714285,1.7142857142857142,4.214285714285714,0.07142857142857142,True
478,Trippier,DEF,15,backup_sp,38,1586,18,0,1,0.08,2.06,5,54,3.0,20.0,2.0,1,82,0,2025-26,True,0.0,0.05674653215636822,0.004539722572509458,0.11689785624211853,0.17023959646910466,0.11349306431273644,1.1349306431273642,3.064312736443884,0.16666666666666666,0.1111111111111111,1.1111111111111112,3.0,0.05555555555555555,True
479,Krafth,DEF,15,no_sp,38,45,0,0,0,0.0,0.0,0,0,0.0,0.0,0.0,0,1,0,2025-26,True,0.0,0.0,0.0,0.0,0.0,0.0,0.0,0.0,0.0,0.0,0.0,0.0,0.0,False
480,Lascelles,DEF,15,no_sp,38,19,0,0,0,0.04,0.0,0,1,0.0,0.0,0.0,0,5,0,2025-26,True,0.0,0.0,0.18947368421052632,0.0,0.0,0.0,0.0,4.7368421052631575,0.0,0.0,0.0,1.0,0.0,False
481,A.Murphy,DEF,15,no_sp,38,7,0,0,0,0.0,0.0,0,2,0.0,0.0,0.0,0,4,0,2025-26,True,0.0,0.0,0.0,0.0,0.0,0.0,0.0,25.714285714285715,0.0,0.0,0.0,2.0,0.0,False
482,Ashby,DEF,15,no_sp,38,0,0,0,0,0.0,0.0,0,0,0.0,0.0,0.0,0,0,0,2025-26,True,0.0,0.0,0.0,0.0,0.0,0.0,0.0,0.0,0.0,0.0,0.0,0.0,0.0,False
483,Pivas,DEF,15,no_sp,38,0,0,0,0,0.0,0.0,0,0,0.0,0.0,0.0,0,0,0,2025-26,True,0.0,0.0,0.0,0.0,0.0,0.0,0.0,0.0,0.0,0.0,0.0,0.0,0.0,False
484,Targett,DEF,15,no_sp,38,0,0,0,0,0.0,0.0,0,0,0.0,0.0,0.0,0,0,0,2025-26,True,0.0,0.0,0.0,0.0,0.0,0.0,0.0,0.0,0.0,0.0,0.0,0.0,0.0,False
485,Gordon,MID,15,pen_primary,38,1798,21,6,4,8.77,3.38,8,101,42.0,8.0,0.0,0,91,0,2025-26,True,0.3003337041156841,0.20022246941045607,0.4389877641824249,0.16918798665183538,2.1023359288097887,0.0,0.40044493882091214,5.055617352614015,2.0,0.0,0.38095238095238093,4.809523809523809,0.0,True
486,Elanga,MID,15,backup_sp,38,1302,11,0,1,1.65,1.74,2,48,3.0,2.0,0.0,0,55,0,2025-26,True,0.0,0.06912442396313365,0.1140552995391705,0.12027649769585254,0.2073732718894009,0.0,0.1382488479262673,3.3179723502304146,0.2727272727272727,0.0,0.18181818181818182,4.363636363636363,0.0,True
487,Barnes,MID,15,no_sp,38,1951,18,7,1,6.84,2.72,5,106,38.0,5.0,0.0,0,100,0,2025-26,True,0.3229113275243465,0.046130189646335217,0.31553049718093285,0.12547411583803178,1.752947206560738,0.0,0.23065094823167606,4.889800102511533,2.111111111111111,0.0,0.2777777777777778,5.888888888888889,0.0,True
488,Bruno G.,MID,15,backup_sp,38,2456,27,9,7,5.59,4.96,6,154,66.0,6.0,10.0,5,251,0,2025-26,True,0.32980456026058635,0.25651465798045603,0.20484527687296417,0.18175895765472314,2.4185667752442996,0.36644951140065146,0.2198697068403909,5.643322475570033,2.4444444444444446,0.37037037037037035,0.2222222222222222,5.703703703703703,0.18518518518518517,True
489,J.Murphy,MID,15,no_sp,38,1606,17,3,2,3.07,2.66,8,82,21.0,8.0,0.0,0,90,0,2025-26,True,0.16811955168119552,0.112079701120797,0.1720423412204234,0.14906600249066002,1.1768368617683687,0.0,0.448318804483188,4.595267745952677,1.2352941176470589,0.0,0.47058823529411764,4.823529411764706,0.0,True
490,Joelinton,MID,15,no_sp,38,1950,20,2,1,2.36,1.35,5,73,13.0,5.0,16.0,8,238,0,2025-26,True,0.0923076923076923,0.04615384615384615,0.10892307692307691,0.06230769230769231,0.6,0.7384615384615384,0.23076923076923075,3.3692307692307693,0.65,0.8,0.25,3.65,0.4,True
491,Tonali,MID,15,corner_primary,38,2534,27,0,2,1.75,2.87,7,81,6.0,7.0,8.0,4,257,0,2025-26,True,0.0,0.07103393843725335,0.062154696132596686,0.10193370165745858,0.21310181531176006,0.2841357537490134,0.24861878453038674,2.876874506708761,0.2222222222222222,0.2962962962962963,0.25925925925925924,3.0,0.14814814814814814,True
492,Antoñito C.,MID,15,no_sp,38,0,0,0,0,0.0,0.0,0,0,0.0,0.0,0.0,0,0,0,2025-26,True,0.0,0.0,0.0,0.0,0.0,0.0,0.0,0.0,0.0,0.0,0.0,0.0,0.0,False
493,Longstaff,MID,11,backup_sp,38,1003,9,2,2,1.23,1.87,1,56,16.0,1.0,4.0,2,110,0,2025-26,True,0.1794616151545364,0.1794616151545364,0.11036889332003988,0.16779661016949154,1.4356929212362912,0.3589232303090728,0.0897308075772682,5.024925224327019,1.7777777777777777,0.4444444444444444,0.1111111111111111,6.222222222222222,0.2222222222222222,False
494,Willock,MID,15,no_sp,38,972,8,0,2,1.26,1.07,3,38,6.0,3.0,0.0,0,89,0,2025-26,True,0.0,0.18518518518518517,0.11666666666666665,0.09907407407407408,0.5555555555555555,0.0,0.27777777777777773,3.518518518518518,0.75,0.0,0.375,4.75,0.0,False
495,Hayden,MID,15,no_sp,38,0,0,0,0,0.0,0.0,0,0,0.0,0.0,0.0,0,0,0,2025-26,True,0.0,0.0,0.0,0.0,0.0,0.0,0.0,0.0,0.0,0.0,0.0,0.0,0.0,False
496,Kuol,MID,15,no_sp,38,0,0,0,0,0.0,0.0,0,0,0.0,0.0,0.0,0,0,0,2025-26,True,0.0,0.0,0.0,0.0,0.0,0.0,0.0,0.0,0.0,0.0,0.0,0.0,0.0,False
497,L.Miley,MID,15,no_sp,38,1493,15,1,4,1.36,2.1,2,72,17.0,2.0,10.0,5,155,0,2025-26,True,0.06028131279303416,0.24112525117213665,0.08198258539852646,0.12659075686537175,1.0247823174815807,0.6028131279303416,0.12056262558606833,4.340254521098459,1.1333333333333333,0.6666666666666666,0.13333333333333333,4.8,0.3333333333333333,True
498,White,MID,15,no_sp,38,0,0,0,0,0.0,0.0,0,0,0.0,0.0,0.0,0,0,0,2025-26,True,0.0,0.0,0.0,0.0,0.0,0.0,0.0,0.0,0.0,0.0,0.0,0.0,0.0,False
499,Isak,FWD,12,no_sp,38,694,8,3,1,2.59,0.08,1,41,15.0,0.0,0.0,0,30,0,2025-26,True,0.38904899135446686,0.12968299711815562,0.335878962536023,0.01037463976945245,1.9452449567723342,0.0,0.0,5.31700288184438,1.875,0.0,0.0,5.125,0.0,False
500,Osula,FWD,15,no_sp,38,805,8,7,1,4.28,0.62,2,76,31.0,0.0,0.0,0,31,0,2025-26,True,0.782608695652174,0.11180124223602485,0.4785093167701864,0.0693167701863354,3.4658385093167703,0.0,0.0,8.496894409937887,3.875,0.0,0.0,9.5,0.0,False
501,Neave,FWD,15,no_sp,38,13,0,0,0,0.03,0.0,0,1,0.0,0.0,0.0,0,0,0,2025-26,True,0.0,0.0,0.2076923076923077,0.0,0.0,0.0,0.0,6.923076923076923,0.0,0.0,0.0,1.0,0.0,False
505,Milenković,DEF,16,no_sp,38,3375,37,0,1,0.83,0.68,9,119,3.0,36.0,26.0,13,311,0,2025-26,True,0.0,0.02666666666666667,0.02213333333333333,0.018133333333333335,0.08,0.6933333333333334,0.96,3.1733333333333333,0.08108108108108109,0.7027027027027027,0.972972972972973,3.2162162162162162,0.35135135135135137,True
506,Murillo,DEF,16,backup_sp,38,2130,23,1,0,0.73,0.47,6,83,6.0,24.0,18.0,9,223,0,2025-26,True,0.04225352112676056,0.0,0.03084507042253521,0.019859154929577464,0.2535211267605634,0.7605633802816901,1.0140845070422535,3.5070422535211265,0.2608695652173913,0.782608695652174,1.0434782608695652,3.608695652173913,0.391304347826087,True
507,Aina,DEF,16,no_sp,38,1587,18,0,2,0.41000000000000003,0.8400000000000001,6,67,6.0,24.0,4.0,2,130,0,2025-26,True,0.0,0.11342155009451796,0.023251417769376184,0.04763705103969755,0.3402646502835539,0.22684310018903592,1.3610586011342156,3.799621928166352,0.3333333333333333,0.2222222222222222,1.3333333333333333,3.7222222222222223,0.1111111111111111,True
508,N.Williams,DEF,16,backup_sp,38,3203,34,2,3,2.01,3.97,9,128,21.0,36.0,8.0,4,247,0,2025-26,True,0.0561973150171714,0.0842959725257571,0.05647830159225725,0.11155167030908524,0.5900718076802998,0.2247892600686856,1.0115516703090852,3.5966281610989697,0.6176470588235294,0.23529411764705882,1.0588235294117647,3.764705882352941,0.11764705882352941,True
509,David Carmo,DEF,16,no_sp,38,0,0,0,0,0.0,0.0,0,0,0.0,0.0,0.0,0,0,0,2025-26,True,0.0,0.0,0.0,0.0,0.0,0.0,0.0,0.0,0.0,0.0,0.0,0.0,0.0,False
510,Jair Cunha,DEF,16,no_sp,38,514,4,0,0,0.27,0.060000000000000005,0,13,0.0,0.0,2.0,1,47,0,2025-26,True,0.0,0.0,0.04727626459143969,0.010505836575875487,0.0,0.35019455252918286,0.0,2.2762645914396886,0.0,0.5,0.0,3.25,0.25,False
511,Morato,DEF,16,no_sp,38,1340,14,1,0,1.32,0.15000000000000002,2,53,6.0,8.0,14.0,7,144,0,2025-26,True,0.06716417910447761,0.0,0.08865671641791045,0.010074626865671643,0.40298507462686567,0.9402985074626865,0.5373134328358209,3.559701492537313,0.42857142857142855,1.0,0.5714285714285714,3.7857142857142856,0.5,True
512,O.Richards,DEF,16,no_sp,38,0,0,0,0,0.0,0.0,0,0,0.0,0.0,0.0,0,0,0,2025-26,True,0.0,0.0,0.0,0.0,0.0,0.0,0.0,0.0,0.0,0.0,0.0,0.0,0.0,False
513,Abbott,DEF,16,no_sp,38,165,1,0,0,0.0,0.01,0,3,0.0,0.0,0.0,0,13,0,2025-26,True,0.0,0.0,0.0,0.005454545454545455,0.0,0.0,0.0,1.6363636363636365,0.0,0.0,0.0,3.0,0.0,False
514,Boly,DEF,16,no_sp,38,0,0,0,0,0.0,0.0,0,0,0.0,0.0,0.0,0,0,0,2025-26,True,0.0,0.0,0.0,0.0,0.0,0.0,0.0,0.0,0.0,0.0,0.0,0.0,0.0,False
515,Gibbs-White,MID,16,fk_primary,38,3101,35,15,4,10.81,2.91,10,188,87.0,10.0,2.0,1,178,0,2025-26,True,0.43534343760077393,0.11609158336020639,0.3137375040309578,0.08445662689455015,2.5249919380844887,0.058045791680103195,0.29022895840051594,5.4563044179297,2.4857142857142858,0.05714285714285714,0.2857142857142857,5.371428571428571,0.02857142857142857,True
516,Hudson-Odoi,MID,16,no_sp,38,1838,17,3,4,2.77,3.02,6,88,27.0,6.0,0.0,0,106,0,2025-26,True,0.14689880304679,0.19586507072905332,0.13563656147986944,0.14787812840043527,1.32208922742111,0.0,0.29379760609358,4.309031556039173,1.588235294117647,0.0,0.35294117647058826,5.176470588235294,0.0,True
517,Anderson,MID,16,corner_primary,38,3332,37,4,5,2.94,4.79,10,180,35.0,10.0,52.0,26,515,0,2025-26,True,0.10804321728691475,0.13505402160864344,0.07941176470588235,0.12938175270108043,0.9453781512605041,1.4045618247298919,0.2701080432172869,4.861944777911164,0.9459459459459459,1.4054054054054055,0.2702702702702703,4.864864864864865,0.7027027027027027,True
518,Jota,MID,16,no_sp,38,11,0,0,0,0.0,0.0,0,1,0.0,0.0,0.0,0,3,0,2025-26,True,0.0,0.0,0.0,0.0,0.0,0.0,0.0,8.181818181818182,0.0,0.0,0.0,1.0,0.0,False
519,Dominguez,MID,16,no_sp,38,1168,8,1,1,1.47,0.77,3,48,8.0,3.0,2.0,1,143,0,2025-26,True,0.07705479452054795,0.07705479452054795,0.11327054794520548,0.05933219178082192,0.6164383561643836,0.1541095890410959,0.23116438356164384,3.6986301369863015,1.0,0.25,0.375,6.0,0.125,False
520,O'Brien,MID,16,no_sp,38,0,0,0,0,0.0,0.0,0,0,0.0,0.0,0.0,0,0,0,2025-26,True,0.0,0.0,0.0,0.0,0.0,0.0,0.0,0.0,0.0,0.0,0.0,0.0,0.0,False
521,Sangaré,MID,16,no_sp,38,2073,22,2,2,1.16,1.8,8,89,16.0,8.0,18.0,9,267,0,2025-26,True,0.08683068017366136,0.08683068017366136,0.05036179450072358,0.07814761215629522,0.6946454413892909,0.7814761215629522,0.3473227206946454,3.8639652677279304,0.7272727272727273,0.8181818181818182,0.36363636363636365,4.045454545454546,0.4090909090909091,True
522,Yates,MID,16,no_sp,38,602,3,0,2,0.49,0.37,0,30,6.0,0.0,2.0,1,69,0,2025-26,True,0.0,0.29900332225913623,0.07325581395348837,0.0553156146179402,0.8970099667774086,0.29900332225913623,0.0,4.485049833887043,2.0,0.6666666666666666,0.0,10.0,0.3333333333333333,False
523,Da Silva Moreira,MID,16,no_sp,38,0,0,0,0,0.0,0.0,0,0,0.0,0.0,0.0,0,0,0,2025-26,True,0.0,0.0,0.0,0.0,0.0,0.0,0.0,0.0,0.0,0.0,0.0,0.0,0.0,False
524,Stamenic,MID,16,no_sp,38,0,0,0,0,0.0,0.0,0,0,0.0,0.0,0.0,0,0,0,2025-26,True,0.0,0.0,0.0,0.0,0.0,0.0,0.0,0.0,0.0,0.0,0.0,0.0,0.0,False
525,Wood,FWD,16,pen_primary,38,896,10,3,0,4.29,0.32,2,41,12.0,0.0,0.0,0,29,0,2025-26,True,0.3013392857142857,0.0,0.4309151785714286,0.03214285714285714,1.2053571428571428,0.0,0.0,4.118303571428571,1.2,0.0,0.0,4.1,0.0,False
526,Igor Jesus,FWD,16,backup_sp,38,2293,24,6,6,6.4799999999999995,1.26,9,114,42.0,0.0,0.0,0,123,0,2025-26,True,0.23549934583515045,0.23549934583515045,0.2543392935019625,0.049454862625381596,1.6484954208460532,0.0,0.0,4.474487570867859,1.75,0.0,0.0,4.75,0.0,True
527,Awoniyi,FWD,16,no_sp,38,480,2,4,2,3.68,0.77,1,43,22.0,0.0,0.0,0,26,0,2025-26,True,0.75,0.375,0.6900000000000001,0.144375,4.125,0.0,0.0,8.0625,11.0,0.0,0.0,21.5,0.0,False
531,Ballard,DEF,17,no_sp,38,2144,22,2,2,2.46,0.63,6,116,18.0,24.0,28.0,14,264,0,2025-26,True,0.08395522388059701,0.08395522388059701,0.10326492537313432,0.02644589552238806,0.7555970149253731,1.1753731343283582,1.007462686567164,4.869402985074626,0.8181818181818182,1.2727272727272727,1.0909090909090908,5.2727272727272725,0.6363636363636364,True
532,Hume,DEF,17,backup_sp,38,3032,32,2,1,2.27,2.05,9,110,15.0,36.0,4.0,2,203,0,2025-26,True,0.059366754617414245,0.029683377308707123,0.06738126649076517,0.060850923482849595,0.44525065963060684,0.11873350923482849,1.0686015831134563,3.2651715039577835,0.46875,0.125,1.125,3.4375,0.0625,True
533,Alese,DEF,17,no_sp,38,0,0,0,0,0.0,0.0,0,0,0.0,0.0,0.0,0,0,0,2025-26,True,0.0,0.0,0.0,0.0,0.0,0.0,0.0,0.0,0.0,0.0,0.0,0.0,0.0,False
534,Anderson,DEF,17,no_sp,38,0,0,0,0,0.0,0.0,0,0,0.0,0.0,0.0,0,0,0,2025-26,True,0.0,0.0,0.0,0.0,0.0,0.0,0.0,0.0,0.0,0.0,0.0,0.0,0.0,False
535,Cirkin,DEF,17,no_sp,38,319,2,0,0,0.08,0.02,1,14,0.0,4.0,2.0,1,28,0,2025-26,True,0.0,0.0,0.022570532915360503,0.005642633228840126,0.0,0.5642633228840126,1.1285266457680252,3.949843260188088,0.0,1.0,2.0,7.0,0.5,False
536,Hjelde,DEF,17,no_sp,38,0,0,0,0,0.0,0.0,0,0,0.0,0.0,0.0,0,0,0,2025-26,True,0.0,0.0,0.0,0.0,0.0,0.0,0.0,0.0,0.0,0.0,0.0,0.0,0.0,False
537,Huggins,DEF,17,no_sp,38,0,0,0,0,0.0,0.0,0,0,0.0,0.0,0.0,0,0,0,2025-26,True,0.0,0.0,0.0,0.0,0.0,0.0,0.0,0.0,0.0,0.0,0.0,0.0,0.0,False
538,Johnson,DEF,17,no_sp,38,0,0,0,0,0.0,0.0,0,0,0.0,0.0,0.0,0,0,0,2025-26,True,0.0,0.0,0.0,0.0,0.0,0.0,0.0,0.0,0.0,0.0,0.0,0.0,0.0,False
539,O'Nien,DEF,17,no_sp,38,565,6,0,1,0.15000000000000002,0.13,2,26,3.0,8.0,2.0,1,43,0,2025-26,True,0.0,0.1592920353982301,0.023893805309734516,0.020707964601769914,0.4778761061946903,0.3185840707964602,1.2743362831858407,4.1415929203539825,0.5,0.3333333333333333,1.3333333333333333,4.333333333333333,0.16666666666666666,False
540,Pembele,DEF,17,no_sp,38,0,0,0,0,0.0,0.0,0,0,0.0,0.0,0.0,0,0,0,2025-26,True,0.0,0.0,0.0,0.0,0.0,0.0,0.0,0.0,0.0,0.0,0.0,0.0,0.0,False
541,Reinildo,DEF,17,no_sp,38,1966,21,0,2,0.13,0.62,6,74,6.0,24.0,8.0,4,164,0,2025-26,True,0.0,0.09155645981688708,0.005951169888097661,0.028382502543234996,0.2746693794506612,0.3662258392675483,1.0986775178026449,3.387589013224822,0.2857142857142857,0.38095238095238093,1.1428571428571428,3.5238095238095237,0.19047619047619047,True
542,Seelt,DEF,17,no_sp,38,133,1,0,0,0.0,0.01,0,2,0.0,0.0,0.0,0,12,0,2025-26,True,0.0,0.0,0.0,0.006766917293233083,0.0,0.0,0.0,1.3533834586466165,0.0,0.0,0.0,2.0,0.0,False
543,Adingra,MID,17,no_sp,38,649,7,1,1,0.35000000000000003,0.62,4,34,8.0,4.0,0.0,0,45,0,2025-26,True,0.1386748844375963,0.1386748844375963,0.04853620955315871,0.0859784283513097,1.1093990755007703,0.0,0.5546995377503852,4.714946070878274,1.1428571428571428,0.0,0.5714285714285714,4.857142857142857,0.0,False
544,Diarra,MID,17,pen_primary,38,1403,15,2,6,3.27,0.85,5,65,28.0,5.0,0.0,0,79,0,2025-26,True,0.12829650748396293,0.38488952245188884,0.2097647897362794,0.05452601568068425,1.7961511047754812,0.0,0.3207412687099073,4.169636493228795,1.8666666666666667,0.0,0.3333333333333333,4.333333333333333,0.0,True
545,Roberts,MID,17,no_sp,38,27,0,0,0,0.03,0.02,0,1,0.0,0.0,0.0,0,1,0,2025-26,True,0.0,0.0,0.1,0.06666666666666667,0.0,0.0,0.0,3.3333333333333335,0.0,0.0,0.0,1.0,0.0,False
546,Aleksić,MID,17,no_sp,38,0,0,0,0,0.0,0.0,0,0,0.0,0.0,0.0,0,0,0,2025-26,True,0.0,0.0,0.0,0.0,0.0,0.0,0.0,0.0,0.0,0.0,0.0,0.0,0.0,False
547,E.Le Fée,MID,17,backup_sp,38,2930,33,5,6,5.22,5.95,10,147,43.0,10.0,16.0,8,319,1,2025-26,True,0.15358361774744025,0.18430034129692832,0.16034129692832763,0.1827645051194539,1.3208191126279862,0.49146757679180886,0.3071672354948805,4.5153583617747435,1.303030303030303,0.48484848484848486,0.30303030303030304,4.454545454545454,0.24242424242424243,True
548,Mundle,MID,17,no_sp,38,399,1,0,0,0.87,0.48,0,14,0.0,0.0,0.0,0,33,0,2025-26,True,0.0,0.0,0.19624060150375938,0.10827067669172931,0.0,0.0,0.0,3.1578947368421053,0.0,0.0,0.0,14.0,0.0,False
549,Neil,MID,17,no_sp,38,13,0,0,0,0.0,0.0,0,3,0.0,0.0,0.0,0,2,0,2025-26,True,0.0,0.0,0.0,0.0,0.0,0.0,0.0,20.76923076923077,0.0,0.0,0.0,3.0,0.0,False
550,Poveda,MID,17,no_sp,38,0,0,0,0,0.0,0.0,0,0,0.0,0.0,0.0,0,0,0,2025-26,True,0.0,0.0,0.0,0.0,0.0,0.0,0.0,0.0,0.0,0.0,0.0,0.0,0.0,False
551,Rigg,MID,17,no_sp,38,758,7,1,1,0.86,0.9299999999999999,3,36,8.0,3.0,0.0,0,57,0,2025-26,True,0.11873350923482849,0.11873350923482849,0.10211081794195251,0.11042216358839049,0.9498680738786279,0.0,0.35620052770448546,4.274406332453825,1.1428571428571428,0.0,0.42857142857142855,5.142857142857143,0.0,False
552,Sadiki,MID,17,no_sp,38,2891,33,0,2,1.43,1.46,9,80,6.0,9.0,8.0,4,248,0,2025-26,True,0.0,0.062262193012798346,0.044517468004150816,0.04545140089934279,0.18678657903839505,0.24904877205119338,0.2801798685575925,2.4904877205119336,0.18181818181818182,0.24242424242424243,0.2727272727272727,2.4242424242424243,0.12121212121212122,True
553,Talbi,MID,17,no_sp,38,1553,16,4,2,2.13,1.1800000000000002,7,83,26.0,7.0,0.0,0,92,0,2025-26,True,0.231809401159047,0.1159047005795235,0.12343850611719252,0.06838377334191888,1.5067611075338054,0.0,0.40566645202833224,4.810045074050225,1.625,0.0,0.4375,5.1875,0.0,True
554,Ba,MID,17,no_sp,38,0,0,0,0,0.0,0.0,0,0,0.0,0.0,0.0,0,0,0,2025-26,True,0.0,0.0,0.0,0.0,0.0,0.0,0.0,0.0,0.0,0.0,0.0,0.0,0.0,False
555,Browne,MID,17,no_sp,38,0,0,0,0,0.0,0.0,0,0,0.0,0.0,0.0,0,0,0,2025-26,True,0.0,0.0,0.0,0.0,0.0,0.0,0.0,0.0,0.0,0.0,0.0,0.0,0.0,False
556,Ekwah,MID,17,no_sp,38,0,0,0,0,0.0,0.0,0,0,0.0,0.0,0.0,0,0,0,2025-26,True,0.0,0.0,0.0,0.0,0.0,0.0,0.0,0.0,0.0,0.0,0.0,0.0,0.0,False
557,H.Jones,MID,17,no_sp,38,0,0,0,0,0.0,0.0,0,0,0.0,0.0,0.0,0,0,0,2025-26,True,0.0,0.0,0.0,0.0,0.0,0.0,0.0,0.0,0.0,0.0,0.0,0.0,0.0,False
558,Matete,MID,17,no_sp,38,0,0,0,0,0.0,0.0,0,0,0.0,0.0,0.0,0,0,0,2025-26,True,0.0,0.0,0.0,0.0,0.0,0.0,0.0,0.0,0.0,0.0,0.0,0.0,0.0,False
559,Triantis,MID,17,no_sp,38,0,0,0,0,0.0,0.0,0,0,0.0,0.0,0.0,0,0,0,2025-26,True,0.0,0.0,0.0,0.0,0.0,0.0,0.0,0.0,0.0,0.0,0.0,0.0,0.0,False
560,Isidor,FWD,17,no_sp,38,1148,9,6,1,4.7,0.38,4,74,27.0,0.0,0.0,0,51,0,2025-26,True,0.470383275261324,0.078397212543554,0.3684668989547038,0.02979094076655052,2.1167247386759582,0.0,0.0,5.801393728222996,3.0,0.0,0.0,8.222222222222221,0.0,False
561,Mayenda,FWD,17,no_sp,38,751,7,2,0,2.13,0.22,3,40,8.0,0.0,0.0,0,26,0,2025-26,True,0.23968042609853527,0.0,0.25525965379494003,0.02636484687083888,0.9587217043941411,0.0,0.0,4.793608521970706,1.1428571428571428,0.0,0.0,5.714285714285714,0.0,False
562,Abdullahi,FWD,17,no_sp,38,0,0,0,0,0.0,0.0,0,0,0.0,0.0,0.0,0,0,0,2025-26,True,0.0,0.0,0.0,0.0,0.0,0.0,0.0,0.0,0.0,0.0,0.0,0.0,0.0,False
563,Luís Hemir,FWD,17,no_sp,38,0,0,0,0,0.0,0.0,0,0,0.0,0.0,0.0,0,0,0,2025-26,True,0.0,0.0,0.0,0.0,0.0,0.0,0.0,0.0,0.0,0.0,0.0,0.0,0.0,False
564,Rusyn,FWD,17,no_sp,38,0,0,0,0,0.0,0.0,0,0,0.0,0.0,0.0,0,0,0,2025-26,True,0.0,0.0,0.0,0.0,0.0,0.0,0.0,0.0,0.0,0.0,0.0,0.0,0.0,False
568,Pedro Porro,DEF,18,backup_sp,38,2793,31,1,3,1.05,4.37,9,117,15.0,36.0,16.0,8,218,0,2025-26,True,0.032223415682062294,0.09667024704618689,0.03383458646616541,0.14081632653061224,0.48335123523093443,0.5155746509129967,1.1600429645542427,3.7701396348012888,0.4838709677419355,0.5161290322580645,1.1612903225806452,3.774193548387097,0.25806451612903225,True
569,Romero,DEF,18,no_sp,38,1869,20,4,1,1.39,1.25,5,91,27.0,20.0,18.0,9,197,0,2025-26,True,0.1926163723916533,0.048154093097913325,0.06693418940609952,0.06019261637239166,1.3001605136436598,0.8667736757624398,0.9630818619582665,4.382022471910113,1.35,0.9,1.0,4.55,0.45,True
570,Danso,DEF,18,no_sp,38,1489,15,0,0,0.62,0.28,4,63,0.0,16.0,24.0,12,192,0,2025-26,True,0.0,0.0,0.037474815312290126,0.016924110141034253,0.0,1.4506380120886502,0.9670920080591001,3.8079247817327064,0.0,1.6,1.0666666666666667,4.2,0.8,True
571,Davies,DEF,18,no_sp,38,136,1,1,0,0.49,0.07,0,10,6.0,0.0,0.0,0,14,0,2025-26,True,0.6617647058823529,0.0,0.32426470588235295,0.046323529411764715,3.9705882352941178,0.0,0.0,6.61764705882353,6.0,0.0,0.0,10.0,0.0,False
572,Dragusin,DEF,18,no_sp,38,515,5,0,0,0.31,0.01,0,17,0.0,0.0,8.0,4,75,0,2025-26,True,0.0,0.0,0.054174757281553396,0.0017475728155339806,0.0,1.3980582524271845,0.0,2.970873786407767,0.0,1.6,0.0,3.4,0.8,False
573,Spence,DEF,18,no_sp,38,2049,22,0,0,0.9,1.7699999999999998,9,78,0.0,36.0,2.0,1,116,0,2025-26,True,0.0,0.0,0.03953147877013177,0.07774524158125914,0.0,0.08784773060029283,1.581259150805271,3.4260614934114204,0.0,0.09090909090909091,1.6363636363636365,3.5454545454545454,0.045454545454545456,True
574,Udogie,DEF,18,no_sp,38,1335,13,0,1,0.18,0.72,1,29,3.0,4.0,0.0,0,68,0,2025-26,True,0.0,0.06741573033707865,0.012134831460674156,0.04853932584269662,0.20224719101123595,0.0,0.2696629213483146,1.9550561797752808,0.23076923076923078,0.0,0.3076923076923077,2.230769230769231,0.0,True
575,Van de Ven,DEF,18,no_sp,38,3041,33,4,1,2.8200000000000003,0.38,9,116,27.0,36.0,6.0,3,212,0,2025-26,True,0.1183821111476488,0.0295955277869122,0.0834593883590924,0.011246300559026635,0.7990792502466293,0.1775731667214732,1.0654390003288392,3.433081223281815,0.8181818181818182,0.18181818181818182,1.0909090909090908,3.515151515151515,0.09090909090909091,True
576,Phillips,DEF,18,no_sp,38,0,0,0,0,0.0,0.0,0,0,0.0,0.0,0.0,0,0,0,2025-26,True,0.0,0.0,0.0,0.0,0.0,0.0,0.0,0.0,0.0,0.0,0.0,0.0,0.0,False
577,Takai,DEF,18,no_sp,38,0,0,0,0,0.0,0.0,0,0,0.0,0.0,0.0,0,0,0,2025-26,True,0.0,0.0,0.0,0.0,0.0,0.0,0.0,0.0,0.0,0.0,0.0,0.0,0.0,False
578,Vuskovic,DEF,18,no_sp,38,0,0,0,0,0.0,0.0,0,0,0.0,0.0,0.0,0,0,0,2025-26,True,0.0,0.0,0.0,0.0,0.0,0.0,0.0,0.0,0.0,0.0,0.0,0.0,0.0,False
579,Son,MID,18,no_sp,38,0,0,0,0,0.0,0.0,0,0,0.0,0.0,0.0,0,0,0,2025-26,True,0.0,0.0,0.0,0.0,0.0,0.0,0.0,0.0,0.0,0.0,0.0,0.0,0.0,False
580,Johnson,MID,8,corner_primary,38,1710,16,2,1,2.45,1.31,6,65,13.0,6.0,0.0,0,121,0,2025-26,True,0.10526315789473684,0.05263157894736842,0.12894736842105264,0.06894736842105263,0.6842105263157895,0.0,0.3157894736842105,3.4210526315789473,0.8125,0.0,0.375,4.0625,0.0,True
581,Maddison,MID,18,no_sp,38,34,0,0,0,0.21,0.06,0,3,0.0,0.0,0.0,0,5,0,2025-26,True,0.0,0.0,0.5558823529411765,0.1588235294117647,0.0,0.0,0.0,7.9411764705882355,0.0,0.0,0.0,3.0,0.0,False
582,Kudus,MID,18,backup_sp,38,1535,17,2,6,1.92,2.41,7,75,28.0,7.0,0.0,0,133,0,2025-26,True,0.11726384364820845,0.3517915309446254,0.11257328990228012,0.1413029315960912,1.6416938110749184,0.0,0.4104234527687296,4.397394136807817,1.6470588235294117,0.0,0.4117647058823529,4.411764705882353,0.0,True
583,Kulusevski,MID,18,no_sp,38,0,0,0,0,0.0,0.0,0,0,0.0,0.0,0.0,0,0,0,2025-26,True,0.0,0.0,0.0,0.0,0.0,0.0,0.0,0.0,0.0,0.0,0.0,0.0,0.0,False
584,Tel,MID,18,corner_primary,38,1334,12,4,2,2.47,2.43,3,78,26.0,3.0,0.0,0,111,0,2025-26,True,0.2698650674662669,0.13493253373313344,0.1666416791604198,0.16394302848575712,1.7541229385307346,0.0,0.20239880059970014,5.262368815592204,2.1666666666666665,0.0,0.25,6.5,0.0,True
585,Bentancur,MID,18,no_sp,38,1880,21,1,1,0.72,0.8400000000000001,8,86,8.0,8.0,26.0,13,278,0,2025-26,True,0.047872340425531915,0.047872340425531915,0.034468085106382974,0.040212765957446814,0.3829787234042553,1.2446808510638299,0.3829787234042553,4.117021276595745,0.38095238095238093,1.2380952380952381,0.38095238095238093,4.095238095238095,0.6190476190476191,True
586,Bergvall,MID,18,no_sp,38,955,9,1,3,1.23,0.43,3,49,14.0,3.0,2.0,1,79,0,2025-26,True,0.09424083769633508,0.28272251308900526,0.11591623036649215,0.04052356020942408,1.3193717277486912,0.18848167539267016,0.28272251308900526,4.617801047120419,1.5555555555555556,0.2222222222222222,0.3333333333333333,5.444444444444445,0.1111111111111111,False
587,Bissouma,MID,18,no_sp,38,600,5,0,0,0.36,0.1,1,17,0.0,1.0,4.0,2,74,0,2025-26,True,0.0,0.0,0.05399999999999999,0.015,0.0,0.6,0.15,2.55,0.0,0.8,0.2,3.4,0.4,False
588,Odobert,MID,18,no_sp,38,972,8,0,2,1.92,1.21,2,46,6.0,2.0,0.0,0,77,0,2025-26,True,0.0,0.18518518518518517,0.17777777777777776,0.11203703703703703,0.5555555555555555,0.0,0.18518518518518517,4.259259259259259,0.75,0.0,0.25,5.75,0.0,False
589,Solomon,MID,18,no_sp,38,0,0,0,0,0.0,0.0,0,0,0.0,0.0,0.0,0,0,0,2025-26,True,0.0,0.0,0.0,0.0,0.0,0.0,0.0,0.0,0.0,0.0,0.0,0.0,0.0,False
590,Bryan,MID,18,no_sp,38,0,0,0,0,0.0,0.0,0,0,0.0,0.0,0.0,0,0,0,2025-26,True,0.0,0.0,0.0,0.0,0.0,0.0,0.0,0.0,0.0,0.0,0.0,0.0,0.0,False
591,Gray,MID,18,no_sp,38,1471,15,2,2,1.5,1.29,5,61,16.0,5.0,0.0,0,132,0,2025-26,True,0.12236573759347383,0.12236573759347383,0.09177430319510536,0.07892590074779061,0.9789259007477906,0.0,0.30591434398368456,3.7321549966009515,1.0666666666666667,0.0,0.3333333333333333,4.066666666666666,0.0,True
592,Moore,MID,18,no_sp,38,0,0,0,0,0.0,0.0,0,0,0.0,0.0,0.0,0,0,0,2025-26,True,0.0,0.0,0.0,0.0,0.0,0.0,0.0,0.0,0.0,0.0,0.0,0.0,0.0,False
593,P.M.Sarr,MID,18,no_sp,38,1388,13,2,4,1.6300000000000001,1.1099999999999999,3,71,22.0,3.0,8.0,4,183,0,2025-26,True,0.12968299711815562,0.25936599423631124,0.10569164265129684,0.07197406340057635,1.4265129682997117,0.5187319884726225,0.19452449567723343,4.6037463976945245,1.6923076923076923,0.6153846153846154,0.23076923076923078,5.461538461538462,0.3076923076923077,True
594,Min-hyeok,MID,18,no_sp,38,0,0,0,0,0.0,0.0,0,0,0.0,0.0,0.0,0,0,0,2025-26,True,0.0,0.0,0.0,0.0,0.0,0.0,0.0,0.0,0.0,0.0,0.0,0.0,0.0,False
595,Olusesi,MID,18,no_sp,38,14,0,0,0,0.0,0.01,0,1,0.0,0.0,0.0,0,2,0,2025-26,True,0.0,0.0,0.0,0.06428571428571428,0.0,0.0,0.0,6.428571428571429,0.0,0.0,0.0,1.0,0.0,False
596,Solanke,FWD,18,backup_sp,38,997,10,3,0,2.9699999999999998,0.33999999999999997,0,40,12.0,0.0,0.0,0,71,0,2025-26,True,0.2708124373119358,0.0,0.2681043129388164,0.030692076228686055,1.0832497492477433,0.0,0.0,3.6108324974924777,1.2,0.0,0.0,4.0,0.0,True
597,Richarlison,FWD,18,backup_sp,38,1954,19,11,4,8.64,1.46,7,119,56.0,0.0,0.0,0,147,0,2025-26,True,0.5066530194472876,0.18423746161719548,0.3979529170931423,0.06724667349027635,2.579324462640737,0.0,0.0,5.481064483111566,2.9473684210526314,0.0,0.0,6.2631578947368425,0.0,True
598,Lankshear,FWD,18,no_sp,38,0,0,0,0,0.0,0.0,0,0,0.0,0.0,0.0,0,0,0,2025-26,True,0.0,0.0,0.0,0.0,0.0,0.0,0.0,0.0,0.0,0.0,0.0,0.0,0.0,False
599,Scarlett,FWD,18,no_sp,38,7,0,0,0,0.0,0.01,0,2,0.0,0.0,0.0,0,1,0,2025-26,True,0.0,0.0,0.0,0.12857142857142856,0.0,0.0,0.0,25.714285714285715,0.0,0.0,0.0,2.0,0.0,False
603,Diouf,DEF,19,no_sp,38,2706,30,0,6,0.5700000000000001,2.5100000000000002,9,104,18.0,36.0,8.0,4,205,0,2025-26,True,0.0,0.19955654101995565,0.018957871396895788,0.08348115299334813,0.5986696230598669,0.2660753880266075,1.1973392461197339,3.458980044345898,0.6,0.26666666666666666,1.2,3.466666666666667,0.13333333333333333,True
604,Emerson,DEF,19,no_sp,38,0,0,0,0,0.0,0.0,0,0,0.0,0.0,0.0,0,0,0,2025-26,True,0.0,0.0,0.0,0.0,0.0,0.0,0.0,0.0,0.0,0.0,0.0,0.0,0.0,False
605,Kilman,DEF,19,no_sp,38,1559,17,0,0,0.56,0.25,1,36,0.0,4.0,12.0,6,160,0,2025-26,True,0.0,0.0,0.03232841565105837,0.014432328415651058,0.0,0.6927517639512508,0.23091725465041693,2.0782552918537522,0.0,0.7058823529411765,0.23529411764705882,2.1176470588235294,0.35294117647058826,True
606,Mavropanos,DEF,19,no_sp,38,2532,27,3,0,2.47,0.7,6,122,18.0,24.0,36.0,18,313,0,2025-26,True,0.1066350710900474,0.0,0.08779620853080569,0.024881516587677725,0.6398104265402844,1.2796208530805688,0.8530805687203792,4.3364928909952605,0.6666666666666666,1.3333333333333333,0.8888888888888888,4.518518518518518,0.6666666666666666,True
607,N.Aguerd,DEF,19,no_sp,38,180,2,0,0,0.1,0.03,0,3,0.0,0.0,2.0,1,15,0,2025-26,True,0.0,0.0,0.05,0.015,0.0,1.0,0.0,1.5,0.0,1.0,0.0,1.5,0.5,False
608,Scarles,DEF,19,backup_sp,38,656,7,0,1,0.18000000000000002,0.32,0,21,3.0,0.0,4.0,2,74,0,2025-26,True,0.0,0.13719512195121952,0.024695121951219517,0.04390243902439025,0.41158536585365857,0.5487804878048781,0.0,2.88109756097561,0.42857142857142855,0.5714285714285714,0.0,3.0,0.2857142857142857,False
609,Todibo,DEF,19,no_sp,38,1817,19,0,1,0.25,0.32,1,46,3.0,4.0,16.0,8,165,0,2025-26,True,0.0,0.04953219592735278,0.012383048981838195,0.015850302696752888,0.14859658778205834,0.7925151348376445,0.19812878370941112,2.2784810126582276,0.15789473684210525,0.8421052631578947,0.21052631578947367,2.4210526315789473,0.42105263157894735,True
610,Wan-Bissaka,DEF,19,no_sp,38,2080,23,0,3,0.0,1.0,3,67,9.0,12.0,16.0,8,174,0,2025-26,True,0.0,0.12980769230769232,0.0,0.04326923076923077,0.3894230769230769,0.6923076923076923,0.5192307692307693,2.8990384615384617,0.391304347826087,0.6956521739130435,0.5217391304347826,2.9130434782608696,0.34782608695652173,True
611,Casey,DEF,19,no_sp,38,0,0,0,0,0.0,0.0,0,0,0.0,0.0,0.0,0,0,0,2025-26,True,0.0,0.0,0.0,0.0,0.0,0.0,0.0,0.0,0.0,0.0,0.0,0.0,0.0,False
612,L.Paquetá,MID,19,no_sp,38,1513,18,4,2,2.85,2.0,3,69,26.0,3.0,4.0,2,146,0,2025-26,True,0.23793787177792466,0.11896893588896233,0.16953073364177132,0.11896893588896233,1.5465961665565104,0.23793787177792466,0.1784534038334435,4.104428288169201,1.4444444444444444,0.2222222222222222,0.16666666666666666,3.8333333333333335,0.1111111111111111,True
613,Souček,MID,19,no_sp,38,2190,23,5,2,5.73,0.52,7,103,31.0,7.0,4.0,2,224,0,2025-26,True,0.20547945205479454,0.08219178082191782,0.23547945205479454,0.021369863013698632,1.273972602739726,0.16438356164383564,0.28767123287671237,4.232876712328768,1.3478260869565217,0.17391304347826086,0.30434782608695654,4.478260869565218,0.08695652173913043,True
614,Ward-Prowse,MID,3,corner_primary,38,1092,12,0,1,0.24,1.87,2,40,3.0,2.0,6.0,3,109,0,2025-26,True,0.0,0.08241758241758242,0.01978021978021978,0.15412087912087913,0.24725274725274726,0.4945054945054945,0.16483516483516483,3.296703296703297,0.25,0.5,0.16666666666666666,3.3333333333333335,0.25,True
615,Summerville,MID,19,backup_sp,38,2470,28,5,4,5.43,3.35,8,110,37.0,8.0,2.0,1,215,0,2025-26,True,0.18218623481781376,0.14574898785425103,0.19785425101214574,0.12206477732793523,1.348178137651822,0.07287449392712551,0.29149797570850206,4.008097165991903,1.3214285714285714,0.07142857142857142,0.2857142857142857,3.9285714285714284,0.03571428571428571,True
616,Álvarez,MID,19,no_sp,38,0,0,0,0,0.0,0.0,0,0,0.0,0.0,0.0,0,0,0,2025-26,True,0.0,0.0,0.0,0.0,0.0,0.0,0.0,0.0,0.0,0.0,0.0,0.0,0.0,False
617,Cornet,MID,19,no_sp,38,0,0,0,0,0.0,0.0,0,0,0.0,0.0,0.0,0,0,0,2025-26,True,0.0,0.0,0.0,0.0,0.0,0.0,0.0,0.0,0.0,0.0,0.0,0.0,0.0,False
618,G.Rodriguez,MID,19,no_sp,38,175,2,0,0,0.03,0.04,1,8,0.0,1.0,0.0,0,15,0,2025-26,True,0.0,0.0,0.015428571428571429,0.020571428571428574,0.0,0.0,0.5142857142857143,4.114285714285715,0.0,0.0,0.5,4.0,0.0,False
619,L.Guilherme,MID,19,no_sp,38,121,0,0,0,0.07,0.030000000000000002,0,5,0.0,0.0,0.0,0,11,0,2025-26,True,0.0,0.0,0.05206611570247934,0.02231404958677686,0.0,0.0,0.0,3.7190082644628095,0.0,0.0,0.0,5.0,0.0,False
620,Earthy,MID,19,no_sp,38,8,0,0,0,0.0,0.01,0,1,0.0,0.0,0.0,0,0,0,2025-26,True,0.0,0.0,0.0,0.1125,0.0,0.0,0.0,11.25,0.0,0.0,0.0,1.0,0.0,False
621,Irving,MID,19,no_sp,38,156,2,0,0,0.0,0.16999999999999998,0,9,0.0,0.0,0.0,0,22,0,2025-26,True,0.0,0.0,0.0,0.09807692307692306,0.0,0.0,0.0,5.1923076923076925,0.0,0.0,0.0,4.5,0.0,False
622,Orford,MID,19,no_sp,38,0,0,0,0,0.0,0.0,0,0,0.0,0.0,0.0,0,0,0,2025-26,True,0.0,0.0,0.0,0.0,0.0,0.0,0.0,0.0,0.0,0.0,0.0,0.0,0.0,False
623,Potts,MID,19,no_sp,38,1162,10,0,1,0.21000000000000002,1.06,1,37,3.0,1.0,2.0,1,119,0,2025-26,True,0.0,0.0774526678141136,0.016265060240963858,0.08209982788296041,0.23235800344234078,0.1549053356282272,0.0774526678141136,2.865748709122203,0.3,0.2,0.1,3.7,0.1,True
624,Bowen,FWD,19,corner_primary,38,3406,38,9,13,7.22,5.21,8,187,75.0,0.0,12.0,6,281,0,2025-26,True,0.23781561949500882,0.3435114503816794,0.1907809747504404,0.13766881972988845,1.9817968291250736,0.3170874926600118,0.0,4.94128009395185,1.9736842105263157,0.3157894736842105,0.0,4.921052631578948,0.15789473684210525,True
625,Füllkrug,FWD,19,no_sp,38,407,4,0,0,0.9299999999999999,0.21000000000000002,1,12,0.0,0.0,0.0,0,19,0,2025-26,True,0.0,0.0,0.20565110565110564,0.04643734643734644,0.0,0.0,0.0,2.6535626535626538,0.0,0.0,0.0,3.0,0.0,False
626,Marshall,FWD,19,no_sp,38,58,0,0,0,0.13,0.0,0,2,0.0,0.0,0.0,0,3,0,2025-26,True,0.0,0.0,0.20172413793103447,0.0,0.0,0.0,0.0,3.103448275862069,0.0,0.0,0.0,2.0,0.0,False
631,Agbadou,DEF,20,no_sp,38,1100,11,0,0,0.5700000000000001,0.4,0,23,0.0,0.0,12.0,6,125,0,2025-26,True,0.0,0.0,0.04663636363636364,0.03272727272727273,0.0,0.9818181818181819,0.0,1.8818181818181818,0.0,1.0909090909090908,0.0,2.090909090909091,0.5454545454545454,True
632,Doherty,DEF,20,no_sp,38,786,8,0,0,0.09000000000000001,0.19,1,14,0.0,4.0,0.0,0,66,0,2025-26,True,0.0,0.0,0.010305343511450384,0.0217557251908397,0.0,0.0,0.45801526717557256,1.603053435114504,0.0,0.0,0.5,1.75,0.0,False
633,H.Bueno,DEF,20,corner_primary,38,2359,24,1,3,0.86,3.49,4,83,15.0,16.0,6.0,3,172,0,2025-26,True,0.03815175922000848,0.11445527766002543,0.03281051292920729,0.13314963967782958,0.5722763883001272,0.22891055532005086,0.6104281475201356,3.1665960152607036,0.625,0.25,0.6666666666666666,3.4583333333333335,0.125,True
634,Mosquera,DEF,20,no_sp,38,2137,24,0,0,2.51,0.62,4,61,0.0,16.0,20.0,10,219,0,2025-26,True,0.0,0.0,0.10570893776321946,0.02611137108095461,0.0,0.8423022929340197,0.6738418343472158,2.56902199344876,0.0,0.8333333333333334,0.6666666666666666,2.5416666666666665,0.4166666666666667,True
635,R.Gomes,DEF,20,no_sp,38,954,7,3,0,2.13,0.39,1,48,18.0,4.0,0.0,0,45,0,2025-26,True,0.2830188679245283,0.0,0.20094339622641508,0.036792452830188685,1.6981132075471699,0.0,0.37735849056603776,4.528301886792453,2.5714285714285716,0.0,0.5714285714285714,6.857142857142857,0.0,False
636,S.Bueno,DEF,20,no_sp,38,2552,28,3,2,2.2800000000000002,1.45,4,92,24.0,16.0,10.0,5,216,0,2025-26,True,0.10579937304075236,0.07053291536050157,0.0804075235109718,0.05113636363636364,0.8463949843260189,0.35266457680250785,0.5642633228840126,3.2445141065830723,0.8571428571428571,0.35714285714285715,0.5714285714285714,3.2857142857142856,0.17857142857142858,True
637,Toti,DEF,20,no_sp,38,1423,15,0,0,0.53,0.29000000000000004,1,41,0.0,4.0,16.0,8,143,0,2025-26,True,0.0,0.0,0.03352073085031623,0.018341531974701338,0.0,1.0119465917076598,0.25298664792691494,2.5931131412508783,0.0,1.0666666666666667,0.26666666666666666,2.7333333333333334,0.5333333333333333,True
638,Hoever,DEF,20,no_sp,38,423,4,0,0,0.02,0.36000000000000004,0,10,0.0,0.0,2.0,1,40,0,2025-26,True,0.0,0.0,0.00425531914893617,0.07659574468085106,0.0,0.425531914893617,0.0,2.127659574468085,0.0,0.5,0.0,2.5,0.25,False
639,Meupiyou,DEF,20,no_sp,38,0,0,0,0,0.0,0.0,0,0,0.0,0.0,0.0,0,0,0,2025-26,True,0.0,0.0,0.0,0.0,0.0,0.0,0.0,0.0,0.0,0.0,0.0,0.0,0.0,False
640,Pedro Lima,DEF,20,no_sp,38,257,2,0,0,0.35,0.37,0,10,0.0,0.0,0.0,0,19,0,2025-26,True,0.0,0.0,0.122568093385214,0.12957198443579765,0.0,0.0,0.0,3.501945525291829,0.0,0.0,0.0,5.0,0.0,False
641,Pond,DEF,20,no_sp,38,0,0,0,0,0.0,0.0,0,0,0.0,0.0,0.0,0,0,0,2025-26,True,0.0,0.0,0.0,0.0,0.0,0.0,0.0,0.0,0.0,0.0,0.0,0.0,0.0,False
642,Hee Chan,MID,20,backup_sp,38,1439,15,2,2,2.37,1.57,2,54,16.0,2.0,0.0,0,96,0,2025-26,True,0.1250868658790827,0.1250868658790827,0.148227936066713,0.09819318971507993,1.0006949270326615,0.0,0.1250868658790827,3.377345378735233,1.0666666666666667,0.0,0.13333333333333333,3.6,0.0,True
643,André,MID,20,no_sp,38,2760,30,1,0,0.52,0.99,2,96,5.0,2.0,32.0,16,383,0,2025-26,True,0.03260869565217391,0.0,0.016956521739130436,0.03228260869565217,0.16304347826086957,1.0434782608695652,0.06521739130434782,3.1304347826086953,0.16666666666666666,1.0666666666666667,0.06666666666666667,3.2,0.5333333333333333,True
644,Bellegarde,MID,20,backup_sp,38,1239,12,1,1,1.04,1.06,3,44,8.0,3.0,0.0,0,105,0,2025-26,True,0.07263922518159806,0.07263922518159806,0.07554479418886198,0.07699757869249395,0.5811138014527845,0.0,0.2179176755447942,3.1961259079903144,0.6666666666666666,0.0,0.25,3.6666666666666665,0.0,True
645,Fer López,MID,20,no_sp,38,228,1,0,1,0.16,0.61,0,12,3.0,0.0,0.0,0,12,0,2025-26,True,0.0,0.39473684210526316,0.06315789473684211,0.24078947368421053,1.1842105263157896,0.0,0.0,4.736842105263158,3.0,0.0,0.0,12.0,0.0,False
646,J.Gomes,MID,20,backup_sp,38,2829,31,1,2,1.29,2.09,4,107,11.0,4.0,30.0,15,387,0,2025-26,True,0.031813361611876985,0.06362672322375397,0.04103923647932132,0.0664899257688229,0.34994697773064687,0.9544008483563097,0.12725344644750794,3.4040296924708375,0.3548387096774194,0.967741935483871,0.12903225806451613,3.4516129032258065,0.4838709677419355,True
647,Guedes,MID,20,no_sp,38,0,0,0,0,0.0,0.0,0,0,0.0,0.0,0.0,0,0,0,2025-26,True,0.0,0.0,0.0,0.0,0.0,0.0,0.0,0.0,0.0,0.0,0.0,0.0,0.0,False
648,Munetsi,MID,20,no_sp,38,872,9,1,2,1.64,0.38,0,38,11.0,0.0,6.0,3,80,0,2025-26,True,0.10321100917431193,0.20642201834862386,0.16926605504587156,0.039220183486238534,1.1353211009174313,0.6192660550458716,0.0,3.9220183486238533,1.2222222222222223,0.6666666666666666,0.0,4.222222222222222,0.3333333333333333,False
649,B.Traore,MID,20,no_sp,38,0,0,0,0,0.0,0.0,0,0,0.0,0.0,0.0,0,0,0,2025-26,True,0.0,0.0,0.0,0.0,0.0,0.0,0.0,0.0,0.0,0.0,0.0,0.0,0.0,False
650,Chirewa,MID,20,no_sp,38,25,0,0,0,0.0,0.0,0,2,0.0,0.0,0.0,0,4,0,2025-26,True,0.0,0.0,0.0,0.0,0.0,0.0,0.0,7.199999999999999,0.0,0.0,0.0,2.0,0.0,False
651,Edozie,MID,20,no_sp,38,12,0,1,0,0.23,0.0,0,8,5.0,0.0,0.0,0,1,0,2025-26,True,7.5,0.0,1.725,0.0,37.5,0.0,0.0,60.0,5.0,0.0,0.0,8.0,0.0,False
652,Gonzalez,MID,20,no_sp,38,0,0,0,0,0.0,0.0,0,0,0.0,0.0,0.0,0,0,0,2025-26,True,0.0,0.0,0.0,0.0,0.0,0.0,0.0,0.0,0.0,0.0,0.0,0.0,0.0,False
653,Hodge,MID,20,no_sp,38,0,0,0,0,0.0,0.0,0,0,0.0,0.0,0.0,0,0,0,2025-26,True,0.0,0.0,0.0,0.0,0.0,0.0,0.0,0.0,0.0,0.0,0.0,0.0,0.0,False
654,Strand Larsen,FWD,8,no_sp,38,2301,23,4,1,5.3,1.12,5,75,19.0,0.0,0.0,0,95,1,2025-26,True,0.15645371577574968,0.03911342894393742,0.2073011734028683,0.04380704041720991,0.7431551499348109,0.0,0.0,2.9335071707953064,0.8260869565217391,0.0,0.0,3.260869565217391,0.0,True
655,Fábio Silva,FWD,20,no_sp,38,0,0,0,0,0.0,0.0,0,0,0.0,0.0,0.0,0,0,0,2025-26,True,0.0,0.0,0.0,0.0,0.0,0.0,0.0,0.0,0.0,0.0,0.0,0.0,0.0,False
656,Kalajdžić,FWD,20,no_sp,38,14,0,0,0,0.0,0.01,0,1,0.0,0.0,0.0,0,2,0,2025-26,True,0.0,0.0,0.0,0.06428571428571428,0.0,0.0,0.0,6.428571428571429,0.0,0.0,0.0,1.0,0.0,False
657,Chiwome,FWD,20,no_sp,38,0,0,0,0,0.0,0.0,0,0,0.0,0.0,0.0,0,0,0,2025-26,True,0.0,0.0,0.0,0.0,0.0,0.0,0.0,0.0,0.0,0.0,0.0,0.0,0.0,False
658,Fraser,FWD,20,no_sp,38,0,0,0,0,0.0,0.0,0,0,0.0,0.0,0.0,0,0,0,2025-26,True,0.0,0.0,0.0,0.0,0.0,0.0,0.0,0.0,0.0,0.0,0.0,0.0,0.0,False
659,Walker-Peters,DEF,19,no_sp,38,1378,14,1,0,1.13,0.37,4,53,6.0,16.0,4.0,2,93,0,2025-26,True,0.06531204644412192,0.0,0.07380261248185775,0.02416545718432511,0.39187227866473145,0.2612481857764877,1.0449927431059507,3.4615384615384612,0.42857142857142855,0.2857142857142857,1.1428571428571428,3.7857142857142856,0.14285714285714285,True
660,Stach,MID,11,corner_primary,38,2369,27,5,6,2.88,4.47,7,137,43.0,7.0,20.0,10,266,0,2025-26,True,0.18995356690586745,0.22794428028704095,0.10941325453777964,0.16981848881384548,1.6336006753904602,0.7598142676234698,0.26593499366821444,5.204727733220768,1.5925925925925926,0.7407407407407407,0.25925925925925924,5.074074074074074,0.37037037037037035,True
661,Ekitiké,FWD,12,no_sp,38,1797,19,11,4,10.1,2.45,7,125,56.0,0.0,0.0,0,85,0,2025-26,True,0.5509181969949917,0.2003338898163606,0.5058430717863105,0.12270450751252089,2.8046744574290488,0.0,0.0,6.2604340567612695,2.9473684210526314,0.0,0.0,6.578947368421052,0.0,True
662,Mosquera,DEF,1,no_sp,38,986,8,0,0,0.1,0.63,3,40,0.0,12.0,4.0,2,95,0,2025-26,True,0.0,0.0,0.009127789046653144,0.05750507099391481,0.0,0.36511156186612576,1.0953346855983772,3.6511156186612577,0.0,0.5,1.5,5.0,0.25,False
663,J.Arias,MID,20,no_sp,38,1117,10,1,0,3.38,0.62,2,45,5.0,2.0,4.0,2,125,0,2025-26,True,0.08057296329453895,0.0,0.2723366159355416,0.049955237242614144,0.40286481647269473,0.3222918531781558,0.1611459265890779,3.6257833482542523,0.5,0.4,0.2,4.5,0.2,True
666,Gyökeres,FWD,1,backup_sp,38,2217,22,14,1,12.26,1.94,12,128,59.0,0.0,0.0,0,85,0,2025-26,True,0.5683355886332883,0.04059539918809202,0.4976995940460081,0.07875507442489851,2.395128552097429,0.0,0.0,5.196211096075778,2.6818181818181817,0.0,0.0,5.818181818181818,0.0,True
667,Aznou,DEF,9,no_sp,38,0,0,0,0,0.0,0.0,0,0,0.0,0.0,0.0,0,0,0,2025-26,True,0.0,0.0,0.0,0.0,0.0,0.0,0.0,0.0,0.0,0.0,0.0,0.0,0.0,False
668,Xhaka,MID,17,corner_primary,38,2901,32,1,6,1.01,3.73,9,124,23.0,9.0,26.0,13,362,0,2025-26,True,0.031023784901758014,0.18614270941054809,0.03133402275077559,0.11571871768355739,0.7135470527404343,0.8066184074457083,0.2792140641158221,3.8469493278179936,0.71875,0.8125,0.28125,3.875,0.40625,True
669,Ndoye,MID,16,backup_sp,38,1167,10,1,2,1.05,1.51,2,50,11.0,2.0,0.0,0,96,0,2025-26,True,0.07712082262210797,0.15424164524421594,0.08097686375321338,0.11645244215938304,0.8483290488431876,0.0,0.15424164524421594,3.8560411311053984,1.1,0.0,0.2,5.0,0.0,True
671,Wilson,FWD,19,no_sp,38,1234,8,7,2,7.6,0.54,1,80,34.0,0.0,0.0,0,41,0,2025-26,True,0.5105348460291734,0.14586709886547813,0.5542949756888169,0.0393841166936791,2.479740680713128,0.0,0.0,5.834683954619125,4.25,0.0,0.0,10.0,0.0,False
672,Hato,DEF,7,no_sp,38,1139,10,0,0,0.3,0.61,0,19,0.0,0.0,2.0,1,99,0,2025-26,True,0.0,0.0,0.02370500438981563,0.048200175592625114,0.0,0.15803336259877085,0.0,1.5013169446883232,0.0,0.2,0.0,1.9,0.1,True
673,J.Palhinha,MID,18,no_sp,38,2192,21,5,3,2.7199999999999998,0.65,5,126,34.0,5.0,24.0,12,302,0,2025-26,True,0.20529197080291972,0.12317518248175183,0.11167883211678832,0.026687956204379564,1.395985401459854,0.9854014598540146,0.20529197080291972,5.173357664233577,1.619047619047619,1.1428571428571428,0.23809523809523808,6.0,0.5714285714285714,True
676,Ugochukwu,MID,3,no_sp,38,2330,26,3,3,2.5000000000000004,0.41000000000000003,3,97,24.0,3.0,8.0,4,214,0,2025-26,True,0.11587982832618025,0.11587982832618025,0.09656652360515024,0.015836909871244635,0.927038626609442,0.30901287553648066,0.11587982832618025,3.7467811158798283,0.9230769230769231,0.3076923076923077,0.11538461538461539,3.730769230769231,0.15384615384615385,True
677,Guessand,MID,8,no_sp,38,909,7,1,3,1.56,0.8500000000000001,2,44,14.0,2.0,0.0,0,83,0,2025-26,True,0.09900990099009901,0.297029702970297,0.15445544554455445,0.08415841584158416,1.3861386138613863,0.0,0.19801980198019803,4.356435643564357,2.0,0.0,0.2857142857142857,6.285714285714286,0.0,False
678,Masuaku,DEF,17,no_sp,38,125,0,0,0,0.07,0.08,0,1,0.0,0.0,0.0,0,10,0,2025-26,True,0.0,0.0,0.05040000000000001,0.057600000000000005,0.0,0.0,0.0,0.72,0.0,0.0,0.0,1.0,0.0,False
680,Broja,FWD,3,no_sp,38,843,8,1,1,2.14,0.22,1,43,7.0,0.0,2.0,1,44,0,2025-26,True,0.10676156583629892,0.10676156583629892,0.22846975088967972,0.023487544483985764,0.7473309608540925,0.21352313167259784,0.0,4.590747330960854,0.875,0.25,0.0,5.375,0.125,False
681,Šeško,FWD,14,no_sp,38,1630,14,11,2,9.21,0.28,2,111,50.0,0.0,0.0,0,64,0,2025-26,True,0.6073619631901841,0.11042944785276074,0.5085276073619632,0.015460122699386505,2.7607361963190185,0.0,0.0,6.128834355828221,3.5714285714285716,0.0,0.0,7.928571428571429,0.0,True
682,Møller Wolfe,DEF,20,no_sp,38,1042,10,0,2,0.13,1.09,1,35,6.0,4.0,0.0,0,50,0,2025-26,True,0.0,0.1727447216890595,0.011228406909788869,0.09414587332053743,0.5182341650671786,0.0,0.345489443378119,3.0230326295585415,0.6,0.0,0.4,3.5,0.0,True
683,Alderete,DEF,17,no_sp,38,2797,31,1,1,1.6199999999999999,0.91,10,125,9.0,40.0,24.0,12,312,0,2025-26,True,0.0321773328566321,0.0321773328566321,0.052127279227744,0.029281372899535217,0.2895959957096889,0.7722559885591705,1.287093314265284,4.022166607079013,0.2903225806451613,0.7741935483870968,1.2903225806451613,4.032258064516129,0.3870967741935484,True
684,Thiaw,DEF,15,no_sp,38,2963,32,4,0,4.8,0.96,5,126,24.0,20.0,24.0,12,292,0,2025-26,True,0.12149848126898413,0.0,0.14579817752278096,0.02915963550455619,0.7289908876139047,0.7289908876139047,0.6074924063449206,3.827202159973,0.75,0.75,0.625,3.9375,0.375,True
685,Diakité,DEF,4,no_sp,38,1275,13,0,0,0.02,0.19,4,46,0.0,16.0,8.0,4,117,0,2025-26,True,0.0,0.0,0.001411764705882353,0.013411764705882354,0.0,0.5647058823529412,1.1294117647058823,3.2470588235294118,0.0,0.6153846153846154,1.2307692307692308,3.5384615384615383,0.3076923076923077,True
686,Ngumoha,MID,12,no_sp,38,547,5,2,1,1.34,2.0100000000000002,2,43,13.0,2.0,0.0,0,30,0,2025-26,True,0.3290676416819013,0.16453382084095064,0.2204753199268739,0.33071297989031084,2.1389396709323583,0.0,0.3290676416819013,7.074954296160878,2.6,0.0,0.4,8.6,0.0,False
687,Rees-Dottin,MID,4,no_sp,38,0,0,0,0,0.0,0.0,0,0,0.0,0.0,0.0,0,0,0,2025-26,True,0.0,0.0,0.0,0.0,0.0,0.0,0.0,0.0,0.0,0.0,0.0,0.0,0.0,False
689,Seung soo,MID,15,no_sp,38,0,0,0,0,0.0,0.0,0,0,0.0,0.0,0.0,0,0,0,2025-26,True,0.0,0.0,0.0,0.0,0.0,0.0,0.0,0.0,0.0,0.0,0.0,0.0,0.0,False
690,Cardines,MID,8,no_sp,38,90,1,0,0,0.02,0.16,0,2,0.0,0.0,0.0,0,7,0,2025-26,True,0.0,0.0,0.02,0.16,0.0,0.0,0.0,2.0,0.0,0.0,0.0,2.0,0.0,False
691,Calvert-Lewin,FWD,11,pen_primary,37,2721,30,14,2,15.57,1.06,8,142,62.0,0.0,0.0,0,105,1,2025-26,True,0.46306504961411243,0.0661521499448732,0.514994487320838,0.0350606394707828,2.0507166482910693,0.0,0.0,4.696802646085998,2.066666666666667,0.0,0.0,4.733333333333333,0.0,True
692,Leoni,DEF,12,no_sp,37,0,0,0,0,0.0,0.0,0,0,0.0,0.0,0.0,0,0,0,2025-26,True,0.0,0.0,0.0,0.0,0.0,0.0,0.0,0.0,0.0,0.0,0.0,0.0,0.0,False
693,Hutchinson,MID,16,backup_sp,37,1676,15,1,7,2.01,3.87,6,82,26.0,6.0,2.0,1,129,0,2025-26,True,0.05369928400954654,0.37589498806682575,0.10793556085918853,0.2078162291169451,1.39618138424821,0.10739856801909307,0.3221957040572792,4.403341288782816,1.7333333333333334,0.13333333333333333,0.4,5.466666666666667,0.06666666666666667,True
694,Mukiele,DEF,17,no_sp,37,2784,31,3,5,1.62,2.65,9,151,33.0,36.0,26.0,13,273,0,2025-26,True,0.09698275862068965,0.16163793103448276,0.052370689655172414,0.08566810344827586,1.0668103448275863,0.8405172413793104,1.1637931034482758,4.881465517241379,1.064516129032258,0.8387096774193549,1.1612903225806452,4.870967741935484,0.41935483870967744,True
695,Tchatchoua,DEF,20,no_sp,37,1834,17,0,1,0.33,1.6,3,52,3.0,12.0,4.0,2,108,0,2025-26,True,0.0,0.04907306434023992,0.016194111232279172,0.07851690294438388,0.14721919302071976,0.19629225736095968,0.588876772082879,2.5517993456924755,0.17647058823529413,0.23529411764705882,0.7058823529411765,3.0588235294117645,0.11764705882352941,True
696,Kalimuendo,FWD,16,no_sp,37,89,0,0,0,0.43999999999999995,0.02,0,9,0.0,0.0,0.0,0,6,0,2025-26,True,0.0,0.0,0.444943820224719,0.020224719101123594,0.0,0.0,0.0,9.101123595505618,0.0,0.0,0.0,9.0,0.0,False
697,Adli,MID,4,no_sp,37,1074,8,3,2,2.6,1.6199999999999999,3,67,21.0,3.0,2.0,1,123,0,2025-26,True,0.25139664804469275,0.16759776536312848,0.21787709497206703,0.13575418994413407,1.759776536312849,0.16759776536312848,0.25139664804469275,5.614525139664805,2.625,0.25,0.375,8.375,0.125,False
698,Okafor,MID,11,no_sp,37,1553,18,8,3,5.25,1.32,6,109,49.0,6.0,0.0,0,113,0,2025-26,True,0.463618802318094,0.17385705086928524,0.3042498390212492,0.07649710238248551,2.8396651641983257,0.0,0.3477141017385705,6.31680618158403,2.7222222222222223,0.0,0.3333333333333333,6.055555555555555,0.0,True
699,Douglas Luiz,MID,2,corner_primary,37,913,8,1,1,0.53,1.42,1,35,8.0,1.0,0.0,0,105,0,2025-26,True,0.09857612267250822,0.09857612267250822,0.052245345016429356,0.13997809419496166,0.7886089813800657,0.0,0.09857612267250822,3.450164293537788,1.0,0.0,0.125,4.375,0.0,False
700,Dowman,MID,1,no_sp,37,152,1,1,1,1.19,0.30000000000000004,1,16,8.0,1.0,0.0,0,16,0,2025-26,True,0.5921052631578947,0.5921052631578947,0.7046052631578947,0.17763157894736845,4.7368421052631575,0.0,0.5921052631578947,9.473684210526315,8.0,0.0,1.0,16.0,0.0,False
701,Rowe,DEF,2,no_sp,37,0,0,0,0,0.0,0.0,0,0,0.0,0.0,0.0,0,0,0,2025-26,True,0.0,0.0,0.0,0.0,0.0,0.0,0.0,0.0,0.0,0.0,0.0,0.0,0.0,False
702,Burrowes,MID,2,no_sp,37,16,0,0,0,0.0,0.0,0,1,0.0,0.0,0.0,0,1,0,2025-26,True,0.0,0.0,0.0,0.0,0.0,0.0,0.0,5.625,0.0,0.0,0.0,1.0,0.0,False
704,Onyango,MID,9,no_sp,37,0,0,0,0,0.0,0.0,0,0,0.0,0.0,0.0,0,0,0,2025-26,True,0.0,0.0,0.0,0.0,0.0,0.0,0.0,0.0,0.0,0.0,0.0,0.0,0.0,False
705,Campbell,DEF,9,no_sp,37,0,0,0,0,0.0,0.0,0,0,0.0,0.0,0.0,0,0,0,2025-26,True,0.0,0.0,0.0,0.0,0.0,0.0,0.0,0.0,0.0,0.0,0.0,0.0,0.0,False
706,Justin,DEF,11,backup_sp,36,1893,20,2,1,1.83,1.16,6,94,15.0,24.0,8.0,4,183,0,2025-26,True,0.09508716323296354,0.04754358161648177,0.08700475435816164,0.055150554675118854,0.7131537242472266,0.38034865293185416,1.1410459587955626,4.469096671949287,0.75,0.4,1.2,4.7,0.2,True
707,Dibling,MID,9,no_sp,36,349,2,0,0,0.2,0.14,2,18,0.0,2.0,2.0,1,40,0,2025-26,True,0.0,0.0,0.05157593123209169,0.03610315186246419,0.0,0.5157593123209169,0.5157593123209169,4.641833810888252,0.0,1.0,1.0,9.0,0.5,False
708,M.Fernandes,MID,19,backup_sp,36,3017,34,3,4,1.99,2.96,8,135,27.0,8.0,30.0,15,369,0,2025-26,True,0.08949287371561153,0.11932383162081536,0.05936360623135564,0.08829963539940337,0.8054358634405038,0.8949287371561152,0.23864766324163073,4.027179317202519,0.7941176470588235,0.8823529411764706,0.23529411764705882,3.9705882352941178,0.4411764705882353,True
709,Krejčí,DEF,20,no_sp,36,2356,27,2,2,2.23,1.49,3,68,18.0,12.0,6.0,3,197,0,2025-26,True,0.07640067911714771,0.07640067911714771,0.08518675721561969,0.056918505942275044,0.6876061120543294,0.22920203735144312,0.45840407470288624,2.597623089983022,0.6666666666666666,0.2222222222222222,0.4444444444444444,2.5185185185185186,0.1111111111111111,True
710,Patterson,DEF,2,no_sp,36,0,0,0,0,0.0,0.0,0,0,0.0,0.0,0.0,0,0,0,2025-26,True,0.0,0.0,0.0,0.0,0.0,0.0,0.0,0.0,0.0,0.0,0.0,0.0,0.0,False
711,Harriman-Annous,MID,1,no_sp,36,0,0,0,0,0.0,0.0,0,0,0.0,0.0,0.0,0,0,0,2025-26,True,0.0,0.0,0.0,0.0,0.0,0.0,0.0,0.0,0.0,0.0,0.0,0.0,0.0,False
712,Yeremy,MID,8,fk_primary,36,2074,19,2,2,4.53,6.12,7,77,16.0,7.0,2.0,1,167,0,2025-26,True,0.08678881388621022,0.08678881388621022,0.19657666345226615,0.2655737704918033,0.6943105110896818,0.08678881388621022,0.3037608486017358,3.3413693346190936,0.8421052631578947,0.10526315789473684,0.3684210526315789,4.052631578947368,0.05263157894736842,True
713,A.Jimenez,DEF,4,no_sp,35,2315,25,1,2,1.09,1.73,6,74,12.0,24.0,4.0,2,148,0,2025-26,True,0.038876889848812095,0.07775377969762419,0.04237580993520519,0.06725701943844492,0.46652267818574517,0.15550755939524838,0.9330453563714903,2.876889848812095,0.48,0.16,0.96,2.96,0.08,True
714,Woltemade,FWD,15,backup_sp,35,1896,21,8,4,6.59,1.53,8,108,44.0,0.0,0.0,0,105,0,2025-26,True,0.379746835443038,0.189873417721519,0.31281645569620253,0.07262658227848101,2.088607594936709,0.0,0.0,5.1265822784810124,2.0952380952380953,0.0,0.0,5.142857142857143,0.0,True
716,Savona,DEF,16,no_sp,35,1025,10,2,0,1.34,0.45,3,39,12.0,12.0,0.0,0,57,0,2025-26,True,0.17560975609756097,0.0,0.11765853658536586,0.03951219512195122,1.053658536585366,0.0,1.053658536585366,3.424390243902439,1.2,0.0,1.2,3.9,0.0,True
717,Xavi,MID,18,backup_sp,35,1747,18,2,5,3.06,3.85,4,80,25.0,4.0,6.0,3,149,0,2025-26,True,0.10303377218088151,0.25758443045220375,0.1576416714367487,0.1983400114481969,1.287922152261019,0.30910131654264456,0.20606754436176303,4.12135088723526,1.3888888888888888,0.3333333333333333,0.2222222222222222,4.444444444444445,0.16666666666666666,True
718,S.Magassa,MID,19,no_sp,35,971,9,1,0,0.44000000000000006,0.32,2,42,5.0,2.0,6.0,3,127,0,2025-26,True,0.09268795056642636,0.0,0.0407826982492276,0.029660144181256436,0.4634397528321318,0.5561277033985581,0.1853759011328527,3.892893923789907,0.5555555555555556,0.6666666666666666,0.2222222222222222,4.666666666666667,0.3333333333333333,False
719,Lindelöf,DEF,2,no_sp,35,942,10,0,1,0.28,0.1,1,29,3.0,4.0,0.0,0,54,0,2025-26,True,0.0,0.09554140127388534,0.0267515923566879,0.009554140127388535,0.28662420382165604,0.0,0.38216560509554137,2.770700636942675,0.3,0.0,0.4,2.9,0.0,True
720,Tolu,FWD,20,backup_sp,35,1402,14,3,2,5.49,0.39,3,66,18.0,0.0,0.0,0,83,1,2025-26,True,0.19258202567760344,0.12838801711840228,0.3524251069900143,0.025035663338088446,1.1554921540656207,0.0,0.0,4.236804564907275,1.2857142857142858,0.0,0.0,4.714285714285714,0.0,True
721,Milosavljević,DEF,4,no_sp,35,367,4,0,0,0.15,0.19,1,19,0.0,4.0,6.0,3,39,0,2025-26,True,0.0,0.0,0.03678474114441417,0.04659400544959128,0.0,1.471389645776567,0.9809264305177112,4.659400544959128,0.0,1.5,1.0,4.75,0.75,False
722,Florentino,MID,3,no_sp,35,2100,23,0,2,0.64,0.52,2,84,6.0,2.0,28.0,14,313,0,2025-26,True,0.0,0.08571428571428572,0.02742857142857143,0.022285714285714287,0.2571428571428572,1.2,0.08571428571428572,3.6,0.2608695652173913,1.2173913043478262,0.08695652173913043,3.652173913043478,0.6086956521739131,True
723,Canvot,DEF,8,no_sp,35,1331,14,0,0,1.48,0.33,5,72,0.0,20.0,18.0,9,169,0,2025-26,True,0.0,0.0,0.10007513148009015,0.02231404958677686,0.0,1.217129977460556,1.35236664162284,4.868519909842224,0.0,1.2857142857142858,1.4285714285714286,5.142857142857143,0.6428571428571429,True
724,Geertruida,DEF,17,no_sp,35,1681,17,0,0,0.79,0.85,3,55,0.0,12.0,4.0,2,113,0,2025-26,True,0.0,0.0,0.04229625223081499,0.0455086258179655,0.0,0.21415823914336704,0.6424747174301012,2.944675788221297,0.0,0.23529411764705882,0.7058823529411765,3.235294117647059,0.11764705882352941,True
725,Hincapie,DEF,1,no_sp,35,1787,18,1,2,0.36,1.67,5,87,12.0,20.0,14.0,7,171,0,2025-26,True,0.05036373810856184,0.10072747621712368,0.01813094571908226,0.08410744264129827,0.604364857302742,0.7050923335198658,1.0072747621712368,4.38164521544488,0.6666666666666666,0.7777777777777778,1.1111111111111112,4.833333333333333,0.3888888888888889,True
726,Kolo Muani,FWD,18,no_sp,35,1655,17,1,1,2.07,1.6300000000000001,4,52,7.0,0.0,0.0,0,114,0,2025-26,True,0.054380664652567974,0.054380664652567974,0.1125679758308157,0.08864048338368581,0.3806646525679758,0.0,0.0,2.8277945619335347,0.4117647058823529,0.0,0.0,3.0588235294117645,0.0,True
727,Chukwueze,MID,10,no_sp,35,1067,9,3,4,2.1,3.36,2,62,27.0,2.0,0.0,0,81,0,2025-26,True,0.2530459231490159,0.3373945641986879,0.17713214620431114,0.2834114339268978,2.2774133083411434,0.0,0.16869728209934395,5.229615745079663,3.0,0.0,0.2222222222222222,6.888888888888889,0.0,False
728,Röhl,MID,9,no_sp,35,675,6,1,1,0.67,0.35,2,36,8.0,2.0,2.0,1,68,0,2025-26,True,0.13333333333333333,0.13333333333333333,0.08933333333333333,0.04666666666666666,1.0666666666666667,0.26666666666666666,0.26666666666666666,4.8,1.3333333333333333,0.3333333333333333,0.3333333333333333,6.0,0.16666666666666666,False
729,Cuiabano,DEF,16,no_sp,35,0,0,0,0,0.0,0.0,0,0,0.0,0.0,0.0,0,0,0,2025-26,True,0.0,0.0,0.0,0.0,0.0,0.0,0.0,0.0,0.0,0.0,0.0,0.0,0.0,False
730,Brobbey,FWD,17,no_sp,35,1920,21,7,2,6.0200000000000005,0.67,6,92,34.0,0.0,0.0,0,74,0,2025-26,True,0.328125,0.09375,0.28218750000000004,0.031406250000000004,1.59375,0.0,0.0,4.3125,1.619047619047619,0.0,0.0,4.380952380952381,0.0,True
731,Kevin,MID,10,no_sp,35,1030,6,1,3,1.21,1.4700000000000002,4,49,14.0,4.0,0.0,0,86,0,2025-26,True,0.08737864077669903,0.2621359223300971,0.10572815533980583,0.1284466019417476,1.2233009708737863,0.0,0.34951456310679613,4.281553398058253,2.3333333333333335,0.0,0.6666666666666666,8.166666666666666,0.0,False
732,Uche,FWD,8,no_sp,35,159,0,0,1,0.49,0.01,0,17,3.0,0.0,0.0,0,13,0,2025-26,True,0.0,0.5660377358490566,0.27735849056603773,0.0056603773584905665,1.6981132075471699,0.0,0.0,9.622641509433963,3.0,0.0,0.0,17.0,0.0,False
734,Bakwa,MID,16,no_sp,35,549,4,0,2,0.54,1.01,2,26,6.0,2.0,0.0,0,35,0,2025-26,True,0.0,0.3278688524590164,0.08852459016393444,0.1655737704918033,0.9836065573770493,0.0,0.3278688524590164,4.262295081967213,1.5,0.0,0.5,6.5,0.0,False
735,Traoré,MID,17,no_sp,35,634,7,1,1,0.48,0.25,3,30,8.0,3.0,0.0,0,40,0,2025-26,True,0.14195583596214512,0.14195583596214512,0.06813880126182965,0.03548895899053628,1.135646687697161,0.0,0.42586750788643535,4.2586750788643535,1.1428571428571428,0.0,0.42857142857142855,4.285714285714286,0.0,False
737,Kusi-Asare,FWD,10,no_sp,35,49,0,0,0,0.0,0.07,0,6,0.0,0.0,0.0,0,5,0,2025-26,True,0.0,0.0,0.0,0.1285714285714286,0.0,0.0,0.0,11.020408163265307,0.0,0.0,0.0,6.0,0.0,False
739,Mukasa,MID,13,no_sp,35,25,0,0,0,0.0,0.21000000000000002,0,2,0.0,0.0,0.0,0,1,0,2025-26,True,0.0,0.0,0.0,0.756,0.0,0.0,0.0,7.199999999999999,0.0,0.0,0.0,2.0,0.0,False
740,Mfuni,DEF,13,no_sp,35,0,0,0,0,0.0,0.0,0,0,0.0,0.0,0.0,0,0,0,2025-26,True,0.0,0.0,0.0,0.0,0.0,0.0,0.0,0.0,0.0,0.0,0.0,0.0,0.0,False
741,Gray,FWD,11,no_sp,34,0,0,0,0,0.0,0.0,0,0,0.0,0.0,0.0,0,0,0,2025-26,True,0.0,0.0,0.0,0.0,0.0,0.0,0.0,0.0,0.0,0.0,0.0,0.0,0.0,False
742,McAidoo,MID,13,no_sp,33,0,0,0,0,0.0,0.0,0,0,0.0,0.0,0.0,0,0,0,2025-26,True,0.0,0.0,0.0,0.0,0.0,0.0,0.0,0.0,0.0,0.0,0.0,0.0,0.0,False
743,Emenalo,MID,7,no_sp,32,0,0,0,0,0.0,0.0,0,0,0.0,0.0,0.0,0,0,0,2025-26,True,0.0,0.0,0.0,0.0,0.0,0.0,0.0,0.0,0.0,0.0,0.0,0.0,0.0,False
744,Oriola,MID,6,no_sp,31,1,0,0,0,0.0,0.0,0,1,0.0,0.0,0.0,0,0,0,2025-26,True,0.0,0.0,0.0,0.0,0.0,0.0,0.0,90.0,0.0,0.0,0.0,1.0,0.0,False
745,Byfield,DEF,18,no_sp,31,1,0,0,0,0.0,0.0,0,1,0.0,0.0,0.0,0,0,0,2025-26,True,0.0,0.0,0.0,0.0,0.0,0.0,0.0,90.0,0.0,0.0,0.0,1.0,0.0,False
746,Morrison,MID,12,no_sp,30,0,0,0,0,0.0,0.0,0,0,0.0,0.0,0.0,0,0,0,2025-26,True,0.0,0.0,0.0,0.0,0.0,0.0,0.0,0.0,0.0,0.0,0.0,0.0,0.0,False
747,Mayers,DEF,19,no_sp,29,113,0,0,0,0.12,0.49,0,6,0.0,0.0,0.0,0,5,0,2025-26,True,0.0,0.0,0.09557522123893805,0.3902654867256637,0.0,0.0,0.0,4.778761061946903,0.0,0.0,0.0,6.0,0.0,False
748,Dasilva,MID,5,no_sp,28,2,0,0,0,0.08,0.0,0,2,0.0,0.0,0.0,0,1,0,2025-26,True,0.0,0.0,3.6,0.0,0.0,0.0,0.0,90.0,0.0,0.0,0.0,2.0,0.0,False
749,Mané,FWD,20,fk_primary,28,1787,18,3,2,2.01,3.69,5,74,18.0,0.0,2.0,1,137,0,2025-26,True,0.1510912143256855,0.10072747621712368,0.10123111359820929,0.18584219362059318,0.906547285954113,0.10072747621712368,0.0,3.726916620033576,1.0,0.1111111111111111,0.0,4.111111111111111,0.05555555555555555,True
750,Rowswell,DEF,18,no_sp,28,1,0,0,0,0.0,0.0,0,1,0.0,0.0,0.0,0,0,0,2025-26,True,0.0,0.0,0.0,0.0,0.0,0.0,0.0,90.0,0.0,0.0,0.0,1.0,0.0,False
751,Akhamrich,MID,18,no_sp,28,0,0,0,0,0.0,0.0,0,0,0.0,0.0,0.0,0,0,0,2025-26,True,0.0,0.0,0.0,0.0,0.0,0.0,0.0,0.0,0.0,0.0,0.0,0.0,0.0,False
752,Golambeckis,DEF,19,no_sp,28,0,0,0,0,0.0,0.0,0,0,0.0,0.0,0.0,0,0,0,2025-26,True,0.0,0.0,0.0,0.0,0.0,0.0,0.0,0.0,0.0,0.0,0.0,0.0,0.0,False
754,George Hemmings,MID,2,no_sp,27,25,0,0,0,0.04,0.01,0,2,0.0,0.0,0.0,0,1,0,2025-26,True,0.0,0.0,0.144,0.036,0.0,0.0,0.0,7.199999999999999,0.0,0.0,0.0,2.0,0.0,False
755,Lacey,MID,14,no_sp,27,40,0,0,0,0.1,0.01,0,3,0.0,0.0,0.0,0,3,0,2025-26,True,0.0,0.0,0.22500000000000003,0.022500000000000003,0.0,0.0,0.0,6.75,0.0,0.0,0.0,3.0,0.0,False
756,DaCosta,MID,4,no_sp,25,0,0,0,0,0.0,0.0,0,0,0.0,0.0,0.0,0,0,0,2025-26,True,0.0,0.0,0.0,0.0,0.0,0.0,0.0,0.0,0.0,0.0,0.0,0.0,0.0,False
758,Mohamadou Kanté,MID,19,no_sp,25,67,0,0,0,0.07,0.04,0,9,0.0,0.0,0.0,0,16,0,2025-26,True,0.0,0.0,0.09402985074626867,0.05373134328358209,0.0,0.0,0.0,12.08955223880597,0.0,0.0,0.0,9.0,0.0,False
759,Salmon,DEF,1,no_sp,24,0,0,0,0,0.0,0.0,0,0,0.0,0.0,0.0,0,0,0,2025-26,True,0.0,0.0,0.0,0.0,0.0,0.0,0.0,0.0,0.0,0.0,0.0,0.0,0.0,False
760,Lucky,DEF,12,no_sp,23,0,0,0,0,0.0,0.0,0,0,0.0,0.0,0.0,0,0,0,2025-26,True,0.0,0.0,0.0,0.0,0.0,0.0,0.0,0.0,0.0,0.0,0.0,0.0,0.0,False
761,Simmonds,DEF,6,no_sp,22,0,0,0,0,0.0,0.0,0,0,0.0,0.0,0.0,0,0,0,2025-26,True,0.0,0.0,0.0,0.0,0.0,0.0,0.0,0.0,0.0,0.0,0.0,0.0,0.0,False
762,Drakes-Thomas,MID,8,no_sp,22,7,0,0,0,0.0,0.0,0,2,0.0,0.0,0.0,0,3,0,2025-26,True,0.0,0.0,0.0,0.0,0.0,0.0,0.0,25.714285714285715,0.0,0.0,0.0,2.0,0.0,False
763,Gray,MID,13,no_sp,22,0,0,0,0,0.0,0.0,0,0,0.0,0.0,0.0,0,0,0,2025-26,True,0.0,0.0,0.0,0.0,0.0,0.0,0.0,0.0,0.0,0.0,0.0,0.0,0.0,False
764,Heskey,MID,13,no_sp,22,0,0,0,0,0.0,0.0,0,0,0.0,0.0,0.0,0,0,0,2025-26,True,0.0,0.0,0.0,0.0,0.0,0.0,0.0,0.0,0.0,0.0,0.0,0.0,0.0,False
765,Shahar,DEF,15,no_sp,22,0,0,0,0,0.0,0.0,0,0,0.0,0.0,0.0,0,0,0,2025-26,True,0.0,0.0,0.0,0.0,0.0,0.0,0.0,0.0,0.0,0.0,0.0,0.0,0.0,False
766,Olagunju,DEF,20,no_sp,22,0,0,0,0,0.0,0.0,0,0,0.0,0.0,0.0,0,0,0,2025-26,True,0.0,0.0,0.0,0.0,0.0,0.0,0.0,0.0,0.0,0.0,0.0,0.0,0.0,False
767,Rawlings,MID,20,no_sp,22,0,0,0,0,0.0,0.0,0,0,0.0,0.0,0.0,0,0,0,2025-26,True,0.0,0.0,0.0,0.0,0.0,0.0,0.0,0.0,0.0,0.0,0.0,0.0,0.0,False
768,Leon Routh,DEF,2,no_sp,22,0,0,0,0,0.0,0.0,0,0,0.0,0.0,0.0,0,0,0,2025-26,True,0.0,0.0,0.0,0.0,0.0,0.0,0.0,0.0,0.0,0.0,0.0,0.0,0.0,False
769,Bendito Mantato,MID,14,no_sp,22,15,0,0,0,0.0,0.01,0,1,0.0,0.0,0.0,0,0,0,2025-26,True,0.0,0.0,0.0,0.060000000000000005,0.0,0.0,0.0,6.0,0.0,0.0,0.0,1.0,0.0,False
770,Ridgeon,MID,10,no_sp,22,0,0,0,0,0.0,0.0,0,0,0.0,0.0,0.0,0,0,0,2025-26,True,0.0,0.0,0.0,0.0,0.0,0.0,0.0,0.0,0.0,0.0,0.0,0.0,0.0,False
771,Fletcher,MID,14,no_sp,21,17,0,0,0,0.0,0.01,0,2,0.0,0.0,0.0,0,2,0,2025-26,True,0.0,0.0,0.0,0.052941176470588235,0.0,0.0,0.0,10.588235294117647,0.0,0.0,0.0,2.0,0.0,False
772,Alabi,MID,15,no_sp,21,0,0,0,0,0.0,0.0,0,0,0.0,0.0,0.0,0,0,0,2025-26,True,0.0,0.0,0.0,0.0,0.0,0.0,0.0,0.0,0.0,0.0,0.0,0.0,0.0,False
773,Benamar,DEF,8,no_sp,21,0,0,0,0,0.0,0.0,0,0,0.0,0.0,0.0,0,0,0,2025-26,True,0.0,0.0,0.0,0.0,0.0,0.0,0.0,0.0,0.0,0.0,0.0,0.0,0.0,False
774,Jenson Jones,DEF,17,no_sp,21,0,0,0,0,0.0,0.0,0,0,0.0,0.0,0.0,0,0,0,2025-26,True,0.0,0.0,0.0,0.0,0.0,0.0,0.0,0.0,0.0,0.0,0.0,0.0,0.0,False
775,Tutierov,MID,17,no_sp,21,0,0,0,0,0.0,0.0,0,0,0.0,0.0,0.0,0,0,0,2025-26,True,0.0,0.0,0.0,0.0,0.0,0.0,0.0,0.0,0.0,0.0,0.0,0.0,0.0,False
776,Pimlott,MID,3,no_sp,20,0,0,0,0,0.0,0.0,0,0,0.0,0.0,0.0,0,0,0,2025-26,True,0.0,0.0,0.0,0.0,0.0,0.0,0.0,0.0,0.0,0.0,0.0,0.0,0.0,False
777,Ojinnaka,MID,20,no_sp,20,0,0,0,0,0.0,0.0,0,0,0.0,0.0,0.0,0,0,0,2025-26,True,0.0,0.0,0.0,0.0,0.0,0.0,0.0,0.0,0.0,0.0,0.0,0.0,0.0,False
778,Sutherland,MID,20,no_sp,20,0,0,0,0,0.0,0.0,0,0,0.0,0.0,0.0,0,0,0,2025-26,True,0.0,0.0,0.0,0.0,0.0,0.0,0.0,0.0,0.0,0.0,0.0,0.0,0.0,False
779,Graham,FWD,9,no_sp,20,0,0,0,0,0.0,0.0,0,0,0.0,0.0,0.0,0,0,0,2025-26,True,0.0,0.0,0.0,0.0,0.0,0.0,0.0,0.0,0.0,0.0,0.0,0.0,0.0,False
780,Casey,FWD,8,no_sp,20,0,0,0,0,0.0,0.0,0,0,0.0,0.0,0.0,0,0,0,2025-26,True,0.0,0.0,0.0,0.0,0.0,0.0,0.0,0.0,0.0,0.0,0.0,0.0,0.0,False
781,Carroll,DEF,2,no_sp,19,0,0,0,0,0.0,0.0,0,0,0.0,0.0,0.0,0,0,0,2025-26,True,0.0,0.0,0.0,0.0,0.0,0.0,0.0,0.0,0.0,0.0,0.0,0.0,0.0,False
783,Groß,MID,6,corner_primary,19,1636,18,1,6,1.39,3.95,6,78,23.0,6.0,4.0,2,145,0,2025-26,True,0.05501222493887531,0.33007334963325186,0.07646699266503668,0.21729828850855748,1.265281173594132,0.22004889975550124,0.33007334963325186,4.290953545232274,1.2777777777777777,0.2222222222222222,0.3333333333333333,4.333333333333333,0.1111111111111111,True
784,Brierley,MID,3,no_sp,19,0,0,0,0,0.0,0.0,0,0,0.0,0.0,0.0,0,0,0,2025-26,True,0.0,0.0,0.0,0.0,0.0,0.0,0.0,0.0,0.0,0.0,0.0,0.0,0.0,False
785,Pablo,FWD,19,no_sp,19,819,9,0,1,1.05,1.11,3,26,3.0,0.0,0.0,0,72,0,2025-26,True,0.0,0.10989010989010989,0.11538461538461539,0.12197802197802199,0.32967032967032966,0.0,0.0,2.857142857142857,0.3333333333333333,0.0,0.0,2.888888888888889,0.0,False
787,Chambers,MID,11,no_sp,19,0,0,0,0,0.0,0.0,0,0,0.0,0.0,0.0,0,0,0,2025-26,True,0.0,0.0,0.0,0.0,0.0,0.0,0.0,0.0,0.0,0.0,0.0,0.0,0.0,False
788,Kukonki,DEF,14,no_sp,19,0,0,0,0,0.0,0.0,0,0,0.0,0.0,0.0,0,0,0,2025-26,True,0.0,0.0,0.0,0.0,0.0,0.0,0.0,0.0,0.0,0.0,0.0,0.0,0.0,False
790,Williams-Barnett,MID,18,no_sp,19,0,0,0,0,0.0,0.0,0,0,0.0,0.0,0.0,0,0,0,2025-26,True,0.0,0.0,0.0,0.0,0.0,0.0,0.0,0.0,0.0,0.0,0.0,0.0,0.0,False
791,Taty,FWD,19,no_sp,18,1384,17,6,1,5.75,0.8099999999999999,9,61,27.0,0.0,0.0,0,71,0,2025-26,True,0.3901734104046243,0.06502890173410404,0.37391618497109824,0.052673410404624275,1.7557803468208093,0.0,0.0,3.9667630057803467,1.588235294117647,0.0,0.0,3.588235294117647,0.0,True
792,Alysson,MID,2,no_sp,18,47,0,0,0,0.05,0.05,0,3,0.0,0.0,0.0,0,4,0,2025-26,True,0.0,0.0,0.09574468085106383,0.09574468085106383,0.0,0.0,0.0,5.74468085106383,0.0,0.0,0.0,3.0,0.0,False
793,King,DEF,8,no_sp,18,0,0,0,0,0.0,0.0,0,0,0.0,0.0,0.0,0,0,0,2025-26,True,0.0,0.0,0.0,0.0,0.0,0.0,0.0,0.0,0.0,0.0,0.0,0.0,0.0,False
794,Alleyne,DEF,13,no_sp,18,135,1,0,0,0.26,0.060000000000000005,0,5,0.0,0.0,2.0,1,11,0,2025-26,True,0.0,0.0,0.17333333333333334,0.04,0.0,1.3333333333333333,0.0,3.3333333333333335,0.0,2.0,0.0,5.0,1.0,False
795,Howell,MID,6,no_sp,18,92,1,0,0,0.0,0.03,0,4,0.0,0.0,0.0,0,7,0,2025-26,True,0.0,0.0,0.0,0.029347826086956522,0.0,0.0,0.0,3.91304347826087,0.0,0.0,0.0,4.0,0.0,False
796,Gallagher,MID,18,no_sp,17,1183,13,1,1,1.23,0.7,2,44,8.0,2.0,4.0,2,124,0,2025-26,True,0.0760777683854607,0.0760777683854607,0.09357565511411665,0.05325443786982249,0.6086221470836856,0.3043110735418428,0.1521555367709214,3.3474218089602705,0.6153846153846154,0.3076923076923077,0.15384615384615385,3.3846153846153846,0.15384615384615385,True
797,Furo,FWD,5,no_sp,17,1,0,0,0,0.0,0.0,0,1,0.0,0.0,0.0,0,0,0,2025-26,True,0.0,0.0,0.0,0.0,0.0,0.0,0.0,90.0,0.0,0.0,0.0,1.0,0.0,False
798,Imray,DEF,8,no_sp,17,0,0,0,0,0.0,0.0,0,0,0.0,0.0,0.0,0,0,0,2025-26,True,0.0,0.0,0.0,0.0,0.0,0.0,0.0,0.0,0.0,0.0,0.0,0.0,0.0,False
799,Stevens,MID,4,no_sp,17,0,0,0,0,0.0,0.0,0,0,0.0,0.0,0.0,0,0,0,2025-26,True,0.0,0.0,0.0,0.0,0.0,0.0,0.0,0.0,0.0,0.0,0.0,0.0,0.0,False
800,Jocelin.T,MID,17,no_sp,16,38,0,0,0,0.0,0.04,0,1,0.0,0.0,0.0,0,3,0,2025-26,True,0.0,0.0,0.0,0.09473684210526316,0.0,0.0,0.0,2.3684210526315788,0.0,0.0,0.0,1.0,0.0,False
801,Tóth.A,MID,4,no_sp,16,135,0,0,0,0.11,0.33,0,8,0.0,0.0,0.0,0,17,0,2025-26,True,0.0,0.0,0.07333333333333333,0.22,0.0,0.0,0.0,5.333333333333333,0.0,0.0,0.0,8.0,0.0,False
802,Lamadrid,MID,19,no_sp,16,0,0,0,0,0.0,0.0,0,0,0.0,0.0,0.0,0,0,0,2025-26,True,0.0,0.0,0.0,0.0,0.0,0.0,0.0,0.0,0.0,0.0,0.0,0.0,0.0,False
804,Souza,DEF,18,no_sp,15,142,0,0,0,0.02,0.03,0,3,0.0,0.0,0.0,0,6,0,2025-26,True,0.0,0.0,0.01267605633802817,0.019014084507042252,0.0,0.0,0.0,1.9014084507042255,0.0,0.0,0.0,3.0,0.0,False
805,Lucca,FWD,16,no_sp,15,126,1,1,0,0.79,0.01,1,9,4.0,0.0,0.0,0,7,0,2025-26,True,0.7142857142857143,0.0,0.5642857142857144,0.0071428571428571435,2.857142857142857,0.0,0.0,6.428571428571429,4.0,0.0,0.0,9.0,0.0,False
807,Rayan,MID,4,no_sp,15,1110,13,5,2,2.67,1.84,6,67,31.0,6.0,0.0,0,82,0,2025-26,True,0.4054054054054054,0.16216216216216214,0.21648648648648647,0.1491891891891892,2.5135135135135136,0.0,0.48648648648648646,5.4324324324324325,2.3846153846153846,0.0,0.46153846153846156,5.153846153846154,0.0,True
808,Abraham,FWD,2,no_sp,15,278,1,2,0,2.05,0.36,0,23,8.0,0.0,0.0,0,13,0,2025-26,True,0.6474820143884892,0.0,0.6636690647482013,0.11654676258992805,2.5899280575539567,0.0,0.0,7.446043165467626,8.0,0.0,0.0,23.0,0.0,False
809,Abbey,MID,20,no_sp,15,16,0,0,0,0.0,0.0,0,1,0.0,0.0,0.0,0,2,0,2025-26,True,0.0,0.0,0.0,0.0,0.0,0.0,0.0,5.625,0.0,0.0,0.0,1.0,0.0,False
810,Bentt,MID,5,no_sp,15,0,0,0,0,0.0,0.0,0,0,0.0,0.0,0.0,0,0,0,2025-26,True,0.0,0.0,0.0,0.0,0.0,0.0,0.0,0.0,0.0,0.0,0.0,0.0,0.0,False
811,Kyerematen,MID,18,no_sp,15,0,0,0,0,0.0,0.0,0,0,0.0,0.0,0.0,0,0,0,2025-26,True,0.0,0.0,0.0,0.0,0.0,0.0,0.0,0.0,0.0,0.0,0.0,0.0,0.0,False
813,Angulo,MID,17,no_sp,14,401,5,0,0,0.77,0.12,1,13,0.0,1.0,0.0,0,35,0,2025-26,True,0.0,0.0,0.17281795511221945,0.026932668329177057,0.0,0.0,0.22443890274314213,2.9177057356608476,0.0,0.0,0.2,2.6,0.0,False
814,Netz,DEF,16,no_sp,14,353,3,0,0,0.0,0.41,0,11,0.0,0.0,2.0,1,27,0,2025-26,True,0.0,0.0,0.0,0.10453257790368271,0.0,0.509915014164306,0.0,2.8045325779036827,0.0,0.6666666666666666,0.0,3.6666666666666665,0.3333333333333333,False
815,Disasi,DEF,19,no_sp,14,1254,14,0,0,1.1,0.03,6,49,0.0,24.0,4.0,2,88,0,2025-26,True,0.0,0.0,0.07894736842105264,0.00215311004784689,0.0,0.28708133971291866,1.7224880382775118,3.5167464114832536,0.0,0.2857142857142857,1.7142857142857142,3.5,0.14285714285714285,True
816,Angel,MID,20,no_sp,14,457,4,0,0,0.25,0.28,1,16,0.0,1.0,0.0,0,33,0,2025-26,True,0.0,0.0,0.04923413566739607,0.0551422319474836,0.0,0.0,0.19693654266958427,3.1509846827133483,0.0,0.0,0.25,4.0,0.0,False
817,Armstrong,FWD,20,no_sp,14,1141,13,2,2,2.77,0.85,3,39,14.0,0.0,0.0,0,37,0,2025-26,True,0.1577563540753725,0.1577563540753725,0.2184925503943909,0.06704645048203331,1.1042944785276074,0.0,0.0,3.0762489044697636,1.0769230769230769,0.0,0.0,3.0,0.0,True
818,Wilson,FWD,18,no_sp,12,0,0,0,0,0.0,0.0,0,0,0.0,0.0,0.0,0,0,0,2025-26,True,0.0,0.0,0.0,0.0,0.0,0.0,0.0,0.0,0.0,0.0,0.0,0.0,0.0,False
819,Shield,DEF,5,no_sp,11,0,0,0,0,0.0,0.0,0,0,0.0,0.0,0.0,0,0,0,2025-26,True,0.0,0.0,0.0,0.0,0.0,0.0,0.0,0.0,0.0,0.0,0.0,0.0,0.0,False
820,McMahon-Brown,MID,3,no_sp,10,0,0,0,0,0.0,0.0,0,0,0.0,0.0,0.0,0,0,0,2025-26,True,0.0,0.0,0.0,0.0,0.0,0.0,0.0,0.0,0.0,0.0,0.0,0.0,0.0,False
821,Whittaker,MID,17,no_sp,9,0,0,0,0,0.0,0.0,0,0,0.0,0.0,0.0,0,0,0,2025-26,True,0.0,0.0,0.0,0.0,0.0,0.0,0.0,0.0,0.0,0.0,0.0,0.0,0.0,False
822,Jones,MID,17,no_sp,9,0,0,0,0,0.0,0.0,0,0,0.0,0.0,0.0,0,0,0,2025-26,True,0.0,0.0,0.0,0.0,0.0,0.0,0.0,0.0,0.0,0.0,0.0,0.0,0.0,False
823,Stephenson,DEF,5,no_sp,8,0,0,0,0,0.0,0.0,0,0,0.0,0.0,0.0,0,0,0,2025-26,True,0.0,0.0,0.0,0.0,0.0,0.0,0.0,0.0,0.0,0.0,0.0,0.0,0.0,False
824,McManus,DEF,5,no_sp,8,0,0,0,0,0.0,0.0,0,0,0.0,0.0,0.0,0,0,0,2025-26,True,0.0,0.0,0.0,0.0,0.0,0.0,0.0,0.0,0.0,0.0,0.0,0.0,0.0,False
826,Owen,MID,5,no_sp,7,0,0,0,0,0.0,0.0,0,0,0.0,0.0,0.0,0,0,0,2025-26,True,0.0,0.0,0.0,0.0,0.0,0.0,0.0,0.0,0.0,0.0,0.0,0.0,0.0,False
827,Thwaites,MID,14,no_sp,6,0,0,0,0,0.0,0.0,0,0,0.0,0.0,0.0,0,0,0,2025-26,True,0.0,0.0,0.0,0.0,0.0,0.0,0.0,0.0,0.0,0.0,0.0,0.0,0.0,False
829,Derry,MID,7,no_sp,6,45,0,0,0,0.1,0.02,0,1,0.0,0.0,0.0,0,3,0,2025-26,True,0.0,0.0,0.2,0.04,0.0,0.0,0.0,2.0,0.0,0.0,0.0,1.0,0.0,False
830,Wright,FWD,12,no_sp,5,0,0,0,0,0.0,0.0,0,0,0.0,0.0,0.0,0,0,0,2025-26,True,0.0,0.0,0.0,0.0,0.0,0.0,0.0,0.0,0.0,0.0,0.0,0.0,0.0,False
832,Ndiaye,DEF,12,no_sp,4,0,0,0,0,0.0,0.0,0,0,0.0,0.0,0.0,0,0,0,2025-26,True,0.0,0.0,0.0,0.0,0.0,0.0,0.0,0.0,0.0,0.0,0.0,0.0,0.0,False
833,Eboué,MID,7,no_sp,3,0,0,0,0,0.0,0.0,0,0,0.0,0.0,0.0,0,0,0,2025-26,True,0.0,0.0,0.0,0.0,0.0,0.0,0.0,0.0,0.0,0.0,0.0,0.0,0.0,False
834,Kavuma-McQueen,MID,7,no_sp,3,0,0,0,0,0.0,0.0,0,0,0.0,0.0,0.0,0,0,0,2025-26,True,0.0,0.0,0.0,0.0,0.0,0.0,0.0,0.0,0.0,0.0,0.0,0.0,0.0,False
835,Whitehall,MID,16,no_sp,3,0,0,0,0,0.0,0.0,0,0,0.0,0.0,0.0,0,0,0,2025-26,True,0.0,0.0,0.0,0.0,0.0,0.0,0.0,0.0,0.0,0.0,0.0,0.0,0.0,False
836,Sinclair,MID,16,no_sp,3,0,0,0,0,0.0,0.0,0,0,0.0,0.0,0.0,0,0,0,2025-26,True,0.0,0.0,0.0,0.0,0.0,0.0,0.0,0.0,0.0,0.0,0.0,0.0,0.0,False
837,Lienou,DEF,11,no_sp,3,0,0,0,0,0.0,0.0,0,0,0.0,0.0,0.0,0,0,0,2025-26,True,0.0,0.0,0.0,0.0,0.0,0.0,0.0,0.0,0.0,0.0,0.0,0.0,0.0,False
838,Chadwick,MID,11,no_sp,3,0,0,0,0,0.0,0.0,0,0,0.0,0.0,0.0,0,0,0,2025-26,True,0.0,0.0,0.0,0.0,0.0,0.0,0.0,0.0,0.0,0.0,0.0,0.0,0.0,False
839,Cresswell,MID,11,no_sp,2,0,0,0,0,0.0,0.0,0,0,0.0,0.0,0.0,0,0,0,2025-26,True,0.0,0.0,0.0,0.0,0.0,0.0,0.0,0.0,0.0,0.0,0.0,0.0,0.0,False
840,Mheuka,FWD,7,no_sp,2,1,0,0,0,0.0,0.0,0,1,0.0,0.0,0.0,0,1,0,2025-26,True,0.0,0.0,0.0,0.0,0.0,0.0,0.0,90.0,0.0,0.0,0.0,1.0,0.0,False
841,Sillah,FWD,16,no_sp,1,0,0,0,0,0.0,0.0,0,0,0.0,0.0,0.0,0,0,0,2025-26,True,0.0,0.0,0.0,0.0,0.0,0.0,0.0,0.0,0.0,0.0,0.0,0.0,0.0,False
