horizon,budget_band,total_price,dcs,oc_score,s_risk,tot_rot_xp,raw_rot_xp,auto_sub_ev,rot_xp_per_gw,rot_avg_fdr,no_diff_pct,all_easy_pct,avg_fdr_corr,num_unique_clubs,allocation_pattern,lineup,def1,def2,def3,def4,def5
full_season,Band 1: Budget (£20.5m-£22.5m),22.5,81.59,18.595,73.12,733.66,708.28,25.38,19.31,2.35,76.3,0.0,-0.0747,5,1+1+1+1+1,Calafiori (ARS) + Vuskovic (BHA) + Thomas (COV) + Greaves (IPS) + O'Nien (SUN),Calafiori,Vuskovic,Thomas,Greaves,O'Nien
full_season,Band 1: Budget (£20.5m-£22.5m),22.5,81.21,18.596,72.17,733.7,708.28,25.42,19.31,2.34,73.7,0.0,-0.0879,5,1+1+1+1+1,Calafiori (ARS) + Vuskovic (BHA) + Thomas (COV) + Ajayi (HUL) + Greaves (IPS),Calafiori,Vuskovic,Thomas,Ajayi,Greaves
full_season,Band 1: Budget (£20.5m-£22.5m),22.5,80.71,18.547,71.6,731.82,707.29,24.53,19.26,2.35,73.7,0.0,-0.0565,5,1+1+1+1+1,Calafiori (ARS) + Vuskovic (BHA) + Thomas (COV) + Ajayi (HUL) + O'Nien (SUN),Calafiori,Vuskovic,Thomas,Ajayi,O'Nien
full_season,Band 1: Budget (£20.5m-£22.5m),22.5,78.11,18.285,68.67,721.85,697.36,24.5,19.0,2.36,68.4,0.0,-0.0545,5,1+1+1+1+1,Calafiori (ARS) + Vuskovic (BHA) + Ajayi (HUL) + Greaves (IPS) + O'Nien (SUN),Calafiori,Vuskovic,Ajayi,Greaves,O'Nien
full_season,Band 1: Budget (£20.5m-£22.5m),22.5,74.71,16.99,77.83,672.66,647.94,24.72,17.7,2.31,84.2,0.0,-0.0679,5,1+1+1+1+1,Calafiori (ARS) + De Cuyper (BHA) + Thomas (COV) + Ajayi (HUL) + Justin (LEE),Calafiori,De Cuyper,Thomas,Ajayi,Justin
full_season,Band 1: Budget (£20.5m-£22.5m),22.5,74.33,16.79,79.62,665.04,640.75,24.29,17.5,2.29,86.8,0.0,-0.0577,5,1+1+1+1+1,Calafiori (ARS) + De Cuyper (BHA) + Thomas (COV) + Greaves (IPS) + Heaven (MUN),Calafiori,De Cuyper,Thomas,Greaves,Heaven
full_season,Band 1: Budget (£20.5m-£22.5m),22.5,74.26,16.773,79.66,664.42,641.26,23.16,17.48,2.25,84.2,0.0,-0.1108,5,1+1+1+1+1,Calafiori (ARS) + De Cuyper (BHA) + Smith (BOU) + Thomas (COV) + Greaves (IPS),Calafiori,De Cuyper,Smith,Thomas,Greaves
full_season,Band 1: Budget (£20.5m-£22.5m),22.5,73.4,16.637,79.36,659.25,635.56,23.69,17.35,2.3,86.8,0.0,-0.0547,5,1+1+1+1+1,Calafiori (ARS) + De Cuyper (BHA) + Thomas (COV) + Heaven (MUN) + O'Nien (SUN),Calafiori,De Cuyper,Thomas,Heaven,O'Nien
full_season,Band 1: Budget (£20.5m-£22.5m),22.5,73.33,17.047,73.6,674.82,649.59,25.23,17.76,2.33,76.3,0.0,-0.0721,5,1+1+1+1+1,Calafiori (ARS) + De Cuyper (BHA) + Thomas (COV) + Greaves (IPS) + Justin (LEE),Calafiori,De Cuyper,Thomas,Greaves,Justin
full_season,Band 1: Budget (£20.5m-£22.5m),22.0,73.28,16.872,75.85,662.76,638.74,24.02,17.44,2.34,81.6,0.0,-0.0688,5,1+1+1+1+1,Calafiori (ARS) + Thomas (COV) + Greaves (IPS) + Heaven (MUN) + O'Nien (SUN),Calafiori,Thomas,Greaves,Heaven,O'Nien
full_season,Band 1: Budget (£20.5m-£22.5m),22.5,73.13,16.687,78.01,661.15,638.05,23.1,17.4,2.25,81.6,2.6,-0.0677,5,1+1+1+1+1,Calafiori (ARS) + Smith (BOU) + Thomas (COV) + Greaves (IPS) + Heaven (MUN),Calafiori,Smith,Thomas,Greaves,Heaven
full_season,Band 1: Budget (£20.5m-£22.5m),22.5,73.11,16.593,79.23,657.58,634.86,22.72,17.3,2.26,84.2,0.0,-0.079,5,1+1+1+1+1,Calafiori (ARS) + De Cuyper (BHA) + Smith (BOU) + Thomas (COV) + O'Nien (SUN),Calafiori,De Cuyper,Smith,Thomas,O'Nien
full_season,Band 1: Budget (£20.5m-£22.5m),22.5,73.08,16.867,75.43,667.97,643.05,24.92,17.58,2.32,78.9,0.0,-0.1241,5,1+1+1+1+1,Calafiori (ARS) + Thomas (COV) + Ajayi (HUL) + Greaves (IPS) + Jacquet (LIV),Calafiori,Thomas,Ajayi,Greaves,Jacquet
full_season,Band 1: Budget (£20.5m-£22.5m),22.5,72.99,16.669,77.91,660.44,636.66,23.78,17.38,2.29,84.2,0.0,-0.001,5,1+1+1+1+1,Calafiori (ARS) + De Cuyper (BHA) + Thomas (COV) + Ajayi (HUL) + Heaven (MUN),Calafiori,De Cuyper,Thomas,Ajayi,Heaven
full_season,Band 1: Budget (£20.5m-£22.5m),22.5,72.87,16.775,76.14,664.49,640.9,23.59,17.49,2.33,81.6,0.0,-0.0751,5,1+1+1+1+1,Calafiori (ARS) + De Cuyper (BHA) + Thomas (COV) + Greaves (IPS) + Robertson (TOT),Calafiori,De Cuyper,Thomas,Greaves,Robertson
full_season,Band 1: Budget (£20.5m-£22.5m),22.5,72.71,16.767,75.85,664.19,639.87,24.32,17.48,2.34,81.6,0.0,-0.0688,5,1+1+1+1+1,Calafiori (ARS) + Thomas (COV) + Greaves (IPS) + Dalot (MUN) + O'Nien (SUN),Calafiori,Thomas,Greaves,Dalot,O'Nien
full_season,Band 1: Budget (£20.5m-£22.5m),22.0,72.69,16.964,73.12,666.26,641.93,24.33,17.53,2.35,76.3,0.0,-0.0747,5,1+1+1+1+1,Calafiori (ARS) + De Cuyper (BHA) + Thomas (COV) + Greaves (IPS) + O'Nien (SUN),Calafiori,De Cuyper,Thomas,Greaves,O'Nien
full_season,Band 1: Budget (£20.5m-£22.5m),22.5,72.56,17.463,65.99,690.61,665.25,25.36,18.17,2.37,63.2,0.0,-0.0808,5,1+1+1+1+1,Calafiori (ARS) + Thomas (COV) + Ajayi (HUL) + Greaves (IPS) + Muharemović (LEE),Calafiori,Thomas,Ajayi,Greaves,Muharemović
full_season,Band 1: Budget (£20.5m-£22.5m),22.5,72.55,17.402,66.81,688.3,663.8,24.51,18.11,2.38,65.8,0.0,-0.0474,5,1+1+1+1+1,Calafiori (ARS) + Thomas (COV) + Ajayi (HUL) + Muharemović (LEE) + O'Nien (SUN),Calafiori,Thomas,Ajayi,Muharemović,O'Nien
full_season,Band 1: Budget (£20.5m-£22.5m),22.5,72.4,16.997,71.96,672.91,647.95,24.95,17.71,2.33,73.7,0.0,-0.0358,5,1+1+1+1+1,Calafiori (ARS) + Thomas (COV) + Greaves (IPS) + Justin (LEE) + Heaven (MUN),Calafiori,Thomas,Greaves,Justin,Heaven
full_season,Band 1: Budget (£20.5m-£22.5m),22.5,72.36,16.669,76.33,660.44,637.51,22.93,17.38,2.32,81.6,0.0,-0.0636,5,1+1+1+1+1,Calafiori (ARS) + Thomas (COV) + Mingueza (CRY) + Greaves (IPS) + Heaven (MUN),Calafiori,Thomas,Mingueza,Greaves,Heaven
full_season,Band 1: Budget (£20.5m-£22.5m),22.5,72.35,16.651,76.54,659.76,635.63,24.13,17.36,2.31,81.6,0.0,-0.076,5,1+1+1+1+1,Calafiori (ARS) + Ajayi (HUL) + Greaves (IPS) + Justin (LEE) + Heaven (MUN),Calafiori,Ajayi,Greaves,Justin,Heaven
full_season,Band 1: Budget (£20.5m-£22.5m),22.5,72.35,16.746,75.25,663.37,638.88,24.5,17.46,2.32,78.9,0.0,-0.0889,5,1+1+1+1+1,Calafiori (ARS) + De Cuyper (BHA) + Ajayi (HUL) + Greaves (IPS) + Justin (LEE),Calafiori,De Cuyper,Ajayi,Greaves,Justin
full_season,Band 1: Budget (£20.5m-£22.5m),22.0,72.34,16.97,72.17,666.47,641.96,24.52,17.54,2.34,73.7,0.0,-0.0879,5,1+1+1+1+1,Calafiori (ARS) + De Cuyper (BHA) + Thomas (COV) + Ajayi (HUL) + Greaves (IPS),Calafiori,De Cuyper,Thomas,Ajayi,Greaves
full_season,Band 1: Budget (£20.5m-£22.5m),22.5,72.33,16.766,74.93,664.13,639.69,24.44,17.48,2.33,78.9,0.0,-0.0988,5,1+1+1+1+1,Calafiori (ARS) + Thomas (COV) + Greaves (IPS) + Heaven (MUN) + Aina (NFO),Calafiori,Thomas,Greaves,Heaven,Aina
full_season,Band 1: Budget (£20.5m-£22.5m),22.5,72.33,16.976,72.06,672.13,647.63,24.5,17.69,2.33,73.7,0.0,-0.0641,5,1+1+1+1+1,Calafiori (ARS) + De Cuyper (BHA) + Thomas (COV) + Justin (LEE) + O'Nien (SUN),Calafiori,De Cuyper,Thomas,Justin,O'Nien
full_season,Band 1: Budget (£20.5m-£22.5m),22.5,72.29,16.637,76.58,659.25,636.53,22.71,17.35,2.25,78.9,0.0,-0.0601,5,1+1+1+1+1,Calafiori (ARS) + De Cuyper (BHA) + Smith (BOU) + Thomas (COV) + Ajayi (HUL),Calafiori,De Cuyper,Smith,Thomas,Ajayi
full_season,Band 1: Budget (£20.5m-£22.5m),22.5,72.25,17.461,65.24,690.56,665.25,25.31,18.17,2.39,63.2,0.0,-0.0455,5,1+1+1+1+1,Calafiori (ARS) + Thomas (COV) + Greaves (IPS) + Muharemović (LEE) + O'Nien (SUN),Calafiori,Thomas,Greaves,Muharemović,O'Nien
full_season,Band 1: Budget (£20.5m-£22.5m),22.5,72.19,16.674,75.85,660.63,637.51,23.12,17.39,2.34,81.6,0.0,-0.0688,5,1+1+1+1+1,Calafiori (ARS) + Thomas (COV) + Greaves (IPS) + Heaven (MUN) + Hume (SUN),Calafiori,Thomas,Greaves,Heaven,Hume
full_season,Band 1: Budget (£20.5m-£22.5m),22.5,72.15,16.737,74.87,663.05,638.75,24.3,17.45,2.33,78.9,0.0,-0.0729,5,1+1+1+1+1,Calafiori (ARS) + Thomas (COV) + Ajayi (HUL) + Jacquet (LIV) + O'Nien (SUN),Calafiori,Thomas,Ajayi,Jacquet,O'Nien
full_season,Band 1: Budget (£20.5m-£22.5m),22.5,72.08,16.977,71.41,672.18,647.95,24.23,17.69,2.29,71.1,0.0,-0.0342,5,1+1+1+1+1,Calafiori (ARS) + Smith (BOU) + Thomas (COV) + Greaves (IPS) + Justin (LEE),Calafiori,Smith,Thomas,Greaves,Justin
full_season,Band 1: Budget (£20.5m-£22.5m),22.5,71.96,16.782,73.79,664.76,641.07,23.69,17.49,2.32,76.3,0.0,-0.0884,5,1+1+1+1+1,Calafiori (ARS) + De Cuyper (BHA) + Thomas (COV) + Castagne (FUL) + Greaves (IPS),Calafiori,De Cuyper,Thomas,Castagne,Greaves
full_season,Band 1: Budget (£20.5m-£22.5m),22.5,71.85,16.863,72.4,667.84,643.05,24.79,17.57,2.33,73.7,0.0,-0.1088,5,1+1+1+1+1,Calafiori (ARS) + Thomas (COV) + Greaves (IPS) + Jacquet (LIV) + O'Nien (SUN),Calafiori,Thomas,Greaves,Jacquet,O'Nien
full_season,Band 1: Budget (£20.5m-£22.5m),22.5,71.82,16.688,74.7,661.18,637.84,23.34,17.4,2.33,78.9,0.0,-0.044,5,1+1+1+1+1,Calafiori (ARS) + Thomas (COV) + Greaves (IPS) + Heaven (MUN) + Robertson (TOT),Calafiori,Thomas,Greaves,Heaven,Robertson
full_season,Band 1: Budget (£20.5m-£22.5m),22.5,71.81,16.919,71.54,669.97,645.75,24.23,17.63,2.33,73.7,0.0,0.0006,5,1+1+1+1+1,Calafiori (ARS) + Thomas (COV) + Ajayi (HUL) + Justin (LEE) + Heaven (MUN),Calafiori,Thomas,Ajayi,Justin,Heaven
full_season,Band 1: Budget (£20.5m-£22.5m),22.5,71.67,16.423,77.95,651.09,628.35,22.74,17.13,2.32,84.2,0.0,-0.1135,5,1+1+1+1+1,Calafiori (ARS) + Thomas (COV) + Mingueza (CRY) + Heaven (MUN) + O'Nien (SUN),Calafiori,Thomas,Mingueza,Heaven,O'Nien
full_season,Band 1: Budget (£20.5m-£22.5m),22.5,71.61,16.849,71.98,667.31,642.64,24.66,17.56,2.35,73.7,0.0,-0.1021,5,1+1+1+1+1,Calafiori (ARS) + De Cuyper (BHA) + Thomas (COV) + Greaves (IPS) + Aina (NFO),Calafiori,De Cuyper,Thomas,Greaves,Aina
full_season,Band 1: Budget (£20.5m-£22.5m),22.5,71.61,16.454,77.38,652.3,629.47,22.84,17.17,2.27,81.6,2.6,-0.039,5,1+1+1+1+1,Calafiori (ARS) + Smith (BOU) + Thomas (COV) + Heaven (MUN) + O'Nien (SUN),Calafiori,Smith,Thomas,Heaven,O'Nien
full_season,Band 1: Budget (£20.5m-£22.5m),22.5,71.6,16.374,78.43,649.26,625.44,23.82,17.09,2.28,84.2,0.0,-0.0583,5,1+1+1+1+1,Calafiori (ARS) + De Cuyper (BHA) + Ajayi (HUL) + Greaves (IPS) + Heaven (MUN),Calafiori,De Cuyper,Ajayi,Greaves,Heaven
full_season,Band 1: Budget (£20.5m-£22.5m),22.5,71.6,16.757,73.22,663.79,640.65,23.14,17.47,2.33,76.3,0.0,-0.0464,5,1+1+1+1+1,Calafiori (ARS) + De Cuyper (BHA) + Thomas (COV) + Mingueza (CRY) + Greaves (IPS),Calafiori,De Cuyper,Thomas,Mingueza,Greaves
full_season,Band 1: Budget (£20.5m-£22.5m),22.5,71.59,16.762,73.12,663.99,640.65,23.34,17.47,2.35,76.3,0.0,-0.0747,5,1+1+1+1+1,Calafiori (ARS) + De Cuyper (BHA) + Thomas (COV) + Greaves (IPS) + Hume (SUN),Calafiori,De Cuyper,Thomas,Greaves,Hume
full_season,Band 1: Budget (£20.5m-£22.5m),22.5,71.36,16.633,74.31,659.08,635.66,23.42,17.34,2.29,76.3,0.0,-0.0692,5,1+1+1+1+1,Calafiori (ARS) + Smith (BOU) + Ajayi (HUL) + Greaves (IPS) + Justin (LEE),Calafiori,Smith,Ajayi,Greaves,Justin
full_season,Band 1: Budget (£20.5m-£22.5m),22.0,71.32,16.825,71.6,660.96,636.95,24.01,17.39,2.35,73.7,0.0,-0.0565,5,1+1+1+1+1,Calafiori (ARS) + De Cuyper (BHA) + Thomas (COV) + Ajayi (HUL) + O'Nien (SUN),Calafiori,De Cuyper,Thomas,Ajayi,O'Nien
full_season,Band 1: Budget (£20.5m-£22.5m),22.5,71.24,16.967,69.48,671.77,646.76,25.01,17.68,2.37,71.1,0.0,0.0004,5,1+1+1+1+1,Calafiori (ARS) + Thomas (COV) + Greaves (IPS) + Thiaw (NEW) + O'Nien (SUN),Calafiori,Thomas,Greaves,Thiaw,O'Nien
full_season,Band 1: Budget (£20.5m-£22.5m),22.0,71.18,16.878,70.51,662.98,638.8,24.18,17.45,2.34,71.1,0.0,-0.0466,5,1+1+1+1+1,Calafiori (ARS) + Thomas (COV) + Ajayi (HUL) + Greaves (IPS) + Heaven (MUN),Calafiori,Thomas,Ajayi,Greaves,Heaven
full_season,Band 1: Budget (£20.5m-£22.5m),22.0,71.18,16.852,70.86,662.02,638.77,23.25,17.42,2.32,71.1,0.0,-0.0514,5,1+1+1+1+1,Calafiori (ARS) + Smith (BOU) + Thomas (COV) + Greaves (IPS) + O'Nien (SUN),Calafiori,Smith,Thomas,Greaves,O'Nien
full_season,Band 1: Budget (£20.5m-£22.5m),22.5,71.17,16.89,70.33,668.85,645.6,23.25,17.6,2.35,71.1,0.0,-0.0666,5,1+1+1+1+1,Calafiori (ARS) + Thomas (COV) + Mingueza (CRY) + Ajayi (HUL) + Justin (LEE),Calafiori,Thomas,Mingueza,Ajayi,Justin
full_season,Band 1: Budget (£20.5m-£22.5m),22.5,71.1,16.628,73.74,658.88,636.33,22.55,17.34,2.32,76.3,0.0,-0.0752,5,1+1+1+1+1,Calafiori (ARS) + De Cuyper (BHA) + Thomas (COV) + Mingueza (CRY) + Ajayi (HUL),Calafiori,De Cuyper,Thomas,Mingueza,Ajayi
full_season,Band 1: Budget (£20.5m-£22.5m),22.5,71.09,16.67,73.15,660.49,637.51,22.97,17.38,2.35,76.3,0.0,-0.0731,5,1+1+1+1+1,Calafiori (ARS) + Thomas (COV) + Mykolenko (EVE) + Greaves (IPS) + Heaven (MUN),Calafiori,Thomas,Mykolenko,Greaves,Heaven
full_season,Band 1: Budget (£20.5m-£22.5m),22.5,71.05,17.14,66.64,678.34,653.86,24.48,17.85,2.4,65.8,0.0,-0.0648,5,1+1+1+1+1,Calafiori (ARS) + Ajayi (HUL) + Greaves (IPS) + Muharemović (LEE) + O'Nien (SUN),Calafiori,Ajayi,Greaves,Muharemović,O'Nien
full_season,Band 2: Mid-Value (£23.0m-£24.0m),24.0,88.5,19.147,82.89,770.84,745.27,25.57,20.29,2.22,89.5,0.0,-0.1125,5,1+1+1+1+1,Calafiori (ARS) + Vuskovic (BHA) + Ajayi (HUL) + Greaves (IPS) + Gvardiol (MCI),Calafiori,Vuskovic,Ajayi,Greaves,Gvardiol
full_season,Band 2: Mid-Value (£23.0m-£24.0m),24.0,88.08,19.189,81.26,772.45,745.28,27.17,20.33,2.23,86.8,0.0,-0.0871,5,1+1+1+1+1,Calafiori (ARS) + Vuskovic (BHA) + Thomas (COV) + Greaves (IPS) + Gvardiol (MCI),Calafiori,Vuskovic,Thomas,Greaves,Gvardiol
full_season,Band 2: Mid-Value (£23.0m-£24.0m),24.0,87.97,19.178,81.14,772.03,745.28,26.75,20.32,2.24,86.8,0.0,-0.0969,5,1+1+1+1+1,Calafiori (ARS) + Vuskovic (BHA) + Thomas (COV) + Gvardiol (MCI) + O'Nien (SUN),Calafiori,Vuskovic,Thomas,Gvardiol,O'Nien
full_season,Band 2: Mid-Value (£23.0m-£24.0m),24.0,87.74,19.146,81.0,770.81,745.27,25.54,20.28,2.24,86.8,0.0,-0.0907,5,1+1+1+1+1,Calafiori (ARS) + Vuskovic (BHA) + Greaves (IPS) + Gvardiol (MCI) + O'Nien (SUN),Calafiori,Vuskovic,Greaves,Gvardiol,O'Nien
full_season,Band 2: Mid-Value (£23.0m-£24.0m),24.0,87.34,19.179,79.54,772.07,745.28,26.78,20.32,2.23,84.2,0.0,-0.037,5,1+1+1+1+1,Calafiori (ARS) + Vuskovic (BHA) + Thomas (COV) + Ajayi (HUL) + Gvardiol (MCI),Calafiori,Vuskovic,Thomas,Ajayi,Gvardiol
full_season,Band 2: Mid-Value (£23.0m-£24.0m),24.0,86.43,19.12,78.07,769.84,745.27,24.57,20.26,2.25,81.6,0.0,-0.0786,5,1+1+1+1+1,Calafiori (ARS) + Vuskovic (BHA) + Ajayi (HUL) + Gvardiol (MCI) + O'Nien (SUN),Calafiori,Vuskovic,Ajayi,Gvardiol,O'Nien
full_season,Band 2: Mid-Value (£23.0m-£24.0m),24.0,86.15,18.953,79.66,763.47,736.33,27.14,20.09,2.25,84.2,0.0,-0.1108,5,1+1+1+1+1,Calafiori (ARS) + Vuskovic (BHA) + Hill (BOU) + Thomas (COV) + Greaves (IPS),Calafiori,Vuskovic,Hill,Thomas,Greaves
full_season,Band 2: Mid-Value (£23.0m-£24.0m),24.0,85.92,18.942,79.23,763.05,736.33,26.72,20.08,2.26,84.2,0.0,-0.079,5,1+1+1+1+1,Calafiori (ARS) + Vuskovic (BHA) + Hill (BOU) + Thomas (COV) + O'Nien (SUN),Calafiori,Vuskovic,Hill,Thomas,O'Nien
full_season,Band 2: Mid-Value (£23.0m-£24.0m),24.0,85.84,18.474,85.42,745.26,720.73,24.53,19.61,2.0,86.8,0.0,0.0664,4,2+1+1+1,Calafiori (ARS) + J.Timber (ARS) + Thomas (COV) + Ajayi (HUL) + O'Nien (SUN),Calafiori,J.Timber,Thomas,Ajayi,O'Nien
full_season,Band 2: Mid-Value (£23.0m-£24.0m),24.0,85.67,18.522,84.33,747.11,721.72,25.38,19.66,2.0,84.2,0.0,0.0268,4,2+1+1+1,Calafiori (ARS) + J.Timber (ARS) + Thomas (COV) + Greaves (IPS) + O'Nien (SUN),Calafiori,J.Timber,Thomas,Greaves,O'Nien
full_season,Band 2: Mid-Value (£23.0m-£24.0m),24.0,85.66,18.523,84.3,747.15,721.72,25.42,19.66,1.99,84.2,0.0,0.0412,4,2+1+1+1,Calafiori (ARS) + J.Timber (ARS) + Thomas (COV) + Ajayi (HUL) + Greaves (IPS),Calafiori,J.Timber,Thomas,Ajayi,Greaves
full_season,Band 2: Mid-Value (£23.0m-£24.0m),24.0,84.87,18.943,76.58,763.08,736.33,26.76,20.08,2.25,78.9,0.0,-0.0601,5,1+1+1+1+1,Calafiori (ARS) + Vuskovic (BHA) + Hill (BOU) + Thomas (COV) + Ajayi (HUL),Calafiori,Vuskovic,Hill,Thomas,Ajayi
full_season,Band 2: Mid-Value (£23.0m-£24.0m),24.0,84.79,18.905,76.9,761.65,736.07,25.57,20.04,2.25,78.9,0.0,-0.1062,5,1+1+1+1+1,Calafiori (ARS) + Vuskovic (BHA) + Hill (BOU) + Ajayi (HUL) + Greaves (IPS),Calafiori,Vuskovic,Hill,Ajayi,Greaves
full_season,Band 2: Mid-Value (£23.0m-£24.0m),23.5,84.32,18.751,77.83,750.37,723.76,26.61,19.75,2.31,84.2,0.0,-0.0679,5,1+1+1+1+1,Calafiori (ARS) + Vuskovic (BHA) + Thomas (COV) + Ajayi (HUL) + Muharemović (LEE),Calafiori,Vuskovic,Thomas,Ajayi,Muharemović
full_season,Band 2: Mid-Value (£23.0m-£24.0m),23.5,83.79,18.339,82.14,734.72,708.7,26.02,19.33,2.27,89.5,0.0,-0.1473,5,1+1+1+1+1,Calafiori (ARS) + Vuskovic (BHA) + Thomas (COV) + Greaves (IPS) + Jacquet (LIV),Calafiori,Vuskovic,Thomas,Greaves,Jacquet
full_season,Band 2: Mid-Value (£23.0m-£24.0m),23.0,83.38,18.449,79.62,733.49,708.28,25.21,19.3,2.29,86.8,0.0,-0.0577,5,1+1+1+1+1,Calafiori (ARS) + Vuskovic (BHA) + Thomas (COV) + Greaves (IPS) + Heaven (MUN),Calafiori,Vuskovic,Thomas,Greaves,Heaven
full_season,Band 2: Mid-Value (£23.0m-£24.0m),23.0,83.3,18.43,79.66,732.79,708.28,24.51,19.28,2.25,84.2,0.0,-0.1108,5,1+1+1+1+1,Calafiori (ARS) + Vuskovic (BHA) + Smith (BOU) + Thomas (COV) + Greaves (IPS),Calafiori,Vuskovic,Smith,Thomas,Greaves
full_season,Band 2: Mid-Value (£23.0m-£24.0m),23.0,83.11,18.53,77.83,736.59,710.6,25.99,19.38,2.31,84.2,0.0,-0.0679,5,1+1+1+1+1,Calafiori (ARS) + Vuskovic (BHA) + Thomas (COV) + Ajayi (HUL) + Justin (LEE),Calafiori,Vuskovic,Thomas,Ajayi,Justin
full_season,Band 2: Mid-Value (£23.0m-£24.0m),24.0,83.08,18.511,78.01,746.67,722.31,24.36,19.65,2.28,84.2,0.0,0.009,5,1+1+1+1+1,Calafiori (ARS) + Vuskovic (BHA) + Ajayi (HUL) + Muharemović (LEE) + Heaven (MUN),Calafiori,Vuskovic,Ajayi,Muharemović,Heaven
full_season,Band 2: Mid-Value (£23.0m-£24.0m),23.5,83.06,18.105,83.49,725.86,700.81,25.05,19.1,2.26,92.1,0.0,-0.1478,5,1+1+1+1+1,Calafiori (ARS) + Vuskovic (BHA) + Ajayi (HUL) + Greaves (IPS) + Jacquet (LIV),Calafiori,Vuskovic,Ajayi,Greaves,Jacquet
full_season,Band 2: Mid-Value (£23.0m-£24.0m),24.0,83.01,18.605,76.55,750.25,723.76,26.49,19.74,2.29,81.6,0.0,0.003,5,1+1+1+1+1,Calafiori (ARS) + Vuskovic (BHA) + Thomas (COV) + Muharemović (LEE) + Heaven (MUN),Calafiori,Vuskovic,Thomas,Muharemović,Heaven
full_season,Band 2: Mid-Value (£23.0m-£24.0m),23.0,83.0,18.397,79.36,731.52,707.36,24.17,19.25,2.3,86.8,0.0,-0.0547,5,1+1+1+1+1,Calafiori (ARS) + Vuskovic (BHA) + Thomas (COV) + Heaven (MUN) + O'Nien (SUN),Calafiori,Vuskovic,Thomas,Heaven,O'Nien
full_season,Band 2: Mid-Value (£23.0m-£24.0m),24.0,83.0,18.212,81.9,735.3,710.8,24.5,19.35,2.01,78.9,0.0,-0.0127,4,2+1+1+1,Calafiori (ARS) + J.Timber (ARS) + Ajayi (HUL) + Greaves (IPS) + O'Nien (SUN),Calafiori,J.Timber,Ajayi,Greaves,O'Nien
full_season,Band 2: Mid-Value (£23.0m-£24.0m),23.5,82.99,18.315,80.45,733.8,708.46,25.34,19.31,2.27,86.8,0.0,-0.1053,5,1+1+1+1+1,Calafiori (ARS) + Vuskovic (BHA) + Thomas (COV) + Ajayi (HUL) + Jacquet (LIV),Calafiori,Vuskovic,Thomas,Ajayi,Jacquet
full_season,Band 2: Mid-Value (£23.0m-£24.0m),23.5,82.98,18.696,75.25,748.29,722.78,25.51,19.69,2.32,78.9,0.0,-0.0889,5,1+1+1+1+1,Calafiori (ARS) + Vuskovic (BHA) + Ajayi (HUL) + Greaves (IPS) + Muharemović (LEE),Calafiori,Vuskovic,Ajayi,Greaves,Muharemović
full_season,Band 2: Mid-Value (£23.0m-£24.0m),23.0,82.82,18.373,79.23,730.61,707.21,23.4,19.23,2.26,84.2,0.0,-0.079,5,1+1+1+1+1,Calafiori (ARS) + Vuskovic (BHA) + Smith (BOU) + Thomas (COV) + O'Nien (SUN),Calafiori,Vuskovic,Smith,Thomas,O'Nien
full_season,Band 2: Mid-Value (£23.0m-£24.0m),24.0,82.77,18.143,82.26,732.7,708.46,24.24,19.28,2.26,89.5,0.0,-0.1463,5,1+1+1+1+1,Calafiori (ARS) + Vuskovic (BHA) + Thomas (COV) + Mingueza (CRY) + Jacquet (LIV),Calafiori,Vuskovic,Thomas,Mingueza,Jacquet
full_season,Band 2: Mid-Value (£23.0m-£24.0m),24.0,82.74,18.146,82.14,732.8,708.28,24.52,19.28,2.27,89.5,0.0,-0.1473,5,1+1+1+1+1,Calafiori (ARS) + Vuskovic (BHA) + Thomas (COV) + Greaves (IPS) + Kerkez (LIV),Calafiori,Vuskovic,Thomas,Greaves,Kerkez
full_season,Band 2: Mid-Value (£23.0m-£24.0m),24.0,82.68,18.904,71.63,761.61,736.07,25.54,20.04,2.29,71.1,0.0,-0.0434,5,1+1+1+1+1,Calafiori (ARS) + Vuskovic (BHA) + Hill (BOU) + Greaves (IPS) + O'Nien (SUN),Calafiori,Vuskovic,Hill,Greaves,O'Nien
full_season,Band 2: Mid-Value (£23.0m-£24.0m),23.5,82.68,18.762,73.6,750.8,723.76,27.04,19.76,2.33,76.3,0.0,-0.0721,5,1+1+1+1+1,Calafiori (ARS) + Vuskovic (BHA) + Thomas (COV) + Greaves (IPS) + Muharemović (LEE),Calafiori,Vuskovic,Thomas,Greaves,Muharemović
full_season,Band 2: Mid-Value (£23.0m-£24.0m),23.5,82.66,18.316,79.62,733.86,708.47,25.39,19.31,2.29,86.8,0.0,-0.0577,5,1+1+1+1+1,Calafiori (ARS) + Vuskovic (BHA) + Thomas (COV) + Greaves (IPS) + Dalot (MUN),Calafiori,Vuskovic,Thomas,Greaves,Dalot
full_season,Band 2: Mid-Value (£23.0m-£24.0m),24.0,82.54,18.878,71.64,760.64,736.07,24.57,20.02,2.28,71.1,0.0,-0.0307,5,1+1+1+1+1,Calafiori (ARS) + Vuskovic (BHA) + Hill (BOU) + Ajayi (HUL) + O'Nien (SUN),Calafiori,Vuskovic,Hill,Ajayi,O'Nien
full_season,Band 2: Mid-Value (£23.0m-£24.0m),24.0,82.46,18.249,80.03,736.7,711.0,25.71,19.39,2.27,86.8,0.0,-0.0663,5,1+1+1+1+1,Calafiori (ARS) + Vuskovic (BHA) + Thomas (COV) + Canvot (CRY) + Heaven (MUN),Calafiori,Vuskovic,Thomas,Canvot,Heaven
full_season,Band 2: Mid-Value (£23.0m-£24.0m),23.0,82.44,18.401,77.91,731.69,707.37,24.33,19.26,2.29,84.2,0.0,-0.001,5,1+1+1+1+1,Calafiori (ARS) + Vuskovic (BHA) + Thomas (COV) + Ajayi (HUL) + Heaven (MUN),Calafiori,Vuskovic,Thomas,Ajayi,Heaven
full_season,Band 2: Mid-Value (£23.0m-£24.0m),23.0,82.4,18.439,77.29,733.11,708.17,24.95,19.29,2.31,84.2,2.6,0.0148,4,2+1+1+1,Calafiori (ARS) + De Cuyper (BHA) + Vuskovic (BHA) + Thomas (COV) + Ajayi (HUL),Calafiori,De Cuyper,Vuskovic,Thomas,Ajayi
full_season,Band 2: Mid-Value (£23.0m-£24.0m),23.5,82.38,18.284,79.36,732.62,708.13,24.49,19.28,2.3,86.8,0.0,-0.0547,5,1+1+1+1+1,Calafiori (ARS) + Vuskovic (BHA) + Thomas (COV) + Dalot (MUN) + O'Nien (SUN),Calafiori,Vuskovic,Thomas,Dalot,O'Nien
full_season,Band 2: Mid-Value (£23.0m-£24.0m),23.5,82.36,18.311,78.92,733.68,708.46,25.21,19.31,2.28,84.2,0.0,-0.1215,5,1+1+1+1+1,Calafiori (ARS) + Vuskovic (BHA) + Thomas (COV) + Jacquet (LIV) + O'Nien (SUN),Calafiori,Vuskovic,Thomas,Jacquet,O'Nien
full_season,Band 2: Mid-Value (£23.0m-£24.0m),23.5,82.35,18.229,80.02,730.54,707.37,23.16,19.22,2.21,84.2,2.6,-0.0378,5,1+1+1+1+1,Calafiori (ARS) + Vuskovic (BHA) + Smith (BOU) + Thomas (COV) + Heaven (MUN),Calafiori,Vuskovic,Smith,Thomas,Heaven
full_season,Band 2: Mid-Value (£23.0m-£24.0m),24.0,82.32,18.594,74.97,749.83,723.76,26.06,19.73,2.31,78.9,0.0,-0.0415,5,1+1+1+1+1,Calafiori (ARS) + Vuskovic (BHA) + Thomas (COV) + Castagne (FUL) + Muharemović (LEE),Calafiori,Vuskovic,Thomas,Castagne,Muharemović
full_season,Band 2: Mid-Value (£23.0m-£24.0m),23.5,82.3,18.22,80.03,730.22,707.27,22.95,19.22,2.27,86.8,0.0,-0.0663,5,1+1+1+1+1,Calafiori (ARS) + Vuskovic (BHA) + Thomas (COV) + Mingueza (CRY) + Heaven (MUN),Calafiori,Vuskovic,Thomas,Mingueza,Heaven
full_season,Band 2: Mid-Value (£23.0m-£24.0m),23.5,82.25,18.379,77.73,736.25,709.88,26.37,19.37,2.3,84.2,0.0,-0.0214,5,1+1+1+1+1,Calafiori (ARS) + Vuskovic (BHA) + Thomas (COV) + Greaves (IPS) + Thiaw (NEW),Calafiori,Vuskovic,Thomas,Greaves,Thiaw
full_season,Band 2: Mid-Value (£23.0m-£24.0m),24.0,82.2,18.547,75.31,748.06,722.78,25.28,19.69,2.28,78.9,0.0,0.0044,5,1+1+1+1+1,Calafiori (ARS) + Vuskovic (BHA) + Greaves (IPS) + Muharemović (LEE) + Heaven (MUN),Calafiori,Vuskovic,Greaves,Muharemović,Heaven
full_season,Band 2: Mid-Value (£23.0m-£24.0m),23.0,82.09,18.472,76.06,734.4,708.85,25.54,19.33,2.31,81.6,2.6,-0.0096,4,2+1+1+1,Calafiori (ARS) + De Cuyper (BHA) + Vuskovic (BHA) + Thomas (COV) + Greaves (IPS),Calafiori,De Cuyper,Vuskovic,Thomas,Greaves
full_season,Band 2: Mid-Value (£23.0m-£24.0m),23.5,82.06,18.225,79.36,730.41,707.27,23.14,19.22,2.3,86.8,0.0,-0.0547,5,1+1+1+1+1,Calafiori (ARS) + Vuskovic (BHA) + Thomas (COV) + Heaven (MUN) + Hume (SUN),Calafiori,Vuskovic,Thomas,Heaven,Hume
full_season,Band 2: Mid-Value (£23.0m-£24.0m),23.5,82.0,18.749,72.06,750.32,723.76,26.56,19.75,2.33,73.7,0.0,-0.0641,5,1+1+1+1+1,Calafiori (ARS) + Vuskovic (BHA) + Thomas (COV) + Muharemović (LEE) + O'Nien (SUN),Calafiori,Vuskovic,Thomas,Muharemović,O'Nien
full_season,Band 2: Mid-Value (£23.0m-£24.0m),23.0,81.94,18.438,76.14,733.08,708.34,24.74,19.29,2.33,81.6,0.0,-0.0751,5,1+1+1+1+1,Calafiori (ARS) + Vuskovic (BHA) + Thomas (COV) + Greaves (IPS) + Robertson (TOT),Calafiori,Vuskovic,Thomas,Greaves,Robertson
full_season,Band 2: Mid-Value (£23.0m-£24.0m),23.5,81.91,18.296,78.01,733.11,708.38,24.73,19.29,2.29,84.2,0.0,-0.0226,5,1+1+1+1+1,Calafiori (ARS) + Pau (AVL) + Vuskovic (BHA) + Thomas (COV) + Heaven (MUN),Calafiori,Pau,Vuskovic,Thomas,Heaven
full_season,Band 2: Mid-Value (£23.0m-£24.0m),23.5,81.83,18.277,78.06,732.39,707.73,24.66,19.27,2.3,84.2,0.0,-0.0659,5,1+1+1+1+1,Calafiori (ARS) + Vuskovic (BHA) + Thomas (COV) + Heaven (MUN) + Aina (NFO),Calafiori,Vuskovic,Thomas,Heaven,Aina
full_season,Band 2: Mid-Value (£23.0m-£24.0m),23.5,81.81,18.286,77.91,732.7,708.13,24.57,19.28,2.29,84.2,0.0,-0.001,5,1+1+1+1+1,Calafiori (ARS) + Vuskovic (BHA) + Thomas (COV) + Ajayi (HUL) + Dalot (MUN),Calafiori,Vuskovic,Thomas,Ajayi,Dalot
full_season,Band 2: Mid-Value (£23.0m-£24.0m),23.5,81.8,18.383,76.55,736.41,710.6,25.81,19.38,2.29,81.6,0.0,0.003,5,1+1+1+1+1,Calafiori (ARS) + Vuskovic (BHA) + Thomas (COV) + Justin (LEE) + Heaven (MUN),Calafiori,Vuskovic,Thomas,Justin,Heaven
full_season,Band 3: Single Anchor (£24.5m-£25.0m),25.0,95.26,19.788,91.06,806.0,779.25,26.75,21.21,1.96,97.4,2.6,0.017,4,2+1+1+1,Calafiori (ARS) + J.Timber (ARS) + Vuskovic (BHA) + Thomas (COV) + O'Nien (SUN),Calafiori,J.Timber,Vuskovic,Thomas,O'Nien
full_season,Band 3: Single Anchor (£24.5m-£25.0m),25.0,95.21,19.757,91.33,804.83,779.25,25.57,21.18,1.95,97.4,2.6,-0.0197,4,2+1+1+1,Calafiori (ARS) + J.Timber (ARS) + Vuskovic (BHA) + Ajayi (HUL) + Greaves (IPS),Calafiori,J.Timber,Vuskovic,Ajayi,Greaves
full_season,Band 3: Single Anchor (£24.5m-£25.0m),25.0,95.13,19.789,90.71,806.04,779.25,26.79,21.21,1.95,97.4,2.6,0.063,4,2+1+1+1,Calafiori (ARS) + J.Timber (ARS) + Vuskovic (BHA) + Thomas (COV) + Ajayi (HUL),Calafiori,J.Timber,Vuskovic,Thomas,Ajayi
full_season,Band 3: Single Anchor (£24.5m-£25.0m),25.0,94.8,19.799,89.74,806.43,779.25,27.17,21.22,1.96,94.7,2.6,0.0173,4,2+1+1+1,Calafiori (ARS) + J.Timber (ARS) + Vuskovic (BHA) + Thomas (COV) + Greaves (IPS),Calafiori,J.Timber,Vuskovic,Thomas,Greaves
full_season,Band 3: Single Anchor (£24.5m-£25.0m),25.0,94.04,19.756,88.43,804.79,779.25,25.54,21.18,1.97,92.1,2.6,0.016,4,2+1+1+1,Calafiori (ARS) + J.Timber (ARS) + Vuskovic (BHA) + Greaves (IPS) + O'Nien (SUN),Calafiori,J.Timber,Vuskovic,Greaves,O'Nien
full_season,Band 3: Single Anchor (£24.5m-£25.0m),25.0,93.88,19.73,88.37,803.82,779.25,24.57,21.15,1.98,92.1,2.6,0.0237,4,2+1+1+1,Calafiori (ARS) + J.Timber (ARS) + Vuskovic (BHA) + Ajayi (HUL) + O'Nien (SUN),Calafiori,J.Timber,Vuskovic,Ajayi,O'Nien
full_season,Band 3: Single Anchor (£24.5m-£25.0m),25.0,90.29,19.475,82.89,794.1,768.53,25.57,20.9,2.22,89.5,0.0,-0.1125,5,1+1+1+1+1,Calafiori (ARS) + Vuskovic (BHA) + Ajayi (HUL) + Greaves (IPS) + O'Reilly (MCI),Calafiori,Vuskovic,Ajayi,Greaves,O'Reilly
full_season,Band 3: Single Anchor (£24.5m-£25.0m),25.0,89.87,19.517,81.26,795.7,768.53,27.17,20.94,2.23,86.8,0.0,-0.0871,5,1+1+1+1+1,Calafiori (ARS) + Vuskovic (BHA) + Thomas (COV) + Greaves (IPS) + O'Reilly (MCI),Calafiori,Vuskovic,Thomas,Greaves,O'Reilly
full_season,Band 3: Single Anchor (£24.5m-£25.0m),25.0,89.76,19.506,81.14,795.28,768.53,26.75,20.93,2.24,86.8,0.0,-0.0969,5,1+1+1+1+1,Calafiori (ARS) + Vuskovic (BHA) + Thomas (COV) + O'Reilly (MCI) + O'Nien (SUN),Calafiori,Vuskovic,Thomas,O'Reilly,O'Nien
full_season,Band 3: Single Anchor (£24.5m-£25.0m),25.0,89.53,19.474,81.0,794.07,768.53,25.54,20.9,2.24,86.8,0.0,-0.0907,5,1+1+1+1+1,Calafiori (ARS) + Vuskovic (BHA) + Greaves (IPS) + O'Reilly (MCI) + O'Nien (SUN),Calafiori,Vuskovic,Greaves,O'Reilly,O'Nien
full_season,Band 3: Single Anchor (£24.5m-£25.0m),24.5,89.27,18.982,87.06,769.98,745.27,24.71,20.26,2.15,94.7,0.0,-0.1051,5,1+1+1+1+1,Calafiori (ARS) + Vuskovic (BHA) + Smith (BOU) + Greaves (IPS) + Gvardiol (MCI),Calafiori,Vuskovic,Smith,Greaves,Gvardiol
full_season,Band 3: Single Anchor (£24.5m-£25.0m),25.0,89.13,19.506,79.54,795.32,768.53,26.79,20.93,2.23,84.2,0.0,-0.037,5,1+1+1+1+1,Calafiori (ARS) + Vuskovic (BHA) + Thomas (COV) + Ajayi (HUL) + O'Reilly (MCI),Calafiori,Vuskovic,Thomas,Ajayi,O'Reilly
full_season,Band 3: Single Anchor (£24.5m-£25.0m),25.0,89.11,18.878,88.07,771.42,745.27,26.15,20.3,2.18,97.4,0.0,-0.1368,5,1+1+1+1+1,Calafiori (ARS) + Vuskovic (BHA) + Greaves (IPS) + Jacquet (LIV) + Gvardiol (MCI),Calafiori,Vuskovic,Greaves,Jacquet,Gvardiol
full_season,Band 3: Single Anchor (£24.5m-£25.0m),24.5,88.5,18.973,85.25,769.65,745.27,24.38,20.25,2.2,94.7,0.0,0.008,5,1+1+1+1+1,Calafiori (ARS) + Vuskovic (BHA) + Ajayi (HUL) + Gvardiol (MCI) + Heaven (MUN),Calafiori,Vuskovic,Ajayi,Gvardiol,Heaven
full_season,Band 3: Single Anchor (£24.5m-£25.0m),24.5,88.32,19.058,83.63,772.88,745.28,27.6,20.34,2.22,92.1,0.0,-0.0301,5,1+1+1+1+1,Calafiori (ARS) + Vuskovic (BHA) + Thomas (COV) + Justin (LEE) + Gvardiol (MCI),Calafiori,Vuskovic,Thomas,Justin,Gvardiol
full_season,Band 3: Single Anchor (£24.5m-£25.0m),24.5,88.25,18.999,84.27,770.62,745.27,25.36,20.28,2.2,92.1,0.0,-0.0424,5,1+1+1+1+1,Calafiori (ARS) + Vuskovic (BHA) + Greaves (IPS) + Gvardiol (MCI) + Heaven (MUN),Calafiori,Vuskovic,Greaves,Gvardiol,Heaven
full_season,Band 3: Single Anchor (£24.5m-£25.0m),24.5,88.23,19.034,83.74,771.96,745.28,26.68,20.31,2.2,92.1,0.0,0.0106,5,1+1+1+1+1,Calafiori (ARS) + Vuskovic (BHA) + Thomas (COV) + Gvardiol (MCI) + Heaven (MUN),Calafiori,Vuskovic,Thomas,Gvardiol,Heaven
full_season,Band 3: Single Anchor (£24.5m-£25.0m),25.0,88.22,19.448,78.07,793.1,768.53,24.57,20.87,2.25,81.6,0.0,-0.0786,5,1+1+1+1+1,Calafiori (ARS) + Vuskovic (BHA) + Ajayi (HUL) + O'Reilly (MCI) + O'Nien (SUN),Calafiori,Vuskovic,Ajayi,O'Reilly,O'Nien
full_season,Band 3: Single Anchor (£24.5m-£25.0m),24.5,88.22,19.027,83.81,771.69,745.28,26.42,20.31,2.22,92.1,0.0,-0.049,5,1+1+1+1+1,Calafiori (ARS) + Vuskovic (BHA) + Ajayi (HUL) + Justin (LEE) + Gvardiol (MCI),Calafiori,Vuskovic,Ajayi,Justin,Gvardiol
full_season,Band 3: Single Anchor (£24.5m-£25.0m),24.5,88.15,19.039,83.48,772.16,745.28,26.87,20.32,2.22,92.1,2.6,-0.008,4,2+1+1+1,Calafiori (ARS) + De Cuyper (BHA) + Vuskovic (BHA) + Thomas (COV) + Gvardiol (MCI),Calafiori,De Cuyper,Vuskovic,Thomas,Gvardiol
full_season,Band 3: Single Anchor (£24.5m-£25.0m),25.0,88.06,18.904,85.08,772.44,745.28,27.15,20.33,2.18,92.1,0.0,-0.0985,5,1+1+1+1+1,Calafiori (ARS) + Vuskovic (BHA) + Thomas (COV) + Jacquet (LIV) + Gvardiol (MCI),Calafiori,Vuskovic,Thomas,Jacquet,Gvardiol
full_season,Band 3: Single Anchor (£24.5m-£25.0m),24.5,87.93,18.955,84.09,768.94,745.27,23.67,20.24,2.15,89.5,0.0,-0.0605,5,1+1+1+1+1,Calafiori (ARS) + Vuskovic (BHA) + Smith (BOU) + Ajayi (HUL) + Gvardiol (MCI),Calafiori,Vuskovic,Smith,Ajayi,Gvardiol
full_season,Band 3: Single Anchor (£24.5m-£25.0m),25.0,87.93,18.988,83.63,775.6,746.38,29.22,20.41,2.22,92.1,0.0,-0.0301,5,1+1+1+1+1,Calafiori (ARS) + Vuskovic (BHA) + Thomas (COV) + Muharemović (LEE) + Gvardiol (MCI),Calafiori,Vuskovic,Thomas,Muharemović,Gvardiol
full_season,Band 3: Single Anchor (£24.5m-£25.0m),25.0,87.9,18.968,83.81,774.86,746.38,28.48,20.39,2.22,92.1,0.0,-0.049,5,1+1+1+1+1,Calafiori (ARS) + Vuskovic (BHA) + Ajayi (HUL) + Muharemović (LEE) + Gvardiol (MCI),Calafiori,Vuskovic,Ajayi,Muharemović,Gvardiol
full_season,Band 3: Single Anchor (£24.5m-£25.0m),24.5,87.87,18.95,83.99,768.75,745.27,23.48,20.23,2.16,89.5,0.0,-0.0708,5,1+1+1+1+1,Calafiori (ARS) + Vuskovic (BHA) + Smith (BOU) + Gvardiol (MCI) + O'Nien (SUN),Calafiori,Vuskovic,Smith,Gvardiol,O'Nien
full_season,Band 3: Single Anchor (£24.5m-£25.0m),25.0,87.77,18.861,84.97,770.78,745.27,25.51,20.28,2.19,92.1,0.0,-0.101,5,1+1+1+1+1,Calafiori (ARS) + Vuskovic (BHA) + Ajayi (HUL) + Jacquet (LIV) + Gvardiol (MCI),Calafiori,Vuskovic,Ajayi,Jacquet,Gvardiol
full_season,Band 3: Single Anchor (£24.5m-£25.0m),25.0,87.77,18.84,85.25,769.97,745.27,24.7,20.26,2.2,94.7,0.0,0.008,5,1+1+1+1+1,Calafiori (ARS) + Vuskovic (BHA) + Ajayi (HUL) + Gvardiol (MCI) + Dalot (MUN),Calafiori,Vuskovic,Ajayi,Gvardiol,Dalot
full_season,Band 3: Single Anchor (£24.5m-£25.0m),24.5,87.76,19.015,82.83,771.23,745.28,25.95,20.3,2.15,86.8,0.0,-0.0631,5,1+1+1+1+1,Calafiori (ARS) + Vuskovic (BHA) + Smith (BOU) + Thomas (COV) + Gvardiol (MCI),Calafiori,Vuskovic,Smith,Thomas,Gvardiol
full_season,Band 3: Single Anchor (£24.5m-£25.0m),24.5,87.66,19.038,82.27,772.1,745.28,26.83,20.32,2.23,89.5,0.0,-0.047,5,1+1+1+1+1,Calafiori (ARS) + Vuskovic (BHA) + Greaves (IPS) + Justin (LEE) + Gvardiol (MCI),Calafiori,Vuskovic,Greaves,Justin,Gvardiol
full_season,Band 3: Single Anchor (£24.5m-£25.0m),25.0,87.53,18.689,86.7,764.24,737.21,27.04,20.11,1.98,89.5,0.0,0.071,4,2+1+1+1,Calafiori (ARS) + J.Timber (ARS) + Thomas (COV) + Greaves (IPS) + Muharemović (LEE),Calafiori,J.Timber,Thomas,Greaves,Muharemović
full_season,Band 3: Single Anchor (£24.5m-£25.0m),25.0,87.49,18.86,84.27,770.76,745.27,25.49,20.28,2.2,92.1,0.0,-0.0424,5,1+1+1+1+1,Calafiori (ARS) + Vuskovic (BHA) + Greaves (IPS) + Gvardiol (MCI) + Dalot (MUN),Calafiori,Vuskovic,Greaves,Gvardiol,Dalot
full_season,Band 3: Single Anchor (£24.5m-£25.0m),24.5,87.48,18.361,91.06,746.39,721.64,24.75,19.64,1.96,97.4,2.6,0.017,4,2+1+1+1,Calafiori (ARS) + J.Timber (ARS) + De Cuyper (BHA) + Thomas (COV) + O'Nien (SUN),Calafiori,J.Timber,De Cuyper,Thomas,O'Nien
full_season,Band 3: Single Anchor (£24.5m-£25.0m),25.0,87.47,18.896,83.74,772.12,745.28,26.83,20.32,2.2,92.1,0.0,0.0106,5,1+1+1+1+1,Calafiori (ARS) + Vuskovic (BHA) + Thomas (COV) + Gvardiol (MCI) + Dalot (MUN),Calafiori,Vuskovic,Thomas,Gvardiol,Dalot
full_season,Band 3: Single Anchor (£24.5m-£25.0m),25.0,87.46,18.676,86.69,763.77,737.21,26.56,20.1,1.99,89.5,0.0,0.0727,4,2+1+1+1,Calafiori (ARS) + J.Timber (ARS) + Thomas (COV) + Muharemović (LEE) + O'Nien (SUN),Calafiori,J.Timber,Thomas,Muharemović,O'Nien
full_season,Band 3: Single Anchor (£24.5m-£25.0m),25.0,87.4,18.623,87.28,761.74,736.22,25.51,20.05,1.98,89.5,0.0,-0.0056,4,2+1+1+1,Calafiori (ARS) + J.Timber (ARS) + Ajayi (HUL) + Greaves (IPS) + Muharemović (LEE),Calafiori,J.Timber,Ajayi,Greaves,Muharemović
full_season,Band 3: Single Anchor (£24.5m-£25.0m),24.5,87.39,18.969,82.54,769.49,745.27,24.22,20.25,2.21,89.5,0.0,-0.0371,5,1+1+1+1+1,Calafiori (ARS) + Vuskovic (BHA) + Gvardiol (MCI) + Heaven (MUN) + O'Nien (SUN),Calafiori,Vuskovic,Gvardiol,Heaven,O'Nien
full_season,Band 3: Single Anchor (£24.5m-£25.0m),24.5,87.37,18.366,90.71,746.56,721.61,24.95,19.65,1.95,97.4,2.6,0.063,4,2+1+1+1,Calafiori (ARS) + J.Timber (ARS) + De Cuyper (BHA) + Thomas (COV) + Ajayi (HUL),Calafiori,J.Timber,De Cuyper,Thomas,Ajayi
full_season,Band 3: Single Anchor (£24.5m-£25.0m),25.0,87.33,18.977,82.27,775.2,746.38,28.82,20.4,2.23,89.5,0.0,-0.047,5,1+1+1+1+1,Calafiori (ARS) + Vuskovic (BHA) + Greaves (IPS) + Muharemović (LEE) + Gvardiol (MCI),Calafiori,Vuskovic,Greaves,Muharemović,Gvardiol
full_season,Band 3: Single Anchor (£24.5m-£25.0m),24.5,87.17,18.991,81.7,770.3,745.27,25.04,20.27,2.22,86.8,0.0,-0.1146,5,1+1+1+1+1,Calafiori (ARS) + Vuskovic (BHA) + Castagne (FUL) + Greaves (IPS) + Gvardiol (MCI),Calafiori,Vuskovic,Castagne,Greaves,Gvardiol
full_season,Band 3: Single Anchor (£24.5m-£25.0m),24.5,87.17,18.992,81.68,770.37,745.27,25.1,20.27,2.23,89.5,2.6,0.0127,4,2+1+1+1,Calafiori (ARS) + De Cuyper (BHA) + Vuskovic (BHA) + Ajayi (HUL) + Gvardiol (MCI),Calafiori,De Cuyper,Vuskovic,Ajayi,Gvardiol
full_season,Band 3: Single Anchor (£24.5m-£25.0m),24.5,87.16,18.399,89.74,747.84,722.3,25.54,19.68,1.96,94.7,2.6,0.0173,4,2+1+1+1,Calafiori (ARS) + J.Timber (ARS) + De Cuyper (BHA) + Thomas (COV) + Greaves (IPS),Calafiori,J.Timber,De Cuyper,Thomas,Greaves
full_season,Band 3: Single Anchor (£24.5m-£25.0m),25.0,87.15,18.796,84.3,768.32,745.27,23.05,20.22,2.19,92.1,0.0,-0.0347,5,1+1+1+1+1,Calafiori (ARS) + Vuskovic (BHA) + Mingueza (CRY) + Gvardiol (MCI) + Heaven (MUN),Calafiori,Vuskovic,Mingueza,Gvardiol,Heaven
full_season,Band 3: Single Anchor (£24.5m-£25.0m),25.0,87.1,18.807,84.03,768.74,745.27,23.47,20.23,2.19,92.1,0.0,0.0019,5,1+1+1+1+1,Calafiori (ARS) + Vuskovic (BHA) + Castagne (FUL) + Gvardiol (MCI) + Heaven (MUN),Calafiori,Vuskovic,Castagne,Gvardiol,Heaven
full_season,Band 3: Single Anchor (£24.5m-£25.0m),24.5,87.1,19.019,81.14,771.37,745.28,26.09,20.3,2.24,86.8,0.0,-0.0969,5,1+1+1+1+1,Calafiori (ARS) + Vuskovic (BHA) + Thomas (COV) + Gvardiol (MCI) + Hume (SUN),Calafiori,Vuskovic,Thomas,Gvardiol,Hume
full_season,Band 3: Single Anchor (£24.5m-£25.0m),24.5,87.1,19.023,81.08,771.54,745.28,26.26,20.3,2.22,86.8,0.0,-0.0374,5,1+1+1+1+1,Calafiori (ARS) + Vuskovic (BHA) + Thomas (COV) + Castagne (FUL) + Gvardiol (MCI),Calafiori,Vuskovic,Thomas,Castagne,Gvardiol
full_season,Band 3: Single Anchor (£24.5m-£25.0m),25.0,87.09,18.328,90.54,750.52,724.4,26.13,19.75,1.94,97.4,2.6,0.086,4,2+1+1+1,Calafiori (ARS) + J.Timber (ARS) + De Cuyper (BHA) + Thomas (COV) + Justin (LEE),Calafiori,J.Timber,De Cuyper,Thomas,Justin
full_season,Band 3: Single Anchor (£24.5m-£25.0m),25.0,87.09,18.857,83.3,770.66,745.27,25.39,20.28,2.2,89.5,0.0,-0.1086,5,1+1+1+1+1,Calafiori (ARS) + Vuskovic (BHA) + Jacquet (LIV) + Gvardiol (MCI) + O'Nien (SUN),Calafiori,Vuskovic,Jacquet,Gvardiol,O'Nien
full_season,Band 3: Single Anchor (£24.5m-£25.0m),24.5,87.09,19.04,80.82,772.2,745.28,26.92,20.32,2.24,86.8,0.0,-0.0772,5,1+1+1+1+1,Calafiori (ARS) + Vuskovic (BHA) + Thomas (COV) + Gvardiol (MCI) + Aina (NFO),Calafiori,Vuskovic,Thomas,Gvardiol,Aina
full_season,Band 3: Single Anchor (£24.5m-£25.0m),24.5,87.06,19.012,81.11,771.12,745.28,25.84,20.29,2.23,86.8,0.0,-0.059,5,1+1+1+1+1,Calafiori (ARS) + Vuskovic (BHA) + Thomas (COV) + Mingueza (CRY) + Gvardiol (MCI),Calafiori,Vuskovic,Thomas,Mingueza,Gvardiol
full_season,Band 3: Single Anchor (£24.5m-£25.0m),25.0,87.06,18.585,86.94,760.31,735.76,24.55,20.01,1.99,89.5,0.0,0.0398,4,2+1+1+1,Calafiori (ARS) + J.Timber (ARS) + Ajayi (HUL) + Muharemović (LEE) + O'Nien (SUN),Calafiori,J.Timber,Ajayi,Muharemović,O'Nien
full_season,Band 4: Premium / Dual Anchor (£25.5m-£26.0m),25.5,94.53,19.65,91.09,806.17,779.25,26.92,21.22,1.96,97.4,2.6,0.0123,4,2+1+1+1,Calafiori (ARS) + J.Timber (ARS) + Vuskovic (BHA) + Thomas (COV) + Aina (NFO),Calafiori,J.Timber,Vuskovic,Thomas,Aina
full_season,Band 4: Premium / Dual Anchor (£25.5m-£26.0m),25.5,94.5,19.564,92.2,802.92,779.25,23.67,21.13,1.89,100.0,15.8,0.0403,4,2+1+1+1,Calafiori (ARS) + J.Timber (ARS) + Vuskovic (BHA) + Smith (BOU) + Ajayi (HUL),Calafiori,J.Timber,Vuskovic,Smith,Ajayi
full_season,Band 4: Premium / Dual Anchor (£25.5m-£26.0m),25.5,94.4,19.668,90.54,806.85,779.25,27.6,21.23,1.94,97.4,2.6,0.086,4,2+1+1+1,Calafiori (ARS) + J.Timber (ARS) + Vuskovic (BHA) + Thomas (COV) + Justin (LEE),Calafiori,J.Timber,Vuskovic,Thomas,Justin
full_season,Band 4: Premium / Dual Anchor (£25.5m-£26.0m),25.5,94.39,19.628,91.06,805.34,779.25,26.09,21.19,1.96,97.4,2.6,0.017,4,2+1+1+1,Calafiori (ARS) + J.Timber (ARS) + Vuskovic (BHA) + Thomas (COV) + Hume (SUN),Calafiori,J.Timber,Vuskovic,Thomas,Hume
full_season,Band 4: Premium / Dual Anchor (£25.5m-£26.0m),26.0,94.33,19.514,92.45,806.41,779.25,27.15,21.22,1.91,100.0,5.3,0.007,4,2+1+1+1,Calafiori (ARS) + J.Timber (ARS) + Vuskovic (BHA) + Thomas (COV) + Jacquet (LIV),Calafiori,J.Timber,Vuskovic,Thomas,Jacquet
full_season,Band 4: Premium / Dual Anchor (£25.5m-£26.0m),25.5,94.32,19.637,90.77,805.67,779.25,26.42,21.2,1.95,97.4,2.6,0.0556,4,2+1+1+1,Calafiori (ARS) + J.Timber (ARS) + Vuskovic (BHA) + Ajayi (HUL) + Justin (LEE),Calafiori,J.Timber,Vuskovic,Ajayi,Justin
full_season,Band 4: Premium / Dual Anchor (£25.5m-£26.0m),26.0,94.32,19.487,92.79,805.4,779.25,26.15,21.19,1.92,100.0,5.3,-0.0385,4,2+1+1+1,Calafiori (ARS) + J.Timber (ARS) + Vuskovic (BHA) + Greaves (IPS) + Jacquet (LIV),Calafiori,J.Timber,Vuskovic,Greaves,Jacquet
full_season,Band 4: Premium / Dual Anchor (£25.5m-£26.0m),25.5,94.28,19.621,90.87,805.09,779.25,25.84,21.19,1.96,97.4,5.3,0.0419,4,2+1+1+1,Calafiori (ARS) + J.Timber (ARS) + Vuskovic (BHA) + Thomas (COV) + Mingueza (CRY),Calafiori,J.Timber,Vuskovic,Thomas,Mingueza
full_season,Band 4: Premium / Dual Anchor (£25.5m-£26.0m),25.5,94.28,19.624,90.81,805.2,779.25,25.95,21.19,1.89,97.4,15.8,0.0494,4,2+1+1+1,Calafiori (ARS) + J.Timber (ARS) + Vuskovic (BHA) + Smith (BOU) + Thomas (COV),Calafiori,J.Timber,Vuskovic,Smith,Thomas
full_season,Band 4: Premium / Dual Anchor (£25.5m-£26.0m),25.5,94.19,19.609,90.8,804.61,779.25,25.36,21.17,1.94,97.4,7.9,0.0513,4,2+1+1+1,Calafiori (ARS) + J.Timber (ARS) + Vuskovic (BHA) + Greaves (IPS) + Heaven (MUN),Calafiori,J.Timber,Vuskovic,Greaves,Heaven
full_season,Band 4: Premium / Dual Anchor (£25.5m-£26.0m),25.5,94.17,19.632,90.43,805.51,779.25,26.26,21.2,1.94,97.4,2.6,0.1005,4,2+1+1+1,Calafiori (ARS) + J.Timber (ARS) + Vuskovic (BHA) + Thomas (COV) + Castagne (FUL),Calafiori,J.Timber,Vuskovic,Thomas,Castagne
full_season,Band 4: Premium / Dual Anchor (£25.5m-£26.0m),26.0,94.13,19.471,92.55,804.77,779.25,25.51,21.18,1.92,100.0,5.3,-0.0071,4,2+1+1+1,Calafiori (ARS) + J.Timber (ARS) + Vuskovic (BHA) + Ajayi (HUL) + Jacquet (LIV),Calafiori,J.Timber,Vuskovic,Ajayi,Jacquet
full_season,Band 4: Premium / Dual Anchor (£25.5m-£26.0m),25.5,93.91,19.583,90.45,803.63,779.25,24.38,21.15,1.94,97.4,7.9,0.0974,4,2+1+1+1,Calafiori (ARS) + J.Timber (ARS) + Vuskovic (BHA) + Ajayi (HUL) + Heaven (MUN),Calafiori,J.Timber,Vuskovic,Ajayi,Heaven
full_season,Band 4: Premium / Dual Anchor (£25.5m-£26.0m),26.0,93.88,19.572,90.54,808.61,779.25,29.35,21.28,1.94,97.4,2.6,0.086,4,2+1+1+1,Calafiori (ARS) + J.Timber (ARS) + Vuskovic (BHA) + Thomas (COV) + Muharemović (LEE),Calafiori,J.Timber,Vuskovic,Thomas,Muharemović
full_season,Band 4: Premium / Dual Anchor (£25.5m-£26.0m),26.0,93.86,19.552,90.77,807.87,779.25,28.62,21.26,1.95,97.4,2.6,0.0556,4,2+1+1+1,Calafiori (ARS) + J.Timber (ARS) + Vuskovic (BHA) + Ajayi (HUL) + Muharemović (LEE),Calafiori,J.Timber,Vuskovic,Ajayi,Muharemović
full_season,Band 4: Premium / Dual Anchor (£25.5m-£26.0m),25.5,93.84,19.647,89.4,806.08,779.25,26.83,21.21,1.96,94.7,2.6,0.062,4,2+1+1+1,Calafiori (ARS) + J.Timber (ARS) + Vuskovic (BHA) + Greaves (IPS) + Justin (LEE),Calafiori,J.Timber,Vuskovic,Greaves,Justin
full_season,Band 4: Premium / Dual Anchor (£25.5m-£26.0m),25.5,93.82,19.631,89.59,805.46,779.25,26.2,21.2,1.95,94.7,2.6,0.0369,4,2+1+1+1,Calafiori (ARS) + J.Timber (ARS) + Vuskovic (BHA) + Thomas (COV) + Robertson (TOT),Calafiori,J.Timber,Vuskovic,Thomas,Robertson
full_season,Band 4: Premium / Dual Anchor (£25.5m-£26.0m),26.0,93.77,19.513,91.06,806.38,779.25,27.13,21.22,1.96,97.4,2.6,0.017,4,2+1+1+1,Calafiori (ARS) + J.Timber (ARS) + Vuskovic (BHA) + Thomas (COV) + Ballard (SUN),Calafiori,J.Timber,Vuskovic,Thomas,Ballard
full_season,Band 4: Premium / Dual Anchor (£25.5m-£26.0m),26.0,93.76,19.526,90.87,806.87,779.25,27.61,21.23,1.96,97.4,5.3,0.0419,4,2+1+1+1,Calafiori (ARS) + J.Timber (ARS) + Vuskovic (BHA) + Thomas (COV) + Canvot (CRY),Calafiori,J.Timber,Vuskovic,Thomas,Canvot
full_season,Band 4: Premium / Dual Anchor (£25.5m-£26.0m),25.5,93.72,19.592,89.87,803.96,779.25,24.71,21.16,1.89,94.7,15.8,0.0002,4,2+1+1+1,Calafiori (ARS) + J.Timber (ARS) + Vuskovic (BHA) + Smith (BOU) + Greaves (IPS),Calafiori,J.Timber,Vuskovic,Smith,Greaves
full_season,Band 4: Premium / Dual Anchor (£25.5m-£26.0m),25.5,93.72,19.6,89.75,804.29,779.25,25.04,21.17,1.94,94.7,2.6,0.016,4,2+1+1+1,Calafiori (ARS) + J.Timber (ARS) + Vuskovic (BHA) + Castagne (FUL) + Greaves (IPS),Calafiori,J.Timber,Vuskovic,Castagne,Greaves
full_season,Band 4: Premium / Dual Anchor (£25.5m-£26.0m),26.0,93.69,19.496,91.09,805.73,779.25,26.48,21.2,1.96,97.4,2.6,0.0123,4,2+1+1+1,Calafiori (ARS) + J.Timber (ARS) + Vuskovic (BHA) + Thomas (COV) + N.Williams (NFO),Calafiori,J.Timber,Vuskovic,Thomas,N.Williams
full_season,Band 4: Premium / Dual Anchor (£25.5m-£26.0m),25.5,93.67,19.644,89.03,805.93,779.25,26.68,21.21,1.94,94.7,7.9,0.1116,4,2+1+1+1,Calafiori (ARS) + J.Timber (ARS) + Vuskovic (BHA) + Thomas (COV) + Heaven (MUN),Calafiori,J.Timber,Vuskovic,Thomas,Heaven
full_season,Band 4: Premium / Dual Anchor (£25.5m-£26.0m),26.0,93.59,19.406,92.08,802.3,779.25,23.05,21.11,1.93,100.0,10.5,0.0556,4,2+1+1+1,Calafiori (ARS) + J.Timber (ARS) + Vuskovic (BHA) + Mingueza (CRY) + Heaven (MUN),Calafiori,J.Timber,Vuskovic,Mingueza,Heaven
full_season,Band 4: Premium / Dual Anchor (£25.5m-£26.0m),25.5,93.52,19.559,89.82,802.72,779.25,23.47,21.12,1.95,94.7,5.3,0.0059,4,2+1+1+1,Calafiori (ARS) + J.Timber (ARS) + Vuskovic (BHA) + Mingueza (CRY) + Ajayi (HUL),Calafiori,J.Timber,Vuskovic,Mingueza,Ajayi
full_season,Band 4: Premium / Dual Anchor (£25.5m-£26.0m),25.5,93.45,19.579,89.37,803.47,779.25,24.22,21.14,1.95,94.7,7.9,0.0662,4,2+1+1+1,Calafiori (ARS) + J.Timber (ARS) + Vuskovic (BHA) + Heaven (MUN) + O'Nien (SUN),Calafiori,J.Timber,Vuskovic,Heaven,O'Nien
full_season,Band 4: Premium / Dual Anchor (£25.5m-£26.0m),26.0,93.43,19.47,90.8,804.75,779.25,25.49,21.18,1.94,97.4,7.9,0.0513,4,2+1+1+1,Calafiori (ARS) + J.Timber (ARS) + Vuskovic (BHA) + Greaves (IPS) + Dalot (MUN),Calafiori,J.Timber,Vuskovic,Greaves,Dalot
full_season,Band 4: Premium / Dual Anchor (£25.5m-£26.0m),26.0,93.43,19.491,90.5,805.56,779.25,26.31,21.2,1.96,97.4,7.9,0.0907,4,2+1+1+1,Calafiori (ARS) + J.Timber (ARS) + Vuskovic (BHA) + Colwill (CHE) + Thomas (COV),Calafiori,J.Timber,Vuskovic,Colwill,Thomas
full_season,Band 4: Premium / Dual Anchor (£25.5m-£26.0m),26.0,93.37,19.561,89.4,808.2,779.25,28.95,21.27,1.96,94.7,2.6,0.062,4,2+1+1+1,Calafiori (ARS) + J.Timber (ARS) + Vuskovic (BHA) + Greaves (IPS) + Muharemović (LEE),Calafiori,J.Timber,Vuskovic,Greaves,Muharemović
full_season,Band 4: Premium / Dual Anchor (£25.5m-£26.0m),25.5,93.36,19.651,88.16,806.23,779.25,26.97,21.22,1.96,92.1,2.6,0.0524,4,2+1+1+1,Calafiori (ARS) + J.Timber (ARS) + Pau (AVL) + Vuskovic (BHA) + Thomas (COV),Calafiori,J.Timber,Pau,Vuskovic,Thomas
full_season,Band 4: Premium / Dual Anchor (£25.5m-£26.0m),26.0,93.29,19.431,90.98,803.27,779.25,24.01,21.14,1.95,97.4,7.9,0.0272,4,2+1+1+1,Calafiori (ARS) + J.Timber (ARS) + Vuskovic (BHA) + Colwill (CHE) + Ajayi (HUL),Calafiori,J.Timber,Vuskovic,Colwill,Ajayi
full_season,Band 4: Premium / Dual Anchor (£25.5m-£26.0m),25.5,93.29,19.633,88.23,805.53,779.25,26.28,21.2,1.97,92.1,2.6,0.0432,4,2+1+1+1,Calafiori (ARS) + J.Timber (ARS) + Vuskovic (BHA) + Kayode (BRE) + Thomas (COV),Calafiori,J.Timber,Vuskovic,Kayode,Thomas
full_season,Band 4: Premium / Dual Anchor (£25.5m-£26.0m),25.5,93.25,19.599,88.58,804.25,779.25,25.0,21.16,1.97,92.1,2.6,-0.0041,4,2+1+1+1,Calafiori (ARS) + J.Timber (ARS) + Pau (AVL) + Vuskovic (BHA) + O'Nien (SUN),Calafiori,J.Timber,Pau,Vuskovic,O'Nien
full_season,Band 4: Premium / Dual Anchor (£25.5m-£26.0m),26.0,93.24,19.523,89.59,806.76,779.25,27.51,21.23,1.95,94.7,2.6,0.0369,4,2+1+1+1,Calafiori (ARS) + J.Timber (ARS) + Vuskovic (BHA) + Thomas (COV) + Van Hecke (TOT),Calafiori,J.Timber,Vuskovic,Thomas,Van Hecke
full_season,Band 4: Premium / Dual Anchor (£25.5m-£26.0m),25.5,93.18,19.603,88.36,804.39,779.25,25.14,21.17,1.96,92.1,2.6,0.0253,4,2+1+1+1,Calafiori (ARS) + J.Timber (ARS) + Pau (AVL) + Vuskovic (BHA) + Ajayi (HUL),Calafiori,J.Timber,Pau,Vuskovic,Ajayi
full_season,Band 4: Premium / Dual Anchor (£25.5m-£26.0m),26.0,93.18,19.449,90.45,803.96,779.25,24.7,21.16,1.94,97.4,7.9,0.0974,4,2+1+1+1,Calafiori (ARS) + J.Timber (ARS) + Vuskovic (BHA) + Ajayi (HUL) + Dalot (MUN),Calafiori,J.Timber,Vuskovic,Ajayi,Dalot
full_season,Band 4: Premium / Dual Anchor (£25.5m-£26.0m),26.0,93.16,19.491,89.82,805.56,779.25,26.31,21.2,1.95,94.7,5.3,0.0059,4,2+1+1+1,Calafiori (ARS) + J.Timber (ARS) + Vuskovic (BHA) + Canvot (CRY) + Ajayi (HUL),Calafiori,J.Timber,Vuskovic,Canvot,Ajayi
full_season,Band 4: Premium / Dual Anchor (£25.5m-£26.0m),25.5,93.16,19.595,88.43,804.08,779.25,24.83,21.16,1.97,92.1,2.6,0.016,4,2+1+1+1,Calafiori (ARS) + J.Timber (ARS) + Vuskovic (BHA) + Greaves (IPS) + Hume (SUN),Calafiori,J.Timber,Vuskovic,Greaves,Hume
full_season,Band 4: Premium / Dual Anchor (£25.5m-£26.0m),25.5,93.14,19.649,87.64,806.13,779.25,26.87,21.21,1.98,92.1,2.6,0.1221,3,2+2+1,Calafiori (ARS) + J.Timber (ARS) + De Cuyper (BHA) + Vuskovic (BHA) + Thomas (COV),Calafiori,J.Timber,De Cuyper,Vuskovic,Thomas
full_season,Band 4: Premium / Dual Anchor (£25.5m-£26.0m),25.5,93.14,19.624,87.99,805.19,779.25,25.94,21.19,1.97,92.1,2.6,0.0756,4,2+1+1+1,Calafiori (ARS) + J.Timber (ARS) + Vuskovic (BHA) + Thomas (COV) + Mykolenko (EVE),Calafiori,J.Timber,Vuskovic,Thomas,Mykolenko
full_season,Band 4: Premium / Dual Anchor (£25.5m-£26.0m),26.0,93.12,19.5,89.62,805.87,779.25,26.62,21.21,1.95,94.7,2.6,0.0325,4,2+1+1+1,Calafiori (ARS) + J.Timber (ARS) + Pau (AVL) + Vuskovic (BHA) + Justin (LEE),Calafiori,J.Timber,Pau,Vuskovic,Justin
full_season,Band 4: Premium / Dual Anchor (£25.5m-£26.0m),25.5,93.11,19.57,88.63,803.14,779.25,23.89,21.14,1.96,92.1,2.6,-0.01,4,2+1+1+1,Calafiori (ARS) + J.Timber (ARS) + Vuskovic (BHA) + Ajayi (HUL) + Robertson (TOT),Calafiori,J.Timber,Vuskovic,Ajayi,Robertson
full_season,Band 4: Premium / Dual Anchor (£25.5m-£26.0m),26.0,93.04,19.467,89.87,804.64,779.25,25.39,21.17,1.94,94.7,5.3,-0.0008,4,2+1+1+1,Calafiori (ARS) + J.Timber (ARS) + Vuskovic (BHA) + Jacquet (LIV) + O'Nien (SUN),Calafiori,J.Timber,Vuskovic,Jacquet,O'Nien
full_season,Band 4: Premium / Dual Anchor (£25.5m-£26.0m),25.5,92.97,19.564,88.37,802.92,779.25,23.67,21.13,1.98,92.1,2.6,0.0237,4,2+1+1+1,Calafiori (ARS) + J.Timber (ARS) + Vuskovic (BHA) + Ajayi (HUL) + Hume (SUN),Calafiori,J.Timber,Vuskovic,Ajayi,Hume
full_season,Band 4: Premium / Dual Anchor (£25.5m-£26.0m),26.0,92.96,19.5,89.2,805.91,779.25,26.65,21.21,1.94,94.7,7.9,0.0888,4,2+1+1+1,Calafiori (ARS) + J.Timber (ARS) + Vuskovic (BHA) + Greaves (IPS) + Thiaw (NEW),Calafiori,J.Timber,Vuskovic,Greaves,Thiaw
full_season,Band 4: Premium / Dual Anchor (£25.5m-£26.0m),26.0,92.91,19.505,89.03,806.09,779.25,26.83,21.21,1.94,94.7,7.9,0.1116,4,2+1+1+1,Calafiori (ARS) + J.Timber (ARS) + Vuskovic (BHA) + Thomas (COV) + Dalot (MUN),Calafiori,J.Timber,Vuskovic,Thomas,Dalot
full_season,Band 4: Premium / Dual Anchor (£25.5m-£26.0m),25.5,92.89,19.559,88.22,802.73,779.25,23.48,21.12,1.91,92.1,15.8,0.044,4,2+1+1+1,Calafiori (ARS) + J.Timber (ARS) + Vuskovic (BHA) + Smith (BOU) + O'Nien (SUN),Calafiori,J.Timber,Vuskovic,Smith,O'Nien
full_season,Band 4: Premium / Dual Anchor (£25.5m-£26.0m),26.0,92.83,19.52,88.62,806.65,779.25,27.4,21.23,1.94,94.7,7.9,0.1665,4,2+1+1+1,Calafiori (ARS) + J.Timber (ARS) + Vuskovic (BHA) + Thomas (COV) + Thiaw (NEW),Calafiori,J.Timber,Vuskovic,Thomas,Thiaw
full_season,Band 4: Premium / Dual Anchor (£25.5m-£26.0m),25.5,92.82,19.57,87.92,803.14,779.25,23.89,21.14,1.96,92.1,2.6,0.0846,4,2+1+1+1,Calafiori (ARS) + J.Timber (ARS) + Vuskovic (BHA) + Castagne (FUL) + Ajayi (HUL),Calafiori,J.Timber,Vuskovic,Castagne,Ajayi
full_season,Band 4: Premium / Dual Anchor (£25.5m-£26.0m),25.5,92.77,19.598,87.41,804.22,779.25,24.97,21.16,1.97,89.5,2.6,-0.0226,4,2+1+1+1,Calafiori (ARS) + J.Timber (ARS) + Vuskovic (BHA) + Greaves (IPS) + Robertson (TOT),Calafiori,J.Timber,Vuskovic,Greaves,Robertson
gw1_19,Band 1: Budget (£20.5m-£22.5m),22.5,83.4,18.6,77.59,366.91,354.18,12.73,19.31,2.33,84.2,0.0,-0.0893,5,1+1+1+1+1,Calafiori (ARS) + Vuskovic (BHA) + Thomas (COV) + Ajayi (HUL) + Greaves (IPS),Calafiori,Vuskovic,Thomas,Ajayi,Greaves
gw1_19,Band 1: Budget (£20.5m-£22.5m),22.5,82.17,18.597,74.55,366.87,354.18,12.69,19.31,2.35,78.9,0.0,-0.0856,5,1+1+1+1+1,Calafiori (ARS) + Vuskovic (BHA) + Thomas (COV) + Greaves (IPS) + O'Nien (SUN),Calafiori,Vuskovic,Thomas,Greaves,O'Nien
gw1_19,Band 1: Budget (£20.5m-£22.5m),22.5,81.57,18.545,73.77,365.86,353.61,12.25,19.26,2.36,78.9,0.0,-0.0377,5,1+1+1+1+1,Calafiori (ARS) + Vuskovic (BHA) + Thomas (COV) + Ajayi (HUL) + O'Nien (SUN),Calafiori,Vuskovic,Thomas,Ajayi,O'Nien
gw1_19,Band 1: Budget (£20.5m-£22.5m),22.5,79.33,18.317,71.28,361.54,349.3,12.24,19.03,2.37,73.7,0.0,-0.0699,5,1+1+1+1+1,Calafiori (ARS) + Vuskovic (BHA) + Ajayi (HUL) + Greaves (IPS) + O'Nien (SUN),Calafiori,Vuskovic,Ajayi,Greaves,O'Nien
gw1_19,Band 1: Budget (£20.5m-£22.5m),22.5,76.27,17.053,80.85,337.53,324.88,12.65,17.76,2.31,89.5,0.0,-0.1071,5,1+1+1+1+1,Calafiori (ARS) + De Cuyper (BHA) + Thomas (COV) + Greaves (IPS) + Justin (LEE),Calafiori,De Cuyper,Thomas,Greaves,Justin
gw1_19,Band 1: Budget (£20.5m-£22.5m),22.5,75.99,16.792,83.71,332.57,320.28,12.28,17.5,2.3,94.7,0.0,-0.1167,5,1+1+1+1+1,Calafiori (ARS) + De Cuyper (BHA) + Ajayi (HUL) + Greaves (IPS) + Justin (LEE),Calafiori,De Cuyper,Ajayi,Greaves,Justin
gw1_19,Band 1: Budget (£20.5m-£22.5m),22.5,75.93,16.802,83.45,332.75,320.98,11.77,17.51,2.2,89.5,0.0,-0.1304,5,1+1+1+1+1,Calafiori (ARS) + De Cuyper (BHA) + Smith (BOU) + Thomas (COV) + Greaves (IPS),Calafiori,De Cuyper,Smith,Thomas,Greaves
gw1_19,Band 1: Budget (£20.5m-£22.5m),22.5,75.33,16.708,83.22,330.97,319.31,11.66,17.42,2.21,89.5,0.0,-0.1179,5,1+1+1+1+1,Calafiori (ARS) + Smith (BOU) + Thomas (COV) + Greaves (IPS) + Heaven (MUN),Calafiori,Smith,Thomas,Greaves,Heaven
gw1_19,Band 1: Budget (£20.5m-£22.5m),22.5,74.96,16.801,81.03,332.73,320.54,12.2,17.51,2.29,89.5,0.0,-0.0717,5,1+1+1+1+1,Calafiori (ARS) + De Cuyper (BHA) + Thomas (COV) + Greaves (IPS) + Heaven (MUN),Calafiori,De Cuyper,Thomas,Greaves,Heaven
gw1_19,Band 1: Budget (£20.5m-£22.5m),22.5,74.8,17.001,77.89,336.54,324.05,12.49,17.71,2.32,84.2,0.0,-0.09,5,1+1+1+1+1,Calafiori (ARS) + Thomas (COV) + Greaves (IPS) + Justin (LEE) + Heaven (MUN),Calafiori,Thomas,Greaves,Justin,Heaven
gw1_19,Band 1: Budget (£20.5m-£22.5m),22.5,74.76,16.788,80.71,332.49,320.56,11.93,17.5,2.32,89.5,0.0,-0.1193,5,1+1+1+1+1,Calafiori (ARS) + De Cuyper (BHA) + Thomas (COV) + Castagne (FUL) + Greaves (IPS),Calafiori,De Cuyper,Thomas,Castagne,Greaves
gw1_19,Band 1: Budget (£20.5m-£22.5m),22.5,74.71,16.787,80.58,332.46,320.62,11.84,17.5,2.33,89.5,0.0,-0.1283,5,1+1+1+1+1,Calafiori (ARS) + De Cuyper (BHA) + Thomas (COV) + Greaves (IPS) + Robertson (TOT),Calafiori,De Cuyper,Thomas,Greaves,Robertson
gw1_19,Band 1: Budget (£20.5m-£22.5m),22.5,74.64,16.614,82.77,329.18,317.62,11.55,17.33,2.22,89.5,0.0,-0.0953,5,1+1+1+1+1,Calafiori (ARS) + De Cuyper (BHA) + Smith (BOU) + Thomas (COV) + O'Nien (SUN),Calafiori,De Cuyper,Smith,Thomas,O'Nien
gw1_19,Band 1: Budget (£20.5m-£22.5m),22.5,74.61,16.991,77.55,336.35,323.92,12.44,17.7,2.32,84.2,0.0,-0.0425,5,1+1+1+1+1,Calafiori (ARS) + De Cuyper (BHA) + Thomas (COV) + Ajayi (HUL) + Justin (LEE),Calafiori,De Cuyper,Thomas,Ajayi,Justin
gw1_19,Band 1: Budget (£20.5m-£22.5m),22.0,74.58,16.983,77.59,333.5,321.17,12.33,17.55,2.33,84.2,0.0,-0.0893,5,1+1+1+1+1,Calafiori (ARS) + De Cuyper (BHA) + Thomas (COV) + Ajayi (HUL) + Greaves (IPS),Calafiori,De Cuyper,Thomas,Ajayi,Greaves
gw1_19,Band 1: Budget (£20.5m-£22.5m),22.5,74.44,16.971,77.4,335.97,323.67,12.3,17.68,2.33,84.2,0.0,-0.0603,5,1+1+1+1+1,Calafiori (ARS) + De Cuyper (BHA) + Thomas (COV) + Justin (LEE) + O'Nien (SUN),Calafiori,De Cuyper,Thomas,Justin,O'Nien
gw1_19,Band 1: Budget (£20.5m-£22.5m),22.5,74.12,16.985,76.42,336.22,324.05,12.17,17.7,2.25,78.9,0.0,-0.036,5,1+1+1+1+1,Calafiori (ARS) + Smith (BOU) + Thomas (COV) + Greaves (IPS) + Justin (LEE),Calafiori,Smith,Thomas,Greaves,Justin
gw1_19,Band 1: Budget (£20.5m-£22.5m),22.5,74.11,16.678,80.56,330.4,318.87,11.53,17.39,2.31,89.5,0.0,-0.0649,5,1+1+1+1+1,Calafiori (ARS) + Thomas (COV) + Mingueza (CRY) + Greaves (IPS) + Heaven (MUN),Calafiori,Thomas,Mingueza,Greaves,Heaven
gw1_19,Band 1: Budget (£20.5m-£22.5m),22.5,74.04,16.428,83.81,325.65,313.72,11.94,17.14,2.28,94.7,0.0,-0.0652,5,1+1+1+1+1,Calafiori (ARS) + De Cuyper (BHA) + Ajayi (HUL) + Greaves (IPS) + Heaven (MUN),Calafiori,De Cuyper,Ajayi,Greaves,Heaven
gw1_19,Band 1: Budget (£20.5m-£22.5m),22.5,73.88,16.86,77.51,333.86,321.51,12.36,17.57,2.34,84.2,0.0,-0.1161,5,1+1+1+1+1,Calafiori (ARS) + De Cuyper (BHA) + Thomas (COV) + Greaves (IPS) + Aina (NFO),Calafiori,De Cuyper,Thomas,Greaves,Aina
gw1_19,Band 1: Budget (£20.5m-£22.5m),22.5,73.86,16.429,83.33,325.68,314.16,11.52,17.14,2.21,89.5,0.0,-0.1419,5,1+1+1+1+1,Calafiori (ARS) + De Cuyper (BHA) + Smith (BOU) + Ajayi (HUL) + Greaves (IPS),Calafiori,De Cuyper,Smith,Ajayi,Greaves
gw1_19,Band 1: Budget (£20.5m-£22.5m),22.5,73.86,16.67,80.06,330.25,318.73,11.52,17.38,2.21,84.2,0.0,-0.0621,5,1+1+1+1+1,Calafiori (ARS) + De Cuyper (BHA) + Smith (BOU) + Thomas (COV) + Ajayi (HUL),Calafiori,De Cuyper,Smith,Thomas,Ajayi
gw1_19,Band 1: Budget (£20.5m-£22.5m),22.0,73.85,16.873,77.27,331.4,319.37,12.03,17.44,2.35,84.2,0.0,-0.1037,5,1+1+1+1+1,Calafiori (ARS) + Thomas (COV) + Greaves (IPS) + Heaven (MUN) + O'Nien (SUN),Calafiori,Thomas,Greaves,Heaven,O'Nien
gw1_19,Band 1: Budget (£20.5m-£22.5m),22.5,73.79,16.642,80.25,329.72,317.84,11.89,17.35,2.31,89.5,0.0,-0.0482,5,1+1+1+1+1,Calafiori (ARS) + De Cuyper (BHA) + Thomas (COV) + Heaven (MUN) + O'Nien (SUN),Calafiori,De Cuyper,Thomas,Heaven,O'Nien
gw1_19,Band 1: Budget (£20.5m-£22.5m),22.5,73.71,16.596,80.7,328.84,317.44,11.4,17.31,2.31,89.5,0.0,-0.087,5,1+1+1+1+1,Calafiori (ARS) + De Cuyper (BHA) + Thomas (COV) + Mingueza (CRY) + O'Nien (SUN),Calafiori,De Cuyper,Thomas,Mingueza,O'Nien
gw1_19,Band 1: Budget (£20.5m-£22.5m),22.5,73.5,16.768,77.82,332.11,319.91,12.2,17.48,2.34,84.2,0.0,-0.1414,5,1+1+1+1+1,Calafiori (ARS) + Thomas (COV) + Greaves (IPS) + Heaven (MUN) + Aina (NFO),Calafiori,Thomas,Greaves,Heaven,Aina
gw1_19,Band 1: Budget (£20.5m-£22.5m),22.5,73.42,16.775,77.52,332.24,320.53,11.72,17.49,2.31,84.2,0.0,-0.0335,5,1+1+1+1+1,Calafiori (ARS) + De Cuyper (BHA) + Thomas (COV) + Mingueza (CRY) + Greaves (IPS),Calafiori,De Cuyper,Thomas,Mingueza,Greaves
gw1_19,Band 1: Budget (£20.5m-£22.5m),22.5,73.38,17.463,68.04,345.32,332.68,12.64,18.17,2.39,68.4,0.0,-0.0512,5,1+1+1+1+1,Calafiori (ARS) + Thomas (COV) + Greaves (IPS) + Muharemović (LEE) + O'Nien (SUN),Calafiori,Thomas,Greaves,Muharemović,O'Nien
gw1_19,Band 1: Budget (£20.5m-£22.5m),22.5,73.34,16.779,77.27,332.32,320.15,12.18,17.49,2.35,84.2,0.0,-0.1037,5,1+1+1+1+1,Calafiori (ARS) + Thomas (COV) + Greaves (IPS) + Dalot (MUN) + O'Nien (SUN),Calafiori,Thomas,Greaves,Dalot,O'Nien
gw1_19,Band 1: Budget (£20.5m-£22.5m),22.0,73.3,16.97,74.55,333.25,321.04,12.21,17.54,2.35,78.9,0.0,-0.0856,5,1+1+1+1+1,Calafiori (ARS) + De Cuyper (BHA) + Thomas (COV) + Greaves (IPS) + O'Nien (SUN),Calafiori,De Cuyper,Thomas,Greaves,O'Nien
gw1_19,Band 1: Budget (£20.5m-£22.5m),22.5,73.3,16.774,77.24,332.22,320.53,11.69,17.49,2.35,84.2,0.0,-0.1082,5,1+1+1+1+1,Calafiori (ARS) + De Cuyper (BHA) + Thomas (COV) + Mykolenko (EVE) + Greaves (IPS),Calafiori,De Cuyper,Thomas,Mykolenko,Greaves
gw1_19,Band 1: Budget (£20.5m-£22.5m),22.5,73.24,16.687,78.29,330.57,318.49,12.08,17.4,2.31,84.2,0.0,-0.1114,5,1+1+1+1+1,Calafiori (ARS) + Ajayi (HUL) + Greaves (IPS) + Justin (LEE) + Heaven (MUN),Calafiori,Ajayi,Greaves,Justin,Heaven
gw1_19,Band 1: Budget (£20.5m-£22.5m),22.5,73.16,16.879,75.47,334.21,321.75,12.46,17.59,2.33,78.9,0.0,-0.1679,5,1+1+1+1+1,Calafiori (ARS) + Thomas (COV) + Ajayi (HUL) + Greaves (IPS) + Jacquet (LIV),Calafiori,Thomas,Ajayi,Greaves,Jacquet
gw1_19,Band 1: Budget (£20.5m-£22.5m),22.5,73.05,16.687,77.79,330.58,318.89,11.69,17.4,2.33,84.2,0.0,-0.1032,5,1+1+1+1+1,Calafiori (ARS) + Thomas (COV) + Castagne (FUL) + Greaves (IPS) + Heaven (MUN),Calafiori,Thomas,Castagne,Greaves,Heaven
gw1_19,Band 1: Budget (£20.5m-£22.5m),22.5,73.0,16.883,74.99,334.3,321.91,12.4,17.59,2.33,78.9,0.0,-0.0986,5,1+1+1+1+1,Calafiori (ARS) + Pau (AVL) + De Cuyper (BHA) + Thomas (COV) + Greaves (IPS),Calafiori,Pau,De Cuyper,Thomas,Greaves
gw1_19,Band 1: Budget (£20.5m-£22.5m),22.5,72.97,16.688,77.6,330.59,318.87,11.72,17.4,2.33,84.2,0.0,-0.0965,5,1+1+1+1+1,Calafiori (ARS) + Kayode (BRE) + Thomas (COV) + Greaves (IPS) + Heaven (MUN),Calafiori,Kayode,Thomas,Greaves,Heaven
gw1_19,Band 1: Budget (£20.5m-£22.5m),22.0,72.97,16.886,74.87,331.66,319.54,12.11,17.46,2.34,78.9,0.0,-0.0997,5,1+1+1+1+1,Calafiori (ARS) + Thomas (COV) + Ajayi (HUL) + Greaves (IPS) + Heaven (MUN),Calafiori,Thomas,Ajayi,Greaves,Heaven
gw1_19,Band 1: Budget (£20.5m-£22.5m),22.5,72.96,16.69,77.52,330.63,318.71,11.92,17.4,2.3,84.2,0.0,0.0129,5,1+1+1+1+1,Calafiori (ARS) + De Cuyper (BHA) + Thomas (COV) + Ajayi (HUL) + Heaven (MUN),Calafiori,De Cuyper,Thomas,Ajayi,Heaven
gw1_19,Band 1: Budget (£20.5m-£22.5m),22.5,72.8,16.681,77.27,330.46,318.87,11.59,17.39,2.35,84.2,0.0,-0.1037,5,1+1+1+1+1,Calafiori (ARS) + Thomas (COV) + Greaves (IPS) + Heaven (MUN) + Hume (SUN),Calafiori,Thomas,Greaves,Heaven,Hume
gw1_19,Band 1: Budget (£20.5m-£22.5m),22.5,72.72,16.423,80.58,325.55,314.15,11.41,17.13,2.32,89.5,0.0,-0.1116,5,1+1+1+1+1,Calafiori (ARS) + Thomas (COV) + Mingueza (CRY) + Heaven (MUN) + O'Nien (SUN),Calafiori,Thomas,Mingueza,Heaven,O'Nien
gw1_19,Band 1: Budget (£20.5m-£22.5m),22.5,72.66,17.466,66.21,345.37,332.68,12.69,18.18,2.37,63.2,0.0,-0.0904,5,1+1+1+1+1,Calafiori (ARS) + Thomas (COV) + Ajayi (HUL) + Greaves (IPS) + Muharemović (LEE),Calafiori,Thomas,Ajayi,Greaves,Muharemović
gw1_19,Band 1: Budget (£20.5m-£22.5m),22.5,72.57,16.472,79.54,326.49,315.0,11.49,17.18,2.24,84.2,0.0,-0.076,5,1+1+1+1+1,Calafiori (ARS) + Smith (BOU) + Thomas (COV) + Heaven (MUN) + O'Nien (SUN),Calafiori,Smith,Thomas,Heaven,O'Nien
gw1_19,Band 1: Budget (£20.5m-£22.5m),22.5,72.53,16.723,76.01,331.26,319.45,11.81,17.43,2.39,84.2,0.0,-0.0696,5,1+1+1+1+1,Calafiori (ARS) + Colwill (CHE) + Thomas (COV) + Greaves (IPS) + O'Nien (SUN),Calafiori,Colwill,Thomas,Greaves,O'Nien
gw1_19,Band 1: Budget (£20.5m-£22.5m),22.5,72.52,16.383,80.63,324.79,312.88,11.9,17.09,2.3,89.5,0.0,-0.0593,5,1+1+1+1+1,Calafiori (ARS) + De Cuyper (BHA) + Greaves (IPS) + Heaven (MUN) + O'Nien (SUN),Calafiori,De Cuyper,Greaves,Heaven,O'Nien
gw1_19,Band 1: Budget (£20.5m-£22.5m),22.5,72.43,16.788,74.87,332.5,320.28,12.22,17.5,2.34,78.9,0.0,-0.0997,5,1+1+1+1+1,Calafiori (ARS) + Thomas (COV) + Ajayi (HUL) + Greaves (IPS) + Dalot (MUN),Calafiori,Thomas,Ajayi,Greaves,Dalot
gw1_19,Band 1: Budget (£20.5m-£22.5m),22.5,72.39,16.759,75.18,331.95,319.83,12.12,17.47,2.34,78.9,0.0,-0.1419,5,1+1+1+1+1,Calafiori (ARS) + Pau (AVL) + De Cuyper (BHA) + Thomas (COV) + O'Nien (SUN),Calafiori,Pau,De Cuyper,Thomas,O'Nien
gw1_19,Band 1: Budget (£20.5m-£22.5m),22.5,72.35,16.786,74.7,332.46,320.53,11.93,17.5,2.34,78.9,0.0,-0.0783,5,1+1+1+1+1,Calafiori (ARS) + De Cuyper (BHA) + Kayode (BRE) + Thomas (COV) + Greaves (IPS),Calafiori,De Cuyper,Kayode,Thomas,Greaves
gw1_19,Band 1: Budget (£20.5m-£22.5m),22.5,72.33,16.607,77.09,329.05,317.44,11.61,17.32,2.34,84.2,0.0,-0.0688,5,1+1+1+1+1,Calafiori (ARS) + De Cuyper (BHA) + Thomas (COV) + Castagne (FUL) + O'Nien (SUN),Calafiori,De Cuyper,Thomas,Castagne,O'Nien
gw1_19,Band 1: Budget (£20.5m-£22.5m),22.0,72.27,16.839,73.77,330.76,318.74,12.03,17.41,2.36,78.9,0.0,-0.0377,5,1+1+1+1+1,Calafiori (ARS) + De Cuyper (BHA) + Thomas (COV) + Ajayi (HUL) + O'Nien (SUN),Calafiori,De Cuyper,Thomas,Ajayi,O'Nien
gw1_19,Band 1: Budget (£20.5m-£22.5m),22.5,72.24,16.777,74.55,332.28,320.53,11.75,17.49,2.35,78.9,0.0,-0.0856,5,1+1+1+1+1,Calafiori (ARS) + De Cuyper (BHA) + Thomas (COV) + Greaves (IPS) + Hume (SUN),Calafiori,De Cuyper,Thomas,Greaves,Hume
gw1_19,Band 2: Mid-Value (£23.0m-£24.0m),24.0,88.4,19.167,82.37,385.8,372.99,12.81,20.31,2.25,89.5,0.0,-0.1255,5,1+1+1+1+1,Calafiori (ARS) + Vuskovic (BHA) + Ajayi (HUL) + Greaves (IPS) + Gvardiol (MCI),Calafiori,Vuskovic,Ajayi,Greaves,Gvardiol
gw1_19,Band 2: Mid-Value (£23.0m-£24.0m),24.0,88.39,19.165,82.36,385.77,372.99,12.78,20.3,2.26,89.5,0.0,-0.1442,5,1+1+1+1+1,Calafiori (ARS) + Vuskovic (BHA) + Greaves (IPS) + Gvardiol (MCI) + O'Nien (SUN),Calafiori,Vuskovic,Greaves,Gvardiol,O'Nien
gw1_19,Band 2: Mid-Value (£23.0m-£24.0m),24.0,87.71,18.96,83.45,381.88,368.36,13.51,20.1,2.2,89.5,0.0,-0.1304,5,1+1+1+1+1,Calafiori (ARS) + Vuskovic (BHA) + Hill (BOU) + Thomas (COV) + Greaves (IPS),Calafiori,Vuskovic,Hill,Thomas,Greaves
gw1_19,Band 2: Mid-Value (£23.0m-£24.0m),24.0,87.43,19.205,79.42,386.53,372.99,13.54,20.34,2.25,84.2,0.0,-0.0972,5,1+1+1+1+1,Calafiori (ARS) + Vuskovic (BHA) + Thomas (COV) + Greaves (IPS) + Gvardiol (MCI),Calafiori,Vuskovic,Thomas,Greaves,Gvardiol
gw1_19,Band 2: Mid-Value (£23.0m-£24.0m),24.0,87.39,18.91,83.33,380.92,368.11,12.81,20.05,2.21,89.5,0.0,-0.1419,5,1+1+1+1+1,Calafiori (ARS) + Vuskovic (BHA) + Hill (BOU) + Ajayi (HUL) + Greaves (IPS),Calafiori,Vuskovic,Hill,Ajayi,Greaves
gw1_19,Band 2: Mid-Value (£23.0m-£24.0m),24.0,87.37,18.948,82.77,381.64,368.36,13.28,20.09,2.22,89.5,0.0,-0.0953,5,1+1+1+1+1,Calafiori (ARS) + Vuskovic (BHA) + Hill (BOU) + Thomas (COV) + O'Nien (SUN),Calafiori,Vuskovic,Hill,Thomas,O'Nien
gw1_19,Band 2: Mid-Value (£23.0m-£24.0m),24.0,87.21,19.193,79.02,386.3,372.99,13.31,20.33,2.27,84.2,0.0,-0.0907,5,1+1+1+1+1,Calafiori (ARS) + Vuskovic (BHA) + Thomas (COV) + Gvardiol (MCI) + O'Nien (SUN),Calafiori,Vuskovic,Thomas,Gvardiol,O'Nien
gw1_19,Band 2: Mid-Value (£23.0m-£24.0m),24.0,86.77,18.536,86.88,373.82,361.09,12.73,19.67,2.01,89.5,0.0,0.0019,4,2+1+1+1,Calafiori (ARS) + J.Timber (ARS) + Thomas (COV) + Ajayi (HUL) + Greaves (IPS),Calafiori,J.Timber,Thomas,Ajayi,Greaves
gw1_19,Band 2: Mid-Value (£23.0m-£24.0m),23.5,86.51,18.721,83.71,374.63,361.86,12.77,19.72,2.3,94.7,0.0,-0.1167,5,1+1+1+1+1,Calafiori (ARS) + Vuskovic (BHA) + Ajayi (HUL) + Greaves (IPS) + Muharemović (LEE),Calafiori,Vuskovic,Ajayi,Greaves,Muharemović
gw1_19,Band 2: Mid-Value (£23.0m-£24.0m),24.0,86.29,18.95,80.06,381.67,368.36,13.31,20.09,2.21,84.2,0.0,-0.0621,5,1+1+1+1+1,Calafiori (ARS) + Vuskovic (BHA) + Hill (BOU) + Thomas (COV) + Ajayi (HUL),Calafiori,Vuskovic,Hill,Thomas,Ajayi
gw1_19,Band 2: Mid-Value (£23.0m-£24.0m),24.0,85.87,18.908,79.57,380.89,368.11,12.78,20.05,2.25,84.2,0.0,-0.1081,5,1+1+1+1+1,Calafiori (ARS) + Vuskovic (BHA) + Hill (BOU) + Greaves (IPS) + O'Nien (SUN),Calafiori,Vuskovic,Hill,Greaves,O'Nien
gw1_19,Band 2: Mid-Value (£23.0m-£24.0m),24.0,85.82,18.572,84.02,374.5,361.86,12.65,19.71,2.27,94.7,0.0,-0.0456,5,1+1+1+1+1,Calafiori (ARS) + Vuskovic (BHA) + Greaves (IPS) + Muharemović (LEE) + Heaven (MUN),Calafiori,Vuskovic,Greaves,Muharemović,Heaven
gw1_19,Band 2: Mid-Value (£23.0m-£24.0m),24.0,85.77,19.139,76.17,385.26,372.99,12.27,20.28,2.28,78.9,0.0,-0.1017,5,1+1+1+1+1,Calafiori (ARS) + Vuskovic (BHA) + Ajayi (HUL) + Gvardiol (MCI) + O'Nien (SUN),Calafiori,Vuskovic,Ajayi,Gvardiol,O'Nien
gw1_19,Band 2: Mid-Value (£23.0m-£24.0m),23.5,85.67,18.778,80.85,375.7,362.21,13.49,19.77,2.31,89.5,0.0,-0.1071,5,1+1+1+1+1,Calafiori (ARS) + Vuskovic (BHA) + Thomas (COV) + Greaves (IPS) + Muharemović (LEE),Calafiori,Vuskovic,Thomas,Greaves,Muharemović
gw1_19,Band 2: Mid-Value (£23.0m-£24.0m),24.0,85.66,18.534,84.15,373.78,361.09,12.69,19.67,2.03,84.2,0.0,-0.026,4,2+1+1+1,Calafiori (ARS) + J.Timber (ARS) + Thomas (COV) + Greaves (IPS) + O'Nien (SUN),Calafiori,J.Timber,Thomas,Greaves,O'Nien
gw1_19,Band 2: Mid-Value (£23.0m-£24.0m),24.0,85.64,18.563,83.69,374.33,361.86,12.48,19.7,2.3,94.7,0.0,-0.1147,5,1+1+1+1+1,Calafiori (ARS) + Vuskovic (BHA) + Castagne (FUL) + Greaves (IPS) + Muharemović (LEE),Calafiori,Vuskovic,Castagne,Greaves,Muharemović
gw1_19,Band 2: Mid-Value (£23.0m-£24.0m),24.0,85.48,18.558,83.36,374.24,361.86,12.38,19.7,2.2,89.5,0.0,-0.0975,5,1+1+1+1+1,Calafiori (ARS) + Vuskovic (BHA) + Smith (BOU) + Greaves (IPS) + Muharemović (LEE),Calafiori,Vuskovic,Smith,Greaves,Muharemović
gw1_19,Band 2: Mid-Value (£23.0m-£24.0m),24.0,85.07,18.481,83.39,372.77,360.52,12.25,19.62,2.04,84.2,0.0,0.0402,4,2+1+1+1,Calafiori (ARS) + J.Timber (ARS) + Thomas (COV) + Ajayi (HUL) + O'Nien (SUN),Calafiori,J.Timber,Thomas,Ajayi,O'Nien
gw1_19,Band 2: Mid-Value (£23.0m-£24.0m),23.5,84.87,18.23,86.3,365.3,353.59,11.71,19.23,2.17,94.7,0.0,-0.0599,5,1+1+1+1+1,Calafiori (ARS) + Vuskovic (BHA) + Smith (BOU) + Thomas (COV) + Heaven (MUN),Calafiori,Vuskovic,Smith,Thomas,Heaven
gw1_19,Band 2: Mid-Value (£23.0m-£24.0m),23.0,84.85,18.436,83.45,366.5,354.18,12.32,19.29,2.2,89.5,0.0,-0.1304,5,1+1+1+1+1,Calafiori (ARS) + Vuskovic (BHA) + Smith (BOU) + Thomas (COV) + Greaves (IPS),Calafiori,Vuskovic,Smith,Thomas,Greaves
gw1_19,Band 2: Mid-Value (£23.0m-£24.0m),24.0,84.81,19.195,73.0,386.33,372.99,13.34,20.33,2.27,73.7,0.0,-0.005,5,1+1+1+1+1,Calafiori (ARS) + Vuskovic (BHA) + Thomas (COV) + Ajayi (HUL) + Gvardiol (MCI),Calafiori,Vuskovic,Thomas,Ajayi,Gvardiol
gw1_19,Band 2: Mid-Value (£23.0m-£24.0m),23.0,84.8,18.407,83.71,365.95,353.24,12.71,19.26,2.3,94.7,0.0,-0.1167,5,1+1+1+1+1,Calafiori (ARS) + Vuskovic (BHA) + Ajayi (HUL) + Greaves (IPS) + Justin (LEE),Calafiori,Vuskovic,Ajayi,Greaves,Justin
gw1_19,Band 2: Mid-Value (£23.0m-£24.0m),24.0,84.69,18.62,80.56,375.4,362.21,13.19,19.76,2.28,89.5,0.0,0.0074,5,1+1+1+1+1,Calafiori (ARS) + Vuskovic (BHA) + Thomas (COV) + Muharemović (LEE) + Heaven (MUN),Calafiori,Vuskovic,Thomas,Muharemović,Heaven
gw1_19,Band 2: Mid-Value (£23.0m-£24.0m),24.0,84.66,18.882,76.89,380.38,368.11,12.27,20.02,2.25,78.9,0.0,-0.0895,5,1+1+1+1+1,Calafiori (ARS) + Vuskovic (BHA) + Hill (BOU) + Ajayi (HUL) + O'Nien (SUN),Calafiori,Vuskovic,Hill,Ajayi,O'Nien
gw1_19,Band 2: Mid-Value (£23.0m-£24.0m),24.0,84.65,18.64,80.18,375.79,362.46,13.33,19.78,2.29,89.5,5.3,0.0241,4,2+1+1+1,Calafiori (ARS) + De Cuyper (BHA) + Vuskovic (BHA) + Thomas (COV) + Muharemović (LEE),Calafiori,De Cuyper,Vuskovic,Thomas,Muharemović
gw1_19,Band 2: Mid-Value (£23.0m-£24.0m),24.0,84.57,18.599,80.53,375.01,362.21,12.8,19.74,2.3,89.5,0.0,-0.0325,5,1+1+1+1+1,Calafiori (ARS) + Vuskovic (BHA) + Thomas (COV) + Mingueza (CRY) + Muharemović (LEE),Calafiori,Vuskovic,Thomas,Mingueza,Muharemović
gw1_19,Band 2: Mid-Value (£23.0m-£24.0m),24.0,84.46,18.609,80.12,375.2,362.21,12.98,19.75,2.32,89.5,0.0,-0.0373,5,1+1+1+1+1,Calafiori (ARS) + Vuskovic (BHA) + Kayode (BRE) + Thomas (COV) + Muharemović (LEE),Calafiori,Vuskovic,Kayode,Thomas,Muharemović
gw1_19,Band 2: Mid-Value (£23.0m-£24.0m),24.0,84.42,18.602,80.12,375.07,362.21,12.85,19.74,2.21,84.2,0.0,-0.0427,5,1+1+1+1+1,Calafiori (ARS) + Vuskovic (BHA) + Smith (BOU) + Thomas (COV) + Muharemović (LEE),Calafiori,Vuskovic,Smith,Thomas,Muharemović
gw1_19,Band 2: Mid-Value (£23.0m-£24.0m),23.0,84.41,18.547,80.85,368.61,355.36,13.25,19.4,2.31,89.5,0.0,-0.1071,5,1+1+1+1+1,Calafiori (ARS) + Vuskovic (BHA) + Thomas (COV) + Greaves (IPS) + Justin (LEE),Calafiori,Vuskovic,Thomas,Greaves,Justin
gw1_19,Band 2: Mid-Value (£23.0m-£24.0m),23.5,84.29,18.766,77.55,375.47,362.21,13.26,19.76,2.32,84.2,0.0,-0.0425,5,1+1+1+1+1,Calafiori (ARS) + Vuskovic (BHA) + Thomas (COV) + Ajayi (HUL) + Muharemović (LEE),Calafiori,Vuskovic,Thomas,Ajayi,Muharemović
gw1_19,Band 2: Mid-Value (£23.0m-£24.0m),24.0,84.28,18.532,80.71,373.74,361.55,12.19,19.67,2.28,89.5,0.0,0.006,5,1+1+1+1+1,Calafiori (ARS) + Vuskovic (BHA) + Ajayi (HUL) + Muharemović (LEE) + Heaven (MUN),Calafiori,Vuskovic,Ajayi,Muharemović,Heaven
gw1_19,Band 2: Mid-Value (£23.0m-£24.0m),24.0,84.27,18.509,81.01,373.3,361.55,11.75,19.65,2.29,89.5,0.0,-0.0687,5,1+1+1+1+1,Calafiori (ARS) + Vuskovic (BHA) + Mingueza (CRY) + Ajayi (HUL) + Muharemović (LEE),Calafiori,Vuskovic,Mingueza,Ajayi,Muharemović
gw1_19,Band 2: Mid-Value (£23.0m-£24.0m),24.0,84.26,18.12,86.3,365.91,354.01,11.9,19.26,2.17,94.7,0.0,-0.0599,5,1+1+1+1+1,Calafiori (ARS) + Vuskovic (BHA) + Smith (BOU) + Thomas (COV) + Dalot (MUN),Calafiori,Vuskovic,Smith,Thomas,Dalot
gw1_19,Band 2: Mid-Value (£23.0m-£24.0m),24.0,84.24,18.583,79.91,374.71,362.17,12.54,19.72,2.3,89.5,5.3,0.0345,4,2+1+1+1,Calafiori (ARS) + De Cuyper (BHA) + Vuskovic (BHA) + Ajayi (HUL) + Muharemović (LEE),Calafiori,De Cuyper,Vuskovic,Ajayi,Muharemović
gw1_19,Band 2: Mid-Value (£23.0m-£24.0m),23.0,84.22,18.371,82.77,365.27,353.51,11.76,19.22,2.22,89.5,0.0,-0.0953,5,1+1+1+1+1,Calafiori (ARS) + Vuskovic (BHA) + Smith (BOU) + Thomas (COV) + O'Nien (SUN),Calafiori,Vuskovic,Smith,Thomas,O'Nien
gw1_19,Band 2: Mid-Value (£23.0m-£24.0m),24.0,84.21,18.097,86.49,365.47,353.26,12.21,19.24,2.18,94.7,5.3,-0.0958,5,1+1+1+1+1,Calafiori (ARS) + Vuskovic (BHA) + Smith (BOU) + Greaves (IPS) + Thiaw (NEW),Calafiori,Vuskovic,Smith,Greaves,Thiaw
gw1_19,Band 2: Mid-Value (£23.0m-£24.0m),23.5,84.21,18.763,77.4,375.43,362.21,13.22,19.76,2.33,84.2,0.0,-0.0603,5,1+1+1+1+1,Calafiori (ARS) + Vuskovic (BHA) + Thomas (COV) + Muharemović (LEE) + O'Nien (SUN),Calafiori,Vuskovic,Thomas,Muharemović,O'Nien
gw1_19,Band 2: Mid-Value (£23.0m-£24.0m),23.5,84.1,18.257,84.02,365.81,353.24,12.57,19.25,2.27,94.7,0.0,-0.0456,5,1+1+1+1+1,Calafiori (ARS) + Vuskovic (BHA) + Greaves (IPS) + Justin (LEE) + Heaven (MUN),Calafiori,Vuskovic,Greaves,Justin,Heaven
gw1_19,Band 2: Mid-Value (£23.0m-£24.0m),24.0,84.02,18.576,79.46,374.58,362.17,12.4,19.71,2.32,89.5,5.3,0.0266,4,2+1+1+1,Calafiori (ARS) + De Cuyper (BHA) + Vuskovic (BHA) + Muharemović (LEE) + O'Nien (SUN),Calafiori,De Cuyper,Vuskovic,Muharemović,O'Nien
gw1_19,Band 2: Mid-Value (£23.0m-£24.0m),24.0,84.01,18.515,80.29,373.41,361.55,11.87,19.65,2.21,84.2,0.0,-0.0622,5,1+1+1+1+1,Calafiori (ARS) + Vuskovic (BHA) + Smith (BOU) + Ajayi (HUL) + Muharemović (LEE),Calafiori,Vuskovic,Smith,Ajayi,Muharemović
gw1_19,Band 2: Mid-Value (£23.0m-£24.0m),23.0,83.97,18.451,81.03,366.8,354.18,12.62,19.31,2.29,89.5,0.0,-0.0717,5,1+1+1+1+1,Calafiori (ARS) + Vuskovic (BHA) + Thomas (COV) + Greaves (IPS) + Heaven (MUN),Calafiori,Vuskovic,Thomas,Greaves,Heaven
gw1_19,Band 2: Mid-Value (£23.0m-£24.0m),24.0,83.95,18.521,80.05,373.53,361.43,12.1,19.66,2.31,89.5,0.0,-0.0096,5,1+1+1+1+1,Calafiori (ARS) + Vuskovic (BHA) + Muharemović (LEE) + Heaven (MUN) + O'Nien (SUN),Calafiori,Vuskovic,Muharemović,Heaven,O'Nien
gw1_19,Band 2: Mid-Value (£23.0m-£24.0m),23.5,83.91,18.247,83.69,365.62,353.24,12.38,19.24,2.3,94.7,0.0,-0.1147,5,1+1+1+1+1,Calafiori (ARS) + Vuskovic (BHA) + Castagne (FUL) + Greaves (IPS) + Justin (LEE),Calafiori,Vuskovic,Castagne,Greaves,Justin
gw1_19,Band 2: Mid-Value (£23.0m-£24.0m),23.5,83.87,18.346,82.23,367.51,354.49,13.02,19.34,2.27,89.5,0.0,-0.1802,5,1+1+1+1+1,Calafiori (ARS) + Vuskovic (BHA) + Thomas (COV) + Greaves (IPS) + Jacquet (LIV),Calafiori,Vuskovic,Thomas,Greaves,Jacquet
gw1_19,Band 2: Mid-Value (£23.0m-£24.0m),24.0,83.87,18.151,84.9,366.5,354.37,12.13,19.29,2.26,94.7,0.0,-0.1459,5,1+1+1+1+1,Calafiori (ARS) + Vuskovic (BHA) + Thomas (COV) + Mingueza (CRY) + Jacquet (LIV),Calafiori,Vuskovic,Thomas,Mingueza,Jacquet
gw1_19,Band 2: Mid-Value (£23.0m-£24.0m),23.5,83.84,17.992,86.97,360.78,349.08,11.7,18.99,2.16,94.7,0.0,-0.1186,5,1+1+1+1+1,Calafiori (ARS) + Vuskovic (BHA) + Smith (BOU) + Greaves (IPS) + Heaven (MUN),Calafiori,Vuskovic,Smith,Greaves,Heaven
gw1_19,Band 2: Mid-Value (£23.0m-£24.0m),23.5,83.82,18.268,83.18,366.02,354.04,11.97,19.26,2.19,89.5,5.3,-0.0385,4,2+1+1+1,Calafiori (ARS) + De Cuyper (BHA) + Vuskovic (BHA) + Smith (BOU) + Thomas (COV),Calafiori,De Cuyper,Vuskovic,Smith,Thomas
gw1_19,Band 2: Mid-Value (£23.0m-£24.0m),23.0,83.82,18.481,80.25,367.37,354.56,12.81,19.34,2.3,89.5,5.3,-0.013,4,2+1+1+1,Calafiori (ARS) + De Cuyper (BHA) + Vuskovic (BHA) + Thomas (COV) + Greaves (IPS),Calafiori,De Cuyper,Vuskovic,Thomas,Greaves
gw1_19,Band 2: Mid-Value (£23.0m-£24.0m),24.0,83.81,17.972,87.19,363.09,351.05,12.05,19.11,2.16,94.7,0.0,-0.1477,5,1+1+1+1+1,Calafiori (ARS) + Vuskovic (BHA) + Smith (BOU) + Greaves (IPS) + Jacquet (LIV),Calafiori,Vuskovic,Smith,Greaves,Jacquet
gw1_19,Band 2: Mid-Value (£23.0m-£24.0m),23.5,83.8,18.258,83.26,365.82,353.26,12.56,19.25,2.3,94.7,0.0,-0.0518,5,1+1+1+1+1,Calafiori (ARS) + Vuskovic (BHA) + Ajayi (HUL) + Greaves (IPS) + Thiaw (NEW),Calafiori,Vuskovic,Ajayi,Greaves,Thiaw
gw1_19,Band 3: Single Anchor (£24.5m-£25.0m),25.0,96.08,19.818,92.68,403.57,390.26,13.31,21.24,1.99,100.0,5.3,-0.0237,4,2+1+1+1,Calafiori (ARS) + J.Timber (ARS) + Vuskovic (BHA) + Thomas (COV) + O'Nien (SUN),Calafiori,J.Timber,Vuskovic,Thomas,O'Nien
gw1_19,Band 3: Single Anchor (£24.5m-£25.0m),25.0,96.0,19.79,92.85,403.04,390.26,12.78,21.21,1.99,100.0,5.3,-0.0473,4,2+1+1+1,Calafiori (ARS) + J.Timber (ARS) + Vuskovic (BHA) + Greaves (IPS) + O'Nien (SUN),Calafiori,J.Timber,Vuskovic,Greaves,O'Nien
gw1_19,Band 3: Single Anchor (£24.5m-£25.0m),25.0,95.95,19.792,92.72,403.08,390.26,12.81,21.21,1.97,100.0,5.3,-0.0293,4,2+1+1+1,Calafiori (ARS) + J.Timber (ARS) + Vuskovic (BHA) + Ajayi (HUL) + Greaves (IPS),Calafiori,J.Timber,Vuskovic,Ajayi,Greaves
gw1_19,Band 3: Single Anchor (£24.5m-£25.0m),25.0,95.83,19.819,92.04,403.61,390.26,13.34,21.24,1.98,100.0,5.3,0.0613,4,2+1+1+1,Calafiori (ARS) + J.Timber (ARS) + Vuskovic (BHA) + Thomas (COV) + Ajayi (HUL),Calafiori,J.Timber,Vuskovic,Thomas,Ajayi
gw1_19,Band 3: Single Anchor (£24.5m-£25.0m),25.0,95.1,19.83,90.07,403.81,390.26,13.54,21.25,1.98,94.7,5.3,-0.0272,4,2+1+1+1,Calafiori (ARS) + J.Timber (ARS) + Vuskovic (BHA) + Thomas (COV) + Greaves (IPS),Calafiori,J.Timber,Vuskovic,Thomas,Greaves
gw1_19,Band 3: Single Anchor (£24.5m-£25.0m),25.0,94.63,19.763,89.79,402.54,390.26,12.27,21.19,2.01,94.7,5.3,-0.0086,4,2+1+1+1,Calafiori (ARS) + J.Timber (ARS) + Vuskovic (BHA) + Ajayi (HUL) + O'Nien (SUN),Calafiori,J.Timber,Vuskovic,Ajayi,O'Nien
gw1_19,Band 3: Single Anchor (£24.5m-£25.0m),24.5,90.75,19.005,90.44,385.43,372.99,12.43,20.29,2.14,100.0,0.0,-0.1478,5,1+1+1+1+1,Calafiori (ARS) + Vuskovic (BHA) + Smith (BOU) + Greaves (IPS) + Gvardiol (MCI),Calafiori,Vuskovic,Smith,Greaves,Gvardiol
gw1_19,Band 3: Single Anchor (£24.5m-£25.0m),25.0,90.21,19.498,82.37,397.5,384.69,12.81,20.92,2.25,89.5,0.0,-0.1255,5,1+1+1+1+1,Calafiori (ARS) + Vuskovic (BHA) + Ajayi (HUL) + Greaves (IPS) + O'Reilly (MCI),Calafiori,Vuskovic,Ajayi,Greaves,O'Reilly
gw1_19,Band 3: Single Anchor (£24.5m-£25.0m),25.0,90.2,19.496,82.36,397.46,384.69,12.78,20.92,2.26,89.5,0.0,-0.1442,5,1+1+1+1+1,Calafiori (ARS) + Vuskovic (BHA) + Greaves (IPS) + O'Reilly (MCI) + O'Nien (SUN),Calafiori,Vuskovic,Greaves,O'Reilly,O'Nien
gw1_19,Band 3: Single Anchor (£24.5m-£25.0m),24.5,90.01,19.057,87.88,386.41,372.99,13.42,20.34,2.23,100.0,0.0,-0.1101,5,1+1+1+1+1,Calafiori (ARS) + Vuskovic (BHA) + Greaves (IPS) + Justin (LEE) + Gvardiol (MCI),Calafiori,Vuskovic,Greaves,Justin,Gvardiol
gw1_19,Band 3: Single Anchor (£24.5m-£25.0m),25.0,89.67,18.995,87.88,387.94,373.52,14.41,20.42,2.23,100.0,0.0,-0.1101,5,1+1+1+1+1,Calafiori (ARS) + Vuskovic (BHA) + Greaves (IPS) + Muharemović (LEE) + Gvardiol (MCI),Calafiori,Vuskovic,Greaves,Muharemović,Gvardiol
gw1_19,Band 3: Single Anchor (£24.5m-£25.0m),24.5,89.42,18.971,87.58,384.78,372.99,11.79,20.25,2.14,94.7,0.0,-0.1405,5,1+1+1+1+1,Calafiori (ARS) + Vuskovic (BHA) + Smith (BOU) + Gvardiol (MCI) + O'Nien (SUN),Calafiori,Vuskovic,Smith,Gvardiol,O'Nien
gw1_19,Band 3: Single Anchor (£24.5m-£25.0m),25.0,89.41,18.913,88.34,386.38,372.99,13.39,20.34,2.21,100.0,0.0,-0.1055,5,1+1+1+1+1,Calafiori (ARS) + Vuskovic (BHA) + Greaves (IPS) + Gvardiol (MCI) + Thiaw (NEW),Calafiori,Vuskovic,Greaves,Gvardiol,Thiaw
gw1_19,Band 3: Single Anchor (£24.5m-£25.0m),25.0,89.24,19.536,79.42,398.23,384.69,13.54,20.96,2.25,84.2,0.0,-0.0972,5,1+1+1+1+1,Calafiori (ARS) + Vuskovic (BHA) + Thomas (COV) + Greaves (IPS) + O'Reilly (MCI),Calafiori,Vuskovic,Thomas,Greaves,O'Reilly
gw1_19,Band 3: Single Anchor (£24.5m-£25.0m),25.0,89.01,19.524,79.02,398.0,384.69,13.31,20.95,2.27,84.2,0.0,-0.0907,5,1+1+1+1+1,Calafiori (ARS) + Vuskovic (BHA) + Thomas (COV) + O'Reilly (MCI) + O'Nien (SUN),Calafiori,Vuskovic,Thomas,O'Reilly,O'Nien
gw1_19,Band 3: Single Anchor (£24.5m-£25.0m),24.5,88.83,19.01,85.57,385.52,372.99,12.53,20.29,2.24,94.7,0.0,-0.1686,5,1+1+1+1+1,Calafiori (ARS) + Vuskovic (BHA) + Castagne (FUL) + Greaves (IPS) + Gvardiol (MCI),Calafiori,Vuskovic,Castagne,Greaves,Gvardiol
gw1_19,Band 3: Single Anchor (£24.5m-£25.0m),24.5,88.77,19.019,85.3,385.69,372.99,12.7,20.3,2.22,94.7,0.0,-0.081,5,1+1+1+1+1,Calafiori (ARS) + Vuskovic (BHA) + Greaves (IPS) + Gvardiol (MCI) + Heaven (MUN),Calafiori,Vuskovic,Greaves,Gvardiol,Heaven
gw1_19,Band 3: Single Anchor (£24.5m-£25.0m),25.0,88.73,18.714,89.36,382.61,369.12,13.49,20.14,2.0,94.7,0.0,0.0684,4,2+1+1+1,Calafiori (ARS) + J.Timber (ARS) + Thomas (COV) + Greaves (IPS) + Muharemović (LEE),Calafiori,J.Timber,Thomas,Greaves,Muharemović
gw1_19,Band 3: Single Anchor (£24.5m-£25.0m),25.0,88.69,18.843,87.5,385.06,372.99,12.07,20.27,2.12,94.7,5.3,-0.0684,4,2+1+1+1,Calafiori (ARS) + De Cuyper (BHA) + Vuskovic (BHA) + Smith (BOU) + Gvardiol (MCI),Calafiori,De Cuyper,Vuskovic,Smith,Gvardiol
gw1_19,Band 3: Single Anchor (£24.5m-£25.0m),24.5,88.59,18.964,85.62,384.64,372.99,11.65,20.24,2.23,94.7,0.0,-0.1537,5,1+1+1+1+1,Calafiori (ARS) + Vuskovic (BHA) + Mingueza (CRY) + Gvardiol (MCI) + O'Nien (SUN),Calafiori,Vuskovic,Mingueza,Gvardiol,O'Nien
gw1_19,Band 3: Single Anchor (£24.5m-£25.0m),24.5,88.54,19.05,84.32,386.27,372.99,13.28,20.33,2.23,94.7,0.0,0.0184,5,1+1+1+1+1,Calafiori (ARS) + Vuskovic (BHA) + Thomas (COV) + Gvardiol (MCI) + Heaven (MUN),Calafiori,Vuskovic,Thomas,Gvardiol,Heaven
gw1_19,Band 3: Single Anchor (£24.5m-£25.0m),24.5,88.53,19.056,84.19,386.4,372.99,13.41,20.34,2.24,94.7,5.3,0.0168,4,2+1+1+1,Calafiori (ARS) + De Cuyper (BHA) + Vuskovic (BHA) + Thomas (COV) + Gvardiol (MCI),Calafiori,De Cuyper,Vuskovic,Thomas,Gvardiol
gw1_19,Band 3: Single Anchor (£24.5m-£25.0m),25.0,88.51,18.658,89.58,381.53,368.76,12.77,20.08,2.0,94.7,0.0,0.0383,4,2+1+1+1,Calafiori (ARS) + J.Timber (ARS) + Ajayi (HUL) + Greaves (IPS) + Muharemović (LEE),Calafiori,J.Timber,Ajayi,Greaves,Muharemović
gw1_19,Band 3: Single Anchor (£24.5m-£25.0m),25.0,88.43,18.897,86.12,386.08,372.99,13.09,20.32,2.21,94.7,0.0,-0.1596,5,1+1+1+1+1,Calafiori (ARS) + Vuskovic (BHA) + Greaves (IPS) + Jacquet (LIV) + Gvardiol (MCI),Calafiori,Vuskovic,Greaves,Jacquet,Gvardiol
gw1_19,Band 3: Single Anchor (£24.5m-£25.0m),25.0,88.4,18.784,87.58,383.94,372.99,10.95,20.21,2.14,94.7,0.0,-0.1405,5,1+1+1+1+1,Calafiori (ARS) + Vuskovic (BHA) + Smith (BOU) + Gvardiol (MCI) + Hume (SUN),Calafiori,Vuskovic,Smith,Gvardiol,Hume
gw1_19,Band 3: Single Anchor (£24.5m-£25.0m),24.5,88.37,18.993,84.65,385.2,372.99,12.21,20.27,2.22,94.7,0.0,-0.0017,5,1+1+1+1+1,Calafiori (ARS) + Vuskovic (BHA) + Ajayi (HUL) + Gvardiol (MCI) + Heaven (MUN),Calafiori,Vuskovic,Ajayi,Gvardiol,Heaven
gw1_19,Band 3: Single Anchor (£24.5m-£25.0m),25.0,88.27,18.55,90.44,379.49,367.06,12.43,19.97,2.14,100.0,0.0,-0.1478,5,1+1+1+1+1,Calafiori (ARS) + Vuskovic (BHA) + Smith (BOU) + Greaves (IPS) + Guéhi (MCI),Calafiori,Vuskovic,Smith,Greaves,Guéhi
gw1_19,Band 3: Single Anchor (£24.5m-£25.0m),25.0,88.25,18.901,85.62,386.15,372.99,13.16,20.32,2.23,94.7,0.0,-0.1537,5,1+1+1+1+1,Calafiori (ARS) + Vuskovic (BHA) + Canvot (CRY) + Gvardiol (MCI) + O'Nien (SUN),Calafiori,Vuskovic,Canvot,Gvardiol,O'Nien
gw1_19,Band 3: Single Anchor (£24.5m-£25.0m),24.5,88.25,19.014,84.06,385.61,372.99,12.62,20.3,2.25,94.7,5.3,0.0085,4,2+1+1+1,Calafiori (ARS) + De Cuyper (BHA) + Vuskovic (BHA) + Ajayi (HUL) + Gvardiol (MCI),Calafiori,De Cuyper,Vuskovic,Ajayi,Gvardiol
gw1_19,Band 3: Single Anchor (£24.5m-£25.0m),24.5,88.18,18.371,92.68,373.37,360.95,12.42,19.65,1.99,100.0,5.3,-0.0237,4,2+1+1+1,Calafiori (ARS) + J.Timber (ARS) + De Cuyper (BHA) + Thomas (COV) + O'Nien (SUN),Calafiori,J.Timber,De Cuyper,Thomas,O'Nien
gw1_19,Band 3: Single Anchor (£24.5m-£25.0m),24.5,88.03,18.762,86.97,380.81,368.11,12.7,20.04,2.16,94.7,0.0,-0.1186,5,1+1+1+1+1,Calafiori (ARS) + Vuskovic (BHA) + Hill (BOU) + Greaves (IPS) + Heaven (MUN),Calafiori,Vuskovic,Hill,Greaves,Heaven
gw1_19,Band 3: Single Anchor (£24.5m-£25.0m),25.0,88.02,18.881,85.3,385.78,372.99,12.79,20.3,2.22,94.7,0.0,-0.081,5,1+1+1+1+1,Calafiori (ARS) + Vuskovic (BHA) + Greaves (IPS) + Gvardiol (MCI) + Dalot (MUN),Calafiori,Vuskovic,Greaves,Gvardiol,Dalot
gw1_19,Band 3: Single Anchor (£24.5m-£25.0m),24.5,88.0,18.805,86.3,381.62,368.36,13.25,20.09,2.17,94.7,0.0,-0.0599,5,1+1+1+1+1,Calafiori (ARS) + Vuskovic (BHA) + Hill (BOU) + Thomas (COV) + Heaven (MUN),Calafiori,Vuskovic,Hill,Thomas,Heaven
gw1_19,Band 3: Single Anchor (£24.5m-£25.0m),24.5,87.97,18.378,92.04,373.51,360.95,12.55,19.66,1.98,100.0,5.3,0.0613,4,2+1+1+1,Calafiori (ARS) + J.Timber (ARS) + De Cuyper (BHA) + Thomas (COV) + Ajayi (HUL),Calafiori,J.Timber,De Cuyper,Thomas,Ajayi
gw1_19,Band 3: Single Anchor (£24.5m-£25.0m),25.0,87.8,18.908,84.39,386.29,372.99,13.3,20.33,2.23,94.7,5.3,0.0087,4,2+1+1+1,Calafiori (ARS) + De Cuyper (BHA) + Vuskovic (BHA) + Justin (LEE) + Gvardiol (MCI),Calafiori,De Cuyper,Vuskovic,Justin,Gvardiol
gw1_19,Band 3: Single Anchor (£24.5m-£25.0m),25.0,87.79,18.912,84.32,386.36,372.99,13.37,20.33,2.23,94.7,0.0,0.0184,5,1+1+1+1+1,Calafiori (ARS) + Vuskovic (BHA) + Thomas (COV) + Gvardiol (MCI) + Dalot (MUN),Calafiori,Vuskovic,Thomas,Gvardiol,Dalot
gw1_19,Band 3: Single Anchor (£24.5m-£25.0m),25.0,87.71,18.888,84.44,385.91,372.99,12.92,20.31,2.25,94.7,0.0,-0.045,5,1+1+1+1+1,Calafiori (ARS) + Vuskovic (BHA) + Kayode (BRE) + Justin (LEE) + Gvardiol (MCI),Calafiori,Vuskovic,Kayode,Justin,Gvardiol
gw1_19,Band 3: Single Anchor (£24.5m-£25.0m),24.5,87.71,18.736,86.51,380.32,368.11,12.21,20.02,2.16,94.7,0.0,-0.0633,5,1+1+1+1+1,Calafiori (ARS) + Vuskovic (BHA) + Hill (BOU) + Ajayi (HUL) + Heaven (MUN),Calafiori,Vuskovic,Hill,Ajayi,Heaven
gw1_19,Band 3: Single Anchor (£24.5m-£25.0m),24.5,87.67,19.007,82.72,385.47,372.99,12.48,20.29,2.25,89.5,0.0,-0.1681,5,1+1+1+1+1,Calafiori (ARS) + Vuskovic (BHA) + Greaves (IPS) + Gvardiol (MCI) + Robertson (TOT),Calafiori,Vuskovic,Greaves,Gvardiol,Robertson
gw1_19,Band 3: Single Anchor (£24.5m-£25.0m),25.0,87.65,18.861,84.65,385.39,372.99,12.4,20.28,2.22,94.7,0.0,-0.0017,5,1+1+1+1+1,Calafiori (ARS) + Vuskovic (BHA) + Ajayi (HUL) + Gvardiol (MCI) + Dalot (MUN),Calafiori,Vuskovic,Ajayi,Gvardiol,Dalot
gw1_19,Band 3: Single Anchor (£24.5m-£25.0m),25.0,87.64,18.346,91.66,375.61,362.55,13.06,19.77,1.97,100.0,5.3,0.1126,4,2+1+1+1,Calafiori (ARS) + J.Timber (ARS) + De Cuyper (BHA) + Thomas (COV) + Justin (LEE),Calafiori,J.Timber,De Cuyper,Thomas,Justin
gw1_19,Band 3: Single Anchor (£24.5m-£25.0m),24.5,87.61,19.009,82.55,385.5,372.99,12.51,20.29,2.26,89.5,0.0,-0.1797,5,1+1+1+1+1,Calafiori (ARS) + Pau (AVL) + Vuskovic (BHA) + Gvardiol (MCI) + O'Nien (SUN),Calafiori,Pau,Vuskovic,Gvardiol,O'Nien
gw1_19,Band 3: Single Anchor (£24.5m-£25.0m),24.5,87.59,19.074,81.61,386.74,372.99,13.75,20.35,2.25,89.5,0.0,-0.0146,5,1+1+1+1+1,Calafiori (ARS) + Vuskovic (BHA) + Thomas (COV) + Justin (LEE) + Gvardiol (MCI),Calafiori,Vuskovic,Thomas,Justin,Gvardiol
gw1_19,Band 3: Single Anchor (£24.5m-£25.0m),24.5,87.58,19.042,82.01,386.12,372.99,13.13,20.32,2.25,89.5,0.0,-0.0911,5,1+1+1+1+1,Calafiori (ARS) + Vuskovic (BHA) + Justin (LEE) + Gvardiol (MCI) + O'Nien (SUN),Calafiori,Vuskovic,Justin,Gvardiol,O'Nien
gw1_19,Band 3: Single Anchor (£24.5m-£25.0m),25.0,87.57,19.47,76.17,396.96,384.69,12.27,20.89,2.28,78.9,0.0,-0.1017,5,1+1+1+1+1,Calafiori (ARS) + Vuskovic (BHA) + Ajayi (HUL) + O'Reilly (MCI) + O'Nien (SUN),Calafiori,Vuskovic,Ajayi,O'Reilly,O'Nien
gw1_19,Band 3: Single Anchor (£24.5m-£25.0m),25.0,87.56,18.608,87.88,380.58,367.18,13.41,20.03,2.23,100.0,0.0,-0.1101,5,1+1+1+1+1,Calafiori (ARS) + Vuskovic (BHA) + Greaves (IPS) + Justin (LEE) + Guéhi (MCI),Calafiori,Vuskovic,Greaves,Justin,Guéhi
gw1_19,Band 3: Single Anchor (£24.5m-£25.0m),25.0,87.55,18.586,88.16,380.18,368.11,12.07,20.01,2.07,94.7,21.1,0.004,3,2+2+1,Calafiori (ARS) + De Cuyper (BHA) + Vuskovic (BHA) + Smith (BOU) + Hill (BOU),Calafiori,De Cuyper,Vuskovic,Smith,Hill
gw1_19,Band 3: Single Anchor (£24.5m-£25.0m),25.0,87.54,18.77,85.62,383.67,372.99,10.68,20.19,2.23,94.7,0.0,-0.1537,5,1+1+1+1+1,Calafiori (ARS) + Vuskovic (BHA) + Mingueza (CRY) + Gvardiol (MCI) + Hume (SUN),Calafiori,Vuskovic,Mingueza,Gvardiol,Hume
gw1_19,Band 3: Single Anchor (£24.5m-£25.0m),25.0,87.53,18.246,92.73,373.72,361.12,12.6,19.67,1.99,100.0,5.3,-0.0305,4,2+1+1+1,Calafiori (ARS) + J.Timber (ARS) + De Cuyper (BHA) + Thomas (COV) + Aina (NFO),Calafiori,J.Timber,De Cuyper,Thomas,Aina
gw1_19,Band 3: Single Anchor (£24.5m-£25.0m),24.5,87.53,19.046,81.83,386.2,372.99,13.21,20.33,2.25,89.5,0.0,-0.0509,5,1+1+1+1+1,Calafiori (ARS) + Vuskovic (BHA) + Ajayi (HUL) + Justin (LEE) + Gvardiol (MCI),Calafiori,Vuskovic,Ajayi,Justin,Gvardiol
gw1_19,Band 4: Premium / Dual Anchor (£25.5m-£26.0m),25.5,95.35,19.68,92.73,403.66,390.26,13.4,21.25,1.99,100.0,5.3,-0.0305,4,2+1+1+1,Calafiori (ARS) + J.Timber (ARS) + Vuskovic (BHA) + Thomas (COV) + Aina (NFO),Calafiori,J.Timber,Vuskovic,Thomas,Aina
gw1_19,Band 4: Premium / Dual Anchor (£25.5m-£26.0m),25.5,95.28,19.633,93.19,402.77,390.26,12.51,21.2,1.99,100.0,5.3,-0.0925,4,2+1+1+1,Calafiori (ARS) + J.Timber (ARS) + Pau (AVL) + Vuskovic (BHA) + O'Nien (SUN),Calafiori,J.Timber,Pau,Vuskovic,O'Nien
gw1_19,Band 4: Premium / Dual Anchor (£25.5m-£26.0m),25.5,95.21,19.658,92.68,403.25,390.26,12.98,21.22,1.99,100.0,5.3,-0.0237,4,2+1+1+1,Calafiori (ARS) + J.Timber (ARS) + Vuskovic (BHA) + Thomas (COV) + Hume (SUN),Calafiori,J.Timber,Vuskovic,Thomas,Hume
gw1_19,Band 4: Premium / Dual Anchor (£25.5m-£26.0m),25.5,95.15,19.634,92.86,402.79,390.26,12.53,21.2,1.97,100.0,5.3,-0.0485,4,2+1+1+1,Calafiori (ARS) + J.Timber (ARS) + Vuskovic (BHA) + Castagne (FUL) + Greaves (IPS),Calafiori,J.Timber,Vuskovic,Castagne,Greaves
gw1_19,Band 4: Premium / Dual Anchor (£25.5m-£26.0m),25.5,95.12,19.681,92.15,403.68,390.26,13.42,21.25,1.97,100.0,5.3,0.047,4,2+1+1+1,Calafiori (ARS) + J.Timber (ARS) + Vuskovic (BHA) + Greaves (IPS) + Justin (LEE),Calafiori,J.Timber,Vuskovic,Greaves,Justin
gw1_19,Band 4: Premium / Dual Anchor (£25.5m-£26.0m),25.5,95.12,19.629,92.85,402.69,390.26,12.43,21.19,1.99,100.0,5.3,-0.0473,4,2+1+1+1,Calafiori (ARS) + J.Timber (ARS) + Vuskovic (BHA) + Greaves (IPS) + Hume (SUN),Calafiori,J.Timber,Vuskovic,Greaves,Hume
gw1_19,Band 4: Premium / Dual Anchor (£25.5m-£26.0m),25.5,95.1,19.638,92.69,402.85,390.26,12.59,21.2,1.97,100.0,5.3,-0.0247,4,2+1+1+1,Calafiori (ARS) + J.Timber (ARS) + Pau (AVL) + Vuskovic (BHA) + Ajayi (HUL),Calafiori,J.Timber,Pau,Vuskovic,Ajayi
gw1_19,Band 4: Premium / Dual Anchor (£25.5m-£26.0m),25.5,95.07,19.629,92.73,402.7,390.26,12.43,21.19,1.87,100.0,21.1,-0.0301,4,2+1+1+1,Calafiori (ARS) + J.Timber (ARS) + Vuskovic (BHA) + Smith (BOU) + Greaves (IPS),Calafiori,J.Timber,Vuskovic,Smith,Greaves
gw1_19,Band 4: Premium / Dual Anchor (£25.5m-£26.0m),25.5,95.02,19.699,91.66,404.01,390.26,13.75,21.26,1.97,100.0,5.3,0.1126,4,2+1+1+1,Calafiori (ARS) + J.Timber (ARS) + Vuskovic (BHA) + Thomas (COV) + Justin (LEE),Calafiori,J.Timber,Vuskovic,Thomas,Justin
gw1_19,Band 4: Premium / Dual Anchor (£25.5m-£26.0m),25.5,95.0,19.656,92.19,403.21,390.26,12.95,21.22,1.89,100.0,21.1,0.0411,4,2+1+1+1,Calafiori (ARS) + J.Timber (ARS) + Vuskovic (BHA) + Smith (BOU) + Thomas (COV),Calafiori,J.Timber,Vuskovic,Smith,Thomas
gw1_19,Band 4: Premium / Dual Anchor (£25.5m-£26.0m),25.5,94.99,19.643,92.34,402.96,390.26,12.7,21.21,1.98,100.0,10.5,0.0217,4,2+1+1+1,Calafiori (ARS) + J.Timber (ARS) + Vuskovic (BHA) + Greaves (IPS) + Heaven (MUN),Calafiori,J.Timber,Vuskovic,Greaves,Heaven
gw1_19,Band 4: Premium / Dual Anchor (£25.5m-£26.0m),25.5,94.95,19.663,91.97,403.34,390.26,13.08,21.23,1.97,100.0,5.3,0.0702,4,2+1+1+1,Calafiori (ARS) + J.Timber (ARS) + Vuskovic (BHA) + Thomas (COV) + Castagne (FUL),Calafiori,J.Timber,Vuskovic,Thomas,Castagne
gw1_19,Band 4: Premium / Dual Anchor (£25.5m-£26.0m),25.5,94.95,19.674,91.82,403.55,390.26,13.28,21.24,1.98,100.0,10.5,0.0912,4,2+1+1+1,Calafiori (ARS) + J.Timber (ARS) + Vuskovic (BHA) + Thomas (COV) + Heaven (MUN),Calafiori,J.Timber,Vuskovic,Thomas,Heaven
gw1_19,Band 4: Premium / Dual Anchor (£25.5m-£26.0m),25.5,94.91,19.588,92.88,401.92,390.26,11.65,21.15,1.98,100.0,10.5,-0.0503,4,2+1+1+1,Calafiori (ARS) + J.Timber (ARS) + Vuskovic (BHA) + Mingueza (CRY) + O'Nien (SUN),Calafiori,J.Timber,Vuskovic,Mingueza,O'Nien
gw1_19,Band 4: Premium / Dual Anchor (£25.5m-£26.0m),25.5,94.89,19.67,91.73,403.47,390.26,13.21,21.24,1.97,100.0,5.3,0.1024,4,2+1+1+1,Calafiori (ARS) + J.Timber (ARS) + Vuskovic (BHA) + Ajayi (HUL) + Justin (LEE),Calafiori,J.Timber,Vuskovic,Ajayi,Justin
gw1_19,Band 4: Premium / Dual Anchor (£25.5m-£26.0m),25.5,94.87,19.595,92.69,402.05,390.26,11.79,21.16,1.89,100.0,21.1,-0.0259,4,2+1+1+1,Calafiori (ARS) + J.Timber (ARS) + Vuskovic (BHA) + Smith (BOU) + O'Nien (SUN),Calafiori,J.Timber,Vuskovic,Smith,O'Nien
gw1_19,Band 4: Premium / Dual Anchor (£25.5m-£26.0m),25.5,94.73,19.6,92.28,402.14,390.26,11.88,21.17,1.89,100.0,21.1,0.029,4,2+1+1+1,Calafiori (ARS) + J.Timber (ARS) + Vuskovic (BHA) + Smith (BOU) + Ajayi (HUL),Calafiori,J.Timber,Vuskovic,Smith,Ajayi
gw1_19,Band 4: Premium / Dual Anchor (£25.5m-£26.0m),25.5,94.72,19.594,92.34,402.03,390.26,11.77,21.16,1.96,100.0,10.5,0.022,4,2+1+1+1,Calafiori (ARS) + J.Timber (ARS) + Vuskovic (BHA) + Mingueza (CRY) + Ajayi (HUL),Calafiori,J.Timber,Vuskovic,Mingueza,Ajayi
gw1_19,Band 4: Premium / Dual Anchor (£25.5m-£26.0m),26.0,94.65,19.595,92.15,404.74,390.26,14.48,21.3,1.97,100.0,5.3,0.047,4,2+1+1+1,Calafiori (ARS) + J.Timber (ARS) + Vuskovic (BHA) + Greaves (IPS) + Muharemović (LEE),Calafiori,J.Timber,Vuskovic,Greaves,Muharemović
gw1_19,Band 4: Premium / Dual Anchor (£25.5m-£26.0m),26.0,94.65,19.522,93.14,403.36,390.26,13.09,21.23,1.95,100.0,5.3,-0.085,4,2+1+1+1,Calafiori (ARS) + J.Timber (ARS) + Vuskovic (BHA) + Greaves (IPS) + Jacquet (LIV),Calafiori,J.Timber,Vuskovic,Greaves,Jacquet
gw1_19,Band 4: Premium / Dual Anchor (£25.5m-£26.0m),25.5,94.62,19.618,91.77,402.47,390.26,12.21,21.18,1.98,100.0,10.5,0.0971,4,2+1+1+1,Calafiori (ARS) + J.Timber (ARS) + Vuskovic (BHA) + Ajayi (HUL) + Heaven (MUN),Calafiori,J.Timber,Vuskovic,Ajayi,Heaven
gw1_19,Band 4: Premium / Dual Anchor (£25.5m-£26.0m),26.0,94.62,19.545,92.77,403.79,390.26,13.53,21.25,1.96,100.0,5.3,-0.0356,4,2+1+1+1,Calafiori (ARS) + J.Timber (ARS) + Vuskovic (BHA) + Thomas (COV) + Jacquet (LIV),Calafiori,J.Timber,Vuskovic,Thomas,Jacquet
gw1_19,Band 4: Premium / Dual Anchor (£25.5m-£26.0m),26.0,94.58,19.543,92.68,403.76,390.26,13.49,21.25,1.99,100.0,5.3,-0.0237,4,2+1+1+1,Calafiori (ARS) + J.Timber (ARS) + Vuskovic (BHA) + Thomas (COV) + Ballard (SUN),Calafiori,J.Timber,Vuskovic,Thomas,Ballard
gw1_19,Band 4: Premium / Dual Anchor (£25.5m-£26.0m),26.0,94.56,19.525,92.88,403.42,390.26,13.16,21.23,1.98,100.0,10.5,-0.0503,4,2+1+1+1,Calafiori (ARS) + J.Timber (ARS) + Vuskovic (BHA) + Canvot (CRY) + O'Nien (SUN),Calafiori,J.Timber,Vuskovic,Canvot,O'Nien
gw1_19,Band 4: Premium / Dual Anchor (£25.5m-£26.0m),26.0,94.51,19.526,92.73,403.44,390.26,13.17,21.23,1.99,100.0,5.3,-0.0305,4,2+1+1+1,Calafiori (ARS) + J.Timber (ARS) + Vuskovic (BHA) + Thomas (COV) + N.Williams (NFO),Calafiori,J.Timber,Vuskovic,Thomas,N.Williams
gw1_19,Band 4: Premium / Dual Anchor (£25.5m-£26.0m),26.0,94.51,19.517,92.85,403.27,390.26,13.0,21.22,1.99,100.0,5.3,-0.0473,4,2+1+1+1,Calafiori (ARS) + J.Timber (ARS) + Vuskovic (BHA) + Greaves (IPS) + Ballard (SUN),Calafiori,J.Timber,Vuskovic,Greaves,Ballard
gw1_19,Band 4: Premium / Dual Anchor (£25.5m-£26.0m),26.0,94.5,19.604,91.66,404.91,390.26,14.65,21.31,1.97,100.0,5.3,0.1126,4,2+1+1+1,Calafiori (ARS) + J.Timber (ARS) + Vuskovic (BHA) + Thomas (COV) + Muharemović (LEE),Calafiori,J.Timber,Vuskovic,Thomas,Muharemović
gw1_19,Band 4: Premium / Dual Anchor (£25.5m-£26.0m),26.0,94.43,19.585,91.73,404.57,390.26,14.3,21.29,1.97,100.0,5.3,0.1024,4,2+1+1+1,Calafiori (ARS) + J.Timber (ARS) + Vuskovic (BHA) + Ajayi (HUL) + Muharemović (LEE),Calafiori,J.Timber,Vuskovic,Ajayi,Muharemović
gw1_19,Band 4: Premium / Dual Anchor (£25.5m-£26.0m),26.0,94.39,19.471,93.19,402.38,390.26,12.12,21.18,1.99,100.0,5.3,-0.0925,4,2+1+1+1,Calafiori (ARS) + J.Timber (ARS) + Pau (AVL) + Vuskovic (BHA) + Hume (SUN),Calafiori,J.Timber,Pau,Vuskovic,Hume
gw1_19,Band 4: Premium / Dual Anchor (£25.5m-£26.0m),26.0,94.35,19.526,92.34,403.45,390.26,13.18,21.23,1.96,100.0,10.5,0.022,4,2+1+1+1,Calafiori (ARS) + J.Timber (ARS) + Vuskovic (BHA) + Canvot (CRY) + Ajayi (HUL),Calafiori,J.Timber,Vuskovic,Canvot,Ajayi
gw1_19,Band 4: Premium / Dual Anchor (£25.5m-£26.0m),26.0,94.34,19.534,92.21,403.59,390.26,13.33,21.24,1.97,100.0,5.3,0.0382,4,2+1+1+1,Calafiori (ARS) + J.Timber (ARS) + Pau (AVL) + Vuskovic (BHA) + Justin (LEE),Calafiori,J.Timber,Pau,Vuskovic,Justin
gw1_19,Band 4: Premium / Dual Anchor (£25.5m-£26.0m),26.0,94.33,19.504,92.59,403.02,390.26,12.76,21.21,1.97,100.0,5.3,-0.0118,4,2+1+1+1,Calafiori (ARS) + J.Timber (ARS) + Vuskovic (BHA) + Ajayi (HUL) + Jacquet (LIV),Calafiori,J.Timber,Vuskovic,Ajayi,Jacquet
gw1_19,Band 4: Premium / Dual Anchor (£25.5m-£26.0m),26.0,94.32,19.537,92.11,403.65,390.26,13.39,21.24,1.96,100.0,10.5,0.0526,4,2+1+1+1,Calafiori (ARS) + J.Timber (ARS) + Vuskovic (BHA) + Greaves (IPS) + Thiaw (NEW),Calafiori,J.Timber,Vuskovic,Greaves,Thiaw
gw1_19,Band 4: Premium / Dual Anchor (£25.5m-£26.0m),25.5,94.31,19.683,90.1,403.72,390.26,13.46,21.25,1.98,94.7,5.3,-0.0312,4,2+1+1+1,Calafiori (ARS) + J.Timber (ARS) + Pau (AVL) + Vuskovic (BHA) + Thomas (COV),Calafiori,J.Timber,Pau,Vuskovic,Thomas
gw1_19,Band 4: Premium / Dual Anchor (£25.5m-£26.0m),25.5,94.3,19.632,90.76,402.75,390.26,12.48,21.2,1.99,94.7,5.3,-0.1194,4,2+1+1+1,Calafiori (ARS) + J.Timber (ARS) + Vuskovic (BHA) + Greaves (IPS) + Robertson (TOT),Calafiori,J.Timber,Vuskovic,Greaves,Robertson
gw1_19,Band 4: Premium / Dual Anchor (£25.5m-£26.0m),26.0,94.24,19.506,92.34,403.05,390.26,12.79,21.21,1.98,100.0,10.5,0.0217,4,2+1+1+1,Calafiori (ARS) + J.Timber (ARS) + Vuskovic (BHA) + Greaves (IPS) + Dalot (MUN),Calafiori,J.Timber,Vuskovic,Greaves,Dalot
gw1_19,Band 4: Premium / Dual Anchor (£25.5m-£26.0m),26.0,94.2,19.523,92.01,403.37,390.26,13.11,21.23,1.99,100.0,10.5,0.065,4,2+1+1+1,Calafiori (ARS) + J.Timber (ARS) + Vuskovic (BHA) + Colwill (CHE) + Thomas (COV),Calafiori,J.Timber,Vuskovic,Colwill,Thomas
gw1_19,Band 4: Premium / Dual Anchor (£25.5m-£26.0m),25.5,94.2,19.661,90.13,403.3,390.26,13.04,21.23,1.99,94.7,5.3,-0.0346,4,2+1+1+1,Calafiori (ARS) + J.Timber (ARS) + Vuskovic (BHA) + Thomas (COV) + Robertson (TOT),Calafiori,J.Timber,Vuskovic,Thomas,Robertson
gw1_19,Band 4: Premium / Dual Anchor (£25.5m-£26.0m),26.0,94.2,19.536,91.82,403.63,390.26,13.37,21.24,1.98,100.0,10.5,0.0912,4,2+1+1+1,Calafiori (ARS) + J.Timber (ARS) + Vuskovic (BHA) + Thomas (COV) + Dalot (MUN),Calafiori,J.Timber,Vuskovic,Thomas,Dalot
gw1_19,Band 4: Premium / Dual Anchor (£25.5m-£26.0m),25.5,94.09,19.652,89.96,403.13,390.26,12.86,21.22,2.0,94.7,5.3,-0.0121,4,2+1+1+1,Calafiori (ARS) + J.Timber (ARS) + Vuskovic (BHA) + Greaves (IPS) + Aina (NFO),Calafiori,J.Timber,Vuskovic,Greaves,Aina
gw1_19,Band 4: Premium / Dual Anchor (£25.5m-£26.0m),26.0,94.02,19.553,91.14,403.96,390.26,13.69,21.26,1.97,100.0,10.5,0.1818,4,2+1+1+1,Calafiori (ARS) + J.Timber (ARS) + Vuskovic (BHA) + Thomas (COV) + Thiaw (NEW),Calafiori,J.Timber,Vuskovic,Thomas,Thiaw
gw1_19,Band 4: Premium / Dual Anchor (£25.5m-£26.0m),25.5,94.01,19.663,89.61,403.34,390.26,13.08,21.23,2.0,94.7,5.3,0.0349,4,2+1+1+1,Calafiori (ARS) + J.Timber (ARS) + Vuskovic (BHA) + Kayode (BRE) + Thomas (COV),Calafiori,J.Timber,Vuskovic,Kayode,Thomas
gw1_19,Band 4: Premium / Dual Anchor (£25.5m-£26.0m),26.0,94.01,19.512,91.68,403.18,390.26,12.92,21.22,1.98,100.0,5.3,0.1089,4,2+1+1+1,Calafiori (ARS) + J.Timber (ARS) + Vuskovic (BHA) + Kayode (BRE) + Justin (LEE),Calafiori,J.Timber,Vuskovic,Kayode,Justin
gw1_19,Band 4: Premium / Dual Anchor (£25.5m-£26.0m),25.5,93.98,19.654,89.67,403.17,390.26,12.91,21.22,2.0,94.7,5.3,0.0271,4,2+1+1+1,Calafiori (ARS) + J.Timber (ARS) + Vuskovic (BHA) + Thomas (COV) + Mykolenko (EVE),Calafiori,J.Timber,Vuskovic,Thomas,Mykolenko
gw1_19,Band 4: Premium / Dual Anchor (£25.5m-£26.0m),25.5,93.96,19.604,90.3,402.21,390.26,11.95,21.17,1.99,94.7,5.3,-0.0569,4,2+1+1+1,Calafiori (ARS) + J.Timber (ARS) + Vuskovic (BHA) + Ajayi (HUL) + Robertson (TOT),Calafiori,J.Timber,Vuskovic,Ajayi,Robertson
gw1_19,Band 4: Premium / Dual Anchor (£25.5m-£26.0m),25.5,93.94,19.666,89.4,403.4,390.26,13.13,21.23,1.99,94.7,5.3,0.063,4,2+1+1+1,Calafiori (ARS) + J.Timber (ARS) + Vuskovic (BHA) + Justin (LEE) + O'Nien (SUN),Calafiori,J.Timber,Vuskovic,Justin,O'Nien
gw1_19,Band 4: Premium / Dual Anchor (£25.5m-£26.0m),26.0,93.93,19.503,91.6,403.0,390.26,12.74,21.21,1.96,100.0,10.5,0.12,4,2+1+1+1,Calafiori (ARS) + J.Timber (ARS) + Vuskovic (BHA) + Mingueza (CRY) + Justin (LEE),Calafiori,J.Timber,Vuskovic,Mingueza,Justin
gw1_19,Band 4: Premium / Dual Anchor (£25.5m-£26.0m),26.0,93.91,19.513,91.42,403.19,390.26,12.93,21.22,1.97,100.0,5.3,0.1434,4,2+1+1+1,Calafiori (ARS) + J.Timber (ARS) + Vuskovic (BHA) + Castagne (FUL) + Justin (LEE),Calafiori,J.Timber,Vuskovic,Castagne,Justin
gw1_19,Band 4: Premium / Dual Anchor (£25.5m-£26.0m),25.5,93.91,19.654,89.49,403.16,390.26,12.89,21.22,1.98,94.7,10.5,0.0508,4,2+1+1+1,Calafiori (ARS) + J.Timber (ARS) + Vuskovic (BHA) + Thomas (COV) + Mingueza (CRY),Calafiori,J.Timber,Vuskovic,Thomas,Mingueza
gw1_19,Band 4: Premium / Dual Anchor (£25.5m-£26.0m),26.0,93.9,19.485,91.77,402.67,390.26,12.4,21.19,1.98,100.0,10.5,0.0971,4,2+1+1+1,Calafiori (ARS) + J.Timber (ARS) + Vuskovic (BHA) + Ajayi (HUL) + Dalot (MUN),Calafiori,J.Timber,Vuskovic,Ajayi,Dalot
gw1_3,Band 1: Budget (£20.5m-£22.5m),22.5,85.99,18.584,84.3,57.89,55.93,1.96,19.3,2.42,100.0,0.0,-0.2044,5,1+1+1+1+1,Calafiori (ARS) + Vuskovic (BHA) + Thomas (COV) + Ajayi (HUL) + Greaves (IPS),Calafiori,Vuskovic,Thomas,Ajayi,Greaves
gw1_3,Band 1: Budget (£20.5m-£22.5m),22.5,85.07,18.374,84.85,57.26,55.3,1.96,19.09,2.38,100.0,0.0,-0.1571,5,1+1+1+1+1,Calafiori (ARS) + Vuskovic (BHA) + Ajayi (HUL) + Greaves (IPS) + O'Nien (SUN),Calafiori,Vuskovic,Ajayi,Greaves,O'Nien
gw1_3,Band 1: Budget (£20.5m-£22.5m),22.5,78.22,18.577,64.94,57.87,55.93,1.94,19.29,2.44,66.7,0.0,0.0788,5,1+1+1+1+1,Calafiori (ARS) + Vuskovic (BHA) + Thomas (COV) + Greaves (IPS) + O'Nien (SUN),Calafiori,Vuskovic,Thomas,Greaves,O'Nien
gw1_3,Band 1: Budget (£20.5m-£22.5m),22.5,77.51,18.446,64.96,57.47,55.53,1.94,19.16,2.49,66.7,0.0,-0.0618,5,1+1+1+1+1,Calafiori (ARS) + Vuskovic (BHA) + Thomas (COV) + Ajayi (HUL) + O'Nien (SUN),Calafiori,Vuskovic,Thomas,Ajayi,O'Nien
gw1_3,Band 1: Budget (£20.5m-£22.5m),22.5,76.53,16.767,85.43,52.43,50.49,1.94,17.48,2.37,100.0,0.0,-0.2133,5,1+1+1+1+1,Calafiori (ARS) + Thomas (COV) + Canvot (CRY) + Ajayi (HUL) + Greaves (IPS),Calafiori,Thomas,Canvot,Ajayi,Greaves
gw1_3,Band 1: Budget (£20.5m-£22.5m),22.5,76.09,16.594,86.68,51.91,49.98,1.93,17.3,2.32,100.0,0.0,-0.2248,5,1+1+1+1+1,Calafiori (ARS) + Kayode (BRE) + Ajayi (HUL) + Greaves (IPS) + Justin (LEE),Calafiori,Kayode,Ajayi,Greaves,Justin
gw1_3,Band 1: Budget (£20.5m-£22.5m),22.5,76.06,16.603,86.48,51.94,49.98,1.96,17.31,2.31,100.0,0.0,-0.1757,5,1+1+1+1+1,Calafiori (ARS) + Ajayi (HUL) + Greaves (IPS) + Justin (LEE) + Heaven (MUN),Calafiori,Ajayi,Greaves,Justin,Heaven
gw1_3,Band 1: Budget (£20.5m-£22.5m),22.5,75.88,16.579,86.34,51.87,49.98,1.89,17.29,2.33,100.0,0.0,-0.2001,5,1+1+1+1+1,Calafiori (ARS) + Mingueza (CRY) + Ajayi (HUL) + Greaves (IPS) + Justin (LEE),Calafiori,Mingueza,Ajayi,Greaves,Justin
gw1_3,Band 1: Budget (£20.5m-£22.5m),22.5,75.76,16.504,87.09,51.65,49.72,1.93,17.22,2.31,100.0,0.0,-0.2487,5,1+1+1+1+1,Calafiori (ARS) + Thomas (COV) + Greaves (IPS) + Heaven (MUN) + Aina (NFO),Calafiori,Thomas,Greaves,Heaven,Aina
gw1_3,Band 1: Budget (£20.5m-£22.5m),22.5,75.62,16.405,88.08,51.35,49.48,1.87,17.12,2.27,100.0,0.0,-0.2413,5,1+1+1+1+1,Calafiori (ARS) + Kayode (BRE) + Thomas (COV) + Greaves (IPS) + Heaven (MUN),Calafiori,Kayode,Thomas,Greaves,Heaven
gw1_3,Band 1: Budget (£20.5m-£22.5m),22.0,75.59,16.571,85.73,51.42,49.52,1.9,17.14,2.36,100.0,0.0,-0.2327,5,1+1+1+1+1,Calafiori (ARS) + Kayode (BRE) + Thomas (COV) + Ajayi (HUL) + Greaves (IPS),Calafiori,Kayode,Thomas,Ajayi,Greaves
gw1_3,Band 1: Budget (£20.5m-£22.5m),22.0,75.58,16.593,85.41,51.49,49.54,1.94,17.16,2.36,100.0,0.0,-0.1677,5,1+1+1+1+1,Calafiori (ARS) + Thomas (COV) + Ajayi (HUL) + Greaves (IPS) + Heaven (MUN),Calafiori,Thomas,Ajayi,Greaves,Heaven
gw1_3,Band 1: Budget (£20.5m-£22.5m),22.5,75.57,16.548,86.01,51.78,49.84,1.94,17.26,2.33,100.0,0.0,-0.1704,5,1+1+1+1+1,Calafiori (ARS) + Canvot (CRY) + Ajayi (HUL) + Greaves (IPS) + O'Nien (SUN),Calafiori,Canvot,Ajayi,Greaves,O'Nien
gw1_3,Band 1: Budget (£20.5m-£22.5m),22.5,75.56,16.605,85.2,51.95,49.98,1.97,17.32,2.37,100.0,0.0,-0.1896,5,1+1+1+1+1,Calafiori (ARS) + De Cuyper (BHA) + Ajayi (HUL) + Greaves (IPS) + Justin (LEE),Calafiori,De Cuyper,Ajayi,Greaves,Justin
gw1_3,Band 1: Budget (£20.5m-£22.5m),22.5,75.41,16.388,87.78,51.3,49.48,1.81,17.1,2.27,100.0,0.0,-0.2226,5,1+1+1+1+1,Calafiori (ARS) + Thomas (COV) + Mingueza (CRY) + Greaves (IPS) + Heaven (MUN),Calafiori,Thomas,Mingueza,Greaves,Heaven
gw1_3,Band 1: Budget (£20.5m-£22.5m),22.0,75.37,16.553,85.43,51.37,49.52,1.84,17.12,2.37,100.0,0.0,-0.2133,5,1+1+1+1+1,Calafiori (ARS) + Thomas (COV) + Mingueza (CRY) + Ajayi (HUL) + Greaves (IPS),Calafiori,Thomas,Mingueza,Ajayi,Greaves
gw1_3,Band 1: Budget (£20.5m-£22.5m),22.5,75.36,16.413,87.3,51.37,49.52,1.86,17.12,2.28,100.0,0.0,-0.1702,5,1+1+1+1+1,Calafiori (ARS) + Thomas (COV) + Greaves (IPS) + Heaven (MUN) + Robertson (TOT),Calafiori,Thomas,Greaves,Heaven,Robertson
gw1_3,Band 1: Budget (£20.5m-£22.5m),22.5,75.3,16.449,86.66,51.48,49.56,1.93,17.16,2.32,100.0,0.0,-0.2148,5,1+1+1+1+1,Calafiori (ARS) + De Cuyper (BHA) + Thomas (COV) + Greaves (IPS) + Heaven (MUN),Calafiori,De Cuyper,Thomas,Greaves,Heaven
gw1_3,Band 1: Budget (£20.5m-£22.5m),22.0,75.21,16.606,84.3,51.53,49.58,1.95,17.18,2.42,100.0,0.0,-0.2044,5,1+1+1+1+1,Calafiori (ARS) + De Cuyper (BHA) + Thomas (COV) + Ajayi (HUL) + Greaves (IPS),Calafiori,De Cuyper,Thomas,Ajayi,Greaves
gw1_3,Band 1: Budget (£20.5m-£22.5m),22.5,75.2,16.523,85.41,51.7,49.75,1.95,17.23,2.36,100.0,0.0,-0.1677,5,1+1+1+1+1,Calafiori (ARS) + Thomas (COV) + Ajayi (HUL) + Greaves (IPS) + Dalot (MUN),Calafiori,Thomas,Ajayi,Greaves,Dalot
gw1_3,Band 1: Budget (£20.5m-£22.5m),22.5,75.12,16.397,86.94,51.33,49.48,1.84,17.11,2.27,100.0,0.0,-0.0933,5,1+1+1+1+1,Calafiori (ARS) + Thomas (COV) + Castagne (FUL) + Greaves (IPS) + Heaven (MUN),Calafiori,Thomas,Castagne,Greaves,Heaven
gw1_3,Band 1: Budget (£20.5m-£22.5m),22.5,75.01,16.432,86.18,51.43,49.56,1.87,17.14,2.34,100.0,0.0,-0.2058,5,1+1+1+1+1,Calafiori (ARS) + De Cuyper (BHA) + Thomas (COV) + Greaves (IPS) + Robertson (TOT),Calafiori,De Cuyper,Thomas,Greaves,Robertson
gw1_3,Band 1: Budget (£20.5m-£22.5m),22.5,75.0,16.325,87.61,51.11,49.3,1.81,17.04,2.28,100.0,0.0,-0.2338,5,1+1+1+1+1,Calafiori (ARS) + Kayode (BRE) + Thomas (COV) + Greaves (IPS) + Robertson (TOT),Calafiori,Kayode,Thomas,Greaves,Robertson
gw1_3,Band 1: Budget (£20.5m-£22.5m),22.5,74.83,16.426,85.81,51.41,49.56,1.85,17.14,2.33,100.0,0.0,-0.1276,5,1+1+1+1+1,Calafiori (ARS) + De Cuyper (BHA) + Thomas (COV) + Castagne (FUL) + Greaves (IPS),Calafiori,De Cuyper,Thomas,Castagne,Greaves
gw1_3,Band 1: Budget (£20.5m-£22.5m),22.0,74.82,16.374,86.5,50.83,48.89,1.93,16.94,2.32,100.0,0.0,-0.1924,5,1+1+1+1+1,Calafiori (ARS) + Ajayi (HUL) + Greaves (IPS) + Heaven (MUN) + O'Nien (SUN),Calafiori,Ajayi,Greaves,Heaven,O'Nien
gw1_3,Band 1: Budget (£20.5m-£22.5m),22.5,74.8,16.306,87.37,51.05,49.25,1.8,17.02,2.28,100.0,0.0,-0.1728,5,1+1+1+1+1,Calafiori (ARS) + Kayode (BRE) + Thomas (COV) + Castagne (FUL) + Greaves (IPS),Calafiori,Kayode,Thomas,Castagne,Greaves
gw1_3,Band 1: Budget (£20.5m-£22.5m),22.0,74.7,16.356,86.43,50.78,48.87,1.9,16.93,2.33,100.0,0.0,-0.2052,5,1+1+1+1+1,Calafiori (ARS) + Kayode (BRE) + Ajayi (HUL) + Greaves (IPS) + O'Nien (SUN),Calafiori,Kayode,Ajayi,Greaves,O'Nien
gw1_3,Band 1: Budget (£20.5m-£22.5m),22.5,74.68,16.248,87.86,50.88,48.95,1.93,16.96,2.27,100.0,0.0,-0.2303,5,1+1+1+1+1,Calafiori (ARS) + Greaves (IPS) + Heaven (MUN) + Aina (NFO) + O'Nien (SUN),Calafiori,Greaves,Heaven,Aina,O'Nien
gw1_3,Band 1: Budget (£20.5m-£22.5m),22.5,74.61,16.178,88.65,50.67,48.87,1.8,16.89,2.24,100.0,0.0,-0.2369,5,1+1+1+1+1,Calafiori (ARS) + Smith (BOU) + Kayode (BRE) + Ajayi (HUL) + Greaves (IPS),Calafiori,Smith,Kayode,Ajayi,Greaves
gw1_3,Band 1: Budget (£20.5m-£22.5m),22.5,74.61,16.277,87.31,50.96,49.19,1.77,16.99,2.29,100.0,0.0,-0.2146,5,1+1+1+1+1,Calafiori (ARS) + Thomas (COV) + Mingueza (CRY) + Greaves (IPS) + Robertson (TOT),Calafiori,Thomas,Mingueza,Greaves,Robertson
gw1_3,Band 1: Budget (£20.5m-£22.5m),22.5,74.59,16.203,88.26,50.74,48.89,1.85,16.91,2.23,100.0,0.0,-0.1628,5,1+1+1+1+1,Calafiori (ARS) + Smith (BOU) + Ajayi (HUL) + Greaves (IPS) + Heaven (MUN),Calafiori,Smith,Ajayi,Greaves,Heaven
gw1_3,Band 1: Budget (£20.5m-£22.5m),22.5,74.52,16.154,88.74,50.6,48.71,1.89,16.87,2.23,100.0,0.0,-0.2085,5,1+1+1+1+1,Calafiori (ARS) + Kayode (BRE) + Greaves (IPS) + Heaven (MUN) + O'Nien (SUN),Calafiori,Kayode,Greaves,Heaven,O'Nien
gw1_3,Band 1: Budget (£20.5m-£22.5m),22.5,74.49,16.219,87.79,50.79,48.89,1.9,16.93,2.27,100.0,0.0,-0.2026,5,1+1+1+1+1,Calafiori (ARS) + Kayode (BRE) + Ajayi (HUL) + Greaves (IPS) + Heaven (MUN),Calafiori,Kayode,Ajayi,Greaves,Heaven
gw1_3,Band 1: Budget (£20.5m-£22.5m),22.5,74.47,16.299,86.64,51.03,49.09,1.94,17.01,2.31,100.0,0.0,-0.1886,5,1+1+1+1+1,Calafiori (ARS) + Ajayi (HUL) + Greaves (IPS) + Heaven (MUN) + Aina (NFO),Calafiori,Ajayi,Greaves,Heaven,Aina
gw1_3,Band 1: Budget (£20.5m-£22.5m),22.0,74.45,16.342,86.01,50.73,48.87,1.86,16.91,2.33,100.0,0.0,-0.1704,5,1+1+1+1+1,Calafiori (ARS) + Mingueza (CRY) + Ajayi (HUL) + Greaves (IPS) + O'Nien (SUN),Calafiori,Mingueza,Ajayi,Greaves,O'Nien
gw1_3,Band 1: Budget (£20.5m-£22.5m),22.5,74.45,16.305,86.5,51.05,49.1,1.95,17.02,2.32,100.0,0.0,-0.1924,5,1+1+1+1+1,Calafiori (ARS) + Ajayi (HUL) + Greaves (IPS) + Dalot (MUN) + O'Nien (SUN),Calafiori,Ajayi,Greaves,Dalot,O'Nien
gw1_3,Band 1: Budget (£20.5m-£22.5m),22.5,74.39,16.186,87.99,50.69,48.87,1.82,16.9,2.27,100.0,0.0,-0.2458,5,1+1+1+1+1,Calafiori (ARS) + Kayode (BRE) + Castagne (FUL) + Ajayi (HUL) + Greaves (IPS),Calafiori,Kayode,Castagne,Ajayi,Greaves
gw1_3,Band 1: Budget (£20.5m-£22.5m),22.5,74.39,16.205,87.74,50.75,48.89,1.85,16.92,2.27,100.0,0.0,-0.2169,5,1+1+1+1+1,Calafiori (ARS) + Mingueza (CRY) + Ajayi (HUL) + Greaves (IPS) + Heaven (MUN),Calafiori,Mingueza,Ajayi,Greaves,Heaven
gw1_3,Band 1: Budget (£20.5m-£22.5m),22.5,74.35,16.15,88.37,50.58,48.87,1.71,16.86,2.25,100.0,0.0,-0.2211,5,1+1+1+1+1,Calafiori (ARS) + Smith (BOU) + Mingueza (CRY) + Ajayi (HUL) + Greaves (IPS),Calafiori,Smith,Mingueza,Ajayi,Greaves
gw1_3,Band 1: Budget (£20.5m-£22.5m),22.5,74.32,16.246,86.98,50.87,49.14,1.73,16.96,2.28,100.0,0.0,-0.1414,5,1+1+1+1+1,Calafiori (ARS) + Thomas (COV) + Mingueza (CRY) + Castagne (FUL) + Greaves (IPS),Calafiori,Thomas,Mingueza,Castagne,Greaves
gw1_3,Band 1: Budget (£20.5m-£22.5m),22.5,74.31,16.214,87.38,50.78,48.89,1.88,16.93,2.27,100.0,0.0,-0.1432,5,1+1+1+1+1,Calafiori (ARS) + Castagne (FUL) + Ajayi (HUL) + Greaves (IPS) + Heaven (MUN),Calafiori,Castagne,Ajayi,Greaves,Heaven
gw1_3,Band 1: Budget (£20.5m-£22.5m),22.5,74.27,16.139,88.33,50.55,48.71,1.85,16.85,2.23,100.0,0.0,-0.1744,5,1+1+1+1+1,Calafiori (ARS) + Mingueza (CRY) + Greaves (IPS) + Heaven (MUN) + O'Nien (SUN),Calafiori,Mingueza,Greaves,Heaven,O'Nien
gw1_3,Band 1: Budget (£20.5m-£22.5m),22.5,74.27,16.218,87.25,50.79,48.93,1.86,16.93,2.29,100.0,0.0,-0.2133,5,1+1+1+1+1,Calafiori (ARS) + De Cuyper (BHA) + Smith (BOU) + Ajayi (HUL) + Greaves (IPS),Calafiori,De Cuyper,Smith,Ajayi,Greaves
gw1_3,Band 1: Budget (£20.5m-£22.5m),22.5,74.24,16.19,87.55,50.71,48.87,1.83,16.9,2.28,100.0,0.0,-0.2258,5,1+1+1+1+1,Calafiori (ARS) + Kayode (BRE) + Ajayi (HUL) + Greaves (IPS) + Robertson (TOT),Calafiori,Kayode,Ajayi,Greaves,Robertson
gw1_3,Band 1: Budget (£20.5m-£22.5m),22.0,74.24,16.388,84.85,50.87,48.93,1.94,16.96,2.38,100.0,0.0,-0.1571,5,1+1+1+1+1,Calafiori (ARS) + De Cuyper (BHA) + Ajayi (HUL) + Greaves (IPS) + O'Nien (SUN),Calafiori,De Cuyper,Ajayi,Greaves,O'Nien
gw1_3,Band 1: Budget (£20.5m-£22.5m),22.5,74.21,16.22,87.07,50.8,48.89,1.9,16.93,2.28,100.0,0.0,-0.1391,5,1+1+1+1+1,Calafiori (ARS) + Ajayi (HUL) + Greaves (IPS) + Heaven (MUN) + Robertson (TOT),Calafiori,Ajayi,Greaves,Heaven,Robertson
gw1_3,Band 1: Budget (£20.5m-£22.5m),22.5,74.2,16.245,86.7,50.87,48.93,1.94,16.96,2.32,100.0,0.0,-0.2208,5,1+1+1+1+1,Calafiori (ARS) + De Cuyper (BHA) + Ajayi (HUL) + Greaves (IPS) + Heaven (MUN),Calafiori,De Cuyper,Ajayi,Greaves,Heaven
gw1_3,Band 1: Budget (£20.5m-£22.5m),22.5,74.19,16.312,85.77,51.07,49.16,1.91,17.02,2.36,100.0,0.0,-0.2154,5,1+1+1+1+1,Calafiori (ARS) + Pau (AVL) + Ajayi (HUL) + Greaves (IPS) + Heaven (MUN),Calafiori,Pau,Ajayi,Greaves,Heaven
gw1_3,Band 1: Budget (£20.5m-£22.5m),22.5,74.18,16.124,88.31,50.51,48.68,1.82,16.84,2.25,100.0,0.0,-0.2062,5,1+1+1+1+1,Calafiori (ARS) + Kayode (BRE) + Greaves (IPS) + O'Nien (SUN) + Robertson (TOT),Calafiori,Kayode,Greaves,O'Nien,Robertson
gw1_3,Band 1: Budget (£20.5m-£22.5m),22.5,74.17,16.157,87.84,50.61,48.87,1.73,16.87,2.28,100.0,0.0,-0.2474,5,1+1+1+1+1,Calafiori (ARS) + Mingueza (CRY) + Castagne (FUL) + Ajayi (HUL) + Greaves (IPS),Calafiori,Mingueza,Castagne,Ajayi,Greaves
gw1_3,Band 2: Mid-Value (£23.0m-£24.0m),24.0,91.03,19.35,86.43,61.47,59.46,2.01,20.49,2.31,100.0,0.0,-0.1614,5,1+1+1+1+1,Calafiori (ARS) + Vuskovic (BHA) + Greaves (IPS) + Gvardiol (MCI) + O'Nien (SUN),Calafiori,Vuskovic,Greaves,Gvardiol,O'Nien
gw1_3,Band 2: Mid-Value (£23.0m-£24.0m),24.0,90.96,19.375,85.92,61.54,59.46,2.08,20.51,2.35,100.0,0.0,-0.2145,5,1+1+1+1+1,Calafiori (ARS) + Vuskovic (BHA) + Thomas (COV) + Greaves (IPS) + Gvardiol (MCI),Calafiori,Vuskovic,Thomas,Greaves,Gvardiol
gw1_3,Band 2: Mid-Value (£23.0m-£24.0m),24.0,90.86,19.353,85.96,61.48,59.46,2.02,20.49,2.35,100.0,0.0,-0.2194,5,1+1+1+1+1,Calafiori (ARS) + Vuskovic (BHA) + Ajayi (HUL) + Greaves (IPS) + Gvardiol (MCI),Calafiori,Vuskovic,Ajayi,Greaves,Gvardiol
gw1_3,Band 2: Mid-Value (£23.0m-£24.0m),24.0,88.14,18.739,87.55,59.63,57.63,2.0,19.88,2.28,100.0,0.0,-0.1993,5,1+1+1+1+1,Calafiori (ARS) + Vuskovic (BHA) + Greaves (IPS) + Muharemović (LEE) + Heaven (MUN),Calafiori,Vuskovic,Greaves,Muharemović,Heaven
gw1_3,Band 2: Mid-Value (£23.0m-£24.0m),24.0,88.12,18.757,87.25,59.69,57.67,2.02,19.9,2.29,100.0,0.0,-0.2133,5,1+1+1+1+1,Calafiori (ARS) + Vuskovic (BHA) + Hill (BOU) + Ajayi (HUL) + Greaves (IPS),Calafiori,Vuskovic,Hill,Ajayi,Greaves
gw1_3,Band 2: Mid-Value (£23.0m-£24.0m),23.5,87.99,18.885,85.2,59.64,57.63,2.02,19.88,2.37,100.0,0.0,-0.1896,5,1+1+1+1+1,Calafiori (ARS) + Vuskovic (BHA) + Ajayi (HUL) + Greaves (IPS) + Muharemović (LEE),Calafiori,Vuskovic,Ajayi,Greaves,Muharemović
gw1_3,Band 2: Mid-Value (£23.0m-£24.0m),24.0,87.91,18.73,87.08,59.61,57.63,1.98,19.87,2.29,100.0,0.0,-0.191,5,1+1+1+1+1,Calafiori (ARS) + Vuskovic (BHA) + Greaves (IPS) + Muharemović (LEE) + Robertson (TOT),Calafiori,Vuskovic,Greaves,Muharemović,Robertson
gw1_3,Band 2: Mid-Value (£23.0m-£24.0m),24.0,87.72,18.726,86.67,59.59,57.63,1.97,19.86,2.28,100.0,0.0,-0.1079,5,1+1+1+1+1,Calafiori (ARS) + Vuskovic (BHA) + Castagne (FUL) + Greaves (IPS) + Muharemović (LEE),Calafiori,Vuskovic,Castagne,Greaves,Muharemović
gw1_3,Band 2: Mid-Value (£23.0m-£24.0m),24.0,87.51,18.715,86.29,59.56,57.63,1.93,19.85,2.35,100.0,0.0,-0.2498,5,1+1+1+1+1,Calafiori (ARS) + Vuskovic (BHA) + Kayode (BRE) + Ajayi (HUL) + Muharemović (LEE),Calafiori,Vuskovic,Kayode,Ajayi,Muharemović
gw1_3,Band 2: Mid-Value (£23.0m-£24.0m),24.0,87.44,18.724,85.98,59.59,57.63,1.96,19.86,2.34,100.0,0.0,-0.1867,5,1+1+1+1+1,Calafiori (ARS) + Vuskovic (BHA) + Ajayi (HUL) + Muharemović (LEE) + Heaven (MUN),Calafiori,Vuskovic,Ajayi,Muharemović,Heaven
gw1_3,Band 2: Mid-Value (£23.0m-£24.0m),24.0,87.4,18.705,86.16,59.53,57.63,1.9,19.84,2.31,100.0,0.0,-0.1117,5,1+1+1+1+1,Calafiori (ARS) + Vuskovic (BHA) + Kayode (BRE) + Muharemović (LEE) + O'Nien (SUN),Calafiori,Vuskovic,Kayode,Muharemović,O'Nien
gw1_3,Band 2: Mid-Value (£23.0m-£24.0m),24.0,87.36,18.745,85.52,59.65,57.63,2.02,19.88,2.34,100.0,0.0,-0.1245,5,1+1+1+1+1,Calafiori (ARS) + Vuskovic (BHA) + Thomas (COV) + Muharemović (LEE) + Heaven (MUN),Calafiori,Vuskovic,Thomas,Muharemović,Heaven
gw1_3,Band 2: Mid-Value (£23.0m-£24.0m),24.0,87.34,18.701,86.08,59.52,57.63,1.89,19.84,2.35,100.0,0.0,-0.2427,5,1+1+1+1+1,Calafiori (ARS) + Vuskovic (BHA) + Mingueza (CRY) + Ajayi (HUL) + Muharemović (LEE),Calafiori,Vuskovic,Mingueza,Ajayi,Muharemović
gw1_3,Band 2: Mid-Value (£23.0m-£24.0m),24.0,87.33,18.729,85.65,59.6,57.63,1.98,19.87,2.35,100.0,0.0,-0.1646,5,1+1+1+1+1,Calafiori (ARS) + Vuskovic (BHA) + Kayode (BRE) + Thomas (COV) + Muharemović (LEE),Calafiori,Vuskovic,Kayode,Thomas,Muharemović
gw1_3,Band 2: Mid-Value (£23.0m-£24.0m),24.0,87.2,18.716,85.51,59.56,57.63,1.94,19.85,2.34,100.0,0.0,-0.1237,5,1+1+1+1+1,Calafiori (ARS) + Vuskovic (BHA) + Muharemović (LEE) + Heaven (MUN) + O'Nien (SUN),Calafiori,Vuskovic,Muharemović,Heaven,O'Nien
gw1_3,Band 2: Mid-Value (£23.0m-£24.0m),24.0,87.17,18.398,89.78,58.61,56.6,2.0,19.54,2.19,100.0,0.0,-0.2129,5,1+1+1+1+1,Calafiori (ARS) + Vuskovic (BHA) + Greaves (IPS) + Heaven (MUN) + Thiaw (NEW),Calafiori,Vuskovic,Greaves,Heaven,Thiaw
gw1_3,Band 2: Mid-Value (£23.0m-£24.0m),24.0,87.09,18.69,85.59,59.49,57.63,1.86,19.83,2.31,100.0,0.0,-0.0562,5,1+1+1+1+1,Calafiori (ARS) + Vuskovic (BHA) + Mingueza (CRY) + Muharemović (LEE) + O'Nien (SUN),Calafiori,Vuskovic,Mingueza,Muharemović,O'Nien
gw1_3,Band 2: Mid-Value (£23.0m-£24.0m),24.0,87.05,18.727,84.98,59.6,57.63,1.97,19.87,2.4,100.0,0.0,-0.2384,4,2+1+1+1,Calafiori (ARS) + De Cuyper (BHA) + Vuskovic (BHA) + Ajayi (HUL) + Muharemović (LEE),Calafiori,De Cuyper,Vuskovic,Ajayi,Muharemović
gw1_3,Band 2: Mid-Value (£23.0m-£24.0m),24.0,87.05,18.711,85.19,59.55,57.63,1.92,19.85,2.35,100.0,0.0,-0.1245,5,1+1+1+1+1,Calafiori (ARS) + Vuskovic (BHA) + Thomas (COV) + Mingueza (CRY) + Muharemović (LEE),Calafiori,Vuskovic,Thomas,Mingueza,Muharemović
gw1_3,Band 2: Mid-Value (£23.0m-£24.0m),23.5,87.02,18.544,87.41,58.62,56.6,2.02,19.54,2.28,100.0,0.0,-0.2025,5,1+1+1+1+1,Calafiori (ARS) + Vuskovic (BHA) + Ajayi (HUL) + Greaves (IPS) + Thiaw (NEW),Calafiori,Vuskovic,Ajayi,Greaves,Thiaw
gw1_3,Band 2: Mid-Value (£23.0m-£24.0m),24.0,87.01,18.305,90.64,58.33,56.37,1.96,19.44,2.06,100.0,0.0,0.0535,4,2+1+1+1,Calafiori (ARS) + J.Timber (ARS) + Thomas (COV) + Ajayi (HUL) + Greaves (IPS),Calafiori,J.Timber,Thomas,Ajayi,Greaves
gw1_3,Band 2: Mid-Value (£23.0m-£24.0m),24.0,86.94,18.39,89.3,58.58,56.6,1.98,19.53,2.2,100.0,0.0,-0.2039,5,1+1+1+1+1,Calafiori (ARS) + Vuskovic (BHA) + Greaves (IPS) + Thiaw (NEW) + Robertson (TOT),Calafiori,Vuskovic,Greaves,Thiaw,Robertson
gw1_3,Band 2: Mid-Value (£23.0m-£24.0m),24.0,86.78,18.749,84.01,59.66,57.63,2.03,19.89,2.4,100.0,0.0,-0.1085,4,2+1+1+1,Calafiori (ARS) + De Cuyper (BHA) + Vuskovic (BHA) + Thomas (COV) + Muharemović (LEE),Calafiori,De Cuyper,Vuskovic,Thomas,Muharemović
gw1_3,Band 2: Mid-Value (£23.0m-£24.0m),24.0,86.77,18.72,84.37,59.58,57.63,1.95,19.86,2.36,100.0,0.0,-0.0358,4,2+1+1+1,Calafiori (ARS) + De Cuyper (BHA) + Vuskovic (BHA) + Muharemović (LEE) + O'Nien (SUN),Calafiori,De Cuyper,Vuskovic,Muharemović,O'Nien
gw1_3,Band 2: Mid-Value (£23.0m-£24.0m),24.0,86.76,18.385,88.92,58.57,56.6,1.97,19.52,2.19,100.0,0.0,-0.125,5,1+1+1+1+1,Calafiori (ARS) + Vuskovic (BHA) + Castagne (FUL) + Greaves (IPS) + Thiaw (NEW),Calafiori,Vuskovic,Castagne,Greaves,Thiaw
gw1_3,Band 2: Mid-Value (£23.0m-£24.0m),24.0,86.75,18.46,87.87,58.79,56.85,1.95,19.6,2.26,100.0,0.0,-0.1776,5,1+1+1+1+1,Calafiori (ARS) + Vuskovic (BHA) + Kayode (BRE) + Thomas (COV) + Thiaw (NEW),Calafiori,Vuskovic,Kayode,Thomas,Thiaw
gw1_3,Band 2: Mid-Value (£23.0m-£24.0m),24.0,86.74,18.476,87.63,58.84,56.85,1.99,19.61,2.25,100.0,0.0,-0.1237,5,1+1+1+1+1,Calafiori (ARS) + Vuskovic (BHA) + Thomas (COV) + Heaven (MUN) + Thiaw (NEW),Calafiori,Vuskovic,Thomas,Heaven,Thiaw
gw1_3,Band 2: Mid-Value (£23.0m-£24.0m),24.0,86.5,18.374,88.41,58.54,56.6,1.93,19.51,2.26,100.0,0.0,-0.2496,5,1+1+1+1+1,Calafiori (ARS) + Vuskovic (BHA) + Kayode (BRE) + Ajayi (HUL) + Thiaw (NEW),Calafiori,Vuskovic,Kayode,Ajayi,Thiaw
gw1_3,Band 2: Mid-Value (£23.0m-£24.0m),24.0,86.48,18.442,87.45,58.74,56.85,1.89,19.58,2.26,100.0,0.0,-0.1422,5,1+1+1+1+1,Calafiori (ARS) + Vuskovic (BHA) + Thomas (COV) + Mingueza (CRY) + Thiaw (NEW),Calafiori,Vuskovic,Thomas,Mingueza,Thiaw
gw1_3,Band 2: Mid-Value (£23.0m-£24.0m),24.0,86.45,18.364,88.44,58.51,56.6,1.9,19.5,2.22,100.0,0.0,-0.1319,5,1+1+1+1+1,Calafiori (ARS) + Vuskovic (BHA) + Kayode (BRE) + Thiaw (NEW) + O'Nien (SUN),Calafiori,Vuskovic,Kayode,Thiaw,O'Nien
gw1_3,Band 2: Mid-Value (£23.0m-£24.0m),23.5,86.43,18.526,86.18,58.57,56.55,2.02,19.52,2.34,100.0,0.0,-0.2058,5,1+1+1+1+1,Calafiori (ARS) + Vuskovic (BHA) + Thomas (COV) + Greaves (IPS) + Van Hecke (TOT),Calafiori,Vuskovic,Thomas,Greaves,Van Hecke
gw1_3,Band 2: Mid-Value (£23.0m-£24.0m),24.0,86.38,18.384,88.0,58.57,56.6,1.96,19.52,2.25,100.0,0.0,-0.1726,5,1+1+1+1+1,Calafiori (ARS) + Vuskovic (BHA) + Ajayi (HUL) + Heaven (MUN) + Thiaw (NEW),Calafiori,Vuskovic,Ajayi,Heaven,Thiaw
gw1_3,Band 2: Mid-Value (£23.0m-£24.0m),24.0,86.35,18.36,88.23,58.5,56.6,1.89,19.5,2.26,100.0,0.0,-0.2472,5,1+1+1+1+1,Calafiori (ARS) + Vuskovic (BHA) + Mingueza (CRY) + Ajayi (HUL) + Thiaw (NEW),Calafiori,Vuskovic,Mingueza,Ajayi,Thiaw
gw1_3,Band 2: Mid-Value (£23.0m-£24.0m),24.0,86.22,18.479,86.27,58.85,56.85,2.0,19.62,2.31,100.0,0.0,-0.1275,4,2+1+1+1,Calafiori (ARS) + De Cuyper (BHA) + Vuskovic (BHA) + Thomas (COV) + Thiaw (NEW),Calafiori,De Cuyper,Vuskovic,Thomas,Thiaw
gw1_3,Band 2: Mid-Value (£23.0m-£24.0m),24.0,86.21,18.376,87.68,58.54,56.6,1.94,19.51,2.25,100.0,0.0,-0.1301,5,1+1+1+1+1,Calafiori (ARS) + Vuskovic (BHA) + Heaven (MUN) + Thiaw (NEW) + O'Nien (SUN),Calafiori,Vuskovic,Heaven,Thiaw,O'Nien
gw1_3,Band 2: Mid-Value (£23.0m-£24.0m),24.0,86.16,18.35,87.9,58.46,56.6,1.86,19.49,2.22,100.0,0.0,-0.0811,5,1+1+1+1+1,Calafiori (ARS) + Vuskovic (BHA) + Mingueza (CRY) + Thiaw (NEW) + O'Nien (SUN),Calafiori,Vuskovic,Mingueza,Thiaw,O'Nien
gw1_3,Band 2: Mid-Value (£23.0m-£24.0m),23.0,86.14,18.437,86.66,57.87,55.93,1.94,19.29,2.32,100.0,0.0,-0.2148,5,1+1+1+1+1,Calafiori (ARS) + Vuskovic (BHA) + Thomas (COV) + Greaves (IPS) + Heaven (MUN),Calafiori,Vuskovic,Thomas,Greaves,Heaven
gw1_3,Band 2: Mid-Value (£23.0m-£24.0m),24.0,86.1,18.096,91.22,57.7,55.75,1.96,19.23,2.02,100.0,0.0,0.0962,4,2+1+1+1,Calafiori (ARS) + J.Timber (ARS) + Ajayi (HUL) + Greaves (IPS) + O'Nien (SUN),Calafiori,J.Timber,Ajayi,Greaves,O'Nien
gw1_3,Band 2: Mid-Value (£23.0m-£24.0m),24.0,86.06,18.386,87.15,58.57,56.6,1.97,19.52,2.31,100.0,0.0,-0.2443,4,2+1+1+1,Calafiori (ARS) + De Cuyper (BHA) + Vuskovic (BHA) + Ajayi (HUL) + Thiaw (NEW),Calafiori,De Cuyper,Vuskovic,Ajayi,Thiaw
gw1_3,Band 2: Mid-Value (£23.0m-£24.0m),23.5,85.97,18.34,87.55,58.01,56.01,2.0,19.34,2.28,100.0,0.0,-0.1993,5,1+1+1+1+1,Calafiori (ARS) + Vuskovic (BHA) + Greaves (IPS) + Justin (LEE) + Heaven (MUN),Calafiori,Vuskovic,Greaves,Justin,Heaven
gw1_3,Band 2: Mid-Value (£23.0m-£24.0m),23.0,85.85,18.42,86.18,57.82,55.93,1.89,19.27,2.34,100.0,0.0,-0.2058,5,1+1+1+1+1,Calafiori (ARS) + Vuskovic (BHA) + Thomas (COV) + Greaves (IPS) + Robertson (TOT),Calafiori,Vuskovic,Thomas,Greaves,Robertson
gw1_3,Band 2: Mid-Value (£23.0m-£24.0m),24.0,85.84,18.379,86.69,58.55,56.6,1.95,19.52,2.27,100.0,0.0,-0.0621,4,2+1+1+1,Calafiori (ARS) + De Cuyper (BHA) + Vuskovic (BHA) + Thiaw (NEW) + O'Nien (SUN),Calafiori,De Cuyper,Vuskovic,Thiaw,O'Nien
gw1_3,Band 2: Mid-Value (£23.0m-£24.0m),24.0,85.82,18.347,87.08,58.46,56.39,2.07,19.49,2.29,100.0,0.0,-0.191,5,1+1+1+1+1,Calafiori (ARS) + Vuskovic (BHA) + Greaves (IPS) + Justin (LEE) + Van Hecke (TOT),Calafiori,Vuskovic,Greaves,Justin,Van Hecke
gw1_3,Band 2: Mid-Value (£23.0m-£24.0m),23.0,85.82,18.486,85.2,58.02,56.01,2.01,19.34,2.37,100.0,0.0,-0.1896,5,1+1+1+1+1,Calafiori (ARS) + Vuskovic (BHA) + Ajayi (HUL) + Greaves (IPS) + Justin (LEE),Calafiori,Vuskovic,Ajayi,Greaves,Justin
gw1_3,Band 2: Mid-Value (£23.0m-£24.0m),23.5,85.79,18.486,85.11,58.45,56.5,1.95,19.48,2.4,100.0,0.0,-0.2477,5,1+1+1+1+1,Calafiori (ARS) + Vuskovic (BHA) + Thomas (COV) + Canvot (CRY) + Ajayi (HUL),Calafiori,Vuskovic,Thomas,Canvot,Ajayi
gw1_3,Band 2: Mid-Value (£23.0m-£24.0m),24.0,85.73,18.18,89.13,57.96,56.03,1.93,19.32,2.21,100.0,0.0,-0.2146,5,1+1+1+1+1,Calafiori (ARS) + Vuskovic (BHA) + Smith (BOU) + Greaves (IPS) + Van Hecke (TOT),Calafiori,Vuskovic,Smith,Greaves,Van Hecke
gw1_3,Band 2: Mid-Value (£23.0m-£24.0m),23.5,85.73,18.332,87.08,57.98,56.01,1.98,19.33,2.29,100.0,0.0,-0.191,5,1+1+1+1+1,Calafiori (ARS) + Vuskovic (BHA) + Greaves (IPS) + Justin (LEE) + Robertson (TOT),Calafiori,Vuskovic,Greaves,Justin,Robertson
gw1_3,Band 2: Mid-Value (£23.0m-£24.0m),24.0,85.71,18.349,86.78,58.46,56.55,1.91,19.49,2.33,100.0,0.0,-0.2493,5,1+1+1+1+1,Calafiori (ARS) + Vuskovic (BHA) + Kayode (BRE) + Thomas (COV) + Van Hecke (TOT),Calafiori,Vuskovic,Kayode,Thomas,Van Hecke
gw1_3,Band 2: Mid-Value (£23.0m-£24.0m),24.0,85.71,18.46,85.28,58.8,56.81,1.98,19.6,2.39,100.0,0.0,-0.2494,5,1+1+1+1+1,Calafiori (ARS) + Vuskovic (BHA) + Collins (BRE) + Thomas (COV) + Ajayi (HUL),Calafiori,Vuskovic,Collins,Thomas,Ajayi
gw1_3,Band 2: Mid-Value (£23.0m-£24.0m),24.0,85.7,18.455,85.33,58.78,56.81,1.97,19.59,2.35,100.0,0.0,-0.1349,5,1+1+1+1+1,Calafiori (ARS) + Vuskovic (BHA) + Collins (BRE) + Thomas (COV) + O'Nien (SUN),Calafiori,Vuskovic,Collins,Thomas,O'Nien
gw1_3,Band 3: Single Anchor (£24.5m-£25.0m),25.0,96.06,19.834,92.42,63.77,61.76,2.02,21.26,2.05,100.0,0.0,-0.1359,4,2+1+1+1,Calafiori (ARS) + J.Timber (ARS) + Vuskovic (BHA) + Ajayi (HUL) + Greaves (IPS),Calafiori,J.Timber,Vuskovic,Ajayi,Greaves
gw1_3,Band 3: Single Anchor (£24.5m-£25.0m),25.0,95.7,19.816,91.75,63.72,61.76,1.96,21.24,2.05,100.0,0.0,-0.052,4,2+1+1+1,Calafiori (ARS) + J.Timber (ARS) + Vuskovic (BHA) + Ajayi (HUL) + O'Nien (SUN),Calafiori,J.Timber,Vuskovic,Ajayi,O'Nien
gw1_3,Band 3: Single Anchor (£24.5m-£25.0m),25.0,95.53,19.84,91.02,63.79,61.76,2.03,21.26,2.09,100.0,0.0,-0.0743,4,2+1+1+1,Calafiori (ARS) + J.Timber (ARS) + Vuskovic (BHA) + Thomas (COV) + Ajayi (HUL),Calafiori,J.Timber,Vuskovic,Thomas,Ajayi
gw1_3,Band 3: Single Anchor (£24.5m-£25.0m),25.0,95.45,19.856,90.6,63.84,61.76,2.08,21.28,2.05,100.0,0.0,0.1074,4,2+1+1+1,Calafiori (ARS) + J.Timber (ARS) + Vuskovic (BHA) + Thomas (COV) + Greaves (IPS),Calafiori,J.Timber,Vuskovic,Thomas,Greaves
gw1_3,Band 3: Single Anchor (£24.5m-£25.0m),25.0,95.32,19.831,90.61,63.76,61.76,2.01,21.25,2.01,100.0,0.0,0.2272,4,2+1+1+1,Calafiori (ARS) + J.Timber (ARS) + Vuskovic (BHA) + Greaves (IPS) + O'Nien (SUN),Calafiori,J.Timber,Vuskovic,Greaves,O'Nien
gw1_3,Band 3: Single Anchor (£24.5m-£25.0m),25.0,94.83,19.834,89.34,63.77,61.76,2.02,21.26,2.05,100.0,0.0,0.2695,4,2+1+1+1,Calafiori (ARS) + J.Timber (ARS) + Vuskovic (BHA) + Thomas (COV) + O'Nien (SUN),Calafiori,J.Timber,Vuskovic,Thomas,O'Nien
gw1_3,Band 3: Single Anchor (£24.5m-£25.0m),25.0,93.17,19.742,86.43,63.5,61.49,2.01,21.17,2.31,100.0,0.0,-0.1614,5,1+1+1+1+1,Calafiori (ARS) + Vuskovic (BHA) + Greaves (IPS) + O'Reilly (MCI) + O'Nien (SUN),Calafiori,Vuskovic,Greaves,O'Reilly,O'Nien
gw1_3,Band 3: Single Anchor (£24.5m-£25.0m),25.0,93.1,19.767,85.92,63.57,61.49,2.08,21.19,2.35,100.0,0.0,-0.2145,5,1+1+1+1+1,Calafiori (ARS) + Vuskovic (BHA) + Thomas (COV) + Greaves (IPS) + O'Reilly (MCI),Calafiori,Vuskovic,Thomas,Greaves,O'Reilly
gw1_3,Band 3: Single Anchor (£24.5m-£25.0m),25.0,92.99,19.745,85.96,63.51,61.49,2.02,21.17,2.35,100.0,0.0,-0.2194,5,1+1+1+1+1,Calafiori (ARS) + Vuskovic (BHA) + Ajayi (HUL) + Greaves (IPS) + O'Reilly (MCI),Calafiori,Vuskovic,Ajayi,Greaves,O'Reilly
gw1_3,Band 3: Single Anchor (£24.5m-£25.0m),24.5,91.08,19.181,88.87,61.39,59.46,1.93,20.46,2.23,100.0,0.0,-0.2232,5,1+1+1+1+1,Calafiori (ARS) + Vuskovic (BHA) + Smith (BOU) + Greaves (IPS) + Gvardiol (MCI),Calafiori,Vuskovic,Smith,Greaves,Gvardiol
gw1_3,Band 3: Single Anchor (£24.5m-£25.0m),24.5,90.93,19.194,88.32,61.43,59.46,1.97,20.48,2.26,100.0,0.0,-0.2458,5,1+1+1+1+1,Calafiori (ARS) + Vuskovic (BHA) + Castagne (FUL) + Greaves (IPS) + Gvardiol (MCI),Calafiori,Vuskovic,Castagne,Greaves,Gvardiol
gw1_3,Band 3: Single Anchor (£24.5m-£25.0m),25.0,90.84,19.125,89.04,61.64,59.46,2.18,20.55,2.22,100.0,0.0,-0.2126,5,1+1+1+1+1,Calafiori (ARS) + Vuskovic (BHA) + Greaves (IPS) + Gvardiol (MCI) + Thiaw (NEW),Calafiori,Vuskovic,Greaves,Gvardiol,Thiaw
gw1_3,Band 3: Single Anchor (£24.5m-£25.0m),24.5,90.71,19.208,87.57,61.46,59.46,2.0,20.49,2.27,100.0,0.0,-0.1788,5,1+1+1+1+1,Calafiori (ARS) + Vuskovic (BHA) + Greaves (IPS) + Gvardiol (MCI) + Heaven (MUN),Calafiori,Vuskovic,Greaves,Gvardiol,Heaven
gw1_3,Band 3: Single Anchor (£24.5m-£25.0m),24.5,90.61,19.199,87.45,61.44,59.46,1.98,20.48,2.29,100.0,0.0,-0.2176,5,1+1+1+1+1,Calafiori (ARS) + Vuskovic (BHA) + Greaves (IPS) + Gvardiol (MCI) + Robertson (TOT),Calafiori,Vuskovic,Greaves,Gvardiol,Robertson
gw1_3,Band 3: Single Anchor (£24.5m-£25.0m),24.5,90.6,19.243,86.82,61.57,59.46,2.11,20.52,2.31,100.0,0.0,-0.1989,5,1+1+1+1+1,Calafiori (ARS) + Vuskovic (BHA) + Greaves (IPS) + Justin (LEE) + Gvardiol (MCI),Calafiori,Vuskovic,Greaves,Justin,Gvardiol
gw1_3,Band 3: Single Anchor (£24.5m-£25.0m),25.0,90.42,19.086,88.51,61.53,59.46,2.07,20.51,2.25,100.0,0.0,-0.2439,5,1+1+1+1+1,Calafiori (ARS) + Vuskovic (BHA) + Greaves (IPS) + Jacquet (LIV) + Gvardiol (MCI),Calafiori,Vuskovic,Greaves,Jacquet,Gvardiol
gw1_3,Band 3: Single Anchor (£24.5m-£25.0m),24.5,90.39,19.185,87.08,61.4,59.46,1.94,20.47,2.31,100.0,0.0,-0.2353,5,1+1+1+1+1,Calafiori (ARS) + Vuskovic (BHA) + Gvardiol (MCI) + Heaven (MUN) + O'Nien (SUN),Calafiori,Vuskovic,Gvardiol,Heaven,O'Nien
gw1_3,Band 3: Single Anchor (£24.5m-£25.0m),24.5,90.37,19.174,87.21,61.36,59.46,1.9,20.45,2.3,100.0,0.0,-0.2276,5,1+1+1+1+1,Calafiori (ARS) + Vuskovic (BHA) + Kayode (BRE) + Gvardiol (MCI) + O'Nien (SUN),Calafiori,Vuskovic,Kayode,Gvardiol,O'Nien
gw1_3,Band 3: Single Anchor (£24.5m-£25.0m),25.0,90.23,18.996,89.26,61.26,59.46,1.8,20.42,2.22,100.0,0.0,-0.2384,5,1+1+1+1+1,Calafiori (ARS) + Vuskovic (BHA) + Smith (BOU) + Kayode (BRE) + Gvardiol (MCI),Calafiori,Vuskovic,Smith,Kayode,Gvardiol
gw1_3,Band 3: Single Anchor (£24.5m-£25.0m),24.5,90.2,19.213,86.23,61.48,59.46,2.02,20.49,2.33,100.0,0.0,-0.1961,5,1+1+1+1+1,Calafiori (ARS) + Vuskovic (BHA) + Thomas (COV) + Gvardiol (MCI) + Heaven (MUN),Calafiori,Vuskovic,Thomas,Gvardiol,Heaven
gw1_3,Band 3: Single Anchor (£24.5m-£25.0m),25.0,90.18,19.166,86.82,61.77,59.46,2.31,20.59,2.31,100.0,0.0,-0.1989,5,1+1+1+1+1,Calafiori (ARS) + Vuskovic (BHA) + Greaves (IPS) + Muharemović (LEE) + Gvardiol (MCI),Calafiori,Vuskovic,Greaves,Muharemović,Gvardiol
gw1_3,Band 3: Single Anchor (£24.5m-£25.0m),24.5,90.18,19.198,86.4,61.44,59.46,1.98,20.48,2.34,100.0,0.0,-0.2405,5,1+1+1+1+1,Calafiori (ARS) + Vuskovic (BHA) + Kayode (BRE) + Thomas (COV) + Gvardiol (MCI),Calafiori,Vuskovic,Kayode,Thomas,Gvardiol
gw1_3,Band 3: Single Anchor (£24.5m-£25.0m),24.5,90.18,19.159,86.92,61.32,59.46,1.86,20.44,2.31,100.0,0.0,-0.211,5,1+1+1+1+1,Calafiori (ARS) + Vuskovic (BHA) + Mingueza (CRY) + Gvardiol (MCI) + O'Nien (SUN),Calafiori,Vuskovic,Mingueza,Gvardiol,O'Nien
gw1_3,Band 3: Single Anchor (£24.5m-£25.0m),24.5,90.16,19.192,86.43,61.42,59.46,1.96,20.47,2.31,100.0,0.0,-0.1614,5,1+1+1+1+1,Calafiori (ARS) + Vuskovic (BHA) + Greaves (IPS) + Gvardiol (MCI) + Hume (SUN),Calafiori,Vuskovic,Greaves,Gvardiol,Hume
gw1_3,Band 3: Single Anchor (£24.5m-£25.0m),25.0,90.09,19.014,88.68,61.31,59.46,1.85,20.44,2.22,100.0,0.0,-0.185,5,1+1+1+1+1,Calafiori (ARS) + Vuskovic (BHA) + Smith (BOU) + Gvardiol (MCI) + Heaven (MUN),Calafiori,Vuskovic,Smith,Gvardiol,Heaven
gw1_3,Band 3: Single Anchor (£24.5m-£25.0m),25.0,90.08,19.102,87.45,61.57,59.46,2.11,20.52,2.29,100.0,0.0,-0.2176,5,1+1+1+1+1,Calafiori (ARS) + Vuskovic (BHA) + Greaves (IPS) + Gvardiol (MCI) + Van Hecke (TOT),Calafiori,Vuskovic,Greaves,Gvardiol,Van Hecke
gw1_3,Band 3: Single Anchor (£24.5m-£25.0m),24.5,90.02,19.18,86.23,61.38,59.46,1.92,20.46,2.35,100.0,0.0,-0.2393,5,1+1+1+1+1,Calafiori (ARS) + Vuskovic (BHA) + Thomas (COV) + Mingueza (CRY) + Gvardiol (MCI),Calafiori,Vuskovic,Thomas,Mingueza,Gvardiol
gw1_3,Band 3: Single Anchor (£24.5m-£25.0m),25.0,90.01,18.967,89.12,61.17,59.46,1.71,20.39,2.22,100.0,0.0,-0.2409,5,1+1+1+1+1,Calafiori (ARS) + Vuskovic (BHA) + Smith (BOU) + Mingueza (CRY) + Gvardiol (MCI),Calafiori,Vuskovic,Smith,Mingueza,Gvardiol
gw1_3,Band 3: Single Anchor (£24.5m-£25.0m),25.0,89.97,19.085,87.4,61.52,59.46,2.06,20.51,2.3,100.0,0.0,-0.2401,5,1+1+1+1+1,Calafiori (ARS) + Vuskovic (BHA) + Kayode (BRE) + Justin (LEE) + Gvardiol (MCI),Calafiori,Vuskovic,Kayode,Justin,Gvardiol
gw1_3,Band 3: Single Anchor (£24.5m-£25.0m),25.0,89.96,19.07,87.57,61.48,59.46,2.02,20.49,2.27,100.0,0.0,-0.1788,5,1+1+1+1+1,Calafiori (ARS) + Vuskovic (BHA) + Greaves (IPS) + Gvardiol (MCI) + Dalot (MUN),Calafiori,Vuskovic,Greaves,Gvardiol,Dalot
gw1_3,Band 3: Single Anchor (£24.5m-£25.0m),24.5,89.9,19.189,85.81,61.41,59.46,1.95,20.47,2.35,100.0,0.0,-0.2051,4,2+1+1+1,Calafiori (ARS) + De Cuyper (BHA) + Vuskovic (BHA) + Gvardiol (MCI) + O'Nien (SUN),Calafiori,De Cuyper,Vuskovic,Gvardiol,O'Nien
gw1_3,Band 3: Single Anchor (£24.5m-£25.0m),25.0,89.87,19.003,88.26,61.28,59.46,1.82,20.43,2.25,100.0,0.0,-0.2012,5,1+1+1+1+1,Calafiori (ARS) + Vuskovic (BHA) + Kayode (BRE) + Castagne (FUL) + Gvardiol (MCI),Calafiori,Vuskovic,Kayode,Castagne,Gvardiol
gw1_3,Band 3: Single Anchor (£24.5m-£25.0m),25.0,89.87,19.019,88.05,61.32,59.46,1.86,20.44,2.27,100.0,0.0,-0.2404,4,2+1+1+1,Calafiori (ARS) + De Cuyper (BHA) + Vuskovic (BHA) + Smith (BOU) + Gvardiol (MCI),Calafiori,De Cuyper,Vuskovic,Smith,Gvardiol
gw1_3,Band 3: Single Anchor (£24.5m-£25.0m),25.0,89.86,19.094,87.01,61.55,59.46,2.09,20.52,2.3,100.0,0.0,-0.2116,5,1+1+1+1+1,Calafiori (ARS) + Vuskovic (BHA) + Justin (LEE) + Gvardiol (MCI) + Heaven (MUN),Calafiori,Vuskovic,Justin,Gvardiol,Heaven
gw1_3,Band 3: Single Anchor (£24.5m-£25.0m),25.0,89.81,19.071,87.19,61.48,59.46,2.02,20.49,2.3,100.0,0.0,-0.2336,5,1+1+1+1+1,Calafiori (ARS) + Vuskovic (BHA) + Mingueza (CRY) + Justin (LEE) + Gvardiol (MCI),Calafiori,Vuskovic,Mingueza,Justin,Gvardiol
gw1_3,Band 3: Single Anchor (£24.5m-£25.0m),24.5,89.79,19.217,85.15,61.49,59.46,2.03,20.5,2.39,100.0,0.0,-0.2378,4,2+1+1+1,Calafiori (ARS) + De Cuyper (BHA) + Vuskovic (BHA) + Thomas (COV) + Gvardiol (MCI),Calafiori,De Cuyper,Vuskovic,Thomas,Gvardiol
gw1_3,Band 3: Single Anchor (£24.5m-£25.0m),25.0,89.76,19.081,86.92,61.51,59.46,2.05,20.5,2.31,100.0,0.0,-0.211,5,1+1+1+1+1,Calafiori (ARS) + Vuskovic (BHA) + Canvot (CRY) + Gvardiol (MCI) + O'Nien (SUN),Calafiori,Vuskovic,Canvot,Gvardiol,O'Nien
gw1_3,Band 3: Single Anchor (£24.5m-£25.0m),24.5,89.74,19.184,85.47,61.39,59.46,1.93,20.46,2.34,100.0,0.0,-0.1168,5,1+1+1+1+1,Calafiori (ARS) + Vuskovic (BHA) + Kayode (BRE) + Ajayi (HUL) + Gvardiol (MCI),Calafiori,Vuskovic,Kayode,Ajayi,Gvardiol
gw1_3,Band 3: Single Anchor (£24.5m-£25.0m),25.0,89.7,18.974,88.25,61.19,59.46,1.73,20.4,2.25,100.0,0.0,-0.2211,5,1+1+1+1+1,Calafiori (ARS) + Vuskovic (BHA) + Mingueza (CRY) + Castagne (FUL) + Gvardiol (MCI),Calafiori,Vuskovic,Mingueza,Castagne,Gvardiol
gw1_3,Band 3: Single Anchor (£24.5m-£25.0m),24.5,89.69,19.169,85.55,61.35,59.46,1.89,20.45,2.35,100.0,0.0,-0.1487,5,1+1+1+1+1,Calafiori (ARS) + Vuskovic (BHA) + Mingueza (CRY) + Ajayi (HUL) + Gvardiol (MCI),Calafiori,Vuskovic,Mingueza,Ajayi,Gvardiol
gw1_3,Band 3: Single Anchor (£24.5m-£25.0m),25.0,89.68,19.055,87.08,61.43,59.46,1.97,20.48,2.31,100.0,0.0,-0.2353,5,1+1+1+1+1,Calafiori (ARS) + Vuskovic (BHA) + Gvardiol (MCI) + Dalot (MUN) + O'Nien (SUN),Calafiori,Vuskovic,Gvardiol,Dalot,O'Nien
gw1_3,Band 3: Single Anchor (£24.5m-£25.0m),25.0,89.67,19.026,87.46,61.35,59.46,1.89,20.45,2.25,100.0,0.0,-0.1192,5,1+1+1+1+1,Calafiori (ARS) + Vuskovic (BHA) + Castagne (FUL) + Gvardiol (MCI) + Heaven (MUN),Calafiori,Vuskovic,Castagne,Gvardiol,Heaven
gw1_3,Band 3: Single Anchor (£24.5m-£25.0m),24.5,89.65,19.193,85.13,61.42,59.46,1.96,20.47,2.33,100.0,0.0,-0.0494,5,1+1+1+1+1,Calafiori (ARS) + Vuskovic (BHA) + Ajayi (HUL) + Gvardiol (MCI) + Heaven (MUN),Calafiori,Vuskovic,Ajayi,Gvardiol,Heaven
gw1_3,Band 3: Single Anchor (£24.5m-£25.0m),25.0,89.63,19.11,86.23,61.6,59.46,2.14,20.53,2.35,100.0,0.0,-0.2393,5,1+1+1+1+1,Calafiori (ARS) + Vuskovic (BHA) + Thomas (COV) + Canvot (CRY) + Gvardiol (MCI),Calafiori,Vuskovic,Thomas,Canvot,Gvardiol
gw1_3,Band 3: Single Anchor (£24.5m-£25.0m),25.0,89.61,19.032,87.22,61.37,59.46,1.91,20.46,2.3,100.0,0.0,-0.2263,4,2+1+1+1,Calafiori (ARS) + De Cuyper (BHA) + Vuskovic (BHA) + Castagne (FUL) + Gvardiol (MCI),Calafiori,De Cuyper,Vuskovic,Castagne,Gvardiol
gw1_3,Band 3: Single Anchor (£24.5m-£25.0m),25.0,89.54,19.078,86.43,61.5,59.46,2.04,20.5,2.31,100.0,0.0,-0.1614,5,1+1+1+1+1,Calafiori (ARS) + Vuskovic (BHA) + Greaves (IPS) + Gvardiol (MCI) + Ballard (SUN),Calafiori,Vuskovic,Greaves,Gvardiol,Ballard
gw1_3,Band 3: Single Anchor (£24.5m-£25.0m),25.0,89.51,19.096,86.11,61.56,59.46,2.1,20.52,2.35,100.0,0.0,-0.2305,4,2+1+1+1,Calafiori (ARS) + De Cuyper (BHA) + Vuskovic (BHA) + Justin (LEE) + Gvardiol (MCI),Calafiori,De Cuyper,Vuskovic,Justin,Gvardiol
gw1_3,Band 3: Single Anchor (£24.5m-£25.0m),25.0,89.5,19.023,87.08,61.34,59.46,1.88,20.45,2.31,100.0,0.0,-0.2353,5,1+1+1+1+1,Calafiori (ARS) + Vuskovic (BHA) + Gvardiol (MCI) + Heaven (MUN) + Hume (SUN),Calafiori,Vuskovic,Gvardiol,Heaven,Hume
gw1_3,Band 3: Single Anchor (£24.5m-£25.0m),25.0,89.49,19.083,86.23,61.52,59.46,2.06,20.51,2.33,100.0,0.0,-0.1961,5,1+1+1+1+1,Calafiori (ARS) + Vuskovic (BHA) + Thomas (COV) + Gvardiol (MCI) + Dalot (MUN),Calafiori,Vuskovic,Thomas,Gvardiol,Dalot
gw1_3,Band 3: Single Anchor (£24.5m-£25.0m),24.5,89.44,19.196,84.56,61.43,59.46,1.97,20.48,2.39,100.0,0.0,-0.1589,4,2+1+1+1,Calafiori (ARS) + De Cuyper (BHA) + Vuskovic (BHA) + Ajayi (HUL) + Gvardiol (MCI),Calafiori,De Cuyper,Vuskovic,Ajayi,Gvardiol
gw1_3,Band 4: Premium / Dual Anchor (£25.5m-£26.0m),25.5,95.86,19.674,94.1,63.72,61.76,1.96,21.24,2.01,100.0,0.0,-0.2301,4,2+1+1+1,Calafiori (ARS) + J.Timber (ARS) + Vuskovic (BHA) + Ajayi (HUL) + Heaven (MUN),Calafiori,J.Timber,Vuskovic,Ajayi,Heaven
gw1_3,Band 4: Premium / Dual Anchor (£25.5m-£26.0m),25.5,95.71,19.688,93.52,63.76,61.76,2.0,21.25,1.96,100.0,0.0,-0.1358,4,2+1+1+1,Calafiori (ARS) + J.Timber (ARS) + Vuskovic (BHA) + Greaves (IPS) + Heaven (MUN),Calafiori,J.Timber,Vuskovic,Greaves,Heaven
gw1_3,Band 4: Premium / Dual Anchor (£25.5m-£26.0m),25.5,95.7,19.694,93.42,63.78,61.76,2.02,21.26,2.01,100.0,0.0,-0.1385,4,2+1+1+1,Calafiori (ARS) + J.Timber (ARS) + Vuskovic (BHA) + Thomas (COV) + Heaven (MUN),Calafiori,J.Timber,Vuskovic,Thomas,Heaven
gw1_3,Band 4: Premium / Dual Anchor (£25.5m-£26.0m),25.5,95.66,19.68,93.53,63.74,61.76,1.98,21.25,1.98,100.0,0.0,-0.137,4,2+1+1+1,Calafiori (ARS) + J.Timber (ARS) + Vuskovic (BHA) + Greaves (IPS) + Robertson (TOT),Calafiori,J.Timber,Vuskovic,Greaves,Robertson
gw1_3,Band 4: Premium / Dual Anchor (£25.5m-£26.0m),25.5,95.56,19.665,93.47,63.69,61.76,1.93,21.23,2.02,100.0,0.0,-0.2008,4,2+1+1+1,Calafiori (ARS) + J.Timber (ARS) + Vuskovic (BHA) + Ajayi (HUL) + Robertson (TOT),Calafiori,J.Timber,Vuskovic,Ajayi,Robertson
gw1_3,Band 4: Premium / Dual Anchor (£25.5m-£26.0m),25.5,95.55,19.66,93.5,63.68,61.76,1.92,21.23,2.0,100.0,0.0,-0.1334,4,2+1+1+1,Calafiori (ARS) + J.Timber (ARS) + Vuskovic (BHA) + Castagne (FUL) + Ajayi (HUL),Calafiori,J.Timber,Vuskovic,Castagne,Ajayi
gw1_3,Band 4: Premium / Dual Anchor (£25.5m-£26.0m),25.5,95.54,19.665,93.42,63.69,61.76,1.93,21.23,2.04,100.0,0.0,-0.232,4,2+1+1+1,Calafiori (ARS) + J.Timber (ARS) + Vuskovic (BHA) + Kayode (BRE) + Ajayi (HUL),Calafiori,J.Timber,Vuskovic,Kayode,Ajayi
gw1_3,Band 4: Premium / Dual Anchor (£25.5m-£26.0m),25.5,95.47,19.683,93.0,63.74,61.76,1.99,21.25,2.06,100.0,0.0,-0.2448,4,2+1+1+1,Calafiori (ARS) + J.Timber (ARS) + Vuskovic (BHA) + Ajayi (HUL) + Aina (NFO),Calafiori,J.Timber,Vuskovic,Ajayi,Aina
gw1_3,Band 4: Premium / Dual Anchor (£25.5m-£26.0m),25.5,95.46,19.666,93.21,63.69,61.76,1.94,21.23,2.01,100.0,0.0,-0.1108,4,2+1+1+1,Calafiori (ARS) + J.Timber (ARS) + Vuskovic (BHA) + Heaven (MUN) + O'Nien (SUN),Calafiori,J.Timber,Vuskovic,Heaven,O'Nien
gw1_3,Band 4: Premium / Dual Anchor (£25.5m-£26.0m),25.5,95.38,19.675,92.88,63.72,61.76,1.97,21.24,1.95,100.0,0.0,-0.0507,4,2+1+1+1,Calafiori (ARS) + J.Timber (ARS) + Vuskovic (BHA) + Castagne (FUL) + Greaves (IPS),Calafiori,J.Timber,Vuskovic,Castagne,Greaves
gw1_3,Band 4: Premium / Dual Anchor (£25.5m-£26.0m),25.5,95.33,19.65,93.09,63.65,61.76,1.89,21.22,2.04,100.0,0.0,-0.2095,4,2+1+1+1,Calafiori (ARS) + J.Timber (ARS) + Vuskovic (BHA) + Mingueza (CRY) + Ajayi (HUL),Calafiori,J.Timber,Vuskovic,Mingueza,Ajayi
gw1_3,Band 4: Premium / Dual Anchor (£25.5m-£26.0m),25.5,95.32,19.676,92.72,63.72,61.76,1.97,21.24,2.02,100.0,0.0,-0.0862,4,2+1+1+1,Calafiori (ARS) + J.Timber (ARS) + Vuskovic (BHA) + Aina (NFO) + O'Nien (SUN),Calafiori,J.Timber,Vuskovic,Aina,O'Nien
gw1_3,Band 4: Premium / Dual Anchor (£25.5m-£26.0m),25.5,95.32,19.647,93.11,63.64,61.76,1.88,21.21,1.96,100.0,33.3,-0.082,4,2+1+1+1,Calafiori (ARS) + J.Timber (ARS) + Vuskovic (BHA) + Smith (BOU) + Ajayi (HUL),Calafiori,J.Timber,Vuskovic,Smith,Ajayi
gw1_3,Band 4: Premium / Dual Anchor (£25.5m-£26.0m),25.5,95.31,19.704,92.3,63.81,61.76,2.05,21.27,2.06,100.0,0.0,-0.1517,4,2+1+1+1,Calafiori (ARS) + J.Timber (ARS) + Vuskovic (BHA) + Thomas (COV) + Aina (NFO),Calafiori,J.Timber,Vuskovic,Thomas,Aina
gw1_3,Band 4: Premium / Dual Anchor (£25.5m-£26.0m),25.5,95.27,19.678,92.56,63.73,61.76,1.98,21.24,2.04,100.0,0.0,-0.1173,4,2+1+1+1,Calafiori (ARS) + J.Timber (ARS) + Vuskovic (BHA) + Kayode (BRE) + Thomas (COV),Calafiori,J.Timber,Vuskovic,Kayode,Thomas
gw1_3,Band 4: Premium / Dual Anchor (£25.5m-£26.0m),25.5,95.26,19.677,92.55,63.73,61.76,1.97,21.24,2.02,100.0,0.0,-0.0785,4,2+1+1+1,Calafiori (ARS) + J.Timber (ARS) + Vuskovic (BHA) + Thomas (COV) + Robertson (TOT),Calafiori,J.Timber,Vuskovic,Thomas,Robertson
gw1_3,Band 4: Premium / Dual Anchor (£25.5m-£26.0m),25.5,95.25,19.72,91.95,63.86,61.76,2.1,21.29,2.04,100.0,0.0,-0.0643,4,2+1+1+1,Calafiori (ARS) + J.Timber (ARS) + Vuskovic (BHA) + Ajayi (HUL) + Justin (LEE),Calafiori,J.Timber,Vuskovic,Ajayi,Justin
gw1_3,Band 4: Premium / Dual Anchor (£25.5m-£26.0m),25.5,95.23,19.654,92.78,63.66,61.76,1.9,21.22,2.0,100.0,0.0,-0.0376,4,2+1+1+1,Calafiori (ARS) + J.Timber (ARS) + Vuskovic (BHA) + Kayode (BRE) + O'Nien (SUN),Calafiori,J.Timber,Vuskovic,Kayode,O'Nien
gw1_3,Band 4: Premium / Dual Anchor (£25.5m-£26.0m),26.0,95.14,19.542,94.1,63.75,61.76,1.99,21.25,2.01,100.0,0.0,-0.2301,4,2+1+1+1,Calafiori (ARS) + J.Timber (ARS) + Vuskovic (BHA) + Ajayi (HUL) + Dalot (MUN),Calafiori,J.Timber,Vuskovic,Ajayi,Dalot
gw1_3,Band 4: Premium / Dual Anchor (£25.5m-£26.0m),26.0,95.13,19.583,93.53,63.87,61.76,2.11,21.29,1.98,100.0,0.0,-0.137,4,2+1+1+1,Calafiori (ARS) + J.Timber (ARS) + Vuskovic (BHA) + Greaves (IPS) + Van Hecke (TOT),Calafiori,J.Timber,Vuskovic,Greaves,Van Hecke
gw1_3,Band 4: Premium / Dual Anchor (£25.5m-£26.0m),25.5,95.12,19.656,92.49,63.67,61.76,1.91,21.22,2.02,100.0,0.0,-0.0561,4,2+1+1+1,Calafiori (ARS) + J.Timber (ARS) + Vuskovic (BHA) + O'Nien (SUN) + Robertson (TOT),Calafiori,J.Timber,Vuskovic,O'Nien,Robertson
gw1_3,Band 4: Premium / Dual Anchor (£25.5m-£26.0m),26.0,95.09,19.579,93.47,63.86,61.76,2.1,21.29,2.02,100.0,0.0,-0.2008,4,2+1+1+1,Calafiori (ARS) + J.Timber (ARS) + Vuskovic (BHA) + Ajayi (HUL) + Van Hecke (TOT),Calafiori,J.Timber,Vuskovic,Ajayi,Van Hecke
gw1_3,Band 4: Premium / Dual Anchor (£25.5m-£26.0m),26.0,95.09,19.532,94.1,63.72,61.76,1.96,21.24,2.01,100.0,0.0,-0.2292,4,2+1+1+1,Calafiori (ARS) + J.Timber (ARS) + Vuskovic (BHA) + Heaven (MUN) + Aina (NFO),Calafiori,J.Timber,Vuskovic,Heaven,Aina
gw1_3,Band 4: Premium / Dual Anchor (£25.5m-£26.0m),26.0,95.07,19.563,93.65,63.81,61.76,2.06,21.27,1.99,100.0,0.0,-0.153,4,2+1+1+1,Calafiori (ARS) + J.Timber (ARS) + Vuskovic (BHA) + Ajayi (HUL) + Jacquet (LIV),Calafiori,J.Timber,Vuskovic,Ajayi,Jacquet
gw1_3,Band 4: Premium / Dual Anchor (£25.5m-£26.0m),25.5,95.06,19.678,92.05,63.73,61.76,1.97,21.24,2.09,100.0,0.0,-0.2125,4,2+1+1+1,Calafiori (ARS) + J.Timber (ARS) + Pau (AVL) + Vuskovic (BHA) + Ajayi (HUL),Calafiori,J.Timber,Pau,Vuskovic,Ajayi
gw1_3,Band 4: Premium / Dual Anchor (£25.5m-£26.0m),26.0,95.05,19.519,94.17,63.68,61.76,1.92,21.23,1.96,100.0,0.0,-0.223,4,2+1+1+1,Calafiori (ARS) + J.Timber (ARS) + Vuskovic (BHA) + Castagne (FUL) + Aina (NFO),Calafiori,J.Timber,Vuskovic,Castagne,Aina
gw1_3,Band 4: Premium / Dual Anchor (£25.5m-£26.0m),26.0,95.05,19.602,93.05,63.93,61.76,2.17,21.31,1.95,100.0,33.3,-0.0729,4,2+1+1+1,Calafiori (ARS) + J.Timber (ARS) + Vuskovic (BHA) + Ajayi (HUL) + Thiaw (NEW),Calafiori,J.Timber,Vuskovic,Ajayi,Thiaw
gw1_3,Band 4: Premium / Dual Anchor (£25.5m-£26.0m),26.0,95.04,19.575,93.4,63.85,61.76,2.09,21.28,2.0,100.0,0.0,-0.1279,4,2+1+1+1,Calafiori (ARS) + J.Timber (ARS) + Vuskovic (BHA) + Justin (LEE) + Heaven (MUN),Calafiori,J.Timber,Vuskovic,Justin,Heaven
gw1_3,Band 4: Premium / Dual Anchor (£25.5m-£26.0m),25.5,95.02,19.677,91.97,63.73,61.76,1.97,21.24,2.09,100.0,0.0,-0.201,3,2+2+1,Calafiori (ARS) + J.Timber (ARS) + De Cuyper (BHA) + Vuskovic (BHA) + Ajayi (HUL),Calafiori,J.Timber,De Cuyper,Vuskovic,Ajayi
gw1_3,Band 4: Premium / Dual Anchor (£25.5m-£26.0m),25.5,95.01,19.724,91.3,63.87,61.76,2.11,21.29,2.0,100.0,0.0,0.149,4,2+1+1+1,Calafiori (ARS) + J.Timber (ARS) + Vuskovic (BHA) + Greaves (IPS) + Justin (LEE),Calafiori,J.Timber,Vuskovic,Greaves,Justin
gw1_3,Band 4: Premium / Dual Anchor (£25.5m-£26.0m),25.5,94.99,19.67,91.98,63.71,61.76,1.95,21.24,2.0,100.0,0.0,0.0698,4,2+1+1+1,Calafiori (ARS) + J.Timber (ARS) + Vuskovic (BHA) + Thomas (COV) + Castagne (FUL),Calafiori,J.Timber,Vuskovic,Thomas,Castagne
gw1_3,Band 4: Premium / Dual Anchor (£25.5m-£26.0m),26.0,94.98,19.512,94.11,63.66,61.76,1.9,21.22,2.01,100.0,0.0,-0.2311,4,2+1+1+1,Calafiori (ARS) + J.Timber (ARS) + Vuskovic (BHA) + Heaven (MUN) + Robertson (TOT),Calafiori,J.Timber,Vuskovic,Heaven,Robertson
gw1_3,Band 4: Premium / Dual Anchor (£25.5m-£26.0m),26.0,94.98,19.563,93.42,63.81,61.76,2.06,21.27,2.01,100.0,0.0,-0.1385,4,2+1+1+1,Calafiori (ARS) + J.Timber (ARS) + Vuskovic (BHA) + Thomas (COV) + Dalot (MUN),Calafiori,J.Timber,Vuskovic,Thomas,Dalot
gw1_3,Band 4: Premium / Dual Anchor (£25.5m-£26.0m),26.0,94.97,19.511,94.1,63.66,61.76,1.9,21.22,1.99,100.0,0.0,-0.2134,4,2+1+1+1,Calafiori (ARS) + J.Timber (ARS) + Vuskovic (BHA) + Kayode (BRE) + Heaven (MUN),Calafiori,J.Timber,Vuskovic,Kayode,Heaven
gw1_3,Band 4: Premium / Dual Anchor (£25.5m-£26.0m),26.0,94.96,19.551,93.52,63.78,61.76,2.02,21.26,1.96,100.0,0.0,-0.1358,4,2+1+1+1,Calafiori (ARS) + J.Timber (ARS) + Vuskovic (BHA) + Greaves (IPS) + Dalot (MUN),Calafiori,J.Timber,Vuskovic,Greaves,Dalot
gw1_3,Band 4: Premium / Dual Anchor (£25.5m-£26.0m),26.0,94.96,19.579,93.15,63.86,61.76,2.1,21.29,2.01,100.0,0.0,-0.1301,4,2+1+1+1,Calafiori (ARS) + J.Timber (ARS) + Vuskovic (BHA) + Justin (LEE) + Aina (NFO),Calafiori,J.Timber,Vuskovic,Justin,Aina
gw1_3,Band 4: Premium / Dual Anchor (£25.5m-£26.0m),26.0,94.95,19.525,93.83,63.7,61.76,1.94,21.23,2.01,100.0,0.0,-0.1942,4,2+1+1+1,Calafiori (ARS) + J.Timber (ARS) + Pau (AVL) + Vuskovic (BHA) + Heaven (MUN),Calafiori,J.Timber,Pau,Vuskovic,Heaven
gw1_3,Band 4: Premium / Dual Anchor (£25.5m-£26.0m),25.5,94.94,19.661,91.99,63.68,61.76,1.92,21.23,2.04,100.0,0.0,-0.0618,4,2+1+1+1,Calafiori (ARS) + J.Timber (ARS) + Vuskovic (BHA) + Thomas (COV) + Mingueza (CRY),Calafiori,J.Timber,Vuskovic,Thomas,Mingueza
gw1_3,Band 4: Premium / Dual Anchor (£25.5m-£26.0m),26.0,94.92,19.526,93.76,63.7,61.76,1.94,21.23,2.01,100.0,0.0,-0.1842,3,2+2+1,Calafiori (ARS) + J.Timber (ARS) + De Cuyper (BHA) + Vuskovic (BHA) + Heaven (MUN),Calafiori,J.Timber,De Cuyper,Vuskovic,Heaven
gw1_3,Band 4: Premium / Dual Anchor (£25.5m-£26.0m),26.0,94.92,19.524,93.8,63.69,61.76,1.94,21.23,2.02,100.0,0.0,-0.2445,4,2+1+1+1,Calafiori (ARS) + J.Timber (ARS) + Vuskovic (BHA) + Aina (NFO) + Robertson (TOT),Calafiori,J.Timber,Vuskovic,Aina,Robertson
gw1_3,Band 4: Premium / Dual Anchor (£25.5m-£26.0m),26.0,94.91,19.566,93.18,63.82,61.76,2.06,21.27,1.99,100.0,0.0,-0.091,4,2+1+1+1,Calafiori (ARS) + J.Timber (ARS) + Vuskovic (BHA) + Kayode (BRE) + Justin (LEE),Calafiori,J.Timber,Vuskovic,Kayode,Justin
gw1_3,Band 4: Premium / Dual Anchor (£25.5m-£26.0m),25.5,94.91,19.662,91.9,63.68,61.76,1.93,21.23,1.92,100.0,33.3,0.08,4,2+1+1+1,Calafiori (ARS) + J.Timber (ARS) + Vuskovic (BHA) + Smith (BOU) + Greaves (IPS),Calafiori,J.Timber,Vuskovic,Smith,Greaves
gw1_3,Band 4: Premium / Dual Anchor (£25.5m-£26.0m),25.5,94.91,19.64,92.18,63.62,61.76,1.86,21.21,2.0,100.0,0.0,0.0333,4,2+1+1+1,Calafiori (ARS) + J.Timber (ARS) + Vuskovic (BHA) + Mingueza (CRY) + O'Nien (SUN),Calafiori,J.Timber,Vuskovic,Mingueza,O'Nien
gw1_3,Band 4: Premium / Dual Anchor (£25.5m-£26.0m),26.0,94.9,19.488,94.22,63.59,61.76,1.83,21.2,2.0,100.0,0.0,-0.2317,4,2+1+1+1,Calafiori (ARS) + J.Timber (ARS) + Vuskovic (BHA) + Kayode (BRE) + Robertson (TOT),Calafiori,J.Timber,Vuskovic,Kayode,Robertson
gw1_3,Band 4: Premium / Dual Anchor (£25.5m-£26.0m),26.0,94.89,19.569,93.09,63.83,61.76,2.07,21.28,2.04,100.0,0.0,-0.2095,4,2+1+1+1,Calafiori (ARS) + J.Timber (ARS) + Vuskovic (BHA) + Canvot (CRY) + Ajayi (HUL),Calafiori,J.Timber,Vuskovic,Canvot,Ajayi
gw1_3,Band 4: Premium / Dual Anchor (£25.5m-£26.0m),26.0,94.89,19.567,93.14,63.82,61.76,2.07,21.27,1.95,100.0,0.0,-0.085,4,2+1+1+1,Calafiori (ARS) + J.Timber (ARS) + Vuskovic (BHA) + Greaves (IPS) + Jacquet (LIV),Calafiori,J.Timber,Vuskovic,Greaves,Jacquet
gw1_3,Band 4: Premium / Dual Anchor (£25.5m-£26.0m),26.0,94.87,19.506,93.91,63.64,61.76,1.89,21.21,1.95,100.0,0.0,-0.1882,4,2+1+1+1,Calafiori (ARS) + J.Timber (ARS) + Vuskovic (BHA) + Castagne (FUL) + Heaven (MUN),Calafiori,J.Timber,Vuskovic,Castagne,Heaven
gw1_3,Band 4: Premium / Dual Anchor (£25.5m-£26.0m),26.0,94.83,19.643,91.95,64.05,61.76,2.3,21.35,2.04,100.0,0.0,-0.0643,4,2+1+1+1,Calafiori (ARS) + J.Timber (ARS) + Vuskovic (BHA) + Ajayi (HUL) + Muharemović (LEE),Calafiori,J.Timber,Vuskovic,Ajayi,Muharemović
gw1_3,Band 4: Premium / Dual Anchor (£25.5m-£26.0m),26.0,94.83,19.496,93.94,63.61,61.76,1.86,21.2,1.98,100.0,0.0,-0.1915,4,2+1+1+1,Calafiori (ARS) + J.Timber (ARS) + Vuskovic (BHA) + Mingueza (CRY) + Heaven (MUN),Calafiori,J.Timber,Vuskovic,Mingueza,Heaven
gw1_3,Band 4: Premium / Dual Anchor (£25.5m-£26.0m),25.5,94.83,19.657,91.75,63.67,61.76,1.91,21.22,2.05,100.0,0.0,-0.052,4,2+1+1+1,Calafiori (ARS) + J.Timber (ARS) + Vuskovic (BHA) + Ajayi (HUL) + Hume (SUN),Calafiori,J.Timber,Vuskovic,Ajayi,Hume
gw4_19,Band 1: Budget (£20.5m-£22.5m),22.5,83.03,18.603,76.63,309.03,298.25,10.77,19.31,2.31,81.2,0.0,-0.1075,5,1+1+1+1+1,Calafiori (ARS) + Vuskovic (BHA) + Thomas (COV) + Ajayi (HUL) + Greaves (IPS),Calafiori,Vuskovic,Thomas,Ajayi,Greaves
gw4_19,Band 1: Budget (£20.5m-£22.5m),22.5,82.97,18.601,76.5,309.0,298.25,10.75,19.31,2.33,81.2,0.0,-0.1354,5,1+1+1+1+1,Calafiori (ARS) + Vuskovic (BHA) + Thomas (COV) + Greaves (IPS) + O'Nien (SUN),Calafiori,Vuskovic,Thomas,Greaves,O'Nien
gw4_19,Band 1: Budget (£20.5m-£22.5m),22.5,82.41,18.563,75.62,308.39,298.08,10.31,19.27,2.34,81.2,0.0,-0.0598,5,1+1+1+1+1,Calafiori (ARS) + Vuskovic (BHA) + Thomas (COV) + Ajayi (HUL) + O'Nien (SUN),Calafiori,Vuskovic,Thomas,Ajayi,O'Nien
gw4_19,Band 1: Budget (£20.5m-£22.5m),22.5,78.34,18.306,68.94,304.28,294.0,10.28,19.02,2.37,68.8,0.0,-0.0811,5,1+1+1+1+1,Calafiori (ARS) + Vuskovic (BHA) + Ajayi (HUL) + Greaves (IPS) + O'Nien (SUN),Calafiori,Vuskovic,Ajayi,Greaves,O'Nien
gw4_19,Band 1: Budget (£20.5m-£22.5m),22.5,77.84,16.69,89.73,278.42,268.68,9.74,17.4,2.18,100.0,0.0,-0.1874,5,1+1+1+1+1,Calafiori (ARS) + De Cuyper (BHA) + Smith (BOU) + Thomas (COV) + O'Nien (SUN),Calafiori,De Cuyper,Smith,Thomas,O'Nien
gw4_19,Band 1: Budget (£20.5m-£22.5m),22.5,77.68,17.099,83.75,284.96,274.27,10.7,17.81,2.29,93.8,0.0,-0.1424,5,1+1+1+1+1,Calafiori (ARS) + De Cuyper (BHA) + Thomas (COV) + Greaves (IPS) + Justin (LEE),Calafiori,De Cuyper,Thomas,Greaves,Justin
gw4_19,Band 1: Budget (£20.5m-£22.5m),22.5,77.63,16.875,86.7,281.38,271.42,9.96,17.59,2.18,93.8,0.0,-0.1897,5,1+1+1+1+1,Calafiori (ARS) + De Cuyper (BHA) + Smith (BOU) + Thomas (COV) + Greaves (IPS),Calafiori,De Cuyper,Smith,Thomas,Greaves
gw4_19,Band 1: Budget (£20.5m-£22.5m),22.5,77.04,17.024,83.17,283.77,273.4,10.38,17.74,2.3,93.8,0.0,-0.1064,5,1+1+1+1+1,Calafiori (ARS) + De Cuyper (BHA) + Thomas (COV) + Justin (LEE) + O'Nien (SUN),Calafiori,De Cuyper,Thomas,Justin,O'Nien
gw4_19,Band 1: Budget (£20.5m-£22.5m),22.5,76.76,16.768,85.98,279.68,269.83,9.85,17.48,2.19,93.8,0.0,-0.1499,5,1+1+1+1+1,Calafiori (ARS) + Smith (BOU) + Thomas (COV) + Greaves (IPS) + Heaven (MUN),Calafiori,Smith,Thomas,Greaves,Heaven
gw4_19,Band 1: Budget (£20.5m-£22.5m),22.5,76.55,17.025,81.96,283.78,273.44,10.34,17.74,2.22,87.5,0.0,-0.0968,5,1+1+1+1+1,Calafiori (ARS) + Smith (BOU) + Thomas (COV) + Greaves (IPS) + Justin (LEE),Calafiori,Smith,Thomas,Greaves,Justin
gw4_19,Band 1: Budget (£20.5m-£22.5m),22.5,76.14,16.827,83.61,280.62,270.3,10.32,17.54,2.29,93.8,0.0,-0.1262,5,1+1+1+1+1,Calafiori (ARS) + De Cuyper (BHA) + Ajayi (HUL) + Greaves (IPS) + Justin (LEE),Calafiori,De Cuyper,Ajayi,Greaves,Justin
gw4_19,Band 1: Budget (£20.5m-£22.5m),22.5,75.98,16.841,83.04,280.83,270.97,9.86,17.55,2.32,93.8,0.0,-0.1508,5,1+1+1+1+1,Calafiori (ARS) + De Cuyper (BHA) + Thomas (COV) + Mykolenko (EVE) + Greaves (IPS),Calafiori,De Cuyper,Thomas,Mykolenko,Greaves
gw4_19,Band 1: Budget (£20.5m-£22.5m),22.5,75.84,17.046,79.88,284.13,273.64,10.48,17.76,2.29,87.5,0.0,-0.0459,5,1+1+1+1+1,Calafiori (ARS) + De Cuyper (BHA) + Thomas (COV) + Ajayi (HUL) + Justin (LEE),Calafiori,De Cuyper,Thomas,Ajayi,Justin
gw4_19,Band 1: Budget (£20.5m-£22.5m),22.5,75.78,17.037,79.85,283.98,273.44,10.54,17.75,2.31,87.5,0.0,-0.1034,5,1+1+1+1+1,Calafiori (ARS) + Thomas (COV) + Greaves (IPS) + Justin (LEE) + Heaven (MUN),Calafiori,Thomas,Greaves,Justin,Heaven
gw4_19,Band 1: Budget (£20.5m-£22.5m),22.5,75.46,16.95,80.24,282.59,272.09,10.5,17.66,2.3,87.5,0.0,-0.1454,5,1+1+1+1+1,Calafiori (ARS) + Pau (AVL) + De Cuyper (BHA) + Thomas (COV) + Greaves (IPS),Calafiori,Pau,De Cuyper,Thomas,Greaves
gw4_19,Band 1: Budget (£20.5m-£22.5m),22.5,75.41,16.742,82.95,279.26,269.55,9.71,17.45,2.18,87.5,0.0,-0.1046,5,1+1+1+1+1,Calafiori (ARS) + De Cuyper (BHA) + Smith (BOU) + Thomas (COV) + Ajayi (HUL),Calafiori,De Cuyper,Smith,Thomas,Ajayi
gw4_19,Band 1: Budget (£20.5m-£22.5m),22.5,75.39,16.527,85.82,275.82,266.14,9.68,17.24,2.21,93.8,0.0,-0.1662,5,1+1+1+1+1,Calafiori (ARS) + Smith (BOU) + Thomas (COV) + Heaven (MUN) + O'Nien (SUN),Calafiori,Smith,Thomas,Heaven,O'Nien
gw4_19,Band 1: Budget (£20.5m-£22.5m),22.5,75.23,17.484,72.37,291.13,280.43,10.7,18.2,2.36,75.0,0.0,-0.1152,5,1+1+1+1+1,Calafiori (ARS) + Thomas (COV) + Greaves (IPS) + Muharemović (LEE) + O'Nien (SUN),Calafiori,Thomas,Greaves,Muharemović,O'Nien
gw4_19,Band 1: Budget (£20.5m-£22.5m),22.5,75.05,16.926,79.54,282.2,271.78,10.42,17.64,2.33,87.5,0.0,-0.1245,5,1+1+1+1+1,Calafiori (ARS) + De Cuyper (BHA) + Thomas (COV) + Greaves (IPS) + Aina (NFO),Calafiori,De Cuyper,Thomas,Greaves,Aina
gw4_19,Band 1: Budget (£20.5m-£22.5m),22.5,75.01,16.867,80.25,281.25,270.98,10.27,17.58,2.28,87.5,0.0,-0.0812,5,1+1+1+1+1,Calafiori (ARS) + De Cuyper (BHA) + Thomas (COV) + Greaves (IPS) + Heaven (MUN),Calafiori,De Cuyper,Thomas,Greaves,Heaven
gw4_19,Band 1: Budget (£20.5m-£22.5m),22.0,74.97,16.93,79.28,279.99,269.89,10.11,17.5,2.34,87.5,0.0,-0.1329,5,1+1+1+1+1,Calafiori (ARS) + Thomas (COV) + Greaves (IPS) + Heaven (MUN) + O'Nien (SUN),Calafiori,Thomas,Greaves,Heaven,O'Nien
gw4_19,Band 1: Budget (£20.5m-£22.5m),22.5,74.88,16.838,80.32,280.79,270.56,10.22,17.55,2.31,87.5,0.0,-0.1767,5,1+1+1+1+1,Calafiori (ARS) + Pau (AVL) + De Cuyper (BHA) + Thomas (COV) + O'Nien (SUN),Calafiori,Pau,De Cuyper,Thomas,O'Nien
gw4_19,Band 1: Budget (£20.5m-£22.5m),22.5,74.76,16.856,79.79,281.07,271.0,10.08,17.57,2.32,87.5,0.0,-0.1219,5,1+1+1+1+1,Calafiori (ARS) + De Cuyper (BHA) + Thomas (COV) + Castagne (FUL) + Greaves (IPS),Calafiori,De Cuyper,Thomas,Castagne,Greaves
gw4_19,Band 1: Budget (£20.5m-£22.5m),22.5,74.69,16.842,79.78,280.86,270.97,9.89,17.55,2.3,87.5,0.0,-0.0661,5,1+1+1+1+1,Calafiori (ARS) + De Cuyper (BHA) + Thomas (COV) + Mingueza (CRY) + Greaves (IPS),Calafiori,De Cuyper,Thomas,Mingueza,Greaves
gw4_19,Band 1: Budget (£20.5m-£22.5m),22.5,74.68,16.853,79.61,281.03,271.06,9.97,17.56,2.32,87.5,0.0,-0.1244,5,1+1+1+1+1,Calafiori (ARS) + De Cuyper (BHA) + Thomas (COV) + Greaves (IPS) + Robertson (TOT),Calafiori,De Cuyper,Thomas,Greaves,Robertson
gw4_19,Band 1: Budget (£20.5m-£22.5m),22.0,74.58,17.054,76.63,281.97,271.59,10.38,17.62,2.31,81.2,0.0,-0.1075,5,1+1+1+1+1,Calafiori (ARS) + De Cuyper (BHA) + Thomas (COV) + Ajayi (HUL) + Greaves (IPS),Calafiori,De Cuyper,Thomas,Ajayi,Greaves
gw4_19,Band 1: Budget (£20.5m-£22.5m),22.5,74.48,16.911,78.33,281.95,272.01,9.94,17.62,2.24,81.2,0.0,-0.099,5,1+1+1+1+1,Calafiori (ARS) + Smith (BOU) + Thomas (COV) + Justin (LEE) + O'Nien (SUN),Calafiori,Smith,Thomas,Justin,O'Nien
gw4_19,Band 1: Budget (£20.5m-£22.5m),22.0,74.46,17.041,76.5,281.77,271.48,10.29,17.61,2.33,81.2,0.0,-0.1354,5,1+1+1+1+1,Calafiori (ARS) + De Cuyper (BHA) + Thomas (COV) + Greaves (IPS) + O'Nien (SUN),Calafiori,De Cuyper,Thomas,Greaves,O'Nien
gw4_19,Band 1: Budget (£20.5m-£22.5m),22.5,74.42,16.83,79.28,280.66,270.41,10.25,17.54,2.34,87.5,0.0,-0.1329,5,1+1+1+1+1,Calafiori (ARS) + Thomas (COV) + Greaves (IPS) + Dalot (MUN) + O'Nien (SUN),Calafiori,Thomas,Greaves,Dalot,O'Nien
gw4_19,Band 1: Budget (£20.5m-£22.5m),22.5,74.17,17.487,69.7,291.17,280.43,10.73,18.2,2.34,68.8,0.0,-0.1091,5,1+1+1+1+1,Calafiori (ARS) + Thomas (COV) + Ajayi (HUL) + Greaves (IPS) + Muharemović (LEE),Calafiori,Thomas,Ajayi,Greaves,Muharemović
gw4_19,Band 1: Budget (£20.5m-£22.5m),22.5,74.09,16.463,83.47,274.79,264.79,10.0,17.17,2.27,93.8,0.0,-0.0627,5,1+1+1+1+1,Calafiori (ARS) + De Cuyper (BHA) + Ajayi (HUL) + Greaves (IPS) + Heaven (MUN),Calafiori,De Cuyper,Ajayi,Greaves,Heaven
gw4_19,Band 1: Budget (£20.5m-£22.5m),22.5,73.96,16.914,76.99,282.01,271.51,10.5,17.63,2.32,81.2,0.0,-0.1816,5,1+1+1+1+1,Calafiori (ARS) + Thomas (COV) + Ajayi (HUL) + Greaves (IPS) + Jacquet (LIV),Calafiori,Thomas,Ajayi,Greaves,Jacquet
gw4_19,Band 1: Budget (£20.5m-£22.5m),22.5,73.91,16.732,79.34,279.1,269.39,9.71,17.44,2.31,87.5,0.0,-0.0526,5,1+1+1+1+1,Calafiori (ARS) + Thomas (COV) + Mingueza (CRY) + Greaves (IPS) + Heaven (MUN),Calafiori,Thomas,Mingueza,Greaves,Heaven
gw4_19,Band 1: Budget (£20.5m-£22.5m),22.5,73.9,16.735,79.28,279.14,269.39,9.75,17.45,2.34,87.5,0.0,-0.1329,5,1+1+1+1+1,Calafiori (ARS) + Thomas (COV) + Greaves (IPS) + Heaven (MUN) + Hume (SUN),Calafiori,Thomas,Greaves,Heaven,Hume
gw4_19,Band 1: Budget (£20.5m-£22.5m),22.5,73.88,16.469,82.84,274.89,265.23,9.66,17.18,2.2,87.5,0.0,-0.161,5,1+1+1+1+1,Calafiori (ARS) + De Cuyper (BHA) + Smith (BOU) + Ajayi (HUL) + Greaves (IPS),Calafiori,De Cuyper,Smith,Ajayi,Greaves
gw4_19,Band 1: Budget (£20.5m-£22.5m),22.5,73.86,16.713,79.47,278.79,268.82,9.97,17.42,2.31,87.5,0.0,-0.0593,5,1+1+1+1+1,Calafiori (ARS) + De Cuyper (BHA) + Thomas (COV) + Heaven (MUN) + O'Nien (SUN),Calafiori,De Cuyper,Thomas,Heaven,O'Nien
gw4_19,Band 1: Budget (£20.5m-£22.5m),22.5,73.84,16.788,78.4,279.99,270.04,9.95,17.5,2.38,87.5,0.0,-0.126,5,1+1+1+1+1,Calafiori (ARS) + Colwill (CHE) + Thomas (COV) + Greaves (IPS) + O'Nien (SUN),Calafiori,Colwill,Thomas,Greaves,O'Nien
gw4_19,Band 1: Budget (£20.5m-£22.5m),22.5,73.83,16.669,79.99,278.08,268.5,9.58,17.38,2.3,87.5,0.0,-0.0952,5,1+1+1+1+1,Calafiori (ARS) + De Cuyper (BHA) + Thomas (COV) + Mingueza (CRY) + O'Nien (SUN),Calafiori,De Cuyper,Thomas,Mingueza,O'Nien
gw4_19,Band 1: Budget (£20.5m-£22.5m),22.5,73.74,16.909,76.5,281.93,271.51,10.43,17.62,2.34,81.2,0.0,-0.1872,5,1+1+1+1+1,Calafiori (ARS) + Thomas (COV) + Greaves (IPS) + Jacquet (LIV) + O'Nien (SUN),Calafiori,Thomas,Greaves,Jacquet,O'Nien
gw4_19,Band 1: Budget (£20.5m-£22.5m),22.5,73.73,16.991,75.36,283.24,272.69,10.55,17.7,2.36,81.2,0.0,-0.0818,5,1+1+1+1+1,Calafiori (ARS) + Thomas (COV) + Greaves (IPS) + Thiaw (NEW) + O'Nien (SUN),Calafiori,Thomas,Greaves,Thiaw,O'Nien
gw4_19,Band 1: Budget (£20.5m-£22.5m),22.5,73.58,16.68,79.22,278.26,268.5,9.76,17.39,2.33,87.5,0.0,-0.1034,5,1+1+1+1+1,Calafiori (ARS) + De Cuyper (BHA) + Thomas (COV) + Castagne (FUL) + O'Nien (SUN),Calafiori,De Cuyper,Thomas,Castagne,O'Nien
gw4_19,Band 1: Budget (£20.5m-£22.5m),22.0,73.58,17.183,72.37,284.04,273.44,10.6,17.75,2.36,75.0,0.0,-0.1152,5,1+1+1+1+1,Calafiori (ARS) + Thomas (COV) + Greaves (IPS) + Justin (LEE) + O'Nien (SUN),Calafiori,Thomas,Greaves,Justin,O'Nien
gw4_19,Band 1: Budget (£20.5m-£22.5m),22.5,73.56,17.429,68.95,290.25,279.95,10.3,18.14,2.36,68.8,0.0,-0.0659,5,1+1+1+1+1,Calafiori (ARS) + Thomas (COV) + Ajayi (HUL) + Muharemović (LEE) + O'Nien (SUN),Calafiori,Thomas,Ajayi,Muharemović,O'Nien
gw4_19,Band 1: Budget (£20.5m-£22.5m),22.0,73.39,16.909,75.62,279.66,269.55,10.1,17.48,2.34,81.2,0.0,-0.0598,5,1+1+1+1+1,Calafiori (ARS) + De Cuyper (BHA) + Thomas (COV) + Ajayi (HUL) + O'Nien (SUN),Calafiori,De Cuyper,Thomas,Ajayi,O'Nien
gw4_19,Band 1: Budget (£20.5m-£22.5m),22.5,73.38,16.843,76.5,280.87,270.97,9.9,17.55,2.33,81.2,0.0,-0.1354,5,1+1+1+1+1,Calafiori (ARS) + De Cuyper (BHA) + Thomas (COV) + Greaves (IPS) + Hume (SUN),Calafiori,De Cuyper,Thomas,Greaves,Hume
gw4_19,Band 1: Budget (£20.5m-£22.5m),22.5,73.38,16.948,75.07,282.54,272.62,9.93,17.66,2.22,75.0,0.0,-0.038,5,1+1+1+1+1,Calafiori (ARS) + Smith (BOU) + Thomas (COV) + Ajayi (HUL) + Justin (LEE),Calafiori,Smith,Thomas,Ajayi,Justin
gw4_19,Band 1: Budget (£20.5m-£22.5m),22.5,73.24,16.69,78.23,278.43,268.54,9.89,17.4,2.24,81.2,0.0,-0.0942,5,1+1+1+1+1,Calafiori (ARS) + Smith (BOU) + Ajayi (HUL) + Greaves (IPS) + Justin (LEE),Calafiori,Smith,Ajayi,Greaves,Justin
gw4_19,Band 1: Budget (£20.5m-£22.5m),22.5,73.22,16.852,75.97,281.02,270.97,10.05,17.56,2.33,81.2,0.0,-0.0817,5,1+1+1+1+1,Calafiori (ARS) + De Cuyper (BHA) + Kayode (BRE) + Thomas (COV) + Greaves (IPS),Calafiori,De Cuyper,Kayode,Thomas,Greaves
gw4_19,Band 1: Budget (£20.5m-£22.5m),22.5,73.17,16.409,81.9,273.93,264.22,9.71,17.12,2.24,87.5,0.0,-0.1607,5,1+1+1+1+1,Calafiori (ARS) + De Cuyper (BHA) + Smith (BOU) + Greaves (IPS) + O'Nien (SUN),Calafiori,De Cuyper,Smith,Greaves,O'Nien
gw4_19,Band 1: Budget (£20.5m-£22.5m),22.5,73.1,16.818,76.15,280.47,270.19,10.27,17.53,2.34,81.2,0.0,-0.1294,5,1+1+1+1+1,Calafiori (ARS) + Thomas (COV) + Greaves (IPS) + Heaven (MUN) + Aina (NFO),Calafiori,Thomas,Greaves,Heaven,Aina
gw4_19,Band 2: Mid-Value (£23.0m-£24.0m),24.0,90.35,18.984,89.73,321.96,310.69,11.26,20.12,2.18,100.0,0.0,-0.1874,5,1+1+1+1+1,Calafiori (ARS) + Vuskovic (BHA) + Hill (BOU) + Thomas (COV) + O'Nien (SUN),Calafiori,Vuskovic,Hill,Thomas,O'Nien
gw4_19,Band 2: Mid-Value (£23.0m-£24.0m),24.0,89.2,18.995,86.7,322.13,310.69,11.43,20.13,2.18,93.8,0.0,-0.1897,5,1+1+1+1+1,Calafiori (ARS) + Vuskovic (BHA) + Hill (BOU) + Thomas (COV) + Greaves (IPS),Calafiori,Vuskovic,Hill,Thomas,Greaves
gw4_19,Band 2: Mid-Value (£23.0m-£24.0m),24.0,88.03,19.163,81.49,324.82,313.53,11.29,20.3,2.24,87.5,0.0,-0.1167,5,1+1+1+1+1,Calafiori (ARS) + Vuskovic (BHA) + Thomas (COV) + Gvardiol (MCI) + O'Nien (SUN),Calafiori,Vuskovic,Thomas,Gvardiol,O'Nien
gw4_19,Band 2: Mid-Value (£23.0m-£24.0m),24.0,88.02,19.132,81.89,324.33,313.53,10.8,20.27,2.23,87.5,0.0,-0.1339,5,1+1+1+1+1,Calafiori (ARS) + Vuskovic (BHA) + Ajayi (HUL) + Greaves (IPS) + Gvardiol (MCI),Calafiori,Vuskovic,Ajayi,Greaves,Gvardiol
gw4_19,Band 2: Mid-Value (£23.0m-£24.0m),24.0,87.96,19.131,81.76,324.3,313.53,10.77,20.27,2.24,87.5,0.0,-0.163,5,1+1+1+1+1,Calafiori (ARS) + Vuskovic (BHA) + Greaves (IPS) + Gvardiol (MCI) + O'Nien (SUN),Calafiori,Vuskovic,Greaves,Gvardiol,O'Nien
gw4_19,Band 2: Mid-Value (£23.0m-£24.0m),24.0,87.64,18.985,82.95,321.97,310.69,11.28,20.12,2.18,87.5,0.0,-0.1046,5,1+1+1+1+1,Calafiori (ARS) + Vuskovic (BHA) + Hill (BOU) + Thomas (COV) + Ajayi (HUL),Calafiori,Vuskovic,Hill,Thomas,Ajayi
gw4_19,Band 2: Mid-Value (£23.0m-£24.0m),24.0,87.35,18.939,82.84,321.24,310.44,10.8,20.08,2.2,87.5,0.0,-0.161,5,1+1+1+1+1,Calafiori (ARS) + Vuskovic (BHA) + Hill (BOU) + Ajayi (HUL) + Greaves (IPS),Calafiori,Vuskovic,Hill,Ajayi,Greaves
gw4_19,Band 2: Mid-Value (£23.0m-£24.0m),23.0,87.15,18.397,89.73,308.02,298.08,9.94,19.25,2.18,100.0,0.0,-0.1874,5,1+1+1+1+1,Calafiori (ARS) + Vuskovic (BHA) + Smith (BOU) + Thomas (COV) + O'Nien (SUN),Calafiori,Vuskovic,Smith,Thomas,O'Nien
gw4_19,Band 2: Mid-Value (£23.0m-£24.0m),24.0,86.97,18.937,81.9,321.21,310.44,10.77,20.08,2.24,87.5,0.0,-0.1607,5,1+1+1+1+1,Calafiori (ARS) + Vuskovic (BHA) + Hill (BOU) + Greaves (IPS) + O'Nien (SUN),Calafiori,Vuskovic,Hill,Greaves,O'Nien
gw4_19,Band 2: Mid-Value (£23.0m-£24.0m),24.0,86.94,18.578,86.73,315.47,304.71,10.75,19.72,2.02,87.5,0.0,-0.1176,4,2+1+1+1,Calafiori (ARS) + J.Timber (ARS) + Thomas (COV) + Greaves (IPS) + O'Nien (SUN),Calafiori,J.Timber,Thomas,Greaves,O'Nien
gw4_19,Band 2: Mid-Value (£23.0m-£24.0m),24.0,86.91,19.174,78.53,324.99,313.53,11.46,20.31,2.24,81.2,0.0,-0.1198,5,1+1+1+1+1,Calafiori (ARS) + Vuskovic (BHA) + Thomas (COV) + Greaves (IPS) + Gvardiol (MCI),Calafiori,Vuskovic,Thomas,Greaves,Gvardiol
gw4_19,Band 2: Mid-Value (£23.0m-£24.0m),24.0,86.77,18.58,86.3,315.49,304.71,10.77,19.72,2.01,87.5,0.0,-0.0233,4,2+1+1+1,Calafiori (ARS) + J.Timber (ARS) + Thomas (COV) + Ajayi (HUL) + Greaves (IPS),Calafiori,J.Timber,Thomas,Ajayi,Greaves
gw4_19,Band 2: Mid-Value (£23.0m-£24.0m),24.0,86.71,18.582,86.11,315.53,304.59,10.94,19.72,2.17,93.8,0.0,-0.0947,5,1+1+1+1+1,Calafiori (ARS) + Vuskovic (BHA) + Smith (BOU) + Thomas (COV) + Muharemović (LEE),Calafiori,Vuskovic,Smith,Thomas,Muharemović
gw4_19,Band 2: Mid-Value (£23.0m-£24.0m),23.5,86.7,18.754,83.75,315.99,304.59,11.41,19.75,2.29,93.8,0.0,-0.1424,5,1+1+1+1+1,Calafiori (ARS) + Vuskovic (BHA) + Thomas (COV) + Greaves (IPS) + Muharemović (LEE),Calafiori,Vuskovic,Thomas,Greaves,Muharemović
gw4_19,Band 2: Mid-Value (£23.0m-£24.0m),24.0,86.45,18.53,86.17,314.69,304.23,10.46,19.67,2.18,93.8,0.0,-0.1271,5,1+1+1+1+1,Calafiori (ARS) + Vuskovic (BHA) + Smith (BOU) + Greaves (IPS) + Muharemović (LEE),Calafiori,Vuskovic,Smith,Greaves,Muharemović
gw4_19,Band 2: Mid-Value (£23.0m-£24.0m),24.0,86.42,18.54,85.96,314.85,304.54,10.31,19.68,2.02,87.5,0.0,-0.0299,4,2+1+1+1,Calafiori (ARS) + J.Timber (ARS) + Thomas (COV) + Ajayi (HUL) + O'Nien (SUN),Calafiori,J.Timber,Thomas,Ajayi,O'Nien
gw4_19,Band 2: Mid-Value (£23.0m-£24.0m),23.5,86.4,18.741,83.17,315.79,304.59,11.2,19.74,2.3,93.8,0.0,-0.1064,5,1+1+1+1+1,Calafiori (ARS) + Vuskovic (BHA) + Thomas (COV) + Muharemović (LEE) + O'Nien (SUN),Calafiori,Vuskovic,Thomas,Muharemović,O'Nien
gw4_19,Band 2: Mid-Value (£23.0m-£24.0m),23.5,86.3,18.69,83.61,314.98,304.23,10.76,19.69,2.29,93.8,0.0,-0.1262,5,1+1+1+1+1,Calafiori (ARS) + Vuskovic (BHA) + Ajayi (HUL) + Greaves (IPS) + Muharemović (LEE),Calafiori,Vuskovic,Ajayi,Greaves,Muharemović
gw4_19,Band 2: Mid-Value (£23.0m-£24.0m),24.0,86.26,19.102,77.91,323.84,313.53,10.31,20.24,2.26,81.2,0.0,-0.1023,5,1+1+1+1+1,Calafiori (ARS) + Vuskovic (BHA) + Ajayi (HUL) + Gvardiol (MCI) + O'Nien (SUN),Calafiori,Vuskovic,Ajayi,Gvardiol,O'Nien
gw4_19,Band 2: Mid-Value (£23.0m-£24.0m),23.0,86.18,18.443,86.7,308.74,298.25,10.49,19.3,2.18,93.8,0.0,-0.1897,5,1+1+1+1+1,Calafiori (ARS) + Vuskovic (BHA) + Smith (BOU) + Thomas (COV) + Greaves (IPS),Calafiori,Vuskovic,Smith,Thomas,Greaves
gw4_19,Band 2: Mid-Value (£23.0m-£24.0m),23.5,86.14,18.213,89.73,307.34,298.08,9.26,19.21,2.18,100.0,0.0,-0.1874,5,1+1+1+1+1,Calafiori (ARS) + Vuskovic (BHA) + Smith (BOU) + Thomas (COV) + Hume (SUN),Calafiori,Vuskovic,Smith,Thomas,Hume
gw4_19,Band 2: Mid-Value (£23.0m-£24.0m),24.0,85.74,18.138,89.73,308.42,298.08,10.34,19.28,2.18,100.0,0.0,-0.1874,5,1+1+1+1+1,Calafiori (ARS) + Vuskovic (BHA) + Smith (BOU) + Thomas (COV) + Ballard (SUN),Calafiori,Vuskovic,Smith,Thomas,Ballard
gw4_19,Band 2: Mid-Value (£23.0m-£24.0m),24.0,85.59,18.909,78.85,320.75,310.44,10.31,20.05,2.22,81.2,0.0,-0.1301,5,1+1+1+1+1,Calafiori (ARS) + Vuskovic (BHA) + Hill (BOU) + Ajayi (HUL) + O'Nien (SUN),Calafiori,Vuskovic,Hill,Ajayi,O'Nien
gw4_19,Band 2: Mid-Value (£23.0m-£24.0m),23.0,85.57,18.545,83.75,310.39,299.2,11.19,19.4,2.29,93.8,0.0,-0.1424,5,1+1+1+1+1,Calafiori (ARS) + Vuskovic (BHA) + Thomas (COV) + Greaves (IPS) + Justin (LEE),Calafiori,Vuskovic,Thomas,Greaves,Justin
gw4_19,Band 2: Mid-Value (£23.0m-£24.0m),23.5,85.55,18.369,86.11,309.85,299.2,10.65,19.37,2.17,93.8,0.0,-0.0947,5,1+1+1+1+1,Calafiori (ARS) + Vuskovic (BHA) + Smith (BOU) + Thomas (COV) + Justin (LEE),Calafiori,Vuskovic,Smith,Thomas,Justin
gw4_19,Band 2: Mid-Value (£23.0m-£24.0m),24.0,85.54,18.582,83.17,315.53,304.59,10.94,19.72,2.3,93.8,0.0,-0.1064,5,1+1+1+1+1,Calafiori (ARS) + Vuskovic (BHA) + Thomas (COV) + Muharemović (LEE) + Hume (SUN),Calafiori,Vuskovic,Thomas,Muharemović,Hume
gw4_19,Band 2: Mid-Value (£23.0m-£24.0m),24.0,85.49,18.541,83.62,314.87,304.23,10.64,19.68,2.26,93.8,0.0,-0.0516,5,1+1+1+1+1,Calafiori (ARS) + Vuskovic (BHA) + Greaves (IPS) + Muharemović (LEE) + Heaven (MUN),Calafiori,Vuskovic,Greaves,Muharemović,Heaven
gw4_19,Band 2: Mid-Value (£23.0m-£24.0m),24.0,85.27,18.088,89.26,307.62,298.08,9.55,19.23,2.17,100.0,0.0,-0.1028,5,1+1+1+1+1,Calafiori (ARS) + Vuskovic (BHA) + Smith (BOU) + Colwill (CHE) + Thomas (COV),Calafiori,Vuskovic,Smith,Colwill,Thomas
gw4_19,Band 2: Mid-Value (£23.0m-£24.0m),24.0,85.24,18.533,83.11,314.74,304.23,10.51,19.67,2.31,93.8,0.0,-0.1131,5,1+1+1+1+1,Calafiori (ARS) + Vuskovic (BHA) + Castagne (FUL) + Greaves (IPS) + Muharemović (LEE),Calafiori,Vuskovic,Castagne,Greaves,Muharemović
gw4_19,Band 2: Mid-Value (£23.0m-£24.0m),23.0,85.24,18.528,83.17,310.1,299.2,10.91,19.38,2.3,93.8,0.0,-0.1064,5,1+1+1+1+1,Calafiori (ARS) + Vuskovic (BHA) + Thomas (COV) + Justin (LEE) + O'Nien (SUN),Calafiori,Vuskovic,Thomas,Justin,O'Nien
gw4_19,Band 2: Mid-Value (£23.0m-£24.0m),24.0,85.23,18.045,89.72,306.94,296.66,10.28,19.18,2.17,100.0,0.0,-0.1482,5,1+1+1+1+1,Calafiori (ARS) + Vuskovic (BHA) + Smith (BOU) + Greaves (IPS) + Thiaw (NEW),Calafiori,Vuskovic,Smith,Greaves,Thiaw
gw4_19,Band 2: Mid-Value (£23.0m-£24.0m),24.0,85.22,19.164,74.44,324.84,313.53,11.31,20.3,2.24,75.0,0.0,-0.0044,5,1+1+1+1+1,Calafiori (ARS) + Vuskovic (BHA) + Thomas (COV) + Ajayi (HUL) + Gvardiol (MCI),Calafiori,Vuskovic,Thomas,Ajayi,Gvardiol
gw4_19,Band 2: Mid-Value (£23.0m-£24.0m),23.0,85.09,18.489,83.33,309.48,298.63,10.85,19.34,2.28,93.8,6.2,-0.0569,4,2+1+1+1,Calafiori (ARS) + De Cuyper (BHA) + Vuskovic (BHA) + Thomas (COV) + Greaves (IPS),Calafiori,De Cuyper,Vuskovic,Thomas,Greaves
gw4_19,Band 2: Mid-Value (£23.0m-£24.0m),23.5,85.09,18.742,79.88,315.81,304.59,11.22,19.74,2.29,87.5,0.0,-0.0459,5,1+1+1+1+1,Calafiori (ARS) + Vuskovic (BHA) + Thomas (COV) + Ajayi (HUL) + Muharemović (LEE),Calafiori,Vuskovic,Thomas,Ajayi,Muharemović
gw4_19,Band 2: Mid-Value (£23.0m-£24.0m),23.5,85.01,18.253,86.36,307.98,298.08,9.9,19.25,2.16,93.8,0.0,-0.0831,5,1+1+1+1+1,Calafiori (ARS) + Vuskovic (BHA) + Smith (BOU) + Thomas (COV) + Heaven (MUN),Calafiori,Vuskovic,Smith,Thomas,Heaven
gw4_19,Band 2: Mid-Value (£23.0m-£24.0m),23.5,84.81,18.229,86.17,307.59,297.23,10.36,19.22,2.18,93.8,0.0,-0.1271,5,1+1+1+1+1,Calafiori (ARS) + Vuskovic (BHA) + Smith (BOU) + Greaves (IPS) + Justin (LEE),Calafiori,Vuskovic,Smith,Greaves,Justin
gw4_19,Band 2: Mid-Value (£23.0m-£24.0m),24.0,84.77,18.481,82.64,313.91,303.92,9.99,19.62,2.18,87.5,0.0,-0.0755,5,1+1+1+1+1,Calafiori (ARS) + Vuskovic (BHA) + Smith (BOU) + Ajayi (HUL) + Muharemović (LEE),Calafiori,Vuskovic,Smith,Ajayi,Muharemović
gw4_19,Band 2: Mid-Value (£23.0m-£24.0m),24.0,84.75,18.153,87.06,308.65,298.36,10.3,19.29,2.15,93.8,0.0,-0.1552,5,1+1+1+1+1,Calafiori (ARS) + Vuskovic (BHA) + Smith (BOU) + Thomas (COV) + Jacquet (LIV),Calafiori,Vuskovic,Smith,Thomas,Jacquet
gw4_19,Band 2: Mid-Value (£23.0m-£24.0m),23.0,84.69,18.437,83.04,308.65,298.25,10.4,19.29,2.32,93.8,0.0,-0.1508,5,1+1+1+1+1,Calafiori (ARS) + Vuskovic (BHA) + Thomas (COV) + Mykolenko (EVE) + Greaves (IPS),Calafiori,Vuskovic,Thomas,Mykolenko,Greaves
gw4_19,Band 2: Mid-Value (£23.0m-£24.0m),23.0,84.67,18.392,83.61,307.93,297.23,10.7,19.25,2.29,93.8,0.0,-0.1262,5,1+1+1+1+1,Calafiori (ARS) + Vuskovic (BHA) + Ajayi (HUL) + Greaves (IPS) + Justin (LEE),Calafiori,Vuskovic,Ajayi,Greaves,Justin
gw4_19,Band 2: Mid-Value (£23.0m-£24.0m),24.0,84.64,18.608,80.59,315.95,304.59,11.36,19.75,2.29,87.5,0.0,-0.1419,5,1+1+1+1+1,Calafiori (ARS) + Pau (AVL) + Vuskovic (BHA) + Thomas (COV) + Muharemović (LEE),Calafiori,Pau,Vuskovic,Thomas,Muharemović
gw4_19,Band 2: Mid-Value (£23.0m-£24.0m),23.0,84.46,18.401,82.95,308.08,298.08,10.0,19.25,2.18,87.5,0.0,-0.1046,5,1+1+1+1+1,Calafiori (ARS) + Vuskovic (BHA) + Smith (BOU) + Thomas (COV) + Ajayi (HUL),Calafiori,Vuskovic,Smith,Thomas,Ajayi
gw4_19,Band 2: Mid-Value (£23.0m-£24.0m),23.5,84.38,18.37,83.17,309.85,299.2,10.65,19.37,2.3,93.8,0.0,-0.1064,5,1+1+1+1+1,Calafiori (ARS) + Vuskovic (BHA) + Thomas (COV) + Justin (LEE) + Hume (SUN),Calafiori,Vuskovic,Thomas,Justin,Hume
gw4_19,Band 2: Mid-Value (£23.0m-£24.0m),24.0,84.36,18.166,85.91,308.87,298.25,10.62,19.3,2.17,93.8,0.0,-0.0608,5,1+1+1+1+1,Calafiori (ARS) + Vuskovic (BHA) + Smith (BOU) + Thomas (COV) + Thiaw (NEW),Calafiori,Vuskovic,Smith,Thomas,Thiaw
gw4_19,Band 2: Mid-Value (£23.0m-£24.0m),24.0,84.35,18.132,86.36,308.32,298.25,10.08,19.27,2.16,93.8,0.0,-0.0831,5,1+1+1+1+1,Calafiori (ARS) + Vuskovic (BHA) + Smith (BOU) + Thomas (COV) + Dalot (MUN),Calafiori,Vuskovic,Smith,Thomas,Dalot
gw4_19,Band 2: Mid-Value (£23.0m-£24.0m),24.0,84.33,18.62,79.64,316.13,304.83,11.3,19.76,2.28,87.5,6.2,0.0246,4,2+1+1+1,Calafiori (ARS) + De Cuyper (BHA) + Vuskovic (BHA) + Thomas (COV) + Muharemović (LEE),Calafiori,De Cuyper,Vuskovic,Thomas,Muharemović
gw4_19,Band 2: Mid-Value (£23.0m-£24.0m),24.0,84.25,18.58,79.99,315.5,304.65,10.84,19.72,2.28,87.5,6.2,-0.0318,4,2+1+1+1,Calafiori (ARS) + De Cuyper (BHA) + Vuskovic (BHA) + Greaves (IPS) + Muharemović (LEE),Calafiori,De Cuyper,Vuskovic,Greaves,Muharemović
gw4_19,Band 2: Mid-Value (£23.0m-£24.0m),24.0,84.24,18.596,79.73,315.75,304.59,11.17,19.73,2.27,87.5,0.0,0.0182,5,1+1+1+1+1,Calafiori (ARS) + Vuskovic (BHA) + Thomas (COV) + Muharemović (LEE) + Heaven (MUN),Calafiori,Vuskovic,Thomas,Muharemović,Heaven
gw4_19,Band 2: Mid-Value (£23.0m-£24.0m),24.0,84.2,18.53,80.55,314.7,304.11,10.59,19.67,2.28,87.5,0.0,-0.1228,5,1+1+1+1+1,Calafiori (ARS) + Pau (AVL) + Vuskovic (BHA) + Ajayi (HUL) + Muharemović (LEE),Calafiori,Pau,Vuskovic,Ajayi,Muharemović
gw4_19,Band 2: Mid-Value (£23.0m-£24.0m),23.5,84.19,18.353,82.93,309.58,298.42,11.16,19.35,2.3,93.8,0.0,-0.0588,5,1+1+1+1+1,Calafiori (ARS) + Vuskovic (BHA) + Thomas (COV) + Greaves (IPS) + Thiaw (NEW),Calafiori,Vuskovic,Thomas,Greaves,Thiaw
gw4_19,Band 3: Single Anchor (£24.5m-£25.0m),25.0,96.25,19.815,93.16,339.8,328.51,11.29,21.24,1.98,100.0,6.2,-0.088,4,2+1+1+1,Calafiori (ARS) + J.Timber (ARS) + Vuskovic (BHA) + Thomas (COV) + O'Nien (SUN),Calafiori,J.Timber,Vuskovic,Thomas,O'Nien
gw4_19,Band 3: Single Anchor (£24.5m-£25.0m),25.0,96.14,19.782,93.31,339.28,328.51,10.77,21.21,1.99,100.0,6.2,-0.1086,4,2+1+1+1,Calafiori (ARS) + J.Timber (ARS) + Vuskovic (BHA) + Greaves (IPS) + O'Nien (SUN),Calafiori,J.Timber,Vuskovic,Greaves,O'Nien
gw4_19,Band 3: Single Anchor (£24.5m-£25.0m),25.0,95.95,19.784,92.82,339.3,328.51,10.8,21.21,1.96,100.0,6.2,-0.0431,4,2+1+1+1,Calafiori (ARS) + J.Timber (ARS) + Vuskovic (BHA) + Ajayi (HUL) + Greaves (IPS),Calafiori,J.Timber,Vuskovic,Ajayi,Greaves
gw4_19,Band 3: Single Anchor (£24.5m-£25.0m),25.0,95.81,19.816,92.05,339.82,328.51,11.31,21.24,1.96,100.0,6.2,0.0606,4,2+1+1+1,Calafiori (ARS) + J.Timber (ARS) + Vuskovic (BHA) + Thomas (COV) + Ajayi (HUL),Calafiori,J.Timber,Vuskovic,Thomas,Ajayi
gw4_19,Band 3: Single Anchor (£24.5m-£25.0m),25.0,95.02,19.825,89.93,339.97,328.51,11.46,21.25,1.97,93.8,6.2,-0.0743,4,2+1+1+1,Calafiori (ARS) + J.Timber (ARS) + Vuskovic (BHA) + Thomas (COV) + Greaves (IPS),Calafiori,J.Timber,Vuskovic,Thomas,Greaves
gw4_19,Band 3: Single Anchor (£24.5m-£25.0m),25.0,94.49,19.753,89.59,338.82,328.51,10.31,21.18,2.0,93.8,6.2,-0.0283,4,2+1+1+1,Calafiori (ARS) + J.Timber (ARS) + Vuskovic (BHA) + Ajayi (HUL) + O'Nien (SUN),Calafiori,J.Timber,Vuskovic,Ajayi,O'Nien
gw4_19,Band 3: Single Anchor (£24.5m-£25.0m),24.5,90.78,18.972,90.98,324.04,313.53,10.51,20.25,2.12,100.0,0.0,-0.1673,5,1+1+1+1+1,Calafiori (ARS) + Vuskovic (BHA) + Smith (BOU) + Greaves (IPS) + Gvardiol (MCI),Calafiori,Vuskovic,Smith,Greaves,Gvardiol
gw4_19,Band 3: Single Anchor (£24.5m-£25.0m),24.5,90.69,18.936,91.23,323.47,313.53,9.94,20.22,2.11,100.0,0.0,-0.181,5,1+1+1+1+1,Calafiori (ARS) + Vuskovic (BHA) + Smith (BOU) + Gvardiol (MCI) + O'Nien (SUN),Calafiori,Vuskovic,Smith,Gvardiol,O'Nien
gw4_19,Band 3: Single Anchor (£24.5m-£25.0m),25.0,90.02,18.731,92.35,322.46,311.05,11.41,20.15,1.98,100.0,0.0,0.0196,4,2+1+1+1,Calafiori (ARS) + J.Timber (ARS) + Thomas (COV) + Greaves (IPS) + Muharemović (LEE),Calafiori,J.Timber,Thomas,Greaves,Muharemović
gw4_19,Band 3: Single Anchor (£24.5m-£25.0m),25.0,90.0,18.718,92.49,322.25,311.05,11.2,20.14,1.99,100.0,0.0,0.0013,4,2+1+1+1,Calafiori (ARS) + J.Timber (ARS) + Thomas (COV) + Muharemović (LEE) + O'Nien (SUN),Calafiori,J.Timber,Thomas,Muharemović,O'Nien
gw4_19,Band 3: Single Anchor (£24.5m-£25.0m),24.5,89.98,19.022,88.28,324.84,313.53,11.31,20.3,2.22,100.0,0.0,-0.1206,5,1+1+1+1+1,Calafiori (ARS) + Vuskovic (BHA) + Greaves (IPS) + Justin (LEE) + Gvardiol (MCI),Calafiori,Vuskovic,Greaves,Justin,Gvardiol
gw4_19,Band 3: Single Anchor (£24.5m-£25.0m),25.0,89.78,19.483,81.49,334.49,323.2,11.29,20.91,2.24,87.5,0.0,-0.1167,5,1+1+1+1+1,Calafiori (ARS) + Vuskovic (BHA) + Thomas (COV) + O'Reilly (MCI) + O'Nien (SUN),Calafiori,Vuskovic,Thomas,O'Reilly,O'Nien
gw4_19,Band 3: Single Anchor (£24.5m-£25.0m),25.0,89.76,19.452,81.89,333.99,323.2,10.8,20.87,2.23,87.5,0.0,-0.1339,5,1+1+1+1+1,Calafiori (ARS) + Vuskovic (BHA) + Ajayi (HUL) + Greaves (IPS) + O'Reilly (MCI),Calafiori,Vuskovic,Ajayi,Greaves,O'Reilly
gw4_19,Band 3: Single Anchor (£24.5m-£25.0m),25.0,89.71,19.45,81.76,333.97,323.2,10.77,20.87,2.24,87.5,0.0,-0.163,5,1+1+1+1+1,Calafiori (ARS) + Vuskovic (BHA) + Greaves (IPS) + O'Reilly (MCI) + O'Nien (SUN),Calafiori,Vuskovic,Greaves,O'Reilly,O'Nien
gw4_19,Band 3: Single Anchor (£24.5m-£25.0m),25.0,89.68,18.752,91.23,322.79,313.53,9.26,20.17,2.11,100.0,0.0,-0.181,5,1+1+1+1+1,Calafiori (ARS) + Vuskovic (BHA) + Smith (BOU) + Gvardiol (MCI) + Hume (SUN),Calafiori,Vuskovic,Smith,Gvardiol,Hume
gw4_19,Band 3: Single Anchor (£24.5m-£25.0m),25.0,89.65,18.963,88.28,326.17,314.06,12.11,20.39,2.22,100.0,0.0,-0.1206,5,1+1+1+1+1,Calafiori (ARS) + Vuskovic (BHA) + Greaves (IPS) + Muharemović (LEE) + Gvardiol (MCI),Calafiori,Vuskovic,Greaves,Muharemović,Gvardiol
gw4_19,Band 3: Single Anchor (£24.5m-£25.0m),24.5,89.49,18.826,89.73,321.7,310.69,11.01,20.11,2.18,100.0,0.0,-0.1874,5,1+1+1+1+1,Calafiori (ARS) + Vuskovic (BHA) + Hill (BOU) + Thomas (COV) + Hume (SUN),Calafiori,Vuskovic,Hill,Thomas,Hume
gw4_19,Band 3: Single Anchor (£24.5m-£25.0m),25.0,89.21,18.873,88.39,324.73,313.53,11.2,20.3,2.21,100.0,0.0,-0.1092,5,1+1+1+1+1,Calafiori (ARS) + Vuskovic (BHA) + Greaves (IPS) + Gvardiol (MCI) + Thiaw (NEW),Calafiori,Vuskovic,Greaves,Gvardiol,Thiaw
gw4_19,Band 3: Single Anchor (£24.5m-£25.0m),24.5,88.88,18.522,92.35,316.85,305.66,11.19,19.8,1.98,100.0,0.0,0.0196,4,2+1+1+1,Calafiori (ARS) + J.Timber (ARS) + Thomas (COV) + Greaves (IPS) + Justin (LEE),Calafiori,J.Timber,Thomas,Greaves,Justin
gw4_19,Band 3: Single Anchor (£24.5m-£25.0m),24.5,88.84,18.505,92.49,316.57,305.66,10.91,19.79,1.99,100.0,0.0,0.0013,4,2+1+1+1,Calafiori (ARS) + J.Timber (ARS) + Thomas (COV) + Justin (LEE) + O'Nien (SUN),Calafiori,J.Timber,Thomas,Justin,O'Nien
gw4_19,Band 3: Single Anchor (£24.5m-£25.0m),25.0,88.84,18.707,89.73,322.08,310.69,11.38,20.13,2.18,100.0,0.0,-0.1874,5,1+1+1+1+1,Calafiori (ARS) + Vuskovic (BHA) + Hill (BOU) + Thomas (COV) + Ballard (SUN),Calafiori,Vuskovic,Hill,Thomas,Ballard
gw4_19,Band 3: Single Anchor (£24.5m-£25.0m),24.5,88.72,18.433,93.16,315.42,304.92,10.5,19.71,1.98,100.0,6.2,-0.088,4,2+1+1+1,Calafiori (ARS) + J.Timber (ARS) + De Cuyper (BHA) + Thomas (COV) + O'Nien (SUN),Calafiori,J.Timber,De Cuyper,Thomas,O'Nien
gw4_19,Band 3: Single Anchor (£24.5m-£25.0m),25.0,88.69,18.68,89.72,321.64,310.44,11.2,20.1,2.17,100.0,0.0,-0.1482,5,1+1+1+1+1,Calafiori (ARS) + Vuskovic (BHA) + Hill (BOU) + Greaves (IPS) + Thiaw (NEW),Calafiori,Vuskovic,Hill,Greaves,Thiaw
gw4_19,Band 3: Single Anchor (£24.5m-£25.0m),25.0,88.65,18.642,90.14,321.05,310.44,10.61,20.07,2.16,100.0,0.0,-0.1848,5,1+1+1+1+1,Calafiori (ARS) + Vuskovic (BHA) + Hill (BOU) + Colwill (CHE) + Greaves (IPS),Calafiori,Vuskovic,Hill,Colwill,Greaves
gw4_19,Band 3: Single Anchor (£24.5m-£25.0m),25.0,88.65,19.493,78.53,334.66,323.2,11.46,20.92,2.24,81.2,0.0,-0.1198,5,1+1+1+1+1,Calafiori (ARS) + Vuskovic (BHA) + Thomas (COV) + Greaves (IPS) + O'Reilly (MCI),Calafiori,Vuskovic,Thomas,Greaves,O'Reilly
gw4_19,Band 3: Single Anchor (£24.5m-£25.0m),25.0,88.59,18.81,87.7,323.73,313.53,10.2,20.23,2.1,93.8,6.2,-0.0775,4,2+1+1+1,Calafiori (ARS) + De Cuyper (BHA) + Vuskovic (BHA) + Smith (BOU) + Gvardiol (MCI),Calafiori,De Cuyper,Vuskovic,Smith,Gvardiol
gw4_19,Band 3: Single Anchor (£24.5m-£25.0m),24.5,88.57,18.997,85.1,324.45,313.53,10.92,20.28,2.21,93.8,6.2,-0.091,4,2+1+1+1,Calafiori (ARS) + De Cuyper (BHA) + Vuskovic (BHA) + Greaves (IPS) + Gvardiol (MCI),Calafiori,De Cuyper,Vuskovic,Greaves,Gvardiol
gw4_19,Band 3: Single Anchor (£24.5m-£25.0m),24.5,88.56,18.975,85.37,324.09,313.53,10.56,20.26,2.23,93.8,0.0,-0.1917,5,1+1+1+1+1,Calafiori (ARS) + Pau (AVL) + Vuskovic (BHA) + Gvardiol (MCI) + O'Nien (SUN),Calafiori,Pau,Vuskovic,Gvardiol,O'Nien
gw4_19,Band 3: Single Anchor (£24.5m-£25.0m),25.0,88.56,18.691,89.26,321.82,310.69,11.12,20.11,2.17,100.0,0.0,-0.1028,5,1+1+1+1+1,Calafiori (ARS) + Vuskovic (BHA) + Hill (BOU) + Colwill (CHE) + Thomas (COV),Calafiori,Vuskovic,Hill,Colwill,Thomas
gw4_19,Band 3: Single Anchor (£24.5m-£25.0m),24.5,88.55,19.042,84.43,325.16,313.53,11.63,20.32,2.22,93.8,0.0,-0.0153,5,1+1+1+1+1,Calafiori (ARS) + Vuskovic (BHA) + Thomas (COV) + Justin (LEE) + Gvardiol (MCI),Calafiori,Vuskovic,Thomas,Justin,Gvardiol
gw4_19,Band 3: Single Anchor (£24.5m-£25.0m),24.5,88.5,18.42,92.79,315.2,304.71,10.49,19.7,1.91,100.0,12.5,-0.0392,4,2+1+1+1,Calafiori (ARS) + J.Timber (ARS) + Smith (BOU) + Thomas (COV) + Greaves (IPS),Calafiori,J.Timber,Smith,Thomas,Greaves
gw4_19,Band 3: Single Anchor (£24.5m-£25.0m),24.5,88.48,19.005,84.76,324.57,313.53,11.04,20.29,2.23,93.8,0.0,-0.1007,5,1+1+1+1+1,Calafiori (ARS) + Vuskovic (BHA) + Justin (LEE) + Gvardiol (MCI) + O'Nien (SUN),Calafiori,Vuskovic,Justin,Gvardiol,O'Nien
gw4_19,Band 3: Single Anchor (£24.5m-£25.0m),24.5,88.46,18.983,85.02,324.23,313.53,10.7,20.26,2.21,93.8,0.0,-0.0823,5,1+1+1+1+1,Calafiori (ARS) + Vuskovic (BHA) + Greaves (IPS) + Gvardiol (MCI) + Heaven (MUN),Calafiori,Vuskovic,Greaves,Gvardiol,Heaven
gw4_19,Band 3: Single Anchor (£24.5m-£25.0m),24.5,88.45,18.975,85.1,324.09,313.53,10.56,20.26,2.23,93.8,0.0,-0.1601,5,1+1+1+1+1,Calafiori (ARS) + Vuskovic (BHA) + Castagne (FUL) + Greaves (IPS) + Gvardiol (MCI),Calafiori,Vuskovic,Castagne,Greaves,Gvardiol
gw4_19,Band 3: Single Anchor (£24.5m-£25.0m),24.5,88.44,19.026,84.38,324.91,313.53,11.38,20.31,2.21,93.8,6.2,0.0146,4,2+1+1+1,Calafiori (ARS) + De Cuyper (BHA) + Vuskovic (BHA) + Thomas (COV) + Gvardiol (MCI),Calafiori,De Cuyper,Vuskovic,Thomas,Gvardiol
gw4_19,Band 3: Single Anchor (£24.5m-£25.0m),24.5,88.42,19.009,84.55,324.64,313.53,11.11,20.29,2.22,93.8,0.0,-0.0389,5,1+1+1+1+1,Calafiori (ARS) + Vuskovic (BHA) + Ajayi (HUL) + Justin (LEE) + Gvardiol (MCI),Calafiori,Vuskovic,Ajayi,Justin,Gvardiol
gw4_19,Band 3: Single Anchor (£24.5m-£25.0m),24.5,88.41,18.374,93.18,314.48,304.54,9.94,19.66,1.9,100.0,12.5,-0.0911,4,2+1+1+1,Calafiori (ARS) + J.Timber (ARS) + Smith (BOU) + Thomas (COV) + O'Nien (SUN),Calafiori,J.Timber,Smith,Thomas,O'Nien
gw4_19,Band 3: Single Anchor (£24.5m-£25.0m),25.0,88.41,18.667,89.19,321.45,310.69,10.76,20.09,2.0,93.8,0.0,0.0247,4,2+1+1+1,Calafiori (ARS) + J.Timber (ARS) + Ajayi (HUL) + Greaves (IPS) + Muharemović (LEE),Calafiori,J.Timber,Ajayi,Greaves,Muharemović
gw4_19,Band 3: Single Anchor (£24.5m-£25.0m),24.5,88.34,18.927,85.48,323.32,313.53,9.79,20.21,2.22,93.8,0.0,-0.1572,5,1+1+1+1+1,Calafiori (ARS) + Vuskovic (BHA) + Mingueza (CRY) + Gvardiol (MCI) + O'Nien (SUN),Calafiori,Vuskovic,Mingueza,Gvardiol,O'Nien
gw4_19,Band 3: Single Anchor (£24.5m-£25.0m),24.5,88.31,18.439,92.05,315.52,304.92,10.6,19.72,1.96,100.0,6.2,0.0606,4,2+1+1+1,Calafiori (ARS) + J.Timber (ARS) + De Cuyper (BHA) + Thomas (COV) + Ajayi (HUL),Calafiori,J.Timber,De Cuyper,Thomas,Ajayi
gw4_19,Band 3: Single Anchor (£24.5m-£25.0m),25.0,88.31,18.517,90.98,319.05,308.54,10.51,19.94,2.12,100.0,0.0,-0.1673,5,1+1+1+1+1,Calafiori (ARS) + Vuskovic (BHA) + Smith (BOU) + Greaves (IPS) + Guéhi (MCI),Calafiori,Vuskovic,Smith,Greaves,Guéhi
gw4_19,Band 3: Single Anchor (£24.5m-£25.0m),24.5,88.3,18.366,93.02,314.35,304.54,9.81,19.65,2.01,100.0,0.0,-0.1072,4,2+1+1+1,Calafiori (ARS) + J.Timber (ARS) + Thomas (COV) + Mykolenko (EVE) + O'Nien (SUN),Calafiori,J.Timber,Thomas,Mykolenko,O'Nien
gw4_19,Band 3: Single Anchor (£24.5m-£25.0m),24.5,88.3,19.019,84.12,324.79,313.53,11.26,20.3,2.21,93.8,0.0,0.0366,5,1+1+1+1+1,Calafiori (ARS) + Vuskovic (BHA) + Thomas (COV) + Gvardiol (MCI) + Heaven (MUN),Calafiori,Vuskovic,Thomas,Gvardiol,Heaven
gw4_19,Band 3: Single Anchor (£24.5m-£25.0m),24.5,88.3,18.966,84.84,323.95,313.53,10.42,20.25,2.24,93.8,0.0,-0.1411,5,1+1+1+1+1,Calafiori (ARS) + Vuskovic (BHA) + Mykolenko (EVE) + Greaves (IPS) + Gvardiol (MCI),Calafiori,Vuskovic,Mykolenko,Greaves,Gvardiol
gw4_19,Band 3: Single Anchor (£24.5m-£25.0m),24.5,88.24,18.863,86.11,322.29,310.69,11.6,20.14,2.17,93.8,0.0,-0.0947,5,1+1+1+1+1,Calafiori (ARS) + Vuskovic (BHA) + Hill (BOU) + Thomas (COV) + Justin (LEE),Calafiori,Vuskovic,Hill,Thomas,Justin
gw4_19,Band 3: Single Anchor (£24.5m-£25.0m),24.5,88.21,19.005,84.1,324.57,313.53,11.04,20.29,2.12,87.5,0.0,-0.0858,5,1+1+1+1+1,Calafiori (ARS) + Vuskovic (BHA) + Smith (BOU) + Thomas (COV) + Gvardiol (MCI),Calafiori,Vuskovic,Smith,Thomas,Gvardiol
gw4_19,Band 3: Single Anchor (£24.5m-£25.0m),24.5,88.21,18.84,86.36,321.93,310.69,11.23,20.12,2.16,93.8,0.0,-0.0831,5,1+1+1+1+1,Calafiori (ARS) + Vuskovic (BHA) + Hill (BOU) + Thomas (COV) + Heaven (MUN),Calafiori,Vuskovic,Hill,Thomas,Heaven
gw4_19,Band 3: Single Anchor (£24.5m-£25.0m),25.0,88.21,18.482,91.23,318.48,308.54,9.94,19.9,2.11,100.0,0.0,-0.181,5,1+1+1+1+1,Calafiori (ARS) + Vuskovic (BHA) + Smith (BOU) + Guéhi (MCI) + O'Nien (SUN),Calafiori,Vuskovic,Smith,Guéhi,O'Nien
gw4_19,Band 3: Single Anchor (£24.5m-£25.0m),24.5,88.21,18.993,84.27,324.38,313.53,10.85,20.27,2.25,93.8,0.0,-0.1033,5,1+1+1+1+1,Calafiori (ARS) + Vuskovic (BHA) + Greaves (IPS) + Gvardiol (MCI) + Aina (NFO),Calafiori,Vuskovic,Greaves,Gvardiol,Aina
gw4_19,Band 3: Single Anchor (£24.5m-£25.0m),25.0,88.18,18.951,84.76,325.98,314.06,11.92,20.37,2.23,93.8,0.0,-0.1007,5,1+1+1+1+1,Calafiori (ARS) + Vuskovic (BHA) + Muharemović (LEE) + Gvardiol (MCI) + O'Nien (SUN),Calafiori,Vuskovic,Muharemović,Gvardiol,O'Nien
gw4_19,Band 4: Premium / Dual Anchor (£25.5m-£26.0m),25.5,95.39,19.657,93.16,339.55,328.51,11.04,21.22,1.98,100.0,6.2,-0.088,4,2+1+1+1,Calafiori (ARS) + J.Timber (ARS) + Vuskovic (BHA) + Thomas (COV) + Hume (SUN),Calafiori,J.Timber,Vuskovic,Thomas,Hume
gw4_19,Band 4: Premium / Dual Anchor (£25.5m-£26.0m),25.5,95.34,19.627,93.43,339.07,328.51,10.56,21.19,1.98,100.0,6.2,-0.1244,4,2+1+1+1,Calafiori (ARS) + J.Timber (ARS) + Pau (AVL) + Vuskovic (BHA) + O'Nien (SUN),Calafiori,J.Timber,Pau,Vuskovic,O'Nien
gw4_19,Band 4: Premium / Dual Anchor (£25.5m-£26.0m),25.5,95.28,19.675,92.62,339.85,328.51,11.34,21.24,1.98,100.0,6.2,-0.0158,4,2+1+1+1,Calafiori (ARS) + J.Timber (ARS) + Vuskovic (BHA) + Thomas (COV) + Aina (NFO),Calafiori,J.Timber,Vuskovic,Thomas,Aina
gw4_19,Band 4: Premium / Dual Anchor (£25.5m-£26.0m),25.5,95.26,19.621,93.31,338.98,328.51,10.47,21.19,1.99,100.0,6.2,-0.1086,4,2+1+1+1,Calafiori (ARS) + J.Timber (ARS) + Vuskovic (BHA) + Greaves (IPS) + Hume (SUN),Calafiori,J.Timber,Vuskovic,Greaves,Hume
gw4_19,Band 4: Premium / Dual Anchor (£25.5m-£26.0m),25.5,95.17,19.656,92.62,339.55,328.51,11.04,21.22,1.87,100.0,18.8,-0.0164,4,2+1+1+1,Calafiori (ARS) + J.Timber (ARS) + Vuskovic (BHA) + Smith (BOU) + Thomas (COV),Calafiori,J.Timber,Vuskovic,Smith,Thomas
gw4_19,Band 4: Premium / Dual Anchor (£25.5m-£26.0m),25.5,95.17,19.673,92.37,339.82,328.51,11.31,21.24,1.96,100.0,6.2,0.0175,4,2+1+1+1,Calafiori (ARS) + J.Timber (ARS) + Vuskovic (BHA) + Greaves (IPS) + Justin (LEE),Calafiori,J.Timber,Vuskovic,Greaves,Justin
gw4_19,Band 4: Premium / Dual Anchor (£25.5m-£26.0m),25.5,95.16,19.623,93.04,339.02,328.51,10.51,21.19,1.86,100.0,18.8,-0.0721,4,2+1+1+1,Calafiori (ARS) + J.Timber (ARS) + Vuskovic (BHA) + Smith (BOU) + Greaves (IPS),Calafiori,J.Timber,Vuskovic,Smith,Greaves
gw4_19,Band 4: Premium / Dual Anchor (£25.5m-£26.0m),25.5,95.12,19.645,92.65,339.36,328.51,10.85,21.21,1.99,100.0,6.2,-0.0206,4,2+1+1+1,Calafiori (ARS) + J.Timber (ARS) + Vuskovic (BHA) + Greaves (IPS) + Aina (NFO),Calafiori,J.Timber,Vuskovic,Greaves,Aina
gw4_19,Band 4: Premium / Dual Anchor (£25.5m-£26.0m),25.5,95.11,19.627,92.87,339.07,328.51,10.56,21.19,1.97,100.0,6.2,-0.0489,4,2+1+1+1,Calafiori (ARS) + J.Timber (ARS) + Vuskovic (BHA) + Castagne (FUL) + Greaves (IPS),Calafiori,J.Timber,Vuskovic,Castagne,Greaves
gw4_19,Band 4: Premium / Dual Anchor (£25.5m-£26.0m),25.5,95.06,19.588,93.27,338.45,328.51,9.94,21.15,1.87,100.0,18.8,-0.1026,4,2+1+1+1,Calafiori (ARS) + J.Timber (ARS) + Vuskovic (BHA) + Smith (BOU) + O'Nien (SUN),Calafiori,J.Timber,Vuskovic,Smith,O'Nien
gw4_19,Band 4: Premium / Dual Anchor (£25.5m-£26.0m),25.5,95.04,19.693,91.77,340.14,328.51,11.63,21.26,1.95,100.0,6.2,0.0972,4,2+1+1+1,Calafiori (ARS) + J.Timber (ARS) + Vuskovic (BHA) + Thomas (COV) + Justin (LEE),Calafiori,J.Timber,Vuskovic,Thomas,Justin
gw4_19,Band 4: Premium / Dual Anchor (£25.5m-£26.0m),25.5,95.02,19.63,92.6,339.12,328.51,10.61,21.2,1.95,100.0,6.2,-0.0138,4,2+1+1+1,Calafiori (ARS) + J.Timber (ARS) + Pau (AVL) + Vuskovic (BHA) + Ajayi (HUL),Calafiori,J.Timber,Pau,Vuskovic,Ajayi
gw4_19,Band 4: Premium / Dual Anchor (£25.5m-£26.0m),25.5,94.97,19.635,92.41,339.2,328.51,10.7,21.2,1.98,100.0,12.5,0.0119,4,2+1+1+1,Calafiori (ARS) + J.Timber (ARS) + Vuskovic (BHA) + Greaves (IPS) + Heaven (MUN),Calafiori,J.Timber,Vuskovic,Greaves,Heaven
gw4_19,Band 4: Premium / Dual Anchor (£25.5m-£26.0m),25.5,94.95,19.662,91.98,339.64,328.51,11.13,21.23,1.97,100.0,6.2,0.0698,4,2+1+1+1,Calafiori (ARS) + J.Timber (ARS) + Vuskovic (BHA) + Thomas (COV) + Castagne (FUL),Calafiori,J.Timber,Vuskovic,Thomas,Castagne
gw4_19,Band 4: Premium / Dual Anchor (£25.5m-£26.0m),25.5,94.9,19.579,92.99,338.3,328.51,9.79,21.14,1.98,100.0,12.5,-0.0655,4,2+1+1+1,Calafiori (ARS) + J.Timber (ARS) + Vuskovic (BHA) + Mingueza (CRY) + O'Nien (SUN),Calafiori,J.Timber,Vuskovic,Mingueza,O'Nien
gw4_19,Band 4: Premium / Dual Anchor (£25.5m-£26.0m),25.5,94.89,19.67,91.71,339.77,328.51,11.26,21.24,1.97,100.0,12.5,0.105,4,2+1+1+1,Calafiori (ARS) + J.Timber (ARS) + Vuskovic (BHA) + Thomas (COV) + Heaven (MUN),Calafiori,J.Timber,Vuskovic,Thomas,Heaven
gw4_19,Band 4: Premium / Dual Anchor (£25.5m-£26.0m),25.5,94.79,19.661,91.61,339.62,328.51,11.11,21.23,1.96,100.0,6.2,0.1188,4,2+1+1+1,Calafiori (ARS) + J.Timber (ARS) + Vuskovic (BHA) + Ajayi (HUL) + Justin (LEE),Calafiori,J.Timber,Vuskovic,Ajayi,Justin
gw4_19,Band 4: Premium / Dual Anchor (£25.5m-£26.0m),26.0,94.74,19.537,93.16,339.92,328.51,11.41,21.24,1.98,100.0,6.2,-0.088,4,2+1+1+1,Calafiori (ARS) + J.Timber (ARS) + Vuskovic (BHA) + Thomas (COV) + Ballard (SUN),Calafiori,J.Timber,Vuskovic,Thomas,Ballard
gw4_19,Band 4: Premium / Dual Anchor (£25.5m-£26.0m),25.5,94.72,19.592,92.37,338.51,328.51,10.0,21.16,1.87,100.0,18.8,0.0178,4,2+1+1+1,Calafiori (ARS) + J.Timber (ARS) + Vuskovic (BHA) + Smith (BOU) + Ajayi (HUL),Calafiori,J.Timber,Vuskovic,Smith,Ajayi
gw4_19,Band 4: Premium / Dual Anchor (£25.5m-£26.0m),26.0,94.68,19.585,92.37,340.68,328.51,12.17,21.29,1.96,100.0,6.2,0.0175,4,2+1+1+1,Calafiori (ARS) + J.Timber (ARS) + Vuskovic (BHA) + Greaves (IPS) + Muharemović (LEE),Calafiori,J.Timber,Vuskovic,Greaves,Muharemović
gw4_19,Band 4: Premium / Dual Anchor (£25.5m-£26.0m),26.0,94.65,19.509,93.31,339.47,328.51,10.96,21.22,1.99,100.0,6.2,-0.1086,4,2+1+1+1,Calafiori (ARS) + J.Timber (ARS) + Vuskovic (BHA) + Greaves (IPS) + Ballard (SUN),Calafiori,J.Timber,Vuskovic,Greaves,Ballard
gw4_19,Band 4: Premium / Dual Anchor (£25.5m-£26.0m),26.0,94.63,19.513,93.22,339.54,328.51,11.03,21.22,1.96,100.0,6.2,-0.0963,4,2+1+1+1,Calafiori (ARS) + J.Timber (ARS) + Vuskovic (BHA) + Greaves (IPS) + Jacquet (LIV),Calafiori,J.Timber,Vuskovic,Greaves,Jacquet
gw4_19,Band 4: Premium / Dual Anchor (£25.5m-£26.0m),26.0,94.63,19.539,92.86,339.94,328.51,11.43,21.25,1.95,100.0,6.2,-0.048,4,2+1+1+1,Calafiori (ARS) + J.Timber (ARS) + Vuskovic (BHA) + Thomas (COV) + Jacquet (LIV),Calafiori,J.Timber,Vuskovic,Thomas,Jacquet
gw4_19,Band 4: Premium / Dual Anchor (£25.5m-£26.0m),25.5,94.61,19.584,92.19,338.39,328.51,9.88,21.15,1.95,100.0,12.5,0.0413,4,2+1+1+1,Calafiori (ARS) + J.Timber (ARS) + Vuskovic (BHA) + Mingueza (CRY) + Ajayi (HUL),Calafiori,J.Timber,Vuskovic,Mingueza,Ajayi
gw4_19,Band 4: Premium / Dual Anchor (£25.5m-£26.0m),26.0,94.57,19.518,92.99,339.61,328.51,11.1,21.23,1.98,100.0,12.5,-0.0655,4,2+1+1+1,Calafiori (ARS) + J.Timber (ARS) + Vuskovic (BHA) + Canvot (CRY) + O'Nien (SUN),Calafiori,J.Timber,Vuskovic,Canvot,O'Nien
gw4_19,Band 4: Premium / Dual Anchor (£25.5m-£26.0m),26.0,94.5,19.596,91.77,340.86,328.51,12.35,21.3,1.95,100.0,6.2,0.0972,4,2+1+1+1,Calafiori (ARS) + J.Timber (ARS) + Vuskovic (BHA) + Thomas (COV) + Muharemović (LEE),Calafiori,J.Timber,Vuskovic,Thomas,Muharemović
gw4_19,Band 4: Premium / Dual Anchor (£25.5m-£26.0m),25.5,94.47,19.607,91.53,338.76,328.51,10.25,21.17,1.97,100.0,12.5,0.1289,4,2+1+1+1,Calafiori (ARS) + J.Timber (ARS) + Vuskovic (BHA) + Ajayi (HUL) + Heaven (MUN),Calafiori,J.Timber,Vuskovic,Ajayi,Heaven
gw4_19,Band 4: Premium / Dual Anchor (£25.5m-£26.0m),26.0,94.46,19.466,93.43,338.77,328.51,10.26,21.17,1.98,100.0,6.2,-0.1244,4,2+1+1+1,Calafiori (ARS) + J.Timber (ARS) + Pau (AVL) + Vuskovic (BHA) + Hume (SUN),Calafiori,J.Timber,Pau,Vuskovic,Hume
gw4_19,Band 4: Premium / Dual Anchor (£25.5m-£26.0m),26.0,94.45,19.523,92.62,339.69,328.51,11.19,21.23,1.98,100.0,6.2,-0.0158,4,2+1+1+1,Calafiori (ARS) + J.Timber (ARS) + Vuskovic (BHA) + Thomas (COV) + N.Williams (NFO),Calafiori,J.Timber,Vuskovic,Thomas,N.Williams
gw4_19,Band 4: Premium / Dual Anchor (£25.5m-£26.0m),26.0,94.43,19.487,93.06,339.12,328.51,10.61,21.19,1.96,100.0,12.5,-0.0741,4,2+1+1+1,Calafiori (ARS) + J.Timber (ARS) + Vuskovic (BHA) + Colwill (CHE) + Greaves (IPS),Calafiori,J.Timber,Vuskovic,Colwill,Greaves
gw4_19,Band 4: Premium / Dual Anchor (£25.5m-£26.0m),26.0,94.32,19.524,92.29,339.71,328.51,11.2,21.23,1.97,100.0,6.2,0.0283,4,2+1+1+1,Calafiori (ARS) + J.Timber (ARS) + Vuskovic (BHA) + Greaves (IPS) + Thiaw (NEW),Calafiori,J.Timber,Vuskovic,Greaves,Thiaw
gw4_19,Band 4: Premium / Dual Anchor (£25.5m-£26.0m),26.0,94.32,19.575,91.61,340.51,328.51,12.01,21.28,1.96,100.0,6.2,0.1188,4,2+1+1+1,Calafiori (ARS) + J.Timber (ARS) + Vuskovic (BHA) + Ajayi (HUL) + Muharemović (LEE),Calafiori,J.Timber,Vuskovic,Ajayi,Muharemović
gw4_19,Band 4: Premium / Dual Anchor (£25.5m-£26.0m),26.0,94.29,19.527,92.17,339.75,328.51,11.24,21.23,1.95,100.0,6.2,0.0435,4,2+1+1+1,Calafiori (ARS) + J.Timber (ARS) + Pau (AVL) + Vuskovic (BHA) + Justin (LEE),Calafiori,J.Timber,Pau,Vuskovic,Justin
gw4_19,Band 4: Premium / Dual Anchor (£25.5m-£26.0m),26.0,94.28,19.49,92.65,339.16,328.51,10.65,21.2,1.99,100.0,6.2,-0.0206,4,2+1+1+1,Calafiori (ARS) + J.Timber (ARS) + Vuskovic (BHA) + Greaves (IPS) + N.Williams (NFO),Calafiori,J.Timber,Vuskovic,Greaves,N.Williams
gw4_19,Band 4: Premium / Dual Anchor (£25.5m-£26.0m),26.0,94.25,19.518,92.19,339.62,328.51,11.11,21.23,1.95,100.0,12.5,0.0413,4,2+1+1+1,Calafiori (ARS) + J.Timber (ARS) + Vuskovic (BHA) + Canvot (CRY) + Ajayi (HUL),Calafiori,J.Timber,Vuskovic,Canvot,Ajayi
gw4_19,Band 4: Premium / Dual Anchor (£25.5m-£26.0m),26.0,94.23,19.493,92.48,339.21,328.51,10.7,21.2,1.96,100.0,6.2,0.0032,4,2+1+1+1,Calafiori (ARS) + J.Timber (ARS) + Vuskovic (BHA) + Ajayi (HUL) + Jacquet (LIV),Calafiori,J.Timber,Vuskovic,Ajayi,Jacquet
gw4_19,Band 4: Premium / Dual Anchor (£25.5m-£26.0m),26.0,94.22,19.497,92.41,339.28,328.51,10.77,21.2,1.98,100.0,12.5,0.0119,4,2+1+1+1,Calafiori (ARS) + J.Timber (ARS) + Vuskovic (BHA) + Greaves (IPS) + Dalot (MUN),Calafiori,J.Timber,Vuskovic,Greaves,Dalot
gw4_19,Band 4: Premium / Dual Anchor (£25.5m-£26.0m),26.0,94.22,19.521,92.09,339.66,328.51,11.15,21.23,1.97,100.0,12.5,0.0552,4,2+1+1+1,Calafiori (ARS) + J.Timber (ARS) + Vuskovic (BHA) + Colwill (CHE) + Thomas (COV),Calafiori,J.Timber,Vuskovic,Colwill,Thomas
gw4_19,Band 4: Premium / Dual Anchor (£25.5m-£26.0m),25.5,94.15,19.681,89.73,339.94,328.51,11.43,21.25,1.96,93.8,6.2,-0.0478,4,2+1+1+1,Calafiori (ARS) + J.Timber (ARS) + Pau (AVL) + Vuskovic (BHA) + Thomas (COV),Calafiori,J.Timber,Pau,Vuskovic,Thomas
gw4_19,Band 4: Premium / Dual Anchor (£25.5m-£26.0m),26.0,94.13,19.531,91.71,339.82,328.51,11.31,21.24,1.97,100.0,12.5,0.105,4,2+1+1+1,Calafiori (ARS) + J.Timber (ARS) + Vuskovic (BHA) + Thomas (COV) + Dalot (MUN),Calafiori,J.Timber,Vuskovic,Thomas,Dalot
gw4_19,Band 4: Premium / Dual Anchor (£25.5m-£26.0m),25.5,94.07,19.623,90.32,339.01,328.51,10.5,21.19,1.99,93.8,6.2,-0.1258,4,2+1+1+1,Calafiori (ARS) + J.Timber (ARS) + Vuskovic (BHA) + Greaves (IPS) + Robertson (TOT),Calafiori,J.Timber,Vuskovic,Greaves,Robertson
gw4_19,Band 4: Premium / Dual Anchor (£25.5m-£26.0m),26.0,94.05,19.403,93.27,337.77,328.51,9.26,21.11,1.87,100.0,18.8,-0.1026,4,2+1+1+1,Calafiori (ARS) + J.Timber (ARS) + Vuskovic (BHA) + Smith (BOU) + Hume (SUN),Calafiori,J.Timber,Vuskovic,Smith,Hume
gw4_19,Band 4: Premium / Dual Anchor (£25.5m-£26.0m),25.5,94.02,19.65,89.83,339.44,328.51,10.93,21.21,1.98,93.8,6.2,-0.0603,4,2+1+1+1,Calafiori (ARS) + J.Timber (ARS) + Pau (AVL) + Vuskovic (BHA) + Greaves (IPS),Calafiori,J.Timber,Pau,Vuskovic,Greaves
gw4_19,Band 4: Premium / Dual Anchor (£25.5m-£26.0m),26.0,94.01,19.542,91.28,340.0,328.51,11.49,21.25,1.97,100.0,6.2,0.163,4,2+1+1+1,Calafiori (ARS) + J.Timber (ARS) + Vuskovic (BHA) + Thomas (COV) + Thiaw (NEW),Calafiori,J.Timber,Vuskovic,Thomas,Thiaw
gw4_19,Band 4: Premium / Dual Anchor (£25.5m-£26.0m),25.5,93.97,19.658,89.59,339.57,328.51,11.07,21.22,1.98,93.8,6.2,-0.0281,4,2+1+1+1,Calafiori (ARS) + J.Timber (ARS) + Vuskovic (BHA) + Thomas (COV) + Robertson (TOT),Calafiori,J.Timber,Vuskovic,Thomas,Robertson
gw4_19,Band 4: Premium / Dual Anchor (£25.5m-£26.0m),26.0,93.9,19.502,91.53,339.36,328.51,10.85,21.21,1.97,100.0,6.2,0.1296,4,2+1+1+1,Calafiori (ARS) + J.Timber (ARS) + Vuskovic (BHA) + Kayode (BRE) + Justin (LEE),Calafiori,J.Timber,Vuskovic,Kayode,Justin
gw4_19,Band 4: Premium / Dual Anchor (£25.5m-£26.0m),26.0,93.89,19.498,91.58,339.29,328.51,10.79,21.21,1.86,100.0,18.8,0.1232,4,2+1+1+1,Calafiori (ARS) + J.Timber (ARS) + Vuskovic (BHA) + Smith (BOU) + Justin (LEE),Calafiori,J.Timber,Vuskovic,Smith,Justin
gw4_19,Band 4: Premium / Dual Anchor (£25.5m-£26.0m),26.0,93.87,19.448,92.21,338.49,328.51,9.98,21.16,1.98,100.0,12.5,0.039,4,2+1+1+1,Calafiori (ARS) + J.Timber (ARS) + Vuskovic (BHA) + Mingueza (CRY) + Aina (NFO),Calafiori,J.Timber,Vuskovic,Mingueza,Aina
gw4_19,Band 4: Premium / Dual Anchor (£25.5m-£26.0m),25.5,93.85,19.653,89.36,339.49,328.51,10.99,21.22,1.98,93.8,6.2,0.0025,4,2+1+1+1,Calafiori (ARS) + J.Timber (ARS) + Vuskovic (BHA) + Thomas (COV) + Mykolenko (EVE),Calafiori,J.Timber,Vuskovic,Thomas,Mykolenko
gw4_19,Band 4: Premium / Dual Anchor (£25.5m-£26.0m),26.0,93.84,19.385,92.99,337.48,328.51,8.97,21.09,1.98,100.0,12.5,-0.0655,4,2+1+1+1,Calafiori (ARS) + J.Timber (ARS) + Vuskovic (BHA) + Mingueza (CRY) + Hume (SUN),Calafiori,J.Timber,Vuskovic,Mingueza,Hume
