pre_clubs,pre_unique,pre_pattern,pre_sun,gw13_eff_fdr,gw1_avg_fdr,gw23_rot_fdr,pre_corr,n_swaps,out_clubs,in_clubs,post_clubs,post_unique,post_pattern,post_sun,gw419_rot_fdr,gw419_no_diff_pct,gw419_all_easy_pct,post_corr,path_eff_fdr,scenario_eligible,scenario_rank
LIV-MCI-NFO-SUN-SUN,4,2+1+1+1,2,2.3636,2.4,2.33,-0.3,2,"SUN,SUN","AVL,CHE",AVL-CHE-LIV-MCI-NFO,5,1+1+1+1+1,0,2.4375,100.0,25.0,-0.0529,2.423722,True,1.0
AVL-LIV-NFO-SUN-SUN,4,2+1+1+1,2,2.3636,2.4,2.33,-0.2366,2,"SUN,SUN","CHE,MCI",AVL-CHE-LIV-MCI-NFO,5,1+1+1+1+1,0,2.4375,100.0,25.0,-0.0529,2.423722,True,2.0
AVL-MCI-NFO-SUN-SUN,4,2+1+1+1,2,2.3636,2.4,2.33,-0.2366,2,"SUN,SUN","CHE,LIV",AVL-CHE-LIV-MCI-NFO,5,1+1+1+1+1,0,2.4375,100.0,25.0,-0.0529,2.423722,True,3.0
LIV-MCI-MUN-NFO-SUN,5,1+1+1+1+1,1,2.3636,2.4,2.33,-0.2,2,"MUN,SUN","AVL,CHE",AVL-CHE-LIV-MCI-NFO,5,1+1+1+1+1,0,2.4375,100.0,25.0,-0.0529,2.423722,True,4.0
CHE-LIV-NFO-SUN-SUN,4,2+1+1+1,2,2.3636,2.4,2.33,-0.1382,2,"SUN,SUN","BOU,EVE",BOU-CHE-EVE-LIV-NFO,5,1+1+1+1+1,0,2.4375,100.0,25.0,-0.0785,2.423722,True,5.0
CHE-MCI-NFO-SUN-SUN,4,2+1+1+1,2,2.3636,2.4,2.33,-0.1382,2,"SUN,SUN","AVL,LIV",AVL-CHE-LIV-MCI-NFO,5,1+1+1+1+1,0,2.4375,100.0,25.0,-0.0529,2.423722,True,6.0
AVL-LIV-MUN-NFO-SUN,5,1+1+1+1+1,1,2.3636,2.4,2.33,-0.1366,2,"MUN,SUN","CHE,MCI",AVL-CHE-LIV-MCI-NFO,5,1+1+1+1+1,0,2.4375,100.0,25.0,-0.0529,2.423722,True,7.0
AVL-MCI-MUN-NFO-SUN,5,1+1+1+1+1,1,2.3636,2.4,2.33,-0.1366,2,"MUN,SUN","CHE,LIV",AVL-CHE-LIV-MCI-NFO,5,1+1+1+1+1,0,2.4375,100.0,25.0,-0.0529,2.423722,True,8.0
AVL-CHE-NFO-SUN-SUN,4,2+1+1+1,2,2.3636,2.4,2.33,-0.0652,2,"SUN,SUN","LIV,MCI",AVL-CHE-LIV-MCI-NFO,5,1+1+1+1+1,0,2.4375,100.0,25.0,-0.0529,2.423722,True,9.0
CHE-LIV-MUN-NFO-SUN,5,1+1+1+1+1,1,2.3636,2.4,2.33,-0.0382,2,"MUN,SUN","BOU,EVE",BOU-CHE-EVE-LIV-NFO,5,1+1+1+1+1,0,2.4375,100.0,25.0,-0.0785,2.423722,True,10.0
CHE-MCI-MUN-NFO-SUN,5,1+1+1+1+1,1,2.3636,2.4,2.33,-0.0382,2,"MUN,SUN","AVL,LIV",AVL-CHE-LIV-MCI-NFO,5,1+1+1+1+1,0,2.4375,100.0,25.0,-0.0529,2.423722,True,11.0
AVL-CHE-MUN-NFO-SUN,5,1+1+1+1+1,1,2.3636,2.4,2.33,0.0348,2,"MUN,SUN","LIV,MCI",AVL-CHE-LIV-MCI-NFO,5,1+1+1+1+1,0,2.4375,100.0,25.0,-0.0529,2.423722,True,12.0
LIV-MUN-MUN-NFO-SUN,4,2+1+1+1,1,2.2727,2.2,2.33,-0.1,2,"MUN,MUN","BOU,CHE",BOU-CHE-LIV-NFO-SUN,5,1+1+1+1+1,1,2.4792,100.0,18.8,-0.0575,2.4407,True,13.0
LIV-MUN-NFO-SUN-SUN,4,2+1+1+1,2,2.2727,2.2,2.33,-0.1,2,"MUN,SUN","BOU,CHE",BOU-CHE-LIV-NFO-SUN,5,1+1+1+1+1,1,2.4792,100.0,18.8,-0.0575,2.4407,True,14.0
LIV-MCI-MUN-MUN-SUN,4,2+1+1+1,1,2.2727,2.4,2.17,-0.3,2,"MUN,MUN","BHA,COV",BHA-COV-LIV-MCI-SUN,5,1+1+1+1+1,1,2.4792,100.0,25.0,-0.1292,2.4407,True,15.0
LIV-MCI-MUN-SUN-SUN,4,2+1+1+1,2,2.2727,2.4,2.17,-0.3,2,"MUN,SUN","BHA,COV",BHA-COV-LIV-MCI-SUN,5,1+1+1+1+1,1,2.4792,100.0,25.0,-0.1292,2.4407,True,16.0
BHA-LIV-MUN-MUN-SUN,4,2+1+1+1,1,2.2727,2.4,2.17,-0.2732,2,"MUN,MUN","COV,MCI",BHA-COV-LIV-MCI-SUN,5,1+1+1+1+1,1,2.4792,100.0,25.0,-0.1292,2.4407,True,17.0
BHA-LIV-MUN-SUN-SUN,4,2+1+1+1,2,2.2727,2.4,2.17,-0.2732,2,"MUN,SUN","COV,MCI",BHA-COV-LIV-MCI-SUN,5,1+1+1+1+1,1,2.4792,100.0,25.0,-0.1292,2.4407,True,18.0
BHA-MCI-MUN-MUN-SUN,4,2+1+1+1,1,2.2727,2.4,2.17,-0.2732,2,"MUN,MUN","COV,LIV",BHA-COV-LIV-MCI-SUN,5,1+1+1+1+1,1,2.4792,100.0,25.0,-0.1292,2.4407,True,19.0
BHA-MCI-MUN-SUN-SUN,4,2+1+1+1,2,2.2727,2.4,2.17,-0.2732,2,"MUN,SUN","COV,LIV",BHA-COV-LIV-MCI-SUN,5,1+1+1+1+1,1,2.4792,100.0,25.0,-0.1292,2.4407,True,20.0
AVL-MUN-MUN-NFO-SUN,4,2+1+1+1,1,2.2727,2.2,2.33,-0.0098,2,"MUN,SUN","BOU,LIV",AVL-BOU-LIV-MUN-NFO,5,1+1+1+1+1,0,2.5,100.0,12.5,-0.0977,2.457622,True,21.0
AVL-MUN-NFO-SUN-SUN,4,2+1+1+1,2,2.2727,2.2,2.33,-0.0098,2,"SUN,SUN","BOU,LIV",AVL-BOU-LIV-MUN-NFO,5,1+1+1+1+1,0,2.5,100.0,12.5,-0.0977,2.457622,True,22.0
BHA-MUN-MUN-NFO-SUN,4,2+1+1+1,1,2.2727,2.2,2.33,-0.0098,2,"MUN,MUN","LIV,TOT",BHA-LIV-NFO-TOT-SUN,5,1+1+1+1+1,1,2.5,100.0,18.8,-0.1476,2.457622,True,23.0
BHA-MUN-NFO-SUN-SUN,4,2+1+1+1,2,2.2727,2.2,2.33,-0.0098,2,"MUN,SUN","LIV,TOT",BHA-LIV-NFO-TOT-SUN,5,1+1+1+1+1,1,2.5,100.0,18.8,-0.1476,2.457622,True,24.0
ARS-LIV-MUN-MUN-SUN,4,2+1+1+1,1,2.2727,2.2,2.33,0.0,2,"MUN,MUN","COV,MCI",ARS-COV-LIV-MCI-SUN,5,1+1+1+1+1,1,2.5,100.0,31.2,-0.0733,2.457622,True,25.0
ARS-LIV-MUN-SUN-SUN,4,2+1+1+1,2,2.2727,2.2,2.33,0.0,2,"MUN,SUN","COV,MCI",ARS-COV-LIV-MCI-SUN,5,1+1+1+1+1,1,2.5,100.0,31.2,-0.0733,2.457622,True,26.0
ARS-MCI-MUN-MUN-SUN,4,2+1+1+1,1,2.2727,2.2,2.33,0.0,2,"MUN,MUN","COV,LIV",ARS-COV-LIV-MCI-SUN,5,1+1+1+1+1,1,2.5,100.0,31.2,-0.0733,2.457622,True,27.0
ARS-MCI-MUN-SUN-SUN,4,2+1+1+1,2,2.2727,2.2,2.33,0.0,2,"MUN,SUN","COV,LIV",ARS-COV-LIV-MCI-SUN,5,1+1+1+1+1,1,2.5,100.0,31.2,-0.0733,2.457622,True,28.0
BRE-MCI-MUN-MUN-SUN,4,2+1+1+1,1,2.2727,2.4,2.17,-0.3,2,"MUN,MUN","AVL,CHE",AVL-BRE-CHE-MCI-SUN,5,1+1+1+1+1,1,2.5,100.0,18.8,-0.0507,2.457622,True,29.0
BRE-MCI-MUN-SUN-SUN,4,2+1+1+1,2,2.2727,2.4,2.17,-0.3,2,"MUN,SUN","AVL,CHE",AVL-BRE-CHE-MCI-SUN,5,1+1+1+1+1,1,2.5,100.0,18.8,-0.0507,2.457622,True,30.0
AVL-BRE-MUN-MUN-SUN,4,2+1+1+1,1,2.2727,2.4,2.17,-0.2732,2,"MUN,MUN","CHE,MCI",AVL-BRE-CHE-MCI-SUN,5,1+1+1+1+1,1,2.5,100.0,18.8,-0.0507,2.457622,True,31.0
AVL-BRE-MUN-SUN-SUN,4,2+1+1+1,2,2.2727,2.4,2.17,-0.2732,2,"MUN,SUN","CHE,MCI",AVL-BRE-CHE-MCI-SUN,5,1+1+1+1+1,1,2.5,100.0,18.8,-0.0507,2.457622,True,32.0
AVL-LIV-MUN-MUN-SUN,4,2+1+1+1,1,2.2727,2.4,2.17,-0.2732,2,"MUN,SUN","BOU,COV",AVL-BOU-COV-LIV-MUN,5,1+1+1+1+1,0,2.5,100.0,12.5,-0.1393,2.457622,True,33.0
AVL-LIV-MUN-SUN-SUN,4,2+1+1+1,2,2.2727,2.4,2.17,-0.2732,2,"SUN,SUN","BOU,COV",AVL-BOU-COV-LIV-MUN,5,1+1+1+1+1,0,2.5,100.0,12.5,-0.1393,2.457622,True,34.0
AVL-MCI-MUN-MUN-SUN,4,2+1+1+1,1,2.2727,2.4,2.17,-0.2732,2,"MUN,MUN","BRE,CHE",AVL-BRE-CHE-MCI-SUN,5,1+1+1+1+1,1,2.5,100.0,18.8,-0.0507,2.457622,True,35.0
AVL-MCI-MUN-SUN-SUN,4,2+1+1+1,2,2.2727,2.4,2.17,-0.2732,2,"MUN,SUN","BRE,CHE",AVL-BRE-CHE-MCI-SUN,5,1+1+1+1+1,1,2.5,100.0,18.8,-0.0507,2.457622,True,36.0
LIV-MUN-NFO-NFO-SUN,4,2+1+1+1,1,2.3636,2.2,2.5,-0.1,2,"MUN,SUN","BHA,BOU",BOU-BHA-LIV-NFO-NFO,4,2+1+1+1,0,2.4792,100.0,25.0,-0.147,2.457647,True,37.0
ARS-LIV-NFO-SUN-SUN,4,2+1+1+1,2,2.3636,2.2,2.5,-0.0634,2,"ARS,SUN","BOU,CHE",BOU-CHE-LIV-NFO-SUN,5,1+1+1+1+1,1,2.4792,100.0,18.8,-0.0575,2.457647,True,38.0
MUN-NFO-NFO-TOT-SUN,4,2+1+1+1,1,2.3636,2.2,2.5,0.0268,2,"MUN,SUN","BOU,CHE",BOU-CHE-NFO-NFO-TOT,4,2+1+1+1,0,2.4792,100.0,18.8,-0.1349,2.457647,True,39.0
ARS-LIV-MUN-NFO-SUN,5,1+1+1+1+1,1,2.3636,2.2,2.5,0.0366,2,"ARS,MUN","BOU,CHE",BOU-CHE-LIV-NFO-SUN,5,1+1+1+1+1,1,2.4792,100.0,18.8,-0.0575,2.457647,True,40.0
ARS-NFO-TOT-SUN-SUN,4,2+1+1+1,2,2.3636,2.2,2.5,0.15,2,"ARS,SUN","BOU,CHE",BOU-CHE-NFO-TOT-SUN,5,1+1+1+1+1,1,2.4792,100.0,12.5,-0.1412,2.457647,True,41.0
CHE-MUN-NFO-NFO-SUN,4,2+1+1+1,1,2.3636,2.2,2.5,0.2235,2,"MUN,SUN","BOU,LIV",BOU-CHE-LIV-NFO-NFO,4,2+1+1+1,0,2.4792,100.0,25.0,-0.0743,2.457647,True,42.0
ARS-MUN-NFO-TOT-SUN,5,1+1+1+1+1,1,2.3636,2.2,2.5,0.25,2,"ARS,MUN","BOU,CHE",BOU-CHE-NFO-TOT-SUN,5,1+1+1+1+1,1,2.4792,100.0,12.5,-0.1412,2.457647,True,43.0
MUN-MUN-NFO-TOT-SUN,4,2+1+1+1,1,2.3636,2.2,2.5,0.2634,2,"MUN,MUN","BOU,CHE",BOU-CHE-NFO-TOT-SUN,5,1+1+1+1+1,1,2.4792,100.0,12.5,-0.1412,2.457647,True,44.0
MUN-NFO-TOT-SUN-SUN,4,2+1+1+1,2,2.3636,2.2,2.5,0.2634,2,"MUN,SUN","BOU,CHE",BOU-CHE-NFO-TOT-SUN,5,1+1+1+1+1,1,2.4792,100.0,12.5,-0.1412,2.457647,True,45.0
ARS-CHE-NFO-SUN-SUN,4,2+1+1+1,2,2.3636,2.2,2.5,0.3618,2,"ARS,SUN","BOU,COV",BOU-CHE-COV-NFO-SUN,5,1+1+1+1+1,1,2.4792,100.0,25.0,-0.0616,2.457647,True,46.0
CHE-MUN-MUN-NFO-SUN,4,2+1+1+1,1,2.3636,2.2,2.5,0.4507,2,"MUN,MUN","BOU,COV",BOU-CHE-COV-NFO-SUN,5,1+1+1+1+1,1,2.4792,100.0,25.0,-0.0616,2.457647,True,47.0
CHE-MUN-NFO-SUN-SUN,4,2+1+1+1,2,2.3636,2.2,2.5,0.4507,2,"MUN,SUN","BOU,COV",BOU-CHE-COV-NFO-SUN,5,1+1+1+1+1,1,2.4792,100.0,25.0,-0.0616,2.457647,True,48.0
ARS-CHE-MUN-NFO-SUN,5,1+1+1+1+1,1,2.3636,2.2,2.5,0.4618,2,"ARS,MUN","BOU,COV",BOU-CHE-COV-NFO-SUN,5,1+1+1+1+1,1,2.4792,100.0,25.0,-0.0616,2.457647,True,49.0
EVE-MUN-MUN-NFO-SUN,4,2+1+1+1,1,2.3636,2.2,2.5,0.5,2,"MUN,MUN","BOU,COV",BOU-COV-EVE-NFO-SUN,5,1+1+1+1+1,1,2.4792,100.0,31.2,-0.0867,2.457647,True,50.0
EVE-MUN-NFO-SUN-SUN,4,2+1+1+1,2,2.3636,2.2,2.5,0.5,2,"MUN,SUN","BOU,COV",BOU-COV-EVE-NFO-SUN,5,1+1+1+1+1,1,2.4792,100.0,31.2,-0.0867,2.457647,True,51.0
ARS-LIV-MCI-SUN-SUN,4,2+1+1+1,2,2.3636,2.4,2.33,-0.3,2,"ARS,SUN","BHA,COV",BHA-COV-LIV-MCI-SUN,5,1+1+1+1+1,1,2.4792,100.0,25.0,-0.1292,2.457647,True,52.0
BRE-LIV-NFO-SUN-SUN,4,2+1+1+1,2,2.3636,2.4,2.33,-0.3,2,"BRE,SUN","BOU,CHE",BOU-CHE-LIV-NFO-SUN,5,1+1+1+1+1,1,2.4792,100.0,18.8,-0.0575,2.457647,True,53.0
LIV-LIV-MUN-NFO-SUN,4,2+1+1+1,1,2.3636,2.4,2.33,-0.3,2,"LIV,MUN","BOU,CHE",BOU-CHE-LIV-NFO-SUN,5,1+1+1+1+1,1,2.4792,100.0,18.8,-0.0575,2.457647,True,54.0
ARS-AVL-LIV-SUN-SUN,4,2+1+1+1,2,2.3636,2.4,2.33,-0.2366,2,"SUN,SUN","BOU,COV",ARS-AVL-BOU-COV-LIV,5,1+1+1+1+1,0,2.4792,100.0,12.5,-0.124,2.457647,True,55.0
ARS-AVL-MCI-SUN-SUN,4,2+1+1+1,2,2.3636,2.4,2.33,-0.2366,2,"SUN,SUN","COV,LIV",ARS-AVL-COV-LIV-MCI,5,1+1+1+1+1,0,2.4792,100.0,12.5,-0.0988,2.457647,True,56.0
ARS-BHA-LIV-SUN-SUN,4,2+1+1+1,2,2.3636,2.4,2.33,-0.2366,2,"ARS,SUN","COV,MCI",BHA-COV-LIV-MCI-SUN,5,1+1+1+1+1,1,2.4792,100.0,25.0,-0.1292,2.457647,True,57.0
ARS-BHA-MCI-SUN-SUN,4,2+1+1+1,2,2.3636,2.4,2.33,-0.2366,2,"ARS,SUN","COV,LIV",BHA-COV-LIV-MCI-SUN,5,1+1+1+1+1,1,2.4792,100.0,25.0,-0.1292,2.457647,True,58.0
AVL-BRE-NFO-SUN-SUN,4,2+1+1+1,2,2.3636,2.4,2.33,-0.2366,2,"SUN,SUN","BOU,COV",AVL-BOU-BRE-COV-NFO,5,1+1+1+1+1,0,2.4792,100.0,18.8,-0.14,2.457647,True,59.0
BHA-LIV-NFO-SUN-SUN,4,2+1+1+1,2,2.3636,2.4,2.33,-0.2366,2,"SUN,SUN","BOU,NFO",BOU-BHA-LIV-NFO-NFO,4,2+1+1+1,0,2.4792,100.0,25.0,-0.147,2.457647,True,60.0
BHA-MCI-NFO-SUN-SUN,4,2+1+1+1,2,2.3636,2.4,2.33,-0.2366,2,"NFO,SUN","COV,LIV",BHA-COV-LIV-MCI-SUN,5,1+1+1+1+1,1,2.4792,100.0,25.0,-0.1292,2.457647,True,61.0
LIV-NFO-TOT-SUN-SUN,4,2+1+1+1,2,2.3636,2.4,2.33,-0.2366,2,"SUN,SUN","EVE,NEW",EVE-LIV-NEW-NFO-TOT,5,1+1+1+1+1,0,2.4792,100.0,25.0,-0.1014,2.457647,True,62.0
MCI-NFO-TOT-SUN-SUN,4,2+1+1+1,2,2.3636,2.4,2.33,-0.2366,2,"SUN,SUN","CHE,NEW",CHE-MCI-NEW-NFO-TOT,5,1+1+1+1+1,0,2.4792,100.0,18.8,-0.0976,2.457647,True,63.0
ARS-LIV-MCI-MUN-SUN,5,1+1+1+1+1,1,2.3636,2.4,2.33,-0.2,2,"ARS,MUN","BHA,COV",BHA-COV-LIV-MCI-SUN,5,1+1+1+1+1,1,2.4792,100.0,25.0,-0.1292,2.457647,True,64.0
BRE-LIV-MUN-NFO-SUN,5,1+1+1+1+1,1,2.3636,2.4,2.33,-0.2,2,"BRE,MUN","BOU,CHE",BOU-CHE-LIV-NFO-SUN,5,1+1+1+1+1,1,2.4792,100.0,18.8,-0.0575,2.457647,True,65.0
AVL-NFO-TOT-SUN-SUN,4,2+1+1+1,2,2.3636,2.4,2.33,-0.1964,2,"SUN,SUN","CHE,FUL",AVL-CHE-FUL-NFO-TOT,5,1+1+1+1+1,0,2.4792,100.0,12.5,-0.1683,2.457647,True,66.0
BHA-NFO-TOT-SUN-SUN,4,2+1+1+1,2,2.3636,2.4,2.33,-0.1964,2,"BHA,SUN","BOU,CHE",BOU-CHE-NFO-TOT-SUN,5,1+1+1+1+1,1,2.4792,100.0,12.5,-0.1412,2.457647,True,67.0
BRE-CHE-NFO-SUN-SUN,4,2+1+1+1,2,2.3636,2.4,2.33,-0.1382,2,"BRE,SUN","BOU,COV",BOU-CHE-COV-NFO-SUN,5,1+1+1+1+1,1,2.4792,100.0,25.0,-0.0616,2.457647,True,68.0
ARS-AVL-LIV-MUN-SUN,5,1+1+1+1+1,1,2.3636,2.4,2.33,-0.1366,2,"MUN,SUN","BOU,COV",ARS-AVL-BOU-COV-LIV,5,1+1+1+1+1,0,2.4792,100.0,12.5,-0.124,2.457647,True,69.0
ARS-AVL-MCI-MUN-SUN,5,1+1+1+1+1,1,2.3636,2.4,2.33,-0.1366,2,"MUN,SUN","COV,LIV",ARS-AVL-COV-LIV-MCI,5,1+1+1+1+1,0,2.4792,100.0,12.5,-0.0988,2.457647,True,70.0
ARS-BHA-LIV-MUN-SUN,5,1+1+1+1+1,1,2.3636,2.4,2.33,-0.1366,2,"ARS,MUN","COV,MCI",BHA-COV-LIV-MCI-SUN,5,1+1+1+1+1,1,2.4792,100.0,25.0,-0.1292,2.457647,True,71.0
ARS-BHA-MCI-MUN-SUN,5,1+1+1+1+1,1,2.3636,2.4,2.33,-0.1366,2,"ARS,MUN","COV,LIV",BHA-COV-LIV-MCI-SUN,5,1+1+1+1+1,1,2.4792,100.0,25.0,-0.1292,2.457647,True,72.0
AVL-BRE-MUN-NFO-SUN,5,1+1+1+1+1,1,2.3636,2.4,2.33,-0.1366,2,"MUN,SUN","BOU,COV",AVL-BOU-BRE-COV-NFO,5,1+1+1+1+1,0,2.4792,100.0,18.8,-0.14,2.457647,True,73.0
BHA-LIV-MUN-NFO-SUN,5,1+1+1+1+1,1,2.3636,2.4,2.33,-0.1366,2,"MUN,SUN","BOU,NFO",BOU-BHA-LIV-NFO-NFO,4,2+1+1+1,0,2.4792,100.0,25.0,-0.147,2.457647,True,74.0
BHA-MCI-MUN-NFO-SUN,5,1+1+1+1+1,1,2.3636,2.4,2.33,-0.1366,2,"MUN,NFO","COV,LIV",BHA-COV-LIV-MCI-SUN,5,1+1+1+1+1,1,2.4792,100.0,25.0,-0.1292,2.457647,True,75.0
LIV-MUN-NFO-TOT-SUN,5,1+1+1+1+1,1,2.3636,2.4,2.33,-0.1366,2,"MUN,SUN","EVE,NEW",EVE-LIV-NEW-NFO-TOT,5,1+1+1+1+1,0,2.4792,100.0,25.0,-0.1014,2.457647,True,76.0
MCI-MUN-NFO-TOT-SUN,5,1+1+1+1+1,1,2.3636,2.4,2.33,-0.1366,2,"MUN,SUN","CHE,NEW",CHE-MCI-NEW-NFO-TOT,5,1+1+1+1+1,0,2.4792,100.0,18.8,-0.0976,2.457647,True,77.0
AVL-MUN-NFO-TOT-SUN,5,1+1+1+1+1,1,2.3636,2.4,2.33,-0.0964,2,"MUN,SUN","CHE,FUL",AVL-CHE-FUL-NFO-TOT,5,1+1+1+1+1,0,2.4792,100.0,12.5,-0.1683,2.457647,True,78.0
BHA-MUN-NFO-TOT-SUN,5,1+1+1+1+1,1,2.3636,2.4,2.33,-0.0964,2,"BHA,MUN","BOU,CHE",BOU-CHE-NFO-TOT-SUN,5,1+1+1+1+1,1,2.4792,100.0,12.5,-0.1412,2.457647,True,79.0
BHA-CHE-NFO-SUN-SUN,4,2+1+1+1,2,2.3636,2.4,2.33,-0.0652,2,"BHA,SUN","BOU,COV",BOU-CHE-COV-NFO-SUN,5,1+1+1+1+1,1,2.4792,100.0,25.0,-0.0616,2.457647,True,80.0
BRE-CHE-MUN-NFO-SUN,5,1+1+1+1+1,1,2.3636,2.4,2.33,-0.0382,2,"BRE,MUN","BOU,COV",BOU-CHE-COV-NFO-SUN,5,1+1+1+1+1,1,2.4792,100.0,25.0,-0.0616,2.457647,True,81.0
ARS-CHE-LIV-SUN-SUN,4,2+1+1+1,2,2.3636,2.4,2.33,-0.0366,2,"ARS,SUN","BOU,NFO",BOU-CHE-LIV-NFO-SUN,5,1+1+1+1+1,1,2.4792,100.0,18.8,-0.0575,2.457647,True,82.0
ARS-CHE-MCI-SUN-SUN,4,2+1+1+1,2,2.3636,2.4,2.33,-0.0366,2,"ARS,SUN","COV,EVE",CHE-COV-EVE-MCI-SUN,5,1+1+1+1+1,1,2.4792,100.0,12.5,-0.1133,2.457647,True,83.0
BHA-CHE-MUN-NFO-SUN,5,1+1+1+1+1,1,2.3636,2.4,2.33,0.0348,2,"BHA,MUN","BOU,COV",BOU-CHE-COV-NFO-SUN,5,1+1+1+1+1,1,2.4792,100.0,25.0,-0.0616,2.457647,True,84.0
ARS-CHE-LIV-MUN-SUN,5,1+1+1+1+1,1,2.3636,2.4,2.33,0.0634,2,"ARS,MUN","BOU,NFO",BOU-CHE-LIV-NFO-SUN,5,1+1+1+1+1,1,2.4792,100.0,18.8,-0.0575,2.457647,True,85.0
ARS-CHE-MCI-MUN-SUN,5,1+1+1+1+1,1,2.3636,2.4,2.33,0.0634,2,"ARS,MUN","COV,EVE",CHE-COV-EVE-MCI-SUN,5,1+1+1+1+1,1,2.4792,100.0,12.5,-0.1133,2.457647,True,86.0
CHE-LIV-MUN-MUN-SUN,4,2+1+1+1,1,2.3636,2.4,2.33,0.089,2,"MUN,MUN","BOU,NFO",BOU-CHE-LIV-NFO-SUN,5,1+1+1+1+1,1,2.4792,100.0,18.8,-0.0575,2.457647,True,87.0
CHE-LIV-MUN-SUN-SUN,4,2+1+1+1,2,2.3636,2.4,2.33,0.089,2,"MUN,SUN","BOU,NFO",BOU-CHE-LIV-NFO-SUN,5,1+1+1+1+1,1,2.4792,100.0,18.8,-0.0575,2.457647,True,88.0
CHE-MCI-MUN-MUN-SUN,4,2+1+1+1,1,2.3636,2.4,2.33,0.089,2,"MUN,MUN","COV,EVE",CHE-COV-EVE-MCI-SUN,5,1+1+1+1+1,1,2.4792,100.0,12.5,-0.1133,2.457647,True,89.0
CHE-MCI-MUN-SUN-SUN,4,2+1+1+1,2,2.3636,2.4,2.33,0.089,2,"MUN,SUN","COV,EVE",CHE-COV-EVE-MCI-SUN,5,1+1+1+1+1,1,2.4792,100.0,12.5,-0.1133,2.457647,True,90.0
EVE-MCI-MUN-MUN-SUN,4,2+1+1+1,1,2.3636,2.4,2.33,0.1,2,"MUN,MUN","CHE,COV",CHE-COV-EVE-MCI-SUN,5,1+1+1+1+1,1,2.4792,100.0,12.5,-0.1133,2.457647,True,91.0
EVE-MCI-MUN-SUN-SUN,4,2+1+1+1,2,2.3636,2.4,2.33,0.1,2,"MUN,SUN","CHE,COV",CHE-COV-EVE-MCI-SUN,5,1+1+1+1+1,1,2.4792,100.0,12.5,-0.1133,2.457647,True,92.0
ARS-MUN-MUN-NFO-SUN,4,2+1+1+1,1,2.2727,2.0,2.5,0.4366,2,"MUN,MUN","BOU,COV",ARS-BOU-COV-NFO-SUN,5,1+1+1+1+1,1,2.5208,100.0,31.2,-0.0469,2.474544,True,93.0
ARS-MUN-NFO-SUN-SUN,4,2+1+1+1,2,2.2727,2.0,2.5,0.4366,2,"MUN,SUN","BOU,COV",ARS-BOU-COV-NFO-SUN,5,1+1+1+1+1,1,2.5208,100.0,31.2,-0.0469,2.474544,True,94.0
ARS-AVL-MUN-MUN-SUN,4,2+1+1+1,1,2.2727,2.2,2.33,0.0902,2,"MUN,MUN","CHE,MCI",ARS-AVL-CHE-MCI-SUN,5,1+1+1+1+1,1,2.5208,100.0,18.8,-0.0784,2.474544,True,95.0
ARS-AVL-MUN-SUN-SUN,4,2+1+1+1,2,2.2727,2.2,2.33,0.0902,2,"MUN,SUN","CHE,MCI",ARS-AVL-CHE-MCI-SUN,5,1+1+1+1+1,1,2.5208,100.0,18.8,-0.0784,2.474544,True,96.0
ARS-MCI-NFO-SUN-SUN,4,2+1+1+1,2,2.3636,2.2,2.5,-0.0634,2,"NFO,SUN","COV,LIV",ARS-COV-LIV-MCI-SUN,5,1+1+1+1+1,1,2.5,100.0,31.2,-0.0733,2.474569,True,97.0
ARS-ARS-LIV-MUN-SUN,4,2+1+1+1,1,2.3636,2.2,2.5,0.0,2,"ARS,MUN","COV,MCI",ARS-COV-LIV-MCI-SUN,5,1+1+1+1+1,1,2.5,100.0,31.2,-0.0733,2.474569,True,98.0
ARS-ARS-MCI-MUN-SUN,4,2+1+1+1,1,2.3636,2.2,2.5,0.0,2,"ARS,MUN","COV,LIV",ARS-COV-LIV-MCI-SUN,5,1+1+1+1+1,1,2.5,100.0,31.2,-0.0733,2.474569,True,99.0
ARS-MCI-MUN-NFO-SUN,5,1+1+1+1+1,1,2.3636,2.2,2.5,0.0366,2,"MUN,NFO","COV,LIV",ARS-COV-LIV-MCI-SUN,5,1+1+1+1+1,1,2.5,100.0,31.2,-0.0733,2.474569,True,100.0
ARS-BRE-LIV-SUN-SUN,4,2+1+1+1,2,2.3636,2.4,2.33,-0.3,2,"BRE,SUN","COV,MCI",ARS-COV-LIV-MCI-SUN,5,1+1+1+1+1,1,2.5,100.0,31.2,-0.0733,2.474569,True,101.0
ARS-BRE-MCI-SUN-SUN,4,2+1+1+1,2,2.3636,2.4,2.33,-0.3,2,"BRE,SUN","COV,LIV",ARS-COV-LIV-MCI-SUN,5,1+1+1+1+1,1,2.5,100.0,31.2,-0.0733,2.474569,True,102.0
ARS-LIV-LIV-MUN-SUN,4,2+1+1+1,1,2.3636,2.4,2.33,-0.3,2,"LIV,MUN","COV,MCI",ARS-COV-LIV-MCI-SUN,5,1+1+1+1+1,1,2.5,100.0,31.2,-0.0733,2.474569,True,103.0
ARS-MCI-MCI-MUN-SUN,4,2+1+1+1,1,2.3636,2.4,2.33,-0.3,2,"MCI,MUN","COV,LIV",ARS-COV-LIV-MCI-SUN,5,1+1+1+1+1,1,2.5,100.0,31.2,-0.0733,2.474569,True,104.0
BRE-MCI-NFO-SUN-SUN,4,2+1+1+1,2,2.3636,2.4,2.33,-0.3,2,"NFO,SUN","AVL,CHE",AVL-BRE-CHE-MCI-SUN,5,1+1+1+1+1,1,2.5,100.0,18.8,-0.0507,2.474569,True,105.0
ARS-AVL-BRE-SUN-SUN,4,2+1+1+1,2,2.3636,2.4,2.33,-0.2366,2,"ARS,SUN","CHE,MCI",AVL-BRE-CHE-MCI-SUN,5,1+1+1+1+1,1,2.5,100.0,18.8,-0.0507,2.474569,True,106.0
BRE-BHA-NFO-SUN-SUN,4,2+1+1+1,2,2.3636,2.4,2.33,-0.2366,2,"BRE,SUN","LIV,TOT",BHA-LIV-NFO-TOT-SUN,5,1+1+1+1+1,1,2.5,100.0,18.8,-0.1476,2.474569,True,107.0
ARS-BRE-LIV-MUN-SUN,5,1+1+1+1+1,1,2.3636,2.4,2.33,-0.2,2,"BRE,MUN","COV,MCI",ARS-COV-LIV-MCI-SUN,5,1+1+1+1+1,1,2.5,100.0,31.2,-0.0733,2.474569,True,108.0
ARS-BRE-MCI-MUN-SUN,5,1+1+1+1+1,1,2.3636,2.4,2.33,-0.2,2,"BRE,MUN","COV,LIV",ARS-COV-LIV-MCI-SUN,5,1+1+1+1+1,1,2.5,100.0,31.2,-0.0733,2.474569,True,109.0
BRE-MCI-MUN-NFO-SUN,5,1+1+1+1+1,1,2.3636,2.4,2.33,-0.2,2,"MUN,NFO","AVL,CHE",AVL-BRE-CHE-MCI-SUN,5,1+1+1+1+1,1,2.5,100.0,18.8,-0.0507,2.474569,True,110.0
CRY-LIV-MUN-MUN-SUN,4,2+1+1+1,1,2.3636,2.4,2.33,-0.2,2,"MUN,MUN","BHA,MCI",BHA-CRY-LIV-MCI-SUN,5,1+1+1+1+1,1,2.5,100.0,18.8,-0.1215,2.474569,True,111.0
CRY-LIV-MUN-SUN-SUN,4,2+1+1+1,2,2.3636,2.4,2.33,-0.2,2,"MUN,SUN","BHA,MCI",BHA-CRY-LIV-MCI-SUN,5,1+1+1+1+1,1,2.5,100.0,18.8,-0.1215,2.474569,True,112.0
CRY-MCI-MUN-MUN-SUN,4,2+1+1+1,1,2.3636,2.4,2.33,-0.2,2,"MUN,MUN","BHA,LIV",BHA-CRY-LIV-MCI-SUN,5,1+1+1+1+1,1,2.5,100.0,18.8,-0.1215,2.474569,True,113.0
CRY-MCI-MUN-SUN-SUN,4,2+1+1+1,2,2.3636,2.4,2.33,-0.2,2,"MUN,SUN","BHA,LIV",BHA-CRY-LIV-MCI-SUN,5,1+1+1+1+1,1,2.5,100.0,18.8,-0.1215,2.474569,True,114.0
ARS-LIV-TOT-SUN-SUN,4,2+1+1+1,2,2.3636,2.4,2.33,-0.15,2,"SUN,TOT","COV,MCI",ARS-COV-LIV-MCI-SUN,5,1+1+1+1+1,1,2.5,100.0,31.2,-0.0733,2.474569,True,115.0
ARS-MCI-TOT-SUN-SUN,4,2+1+1+1,2,2.3636,2.4,2.33,-0.15,2,"SUN,TOT","COV,LIV",ARS-COV-LIV-MCI-SUN,5,1+1+1+1+1,1,2.5,100.0,31.2,-0.0733,2.474569,True,116.0
ARS-AVL-BRE-MUN-SUN,5,1+1+1+1+1,1,2.3636,2.4,2.33,-0.1366,2,"ARS,MUN","CHE,MCI",AVL-BRE-CHE-MCI-SUN,5,1+1+1+1+1,1,2.5,100.0,18.8,-0.0507,2.474569,True,117.0
BRE-BHA-MUN-NFO-SUN,5,1+1+1+1+1,1,2.3636,2.4,2.33,-0.1366,2,"BRE,MUN","LIV,TOT",BHA-LIV-NFO-TOT-SUN,5,1+1+1+1+1,1,2.5,100.0,18.8,-0.1476,2.474569,True,118.0
BHA-CRY-MUN-MUN-SUN,4,2+1+1+1,1,2.3636,2.4,2.33,-0.1232,2,"MUN,MUN","LIV,MCI",BHA-CRY-LIV-MCI-SUN,5,1+1+1+1+1,1,2.5,100.0,18.8,-0.1215,2.474569,True,119.0
BHA-CRY-MUN-SUN-SUN,4,2+1+1+1,2,2.3636,2.4,2.33,-0.1232,2,"MUN,SUN","LIV,MCI",BHA-CRY-LIV-MCI-SUN,5,1+1+1+1+1,1,2.5,100.0,18.8,-0.1215,2.474569,True,120.0
ARS-AVL-TOT-SUN-SUN,4,2+1+1+1,2,2.3636,2.4,2.33,-0.1098,2,"ARS,SUN","CHE,LEE",AVL-CHE-LEE-TOT-SUN,5,1+1+1+1+1,1,2.5,100.0,12.5,-0.132,2.474569,True,121.0
ARS-BHA-TOT-SUN-SUN,4,2+1+1+1,2,2.3636,2.4,2.33,-0.1098,2,"ARS,SUN","LIV,NFO",BHA-LIV-NFO-TOT-SUN,5,1+1+1+1+1,1,2.5,100.0,18.8,-0.1476,2.474569,True,122.0
LEE-MCI-MUN-MUN-SUN,4,2+1+1+1,1,2.3636,2.4,2.33,-0.1,2,"MUN,MUN","BHA,COV",BHA-COV-LEE-MCI-SUN,5,1+1+1+1+1,1,2.5,100.0,18.8,-0.1462,2.474569,True,123.0
LEE-MCI-MUN-SUN-SUN,4,2+1+1+1,2,2.3636,2.4,2.33,-0.1,2,"MUN,SUN","BHA,COV",BHA-COV-LEE-MCI-SUN,5,1+1+1+1+1,1,2.5,100.0,18.8,-0.1462,2.474569,True,124.0
AVL-LEE-MUN-MUN-SUN,4,2+1+1+1,1,2.3636,2.4,2.33,-0.0598,2,"MUN,MUN","CHE,TOT",AVL-CHE-LEE-TOT-SUN,5,1+1+1+1+1,1,2.5,100.0,12.5,-0.132,2.474569,True,125.0
AVL-LEE-MUN-SUN-SUN,4,2+1+1+1,2,2.3636,2.4,2.33,-0.0598,2,"MUN,SUN","CHE,TOT",AVL-CHE-LEE-TOT-SUN,5,1+1+1+1+1,1,2.5,100.0,12.5,-0.132,2.474569,True,126.0
BHA-LEE-MUN-MUN-SUN,4,2+1+1+1,1,2.3636,2.4,2.33,-0.0598,2,"MUN,MUN","COV,MCI",BHA-COV-LEE-MCI-SUN,5,1+1+1+1+1,1,2.5,100.0,18.8,-0.1462,2.474569,True,127.0
BHA-LEE-MUN-SUN-SUN,4,2+1+1+1,2,2.3636,2.4,2.33,-0.0598,2,"MUN,SUN","COV,MCI",BHA-COV-LEE-MCI-SUN,5,1+1+1+1+1,1,2.5,100.0,18.8,-0.1462,2.474569,True,128.0
ARS-LIV-MUN-TOT-SUN,5,1+1+1+1+1,1,2.3636,2.4,2.33,-0.05,2,"MUN,TOT","COV,MCI",ARS-COV-LIV-MCI-SUN,5,1+1+1+1+1,1,2.5,100.0,31.2,-0.0733,2.474569,True,129.0
ARS-MCI-MUN-TOT-SUN,5,1+1+1+1+1,1,2.3636,2.4,2.33,-0.05,2,"MUN,TOT","COV,LIV",ARS-COV-LIV-MCI-SUN,5,1+1+1+1+1,1,2.5,100.0,31.2,-0.0733,2.474569,True,130.0
ARS-BRE-CHE-SUN-SUN,4,2+1+1+1,2,2.3636,2.4,2.33,-0.0366,2,"ARS,SUN","AVL,MCI",AVL-BRE-CHE-MCI-SUN,5,1+1+1+1+1,1,2.5,100.0,18.8,-0.0507,2.474569,True,131.0
ARS-AVL-MUN-TOT-SUN,5,1+1+1+1+1,1,2.3636,2.4,2.33,-0.0098,2,"ARS,MUN","CHE,LEE",AVL-CHE-LEE-TOT-SUN,5,1+1+1+1+1,1,2.5,100.0,12.5,-0.132,2.474569,True,132.0
ARS-BHA-MUN-TOT-SUN,5,1+1+1+1+1,1,2.3636,2.4,2.33,-0.0098,2,"ARS,MUN","LIV,NFO",BHA-LIV-NFO-TOT-SUN,5,1+1+1+1+1,1,2.5,100.0,18.8,-0.1476,2.474569,True,133.0
LIV-MUN-MUN-TOT-SUN,4,2+1+1+1,1,2.3636,2.4,2.33,0.0,2,"MUN,MUN","BHA,NFO",BHA-LIV-NFO-TOT-SUN,5,1+1+1+1+1,1,2.5,100.0,18.8,-0.1476,2.474569,True,134.0
LIV-MUN-TOT-SUN-SUN,4,2+1+1+1,2,2.3636,2.4,2.33,0.0,2,"MUN,SUN","BHA,NFO",BHA-LIV-NFO-TOT-SUN,5,1+1+1+1+1,1,2.5,100.0,18.8,-0.1476,2.474569,True,135.0
MCI-MUN-MUN-TOT-SUN,4,2+1+1+1,1,2.3636,2.4,2.33,0.0,2,"MUN,MUN","CHE,IPS",CHE-IPS-MCI-TOT-SUN,5,1+1+1+1+1,1,2.5,100.0,18.8,-0.1399,2.474569,True,136.0
MCI-MUN-TOT-SUN-SUN,4,2+1+1+1,2,2.3636,2.4,2.33,0.0,2,"MUN,SUN","CHE,IPS",CHE-IPS-MCI-TOT-SUN,5,1+1+1+1+1,1,2.5,100.0,18.8,-0.1399,2.474569,True,137.0
AVL-MUN-MUN-TOT-SUN,4,2+1+1+1,1,2.3636,2.4,2.33,0.0036,2,"MUN,MUN","CHE,LEE",AVL-CHE-LEE-TOT-SUN,5,1+1+1+1+1,1,2.5,100.0,12.5,-0.132,2.474569,True,138.0
AVL-MUN-TOT-SUN-SUN,4,2+1+1+1,2,2.3636,2.4,2.33,0.0036,2,"MUN,SUN","CHE,LEE",AVL-CHE-LEE-TOT-SUN,5,1+1+1+1+1,1,2.5,100.0,12.5,-0.132,2.474569,True,139.0
BHA-MUN-MUN-TOT-SUN,4,2+1+1+1,1,2.3636,2.4,2.33,0.0036,2,"MUN,MUN","LIV,NFO",BHA-LIV-NFO-TOT-SUN,5,1+1+1+1+1,1,2.5,100.0,18.8,-0.1476,2.474569,True,140.0
BHA-MUN-TOT-SUN-SUN,4,2+1+1+1,2,2.3636,2.4,2.33,0.0036,2,"MUN,SUN","LIV,NFO",BHA-LIV-NFO-TOT-SUN,5,1+1+1+1+1,1,2.5,100.0,18.8,-0.1476,2.474569,True,141.0
ARS-AVL-CHE-SUN-SUN,4,2+1+1+1,2,2.3636,2.4,2.33,0.0365,2,"ARS,SUN","BRE,MCI",AVL-BRE-CHE-MCI-SUN,5,1+1+1+1+1,1,2.5,100.0,18.8,-0.0507,2.474569,True,142.0
ARS-BHA-CHE-SUN-SUN,4,2+1+1+1,2,2.3636,2.4,2.33,0.0365,2,"ARS,SUN","COV,MCI",BHA-CHE-COV-MCI-SUN,5,1+1+1+1+1,1,2.5,100.0,18.8,-0.106,2.474569,True,143.0
ARS-BRE-CHE-MUN-SUN,5,1+1+1+1+1,1,2.3636,2.4,2.33,0.0634,2,"ARS,MUN","AVL,MCI",AVL-BRE-CHE-MCI-SUN,5,1+1+1+1+1,1,2.5,100.0,18.8,-0.0507,2.474569,True,144.0
BRE-CHE-MUN-MUN-SUN,4,2+1+1+1,1,2.3636,2.4,2.33,0.089,2,"MUN,MUN","AVL,MCI",AVL-BRE-CHE-MCI-SUN,5,1+1+1+1+1,1,2.5,100.0,18.8,-0.0507,2.474569,True,145.0
BRE-CHE-MUN-SUN-SUN,4,2+1+1+1,2,2.3636,2.4,2.33,0.089,2,"MUN,SUN","AVL,MCI",AVL-BRE-CHE-MCI-SUN,5,1+1+1+1+1,1,2.5,100.0,18.8,-0.0507,2.474569,True,146.0
EVE-LIV-MUN-MUN-SUN,4,2+1+1+1,1,2.3636,2.4,2.33,0.1,2,"MUN,SUN","BOU,COV",BOU-COV-EVE-LIV-MUN,5,1+1+1+1+1,0,2.5,100.0,12.5,-0.1613,2.474569,True,147.0
EVE-LIV-MUN-SUN-SUN,4,2+1+1+1,2,2.3636,2.4,2.33,0.1,2,"SUN,SUN","BOU,COV",BOU-COV-EVE-LIV-MUN,5,1+1+1+1+1,0,2.5,100.0,12.5,-0.1613,2.474569,True,148.0
AVL-CHE-MUN-MUN-SUN,4,2+1+1+1,1,2.3636,2.4,2.33,0.1255,2,"MUN,MUN","BRE,MCI",AVL-BRE-CHE-MCI-SUN,5,1+1+1+1+1,1,2.5,100.0,18.8,-0.0507,2.474569,True,149.0
AVL-CHE-MUN-SUN-SUN,4,2+1+1+1,2,2.3636,2.4,2.33,0.1255,2,"MUN,SUN","BRE,MCI",AVL-BRE-CHE-MCI-SUN,5,1+1+1+1+1,1,2.5,100.0,18.8,-0.0507,2.474569,True,150.0
BHA-CHE-MUN-MUN-SUN,4,2+1+1+1,1,2.3636,2.4,2.33,0.1255,2,"MUN,MUN","COV,MCI",BHA-CHE-COV-MCI-SUN,5,1+1+1+1+1,1,2.5,100.0,18.8,-0.106,2.474569,True,151.0
BHA-CHE-MUN-SUN-SUN,4,2+1+1+1,2,2.3636,2.4,2.33,0.1255,2,"MUN,SUN","COV,MCI",BHA-CHE-COV-MCI-SUN,5,1+1+1+1+1,1,2.5,100.0,18.8,-0.106,2.474569,True,152.0
ARS-AVL-CHE-MUN-SUN,5,1+1+1+1+1,1,2.3636,2.4,2.33,0.1365,2,"ARS,MUN","BRE,MCI",AVL-BRE-CHE-MCI-SUN,5,1+1+1+1+1,1,2.5,100.0,18.8,-0.0507,2.474569,True,153.0
ARS-BHA-CHE-MUN-SUN,5,1+1+1+1+1,1,2.3636,2.4,2.33,0.1365,2,"ARS,MUN","COV,MCI",BHA-CHE-COV-MCI-SUN,5,1+1+1+1+1,1,2.5,100.0,18.8,-0.106,2.474569,True,154.0
ARS-BRE-NFO-SUN-SUN,4,2+1+1+1,2,2.3636,2.2,2.5,-0.0634,2,"BRE,SUN","BOU,COV",ARS-BOU-COV-NFO-SUN,5,1+1+1+1+1,1,2.5208,100.0,31.2,-0.0469,2.491492,True,155.0
ARS-BRE-MUN-NFO-SUN,5,1+1+1+1+1,1,2.3636,2.2,2.5,0.0366,2,"BRE,MUN","BOU,COV",ARS-BOU-COV-NFO-SUN,5,1+1+1+1+1,1,2.5208,100.0,31.2,-0.0469,2.491492,True,156.0
CRY-MUN-MUN-NFO-SUN,4,2+1+1+1,1,2.3636,2.2,2.5,0.1366,2,"MUN,SUN","BOU,LIV",BOU-CRY-LIV-MUN-NFO,5,1+1+1+1+1,0,2.5208,100.0,18.8,-0.1221,2.491492,True,157.0
CRY-MUN-NFO-SUN-SUN,4,2+1+1+1,2,2.3636,2.2,2.5,0.1366,2,"SUN,SUN","BOU,LIV",BOU-CRY-LIV-MUN-NFO,5,1+1+1+1+1,0,2.5208,100.0,18.8,-0.1221,2.491492,True,158.0
ARS-CRY-MUN-MUN-SUN,4,2+1+1+1,1,2.3636,2.2,2.5,0.25,2,"MUN,MUN","LIV,MCI",ARS-CRY-LIV-MCI-SUN,5,1+1+1+1+1,1,2.5208,100.0,12.5,-0.1074,2.491492,True,159.0
ARS-CRY-MUN-SUN-SUN,4,2+1+1+1,2,2.3636,2.2,2.5,0.25,2,"MUN,SUN","LIV,MCI",ARS-CRY-LIV-MCI-SUN,5,1+1+1+1+1,1,2.5208,100.0,12.5,-0.1074,2.491492,True,160.0
ARS-ARS-MUN-TOT-SUN,4,2+1+1+1,1,2.3636,2.2,2.5,0.3,2,"ARS,MUN","BOU,COV",ARS-BOU-COV-TOT-SUN,5,1+1+1+1+1,1,2.5208,100.0,18.8,-0.1088,2.491492,True,161.0
ARS-LEE-MUN-MUN-SUN,4,2+1+1+1,1,2.3636,2.2,2.5,0.35,2,"MUN,MUN","COV,MCI",ARS-COV-LEE-MCI-SUN,5,1+1+1+1+1,1,2.5208,100.0,12.5,-0.1559,2.491492,True,162.0
ARS-LEE-MUN-SUN-SUN,4,2+1+1+1,2,2.3636,2.2,2.5,0.35,2,"MUN,SUN","COV,MCI",ARS-COV-LEE-MCI-SUN,5,1+1+1+1+1,1,2.5208,100.0,12.5,-0.1559,2.491492,True,163.0
ARS-MUN-MUN-TOT-SUN,4,2+1+1+1,1,2.3636,2.2,2.5,0.45,2,"MUN,MUN","BOU,COV",ARS-BOU-COV-TOT-SUN,5,1+1+1+1+1,1,2.5208,100.0,18.8,-0.1088,2.491492,True,164.0
ARS-MUN-TOT-SUN-SUN,4,2+1+1+1,2,2.3636,2.2,2.5,0.45,2,"MUN,SUN","BOU,COV",ARS-BOU-COV-TOT-SUN,5,1+1+1+1+1,1,2.5208,100.0,18.8,-0.1088,2.491492,True,165.0
ARS-CHE-MUN-MUN-SUN,4,2+1+1+1,1,2.3636,2.2,2.5,0.6524,2,"MUN,MUN","AVL,MCI",ARS-AVL-CHE-MCI-SUN,5,1+1+1+1+1,1,2.5208,100.0,18.8,-0.0784,2.491492,True,166.0
ARS-CHE-MUN-SUN-SUN,4,2+1+1+1,2,2.3636,2.2,2.5,0.6524,2,"MUN,SUN","AVL,MCI",ARS-AVL-CHE-MCI-SUN,5,1+1+1+1+1,1,2.5208,100.0,18.8,-0.0784,2.491492,True,167.0
ARS-EVE-MUN-MUN-SUN,4,2+1+1+1,1,2.3636,2.2,2.5,0.7,2,"MUN,MUN","BOU,CHE",ARS-BOU-CHE-EVE-SUN,5,1+1+1+1+1,1,2.5208,100.0,18.8,-0.0028,2.491492,True,168.0
ARS-EVE-MUN-SUN-SUN,4,2+1+1+1,2,2.3636,2.2,2.5,0.7,2,"MUN,SUN","BOU,CHE",ARS-BOU-CHE-EVE-SUN,5,1+1+1+1+1,1,2.5208,100.0,18.8,-0.0028,2.491492,True,169.0
AVL-CRY-MUN-MUN-SUN,4,2+1+1+1,1,2.3636,2.4,2.33,-0.1232,2,"MUN,SUN","LIV,MCI",AVL-CRY-LIV-MCI-MUN,5,1+1+1+1+1,0,2.5208,100.0,6.2,-0.1515,2.491492,True,170.0
AVL-CRY-MUN-SUN-SUN,4,2+1+1+1,2,2.3636,2.4,2.33,-0.1232,2,"SUN,SUN","LIV,MCI",AVL-CRY-LIV-MCI-MUN,5,1+1+1+1+1,0,2.5208,100.0,6.2,-0.1515,2.491492,True,171.0
BHA-EVE-MUN-MUN-SUN,4,2+1+1+1,1,2.3636,2.4,2.33,0.1536,2,"MUN,MUN","COV,NFO",BHA-COV-EVE-NFO-SUN,5,1+1+1+1+1,1,2.5208,100.0,12.5,-0.1457,2.491492,True,172.0
BHA-EVE-MUN-SUN-SUN,4,2+1+1+1,2,2.3636,2.4,2.33,0.1536,2,"MUN,SUN","COV,NFO",BHA-COV-EVE-NFO-SUN,5,1+1+1+1+1,1,2.5208,100.0,12.5,-0.1457,2.491492,True,173.0
BRE-MUN-MUN-NFO-SUN,4,2+1+1+1,1,2.2727,2.2,2.33,-0.1,2,"MUN,SUN","BOU,COV",BOU-BRE-COV-MUN-NFO,5,1+1+1+1+1,0,2.5417,100.0,18.8,-0.1096,2.491547,True,174.0
BRE-MUN-NFO-SUN-SUN,4,2+1+1+1,2,2.2727,2.2,2.33,-0.1,2,"SUN,SUN","BOU,COV",BOU-BRE-COV-MUN-NFO,5,1+1+1+1+1,0,2.5417,100.0,18.8,-0.1096,2.491547,True,175.0
ARS-BHA-MUN-MUN-SUN,4,2+1+1+1,1,2.2727,2.2,2.33,0.0902,2,"MUN,MUN","COV,MCI",ARS-BHA-COV-MCI-SUN,5,1+1+1+1+1,1,2.5417,100.0,12.5,-0.1437,2.491547,True,176.0
ARS-BHA-MUN-SUN-SUN,4,2+1+1+1,2,2.2727,2.2,2.33,0.0902,2,"MUN,SUN","COV,MCI",ARS-BHA-COV-MCI-SUN,5,1+1+1+1+1,1,2.5417,100.0,12.5,-0.1437,2.491547,True,177.0
BRE-LIV-MUN-MUN-SUN,4,2+1+1+1,1,2.2727,2.4,2.17,-0.3,2,"MUN,SUN","AVL,NFO",AVL-BRE-LIV-MUN-NFO,5,1+1+1+1+1,0,2.5417,100.0,12.5,-0.0644,2.491547,True,178.0
BRE-LIV-MUN-SUN-SUN,4,2+1+1+1,2,2.2727,2.4,2.17,-0.3,2,"SUN,SUN","AVL,NFO",AVL-BRE-LIV-MUN-NFO,5,1+1+1+1+1,0,2.5417,100.0,12.5,-0.0644,2.491547,True,179.0
ARS-BRE-MUN-MUN-SUN,4,2+1+1+1,1,2.2727,2.2,2.33,0.0,2,"MUN,MUN","AVL,COV",ARS-AVL-BRE-COV-SUN,5,1+1+1+1+1,1,2.5625,100.0,18.8,-0.0782,2.508469,True,180.0
ARS-BRE-MUN-SUN-SUN,4,2+1+1+1,2,2.2727,2.2,2.33,0.0,2,"MUN,SUN","AVL,COV",ARS-AVL-BRE-COV-SUN,5,1+1+1+1+1,1,2.5625,100.0,18.8,-0.0782,2.508469,True,181.0
BRE-BHA-MUN-MUN-SUN,4,2+1+1+1,1,2.2727,2.4,2.17,-0.2732,2,"MUN,SUN","COV,MCI",BRE-BHA-COV-MCI-MUN,5,1+1+1+1+1,0,2.5625,100.0,6.2,-0.1622,2.508469,True,182.0
BRE-BHA-MUN-SUN-SUN,4,2+1+1+1,2,2.2727,2.4,2.17,-0.2732,2,"SUN,SUN","COV,MCI",BRE-BHA-COV-MCI-MUN,5,1+1+1+1+1,0,2.5625,100.0,6.2,-0.1622,2.508469,True,183.0
BRE-MUN-NFO-NFO-SUN,4,2+1+1+1,1,2.3636,2.2,2.5,-0.1,2,"NFO,SUN","BOU,COV",BOU-BRE-COV-MUN-NFO,5,1+1+1+1+1,0,2.5417,100.0,18.8,-0.1096,2.508495,True,184.0
BRE-BRE-MUN-NFO-SUN,4,2+1+1+1,1,2.3636,2.4,2.33,-0.3,2,"BRE,SUN","BOU,COV",BOU-BRE-COV-MUN-NFO,5,1+1+1+1+1,0,2.5417,100.0,18.8,-0.1096,2.508495,True,185.0
ARS-BRE-BHA-SUN-SUN,4,2+1+1+1,2,2.3636,2.4,2.33,-0.2366,2,"BRE,SUN","COV,MCI",ARS-BHA-COV-MCI-SUN,5,1+1+1+1+1,1,2.5417,100.0,12.5,-0.1437,2.508495,True,186.0
ARS-BRE-BHA-MUN-SUN,5,1+1+1+1+1,1,2.3636,2.4,2.33,-0.1366,2,"BRE,MUN","COV,MCI",ARS-BHA-COV-MCI-SUN,5,1+1+1+1+1,1,2.5417,100.0,12.5,-0.1437,2.508495,True,187.0
BRE-EVE-MUN-MUN-SUN,4,2+1+1+1,1,2.3636,2.4,2.33,0.1,2,"BRE,MUN","BOU,COV",BOU-COV-EVE-MUN-SUN,5,1+1+1+1+1,1,2.5417,100.0,18.8,-0.1264,2.508495,True,188.0
BRE-EVE-MUN-SUN-SUN,4,2+1+1+1,2,2.3636,2.4,2.33,0.1,2,"BRE,SUN","BOU,COV",BOU-COV-EVE-MUN-SUN,5,1+1+1+1+1,1,2.5417,100.0,18.8,-0.1264,2.508495,True,189.0
AVL-EVE-MUN-MUN-SUN,4,2+1+1+1,1,2.3636,2.4,2.33,0.1536,2,"AVL,MUN","BOU,COV",BOU-COV-EVE-MUN-SUN,5,1+1+1+1+1,1,2.5417,100.0,18.8,-0.1264,2.508495,True,190.0
AVL-EVE-MUN-SUN-SUN,4,2+1+1+1,2,2.3636,2.4,2.33,0.1536,2,"AVL,SUN","BOU,COV",BOU-COV-EVE-MUN-SUN,5,1+1+1+1+1,1,2.5417,100.0,18.8,-0.1264,2.508495,True,191.0
ARS-ARS-BRE-MUN-SUN,4,2+1+1+1,1,2.3636,2.2,2.5,0.0,2,"BRE,MUN","BOU,LEE",ARS-ARS-BOU-LEE-SUN,4,2+1+1+1,1,2.5625,100.0,18.8,-0.1214,2.525417,True,192.0
ARS-BRE-BRE-MUN-SUN,4,2+1+1+1,1,2.3636,2.4,2.33,-0.3,2,"BRE,MUN","AVL,COV",ARS-AVL-BRE-COV-SUN,5,1+1+1+1+1,1,2.5625,100.0,18.8,-0.0782,2.525417,True,193.0
BRE-CRY-MUN-MUN-SUN,4,2+1+1+1,1,2.3636,2.4,2.33,-0.2,2,"MUN,SUN","BOU,NFO",BOU-BRE-CRY-MUN-NFO,5,1+1+1+1+1,0,2.5625,100.0,12.5,-0.1132,2.525417,True,194.0
BRE-CRY-MUN-SUN-SUN,4,2+1+1+1,2,2.3636,2.4,2.33,-0.2,2,"SUN,SUN","BOU,NFO",BOU-BRE-CRY-MUN-NFO,5,1+1+1+1+1,0,2.5625,100.0,12.5,-0.1132,2.525417,True,195.0
BRE-LEE-MUN-MUN-SUN,4,2+1+1+1,1,2.3636,2.4,2.33,-0.1,2,"MUN,SUN","AVL,COV",AVL-BRE-COV-LEE-MUN,5,1+1+1+1+1,0,2.5625,100.0,6.2,-0.1518,2.525417,True,196.0
BRE-LEE-MUN-SUN-SUN,4,2+1+1+1,2,2.3636,2.4,2.33,-0.1,2,"SUN,SUN","AVL,COV",AVL-BRE-COV-LEE-MUN,5,1+1+1+1+1,0,2.5625,100.0,6.2,-0.1518,2.525417,True,197.0
AVL-LIV-MCI-SUN-SUN,4,2+1+1+1,2,2.3636,2.6,2.17,-0.3,2,"SUN,SUN","CHE,NFO",AVL-CHE-LIV-MCI-NFO,5,1+1+1+1+1,0,2.4375,100.0,25.0,-0.0529,2.423722,False,
CHE-LIV-MCI-SUN-SUN,4,2+1+1+1,2,2.3636,2.6,2.17,-0.3,2,"SUN,SUN","AVL,NFO",AVL-CHE-LIV-MCI-NFO,5,1+1+1+1+1,0,2.4375,100.0,25.0,-0.0529,2.423722,False,
AVL-CHE-LIV-SUN-SUN,4,2+1+1+1,2,2.3636,2.6,2.17,-0.2903,2,"SUN,SUN","MCI,NFO",AVL-CHE-LIV-MCI-NFO,5,1+1+1+1+1,0,2.4375,100.0,25.0,-0.0529,2.423722,False,
AVL-CHE-MCI-SUN-SUN,4,2+1+1+1,2,2.3636,2.6,2.17,-0.2903,2,"SUN,SUN","LIV,NFO",AVL-CHE-LIV-MCI-NFO,5,1+1+1+1+1,0,2.4375,100.0,25.0,-0.0529,2.423722,False,
AVL-LIV-MCI-MUN-SUN,5,1+1+1+1+1,1,2.3636,2.6,2.17,-0.2,2,"MUN,SUN","CHE,NFO",AVL-CHE-LIV-MCI-NFO,5,1+1+1+1+1,0,2.4375,100.0,25.0,-0.0529,2.423722,False,
CHE-LIV-MCI-MUN-SUN,5,1+1+1+1+1,1,2.3636,2.6,2.17,-0.2,2,"MUN,SUN","AVL,NFO",AVL-CHE-LIV-MCI-NFO,5,1+1+1+1+1,0,2.4375,100.0,25.0,-0.0529,2.423722,False,
AVL-CHE-LIV-MUN-SUN,5,1+1+1+1+1,1,2.3636,2.6,2.17,-0.1903,2,"MUN,SUN","MCI,NFO",AVL-CHE-LIV-MCI-NFO,5,1+1+1+1+1,0,2.4375,100.0,25.0,-0.0529,2.423722,False,
AVL-CHE-MCI-MUN-SUN,5,1+1+1+1+1,1,2.3636,2.6,2.17,-0.1903,2,"MUN,SUN","LIV,NFO",AVL-CHE-LIV-MCI-NFO,5,1+1+1+1+1,0,2.4375,100.0,25.0,-0.0529,2.423722,False,
CHE-LIV-NFO-NFO-SUN,4,2+1+1+1,1,2.4545,2.4,2.5,-0.1655,2,"NFO,SUN","BOU,EVE",BOU-CHE-EVE-LIV-NFO,5,1+1+1+1+1,0,2.4375,100.0,25.0,-0.0785,2.440669,False,
CHE-MCI-NFO-NFO-SUN,4,2+1+1+1,1,2.4545,2.4,2.5,-0.1655,2,"NFO,SUN","AVL,LIV",AVL-CHE-LIV-MCI-NFO,5,1+1+1+1+1,0,2.4375,100.0,25.0,-0.0529,2.440669,False,
EVE-LIV-NFO-SUN-SUN,4,2+1+1+1,2,2.4545,2.4,2.5,-0.1,2,"SUN,SUN","BOU,CHE",BOU-CHE-EVE-LIV-NFO,5,1+1+1+1+1,0,2.4375,100.0,25.0,-0.0785,2.440669,False,
LIV-MCI-NFO-NFO-SUN,4,2+1+1+1,1,2.4545,2.4,2.5,-0.1,2,"NFO,SUN","AVL,CHE",AVL-CHE-LIV-MCI-NFO,5,1+1+1+1+1,0,2.4375,100.0,25.0,-0.0529,2.440669,False,
ARS-LIV-MCI-NFO-SUN,5,1+1+1+1+1,1,2.4545,2.4,2.5,-0.0634,2,"ARS,SUN","AVL,CHE",AVL-CHE-LIV-MCI-NFO,5,1+1+1+1+1,0,2.4375,100.0,25.0,-0.0529,2.440669,False,
ARS-CHE-LIV-NFO-SUN,5,1+1+1+1+1,1,2.4545,2.4,2.5,-0.0272,2,"ARS,SUN","BOU,EVE",BOU-CHE-EVE-LIV-NFO,5,1+1+1+1+1,0,2.4375,100.0,25.0,-0.0785,2.440669,False,
ARS-CHE-MCI-NFO-SUN,5,1+1+1+1+1,1,2.4545,2.4,2.5,-0.0272,2,"ARS,SUN","AVL,LIV",AVL-CHE-LIV-MCI-NFO,5,1+1+1+1+1,0,2.4375,100.0,25.0,-0.0529,2.440669,False,
EVE-LIV-MUN-NFO-SUN,5,1+1+1+1+1,1,2.4545,2.4,2.5,0.0,2,"MUN,SUN","BOU,CHE",BOU-CHE-EVE-LIV-NFO,5,1+1+1+1+1,0,2.4375,100.0,25.0,-0.0785,2.440669,False,
CHE-EVE-NFO-SUN-SUN,4,2+1+1+1,2,2.4545,2.4,2.5,0.4507,2,"SUN,SUN","BOU,LIV",BOU-CHE-EVE-LIV-NFO,5,1+1+1+1+1,0,2.4375,100.0,25.0,-0.0785,2.440669,False,
CHE-EVE-MUN-NFO-SUN,5,1+1+1+1+1,1,2.4545,2.4,2.5,0.5507,2,"MUN,SUN","BOU,LIV",BOU-CHE-EVE-LIV-NFO,5,1+1+1+1+1,0,2.4375,100.0,25.0,-0.0785,2.440669,False,
CHE-LIV-LIV-NFO-SUN,4,2+1+1+1,1,2.4545,2.6,2.33,-0.3272,2,"LIV,SUN","BOU,EVE",BOU-CHE-EVE-LIV-NFO,5,1+1+1+1+1,0,2.4375,100.0,25.0,-0.0785,2.440669,False,
CHE-MCI-MCI-NFO-SUN,4,2+1+1+1,1,2.4545,2.6,2.33,-0.3272,2,"MCI,SUN","AVL,LIV",AVL-CHE-LIV-MCI-NFO,5,1+1+1+1+1,0,2.4375,100.0,25.0,-0.0529,2.440669,False,
LIV-MCI-NFO-TOT-SUN,5,1+1+1+1+1,1,2.4545,2.6,2.33,-0.2366,2,"SUN,TOT","AVL,CHE",AVL-CHE-LIV-MCI-NFO,5,1+1+1+1+1,0,2.4375,100.0,25.0,-0.0529,2.440669,False,
BRE-CHE-LIV-NFO-SUN,5,1+1+1+1+1,1,2.4545,2.6,2.33,-0.2272,2,"BRE,SUN","BOU,EVE",BOU-CHE-EVE-LIV-NFO,5,1+1+1+1+1,0,2.4375,100.0,25.0,-0.0785,2.440669,False,
BRE-CHE-MCI-NFO-SUN,5,1+1+1+1+1,1,2.4545,2.6,2.33,-0.2272,2,"BRE,SUN","AVL,LIV",AVL-CHE-LIV-MCI-NFO,5,1+1+1+1+1,0,2.4375,100.0,25.0,-0.0529,2.440669,False,
CHE-LIV-MCI-NFO-SUN,5,1+1+1+1+1,1,2.4545,2.6,2.33,-0.2272,1,SUN,AVL,AVL-CHE-LIV-MCI-NFO,5,1+1+1+1+1,0,2.4375,100.0,25.0,-0.0529,2.440669,False,
ARS-CHE-LIV-MCI-SUN,5,1+1+1+1+1,1,2.4545,2.6,2.33,-0.2256,2,"ARS,SUN","AVL,NFO",AVL-CHE-LIV-MCI-NFO,5,1+1+1+1+1,0,2.4375,100.0,25.0,-0.0529,2.440669,False,
AVL-LIV-NFO-TOT-SUN,5,1+1+1+1+1,1,2.4545,2.6,2.33,-0.2232,2,"SUN,TOT","CHE,MCI",AVL-CHE-LIV-MCI-NFO,5,1+1+1+1+1,0,2.4375,100.0,25.0,-0.0529,2.440669,False,
AVL-MCI-NFO-TOT-SUN,5,1+1+1+1+1,1,2.4545,2.6,2.33,-0.2232,2,"SUN,TOT","CHE,LIV",AVL-CHE-LIV-MCI-NFO,5,1+1+1+1+1,0,2.4375,100.0,25.0,-0.0529,2.440669,False,
AVL-BRE-CHE-NFO-SUN,5,1+1+1+1+1,1,2.4545,2.6,2.33,-0.1809,2,"BRE,SUN","LIV,MCI",AVL-CHE-LIV-MCI-NFO,5,1+1+1+1+1,0,2.4375,100.0,25.0,-0.0529,2.440669,False,
AVL-CHE-LIV-NFO-SUN,5,1+1+1+1+1,1,2.4545,2.6,2.33,-0.1809,1,SUN,MCI,AVL-CHE-LIV-MCI-NFO,5,1+1+1+1+1,0,2.4375,100.0,25.0,-0.0529,2.440669,False,
AVL-CHE-MCI-NFO-SUN,5,1+1+1+1+1,1,2.4545,2.6,2.33,-0.1809,1,SUN,LIV,AVL-CHE-LIV-MCI-NFO,5,1+1+1+1+1,0,2.4375,100.0,25.0,-0.0529,2.440669,False,
BHA-CHE-LIV-NFO-SUN,5,1+1+1+1+1,1,2.4545,2.6,2.33,-0.1809,2,"BHA,SUN","BOU,EVE",BOU-CHE-EVE-LIV-NFO,5,1+1+1+1+1,0,2.4375,100.0,25.0,-0.0785,2.440669,False,
BHA-CHE-MCI-NFO-SUN,5,1+1+1+1+1,1,2.4545,2.6,2.33,-0.1809,2,"BHA,SUN","AVL,LIV",AVL-CHE-LIV-MCI-NFO,5,1+1+1+1+1,0,2.4375,100.0,25.0,-0.0529,2.440669,False,
ARS-AVL-CHE-LIV-SUN,5,1+1+1+1+1,1,2.4545,2.6,2.33,-0.1793,2,"ARS,SUN","MCI,NFO",AVL-CHE-LIV-MCI-NFO,5,1+1+1+1+1,0,2.4375,100.0,25.0,-0.0529,2.440669,False,
ARS-AVL-CHE-MCI-SUN,5,1+1+1+1+1,1,2.4545,2.6,2.33,-0.1793,2,"ARS,SUN","LIV,NFO",AVL-CHE-LIV-MCI-NFO,5,1+1+1+1+1,0,2.4375,100.0,25.0,-0.0529,2.440669,False,
CHE-CHE-LIV-NFO-SUN,4,2+1+1+1,1,2.4545,2.6,2.33,-0.1655,2,"CHE,SUN","BOU,EVE",BOU-CHE-EVE-LIV-NFO,5,1+1+1+1+1,0,2.4375,100.0,25.0,-0.0785,2.440669,False,
CHE-CHE-MCI-NFO-SUN,4,2+1+1+1,1,2.4545,2.6,2.33,-0.1655,2,"CHE,SUN","AVL,LIV",AVL-CHE-LIV-MCI-NFO,5,1+1+1+1+1,0,2.4375,100.0,25.0,-0.0529,2.440669,False,
CHE-LIV-NFO-TOT-SUN,5,1+1+1+1+1,1,2.4545,2.6,2.33,-0.1437,2,"SUN,TOT","BOU,EVE",BOU-CHE-EVE-LIV-NFO,5,1+1+1+1+1,0,2.4375,100.0,25.0,-0.0785,2.440669,False,
CHE-MCI-NFO-TOT-SUN,5,1+1+1+1+1,1,2.4545,2.6,2.33,-0.1437,2,"SUN,TOT","AVL,LIV",AVL-CHE-LIV-MCI-NFO,5,1+1+1+1+1,0,2.4375,100.0,25.0,-0.0529,2.440669,False,
AVL-CHE-NFO-TOT-SUN,5,1+1+1+1+1,1,2.4545,2.6,2.33,-0.1207,2,"SUN,TOT","LIV,MCI",AVL-CHE-LIV-MCI-NFO,5,1+1+1+1+1,0,2.4375,100.0,25.0,-0.0529,2.440669,False,
AVL-CHE-CHE-NFO-SUN,4,2+1+1+1,1,2.4545,2.6,2.33,-0.1095,2,"CHE,SUN","LIV,MCI",AVL-CHE-LIV-MCI-NFO,5,1+1+1+1+1,0,2.4375,100.0,25.0,-0.0529,2.440669,False,
LIV-LIV-MCI-NFO-SUN,4,2+1+1+1,1,2.4545,2.6,2.33,-0.1,2,"LIV,SUN","AVL,CHE",AVL-CHE-LIV-MCI-NFO,5,1+1+1+1+1,0,2.4375,100.0,25.0,-0.0529,2.440669,False,
LIV-MCI-MCI-NFO-SUN,4,2+1+1+1,1,2.4545,2.6,2.33,-0.1,2,"MCI,SUN","AVL,CHE",AVL-CHE-LIV-MCI-NFO,5,1+1+1+1+1,0,2.4375,100.0,25.0,-0.0529,2.440669,False,
ARS-AVL-LIV-MCI-SUN,5,1+1+1+1+1,1,2.4545,2.6,2.33,-0.0634,2,"ARS,SUN","CHE,NFO",AVL-CHE-LIV-MCI-NFO,5,1+1+1+1+1,0,2.4375,100.0,25.0,-0.0529,2.440669,False,
AVL-LIV-LIV-NFO-SUN,4,2+1+1+1,1,2.4545,2.6,2.33,-0.0634,2,"LIV,SUN","CHE,MCI",AVL-CHE-LIV-MCI-NFO,5,1+1+1+1+1,0,2.4375,100.0,25.0,-0.0529,2.440669,False,
AVL-MCI-MCI-NFO-SUN,4,2+1+1+1,1,2.4545,2.6,2.33,-0.0634,2,"MCI,SUN","CHE,LIV",AVL-CHE-LIV-MCI-NFO,5,1+1+1+1+1,0,2.4375,100.0,25.0,-0.0529,2.440669,False,
BRE-LIV-MCI-NFO-SUN,5,1+1+1+1+1,1,2.4545,2.6,2.33,0.0,2,"BRE,SUN","AVL,CHE",AVL-CHE-LIV-MCI-NFO,5,1+1+1+1+1,0,2.4375,100.0,25.0,-0.0529,2.440669,False,
AVL-BRE-LIV-NFO-SUN,5,1+1+1+1+1,1,2.4545,2.6,2.33,0.0366,2,"BRE,SUN","CHE,MCI",AVL-CHE-LIV-MCI-NFO,5,1+1+1+1+1,0,2.4375,100.0,25.0,-0.0529,2.440669,False,
AVL-BRE-MCI-NFO-SUN,5,1+1+1+1+1,1,2.4545,2.6,2.33,0.0366,2,"BRE,SUN","CHE,LIV",AVL-CHE-LIV-MCI-NFO,5,1+1+1+1+1,0,2.4375,100.0,25.0,-0.0529,2.440669,False,
AVL-LIV-MCI-NFO-SUN,5,1+1+1+1+1,1,2.4545,2.6,2.33,0.0366,1,SUN,CHE,AVL-CHE-LIV-MCI-NFO,5,1+1+1+1+1,0,2.4375,100.0,25.0,-0.0529,2.440669,False,
BHA-LIV-MCI-NFO-SUN,5,1+1+1+1+1,1,2.4545,2.6,2.33,0.0366,2,"BHA,SUN","AVL,CHE",AVL-CHE-LIV-MCI-NFO,5,1+1+1+1+1,0,2.4375,100.0,25.0,-0.0529,2.440669,False,
CHE-EVE-LIV-SUN-SUN,4,2+1+1+1,2,2.4545,2.6,2.33,0.089,2,"SUN,SUN","BOU,NFO",BOU-CHE-EVE-LIV-NFO,5,1+1+1+1+1,0,2.4375,100.0,25.0,-0.0785,2.440669,False,
CHE-EVE-LIV-MUN-SUN,5,1+1+1+1+1,1,2.4545,2.6,2.33,0.189,2,"MUN,SUN","BOU,NFO",BOU-CHE-EVE-LIV-NFO,5,1+1+1+1+1,0,2.4375,100.0,25.0,-0.0785,2.440669,False,
AVL-CHE-LIV-LIV-SUN,4,2+1+1+1,1,2.4545,2.8,2.17,-0.3061,2,"LIV,SUN","MCI,NFO",AVL-CHE-LIV-MCI-NFO,5,1+1+1+1+1,0,2.4375,100.0,25.0,-0.0529,2.440669,False,
AVL-CHE-MCI-MCI-SUN,4,2+1+1+1,1,2.4545,2.8,2.17,-0.3061,2,"MCI,SUN","LIV,NFO",AVL-CHE-LIV-MCI-NFO,5,1+1+1+1+1,0,2.4375,100.0,25.0,-0.0529,2.440669,False,
AVL-AVL-CHE-LIV-SUN,4,2+1+1+1,1,2.4545,2.8,2.17,-0.2964,2,"AVL,SUN","MCI,NFO",AVL-CHE-LIV-MCI-NFO,5,1+1+1+1+1,0,2.4375,100.0,25.0,-0.0529,2.440669,False,
AVL-AVL-CHE-MCI-SUN,4,2+1+1+1,1,2.4545,2.8,2.17,-0.2964,2,"AVL,SUN","LIV,NFO",AVL-CHE-LIV-MCI-NFO,5,1+1+1+1+1,0,2.4375,100.0,25.0,-0.0529,2.440669,False,
AVL-CHE-CHE-LIV-SUN,4,2+1+1+1,1,2.4545,2.8,2.17,-0.2964,2,"CHE,SUN","MCI,NFO",AVL-CHE-LIV-MCI-NFO,5,1+1+1+1+1,0,2.4375,100.0,25.0,-0.0529,2.440669,False,
AVL-CHE-CHE-MCI-SUN,4,2+1+1+1,1,2.4545,2.8,2.17,-0.2964,2,"CHE,SUN","LIV,NFO",AVL-CHE-LIV-MCI-NFO,5,1+1+1+1+1,0,2.4375,100.0,25.0,-0.0529,2.440669,False,
CHE-CHE-LIV-MCI-SUN,4,2+1+1+1,1,2.4545,2.8,2.17,-0.289,2,"CHE,SUN","AVL,NFO",AVL-CHE-LIV-MCI-NFO,5,1+1+1+1+1,0,2.4375,100.0,25.0,-0.0529,2.440669,False,
CHE-LIV-LIV-MCI-SUN,4,2+1+1+1,1,2.4545,2.8,2.17,-0.289,2,"LIV,SUN","AVL,NFO",AVL-CHE-LIV-MCI-NFO,5,1+1+1+1+1,0,2.4375,100.0,25.0,-0.0529,2.440669,False,
CHE-LIV-MCI-MCI-SUN,4,2+1+1+1,1,2.4545,2.8,2.17,-0.289,2,"MCI,SUN","AVL,NFO",AVL-CHE-LIV-MCI-NFO,5,1+1+1+1+1,0,2.4375,100.0,25.0,-0.0529,2.440669,False,
AVL-CHE-LIV-TOT-SUN,5,1+1+1+1+1,1,2.4545,2.8,2.17,-0.2092,2,"SUN,TOT","MCI,NFO",AVL-CHE-LIV-MCI-NFO,5,1+1+1+1+1,0,2.4375,100.0,25.0,-0.0529,2.440669,False,
AVL-CHE-MCI-TOT-SUN,5,1+1+1+1+1,1,2.4545,2.8,2.17,-0.2092,2,"SUN,TOT","LIV,NFO",AVL-CHE-LIV-MCI-NFO,5,1+1+1+1+1,0,2.4375,100.0,25.0,-0.0529,2.440669,False,
AVL-BRE-CHE-LIV-SUN,5,1+1+1+1+1,1,2.4545,2.8,2.17,-0.2061,2,"BRE,SUN","MCI,NFO",AVL-CHE-LIV-MCI-NFO,5,1+1+1+1+1,0,2.4375,100.0,25.0,-0.0529,2.440669,False,
AVL-BRE-CHE-MCI-SUN,5,1+1+1+1+1,1,2.4545,2.8,2.17,-0.2061,2,"BRE,SUN","LIV,NFO",AVL-CHE-LIV-MCI-NFO,5,1+1+1+1+1,0,2.4375,100.0,25.0,-0.0529,2.440669,False,
AVL-CHE-LIV-MCI-SUN,5,1+1+1+1+1,1,2.4545,2.8,2.17,-0.2061,1,SUN,NFO,AVL-CHE-LIV-MCI-NFO,5,1+1+1+1+1,0,2.4375,100.0,25.0,-0.0529,2.440669,False,
BHA-CHE-LIV-MCI-SUN,5,1+1+1+1+1,1,2.4545,2.8,2.17,-0.2061,2,"BHA,SUN","AVL,NFO",AVL-CHE-LIV-MCI-NFO,5,1+1+1+1+1,0,2.4375,100.0,25.0,-0.0529,2.440669,False,
BRE-CHE-LIV-MCI-SUN,5,1+1+1+1+1,1,2.4545,2.8,2.17,-0.189,2,"BRE,SUN","AVL,NFO",AVL-CHE-LIV-MCI-NFO,5,1+1+1+1+1,0,2.4375,100.0,25.0,-0.0529,2.440669,False,
CHE-LIV-MCI-TOT-SUN,5,1+1+1+1+1,1,2.4545,2.8,2.17,-0.1689,2,"SUN,TOT","AVL,NFO",AVL-CHE-LIV-MCI-NFO,5,1+1+1+1+1,0,2.4375,100.0,25.0,-0.0529,2.440669,False,
AVL-LIV-MCI-TOT-SUN,5,1+1+1+1+1,1,2.4545,2.8,2.17,-0.15,2,"SUN,TOT","CHE,NFO",AVL-CHE-LIV-MCI-NFO,5,1+1+1+1+1,0,2.4375,100.0,25.0,-0.0529,2.440669,False,
CRY-LIV-NFO-SUN-SUN,4,2+1+1+1,2,2.4545,2.4,2.5,-0.1634,2,"SUN,SUN","BOU,EVE",BOU-CRY-EVE-LIV-NFO,5,1+1+1+1+1,0,2.4583,100.0,18.8,-0.1615,2.457592,False,
CRY-LIV-MUN-NFO-SUN,5,1+1+1+1+1,1,2.4545,2.4,2.5,-0.0634,2,"MUN,SUN","BOU,EVE",BOU-CRY-EVE-LIV-NFO,5,1+1+1+1+1,0,2.4583,100.0,18.8,-0.1615,2.457592,False,
CHE-NFO-NFO-TOT-SUN,4,2+1+1+1,1,2.4545,2.4,2.5,-0.0186,2,"NFO,SUN","BOU,FUL",BOU-CHE-FUL-NFO-TOT,5,1+1+1+1+1,0,2.4583,100.0,12.5,-0.1278,2.457592,False,
ARS-CHE-NFO-TOT-SUN,5,1+1+1+1+1,1,2.4545,2.4,2.5,0.2062,2,"ARS,SUN","BOU,FUL",BOU-CHE-FUL-NFO-TOT,5,1+1+1+1+1,0,2.4583,100.0,12.5,-0.1278,2.457592,False,
CHE-NFO-TOT-SUN-SUN,4,2+1+1+1,2,2.4545,2.4,2.5,0.2452,2,"SUN,SUN","BOU,FUL",BOU-CHE-FUL-NFO-TOT,5,1+1+1+1+1,0,2.4583,100.0,12.5,-0.1278,2.457592,False,
CHE-MUN-NFO-TOT-SUN,5,1+1+1+1+1,1,2.4545,2.4,2.5,0.3452,2,"MUN,SUN","BOU,FUL",BOU-CHE-FUL-NFO-TOT,5,1+1+1+1+1,0,2.4583,100.0,12.5,-0.1278,2.457592,False,
EVE-LIV-MCI-SUN-SUN,4,2+1+1+1,2,2.4545,2.6,2.33,-0.3,2,"SUN,SUN","COV,NEW",COV-EVE-LIV-MCI-NEW,5,1+1+1+1+1,0,2.4583,100.0,18.8,-0.102,2.457592,False,
AVL-LEE-LIV-SUN-SUN,4,2+1+1+1,2,2.4545,2.6,2.33,-0.2866,2,"SUN,SUN","CHE,NFO",AVL-CHE-LEE-LIV-NFO,5,1+1+1+1+1,0,2.4583,100.0,18.8,-0.0971,2.457592,False,
AVL-LEE-MCI-SUN-SUN,4,2+1+1+1,2,2.4545,2.6,2.33,-0.2866,2,"SUN,SUN","COV,FUL",AVL-COV-FUL-LEE-MCI,5,1+1+1+1+1,0,2.4583,100.0,6.2,-0.201,2.457592,False,
EVE-LIV-MCI-MUN-SUN,5,1+1+1+1+1,1,2.4545,2.6,2.33,-0.2,2,"MUN,SUN","COV,NEW",COV-EVE-LIV-MCI-NEW,5,1+1+1+1+1,0,2.4583,100.0,18.8,-0.102,2.457592,False,
AVL-LEE-LIV-MUN-SUN,5,1+1+1+1+1,1,2.4545,2.6,2.33,-0.1866,2,"MUN,SUN","CHE,NFO",AVL-CHE-LEE-LIV-NFO,5,1+1+1+1+1,0,2.4583,100.0,18.8,-0.0971,2.457592,False,
AVL-LEE-MCI-MUN-SUN,5,1+1+1+1+1,1,2.4545,2.6,2.33,-0.1866,2,"MUN,SUN","COV,FUL",AVL-COV-FUL-LEE-MCI,5,1+1+1+1+1,0,2.4583,100.0,6.2,-0.201,2.457592,False,
BHA-CHE-NFO-TOT-SUN,5,1+1+1+1+1,1,2.4545,2.6,2.33,-0.1207,2,"BHA,SUN","BOU,FUL",BOU-CHE-FUL-NFO-TOT,5,1+1+1+1+1,0,2.4583,100.0,12.5,-0.1278,2.457592,False,
CHE-LEE-LIV-SUN-SUN,4,2+1+1+1,2,2.4545,2.6,2.33,-0.1055,2,"SUN,SUN","AVL,NFO",AVL-CHE-LEE-LIV-NFO,5,1+1+1+1+1,0,2.4583,100.0,18.8,-0.0971,2.457592,False,
AVL-CHE-LEE-SUN-SUN,4,2+1+1+1,2,2.4545,2.6,2.33,-0.0824,2,"SUN,SUN","LIV,NFO",AVL-CHE-LEE-LIV-NFO,5,1+1+1+1+1,0,2.4583,100.0,18.8,-0.0971,2.457592,False,
CHE-LEE-LIV-MUN-SUN,5,1+1+1+1+1,1,2.4545,2.6,2.33,-0.0055,2,"MUN,SUN","AVL,NFO",AVL-CHE-LEE-LIV-NFO,5,1+1+1+1+1,0,2.4583,100.0,18.8,-0.0971,2.457592,False,
AVL-CHE-LEE-MUN-SUN,5,1+1+1+1+1,1,2.4545,2.6,2.33,0.0176,2,"MUN,SUN","LIV,NFO",AVL-CHE-LEE-LIV-NFO,5,1+1+1+1+1,0,2.4583,100.0,18.8,-0.0971,2.457592,False,
CHE-EVE-MCI-SUN-SUN,4,2+1+1+1,2,2.4545,2.6,2.33,0.089,2,"SUN,SUN","LIV,NEW",CHE-EVE-LIV-MCI-NEW,5,1+1+1+1+1,0,2.4583,100.0,12.5,-0.1204,2.457592,False,
CHE-EVE-MCI-MUN-SUN,5,1+1+1+1+1,1,2.4545,2.6,2.33,0.189,2,"MUN,SUN","LIV,NEW",CHE-EVE-LIV-MCI-NEW,5,1+1+1+1+1,0,2.4583,100.0,12.5,-0.1204,2.457592,False,
MCI-MUN-MUN-NFO-SUN,4,2+1+1+1,1,2.2727,2.2,2.33,-0.1,2,"MUN,MUN","CHE,COV",CHE-COV-MCI-NFO-SUN,5,1+1+1+1+1,1,2.5,93.8,25.0,-0.0491,2.457622,False,
MCI-MUN-NFO-SUN-SUN,4,2+1+1+1,2,2.2727,2.2,2.33,-0.1,2,"MUN,SUN","CHE,COV",CHE-COV-MCI-NFO-SUN,5,1+1+1+1+1,1,2.5,93.8,25.0,-0.0491,2.457622,False,
EVE-LIV-NFO-NFO-SUN,4,2+1+1+1,1,2.5455,2.4,2.67,-0.1,2,"NFO,SUN","BOU,CHE",BOU-CHE-EVE-LIV-NFO,5,1+1+1+1+1,0,2.4375,100.0,25.0,-0.0785,2.457636,False,
AVL-CHE-NFO-NFO-SUN,4,2+1+1+1,1,2.5455,2.4,2.67,-0.0558,2,"NFO,SUN","LIV,MCI",AVL-CHE-LIV-MCI-NFO,5,1+1+1+1+1,0,2.4375,100.0,25.0,-0.0529,2.457636,False,
AVL-LIV-NFO-NFO-SUN,4,2+1+1+1,1,2.5455,2.4,2.67,0.0,2,"NFO,SUN","CHE,MCI",AVL-CHE-LIV-MCI-NFO,5,1+1+1+1+1,0,2.4375,100.0,25.0,-0.0529,2.457636,False,
AVL-MCI-NFO-NFO-SUN,4,2+1+1+1,1,2.5455,2.4,2.67,0.0,2,"NFO,SUN","CHE,LIV",AVL-CHE-LIV-MCI-NFO,5,1+1+1+1+1,0,2.4375,100.0,25.0,-0.0529,2.457636,False,
ARS-AVL-LIV-NFO-SUN,5,1+1+1+1+1,1,2.5455,2.4,2.67,0.0366,2,"ARS,SUN","CHE,MCI",AVL-CHE-LIV-MCI-NFO,5,1+1+1+1+1,0,2.4375,100.0,25.0,-0.0529,2.457636,False,
ARS-AVL-MCI-NFO-SUN,5,1+1+1+1+1,1,2.5455,2.4,2.67,0.0366,2,"ARS,SUN","CHE,LIV",AVL-CHE-LIV-MCI-NFO,5,1+1+1+1+1,0,2.4375,100.0,25.0,-0.0529,2.457636,False,
ARS-EVE-LIV-NFO-SUN,5,1+1+1+1+1,1,2.5455,2.4,2.67,0.0366,2,"ARS,SUN","BOU,CHE",BOU-CHE-EVE-LIV-NFO,5,1+1+1+1+1,0,2.4375,100.0,25.0,-0.0785,2.457636,False,
ARS-AVL-CHE-NFO-SUN,5,1+1+1+1+1,1,2.5455,2.4,2.67,0.0825,2,"ARS,SUN","LIV,MCI",AVL-CHE-LIV-MCI-NFO,5,1+1+1+1+1,0,2.4375,100.0,25.0,-0.0529,2.457636,False,
CHE-EVE-NFO-NFO-SUN,4,2+1+1+1,1,2.5455,2.4,2.67,0.2235,2,"NFO,SUN","BOU,LIV",BOU-CHE-EVE-LIV-NFO,5,1+1+1+1+1,0,2.4375,100.0,25.0,-0.0785,2.457636,False,
EVE-LIV-LIV-NFO-SUN,4,2+1+1+1,1,2.5455,2.6,2.5,-0.3,2,"LIV,SUN","BOU,CHE",BOU-CHE-EVE-LIV-NFO,5,1+1+1+1+1,0,2.4375,100.0,25.0,-0.0785,2.457636,False,
AVL-AVL-CHE-NFO-SUN,4,2+1+1+1,1,2.5455,2.6,2.5,-0.2078,2,"AVL,SUN","LIV,MCI",AVL-CHE-LIV-MCI-NFO,5,1+1+1+1+1,0,2.4375,100.0,25.0,-0.0529,2.457636,False,
BRE-EVE-LIV-NFO-SUN,5,1+1+1+1+1,1,2.5455,2.6,2.5,-0.2,2,"BRE,SUN","BOU,CHE",BOU-CHE-EVE-LIV-NFO,5,1+1+1+1+1,0,2.4375,100.0,25.0,-0.0785,2.457636,False,
EVE-LIV-MCI-NFO-SUN,5,1+1+1+1+1,1,2.5455,2.6,2.5,-0.2,2,"MCI,SUN","BOU,CHE",BOU-CHE-EVE-LIV-NFO,5,1+1+1+1+1,0,2.4375,100.0,25.0,-0.0785,2.457636,False,
AVL-EVE-LIV-NFO-SUN,5,1+1+1+1+1,1,2.5455,2.6,2.5,-0.1366,2,"AVL,SUN","BOU,CHE",BOU-CHE-EVE-LIV-NFO,5,1+1+1+1+1,0,2.4375,100.0,25.0,-0.0785,2.457636,False,
AVL-EVE-MCI-NFO-SUN,5,1+1+1+1+1,1,2.5455,2.6,2.5,-0.1366,2,"EVE,SUN","CHE,LIV",AVL-CHE-LIV-MCI-NFO,5,1+1+1+1+1,0,2.4375,100.0,25.0,-0.0529,2.457636,False,
BHA-EVE-LIV-NFO-SUN,5,1+1+1+1+1,1,2.5455,2.6,2.5,-0.1366,2,"BHA,SUN","BOU,CHE",BOU-CHE-EVE-LIV-NFO,5,1+1+1+1+1,0,2.4375,100.0,25.0,-0.0785,2.457636,False,
EVE-LIV-NFO-TOT-SUN,5,1+1+1+1+1,1,2.5455,2.6,2.5,-0.1366,2,"SUN,TOT","BOU,CHE",BOU-CHE-EVE-LIV-NFO,5,1+1+1+1+1,0,2.4375,100.0,25.0,-0.0785,2.457636,False,
CHE-CRY-LIV-NFO-SUN,5,1+1+1+1+1,1,2.5455,2.6,2.5,-0.1217,2,"CRY,SUN","BOU,EVE",BOU-CHE-EVE-LIV-NFO,5,1+1+1+1+1,0,2.4375,100.0,25.0,-0.0785,2.457636,False,
CHE-CRY-MCI-NFO-SUN,5,1+1+1+1+1,1,2.5455,2.6,2.5,-0.1217,2,"CRY,SUN","AVL,LIV",AVL-CHE-LIV-MCI-NFO,5,1+1+1+1+1,0,2.4375,100.0,25.0,-0.0529,2.457636,False,
BRE-CHE-EVE-NFO-SUN,5,1+1+1+1+1,1,2.5455,2.6,2.5,-0.0382,2,"BRE,SUN","BOU,LIV",BOU-CHE-EVE-LIV-NFO,5,1+1+1+1+1,0,2.4375,100.0,25.0,-0.0785,2.457636,False,
CHE-EVE-LIV-NFO-SUN,5,1+1+1+1+1,1,2.5455,2.6,2.5,-0.0382,1,SUN,BOU,BOU-CHE-EVE-LIV-NFO,5,1+1+1+1+1,0,2.4375,100.0,25.0,-0.0785,2.457636,False,
CHE-EVE-MCI-NFO-SUN,5,1+1+1+1+1,1,2.5455,2.6,2.5,-0.0382,2,"MCI,SUN","BOU,LIV",BOU-CHE-EVE-LIV-NFO,5,1+1+1+1+1,0,2.4375,100.0,25.0,-0.0785,2.457636,False,
AVL-AVL-LIV-NFO-SUN,4,2+1+1+1,1,2.5455,2.6,2.5,0.0,2,"AVL,SUN","CHE,MCI",AVL-CHE-LIV-MCI-NFO,5,1+1+1+1+1,0,2.4375,100.0,25.0,-0.0529,2.457636,False,
AVL-AVL-MCI-NFO-SUN,4,2+1+1+1,1,2.5455,2.6,2.5,0.0,2,"AVL,SUN","CHE,LIV",AVL-CHE-LIV-MCI-NFO,5,1+1+1+1+1,0,2.4375,100.0,25.0,-0.0529,2.457636,False,
AVL-CHE-EVE-NFO-SUN,5,1+1+1+1+1,1,2.5455,2.6,2.5,0.0348,2,"AVL,SUN","BOU,LIV",BOU-CHE-EVE-LIV-NFO,5,1+1+1+1+1,0,2.4375,100.0,25.0,-0.0785,2.457636,False,
BHA-CHE-EVE-NFO-SUN,5,1+1+1+1+1,1,2.5455,2.6,2.5,0.0348,2,"BHA,SUN","BOU,LIV",BOU-CHE-EVE-LIV-NFO,5,1+1+1+1+1,0,2.4375,100.0,25.0,-0.0785,2.457636,False,
CRY-LIV-MCI-NFO-SUN,5,1+1+1+1+1,1,2.5455,2.6,2.5,0.0366,2,"CRY,SUN","AVL,CHE",AVL-CHE-LIV-MCI-NFO,5,1+1+1+1+1,0,2.4375,100.0,25.0,-0.0529,2.457636,False,
CHE-EVE-NFO-TOT-SUN,5,1+1+1+1+1,1,2.5455,2.6,2.5,0.3452,2,"SUN,TOT","BOU,LIV",BOU-CHE-EVE-LIV-NFO,5,1+1+1+1+1,0,2.4375,100.0,25.0,-0.0785,2.457636,False,
CHE-EVE-LIV-LIV-SUN,4,2+1+1+1,1,2.5455,2.8,2.33,-0.3,2,"LIV,SUN","BOU,NFO",BOU-CHE-EVE-LIV-NFO,5,1+1+1+1+1,0,2.4375,100.0,25.0,-0.0785,2.457636,False,
CHE-CRY-LIV-MCI-SUN,5,1+1+1+1+1,1,2.5455,2.8,2.33,-0.2201,2,"CRY,SUN","AVL,NFO",AVL-CHE-LIV-MCI-NFO,5,1+1+1+1+1,0,2.4375,100.0,25.0,-0.0529,2.457636,False,
AVL-EVE-LIV-MCI-SUN,5,1+1+1+1+1,1,2.5455,2.8,2.33,-0.2,2,"EVE,SUN","CHE,NFO",AVL-CHE-LIV-MCI-NFO,5,1+1+1+1+1,0,2.4375,100.0,25.0,-0.0529,2.457636,False,
BRE-CHE-EVE-LIV-SUN,5,1+1+1+1+1,1,2.5455,2.8,2.33,-0.2,2,"BRE,SUN","BOU,NFO",BOU-CHE-EVE-LIV-NFO,5,1+1+1+1+1,0,2.4375,100.0,25.0,-0.0785,2.457636,False,
CHE-EVE-LIV-MCI-SUN,5,1+1+1+1+1,1,2.5455,2.8,2.33,-0.2,2,"MCI,SUN","BOU,NFO",BOU-CHE-EVE-LIV-NFO,5,1+1+1+1+1,0,2.4375,100.0,25.0,-0.0785,2.457636,False,
AVL-CHE-LEE-LIV-SUN,5,1+1+1+1+1,1,2.5455,2.8,2.33,-0.1982,2,"LEE,SUN","MCI,NFO",AVL-CHE-LIV-MCI-NFO,5,1+1+1+1+1,0,2.4375,100.0,25.0,-0.0529,2.457636,False,
AVL-CHE-LEE-MCI-SUN,5,1+1+1+1+1,1,2.5455,2.8,2.33,-0.1982,2,"LEE,SUN","LIV,NFO",AVL-CHE-LIV-MCI-NFO,5,1+1+1+1+1,0,2.4375,100.0,25.0,-0.0529,2.457636,False,
CHE-LEE-LIV-MCI-SUN,5,1+1+1+1+1,1,2.5455,2.8,2.33,-0.1945,2,"LEE,SUN","AVL,NFO",AVL-CHE-LIV-MCI-NFO,5,1+1+1+1+1,0,2.4375,100.0,25.0,-0.0529,2.457636,False,
AVL-CHE-EVE-LIV-SUN,5,1+1+1+1+1,1,2.5455,2.8,2.33,-0.1903,2,"AVL,SUN","BOU,NFO",BOU-CHE-EVE-LIV-NFO,5,1+1+1+1+1,0,2.4375,100.0,25.0,-0.0785,2.457636,False,
AVL-CHE-EVE-MCI-SUN,5,1+1+1+1+1,1,2.5455,2.8,2.33,-0.1903,2,"EVE,SUN","LIV,NFO",AVL-CHE-LIV-MCI-NFO,5,1+1+1+1+1,0,2.4375,100.0,25.0,-0.0529,2.457636,False,
BHA-CHE-EVE-LIV-SUN,5,1+1+1+1+1,1,2.5455,2.8,2.33,-0.1903,2,"BHA,SUN","BOU,NFO",BOU-CHE-EVE-LIV-NFO,5,1+1+1+1+1,0,2.4375,100.0,25.0,-0.0785,2.457636,False,
AVL-CHE-CRY-LIV-SUN,5,1+1+1+1+1,1,2.5455,2.8,2.33,-0.1872,2,"CRY,SUN","MCI,NFO",AVL-CHE-LIV-MCI-NFO,5,1+1+1+1+1,0,2.4375,100.0,25.0,-0.0529,2.457636,False,
AVL-CHE-CRY-MCI-SUN,5,1+1+1+1+1,1,2.5455,2.8,2.33,-0.1872,2,"CRY,SUN","LIV,NFO",AVL-CHE-LIV-MCI-NFO,5,1+1+1+1+1,0,2.4375,100.0,25.0,-0.0529,2.457636,False,
AVL-LEE-LIV-MCI-SUN,5,1+1+1+1+1,1,2.5455,2.8,2.33,-0.0134,2,"LEE,SUN","CHE,NFO",AVL-CHE-LIV-MCI-NFO,5,1+1+1+1+1,0,2.4375,100.0,25.0,-0.0529,2.457636,False,
AVL-AVL-LIV-MCI-SUN,4,2+1+1+1,1,2.5455,2.8,2.33,0.0732,2,"AVL,SUN","CHE,NFO",AVL-CHE-LIV-MCI-NFO,5,1+1+1+1+1,0,2.4375,100.0,25.0,-0.0529,2.457636,False,
AVL-LIV-LIV-MCI-SUN,4,2+1+1+1,1,2.5455,2.8,2.33,0.0732,2,"LIV,SUN","CHE,NFO",AVL-CHE-LIV-MCI-NFO,5,1+1+1+1+1,0,2.4375,100.0,25.0,-0.0529,2.457636,False,
AVL-LIV-MCI-MCI-SUN,4,2+1+1+1,1,2.5455,2.8,2.33,0.0732,2,"MCI,SUN","CHE,NFO",AVL-CHE-LIV-MCI-NFO,5,1+1+1+1+1,0,2.4375,100.0,25.0,-0.0529,2.457636,False,
CHE-EVE-LIV-TOT-SUN,5,1+1+1+1+1,1,2.5455,2.8,2.33,0.1201,2,"SUN,TOT","BOU,NFO",BOU-CHE-EVE-LIV-NFO,5,1+1+1+1+1,0,2.4375,100.0,25.0,-0.0785,2.457636,False,
AVL-CRY-LIV-MCI-SUN,5,1+1+1+1+1,1,2.5455,2.8,2.33,0.1232,2,"CRY,SUN","CHE,NFO",AVL-CHE-LIV-MCI-NFO,5,1+1+1+1+1,0,2.4375,100.0,25.0,-0.0529,2.457636,False,
AVL-BRE-LIV-MCI-SUN,5,1+1+1+1+1,1,2.5455,2.8,2.33,0.1732,2,"BRE,SUN","CHE,NFO",AVL-CHE-LIV-MCI-NFO,5,1+1+1+1+1,0,2.4375,100.0,25.0,-0.0529,2.457636,False,
BHA-LIV-TOT-SUN-SUN,4,2+1+1+1,2,2.3636,2.6,2.17,-0.3232,2,"SUN,TOT","COV,MCI",BHA-COV-LIV-MCI-SUN,5,1+1+1+1+1,1,2.4792,100.0,25.0,-0.1292,2.457647,False,
BHA-MCI-TOT-SUN-SUN,4,2+1+1+1,2,2.3636,2.6,2.17,-0.3232,2,"SUN,TOT","COV,LIV",BHA-COV-LIV-MCI-SUN,5,1+1+1+1+1,1,2.4792,100.0,25.0,-0.1292,2.457647,False,
AVL-BRE-MCI-SUN-SUN,4,2+1+1+1,2,2.3636,2.6,2.17,-0.3,2,"SUN,SUN","COV,FUL",AVL-BRE-COV-FUL-MCI,5,1+1+1+1+1,0,2.4792,100.0,18.8,-0.1384,2.457647,False,
BRE-BHA-LIV-SUN-SUN,4,2+1+1+1,2,2.3636,2.6,2.17,-0.3,2,"BRE,SUN","COV,MCI",BHA-COV-LIV-MCI-SUN,5,1+1+1+1+1,1,2.4792,100.0,25.0,-0.1292,2.457647,False,
BRE-BHA-MCI-SUN-SUN,4,2+1+1+1,2,2.3636,2.6,2.17,-0.3,2,"BRE,SUN","COV,LIV",BHA-COV-LIV-MCI-SUN,5,1+1+1+1+1,1,2.4792,100.0,25.0,-0.1292,2.457647,False,
BRE-CHE-LIV-SUN-SUN,4,2+1+1+1,2,2.3636,2.6,2.17,-0.3,2,"BRE,SUN","BOU,NFO",BOU-CHE-LIV-NFO-SUN,5,1+1+1+1+1,1,2.4792,100.0,18.8,-0.0575,2.457647,False,
BRE-CHE-MCI-SUN-SUN,4,2+1+1+1,2,2.3636,2.6,2.17,-0.3,2,"BRE,SUN","COV,EVE",CHE-COV-EVE-MCI-SUN,5,1+1+1+1+1,1,2.4792,100.0,12.5,-0.1133,2.457647,False,
BRE-LIV-MCI-SUN-SUN,4,2+1+1+1,2,2.3636,2.6,2.17,-0.3,2,"BRE,SUN","BHA,COV",BHA-COV-LIV-MCI-SUN,5,1+1+1+1+1,1,2.4792,100.0,25.0,-0.1292,2.457647,False,
BHA-LIV-LIV-MUN-SUN,4,2+1+1+1,1,2.3636,2.6,2.17,-0.3,2,"LIV,MUN","COV,MCI",BHA-COV-LIV-MCI-SUN,5,1+1+1+1+1,1,2.4792,100.0,25.0,-0.1292,2.457647,False,
BHA-LIV-MCI-SUN-SUN,4,2+1+1+1,2,2.3636,2.6,2.17,-0.3,1,SUN,COV,BHA-COV-LIV-MCI-SUN,5,1+1+1+1+1,1,2.4792,100.0,25.0,-0.1292,2.457647,False,
BHA-MCI-MCI-MUN-SUN,4,2+1+1+1,1,2.3636,2.6,2.17,-0.3,2,"MCI,MUN","COV,LIV",BHA-COV-LIV-MCI-SUN,5,1+1+1+1+1,1,2.4792,100.0,25.0,-0.1292,2.457647,False,
CHE-LIV-LIV-MUN-SUN,4,2+1+1+1,1,2.3636,2.6,2.17,-0.3,2,"LIV,MUN","BOU,NFO",BOU-CHE-LIV-NFO-SUN,5,1+1+1+1+1,1,2.4792,100.0,18.8,-0.0575,2.457647,False,
CHE-MCI-MCI-MUN-SUN,4,2+1+1+1,1,2.3636,2.6,2.17,-0.3,2,"MCI,MUN","COV,EVE",CHE-COV-EVE-MCI-SUN,5,1+1+1+1+1,1,2.4792,100.0,12.5,-0.1133,2.457647,False,
LIV-LIV-MCI-MUN-SUN,4,2+1+1+1,1,2.3636,2.6,2.17,-0.3,2,"LIV,MUN","BHA,COV",BHA-COV-LIV-MCI-SUN,5,1+1+1+1+1,1,2.4792,100.0,25.0,-0.1292,2.457647,False,
LIV-MCI-MCI-MUN-SUN,4,2+1+1+1,1,2.3636,2.6,2.17,-0.3,2,"MCI,MUN","BHA,COV",BHA-COV-LIV-MCI-SUN,5,1+1+1+1+1,1,2.4792,100.0,25.0,-0.1292,2.457647,False,
LIV-MCI-TOT-SUN-SUN,4,2+1+1+1,2,2.3636,2.6,2.17,-0.3,2,"SUN,TOT","BHA,COV",BHA-COV-LIV-MCI-SUN,5,1+1+1+1+1,1,2.4792,100.0,25.0,-0.1292,2.457647,False,
AVL-BRE-CHE-SUN-SUN,4,2+1+1+1,2,2.3636,2.6,2.17,-0.2903,2,"SUN,SUN","BOU,NFO",AVL-BOU-BRE-CHE-NFO,5,1+1+1+1+1,0,2.4792,100.0,6.2,-0.1001,2.457647,False,
BHA-CHE-LIV-SUN-SUN,4,2+1+1+1,2,2.3636,2.6,2.17,-0.2903,2,"CHE,SUN","COV,MCI",BHA-COV-LIV-MCI-SUN,5,1+1+1+1+1,1,2.4792,100.0,25.0,-0.1292,2.457647,False,
BHA-CHE-MCI-SUN-SUN,4,2+1+1+1,2,2.3636,2.6,2.17,-0.2903,2,"CHE,SUN","COV,LIV",BHA-COV-LIV-MCI-SUN,5,1+1+1+1+1,1,2.4792,100.0,25.0,-0.1292,2.457647,False,
BHA-BHA-LIV-MUN-SUN,4,2+1+1+1,1,2.3636,2.6,2.17,-0.2732,2,"BHA,MUN","COV,MCI",BHA-COV-LIV-MCI-SUN,5,1+1+1+1+1,1,2.4792,100.0,25.0,-0.1292,2.457647,False,
BHA-BHA-MCI-MUN-SUN,4,2+1+1+1,1,2.3636,2.6,2.17,-0.2732,2,"BHA,MUN","COV,LIV",BHA-COV-LIV-MCI-SUN,5,1+1+1+1+1,1,2.4792,100.0,25.0,-0.1292,2.457647,False,
AVL-AVL-CHE-MUN-SUN,4,2+1+1+1,1,2.3636,2.6,2.17,-0.2538,2,"MUN,SUN","COV,LEE",AVL-AVL-CHE-COV-LEE,4,2+1+1+1,0,2.4792,100.0,31.2,-0.1583,2.457647,False,
BHA-LIV-MUN-TOT-SUN,5,1+1+1+1+1,1,2.3636,2.6,2.17,-0.2232,2,"MUN,TOT","COV,MCI",BHA-COV-LIV-MCI-SUN,5,1+1+1+1+1,1,2.4792,100.0,25.0,-0.1292,2.457647,False,
BHA-MCI-MUN-TOT-SUN,5,1+1+1+1+1,1,2.3636,2.6,2.17,-0.2232,2,"MUN,TOT","COV,LIV",BHA-COV-LIV-MCI-SUN,5,1+1+1+1+1,1,2.4792,100.0,25.0,-0.1292,2.457647,False,
AVL-BRE-MCI-MUN-SUN,5,1+1+1+1+1,1,2.3636,2.6,2.17,-0.2,2,"MUN,SUN","COV,FUL",AVL-BRE-COV-FUL-MCI,5,1+1+1+1+1,0,2.4792,100.0,18.8,-0.1384,2.457647,False,
BRE-BHA-LIV-MUN-SUN,5,1+1+1+1+1,1,2.3636,2.6,2.17,-0.2,2,"BRE,MUN","COV,MCI",BHA-COV-LIV-MCI-SUN,5,1+1+1+1+1,1,2.4792,100.0,25.0,-0.1292,2.457647,False,
BRE-BHA-MCI-MUN-SUN,5,1+1+1+1+1,1,2.3636,2.6,2.17,-0.2,2,"BRE,MUN","COV,LIV",BHA-COV-LIV-MCI-SUN,5,1+1+1+1+1,1,2.4792,100.0,25.0,-0.1292,2.457647,False,
BRE-CHE-LIV-MUN-SUN,5,1+1+1+1+1,1,2.3636,2.6,2.17,-0.2,2,"BRE,MUN","BOU,NFO",BOU-CHE-LIV-NFO-SUN,5,1+1+1+1+1,1,2.4792,100.0,18.8,-0.0575,2.457647,False,
BRE-CHE-MCI-MUN-SUN,5,1+1+1+1+1,1,2.3636,2.6,2.17,-0.2,2,"BRE,MUN","COV,EVE",CHE-COV-EVE-MCI-SUN,5,1+1+1+1+1,1,2.4792,100.0,12.5,-0.1133,2.457647,False,
BRE-LIV-MCI-MUN-SUN,5,1+1+1+1+1,1,2.3636,2.6,2.17,-0.2,2,"BRE,MUN","BHA,COV",BHA-COV-LIV-MCI-SUN,5,1+1+1+1+1,1,2.4792,100.0,25.0,-0.1292,2.457647,False,
BHA-LIV-MCI-MUN-SUN,5,1+1+1+1+1,1,2.3636,2.6,2.17,-0.2,1,MUN,COV,BHA-COV-LIV-MCI-SUN,5,1+1+1+1+1,1,2.4792,100.0,25.0,-0.1292,2.457647,False,
LIV-MCI-MUN-TOT-SUN,5,1+1+1+1+1,1,2.3636,2.6,2.17,-0.2,2,"MUN,TOT","BHA,COV",BHA-COV-LIV-MCI-SUN,5,1+1+1+1+1,1,2.4792,100.0,25.0,-0.1292,2.457647,False,
AVL-BRE-CHE-MUN-SUN,5,1+1+1+1+1,1,2.3636,2.6,2.17,-0.1903,2,"MUN,SUN","BOU,NFO",AVL-BOU-BRE-CHE-NFO,5,1+1+1+1+1,0,2.4792,100.0,6.2,-0.1001,2.457647,False,
BHA-CHE-LIV-MUN-SUN,5,1+1+1+1+1,1,2.3636,2.6,2.17,-0.1903,2,"CHE,MUN","COV,MCI",BHA-COV-LIV-MCI-SUN,5,1+1+1+1+1,1,2.4792,100.0,25.0,-0.1292,2.457647,False,
BHA-CHE-MCI-MUN-SUN,5,1+1+1+1+1,1,2.3636,2.6,2.17,-0.1903,2,"CHE,MUN","COV,LIV",BHA-COV-LIV-MCI-SUN,5,1+1+1+1+1,1,2.4792,100.0,25.0,-0.1292,2.457647,False,
ARS-EVE-LIV-MCI-SUN,5,1+1+1+1+1,1,2.5455,2.6,2.5,-0.2,2,"ARS,SUN","COV,NEW",COV-EVE-LIV-MCI-NEW,5,1+1+1+1+1,0,2.4583,100.0,18.8,-0.102,2.474558,False,
CRY-LIV-NFO-TOT-SUN,5,1+1+1+1+1,1,2.5455,2.6,2.5,-0.2,2,"SUN,TOT","BOU,EVE",BOU-CRY-EVE-LIV-NFO,5,1+1+1+1+1,0,2.4583,100.0,18.8,-0.1615,2.474558,False,
ARS-AVL-LEE-LIV-SUN,5,1+1+1+1+1,1,2.5455,2.6,2.5,-0.1,2,"ARS,SUN","CHE,NFO",AVL-CHE-LEE-LIV-NFO,5,1+1+1+1+1,0,2.4583,100.0,18.8,-0.0971,2.474558,False,
ARS-AVL-LEE-MCI-SUN,5,1+1+1+1+1,1,2.5455,2.6,2.5,-0.1,2,"ARS,SUN","COV,FUL",AVL-COV-FUL-LEE-MCI,5,1+1+1+1+1,0,2.4583,100.0,6.2,-0.201,2.474558,False,
EVE-LEE-MCI-SUN-SUN,4,2+1+1+1,2,2.5455,2.6,2.5,-0.1,2,"SUN,SUN","COV,FUL",COV-EVE-FUL-LEE-MCI,5,1+1+1+1+1,0,2.4583,100.0,6.2,-0.1523,2.474558,False,
ARS-CHE-LEE-LIV-SUN,5,1+1+1+1+1,1,2.5455,2.6,2.5,-0.0811,2,"ARS,SUN","AVL,NFO",AVL-CHE-LEE-LIV-NFO,5,1+1+1+1+1,0,2.4583,100.0,18.8,-0.0971,2.474558,False,
CRY-LIV-LIV-NFO-SUN,4,2+1+1+1,1,2.5455,2.6,2.5,-0.0634,2,"LIV,SUN","BOU,EVE",BOU-CRY-EVE-LIV-NFO,5,1+1+1+1+1,0,2.4583,100.0,18.8,-0.1615,2.474558,False,
CHE-CRY-NFO-TOT-SUN,5,1+1+1+1+1,1,2.5455,2.6,2.5,-0.0382,2,"CRY,SUN","BOU,FUL",BOU-CHE-FUL-NFO-TOT,5,1+1+1+1+1,0,2.4583,100.0,12.5,-0.1278,2.474558,False,
ARS-AVL-CHE-LEE-SUN,5,1+1+1+1+1,1,2.5455,2.6,2.5,-0.0214,2,"ARS,SUN","LIV,NFO",AVL-CHE-LEE-LIV-NFO,5,1+1+1+1+1,0,2.4583,100.0,18.8,-0.0971,2.474558,False,
EVE-LEE-MCI-MUN-SUN,5,1+1+1+1+1,1,2.5455,2.6,2.5,0.0,2,"MUN,SUN","COV,FUL",COV-EVE-FUL-LEE-MCI,5,1+1+1+1+1,0,2.4583,100.0,6.2,-0.1523,2.474558,False,
BRE-CRY-LIV-NFO-SUN,5,1+1+1+1+1,1,2.5455,2.6,2.5,0.0366,2,"BRE,SUN","BOU,EVE",BOU-CRY-EVE-LIV-NFO,5,1+1+1+1+1,0,2.4583,100.0,18.8,-0.1615,2.474558,False,
CHE-NFO-TOT-TOT-SUN,4,2+1+1+1,1,2.5455,2.6,2.5,0.1397,2,"SUN,TOT","BOU,FUL",BOU-CHE-FUL-NFO-TOT,5,1+1+1+1+1,0,2.4583,100.0,12.5,-0.1278,2.474558,False,
CHE-CHE-NFO-TOT-SUN,4,2+1+1+1,1,2.5455,2.6,2.5,0.2381,2,"CHE,SUN","BOU,FUL",BOU-CHE-FUL-NFO-TOT,5,1+1+1+1+1,0,2.4583,100.0,12.5,-0.1278,2.474558,False,
CHE-EVE-MCI-MCI-SUN,4,2+1+1+1,1,2.5455,2.8,2.33,-0.3,2,"MCI,SUN","LIV,NEW",CHE-EVE-LIV-MCI-NEW,5,1+1+1+1+1,0,2.4583,100.0,12.5,-0.1204,2.474558,False,
EVE-LIV-LIV-MCI-SUN,4,2+1+1+1,1,2.5455,2.8,2.33,-0.3,2,"LIV,SUN","COV,NEW",COV-EVE-LIV-MCI-NEW,5,1+1+1+1+1,0,2.4583,100.0,18.8,-0.102,2.474558,False,
EVE-LIV-MCI-MCI-SUN,4,2+1+1+1,1,2.5455,2.8,2.33,-0.3,2,"MCI,SUN","COV,NEW",COV-EVE-LIV-MCI-NEW,5,1+1+1+1+1,0,2.4583,100.0,18.8,-0.102,2.474558,False,
CHE-LEE-LIV-LIV-SUN,4,2+1+1+1,1,2.5455,2.8,2.33,-0.2945,2,"LIV,SUN","AVL,NFO",AVL-CHE-LEE-LIV-NFO,5,1+1+1+1+1,0,2.4583,100.0,18.8,-0.0971,2.474558,False,
AVL-AVL-CHE-LEE-SUN,4,2+1+1+1,1,2.5455,2.8,2.33,-0.2751,2,"AVL,SUN","LIV,NFO",AVL-CHE-LEE-LIV-NFO,5,1+1+1+1+1,0,2.4583,100.0,18.8,-0.0971,2.474558,False,
BRE-CHE-EVE-MCI-SUN,5,1+1+1+1+1,1,2.5455,2.8,2.33,-0.2,2,"BRE,SUN","LIV,NEW",CHE-EVE-LIV-MCI-NEW,5,1+1+1+1+1,0,2.4583,100.0,12.5,-0.1204,2.474558,False,
BRE-EVE-LIV-MCI-SUN,5,1+1+1+1+1,1,2.5455,2.8,2.33,-0.2,2,"BRE,SUN","COV,NEW",COV-EVE-LIV-MCI-NEW,5,1+1+1+1+1,0,2.4583,100.0,18.8,-0.102,2.474558,False,
BHA-EVE-LIV-MCI-SUN,5,1+1+1+1+1,1,2.5455,2.8,2.33,-0.2,2,"BHA,SUN","COV,NEW",COV-EVE-LIV-MCI-NEW,5,1+1+1+1+1,0,2.4583,100.0,18.8,-0.102,2.474558,False,
EVE-LIV-MCI-TOT-SUN,5,1+1+1+1+1,1,2.5455,2.8,2.33,-0.2,2,"SUN,TOT","COV,NEW",COV-EVE-LIV-MCI-NEW,5,1+1+1+1+1,0,2.4583,100.0,18.8,-0.102,2.474558,False,
AVL-BRE-CHE-LEE-SUN,5,1+1+1+1+1,1,2.5455,2.8,2.33,-0.1982,2,"BRE,SUN","LIV,NFO",AVL-CHE-LEE-LIV-NFO,5,1+1+1+1+1,0,2.4583,100.0,18.8,-0.0971,2.474558,False,
BHA-CHE-LEE-LIV-SUN,5,1+1+1+1+1,1,2.5455,2.8,2.33,-0.1982,2,"BHA,SUN","AVL,NFO",AVL-CHE-LEE-LIV-NFO,5,1+1+1+1+1,0,2.4583,100.0,18.8,-0.0971,2.474558,False,
BRE-CHE-LEE-LIV-SUN,5,1+1+1+1+1,1,2.5455,2.8,2.33,-0.1945,2,"BRE,SUN","AVL,NFO",AVL-CHE-LEE-LIV-NFO,5,1+1+1+1+1,0,2.4583,100.0,18.8,-0.0971,2.474558,False,
BHA-CHE-EVE-MCI-SUN,5,1+1+1+1+1,1,2.5455,2.8,2.33,-0.1903,2,"BHA,SUN","LIV,NEW",CHE-EVE-LIV-MCI-NEW,5,1+1+1+1+1,0,2.4583,100.0,12.5,-0.1204,2.474558,False,
AVL-LEE-LIV-TOT-SUN,5,1+1+1+1+1,1,2.5455,2.8,2.33,-0.1866,2,"SUN,TOT","CHE,NFO",AVL-CHE-LEE-LIV-NFO,5,1+1+1+1+1,0,2.4583,100.0,18.8,-0.0971,2.474558,False,
AVL-LEE-MCI-TOT-SUN,5,1+1+1+1+1,1,2.5455,2.8,2.33,-0.1866,2,"SUN,TOT","COV,FUL",AVL-COV-FUL-LEE-MCI,5,1+1+1+1+1,0,2.4583,100.0,6.2,-0.201,2.474558,False,
AVL-LEE-LIV-LIV-SUN,4,2+1+1+1,1,2.5455,2.8,2.33,-0.1134,2,"LIV,SUN","CHE,NFO",AVL-CHE-LEE-LIV-NFO,5,1+1+1+1+1,0,2.4583,100.0,18.8,-0.0971,2.474558,False,
AVL-LEE-MCI-MCI-SUN,4,2+1+1+1,1,2.5455,2.8,2.33,-0.1134,2,"MCI,SUN","COV,FUL",AVL-COV-FUL-LEE-MCI,5,1+1+1+1+1,0,2.4583,100.0,6.2,-0.201,2.474558,False,
AVL-AVL-LEE-LIV-SUN,4,2+1+1+1,1,2.5455,2.8,2.33,-0.1,2,"AVL,SUN","CHE,NFO",AVL-CHE-LEE-LIV-NFO,5,1+1+1+1+1,0,2.4583,100.0,18.8,-0.0971,2.474558,False,
AVL-AVL-LEE-MCI-SUN,4,2+1+1+1,1,2.5455,2.8,2.33,-0.1,2,"AVL,SUN","COV,FUL",AVL-COV-FUL-LEE-MCI,5,1+1+1+1+1,0,2.4583,100.0,6.2,-0.201,2.474558,False,
CHE-CHE-LEE-LIV-SUN,4,2+1+1+1,1,2.5455,2.8,2.33,-0.1,2,"CHE,SUN","AVL,NFO",AVL-CHE-LEE-LIV-NFO,5,1+1+1+1+1,0,2.4583,100.0,18.8,-0.0971,2.474558,False,
AVL-CHE-CHE-LEE-SUN,4,2+1+1+1,1,2.5455,2.8,2.33,-0.094,2,"CHE,SUN","LIV,NFO",AVL-CHE-LEE-LIV-NFO,5,1+1+1+1+1,0,2.4583,100.0,18.8,-0.0971,2.474558,False,
AVL-CHE-LEE-TOT-SUN,5,1+1+1+1+1,1,2.5455,2.8,2.33,-0.0513,2,"SUN,TOT","LIV,NFO",AVL-CHE-LEE-LIV-NFO,5,1+1+1+1+1,0,2.4583,100.0,18.8,-0.0971,2.474558,False,
CHE-LEE-LIV-TOT-SUN,5,1+1+1+1+1,1,2.5455,2.8,2.33,-0.0244,2,"SUN,TOT","AVL,NFO",AVL-CHE-LEE-LIV-NFO,5,1+1+1+1+1,0,2.4583,100.0,18.8,-0.0971,2.474558,False,
AVL-BRE-LEE-LIV-SUN,5,1+1+1+1+1,1,2.5455,2.8,2.33,-0.0134,2,"BRE,SUN","CHE,NFO",AVL-CHE-LEE-LIV-NFO,5,1+1+1+1+1,0,2.4583,100.0,18.8,-0.0971,2.474558,False,
AVL-BRE-LEE-MCI-SUN,5,1+1+1+1+1,1,2.5455,2.8,2.33,-0.0134,2,"BRE,SUN","COV,FUL",AVL-COV-FUL-LEE-MCI,5,1+1+1+1+1,0,2.4583,100.0,6.2,-0.201,2.474558,False,
CHE-EVE-MCI-TOT-SUN,5,1+1+1+1+1,1,2.5455,2.8,2.33,0.1201,2,"SUN,TOT","LIV,NEW",CHE-EVE-LIV-MCI-NEW,5,1+1+1+1+1,0,2.4583,100.0,12.5,-0.1204,2.474558,False,
MCI-MUN-NFO-NFO-SUN,4,2+1+1+1,1,2.3636,2.2,2.5,-0.1,2,"MUN,NFO","CHE,COV",CHE-COV-MCI-NFO-SUN,5,1+1+1+1+1,1,2.5,93.8,25.0,-0.0491,2.474569,False,
MCI-MCI-MUN-NFO-SUN,4,2+1+1+1,1,2.3636,2.4,2.33,-0.3,2,"MCI,MUN","CHE,COV",CHE-COV-MCI-NFO-SUN,5,1+1+1+1+1,1,2.5,93.8,25.0,-0.0491,2.474569,False,
AVL-LIV-TOT-SUN-SUN,4,2+1+1+1,2,2.3636,2.6,2.17,-0.3232,2,"AVL,SUN","BHA,NFO",BHA-LIV-NFO-TOT-SUN,5,1+1+1+1+1,1,2.5,100.0,18.8,-0.1476,2.474569,False,
AVL-MCI-TOT-SUN-SUN,4,2+1+1+1,2,2.3636,2.6,2.17,-0.3232,2,"AVL,SUN","CHE,IPS",CHE-IPS-MCI-TOT-SUN,5,1+1+1+1+1,1,2.5,100.0,18.8,-0.1399,2.474569,False,
AVL-AVL-MUN-TOT-SUN,4,2+1+1+1,1,2.3636,2.6,2.17,-0.3196,2,"AVL,MUN","CHE,LEE",AVL-CHE-LEE-TOT-SUN,5,1+1+1+1+1,1,2.5,100.0,12.5,-0.132,2.474569,False,
BHA-BHA-MUN-TOT-SUN,4,2+1+1+1,1,2.3636,2.6,2.17,-0.3196,2,"BHA,MUN","LIV,NFO",BHA-LIV-NFO-TOT-SUN,5,1+1+1+1+1,1,2.5,100.0,18.8,-0.1476,2.474569,False,
AVL-BRE-BRE-MUN-SUN,4,2+1+1+1,1,2.3636,2.6,2.17,-0.3,2,"BRE,MUN","CHE,MCI",AVL-BRE-CHE-MCI-SUN,5,1+1+1+1+1,1,2.5,100.0,18.8,-0.0507,2.474569,False,
AVL-BRE-LIV-SUN-SUN,4,2+1+1+1,2,2.3636,2.6,2.17,-0.3,2,"SUN,SUN","NEW,NFO",AVL-BRE-LIV-NEW-NFO,5,1+1+1+1+1,0,2.5,100.0,18.8,-0.1088,2.474569,False,
AVL-LIV-LIV-MUN-SUN,4,2+1+1+1,1,2.3636,2.6,2.17,-0.3,2,"LIV,SUN","BOU,COV",AVL-BOU-COV-LIV-MUN,5,1+1+1+1+1,0,2.5,100.0,12.5,-0.1393,2.474569,False,
AVL-MCI-MCI-MUN-SUN,4,2+1+1+1,1,2.3636,2.6,2.17,-0.3,2,"MCI,MUN","BRE,CHE",AVL-BRE-CHE-MCI-SUN,5,1+1+1+1+1,1,2.5,100.0,18.8,-0.0507,2.474569,False,
BRE-BRE-CHE-MUN-SUN,4,2+1+1+1,1,2.3636,2.6,2.17,-0.3,2,"BRE,MUN","AVL,MCI",AVL-BRE-CHE-MCI-SUN,5,1+1+1+1+1,1,2.5,100.0,18.8,-0.0507,2.474569,False,
BRE-BRE-MCI-MUN-SUN,4,2+1+1+1,1,2.3636,2.6,2.17,-0.3,2,"BRE,MUN","AVL,CHE",AVL-BRE-CHE-MCI-SUN,5,1+1+1+1+1,1,2.5,100.0,18.8,-0.0507,2.474569,False,
BRE-MCI-MCI-MUN-SUN,4,2+1+1+1,1,2.3636,2.6,2.17,-0.3,2,"MCI,MUN","AVL,CHE",AVL-BRE-CHE-MCI-SUN,5,1+1+1+1+1,1,2.5,100.0,18.8,-0.0507,2.474569,False,
LIV-LIV-MUN-TOT-SUN,4,2+1+1+1,1,2.3636,2.6,2.17,-0.3,2,"LIV,MUN","BHA,NFO",BHA-LIV-NFO-TOT-SUN,5,1+1+1+1+1,1,2.5,100.0,18.8,-0.1476,2.474569,False,
MCI-MCI-MUN-TOT-SUN,4,2+1+1+1,1,2.3636,2.6,2.17,-0.3,2,"MCI,MUN","CHE,IPS",CHE-IPS-MCI-TOT-SUN,5,1+1+1+1+1,1,2.5,100.0,18.8,-0.1399,2.474569,False,
BRE-BHA-CHE-SUN-SUN,4,2+1+1+1,2,2.3636,2.6,2.17,-0.2903,2,"BRE,SUN","COV,MCI",BHA-CHE-COV-MCI-SUN,5,1+1+1+1+1,1,2.5,100.0,18.8,-0.106,2.474569,False,
AVL-AVL-BRE-MUN-SUN,4,2+1+1+1,1,2.3636,2.6,2.17,-0.2732,2,"MUN,SUN","COV,LEE",AVL-AVL-BRE-COV-LEE,4,2+1+1+1,0,2.5,100.0,18.8,-0.1548,2.474569,False,
AVL-AVL-LIV-MUN-SUN,4,2+1+1+1,1,2.3636,2.6,2.17,-0.2732,2,"AVL,SUN","BOU,COV",AVL-BOU-COV-LIV-MUN,5,1+1+1+1+1,0,2.5,100.0,12.5,-0.1393,2.474569,False,
AVL-AVL-MCI-MUN-SUN,4,2+1+1+1,1,2.3636,2.6,2.17,-0.2732,2,"AVL,MUN","BRE,CHE",AVL-BRE-CHE-MCI-SUN,5,1+1+1+1+1,1,2.5,100.0,18.8,-0.0507,2.474569,False,
BHA-BHA-CHE-MUN-SUN,4,2+1+1+1,1,2.3636,2.6,2.17,-0.2538,2,"BHA,MUN","COV,MCI",BHA-CHE-COV-MCI-SUN,5,1+1+1+1+1,1,2.5,100.0,18.8,-0.106,2.474569,False,
AVL-LIV-MUN-TOT-SUN,5,1+1+1+1+1,1,2.3636,2.6,2.17,-0.2232,2,"AVL,MUN","BHA,NFO",BHA-LIV-NFO-TOT-SUN,5,1+1+1+1+1,1,2.5,100.0,18.8,-0.1476,2.474569,False,
AVL-MCI-MUN-TOT-SUN,5,1+1+1+1+1,1,2.3636,2.6,2.17,-0.2232,2,"AVL,MUN","CHE,IPS",CHE-IPS-MCI-TOT-SUN,5,1+1+1+1+1,1,2.5,100.0,18.8,-0.1399,2.474569,False,
AVL-BRE-LIV-MUN-SUN,5,1+1+1+1+1,1,2.3636,2.6,2.17,-0.2,2,"MUN,SUN","NEW,NFO",AVL-BRE-LIV-NEW-NFO,5,1+1+1+1+1,0,2.5,100.0,18.8,-0.1088,2.474569,False,
BRE-BHA-CHE-MUN-SUN,5,1+1+1+1+1,1,2.3636,2.6,2.17,-0.1903,2,"BRE,MUN","COV,MCI",BHA-CHE-COV-MCI-SUN,5,1+1+1+1+1,1,2.5,100.0,18.8,-0.106,2.474569,False,
ARS-CHE-EVE-NFO-SUN,5,1+1+1+1+1,1,2.6364,2.4,2.83,0.4618,2,"ARS,SUN","BOU,LIV",BOU-CHE-EVE-LIV-NFO,5,1+1+1+1+1,0,2.4375,100.0,25.0,-0.0785,2.474583,False,
EVE-EVE-LIV-NFO-SUN,4,2+1+1+1,1,2.6364,2.6,2.67,-0.1,2,"EVE,SUN","BOU,CHE",BOU-CHE-EVE-LIV-NFO,5,1+1+1+1+1,0,2.4375,100.0,25.0,-0.0785,2.474583,False,
AVL-CHE-CRY-NFO-SUN,5,1+1+1+1+1,1,2.6364,2.6,2.67,-0.0254,2,"CRY,SUN","LIV,MCI",AVL-CHE-LIV-MCI-NFO,5,1+1+1+1+1,0,2.4375,100.0,25.0,-0.0529,2.474583,False,
ARS-CHE-EVE-LIV-SUN,5,1+1+1+1+1,1,2.6364,2.6,2.67,0.0634,2,"ARS,SUN","BOU,NFO",BOU-CHE-EVE-LIV-NFO,5,1+1+1+1+1,0,2.4375,100.0,25.0,-0.0785,2.474583,False,
AVL-CRY-LIV-NFO-SUN,5,1+1+1+1+1,1,2.6364,2.6,2.67,0.1232,2,"CRY,SUN","CHE,MCI",AVL-CHE-LIV-MCI-NFO,5,1+1+1+1+1,0,2.4375,100.0,25.0,-0.0529,2.474583,False,
AVL-CRY-MCI-NFO-SUN,5,1+1+1+1+1,1,2.6364,2.6,2.67,0.1232,2,"CRY,SUN","CHE,LIV",AVL-CHE-LIV-MCI-NFO,5,1+1+1+1+1,0,2.4375,100.0,25.0,-0.0529,2.474583,False,
CHE-CHE-EVE-NFO-SUN,4,2+1+1+1,1,2.6364,2.6,2.67,0.4125,2,"CHE,SUN","BOU,LIV",BOU-CHE-EVE-LIV-NFO,5,1+1+1+1+1,0,2.4375,100.0,25.0,-0.0785,2.474583,False,
CHE-EVE-LEE-LIV-SUN,5,1+1+1+1+1,1,2.6364,2.8,2.5,-0.0055,2,"LEE,SUN","BOU,NFO",BOU-CHE-EVE-LIV-NFO,5,1+1+1+1+1,0,2.4375,100.0,25.0,-0.0785,2.474583,False,
CHE-CHE-EVE-LIV-SUN,4,2+1+1+1,1,2.6364,2.8,2.5,0.089,2,"CHE,SUN","BOU,NFO",BOU-CHE-EVE-LIV-NFO,5,1+1+1+1+1,0,2.4375,100.0,25.0,-0.0785,2.474583,False,
BHA-MUN-NFO-NFO-SUN,4,2+1+1+1,1,2.4545,2.2,2.67,0.0268,2,"MUN,SUN","BOU,LIV",BOU-BHA-LIV-NFO-NFO,4,2+1+1+1,0,2.4792,100.0,25.0,-0.147,2.474595,False,
ARS-AVL-NFO-SUN-SUN,4,2+1+1+1,2,2.4545,2.2,2.67,0.0634,2,"SUN,SUN","BOU,LIV",ARS-AVL-BOU-LIV-NFO,5,1+1+1+1+1,0,2.4792,100.0,12.5,-0.1091,2.474595,False,
ARS-AVL-MUN-NFO-SUN,5,1+1+1+1+1,1,2.4545,2.2,2.67,0.1634,2,"MUN,SUN","BOU,LIV",ARS-AVL-BOU-LIV-NFO,5,1+1+1+1+1,0,2.4792,100.0,12.5,-0.1091,2.474595,False,
EVE-MUN-NFO-NFO-SUN,4,2+1+1+1,1,2.4545,2.2,2.67,0.3,2,"MUN,NFO","BOU,COV",BOU-COV-EVE-NFO-SUN,5,1+1+1+1+1,1,2.4792,100.0,31.2,-0.0867,2.474595,False,
ARS-EVE-NFO-SUN-SUN,4,2+1+1+1,2,2.4545,2.2,2.67,0.4366,2,"ARS,SUN","BOU,COV",BOU-COV-EVE-NFO-SUN,5,1+1+1+1+1,1,2.4792,100.0,31.2,-0.0867,2.474595,False,
ARS-EVE-MUN-NFO-SUN,5,1+1+1+1+1,1,2.4545,2.2,2.67,0.5366,2,"ARS,MUN","BOU,COV",BOU-COV-EVE-NFO-SUN,5,1+1+1+1+1,1,2.4792,100.0,31.2,-0.0867,2.474595,False,
LIV-NFO-NFO-TOT-SUN,4,2+1+1+1,1,2.4545,2.4,2.5,-0.2732,2,"SUN,TOT","BHA,BOU",BOU-BHA-LIV-NFO-NFO,4,2+1+1+1,0,2.4792,100.0,25.0,-0.147,2.474595,False,
MCI-NFO-NFO-TOT-SUN,4,2+1+1+1,1,2.4545,2.4,2.5,-0.2732,2,"MCI,SUN","BOU,CHE",BOU-CHE-NFO-NFO-TOT,4,2+1+1+1,0,2.4792,100.0,18.8,-0.1349,2.474595,False,
ARS-ARS-LIV-MCI-SUN,4,2+1+1+1,1,2.4545,2.4,2.5,-0.2,2,"ARS,ARS","BHA,COV",BHA-COV-LIV-MCI-SUN,5,1+1+1+1+1,1,2.4792,100.0,25.0,-0.1292,2.474595,False,
BRE-CHE-NFO-NFO-SUN,4,2+1+1+1,1,2.4545,2.4,2.5,-0.1655,2,"BRE,SUN","BOU,LIV",BOU-CHE-LIV-NFO-NFO,4,2+1+1+1,0,2.4792,100.0,25.0,-0.0743,2.474595,False,
ARS-LIV-LIV-NFO-SUN,4,2+1+1+1,1,2.4545,2.4,2.5,-0.1634,2,"ARS,LIV","BOU,CHE",BOU-CHE-LIV-NFO-SUN,5,1+1+1+1+1,1,2.4792,100.0,18.8,-0.0575,2.474595,False,
CRY-MCI-NFO-SUN-SUN,4,2+1+1+1,2,2.4545,2.4,2.5,-0.1634,2,"SUN,SUN","BHA,LIV",BHA-CRY-LIV-MCI-NFO,5,1+1+1+1+1,0,2.4792,100.0,25.0,-0.0977,2.474595,False,
ARS-LIV-NFO-TOT-SUN,5,1+1+1+1+1,1,2.4545,2.4,2.5,-0.15,2,"ARS,SUN","EVE,NEW",EVE-LIV-NEW-NFO-TOT,5,1+1+1+1+1,0,2.4792,100.0,25.0,-0.1014,2.474595,False,
ARS-MCI-NFO-TOT-SUN,5,1+1+1+1+1,1,2.4545,2.4,2.5,-0.15,2,"ARS,SUN","CHE,NEW",CHE-MCI-NEW-NFO-TOT,5,1+1+1+1+1,0,2.4792,100.0,18.8,-0.0976,2.474595,False,
BRE-EVE-NFO-SUN-SUN,4,2+1+1+1,2,2.4545,2.4,2.5,-0.1,2,"BRE,SUN","BOU,COV",BOU-COV-EVE-NFO-SUN,5,1+1+1+1+1,1,2.4792,100.0,31.2,-0.0867,2.474595,False,
BRE-LIV-NFO-NFO-SUN,4,2+1+1+1,1,2.4545,2.4,2.5,-0.1,2,"BRE,SUN","BHA,BOU",BOU-BHA-LIV-NFO-NFO,4,2+1+1+1,0,2.4792,100.0,25.0,-0.147,2.474595,False,
CRY-NFO-TOT-SUN-SUN,4,2+1+1+1,2,2.4545,2.4,2.5,-0.1,2,"SUN,SUN","BOU,FUL",BOU-CRY-FUL-NFO-TOT,5,1+1+1+1+1,0,2.4792,100.0,18.8,-0.177,2.474595,False,
EVE-MCI-NFO-SUN-SUN,4,2+1+1+1,2,2.4545,2.4,2.5,-0.1,2,"MCI,SUN","BOU,COV",BOU-COV-EVE-NFO-SUN,5,1+1+1+1+1,1,2.4792,100.0,31.2,-0.0867,2.474595,False,
ARS-BRE-LIV-NFO-SUN,5,1+1+1+1+1,1,2.4545,2.4,2.5,-0.0634,2,"ARS,BRE","BOU,CHE",BOU-CHE-LIV-NFO-SUN,5,1+1+1+1+1,1,2.4792,100.0,18.8,-0.0575,2.474595,False,
CRY-MCI-MUN-NFO-SUN,5,1+1+1+1+1,1,2.4545,2.4,2.5,-0.0634,2,"MUN,SUN","BHA,LIV",BHA-CRY-LIV-MCI-NFO,5,1+1+1+1+1,0,2.4792,100.0,25.0,-0.0977,2.474595,False,
ARS-NFO-TOT-TOT-SUN,4,2+1+1+1,1,2.4545,2.4,2.5,-0.0366,2,"ARS,TOT","BOU,CHE",BOU-CHE-NFO-TOT-SUN,5,1+1+1+1+1,1,2.4792,100.0,12.5,-0.1412,2.474595,False,
ARS-BRE-CHE-NFO-SUN,5,1+1+1+1+1,1,2.4545,2.4,2.5,-0.0272,2,"ARS,BRE","BOU,COV",BOU-CHE-COV-NFO-SUN,5,1+1+1+1+1,1,2.4792,100.0,25.0,-0.0616,2.474595,False,
AVL-EVE-NFO-SUN-SUN,4,2+1+1+1,2,2.4545,2.4,2.5,-0.0098,2,"AVL,SUN","BOU,COV",BOU-COV-EVE-NFO-SUN,5,1+1+1+1+1,1,2.4792,100.0,31.2,-0.0867,2.474595,False,
BHA-EVE-NFO-SUN-SUN,4,2+1+1+1,2,2.4545,2.4,2.5,-0.0098,2,"BHA,SUN","BOU,COV",BOU-COV-EVE-NFO-SUN,5,1+1+1+1+1,1,2.4792,100.0,31.2,-0.0867,2.474595,False,
ARS-EVE-LIV-SUN-SUN,4,2+1+1+1,2,2.4545,2.4,2.5,0.0,2,"SUN,SUN","BOU,COV",ARS-BOU-COV-EVE-LIV,5,1+1+1+1+1,0,2.4792,100.0,18.8,-0.0922,2.474595,False,
ARS-EVE-MCI-SUN-SUN,4,2+1+1+1,2,2.4545,2.4,2.5,0.0,2,"ARS,SUN","CHE,COV",CHE-COV-EVE-MCI-SUN,5,1+1+1+1+1,1,2.4792,100.0,12.5,-0.1133,2.474595,False,
BRE-EVE-MUN-NFO-SUN,5,1+1+1+1+1,1,2.4545,2.4,2.5,0.0,2,"BRE,MUN","BOU,COV",BOU-COV-EVE-NFO-SUN,5,1+1+1+1+1,1,2.4792,100.0,31.2,-0.0867,2.474595,False,
CRY-MUN-NFO-TOT-SUN,5,1+1+1+1+1,1,2.4545,2.4,2.5,0.0,2,"MUN,SUN","BOU,FUL",BOU-CRY-FUL-NFO-TOT,5,1+1+1+1+1,0,2.4792,100.0,18.8,-0.177,2.474595,False,
EVE-MCI-MUN-NFO-SUN,5,1+1+1+1+1,1,2.4545,2.4,2.5,0.0,2,"MCI,MUN","BOU,COV",BOU-COV-EVE-NFO-SUN,5,1+1+1+1+1,1,2.4792,100.0,31.2,-0.0867,2.474595,False,
CHE-CRY-NFO-SUN-SUN,4,2+1+1+1,2,2.4545,2.4,2.5,0.0673,2,"CRY,SUN","BOU,COV",BOU-CHE-COV-NFO-SUN,5,1+1+1+1+1,1,2.4792,100.0,25.0,-0.0616,2.474595,False,
AVL-EVE-MUN-NFO-SUN,5,1+1+1+1+1,1,2.4545,2.4,2.5,0.0902,2,"AVL,MUN","BOU,COV",BOU-COV-EVE-NFO-SUN,5,1+1+1+1+1,1,2.4792,100.0,31.2,-0.0867,2.474595,False,
BHA-EVE-MUN-NFO-SUN,5,1+1+1+1+1,1,2.4545,2.4,2.5,0.0902,2,"BHA,MUN","BOU,COV",BOU-COV-EVE-NFO-SUN,5,1+1+1+1+1,1,2.4792,100.0,31.2,-0.0867,2.474595,False,
ARS-EVE-LIV-MUN-SUN,5,1+1+1+1+1,1,2.4545,2.4,2.5,0.1,2,"MUN,SUN","BOU,COV",ARS-BOU-COV-EVE-LIV,5,1+1+1+1+1,0,2.4792,100.0,18.8,-0.0922,2.474595,False,
ARS-EVE-MCI-MUN-SUN,5,1+1+1+1+1,1,2.4545,2.4,2.5,0.1,2,"ARS,MUN","CHE,COV",CHE-COV-EVE-MCI-SUN,5,1+1+1+1+1,1,2.4792,100.0,12.5,-0.1133,2.474595,False,
MUN-NFO-TOT-TOT-SUN,4,2+1+1+1,1,2.4545,2.4,2.5,0.1268,2,"MUN,TOT","BOU,CHE",BOU-CHE-NFO-TOT-SUN,5,1+1+1+1+1,1,2.4792,100.0,12.5,-0.1412,2.474595,False,
CHE-CRY-MUN-NFO-SUN,5,1+1+1+1+1,1,2.4545,2.4,2.5,0.1673,2,"CRY,MUN","BOU,COV",BOU-CHE-COV-NFO-SUN,5,1+1+1+1+1,1,2.4792,100.0,25.0,-0.0616,2.474595,False,
EVE-NFO-TOT-SUN-SUN,4,2+1+1+1,2,2.4545,2.4,2.5,0.2634,2,"SUN,TOT","BOU,COV",BOU-COV-EVE-NFO-SUN,5,1+1+1+1+1,1,2.4792,100.0,31.2,-0.0867,2.474595,False,
EVE-MUN-NFO-TOT-SUN,5,1+1+1+1+1,1,2.4545,2.4,2.5,0.3634,2,"MUN,TOT","BOU,COV",BOU-COV-EVE-NFO-SUN,5,1+1+1+1+1,1,2.4792,100.0,31.2,-0.0867,2.474595,False,
CHE-CHE-MUN-NFO-SUN,4,2+1+1+1,1,2.4545,2.4,2.5,0.4125,2,"CHE,MUN","BOU,COV",BOU-CHE-COV-NFO-SUN,5,1+1+1+1+1,1,2.4792,100.0,25.0,-0.0616,2.474595,False,
ARS-CHE-TOT-SUN-SUN,4,2+1+1+1,2,2.4545,2.4,2.5,0.4335,2,"ARS,SUN","BOU,NFO",BOU-CHE-NFO-TOT-SUN,5,1+1+1+1+1,1,2.4792,100.0,12.5,-0.1412,2.474595,False,
ARS-CHE-MUN-TOT-SUN,5,1+1+1+1+1,1,2.4545,2.4,2.5,0.5335,2,"ARS,MUN","BOU,NFO",BOU-CHE-NFO-TOT-SUN,5,1+1+1+1+1,1,2.4792,100.0,12.5,-0.1412,2.474595,False,
CHE-MUN-MUN-TOT-SUN,4,2+1+1+1,1,2.4545,2.4,2.5,0.7091,2,"MUN,MUN","BOU,NFO",BOU-CHE-NFO-TOT-SUN,5,1+1+1+1+1,1,2.4792,100.0,12.5,-0.1412,2.474595,False,
CHE-MUN-TOT-SUN-SUN,4,2+1+1+1,2,2.4545,2.4,2.5,0.7091,2,"MUN,SUN","BOU,NFO",BOU-CHE-NFO-TOT-SUN,5,1+1+1+1+1,1,2.4792,100.0,12.5,-0.1412,2.474595,False,
CHE-EVE-MUN-MUN-SUN,4,2+1+1+1,1,2.4545,2.4,2.5,0.878,2,"MUN,MUN","COV,MCI",CHE-COV-EVE-MCI-SUN,5,1+1+1+1+1,1,2.4792,100.0,12.5,-0.1133,2.474595,False,
CHE-EVE-MUN-SUN-SUN,4,2+1+1+1,2,2.4545,2.4,2.5,0.878,2,"MUN,SUN","COV,MCI",CHE-COV-EVE-MCI-SUN,5,1+1+1+1+1,1,2.4792,100.0,12.5,-0.1133,2.474595,False,
LIV-LIV-NFO-TOT-SUN,4,2+1+1+1,1,2.4545,2.6,2.33,-0.3366,2,"LIV,SUN","EVE,NEW",EVE-LIV-NEW-NFO-TOT,5,1+1+1+1+1,0,2.4792,100.0,25.0,-0.1014,2.474595,False,
MCI-MCI-NFO-TOT-SUN,4,2+1+1+1,1,2.4545,2.6,2.33,-0.3366,2,"MCI,SUN","CHE,NEW",CHE-MCI-NEW-NFO-TOT,5,1+1+1+1+1,0,2.4792,100.0,18.8,-0.0976,2.474595,False,
BRE-BRE-CHE-NFO-SUN,4,2+1+1+1,1,2.4545,2.6,2.33,-0.3272,2,"BRE,BRE","BOU,COV",BOU-CHE-COV-NFO-SUN,5,1+1+1+1+1,1,2.4792,100.0,25.0,-0.0616,2.474595,False,
ARS-CHE-LIV-LIV-SUN,4,2+1+1+1,1,2.4545,2.6,2.33,-0.3256,2,"ARS,LIV","BOU,NFO",BOU-CHE-LIV-NFO-SUN,5,1+1+1+1+1,1,2.4792,100.0,18.8,-0.0575,2.474595,False,
ARS-CHE-MCI-MCI-SUN,4,2+1+1+1,1,2.4545,2.6,2.33,-0.3256,2,"ARS,MCI","COV,EVE",CHE-COV-EVE-MCI-SUN,5,1+1+1+1+1,1,2.4792,100.0,12.5,-0.1133,2.474595,False,
BRE-EVE-MCI-SUN-SUN,4,2+1+1+1,2,2.4545,2.6,2.33,-0.3,2,"BRE,SUN","CHE,COV",CHE-COV-EVE-MCI-SUN,5,1+1+1+1+1,1,2.4792,100.0,12.5,-0.1133,2.474595,False,
CRY-LIV-MCI-SUN-SUN,4,2+1+1+1,2,2.4545,2.6,2.33,-0.3,2,"CRY,SUN","BHA,COV",BHA-COV-LIV-MCI-SUN,5,1+1+1+1+1,1,2.4792,100.0,25.0,-0.1292,2.474595,False,
EVE-MCI-MCI-MUN-SUN,4,2+1+1+1,1,2.4545,2.6,2.33,-0.3,2,"MCI,MUN","CHE,COV",CHE-COV-EVE-MCI-SUN,5,1+1+1+1+1,1,2.4792,100.0,12.5,-0.1133,2.474595,False,
LEE-LIV-MCI-SUN-SUN,4,2+1+1+1,2,2.4545,2.6,2.33,-0.3,2,"LEE,SUN","BHA,COV",BHA-COV-LIV-MCI-SUN,5,1+1+1+1+1,1,2.4792,100.0,25.0,-0.1292,2.474595,False,
BHA-LEE-LIV-SUN-SUN,4,2+1+1+1,2,2.4545,2.6,2.33,-0.2866,2,"LEE,SUN","COV,MCI",BHA-COV-LIV-MCI-SUN,5,1+1+1+1+1,1,2.4792,100.0,25.0,-0.1292,2.474595,False,
BHA-LEE-MCI-SUN-SUN,4,2+1+1+1,2,2.4545,2.6,2.33,-0.2866,2,"LEE,SUN","COV,LIV",BHA-COV-LIV-MCI-SUN,5,1+1+1+1+1,1,2.4792,100.0,25.0,-0.1292,2.474595,False,
AVL-NFO-TOT-TOT-SUN,4,2+1+1+1,1,2.4545,2.6,2.33,-0.283,2,"SUN,TOT","CHE,FUL",AVL-CHE-FUL-NFO-TOT,5,1+1+1+1+1,0,2.4792,100.0,12.5,-0.1683,2.474595,False,
BHA-NFO-TOT-TOT-SUN,4,2+1+1+1,1,2.4545,2.6,2.33,-0.283,2,"BHA,TOT","BOU,CHE",BOU-CHE-NFO-TOT-SUN,5,1+1+1+1+1,1,2.4792,100.0,12.5,-0.1412,2.474595,False,
AVL-EVE-LIV-SUN-SUN,4,2+1+1+1,2,2.4545,2.6,2.33,-0.2732,2,"AVL,SUN","COV,MCI",COV-EVE-LIV-MCI-SUN,5,1+1+1+1+1,1,2.4792,93.8,25.0,-0.1259,2.474595,False,
AVL-EVE-MCI-SUN-SUN,4,2+1+1+1,2,2.4545,2.6,2.33,-0.2732,2,"AVL,SUN","CHE,COV",CHE-COV-EVE-MCI-SUN,5,1+1+1+1+1,1,2.4792,100.0,12.5,-0.1133,2.474595,False,
BHA-EVE-LIV-SUN-SUN,4,2+1+1+1,2,2.4545,2.6,2.33,-0.2732,2,"EVE,SUN","COV,MCI",BHA-COV-LIV-MCI-SUN,5,1+1+1+1+1,1,2.4792,100.0,25.0,-0.1292,2.474595,False,
BHA-EVE-MCI-SUN-SUN,4,2+1+1+1,2,2.4545,2.6,2.33,-0.2732,2,"EVE,SUN","COV,LIV",BHA-COV-LIV-MCI-SUN,5,1+1+1+1+1,1,2.4792,100.0,25.0,-0.1292,2.474595,False,
LIV-NFO-TOT-TOT-SUN,4,2+1+1+1,1,2.4545,2.6,2.33,-0.2732,2,"SUN,TOT","EVE,NEW",EVE-LIV-NEW-NFO-TOT,5,1+1+1+1+1,0,2.4792,100.0,25.0,-0.1014,2.474595,False,
MCI-NFO-TOT-TOT-SUN,4,2+1+1+1,1,2.4545,2.6,2.33,-0.2732,2,"SUN,TOT","CHE,NEW",CHE-MCI-NEW-NFO-TOT,5,1+1+1+1+1,0,2.4792,100.0,18.8,-0.0976,2.474595,False,
ARS-LIV-MCI-TOT-SUN,5,1+1+1+1+1,1,2.4545,2.6,2.33,-0.25,2,"ARS,TOT","BHA,COV",BHA-COV-LIV-MCI-SUN,5,1+1+1+1+1,1,2.4792,100.0,25.0,-0.1292,2.474595,False,
AVL-CRY-LIV-SUN-SUN,4,2+1+1+1,2,2.4545,2.6,2.33,-0.25,2,"SUN,SUN","MCI,NEW",AVL-CRY-LIV-MCI-NEW,5,1+1+1+1+1,0,2.4792,100.0,12.5,-0.1535,2.474595,False,
AVL-CRY-MCI-SUN-SUN,4,2+1+1+1,2,2.4545,2.6,2.33,-0.25,2,"SUN,SUN","COV,FUL",AVL-COV-CRY-FUL-MCI,5,1+1+1+1+1,0,2.4792,100.0,18.8,-0.1242,2.474595,False,
BHA-CRY-LIV-SUN-SUN,4,2+1+1+1,2,2.4545,2.6,2.33,-0.25,2,"CRY,SUN","COV,MCI",BHA-COV-LIV-MCI-SUN,5,1+1+1+1+1,1,2.4792,100.0,25.0,-0.1292,2.474595,False,
BHA-CRY-MCI-SUN-SUN,4,2+1+1+1,2,2.4545,2.6,2.33,-0.25,2,"CRY,SUN","COV,LIV",BHA-COV-LIV-MCI-SUN,5,1+1+1+1+1,1,2.4792,100.0,25.0,-0.1292,2.474595,False,
AVL-AVL-LEE-MUN-SUN,4,2+1+1+1,1,2.4545,2.6,2.33,-0.2464,2,"MUN,SUN","CHE,COV",AVL-AVL-CHE-COV-LEE,4,2+1+1+1,0,2.4792,100.0,31.2,-0.1583,2.474595,False,
ARS-AVL-LIV-TOT-SUN,5,1+1+1+1+1,1,2.4545,2.6,2.33,-0.2366,2,"SUN,TOT","BOU,COV",ARS-AVL-BOU-COV-LIV,5,1+1+1+1+1,0,2.4792,100.0,12.5,-0.124,2.474595,False,
ARS-AVL-MCI-TOT-SUN,5,1+1+1+1+1,1,2.4545,2.6,2.33,-0.2366,2,"SUN,TOT","COV,LIV",ARS-AVL-COV-LIV-MCI,5,1+1+1+1+1,0,2.4792,100.0,12.5,-0.0988,2.474595,False,
ARS-BHA-LIV-TOT-SUN,5,1+1+1+1+1,1,2.4545,2.6,2.33,-0.2366,2,"ARS,TOT","COV,MCI",BHA-COV-LIV-MCI-SUN,5,1+1+1+1+1,1,2.4792,100.0,25.0,-0.1292,2.474595,False,
ARS-BHA-MCI-TOT-SUN,5,1+1+1+1+1,1,2.4545,2.6,2.33,-0.2366,2,"ARS,TOT","COV,LIV",BHA-COV-LIV-MCI-SUN,5,1+1+1+1+1,1,2.4792,100.0,25.0,-0.1292,2.474595,False,
CHE-CRY-LIV-SUN-SUN,4,2+1+1+1,2,2.4545,2.6,2.33,-0.2311,2,"CRY,SUN","BOU,NFO",BOU-CHE-LIV-NFO-SUN,5,1+1+1+1+1,1,2.4792,100.0,18.8,-0.0575,2.474595,False,
CHE-CRY-MCI-SUN-SUN,4,2+1+1+1,2,2.4545,2.6,2.33,-0.2311,2,"CRY,SUN","COV,EVE",CHE-COV-EVE-MCI-SUN,5,1+1+1+1+1,1,2.4792,100.0,12.5,-0.1133,2.474595,False,
ARS-BRE-CHE-LIV-SUN,5,1+1+1+1+1,1,2.4545,2.6,2.33,-0.2256,2,"ARS,BRE","BOU,NFO",BOU-CHE-LIV-NFO-SUN,5,1+1+1+1+1,1,2.4792,100.0,18.8,-0.0575,2.474595,False,
ARS-BRE-CHE-MCI-SUN,5,1+1+1+1+1,1,2.4545,2.6,2.33,-0.2256,2,"ARS,BRE","COV,EVE",CHE-COV-EVE-MCI-SUN,5,1+1+1+1+1,1,2.4792,100.0,12.5,-0.1133,2.474595,False,
BHA-LIV-NFO-TOT-SUN,5,1+1+1+1+1,1,2.4545,2.6,2.33,-0.2232,2,"SUN,TOT","BOU,NFO",BOU-BHA-LIV-NFO-NFO,4,2+1+1+1,0,2.4792,100.0,25.0,-0.147,2.474595,False,
BHA-MCI-NFO-TOT-SUN,5,1+1+1+1+1,1,2.4545,2.6,2.33,-0.2232,2,"NFO,TOT","COV,LIV",BHA-COV-LIV-MCI-SUN,5,1+1+1+1+1,1,2.4792,100.0,25.0,-0.1292,2.474595,False,
ARS-LIV-LIV-MCI-SUN,4,2+1+1+1,1,2.4545,2.6,2.33,-0.2,2,"ARS,LIV","BHA,COV",BHA-COV-LIV-MCI-SUN,5,1+1+1+1+1,1,2.4792,100.0,25.0,-0.1292,2.474595,False,
ARS-LIV-MCI-MCI-SUN,4,2+1+1+1,1,2.4545,2.6,2.33,-0.2,2,"ARS,MCI","BHA,COV",BHA-COV-LIV-MCI-SUN,5,1+1+1+1+1,1,2.4792,100.0,25.0,-0.1292,2.474595,False,
BRE-EVE-MCI-MUN-SUN,5,1+1+1+1+1,1,2.4545,2.6,2.33,-0.2,2,"BRE,MUN","CHE,COV",CHE-COV-EVE-MCI-SUN,5,1+1+1+1+1,1,2.4792,100.0,12.5,-0.1133,2.474595,False,
CRY-LIV-MCI-MUN-SUN,5,1+1+1+1+1,1,2.4545,2.6,2.33,-0.2,2,"CRY,MUN","BHA,COV",BHA-COV-LIV-MCI-SUN,5,1+1+1+1+1,1,2.4792,100.0,25.0,-0.1292,2.474595,False,
LEE-LIV-MCI-MUN-SUN,5,1+1+1+1+1,1,2.4545,2.6,2.33,-0.2,2,"LEE,MUN","BHA,COV",BHA-COV-LIV-MCI-SUN,5,1+1+1+1+1,1,2.4792,100.0,25.0,-0.1292,2.474595,False,
BHA-LEE-LIV-MUN-SUN,5,1+1+1+1+1,1,2.4545,2.6,2.33,-0.1866,2,"LEE,MUN","COV,MCI",BHA-COV-LIV-MCI-SUN,5,1+1+1+1+1,1,2.4792,100.0,25.0,-0.1292,2.474595,False,
BHA-LEE-MCI-MUN-SUN,5,1+1+1+1+1,1,2.4545,2.6,2.33,-0.1866,2,"LEE,MUN","COV,LIV",BHA-COV-LIV-MCI-SUN,5,1+1+1+1+1,1,2.4792,100.0,25.0,-0.1292,2.474595,False,
BRE-BHA-CHE-NFO-SUN,5,1+1+1+1+1,1,2.4545,2.6,2.33,-0.1809,2,"BHA,BRE","BOU,COV",BOU-CHE-COV-NFO-SUN,5,1+1+1+1+1,1,2.4792,100.0,25.0,-0.0616,2.474595,False,
ARS-AVL-BRE-CHE-SUN,5,1+1+1+1+1,1,2.4545,2.6,2.33,-0.1793,2,"ARS,SUN","BOU,NFO",AVL-BOU-BRE-CHE-NFO,5,1+1+1+1+1,0,2.4792,100.0,6.2,-0.1001,2.474595,False,
ARS-BHA-CHE-LIV-SUN,5,1+1+1+1+1,1,2.4545,2.6,2.33,-0.1793,2,"ARS,CHE","COV,MCI",BHA-COV-LIV-MCI-SUN,5,1+1+1+1+1,1,2.4792,100.0,25.0,-0.1292,2.474595,False,
ARS-BHA-CHE-MCI-SUN,5,1+1+1+1+1,1,2.4545,2.6,2.33,-0.1793,2,"ARS,CHE","COV,LIV",BHA-COV-LIV-MCI-SUN,5,1+1+1+1+1,1,2.4792,100.0,25.0,-0.1292,2.474595,False,
AVL-EVE-MCI-MUN-SUN,5,1+1+1+1+1,1,2.4545,2.6,2.33,-0.1732,2,"AVL,MUN","CHE,COV",CHE-COV-EVE-MCI-SUN,5,1+1+1+1+1,1,2.4792,100.0,12.5,-0.1133,2.474595,False,
BHA-EVE-LIV-MUN-SUN,5,1+1+1+1+1,1,2.4545,2.6,2.33,-0.1732,2,"EVE,MUN","COV,MCI",BHA-COV-LIV-MCI-SUN,5,1+1+1+1+1,1,2.4792,100.0,25.0,-0.1292,2.474595,False,
BHA-EVE-MCI-MUN-SUN,5,1+1+1+1+1,1,2.4545,2.6,2.33,-0.1732,2,"EVE,MUN","COV,LIV",BHA-COV-LIV-MCI-SUN,5,1+1+1+1+1,1,2.4792,100.0,25.0,-0.1292,2.474595,False,
BRE-CHE-CHE-NFO-SUN,4,2+1+1+1,1,2.4545,2.6,2.33,-0.1655,2,"BRE,CHE","BOU,COV",BOU-CHE-COV-NFO-SUN,5,1+1+1+1+1,1,2.4792,100.0,25.0,-0.0616,2.474595,False,
ARS-AVL-LIV-LIV-SUN,4,2+1+1+1,1,2.4545,2.6,2.33,-0.1634,2,"LIV,SUN","BOU,COV",ARS-AVL-BOU-COV-LIV,5,1+1+1+1+1,0,2.4792,100.0,12.5,-0.124,2.474595,False,
ARS-AVL-MCI-MCI-SUN,4,2+1+1+1,1,2.4545,2.6,2.33,-0.1634,2,"MCI,SUN","COV,LIV",ARS-AVL-COV-LIV-MCI,5,1+1+1+1+1,0,2.4792,100.0,12.5,-0.0988,2.474595,False,
ARS-BHA-LIV-LIV-SUN,4,2+1+1+1,1,2.4545,2.6,2.33,-0.1634,2,"ARS,LIV","COV,MCI",BHA-COV-LIV-MCI-SUN,5,1+1+1+1+1,1,2.4792,100.0,25.0,-0.1292,2.474595,False,
ARS-BHA-MCI-MCI-SUN,4,2+1+1+1,1,2.4545,2.6,2.33,-0.1634,2,"ARS,MCI","COV,LIV",BHA-COV-LIV-MCI-SUN,5,1+1+1+1+1,1,2.4792,100.0,25.0,-0.1292,2.474595,False,
AVL-LEE-TOT-SUN-SUN,4,2+1+1+1,2,2.4545,2.6,2.33,-0.1598,2,"SUN,SUN","CHE,FUL",AVL-CHE-FUL-LEE-TOT,5,1+1+1+1+1,0,2.4792,100.0,18.8,-0.1553,2.474595,False,
AVL-CRY-LIV-MUN-SUN,5,1+1+1+1+1,1,2.4545,2.6,2.33,-0.15,2,"MUN,SUN","MCI,NEW",AVL-CRY-LIV-MCI-NEW,5,1+1+1+1+1,0,2.4792,100.0,12.5,-0.1535,2.474595,False,
AVL-CRY-MCI-MUN-SUN,5,1+1+1+1+1,1,2.4545,2.6,2.33,-0.15,2,"MUN,SUN","COV,FUL",AVL-COV-CRY-FUL-MCI,5,1+1+1+1+1,0,2.4792,100.0,18.8,-0.1242,2.474595,False,
BHA-CRY-LIV-MUN-SUN,5,1+1+1+1+1,1,2.4545,2.6,2.33,-0.15,2,"CRY,MUN","COV,MCI",BHA-COV-LIV-MCI-SUN,5,1+1+1+1+1,1,2.4792,100.0,25.0,-0.1292,2.474595,False,
BHA-CRY-MCI-MUN-SUN,5,1+1+1+1+1,1,2.4545,2.6,2.33,-0.15,2,"CRY,MUN","COV,LIV",BHA-COV-LIV-MCI-SUN,5,1+1+1+1+1,1,2.4792,100.0,25.0,-0.1292,2.474595,False,
CHE-CRY-LIV-MUN-SUN,5,1+1+1+1+1,1,2.4545,2.6,2.33,-0.1311,2,"CRY,MUN","BOU,NFO",BOU-CHE-LIV-NFO-SUN,5,1+1+1+1+1,1,2.4792,100.0,18.8,-0.0575,2.474595,False,
CHE-CRY-MCI-MUN-SUN,5,1+1+1+1+1,1,2.4545,2.6,2.33,-0.1311,2,"CRY,MUN","COV,EVE",CHE-COV-EVE-MCI-SUN,5,1+1+1+1+1,1,2.4792,100.0,12.5,-0.1133,2.474595,False,
BHA-CHE-CHE-NFO-SUN,4,2+1+1+1,1,2.4545,2.6,2.33,-0.1095,2,"BHA,CHE","BOU,COV",BOU-CHE-COV-NFO-SUN,5,1+1+1+1+1,1,2.4792,100.0,25.0,-0.0616,2.474595,False,
CHE-LEE-MCI-SUN-SUN,4,2+1+1+1,2,2.4545,2.6,2.33,-0.1055,2,"LEE,SUN","COV,EVE",CHE-COV-EVE-MCI-SUN,5,1+1+1+1+1,1,2.4792,100.0,12.5,-0.1133,2.474595,False,
ARS-BRE-LIV-MCI-SUN,5,1+1+1+1+1,1,2.4545,2.6,2.33,-0.1,2,"ARS,BRE","BHA,COV",BHA-COV-LIV-MCI-SUN,5,1+1+1+1+1,1,2.4792,100.0,25.0,-0.1292,2.474595,False,
BRE-BRE-LIV-NFO-SUN,4,2+1+1+1,1,2.4545,2.6,2.33,-0.1,2,"BRE,BRE","BOU,CHE",BOU-CHE-LIV-NFO-SUN,5,1+1+1+1+1,1,2.4792,100.0,18.8,-0.0575,2.474595,False,
BRE-LIV-LIV-NFO-SUN,4,2+1+1+1,1,2.4545,2.6,2.33,-0.1,2,"BRE,LIV","BOU,CHE",BOU-CHE-LIV-NFO-SUN,5,1+1+1+1+1,1,2.4792,100.0,18.8,-0.0575,2.474595,False,
ARS-AVL-BRE-LIV-SUN,5,1+1+1+1+1,1,2.4545,2.6,2.33,-0.0634,2,"BRE,SUN","BOU,COV",ARS-AVL-BOU-COV-LIV,5,1+1+1+1+1,0,2.4792,100.0,12.5,-0.124,2.474595,False,
ARS-AVL-BRE-MCI-SUN,5,1+1+1+1+1,1,2.4545,2.6,2.33,-0.0634,2,"ARS,SUN","COV,FUL",AVL-BRE-COV-FUL-MCI,5,1+1+1+1+1,0,2.4792,100.0,18.8,-0.1384,2.474595,False,
ARS-BRE-BHA-LIV-SUN,5,1+1+1+1+1,1,2.4545,2.6,2.33,-0.0634,2,"ARS,BRE","COV,MCI",BHA-COV-LIV-MCI-SUN,5,1+1+1+1+1,1,2.4792,100.0,25.0,-0.1292,2.474595,False,
ARS-BRE-BHA-MCI-SUN,5,1+1+1+1+1,1,2.4545,2.6,2.33,-0.0634,2,"ARS,BRE","COV,LIV",BHA-COV-LIV-MCI-SUN,5,1+1+1+1+1,1,2.4792,100.0,25.0,-0.1292,2.474595,False,
ARS-BHA-LIV-MCI-SUN,5,1+1+1+1+1,1,2.4545,2.6,2.33,-0.0634,1,ARS,COV,BHA-COV-LIV-MCI-SUN,5,1+1+1+1+1,1,2.4792,100.0,25.0,-0.1292,2.474595,False,
AVL-BRE-BRE-NFO-SUN,4,2+1+1+1,1,2.4545,2.6,2.33,-0.0634,2,"BRE,SUN","BOU,COV",AVL-BOU-BRE-COV-NFO,5,1+1+1+1+1,0,2.4792,100.0,18.8,-0.14,2.474595,False,
BHA-LIV-LIV-NFO-SUN,4,2+1+1+1,1,2.4545,2.6,2.33,-0.0634,2,"LIV,SUN","BOU,NFO",BOU-BHA-LIV-NFO-NFO,4,2+1+1+1,0,2.4792,100.0,25.0,-0.147,2.474595,False,
BHA-MCI-MCI-NFO-SUN,4,2+1+1+1,1,2.4545,2.6,2.33,-0.0634,2,"MCI,NFO","COV,LIV",BHA-COV-LIV-MCI-SUN,5,1+1+1+1+1,1,2.4792,100.0,25.0,-0.1292,2.474595,False,
AVL-LEE-MUN-TOT-SUN,5,1+1+1+1+1,1,2.4545,2.6,2.33,-0.0598,2,"MUN,SUN","CHE,FUL",AVL-CHE-FUL-LEE-TOT,5,1+1+1+1+1,0,2.4792,100.0,18.8,-0.1553,2.474595,False,
ARS-CHE-LIV-TOT-SUN,5,1+1+1+1+1,1,2.4545,2.6,2.33,-0.0555,2,"ARS,TOT","BOU,NFO",BOU-CHE-LIV-NFO-SUN,5,1+1+1+1+1,1,2.4792,100.0,18.8,-0.0575,2.474595,False,
ARS-CHE-MCI-TOT-SUN,5,1+1+1+1+1,1,2.4545,2.6,2.33,-0.0555,2,"ARS,SUN","FUL,IPS",CHE-FUL-IPS-MCI-TOT,5,1+1+1+1+1,0,2.4792,100.0,18.8,-0.1129,2.474595,False,
ARS-AVL-CHE-TOT-SUN,5,1+1+1+1+1,1,2.4545,2.6,2.33,-0.0324,2,"ARS,SUN","FUL,LEE",AVL-CHE-FUL-LEE-TOT,5,1+1+1+1+1,0,2.4792,100.0,18.8,-0.1553,2.474595,False,
ARS-BHA-CHE-TOT-SUN,5,1+1+1+1+1,1,2.4545,2.6,2.33,-0.0324,2,"ARS,BHA","BOU,NFO",BOU-CHE-NFO-TOT-SUN,5,1+1+1+1+1,1,2.4792,100.0,12.5,-0.1412,2.474595,False,
CHE-LEE-MCI-MUN-SUN,5,1+1+1+1+1,1,2.4545,2.6,2.33,-0.0055,2,"LEE,MUN","COV,EVE",CHE-COV-EVE-MCI-SUN,5,1+1+1+1+1,1,2.4792,100.0,12.5,-0.1133,2.474595,False,
EVE-LIV-TOT-SUN-SUN,4,2+1+1+1,2,2.4545,2.6,2.33,0.0,2,"SUN,SUN","NEW,NFO",EVE-LIV-NEW-NFO-TOT,5,1+1+1+1+1,0,2.4792,100.0,25.0,-0.1014,2.474595,False,
EVE-MCI-TOT-SUN-SUN,4,2+1+1+1,2,2.4545,2.6,2.33,0.0,2,"SUN,TOT","CHE,COV",CHE-COV-EVE-MCI-SUN,5,1+1+1+1+1,1,2.4792,100.0,12.5,-0.1133,2.474595,False,
AVL-CHE-TOT-SUN-SUN,4,2+1+1+1,2,2.4545,2.6,2.33,0.0066,2,"SUN,SUN","FUL,LEE",AVL-CHE-FUL-LEE-TOT,5,1+1+1+1+1,0,2.4792,100.0,18.8,-0.1553,2.474595,False,
BHA-CHE-TOT-SUN-SUN,4,2+1+1+1,2,2.4545,2.6,2.33,0.0066,2,"BHA,SUN","BOU,NFO",BOU-CHE-NFO-TOT-SUN,5,1+1+1+1+1,1,2.4792,100.0,12.5,-0.1412,2.474595,False,
CHE-LIV-TOT-SUN-SUN,4,2+1+1+1,2,2.4545,2.6,2.33,0.0201,2,"SUN,TOT","BOU,NFO",BOU-CHE-LIV-NFO-SUN,5,1+1+1+1+1,1,2.4792,100.0,18.8,-0.0575,2.474595,False,
CHE-MCI-TOT-SUN-SUN,4,2+1+1+1,2,2.4545,2.6,2.33,0.0201,2,"SUN,SUN","FUL,IPS",CHE-FUL-IPS-MCI-TOT,5,1+1+1+1+1,0,2.4792,100.0,18.8,-0.1129,2.474595,False,
BRE-BHA-LIV-NFO-SUN,5,1+1+1+1+1,1,2.4545,2.6,2.33,0.0366,2,"BRE,SUN","BOU,NFO",BOU-BHA-LIV-NFO-NFO,4,2+1+1+1,0,2.4792,100.0,25.0,-0.147,2.474595,False,
BRE-BHA-MCI-NFO-SUN,5,1+1+1+1+1,1,2.4545,2.6,2.33,0.0366,2,"BRE,NFO","COV,LIV",BHA-COV-LIV-MCI-SUN,5,1+1+1+1+1,1,2.4792,100.0,25.0,-0.1292,2.474595,False,
BRE-CHE-EVE-SUN-SUN,4,2+1+1+1,2,2.4545,2.6,2.33,0.089,2,"BRE,SUN","COV,MCI",CHE-COV-EVE-MCI-SUN,5,1+1+1+1+1,1,2.4792,100.0,12.5,-0.1133,2.474595,False,
CHE-CHE-LIV-MUN-SUN,4,2+1+1+1,1,2.4545,2.6,2.33,0.089,2,"CHE,MUN","BOU,NFO",BOU-CHE-LIV-NFO-SUN,5,1+1+1+1+1,1,2.4792,100.0,18.8,-0.0575,2.474595,False,
CHE-CHE-MCI-MUN-SUN,4,2+1+1+1,1,2.4545,2.6,2.33,0.089,2,"CHE,MUN","COV,EVE",CHE-COV-EVE-MCI-SUN,5,1+1+1+1+1,1,2.4792,100.0,12.5,-0.1133,2.474595,False,
EVE-LIV-MUN-TOT-SUN,5,1+1+1+1+1,1,2.4545,2.6,2.33,0.1,2,"MUN,SUN","NEW,NFO",EVE-LIV-NEW-NFO-TOT,5,1+1+1+1+1,0,2.4792,100.0,25.0,-0.1014,2.474595,False,
EVE-MCI-MUN-TOT-SUN,5,1+1+1+1+1,1,2.4545,2.6,2.33,0.1,2,"MUN,TOT","CHE,COV",CHE-COV-EVE-MCI-SUN,5,1+1+1+1+1,1,2.4792,100.0,12.5,-0.1133,2.474595,False,
AVL-CHE-MUN-TOT-SUN,5,1+1+1+1+1,1,2.4545,2.6,2.33,0.1066,2,"MUN,SUN","FUL,LEE",AVL-CHE-FUL-LEE-TOT,5,1+1+1+1+1,0,2.4792,100.0,18.8,-0.1553,2.474595,False,
BHA-CHE-MUN-TOT-SUN,5,1+1+1+1+1,1,2.4545,2.6,2.33,0.1066,2,"BHA,MUN","BOU,NFO",BOU-CHE-NFO-TOT-SUN,5,1+1+1+1+1,1,2.4792,100.0,12.5,-0.1412,2.474595,False,
CHE-LIV-MUN-TOT-SUN,5,1+1+1+1+1,1,2.4545,2.6,2.33,0.1201,2,"MUN,TOT","BOU,NFO",BOU-CHE-LIV-NFO-SUN,5,1+1+1+1+1,1,2.4792,100.0,18.8,-0.0575,2.474595,False,
CHE-MCI-MUN-TOT-SUN,5,1+1+1+1+1,1,2.4545,2.6,2.33,0.1201,2,"MUN,SUN","FUL,IPS",CHE-FUL-IPS-MCI-TOT,5,1+1+1+1+1,0,2.4792,100.0,18.8,-0.1129,2.474595,False,
AVL-CHE-EVE-SUN-SUN,4,2+1+1+1,2,2.4545,2.6,2.33,0.1255,2,"SUN,SUN","COV,LEE",AVL-CHE-COV-EVE-LEE,5,1+1+1+1+1,0,2.4792,100.0,12.5,-0.128,2.474595,False,
BHA-CHE-EVE-SUN-SUN,4,2+1+1+1,2,2.4545,2.6,2.33,0.1255,2,"BHA,SUN","COV,MCI",CHE-COV-EVE-MCI-SUN,5,1+1+1+1+1,1,2.4792,100.0,12.5,-0.1133,2.474595,False,
BRE-CHE-EVE-MUN-SUN,5,1+1+1+1+1,1,2.4545,2.6,2.33,0.189,2,"BRE,MUN","COV,MCI",CHE-COV-EVE-MCI-SUN,5,1+1+1+1+1,1,2.4792,100.0,12.5,-0.1133,2.474595,False,
AVL-CHE-EVE-MUN-SUN,5,1+1+1+1+1,1,2.4545,2.6,2.33,0.2255,2,"MUN,SUN","COV,LEE",AVL-CHE-COV-EVE-LEE,5,1+1+1+1+1,0,2.4792,100.0,12.5,-0.128,2.474595,False,
BHA-CHE-EVE-MUN-SUN,5,1+1+1+1+1,1,2.4545,2.6,2.33,0.2255,2,"BHA,MUN","COV,MCI",CHE-COV-EVE-MCI-SUN,5,1+1+1+1+1,1,2.4792,100.0,12.5,-0.1133,2.474595,False,
AVL-AVL-CHE-TOT-SUN,4,2+1+1+1,1,2.4545,2.8,2.17,-0.3227,2,"SUN,TOT","COV,LEE",AVL-AVL-CHE-COV-LEE,4,2+1+1+1,0,2.4792,100.0,31.2,-0.1583,2.474595,False,
BHA-BHA-CHE-TOT-SUN,4,2+1+1+1,1,2.4545,2.8,2.17,-0.3227,2,"BHA,BHA","BOU,NFO",BOU-CHE-NFO-TOT-SUN,5,1+1+1+1+1,1,2.4792,100.0,12.5,-0.1412,2.474595,False,
AVL-BRE-BRE-CHE-SUN,4,2+1+1+1,1,2.4545,2.8,2.17,-0.3061,2,"BRE,SUN","BOU,NFO",AVL-BOU-BRE-CHE-NFO,5,1+1+1+1+1,0,2.4792,100.0,6.2,-0.1001,2.474595,False,
BHA-CHE-LIV-LIV-SUN,4,2+1+1+1,1,2.4545,2.8,2.17,-0.3061,2,"CHE,LIV","COV,MCI",BHA-COV-LIV-MCI-SUN,5,1+1+1+1+1,1,2.4792,100.0,25.0,-0.1292,2.474595,False,
BHA-CHE-MCI-MCI-SUN,4,2+1+1+1,1,2.4545,2.8,2.17,-0.3061,2,"CHE,MCI","COV,LIV",BHA-COV-LIV-MCI-SUN,5,1+1+1+1+1,1,2.4792,100.0,25.0,-0.1292,2.474595,False,
AVL-AVL-BRE-CHE-SUN,4,2+1+1+1,1,2.4545,2.8,2.17,-0.2964,2,"BRE,SUN","COV,LEE",AVL-AVL-CHE-COV-LEE,4,2+1+1+1,0,2.4792,100.0,31.2,-0.1583,2.474595,False,
AVL-BRE-CHE-CHE-SUN,4,2+1+1+1,1,2.4545,2.8,2.17,-0.2964,2,"CHE,SUN","BOU,NFO",AVL-BOU-BRE-CHE-NFO,5,1+1+1+1+1,0,2.4792,100.0,6.2,-0.1001,2.474595,False,
BHA-BHA-CHE-LIV-SUN,4,2+1+1+1,1,2.4545,2.8,2.17,-0.2964,2,"BHA,CHE","COV,MCI",BHA-COV-LIV-MCI-SUN,5,1+1+1+1+1,1,2.4792,100.0,25.0,-0.1292,2.474595,False,
BHA-BHA-CHE-MCI-SUN,4,2+1+1+1,1,2.4545,2.8,2.17,-0.2964,2,"BHA,CHE","COV,LIV",BHA-COV-LIV-MCI-SUN,5,1+1+1+1+1,1,2.4792,100.0,25.0,-0.1292,2.474595,False,
BHA-CHE-CHE-LIV-SUN,4,2+1+1+1,1,2.4545,2.8,2.17,-0.2964,2,"CHE,CHE","COV,MCI",BHA-COV-LIV-MCI-SUN,5,1+1+1+1+1,1,2.4792,100.0,25.0,-0.1292,2.474595,False,
BHA-CHE-CHE-MCI-SUN,4,2+1+1+1,1,2.4545,2.8,2.17,-0.2964,2,"CHE,CHE","COV,LIV",BHA-COV-LIV-MCI-SUN,5,1+1+1+1+1,1,2.4792,100.0,25.0,-0.1292,2.474595,False,
BRE-BRE-CHE-LIV-SUN,4,2+1+1+1,1,2.4545,2.8,2.17,-0.289,2,"BRE,BRE","BOU,NFO",BOU-CHE-LIV-NFO-SUN,5,1+1+1+1+1,1,2.4792,100.0,18.8,-0.0575,2.474595,False,
BRE-BRE-CHE-MCI-SUN,4,2+1+1+1,1,2.4545,2.8,2.17,-0.289,2,"BRE,BRE","COV,EVE",CHE-COV-EVE-MCI-SUN,5,1+1+1+1+1,1,2.4792,100.0,12.5,-0.1133,2.474595,False,
BRE-CHE-CHE-LIV-SUN,4,2+1+1+1,1,2.4545,2.8,2.17,-0.289,2,"BRE,CHE","BOU,NFO",BOU-CHE-LIV-NFO-SUN,5,1+1+1+1+1,1,2.4792,100.0,18.8,-0.0575,2.474595,False,
BRE-CHE-CHE-MCI-SUN,4,2+1+1+1,1,2.4545,2.8,2.17,-0.289,2,"BRE,CHE","COV,EVE",CHE-COV-EVE-MCI-SUN,5,1+1+1+1+1,1,2.4792,100.0,12.5,-0.1133,2.474595,False,
BRE-CHE-LIV-LIV-SUN,4,2+1+1+1,1,2.4545,2.8,2.17,-0.289,2,"BRE,LIV","BOU,NFO",BOU-CHE-LIV-NFO-SUN,5,1+1+1+1+1,1,2.4792,100.0,18.8,-0.0575,2.474595,False,
BRE-CHE-MCI-MCI-SUN,4,2+1+1+1,1,2.4545,2.8,2.17,-0.289,2,"BRE,MCI","COV,EVE",CHE-COV-EVE-MCI-SUN,5,1+1+1+1+1,1,2.4792,100.0,12.5,-0.1133,2.474595,False,
BHA-BHA-LIV-TOT-SUN,4,2+1+1+1,1,2.4545,2.8,2.17,-0.2732,2,"BHA,TOT","COV,MCI",BHA-COV-LIV-MCI-SUN,5,1+1+1+1+1,1,2.4792,100.0,25.0,-0.1292,2.474595,False,
BHA-BHA-MCI-TOT-SUN,4,2+1+1+1,1,2.4545,2.8,2.17,-0.2732,2,"BHA,TOT","COV,LIV",BHA-COV-LIV-MCI-SUN,5,1+1+1+1+1,1,2.4792,100.0,25.0,-0.1292,2.474595,False,
BHA-LIV-TOT-TOT-SUN,4,2+1+1+1,1,2.4545,2.8,2.17,-0.2732,2,"TOT,TOT","COV,MCI",BHA-COV-LIV-MCI-SUN,5,1+1+1+1+1,1,2.4792,100.0,25.0,-0.1292,2.474595,False,
BHA-MCI-TOT-TOT-SUN,4,2+1+1+1,1,2.4545,2.8,2.17,-0.2732,2,"TOT,TOT","COV,LIV",BHA-COV-LIV-MCI-SUN,5,1+1+1+1+1,1,2.4792,100.0,25.0,-0.1292,2.474595,False,
CHE-LIV-LIV-TOT-SUN,4,2+1+1+1,1,2.4545,2.8,2.17,-0.2689,2,"LIV,TOT","BOU,NFO",BOU-CHE-LIV-NFO-SUN,5,1+1+1+1+1,1,2.4792,100.0,18.8,-0.0575,2.474595,False,
CHE-MCI-MCI-TOT-SUN,4,2+1+1+1,1,2.4545,2.8,2.17,-0.2689,2,"MCI,SUN","FUL,IPS",CHE-FUL-IPS-MCI-TOT,5,1+1+1+1+1,0,2.4792,100.0,18.8,-0.1129,2.474595,False,
BHA-LIV-LIV-TOT-SUN,4,2+1+1+1,1,2.4545,2.8,2.17,-0.25,2,"LIV,TOT","COV,MCI",BHA-COV-LIV-MCI-SUN,5,1+1+1+1+1,1,2.4792,100.0,25.0,-0.1292,2.474595,False,
BHA-MCI-MCI-TOT-SUN,4,2+1+1+1,1,2.4545,2.8,2.17,-0.25,2,"MCI,TOT","COV,LIV",BHA-COV-LIV-MCI-SUN,5,1+1+1+1+1,1,2.4792,100.0,25.0,-0.1292,2.474595,False,
BHA-CHE-LIV-TOT-SUN,5,1+1+1+1+1,1,2.4545,2.8,2.17,-0.2092,2,"CHE,TOT","COV,MCI",BHA-COV-LIV-MCI-SUN,5,1+1+1+1+1,1,2.4792,100.0,25.0,-0.1292,2.474595,False,
BHA-CHE-MCI-TOT-SUN,5,1+1+1+1+1,1,2.4545,2.8,2.17,-0.2092,2,"CHE,TOT","COV,LIV",BHA-COV-LIV-MCI-SUN,5,1+1+1+1+1,1,2.4792,100.0,25.0,-0.1292,2.474595,False,
BRE-BHA-CHE-LIV-SUN,5,1+1+1+1+1,1,2.4545,2.8,2.17,-0.2061,2,"BRE,CHE","COV,MCI",BHA-COV-LIV-MCI-SUN,5,1+1+1+1+1,1,2.4792,100.0,25.0,-0.1292,2.474595,False,
BRE-BHA-CHE-MCI-SUN,5,1+1+1+1+1,1,2.4545,2.8,2.17,-0.2061,2,"BRE,CHE","COV,LIV",BHA-COV-LIV-MCI-SUN,5,1+1+1+1+1,1,2.4792,100.0,25.0,-0.1292,2.474595,False,
LIV-LIV-MCI-TOT-SUN,4,2+1+1+1,1,2.4545,2.8,2.17,-0.2,2,"LIV,TOT","BHA,COV",BHA-COV-LIV-MCI-SUN,5,1+1+1+1+1,1,2.4792,100.0,25.0,-0.1292,2.474595,False,
LIV-MCI-MCI-TOT-SUN,4,2+1+1+1,1,2.4545,2.8,2.17,-0.2,2,"MCI,TOT","BHA,COV",BHA-COV-LIV-MCI-SUN,5,1+1+1+1+1,1,2.4792,100.0,25.0,-0.1292,2.474595,False,
LIV-MCI-TOT-TOT-SUN,4,2+1+1+1,1,2.4545,2.8,2.17,-0.2,2,"TOT,TOT","BHA,COV",BHA-COV-LIV-MCI-SUN,5,1+1+1+1+1,1,2.4792,100.0,25.0,-0.1292,2.474595,False,
BHA-LIV-MCI-TOT-SUN,5,1+1+1+1+1,1,2.4545,2.8,2.17,-0.15,1,TOT,COV,BHA-COV-LIV-MCI-SUN,5,1+1+1+1+1,1,2.4792,100.0,25.0,-0.1292,2.474595,False,
LEE-LIV-MUN-MUN-SUN,4,2+1+1+1,1,2.3636,2.4,2.33,-0.1,2,"MUN,MUN","BHA,NFO",BHA-LEE-LIV-NFO-SUN,5,1+1+1+1+1,1,2.5208,93.8,18.8,-0.0913,2.491492,False,
LEE-LIV-MUN-SUN-SUN,4,2+1+1+1,2,2.3636,2.4,2.33,-0.1,2,"MUN,SUN","BHA,NFO",BHA-LEE-LIV-NFO-SUN,5,1+1+1+1+1,1,2.5208,93.8,18.8,-0.0913,2.491492,False,
CRY-LIV-NFO-NFO-SUN,4,2+1+1+1,1,2.6364,2.4,2.83,0.0732,2,"NFO,SUN","BOU,EVE",BOU-CRY-EVE-LIV-NFO,5,1+1+1+1+1,0,2.4583,100.0,18.8,-0.1615,2.491505,False,
ARS-CRY-LIV-NFO-SUN,5,1+1+1+1+1,1,2.6364,2.4,2.83,0.1232,2,"ARS,SUN","BOU,EVE",BOU-CRY-EVE-LIV-NFO,5,1+1+1+1+1,0,2.4583,100.0,18.8,-0.1615,2.491505,False,
ARS-EVE-LEE-MCI-SUN,5,1+1+1+1+1,1,2.6364,2.6,2.67,-0.05,2,"ARS,SUN","COV,FUL",COV-EVE-FUL-LEE-MCI,5,1+1+1+1+1,0,2.4583,100.0,6.2,-0.1523,2.491505,False,
ARS-CHE-EVE-MCI-SUN,5,1+1+1+1+1,1,2.6364,2.6,2.67,0.0634,2,"ARS,SUN","LIV,NEW",CHE-EVE-LIV-MCI-NEW,5,1+1+1+1+1,0,2.4583,100.0,12.5,-0.1204,2.491505,False,
BHA-CRY-LIV-NFO-SUN,5,1+1+1+1+1,1,2.6364,2.6,2.67,0.1232,2,"BHA,SUN","BOU,EVE",BOU-CRY-EVE-LIV-NFO,5,1+1+1+1+1,0,2.4583,100.0,18.8,-0.1615,2.491505,False,
EVE-EVE-LIV-MCI-SUN,4,2+1+1+1,1,2.6364,2.8,2.5,-0.3,2,"EVE,SUN","COV,NEW",COV-EVE-LIV-MCI-NEW,5,1+1+1+1+1,0,2.4583,100.0,18.8,-0.102,2.491505,False,
EVE-LEE-MCI-MCI-SUN,4,2+1+1+1,1,2.6364,2.8,2.5,-0.3,2,"MCI,SUN","COV,FUL",COV-EVE-FUL-LEE-MCI,5,1+1+1+1+1,0,2.4583,100.0,6.2,-0.1523,2.491505,False,
BRE-EVE-LEE-MCI-SUN,5,1+1+1+1+1,1,2.6364,2.8,2.5,-0.2,2,"BRE,SUN","COV,FUL",COV-EVE-FUL-LEE-MCI,5,1+1+1+1+1,0,2.4583,100.0,6.2,-0.1523,2.491505,False,
EVE-LEE-LIV-MCI-SUN,5,1+1+1+1+1,1,2.6364,2.8,2.5,-0.2,2,"LEE,SUN","COV,NEW",COV-EVE-LIV-MCI-NEW,5,1+1+1+1+1,0,2.4583,100.0,18.8,-0.102,2.491505,False,
AVL-EVE-LEE-LIV-SUN,5,1+1+1+1+1,1,2.6364,2.8,2.5,-0.1866,2,"EVE,SUN","CHE,NFO",AVL-CHE-LEE-LIV-NFO,5,1+1+1+1+1,0,2.4583,100.0,18.8,-0.0971,2.491505,False,
AVL-EVE-LEE-MCI-SUN,5,1+1+1+1+1,1,2.6364,2.8,2.5,-0.1866,2,"EVE,SUN","COV,FUL",AVL-COV-FUL-LEE-MCI,5,1+1+1+1+1,0,2.4583,100.0,6.2,-0.201,2.491505,False,
BHA-EVE-LEE-MCI-SUN,5,1+1+1+1+1,1,2.6364,2.8,2.5,-0.1866,2,"BHA,SUN","COV,FUL",COV-EVE-FUL-LEE-MCI,5,1+1+1+1+1,0,2.4583,100.0,6.2,-0.1523,2.491505,False,
CHE-CRY-LEE-LIV-SUN,5,1+1+1+1+1,1,2.6364,2.8,2.5,-0.1756,2,"CRY,SUN","AVL,NFO",AVL-CHE-LEE-LIV-NFO,5,1+1+1+1+1,0,2.4583,100.0,18.8,-0.0971,2.491505,False,
AVL-CHE-CRY-LEE-SUN,5,1+1+1+1+1,1,2.6364,2.8,2.5,-0.1293,2,"CRY,SUN","LIV,NFO",AVL-CHE-LEE-LIV-NFO,5,1+1+1+1+1,0,2.4583,100.0,18.8,-0.0971,2.491505,False,
AVL-LEE-LEE-LIV-SUN,4,2+1+1+1,1,2.6364,2.8,2.5,-0.1,2,"LEE,SUN","CHE,NFO",AVL-CHE-LEE-LIV-NFO,5,1+1+1+1+1,0,2.4583,100.0,18.8,-0.0971,2.491505,False,
AVL-LEE-LEE-MCI-SUN,4,2+1+1+1,1,2.6364,2.8,2.5,-0.1,2,"LEE,SUN","COV,FUL",AVL-COV-FUL-LEE-MCI,5,1+1+1+1+1,0,2.4583,100.0,6.2,-0.201,2.491505,False,
CHE-LEE-LEE-LIV-SUN,4,2+1+1+1,1,2.6364,2.8,2.5,-0.1,2,"LEE,SUN","AVL,NFO",AVL-CHE-LEE-LIV-NFO,5,1+1+1+1+1,0,2.4583,100.0,18.8,-0.0971,2.491505,False,
AVL-CHE-LEE-LEE-SUN,4,2+1+1+1,1,2.6364,2.8,2.5,-0.0903,2,"LEE,SUN","LIV,NFO",AVL-CHE-LEE-LIV-NFO,5,1+1+1+1+1,0,2.4583,100.0,18.8,-0.0971,2.491505,False,
EVE-LEE-MCI-TOT-SUN,5,1+1+1+1+1,1,2.6364,2.8,2.5,-0.05,2,"SUN,TOT","COV,FUL",COV-EVE-FUL-LEE-MCI,5,1+1+1+1+1,0,2.4583,100.0,6.2,-0.1523,2.491505,False,
AVL-CRY-LEE-LIV-SUN,5,1+1+1+1+1,1,2.6364,2.8,2.5,-0.0134,2,"CRY,SUN","CHE,NFO",AVL-CHE-LEE-LIV-NFO,5,1+1+1+1+1,0,2.4583,100.0,18.8,-0.0971,2.491505,False,
AVL-CRY-LEE-MCI-SUN,5,1+1+1+1+1,1,2.6364,2.8,2.5,-0.0134,2,"CRY,SUN","COV,FUL",AVL-COV-FUL-LEE-MCI,5,1+1+1+1+1,0,2.4583,100.0,6.2,-0.201,2.491505,False,
CHE-EVE-LEE-MCI-SUN,5,1+1+1+1+1,1,2.6364,2.8,2.5,-0.0055,2,"LEE,SUN","LIV,NEW",CHE-EVE-LIV-MCI-NEW,5,1+1+1+1+1,0,2.4583,100.0,12.5,-0.1204,2.491505,False,
AVL-CHE-EVE-LEE-SUN,5,1+1+1+1+1,1,2.6364,2.8,2.5,0.0176,2,"EVE,SUN","LIV,NFO",AVL-CHE-LEE-LIV-NFO,5,1+1+1+1+1,0,2.4583,100.0,18.8,-0.0971,2.491505,False,
CHE-CHE-EVE-MCI-SUN,4,2+1+1+1,1,2.6364,2.8,2.5,0.089,2,"CHE,SUN","LIV,NEW",CHE-EVE-LIV-MCI-NEW,5,1+1+1+1+1,0,2.4583,100.0,12.5,-0.1204,2.491505,False,
AVL-MUN-NFO-NFO-SUN,4,2+1+1+1,1,2.4545,2.2,2.67,0.0268,2,"NFO,SUN","BOU,LIV",AVL-BOU-LIV-MUN-NFO,5,1+1+1+1+1,0,2.5,100.0,12.5,-0.0977,2.491517,False,
ARS-BHA-NFO-SUN-SUN,4,2+1+1+1,2,2.4545,2.2,2.67,0.0634,2,"ARS,SUN","LIV,TOT",BHA-LIV-NFO-TOT-SUN,5,1+1+1+1+1,1,2.5,100.0,18.8,-0.1476,2.491517,False,
ARS-BHA-MUN-NFO-SUN,5,1+1+1+1+1,1,2.4545,2.2,2.67,0.1634,2,"ARS,MUN","LIV,TOT",BHA-LIV-NFO-TOT-SUN,5,1+1+1+1+1,1,2.5,100.0,18.8,-0.1476,2.491517,False,
ARS-ARS-BRE-LIV-SUN,4,2+1+1+1,1,2.4545,2.4,2.5,-0.2,2,"ARS,BRE","COV,MCI",ARS-COV-LIV-MCI-SUN,5,1+1+1+1+1,1,2.5,100.0,31.2,-0.0733,2.491517,False,
ARS-ARS-BRE-MCI-SUN,4,2+1+1+1,1,2.4545,2.4,2.5,-0.2,2,"ARS,BRE","COV,LIV",ARS-COV-LIV-MCI-SUN,5,1+1+1+1+1,1,2.5,100.0,31.2,-0.0733,2.491517,False,
ARS-ARS-LIV-TOT-SUN,4,2+1+1+1,1,2.4545,2.4,2.5,-0.2,2,"ARS,TOT","COV,MCI",ARS-COV-LIV-MCI-SUN,5,1+1+1+1+1,1,2.5,100.0,31.2,-0.0733,2.491517,False,
ARS-ARS-MCI-TOT-SUN,4,2+1+1+1,1,2.4545,2.4,2.5,-0.2,2,"ARS,TOT","COV,LIV",ARS-COV-LIV-MCI-SUN,5,1+1+1+1+1,1,2.5,100.0,31.2,-0.0733,2.491517,False,
ARS-MCI-MCI-NFO-SUN,4,2+1+1+1,1,2.4545,2.4,2.5,-0.1634,2,"MCI,NFO","COV,LIV",ARS-COV-LIV-MCI-SUN,5,1+1+1+1+1,1,2.5,100.0,31.2,-0.0733,2.491517,False,
ARS-CRY-LIV-SUN-SUN,4,2+1+1+1,2,2.4545,2.4,2.5,-0.15,2,"CRY,SUN","COV,MCI",ARS-COV-LIV-MCI-SUN,5,1+1+1+1+1,1,2.5,100.0,31.2,-0.0733,2.491517,False,
ARS-CRY-MCI-SUN-SUN,4,2+1+1+1,2,2.4545,2.4,2.5,-0.15,2,"CRY,SUN","COV,LIV",ARS-COV-LIV-MCI-SUN,5,1+1+1+1+1,1,2.5,100.0,31.2,-0.0733,2.491517,False,
ARS-LEE-LIV-SUN-SUN,4,2+1+1+1,2,2.4545,2.4,2.5,-0.15,2,"LEE,SUN","COV,MCI",ARS-COV-LIV-MCI-SUN,5,1+1+1+1+1,1,2.5,100.0,31.2,-0.0733,2.491517,False,
ARS-LEE-MCI-SUN-SUN,4,2+1+1+1,2,2.4545,2.4,2.5,-0.15,2,"LEE,SUN","COV,LIV",ARS-COV-LIV-MCI-SUN,5,1+1+1+1+1,1,2.5,100.0,31.2,-0.0733,2.491517,False,
AVL-AVL-MUN-NFO-SUN,4,2+1+1+1,1,2.4545,2.4,2.5,-0.1464,2,"AVL,SUN","BOU,LIV",AVL-BOU-LIV-MUN-NFO,5,1+1+1+1+1,0,2.5,100.0,12.5,-0.0977,2.491517,False,
BHA-BHA-MUN-NFO-SUN,4,2+1+1+1,1,2.4545,2.4,2.5,-0.1464,2,"BHA,MUN","LIV,TOT",BHA-LIV-NFO-TOT-SUN,5,1+1+1+1+1,1,2.5,100.0,18.8,-0.1476,2.491517,False,
BRE-MCI-NFO-NFO-SUN,4,2+1+1+1,1,2.4545,2.4,2.5,-0.1,2,"NFO,NFO","AVL,CHE",AVL-BRE-CHE-MCI-SUN,5,1+1+1+1+1,1,2.5,100.0,18.8,-0.0507,2.491517,False,
ARS-AVL-LEE-SUN-SUN,4,2+1+1+1,2,2.4545,2.4,2.5,-0.0732,2,"ARS,SUN","CHE,TOT",AVL-CHE-LEE-TOT-SUN,5,1+1+1+1+1,1,2.5,100.0,12.5,-0.132,2.491517,False,
ARS-BHA-LEE-SUN-SUN,4,2+1+1+1,2,2.4545,2.4,2.5,-0.0732,2,"ARS,SUN","COV,MCI",BHA-COV-LEE-MCI-SUN,5,1+1+1+1+1,1,2.5,100.0,18.8,-0.1462,2.491517,False,
ARS-BRE-MCI-NFO-SUN,5,1+1+1+1+1,1,2.4545,2.4,2.5,-0.0634,2,"BRE,NFO","COV,LIV",ARS-COV-LIV-MCI-SUN,5,1+1+1+1+1,1,2.5,100.0,31.2,-0.0733,2.491517,False,
ARS-CRY-LIV-MUN-SUN,5,1+1+1+1+1,1,2.4545,2.4,2.5,-0.05,2,"CRY,MUN","COV,MCI",ARS-COV-LIV-MCI-SUN,5,1+1+1+1+1,1,2.5,100.0,31.2,-0.0733,2.491517,False,
ARS-CRY-MCI-MUN-SUN,5,1+1+1+1+1,1,2.4545,2.4,2.5,-0.05,2,"CRY,MUN","COV,LIV",ARS-COV-LIV-MCI-SUN,5,1+1+1+1+1,1,2.5,100.0,31.2,-0.0733,2.491517,False,
ARS-LEE-LIV-MUN-SUN,5,1+1+1+1+1,1,2.4545,2.4,2.5,-0.05,2,"LEE,MUN","COV,MCI",ARS-COV-LIV-MCI-SUN,5,1+1+1+1+1,1,2.5,100.0,31.2,-0.0733,2.491517,False,
ARS-LEE-MCI-MUN-SUN,5,1+1+1+1+1,1,2.4545,2.4,2.5,-0.05,2,"LEE,MUN","COV,LIV",ARS-COV-LIV-MCI-SUN,5,1+1+1+1+1,1,2.5,100.0,31.2,-0.0733,2.491517,False,
ARS-AVL-LEE-MUN-SUN,5,1+1+1+1+1,1,2.4545,2.4,2.5,0.0268,2,"ARS,MUN","CHE,TOT",AVL-CHE-LEE-TOT-SUN,5,1+1+1+1+1,1,2.5,100.0,12.5,-0.132,2.491517,False,
ARS-BHA-LEE-MUN-SUN,5,1+1+1+1+1,1,2.4545,2.4,2.5,0.0268,2,"ARS,MUN","COV,MCI",BHA-COV-LEE-MCI-SUN,5,1+1+1+1+1,1,2.5,100.0,18.8,-0.1462,2.491517,False,
ARS-LEE-TOT-SUN-SUN,4,2+1+1+1,2,2.4545,2.4,2.5,0.15,2,"ARS,SUN","CHE,NFO",CHE-LEE-NFO-TOT-SUN,5,1+1+1+1+1,1,2.5,100.0,12.5,-0.1726,2.491517,False,
ARS-LEE-MUN-TOT-SUN,5,1+1+1+1+1,1,2.4545,2.4,2.5,0.25,2,"ARS,MUN","CHE,NFO",CHE-LEE-NFO-TOT-SUN,5,1+1+1+1+1,1,2.5,100.0,12.5,-0.1726,2.491517,False,
ARS-CHE-LEE-SUN-SUN,4,2+1+1+1,2,2.4545,2.4,2.5,0.3079,2,"ARS,SUN","NFO,TOT",CHE-LEE-NFO-TOT-SUN,5,1+1+1+1+1,1,2.5,100.0,12.5,-0.1726,2.491517,False,
LEE-MUN-MUN-TOT-SUN,4,2+1+1+1,1,2.4545,2.4,2.5,0.35,2,"MUN,MUN","CHE,NFO",CHE-LEE-NFO-TOT-SUN,5,1+1+1+1+1,1,2.5,100.0,12.5,-0.1726,2.491517,False,
LEE-MUN-TOT-SUN-SUN,4,2+1+1+1,2,2.4545,2.4,2.5,0.35,2,"MUN,SUN","CHE,NFO",CHE-LEE-NFO-TOT-SUN,5,1+1+1+1+1,1,2.5,100.0,12.5,-0.1726,2.491517,False,
ARS-CHE-LEE-MUN-SUN,5,1+1+1+1+1,1,2.4545,2.4,2.5,0.4079,2,"ARS,MUN","NFO,TOT",CHE-LEE-NFO-TOT-SUN,5,1+1+1+1+1,1,2.5,100.0,12.5,-0.1726,2.491517,False,
ARS-EVE-TOT-SUN-SUN,4,2+1+1+1,2,2.4545,2.4,2.5,0.45,2,"ARS,SUN","COV,NFO",COV-EVE-NFO-TOT-SUN,5,1+1+1+1+1,1,2.5,100.0,18.8,-0.1462,2.491517,False,
CHE-LEE-MUN-MUN-SUN,4,2+1+1+1,1,2.4545,2.4,2.5,0.4835,2,"MUN,MUN","NFO,TOT",CHE-LEE-NFO-TOT-SUN,5,1+1+1+1+1,1,2.5,100.0,12.5,-0.1726,2.491517,False,
CHE-LEE-MUN-SUN-SUN,4,2+1+1+1,2,2.4545,2.4,2.5,0.4835,2,"MUN,SUN","NFO,TOT",CHE-LEE-NFO-TOT-SUN,5,1+1+1+1+1,1,2.5,100.0,12.5,-0.1726,2.491517,False,
ARS-EVE-MUN-TOT-SUN,5,1+1+1+1+1,1,2.4545,2.4,2.5,0.55,2,"ARS,MUN","COV,NFO",COV-EVE-NFO-TOT-SUN,5,1+1+1+1+1,1,2.5,100.0,18.8,-0.1462,2.491517,False,
EVE-MUN-MUN-TOT-SUN,4,2+1+1+1,1,2.4545,2.4,2.5,0.7,2,"MUN,MUN","COV,NFO",COV-EVE-NFO-TOT-SUN,5,1+1+1+1+1,1,2.5,100.0,18.8,-0.1462,2.491517,False,
EVE-MUN-TOT-SUN-SUN,4,2+1+1+1,2,2.4545,2.4,2.5,0.7,2,"MUN,SUN","COV,NFO",COV-EVE-NFO-TOT-SUN,5,1+1+1+1+1,1,2.5,100.0,18.8,-0.1462,2.491517,False,
ARS-LIV-LIV-TOT-SUN,4,2+1+1+1,1,2.4545,2.6,2.33,-0.35,2,"LIV,TOT","COV,MCI",ARS-COV-LIV-MCI-SUN,5,1+1+1+1+1,1,2.5,100.0,31.2,-0.0733,2.491517,False,
ARS-MCI-MCI-TOT-SUN,4,2+1+1+1,1,2.4545,2.6,2.33,-0.35,2,"MCI,TOT","COV,LIV",ARS-COV-LIV-MCI-SUN,5,1+1+1+1+1,1,2.5,100.0,31.2,-0.0733,2.491517,False,
ARS-BRE-BRE-CHE-SUN,4,2+1+1+1,1,2.4545,2.6,2.33,-0.3256,2,"ARS,BRE","AVL,MCI",AVL-BRE-CHE-MCI-SUN,5,1+1+1+1+1,1,2.5,100.0,18.8,-0.0507,2.491517,False,
BRE-CRY-LIV-SUN-SUN,4,2+1+1+1,2,2.4545,2.6,2.33,-0.3,2,"BRE,SUN","BHA,MCI",BHA-CRY-LIV-MCI-SUN,5,1+1+1+1+1,1,2.5,100.0,18.8,-0.1215,2.491517,False,
BRE-CRY-MCI-SUN-SUN,4,2+1+1+1,2,2.4545,2.6,2.33,-0.3,2,"SUN,SUN","AVL,FUL",AVL-BRE-CRY-FUL-MCI,5,1+1+1+1+1,0,2.5,100.0,18.8,-0.1524,2.491517,False,
BRE-LEE-MCI-SUN-SUN,4,2+1+1+1,2,2.4545,2.6,2.33,-0.3,2,"BRE,SUN","BHA,COV",BHA-COV-LEE-MCI-SUN,5,1+1+1+1+1,1,2.5,100.0,18.8,-0.1462,2.491517,False,
CRY-LIV-LIV-MUN-SUN,4,2+1+1+1,1,2.4545,2.6,2.33,-0.3,2,"LIV,MUN","BHA,MCI",BHA-CRY-LIV-MCI-SUN,5,1+1+1+1+1,1,2.5,100.0,18.8,-0.1215,2.491517,False,
CRY-LIV-TOT-SUN-SUN,4,2+1+1+1,2,2.4545,2.6,2.33,-0.3,2,"CRY,SUN","BHA,NFO",BHA-LIV-NFO-TOT-SUN,5,1+1+1+1+1,1,2.5,100.0,18.8,-0.1476,2.491517,False,
CRY-MCI-MCI-MUN-SUN,4,2+1+1+1,1,2.4545,2.6,2.33,-0.3,2,"MCI,MUN","BHA,LIV",BHA-CRY-LIV-MCI-SUN,5,1+1+1+1+1,1,2.5,100.0,18.8,-0.1215,2.491517,False,
CRY-MCI-TOT-SUN-SUN,4,2+1+1+1,2,2.4545,2.6,2.33,-0.3,2,"SUN,SUN","FUL,IPS",CRY-FUL-IPS-MCI-TOT,5,1+1+1+1+1,0,2.5,100.0,18.8,-0.1406,2.491517,False,
EVE-LIV-LIV-MUN-SUN,4,2+1+1+1,1,2.4545,2.6,2.33,-0.3,2,"LIV,SUN","BOU,COV",BOU-COV-EVE-LIV-MUN,5,1+1+1+1+1,0,2.5,100.0,12.5,-0.1613,2.491517,False,
LEE-MCI-MCI-MUN-SUN,4,2+1+1+1,1,2.4545,2.6,2.33,-0.3,2,"MCI,MUN","BHA,COV",BHA-COV-LEE-MCI-SUN,5,1+1+1+1+1,1,2.5,100.0,18.8,-0.1462,2.491517,False,
AVL-BRE-LEE-SUN-SUN,4,2+1+1+1,2,2.4545,2.6,2.33,-0.2866,2,"SUN,SUN","AVL,COV",AVL-AVL-BRE-COV-LEE,4,2+1+1+1,0,2.5,100.0,18.8,-0.1548,2.491517,False,
BRE-BHA-LEE-SUN-SUN,4,2+1+1+1,2,2.4545,2.6,2.33,-0.2866,2,"BRE,SUN","COV,MCI",BHA-COV-LEE-MCI-SUN,5,1+1+1+1+1,1,2.5,100.0,18.8,-0.1462,2.491517,False,
AVL-BRE-EVE-SUN-SUN,4,2+1+1+1,2,2.4545,2.6,2.33,-0.2732,2,"EVE,SUN","CHE,MCI",AVL-BRE-CHE-MCI-SUN,5,1+1+1+1+1,1,2.5,100.0,18.8,-0.0507,2.491517,False,
AVL-CRY-TOT-SUN-SUN,4,2+1+1+1,2,2.4545,2.6,2.33,-0.2732,2,"SUN,SUN","FUL,LEE",AVL-CRY-FUL-LEE-TOT,5,1+1+1+1+1,0,2.5,100.0,12.5,-0.1346,2.491517,False,
BHA-CRY-TOT-SUN-SUN,4,2+1+1+1,2,2.4545,2.6,2.33,-0.2732,2,"CRY,SUN","LIV,NFO",BHA-LIV-NFO-TOT-SUN,5,1+1+1+1+1,1,2.5,100.0,18.8,-0.1476,2.491517,False,
AVL-BRE-CRY-SUN-SUN,4,2+1+1+1,2,2.4545,2.6,2.33,-0.25,2,"SUN,SUN","FUL,MCI",AVL-BRE-CRY-FUL-MCI,5,1+1+1+1+1,0,2.5,100.0,18.8,-0.1524,2.491517,False,
BRE-BHA-CRY-SUN-SUN,4,2+1+1+1,2,2.4545,2.6,2.33,-0.25,2,"BRE,SUN","LIV,MCI",BHA-CRY-LIV-MCI-SUN,5,1+1+1+1+1,1,2.5,100.0,18.8,-0.1215,2.491517,False,
BHA-BHA-LEE-MUN-SUN,4,2+1+1+1,1,2.4545,2.6,2.33,-0.2464,2,"BHA,MUN","COV,MCI",BHA-COV-LEE-MCI-SUN,5,1+1+1+1+1,1,2.5,100.0,18.8,-0.1462,2.491517,False,
BRE-CHE-CRY-SUN-SUN,4,2+1+1+1,2,2.4545,2.6,2.33,-0.2311,2,"CRY,SUN","AVL,MCI",AVL-BRE-CHE-MCI-SUN,5,1+1+1+1+1,1,2.5,100.0,18.8,-0.0507,2.491517,False,
ARS-AVL-TOT-TOT-SUN,4,2+1+1+1,1,2.4545,2.6,2.33,-0.2098,2,"ARS,TOT","CHE,LEE",AVL-CHE-LEE-TOT-SUN,5,1+1+1+1+1,1,2.5,100.0,12.5,-0.132,2.491517,False,
ARS-BHA-TOT-TOT-SUN,4,2+1+1+1,1,2.4545,2.6,2.33,-0.2098,2,"ARS,TOT","LIV,NFO",BHA-LIV-NFO-TOT-SUN,5,1+1+1+1+1,1,2.5,100.0,18.8,-0.1476,2.491517,False,
ARS-BRE-BRE-LIV-SUN,4,2+1+1+1,1,2.4545,2.6,2.33,-0.2,2,"BRE,BRE","COV,MCI",ARS-COV-LIV-MCI-SUN,5,1+1+1+1+1,1,2.5,100.0,31.2,-0.0733,2.491517,False,
ARS-BRE-BRE-MCI-SUN,4,2+1+1+1,1,2.4545,2.6,2.33,-0.2,2,"BRE,BRE","COV,LIV",ARS-COV-LIV-MCI-SUN,5,1+1+1+1+1,1,2.5,100.0,31.2,-0.0733,2.491517,False,
ARS-BRE-LIV-LIV-SUN,4,2+1+1+1,1,2.4545,2.6,2.33,-0.2,2,"BRE,LIV","COV,MCI",ARS-COV-LIV-MCI-SUN,5,1+1+1+1+1,1,2.5,100.0,31.2,-0.0733,2.491517,False,
ARS-BRE-MCI-MCI-SUN,4,2+1+1+1,1,2.4545,2.6,2.33,-0.2,2,"BRE,MCI","COV,LIV",ARS-COV-LIV-MCI-SUN,5,1+1+1+1+1,1,2.5,100.0,31.2,-0.0733,2.491517,False,
ARS-LIV-TOT-TOT-SUN,4,2+1+1+1,1,2.4545,2.6,2.33,-0.2,2,"TOT,TOT","COV,MCI",ARS-COV-LIV-MCI-SUN,5,1+1+1+1+1,1,2.5,100.0,31.2,-0.0733,2.491517,False,
ARS-MCI-TOT-TOT-SUN,4,2+1+1+1,1,2.4545,2.6,2.33,-0.2,2,"TOT,TOT","COV,LIV",ARS-COV-LIV-MCI-SUN,5,1+1+1+1+1,1,2.5,100.0,31.2,-0.0733,2.491517,False,
BRE-CRY-LIV-MUN-SUN,5,1+1+1+1+1,1,2.4545,2.6,2.33,-0.2,2,"BRE,MUN","BHA,MCI",BHA-CRY-LIV-MCI-SUN,5,1+1+1+1+1,1,2.5,100.0,18.8,-0.1215,2.491517,False,
BRE-CRY-MCI-MUN-SUN,5,1+1+1+1+1,1,2.4545,2.6,2.33,-0.2,2,"MUN,SUN","AVL,FUL",AVL-BRE-CRY-FUL-MCI,5,1+1+1+1+1,0,2.5,100.0,18.8,-0.1524,2.491517,False,
BRE-EVE-LIV-MUN-SUN,5,1+1+1+1+1,1,2.4545,2.6,2.33,-0.2,2,"BRE,SUN","BOU,COV",BOU-COV-EVE-LIV-MUN,5,1+1+1+1+1,0,2.5,100.0,12.5,-0.1613,2.491517,False,
BRE-LEE-MCI-MUN-SUN,5,1+1+1+1+1,1,2.4545,2.6,2.33,-0.2,2,"BRE,MUN","BHA,COV",BHA-COV-LEE-MCI-SUN,5,1+1+1+1+1,1,2.5,100.0,18.8,-0.1462,2.491517,False,
CRY-LIV-MUN-TOT-SUN,5,1+1+1+1+1,1,2.4545,2.6,2.33,-0.2,2,"CRY,MUN","BHA,NFO",BHA-LIV-NFO-TOT-SUN,5,1+1+1+1+1,1,2.5,100.0,18.8,-0.1476,2.491517,False,
CRY-MCI-MUN-TOT-SUN,5,1+1+1+1+1,1,2.4545,2.6,2.33,-0.2,2,"MUN,SUN","FUL,IPS",CRY-FUL-IPS-MCI-TOT,5,1+1+1+1+1,0,2.5,100.0,18.8,-0.1406,2.491517,False,
AVL-BRE-LEE-MUN-SUN,5,1+1+1+1+1,1,2.4545,2.6,2.33,-0.1866,2,"MUN,SUN","AVL,COV",AVL-AVL-BRE-COV-LEE,4,2+1+1+1,0,2.5,100.0,18.8,-0.1548,2.491517,False,
BRE-BHA-LEE-MUN-SUN,5,1+1+1+1+1,1,2.4545,2.6,2.33,-0.1866,2,"BRE,MUN","COV,MCI",BHA-COV-LEE-MCI-SUN,5,1+1+1+1+1,1,2.5,100.0,18.8,-0.1462,2.491517,False,
ARS-BRE-BHA-CHE-SUN,5,1+1+1+1+1,1,2.4545,2.6,2.33,-0.1793,2,"ARS,BRE","COV,MCI",BHA-CHE-COV-MCI-SUN,5,1+1+1+1+1,1,2.5,100.0,18.8,-0.106,2.491517,False,
AVL-BRE-EVE-MUN-SUN,5,1+1+1+1+1,1,2.4545,2.6,2.33,-0.1732,2,"EVE,MUN","CHE,MCI",AVL-BRE-CHE-MCI-SUN,5,1+1+1+1+1,1,2.5,100.0,18.8,-0.0507,2.491517,False,
AVL-CRY-MUN-TOT-SUN,5,1+1+1+1+1,1,2.4545,2.6,2.33,-0.1732,2,"MUN,SUN","FUL,LEE",AVL-CRY-FUL-LEE-TOT,5,1+1+1+1+1,0,2.5,100.0,12.5,-0.1346,2.491517,False,
AVL-EVE-LIV-MUN-SUN,5,1+1+1+1+1,1,2.4545,2.6,2.33,-0.1732,2,"AVL,SUN","BOU,COV",BOU-COV-EVE-LIV-MUN,5,1+1+1+1+1,0,2.5,100.0,12.5,-0.1613,2.491517,False,
BHA-CRY-MUN-TOT-SUN,5,1+1+1+1+1,1,2.4545,2.6,2.33,-0.1732,2,"CRY,MUN","LIV,NFO",BHA-LIV-NFO-TOT-SUN,5,1+1+1+1+1,1,2.5,100.0,18.8,-0.1476,2.491517,False,
AVL-CHE-CRY-SUN-SUN,4,2+1+1+1,2,2.4545,2.6,2.33,-0.1714,2,"CRY,SUN","BRE,MCI",AVL-BRE-CHE-MCI-SUN,5,1+1+1+1+1,1,2.5,100.0,18.8,-0.0507,2.491517,False,
BHA-CHE-CRY-SUN-SUN,4,2+1+1+1,2,2.4545,2.6,2.33,-0.1714,2,"CHE,SUN","LIV,MCI",BHA-CRY-LIV-MCI-SUN,5,1+1+1+1+1,1,2.5,100.0,18.8,-0.1215,2.491517,False,
ARS-AVL-BRE-BRE-SUN,4,2+1+1+1,1,2.4545,2.6,2.33,-0.1634,2,"ARS,BRE","CHE,MCI",AVL-BRE-CHE-MCI-SUN,5,1+1+1+1+1,1,2.5,100.0,18.8,-0.0507,2.491517,False,
BHA-LEE-TOT-SUN-SUN,4,2+1+1+1,2,2.4545,2.6,2.33,-0.1598,2,"LEE,SUN","LIV,NFO",BHA-LIV-NFO-TOT-SUN,5,1+1+1+1+1,1,2.5,100.0,18.8,-0.1476,2.491517,False,
AVL-BRE-CRY-MUN-SUN,5,1+1+1+1+1,1,2.4545,2.6,2.33,-0.15,2,"MUN,SUN","FUL,MCI",AVL-BRE-CRY-FUL-MCI,5,1+1+1+1+1,0,2.5,100.0,18.8,-0.1524,2.491517,False,
BRE-BHA-CRY-MUN-SUN,5,1+1+1+1+1,1,2.4545,2.6,2.33,-0.15,2,"BRE,MUN","LIV,MCI",BHA-CRY-LIV-MCI-SUN,5,1+1+1+1+1,1,2.5,100.0,18.8,-0.1215,2.491517,False,
LEE-LIV-TOT-SUN-SUN,4,2+1+1+1,2,2.4545,2.6,2.33,-0.15,2,"LEE,SUN","BHA,NFO",BHA-LIV-NFO-TOT-SUN,5,1+1+1+1+1,1,2.5,100.0,18.8,-0.1476,2.491517,False,
LEE-MCI-TOT-SUN-SUN,4,2+1+1+1,2,2.4545,2.6,2.33,-0.15,2,"SUN,TOT","BHA,COV",BHA-COV-LEE-MCI-SUN,5,1+1+1+1+1,1,2.5,100.0,18.8,-0.1462,2.491517,False,
BRE-CHE-CRY-MUN-SUN,5,1+1+1+1+1,1,2.4545,2.6,2.33,-0.1311,2,"CRY,MUN","AVL,MCI",AVL-BRE-CHE-MCI-SUN,5,1+1+1+1+1,1,2.5,100.0,18.8,-0.0507,2.491517,False,
BRE-CHE-LEE-SUN-SUN,4,2+1+1+1,2,2.4545,2.6,2.33,-0.1055,2,"LEE,SUN","AVL,MCI",AVL-BRE-CHE-MCI-SUN,5,1+1+1+1+1,1,2.5,100.0,18.8,-0.0507,2.491517,False,
BRE-BRE-MCI-NFO-SUN,4,2+1+1+1,1,2.4545,2.6,2.33,-0.1,2,"BRE,NFO","AVL,CHE",AVL-BRE-CHE-MCI-SUN,5,1+1+1+1+1,1,2.5,100.0,18.8,-0.0507,2.491517,False,
BRE-MCI-MCI-NFO-SUN,4,2+1+1+1,1,2.4545,2.6,2.33,-0.1,2,"MCI,NFO","AVL,CHE",AVL-BRE-CHE-MCI-SUN,5,1+1+1+1+1,1,2.5,100.0,18.8,-0.0507,2.491517,False,
BHA-CHE-LEE-SUN-SUN,4,2+1+1+1,2,2.4545,2.6,2.33,-0.0824,2,"CHE,SUN","COV,MCI",BHA-COV-LEE-MCI-SUN,5,1+1+1+1+1,1,2.5,100.0,18.8,-0.1462,2.491517,False,
AVL-CHE-CRY-MUN-SUN,5,1+1+1+1+1,1,2.4545,2.6,2.33,-0.0714,2,"CRY,MUN","BRE,MCI",AVL-BRE-CHE-MCI-SUN,5,1+1+1+1+1,1,2.5,100.0,18.8,-0.0507,2.491517,False,
BHA-CHE-CRY-MUN-SUN,5,1+1+1+1+1,1,2.4545,2.6,2.33,-0.0714,2,"CHE,MUN","LIV,MCI",BHA-CRY-LIV-MCI-SUN,5,1+1+1+1+1,1,2.5,100.0,18.8,-0.1215,2.491517,False,
BRE-BRE-BHA-NFO-SUN,4,2+1+1+1,1,2.4545,2.6,2.33,-0.0634,2,"BRE,BRE","LIV,TOT",BHA-LIV-NFO-TOT-SUN,5,1+1+1+1+1,1,2.5,100.0,18.8,-0.1476,2.491517,False,
BHA-LEE-MUN-TOT-SUN,5,1+1+1+1+1,1,2.4545,2.6,2.33,-0.0598,2,"LEE,MUN","LIV,NFO",BHA-LIV-NFO-TOT-SUN,5,1+1+1+1+1,1,2.5,100.0,18.8,-0.1476,2.491517,False,
LEE-LIV-MUN-TOT-SUN,5,1+1+1+1+1,1,2.4545,2.6,2.33,-0.05,2,"LEE,MUN","BHA,NFO",BHA-LIV-NFO-TOT-SUN,5,1+1+1+1+1,1,2.5,100.0,18.8,-0.1476,2.491517,False,
LEE-MCI-MUN-TOT-SUN,5,1+1+1+1+1,1,2.4545,2.6,2.33,-0.05,2,"MUN,TOT","BHA,COV",BHA-COV-LEE-MCI-SUN,5,1+1+1+1+1,1,2.5,100.0,18.8,-0.1462,2.491517,False,
AVL-MUN-TOT-TOT-SUN,4,2+1+1+1,1,2.4545,2.6,2.33,-0.0464,2,"MUN,TOT","CHE,LEE",AVL-CHE-LEE-TOT-SUN,5,1+1+1+1+1,1,2.5,100.0,12.5,-0.132,2.491517,False,
BHA-MUN-TOT-TOT-SUN,4,2+1+1+1,1,2.4545,2.6,2.33,-0.0464,2,"MUN,TOT","LIV,NFO",BHA-LIV-NFO-TOT-SUN,5,1+1+1+1+1,1,2.5,100.0,18.8,-0.1476,2.491517,False,
BRE-CHE-LEE-MUN-SUN,5,1+1+1+1+1,1,2.4545,2.6,2.33,-0.0055,2,"LEE,MUN","AVL,MCI",AVL-BRE-CHE-MCI-SUN,5,1+1+1+1+1,1,2.5,100.0,18.8,-0.0507,2.491517,False,
LIV-MUN-TOT-TOT-SUN,4,2+1+1+1,1,2.4545,2.6,2.33,0.0,2,"MUN,TOT","BHA,NFO",BHA-LIV-NFO-TOT-SUN,5,1+1+1+1+1,1,2.5,100.0,18.8,-0.1476,2.491517,False,
MCI-MUN-TOT-TOT-SUN,4,2+1+1+1,1,2.4545,2.6,2.33,0.0,2,"MUN,TOT","CHE,IPS",CHE-IPS-MCI-TOT-SUN,5,1+1+1+1+1,1,2.5,100.0,18.8,-0.1399,2.491517,False,
AVL-EVE-TOT-SUN-SUN,4,2+1+1+1,2,2.4545,2.6,2.33,0.0036,2,"AVL,SUN","COV,NFO",COV-EVE-NFO-TOT-SUN,5,1+1+1+1+1,1,2.5,100.0,18.8,-0.1462,2.491517,False,
BHA-EVE-TOT-SUN-SUN,4,2+1+1+1,2,2.4545,2.6,2.33,0.0036,2,"EVE,SUN","LIV,NFO",BHA-LIV-NFO-TOT-SUN,5,1+1+1+1+1,1,2.5,100.0,18.8,-0.1476,2.491517,False,
BHA-CHE-LEE-MUN-SUN,5,1+1+1+1+1,1,2.4545,2.6,2.33,0.0176,2,"CHE,MUN","COV,MCI",BHA-COV-LEE-MCI-SUN,5,1+1+1+1+1,1,2.5,100.0,18.8,-0.1462,2.491517,False,
BRE-CHE-CHE-MUN-SUN,4,2+1+1+1,1,2.4545,2.6,2.33,0.089,2,"CHE,MUN","AVL,MCI",AVL-BRE-CHE-MCI-SUN,5,1+1+1+1+1,1,2.5,100.0,18.8,-0.0507,2.491517,False,
AVL-EVE-MUN-TOT-SUN,5,1+1+1+1+1,1,2.4545,2.6,2.33,0.1036,2,"AVL,MUN","COV,NFO",COV-EVE-NFO-TOT-SUN,5,1+1+1+1+1,1,2.5,100.0,18.8,-0.1462,2.491517,False,
BHA-EVE-MUN-TOT-SUN,5,1+1+1+1+1,1,2.4545,2.6,2.33,0.1036,2,"EVE,MUN","LIV,NFO",BHA-LIV-NFO-TOT-SUN,5,1+1+1+1+1,1,2.5,100.0,18.8,-0.1476,2.491517,False,
AVL-CHE-CHE-MUN-SUN,4,2+1+1+1,1,2.4545,2.6,2.33,0.1084,2,"MUN,SUN","NEW,NFO",AVL-CHE-CHE-NEW-NFO,4,2+1+1+1,0,2.5,100.0,18.8,-0.2301,2.491517,False,
BHA-CHE-CHE-MUN-SUN,4,2+1+1+1,1,2.4545,2.6,2.33,0.1084,2,"CHE,MUN","COV,MCI",BHA-CHE-COV-MCI-SUN,5,1+1+1+1+1,1,2.5,100.0,18.8,-0.106,2.491517,False,
BRE-BRE-BHA-CHE-SUN,4,2+1+1+1,1,2.4545,2.8,2.17,-0.3061,2,"BRE,BRE","COV,MCI",BHA-CHE-COV-MCI-SUN,5,1+1+1+1+1,1,2.5,100.0,18.8,-0.106,2.491517,False,
BRE-BHA-BHA-CHE-SUN,4,2+1+1+1,1,2.4545,2.8,2.17,-0.2964,2,"BHA,BRE","COV,MCI",BHA-CHE-COV-MCI-SUN,5,1+1+1+1+1,1,2.5,100.0,18.8,-0.106,2.491517,False,
BRE-BHA-CHE-CHE-SUN,4,2+1+1+1,1,2.4545,2.8,2.17,-0.2964,2,"BRE,CHE","COV,MCI",BHA-CHE-COV-MCI-SUN,5,1+1+1+1+1,1,2.5,100.0,18.8,-0.106,2.491517,False,
AVL-AVL-LIV-TOT-SUN,4,2+1+1+1,1,2.4545,2.8,2.17,-0.2732,2,"AVL,AVL","BHA,NFO",BHA-LIV-NFO-TOT-SUN,5,1+1+1+1+1,1,2.5,100.0,18.8,-0.1476,2.491517,False,
AVL-AVL-MCI-TOT-SUN,4,2+1+1+1,1,2.4545,2.8,2.17,-0.2732,2,"AVL,AVL","CHE,IPS",CHE-IPS-MCI-TOT-SUN,5,1+1+1+1+1,1,2.5,100.0,18.8,-0.1399,2.491517,False,
AVL-LIV-TOT-TOT-SUN,4,2+1+1+1,1,2.4545,2.8,2.17,-0.2732,2,"AVL,TOT","BHA,NFO",BHA-LIV-NFO-TOT-SUN,5,1+1+1+1+1,1,2.5,100.0,18.8,-0.1476,2.491517,False,
AVL-MCI-TOT-TOT-SUN,4,2+1+1+1,1,2.4545,2.8,2.17,-0.2732,2,"AVL,TOT","CHE,IPS",CHE-IPS-MCI-TOT-SUN,5,1+1+1+1+1,1,2.5,100.0,18.8,-0.1399,2.491517,False,
AVL-LIV-LIV-TOT-SUN,4,2+1+1+1,1,2.4545,2.8,2.17,-0.25,2,"AVL,LIV","BHA,NFO",BHA-LIV-NFO-TOT-SUN,5,1+1+1+1+1,1,2.5,100.0,18.8,-0.1476,2.491517,False,
AVL-MCI-MCI-TOT-SUN,4,2+1+1+1,1,2.4545,2.8,2.17,-0.25,2,"AVL,MCI","CHE,IPS",CHE-IPS-MCI-TOT-SUN,5,1+1+1+1+1,1,2.5,100.0,18.8,-0.1399,2.491517,False,
CHE-EVE-EVE-NFO-SUN,4,2+1+1+1,1,2.7273,2.6,2.83,0.4507,2,"EVE,SUN","BOU,LIV",BOU-CHE-EVE-LIV-NFO,5,1+1+1+1+1,0,2.4375,100.0,25.0,-0.0785,2.491531,False,
CHE-EVE-EVE-LIV-SUN,4,2+1+1+1,1,2.7273,2.8,2.67,0.089,2,"EVE,SUN","BOU,NFO",BOU-CHE-EVE-LIV-NFO,5,1+1+1+1+1,0,2.4375,100.0,25.0,-0.0785,2.491531,False,
ARS-NFO-NFO-TOT-SUN,4,2+1+1+1,1,2.5455,2.2,2.83,0.05,2,"ARS,SUN","BOU,CHE",BOU-CHE-NFO-NFO-TOT,4,2+1+1+1,0,2.4792,100.0,18.8,-0.1349,2.491561,False,
ARS-ARS-LIV-NFO-SUN,4,2+1+1+1,1,2.5455,2.2,2.83,0.0732,2,"ARS,ARS","BOU,CHE",BOU-CHE-LIV-NFO-SUN,5,1+1+1+1+1,1,2.4792,100.0,18.8,-0.0575,2.491561,False,
ARS-LIV-NFO-NFO-SUN,4,2+1+1+1,1,2.5455,2.2,2.83,0.0732,2,"ARS,SUN","BHA,BOU",BOU-BHA-LIV-NFO-NFO,4,2+1+1+1,0,2.4792,100.0,25.0,-0.147,2.491561,False,
ARS-ARS-NFO-TOT-SUN,4,2+1+1+1,1,2.5455,2.2,2.83,0.1366,2,"ARS,ARS","BOU,CHE",BOU-CHE-NFO-TOT-SUN,5,1+1+1+1+1,1,2.4792,100.0,12.5,-0.1412,2.491561,False,
ARS-CHE-NFO-NFO-SUN,4,2+1+1+1,1,2.5455,2.2,2.83,0.2711,2,"ARS,SUN","BOU,LIV",BOU-CHE-LIV-NFO-NFO,4,2+1+1+1,0,2.4792,100.0,25.0,-0.0743,2.491561,False,
AVL-NFO-NFO-TOT-SUN,4,2+1+1+1,1,2.5455,2.4,2.67,-0.1964,2,"AVL,SUN","BOU,CHE",BOU-CHE-NFO-NFO-TOT,4,2+1+1+1,0,2.4792,100.0,18.8,-0.1349,2.491561,False,
BHA-NFO-NFO-TOT-SUN,4,2+1+1+1,1,2.5455,2.4,2.67,-0.1964,2,"SUN,TOT","BOU,LIV",BOU-BHA-LIV-NFO-NFO,4,2+1+1+1,0,2.4792,100.0,25.0,-0.147,2.491561,False,
ARS-ARS-AVL-LIV-SUN,4,2+1+1+1,1,2.5455,2.4,2.67,-0.1,2,"ARS,SUN","BOU,COV",ARS-AVL-BOU-COV-LIV,5,1+1+1+1+1,0,2.4792,100.0,12.5,-0.124,2.491561,False,
ARS-ARS-AVL-MCI-SUN,4,2+1+1+1,1,2.5455,2.4,2.67,-0.1,2,"ARS,SUN","COV,LIV",ARS-AVL-COV-LIV-MCI,5,1+1+1+1+1,0,2.4792,100.0,12.5,-0.0988,2.491561,False,
ARS-ARS-BHA-LIV-SUN,4,2+1+1+1,1,2.5455,2.4,2.67,-0.1,2,"ARS,ARS","COV,MCI",BHA-COV-LIV-MCI-SUN,5,1+1+1+1+1,1,2.4792,100.0,25.0,-0.1292,2.491561,False,
ARS-ARS-BHA-MCI-SUN,4,2+1+1+1,1,2.5455,2.4,2.67,-0.1,2,"ARS,ARS","COV,LIV",BHA-COV-LIV-MCI-SUN,5,1+1+1+1+1,1,2.4792,100.0,25.0,-0.1292,2.491561,False,
BRE-EVE-NFO-NFO-SUN,4,2+1+1+1,1,2.5455,2.4,2.67,-0.1,2,"BRE,NFO","BOU,COV",BOU-COV-EVE-NFO-SUN,5,1+1+1+1+1,1,2.4792,100.0,31.2,-0.0867,2.491561,False,
EVE-MCI-NFO-NFO-SUN,4,2+1+1+1,1,2.5455,2.4,2.67,-0.1,2,"MCI,NFO","BOU,COV",BOU-COV-EVE-NFO-SUN,5,1+1+1+1+1,1,2.4792,100.0,31.2,-0.0867,2.491561,False,
ARS-AVL-NFO-TOT-SUN,5,1+1+1+1+1,1,2.5455,2.4,2.67,-0.0732,2,"ARS,SUN","CHE,FUL",AVL-CHE-FUL-NFO-TOT,5,1+1+1+1+1,0,2.4792,100.0,12.5,-0.1683,2.491561,False,
ARS-BHA-NFO-TOT-SUN,5,1+1+1+1+1,1,2.5455,2.4,2.67,-0.0732,2,"ARS,BHA","BOU,CHE",BOU-CHE-NFO-TOT-SUN,5,1+1+1+1+1,1,2.4792,100.0,12.5,-0.1412,2.491561,False,
ARS-ARS-CHE-LIV-SUN,4,2+1+1+1,1,2.5455,2.4,2.67,-0.0622,2,"ARS,ARS","BOU,NFO",BOU-CHE-LIV-NFO-SUN,5,1+1+1+1+1,1,2.4792,100.0,18.8,-0.0575,2.491561,False,
ARS-ARS-CHE-MCI-SUN,4,2+1+1+1,1,2.5455,2.4,2.67,-0.0622,2,"ARS,ARS","COV,EVE",CHE-COV-EVE-MCI-SUN,5,1+1+1+1+1,1,2.4792,100.0,12.5,-0.1133,2.491561,False,
BHA-CHE-NFO-NFO-SUN,4,2+1+1+1,1,2.5455,2.4,2.67,-0.0558,1,SUN,BOU,BOU-BHA-CHE-NFO-NFO,4,2+1+1+1,0,2.4792,100.0,18.8,-0.1158,2.491561,False,
AVL-CRY-NFO-SUN-SUN,4,2+1+1+1,2,2.5455,2.4,2.67,-0.05,2,"SUN,SUN","LIV,MCI",AVL-CRY-LIV-MCI-NFO,5,1+1+1+1+1,0,2.4792,93.8,18.8,-0.0758,2.491561,False,
BHA-CRY-NFO-SUN-SUN,4,2+1+1+1,2,2.5455,2.4,2.67,-0.05,2,"SUN,SUN","LIV,MCI",BHA-CRY-LIV-MCI-NFO,5,1+1+1+1+1,0,2.4792,100.0,25.0,-0.0977,2.491561,False,
AVL-BRE-NFO-NFO-SUN,4,2+1+1+1,1,2.5455,2.4,2.67,0.0,2,"NFO,SUN","BOU,COV",AVL-BOU-BRE-COV-NFO,5,1+1+1+1+1,0,2.4792,100.0,18.8,-0.14,2.491561,False,
BRE-BHA-NFO-NFO-SUN,4,2+1+1+1,1,2.5455,2.4,2.67,0.0,2,"BRE,SUN","BOU,LIV",BOU-BHA-LIV-NFO-NFO,4,2+1+1+1,0,2.4792,100.0,25.0,-0.147,2.491561,False,
BHA-LIV-NFO-NFO-SUN,4,2+1+1+1,1,2.5455,2.4,2.67,0.0,1,SUN,BOU,BOU-BHA-LIV-NFO-NFO,4,2+1+1+1,0,2.4792,100.0,25.0,-0.147,2.491561,False,
BHA-MCI-NFO-NFO-SUN,4,2+1+1+1,1,2.5455,2.4,2.67,0.0,2,"MCI,SUN","BOU,LIV",BOU-BHA-LIV-NFO-NFO,4,2+1+1+1,0,2.4792,100.0,25.0,-0.147,2.491561,False,
EVE-NFO-NFO-TOT-SUN,4,2+1+1+1,1,2.5455,2.4,2.67,0.0268,2,"NFO,TOT","BOU,COV",BOU-COV-EVE-NFO-SUN,5,1+1+1+1+1,1,2.4792,100.0,31.2,-0.0867,2.491561,False,
ARS-AVL-BRE-NFO-SUN,5,1+1+1+1+1,1,2.5455,2.4,2.67,0.0366,2,"ARS,SUN","BOU,COV",AVL-BOU-BRE-COV-NFO,5,1+1+1+1+1,0,2.4792,100.0,18.8,-0.14,2.491561,False,
ARS-BRE-EVE-NFO-SUN,5,1+1+1+1+1,1,2.5455,2.4,2.67,0.0366,2,"ARS,BRE","BOU,COV",BOU-COV-EVE-NFO-SUN,5,1+1+1+1+1,1,2.4792,100.0,31.2,-0.0867,2.491561,False,
ARS-BHA-LIV-NFO-SUN,5,1+1+1+1+1,1,2.5455,2.4,2.67,0.0366,2,"ARS,SUN","BOU,NFO",BOU-BHA-LIV-NFO-NFO,4,2+1+1+1,0,2.4792,100.0,25.0,-0.147,2.491561,False,
ARS-BHA-MCI-NFO-SUN,5,1+1+1+1+1,1,2.5455,2.4,2.67,0.0366,2,"ARS,NFO","COV,LIV",BHA-COV-LIV-MCI-SUN,5,1+1+1+1+1,1,2.4792,100.0,25.0,-0.1292,2.491561,False,
ARS-EVE-MCI-NFO-SUN,5,1+1+1+1+1,1,2.5455,2.4,2.67,0.0366,2,"ARS,MCI","BOU,COV",BOU-COV-EVE-NFO-SUN,5,1+1+1+1+1,1,2.4792,100.0,31.2,-0.0867,2.491561,False,
BHA-CRY-MUN-NFO-SUN,5,1+1+1+1+1,1,2.5455,2.4,2.67,0.05,2,"MUN,SUN","LIV,MCI",BHA-CRY-LIV-MCI-NFO,5,1+1+1+1+1,0,2.4792,100.0,25.0,-0.0977,2.491561,False,
ARS-BHA-CHE-NFO-SUN,5,1+1+1+1+1,1,2.5455,2.4,2.67,0.0825,2,"ARS,BHA","BOU,COV",BOU-CHE-COV-NFO-SUN,5,1+1+1+1+1,1,2.4792,100.0,25.0,-0.0616,2.491561,False,
ARS-EVE-NFO-TOT-SUN,5,1+1+1+1+1,1,2.5455,2.4,2.67,0.25,2,"ARS,TOT","BOU,COV",BOU-COV-EVE-NFO-SUN,5,1+1+1+1+1,1,2.4792,100.0,31.2,-0.0867,2.491561,False,
ARS-ARS-CHE-TOT-SUN,4,2+1+1+1,1,2.5455,2.4,2.67,0.2579,2,"ARS,ARS","BOU,NFO",BOU-CHE-NFO-TOT-SUN,5,1+1+1+1+1,1,2.4792,100.0,12.5,-0.1412,2.491561,False,
ARS-CHE-CHE-NFO-SUN,4,2+1+1+1,1,2.5455,2.4,2.67,0.2979,2,"ARS,CHE","BOU,COV",BOU-CHE-COV-NFO-SUN,5,1+1+1+1+1,1,2.4792,100.0,25.0,-0.0616,2.491561,False,
EVE-EVE-MUN-NFO-SUN,4,2+1+1+1,1,2.5455,2.4,2.67,0.5,2,"EVE,MUN","BOU,COV",BOU-COV-EVE-NFO-SUN,5,1+1+1+1+1,1,2.4792,100.0,31.2,-0.0867,2.491561,False,
ARS-CHE-EVE-SUN-SUN,4,2+1+1+1,2,2.5455,2.4,2.67,0.6524,2,"ARS,SUN","COV,MCI",CHE-COV-EVE-MCI-SUN,5,1+1+1+1+1,1,2.4792,100.0,12.5,-0.1133,2.491561,False,
ARS-CHE-EVE-MUN-SUN,5,1+1+1+1+1,1,2.5455,2.4,2.67,0.7524,2,"ARS,MUN","COV,MCI",CHE-COV-EVE-MCI-SUN,5,1+1+1+1+1,1,2.4792,100.0,12.5,-0.1133,2.491561,False,
ARS-EVE-LIV-LIV-SUN,4,2+1+1+1,1,2.5455,2.6,2.5,-0.3,2,"LIV,SUN","BOU,COV",ARS-BOU-COV-EVE-LIV,5,1+1+1+1+1,0,2.4792,100.0,18.8,-0.0922,2.491561,False,
ARS-EVE-MCI-MCI-SUN,4,2+1+1+1,1,2.5455,2.6,2.5,-0.3,2,"ARS,MCI","CHE,COV",CHE-COV-EVE-MCI-SUN,5,1+1+1+1+1,1,2.4792,100.0,12.5,-0.1133,2.491561,False,
BRE-BRE-EVE-NFO-SUN,4,2+1+1+1,1,2.5455,2.6,2.5,-0.3,2,"BRE,BRE","BOU,COV",BOU-COV-EVE-NFO-SUN,5,1+1+1+1+1,1,2.4792,100.0,31.2,-0.0867,2.491561,False,
EVE-MCI-MCI-NFO-SUN,4,2+1+1+1,1,2.5455,2.6,2.5,-0.3,2,"MCI,MCI","BOU,COV",BOU-COV-EVE-NFO-SUN,5,1+1+1+1+1,1,2.4792,100.0,31.2,-0.0867,2.491561,False,
AVL-AVL-NFO-TOT-SUN,4,2+1+1+1,1,2.5455,2.6,2.5,-0.283,2,"AVL,SUN","CHE,FUL",AVL-CHE-FUL-NFO-TOT,5,1+1+1+1+1,0,2.4792,100.0,12.5,-0.1683,2.491561,False,
BHA-BHA-NFO-TOT-SUN,4,2+1+1+1,1,2.5455,2.6,2.5,-0.283,2,"BHA,BHA","BOU,CHE",BOU-CHE-NFO-TOT-SUN,5,1+1+1+1+1,1,2.4792,100.0,12.5,-0.1412,2.491561,False,
CRY-NFO-TOT-TOT-SUN,4,2+1+1+1,1,2.5455,2.6,2.5,-0.2366,2,"SUN,TOT","BOU,FUL",BOU-CRY-FUL-NFO-TOT,5,1+1+1+1+1,0,2.4792,100.0,18.8,-0.177,2.491561,False,
BHA-BHA-CHE-NFO-SUN,4,2+1+1+1,1,2.5455,2.6,2.5,-0.2078,2,"BHA,BHA","BOU,COV",BOU-CHE-COV-NFO-SUN,5,1+1+1+1+1,1,2.4792,100.0,25.0,-0.0616,2.491561,False,
ARS-AVL-AVL-CHE-SUN,4,2+1+1+1,1,2.5455,2.6,2.5,-0.2062,2,"ARS,SUN","COV,LEE",AVL-AVL-CHE-COV-LEE,4,2+1+1+1,0,2.4792,100.0,31.2,-0.1583,2.491561,False,
ARS-BRE-EVE-LIV-SUN,5,1+1+1+1+1,1,2.5455,2.6,2.5,-0.2,2,"BRE,SUN","BOU,COV",ARS-BOU-COV-EVE-LIV,5,1+1+1+1+1,0,2.4792,100.0,18.8,-0.0922,2.491561,False,
ARS-BRE-EVE-MCI-SUN,5,1+1+1+1+1,1,2.5455,2.6,2.5,-0.2,2,"ARS,BRE","CHE,COV",CHE-COV-EVE-MCI-SUN,5,1+1+1+1+1,1,2.4792,100.0,12.5,-0.1133,2.491561,False,
BRE-EVE-MCI-NFO-SUN,5,1+1+1+1+1,1,2.5455,2.6,2.5,-0.2,2,"BRE,MCI","BOU,COV",BOU-COV-EVE-NFO-SUN,5,1+1+1+1+1,1,2.4792,100.0,31.2,-0.0867,2.491561,False,
CRY-MCI-NFO-TOT-SUN,5,1+1+1+1+1,1,2.5455,2.6,2.5,-0.2,2,"SUN,TOT","BHA,LIV",BHA-CRY-LIV-MCI-NFO,5,1+1+1+1+1,0,2.4792,100.0,25.0,-0.0977,2.491561,False,
ARS-LEE-LIV-MCI-SUN,5,1+1+1+1+1,1,2.5455,2.6,2.5,-0.15,2,"ARS,LEE","BHA,COV",BHA-COV-LIV-MCI-SUN,5,1+1+1+1+1,1,2.4792,100.0,25.0,-0.1292,2.491561,False,
ARS-AVL-EVE-LIV-SUN,5,1+1+1+1+1,1,2.5455,2.6,2.5,-0.1366,2,"AVL,SUN","BOU,COV",ARS-BOU-COV-EVE-LIV,5,1+1+1+1+1,0,2.4792,100.0,18.8,-0.0922,2.491561,False,
ARS-AVL-EVE-MCI-SUN,5,1+1+1+1+1,1,2.5455,2.6,2.5,-0.1366,2,"ARS,AVL","CHE,COV",CHE-COV-EVE-MCI-SUN,5,1+1+1+1+1,1,2.4792,100.0,12.5,-0.1133,2.491561,False,
ARS-BHA-EVE-LIV-SUN,5,1+1+1+1+1,1,2.5455,2.6,2.5,-0.1366,2,"ARS,EVE","COV,MCI",BHA-COV-LIV-MCI-SUN,5,1+1+1+1+1,1,2.4792,100.0,25.0,-0.1292,2.491561,False,
ARS-BHA-EVE-MCI-SUN,5,1+1+1+1+1,1,2.5455,2.6,2.5,-0.1366,2,"ARS,EVE","COV,LIV",BHA-COV-LIV-MCI-SUN,5,1+1+1+1+1,1,2.4792,100.0,25.0,-0.1292,2.491561,False,
AVL-BRE-EVE-NFO-SUN,5,1+1+1+1+1,1,2.5455,2.6,2.5,-0.1366,2,"AVL,BRE","BOU,COV",BOU-COV-EVE-NFO-SUN,5,1+1+1+1+1,1,2.4792,100.0,31.2,-0.0867,2.491561,False,
BRE-BHA-EVE-NFO-SUN,5,1+1+1+1+1,1,2.5455,2.6,2.5,-0.1366,2,"BHA,BRE","BOU,COV",BOU-COV-EVE-NFO-SUN,5,1+1+1+1+1,1,2.4792,100.0,31.2,-0.0867,2.491561,False,
BHA-EVE-MCI-NFO-SUN,5,1+1+1+1+1,1,2.5455,2.6,2.5,-0.1366,2,"BHA,MCI","BOU,COV",BOU-COV-EVE-NFO-SUN,5,1+1+1+1+1,1,2.4792,100.0,31.2,-0.0867,2.491561,False,
EVE-MCI-NFO-TOT-SUN,5,1+1+1+1+1,1,2.5455,2.6,2.5,-0.1366,2,"MCI,TOT","BOU,COV",BOU-COV-EVE-NFO-SUN,5,1+1+1+1+1,1,2.4792,100.0,31.2,-0.0867,2.491561,False,
ARS-AVL-LEE-TOT-SUN,5,1+1+1+1+1,1,2.5455,2.6,2.5,-0.1232,2,"ARS,SUN","CHE,FUL",AVL-CHE-FUL-LEE-TOT,5,1+1+1+1+1,0,2.4792,100.0,18.8,-0.1553,2.491561,False,
BRE-CHE-CRY-NFO-SUN,5,1+1+1+1+1,1,2.5455,2.6,2.5,-0.1217,2,"BRE,CRY","BOU,COV",BOU-CHE-COV-NFO-SUN,5,1+1+1+1+1,1,2.4792,100.0,25.0,-0.0616,2.491561,False,
ARS-CHE-CRY-LIV-SUN,5,1+1+1+1+1,1,2.5455,2.6,2.5,-0.1067,2,"ARS,CRY","BOU,NFO",BOU-CHE-LIV-NFO-SUN,5,1+1+1+1+1,1,2.4792,100.0,18.8,-0.0575,2.491561,False,
ARS-CHE-CRY-MCI-SUN,5,1+1+1+1+1,1,2.5455,2.6,2.5,-0.1067,2,"ARS,CRY","COV,EVE",CHE-COV-EVE-MCI-SUN,5,1+1+1+1+1,1,2.4792,100.0,12.5,-0.1133,2.491561,False,
ARS-AVL-AVL-LIV-SUN,4,2+1+1+1,1,2.5455,2.6,2.5,-0.1,2,"AVL,SUN","BOU,COV",ARS-AVL-BOU-COV-LIV,5,1+1+1+1+1,0,2.4792,100.0,12.5,-0.124,2.491561,False,
ARS-AVL-AVL-MCI-SUN,4,2+1+1+1,1,2.5455,2.6,2.5,-0.1,2,"AVL,SUN","COV,LIV",ARS-AVL-COV-LIV-MCI,5,1+1+1+1+1,0,2.4792,100.0,12.5,-0.0988,2.491561,False,
ARS-BHA-BHA-LIV-SUN,4,2+1+1+1,1,2.5455,2.6,2.5,-0.1,2,"ARS,BHA","COV,MCI",BHA-COV-LIV-MCI-SUN,5,1+1+1+1+1,1,2.4792,100.0,25.0,-0.1292,2.491561,False,
ARS-BHA-BHA-MCI-SUN,4,2+1+1+1,1,2.5455,2.6,2.5,-0.1,2,"ARS,BHA","COV,LIV",BHA-COV-LIV-MCI-SUN,5,1+1+1+1+1,1,2.4792,100.0,25.0,-0.1292,2.491561,False,
ARS-BHA-LEE-LIV-SUN,5,1+1+1+1+1,1,2.5455,2.6,2.5,-0.1,2,"ARS,LEE","COV,MCI",BHA-COV-LIV-MCI-SUN,5,1+1+1+1+1,1,2.4792,100.0,25.0,-0.1292,2.491561,False,
ARS-BHA-LEE-MCI-SUN,5,1+1+1+1+1,1,2.5455,2.6,2.5,-0.1,2,"ARS,LEE","COV,LIV",BHA-COV-LIV-MCI-SUN,5,1+1+1+1+1,1,2.4792,100.0,25.0,-0.1292,2.491561,False,
AVL-EVE-NFO-TOT-SUN,5,1+1+1+1+1,1,2.5455,2.6,2.5,-0.0964,2,"AVL,TOT","BOU,COV",BOU-COV-EVE-NFO-SUN,5,1+1+1+1+1,1,2.4792,100.0,31.2,-0.0867,2.491561,False,
BHA-EVE-NFO-TOT-SUN,5,1+1+1+1+1,1,2.5455,2.6,2.5,-0.0964,2,"BHA,TOT","BOU,COV",BOU-COV-EVE-NFO-SUN,5,1+1+1+1+1,1,2.4792,100.0,31.2,-0.0867,2.491561,False,
ARS-CHE-LEE-MCI-SUN,5,1+1+1+1+1,1,2.5455,2.6,2.5,-0.0811,2,"ARS,LEE","COV,EVE",CHE-COV-EVE-MCI-SUN,5,1+1+1+1+1,1,2.4792,100.0,12.5,-0.1133,2.491561,False,
CRY-MCI-MCI-NFO-SUN,4,2+1+1+1,1,2.5455,2.6,2.5,-0.0634,2,"MCI,SUN","BHA,LIV",BHA-CRY-LIV-MCI-NFO,5,1+1+1+1+1,0,2.4792,100.0,25.0,-0.0977,2.491561,False,
ARS-CHE-CHE-LIV-SUN,4,2+1+1+1,1,2.5455,2.6,2.5,-0.0622,2,"ARS,CHE","BOU,NFO",BOU-CHE-LIV-NFO-SUN,5,1+1+1+1+1,1,2.4792,100.0,18.8,-0.0575,2.491561,False,
ARS-CHE-CHE-MCI-SUN,4,2+1+1+1,1,2.5455,2.6,2.5,-0.0622,2,"ARS,CHE","COV,EVE",CHE-COV-EVE-MCI-SUN,5,1+1+1+1+1,1,2.4792,100.0,12.5,-0.1133,2.491561,False,
AVL-EVE-LEE-SUN-SUN,4,2+1+1+1,2,2.5455,2.6,2.5,-0.0598,2,"SUN,SUN","CHE,COV",AVL-CHE-COV-EVE-LEE,5,1+1+1+1+1,0,2.4792,100.0,12.5,-0.128,2.491561,False,
ARS-CRY-LIV-MCI-SUN,5,1+1+1+1+1,1,2.5455,2.6,2.5,-0.05,2,"ARS,CRY","BHA,COV",BHA-COV-LIV-MCI-SUN,5,1+1+1+1+1,1,2.4792,100.0,25.0,-0.1292,2.491561,False,
ARS-EVE-LIV-TOT-SUN,5,1+1+1+1+1,1,2.5455,2.6,2.5,-0.05,2,"ARS,SUN","NEW,NFO",EVE-LIV-NEW-NFO-TOT,5,1+1+1+1+1,0,2.4792,100.0,25.0,-0.1014,2.491561,False,
ARS-EVE-MCI-TOT-SUN,5,1+1+1+1+1,1,2.5455,2.6,2.5,-0.05,2,"ARS,TOT","CHE,COV",CHE-COV-EVE-MCI-SUN,5,1+1+1+1+1,1,2.4792,100.0,12.5,-0.1133,2.491561,False,
AVL-AVL-BRE-NFO-SUN,4,2+1+1+1,1,2.5455,2.6,2.5,0.0,2,"AVL,SUN","BOU,COV",AVL-BOU-BRE-COV-NFO,5,1+1+1+1+1,0,2.4792,100.0,18.8,-0.14,2.491561,False,
BHA-BHA-LIV-NFO-SUN,4,2+1+1+1,1,2.5455,2.6,2.5,0.0,2,"BHA,SUN","BOU,NFO",BOU-BHA-LIV-NFO-NFO,4,2+1+1+1,0,2.4792,100.0,25.0,-0.147,2.491561,False,
BHA-BHA-MCI-NFO-SUN,4,2+1+1+1,1,2.5455,2.6,2.5,0.0,2,"BHA,NFO","COV,LIV",BHA-COV-LIV-MCI-SUN,5,1+1+1+1+1,1,2.4792,100.0,25.0,-0.1292,2.491561,False,
CHE-CHE-CRY-NFO-SUN,4,2+1+1+1,1,2.5455,2.6,2.5,0.0089,2,"CHE,CRY","BOU,COV",BOU-CHE-COV-NFO-SUN,5,1+1+1+1+1,1,2.4792,100.0,25.0,-0.0616,2.491561,False,
BRE-CRY-MCI-NFO-SUN,5,1+1+1+1+1,1,2.5455,2.6,2.5,0.0366,2,"BRE,SUN","BHA,LIV",BHA-CRY-LIV-MCI-NFO,5,1+1+1+1+1,0,2.4792,100.0,25.0,-0.0977,2.491561,False,
AVL-EVE-LEE-MUN-SUN,5,1+1+1+1+1,1,2.5455,2.6,2.5,0.0402,2,"MUN,SUN","CHE,COV",AVL-CHE-COV-EVE-LEE,5,1+1+1+1+1,0,2.4792,100.0,12.5,-0.128,2.491561,False,
ARS-CHE-CRY-TOT-SUN,5,1+1+1+1+1,1,2.5455,2.6,2.5,0.0634,2,"ARS,CRY","BOU,NFO",BOU-CHE-NFO-TOT-SUN,5,1+1+1+1+1,1,2.4792,100.0,12.5,-0.1412,2.491561,False,
CHE-CRY-TOT-SUN-SUN,4,2+1+1+1,2,2.5455,2.6,2.5,0.089,2,"CRY,SUN","BOU,NFO",BOU-CHE-NFO-TOT-SUN,5,1+1+1+1+1,1,2.4792,100.0,12.5,-0.1412,2.491561,False,
EVE-EVE-MCI-MUN-SUN,4,2+1+1+1,1,2.5455,2.6,2.5,0.1,2,"EVE,MUN","CHE,COV",CHE-COV-EVE-MCI-SUN,5,1+1+1+1+1,1,2.4792,100.0,12.5,-0.1133,2.491561,False,
EVE-NFO-TOT-TOT-SUN,4,2+1+1+1,1,2.5455,2.6,2.5,0.1268,2,"TOT,TOT","BOU,COV",BOU-COV-EVE-NFO-SUN,5,1+1+1+1+1,1,2.4792,100.0,31.2,-0.0867,2.491561,False,
CHE-CRY-MUN-TOT-SUN,5,1+1+1+1+1,1,2.5455,2.6,2.5,0.189,2,"CRY,MUN","BOU,NFO",BOU-CHE-NFO-TOT-SUN,5,1+1+1+1+1,1,2.4792,100.0,12.5,-0.1412,2.491561,False,
ARS-CHE-LEE-TOT-SUN,5,1+1+1+1+1,1,2.5455,2.6,2.5,0.239,2,"ARS,SUN","AVL,FUL",AVL-CHE-FUL-LEE-TOT,5,1+1+1+1+1,0,2.4792,100.0,18.8,-0.1553,2.491561,False,
ARS-CHE-TOT-TOT-SUN,4,2+1+1+1,1,2.5455,2.6,2.5,0.3146,2,"ARS,TOT","BOU,NFO",BOU-CHE-NFO-TOT-SUN,5,1+1+1+1+1,1,2.4792,100.0,12.5,-0.1412,2.491561,False,
EVE-LEE-TOT-SUN-SUN,4,2+1+1+1,2,2.5455,2.6,2.5,0.35,2,"SUN,SUN","CHE,FUL",CHE-EVE-FUL-LEE-TOT,5,1+1+1+1+1,0,2.4792,100.0,12.5,-0.1443,2.491561,False,
CHE-LEE-TOT-SUN-SUN,4,2+1+1+1,2,2.5455,2.6,2.5,0.3646,2,"SUN,SUN","AVL,FUL",AVL-CHE-FUL-LEE-TOT,5,1+1+1+1+1,0,2.4792,100.0,18.8,-0.1553,2.491561,False,
EVE-LEE-MUN-TOT-SUN,5,1+1+1+1+1,1,2.5455,2.6,2.5,0.45,2,"MUN,SUN","CHE,FUL",CHE-EVE-FUL-LEE-TOT,5,1+1+1+1+1,0,2.4792,100.0,12.5,-0.1443,2.491561,False,
CHE-LEE-MUN-TOT-SUN,5,1+1+1+1+1,1,2.5455,2.6,2.5,0.4646,2,"MUN,SUN","AVL,FUL",AVL-CHE-FUL-LEE-TOT,5,1+1+1+1+1,0,2.4792,100.0,18.8,-0.1553,2.491561,False,
CHE-EVE-LEE-SUN-SUN,4,2+1+1+1,2,2.5455,2.6,2.5,0.4835,2,"SUN,SUN","COV,FUL",CHE-COV-EVE-FUL-LEE,5,1+1+1+1+1,0,2.4792,100.0,18.8,-0.1356,2.491561,False,
CHE-EVE-LEE-MUN-SUN,5,1+1+1+1+1,1,2.5455,2.6,2.5,0.5835,2,"MUN,SUN","COV,FUL",CHE-COV-EVE-FUL-LEE,5,1+1+1+1+1,0,2.4792,100.0,18.8,-0.1356,2.491561,False,
CHE-MUN-TOT-TOT-SUN,4,2+1+1+1,1,2.5455,2.6,2.5,0.6402,2,"MUN,TOT","BOU,NFO",BOU-CHE-NFO-TOT-SUN,5,1+1+1+1+1,1,2.4792,100.0,12.5,-0.1412,2.491561,False,
CHE-EVE-TOT-SUN-SUN,4,2+1+1+1,2,2.5455,2.6,2.5,0.7091,2,"SUN,SUN","FUL,LEE",CHE-EVE-FUL-LEE-TOT,5,1+1+1+1+1,0,2.4792,100.0,12.5,-0.1443,2.491561,False,
CHE-CHE-MUN-TOT-SUN,4,2+1+1+1,1,2.5455,2.6,2.5,0.7292,2,"CHE,MUN","BOU,NFO",BOU-CHE-NFO-TOT-SUN,5,1+1+1+1+1,1,2.4792,100.0,12.5,-0.1412,2.491561,False,
CHE-EVE-MUN-TOT-SUN,5,1+1+1+1+1,1,2.5455,2.6,2.5,0.8091,2,"MUN,SUN","FUL,LEE",CHE-EVE-FUL-LEE-TOT,5,1+1+1+1+1,0,2.4792,100.0,12.5,-0.1443,2.491561,False,
CHE-CRY-LIV-LIV-SUN,4,2+1+1+1,1,2.5455,2.8,2.33,-0.3201,2,"CRY,LIV","BOU,NFO",BOU-CHE-LIV-NFO-SUN,5,1+1+1+1+1,1,2.4792,100.0,18.8,-0.0575,2.491561,False,
CHE-CRY-MCI-MCI-SUN,4,2+1+1+1,1,2.5455,2.8,2.33,-0.3201,2,"CRY,MCI","COV,EVE",CHE-COV-EVE-MCI-SUN,5,1+1+1+1+1,1,2.4792,100.0,12.5,-0.1133,2.491561,False,
AVL-EVE-LIV-LIV-SUN,4,2+1+1+1,1,2.5455,2.8,2.33,-0.3,2,"AVL,LIV","COV,MCI",COV-EVE-LIV-MCI-SUN,5,1+1+1+1+1,1,2.4792,93.8,25.0,-0.1259,2.491561,False,
AVL-EVE-MCI-MCI-SUN,4,2+1+1+1,1,2.5455,2.8,2.33,-0.3,2,"AVL,MCI","CHE,COV",CHE-COV-EVE-MCI-SUN,5,1+1+1+1+1,1,2.4792,100.0,12.5,-0.1133,2.491561,False,
BRE-BRE-CHE-EVE-SUN,4,2+1+1+1,1,2.5455,2.8,2.33,-0.3,2,"BRE,BRE","COV,MCI",CHE-COV-EVE-MCI-SUN,5,1+1+1+1+1,1,2.4792,100.0,12.5,-0.1133,2.491561,False,
BRE-BRE-EVE-MCI-SUN,4,2+1+1+1,1,2.5455,2.8,2.33,-0.3,2,"BRE,BRE","CHE,COV",CHE-COV-EVE-MCI-SUN,5,1+1+1+1+1,1,2.4792,100.0,12.5,-0.1133,2.491561,False,
BRE-EVE-MCI-MCI-SUN,4,2+1+1+1,1,2.5455,2.8,2.33,-0.3,2,"BRE,MCI","CHE,COV",CHE-COV-EVE-MCI-SUN,5,1+1+1+1+1,1,2.4792,100.0,12.5,-0.1133,2.491561,False,
BHA-EVE-LIV-LIV-SUN,4,2+1+1+1,1,2.5455,2.8,2.33,-0.3,2,"EVE,LIV","COV,MCI",BHA-COV-LIV-MCI-SUN,5,1+1+1+1+1,1,2.4792,100.0,25.0,-0.1292,2.491561,False,
BHA-EVE-MCI-MCI-SUN,4,2+1+1+1,1,2.5455,2.8,2.33,-0.3,2,"EVE,MCI","COV,LIV",BHA-COV-LIV-MCI-SUN,5,1+1+1+1+1,1,2.4792,100.0,25.0,-0.1292,2.491561,False,
EVE-LIV-LIV-TOT-SUN,4,2+1+1+1,1,2.5455,2.8,2.33,-0.3,2,"LIV,SUN","NEW,NFO",EVE-LIV-NEW-NFO-TOT,5,1+1+1+1+1,0,2.4792,100.0,25.0,-0.1014,2.491561,False,
EVE-MCI-MCI-TOT-SUN,4,2+1+1+1,1,2.5455,2.8,2.33,-0.3,2,"MCI,TOT","CHE,COV",CHE-COV-EVE-MCI-SUN,5,1+1+1+1+1,1,2.4792,100.0,12.5,-0.1133,2.491561,False,
AVL-AVL-LEE-TOT-SUN,4,2+1+1+1,1,2.5455,2.8,2.33,-0.2964,2,"SUN,TOT","CHE,COV",AVL-AVL-CHE-COV-LEE,4,2+1+1+1,0,2.4792,100.0,31.2,-0.1583,2.491561,False,
CHE-LEE-MCI-MCI-SUN,4,2+1+1+1,1,2.5455,2.8,2.33,-0.2945,2,"LEE,MCI","COV,EVE",CHE-COV-EVE-MCI-SUN,5,1+1+1+1+1,1,2.4792,100.0,12.5,-0.1133,2.491561,False,
AVL-AVL-EVE-LIV-SUN,4,2+1+1+1,1,2.5455,2.8,2.33,-0.2732,2,"EVE,SUN","COV,LEE",AVL-AVL-COV-LEE-LIV,4,2+1+1+1,0,2.4792,93.8,31.2,-0.1293,2.491561,False,
AVL-AVL-EVE-MCI-SUN,4,2+1+1+1,1,2.5455,2.8,2.33,-0.2732,2,"AVL,AVL","CHE,COV",CHE-COV-EVE-MCI-SUN,5,1+1+1+1+1,1,2.4792,100.0,12.5,-0.1133,2.491561,False,
BHA-BHA-EVE-LIV-SUN,4,2+1+1+1,1,2.5455,2.8,2.33,-0.2732,2,"BHA,EVE","COV,MCI",BHA-COV-LIV-MCI-SUN,5,1+1+1+1+1,1,2.4792,100.0,25.0,-0.1292,2.491561,False,
BHA-BHA-EVE-MCI-SUN,4,2+1+1+1,1,2.5455,2.8,2.33,-0.2732,2,"BHA,EVE","COV,LIV",BHA-COV-LIV-MCI-SUN,5,1+1+1+1+1,1,2.4792,100.0,25.0,-0.1292,2.491561,False,
AVL-AVL-CHE-EVE-SUN,4,2+1+1+1,1,2.5455,2.8,2.33,-0.2538,2,"EVE,SUN","COV,LEE",AVL-AVL-CHE-COV-LEE,4,2+1+1+1,0,2.4792,100.0,31.2,-0.1583,2.491561,False,
BHA-BHA-CHE-EVE-SUN,4,2+1+1+1,1,2.5455,2.8,2.33,-0.2538,2,"BHA,BHA","COV,MCI",CHE-COV-EVE-MCI-SUN,5,1+1+1+1+1,1,2.4792,100.0,12.5,-0.1133,2.491561,False,
CHE-CHE-CRY-LIV-SUN,4,2+1+1+1,1,2.5455,2.8,2.33,-0.2512,2,"CHE,CRY","BOU,NFO",BOU-CHE-LIV-NFO-SUN,5,1+1+1+1+1,1,2.4792,100.0,18.8,-0.0575,2.491561,False,
CHE-CHE-CRY-MCI-SUN,4,2+1+1+1,1,2.5455,2.8,2.33,-0.2512,2,"CHE,CRY","COV,EVE",CHE-COV-EVE-MCI-SUN,5,1+1+1+1+1,1,2.4792,100.0,12.5,-0.1133,2.491561,False,
AVL-EVE-LIV-TOT-SUN,5,1+1+1+1+1,1,2.5455,2.8,2.33,-0.2232,2,"AVL,SUN","NEW,NFO",EVE-LIV-NEW-NFO-TOT,5,1+1+1+1+1,0,2.4792,100.0,25.0,-0.1014,2.491561,False,
AVL-EVE-MCI-TOT-SUN,5,1+1+1+1+1,1,2.5455,2.8,2.33,-0.2232,2,"AVL,TOT","CHE,COV",CHE-COV-EVE-MCI-SUN,5,1+1+1+1+1,1,2.4792,100.0,12.5,-0.1133,2.491561,False,
BHA-EVE-LIV-TOT-SUN,5,1+1+1+1+1,1,2.5455,2.8,2.33,-0.2232,2,"EVE,TOT","COV,MCI",BHA-COV-LIV-MCI-SUN,5,1+1+1+1+1,1,2.4792,100.0,25.0,-0.1292,2.491561,False,
BHA-EVE-MCI-TOT-SUN,5,1+1+1+1+1,1,2.5455,2.8,2.33,-0.2232,2,"EVE,TOT","COV,LIV",BHA-COV-LIV-MCI-SUN,5,1+1+1+1+1,1,2.4792,100.0,25.0,-0.1292,2.491561,False,
BRE-CHE-CRY-LIV-SUN,5,1+1+1+1+1,1,2.5455,2.8,2.33,-0.2201,2,"BRE,CRY","BOU,NFO",BOU-CHE-LIV-NFO-SUN,5,1+1+1+1+1,1,2.4792,100.0,18.8,-0.0575,2.491561,False,
BRE-CHE-CRY-MCI-SUN,5,1+1+1+1+1,1,2.5455,2.8,2.33,-0.2201,2,"BRE,CRY","COV,EVE",CHE-COV-EVE-MCI-SUN,5,1+1+1+1+1,1,2.4792,100.0,12.5,-0.1133,2.491561,False,
AVL-BRE-EVE-MCI-SUN,5,1+1+1+1+1,1,2.5455,2.8,2.33,-0.2,2,"EVE,SUN","COV,FUL",AVL-BRE-COV-FUL-MCI,5,1+1+1+1+1,0,2.4792,100.0,18.8,-0.1384,2.491561,False,
AVL-CRY-LIV-TOT-SUN,5,1+1+1+1+1,1,2.5455,2.8,2.33,-0.2,2,"SUN,TOT","MCI,NEW",AVL-CRY-LIV-MCI-NEW,5,1+1+1+1+1,0,2.4792,100.0,12.5,-0.1535,2.491561,False,
AVL-CRY-MCI-TOT-SUN,5,1+1+1+1+1,1,2.5455,2.8,2.33,-0.2,2,"SUN,TOT","COV,FUL",AVL-COV-CRY-FUL-MCI,5,1+1+1+1+1,0,2.4792,100.0,18.8,-0.1242,2.491561,False,
BRE-BHA-EVE-LIV-SUN,5,1+1+1+1+1,1,2.5455,2.8,2.33,-0.2,2,"BRE,EVE","COV,MCI",BHA-COV-LIV-MCI-SUN,5,1+1+1+1+1,1,2.4792,100.0,25.0,-0.1292,2.491561,False,
BRE-BHA-EVE-MCI-SUN,5,1+1+1+1+1,1,2.5455,2.8,2.33,-0.2,2,"BRE,EVE","COV,LIV",BHA-COV-LIV-MCI-SUN,5,1+1+1+1+1,1,2.4792,100.0,25.0,-0.1292,2.491561,False,
BHA-CRY-LIV-TOT-SUN,5,1+1+1+1+1,1,2.5455,2.8,2.33,-0.2,2,"CRY,TOT","COV,MCI",BHA-COV-LIV-MCI-SUN,5,1+1+1+1+1,1,2.4792,100.0,25.0,-0.1292,2.491561,False,
BHA-CRY-MCI-TOT-SUN,5,1+1+1+1+1,1,2.5455,2.8,2.33,-0.2,2,"CRY,TOT","COV,LIV",BHA-COV-LIV-MCI-SUN,5,1+1+1+1+1,1,2.4792,100.0,25.0,-0.1292,2.491561,False,
CHE-CRY-LIV-TOT-SUN,5,1+1+1+1+1,1,2.5455,2.8,2.33,-0.2,2,"CRY,TOT","BOU,NFO",BOU-CHE-LIV-NFO-SUN,5,1+1+1+1+1,1,2.4792,100.0,18.8,-0.0575,2.491561,False,
CHE-CRY-MCI-TOT-SUN,5,1+1+1+1+1,1,2.5455,2.8,2.33,-0.2,2,"CRY,SUN","FUL,IPS",CHE-FUL-IPS-MCI-TOT,5,1+1+1+1+1,0,2.4792,100.0,18.8,-0.1129,2.491561,False,
CRY-LIV-MCI-TOT-SUN,5,1+1+1+1+1,1,2.5455,2.8,2.33,-0.2,2,"CRY,TOT","BHA,COV",BHA-COV-LIV-MCI-SUN,5,1+1+1+1+1,1,2.4792,100.0,25.0,-0.1292,2.491561,False,
BHA-CHE-LEE-MCI-SUN,5,1+1+1+1+1,1,2.5455,2.8,2.33,-0.1982,2,"CHE,LEE","COV,LIV",BHA-COV-LIV-MCI-SUN,5,1+1+1+1+1,1,2.4792,100.0,25.0,-0.1292,2.491561,False,
BRE-CHE-LEE-MCI-SUN,5,1+1+1+1+1,1,2.5455,2.8,2.33,-0.1945,2,"BRE,LEE","COV,EVE",CHE-COV-EVE-MCI-SUN,5,1+1+1+1+1,1,2.4792,100.0,12.5,-0.1133,2.491561,False,
AVL-BRE-CHE-EVE-SUN,5,1+1+1+1+1,1,2.5455,2.8,2.33,-0.1903,2,"BRE,SUN","COV,LEE",AVL-CHE-COV-EVE-LEE,5,1+1+1+1+1,0,2.4792,100.0,12.5,-0.128,2.491561,False,
AVL-CHE-CRY-TOT-SUN,5,1+1+1+1+1,1,2.5455,2.8,2.33,-0.1903,2,"CRY,SUN","FUL,LEE",AVL-CHE-FUL-LEE-TOT,5,1+1+1+1+1,0,2.4792,100.0,18.8,-0.1553,2.491561,False,
BRE-BHA-CHE-EVE-SUN,5,1+1+1+1+1,1,2.5455,2.8,2.33,-0.1903,2,"BHA,BRE","COV,MCI",CHE-COV-EVE-MCI-SUN,5,1+1+1+1+1,1,2.4792,100.0,12.5,-0.1133,2.491561,False,
BHA-CHE-CRY-TOT-SUN,5,1+1+1+1+1,1,2.5455,2.8,2.33,-0.1903,2,"BHA,CRY","BOU,NFO",BOU-CHE-NFO-TOT-SUN,5,1+1+1+1+1,1,2.4792,100.0,12.5,-0.1412,2.491561,False,
AVL-BRE-CHE-CRY-SUN,5,1+1+1+1+1,1,2.5455,2.8,2.33,-0.1872,2,"CRY,SUN","BOU,NFO",AVL-BOU-BRE-CHE-NFO,5,1+1+1+1+1,0,2.4792,100.0,6.2,-0.1001,2.491561,False,
BHA-CHE-CRY-LIV-SUN,5,1+1+1+1+1,1,2.5455,2.8,2.33,-0.1872,2,"CHE,CRY","COV,MCI",BHA-COV-LIV-MCI-SUN,5,1+1+1+1+1,1,2.4792,100.0,25.0,-0.1292,2.491561,False,
BHA-CHE-CRY-MCI-SUN,5,1+1+1+1+1,1,2.5455,2.8,2.33,-0.1872,2,"CHE,CRY","COV,LIV",BHA-COV-LIV-MCI-SUN,5,1+1+1+1+1,1,2.4792,100.0,25.0,-0.1292,2.491561,False,
BHA-LEE-LIV-TOT-SUN,5,1+1+1+1+1,1,2.5455,2.8,2.33,-0.1866,2,"LEE,TOT","COV,MCI",BHA-COV-LIV-MCI-SUN,5,1+1+1+1+1,1,2.4792,100.0,25.0,-0.1292,2.491561,False,
BHA-LEE-MCI-TOT-SUN,5,1+1+1+1+1,1,2.5455,2.8,2.33,-0.1866,2,"LEE,TOT","COV,LIV",BHA-COV-LIV-MCI-SUN,5,1+1+1+1+1,1,2.4792,100.0,25.0,-0.1292,2.491561,False,
AVL-LEE-TOT-TOT-SUN,4,2+1+1+1,1,2.5455,2.8,2.33,-0.1598,2,"SUN,TOT","CHE,FUL",AVL-CHE-FUL-LEE-TOT,5,1+1+1+1+1,0,2.4792,100.0,18.8,-0.1553,2.491561,False,
LEE-LIV-MCI-TOT-SUN,5,1+1+1+1+1,1,2.5455,2.8,2.33,-0.15,2,"LEE,TOT","BHA,COV",BHA-COV-LIV-MCI-SUN,5,1+1+1+1+1,1,2.4792,100.0,25.0,-0.1292,2.491561,False,
BHA-LEE-LIV-LIV-SUN,4,2+1+1+1,1,2.5455,2.8,2.33,-0.1134,2,"LEE,LIV","COV,MCI",BHA-COV-LIV-MCI-SUN,5,1+1+1+1+1,1,2.4792,100.0,25.0,-0.1292,2.491561,False,
BHA-LEE-MCI-MCI-SUN,4,2+1+1+1,1,2.5455,2.8,2.33,-0.1134,2,"LEE,MCI","COV,LIV",BHA-COV-LIV-MCI-SUN,5,1+1+1+1+1,1,2.4792,100.0,25.0,-0.1292,2.491561,False,
AVL-AVL-BRE-LEE-SUN,4,2+1+1+1,1,2.5455,2.8,2.33,-0.1,2,"BRE,SUN","CHE,COV",AVL-AVL-CHE-COV-LEE,4,2+1+1+1,0,2.4792,100.0,31.2,-0.1583,2.491561,False,
BHA-BHA-LEE-LIV-SUN,4,2+1+1+1,1,2.5455,2.8,2.33,-0.1,2,"BHA,LEE","COV,MCI",BHA-COV-LIV-MCI-SUN,5,1+1+1+1+1,1,2.4792,100.0,25.0,-0.1292,2.491561,False,
BHA-BHA-LEE-MCI-SUN,4,2+1+1+1,1,2.5455,2.8,2.33,-0.1,2,"BHA,LEE","COV,LIV",BHA-COV-LIV-MCI-SUN,5,1+1+1+1+1,1,2.4792,100.0,25.0,-0.1292,2.491561,False,
CHE-CHE-LEE-MCI-SUN,4,2+1+1+1,1,2.5455,2.8,2.33,-0.1,2,"CHE,LEE","COV,EVE",CHE-COV-EVE-MCI-SUN,5,1+1+1+1+1,1,2.4792,100.0,12.5,-0.1133,2.491561,False,
LEE-LIV-LIV-MCI-SUN,4,2+1+1+1,1,2.5455,2.8,2.33,-0.1,2,"LEE,LIV","BHA,COV",BHA-COV-LIV-MCI-SUN,5,1+1+1+1+1,1,2.4792,100.0,25.0,-0.1292,2.491561,False,
LEE-LIV-MCI-MCI-SUN,4,2+1+1+1,1,2.5455,2.8,2.33,-0.1,2,"LEE,MCI","BHA,COV",BHA-COV-LIV-MCI-SUN,5,1+1+1+1+1,1,2.4792,100.0,25.0,-0.1292,2.491561,False,
BHA-CHE-LEE-TOT-SUN,5,1+1+1+1+1,1,2.5455,2.8,2.33,-0.0513,2,"BHA,SUN","AVL,FUL",AVL-CHE-FUL-LEE-TOT,5,1+1+1+1+1,0,2.4792,100.0,18.8,-0.1553,2.491561,False,
CHE-LEE-MCI-TOT-SUN,5,1+1+1+1+1,1,2.5455,2.8,2.33,-0.0244,2,"MCI,SUN","AVL,FUL",AVL-CHE-FUL-LEE-TOT,5,1+1+1+1+1,0,2.4792,100.0,18.8,-0.1553,2.491561,False,
BRE-BHA-LEE-LIV-SUN,5,1+1+1+1+1,1,2.5455,2.8,2.33,-0.0134,2,"BRE,LEE","COV,MCI",BHA-COV-LIV-MCI-SUN,5,1+1+1+1+1,1,2.4792,100.0,25.0,-0.1292,2.491561,False,
BRE-BHA-LEE-MCI-SUN,5,1+1+1+1+1,1,2.5455,2.8,2.33,-0.0134,2,"BRE,LEE","COV,LIV",BHA-COV-LIV-MCI-SUN,5,1+1+1+1+1,1,2.4792,100.0,25.0,-0.1292,2.491561,False,
BHA-LEE-LIV-MCI-SUN,5,1+1+1+1+1,1,2.5455,2.8,2.33,-0.0134,1,LEE,COV,BHA-COV-LIV-MCI-SUN,5,1+1+1+1+1,1,2.4792,100.0,25.0,-0.1292,2.491561,False,
AVL-CHE-TOT-TOT-SUN,4,2+1+1+1,1,2.5455,2.8,2.33,-0.0123,2,"SUN,TOT","FUL,LEE",AVL-CHE-FUL-LEE-TOT,5,1+1+1+1+1,0,2.4792,100.0,18.8,-0.1553,2.491561,False,
BHA-CHE-TOT-TOT-SUN,4,2+1+1+1,1,2.5455,2.8,2.33,-0.0123,2,"BHA,TOT","BOU,NFO",BOU-CHE-NFO-TOT-SUN,5,1+1+1+1+1,1,2.4792,100.0,12.5,-0.1412,2.491561,False,
BRE-LEE-LIV-MCI-SUN,5,1+1+1+1+1,1,2.5455,2.8,2.33,0.0,2,"BRE,LEE","BHA,COV",BHA-COV-LIV-MCI-SUN,5,1+1+1+1+1,1,2.4792,100.0,25.0,-0.1292,2.491561,False,
CRY-LIV-LIV-MCI-SUN,4,2+1+1+1,1,2.5455,2.8,2.33,0.0,2,"CRY,LIV","BHA,COV",BHA-COV-LIV-MCI-SUN,5,1+1+1+1+1,1,2.4792,100.0,25.0,-0.1292,2.491561,False,
CRY-LIV-MCI-MCI-SUN,4,2+1+1+1,1,2.5455,2.8,2.33,0.0,2,"CRY,MCI","BHA,COV",BHA-COV-LIV-MCI-SUN,5,1+1+1+1+1,1,2.4792,100.0,25.0,-0.1292,2.491561,False,
EVE-LIV-TOT-TOT-SUN,4,2+1+1+1,1,2.5455,2.8,2.33,0.0,2,"SUN,TOT","NEW,NFO",EVE-LIV-NEW-NFO-TOT,5,1+1+1+1+1,0,2.4792,100.0,25.0,-0.1014,2.491561,False,
EVE-MCI-TOT-TOT-SUN,4,2+1+1+1,1,2.5455,2.8,2.33,0.0,2,"TOT,TOT","CHE,COV",CHE-COV-EVE-MCI-SUN,5,1+1+1+1+1,1,2.4792,100.0,12.5,-0.1133,2.491561,False,
AVL-CHE-CHE-TOT-SUN,4,2+1+1+1,1,2.5455,2.8,2.33,0.0206,2,"CHE,SUN","FUL,LEE",AVL-CHE-FUL-LEE-TOT,5,1+1+1+1+1,0,2.4792,100.0,18.8,-0.1553,2.491561,False,
BHA-CHE-CHE-TOT-SUN,4,2+1+1+1,1,2.5455,2.8,2.33,0.0206,2,"BHA,CHE","BOU,NFO",BOU-CHE-NFO-TOT-SUN,5,1+1+1+1+1,1,2.4792,100.0,12.5,-0.1412,2.491561,False,
AVL-CRY-LIV-LIV-SUN,4,2+1+1+1,1,2.5455,2.8,2.33,0.0232,2,"LIV,SUN","MCI,NEW",AVL-CRY-LIV-MCI-NEW,5,1+1+1+1+1,0,2.4792,100.0,12.5,-0.1535,2.491561,False,
AVL-CRY-MCI-MCI-SUN,4,2+1+1+1,1,2.5455,2.8,2.33,0.0232,2,"MCI,SUN","COV,FUL",AVL-COV-CRY-FUL-MCI,5,1+1+1+1+1,0,2.4792,100.0,18.8,-0.1242,2.491561,False,
BHA-CRY-LIV-LIV-SUN,4,2+1+1+1,1,2.5455,2.8,2.33,0.0232,2,"CRY,LIV","COV,MCI",BHA-COV-LIV-MCI-SUN,5,1+1+1+1+1,1,2.4792,100.0,25.0,-0.1292,2.491561,False,
BHA-CRY-MCI-MCI-SUN,4,2+1+1+1,1,2.5455,2.8,2.33,0.0232,2,"CRY,MCI","COV,LIV",BHA-COV-LIV-MCI-SUN,5,1+1+1+1+1,1,2.4792,100.0,25.0,-0.1292,2.491561,False,
CHE-CHE-LIV-TOT-SUN,4,2+1+1+1,1,2.5455,2.8,2.33,0.0512,2,"CHE,TOT","BOU,NFO",BOU-CHE-LIV-NFO-SUN,5,1+1+1+1+1,1,2.4792,100.0,18.8,-0.0575,2.491561,False,
CHE-CHE-MCI-TOT-SUN,4,2+1+1+1,1,2.5455,2.8,2.33,0.0512,2,"CHE,SUN","FUL,IPS",CHE-FUL-IPS-MCI-TOT,5,1+1+1+1+1,0,2.4792,100.0,18.8,-0.1129,2.491561,False,
CHE-LIV-TOT-TOT-SUN,4,2+1+1+1,1,2.5455,2.8,2.33,0.0512,2,"TOT,TOT","BOU,NFO",BOU-CHE-LIV-NFO-SUN,5,1+1+1+1+1,1,2.4792,100.0,18.8,-0.0575,2.491561,False,
CHE-MCI-TOT-TOT-SUN,4,2+1+1+1,1,2.5455,2.8,2.33,0.0512,2,"SUN,TOT","FUL,IPS",CHE-FUL-IPS-MCI-TOT,5,1+1+1+1+1,0,2.4792,100.0,18.8,-0.1129,2.491561,False,
AVL-AVL-BRE-MCI-SUN,4,2+1+1+1,1,2.5455,2.8,2.33,0.0732,2,"AVL,SUN","COV,FUL",AVL-BRE-COV-FUL-MCI,5,1+1+1+1+1,0,2.4792,100.0,18.8,-0.1384,2.491561,False,
AVL-BRE-BRE-MCI-SUN,4,2+1+1+1,1,2.5455,2.8,2.33,0.0732,2,"BRE,SUN","COV,FUL",AVL-BRE-COV-FUL-MCI,5,1+1+1+1+1,0,2.4792,100.0,18.8,-0.1384,2.491561,False,
AVL-BRE-MCI-MCI-SUN,4,2+1+1+1,1,2.5455,2.8,2.33,0.0732,2,"MCI,SUN","COV,FUL",AVL-BRE-COV-FUL-MCI,5,1+1+1+1+1,0,2.4792,100.0,18.8,-0.1384,2.491561,False,
BRE-BRE-BHA-LIV-SUN,4,2+1+1+1,1,2.5455,2.8,2.33,0.0732,2,"BRE,BRE","COV,MCI",BHA-COV-LIV-MCI-SUN,5,1+1+1+1+1,1,2.4792,100.0,25.0,-0.1292,2.491561,False,
BRE-BRE-BHA-MCI-SUN,4,2+1+1+1,1,2.5455,2.8,2.33,0.0732,2,"BRE,BRE","COV,LIV",BHA-COV-LIV-MCI-SUN,5,1+1+1+1+1,1,2.4792,100.0,25.0,-0.1292,2.491561,False,
BRE-BHA-BHA-LIV-SUN,4,2+1+1+1,1,2.5455,2.8,2.33,0.0732,2,"BHA,BRE","COV,MCI",BHA-COV-LIV-MCI-SUN,5,1+1+1+1+1,1,2.4792,100.0,25.0,-0.1292,2.491561,False,
BRE-BHA-BHA-MCI-SUN,4,2+1+1+1,1,2.5455,2.8,2.33,0.0732,2,"BHA,BRE","COV,LIV",BHA-COV-LIV-MCI-SUN,5,1+1+1+1+1,1,2.4792,100.0,25.0,-0.1292,2.491561,False,
BRE-BHA-LIV-LIV-SUN,4,2+1+1+1,1,2.5455,2.8,2.33,0.0732,2,"BRE,LIV","COV,MCI",BHA-COV-LIV-MCI-SUN,5,1+1+1+1+1,1,2.4792,100.0,25.0,-0.1292,2.491561,False,
BRE-BHA-MCI-MCI-SUN,4,2+1+1+1,1,2.5455,2.8,2.33,0.0732,2,"BRE,MCI","COV,LIV",BHA-COV-LIV-MCI-SUN,5,1+1+1+1+1,1,2.4792,100.0,25.0,-0.1292,2.491561,False,
BHA-BHA-LIV-MCI-SUN,4,2+1+1+1,1,2.5455,2.8,2.33,0.0732,1,BHA,COV,BHA-COV-LIV-MCI-SUN,5,1+1+1+1+1,1,2.4792,100.0,25.0,-0.1292,2.491561,False,
BHA-LIV-LIV-MCI-SUN,4,2+1+1+1,1,2.5455,2.8,2.33,0.0732,1,LIV,COV,BHA-COV-LIV-MCI-SUN,5,1+1+1+1+1,1,2.4792,100.0,25.0,-0.1292,2.491561,False,
BHA-LIV-MCI-MCI-SUN,4,2+1+1+1,1,2.5455,2.8,2.33,0.0732,1,MCI,COV,BHA-COV-LIV-MCI-SUN,5,1+1+1+1+1,1,2.4792,100.0,25.0,-0.1292,2.491561,False,
BRE-BRE-LIV-MCI-SUN,4,2+1+1+1,1,2.5455,2.8,2.33,0.1,2,"BRE,BRE","BHA,COV",BHA-COV-LIV-MCI-SUN,5,1+1+1+1+1,1,2.4792,100.0,25.0,-0.1292,2.491561,False,
BRE-CRY-LIV-MCI-SUN,5,1+1+1+1+1,1,2.5455,2.8,2.33,0.1,2,"BRE,CRY","BHA,COV",BHA-COV-LIV-MCI-SUN,5,1+1+1+1+1,1,2.4792,100.0,25.0,-0.1292,2.491561,False,
BRE-LIV-LIV-MCI-SUN,4,2+1+1+1,1,2.5455,2.8,2.33,0.1,2,"BRE,LIV","BHA,COV",BHA-COV-LIV-MCI-SUN,5,1+1+1+1+1,1,2.4792,100.0,25.0,-0.1292,2.491561,False,
BRE-LIV-MCI-MCI-SUN,4,2+1+1+1,1,2.5455,2.8,2.33,0.1,2,"BRE,MCI","BHA,COV",BHA-COV-LIV-MCI-SUN,5,1+1+1+1+1,1,2.4792,100.0,25.0,-0.1292,2.491561,False,
AVL-CHE-EVE-TOT-SUN,5,1+1+1+1+1,1,2.5455,2.8,2.33,0.1066,2,"EVE,SUN","FUL,LEE",AVL-CHE-FUL-LEE-TOT,5,1+1+1+1+1,0,2.4792,100.0,18.8,-0.1553,2.491561,False,
BHA-CHE-EVE-TOT-SUN,5,1+1+1+1+1,1,2.5455,2.8,2.33,0.1066,2,"BHA,SUN","FUL,LEE",CHE-EVE-FUL-LEE-TOT,5,1+1+1+1+1,0,2.4792,100.0,12.5,-0.1443,2.491561,False,
AVL-BRE-CRY-LIV-SUN,5,1+1+1+1+1,1,2.5455,2.8,2.33,0.1232,2,"BRE,SUN","MCI,NEW",AVL-CRY-LIV-MCI-NEW,5,1+1+1+1+1,0,2.4792,100.0,12.5,-0.1535,2.491561,False,
AVL-BRE-CRY-MCI-SUN,5,1+1+1+1+1,1,2.5455,2.8,2.33,0.1232,2,"CRY,SUN","COV,FUL",AVL-BRE-COV-FUL-MCI,5,1+1+1+1+1,0,2.4792,100.0,18.8,-0.1384,2.491561,False,
BRE-BHA-CRY-LIV-SUN,5,1+1+1+1+1,1,2.5455,2.8,2.33,0.1232,2,"BRE,CRY","COV,MCI",BHA-COV-LIV-MCI-SUN,5,1+1+1+1+1,1,2.4792,100.0,25.0,-0.1292,2.491561,False,
BRE-BHA-CRY-MCI-SUN,5,1+1+1+1+1,1,2.5455,2.8,2.33,0.1232,2,"BRE,CRY","COV,LIV",BHA-COV-LIV-MCI-SUN,5,1+1+1+1+1,1,2.4792,100.0,25.0,-0.1292,2.491561,False,
BHA-CRY-LIV-MCI-SUN,5,1+1+1+1+1,1,2.5455,2.8,2.33,0.1232,1,CRY,COV,BHA-COV-LIV-MCI-SUN,5,1+1+1+1+1,1,2.4792,100.0,25.0,-0.1292,2.491561,False,
BRE-BHA-LIV-MCI-SUN,5,1+1+1+1+1,1,2.5455,2.8,2.33,0.1732,1,BRE,COV,BHA-COV-LIV-MCI-SUN,5,1+1+1+1+1,1,2.4792,100.0,25.0,-0.1292,2.491561,False,
ARS-MUN-NFO-NFO-SUN,4,2+1+1+1,1,2.4545,2.0,2.83,0.3732,2,"MUN,NFO","BOU,COV",ARS-BOU-COV-NFO-SUN,5,1+1+1+1+1,1,2.5208,100.0,31.2,-0.0469,2.508439,False,
ARS-ARS-MUN-NFO-SUN,4,2+1+1+1,1,2.4545,2.0,2.83,0.4732,2,"ARS,MUN","BOU,COV",ARS-BOU-COV-NFO-SUN,5,1+1+1+1+1,1,2.5208,100.0,31.2,-0.0469,2.508439,False,
ARS-ARS-AVL-MUN-SUN,4,2+1+1+1,1,2.4545,2.2,2.67,0.1268,2,"ARS,MUN","CHE,MCI",ARS-AVL-CHE-MCI-SUN,5,1+1+1+1+1,1,2.5208,100.0,18.8,-0.0784,2.508439,False,
ARS-ARS-LEE-MUN-SUN,4,2+1+1+1,1,2.4545,2.2,2.67,0.3,2,"ARS,MUN","COV,MCI",ARS-COV-LEE-MCI-SUN,5,1+1+1+1+1,1,2.5208,100.0,12.5,-0.1559,2.508439,False,
ARS-ARS-CHE-MUN-SUN,4,2+1+1+1,1,2.4545,2.2,2.67,0.5268,2,"ARS,MUN","AVL,MCI",ARS-AVL-CHE-MCI-SUN,5,1+1+1+1+1,1,2.5208,100.0,18.8,-0.0784,2.508439,False,
ARS-BRE-BRE-NFO-SUN,4,2+1+1+1,1,2.4545,2.4,2.5,-0.1634,2,"BRE,BRE","BOU,COV",ARS-BOU-COV-NFO-SUN,5,1+1+1+1+1,1,2.5208,100.0,31.2,-0.0469,2.508439,False,
ARS-BRE-CRY-SUN-SUN,4,2+1+1+1,2,2.4545,2.4,2.5,-0.15,2,"BRE,SUN","LIV,MCI",ARS-CRY-LIV-MCI-SUN,5,1+1+1+1+1,1,2.5208,100.0,12.5,-0.1074,2.508439,False,
ARS-BRE-LEE-SUN-SUN,4,2+1+1+1,2,2.4545,2.4,2.5,-0.15,2,"BRE,SUN","COV,MCI",ARS-COV-LEE-MCI-SUN,5,1+1+1+1+1,1,2.5208,100.0,12.5,-0.1559,2.508439,False,
ARS-AVL-AVL-MUN-SUN,4,2+1+1+1,1,2.4545,2.4,2.5,-0.1464,2,"AVL,MUN","CHE,MCI",ARS-AVL-CHE-MCI-SUN,5,1+1+1+1+1,1,2.5208,100.0,18.8,-0.0784,2.508439,False,
BRE-CRY-MUN-NFO-SUN,5,1+1+1+1+1,1,2.4545,2.4,2.5,-0.0634,2,"BRE,SUN","BOU,LIV",BOU-CRY-LIV-MUN-NFO,5,1+1+1+1+1,0,2.5208,100.0,18.8,-0.1221,2.508439,False,
ARS-BRE-CRY-MUN-SUN,5,1+1+1+1+1,1,2.4545,2.4,2.5,-0.05,2,"BRE,MUN","LIV,MCI",ARS-CRY-LIV-MCI-SUN,5,1+1+1+1+1,1,2.5208,100.0,12.5,-0.1074,2.508439,False,
ARS-BRE-LEE-MUN-SUN,5,1+1+1+1+1,1,2.4545,2.4,2.5,-0.05,2,"BRE,MUN","COV,MCI",ARS-COV-LEE-MCI-SUN,5,1+1+1+1+1,1,2.5208,100.0,12.5,-0.1559,2.508439,False,
ARS-BRE-EVE-SUN-SUN,4,2+1+1+1,2,2.4545,2.4,2.5,0.0,2,"BRE,SUN","BOU,CHE",ARS-BOU-CHE-EVE-SUN,5,1+1+1+1+1,1,2.5208,100.0,18.8,-0.0028,2.508439,False,
ARS-CRY-TOT-SUN-SUN,4,2+1+1+1,2,2.4545,2.4,2.5,0.0,2,"ARS,SUN","IPS,MCI",CRY-IPS-MCI-TOT-SUN,5,1+1+1+1+1,1,2.5208,100.0,18.8,-0.1142,2.508439,False,
ARS-AVL-EVE-SUN-SUN,4,2+1+1+1,2,2.4545,2.4,2.5,0.0902,2,"EVE,SUN","CHE,MCI",ARS-AVL-CHE-MCI-SUN,5,1+1+1+1+1,1,2.5208,100.0,18.8,-0.0784,2.508439,False,
ARS-BHA-EVE-SUN-SUN,4,2+1+1+1,2,2.4545,2.4,2.5,0.0902,2,"BHA,SUN","BOU,CHE",ARS-BOU-CHE-EVE-SUN,5,1+1+1+1+1,1,2.5208,100.0,18.8,-0.0028,2.508439,False,
ARS-BRE-EVE-MUN-SUN,5,1+1+1+1+1,1,2.4545,2.4,2.5,0.1,2,"BRE,MUN","BOU,CHE",ARS-BOU-CHE-EVE-SUN,5,1+1+1+1+1,1,2.5208,100.0,18.8,-0.0028,2.508439,False,
ARS-CRY-MUN-TOT-SUN,5,1+1+1+1+1,1,2.4545,2.4,2.5,0.1,2,"ARS,MUN","IPS,MCI",CRY-IPS-MCI-TOT-SUN,5,1+1+1+1+1,1,2.5208,100.0,18.8,-0.1142,2.508439,False,
CRY-MUN-MUN-TOT-SUN,4,2+1+1+1,1,2.4545,2.4,2.5,0.1,2,"MUN,MUN","IPS,MCI",CRY-IPS-MCI-TOT-SUN,5,1+1+1+1+1,1,2.5208,100.0,18.8,-0.1142,2.508439,False,
CRY-MUN-TOT-SUN-SUN,4,2+1+1+1,2,2.4545,2.4,2.5,0.1,2,"MUN,SUN","IPS,MCI",CRY-IPS-MCI-TOT-SUN,5,1+1+1+1+1,1,2.5208,100.0,18.8,-0.1142,2.508439,False,
ARS-CHE-CRY-SUN-SUN,4,2+1+1+1,2,2.4545,2.4,2.5,0.1823,2,"CRY,SUN","AVL,MCI",ARS-AVL-CHE-MCI-SUN,5,1+1+1+1+1,1,2.5208,100.0,18.8,-0.0784,2.508439,False,
ARS-AVL-EVE-MUN-SUN,5,1+1+1+1+1,1,2.4545,2.4,2.5,0.1902,2,"EVE,MUN","CHE,MCI",ARS-AVL-CHE-MCI-SUN,5,1+1+1+1+1,1,2.5208,100.0,18.8,-0.0784,2.508439,False,
ARS-BHA-EVE-MUN-SUN,5,1+1+1+1+1,1,2.4545,2.4,2.5,0.1902,2,"BHA,MUN","BOU,CHE",ARS-BOU-CHE-EVE-SUN,5,1+1+1+1+1,1,2.5208,100.0,18.8,-0.0028,2.508439,False,
ARS-CHE-CRY-MUN-SUN,5,1+1+1+1+1,1,2.4545,2.4,2.5,0.2823,2,"CRY,MUN","AVL,MCI",ARS-AVL-CHE-MCI-SUN,5,1+1+1+1+1,1,2.5208,100.0,18.8,-0.0784,2.508439,False,
ARS-MUN-TOT-TOT-SUN,4,2+1+1+1,1,2.4545,2.4,2.5,0.3,2,"MUN,TOT","BOU,COV",ARS-BOU-COV-TOT-SUN,5,1+1+1+1+1,1,2.5208,100.0,18.8,-0.1088,2.508439,False,
EVE-LEE-MUN-MUN-SUN,4,2+1+1+1,1,2.4545,2.4,2.5,0.5,2,"MUN,SUN","COV,MCI",COV-EVE-LEE-MCI-MUN,5,1+1+1+1+1,0,2.5208,100.0,6.2,-0.1513,2.508439,False,
EVE-LEE-MUN-SUN-SUN,4,2+1+1+1,2,2.4545,2.4,2.5,0.5,2,"SUN,SUN","COV,MCI",COV-EVE-LEE-MCI-MUN,5,1+1+1+1+1,0,2.5208,100.0,6.2,-0.1513,2.508439,False,
LEE-LIV-LIV-MUN-SUN,4,2+1+1+1,1,2.4545,2.6,2.33,-0.3,2,"LIV,MUN","BHA,NFO",BHA-LEE-LIV-NFO-SUN,5,1+1+1+1+1,1,2.5208,93.8,18.8,-0.0913,2.508439,False,
BRE-BHA-EVE-SUN-SUN,4,2+1+1+1,2,2.4545,2.6,2.33,-0.2732,2,"BRE,SUN","COV,NFO",BHA-COV-EVE-NFO-SUN,5,1+1+1+1+1,1,2.5208,100.0,12.5,-0.1457,2.508439,False,
BHA-BHA-EVE-MUN-SUN,4,2+1+1+1,1,2.4545,2.6,2.33,-0.2196,2,"BHA,MUN","COV,NFO",BHA-COV-EVE-NFO-SUN,5,1+1+1+1+1,1,2.5208,100.0,12.5,-0.1457,2.508439,False,
BRE-BHA-EVE-MUN-SUN,5,1+1+1+1+1,1,2.4545,2.6,2.33,-0.1732,2,"BRE,MUN","COV,NFO",BHA-COV-EVE-NFO-SUN,5,1+1+1+1+1,1,2.5208,100.0,12.5,-0.1457,2.508439,False,
CRY-CRY-LIV-NFO-SUN,4,2+1+1+1,1,2.7273,2.6,2.83,0.0732,2,"CRY,SUN","BOU,EVE",BOU-CRY-EVE-LIV-NFO,5,1+1+1+1+1,0,2.4583,100.0,18.8,-0.1615,2.508453,False,
EVE-EVE-LEE-MCI-SUN,4,2+1+1+1,1,2.7273,2.8,2.67,-0.1,2,"EVE,SUN","COV,FUL",COV-EVE-FUL-LEE-MCI,5,1+1+1+1+1,0,2.4583,100.0,6.2,-0.1523,2.508453,False,
EVE-LEE-LEE-MCI-SUN,4,2+1+1+1,1,2.7273,2.8,2.67,-0.1,2,"LEE,SUN","COV,FUL",COV-EVE-FUL-LEE-MCI,5,1+1+1+1+1,0,2.4583,100.0,6.2,-0.1523,2.508453,False,
CHE-EVE-EVE-MCI-SUN,4,2+1+1+1,1,2.7273,2.8,2.67,0.089,2,"EVE,SUN","LIV,NEW",CHE-EVE-LIV-MCI-NEW,5,1+1+1+1+1,0,2.4583,100.0,12.5,-0.1204,2.508453,False,
ARS-ARS-MCI-NFO-SUN,4,2+1+1+1,1,2.5455,2.2,2.83,0.0732,2,"ARS,NFO","COV,LIV",ARS-COV-LIV-MCI-SUN,5,1+1+1+1+1,1,2.5,100.0,31.2,-0.0733,2.508483,False,
ARS-MCI-NFO-NFO-SUN,4,2+1+1+1,1,2.5455,2.2,2.83,0.0732,2,"NFO,NFO","COV,LIV",ARS-COV-LIV-MCI-SUN,5,1+1+1+1+1,1,2.5,100.0,31.2,-0.0733,2.508483,False,
ARS-CRY-NFO-SUN-SUN,4,2+1+1+1,2,2.5455,2.2,2.83,0.2232,2,"SUN,SUN","BOU,LIV",ARS-BOU-CRY-LIV-NFO,5,1+1+1+1+1,0,2.5,100.0,18.8,-0.1062,2.508483,False,
ARS-CRY-MUN-NFO-SUN,5,1+1+1+1+1,1,2.5455,2.2,2.83,0.3232,2,"MUN,SUN","BOU,LIV",ARS-BOU-CRY-LIV-NFO,5,1+1+1+1+1,0,2.5,100.0,18.8,-0.1062,2.508483,False,
ARS-ARS-AVL-TOT-SUN,4,2+1+1+1,1,2.5455,2.4,2.67,-0.1232,2,"ARS,ARS","CHE,LEE",AVL-CHE-LEE-TOT-SUN,5,1+1+1+1+1,1,2.5,100.0,12.5,-0.132,2.508483,False,
ARS-ARS-BHA-TOT-SUN,4,2+1+1+1,1,2.5455,2.4,2.67,-0.1232,2,"ARS,ARS","LIV,NFO",BHA-LIV-NFO-TOT-SUN,5,1+1+1+1+1,1,2.5,100.0,18.8,-0.1476,2.508483,False,
ARS-ARS-AVL-BRE-SUN,4,2+1+1+1,1,2.5455,2.4,2.67,-0.1,2,"ARS,ARS","CHE,MCI",AVL-BRE-CHE-MCI-SUN,5,1+1+1+1+1,1,2.5,100.0,18.8,-0.0507,2.508483,False,
ARS-ARS-LEE-LIV-SUN,4,2+1+1+1,1,2.5455,2.4,2.67,-0.1,2,"ARS,LEE","COV,MCI",ARS-COV-LIV-MCI-SUN,5,1+1+1+1+1,1,2.5,100.0,31.2,-0.0733,2.508483,False,
ARS-ARS-LEE-MCI-SUN,4,2+1+1+1,1,2.5455,2.4,2.67,-0.1,2,"ARS,LEE","COV,LIV",ARS-COV-LIV-MCI-SUN,5,1+1+1+1+1,1,2.5,100.0,31.2,-0.0733,2.508483,False,
ARS-ARS-BRE-CHE-SUN,4,2+1+1+1,1,2.5455,2.4,2.67,-0.0622,2,"ARS,ARS","AVL,MCI",AVL-BRE-CHE-MCI-SUN,5,1+1+1+1+1,1,2.5,100.0,18.8,-0.0507,2.508483,False,
ARS-AVL-CRY-SUN-SUN,4,2+1+1+1,2,2.5455,2.4,2.67,-0.0366,2,"SUN,SUN","LIV,MCI",ARS-AVL-CRY-LIV-MCI,5,1+1+1+1+1,0,2.5,100.0,6.2,-0.1226,2.508483,False,
ARS-BHA-CRY-SUN-SUN,4,2+1+1+1,2,2.5455,2.4,2.67,-0.0366,2,"ARS,SUN","LIV,MCI",BHA-CRY-LIV-MCI-SUN,5,1+1+1+1+1,1,2.5,100.0,18.8,-0.1215,2.508483,False,
ARS-BRE-BHA-NFO-SUN,5,1+1+1+1+1,1,2.5455,2.4,2.67,0.0366,2,"ARS,BRE","LIV,TOT",BHA-LIV-NFO-TOT-SUN,5,1+1+1+1+1,1,2.5,100.0,18.8,-0.1476,2.508483,False,
ARS-ARS-LEE-TOT-SUN,4,2+1+1+1,1,2.5455,2.4,2.67,0.05,2,"ARS,ARS","CHE,NFO",CHE-LEE-NFO-TOT-SUN,5,1+1+1+1+1,1,2.5,100.0,12.5,-0.1726,2.508483,False,
AVL-CRY-MUN-NFO-SUN,5,1+1+1+1+1,1,2.5455,2.4,2.67,0.05,2,"CRY,SUN","BOU,LIV",AVL-BOU-LIV-MUN-NFO,5,1+1+1+1+1,0,2.5,100.0,12.5,-0.0977,2.508483,False,
ARS-AVL-CRY-MUN-SUN,5,1+1+1+1+1,1,2.5455,2.4,2.67,0.0634,2,"MUN,SUN","LIV,MCI",ARS-AVL-CRY-LIV-MCI,5,1+1+1+1+1,0,2.5,100.0,6.2,-0.1226,2.508483,False,
ARS-BHA-CRY-MUN-SUN,5,1+1+1+1+1,1,2.5455,2.4,2.67,0.0634,2,"ARS,MUN","LIV,MCI",BHA-CRY-LIV-MCI-SUN,5,1+1+1+1+1,1,2.5,100.0,18.8,-0.1215,2.508483,False,
ARS-EVE-LEE-SUN-SUN,4,2+1+1+1,2,2.5455,2.4,2.67,0.35,2,"SUN,SUN","BOU,COV",ARS-BOU-COV-EVE-LEE,5,1+1+1+1+1,0,2.5,100.0,18.8,-0.1026,2.508483,False,
ARS-EVE-LEE-MUN-SUN,5,1+1+1+1+1,1,2.5455,2.4,2.67,0.45,2,"MUN,SUN","BOU,COV",ARS-BOU-COV-EVE-LEE,5,1+1+1+1+1,0,2.5,100.0,18.8,-0.1026,2.508483,False,
ARS-AVL-AVL-TOT-SUN,4,2+1+1+1,1,2.5455,2.6,2.5,-0.2964,2,"ARS,AVL","CHE,LEE",AVL-CHE-LEE-TOT-SUN,5,1+1+1+1+1,1,2.5,100.0,12.5,-0.132,2.508483,False,
ARS-BHA-BHA-TOT-SUN,4,2+1+1+1,1,2.5455,2.6,2.5,-0.2964,2,"ARS,BHA","LIV,NFO",BHA-LIV-NFO-TOT-SUN,5,1+1+1+1+1,1,2.5,100.0,18.8,-0.1476,2.508483,False,
ARS-LEE-LIV-LIV-SUN,4,2+1+1+1,1,2.5455,2.6,2.5,-0.25,2,"LEE,LIV","COV,MCI",ARS-COV-LIV-MCI-SUN,5,1+1+1+1+1,1,2.5,100.0,31.2,-0.0733,2.508483,False,
ARS-LEE-MCI-MCI-SUN,4,2+1+1+1,1,2.5455,2.6,2.5,-0.25,2,"LEE,MCI","COV,LIV",ARS-COV-LIV-MCI-SUN,5,1+1+1+1+1,1,2.5,100.0,31.2,-0.0733,2.508483,False,
CRY-LEE-LIV-SUN-SUN,4,2+1+1+1,2,2.5455,2.6,2.5,-0.25,2,"LEE,SUN","BHA,MCI",BHA-CRY-LIV-MCI-SUN,5,1+1+1+1+1,1,2.5,100.0,18.8,-0.1215,2.508483,False,
CRY-LEE-MCI-SUN-SUN,4,2+1+1+1,2,2.5455,2.6,2.5,-0.25,2,"CRY,SUN","BHA,COV",BHA-COV-LEE-MCI-SUN,5,1+1+1+1+1,1,2.5,100.0,18.8,-0.1462,2.508483,False,
ARS-BHA-BHA-CHE-SUN,4,2+1+1+1,1,2.5455,2.6,2.5,-0.2062,2,"ARS,BHA","COV,MCI",BHA-CHE-COV-MCI-SUN,5,1+1+1+1+1,1,2.5,100.0,18.8,-0.106,2.508483,False,
ARS-CRY-LIV-TOT-SUN,5,1+1+1+1+1,1,2.5455,2.6,2.5,-0.2,2,"CRY,TOT","COV,MCI",ARS-COV-LIV-MCI-SUN,5,1+1+1+1+1,1,2.5,100.0,31.2,-0.0733,2.508483,False,
ARS-CRY-MCI-TOT-SUN,5,1+1+1+1+1,1,2.5455,2.6,2.5,-0.2,2,"CRY,TOT","COV,LIV",ARS-COV-LIV-MCI-SUN,5,1+1+1+1+1,1,2.5,100.0,31.2,-0.0733,2.508483,False,
CRY-CRY-LIV-MUN-SUN,4,2+1+1+1,1,2.5455,2.6,2.5,-0.2,2,"CRY,MUN","BHA,MCI",BHA-CRY-LIV-MCI-SUN,5,1+1+1+1+1,1,2.5,100.0,18.8,-0.1215,2.508483,False,
CRY-CRY-MCI-MUN-SUN,4,2+1+1+1,1,2.5455,2.6,2.5,-0.2,2,"CRY,MUN","BHA,LIV",BHA-CRY-LIV-MCI-SUN,5,1+1+1+1+1,1,2.5,100.0,18.8,-0.1215,2.508483,False,
AVL-CRY-LEE-SUN-SUN,4,2+1+1+1,2,2.5455,2.6,2.5,-0.1866,2,"SUN,SUN","FUL,TOT",AVL-CRY-FUL-LEE-TOT,5,1+1+1+1+1,0,2.5,100.0,12.5,-0.1346,2.508483,False,
BHA-CRY-LEE-SUN-SUN,4,2+1+1+1,2,2.5455,2.6,2.5,-0.1866,2,"CRY,SUN","COV,MCI",BHA-COV-LEE-MCI-SUN,5,1+1+1+1+1,1,2.5,100.0,18.8,-0.1462,2.508483,False,
BHA-BHA-CRY-MUN-SUN,4,2+1+1+1,1,2.5455,2.6,2.5,-0.1732,2,"BHA,MUN","LIV,MCI",BHA-CRY-LIV-MCI-SUN,5,1+1+1+1+1,1,2.5,100.0,18.8,-0.1215,2.508483,False,
ARS-BRE-LEE-LIV-SUN,5,1+1+1+1+1,1,2.5455,2.6,2.5,-0.15,2,"BRE,LEE","COV,MCI",ARS-COV-LIV-MCI-SUN,5,1+1+1+1+1,1,2.5,100.0,31.2,-0.0733,2.508483,False,
ARS-BRE-LEE-MCI-SUN,5,1+1+1+1+1,1,2.5455,2.6,2.5,-0.15,2,"BRE,LEE","COV,LIV",ARS-COV-LIV-MCI-SUN,5,1+1+1+1+1,1,2.5,100.0,31.2,-0.0733,2.508483,False,
ARS-CRY-LIV-LIV-SUN,4,2+1+1+1,1,2.5455,2.6,2.5,-0.15,2,"CRY,LIV","COV,MCI",ARS-COV-LIV-MCI-SUN,5,1+1+1+1+1,1,2.5,100.0,31.2,-0.0733,2.508483,False,
ARS-CRY-MCI-MCI-SUN,4,2+1+1+1,1,2.5455,2.6,2.5,-0.15,2,"CRY,MCI","COV,LIV",ARS-COV-LIV-MCI-SUN,5,1+1+1+1+1,1,2.5,100.0,31.2,-0.0733,2.508483,False,
ARS-LEE-LIV-TOT-SUN,5,1+1+1+1+1,1,2.5455,2.6,2.5,-0.15,2,"LEE,TOT","COV,MCI",ARS-COV-LIV-MCI-SUN,5,1+1+1+1+1,1,2.5,100.0,31.2,-0.0733,2.508483,False,
ARS-LEE-MCI-TOT-SUN,5,1+1+1+1+1,1,2.5455,2.6,2.5,-0.15,2,"LEE,TOT","COV,LIV",ARS-COV-LIV-MCI-SUN,5,1+1+1+1+1,1,2.5,100.0,31.2,-0.0733,2.508483,False,
CRY-LEE-LIV-MUN-SUN,5,1+1+1+1+1,1,2.5455,2.6,2.5,-0.15,2,"LEE,MUN","BHA,MCI",BHA-CRY-LIV-MCI-SUN,5,1+1+1+1+1,1,2.5,100.0,18.8,-0.1215,2.508483,False,
CRY-LEE-MCI-MUN-SUN,5,1+1+1+1+1,1,2.5455,2.6,2.5,-0.15,2,"CRY,MUN","BHA,COV",BHA-COV-LEE-MCI-SUN,5,1+1+1+1+1,1,2.5,100.0,18.8,-0.1462,2.508483,False,
ARS-AVL-BRE-EVE-SUN,5,1+1+1+1+1,1,2.5455,2.6,2.5,-0.1366,2,"ARS,EVE","CHE,MCI",AVL-BRE-CHE-MCI-SUN,5,1+1+1+1+1,1,2.5,100.0,18.8,-0.0507,2.508483,False,
ARS-BHA-LEE-TOT-SUN,5,1+1+1+1+1,1,2.5455,2.6,2.5,-0.1232,2,"ARS,LEE","LIV,NFO",BHA-LIV-NFO-TOT-SUN,5,1+1+1+1+1,1,2.5,100.0,18.8,-0.1476,2.508483,False,
ARS-BRE-CHE-CRY-SUN,5,1+1+1+1+1,1,2.5455,2.6,2.5,-0.1067,2,"ARS,CRY","AVL,MCI",AVL-BRE-CHE-MCI-SUN,5,1+1+1+1+1,1,2.5,100.0,18.8,-0.0507,2.508483,False,
ARS-AVL-AVL-BRE-SUN,4,2+1+1+1,1,2.5455,2.6,2.5,-0.1,2,"ARS,SUN","COV,LEE",AVL-AVL-BRE-COV-LEE,4,2+1+1+1,0,2.5,100.0,18.8,-0.1548,2.508483,False,
ARS-AVL-BRE-LEE-SUN,5,1+1+1+1+1,1,2.5455,2.6,2.5,-0.1,2,"ARS,SUN","AVL,COV",AVL-AVL-BRE-COV-LEE,4,2+1+1+1,0,2.5,100.0,18.8,-0.1548,2.508483,False,
ARS-BRE-BHA-LEE-SUN,5,1+1+1+1+1,1,2.5455,2.6,2.5,-0.1,2,"ARS,BRE","COV,MCI",BHA-COV-LEE-MCI-SUN,5,1+1+1+1+1,1,2.5,100.0,18.8,-0.1462,2.508483,False,
BRE-EVE-LEE-SUN-SUN,4,2+1+1+1,2,2.5455,2.6,2.5,-0.1,2,"BRE,SUN","BOU,COV",BOU-COV-EVE-LEE-SUN,5,1+1+1+1+1,1,2.5,93.8,18.8,-0.0898,2.508483,False,
CRY-LEE-TOT-SUN-SUN,4,2+1+1+1,2,2.5455,2.6,2.5,-0.1,2,"CRY,SUN","CHE,NFO",CHE-LEE-NFO-TOT-SUN,5,1+1+1+1+1,1,2.5,100.0,12.5,-0.1726,2.508483,False,
EVE-LEE-LIV-SUN-SUN,4,2+1+1+1,2,2.5455,2.6,2.5,-0.1,2,"SUN,SUN","CHE,HUL",CHE-EVE-HUL-LEE-LIV,5,1+1+1+1+1,0,2.5,100.0,18.8,-0.136,2.508483,False,
LEE-LEE-MCI-MUN-SUN,4,2+1+1+1,1,2.5455,2.6,2.5,-0.1,2,"LEE,MUN","BHA,COV",BHA-COV-LEE-MCI-SUN,5,1+1+1+1+1,1,2.5,100.0,18.8,-0.1462,2.508483,False,
AVL-CRY-LEE-MUN-SUN,5,1+1+1+1+1,1,2.5455,2.6,2.5,-0.0866,2,"MUN,SUN","FUL,TOT",AVL-CRY-FUL-LEE-TOT,5,1+1+1+1+1,0,2.5,100.0,12.5,-0.1346,2.508483,False,
BHA-CRY-LEE-MUN-SUN,5,1+1+1+1+1,1,2.5455,2.6,2.5,-0.0866,2,"CRY,MUN","COV,MCI",BHA-COV-LEE-MCI-SUN,5,1+1+1+1+1,1,2.5,100.0,18.8,-0.1462,2.508483,False,
ARS-BRE-CHE-LEE-SUN,5,1+1+1+1+1,1,2.5455,2.6,2.5,-0.0811,2,"ARS,LEE","AVL,MCI",AVL-BRE-CHE-MCI-SUN,5,1+1+1+1+1,1,2.5,100.0,18.8,-0.0507,2.508483,False,
AVL-LEE-LEE-MUN-SUN,4,2+1+1+1,1,2.5455,2.6,2.5,-0.0732,2,"LEE,MUN","CHE,TOT",AVL-CHE-LEE-TOT-SUN,5,1+1+1+1+1,1,2.5,100.0,12.5,-0.132,2.508483,False,
BHA-LEE-LEE-MUN-SUN,4,2+1+1+1,1,2.5455,2.6,2.5,-0.0732,2,"LEE,MUN","COV,MCI",BHA-COV-LEE-MCI-SUN,5,1+1+1+1+1,1,2.5,100.0,18.8,-0.1462,2.508483,False,
ARS-BRE-CHE-CHE-SUN,4,2+1+1+1,1,2.5455,2.6,2.5,-0.0622,2,"ARS,CHE","AVL,MCI",AVL-BRE-CHE-MCI-SUN,5,1+1+1+1+1,1,2.5,100.0,18.8,-0.0507,2.508483,False,
BHA-EVE-LEE-SUN-SUN,4,2+1+1+1,2,2.5455,2.6,2.5,-0.0598,2,"EVE,SUN","COV,MCI",BHA-COV-LEE-MCI-SUN,5,1+1+1+1+1,1,2.5,100.0,18.8,-0.1462,2.508483,False,
ARS-BRE-CRY-LIV-SUN,5,1+1+1+1+1,1,2.5455,2.6,2.5,-0.05,2,"BRE,CRY","COV,MCI",ARS-COV-LIV-MCI-SUN,5,1+1+1+1+1,1,2.5,100.0,31.2,-0.0733,2.508483,False,
ARS-BRE-CRY-MCI-SUN,5,1+1+1+1+1,1,2.5455,2.6,2.5,-0.05,2,"BRE,CRY","COV,LIV",ARS-COV-LIV-MCI-SUN,5,1+1+1+1+1,1,2.5,100.0,31.2,-0.0733,2.508483,False,
ARS-BHA-CHE-LEE-SUN,5,1+1+1+1+1,1,2.5455,2.6,2.5,-0.0214,2,"ARS,CHE","COV,MCI",BHA-COV-LEE-MCI-SUN,5,1+1+1+1+1,1,2.5,100.0,18.8,-0.1462,2.508483,False,
ARS-AVL-EVE-TOT-SUN,5,1+1+1+1+1,1,2.5455,2.6,2.5,-0.0098,2,"ARS,AVL","COV,NFO",COV-EVE-NFO-TOT-SUN,5,1+1+1+1+1,1,2.5,100.0,18.8,-0.1462,2.508483,False,
ARS-BHA-EVE-TOT-SUN,5,1+1+1+1+1,1,2.5455,2.6,2.5,-0.0098,2,"ARS,EVE","LIV,NFO",BHA-LIV-NFO-TOT-SUN,5,1+1+1+1+1,1,2.5,100.0,18.8,-0.1476,2.508483,False,
ARS-AVL-CHE-CHE-SUN,4,2+1+1+1,1,2.5455,2.6,2.5,-0.0062,2,"ARS,SUN","NEW,NFO",AVL-CHE-CHE-NEW-NFO,4,2+1+1+1,0,2.5,100.0,18.8,-0.2301,2.508483,False,
ARS-BHA-CHE-CHE-SUN,4,2+1+1+1,1,2.5455,2.6,2.5,-0.0062,2,"ARS,CHE","COV,MCI",BHA-CHE-COV-MCI-SUN,5,1+1+1+1+1,1,2.5,100.0,18.8,-0.106,2.508483,False,
BRE-BHA-BHA-NFO-SUN,4,2+1+1+1,1,2.5455,2.6,2.5,0.0,2,"BHA,BRE","LIV,TOT",BHA-LIV-NFO-TOT-SUN,5,1+1+1+1+1,1,2.5,100.0,18.8,-0.1476,2.508483,False,
CRY-LEE-MUN-TOT-SUN,5,1+1+1+1+1,1,2.5455,2.6,2.5,0.0,2,"CRY,MUN","CHE,NFO",CHE-LEE-NFO-TOT-SUN,5,1+1+1+1+1,1,2.5,100.0,12.5,-0.1726,2.508483,False,
EVE-LEE-LIV-MUN-SUN,5,1+1+1+1+1,1,2.5455,2.6,2.5,0.0,2,"MUN,SUN","CHE,HUL",CHE-EVE-HUL-LEE-LIV,5,1+1+1+1+1,0,2.5,100.0,18.8,-0.136,2.508483,False,
CHE-CRY-LEE-SUN-SUN,4,2+1+1+1,2,2.5455,2.6,2.5,0.0134,2,"CRY,SUN","NFO,TOT",CHE-LEE-NFO-TOT-SUN,5,1+1+1+1+1,1,2.5,100.0,12.5,-0.1726,2.508483,False,
BHA-EVE-LEE-MUN-SUN,5,1+1+1+1+1,1,2.5455,2.6,2.5,0.0402,2,"EVE,MUN","COV,MCI",BHA-COV-LEE-MCI-SUN,5,1+1+1+1+1,1,2.5,100.0,18.8,-0.1462,2.508483,False,
ARS-LEE-TOT-TOT-SUN,4,2+1+1+1,1,2.5455,2.6,2.5,0.05,2,"ARS,TOT","CHE,NFO",CHE-LEE-NFO-TOT-SUN,5,1+1+1+1+1,1,2.5,100.0,12.5,-0.1726,2.508483,False,
EVE-EVE-LIV-MUN-SUN,4,2+1+1+1,1,2.5455,2.6,2.5,0.1,2,"EVE,SUN","BOU,COV",BOU-COV-EVE-LIV-MUN,5,1+1+1+1+1,0,2.5,100.0,12.5,-0.1613,2.508483,False,
CHE-CRY-LEE-MUN-SUN,5,1+1+1+1+1,1,2.5455,2.6,2.5,0.1134,2,"CRY,MUN","NFO,TOT",CHE-LEE-NFO-TOT-SUN,5,1+1+1+1+1,1,2.5,100.0,12.5,-0.1726,2.508483,False,
LEE-LEE-MUN-TOT-SUN,4,2+1+1+1,1,2.5455,2.6,2.5,0.2,2,"LEE,MUN","CHE,NFO",CHE-LEE-NFO-TOT-SUN,5,1+1+1+1+1,1,2.5,100.0,12.5,-0.1726,2.508483,False,
CHE-LEE-LEE-MUN-SUN,4,2+1+1+1,1,2.5455,2.6,2.5,0.289,2,"LEE,MUN","NFO,TOT",CHE-LEE-NFO-TOT-SUN,5,1+1+1+1+1,1,2.5,100.0,12.5,-0.1726,2.508483,False,
ARS-EVE-TOT-TOT-SUN,4,2+1+1+1,1,2.5455,2.6,2.5,0.3,2,"ARS,TOT","COV,NFO",COV-EVE-NFO-TOT-SUN,5,1+1+1+1+1,1,2.5,100.0,18.8,-0.1462,2.508483,False,
LEE-MUN-TOT-TOT-SUN,4,2+1+1+1,1,2.5455,2.6,2.5,0.3,2,"MUN,TOT","CHE,NFO",CHE-LEE-NFO-TOT-SUN,5,1+1+1+1+1,1,2.5,100.0,12.5,-0.1726,2.508483,False,
CHE-CHE-LEE-MUN-SUN,4,2+1+1+1,1,2.5455,2.6,2.5,0.478,2,"CHE,MUN","NFO,TOT",CHE-LEE-NFO-TOT-SUN,5,1+1+1+1+1,1,2.5,100.0,12.5,-0.1726,2.508483,False,
EVE-MUN-TOT-TOT-SUN,4,2+1+1+1,1,2.5455,2.6,2.5,0.6,2,"MUN,TOT","COV,NFO",COV-EVE-NFO-TOT-SUN,5,1+1+1+1+1,1,2.5,100.0,18.8,-0.1462,2.508483,False,
EVE-EVE-MUN-TOT-SUN,4,2+1+1+1,1,2.5455,2.6,2.5,0.7,2,"EVE,MUN","COV,NFO",COV-EVE-NFO-TOT-SUN,5,1+1+1+1+1,1,2.5,100.0,18.8,-0.1462,2.508483,False,
AVL-CRY-TOT-TOT-SUN,4,2+1+1+1,1,2.5455,2.8,2.33,-0.3232,2,"SUN,TOT","FUL,LEE",AVL-CRY-FUL-LEE-TOT,5,1+1+1+1+1,0,2.5,100.0,12.5,-0.1346,2.508483,False,
BHA-CRY-TOT-TOT-SUN,4,2+1+1+1,1,2.5455,2.8,2.33,-0.3232,2,"CRY,TOT","LIV,NFO",BHA-LIV-NFO-TOT-SUN,5,1+1+1+1+1,1,2.5,100.0,18.8,-0.1476,2.508483,False,
BRE-BRE-CHE-CRY-SUN,4,2+1+1+1,1,2.5455,2.8,2.33,-0.3201,2,"BRE,CRY","AVL,MCI",AVL-BRE-CHE-MCI-SUN,5,1+1+1+1+1,1,2.5,100.0,18.8,-0.0507,2.508483,False,
AVL-AVL-EVE-TOT-SUN,4,2+1+1+1,1,2.5455,2.8,2.33,-0.3196,2,"AVL,AVL","COV,NFO",COV-EVE-NFO-TOT-SUN,5,1+1+1+1+1,1,2.5,100.0,18.8,-0.1462,2.508483,False,
BHA-BHA-EVE-TOT-SUN,4,2+1+1+1,1,2.5455,2.8,2.33,-0.3196,2,"BHA,EVE","LIV,NFO",BHA-LIV-NFO-TOT-SUN,5,1+1+1+1+1,1,2.5,100.0,18.8,-0.1476,2.508483,False,
AVL-BRE-BRE-EVE-SUN,4,2+1+1+1,1,2.5455,2.8,2.33,-0.3,2,"BRE,EVE","CHE,MCI",AVL-BRE-CHE-MCI-SUN,5,1+1+1+1+1,1,2.5,100.0,18.8,-0.0507,2.508483,False,
CRY-LIV-LIV-TOT-SUN,4,2+1+1+1,1,2.5455,2.8,2.33,-0.3,2,"CRY,LIV","BHA,NFO",BHA-LIV-NFO-TOT-SUN,5,1+1+1+1+1,1,2.5,100.0,18.8,-0.1476,2.508483,False,
CRY-LIV-TOT-TOT-SUN,4,2+1+1+1,1,2.5455,2.8,2.33,-0.3,2,"CRY,TOT","BHA,NFO",BHA-LIV-NFO-TOT-SUN,5,1+1+1+1+1,1,2.5,100.0,18.8,-0.1476,2.508483,False,
CRY-MCI-MCI-TOT-SUN,4,2+1+1+1,1,2.5455,2.8,2.33,-0.3,2,"MCI,SUN","FUL,IPS",CRY-FUL-IPS-MCI-TOT,5,1+1+1+1+1,0,2.5,100.0,18.8,-0.1406,2.508483,False,
CRY-MCI-TOT-TOT-SUN,4,2+1+1+1,1,2.5455,2.8,2.33,-0.3,2,"SUN,TOT","FUL,IPS",CRY-FUL-IPS-MCI-TOT,5,1+1+1+1+1,0,2.5,100.0,18.8,-0.1406,2.508483,False,
BHA-BHA-LEE-TOT-SUN,4,2+1+1+1,1,2.5455,2.8,2.33,-0.2964,2,"BHA,LEE","LIV,NFO",BHA-LIV-NFO-TOT-SUN,5,1+1+1+1+1,1,2.5,100.0,18.8,-0.1476,2.508483,False,
BRE-BRE-CHE-LEE-SUN,4,2+1+1+1,1,2.5455,2.8,2.33,-0.2945,2,"BRE,LEE","AVL,MCI",AVL-BRE-CHE-MCI-SUN,5,1+1+1+1+1,1,2.5,100.0,18.8,-0.0507,2.508483,False,
BHA-BHA-CHE-LEE-SUN,4,2+1+1+1,1,2.5455,2.8,2.33,-0.2751,2,"BHA,CHE","COV,MCI",BHA-COV-LEE-MCI-SUN,5,1+1+1+1+1,1,2.5,100.0,18.8,-0.1462,2.508483,False,
AVL-AVL-BRE-EVE-SUN,4,2+1+1+1,1,2.5455,2.8,2.33,-0.2732,2,"EVE,SUN","COV,LEE",AVL-AVL-BRE-COV-LEE,4,2+1+1+1,0,2.5,100.0,18.8,-0.1548,2.508483,False,
BRE-CHE-CHE-CRY-SUN,4,2+1+1+1,1,2.5455,2.8,2.33,-0.2512,2,"CHE,CRY","AVL,MCI",AVL-BRE-CHE-MCI-SUN,5,1+1+1+1+1,1,2.5,100.0,18.8,-0.0507,2.508483,False,
LEE-LIV-LIV-TOT-SUN,4,2+1+1+1,1,2.5455,2.8,2.33,-0.25,2,"LEE,LIV","BHA,NFO",BHA-LIV-NFO-TOT-SUN,5,1+1+1+1+1,1,2.5,100.0,18.8,-0.1476,2.508483,False,
LEE-MCI-MCI-TOT-SUN,4,2+1+1+1,1,2.5455,2.8,2.33,-0.25,2,"MCI,TOT","BHA,COV",BHA-COV-LEE-MCI-SUN,5,1+1+1+1+1,1,2.5,100.0,18.8,-0.1462,2.508483,False,
AVL-CHE-CHE-CRY-SUN,4,2+1+1+1,1,2.5455,2.8,2.33,-0.2086,2,"CRY,SUN","NEW,NFO",AVL-CHE-CHE-NEW-NFO,4,2+1+1+1,0,2.5,100.0,18.8,-0.2301,2.508483,False,
BHA-CHE-CHE-CRY-SUN,4,2+1+1+1,1,2.5455,2.8,2.33,-0.2086,2,"CHE,CHE","LIV,MCI",BHA-CRY-LIV-MCI-SUN,5,1+1+1+1+1,1,2.5,100.0,18.8,-0.1215,2.508483,False,
AVL-BRE-EVE-LIV-SUN,5,1+1+1+1+1,1,2.5455,2.8,2.33,-0.2,2,"EVE,SUN","NEW,NFO",AVL-BRE-LIV-NEW-NFO,5,1+1+1+1+1,0,2.5,100.0,18.8,-0.1088,2.508483,False,
BRE-BHA-CHE-LEE-SUN,5,1+1+1+1+1,1,2.5455,2.8,2.33,-0.1982,2,"BRE,CHE","COV,MCI",BHA-COV-LEE-MCI-SUN,5,1+1+1+1+1,1,2.5,100.0,18.8,-0.1462,2.508483,False,
BRE-BHA-CHE-CRY-SUN,5,1+1+1+1+1,1,2.5455,2.8,2.33,-0.1872,2,"BRE,CHE","LIV,MCI",BHA-CRY-LIV-MCI-SUN,5,1+1+1+1+1,1,2.5,100.0,18.8,-0.1215,2.508483,False,
BHA-LEE-TOT-TOT-SUN,4,2+1+1+1,1,2.5455,2.8,2.33,-0.1598,2,"LEE,TOT","LIV,NFO",BHA-LIV-NFO-TOT-SUN,5,1+1+1+1+1,1,2.5,100.0,18.8,-0.1476,2.508483,False,
AVL-BRE-BRE-LEE-SUN,4,2+1+1+1,1,2.5455,2.8,2.33,-0.1134,2,"BRE,SUN","AVL,COV",AVL-AVL-BRE-COV-LEE,4,2+1+1+1,0,2.5,100.0,18.8,-0.1548,2.508483,False,
BRE-BRE-BHA-LEE-SUN,4,2+1+1+1,1,2.5455,2.8,2.33,-0.1134,2,"BRE,BRE","COV,MCI",BHA-COV-LEE-MCI-SUN,5,1+1+1+1+1,1,2.5,100.0,18.8,-0.1462,2.508483,False,
BRE-BRE-LEE-MCI-SUN,4,2+1+1+1,1,2.5455,2.8,2.33,-0.1,2,"BRE,BRE","BHA,COV",BHA-COV-LEE-MCI-SUN,5,1+1+1+1+1,1,2.5,100.0,18.8,-0.1462,2.508483,False,
BRE-BHA-BHA-LEE-SUN,4,2+1+1+1,1,2.5455,2.8,2.33,-0.1,2,"BHA,BRE","COV,MCI",BHA-COV-LEE-MCI-SUN,5,1+1+1+1+1,1,2.5,100.0,18.8,-0.1462,2.508483,False,
BRE-CHE-CHE-LEE-SUN,4,2+1+1+1,1,2.5455,2.8,2.33,-0.1,2,"CHE,LEE","AVL,MCI",AVL-BRE-CHE-MCI-SUN,5,1+1+1+1+1,1,2.5,100.0,18.8,-0.0507,2.508483,False,
BRE-LEE-MCI-MCI-SUN,4,2+1+1+1,1,2.5455,2.8,2.33,-0.1,2,"BRE,MCI","BHA,COV",BHA-COV-LEE-MCI-SUN,5,1+1+1+1+1,1,2.5,100.0,18.8,-0.1462,2.508483,False,
LEE-LIV-TOT-TOT-SUN,4,2+1+1+1,1,2.5455,2.8,2.33,-0.1,2,"LEE,TOT","BHA,NFO",BHA-LIV-NFO-TOT-SUN,5,1+1+1+1+1,1,2.5,100.0,18.8,-0.1476,2.508483,False,
LEE-MCI-TOT-TOT-SUN,4,2+1+1+1,1,2.5455,2.8,2.33,-0.1,2,"TOT,TOT","BHA,COV",BHA-COV-LEE-MCI-SUN,5,1+1+1+1+1,1,2.5,100.0,18.8,-0.1462,2.508483,False,
BHA-CHE-CHE-LEE-SUN,4,2+1+1+1,1,2.5455,2.8,2.33,-0.094,2,"CHE,CHE","COV,MCI",BHA-COV-LEE-MCI-SUN,5,1+1+1+1+1,1,2.5,100.0,18.8,-0.1462,2.508483,False,
AVL-EVE-TOT-TOT-SUN,4,2+1+1+1,1,2.5455,2.8,2.33,-0.0464,2,"AVL,TOT","COV,NFO",COV-EVE-NFO-TOT-SUN,5,1+1+1+1+1,1,2.5,100.0,18.8,-0.1462,2.508483,False,
BHA-EVE-TOT-TOT-SUN,4,2+1+1+1,1,2.5455,2.8,2.33,-0.0464,2,"EVE,TOT","LIV,NFO",BHA-LIV-NFO-TOT-SUN,5,1+1+1+1+1,1,2.5,100.0,18.8,-0.1476,2.508483,False,
BRE-BRE-CRY-LIV-SUN,4,2+1+1+1,1,2.5455,2.8,2.33,0.0,2,"BRE,BRE","BHA,MCI",BHA-CRY-LIV-MCI-SUN,5,1+1+1+1+1,1,2.5,100.0,18.8,-0.1215,2.508483,False,
BRE-BRE-CRY-MCI-SUN,4,2+1+1+1,1,2.5455,2.8,2.33,0.0,2,"BRE,SUN","AVL,FUL",AVL-BRE-CRY-FUL-MCI,5,1+1+1+1+1,0,2.5,100.0,18.8,-0.1524,2.508483,False,
BRE-CRY-LIV-LIV-SUN,4,2+1+1+1,1,2.5455,2.8,2.33,0.0,2,"BRE,LIV","BHA,MCI",BHA-CRY-LIV-MCI-SUN,5,1+1+1+1+1,1,2.5,100.0,18.8,-0.1215,2.508483,False,
BRE-CRY-MCI-MCI-SUN,4,2+1+1+1,1,2.5455,2.8,2.33,0.0,2,"MCI,SUN","AVL,FUL",AVL-BRE-CRY-FUL-MCI,5,1+1+1+1+1,0,2.5,100.0,18.8,-0.1524,2.508483,False,
AVL-BRE-BRE-CRY-SUN,4,2+1+1+1,1,2.5455,2.8,2.33,0.0232,2,"BRE,SUN","FUL,MCI",AVL-BRE-CRY-FUL-MCI,5,1+1+1+1+1,0,2.5,100.0,18.8,-0.1524,2.508483,False,
BRE-BRE-BHA-CRY-SUN,4,2+1+1+1,1,2.5455,2.8,2.33,0.0232,2,"BRE,BRE","LIV,MCI",BHA-CRY-LIV-MCI-SUN,5,1+1+1+1+1,1,2.5,100.0,18.8,-0.1215,2.508483,False,
AVL-AVL-BRE-LIV-SUN,4,2+1+1+1,1,2.5455,2.8,2.33,0.0732,2,"LIV,SUN","COV,LEE",AVL-AVL-BRE-COV-LEE,4,2+1+1+1,0,2.5,100.0,18.8,-0.1548,2.508483,False,
AVL-BRE-BRE-LIV-SUN,4,2+1+1+1,1,2.5455,2.8,2.33,0.0732,2,"BRE,SUN","NEW,NFO",AVL-BRE-LIV-NEW-NFO,5,1+1+1+1+1,0,2.5,100.0,18.8,-0.1088,2.508483,False,
AVL-BRE-LIV-LIV-SUN,4,2+1+1+1,1,2.5455,2.8,2.33,0.0732,2,"LIV,SUN","NEW,NFO",AVL-BRE-LIV-NEW-NFO,5,1+1+1+1+1,0,2.5,100.0,18.8,-0.1088,2.508483,False,
BRE-BRE-LIV-MUN-SUN,4,2+1+1+1,1,2.3636,2.6,2.17,-0.3,2,"BRE,SUN","AVL,NFO",AVL-BRE-LIV-MUN-NFO,5,1+1+1+1+1,0,2.5417,100.0,12.5,-0.0644,2.508495,False,
BRE-LIV-LIV-MUN-SUN,4,2+1+1+1,1,2.3636,2.6,2.17,-0.3,2,"LIV,SUN","AVL,NFO",AVL-BRE-LIV-MUN-NFO,5,1+1+1+1+1,0,2.5417,100.0,12.5,-0.0644,2.508495,False,
ARS-ARS-AVL-NFO-SUN,4,2+1+1+1,1,2.6364,2.2,3.0,0.2366,2,"ARS,SUN","BOU,LIV",ARS-AVL-BOU-LIV-NFO,5,1+1+1+1+1,0,2.4792,100.0,12.5,-0.1091,2.508508,False,
ARS-AVL-NFO-NFO-SUN,4,2+1+1+1,1,2.6364,2.2,3.0,0.2366,2,"NFO,SUN","BOU,LIV",ARS-AVL-BOU-LIV-NFO,5,1+1+1+1+1,0,2.4792,100.0,12.5,-0.1091,2.508508,False,
ARS-BHA-NFO-NFO-SUN,4,2+1+1+1,1,2.6364,2.2,3.0,0.2366,2,"ARS,SUN","BOU,LIV",BOU-BHA-LIV-NFO-NFO,4,2+1+1+1,0,2.4792,100.0,25.0,-0.147,2.508508,False,
ARS-ARS-CHE-NFO-SUN,4,2+1+1+1,1,2.6364,2.2,3.0,0.3728,2,"ARS,ARS","BOU,COV",BOU-CHE-COV-NFO-SUN,5,1+1+1+1+1,1,2.4792,100.0,25.0,-0.0616,2.508508,False,
ARS-EVE-NFO-NFO-SUN,4,2+1+1+1,1,2.6364,2.2,3.0,0.3732,2,"ARS,NFO","BOU,COV",BOU-COV-EVE-NFO-SUN,5,1+1+1+1+1,1,2.4792,100.0,31.2,-0.0867,2.508508,False,
CRY-NFO-NFO-TOT-SUN,4,2+1+1+1,1,2.6364,2.4,2.83,-0.1,2,"NFO,SUN","BOU,FUL",BOU-CRY-FUL-NFO-TOT,5,1+1+1+1+1,0,2.4792,100.0,18.8,-0.177,2.508508,False,
ARS-ARS-EVE-LIV-SUN,4,2+1+1+1,1,2.6364,2.4,2.83,0.0,2,"ARS,SUN","BOU,COV",ARS-BOU-COV-EVE-LIV,5,1+1+1+1+1,0,2.4792,100.0,18.8,-0.0922,2.508508,False,
ARS-ARS-EVE-MCI-SUN,4,2+1+1+1,1,2.6364,2.4,2.83,0.0,2,"ARS,ARS","CHE,COV",CHE-COV-EVE-MCI-SUN,5,1+1+1+1+1,1,2.4792,100.0,12.5,-0.1133,2.508508,False,
AVL-EVE-NFO-NFO-SUN,4,2+1+1+1,1,2.6364,2.4,2.83,0.0268,2,"AVL,NFO","BOU,COV",BOU-COV-EVE-NFO-SUN,5,1+1+1+1+1,1,2.4792,100.0,31.2,-0.0867,2.508508,False,
BHA-EVE-NFO-NFO-SUN,4,2+1+1+1,1,2.6364,2.4,2.83,0.0268,2,"BHA,NFO","BOU,COV",BOU-COV-EVE-NFO-SUN,5,1+1+1+1+1,1,2.4792,100.0,31.2,-0.0867,2.508508,False,
ARS-CRY-NFO-TOT-SUN,5,1+1+1+1+1,1,2.6364,2.4,2.83,0.0366,2,"ARS,SUN","BOU,FUL",BOU-CRY-FUL-NFO-TOT,5,1+1+1+1+1,0,2.4792,100.0,18.8,-0.177,2.508508,False,
ARS-AVL-AVL-NFO-SUN,4,2+1+1+1,1,2.6364,2.4,2.83,0.0634,2,"AVL,SUN","BOU,LIV",ARS-AVL-BOU-LIV-NFO,5,1+1+1+1+1,0,2.4792,100.0,12.5,-0.1091,2.508508,False,
CRY-MCI-NFO-NFO-SUN,4,2+1+1+1,1,2.6364,2.4,2.83,0.0732,2,"NFO,SUN","BHA,LIV",BHA-CRY-LIV-MCI-NFO,5,1+1+1+1+1,0,2.4792,100.0,25.0,-0.0977,2.508508,False,
CHE-CRY-NFO-NFO-SUN,4,2+1+1+1,1,2.6364,2.4,2.83,0.0766,2,"CRY,SUN","BOU,LIV",BOU-CHE-LIV-NFO-NFO,4,2+1+1+1,0,2.4792,100.0,25.0,-0.0743,2.508508,False,
ARS-CRY-MCI-NFO-SUN,5,1+1+1+1+1,1,2.6364,2.4,2.83,0.1232,2,"ARS,SUN","BHA,LIV",BHA-CRY-LIV-MCI-NFO,5,1+1+1+1+1,0,2.4792,100.0,25.0,-0.0977,2.508508,False,
ARS-AVL-EVE-NFO-SUN,5,1+1+1+1+1,1,2.6364,2.4,2.83,0.1634,2,"ARS,AVL","BOU,COV",BOU-COV-EVE-NFO-SUN,5,1+1+1+1+1,1,2.4792,100.0,31.2,-0.0867,2.508508,False,
ARS-BHA-EVE-NFO-SUN,5,1+1+1+1+1,1,2.6364,2.4,2.83,0.1634,2,"ARS,BHA","BOU,COV",BOU-COV-EVE-NFO-SUN,5,1+1+1+1+1,1,2.4792,100.0,31.2,-0.0867,2.508508,False,
ARS-CHE-CRY-NFO-SUN,5,1+1+1+1+1,1,2.6364,2.4,2.83,0.2283,2,"ARS,CRY","BOU,COV",BOU-CHE-COV-NFO-SUN,5,1+1+1+1+1,1,2.4792,100.0,25.0,-0.0616,2.508508,False,
AVL-AVL-EVE-NFO-SUN,4,2+1+1+1,1,2.6364,2.6,2.67,-0.1464,2,"AVL,AVL","BOU,COV",BOU-COV-EVE-NFO-SUN,5,1+1+1+1+1,1,2.4792,100.0,31.2,-0.0867,2.508508,False,
BHA-BHA-EVE-NFO-SUN,4,2+1+1+1,1,2.6364,2.6,2.67,-0.1464,2,"BHA,BHA","BOU,COV",BOU-COV-EVE-NFO-SUN,5,1+1+1+1+1,1,2.4792,100.0,31.2,-0.0867,2.508508,False,
AVL-CRY-NFO-TOT-SUN,5,1+1+1+1+1,1,2.6364,2.6,2.67,-0.1366,2,"AVL,SUN","BOU,FUL",BOU-CRY-FUL-NFO-TOT,5,1+1+1+1+1,0,2.4792,100.0,18.8,-0.177,2.508508,False,
BHA-CRY-NFO-TOT-SUN,5,1+1+1+1+1,1,2.6364,2.6,2.67,-0.1366,2,"SUN,TOT","LIV,MCI",BHA-CRY-LIV-MCI-NFO,5,1+1+1+1+1,0,2.4792,100.0,25.0,-0.0977,2.508508,False,
ARS-AVL-AVL-LEE-SUN,4,2+1+1+1,1,2.6364,2.6,2.67,-0.1232,2,"ARS,SUN","CHE,COV",AVL-AVL-CHE-COV-LEE,4,2+1+1+1,0,2.4792,100.0,31.2,-0.1583,2.508508,False,
BRE-EVE-EVE-NFO-SUN,4,2+1+1+1,1,2.6364,2.6,2.67,-0.1,2,"BRE,EVE","BOU,COV",BOU-COV-EVE-NFO-SUN,5,1+1+1+1+1,1,2.4792,100.0,31.2,-0.0867,2.508508,False,
EVE-EVE-MCI-NFO-SUN,4,2+1+1+1,1,2.6364,2.6,2.67,-0.1,2,"EVE,MCI","BOU,COV",BOU-COV-EVE-NFO-SUN,5,1+1+1+1+1,1,2.4792,100.0,31.2,-0.0867,2.508508,False,
ARS-EVE-LEE-LIV-SUN,5,1+1+1+1+1,1,2.6364,2.6,2.67,-0.05,2,"LEE,SUN","BOU,COV",ARS-BOU-COV-EVE-LIV,5,1+1+1+1+1,0,2.4792,100.0,18.8,-0.0922,2.508508,False,
BHA-CHE-CRY-NFO-SUN,5,1+1+1+1+1,1,2.6364,2.6,2.67,-0.0254,2,"CHE,SUN","LIV,MCI",BHA-CRY-LIV-MCI-NFO,5,1+1+1+1+1,0,2.4792,100.0,25.0,-0.0977,2.508508,False,
AVL-EVE-EVE-NFO-SUN,4,2+1+1+1,1,2.6364,2.6,2.67,-0.0098,2,"AVL,EVE","BOU,COV",BOU-COV-EVE-NFO-SUN,5,1+1+1+1+1,1,2.4792,100.0,31.2,-0.0867,2.508508,False,
BHA-EVE-EVE-NFO-SUN,4,2+1+1+1,1,2.6364,2.6,2.67,-0.0098,2,"BHA,EVE","BOU,COV",BOU-COV-EVE-NFO-SUN,5,1+1+1+1+1,1,2.4792,100.0,31.2,-0.0867,2.508508,False,
ARS-AVL-EVE-LEE-SUN,5,1+1+1+1+1,1,2.6364,2.6,2.67,0.0268,2,"ARS,SUN","CHE,COV",AVL-CHE-COV-EVE-LEE,5,1+1+1+1+1,0,2.4792,100.0,12.5,-0.128,2.508508,False,
ARS-AVL-CRY-LIV-SUN,5,1+1+1+1+1,1,2.6364,2.6,2.67,0.0366,2,"ARS,SUN","MCI,NEW",AVL-CRY-LIV-MCI-NEW,5,1+1+1+1+1,0,2.4792,100.0,12.5,-0.1535,2.508508,False,
ARS-AVL-CRY-MCI-SUN,5,1+1+1+1+1,1,2.6364,2.6,2.67,0.0366,2,"ARS,SUN","COV,FUL",AVL-COV-CRY-FUL-MCI,5,1+1+1+1+1,0,2.4792,100.0,18.8,-0.1242,2.508508,False,
ARS-BHA-CRY-LIV-SUN,5,1+1+1+1+1,1,2.6364,2.6,2.67,0.0366,2,"ARS,CRY","COV,MCI",BHA-COV-LIV-MCI-SUN,5,1+1+1+1+1,1,2.4792,100.0,25.0,-0.1292,2.508508,False,
ARS-BHA-CRY-MCI-SUN,5,1+1+1+1+1,1,2.6364,2.6,2.67,0.0366,2,"ARS,CRY","COV,LIV",BHA-COV-LIV-MCI-SUN,5,1+1+1+1+1,1,2.4792,100.0,25.0,-0.1292,2.508508,False,
ARS-BRE-CHE-EVE-SUN,5,1+1+1+1+1,1,2.6364,2.6,2.67,0.0634,2,"ARS,BRE","COV,MCI",CHE-COV-EVE-MCI-SUN,5,1+1+1+1+1,1,2.4792,100.0,12.5,-0.1133,2.508508,False,
AVL-BRE-CRY-NFO-SUN,5,1+1+1+1+1,1,2.6364,2.6,2.67,0.1232,2,"CRY,SUN","BOU,COV",AVL-BOU-BRE-COV-NFO,5,1+1+1+1+1,0,2.4792,100.0,18.8,-0.14,2.508508,False,
BRE-BHA-CRY-NFO-SUN,5,1+1+1+1+1,1,2.6364,2.6,2.67,0.1232,2,"BRE,SUN","LIV,MCI",BHA-CRY-LIV-MCI-NFO,5,1+1+1+1+1,0,2.4792,100.0,25.0,-0.0977,2.508508,False,
BHA-CRY-MCI-NFO-SUN,5,1+1+1+1+1,1,2.6364,2.6,2.67,0.1232,1,SUN,LIV,BHA-CRY-LIV-MCI-NFO,5,1+1+1+1+1,0,2.4792,100.0,25.0,-0.0977,2.508508,False,
ARS-AVL-CHE-EVE-SUN,5,1+1+1+1+1,1,2.6364,2.6,2.67,0.1365,2,"ARS,SUN","COV,LEE",AVL-CHE-COV-EVE-LEE,5,1+1+1+1+1,0,2.4792,100.0,12.5,-0.128,2.508508,False,
ARS-BHA-CHE-EVE-SUN,5,1+1+1+1+1,1,2.6364,2.6,2.67,0.1365,2,"ARS,BHA","COV,MCI",CHE-COV-EVE-MCI-SUN,5,1+1+1+1+1,1,2.4792,100.0,12.5,-0.1133,2.508508,False,
ARS-EVE-LEE-TOT-SUN,5,1+1+1+1+1,1,2.6364,2.6,2.67,0.25,2,"ARS,SUN","CHE,FUL",CHE-EVE-FUL-LEE-TOT,5,1+1+1+1+1,0,2.4792,100.0,12.5,-0.1443,2.508508,False,
EVE-EVE-NFO-TOT-SUN,4,2+1+1+1,1,2.6364,2.6,2.67,0.2634,2,"EVE,TOT","BOU,COV",BOU-COV-EVE-NFO-SUN,5,1+1+1+1+1,1,2.4792,100.0,31.2,-0.0867,2.508508,False,
ARS-CHE-CHE-TOT-SUN,4,2+1+1+1,1,2.6364,2.6,2.67,0.428,2,"ARS,CHE","BOU,NFO",BOU-CHE-NFO-TOT-SUN,5,1+1+1+1+1,1,2.4792,100.0,12.5,-0.1412,2.508508,False,
ARS-CHE-EVE-TOT-SUN,5,1+1+1+1+1,1,2.6364,2.6,2.67,0.5335,2,"ARS,SUN","FUL,LEE",CHE-EVE-FUL-LEE-TOT,5,1+1+1+1+1,0,2.4792,100.0,12.5,-0.1443,2.508508,False,
CHE-CHE-EVE-MUN-SUN,4,2+1+1+1,1,2.6364,2.6,2.67,0.8669,2,"CHE,MUN","COV,MCI",CHE-COV-EVE-MCI-SUN,5,1+1+1+1+1,1,2.4792,100.0,12.5,-0.1133,2.508508,False,
CHE-EVE-EVE-MUN-SUN,4,2+1+1+1,1,2.6364,2.6,2.67,0.878,2,"EVE,MUN","COV,MCI",CHE-COV-EVE-MCI-SUN,5,1+1+1+1+1,1,2.4792,100.0,12.5,-0.1133,2.508508,False,
BRE-EVE-EVE-MCI-SUN,4,2+1+1+1,1,2.6364,2.8,2.5,-0.3,2,"BRE,EVE","CHE,COV",CHE-COV-EVE-MCI-SUN,5,1+1+1+1+1,1,2.4792,100.0,12.5,-0.1133,2.508508,False,
AVL-EVE-EVE-LIV-SUN,4,2+1+1+1,1,2.6364,2.8,2.5,-0.2732,2,"AVL,EVE","COV,MCI",COV-EVE-LIV-MCI-SUN,5,1+1+1+1+1,1,2.4792,93.8,25.0,-0.1259,2.508508,False,
AVL-EVE-EVE-MCI-SUN,4,2+1+1+1,1,2.6364,2.8,2.5,-0.2732,2,"AVL,EVE","CHE,COV",CHE-COV-EVE-MCI-SUN,5,1+1+1+1+1,1,2.4792,100.0,12.5,-0.1133,2.508508,False,
BHA-EVE-EVE-LIV-SUN,4,2+1+1+1,1,2.6364,2.8,2.5,-0.2732,2,"EVE,EVE","COV,MCI",BHA-COV-LIV-MCI-SUN,5,1+1+1+1+1,1,2.4792,100.0,25.0,-0.1292,2.508508,False,
BHA-EVE-EVE-MCI-SUN,4,2+1+1+1,1,2.6364,2.8,2.5,-0.2732,2,"EVE,EVE","COV,LIV",BHA-COV-LIV-MCI-SUN,5,1+1+1+1+1,1,2.4792,100.0,25.0,-0.1292,2.508508,False,
CHE-CRY-CRY-LIV-SUN,4,2+1+1+1,1,2.6364,2.8,2.5,-0.2512,2,"CRY,CRY","BOU,NFO",BOU-CHE-LIV-NFO-SUN,5,1+1+1+1+1,1,2.4792,100.0,18.8,-0.0575,2.508508,False,
CHE-CRY-CRY-MCI-SUN,4,2+1+1+1,1,2.6364,2.8,2.5,-0.2512,2,"CRY,CRY","COV,EVE",CHE-COV-EVE-MCI-SUN,5,1+1+1+1+1,1,2.4792,100.0,12.5,-0.1133,2.508508,False,
AVL-AVL-EVE-LEE-SUN,4,2+1+1+1,1,2.6364,2.8,2.5,-0.2464,2,"EVE,SUN","CHE,COV",AVL-AVL-CHE-COV-LEE,4,2+1+1+1,0,2.4792,100.0,31.2,-0.1583,2.508508,False,
CHE-CRY-CRY-TOT-SUN,4,2+1+1+1,1,2.6364,2.8,2.5,-0.2311,2,"CRY,CRY","BOU,NFO",BOU-CHE-NFO-TOT-SUN,5,1+1+1+1+1,1,2.4792,100.0,12.5,-0.1412,2.508508,False,
AVL-AVL-CHE-CRY-SUN,4,2+1+1+1,1,2.6364,2.8,2.5,-0.2275,2,"CRY,SUN","COV,LEE",AVL-AVL-CHE-COV-LEE,4,2+1+1+1,0,2.4792,100.0,31.2,-0.1583,2.508508,False,
AVL-BRE-EVE-LEE-SUN,5,1+1+1+1+1,1,2.6364,2.8,2.5,-0.1866,2,"BRE,SUN","CHE,COV",AVL-CHE-COV-EVE-LEE,5,1+1+1+1+1,0,2.4792,100.0,12.5,-0.128,2.508508,False,
AVL-CRY-LEE-TOT-SUN,5,1+1+1+1+1,1,2.6364,2.8,2.5,-0.1866,2,"CRY,SUN","CHE,FUL",AVL-CHE-FUL-LEE-TOT,5,1+1+1+1+1,0,2.4792,100.0,18.8,-0.1553,2.508508,False,
BHA-EVE-LEE-LIV-SUN,5,1+1+1+1+1,1,2.6364,2.8,2.5,-0.1866,2,"EVE,LEE","COV,MCI",BHA-COV-LIV-MCI-SUN,5,1+1+1+1+1,1,2.4792,100.0,25.0,-0.1292,2.508508,False,
CHE-CRY-LEE-MCI-SUN,5,1+1+1+1+1,1,2.6364,2.8,2.5,-0.1756,2,"CRY,LEE","COV,EVE",CHE-COV-EVE-MCI-SUN,5,1+1+1+1+1,1,2.4792,100.0,12.5,-0.1133,2.508508,False,
AVL-LEE-LEE-TOT-SUN,4,2+1+1+1,1,2.6364,2.8,2.5,-0.1232,2,"LEE,SUN","CHE,FUL",AVL-CHE-FUL-LEE-TOT,5,1+1+1+1+1,0,2.4792,100.0,18.8,-0.1553,2.508508,False,
BHA-LEE-LEE-LIV-SUN,4,2+1+1+1,1,2.6364,2.8,2.5,-0.1,2,"LEE,LEE","COV,MCI",BHA-COV-LIV-MCI-SUN,5,1+1+1+1+1,1,2.4792,100.0,25.0,-0.1292,2.508508,False,
BHA-LEE-LEE-MCI-SUN,4,2+1+1+1,1,2.6364,2.8,2.5,-0.1,2,"LEE,LEE","COV,LIV",BHA-COV-LIV-MCI-SUN,5,1+1+1+1+1,1,2.4792,100.0,25.0,-0.1292,2.508508,False,
CHE-LEE-LEE-MCI-SUN,4,2+1+1+1,1,2.6364,2.8,2.5,-0.1,2,"LEE,LEE","COV,EVE",CHE-COV-EVE-MCI-SUN,5,1+1+1+1+1,1,2.4792,100.0,12.5,-0.1133,2.508508,False,
LEE-LEE-LIV-MCI-SUN,4,2+1+1+1,1,2.6364,2.8,2.5,-0.1,2,"LEE,LEE","BHA,COV",BHA-COV-LIV-MCI-SUN,5,1+1+1+1+1,1,2.4792,100.0,25.0,-0.1292,2.508508,False,
AVL-EVE-LEE-TOT-SUN,5,1+1+1+1+1,1,2.6364,2.8,2.5,-0.0598,2,"EVE,SUN","CHE,FUL",AVL-CHE-FUL-LEE-TOT,5,1+1+1+1+1,0,2.4792,100.0,18.8,-0.1553,2.508508,False,
BHA-EVE-LEE-TOT-SUN,5,1+1+1+1+1,1,2.6364,2.8,2.5,-0.0598,2,"BHA,SUN","CHE,FUL",CHE-EVE-FUL-LEE-TOT,5,1+1+1+1+1,0,2.4792,100.0,12.5,-0.1443,2.508508,False,
CRY-LEE-LIV-MCI-SUN,5,1+1+1+1+1,1,2.6364,2.8,2.5,-0.05,2,"CRY,LEE","BHA,COV",BHA-COV-LIV-MCI-SUN,5,1+1+1+1+1,1,2.4792,100.0,25.0,-0.1292,2.508508,False,
EVE-LEE-LIV-TOT-SUN,5,1+1+1+1+1,1,2.6364,2.8,2.5,-0.05,2,"LEE,SUN","NEW,NFO",EVE-LIV-NEW-NFO-TOT,5,1+1+1+1+1,0,2.4792,100.0,25.0,-0.1014,2.508508,False,
BHA-CRY-LEE-LIV-SUN,5,1+1+1+1+1,1,2.6364,2.8,2.5,-0.0134,2,"CRY,LEE","COV,MCI",BHA-COV-LIV-MCI-SUN,5,1+1+1+1+1,1,2.4792,100.0,25.0,-0.1292,2.508508,False,
BHA-CRY-LEE-MCI-SUN,5,1+1+1+1+1,1,2.6364,2.8,2.5,-0.0134,2,"CRY,LEE","COV,LIV",BHA-COV-LIV-MCI-SUN,5,1+1+1+1+1,1,2.4792,100.0,25.0,-0.1292,2.508508,False,
BRE-CHE-EVE-LEE-SUN,5,1+1+1+1+1,1,2.6364,2.8,2.5,-0.0055,2,"BRE,SUN","COV,FUL",CHE-COV-EVE-FUL-LEE,5,1+1+1+1+1,0,2.4792,100.0,18.8,-0.1356,2.508508,False,
CHE-CRY-LEE-TOT-SUN,5,1+1+1+1+1,1,2.6364,2.8,2.5,-0.0055,2,"CRY,SUN","AVL,FUL",AVL-CHE-FUL-LEE-TOT,5,1+1+1+1+1,0,2.4792,100.0,18.8,-0.1553,2.508508,False,
CRY-CRY-LIV-MCI-SUN,4,2+1+1+1,1,2.6364,2.8,2.5,0.0,2,"CRY,CRY","BHA,COV",BHA-COV-LIV-MCI-SUN,5,1+1+1+1+1,1,2.4792,100.0,25.0,-0.1292,2.508508,False,
EVE-EVE-LIV-TOT-SUN,4,2+1+1+1,1,2.6364,2.8,2.5,0.0,2,"EVE,SUN","NEW,NFO",EVE-LIV-NEW-NFO-TOT,5,1+1+1+1+1,0,2.4792,100.0,25.0,-0.1014,2.508508,False,
EVE-EVE-MCI-TOT-SUN,4,2+1+1+1,1,2.6364,2.8,2.5,0.0,2,"EVE,TOT","CHE,COV",CHE-COV-EVE-MCI-SUN,5,1+1+1+1+1,1,2.4792,100.0,12.5,-0.1133,2.508508,False,
BHA-CHE-EVE-LEE-SUN,5,1+1+1+1+1,1,2.6364,2.8,2.5,0.0176,2,"BHA,SUN","COV,FUL",CHE-COV-EVE-FUL-LEE,5,1+1+1+1+1,0,2.4792,100.0,18.8,-0.1356,2.508508,False,
CHE-CRY-TOT-TOT-SUN,4,2+1+1+1,1,2.6364,2.8,2.5,0.0201,2,"CRY,TOT","BOU,NFO",BOU-CHE-NFO-TOT-SUN,5,1+1+1+1+1,1,2.4792,100.0,12.5,-0.1412,2.508508,False,
AVL-AVL-CRY-LIV-SUN,4,2+1+1+1,1,2.6364,2.8,2.5,0.0732,2,"AVL,SUN","MCI,NEW",AVL-CRY-LIV-MCI-NEW,5,1+1+1+1+1,0,2.4792,100.0,12.5,-0.1535,2.508508,False,
AVL-AVL-CRY-MCI-SUN,4,2+1+1+1,1,2.6364,2.8,2.5,0.0732,2,"AVL,SUN","COV,FUL",AVL-COV-CRY-FUL-MCI,5,1+1+1+1+1,0,2.4792,100.0,18.8,-0.1242,2.508508,False,
BHA-BHA-CRY-LIV-SUN,4,2+1+1+1,1,2.6364,2.8,2.5,0.0732,2,"BHA,CRY","COV,MCI",BHA-COV-LIV-MCI-SUN,5,1+1+1+1+1,1,2.4792,100.0,25.0,-0.1292,2.508508,False,
BHA-BHA-CRY-MCI-SUN,4,2+1+1+1,1,2.6364,2.8,2.5,0.0732,2,"BHA,CRY","COV,LIV",BHA-COV-LIV-MCI-SUN,5,1+1+1+1+1,1,2.4792,100.0,25.0,-0.1292,2.508508,False,
BRE-CHE-CHE-EVE-SUN,4,2+1+1+1,1,2.6364,2.8,2.5,0.089,2,"BRE,CHE","COV,MCI",CHE-COV-EVE-MCI-SUN,5,1+1+1+1+1,1,2.4792,100.0,12.5,-0.1133,2.508508,False,
CHE-CHE-CRY-TOT-SUN,4,2+1+1+1,1,2.6364,2.8,2.5,0.089,2,"CHE,CRY","BOU,NFO",BOU-CHE-NFO-TOT-SUN,5,1+1+1+1+1,1,2.4792,100.0,12.5,-0.1412,2.508508,False,
AVL-CHE-CHE-EVE-SUN,4,2+1+1+1,1,2.6364,2.8,2.5,0.1084,2,"CHE,SUN","COV,LEE",AVL-CHE-COV-EVE-LEE,5,1+1+1+1+1,0,2.4792,100.0,12.5,-0.128,2.508508,False,
BHA-CHE-CHE-EVE-SUN,4,2+1+1+1,1,2.6364,2.8,2.5,0.1084,2,"BHA,CHE","COV,MCI",CHE-COV-EVE-MCI-SUN,5,1+1+1+1+1,1,2.4792,100.0,12.5,-0.1133,2.508508,False,
CHE-LEE-LEE-TOT-SUN,4,2+1+1+1,1,2.6364,2.8,2.5,0.2201,2,"LEE,SUN","AVL,FUL",AVL-CHE-FUL-LEE-TOT,5,1+1+1+1+1,0,2.4792,100.0,18.8,-0.1553,2.508508,False,
EVE-LEE-TOT-TOT-SUN,4,2+1+1+1,1,2.6364,2.8,2.5,0.3,2,"SUN,TOT","CHE,FUL",CHE-EVE-FUL-LEE-TOT,5,1+1+1+1+1,0,2.4792,100.0,12.5,-0.1443,2.508508,False,
CHE-LEE-TOT-TOT-SUN,4,2+1+1+1,1,2.6364,2.8,2.5,0.3457,2,"SUN,TOT","AVL,FUL",AVL-CHE-FUL-LEE-TOT,5,1+1+1+1+1,0,2.4792,100.0,18.8,-0.1553,2.508508,False,
CHE-CHE-LEE-TOT-SUN,4,2+1+1+1,1,2.6364,2.8,2.5,0.3902,2,"CHE,SUN","AVL,FUL",AVL-CHE-FUL-LEE-TOT,5,1+1+1+1+1,0,2.4792,100.0,18.8,-0.1553,2.508508,False,
CHE-EVE-LEE-TOT-SUN,5,1+1+1+1+1,1,2.6364,2.8,2.5,0.4646,1,SUN,FUL,CHE-EVE-FUL-LEE-TOT,5,1+1+1+1+1,0,2.4792,100.0,12.5,-0.1443,2.508508,False,
CHE-EVE-TOT-TOT-SUN,4,2+1+1+1,1,2.6364,2.8,2.5,0.6402,2,"SUN,TOT","FUL,LEE",CHE-EVE-FUL-LEE-TOT,5,1+1+1+1+1,0,2.4792,100.0,12.5,-0.1443,2.508508,False,
ARS-ARS-BRE-NFO-SUN,4,2+1+1+1,1,2.5455,2.2,2.83,0.0732,2,"ARS,BRE","BOU,COV",ARS-BOU-COV-NFO-SUN,5,1+1+1+1+1,1,2.5208,100.0,31.2,-0.0469,2.525405,False,
ARS-BRE-NFO-NFO-SUN,4,2+1+1+1,1,2.5455,2.2,2.83,0.0732,2,"BRE,NFO","BOU,COV",ARS-BOU-COV-NFO-SUN,5,1+1+1+1+1,1,2.5208,100.0,31.2,-0.0469,2.525405,False,
CRY-MUN-NFO-NFO-SUN,4,2+1+1+1,1,2.5455,2.2,2.83,0.1732,2,"NFO,SUN","BOU,LIV",BOU-CRY-LIV-MUN-NFO,5,1+1+1+1+1,0,2.5208,100.0,18.8,-0.1221,2.525405,False,
ARS-ARS-CRY-MUN-SUN,4,2+1+1+1,1,2.5455,2.2,2.83,0.3,2,"ARS,MUN","LIV,MCI",ARS-CRY-LIV-MCI-SUN,5,1+1+1+1+1,1,2.5208,100.0,12.5,-0.1074,2.525405,False,
ARS-ARS-EVE-MUN-SUN,4,2+1+1+1,1,2.5455,2.2,2.83,0.6,2,"ARS,MUN","BOU,CHE",ARS-BOU-CHE-EVE-SUN,5,1+1+1+1+1,1,2.5208,100.0,18.8,-0.0028,2.525405,False,
ARS-ARS-BRE-LEE-SUN,4,2+1+1+1,1,2.5455,2.4,2.67,-0.1,2,"ARS,BRE","COV,MCI",ARS-COV-LEE-MCI-SUN,5,1+1+1+1+1,1,2.5208,100.0,12.5,-0.1559,2.525405,False,
ARS-CRY-LEE-SUN-SUN,4,2+1+1+1,2,2.5455,2.4,2.67,0.05,2,"CRY,SUN","COV,MCI",ARS-COV-LEE-MCI-SUN,5,1+1+1+1+1,1,2.5208,100.0,12.5,-0.1559,2.525405,False,
ARS-CRY-LEE-MUN-SUN,5,1+1+1+1+1,1,2.5455,2.4,2.67,0.15,2,"CRY,MUN","COV,MCI",ARS-COV-LEE-MCI-SUN,5,1+1+1+1+1,1,2.5208,100.0,12.5,-0.1559,2.525405,False,
ARS-LEE-LEE-MUN-SUN,4,2+1+1+1,1,2.5455,2.4,2.67,0.2,2,"LEE,MUN","COV,MCI",ARS-COV-LEE-MCI-SUN,5,1+1+1+1+1,1,2.5208,100.0,12.5,-0.1559,2.525405,False,
ARS-CHE-CHE-MUN-SUN,4,2+1+1+1,1,2.5455,2.4,2.67,0.6158,2,"ARS,MUN","AVL,NEW",AVL-CHE-CHE-NEW-SUN,4,2+1+1+1,1,2.5208,100.0,18.8,-0.2188,2.525405,False,
ARS-BRE-BRE-EVE-SUN,4,2+1+1+1,1,2.5455,2.6,2.5,-0.3,2,"BRE,BRE","BOU,CHE",ARS-BOU-CHE-EVE-SUN,5,1+1+1+1+1,1,2.5208,100.0,18.8,-0.0028,2.525405,False,
ARS-BRE-BRE-LEE-SUN,4,2+1+1+1,1,2.5455,2.6,2.5,-0.25,2,"BRE,BRE","COV,MCI",ARS-COV-LEE-MCI-SUN,5,1+1+1+1+1,1,2.5208,100.0,12.5,-0.1559,2.525405,False,
CRY-CRY-MUN-TOT-SUN,4,2+1+1+1,1,2.5455,2.6,2.5,-0.2,2,"CRY,MUN","IPS,MCI",CRY-IPS-MCI-TOT-SUN,5,1+1+1+1+1,1,2.5208,100.0,18.8,-0.1142,2.525405,False,
AVL-AVL-CRY-MUN-SUN,4,2+1+1+1,1,2.5455,2.6,2.5,-0.1732,2,"AVL,SUN","LIV,MCI",AVL-CRY-LIV-MCI-MUN,5,1+1+1+1+1,0,2.5208,100.0,6.2,-0.1515,2.525405,False,
ARS-BRE-BRE-CRY-SUN,4,2+1+1+1,1,2.5455,2.6,2.5,-0.15,2,"BRE,BRE","LIV,MCI",ARS-CRY-LIV-MCI-SUN,5,1+1+1+1+1,1,2.5208,100.0,12.5,-0.1074,2.525405,False,
ARS-CRY-TOT-TOT-SUN,4,2+1+1+1,1,2.5455,2.6,2.5,-0.15,2,"ARS,TOT","IPS,MCI",CRY-IPS-MCI-TOT-SUN,5,1+1+1+1+1,1,2.5208,100.0,18.8,-0.1142,2.525405,False,
ARS-BRE-BHA-EVE-SUN,5,1+1+1+1+1,1,2.5455,2.6,2.5,-0.1366,2,"BHA,BRE","BOU,CHE",ARS-BOU-CHE-EVE-SUN,5,1+1+1+1+1,1,2.5208,100.0,18.8,-0.0028,2.525405,False,
LEE-LEE-LIV-MUN-SUN,4,2+1+1+1,1,2.5455,2.6,2.5,-0.1,2,"LEE,MUN","BHA,NFO",BHA-LEE-LIV-NFO-SUN,5,1+1+1+1+1,1,2.5208,93.8,18.8,-0.0913,2.525405,False,
BRE-EVE-LEE-MUN-SUN,5,1+1+1+1+1,1,2.5455,2.6,2.5,0.0,2,"BRE,SUN","COV,MCI",COV-EVE-LEE-MCI-MUN,5,1+1+1+1+1,0,2.5208,100.0,6.2,-0.1513,2.525405,False,
CRY-MUN-TOT-TOT-SUN,4,2+1+1+1,1,2.5455,2.6,2.5,0.0,2,"MUN,TOT","IPS,MCI",CRY-IPS-MCI-TOT-SUN,5,1+1+1+1+1,1,2.5208,100.0,18.8,-0.1142,2.525405,False,
BHA-EVE-EVE-MUN-SUN,4,2+1+1+1,1,2.5455,2.6,2.5,0.1536,2,"EVE,MUN","COV,NFO",BHA-COV-EVE-NFO-SUN,5,1+1+1+1+1,1,2.5208,100.0,12.5,-0.1457,2.525405,False,
CHE-CHE-CRY-MUN-SUN,4,2+1+1+1,1,2.5455,2.6,2.5,0.2268,2,"CRY,MUN","AVL,NEW",AVL-CHE-CHE-NEW-SUN,4,2+1+1+1,1,2.5208,100.0,18.8,-0.2188,2.525405,False,
BRE-BRE-BHA-EVE-SUN,4,2+1+1+1,1,2.5455,2.8,2.33,-0.3,2,"BRE,BRE","COV,NFO",BHA-COV-EVE-NFO-SUN,5,1+1+1+1+1,1,2.5208,100.0,12.5,-0.1457,2.525405,False,
BRE-BHA-BHA-EVE-SUN,4,2+1+1+1,1,2.5455,2.8,2.33,-0.2732,2,"BHA,BRE","COV,NFO",BHA-COV-EVE-NFO-SUN,5,1+1+1+1+1,1,2.5208,100.0,12.5,-0.1457,2.525405,False,
BRE-BRE-BHA-MUN-SUN,4,2+1+1+1,1,2.3636,2.6,2.17,-0.3,2,"BRE,SUN","COV,MCI",BRE-BHA-COV-MCI-MUN,5,1+1+1+1+1,0,2.5625,100.0,6.2,-0.1622,2.525417,False,
BRE-BHA-BHA-MUN-SUN,4,2+1+1+1,1,2.3636,2.6,2.17,-0.2732,2,"BHA,SUN","COV,MCI",BRE-BHA-COV-MCI-MUN,5,1+1+1+1+1,0,2.5625,100.0,6.2,-0.1622,2.525417,False,
ARS-ARS-BHA-NFO-SUN,4,2+1+1+1,1,2.6364,2.2,3.0,0.2366,2,"ARS,ARS","LIV,TOT",BHA-LIV-NFO-TOT-SUN,5,1+1+1+1+1,1,2.5,100.0,18.8,-0.1476,2.525431,False,
ARS-ARS-CRY-LIV-SUN,4,2+1+1+1,1,2.6364,2.4,2.83,0.0,2,"ARS,CRY","COV,MCI",ARS-COV-LIV-MCI-SUN,5,1+1+1+1+1,1,2.5,100.0,31.2,-0.0733,2.525431,False,
ARS-ARS-CRY-MCI-SUN,4,2+1+1+1,1,2.6364,2.4,2.83,0.0,2,"ARS,CRY","COV,LIV",ARS-COV-LIV-MCI-SUN,5,1+1+1+1+1,1,2.5,100.0,31.2,-0.0733,2.525431,False,
ARS-ARS-AVL-LEE-SUN,4,2+1+1+1,1,2.6364,2.4,2.83,0.0134,2,"ARS,ARS","CHE,TOT",AVL-CHE-LEE-TOT-SUN,5,1+1+1+1+1,1,2.5,100.0,12.5,-0.132,2.525431,False,
ARS-ARS-BHA-LEE-SUN,4,2+1+1+1,1,2.6364,2.4,2.83,0.0134,2,"ARS,ARS","COV,MCI",BHA-COV-LEE-MCI-SUN,5,1+1+1+1+1,1,2.5,100.0,18.8,-0.1462,2.525431,False,
ARS-ARS-AVL-CHE-SUN,4,2+1+1+1,1,2.6364,2.4,2.83,0.0475,2,"ARS,ARS","BRE,MCI",AVL-BRE-CHE-MCI-SUN,5,1+1+1+1+1,1,2.5,100.0,18.8,-0.0507,2.525431,False,
ARS-ARS-BHA-CHE-SUN,4,2+1+1+1,1,2.6364,2.4,2.83,0.0475,2,"ARS,ARS","COV,MCI",BHA-CHE-COV-MCI-SUN,5,1+1+1+1+1,1,2.5,100.0,18.8,-0.106,2.525431,False,
ARS-BHA-BHA-NFO-SUN,4,2+1+1+1,1,2.6364,2.4,2.83,0.0634,2,"ARS,BHA","LIV,TOT",BHA-LIV-NFO-TOT-SUN,5,1+1+1+1+1,1,2.5,100.0,18.8,-0.1476,2.525431,False,
ARS-BRE-CRY-NFO-SUN,5,1+1+1+1+1,1,2.6364,2.4,2.83,0.1232,2,"BRE,SUN","BOU,LIV",ARS-BOU-CRY-LIV-NFO,5,1+1+1+1+1,0,2.5,100.0,18.8,-0.1062,2.525431,False,
ARS-ARS-CHE-LEE-SUN,4,2+1+1+1,1,2.6364,2.4,2.83,0.2323,2,"ARS,ARS","NFO,TOT",CHE-LEE-NFO-TOT-SUN,5,1+1+1+1+1,1,2.5,100.0,12.5,-0.1726,2.525431,False,
ARS-ARS-EVE-TOT-SUN,4,2+1+1+1,1,2.6364,2.4,2.83,0.3,2,"ARS,ARS","COV,NFO",COV-EVE-NFO-TOT-SUN,5,1+1+1+1+1,1,2.5,100.0,18.8,-0.1462,2.525431,False,
ARS-AVL-CRY-TOT-SUN,5,1+1+1+1+1,1,2.6364,2.6,2.67,-0.1366,2,"ARS,SUN","FUL,LEE",AVL-CRY-FUL-LEE-TOT,5,1+1+1+1+1,0,2.5,100.0,12.5,-0.1346,2.525431,False,
ARS-BHA-CRY-TOT-SUN,5,1+1+1+1+1,1,2.6364,2.6,2.67,-0.1366,2,"ARS,CRY","LIV,NFO",BHA-LIV-NFO-TOT-SUN,5,1+1+1+1+1,1,2.5,100.0,18.8,-0.1476,2.525431,False,
ARS-BHA-BHA-LEE-SUN,4,2+1+1+1,1,2.6364,2.6,2.67,-0.1232,2,"ARS,BHA","COV,MCI",BHA-COV-LEE-MCI-SUN,5,1+1+1+1+1,1,2.5,100.0,18.8,-0.1462,2.525431,False,
ARS-LEE-LEE-LIV-SUN,4,2+1+1+1,1,2.6364,2.6,2.67,-0.1,2,"LEE,LEE","COV,MCI",ARS-COV-LIV-MCI-SUN,5,1+1+1+1+1,1,2.5,100.0,31.2,-0.0733,2.525431,False,
ARS-LEE-LEE-MCI-SUN,4,2+1+1+1,1,2.6364,2.6,2.67,-0.1,2,"LEE,LEE","COV,LIV",ARS-COV-LIV-MCI-SUN,5,1+1+1+1+1,1,2.5,100.0,31.2,-0.0733,2.525431,False,
BHA-CRY-CRY-MUN-SUN,4,2+1+1+1,1,2.6364,2.6,2.67,-0.1,2,"CRY,MUN","LIV,MCI",BHA-CRY-LIV-MCI-SUN,5,1+1+1+1+1,1,2.5,100.0,18.8,-0.1215,2.525431,False,
ARS-BRE-EVE-LEE-SUN,5,1+1+1+1+1,1,2.6364,2.6,2.67,-0.05,2,"BRE,SUN","BOU,COV",ARS-BOU-COV-EVE-LEE,5,1+1+1+1+1,0,2.5,100.0,18.8,-0.1026,2.525431,False,
ARS-CRY-LEE-LIV-SUN,5,1+1+1+1+1,1,2.6364,2.6,2.67,-0.05,2,"CRY,LEE","COV,MCI",ARS-COV-LIV-MCI-SUN,5,1+1+1+1+1,1,2.5,100.0,31.2,-0.0733,2.525431,False,
ARS-CRY-LEE-MCI-SUN,5,1+1+1+1+1,1,2.6364,2.6,2.67,-0.05,2,"CRY,LEE","COV,LIV",ARS-COV-LIV-MCI-SUN,5,1+1+1+1+1,1,2.5,100.0,31.2,-0.0733,2.525431,False,
ARS-CRY-LEE-TOT-SUN,5,1+1+1+1+1,1,2.6364,2.6,2.67,-0.05,2,"ARS,CRY","CHE,NFO",CHE-LEE-NFO-TOT-SUN,5,1+1+1+1+1,1,2.5,100.0,12.5,-0.1726,2.525431,False,
ARS-AVL-LEE-LEE-SUN,4,2+1+1+1,1,2.6364,2.6,2.67,-0.0366,2,"ARS,LEE","CHE,TOT",AVL-CHE-LEE-TOT-SUN,5,1+1+1+1+1,1,2.5,100.0,12.5,-0.132,2.525431,False,
ARS-BHA-LEE-LEE-SUN,4,2+1+1+1,1,2.6364,2.6,2.67,-0.0366,2,"ARS,LEE","COV,MCI",BHA-COV-LEE-MCI-SUN,5,1+1+1+1+1,1,2.5,100.0,18.8,-0.1462,2.525431,False,
ARS-AVL-CHE-CRY-SUN,5,1+1+1+1+1,1,2.6364,2.6,2.67,-0.0104,2,"ARS,CRY","BRE,MCI",AVL-BRE-CHE-MCI-SUN,5,1+1+1+1+1,1,2.5,100.0,18.8,-0.0507,2.525431,False,
ARS-BHA-CHE-CRY-SUN,5,1+1+1+1+1,1,2.6364,2.6,2.67,-0.0104,2,"ARS,CHE","LIV,MCI",BHA-CRY-LIV-MCI-SUN,5,1+1+1+1+1,1,2.5,100.0,18.8,-0.1215,2.525431,False,
ARS-BHA-EVE-LEE-SUN,5,1+1+1+1+1,1,2.6364,2.6,2.67,0.0268,2,"ARS,EVE","COV,MCI",BHA-COV-LEE-MCI-SUN,5,1+1+1+1+1,1,2.5,100.0,18.8,-0.1462,2.525431,False,
ARS-AVL-BRE-CRY-SUN,5,1+1+1+1+1,1,2.6364,2.6,2.67,0.0366,2,"ARS,SUN","FUL,MCI",AVL-BRE-CRY-FUL-MCI,5,1+1+1+1+1,0,2.5,100.0,18.8,-0.1524,2.525431,False,
ARS-BRE-BHA-CRY-SUN,5,1+1+1+1+1,1,2.6364,2.6,2.67,0.0366,2,"ARS,BRE","LIV,MCI",BHA-CRY-LIV-MCI-SUN,5,1+1+1+1+1,1,2.5,100.0,18.8,-0.1215,2.525431,False,
ARS-LEE-LEE-TOT-SUN,4,2+1+1+1,1,2.6364,2.6,2.67,0.05,2,"ARS,LEE","CHE,NFO",CHE-LEE-NFO-TOT-SUN,5,1+1+1+1+1,1,2.5,100.0,12.5,-0.1726,2.525431,False,
ARS-CHE-CRY-LEE-SUN,5,1+1+1+1+1,1,2.6364,2.6,2.67,0.0878,2,"ARS,CRY","NFO,TOT",CHE-LEE-NFO-TOT-SUN,5,1+1+1+1+1,1,2.5,100.0,12.5,-0.1726,2.525431,False,
ARS-CHE-LEE-LEE-SUN,4,2+1+1+1,1,2.6364,2.6,2.67,0.1634,2,"ARS,LEE","NFO,TOT",CHE-LEE-NFO-TOT-SUN,5,1+1+1+1+1,1,2.5,100.0,12.5,-0.1726,2.525431,False,
ARS-CHE-CHE-LEE-SUN,4,2+1+1+1,1,2.6364,2.6,2.67,0.2768,2,"ARS,CHE","NFO,TOT",CHE-LEE-NFO-TOT-SUN,5,1+1+1+1+1,1,2.5,100.0,12.5,-0.1726,2.525431,False,
BRE-BRE-EVE-LEE-SUN,4,2+1+1+1,1,2.6364,2.8,2.5,-0.3,2,"BRE,BRE","BOU,COV",BOU-COV-EVE-LEE-SUN,5,1+1+1+1+1,1,2.5,93.8,18.8,-0.0898,2.525431,False,
CRY-CRY-LIV-TOT-SUN,4,2+1+1+1,1,2.6364,2.8,2.5,-0.3,2,"CRY,CRY","BHA,NFO",BHA-LIV-NFO-TOT-SUN,5,1+1+1+1+1,1,2.5,100.0,18.8,-0.1476,2.525431,False,
CRY-CRY-MCI-TOT-SUN,4,2+1+1+1,1,2.6364,2.8,2.5,-0.3,2,"CRY,SUN","FUL,IPS",CRY-FUL-IPS-MCI-TOT,5,1+1+1+1+1,0,2.5,100.0,18.8,-0.1406,2.525431,False,
EVE-LEE-LIV-LIV-SUN,4,2+1+1+1,1,2.6364,2.8,2.5,-0.3,2,"LIV,SUN","CHE,HUL",CHE-EVE-HUL-LEE-LIV,5,1+1+1+1+1,0,2.5,100.0,18.8,-0.136,2.525431,False,
AVL-AVL-CRY-TOT-SUN,4,2+1+1+1,1,2.6364,2.8,2.5,-0.2732,2,"AVL,SUN","FUL,LEE",AVL-CRY-FUL-LEE-TOT,5,1+1+1+1+1,0,2.5,100.0,12.5,-0.1346,2.525431,False,
AVL-BRE-EVE-EVE-SUN,4,2+1+1+1,1,2.6364,2.8,2.5,-0.2732,2,"EVE,EVE","CHE,MCI",AVL-BRE-CHE-MCI-SUN,5,1+1+1+1+1,1,2.5,100.0,18.8,-0.0507,2.525431,False,
BHA-BHA-CRY-TOT-SUN,4,2+1+1+1,1,2.6364,2.8,2.5,-0.2732,2,"BHA,CRY","LIV,NFO",BHA-LIV-NFO-TOT-SUN,5,1+1+1+1+1,1,2.5,100.0,18.8,-0.1476,2.525431,False,
BRE-CHE-CRY-CRY-SUN,4,2+1+1+1,1,2.6364,2.8,2.5,-0.2512,2,"CRY,CRY","AVL,MCI",AVL-BRE-CHE-MCI-SUN,5,1+1+1+1+1,1,2.5,100.0,18.8,-0.0507,2.525431,False,
BHA-BHA-EVE-LEE-SUN,4,2+1+1+1,1,2.6364,2.8,2.5,-0.2464,2,"BHA,EVE","COV,MCI",BHA-COV-LEE-MCI-SUN,5,1+1+1+1+1,1,2.5,100.0,18.8,-0.1462,2.525431,False,
BHA-BHA-CHE-CRY-SUN,4,2+1+1+1,1,2.6364,2.8,2.5,-0.2275,2,"BHA,CHE","LIV,MCI",BHA-CRY-LIV-MCI-SUN,5,1+1+1+1+1,1,2.5,100.0,18.8,-0.1215,2.525431,False,
BRE-EVE-LEE-LIV-SUN,5,1+1+1+1+1,1,2.6364,2.8,2.5,-0.2,2,"BRE,SUN","CHE,HUL",CHE-EVE-HUL-LEE-LIV,5,1+1+1+1+1,0,2.5,100.0,18.8,-0.136,2.525431,False,
CRY-LEE-LIV-TOT-SUN,5,1+1+1+1+1,1,2.6364,2.8,2.5,-0.2,2,"CRY,LEE","BHA,NFO",BHA-LIV-NFO-TOT-SUN,5,1+1+1+1+1,1,2.5,100.0,18.8,-0.1476,2.525431,False,
CRY-LEE-MCI-TOT-SUN,5,1+1+1+1+1,1,2.6364,2.8,2.5,-0.2,2,"CRY,TOT","BHA,COV",BHA-COV-LEE-MCI-SUN,5,1+1+1+1+1,1,2.5,100.0,18.8,-0.1462,2.525431,False,
BRE-BHA-EVE-LEE-SUN,5,1+1+1+1+1,1,2.6364,2.8,2.5,-0.1866,2,"BRE,EVE","COV,MCI",BHA-COV-LEE-MCI-SUN,5,1+1+1+1+1,1,2.5,100.0,18.8,-0.1462,2.525431,False,
BHA-CRY-LEE-TOT-SUN,5,1+1+1+1+1,1,2.6364,2.8,2.5,-0.1866,2,"CRY,LEE","LIV,NFO",BHA-LIV-NFO-TOT-SUN,5,1+1+1+1+1,1,2.5,100.0,18.8,-0.1476,2.525431,False,
BRE-CHE-CRY-LEE-SUN,5,1+1+1+1+1,1,2.6364,2.8,2.5,-0.1756,2,"CRY,LEE","AVL,MCI",AVL-BRE-CHE-MCI-SUN,5,1+1+1+1+1,1,2.5,100.0,18.8,-0.0507,2.525431,False,
CRY-LEE-LIV-LIV-SUN,4,2+1+1+1,1,2.6364,2.8,2.5,-0.15,2,"LEE,LIV","BHA,MCI",BHA-CRY-LIV-MCI-SUN,5,1+1+1+1+1,1,2.5,100.0,18.8,-0.1215,2.525431,False,
CRY-LEE-MCI-MCI-SUN,4,2+1+1+1,1,2.6364,2.8,2.5,-0.15,2,"CRY,MCI","BHA,COV",BHA-COV-LEE-MCI-SUN,5,1+1+1+1+1,1,2.5,100.0,18.8,-0.1462,2.525431,False,
CRY-LEE-TOT-TOT-SUN,4,2+1+1+1,1,2.6364,2.8,2.5,-0.15,2,"CRY,TOT","CHE,NFO",CHE-LEE-NFO-TOT-SUN,5,1+1+1+1+1,1,2.5,100.0,12.5,-0.1726,2.525431,False,
BHA-CHE-CRY-LEE-SUN,5,1+1+1+1+1,1,2.6364,2.8,2.5,-0.1293,2,"CHE,CRY","COV,MCI",BHA-COV-LEE-MCI-SUN,5,1+1+1+1+1,1,2.5,100.0,18.8,-0.1462,2.525431,False,
BHA-LEE-LEE-TOT-SUN,4,2+1+1+1,1,2.6364,2.8,2.5,-0.1232,2,"LEE,LEE","LIV,NFO",BHA-LIV-NFO-TOT-SUN,5,1+1+1+1+1,1,2.5,100.0,18.8,-0.1476,2.525431,False,
AVL-BRE-LEE-LEE-SUN,4,2+1+1+1,1,2.6364,2.8,2.5,-0.1,2,"LEE,SUN","AVL,COV",AVL-AVL-BRE-COV-LEE,4,2+1+1+1,0,2.5,100.0,18.8,-0.1548,2.525431,False,
BRE-BHA-LEE-LEE-SUN,4,2+1+1+1,1,2.6364,2.8,2.5,-0.1,2,"BRE,LEE","COV,MCI",BHA-COV-LEE-MCI-SUN,5,1+1+1+1+1,1,2.5,100.0,18.8,-0.1462,2.525431,False,
BRE-CHE-LEE-LEE-SUN,4,2+1+1+1,1,2.6364,2.8,2.5,-0.1,2,"LEE,LEE","AVL,MCI",AVL-BRE-CHE-MCI-SUN,5,1+1+1+1+1,1,2.5,100.0,18.8,-0.0507,2.525431,False,
BRE-LEE-LEE-MCI-SUN,4,2+1+1+1,1,2.6364,2.8,2.5,-0.1,2,"BRE,LEE","BHA,COV",BHA-COV-LEE-MCI-SUN,5,1+1+1+1+1,1,2.5,100.0,18.8,-0.1462,2.525431,False,
LEE-LEE-LIV-TOT-SUN,4,2+1+1+1,1,2.6364,2.8,2.5,-0.1,2,"LEE,LEE","BHA,NFO",BHA-LIV-NFO-TOT-SUN,5,1+1+1+1+1,1,2.5,100.0,18.8,-0.1476,2.525431,False,
LEE-LEE-MCI-TOT-SUN,4,2+1+1+1,1,2.6364,2.8,2.5,-0.1,2,"LEE,TOT","BHA,COV",BHA-COV-LEE-MCI-SUN,5,1+1+1+1+1,1,2.5,100.0,18.8,-0.1462,2.525431,False,
BHA-CHE-LEE-LEE-SUN,4,2+1+1+1,1,2.6364,2.8,2.5,-0.0903,2,"CHE,LEE","COV,MCI",BHA-COV-LEE-MCI-SUN,5,1+1+1+1+1,1,2.5,100.0,18.8,-0.1462,2.525431,False,
BRE-CRY-LEE-LIV-SUN,5,1+1+1+1+1,1,2.6364,2.8,2.5,-0.05,2,"BRE,LEE","BHA,MCI",BHA-CRY-LIV-MCI-SUN,5,1+1+1+1+1,1,2.5,100.0,18.8,-0.1215,2.525431,False,
BRE-CRY-LEE-MCI-SUN,5,1+1+1+1+1,1,2.6364,2.8,2.5,-0.05,2,"LEE,SUN","AVL,FUL",AVL-BRE-CRY-FUL-MCI,5,1+1+1+1+1,0,2.5,100.0,18.8,-0.1524,2.525431,False,
AVL-BRE-CRY-LEE-SUN,5,1+1+1+1+1,1,2.6364,2.8,2.5,-0.0134,2,"CRY,SUN","AVL,COV",AVL-AVL-BRE-COV-LEE,4,2+1+1+1,0,2.5,100.0,18.8,-0.1548,2.525431,False,
BRE-BHA-CRY-LEE-SUN,5,1+1+1+1+1,1,2.6364,2.8,2.5,-0.0134,2,"BRE,CRY","COV,MCI",BHA-COV-LEE-MCI-SUN,5,1+1+1+1+1,1,2.5,100.0,18.8,-0.1462,2.525431,False,
CHE-CHE-CRY-LEE-SUN,4,2+1+1+1,1,2.6364,2.8,2.5,-0.0122,2,"CHE,CRY","NFO,TOT",CHE-LEE-NFO-TOT-SUN,5,1+1+1+1+1,1,2.5,100.0,12.5,-0.1726,2.525431,False,
BRE-CRY-CRY-LIV-SUN,4,2+1+1+1,1,2.6364,2.8,2.5,0.0,2,"BRE,CRY","BHA,MCI",BHA-CRY-LIV-MCI-SUN,5,1+1+1+1+1,1,2.5,100.0,18.8,-0.1215,2.525431,False,
BRE-CRY-CRY-MCI-SUN,4,2+1+1+1,1,2.6364,2.8,2.5,0.0,2,"CRY,SUN","AVL,FUL",AVL-BRE-CRY-FUL-MCI,5,1+1+1+1+1,0,2.5,100.0,18.8,-0.1524,2.525431,False,
AVL-EVE-EVE-TOT-SUN,4,2+1+1+1,1,2.6364,2.8,2.5,0.0036,2,"AVL,EVE","COV,NFO",COV-EVE-NFO-TOT-SUN,5,1+1+1+1+1,1,2.5,100.0,18.8,-0.1462,2.525431,False,
BHA-EVE-EVE-TOT-SUN,4,2+1+1+1,1,2.6364,2.8,2.5,0.0036,2,"EVE,EVE","LIV,NFO",BHA-LIV-NFO-TOT-SUN,5,1+1+1+1+1,1,2.5,100.0,18.8,-0.1476,2.525431,False,
AVL-AVL-BRE-CRY-SUN,4,2+1+1+1,1,2.6364,2.8,2.5,0.0732,2,"CRY,SUN","COV,LEE",AVL-AVL-BRE-COV-LEE,4,2+1+1+1,0,2.5,100.0,18.8,-0.1548,2.525431,False,
BRE-BHA-BHA-CRY-SUN,4,2+1+1+1,1,2.6364,2.8,2.5,0.0732,2,"BHA,BRE","LIV,MCI",BHA-CRY-LIV-MCI-SUN,5,1+1+1+1+1,1,2.5,100.0,18.8,-0.1215,2.525431,False,
ARS-ARS-BHA-MUN-SUN,4,2+1+1+1,1,2.4545,2.2,2.67,0.1268,2,"ARS,MUN","COV,MCI",ARS-BHA-COV-MCI-SUN,5,1+1+1+1+1,1,2.5417,100.0,12.5,-0.1437,2.525442,False,
ARS-BHA-BHA-MUN-SUN,4,2+1+1+1,1,2.4545,2.4,2.5,-0.1464,2,"BHA,MUN","COV,MCI",ARS-BHA-COV-MCI-SUN,5,1+1+1+1+1,1,2.5417,100.0,12.5,-0.1437,2.525442,False,
CHE-CRY-MUN-MUN-SUN,4,2+1+1+1,1,2.4545,2.4,2.5,0.2579,2,"CRY,MUN","BOU,TOT",BOU-CHE-MUN-TOT-SUN,5,1+1+1+1+1,1,2.5417,100.0,6.2,-0.1018,2.525442,False,
CHE-CRY-MUN-SUN-SUN,4,2+1+1+1,2,2.4545,2.4,2.5,0.2579,2,"CRY,SUN","BOU,TOT",BOU-CHE-MUN-TOT-SUN,5,1+1+1+1+1,1,2.5417,100.0,6.2,-0.1018,2.525442,False,
BRE-BRE-EVE-MUN-SUN,4,2+1+1+1,1,2.4545,2.6,2.33,-0.3,2,"BRE,BRE","BOU,COV",BOU-COV-EVE-MUN-SUN,5,1+1+1+1+1,1,2.5417,100.0,18.8,-0.1264,2.525442,False,
BRE-EVE-LIV-SUN-SUN,4,2+1+1+1,2,2.4545,2.6,2.33,-0.3,2,"SUN,SUN","BHA,HUL",BRE-BHA-EVE-HUL-LIV,5,1+1+1+1+1,0,2.5417,100.0,6.2,-0.1559,2.525442,False,
AVL-AVL-EVE-MUN-SUN,4,2+1+1+1,1,2.4545,2.6,2.33,-0.2196,2,"AVL,AVL","BOU,COV",BOU-COV-EVE-MUN-SUN,5,1+1+1+1+1,1,2.5417,100.0,18.8,-0.1264,2.525442,False,
BRE-LEE-LIV-MUN-SUN,5,1+1+1+1+1,1,2.4545,2.6,2.33,-0.2,2,"LEE,SUN","AVL,NFO",AVL-BRE-LIV-MUN-NFO,5,1+1+1+1+1,0,2.5417,100.0,12.5,-0.0644,2.525442,False,
ARS-BRE-BRE-BHA-SUN,4,2+1+1+1,1,2.4545,2.6,2.33,-0.1634,2,"BRE,BRE","COV,MCI",ARS-BHA-COV-MCI-SUN,5,1+1+1+1+1,1,2.5417,100.0,12.5,-0.1437,2.525442,False,
ARS-ARS-EVE-NFO-SUN,4,2+1+1+1,1,2.7273,2.2,3.17,0.4732,2,"ARS,ARS","BOU,COV",BOU-COV-EVE-NFO-SUN,5,1+1+1+1+1,1,2.4792,100.0,31.2,-0.0867,2.525456,False,
AVL-CRY-NFO-NFO-SUN,4,2+1+1+1,1,2.7273,2.4,3.0,0.2232,2,"CRY,SUN","BOU,LIV",AVL-BOU-LIV-NFO-NFO,4,2+1+1+1,0,2.4792,93.8,25.0,-0.123,2.525456,False,
BHA-CRY-NFO-NFO-SUN,4,2+1+1+1,1,2.7273,2.4,3.0,0.2232,2,"CRY,SUN","BOU,LIV",BOU-BHA-LIV-NFO-NFO,4,2+1+1+1,0,2.4792,100.0,25.0,-0.147,2.525456,False,
ARS-AVL-CRY-NFO-SUN,5,1+1+1+1+1,1,2.7273,2.4,3.0,0.2732,2,"CRY,SUN","BOU,LIV",ARS-AVL-BOU-LIV-NFO,5,1+1+1+1+1,0,2.4792,100.0,12.5,-0.1091,2.525456,False,
ARS-BHA-CRY-NFO-SUN,5,1+1+1+1+1,1,2.7273,2.4,3.0,0.2732,2,"ARS,SUN","LIV,MCI",BHA-CRY-LIV-MCI-NFO,5,1+1+1+1+1,0,2.4792,100.0,25.0,-0.0977,2.525456,False,
ARS-EVE-EVE-NFO-SUN,4,2+1+1+1,1,2.7273,2.4,3.0,0.4366,2,"ARS,EVE","BOU,COV",BOU-COV-EVE-NFO-SUN,5,1+1+1+1+1,1,2.4792,100.0,31.2,-0.0867,2.525456,False,
ARS-ARS-CHE-EVE-SUN,4,2+1+1+1,1,2.7273,2.4,3.0,0.5268,2,"ARS,ARS","COV,MCI",CHE-COV-EVE-MCI-SUN,5,1+1+1+1+1,1,2.4792,100.0,12.5,-0.1133,2.525456,False,
CRY-CRY-NFO-TOT-SUN,4,2+1+1+1,1,2.7273,2.6,2.83,-0.1634,2,"CRY,SUN","BOU,FUL",BOU-CRY-FUL-NFO-TOT,5,1+1+1+1+1,0,2.4792,100.0,18.8,-0.177,2.525456,False,
CHE-CRY-CRY-NFO-SUN,4,2+1+1+1,1,2.7273,2.6,2.83,-0.0162,2,"CRY,CRY","BOU,COV",BOU-CHE-COV-NFO-SUN,5,1+1+1+1+1,1,2.4792,100.0,25.0,-0.0616,2.525456,False,
ARS-EVE-EVE-LIV-SUN,4,2+1+1+1,1,2.7273,2.6,2.83,0.0,2,"EVE,SUN","BOU,COV",ARS-BOU-COV-EVE-LIV,5,1+1+1+1+1,0,2.4792,100.0,18.8,-0.0922,2.525456,False,
ARS-EVE-EVE-MCI-SUN,4,2+1+1+1,1,2.7273,2.6,2.83,0.0,2,"ARS,EVE","CHE,COV",CHE-COV-EVE-MCI-SUN,5,1+1+1+1+1,1,2.4792,100.0,12.5,-0.1133,2.525456,False,
CRY-CRY-MCI-NFO-SUN,4,2+1+1+1,1,2.7273,2.6,2.83,0.0732,2,"CRY,SUN","BHA,LIV",BHA-CRY-LIV-MCI-NFO,5,1+1+1+1+1,0,2.4792,100.0,25.0,-0.0977,2.525456,False,
AVL-AVL-CRY-NFO-SUN,4,2+1+1+1,1,2.7273,2.6,2.83,0.1366,2,"AVL,SUN","LIV,MCI",AVL-CRY-LIV-MCI-NFO,5,1+1+1+1+1,0,2.4792,93.8,18.8,-0.0758,2.525456,False,
BHA-BHA-CRY-NFO-SUN,4,2+1+1+1,1,2.7273,2.6,2.83,0.1366,2,"BHA,SUN","LIV,MCI",BHA-CRY-LIV-MCI-NFO,5,1+1+1+1+1,0,2.4792,100.0,25.0,-0.0977,2.525456,False,
ARS-CHE-EVE-LEE-SUN,5,1+1+1+1+1,1,2.7273,2.6,2.83,0.4079,2,"ARS,SUN","COV,FUL",CHE-COV-EVE-FUL-LEE,5,1+1+1+1+1,0,2.4792,100.0,18.8,-0.1356,2.525456,False,
ARS-CHE-CHE-EVE-SUN,4,2+1+1+1,1,2.7273,2.6,2.83,0.6158,2,"ARS,CHE","COV,MCI",CHE-COV-EVE-MCI-SUN,5,1+1+1+1+1,1,2.4792,100.0,12.5,-0.1133,2.525456,False,
AVL-EVE-LEE-LEE-SUN,4,2+1+1+1,1,2.7273,2.8,2.67,-0.0732,2,"LEE,SUN","CHE,COV",AVL-CHE-COV-EVE-LEE,5,1+1+1+1+1,0,2.4792,100.0,12.5,-0.128,2.525456,False,
AVL-EVE-EVE-LEE-SUN,4,2+1+1+1,1,2.7273,2.8,2.67,-0.0598,2,"EVE,SUN","CHE,COV",AVL-CHE-COV-EVE-LEE,5,1+1+1+1+1,0,2.4792,100.0,12.5,-0.128,2.525456,False,
AVL-AVL-CRY-LEE-SUN,4,2+1+1+1,1,2.7273,2.8,2.67,-0.05,2,"CRY,SUN","CHE,COV",AVL-AVL-CHE-COV-LEE,4,2+1+1+1,0,2.4792,100.0,31.2,-0.1583,2.525456,False,
AVL-CRY-CRY-LIV-SUN,4,2+1+1+1,1,2.7273,2.8,2.67,0.0732,2,"CRY,SUN","MCI,NEW",AVL-CRY-LIV-MCI-NEW,5,1+1+1+1+1,0,2.4792,100.0,12.5,-0.1535,2.525456,False,
AVL-CRY-CRY-MCI-SUN,4,2+1+1+1,1,2.7273,2.8,2.67,0.0732,2,"CRY,SUN","COV,FUL",AVL-COV-CRY-FUL-MCI,5,1+1+1+1+1,0,2.4792,100.0,18.8,-0.1242,2.525456,False,
BHA-CRY-CRY-LIV-SUN,4,2+1+1+1,1,2.7273,2.8,2.67,0.0732,2,"CRY,CRY","COV,MCI",BHA-COV-LIV-MCI-SUN,5,1+1+1+1+1,1,2.4792,100.0,25.0,-0.1292,2.525456,False,
BHA-CRY-CRY-MCI-SUN,4,2+1+1+1,1,2.7273,2.8,2.67,0.0732,2,"CRY,CRY","COV,LIV",BHA-COV-LIV-MCI-SUN,5,1+1+1+1+1,1,2.4792,100.0,25.0,-0.1292,2.525456,False,
BRE-CHE-EVE-EVE-SUN,4,2+1+1+1,1,2.7273,2.8,2.67,0.089,2,"BRE,EVE","COV,MCI",CHE-COV-EVE-MCI-SUN,5,1+1+1+1+1,1,2.4792,100.0,12.5,-0.1133,2.525456,False,
AVL-CHE-EVE-EVE-SUN,4,2+1+1+1,1,2.7273,2.8,2.67,0.1255,2,"EVE,SUN","COV,LEE",AVL-CHE-COV-EVE-LEE,5,1+1+1+1+1,0,2.4792,100.0,12.5,-0.128,2.525456,False,
BHA-CHE-EVE-EVE-SUN,4,2+1+1+1,1,2.7273,2.8,2.67,0.1255,2,"BHA,EVE","COV,MCI",CHE-COV-EVE-MCI-SUN,5,1+1+1+1+1,1,2.4792,100.0,12.5,-0.1133,2.525456,False,
EVE-LEE-LEE-TOT-SUN,4,2+1+1+1,1,2.7273,2.8,2.67,0.2,2,"LEE,SUN","CHE,FUL",CHE-EVE-FUL-LEE-TOT,5,1+1+1+1+1,0,2.4792,100.0,12.5,-0.1443,2.525456,False,
CHE-EVE-LEE-LEE-SUN,4,2+1+1+1,1,2.7273,2.8,2.67,0.289,2,"LEE,SUN","COV,FUL",CHE-COV-EVE-FUL-LEE,5,1+1+1+1+1,0,2.4792,100.0,18.8,-0.1356,2.525456,False,
EVE-EVE-LEE-TOT-SUN,4,2+1+1+1,1,2.7273,2.8,2.67,0.35,2,"EVE,SUN","CHE,FUL",CHE-EVE-FUL-LEE-TOT,5,1+1+1+1+1,0,2.4792,100.0,12.5,-0.1443,2.525456,False,
CHE-CHE-EVE-LEE-SUN,4,2+1+1+1,1,2.7273,2.8,2.67,0.478,2,"CHE,SUN","COV,FUL",CHE-COV-EVE-FUL-LEE,5,1+1+1+1+1,0,2.4792,100.0,18.8,-0.1356,2.525456,False,
CHE-EVE-EVE-TOT-SUN,4,2+1+1+1,1,2.7273,2.8,2.67,0.7091,2,"EVE,SUN","FUL,LEE",CHE-EVE-FUL-LEE-TOT,5,1+1+1+1+1,0,2.4792,100.0,12.5,-0.1443,2.525456,False,
CHE-CHE-EVE-TOT-SUN,4,2+1+1+1,1,2.7273,2.8,2.67,0.7292,2,"CHE,SUN","FUL,LEE",CHE-EVE-FUL-LEE-TOT,5,1+1+1+1+1,0,2.4792,100.0,12.5,-0.1443,2.525456,False,
ARS-ARS-BRE-CRY-SUN,4,2+1+1+1,1,2.6364,2.4,2.83,0.0,2,"ARS,BRE","LIV,MCI",ARS-CRY-LIV-MCI-SUN,5,1+1+1+1+1,1,2.5208,100.0,12.5,-0.1074,2.542353,False,
ARS-ARS-BRE-EVE-SUN,4,2+1+1+1,1,2.6364,2.4,2.83,0.0,2,"ARS,BRE","BOU,CHE",ARS-BOU-CHE-EVE-SUN,5,1+1+1+1+1,1,2.5208,100.0,18.8,-0.0028,2.542353,False,
ARS-ARS-CRY-TOT-SUN,4,2+1+1+1,1,2.6364,2.4,2.83,0.0,2,"ARS,ARS","IPS,MCI",CRY-IPS-MCI-TOT-SUN,5,1+1+1+1+1,1,2.5208,100.0,18.8,-0.1142,2.542353,False,
CRY-CRY-MUN-NFO-SUN,4,2+1+1+1,1,2.6364,2.4,2.83,0.0732,2,"CRY,SUN","BOU,LIV",BOU-CRY-LIV-MUN-NFO,5,1+1+1+1+1,0,2.5208,100.0,18.8,-0.1221,2.542353,False,
ARS-CRY-CRY-MUN-SUN,4,2+1+1+1,1,2.6364,2.4,2.83,0.1,2,"CRY,MUN","LIV,MCI",ARS-CRY-LIV-MCI-SUN,5,1+1+1+1+1,1,2.5208,100.0,12.5,-0.1074,2.542353,False,
ARS-EVE-EVE-MUN-SUN,4,2+1+1+1,1,2.6364,2.4,2.83,0.7,2,"EVE,MUN","BOU,CHE",ARS-BOU-CHE-EVE-SUN,5,1+1+1+1+1,1,2.5208,100.0,18.8,-0.0028,2.542353,False,
ARS-AVL-AVL-EVE-SUN,4,2+1+1+1,1,2.6364,2.6,2.67,-0.1464,2,"AVL,EVE","CHE,MCI",ARS-AVL-CHE-MCI-SUN,5,1+1+1+1+1,1,2.5208,100.0,18.8,-0.0784,2.542353,False,
ARS-BHA-BHA-EVE-SUN,4,2+1+1+1,1,2.6364,2.6,2.67,-0.1464,2,"BHA,BHA","BOU,CHE",ARS-BOU-CHE-EVE-SUN,5,1+1+1+1+1,1,2.5208,100.0,18.8,-0.0028,2.542353,False,
ARS-BRE-LEE-LEE-SUN,4,2+1+1+1,1,2.6364,2.6,2.67,-0.1,2,"BRE,LEE","COV,MCI",ARS-COV-LEE-MCI-SUN,5,1+1+1+1+1,1,2.5208,100.0,12.5,-0.1559,2.542353,False,
AVL-CRY-CRY-MUN-SUN,4,2+1+1+1,1,2.6364,2.6,2.67,-0.1,2,"CRY,SUN","LIV,MCI",AVL-CRY-LIV-MCI-MUN,5,1+1+1+1+1,0,2.5208,100.0,6.2,-0.1515,2.542353,False,
ARS-BRE-CRY-LEE-SUN,5,1+1+1+1+1,1,2.6364,2.6,2.67,-0.05,2,"BRE,CRY","COV,MCI",ARS-COV-LEE-MCI-SUN,5,1+1+1+1+1,1,2.5208,100.0,12.5,-0.1559,2.542353,False,
ARS-CHE-CHE-CRY-SUN,4,2+1+1+1,1,2.6364,2.6,2.67,0.1256,2,"ARS,CRY","AVL,NEW",AVL-CHE-CHE-NEW-SUN,4,2+1+1+1,1,2.5208,100.0,18.8,-0.2188,2.542353,False,
EVE-LEE-LEE-MUN-SUN,4,2+1+1+1,1,2.6364,2.6,2.67,0.3,2,"LEE,SUN","COV,MCI",COV-EVE-LEE-MCI-MUN,5,1+1+1+1+1,0,2.5208,100.0,6.2,-0.1513,2.542353,False,
EVE-EVE-LEE-MUN-SUN,4,2+1+1+1,1,2.6364,2.6,2.67,0.5,2,"EVE,SUN","COV,MCI",COV-EVE-LEE-MCI-MUN,5,1+1+1+1+1,0,2.5208,100.0,6.2,-0.1513,2.542353,False,
BRE-BHA-EVE-EVE-SUN,4,2+1+1+1,1,2.6364,2.8,2.5,-0.2732,2,"BRE,EVE","COV,NFO",BHA-COV-EVE-NFO-SUN,5,1+1+1+1+1,1,2.5208,100.0,12.5,-0.1457,2.542353,False,
BRE-CRY-NFO-SUN-SUN,4,2+1+1+1,2,2.4545,2.4,2.5,-0.1634,2,"SUN,SUN","BOU,MUN",BOU-BRE-CRY-MUN-NFO,5,1+1+1+1+1,0,2.5625,100.0,12.5,-0.1132,2.542364,False,
CRY-LEE-MUN-MUN-SUN,4,2+1+1+1,1,2.4545,2.4,2.5,0.05,2,"LEE,MUN","BOU,COV",BOU-COV-CRY-MUN-SUN,5,1+1+1+1+1,1,2.5625,100.0,12.5,-0.0786,2.542364,False,
CRY-LEE-MUN-SUN-SUN,4,2+1+1+1,2,2.4545,2.4,2.5,0.05,2,"LEE,SUN","BOU,COV",BOU-COV-CRY-MUN-SUN,5,1+1+1+1+1,1,2.5625,100.0,12.5,-0.0786,2.542364,False,
BRE-BRE-CRY-MUN-SUN,4,2+1+1+1,1,2.4545,2.6,2.33,-0.3,2,"BRE,SUN","BOU,NFO",BOU-BRE-CRY-MUN-NFO,5,1+1+1+1+1,0,2.5625,100.0,12.5,-0.1132,2.542364,False,
BRE-BRE-LEE-MUN-SUN,4,2+1+1+1,1,2.4545,2.6,2.33,-0.3,2,"BRE,SUN","AVL,COV",AVL-BRE-COV-LEE-MUN,5,1+1+1+1+1,0,2.5625,100.0,6.2,-0.1518,2.542364,False,
ARS-CRY-NFO-NFO-SUN,4,2+1+1+1,1,2.7273,2.2,3.17,0.3964,2,"NFO,SUN","BOU,LIV",ARS-BOU-CRY-LIV-NFO,5,1+1+1+1+1,0,2.5,100.0,18.8,-0.1062,2.542378,False,
ARS-ARS-CRY-NFO-SUN,4,2+1+1+1,1,2.7273,2.2,3.17,0.4098,2,"ARS,SUN","BOU,LIV",ARS-BOU-CRY-LIV-NFO,5,1+1+1+1+1,0,2.5,100.0,18.8,-0.1062,2.542378,False,
ARS-ARS-AVL-CRY-SUN,4,2+1+1+1,1,2.7273,2.4,3.0,0.15,2,"ARS,SUN","LIV,MCI",ARS-AVL-CRY-LIV-MCI,5,1+1+1+1+1,0,2.5,100.0,6.2,-0.1226,2.542378,False,
ARS-ARS-BHA-CRY-SUN,4,2+1+1+1,1,2.7273,2.4,3.0,0.15,2,"ARS,ARS","LIV,MCI",BHA-CRY-LIV-MCI-SUN,5,1+1+1+1+1,1,2.5,100.0,18.8,-0.1215,2.542378,False,
ARS-ARS-EVE-LEE-SUN,4,2+1+1+1,1,2.7273,2.4,3.0,0.3,2,"ARS,SUN","BOU,COV",ARS-BOU-COV-EVE-LEE,5,1+1+1+1+1,0,2.5,100.0,18.8,-0.1026,2.542378,False,
ARS-CRY-CRY-LIV-SUN,4,2+1+1+1,1,2.7273,2.6,2.83,0.0,2,"CRY,CRY","COV,MCI",ARS-COV-LIV-MCI-SUN,5,1+1+1+1+1,1,2.5,100.0,31.2,-0.0733,2.542378,False,
ARS-CRY-CRY-MCI-SUN,4,2+1+1+1,1,2.7273,2.6,2.83,0.0,2,"CRY,CRY","COV,LIV",ARS-COV-LIV-MCI-SUN,5,1+1+1+1+1,1,2.5,100.0,31.2,-0.0733,2.542378,False,
ARS-AVL-AVL-CRY-SUN,4,2+1+1+1,1,2.7273,2.6,2.83,0.05,2,"AVL,SUN","LIV,MCI",ARS-AVL-CRY-LIV-MCI,5,1+1+1+1+1,0,2.5,100.0,6.2,-0.1226,2.542378,False,
ARS-AVL-CRY-LEE-SUN,5,1+1+1+1+1,1,2.7273,2.6,2.83,0.05,2,"ARS,SUN","FUL,TOT",AVL-CRY-FUL-LEE-TOT,5,1+1+1+1+1,0,2.5,100.0,12.5,-0.1346,2.542378,False,
ARS-BHA-BHA-CRY-SUN,4,2+1+1+1,1,2.7273,2.6,2.83,0.05,2,"ARS,BHA","LIV,MCI",BHA-CRY-LIV-MCI-SUN,5,1+1+1+1+1,1,2.5,100.0,18.8,-0.1215,2.542378,False,
ARS-BHA-CRY-LEE-SUN,5,1+1+1+1+1,1,2.7273,2.6,2.83,0.05,2,"ARS,CRY","COV,MCI",BHA-COV-LEE-MCI-SUN,5,1+1+1+1+1,1,2.5,100.0,18.8,-0.1462,2.542378,False,
ARS-EVE-LEE-LEE-SUN,4,2+1+1+1,1,2.7273,2.6,2.83,0.2,2,"LEE,SUN","BOU,COV",ARS-BOU-COV-EVE-LEE,5,1+1+1+1+1,0,2.5,100.0,18.8,-0.1026,2.542378,False,
ARS-EVE-EVE-TOT-SUN,4,2+1+1+1,1,2.7273,2.6,2.83,0.45,2,"ARS,EVE","COV,NFO",COV-EVE-NFO-TOT-SUN,5,1+1+1+1+1,1,2.5,100.0,18.8,-0.1462,2.542378,False,
AVL-CRY-CRY-TOT-SUN,4,2+1+1+1,1,2.7273,2.8,2.67,-0.25,2,"CRY,SUN","FUL,LEE",AVL-CRY-FUL-LEE-TOT,5,1+1+1+1+1,0,2.5,100.0,12.5,-0.1346,2.542378,False,
BHA-CRY-CRY-TOT-SUN,4,2+1+1+1,1,2.7273,2.8,2.67,-0.25,2,"CRY,CRY","LIV,NFO",BHA-LIV-NFO-TOT-SUN,5,1+1+1+1+1,1,2.5,100.0,18.8,-0.1476,2.542378,False,
CRY-CRY-LEE-TOT-SUN,4,2+1+1+1,1,2.7273,2.8,2.67,-0.25,2,"CRY,CRY","CHE,NFO",CHE-LEE-NFO-TOT-SUN,5,1+1+1+1+1,1,2.5,100.0,12.5,-0.1726,2.542378,False,
AVL-CHE-CRY-CRY-SUN,4,2+1+1+1,1,2.7273,2.8,2.67,-0.1683,2,"CRY,CRY","BRE,MCI",AVL-BRE-CHE-MCI-SUN,5,1+1+1+1+1,1,2.5,100.0,18.8,-0.0507,2.542378,False,
BHA-CHE-CRY-CRY-SUN,4,2+1+1+1,1,2.7273,2.8,2.67,-0.1683,2,"CHE,CRY","LIV,MCI",BHA-CRY-LIV-MCI-SUN,5,1+1+1+1+1,1,2.5,100.0,18.8,-0.1215,2.542378,False,
CHE-CRY-CRY-LEE-SUN,4,2+1+1+1,1,2.7273,2.8,2.67,-0.1567,2,"CRY,CRY","NFO,TOT",CHE-LEE-NFO-TOT-SUN,5,1+1+1+1+1,1,2.5,100.0,12.5,-0.1726,2.542378,False,
BRE-EVE-EVE-LEE-SUN,4,2+1+1+1,1,2.7273,2.8,2.67,-0.1,2,"BRE,EVE","BOU,COV",BOU-COV-EVE-LEE-SUN,5,1+1+1+1+1,1,2.5,93.8,18.8,-0.0898,2.542378,False,
BRE-EVE-LEE-LEE-SUN,4,2+1+1+1,1,2.7273,2.8,2.67,-0.1,2,"BRE,LEE","BOU,COV",BOU-COV-EVE-LEE-SUN,5,1+1+1+1+1,1,2.5,93.8,18.8,-0.0898,2.542378,False,
CRY-CRY-LEE-LIV-SUN,4,2+1+1+1,1,2.7273,2.8,2.67,-0.1,2,"CRY,LEE","BHA,MCI",BHA-CRY-LIV-MCI-SUN,5,1+1+1+1+1,1,2.5,100.0,18.8,-0.1215,2.542378,False,
CRY-CRY-LEE-MCI-SUN,4,2+1+1+1,1,2.7273,2.8,2.67,-0.1,2,"CRY,CRY","BHA,COV",BHA-COV-LEE-MCI-SUN,5,1+1+1+1+1,1,2.5,100.0,18.8,-0.1462,2.542378,False,
CRY-LEE-LEE-LIV-SUN,4,2+1+1+1,1,2.7273,2.8,2.67,-0.1,2,"LEE,LEE","BHA,MCI",BHA-CRY-LIV-MCI-SUN,5,1+1+1+1+1,1,2.5,100.0,18.8,-0.1215,2.542378,False,
CRY-LEE-LEE-MCI-SUN,4,2+1+1+1,1,2.7273,2.8,2.67,-0.1,2,"CRY,LEE","BHA,COV",BHA-COV-LEE-MCI-SUN,5,1+1+1+1+1,1,2.5,100.0,18.8,-0.1462,2.542378,False,
CRY-LEE-LEE-TOT-SUN,4,2+1+1+1,1,2.7273,2.8,2.67,-0.1,2,"CRY,LEE","CHE,NFO",CHE-LEE-NFO-TOT-SUN,5,1+1+1+1+1,1,2.5,100.0,12.5,-0.1726,2.542378,False,
EVE-EVE-LEE-LIV-SUN,4,2+1+1+1,1,2.7273,2.8,2.67,-0.1,2,"EVE,SUN","CHE,HUL",CHE-EVE-HUL-LEE-LIV,5,1+1+1+1+1,0,2.5,100.0,18.8,-0.136,2.542378,False,
EVE-LEE-LEE-LIV-SUN,4,2+1+1+1,1,2.7273,2.8,2.67,-0.1,2,"LEE,SUN","CHE,HUL",CHE-EVE-HUL-LEE-LIV,5,1+1+1+1+1,0,2.5,100.0,18.8,-0.136,2.542378,False,
BHA-EVE-LEE-LEE-SUN,4,2+1+1+1,1,2.7273,2.8,2.67,-0.0732,2,"EVE,LEE","COV,MCI",BHA-COV-LEE-MCI-SUN,5,1+1+1+1+1,1,2.5,100.0,18.8,-0.1462,2.542378,False,
BHA-EVE-EVE-LEE-SUN,4,2+1+1+1,1,2.7273,2.8,2.67,-0.0598,2,"EVE,EVE","COV,MCI",BHA-COV-LEE-MCI-SUN,5,1+1+1+1+1,1,2.5,100.0,18.8,-0.1462,2.542378,False,
AVL-CRY-LEE-LEE-SUN,4,2+1+1+1,1,2.7273,2.8,2.67,-0.05,2,"LEE,SUN","FUL,TOT",AVL-CRY-FUL-LEE-TOT,5,1+1+1+1+1,0,2.5,100.0,12.5,-0.1346,2.542378,False,
BHA-BHA-CRY-LEE-SUN,4,2+1+1+1,1,2.7273,2.8,2.67,-0.05,2,"BHA,CRY","COV,MCI",BHA-COV-LEE-MCI-SUN,5,1+1+1+1+1,1,2.5,100.0,18.8,-0.1462,2.542378,False,
BHA-CRY-LEE-LEE-SUN,4,2+1+1+1,1,2.7273,2.8,2.67,-0.05,2,"CRY,LEE","COV,MCI",BHA-COV-LEE-MCI-SUN,5,1+1+1+1+1,1,2.5,100.0,18.8,-0.1462,2.542378,False,
CHE-CRY-LEE-LEE-SUN,4,2+1+1+1,1,2.7273,2.8,2.67,-0.0311,2,"CRY,LEE","NFO,TOT",CHE-LEE-NFO-TOT-SUN,5,1+1+1+1+1,1,2.5,100.0,12.5,-0.1726,2.542378,False,
AVL-BRE-CRY-CRY-SUN,4,2+1+1+1,1,2.7273,2.8,2.67,0.0732,2,"CRY,SUN","FUL,MCI",AVL-BRE-CRY-FUL-MCI,5,1+1+1+1+1,0,2.5,100.0,18.8,-0.1524,2.542378,False,
BRE-BHA-CRY-CRY-SUN,4,2+1+1+1,1,2.7273,2.8,2.67,0.0732,2,"BRE,CRY","LIV,MCI",BHA-CRY-LIV-MCI-SUN,5,1+1+1+1+1,1,2.5,100.0,18.8,-0.1215,2.542378,False,
AVL-CRY-CRY-NFO-SUN,4,2+1+1+1,1,2.8182,2.6,3.0,0.2098,2,"CRY,SUN","LIV,MCI",AVL-CRY-LIV-MCI-NFO,5,1+1+1+1+1,0,2.4792,93.8,18.8,-0.0758,2.542403,False,
BHA-CRY-CRY-NFO-SUN,4,2+1+1+1,1,2.8182,2.6,3.0,0.2098,2,"CRY,SUN","LIV,MCI",BHA-CRY-LIV-MCI-NFO,5,1+1+1+1+1,0,2.4792,100.0,25.0,-0.0977,2.542403,False,
ARS-CHE-EVE-EVE-SUN,4,2+1+1+1,1,2.8182,2.6,3.0,0.6524,2,"ARS,EVE","COV,MCI",CHE-COV-EVE-MCI-SUN,5,1+1+1+1+1,1,2.4792,100.0,12.5,-0.1133,2.542403,False,
CHE-EVE-EVE-LEE-SUN,4,2+1+1+1,1,2.8182,2.8,2.83,0.4835,2,"EVE,SUN","COV,FUL",CHE-COV-EVE-FUL-LEE,5,1+1+1+1+1,0,2.4792,100.0,18.8,-0.1356,2.542403,False,
ARS-ARS-BRE-BHA-SUN,4,2+1+1+1,1,2.5455,2.4,2.67,-0.1,2,"ARS,BRE","COV,MCI",ARS-BHA-COV-MCI-SUN,5,1+1+1+1+1,1,2.5417,100.0,12.5,-0.1437,2.542408,False,
BRE-CRY-LEE-SUN-SUN,4,2+1+1+1,2,2.5455,2.6,2.5,-0.25,2,"SUN,SUN","AVL,FUL",AVL-BRE-CRY-FUL-LEE,5,1+1+1+1+1,0,2.5417,93.8,18.8,-0.087,2.542408,False,
ARS-BRE-BHA-BHA-SUN,4,2+1+1+1,1,2.5455,2.6,2.5,-0.1,2,"BHA,BRE","COV,MCI",ARS-BHA-COV-MCI-SUN,5,1+1+1+1+1,1,2.5417,100.0,12.5,-0.1437,2.542408,False,
CHE-CRY-CRY-MUN-SUN,4,2+1+1+1,1,2.5455,2.6,2.5,-0.0622,2,"CRY,CRY","BOU,TOT",BOU-CHE-MUN-TOT-SUN,5,1+1+1+1+1,1,2.5417,100.0,6.2,-0.1018,2.542408,False,
BRE-EVE-EVE-MUN-SUN,4,2+1+1+1,1,2.5455,2.6,2.5,0.1,2,"BRE,SUN","CHE,COV",CHE-COV-EVE-EVE-MUN,4,2+1+1+1,0,2.5417,100.0,18.8,-0.1499,2.542408,False,
AVL-EVE-EVE-MUN-SUN,4,2+1+1+1,1,2.5455,2.6,2.5,0.1536,2,"AVL,SUN","CHE,COV",CHE-COV-EVE-EVE-MUN,4,2+1+1+1,0,2.5417,100.0,18.8,-0.1499,2.542408,False,
BRE-BRE-EVE-LIV-SUN,4,2+1+1+1,1,2.5455,2.8,2.33,-0.3,2,"BRE,SUN","BHA,HUL",BRE-BHA-EVE-HUL-LIV,5,1+1+1+1+1,0,2.5417,100.0,6.2,-0.1559,2.542408,False,
BRE-EVE-LIV-LIV-SUN,4,2+1+1+1,1,2.5455,2.8,2.33,-0.3,2,"LIV,SUN","BHA,HUL",BRE-BHA-EVE-HUL-LIV,5,1+1+1+1+1,0,2.5417,100.0,6.2,-0.1559,2.542408,False,
BRE-LEE-LIV-SUN-SUN,4,2+1+1+1,2,2.4545,2.6,2.33,-0.3,2,"LEE,SUN","ARS,HUL",ARS-BRE-HUL-LIV-SUN,5,1+1+1+1+1,1,2.5833,100.0,12.5,-0.0266,2.559286,False,
ARS-ARS-AVL-EVE-SUN,4,2+1+1+1,1,2.7273,2.4,3.0,0.1268,2,"ARS,EVE","CHE,MCI",ARS-AVL-CHE-MCI-SUN,5,1+1+1+1+1,1,2.5208,100.0,18.8,-0.0784,2.5593,False,
ARS-ARS-BHA-EVE-SUN,4,2+1+1+1,1,2.7273,2.4,3.0,0.1268,2,"ARS,BHA","BOU,CHE",ARS-BOU-CHE-EVE-SUN,5,1+1+1+1+1,1,2.5208,100.0,18.8,-0.0028,2.5593,False,
ARS-ARS-CRY-LEE-SUN,4,2+1+1+1,1,2.7273,2.4,3.0,0.15,2,"ARS,CRY","COV,MCI",ARS-COV-LEE-MCI-SUN,5,1+1+1+1+1,1,2.5208,100.0,12.5,-0.1559,2.5593,False,
ARS-ARS-CHE-CRY-SUN,4,2+1+1+1,1,2.7273,2.4,3.0,0.2067,2,"ARS,CRY","AVL,MCI",ARS-AVL-CHE-MCI-SUN,5,1+1+1+1+1,1,2.5208,100.0,18.8,-0.0784,2.5593,False,
ARS-CRY-CRY-TOT-SUN,4,2+1+1+1,1,2.7273,2.6,2.83,-0.15,2,"ARS,CRY","IPS,MCI",CRY-IPS-MCI-TOT-SUN,5,1+1+1+1+1,1,2.5208,100.0,18.8,-0.1142,2.5593,False,
ARS-BRE-CRY-CRY-SUN,4,2+1+1+1,1,2.7273,2.6,2.83,0.0,2,"BRE,CRY","LIV,MCI",ARS-CRY-LIV-MCI-SUN,5,1+1+1+1+1,1,2.5208,100.0,12.5,-0.1074,2.5593,False,
ARS-BRE-EVE-EVE-SUN,4,2+1+1+1,1,2.7273,2.6,2.83,0.0,2,"BRE,EVE","BOU,CHE",ARS-BOU-CHE-EVE-SUN,5,1+1+1+1+1,1,2.5208,100.0,18.8,-0.0028,2.5593,False,
ARS-CHE-CRY-CRY-SUN,4,2+1+1+1,1,2.7273,2.6,2.83,0.0122,2,"CRY,CRY","AVL,MCI",ARS-AVL-CHE-MCI-SUN,5,1+1+1+1+1,1,2.5208,100.0,18.8,-0.0784,2.5593,False,
ARS-CRY-LEE-LEE-SUN,4,2+1+1+1,1,2.7273,2.6,2.83,0.05,2,"CRY,LEE","COV,MCI",ARS-COV-LEE-MCI-SUN,5,1+1+1+1+1,1,2.5208,100.0,12.5,-0.1559,2.5593,False,
ARS-AVL-EVE-EVE-SUN,4,2+1+1+1,1,2.7273,2.6,2.83,0.0902,2,"EVE,EVE","CHE,MCI",ARS-AVL-CHE-MCI-SUN,5,1+1+1+1+1,1,2.5208,100.0,18.8,-0.0784,2.5593,False,
ARS-BHA-EVE-EVE-SUN,4,2+1+1+1,1,2.7273,2.6,2.83,0.0902,2,"BHA,EVE","BOU,CHE",ARS-BOU-CHE-EVE-SUN,5,1+1+1+1+1,1,2.5208,100.0,18.8,-0.0028,2.5593,False,
ARS-CRY-CRY-NFO-SUN,4,2+1+1+1,1,2.8182,2.4,3.17,0.3098,2,"CRY,SUN","BOU,LIV",ARS-BOU-CRY-LIV-NFO,5,1+1+1+1+1,0,2.5,100.0,18.8,-0.1062,2.559325,False,
ARS-AVL-CRY-CRY-SUN,4,2+1+1+1,1,2.8182,2.6,3.0,0.1366,2,"CRY,SUN","LIV,MCI",ARS-AVL-CRY-LIV-MCI,5,1+1+1+1+1,0,2.5,100.0,6.2,-0.1226,2.559325,False,
ARS-BHA-CRY-CRY-SUN,4,2+1+1+1,1,2.8182,2.6,3.0,0.1366,2,"ARS,CRY","LIV,MCI",BHA-CRY-LIV-MCI-SUN,5,1+1+1+1+1,1,2.5,100.0,18.8,-0.1215,2.559325,False,
ARS-EVE-EVE-LEE-SUN,4,2+1+1+1,1,2.8182,2.6,3.0,0.35,2,"EVE,SUN","BOU,COV",ARS-BOU-COV-EVE-LEE,5,1+1+1+1+1,0,2.5,100.0,18.8,-0.1026,2.559325,False,
AVL-CRY-CRY-LEE-SUN,4,2+1+1+1,1,2.8182,2.8,2.83,-0.0134,2,"CRY,SUN","FUL,TOT",AVL-CRY-FUL-LEE-TOT,5,1+1+1+1+1,0,2.5,100.0,12.5,-0.1346,2.559325,False,
BHA-CRY-CRY-LEE-SUN,4,2+1+1+1,1,2.8182,2.8,2.83,-0.0134,2,"CRY,CRY","COV,MCI",BHA-COV-LEE-MCI-SUN,5,1+1+1+1+1,1,2.5,100.0,18.8,-0.1462,2.559325,False,
BRE-CRY-CRY-MUN-SUN,4,2+1+1+1,1,2.5455,2.6,2.5,-0.2,2,"CRY,SUN","BOU,NFO",BOU-BRE-CRY-MUN-NFO,5,1+1+1+1+1,0,2.5625,100.0,12.5,-0.1132,2.559331,False,
BRE-CRY-LEE-MUN-SUN,5,1+1+1+1+1,1,2.5455,2.6,2.5,-0.15,2,"LEE,SUN","BOU,NFO",BOU-BRE-CRY-MUN-NFO,5,1+1+1+1+1,0,2.5625,100.0,12.5,-0.1132,2.559331,False,
BRE-LEE-LEE-MUN-SUN,4,2+1+1+1,1,2.5455,2.6,2.5,-0.1,2,"LEE,SUN","AVL,COV",AVL-BRE-COV-LEE-MUN,5,1+1+1+1+1,0,2.5625,100.0,6.2,-0.1518,2.559331,False,
BRE-BRE-CRY-NFO-SUN,4,2+1+1+1,1,2.5455,2.6,2.5,-0.0634,2,"BRE,SUN","BOU,MUN",BOU-BRE-CRY-MUN-NFO,5,1+1+1+1+1,0,2.5625,100.0,12.5,-0.1132,2.559331,False,
BRE-EVE-EVE-LIV-SUN,4,2+1+1+1,1,2.6364,2.8,2.5,-0.3,2,"EVE,SUN","BHA,HUL",BRE-BHA-EVE-HUL-LIV,5,1+1+1+1+1,0,2.5417,100.0,6.2,-0.1559,2.559356,False,
BRE-BRE-CRY-LEE-SUN,4,2+1+1+1,1,2.6364,2.8,2.5,-0.15,2,"BRE,SUN","AVL,FUL",AVL-BRE-CRY-FUL-LEE,5,1+1+1+1+1,0,2.5417,93.8,18.8,-0.087,2.559356,False,
ARS-CRY-CRY-LEE-SUN,4,2+1+1+1,1,2.8182,2.6,3.0,0.05,2,"CRY,CRY","COV,MCI",ARS-COV-LEE-MCI-SUN,5,1+1+1+1+1,1,2.5208,100.0,12.5,-0.1559,2.576247,False,
BRE-BRE-LEE-LIV-SUN,4,2+1+1+1,1,2.5455,2.8,2.33,-0.1,2,"BRE,LEE","ARS,HUL",ARS-BRE-HUL-LIV-SUN,5,1+1+1+1+1,1,2.5833,100.0,12.5,-0.0266,2.576253,False,
BRE-LEE-LIV-LIV-SUN,4,2+1+1+1,1,2.5455,2.8,2.33,-0.1,2,"LEE,LIV","ARS,HUL",ARS-BRE-HUL-LIV-SUN,5,1+1+1+1+1,1,2.5833,100.0,12.5,-0.0266,2.576253,False,
BRE-CRY-NFO-NFO-SUN,4,2+1+1+1,1,2.6364,2.4,2.83,0.0732,2,"NFO,SUN","BOU,MUN",BOU-BRE-CRY-MUN-NFO,5,1+1+1+1+1,0,2.5625,100.0,12.5,-0.1132,2.576278,False,
CRY-CRY-LEE-MUN-SUN,4,2+1+1+1,1,2.6364,2.6,2.67,-0.1,2,"CRY,LEE","BOU,COV",BOU-COV-CRY-MUN-SUN,5,1+1+1+1+1,1,2.5625,100.0,12.5,-0.0786,2.576278,False,
CRY-LEE-LEE-MUN-SUN,4,2+1+1+1,1,2.6364,2.6,2.67,0.0,2,"LEE,LEE","BOU,COV",BOU-COV-CRY-MUN-SUN,5,1+1+1+1+1,1,2.5625,100.0,12.5,-0.0786,2.576278,False,
BRE-CRY-CRY-LEE-SUN,4,2+1+1+1,1,2.7273,2.8,2.67,-0.1,2,"CRY,SUN","AVL,FUL",AVL-BRE-CRY-FUL-LEE,5,1+1+1+1+1,0,2.5417,93.8,18.8,-0.087,2.576303,False,
BRE-CRY-LEE-LEE-SUN,4,2+1+1+1,1,2.7273,2.8,2.67,-0.1,2,"LEE,SUN","AVL,FUL",AVL-BRE-CRY-FUL-LEE,5,1+1+1+1+1,0,2.5417,93.8,18.8,-0.087,2.576303,False,
BRE-LEE-LEE-LIV-SUN,4,2+1+1+1,1,2.6364,2.8,2.5,-0.1,2,"LEE,LEE","ARS,HUL",ARS-BRE-HUL-LIV-SUN,5,1+1+1+1+1,1,2.5833,100.0,12.5,-0.0266,2.5932,False,
BRE-CRY-CRY-NFO-SUN,4,2+1+1+1,1,2.7273,2.6,2.83,0.0732,2,"CRY,SUN","BOU,MUN",BOU-BRE-CRY-MUN-NFO,5,1+1+1+1+1,0,2.5625,100.0,12.5,-0.1132,2.593225,False,
