tier,tier_id,lineup_summary,clubs,total_price,bb_rqi,tot_effective_xp,gw1_xp_5def,gw2_3_xp_6def,gw1_avg_fdr,gw2_3_rot_fdr,effective_avg_fdr,avg_fdr_corr,has_promoted_proxy
Tier 1: Pure Budget BB1 (£21.5m-£22.5m),1,Maatsen (AVL £4.5m) + Ajer (BRE £4.5m) + Hato (CHE £4.5m) + Chadi Riad (CRY £4.5m) + Greaves (IPS £4.0m),AVL-BRE-CHE-CRY-IPS,22.0,46.75,44.98,19.31,25.68,2.8,2.67,2.7273,-0.0262,False
Tier 1: Pure Budget BB1 (£21.5m-£22.5m),1,Maatsen (AVL £4.5m) + Ajer (BRE £4.5m) + Hato (CHE £4.5m) + Chadi Riad (CRY £4.5m) + Bogle (LEE £4.5m),AVL-BRE-CHE-CRY-LEE,22.5,41.54,43.13,18.0,25.14,3.0,2.5,2.7273,-0.0451,False
Tier 1: Pure Budget BB1 (£21.5m-£22.5m),1,Maatsen (AVL £4.5m) + Ajer (BRE £4.5m) + Hato (CHE £4.5m) + Chadi Riad (CRY £4.5m) + Shaw (MUN £4.5m),AVL-BRE-CHE-CRY-MUN,22.5,53.91,47.16,20.05,27.12,2.8,2.33,2.5455,-0.1872,False
Tier 1: Pure Budget BB1 (£21.5m-£22.5m),1,Maatsen (AVL £4.5m) + Ajer (BRE £4.5m) + Hato (CHE £4.5m) + Chadi Riad (CRY £4.5m) + Jair Cunha (NFO £4.5m),AVL-BRE-CHE-CRY-NFO,22.5,48.61,46.76,20.4,26.36,2.8,2.67,2.7273,0.0588,False
Tier 1: Pure Budget BB1 (£21.5m-£22.5m),1,Maatsen (AVL £4.5m) + Ajer (BRE £4.5m) + Hato (CHE £4.5m) + Chadi Riad (CRY £4.5m) + Hume (SUN £4.5m),AVL-BRE-CHE-CRY-SUN,22.5,54.22,47.34,20.14,27.2,2.8,2.33,2.5455,-0.1872,True
Tier 1: Pure Budget BB1 (£21.5m-£22.5m),1,Maatsen (AVL £4.5m) + Ajer (BRE £4.5m) + Hato (CHE £4.5m) + Mykolenko (EVE £4.5m) + Greaves (IPS £4.0m),AVL-BRE-CHE-EVE-IPS,22.0,46.62,44.5,19.15,25.35,2.8,2.67,2.7273,-0.1793,False
Tier 1: Pure Budget BB1 (£21.5m-£22.5m),1,Maatsen (AVL £4.5m) + Ajer (BRE £4.5m) + Hato (CHE £4.5m) + Mykolenko (EVE £4.5m) + Bogle (LEE £4.5m),AVL-BRE-CHE-EVE-LEE,22.5,41.57,42.73,17.83,24.89,3.0,2.5,2.7273,-0.1982,False
Tier 1: Pure Budget BB1 (£21.5m-£22.5m),1,Maatsen (AVL £4.5m) + Ajer (BRE £4.5m) + Hato (CHE £4.5m) + Mykolenko (EVE £4.5m) + Shaw (MUN £4.5m),AVL-BRE-CHE-EVE-MUN,22.5,54.04,47.23,19.88,27.35,2.8,2.33,2.5455,-0.1903,False
Tier 1: Pure Budget BB1 (£21.5m-£22.5m),1,Maatsen (AVL £4.5m) + Ajer (BRE £4.5m) + Hato (CHE £4.5m) + Mykolenko (EVE £4.5m) + Jair Cunha (NFO £4.5m),AVL-BRE-CHE-EVE-NFO,22.5,51.55,46.8,20.24,26.56,2.8,2.5,2.6364,-0.1809,False
Tier 1: Pure Budget BB1 (£21.5m-£22.5m),1,Maatsen (AVL £4.5m) + Ajer (BRE £4.5m) + Hato (CHE £4.5m) + Mykolenko (EVE £4.5m) + Hume (SUN £4.5m),AVL-BRE-CHE-EVE-SUN,22.5,54.4,47.42,19.98,27.45,2.8,2.33,2.5455,-0.1903,True
Tier 1: Pure Budget BB1 (£21.5m-£22.5m),1,Maatsen (AVL £4.5m) + Ajer (BRE £4.5m) + Hato (CHE £4.5m) + Greaves (IPS £4.0m) + Bogle (LEE £4.5m),AVL-BRE-CHE-IPS-LEE,22.0,43.73,42.1,18.2,23.91,2.8,2.5,2.6364,-0.1372,False
Tier 1: Pure Budget BB1 (£21.5m-£22.5m),1,Maatsen (AVL £4.5m) + Ajer (BRE £4.5m) + Hato (CHE £4.5m) + Greaves (IPS £4.0m) + Shaw (MUN £4.5m),AVL-BRE-CHE-IPS-MUN,22.0,57.79,47.34,20.25,27.09,2.6,2.33,2.4545,-0.1793,False
Tier 1: Pure Budget BB1 (£21.5m-£22.5m),1,Maatsen (AVL £4.5m) + Ajer (BRE £4.5m) + Hato (CHE £4.5m) + Greaves (IPS £4.0m) + Jair Cunha (NFO £4.5m),AVL-BRE-CHE-IPS-NFO,22.0,53.04,46.96,20.6,26.36,2.6,2.67,2.6364,-0.0333,False
Tier 1: Pure Budget BB1 (£21.5m-£22.5m),1,Maatsen (AVL £4.5m) + Ajer (BRE £4.5m) + Hato (CHE £4.5m) + Bogle (LEE £4.5m) + Shaw (MUN £4.5m),AVL-BRE-CHE-LEE-MUN,22.5,51.9,46.03,18.94,27.09,2.8,2.33,2.5455,-0.1982,False
Tier 1: Pure Budget BB1 (£21.5m-£22.5m),1,Maatsen (AVL £4.5m) + Ajer (BRE £4.5m) + Hato (CHE £4.5m) + Bogle (LEE £4.5m) + Hume (SUN £4.5m),AVL-BRE-CHE-LEE-SUN,22.5,52.26,46.23,19.03,27.2,2.8,2.33,2.5455,-0.1982,True
Tier 1: Pure Budget BB1 (£21.5m-£22.5m),1,Maatsen (AVL £4.5m) + Ajer (BRE £4.5m) + Hato (CHE £4.5m) + Shaw (MUN £4.5m) + Jair Cunha (NFO £4.5m),AVL-BRE-CHE-MUN-NFO,22.5,59.69,48.89,21.34,27.55,2.6,2.33,2.4545,-0.1809,False
Tier 1: Pure Budget BB1 (£21.5m-£22.5m),1,Maatsen (AVL £4.5m) + Ajer (BRE £4.5m) + Hato (CHE £4.5m) + Shaw (MUN £4.5m) + Hume (SUN £4.5m),AVL-BRE-CHE-MUN-SUN,22.5,62.54,49.52,21.08,28.44,2.6,2.17,2.3636,-0.1903,True
Tier 1: Pure Budget BB1 (£21.5m-£22.5m),1,Maatsen (AVL £4.5m) + Ajer (BRE £4.5m) + Hato (CHE £4.5m) + Jair Cunha (NFO £4.5m) + Hume (SUN £4.5m),AVL-BRE-CHE-NFO-SUN,22.5,59.96,49.04,21.43,27.61,2.6,2.33,2.4545,-0.1809,True
Tier 1: Pure Budget BB1 (£21.5m-£22.5m),1,Maatsen (AVL £4.5m) + Ajer (BRE £4.5m) + Chadi Riad (CRY £4.5m) + Greaves (IPS £4.0m) + Bogle (LEE £4.5m),AVL-BRE-CRY-IPS-LEE,22.0,42.26,44.12,19.25,24.88,2.8,2.83,2.8182,0.2232,False
Tier 1: Pure Budget BB1 (£21.5m-£22.5m),1,Maatsen (AVL £4.5m) + Ajer (BRE £4.5m) + Chadi Riad (CRY £4.5m) + Greaves (IPS £4.0m) + Shaw (MUN £4.5m),AVL-BRE-CRY-IPS-MUN,22.0,54.86,48.15,21.29,26.86,2.6,2.67,2.6364,0.0366,False
Tier 1: Pure Budget BB1 (£21.5m-£22.5m),1,Maatsen (AVL £4.5m) + Ajer (BRE £4.5m) + Chadi Riad (CRY £4.5m) + Greaves (IPS £4.0m) + Jair Cunha (NFO £4.5m),AVL-BRE-CRY-IPS-NFO,22.0,48.74,47.75,21.65,26.1,2.6,3.0,2.8182,0.4464,False
Tier 1: Pure Budget BB1 (£21.5m-£22.5m),1,Maatsen (AVL £4.5m) + Ajer (BRE £4.5m) + Chadi Riad (CRY £4.5m) + Bogle (LEE £4.5m) + Shaw (MUN £4.5m),AVL-BRE-CRY-LEE-MUN,22.5,49.81,46.3,19.98,26.32,2.8,2.5,2.6364,-0.0134,False
Tier 1: Pure Budget BB1 (£21.5m-£22.5m),1,Maatsen (AVL £4.5m) + Ajer (BRE £4.5m) + Chadi Riad (CRY £4.5m) + Bogle (LEE £4.5m) + Hume (SUN £4.5m),AVL-BRE-CRY-LEE-SUN,22.5,50.12,46.47,20.08,26.39,2.8,2.5,2.6364,-0.0134,True
Tier 1: Pure Budget BB1 (£21.5m-£22.5m),1,Maatsen (AVL £4.5m) + Ajer (BRE £4.5m) + Chadi Riad (CRY £4.5m) + Shaw (MUN £4.5m) + Jair Cunha (NFO £4.5m),AVL-BRE-CRY-MUN-NFO,22.5,56.71,49.93,22.39,27.54,2.6,2.67,2.6364,0.1232,False
Tier 1: Pure Budget BB1 (£21.5m-£22.5m),1,Maatsen (AVL £4.5m) + Ajer (BRE £4.5m) + Chadi Riad (CRY £4.5m) + Shaw (MUN £4.5m) + Hume (SUN £4.5m),AVL-BRE-CRY-MUN-SUN,22.5,62.46,50.5,22.13,28.37,2.6,2.33,2.4545,-0.15,True
Tier 1: Pure Budget BB1 (£21.5m-£22.5m),1,Maatsen (AVL £4.5m) + Ajer (BRE £4.5m) + Chadi Riad (CRY £4.5m) + Jair Cunha (NFO £4.5m) + Hume (SUN £4.5m),AVL-BRE-CRY-NFO-SUN,22.5,56.98,50.07,22.48,27.59,2.6,2.67,2.6364,0.1232,True
Tier 1: Pure Budget BB1 (£21.5m-£22.5m),1,Maatsen (AVL £4.5m) + Ajer (BRE £4.5m) + Mykolenko (EVE £4.5m) + Greaves (IPS £4.0m) + Bogle (LEE £4.5m),AVL-BRE-EVE-IPS-LEE,22.0,43.83,43.18,19.08,24.09,2.8,2.67,2.7273,-0.1,False
Tier 1: Pure Budget BB1 (£21.5m-£22.5m),1,Maatsen (AVL £4.5m) + Ajer (BRE £4.5m) + Mykolenko (EVE £4.5m) + Greaves (IPS £4.0m) + Shaw (MUN £4.5m),AVL-BRE-EVE-IPS-MUN,22.0,57.87,48.41,21.13,27.28,2.6,2.5,2.5455,-0.1366,False
Tier 1: Pure Budget BB1 (£21.5m-£22.5m),1,Maatsen (AVL £4.5m) + Ajer (BRE £4.5m) + Mykolenko (EVE £4.5m) + Greaves (IPS £4.0m) + Jair Cunha (NFO £4.5m),AVL-BRE-EVE-IPS-NFO,22.0,52.98,48.03,21.49,26.55,2.6,2.83,2.7273,0.0366,False
Tier 1: Pure Budget BB1 (£21.5m-£22.5m),1,Maatsen (AVL £4.5m) + Ajer (BRE £4.5m) + Mykolenko (EVE £4.5m) + Bogle (LEE £4.5m) + Shaw (MUN £4.5m),AVL-BRE-EVE-LEE-MUN,22.5,52.13,47.1,19.82,27.28,2.8,2.5,2.6364,-0.1866,False
Tier 1: Pure Budget BB1 (£21.5m-£22.5m),1,Maatsen (AVL £4.5m) + Ajer (BRE £4.5m) + Mykolenko (EVE £4.5m) + Bogle (LEE £4.5m) + Hume (SUN £4.5m),AVL-BRE-EVE-LEE-SUN,22.5,52.49,47.3,19.92,27.38,2.8,2.5,2.6364,-0.1866,True
Tier 1: Pure Budget BB1 (£21.5m-£22.5m),1,Maatsen (AVL £4.5m) + Ajer (BRE £4.5m) + Mykolenko (EVE £4.5m) + Shaw (MUN £4.5m) + Jair Cunha (NFO £4.5m),AVL-BRE-EVE-MUN-NFO,22.5,59.76,49.97,22.23,27.74,2.6,2.5,2.5455,-0.1366,False
Tier 1: Pure Budget BB1 (£21.5m-£22.5m),1,Maatsen (AVL £4.5m) + Ajer (BRE £4.5m) + Mykolenko (EVE £4.5m) + Shaw (MUN £4.5m) + Hume (SUN £4.5m),AVL-BRE-EVE-MUN-SUN,22.5,62.74,50.59,21.97,28.63,2.6,2.33,2.4545,-0.1732,True
Tier 1: Pure Budget BB1 (£21.5m-£22.5m),1,Maatsen (AVL £4.5m) + Ajer (BRE £4.5m) + Mykolenko (EVE £4.5m) + Jair Cunha (NFO £4.5m) + Hume (SUN £4.5m),AVL-BRE-EVE-NFO-SUN,22.5,60.03,50.12,22.32,27.8,2.6,2.5,2.5455,-0.1366,True
Tier 1: Pure Budget BB1 (£21.5m-£22.5m),1,Maatsen (AVL £4.5m) + Ajer (BRE £4.5m) + Greaves (IPS £4.0m) + Bogle (LEE £4.5m) + Shaw (MUN £4.5m),AVL-BRE-IPS-LEE-MUN,22.0,54.16,46.48,20.18,26.29,2.6,2.5,2.5455,-0.1,False
Tier 1: Pure Budget BB1 (£21.5m-£22.5m),1,Maatsen (AVL £4.5m) + Ajer (BRE £4.5m) + Greaves (IPS £4.0m) + Shaw (MUN £4.5m) + Jair Cunha (NFO £4.5m),AVL-BRE-IPS-MUN-NFO,22.0,61.11,50.13,22.59,27.54,2.4,2.67,2.5455,0.0366,False
Tier 1: Pure Budget BB1 (£21.5m-£22.5m),1,Maatsen (AVL £4.5m) + Ajer (BRE £4.5m) + Bogle (LEE £4.5m) + Shaw (MUN £4.5m) + Hume (SUN £4.5m),AVL-BRE-LEE-MUN-SUN,22.5,60.63,49.39,21.02,28.37,2.6,2.33,2.4545,-0.1866,True
Tier 1: Pure Budget BB1 (£21.5m-£22.5m),1,Maatsen (AVL £4.5m) + Ajer (BRE £4.5m) + Shaw (MUN £4.5m) + Jair Cunha (NFO £4.5m) + Hume (SUN £4.5m),AVL-BRE-MUN-NFO-SUN,22.5,68.17,52.21,23.42,28.79,2.4,2.33,2.3636,-0.1366,True
Tier 1: Pure Budget BB1 (£21.5m-£22.5m),1,Maatsen (AVL £4.5m) + Hato (CHE £4.5m) + Chadi Riad (CRY £4.5m) + Greaves (IPS £4.0m) + Bogle (LEE £4.5m),AVL-CHE-CRY-IPS-LEE,22.0,38.22,41.23,18.31,22.92,2.8,2.83,2.8182,-0.0183,False
Tier 1: Pure Budget BB1 (£21.5m-£22.5m),1,Maatsen (AVL £4.5m) + Hato (CHE £4.5m) + Chadi Riad (CRY £4.5m) + Greaves (IPS £4.0m) + Shaw (MUN £4.5m),AVL-CHE-CRY-IPS-MUN,22.0,52.04,46.47,20.36,26.11,2.6,2.67,2.6364,-0.0104,False
Tier 1: Pure Budget BB1 (£21.5m-£22.5m),1,Maatsen (AVL £4.5m) + Hato (CHE £4.5m) + Chadi Riad (CRY £4.5m) + Greaves (IPS £4.0m) + Jair Cunha (NFO £4.5m),AVL-CHE-CRY-IPS-NFO,22.0,47.1,46.09,20.72,25.37,2.6,3.0,2.8182,0.1722,False
Tier 1: Pure Budget BB1 (£21.5m-£22.5m),1,Maatsen (AVL £4.5m) + Hato (CHE £4.5m) + Chadi Riad (CRY £4.5m) + Greaves (IPS £4.0m) + Robertson (TOT £4.5m),AVL-CHE-CRY-IPS-TOT,22.0,51.0,46.91,19.87,27.04,2.8,2.67,2.7273,-0.1793,False
Tier 1: Pure Budget BB1 (£21.5m-£22.5m),1,Maatsen (AVL £4.5m) + Hato (CHE £4.5m) + Chadi Riad (CRY £4.5m) + Bogle (LEE £4.5m) + Shaw (MUN £4.5m),AVL-CHE-CRY-LEE-MUN,22.5,47.33,44.62,19.05,25.57,2.8,2.5,2.6364,-0.1293,False
Tier 1: Pure Budget BB1 (£21.5m-£22.5m),1,Maatsen (AVL £4.5m) + Hato (CHE £4.5m) + Chadi Riad (CRY £4.5m) + Bogle (LEE £4.5m) + Hume (SUN £4.5m),AVL-CHE-CRY-LEE-SUN,22.5,47.69,44.82,19.15,25.67,2.8,2.5,2.6364,-0.1293,True
Tier 1: Pure Budget BB1 (£21.5m-£22.5m),1,Maatsen (AVL £4.5m) + Hato (CHE £4.5m) + Chadi Riad (CRY £4.5m) + Bogle (LEE £4.5m) + Robertson (TOT £4.5m),AVL-CHE-CRY-LEE-TOT,22.5,45.8,45.06,18.55,26.5,3.0,2.5,2.7273,-0.1982,False
Tier 1: Pure Budget BB1 (£21.5m-£22.5m),1,Maatsen (AVL £4.5m) + Hato (CHE £4.5m) + Chadi Riad (CRY £4.5m) + Shaw (MUN £4.5m) + Jair Cunha (NFO £4.5m),AVL-CHE-CRY-MUN-NFO,22.5,54.45,48.27,21.46,26.81,2.6,2.67,2.6364,-0.0254,False
Tier 1: Pure Budget BB1 (£21.5m-£22.5m),1,Maatsen (AVL £4.5m) + Hato (CHE £4.5m) + Chadi Riad (CRY £4.5m) + Shaw (MUN £4.5m) + Hume (SUN £4.5m),AVL-CHE-CRY-MUN-SUN,22.5,59.06,48.85,21.19,27.65,2.6,2.33,2.4545,-0.0714,True
Tier 1: Pure Budget BB1 (£21.5m-£22.5m),1,Maatsen (AVL £4.5m) + Hato (CHE £4.5m) + Chadi Riad (CRY £4.5m) + Shaw (MUN £4.5m) + Robertson (TOT £4.5m),AVL-CHE-CRY-MUN-TOT,22.5,57.42,49.09,20.6,28.48,2.8,2.33,2.5455,-0.1903,False
Tier 1: Pure Budget BB1 (£21.5m-£22.5m),1,Maatsen (AVL £4.5m) + Hato (CHE £4.5m) + Chadi Riad (CRY £4.5m) + Jair Cunha (NFO £4.5m) + Hume (SUN £4.5m),AVL-CHE-CRY-NFO-SUN,22.5,54.76,48.44,21.55,26.89,2.6,2.67,2.6364,-0.0254,True
Tier 1: Pure Budget BB1 (£21.5m-£22.5m),1,Maatsen (AVL £4.5m) + Hato (CHE £4.5m) + Chadi Riad (CRY £4.5m) + Jair Cunha (NFO £4.5m) + Robertson (TOT £4.5m),AVL-CHE-CRY-NFO-TOT,22.5,53.3,48.68,20.96,27.72,2.8,2.67,2.7273,-0.1809,False
Tier 1: Pure Budget BB1 (£21.5m-£22.5m),1,Maatsen (AVL £4.5m) + Hato (CHE £4.5m) + Chadi Riad (CRY £4.5m) + Hume (SUN £4.5m) + Robertson (TOT £4.5m),AVL-CHE-CRY-SUN-TOT,22.5,57.73,49.26,20.7,28.56,2.8,2.33,2.5455,-0.1903,True
Tier 1: Pure Budget BB1 (£21.5m-£22.5m),1,Maatsen (AVL £4.5m) + Hato (CHE £4.5m) + Mykolenko (EVE £4.5m) + Greaves (IPS £4.0m) + Bogle (LEE £4.5m),AVL-CHE-EVE-IPS-LEE,22.0,37.35,40.74,18.15,22.59,2.8,2.83,2.8182,-0.0214,False
Tier 1: Pure Budget BB1 (£21.5m-£22.5m),1,Maatsen (AVL £4.5m) + Hato (CHE £4.5m) + Mykolenko (EVE £4.5m) + Greaves (IPS £4.0m) + Shaw (MUN £4.5m),AVL-CHE-EVE-IPS-MUN,22.0,50.41,45.98,20.2,25.78,2.6,2.67,2.6364,0.1365,False
Tier 1: Pure Budget BB1 (£21.5m-£22.5m),1,Maatsen (AVL £4.5m) + Hato (CHE £4.5m) + Mykolenko (EVE £4.5m) + Greaves (IPS £4.0m) + Jair Cunha (NFO £4.5m),AVL-CHE-EVE-IPS-NFO,22.0,46.66,45.6,20.55,25.05,2.6,3.0,2.8182,0.0825,False
Tier 1: Pure Budget BB1 (£21.5m-£22.5m),1,Maatsen (AVL £4.5m) + Hato (CHE £4.5m) + Mykolenko (EVE £4.5m) + Greaves (IPS £4.0m) + Robertson (TOT £4.5m),AVL-CHE-EVE-IPS-TOT,22.0,49.38,46.42,19.7,26.71,2.8,2.67,2.7273,-0.0324,False
Tier 1: Pure Budget BB1 (£21.5m-£22.5m),1,Maatsen (AVL £4.5m) + Hato (CHE £4.5m) + Mykolenko (EVE £4.5m) + Bogle (LEE £4.5m) + Shaw (MUN £4.5m),AVL-CHE-EVE-LEE-MUN,22.5,45.86,44.22,18.89,25.33,2.8,2.5,2.6364,0.0176,False
Tier 1: Pure Budget BB1 (£21.5m-£22.5m),1,Maatsen (AVL £4.5m) + Hato (CHE £4.5m) + Mykolenko (EVE £4.5m) + Bogle (LEE £4.5m) + Hume (SUN £4.5m),AVL-CHE-EVE-LEE-SUN,22.5,46.21,44.41,18.98,25.43,2.8,2.5,2.6364,0.0176,True
Tier 1: Pure Budget BB1 (£21.5m-£22.5m),1,Maatsen (AVL £4.5m) + Hato (CHE £4.5m) + Mykolenko (EVE £4.5m) + Bogle (LEE £4.5m) + Robertson (TOT £4.5m),AVL-CHE-EVE-LEE-TOT,22.5,44.33,44.65,18.39,26.26,3.0,2.5,2.7273,-0.0513,False
Tier 1: Pure Budget BB1 (£21.5m-£22.5m),1,Maatsen (AVL £4.5m) + Hato (CHE £4.5m) + Mykolenko (EVE £4.5m) + Shaw (MUN £4.5m) + Jair Cunha (NFO £4.5m),AVL-CHE-EVE-MUN-NFO,22.5,55.84,48.29,21.29,27.0,2.6,2.5,2.5455,0.0348,False
Tier 1: Pure Budget BB1 (£21.5m-£22.5m),1,Maatsen (AVL £4.5m) + Hato (CHE £4.5m) + Mykolenko (EVE £4.5m) + Shaw (MUN £4.5m) + Hume (SUN £4.5m),AVL-CHE-EVE-MUN-SUN,22.5,57.24,48.66,21.03,27.63,2.6,2.33,2.4545,0.2255,True
Tier 1: Pure Budget BB1 (£21.5m-£22.5m),1,Maatsen (AVL £4.5m) + Hato (CHE £4.5m) + Mykolenko (EVE £4.5m) + Shaw (MUN £4.5m) + Robertson (TOT £4.5m),AVL-CHE-EVE-MUN-TOT,22.5,55.6,48.9,20.44,28.46,2.8,2.33,2.5455,0.1066,False
Tier 1: Pure Budget BB1 (£21.5m-£22.5m),1,Maatsen (AVL £4.5m) + Hato (CHE £4.5m) + Mykolenko (EVE £4.5m) + Jair Cunha (NFO £4.5m) + Hume (SUN £4.5m),AVL-CHE-EVE-NFO-SUN,22.5,56.2,48.48,21.39,27.1,2.6,2.5,2.5455,0.0348,True
Tier 1: Pure Budget BB1 (£21.5m-£22.5m),1,Maatsen (AVL £4.5m) + Hato (CHE £4.5m) + Mykolenko (EVE £4.5m) + Jair Cunha (NFO £4.5m) + Robertson (TOT £4.5m),AVL-CHE-EVE-NFO-TOT,22.5,54.75,48.72,20.8,27.93,2.8,2.5,2.6364,-0.1207,False
Tier 1: Pure Budget BB1 (£21.5m-£22.5m),1,Maatsen (AVL £4.5m) + Hato (CHE £4.5m) + Mykolenko (EVE £4.5m) + Hume (SUN £4.5m) + Robertson (TOT £4.5m),AVL-CHE-EVE-SUN-TOT,22.5,55.95,49.1,20.54,28.56,2.8,2.33,2.5455,0.1066,True
Tier 1: Pure Budget BB1 (£21.5m-£22.5m),1,Maatsen (AVL £4.5m) + Hato (CHE £4.5m) + Greaves (IPS £4.0m) + Bogle (LEE £4.5m) + Shaw (MUN £4.5m),AVL-CHE-IPS-LEE-MUN,22.0,48.52,43.59,19.25,24.34,2.6,2.5,2.5455,-0.0214,False
Tier 1: Pure Budget BB1 (£21.5m-£22.5m),1,Maatsen (AVL £4.5m) + Hato (CHE £4.5m) + Greaves (IPS £4.0m) + Bogle (LEE £4.5m) + Robertson (TOT £4.5m),AVL-CHE-IPS-LEE-TOT,22.0,47.24,44.02,18.75,25.27,2.8,2.5,2.6364,-0.1403,False
Tier 1: Pure Budget BB1 (£21.5m-£22.5m),1,Maatsen (AVL £4.5m) + Hato (CHE £4.5m) + Greaves (IPS £4.0m) + Shaw (MUN £4.5m) + Jair Cunha (NFO £4.5m),AVL-CHE-IPS-MUN-NFO,22.0,57.83,48.45,21.66,26.79,2.4,2.67,2.5455,0.0825,False
Tier 1: Pure Budget BB1 (£21.5m-£22.5m),1,Maatsen (AVL £4.5m) + Hato (CHE £4.5m) + Greaves (IPS £4.0m) + Shaw (MUN £4.5m) + Robertson (TOT £4.5m),AVL-CHE-IPS-MUN-TOT,22.0,60.55,49.26,20.8,28.46,2.6,2.33,2.4545,-0.0324,False
Tier 1: Pure Budget BB1 (£21.5m-£22.5m),1,Maatsen (AVL £4.5m) + Hato (CHE £4.5m) + Greaves (IPS £4.0m) + Jair Cunha (NFO £4.5m) + Robertson (TOT £4.5m),AVL-CHE-IPS-NFO-TOT,22.0,56.98,48.88,21.16,27.72,2.6,2.67,2.6364,-0.123,False
Tier 1: Pure Budget BB1 (£21.5m-£22.5m),1,Maatsen (AVL £4.5m) + Hato (CHE £4.5m) + Bogle (LEE £4.5m) + Shaw (MUN £4.5m) + Hume (SUN £4.5m),AVL-CHE-LEE-MUN-SUN,22.5,56.55,47.71,20.08,27.63,2.6,2.33,2.4545,0.0176,True
Tier 1: Pure Budget BB1 (£21.5m-£22.5m),1,Maatsen (AVL £4.5m) + Hato (CHE £4.5m) + Bogle (LEE £4.5m) + Shaw (MUN £4.5m) + Robertson (TOT £4.5m),AVL-CHE-LEE-MUN-TOT,22.5,54.66,47.95,19.49,28.46,2.8,2.33,2.5455,-0.0513,False
Tier 1: Pure Budget BB1 (£21.5m-£22.5m),1,Maatsen (AVL £4.5m) + Hato (CHE £4.5m) + Bogle (LEE £4.5m) + Hume (SUN £4.5m) + Robertson (TOT £4.5m),AVL-CHE-LEE-SUN-TOT,22.5,55.02,48.15,19.59,28.56,2.8,2.33,2.5455,-0.0513,True
Tier 1: Pure Budget BB1 (£21.5m-£22.5m),1,Maatsen (AVL £4.5m) + Hato (CHE £4.5m) + Shaw (MUN £4.5m) + Jair Cunha (NFO £4.5m) + Hume (SUN £4.5m),AVL-CHE-MUN-NFO-SUN,22.5,64.34,50.58,22.49,28.09,2.4,2.33,2.3636,0.0348,True
Tier 1: Pure Budget BB1 (£21.5m-£22.5m),1,Maatsen (AVL £4.5m) + Hato (CHE £4.5m) + Shaw (MUN £4.5m) + Jair Cunha (NFO £4.5m) + Robertson (TOT £4.5m),AVL-CHE-MUN-NFO-TOT,22.5,62.88,50.82,21.9,28.92,2.6,2.33,2.4545,-0.1207,False
Tier 1: Pure Budget BB1 (£21.5m-£22.5m),1,Maatsen (AVL £4.5m) + Hato (CHE £4.5m) + Shaw (MUN £4.5m) + Hume (SUN £4.5m) + Robertson (TOT £4.5m),AVL-CHE-MUN-SUN-TOT,22.5,62.77,51.38,21.64,29.74,2.6,2.33,2.4545,0.1066,True
Tier 1: Pure Budget BB1 (£21.5m-£22.5m),1,Maatsen (AVL £4.5m) + Hato (CHE £4.5m) + Jair Cunha (NFO £4.5m) + Hume (SUN £4.5m) + Robertson (TOT £4.5m),AVL-CHE-NFO-SUN-TOT,22.5,63.15,50.96,21.99,28.97,2.6,2.33,2.4545,-0.1207,True
Tier 1: Pure Budget BB1 (£21.5m-£22.5m),1,Maatsen (AVL £4.5m) + Chadi Riad (CRY £4.5m) + Greaves (IPS £4.0m) + Bogle (LEE £4.5m) + Shaw (MUN £4.5m),AVL-CRY-IPS-LEE-MUN,22.0,48.5,45.61,20.3,25.31,2.6,2.83,2.7273,0.05,False
Tier 1: Pure Budget BB1 (£21.5m-£22.5m),1,Maatsen (AVL £4.5m) + Chadi Riad (CRY £4.5m) + Greaves (IPS £4.0m) + Bogle (LEE £4.5m) + Robertson (TOT £4.5m),AVL-CRY-IPS-LEE-TOT,22.0,47.37,46.04,19.8,26.24,2.8,2.83,2.8182,-0.1,False
Tier 1: Pure Budget BB1 (£21.5m-£22.5m),1,Maatsen (AVL £4.5m) + Chadi Riad (CRY £4.5m) + Greaves (IPS £4.0m) + Shaw (MUN £4.5m) + Jair Cunha (NFO £4.5m),AVL-CRY-IPS-MUN-NFO,22.0,55.02,49.26,22.7,26.55,2.4,3.0,2.7273,0.2732,False
Tier 1: Pure Budget BB1 (£21.5m-£22.5m),1,Maatsen (AVL £4.5m) + Chadi Riad (CRY £4.5m) + Greaves (IPS £4.0m) + Shaw (MUN £4.5m) + Robertson (TOT £4.5m),AVL-CRY-IPS-MUN-TOT,22.0,59.22,50.07,21.85,28.22,2.6,2.67,2.6364,-0.1366,False
Tier 1: Pure Budget BB1 (£21.5m-£22.5m),1,Maatsen (AVL £4.5m) + Chadi Riad (CRY £4.5m) + Greaves (IPS £4.0m) + Jair Cunha (NFO £4.5m) + Robertson (TOT £4.5m),AVL-CRY-IPS-NFO-TOT,22.0,54.28,49.67,22.21,27.46,2.6,3.0,2.8182,0.0366,False
Tier 1: Pure Budget BB1 (£21.5m-£22.5m),1,Maatsen (AVL £4.5m) + Chadi Riad (CRY £4.5m) + Bogle (LEE £4.5m) + Shaw (MUN £4.5m) + Hume (SUN £4.5m),AVL-CRY-LEE-MUN-SUN,22.5,55.9,47.98,21.13,26.85,2.6,2.5,2.5455,-0.0866,True
Tier 1: Pure Budget BB1 (£21.5m-£22.5m),1,Maatsen (AVL £4.5m) + Chadi Riad (CRY £4.5m) + Bogle (LEE £4.5m) + Shaw (MUN £4.5m) + Robertson (TOT £4.5m),AVL-CRY-LEE-MUN-TOT,22.5,54.17,48.22,20.54,27.68,2.8,2.5,2.6364,-0.1866,False
Tier 1: Pure Budget BB1 (£21.5m-£22.5m),1,Maatsen (AVL £4.5m) + Chadi Riad (CRY £4.5m) + Bogle (LEE £4.5m) + Hume (SUN £4.5m) + Robertson (TOT £4.5m),AVL-CRY-LEE-SUN-TOT,22.5,54.48,48.39,20.64,27.76,2.8,2.5,2.6364,-0.1866,True
Tier 1: Pure Budget BB1 (£21.5m-£22.5m),1,Maatsen (AVL £4.5m) + Chadi Riad (CRY £4.5m) + Shaw (MUN £4.5m) + Jair Cunha (NFO £4.5m) + Hume (SUN £4.5m),AVL-CRY-MUN-NFO-SUN,22.5,62.81,51.61,23.54,28.07,2.4,2.67,2.5455,0.05,True
Tier 1: Pure Budget BB1 (£21.5m-£22.5m),1,Maatsen (AVL £4.5m) + Chadi Riad (CRY £4.5m) + Shaw (MUN £4.5m) + Jair Cunha (NFO £4.5m) + Robertson (TOT £4.5m),AVL-CRY-MUN-NFO-TOT,22.5,61.51,51.85,22.95,28.9,2.6,2.67,2.6364,-0.1366,False
Tier 1: Pure Budget BB1 (£21.5m-£22.5m),1,Maatsen (AVL £4.5m) + Chadi Riad (CRY £4.5m) + Shaw (MUN £4.5m) + Hume (SUN £4.5m) + Robertson (TOT £4.5m),AVL-CRY-MUN-SUN-TOT,22.5,66.07,52.42,22.69,29.74,2.6,2.33,2.4545,-0.1732,True
Tier 1: Pure Budget BB1 (£21.5m-£22.5m),1,Maatsen (AVL £4.5m) + Chadi Riad (CRY £4.5m) + Jair Cunha (NFO £4.5m) + Hume (SUN £4.5m) + Robertson (TOT £4.5m),AVL-CRY-NFO-SUN-TOT,22.5,61.78,52.0,23.04,28.96,2.6,2.67,2.6364,-0.1366,True
Tier 1: Pure Budget BB1 (£21.5m-£22.5m),1,Maatsen (AVL £4.5m) + Mykolenko (EVE £4.5m) + Greaves (IPS £4.0m) + Bogle (LEE £4.5m) + Shaw (MUN £4.5m),AVL-EVE-IPS-LEE-MUN,22.0,48.56,44.66,20.14,24.53,2.6,2.67,2.6364,0.0268,False
Tier 1: Pure Budget BB1 (£21.5m-£22.5m),1,Maatsen (AVL £4.5m) + Mykolenko (EVE £4.5m) + Greaves (IPS £4.0m) + Bogle (LEE £4.5m) + Robertson (TOT £4.5m),AVL-EVE-IPS-LEE-TOT,22.0,47.44,45.1,19.64,25.46,2.8,2.67,2.7273,-0.1232,False
Tier 1: Pure Budget BB1 (£21.5m-£22.5m),1,Maatsen (AVL £4.5m) + Mykolenko (EVE £4.5m) + Greaves (IPS £4.0m) + Shaw (MUN £4.5m) + Jair Cunha (NFO £4.5m),AVL-EVE-IPS-MUN-NFO,22.0,57.71,49.52,22.54,26.98,2.4,2.83,2.6364,0.1634,False
Tier 1: Pure Budget BB1 (£21.5m-£22.5m),1,Maatsen (AVL £4.5m) + Mykolenko (EVE £4.5m) + Greaves (IPS £4.0m) + Shaw (MUN £4.5m) + Robertson (TOT £4.5m),AVL-EVE-IPS-MUN-TOT,22.0,60.73,50.34,21.69,28.65,2.6,2.5,2.5455,-0.0098,False
Tier 1: Pure Budget BB1 (£21.5m-£22.5m),1,Maatsen (AVL £4.5m) + Mykolenko (EVE £4.5m) + Greaves (IPS £4.0m) + Jair Cunha (NFO £4.5m) + Robertson (TOT £4.5m),AVL-EVE-IPS-NFO-TOT,22.0,57.02,49.95,22.05,27.91,2.6,2.83,2.7273,-0.0732,False
Tier 1: Pure Budget BB1 (£21.5m-£22.5m),1,Maatsen (AVL £4.5m) + Mykolenko (EVE £4.5m) + Bogle (LEE £4.5m) + Shaw (MUN £4.5m) + Hume (SUN £4.5m),AVL-EVE-LEE-MUN-SUN,22.5,56.72,48.79,20.97,27.82,2.6,2.5,2.5455,0.0402,True
Tier 1: Pure Budget BB1 (£21.5m-£22.5m),1,Maatsen (AVL £4.5m) + Mykolenko (EVE £4.5m) + Bogle (LEE £4.5m) + Shaw (MUN £4.5m) + Robertson (TOT £4.5m),AVL-EVE-LEE-MUN-TOT,22.5,54.99,49.03,20.38,28.65,2.8,2.5,2.6364,-0.0598,False
Tier 1: Pure Budget BB1 (£21.5m-£22.5m),1,Maatsen (AVL £4.5m) + Mykolenko (EVE £4.5m) + Bogle (LEE £4.5m) + Hume (SUN £4.5m) + Robertson (TOT £4.5m),AVL-EVE-LEE-SUN-TOT,22.5,55.35,49.22,20.47,28.75,2.8,2.5,2.6364,-0.0598,True
Tier 1: Pure Budget BB1 (£21.5m-£22.5m),1,Maatsen (AVL £4.5m) + Mykolenko (EVE £4.5m) + Shaw (MUN £4.5m) + Jair Cunha (NFO £4.5m) + Hume (SUN £4.5m),AVL-EVE-MUN-NFO-SUN,22.5,64.35,51.65,23.38,28.28,2.4,2.5,2.4545,0.0902,True
Tier 1: Pure Budget BB1 (£21.5m-£22.5m),1,Maatsen (AVL £4.5m) + Mykolenko (EVE £4.5m) + Shaw (MUN £4.5m) + Jair Cunha (NFO £4.5m) + Robertson (TOT £4.5m),AVL-EVE-MUN-NFO-TOT,22.5,63.05,51.89,22.78,29.11,2.6,2.5,2.5455,-0.0964,False
Tier 1: Pure Budget BB1 (£21.5m-£22.5m),1,Maatsen (AVL £4.5m) + Mykolenko (EVE £4.5m) + Shaw (MUN £4.5m) + Hume (SUN £4.5m) + Robertson (TOT £4.5m),AVL-EVE-MUN-SUN-TOT,22.5,64.39,52.26,22.52,29.74,2.6,2.33,2.4545,0.1036,True
Tier 1: Pure Budget BB1 (£21.5m-£22.5m),1,Maatsen (AVL £4.5m) + Mykolenko (EVE £4.5m) + Jair Cunha (NFO £4.5m) + Hume (SUN £4.5m) + Robertson (TOT £4.5m),AVL-EVE-NFO-SUN-TOT,22.5,63.32,52.04,22.88,29.16,2.6,2.5,2.5455,-0.0964,True
Tier 1: Pure Budget BB1 (£21.5m-£22.5m),1,Maatsen (AVL £4.5m) + Greaves (IPS £4.0m) + Bogle (LEE £4.5m) + Shaw (MUN £4.5m) + Robertson (TOT £4.5m),AVL-IPS-LEE-MUN-TOT,22.0,57.77,48.4,20.74,27.66,2.6,2.5,2.5455,-0.1232,False
Tier 1: Pure Budget BB1 (£21.5m-£22.5m),1,Maatsen (AVL £4.5m) + Greaves (IPS £4.0m) + Shaw (MUN £4.5m) + Jair Cunha (NFO £4.5m) + Robertson (TOT £4.5m),AVL-IPS-MUN-NFO-TOT,22.0,65.16,52.05,23.15,28.9,2.4,2.67,2.5455,-0.0732,False
Tier 1: Pure Budget BB1 (£21.5m-£22.5m),1,Maatsen (AVL £4.5m) + Bogle (LEE £4.5m) + Shaw (MUN £4.5m) + Hume (SUN £4.5m) + Robertson (TOT £4.5m),AVL-LEE-MUN-SUN-TOT,22.5,63.49,51.31,21.58,29.74,2.6,2.33,2.4545,-0.0598,True
Tier 1: Pure Budget BB1 (£21.5m-£22.5m),1,Maatsen (AVL £4.5m) + Shaw (MUN £4.5m) + Jair Cunha (NFO £4.5m) + Hume (SUN £4.5m) + Robertson (TOT £4.5m),AVL-MUN-NFO-SUN-TOT,22.5,71.46,54.13,23.98,30.15,2.4,2.33,2.3636,-0.0964,True
Tier 1: Pure Budget BB1 (£21.5m-£22.5m),1,De Cuyper (BHA £4.5m) + Ajer (BRE £4.5m) + Hato (CHE £4.5m) + Chadi Riad (CRY £4.5m) + Greaves (IPS £4.0m),BHA-BRE-CHE-CRY-IPS,22.0,45.53,44.31,19.35,24.97,2.8,2.67,2.7273,-0.0262,False
Tier 1: Pure Budget BB1 (£21.5m-£22.5m),1,De Cuyper (BHA £4.5m) + Ajer (BRE £4.5m) + Hato (CHE £4.5m) + Chadi Riad (CRY £4.5m) + Bogle (LEE £4.5m),BHA-BRE-CHE-CRY-LEE,22.5,41.14,42.91,18.04,24.88,3.0,2.5,2.7273,-0.0451,False
Tier 1: Pure Budget BB1 (£21.5m-£22.5m),1,De Cuyper (BHA £4.5m) + Ajer (BRE £4.5m) + Hato (CHE £4.5m) + Chadi Riad (CRY £4.5m) + Shaw (MUN £4.5m),BHA-BRE-CHE-CRY-MUN,22.5,53.51,46.94,20.08,26.86,2.8,2.33,2.5455,-0.1872,False
Tier 1: Pure Budget BB1 (£21.5m-£22.5m),1,De Cuyper (BHA £4.5m) + Ajer (BRE £4.5m) + Hato (CHE £4.5m) + Chadi Riad (CRY £4.5m) + Jair Cunha (NFO £4.5m),BHA-BRE-CHE-CRY-NFO,22.5,48.21,46.54,20.44,26.1,2.8,2.67,2.7273,0.0588,False
Tier 1: Pure Budget BB1 (£21.5m-£22.5m),1,De Cuyper (BHA £4.5m) + Ajer (BRE £4.5m) + Hato (CHE £4.5m) + Chadi Riad (CRY £4.5m) + Hume (SUN £4.5m),BHA-BRE-CHE-CRY-SUN,22.5,53.82,47.11,20.18,26.94,2.8,2.33,2.5455,-0.1872,True
Tier 1: Pure Budget BB1 (£21.5m-£22.5m),1,De Cuyper (BHA £4.5m) + Ajer (BRE £4.5m) + Hato (CHE £4.5m) + Mykolenko (EVE £4.5m) + Greaves (IPS £4.0m),BHA-BRE-CHE-EVE-IPS,22.0,46.22,44.27,19.18,25.09,2.8,2.67,2.7273,-0.1793,False
Tier 1: Pure Budget BB1 (£21.5m-£22.5m),1,De Cuyper (BHA £4.5m) + Ajer (BRE £4.5m) + Hato (CHE £4.5m) + Mykolenko (EVE £4.5m) + Bogle (LEE £4.5m),BHA-BRE-CHE-EVE-LEE,22.5,41.17,42.51,17.87,24.63,3.0,2.5,2.7273,-0.1982,False
Tier 1: Pure Budget BB1 (£21.5m-£22.5m),1,De Cuyper (BHA £4.5m) + Ajer (BRE £4.5m) + Hato (CHE £4.5m) + Mykolenko (EVE £4.5m) + Shaw (MUN £4.5m),BHA-BRE-CHE-EVE-MUN,22.5,53.64,47.01,19.92,27.09,2.8,2.33,2.5455,-0.1903,False
Tier 1: Pure Budget BB1 (£21.5m-£22.5m),1,De Cuyper (BHA £4.5m) + Ajer (BRE £4.5m) + Hato (CHE £4.5m) + Mykolenko (EVE £4.5m) + Jair Cunha (NFO £4.5m),BHA-BRE-CHE-EVE-NFO,22.5,51.15,46.58,20.28,26.3,2.8,2.5,2.6364,-0.1809,False
Tier 1: Pure Budget BB1 (£21.5m-£22.5m),1,De Cuyper (BHA £4.5m) + Ajer (BRE £4.5m) + Hato (CHE £4.5m) + Mykolenko (EVE £4.5m) + Hume (SUN £4.5m),BHA-BRE-CHE-EVE-SUN,22.5,54.0,47.2,20.02,27.19,2.8,2.33,2.5455,-0.1903,True
Tier 1: Pure Budget BB1 (£21.5m-£22.5m),1,De Cuyper (BHA £4.5m) + Ajer (BRE £4.5m) + Hato (CHE £4.5m) + Greaves (IPS £4.0m) + Bogle (LEE £4.5m),BHA-BRE-CHE-IPS-LEE,22.0,43.33,41.88,18.24,23.65,2.8,2.5,2.6364,-0.1372,False
Tier 1: Pure Budget BB1 (£21.5m-£22.5m),1,De Cuyper (BHA £4.5m) + Ajer (BRE £4.5m) + Hato (CHE £4.5m) + Greaves (IPS £4.0m) + Shaw (MUN £4.5m),BHA-BRE-CHE-IPS-MUN,22.0,57.39,47.12,20.28,26.83,2.6,2.33,2.4545,-0.1793,False
Tier 1: Pure Budget BB1 (£21.5m-£22.5m),1,De Cuyper (BHA £4.5m) + Ajer (BRE £4.5m) + Hato (CHE £4.5m) + Greaves (IPS £4.0m) + Jair Cunha (NFO £4.5m),BHA-BRE-CHE-IPS-NFO,22.0,52.64,46.74,20.64,26.1,2.6,2.67,2.6364,-0.0333,False
Tier 1: Pure Budget BB1 (£21.5m-£22.5m),1,De Cuyper (BHA £4.5m) + Ajer (BRE £4.5m) + Hato (CHE £4.5m) + Bogle (LEE £4.5m) + Shaw (MUN £4.5m),BHA-BRE-CHE-LEE-MUN,22.5,51.5,45.81,18.97,26.83,2.8,2.33,2.5455,-0.1982,False
Tier 1: Pure Budget BB1 (£21.5m-£22.5m),1,De Cuyper (BHA £4.5m) + Ajer (BRE £4.5m) + Hato (CHE £4.5m) + Bogle (LEE £4.5m) + Hume (SUN £4.5m),BHA-BRE-CHE-LEE-SUN,22.5,51.86,46.0,19.07,26.94,2.8,2.33,2.5455,-0.1982,True
Tier 1: Pure Budget BB1 (£21.5m-£22.5m),1,De Cuyper (BHA £4.5m) + Ajer (BRE £4.5m) + Hato (CHE £4.5m) + Shaw (MUN £4.5m) + Jair Cunha (NFO £4.5m),BHA-BRE-CHE-MUN-NFO,22.5,59.29,48.67,21.38,27.3,2.6,2.33,2.4545,-0.1809,False
Tier 1: Pure Budget BB1 (£21.5m-£22.5m),1,De Cuyper (BHA £4.5m) + Ajer (BRE £4.5m) + Hato (CHE £4.5m) + Shaw (MUN £4.5m) + Hume (SUN £4.5m),BHA-BRE-CHE-MUN-SUN,22.5,62.14,49.3,21.12,28.18,2.6,2.17,2.3636,-0.1903,True
Tier 1: Pure Budget BB1 (£21.5m-£22.5m),1,De Cuyper (BHA £4.5m) + Ajer (BRE £4.5m) + Hato (CHE £4.5m) + Jair Cunha (NFO £4.5m) + Hume (SUN £4.5m),BHA-BRE-CHE-NFO-SUN,22.5,59.56,48.82,21.47,27.35,2.6,2.33,2.4545,-0.1809,True
Tier 1: Pure Budget BB1 (£21.5m-£22.5m),1,De Cuyper (BHA £4.5m) + Ajer (BRE £4.5m) + Chadi Riad (CRY £4.5m) + Greaves (IPS £4.0m) + Bogle (LEE £4.5m),BHA-BRE-CRY-IPS-LEE,22.0,41.04,43.45,19.28,24.17,2.8,2.83,2.8182,0.2232,False
Tier 1: Pure Budget BB1 (£21.5m-£22.5m),1,De Cuyper (BHA £4.5m) + Ajer (BRE £4.5m) + Chadi Riad (CRY £4.5m) + Greaves (IPS £4.0m) + Shaw (MUN £4.5m),BHA-BRE-CRY-IPS-MUN,22.0,53.64,47.48,21.33,26.15,2.6,2.67,2.6364,0.0366,False
Tier 1: Pure Budget BB1 (£21.5m-£22.5m),1,De Cuyper (BHA £4.5m) + Ajer (BRE £4.5m) + Chadi Riad (CRY £4.5m) + Greaves (IPS £4.0m) + Jair Cunha (NFO £4.5m),BHA-BRE-CRY-IPS-NFO,22.0,47.52,47.08,21.69,25.39,2.6,3.0,2.8182,0.4464,False
Tier 1: Pure Budget BB1 (£21.5m-£22.5m),1,De Cuyper (BHA £4.5m) + Ajer (BRE £4.5m) + Chadi Riad (CRY £4.5m) + Bogle (LEE £4.5m) + Shaw (MUN £4.5m),BHA-BRE-CRY-LEE-MUN,22.5,49.4,46.08,20.02,26.06,2.8,2.5,2.6364,-0.0134,False
Tier 1: Pure Budget BB1 (£21.5m-£22.5m),1,De Cuyper (BHA £4.5m) + Ajer (BRE £4.5m) + Chadi Riad (CRY £4.5m) + Bogle (LEE £4.5m) + Hume (SUN £4.5m),BHA-BRE-CRY-LEE-SUN,22.5,49.72,46.25,20.12,26.13,2.8,2.5,2.6364,-0.0134,True
Tier 1: Pure Budget BB1 (£21.5m-£22.5m),1,De Cuyper (BHA £4.5m) + Ajer (BRE £4.5m) + Chadi Riad (CRY £4.5m) + Shaw (MUN £4.5m) + Jair Cunha (NFO £4.5m),BHA-BRE-CRY-MUN-NFO,22.5,56.31,49.71,22.43,27.28,2.6,2.67,2.6364,0.1232,False
Tier 1: Pure Budget BB1 (£21.5m-£22.5m),1,De Cuyper (BHA £4.5m) + Ajer (BRE £4.5m) + Chadi Riad (CRY £4.5m) + Shaw (MUN £4.5m) + Hume (SUN £4.5m),BHA-BRE-CRY-MUN-SUN,22.5,62.06,50.28,22.17,28.12,2.6,2.33,2.4545,-0.15,True
Tier 1: Pure Budget BB1 (£21.5m-£22.5m),1,De Cuyper (BHA £4.5m) + Ajer (BRE £4.5m) + Chadi Riad (CRY £4.5m) + Jair Cunha (NFO £4.5m) + Hume (SUN £4.5m),BHA-BRE-CRY-NFO-SUN,22.5,56.58,49.85,22.52,27.33,2.6,2.67,2.6364,0.1232,True
Tier 1: Pure Budget BB1 (£21.5m-£22.5m),1,De Cuyper (BHA £4.5m) + Ajer (BRE £4.5m) + Mykolenko (EVE £4.5m) + Greaves (IPS £4.0m) + Bogle (LEE £4.5m),BHA-BRE-EVE-IPS-LEE,22.0,43.43,42.96,19.12,23.83,2.8,2.67,2.7273,-0.1,False
Tier 1: Pure Budget BB1 (£21.5m-£22.5m),1,De Cuyper (BHA £4.5m) + Ajer (BRE £4.5m) + Mykolenko (EVE £4.5m) + Greaves (IPS £4.0m) + Shaw (MUN £4.5m),BHA-BRE-EVE-IPS-MUN,22.0,57.47,48.19,21.17,27.02,2.6,2.5,2.5455,-0.1366,False
Tier 1: Pure Budget BB1 (£21.5m-£22.5m),1,De Cuyper (BHA £4.5m) + Ajer (BRE £4.5m) + Mykolenko (EVE £4.5m) + Greaves (IPS £4.0m) + Jair Cunha (NFO £4.5m),BHA-BRE-EVE-IPS-NFO,22.0,52.57,47.81,21.53,26.29,2.6,2.83,2.7273,0.0366,False
Tier 1: Pure Budget BB1 (£21.5m-£22.5m),1,De Cuyper (BHA £4.5m) + Ajer (BRE £4.5m) + Mykolenko (EVE £4.5m) + Bogle (LEE £4.5m) + Shaw (MUN £4.5m),BHA-BRE-EVE-LEE-MUN,22.5,51.73,46.88,19.86,27.02,2.8,2.5,2.6364,-0.1866,False
Tier 1: Pure Budget BB1 (£21.5m-£22.5m),1,De Cuyper (BHA £4.5m) + Ajer (BRE £4.5m) + Mykolenko (EVE £4.5m) + Bogle (LEE £4.5m) + Hume (SUN £4.5m),BHA-BRE-EVE-LEE-SUN,22.5,52.09,47.08,19.96,27.12,2.8,2.5,2.6364,-0.1866,True
Tier 1: Pure Budget BB1 (£21.5m-£22.5m),1,De Cuyper (BHA £4.5m) + Ajer (BRE £4.5m) + Mykolenko (EVE £4.5m) + Shaw (MUN £4.5m) + Jair Cunha (NFO £4.5m),BHA-BRE-EVE-MUN-NFO,22.5,59.35,49.75,22.27,27.48,2.6,2.5,2.5455,-0.1366,False
Tier 1: Pure Budget BB1 (£21.5m-£22.5m),1,De Cuyper (BHA £4.5m) + Ajer (BRE £4.5m) + Mykolenko (EVE £4.5m) + Shaw (MUN £4.5m) + Hume (SUN £4.5m),BHA-BRE-EVE-MUN-SUN,22.5,62.34,50.37,22.0,28.37,2.6,2.33,2.4545,-0.1732,True
Tier 1: Pure Budget BB1 (£21.5m-£22.5m),1,De Cuyper (BHA £4.5m) + Ajer (BRE £4.5m) + Mykolenko (EVE £4.5m) + Jair Cunha (NFO £4.5m) + Hume (SUN £4.5m),BHA-BRE-EVE-NFO-SUN,22.5,59.63,49.9,22.36,27.54,2.6,2.5,2.5455,-0.1366,True
Tier 1: Pure Budget BB1 (£21.5m-£22.5m),1,De Cuyper (BHA £4.5m) + Ajer (BRE £4.5m) + Greaves (IPS £4.0m) + Bogle (LEE £4.5m) + Shaw (MUN £4.5m),BHA-BRE-IPS-LEE-MUN,22.0,53.76,46.26,20.22,26.03,2.6,2.5,2.5455,-0.1,False
Tier 1: Pure Budget BB1 (£21.5m-£22.5m),1,De Cuyper (BHA £4.5m) + Ajer (BRE £4.5m) + Greaves (IPS £4.0m) + Shaw (MUN £4.5m) + Jair Cunha (NFO £4.5m),BHA-BRE-IPS-MUN-NFO,22.0,60.71,49.91,22.63,27.28,2.4,2.67,2.5455,0.0366,False
Tier 1: Pure Budget BB1 (£21.5m-£22.5m),1,De Cuyper (BHA £4.5m) + Ajer (BRE £4.5m) + Bogle (LEE £4.5m) + Shaw (MUN £4.5m) + Hume (SUN £4.5m),BHA-BRE-LEE-MUN-SUN,22.5,60.22,49.17,21.06,28.12,2.6,2.33,2.4545,-0.1866,True
Tier 1: Pure Budget BB1 (£21.5m-£22.5m),1,De Cuyper (BHA £4.5m) + Ajer (BRE £4.5m) + Shaw (MUN £4.5m) + Jair Cunha (NFO £4.5m) + Hume (SUN £4.5m),BHA-BRE-MUN-NFO-SUN,22.5,67.76,51.99,23.46,28.53,2.4,2.33,2.3636,-0.1366,True
Tier 1: Pure Budget BB1 (£21.5m-£22.5m),1,De Cuyper (BHA £4.5m) + Hato (CHE £4.5m) + Chadi Riad (CRY £4.5m) + Greaves (IPS £4.0m) + Bogle (LEE £4.5m),BHA-CHE-CRY-IPS-LEE,22.0,37.0,40.56,18.35,22.21,2.8,2.83,2.8182,-0.0183,False
Tier 1: Pure Budget BB1 (£21.5m-£22.5m),1,De Cuyper (BHA £4.5m) + Hato (CHE £4.5m) + Chadi Riad (CRY £4.5m) + Greaves (IPS £4.0m) + Shaw (MUN £4.5m),BHA-CHE-CRY-IPS-MUN,22.0,50.82,45.8,20.4,25.4,2.6,2.67,2.6364,-0.0104,False
Tier 1: Pure Budget BB1 (£21.5m-£22.5m),1,De Cuyper (BHA £4.5m) + Hato (CHE £4.5m) + Chadi Riad (CRY £4.5m) + Greaves (IPS £4.0m) + Jair Cunha (NFO £4.5m),BHA-CHE-CRY-IPS-NFO,22.0,45.88,45.42,20.76,24.66,2.6,3.0,2.8182,0.1722,False
Tier 1: Pure Budget BB1 (£21.5m-£22.5m),1,De Cuyper (BHA £4.5m) + Hato (CHE £4.5m) + Chadi Riad (CRY £4.5m) + Greaves (IPS £4.0m) + Robertson (TOT £4.5m),BHA-CHE-CRY-IPS-TOT,22.0,49.79,46.24,19.9,26.33,2.8,2.67,2.7273,-0.1793,False
Tier 1: Pure Budget BB1 (£21.5m-£22.5m),1,De Cuyper (BHA £4.5m) + Hato (CHE £4.5m) + Chadi Riad (CRY £4.5m) + Bogle (LEE £4.5m) + Shaw (MUN £4.5m),BHA-CHE-CRY-LEE-MUN,22.5,46.93,44.4,19.09,25.31,2.8,2.5,2.6364,-0.1293,False
Tier 1: Pure Budget BB1 (£21.5m-£22.5m),1,De Cuyper (BHA £4.5m) + Hato (CHE £4.5m) + Chadi Riad (CRY £4.5m) + Bogle (LEE £4.5m) + Hume (SUN £4.5m),BHA-CHE-CRY-LEE-SUN,22.5,47.29,44.6,19.18,25.41,2.8,2.5,2.6364,-0.1293,True
Tier 1: Pure Budget BB1 (£21.5m-£22.5m),1,De Cuyper (BHA £4.5m) + Hato (CHE £4.5m) + Chadi Riad (CRY £4.5m) + Bogle (LEE £4.5m) + Robertson (TOT £4.5m),BHA-CHE-CRY-LEE-TOT,22.5,45.4,44.84,18.59,26.24,3.0,2.5,2.7273,-0.1982,False
Tier 1: Pure Budget BB1 (£21.5m-£22.5m),1,De Cuyper (BHA £4.5m) + Hato (CHE £4.5m) + Chadi Riad (CRY £4.5m) + Shaw (MUN £4.5m) + Jair Cunha (NFO £4.5m),BHA-CHE-CRY-MUN-NFO,22.5,54.04,48.05,21.49,26.56,2.6,2.67,2.6364,-0.0254,False
Tier 1: Pure Budget BB1 (£21.5m-£22.5m),1,De Cuyper (BHA £4.5m) + Hato (CHE £4.5m) + Chadi Riad (CRY £4.5m) + Shaw (MUN £4.5m) + Hume (SUN £4.5m),BHA-CHE-CRY-MUN-SUN,22.5,58.66,48.63,21.23,27.39,2.6,2.33,2.4545,-0.0714,True
Tier 1: Pure Budget BB1 (£21.5m-£22.5m),1,De Cuyper (BHA £4.5m) + Hato (CHE £4.5m) + Chadi Riad (CRY £4.5m) + Shaw (MUN £4.5m) + Robertson (TOT £4.5m),BHA-CHE-CRY-MUN-TOT,22.5,57.02,48.86,20.64,28.22,2.8,2.33,2.5455,-0.1903,False
Tier 1: Pure Budget BB1 (£21.5m-£22.5m),1,De Cuyper (BHA £4.5m) + Hato (CHE £4.5m) + Chadi Riad (CRY £4.5m) + Jair Cunha (NFO £4.5m) + Hume (SUN £4.5m),BHA-CHE-CRY-NFO-SUN,22.5,54.36,48.22,21.59,26.63,2.6,2.67,2.6364,-0.0254,True
Tier 1: Pure Budget BB1 (£21.5m-£22.5m),1,De Cuyper (BHA £4.5m) + Hato (CHE £4.5m) + Chadi Riad (CRY £4.5m) + Jair Cunha (NFO £4.5m) + Robertson (TOT £4.5m),BHA-CHE-CRY-NFO-TOT,22.5,52.9,48.46,21.0,27.46,2.8,2.67,2.7273,-0.1809,False
Tier 1: Pure Budget BB1 (£21.5m-£22.5m),1,De Cuyper (BHA £4.5m) + Hato (CHE £4.5m) + Chadi Riad (CRY £4.5m) + Hume (SUN £4.5m) + Robertson (TOT £4.5m),BHA-CHE-CRY-SUN-TOT,22.5,57.33,49.04,20.74,28.3,2.8,2.33,2.5455,-0.1903,True
Tier 1: Pure Budget BB1 (£21.5m-£22.5m),1,De Cuyper (BHA £4.5m) + Hato (CHE £4.5m) + Mykolenko (EVE £4.5m) + Greaves (IPS £4.0m) + Bogle (LEE £4.5m),BHA-CHE-EVE-IPS-LEE,22.0,36.95,40.52,18.19,22.33,2.8,2.83,2.8182,-0.0214,False
Tier 1: Pure Budget BB1 (£21.5m-£22.5m),1,De Cuyper (BHA £4.5m) + Hato (CHE £4.5m) + Mykolenko (EVE £4.5m) + Greaves (IPS £4.0m) + Shaw (MUN £4.5m),BHA-CHE-EVE-IPS-MUN,22.0,50.01,45.76,20.24,25.52,2.6,2.67,2.6364,0.1365,False
Tier 1: Pure Budget BB1 (£21.5m-£22.5m),1,De Cuyper (BHA £4.5m) + Hato (CHE £4.5m) + Mykolenko (EVE £4.5m) + Greaves (IPS £4.0m) + Jair Cunha (NFO £4.5m),BHA-CHE-EVE-IPS-NFO,22.0,46.26,45.38,20.59,24.79,2.6,3.0,2.8182,0.0825,False
Tier 1: Pure Budget BB1 (£21.5m-£22.5m),1,De Cuyper (BHA £4.5m) + Hato (CHE £4.5m) + Mykolenko (EVE £4.5m) + Greaves (IPS £4.0m) + Robertson (TOT £4.5m),BHA-CHE-EVE-IPS-TOT,22.0,48.98,46.2,19.74,26.45,2.8,2.67,2.7273,-0.0324,False
Tier 1: Pure Budget BB1 (£21.5m-£22.5m),1,De Cuyper (BHA £4.5m) + Hato (CHE £4.5m) + Mykolenko (EVE £4.5m) + Bogle (LEE £4.5m) + Shaw (MUN £4.5m),BHA-CHE-EVE-LEE-MUN,22.5,45.46,43.99,18.93,25.07,2.8,2.5,2.6364,0.0176,False
Tier 1: Pure Budget BB1 (£21.5m-£22.5m),1,De Cuyper (BHA £4.5m) + Hato (CHE £4.5m) + Mykolenko (EVE £4.5m) + Bogle (LEE £4.5m) + Hume (SUN £4.5m),BHA-CHE-EVE-LEE-SUN,22.5,45.81,44.19,19.02,25.17,2.8,2.5,2.6364,0.0176,True
Tier 1: Pure Budget BB1 (£21.5m-£22.5m),1,De Cuyper (BHA £4.5m) + Hato (CHE £4.5m) + Mykolenko (EVE £4.5m) + Bogle (LEE £4.5m) + Robertson (TOT £4.5m),BHA-CHE-EVE-LEE-TOT,22.5,43.93,44.43,18.43,26.0,3.0,2.5,2.7273,-0.0513,False
Tier 1: Pure Budget BB1 (£21.5m-£22.5m),1,De Cuyper (BHA £4.5m) + Hato (CHE £4.5m) + Mykolenko (EVE £4.5m) + Shaw (MUN £4.5m) + Jair Cunha (NFO £4.5m),BHA-CHE-EVE-MUN-NFO,22.5,55.44,48.07,21.33,26.74,2.6,2.5,2.5455,0.0348,False
Tier 1: Pure Budget BB1 (£21.5m-£22.5m),1,De Cuyper (BHA £4.5m) + Hato (CHE £4.5m) + Mykolenko (EVE £4.5m) + Shaw (MUN £4.5m) + Hume (SUN £4.5m),BHA-CHE-EVE-MUN-SUN,22.5,56.83,48.44,21.07,27.37,2.6,2.33,2.4545,0.2255,True
Tier 1: Pure Budget BB1 (£21.5m-£22.5m),1,De Cuyper (BHA £4.5m) + Hato (CHE £4.5m) + Mykolenko (EVE £4.5m) + Shaw (MUN £4.5m) + Robertson (TOT £4.5m),BHA-CHE-EVE-MUN-TOT,22.5,55.2,48.68,20.48,28.2,2.8,2.33,2.5455,0.1066,False
Tier 1: Pure Budget BB1 (£21.5m-£22.5m),1,De Cuyper (BHA £4.5m) + Hato (CHE £4.5m) + Mykolenko (EVE £4.5m) + Jair Cunha (NFO £4.5m) + Hume (SUN £4.5m),BHA-CHE-EVE-NFO-SUN,22.5,55.8,48.26,21.43,26.84,2.6,2.5,2.5455,0.0348,True
Tier 1: Pure Budget BB1 (£21.5m-£22.5m),1,De Cuyper (BHA £4.5m) + Hato (CHE £4.5m) + Mykolenko (EVE £4.5m) + Jair Cunha (NFO £4.5m) + Robertson (TOT £4.5m),BHA-CHE-EVE-NFO-TOT,22.5,54.34,48.5,20.84,27.67,2.8,2.5,2.6364,-0.1207,False
Tier 1: Pure Budget BB1 (£21.5m-£22.5m),1,De Cuyper (BHA £4.5m) + Hato (CHE £4.5m) + Mykolenko (EVE £4.5m) + Hume (SUN £4.5m) + Robertson (TOT £4.5m),BHA-CHE-EVE-SUN-TOT,22.5,55.55,48.87,20.58,28.3,2.8,2.33,2.5455,0.1066,True
Tier 1: Pure Budget BB1 (£21.5m-£22.5m),1,De Cuyper (BHA £4.5m) + Hato (CHE £4.5m) + Greaves (IPS £4.0m) + Bogle (LEE £4.5m) + Shaw (MUN £4.5m),BHA-CHE-IPS-LEE-MUN,22.0,48.12,43.37,19.29,24.08,2.6,2.5,2.5455,-0.0214,False
Tier 1: Pure Budget BB1 (£21.5m-£22.5m),1,De Cuyper (BHA £4.5m) + Hato (CHE £4.5m) + Greaves (IPS £4.0m) + Bogle (LEE £4.5m) + Robertson (TOT £4.5m),BHA-CHE-IPS-LEE-TOT,22.0,46.84,43.8,18.79,25.01,2.8,2.5,2.6364,-0.1403,False
Tier 1: Pure Budget BB1 (£21.5m-£22.5m),1,De Cuyper (BHA £4.5m) + Hato (CHE £4.5m) + Greaves (IPS £4.0m) + Shaw (MUN £4.5m) + Jair Cunha (NFO £4.5m),BHA-CHE-IPS-MUN-NFO,22.0,57.43,48.23,21.69,26.53,2.4,2.67,2.5455,0.0825,False
Tier 1: Pure Budget BB1 (£21.5m-£22.5m),1,De Cuyper (BHA £4.5m) + Hato (CHE £4.5m) + Greaves (IPS £4.0m) + Shaw (MUN £4.5m) + Robertson (TOT £4.5m),BHA-CHE-IPS-MUN-TOT,22.0,60.15,49.04,20.84,28.2,2.6,2.33,2.4545,-0.0324,False
Tier 1: Pure Budget BB1 (£21.5m-£22.5m),1,De Cuyper (BHA £4.5m) + Hato (CHE £4.5m) + Greaves (IPS £4.0m) + Jair Cunha (NFO £4.5m) + Robertson (TOT £4.5m),BHA-CHE-IPS-NFO-TOT,22.0,56.58,48.66,21.2,27.46,2.6,2.67,2.6364,-0.123,False
Tier 1: Pure Budget BB1 (£21.5m-£22.5m),1,De Cuyper (BHA £4.5m) + Hato (CHE £4.5m) + Bogle (LEE £4.5m) + Shaw (MUN £4.5m) + Hume (SUN £4.5m),BHA-CHE-LEE-MUN-SUN,22.5,56.15,47.49,20.12,27.37,2.6,2.33,2.4545,0.0176,True
Tier 1: Pure Budget BB1 (£21.5m-£22.5m),1,De Cuyper (BHA £4.5m) + Hato (CHE £4.5m) + Bogle (LEE £4.5m) + Shaw (MUN £4.5m) + Robertson (TOT £4.5m),BHA-CHE-LEE-MUN-TOT,22.5,54.26,47.73,19.53,28.2,2.8,2.33,2.5455,-0.0513,False
Tier 1: Pure Budget BB1 (£21.5m-£22.5m),1,De Cuyper (BHA £4.5m) + Hato (CHE £4.5m) + Bogle (LEE £4.5m) + Hume (SUN £4.5m) + Robertson (TOT £4.5m),BHA-CHE-LEE-SUN-TOT,22.5,54.62,47.93,19.63,28.3,2.8,2.33,2.5455,-0.0513,True
Tier 1: Pure Budget BB1 (£21.5m-£22.5m),1,De Cuyper (BHA £4.5m) + Hato (CHE £4.5m) + Shaw (MUN £4.5m) + Jair Cunha (NFO £4.5m) + Hume (SUN £4.5m),BHA-CHE-MUN-NFO-SUN,22.5,63.94,50.36,22.53,27.83,2.4,2.33,2.3636,0.0348,True
Tier 1: Pure Budget BB1 (£21.5m-£22.5m),1,De Cuyper (BHA £4.5m) + Hato (CHE £4.5m) + Shaw (MUN £4.5m) + Jair Cunha (NFO £4.5m) + Robertson (TOT £4.5m),BHA-CHE-MUN-NFO-TOT,22.5,62.48,50.6,21.94,28.66,2.6,2.33,2.4545,-0.1207,False
Tier 1: Pure Budget BB1 (£21.5m-£22.5m),1,De Cuyper (BHA £4.5m) + Hato (CHE £4.5m) + Shaw (MUN £4.5m) + Hume (SUN £4.5m) + Robertson (TOT £4.5m),BHA-CHE-MUN-SUN-TOT,22.5,62.36,51.16,21.68,29.48,2.6,2.33,2.4545,0.1066,True
Tier 1: Pure Budget BB1 (£21.5m-£22.5m),1,De Cuyper (BHA £4.5m) + Hato (CHE £4.5m) + Jair Cunha (NFO £4.5m) + Hume (SUN £4.5m) + Robertson (TOT £4.5m),BHA-CHE-NFO-SUN-TOT,22.5,62.75,50.74,22.03,28.71,2.6,2.33,2.4545,-0.1207,True
Tier 1: Pure Budget BB1 (£21.5m-£22.5m),1,De Cuyper (BHA £4.5m) + Chadi Riad (CRY £4.5m) + Greaves (IPS £4.0m) + Bogle (LEE £4.5m) + Shaw (MUN £4.5m),BHA-CRY-IPS-LEE-MUN,22.0,47.28,44.94,20.34,24.6,2.6,2.83,2.7273,0.05,False
Tier 1: Pure Budget BB1 (£21.5m-£22.5m),1,De Cuyper (BHA £4.5m) + Chadi Riad (CRY £4.5m) + Greaves (IPS £4.0m) + Bogle (LEE £4.5m) + Robertson (TOT £4.5m),BHA-CRY-IPS-LEE-TOT,22.0,46.15,45.37,19.84,25.53,2.8,2.83,2.8182,-0.1,False
Tier 1: Pure Budget BB1 (£21.5m-£22.5m),1,De Cuyper (BHA £4.5m) + Chadi Riad (CRY £4.5m) + Greaves (IPS £4.0m) + Shaw (MUN £4.5m) + Jair Cunha (NFO £4.5m),BHA-CRY-IPS-MUN-NFO,22.0,53.8,48.59,22.74,25.84,2.4,3.0,2.7273,0.2732,False
Tier 1: Pure Budget BB1 (£21.5m-£22.5m),1,De Cuyper (BHA £4.5m) + Chadi Riad (CRY £4.5m) + Greaves (IPS £4.0m) + Shaw (MUN £4.5m) + Robertson (TOT £4.5m),BHA-CRY-IPS-MUN-TOT,22.0,58.0,49.4,21.89,27.51,2.6,2.67,2.6364,-0.1366,False
Tier 1: Pure Budget BB1 (£21.5m-£22.5m),1,De Cuyper (BHA £4.5m) + Chadi Riad (CRY £4.5m) + Greaves (IPS £4.0m) + Jair Cunha (NFO £4.5m) + Robertson (TOT £4.5m),BHA-CRY-IPS-NFO-TOT,22.0,53.06,49.0,22.25,26.75,2.6,3.0,2.8182,0.0366,False
Tier 1: Pure Budget BB1 (£21.5m-£22.5m),1,De Cuyper (BHA £4.5m) + Chadi Riad (CRY £4.5m) + Bogle (LEE £4.5m) + Shaw (MUN £4.5m) + Hume (SUN £4.5m),BHA-CRY-LEE-MUN-SUN,22.5,55.5,47.76,21.17,26.59,2.6,2.5,2.5455,-0.0866,True
Tier 1: Pure Budget BB1 (£21.5m-£22.5m),1,De Cuyper (BHA £4.5m) + Chadi Riad (CRY £4.5m) + Bogle (LEE £4.5m) + Shaw (MUN £4.5m) + Robertson (TOT £4.5m),BHA-CRY-LEE-MUN-TOT,22.5,53.76,48.0,20.58,27.42,2.8,2.5,2.6364,-0.1866,False
Tier 1: Pure Budget BB1 (£21.5m-£22.5m),1,De Cuyper (BHA £4.5m) + Chadi Riad (CRY £4.5m) + Bogle (LEE £4.5m) + Hume (SUN £4.5m) + Robertson (TOT £4.5m),BHA-CRY-LEE-SUN-TOT,22.5,54.08,48.17,20.68,27.5,2.8,2.5,2.6364,-0.1866,True
Tier 1: Pure Budget BB1 (£21.5m-£22.5m),1,De Cuyper (BHA £4.5m) + Chadi Riad (CRY £4.5m) + Shaw (MUN £4.5m) + Jair Cunha (NFO £4.5m) + Hume (SUN £4.5m),BHA-CRY-MUN-NFO-SUN,22.5,62.4,51.39,23.58,27.81,2.4,2.67,2.5455,0.05,True
Tier 1: Pure Budget BB1 (£21.5m-£22.5m),1,De Cuyper (BHA £4.5m) + Chadi Riad (CRY £4.5m) + Shaw (MUN £4.5m) + Jair Cunha (NFO £4.5m) + Robertson (TOT £4.5m),BHA-CRY-MUN-NFO-TOT,22.5,61.11,51.63,22.99,28.64,2.6,2.67,2.6364,-0.1366,False
Tier 1: Pure Budget BB1 (£21.5m-£22.5m),1,De Cuyper (BHA £4.5m) + Chadi Riad (CRY £4.5m) + Shaw (MUN £4.5m) + Hume (SUN £4.5m) + Robertson (TOT £4.5m),BHA-CRY-MUN-SUN-TOT,22.5,65.67,52.2,22.72,29.48,2.6,2.33,2.4545,-0.1732,True
Tier 1: Pure Budget BB1 (£21.5m-£22.5m),1,De Cuyper (BHA £4.5m) + Chadi Riad (CRY £4.5m) + Jair Cunha (NFO £4.5m) + Hume (SUN £4.5m) + Robertson (TOT £4.5m),BHA-CRY-NFO-SUN-TOT,22.5,61.38,51.78,23.08,28.7,2.6,2.67,2.6364,-0.1366,True
Tier 1: Pure Budget BB1 (£21.5m-£22.5m),1,De Cuyper (BHA £4.5m) + Mykolenko (EVE £4.5m) + Greaves (IPS £4.0m) + Bogle (LEE £4.5m) + Shaw (MUN £4.5m),BHA-EVE-IPS-LEE-MUN,22.0,48.16,44.44,20.18,24.27,2.6,2.67,2.6364,0.0268,False
Tier 1: Pure Budget BB1 (£21.5m-£22.5m),1,De Cuyper (BHA £4.5m) + Mykolenko (EVE £4.5m) + Greaves (IPS £4.0m) + Bogle (LEE £4.5m) + Robertson (TOT £4.5m),BHA-EVE-IPS-LEE-TOT,22.0,47.04,44.88,19.68,25.2,2.8,2.67,2.7273,-0.1232,False
Tier 1: Pure Budget BB1 (£21.5m-£22.5m),1,De Cuyper (BHA £4.5m) + Mykolenko (EVE £4.5m) + Greaves (IPS £4.0m) + Shaw (MUN £4.5m) + Jair Cunha (NFO £4.5m),BHA-EVE-IPS-MUN-NFO,22.0,57.31,49.3,22.58,26.72,2.4,2.83,2.6364,0.1634,False
Tier 1: Pure Budget BB1 (£21.5m-£22.5m),1,De Cuyper (BHA £4.5m) + Mykolenko (EVE £4.5m) + Greaves (IPS £4.0m) + Shaw (MUN £4.5m) + Robertson (TOT £4.5m),BHA-EVE-IPS-MUN-TOT,22.0,60.33,50.11,21.73,28.39,2.6,2.5,2.5455,-0.0098,False
Tier 1: Pure Budget BB1 (£21.5m-£22.5m),1,De Cuyper (BHA £4.5m) + Mykolenko (EVE £4.5m) + Greaves (IPS £4.0m) + Jair Cunha (NFO £4.5m) + Robertson (TOT £4.5m),BHA-EVE-IPS-NFO-TOT,22.0,56.62,49.73,22.08,27.65,2.6,2.83,2.7273,-0.0732,False
Tier 1: Pure Budget BB1 (£21.5m-£22.5m),1,De Cuyper (BHA £4.5m) + Mykolenko (EVE £4.5m) + Bogle (LEE £4.5m) + Shaw (MUN £4.5m) + Hume (SUN £4.5m),BHA-EVE-LEE-MUN-SUN,22.5,56.32,48.57,21.01,27.56,2.6,2.5,2.5455,0.0402,True
Tier 1: Pure Budget BB1 (£21.5m-£22.5m),1,De Cuyper (BHA £4.5m) + Mykolenko (EVE £4.5m) + Bogle (LEE £4.5m) + Shaw (MUN £4.5m) + Robertson (TOT £4.5m),BHA-EVE-LEE-MUN-TOT,22.5,54.59,48.8,20.42,28.39,2.8,2.5,2.6364,-0.0598,False
Tier 1: Pure Budget BB1 (£21.5m-£22.5m),1,De Cuyper (BHA £4.5m) + Mykolenko (EVE £4.5m) + Bogle (LEE £4.5m) + Hume (SUN £4.5m) + Robertson (TOT £4.5m),BHA-EVE-LEE-SUN-TOT,22.5,54.95,49.0,20.51,28.49,2.8,2.5,2.6364,-0.0598,True
Tier 1: Pure Budget BB1 (£21.5m-£22.5m),1,De Cuyper (BHA £4.5m) + Mykolenko (EVE £4.5m) + Shaw (MUN £4.5m) + Jair Cunha (NFO £4.5m) + Hume (SUN £4.5m),BHA-EVE-MUN-NFO-SUN,22.5,63.95,51.43,23.41,28.02,2.4,2.5,2.4545,0.0902,True
Tier 1: Pure Budget BB1 (£21.5m-£22.5m),1,De Cuyper (BHA £4.5m) + Mykolenko (EVE £4.5m) + Shaw (MUN £4.5m) + Jair Cunha (NFO £4.5m) + Robertson (TOT £4.5m),BHA-EVE-MUN-NFO-TOT,22.5,62.65,51.67,22.82,28.85,2.6,2.5,2.5455,-0.0964,False
Tier 1: Pure Budget BB1 (£21.5m-£22.5m),1,De Cuyper (BHA £4.5m) + Mykolenko (EVE £4.5m) + Shaw (MUN £4.5m) + Hume (SUN £4.5m) + Robertson (TOT £4.5m),BHA-EVE-MUN-SUN-TOT,22.5,63.99,52.04,22.56,29.48,2.6,2.33,2.4545,0.1036,True
Tier 1: Pure Budget BB1 (£21.5m-£22.5m),1,De Cuyper (BHA £4.5m) + Mykolenko (EVE £4.5m) + Jair Cunha (NFO £4.5m) + Hume (SUN £4.5m) + Robertson (TOT £4.5m),BHA-EVE-NFO-SUN-TOT,22.5,62.92,51.82,22.92,28.9,2.6,2.5,2.5455,-0.0964,True
Tier 1: Pure Budget BB1 (£21.5m-£22.5m),1,De Cuyper (BHA £4.5m) + Greaves (IPS £4.0m) + Bogle (LEE £4.5m) + Shaw (MUN £4.5m) + Robertson (TOT £4.5m),BHA-IPS-LEE-MUN-TOT,22.0,57.37,48.18,20.78,27.4,2.6,2.5,2.5455,-0.1232,False
Tier 1: Pure Budget BB1 (£21.5m-£22.5m),1,De Cuyper (BHA £4.5m) + Greaves (IPS £4.0m) + Shaw (MUN £4.5m) + Jair Cunha (NFO £4.5m) + Robertson (TOT £4.5m),BHA-IPS-MUN-NFO-TOT,22.0,64.76,51.83,23.19,28.64,2.4,2.67,2.5455,-0.0732,False
Tier 1: Pure Budget BB1 (£21.5m-£22.5m),1,De Cuyper (BHA £4.5m) + Bogle (LEE £4.5m) + Shaw (MUN £4.5m) + Hume (SUN £4.5m) + Robertson (TOT £4.5m),BHA-LEE-MUN-SUN-TOT,22.5,63.08,51.09,21.61,29.48,2.6,2.33,2.4545,-0.0598,True
Tier 1: Pure Budget BB1 (£21.5m-£22.5m),1,De Cuyper (BHA £4.5m) + Shaw (MUN £4.5m) + Jair Cunha (NFO £4.5m) + Hume (SUN £4.5m) + Robertson (TOT £4.5m),BHA-MUN-NFO-SUN-TOT,22.5,71.06,53.91,24.02,29.89,2.4,2.33,2.3636,-0.0964,True
Tier 1: Pure Budget BB1 (£21.5m-£22.5m),1,Ajer (BRE £4.5m) + Hato (CHE £4.5m) + Chadi Riad (CRY £4.5m) + Greaves (IPS £4.0m) + Bogle (LEE £4.5m),BRE-CHE-CRY-IPS-LEE,22.0,38.43,40.2,17.97,22.23,2.8,2.67,2.7273,-0.1012,False
Tier 1: Pure Budget BB1 (£21.5m-£22.5m),1,Ajer (BRE £4.5m) + Hato (CHE £4.5m) + Chadi Riad (CRY £4.5m) + Greaves (IPS £4.0m) + Shaw (MUN £4.5m),BRE-CHE-CRY-IPS-MUN,22.0,52.32,45.44,20.02,25.42,2.6,2.5,2.5455,-0.1067,False
Tier 1: Pure Budget BB1 (£21.5m-£22.5m),1,Ajer (BRE £4.5m) + Hato (CHE £4.5m) + Chadi Riad (CRY £4.5m) + Greaves (IPS £4.0m) + Jair Cunha (NFO £4.5m),BRE-CHE-CRY-IPS-NFO,22.0,47.56,45.06,20.38,24.69,2.6,2.83,2.7273,0.0393,False
Tier 1: Pure Budget BB1 (£21.5m-£22.5m),1,Ajer (BRE £4.5m) + Hato (CHE £4.5m) + Chadi Riad (CRY £4.5m) + Bogle (LEE £4.5m) + Shaw (MUN £4.5m),BRE-CHE-CRY-LEE-MUN,22.5,46.67,44.13,18.71,25.42,2.8,2.5,2.6364,-0.1756,False
Tier 1: Pure Budget BB1 (£21.5m-£22.5m),1,Ajer (BRE £4.5m) + Hato (CHE £4.5m) + Chadi Riad (CRY £4.5m) + Bogle (LEE £4.5m) + Hume (SUN £4.5m),BRE-CHE-CRY-LEE-SUN,22.5,47.03,44.33,18.8,25.52,2.8,2.5,2.6364,-0.1756,True
Tier 1: Pure Budget BB1 (£21.5m-£22.5m),1,Ajer (BRE £4.5m) + Hato (CHE £4.5m) + Chadi Riad (CRY £4.5m) + Shaw (MUN £4.5m) + Jair Cunha (NFO £4.5m),BRE-CHE-CRY-MUN-NFO,22.5,54.28,47.0,21.11,25.88,2.6,2.5,2.5455,-0.1217,False
Tier 1: Pure Budget BB1 (£21.5m-£22.5m),1,Ajer (BRE £4.5m) + Hato (CHE £4.5m) + Chadi Riad (CRY £4.5m) + Shaw (MUN £4.5m) + Hume (SUN £4.5m),BRE-CHE-CRY-MUN-SUN,22.5,57.13,47.62,20.85,26.77,2.6,2.33,2.4545,-0.1311,True
Tier 1: Pure Budget BB1 (£21.5m-£22.5m),1,Ajer (BRE £4.5m) + Hato (CHE £4.5m) + Chadi Riad (CRY £4.5m) + Jair Cunha (NFO £4.5m) + Hume (SUN £4.5m),BRE-CHE-CRY-NFO-SUN,22.5,54.59,47.17,21.21,25.96,2.6,2.5,2.5455,-0.1217,True
Tier 1: Pure Budget BB1 (£21.5m-£22.5m),1,Ajer (BRE £4.5m) + Hato (CHE £4.5m) + Mykolenko (EVE £4.5m) + Greaves (IPS £4.0m) + Bogle (LEE £4.5m),BRE-CHE-EVE-IPS-LEE,22.0,36.76,40.26,17.81,22.45,2.8,2.83,2.8182,-0.0811,False
Tier 1: Pure Budget BB1 (£21.5m-£22.5m),1,Ajer (BRE £4.5m) + Hato (CHE £4.5m) + Mykolenko (EVE £4.5m) + Greaves (IPS £4.0m) + Shaw (MUN £4.5m),BRE-CHE-EVE-IPS-MUN,22.0,48.55,44.76,19.86,24.9,2.6,2.67,2.6364,0.0634,False
Tier 1: Pure Budget BB1 (£21.5m-£22.5m),1,Ajer (BRE £4.5m) + Hato (CHE £4.5m) + Mykolenko (EVE £4.5m) + Greaves (IPS £4.0m) + Jair Cunha (NFO £4.5m),BRE-CHE-EVE-IPS-NFO,22.0,46.56,44.33,20.21,24.11,2.6,2.83,2.7273,-0.0272,False
Tier 1: Pure Budget BB1 (£21.5m-£22.5m),1,Ajer (BRE £4.5m) + Hato (CHE £4.5m) + Mykolenko (EVE £4.5m) + Bogle (LEE £4.5m) + Shaw (MUN £4.5m),BRE-CHE-EVE-LEE-MUN,22.5,43.74,42.99,18.55,24.44,2.8,2.5,2.6364,-0.0055,False
Tier 1: Pure Budget BB1 (£21.5m-£22.5m),1,Ajer (BRE £4.5m) + Hato (CHE £4.5m) + Mykolenko (EVE £4.5m) + Bogle (LEE £4.5m) + Hume (SUN £4.5m),BRE-CHE-EVE-LEE-SUN,22.5,44.1,43.18,18.64,24.54,2.8,2.5,2.6364,-0.0055,True
Tier 1: Pure Budget BB1 (£21.5m-£22.5m),1,Ajer (BRE £4.5m) + Hato (CHE £4.5m) + Mykolenko (EVE £4.5m) + Shaw (MUN £4.5m) + Jair Cunha (NFO £4.5m),BRE-CHE-EVE-MUN-NFO,22.5,53.98,47.06,20.95,26.11,2.6,2.5,2.5455,-0.0382,False
Tier 1: Pure Budget BB1 (£21.5m-£22.5m),1,Ajer (BRE £4.5m) + Hato (CHE £4.5m) + Mykolenko (EVE £4.5m) + Shaw (MUN £4.5m) + Hume (SUN £4.5m),BRE-CHE-EVE-MUN-SUN,22.5,55.19,47.43,20.69,26.74,2.6,2.33,2.4545,0.189,True
Tier 1: Pure Budget BB1 (£21.5m-£22.5m),1,Ajer (BRE £4.5m) + Hato (CHE £4.5m) + Mykolenko (EVE £4.5m) + Jair Cunha (NFO £4.5m) + Hume (SUN £4.5m),BRE-CHE-EVE-NFO-SUN,22.5,54.34,47.26,21.05,26.21,2.6,2.5,2.5455,-0.0382,True
Tier 1: Pure Budget BB1 (£21.5m-£22.5m),1,Ajer (BRE £4.5m) + Hato (CHE £4.5m) + Greaves (IPS £4.0m) + Bogle (LEE £4.5m) + Shaw (MUN £4.5m),BRE-CHE-IPS-LEE-MUN,22.0,47.93,43.1,18.91,24.19,2.6,2.5,2.5455,-0.0811,False
Tier 1: Pure Budget BB1 (£21.5m-£22.5m),1,Ajer (BRE £4.5m) + Hato (CHE £4.5m) + Greaves (IPS £4.0m) + Shaw (MUN £4.5m) + Jair Cunha (NFO £4.5m),BRE-CHE-IPS-MUN-NFO,22.0,57.73,47.17,21.31,25.86,2.4,2.5,2.4545,-0.0272,False
Tier 1: Pure Budget BB1 (£21.5m-£22.5m),1,Ajer (BRE £4.5m) + Hato (CHE £4.5m) + Bogle (LEE £4.5m) + Shaw (MUN £4.5m) + Hume (SUN £4.5m),BRE-CHE-LEE-MUN-SUN,22.5,54.44,46.49,19.74,26.74,2.6,2.33,2.4545,-0.0055,True
Tier 1: Pure Budget BB1 (£21.5m-£22.5m),1,Ajer (BRE £4.5m) + Hato (CHE £4.5m) + Shaw (MUN £4.5m) + Jair Cunha (NFO £4.5m) + Hume (SUN £4.5m),BRE-CHE-MUN-NFO-SUN,22.5,62.47,49.35,22.15,27.2,2.4,2.33,2.3636,-0.0382,True
Tier 1: Pure Budget BB1 (£21.5m-£22.5m),1,Ajer (BRE £4.5m) + Chadi Riad (CRY £4.5m) + Greaves (IPS £4.0m) + Bogle (LEE £4.5m) + Shaw (MUN £4.5m),BRE-CRY-IPS-LEE-MUN,22.0,48.8,44.58,19.96,24.62,2.6,2.67,2.6364,-0.05,False
Tier 1: Pure Budget BB1 (£21.5m-£22.5m),1,Ajer (BRE £4.5m) + Chadi Riad (CRY £4.5m) + Greaves (IPS £4.0m) + Shaw (MUN £4.5m) + Jair Cunha (NFO £4.5m),BRE-CRY-IPS-MUN-NFO,22.0,55.57,48.23,22.36,25.87,2.4,2.83,2.6364,0.1232,False
Tier 1: Pure Budget BB1 (£21.5m-£22.5m),1,Ajer (BRE £4.5m) + Chadi Riad (CRY £4.5m) + Bogle (LEE £4.5m) + Shaw (MUN £4.5m) + Hume (SUN £4.5m),BRE-CRY-LEE-MUN-SUN,22.5,55.33,47.5,20.79,26.7,2.6,2.5,2.5455,-0.15,True
Tier 1: Pure Budget BB1 (£21.5m-£22.5m),1,Ajer (BRE £4.5m) + Chadi Riad (CRY £4.5m) + Shaw (MUN £4.5m) + Jair Cunha (NFO £4.5m) + Hume (SUN £4.5m),BRE-CRY-MUN-NFO-SUN,22.5,62.73,50.34,23.2,27.14,2.4,2.5,2.4545,-0.0634,True
Tier 1: Pure Budget BB1 (£21.5m-£22.5m),1,Ajer (BRE £4.5m) + Mykolenko (EVE £4.5m) + Greaves (IPS £4.0m) + Bogle (LEE £4.5m) + Shaw (MUN £4.5m),BRE-EVE-IPS-LEE-MUN,22.0,48.06,44.17,19.8,24.38,2.6,2.67,2.6364,-0.05,False
Tier 1: Pure Budget BB1 (£21.5m-£22.5m),1,Ajer (BRE £4.5m) + Mykolenko (EVE £4.5m) + Greaves (IPS £4.0m) + Shaw (MUN £4.5m) + Jair Cunha (NFO £4.5m),BRE-EVE-IPS-MUN-NFO,22.0,57.7,48.25,22.2,26.05,2.4,2.67,2.5455,0.0366,False
Tier 1: Pure Budget BB1 (£21.5m-£22.5m),1,Ajer (BRE £4.5m) + Mykolenko (EVE £4.5m) + Bogle (LEE £4.5m) + Shaw (MUN £4.5m) + Hume (SUN £4.5m),BRE-EVE-LEE-MUN-SUN,22.5,54.69,47.56,20.63,26.93,2.6,2.5,2.5455,0.0,True
Tier 1: Pure Budget BB1 (£21.5m-£22.5m),1,Ajer (BRE £4.5m) + Mykolenko (EVE £4.5m) + Shaw (MUN £4.5m) + Jair Cunha (NFO £4.5m) + Hume (SUN £4.5m),BRE-EVE-MUN-NFO-SUN,22.5,62.57,50.42,23.03,27.39,2.4,2.5,2.4545,0.0,True
Tier 1: Pure Budget BB1 (£21.5m-£22.5m),1,Hato (CHE £4.5m) + Chadi Riad (CRY £4.5m) + Greaves (IPS £4.0m) + Bogle (LEE £4.5m) + Shaw (MUN £4.5m),CHE-CRY-IPS-LEE-MUN,22.0,42.86,41.69,19.03,22.67,2.6,2.67,2.6364,0.0878,False
Tier 1: Pure Budget BB1 (£21.5m-£22.5m),1,Hato (CHE £4.5m) + Chadi Riad (CRY £4.5m) + Greaves (IPS £4.0m) + Bogle (LEE £4.5m) + Robertson (TOT £4.5m),CHE-CRY-IPS-LEE-TOT,22.0,41.83,42.13,18.53,23.6,2.8,2.67,2.7273,-0.0811,False
Tier 1: Pure Budget BB1 (£21.5m-£22.5m),1,Hato (CHE £4.5m) + Chadi Riad (CRY £4.5m) + Greaves (IPS £4.0m) + Shaw (MUN £4.5m) + Jair Cunha (NFO £4.5m),CHE-CRY-IPS-MUN-NFO,22.0,51.99,46.55,21.43,25.12,2.4,2.83,2.6364,0.2283,False
Tier 1: Pure Budget BB1 (£21.5m-£22.5m),1,Hato (CHE £4.5m) + Chadi Riad (CRY £4.5m) + Greaves (IPS £4.0m) + Shaw (MUN £4.5m) + Robertson (TOT £4.5m),CHE-CRY-IPS-MUN-TOT,22.0,54.96,47.36,20.58,26.79,2.6,2.5,2.5455,0.0634,False
Tier 1: Pure Budget BB1 (£21.5m-£22.5m),1,Hato (CHE £4.5m) + Chadi Riad (CRY £4.5m) + Greaves (IPS £4.0m) + Jair Cunha (NFO £4.5m) + Robertson (TOT £4.5m),CHE-CRY-IPS-NFO-TOT,22.0,51.39,46.98,20.93,26.05,2.6,2.83,2.7273,-0.0272,False
Tier 1: Pure Budget BB1 (£21.5m-£22.5m),1,Hato (CHE £4.5m) + Chadi Riad (CRY £4.5m) + Bogle (LEE £4.5m) + Shaw (MUN £4.5m) + Hume (SUN £4.5m),CHE-CRY-LEE-MUN-SUN,22.5,50.96,45.82,19.86,25.96,2.6,2.5,2.5455,0.1134,True
Tier 1: Pure Budget BB1 (£21.5m-£22.5m),1,Hato (CHE £4.5m) + Chadi Riad (CRY £4.5m) + Bogle (LEE £4.5m) + Shaw (MUN £4.5m) + Robertson (TOT £4.5m),CHE-CRY-LEE-MUN-TOT,22.5,49.32,46.05,19.27,26.79,2.8,2.5,2.6364,-0.0055,False
Tier 1: Pure Budget BB1 (£21.5m-£22.5m),1,Hato (CHE £4.5m) + Chadi Riad (CRY £4.5m) + Bogle (LEE £4.5m) + Hume (SUN £4.5m) + Robertson (TOT £4.5m),CHE-CRY-LEE-SUN-TOT,22.5,49.67,46.25,19.36,26.89,2.8,2.5,2.6364,-0.0055,True
Tier 1: Pure Budget BB1 (£21.5m-£22.5m),1,Hato (CHE £4.5m) + Chadi Riad (CRY £4.5m) + Shaw (MUN £4.5m) + Jair Cunha (NFO £4.5m) + Hume (SUN £4.5m),CHE-CRY-MUN-NFO-SUN,22.5,58.56,48.68,22.26,26.42,2.4,2.5,2.4545,0.1673,True
Tier 1: Pure Budget BB1 (£21.5m-£22.5m),1,Hato (CHE £4.5m) + Chadi Riad (CRY £4.5m) + Shaw (MUN £4.5m) + Jair Cunha (NFO £4.5m) + Robertson (TOT £4.5m),CHE-CRY-MUN-NFO-TOT,22.5,57.36,48.92,21.67,27.25,2.6,2.5,2.5455,-0.0382,False
Tier 1: Pure Budget BB1 (£21.5m-£22.5m),1,Hato (CHE £4.5m) + Chadi Riad (CRY £4.5m) + Shaw (MUN £4.5m) + Hume (SUN £4.5m) + Robertson (TOT £4.5m),CHE-CRY-MUN-SUN-TOT,22.5,57.24,49.48,21.41,28.07,2.6,2.5,2.5455,0.189,True
Tier 1: Pure Budget BB1 (£21.5m-£22.5m),1,Hato (CHE £4.5m) + Chadi Riad (CRY £4.5m) + Jair Cunha (NFO £4.5m) + Hume (SUN £4.5m) + Robertson (TOT £4.5m),CHE-CRY-NFO-SUN-TOT,22.5,57.67,49.09,21.77,27.32,2.6,2.5,2.5455,-0.0382,True
Tier 1: Pure Budget BB1 (£21.5m-£22.5m),1,Hato (CHE £4.5m) + Mykolenko (EVE £4.5m) + Greaves (IPS £4.0m) + Bogle (LEE £4.5m) + Shaw (MUN £4.5m),CHE-EVE-IPS-LEE-MUN,22.0,39.68,41.74,18.86,22.88,2.6,2.83,2.7273,0.4079,False
Tier 1: Pure Budget BB1 (£21.5m-£22.5m),1,Hato (CHE £4.5m) + Mykolenko (EVE £4.5m) + Greaves (IPS £4.0m) + Bogle (LEE £4.5m) + Robertson (TOT £4.5m),CHE-EVE-IPS-LEE-TOT,22.0,38.65,42.18,18.37,23.81,2.8,2.83,2.8182,0.239,False
Tier 1: Pure Budget BB1 (£21.5m-£22.5m),1,Hato (CHE £4.5m) + Mykolenko (EVE £4.5m) + Greaves (IPS £4.0m) + Shaw (MUN £4.5m) + Jair Cunha (NFO £4.5m),CHE-EVE-IPS-MUN-NFO,22.0,49.49,45.82,21.27,24.55,2.4,2.83,2.6364,0.4618,False
Tier 1: Pure Budget BB1 (£21.5m-£22.5m),1,Hato (CHE £4.5m) + Mykolenko (EVE £4.5m) + Greaves (IPS £4.0m) + Shaw (MUN £4.5m) + Robertson (TOT £4.5m),CHE-EVE-IPS-MUN-TOT,22.0,49.24,46.43,20.42,26.01,2.6,2.67,2.6364,0.5335,False
Tier 1: Pure Budget BB1 (£21.5m-£22.5m),1,Hato (CHE £4.5m) + Mykolenko (EVE £4.5m) + Greaves (IPS £4.0m) + Jair Cunha (NFO £4.5m) + Robertson (TOT £4.5m),CHE-EVE-IPS-NFO-TOT,22.0,48.89,46.25,20.77,25.48,2.6,2.83,2.7273,0.2062,False
Tier 1: Pure Budget BB1 (£21.5m-£22.5m),1,Hato (CHE £4.5m) + Mykolenko (EVE £4.5m) + Bogle (LEE £4.5m) + Shaw (MUN £4.5m) + Hume (SUN £4.5m),CHE-EVE-LEE-MUN-SUN,22.5,46.07,44.42,19.7,24.72,2.6,2.5,2.5455,0.5835,True
Tier 1: Pure Budget BB1 (£21.5m-£22.5m),1,Hato (CHE £4.5m) + Mykolenko (EVE £4.5m) + Bogle (LEE £4.5m) + Shaw (MUN £4.5m) + Robertson (TOT £4.5m),CHE-EVE-LEE-MUN-TOT,22.5,44.43,44.66,19.11,25.55,2.8,2.5,2.6364,0.4646,False
Tier 1: Pure Budget BB1 (£21.5m-£22.5m),1,Hato (CHE £4.5m) + Mykolenko (EVE £4.5m) + Bogle (LEE £4.5m) + Hume (SUN £4.5m) + Robertson (TOT £4.5m),CHE-EVE-LEE-SUN-TOT,22.5,44.79,44.86,19.2,25.65,2.8,2.5,2.6364,0.4646,True
Tier 1: Pure Budget BB1 (£21.5m-£22.5m),1,Hato (CHE £4.5m) + Mykolenko (EVE £4.5m) + Shaw (MUN £4.5m) + Jair Cunha (NFO £4.5m) + Hume (SUN £4.5m),CHE-EVE-MUN-NFO-SUN,22.5,56.31,48.49,22.1,26.39,2.4,2.5,2.4545,0.5507,True
Tier 1: Pure Budget BB1 (£21.5m-£22.5m),1,Hato (CHE £4.5m) + Mykolenko (EVE £4.5m) + Shaw (MUN £4.5m) + Jair Cunha (NFO £4.5m) + Robertson (TOT £4.5m),CHE-EVE-MUN-NFO-TOT,22.5,55.1,48.73,21.51,27.22,2.6,2.5,2.5455,0.3452,False
Tier 1: Pure Budget BB1 (£21.5m-£22.5m),1,Hato (CHE £4.5m) + Mykolenko (EVE £4.5m) + Shaw (MUN £4.5m) + Hume (SUN £4.5m) + Robertson (TOT £4.5m),CHE-EVE-MUN-SUN-TOT,22.5,53.8,49.29,21.25,28.04,2.6,2.5,2.5455,0.8091,True
Tier 1: Pure Budget BB1 (£21.5m-£22.5m),1,Hato (CHE £4.5m) + Mykolenko (EVE £4.5m) + Jair Cunha (NFO £4.5m) + Hume (SUN £4.5m) + Robertson (TOT £4.5m),CHE-EVE-NFO-SUN-TOT,22.5,55.46,48.93,21.61,27.32,2.6,2.5,2.5455,0.3452,True
Tier 1: Pure Budget BB1 (£21.5m-£22.5m),1,Hato (CHE £4.5m) + Greaves (IPS £4.0m) + Bogle (LEE £4.5m) + Shaw (MUN £4.5m) + Robertson (TOT £4.5m),CHE-IPS-LEE-MUN-TOT,22.0,49.82,45.02,19.47,25.55,2.6,2.5,2.5455,0.239,False
Tier 1: Pure Budget BB1 (£21.5m-£22.5m),1,Hato (CHE £4.5m) + Greaves (IPS £4.0m) + Shaw (MUN £4.5m) + Jair Cunha (NFO £4.5m) + Robertson (TOT £4.5m),CHE-IPS-MUN-NFO-TOT,22.0,60.06,49.1,21.87,27.22,2.4,2.5,2.4545,0.2062,False
Tier 1: Pure Budget BB1 (£21.5m-£22.5m),1,Hato (CHE £4.5m) + Bogle (LEE £4.5m) + Shaw (MUN £4.5m) + Hume (SUN £4.5m) + Robertson (TOT £4.5m),CHE-LEE-MUN-SUN-TOT,22.5,53.8,48.34,20.3,28.04,2.6,2.5,2.5455,0.4646,True
Tier 1: Pure Budget BB1 (£21.5m-£22.5m),1,Hato (CHE £4.5m) + Shaw (MUN £4.5m) + Jair Cunha (NFO £4.5m) + Hume (SUN £4.5m) + Robertson (TOT £4.5m),CHE-MUN-NFO-SUN-TOT,22.5,62.27,51.21,22.71,28.5,2.4,2.5,2.4545,0.3452,True
Tier 1: Pure Budget BB1 (£21.5m-£22.5m),1,Chadi Riad (CRY £4.5m) + Greaves (IPS £4.0m) + Bogle (LEE £4.5m) + Shaw (MUN £4.5m) + Robertson (TOT £4.5m),CRY-IPS-LEE-MUN-TOT,22.0,52.29,46.5,20.52,25.99,2.6,2.67,2.6364,-0.05,False
Tier 1: Pure Budget BB1 (£21.5m-£22.5m),1,Chadi Riad (CRY £4.5m) + Greaves (IPS £4.0m) + Shaw (MUN £4.5m) + Jair Cunha (NFO £4.5m) + Robertson (TOT £4.5m),CRY-IPS-MUN-NFO-TOT,22.0,59.49,50.15,22.92,27.23,2.4,2.83,2.6364,0.0366,False
Tier 1: Pure Budget BB1 (£21.5m-£22.5m),1,Chadi Riad (CRY £4.5m) + Bogle (LEE £4.5m) + Shaw (MUN £4.5m) + Hume (SUN £4.5m) + Robertson (TOT £4.5m),CRY-LEE-MUN-SUN-TOT,22.5,58.07,49.42,21.35,28.07,2.6,2.5,2.5455,0.0,True
Tier 1: Pure Budget BB1 (£21.5m-£22.5m),1,Chadi Riad (CRY £4.5m) + Shaw (MUN £4.5m) + Jair Cunha (NFO £4.5m) + Hume (SUN £4.5m) + Robertson (TOT £4.5m),CRY-MUN-NFO-SUN-TOT,22.5,65.9,52.26,23.75,28.5,2.4,2.5,2.4545,0.0,True
Tier 1: Pure Budget BB1 (£21.5m-£22.5m),1,Mykolenko (EVE £4.5m) + Greaves (IPS £4.0m) + Bogle (LEE £4.5m) + Shaw (MUN £4.5m) + Robertson (TOT £4.5m),EVE-IPS-LEE-MUN-TOT,22.0,50.05,46.1,20.35,25.74,2.6,2.67,2.6364,0.25,False
Tier 1: Pure Budget BB1 (£21.5m-£22.5m),1,Mykolenko (EVE £4.5m) + Greaves (IPS £4.0m) + Shaw (MUN £4.5m) + Jair Cunha (NFO £4.5m) + Robertson (TOT £4.5m),EVE-IPS-MUN-NFO-TOT,22.0,60.13,50.17,22.76,27.41,2.4,2.67,2.5455,0.25,False
Tier 1: Pure Budget BB1 (£21.5m-£22.5m),1,Mykolenko (EVE £4.5m) + Bogle (LEE £4.5m) + Shaw (MUN £4.5m) + Hume (SUN £4.5m) + Robertson (TOT £4.5m),EVE-LEE-MUN-SUN-TOT,22.5,55.48,49.23,21.19,28.04,2.6,2.5,2.5455,0.45,True
Tier 1: Pure Budget BB1 (£21.5m-£22.5m),1,Mykolenko (EVE £4.5m) + Shaw (MUN £4.5m) + Jair Cunha (NFO £4.5m) + Hume (SUN £4.5m) + Robertson (TOT £4.5m),EVE-MUN-NFO-SUN-TOT,22.5,63.79,52.1,23.59,28.5,2.4,2.5,2.4545,0.3634,True
Tier 2: 1 Premium Anchor + 4 Budget (£23.5m-£24.5m),2,[Anchor: Calafiori (ARS £5.5m)] + Maatsen (AVL £4.5m) + Ajer (BRE £4.5m) + Hato (CHE £4.5m) + Chadi Riad (CRY £4.5m),ARS-AVL-BRE-CHE-CRY,23.5,51.23,49.91,22.05,27.86,2.8,2.83,2.8182,-0.0262,False
Tier 2: 1 Premium Anchor + 4 Budget (£23.5m-£24.5m),2,[Anchor: Calafiori (ARS £5.5m)] + Maatsen (AVL £4.5m) + Ajer (BRE £4.5m) + Hato (CHE £4.5m) + Mykolenko (EVE £4.5m),ARS-AVL-BRE-CHE-EVE,23.5,52.15,50.0,21.88,28.12,2.8,2.83,2.8182,-0.1793,False
Tier 2: 1 Premium Anchor + 4 Budget (£23.5m-£24.5m),2,[Anchor: Calafiori (ARS £5.5m)] + Maatsen (AVL £4.5m) + Ajer (BRE £4.5m) + Hato (CHE £4.5m) + Bogle (LEE £4.5m),ARS-AVL-BRE-CHE-LEE,23.5,49.76,48.8,20.94,27.86,2.8,2.83,2.8182,-0.1372,False
Tier 2: 1 Premium Anchor + 4 Budget (£23.5m-£24.5m),2,[Anchor: Calafiori (ARS £5.5m)] + Maatsen (AVL £4.5m) + Ajer (BRE £4.5m) + Hato (CHE £4.5m) + Shaw (MUN £4.5m),ARS-AVL-BRE-CHE-MUN,23.5,60.29,52.09,22.99,29.11,2.6,2.67,2.6364,-0.1793,False
Tier 2: 1 Premium Anchor + 4 Budget (£23.5m-£24.5m),2,[Anchor: Calafiori (ARS £5.5m)] + Maatsen (AVL £4.5m) + Ajer (BRE £4.5m) + Hato (CHE £4.5m) + Jair Cunha (NFO £4.5m),ARS-AVL-BRE-CHE-NFO,23.5,56.28,51.21,23.34,27.86,2.6,2.83,2.7273,-0.0333,False
Tier 2: 1 Premium Anchor + 4 Budget (£23.5m-£24.5m),2,[Anchor: Calafiori (ARS £5.5m)] + Maatsen (AVL £4.5m) + Ajer (BRE £4.5m) + Hato (CHE £4.5m) + Hume (SUN £4.5m),ARS-AVL-BRE-CHE-SUN,23.5,60.56,52.24,23.08,29.16,2.6,2.67,2.6364,-0.1793,True
Tier 2: 1 Premium Anchor + 4 Budget (£23.5m-£24.5m),2,[Anchor: Calafiori (ARS £5.5m)] + Maatsen (AVL £4.5m) + Ajer (BRE £4.5m) + Chadi Riad (CRY £4.5m) + Bogle (LEE £4.5m),ARS-AVL-BRE-CRY-LEE,23.5,46.74,49.05,21.98,27.06,2.8,3.0,2.9091,0.2232,False
Tier 2: 1 Premium Anchor + 4 Budget (£23.5m-£24.5m),2,[Anchor: Calafiori (ARS £5.5m)] + Maatsen (AVL £4.5m) + Ajer (BRE £4.5m) + Chadi Riad (CRY £4.5m) + Shaw (MUN £4.5m),ARS-AVL-BRE-CRY-MUN,23.5,59.34,53.08,24.03,29.04,2.6,2.83,2.7273,0.0366,False
Tier 2: 1 Premium Anchor + 4 Budget (£23.5m-£24.5m),2,[Anchor: Calafiori (ARS £5.5m)] + Maatsen (AVL £4.5m) + Ajer (BRE £4.5m) + Chadi Riad (CRY £4.5m) + Jair Cunha (NFO £4.5m),ARS-AVL-BRE-CRY-NFO,23.5,52.42,52.24,24.39,27.85,2.6,3.17,2.9091,0.4464,False
Tier 2: 1 Premium Anchor + 4 Budget (£23.5m-£24.5m),2,[Anchor: Calafiori (ARS £5.5m)] + Maatsen (AVL £4.5m) + Ajer (BRE £4.5m) + Chadi Riad (CRY £4.5m) + Hume (SUN £4.5m),ARS-AVL-BRE-CRY-SUN,23.5,59.61,53.23,24.13,29.1,2.6,2.83,2.7273,0.0366,True
Tier 2: 1 Premium Anchor + 4 Budget (£23.5m-£24.5m),2,[Anchor: Calafiori (ARS £5.5m)] + Maatsen (AVL £4.5m) + Ajer (BRE £4.5m) + Mykolenko (EVE £4.5m) + Bogle (LEE £4.5m),ARS-AVL-BRE-EVE-LEE,23.5,49.86,49.88,21.82,28.05,2.8,3.0,2.9091,-0.1,False
Tier 2: 1 Premium Anchor + 4 Budget (£23.5m-£24.5m),2,[Anchor: Calafiori (ARS £5.5m)] + Maatsen (AVL £4.5m) + Ajer (BRE £4.5m) + Mykolenko (EVE £4.5m) + Shaw (MUN £4.5m),ARS-AVL-BRE-EVE-MUN,23.5,60.36,53.17,23.87,29.3,2.6,2.83,2.7273,-0.1366,False
Tier 2: 1 Premium Anchor + 4 Budget (£23.5m-£24.5m),2,[Anchor: Calafiori (ARS £5.5m)] + Maatsen (AVL £4.5m) + Ajer (BRE £4.5m) + Mykolenko (EVE £4.5m) + Jair Cunha (NFO £4.5m),ARS-AVL-BRE-EVE-NFO,23.5,56.22,52.28,24.23,28.05,2.6,3.0,2.8182,0.0366,False
Tier 2: 1 Premium Anchor + 4 Budget (£23.5m-£24.5m),2,[Anchor: Calafiori (ARS £5.5m)] + Maatsen (AVL £4.5m) + Ajer (BRE £4.5m) + Mykolenko (EVE £4.5m) + Hume (SUN £4.5m),ARS-AVL-BRE-EVE-SUN,23.5,60.63,53.32,23.97,29.35,2.6,2.83,2.7273,-0.1366,True
Tier 2: 1 Premium Anchor + 4 Budget (£23.5m-£24.5m),2,[Anchor: Calafiori (ARS £5.5m)] + Maatsen (AVL £4.5m) + Ajer (BRE £4.5m) + Bogle (LEE £4.5m) + Shaw (MUN £4.5m),ARS-AVL-BRE-LEE-MUN,23.5,58.0,51.97,22.92,29.04,2.6,2.83,2.7273,-0.1,False
Tier 2: 1 Premium Anchor + 4 Budget (£23.5m-£24.5m),2,[Anchor: Calafiori (ARS £5.5m)] + Maatsen (AVL £4.5m) + Ajer (BRE £4.5m) + Bogle (LEE £4.5m) + Hume (SUN £4.5m),ARS-AVL-BRE-LEE-SUN,23.5,58.27,52.12,23.02,29.1,2.6,2.83,2.7273,-0.1,True
Tier 2: 1 Premium Anchor + 4 Budget (£23.5m-£24.5m),2,[Anchor: Calafiori (ARS £5.5m)] + Maatsen (AVL £4.5m) + Ajer (BRE £4.5m) + Shaw (MUN £4.5m) + Jair Cunha (NFO £4.5m),ARS-AVL-BRE-MUN-NFO,23.5,64.36,54.37,25.33,29.04,2.4,2.83,2.6364,0.0366,False
Tier 2: 1 Premium Anchor + 4 Budget (£23.5m-£24.5m),2,[Anchor: Calafiori (ARS £5.5m)] + Maatsen (AVL £4.5m) + Ajer (BRE £4.5m) + Shaw (MUN £4.5m) + Hume (SUN £4.5m),ARS-AVL-BRE-MUN-SUN,23.5,68.77,55.41,25.07,30.34,2.4,2.67,2.5455,-0.1366,True
Tier 2: 1 Premium Anchor + 4 Budget (£23.5m-£24.5m),2,[Anchor: Calafiori (ARS £5.5m)] + Maatsen (AVL £4.5m) + Ajer (BRE £4.5m) + Jair Cunha (NFO £4.5m) + Hume (SUN £4.5m),ARS-AVL-BRE-NFO-SUN,23.5,64.63,54.52,25.42,29.1,2.4,2.83,2.6364,0.0366,True
Tier 2: 1 Premium Anchor + 4 Budget (£23.5m-£24.5m),2,[Anchor: Calafiori (ARS £5.5m)] + Maatsen (AVL £4.5m) + Hato (CHE £4.5m) + Chadi Riad (CRY £4.5m) + Bogle (LEE £4.5m),ARS-AVL-CHE-CRY-LEE,23.5,44.94,47.39,21.05,26.34,2.8,3.0,2.9091,-0.0183,False
Tier 2: 1 Premium Anchor + 4 Budget (£23.5m-£24.5m),2,[Anchor: Calafiori (ARS £5.5m)] + Maatsen (AVL £4.5m) + Hato (CHE £4.5m) + Chadi Riad (CRY £4.5m) + Shaw (MUN £4.5m),ARS-AVL-CHE-CRY-MUN,23.5,56.56,51.42,23.1,28.32,2.6,2.83,2.7273,-0.0104,False
Tier 2: 1 Premium Anchor + 4 Budget (£23.5m-£24.5m),2,[Anchor: Calafiori (ARS £5.5m)] + Maatsen (AVL £4.5m) + Hato (CHE £4.5m) + Chadi Riad (CRY £4.5m) + Jair Cunha (NFO £4.5m),ARS-AVL-CHE-CRY-NFO,23.5,51.58,51.02,23.46,27.56,2.6,3.17,2.9091,0.1722,False
Tier 2: 1 Premium Anchor + 4 Budget (£23.5m-£24.5m),2,[Anchor: Calafiori (ARS £5.5m)] + Maatsen (AVL £4.5m) + Hato (CHE £4.5m) + Chadi Riad (CRY £4.5m) + Hume (SUN £4.5m),ARS-AVL-CHE-CRY-SUN,23.5,56.87,51.59,23.2,28.4,2.6,2.83,2.7273,-0.0104,True
Tier 2: 1 Premium Anchor + 4 Budget (£23.5m-£24.5m),2,[Anchor: Calafiori (ARS £5.5m)] + Maatsen (AVL £4.5m) + Hato (CHE £4.5m) + Chadi Riad (CRY £4.5m) + Robertson (TOT £4.5m),ARS-AVL-CHE-CRY-TOT,23.5,55.48,51.83,22.6,29.23,2.8,2.83,2.8182,-0.1793,False
Tier 2: 1 Premium Anchor + 4 Budget (£23.5m-£24.5m),2,[Anchor: Calafiori (ARS £5.5m)] + Maatsen (AVL £4.5m) + Hato (CHE £4.5m) + Mykolenko (EVE £4.5m) + Bogle (LEE £4.5m),ARS-AVL-CHE-EVE-LEE,23.5,44.22,46.99,20.89,26.1,2.8,3.0,2.9091,-0.0214,False
Tier 2: 1 Premium Anchor + 4 Budget (£23.5m-£24.5m),2,[Anchor: Calafiori (ARS £5.5m)] + Maatsen (AVL £4.5m) + Hato (CHE £4.5m) + Mykolenko (EVE £4.5m) + Shaw (MUN £4.5m),ARS-AVL-CHE-EVE-MUN,23.5,55.49,51.24,22.94,28.3,2.6,2.83,2.7273,0.1365,False
Tier 2: 1 Premium Anchor + 4 Budget (£23.5m-£24.5m),2,[Anchor: Calafiori (ARS £5.5m)] + Maatsen (AVL £4.5m) + Hato (CHE £4.5m) + Mykolenko (EVE £4.5m) + Jair Cunha (NFO £4.5m),ARS-AVL-CHE-EVE-NFO,23.5,53.77,51.06,23.29,27.77,2.6,3.0,2.8182,0.0825,False
Tier 2: 1 Premium Anchor + 4 Budget (£23.5m-£24.5m),2,[Anchor: Calafiori (ARS £5.5m)] + Maatsen (AVL £4.5m) + Hato (CHE £4.5m) + Mykolenko (EVE £4.5m) + Hume (SUN £4.5m),ARS-AVL-CHE-EVE-SUN,23.5,55.84,51.43,23.03,28.4,2.6,2.83,2.7273,0.1365,True
Tier 2: 1 Premium Anchor + 4 Budget (£23.5m-£24.5m),2,[Anchor: Calafiori (ARS £5.5m)] + Maatsen (AVL £4.5m) + Hato (CHE £4.5m) + Mykolenko (EVE £4.5m) + Robertson (TOT £4.5m),ARS-AVL-CHE-EVE-TOT,23.5,54.46,51.67,22.44,29.23,2.8,2.83,2.8182,-0.0324,False
Tier 2: 1 Premium Anchor + 4 Budget (£23.5m-£24.5m),2,[Anchor: Calafiori (ARS £5.5m)] + Maatsen (AVL £4.5m) + Hato (CHE £4.5m) + Bogle (LEE £4.5m) + Shaw (MUN £4.5m),ARS-AVL-CHE-LEE-MUN,23.5,54.55,50.29,21.99,28.3,2.6,2.83,2.7273,-0.0214,False
Tier 2: 1 Premium Anchor + 4 Budget (£23.5m-£24.5m),2,[Anchor: Calafiori (ARS £5.5m)] + Maatsen (AVL £4.5m) + Hato (CHE £4.5m) + Bogle (LEE £4.5m) + Hume (SUN £4.5m),ARS-AVL-CHE-LEE-SUN,23.5,54.91,50.48,22.09,28.4,2.6,2.83,2.7273,-0.0214,True
Tier 2: 1 Premium Anchor + 4 Budget (£23.5m-£24.5m),2,[Anchor: Calafiori (ARS £5.5m)] + Maatsen (AVL £4.5m) + Hato (CHE £4.5m) + Bogle (LEE £4.5m) + Robertson (TOT £4.5m),ARS-AVL-CHE-LEE-TOT,23.5,53.27,50.72,21.49,29.23,2.8,2.83,2.8182,-0.1403,False
Tier 2: 1 Premium Anchor + 4 Budget (£23.5m-£24.5m),2,[Anchor: Calafiori (ARS £5.5m)] + Maatsen (AVL £4.5m) + Hato (CHE £4.5m) + Shaw (MUN £4.5m) + Jair Cunha (NFO £4.5m),ARS-AVL-CHE-MUN-NFO,23.5,61.91,53.15,24.39,28.76,2.4,2.83,2.6364,0.0825,False
Tier 2: 1 Premium Anchor + 4 Budget (£23.5m-£24.5m),2,[Anchor: Calafiori (ARS £5.5m)] + Maatsen (AVL £4.5m) + Hato (CHE £4.5m) + Shaw (MUN £4.5m) + Hume (SUN £4.5m),ARS-AVL-CHE-MUN-SUN,23.5,62.66,53.71,24.13,29.58,2.4,2.83,2.6364,0.1365,True
Tier 2: 1 Premium Anchor + 4 Budget (£23.5m-£24.5m),2,[Anchor: Calafiori (ARS £5.5m)] + Maatsen (AVL £4.5m) + Hato (CHE £4.5m) + Shaw (MUN £4.5m) + Robertson (TOT £4.5m),ARS-AVL-CHE-MUN-TOT,23.5,61.27,53.95,23.54,30.41,2.6,2.83,2.7273,-0.0324,False
Tier 2: 1 Premium Anchor + 4 Budget (£23.5m-£24.5m),2,[Anchor: Calafiori (ARS £5.5m)] + Maatsen (AVL £4.5m) + Hato (CHE £4.5m) + Jair Cunha (NFO £4.5m) + Hume (SUN £4.5m),ARS-AVL-CHE-NFO-SUN,23.5,62.18,53.3,24.49,28.81,2.4,2.83,2.6364,0.0825,True
Tier 2: 1 Premium Anchor + 4 Budget (£23.5m-£24.5m),2,[Anchor: Calafiori (ARS £5.5m)] + Maatsen (AVL £4.5m) + Hato (CHE £4.5m) + Jair Cunha (NFO £4.5m) + Robertson (TOT £4.5m),ARS-AVL-CHE-NFO-TOT,23.5,60.43,53.24,23.9,29.34,2.6,2.83,2.7273,-0.123,False
Tier 2: 1 Premium Anchor + 4 Budget (£23.5m-£24.5m),2,[Anchor: Calafiori (ARS £5.5m)] + Maatsen (AVL £4.5m) + Hato (CHE £4.5m) + Hume (SUN £4.5m) + Robertson (TOT £4.5m),ARS-AVL-CHE-SUN-TOT,23.5,61.54,54.1,23.64,30.46,2.6,2.83,2.7273,-0.0324,True
Tier 2: 1 Premium Anchor + 4 Budget (£23.5m-£24.5m),2,[Anchor: Calafiori (ARS £5.5m)] + Maatsen (AVL £4.5m) + Chadi Riad (CRY £4.5m) + Bogle (LEE £4.5m) + Shaw (MUN £4.5m),ARS-AVL-CRY-LEE-MUN,23.5,53.02,50.56,23.04,27.52,2.6,3.0,2.8182,0.05,False
Tier 2: 1 Premium Anchor + 4 Budget (£23.5m-£24.5m),2,[Anchor: Calafiori (ARS £5.5m)] + Maatsen (AVL £4.5m) + Chadi Riad (CRY £4.5m) + Bogle (LEE £4.5m) + Hume (SUN £4.5m),ARS-AVL-CRY-LEE-SUN,23.5,53.34,50.73,23.13,27.6,2.6,3.0,2.8182,0.05,True
Tier 2: 1 Premium Anchor + 4 Budget (£23.5m-£24.5m),2,[Anchor: Calafiori (ARS £5.5m)] + Maatsen (AVL £4.5m) + Chadi Riad (CRY £4.5m) + Bogle (LEE £4.5m) + Robertson (TOT £4.5m),ARS-AVL-CRY-LEE-TOT,23.5,51.85,50.97,22.54,28.43,2.8,3.0,2.9091,-0.1,False
Tier 2: 1 Premium Anchor + 4 Budget (£23.5m-£24.5m),2,[Anchor: Calafiori (ARS £5.5m)] + Maatsen (AVL £4.5m) + Chadi Riad (CRY £4.5m) + Shaw (MUN £4.5m) + Jair Cunha (NFO £4.5m),ARS-AVL-CRY-MUN-NFO,23.5,59.5,54.18,25.44,28.74,2.4,3.17,2.8182,0.2732,False
Tier 2: 1 Premium Anchor + 4 Budget (£23.5m-£24.5m),2,[Anchor: Calafiori (ARS £5.5m)] + Maatsen (AVL £4.5m) + Chadi Riad (CRY £4.5m) + Shaw (MUN £4.5m) + Hume (SUN £4.5m),ARS-AVL-CRY-MUN-SUN,23.5,64.93,54.76,25.18,29.58,2.4,2.83,2.6364,0.0634,True
Tier 2: 1 Premium Anchor + 4 Budget (£23.5m-£24.5m),2,[Anchor: Calafiori (ARS £5.5m)] + Maatsen (AVL £4.5m) + Chadi Riad (CRY £4.5m) + Shaw (MUN £4.5m) + Robertson (TOT £4.5m),ARS-AVL-CRY-MUN-TOT,23.5,63.7,55.0,24.59,30.41,2.6,2.83,2.7273,-0.1366,False
Tier 2: 1 Premium Anchor + 4 Budget (£23.5m-£24.5m),2,[Anchor: Calafiori (ARS £5.5m)] + Maatsen (AVL £4.5m) + Chadi Riad (CRY £4.5m) + Jair Cunha (NFO £4.5m) + Hume (SUN £4.5m),ARS-AVL-CRY-NFO-SUN,23.5,59.77,54.33,25.54,28.79,2.4,3.17,2.8182,0.2732,True
Tier 2: 1 Premium Anchor + 4 Budget (£23.5m-£24.5m),2,[Anchor: Calafiori (ARS £5.5m)] + Maatsen (AVL £4.5m) + Chadi Riad (CRY £4.5m) + Jair Cunha (NFO £4.5m) + Robertson (TOT £4.5m),ARS-AVL-CRY-NFO-TOT,23.5,58.17,54.27,24.95,29.32,2.6,3.17,2.9091,0.0366,False
Tier 2: 1 Premium Anchor + 4 Budget (£23.5m-£24.5m),2,[Anchor: Calafiori (ARS £5.5m)] + Maatsen (AVL £4.5m) + Chadi Riad (CRY £4.5m) + Hume (SUN £4.5m) + Robertson (TOT £4.5m),ARS-AVL-CRY-SUN-TOT,23.5,63.97,55.15,24.69,30.46,2.6,2.83,2.7273,-0.1366,True
Tier 2: 1 Premium Anchor + 4 Budget (£23.5m-£24.5m),2,[Anchor: Calafiori (ARS £5.5m)] + Maatsen (AVL £4.5m) + Mykolenko (EVE £4.5m) + Bogle (LEE £4.5m) + Shaw (MUN £4.5m),ARS-AVL-EVE-LEE-MUN,23.5,54.6,51.36,22.88,28.49,2.6,3.0,2.8182,0.0268,False
Tier 2: 1 Premium Anchor + 4 Budget (£23.5m-£24.5m),2,[Anchor: Calafiori (ARS £5.5m)] + Maatsen (AVL £4.5m) + Mykolenko (EVE £4.5m) + Bogle (LEE £4.5m) + Hume (SUN £4.5m),ARS-AVL-EVE-LEE-SUN,23.5,54.95,51.56,22.97,28.59,2.6,3.0,2.8182,0.0268,True
Tier 2: 1 Premium Anchor + 4 Budget (£23.5m-£24.5m),2,[Anchor: Calafiori (ARS £5.5m)] + Maatsen (AVL £4.5m) + Mykolenko (EVE £4.5m) + Bogle (LEE £4.5m) + Robertson (TOT £4.5m),ARS-AVL-EVE-LEE-TOT,23.5,53.47,51.8,22.38,29.42,2.8,3.0,2.9091,-0.1232,False
Tier 2: 1 Premium Anchor + 4 Budget (£23.5m-£24.5m),2,[Anchor: Calafiori (ARS £5.5m)] + Maatsen (AVL £4.5m) + Mykolenko (EVE £4.5m) + Shaw (MUN £4.5m) + Jair Cunha (NFO £4.5m),ARS-AVL-EVE-MUN-NFO,23.5,61.79,54.23,25.28,28.95,2.4,3.0,2.7273,0.1634,False
Tier 2: 1 Premium Anchor + 4 Budget (£23.5m-£24.5m),2,[Anchor: Calafiori (ARS £5.5m)] + Maatsen (AVL £4.5m) + Mykolenko (EVE £4.5m) + Shaw (MUN £4.5m) + Hume (SUN £4.5m),ARS-AVL-EVE-MUN-SUN,23.5,64.0,54.6,25.02,29.58,2.4,2.83,2.6364,0.1902,True
Tier 2: 1 Premium Anchor + 4 Budget (£23.5m-£24.5m),2,[Anchor: Calafiori (ARS £5.5m)] + Maatsen (AVL £4.5m) + Mykolenko (EVE £4.5m) + Shaw (MUN £4.5m) + Robertson (TOT £4.5m),ARS-AVL-EVE-MUN-TOT,23.5,62.77,54.84,24.43,30.41,2.6,2.83,2.7273,-0.0098,False
Tier 2: 1 Premium Anchor + 4 Budget (£23.5m-£24.5m),2,[Anchor: Calafiori (ARS £5.5m)] + Maatsen (AVL £4.5m) + Mykolenko (EVE £4.5m) + Jair Cunha (NFO £4.5m) + Hume (SUN £4.5m),ARS-AVL-EVE-NFO-SUN,23.5,62.06,54.38,25.38,29.0,2.4,3.0,2.7273,0.1634,True
Tier 2: 1 Premium Anchor + 4 Budget (£23.5m-£24.5m),2,[Anchor: Calafiori (ARS £5.5m)] + Maatsen (AVL £4.5m) + Mykolenko (EVE £4.5m) + Jair Cunha (NFO £4.5m) + Robertson (TOT £4.5m),ARS-AVL-EVE-NFO-TOT,23.5,60.47,54.31,24.79,29.53,2.6,3.0,2.8182,-0.0732,False
Tier 2: 1 Premium Anchor + 4 Budget (£23.5m-£24.5m),2,[Anchor: Calafiori (ARS £5.5m)] + Maatsen (AVL £4.5m) + Mykolenko (EVE £4.5m) + Hume (SUN £4.5m) + Robertson (TOT £4.5m),ARS-AVL-EVE-SUN-TOT,23.5,63.04,54.99,24.52,30.46,2.6,2.83,2.7273,-0.0098,True
Tier 2: 1 Premium Anchor + 4 Budget (£23.5m-£24.5m),2,[Anchor: Calafiori (ARS £5.5m)] + Maatsen (AVL £4.5m) + Bogle (LEE £4.5m) + Shaw (MUN £4.5m) + Hume (SUN £4.5m),ARS-AVL-LEE-MUN-SUN,23.5,63.09,53.65,24.07,29.58,2.4,2.83,2.6364,0.0268,True
Tier 2: 1 Premium Anchor + 4 Budget (£23.5m-£24.5m),2,[Anchor: Calafiori (ARS £5.5m)] + Maatsen (AVL £4.5m) + Bogle (LEE £4.5m) + Shaw (MUN £4.5m) + Robertson (TOT £4.5m),ARS-AVL-LEE-MUN-TOT,23.5,61.61,53.89,23.48,30.41,2.6,2.83,2.7273,-0.1232,False
Tier 2: 1 Premium Anchor + 4 Budget (£23.5m-£24.5m),2,[Anchor: Calafiori (ARS £5.5m)] + Maatsen (AVL £4.5m) + Bogle (LEE £4.5m) + Hume (SUN £4.5m) + Robertson (TOT £4.5m),ARS-AVL-LEE-SUN-TOT,23.5,61.88,54.04,23.58,30.46,2.6,2.83,2.7273,-0.1232,True
Tier 2: 1 Premium Anchor + 4 Budget (£23.5m-£24.5m),2,[Anchor: Calafiori (ARS £5.5m)] + Maatsen (AVL £4.5m) + Shaw (MUN £4.5m) + Jair Cunha (NFO £4.5m) + Hume (SUN £4.5m),ARS-AVL-MUN-NFO-SUN,23.5,70.2,56.47,26.48,29.99,2.2,2.83,2.5455,0.1634,True
Tier 2: 1 Premium Anchor + 4 Budget (£23.5m-£24.5m),2,[Anchor: Calafiori (ARS £5.5m)] + Maatsen (AVL £4.5m) + Shaw (MUN £4.5m) + Jair Cunha (NFO £4.5m) + Robertson (TOT £4.5m),ARS-AVL-MUN-NFO-TOT,23.5,68.6,56.41,25.89,30.52,2.4,2.83,2.6364,-0.0732,False
Tier 2: 1 Premium Anchor + 4 Budget (£23.5m-£24.5m),2,[Anchor: Calafiori (ARS £5.5m)] + Maatsen (AVL £4.5m) + Shaw (MUN £4.5m) + Hume (SUN £4.5m) + Robertson (TOT £4.5m),ARS-AVL-MUN-SUN-TOT,23.5,67.71,56.09,25.63,30.46,2.4,2.83,2.6364,-0.0098,True
Tier 2: 1 Premium Anchor + 4 Budget (£23.5m-£24.5m),2,[Anchor: Calafiori (ARS £5.5m)] + Maatsen (AVL £4.5m) + Jair Cunha (NFO £4.5m) + Hume (SUN £4.5m) + Robertson (TOT £4.5m),ARS-AVL-NFO-SUN-TOT,23.5,68.88,56.56,25.98,30.57,2.4,2.83,2.6364,-0.0732,True
Tier 2: 1 Premium Anchor + 4 Budget (£23.5m-£24.5m),2,[Anchor: Calafiori (ARS £5.5m)] + De Cuyper (BHA £4.5m) + Ajer (BRE £4.5m) + Hato (CHE £4.5m) + Chadi Riad (CRY £4.5m),ARS-BHA-BRE-CHE-CRY,23.5,50.82,49.69,22.09,27.61,2.8,2.83,2.8182,-0.0262,False
Tier 2: 1 Premium Anchor + 4 Budget (£23.5m-£24.5m),2,[Anchor: Calafiori (ARS £5.5m)] + De Cuyper (BHA £4.5m) + Ajer (BRE £4.5m) + Hato (CHE £4.5m) + Mykolenko (EVE £4.5m),ARS-BHA-BRE-CHE-EVE,23.5,51.75,49.78,21.92,27.86,2.8,2.83,2.8182,-0.1793,False
Tier 2: 1 Premium Anchor + 4 Budget (£23.5m-£24.5m),2,[Anchor: Calafiori (ARS £5.5m)] + De Cuyper (BHA £4.5m) + Ajer (BRE £4.5m) + Hato (CHE £4.5m) + Bogle (LEE £4.5m),ARS-BHA-BRE-CHE-LEE,23.5,49.36,48.58,20.98,27.61,2.8,2.83,2.8182,-0.1372,False
Tier 2: 1 Premium Anchor + 4 Budget (£23.5m-£24.5m),2,[Anchor: Calafiori (ARS £5.5m)] + De Cuyper (BHA £4.5m) + Ajer (BRE £4.5m) + Hato (CHE £4.5m) + Shaw (MUN £4.5m),ARS-BHA-BRE-CHE-MUN,23.5,59.89,51.87,23.02,28.85,2.6,2.67,2.6364,-0.1793,False
Tier 2: 1 Premium Anchor + 4 Budget (£23.5m-£24.5m),2,[Anchor: Calafiori (ARS £5.5m)] + De Cuyper (BHA £4.5m) + Ajer (BRE £4.5m) + Hato (CHE £4.5m) + Jair Cunha (NFO £4.5m),ARS-BHA-BRE-CHE-NFO,23.5,55.88,50.98,23.38,27.61,2.6,2.83,2.7273,-0.0333,False
Tier 2: 1 Premium Anchor + 4 Budget (£23.5m-£24.5m),2,[Anchor: Calafiori (ARS £5.5m)] + De Cuyper (BHA £4.5m) + Ajer (BRE £4.5m) + Hato (CHE £4.5m) + Hume (SUN £4.5m),ARS-BHA-BRE-CHE-SUN,23.5,60.16,52.02,23.12,28.9,2.6,2.67,2.6364,-0.1793,True
Tier 2: 1 Premium Anchor + 4 Budget (£23.5m-£24.5m),2,[Anchor: Calafiori (ARS £5.5m)] + De Cuyper (BHA £4.5m) + Ajer (BRE £4.5m) + Chadi Riad (CRY £4.5m) + Bogle (LEE £4.5m),ARS-BHA-BRE-CRY-LEE,23.5,46.34,48.83,22.02,26.8,2.8,3.0,2.9091,0.2232,False
Tier 2: 1 Premium Anchor + 4 Budget (£23.5m-£24.5m),2,[Anchor: Calafiori (ARS £5.5m)] + De Cuyper (BHA £4.5m) + Ajer (BRE £4.5m) + Chadi Riad (CRY £4.5m) + Shaw (MUN £4.5m),ARS-BHA-BRE-CRY-MUN,23.5,58.93,52.86,24.07,28.78,2.6,2.83,2.7273,0.0366,False
Tier 2: 1 Premium Anchor + 4 Budget (£23.5m-£24.5m),2,[Anchor: Calafiori (ARS £5.5m)] + De Cuyper (BHA £4.5m) + Ajer (BRE £4.5m) + Chadi Riad (CRY £4.5m) + Jair Cunha (NFO £4.5m),ARS-BHA-BRE-CRY-NFO,23.5,52.02,52.02,24.43,27.59,2.6,3.17,2.9091,0.4464,False
Tier 2: 1 Premium Anchor + 4 Budget (£23.5m-£24.5m),2,[Anchor: Calafiori (ARS £5.5m)] + De Cuyper (BHA £4.5m) + Ajer (BRE £4.5m) + Chadi Riad (CRY £4.5m) + Hume (SUN £4.5m),ARS-BHA-BRE-CRY-SUN,23.5,59.2,53.01,24.17,28.84,2.6,2.83,2.7273,0.0366,True
Tier 2: 1 Premium Anchor + 4 Budget (£23.5m-£24.5m),2,[Anchor: Calafiori (ARS £5.5m)] + De Cuyper (BHA £4.5m) + Ajer (BRE £4.5m) + Mykolenko (EVE £4.5m) + Bogle (LEE £4.5m),ARS-BHA-BRE-EVE-LEE,23.5,49.46,49.65,21.86,27.79,2.8,3.0,2.9091,-0.1,False
Tier 2: 1 Premium Anchor + 4 Budget (£23.5m-£24.5m),2,[Anchor: Calafiori (ARS £5.5m)] + De Cuyper (BHA £4.5m) + Ajer (BRE £4.5m) + Mykolenko (EVE £4.5m) + Shaw (MUN £4.5m),ARS-BHA-BRE-EVE-MUN,23.5,59.96,52.95,23.91,29.04,2.6,2.83,2.7273,-0.1366,False
Tier 2: 1 Premium Anchor + 4 Budget (£23.5m-£24.5m),2,[Anchor: Calafiori (ARS £5.5m)] + De Cuyper (BHA £4.5m) + Ajer (BRE £4.5m) + Mykolenko (EVE £4.5m) + Jair Cunha (NFO £4.5m),ARS-BHA-BRE-EVE-NFO,23.5,55.82,52.06,24.27,27.79,2.6,3.0,2.8182,0.0366,False
Tier 2: 1 Premium Anchor + 4 Budget (£23.5m-£24.5m),2,[Anchor: Calafiori (ARS £5.5m)] + De Cuyper (BHA £4.5m) + Ajer (BRE £4.5m) + Mykolenko (EVE £4.5m) + Hume (SUN £4.5m),ARS-BHA-BRE-EVE-SUN,23.5,60.23,53.1,24.01,29.09,2.6,2.83,2.7273,-0.1366,True
Tier 2: 1 Premium Anchor + 4 Budget (£23.5m-£24.5m),2,[Anchor: Calafiori (ARS £5.5m)] + De Cuyper (BHA £4.5m) + Ajer (BRE £4.5m) + Bogle (LEE £4.5m) + Shaw (MUN £4.5m),ARS-BHA-BRE-LEE-MUN,23.5,57.6,51.75,22.96,28.78,2.6,2.83,2.7273,-0.1,False
Tier 2: 1 Premium Anchor + 4 Budget (£23.5m-£24.5m),2,[Anchor: Calafiori (ARS £5.5m)] + De Cuyper (BHA £4.5m) + Ajer (BRE £4.5m) + Bogle (LEE £4.5m) + Hume (SUN £4.5m),ARS-BHA-BRE-LEE-SUN,23.5,57.87,51.9,23.06,28.84,2.6,2.83,2.7273,-0.1,True
Tier 2: 1 Premium Anchor + 4 Budget (£23.5m-£24.5m),2,[Anchor: Calafiori (ARS £5.5m)] + De Cuyper (BHA £4.5m) + Ajer (BRE £4.5m) + Shaw (MUN £4.5m) + Jair Cunha (NFO £4.5m),ARS-BHA-BRE-MUN-NFO,23.5,63.95,54.15,25.37,28.78,2.4,2.83,2.6364,0.0366,False
Tier 2: 1 Premium Anchor + 4 Budget (£23.5m-£24.5m),2,[Anchor: Calafiori (ARS £5.5m)] + De Cuyper (BHA £4.5m) + Ajer (BRE £4.5m) + Shaw (MUN £4.5m) + Hume (SUN £4.5m),ARS-BHA-BRE-MUN-SUN,23.5,68.37,55.19,25.11,30.08,2.4,2.67,2.5455,-0.1366,True
Tier 2: 1 Premium Anchor + 4 Budget (£23.5m-£24.5m),2,[Anchor: Calafiori (ARS £5.5m)] + De Cuyper (BHA £4.5m) + Ajer (BRE £4.5m) + Jair Cunha (NFO £4.5m) + Hume (SUN £4.5m),ARS-BHA-BRE-NFO-SUN,23.5,64.22,54.3,25.46,28.84,2.4,2.83,2.6364,0.0366,True
Tier 2: 1 Premium Anchor + 4 Budget (£23.5m-£24.5m),2,[Anchor: Calafiori (ARS £5.5m)] + De Cuyper (BHA £4.5m) + Hato (CHE £4.5m) + Chadi Riad (CRY £4.5m) + Bogle (LEE £4.5m),ARS-BHA-CHE-CRY-LEE,23.5,44.54,47.17,21.09,26.08,2.8,3.0,2.9091,-0.0183,False
Tier 2: 1 Premium Anchor + 4 Budget (£23.5m-£24.5m),2,[Anchor: Calafiori (ARS £5.5m)] + De Cuyper (BHA £4.5m) + Hato (CHE £4.5m) + Chadi Riad (CRY £4.5m) + Shaw (MUN £4.5m),ARS-BHA-CHE-CRY-MUN,23.5,56.16,51.2,23.14,28.06,2.6,2.83,2.7273,-0.0104,False
Tier 2: 1 Premium Anchor + 4 Budget (£23.5m-£24.5m),2,[Anchor: Calafiori (ARS £5.5m)] + De Cuyper (BHA £4.5m) + Hato (CHE £4.5m) + Chadi Riad (CRY £4.5m) + Jair Cunha (NFO £4.5m),ARS-BHA-CHE-CRY-NFO,23.5,51.18,50.8,23.49,27.3,2.6,3.17,2.9091,0.1722,False
Tier 2: 1 Premium Anchor + 4 Budget (£23.5m-£24.5m),2,[Anchor: Calafiori (ARS £5.5m)] + De Cuyper (BHA £4.5m) + Hato (CHE £4.5m) + Chadi Riad (CRY £4.5m) + Hume (SUN £4.5m),ARS-BHA-CHE-CRY-SUN,23.5,56.47,51.37,23.23,28.14,2.6,2.83,2.7273,-0.0104,True
Tier 2: 1 Premium Anchor + 4 Budget (£23.5m-£24.5m),2,[Anchor: Calafiori (ARS £5.5m)] + De Cuyper (BHA £4.5m) + Hato (CHE £4.5m) + Chadi Riad (CRY £4.5m) + Robertson (TOT £4.5m),ARS-BHA-CHE-CRY-TOT,23.5,55.08,51.61,22.64,28.97,2.8,2.83,2.8182,-0.1793,False
Tier 2: 1 Premium Anchor + 4 Budget (£23.5m-£24.5m),2,[Anchor: Calafiori (ARS £5.5m)] + De Cuyper (BHA £4.5m) + Hato (CHE £4.5m) + Mykolenko (EVE £4.5m) + Bogle (LEE £4.5m),ARS-BHA-CHE-EVE-LEE,23.5,43.82,46.77,20.93,25.84,2.8,3.0,2.9091,-0.0214,False
Tier 2: 1 Premium Anchor + 4 Budget (£23.5m-£24.5m),2,[Anchor: Calafiori (ARS £5.5m)] + De Cuyper (BHA £4.5m) + Hato (CHE £4.5m) + Mykolenko (EVE £4.5m) + Shaw (MUN £4.5m),ARS-BHA-CHE-EVE-MUN,23.5,55.09,51.02,22.98,28.04,2.6,2.83,2.7273,0.1365,False
Tier 2: 1 Premium Anchor + 4 Budget (£23.5m-£24.5m),2,[Anchor: Calafiori (ARS £5.5m)] + De Cuyper (BHA £4.5m) + Hato (CHE £4.5m) + Mykolenko (EVE £4.5m) + Jair Cunha (NFO £4.5m),ARS-BHA-CHE-EVE-NFO,23.5,53.37,50.84,23.33,27.51,2.6,3.0,2.8182,0.0825,False
Tier 2: 1 Premium Anchor + 4 Budget (£23.5m-£24.5m),2,[Anchor: Calafiori (ARS £5.5m)] + De Cuyper (BHA £4.5m) + Hato (CHE £4.5m) + Mykolenko (EVE £4.5m) + Hume (SUN £4.5m),ARS-BHA-CHE-EVE-SUN,23.5,55.44,51.21,23.07,28.14,2.6,2.83,2.7273,0.1365,True
Tier 2: 1 Premium Anchor + 4 Budget (£23.5m-£24.5m),2,[Anchor: Calafiori (ARS £5.5m)] + De Cuyper (BHA £4.5m) + Hato (CHE £4.5m) + Mykolenko (EVE £4.5m) + Robertson (TOT £4.5m),ARS-BHA-CHE-EVE-TOT,23.5,54.05,51.45,22.48,28.97,2.8,2.83,2.8182,-0.0324,False
Tier 2: 1 Premium Anchor + 4 Budget (£23.5m-£24.5m),2,[Anchor: Calafiori (ARS £5.5m)] + De Cuyper (BHA £4.5m) + Hato (CHE £4.5m) + Bogle (LEE £4.5m) + Shaw (MUN £4.5m),ARS-BHA-CHE-LEE-MUN,23.5,54.15,50.07,22.03,28.04,2.6,2.83,2.7273,-0.0214,False
Tier 2: 1 Premium Anchor + 4 Budget (£23.5m-£24.5m),2,[Anchor: Calafiori (ARS £5.5m)] + De Cuyper (BHA £4.5m) + Hato (CHE £4.5m) + Bogle (LEE £4.5m) + Hume (SUN £4.5m),ARS-BHA-CHE-LEE-SUN,23.5,54.51,50.26,22.12,28.14,2.6,2.83,2.7273,-0.0214,True
Tier 2: 1 Premium Anchor + 4 Budget (£23.5m-£24.5m),2,[Anchor: Calafiori (ARS £5.5m)] + De Cuyper (BHA £4.5m) + Hato (CHE £4.5m) + Bogle (LEE £4.5m) + Robertson (TOT £4.5m),ARS-BHA-CHE-LEE-TOT,23.5,52.87,50.5,21.53,28.97,2.8,2.83,2.8182,-0.1403,False
Tier 2: 1 Premium Anchor + 4 Budget (£23.5m-£24.5m),2,[Anchor: Calafiori (ARS £5.5m)] + De Cuyper (BHA £4.5m) + Hato (CHE £4.5m) + Shaw (MUN £4.5m) + Jair Cunha (NFO £4.5m),ARS-BHA-CHE-MUN-NFO,23.5,61.51,52.93,24.43,28.5,2.4,2.83,2.6364,0.0825,False
Tier 2: 1 Premium Anchor + 4 Budget (£23.5m-£24.5m),2,[Anchor: Calafiori (ARS £5.5m)] + De Cuyper (BHA £4.5m) + Hato (CHE £4.5m) + Shaw (MUN £4.5m) + Hume (SUN £4.5m),ARS-BHA-CHE-MUN-SUN,23.5,62.26,53.49,24.17,29.32,2.4,2.83,2.6364,0.1365,True
Tier 2: 1 Premium Anchor + 4 Budget (£23.5m-£24.5m),2,[Anchor: Calafiori (ARS £5.5m)] + De Cuyper (BHA £4.5m) + Hato (CHE £4.5m) + Shaw (MUN £4.5m) + Robertson (TOT £4.5m),ARS-BHA-CHE-MUN-TOT,23.5,60.87,53.73,23.58,30.15,2.6,2.83,2.7273,-0.0324,False
Tier 2: 1 Premium Anchor + 4 Budget (£23.5m-£24.5m),2,[Anchor: Calafiori (ARS £5.5m)] + De Cuyper (BHA £4.5m) + Hato (CHE £4.5m) + Jair Cunha (NFO £4.5m) + Hume (SUN £4.5m),ARS-BHA-CHE-NFO-SUN,23.5,61.78,53.08,24.53,28.55,2.4,2.83,2.6364,0.0825,True
Tier 2: 1 Premium Anchor + 4 Budget (£23.5m-£24.5m),2,[Anchor: Calafiori (ARS £5.5m)] + De Cuyper (BHA £4.5m) + Hato (CHE £4.5m) + Jair Cunha (NFO £4.5m) + Robertson (TOT £4.5m),ARS-BHA-CHE-NFO-TOT,23.5,60.03,53.02,23.94,29.08,2.6,2.83,2.7273,-0.123,False
Tier 2: 1 Premium Anchor + 4 Budget (£23.5m-£24.5m),2,[Anchor: Calafiori (ARS £5.5m)] + De Cuyper (BHA £4.5m) + Hato (CHE £4.5m) + Hume (SUN £4.5m) + Robertson (TOT £4.5m),ARS-BHA-CHE-SUN-TOT,23.5,61.14,53.88,23.68,30.2,2.6,2.83,2.7273,-0.0324,True
Tier 2: 1 Premium Anchor + 4 Budget (£23.5m-£24.5m),2,[Anchor: Calafiori (ARS £5.5m)] + De Cuyper (BHA £4.5m) + Chadi Riad (CRY £4.5m) + Bogle (LEE £4.5m) + Shaw (MUN £4.5m),ARS-BHA-CRY-LEE-MUN,23.5,52.62,50.34,23.08,27.26,2.6,3.0,2.8182,0.05,False
Tier 2: 1 Premium Anchor + 4 Budget (£23.5m-£24.5m),2,[Anchor: Calafiori (ARS £5.5m)] + De Cuyper (BHA £4.5m) + Chadi Riad (CRY £4.5m) + Bogle (LEE £4.5m) + Hume (SUN £4.5m),ARS-BHA-CRY-LEE-SUN,23.5,52.93,50.51,23.17,27.34,2.6,3.0,2.8182,0.05,True
Tier 2: 1 Premium Anchor + 4 Budget (£23.5m-£24.5m),2,[Anchor: Calafiori (ARS £5.5m)] + De Cuyper (BHA £4.5m) + Chadi Riad (CRY £4.5m) + Bogle (LEE £4.5m) + Robertson (TOT £4.5m),ARS-BHA-CRY-LEE-TOT,23.5,51.45,50.75,22.58,28.17,2.8,3.0,2.9091,-0.1,False
Tier 2: 1 Premium Anchor + 4 Budget (£23.5m-£24.5m),2,[Anchor: Calafiori (ARS £5.5m)] + De Cuyper (BHA £4.5m) + Chadi Riad (CRY £4.5m) + Shaw (MUN £4.5m) + Jair Cunha (NFO £4.5m),ARS-BHA-CRY-MUN-NFO,23.5,59.1,53.96,25.48,28.48,2.4,3.17,2.8182,0.2732,False
Tier 2: 1 Premium Anchor + 4 Budget (£23.5m-£24.5m),2,[Anchor: Calafiori (ARS £5.5m)] + De Cuyper (BHA £4.5m) + Chadi Riad (CRY £4.5m) + Shaw (MUN £4.5m) + Hume (SUN £4.5m),ARS-BHA-CRY-MUN-SUN,23.5,64.53,54.54,25.22,29.32,2.4,2.83,2.6364,0.0634,True
Tier 2: 1 Premium Anchor + 4 Budget (£23.5m-£24.5m),2,[Anchor: Calafiori (ARS £5.5m)] + De Cuyper (BHA £4.5m) + Chadi Riad (CRY £4.5m) + Shaw (MUN £4.5m) + Robertson (TOT £4.5m),ARS-BHA-CRY-MUN-TOT,23.5,63.29,54.78,24.63,30.15,2.6,2.83,2.7273,-0.1366,False
Tier 2: 1 Premium Anchor + 4 Budget (£23.5m-£24.5m),2,[Anchor: Calafiori (ARS £5.5m)] + De Cuyper (BHA £4.5m) + Chadi Riad (CRY £4.5m) + Jair Cunha (NFO £4.5m) + Hume (SUN £4.5m),ARS-BHA-CRY-NFO-SUN,23.5,59.37,54.11,25.58,28.54,2.4,3.17,2.8182,0.2732,True
Tier 2: 1 Premium Anchor + 4 Budget (£23.5m-£24.5m),2,[Anchor: Calafiori (ARS £5.5m)] + De Cuyper (BHA £4.5m) + Chadi Riad (CRY £4.5m) + Jair Cunha (NFO £4.5m) + Robertson (TOT £4.5m),ARS-BHA-CRY-NFO-TOT,23.5,57.77,54.05,24.99,29.06,2.6,3.17,2.9091,0.0366,False
Tier 2: 1 Premium Anchor + 4 Budget (£23.5m-£24.5m),2,[Anchor: Calafiori (ARS £5.5m)] + De Cuyper (BHA £4.5m) + Chadi Riad (CRY £4.5m) + Hume (SUN £4.5m) + Robertson (TOT £4.5m),ARS-BHA-CRY-SUN-TOT,23.5,63.57,54.93,24.73,30.2,2.6,2.83,2.7273,-0.1366,True
Tier 2: 1 Premium Anchor + 4 Budget (£23.5m-£24.5m),2,[Anchor: Calafiori (ARS £5.5m)] + De Cuyper (BHA £4.5m) + Mykolenko (EVE £4.5m) + Bogle (LEE £4.5m) + Shaw (MUN £4.5m),ARS-BHA-EVE-LEE-MUN,23.5,54.2,51.14,22.92,28.23,2.6,3.0,2.8182,0.0268,False
Tier 2: 1 Premium Anchor + 4 Budget (£23.5m-£24.5m),2,[Anchor: Calafiori (ARS £5.5m)] + De Cuyper (BHA £4.5m) + Mykolenko (EVE £4.5m) + Bogle (LEE £4.5m) + Hume (SUN £4.5m),ARS-BHA-EVE-LEE-SUN,23.5,54.55,51.34,23.01,28.33,2.6,3.0,2.8182,0.0268,True
Tier 2: 1 Premium Anchor + 4 Budget (£23.5m-£24.5m),2,[Anchor: Calafiori (ARS £5.5m)] + De Cuyper (BHA £4.5m) + Mykolenko (EVE £4.5m) + Bogle (LEE £4.5m) + Robertson (TOT £4.5m),ARS-BHA-EVE-LEE-TOT,23.5,53.07,51.58,22.42,29.16,2.8,3.0,2.9091,-0.1232,False
Tier 2: 1 Premium Anchor + 4 Budget (£23.5m-£24.5m),2,[Anchor: Calafiori (ARS £5.5m)] + De Cuyper (BHA £4.5m) + Mykolenko (EVE £4.5m) + Shaw (MUN £4.5m) + Jair Cunha (NFO £4.5m),ARS-BHA-EVE-MUN-NFO,23.5,61.39,54.01,25.32,28.69,2.4,3.0,2.7273,0.1634,False
Tier 2: 1 Premium Anchor + 4 Budget (£23.5m-£24.5m),2,[Anchor: Calafiori (ARS £5.5m)] + De Cuyper (BHA £4.5m) + Mykolenko (EVE £4.5m) + Shaw (MUN £4.5m) + Hume (SUN £4.5m),ARS-BHA-EVE-MUN-SUN,23.5,63.6,54.38,25.06,29.32,2.4,2.83,2.6364,0.1902,True
Tier 2: 1 Premium Anchor + 4 Budget (£23.5m-£24.5m),2,[Anchor: Calafiori (ARS £5.5m)] + De Cuyper (BHA £4.5m) + Mykolenko (EVE £4.5m) + Shaw (MUN £4.5m) + Robertson (TOT £4.5m),ARS-BHA-EVE-MUN-TOT,23.5,62.37,54.62,24.47,30.15,2.6,2.83,2.7273,-0.0098,False
Tier 2: 1 Premium Anchor + 4 Budget (£23.5m-£24.5m),2,[Anchor: Calafiori (ARS £5.5m)] + De Cuyper (BHA £4.5m) + Mykolenko (EVE £4.5m) + Jair Cunha (NFO £4.5m) + Hume (SUN £4.5m),ARS-BHA-EVE-NFO-SUN,23.5,61.66,54.15,25.42,28.74,2.4,3.0,2.7273,0.1634,True
Tier 2: 1 Premium Anchor + 4 Budget (£23.5m-£24.5m),2,[Anchor: Calafiori (ARS £5.5m)] + De Cuyper (BHA £4.5m) + Mykolenko (EVE £4.5m) + Jair Cunha (NFO £4.5m) + Robertson (TOT £4.5m),ARS-BHA-EVE-NFO-TOT,23.5,60.06,54.09,24.82,29.27,2.6,3.0,2.8182,-0.0732,False
Tier 2: 1 Premium Anchor + 4 Budget (£23.5m-£24.5m),2,[Anchor: Calafiori (ARS £5.5m)] + De Cuyper (BHA £4.5m) + Mykolenko (EVE £4.5m) + Hume (SUN £4.5m) + Robertson (TOT £4.5m),ARS-BHA-EVE-SUN-TOT,23.5,62.64,54.77,24.56,30.2,2.6,2.83,2.7273,-0.0098,True
Tier 2: 1 Premium Anchor + 4 Budget (£23.5m-£24.5m),2,[Anchor: Calafiori (ARS £5.5m)] + De Cuyper (BHA £4.5m) + Bogle (LEE £4.5m) + Shaw (MUN £4.5m) + Hume (SUN £4.5m),ARS-BHA-LEE-MUN-SUN,23.5,62.69,53.43,24.11,29.32,2.4,2.83,2.6364,0.0268,True
Tier 2: 1 Premium Anchor + 4 Budget (£23.5m-£24.5m),2,[Anchor: Calafiori (ARS £5.5m)] + De Cuyper (BHA £4.5m) + Bogle (LEE £4.5m) + Shaw (MUN £4.5m) + Robertson (TOT £4.5m),ARS-BHA-LEE-MUN-TOT,23.5,61.21,53.67,23.52,30.15,2.6,2.83,2.7273,-0.1232,False
Tier 2: 1 Premium Anchor + 4 Budget (£23.5m-£24.5m),2,[Anchor: Calafiori (ARS £5.5m)] + De Cuyper (BHA £4.5m) + Bogle (LEE £4.5m) + Hume (SUN £4.5m) + Robertson (TOT £4.5m),ARS-BHA-LEE-SUN-TOT,23.5,61.48,53.82,23.62,30.2,2.6,2.83,2.7273,-0.1232,True
Tier 2: 1 Premium Anchor + 4 Budget (£23.5m-£24.5m),2,[Anchor: Calafiori (ARS £5.5m)] + De Cuyper (BHA £4.5m) + Shaw (MUN £4.5m) + Jair Cunha (NFO £4.5m) + Hume (SUN £4.5m),ARS-BHA-MUN-NFO-SUN,23.5,69.8,56.25,26.52,29.73,2.2,2.83,2.5455,0.1634,True
Tier 2: 1 Premium Anchor + 4 Budget (£23.5m-£24.5m),2,[Anchor: Calafiori (ARS £5.5m)] + De Cuyper (BHA £4.5m) + Shaw (MUN £4.5m) + Jair Cunha (NFO £4.5m) + Robertson (TOT £4.5m),ARS-BHA-MUN-NFO-TOT,23.5,68.2,56.19,25.92,30.26,2.4,2.83,2.6364,-0.0732,False
Tier 2: 1 Premium Anchor + 4 Budget (£23.5m-£24.5m),2,[Anchor: Calafiori (ARS £5.5m)] + De Cuyper (BHA £4.5m) + Shaw (MUN £4.5m) + Hume (SUN £4.5m) + Robertson (TOT £4.5m),ARS-BHA-MUN-SUN-TOT,23.5,67.3,55.87,25.66,30.2,2.4,2.83,2.6364,-0.0098,True
Tier 2: 1 Premium Anchor + 4 Budget (£23.5m-£24.5m),2,[Anchor: Calafiori (ARS £5.5m)] + De Cuyper (BHA £4.5m) + Jair Cunha (NFO £4.5m) + Hume (SUN £4.5m) + Robertson (TOT £4.5m),ARS-BHA-NFO-SUN-TOT,23.5,68.47,56.34,26.02,30.32,2.4,2.83,2.6364,-0.0732,True
Tier 2: 1 Premium Anchor + 4 Budget (£23.5m-£24.5m),2,[Anchor: Calafiori (ARS £5.5m)] + Ajer (BRE £4.5m) + Hato (CHE £4.5m) + Chadi Riad (CRY £4.5m) + Bogle (LEE £4.5m),ARS-BRE-CHE-CRY-LEE,23.5,44.47,46.9,20.71,26.19,2.8,3.0,2.9091,-0.1012,False
Tier 2: 1 Premium Anchor + 4 Budget (£23.5m-£24.5m),2,[Anchor: Calafiori (ARS £5.5m)] + Ajer (BRE £4.5m) + Hato (CHE £4.5m) + Chadi Riad (CRY £4.5m) + Shaw (MUN £4.5m),ARS-BRE-CHE-CRY-MUN,23.5,54.81,50.2,22.76,27.44,2.6,2.83,2.7273,-0.1067,False
Tier 2: 1 Premium Anchor + 4 Budget (£23.5m-£24.5m),2,[Anchor: Calafiori (ARS £5.5m)] + Ajer (BRE £4.5m) + Hato (CHE £4.5m) + Chadi Riad (CRY £4.5m) + Jair Cunha (NFO £4.5m),ARS-BRE-CHE-CRY-NFO,23.5,51.59,49.74,23.12,26.63,2.6,3.0,2.8182,0.0393,False
Tier 2: 1 Premium Anchor + 4 Budget (£23.5m-£24.5m),2,[Anchor: Calafiori (ARS £5.5m)] + Ajer (BRE £4.5m) + Hato (CHE £4.5m) + Chadi Riad (CRY £4.5m) + Hume (SUN £4.5m),ARS-BRE-CHE-CRY-SUN,23.5,55.12,50.37,22.85,27.51,2.6,2.83,2.7273,-0.1067,True
Tier 2: 1 Premium Anchor + 4 Budget (£23.5m-£24.5m),2,[Anchor: Calafiori (ARS £5.5m)] + Ajer (BRE £4.5m) + Hato (CHE £4.5m) + Mykolenko (EVE £4.5m) + Bogle (LEE £4.5m),ARS-BRE-CHE-EVE-LEE,23.5,42.29,45.76,20.55,25.21,2.8,3.0,2.9091,-0.0811,False
Tier 2: 1 Premium Anchor + 4 Budget (£23.5m-£24.5m),2,[Anchor: Calafiori (ARS £5.5m)] + Ajer (BRE £4.5m) + Hato (CHE £4.5m) + Mykolenko (EVE £4.5m) + Shaw (MUN £4.5m),ARS-BRE-CHE-EVE-MUN,23.5,53.62,50.01,22.6,27.41,2.6,2.83,2.7273,0.0634,False
Tier 2: 1 Premium Anchor + 4 Budget (£23.5m-£24.5m),2,[Anchor: Calafiori (ARS £5.5m)] + Ajer (BRE £4.5m) + Hato (CHE £4.5m) + Mykolenko (EVE £4.5m) + Jair Cunha (NFO £4.5m),ARS-BRE-CHE-EVE-NFO,23.5,52.09,49.83,22.95,26.88,2.6,3.0,2.8182,-0.0272,False
Tier 2: 1 Premium Anchor + 4 Budget (£23.5m-£24.5m),2,[Anchor: Calafiori (ARS £5.5m)] + Ajer (BRE £4.5m) + Hato (CHE £4.5m) + Mykolenko (EVE £4.5m) + Hume (SUN £4.5m),ARS-BRE-CHE-EVE-SUN,23.5,53.98,50.21,22.69,27.51,2.6,2.83,2.7273,0.0634,True
Tier 2: 1 Premium Anchor + 4 Budget (£23.5m-£24.5m),2,[Anchor: Calafiori (ARS £5.5m)] + Ajer (BRE £4.5m) + Hato (CHE £4.5m) + Bogle (LEE £4.5m) + Shaw (MUN £4.5m),ARS-BRE-CHE-LEE-MUN,23.5,52.62,49.06,21.65,27.41,2.6,2.83,2.7273,-0.0811,False
Tier 2: 1 Premium Anchor + 4 Budget (£23.5m-£24.5m),2,[Anchor: Calafiori (ARS £5.5m)] + Ajer (BRE £4.5m) + Hato (CHE £4.5m) + Bogle (LEE £4.5m) + Hume (SUN £4.5m),ARS-BRE-CHE-LEE-SUN,23.5,52.98,49.26,21.74,27.51,2.6,2.83,2.7273,-0.0811,True
Tier 2: 1 Premium Anchor + 4 Budget (£23.5m-£24.5m),2,[Anchor: Calafiori (ARS £5.5m)] + Ajer (BRE £4.5m) + Hato (CHE £4.5m) + Shaw (MUN £4.5m) + Jair Cunha (NFO £4.5m),ARS-BRE-CHE-MUN-NFO,23.5,60.23,51.93,24.05,27.87,2.4,2.83,2.6364,-0.0272,False
Tier 2: 1 Premium Anchor + 4 Budget (£23.5m-£24.5m),2,[Anchor: Calafiori (ARS £5.5m)] + Ajer (BRE £4.5m) + Hato (CHE £4.5m) + Shaw (MUN £4.5m) + Hume (SUN £4.5m),ARS-BRE-CHE-MUN-SUN,23.5,60.79,52.49,23.79,28.69,2.4,2.83,2.6364,0.0634,True
Tier 2: 1 Premium Anchor + 4 Budget (£23.5m-£24.5m),2,[Anchor: Calafiori (ARS £5.5m)] + Ajer (BRE £4.5m) + Hato (CHE £4.5m) + Jair Cunha (NFO £4.5m) + Hume (SUN £4.5m),ARS-BRE-CHE-NFO-SUN,23.5,60.5,52.08,24.15,27.93,2.4,2.83,2.6364,-0.0272,True
Tier 2: 1 Premium Anchor + 4 Budget (£23.5m-£24.5m),2,[Anchor: Calafiori (ARS £5.5m)] + Ajer (BRE £4.5m) + Chadi Riad (CRY £4.5m) + Bogle (LEE £4.5m) + Shaw (MUN £4.5m),ARS-BRE-CRY-LEE-MUN,23.5,52.63,50.07,22.7,27.37,2.6,3.0,2.8182,-0.05,False
Tier 2: 1 Premium Anchor + 4 Budget (£23.5m-£24.5m),2,[Anchor: Calafiori (ARS £5.5m)] + Ajer (BRE £4.5m) + Chadi Riad (CRY £4.5m) + Bogle (LEE £4.5m) + Hume (SUN £4.5m),ARS-BRE-CRY-LEE-SUN,23.5,52.95,50.24,22.79,27.45,2.6,3.0,2.8182,-0.05,True
Tier 2: 1 Premium Anchor + 4 Budget (£23.5m-£24.5m),2,[Anchor: Calafiori (ARS £5.5m)] + Ajer (BRE £4.5m) + Chadi Riad (CRY £4.5m) + Shaw (MUN £4.5m) + Jair Cunha (NFO £4.5m),ARS-BRE-CRY-MUN-NFO,23.5,59.6,52.91,25.1,27.81,2.4,3.0,2.7273,0.1232,False
Tier 2: 1 Premium Anchor + 4 Budget (£23.5m-£24.5m),2,[Anchor: Calafiori (ARS £5.5m)] + Ajer (BRE £4.5m) + Chadi Riad (CRY £4.5m) + Shaw (MUN £4.5m) + Hume (SUN £4.5m),ARS-BRE-CRY-MUN-SUN,23.5,63.27,53.53,24.84,28.69,2.4,2.83,2.6364,-0.05,True
Tier 2: 1 Premium Anchor + 4 Budget (£23.5m-£24.5m),2,[Anchor: Calafiori (ARS £5.5m)] + Ajer (BRE £4.5m) + Chadi Riad (CRY £4.5m) + Jair Cunha (NFO £4.5m) + Hume (SUN £4.5m),ARS-BRE-CRY-NFO-SUN,23.5,59.87,53.06,25.2,27.86,2.4,3.0,2.7273,0.1232,True
Tier 2: 1 Premium Anchor + 4 Budget (£23.5m-£24.5m),2,[Anchor: Calafiori (ARS £5.5m)] + Ajer (BRE £4.5m) + Mykolenko (EVE £4.5m) + Bogle (LEE £4.5m) + Shaw (MUN £4.5m),ARS-BRE-EVE-LEE-MUN,23.5,52.75,50.14,22.54,27.6,2.6,3.0,2.8182,-0.05,False
Tier 2: 1 Premium Anchor + 4 Budget (£23.5m-£24.5m),2,[Anchor: Calafiori (ARS £5.5m)] + Ajer (BRE £4.5m) + Mykolenko (EVE £4.5m) + Bogle (LEE £4.5m) + Hume (SUN £4.5m),ARS-BRE-EVE-LEE-SUN,23.5,53.11,50.33,22.63,27.7,2.6,3.0,2.8182,-0.05,True
Tier 2: 1 Premium Anchor + 4 Budget (£23.5m-£24.5m),2,[Anchor: Calafiori (ARS £5.5m)] + Ajer (BRE £4.5m) + Mykolenko (EVE £4.5m) + Shaw (MUN £4.5m) + Jair Cunha (NFO £4.5m),ARS-BRE-EVE-MUN-NFO,23.5,60.19,53.0,24.94,28.06,2.4,3.0,2.7273,0.0366,False
Tier 2: 1 Premium Anchor + 4 Budget (£23.5m-£24.5m),2,[Anchor: Calafiori (ARS £5.5m)] + Ajer (BRE £4.5m) + Mykolenko (EVE £4.5m) + Shaw (MUN £4.5m) + Hume (SUN £4.5m),ARS-BRE-EVE-MUN-SUN,23.5,62.22,53.37,24.68,28.69,2.4,2.83,2.6364,0.1,True
Tier 2: 1 Premium Anchor + 4 Budget (£23.5m-£24.5m),2,[Anchor: Calafiori (ARS £5.5m)] + Ajer (BRE £4.5m) + Mykolenko (EVE £4.5m) + Jair Cunha (NFO £4.5m) + Hume (SUN £4.5m),ARS-BRE-EVE-NFO-SUN,23.5,60.47,53.15,25.04,28.11,2.4,3.0,2.7273,0.0366,True
Tier 2: 1 Premium Anchor + 4 Budget (£23.5m-£24.5m),2,[Anchor: Calafiori (ARS £5.5m)] + Ajer (BRE £4.5m) + Bogle (LEE £4.5m) + Shaw (MUN £4.5m) + Hume (SUN £4.5m),ARS-BRE-LEE-MUN-SUN,23.5,61.25,52.42,23.73,28.69,2.4,2.83,2.6364,-0.05,True
Tier 2: 1 Premium Anchor + 4 Budget (£23.5m-£24.5m),2,[Anchor: Calafiori (ARS £5.5m)] + Ajer (BRE £4.5m) + Shaw (MUN £4.5m) + Jair Cunha (NFO £4.5m) + Hume (SUN £4.5m),ARS-BRE-MUN-NFO-SUN,23.5,68.6,55.24,26.14,29.11,2.2,2.83,2.5455,0.0366,True
Tier 2: 1 Premium Anchor + 4 Budget (£23.5m-£24.5m),2,[Anchor: Calafiori (ARS £5.5m)] + Hato (CHE £4.5m) + Chadi Riad (CRY £4.5m) + Bogle (LEE £4.5m) + Shaw (MUN £4.5m),ARS-CHE-CRY-LEE-MUN,23.5,48.89,48.39,21.77,26.63,2.6,3.0,2.8182,0.0878,False
Tier 2: 1 Premium Anchor + 4 Budget (£23.5m-£24.5m),2,[Anchor: Calafiori (ARS £5.5m)] + Hato (CHE £4.5m) + Chadi Riad (CRY £4.5m) + Bogle (LEE £4.5m) + Hume (SUN £4.5m),ARS-CHE-CRY-LEE-SUN,23.5,49.25,48.59,21.86,26.73,2.6,3.0,2.8182,0.0878,True
Tier 2: 1 Premium Anchor + 4 Budget (£23.5m-£24.5m),2,[Anchor: Calafiori (ARS £5.5m)] + Hato (CHE £4.5m) + Chadi Riad (CRY £4.5m) + Bogle (LEE £4.5m) + Robertson (TOT £4.5m),ARS-CHE-CRY-LEE-TOT,23.5,47.86,48.83,21.27,27.56,2.8,3.0,2.9091,-0.0811,False
Tier 2: 1 Premium Anchor + 4 Budget (£23.5m-£24.5m),2,[Anchor: Calafiori (ARS £5.5m)] + Hato (CHE £4.5m) + Chadi Riad (CRY £4.5m) + Shaw (MUN £4.5m) + Jair Cunha (NFO £4.5m),ARS-CHE-CRY-MUN-NFO,23.5,56.06,51.26,24.17,27.09,2.4,3.0,2.7273,0.2283,False
Tier 2: 1 Premium Anchor + 4 Budget (£23.5m-£24.5m),2,[Anchor: Calafiori (ARS £5.5m)] + Hato (CHE £4.5m) + Chadi Riad (CRY £4.5m) + Shaw (MUN £4.5m) + Hume (SUN £4.5m),ARS-CHE-CRY-MUN-SUN,23.5,56.81,51.82,23.91,27.91,2.4,3.0,2.7273,0.2823,True
Tier 2: 1 Premium Anchor + 4 Budget (£23.5m-£24.5m),2,[Anchor: Calafiori (ARS £5.5m)] + Hato (CHE £4.5m) + Chadi Riad (CRY £4.5m) + Shaw (MUN £4.5m) + Robertson (TOT £4.5m),ARS-CHE-CRY-MUN-TOT,23.5,55.67,52.05,23.32,28.74,2.6,3.0,2.8182,0.0634,False
Tier 2: 1 Premium Anchor + 4 Budget (£23.5m-£24.5m),2,[Anchor: Calafiori (ARS £5.5m)] + Hato (CHE £4.5m) + Chadi Riad (CRY £4.5m) + Jair Cunha (NFO £4.5m) + Hume (SUN £4.5m),ARS-CHE-CRY-NFO-SUN,23.5,56.38,51.43,24.26,27.16,2.4,3.0,2.7273,0.2283,True
Tier 2: 1 Premium Anchor + 4 Budget (£23.5m-£24.5m),2,[Anchor: Calafiori (ARS £5.5m)] + Hato (CHE £4.5m) + Chadi Riad (CRY £4.5m) + Jair Cunha (NFO £4.5m) + Robertson (TOT £4.5m),ARS-CHE-CRY-NFO-TOT,23.5,55.42,51.67,23.67,27.99,2.6,3.0,2.8182,-0.0272,False
Tier 2: 1 Premium Anchor + 4 Budget (£23.5m-£24.5m),2,[Anchor: Calafiori (ARS £5.5m)] + Hato (CHE £4.5m) + Chadi Riad (CRY £4.5m) + Hume (SUN £4.5m) + Robertson (TOT £4.5m),ARS-CHE-CRY-SUN-TOT,23.5,55.99,52.23,23.41,28.81,2.6,3.0,2.8182,0.0634,True
Tier 2: 1 Premium Anchor + 4 Budget (£23.5m-£24.5m),2,[Anchor: Calafiori (ARS £5.5m)] + Hato (CHE £4.5m) + Mykolenko (EVE £4.5m) + Bogle (LEE £4.5m) + Shaw (MUN £4.5m),ARS-CHE-EVE-LEE-MUN,23.5,44.76,47.0,21.6,25.39,2.6,3.0,2.8182,0.4079,False
Tier 2: 1 Premium Anchor + 4 Budget (£23.5m-£24.5m),2,[Anchor: Calafiori (ARS £5.5m)] + Hato (CHE £4.5m) + Mykolenko (EVE £4.5m) + Bogle (LEE £4.5m) + Hume (SUN £4.5m),ARS-CHE-EVE-LEE-SUN,23.5,45.11,47.19,21.7,25.49,2.6,3.0,2.8182,0.4079,True
Tier 2: 1 Premium Anchor + 4 Budget (£23.5m-£24.5m),2,[Anchor: Calafiori (ARS £5.5m)] + Hato (CHE £4.5m) + Mykolenko (EVE £4.5m) + Bogle (LEE £4.5m) + Robertson (TOT £4.5m),ARS-CHE-EVE-LEE-TOT,23.5,43.72,47.43,21.11,26.32,2.8,3.0,2.9091,0.239,False
Tier 2: 1 Premium Anchor + 4 Budget (£23.5m-£24.5m),2,[Anchor: Calafiori (ARS £5.5m)] + Hato (CHE £4.5m) + Mykolenko (EVE £4.5m) + Shaw (MUN £4.5m) + Jair Cunha (NFO £4.5m),ARS-CHE-EVE-MUN-NFO,23.5,54.56,51.07,24.01,27.06,2.4,3.0,2.7273,0.4618,False
Tier 2: 1 Premium Anchor + 4 Budget (£23.5m-£24.5m),2,[Anchor: Calafiori (ARS £5.5m)] + Hato (CHE £4.5m) + Mykolenko (EVE £4.5m) + Shaw (MUN £4.5m) + Hume (SUN £4.5m),ARS-CHE-EVE-MUN-SUN,23.5,54.12,51.63,23.75,27.88,2.4,3.0,2.7273,0.7524,True
Tier 2: 1 Premium Anchor + 4 Budget (£23.5m-£24.5m),2,[Anchor: Calafiori (ARS £5.5m)] + Hato (CHE £4.5m) + Mykolenko (EVE £4.5m) + Shaw (MUN £4.5m) + Robertson (TOT £4.5m),ARS-CHE-EVE-MUN-TOT,23.5,52.99,51.87,23.16,28.71,2.6,3.0,2.8182,0.5335,False
Tier 2: 1 Premium Anchor + 4 Budget (£23.5m-£24.5m),2,[Anchor: Calafiori (ARS £5.5m)] + Hato (CHE £4.5m) + Mykolenko (EVE £4.5m) + Jair Cunha (NFO £4.5m) + Hume (SUN £4.5m),ARS-CHE-EVE-NFO-SUN,23.5,54.91,51.27,24.1,27.16,2.4,3.0,2.7273,0.4618,True
Tier 2: 1 Premium Anchor + 4 Budget (£23.5m-£24.5m),2,[Anchor: Calafiori (ARS £5.5m)] + Hato (CHE £4.5m) + Mykolenko (EVE £4.5m) + Jair Cunha (NFO £4.5m) + Robertson (TOT £4.5m),ARS-CHE-EVE-NFO-TOT,23.5,53.96,51.5,23.51,27.99,2.6,3.0,2.8182,0.2062,False
Tier 2: 1 Premium Anchor + 4 Budget (£23.5m-£24.5m),2,[Anchor: Calafiori (ARS £5.5m)] + Hato (CHE £4.5m) + Mykolenko (EVE £4.5m) + Hume (SUN £4.5m) + Robertson (TOT £4.5m),ARS-CHE-EVE-SUN-TOT,23.5,53.34,52.06,23.25,28.81,2.6,3.0,2.8182,0.5335,True
Tier 2: 1 Premium Anchor + 4 Budget (£23.5m-£24.5m),2,[Anchor: Calafiori (ARS £5.5m)] + Hato (CHE £4.5m) + Bogle (LEE £4.5m) + Shaw (MUN £4.5m) + Hume (SUN £4.5m),ARS-CHE-LEE-MUN-SUN,23.5,54.12,50.68,22.8,27.88,2.4,3.0,2.7273,0.4079,True
Tier 2: 1 Premium Anchor + 4 Budget (£23.5m-£24.5m),2,[Anchor: Calafiori (ARS £5.5m)] + Hato (CHE £4.5m) + Bogle (LEE £4.5m) + Shaw (MUN £4.5m) + Robertson (TOT £4.5m),ARS-CHE-LEE-MUN-TOT,23.5,52.73,50.92,22.21,28.71,2.6,3.0,2.8182,0.239,False
Tier 2: 1 Premium Anchor + 4 Budget (£23.5m-£24.5m),2,[Anchor: Calafiori (ARS £5.5m)] + Hato (CHE £4.5m) + Bogle (LEE £4.5m) + Hume (SUN £4.5m) + Robertson (TOT £4.5m),ARS-CHE-LEE-SUN-TOT,23.5,53.09,51.12,22.3,28.81,2.6,3.0,2.8182,0.239,True
Tier 2: 1 Premium Anchor + 4 Budget (£23.5m-£24.5m),2,[Anchor: Calafiori (ARS £5.5m)] + Hato (CHE £4.5m) + Shaw (MUN £4.5m) + Jair Cunha (NFO £4.5m) + Hume (SUN £4.5m),ARS-CHE-MUN-NFO-SUN,23.5,61.73,53.55,25.2,28.34,2.2,3.0,2.6364,0.4618,True
Tier 2: 1 Premium Anchor + 4 Budget (£23.5m-£24.5m),2,[Anchor: Calafiori (ARS £5.5m)] + Hato (CHE £4.5m) + Shaw (MUN £4.5m) + Jair Cunha (NFO £4.5m) + Robertson (TOT £4.5m),ARS-CHE-MUN-NFO-TOT,23.5,60.77,53.78,24.61,29.17,2.4,3.0,2.7273,0.2062,False
Tier 2: 1 Premium Anchor + 4 Budget (£23.5m-£24.5m),2,[Anchor: Calafiori (ARS £5.5m)] + Hato (CHE £4.5m) + Shaw (MUN £4.5m) + Hume (SUN £4.5m) + Robertson (TOT £4.5m),ARS-CHE-MUN-SUN-TOT,23.5,58.01,53.16,24.35,28.81,2.4,3.0,2.7273,0.5335,True
Tier 2: 1 Premium Anchor + 4 Budget (£23.5m-£24.5m),2,[Anchor: Calafiori (ARS £5.5m)] + Hato (CHE £4.5m) + Jair Cunha (NFO £4.5m) + Hume (SUN £4.5m) + Robertson (TOT £4.5m),ARS-CHE-NFO-SUN-TOT,23.5,61.04,53.93,24.71,29.23,2.4,3.0,2.7273,0.2062,True
Tier 2: 1 Premium Anchor + 4 Budget (£23.5m-£24.5m),2,[Anchor: Calafiori (ARS £5.5m)] + Chadi Riad (CRY £4.5m) + Bogle (LEE £4.5m) + Shaw (MUN £4.5m) + Hume (SUN £4.5m),ARS-CRY-LEE-MUN-SUN,23.5,57.36,51.75,23.85,27.91,2.4,3.0,2.7273,0.15,True
Tier 2: 1 Premium Anchor + 4 Budget (£23.5m-£24.5m),2,[Anchor: Calafiori (ARS £5.5m)] + Chadi Riad (CRY £4.5m) + Bogle (LEE £4.5m) + Shaw (MUN £4.5m) + Robertson (TOT £4.5m),ARS-CRY-LEE-MUN-TOT,23.5,56.13,51.99,23.26,28.74,2.6,3.0,2.8182,-0.05,False
Tier 2: 1 Premium Anchor + 4 Budget (£23.5m-£24.5m),2,[Anchor: Calafiori (ARS £5.5m)] + Chadi Riad (CRY £4.5m) + Bogle (LEE £4.5m) + Hume (SUN £4.5m) + Robertson (TOT £4.5m),ARS-CRY-LEE-SUN-TOT,23.5,56.44,52.16,23.35,28.81,2.6,3.0,2.8182,-0.05,True
Tier 2: 1 Premium Anchor + 4 Budget (£23.5m-£24.5m),2,[Anchor: Calafiori (ARS £5.5m)] + Chadi Riad (CRY £4.5m) + Shaw (MUN £4.5m) + Jair Cunha (NFO £4.5m) + Hume (SUN £4.5m),ARS-CRY-MUN-NFO-SUN,23.5,64.33,54.59,26.25,28.34,2.2,3.0,2.6364,0.3232,True
Tier 2: 1 Premium Anchor + 4 Budget (£23.5m-£24.5m),2,[Anchor: Calafiori (ARS £5.5m)] + Chadi Riad (CRY £4.5m) + Shaw (MUN £4.5m) + Jair Cunha (NFO £4.5m) + Robertson (TOT £4.5m),ARS-CRY-MUN-NFO-TOT,23.5,63.53,54.83,25.66,29.17,2.4,3.0,2.7273,0.0366,False
Tier 2: 1 Premium Anchor + 4 Budget (£23.5m-£24.5m),2,[Anchor: Calafiori (ARS £5.5m)] + Chadi Riad (CRY £4.5m) + Shaw (MUN £4.5m) + Hume (SUN £4.5m) + Robertson (TOT £4.5m),ARS-CRY-MUN-SUN-TOT,23.5,62.08,54.21,25.4,28.81,2.4,3.0,2.7273,0.1,True
Tier 2: 1 Premium Anchor + 4 Budget (£23.5m-£24.5m),2,[Anchor: Calafiori (ARS £5.5m)] + Chadi Riad (CRY £4.5m) + Jair Cunha (NFO £4.5m) + Hume (SUN £4.5m) + Robertson (TOT £4.5m),ARS-CRY-NFO-SUN-TOT,23.5,63.8,54.98,25.76,29.23,2.4,3.0,2.7273,0.0366,True
Tier 2: 1 Premium Anchor + 4 Budget (£23.5m-£24.5m),2,[Anchor: Calafiori (ARS £5.5m)] + Mykolenko (EVE £4.5m) + Bogle (LEE £4.5m) + Shaw (MUN £4.5m) + Hume (SUN £4.5m),ARS-EVE-LEE-MUN-SUN,23.5,55.52,51.57,23.69,27.88,2.4,3.0,2.7273,0.45,True
Tier 2: 1 Premium Anchor + 4 Budget (£23.5m-£24.5m),2,[Anchor: Calafiori (ARS £5.5m)] + Mykolenko (EVE £4.5m) + Bogle (LEE £4.5m) + Shaw (MUN £4.5m) + Robertson (TOT £4.5m),ARS-EVE-LEE-MUN-TOT,23.5,54.29,51.81,23.09,28.71,2.6,3.0,2.8182,0.25,False
Tier 2: 1 Premium Anchor + 4 Budget (£23.5m-£24.5m),2,[Anchor: Calafiori (ARS £5.5m)] + Mykolenko (EVE £4.5m) + Bogle (LEE £4.5m) + Hume (SUN £4.5m) + Robertson (TOT £4.5m),ARS-EVE-LEE-SUN-TOT,23.5,54.65,52.0,23.19,28.81,2.6,3.0,2.8182,0.25,True
Tier 2: 1 Premium Anchor + 4 Budget (£23.5m-£24.5m),2,[Anchor: Calafiori (ARS £5.5m)] + Mykolenko (EVE £4.5m) + Shaw (MUN £4.5m) + Jair Cunha (NFO £4.5m) + Hume (SUN £4.5m),ARS-EVE-MUN-NFO-SUN,23.5,62.97,54.43,26.09,28.34,2.2,3.0,2.6364,0.5366,True
Tier 2: 1 Premium Anchor + 4 Budget (£23.5m-£24.5m),2,[Anchor: Calafiori (ARS £5.5m)] + Mykolenko (EVE £4.5m) + Shaw (MUN £4.5m) + Jair Cunha (NFO £4.5m) + Robertson (TOT £4.5m),ARS-EVE-MUN-NFO-TOT,23.5,62.17,54.67,25.5,29.17,2.4,3.0,2.7273,0.25,False
Tier 2: 1 Premium Anchor + 4 Budget (£23.5m-£24.5m),2,[Anchor: Calafiori (ARS £5.5m)] + Mykolenko (EVE £4.5m) + Shaw (MUN £4.5m) + Hume (SUN £4.5m) + Robertson (TOT £4.5m),ARS-EVE-MUN-SUN-TOT,23.5,59.54,54.05,25.24,28.81,2.4,3.0,2.7273,0.55,True
Tier 2: 1 Premium Anchor + 4 Budget (£23.5m-£24.5m),2,[Anchor: Calafiori (ARS £5.5m)] + Mykolenko (EVE £4.5m) + Jair Cunha (NFO £4.5m) + Hume (SUN £4.5m) + Robertson (TOT £4.5m),ARS-EVE-NFO-SUN-TOT,23.5,62.44,54.82,25.59,29.23,2.4,3.0,2.7273,0.25,True
Tier 2: 1 Premium Anchor + 4 Budget (£23.5m-£24.5m),2,[Anchor: Calafiori (ARS £5.5m)] + Bogle (LEE £4.5m) + Shaw (MUN £4.5m) + Hume (SUN £4.5m) + Robertson (TOT £4.5m),ARS-LEE-MUN-SUN-TOT,23.5,59.31,53.1,24.29,28.81,2.4,3.0,2.7273,0.25,True
Tier 2: 1 Premium Anchor + 4 Budget (£23.5m-£24.5m),2,[Anchor: Calafiori (ARS £5.5m)] + Shaw (MUN £4.5m) + Jair Cunha (NFO £4.5m) + Hume (SUN £4.5m) + Robertson (TOT £4.5m),ARS-MUN-NFO-SUN-TOT,23.5,67.1,55.92,26.69,29.23,2.2,3.0,2.6364,0.25,True
Tier 2: 1 Premium Anchor + 4 Budget (£23.5m-£24.5m),2,[Anchor: Collins (BRE £5.5m)] + Maatsen (AVL £4.5m) + Hato (CHE £4.5m) + Chadi Riad (CRY £4.5m) + Bogle (LEE £4.5m),BRE-AVL-CHE-CRY-LEE,23.5,43.64,45.32,18.73,26.59,3.0,2.5,2.7273,-0.0451,False
Tier 2: 1 Premium Anchor + 4 Budget (£23.5m-£24.5m),2,[Anchor: Collins (BRE £5.5m)] + Maatsen (AVL £4.5m) + Hato (CHE £4.5m) + Chadi Riad (CRY £4.5m) + Shaw (MUN £4.5m),BRE-AVL-CHE-CRY-MUN,23.5,56.01,49.35,20.78,28.57,2.8,2.33,2.5455,-0.1872,False
Tier 2: 1 Premium Anchor + 4 Budget (£23.5m-£24.5m),2,[Anchor: Collins (BRE £5.5m)] + Maatsen (AVL £4.5m) + Hato (CHE £4.5m) + Chadi Riad (CRY £4.5m) + Jair Cunha (NFO £4.5m),BRE-AVL-CHE-CRY-NFO,23.5,50.71,48.95,21.14,27.81,2.8,2.67,2.7273,0.0588,False
Tier 2: 1 Premium Anchor + 4 Budget (£23.5m-£24.5m),2,[Anchor: Collins (BRE £5.5m)] + Maatsen (AVL £4.5m) + Hato (CHE £4.5m) + Chadi Riad (CRY £4.5m) + Hume (SUN £4.5m),BRE-AVL-CHE-CRY-SUN,23.5,56.33,49.52,20.87,28.65,2.8,2.33,2.5455,-0.1872,True
Tier 2: 1 Premium Anchor + 4 Budget (£23.5m-£24.5m),2,[Anchor: Collins (BRE £5.5m)] + Maatsen (AVL £4.5m) + Hato (CHE £4.5m) + Mykolenko (EVE £4.5m) + Bogle (LEE £4.5m),BRE-AVL-CHE-EVE-LEE,23.5,43.67,44.92,18.57,26.35,3.0,2.5,2.7273,-0.1982,False
Tier 2: 1 Premium Anchor + 4 Budget (£23.5m-£24.5m),2,[Anchor: Collins (BRE £5.5m)] + Maatsen (AVL £4.5m) + Hato (CHE £4.5m) + Mykolenko (EVE £4.5m) + Shaw (MUN £4.5m),BRE-AVL-CHE-EVE-MUN,23.5,55.69,49.17,20.62,28.55,2.8,2.33,2.5455,-0.1903,False
Tier 2: 1 Premium Anchor + 4 Budget (£23.5m-£24.5m),2,[Anchor: Collins (BRE £5.5m)] + Maatsen (AVL £4.5m) + Hato (CHE £4.5m) + Mykolenko (EVE £4.5m) + Jair Cunha (NFO £4.5m),BRE-AVL-CHE-EVE-NFO,23.5,53.66,48.99,20.97,28.02,2.8,2.5,2.6364,-0.1809,False
Tier 2: 1 Premium Anchor + 4 Budget (£23.5m-£24.5m),2,[Anchor: Collins (BRE £5.5m)] + Maatsen (AVL £4.5m) + Hato (CHE £4.5m) + Mykolenko (EVE £4.5m) + Hume (SUN £4.5m),BRE-AVL-CHE-EVE-SUN,23.5,56.05,49.36,20.71,28.65,2.8,2.33,2.5455,-0.1903,True
Tier 2: 1 Premium Anchor + 4 Budget (£23.5m-£24.5m),2,[Anchor: Collins (BRE £5.5m)] + Maatsen (AVL £4.5m) + Hato (CHE £4.5m) + Bogle (LEE £4.5m) + Shaw (MUN £4.5m),BRE-AVL-CHE-LEE-MUN,23.5,54.01,48.22,19.67,28.55,2.8,2.33,2.5455,-0.1982,False
Tier 2: 1 Premium Anchor + 4 Budget (£23.5m-£24.5m),2,[Anchor: Collins (BRE £5.5m)] + Maatsen (AVL £4.5m) + Hato (CHE £4.5m) + Bogle (LEE £4.5m) + Hume (SUN £4.5m),BRE-AVL-CHE-LEE-SUN,23.5,54.36,48.41,19.76,28.65,2.8,2.33,2.5455,-0.1982,True
Tier 2: 1 Premium Anchor + 4 Budget (£23.5m-£24.5m),2,[Anchor: Collins (BRE £5.5m)] + Maatsen (AVL £4.5m) + Hato (CHE £4.5m) + Shaw (MUN £4.5m) + Jair Cunha (NFO £4.5m),BRE-AVL-CHE-MUN-NFO,23.5,61.8,51.08,22.07,29.01,2.6,2.33,2.4545,-0.1809,False
Tier 2: 1 Premium Anchor + 4 Budget (£23.5m-£24.5m),2,[Anchor: Collins (BRE £5.5m)] + Maatsen (AVL £4.5m) + Hato (CHE £4.5m) + Shaw (MUN £4.5m) + Hume (SUN £4.5m),BRE-AVL-CHE-MUN-SUN,23.5,62.86,51.64,21.81,29.83,2.6,2.33,2.4545,-0.1903,True
Tier 2: 1 Premium Anchor + 4 Budget (£23.5m-£24.5m),2,[Anchor: Collins (BRE £5.5m)] + Maatsen (AVL £4.5m) + Hato (CHE £4.5m) + Jair Cunha (NFO £4.5m) + Hume (SUN £4.5m),BRE-AVL-CHE-NFO-SUN,23.5,62.07,51.23,22.17,29.06,2.6,2.33,2.4545,-0.1809,True
Tier 2: 1 Premium Anchor + 4 Budget (£23.5m-£24.5m),2,[Anchor: Collins (BRE £5.5m)] + Maatsen (AVL £4.5m) + Chadi Riad (CRY £4.5m) + Bogle (LEE £4.5m) + Shaw (MUN £4.5m),BRE-AVL-CRY-LEE-MUN,23.5,51.91,48.49,20.72,27.77,2.8,2.5,2.6364,-0.0134,False
Tier 2: 1 Premium Anchor + 4 Budget (£23.5m-£24.5m),2,[Anchor: Collins (BRE £5.5m)] + Maatsen (AVL £4.5m) + Chadi Riad (CRY £4.5m) + Bogle (LEE £4.5m) + Hume (SUN £4.5m),BRE-AVL-CRY-LEE-SUN,23.5,52.22,48.66,20.81,27.85,2.8,2.5,2.6364,-0.0134,True
Tier 2: 1 Premium Anchor + 4 Budget (£23.5m-£24.5m),2,[Anchor: Collins (BRE £5.5m)] + Maatsen (AVL £4.5m) + Chadi Riad (CRY £4.5m) + Shaw (MUN £4.5m) + Jair Cunha (NFO £4.5m),BRE-AVL-CRY-MUN-NFO,23.5,58.82,52.11,23.12,28.99,2.6,2.67,2.6364,0.1232,False
Tier 2: 1 Premium Anchor + 4 Budget (£23.5m-£24.5m),2,[Anchor: Collins (BRE £5.5m)] + Maatsen (AVL £4.5m) + Chadi Riad (CRY £4.5m) + Shaw (MUN £4.5m) + Hume (SUN £4.5m),BRE-AVL-CRY-MUN-SUN,23.5,64.56,52.69,22.86,29.83,2.6,2.33,2.4545,-0.15,True
Tier 2: 1 Premium Anchor + 4 Budget (£23.5m-£24.5m),2,[Anchor: Collins (BRE £5.5m)] + Maatsen (AVL £4.5m) + Chadi Riad (CRY £4.5m) + Jair Cunha (NFO £4.5m) + Hume (SUN £4.5m),BRE-AVL-CRY-NFO-SUN,23.5,59.09,52.26,23.22,29.05,2.6,2.67,2.6364,0.1232,True
Tier 2: 1 Premium Anchor + 4 Budget (£23.5m-£24.5m),2,[Anchor: Collins (BRE £5.5m)] + Maatsen (AVL £4.5m) + Mykolenko (EVE £4.5m) + Bogle (LEE £4.5m) + Shaw (MUN £4.5m),BRE-AVL-EVE-LEE-MUN,23.5,54.23,49.29,20.56,28.74,2.8,2.5,2.6364,-0.1866,False
Tier 2: 1 Premium Anchor + 4 Budget (£23.5m-£24.5m),2,[Anchor: Collins (BRE £5.5m)] + Maatsen (AVL £4.5m) + Mykolenko (EVE £4.5m) + Bogle (LEE £4.5m) + Hume (SUN £4.5m),BRE-AVL-EVE-LEE-SUN,23.5,54.59,49.49,20.65,28.84,2.8,2.5,2.6364,-0.1866,True
Tier 2: 1 Premium Anchor + 4 Budget (£23.5m-£24.5m),2,[Anchor: Collins (BRE £5.5m)] + Maatsen (AVL £4.5m) + Mykolenko (EVE £4.5m) + Shaw (MUN £4.5m) + Jair Cunha (NFO £4.5m),BRE-AVL-EVE-MUN-NFO,23.5,61.86,52.16,22.96,29.2,2.6,2.5,2.5455,-0.1366,False
Tier 2: 1 Premium Anchor + 4 Budget (£23.5m-£24.5m),2,[Anchor: Collins (BRE £5.5m)] + Maatsen (AVL £4.5m) + Mykolenko (EVE £4.5m) + Shaw (MUN £4.5m) + Hume (SUN £4.5m),BRE-AVL-EVE-MUN-SUN,23.5,64.39,52.53,22.7,29.83,2.6,2.33,2.4545,-0.1732,True
Tier 2: 1 Premium Anchor + 4 Budget (£23.5m-£24.5m),2,[Anchor: Collins (BRE £5.5m)] + Maatsen (AVL £4.5m) + Mykolenko (EVE £4.5m) + Jair Cunha (NFO £4.5m) + Hume (SUN £4.5m),BRE-AVL-EVE-NFO-SUN,23.5,62.13,52.31,23.06,29.25,2.6,2.5,2.5455,-0.1366,True
Tier 2: 1 Premium Anchor + 4 Budget (£23.5m-£24.5m),2,[Anchor: Collins (BRE £5.5m)] + Maatsen (AVL £4.5m) + Bogle (LEE £4.5m) + Shaw (MUN £4.5m) + Hume (SUN £4.5m),BRE-AVL-LEE-MUN-SUN,23.5,62.73,51.58,21.75,29.83,2.6,2.33,2.4545,-0.1866,True
Tier 2: 1 Premium Anchor + 4 Budget (£23.5m-£24.5m),2,[Anchor: Collins (BRE £5.5m)] + Maatsen (AVL £4.5m) + Shaw (MUN £4.5m) + Jair Cunha (NFO £4.5m) + Hume (SUN £4.5m),BRE-AVL-MUN-NFO-SUN,23.5,70.27,54.4,24.16,30.24,2.4,2.33,2.3636,-0.1366,True
Tier 2: 1 Premium Anchor + 4 Budget (£23.5m-£24.5m),2,[Anchor: Collins (BRE £5.5m)] + De Cuyper (BHA £4.5m) + Hato (CHE £4.5m) + Chadi Riad (CRY £4.5m) + Bogle (LEE £4.5m),BRE-BHA-CHE-CRY-LEE,23.5,43.24,45.1,18.77,26.33,3.0,2.5,2.7273,-0.0451,False
Tier 2: 1 Premium Anchor + 4 Budget (£23.5m-£24.5m),2,[Anchor: Collins (BRE £5.5m)] + De Cuyper (BHA £4.5m) + Hato (CHE £4.5m) + Chadi Riad (CRY £4.5m) + Shaw (MUN £4.5m),BRE-BHA-CHE-CRY-MUN,23.5,55.61,49.13,20.82,28.31,2.8,2.33,2.5455,-0.1872,False
Tier 2: 1 Premium Anchor + 4 Budget (£23.5m-£24.5m),2,[Anchor: Collins (BRE £5.5m)] + De Cuyper (BHA £4.5m) + Hato (CHE £4.5m) + Chadi Riad (CRY £4.5m) + Jair Cunha (NFO £4.5m),BRE-BHA-CHE-CRY-NFO,23.5,50.31,48.73,21.17,27.55,2.8,2.67,2.7273,0.0588,False
Tier 2: 1 Premium Anchor + 4 Budget (£23.5m-£24.5m),2,[Anchor: Collins (BRE £5.5m)] + De Cuyper (BHA £4.5m) + Hato (CHE £4.5m) + Chadi Riad (CRY £4.5m) + Hume (SUN £4.5m),BRE-BHA-CHE-CRY-SUN,23.5,55.92,49.3,20.91,28.39,2.8,2.33,2.5455,-0.1872,True
Tier 2: 1 Premium Anchor + 4 Budget (£23.5m-£24.5m),2,[Anchor: Collins (BRE £5.5m)] + De Cuyper (BHA £4.5m) + Hato (CHE £4.5m) + Mykolenko (EVE £4.5m) + Bogle (LEE £4.5m),BRE-BHA-CHE-EVE-LEE,23.5,43.27,44.7,18.61,26.09,3.0,2.5,2.7273,-0.1982,False
Tier 2: 1 Premium Anchor + 4 Budget (£23.5m-£24.5m),2,[Anchor: Collins (BRE £5.5m)] + De Cuyper (BHA £4.5m) + Hato (CHE £4.5m) + Mykolenko (EVE £4.5m) + Shaw (MUN £4.5m),BRE-BHA-CHE-EVE-MUN,23.5,55.29,48.95,20.66,28.29,2.8,2.33,2.5455,-0.1903,False
Tier 2: 1 Premium Anchor + 4 Budget (£23.5m-£24.5m),2,[Anchor: Collins (BRE £5.5m)] + De Cuyper (BHA £4.5m) + Hato (CHE £4.5m) + Mykolenko (EVE £4.5m) + Jair Cunha (NFO £4.5m),BRE-BHA-CHE-EVE-NFO,23.5,53.26,48.77,21.01,27.76,2.8,2.5,2.6364,-0.1809,False
Tier 2: 1 Premium Anchor + 4 Budget (£23.5m-£24.5m),2,[Anchor: Collins (BRE £5.5m)] + De Cuyper (BHA £4.5m) + Hato (CHE £4.5m) + Mykolenko (EVE £4.5m) + Hume (SUN £4.5m),BRE-BHA-CHE-EVE-SUN,23.5,55.65,49.14,20.75,28.39,2.8,2.33,2.5455,-0.1903,True
Tier 2: 1 Premium Anchor + 4 Budget (£23.5m-£24.5m),2,[Anchor: Collins (BRE £5.5m)] + De Cuyper (BHA £4.5m) + Hato (CHE £4.5m) + Bogle (LEE £4.5m) + Shaw (MUN £4.5m),BRE-BHA-CHE-LEE-MUN,23.5,53.61,48.0,19.71,28.29,2.8,2.33,2.5455,-0.1982,False
Tier 2: 1 Premium Anchor + 4 Budget (£23.5m-£24.5m),2,[Anchor: Collins (BRE £5.5m)] + De Cuyper (BHA £4.5m) + Hato (CHE £4.5m) + Bogle (LEE £4.5m) + Hume (SUN £4.5m),BRE-BHA-CHE-LEE-SUN,23.5,53.96,48.19,19.8,28.39,2.8,2.33,2.5455,-0.1982,True
Tier 2: 1 Premium Anchor + 4 Budget (£23.5m-£24.5m),2,[Anchor: Collins (BRE £5.5m)] + De Cuyper (BHA £4.5m) + Hato (CHE £4.5m) + Shaw (MUN £4.5m) + Jair Cunha (NFO £4.5m),BRE-BHA-CHE-MUN-NFO,23.5,61.39,50.86,22.11,28.75,2.6,2.33,2.4545,-0.1809,False
Tier 2: 1 Premium Anchor + 4 Budget (£23.5m-£24.5m),2,[Anchor: Collins (BRE £5.5m)] + De Cuyper (BHA £4.5m) + Hato (CHE £4.5m) + Shaw (MUN £4.5m) + Hume (SUN £4.5m),BRE-BHA-CHE-MUN-SUN,23.5,62.46,51.42,21.85,29.57,2.6,2.33,2.4545,-0.1903,True
Tier 2: 1 Premium Anchor + 4 Budget (£23.5m-£24.5m),2,[Anchor: Collins (BRE £5.5m)] + De Cuyper (BHA £4.5m) + Hato (CHE £4.5m) + Jair Cunha (NFO £4.5m) + Hume (SUN £4.5m),BRE-BHA-CHE-NFO-SUN,23.5,61.66,51.01,22.21,28.8,2.6,2.33,2.4545,-0.1809,True
Tier 2: 1 Premium Anchor + 4 Budget (£23.5m-£24.5m),2,[Anchor: Collins (BRE £5.5m)] + De Cuyper (BHA £4.5m) + Chadi Riad (CRY £4.5m) + Bogle (LEE £4.5m) + Shaw (MUN £4.5m),BRE-BHA-CRY-LEE-MUN,23.5,51.51,48.27,20.76,27.51,2.8,2.5,2.6364,-0.0134,False
Tier 2: 1 Premium Anchor + 4 Budget (£23.5m-£24.5m),2,[Anchor: Collins (BRE £5.5m)] + De Cuyper (BHA £4.5m) + Chadi Riad (CRY £4.5m) + Bogle (LEE £4.5m) + Hume (SUN £4.5m),BRE-BHA-CRY-LEE-SUN,23.5,51.82,48.44,20.85,27.59,2.8,2.5,2.6364,-0.0134,True
Tier 2: 1 Premium Anchor + 4 Budget (£23.5m-£24.5m),2,[Anchor: Collins (BRE £5.5m)] + De Cuyper (BHA £4.5m) + Chadi Riad (CRY £4.5m) + Shaw (MUN £4.5m) + Jair Cunha (NFO £4.5m),BRE-BHA-CRY-MUN-NFO,23.5,58.42,51.89,23.16,28.73,2.6,2.67,2.6364,0.1232,False
Tier 2: 1 Premium Anchor + 4 Budget (£23.5m-£24.5m),2,[Anchor: Collins (BRE £5.5m)] + De Cuyper (BHA £4.5m) + Chadi Riad (CRY £4.5m) + Shaw (MUN £4.5m) + Hume (SUN £4.5m),BRE-BHA-CRY-MUN-SUN,23.5,64.16,52.47,22.9,29.57,2.6,2.33,2.4545,-0.15,True
Tier 2: 1 Premium Anchor + 4 Budget (£23.5m-£24.5m),2,[Anchor: Collins (BRE £5.5m)] + De Cuyper (BHA £4.5m) + Chadi Riad (CRY £4.5m) + Jair Cunha (NFO £4.5m) + Hume (SUN £4.5m),BRE-BHA-CRY-NFO-SUN,23.5,58.69,52.04,23.26,28.79,2.6,2.67,2.6364,0.1232,True
Tier 2: 1 Premium Anchor + 4 Budget (£23.5m-£24.5m),2,[Anchor: Collins (BRE £5.5m)] + De Cuyper (BHA £4.5m) + Mykolenko (EVE £4.5m) + Bogle (LEE £4.5m) + Shaw (MUN £4.5m),BRE-BHA-EVE-LEE-MUN,23.5,53.83,49.07,20.59,28.48,2.8,2.5,2.6364,-0.1866,False
Tier 2: 1 Premium Anchor + 4 Budget (£23.5m-£24.5m),2,[Anchor: Collins (BRE £5.5m)] + De Cuyper (BHA £4.5m) + Mykolenko (EVE £4.5m) + Bogle (LEE £4.5m) + Hume (SUN £4.5m),BRE-BHA-EVE-LEE-SUN,23.5,54.19,49.27,20.69,28.58,2.8,2.5,2.6364,-0.1866,True
Tier 2: 1 Premium Anchor + 4 Budget (£23.5m-£24.5m),2,[Anchor: Collins (BRE £5.5m)] + De Cuyper (BHA £4.5m) + Mykolenko (EVE £4.5m) + Shaw (MUN £4.5m) + Jair Cunha (NFO £4.5m),BRE-BHA-EVE-MUN-NFO,23.5,61.46,51.94,23.0,28.94,2.6,2.5,2.5455,-0.1366,False
Tier 2: 1 Premium Anchor + 4 Budget (£23.5m-£24.5m),2,[Anchor: Collins (BRE £5.5m)] + De Cuyper (BHA £4.5m) + Mykolenko (EVE £4.5m) + Shaw (MUN £4.5m) + Hume (SUN £4.5m),BRE-BHA-EVE-MUN-SUN,23.5,63.99,52.31,22.74,29.57,2.6,2.33,2.4545,-0.1732,True
Tier 2: 1 Premium Anchor + 4 Budget (£23.5m-£24.5m),2,[Anchor: Collins (BRE £5.5m)] + De Cuyper (BHA £4.5m) + Mykolenko (EVE £4.5m) + Jair Cunha (NFO £4.5m) + Hume (SUN £4.5m),BRE-BHA-EVE-NFO-SUN,23.5,61.73,52.08,23.09,28.99,2.6,2.5,2.5455,-0.1366,True
Tier 2: 1 Premium Anchor + 4 Budget (£23.5m-£24.5m),2,[Anchor: Collins (BRE £5.5m)] + De Cuyper (BHA £4.5m) + Bogle (LEE £4.5m) + Shaw (MUN £4.5m) + Hume (SUN £4.5m),BRE-BHA-LEE-MUN-SUN,23.5,62.33,51.36,21.79,29.57,2.6,2.33,2.4545,-0.1866,True
Tier 2: 1 Premium Anchor + 4 Budget (£23.5m-£24.5m),2,[Anchor: Collins (BRE £5.5m)] + De Cuyper (BHA £4.5m) + Shaw (MUN £4.5m) + Jair Cunha (NFO £4.5m) + Hume (SUN £4.5m),BRE-BHA-MUN-NFO-SUN,23.5,69.87,54.18,24.19,29.98,2.4,2.33,2.3636,-0.1366,True
Tier 2: 1 Premium Anchor + 4 Budget (£23.5m-£24.5m),2,[Anchor: Collins (BRE £5.5m)] + Hato (CHE £4.5m) + Chadi Riad (CRY £4.5m) + Bogle (LEE £4.5m) + Shaw (MUN £4.5m),BRE-CHE-CRY-LEE-MUN,23.5,48.78,46.32,19.44,26.88,2.8,2.5,2.6364,-0.1756,False
Tier 2: 1 Premium Anchor + 4 Budget (£23.5m-£24.5m),2,[Anchor: Collins (BRE £5.5m)] + Hato (CHE £4.5m) + Chadi Riad (CRY £4.5m) + Bogle (LEE £4.5m) + Hume (SUN £4.5m),BRE-CHE-CRY-LEE-SUN,23.5,49.13,46.52,19.54,26.98,2.8,2.5,2.6364,-0.1756,True
Tier 2: 1 Premium Anchor + 4 Budget (£23.5m-£24.5m),2,[Anchor: Collins (BRE £5.5m)] + Hato (CHE £4.5m) + Chadi Riad (CRY £4.5m) + Shaw (MUN £4.5m) + Jair Cunha (NFO £4.5m),BRE-CHE-CRY-MUN-NFO,23.5,56.38,49.19,21.85,27.34,2.6,2.5,2.5455,-0.1217,False
Tier 2: 1 Premium Anchor + 4 Budget (£23.5m-£24.5m),2,[Anchor: Collins (BRE £5.5m)] + Hato (CHE £4.5m) + Chadi Riad (CRY £4.5m) + Shaw (MUN £4.5m) + Hume (SUN £4.5m),BRE-CHE-CRY-MUN-SUN,23.5,57.45,49.75,21.59,28.16,2.6,2.5,2.5455,-0.1311,True
Tier 2: 1 Premium Anchor + 4 Budget (£23.5m-£24.5m),2,[Anchor: Collins (BRE £5.5m)] + Hato (CHE £4.5m) + Chadi Riad (CRY £4.5m) + Jair Cunha (NFO £4.5m) + Hume (SUN £4.5m),BRE-CHE-CRY-NFO-SUN,23.5,56.7,49.36,21.94,27.41,2.6,2.5,2.5455,-0.1217,True
Tier 2: 1 Premium Anchor + 4 Budget (£23.5m-£24.5m),2,[Anchor: Collins (BRE £5.5m)] + Hato (CHE £4.5m) + Mykolenko (EVE £4.5m) + Bogle (LEE £4.5m) + Shaw (MUN £4.5m),BRE-CHE-EVE-LEE-MUN,23.5,45.39,44.93,19.28,25.64,2.8,2.5,2.6364,-0.0055,False
Tier 2: 1 Premium Anchor + 4 Budget (£23.5m-£24.5m),2,[Anchor: Collins (BRE £5.5m)] + Hato (CHE £4.5m) + Mykolenko (EVE £4.5m) + Bogle (LEE £4.5m) + Hume (SUN £4.5m),BRE-CHE-EVE-LEE-SUN,23.5,45.75,45.12,19.38,25.75,2.8,2.5,2.6364,-0.0055,True
Tier 2: 1 Premium Anchor + 4 Budget (£23.5m-£24.5m),2,[Anchor: Collins (BRE £5.5m)] + Hato (CHE £4.5m) + Mykolenko (EVE £4.5m) + Shaw (MUN £4.5m) + Jair Cunha (NFO £4.5m),BRE-CHE-EVE-MUN-NFO,23.5,55.63,49.0,21.69,27.31,2.6,2.5,2.5455,-0.0382,False
Tier 2: 1 Premium Anchor + 4 Budget (£23.5m-£24.5m),2,[Anchor: Collins (BRE £5.5m)] + Hato (CHE £4.5m) + Mykolenko (EVE £4.5m) + Shaw (MUN £4.5m) + Hume (SUN £4.5m),BRE-CHE-EVE-MUN-SUN,23.5,55.51,49.56,21.43,28.13,2.6,2.5,2.5455,0.189,True
Tier 2: 1 Premium Anchor + 4 Budget (£23.5m-£24.5m),2,[Anchor: Collins (BRE £5.5m)] + Hato (CHE £4.5m) + Mykolenko (EVE £4.5m) + Jair Cunha (NFO £4.5m) + Hume (SUN £4.5m),BRE-CHE-EVE-NFO-SUN,23.5,55.98,49.2,21.78,27.41,2.6,2.5,2.5455,-0.0382,True
Tier 2: 1 Premium Anchor + 4 Budget (£23.5m-£24.5m),2,[Anchor: Collins (BRE £5.5m)] + Hato (CHE £4.5m) + Bogle (LEE £4.5m) + Shaw (MUN £4.5m) + Hume (SUN £4.5m),BRE-CHE-LEE-MUN-SUN,23.5,54.76,48.61,20.48,28.13,2.6,2.5,2.5455,-0.0055,True
Tier 2: 1 Premium Anchor + 4 Budget (£23.5m-£24.5m),2,[Anchor: Collins (BRE £5.5m)] + Hato (CHE £4.5m) + Shaw (MUN £4.5m) + Jair Cunha (NFO £4.5m) + Hume (SUN £4.5m),BRE-CHE-MUN-NFO-SUN,23.5,62.8,51.48,22.88,28.59,2.4,2.5,2.4545,-0.0382,True
Tier 2: 1 Premium Anchor + 4 Budget (£23.5m-£24.5m),2,[Anchor: Collins (BRE £5.5m)] + Chadi Riad (CRY £4.5m) + Bogle (LEE £4.5m) + Shaw (MUN £4.5m) + Hume (SUN £4.5m),BRE-CRY-LEE-MUN-SUN,23.5,57.43,49.68,21.53,28.16,2.6,2.5,2.5455,-0.15,True
Tier 2: 1 Premium Anchor + 4 Budget (£23.5m-£24.5m),2,[Anchor: Collins (BRE £5.5m)] + Chadi Riad (CRY £4.5m) + Shaw (MUN £4.5m) + Jair Cunha (NFO £4.5m) + Hume (SUN £4.5m),BRE-CRY-MUN-NFO-SUN,23.5,64.83,52.52,23.93,28.59,2.4,2.5,2.4545,-0.0634,True
Tier 2: 1 Premium Anchor + 4 Budget (£23.5m-£24.5m),2,[Anchor: Collins (BRE £5.5m)] + Mykolenko (EVE £4.5m) + Bogle (LEE £4.5m) + Shaw (MUN £4.5m) + Hume (SUN £4.5m),BRE-EVE-LEE-MUN-SUN,23.5,56.34,49.5,21.36,28.13,2.6,2.5,2.5455,0.0,True
Tier 2: 1 Premium Anchor + 4 Budget (£23.5m-£24.5m),2,[Anchor: Collins (BRE £5.5m)] + Mykolenko (EVE £4.5m) + Shaw (MUN £4.5m) + Jair Cunha (NFO £4.5m) + Hume (SUN £4.5m),BRE-EVE-MUN-NFO-SUN,23.5,64.22,52.36,23.77,28.59,2.4,2.5,2.4545,0.0,True
Tier 2: 1 Premium Anchor + 4 Budget (£23.5m-£24.5m),2,[Anchor: Lacroix (CHE £6.0m)] + Maatsen (AVL £4.5m) + Ajer (BRE £4.5m) + Chadi Riad (CRY £4.5m) + Greaves (IPS £4.0m),CHE-AVL-BRE-CRY-IPS,23.5,47.46,48.76,21.39,27.37,2.8,3.0,2.9091,-0.0262,False
Tier 2: 1 Premium Anchor + 4 Budget (£23.5m-£24.5m),2,[Anchor: Lacroix (CHE £6.0m)] + Maatsen (AVL £4.5m) + Ajer (BRE £4.5m) + Chadi Riad (CRY £4.5m) + Bogle (LEE £4.5m),CHE-AVL-BRE-CRY-LEE,24.0,42.25,46.91,20.08,26.83,3.0,2.83,2.9091,-0.0451,False
Tier 2: 1 Premium Anchor + 4 Budget (£23.5m-£24.5m),2,[Anchor: Lacroix (CHE £6.0m)] + Maatsen (AVL £4.5m) + Ajer (BRE £4.5m) + Chadi Riad (CRY £4.5m) + Shaw (MUN £4.5m),CHE-AVL-BRE-CRY-MUN,24.0,54.62,50.94,22.13,28.81,2.8,2.67,2.7273,-0.1872,False
Tier 2: 1 Premium Anchor + 4 Budget (£23.5m-£24.5m),2,[Anchor: Lacroix (CHE £6.0m)] + Maatsen (AVL £4.5m) + Ajer (BRE £4.5m) + Chadi Riad (CRY £4.5m) + Jair Cunha (NFO £4.5m),CHE-AVL-BRE-CRY-NFO,24.0,48.53,50.1,22.48,27.61,2.8,3.0,2.9091,0.0588,False
Tier 2: 1 Premium Anchor + 4 Budget (£23.5m-£24.5m),2,[Anchor: Lacroix (CHE £6.0m)] + Maatsen (AVL £4.5m) + Ajer (BRE £4.5m) + Chadi Riad (CRY £4.5m) + Hume (SUN £4.5m),CHE-AVL-BRE-CRY-SUN,24.0,54.89,51.09,22.22,28.86,2.8,2.67,2.7273,-0.1872,True
Tier 2: 1 Premium Anchor + 4 Budget (£23.5m-£24.5m),2,[Anchor: Lacroix (CHE £6.0m)] + Maatsen (AVL £4.5m) + Ajer (BRE £4.5m) + Mykolenko (EVE £4.5m) + Greaves (IPS £4.0m),CHE-AVL-BRE-EVE-IPS,23.5,50.41,49.04,21.22,27.82,2.8,2.83,2.8182,-0.1793,False
Tier 2: 1 Premium Anchor + 4 Budget (£23.5m-£24.5m),2,[Anchor: Lacroix (CHE £6.0m)] + Maatsen (AVL £4.5m) + Ajer (BRE £4.5m) + Mykolenko (EVE £4.5m) + Bogle (LEE £4.5m),CHE-AVL-BRE-EVE-LEE,24.0,44.52,47.73,19.91,27.82,3.0,2.83,2.9091,-0.1982,False
Tier 2: 1 Premium Anchor + 4 Budget (£23.5m-£24.5m),2,[Anchor: Lacroix (CHE £6.0m)] + Maatsen (AVL £4.5m) + Ajer (BRE £4.5m) + Mykolenko (EVE £4.5m) + Shaw (MUN £4.5m),CHE-AVL-BRE-EVE-MUN,24.0,54.8,51.03,21.96,29.06,2.8,2.67,2.7273,-0.1903,False
Tier 2: 1 Premium Anchor + 4 Budget (£23.5m-£24.5m),2,[Anchor: Lacroix (CHE £6.0m)] + Maatsen (AVL £4.5m) + Ajer (BRE £4.5m) + Mykolenko (EVE £4.5m) + Jair Cunha (NFO £4.5m),CHE-AVL-BRE-EVE-NFO,24.0,51.47,50.14,22.32,27.82,2.8,2.83,2.8182,-0.1809,False
Tier 2: 1 Premium Anchor + 4 Budget (£23.5m-£24.5m),2,[Anchor: Lacroix (CHE £6.0m)] + Maatsen (AVL £4.5m) + Ajer (BRE £4.5m) + Mykolenko (EVE £4.5m) + Hume (SUN £4.5m),CHE-AVL-BRE-EVE-SUN,24.0,55.07,51.17,22.06,29.12,2.8,2.67,2.7273,-0.1903,True
Tier 2: 1 Premium Anchor + 4 Budget (£23.5m-£24.5m),2,[Anchor: Lacroix (CHE £6.0m)] + Maatsen (AVL £4.5m) + Ajer (BRE £4.5m) + Greaves (IPS £4.0m) + Bogle (LEE £4.5m),CHE-AVL-BRE-IPS-LEE,23.5,46.68,47.11,20.28,26.83,2.8,2.83,2.8182,-0.1372,False
Tier 2: 1 Premium Anchor + 4 Budget (£23.5m-£24.5m),2,[Anchor: Lacroix (CHE £6.0m)] + Maatsen (AVL £4.5m) + Ajer (BRE £4.5m) + Greaves (IPS £4.0m) + Shaw (MUN £4.5m),CHE-AVL-BRE-IPS-MUN,23.5,58.55,51.14,22.33,28.81,2.6,2.67,2.6364,-0.1793,False
Tier 2: 1 Premium Anchor + 4 Budget (£23.5m-£24.5m),2,[Anchor: Lacroix (CHE £6.0m)] + Maatsen (AVL £4.5m) + Ajer (BRE £4.5m) + Greaves (IPS £4.0m) + Jair Cunha (NFO £4.5m),CHE-AVL-BRE-IPS-NFO,23.5,52.96,50.3,22.68,27.61,2.6,3.0,2.8182,-0.0333,False
Tier 2: 1 Premium Anchor + 4 Budget (£23.5m-£24.5m),2,[Anchor: Lacroix (CHE £6.0m)] + Maatsen (AVL £4.5m) + Ajer (BRE £4.5m) + Bogle (LEE £4.5m) + Shaw (MUN £4.5m),CHE-AVL-BRE-LEE-MUN,24.0,52.66,49.83,21.02,28.81,2.8,2.67,2.7273,-0.1982,False
Tier 2: 1 Premium Anchor + 4 Budget (£23.5m-£24.5m),2,[Anchor: Lacroix (CHE £6.0m)] + Maatsen (AVL £4.5m) + Ajer (BRE £4.5m) + Bogle (LEE £4.5m) + Hume (SUN £4.5m),CHE-AVL-BRE-LEE-SUN,24.0,52.93,49.97,21.11,28.86,2.8,2.67,2.7273,-0.1982,True
Tier 2: 1 Premium Anchor + 4 Budget (£23.5m-£24.5m),2,[Anchor: Lacroix (CHE £6.0m)] + Maatsen (AVL £4.5m) + Ajer (BRE £4.5m) + Shaw (MUN £4.5m) + Jair Cunha (NFO £4.5m),CHE-AVL-BRE-MUN-NFO,24.0,59.61,52.23,23.42,28.81,2.6,2.67,2.6364,-0.1809,False
Tier 2: 1 Premium Anchor + 4 Budget (£23.5m-£24.5m),2,[Anchor: Lacroix (CHE £6.0m)] + Maatsen (AVL £4.5m) + Ajer (BRE £4.5m) + Shaw (MUN £4.5m) + Hume (SUN £4.5m),CHE-AVL-BRE-MUN-SUN,24.0,63.21,53.27,23.16,30.11,2.6,2.5,2.5455,-0.1903,True
Tier 2: 1 Premium Anchor + 4 Budget (£23.5m-£24.5m),2,[Anchor: Lacroix (CHE £6.0m)] + Maatsen (AVL £4.5m) + Ajer (BRE £4.5m) + Jair Cunha (NFO £4.5m) + Hume (SUN £4.5m),CHE-AVL-BRE-NFO-SUN,24.0,59.88,52.38,23.51,28.86,2.6,2.67,2.6364,-0.1809,True
Tier 2: 1 Premium Anchor + 4 Budget (£23.5m-£24.5m),2,[Anchor: Lacroix (CHE £6.0m)] + Maatsen (AVL £4.5m) + Chadi Riad (CRY £4.5m) + Greaves (IPS £4.0m) + Bogle (LEE £4.5m),CHE-AVL-CRY-IPS-LEE,23.5,41.17,46.24,20.39,25.85,2.8,3.17,3.0,-0.0183,False
Tier 2: 1 Premium Anchor + 4 Budget (£23.5m-£24.5m),2,[Anchor: Lacroix (CHE £6.0m)] + Maatsen (AVL £4.5m) + Chadi Riad (CRY £4.5m) + Greaves (IPS £4.0m) + Shaw (MUN £4.5m),CHE-AVL-CRY-IPS-MUN,23.5,52.79,50.27,22.44,27.83,2.6,3.0,2.8182,-0.0104,False
Tier 2: 1 Premium Anchor + 4 Budget (£23.5m-£24.5m),2,[Anchor: Lacroix (CHE £6.0m)] + Maatsen (AVL £4.5m) + Chadi Riad (CRY £4.5m) + Greaves (IPS £4.0m) + Jair Cunha (NFO £4.5m),CHE-AVL-CRY-IPS-NFO,23.5,47.81,49.86,22.8,27.07,2.6,3.33,3.0,0.1722,False
Tier 2: 1 Premium Anchor + 4 Budget (£23.5m-£24.5m),2,[Anchor: Lacroix (CHE £6.0m)] + Maatsen (AVL £4.5m) + Chadi Riad (CRY £4.5m) + Greaves (IPS £4.0m) + Robertson (TOT £4.5m),CHE-AVL-CRY-IPS-TOT,23.5,51.72,50.68,21.95,28.73,2.8,3.0,2.9091,-0.1793,False
Tier 2: 1 Premium Anchor + 4 Budget (£23.5m-£24.5m),2,[Anchor: Lacroix (CHE £6.0m)] + Maatsen (AVL £4.5m) + Chadi Riad (CRY £4.5m) + Bogle (LEE £4.5m) + Shaw (MUN £4.5m),CHE-AVL-CRY-LEE-MUN,24.0,48.09,48.42,21.13,27.29,2.8,2.83,2.8182,-0.1293,False
Tier 2: 1 Premium Anchor + 4 Budget (£23.5m-£24.5m),2,[Anchor: Lacroix (CHE £6.0m)] + Maatsen (AVL £4.5m) + Chadi Riad (CRY £4.5m) + Bogle (LEE £4.5m) + Hume (SUN £4.5m),CHE-AVL-CRY-LEE-SUN,24.0,48.4,48.59,21.23,27.36,2.8,2.83,2.8182,-0.1293,True
Tier 2: 1 Premium Anchor + 4 Budget (£23.5m-£24.5m),2,[Anchor: Lacroix (CHE £6.0m)] + Maatsen (AVL £4.5m) + Chadi Riad (CRY £4.5m) + Bogle (LEE £4.5m) + Robertson (TOT £4.5m),CHE-AVL-CRY-LEE-TOT,24.0,46.51,48.83,20.63,28.19,3.0,2.83,2.9091,-0.1982,False
Tier 2: 1 Premium Anchor + 4 Budget (£23.5m-£24.5m),2,[Anchor: Lacroix (CHE £6.0m)] + Maatsen (AVL £4.5m) + Chadi Riad (CRY £4.5m) + Shaw (MUN £4.5m) + Jair Cunha (NFO £4.5m),CHE-AVL-CRY-MUN-NFO,24.0,55.16,52.04,23.54,28.51,2.6,3.0,2.8182,-0.0254,False
Tier 2: 1 Premium Anchor + 4 Budget (£23.5m-£24.5m),2,[Anchor: Lacroix (CHE £6.0m)] + Maatsen (AVL £4.5m) + Chadi Riad (CRY £4.5m) + Shaw (MUN £4.5m) + Hume (SUN £4.5m),CHE-AVL-CRY-MUN-SUN,24.0,59.77,52.62,23.27,29.34,2.6,2.67,2.6364,-0.0714,True
Tier 2: 1 Premium Anchor + 4 Budget (£23.5m-£24.5m),2,[Anchor: Lacroix (CHE £6.0m)] + Maatsen (AVL £4.5m) + Chadi Riad (CRY £4.5m) + Shaw (MUN £4.5m) + Robertson (TOT £4.5m),CHE-AVL-CRY-MUN-TOT,24.0,58.13,52.86,22.68,30.17,2.8,2.67,2.7273,-0.1903,False
Tier 2: 1 Premium Anchor + 4 Budget (£23.5m-£24.5m),2,[Anchor: Lacroix (CHE £6.0m)] + Maatsen (AVL £4.5m) + Chadi Riad (CRY £4.5m) + Jair Cunha (NFO £4.5m) + Hume (SUN £4.5m),CHE-AVL-CRY-NFO-SUN,24.0,55.43,52.19,23.63,28.56,2.6,3.0,2.8182,-0.0254,True
Tier 2: 1 Premium Anchor + 4 Budget (£23.5m-£24.5m),2,[Anchor: Lacroix (CHE £6.0m)] + Maatsen (AVL £4.5m) + Chadi Riad (CRY £4.5m) + Jair Cunha (NFO £4.5m) + Robertson (TOT £4.5m),CHE-AVL-CRY-NFO-TOT,24.0,53.43,52.13,23.04,29.09,2.8,3.0,2.9091,-0.1809,False
Tier 2: 1 Premium Anchor + 4 Budget (£23.5m-£24.5m),2,[Anchor: Lacroix (CHE £6.0m)] + Maatsen (AVL £4.5m) + Chadi Riad (CRY £4.5m) + Hume (SUN £4.5m) + Robertson (TOT £4.5m),CHE-AVL-CRY-SUN-TOT,24.0,58.4,53.01,22.78,30.23,2.8,2.67,2.7273,-0.1903,True
Tier 2: 1 Premium Anchor + 4 Budget (£23.5m-£24.5m),2,[Anchor: Lacroix (CHE £6.0m)] + Maatsen (AVL £4.5m) + Mykolenko (EVE £4.5m) + Greaves (IPS £4.0m) + Bogle (LEE £4.5m),CHE-AVL-EVE-IPS-LEE,23.5,41.14,45.29,20.23,25.06,2.8,3.0,2.9091,-0.0214,False
Tier 2: 1 Premium Anchor + 4 Budget (£23.5m-£24.5m),2,[Anchor: Lacroix (CHE £6.0m)] + Maatsen (AVL £4.5m) + Mykolenko (EVE £4.5m) + Greaves (IPS £4.0m) + Shaw (MUN £4.5m),CHE-AVL-EVE-IPS-MUN,23.5,54.21,50.53,22.28,28.25,2.6,2.83,2.7273,0.1365,False
Tier 2: 1 Premium Anchor + 4 Budget (£23.5m-£24.5m),2,[Anchor: Lacroix (CHE £6.0m)] + Maatsen (AVL £4.5m) + Mykolenko (EVE £4.5m) + Greaves (IPS £4.0m) + Jair Cunha (NFO £4.5m),CHE-AVL-EVE-IPS-NFO,23.5,50.45,50.15,22.63,27.52,2.6,3.17,2.9091,0.0825,False
Tier 2: 1 Premium Anchor + 4 Budget (£23.5m-£24.5m),2,[Anchor: Lacroix (CHE £6.0m)] + Maatsen (AVL £4.5m) + Mykolenko (EVE £4.5m) + Greaves (IPS £4.0m) + Robertson (TOT £4.5m),CHE-AVL-EVE-IPS-TOT,23.5,53.17,50.97,21.78,29.18,2.8,2.83,2.8182,-0.0324,False
Tier 2: 1 Premium Anchor + 4 Budget (£23.5m-£24.5m),2,[Anchor: Lacroix (CHE £6.0m)] + Maatsen (AVL £4.5m) + Mykolenko (EVE £4.5m) + Bogle (LEE £4.5m) + Shaw (MUN £4.5m),CHE-AVL-EVE-LEE-MUN,24.0,48.81,49.22,20.97,28.25,2.8,2.83,2.8182,0.0176,False
Tier 2: 1 Premium Anchor + 4 Budget (£23.5m-£24.5m),2,[Anchor: Lacroix (CHE £6.0m)] + Maatsen (AVL £4.5m) + Mykolenko (EVE £4.5m) + Bogle (LEE £4.5m) + Hume (SUN £4.5m),CHE-AVL-EVE-LEE-SUN,24.0,49.17,49.42,21.06,28.35,2.8,2.83,2.8182,0.0176,True
Tier 2: 1 Premium Anchor + 4 Budget (£23.5m-£24.5m),2,[Anchor: Lacroix (CHE £6.0m)] + Maatsen (AVL £4.5m) + Mykolenko (EVE £4.5m) + Bogle (LEE £4.5m) + Robertson (TOT £4.5m),CHE-AVL-EVE-LEE-TOT,24.0,47.28,49.65,20.47,29.18,3.0,2.83,2.9091,-0.0513,False
Tier 2: 1 Premium Anchor + 4 Budget (£23.5m-£24.5m),2,[Anchor: Lacroix (CHE £6.0m)] + Maatsen (AVL £4.5m) + Mykolenko (EVE £4.5m) + Shaw (MUN £4.5m) + Jair Cunha (NFO £4.5m),CHE-AVL-EVE-MUN-NFO,24.0,56.6,52.09,23.37,28.71,2.6,2.83,2.7273,0.0348,False
Tier 2: 1 Premium Anchor + 4 Budget (£23.5m-£24.5m),2,[Anchor: Lacroix (CHE £6.0m)] + Maatsen (AVL £4.5m) + Mykolenko (EVE £4.5m) + Shaw (MUN £4.5m) + Hume (SUN £4.5m),CHE-AVL-EVE-MUN-SUN,24.0,57.99,52.46,23.11,29.34,2.6,2.67,2.6364,0.2255,True
Tier 2: 1 Premium Anchor + 4 Budget (£23.5m-£24.5m),2,[Anchor: Lacroix (CHE £6.0m)] + Maatsen (AVL £4.5m) + Mykolenko (EVE £4.5m) + Shaw (MUN £4.5m) + Robertson (TOT £4.5m),CHE-AVL-EVE-MUN-TOT,24.0,56.35,52.7,22.52,30.17,2.8,2.67,2.7273,0.1066,False
Tier 2: 1 Premium Anchor + 4 Budget (£23.5m-£24.5m),2,[Anchor: Lacroix (CHE £6.0m)] + Maatsen (AVL £4.5m) + Mykolenko (EVE £4.5m) + Jair Cunha (NFO £4.5m) + Hume (SUN £4.5m),CHE-AVL-EVE-NFO-SUN,24.0,56.87,52.23,23.47,28.77,2.6,2.83,2.7273,0.0348,True
Tier 2: 1 Premium Anchor + 4 Budget (£23.5m-£24.5m),2,[Anchor: Lacroix (CHE £6.0m)] + Maatsen (AVL £4.5m) + Mykolenko (EVE £4.5m) + Jair Cunha (NFO £4.5m) + Robertson (TOT £4.5m),CHE-AVL-EVE-NFO-TOT,24.0,54.87,52.17,22.88,29.3,2.8,2.83,2.8182,-0.1207,False
Tier 2: 1 Premium Anchor + 4 Budget (£23.5m-£24.5m),2,[Anchor: Lacroix (CHE £6.0m)] + Maatsen (AVL £4.5m) + Mykolenko (EVE £4.5m) + Hume (SUN £4.5m) + Robertson (TOT £4.5m),CHE-AVL-EVE-SUN-TOT,24.0,56.62,52.84,22.62,30.23,2.8,2.67,2.7273,0.1066,True
Tier 2: 1 Premium Anchor + 4 Budget (£23.5m-£24.5m),2,[Anchor: Lacroix (CHE £6.0m)] + Maatsen (AVL £4.5m) + Greaves (IPS £4.0m) + Bogle (LEE £4.5m) + Shaw (MUN £4.5m),CHE-AVL-IPS-LEE-MUN,23.5,51.47,48.59,21.33,27.26,2.6,2.83,2.7273,-0.0214,False
Tier 2: 1 Premium Anchor + 4 Budget (£23.5m-£24.5m),2,[Anchor: Lacroix (CHE £6.0m)] + Maatsen (AVL £4.5m) + Greaves (IPS £4.0m) + Bogle (LEE £4.5m) + Robertson (TOT £4.5m),CHE-AVL-IPS-LEE-TOT,23.5,50.19,49.03,20.83,28.19,2.8,2.83,2.8182,-0.1403,False
Tier 2: 1 Premium Anchor + 4 Budget (£23.5m-£24.5m),2,[Anchor: Lacroix (CHE £6.0m)] + Maatsen (AVL £4.5m) + Greaves (IPS £4.0m) + Shaw (MUN £4.5m) + Jair Cunha (NFO £4.5m),CHE-AVL-IPS-MUN-NFO,23.5,58.59,52.24,23.74,28.51,2.4,3.0,2.7273,0.0825,False
Tier 2: 1 Premium Anchor + 4 Budget (£23.5m-£24.5m),2,[Anchor: Lacroix (CHE £6.0m)] + Maatsen (AVL £4.5m) + Greaves (IPS £4.0m) + Shaw (MUN £4.5m) + Robertson (TOT £4.5m),CHE-AVL-IPS-MUN-TOT,23.5,61.31,53.06,22.88,30.17,2.6,2.67,2.6364,-0.0324,False
Tier 2: 1 Premium Anchor + 4 Budget (£23.5m-£24.5m),2,[Anchor: Lacroix (CHE £6.0m)] + Maatsen (AVL £4.5m) + Greaves (IPS £4.0m) + Jair Cunha (NFO £4.5m) + Robertson (TOT £4.5m),CHE-AVL-IPS-NFO-TOT,23.5,57.11,52.33,23.24,29.09,2.6,3.0,2.8182,-0.123,False
Tier 2: 1 Premium Anchor + 4 Budget (£23.5m-£24.5m),2,[Anchor: Lacroix (CHE £6.0m)] + Maatsen (AVL £4.5m) + Bogle (LEE £4.5m) + Shaw (MUN £4.5m) + Hume (SUN £4.5m),CHE-AVL-LEE-MUN-SUN,24.0,57.31,51.51,22.16,29.34,2.6,2.67,2.6364,0.0176,True
Tier 2: 1 Premium Anchor + 4 Budget (£23.5m-£24.5m),2,[Anchor: Lacroix (CHE £6.0m)] + Maatsen (AVL £4.5m) + Bogle (LEE £4.5m) + Shaw (MUN £4.5m) + Robertson (TOT £4.5m),CHE-AVL-LEE-MUN-TOT,24.0,55.42,51.75,21.57,30.17,2.8,2.67,2.7273,-0.0513,False
Tier 2: 1 Premium Anchor + 4 Budget (£23.5m-£24.5m),2,[Anchor: Lacroix (CHE £6.0m)] + Maatsen (AVL £4.5m) + Bogle (LEE £4.5m) + Hume (SUN £4.5m) + Robertson (TOT £4.5m),CHE-AVL-LEE-SUN-TOT,24.0,55.69,51.9,21.67,30.23,2.8,2.67,2.7273,-0.0513,True
Tier 2: 1 Premium Anchor + 4 Budget (£23.5m-£24.5m),2,[Anchor: Lacroix (CHE £6.0m)] + Maatsen (AVL £4.5m) + Shaw (MUN £4.5m) + Jair Cunha (NFO £4.5m) + Hume (SUN £4.5m),CHE-AVL-MUN-NFO-SUN,24.0,65.01,54.33,24.57,29.76,2.4,2.67,2.5455,0.0348,True
Tier 2: 1 Premium Anchor + 4 Budget (£23.5m-£24.5m),2,[Anchor: Lacroix (CHE £6.0m)] + Maatsen (AVL £4.5m) + Shaw (MUN £4.5m) + Jair Cunha (NFO £4.5m) + Robertson (TOT £4.5m),CHE-AVL-MUN-NFO-TOT,24.0,63.01,54.27,23.98,30.29,2.6,2.67,2.6364,-0.1207,False
Tier 2: 1 Premium Anchor + 4 Budget (£23.5m-£24.5m),2,[Anchor: Lacroix (CHE £6.0m)] + Maatsen (AVL £4.5m) + Shaw (MUN £4.5m) + Hume (SUN £4.5m) + Robertson (TOT £4.5m),CHE-AVL-MUN-SUN-TOT,24.0,61.29,53.95,23.72,30.23,2.6,2.67,2.6364,0.1066,True
Tier 2: 1 Premium Anchor + 4 Budget (£23.5m-£24.5m),2,[Anchor: Lacroix (CHE £6.0m)] + Maatsen (AVL £4.5m) + Jair Cunha (NFO £4.5m) + Hume (SUN £4.5m) + Robertson (TOT £4.5m),CHE-AVL-NFO-SUN-TOT,24.0,63.28,54.41,24.07,30.34,2.6,2.67,2.6364,-0.1207,True
Tier 2: 1 Premium Anchor + 4 Budget (£23.5m-£24.5m),2,[Anchor: Lacroix (CHE £6.0m)] + De Cuyper (BHA £4.5m) + Ajer (BRE £4.5m) + Chadi Riad (CRY £4.5m) + Greaves (IPS £4.0m),CHE-BHA-BRE-CRY-IPS,23.5,46.24,48.09,21.43,26.66,2.8,3.0,2.9091,-0.0262,False
Tier 2: 1 Premium Anchor + 4 Budget (£23.5m-£24.5m),2,[Anchor: Lacroix (CHE £6.0m)] + De Cuyper (BHA £4.5m) + Ajer (BRE £4.5m) + Chadi Riad (CRY £4.5m) + Bogle (LEE £4.5m),CHE-BHA-BRE-CRY-LEE,24.0,41.85,46.69,20.12,26.57,3.0,2.83,2.9091,-0.0451,False
Tier 2: 1 Premium Anchor + 4 Budget (£23.5m-£24.5m),2,[Anchor: Lacroix (CHE £6.0m)] + De Cuyper (BHA £4.5m) + Ajer (BRE £4.5m) + Chadi Riad (CRY £4.5m) + Shaw (MUN £4.5m),CHE-BHA-BRE-CRY-MUN,24.0,54.22,50.72,22.16,28.55,2.8,2.67,2.7273,-0.1872,False
Tier 2: 1 Premium Anchor + 4 Budget (£23.5m-£24.5m),2,[Anchor: Lacroix (CHE £6.0m)] + De Cuyper (BHA £4.5m) + Ajer (BRE £4.5m) + Chadi Riad (CRY £4.5m) + Jair Cunha (NFO £4.5m),CHE-BHA-BRE-CRY-NFO,24.0,48.13,49.87,22.52,27.35,2.8,3.0,2.9091,0.0588,False
Tier 2: 1 Premium Anchor + 4 Budget (£23.5m-£24.5m),2,[Anchor: Lacroix (CHE £6.0m)] + De Cuyper (BHA £4.5m) + Ajer (BRE £4.5m) + Chadi Riad (CRY £4.5m) + Hume (SUN £4.5m),CHE-BHA-BRE-CRY-SUN,24.0,54.49,50.86,22.26,28.61,2.8,2.67,2.7273,-0.1872,True
Tier 2: 1 Premium Anchor + 4 Budget (£23.5m-£24.5m),2,[Anchor: Lacroix (CHE £6.0m)] + De Cuyper (BHA £4.5m) + Ajer (BRE £4.5m) + Mykolenko (EVE £4.5m) + Greaves (IPS £4.0m),CHE-BHA-BRE-EVE-IPS,23.5,50.01,48.82,21.26,27.56,2.8,2.83,2.8182,-0.1793,False
Tier 2: 1 Premium Anchor + 4 Budget (£23.5m-£24.5m),2,[Anchor: Lacroix (CHE £6.0m)] + De Cuyper (BHA £4.5m) + Ajer (BRE £4.5m) + Mykolenko (EVE £4.5m) + Bogle (LEE £4.5m),CHE-BHA-BRE-EVE-LEE,24.0,44.12,47.51,19.95,27.56,3.0,2.83,2.9091,-0.1982,False
Tier 2: 1 Premium Anchor + 4 Budget (£23.5m-£24.5m),2,[Anchor: Lacroix (CHE £6.0m)] + De Cuyper (BHA £4.5m) + Ajer (BRE £4.5m) + Mykolenko (EVE £4.5m) + Shaw (MUN £4.5m),CHE-BHA-BRE-EVE-MUN,24.0,54.4,50.8,22.0,28.8,2.8,2.67,2.7273,-0.1903,False
Tier 2: 1 Premium Anchor + 4 Budget (£23.5m-£24.5m),2,[Anchor: Lacroix (CHE £6.0m)] + De Cuyper (BHA £4.5m) + Ajer (BRE £4.5m) + Mykolenko (EVE £4.5m) + Jair Cunha (NFO £4.5m),CHE-BHA-BRE-EVE-NFO,24.0,51.07,49.92,22.36,27.56,2.8,2.83,2.8182,-0.1809,False
Tier 2: 1 Premium Anchor + 4 Budget (£23.5m-£24.5m),2,[Anchor: Lacroix (CHE £6.0m)] + De Cuyper (BHA £4.5m) + Ajer (BRE £4.5m) + Mykolenko (EVE £4.5m) + Hume (SUN £4.5m),CHE-BHA-BRE-EVE-SUN,24.0,54.67,50.95,22.1,28.86,2.8,2.67,2.7273,-0.1903,True
Tier 2: 1 Premium Anchor + 4 Budget (£23.5m-£24.5m),2,[Anchor: Lacroix (CHE £6.0m)] + De Cuyper (BHA £4.5m) + Ajer (BRE £4.5m) + Greaves (IPS £4.0m) + Bogle (LEE £4.5m),CHE-BHA-BRE-IPS-LEE,23.5,46.28,46.89,20.32,26.57,2.8,2.83,2.8182,-0.1372,False
Tier 2: 1 Premium Anchor + 4 Budget (£23.5m-£24.5m),2,[Anchor: Lacroix (CHE £6.0m)] + De Cuyper (BHA £4.5m) + Ajer (BRE £4.5m) + Greaves (IPS £4.0m) + Shaw (MUN £4.5m),CHE-BHA-BRE-IPS-MUN,23.5,58.15,50.92,22.36,28.55,2.6,2.67,2.6364,-0.1793,False
Tier 2: 1 Premium Anchor + 4 Budget (£23.5m-£24.5m),2,[Anchor: Lacroix (CHE £6.0m)] + De Cuyper (BHA £4.5m) + Ajer (BRE £4.5m) + Greaves (IPS £4.0m) + Jair Cunha (NFO £4.5m),CHE-BHA-BRE-IPS-NFO,23.5,52.56,50.07,22.72,27.35,2.6,3.0,2.8182,-0.0333,False
Tier 2: 1 Premium Anchor + 4 Budget (£23.5m-£24.5m),2,[Anchor: Lacroix (CHE £6.0m)] + De Cuyper (BHA £4.5m) + Ajer (BRE £4.5m) + Bogle (LEE £4.5m) + Shaw (MUN £4.5m),CHE-BHA-BRE-LEE-MUN,24.0,52.26,49.61,21.05,28.55,2.8,2.67,2.7273,-0.1982,False
Tier 2: 1 Premium Anchor + 4 Budget (£23.5m-£24.5m),2,[Anchor: Lacroix (CHE £6.0m)] + De Cuyper (BHA £4.5m) + Ajer (BRE £4.5m) + Bogle (LEE £4.5m) + Hume (SUN £4.5m),CHE-BHA-BRE-LEE-SUN,24.0,52.53,49.75,21.15,28.61,2.8,2.67,2.7273,-0.1982,True
Tier 2: 1 Premium Anchor + 4 Budget (£23.5m-£24.5m),2,[Anchor: Lacroix (CHE £6.0m)] + De Cuyper (BHA £4.5m) + Ajer (BRE £4.5m) + Shaw (MUN £4.5m) + Jair Cunha (NFO £4.5m),CHE-BHA-BRE-MUN-NFO,24.0,59.21,52.01,23.46,28.55,2.6,2.67,2.6364,-0.1809,False
Tier 2: 1 Premium Anchor + 4 Budget (£23.5m-£24.5m),2,[Anchor: Lacroix (CHE £6.0m)] + De Cuyper (BHA £4.5m) + Ajer (BRE £4.5m) + Shaw (MUN £4.5m) + Hume (SUN £4.5m),CHE-BHA-BRE-MUN-SUN,24.0,62.81,53.05,23.2,29.85,2.6,2.5,2.5455,-0.1903,True
Tier 2: 1 Premium Anchor + 4 Budget (£23.5m-£24.5m),2,[Anchor: Lacroix (CHE £6.0m)] + De Cuyper (BHA £4.5m) + Ajer (BRE £4.5m) + Jair Cunha (NFO £4.5m) + Hume (SUN £4.5m),CHE-BHA-BRE-NFO-SUN,24.0,59.48,52.16,23.55,28.61,2.6,2.67,2.6364,-0.1809,True
Tier 2: 1 Premium Anchor + 4 Budget (£23.5m-£24.5m),2,[Anchor: Lacroix (CHE £6.0m)] + De Cuyper (BHA £4.5m) + Chadi Riad (CRY £4.5m) + Greaves (IPS £4.0m) + Bogle (LEE £4.5m),CHE-BHA-CRY-IPS-LEE,23.5,39.96,45.57,20.43,25.14,2.8,3.17,3.0,-0.0183,False
Tier 2: 1 Premium Anchor + 4 Budget (£23.5m-£24.5m),2,[Anchor: Lacroix (CHE £6.0m)] + De Cuyper (BHA £4.5m) + Chadi Riad (CRY £4.5m) + Greaves (IPS £4.0m) + Shaw (MUN £4.5m),CHE-BHA-CRY-IPS-MUN,23.5,51.58,49.6,22.48,27.12,2.6,3.0,2.8182,-0.0104,False
Tier 2: 1 Premium Anchor + 4 Budget (£23.5m-£24.5m),2,[Anchor: Lacroix (CHE £6.0m)] + De Cuyper (BHA £4.5m) + Chadi Riad (CRY £4.5m) + Greaves (IPS £4.0m) + Jair Cunha (NFO £4.5m),CHE-BHA-CRY-IPS-NFO,23.5,46.59,49.19,22.84,26.36,2.6,3.33,3.0,0.1722,False
Tier 2: 1 Premium Anchor + 4 Budget (£23.5m-£24.5m),2,[Anchor: Lacroix (CHE £6.0m)] + De Cuyper (BHA £4.5m) + Chadi Riad (CRY £4.5m) + Greaves (IPS £4.0m) + Robertson (TOT £4.5m),CHE-BHA-CRY-IPS-TOT,23.5,50.5,50.01,21.98,28.02,2.8,3.0,2.9091,-0.1793,False
Tier 2: 1 Premium Anchor + 4 Budget (£23.5m-£24.5m),2,[Anchor: Lacroix (CHE £6.0m)] + De Cuyper (BHA £4.5m) + Chadi Riad (CRY £4.5m) + Bogle (LEE £4.5m) + Shaw (MUN £4.5m),CHE-BHA-CRY-LEE-MUN,24.0,47.69,48.2,21.17,27.03,2.8,2.83,2.8182,-0.1293,False
Tier 2: 1 Premium Anchor + 4 Budget (£23.5m-£24.5m),2,[Anchor: Lacroix (CHE £6.0m)] + De Cuyper (BHA £4.5m) + Chadi Riad (CRY £4.5m) + Bogle (LEE £4.5m) + Hume (SUN £4.5m),CHE-BHA-CRY-LEE-SUN,24.0,48.0,48.37,21.26,27.1,2.8,2.83,2.8182,-0.1293,True
Tier 2: 1 Premium Anchor + 4 Budget (£23.5m-£24.5m),2,[Anchor: Lacroix (CHE £6.0m)] + De Cuyper (BHA £4.5m) + Chadi Riad (CRY £4.5m) + Bogle (LEE £4.5m) + Robertson (TOT £4.5m),CHE-BHA-CRY-LEE-TOT,24.0,46.11,48.61,20.67,27.93,3.0,2.83,2.9091,-0.1982,False
Tier 2: 1 Premium Anchor + 4 Budget (£23.5m-£24.5m),2,[Anchor: Lacroix (CHE £6.0m)] + De Cuyper (BHA £4.5m) + Chadi Riad (CRY £4.5m) + Shaw (MUN £4.5m) + Jair Cunha (NFO £4.5m),CHE-BHA-CRY-MUN-NFO,24.0,54.76,51.82,23.57,28.25,2.6,3.0,2.8182,-0.0254,False
Tier 2: 1 Premium Anchor + 4 Budget (£23.5m-£24.5m),2,[Anchor: Lacroix (CHE £6.0m)] + De Cuyper (BHA £4.5m) + Chadi Riad (CRY £4.5m) + Shaw (MUN £4.5m) + Hume (SUN £4.5m),CHE-BHA-CRY-MUN-SUN,24.0,59.37,52.4,23.31,29.09,2.6,2.67,2.6364,-0.0714,True
Tier 2: 1 Premium Anchor + 4 Budget (£23.5m-£24.5m),2,[Anchor: Lacroix (CHE £6.0m)] + De Cuyper (BHA £4.5m) + Chadi Riad (CRY £4.5m) + Shaw (MUN £4.5m) + Robertson (TOT £4.5m),CHE-BHA-CRY-MUN-TOT,24.0,57.73,52.64,22.72,29.91,2.8,2.67,2.7273,-0.1903,False
Tier 2: 1 Premium Anchor + 4 Budget (£23.5m-£24.5m),2,[Anchor: Lacroix (CHE £6.0m)] + De Cuyper (BHA £4.5m) + Chadi Riad (CRY £4.5m) + Jair Cunha (NFO £4.5m) + Hume (SUN £4.5m),CHE-BHA-CRY-NFO-SUN,24.0,55.03,51.97,23.67,28.3,2.6,3.0,2.8182,-0.0254,True
Tier 2: 1 Premium Anchor + 4 Budget (£23.5m-£24.5m),2,[Anchor: Lacroix (CHE £6.0m)] + De Cuyper (BHA £4.5m) + Chadi Riad (CRY £4.5m) + Jair Cunha (NFO £4.5m) + Robertson (TOT £4.5m),CHE-BHA-CRY-NFO-TOT,24.0,53.03,51.91,23.08,28.83,2.8,3.0,2.9091,-0.1809,False
Tier 2: 1 Premium Anchor + 4 Budget (£23.5m-£24.5m),2,[Anchor: Lacroix (CHE £6.0m)] + De Cuyper (BHA £4.5m) + Chadi Riad (CRY £4.5m) + Hume (SUN £4.5m) + Robertson (TOT £4.5m),CHE-BHA-CRY-SUN-TOT,24.0,58.0,52.79,22.82,29.97,2.8,2.67,2.7273,-0.1903,True
Tier 2: 1 Premium Anchor + 4 Budget (£23.5m-£24.5m),2,[Anchor: Lacroix (CHE £6.0m)] + De Cuyper (BHA £4.5m) + Mykolenko (EVE £4.5m) + Greaves (IPS £4.0m) + Bogle (LEE £4.5m),CHE-BHA-EVE-IPS-LEE,23.5,40.74,45.07,20.27,24.8,2.8,3.0,2.9091,-0.0214,False
Tier 2: 1 Premium Anchor + 4 Budget (£23.5m-£24.5m),2,[Anchor: Lacroix (CHE £6.0m)] + De Cuyper (BHA £4.5m) + Mykolenko (EVE £4.5m) + Greaves (IPS £4.0m) + Shaw (MUN £4.5m),CHE-BHA-EVE-IPS-MUN,23.5,53.8,50.31,22.32,27.99,2.6,2.83,2.7273,0.1365,False
Tier 2: 1 Premium Anchor + 4 Budget (£23.5m-£24.5m),2,[Anchor: Lacroix (CHE £6.0m)] + De Cuyper (BHA £4.5m) + Mykolenko (EVE £4.5m) + Greaves (IPS £4.0m) + Jair Cunha (NFO £4.5m),CHE-BHA-EVE-IPS-NFO,23.5,50.05,49.93,22.67,27.26,2.6,3.17,2.9091,0.0825,False
Tier 2: 1 Premium Anchor + 4 Budget (£23.5m-£24.5m),2,[Anchor: Lacroix (CHE £6.0m)] + De Cuyper (BHA £4.5m) + Mykolenko (EVE £4.5m) + Greaves (IPS £4.0m) + Robertson (TOT £4.5m),CHE-BHA-EVE-IPS-TOT,23.5,52.77,50.74,21.82,28.92,2.8,2.83,2.8182,-0.0324,False
Tier 2: 1 Premium Anchor + 4 Budget (£23.5m-£24.5m),2,[Anchor: Lacroix (CHE £6.0m)] + De Cuyper (BHA £4.5m) + Mykolenko (EVE £4.5m) + Bogle (LEE £4.5m) + Shaw (MUN £4.5m),CHE-BHA-EVE-LEE-MUN,24.0,48.41,49.0,21.01,27.99,2.8,2.83,2.8182,0.0176,False
Tier 2: 1 Premium Anchor + 4 Budget (£23.5m-£24.5m),2,[Anchor: Lacroix (CHE £6.0m)] + De Cuyper (BHA £4.5m) + Mykolenko (EVE £4.5m) + Bogle (LEE £4.5m) + Hume (SUN £4.5m),CHE-BHA-EVE-LEE-SUN,24.0,48.77,49.2,21.1,28.09,2.8,2.83,2.8182,0.0176,True
Tier 2: 1 Premium Anchor + 4 Budget (£23.5m-£24.5m),2,[Anchor: Lacroix (CHE £6.0m)] + De Cuyper (BHA £4.5m) + Mykolenko (EVE £4.5m) + Bogle (LEE £4.5m) + Robertson (TOT £4.5m),CHE-BHA-EVE-LEE-TOT,24.0,46.88,49.43,20.51,28.92,3.0,2.83,2.9091,-0.0513,False
Tier 2: 1 Premium Anchor + 4 Budget (£23.5m-£24.5m),2,[Anchor: Lacroix (CHE £6.0m)] + De Cuyper (BHA £4.5m) + Mykolenko (EVE £4.5m) + Shaw (MUN £4.5m) + Jair Cunha (NFO £4.5m),CHE-BHA-EVE-MUN-NFO,24.0,56.2,51.86,23.41,28.45,2.6,2.83,2.7273,0.0348,False
Tier 2: 1 Premium Anchor + 4 Budget (£23.5m-£24.5m),2,[Anchor: Lacroix (CHE £6.0m)] + De Cuyper (BHA £4.5m) + Mykolenko (EVE £4.5m) + Shaw (MUN £4.5m) + Hume (SUN £4.5m),CHE-BHA-EVE-MUN-SUN,24.0,57.59,52.24,23.15,29.09,2.6,2.67,2.6364,0.2255,True
Tier 2: 1 Premium Anchor + 4 Budget (£23.5m-£24.5m),2,[Anchor: Lacroix (CHE £6.0m)] + De Cuyper (BHA £4.5m) + Mykolenko (EVE £4.5m) + Shaw (MUN £4.5m) + Robertson (TOT £4.5m),CHE-BHA-EVE-MUN-TOT,24.0,55.95,52.48,22.56,29.91,2.8,2.67,2.7273,0.1066,False
Tier 2: 1 Premium Anchor + 4 Budget (£23.5m-£24.5m),2,[Anchor: Lacroix (CHE £6.0m)] + De Cuyper (BHA £4.5m) + Mykolenko (EVE £4.5m) + Jair Cunha (NFO £4.5m) + Hume (SUN £4.5m),CHE-BHA-EVE-NFO-SUN,24.0,56.47,52.01,23.51,28.51,2.6,2.83,2.7273,0.0348,True
Tier 2: 1 Premium Anchor + 4 Budget (£23.5m-£24.5m),2,[Anchor: Lacroix (CHE £6.0m)] + De Cuyper (BHA £4.5m) + Mykolenko (EVE £4.5m) + Jair Cunha (NFO £4.5m) + Robertson (TOT £4.5m),CHE-BHA-EVE-NFO-TOT,24.0,54.47,51.95,22.92,29.04,2.8,2.83,2.8182,-0.1207,False
Tier 2: 1 Premium Anchor + 4 Budget (£23.5m-£24.5m),2,[Anchor: Lacroix (CHE £6.0m)] + De Cuyper (BHA £4.5m) + Mykolenko (EVE £4.5m) + Hume (SUN £4.5m) + Robertson (TOT £4.5m),CHE-BHA-EVE-SUN-TOT,24.0,56.22,52.62,22.66,29.97,2.8,2.67,2.7273,0.1066,True
Tier 2: 1 Premium Anchor + 4 Budget (£23.5m-£24.5m),2,[Anchor: Lacroix (CHE £6.0m)] + De Cuyper (BHA £4.5m) + Greaves (IPS £4.0m) + Bogle (LEE £4.5m) + Shaw (MUN £4.5m),CHE-BHA-IPS-LEE-MUN,23.5,51.07,48.37,21.37,27.0,2.6,2.83,2.7273,-0.0214,False
Tier 2: 1 Premium Anchor + 4 Budget (£23.5m-£24.5m),2,[Anchor: Lacroix (CHE £6.0m)] + De Cuyper (BHA £4.5m) + Greaves (IPS £4.0m) + Bogle (LEE £4.5m) + Robertson (TOT £4.5m),CHE-BHA-IPS-LEE-TOT,23.5,49.79,48.81,20.87,27.93,2.8,2.83,2.8182,-0.1403,False
Tier 2: 1 Premium Anchor + 4 Budget (£23.5m-£24.5m),2,[Anchor: Lacroix (CHE £6.0m)] + De Cuyper (BHA £4.5m) + Greaves (IPS £4.0m) + Shaw (MUN £4.5m) + Jair Cunha (NFO £4.5m),CHE-BHA-IPS-MUN-NFO,23.5,58.19,52.02,23.77,28.25,2.4,3.0,2.7273,0.0825,False
Tier 2: 1 Premium Anchor + 4 Budget (£23.5m-£24.5m),2,[Anchor: Lacroix (CHE £6.0m)] + De Cuyper (BHA £4.5m) + Greaves (IPS £4.0m) + Shaw (MUN £4.5m) + Robertson (TOT £4.5m),CHE-BHA-IPS-MUN-TOT,23.5,60.91,52.84,22.92,29.91,2.6,2.67,2.6364,-0.0324,False
Tier 2: 1 Premium Anchor + 4 Budget (£23.5m-£24.5m),2,[Anchor: Lacroix (CHE £6.0m)] + De Cuyper (BHA £4.5m) + Greaves (IPS £4.0m) + Jair Cunha (NFO £4.5m) + Robertson (TOT £4.5m),CHE-BHA-IPS-NFO-TOT,23.5,56.71,52.11,23.28,28.83,2.6,3.0,2.8182,-0.123,False
Tier 2: 1 Premium Anchor + 4 Budget (£23.5m-£24.5m),2,[Anchor: Lacroix (CHE £6.0m)] + De Cuyper (BHA £4.5m) + Bogle (LEE £4.5m) + Shaw (MUN £4.5m) + Hume (SUN £4.5m),CHE-BHA-LEE-MUN-SUN,24.0,56.91,51.29,22.2,29.09,2.6,2.67,2.6364,0.0176,True
Tier 2: 1 Premium Anchor + 4 Budget (£23.5m-£24.5m),2,[Anchor: Lacroix (CHE £6.0m)] + De Cuyper (BHA £4.5m) + Bogle (LEE £4.5m) + Shaw (MUN £4.5m) + Robertson (TOT £4.5m),CHE-BHA-LEE-MUN-TOT,24.0,55.02,51.53,21.61,29.91,2.8,2.67,2.7273,-0.0513,False
Tier 2: 1 Premium Anchor + 4 Budget (£23.5m-£24.5m),2,[Anchor: Lacroix (CHE £6.0m)] + De Cuyper (BHA £4.5m) + Bogle (LEE £4.5m) + Hume (SUN £4.5m) + Robertson (TOT £4.5m),CHE-BHA-LEE-SUN-TOT,24.0,55.29,51.68,21.71,29.97,2.8,2.67,2.7273,-0.0513,True
Tier 2: 1 Premium Anchor + 4 Budget (£23.5m-£24.5m),2,[Anchor: Lacroix (CHE £6.0m)] + De Cuyper (BHA £4.5m) + Shaw (MUN £4.5m) + Jair Cunha (NFO £4.5m) + Hume (SUN £4.5m),CHE-BHA-MUN-NFO-SUN,24.0,64.61,54.11,24.61,29.5,2.4,2.67,2.5455,0.0348,True
Tier 2: 1 Premium Anchor + 4 Budget (£23.5m-£24.5m),2,[Anchor: Lacroix (CHE £6.0m)] + De Cuyper (BHA £4.5m) + Shaw (MUN £4.5m) + Jair Cunha (NFO £4.5m) + Robertson (TOT £4.5m),CHE-BHA-MUN-NFO-TOT,24.0,62.61,54.04,24.02,30.03,2.6,2.67,2.6364,-0.1207,False
Tier 2: 1 Premium Anchor + 4 Budget (£23.5m-£24.5m),2,[Anchor: Lacroix (CHE £6.0m)] + De Cuyper (BHA £4.5m) + Shaw (MUN £4.5m) + Hume (SUN £4.5m) + Robertson (TOT £4.5m),CHE-BHA-MUN-SUN-TOT,24.0,60.89,53.72,23.76,29.97,2.6,2.67,2.6364,0.1066,True
Tier 2: 1 Premium Anchor + 4 Budget (£23.5m-£24.5m),2,[Anchor: Lacroix (CHE £6.0m)] + De Cuyper (BHA £4.5m) + Jair Cunha (NFO £4.5m) + Hume (SUN £4.5m) + Robertson (TOT £4.5m),CHE-BHA-NFO-SUN-TOT,24.0,62.88,54.19,24.11,30.08,2.6,2.67,2.6364,-0.1207,True
Tier 2: 1 Premium Anchor + 4 Budget (£23.5m-£24.5m),2,[Anchor: Lacroix (CHE £6.0m)] + Ajer (BRE £4.5m) + Chadi Riad (CRY £4.5m) + Greaves (IPS £4.0m) + Bogle (LEE £4.5m),CHE-BRE-CRY-IPS-LEE,23.5,41.39,45.21,20.05,25.16,2.8,3.0,2.9091,-0.1012,False
Tier 2: 1 Premium Anchor + 4 Budget (£23.5m-£24.5m),2,[Anchor: Lacroix (CHE £6.0m)] + Ajer (BRE £4.5m) + Chadi Riad (CRY £4.5m) + Greaves (IPS £4.0m) + Shaw (MUN £4.5m),CHE-BRE-CRY-IPS-MUN,23.5,53.07,49.24,22.1,27.14,2.6,2.83,2.7273,-0.1067,False
Tier 2: 1 Premium Anchor + 4 Budget (£23.5m-£24.5m),2,[Anchor: Lacroix (CHE £6.0m)] + Ajer (BRE £4.5m) + Chadi Riad (CRY £4.5m) + Greaves (IPS £4.0m) + Jair Cunha (NFO £4.5m),CHE-BRE-CRY-IPS-NFO,23.5,48.27,48.83,22.46,26.38,2.6,3.17,2.9091,0.0393,False
Tier 2: 1 Premium Anchor + 4 Budget (£23.5m-£24.5m),2,[Anchor: Lacroix (CHE £6.0m)] + Ajer (BRE £4.5m) + Chadi Riad (CRY £4.5m) + Bogle (LEE £4.5m) + Shaw (MUN £4.5m),CHE-BRE-CRY-LEE-MUN,24.0,47.43,47.93,20.79,27.14,2.8,2.83,2.8182,-0.1756,False
Tier 2: 1 Premium Anchor + 4 Budget (£23.5m-£24.5m),2,[Anchor: Lacroix (CHE £6.0m)] + Ajer (BRE £4.5m) + Chadi Riad (CRY £4.5m) + Bogle (LEE £4.5m) + Hume (SUN £4.5m),CHE-BRE-CRY-LEE-SUN,24.0,47.74,48.1,20.88,27.22,2.8,2.83,2.8182,-0.1756,True
Tier 2: 1 Premium Anchor + 4 Budget (£23.5m-£24.5m),2,[Anchor: Lacroix (CHE £6.0m)] + Ajer (BRE £4.5m) + Chadi Riad (CRY £4.5m) + Shaw (MUN £4.5m) + Jair Cunha (NFO £4.5m),CHE-BRE-CRY-MUN-NFO,24.0,54.99,50.77,23.19,27.58,2.6,2.83,2.7273,-0.1217,False
Tier 2: 1 Premium Anchor + 4 Budget (£23.5m-£24.5m),2,[Anchor: Lacroix (CHE £6.0m)] + Ajer (BRE £4.5m) + Chadi Riad (CRY £4.5m) + Shaw (MUN £4.5m) + Hume (SUN £4.5m),CHE-BRE-CRY-MUN-SUN,24.0,57.84,51.39,22.93,28.46,2.6,2.67,2.6364,-0.1311,True
Tier 2: 1 Premium Anchor + 4 Budget (£23.5m-£24.5m),2,[Anchor: Lacroix (CHE £6.0m)] + Ajer (BRE £4.5m) + Chadi Riad (CRY £4.5m) + Jair Cunha (NFO £4.5m) + Hume (SUN £4.5m),CHE-BRE-CRY-NFO-SUN,24.0,55.26,50.92,23.29,27.63,2.6,2.83,2.7273,-0.1217,True
Tier 2: 1 Premium Anchor + 4 Budget (£23.5m-£24.5m),2,[Anchor: Lacroix (CHE £6.0m)] + Ajer (BRE £4.5m) + Mykolenko (EVE £4.5m) + Greaves (IPS £4.0m) + Bogle (LEE £4.5m),CHE-BRE-EVE-IPS-LEE,23.5,40.55,44.8,19.89,24.91,2.8,3.0,2.9091,-0.0811,False
Tier 2: 1 Premium Anchor + 4 Budget (£23.5m-£24.5m),2,[Anchor: Lacroix (CHE £6.0m)] + Ajer (BRE £4.5m) + Mykolenko (EVE £4.5m) + Greaves (IPS £4.0m) + Shaw (MUN £4.5m),CHE-BRE-EVE-IPS-MUN,23.5,52.34,49.3,21.94,27.37,2.6,2.83,2.7273,0.0634,False
Tier 2: 1 Premium Anchor + 4 Budget (£23.5m-£24.5m),2,[Anchor: Lacroix (CHE £6.0m)] + Ajer (BRE £4.5m) + Mykolenko (EVE £4.5m) + Greaves (IPS £4.0m) + Jair Cunha (NFO £4.5m),CHE-BRE-EVE-IPS-NFO,23.5,50.35,48.88,22.29,26.58,2.6,3.0,2.8182,-0.0272,False
Tier 2: 1 Premium Anchor + 4 Budget (£23.5m-£24.5m),2,[Anchor: Lacroix (CHE £6.0m)] + Ajer (BRE £4.5m) + Mykolenko (EVE £4.5m) + Bogle (LEE £4.5m) + Shaw (MUN £4.5m),CHE-BRE-EVE-LEE-MUN,24.0,46.7,47.99,20.63,27.37,2.8,2.83,2.8182,-0.0055,False
Tier 2: 1 Premium Anchor + 4 Budget (£23.5m-£24.5m),2,[Anchor: Lacroix (CHE £6.0m)] + Ajer (BRE £4.5m) + Mykolenko (EVE £4.5m) + Bogle (LEE £4.5m) + Hume (SUN £4.5m),CHE-BRE-EVE-LEE-SUN,24.0,47.05,48.19,20.72,27.47,2.8,2.83,2.8182,-0.0055,True
Tier 2: 1 Premium Anchor + 4 Budget (£23.5m-£24.5m),2,[Anchor: Lacroix (CHE £6.0m)] + Ajer (BRE £4.5m) + Mykolenko (EVE £4.5m) + Shaw (MUN £4.5m) + Jair Cunha (NFO £4.5m),CHE-BRE-EVE-MUN-NFO,24.0,54.74,50.86,23.03,27.83,2.6,2.83,2.7273,-0.0382,False
Tier 2: 1 Premium Anchor + 4 Budget (£23.5m-£24.5m),2,[Anchor: Lacroix (CHE £6.0m)] + Ajer (BRE £4.5m) + Mykolenko (EVE £4.5m) + Shaw (MUN £4.5m) + Hume (SUN £4.5m),CHE-BRE-EVE-MUN-SUN,24.0,55.94,51.23,22.77,28.46,2.6,2.67,2.6364,0.189,True
Tier 2: 1 Premium Anchor + 4 Budget (£23.5m-£24.5m),2,[Anchor: Lacroix (CHE £6.0m)] + Ajer (BRE £4.5m) + Mykolenko (EVE £4.5m) + Jair Cunha (NFO £4.5m) + Hume (SUN £4.5m),CHE-BRE-EVE-NFO-SUN,24.0,55.01,51.01,23.13,27.88,2.6,2.83,2.7273,-0.0382,True
Tier 2: 1 Premium Anchor + 4 Budget (£23.5m-£24.5m),2,[Anchor: Lacroix (CHE £6.0m)] + Ajer (BRE £4.5m) + Greaves (IPS £4.0m) + Bogle (LEE £4.5m) + Shaw (MUN £4.5m),CHE-BRE-IPS-LEE-MUN,23.5,50.88,48.11,20.99,27.12,2.6,2.83,2.7273,-0.0811,False
Tier 2: 1 Premium Anchor + 4 Budget (£23.5m-£24.5m),2,[Anchor: Lacroix (CHE £6.0m)] + Ajer (BRE £4.5m) + Greaves (IPS £4.0m) + Shaw (MUN £4.5m) + Jair Cunha (NFO £4.5m),CHE-BRE-IPS-MUN-NFO,23.5,58.49,50.97,23.39,27.58,2.4,2.83,2.6364,-0.0272,False
Tier 2: 1 Premium Anchor + 4 Budget (£23.5m-£24.5m),2,[Anchor: Lacroix (CHE £6.0m)] + Ajer (BRE £4.5m) + Bogle (LEE £4.5m) + Shaw (MUN £4.5m) + Hume (SUN £4.5m),CHE-BRE-LEE-MUN-SUN,24.0,55.19,50.28,21.82,28.46,2.6,2.67,2.6364,-0.0055,True
Tier 2: 1 Premium Anchor + 4 Budget (£23.5m-£24.5m),2,[Anchor: Lacroix (CHE £6.0m)] + Ajer (BRE £4.5m) + Shaw (MUN £4.5m) + Jair Cunha (NFO £4.5m) + Hume (SUN £4.5m),CHE-BRE-MUN-NFO-SUN,24.0,63.15,53.1,24.23,28.87,2.4,2.67,2.5455,-0.0382,True
Tier 2: 1 Premium Anchor + 4 Budget (£23.5m-£24.5m),2,[Anchor: Lacroix (CHE £6.0m)] + Chadi Riad (CRY £4.5m) + Greaves (IPS £4.0m) + Bogle (LEE £4.5m) + Shaw (MUN £4.5m),CHE-CRY-IPS-LEE-MUN,23.5,45.81,46.7,21.11,25.59,2.6,3.0,2.8182,0.0878,False
Tier 2: 1 Premium Anchor + 4 Budget (£23.5m-£24.5m),2,[Anchor: Lacroix (CHE £6.0m)] + Chadi Riad (CRY £4.5m) + Greaves (IPS £4.0m) + Bogle (LEE £4.5m) + Robertson (TOT £4.5m),CHE-CRY-IPS-LEE-TOT,23.5,44.78,47.13,20.61,26.52,2.8,3.0,2.9091,-0.0811,False
Tier 2: 1 Premium Anchor + 4 Budget (£23.5m-£24.5m),2,[Anchor: Lacroix (CHE £6.0m)] + Chadi Riad (CRY £4.5m) + Greaves (IPS £4.0m) + Shaw (MUN £4.5m) + Jair Cunha (NFO £4.5m),CHE-CRY-IPS-MUN-NFO,23.5,52.74,50.35,23.51,26.84,2.4,3.17,2.8182,0.2283,False
Tier 2: 1 Premium Anchor + 4 Budget (£23.5m-£24.5m),2,[Anchor: Lacroix (CHE £6.0m)] + Chadi Riad (CRY £4.5m) + Greaves (IPS £4.0m) + Shaw (MUN £4.5m) + Robertson (TOT £4.5m),CHE-CRY-IPS-MUN-TOT,23.5,55.72,51.16,22.66,28.5,2.6,2.83,2.7273,0.0634,False
Tier 2: 1 Premium Anchor + 4 Budget (£23.5m-£24.5m),2,[Anchor: Lacroix (CHE £6.0m)] + Chadi Riad (CRY £4.5m) + Greaves (IPS £4.0m) + Jair Cunha (NFO £4.5m) + Robertson (TOT £4.5m),CHE-CRY-IPS-NFO-TOT,23.5,52.1,50.76,23.01,27.74,2.6,3.17,2.9091,-0.0272,False
Tier 2: 1 Premium Anchor + 4 Budget (£23.5m-£24.5m),2,[Anchor: Lacroix (CHE £6.0m)] + Chadi Riad (CRY £4.5m) + Bogle (LEE £4.5m) + Shaw (MUN £4.5m) + Hume (SUN £4.5m),CHE-CRY-LEE-MUN-SUN,24.0,51.71,49.61,21.94,27.67,2.6,2.83,2.7273,0.1134,True
Tier 2: 1 Premium Anchor + 4 Budget (£23.5m-£24.5m),2,[Anchor: Lacroix (CHE £6.0m)] + Chadi Riad (CRY £4.5m) + Bogle (LEE £4.5m) + Shaw (MUN £4.5m) + Robertson (TOT £4.5m),CHE-CRY-LEE-MUN-TOT,24.0,50.07,49.85,21.35,28.5,2.8,2.83,2.8182,-0.0055,False
Tier 2: 1 Premium Anchor + 4 Budget (£23.5m-£24.5m),2,[Anchor: Lacroix (CHE £6.0m)] + Chadi Riad (CRY £4.5m) + Bogle (LEE £4.5m) + Hume (SUN £4.5m) + Robertson (TOT £4.5m),CHE-CRY-LEE-SUN-TOT,24.0,50.39,50.02,21.44,28.58,2.8,2.83,2.8182,-0.0055,True
Tier 2: 1 Premium Anchor + 4 Budget (£23.5m-£24.5m),2,[Anchor: Lacroix (CHE £6.0m)] + Chadi Riad (CRY £4.5m) + Shaw (MUN £4.5m) + Jair Cunha (NFO £4.5m) + Hume (SUN £4.5m),CHE-CRY-MUN-NFO-SUN,24.0,59.27,52.45,24.34,28.11,2.4,2.83,2.6364,0.1673,True
Tier 2: 1 Premium Anchor + 4 Budget (£23.5m-£24.5m),2,[Anchor: Lacroix (CHE £6.0m)] + Chadi Riad (CRY £4.5m) + Shaw (MUN £4.5m) + Jair Cunha (NFO £4.5m) + Robertson (TOT £4.5m),CHE-CRY-MUN-NFO-TOT,24.0,58.07,52.69,23.75,28.94,2.6,2.83,2.7273,-0.0382,False
Tier 2: 1 Premium Anchor + 4 Budget (£23.5m-£24.5m),2,[Anchor: Lacroix (CHE £6.0m)] + Chadi Riad (CRY £4.5m) + Shaw (MUN £4.5m) + Hume (SUN £4.5m) + Robertson (TOT £4.5m),CHE-CRY-MUN-SUN-TOT,24.0,55.81,52.07,23.49,28.58,2.6,2.83,2.7273,0.189,True
Tier 2: 1 Premium Anchor + 4 Budget (£23.5m-£24.5m),2,[Anchor: Lacroix (CHE £6.0m)] + Chadi Riad (CRY £4.5m) + Jair Cunha (NFO £4.5m) + Hume (SUN £4.5m) + Robertson (TOT £4.5m),CHE-CRY-NFO-SUN-TOT,24.0,58.34,52.84,23.85,28.99,2.6,2.83,2.7273,-0.0382,True
Tier 2: 1 Premium Anchor + 4 Budget (£23.5m-£24.5m),2,[Anchor: Lacroix (CHE £6.0m)] + Mykolenko (EVE £4.5m) + Greaves (IPS £4.0m) + Bogle (LEE £4.5m) + Shaw (MUN £4.5m),CHE-EVE-IPS-LEE-MUN,23.5,43.47,46.29,20.94,25.35,2.6,3.0,2.8182,0.4079,False
Tier 2: 1 Premium Anchor + 4 Budget (£23.5m-£24.5m),2,[Anchor: Lacroix (CHE £6.0m)] + Mykolenko (EVE £4.5m) + Greaves (IPS £4.0m) + Bogle (LEE £4.5m) + Robertson (TOT £4.5m),CHE-EVE-IPS-LEE-TOT,23.5,42.44,46.73,20.45,26.28,2.8,3.0,2.9091,0.239,False
Tier 2: 1 Premium Anchor + 4 Budget (£23.5m-£24.5m),2,[Anchor: Lacroix (CHE £6.0m)] + Mykolenko (EVE £4.5m) + Greaves (IPS £4.0m) + Shaw (MUN £4.5m) + Jair Cunha (NFO £4.5m),CHE-EVE-IPS-MUN-NFO,23.5,53.28,50.36,23.35,27.02,2.4,3.0,2.7273,0.4618,False
Tier 2: 1 Premium Anchor + 4 Budget (£23.5m-£24.5m),2,[Anchor: Lacroix (CHE £6.0m)] + Mykolenko (EVE £4.5m) + Greaves (IPS £4.0m) + Shaw (MUN £4.5m) + Robertson (TOT £4.5m),CHE-EVE-IPS-MUN-TOT,23.5,53.03,50.98,22.5,28.48,2.6,2.83,2.7273,0.5335,False
Tier 2: 1 Premium Anchor + 4 Budget (£23.5m-£24.5m),2,[Anchor: Lacroix (CHE £6.0m)] + Mykolenko (EVE £4.5m) + Greaves (IPS £4.0m) + Jair Cunha (NFO £4.5m) + Robertson (TOT £4.5m),CHE-EVE-IPS-NFO-TOT,23.5,52.68,50.8,22.85,27.95,2.6,3.0,2.8182,0.2062,False
Tier 2: 1 Premium Anchor + 4 Budget (£23.5m-£24.5m),2,[Anchor: Lacroix (CHE £6.0m)] + Mykolenko (EVE £4.5m) + Bogle (LEE £4.5m) + Shaw (MUN £4.5m) + Hume (SUN £4.5m),CHE-EVE-LEE-MUN-SUN,24.0,49.02,49.43,21.78,27.65,2.6,2.83,2.7273,0.5835,True
Tier 2: 1 Premium Anchor + 4 Budget (£23.5m-£24.5m),2,[Anchor: Lacroix (CHE £6.0m)] + Mykolenko (EVE £4.5m) + Bogle (LEE £4.5m) + Shaw (MUN £4.5m) + Robertson (TOT £4.5m),CHE-EVE-LEE-MUN-TOT,24.0,47.39,49.66,21.19,28.48,2.8,2.83,2.8182,0.4646,False
Tier 2: 1 Premium Anchor + 4 Budget (£23.5m-£24.5m),2,[Anchor: Lacroix (CHE £6.0m)] + Mykolenko (EVE £4.5m) + Bogle (LEE £4.5m) + Hume (SUN £4.5m) + Robertson (TOT £4.5m),CHE-EVE-LEE-SUN-TOT,24.0,47.74,49.86,21.28,28.58,2.8,2.83,2.8182,0.4646,True
Tier 2: 1 Premium Anchor + 4 Budget (£23.5m-£24.5m),2,[Anchor: Lacroix (CHE £6.0m)] + Mykolenko (EVE £4.5m) + Shaw (MUN £4.5m) + Jair Cunha (NFO £4.5m) + Hume (SUN £4.5m),CHE-EVE-MUN-NFO-SUN,24.0,57.06,52.29,24.18,28.11,2.4,2.83,2.6364,0.5507,True
Tier 2: 1 Premium Anchor + 4 Budget (£23.5m-£24.5m),2,[Anchor: Lacroix (CHE £6.0m)] + Mykolenko (EVE £4.5m) + Shaw (MUN £4.5m) + Jair Cunha (NFO £4.5m) + Robertson (TOT £4.5m),CHE-EVE-MUN-NFO-TOT,24.0,55.86,52.53,23.59,28.94,2.6,2.83,2.7273,0.3452,False
Tier 2: 1 Premium Anchor + 4 Budget (£23.5m-£24.5m),2,[Anchor: Lacroix (CHE £6.0m)] + Mykolenko (EVE £4.5m) + Shaw (MUN £4.5m) + Hume (SUN £4.5m) + Robertson (TOT £4.5m),CHE-EVE-MUN-SUN-TOT,24.0,52.41,51.91,23.33,28.58,2.6,2.83,2.7273,0.8091,True
Tier 2: 1 Premium Anchor + 4 Budget (£23.5m-£24.5m),2,[Anchor: Lacroix (CHE £6.0m)] + Mykolenko (EVE £4.5m) + Jair Cunha (NFO £4.5m) + Hume (SUN £4.5m) + Robertson (TOT £4.5m),CHE-EVE-NFO-SUN-TOT,24.0,56.13,52.68,23.69,28.99,2.6,2.83,2.7273,0.3452,True
Tier 2: 1 Premium Anchor + 4 Budget (£23.5m-£24.5m),2,[Anchor: Lacroix (CHE £6.0m)] + Greaves (IPS £4.0m) + Bogle (LEE £4.5m) + Shaw (MUN £4.5m) + Robertson (TOT £4.5m),CHE-IPS-LEE-MUN-TOT,23.5,52.78,50.03,21.55,28.48,2.6,2.83,2.7273,0.239,False
Tier 2: 1 Premium Anchor + 4 Budget (£23.5m-£24.5m),2,[Anchor: Lacroix (CHE £6.0m)] + Greaves (IPS £4.0m) + Shaw (MUN £4.5m) + Jair Cunha (NFO £4.5m) + Robertson (TOT £4.5m),CHE-IPS-MUN-NFO-TOT,23.5,60.82,52.89,23.95,28.94,2.4,2.83,2.6364,0.2062,False
Tier 2: 1 Premium Anchor + 4 Budget (£23.5m-£24.5m),2,[Anchor: Lacroix (CHE £6.0m)] + Bogle (LEE £4.5m) + Shaw (MUN £4.5m) + Hume (SUN £4.5m) + Robertson (TOT £4.5m),CHE-LEE-MUN-SUN-TOT,24.0,52.41,50.96,22.38,28.58,2.6,2.83,2.7273,0.4646,True
Tier 2: 1 Premium Anchor + 4 Budget (£23.5m-£24.5m),2,[Anchor: Lacroix (CHE £6.0m)] + Shaw (MUN £4.5m) + Jair Cunha (NFO £4.5m) + Hume (SUN £4.5m) + Robertson (TOT £4.5m),CHE-MUN-NFO-SUN-TOT,24.0,60.8,53.78,24.79,28.99,2.4,2.83,2.6364,0.3452,True
Tier 2: 1 Premium Anchor + 4 Budget (£23.5m-£24.5m),2,[Anchor: Muñoz (CRY £5.5m)] + Maatsen (AVL £4.5m) + Ajer (BRE £4.5m) + Hato (CHE £4.5m) + Bogle (LEE £4.5m),CRY-AVL-BRE-CHE-LEE,23.5,41.26,44.93,18.64,26.29,3.0,2.67,2.8182,-0.0451,False
Tier 2: 1 Premium Anchor + 4 Budget (£23.5m-£24.5m),2,[Anchor: Muñoz (CRY £5.5m)] + Maatsen (AVL £4.5m) + Ajer (BRE £4.5m) + Hato (CHE £4.5m) + Shaw (MUN £4.5m),CRY-AVL-BRE-CHE-MUN,23.5,52.29,48.22,20.69,27.53,2.8,2.5,2.6364,-0.1872,False
Tier 2: 1 Premium Anchor + 4 Budget (£23.5m-£24.5m),2,[Anchor: Muñoz (CRY £5.5m)] + Maatsen (AVL £4.5m) + Ajer (BRE £4.5m) + Hato (CHE £4.5m) + Jair Cunha (NFO £4.5m),CRY-AVL-BRE-CHE-NFO,23.5,47.78,47.33,21.05,26.29,2.8,2.67,2.7273,0.0588,False
Tier 2: 1 Premium Anchor + 4 Budget (£23.5m-£24.5m),2,[Anchor: Muñoz (CRY £5.5m)] + Maatsen (AVL £4.5m) + Ajer (BRE £4.5m) + Hato (CHE £4.5m) + Hume (SUN £4.5m),CRY-AVL-BRE-CHE-SUN,23.5,52.56,48.37,20.79,27.58,2.8,2.5,2.6364,-0.1872,True
Tier 2: 1 Premium Anchor + 4 Budget (£23.5m-£24.5m),2,[Anchor: Muñoz (CRY £5.5m)] + Maatsen (AVL £4.5m) + Ajer (BRE £4.5m) + Bogle (LEE £4.5m) + Shaw (MUN £4.5m),CRY-AVL-BRE-LEE-MUN,23.5,49.53,48.1,20.63,27.47,2.8,2.67,2.7273,-0.0134,False
Tier 2: 1 Premium Anchor + 4 Budget (£23.5m-£24.5m),2,[Anchor: Muñoz (CRY £5.5m)] + Maatsen (AVL £4.5m) + Ajer (BRE £4.5m) + Bogle (LEE £4.5m) + Hume (SUN £4.5m),CRY-AVL-BRE-LEE-SUN,23.5,49.8,48.25,20.73,27.52,2.8,2.67,2.7273,-0.0134,True
Tier 2: 1 Premium Anchor + 4 Budget (£23.5m-£24.5m),2,[Anchor: Muñoz (CRY £5.5m)] + Maatsen (AVL £4.5m) + Ajer (BRE £4.5m) + Shaw (MUN £4.5m) + Jair Cunha (NFO £4.5m),CRY-AVL-BRE-MUN-NFO,23.5,55.88,50.5,23.04,27.47,2.6,2.67,2.6364,0.1232,False
Tier 2: 1 Premium Anchor + 4 Budget (£23.5m-£24.5m),2,[Anchor: Muñoz (CRY £5.5m)] + Maatsen (AVL £4.5m) + Ajer (BRE £4.5m) + Shaw (MUN £4.5m) + Hume (SUN £4.5m),CRY-AVL-BRE-MUN-SUN,23.5,60.8,51.54,22.78,28.76,2.6,2.5,2.5455,-0.15,True
Tier 2: 1 Premium Anchor + 4 Budget (£23.5m-£24.5m),2,[Anchor: Muñoz (CRY £5.5m)] + Maatsen (AVL £4.5m) + Ajer (BRE £4.5m) + Jair Cunha (NFO £4.5m) + Hume (SUN £4.5m),CRY-AVL-BRE-NFO-SUN,23.5,56.16,50.65,23.13,27.52,2.6,2.67,2.6364,0.1232,True
Tier 2: 1 Premium Anchor + 4 Budget (£23.5m-£24.5m),2,[Anchor: Muñoz (CRY £5.5m)] + Maatsen (AVL £4.5m) + Hato (CHE £4.5m) + Bogle (LEE £4.5m) + Shaw (MUN £4.5m),CRY-AVL-CHE-LEE-MUN,23.5,47.05,46.42,19.7,26.72,2.8,2.67,2.7273,-0.1293,False
Tier 2: 1 Premium Anchor + 4 Budget (£23.5m-£24.5m),2,[Anchor: Muñoz (CRY £5.5m)] + Maatsen (AVL £4.5m) + Hato (CHE £4.5m) + Bogle (LEE £4.5m) + Hume (SUN £4.5m),CRY-AVL-CHE-LEE-SUN,23.5,47.41,46.61,19.79,26.82,2.8,2.67,2.7273,-0.1293,True
Tier 2: 1 Premium Anchor + 4 Budget (£23.5m-£24.5m),2,[Anchor: Muñoz (CRY £5.5m)] + Maatsen (AVL £4.5m) + Hato (CHE £4.5m) + Bogle (LEE £4.5m) + Robertson (TOT £4.5m),CRY-AVL-CHE-LEE-TOT,23.5,45.52,46.85,19.2,27.65,3.0,2.67,2.8182,-0.1982,False
Tier 2: 1 Premium Anchor + 4 Budget (£23.5m-£24.5m),2,[Anchor: Muñoz (CRY £5.5m)] + Maatsen (AVL £4.5m) + Hato (CHE £4.5m) + Shaw (MUN £4.5m) + Jair Cunha (NFO £4.5m),CRY-AVL-CHE-MUN-NFO,23.5,54.41,49.28,22.1,27.18,2.6,2.67,2.6364,-0.0254,False
Tier 2: 1 Premium Anchor + 4 Budget (£23.5m-£24.5m),2,[Anchor: Muñoz (CRY £5.5m)] + Maatsen (AVL £4.5m) + Hato (CHE £4.5m) + Shaw (MUN £4.5m) + Hume (SUN £4.5m),CRY-AVL-CHE-MUN-SUN,23.5,55.66,49.84,21.84,28.0,2.6,2.67,2.6364,-0.0714,True
Tier 2: 1 Premium Anchor + 4 Budget (£23.5m-£24.5m),2,[Anchor: Muñoz (CRY £5.5m)] + Maatsen (AVL £4.5m) + Hato (CHE £4.5m) + Shaw (MUN £4.5m) + Robertson (TOT £4.5m),CRY-AVL-CHE-MUN-TOT,23.5,54.02,50.08,21.25,28.83,2.8,2.67,2.7273,-0.1903,False
Tier 2: 1 Premium Anchor + 4 Budget (£23.5m-£24.5m),2,[Anchor: Muñoz (CRY £5.5m)] + Maatsen (AVL £4.5m) + Hato (CHE £4.5m) + Jair Cunha (NFO £4.5m) + Hume (SUN £4.5m),CRY-AVL-CHE-NFO-SUN,23.5,54.68,49.43,22.2,27.23,2.6,2.67,2.6364,-0.0254,True
Tier 2: 1 Premium Anchor + 4 Budget (£23.5m-£24.5m),2,[Anchor: Muñoz (CRY £5.5m)] + Maatsen (AVL £4.5m) + Hato (CHE £4.5m) + Jair Cunha (NFO £4.5m) + Robertson (TOT £4.5m),CRY-AVL-CHE-NFO-TOT,23.5,52.68,49.37,21.61,27.76,2.8,2.67,2.7273,-0.1809,False
Tier 2: 1 Premium Anchor + 4 Budget (£23.5m-£24.5m),2,[Anchor: Muñoz (CRY £5.5m)] + Maatsen (AVL £4.5m) + Hato (CHE £4.5m) + Hume (SUN £4.5m) + Robertson (TOT £4.5m),CRY-AVL-CHE-SUN-TOT,23.5,54.29,50.23,21.35,28.88,2.8,2.67,2.7273,-0.1903,True
Tier 2: 1 Premium Anchor + 4 Budget (£23.5m-£24.5m),2,[Anchor: Muñoz (CRY £5.5m)] + Maatsen (AVL £4.5m) + Bogle (LEE £4.5m) + Shaw (MUN £4.5m) + Hume (SUN £4.5m),CRY-AVL-LEE-MUN-SUN,23.5,55.62,49.78,21.78,28.0,2.6,2.67,2.6364,-0.0866,True
Tier 2: 1 Premium Anchor + 4 Budget (£23.5m-£24.5m),2,[Anchor: Muñoz (CRY £5.5m)] + Maatsen (AVL £4.5m) + Bogle (LEE £4.5m) + Shaw (MUN £4.5m) + Robertson (TOT £4.5m),CRY-AVL-LEE-MUN-TOT,23.5,53.89,50.02,21.19,28.83,2.8,2.67,2.7273,-0.1866,False
Tier 2: 1 Premium Anchor + 4 Budget (£23.5m-£24.5m),2,[Anchor: Muñoz (CRY £5.5m)] + Maatsen (AVL £4.5m) + Bogle (LEE £4.5m) + Hume (SUN £4.5m) + Robertson (TOT £4.5m),CRY-AVL-LEE-SUN-TOT,23.5,54.16,50.17,21.28,28.88,2.8,2.67,2.7273,-0.1866,True
Tier 2: 1 Premium Anchor + 4 Budget (£23.5m-£24.5m),2,[Anchor: Muñoz (CRY £5.5m)] + Maatsen (AVL £4.5m) + Shaw (MUN £4.5m) + Jair Cunha (NFO £4.5m) + Hume (SUN £4.5m),CRY-AVL-MUN-NFO-SUN,23.5,62.73,52.6,24.19,28.41,2.4,2.67,2.5455,0.05,True
Tier 2: 1 Premium Anchor + 4 Budget (£23.5m-£24.5m),2,[Anchor: Muñoz (CRY £5.5m)] + Maatsen (AVL £4.5m) + Shaw (MUN £4.5m) + Jair Cunha (NFO £4.5m) + Robertson (TOT £4.5m),CRY-AVL-MUN-NFO-TOT,23.5,60.88,52.54,23.59,28.94,2.6,2.67,2.6364,-0.1366,False
Tier 2: 1 Premium Anchor + 4 Budget (£23.5m-£24.5m),2,[Anchor: Muñoz (CRY £5.5m)] + Maatsen (AVL £4.5m) + Shaw (MUN £4.5m) + Hume (SUN £4.5m) + Robertson (TOT £4.5m),CRY-AVL-MUN-SUN-TOT,23.5,60.48,52.22,23.33,28.88,2.6,2.67,2.6364,-0.1732,True
Tier 2: 1 Premium Anchor + 4 Budget (£23.5m-£24.5m),2,[Anchor: Muñoz (CRY £5.5m)] + Maatsen (AVL £4.5m) + Jair Cunha (NFO £4.5m) + Hume (SUN £4.5m) + Robertson (TOT £4.5m),CRY-AVL-NFO-SUN-TOT,23.5,61.15,52.69,23.69,29.0,2.6,2.67,2.6364,-0.1366,True
Tier 2: 1 Premium Anchor + 4 Budget (£23.5m-£24.5m),2,[Anchor: Muñoz (CRY £5.5m)] + De Cuyper (BHA £4.5m) + Ajer (BRE £4.5m) + Hato (CHE £4.5m) + Bogle (LEE £4.5m),CRY-BHA-BRE-CHE-LEE,23.5,40.86,44.71,18.68,26.03,3.0,2.67,2.8182,-0.0451,False
Tier 2: 1 Premium Anchor + 4 Budget (£23.5m-£24.5m),2,[Anchor: Muñoz (CRY £5.5m)] + De Cuyper (BHA £4.5m) + Ajer (BRE £4.5m) + Hato (CHE £4.5m) + Shaw (MUN £4.5m),CRY-BHA-BRE-CHE-MUN,23.5,51.89,48.0,20.73,27.27,2.8,2.5,2.6364,-0.1872,False
Tier 2: 1 Premium Anchor + 4 Budget (£23.5m-£24.5m),2,[Anchor: Muñoz (CRY £5.5m)] + De Cuyper (BHA £4.5m) + Ajer (BRE £4.5m) + Hato (CHE £4.5m) + Jair Cunha (NFO £4.5m),CRY-BHA-BRE-CHE-NFO,23.5,47.38,47.11,21.09,26.03,2.8,2.67,2.7273,0.0588,False
Tier 2: 1 Premium Anchor + 4 Budget (£23.5m-£24.5m),2,[Anchor: Muñoz (CRY £5.5m)] + De Cuyper (BHA £4.5m) + Ajer (BRE £4.5m) + Hato (CHE £4.5m) + Hume (SUN £4.5m),CRY-BHA-BRE-CHE-SUN,23.5,52.16,48.15,20.83,27.32,2.8,2.5,2.6364,-0.1872,True
Tier 2: 1 Premium Anchor + 4 Budget (£23.5m-£24.5m),2,[Anchor: Muñoz (CRY £5.5m)] + De Cuyper (BHA £4.5m) + Ajer (BRE £4.5m) + Bogle (LEE £4.5m) + Shaw (MUN £4.5m),CRY-BHA-BRE-LEE-MUN,23.5,49.13,47.88,20.67,27.21,2.8,2.67,2.7273,-0.0134,False
Tier 2: 1 Premium Anchor + 4 Budget (£23.5m-£24.5m),2,[Anchor: Muñoz (CRY £5.5m)] + De Cuyper (BHA £4.5m) + Ajer (BRE £4.5m) + Bogle (LEE £4.5m) + Hume (SUN £4.5m),CRY-BHA-BRE-LEE-SUN,23.5,49.4,48.02,20.77,27.26,2.8,2.67,2.7273,-0.0134,True
Tier 2: 1 Premium Anchor + 4 Budget (£23.5m-£24.5m),2,[Anchor: Muñoz (CRY £5.5m)] + De Cuyper (BHA £4.5m) + Ajer (BRE £4.5m) + Shaw (MUN £4.5m) + Jair Cunha (NFO £4.5m),CRY-BHA-BRE-MUN-NFO,23.5,55.48,50.28,23.08,27.21,2.6,2.67,2.6364,0.1232,False
Tier 2: 1 Premium Anchor + 4 Budget (£23.5m-£24.5m),2,[Anchor: Muñoz (CRY £5.5m)] + De Cuyper (BHA £4.5m) + Ajer (BRE £4.5m) + Shaw (MUN £4.5m) + Hume (SUN £4.5m),CRY-BHA-BRE-MUN-SUN,23.5,60.4,51.32,22.81,28.5,2.6,2.5,2.5455,-0.15,True
Tier 2: 1 Premium Anchor + 4 Budget (£23.5m-£24.5m),2,[Anchor: Muñoz (CRY £5.5m)] + De Cuyper (BHA £4.5m) + Ajer (BRE £4.5m) + Jair Cunha (NFO £4.5m) + Hume (SUN £4.5m),CRY-BHA-BRE-NFO-SUN,23.5,55.75,50.43,23.17,27.26,2.6,2.67,2.6364,0.1232,True
Tier 2: 1 Premium Anchor + 4 Budget (£23.5m-£24.5m),2,[Anchor: Muñoz (CRY £5.5m)] + De Cuyper (BHA £4.5m) + Hato (CHE £4.5m) + Bogle (LEE £4.5m) + Shaw (MUN £4.5m),CRY-BHA-CHE-LEE-MUN,23.5,46.65,46.2,19.74,26.46,2.8,2.67,2.7273,-0.1293,False
Tier 2: 1 Premium Anchor + 4 Budget (£23.5m-£24.5m),2,[Anchor: Muñoz (CRY £5.5m)] + De Cuyper (BHA £4.5m) + Hato (CHE £4.5m) + Bogle (LEE £4.5m) + Hume (SUN £4.5m),CRY-BHA-CHE-LEE-SUN,23.5,47.01,46.39,19.83,26.56,2.8,2.67,2.7273,-0.1293,True
Tier 2: 1 Premium Anchor + 4 Budget (£23.5m-£24.5m),2,[Anchor: Muñoz (CRY £5.5m)] + De Cuyper (BHA £4.5m) + Hato (CHE £4.5m) + Bogle (LEE £4.5m) + Robertson (TOT £4.5m),CRY-BHA-CHE-LEE-TOT,23.5,45.12,46.63,19.24,27.39,3.0,2.67,2.8182,-0.1982,False
Tier 2: 1 Premium Anchor + 4 Budget (£23.5m-£24.5m),2,[Anchor: Muñoz (CRY £5.5m)] + De Cuyper (BHA £4.5m) + Hato (CHE £4.5m) + Shaw (MUN £4.5m) + Jair Cunha (NFO £4.5m),CRY-BHA-CHE-MUN-NFO,23.5,54.01,49.06,22.14,26.92,2.6,2.67,2.6364,-0.0254,False
Tier 2: 1 Premium Anchor + 4 Budget (£23.5m-£24.5m),2,[Anchor: Muñoz (CRY £5.5m)] + De Cuyper (BHA £4.5m) + Hato (CHE £4.5m) + Shaw (MUN £4.5m) + Hume (SUN £4.5m),CRY-BHA-CHE-MUN-SUN,23.5,55.26,49.62,21.88,27.74,2.6,2.67,2.6364,-0.0714,True
Tier 2: 1 Premium Anchor + 4 Budget (£23.5m-£24.5m),2,[Anchor: Muñoz (CRY £5.5m)] + De Cuyper (BHA £4.5m) + Hato (CHE £4.5m) + Shaw (MUN £4.5m) + Robertson (TOT £4.5m),CRY-BHA-CHE-MUN-TOT,23.5,53.62,49.86,21.29,28.57,2.8,2.67,2.7273,-0.1903,False
Tier 2: 1 Premium Anchor + 4 Budget (£23.5m-£24.5m),2,[Anchor: Muñoz (CRY £5.5m)] + De Cuyper (BHA £4.5m) + Hato (CHE £4.5m) + Jair Cunha (NFO £4.5m) + Hume (SUN £4.5m),CRY-BHA-CHE-NFO-SUN,23.5,54.28,49.21,22.24,26.97,2.6,2.67,2.6364,-0.0254,True
Tier 2: 1 Premium Anchor + 4 Budget (£23.5m-£24.5m),2,[Anchor: Muñoz (CRY £5.5m)] + De Cuyper (BHA £4.5m) + Hato (CHE £4.5m) + Jair Cunha (NFO £4.5m) + Robertson (TOT £4.5m),CRY-BHA-CHE-NFO-TOT,23.5,52.28,49.15,21.65,27.5,2.8,2.67,2.7273,-0.1809,False
Tier 2: 1 Premium Anchor + 4 Budget (£23.5m-£24.5m),2,[Anchor: Muñoz (CRY £5.5m)] + De Cuyper (BHA £4.5m) + Hato (CHE £4.5m) + Hume (SUN £4.5m) + Robertson (TOT £4.5m),CRY-BHA-CHE-SUN-TOT,23.5,53.89,50.01,21.39,28.62,2.8,2.67,2.7273,-0.1903,True
Tier 2: 1 Premium Anchor + 4 Budget (£23.5m-£24.5m),2,[Anchor: Muñoz (CRY £5.5m)] + De Cuyper (BHA £4.5m) + Bogle (LEE £4.5m) + Shaw (MUN £4.5m) + Hume (SUN £4.5m),CRY-BHA-LEE-MUN-SUN,23.5,55.22,49.56,21.82,27.74,2.6,2.67,2.6364,-0.0866,True
Tier 2: 1 Premium Anchor + 4 Budget (£23.5m-£24.5m),2,[Anchor: Muñoz (CRY £5.5m)] + De Cuyper (BHA £4.5m) + Bogle (LEE £4.5m) + Shaw (MUN £4.5m) + Robertson (TOT £4.5m),CRY-BHA-LEE-MUN-TOT,23.5,53.49,49.8,21.23,28.57,2.8,2.67,2.7273,-0.1866,False
Tier 2: 1 Premium Anchor + 4 Budget (£23.5m-£24.5m),2,[Anchor: Muñoz (CRY £5.5m)] + De Cuyper (BHA £4.5m) + Bogle (LEE £4.5m) + Hume (SUN £4.5m) + Robertson (TOT £4.5m),CRY-BHA-LEE-SUN-TOT,23.5,53.76,49.95,21.32,28.62,2.8,2.67,2.7273,-0.1866,True
Tier 2: 1 Premium Anchor + 4 Budget (£23.5m-£24.5m),2,[Anchor: Muñoz (CRY £5.5m)] + De Cuyper (BHA £4.5m) + Shaw (MUN £4.5m) + Jair Cunha (NFO £4.5m) + Hume (SUN £4.5m),CRY-BHA-MUN-NFO-SUN,23.5,62.33,52.38,24.22,28.15,2.4,2.67,2.5455,0.05,True
Tier 2: 1 Premium Anchor + 4 Budget (£23.5m-£24.5m),2,[Anchor: Muñoz (CRY £5.5m)] + De Cuyper (BHA £4.5m) + Shaw (MUN £4.5m) + Jair Cunha (NFO £4.5m) + Robertson (TOT £4.5m),CRY-BHA-MUN-NFO-TOT,23.5,60.48,52.32,23.63,28.68,2.6,2.67,2.6364,-0.1366,False
Tier 2: 1 Premium Anchor + 4 Budget (£23.5m-£24.5m),2,[Anchor: Muñoz (CRY £5.5m)] + De Cuyper (BHA £4.5m) + Shaw (MUN £4.5m) + Hume (SUN £4.5m) + Robertson (TOT £4.5m),CRY-BHA-MUN-SUN-TOT,23.5,60.08,52.0,23.37,28.62,2.6,2.67,2.6364,-0.1732,True
Tier 2: 1 Premium Anchor + 4 Budget (£23.5m-£24.5m),2,[Anchor: Muñoz (CRY £5.5m)] + De Cuyper (BHA £4.5m) + Jair Cunha (NFO £4.5m) + Hume (SUN £4.5m) + Robertson (TOT £4.5m),CRY-BHA-NFO-SUN-TOT,23.5,60.75,52.46,23.73,28.74,2.6,2.67,2.6364,-0.1366,True
Tier 2: 1 Premium Anchor + 4 Budget (£23.5m-£24.5m),2,[Anchor: Muñoz (CRY £5.5m)] + Ajer (BRE £4.5m) + Hato (CHE £4.5m) + Bogle (LEE £4.5m) + Shaw (MUN £4.5m),CRY-BRE-CHE-LEE-MUN,23.5,45.06,45.19,19.36,25.83,2.8,2.67,2.7273,-0.1756,False
Tier 2: 1 Premium Anchor + 4 Budget (£23.5m-£24.5m),2,[Anchor: Muñoz (CRY £5.5m)] + Ajer (BRE £4.5m) + Hato (CHE £4.5m) + Bogle (LEE £4.5m) + Hume (SUN £4.5m),CRY-BRE-CHE-LEE-SUN,23.5,45.41,45.39,19.45,25.93,2.8,2.67,2.7273,-0.1756,True
Tier 2: 1 Premium Anchor + 4 Budget (£23.5m-£24.5m),2,[Anchor: Muñoz (CRY £5.5m)] + Ajer (BRE £4.5m) + Hato (CHE £4.5m) + Shaw (MUN £4.5m) + Jair Cunha (NFO £4.5m),CRY-BRE-CHE-MUN-NFO,23.5,52.66,48.06,21.76,26.29,2.6,2.67,2.6364,-0.1217,False
Tier 2: 1 Premium Anchor + 4 Budget (£23.5m-£24.5m),2,[Anchor: Muñoz (CRY £5.5m)] + Ajer (BRE £4.5m) + Hato (CHE £4.5m) + Shaw (MUN £4.5m) + Hume (SUN £4.5m),CRY-BRE-CHE-MUN-SUN,23.5,53.73,48.62,21.5,27.11,2.6,2.67,2.6364,-0.1311,True
Tier 2: 1 Premium Anchor + 4 Budget (£23.5m-£24.5m),2,[Anchor: Muñoz (CRY £5.5m)] + Ajer (BRE £4.5m) + Hato (CHE £4.5m) + Jair Cunha (NFO £4.5m) + Hume (SUN £4.5m),CRY-BRE-CHE-NFO-SUN,23.5,52.93,48.2,21.86,26.35,2.6,2.67,2.6364,-0.1217,True
Tier 2: 1 Premium Anchor + 4 Budget (£23.5m-£24.5m),2,[Anchor: Muñoz (CRY £5.5m)] + Ajer (BRE £4.5m) + Bogle (LEE £4.5m) + Shaw (MUN £4.5m) + Hume (SUN £4.5m),CRY-BRE-LEE-MUN-SUN,23.5,53.71,48.55,21.44,27.11,2.6,2.67,2.6364,-0.15,True
Tier 2: 1 Premium Anchor + 4 Budget (£23.5m-£24.5m),2,[Anchor: Muñoz (CRY £5.5m)] + Ajer (BRE £4.5m) + Shaw (MUN £4.5m) + Jair Cunha (NFO £4.5m) + Hume (SUN £4.5m),CRY-BRE-MUN-NFO-SUN,23.5,61.07,51.37,23.84,27.53,2.4,2.67,2.5455,-0.0634,True
Tier 2: 1 Premium Anchor + 4 Budget (£23.5m-£24.5m),2,[Anchor: Muñoz (CRY £5.5m)] + Hato (CHE £4.5m) + Bogle (LEE £4.5m) + Shaw (MUN £4.5m) + Hume (SUN £4.5m),CRY-CHE-LEE-MUN-SUN,23.5,47.56,46.81,20.51,26.3,2.6,2.83,2.7273,0.1134,True
Tier 2: 1 Premium Anchor + 4 Budget (£23.5m-£24.5m),2,[Anchor: Muñoz (CRY £5.5m)] + Hato (CHE £4.5m) + Bogle (LEE £4.5m) + Shaw (MUN £4.5m) + Robertson (TOT £4.5m),CRY-CHE-LEE-MUN-TOT,23.5,45.92,47.05,19.92,27.13,2.8,2.83,2.8182,-0.0055,False
Tier 2: 1 Premium Anchor + 4 Budget (£23.5m-£24.5m),2,[Anchor: Muñoz (CRY £5.5m)] + Hato (CHE £4.5m) + Bogle (LEE £4.5m) + Hume (SUN £4.5m) + Robertson (TOT £4.5m),CRY-CHE-LEE-SUN-TOT,23.5,46.27,47.24,20.01,27.23,2.8,2.83,2.8182,-0.0055,True
Tier 2: 1 Premium Anchor + 4 Budget (£23.5m-£24.5m),2,[Anchor: Muñoz (CRY £5.5m)] + Hato (CHE £4.5m) + Shaw (MUN £4.5m) + Jair Cunha (NFO £4.5m) + Hume (SUN £4.5m),CRY-CHE-MUN-NFO-SUN,23.5,55.16,49.68,22.91,26.76,2.4,2.83,2.6364,0.1673,True
Tier 2: 1 Premium Anchor + 4 Budget (£23.5m-£24.5m),2,[Anchor: Muñoz (CRY £5.5m)] + Hato (CHE £4.5m) + Shaw (MUN £4.5m) + Jair Cunha (NFO £4.5m) + Robertson (TOT £4.5m),CRY-CHE-MUN-NFO-TOT,23.5,53.96,49.91,22.32,27.59,2.6,2.83,2.7273,-0.0382,False
Tier 2: 1 Premium Anchor + 4 Budget (£23.5m-£24.5m),2,[Anchor: Muñoz (CRY £5.5m)] + Hato (CHE £4.5m) + Shaw (MUN £4.5m) + Hume (SUN £4.5m) + Robertson (TOT £4.5m),CRY-CHE-MUN-SUN-TOT,23.5,51.69,49.29,22.06,27.23,2.6,2.83,2.7273,0.189,True
Tier 2: 1 Premium Anchor + 4 Budget (£23.5m-£24.5m),2,[Anchor: Muñoz (CRY £5.5m)] + Hato (CHE £4.5m) + Jair Cunha (NFO £4.5m) + Hume (SUN £4.5m) + Robertson (TOT £4.5m),CRY-CHE-NFO-SUN-TOT,23.5,54.23,50.06,22.42,27.65,2.6,2.83,2.7273,-0.0382,True
Tier 2: 1 Premium Anchor + 4 Budget (£23.5m-£24.5m),2,[Anchor: Muñoz (CRY £5.5m)] + Bogle (LEE £4.5m) + Shaw (MUN £4.5m) + Hume (SUN £4.5m) + Robertson (TOT £4.5m),CRY-LEE-MUN-SUN-TOT,23.5,52.53,49.23,22.0,27.23,2.6,2.83,2.7273,0.0,True
Tier 2: 1 Premium Anchor + 4 Budget (£23.5m-£24.5m),2,[Anchor: Muñoz (CRY £5.5m)] + Shaw (MUN £4.5m) + Jair Cunha (NFO £4.5m) + Hume (SUN £4.5m) + Robertson (TOT £4.5m),CRY-MUN-NFO-SUN-TOT,23.5,60.32,52.05,24.4,27.65,2.4,2.83,2.6364,0.0,True
Tier 2: 1 Premium Anchor + 4 Budget (£23.5m-£24.5m),2,[Anchor: Tarkowski (EVE £6.0m)] + Maatsen (AVL £4.5m) + Ajer (BRE £4.5m) + Hato (CHE £4.5m) + Greaves (IPS £4.0m),EVE-AVL-BRE-CHE-IPS,23.5,50.1,47.95,20.3,27.66,2.8,2.67,2.7273,-0.1793,False
Tier 2: 1 Premium Anchor + 4 Budget (£23.5m-£24.5m),2,[Anchor: Tarkowski (EVE £6.0m)] + Maatsen (AVL £4.5m) + Ajer (BRE £4.5m) + Hato (CHE £4.5m) + Bogle (LEE £4.5m),EVE-AVL-BRE-CHE-LEE,24.0,44.21,46.64,18.99,27.66,3.0,2.67,2.8182,-0.1982,False
Tier 2: 1 Premium Anchor + 4 Budget (£23.5m-£24.5m),2,[Anchor: Tarkowski (EVE £6.0m)] + Maatsen (AVL £4.5m) + Ajer (BRE £4.5m) + Hato (CHE £4.5m) + Shaw (MUN £4.5m),EVE-AVL-BRE-CHE-MUN,24.0,54.49,49.94,21.04,28.9,2.8,2.5,2.6364,-0.1903,False
Tier 2: 1 Premium Anchor + 4 Budget (£23.5m-£24.5m),2,[Anchor: Tarkowski (EVE £6.0m)] + Maatsen (AVL £4.5m) + Ajer (BRE £4.5m) + Hato (CHE £4.5m) + Jair Cunha (NFO £4.5m),EVE-AVL-BRE-CHE-NFO,24.0,51.16,49.05,21.39,27.66,2.8,2.67,2.7273,-0.1809,False
Tier 2: 1 Premium Anchor + 4 Budget (£23.5m-£24.5m),2,[Anchor: Tarkowski (EVE £6.0m)] + Maatsen (AVL £4.5m) + Ajer (BRE £4.5m) + Hato (CHE £4.5m) + Hume (SUN £4.5m),EVE-AVL-BRE-CHE-SUN,24.0,54.76,50.08,21.13,28.95,2.8,2.5,2.6364,-0.1903,True
Tier 2: 1 Premium Anchor + 4 Budget (£23.5m-£24.5m),2,[Anchor: Tarkowski (EVE £6.0m)] + Maatsen (AVL £4.5m) + Ajer (BRE £4.5m) + Greaves (IPS £4.0m) + Bogle (LEE £4.5m),EVE-AVL-BRE-IPS-LEE,23.5,46.47,47.09,20.24,26.86,2.8,2.83,2.8182,-0.1,False
Tier 2: 1 Premium Anchor + 4 Budget (£23.5m-£24.5m),2,[Anchor: Tarkowski (EVE £6.0m)] + Maatsen (AVL £4.5m) + Ajer (BRE £4.5m) + Greaves (IPS £4.0m) + Shaw (MUN £4.5m),EVE-AVL-BRE-IPS-MUN,23.5,58.31,51.12,22.29,28.84,2.6,2.67,2.6364,-0.1366,False
Tier 2: 1 Premium Anchor + 4 Budget (£23.5m-£24.5m),2,[Anchor: Tarkowski (EVE £6.0m)] + Maatsen (AVL £4.5m) + Ajer (BRE £4.5m) + Greaves (IPS £4.0m) + Jair Cunha (NFO £4.5m),EVE-AVL-BRE-IPS-NFO,23.5,52.58,50.28,22.64,27.64,2.6,3.0,2.8182,0.0366,False
Tier 2: 1 Premium Anchor + 4 Budget (£23.5m-£24.5m),2,[Anchor: Tarkowski (EVE £6.0m)] + Maatsen (AVL £4.5m) + Ajer (BRE £4.5m) + Bogle (LEE £4.5m) + Shaw (MUN £4.5m),EVE-AVL-BRE-LEE-MUN,24.0,52.57,49.81,20.98,28.84,2.8,2.67,2.7273,-0.1866,False
Tier 2: 1 Premium Anchor + 4 Budget (£23.5m-£24.5m),2,[Anchor: Tarkowski (EVE £6.0m)] + Maatsen (AVL £4.5m) + Ajer (BRE £4.5m) + Bogle (LEE £4.5m) + Hume (SUN £4.5m),EVE-AVL-BRE-LEE-SUN,24.0,52.84,49.96,21.07,28.89,2.8,2.67,2.7273,-0.1866,True
Tier 2: 1 Premium Anchor + 4 Budget (£23.5m-£24.5m),2,[Anchor: Tarkowski (EVE £6.0m)] + Maatsen (AVL £4.5m) + Ajer (BRE £4.5m) + Shaw (MUN £4.5m) + Jair Cunha (NFO £4.5m),EVE-AVL-BRE-MUN-NFO,24.0,59.36,52.22,23.38,28.84,2.6,2.67,2.6364,-0.1366,False
Tier 2: 1 Premium Anchor + 4 Budget (£23.5m-£24.5m),2,[Anchor: Tarkowski (EVE £6.0m)] + Maatsen (AVL £4.5m) + Ajer (BRE £4.5m) + Shaw (MUN £4.5m) + Hume (SUN £4.5m),EVE-AVL-BRE-MUN-SUN,24.0,63.1,53.25,23.12,30.13,2.6,2.5,2.5455,-0.1732,True
Tier 2: 1 Premium Anchor + 4 Budget (£23.5m-£24.5m),2,[Anchor: Tarkowski (EVE £6.0m)] + Maatsen (AVL £4.5m) + Ajer (BRE £4.5m) + Jair Cunha (NFO £4.5m) + Hume (SUN £4.5m),EVE-AVL-BRE-NFO-SUN,24.0,59.63,52.36,23.47,28.89,2.6,2.67,2.6364,-0.1366,True
Tier 2: 1 Premium Anchor + 4 Budget (£23.5m-£24.5m),2,[Anchor: Tarkowski (EVE £6.0m)] + Maatsen (AVL £4.5m) + Hato (CHE £4.5m) + Greaves (IPS £4.0m) + Bogle (LEE £4.5m),EVE-AVL-CHE-IPS-LEE,23.5,40.82,44.2,19.3,24.9,2.8,2.83,2.8182,-0.0214,False
Tier 2: 1 Premium Anchor + 4 Budget (£23.5m-£24.5m),2,[Anchor: Tarkowski (EVE £6.0m)] + Maatsen (AVL £4.5m) + Hato (CHE £4.5m) + Greaves (IPS £4.0m) + Shaw (MUN £4.5m),EVE-AVL-CHE-IPS-MUN,23.5,53.89,49.44,21.35,28.09,2.6,2.67,2.6364,0.1365,False
Tier 2: 1 Premium Anchor + 4 Budget (£23.5m-£24.5m),2,[Anchor: Tarkowski (EVE £6.0m)] + Maatsen (AVL £4.5m) + Hato (CHE £4.5m) + Greaves (IPS £4.0m) + Jair Cunha (NFO £4.5m),EVE-AVL-CHE-IPS-NFO,23.5,50.14,49.06,21.71,27.35,2.6,3.0,2.8182,0.0825,False
Tier 2: 1 Premium Anchor + 4 Budget (£23.5m-£24.5m),2,[Anchor: Tarkowski (EVE £6.0m)] + Maatsen (AVL £4.5m) + Hato (CHE £4.5m) + Greaves (IPS £4.0m) + Robertson (TOT £4.5m),EVE-AVL-CHE-IPS-TOT,23.5,52.86,49.88,20.86,29.02,2.8,2.67,2.7273,-0.0324,False
Tier 2: 1 Premium Anchor + 4 Budget (£23.5m-£24.5m),2,[Anchor: Tarkowski (EVE £6.0m)] + Maatsen (AVL £4.5m) + Hato (CHE £4.5m) + Bogle (LEE £4.5m) + Shaw (MUN £4.5m),EVE-AVL-CHE-LEE-MUN,24.0,48.5,48.13,20.04,28.09,2.8,2.67,2.7273,0.0176,False
Tier 2: 1 Premium Anchor + 4 Budget (£23.5m-£24.5m),2,[Anchor: Tarkowski (EVE £6.0m)] + Maatsen (AVL £4.5m) + Hato (CHE £4.5m) + Bogle (LEE £4.5m) + Hume (SUN £4.5m),EVE-AVL-CHE-LEE-SUN,24.0,48.85,48.33,20.14,28.19,2.8,2.67,2.7273,0.0176,True
Tier 2: 1 Premium Anchor + 4 Budget (£23.5m-£24.5m),2,[Anchor: Tarkowski (EVE £6.0m)] + Maatsen (AVL £4.5m) + Hato (CHE £4.5m) + Bogle (LEE £4.5m) + Robertson (TOT £4.5m),EVE-AVL-CHE-LEE-TOT,24.0,46.97,48.57,19.55,29.02,3.0,2.67,2.8182,-0.0513,False
Tier 2: 1 Premium Anchor + 4 Budget (£23.5m-£24.5m),2,[Anchor: Tarkowski (EVE £6.0m)] + Maatsen (AVL £4.5m) + Hato (CHE £4.5m) + Shaw (MUN £4.5m) + Jair Cunha (NFO £4.5m),EVE-AVL-CHE-MUN-NFO,24.0,56.29,51.0,22.45,28.55,2.6,2.67,2.6364,0.0348,False
Tier 2: 1 Premium Anchor + 4 Budget (£23.5m-£24.5m),2,[Anchor: Tarkowski (EVE £6.0m)] + Maatsen (AVL £4.5m) + Hato (CHE £4.5m) + Shaw (MUN £4.5m) + Hume (SUN £4.5m),EVE-AVL-CHE-MUN-SUN,24.0,56.35,51.56,22.19,29.37,2.6,2.67,2.6364,0.2255,True
Tier 2: 1 Premium Anchor + 4 Budget (£23.5m-£24.5m),2,[Anchor: Tarkowski (EVE £6.0m)] + Maatsen (AVL £4.5m) + Hato (CHE £4.5m) + Shaw (MUN £4.5m) + Robertson (TOT £4.5m),EVE-AVL-CHE-MUN-TOT,24.0,54.71,51.79,21.6,30.2,2.8,2.67,2.7273,0.1066,False
Tier 2: 1 Premium Anchor + 4 Budget (£23.5m-£24.5m),2,[Anchor: Tarkowski (EVE £6.0m)] + Maatsen (AVL £4.5m) + Hato (CHE £4.5m) + Jair Cunha (NFO £4.5m) + Hume (SUN £4.5m),EVE-AVL-CHE-NFO-SUN,24.0,56.56,51.14,22.54,28.6,2.6,2.67,2.6364,0.0348,True
Tier 2: 1 Premium Anchor + 4 Budget (£23.5m-£24.5m),2,[Anchor: Tarkowski (EVE £6.0m)] + Maatsen (AVL £4.5m) + Hato (CHE £4.5m) + Jair Cunha (NFO £4.5m) + Robertson (TOT £4.5m),EVE-AVL-CHE-NFO-TOT,24.0,54.56,51.08,21.95,29.13,2.8,2.67,2.7273,-0.1207,False
Tier 2: 1 Premium Anchor + 4 Budget (£23.5m-£24.5m),2,[Anchor: Tarkowski (EVE £6.0m)] + Maatsen (AVL £4.5m) + Hato (CHE £4.5m) + Hume (SUN £4.5m) + Robertson (TOT £4.5m),EVE-AVL-CHE-SUN-TOT,24.0,54.98,51.94,21.69,30.25,2.8,2.67,2.7273,0.1066,True
Tier 2: 1 Premium Anchor + 4 Budget (£23.5m-£24.5m),2,[Anchor: Tarkowski (EVE £6.0m)] + Maatsen (AVL £4.5m) + Greaves (IPS £4.0m) + Bogle (LEE £4.5m) + Shaw (MUN £4.5m),EVE-AVL-IPS-LEE-MUN,23.5,51.2,48.58,21.29,27.29,2.6,2.83,2.7273,0.0268,False
Tier 2: 1 Premium Anchor + 4 Budget (£23.5m-£24.5m),2,[Anchor: Tarkowski (EVE £6.0m)] + Maatsen (AVL £4.5m) + Greaves (IPS £4.0m) + Bogle (LEE £4.5m) + Robertson (TOT £4.5m),EVE-AVL-IPS-LEE-TOT,23.5,50.08,49.01,20.79,28.22,2.8,2.83,2.8182,-0.1232,False
Tier 2: 1 Premium Anchor + 4 Budget (£23.5m-£24.5m),2,[Anchor: Tarkowski (EVE £6.0m)] + Maatsen (AVL £4.5m) + Greaves (IPS £4.0m) + Shaw (MUN £4.5m) + Jair Cunha (NFO £4.5m),EVE-AVL-IPS-MUN-NFO,23.5,58.16,52.23,23.7,28.53,2.4,3.0,2.7273,0.1634,False
Tier 2: 1 Premium Anchor + 4 Budget (£23.5m-£24.5m),2,[Anchor: Tarkowski (EVE £6.0m)] + Maatsen (AVL £4.5m) + Greaves (IPS £4.0m) + Shaw (MUN £4.5m) + Robertson (TOT £4.5m),EVE-AVL-IPS-MUN-TOT,23.5,61.17,53.04,22.84,30.2,2.6,2.67,2.6364,-0.0098,False
Tier 2: 1 Premium Anchor + 4 Budget (£23.5m-£24.5m),2,[Anchor: Tarkowski (EVE £6.0m)] + Maatsen (AVL £4.5m) + Greaves (IPS £4.0m) + Jair Cunha (NFO £4.5m) + Robertson (TOT £4.5m),EVE-AVL-IPS-NFO-TOT,23.5,56.83,52.31,23.2,29.12,2.6,3.0,2.8182,-0.0732,False
Tier 2: 1 Premium Anchor + 4 Budget (£23.5m-£24.5m),2,[Anchor: Tarkowski (EVE £6.0m)] + Maatsen (AVL £4.5m) + Bogle (LEE £4.5m) + Shaw (MUN £4.5m) + Hume (SUN £4.5m),EVE-AVL-LEE-MUN-SUN,24.0,57.17,51.49,22.12,29.37,2.6,2.67,2.6364,0.0402,True
Tier 2: 1 Premium Anchor + 4 Budget (£23.5m-£24.5m),2,[Anchor: Tarkowski (EVE £6.0m)] + Maatsen (AVL £4.5m) + Bogle (LEE £4.5m) + Shaw (MUN £4.5m) + Robertson (TOT £4.5m),EVE-AVL-LEE-MUN-TOT,24.0,55.43,51.73,21.53,30.2,2.8,2.67,2.7273,-0.0598,False
Tier 2: 1 Premium Anchor + 4 Budget (£23.5m-£24.5m),2,[Anchor: Tarkowski (EVE £6.0m)] + Maatsen (AVL £4.5m) + Bogle (LEE £4.5m) + Hume (SUN £4.5m) + Robertson (TOT £4.5m),EVE-AVL-LEE-SUN-TOT,24.0,55.7,51.88,21.63,30.25,2.8,2.67,2.7273,-0.0598,True
Tier 2: 1 Premium Anchor + 4 Budget (£23.5m-£24.5m),2,[Anchor: Tarkowski (EVE £6.0m)] + Maatsen (AVL £4.5m) + Shaw (MUN £4.5m) + Jair Cunha (NFO £4.5m) + Hume (SUN £4.5m),EVE-AVL-MUN-NFO-SUN,24.0,64.71,54.31,24.53,29.78,2.4,2.67,2.5455,0.0902,True
Tier 2: 1 Premium Anchor + 4 Budget (£23.5m-£24.5m),2,[Anchor: Tarkowski (EVE £6.0m)] + Maatsen (AVL £4.5m) + Shaw (MUN £4.5m) + Jair Cunha (NFO £4.5m) + Robertson (TOT £4.5m),EVE-AVL-MUN-NFO-TOT,24.0,62.86,54.25,23.94,30.31,2.6,2.67,2.6364,-0.0964,False
Tier 2: 1 Premium Anchor + 4 Budget (£23.5m-£24.5m),2,[Anchor: Tarkowski (EVE £6.0m)] + Maatsen (AVL £4.5m) + Shaw (MUN £4.5m) + Hume (SUN £4.5m) + Robertson (TOT £4.5m),EVE-AVL-MUN-SUN-TOT,24.0,61.28,53.93,23.68,30.25,2.6,2.67,2.6364,0.1036,True
Tier 2: 1 Premium Anchor + 4 Budget (£23.5m-£24.5m),2,[Anchor: Tarkowski (EVE £6.0m)] + Maatsen (AVL £4.5m) + Jair Cunha (NFO £4.5m) + Hume (SUN £4.5m) + Robertson (TOT £4.5m),EVE-AVL-NFO-SUN-TOT,24.0,63.13,54.4,24.03,30.37,2.6,2.67,2.6364,-0.0964,True
Tier 2: 1 Premium Anchor + 4 Budget (£23.5m-£24.5m),2,[Anchor: Tarkowski (EVE £6.0m)] + De Cuyper (BHA £4.5m) + Ajer (BRE £4.5m) + Hato (CHE £4.5m) + Greaves (IPS £4.0m),EVE-BHA-BRE-CHE-IPS,23.5,49.7,47.73,20.34,27.4,2.8,2.67,2.7273,-0.1793,False
Tier 2: 1 Premium Anchor + 4 Budget (£23.5m-£24.5m),2,[Anchor: Tarkowski (EVE £6.0m)] + De Cuyper (BHA £4.5m) + Ajer (BRE £4.5m) + Hato (CHE £4.5m) + Bogle (LEE £4.5m),EVE-BHA-BRE-CHE-LEE,24.0,43.81,46.42,19.03,27.4,3.0,2.67,2.8182,-0.1982,False
Tier 2: 1 Premium Anchor + 4 Budget (£23.5m-£24.5m),2,[Anchor: Tarkowski (EVE £6.0m)] + De Cuyper (BHA £4.5m) + Ajer (BRE £4.5m) + Hato (CHE £4.5m) + Shaw (MUN £4.5m),EVE-BHA-BRE-CHE-MUN,24.0,54.09,49.72,21.08,28.64,2.8,2.5,2.6364,-0.1903,False
Tier 2: 1 Premium Anchor + 4 Budget (£23.5m-£24.5m),2,[Anchor: Tarkowski (EVE £6.0m)] + De Cuyper (BHA £4.5m) + Ajer (BRE £4.5m) + Hato (CHE £4.5m) + Jair Cunha (NFO £4.5m),EVE-BHA-BRE-CHE-NFO,24.0,50.76,48.83,21.43,27.4,2.8,2.67,2.7273,-0.1809,False
Tier 2: 1 Premium Anchor + 4 Budget (£23.5m-£24.5m),2,[Anchor: Tarkowski (EVE £6.0m)] + De Cuyper (BHA £4.5m) + Ajer (BRE £4.5m) + Hato (CHE £4.5m) + Hume (SUN £4.5m),EVE-BHA-BRE-CHE-SUN,24.0,54.36,49.86,21.17,28.69,2.8,2.5,2.6364,-0.1903,True
Tier 2: 1 Premium Anchor + 4 Budget (£23.5m-£24.5m),2,[Anchor: Tarkowski (EVE £6.0m)] + De Cuyper (BHA £4.5m) + Ajer (BRE £4.5m) + Greaves (IPS £4.0m) + Bogle (LEE £4.5m),EVE-BHA-BRE-IPS-LEE,23.5,46.07,46.87,20.28,26.6,2.8,2.83,2.8182,-0.1,False
Tier 2: 1 Premium Anchor + 4 Budget (£23.5m-£24.5m),2,[Anchor: Tarkowski (EVE £6.0m)] + De Cuyper (BHA £4.5m) + Ajer (BRE £4.5m) + Greaves (IPS £4.0m) + Shaw (MUN £4.5m),EVE-BHA-BRE-IPS-MUN,23.5,57.91,50.9,22.32,28.58,2.6,2.67,2.6364,-0.1366,False
Tier 2: 1 Premium Anchor + 4 Budget (£23.5m-£24.5m),2,[Anchor: Tarkowski (EVE £6.0m)] + De Cuyper (BHA £4.5m) + Ajer (BRE £4.5m) + Greaves (IPS £4.0m) + Jair Cunha (NFO £4.5m),EVE-BHA-BRE-IPS-NFO,23.5,52.18,50.06,22.68,27.38,2.6,3.0,2.8182,0.0366,False
Tier 2: 1 Premium Anchor + 4 Budget (£23.5m-£24.5m),2,[Anchor: Tarkowski (EVE £6.0m)] + De Cuyper (BHA £4.5m) + Ajer (BRE £4.5m) + Bogle (LEE £4.5m) + Shaw (MUN £4.5m),EVE-BHA-BRE-LEE-MUN,24.0,52.17,49.59,21.01,28.58,2.8,2.67,2.7273,-0.1866,False
Tier 2: 1 Premium Anchor + 4 Budget (£23.5m-£24.5m),2,[Anchor: Tarkowski (EVE £6.0m)] + De Cuyper (BHA £4.5m) + Ajer (BRE £4.5m) + Bogle (LEE £4.5m) + Hume (SUN £4.5m),EVE-BHA-BRE-LEE-SUN,24.0,52.44,49.74,21.11,28.63,2.8,2.67,2.7273,-0.1866,True
Tier 2: 1 Premium Anchor + 4 Budget (£23.5m-£24.5m),2,[Anchor: Tarkowski (EVE £6.0m)] + De Cuyper (BHA £4.5m) + Ajer (BRE £4.5m) + Shaw (MUN £4.5m) + Jair Cunha (NFO £4.5m),EVE-BHA-BRE-MUN-NFO,24.0,58.96,51.99,23.42,28.58,2.6,2.67,2.6364,-0.1366,False
Tier 2: 1 Premium Anchor + 4 Budget (£23.5m-£24.5m),2,[Anchor: Tarkowski (EVE £6.0m)] + De Cuyper (BHA £4.5m) + Ajer (BRE £4.5m) + Shaw (MUN £4.5m) + Hume (SUN £4.5m),EVE-BHA-BRE-MUN-SUN,24.0,62.69,53.03,23.16,29.87,2.6,2.5,2.5455,-0.1732,True
Tier 2: 1 Premium Anchor + 4 Budget (£23.5m-£24.5m),2,[Anchor: Tarkowski (EVE £6.0m)] + De Cuyper (BHA £4.5m) + Ajer (BRE £4.5m) + Jair Cunha (NFO £4.5m) + Hume (SUN £4.5m),EVE-BHA-BRE-NFO-SUN,24.0,59.23,52.14,23.51,28.63,2.6,2.67,2.6364,-0.1366,True
Tier 2: 1 Premium Anchor + 4 Budget (£23.5m-£24.5m),2,[Anchor: Tarkowski (EVE £6.0m)] + De Cuyper (BHA £4.5m) + Hato (CHE £4.5m) + Greaves (IPS £4.0m) + Bogle (LEE £4.5m),EVE-BHA-CHE-IPS-LEE,23.5,40.42,43.98,19.34,24.64,2.8,2.83,2.8182,-0.0214,False
Tier 2: 1 Premium Anchor + 4 Budget (£23.5m-£24.5m),2,[Anchor: Tarkowski (EVE £6.0m)] + De Cuyper (BHA £4.5m) + Hato (CHE £4.5m) + Greaves (IPS £4.0m) + Shaw (MUN £4.5m),EVE-BHA-CHE-IPS-MUN,23.5,53.49,49.22,21.39,27.83,2.6,2.67,2.6364,0.1365,False
Tier 2: 1 Premium Anchor + 4 Budget (£23.5m-£24.5m),2,[Anchor: Tarkowski (EVE £6.0m)] + De Cuyper (BHA £4.5m) + Hato (CHE £4.5m) + Greaves (IPS £4.0m) + Jair Cunha (NFO £4.5m),EVE-BHA-CHE-IPS-NFO,23.5,49.73,48.84,21.75,27.09,2.6,3.0,2.8182,0.0825,False
Tier 2: 1 Premium Anchor + 4 Budget (£23.5m-£24.5m),2,[Anchor: Tarkowski (EVE £6.0m)] + De Cuyper (BHA £4.5m) + Hato (CHE £4.5m) + Greaves (IPS £4.0m) + Robertson (TOT £4.5m),EVE-BHA-CHE-IPS-TOT,23.5,52.46,49.66,20.9,28.76,2.8,2.67,2.7273,-0.0324,False
Tier 2: 1 Premium Anchor + 4 Budget (£23.5m-£24.5m),2,[Anchor: Tarkowski (EVE £6.0m)] + De Cuyper (BHA £4.5m) + Hato (CHE £4.5m) + Bogle (LEE £4.5m) + Shaw (MUN £4.5m),EVE-BHA-CHE-LEE-MUN,24.0,48.1,47.91,20.08,27.83,2.8,2.67,2.7273,0.0176,False
Tier 2: 1 Premium Anchor + 4 Budget (£23.5m-£24.5m),2,[Anchor: Tarkowski (EVE £6.0m)] + De Cuyper (BHA £4.5m) + Hato (CHE £4.5m) + Bogle (LEE £4.5m) + Hume (SUN £4.5m),EVE-BHA-CHE-LEE-SUN,24.0,48.45,48.11,20.18,27.93,2.8,2.67,2.7273,0.0176,True
Tier 2: 1 Premium Anchor + 4 Budget (£23.5m-£24.5m),2,[Anchor: Tarkowski (EVE £6.0m)] + De Cuyper (BHA £4.5m) + Hato (CHE £4.5m) + Bogle (LEE £4.5m) + Robertson (TOT £4.5m),EVE-BHA-CHE-LEE-TOT,24.0,46.57,48.34,19.58,28.76,3.0,2.67,2.8182,-0.0513,False
Tier 2: 1 Premium Anchor + 4 Budget (£23.5m-£24.5m),2,[Anchor: Tarkowski (EVE £6.0m)] + De Cuyper (BHA £4.5m) + Hato (CHE £4.5m) + Shaw (MUN £4.5m) + Jair Cunha (NFO £4.5m),EVE-BHA-CHE-MUN-NFO,24.0,55.89,50.78,22.49,28.29,2.6,2.67,2.6364,0.0348,False
Tier 2: 1 Premium Anchor + 4 Budget (£23.5m-£24.5m),2,[Anchor: Tarkowski (EVE £6.0m)] + De Cuyper (BHA £4.5m) + Hato (CHE £4.5m) + Shaw (MUN £4.5m) + Hume (SUN £4.5m),EVE-BHA-CHE-MUN-SUN,24.0,55.95,51.33,22.22,29.11,2.6,2.67,2.6364,0.2255,True
Tier 2: 1 Premium Anchor + 4 Budget (£23.5m-£24.5m),2,[Anchor: Tarkowski (EVE £6.0m)] + De Cuyper (BHA £4.5m) + Hato (CHE £4.5m) + Shaw (MUN £4.5m) + Robertson (TOT £4.5m),EVE-BHA-CHE-MUN-TOT,24.0,54.31,51.57,21.63,29.94,2.8,2.67,2.7273,0.1066,False
Tier 2: 1 Premium Anchor + 4 Budget (£23.5m-£24.5m),2,[Anchor: Tarkowski (EVE £6.0m)] + De Cuyper (BHA £4.5m) + Hato (CHE £4.5m) + Jair Cunha (NFO £4.5m) + Hume (SUN £4.5m),EVE-BHA-CHE-NFO-SUN,24.0,56.16,50.92,22.58,28.34,2.6,2.67,2.6364,0.0348,True
Tier 2: 1 Premium Anchor + 4 Budget (£23.5m-£24.5m),2,[Anchor: Tarkowski (EVE £6.0m)] + De Cuyper (BHA £4.5m) + Hato (CHE £4.5m) + Jair Cunha (NFO £4.5m) + Robertson (TOT £4.5m),EVE-BHA-CHE-NFO-TOT,24.0,54.16,50.86,21.99,28.87,2.8,2.67,2.7273,-0.1207,False
Tier 2: 1 Premium Anchor + 4 Budget (£23.5m-£24.5m),2,[Anchor: Tarkowski (EVE £6.0m)] + De Cuyper (BHA £4.5m) + Hato (CHE £4.5m) + Hume (SUN £4.5m) + Robertson (TOT £4.5m),EVE-BHA-CHE-SUN-TOT,24.0,54.58,51.72,21.73,29.99,2.8,2.67,2.7273,0.1066,True
Tier 2: 1 Premium Anchor + 4 Budget (£23.5m-£24.5m),2,[Anchor: Tarkowski (EVE £6.0m)] + De Cuyper (BHA £4.5m) + Greaves (IPS £4.0m) + Bogle (LEE £4.5m) + Shaw (MUN £4.5m),EVE-BHA-IPS-LEE-MUN,23.5,50.8,48.36,21.33,27.03,2.6,2.83,2.7273,0.0268,False
Tier 2: 1 Premium Anchor + 4 Budget (£23.5m-£24.5m),2,[Anchor: Tarkowski (EVE £6.0m)] + De Cuyper (BHA £4.5m) + Greaves (IPS £4.0m) + Bogle (LEE £4.5m) + Robertson (TOT £4.5m),EVE-BHA-IPS-LEE-TOT,23.5,49.68,48.79,20.83,27.96,2.8,2.83,2.8182,-0.1232,False
Tier 2: 1 Premium Anchor + 4 Budget (£23.5m-£24.5m),2,[Anchor: Tarkowski (EVE £6.0m)] + De Cuyper (BHA £4.5m) + Greaves (IPS £4.0m) + Shaw (MUN £4.5m) + Jair Cunha (NFO £4.5m),EVE-BHA-IPS-MUN-NFO,23.5,57.75,52.01,23.73,28.27,2.4,3.0,2.7273,0.1634,False
Tier 2: 1 Premium Anchor + 4 Budget (£23.5m-£24.5m),2,[Anchor: Tarkowski (EVE £6.0m)] + De Cuyper (BHA £4.5m) + Greaves (IPS £4.0m) + Shaw (MUN £4.5m) + Robertson (TOT £4.5m),EVE-BHA-IPS-MUN-TOT,23.5,60.77,52.82,22.88,29.94,2.6,2.67,2.6364,-0.0098,False
Tier 2: 1 Premium Anchor + 4 Budget (£23.5m-£24.5m),2,[Anchor: Tarkowski (EVE £6.0m)] + De Cuyper (BHA £4.5m) + Greaves (IPS £4.0m) + Jair Cunha (NFO £4.5m) + Robertson (TOT £4.5m),EVE-BHA-IPS-NFO-TOT,23.5,56.43,52.09,23.24,28.86,2.6,3.0,2.8182,-0.0732,False
Tier 2: 1 Premium Anchor + 4 Budget (£23.5m-£24.5m),2,[Anchor: Tarkowski (EVE £6.0m)] + De Cuyper (BHA £4.5m) + Bogle (LEE £4.5m) + Shaw (MUN £4.5m) + Hume (SUN £4.5m),EVE-BHA-LEE-MUN-SUN,24.0,56.77,51.27,22.16,29.11,2.6,2.67,2.6364,0.0402,True
Tier 2: 1 Premium Anchor + 4 Budget (£23.5m-£24.5m),2,[Anchor: Tarkowski (EVE £6.0m)] + De Cuyper (BHA £4.5m) + Bogle (LEE £4.5m) + Shaw (MUN £4.5m) + Robertson (TOT £4.5m),EVE-BHA-LEE-MUN-TOT,24.0,55.03,51.51,21.57,29.94,2.8,2.67,2.7273,-0.0598,False
Tier 2: 1 Premium Anchor + 4 Budget (£23.5m-£24.5m),2,[Anchor: Tarkowski (EVE £6.0m)] + De Cuyper (BHA £4.5m) + Bogle (LEE £4.5m) + Hume (SUN £4.5m) + Robertson (TOT £4.5m),EVE-BHA-LEE-SUN-TOT,24.0,55.3,51.66,21.67,29.99,2.8,2.67,2.7273,-0.0598,True
Tier 2: 1 Premium Anchor + 4 Budget (£23.5m-£24.5m),2,[Anchor: Tarkowski (EVE £6.0m)] + De Cuyper (BHA £4.5m) + Shaw (MUN £4.5m) + Jair Cunha (NFO £4.5m) + Hume (SUN £4.5m),EVE-BHA-MUN-NFO-SUN,24.0,64.31,54.09,24.57,29.52,2.4,2.67,2.5455,0.0902,True
Tier 2: 1 Premium Anchor + 4 Budget (£23.5m-£24.5m),2,[Anchor: Tarkowski (EVE £6.0m)] + De Cuyper (BHA £4.5m) + Shaw (MUN £4.5m) + Jair Cunha (NFO £4.5m) + Robertson (TOT £4.5m),EVE-BHA-MUN-NFO-TOT,24.0,62.46,54.03,23.98,30.05,2.6,2.67,2.6364,-0.0964,False
Tier 2: 1 Premium Anchor + 4 Budget (£23.5m-£24.5m),2,[Anchor: Tarkowski (EVE £6.0m)] + De Cuyper (BHA £4.5m) + Shaw (MUN £4.5m) + Hume (SUN £4.5m) + Robertson (TOT £4.5m),EVE-BHA-MUN-SUN-TOT,24.0,60.88,53.71,23.72,29.99,2.6,2.67,2.6364,0.1036,True
Tier 2: 1 Premium Anchor + 4 Budget (£23.5m-£24.5m),2,[Anchor: Tarkowski (EVE £6.0m)] + De Cuyper (BHA £4.5m) + Jair Cunha (NFO £4.5m) + Hume (SUN £4.5m) + Robertson (TOT £4.5m),EVE-BHA-NFO-SUN-TOT,24.0,62.73,54.18,24.07,30.11,2.6,2.67,2.6364,-0.0964,True
Tier 2: 1 Premium Anchor + 4 Budget (£23.5m-£24.5m),2,[Anchor: Tarkowski (EVE £6.0m)] + Ajer (BRE £4.5m) + Hato (CHE £4.5m) + Greaves (IPS £4.0m) + Bogle (LEE £4.5m),EVE-BRE-CHE-IPS-LEE,23.5,40.23,43.71,18.96,24.75,2.8,2.83,2.8182,-0.0811,False
Tier 2: 1 Premium Anchor + 4 Budget (£23.5m-£24.5m),2,[Anchor: Tarkowski (EVE £6.0m)] + Ajer (BRE £4.5m) + Hato (CHE £4.5m) + Greaves (IPS £4.0m) + Shaw (MUN £4.5m),EVE-BRE-CHE-IPS-MUN,23.5,52.03,48.21,21.01,27.2,2.6,2.67,2.6364,0.0634,False
Tier 2: 1 Premium Anchor + 4 Budget (£23.5m-£24.5m),2,[Anchor: Tarkowski (EVE £6.0m)] + Ajer (BRE £4.5m) + Hato (CHE £4.5m) + Greaves (IPS £4.0m) + Jair Cunha (NFO £4.5m),EVE-BRE-CHE-IPS-NFO,23.5,50.04,47.79,21.37,26.42,2.6,2.83,2.7273,-0.0272,False
Tier 2: 1 Premium Anchor + 4 Budget (£23.5m-£24.5m),2,[Anchor: Tarkowski (EVE £6.0m)] + Ajer (BRE £4.5m) + Hato (CHE £4.5m) + Bogle (LEE £4.5m) + Shaw (MUN £4.5m),EVE-BRE-CHE-LEE-MUN,24.0,46.38,46.9,19.7,27.2,2.8,2.67,2.7273,-0.0055,False
Tier 2: 1 Premium Anchor + 4 Budget (£23.5m-£24.5m),2,[Anchor: Tarkowski (EVE £6.0m)] + Ajer (BRE £4.5m) + Hato (CHE £4.5m) + Bogle (LEE £4.5m) + Hume (SUN £4.5m),EVE-BRE-CHE-LEE-SUN,24.0,46.74,47.1,19.8,27.3,2.8,2.67,2.7273,-0.0055,True
Tier 2: 1 Premium Anchor + 4 Budget (£23.5m-£24.5m),2,[Anchor: Tarkowski (EVE £6.0m)] + Ajer (BRE £4.5m) + Hato (CHE £4.5m) + Shaw (MUN £4.5m) + Jair Cunha (NFO £4.5m),EVE-BRE-CHE-MUN-NFO,24.0,54.42,49.77,22.11,27.66,2.6,2.67,2.6364,-0.0382,False
Tier 2: 1 Premium Anchor + 4 Budget (£23.5m-£24.5m),2,[Anchor: Tarkowski (EVE £6.0m)] + Ajer (BRE £4.5m) + Hato (CHE £4.5m) + Shaw (MUN £4.5m) + Hume (SUN £4.5m),EVE-BRE-CHE-MUN-SUN,24.0,54.31,50.33,21.85,28.48,2.6,2.67,2.6364,0.189,True
Tier 2: 1 Premium Anchor + 4 Budget (£23.5m-£24.5m),2,[Anchor: Tarkowski (EVE £6.0m)] + Ajer (BRE £4.5m) + Hato (CHE £4.5m) + Jair Cunha (NFO £4.5m) + Hume (SUN £4.5m),EVE-BRE-CHE-NFO-SUN,24.0,54.69,49.92,22.2,27.72,2.6,2.67,2.6364,-0.0382,True
Tier 2: 1 Premium Anchor + 4 Budget (£23.5m-£24.5m),2,[Anchor: Tarkowski (EVE £6.0m)] + Ajer (BRE £4.5m) + Greaves (IPS £4.0m) + Bogle (LEE £4.5m) + Shaw (MUN £4.5m),EVE-BRE-IPS-LEE-MUN,23.5,50.7,48.09,20.95,27.14,2.6,2.83,2.7273,-0.05,False
Tier 2: 1 Premium Anchor + 4 Budget (£23.5m-£24.5m),2,[Anchor: Tarkowski (EVE £6.0m)] + Ajer (BRE £4.5m) + Greaves (IPS £4.0m) + Shaw (MUN £4.5m) + Jair Cunha (NFO £4.5m),EVE-BRE-IPS-MUN-NFO,23.5,58.14,50.95,23.35,27.6,2.4,2.83,2.6364,0.0366,False
Tier 2: 1 Premium Anchor + 4 Budget (£23.5m-£24.5m),2,[Anchor: Tarkowski (EVE £6.0m)] + Ajer (BRE £4.5m) + Bogle (LEE £4.5m) + Shaw (MUN £4.5m) + Hume (SUN £4.5m),EVE-BRE-LEE-MUN-SUN,24.0,55.14,50.27,21.78,28.48,2.6,2.67,2.6364,0.0,True
Tier 2: 1 Premium Anchor + 4 Budget (£23.5m-£24.5m),2,[Anchor: Tarkowski (EVE £6.0m)] + Ajer (BRE £4.5m) + Shaw (MUN £4.5m) + Jair Cunha (NFO £4.5m) + Hume (SUN £4.5m),EVE-BRE-MUN-NFO-SUN,24.0,62.93,53.09,24.19,28.9,2.4,2.67,2.5455,0.0,True
Tier 2: 1 Premium Anchor + 4 Budget (£23.5m-£24.5m),2,[Anchor: Tarkowski (EVE £6.0m)] + Hato (CHE £4.5m) + Greaves (IPS £4.0m) + Bogle (LEE £4.5m) + Shaw (MUN £4.5m),EVE-CHE-IPS-LEE-MUN,23.5,43.16,45.2,20.02,25.18,2.6,2.83,2.7273,0.4079,False
Tier 2: 1 Premium Anchor + 4 Budget (£23.5m-£24.5m),2,[Anchor: Tarkowski (EVE £6.0m)] + Hato (CHE £4.5m) + Greaves (IPS £4.0m) + Bogle (LEE £4.5m) + Robertson (TOT £4.5m),EVE-CHE-IPS-LEE-TOT,23.5,42.13,45.64,19.52,26.12,2.8,2.83,2.8182,0.239,False
Tier 2: 1 Premium Anchor + 4 Budget (£23.5m-£24.5m),2,[Anchor: Tarkowski (EVE £6.0m)] + Hato (CHE £4.5m) + Greaves (IPS £4.0m) + Shaw (MUN £4.5m) + Jair Cunha (NFO £4.5m),EVE-CHE-IPS-MUN-NFO,23.5,52.96,49.27,22.42,26.85,2.4,2.83,2.6364,0.4618,False
Tier 2: 1 Premium Anchor + 4 Budget (£23.5m-£24.5m),2,[Anchor: Tarkowski (EVE £6.0m)] + Hato (CHE £4.5m) + Greaves (IPS £4.0m) + Shaw (MUN £4.5m) + Robertson (TOT £4.5m),EVE-CHE-IPS-MUN-TOT,23.5,51.39,50.07,21.57,28.5,2.6,2.83,2.7273,0.5335,False
Tier 2: 1 Premium Anchor + 4 Budget (£23.5m-£24.5m),2,[Anchor: Tarkowski (EVE £6.0m)] + Hato (CHE £4.5m) + Greaves (IPS £4.0m) + Jair Cunha (NFO £4.5m) + Robertson (TOT £4.5m),EVE-CHE-IPS-NFO-TOT,23.5,52.36,49.71,21.93,27.78,2.6,2.83,2.7273,0.2062,False
Tier 2: 1 Premium Anchor + 4 Budget (£23.5m-£24.5m),2,[Anchor: Tarkowski (EVE £6.0m)] + Hato (CHE £4.5m) + Bogle (LEE £4.5m) + Shaw (MUN £4.5m) + Hume (SUN £4.5m),EVE-CHE-LEE-MUN-SUN,24.0,47.38,48.52,20.85,27.67,2.6,2.83,2.7273,0.5835,True
Tier 2: 1 Premium Anchor + 4 Budget (£23.5m-£24.5m),2,[Anchor: Tarkowski (EVE £6.0m)] + Hato (CHE £4.5m) + Bogle (LEE £4.5m) + Shaw (MUN £4.5m) + Robertson (TOT £4.5m),EVE-CHE-LEE-MUN-TOT,24.0,45.75,48.76,20.26,28.5,2.8,2.83,2.8182,0.4646,False
Tier 2: 1 Premium Anchor + 4 Budget (£23.5m-£24.5m),2,[Anchor: Tarkowski (EVE £6.0m)] + Hato (CHE £4.5m) + Bogle (LEE £4.5m) + Hume (SUN £4.5m) + Robertson (TOT £4.5m),EVE-CHE-LEE-SUN-TOT,24.0,46.1,48.96,20.35,28.6,2.8,2.83,2.8182,0.4646,True
Tier 2: 1 Premium Anchor + 4 Budget (£23.5m-£24.5m),2,[Anchor: Tarkowski (EVE £6.0m)] + Hato (CHE £4.5m) + Shaw (MUN £4.5m) + Jair Cunha (NFO £4.5m) + Hume (SUN £4.5m),EVE-CHE-MUN-NFO-SUN,24.0,55.42,51.39,23.25,28.13,2.4,2.83,2.6364,0.5507,True
Tier 2: 1 Premium Anchor + 4 Budget (£23.5m-£24.5m),2,[Anchor: Tarkowski (EVE £6.0m)] + Hato (CHE £4.5m) + Shaw (MUN £4.5m) + Jair Cunha (NFO £4.5m) + Robertson (TOT £4.5m),EVE-CHE-MUN-NFO-TOT,24.0,54.22,51.63,22.66,28.96,2.6,2.83,2.7273,0.3452,False
Tier 2: 1 Premium Anchor + 4 Budget (£23.5m-£24.5m),2,[Anchor: Tarkowski (EVE £6.0m)] + Hato (CHE £4.5m) + Shaw (MUN £4.5m) + Hume (SUN £4.5m) + Robertson (TOT £4.5m),EVE-CHE-MUN-SUN-TOT,24.0,50.77,51.01,22.4,28.6,2.6,2.83,2.7273,0.8091,True
Tier 2: 1 Premium Anchor + 4 Budget (£23.5m-£24.5m),2,[Anchor: Tarkowski (EVE £6.0m)] + Hato (CHE £4.5m) + Jair Cunha (NFO £4.5m) + Hume (SUN £4.5m) + Robertson (TOT £4.5m),EVE-CHE-NFO-SUN-TOT,24.0,54.49,51.78,22.76,29.02,2.6,2.83,2.7273,0.3452,True
Tier 2: 1 Premium Anchor + 4 Budget (£23.5m-£24.5m),2,[Anchor: Tarkowski (EVE £6.0m)] + Greaves (IPS £4.0m) + Bogle (LEE £4.5m) + Shaw (MUN £4.5m) + Robertson (TOT £4.5m),EVE-IPS-LEE-MUN-TOT,23.5,52.69,50.01,21.51,28.5,2.6,2.83,2.7273,0.25,False
Tier 2: 1 Premium Anchor + 4 Budget (£23.5m-£24.5m),2,[Anchor: Tarkowski (EVE £6.0m)] + Greaves (IPS £4.0m) + Shaw (MUN £4.5m) + Jair Cunha (NFO £4.5m) + Robertson (TOT £4.5m),EVE-IPS-MUN-NFO-TOT,23.5,60.57,52.88,23.91,28.96,2.4,2.83,2.6364,0.25,False
Tier 2: 1 Premium Anchor + 4 Budget (£23.5m-£24.5m),2,[Anchor: Tarkowski (EVE £6.0m)] + Bogle (LEE £4.5m) + Shaw (MUN £4.5m) + Hume (SUN £4.5m) + Robertson (TOT £4.5m),EVE-LEE-MUN-SUN-TOT,24.0,52.45,50.95,22.34,28.6,2.6,2.83,2.7273,0.45,True
Tier 2: 1 Premium Anchor + 4 Budget (£23.5m-£24.5m),2,[Anchor: Tarkowski (EVE £6.0m)] + Shaw (MUN £4.5m) + Jair Cunha (NFO £4.5m) + Hume (SUN £4.5m) + Robertson (TOT £4.5m),EVE-MUN-NFO-SUN-TOT,24.0,60.68,53.76,24.75,29.02,2.4,2.83,2.6364,0.3634,True
Tier 2: 1 Premium Anchor + 4 Budget (£23.5m-£24.5m),2,[Anchor: Kerkez (LIV £5.5m)] + Maatsen (AVL £4.5m) + Ajer (BRE £4.5m) + Hato (CHE £4.5m) + Chadi Riad (CRY £4.5m),LIV-AVL-BRE-CHE-CRY,23.5,44.73,45.4,18.87,26.53,3.0,2.33,2.6364,0.097,False
Tier 2: 1 Premium Anchor + 4 Budget (£23.5m-£24.5m),2,[Anchor: Kerkez (LIV £5.5m)] + Maatsen (AVL £4.5m) + Ajer (BRE £4.5m) + Hato (CHE £4.5m) + Mykolenko (EVE £4.5m),LIV-AVL-BRE-CHE-EVE,23.5,46.41,45.48,18.71,26.78,3.0,2.33,2.6364,-0.2061,False
Tier 2: 1 Premium Anchor + 4 Budget (£23.5m-£24.5m),2,[Anchor: Kerkez (LIV £5.5m)] + Maatsen (AVL £4.5m) + Ajer (BRE £4.5m) + Hato (CHE £4.5m) + Bogle (LEE £4.5m),LIV-AVL-BRE-CHE-LEE,23.5,43.27,44.29,17.76,26.53,3.0,2.33,2.6364,-0.014,False
Tier 2: 1 Premium Anchor + 4 Budget (£23.5m-£24.5m),2,[Anchor: Kerkez (LIV £5.5m)] + Maatsen (AVL £4.5m) + Ajer (BRE £4.5m) + Hato (CHE £4.5m) + Shaw (MUN £4.5m),LIV-AVL-BRE-CHE-MUN,23.5,54.55,47.58,19.81,27.77,2.8,2.17,2.4545,-0.2061,False
Tier 2: 1 Premium Anchor + 4 Budget (£23.5m-£24.5m),2,[Anchor: Kerkez (LIV £5.5m)] + Maatsen (AVL £4.5m) + Ajer (BRE £4.5m) + Hato (CHE £4.5m) + Jair Cunha (NFO £4.5m),LIV-AVL-BRE-CHE-NFO,23.5,50.22,46.69,20.16,26.53,2.8,2.33,2.5455,0.0033,False
Tier 2: 1 Premium Anchor + 4 Budget (£23.5m-£24.5m),2,[Anchor: Kerkez (LIV £5.5m)] + Maatsen (AVL £4.5m) + Ajer (BRE £4.5m) + Hato (CHE £4.5m) + Hume (SUN £4.5m),LIV-AVL-BRE-CHE-SUN,23.5,54.82,47.73,19.9,27.82,2.8,2.17,2.4545,-0.2061,True
Tier 2: 1 Premium Anchor + 4 Budget (£23.5m-£24.5m),2,[Anchor: Kerkez (LIV £5.5m)] + Maatsen (AVL £4.5m) + Ajer (BRE £4.5m) + Chadi Riad (CRY £4.5m) + Bogle (LEE £4.5m),LIV-AVL-BRE-CRY-LEE,23.5,39.68,44.53,18.81,25.73,3.0,2.5,2.7273,0.4598,False
Tier 2: 1 Premium Anchor + 4 Budget (£23.5m-£24.5m),2,[Anchor: Kerkez (LIV £5.5m)] + Maatsen (AVL £4.5m) + Ajer (BRE £4.5m) + Chadi Riad (CRY £4.5m) + Shaw (MUN £4.5m),LIV-AVL-BRE-CRY-MUN,23.5,53.03,48.56,20.86,27.71,2.8,2.33,2.5455,0.1232,False
Tier 2: 1 Premium Anchor + 4 Budget (£23.5m-£24.5m),2,[Anchor: Kerkez (LIV £5.5m)] + Maatsen (AVL £4.5m) + Ajer (BRE £4.5m) + Chadi Riad (CRY £4.5m) + Jair Cunha (NFO £4.5m),LIV-AVL-BRE-CRY-NFO,23.5,45.8,47.72,21.21,26.51,2.8,2.67,2.7273,0.5964,False
Tier 2: 1 Premium Anchor + 4 Budget (£23.5m-£24.5m),2,[Anchor: Kerkez (LIV £5.5m)] + Maatsen (AVL £4.5m) + Ajer (BRE £4.5m) + Chadi Riad (CRY £4.5m) + Hume (SUN £4.5m),LIV-AVL-BRE-CRY-SUN,23.5,53.3,48.71,20.95,27.76,2.8,2.33,2.5455,0.1232,True
Tier 2: 1 Premium Anchor + 4 Budget (£23.5m-£24.5m),2,[Anchor: Kerkez (LIV £5.5m)] + Maatsen (AVL £4.5m) + Ajer (BRE £4.5m) + Mykolenko (EVE £4.5m) + Bogle (LEE £4.5m),LIV-AVL-BRE-EVE-LEE,23.5,43.55,45.36,18.65,26.71,3.0,2.5,2.7273,-0.0134,False
Tier 2: 1 Premium Anchor + 4 Budget (£23.5m-£24.5m),2,[Anchor: Kerkez (LIV £5.5m)] + Maatsen (AVL £4.5m) + Ajer (BRE £4.5m) + Mykolenko (EVE £4.5m) + Shaw (MUN £4.5m),LIV-AVL-BRE-EVE-MUN,23.5,54.8,48.65,20.69,27.96,2.8,2.33,2.5455,-0.2,False
Tier 2: 1 Premium Anchor + 4 Budget (£23.5m-£24.5m),2,[Anchor: Kerkez (LIV £5.5m)] + Maatsen (AVL £4.5m) + Ajer (BRE £4.5m) + Mykolenko (EVE £4.5m) + Jair Cunha (NFO £4.5m),LIV-AVL-BRE-EVE-NFO,23.5,50.34,47.76,21.05,26.71,2.8,2.5,2.6364,0.0366,False
Tier 2: 1 Premium Anchor + 4 Budget (£23.5m-£24.5m),2,[Anchor: Kerkez (LIV £5.5m)] + Maatsen (AVL £4.5m) + Ajer (BRE £4.5m) + Mykolenko (EVE £4.5m) + Hume (SUN £4.5m),LIV-AVL-BRE-EVE-SUN,23.5,55.08,48.8,20.79,28.01,2.8,2.33,2.5455,-0.2,True
Tier 2: 1 Premium Anchor + 4 Budget (£23.5m-£24.5m),2,[Anchor: Kerkez (LIV £5.5m)] + Maatsen (AVL £4.5m) + Ajer (BRE £4.5m) + Bogle (LEE £4.5m) + Shaw (MUN £4.5m),LIV-AVL-BRE-LEE-MUN,23.5,51.69,47.45,19.75,27.71,2.8,2.33,2.5455,-0.0134,False
Tier 2: 1 Premium Anchor + 4 Budget (£23.5m-£24.5m),2,[Anchor: Kerkez (LIV £5.5m)] + Maatsen (AVL £4.5m) + Ajer (BRE £4.5m) + Bogle (LEE £4.5m) + Hume (SUN £4.5m),LIV-AVL-BRE-LEE-SUN,23.5,51.96,47.6,19.84,27.76,2.8,2.33,2.5455,-0.0134,True
Tier 2: 1 Premium Anchor + 4 Budget (£23.5m-£24.5m),2,[Anchor: Kerkez (LIV £5.5m)] + Maatsen (AVL £4.5m) + Ajer (BRE £4.5m) + Shaw (MUN £4.5m) + Jair Cunha (NFO £4.5m),LIV-AVL-BRE-MUN-NFO,23.5,58.48,49.86,22.15,27.71,2.6,2.33,2.4545,0.0366,False
Tier 2: 1 Premium Anchor + 4 Budget (£23.5m-£24.5m),2,[Anchor: Kerkez (LIV £5.5m)] + Maatsen (AVL £4.5m) + Ajer (BRE £4.5m) + Shaw (MUN £4.5m) + Hume (SUN £4.5m),LIV-AVL-BRE-MUN-SUN,23.5,63.21,50.89,21.89,29.0,2.6,2.17,2.3636,-0.2,True
Tier 2: 1 Premium Anchor + 4 Budget (£23.5m-£24.5m),2,[Anchor: Kerkez (LIV £5.5m)] + Maatsen (AVL £4.5m) + Ajer (BRE £4.5m) + Jair Cunha (NFO £4.5m) + Hume (SUN £4.5m),LIV-AVL-BRE-NFO-SUN,23.5,58.75,50.01,22.25,27.76,2.6,2.33,2.4545,0.0366,True
Tier 2: 1 Premium Anchor + 4 Budget (£23.5m-£24.5m),2,[Anchor: Kerkez (LIV £5.5m)] + Maatsen (AVL £4.5m) + Hato (CHE £4.5m) + Chadi Riad (CRY £4.5m) + Bogle (LEE £4.5m),LIV-AVL-CHE-CRY-LEE,23.5,39.2,42.88,17.87,25.0,3.0,2.5,2.7273,-0.0451,False
Tier 2: 1 Premium Anchor + 4 Budget (£23.5m-£24.5m),2,[Anchor: Kerkez (LIV £5.5m)] + Maatsen (AVL £4.5m) + Hato (CHE £4.5m) + Chadi Riad (CRY £4.5m) + Shaw (MUN £4.5m),LIV-AVL-CHE-CRY-MUN,23.5,51.57,46.91,19.92,26.98,2.8,2.33,2.5455,-0.1872,False
Tier 2: 1 Premium Anchor + 4 Budget (£23.5m-£24.5m),2,[Anchor: Kerkez (LIV £5.5m)] + Maatsen (AVL £4.5m) + Hato (CHE £4.5m) + Chadi Riad (CRY £4.5m) + Jair Cunha (NFO £4.5m),LIV-AVL-CHE-CRY-NFO,23.5,46.27,46.5,20.28,26.22,2.8,2.67,2.7273,0.0588,False
Tier 2: 1 Premium Anchor + 4 Budget (£23.5m-£24.5m),2,[Anchor: Kerkez (LIV £5.5m)] + Maatsen (AVL £4.5m) + Hato (CHE £4.5m) + Chadi Riad (CRY £4.5m) + Hume (SUN £4.5m),LIV-AVL-CHE-CRY-SUN,23.5,51.88,47.08,20.02,27.06,2.8,2.33,2.5455,-0.1872,True
Tier 2: 1 Premium Anchor + 4 Budget (£23.5m-£24.5m),2,[Anchor: Kerkez (LIV £5.5m)] + Maatsen (AVL £4.5m) + Hato (CHE £4.5m) + Chadi Riad (CRY £4.5m) + Robertson (TOT £4.5m),LIV-AVL-CHE-CRY-TOT,23.5,49.74,47.32,19.43,27.89,3.0,2.33,2.6364,-0.2061,False
Tier 2: 1 Premium Anchor + 4 Budget (£23.5m-£24.5m),2,[Anchor: Kerkez (LIV £5.5m)] + Maatsen (AVL £4.5m) + Hato (CHE £4.5m) + Mykolenko (EVE £4.5m) + Bogle (LEE £4.5m),LIV-AVL-CHE-EVE-LEE,23.5,39.23,42.47,17.71,24.76,3.0,2.5,2.7273,-0.1982,False
Tier 2: 1 Premium Anchor + 4 Budget (£23.5m-£24.5m),2,[Anchor: Kerkez (LIV £5.5m)] + Maatsen (AVL £4.5m) + Hato (CHE £4.5m) + Mykolenko (EVE £4.5m) + Shaw (MUN £4.5m),LIV-AVL-CHE-EVE-MUN,23.5,51.25,46.72,19.76,26.96,2.8,2.33,2.5455,-0.1903,False
Tier 2: 1 Premium Anchor + 4 Budget (£23.5m-£24.5m),2,[Anchor: Kerkez (LIV £5.5m)] + Maatsen (AVL £4.5m) + Hato (CHE £4.5m) + Mykolenko (EVE £4.5m) + Jair Cunha (NFO £4.5m),LIV-AVL-CHE-EVE-NFO,23.5,49.21,46.54,20.12,26.43,2.8,2.5,2.6364,-0.1809,False
Tier 2: 1 Premium Anchor + 4 Budget (£23.5m-£24.5m),2,[Anchor: Kerkez (LIV £5.5m)] + Maatsen (AVL £4.5m) + Hato (CHE £4.5m) + Mykolenko (EVE £4.5m) + Hume (SUN £4.5m),LIV-AVL-CHE-EVE-SUN,23.5,51.6,46.92,19.86,27.06,2.8,2.33,2.5455,-0.1903,True
Tier 2: 1 Premium Anchor + 4 Budget (£23.5m-£24.5m),2,[Anchor: Kerkez (LIV £5.5m)] + Maatsen (AVL £4.5m) + Hato (CHE £4.5m) + Mykolenko (EVE £4.5m) + Robertson (TOT £4.5m),LIV-AVL-CHE-EVE-TOT,23.5,49.46,47.16,19.27,27.89,3.0,2.33,2.6364,-0.2092,False
Tier 2: 1 Premium Anchor + 4 Budget (£23.5m-£24.5m),2,[Anchor: Kerkez (LIV £5.5m)] + Maatsen (AVL £4.5m) + Hato (CHE £4.5m) + Bogle (LEE £4.5m) + Shaw (MUN £4.5m),LIV-AVL-CHE-LEE-MUN,23.5,49.56,45.77,18.81,26.96,2.8,2.33,2.5455,-0.1982,False
Tier 2: 1 Premium Anchor + 4 Budget (£23.5m-£24.5m),2,[Anchor: Kerkez (LIV £5.5m)] + Maatsen (AVL £4.5m) + Hato (CHE £4.5m) + Bogle (LEE £4.5m) + Hume (SUN £4.5m),LIV-AVL-CHE-LEE-SUN,23.5,49.92,45.97,18.91,27.06,2.8,2.33,2.5455,-0.1982,True
Tier 2: 1 Premium Anchor + 4 Budget (£23.5m-£24.5m),2,[Anchor: Kerkez (LIV £5.5m)] + Maatsen (AVL £4.5m) + Hato (CHE £4.5m) + Bogle (LEE £4.5m) + Robertson (TOT £4.5m),LIV-AVL-CHE-LEE-TOT,23.5,47.53,46.21,18.32,27.89,3.0,2.33,2.6364,-0.1671,False
Tier 2: 1 Premium Anchor + 4 Budget (£23.5m-£24.5m),2,[Anchor: Kerkez (LIV £5.5m)] + Maatsen (AVL £4.5m) + Hato (CHE £4.5m) + Shaw (MUN £4.5m) + Jair Cunha (NFO £4.5m),LIV-AVL-CHE-MUN-NFO,23.5,57.35,48.64,21.22,27.42,2.6,2.33,2.4545,-0.1809,False
Tier 2: 1 Premium Anchor + 4 Budget (£23.5m-£24.5m),2,[Anchor: Kerkez (LIV £5.5m)] + Maatsen (AVL £4.5m) + Hato (CHE £4.5m) + Shaw (MUN £4.5m) + Hume (SUN £4.5m),LIV-AVL-CHE-MUN-SUN,23.5,58.41,49.2,20.96,28.24,2.6,2.33,2.4545,-0.1903,True
Tier 2: 1 Premium Anchor + 4 Budget (£23.5m-£24.5m),2,[Anchor: Kerkez (LIV £5.5m)] + Maatsen (AVL £4.5m) + Hato (CHE £4.5m) + Shaw (MUN £4.5m) + Robertson (TOT £4.5m),LIV-AVL-CHE-MUN-TOT,23.5,56.28,49.44,20.37,29.07,2.8,2.33,2.5455,-0.2092,False
Tier 2: 1 Premium Anchor + 4 Budget (£23.5m-£24.5m),2,[Anchor: Kerkez (LIV £5.5m)] + Maatsen (AVL £4.5m) + Hato (CHE £4.5m) + Jair Cunha (NFO £4.5m) + Hume (SUN £4.5m),LIV-AVL-CHE-NFO-SUN,23.5,57.62,48.79,21.31,27.47,2.6,2.33,2.4545,-0.1809,True
Tier 2: 1 Premium Anchor + 4 Budget (£23.5m-£24.5m),2,[Anchor: Kerkez (LIV £5.5m)] + Maatsen (AVL £4.5m) + Hato (CHE £4.5m) + Jair Cunha (NFO £4.5m) + Robertson (TOT £4.5m),LIV-AVL-CHE-NFO-TOT,23.5,55.12,48.73,20.72,28.0,2.8,2.33,2.5455,-0.2364,False
Tier 2: 1 Premium Anchor + 4 Budget (£23.5m-£24.5m),2,[Anchor: Kerkez (LIV £5.5m)] + Maatsen (AVL £4.5m) + Hato (CHE £4.5m) + Hume (SUN £4.5m) + Robertson (TOT £4.5m),LIV-AVL-CHE-SUN-TOT,23.5,56.55,49.59,20.46,29.12,2.8,2.33,2.5455,-0.2092,True
Tier 2: 1 Premium Anchor + 4 Budget (£23.5m-£24.5m),2,[Anchor: Kerkez (LIV £5.5m)] + Maatsen (AVL £4.5m) + Chadi Riad (CRY £4.5m) + Bogle (LEE £4.5m) + Shaw (MUN £4.5m),LIV-AVL-CRY-LEE-MUN,23.5,47.46,46.04,19.86,26.18,2.8,2.5,2.6364,-0.0134,False
Tier 2: 1 Premium Anchor + 4 Budget (£23.5m-£24.5m),2,[Anchor: Kerkez (LIV £5.5m)] + Maatsen (AVL £4.5m) + Chadi Riad (CRY £4.5m) + Bogle (LEE £4.5m) + Hume (SUN £4.5m),LIV-AVL-CRY-LEE-SUN,23.5,47.78,46.22,19.96,26.26,2.8,2.5,2.6364,-0.0134,True
Tier 2: 1 Premium Anchor + 4 Budget (£23.5m-£24.5m),2,[Anchor: Kerkez (LIV £5.5m)] + Maatsen (AVL £4.5m) + Chadi Riad (CRY £4.5m) + Bogle (LEE £4.5m) + Robertson (TOT £4.5m),LIV-AVL-CRY-LEE-TOT,23.5,45.54,46.46,19.37,27.09,3.0,2.5,2.7273,-0.0134,False
Tier 2: 1 Premium Anchor + 4 Budget (£23.5m-£24.5m),2,[Anchor: Kerkez (LIV £5.5m)] + Maatsen (AVL £4.5m) + Chadi Riad (CRY £4.5m) + Shaw (MUN £4.5m) + Jair Cunha (NFO £4.5m),LIV-AVL-CRY-MUN-NFO,23.5,54.37,49.67,22.27,27.4,2.6,2.67,2.6364,0.1232,False
Tier 2: 1 Premium Anchor + 4 Budget (£23.5m-£24.5m),2,[Anchor: Kerkez (LIV £5.5m)] + Maatsen (AVL £4.5m) + Chadi Riad (CRY £4.5m) + Shaw (MUN £4.5m) + Hume (SUN £4.5m),LIV-AVL-CRY-MUN-SUN,23.5,60.12,50.25,22.01,28.24,2.6,2.33,2.4545,-0.15,True
Tier 2: 1 Premium Anchor + 4 Budget (£23.5m-£24.5m),2,[Anchor: Kerkez (LIV £5.5m)] + Maatsen (AVL £4.5m) + Chadi Riad (CRY £4.5m) + Shaw (MUN £4.5m) + Robertson (TOT £4.5m),LIV-AVL-CRY-MUN-TOT,23.5,58.14,50.48,21.41,29.07,2.8,2.33,2.5455,-0.2,False
Tier 2: 1 Premium Anchor + 4 Budget (£23.5m-£24.5m),2,[Anchor: Kerkez (LIV £5.5m)] + Maatsen (AVL £4.5m) + Chadi Riad (CRY £4.5m) + Jair Cunha (NFO £4.5m) + Hume (SUN £4.5m),LIV-AVL-CRY-NFO-SUN,23.5,54.64,49.82,22.36,27.46,2.6,2.67,2.6364,0.1232,True
Tier 2: 1 Premium Anchor + 4 Budget (£23.5m-£24.5m),2,[Anchor: Kerkez (LIV £5.5m)] + Maatsen (AVL £4.5m) + Chadi Riad (CRY £4.5m) + Jair Cunha (NFO £4.5m) + Robertson (TOT £4.5m),LIV-AVL-CRY-NFO-TOT,23.5,52.3,49.76,21.77,27.99,2.8,2.67,2.7273,0.0366,False
Tier 2: 1 Premium Anchor + 4 Budget (£23.5m-£24.5m),2,[Anchor: Kerkez (LIV £5.5m)] + Maatsen (AVL £4.5m) + Chadi Riad (CRY £4.5m) + Hume (SUN £4.5m) + Robertson (TOT £4.5m),LIV-AVL-CRY-SUN-TOT,23.5,58.41,50.63,21.51,29.12,2.8,2.33,2.5455,-0.2,True
Tier 2: 1 Premium Anchor + 4 Budget (£23.5m-£24.5m),2,[Anchor: Kerkez (LIV £5.5m)] + Maatsen (AVL £4.5m) + Mykolenko (EVE £4.5m) + Bogle (LEE £4.5m) + Shaw (MUN £4.5m),LIV-AVL-EVE-LEE-MUN,23.5,49.79,46.85,19.7,27.15,2.8,2.5,2.6364,-0.1866,False
Tier 2: 1 Premium Anchor + 4 Budget (£23.5m-£24.5m),2,[Anchor: Kerkez (LIV £5.5m)] + Maatsen (AVL £4.5m) + Mykolenko (EVE £4.5m) + Bogle (LEE £4.5m) + Hume (SUN £4.5m),LIV-AVL-EVE-LEE-SUN,23.5,50.15,47.04,19.79,27.25,2.8,2.5,2.6364,-0.1866,True
Tier 2: 1 Premium Anchor + 4 Budget (£23.5m-£24.5m),2,[Anchor: Kerkez (LIV £5.5m)] + Maatsen (AVL £4.5m) + Mykolenko (EVE £4.5m) + Bogle (LEE £4.5m) + Robertson (TOT £4.5m),LIV-AVL-EVE-LEE-TOT,23.5,47.91,47.28,19.2,28.08,3.0,2.5,2.7273,-0.1866,False
Tier 2: 1 Premium Anchor + 4 Budget (£23.5m-£24.5m),2,[Anchor: Kerkez (LIV £5.5m)] + Maatsen (AVL £4.5m) + Mykolenko (EVE £4.5m) + Shaw (MUN £4.5m) + Jair Cunha (NFO £4.5m),LIV-AVL-EVE-MUN-NFO,23.5,57.41,49.71,22.1,27.61,2.6,2.5,2.5455,-0.1366,False
Tier 2: 1 Premium Anchor + 4 Budget (£23.5m-£24.5m),2,[Anchor: Kerkez (LIV £5.5m)] + Maatsen (AVL £4.5m) + Mykolenko (EVE £4.5m) + Shaw (MUN £4.5m) + Hume (SUN £4.5m),LIV-AVL-EVE-MUN-SUN,23.5,59.94,50.08,21.84,28.24,2.6,2.33,2.4545,-0.1732,True
Tier 2: 1 Premium Anchor + 4 Budget (£23.5m-£24.5m),2,[Anchor: Kerkez (LIV £5.5m)] + Maatsen (AVL £4.5m) + Mykolenko (EVE £4.5m) + Shaw (MUN £4.5m) + Robertson (TOT £4.5m),LIV-AVL-EVE-MUN-TOT,23.5,57.96,50.32,21.25,29.07,2.8,2.33,2.5455,-0.2232,False
Tier 2: 1 Premium Anchor + 4 Budget (£23.5m-£24.5m),2,[Anchor: Kerkez (LIV £5.5m)] + Maatsen (AVL £4.5m) + Mykolenko (EVE £4.5m) + Jair Cunha (NFO £4.5m) + Hume (SUN £4.5m),LIV-AVL-EVE-NFO-SUN,23.5,57.69,49.86,22.2,27.66,2.6,2.5,2.5455,-0.1366,True
Tier 2: 1 Premium Anchor + 4 Budget (£23.5m-£24.5m),2,[Anchor: Kerkez (LIV £5.5m)] + Maatsen (AVL £4.5m) + Mykolenko (EVE £4.5m) + Jair Cunha (NFO £4.5m) + Robertson (TOT £4.5m),LIV-AVL-EVE-NFO-TOT,23.5,55.34,49.8,21.61,28.19,2.8,2.5,2.6364,-0.2232,False
Tier 2: 1 Premium Anchor + 4 Budget (£23.5m-£24.5m),2,[Anchor: Kerkez (LIV £5.5m)] + Maatsen (AVL £4.5m) + Mykolenko (EVE £4.5m) + Hume (SUN £4.5m) + Robertson (TOT £4.5m),LIV-AVL-EVE-SUN-TOT,23.5,58.23,50.47,21.35,29.12,2.8,2.33,2.5455,-0.2232,True
Tier 2: 1 Premium Anchor + 4 Budget (£23.5m-£24.5m),2,[Anchor: Kerkez (LIV £5.5m)] + Maatsen (AVL £4.5m) + Bogle (LEE £4.5m) + Shaw (MUN £4.5m) + Hume (SUN £4.5m),LIV-AVL-LEE-MUN-SUN,23.5,58.28,49.14,20.9,28.24,2.6,2.33,2.4545,-0.1866,True
Tier 2: 1 Premium Anchor + 4 Budget (£23.5m-£24.5m),2,[Anchor: Kerkez (LIV £5.5m)] + Maatsen (AVL £4.5m) + Bogle (LEE £4.5m) + Shaw (MUN £4.5m) + Robertson (TOT £4.5m),LIV-AVL-LEE-MUN-TOT,23.5,56.05,49.37,20.3,29.07,2.8,2.33,2.5455,-0.1866,False
Tier 2: 1 Premium Anchor + 4 Budget (£23.5m-£24.5m),2,[Anchor: Kerkez (LIV £5.5m)] + Maatsen (AVL £4.5m) + Bogle (LEE £4.5m) + Hume (SUN £4.5m) + Robertson (TOT £4.5m),LIV-AVL-LEE-SUN-TOT,23.5,56.32,49.52,20.4,29.12,2.8,2.33,2.5455,-0.1866,True
Tier 2: 1 Premium Anchor + 4 Budget (£23.5m-£24.5m),2,[Anchor: Kerkez (LIV £5.5m)] + Maatsen (AVL £4.5m) + Shaw (MUN £4.5m) + Jair Cunha (NFO £4.5m) + Hume (SUN £4.5m),LIV-AVL-MUN-NFO-SUN,23.5,65.82,51.95,23.3,28.65,2.4,2.33,2.3636,-0.1366,True
Tier 2: 1 Premium Anchor + 4 Budget (£23.5m-£24.5m),2,[Anchor: Kerkez (LIV £5.5m)] + Maatsen (AVL £4.5m) + Shaw (MUN £4.5m) + Jair Cunha (NFO £4.5m) + Robertson (TOT £4.5m),LIV-AVL-MUN-NFO-TOT,23.5,63.48,51.89,22.71,29.18,2.6,2.33,2.4545,-0.2232,False
Tier 2: 1 Premium Anchor + 4 Budget (£23.5m-£24.5m),2,[Anchor: Kerkez (LIV £5.5m)] + Maatsen (AVL £4.5m) + Shaw (MUN £4.5m) + Hume (SUN £4.5m) + Robertson (TOT £4.5m),LIV-AVL-MUN-SUN-TOT,23.5,62.9,51.57,22.45,29.12,2.6,2.33,2.4545,-0.2232,True
Tier 2: 1 Premium Anchor + 4 Budget (£23.5m-£24.5m),2,[Anchor: Kerkez (LIV £5.5m)] + Maatsen (AVL £4.5m) + Jair Cunha (NFO £4.5m) + Hume (SUN £4.5m) + Robertson (TOT £4.5m),LIV-AVL-NFO-SUN-TOT,23.5,63.75,52.04,22.8,29.24,2.6,2.33,2.4545,-0.2232,True
Tier 2: 1 Premium Anchor + 4 Budget (£23.5m-£24.5m),2,[Anchor: Kerkez (LIV £5.5m)] + De Cuyper (BHA £4.5m) + Ajer (BRE £4.5m) + Hato (CHE £4.5m) + Chadi Riad (CRY £4.5m),LIV-BHA-BRE-CHE-CRY,23.5,44.33,45.18,18.91,26.27,3.0,2.33,2.6364,0.097,False
Tier 2: 1 Premium Anchor + 4 Budget (£23.5m-£24.5m),2,[Anchor: Kerkez (LIV £5.5m)] + De Cuyper (BHA £4.5m) + Ajer (BRE £4.5m) + Hato (CHE £4.5m) + Mykolenko (EVE £4.5m),LIV-BHA-BRE-CHE-EVE,23.5,46.01,45.26,18.75,26.52,3.0,2.33,2.6364,-0.2061,False
Tier 2: 1 Premium Anchor + 4 Budget (£23.5m-£24.5m),2,[Anchor: Kerkez (LIV £5.5m)] + De Cuyper (BHA £4.5m) + Ajer (BRE £4.5m) + Hato (CHE £4.5m) + Bogle (LEE £4.5m),LIV-BHA-BRE-CHE-LEE,23.5,42.87,44.06,17.8,26.27,3.0,2.33,2.6364,-0.014,False
Tier 2: 1 Premium Anchor + 4 Budget (£23.5m-£24.5m),2,[Anchor: Kerkez (LIV £5.5m)] + De Cuyper (BHA £4.5m) + Ajer (BRE £4.5m) + Hato (CHE £4.5m) + Shaw (MUN £4.5m),LIV-BHA-BRE-CHE-MUN,23.5,54.15,47.36,19.85,27.51,2.8,2.17,2.4545,-0.2061,False
Tier 2: 1 Premium Anchor + 4 Budget (£23.5m-£24.5m),2,[Anchor: Kerkez (LIV £5.5m)] + De Cuyper (BHA £4.5m) + Ajer (BRE £4.5m) + Hato (CHE £4.5m) + Jair Cunha (NFO £4.5m),LIV-BHA-BRE-CHE-NFO,23.5,49.82,46.47,20.2,26.27,2.8,2.33,2.5455,0.0033,False
Tier 2: 1 Premium Anchor + 4 Budget (£23.5m-£24.5m),2,[Anchor: Kerkez (LIV £5.5m)] + De Cuyper (BHA £4.5m) + Ajer (BRE £4.5m) + Hato (CHE £4.5m) + Hume (SUN £4.5m),LIV-BHA-BRE-CHE-SUN,23.5,54.42,47.51,19.94,27.56,2.8,2.17,2.4545,-0.2061,True
Tier 2: 1 Premium Anchor + 4 Budget (£23.5m-£24.5m),2,[Anchor: Kerkez (LIV £5.5m)] + De Cuyper (BHA £4.5m) + Ajer (BRE £4.5m) + Chadi Riad (CRY £4.5m) + Bogle (LEE £4.5m),LIV-BHA-BRE-CRY-LEE,23.5,39.28,44.31,18.85,25.47,3.0,2.5,2.7273,0.4598,False
Tier 2: 1 Premium Anchor + 4 Budget (£23.5m-£24.5m),2,[Anchor: Kerkez (LIV £5.5m)] + De Cuyper (BHA £4.5m) + Ajer (BRE £4.5m) + Chadi Riad (CRY £4.5m) + Shaw (MUN £4.5m),LIV-BHA-BRE-CRY-MUN,23.5,52.63,48.34,20.9,27.45,2.8,2.33,2.5455,0.1232,False
Tier 2: 1 Premium Anchor + 4 Budget (£23.5m-£24.5m),2,[Anchor: Kerkez (LIV £5.5m)] + De Cuyper (BHA £4.5m) + Ajer (BRE £4.5m) + Chadi Riad (CRY £4.5m) + Jair Cunha (NFO £4.5m),LIV-BHA-BRE-CRY-NFO,23.5,45.4,47.5,21.25,26.25,2.8,2.67,2.7273,0.5964,False
Tier 2: 1 Premium Anchor + 4 Budget (£23.5m-£24.5m),2,[Anchor: Kerkez (LIV £5.5m)] + De Cuyper (BHA £4.5m) + Ajer (BRE £4.5m) + Chadi Riad (CRY £4.5m) + Hume (SUN £4.5m),LIV-BHA-BRE-CRY-SUN,23.5,52.9,48.49,20.99,27.5,2.8,2.33,2.5455,0.1232,True
Tier 2: 1 Premium Anchor + 4 Budget (£23.5m-£24.5m),2,[Anchor: Kerkez (LIV £5.5m)] + De Cuyper (BHA £4.5m) + Ajer (BRE £4.5m) + Mykolenko (EVE £4.5m) + Bogle (LEE £4.5m),LIV-BHA-BRE-EVE-LEE,23.5,43.15,45.14,18.68,26.45,3.0,2.5,2.7273,-0.0134,False
Tier 2: 1 Premium Anchor + 4 Budget (£23.5m-£24.5m),2,[Anchor: Kerkez (LIV £5.5m)] + De Cuyper (BHA £4.5m) + Ajer (BRE £4.5m) + Mykolenko (EVE £4.5m) + Shaw (MUN £4.5m),LIV-BHA-BRE-EVE-MUN,23.5,54.4,48.43,20.73,27.7,2.8,2.33,2.5455,-0.2,False
Tier 2: 1 Premium Anchor + 4 Budget (£23.5m-£24.5m),2,[Anchor: Kerkez (LIV £5.5m)] + De Cuyper (BHA £4.5m) + Ajer (BRE £4.5m) + Mykolenko (EVE £4.5m) + Jair Cunha (NFO £4.5m),LIV-BHA-BRE-EVE-NFO,23.5,49.94,47.54,21.09,26.45,2.8,2.5,2.6364,0.0366,False
Tier 2: 1 Premium Anchor + 4 Budget (£23.5m-£24.5m),2,[Anchor: Kerkez (LIV £5.5m)] + De Cuyper (BHA £4.5m) + Ajer (BRE £4.5m) + Mykolenko (EVE £4.5m) + Hume (SUN £4.5m),LIV-BHA-BRE-EVE-SUN,23.5,54.67,48.58,20.83,27.75,2.8,2.33,2.5455,-0.2,True
Tier 2: 1 Premium Anchor + 4 Budget (£23.5m-£24.5m),2,[Anchor: Kerkez (LIV £5.5m)] + De Cuyper (BHA £4.5m) + Ajer (BRE £4.5m) + Bogle (LEE £4.5m) + Shaw (MUN £4.5m),LIV-BHA-BRE-LEE-MUN,23.5,51.29,47.23,19.78,27.45,2.8,2.33,2.5455,-0.0134,False
Tier 2: 1 Premium Anchor + 4 Budget (£23.5m-£24.5m),2,[Anchor: Kerkez (LIV £5.5m)] + De Cuyper (BHA £4.5m) + Ajer (BRE £4.5m) + Bogle (LEE £4.5m) + Hume (SUN £4.5m),LIV-BHA-BRE-LEE-SUN,23.5,51.56,47.38,19.88,27.5,2.8,2.33,2.5455,-0.0134,True
Tier 2: 1 Premium Anchor + 4 Budget (£23.5m-£24.5m),2,[Anchor: Kerkez (LIV £5.5m)] + De Cuyper (BHA £4.5m) + Ajer (BRE £4.5m) + Shaw (MUN £4.5m) + Jair Cunha (NFO £4.5m),LIV-BHA-BRE-MUN-NFO,23.5,58.08,49.64,22.19,27.45,2.6,2.33,2.4545,0.0366,False
Tier 2: 1 Premium Anchor + 4 Budget (£23.5m-£24.5m),2,[Anchor: Kerkez (LIV £5.5m)] + De Cuyper (BHA £4.5m) + Ajer (BRE £4.5m) + Shaw (MUN £4.5m) + Hume (SUN £4.5m),LIV-BHA-BRE-MUN-SUN,23.5,62.81,50.67,21.93,28.74,2.6,2.17,2.3636,-0.2,True
Tier 2: 1 Premium Anchor + 4 Budget (£23.5m-£24.5m),2,[Anchor: Kerkez (LIV £5.5m)] + De Cuyper (BHA £4.5m) + Ajer (BRE £4.5m) + Jair Cunha (NFO £4.5m) + Hume (SUN £4.5m),LIV-BHA-BRE-NFO-SUN,23.5,58.35,49.79,22.28,27.5,2.6,2.33,2.4545,0.0366,True
Tier 2: 1 Premium Anchor + 4 Budget (£23.5m-£24.5m),2,[Anchor: Kerkez (LIV £5.5m)] + De Cuyper (BHA £4.5m) + Hato (CHE £4.5m) + Chadi Riad (CRY £4.5m) + Bogle (LEE £4.5m),LIV-BHA-CHE-CRY-LEE,23.5,38.8,42.66,17.91,24.74,3.0,2.5,2.7273,-0.0451,False
Tier 2: 1 Premium Anchor + 4 Budget (£23.5m-£24.5m),2,[Anchor: Kerkez (LIV £5.5m)] + De Cuyper (BHA £4.5m) + Hato (CHE £4.5m) + Chadi Riad (CRY £4.5m) + Shaw (MUN £4.5m),LIV-BHA-CHE-CRY-MUN,23.5,51.17,46.69,19.96,26.72,2.8,2.33,2.5455,-0.1872,False
Tier 2: 1 Premium Anchor + 4 Budget (£23.5m-£24.5m),2,[Anchor: Kerkez (LIV £5.5m)] + De Cuyper (BHA £4.5m) + Hato (CHE £4.5m) + Chadi Riad (CRY £4.5m) + Jair Cunha (NFO £4.5m),LIV-BHA-CHE-CRY-NFO,23.5,45.87,46.28,20.32,25.96,2.8,2.67,2.7273,0.0588,False
Tier 2: 1 Premium Anchor + 4 Budget (£23.5m-£24.5m),2,[Anchor: Kerkez (LIV £5.5m)] + De Cuyper (BHA £4.5m) + Hato (CHE £4.5m) + Chadi Riad (CRY £4.5m) + Hume (SUN £4.5m),LIV-BHA-CHE-CRY-SUN,23.5,51.48,46.86,20.06,26.8,2.8,2.33,2.5455,-0.1872,True
Tier 2: 1 Premium Anchor + 4 Budget (£23.5m-£24.5m),2,[Anchor: Kerkez (LIV £5.5m)] + De Cuyper (BHA £4.5m) + Hato (CHE £4.5m) + Chadi Riad (CRY £4.5m) + Robertson (TOT £4.5m),LIV-BHA-CHE-CRY-TOT,23.5,49.34,47.1,19.47,27.63,3.0,2.33,2.6364,-0.2061,False
Tier 2: 1 Premium Anchor + 4 Budget (£23.5m-£24.5m),2,[Anchor: Kerkez (LIV £5.5m)] + De Cuyper (BHA £4.5m) + Hato (CHE £4.5m) + Mykolenko (EVE £4.5m) + Bogle (LEE £4.5m),LIV-BHA-CHE-EVE-LEE,23.5,38.82,42.25,17.75,24.5,3.0,2.5,2.7273,-0.1982,False
Tier 2: 1 Premium Anchor + 4 Budget (£23.5m-£24.5m),2,[Anchor: Kerkez (LIV £5.5m)] + De Cuyper (BHA £4.5m) + Hato (CHE £4.5m) + Mykolenko (EVE £4.5m) + Shaw (MUN £4.5m),LIV-BHA-CHE-EVE-MUN,23.5,50.84,46.5,19.8,26.7,2.8,2.33,2.5455,-0.1903,False
Tier 2: 1 Premium Anchor + 4 Budget (£23.5m-£24.5m),2,[Anchor: Kerkez (LIV £5.5m)] + De Cuyper (BHA £4.5m) + Hato (CHE £4.5m) + Mykolenko (EVE £4.5m) + Jair Cunha (NFO £4.5m),LIV-BHA-CHE-EVE-NFO,23.5,48.81,46.32,20.16,26.17,2.8,2.5,2.6364,-0.1809,False
Tier 2: 1 Premium Anchor + 4 Budget (£23.5m-£24.5m),2,[Anchor: Kerkez (LIV £5.5m)] + De Cuyper (BHA £4.5m) + Hato (CHE £4.5m) + Mykolenko (EVE £4.5m) + Hume (SUN £4.5m),LIV-BHA-CHE-EVE-SUN,23.5,51.2,46.7,19.89,26.8,2.8,2.33,2.5455,-0.1903,True
Tier 2: 1 Premium Anchor + 4 Budget (£23.5m-£24.5m),2,[Anchor: Kerkez (LIV £5.5m)] + De Cuyper (BHA £4.5m) + Hato (CHE £4.5m) + Mykolenko (EVE £4.5m) + Robertson (TOT £4.5m),LIV-BHA-CHE-EVE-TOT,23.5,49.06,46.94,19.3,27.63,3.0,2.33,2.6364,-0.2092,False
Tier 2: 1 Premium Anchor + 4 Budget (£23.5m-£24.5m),2,[Anchor: Kerkez (LIV £5.5m)] + De Cuyper (BHA £4.5m) + Hato (CHE £4.5m) + Bogle (LEE £4.5m) + Shaw (MUN £4.5m),LIV-BHA-CHE-LEE-MUN,23.5,49.16,45.55,18.85,26.7,2.8,2.33,2.5455,-0.1982,False
Tier 2: 1 Premium Anchor + 4 Budget (£23.5m-£24.5m),2,[Anchor: Kerkez (LIV £5.5m)] + De Cuyper (BHA £4.5m) + Hato (CHE £4.5m) + Bogle (LEE £4.5m) + Hume (SUN £4.5m),LIV-BHA-CHE-LEE-SUN,23.5,49.52,45.75,18.95,26.8,2.8,2.33,2.5455,-0.1982,True
Tier 2: 1 Premium Anchor + 4 Budget (£23.5m-£24.5m),2,[Anchor: Kerkez (LIV £5.5m)] + De Cuyper (BHA £4.5m) + Hato (CHE £4.5m) + Bogle (LEE £4.5m) + Robertson (TOT £4.5m),LIV-BHA-CHE-LEE-TOT,23.5,47.13,45.99,18.36,27.63,3.0,2.33,2.6364,-0.1671,False
Tier 2: 1 Premium Anchor + 4 Budget (£23.5m-£24.5m),2,[Anchor: Kerkez (LIV £5.5m)] + De Cuyper (BHA £4.5m) + Hato (CHE £4.5m) + Shaw (MUN £4.5m) + Jair Cunha (NFO £4.5m),LIV-BHA-CHE-MUN-NFO,23.5,56.95,48.42,21.26,27.16,2.6,2.33,2.4545,-0.1809,False
Tier 2: 1 Premium Anchor + 4 Budget (£23.5m-£24.5m),2,[Anchor: Kerkez (LIV £5.5m)] + De Cuyper (BHA £4.5m) + Hato (CHE £4.5m) + Shaw (MUN £4.5m) + Hume (SUN £4.5m),LIV-BHA-CHE-MUN-SUN,23.5,58.01,48.98,21.0,27.98,2.6,2.33,2.4545,-0.1903,True
Tier 2: 1 Premium Anchor + 4 Budget (£23.5m-£24.5m),2,[Anchor: Kerkez (LIV £5.5m)] + De Cuyper (BHA £4.5m) + Hato (CHE £4.5m) + Shaw (MUN £4.5m) + Robertson (TOT £4.5m),LIV-BHA-CHE-MUN-TOT,23.5,55.88,49.22,20.4,28.81,2.8,2.33,2.5455,-0.2092,False
Tier 2: 1 Premium Anchor + 4 Budget (£23.5m-£24.5m),2,[Anchor: Kerkez (LIV £5.5m)] + De Cuyper (BHA £4.5m) + Hato (CHE £4.5m) + Jair Cunha (NFO £4.5m) + Hume (SUN £4.5m),LIV-BHA-CHE-NFO-SUN,23.5,57.22,48.57,21.35,27.21,2.6,2.33,2.4545,-0.1809,True
Tier 2: 1 Premium Anchor + 4 Budget (£23.5m-£24.5m),2,[Anchor: Kerkez (LIV £5.5m)] + De Cuyper (BHA £4.5m) + Hato (CHE £4.5m) + Jair Cunha (NFO £4.5m) + Robertson (TOT £4.5m),LIV-BHA-CHE-NFO-TOT,23.5,54.72,48.5,20.76,27.74,2.8,2.33,2.5455,-0.2364,False
Tier 2: 1 Premium Anchor + 4 Budget (£23.5m-£24.5m),2,[Anchor: Kerkez (LIV £5.5m)] + De Cuyper (BHA £4.5m) + Hato (CHE £4.5m) + Hume (SUN £4.5m) + Robertson (TOT £4.5m),LIV-BHA-CHE-SUN-TOT,23.5,56.15,49.36,20.5,28.86,2.8,2.33,2.5455,-0.2092,True
Tier 2: 1 Premium Anchor + 4 Budget (£23.5m-£24.5m),2,[Anchor: Kerkez (LIV £5.5m)] + De Cuyper (BHA £4.5m) + Chadi Riad (CRY £4.5m) + Bogle (LEE £4.5m) + Shaw (MUN £4.5m),LIV-BHA-CRY-LEE-MUN,23.5,47.06,45.82,19.9,25.92,2.8,2.5,2.6364,-0.0134,False
Tier 2: 1 Premium Anchor + 4 Budget (£23.5m-£24.5m),2,[Anchor: Kerkez (LIV £5.5m)] + De Cuyper (BHA £4.5m) + Chadi Riad (CRY £4.5m) + Bogle (LEE £4.5m) + Hume (SUN £4.5m),LIV-BHA-CRY-LEE-SUN,23.5,47.38,46.0,19.99,26.0,2.8,2.5,2.6364,-0.0134,True
Tier 2: 1 Premium Anchor + 4 Budget (£23.5m-£24.5m),2,[Anchor: Kerkez (LIV £5.5m)] + De Cuyper (BHA £4.5m) + Chadi Riad (CRY £4.5m) + Bogle (LEE £4.5m) + Robertson (TOT £4.5m),LIV-BHA-CRY-LEE-TOT,23.5,45.14,46.23,19.4,26.83,3.0,2.5,2.7273,-0.0134,False
Tier 2: 1 Premium Anchor + 4 Budget (£23.5m-£24.5m),2,[Anchor: Kerkez (LIV £5.5m)] + De Cuyper (BHA £4.5m) + Chadi Riad (CRY £4.5m) + Shaw (MUN £4.5m) + Jair Cunha (NFO £4.5m),LIV-BHA-CRY-MUN-NFO,23.5,53.97,49.45,22.3,27.14,2.6,2.67,2.6364,0.1232,False
Tier 2: 1 Premium Anchor + 4 Budget (£23.5m-£24.5m),2,[Anchor: Kerkez (LIV £5.5m)] + De Cuyper (BHA £4.5m) + Chadi Riad (CRY £4.5m) + Shaw (MUN £4.5m) + Hume (SUN £4.5m),LIV-BHA-CRY-MUN-SUN,23.5,59.72,50.03,22.04,27.98,2.6,2.33,2.4545,-0.15,True
Tier 2: 1 Premium Anchor + 4 Budget (£23.5m-£24.5m),2,[Anchor: Kerkez (LIV £5.5m)] + De Cuyper (BHA £4.5m) + Chadi Riad (CRY £4.5m) + Shaw (MUN £4.5m) + Robertson (TOT £4.5m),LIV-BHA-CRY-MUN-TOT,23.5,57.74,50.26,21.45,28.81,2.8,2.33,2.5455,-0.2,False
Tier 2: 1 Premium Anchor + 4 Budget (£23.5m-£24.5m),2,[Anchor: Kerkez (LIV £5.5m)] + De Cuyper (BHA £4.5m) + Chadi Riad (CRY £4.5m) + Jair Cunha (NFO £4.5m) + Hume (SUN £4.5m),LIV-BHA-CRY-NFO-SUN,23.5,54.24,49.6,22.4,27.2,2.6,2.67,2.6364,0.1232,True
Tier 2: 1 Premium Anchor + 4 Budget (£23.5m-£24.5m),2,[Anchor: Kerkez (LIV £5.5m)] + De Cuyper (BHA £4.5m) + Chadi Riad (CRY £4.5m) + Jair Cunha (NFO £4.5m) + Robertson (TOT £4.5m),LIV-BHA-CRY-NFO-TOT,23.5,51.9,49.54,21.81,27.73,2.8,2.67,2.7273,0.0366,False
Tier 2: 1 Premium Anchor + 4 Budget (£23.5m-£24.5m),2,[Anchor: Kerkez (LIV £5.5m)] + De Cuyper (BHA £4.5m) + Chadi Riad (CRY £4.5m) + Hume (SUN £4.5m) + Robertson (TOT £4.5m),LIV-BHA-CRY-SUN-TOT,23.5,58.01,50.41,21.55,28.86,2.8,2.33,2.5455,-0.2,True
Tier 2: 1 Premium Anchor + 4 Budget (£23.5m-£24.5m),2,[Anchor: Kerkez (LIV £5.5m)] + De Cuyper (BHA £4.5m) + Mykolenko (EVE £4.5m) + Bogle (LEE £4.5m) + Shaw (MUN £4.5m),LIV-BHA-EVE-LEE-MUN,23.5,49.39,46.63,19.74,26.89,2.8,2.5,2.6364,-0.1866,False
Tier 2: 1 Premium Anchor + 4 Budget (£23.5m-£24.5m),2,[Anchor: Kerkez (LIV £5.5m)] + De Cuyper (BHA £4.5m) + Mykolenko (EVE £4.5m) + Bogle (LEE £4.5m) + Hume (SUN £4.5m),LIV-BHA-EVE-LEE-SUN,23.5,49.74,46.82,19.83,26.99,2.8,2.5,2.6364,-0.1866,True
Tier 2: 1 Premium Anchor + 4 Budget (£23.5m-£24.5m),2,[Anchor: Kerkez (LIV £5.5m)] + De Cuyper (BHA £4.5m) + Mykolenko (EVE £4.5m) + Bogle (LEE £4.5m) + Robertson (TOT £4.5m),LIV-BHA-EVE-LEE-TOT,23.5,47.51,47.06,19.24,27.82,3.0,2.5,2.7273,-0.1866,False
Tier 2: 1 Premium Anchor + 4 Budget (£23.5m-£24.5m),2,[Anchor: Kerkez (LIV £5.5m)] + De Cuyper (BHA £4.5m) + Mykolenko (EVE £4.5m) + Shaw (MUN £4.5m) + Jair Cunha (NFO £4.5m),LIV-BHA-EVE-MUN-NFO,23.5,57.01,49.49,22.14,27.35,2.6,2.5,2.5455,-0.1366,False
Tier 2: 1 Premium Anchor + 4 Budget (£23.5m-£24.5m),2,[Anchor: Kerkez (LIV £5.5m)] + De Cuyper (BHA £4.5m) + Mykolenko (EVE £4.5m) + Shaw (MUN £4.5m) + Hume (SUN £4.5m),LIV-BHA-EVE-MUN-SUN,23.5,59.54,49.86,21.88,27.98,2.6,2.33,2.4545,-0.1732,True
Tier 2: 1 Premium Anchor + 4 Budget (£23.5m-£24.5m),2,[Anchor: Kerkez (LIV £5.5m)] + De Cuyper (BHA £4.5m) + Mykolenko (EVE £4.5m) + Shaw (MUN £4.5m) + Robertson (TOT £4.5m),LIV-BHA-EVE-MUN-TOT,23.5,57.56,50.1,21.29,28.81,2.8,2.33,2.5455,-0.2232,False
Tier 2: 1 Premium Anchor + 4 Budget (£23.5m-£24.5m),2,[Anchor: Kerkez (LIV £5.5m)] + De Cuyper (BHA £4.5m) + Mykolenko (EVE £4.5m) + Jair Cunha (NFO £4.5m) + Hume (SUN £4.5m),LIV-BHA-EVE-NFO-SUN,23.5,57.28,49.64,22.24,27.4,2.6,2.5,2.5455,-0.1366,True
Tier 2: 1 Premium Anchor + 4 Budget (£23.5m-£24.5m),2,[Anchor: Kerkez (LIV £5.5m)] + De Cuyper (BHA £4.5m) + Mykolenko (EVE £4.5m) + Jair Cunha (NFO £4.5m) + Robertson (TOT £4.5m),LIV-BHA-EVE-NFO-TOT,23.5,54.94,49.58,21.65,27.93,2.8,2.5,2.6364,-0.2232,False
Tier 2: 1 Premium Anchor + 4 Budget (£23.5m-£24.5m),2,[Anchor: Kerkez (LIV £5.5m)] + De Cuyper (BHA £4.5m) + Mykolenko (EVE £4.5m) + Hume (SUN £4.5m) + Robertson (TOT £4.5m),LIV-BHA-EVE-SUN-TOT,23.5,57.83,50.25,21.39,28.86,2.8,2.33,2.5455,-0.2232,True
Tier 2: 1 Premium Anchor + 4 Budget (£23.5m-£24.5m),2,[Anchor: Kerkez (LIV £5.5m)] + De Cuyper (BHA £4.5m) + Bogle (LEE £4.5m) + Shaw (MUN £4.5m) + Hume (SUN £4.5m),LIV-BHA-LEE-MUN-SUN,23.5,57.88,48.91,20.93,27.98,2.6,2.33,2.4545,-0.1866,True
Tier 2: 1 Premium Anchor + 4 Budget (£23.5m-£24.5m),2,[Anchor: Kerkez (LIV £5.5m)] + De Cuyper (BHA £4.5m) + Bogle (LEE £4.5m) + Shaw (MUN £4.5m) + Robertson (TOT £4.5m),LIV-BHA-LEE-MUN-TOT,23.5,55.65,49.15,20.34,28.81,2.8,2.33,2.5455,-0.1866,False
Tier 2: 1 Premium Anchor + 4 Budget (£23.5m-£24.5m),2,[Anchor: Kerkez (LIV £5.5m)] + De Cuyper (BHA £4.5m) + Bogle (LEE £4.5m) + Hume (SUN £4.5m) + Robertson (TOT £4.5m),LIV-BHA-LEE-SUN-TOT,23.5,55.92,49.3,20.44,28.86,2.8,2.33,2.5455,-0.1866,True
Tier 2: 1 Premium Anchor + 4 Budget (£23.5m-£24.5m),2,[Anchor: Kerkez (LIV £5.5m)] + De Cuyper (BHA £4.5m) + Shaw (MUN £4.5m) + Jair Cunha (NFO £4.5m) + Hume (SUN £4.5m),LIV-BHA-MUN-NFO-SUN,23.5,65.42,51.73,23.34,28.39,2.4,2.33,2.3636,-0.1366,True
Tier 2: 1 Premium Anchor + 4 Budget (£23.5m-£24.5m),2,[Anchor: Kerkez (LIV £5.5m)] + De Cuyper (BHA £4.5m) + Shaw (MUN £4.5m) + Jair Cunha (NFO £4.5m) + Robertson (TOT £4.5m),LIV-BHA-MUN-NFO-TOT,23.5,63.08,51.67,22.75,28.92,2.6,2.33,2.4545,-0.2232,False
Tier 2: 1 Premium Anchor + 4 Budget (£23.5m-£24.5m),2,[Anchor: Kerkez (LIV £5.5m)] + De Cuyper (BHA £4.5m) + Shaw (MUN £4.5m) + Hume (SUN £4.5m) + Robertson (TOT £4.5m),LIV-BHA-MUN-SUN-TOT,23.5,62.5,51.35,22.49,28.86,2.6,2.33,2.4545,-0.2232,True
Tier 2: 1 Premium Anchor + 4 Budget (£23.5m-£24.5m),2,[Anchor: Kerkez (LIV £5.5m)] + De Cuyper (BHA £4.5m) + Jair Cunha (NFO £4.5m) + Hume (SUN £4.5m) + Robertson (TOT £4.5m),LIV-BHA-NFO-SUN-TOT,23.5,63.35,51.82,22.84,28.98,2.6,2.33,2.4545,-0.2232,True
Tier 2: 1 Premium Anchor + 4 Budget (£23.5m-£24.5m),2,[Anchor: Kerkez (LIV £5.5m)] + Ajer (BRE £4.5m) + Hato (CHE £4.5m) + Chadi Riad (CRY £4.5m) + Bogle (LEE £4.5m),LIV-BRE-CHE-CRY-LEE,23.5,38.41,42.39,17.53,24.86,3.0,2.5,2.7273,-0.0646,False
Tier 2: 1 Premium Anchor + 4 Budget (£23.5m-£24.5m),2,[Anchor: Kerkez (LIV £5.5m)] + Ajer (BRE £4.5m) + Hato (CHE £4.5m) + Chadi Riad (CRY £4.5m) + Shaw (MUN £4.5m),LIV-BRE-CHE-CRY-MUN,23.5,49.5,45.68,19.58,26.1,2.8,2.33,2.5455,-0.2201,False
Tier 2: 1 Premium Anchor + 4 Budget (£23.5m-£24.5m),2,[Anchor: Kerkez (LIV £5.5m)] + Ajer (BRE £4.5m) + Hato (CHE £4.5m) + Chadi Riad (CRY £4.5m) + Jair Cunha (NFO £4.5m),LIV-BRE-CHE-CRY-NFO,23.5,45.97,45.23,19.94,25.29,2.8,2.5,2.6364,-0.0107,False
Tier 2: 1 Premium Anchor + 4 Budget (£23.5m-£24.5m),2,[Anchor: Kerkez (LIV £5.5m)] + Ajer (BRE £4.5m) + Hato (CHE £4.5m) + Chadi Riad (CRY £4.5m) + Hume (SUN £4.5m),LIV-BRE-CHE-CRY-SUN,23.5,49.82,45.85,19.68,26.18,2.8,2.33,2.5455,-0.2201,True
Tier 2: 1 Premium Anchor + 4 Budget (£23.5m-£24.5m),2,[Anchor: Kerkez (LIV £5.5m)] + Ajer (BRE £4.5m) + Hato (CHE £4.5m) + Mykolenko (EVE £4.5m) + Bogle (LEE £4.5m),LIV-BRE-CHE-EVE-LEE,23.5,36.98,41.25,17.37,23.87,3.0,2.5,2.7273,-0.1945,False
Tier 2: 1 Premium Anchor + 4 Budget (£23.5m-£24.5m),2,[Anchor: Kerkez (LIV £5.5m)] + Ajer (BRE £4.5m) + Hato (CHE £4.5m) + Mykolenko (EVE £4.5m) + Shaw (MUN £4.5m),LIV-BRE-CHE-EVE-MUN,23.5,49.06,45.49,19.42,26.07,2.8,2.33,2.5455,-0.2,False
Tier 2: 1 Premium Anchor + 4 Budget (£23.5m-£24.5m),2,[Anchor: Kerkez (LIV £5.5m)] + Ajer (BRE £4.5m) + Hato (CHE £4.5m) + Mykolenko (EVE £4.5m) + Jair Cunha (NFO £4.5m),LIV-BRE-CHE-EVE-NFO,23.5,47.21,45.32,19.78,25.54,2.8,2.5,2.6364,-0.2272,False
Tier 2: 1 Premium Anchor + 4 Budget (£23.5m-£24.5m),2,[Anchor: Kerkez (LIV £5.5m)] + Ajer (BRE £4.5m) + Hato (CHE £4.5m) + Mykolenko (EVE £4.5m) + Hume (SUN £4.5m),LIV-BRE-CHE-EVE-SUN,23.5,49.42,45.69,19.52,26.18,2.8,2.33,2.5455,-0.2,True
Tier 2: 1 Premium Anchor + 4 Budget (£23.5m-£24.5m),2,[Anchor: Kerkez (LIV £5.5m)] + Ajer (BRE £4.5m) + Hato (CHE £4.5m) + Bogle (LEE £4.5m) + Shaw (MUN £4.5m),LIV-BRE-CHE-LEE-MUN,23.5,47.31,44.55,18.47,26.07,2.8,2.33,2.5455,-0.1945,False
Tier 2: 1 Premium Anchor + 4 Budget (£23.5m-£24.5m),2,[Anchor: Kerkez (LIV £5.5m)] + Ajer (BRE £4.5m) + Hato (CHE £4.5m) + Bogle (LEE £4.5m) + Hume (SUN £4.5m),LIV-BRE-CHE-LEE-SUN,23.5,47.67,44.74,18.57,26.18,2.8,2.33,2.5455,-0.1945,True
Tier 2: 1 Premium Anchor + 4 Budget (£23.5m-£24.5m),2,[Anchor: Kerkez (LIV £5.5m)] + Ajer (BRE £4.5m) + Hato (CHE £4.5m) + Shaw (MUN £4.5m) + Jair Cunha (NFO £4.5m),LIV-BRE-CHE-MUN-NFO,23.5,55.35,47.41,20.88,26.53,2.6,2.33,2.4545,-0.2272,False
Tier 2: 1 Premium Anchor + 4 Budget (£23.5m-£24.5m),2,[Anchor: Kerkez (LIV £5.5m)] + Ajer (BRE £4.5m) + Hato (CHE £4.5m) + Shaw (MUN £4.5m) + Hume (SUN £4.5m),LIV-BRE-CHE-MUN-SUN,23.5,56.23,47.97,20.62,27.35,2.6,2.33,2.4545,-0.2,True
Tier 2: 1 Premium Anchor + 4 Budget (£23.5m-£24.5m),2,[Anchor: Kerkez (LIV £5.5m)] + Ajer (BRE £4.5m) + Hato (CHE £4.5m) + Jair Cunha (NFO £4.5m) + Hume (SUN £4.5m),LIV-BRE-CHE-NFO-SUN,23.5,55.62,47.56,20.97,26.59,2.6,2.33,2.4545,-0.2272,True
Tier 2: 1 Premium Anchor + 4 Budget (£23.5m-£24.5m),2,[Anchor: Kerkez (LIV £5.5m)] + Ajer (BRE £4.5m) + Chadi Riad (CRY £4.5m) + Bogle (LEE £4.5m) + Shaw (MUN £4.5m),LIV-BRE-CRY-LEE-MUN,23.5,46.76,45.56,19.52,26.03,2.8,2.5,2.6364,-0.05,False
Tier 2: 1 Premium Anchor + 4 Budget (£23.5m-£24.5m),2,[Anchor: Kerkez (LIV £5.5m)] + Ajer (BRE £4.5m) + Chadi Riad (CRY £4.5m) + Bogle (LEE £4.5m) + Hume (SUN £4.5m),LIV-BRE-CRY-LEE-SUN,23.5,47.07,45.73,19.62,26.11,2.8,2.5,2.6364,-0.05,True
Tier 2: 1 Premium Anchor + 4 Budget (£23.5m-£24.5m),2,[Anchor: Kerkez (LIV £5.5m)] + Ajer (BRE £4.5m) + Chadi Riad (CRY £4.5m) + Shaw (MUN £4.5m) + Jair Cunha (NFO £4.5m),LIV-BRE-CRY-MUN-NFO,23.5,54.16,48.4,21.93,26.47,2.6,2.5,2.5455,0.0366,False
Tier 2: 1 Premium Anchor + 4 Budget (£23.5m-£24.5m),2,[Anchor: Kerkez (LIV £5.5m)] + Ajer (BRE £4.5m) + Chadi Riad (CRY £4.5m) + Shaw (MUN £4.5m) + Hume (SUN £4.5m),LIV-BRE-CRY-MUN-SUN,23.5,58.14,49.02,21.66,27.35,2.6,2.33,2.4545,-0.2,True
Tier 2: 1 Premium Anchor + 4 Budget (£23.5m-£24.5m),2,[Anchor: Kerkez (LIV £5.5m)] + Ajer (BRE £4.5m) + Chadi Riad (CRY £4.5m) + Jair Cunha (NFO £4.5m) + Hume (SUN £4.5m),LIV-BRE-CRY-NFO-SUN,23.5,54.43,48.55,22.02,26.53,2.6,2.5,2.5455,0.0366,True
Tier 2: 1 Premium Anchor + 4 Budget (£23.5m-£24.5m),2,[Anchor: Kerkez (LIV £5.5m)] + Ajer (BRE £4.5m) + Mykolenko (EVE £4.5m) + Bogle (LEE £4.5m) + Shaw (MUN £4.5m),LIV-BRE-EVE-LEE-MUN,23.5,47.63,45.62,19.36,26.26,2.8,2.5,2.6364,-0.2,False
Tier 2: 1 Premium Anchor + 4 Budget (£23.5m-£24.5m),2,[Anchor: Kerkez (LIV £5.5m)] + Ajer (BRE £4.5m) + Mykolenko (EVE £4.5m) + Bogle (LEE £4.5m) + Hume (SUN £4.5m),LIV-BRE-EVE-LEE-SUN,23.5,47.98,45.82,19.45,26.36,2.8,2.5,2.6364,-0.2,True
Tier 2: 1 Premium Anchor + 4 Budget (£23.5m-£24.5m),2,[Anchor: Kerkez (LIV £5.5m)] + Ajer (BRE £4.5m) + Mykolenko (EVE £4.5m) + Shaw (MUN £4.5m) + Jair Cunha (NFO £4.5m),LIV-BRE-EVE-MUN-NFO,23.5,55.5,48.49,21.76,26.72,2.6,2.5,2.5455,-0.2,False
Tier 2: 1 Premium Anchor + 4 Budget (£23.5m-£24.5m),2,[Anchor: Kerkez (LIV £5.5m)] + Ajer (BRE £4.5m) + Mykolenko (EVE £4.5m) + Shaw (MUN £4.5m) + Hume (SUN £4.5m),LIV-BRE-EVE-MUN-SUN,23.5,57.85,48.86,21.5,27.35,2.6,2.33,2.4545,-0.2,True
Tier 2: 1 Premium Anchor + 4 Budget (£23.5m-£24.5m),2,[Anchor: Kerkez (LIV £5.5m)] + Ajer (BRE £4.5m) + Mykolenko (EVE £4.5m) + Jair Cunha (NFO £4.5m) + Hume (SUN £4.5m),LIV-BRE-EVE-NFO-SUN,23.5,55.77,48.63,21.86,26.78,2.6,2.5,2.5455,-0.2,True
Tier 2: 1 Premium Anchor + 4 Budget (£23.5m-£24.5m),2,[Anchor: Kerkez (LIV £5.5m)] + Ajer (BRE £4.5m) + Bogle (LEE £4.5m) + Shaw (MUN £4.5m) + Hume (SUN £4.5m),LIV-BRE-LEE-MUN-SUN,23.5,56.12,47.91,20.55,27.35,2.6,2.33,2.4545,-0.2,True
Tier 2: 1 Premium Anchor + 4 Budget (£23.5m-£24.5m),2,[Anchor: Kerkez (LIV £5.5m)] + Ajer (BRE £4.5m) + Shaw (MUN £4.5m) + Jair Cunha (NFO £4.5m) + Hume (SUN £4.5m),LIV-BRE-MUN-NFO-SUN,23.5,63.91,50.73,22.96,27.77,2.4,2.33,2.3636,-0.2,True
Tier 2: 1 Premium Anchor + 4 Budget (£23.5m-£24.5m),2,[Anchor: Kerkez (LIV £5.5m)] + Hato (CHE £4.5m) + Chadi Riad (CRY £4.5m) + Bogle (LEE £4.5m) + Shaw (MUN £4.5m),LIV-CHE-CRY-LEE-MUN,23.5,44.33,43.88,18.59,25.29,2.8,2.5,2.6364,-0.1756,False
Tier 2: 1 Premium Anchor + 4 Budget (£23.5m-£24.5m),2,[Anchor: Kerkez (LIV £5.5m)] + Hato (CHE £4.5m) + Chadi Riad (CRY £4.5m) + Bogle (LEE £4.5m) + Hume (SUN £4.5m),LIV-CHE-CRY-LEE-SUN,23.5,44.69,44.07,18.68,25.39,2.8,2.5,2.6364,-0.1756,True
Tier 2: 1 Premium Anchor + 4 Budget (£23.5m-£24.5m),2,[Anchor: Kerkez (LIV £5.5m)] + Hato (CHE £4.5m) + Chadi Riad (CRY £4.5m) + Bogle (LEE £4.5m) + Robertson (TOT £4.5m),LIV-CHE-CRY-LEE-TOT,23.5,42.55,44.31,18.09,26.22,3.0,2.5,2.7273,-0.1945,False
Tier 2: 1 Premium Anchor + 4 Budget (£23.5m-£24.5m),2,[Anchor: Kerkez (LIV £5.5m)] + Hato (CHE £4.5m) + Chadi Riad (CRY £4.5m) + Shaw (MUN £4.5m) + Jair Cunha (NFO £4.5m),LIV-CHE-CRY-MUN-NFO,23.5,51.94,46.74,20.99,25.75,2.6,2.5,2.5455,-0.1217,False
Tier 2: 1 Premium Anchor + 4 Budget (£23.5m-£24.5m),2,[Anchor: Kerkez (LIV £5.5m)] + Hato (CHE £4.5m) + Chadi Riad (CRY £4.5m) + Shaw (MUN £4.5m) + Hume (SUN £4.5m),LIV-CHE-CRY-MUN-SUN,23.5,53.0,47.3,20.73,26.57,2.6,2.5,2.5455,-0.1311,True
Tier 2: 1 Premium Anchor + 4 Budget (£23.5m-£24.5m),2,[Anchor: Kerkez (LIV £5.5m)] + Hato (CHE £4.5m) + Chadi Riad (CRY £4.5m) + Shaw (MUN £4.5m) + Robertson (TOT £4.5m),LIV-CHE-CRY-MUN-TOT,23.5,51.11,47.54,20.14,27.4,2.8,2.5,2.6364,-0.2,False
Tier 2: 1 Premium Anchor + 4 Budget (£23.5m-£24.5m),2,[Anchor: Kerkez (LIV £5.5m)] + Hato (CHE £4.5m) + Chadi Riad (CRY £4.5m) + Jair Cunha (NFO £4.5m) + Hume (SUN £4.5m),LIV-CHE-CRY-NFO-SUN,23.5,52.25,46.91,21.09,25.83,2.6,2.5,2.5455,-0.1217,True
Tier 2: 1 Premium Anchor + 4 Budget (£23.5m-£24.5m),2,[Anchor: Kerkez (LIV £5.5m)] + Hato (CHE £4.5m) + Chadi Riad (CRY £4.5m) + Jair Cunha (NFO £4.5m) + Robertson (TOT £4.5m),LIV-CHE-CRY-NFO-TOT,23.5,50.55,47.15,20.5,26.66,2.8,2.5,2.6364,-0.2272,False
Tier 2: 1 Premium Anchor + 4 Budget (£23.5m-£24.5m),2,[Anchor: Kerkez (LIV £5.5m)] + Hato (CHE £4.5m) + Chadi Riad (CRY £4.5m) + Hume (SUN £4.5m) + Robertson (TOT £4.5m),LIV-CHE-CRY-SUN-TOT,23.5,51.43,47.71,20.24,27.48,2.8,2.5,2.6364,-0.2,True
Tier 2: 1 Premium Anchor + 4 Budget (£23.5m-£24.5m),2,[Anchor: Kerkez (LIV £5.5m)] + Hato (CHE £4.5m) + Mykolenko (EVE £4.5m) + Bogle (LEE £4.5m) + Shaw (MUN £4.5m),LIV-CHE-EVE-LEE-MUN,23.5,40.95,42.48,18.43,24.06,2.8,2.5,2.6364,-0.0055,False
Tier 2: 1 Premium Anchor + 4 Budget (£23.5m-£24.5m),2,[Anchor: Kerkez (LIV £5.5m)] + Hato (CHE £4.5m) + Mykolenko (EVE £4.5m) + Bogle (LEE £4.5m) + Hume (SUN £4.5m),LIV-CHE-EVE-LEE-SUN,23.5,41.3,42.68,18.52,24.16,2.8,2.5,2.6364,-0.0055,True
Tier 2: 1 Premium Anchor + 4 Budget (£23.5m-£24.5m),2,[Anchor: Kerkez (LIV £5.5m)] + Hato (CHE £4.5m) + Mykolenko (EVE £4.5m) + Bogle (LEE £4.5m) + Robertson (TOT £4.5m),LIV-CHE-EVE-LEE-TOT,23.5,39.16,42.92,17.93,24.99,3.0,2.5,2.7273,-0.0244,False
Tier 2: 1 Premium Anchor + 4 Budget (£23.5m-£24.5m),2,[Anchor: Kerkez (LIV £5.5m)] + Hato (CHE £4.5m) + Mykolenko (EVE £4.5m) + Shaw (MUN £4.5m) + Jair Cunha (NFO £4.5m),LIV-CHE-EVE-MUN-NFO,23.5,51.18,46.55,20.83,25.72,2.6,2.5,2.5455,-0.0382,False
Tier 2: 1 Premium Anchor + 4 Budget (£23.5m-£24.5m),2,[Anchor: Kerkez (LIV £5.5m)] + Hato (CHE £4.5m) + Mykolenko (EVE £4.5m) + Shaw (MUN £4.5m) + Hume (SUN £4.5m),LIV-CHE-EVE-MUN-SUN,23.5,51.06,47.11,20.57,26.54,2.6,2.5,2.5455,0.189,True
Tier 2: 1 Premium Anchor + 4 Budget (£23.5m-£24.5m),2,[Anchor: Kerkez (LIV £5.5m)] + Hato (CHE £4.5m) + Mykolenko (EVE £4.5m) + Shaw (MUN £4.5m) + Robertson (TOT £4.5m),LIV-CHE-EVE-MUN-TOT,23.5,49.18,47.35,19.98,27.37,2.8,2.5,2.6364,0.1201,False
Tier 2: 1 Premium Anchor + 4 Budget (£23.5m-£24.5m),2,[Anchor: Kerkez (LIV £5.5m)] + Hato (CHE £4.5m) + Mykolenko (EVE £4.5m) + Jair Cunha (NFO £4.5m) + Hume (SUN £4.5m),LIV-CHE-EVE-NFO-SUN,23.5,51.54,46.75,20.93,25.83,2.6,2.5,2.5455,-0.0382,True
Tier 2: 1 Premium Anchor + 4 Budget (£23.5m-£24.5m),2,[Anchor: Kerkez (LIV £5.5m)] + Hato (CHE £4.5m) + Mykolenko (EVE £4.5m) + Jair Cunha (NFO £4.5m) + Robertson (TOT £4.5m),LIV-CHE-EVE-NFO-TOT,23.5,49.83,46.99,20.33,26.66,2.8,2.5,2.6364,-0.1437,False
Tier 2: 1 Premium Anchor + 4 Budget (£23.5m-£24.5m),2,[Anchor: Kerkez (LIV £5.5m)] + Hato (CHE £4.5m) + Mykolenko (EVE £4.5m) + Hume (SUN £4.5m) + Robertson (TOT £4.5m),LIV-CHE-EVE-SUN-TOT,23.5,49.53,47.55,20.07,27.48,2.8,2.5,2.6364,0.1201,True
Tier 2: 1 Premium Anchor + 4 Budget (£23.5m-£24.5m),2,[Anchor: Kerkez (LIV £5.5m)] + Hato (CHE £4.5m) + Bogle (LEE £4.5m) + Shaw (MUN £4.5m) + Hume (SUN £4.5m),LIV-CHE-LEE-MUN-SUN,23.5,50.31,46.17,19.62,26.54,2.6,2.5,2.5455,-0.0055,True
Tier 2: 1 Premium Anchor + 4 Budget (£23.5m-£24.5m),2,[Anchor: Kerkez (LIV £5.5m)] + Hato (CHE £4.5m) + Bogle (LEE £4.5m) + Shaw (MUN £4.5m) + Robertson (TOT £4.5m),LIV-CHE-LEE-MUN-TOT,23.5,48.17,46.4,19.03,27.37,2.8,2.5,2.6364,-0.0244,False
Tier 2: 1 Premium Anchor + 4 Budget (£23.5m-£24.5m),2,[Anchor: Kerkez (LIV £5.5m)] + Hato (CHE £4.5m) + Bogle (LEE £4.5m) + Hume (SUN £4.5m) + Robertson (TOT £4.5m),LIV-CHE-LEE-SUN-TOT,23.5,48.53,46.6,19.13,27.48,2.8,2.5,2.6364,-0.0244,True
Tier 2: 1 Premium Anchor + 4 Budget (£23.5m-£24.5m),2,[Anchor: Kerkez (LIV £5.5m)] + Hato (CHE £4.5m) + Shaw (MUN £4.5m) + Jair Cunha (NFO £4.5m) + Hume (SUN £4.5m),LIV-CHE-MUN-NFO-SUN,23.5,58.35,49.03,22.03,27.01,2.4,2.5,2.4545,-0.0382,True
Tier 2: 1 Premium Anchor + 4 Budget (£23.5m-£24.5m),2,[Anchor: Kerkez (LIV £5.5m)] + Hato (CHE £4.5m) + Shaw (MUN £4.5m) + Jair Cunha (NFO £4.5m) + Robertson (TOT £4.5m),LIV-CHE-MUN-NFO-TOT,23.5,56.65,49.27,21.43,27.83,2.6,2.5,2.5455,-0.1437,False
Tier 2: 1 Premium Anchor + 4 Budget (£23.5m-£24.5m),2,[Anchor: Kerkez (LIV £5.5m)] + Hato (CHE £4.5m) + Shaw (MUN £4.5m) + Hume (SUN £4.5m) + Robertson (TOT £4.5m),LIV-CHE-MUN-SUN-TOT,23.5,54.2,48.65,21.17,27.48,2.6,2.5,2.5455,0.1201,True
Tier 2: 1 Premium Anchor + 4 Budget (£23.5m-£24.5m),2,[Anchor: Kerkez (LIV £5.5m)] + Hato (CHE £4.5m) + Jair Cunha (NFO £4.5m) + Hume (SUN £4.5m) + Robertson (TOT £4.5m),LIV-CHE-NFO-SUN-TOT,23.5,56.92,49.42,21.53,27.89,2.6,2.5,2.5455,-0.1437,True
Tier 2: 1 Premium Anchor + 4 Budget (£23.5m-£24.5m),2,[Anchor: Kerkez (LIV £5.5m)] + Chadi Riad (CRY £4.5m) + Bogle (LEE £4.5m) + Shaw (MUN £4.5m) + Hume (SUN £4.5m),LIV-CRY-LEE-MUN-SUN,23.5,52.99,47.24,20.67,26.57,2.6,2.5,2.5455,-0.15,True
Tier 2: 1 Premium Anchor + 4 Budget (£23.5m-£24.5m),2,[Anchor: Kerkez (LIV £5.5m)] + Chadi Riad (CRY £4.5m) + Bogle (LEE £4.5m) + Shaw (MUN £4.5m) + Robertson (TOT £4.5m),LIV-CRY-LEE-MUN-TOT,23.5,51.0,47.48,20.08,27.4,2.8,2.5,2.6364,-0.2,False
Tier 2: 1 Premium Anchor + 4 Budget (£23.5m-£24.5m),2,[Anchor: Kerkez (LIV £5.5m)] + Chadi Riad (CRY £4.5m) + Bogle (LEE £4.5m) + Hume (SUN £4.5m) + Robertson (TOT £4.5m),LIV-CRY-LEE-SUN-TOT,23.5,51.31,47.65,20.17,27.48,2.8,2.5,2.6364,-0.2,True
Tier 2: 1 Premium Anchor + 4 Budget (£23.5m-£24.5m),2,[Anchor: Kerkez (LIV £5.5m)] + Chadi Riad (CRY £4.5m) + Shaw (MUN £4.5m) + Jair Cunha (NFO £4.5m) + Hume (SUN £4.5m),LIV-CRY-MUN-NFO-SUN,23.5,60.38,50.08,23.07,27.01,2.4,2.5,2.4545,-0.0634,True
Tier 2: 1 Premium Anchor + 4 Budget (£23.5m-£24.5m),2,[Anchor: Kerkez (LIV £5.5m)] + Chadi Riad (CRY £4.5m) + Shaw (MUN £4.5m) + Jair Cunha (NFO £4.5m) + Robertson (TOT £4.5m),LIV-CRY-MUN-NFO-TOT,23.5,58.83,50.32,22.48,27.83,2.6,2.5,2.5455,-0.2,False
Tier 2: 1 Premium Anchor + 4 Budget (£23.5m-£24.5m),2,[Anchor: Kerkez (LIV £5.5m)] + Chadi Riad (CRY £4.5m) + Shaw (MUN £4.5m) + Hume (SUN £4.5m) + Robertson (TOT £4.5m),LIV-CRY-MUN-SUN-TOT,23.5,57.71,49.7,22.22,27.48,2.6,2.5,2.5455,-0.2,True
Tier 2: 1 Premium Anchor + 4 Budget (£23.5m-£24.5m),2,[Anchor: Kerkez (LIV £5.5m)] + Chadi Riad (CRY £4.5m) + Jair Cunha (NFO £4.5m) + Hume (SUN £4.5m) + Robertson (TOT £4.5m),LIV-CRY-NFO-SUN-TOT,23.5,59.1,50.47,22.58,27.89,2.6,2.5,2.5455,-0.2,True
Tier 2: 1 Premium Anchor + 4 Budget (£23.5m-£24.5m),2,[Anchor: Kerkez (LIV £5.5m)] + Mykolenko (EVE £4.5m) + Bogle (LEE £4.5m) + Shaw (MUN £4.5m) + Hume (SUN £4.5m),LIV-EVE-LEE-MUN-SUN,23.5,51.9,47.05,20.51,26.54,2.6,2.5,2.5455,0.0,True
Tier 2: 1 Premium Anchor + 4 Budget (£23.5m-£24.5m),2,[Anchor: Kerkez (LIV £5.5m)] + Mykolenko (EVE £4.5m) + Bogle (LEE £4.5m) + Shaw (MUN £4.5m) + Robertson (TOT £4.5m),LIV-EVE-LEE-MUN-TOT,23.5,49.91,47.29,19.92,27.37,2.8,2.5,2.6364,-0.05,False
Tier 2: 1 Premium Anchor + 4 Budget (£23.5m-£24.5m),2,[Anchor: Kerkez (LIV £5.5m)] + Mykolenko (EVE £4.5m) + Bogle (LEE £4.5m) + Hume (SUN £4.5m) + Robertson (TOT £4.5m),LIV-EVE-LEE-SUN-TOT,23.5,50.27,47.49,20.01,27.48,2.8,2.5,2.6364,-0.05,True
Tier 2: 1 Premium Anchor + 4 Budget (£23.5m-£24.5m),2,[Anchor: Kerkez (LIV £5.5m)] + Mykolenko (EVE £4.5m) + Shaw (MUN £4.5m) + Jair Cunha (NFO £4.5m) + Hume (SUN £4.5m),LIV-EVE-MUN-NFO-SUN,23.5,59.77,49.92,22.91,27.01,2.4,2.5,2.4545,0.0,True
Tier 2: 1 Premium Anchor + 4 Budget (£23.5m-£24.5m),2,[Anchor: Kerkez (LIV £5.5m)] + Mykolenko (EVE £4.5m) + Shaw (MUN £4.5m) + Jair Cunha (NFO £4.5m) + Robertson (TOT £4.5m),LIV-EVE-MUN-NFO-TOT,23.5,58.22,50.16,22.32,27.83,2.6,2.5,2.5455,-0.1366,False
Tier 2: 1 Premium Anchor + 4 Budget (£23.5m-£24.5m),2,[Anchor: Kerkez (LIV £5.5m)] + Mykolenko (EVE £4.5m) + Shaw (MUN £4.5m) + Hume (SUN £4.5m) + Robertson (TOT £4.5m),LIV-EVE-MUN-SUN-TOT,23.5,55.91,49.54,22.06,27.48,2.6,2.5,2.5455,0.1,True
Tier 2: 1 Premium Anchor + 4 Budget (£23.5m-£24.5m),2,[Anchor: Kerkez (LIV £5.5m)] + Mykolenko (EVE £4.5m) + Jair Cunha (NFO £4.5m) + Hume (SUN £4.5m) + Robertson (TOT £4.5m),LIV-EVE-NFO-SUN-TOT,23.5,58.49,50.31,22.42,27.89,2.6,2.5,2.5455,-0.1366,True
Tier 2: 1 Premium Anchor + 4 Budget (£23.5m-£24.5m),2,[Anchor: Kerkez (LIV £5.5m)] + Bogle (LEE £4.5m) + Shaw (MUN £4.5m) + Hume (SUN £4.5m) + Robertson (TOT £4.5m),LIV-LEE-MUN-SUN-TOT,23.5,54.94,48.59,21.11,27.48,2.6,2.5,2.5455,-0.05,True
Tier 2: 1 Premium Anchor + 4 Budget (£23.5m-£24.5m),2,[Anchor: Kerkez (LIV £5.5m)] + Shaw (MUN £4.5m) + Jair Cunha (NFO £4.5m) + Hume (SUN £4.5m) + Robertson (TOT £4.5m),LIV-MUN-NFO-SUN-TOT,23.5,63.16,51.41,23.52,27.89,2.4,2.5,2.4545,-0.1366,True
Tier 2: 1 Premium Anchor + 4 Budget (£23.5m-£24.5m),2,[Anchor: O'Reilly (MCI £6.5m)] + Maatsen (AVL £4.5m) + Ajer (BRE £4.5m) + Hato (CHE £4.5m) + Chadi Riad (CRY £4.5m),MCI-AVL-BRE-CHE-CRY,24.5,57.28,53.33,21.48,31.84,3.0,2.33,2.6364,0.097,False
Tier 2: 1 Premium Anchor + 4 Budget (£23.5m-£24.5m),2,[Anchor: O'Reilly (MCI £6.5m)] + Maatsen (AVL £4.5m) + Ajer (BRE £4.5m) + Hato (CHE £4.5m) + Mykolenko (EVE £4.5m),MCI-AVL-BRE-CHE-EVE,24.5,58.95,53.41,21.32,32.09,3.0,2.33,2.6364,-0.2061,False
Tier 2: 1 Premium Anchor + 4 Budget (£23.5m-£24.5m),2,[Anchor: O'Reilly (MCI £6.5m)] + Maatsen (AVL £4.5m) + Ajer (BRE £4.5m) + Hato (CHE £4.5m) + Greaves (IPS £4.0m),MCI-AVL-BRE-CHE-IPS,24.0,62.2,53.53,21.68,31.84,2.8,2.33,2.5455,-0.0951,False
Tier 2: 1 Premium Anchor + 4 Budget (£23.5m-£24.5m),2,[Anchor: O'Reilly (MCI £6.5m)] + Maatsen (AVL £4.5m) + Ajer (BRE £4.5m) + Hato (CHE £4.5m) + Bogle (LEE £4.5m),MCI-AVL-BRE-CHE-LEE,24.5,55.81,52.22,20.37,31.84,3.0,2.33,2.6364,-0.014,False
Tier 2: 1 Premium Anchor + 4 Budget (£23.5m-£24.5m),2,[Anchor: O'Reilly (MCI £6.5m)] + Maatsen (AVL £4.5m) + Ajer (BRE £4.5m) + Hato (CHE £4.5m) + Shaw (MUN £4.5m),MCI-AVL-BRE-CHE-MUN,24.5,67.09,55.51,22.42,33.08,2.8,2.17,2.4545,-0.2061,False
Tier 2: 1 Premium Anchor + 4 Budget (£23.5m-£24.5m),2,[Anchor: O'Reilly (MCI £6.5m)] + Maatsen (AVL £4.5m) + Ajer (BRE £4.5m) + Hato (CHE £4.5m) + Jair Cunha (NFO £4.5m),MCI-AVL-BRE-CHE-NFO,24.5,62.76,54.62,22.78,31.84,2.8,2.33,2.5455,0.0033,False
Tier 2: 1 Premium Anchor + 4 Budget (£23.5m-£24.5m),2,[Anchor: O'Reilly (MCI £6.5m)] + Maatsen (AVL £4.5m) + Ajer (BRE £4.5m) + Hato (CHE £4.5m) + Hume (SUN £4.5m),MCI-AVL-BRE-CHE-SUN,24.5,67.36,55.66,22.52,33.14,2.8,2.17,2.4545,-0.2061,True
Tier 2: 1 Premium Anchor + 4 Budget (£23.5m-£24.5m),2,[Anchor: O'Reilly (MCI £6.5m)] + Maatsen (AVL £4.5m) + Ajer (BRE £4.5m) + Chadi Riad (CRY £4.5m) + Greaves (IPS £4.0m),MCI-AVL-BRE-CRY-IPS,24.0,57.78,54.31,22.73,31.58,2.8,2.67,2.7273,0.4098,False
Tier 2: 1 Premium Anchor + 4 Budget (£23.5m-£24.5m),2,[Anchor: O'Reilly (MCI £6.5m)] + Maatsen (AVL £4.5m) + Ajer (BRE £4.5m) + Chadi Riad (CRY £4.5m) + Bogle (LEE £4.5m),MCI-AVL-BRE-CRY-LEE,24.5,52.23,52.46,21.42,31.04,3.0,2.5,2.7273,0.4598,False
Tier 2: 1 Premium Anchor + 4 Budget (£23.5m-£24.5m),2,[Anchor: O'Reilly (MCI £6.5m)] + Maatsen (AVL £4.5m) + Ajer (BRE £4.5m) + Chadi Riad (CRY £4.5m) + Shaw (MUN £4.5m),MCI-AVL-BRE-CRY-MUN,24.5,65.57,56.49,23.47,33.02,2.8,2.33,2.5455,0.1232,False
Tier 2: 1 Premium Anchor + 4 Budget (£23.5m-£24.5m),2,[Anchor: O'Reilly (MCI £6.5m)] + Maatsen (AVL £4.5m) + Ajer (BRE £4.5m) + Chadi Riad (CRY £4.5m) + Jair Cunha (NFO £4.5m),MCI-AVL-BRE-CRY-NFO,24.5,58.34,55.65,23.83,31.82,2.8,2.67,2.7273,0.5964,False
Tier 2: 1 Premium Anchor + 4 Budget (£23.5m-£24.5m),2,[Anchor: O'Reilly (MCI £6.5m)] + Maatsen (AVL £4.5m) + Ajer (BRE £4.5m) + Chadi Riad (CRY £4.5m) + Hume (SUN £4.5m),MCI-AVL-BRE-CRY-SUN,24.5,65.84,56.64,23.57,33.07,2.8,2.33,2.5455,0.1232,True
Tier 2: 1 Premium Anchor + 4 Budget (£23.5m-£24.5m),2,[Anchor: O'Reilly (MCI £6.5m)] + Maatsen (AVL £4.5m) + Ajer (BRE £4.5m) + Mykolenko (EVE £4.5m) + Greaves (IPS £4.0m),MCI-AVL-BRE-EVE-IPS,24.0,62.33,54.6,22.57,32.03,2.8,2.5,2.6364,-0.0634,False
Tier 2: 1 Premium Anchor + 4 Budget (£23.5m-£24.5m),2,[Anchor: O'Reilly (MCI £6.5m)] + Maatsen (AVL £4.5m) + Ajer (BRE £4.5m) + Mykolenko (EVE £4.5m) + Bogle (LEE £4.5m),MCI-AVL-BRE-EVE-LEE,24.5,56.1,53.29,21.26,32.03,3.0,2.5,2.7273,-0.0134,False
Tier 2: 1 Premium Anchor + 4 Budget (£23.5m-£24.5m),2,[Anchor: O'Reilly (MCI £6.5m)] + Maatsen (AVL £4.5m) + Ajer (BRE £4.5m) + Mykolenko (EVE £4.5m) + Shaw (MUN £4.5m),MCI-AVL-BRE-EVE-MUN,24.5,67.35,56.58,23.31,33.27,2.8,2.33,2.5455,-0.2,False
Tier 2: 1 Premium Anchor + 4 Budget (£23.5m-£24.5m),2,[Anchor: O'Reilly (MCI £6.5m)] + Maatsen (AVL £4.5m) + Ajer (BRE £4.5m) + Mykolenko (EVE £4.5m) + Jair Cunha (NFO £4.5m),MCI-AVL-BRE-EVE-NFO,24.5,62.88,55.69,23.67,32.03,2.8,2.5,2.6364,0.0366,False
Tier 2: 1 Premium Anchor + 4 Budget (£23.5m-£24.5m),2,[Anchor: O'Reilly (MCI £6.5m)] + Maatsen (AVL £4.5m) + Ajer (BRE £4.5m) + Mykolenko (EVE £4.5m) + Hume (SUN £4.5m),MCI-AVL-BRE-EVE-SUN,24.5,67.62,56.73,23.4,33.33,2.8,2.33,2.5455,-0.2,True
Tier 2: 1 Premium Anchor + 4 Budget (£23.5m-£24.5m),2,[Anchor: O'Reilly (MCI £6.5m)] + Maatsen (AVL £4.5m) + Ajer (BRE £4.5m) + Greaves (IPS £4.0m) + Bogle (LEE £4.5m),MCI-AVL-BRE-IPS-LEE,24.0,57.63,52.66,21.62,31.04,2.8,2.5,2.6364,0.1732,False
Tier 2: 1 Premium Anchor + 4 Budget (£23.5m-£24.5m),2,[Anchor: O'Reilly (MCI £6.5m)] + Maatsen (AVL £4.5m) + Ajer (BRE £4.5m) + Greaves (IPS £4.0m) + Shaw (MUN £4.5m),MCI-AVL-BRE-IPS-MUN,24.0,70.47,56.69,23.67,33.02,2.6,2.33,2.4545,-0.0634,False
Tier 2: 1 Premium Anchor + 4 Budget (£23.5m-£24.5m),2,[Anchor: O'Reilly (MCI £6.5m)] + Maatsen (AVL £4.5m) + Ajer (BRE £4.5m) + Greaves (IPS £4.0m) + Jair Cunha (NFO £4.5m),MCI-AVL-BRE-IPS-NFO,24.0,63.74,55.85,24.03,31.82,2.6,2.67,2.6364,0.3098,False
Tier 2: 1 Premium Anchor + 4 Budget (£23.5m-£24.5m),2,[Anchor: O'Reilly (MCI £6.5m)] + Maatsen (AVL £4.5m) + Ajer (BRE £4.5m) + Bogle (LEE £4.5m) + Shaw (MUN £4.5m),MCI-AVL-BRE-LEE-MUN,24.5,64.23,55.38,22.36,33.02,2.8,2.33,2.5455,-0.0134,False
Tier 2: 1 Premium Anchor + 4 Budget (£23.5m-£24.5m),2,[Anchor: O'Reilly (MCI £6.5m)] + Maatsen (AVL £4.5m) + Ajer (BRE £4.5m) + Bogle (LEE £4.5m) + Hume (SUN £4.5m),MCI-AVL-BRE-LEE-SUN,24.5,64.5,55.53,22.46,33.07,2.8,2.33,2.5455,-0.0134,True
Tier 2: 1 Premium Anchor + 4 Budget (£23.5m-£24.5m),2,[Anchor: O'Reilly (MCI £6.5m)] + Maatsen (AVL £4.5m) + Ajer (BRE £4.5m) + Shaw (MUN £4.5m) + Jair Cunha (NFO £4.5m),MCI-AVL-BRE-MUN-NFO,24.5,71.02,57.79,24.77,33.02,2.6,2.33,2.4545,0.0366,False
Tier 2: 1 Premium Anchor + 4 Budget (£23.5m-£24.5m),2,[Anchor: O'Reilly (MCI £6.5m)] + Maatsen (AVL £4.5m) + Ajer (BRE £4.5m) + Shaw (MUN £4.5m) + Hume (SUN £4.5m),MCI-AVL-BRE-MUN-SUN,24.5,75.76,58.82,24.51,34.32,2.6,2.17,2.3636,-0.2,True
Tier 2: 1 Premium Anchor + 4 Budget (£23.5m-£24.5m),2,[Anchor: O'Reilly (MCI £6.5m)] + Maatsen (AVL £4.5m) + Ajer (BRE £4.5m) + Jair Cunha (NFO £4.5m) + Hume (SUN £4.5m),MCI-AVL-BRE-NFO-SUN,24.5,71.29,57.94,24.86,33.07,2.6,2.33,2.4545,0.0366,True
Tier 2: 1 Premium Anchor + 4 Budget (£23.5m-£24.5m),2,[Anchor: O'Reilly (MCI £6.5m)] + Maatsen (AVL £4.5m) + Hato (CHE £4.5m) + Chadi Riad (CRY £4.5m) + Greaves (IPS £4.0m),MCI-AVL-CHE-CRY-IPS,24.0,56.95,52.66,21.8,30.86,2.8,2.67,2.7273,-0.0262,False
Tier 2: 1 Premium Anchor + 4 Budget (£23.5m-£24.5m),2,[Anchor: O'Reilly (MCI £6.5m)] + Maatsen (AVL £4.5m) + Hato (CHE £4.5m) + Chadi Riad (CRY £4.5m) + Bogle (LEE £4.5m),MCI-AVL-CHE-CRY-LEE,24.5,51.74,50.81,20.49,30.32,3.0,2.5,2.7273,-0.0451,False
Tier 2: 1 Premium Anchor + 4 Budget (£23.5m-£24.5m),2,[Anchor: O'Reilly (MCI £6.5m)] + Maatsen (AVL £4.5m) + Hato (CHE £4.5m) + Chadi Riad (CRY £4.5m) + Shaw (MUN £4.5m),MCI-AVL-CHE-CRY-MUN,24.5,64.11,54.84,22.54,32.3,2.8,2.33,2.5455,-0.1872,False
Tier 2: 1 Premium Anchor + 4 Budget (£23.5m-£24.5m),2,[Anchor: O'Reilly (MCI £6.5m)] + Maatsen (AVL £4.5m) + Hato (CHE £4.5m) + Chadi Riad (CRY £4.5m) + Jair Cunha (NFO £4.5m),MCI-AVL-CHE-CRY-NFO,24.5,58.81,54.43,22.89,31.54,2.8,2.67,2.7273,0.0588,False
Tier 2: 1 Premium Anchor + 4 Budget (£23.5m-£24.5m),2,[Anchor: O'Reilly (MCI £6.5m)] + Maatsen (AVL £4.5m) + Hato (CHE £4.5m) + Chadi Riad (CRY £4.5m) + Hume (SUN £4.5m),MCI-AVL-CHE-CRY-SUN,24.5,64.42,55.01,22.63,32.37,2.8,2.33,2.5455,-0.1872,True
Tier 2: 1 Premium Anchor + 4 Budget (£23.5m-£24.5m),2,[Anchor: O'Reilly (MCI £6.5m)] + Maatsen (AVL £4.5m) + Hato (CHE £4.5m) + Chadi Riad (CRY £4.5m) + Robertson (TOT £4.5m),MCI-AVL-CHE-CRY-TOT,24.5,62.29,55.25,22.04,33.2,3.0,2.33,2.6364,-0.2061,False
Tier 2: 1 Premium Anchor + 4 Budget (£23.5m-£24.5m),2,[Anchor: O'Reilly (MCI £6.5m)] + Maatsen (AVL £4.5m) + Hato (CHE £4.5m) + Mykolenko (EVE £4.5m) + Greaves (IPS £4.0m),MCI-AVL-CHE-EVE-IPS,24.0,56.82,52.17,21.64,30.53,2.8,2.67,2.7273,-0.1793,False
Tier 2: 1 Premium Anchor + 4 Budget (£23.5m-£24.5m),2,[Anchor: O'Reilly (MCI £6.5m)] + Maatsen (AVL £4.5m) + Hato (CHE £4.5m) + Mykolenko (EVE £4.5m) + Bogle (LEE £4.5m),MCI-AVL-CHE-EVE-LEE,24.5,51.77,50.4,20.33,30.07,3.0,2.5,2.7273,-0.1982,False
Tier 2: 1 Premium Anchor + 4 Budget (£23.5m-£24.5m),2,[Anchor: O'Reilly (MCI £6.5m)] + Maatsen (AVL £4.5m) + Hato (CHE £4.5m) + Mykolenko (EVE £4.5m) + Shaw (MUN £4.5m),MCI-AVL-CHE-EVE-MUN,24.5,63.79,54.65,22.38,32.27,2.8,2.33,2.5455,-0.1903,False
Tier 2: 1 Premium Anchor + 4 Budget (£23.5m-£24.5m),2,[Anchor: O'Reilly (MCI £6.5m)] + Maatsen (AVL £4.5m) + Hato (CHE £4.5m) + Mykolenko (EVE £4.5m) + Jair Cunha (NFO £4.5m),MCI-AVL-CHE-EVE-NFO,24.5,61.75,54.47,22.73,31.74,2.8,2.5,2.6364,-0.1809,False
Tier 2: 1 Premium Anchor + 4 Budget (£23.5m-£24.5m),2,[Anchor: O'Reilly (MCI £6.5m)] + Maatsen (AVL £4.5m) + Hato (CHE £4.5m) + Mykolenko (EVE £4.5m) + Hume (SUN £4.5m),MCI-AVL-CHE-EVE-SUN,24.5,64.14,54.85,22.47,32.37,2.8,2.33,2.5455,-0.1903,True
Tier 2: 1 Premium Anchor + 4 Budget (£23.5m-£24.5m),2,[Anchor: O'Reilly (MCI £6.5m)] + Maatsen (AVL £4.5m) + Hato (CHE £4.5m) + Mykolenko (EVE £4.5m) + Robertson (TOT £4.5m),MCI-AVL-CHE-EVE-TOT,24.5,62.01,55.09,21.88,33.2,3.0,2.33,2.6364,-0.2092,False
Tier 2: 1 Premium Anchor + 4 Budget (£23.5m-£24.5m),2,[Anchor: O'Reilly (MCI £6.5m)] + Maatsen (AVL £4.5m) + Hato (CHE £4.5m) + Greaves (IPS £4.0m) + Bogle (LEE £4.5m),MCI-AVL-CHE-IPS-LEE,24.0,53.93,49.78,20.69,29.09,2.8,2.5,2.6364,-0.1372,False
Tier 2: 1 Premium Anchor + 4 Budget (£23.5m-£24.5m),2,[Anchor: O'Reilly (MCI £6.5m)] + Maatsen (AVL £4.5m) + Hato (CHE £4.5m) + Greaves (IPS £4.0m) + Shaw (MUN £4.5m),MCI-AVL-CHE-IPS-MUN,24.0,68.0,55.01,22.74,32.27,2.6,2.33,2.4545,-0.1793,False
Tier 2: 1 Premium Anchor + 4 Budget (£23.5m-£24.5m),2,[Anchor: O'Reilly (MCI £6.5m)] + Maatsen (AVL £4.5m) + Hato (CHE £4.5m) + Greaves (IPS £4.0m) + Jair Cunha (NFO £4.5m),MCI-AVL-CHE-IPS-NFO,24.0,63.24,54.63,23.09,31.54,2.6,2.67,2.6364,-0.0333,False
Tier 2: 1 Premium Anchor + 4 Budget (£23.5m-£24.5m),2,[Anchor: O'Reilly (MCI £6.5m)] + Maatsen (AVL £4.5m) + Hato (CHE £4.5m) + Greaves (IPS £4.0m) + Robertson (TOT £4.5m),MCI-AVL-CHE-IPS-TOT,24.0,66.46,55.45,22.24,33.2,2.8,2.33,2.5455,-0.2482,False
Tier 2: 1 Premium Anchor + 4 Budget (£23.5m-£24.5m),2,[Anchor: O'Reilly (MCI £6.5m)] + Maatsen (AVL £4.5m) + Hato (CHE £4.5m) + Bogle (LEE £4.5m) + Shaw (MUN £4.5m),MCI-AVL-CHE-LEE-MUN,24.5,62.1,53.7,21.43,32.27,2.8,2.33,2.5455,-0.1982,False
Tier 2: 1 Premium Anchor + 4 Budget (£23.5m-£24.5m),2,[Anchor: O'Reilly (MCI £6.5m)] + Maatsen (AVL £4.5m) + Hato (CHE £4.5m) + Bogle (LEE £4.5m) + Hume (SUN £4.5m),MCI-AVL-CHE-LEE-SUN,24.5,62.46,53.9,21.52,32.37,2.8,2.33,2.5455,-0.1982,True
Tier 2: 1 Premium Anchor + 4 Budget (£23.5m-£24.5m),2,[Anchor: O'Reilly (MCI £6.5m)] + Maatsen (AVL £4.5m) + Hato (CHE £4.5m) + Bogle (LEE £4.5m) + Robertson (TOT £4.5m),MCI-AVL-CHE-LEE-TOT,24.5,60.07,54.14,20.93,33.2,3.0,2.33,2.6364,-0.1671,False
Tier 2: 1 Premium Anchor + 4 Budget (£23.5m-£24.5m),2,[Anchor: O'Reilly (MCI £6.5m)] + Maatsen (AVL £4.5m) + Hato (CHE £4.5m) + Shaw (MUN £4.5m) + Jair Cunha (NFO £4.5m),MCI-AVL-CHE-MUN-NFO,24.5,69.89,56.57,23.83,32.73,2.6,2.33,2.4545,-0.1809,False
Tier 2: 1 Premium Anchor + 4 Budget (£23.5m-£24.5m),2,[Anchor: O'Reilly (MCI £6.5m)] + Maatsen (AVL £4.5m) + Hato (CHE £4.5m) + Shaw (MUN £4.5m) + Hume (SUN £4.5m),MCI-AVL-CHE-MUN-SUN,24.5,70.96,57.13,23.57,33.55,2.6,2.33,2.4545,-0.1903,True
Tier 2: 1 Premium Anchor + 4 Budget (£23.5m-£24.5m),2,[Anchor: O'Reilly (MCI £6.5m)] + Maatsen (AVL £4.5m) + Hato (CHE £4.5m) + Shaw (MUN £4.5m) + Robertson (TOT £4.5m),MCI-AVL-CHE-MUN-TOT,24.5,68.82,57.37,22.98,34.38,2.8,2.33,2.5455,-0.2092,False
Tier 2: 1 Premium Anchor + 4 Budget (£23.5m-£24.5m),2,[Anchor: O'Reilly (MCI £6.5m)] + Maatsen (AVL £4.5m) + Hato (CHE £4.5m) + Jair Cunha (NFO £4.5m) + Hume (SUN £4.5m),MCI-AVL-CHE-NFO-SUN,24.5,70.16,56.72,23.93,32.79,2.6,2.33,2.4545,-0.1809,True
Tier 2: 1 Premium Anchor + 4 Budget (£23.5m-£24.5m),2,[Anchor: O'Reilly (MCI £6.5m)] + Maatsen (AVL £4.5m) + Hato (CHE £4.5m) + Jair Cunha (NFO £4.5m) + Robertson (TOT £4.5m),MCI-AVL-CHE-NFO-TOT,24.5,67.66,56.65,23.34,33.32,2.8,2.33,2.5455,-0.2364,False
Tier 2: 1 Premium Anchor + 4 Budget (£23.5m-£24.5m),2,[Anchor: O'Reilly (MCI £6.5m)] + Maatsen (AVL £4.5m) + Hato (CHE £4.5m) + Hume (SUN £4.5m) + Robertson (TOT £4.5m),MCI-AVL-CHE-SUN-TOT,24.5,69.09,57.51,23.08,34.44,2.8,2.33,2.5455,-0.2092,True
Tier 2: 1 Premium Anchor + 4 Budget (£23.5m-£24.5m),2,[Anchor: O'Reilly (MCI £6.5m)] + Maatsen (AVL £4.5m) + Chadi Riad (CRY £4.5m) + Greaves (IPS £4.0m) + Bogle (LEE £4.5m),MCI-AVL-CRY-IPS-LEE,24.0,52.46,51.79,21.74,30.06,2.8,2.83,2.8182,0.2232,False
Tier 2: 1 Premium Anchor + 4 Budget (£23.5m-£24.5m),2,[Anchor: O'Reilly (MCI £6.5m)] + Maatsen (AVL £4.5m) + Chadi Riad (CRY £4.5m) + Greaves (IPS £4.0m) + Shaw (MUN £4.5m),MCI-AVL-CRY-IPS-MUN,24.0,65.06,55.82,23.79,32.04,2.6,2.67,2.6364,0.0366,False
Tier 2: 1 Premium Anchor + 4 Budget (£23.5m-£24.5m),2,[Anchor: O'Reilly (MCI £6.5m)] + Maatsen (AVL £4.5m) + Chadi Riad (CRY £4.5m) + Greaves (IPS £4.0m) + Jair Cunha (NFO £4.5m),MCI-AVL-CRY-IPS-NFO,24.0,58.94,55.42,24.14,31.28,2.6,3.0,2.8182,0.4464,False
Tier 2: 1 Premium Anchor + 4 Budget (£23.5m-£24.5m),2,[Anchor: O'Reilly (MCI £6.5m)] + Maatsen (AVL £4.5m) + Chadi Riad (CRY £4.5m) + Greaves (IPS £4.0m) + Robertson (TOT £4.5m),MCI-AVL-CRY-IPS-TOT,24.0,63.64,56.23,23.29,32.94,2.8,2.67,2.7273,-0.0634,False
Tier 2: 1 Premium Anchor + 4 Budget (£23.5m-£24.5m),2,[Anchor: O'Reilly (MCI £6.5m)] + Maatsen (AVL £4.5m) + Chadi Riad (CRY £4.5m) + Bogle (LEE £4.5m) + Shaw (MUN £4.5m),MCI-AVL-CRY-LEE-MUN,24.5,60.01,53.97,22.48,31.5,2.8,2.5,2.6364,-0.0134,False
Tier 2: 1 Premium Anchor + 4 Budget (£23.5m-£24.5m),2,[Anchor: O'Reilly (MCI £6.5m)] + Maatsen (AVL £4.5m) + Chadi Riad (CRY £4.5m) + Bogle (LEE £4.5m) + Hume (SUN £4.5m),MCI-AVL-CRY-LEE-SUN,24.5,60.32,54.15,22.57,31.57,2.8,2.5,2.6364,-0.0134,True
Tier 2: 1 Premium Anchor + 4 Budget (£23.5m-£24.5m),2,[Anchor: O'Reilly (MCI £6.5m)] + Maatsen (AVL £4.5m) + Chadi Riad (CRY £4.5m) + Bogle (LEE £4.5m) + Robertson (TOT £4.5m),MCI-AVL-CRY-LEE-TOT,24.5,58.09,54.39,21.98,32.4,3.0,2.5,2.7273,-0.0134,False
Tier 2: 1 Premium Anchor + 4 Budget (£23.5m-£24.5m),2,[Anchor: O'Reilly (MCI £6.5m)] + Maatsen (AVL £4.5m) + Chadi Riad (CRY £4.5m) + Shaw (MUN £4.5m) + Jair Cunha (NFO £4.5m),MCI-AVL-CRY-MUN-NFO,24.5,66.91,57.6,24.88,32.72,2.6,2.67,2.6364,0.1232,False
Tier 2: 1 Premium Anchor + 4 Budget (£23.5m-£24.5m),2,[Anchor: O'Reilly (MCI £6.5m)] + Maatsen (AVL £4.5m) + Chadi Riad (CRY £4.5m) + Shaw (MUN £4.5m) + Hume (SUN £4.5m),MCI-AVL-CRY-MUN-SUN,24.5,72.66,58.18,24.62,33.55,2.6,2.33,2.4545,-0.15,True
Tier 2: 1 Premium Anchor + 4 Budget (£23.5m-£24.5m),2,[Anchor: O'Reilly (MCI £6.5m)] + Maatsen (AVL £4.5m) + Chadi Riad (CRY £4.5m) + Shaw (MUN £4.5m) + Robertson (TOT £4.5m),MCI-AVL-CRY-MUN-TOT,24.5,70.68,58.41,24.03,34.38,2.8,2.33,2.5455,-0.2,False
Tier 2: 1 Premium Anchor + 4 Budget (£23.5m-£24.5m),2,[Anchor: O'Reilly (MCI £6.5m)] + Maatsen (AVL £4.5m) + Chadi Riad (CRY £4.5m) + Jair Cunha (NFO £4.5m) + Hume (SUN £4.5m),MCI-AVL-CRY-NFO-SUN,24.5,67.19,57.75,24.98,32.77,2.6,2.67,2.6364,0.1232,True
Tier 2: 1 Premium Anchor + 4 Budget (£23.5m-£24.5m),2,[Anchor: O'Reilly (MCI £6.5m)] + Maatsen (AVL £4.5m) + Chadi Riad (CRY £4.5m) + Jair Cunha (NFO £4.5m) + Robertson (TOT £4.5m),MCI-AVL-CRY-NFO-TOT,24.5,64.84,57.69,24.39,33.3,2.8,2.67,2.7273,0.0366,False
Tier 2: 1 Premium Anchor + 4 Budget (£23.5m-£24.5m),2,[Anchor: O'Reilly (MCI £6.5m)] + Maatsen (AVL £4.5m) + Chadi Riad (CRY £4.5m) + Hume (SUN £4.5m) + Robertson (TOT £4.5m),MCI-AVL-CRY-SUN-TOT,24.5,70.95,58.56,24.12,34.44,2.8,2.33,2.5455,-0.2,True
Tier 2: 1 Premium Anchor + 4 Budget (£23.5m-£24.5m),2,[Anchor: O'Reilly (MCI £6.5m)] + Maatsen (AVL £4.5m) + Mykolenko (EVE £4.5m) + Greaves (IPS £4.0m) + Bogle (LEE £4.5m),MCI-AVL-EVE-IPS-LEE,24.0,54.03,50.85,21.58,29.27,2.8,2.67,2.7273,-0.1,False
Tier 2: 1 Premium Anchor + 4 Budget (£23.5m-£24.5m),2,[Anchor: O'Reilly (MCI £6.5m)] + Maatsen (AVL £4.5m) + Mykolenko (EVE £4.5m) + Greaves (IPS £4.0m) + Shaw (MUN £4.5m),MCI-AVL-EVE-IPS-MUN,24.0,68.07,56.09,23.63,32.46,2.6,2.5,2.5455,-0.1366,False
Tier 2: 1 Premium Anchor + 4 Budget (£23.5m-£24.5m),2,[Anchor: O'Reilly (MCI £6.5m)] + Maatsen (AVL £4.5m) + Mykolenko (EVE £4.5m) + Greaves (IPS £4.0m) + Jair Cunha (NFO £4.5m),MCI-AVL-EVE-IPS-NFO,24.0,63.18,55.71,23.98,31.73,2.6,2.83,2.7273,0.0366,False
Tier 2: 1 Premium Anchor + 4 Budget (£23.5m-£24.5m),2,[Anchor: O'Reilly (MCI £6.5m)] + Maatsen (AVL £4.5m) + Mykolenko (EVE £4.5m) + Greaves (IPS £4.0m) + Robertson (TOT £4.5m),MCI-AVL-EVE-IPS-TOT,24.0,66.69,56.52,23.13,33.39,2.8,2.5,2.6364,-0.2366,False
Tier 2: 1 Premium Anchor + 4 Budget (£23.5m-£24.5m),2,[Anchor: O'Reilly (MCI £6.5m)] + Maatsen (AVL £4.5m) + Mykolenko (EVE £4.5m) + Bogle (LEE £4.5m) + Shaw (MUN £4.5m),MCI-AVL-EVE-LEE-MUN,24.5,62.33,54.78,22.32,32.46,2.8,2.5,2.6364,-0.1866,False
Tier 2: 1 Premium Anchor + 4 Budget (£23.5m-£24.5m),2,[Anchor: O'Reilly (MCI £6.5m)] + Maatsen (AVL £4.5m) + Mykolenko (EVE £4.5m) + Bogle (LEE £4.5m) + Hume (SUN £4.5m),MCI-AVL-EVE-LEE-SUN,24.5,62.69,54.97,22.41,32.56,2.8,2.5,2.6364,-0.1866,True
Tier 2: 1 Premium Anchor + 4 Budget (£23.5m-£24.5m),2,[Anchor: O'Reilly (MCI £6.5m)] + Maatsen (AVL £4.5m) + Mykolenko (EVE £4.5m) + Bogle (LEE £4.5m) + Robertson (TOT £4.5m),MCI-AVL-EVE-LEE-TOT,24.5,60.46,55.21,21.82,33.39,3.0,2.5,2.7273,-0.1866,False
Tier 2: 1 Premium Anchor + 4 Budget (£23.5m-£24.5m),2,[Anchor: O'Reilly (MCI £6.5m)] + Maatsen (AVL £4.5m) + Mykolenko (EVE £4.5m) + Shaw (MUN £4.5m) + Jair Cunha (NFO £4.5m),MCI-AVL-EVE-MUN-NFO,24.5,69.96,57.64,24.72,32.92,2.6,2.5,2.5455,-0.1366,False
Tier 2: 1 Premium Anchor + 4 Budget (£23.5m-£24.5m),2,[Anchor: O'Reilly (MCI £6.5m)] + Maatsen (AVL £4.5m) + Mykolenko (EVE £4.5m) + Shaw (MUN £4.5m) + Hume (SUN £4.5m),MCI-AVL-EVE-MUN-SUN,24.5,72.48,58.01,24.46,33.55,2.6,2.33,2.4545,-0.1732,True
Tier 2: 1 Premium Anchor + 4 Budget (£23.5m-£24.5m),2,[Anchor: O'Reilly (MCI £6.5m)] + Maatsen (AVL £4.5m) + Mykolenko (EVE £4.5m) + Shaw (MUN £4.5m) + Robertson (TOT £4.5m),MCI-AVL-EVE-MUN-TOT,24.5,70.5,58.25,23.87,34.38,2.8,2.33,2.5455,-0.2232,False
Tier 2: 1 Premium Anchor + 4 Budget (£23.5m-£24.5m),2,[Anchor: O'Reilly (MCI £6.5m)] + Maatsen (AVL £4.5m) + Mykolenko (EVE £4.5m) + Jair Cunha (NFO £4.5m) + Hume (SUN £4.5m),MCI-AVL-EVE-NFO-SUN,24.5,70.23,57.79,24.81,32.98,2.6,2.5,2.5455,-0.1366,True
Tier 2: 1 Premium Anchor + 4 Budget (£23.5m-£24.5m),2,[Anchor: O'Reilly (MCI £6.5m)] + Maatsen (AVL £4.5m) + Mykolenko (EVE £4.5m) + Jair Cunha (NFO £4.5m) + Robertson (TOT £4.5m),MCI-AVL-EVE-NFO-TOT,24.5,67.88,57.73,24.22,33.51,2.8,2.5,2.6364,-0.2232,False
Tier 2: 1 Premium Anchor + 4 Budget (£23.5m-£24.5m),2,[Anchor: O'Reilly (MCI £6.5m)] + Maatsen (AVL £4.5m) + Mykolenko (EVE £4.5m) + Hume (SUN £4.5m) + Robertson (TOT £4.5m),MCI-AVL-EVE-SUN-TOT,24.5,70.77,58.4,23.96,34.44,2.8,2.33,2.5455,-0.2232,True
Tier 2: 1 Premium Anchor + 4 Budget (£23.5m-£24.5m),2,[Anchor: O'Reilly (MCI £6.5m)] + Maatsen (AVL £4.5m) + Greaves (IPS £4.0m) + Bogle (LEE £4.5m) + Shaw (MUN £4.5m),MCI-AVL-IPS-LEE-MUN,24.0,64.36,54.15,22.68,31.47,2.6,2.5,2.5455,-0.1,False
Tier 2: 1 Premium Anchor + 4 Budget (£23.5m-£24.5m),2,[Anchor: O'Reilly (MCI £6.5m)] + Maatsen (AVL £4.5m) + Greaves (IPS £4.0m) + Bogle (LEE £4.5m) + Robertson (TOT £4.5m),MCI-AVL-IPS-LEE-TOT,24.0,62.74,54.59,22.18,32.4,2.8,2.5,2.6364,-0.15,False
Tier 2: 1 Premium Anchor + 4 Budget (£23.5m-£24.5m),2,[Anchor: O'Reilly (MCI £6.5m)] + Maatsen (AVL £4.5m) + Greaves (IPS £4.0m) + Shaw (MUN £4.5m) + Jair Cunha (NFO £4.5m),MCI-AVL-IPS-MUN-NFO,24.0,71.32,57.8,25.08,32.72,2.4,2.67,2.5455,0.0366,False
Tier 2: 1 Premium Anchor + 4 Budget (£23.5m-£24.5m),2,[Anchor: O'Reilly (MCI £6.5m)] + Maatsen (AVL £4.5m) + Greaves (IPS £4.0m) + Shaw (MUN £4.5m) + Robertson (TOT £4.5m),MCI-AVL-IPS-MUN-TOT,24.0,74.83,58.61,24.23,34.38,2.6,2.33,2.4545,-0.2366,False
Tier 2: 1 Premium Anchor + 4 Budget (£23.5m-£24.5m),2,[Anchor: O'Reilly (MCI £6.5m)] + Maatsen (AVL £4.5m) + Greaves (IPS £4.0m) + Jair Cunha (NFO £4.5m) + Robertson (TOT £4.5m),MCI-AVL-IPS-NFO-TOT,24.0,69.49,57.89,24.59,33.3,2.6,2.67,2.6364,-0.1,False
Tier 2: 1 Premium Anchor + 4 Budget (£23.5m-£24.5m),2,[Anchor: O'Reilly (MCI £6.5m)] + Maatsen (AVL £4.5m) + Bogle (LEE £4.5m) + Shaw (MUN £4.5m) + Hume (SUN £4.5m),MCI-AVL-LEE-MUN-SUN,24.5,70.83,57.07,23.51,33.55,2.6,2.33,2.4545,-0.1866,True
Tier 2: 1 Premium Anchor + 4 Budget (£23.5m-£24.5m),2,[Anchor: O'Reilly (MCI £6.5m)] + Maatsen (AVL £4.5m) + Bogle (LEE £4.5m) + Shaw (MUN £4.5m) + Robertson (TOT £4.5m),MCI-AVL-LEE-MUN-TOT,24.5,68.59,57.3,22.92,34.38,2.8,2.33,2.5455,-0.1866,False
Tier 2: 1 Premium Anchor + 4 Budget (£23.5m-£24.5m),2,[Anchor: O'Reilly (MCI £6.5m)] + Maatsen (AVL £4.5m) + Bogle (LEE £4.5m) + Hume (SUN £4.5m) + Robertson (TOT £4.5m),MCI-AVL-LEE-SUN-TOT,24.5,68.86,57.45,23.01,34.44,2.8,2.33,2.5455,-0.1866,True
Tier 2: 1 Premium Anchor + 4 Budget (£23.5m-£24.5m),2,[Anchor: O'Reilly (MCI £6.5m)] + Maatsen (AVL £4.5m) + Shaw (MUN £4.5m) + Jair Cunha (NFO £4.5m) + Hume (SUN £4.5m),MCI-AVL-MUN-NFO-SUN,24.5,78.37,59.88,25.92,33.97,2.4,2.33,2.3636,-0.1366,True
Tier 2: 1 Premium Anchor + 4 Budget (£23.5m-£24.5m),2,[Anchor: O'Reilly (MCI £6.5m)] + Maatsen (AVL £4.5m) + Shaw (MUN £4.5m) + Jair Cunha (NFO £4.5m) + Robertson (TOT £4.5m),MCI-AVL-MUN-NFO-TOT,24.5,76.02,59.82,25.32,34.5,2.6,2.33,2.4545,-0.2232,False
Tier 2: 1 Premium Anchor + 4 Budget (£23.5m-£24.5m),2,[Anchor: O'Reilly (MCI £6.5m)] + Maatsen (AVL £4.5m) + Shaw (MUN £4.5m) + Hume (SUN £4.5m) + Robertson (TOT £4.5m),MCI-AVL-MUN-SUN-TOT,24.5,75.44,59.5,25.06,34.44,2.6,2.33,2.4545,-0.2232,True
Tier 2: 1 Premium Anchor + 4 Budget (£23.5m-£24.5m),2,[Anchor: O'Reilly (MCI £6.5m)] + Maatsen (AVL £4.5m) + Jair Cunha (NFO £4.5m) + Hume (SUN £4.5m) + Robertson (TOT £4.5m),MCI-AVL-NFO-SUN-TOT,24.5,76.29,59.97,25.42,34.55,2.6,2.33,2.4545,-0.2232,True
Tier 2: 1 Premium Anchor + 4 Budget (£23.5m-£24.5m),2,[Anchor: O'Reilly (MCI £6.5m)] + De Cuyper (BHA £4.5m) + Ajer (BRE £4.5m) + Hato (CHE £4.5m) + Chadi Riad (CRY £4.5m),MCI-BHA-BRE-CHE-CRY,24.5,56.87,53.1,21.52,31.58,3.0,2.33,2.6364,0.097,False
Tier 2: 1 Premium Anchor + 4 Budget (£23.5m-£24.5m),2,[Anchor: O'Reilly (MCI £6.5m)] + De Cuyper (BHA £4.5m) + Ajer (BRE £4.5m) + Hato (CHE £4.5m) + Mykolenko (EVE £4.5m),MCI-BHA-BRE-CHE-EVE,24.5,58.55,53.19,21.36,31.83,3.0,2.33,2.6364,-0.2061,False
Tier 2: 1 Premium Anchor + 4 Budget (£23.5m-£24.5m),2,[Anchor: O'Reilly (MCI £6.5m)] + De Cuyper (BHA £4.5m) + Ajer (BRE £4.5m) + Hato (CHE £4.5m) + Greaves (IPS £4.0m),MCI-BHA-BRE-CHE-IPS,24.0,61.8,53.31,21.72,31.58,2.8,2.33,2.5455,-0.0951,False
Tier 2: 1 Premium Anchor + 4 Budget (£23.5m-£24.5m),2,[Anchor: O'Reilly (MCI £6.5m)] + De Cuyper (BHA £4.5m) + Ajer (BRE £4.5m) + Hato (CHE £4.5m) + Bogle (LEE £4.5m),MCI-BHA-BRE-CHE-LEE,24.5,55.41,51.99,20.41,31.58,3.0,2.33,2.6364,-0.014,False
Tier 2: 1 Premium Anchor + 4 Budget (£23.5m-£24.5m),2,[Anchor: O'Reilly (MCI £6.5m)] + De Cuyper (BHA £4.5m) + Ajer (BRE £4.5m) + Hato (CHE £4.5m) + Shaw (MUN £4.5m),MCI-BHA-BRE-CHE-MUN,24.5,66.69,55.29,22.46,32.82,2.8,2.17,2.4545,-0.2061,False
Tier 2: 1 Premium Anchor + 4 Budget (£23.5m-£24.5m),2,[Anchor: O'Reilly (MCI £6.5m)] + De Cuyper (BHA £4.5m) + Ajer (BRE £4.5m) + Hato (CHE £4.5m) + Jair Cunha (NFO £4.5m),MCI-BHA-BRE-CHE-NFO,24.5,62.36,54.4,22.82,31.58,2.8,2.33,2.5455,0.0033,False
Tier 2: 1 Premium Anchor + 4 Budget (£23.5m-£24.5m),2,[Anchor: O'Reilly (MCI £6.5m)] + De Cuyper (BHA £4.5m) + Ajer (BRE £4.5m) + Hato (CHE £4.5m) + Hume (SUN £4.5m),MCI-BHA-BRE-CHE-SUN,24.5,66.96,55.44,22.56,32.88,2.8,2.17,2.4545,-0.2061,True
Tier 2: 1 Premium Anchor + 4 Budget (£23.5m-£24.5m),2,[Anchor: O'Reilly (MCI £6.5m)] + De Cuyper (BHA £4.5m) + Ajer (BRE £4.5m) + Chadi Riad (CRY £4.5m) + Greaves (IPS £4.0m),MCI-BHA-BRE-CRY-IPS,24.0,56.56,53.64,22.77,30.87,2.8,2.67,2.7273,0.4098,False
Tier 2: 1 Premium Anchor + 4 Budget (£23.5m-£24.5m),2,[Anchor: O'Reilly (MCI £6.5m)] + De Cuyper (BHA £4.5m) + Ajer (BRE £4.5m) + Chadi Riad (CRY £4.5m) + Bogle (LEE £4.5m),MCI-BHA-BRE-CRY-LEE,24.5,51.83,52.24,21.46,30.78,3.0,2.5,2.7273,0.4598,False
Tier 2: 1 Premium Anchor + 4 Budget (£23.5m-£24.5m),2,[Anchor: O'Reilly (MCI £6.5m)] + De Cuyper (BHA £4.5m) + Ajer (BRE £4.5m) + Chadi Riad (CRY £4.5m) + Shaw (MUN £4.5m),MCI-BHA-BRE-CRY-MUN,24.5,65.17,56.27,23.51,32.76,2.8,2.33,2.5455,0.1232,False
Tier 2: 1 Premium Anchor + 4 Budget (£23.5m-£24.5m),2,[Anchor: O'Reilly (MCI £6.5m)] + De Cuyper (BHA £4.5m) + Ajer (BRE £4.5m) + Chadi Riad (CRY £4.5m) + Jair Cunha (NFO £4.5m),MCI-BHA-BRE-CRY-NFO,24.5,57.94,55.43,23.87,31.56,2.8,2.67,2.7273,0.5964,False
Tier 2: 1 Premium Anchor + 4 Budget (£23.5m-£24.5m),2,[Anchor: O'Reilly (MCI £6.5m)] + De Cuyper (BHA £4.5m) + Ajer (BRE £4.5m) + Chadi Riad (CRY £4.5m) + Hume (SUN £4.5m),MCI-BHA-BRE-CRY-SUN,24.5,65.44,56.42,23.61,32.82,2.8,2.33,2.5455,0.1232,True
Tier 2: 1 Premium Anchor + 4 Budget (£23.5m-£24.5m),2,[Anchor: O'Reilly (MCI £6.5m)] + De Cuyper (BHA £4.5m) + Ajer (BRE £4.5m) + Mykolenko (EVE £4.5m) + Greaves (IPS £4.0m),MCI-BHA-BRE-EVE-IPS,24.0,61.93,54.38,22.61,31.77,2.8,2.5,2.6364,-0.0634,False
Tier 2: 1 Premium Anchor + 4 Budget (£23.5m-£24.5m),2,[Anchor: O'Reilly (MCI £6.5m)] + De Cuyper (BHA £4.5m) + Ajer (BRE £4.5m) + Mykolenko (EVE £4.5m) + Bogle (LEE £4.5m),MCI-BHA-BRE-EVE-LEE,24.5,55.69,53.07,21.3,31.77,3.0,2.5,2.7273,-0.0134,False
Tier 2: 1 Premium Anchor + 4 Budget (£23.5m-£24.5m),2,[Anchor: O'Reilly (MCI £6.5m)] + De Cuyper (BHA £4.5m) + Ajer (BRE £4.5m) + Mykolenko (EVE £4.5m) + Shaw (MUN £4.5m),MCI-BHA-BRE-EVE-MUN,24.5,66.95,56.36,23.35,33.01,2.8,2.33,2.5455,-0.2,False
Tier 2: 1 Premium Anchor + 4 Budget (£23.5m-£24.5m),2,[Anchor: O'Reilly (MCI £6.5m)] + De Cuyper (BHA £4.5m) + Ajer (BRE £4.5m) + Mykolenko (EVE £4.5m) + Jair Cunha (NFO £4.5m),MCI-BHA-BRE-EVE-NFO,24.5,62.48,55.47,23.7,31.77,2.8,2.5,2.6364,0.0366,False
Tier 2: 1 Premium Anchor + 4 Budget (£23.5m-£24.5m),2,[Anchor: O'Reilly (MCI £6.5m)] + De Cuyper (BHA £4.5m) + Ajer (BRE £4.5m) + Mykolenko (EVE £4.5m) + Hume (SUN £4.5m),MCI-BHA-BRE-EVE-SUN,24.5,67.22,56.51,23.44,33.07,2.8,2.33,2.5455,-0.2,True
Tier 2: 1 Premium Anchor + 4 Budget (£23.5m-£24.5m),2,[Anchor: O'Reilly (MCI £6.5m)] + De Cuyper (BHA £4.5m) + Ajer (BRE £4.5m) + Greaves (IPS £4.0m) + Bogle (LEE £4.5m),MCI-BHA-BRE-IPS-LEE,24.0,57.23,52.44,21.66,30.78,2.8,2.5,2.6364,0.1732,False
Tier 2: 1 Premium Anchor + 4 Budget (£23.5m-£24.5m),2,[Anchor: O'Reilly (MCI £6.5m)] + De Cuyper (BHA £4.5m) + Ajer (BRE £4.5m) + Greaves (IPS £4.0m) + Shaw (MUN £4.5m),MCI-BHA-BRE-IPS-MUN,24.0,70.07,56.47,23.71,32.76,2.6,2.33,2.4545,-0.0634,False
Tier 2: 1 Premium Anchor + 4 Budget (£23.5m-£24.5m),2,[Anchor: O'Reilly (MCI £6.5m)] + De Cuyper (BHA £4.5m) + Ajer (BRE £4.5m) + Greaves (IPS £4.0m) + Jair Cunha (NFO £4.5m),MCI-BHA-BRE-IPS-NFO,24.0,63.34,55.63,24.07,31.56,2.6,2.67,2.6364,0.3098,False
Tier 2: 1 Premium Anchor + 4 Budget (£23.5m-£24.5m),2,[Anchor: O'Reilly (MCI £6.5m)] + De Cuyper (BHA £4.5m) + Ajer (BRE £4.5m) + Bogle (LEE £4.5m) + Shaw (MUN £4.5m),MCI-BHA-BRE-LEE-MUN,24.5,63.83,55.16,22.4,32.76,2.8,2.33,2.5455,-0.0134,False
Tier 2: 1 Premium Anchor + 4 Budget (£23.5m-£24.5m),2,[Anchor: O'Reilly (MCI £6.5m)] + De Cuyper (BHA £4.5m) + Ajer (BRE £4.5m) + Bogle (LEE £4.5m) + Hume (SUN £4.5m),MCI-BHA-BRE-LEE-SUN,24.5,64.1,55.31,22.5,32.82,2.8,2.33,2.5455,-0.0134,True
Tier 2: 1 Premium Anchor + 4 Budget (£23.5m-£24.5m),2,[Anchor: O'Reilly (MCI £6.5m)] + De Cuyper (BHA £4.5m) + Ajer (BRE £4.5m) + Shaw (MUN £4.5m) + Jair Cunha (NFO £4.5m),MCI-BHA-BRE-MUN-NFO,24.5,70.62,57.57,24.8,32.76,2.6,2.33,2.4545,0.0366,False
Tier 2: 1 Premium Anchor + 4 Budget (£23.5m-£24.5m),2,[Anchor: O'Reilly (MCI £6.5m)] + De Cuyper (BHA £4.5m) + Ajer (BRE £4.5m) + Shaw (MUN £4.5m) + Hume (SUN £4.5m),MCI-BHA-BRE-MUN-SUN,24.5,75.36,58.6,24.54,34.06,2.6,2.17,2.3636,-0.2,True
Tier 2: 1 Premium Anchor + 4 Budget (£23.5m-£24.5m),2,[Anchor: O'Reilly (MCI £6.5m)] + De Cuyper (BHA £4.5m) + Ajer (BRE £4.5m) + Jair Cunha (NFO £4.5m) + Hume (SUN £4.5m),MCI-BHA-BRE-NFO-SUN,24.5,70.89,57.71,24.9,32.82,2.6,2.33,2.4545,0.0366,True
Tier 2: 1 Premium Anchor + 4 Budget (£23.5m-£24.5m),2,[Anchor: O'Reilly (MCI £6.5m)] + De Cuyper (BHA £4.5m) + Hato (CHE £4.5m) + Chadi Riad (CRY £4.5m) + Greaves (IPS £4.0m),MCI-BHA-CHE-CRY-IPS,24.0,55.73,51.99,21.84,30.15,2.8,2.67,2.7273,-0.0262,False
Tier 2: 1 Premium Anchor + 4 Budget (£23.5m-£24.5m),2,[Anchor: O'Reilly (MCI £6.5m)] + De Cuyper (BHA £4.5m) + Hato (CHE £4.5m) + Chadi Riad (CRY £4.5m) + Bogle (LEE £4.5m),MCI-BHA-CHE-CRY-LEE,24.5,51.34,50.59,20.53,30.06,3.0,2.5,2.7273,-0.0451,False
Tier 2: 1 Premium Anchor + 4 Budget (£23.5m-£24.5m),2,[Anchor: O'Reilly (MCI £6.5m)] + De Cuyper (BHA £4.5m) + Hato (CHE £4.5m) + Chadi Riad (CRY £4.5m) + Shaw (MUN £4.5m),MCI-BHA-CHE-CRY-MUN,24.5,63.71,54.62,22.58,32.04,2.8,2.33,2.5455,-0.1872,False
Tier 2: 1 Premium Anchor + 4 Budget (£23.5m-£24.5m),2,[Anchor: O'Reilly (MCI £6.5m)] + De Cuyper (BHA £4.5m) + Hato (CHE £4.5m) + Chadi Riad (CRY £4.5m) + Jair Cunha (NFO £4.5m),MCI-BHA-CHE-CRY-NFO,24.5,58.41,54.21,22.93,31.28,2.8,2.67,2.7273,0.0588,False
Tier 2: 1 Premium Anchor + 4 Budget (£23.5m-£24.5m),2,[Anchor: O'Reilly (MCI £6.5m)] + De Cuyper (BHA £4.5m) + Hato (CHE £4.5m) + Chadi Riad (CRY £4.5m) + Hume (SUN £4.5m),MCI-BHA-CHE-CRY-SUN,24.5,64.02,54.79,22.67,32.12,2.8,2.33,2.5455,-0.1872,True
Tier 2: 1 Premium Anchor + 4 Budget (£23.5m-£24.5m),2,[Anchor: O'Reilly (MCI £6.5m)] + De Cuyper (BHA £4.5m) + Hato (CHE £4.5m) + Chadi Riad (CRY £4.5m) + Robertson (TOT £4.5m),MCI-BHA-CHE-CRY-TOT,24.5,61.88,55.03,22.08,32.95,3.0,2.33,2.6364,-0.2061,False
Tier 2: 1 Premium Anchor + 4 Budget (£23.5m-£24.5m),2,[Anchor: O'Reilly (MCI £6.5m)] + De Cuyper (BHA £4.5m) + Hato (CHE £4.5m) + Mykolenko (EVE £4.5m) + Greaves (IPS £4.0m),MCI-BHA-CHE-EVE-IPS,24.0,56.42,51.95,21.68,30.27,2.8,2.67,2.7273,-0.1793,False
Tier 2: 1 Premium Anchor + 4 Budget (£23.5m-£24.5m),2,[Anchor: O'Reilly (MCI £6.5m)] + De Cuyper (BHA £4.5m) + Hato (CHE £4.5m) + Mykolenko (EVE £4.5m) + Bogle (LEE £4.5m),MCI-BHA-CHE-EVE-LEE,24.5,51.37,50.18,20.37,29.81,3.0,2.5,2.7273,-0.1982,False
Tier 2: 1 Premium Anchor + 4 Budget (£23.5m-£24.5m),2,[Anchor: O'Reilly (MCI £6.5m)] + De Cuyper (BHA £4.5m) + Hato (CHE £4.5m) + Mykolenko (EVE £4.5m) + Shaw (MUN £4.5m),MCI-BHA-CHE-EVE-MUN,24.5,63.39,54.43,22.42,32.01,2.8,2.33,2.5455,-0.1903,False
Tier 2: 1 Premium Anchor + 4 Budget (£23.5m-£24.5m),2,[Anchor: O'Reilly (MCI £6.5m)] + De Cuyper (BHA £4.5m) + Hato (CHE £4.5m) + Mykolenko (EVE £4.5m) + Jair Cunha (NFO £4.5m),MCI-BHA-CHE-EVE-NFO,24.5,61.35,54.25,22.77,31.48,2.8,2.5,2.6364,-0.1809,False
Tier 2: 1 Premium Anchor + 4 Budget (£23.5m-£24.5m),2,[Anchor: O'Reilly (MCI £6.5m)] + De Cuyper (BHA £4.5m) + Hato (CHE £4.5m) + Mykolenko (EVE £4.5m) + Hume (SUN £4.5m),MCI-BHA-CHE-EVE-SUN,24.5,63.74,54.63,22.51,32.12,2.8,2.33,2.5455,-0.1903,True
Tier 2: 1 Premium Anchor + 4 Budget (£23.5m-£24.5m),2,[Anchor: O'Reilly (MCI £6.5m)] + De Cuyper (BHA £4.5m) + Hato (CHE £4.5m) + Mykolenko (EVE £4.5m) + Robertson (TOT £4.5m),MCI-BHA-CHE-EVE-TOT,24.5,61.61,54.86,21.92,32.95,3.0,2.33,2.6364,-0.2092,False
Tier 2: 1 Premium Anchor + 4 Budget (£23.5m-£24.5m),2,[Anchor: O'Reilly (MCI £6.5m)] + De Cuyper (BHA £4.5m) + Hato (CHE £4.5m) + Greaves (IPS £4.0m) + Bogle (LEE £4.5m),MCI-BHA-CHE-IPS-LEE,24.0,53.53,49.55,20.73,28.83,2.8,2.5,2.6364,-0.1372,False
Tier 2: 1 Premium Anchor + 4 Budget (£23.5m-£24.5m),2,[Anchor: O'Reilly (MCI £6.5m)] + De Cuyper (BHA £4.5m) + Hato (CHE £4.5m) + Greaves (IPS £4.0m) + Shaw (MUN £4.5m),MCI-BHA-CHE-IPS-MUN,24.0,67.59,54.79,22.78,32.01,2.6,2.33,2.4545,-0.1793,False
Tier 2: 1 Premium Anchor + 4 Budget (£23.5m-£24.5m),2,[Anchor: O'Reilly (MCI £6.5m)] + De Cuyper (BHA £4.5m) + Hato (CHE £4.5m) + Greaves (IPS £4.0m) + Jair Cunha (NFO £4.5m),MCI-BHA-CHE-IPS-NFO,24.0,62.84,54.41,23.13,31.28,2.6,2.67,2.6364,-0.0333,False
Tier 2: 1 Premium Anchor + 4 Budget (£23.5m-£24.5m),2,[Anchor: O'Reilly (MCI £6.5m)] + De Cuyper (BHA £4.5m) + Hato (CHE £4.5m) + Greaves (IPS £4.0m) + Robertson (TOT £4.5m),MCI-BHA-CHE-IPS-TOT,24.0,66.06,55.23,22.28,32.95,2.8,2.33,2.5455,-0.2482,False
Tier 2: 1 Premium Anchor + 4 Budget (£23.5m-£24.5m),2,[Anchor: O'Reilly (MCI £6.5m)] + De Cuyper (BHA £4.5m) + Hato (CHE £4.5m) + Bogle (LEE £4.5m) + Shaw (MUN £4.5m),MCI-BHA-CHE-LEE-MUN,24.5,61.7,53.48,21.47,32.01,2.8,2.33,2.5455,-0.1982,False
Tier 2: 1 Premium Anchor + 4 Budget (£23.5m-£24.5m),2,[Anchor: O'Reilly (MCI £6.5m)] + De Cuyper (BHA £4.5m) + Hato (CHE £4.5m) + Bogle (LEE £4.5m) + Hume (SUN £4.5m),MCI-BHA-CHE-LEE-SUN,24.5,62.06,53.68,21.56,32.12,2.8,2.33,2.5455,-0.1982,True
Tier 2: 1 Premium Anchor + 4 Budget (£23.5m-£24.5m),2,[Anchor: O'Reilly (MCI £6.5m)] + De Cuyper (BHA £4.5m) + Hato (CHE £4.5m) + Bogle (LEE £4.5m) + Robertson (TOT £4.5m),MCI-BHA-CHE-LEE-TOT,24.5,59.67,53.92,20.97,32.95,3.0,2.33,2.6364,-0.1671,False
Tier 2: 1 Premium Anchor + 4 Budget (£23.5m-£24.5m),2,[Anchor: O'Reilly (MCI £6.5m)] + De Cuyper (BHA £4.5m) + Hato (CHE £4.5m) + Shaw (MUN £4.5m) + Jair Cunha (NFO £4.5m),MCI-BHA-CHE-MUN-NFO,24.5,69.49,56.35,23.87,32.47,2.6,2.33,2.4545,-0.1809,False
Tier 2: 1 Premium Anchor + 4 Budget (£23.5m-£24.5m),2,[Anchor: O'Reilly (MCI £6.5m)] + De Cuyper (BHA £4.5m) + Hato (CHE £4.5m) + Shaw (MUN £4.5m) + Hume (SUN £4.5m),MCI-BHA-CHE-MUN-SUN,24.5,70.56,56.91,23.61,33.3,2.6,2.33,2.4545,-0.1903,True
Tier 2: 1 Premium Anchor + 4 Budget (£23.5m-£24.5m),2,[Anchor: O'Reilly (MCI £6.5m)] + De Cuyper (BHA £4.5m) + Hato (CHE £4.5m) + Shaw (MUN £4.5m) + Robertson (TOT £4.5m),MCI-BHA-CHE-MUN-TOT,24.5,68.42,57.15,23.02,34.12,2.8,2.33,2.5455,-0.2092,False
Tier 2: 1 Premium Anchor + 4 Budget (£23.5m-£24.5m),2,[Anchor: O'Reilly (MCI £6.5m)] + De Cuyper (BHA £4.5m) + Hato (CHE £4.5m) + Jair Cunha (NFO £4.5m) + Hume (SUN £4.5m),MCI-BHA-CHE-NFO-SUN,24.5,69.76,56.5,23.97,32.53,2.6,2.33,2.4545,-0.1809,True
Tier 2: 1 Premium Anchor + 4 Budget (£23.5m-£24.5m),2,[Anchor: O'Reilly (MCI £6.5m)] + De Cuyper (BHA £4.5m) + Hato (CHE £4.5m) + Jair Cunha (NFO £4.5m) + Robertson (TOT £4.5m),MCI-BHA-CHE-NFO-TOT,24.5,67.26,56.43,23.38,33.06,2.8,2.33,2.5455,-0.2364,False
Tier 2: 1 Premium Anchor + 4 Budget (£23.5m-£24.5m),2,[Anchor: O'Reilly (MCI £6.5m)] + De Cuyper (BHA £4.5m) + Hato (CHE £4.5m) + Hume (SUN £4.5m) + Robertson (TOT £4.5m),MCI-BHA-CHE-SUN-TOT,24.5,68.69,57.29,23.12,34.18,2.8,2.33,2.5455,-0.2092,True
Tier 2: 1 Premium Anchor + 4 Budget (£23.5m-£24.5m),2,[Anchor: O'Reilly (MCI £6.5m)] + De Cuyper (BHA £4.5m) + Chadi Riad (CRY £4.5m) + Greaves (IPS £4.0m) + Bogle (LEE £4.5m),MCI-BHA-CRY-IPS-LEE,24.0,51.25,51.12,21.78,29.35,2.8,2.83,2.8182,0.2232,False
Tier 2: 1 Premium Anchor + 4 Budget (£23.5m-£24.5m),2,[Anchor: O'Reilly (MCI £6.5m)] + De Cuyper (BHA £4.5m) + Chadi Riad (CRY £4.5m) + Greaves (IPS £4.0m) + Shaw (MUN £4.5m),MCI-BHA-CRY-IPS-MUN,24.0,63.84,55.15,23.83,31.33,2.6,2.67,2.6364,0.0366,False
Tier 2: 1 Premium Anchor + 4 Budget (£23.5m-£24.5m),2,[Anchor: O'Reilly (MCI £6.5m)] + De Cuyper (BHA £4.5m) + Chadi Riad (CRY £4.5m) + Greaves (IPS £4.0m) + Jair Cunha (NFO £4.5m),MCI-BHA-CRY-IPS-NFO,24.0,57.72,54.75,24.18,30.57,2.6,3.0,2.8182,0.4464,False
Tier 2: 1 Premium Anchor + 4 Budget (£23.5m-£24.5m),2,[Anchor: O'Reilly (MCI £6.5m)] + De Cuyper (BHA £4.5m) + Chadi Riad (CRY £4.5m) + Greaves (IPS £4.0m) + Robertson (TOT £4.5m),MCI-BHA-CRY-IPS-TOT,24.0,62.42,55.56,23.33,32.23,2.8,2.67,2.7273,-0.0634,False
Tier 2: 1 Premium Anchor + 4 Budget (£23.5m-£24.5m),2,[Anchor: O'Reilly (MCI £6.5m)] + De Cuyper (BHA £4.5m) + Chadi Riad (CRY £4.5m) + Bogle (LEE £4.5m) + Shaw (MUN £4.5m),MCI-BHA-CRY-LEE-MUN,24.5,59.61,53.75,22.52,31.24,2.8,2.5,2.6364,-0.0134,False
Tier 2: 1 Premium Anchor + 4 Budget (£23.5m-£24.5m),2,[Anchor: O'Reilly (MCI £6.5m)] + De Cuyper (BHA £4.5m) + Chadi Riad (CRY £4.5m) + Bogle (LEE £4.5m) + Hume (SUN £4.5m),MCI-BHA-CRY-LEE-SUN,24.5,59.92,53.93,22.61,31.31,2.8,2.5,2.6364,-0.0134,True
Tier 2: 1 Premium Anchor + 4 Budget (£23.5m-£24.5m),2,[Anchor: O'Reilly (MCI £6.5m)] + De Cuyper (BHA £4.5m) + Chadi Riad (CRY £4.5m) + Bogle (LEE £4.5m) + Robertson (TOT £4.5m),MCI-BHA-CRY-LEE-TOT,24.5,57.69,54.16,22.02,32.14,3.0,2.5,2.7273,-0.0134,False
Tier 2: 1 Premium Anchor + 4 Budget (£23.5m-£24.5m),2,[Anchor: O'Reilly (MCI £6.5m)] + De Cuyper (BHA £4.5m) + Chadi Riad (CRY £4.5m) + Shaw (MUN £4.5m) + Jair Cunha (NFO £4.5m),MCI-BHA-CRY-MUN-NFO,24.5,66.51,57.38,24.92,32.46,2.6,2.67,2.6364,0.1232,False
Tier 2: 1 Premium Anchor + 4 Budget (£23.5m-£24.5m),2,[Anchor: O'Reilly (MCI £6.5m)] + De Cuyper (BHA £4.5m) + Chadi Riad (CRY £4.5m) + Shaw (MUN £4.5m) + Hume (SUN £4.5m),MCI-BHA-CRY-MUN-SUN,24.5,72.26,57.96,24.66,33.3,2.6,2.33,2.4545,-0.15,True
Tier 2: 1 Premium Anchor + 4 Budget (£23.5m-£24.5m),2,[Anchor: O'Reilly (MCI £6.5m)] + De Cuyper (BHA £4.5m) + Chadi Riad (CRY £4.5m) + Shaw (MUN £4.5m) + Robertson (TOT £4.5m),MCI-BHA-CRY-MUN-TOT,24.5,70.28,58.19,24.07,34.12,2.8,2.33,2.5455,-0.2,False
Tier 2: 1 Premium Anchor + 4 Budget (£23.5m-£24.5m),2,[Anchor: O'Reilly (MCI £6.5m)] + De Cuyper (BHA £4.5m) + Chadi Riad (CRY £4.5m) + Jair Cunha (NFO £4.5m) + Hume (SUN £4.5m),MCI-BHA-CRY-NFO-SUN,24.5,66.78,57.53,25.02,32.51,2.6,2.67,2.6364,0.1232,True
Tier 2: 1 Premium Anchor + 4 Budget (£23.5m-£24.5m),2,[Anchor: O'Reilly (MCI £6.5m)] + De Cuyper (BHA £4.5m) + Chadi Riad (CRY £4.5m) + Jair Cunha (NFO £4.5m) + Robertson (TOT £4.5m),MCI-BHA-CRY-NFO-TOT,24.5,64.44,57.47,24.42,33.04,2.8,2.67,2.7273,0.0366,False
Tier 2: 1 Premium Anchor + 4 Budget (£23.5m-£24.5m),2,[Anchor: O'Reilly (MCI £6.5m)] + De Cuyper (BHA £4.5m) + Chadi Riad (CRY £4.5m) + Hume (SUN £4.5m) + Robertson (TOT £4.5m),MCI-BHA-CRY-SUN-TOT,24.5,70.55,58.34,24.16,34.18,2.8,2.33,2.5455,-0.2,True
Tier 2: 1 Premium Anchor + 4 Budget (£23.5m-£24.5m),2,[Anchor: O'Reilly (MCI £6.5m)] + De Cuyper (BHA £4.5m) + Mykolenko (EVE £4.5m) + Greaves (IPS £4.0m) + Bogle (LEE £4.5m),MCI-BHA-EVE-IPS-LEE,24.0,53.63,50.63,21.62,29.01,2.8,2.67,2.7273,-0.1,False
Tier 2: 1 Premium Anchor + 4 Budget (£23.5m-£24.5m),2,[Anchor: O'Reilly (MCI £6.5m)] + De Cuyper (BHA £4.5m) + Mykolenko (EVE £4.5m) + Greaves (IPS £4.0m) + Shaw (MUN £4.5m),MCI-BHA-EVE-IPS-MUN,24.0,67.67,55.87,23.66,32.2,2.6,2.5,2.5455,-0.1366,False
Tier 2: 1 Premium Anchor + 4 Budget (£23.5m-£24.5m),2,[Anchor: O'Reilly (MCI £6.5m)] + De Cuyper (BHA £4.5m) + Mykolenko (EVE £4.5m) + Greaves (IPS £4.0m) + Jair Cunha (NFO £4.5m),MCI-BHA-EVE-IPS-NFO,24.0,62.78,55.49,24.02,31.47,2.6,2.83,2.7273,0.0366,False
Tier 2: 1 Premium Anchor + 4 Budget (£23.5m-£24.5m),2,[Anchor: O'Reilly (MCI £6.5m)] + De Cuyper (BHA £4.5m) + Mykolenko (EVE £4.5m) + Greaves (IPS £4.0m) + Robertson (TOT £4.5m),MCI-BHA-EVE-IPS-TOT,24.0,66.29,56.3,23.17,33.13,2.8,2.5,2.6364,-0.2366,False
Tier 2: 1 Premium Anchor + 4 Budget (£23.5m-£24.5m),2,[Anchor: O'Reilly (MCI £6.5m)] + De Cuyper (BHA £4.5m) + Mykolenko (EVE £4.5m) + Bogle (LEE £4.5m) + Shaw (MUN £4.5m),MCI-BHA-EVE-LEE-MUN,24.5,61.93,54.56,22.35,32.2,2.8,2.5,2.6364,-0.1866,False
Tier 2: 1 Premium Anchor + 4 Budget (£23.5m-£24.5m),2,[Anchor: O'Reilly (MCI £6.5m)] + De Cuyper (BHA £4.5m) + Mykolenko (EVE £4.5m) + Bogle (LEE £4.5m) + Hume (SUN £4.5m),MCI-BHA-EVE-LEE-SUN,24.5,62.29,54.75,22.45,32.3,2.8,2.5,2.6364,-0.1866,True
Tier 2: 1 Premium Anchor + 4 Budget (£23.5m-£24.5m),2,[Anchor: O'Reilly (MCI £6.5m)] + De Cuyper (BHA £4.5m) + Mykolenko (EVE £4.5m) + Bogle (LEE £4.5m) + Robertson (TOT £4.5m),MCI-BHA-EVE-LEE-TOT,24.5,60.05,54.99,21.86,33.13,3.0,2.5,2.7273,-0.1866,False
Tier 2: 1 Premium Anchor + 4 Budget (£23.5m-£24.5m),2,[Anchor: O'Reilly (MCI £6.5m)] + De Cuyper (BHA £4.5m) + Mykolenko (EVE £4.5m) + Shaw (MUN £4.5m) + Jair Cunha (NFO £4.5m),MCI-BHA-EVE-MUN-NFO,24.5,69.56,57.42,24.76,32.66,2.6,2.5,2.5455,-0.1366,False
Tier 2: 1 Premium Anchor + 4 Budget (£23.5m-£24.5m),2,[Anchor: O'Reilly (MCI £6.5m)] + De Cuyper (BHA £4.5m) + Mykolenko (EVE £4.5m) + Shaw (MUN £4.5m) + Hume (SUN £4.5m),MCI-BHA-EVE-MUN-SUN,24.5,72.08,57.79,24.5,33.3,2.6,2.33,2.4545,-0.1732,True
Tier 2: 1 Premium Anchor + 4 Budget (£23.5m-£24.5m),2,[Anchor: O'Reilly (MCI £6.5m)] + De Cuyper (BHA £4.5m) + Mykolenko (EVE £4.5m) + Shaw (MUN £4.5m) + Robertson (TOT £4.5m),MCI-BHA-EVE-MUN-TOT,24.5,70.1,58.03,23.91,34.12,2.8,2.33,2.5455,-0.2232,False
Tier 2: 1 Premium Anchor + 4 Budget (£23.5m-£24.5m),2,[Anchor: O'Reilly (MCI £6.5m)] + De Cuyper (BHA £4.5m) + Mykolenko (EVE £4.5m) + Jair Cunha (NFO £4.5m) + Hume (SUN £4.5m),MCI-BHA-EVE-NFO-SUN,24.5,69.83,57.57,24.85,32.72,2.6,2.5,2.5455,-0.1366,True
Tier 2: 1 Premium Anchor + 4 Budget (£23.5m-£24.5m),2,[Anchor: O'Reilly (MCI £6.5m)] + De Cuyper (BHA £4.5m) + Mykolenko (EVE £4.5m) + Jair Cunha (NFO £4.5m) + Robertson (TOT £4.5m),MCI-BHA-EVE-NFO-TOT,24.5,67.48,57.51,24.26,33.25,2.8,2.5,2.6364,-0.2232,False
Tier 2: 1 Premium Anchor + 4 Budget (£23.5m-£24.5m),2,[Anchor: O'Reilly (MCI £6.5m)] + De Cuyper (BHA £4.5m) + Mykolenko (EVE £4.5m) + Hume (SUN £4.5m) + Robertson (TOT £4.5m),MCI-BHA-EVE-SUN-TOT,24.5,70.37,58.18,24.0,34.18,2.8,2.33,2.5455,-0.2232,True
Tier 2: 1 Premium Anchor + 4 Budget (£23.5m-£24.5m),2,[Anchor: O'Reilly (MCI £6.5m)] + De Cuyper (BHA £4.5m) + Greaves (IPS £4.0m) + Bogle (LEE £4.5m) + Shaw (MUN £4.5m),MCI-BHA-IPS-LEE-MUN,24.0,63.96,53.93,22.72,31.21,2.6,2.5,2.5455,-0.1,False
Tier 2: 1 Premium Anchor + 4 Budget (£23.5m-£24.5m),2,[Anchor: O'Reilly (MCI £6.5m)] + De Cuyper (BHA £4.5m) + Greaves (IPS £4.0m) + Bogle (LEE £4.5m) + Robertson (TOT £4.5m),MCI-BHA-IPS-LEE-TOT,24.0,62.34,54.36,22.22,32.14,2.8,2.5,2.6364,-0.15,False
Tier 2: 1 Premium Anchor + 4 Budget (£23.5m-£24.5m),2,[Anchor: O'Reilly (MCI £6.5m)] + De Cuyper (BHA £4.5m) + Greaves (IPS £4.0m) + Shaw (MUN £4.5m) + Jair Cunha (NFO £4.5m),MCI-BHA-IPS-MUN-NFO,24.0,70.91,57.58,25.12,32.46,2.4,2.67,2.5455,0.0366,False
Tier 2: 1 Premium Anchor + 4 Budget (£23.5m-£24.5m),2,[Anchor: O'Reilly (MCI £6.5m)] + De Cuyper (BHA £4.5m) + Greaves (IPS £4.0m) + Shaw (MUN £4.5m) + Robertson (TOT £4.5m),MCI-BHA-IPS-MUN-TOT,24.0,74.43,58.39,24.27,34.12,2.6,2.33,2.4545,-0.2366,False
Tier 2: 1 Premium Anchor + 4 Budget (£23.5m-£24.5m),2,[Anchor: O'Reilly (MCI £6.5m)] + De Cuyper (BHA £4.5m) + Greaves (IPS £4.0m) + Jair Cunha (NFO £4.5m) + Robertson (TOT £4.5m),MCI-BHA-IPS-NFO-TOT,24.0,69.09,57.67,24.62,33.04,2.6,2.67,2.6364,-0.1,False
Tier 2: 1 Premium Anchor + 4 Budget (£23.5m-£24.5m),2,[Anchor: O'Reilly (MCI £6.5m)] + De Cuyper (BHA £4.5m) + Bogle (LEE £4.5m) + Shaw (MUN £4.5m) + Hume (SUN £4.5m),MCI-BHA-LEE-MUN-SUN,24.5,70.43,56.84,23.55,33.3,2.6,2.33,2.4545,-0.1866,True
Tier 2: 1 Premium Anchor + 4 Budget (£23.5m-£24.5m),2,[Anchor: O'Reilly (MCI £6.5m)] + De Cuyper (BHA £4.5m) + Bogle (LEE £4.5m) + Shaw (MUN £4.5m) + Robertson (TOT £4.5m),MCI-BHA-LEE-MUN-TOT,24.5,68.19,57.08,22.96,34.12,2.8,2.33,2.5455,-0.1866,False
Tier 2: 1 Premium Anchor + 4 Budget (£23.5m-£24.5m),2,[Anchor: O'Reilly (MCI £6.5m)] + De Cuyper (BHA £4.5m) + Bogle (LEE £4.5m) + Hume (SUN £4.5m) + Robertson (TOT £4.5m),MCI-BHA-LEE-SUN-TOT,24.5,68.46,57.23,23.05,34.18,2.8,2.33,2.5455,-0.1866,True
Tier 2: 1 Premium Anchor + 4 Budget (£23.5m-£24.5m),2,[Anchor: O'Reilly (MCI £6.5m)] + De Cuyper (BHA £4.5m) + Shaw (MUN £4.5m) + Jair Cunha (NFO £4.5m) + Hume (SUN £4.5m),MCI-BHA-MUN-NFO-SUN,24.5,77.97,59.66,25.95,33.71,2.4,2.33,2.3636,-0.1366,True
Tier 2: 1 Premium Anchor + 4 Budget (£23.5m-£24.5m),2,[Anchor: O'Reilly (MCI £6.5m)] + De Cuyper (BHA £4.5m) + Shaw (MUN £4.5m) + Jair Cunha (NFO £4.5m) + Robertson (TOT £4.5m),MCI-BHA-MUN-NFO-TOT,24.5,75.62,59.6,25.36,34.24,2.6,2.33,2.4545,-0.2232,False
Tier 2: 1 Premium Anchor + 4 Budget (£23.5m-£24.5m),2,[Anchor: O'Reilly (MCI £6.5m)] + De Cuyper (BHA £4.5m) + Shaw (MUN £4.5m) + Hume (SUN £4.5m) + Robertson (TOT £4.5m),MCI-BHA-MUN-SUN-TOT,24.5,75.04,59.28,25.1,34.18,2.6,2.33,2.4545,-0.2232,True
Tier 2: 1 Premium Anchor + 4 Budget (£23.5m-£24.5m),2,[Anchor: O'Reilly (MCI £6.5m)] + De Cuyper (BHA £4.5m) + Jair Cunha (NFO £4.5m) + Hume (SUN £4.5m) + Robertson (TOT £4.5m),MCI-BHA-NFO-SUN-TOT,24.5,75.89,59.75,25.46,34.29,2.6,2.33,2.4545,-0.2232,True
Tier 2: 1 Premium Anchor + 4 Budget (£23.5m-£24.5m),2,[Anchor: O'Reilly (MCI £6.5m)] + Ajer (BRE £4.5m) + Hato (CHE £4.5m) + Chadi Riad (CRY £4.5m) + Greaves (IPS £4.0m),MCI-BRE-CHE-CRY-IPS,24.0,57.09,51.63,21.46,30.17,2.8,2.5,2.6364,-0.0957,False
Tier 2: 1 Premium Anchor + 4 Budget (£23.5m-£24.5m),2,[Anchor: O'Reilly (MCI £6.5m)] + Ajer (BRE £4.5m) + Hato (CHE £4.5m) + Chadi Riad (CRY £4.5m) + Bogle (LEE £4.5m),MCI-BRE-CHE-CRY-LEE,24.5,50.95,50.32,20.15,30.17,3.0,2.5,2.7273,-0.0646,False
Tier 2: 1 Premium Anchor + 4 Budget (£23.5m-£24.5m),2,[Anchor: O'Reilly (MCI £6.5m)] + Ajer (BRE £4.5m) + Hato (CHE £4.5m) + Chadi Riad (CRY £4.5m) + Shaw (MUN £4.5m),MCI-BRE-CHE-CRY-MUN,24.5,62.05,53.61,22.2,31.41,2.8,2.33,2.5455,-0.2201,False
Tier 2: 1 Premium Anchor + 4 Budget (£23.5m-£24.5m),2,[Anchor: O'Reilly (MCI £6.5m)] + Ajer (BRE £4.5m) + Hato (CHE £4.5m) + Chadi Riad (CRY £4.5m) + Jair Cunha (NFO £4.5m),MCI-BRE-CHE-CRY-NFO,24.5,58.51,53.16,22.55,30.61,2.8,2.5,2.6364,-0.0107,False
Tier 2: 1 Premium Anchor + 4 Budget (£23.5m-£24.5m),2,[Anchor: O'Reilly (MCI £6.5m)] + Ajer (BRE £4.5m) + Hato (CHE £4.5m) + Chadi Riad (CRY £4.5m) + Hume (SUN £4.5m),MCI-BRE-CHE-CRY-SUN,24.5,62.36,53.78,22.29,31.49,2.8,2.33,2.5455,-0.2201,True
Tier 2: 1 Premium Anchor + 4 Budget (£23.5m-£24.5m),2,[Anchor: O'Reilly (MCI £6.5m)] + Ajer (BRE £4.5m) + Hato (CHE £4.5m) + Mykolenko (EVE £4.5m) + Greaves (IPS £4.0m),MCI-BRE-CHE-EVE-IPS,24.0,54.83,50.94,21.3,29.64,2.8,2.67,2.7273,-0.2256,False
Tier 2: 1 Premium Anchor + 4 Budget (£23.5m-£24.5m),2,[Anchor: O'Reilly (MCI £6.5m)] + Ajer (BRE £4.5m) + Hato (CHE £4.5m) + Mykolenko (EVE £4.5m) + Bogle (LEE £4.5m),MCI-BRE-CHE-EVE-LEE,24.5,49.52,49.18,19.99,29.19,3.0,2.5,2.7273,-0.1945,False
Tier 2: 1 Premium Anchor + 4 Budget (£23.5m-£24.5m),2,[Anchor: O'Reilly (MCI £6.5m)] + Ajer (BRE £4.5m) + Hato (CHE £4.5m) + Mykolenko (EVE £4.5m) + Shaw (MUN £4.5m),MCI-BRE-CHE-EVE-MUN,24.5,61.61,53.42,22.04,31.39,2.8,2.33,2.5455,-0.2,False
Tier 2: 1 Premium Anchor + 4 Budget (£23.5m-£24.5m),2,[Anchor: O'Reilly (MCI £6.5m)] + Ajer (BRE £4.5m) + Hato (CHE £4.5m) + Mykolenko (EVE £4.5m) + Jair Cunha (NFO £4.5m),MCI-BRE-CHE-EVE-NFO,24.5,59.76,53.25,22.39,30.86,2.8,2.5,2.6364,-0.2272,False
Tier 2: 1 Premium Anchor + 4 Budget (£23.5m-£24.5m),2,[Anchor: O'Reilly (MCI £6.5m)] + Ajer (BRE £4.5m) + Hato (CHE £4.5m) + Mykolenko (EVE £4.5m) + Hume (SUN £4.5m),MCI-BRE-CHE-EVE-SUN,24.5,61.96,53.62,22.13,31.49,2.8,2.33,2.5455,-0.2,True
Tier 2: 1 Premium Anchor + 4 Budget (£23.5m-£24.5m),2,[Anchor: O'Reilly (MCI £6.5m)] + Ajer (BRE £4.5m) + Hato (CHE £4.5m) + Greaves (IPS £4.0m) + Bogle (LEE £4.5m),MCI-BRE-CHE-IPS-LEE,24.0,53.2,49.29,20.35,28.94,2.8,2.5,2.6364,-0.1701,False
Tier 2: 1 Premium Anchor + 4 Budget (£23.5m-£24.5m),2,[Anchor: O'Reilly (MCI £6.5m)] + Ajer (BRE £4.5m) + Hato (CHE £4.5m) + Greaves (IPS £4.0m) + Shaw (MUN £4.5m),MCI-BRE-CHE-IPS-MUN,24.0,66.0,53.79,22.4,31.39,2.6,2.33,2.4545,-0.2256,False
Tier 2: 1 Premium Anchor + 4 Budget (£23.5m-£24.5m),2,[Anchor: O'Reilly (MCI £6.5m)] + Ajer (BRE £4.5m) + Hato (CHE £4.5m) + Greaves (IPS £4.0m) + Jair Cunha (NFO £4.5m),MCI-BRE-CHE-IPS-NFO,24.0,63.01,53.36,22.75,30.61,2.6,2.5,2.5455,-0.1162,False
Tier 2: 1 Premium Anchor + 4 Budget (£23.5m-£24.5m),2,[Anchor: O'Reilly (MCI £6.5m)] + Ajer (BRE £4.5m) + Hato (CHE £4.5m) + Bogle (LEE £4.5m) + Shaw (MUN £4.5m),MCI-BRE-CHE-LEE-MUN,24.5,59.86,52.48,21.09,31.39,2.8,2.33,2.5455,-0.1945,False
Tier 2: 1 Premium Anchor + 4 Budget (£23.5m-£24.5m),2,[Anchor: O'Reilly (MCI £6.5m)] + Ajer (BRE £4.5m) + Hato (CHE £4.5m) + Bogle (LEE £4.5m) + Hume (SUN £4.5m),MCI-BRE-CHE-LEE-SUN,24.5,60.21,52.67,21.18,31.49,2.8,2.33,2.5455,-0.1945,True
Tier 2: 1 Premium Anchor + 4 Budget (£23.5m-£24.5m),2,[Anchor: O'Reilly (MCI £6.5m)] + Ajer (BRE £4.5m) + Hato (CHE £4.5m) + Shaw (MUN £4.5m) + Jair Cunha (NFO £4.5m),MCI-BRE-CHE-MUN-NFO,24.5,67.89,55.34,23.49,31.85,2.6,2.33,2.4545,-0.2272,False
Tier 2: 1 Premium Anchor + 4 Budget (£23.5m-£24.5m),2,[Anchor: O'Reilly (MCI £6.5m)] + Ajer (BRE £4.5m) + Hato (CHE £4.5m) + Shaw (MUN £4.5m) + Hume (SUN £4.5m),MCI-BRE-CHE-MUN-SUN,24.5,68.78,55.9,23.23,32.67,2.6,2.33,2.4545,-0.2,True
Tier 2: 1 Premium Anchor + 4 Budget (£23.5m-£24.5m),2,[Anchor: O'Reilly (MCI £6.5m)] + Ajer (BRE £4.5m) + Hato (CHE £4.5m) + Jair Cunha (NFO £4.5m) + Hume (SUN £4.5m),MCI-BRE-CHE-NFO-SUN,24.5,68.16,55.49,23.59,31.9,2.6,2.33,2.4545,-0.2272,True
Tier 2: 1 Premium Anchor + 4 Budget (£23.5m-£24.5m),2,[Anchor: O'Reilly (MCI £6.5m)] + Ajer (BRE £4.5m) + Chadi Riad (CRY £4.5m) + Greaves (IPS £4.0m) + Bogle (LEE £4.5m),MCI-BRE-CRY-IPS-LEE,24.0,52.63,50.77,21.4,29.37,2.8,2.67,2.7273,0.15,False
Tier 2: 1 Premium Anchor + 4 Budget (£23.5m-£24.5m),2,[Anchor: O'Reilly (MCI £6.5m)] + Ajer (BRE £4.5m) + Chadi Riad (CRY £4.5m) + Greaves (IPS £4.0m) + Shaw (MUN £4.5m),MCI-BRE-CRY-IPS-MUN,24.0,65.29,54.8,23.45,31.35,2.6,2.5,2.5455,-0.05,False
Tier 2: 1 Premium Anchor + 4 Budget (£23.5m-£24.5m),2,[Anchor: O'Reilly (MCI £6.5m)] + Ajer (BRE £4.5m) + Chadi Riad (CRY £4.5m) + Greaves (IPS £4.0m) + Jair Cunha (NFO £4.5m),MCI-BRE-CRY-IPS-NFO,24.0,59.35,54.39,23.8,30.59,2.6,2.83,2.7273,0.3232,False
Tier 2: 1 Premium Anchor + 4 Budget (£23.5m-£24.5m),2,[Anchor: O'Reilly (MCI £6.5m)] + Ajer (BRE £4.5m) + Chadi Riad (CRY £4.5m) + Bogle (LEE £4.5m) + Shaw (MUN £4.5m),MCI-BRE-CRY-LEE-MUN,24.5,59.3,53.49,22.14,31.35,2.8,2.5,2.6364,-0.05,False
Tier 2: 1 Premium Anchor + 4 Budget (£23.5m-£24.5m),2,[Anchor: O'Reilly (MCI £6.5m)] + Ajer (BRE £4.5m) + Chadi Riad (CRY £4.5m) + Bogle (LEE £4.5m) + Hume (SUN £4.5m),MCI-BRE-CRY-LEE-SUN,24.5,59.61,53.66,22.23,31.43,2.8,2.5,2.6364,-0.05,True
Tier 2: 1 Premium Anchor + 4 Budget (£23.5m-£24.5m),2,[Anchor: O'Reilly (MCI £6.5m)] + Ajer (BRE £4.5m) + Chadi Riad (CRY £4.5m) + Shaw (MUN £4.5m) + Jair Cunha (NFO £4.5m),MCI-BRE-CRY-MUN-NFO,24.5,66.7,56.33,24.54,31.79,2.6,2.5,2.5455,0.0366,False
Tier 2: 1 Premium Anchor + 4 Budget (£23.5m-£24.5m),2,[Anchor: O'Reilly (MCI £6.5m)] + Ajer (BRE £4.5m) + Chadi Riad (CRY £4.5m) + Shaw (MUN £4.5m) + Hume (SUN £4.5m),MCI-BRE-CRY-MUN-SUN,24.5,70.68,56.95,24.28,32.67,2.6,2.33,2.4545,-0.2,True
Tier 2: 1 Premium Anchor + 4 Budget (£23.5m-£24.5m),2,[Anchor: O'Reilly (MCI £6.5m)] + Ajer (BRE £4.5m) + Chadi Riad (CRY £4.5m) + Jair Cunha (NFO £4.5m) + Hume (SUN £4.5m),MCI-BRE-CRY-NFO-SUN,24.5,66.97,56.47,24.64,31.84,2.6,2.5,2.5455,0.0366,True
Tier 2: 1 Premium Anchor + 4 Budget (£23.5m-£24.5m),2,[Anchor: O'Reilly (MCI £6.5m)] + Ajer (BRE £4.5m) + Mykolenko (EVE £4.5m) + Greaves (IPS £4.0m) + Bogle (LEE £4.5m),MCI-BRE-EVE-IPS-LEE,24.0,53.39,50.36,21.24,29.12,2.8,2.67,2.7273,-0.15,False
Tier 2: 1 Premium Anchor + 4 Budget (£23.5m-£24.5m),2,[Anchor: O'Reilly (MCI £6.5m)] + Ajer (BRE £4.5m) + Mykolenko (EVE £4.5m) + Greaves (IPS £4.0m) + Shaw (MUN £4.5m),MCI-BRE-EVE-IPS-MUN,24.0,66.16,54.86,23.28,31.58,2.6,2.5,2.5455,-0.2,False
Tier 2: 1 Premium Anchor + 4 Budget (£23.5m-£24.5m),2,[Anchor: O'Reilly (MCI £6.5m)] + Ajer (BRE £4.5m) + Mykolenko (EVE £4.5m) + Greaves (IPS £4.0m) + Jair Cunha (NFO £4.5m),MCI-BRE-EVE-IPS-NFO,24.0,63.03,54.43,23.64,30.79,2.6,2.67,2.6364,-0.0634,False
Tier 2: 1 Premium Anchor + 4 Budget (£23.5m-£24.5m),2,[Anchor: O'Reilly (MCI £6.5m)] + Ajer (BRE £4.5m) + Mykolenko (EVE £4.5m) + Bogle (LEE £4.5m) + Shaw (MUN £4.5m),MCI-BRE-EVE-LEE-MUN,24.5,60.17,53.55,21.97,31.58,2.8,2.5,2.6364,-0.2,False
Tier 2: 1 Premium Anchor + 4 Budget (£23.5m-£24.5m),2,[Anchor: O'Reilly (MCI £6.5m)] + Ajer (BRE £4.5m) + Mykolenko (EVE £4.5m) + Bogle (LEE £4.5m) + Hume (SUN £4.5m),MCI-BRE-EVE-LEE-SUN,24.5,60.53,53.75,22.07,31.68,2.8,2.5,2.6364,-0.2,True
Tier 2: 1 Premium Anchor + 4 Budget (£23.5m-£24.5m),2,[Anchor: O'Reilly (MCI £6.5m)] + Ajer (BRE £4.5m) + Mykolenko (EVE £4.5m) + Shaw (MUN £4.5m) + Jair Cunha (NFO £4.5m),MCI-BRE-EVE-MUN-NFO,24.5,68.04,56.42,24.38,32.04,2.6,2.5,2.5455,-0.2,False
Tier 2: 1 Premium Anchor + 4 Budget (£23.5m-£24.5m),2,[Anchor: O'Reilly (MCI £6.5m)] + Ajer (BRE £4.5m) + Mykolenko (EVE £4.5m) + Shaw (MUN £4.5m) + Hume (SUN £4.5m),MCI-BRE-EVE-MUN-SUN,24.5,70.39,56.79,24.12,32.67,2.6,2.33,2.4545,-0.2,True
Tier 2: 1 Premium Anchor + 4 Budget (£23.5m-£24.5m),2,[Anchor: O'Reilly (MCI £6.5m)] + Ajer (BRE £4.5m) + Mykolenko (EVE £4.5m) + Jair Cunha (NFO £4.5m) + Hume (SUN £4.5m),MCI-BRE-EVE-NFO-SUN,24.5,68.32,56.56,24.47,32.09,2.6,2.5,2.5455,-0.2,True
Tier 2: 1 Premium Anchor + 4 Budget (£23.5m-£24.5m),2,[Anchor: O'Reilly (MCI £6.5m)] + Ajer (BRE £4.5m) + Greaves (IPS £4.0m) + Bogle (LEE £4.5m) + Shaw (MUN £4.5m),MCI-BRE-IPS-LEE-MUN,24.0,63.73,53.66,22.34,31.33,2.6,2.5,2.5455,-0.15,False
Tier 2: 1 Premium Anchor + 4 Budget (£23.5m-£24.5m),2,[Anchor: O'Reilly (MCI £6.5m)] + Ajer (BRE £4.5m) + Greaves (IPS £4.0m) + Shaw (MUN £4.5m) + Jair Cunha (NFO £4.5m),MCI-BRE-IPS-MUN-NFO,24.0,71.17,56.53,24.74,31.79,2.4,2.5,2.4545,-0.0634,False
Tier 2: 1 Premium Anchor + 4 Budget (£23.5m-£24.5m),2,[Anchor: O'Reilly (MCI £6.5m)] + Ajer (BRE £4.5m) + Bogle (LEE £4.5m) + Shaw (MUN £4.5m) + Hume (SUN £4.5m),MCI-BRE-LEE-MUN-SUN,24.5,68.66,55.84,23.17,32.67,2.6,2.33,2.4545,-0.2,True
Tier 2: 1 Premium Anchor + 4 Budget (£23.5m-£24.5m),2,[Anchor: O'Reilly (MCI £6.5m)] + Ajer (BRE £4.5m) + Shaw (MUN £4.5m) + Jair Cunha (NFO £4.5m) + Hume (SUN £4.5m),MCI-BRE-MUN-NFO-SUN,24.5,76.45,58.66,25.57,33.08,2.4,2.33,2.3636,-0.2,True
Tier 2: 1 Premium Anchor + 4 Budget (£23.5m-£24.5m),2,[Anchor: O'Reilly (MCI £6.5m)] + Hato (CHE £4.5m) + Chadi Riad (CRY £4.5m) + Greaves (IPS £4.0m) + Bogle (LEE £4.5m),MCI-CHE-CRY-IPS-LEE,24.0,48.63,47.88,20.46,27.41,2.8,2.67,2.7273,-0.1012,False
Tier 2: 1 Premium Anchor + 4 Budget (£23.5m-£24.5m),2,[Anchor: O'Reilly (MCI £6.5m)] + Hato (CHE £4.5m) + Chadi Riad (CRY £4.5m) + Greaves (IPS £4.0m) + Shaw (MUN £4.5m),MCI-CHE-CRY-IPS-MUN,24.0,62.52,53.12,22.51,30.6,2.6,2.5,2.5455,-0.1067,False
Tier 2: 1 Premium Anchor + 4 Budget (£23.5m-£24.5m),2,[Anchor: O'Reilly (MCI £6.5m)] + Hato (CHE £4.5m) + Chadi Riad (CRY £4.5m) + Greaves (IPS £4.0m) + Jair Cunha (NFO £4.5m),MCI-CHE-CRY-IPS-NFO,24.0,57.76,52.74,22.87,29.87,2.6,2.83,2.7273,0.0393,False
Tier 2: 1 Premium Anchor + 4 Budget (£23.5m-£24.5m),2,[Anchor: O'Reilly (MCI £6.5m)] + Hato (CHE £4.5m) + Chadi Riad (CRY £4.5m) + Greaves (IPS £4.0m) + Robertson (TOT £4.5m),MCI-CHE-CRY-IPS-TOT,24.0,61.23,53.55,22.02,31.53,2.8,2.5,2.6364,-0.2256,False
Tier 2: 1 Premium Anchor + 4 Budget (£23.5m-£24.5m),2,[Anchor: O'Reilly (MCI £6.5m)] + Hato (CHE £4.5m) + Chadi Riad (CRY £4.5m) + Bogle (LEE £4.5m) + Shaw (MUN £4.5m),MCI-CHE-CRY-LEE-MUN,24.5,56.87,51.81,21.2,30.6,2.8,2.5,2.6364,-0.1756,False
Tier 2: 1 Premium Anchor + 4 Budget (£23.5m-£24.5m),2,[Anchor: O'Reilly (MCI £6.5m)] + Hato (CHE £4.5m) + Chadi Riad (CRY £4.5m) + Bogle (LEE £4.5m) + Hume (SUN £4.5m),MCI-CHE-CRY-LEE-SUN,24.5,57.23,52.0,21.3,30.7,2.8,2.5,2.6364,-0.1756,True
Tier 2: 1 Premium Anchor + 4 Budget (£23.5m-£24.5m),2,[Anchor: O'Reilly (MCI £6.5m)] + Hato (CHE £4.5m) + Chadi Riad (CRY £4.5m) + Bogle (LEE £4.5m) + Robertson (TOT £4.5m),MCI-CHE-CRY-LEE-TOT,24.5,55.09,52.24,20.71,31.53,3.0,2.5,2.7273,-0.1945,False
Tier 2: 1 Premium Anchor + 4 Budget (£23.5m-£24.5m),2,[Anchor: O'Reilly (MCI £6.5m)] + Hato (CHE £4.5m) + Chadi Riad (CRY £4.5m) + Shaw (MUN £4.5m) + Jair Cunha (NFO £4.5m),MCI-CHE-CRY-MUN-NFO,24.5,64.48,54.67,23.61,31.06,2.6,2.5,2.5455,-0.1217,False
Tier 2: 1 Premium Anchor + 4 Budget (£23.5m-£24.5m),2,[Anchor: O'Reilly (MCI £6.5m)] + Hato (CHE £4.5m) + Chadi Riad (CRY £4.5m) + Shaw (MUN £4.5m) + Hume (SUN £4.5m),MCI-CHE-CRY-MUN-SUN,24.5,65.55,55.23,23.35,31.88,2.6,2.5,2.5455,-0.1311,True
Tier 2: 1 Premium Anchor + 4 Budget (£23.5m-£24.5m),2,[Anchor: O'Reilly (MCI £6.5m)] + Hato (CHE £4.5m) + Chadi Riad (CRY £4.5m) + Shaw (MUN £4.5m) + Robertson (TOT £4.5m),MCI-CHE-CRY-MUN-TOT,24.5,63.66,55.47,22.76,32.71,2.8,2.5,2.6364,-0.2,False
Tier 2: 1 Premium Anchor + 4 Budget (£23.5m-£24.5m),2,[Anchor: O'Reilly (MCI £6.5m)] + Hato (CHE £4.5m) + Chadi Riad (CRY £4.5m) + Jair Cunha (NFO £4.5m) + Hume (SUN £4.5m),MCI-CHE-CRY-NFO-SUN,24.5,64.79,54.84,23.7,31.14,2.6,2.5,2.5455,-0.1217,True
Tier 2: 1 Premium Anchor + 4 Budget (£23.5m-£24.5m),2,[Anchor: O'Reilly (MCI £6.5m)] + Hato (CHE £4.5m) + Chadi Riad (CRY £4.5m) + Jair Cunha (NFO £4.5m) + Robertson (TOT £4.5m),MCI-CHE-CRY-NFO-TOT,24.5,63.09,55.08,23.11,31.97,2.8,2.5,2.6364,-0.2272,False
Tier 2: 1 Premium Anchor + 4 Budget (£23.5m-£24.5m),2,[Anchor: O'Reilly (MCI £6.5m)] + Hato (CHE £4.5m) + Chadi Riad (CRY £4.5m) + Hume (SUN £4.5m) + Robertson (TOT £4.5m),MCI-CHE-CRY-SUN-TOT,24.5,63.97,55.64,22.85,32.79,2.8,2.5,2.6364,-0.2,True
Tier 2: 1 Premium Anchor + 4 Budget (£23.5m-£24.5m),2,[Anchor: O'Reilly (MCI £6.5m)] + Hato (CHE £4.5m) + Mykolenko (EVE £4.5m) + Greaves (IPS £4.0m) + Bogle (LEE £4.5m),MCI-CHE-EVE-IPS-LEE,24.0,46.96,47.93,20.3,27.63,2.8,2.83,2.8182,-0.0811,False
Tier 2: 1 Premium Anchor + 4 Budget (£23.5m-£24.5m),2,[Anchor: O'Reilly (MCI £6.5m)] + Hato (CHE £4.5m) + Mykolenko (EVE £4.5m) + Greaves (IPS £4.0m) + Shaw (MUN £4.5m),MCI-CHE-EVE-IPS-MUN,24.0,58.3,52.18,22.35,29.83,2.6,2.67,2.6364,0.0634,False
Tier 2: 1 Premium Anchor + 4 Budget (£23.5m-£24.5m),2,[Anchor: O'Reilly (MCI £6.5m)] + Hato (CHE £4.5m) + Mykolenko (EVE £4.5m) + Greaves (IPS £4.0m) + Jair Cunha (NFO £4.5m),MCI-CHE-EVE-IPS-NFO,24.0,56.76,52.0,22.71,29.29,2.6,2.83,2.7273,-0.0272,False
Tier 2: 1 Premium Anchor + 4 Budget (£23.5m-£24.5m),2,[Anchor: O'Reilly (MCI £6.5m)] + Hato (CHE £4.5m) + Mykolenko (EVE £4.5m) + Greaves (IPS £4.0m) + Robertson (TOT £4.5m),MCI-CHE-EVE-IPS-TOT,24.0,57.01,52.61,21.86,30.76,2.8,2.67,2.7273,-0.0555,False
Tier 2: 1 Premium Anchor + 4 Budget (£23.5m-£24.5m),2,[Anchor: O'Reilly (MCI £6.5m)] + Hato (CHE £4.5m) + Mykolenko (EVE £4.5m) + Bogle (LEE £4.5m) + Shaw (MUN £4.5m),MCI-CHE-EVE-LEE-MUN,24.5,53.49,50.41,21.04,29.37,2.8,2.5,2.6364,-0.0055,False
Tier 2: 1 Premium Anchor + 4 Budget (£23.5m-£24.5m),2,[Anchor: O'Reilly (MCI £6.5m)] + Hato (CHE £4.5m) + Mykolenko (EVE £4.5m) + Bogle (LEE £4.5m) + Hume (SUN £4.5m),MCI-CHE-EVE-LEE-SUN,24.5,53.85,50.61,21.14,29.47,2.8,2.5,2.6364,-0.0055,True
Tier 2: 1 Premium Anchor + 4 Budget (£23.5m-£24.5m),2,[Anchor: O'Reilly (MCI £6.5m)] + Hato (CHE £4.5m) + Mykolenko (EVE £4.5m) + Bogle (LEE £4.5m) + Robertson (TOT £4.5m),MCI-CHE-EVE-LEE-TOT,24.5,51.71,50.85,20.55,30.3,3.0,2.5,2.7273,-0.0244,False
Tier 2: 1 Premium Anchor + 4 Budget (£23.5m-£24.5m),2,[Anchor: O'Reilly (MCI £6.5m)] + Hato (CHE £4.5m) + Mykolenko (EVE £4.5m) + Shaw (MUN £4.5m) + Jair Cunha (NFO £4.5m),MCI-CHE-EVE-MUN-NFO,24.5,63.73,54.48,23.45,31.04,2.6,2.5,2.5455,-0.0382,False
Tier 2: 1 Premium Anchor + 4 Budget (£23.5m-£24.5m),2,[Anchor: O'Reilly (MCI £6.5m)] + Hato (CHE £4.5m) + Mykolenko (EVE £4.5m) + Shaw (MUN £4.5m) + Hume (SUN £4.5m),MCI-CHE-EVE-MUN-SUN,24.5,63.61,55.04,23.19,31.86,2.6,2.5,2.5455,0.189,True
Tier 2: 1 Premium Anchor + 4 Budget (£23.5m-£24.5m),2,[Anchor: O'Reilly (MCI £6.5m)] + Hato (CHE £4.5m) + Mykolenko (EVE £4.5m) + Shaw (MUN £4.5m) + Robertson (TOT £4.5m),MCI-CHE-EVE-MUN-TOT,24.5,61.72,55.28,22.59,32.69,2.8,2.5,2.6364,0.1201,False
Tier 2: 1 Premium Anchor + 4 Budget (£23.5m-£24.5m),2,[Anchor: O'Reilly (MCI £6.5m)] + Hato (CHE £4.5m) + Mykolenko (EVE £4.5m) + Jair Cunha (NFO £4.5m) + Hume (SUN £4.5m),MCI-CHE-EVE-NFO-SUN,24.5,64.08,54.68,23.54,31.14,2.6,2.5,2.5455,-0.0382,True
Tier 2: 1 Premium Anchor + 4 Budget (£23.5m-£24.5m),2,[Anchor: O'Reilly (MCI £6.5m)] + Hato (CHE £4.5m) + Mykolenko (EVE £4.5m) + Jair Cunha (NFO £4.5m) + Robertson (TOT £4.5m),MCI-CHE-EVE-NFO-TOT,24.5,62.38,54.92,22.95,31.97,2.8,2.5,2.6364,-0.1437,False
Tier 2: 1 Premium Anchor + 4 Budget (£23.5m-£24.5m),2,[Anchor: O'Reilly (MCI £6.5m)] + Hato (CHE £4.5m) + Mykolenko (EVE £4.5m) + Hume (SUN £4.5m) + Robertson (TOT £4.5m),MCI-CHE-EVE-SUN-TOT,24.5,62.08,55.48,22.69,32.79,2.8,2.5,2.6364,0.1201,True
Tier 2: 1 Premium Anchor + 4 Budget (£23.5m-£24.5m),2,[Anchor: O'Reilly (MCI £6.5m)] + Hato (CHE £4.5m) + Greaves (IPS £4.0m) + Bogle (LEE £4.5m) + Shaw (MUN £4.5m),MCI-CHE-IPS-LEE-MUN,24.0,58.13,50.77,21.4,29.37,2.6,2.5,2.5455,-0.0811,False
Tier 2: 1 Premium Anchor + 4 Budget (£23.5m-£24.5m),2,[Anchor: O'Reilly (MCI £6.5m)] + Hato (CHE £4.5m) + Greaves (IPS £4.0m) + Bogle (LEE £4.5m) + Robertson (TOT £4.5m),MCI-CHE-IPS-LEE-TOT,24.0,56.6,51.21,20.91,30.3,2.8,2.5,2.6364,-0.15,False
Tier 2: 1 Premium Anchor + 4 Budget (£23.5m-£24.5m),2,[Anchor: O'Reilly (MCI £6.5m)] + Hato (CHE £4.5m) + Greaves (IPS £4.0m) + Shaw (MUN £4.5m) + Jair Cunha (NFO £4.5m),MCI-CHE-IPS-MUN-NFO,24.0,67.93,54.85,23.81,31.04,2.4,2.5,2.4545,-0.0272,False
Tier 2: 1 Premium Anchor + 4 Budget (£23.5m-£24.5m),2,[Anchor: O'Reilly (MCI £6.5m)] + Hato (CHE £4.5m) + Greaves (IPS £4.0m) + Shaw (MUN £4.5m) + Robertson (TOT £4.5m),MCI-CHE-IPS-MUN-TOT,24.0,66.86,55.65,22.96,32.69,2.6,2.5,2.5455,-0.0555,False
Tier 2: 1 Premium Anchor + 4 Budget (£23.5m-£24.5m),2,[Anchor: O'Reilly (MCI £6.5m)] + Hato (CHE £4.5m) + Greaves (IPS £4.0m) + Jair Cunha (NFO £4.5m) + Robertson (TOT £4.5m),MCI-CHE-IPS-NFO-TOT,24.0,66.83,55.28,23.31,31.97,2.6,2.5,2.5455,-0.1827,False
Tier 2: 1 Premium Anchor + 4 Budget (£23.5m-£24.5m),2,[Anchor: O'Reilly (MCI £6.5m)] + Hato (CHE £4.5m) + Bogle (LEE £4.5m) + Shaw (MUN £4.5m) + Hume (SUN £4.5m),MCI-CHE-LEE-MUN-SUN,24.5,62.86,54.1,22.24,31.86,2.6,2.5,2.5455,-0.0055,True
Tier 2: 1 Premium Anchor + 4 Budget (£23.5m-£24.5m),2,[Anchor: O'Reilly (MCI £6.5m)] + Hato (CHE £4.5m) + Bogle (LEE £4.5m) + Shaw (MUN £4.5m) + Robertson (TOT £4.5m),MCI-CHE-LEE-MUN-TOT,24.5,60.72,54.33,21.65,32.69,2.8,2.5,2.6364,-0.0244,False
Tier 2: 1 Premium Anchor + 4 Budget (£23.5m-£24.5m),2,[Anchor: O'Reilly (MCI £6.5m)] + Hato (CHE £4.5m) + Bogle (LEE £4.5m) + Hume (SUN £4.5m) + Robertson (TOT £4.5m),MCI-CHE-LEE-SUN-TOT,24.5,61.07,54.53,21.74,32.79,2.8,2.5,2.6364,-0.0244,True
Tier 2: 1 Premium Anchor + 4 Budget (£23.5m-£24.5m),2,[Anchor: O'Reilly (MCI £6.5m)] + Hato (CHE £4.5m) + Shaw (MUN £4.5m) + Jair Cunha (NFO £4.5m) + Hume (SUN £4.5m),MCI-CHE-MUN-NFO-SUN,24.5,70.89,56.96,24.64,32.32,2.4,2.5,2.4545,-0.0382,True
Tier 2: 1 Premium Anchor + 4 Budget (£23.5m-£24.5m),2,[Anchor: O'Reilly (MCI £6.5m)] + Hato (CHE £4.5m) + Shaw (MUN £4.5m) + Jair Cunha (NFO £4.5m) + Robertson (TOT £4.5m),MCI-CHE-MUN-NFO-TOT,24.5,69.19,57.2,24.05,33.15,2.6,2.5,2.5455,-0.1437,False
Tier 2: 1 Premium Anchor + 4 Budget (£23.5m-£24.5m),2,[Anchor: O'Reilly (MCI £6.5m)] + Hato (CHE £4.5m) + Shaw (MUN £4.5m) + Hume (SUN £4.5m) + Robertson (TOT £4.5m),MCI-CHE-MUN-SUN-TOT,24.5,66.74,56.58,23.79,32.79,2.6,2.5,2.5455,0.1201,True
Tier 2: 1 Premium Anchor + 4 Budget (£23.5m-£24.5m),2,[Anchor: O'Reilly (MCI £6.5m)] + Hato (CHE £4.5m) + Jair Cunha (NFO £4.5m) + Hume (SUN £4.5m) + Robertson (TOT £4.5m),MCI-CHE-NFO-SUN-TOT,24.5,69.46,57.35,24.15,33.2,2.6,2.5,2.5455,-0.1437,True
Tier 2: 1 Premium Anchor + 4 Budget (£23.5m-£24.5m),2,[Anchor: O'Reilly (MCI £6.5m)] + Chadi Riad (CRY £4.5m) + Greaves (IPS £4.0m) + Bogle (LEE £4.5m) + Shaw (MUN £4.5m),MCI-CRY-IPS-LEE-MUN,24.0,59.0,52.25,22.45,29.8,2.6,2.67,2.6364,-0.05,False
Tier 2: 1 Premium Anchor + 4 Budget (£23.5m-£24.5m),2,[Anchor: O'Reilly (MCI £6.5m)] + Chadi Riad (CRY £4.5m) + Greaves (IPS £4.0m) + Bogle (LEE £4.5m) + Robertson (TOT £4.5m),MCI-CRY-IPS-LEE-TOT,24.0,57.62,52.69,21.96,30.73,2.8,2.67,2.7273,-0.15,False
Tier 2: 1 Premium Anchor + 4 Budget (£23.5m-£24.5m),2,[Anchor: O'Reilly (MCI £6.5m)] + Chadi Riad (CRY £4.5m) + Greaves (IPS £4.0m) + Shaw (MUN £4.5m) + Jair Cunha (NFO £4.5m),MCI-CRY-IPS-MUN-NFO,24.0,65.77,55.9,24.86,31.05,2.4,2.83,2.6364,0.1232,False
Tier 2: 1 Premium Anchor + 4 Budget (£23.5m-£24.5m),2,[Anchor: O'Reilly (MCI £6.5m)] + Chadi Riad (CRY £4.5m) + Greaves (IPS £4.0m) + Shaw (MUN £4.5m) + Robertson (TOT £4.5m),MCI-CRY-IPS-MUN-TOT,24.0,69.53,56.72,24.0,32.71,2.6,2.5,2.5455,-0.2,False
Tier 2: 1 Premium Anchor + 4 Budget (£23.5m-£24.5m),2,[Anchor: O'Reilly (MCI £6.5m)] + Chadi Riad (CRY £4.5m) + Greaves (IPS £4.0m) + Jair Cunha (NFO £4.5m) + Robertson (TOT £4.5m),MCI-CRY-IPS-NFO-TOT,24.0,64.78,56.31,24.36,31.95,2.6,2.83,2.7273,-0.0634,False
Tier 2: 1 Premium Anchor + 4 Budget (£23.5m-£24.5m),2,[Anchor: O'Reilly (MCI £6.5m)] + Chadi Riad (CRY £4.5m) + Bogle (LEE £4.5m) + Shaw (MUN £4.5m) + Hume (SUN £4.5m),MCI-CRY-LEE-MUN-SUN,24.5,65.53,55.17,23.29,31.88,2.6,2.5,2.5455,-0.15,True
Tier 2: 1 Premium Anchor + 4 Budget (£23.5m-£24.5m),2,[Anchor: O'Reilly (MCI £6.5m)] + Chadi Riad (CRY £4.5m) + Bogle (LEE £4.5m) + Shaw (MUN £4.5m) + Robertson (TOT £4.5m),MCI-CRY-LEE-MUN-TOT,24.5,63.55,55.41,22.69,32.71,2.8,2.5,2.6364,-0.2,False
Tier 2: 1 Premium Anchor + 4 Budget (£23.5m-£24.5m),2,[Anchor: O'Reilly (MCI £6.5m)] + Chadi Riad (CRY £4.5m) + Bogle (LEE £4.5m) + Hume (SUN £4.5m) + Robertson (TOT £4.5m),MCI-CRY-LEE-SUN-TOT,24.5,63.86,55.58,22.79,32.79,2.8,2.5,2.6364,-0.2,True
Tier 2: 1 Premium Anchor + 4 Budget (£23.5m-£24.5m),2,[Anchor: O'Reilly (MCI £6.5m)] + Chadi Riad (CRY £4.5m) + Shaw (MUN £4.5m) + Jair Cunha (NFO £4.5m) + Hume (SUN £4.5m),MCI-CRY-MUN-NFO-SUN,24.5,72.93,58.01,25.69,32.32,2.4,2.5,2.4545,-0.0634,True
Tier 2: 1 Premium Anchor + 4 Budget (£23.5m-£24.5m),2,[Anchor: O'Reilly (MCI £6.5m)] + Chadi Riad (CRY £4.5m) + Shaw (MUN £4.5m) + Jair Cunha (NFO £4.5m) + Robertson (TOT £4.5m),MCI-CRY-MUN-NFO-TOT,24.5,71.38,58.25,25.1,33.15,2.6,2.5,2.5455,-0.2,False
Tier 2: 1 Premium Anchor + 4 Budget (£23.5m-£24.5m),2,[Anchor: O'Reilly (MCI £6.5m)] + Chadi Riad (CRY £4.5m) + Shaw (MUN £4.5m) + Hume (SUN £4.5m) + Robertson (TOT £4.5m),MCI-CRY-MUN-SUN-TOT,24.5,70.25,57.63,24.84,32.79,2.6,2.5,2.5455,-0.2,True
Tier 2: 1 Premium Anchor + 4 Budget (£23.5m-£24.5m),2,[Anchor: O'Reilly (MCI £6.5m)] + Chadi Riad (CRY £4.5m) + Jair Cunha (NFO £4.5m) + Hume (SUN £4.5m) + Robertson (TOT £4.5m),MCI-CRY-NFO-SUN-TOT,24.5,71.65,58.4,25.19,33.2,2.6,2.5,2.5455,-0.2,True
Tier 2: 1 Premium Anchor + 4 Budget (£23.5m-£24.5m),2,[Anchor: O'Reilly (MCI £6.5m)] + Mykolenko (EVE £4.5m) + Greaves (IPS £4.0m) + Bogle (LEE £4.5m) + Shaw (MUN £4.5m),MCI-EVE-IPS-LEE-MUN,24.0,58.26,51.85,22.29,29.56,2.6,2.67,2.6364,-0.05,False
Tier 2: 1 Premium Anchor + 4 Budget (£23.5m-£24.5m),2,[Anchor: O'Reilly (MCI £6.5m)] + Mykolenko (EVE £4.5m) + Greaves (IPS £4.0m) + Bogle (LEE £4.5m) + Robertson (TOT £4.5m),MCI-EVE-IPS-LEE-TOT,24.0,56.88,52.28,21.79,30.49,2.8,2.67,2.7273,-0.15,False
Tier 2: 1 Premium Anchor + 4 Budget (£23.5m-£24.5m),2,[Anchor: O'Reilly (MCI £6.5m)] + Mykolenko (EVE £4.5m) + Greaves (IPS £4.0m) + Shaw (MUN £4.5m) + Jair Cunha (NFO £4.5m),MCI-EVE-IPS-MUN-NFO,24.0,67.9,55.92,24.69,31.23,2.4,2.67,2.5455,0.0366,False
Tier 2: 1 Premium Anchor + 4 Budget (£23.5m-£24.5m),2,[Anchor: O'Reilly (MCI £6.5m)] + Mykolenko (EVE £4.5m) + Greaves (IPS £4.0m) + Shaw (MUN £4.5m) + Robertson (TOT £4.5m),MCI-EVE-IPS-MUN-TOT,24.0,68.44,56.53,23.84,32.69,2.6,2.5,2.5455,-0.05,False
Tier 2: 1 Premium Anchor + 4 Budget (£23.5m-£24.5m),2,[Anchor: O'Reilly (MCI £6.5m)] + Mykolenko (EVE £4.5m) + Greaves (IPS £4.0m) + Jair Cunha (NFO £4.5m) + Robertson (TOT £4.5m),MCI-EVE-IPS-NFO-TOT,24.0,66.96,56.36,24.2,32.16,2.6,2.67,2.6364,-0.15,False
Tier 2: 1 Premium Anchor + 4 Budget (£23.5m-£24.5m),2,[Anchor: O'Reilly (MCI £6.5m)] + Mykolenko (EVE £4.5m) + Bogle (LEE £4.5m) + Shaw (MUN £4.5m) + Hume (SUN £4.5m),MCI-EVE-LEE-MUN-SUN,24.5,64.44,54.98,23.12,31.86,2.6,2.5,2.5455,0.0,True
Tier 2: 1 Premium Anchor + 4 Budget (£23.5m-£24.5m),2,[Anchor: O'Reilly (MCI £6.5m)] + Mykolenko (EVE £4.5m) + Bogle (LEE £4.5m) + Shaw (MUN £4.5m) + Robertson (TOT £4.5m),MCI-EVE-LEE-MUN-TOT,24.5,62.46,55.22,22.53,32.69,2.8,2.5,2.6364,-0.05,False
Tier 2: 1 Premium Anchor + 4 Budget (£23.5m-£24.5m),2,[Anchor: O'Reilly (MCI £6.5m)] + Mykolenko (EVE £4.5m) + Bogle (LEE £4.5m) + Hume (SUN £4.5m) + Robertson (TOT £4.5m),MCI-EVE-LEE-SUN-TOT,24.5,62.81,55.42,22.63,32.79,2.8,2.5,2.6364,-0.05,True
Tier 2: 1 Premium Anchor + 4 Budget (£23.5m-£24.5m),2,[Anchor: O'Reilly (MCI £6.5m)] + Mykolenko (EVE £4.5m) + Shaw (MUN £4.5m) + Jair Cunha (NFO £4.5m) + Hume (SUN £4.5m),MCI-EVE-MUN-NFO-SUN,24.5,72.32,57.85,25.53,32.32,2.4,2.5,2.4545,0.0,True
Tier 2: 1 Premium Anchor + 4 Budget (£23.5m-£24.5m),2,[Anchor: O'Reilly (MCI £6.5m)] + Mykolenko (EVE £4.5m) + Shaw (MUN £4.5m) + Jair Cunha (NFO £4.5m) + Robertson (TOT £4.5m),MCI-EVE-MUN-NFO-TOT,24.5,70.77,58.09,24.94,33.15,2.6,2.5,2.5455,-0.1366,False
Tier 2: 1 Premium Anchor + 4 Budget (£23.5m-£24.5m),2,[Anchor: O'Reilly (MCI £6.5m)] + Mykolenko (EVE £4.5m) + Shaw (MUN £4.5m) + Hume (SUN £4.5m) + Robertson (TOT £4.5m),MCI-EVE-MUN-SUN-TOT,24.5,68.46,57.47,24.68,32.79,2.6,2.5,2.5455,0.1,True
Tier 2: 1 Premium Anchor + 4 Budget (£23.5m-£24.5m),2,[Anchor: O'Reilly (MCI £6.5m)] + Mykolenko (EVE £4.5m) + Jair Cunha (NFO £4.5m) + Hume (SUN £4.5m) + Robertson (TOT £4.5m),MCI-EVE-NFO-SUN-TOT,24.5,71.04,58.23,25.03,33.2,2.6,2.5,2.5455,-0.1366,True
Tier 2: 1 Premium Anchor + 4 Budget (£23.5m-£24.5m),2,[Anchor: O'Reilly (MCI £6.5m)] + Greaves (IPS £4.0m) + Bogle (LEE £4.5m) + Shaw (MUN £4.5m) + Robertson (TOT £4.5m),MCI-IPS-LEE-MUN-TOT,24.0,67.22,55.58,22.89,32.69,2.6,2.5,2.5455,-0.15,False
Tier 2: 1 Premium Anchor + 4 Budget (£23.5m-£24.5m),2,[Anchor: O'Reilly (MCI £6.5m)] + Greaves (IPS £4.0m) + Shaw (MUN £4.5m) + Jair Cunha (NFO £4.5m) + Robertson (TOT £4.5m),MCI-IPS-MUN-NFO-TOT,24.0,75.1,58.45,25.3,33.15,2.4,2.5,2.4545,-0.15,False
Tier 2: 1 Premium Anchor + 4 Budget (£23.5m-£24.5m),2,[Anchor: O'Reilly (MCI £6.5m)] + Bogle (LEE £4.5m) + Shaw (MUN £4.5m) + Hume (SUN £4.5m) + Robertson (TOT £4.5m),MCI-LEE-MUN-SUN-TOT,24.5,67.48,56.52,23.73,32.79,2.6,2.5,2.5455,-0.05,True
Tier 2: 1 Premium Anchor + 4 Budget (£23.5m-£24.5m),2,[Anchor: O'Reilly (MCI £6.5m)] + Shaw (MUN £4.5m) + Jair Cunha (NFO £4.5m) + Hume (SUN £4.5m) + Robertson (TOT £4.5m),MCI-MUN-NFO-SUN-TOT,24.5,75.7,59.34,26.13,33.2,2.4,2.5,2.4545,-0.1366,True
Tier 2: 1 Premium Anchor + 4 Budget (£23.5m-£24.5m),2,[Anchor: Milenković (NFO £5.5m)] + Maatsen (AVL £4.5m) + Ajer (BRE £4.5m) + Hato (CHE £4.5m) + Chadi Riad (CRY £4.5m),NFO-AVL-BRE-CHE-CRY,23.5,47.04,46.93,20.51,26.41,2.8,2.67,2.7273,0.0588,False
Tier 2: 1 Premium Anchor + 4 Budget (£23.5m-£24.5m),2,[Anchor: Milenković (NFO £5.5m)] + Maatsen (AVL £4.5m) + Ajer (BRE £4.5m) + Hato (CHE £4.5m) + Mykolenko (EVE £4.5m),NFO-AVL-BRE-CHE-EVE,23.5,48.4,47.02,20.35,26.66,2.8,2.67,2.7273,-0.1809,False
Tier 2: 1 Premium Anchor + 4 Budget (£23.5m-£24.5m),2,[Anchor: Milenković (NFO £5.5m)] + Maatsen (AVL £4.5m) + Ajer (BRE £4.5m) + Hato (CHE £4.5m) + Shaw (MUN £4.5m),NFO-AVL-BRE-CHE-MUN,23.5,56.54,49.11,21.45,27.66,2.6,2.5,2.5455,-0.1809,False
Tier 2: 1 Premium Anchor + 4 Budget (£23.5m-£24.5m),2,[Anchor: Milenković (NFO £5.5m)] + Maatsen (AVL £4.5m) + Ajer (BRE £4.5m) + Hato (CHE £4.5m) + Hume (SUN £4.5m),NFO-AVL-BRE-CHE-SUN,23.5,56.81,49.26,21.55,27.71,2.6,2.5,2.5455,-0.1809,True
Tier 2: 1 Premium Anchor + 4 Budget (£23.5m-£24.5m),2,[Anchor: Milenković (NFO £5.5m)] + Maatsen (AVL £4.5m) + Ajer (BRE £4.5m) + Chadi Riad (CRY £4.5m) + Shaw (MUN £4.5m),NFO-AVL-BRE-CRY-MUN,23.5,55.14,50.09,22.5,27.59,2.6,2.67,2.6364,0.1232,False
Tier 2: 1 Premium Anchor + 4 Budget (£23.5m-£24.5m),2,[Anchor: Milenković (NFO £5.5m)] + Maatsen (AVL £4.5m) + Ajer (BRE £4.5m) + Chadi Riad (CRY £4.5m) + Hume (SUN £4.5m),NFO-AVL-BRE-CRY-SUN,23.5,55.41,50.24,22.6,27.65,2.6,2.67,2.6364,0.1232,True
Tier 2: 1 Premium Anchor + 4 Budget (£23.5m-£24.5m),2,[Anchor: Milenković (NFO £5.5m)] + Maatsen (AVL £4.5m) + Ajer (BRE £4.5m) + Mykolenko (EVE £4.5m) + Shaw (MUN £4.5m),NFO-AVL-BRE-EVE-MUN,23.5,56.6,50.18,22.34,27.84,2.6,2.67,2.6364,-0.1366,False
Tier 2: 1 Premium Anchor + 4 Budget (£23.5m-£24.5m),2,[Anchor: Milenković (NFO £5.5m)] + Maatsen (AVL £4.5m) + Ajer (BRE £4.5m) + Mykolenko (EVE £4.5m) + Hume (SUN £4.5m),NFO-AVL-BRE-EVE-SUN,23.5,56.87,50.33,22.43,27.9,2.6,2.67,2.6364,-0.1366,True
Tier 2: 1 Premium Anchor + 4 Budget (£23.5m-£24.5m),2,[Anchor: Milenković (NFO £5.5m)] + Maatsen (AVL £4.5m) + Ajer (BRE £4.5m) + Shaw (MUN £4.5m) + Hume (SUN £4.5m),NFO-AVL-BRE-MUN-SUN,23.5,65.01,52.42,23.53,28.89,2.4,2.5,2.4545,-0.1366,True
Tier 2: 1 Premium Anchor + 4 Budget (£23.5m-£24.5m),2,[Anchor: Milenković (NFO £5.5m)] + Maatsen (AVL £4.5m) + Hato (CHE £4.5m) + Chadi Riad (CRY £4.5m) + Shaw (MUN £4.5m),NFO-AVL-CHE-CRY-MUN,23.5,52.88,48.44,21.57,26.87,2.6,2.67,2.6364,-0.0254,False
Tier 2: 1 Premium Anchor + 4 Budget (£23.5m-£24.5m),2,[Anchor: Milenković (NFO £5.5m)] + Maatsen (AVL £4.5m) + Hato (CHE £4.5m) + Chadi Riad (CRY £4.5m) + Hume (SUN £4.5m),NFO-AVL-CHE-CRY-SUN,23.5,53.19,48.61,21.66,26.95,2.6,2.67,2.6364,-0.0254,True
Tier 2: 1 Premium Anchor + 4 Budget (£23.5m-£24.5m),2,[Anchor: Milenković (NFO £5.5m)] + Maatsen (AVL £4.5m) + Hato (CHE £4.5m) + Chadi Riad (CRY £4.5m) + Robertson (TOT £4.5m),NFO-AVL-CHE-CRY-TOT,23.5,51.73,48.85,21.07,27.78,2.8,2.67,2.7273,-0.1809,False
Tier 2: 1 Premium Anchor + 4 Budget (£23.5m-£24.5m),2,[Anchor: Milenković (NFO £5.5m)] + Maatsen (AVL £4.5m) + Hato (CHE £4.5m) + Mykolenko (EVE £4.5m) + Shaw (MUN £4.5m),NFO-AVL-CHE-EVE-MUN,23.5,52.24,48.25,21.41,26.85,2.6,2.67,2.6364,0.0348,False
Tier 2: 1 Premium Anchor + 4 Budget (£23.5m-£24.5m),2,[Anchor: Milenković (NFO £5.5m)] + Maatsen (AVL £4.5m) + Hato (CHE £4.5m) + Mykolenko (EVE £4.5m) + Hume (SUN £4.5m),NFO-AVL-CHE-EVE-SUN,23.5,52.59,48.45,21.5,26.95,2.6,2.67,2.6364,0.0348,True
Tier 2: 1 Premium Anchor + 4 Budget (£23.5m-£24.5m),2,[Anchor: Milenković (NFO £5.5m)] + Maatsen (AVL £4.5m) + Hato (CHE £4.5m) + Mykolenko (EVE £4.5m) + Robertson (TOT £4.5m),NFO-AVL-CHE-EVE-TOT,23.5,51.14,48.69,20.91,27.78,2.8,2.67,2.7273,-0.1207,False
Tier 2: 1 Premium Anchor + 4 Budget (£23.5m-£24.5m),2,[Anchor: Milenković (NFO £5.5m)] + Maatsen (AVL £4.5m) + Hato (CHE £4.5m) + Shaw (MUN £4.5m) + Hume (SUN £4.5m),NFO-AVL-CHE-MUN-SUN,23.5,59.41,50.73,22.6,28.13,2.4,2.67,2.5455,0.0348,True
Tier 2: 1 Premium Anchor + 4 Budget (£23.5m-£24.5m),2,[Anchor: Milenković (NFO £5.5m)] + Maatsen (AVL £4.5m) + Hato (CHE £4.5m) + Shaw (MUN £4.5m) + Robertson (TOT £4.5m),NFO-AVL-CHE-MUN-TOT,23.5,57.95,50.97,22.01,28.96,2.6,2.67,2.6364,-0.1207,False
Tier 2: 1 Premium Anchor + 4 Budget (£23.5m-£24.5m),2,[Anchor: Milenković (NFO £5.5m)] + Maatsen (AVL £4.5m) + Hato (CHE £4.5m) + Hume (SUN £4.5m) + Robertson (TOT £4.5m),NFO-AVL-CHE-SUN-TOT,23.5,58.22,51.12,22.1,29.01,2.6,2.67,2.6364,-0.1207,True
Tier 2: 1 Premium Anchor + 4 Budget (£23.5m-£24.5m),2,[Anchor: Milenković (NFO £5.5m)] + Maatsen (AVL £4.5m) + Chadi Riad (CRY £4.5m) + Shaw (MUN £4.5m) + Hume (SUN £4.5m),NFO-AVL-CRY-MUN-SUN,23.5,61.24,51.78,23.65,28.13,2.4,2.67,2.5455,0.05,True
Tier 2: 1 Premium Anchor + 4 Budget (£23.5m-£24.5m),2,[Anchor: Milenković (NFO £5.5m)] + Maatsen (AVL £4.5m) + Chadi Riad (CRY £4.5m) + Shaw (MUN £4.5m) + Robertson (TOT £4.5m),NFO-AVL-CRY-MUN-TOT,23.5,59.94,52.02,23.06,28.96,2.6,2.67,2.6364,-0.1366,False
Tier 2: 1 Premium Anchor + 4 Budget (£23.5m-£24.5m),2,[Anchor: Milenković (NFO £5.5m)] + Maatsen (AVL £4.5m) + Chadi Riad (CRY £4.5m) + Hume (SUN £4.5m) + Robertson (TOT £4.5m),NFO-AVL-CRY-SUN-TOT,23.5,60.21,52.16,23.15,29.01,2.6,2.67,2.6364,-0.1366,True
Tier 2: 1 Premium Anchor + 4 Budget (£23.5m-£24.5m),2,[Anchor: Milenković (NFO £5.5m)] + Maatsen (AVL £4.5m) + Mykolenko (EVE £4.5m) + Shaw (MUN £4.5m) + Hume (SUN £4.5m),NFO-AVL-EVE-MUN-SUN,23.5,60.74,51.61,23.49,28.13,2.4,2.67,2.5455,0.0902,True
Tier 2: 1 Premium Anchor + 4 Budget (£23.5m-£24.5m),2,[Anchor: Milenković (NFO £5.5m)] + Maatsen (AVL £4.5m) + Mykolenko (EVE £4.5m) + Shaw (MUN £4.5m) + Robertson (TOT £4.5m),NFO-AVL-EVE-MUN-TOT,23.5,59.44,51.85,22.9,28.96,2.6,2.67,2.6364,-0.0964,False
Tier 2: 1 Premium Anchor + 4 Budget (£23.5m-£24.5m),2,[Anchor: Milenković (NFO £5.5m)] + Maatsen (AVL £4.5m) + Mykolenko (EVE £4.5m) + Hume (SUN £4.5m) + Robertson (TOT £4.5m),NFO-AVL-EVE-SUN-TOT,23.5,59.71,52.0,22.99,29.01,2.6,2.67,2.6364,-0.0964,True
Tier 2: 1 Premium Anchor + 4 Budget (£23.5m-£24.5m),2,[Anchor: Milenković (NFO £5.5m)] + Maatsen (AVL £4.5m) + Shaw (MUN £4.5m) + Hume (SUN £4.5m) + Robertson (TOT £4.5m),NFO-AVL-MUN-SUN-TOT,23.5,64.38,53.1,24.09,29.01,2.4,2.67,2.5455,-0.0964,True
Tier 2: 1 Premium Anchor + 4 Budget (£23.5m-£24.5m),2,[Anchor: Milenković (NFO £5.5m)] + De Cuyper (BHA £4.5m) + Ajer (BRE £4.5m) + Hato (CHE £4.5m) + Chadi Riad (CRY £4.5m),NFO-BHA-BRE-CHE-CRY,23.5,46.64,46.71,20.55,26.15,2.8,2.67,2.7273,0.0588,False
Tier 2: 1 Premium Anchor + 4 Budget (£23.5m-£24.5m),2,[Anchor: Milenković (NFO £5.5m)] + De Cuyper (BHA £4.5m) + Ajer (BRE £4.5m) + Hato (CHE £4.5m) + Mykolenko (EVE £4.5m),NFO-BHA-BRE-CHE-EVE,23.5,48.0,46.79,20.39,26.4,2.8,2.67,2.7273,-0.1809,False
Tier 2: 1 Premium Anchor + 4 Budget (£23.5m-£24.5m),2,[Anchor: Milenković (NFO £5.5m)] + De Cuyper (BHA £4.5m) + Ajer (BRE £4.5m) + Hato (CHE £4.5m) + Shaw (MUN £4.5m),NFO-BHA-BRE-CHE-MUN,23.5,56.14,48.89,21.49,27.4,2.6,2.5,2.5455,-0.1809,False
Tier 2: 1 Premium Anchor + 4 Budget (£23.5m-£24.5m),2,[Anchor: Milenković (NFO £5.5m)] + De Cuyper (BHA £4.5m) + Ajer (BRE £4.5m) + Hato (CHE £4.5m) + Hume (SUN £4.5m),NFO-BHA-BRE-CHE-SUN,23.5,56.41,49.04,21.59,27.45,2.6,2.5,2.5455,-0.1809,True
Tier 2: 1 Premium Anchor + 4 Budget (£23.5m-£24.5m),2,[Anchor: Milenković (NFO £5.5m)] + De Cuyper (BHA £4.5m) + Ajer (BRE £4.5m) + Chadi Riad (CRY £4.5m) + Shaw (MUN £4.5m),NFO-BHA-BRE-CRY-MUN,23.5,54.74,49.87,22.54,27.33,2.6,2.67,2.6364,0.1232,False
Tier 2: 1 Premium Anchor + 4 Budget (£23.5m-£24.5m),2,[Anchor: Milenković (NFO £5.5m)] + De Cuyper (BHA £4.5m) + Ajer (BRE £4.5m) + Chadi Riad (CRY £4.5m) + Hume (SUN £4.5m),NFO-BHA-BRE-CRY-SUN,23.5,55.01,50.02,22.63,27.39,2.6,2.67,2.6364,0.1232,True
Tier 2: 1 Premium Anchor + 4 Budget (£23.5m-£24.5m),2,[Anchor: Milenković (NFO £5.5m)] + De Cuyper (BHA £4.5m) + Ajer (BRE £4.5m) + Mykolenko (EVE £4.5m) + Shaw (MUN £4.5m),NFO-BHA-BRE-EVE-MUN,23.5,56.2,49.96,22.38,27.58,2.6,2.67,2.6364,-0.1366,False
Tier 2: 1 Premium Anchor + 4 Budget (£23.5m-£24.5m),2,[Anchor: Milenković (NFO £5.5m)] + De Cuyper (BHA £4.5m) + Ajer (BRE £4.5m) + Mykolenko (EVE £4.5m) + Hume (SUN £4.5m),NFO-BHA-BRE-EVE-SUN,23.5,56.47,50.11,22.47,27.64,2.6,2.67,2.6364,-0.1366,True
Tier 2: 1 Premium Anchor + 4 Budget (£23.5m-£24.5m),2,[Anchor: Milenković (NFO £5.5m)] + De Cuyper (BHA £4.5m) + Ajer (BRE £4.5m) + Shaw (MUN £4.5m) + Hume (SUN £4.5m),NFO-BHA-BRE-MUN-SUN,23.5,64.61,52.2,23.57,28.63,2.4,2.5,2.4545,-0.1366,True
Tier 2: 1 Premium Anchor + 4 Budget (£23.5m-£24.5m),2,[Anchor: Milenković (NFO £5.5m)] + De Cuyper (BHA £4.5m) + Hato (CHE £4.5m) + Chadi Riad (CRY £4.5m) + Shaw (MUN £4.5m),NFO-BHA-CHE-CRY-MUN,23.5,52.47,48.22,21.61,26.61,2.6,2.67,2.6364,-0.0254,False
Tier 2: 1 Premium Anchor + 4 Budget (£23.5m-£24.5m),2,[Anchor: Milenković (NFO £5.5m)] + De Cuyper (BHA £4.5m) + Hato (CHE £4.5m) + Chadi Riad (CRY £4.5m) + Hume (SUN £4.5m),NFO-BHA-CHE-CRY-SUN,23.5,52.79,48.39,21.7,26.69,2.6,2.67,2.6364,-0.0254,True
Tier 2: 1 Premium Anchor + 4 Budget (£23.5m-£24.5m),2,[Anchor: Milenković (NFO £5.5m)] + De Cuyper (BHA £4.5m) + Hato (CHE £4.5m) + Chadi Riad (CRY £4.5m) + Robertson (TOT £4.5m),NFO-BHA-CHE-CRY-TOT,23.5,51.33,48.63,21.11,27.52,2.8,2.67,2.7273,-0.1809,False
Tier 2: 1 Premium Anchor + 4 Budget (£23.5m-£24.5m),2,[Anchor: Milenković (NFO £5.5m)] + De Cuyper (BHA £4.5m) + Hato (CHE £4.5m) + Mykolenko (EVE £4.5m) + Shaw (MUN £4.5m),NFO-BHA-CHE-EVE-MUN,23.5,51.84,48.03,21.44,26.59,2.6,2.67,2.6364,0.0348,False
Tier 2: 1 Premium Anchor + 4 Budget (£23.5m-£24.5m),2,[Anchor: Milenković (NFO £5.5m)] + De Cuyper (BHA £4.5m) + Hato (CHE £4.5m) + Mykolenko (EVE £4.5m) + Hume (SUN £4.5m),NFO-BHA-CHE-EVE-SUN,23.5,52.19,48.23,21.54,26.69,2.6,2.67,2.6364,0.0348,True
Tier 2: 1 Premium Anchor + 4 Budget (£23.5m-£24.5m),2,[Anchor: Milenković (NFO £5.5m)] + De Cuyper (BHA £4.5m) + Hato (CHE £4.5m) + Mykolenko (EVE £4.5m) + Robertson (TOT £4.5m),NFO-BHA-CHE-EVE-TOT,23.5,50.74,48.47,20.95,27.52,2.8,2.67,2.7273,-0.1207,False
Tier 2: 1 Premium Anchor + 4 Budget (£23.5m-£24.5m),2,[Anchor: Milenković (NFO £5.5m)] + De Cuyper (BHA £4.5m) + Hato (CHE £4.5m) + Shaw (MUN £4.5m) + Hume (SUN £4.5m),NFO-BHA-CHE-MUN-SUN,23.5,59.0,50.51,22.64,27.87,2.4,2.67,2.5455,0.0348,True
Tier 2: 1 Premium Anchor + 4 Budget (£23.5m-£24.5m),2,[Anchor: Milenković (NFO £5.5m)] + De Cuyper (BHA £4.5m) + Hato (CHE £4.5m) + Shaw (MUN £4.5m) + Robertson (TOT £4.5m),NFO-BHA-CHE-MUN-TOT,23.5,57.55,50.75,22.05,28.7,2.6,2.67,2.6364,-0.1207,False
Tier 2: 1 Premium Anchor + 4 Budget (£23.5m-£24.5m),2,[Anchor: Milenković (NFO £5.5m)] + De Cuyper (BHA £4.5m) + Hato (CHE £4.5m) + Hume (SUN £4.5m) + Robertson (TOT £4.5m),NFO-BHA-CHE-SUN-TOT,23.5,57.82,50.89,22.14,28.75,2.6,2.67,2.6364,-0.1207,True
Tier 2: 1 Premium Anchor + 4 Budget (£23.5m-£24.5m),2,[Anchor: Milenković (NFO £5.5m)] + De Cuyper (BHA £4.5m) + Chadi Riad (CRY £4.5m) + Shaw (MUN £4.5m) + Hume (SUN £4.5m),NFO-BHA-CRY-MUN-SUN,23.5,60.83,51.56,23.69,27.87,2.4,2.67,2.5455,0.05,True
Tier 2: 1 Premium Anchor + 4 Budget (£23.5m-£24.5m),2,[Anchor: Milenković (NFO £5.5m)] + De Cuyper (BHA £4.5m) + Chadi Riad (CRY £4.5m) + Shaw (MUN £4.5m) + Robertson (TOT £4.5m),NFO-BHA-CRY-MUN-TOT,23.5,59.54,51.79,23.1,28.7,2.6,2.67,2.6364,-0.1366,False
Tier 2: 1 Premium Anchor + 4 Budget (£23.5m-£24.5m),2,[Anchor: Milenković (NFO £5.5m)] + De Cuyper (BHA £4.5m) + Chadi Riad (CRY £4.5m) + Hume (SUN £4.5m) + Robertson (TOT £4.5m),NFO-BHA-CRY-SUN-TOT,23.5,59.81,51.94,23.19,28.75,2.6,2.67,2.6364,-0.1366,True
Tier 2: 1 Premium Anchor + 4 Budget (£23.5m-£24.5m),2,[Anchor: Milenković (NFO £5.5m)] + De Cuyper (BHA £4.5m) + Mykolenko (EVE £4.5m) + Shaw (MUN £4.5m) + Hume (SUN £4.5m),NFO-BHA-EVE-MUN-SUN,23.5,60.34,51.39,23.53,27.87,2.4,2.67,2.5455,0.0902,True
Tier 2: 1 Premium Anchor + 4 Budget (£23.5m-£24.5m),2,[Anchor: Milenković (NFO £5.5m)] + De Cuyper (BHA £4.5m) + Mykolenko (EVE £4.5m) + Shaw (MUN £4.5m) + Robertson (TOT £4.5m),NFO-BHA-EVE-MUN-TOT,23.5,59.04,51.63,22.94,28.7,2.6,2.67,2.6364,-0.0964,False
Tier 2: 1 Premium Anchor + 4 Budget (£23.5m-£24.5m),2,[Anchor: Milenković (NFO £5.5m)] + De Cuyper (BHA £4.5m) + Mykolenko (EVE £4.5m) + Hume (SUN £4.5m) + Robertson (TOT £4.5m),NFO-BHA-EVE-SUN-TOT,23.5,59.31,51.78,23.03,28.75,2.6,2.67,2.6364,-0.0964,True
Tier 2: 1 Premium Anchor + 4 Budget (£23.5m-£24.5m),2,[Anchor: Milenković (NFO £5.5m)] + De Cuyper (BHA £4.5m) + Shaw (MUN £4.5m) + Hume (SUN £4.5m) + Robertson (TOT £4.5m),NFO-BHA-MUN-SUN-TOT,23.5,63.98,52.88,24.13,28.75,2.4,2.67,2.5455,-0.0964,True
Tier 2: 1 Premium Anchor + 4 Budget (£23.5m-£24.5m),2,[Anchor: Milenković (NFO £5.5m)] + Ajer (BRE £4.5m) + Hato (CHE £4.5m) + Chadi Riad (CRY £4.5m) + Shaw (MUN £4.5m),NFO-BRE-CHE-CRY-MUN,23.5,51.13,47.21,21.23,25.98,2.6,2.67,2.6364,-0.1217,False
Tier 2: 1 Premium Anchor + 4 Budget (£23.5m-£24.5m),2,[Anchor: Milenković (NFO £5.5m)] + Ajer (BRE £4.5m) + Hato (CHE £4.5m) + Chadi Riad (CRY £4.5m) + Hume (SUN £4.5m),NFO-BRE-CHE-CRY-SUN,23.5,51.44,47.38,21.32,26.06,2.6,2.67,2.6364,-0.1217,True
Tier 2: 1 Premium Anchor + 4 Budget (£23.5m-£24.5m),2,[Anchor: Milenković (NFO £5.5m)] + Ajer (BRE £4.5m) + Hato (CHE £4.5m) + Mykolenko (EVE £4.5m) + Shaw (MUN £4.5m),NFO-BRE-CHE-EVE-MUN,23.5,50.37,47.03,21.06,25.96,2.6,2.67,2.6364,-0.0382,False
Tier 2: 1 Premium Anchor + 4 Budget (£23.5m-£24.5m),2,[Anchor: Milenković (NFO £5.5m)] + Ajer (BRE £4.5m) + Hato (CHE £4.5m) + Mykolenko (EVE £4.5m) + Hume (SUN £4.5m),NFO-BRE-CHE-EVE-SUN,23.5,50.73,47.22,21.16,26.06,2.6,2.67,2.6364,-0.0382,True
Tier 2: 1 Premium Anchor + 4 Budget (£23.5m-£24.5m),2,[Anchor: Milenković (NFO £5.5m)] + Ajer (BRE £4.5m) + Hato (CHE £4.5m) + Shaw (MUN £4.5m) + Hume (SUN £4.5m),NFO-BRE-CHE-MUN-SUN,23.5,57.54,49.5,22.26,27.24,2.4,2.67,2.5455,-0.0382,True
Tier 2: 1 Premium Anchor + 4 Budget (£23.5m-£24.5m),2,[Anchor: Milenković (NFO £5.5m)] + Ajer (BRE £4.5m) + Chadi Riad (CRY £4.5m) + Shaw (MUN £4.5m) + Hume (SUN £4.5m),NFO-BRE-CRY-MUN-SUN,23.5,59.57,50.55,23.31,27.24,2.4,2.67,2.5455,-0.0634,True
Tier 2: 1 Premium Anchor + 4 Budget (£23.5m-£24.5m),2,[Anchor: Milenković (NFO £5.5m)] + Ajer (BRE £4.5m) + Mykolenko (EVE £4.5m) + Shaw (MUN £4.5m) + Hume (SUN £4.5m),NFO-BRE-EVE-MUN-SUN,23.5,58.96,50.39,23.15,27.24,2.4,2.67,2.5455,0.0,True
Tier 2: 1 Premium Anchor + 4 Budget (£23.5m-£24.5m),2,[Anchor: Milenković (NFO £5.5m)] + Hato (CHE £4.5m) + Chadi Riad (CRY £4.5m) + Shaw (MUN £4.5m) + Hume (SUN £4.5m),NFO-CHE-CRY-MUN-SUN,23.5,53.63,48.83,22.38,26.46,2.4,2.83,2.6364,0.1673,True
Tier 2: 1 Premium Anchor + 4 Budget (£23.5m-£24.5m),2,[Anchor: Milenković (NFO £5.5m)] + Hato (CHE £4.5m) + Chadi Riad (CRY £4.5m) + Shaw (MUN £4.5m) + Robertson (TOT £4.5m),NFO-CHE-CRY-MUN-TOT,23.5,52.42,49.07,21.78,27.28,2.6,2.83,2.7273,-0.0382,False
Tier 2: 1 Premium Anchor + 4 Budget (£23.5m-£24.5m),2,[Anchor: Milenković (NFO £5.5m)] + Hato (CHE £4.5m) + Chadi Riad (CRY £4.5m) + Hume (SUN £4.5m) + Robertson (TOT £4.5m),NFO-CHE-CRY-SUN-TOT,23.5,52.73,49.24,21.88,27.36,2.6,2.83,2.7273,-0.0382,True
Tier 2: 1 Premium Anchor + 4 Budget (£23.5m-£24.5m),2,[Anchor: Milenković (NFO £5.5m)] + Hato (CHE £4.5m) + Mykolenko (EVE £4.5m) + Shaw (MUN £4.5m) + Hume (SUN £4.5m),NFO-CHE-EVE-MUN-SUN,23.5,51.37,48.65,22.21,26.43,2.4,2.83,2.6364,0.5507,True
Tier 2: 1 Premium Anchor + 4 Budget (£23.5m-£24.5m),2,[Anchor: Milenković (NFO £5.5m)] + Hato (CHE £4.5m) + Mykolenko (EVE £4.5m) + Shaw (MUN £4.5m) + Robertson (TOT £4.5m),NFO-CHE-EVE-MUN-TOT,23.5,50.17,48.88,21.62,27.26,2.6,2.83,2.7273,0.3452,False
Tier 2: 1 Premium Anchor + 4 Budget (£23.5m-£24.5m),2,[Anchor: Milenković (NFO £5.5m)] + Hato (CHE £4.5m) + Mykolenko (EVE £4.5m) + Hume (SUN £4.5m) + Robertson (TOT £4.5m),NFO-CHE-EVE-SUN-TOT,23.5,50.52,49.08,21.72,27.36,2.6,2.83,2.7273,0.3452,True
Tier 2: 1 Premium Anchor + 4 Budget (£23.5m-£24.5m),2,[Anchor: Milenković (NFO £5.5m)] + Hato (CHE £4.5m) + Shaw (MUN £4.5m) + Hume (SUN £4.5m) + Robertson (TOT £4.5m),NFO-CHE-MUN-SUN-TOT,23.5,55.19,50.18,22.82,27.36,2.4,2.83,2.6364,0.3452,True
Tier 2: 1 Premium Anchor + 4 Budget (£23.5m-£24.5m),2,[Anchor: Milenković (NFO £5.5m)] + Chadi Riad (CRY £4.5m) + Shaw (MUN £4.5m) + Hume (SUN £4.5m) + Robertson (TOT £4.5m),NFO-CRY-MUN-SUN-TOT,23.5,58.82,51.23,23.87,27.36,2.4,2.83,2.6364,0.0,True
Tier 2: 1 Premium Anchor + 4 Budget (£23.5m-£24.5m),2,[Anchor: Milenković (NFO £5.5m)] + Mykolenko (EVE £4.5m) + Shaw (MUN £4.5m) + Hume (SUN £4.5m) + Robertson (TOT £4.5m),NFO-EVE-MUN-SUN-TOT,23.5,56.71,51.07,23.71,27.36,2.4,2.83,2.6364,0.3634,True
Tier 2: 1 Premium Anchor + 4 Budget (£23.5m-£24.5m),2,[Anchor: Mukiele (SUN £5.5m)] + Maatsen (AVL £4.5m) + Ajer (BRE £4.5m) + Hato (CHE £4.5m) + Chadi Riad (CRY £4.5m),SUN-AVL-BRE-CHE-CRY,23.5,55.4,49.01,20.7,28.31,2.8,2.33,2.5455,-0.1872,True
Tier 2: 1 Premium Anchor + 4 Budget (£23.5m-£24.5m),2,[Anchor: Mukiele (SUN £5.5m)] + Maatsen (AVL £4.5m) + Ajer (BRE £4.5m) + Hato (CHE £4.5m) + Mykolenko (EVE £4.5m),SUN-AVL-BRE-CHE-EVE,23.5,55.57,49.1,20.54,28.56,2.8,2.33,2.5455,-0.1903,True
Tier 2: 1 Premium Anchor + 4 Budget (£23.5m-£24.5m),2,[Anchor: Mukiele (SUN £5.5m)] + Maatsen (AVL £4.5m) + Ajer (BRE £4.5m) + Hato (CHE £4.5m) + Bogle (LEE £4.5m),SUN-AVL-BRE-CHE-LEE,23.5,53.43,47.9,19.59,28.31,2.8,2.33,2.5455,-0.1982,True
Tier 2: 1 Premium Anchor + 4 Budget (£23.5m-£24.5m),2,[Anchor: Mukiele (SUN £5.5m)] + Maatsen (AVL £4.5m) + Ajer (BRE £4.5m) + Hato (CHE £4.5m) + Shaw (MUN £4.5m),SUN-AVL-BRE-CHE-MUN,23.5,63.71,51.19,21.64,29.55,2.6,2.17,2.3636,-0.1903,True
Tier 2: 1 Premium Anchor + 4 Budget (£23.5m-£24.5m),2,[Anchor: Mukiele (SUN £5.5m)] + Maatsen (AVL £4.5m) + Ajer (BRE £4.5m) + Hato (CHE £4.5m) + Jair Cunha (NFO £4.5m),SUN-AVL-BRE-CHE-NFO,23.5,60.38,50.31,22.0,28.31,2.6,2.33,2.4545,-0.1809,True
Tier 2: 1 Premium Anchor + 4 Budget (£23.5m-£24.5m),2,[Anchor: Mukiele (SUN £5.5m)] + Maatsen (AVL £4.5m) + Ajer (BRE £4.5m) + Chadi Riad (CRY £4.5m) + Bogle (LEE £4.5m),SUN-AVL-BRE-CRY-LEE,23.5,51.29,48.15,20.64,27.51,2.8,2.5,2.6364,-0.0134,True
Tier 2: 1 Premium Anchor + 4 Budget (£23.5m-£24.5m),2,[Anchor: Mukiele (SUN £5.5m)] + Maatsen (AVL £4.5m) + Ajer (BRE £4.5m) + Chadi Riad (CRY £4.5m) + Shaw (MUN £4.5m),SUN-AVL-BRE-CRY-MUN,23.5,63.63,52.18,22.69,29.49,2.6,2.33,2.4545,-0.15,True
Tier 2: 1 Premium Anchor + 4 Budget (£23.5m-£24.5m),2,[Anchor: Mukiele (SUN £5.5m)] + Maatsen (AVL £4.5m) + Ajer (BRE £4.5m) + Chadi Riad (CRY £4.5m) + Jair Cunha (NFO £4.5m),SUN-AVL-BRE-CRY-NFO,23.5,57.41,51.34,23.05,28.29,2.6,2.67,2.6364,0.1232,True
Tier 2: 1 Premium Anchor + 4 Budget (£23.5m-£24.5m),2,[Anchor: Mukiele (SUN £5.5m)] + Maatsen (AVL £4.5m) + Ajer (BRE £4.5m) + Mykolenko (EVE £4.5m) + Bogle (LEE £4.5m),SUN-AVL-BRE-EVE-LEE,23.5,53.66,48.98,20.48,28.5,2.8,2.5,2.6364,-0.1866,True
Tier 2: 1 Premium Anchor + 4 Budget (£23.5m-£24.5m),2,[Anchor: Mukiele (SUN £5.5m)] + Maatsen (AVL £4.5m) + Ajer (BRE £4.5m) + Mykolenko (EVE £4.5m) + Shaw (MUN £4.5m),SUN-AVL-BRE-EVE-MUN,23.5,63.91,52.27,22.53,29.74,2.6,2.33,2.4545,-0.1732,True
Tier 2: 1 Premium Anchor + 4 Budget (£23.5m-£24.5m),2,[Anchor: Mukiele (SUN £5.5m)] + Maatsen (AVL £4.5m) + Ajer (BRE £4.5m) + Mykolenko (EVE £4.5m) + Jair Cunha (NFO £4.5m),SUN-AVL-BRE-EVE-NFO,23.5,60.45,51.38,22.88,28.5,2.6,2.5,2.5455,-0.1366,True
Tier 2: 1 Premium Anchor + 4 Budget (£23.5m-£24.5m),2,[Anchor: Mukiele (SUN £5.5m)] + Maatsen (AVL £4.5m) + Ajer (BRE £4.5m) + Bogle (LEE £4.5m) + Shaw (MUN £4.5m),SUN-AVL-BRE-LEE-MUN,23.5,61.8,51.07,21.58,29.49,2.6,2.33,2.4545,-0.1866,True
Tier 2: 1 Premium Anchor + 4 Budget (£23.5m-£24.5m),2,[Anchor: Mukiele (SUN £5.5m)] + Maatsen (AVL £4.5m) + Ajer (BRE £4.5m) + Shaw (MUN £4.5m) + Jair Cunha (NFO £4.5m),SUN-AVL-BRE-MUN-NFO,23.5,68.59,53.47,23.98,29.49,2.4,2.33,2.3636,-0.1366,True
Tier 2: 1 Premium Anchor + 4 Budget (£23.5m-£24.5m),2,[Anchor: Mukiele (SUN £5.5m)] + Maatsen (AVL £4.5m) + Hato (CHE £4.5m) + Chadi Riad (CRY £4.5m) + Bogle (LEE £4.5m),SUN-AVL-CHE-CRY-LEE,23.5,48.86,46.49,19.71,26.79,2.8,2.5,2.6364,-0.1293,True
Tier 2: 1 Premium Anchor + 4 Budget (£23.5m-£24.5m),2,[Anchor: Mukiele (SUN £5.5m)] + Maatsen (AVL £4.5m) + Hato (CHE £4.5m) + Chadi Riad (CRY £4.5m) + Shaw (MUN £4.5m),SUN-AVL-CHE-CRY-MUN,23.5,60.23,50.52,21.76,28.77,2.6,2.33,2.4545,-0.0714,True
Tier 2: 1 Premium Anchor + 4 Budget (£23.5m-£24.5m),2,[Anchor: Mukiele (SUN £5.5m)] + Maatsen (AVL £4.5m) + Hato (CHE £4.5m) + Chadi Riad (CRY £4.5m) + Jair Cunha (NFO £4.5m),SUN-AVL-CHE-CRY-NFO,23.5,55.93,50.12,22.11,28.01,2.6,2.67,2.6364,-0.0254,True
Tier 2: 1 Premium Anchor + 4 Budget (£23.5m-£24.5m),2,[Anchor: Mukiele (SUN £5.5m)] + Maatsen (AVL £4.5m) + Hato (CHE £4.5m) + Chadi Riad (CRY £4.5m) + Robertson (TOT £4.5m),SUN-AVL-CHE-CRY-TOT,23.5,58.91,50.93,21.26,29.67,2.8,2.33,2.5455,-0.1903,True
Tier 2: 1 Premium Anchor + 4 Budget (£23.5m-£24.5m),2,[Anchor: Mukiele (SUN £5.5m)] + Maatsen (AVL £4.5m) + Hato (CHE £4.5m) + Mykolenko (EVE £4.5m) + Bogle (LEE £4.5m),SUN-AVL-CHE-EVE-LEE,23.5,47.39,46.09,19.55,26.54,2.8,2.5,2.6364,0.0176,True
Tier 2: 1 Premium Anchor + 4 Budget (£23.5m-£24.5m),2,[Anchor: Mukiele (SUN £5.5m)] + Maatsen (AVL £4.5m) + Hato (CHE £4.5m) + Mykolenko (EVE £4.5m) + Shaw (MUN £4.5m),SUN-AVL-CHE-EVE-MUN,23.5,58.41,50.34,21.6,28.74,2.6,2.33,2.4545,0.2255,True
Tier 2: 1 Premium Anchor + 4 Budget (£23.5m-£24.5m),2,[Anchor: Mukiele (SUN £5.5m)] + Maatsen (AVL £4.5m) + Hato (CHE £4.5m) + Mykolenko (EVE £4.5m) + Jair Cunha (NFO £4.5m),SUN-AVL-CHE-EVE-NFO,23.5,57.37,50.16,21.95,28.21,2.6,2.5,2.5455,0.0348,True
Tier 2: 1 Premium Anchor + 4 Budget (£23.5m-£24.5m),2,[Anchor: Mukiele (SUN £5.5m)] + Maatsen (AVL £4.5m) + Hato (CHE £4.5m) + Mykolenko (EVE £4.5m) + Robertson (TOT £4.5m),SUN-AVL-CHE-EVE-TOT,23.5,57.13,50.77,21.1,29.67,2.8,2.33,2.5455,0.1066,True
Tier 2: 1 Premium Anchor + 4 Budget (£23.5m-£24.5m),2,[Anchor: Mukiele (SUN £5.5m)] + Maatsen (AVL £4.5m) + Hato (CHE £4.5m) + Bogle (LEE £4.5m) + Shaw (MUN £4.5m),SUN-AVL-CHE-LEE-MUN,23.5,57.72,49.39,20.65,28.74,2.6,2.33,2.4545,0.0176,True
Tier 2: 1 Premium Anchor + 4 Budget (£23.5m-£24.5m),2,[Anchor: Mukiele (SUN £5.5m)] + Maatsen (AVL £4.5m) + Hato (CHE £4.5m) + Bogle (LEE £4.5m) + Robertson (TOT £4.5m),SUN-AVL-CHE-LEE-TOT,23.5,56.19,49.82,20.15,29.67,2.8,2.33,2.5455,-0.0513,True
Tier 2: 1 Premium Anchor + 4 Budget (£23.5m-£24.5m),2,[Anchor: Mukiele (SUN £5.5m)] + Maatsen (AVL £4.5m) + Hato (CHE £4.5m) + Shaw (MUN £4.5m) + Jair Cunha (NFO £4.5m),SUN-AVL-CHE-MUN-NFO,23.5,65.51,52.25,23.05,29.2,2.4,2.33,2.3636,0.0348,True
Tier 2: 1 Premium Anchor + 4 Budget (£23.5m-£24.5m),2,[Anchor: Mukiele (SUN £5.5m)] + Maatsen (AVL £4.5m) + Hato (CHE £4.5m) + Shaw (MUN £4.5m) + Robertson (TOT £4.5m),SUN-AVL-CHE-MUN-TOT,23.5,63.94,53.05,22.2,30.85,2.6,2.33,2.4545,0.1066,True
Tier 2: 1 Premium Anchor + 4 Budget (£23.5m-£24.5m),2,[Anchor: Mukiele (SUN £5.5m)] + Maatsen (AVL £4.5m) + Hato (CHE £4.5m) + Jair Cunha (NFO £4.5m) + Robertson (TOT £4.5m),SUN-AVL-CHE-NFO-TOT,23.5,63.78,52.34,22.56,29.79,2.6,2.33,2.4545,-0.1207,True
Tier 2: 1 Premium Anchor + 4 Budget (£23.5m-£24.5m),2,[Anchor: Mukiele (SUN £5.5m)] + Maatsen (AVL £4.5m) + Chadi Riad (CRY £4.5m) + Bogle (LEE £4.5m) + Shaw (MUN £4.5m),SUN-AVL-CRY-LEE-MUN,23.5,57.07,49.66,21.7,27.97,2.6,2.5,2.5455,-0.0866,True
Tier 2: 1 Premium Anchor + 4 Budget (£23.5m-£24.5m),2,[Anchor: Mukiele (SUN £5.5m)] + Maatsen (AVL £4.5m) + Chadi Riad (CRY £4.5m) + Bogle (LEE £4.5m) + Robertson (TOT £4.5m),SUN-AVL-CRY-LEE-TOT,23.5,55.65,50.07,21.2,28.87,2.8,2.5,2.6364,-0.1866,True
Tier 2: 1 Premium Anchor + 4 Budget (£23.5m-£24.5m),2,[Anchor: Mukiele (SUN £5.5m)] + Maatsen (AVL £4.5m) + Chadi Riad (CRY £4.5m) + Shaw (MUN £4.5m) + Jair Cunha (NFO £4.5m),SUN-AVL-CRY-MUN-NFO,23.5,63.98,53.29,24.1,29.19,2.4,2.67,2.5455,0.05,True
Tier 2: 1 Premium Anchor + 4 Budget (£23.5m-£24.5m),2,[Anchor: Mukiele (SUN £5.5m)] + Maatsen (AVL £4.5m) + Chadi Riad (CRY £4.5m) + Shaw (MUN £4.5m) + Robertson (TOT £4.5m),SUN-AVL-CRY-MUN-TOT,23.5,67.25,54.1,23.25,30.85,2.6,2.33,2.4545,-0.1732,True
Tier 2: 1 Premium Anchor + 4 Budget (£23.5m-£24.5m),2,[Anchor: Mukiele (SUN £5.5m)] + Maatsen (AVL £4.5m) + Chadi Riad (CRY £4.5m) + Jair Cunha (NFO £4.5m) + Robertson (TOT £4.5m),SUN-AVL-CRY-NFO-TOT,23.5,62.4,53.37,23.6,29.77,2.6,2.67,2.6364,-0.1366,True
Tier 2: 1 Premium Anchor + 4 Budget (£23.5m-£24.5m),2,[Anchor: Mukiele (SUN £5.5m)] + Maatsen (AVL £4.5m) + Mykolenko (EVE £4.5m) + Bogle (LEE £4.5m) + Shaw (MUN £4.5m),SUN-AVL-EVE-LEE-MUN,23.5,57.9,50.46,21.53,28.93,2.6,2.5,2.5455,0.0402,True
Tier 2: 1 Premium Anchor + 4 Budget (£23.5m-£24.5m),2,[Anchor: Mukiele (SUN £5.5m)] + Maatsen (AVL £4.5m) + Mykolenko (EVE £4.5m) + Bogle (LEE £4.5m) + Robertson (TOT £4.5m),SUN-AVL-EVE-LEE-TOT,23.5,56.52,50.9,21.04,29.86,2.8,2.5,2.6364,-0.0598,True
Tier 2: 1 Premium Anchor + 4 Budget (£23.5m-£24.5m),2,[Anchor: Mukiele (SUN £5.5m)] + Maatsen (AVL £4.5m) + Mykolenko (EVE £4.5m) + Shaw (MUN £4.5m) + Jair Cunha (NFO £4.5m),SUN-AVL-EVE-MUN-NFO,23.5,65.52,53.33,23.94,29.39,2.4,2.5,2.4545,0.0902,True
Tier 2: 1 Premium Anchor + 4 Budget (£23.5m-£24.5m),2,[Anchor: Mukiele (SUN £5.5m)] + Maatsen (AVL £4.5m) + Mykolenko (EVE £4.5m) + Shaw (MUN £4.5m) + Robertson (TOT £4.5m),SUN-AVL-EVE-MUN-TOT,23.5,65.57,53.94,23.09,30.85,2.6,2.33,2.4545,0.1036,True
Tier 2: 1 Premium Anchor + 4 Budget (£23.5m-£24.5m),2,[Anchor: Mukiele (SUN £5.5m)] + Maatsen (AVL £4.5m) + Mykolenko (EVE £4.5m) + Jair Cunha (NFO £4.5m) + Robertson (TOT £4.5m),SUN-AVL-EVE-NFO-TOT,23.5,63.95,53.42,23.44,29.97,2.6,2.5,2.5455,-0.0964,True
Tier 2: 1 Premium Anchor + 4 Budget (£23.5m-£24.5m),2,[Anchor: Mukiele (SUN £5.5m)] + Maatsen (AVL £4.5m) + Bogle (LEE £4.5m) + Shaw (MUN £4.5m) + Robertson (TOT £4.5m),SUN-AVL-LEE-MUN-TOT,23.5,64.66,52.99,22.14,30.85,2.6,2.33,2.4545,-0.0598,True
Tier 2: 1 Premium Anchor + 4 Budget (£23.5m-£24.5m),2,[Anchor: Mukiele (SUN £5.5m)] + Maatsen (AVL £4.5m) + Shaw (MUN £4.5m) + Jair Cunha (NFO £4.5m) + Robertson (TOT £4.5m),SUN-AVL-MUN-NFO-TOT,23.5,72.09,55.51,24.54,30.97,2.4,2.33,2.3636,-0.0964,True
Tier 2: 1 Premium Anchor + 4 Budget (£23.5m-£24.5m),2,[Anchor: Mukiele (SUN £5.5m)] + De Cuyper (BHA £4.5m) + Ajer (BRE £4.5m) + Hato (CHE £4.5m) + Chadi Riad (CRY £4.5m),SUN-BHA-BRE-CHE-CRY,23.5,54.99,48.79,20.74,28.05,2.8,2.33,2.5455,-0.1872,True
Tier 2: 1 Premium Anchor + 4 Budget (£23.5m-£24.5m),2,[Anchor: Mukiele (SUN £5.5m)] + De Cuyper (BHA £4.5m) + Ajer (BRE £4.5m) + Hato (CHE £4.5m) + Mykolenko (EVE £4.5m),SUN-BHA-BRE-CHE-EVE,23.5,55.17,48.88,20.58,28.3,2.8,2.33,2.5455,-0.1903,True
Tier 2: 1 Premium Anchor + 4 Budget (£23.5m-£24.5m),2,[Anchor: Mukiele (SUN £5.5m)] + De Cuyper (BHA £4.5m) + Ajer (BRE £4.5m) + Hato (CHE £4.5m) + Bogle (LEE £4.5m),SUN-BHA-BRE-CHE-LEE,23.5,53.03,47.68,19.63,28.05,2.8,2.33,2.5455,-0.1982,True
Tier 2: 1 Premium Anchor + 4 Budget (£23.5m-£24.5m),2,[Anchor: Mukiele (SUN £5.5m)] + De Cuyper (BHA £4.5m) + Ajer (BRE £4.5m) + Hato (CHE £4.5m) + Shaw (MUN £4.5m),SUN-BHA-BRE-CHE-MUN,23.5,63.31,50.97,21.68,29.29,2.6,2.17,2.3636,-0.1903,True
Tier 2: 1 Premium Anchor + 4 Budget (£23.5m-£24.5m),2,[Anchor: Mukiele (SUN £5.5m)] + De Cuyper (BHA £4.5m) + Ajer (BRE £4.5m) + Hato (CHE £4.5m) + Jair Cunha (NFO £4.5m),SUN-BHA-BRE-CHE-NFO,23.5,59.98,50.09,22.04,28.05,2.6,2.33,2.4545,-0.1809,True
Tier 2: 1 Premium Anchor + 4 Budget (£23.5m-£24.5m),2,[Anchor: Mukiele (SUN £5.5m)] + De Cuyper (BHA £4.5m) + Ajer (BRE £4.5m) + Chadi Riad (CRY £4.5m) + Bogle (LEE £4.5m),SUN-BHA-BRE-CRY-LEE,23.5,50.89,47.93,20.68,27.25,2.8,2.5,2.6364,-0.0134,True
Tier 2: 1 Premium Anchor + 4 Budget (£23.5m-£24.5m),2,[Anchor: Mukiele (SUN £5.5m)] + De Cuyper (BHA £4.5m) + Ajer (BRE £4.5m) + Chadi Riad (CRY £4.5m) + Shaw (MUN £4.5m),SUN-BHA-BRE-CRY-MUN,23.5,63.23,51.96,22.73,29.23,2.6,2.33,2.4545,-0.15,True
Tier 2: 1 Premium Anchor + 4 Budget (£23.5m-£24.5m),2,[Anchor: Mukiele (SUN £5.5m)] + De Cuyper (BHA £4.5m) + Ajer (BRE £4.5m) + Chadi Riad (CRY £4.5m) + Jair Cunha (NFO £4.5m),SUN-BHA-BRE-CRY-NFO,23.5,57.0,51.12,23.08,28.03,2.6,2.67,2.6364,0.1232,True
Tier 2: 1 Premium Anchor + 4 Budget (£23.5m-£24.5m),2,[Anchor: Mukiele (SUN £5.5m)] + De Cuyper (BHA £4.5m) + Ajer (BRE £4.5m) + Mykolenko (EVE £4.5m) + Bogle (LEE £4.5m),SUN-BHA-BRE-EVE-LEE,23.5,53.26,48.76,20.52,28.24,2.8,2.5,2.6364,-0.1866,True
Tier 2: 1 Premium Anchor + 4 Budget (£23.5m-£24.5m),2,[Anchor: Mukiele (SUN £5.5m)] + De Cuyper (BHA £4.5m) + Ajer (BRE £4.5m) + Mykolenko (EVE £4.5m) + Shaw (MUN £4.5m),SUN-BHA-BRE-EVE-MUN,23.5,63.51,52.05,22.57,29.48,2.6,2.33,2.4545,-0.1732,True
Tier 2: 1 Premium Anchor + 4 Budget (£23.5m-£24.5m),2,[Anchor: Mukiele (SUN £5.5m)] + De Cuyper (BHA £4.5m) + Ajer (BRE £4.5m) + Mykolenko (EVE £4.5m) + Jair Cunha (NFO £4.5m),SUN-BHA-BRE-EVE-NFO,23.5,60.05,51.16,22.92,28.24,2.6,2.5,2.5455,-0.1366,True
Tier 2: 1 Premium Anchor + 4 Budget (£23.5m-£24.5m),2,[Anchor: Mukiele (SUN £5.5m)] + De Cuyper (BHA £4.5m) + Ajer (BRE £4.5m) + Bogle (LEE £4.5m) + Shaw (MUN £4.5m),SUN-BHA-BRE-LEE-MUN,23.5,61.4,50.85,21.62,29.23,2.6,2.33,2.4545,-0.1866,True
Tier 2: 1 Premium Anchor + 4 Budget (£23.5m-£24.5m),2,[Anchor: Mukiele (SUN £5.5m)] + De Cuyper (BHA £4.5m) + Ajer (BRE £4.5m) + Shaw (MUN £4.5m) + Jair Cunha (NFO £4.5m),SUN-BHA-BRE-MUN-NFO,23.5,68.19,53.25,24.02,29.23,2.4,2.33,2.3636,-0.1366,True
Tier 2: 1 Premium Anchor + 4 Budget (£23.5m-£24.5m),2,[Anchor: Mukiele (SUN £5.5m)] + De Cuyper (BHA £4.5m) + Hato (CHE £4.5m) + Chadi Riad (CRY £4.5m) + Bogle (LEE £4.5m),SUN-BHA-CHE-CRY-LEE,23.5,48.46,46.27,19.75,26.53,2.8,2.5,2.6364,-0.1293,True
Tier 2: 1 Premium Anchor + 4 Budget (£23.5m-£24.5m),2,[Anchor: Mukiele (SUN £5.5m)] + De Cuyper (BHA £4.5m) + Hato (CHE £4.5m) + Chadi Riad (CRY £4.5m) + Shaw (MUN £4.5m),SUN-BHA-CHE-CRY-MUN,23.5,59.83,50.3,21.8,28.51,2.6,2.33,2.4545,-0.0714,True
Tier 2: 1 Premium Anchor + 4 Budget (£23.5m-£24.5m),2,[Anchor: Mukiele (SUN £5.5m)] + De Cuyper (BHA £4.5m) + Hato (CHE £4.5m) + Chadi Riad (CRY £4.5m) + Jair Cunha (NFO £4.5m),SUN-BHA-CHE-CRY-NFO,23.5,55.53,49.9,22.15,27.75,2.6,2.67,2.6364,-0.0254,True
Tier 2: 1 Premium Anchor + 4 Budget (£23.5m-£24.5m),2,[Anchor: Mukiele (SUN £5.5m)] + De Cuyper (BHA £4.5m) + Hato (CHE £4.5m) + Chadi Riad (CRY £4.5m) + Robertson (TOT £4.5m),SUN-BHA-CHE-CRY-TOT,23.5,58.5,50.71,21.3,29.41,2.8,2.33,2.5455,-0.1903,True
Tier 2: 1 Premium Anchor + 4 Budget (£23.5m-£24.5m),2,[Anchor: Mukiele (SUN £5.5m)] + De Cuyper (BHA £4.5m) + Hato (CHE £4.5m) + Mykolenko (EVE £4.5m) + Bogle (LEE £4.5m),SUN-BHA-CHE-EVE-LEE,23.5,46.99,45.87,19.59,26.28,2.8,2.5,2.6364,0.0176,True
Tier 2: 1 Premium Anchor + 4 Budget (£23.5m-£24.5m),2,[Anchor: Mukiele (SUN £5.5m)] + De Cuyper (BHA £4.5m) + Hato (CHE £4.5m) + Mykolenko (EVE £4.5m) + Shaw (MUN £4.5m),SUN-BHA-CHE-EVE-MUN,23.5,58.01,50.12,21.63,28.48,2.6,2.33,2.4545,0.2255,True
Tier 2: 1 Premium Anchor + 4 Budget (£23.5m-£24.5m),2,[Anchor: Mukiele (SUN £5.5m)] + De Cuyper (BHA £4.5m) + Hato (CHE £4.5m) + Mykolenko (EVE £4.5m) + Jair Cunha (NFO £4.5m),SUN-BHA-CHE-EVE-NFO,23.5,56.97,49.94,21.99,27.95,2.6,2.5,2.5455,0.0348,True
Tier 2: 1 Premium Anchor + 4 Budget (£23.5m-£24.5m),2,[Anchor: Mukiele (SUN £5.5m)] + De Cuyper (BHA £4.5m) + Hato (CHE £4.5m) + Mykolenko (EVE £4.5m) + Robertson (TOT £4.5m),SUN-BHA-CHE-EVE-TOT,23.5,56.73,50.55,21.14,29.41,2.8,2.33,2.5455,0.1066,True
Tier 2: 1 Premium Anchor + 4 Budget (£23.5m-£24.5m),2,[Anchor: Mukiele (SUN £5.5m)] + De Cuyper (BHA £4.5m) + Hato (CHE £4.5m) + Bogle (LEE £4.5m) + Shaw (MUN £4.5m),SUN-BHA-CHE-LEE-MUN,23.5,57.32,49.17,20.69,28.48,2.6,2.33,2.4545,0.0176,True
Tier 2: 1 Premium Anchor + 4 Budget (£23.5m-£24.5m),2,[Anchor: Mukiele (SUN £5.5m)] + De Cuyper (BHA £4.5m) + Hato (CHE £4.5m) + Bogle (LEE £4.5m) + Robertson (TOT £4.5m),SUN-BHA-CHE-LEE-TOT,23.5,55.79,49.6,20.19,29.41,2.8,2.33,2.5455,-0.0513,True
Tier 2: 1 Premium Anchor + 4 Budget (£23.5m-£24.5m),2,[Anchor: Mukiele (SUN £5.5m)] + De Cuyper (BHA £4.5m) + Hato (CHE £4.5m) + Shaw (MUN £4.5m) + Jair Cunha (NFO £4.5m),SUN-BHA-CHE-MUN-NFO,23.5,65.11,52.03,23.09,28.94,2.4,2.33,2.3636,0.0348,True
Tier 2: 1 Premium Anchor + 4 Budget (£23.5m-£24.5m),2,[Anchor: Mukiele (SUN £5.5m)] + De Cuyper (BHA £4.5m) + Hato (CHE £4.5m) + Shaw (MUN £4.5m) + Robertson (TOT £4.5m),SUN-BHA-CHE-MUN-TOT,23.5,63.54,52.83,22.24,30.59,2.6,2.33,2.4545,0.1066,True
Tier 2: 1 Premium Anchor + 4 Budget (£23.5m-£24.5m),2,[Anchor: Mukiele (SUN £5.5m)] + De Cuyper (BHA £4.5m) + Hato (CHE £4.5m) + Jair Cunha (NFO £4.5m) + Robertson (TOT £4.5m),SUN-BHA-CHE-NFO-TOT,23.5,63.38,52.12,22.59,29.53,2.6,2.33,2.4545,-0.1207,True
Tier 2: 1 Premium Anchor + 4 Budget (£23.5m-£24.5m),2,[Anchor: Mukiele (SUN £5.5m)] + De Cuyper (BHA £4.5m) + Chadi Riad (CRY £4.5m) + Bogle (LEE £4.5m) + Shaw (MUN £4.5m),SUN-BHA-CRY-LEE-MUN,23.5,56.67,49.44,21.73,27.71,2.6,2.5,2.5455,-0.0866,True
Tier 2: 1 Premium Anchor + 4 Budget (£23.5m-£24.5m),2,[Anchor: Mukiele (SUN £5.5m)] + De Cuyper (BHA £4.5m) + Chadi Riad (CRY £4.5m) + Bogle (LEE £4.5m) + Robertson (TOT £4.5m),SUN-BHA-CRY-LEE-TOT,23.5,55.25,49.85,21.24,28.61,2.8,2.5,2.6364,-0.1866,True
Tier 2: 1 Premium Anchor + 4 Budget (£23.5m-£24.5m),2,[Anchor: Mukiele (SUN £5.5m)] + De Cuyper (BHA £4.5m) + Chadi Riad (CRY £4.5m) + Shaw (MUN £4.5m) + Jair Cunha (NFO £4.5m),SUN-BHA-CRY-MUN-NFO,23.5,63.58,53.06,24.14,28.93,2.4,2.67,2.5455,0.05,True
Tier 2: 1 Premium Anchor + 4 Budget (£23.5m-£24.5m),2,[Anchor: Mukiele (SUN £5.5m)] + De Cuyper (BHA £4.5m) + Chadi Riad (CRY £4.5m) + Shaw (MUN £4.5m) + Robertson (TOT £4.5m),SUN-BHA-CRY-MUN-TOT,23.5,66.84,53.88,23.29,30.59,2.6,2.33,2.4545,-0.1732,True
Tier 2: 1 Premium Anchor + 4 Budget (£23.5m-£24.5m),2,[Anchor: Mukiele (SUN £5.5m)] + De Cuyper (BHA £4.5m) + Chadi Riad (CRY £4.5m) + Jair Cunha (NFO £4.5m) + Robertson (TOT £4.5m),SUN-BHA-CRY-NFO-TOT,23.5,62.0,53.15,23.64,29.51,2.6,2.67,2.6364,-0.1366,True
Tier 2: 1 Premium Anchor + 4 Budget (£23.5m-£24.5m),2,[Anchor: Mukiele (SUN £5.5m)] + De Cuyper (BHA £4.5m) + Mykolenko (EVE £4.5m) + Bogle (LEE £4.5m) + Shaw (MUN £4.5m),SUN-BHA-EVE-LEE-MUN,23.5,57.5,50.24,21.57,28.67,2.6,2.5,2.5455,0.0402,True
Tier 2: 1 Premium Anchor + 4 Budget (£23.5m-£24.5m),2,[Anchor: Mukiele (SUN £5.5m)] + De Cuyper (BHA £4.5m) + Mykolenko (EVE £4.5m) + Bogle (LEE £4.5m) + Robertson (TOT £4.5m),SUN-BHA-EVE-LEE-TOT,23.5,56.12,50.68,21.08,29.6,2.8,2.5,2.6364,-0.0598,True
Tier 2: 1 Premium Anchor + 4 Budget (£23.5m-£24.5m),2,[Anchor: Mukiele (SUN £5.5m)] + De Cuyper (BHA £4.5m) + Mykolenko (EVE £4.5m) + Shaw (MUN £4.5m) + Jair Cunha (NFO £4.5m),SUN-BHA-EVE-MUN-NFO,23.5,65.12,53.11,23.98,29.13,2.4,2.5,2.4545,0.0902,True
Tier 2: 1 Premium Anchor + 4 Budget (£23.5m-£24.5m),2,[Anchor: Mukiele (SUN £5.5m)] + De Cuyper (BHA £4.5m) + Mykolenko (EVE £4.5m) + Shaw (MUN £4.5m) + Robertson (TOT £4.5m),SUN-BHA-EVE-MUN-TOT,23.5,65.17,53.72,23.13,30.59,2.6,2.33,2.4545,0.1036,True
Tier 2: 1 Premium Anchor + 4 Budget (£23.5m-£24.5m),2,[Anchor: Mukiele (SUN £5.5m)] + De Cuyper (BHA £4.5m) + Mykolenko (EVE £4.5m) + Jair Cunha (NFO £4.5m) + Robertson (TOT £4.5m),SUN-BHA-EVE-NFO-TOT,23.5,63.55,53.19,23.48,29.71,2.6,2.5,2.5455,-0.0964,True
Tier 2: 1 Premium Anchor + 4 Budget (£23.5m-£24.5m),2,[Anchor: Mukiele (SUN £5.5m)] + De Cuyper (BHA £4.5m) + Bogle (LEE £4.5m) + Shaw (MUN £4.5m) + Robertson (TOT £4.5m),SUN-BHA-LEE-MUN-TOT,23.5,64.26,52.77,22.18,30.59,2.6,2.33,2.4545,-0.0598,True
Tier 2: 1 Premium Anchor + 4 Budget (£23.5m-£24.5m),2,[Anchor: Mukiele (SUN £5.5m)] + De Cuyper (BHA £4.5m) + Shaw (MUN £4.5m) + Jair Cunha (NFO £4.5m) + Robertson (TOT £4.5m),SUN-BHA-MUN-NFO-TOT,23.5,71.69,55.29,24.58,30.71,2.4,2.33,2.3636,-0.0964,True
Tier 2: 1 Premium Anchor + 4 Budget (£23.5m-£24.5m),2,[Anchor: Mukiele (SUN £5.5m)] + Ajer (BRE £4.5m) + Hato (CHE £4.5m) + Chadi Riad (CRY £4.5m) + Bogle (LEE £4.5m),SUN-BRE-CHE-CRY-LEE,23.5,48.2,46.0,19.37,26.64,2.8,2.5,2.6364,-0.1756,True
Tier 2: 1 Premium Anchor + 4 Budget (£23.5m-£24.5m),2,[Anchor: Mukiele (SUN £5.5m)] + Ajer (BRE £4.5m) + Hato (CHE £4.5m) + Chadi Riad (CRY £4.5m) + Shaw (MUN £4.5m),SUN-BRE-CHE-CRY-MUN,23.5,58.3,49.3,21.42,27.88,2.6,2.33,2.4545,-0.1311,True
Tier 2: 1 Premium Anchor + 4 Budget (£23.5m-£24.5m),2,[Anchor: Mukiele (SUN £5.5m)] + Ajer (BRE £4.5m) + Hato (CHE £4.5m) + Chadi Riad (CRY £4.5m) + Jair Cunha (NFO £4.5m),SUN-BRE-CHE-CRY-NFO,23.5,55.77,48.85,21.77,27.07,2.6,2.5,2.5455,-0.1217,True
Tier 2: 1 Premium Anchor + 4 Budget (£23.5m-£24.5m),2,[Anchor: Mukiele (SUN £5.5m)] + Ajer (BRE £4.5m) + Hato (CHE £4.5m) + Mykolenko (EVE £4.5m) + Bogle (LEE £4.5m),SUN-BRE-CHE-EVE-LEE,23.5,45.27,44.86,19.21,25.66,2.8,2.5,2.6364,-0.0055,True
Tier 2: 1 Premium Anchor + 4 Budget (£23.5m-£24.5m),2,[Anchor: Mukiele (SUN £5.5m)] + Ajer (BRE £4.5m) + Hato (CHE £4.5m) + Mykolenko (EVE £4.5m) + Shaw (MUN £4.5m),SUN-BRE-CHE-EVE-MUN,23.5,56.36,49.11,21.25,27.86,2.6,2.33,2.4545,0.189,True
Tier 2: 1 Premium Anchor + 4 Budget (£23.5m-£24.5m),2,[Anchor: Mukiele (SUN £5.5m)] + Ajer (BRE £4.5m) + Hato (CHE £4.5m) + Mykolenko (EVE £4.5m) + Jair Cunha (NFO £4.5m),SUN-BRE-CHE-EVE-NFO,23.5,55.51,48.93,21.61,27.32,2.6,2.5,2.5455,-0.0382,True
Tier 2: 1 Premium Anchor + 4 Budget (£23.5m-£24.5m),2,[Anchor: Mukiele (SUN £5.5m)] + Ajer (BRE £4.5m) + Hato (CHE £4.5m) + Bogle (LEE £4.5m) + Shaw (MUN £4.5m),SUN-BRE-CHE-LEE-MUN,23.5,55.61,48.16,20.31,27.86,2.6,2.33,2.4545,-0.0055,True
Tier 2: 1 Premium Anchor + 4 Budget (£23.5m-£24.5m),2,[Anchor: Mukiele (SUN £5.5m)] + Ajer (BRE £4.5m) + Hato (CHE £4.5m) + Shaw (MUN £4.5m) + Jair Cunha (NFO £4.5m),SUN-BRE-CHE-MUN-NFO,23.5,63.65,51.03,22.71,28.32,2.4,2.33,2.3636,-0.0382,True
Tier 2: 1 Premium Anchor + 4 Budget (£23.5m-£24.5m),2,[Anchor: Mukiele (SUN £5.5m)] + Ajer (BRE £4.5m) + Chadi Riad (CRY £4.5m) + Bogle (LEE £4.5m) + Shaw (MUN £4.5m),SUN-BRE-CRY-LEE-MUN,23.5,56.5,49.17,21.36,27.82,2.6,2.5,2.5455,-0.15,True
Tier 2: 1 Premium Anchor + 4 Budget (£23.5m-£24.5m),2,[Anchor: Mukiele (SUN £5.5m)] + Ajer (BRE £4.5m) + Chadi Riad (CRY £4.5m) + Shaw (MUN £4.5m) + Jair Cunha (NFO £4.5m),SUN-BRE-CRY-MUN-NFO,23.5,63.9,52.01,23.76,28.25,2.4,2.5,2.4545,-0.0634,True
Tier 2: 1 Premium Anchor + 4 Budget (£23.5m-£24.5m),2,[Anchor: Mukiele (SUN £5.5m)] + Ajer (BRE £4.5m) + Mykolenko (EVE £4.5m) + Bogle (LEE £4.5m) + Shaw (MUN £4.5m),SUN-BRE-EVE-LEE-MUN,23.5,55.87,49.24,21.19,28.04,2.6,2.5,2.5455,0.0,True
Tier 2: 1 Premium Anchor + 4 Budget (£23.5m-£24.5m),2,[Anchor: Mukiele (SUN £5.5m)] + Ajer (BRE £4.5m) + Mykolenko (EVE £4.5m) + Shaw (MUN £4.5m) + Jair Cunha (NFO £4.5m),SUN-BRE-EVE-MUN-NFO,23.5,63.74,52.1,23.6,28.5,2.4,2.5,2.4545,0.0,True
Tier 2: 1 Premium Anchor + 4 Budget (£23.5m-£24.5m),2,[Anchor: Mukiele (SUN £5.5m)] + Hato (CHE £4.5m) + Chadi Riad (CRY £4.5m) + Bogle (LEE £4.5m) + Shaw (MUN £4.5m),SUN-CHE-CRY-LEE-MUN,23.5,52.13,47.49,20.42,27.07,2.6,2.5,2.5455,0.1134,True
Tier 2: 1 Premium Anchor + 4 Budget (£23.5m-£24.5m),2,[Anchor: Mukiele (SUN £5.5m)] + Hato (CHE £4.5m) + Chadi Riad (CRY £4.5m) + Bogle (LEE £4.5m) + Robertson (TOT £4.5m),SUN-CHE-CRY-LEE-TOT,23.5,50.85,47.93,19.93,28.0,2.8,2.5,2.6364,-0.0055,True
Tier 2: 1 Premium Anchor + 4 Budget (£23.5m-£24.5m),2,[Anchor: Mukiele (SUN £5.5m)] + Hato (CHE £4.5m) + Chadi Riad (CRY £4.5m) + Shaw (MUN £4.5m) + Jair Cunha (NFO £4.5m),SUN-CHE-CRY-MUN-NFO,23.5,59.74,50.36,22.83,27.53,2.4,2.5,2.4545,0.1673,True
Tier 2: 1 Premium Anchor + 4 Budget (£23.5m-£24.5m),2,[Anchor: Mukiele (SUN £5.5m)] + Hato (CHE £4.5m) + Chadi Riad (CRY £4.5m) + Shaw (MUN £4.5m) + Robertson (TOT £4.5m),SUN-CHE-CRY-MUN-TOT,23.5,58.41,51.16,21.98,29.18,2.6,2.5,2.5455,0.189,True
Tier 2: 1 Premium Anchor + 4 Budget (£23.5m-£24.5m),2,[Anchor: Mukiele (SUN £5.5m)] + Hato (CHE £4.5m) + Chadi Riad (CRY £4.5m) + Jair Cunha (NFO £4.5m) + Robertson (TOT £4.5m),SUN-CHE-CRY-NFO-TOT,23.5,58.84,50.77,22.33,28.44,2.6,2.5,2.5455,-0.0382,True
Tier 2: 1 Premium Anchor + 4 Budget (£23.5m-£24.5m),2,[Anchor: Mukiele (SUN £5.5m)] + Hato (CHE £4.5m) + Mykolenko (EVE £4.5m) + Bogle (LEE £4.5m) + Shaw (MUN £4.5m),SUN-CHE-EVE-LEE-MUN,23.5,47.24,46.1,20.26,25.84,2.6,2.5,2.5455,0.5835,True
Tier 2: 1 Premium Anchor + 4 Budget (£23.5m-£24.5m),2,[Anchor: Mukiele (SUN £5.5m)] + Hato (CHE £4.5m) + Mykolenko (EVE £4.5m) + Bogle (LEE £4.5m) + Robertson (TOT £4.5m),SUN-CHE-EVE-LEE-TOT,23.5,45.96,46.53,19.76,26.77,2.8,2.5,2.6364,0.4646,True
Tier 2: 1 Premium Anchor + 4 Budget (£23.5m-£24.5m),2,[Anchor: Mukiele (SUN £5.5m)] + Hato (CHE £4.5m) + Mykolenko (EVE £4.5m) + Shaw (MUN £4.5m) + Jair Cunha (NFO £4.5m),SUN-CHE-EVE-MUN-NFO,23.5,57.48,50.17,22.66,27.51,2.4,2.5,2.4545,0.5507,True
Tier 2: 1 Premium Anchor + 4 Budget (£23.5m-£24.5m),2,[Anchor: Mukiele (SUN £5.5m)] + Hato (CHE £4.5m) + Mykolenko (EVE £4.5m) + Shaw (MUN £4.5m) + Robertson (TOT £4.5m),SUN-CHE-EVE-MUN-TOT,23.5,54.97,50.97,21.81,29.16,2.6,2.5,2.5455,0.8091,True
Tier 2: 1 Premium Anchor + 4 Budget (£23.5m-£24.5m),2,[Anchor: Mukiele (SUN £5.5m)] + Hato (CHE £4.5m) + Mykolenko (EVE £4.5m) + Jair Cunha (NFO £4.5m) + Robertson (TOT £4.5m),SUN-CHE-EVE-NFO-TOT,23.5,56.63,50.61,22.17,28.44,2.6,2.5,2.5455,0.3452,True
Tier 2: 1 Premium Anchor + 4 Budget (£23.5m-£24.5m),2,[Anchor: Mukiele (SUN £5.5m)] + Hato (CHE £4.5m) + Bogle (LEE £4.5m) + Shaw (MUN £4.5m) + Robertson (TOT £4.5m),SUN-CHE-LEE-MUN-TOT,23.5,54.97,50.02,20.86,29.16,2.6,2.5,2.5455,0.4646,True
Tier 2: 1 Premium Anchor + 4 Budget (£23.5m-£24.5m),2,[Anchor: Mukiele (SUN £5.5m)] + Hato (CHE £4.5m) + Shaw (MUN £4.5m) + Jair Cunha (NFO £4.5m) + Robertson (TOT £4.5m),SUN-CHE-MUN-NFO-TOT,23.5,63.44,52.89,23.27,29.62,2.4,2.5,2.4545,0.3452,True
Tier 2: 1 Premium Anchor + 4 Budget (£23.5m-£24.5m),2,[Anchor: Mukiele (SUN £5.5m)] + Chadi Riad (CRY £4.5m) + Bogle (LEE £4.5m) + Shaw (MUN £4.5m) + Robertson (TOT £4.5m),SUN-CRY-LEE-MUN-TOT,23.5,59.24,51.09,21.91,29.18,2.6,2.5,2.5455,0.0,True
Tier 2: 1 Premium Anchor + 4 Budget (£23.5m-£24.5m),2,[Anchor: Mukiele (SUN £5.5m)] + Chadi Riad (CRY £4.5m) + Shaw (MUN £4.5m) + Jair Cunha (NFO £4.5m) + Robertson (TOT £4.5m),SUN-CRY-MUN-NFO-TOT,23.5,67.08,53.93,24.32,29.62,2.4,2.5,2.4545,0.0,True
Tier 2: 1 Premium Anchor + 4 Budget (£23.5m-£24.5m),2,[Anchor: Mukiele (SUN £5.5m)] + Mykolenko (EVE £4.5m) + Bogle (LEE £4.5m) + Shaw (MUN £4.5m) + Robertson (TOT £4.5m),SUN-EVE-LEE-MUN-TOT,23.5,56.66,50.91,21.75,29.16,2.6,2.5,2.5455,0.45,True
Tier 2: 1 Premium Anchor + 4 Budget (£23.5m-£24.5m),2,[Anchor: Mukiele (SUN £5.5m)] + Mykolenko (EVE £4.5m) + Shaw (MUN £4.5m) + Jair Cunha (NFO £4.5m) + Robertson (TOT £4.5m),SUN-EVE-MUN-NFO-TOT,23.5,64.96,53.77,24.16,29.62,2.4,2.5,2.4545,0.3634,True
Tier 2: 1 Premium Anchor + 4 Budget (£23.5m-£24.5m),2,[Anchor: Pedro Porro (TOT £5.5m)] + Maatsen (AVL £4.5m) + Hato (CHE £4.5m) + Chadi Riad (CRY £4.5m) + Bogle (LEE £4.5m),TOT-AVL-CHE-CRY-LEE,23.5,43.14,44.63,18.42,26.21,3.0,2.5,2.7273,-0.1982,False
Tier 2: 1 Premium Anchor + 4 Budget (£23.5m-£24.5m),2,[Anchor: Pedro Porro (TOT £5.5m)] + Maatsen (AVL £4.5m) + Hato (CHE £4.5m) + Chadi Riad (CRY £4.5m) + Shaw (MUN £4.5m),TOT-AVL-CHE-CRY-MUN,23.5,54.76,48.66,20.47,28.19,2.8,2.33,2.5455,-0.1903,False
Tier 2: 1 Premium Anchor + 4 Budget (£23.5m-£24.5m),2,[Anchor: Pedro Porro (TOT £5.5m)] + Maatsen (AVL £4.5m) + Hato (CHE £4.5m) + Chadi Riad (CRY £4.5m) + Jair Cunha (NFO £4.5m),TOT-AVL-CHE-CRY-NFO,23.5,50.65,48.25,20.82,27.43,2.8,2.67,2.7273,-0.1809,False
Tier 2: 1 Premium Anchor + 4 Budget (£23.5m-£24.5m),2,[Anchor: Pedro Porro (TOT £5.5m)] + Maatsen (AVL £4.5m) + Hato (CHE £4.5m) + Chadi Riad (CRY £4.5m) + Hume (SUN £4.5m),TOT-AVL-CHE-CRY-SUN,23.5,55.08,48.83,20.56,28.26,2.8,2.33,2.5455,-0.1903,True
Tier 2: 1 Premium Anchor + 4 Budget (£23.5m-£24.5m),2,[Anchor: Pedro Porro (TOT £5.5m)] + Maatsen (AVL £4.5m) + Hato (CHE £4.5m) + Mykolenko (EVE £4.5m) + Bogle (LEE £4.5m),TOT-AVL-CHE-EVE-LEE,23.5,41.67,44.22,18.26,25.96,3.0,2.5,2.7273,-0.0513,False
Tier 2: 1 Premium Anchor + 4 Budget (£23.5m-£24.5m),2,[Anchor: Pedro Porro (TOT £5.5m)] + Maatsen (AVL £4.5m) + Hato (CHE £4.5m) + Mykolenko (EVE £4.5m) + Shaw (MUN £4.5m),TOT-AVL-CHE-EVE-MUN,23.5,52.94,48.47,20.31,28.16,2.8,2.33,2.5455,0.1066,False
Tier 2: 1 Premium Anchor + 4 Budget (£23.5m-£24.5m),2,[Anchor: Pedro Porro (TOT £5.5m)] + Maatsen (AVL £4.5m) + Hato (CHE £4.5m) + Mykolenko (EVE £4.5m) + Jair Cunha (NFO £4.5m),TOT-AVL-CHE-EVE-NFO,23.5,52.09,48.29,20.66,27.63,2.8,2.5,2.6364,-0.1207,False
Tier 2: 1 Premium Anchor + 4 Budget (£23.5m-£24.5m),2,[Anchor: Pedro Porro (TOT £5.5m)] + Maatsen (AVL £4.5m) + Hato (CHE £4.5m) + Mykolenko (EVE £4.5m) + Hume (SUN £4.5m),TOT-AVL-CHE-EVE-SUN,23.5,53.3,48.67,20.4,28.26,2.8,2.33,2.5455,0.1066,True
Tier 2: 1 Premium Anchor + 4 Budget (£23.5m-£24.5m),2,[Anchor: Pedro Porro (TOT £5.5m)] + Maatsen (AVL £4.5m) + Hato (CHE £4.5m) + Bogle (LEE £4.5m) + Shaw (MUN £4.5m),TOT-AVL-CHE-LEE-MUN,23.5,52.01,47.52,19.36,28.16,2.8,2.33,2.5455,-0.0513,False
Tier 2: 1 Premium Anchor + 4 Budget (£23.5m-£24.5m),2,[Anchor: Pedro Porro (TOT £5.5m)] + Maatsen (AVL £4.5m) + Hato (CHE £4.5m) + Bogle (LEE £4.5m) + Hume (SUN £4.5m),TOT-AVL-CHE-LEE-SUN,23.5,52.36,47.72,19.45,28.26,2.8,2.33,2.5455,-0.0513,True
Tier 2: 1 Premium Anchor + 4 Budget (£23.5m-£24.5m),2,[Anchor: Pedro Porro (TOT £5.5m)] + Maatsen (AVL £4.5m) + Hato (CHE £4.5m) + Shaw (MUN £4.5m) + Jair Cunha (NFO £4.5m),TOT-AVL-CHE-MUN-NFO,23.5,60.23,50.39,21.76,28.62,2.6,2.33,2.4545,-0.1207,False
Tier 2: 1 Premium Anchor + 4 Budget (£23.5m-£24.5m),2,[Anchor: Pedro Porro (TOT £5.5m)] + Maatsen (AVL £4.5m) + Hato (CHE £4.5m) + Shaw (MUN £4.5m) + Hume (SUN £4.5m),TOT-AVL-CHE-MUN-SUN,23.5,60.11,50.95,21.5,29.44,2.6,2.33,2.4545,0.1066,True
Tier 2: 1 Premium Anchor + 4 Budget (£23.5m-£24.5m),2,[Anchor: Pedro Porro (TOT £5.5m)] + Maatsen (AVL £4.5m) + Hato (CHE £4.5m) + Jair Cunha (NFO £4.5m) + Hume (SUN £4.5m),TOT-AVL-CHE-NFO-SUN,23.5,60.5,50.54,21.86,28.68,2.6,2.33,2.4545,-0.1207,True
Tier 2: 1 Premium Anchor + 4 Budget (£23.5m-£24.5m),2,[Anchor: Pedro Porro (TOT £5.5m)] + Maatsen (AVL £4.5m) + Chadi Riad (CRY £4.5m) + Bogle (LEE £4.5m) + Shaw (MUN £4.5m),TOT-AVL-CRY-LEE-MUN,23.5,51.51,47.79,20.41,27.39,2.8,2.5,2.6364,-0.1866,False
Tier 2: 1 Premium Anchor + 4 Budget (£23.5m-£24.5m),2,[Anchor: Pedro Porro (TOT £5.5m)] + Maatsen (AVL £4.5m) + Chadi Riad (CRY £4.5m) + Bogle (LEE £4.5m) + Hume (SUN £4.5m),TOT-AVL-CRY-LEE-SUN,23.5,51.82,47.97,20.5,27.46,2.8,2.5,2.6364,-0.1866,True
Tier 2: 1 Premium Anchor + 4 Budget (£23.5m-£24.5m),2,[Anchor: Pedro Porro (TOT £5.5m)] + Maatsen (AVL £4.5m) + Chadi Riad (CRY £4.5m) + Shaw (MUN £4.5m) + Jair Cunha (NFO £4.5m),TOT-AVL-CRY-MUN-NFO,23.5,58.85,51.42,22.81,28.61,2.6,2.67,2.6364,-0.1366,False
Tier 2: 1 Premium Anchor + 4 Budget (£23.5m-£24.5m),2,[Anchor: Pedro Porro (TOT £5.5m)] + Maatsen (AVL £4.5m) + Chadi Riad (CRY £4.5m) + Shaw (MUN £4.5m) + Hume (SUN £4.5m),TOT-AVL-CRY-MUN-SUN,23.5,63.42,52.0,22.55,29.44,2.6,2.33,2.4545,-0.1732,True
Tier 2: 1 Premium Anchor + 4 Budget (£23.5m-£24.5m),2,[Anchor: Pedro Porro (TOT £5.5m)] + Maatsen (AVL £4.5m) + Chadi Riad (CRY £4.5m) + Jair Cunha (NFO £4.5m) + Hume (SUN £4.5m),TOT-AVL-CRY-NFO-SUN,23.5,59.12,51.57,22.91,28.66,2.6,2.67,2.6364,-0.1366,True
Tier 2: 1 Premium Anchor + 4 Budget (£23.5m-£24.5m),2,[Anchor: Pedro Porro (TOT £5.5m)] + Maatsen (AVL £4.5m) + Mykolenko (EVE £4.5m) + Bogle (LEE £4.5m) + Shaw (MUN £4.5m),TOT-AVL-EVE-LEE-MUN,23.5,52.34,48.6,20.25,28.35,2.8,2.5,2.6364,-0.0598,False
Tier 2: 1 Premium Anchor + 4 Budget (£23.5m-£24.5m),2,[Anchor: Pedro Porro (TOT £5.5m)] + Maatsen (AVL £4.5m) + Mykolenko (EVE £4.5m) + Bogle (LEE £4.5m) + Hume (SUN £4.5m),TOT-AVL-EVE-LEE-SUN,23.5,52.69,48.79,20.34,28.45,2.8,2.5,2.6364,-0.0598,True
Tier 2: 1 Premium Anchor + 4 Budget (£23.5m-£24.5m),2,[Anchor: Pedro Porro (TOT £5.5m)] + Maatsen (AVL £4.5m) + Mykolenko (EVE £4.5m) + Shaw (MUN £4.5m) + Jair Cunha (NFO £4.5m),TOT-AVL-EVE-MUN-NFO,23.5,60.39,51.46,22.65,28.81,2.6,2.5,2.5455,-0.0964,False
Tier 2: 1 Premium Anchor + 4 Budget (£23.5m-£24.5m),2,[Anchor: Pedro Porro (TOT £5.5m)] + Maatsen (AVL £4.5m) + Mykolenko (EVE £4.5m) + Shaw (MUN £4.5m) + Hume (SUN £4.5m),TOT-AVL-EVE-MUN-SUN,23.5,61.74,51.83,22.39,29.44,2.6,2.33,2.4545,0.1036,True
Tier 2: 1 Premium Anchor + 4 Budget (£23.5m-£24.5m),2,[Anchor: Pedro Porro (TOT £5.5m)] + Maatsen (AVL £4.5m) + Mykolenko (EVE £4.5m) + Jair Cunha (NFO £4.5m) + Hume (SUN £4.5m),TOT-AVL-EVE-NFO-SUN,23.5,60.67,51.61,22.74,28.87,2.6,2.5,2.5455,-0.0964,True
Tier 2: 1 Premium Anchor + 4 Budget (£23.5m-£24.5m),2,[Anchor: Pedro Porro (TOT £5.5m)] + Maatsen (AVL £4.5m) + Bogle (LEE £4.5m) + Shaw (MUN £4.5m) + Hume (SUN £4.5m),TOT-AVL-LEE-MUN-SUN,23.5,60.83,50.89,21.44,29.44,2.6,2.33,2.4545,-0.0598,True
Tier 2: 1 Premium Anchor + 4 Budget (£23.5m-£24.5m),2,[Anchor: Pedro Porro (TOT £5.5m)] + Maatsen (AVL £4.5m) + Shaw (MUN £4.5m) + Jair Cunha (NFO £4.5m) + Hume (SUN £4.5m),TOT-AVL-MUN-NFO-SUN,23.5,68.8,53.7,23.85,29.86,2.4,2.33,2.3636,-0.0964,True
Tier 2: 1 Premium Anchor + 4 Budget (£23.5m-£24.5m),2,[Anchor: Pedro Porro (TOT £5.5m)] + De Cuyper (BHA £4.5m) + Hato (CHE £4.5m) + Chadi Riad (CRY £4.5m) + Bogle (LEE £4.5m),TOT-BHA-CHE-CRY-LEE,23.5,42.74,44.41,18.46,25.95,3.0,2.5,2.7273,-0.1982,False
Tier 2: 1 Premium Anchor + 4 Budget (£23.5m-£24.5m),2,[Anchor: Pedro Porro (TOT £5.5m)] + De Cuyper (BHA £4.5m) + Hato (CHE £4.5m) + Chadi Riad (CRY £4.5m) + Shaw (MUN £4.5m),TOT-BHA-CHE-CRY-MUN,23.5,54.36,48.44,20.51,27.93,2.8,2.33,2.5455,-0.1903,False
Tier 2: 1 Premium Anchor + 4 Budget (£23.5m-£24.5m),2,[Anchor: Pedro Porro (TOT £5.5m)] + De Cuyper (BHA £4.5m) + Hato (CHE £4.5m) + Chadi Riad (CRY £4.5m) + Jair Cunha (NFO £4.5m),TOT-BHA-CHE-CRY-NFO,23.5,50.25,48.03,20.86,27.17,2.8,2.67,2.7273,-0.1809,False
Tier 2: 1 Premium Anchor + 4 Budget (£23.5m-£24.5m),2,[Anchor: Pedro Porro (TOT £5.5m)] + De Cuyper (BHA £4.5m) + Hato (CHE £4.5m) + Chadi Riad (CRY £4.5m) + Hume (SUN £4.5m),TOT-BHA-CHE-CRY-SUN,23.5,54.68,48.61,20.6,28.01,2.8,2.33,2.5455,-0.1903,True
Tier 2: 1 Premium Anchor + 4 Budget (£23.5m-£24.5m),2,[Anchor: Pedro Porro (TOT £5.5m)] + De Cuyper (BHA £4.5m) + Hato (CHE £4.5m) + Mykolenko (EVE £4.5m) + Bogle (LEE £4.5m),TOT-BHA-CHE-EVE-LEE,23.5,41.27,44.0,18.3,25.7,3.0,2.5,2.7273,-0.0513,False
Tier 2: 1 Premium Anchor + 4 Budget (£23.5m-£24.5m),2,[Anchor: Pedro Porro (TOT £5.5m)] + De Cuyper (BHA £4.5m) + Hato (CHE £4.5m) + Mykolenko (EVE £4.5m) + Shaw (MUN £4.5m),TOT-BHA-CHE-EVE-MUN,23.5,52.54,48.25,20.35,27.9,2.8,2.33,2.5455,0.1066,False
Tier 2: 1 Premium Anchor + 4 Budget (£23.5m-£24.5m),2,[Anchor: Pedro Porro (TOT £5.5m)] + De Cuyper (BHA £4.5m) + Hato (CHE £4.5m) + Mykolenko (EVE £4.5m) + Jair Cunha (NFO £4.5m),TOT-BHA-CHE-EVE-NFO,23.5,51.69,48.07,20.7,27.37,2.8,2.5,2.6364,-0.1207,False
Tier 2: 1 Premium Anchor + 4 Budget (£23.5m-£24.5m),2,[Anchor: Pedro Porro (TOT £5.5m)] + De Cuyper (BHA £4.5m) + Hato (CHE £4.5m) + Mykolenko (EVE £4.5m) + Hume (SUN £4.5m),TOT-BHA-CHE-EVE-SUN,23.5,52.9,48.45,20.44,28.01,2.8,2.33,2.5455,0.1066,True
Tier 2: 1 Premium Anchor + 4 Budget (£23.5m-£24.5m),2,[Anchor: Pedro Porro (TOT £5.5m)] + De Cuyper (BHA £4.5m) + Hato (CHE £4.5m) + Bogle (LEE £4.5m) + Shaw (MUN £4.5m),TOT-BHA-CHE-LEE-MUN,23.5,51.61,47.3,19.4,27.9,2.8,2.33,2.5455,-0.0513,False
Tier 2: 1 Premium Anchor + 4 Budget (£23.5m-£24.5m),2,[Anchor: Pedro Porro (TOT £5.5m)] + De Cuyper (BHA £4.5m) + Hato (CHE £4.5m) + Bogle (LEE £4.5m) + Hume (SUN £4.5m),TOT-BHA-CHE-LEE-SUN,23.5,51.96,47.5,19.49,28.01,2.8,2.33,2.5455,-0.0513,True
Tier 2: 1 Premium Anchor + 4 Budget (£23.5m-£24.5m),2,[Anchor: Pedro Porro (TOT £5.5m)] + De Cuyper (BHA £4.5m) + Hato (CHE £4.5m) + Shaw (MUN £4.5m) + Jair Cunha (NFO £4.5m),TOT-BHA-CHE-MUN-NFO,23.5,59.83,50.17,21.8,28.36,2.6,2.33,2.4545,-0.1207,False
Tier 2: 1 Premium Anchor + 4 Budget (£23.5m-£24.5m),2,[Anchor: Pedro Porro (TOT £5.5m)] + De Cuyper (BHA £4.5m) + Hato (CHE £4.5m) + Shaw (MUN £4.5m) + Hume (SUN £4.5m),TOT-BHA-CHE-MUN-SUN,23.5,59.71,50.73,21.54,29.19,2.6,2.33,2.4545,0.1066,True
Tier 2: 1 Premium Anchor + 4 Budget (£23.5m-£24.5m),2,[Anchor: Pedro Porro (TOT £5.5m)] + De Cuyper (BHA £4.5m) + Hato (CHE £4.5m) + Jair Cunha (NFO £4.5m) + Hume (SUN £4.5m),TOT-BHA-CHE-NFO-SUN,23.5,60.1,50.32,21.9,28.42,2.6,2.33,2.4545,-0.1207,True
Tier 2: 1 Premium Anchor + 4 Budget (£23.5m-£24.5m),2,[Anchor: Pedro Porro (TOT £5.5m)] + De Cuyper (BHA £4.5m) + Chadi Riad (CRY £4.5m) + Bogle (LEE £4.5m) + Shaw (MUN £4.5m),TOT-BHA-CRY-LEE-MUN,23.5,51.11,47.57,20.45,27.13,2.8,2.5,2.6364,-0.1866,False
Tier 2: 1 Premium Anchor + 4 Budget (£23.5m-£24.5m),2,[Anchor: Pedro Porro (TOT £5.5m)] + De Cuyper (BHA £4.5m) + Chadi Riad (CRY £4.5m) + Bogle (LEE £4.5m) + Hume (SUN £4.5m),TOT-BHA-CRY-LEE-SUN,23.5,51.42,47.75,20.54,27.2,2.8,2.5,2.6364,-0.1866,True
Tier 2: 1 Premium Anchor + 4 Budget (£23.5m-£24.5m),2,[Anchor: Pedro Porro (TOT £5.5m)] + De Cuyper (BHA £4.5m) + Chadi Riad (CRY £4.5m) + Shaw (MUN £4.5m) + Jair Cunha (NFO £4.5m),TOT-BHA-CRY-MUN-NFO,23.5,58.45,51.2,22.85,28.35,2.6,2.67,2.6364,-0.1366,False
Tier 2: 1 Premium Anchor + 4 Budget (£23.5m-£24.5m),2,[Anchor: Pedro Porro (TOT £5.5m)] + De Cuyper (BHA £4.5m) + Chadi Riad (CRY £4.5m) + Shaw (MUN £4.5m) + Hume (SUN £4.5m),TOT-BHA-CRY-MUN-SUN,23.5,63.01,51.77,22.59,29.19,2.6,2.33,2.4545,-0.1732,True
Tier 2: 1 Premium Anchor + 4 Budget (£23.5m-£24.5m),2,[Anchor: Pedro Porro (TOT £5.5m)] + De Cuyper (BHA £4.5m) + Chadi Riad (CRY £4.5m) + Jair Cunha (NFO £4.5m) + Hume (SUN £4.5m),TOT-BHA-CRY-NFO-SUN,23.5,58.72,51.35,22.95,28.4,2.6,2.67,2.6364,-0.1366,True
Tier 2: 1 Premium Anchor + 4 Budget (£23.5m-£24.5m),2,[Anchor: Pedro Porro (TOT £5.5m)] + De Cuyper (BHA £4.5m) + Mykolenko (EVE £4.5m) + Bogle (LEE £4.5m) + Shaw (MUN £4.5m),TOT-BHA-EVE-LEE-MUN,23.5,51.93,48.38,20.28,28.09,2.8,2.5,2.6364,-0.0598,False
Tier 2: 1 Premium Anchor + 4 Budget (£23.5m-£24.5m),2,[Anchor: Pedro Porro (TOT £5.5m)] + De Cuyper (BHA £4.5m) + Mykolenko (EVE £4.5m) + Bogle (LEE £4.5m) + Hume (SUN £4.5m),TOT-BHA-EVE-LEE-SUN,23.5,52.29,48.57,20.38,28.19,2.8,2.5,2.6364,-0.0598,True
Tier 2: 1 Premium Anchor + 4 Budget (£23.5m-£24.5m),2,[Anchor: Pedro Porro (TOT £5.5m)] + De Cuyper (BHA £4.5m) + Mykolenko (EVE £4.5m) + Shaw (MUN £4.5m) + Jair Cunha (NFO £4.5m),TOT-BHA-EVE-MUN-NFO,23.5,59.99,51.24,22.69,28.55,2.6,2.5,2.5455,-0.0964,False
Tier 2: 1 Premium Anchor + 4 Budget (£23.5m-£24.5m),2,[Anchor: Pedro Porro (TOT £5.5m)] + De Cuyper (BHA £4.5m) + Mykolenko (EVE £4.5m) + Shaw (MUN £4.5m) + Hume (SUN £4.5m),TOT-BHA-EVE-MUN-SUN,23.5,61.34,51.61,22.43,29.19,2.6,2.33,2.4545,0.1036,True
Tier 2: 1 Premium Anchor + 4 Budget (£23.5m-£24.5m),2,[Anchor: Pedro Porro (TOT £5.5m)] + De Cuyper (BHA £4.5m) + Mykolenko (EVE £4.5m) + Jair Cunha (NFO £4.5m) + Hume (SUN £4.5m),TOT-BHA-EVE-NFO-SUN,23.5,60.26,51.39,22.78,28.61,2.6,2.5,2.5455,-0.0964,True
Tier 2: 1 Premium Anchor + 4 Budget (£23.5m-£24.5m),2,[Anchor: Pedro Porro (TOT £5.5m)] + De Cuyper (BHA £4.5m) + Bogle (LEE £4.5m) + Shaw (MUN £4.5m) + Hume (SUN £4.5m),TOT-BHA-LEE-MUN-SUN,23.5,60.43,50.66,21.48,29.19,2.6,2.33,2.4545,-0.0598,True
Tier 2: 1 Premium Anchor + 4 Budget (£23.5m-£24.5m),2,[Anchor: Pedro Porro (TOT £5.5m)] + De Cuyper (BHA £4.5m) + Shaw (MUN £4.5m) + Jair Cunha (NFO £4.5m) + Hume (SUN £4.5m),TOT-BHA-MUN-NFO-SUN,23.5,68.4,53.48,23.88,29.6,2.4,2.33,2.3636,-0.0964,True
Tier 2: 1 Premium Anchor + 4 Budget (£23.5m-£24.5m),2,[Anchor: Pedro Porro (TOT £5.5m)] + Hato (CHE £4.5m) + Chadi Riad (CRY £4.5m) + Bogle (LEE £4.5m) + Shaw (MUN £4.5m),TOT-CHE-CRY-LEE-MUN,23.5,46.66,45.63,19.13,26.49,2.8,2.5,2.6364,-0.0055,False
Tier 2: 1 Premium Anchor + 4 Budget (£23.5m-£24.5m),2,[Anchor: Pedro Porro (TOT £5.5m)] + Hato (CHE £4.5m) + Chadi Riad (CRY £4.5m) + Bogle (LEE £4.5m) + Hume (SUN £4.5m),TOT-CHE-CRY-LEE-SUN,23.5,47.02,45.82,19.23,26.59,2.8,2.5,2.6364,-0.0055,True
Tier 2: 1 Premium Anchor + 4 Budget (£23.5m-£24.5m),2,[Anchor: Pedro Porro (TOT £5.5m)] + Hato (CHE £4.5m) + Chadi Riad (CRY £4.5m) + Shaw (MUN £4.5m) + Jair Cunha (NFO £4.5m),TOT-CHE-CRY-MUN-NFO,23.5,54.7,48.49,21.54,26.95,2.6,2.5,2.5455,-0.0382,False
Tier 2: 1 Premium Anchor + 4 Budget (£23.5m-£24.5m),2,[Anchor: Pedro Porro (TOT £5.5m)] + Hato (CHE £4.5m) + Chadi Riad (CRY £4.5m) + Shaw (MUN £4.5m) + Hume (SUN £4.5m),TOT-CHE-CRY-MUN-SUN,23.5,54.58,49.05,21.28,27.77,2.6,2.5,2.5455,0.189,True
Tier 2: 1 Premium Anchor + 4 Budget (£23.5m-£24.5m),2,[Anchor: Pedro Porro (TOT £5.5m)] + Hato (CHE £4.5m) + Chadi Riad (CRY £4.5m) + Jair Cunha (NFO £4.5m) + Hume (SUN £4.5m),TOT-CHE-CRY-NFO-SUN,23.5,55.01,48.66,21.63,27.03,2.6,2.5,2.5455,-0.0382,True
Tier 2: 1 Premium Anchor + 4 Budget (£23.5m-£24.5m),2,[Anchor: Pedro Porro (TOT £5.5m)] + Hato (CHE £4.5m) + Mykolenko (EVE £4.5m) + Bogle (LEE £4.5m) + Shaw (MUN £4.5m),TOT-CHE-EVE-LEE-MUN,23.5,41.78,44.23,18.97,25.26,2.8,2.5,2.6364,0.4646,False
Tier 2: 1 Premium Anchor + 4 Budget (£23.5m-£24.5m),2,[Anchor: Pedro Porro (TOT £5.5m)] + Hato (CHE £4.5m) + Mykolenko (EVE £4.5m) + Bogle (LEE £4.5m) + Hume (SUN £4.5m),TOT-CHE-EVE-LEE-SUN,23.5,42.13,44.43,19.07,25.36,2.8,2.5,2.6364,0.4646,True
Tier 2: 1 Premium Anchor + 4 Budget (£23.5m-£24.5m),2,[Anchor: Pedro Porro (TOT £5.5m)] + Hato (CHE £4.5m) + Mykolenko (EVE £4.5m) + Shaw (MUN £4.5m) + Jair Cunha (NFO £4.5m),TOT-CHE-EVE-MUN-NFO,23.5,52.45,48.3,21.38,26.93,2.6,2.5,2.5455,0.3452,False
Tier 2: 1 Premium Anchor + 4 Budget (£23.5m-£24.5m),2,[Anchor: Pedro Porro (TOT £5.5m)] + Hato (CHE £4.5m) + Mykolenko (EVE £4.5m) + Shaw (MUN £4.5m) + Hume (SUN £4.5m),TOT-CHE-EVE-MUN-SUN,23.5,51.14,48.86,21.12,27.75,2.6,2.5,2.5455,0.8091,True
Tier 2: 1 Premium Anchor + 4 Budget (£23.5m-£24.5m),2,[Anchor: Pedro Porro (TOT £5.5m)] + Hato (CHE £4.5m) + Mykolenko (EVE £4.5m) + Jair Cunha (NFO £4.5m) + Hume (SUN £4.5m),TOT-CHE-EVE-NFO-SUN,23.5,52.8,48.5,21.47,27.03,2.6,2.5,2.5455,0.3452,True
Tier 2: 1 Premium Anchor + 4 Budget (£23.5m-£24.5m),2,[Anchor: Pedro Porro (TOT £5.5m)] + Hato (CHE £4.5m) + Bogle (LEE £4.5m) + Shaw (MUN £4.5m) + Hume (SUN £4.5m),TOT-CHE-LEE-MUN-SUN,23.5,51.14,47.92,20.17,27.75,2.6,2.5,2.5455,0.4646,True
Tier 2: 1 Premium Anchor + 4 Budget (£23.5m-£24.5m),2,[Anchor: Pedro Porro (TOT £5.5m)] + Hato (CHE £4.5m) + Shaw (MUN £4.5m) + Jair Cunha (NFO £4.5m) + Hume (SUN £4.5m),TOT-CHE-MUN-NFO-SUN,23.5,59.62,50.78,22.57,28.21,2.4,2.5,2.4545,0.3452,True
Tier 2: 1 Premium Anchor + 4 Budget (£23.5m-£24.5m),2,[Anchor: Pedro Porro (TOT £5.5m)] + Chadi Riad (CRY £4.5m) + Bogle (LEE £4.5m) + Shaw (MUN £4.5m) + Hume (SUN £4.5m),TOT-CRY-LEE-MUN-SUN,23.5,55.42,48.99,21.22,27.77,2.6,2.5,2.5455,0.0,True
Tier 2: 1 Premium Anchor + 4 Budget (£23.5m-£24.5m),2,[Anchor: Pedro Porro (TOT £5.5m)] + Chadi Riad (CRY £4.5m) + Shaw (MUN £4.5m) + Jair Cunha (NFO £4.5m) + Hume (SUN £4.5m),TOT-CRY-MUN-NFO-SUN,23.5,63.25,51.83,23.62,28.21,2.4,2.5,2.4545,0.0,True
Tier 2: 1 Premium Anchor + 4 Budget (£23.5m-£24.5m),2,[Anchor: Pedro Porro (TOT £5.5m)] + Mykolenko (EVE £4.5m) + Bogle (LEE £4.5m) + Shaw (MUN £4.5m) + Hume (SUN £4.5m),TOT-EVE-LEE-MUN-SUN,23.5,52.83,48.8,21.05,27.75,2.6,2.5,2.5455,0.45,True
Tier 2: 1 Premium Anchor + 4 Budget (£23.5m-£24.5m),2,[Anchor: Pedro Porro (TOT £5.5m)] + Mykolenko (EVE £4.5m) + Shaw (MUN £4.5m) + Jair Cunha (NFO £4.5m) + Hume (SUN £4.5m),TOT-EVE-MUN-NFO-SUN,23.5,61.14,51.67,23.46,28.21,2.4,2.5,2.4545,0.3634,True
