pre_clubs,pre_unique,pre_pattern,pre_sun,gw13_eff_fdr,gw1_avg_fdr,gw23_rot_fdr,pre_corr,n_swaps,out_clubs,in_clubs,post_clubs,post_unique,post_pattern,post_sun,gw419_rot_fdr,gw419_no_diff_pct,gw419_all_easy_pct,post_corr,path_eff_fdr,scenario_eligible,scenario_rank
LIV-MCI-MUN-MUN-NFO,4,2+1+1+1,0,2.3636,2.4,2.33,-0.3,2,"MUN,MUN","AVL,CHE",AVL-CHE-LIV-MCI-NFO,5,1+1+1+1+1,0,2.4375,100.0,25.0,-0.0529,2.423722,True,1.0
LIV-MCI-NFO-SUN-SUN,4,2+1+1+1,2,2.3636,2.4,2.33,-0.3,2,"SUN,SUN","AVL,CHE",AVL-CHE-LIV-MCI-NFO,5,1+1+1+1+1,0,2.4375,100.0,25.0,-0.0529,2.423722,True,2.0
AVL-LIV-MUN-MUN-NFO,4,2+1+1+1,0,2.3636,2.4,2.33,-0.2366,2,"MUN,MUN","BOU,CHE",AVL-BOU-CHE-LIV-NFO,5,1+1+1+1+1,0,2.4375,100.0,18.8,-0.0994,2.423722,True,3.0
AVL-LIV-NFO-SUN-SUN,4,2+1+1+1,2,2.3636,2.4,2.33,-0.2366,2,"SUN,SUN","BOU,CHE",AVL-BOU-CHE-LIV-NFO,5,1+1+1+1+1,0,2.4375,100.0,18.8,-0.0994,2.423722,True,4.0
AVL-MCI-MUN-MUN-NFO,4,2+1+1+1,0,2.3636,2.4,2.33,-0.2366,2,"MUN,MUN","CHE,LIV",AVL-CHE-LIV-MCI-NFO,5,1+1+1+1+1,0,2.4375,100.0,25.0,-0.0529,2.423722,True,5.0
AVL-MCI-NFO-SUN-SUN,4,2+1+1+1,2,2.3636,2.4,2.33,-0.2366,2,"SUN,SUN","CHE,LIV",AVL-CHE-LIV-MCI-NFO,5,1+1+1+1+1,0,2.4375,100.0,25.0,-0.0529,2.423722,True,6.0
LIV-MCI-MUN-NFO-SUN,5,1+1+1+1+1,1,2.3636,2.4,2.33,-0.2,2,"MUN,SUN","AVL,CHE",AVL-CHE-LIV-MCI-NFO,5,1+1+1+1+1,0,2.4375,100.0,25.0,-0.0529,2.423722,True,7.0
CHE-LIV-MUN-MUN-NFO,4,2+1+1+1,0,2.3636,2.4,2.33,-0.1382,2,"MUN,MUN","AVL,BOU",AVL-BOU-CHE-LIV-NFO,5,1+1+1+1+1,0,2.4375,100.0,18.8,-0.0994,2.423722,True,8.0
CHE-LIV-NFO-SUN-SUN,4,2+1+1+1,2,2.3636,2.4,2.33,-0.1382,2,"SUN,SUN","AVL,BOU",AVL-BOU-CHE-LIV-NFO,5,1+1+1+1+1,0,2.4375,100.0,18.8,-0.0994,2.423722,True,9.0
CHE-MCI-MUN-MUN-NFO,4,2+1+1+1,0,2.3636,2.4,2.33,-0.1382,2,"MUN,MUN","AVL,LIV",AVL-CHE-LIV-MCI-NFO,5,1+1+1+1+1,0,2.4375,100.0,25.0,-0.0529,2.423722,True,10.0
CHE-MCI-NFO-SUN-SUN,4,2+1+1+1,2,2.3636,2.4,2.33,-0.1382,2,"SUN,SUN","AVL,LIV",AVL-CHE-LIV-MCI-NFO,5,1+1+1+1+1,0,2.4375,100.0,25.0,-0.0529,2.423722,True,11.0
AVL-LIV-MUN-NFO-SUN,5,1+1+1+1+1,1,2.3636,2.4,2.33,-0.1366,2,"MUN,SUN","BOU,CHE",AVL-BOU-CHE-LIV-NFO,5,1+1+1+1+1,0,2.4375,100.0,18.8,-0.0994,2.423722,True,12.0
AVL-MCI-MUN-NFO-SUN,5,1+1+1+1+1,1,2.3636,2.4,2.33,-0.1366,2,"MUN,SUN","CHE,LIV",AVL-CHE-LIV-MCI-NFO,5,1+1+1+1+1,0,2.4375,100.0,25.0,-0.0529,2.423722,True,13.0
AVL-CHE-MUN-MUN-NFO,4,2+1+1+1,0,2.3636,2.4,2.33,-0.0652,2,"MUN,MUN","BOU,LIV",AVL-BOU-CHE-LIV-NFO,5,1+1+1+1+1,0,2.4375,100.0,18.8,-0.0994,2.423722,True,14.0
AVL-CHE-NFO-SUN-SUN,4,2+1+1+1,2,2.3636,2.4,2.33,-0.0652,2,"SUN,SUN","BOU,LIV",AVL-BOU-CHE-LIV-NFO,5,1+1+1+1+1,0,2.4375,100.0,18.8,-0.0994,2.423722,True,15.0
CHE-LIV-MUN-NFO-SUN,5,1+1+1+1+1,1,2.3636,2.4,2.33,-0.0382,2,"MUN,SUN","AVL,BOU",AVL-BOU-CHE-LIV-NFO,5,1+1+1+1+1,0,2.4375,100.0,18.8,-0.0994,2.423722,True,16.0
CHE-MCI-MUN-NFO-SUN,5,1+1+1+1+1,1,2.3636,2.4,2.33,-0.0382,2,"MUN,SUN","AVL,LIV",AVL-CHE-LIV-MCI-NFO,5,1+1+1+1+1,0,2.4375,100.0,25.0,-0.0529,2.423722,True,17.0
AVL-CHE-MUN-NFO-SUN,5,1+1+1+1+1,1,2.3636,2.4,2.33,0.0348,2,"MUN,SUN","BOU,LIV",AVL-BOU-CHE-LIV-NFO,5,1+1+1+1+1,0,2.4375,100.0,18.8,-0.0994,2.423722,True,18.0
LIV-MUN-MUN-NFO-SUN,4,2+1+1+1,1,2.2727,2.2,2.33,-0.1,2,"MUN,MUN","BOU,CHE",BOU-CHE-LIV-NFO-SUN,5,1+1+1+1+1,1,2.4792,100.0,18.8,-0.0575,2.4407,True,19.0
LIV-MUN-NFO-SUN-SUN,4,2+1+1+1,2,2.2727,2.2,2.33,-0.1,2,"MUN,SUN","BOU,CHE",BOU-CHE-LIV-NFO-SUN,5,1+1+1+1+1,1,2.4792,100.0,18.8,-0.0575,2.4407,True,20.0
LIV-MCI-MUN-MUN-SUN,4,2+1+1+1,1,2.2727,2.4,2.17,-0.3,2,"MUN,MUN","BHA,COV",BHA-COV-LIV-MCI-SUN,5,1+1+1+1+1,1,2.4792,100.0,25.0,-0.1292,2.4407,True,21.0
LIV-MCI-MUN-SUN-SUN,4,2+1+1+1,2,2.2727,2.4,2.17,-0.3,2,"MUN,SUN","BHA,COV",BHA-COV-LIV-MCI-SUN,5,1+1+1+1+1,1,2.4792,100.0,25.0,-0.1292,2.4407,True,22.0
BHA-LIV-MUN-MUN-SUN,4,2+1+1+1,1,2.2727,2.4,2.17,-0.2732,2,"MUN,MUN","COV,MCI",BHA-COV-LIV-MCI-SUN,5,1+1+1+1+1,1,2.4792,100.0,25.0,-0.1292,2.4407,True,23.0
BHA-LIV-MUN-SUN-SUN,4,2+1+1+1,2,2.2727,2.4,2.17,-0.2732,2,"MUN,SUN","COV,MCI",BHA-COV-LIV-MCI-SUN,5,1+1+1+1+1,1,2.4792,100.0,25.0,-0.1292,2.4407,True,24.0
BHA-MCI-MUN-MUN-SUN,4,2+1+1+1,1,2.2727,2.4,2.17,-0.2732,2,"MUN,MUN","COV,LIV",BHA-COV-LIV-MCI-SUN,5,1+1+1+1+1,1,2.4792,100.0,25.0,-0.1292,2.4407,True,25.0
BHA-MCI-MUN-SUN-SUN,4,2+1+1+1,2,2.2727,2.4,2.17,-0.2732,2,"MUN,SUN","COV,LIV",BHA-COV-LIV-MCI-SUN,5,1+1+1+1+1,1,2.4792,100.0,25.0,-0.1292,2.4407,True,26.0
AVL-MUN-MUN-NFO-SUN,4,2+1+1+1,1,2.2727,2.2,2.33,-0.0098,2,"MUN,SUN","BOU,LIV",AVL-BOU-LIV-MUN-NFO,5,1+1+1+1+1,0,2.5,100.0,12.5,-0.0977,2.457622,True,27.0
AVL-MUN-NFO-SUN-SUN,4,2+1+1+1,2,2.2727,2.2,2.33,-0.0098,2,"SUN,SUN","BOU,LIV",AVL-BOU-LIV-MUN-NFO,5,1+1+1+1+1,0,2.5,100.0,12.5,-0.0977,2.457622,True,28.0
BHA-MUN-MUN-NFO-SUN,4,2+1+1+1,1,2.2727,2.2,2.33,-0.0098,2,"MUN,MUN","LIV,TOT",BHA-LIV-NFO-TOT-SUN,5,1+1+1+1+1,1,2.5,100.0,18.8,-0.1476,2.457622,True,29.0
BHA-MUN-NFO-SUN-SUN,4,2+1+1+1,2,2.2727,2.2,2.33,-0.0098,2,"MUN,SUN","LIV,TOT",BHA-LIV-NFO-TOT-SUN,5,1+1+1+1+1,1,2.5,100.0,18.8,-0.1476,2.457622,True,30.0
ARS-LIV-MUN-MUN-SUN,4,2+1+1+1,1,2.2727,2.2,2.33,0.0,2,"MUN,MUN","COV,MCI",ARS-COV-LIV-MCI-SUN,5,1+1+1+1+1,1,2.5,100.0,31.2,-0.0733,2.457622,True,31.0
ARS-LIV-MUN-SUN-SUN,4,2+1+1+1,2,2.2727,2.2,2.33,0.0,2,"MUN,SUN","COV,MCI",ARS-COV-LIV-MCI-SUN,5,1+1+1+1+1,1,2.5,100.0,31.2,-0.0733,2.457622,True,32.0
ARS-MCI-MUN-MUN-SUN,4,2+1+1+1,1,2.2727,2.2,2.33,0.0,2,"MUN,MUN","COV,LIV",ARS-COV-LIV-MCI-SUN,5,1+1+1+1+1,1,2.5,100.0,31.2,-0.0733,2.457622,True,33.0
ARS-MCI-MUN-SUN-SUN,4,2+1+1+1,2,2.2727,2.2,2.33,0.0,2,"MUN,SUN","COV,LIV",ARS-COV-LIV-MCI-SUN,5,1+1+1+1+1,1,2.5,100.0,31.2,-0.0733,2.457622,True,34.0
BRE-MCI-MUN-MUN-SUN,4,2+1+1+1,1,2.2727,2.4,2.17,-0.3,2,"MUN,MUN","AVL,CHE",AVL-BRE-CHE-MCI-SUN,5,1+1+1+1+1,1,2.5,100.0,18.8,-0.0507,2.457622,True,35.0
BRE-MCI-MUN-SUN-SUN,4,2+1+1+1,2,2.2727,2.4,2.17,-0.3,2,"MUN,SUN","AVL,CHE",AVL-BRE-CHE-MCI-SUN,5,1+1+1+1+1,1,2.5,100.0,18.8,-0.0507,2.457622,True,36.0
AVL-BRE-MUN-MUN-SUN,4,2+1+1+1,1,2.2727,2.4,2.17,-0.2732,2,"MUN,MUN","CHE,MCI",AVL-BRE-CHE-MCI-SUN,5,1+1+1+1+1,1,2.5,100.0,18.8,-0.0507,2.457622,True,37.0
AVL-BRE-MUN-SUN-SUN,4,2+1+1+1,2,2.2727,2.4,2.17,-0.2732,2,"MUN,SUN","CHE,MCI",AVL-BRE-CHE-MCI-SUN,5,1+1+1+1+1,1,2.5,100.0,18.8,-0.0507,2.457622,True,38.0
AVL-LIV-MUN-MUN-SUN,4,2+1+1+1,1,2.2727,2.4,2.17,-0.2732,2,"MUN,SUN","BOU,COV",AVL-BOU-COV-LIV-MUN,5,1+1+1+1+1,0,2.5,100.0,12.5,-0.1393,2.457622,True,39.0
AVL-LIV-MUN-SUN-SUN,4,2+1+1+1,2,2.2727,2.4,2.17,-0.2732,2,"SUN,SUN","BOU,COV",AVL-BOU-COV-LIV-MUN,5,1+1+1+1+1,0,2.5,100.0,12.5,-0.1393,2.457622,True,40.0
AVL-MCI-MUN-MUN-SUN,4,2+1+1+1,1,2.2727,2.4,2.17,-0.2732,2,"MUN,MUN","CHE,NEW",AVL-CHE-MCI-NEW-SUN,5,1+1+1+1+1,1,2.5,100.0,12.5,-0.1692,2.457622,True,41.0
AVL-MCI-MUN-SUN-SUN,4,2+1+1+1,2,2.2727,2.4,2.17,-0.2732,2,"MUN,SUN","CHE,NEW",AVL-CHE-MCI-NEW-SUN,5,1+1+1+1+1,1,2.5,100.0,12.5,-0.1692,2.457622,True,42.0
LIV-MUN-NFO-NFO-SUN,4,2+1+1+1,1,2.3636,2.2,2.5,-0.1,2,"MUN,SUN","BHA,BOU",BOU-BHA-LIV-NFO-NFO,4,2+1+1+1,0,2.4792,100.0,25.0,-0.147,2.457647,True,43.0
ARS-LIV-MUN-MUN-NFO,4,2+1+1+1,0,2.3636,2.2,2.5,-0.0634,2,"MUN,MUN","AVL,BOU",ARS-AVL-BOU-LIV-NFO,5,1+1+1+1+1,0,2.4792,100.0,12.5,-0.1091,2.457647,True,44.0
ARS-LIV-NFO-SUN-SUN,4,2+1+1+1,2,2.3636,2.2,2.5,-0.0634,2,"SUN,SUN","AVL,BOU",ARS-AVL-BOU-LIV-NFO,5,1+1+1+1+1,0,2.4792,100.0,12.5,-0.1091,2.457647,True,45.0
IPS-LIV-MUN-MUN-NFO,4,2+1+1+1,0,2.3636,2.2,2.5,-0.0634,2,"MUN,MUN","BOU,CHE",BOU-CHE-IPS-LIV-NFO,5,1+1+1+1+1,0,2.4792,100.0,12.5,-0.1093,2.457647,True,46.0
IPS-MCI-MUN-MUN-NFO,4,2+1+1+1,0,2.3636,2.2,2.5,-0.0634,2,"MUN,MUN","CHE,LIV",CHE-IPS-LIV-MCI-NFO,5,1+1+1+1+1,0,2.4792,100.0,12.5,-0.0652,2.457647,True,47.0
MUN-NFO-NFO-TOT-SUN,4,2+1+1+1,1,2.3636,2.2,2.5,0.0268,2,"MUN,NFO","BOU,CHE",BOU-CHE-NFO-TOT-SUN,5,1+1+1+1+1,1,2.4792,100.0,12.5,-0.1412,2.457647,True,48.0
ARS-LIV-MUN-NFO-SUN,5,1+1+1+1+1,1,2.3636,2.2,2.5,0.0366,2,"MUN,SUN","AVL,BOU",ARS-AVL-BOU-LIV-NFO,5,1+1+1+1+1,0,2.4792,100.0,12.5,-0.1091,2.457647,True,49.0
ARS-NFO-TOT-SUN-SUN,4,2+1+1+1,2,2.3636,2.2,2.5,0.15,2,"ARS,SUN","BOU,CHE",BOU-CHE-NFO-TOT-SUN,5,1+1+1+1+1,1,2.4792,100.0,12.5,-0.1412,2.457647,True,50.0
CHE-MUN-NFO-NFO-SUN,4,2+1+1+1,1,2.3636,2.2,2.5,0.2235,2,"MUN,NFO","BOU,TOT",BOU-CHE-NFO-TOT-SUN,5,1+1+1+1+1,1,2.4792,100.0,12.5,-0.1412,2.457647,True,51.0
ARS-MUN-NFO-TOT-SUN,5,1+1+1+1+1,1,2.3636,2.2,2.5,0.25,2,"ARS,MUN","BOU,CHE",BOU-CHE-NFO-TOT-SUN,5,1+1+1+1+1,1,2.4792,100.0,12.5,-0.1412,2.457647,True,52.0
MUN-MUN-NFO-TOT-SUN,4,2+1+1+1,1,2.3636,2.2,2.5,0.2634,2,"MUN,MUN","BOU,CHE",BOU-CHE-NFO-TOT-SUN,5,1+1+1+1+1,1,2.4792,100.0,12.5,-0.1412,2.457647,True,53.0
MUN-NFO-TOT-SUN-SUN,4,2+1+1+1,2,2.3636,2.2,2.5,0.2634,2,"MUN,SUN","BOU,CHE",BOU-CHE-NFO-TOT-SUN,5,1+1+1+1+1,1,2.4792,100.0,12.5,-0.1412,2.457647,True,54.0
ARS-CHE-NFO-SUN-SUN,4,2+1+1+1,2,2.3636,2.2,2.5,0.3618,2,"ARS,SUN","BOU,TOT",BOU-CHE-NFO-TOT-SUN,5,1+1+1+1+1,1,2.4792,100.0,12.5,-0.1412,2.457647,True,55.0
CHE-IPS-MUN-MUN-NFO,4,2+1+1+1,0,2.3636,2.2,2.5,0.3618,2,"MUN,MUN","BOU,FUL",BOU-CHE-FUL-IPS-NFO,5,1+1+1+1+1,0,2.4792,100.0,6.2,-0.1258,2.457647,True,56.0
CHE-MUN-MUN-NFO-SUN,4,2+1+1+1,1,2.3636,2.2,2.5,0.4507,2,"MUN,MUN","BOU,TOT",BOU-CHE-NFO-TOT-SUN,5,1+1+1+1+1,1,2.4792,100.0,12.5,-0.1412,2.457647,True,57.0
CHE-MUN-NFO-SUN-SUN,4,2+1+1+1,2,2.3636,2.2,2.5,0.4507,2,"MUN,SUN","BOU,TOT",BOU-CHE-NFO-TOT-SUN,5,1+1+1+1+1,1,2.4792,100.0,12.5,-0.1412,2.457647,True,58.0
ARS-CHE-MUN-NFO-SUN,5,1+1+1+1+1,1,2.3636,2.2,2.5,0.4618,2,"ARS,MUN","BOU,TOT",BOU-CHE-NFO-TOT-SUN,5,1+1+1+1+1,1,2.4792,100.0,12.5,-0.1412,2.457647,True,59.0
EVE-MUN-MUN-NFO-SUN,4,2+1+1+1,1,2.3636,2.2,2.5,0.5,2,"MUN,MUN","BOU,COV",BOU-COV-EVE-NFO-SUN,5,1+1+1+1+1,1,2.4792,100.0,31.2,-0.0867,2.457647,True,60.0
EVE-MUN-NFO-SUN-SUN,4,2+1+1+1,2,2.3636,2.2,2.5,0.5,2,"MUN,SUN","BOU,COV",BOU-COV-EVE-NFO-SUN,5,1+1+1+1+1,1,2.4792,100.0,31.2,-0.0867,2.457647,True,61.0
ARS-LIV-MCI-MUN-MUN,4,2+1+1+1,0,2.3636,2.4,2.33,-0.3,2,"MUN,MUN","AVL,COV",ARS-AVL-COV-LIV-MCI,5,1+1+1+1+1,0,2.4792,100.0,12.5,-0.0988,2.457647,True,62.0
ARS-LIV-MCI-SUN-SUN,4,2+1+1+1,2,2.3636,2.4,2.33,-0.3,2,"ARS,SUN","BHA,COV",BHA-COV-LIV-MCI-SUN,5,1+1+1+1+1,1,2.4792,100.0,25.0,-0.1292,2.457647,True,63.0
BRE-LIV-NFO-SUN-SUN,4,2+1+1+1,2,2.3636,2.4,2.33,-0.3,2,"BRE,SUN","BOU,CHE",BOU-CHE-LIV-NFO-SUN,5,1+1+1+1+1,1,2.4792,100.0,18.8,-0.0575,2.457647,True,64.0
IPS-LIV-MCI-MUN-MUN,4,2+1+1+1,0,2.3636,2.4,2.33,-0.3,2,"MUN,MUN","CHE,NEW",CHE-IPS-LIV-MCI-NEW,5,1+1+1+1+1,0,2.4792,100.0,12.5,-0.1753,2.457647,True,65.0
LIV-LIV-MUN-NFO-SUN,4,2+1+1+1,1,2.3636,2.4,2.33,-0.3,2,"LIV,MUN","BOU,CHE",BOU-CHE-LIV-NFO-SUN,5,1+1+1+1+1,1,2.4792,100.0,18.8,-0.0575,2.457647,True,66.0
ARS-AVL-LIV-MUN-MUN,4,2+1+1+1,0,2.3636,2.4,2.33,-0.2366,2,"MUN,MUN","BOU,COV",ARS-AVL-BOU-COV-LIV,5,1+1+1+1+1,0,2.4792,100.0,12.5,-0.124,2.457647,True,67.0
ARS-AVL-LIV-SUN-SUN,4,2+1+1+1,2,2.3636,2.4,2.33,-0.2366,2,"SUN,SUN","BOU,COV",ARS-AVL-BOU-COV-LIV,5,1+1+1+1+1,0,2.4792,100.0,12.5,-0.124,2.457647,True,68.0
ARS-AVL-MCI-MUN-MUN,4,2+1+1+1,0,2.3636,2.4,2.33,-0.2366,2,"MUN,MUN","COV,LIV",ARS-AVL-COV-LIV-MCI,5,1+1+1+1+1,0,2.4792,100.0,12.5,-0.0988,2.457647,True,69.0
ARS-AVL-MCI-SUN-SUN,4,2+1+1+1,2,2.3636,2.4,2.33,-0.2366,2,"SUN,SUN","COV,LIV",ARS-AVL-COV-LIV-MCI,5,1+1+1+1+1,0,2.4792,100.0,12.5,-0.0988,2.457647,True,70.0
ARS-BHA-LIV-SUN-SUN,4,2+1+1+1,2,2.3636,2.4,2.33,-0.2366,2,"ARS,SUN","COV,MCI",BHA-COV-LIV-MCI-SUN,5,1+1+1+1+1,1,2.4792,100.0,25.0,-0.1292,2.457647,True,71.0
ARS-BHA-MCI-SUN-SUN,4,2+1+1+1,2,2.3636,2.4,2.33,-0.2366,2,"ARS,SUN","COV,LIV",BHA-COV-LIV-MCI-SUN,5,1+1+1+1+1,1,2.4792,100.0,25.0,-0.1292,2.457647,True,72.0
AVL-BRE-MUN-MUN-NFO,4,2+1+1+1,0,2.3636,2.4,2.33,-0.2366,2,"MUN,MUN","BOU,COV",AVL-BOU-BRE-COV-NFO,5,1+1+1+1+1,0,2.4792,100.0,18.8,-0.14,2.457647,True,73.0
AVL-BRE-NFO-SUN-SUN,4,2+1+1+1,2,2.3636,2.4,2.33,-0.2366,2,"SUN,SUN","BOU,COV",AVL-BOU-BRE-COV-NFO,5,1+1+1+1+1,0,2.4792,100.0,18.8,-0.14,2.457647,True,74.0
AVL-IPS-MCI-MUN-MUN,4,2+1+1+1,0,2.3636,2.4,2.33,-0.2366,2,"MUN,MUN","CHE,NFO",AVL-CHE-IPS-MCI-NFO,5,1+1+1+1+1,0,2.4792,100.0,18.8,-0.0641,2.457647,True,75.0
BHA-LIV-MUN-MUN-NFO,4,2+1+1+1,0,2.3636,2.4,2.33,-0.2366,2,"MUN,MUN","BOU,NEW",BOU-BHA-LIV-NEW-NFO,5,1+1+1+1+1,0,2.4792,100.0,12.5,-0.1525,2.457647,True,76.0
BHA-LIV-NFO-SUN-SUN,4,2+1+1+1,2,2.3636,2.4,2.33,-0.2366,2,"SUN,SUN","BOU,NEW",BOU-BHA-LIV-NEW-NFO,5,1+1+1+1+1,0,2.4792,100.0,12.5,-0.1525,2.457647,True,77.0
BHA-MCI-MUN-MUN-NFO,4,2+1+1+1,0,2.3636,2.4,2.33,-0.2366,2,"MUN,MUN","LIV,NEW",BHA-LIV-MCI-NEW-NFO,5,1+1+1+1+1,0,2.4792,100.0,12.5,-0.1303,2.457647,True,78.0
BHA-MCI-NFO-SUN-SUN,4,2+1+1+1,2,2.3636,2.4,2.33,-0.2366,2,"SUN,SUN","LIV,NEW",BHA-LIV-MCI-NEW-NFO,5,1+1+1+1+1,0,2.4792,100.0,12.5,-0.1303,2.457647,True,79.0
LIV-MUN-MUN-NFO-TOT,4,2+1+1+1,0,2.3636,2.4,2.33,-0.2366,2,"MUN,MUN","EVE,NEW",EVE-LIV-NEW-NFO-TOT,5,1+1+1+1+1,0,2.4792,100.0,25.0,-0.1014,2.457647,True,80.0
LIV-NFO-TOT-SUN-SUN,4,2+1+1+1,2,2.3636,2.4,2.33,-0.2366,2,"LIV,SUN","BOU,CHE",BOU-CHE-NFO-TOT-SUN,5,1+1+1+1+1,1,2.4792,100.0,12.5,-0.1412,2.457647,True,81.0
MCI-MUN-MUN-NFO-TOT,4,2+1+1+1,0,2.3636,2.4,2.33,-0.2366,2,"MUN,MUN","CHE,NEW",CHE-MCI-NEW-NFO-TOT,5,1+1+1+1+1,0,2.4792,100.0,18.8,-0.0976,2.457647,True,82.0
MCI-NFO-TOT-SUN-SUN,4,2+1+1+1,2,2.3636,2.4,2.33,-0.2366,2,"MCI,SUN","BOU,CHE",BOU-CHE-NFO-TOT-SUN,5,1+1+1+1+1,1,2.4792,100.0,12.5,-0.1412,2.457647,True,83.0
ARS-LIV-MCI-MUN-SUN,5,1+1+1+1+1,1,2.3636,2.4,2.33,-0.2,2,"ARS,MUN","BHA,COV",BHA-COV-LIV-MCI-SUN,5,1+1+1+1+1,1,2.4792,100.0,25.0,-0.1292,2.457647,True,84.0
BRE-LIV-MUN-NFO-SUN,5,1+1+1+1+1,1,2.3636,2.4,2.33,-0.2,2,"BRE,MUN","BOU,CHE",BOU-CHE-LIV-NFO-SUN,5,1+1+1+1+1,1,2.4792,100.0,18.8,-0.0575,2.457647,True,85.0
AVL-MUN-MUN-NFO-TOT,4,2+1+1+1,0,2.3636,2.4,2.33,-0.1964,2,"MUN,MUN","FUL,LEE",AVL-FUL-LEE-NFO-TOT,5,1+1+1+1+1,0,2.4792,100.0,0.0,-0.2008,2.457647,True,86.0
AVL-NFO-TOT-SUN-SUN,4,2+1+1+1,2,2.3636,2.4,2.33,-0.1964,2,"SUN,SUN","FUL,LEE",AVL-FUL-LEE-NFO-TOT,5,1+1+1+1+1,0,2.4792,100.0,0.0,-0.2008,2.457647,True,87.0
BHA-NFO-TOT-SUN-SUN,4,2+1+1+1,2,2.3636,2.4,2.33,-0.1964,2,"BHA,SUN","BOU,CHE",BOU-CHE-NFO-TOT-SUN,5,1+1+1+1+1,1,2.4792,100.0,12.5,-0.1412,2.457647,True,88.0
IPS-MCI-MUN-MUN-TOT,4,2+1+1+1,0,2.3636,2.4,2.33,-0.15,2,"MUN,MUN","CHE,FUL",CHE-FUL-IPS-MCI-TOT,5,1+1+1+1+1,0,2.4792,100.0,18.8,-0.1129,2.457647,True,89.0
BRE-CHE-MUN-MUN-NFO,4,2+1+1+1,0,2.3636,2.4,2.33,-0.1382,2,"MUN,MUN","AVL,BOU",AVL-BOU-BRE-CHE-NFO,5,1+1+1+1+1,0,2.4792,100.0,6.2,-0.1001,2.457647,True,90.0
BRE-CHE-NFO-SUN-SUN,4,2+1+1+1,2,2.3636,2.4,2.33,-0.1382,2,"BRE,SUN","BOU,TOT",BOU-CHE-NFO-TOT-SUN,5,1+1+1+1+1,1,2.4792,100.0,12.5,-0.1412,2.457647,True,91.0
ARS-AVL-LIV-MUN-SUN,5,1+1+1+1+1,1,2.3636,2.4,2.33,-0.1366,2,"MUN,SUN","BOU,COV",ARS-AVL-BOU-COV-LIV,5,1+1+1+1+1,0,2.4792,100.0,12.5,-0.124,2.457647,True,92.0
ARS-AVL-MCI-MUN-SUN,5,1+1+1+1+1,1,2.3636,2.4,2.33,-0.1366,2,"MUN,SUN","COV,LIV",ARS-AVL-COV-LIV-MCI,5,1+1+1+1+1,0,2.4792,100.0,12.5,-0.0988,2.457647,True,93.0
ARS-BHA-LIV-MUN-SUN,5,1+1+1+1+1,1,2.3636,2.4,2.33,-0.1366,2,"ARS,MUN","COV,MCI",BHA-COV-LIV-MCI-SUN,5,1+1+1+1+1,1,2.4792,100.0,25.0,-0.1292,2.457647,True,94.0
ARS-BHA-MCI-MUN-SUN,5,1+1+1+1+1,1,2.3636,2.4,2.33,-0.1366,2,"ARS,MUN","COV,LIV",BHA-COV-LIV-MCI-SUN,5,1+1+1+1+1,1,2.4792,100.0,25.0,-0.1292,2.457647,True,95.0
AVL-BRE-MUN-NFO-SUN,5,1+1+1+1+1,1,2.3636,2.4,2.33,-0.1366,2,"MUN,SUN","BOU,COV",AVL-BOU-BRE-COV-NFO,5,1+1+1+1+1,0,2.4792,100.0,18.8,-0.14,2.457647,True,96.0
BHA-LIV-MUN-NFO-SUN,5,1+1+1+1+1,1,2.3636,2.4,2.33,-0.1366,2,"MUN,SUN","BOU,NEW",BOU-BHA-LIV-NEW-NFO,5,1+1+1+1+1,0,2.4792,100.0,12.5,-0.1525,2.457647,True,97.0
BHA-MCI-MUN-NFO-SUN,5,1+1+1+1+1,1,2.3636,2.4,2.33,-0.1366,2,"MUN,SUN","LIV,NEW",BHA-LIV-MCI-NEW-NFO,5,1+1+1+1+1,0,2.4792,100.0,12.5,-0.1303,2.457647,True,98.0
LIV-MUN-NFO-TOT-SUN,5,1+1+1+1+1,1,2.3636,2.4,2.33,-0.1366,2,"LIV,MUN","BOU,CHE",BOU-CHE-NFO-TOT-SUN,5,1+1+1+1+1,1,2.4792,100.0,12.5,-0.1412,2.457647,True,99.0
MCI-MUN-NFO-TOT-SUN,5,1+1+1+1+1,1,2.3636,2.4,2.33,-0.1366,2,"MCI,MUN","BOU,CHE",BOU-CHE-NFO-TOT-SUN,5,1+1+1+1+1,1,2.4792,100.0,12.5,-0.1412,2.457647,True,100.0
AVL-MUN-NFO-TOT-SUN,5,1+1+1+1+1,1,2.3636,2.4,2.33,-0.0964,2,"MUN,SUN","FUL,LEE",AVL-FUL-LEE-NFO-TOT,5,1+1+1+1+1,0,2.4792,100.0,0.0,-0.2008,2.457647,True,101.0
BHA-MUN-NFO-TOT-SUN,5,1+1+1+1+1,1,2.3636,2.4,2.33,-0.0964,2,"BHA,MUN","BOU,CHE",BOU-CHE-NFO-TOT-SUN,5,1+1+1+1+1,1,2.4792,100.0,12.5,-0.1412,2.457647,True,102.0
BHA-CHE-MUN-MUN-NFO,4,2+1+1+1,0,2.3636,2.4,2.33,-0.0652,2,"MUN,MUN","BOU,NFO",BOU-BHA-CHE-NFO-NFO,4,2+1+1+1,0,2.4792,100.0,18.8,-0.1158,2.457647,True,103.0
BHA-CHE-NFO-SUN-SUN,4,2+1+1+1,2,2.3636,2.4,2.33,-0.0652,2,"BHA,SUN","BOU,TOT",BOU-CHE-NFO-TOT-SUN,5,1+1+1+1+1,1,2.4792,100.0,12.5,-0.1412,2.457647,True,104.0
BRE-CHE-MUN-NFO-SUN,5,1+1+1+1+1,1,2.3636,2.4,2.33,-0.0382,2,"BRE,MUN","BOU,TOT",BOU-CHE-NFO-TOT-SUN,5,1+1+1+1+1,1,2.4792,100.0,12.5,-0.1412,2.457647,True,105.0
ARS-CHE-LIV-SUN-SUN,4,2+1+1+1,2,2.3636,2.4,2.33,-0.0366,2,"ARS,SUN","BOU,NFO",BOU-CHE-LIV-NFO-SUN,5,1+1+1+1+1,1,2.4792,100.0,18.8,-0.0575,2.457647,True,106.0
ARS-CHE-MCI-SUN-SUN,4,2+1+1+1,2,2.3636,2.4,2.33,-0.0366,2,"ARS,SUN","COV,EVE",CHE-COV-EVE-MCI-SUN,5,1+1+1+1+1,1,2.4792,100.0,12.5,-0.1133,2.457647,True,107.0
CHE-IPS-LIV-MUN-MUN,4,2+1+1+1,0,2.3636,2.4,2.33,-0.0366,2,"MUN,MUN","BOU,NEW",BOU-CHE-IPS-LIV-NEW,5,1+1+1+1+1,0,2.4792,100.0,12.5,-0.1874,2.457647,True,108.0
CHE-IPS-MCI-MUN-MUN,4,2+1+1+1,0,2.3636,2.4,2.33,-0.0366,2,"MUN,MUN","LIV,NEW",CHE-IPS-LIV-MCI-NEW,5,1+1+1+1+1,0,2.4792,100.0,12.5,-0.1753,2.457647,True,109.0
BHA-CHE-MUN-NFO-SUN,5,1+1+1+1+1,1,2.3636,2.4,2.33,0.0348,2,"BHA,MUN","BOU,TOT",BOU-CHE-NFO-TOT-SUN,5,1+1+1+1+1,1,2.4792,100.0,12.5,-0.1412,2.457647,True,110.0
AVL-CHE-IPS-MUN-MUN,4,2+1+1+1,0,2.3636,2.4,2.33,0.0365,2,"MUN,MUN","BOU,NFO",AVL-BOU-CHE-IPS-NFO,5,1+1+1+1+1,0,2.4792,100.0,12.5,-0.117,2.457647,True,111.0
ARS-CHE-LIV-MUN-SUN,5,1+1+1+1+1,1,2.3636,2.4,2.33,0.0634,2,"ARS,MUN","BOU,NFO",BOU-CHE-LIV-NFO-SUN,5,1+1+1+1+1,1,2.4792,100.0,18.8,-0.0575,2.457647,True,112.0
ARS-CHE-MCI-MUN-SUN,5,1+1+1+1+1,1,2.3636,2.4,2.33,0.0634,2,"ARS,MUN","COV,EVE",CHE-COV-EVE-MCI-SUN,5,1+1+1+1+1,1,2.4792,100.0,12.5,-0.1133,2.457647,True,113.0
CHE-LIV-MUN-MUN-SUN,4,2+1+1+1,1,2.3636,2.4,2.33,0.089,2,"MUN,MUN","BOU,NFO",BOU-CHE-LIV-NFO-SUN,5,1+1+1+1+1,1,2.4792,100.0,18.8,-0.0575,2.457647,True,114.0
CHE-LIV-MUN-SUN-SUN,4,2+1+1+1,2,2.3636,2.4,2.33,0.089,2,"MUN,SUN","BOU,NFO",BOU-CHE-LIV-NFO-SUN,5,1+1+1+1+1,1,2.4792,100.0,18.8,-0.0575,2.457647,True,115.0
CHE-MCI-MUN-MUN-SUN,4,2+1+1+1,1,2.3636,2.4,2.33,0.089,2,"MUN,MUN","COV,EVE",CHE-COV-EVE-MCI-SUN,5,1+1+1+1+1,1,2.4792,100.0,12.5,-0.1133,2.457647,True,116.0
CHE-MCI-MUN-SUN-SUN,4,2+1+1+1,2,2.3636,2.4,2.33,0.089,2,"MUN,SUN","COV,EVE",CHE-COV-EVE-MCI-SUN,5,1+1+1+1+1,1,2.4792,100.0,12.5,-0.1133,2.457647,True,117.0
EVE-MCI-MUN-MUN-SUN,4,2+1+1+1,1,2.3636,2.4,2.33,0.1,2,"MUN,MUN","CHE,COV",CHE-COV-EVE-MCI-SUN,5,1+1+1+1+1,1,2.4792,100.0,12.5,-0.1133,2.457647,True,118.0
EVE-MCI-MUN-SUN-SUN,4,2+1+1+1,2,2.3636,2.4,2.33,0.1,2,"MUN,SUN","CHE,COV",CHE-COV-EVE-MCI-SUN,5,1+1+1+1+1,1,2.4792,100.0,12.5,-0.1133,2.457647,True,119.0
ARS-MUN-MUN-NFO-SUN,4,2+1+1+1,1,2.2727,2.0,2.5,0.4366,2,"MUN,MUN","BOU,TOT",ARS-BOU-NFO-TOT-SUN,5,1+1+1+1+1,1,2.5208,100.0,12.5,-0.1389,2.474544,True,120.0
ARS-MUN-NFO-SUN-SUN,4,2+1+1+1,2,2.2727,2.0,2.5,0.4366,2,"MUN,SUN","BOU,TOT",ARS-BOU-NFO-TOT-SUN,5,1+1+1+1+1,1,2.5208,100.0,12.5,-0.1389,2.474544,True,121.0
ARS-AVL-MUN-MUN-SUN,4,2+1+1+1,1,2.2727,2.2,2.33,0.0902,2,"MUN,MUN","LEE,MCI",ARS-AVL-LEE-MCI-SUN,5,1+1+1+1+1,1,2.5208,100.0,6.2,-0.1686,2.474544,True,122.0
ARS-AVL-MUN-SUN-SUN,4,2+1+1+1,2,2.2727,2.2,2.33,0.0902,2,"MUN,SUN","LEE,MCI",ARS-AVL-LEE-MCI-SUN,5,1+1+1+1+1,1,2.5208,100.0,6.2,-0.1686,2.474544,True,123.0
ARS-MCI-NFO-SUN-SUN,4,2+1+1+1,2,2.3636,2.2,2.5,-0.0634,2,"NFO,SUN","COV,LIV",ARS-COV-LIV-MCI-SUN,5,1+1+1+1+1,1,2.5,100.0,31.2,-0.0733,2.474569,True,124.0
ARS-ARS-LIV-MUN-SUN,4,2+1+1+1,1,2.3636,2.2,2.5,0.0,2,"ARS,MUN","COV,MCI",ARS-COV-LIV-MCI-SUN,5,1+1+1+1+1,1,2.5,100.0,31.2,-0.0733,2.474569,True,125.0
ARS-ARS-MCI-MUN-SUN,4,2+1+1+1,1,2.3636,2.2,2.5,0.0,2,"ARS,MUN","COV,LIV",ARS-COV-LIV-MCI-SUN,5,1+1+1+1+1,1,2.5,100.0,31.2,-0.0733,2.474569,True,126.0
ARS-IPS-MCI-MUN-MUN,4,2+1+1+1,0,2.3636,2.2,2.5,0.0,2,"MUN,MUN","BOU,FUL",ARS-BOU-FUL-IPS-MCI,5,1+1+1+1+1,0,2.5,100.0,31.2,-0.0453,2.474569,True,127.0
ARS-MCI-MUN-NFO-SUN,5,1+1+1+1+1,1,2.3636,2.2,2.5,0.0366,2,"MUN,NFO","COV,LIV",ARS-COV-LIV-MCI-SUN,5,1+1+1+1+1,1,2.5,100.0,31.2,-0.0733,2.474569,True,128.0
ARS-MUN-MUN-NFO-TOT,4,2+1+1+1,0,2.3636,2.2,2.5,0.15,2,"MUN,MUN","BOU,FUL",ARS-BOU-FUL-NFO-TOT,5,1+1+1+1+1,0,2.5,100.0,18.8,-0.0992,2.474569,True,129.0
IPS-MUN-MUN-NFO-TOT,4,2+1+1+1,0,2.3636,2.2,2.5,0.15,2,"MUN,MUN","CHE,FUL",CHE-FUL-IPS-NFO-TOT,5,1+1+1+1+1,0,2.5,100.0,6.2,-0.1618,2.474569,True,130.0
ARS-CHE-MUN-MUN-NFO,4,2+1+1+1,0,2.3636,2.2,2.5,0.3618,2,"MUN,MUN","AVL,BOU",ARS-AVL-BOU-CHE-NFO,5,1+1+1+1+1,0,2.5,100.0,6.2,-0.094,2.474569,True,131.0
ARS-BRE-LIV-SUN-SUN,4,2+1+1+1,2,2.3636,2.4,2.33,-0.3,2,"BRE,SUN","COV,MCI",ARS-COV-LIV-MCI-SUN,5,1+1+1+1+1,1,2.5,100.0,31.2,-0.0733,2.474569,True,132.0
ARS-BRE-MCI-SUN-SUN,4,2+1+1+1,2,2.3636,2.4,2.33,-0.3,2,"BRE,SUN","COV,LIV",ARS-COV-LIV-MCI-SUN,5,1+1+1+1+1,1,2.5,100.0,31.2,-0.0733,2.474569,True,133.0
ARS-LIV-LIV-MUN-SUN,4,2+1+1+1,1,2.3636,2.4,2.33,-0.3,2,"LIV,MUN","COV,MCI",ARS-COV-LIV-MCI-SUN,5,1+1+1+1+1,1,2.5,100.0,31.2,-0.0733,2.474569,True,134.0
ARS-MCI-MCI-MUN-SUN,4,2+1+1+1,1,2.3636,2.4,2.33,-0.3,2,"MCI,MUN","COV,LIV",ARS-COV-LIV-MCI-SUN,5,1+1+1+1+1,1,2.5,100.0,31.2,-0.0733,2.474569,True,135.0
BRE-IPS-MCI-MUN-MUN,4,2+1+1+1,0,2.3636,2.4,2.33,-0.3,2,"MUN,MUN","CHE,FUL",BRE-CHE-FUL-IPS-MCI,5,1+1+1+1+1,0,2.5,100.0,6.2,-0.0918,2.474569,True,136.0
BRE-LIV-MUN-MUN-NFO,4,2+1+1+1,0,2.3636,2.4,2.33,-0.3,2,"MUN,MUN","AVL,NEW",AVL-BRE-LIV-NEW-NFO,5,1+1+1+1+1,0,2.5,100.0,18.8,-0.1088,2.474569,True,137.0
BRE-MCI-NFO-SUN-SUN,4,2+1+1+1,2,2.3636,2.4,2.33,-0.3,2,"NFO,SUN","AVL,CHE",AVL-BRE-CHE-MCI-SUN,5,1+1+1+1+1,1,2.5,100.0,18.8,-0.0507,2.474569,True,138.0
ARS-AVL-BRE-SUN-SUN,4,2+1+1+1,2,2.3636,2.4,2.33,-0.2366,2,"ARS,SUN","CHE,MCI",AVL-BRE-CHE-MCI-SUN,5,1+1+1+1+1,1,2.5,100.0,18.8,-0.0507,2.474569,True,139.0
AVL-BRE-IPS-MUN-MUN,4,2+1+1+1,0,2.3636,2.4,2.33,-0.2366,2,"MUN,MUN","BOU,CHE",AVL-BOU-BRE-CHE-IPS,5,1+1+1+1+1,0,2.5,100.0,12.5,-0.0862,2.474569,True,140.0
AVL-IPS-LIV-MUN-MUN,4,2+1+1+1,0,2.3636,2.4,2.33,-0.2366,2,"IPS,MUN","BOU,COV",AVL-BOU-COV-LIV-MUN,5,1+1+1+1+1,0,2.5,100.0,12.5,-0.1393,2.474569,True,141.0
BHA-IPS-LIV-MUN-MUN,4,2+1+1+1,0,2.3636,2.4,2.33,-0.2366,2,"MUN,MUN","CRY,MCI",BHA-CRY-IPS-LIV-MCI,5,1+1+1+1+1,0,2.5,100.0,18.8,-0.1071,2.474569,True,142.0
BHA-IPS-MCI-MUN-MUN,4,2+1+1+1,0,2.3636,2.4,2.33,-0.2366,2,"MUN,MUN","FUL,LEE",BHA-FUL-IPS-LEE-MCI,5,1+1+1+1+1,0,2.5,100.0,6.2,-0.1502,2.474569,True,143.0
BRE-BHA-MUN-MUN-NFO,4,2+1+1+1,0,2.3636,2.4,2.33,-0.2366,2,"MUN,MUN","AVL,LIV",AVL-BRE-BHA-LIV-NFO,5,1+1+1+1+1,0,2.5,100.0,12.5,-0.09,2.474569,True,144.0
BRE-BHA-NFO-SUN-SUN,4,2+1+1+1,2,2.3636,2.4,2.33,-0.2366,2,"BRE,SUN","LIV,TOT",BHA-LIV-NFO-TOT-SUN,5,1+1+1+1+1,1,2.5,100.0,18.8,-0.1476,2.474569,True,145.0
ARS-BRE-LIV-MUN-SUN,5,1+1+1+1+1,1,2.3636,2.4,2.33,-0.2,2,"BRE,MUN","COV,MCI",ARS-COV-LIV-MCI-SUN,5,1+1+1+1+1,1,2.5,100.0,31.2,-0.0733,2.474569,True,146.0
ARS-BRE-MCI-MUN-SUN,5,1+1+1+1+1,1,2.3636,2.4,2.33,-0.2,2,"BRE,MUN","COV,LIV",ARS-COV-LIV-MCI-SUN,5,1+1+1+1+1,1,2.5,100.0,31.2,-0.0733,2.474569,True,147.0
BRE-MCI-MUN-NFO-SUN,5,1+1+1+1+1,1,2.3636,2.4,2.33,-0.2,2,"MUN,NFO","AVL,CHE",AVL-BRE-CHE-MCI-SUN,5,1+1+1+1+1,1,2.5,100.0,18.8,-0.0507,2.474569,True,148.0
CRY-LIV-MUN-MUN-SUN,4,2+1+1+1,1,2.3636,2.4,2.33,-0.2,2,"MUN,MUN","BHA,MCI",BHA-CRY-LIV-MCI-SUN,5,1+1+1+1+1,1,2.5,100.0,18.8,-0.1215,2.474569,True,149.0
CRY-LIV-MUN-SUN-SUN,4,2+1+1+1,2,2.3636,2.4,2.33,-0.2,2,"MUN,SUN","BHA,MCI",BHA-CRY-LIV-MCI-SUN,5,1+1+1+1+1,1,2.5,100.0,18.8,-0.1215,2.474569,True,150.0
CRY-MCI-MUN-MUN-SUN,4,2+1+1+1,1,2.3636,2.4,2.33,-0.2,2,"MUN,MUN","BHA,LIV",BHA-CRY-LIV-MCI-SUN,5,1+1+1+1+1,1,2.5,100.0,18.8,-0.1215,2.474569,True,151.0
CRY-MCI-MUN-SUN-SUN,4,2+1+1+1,2,2.3636,2.4,2.33,-0.2,2,"MUN,SUN","BHA,LIV",BHA-CRY-LIV-MCI-SUN,5,1+1+1+1+1,1,2.5,100.0,18.8,-0.1215,2.474569,True,152.0
BHA-MUN-MUN-NFO-TOT,4,2+1+1+1,0,2.3636,2.4,2.33,-0.1964,2,"MUN,MUN","FUL,LEE",BHA-FUL-LEE-NFO-TOT,5,1+1+1+1+1,0,2.5,100.0,0.0,-0.1679,2.474569,True,153.0
ARS-LIV-TOT-SUN-SUN,4,2+1+1+1,2,2.3636,2.4,2.33,-0.15,2,"ARS,SUN","BHA,NFO",BHA-LIV-NFO-TOT-SUN,5,1+1+1+1+1,1,2.5,100.0,18.8,-0.1476,2.474569,True,154.0
ARS-MCI-MUN-MUN-TOT,4,2+1+1+1,0,2.3636,2.4,2.33,-0.15,2,"MUN,MUN","COV,FUL",ARS-COV-FUL-MCI-TOT,5,1+1+1+1+1,0,2.5,100.0,18.8,-0.0502,2.474569,True,155.0
ARS-MCI-TOT-SUN-SUN,4,2+1+1+1,2,2.3636,2.4,2.33,-0.15,2,"ARS,SUN","CHE,NEW",CHE-MCI-NEW-TOT-SUN,5,1+1+1+1+1,1,2.5,100.0,6.2,-0.1909,2.474569,True,156.0
ARS-AVL-BRE-MUN-SUN,5,1+1+1+1+1,1,2.3636,2.4,2.33,-0.1366,2,"ARS,MUN","CHE,MCI",AVL-BRE-CHE-MCI-SUN,5,1+1+1+1+1,1,2.5,100.0,18.8,-0.0507,2.474569,True,157.0
BRE-BHA-MUN-NFO-SUN,5,1+1+1+1+1,1,2.3636,2.4,2.33,-0.1366,2,"BRE,MUN","LIV,TOT",BHA-LIV-NFO-TOT-SUN,5,1+1+1+1+1,1,2.5,100.0,18.8,-0.1476,2.474569,True,158.0
BHA-CRY-MUN-MUN-SUN,4,2+1+1+1,1,2.3636,2.4,2.33,-0.1232,2,"MUN,MUN","LIV,MCI",BHA-CRY-LIV-MCI-SUN,5,1+1+1+1+1,1,2.5,100.0,18.8,-0.1215,2.474569,True,159.0
BHA-CRY-MUN-SUN-SUN,4,2+1+1+1,2,2.3636,2.4,2.33,-0.1232,2,"MUN,SUN","LIV,MCI",BHA-CRY-LIV-MCI-SUN,5,1+1+1+1+1,1,2.5,100.0,18.8,-0.1215,2.474569,True,160.0
ARS-AVL-TOT-SUN-SUN,4,2+1+1+1,2,2.3636,2.4,2.33,-0.1098,2,"ARS,SUN","CHE,LEE",AVL-CHE-LEE-TOT-SUN,5,1+1+1+1+1,1,2.5,100.0,12.5,-0.132,2.474569,True,161.0
ARS-BHA-TOT-SUN-SUN,4,2+1+1+1,2,2.3636,2.4,2.33,-0.1098,2,"ARS,SUN","LIV,NFO",BHA-LIV-NFO-TOT-SUN,5,1+1+1+1+1,1,2.5,100.0,18.8,-0.1476,2.474569,True,162.0
AVL-IPS-MUN-MUN-TOT,4,2+1+1+1,0,2.3636,2.4,2.33,-0.1098,2,"MUN,MUN","CHE,LEE",AVL-CHE-IPS-LEE-TOT,5,1+1+1+1+1,0,2.5,100.0,18.8,-0.0867,2.474569,True,163.0
LEE-MCI-MUN-MUN-SUN,4,2+1+1+1,1,2.3636,2.4,2.33,-0.1,2,"MUN,MUN","BHA,COV",BHA-COV-LEE-MCI-SUN,5,1+1+1+1+1,1,2.5,100.0,18.8,-0.1462,2.474569,True,164.0
LEE-MCI-MUN-SUN-SUN,4,2+1+1+1,2,2.3636,2.4,2.33,-0.1,2,"MUN,SUN","BHA,COV",BHA-COV-LEE-MCI-SUN,5,1+1+1+1+1,1,2.5,100.0,18.8,-0.1462,2.474569,True,165.0
AVL-LEE-MUN-MUN-SUN,4,2+1+1+1,1,2.3636,2.4,2.33,-0.0598,2,"MUN,MUN","COV,MCI",AVL-COV-LEE-MCI-SUN,5,1+1+1+1+1,1,2.5,100.0,6.2,-0.1327,2.474569,True,166.0
AVL-LEE-MUN-SUN-SUN,4,2+1+1+1,2,2.3636,2.4,2.33,-0.0598,2,"MUN,SUN","COV,MCI",AVL-COV-LEE-MCI-SUN,5,1+1+1+1+1,1,2.5,100.0,6.2,-0.1327,2.474569,True,167.0
BHA-LEE-MUN-MUN-SUN,4,2+1+1+1,1,2.3636,2.4,2.33,-0.0598,2,"MUN,MUN","COV,MCI",BHA-COV-LEE-MCI-SUN,5,1+1+1+1+1,1,2.5,100.0,18.8,-0.1462,2.474569,True,168.0
BHA-LEE-MUN-SUN-SUN,4,2+1+1+1,2,2.3636,2.4,2.33,-0.0598,2,"MUN,SUN","COV,MCI",BHA-COV-LEE-MCI-SUN,5,1+1+1+1+1,1,2.5,100.0,18.8,-0.1462,2.474569,True,169.0
ARS-LIV-MUN-TOT-SUN,5,1+1+1+1+1,1,2.3636,2.4,2.33,-0.05,2,"ARS,MUN","BHA,NFO",BHA-LIV-NFO-TOT-SUN,5,1+1+1+1+1,1,2.5,100.0,18.8,-0.1476,2.474569,True,170.0
ARS-MCI-MUN-TOT-SUN,5,1+1+1+1+1,1,2.3636,2.4,2.33,-0.05,2,"ARS,MUN","CHE,NEW",CHE-MCI-NEW-TOT-SUN,5,1+1+1+1+1,1,2.5,100.0,6.2,-0.1909,2.474569,True,171.0
ARS-BRE-CHE-SUN-SUN,4,2+1+1+1,2,2.3636,2.4,2.33,-0.0366,2,"ARS,SUN","AVL,MCI",AVL-BRE-CHE-MCI-SUN,5,1+1+1+1+1,1,2.5,100.0,18.8,-0.0507,2.474569,True,172.0
ARS-CHE-MCI-MUN-MUN,4,2+1+1+1,0,2.3636,2.4,2.33,-0.0366,2,"MUN,MUN","AVL,COV",ARS-AVL-CHE-COV-MCI,5,1+1+1+1+1,0,2.5,100.0,12.5,-0.0853,2.474569,True,173.0
BRE-CHE-IPS-MUN-MUN,4,2+1+1+1,0,2.3636,2.4,2.33,-0.0366,2,"MUN,MUN","FUL,MCI",BRE-CHE-FUL-IPS-MCI,5,1+1+1+1+1,0,2.5,100.0,6.2,-0.0918,2.474569,True,174.0
ARS-AVL-MUN-TOT-SUN,5,1+1+1+1+1,1,2.3636,2.4,2.33,-0.0098,2,"ARS,MUN","CHE,LEE",AVL-CHE-LEE-TOT-SUN,5,1+1+1+1+1,1,2.5,100.0,12.5,-0.132,2.474569,True,175.0
ARS-BHA-MUN-TOT-SUN,5,1+1+1+1+1,1,2.3636,2.4,2.33,-0.0098,2,"ARS,MUN","LIV,NFO",BHA-LIV-NFO-TOT-SUN,5,1+1+1+1+1,1,2.5,100.0,18.8,-0.1476,2.474569,True,176.0
LIV-MUN-MUN-TOT-SUN,4,2+1+1+1,1,2.3636,2.4,2.33,-0.0,2,"MUN,MUN","BHA,NFO",BHA-LIV-NFO-TOT-SUN,5,1+1+1+1+1,1,2.5,100.0,18.8,-0.1476,2.474569,True,177.0
LIV-MUN-TOT-SUN-SUN,4,2+1+1+1,2,2.3636,2.4,2.33,-0.0,2,"MUN,SUN","BHA,NFO",BHA-LIV-NFO-TOT-SUN,5,1+1+1+1+1,1,2.5,100.0,18.8,-0.1476,2.474569,True,178.0
MCI-MUN-MUN-TOT-SUN,4,2+1+1+1,1,2.3636,2.4,2.33,-0.0,2,"MUN,MUN","CHE,NEW",CHE-MCI-NEW-TOT-SUN,5,1+1+1+1+1,1,2.5,100.0,6.2,-0.1909,2.474569,True,179.0
MCI-MUN-TOT-SUN-SUN,4,2+1+1+1,2,2.3636,2.4,2.33,-0.0,2,"MUN,SUN","CHE,NEW",CHE-MCI-NEW-TOT-SUN,5,1+1+1+1+1,1,2.5,100.0,6.2,-0.1909,2.474569,True,180.0
AVL-MUN-MUN-TOT-SUN,4,2+1+1+1,1,2.3636,2.4,2.33,0.0036,2,"MUN,MUN","CHE,LEE",AVL-CHE-LEE-TOT-SUN,5,1+1+1+1+1,1,2.5,100.0,12.5,-0.132,2.474569,True,181.0
AVL-MUN-TOT-SUN-SUN,4,2+1+1+1,2,2.3636,2.4,2.33,0.0036,2,"MUN,SUN","CHE,LEE",AVL-CHE-LEE-TOT-SUN,5,1+1+1+1+1,1,2.5,100.0,12.5,-0.132,2.474569,True,182.0
BHA-MUN-MUN-TOT-SUN,4,2+1+1+1,1,2.3636,2.4,2.33,0.0036,2,"MUN,MUN","LIV,NFO",BHA-LIV-NFO-TOT-SUN,5,1+1+1+1+1,1,2.5,100.0,18.8,-0.1476,2.474569,True,183.0
BHA-MUN-TOT-SUN-SUN,4,2+1+1+1,2,2.3636,2.4,2.33,0.0036,2,"MUN,SUN","LIV,NFO",BHA-LIV-NFO-TOT-SUN,5,1+1+1+1+1,1,2.5,100.0,18.8,-0.1476,2.474569,True,184.0
ARS-AVL-CHE-MUN-MUN,4,2+1+1+1,0,2.3636,2.4,2.33,0.0365,2,"MUN,MUN","BOU,COV",ARS-AVL-BOU-CHE-COV,5,1+1+1+1+1,0,2.5,100.0,6.2,-0.1007,2.474569,True,185.0
ARS-AVL-CHE-SUN-SUN,4,2+1+1+1,2,2.3636,2.4,2.33,0.0365,2,"ARS,SUN","MCI,NEW",AVL-CHE-MCI-NEW-SUN,5,1+1+1+1+1,1,2.5,100.0,12.5,-0.1692,2.474569,True,186.0
ARS-BHA-CHE-SUN-SUN,4,2+1+1+1,2,2.3636,2.4,2.33,0.0365,2,"ARS,SUN","COV,MCI",BHA-CHE-COV-MCI-SUN,5,1+1+1+1+1,1,2.5,100.0,18.8,-0.106,2.474569,True,187.0
BHA-CHE-IPS-MUN-MUN,4,2+1+1+1,0,2.3636,2.4,2.33,0.0365,2,"MUN,MUN","BOU,NFO",BOU-BHA-CHE-IPS-NFO,5,1+1+1+1+1,0,2.5,100.0,6.2,-0.0956,2.474569,True,188.0
ARS-BRE-CHE-MUN-SUN,5,1+1+1+1+1,1,2.3636,2.4,2.33,0.0634,2,"ARS,MUN","AVL,MCI",AVL-BRE-CHE-MCI-SUN,5,1+1+1+1+1,1,2.5,100.0,18.8,-0.0507,2.474569,True,189.0
BRE-CHE-MUN-MUN-SUN,4,2+1+1+1,1,2.3636,2.4,2.33,0.089,2,"MUN,MUN","AVL,MCI",AVL-BRE-CHE-MCI-SUN,5,1+1+1+1+1,1,2.5,100.0,18.8,-0.0507,2.474569,True,190.0
BRE-CHE-MUN-SUN-SUN,4,2+1+1+1,2,2.3636,2.4,2.33,0.089,2,"MUN,SUN","AVL,MCI",AVL-BRE-CHE-MCI-SUN,5,1+1+1+1+1,1,2.5,100.0,18.8,-0.0507,2.474569,True,191.0
EVE-LIV-MUN-MUN-SUN,4,2+1+1+1,1,2.3636,2.4,2.33,0.1,2,"MUN,SUN","BOU,COV",BOU-COV-EVE-LIV-MUN,5,1+1+1+1+1,0,2.5,100.0,12.5,-0.1613,2.474569,True,192.0
EVE-LIV-MUN-SUN-SUN,4,2+1+1+1,2,2.3636,2.4,2.33,0.1,2,"SUN,SUN","BOU,COV",BOU-COV-EVE-LIV-MUN,5,1+1+1+1+1,0,2.5,100.0,12.5,-0.1613,2.474569,True,193.0
AVL-CHE-MUN-MUN-SUN,4,2+1+1+1,1,2.3636,2.4,2.33,0.1255,2,"MUN,MUN","MCI,NEW",AVL-CHE-MCI-NEW-SUN,5,1+1+1+1+1,1,2.5,100.0,12.5,-0.1692,2.474569,True,194.0
AVL-CHE-MUN-SUN-SUN,4,2+1+1+1,2,2.3636,2.4,2.33,0.1255,2,"MUN,SUN","MCI,NEW",AVL-CHE-MCI-NEW-SUN,5,1+1+1+1+1,1,2.5,100.0,12.5,-0.1692,2.474569,True,195.0
BHA-CHE-MUN-MUN-SUN,4,2+1+1+1,1,2.3636,2.4,2.33,0.1255,2,"MUN,MUN","COV,MCI",BHA-CHE-COV-MCI-SUN,5,1+1+1+1+1,1,2.5,100.0,18.8,-0.106,2.474569,True,196.0
BHA-CHE-MUN-SUN-SUN,4,2+1+1+1,2,2.3636,2.4,2.33,0.1255,2,"MUN,SUN","COV,MCI",BHA-CHE-COV-MCI-SUN,5,1+1+1+1+1,1,2.5,100.0,18.8,-0.106,2.474569,True,197.0
ARS-AVL-CHE-MUN-SUN,5,1+1+1+1+1,1,2.3636,2.4,2.33,0.1365,2,"ARS,MUN","MCI,NEW",AVL-CHE-MCI-NEW-SUN,5,1+1+1+1+1,1,2.5,100.0,12.5,-0.1692,2.474569,True,198.0
ARS-BHA-CHE-MUN-SUN,5,1+1+1+1+1,1,2.3636,2.4,2.33,0.1365,2,"ARS,MUN","COV,MCI",BHA-CHE-COV-MCI-SUN,5,1+1+1+1+1,1,2.5,100.0,18.8,-0.106,2.474569,True,199.0
ARS-BRE-NFO-SUN-SUN,4,2+1+1+1,2,2.3636,2.2,2.5,-0.0634,2,"BRE,SUN","BOU,TOT",ARS-BOU-NFO-TOT-SUN,5,1+1+1+1+1,1,2.5208,100.0,12.5,-0.1389,2.491492,True,200.0
ARS-IPS-LIV-MUN-MUN,4,2+1+1+1,0,2.3636,2.2,2.5,0.0,2,"MUN,MUN","BOU,CRY",ARS-BOU-CRY-IPS-LIV,5,1+1+1+1+1,0,2.5208,100.0,6.2,-0.1634,2.491492,True,201.0
ARS-BRE-MUN-NFO-SUN,5,1+1+1+1+1,1,2.3636,2.2,2.5,0.0366,2,"BRE,MUN","BOU,TOT",ARS-BOU-NFO-TOT-SUN,5,1+1+1+1+1,1,2.5208,100.0,12.5,-0.1389,2.491492,True,202.0
CRY-MUN-MUN-NFO-SUN,4,2+1+1+1,1,2.3636,2.2,2.5,0.1366,2,"MUN,SUN","BOU,LIV",BOU-CRY-LIV-MUN-NFO,5,1+1+1+1+1,0,2.5208,100.0,18.8,-0.1221,2.491492,True,203.0
CRY-MUN-NFO-SUN-SUN,4,2+1+1+1,2,2.3636,2.2,2.5,0.1366,2,"SUN,SUN","BOU,LIV",BOU-CRY-LIV-MUN-NFO,5,1+1+1+1+1,0,2.5208,100.0,18.8,-0.1221,2.491492,True,204.0
ARS-CRY-MUN-MUN-SUN,4,2+1+1+1,1,2.3636,2.2,2.5,0.25,2,"MUN,MUN","LIV,MCI",ARS-CRY-LIV-MCI-SUN,5,1+1+1+1+1,1,2.5208,100.0,12.5,-0.1074,2.491492,True,205.0
ARS-CRY-MUN-SUN-SUN,4,2+1+1+1,2,2.3636,2.2,2.5,0.25,2,"MUN,SUN","LIV,MCI",ARS-CRY-LIV-MCI-SUN,5,1+1+1+1+1,1,2.5208,100.0,12.5,-0.1074,2.491492,True,206.0
ARS-ARS-MUN-TOT-SUN,4,2+1+1+1,1,2.3636,2.2,2.5,0.3,2,"ARS,MUN","BOU,NFO",ARS-BOU-NFO-TOT-SUN,5,1+1+1+1+1,1,2.5208,100.0,12.5,-0.1389,2.491492,True,207.0
ARS-IPS-MUN-MUN-TOT,4,2+1+1+1,0,2.3636,2.2,2.5,0.3,2,"MUN,MUN","BOU,CHE",ARS-BOU-CHE-IPS-TOT,5,1+1+1+1+1,0,2.5208,100.0,6.2,-0.0922,2.491492,True,208.0
ARS-LEE-MUN-MUN-SUN,4,2+1+1+1,1,2.3636,2.2,2.5,0.35,2,"MUN,MUN","AVL,MCI",ARS-AVL-LEE-MCI-SUN,5,1+1+1+1+1,1,2.5208,100.0,6.2,-0.1686,2.491492,True,209.0
ARS-LEE-MUN-SUN-SUN,4,2+1+1+1,2,2.3636,2.2,2.5,0.35,2,"MUN,SUN","AVL,MCI",ARS-AVL-LEE-MCI-SUN,5,1+1+1+1+1,1,2.5208,100.0,6.2,-0.1686,2.491492,True,210.0
ARS-MUN-MUN-TOT-SUN,4,2+1+1+1,1,2.3636,2.2,2.5,0.45,2,"MUN,MUN","BOU,NFO",ARS-BOU-NFO-TOT-SUN,5,1+1+1+1+1,1,2.5208,100.0,12.5,-0.1389,2.491492,True,211.0
ARS-MUN-TOT-SUN-SUN,4,2+1+1+1,2,2.3636,2.2,2.5,0.45,2,"MUN,SUN","BOU,NFO",ARS-BOU-NFO-TOT-SUN,5,1+1+1+1+1,1,2.5208,100.0,12.5,-0.1389,2.491492,True,212.0
ARS-CHE-MUN-MUN-SUN,4,2+1+1+1,1,2.3636,2.2,2.5,0.6524,2,"MUN,MUN","BOU,TOT",ARS-BOU-CHE-TOT-SUN,5,1+1+1+1+1,1,2.5208,100.0,6.2,-0.099,2.491492,True,213.0
ARS-CHE-MUN-SUN-SUN,4,2+1+1+1,2,2.3636,2.2,2.5,0.6524,2,"MUN,SUN","BOU,TOT",ARS-BOU-CHE-TOT-SUN,5,1+1+1+1+1,1,2.5208,100.0,6.2,-0.099,2.491492,True,214.0
ARS-EVE-MUN-MUN-SUN,4,2+1+1+1,1,2.3636,2.2,2.5,0.7,2,"MUN,MUN","BOU,CHE",ARS-BOU-CHE-EVE-SUN,5,1+1+1+1+1,1,2.5208,100.0,18.8,-0.0028,2.491492,True,215.0
ARS-EVE-MUN-SUN-SUN,4,2+1+1+1,2,2.3636,2.2,2.5,0.7,2,"MUN,SUN","BOU,CHE",ARS-BOU-CHE-EVE-SUN,5,1+1+1+1+1,1,2.5208,100.0,18.8,-0.0028,2.491492,True,216.0
ARS-AVL-BRE-MUN-MUN,4,2+1+1+1,0,2.3636,2.4,2.33,-0.2366,2,"MUN,MUN","BOU,COV",ARS-AVL-BOU-BRE-COV,5,1+1+1+1+1,0,2.5208,100.0,6.2,-0.1689,2.491492,True,217.0
ARS-BHA-MCI-MUN-MUN,4,2+1+1+1,0,2.3636,2.4,2.33,-0.2366,2,"MUN,MUN","COV,LEE",ARS-BHA-COV-LEE-MCI,5,1+1+1+1+1,0,2.5208,100.0,12.5,-0.1511,2.491492,True,218.0
BRE-BHA-IPS-MUN-MUN,4,2+1+1+1,0,2.3636,2.4,2.33,-0.2366,2,"MUN,MUN","CHE,MCI",BRE-BHA-CHE-IPS-MCI,5,1+1+1+1+1,0,2.5208,100.0,12.5,-0.0344,2.491492,True,219.0
ARS-LIV-MUN-MUN-TOT,4,2+1+1+1,0,2.3636,2.4,2.33,-0.15,2,"ARS,MUN","EVE,NFO",EVE-LIV-MUN-NFO-TOT,5,1+1+1+1+1,0,2.5208,100.0,12.5,-0.0809,2.491492,True,220.0
IPS-LIV-MUN-MUN-TOT,4,2+1+1+1,0,2.3636,2.4,2.33,-0.15,2,"IPS,MUN","EVE,NFO",EVE-LIV-MUN-NFO-TOT,5,1+1+1+1+1,0,2.5208,100.0,12.5,-0.0809,2.491492,True,221.0
AVL-CRY-MUN-MUN-SUN,4,2+1+1+1,1,2.3636,2.4,2.33,-0.1232,2,"MUN,SUN","LIV,MCI",AVL-CRY-LIV-MCI-MUN,5,1+1+1+1+1,0,2.5208,100.0,6.2,-0.1515,2.491492,True,222.0
AVL-CRY-MUN-SUN-SUN,4,2+1+1+1,2,2.3636,2.4,2.33,-0.1232,2,"SUN,SUN","LIV,MCI",AVL-CRY-LIV-MCI-MUN,5,1+1+1+1+1,0,2.5208,100.0,6.2,-0.1515,2.491492,True,223.0
ARS-BRE-CHE-MUN-MUN,4,2+1+1+1,0,2.3636,2.4,2.33,-0.0366,2,"MUN,MUN","AVL,BOU",ARS-AVL-BOU-BRE-CHE,5,1+1+1+1+1,0,2.5208,100.0,6.2,-0.0705,2.491492,True,224.0
BHA-EVE-MUN-MUN-SUN,4,2+1+1+1,1,2.3636,2.4,2.33,0.1536,2,"MUN,MUN","COV,NFO",BHA-COV-EVE-NFO-SUN,5,1+1+1+1+1,1,2.5208,100.0,12.5,-0.1457,2.491492,True,225.0
BHA-EVE-MUN-SUN-SUN,4,2+1+1+1,2,2.3636,2.4,2.33,0.1536,2,"MUN,SUN","COV,NFO",BHA-COV-EVE-NFO-SUN,5,1+1+1+1+1,1,2.5208,100.0,12.5,-0.1457,2.491492,True,226.0
BRE-MUN-MUN-NFO-SUN,4,2+1+1+1,1,2.2727,2.2,2.33,-0.1,2,"MUN,SUN","AVL,BOU",AVL-BOU-BRE-MUN-NFO,5,1+1+1+1+1,0,2.5417,100.0,6.2,-0.1378,2.491547,True,227.0
BRE-MUN-NFO-SUN-SUN,4,2+1+1+1,2,2.2727,2.2,2.33,-0.1,2,"SUN,SUN","AVL,BOU",AVL-BOU-BRE-MUN-NFO,5,1+1+1+1+1,0,2.5417,100.0,6.2,-0.1378,2.491547,True,228.0
ARS-BHA-MUN-MUN-SUN,4,2+1+1+1,1,2.2727,2.2,2.33,0.0902,2,"MUN,MUN","LEE,MCI",ARS-BHA-LEE-MCI-SUN,5,1+1+1+1+1,1,2.5417,100.0,6.2,-0.1712,2.491547,True,229.0
ARS-BHA-MUN-SUN-SUN,4,2+1+1+1,2,2.2727,2.2,2.33,0.0902,2,"MUN,SUN","LEE,MCI",ARS-BHA-LEE-MCI-SUN,5,1+1+1+1+1,1,2.5417,100.0,6.2,-0.1712,2.491547,True,230.0
BRE-LIV-MUN-MUN-SUN,4,2+1+1+1,1,2.2727,2.4,2.17,-0.3,2,"MUN,SUN","AVL,NFO",AVL-BRE-LIV-MUN-NFO,5,1+1+1+1+1,0,2.5417,100.0,12.5,-0.0644,2.491547,True,231.0
BRE-LIV-MUN-SUN-SUN,4,2+1+1+1,2,2.2727,2.4,2.17,-0.3,2,"SUN,SUN","AVL,NFO",AVL-BRE-LIV-MUN-NFO,5,1+1+1+1+1,0,2.5417,100.0,12.5,-0.0644,2.491547,True,232.0
ARS-BRE-MUN-MUN-SUN,4,2+1+1+1,1,2.2727,2.2,2.33,0.0,2,"MUN,MUN","AVL,COV",ARS-AVL-BRE-COV-SUN,5,1+1+1+1+1,1,2.5625,100.0,18.8,-0.0782,2.508469,True,233.0
ARS-BRE-MUN-SUN-SUN,4,2+1+1+1,2,2.2727,2.2,2.33,0.0,2,"MUN,SUN","AVL,COV",ARS-AVL-BRE-COV-SUN,5,1+1+1+1+1,1,2.5625,100.0,18.8,-0.0782,2.508469,True,234.0
BRE-BHA-MUN-MUN-SUN,4,2+1+1+1,1,2.2727,2.4,2.17,-0.2732,2,"MUN,SUN","COV,MCI",BRE-BHA-COV-MCI-MUN,5,1+1+1+1+1,0,2.5625,100.0,6.2,-0.1622,2.508469,True,235.0
BRE-BHA-MUN-SUN-SUN,4,2+1+1+1,2,2.2727,2.4,2.17,-0.2732,2,"SUN,SUN","COV,MCI",BRE-BHA-COV-MCI-MUN,5,1+1+1+1+1,0,2.5625,100.0,6.2,-0.1622,2.508469,True,236.0
BRE-MUN-NFO-NFO-SUN,4,2+1+1+1,1,2.3636,2.2,2.5,-0.1,2,"NFO,SUN","AVL,BOU",AVL-BOU-BRE-MUN-NFO,5,1+1+1+1+1,0,2.5417,100.0,6.2,-0.1378,2.508495,True,237.0
ARS-BRE-MUN-MUN-NFO,4,2+1+1+1,0,2.3636,2.2,2.5,-0.0634,2,"ARS,MUN","AVL,BOU",AVL-BOU-BRE-MUN-NFO,5,1+1+1+1+1,0,2.5417,100.0,6.2,-0.1378,2.508495,True,238.0
ARS-MCI-MUN-MUN-NFO,4,2+1+1+1,0,2.3636,2.2,2.5,-0.0634,2,"MUN,NFO","BOU,COV",ARS-BOU-COV-MCI-MUN,5,1+1+1+1+1,0,2.5417,100.0,12.5,-0.0523,2.508495,True,239.0
BRE-IPS-MUN-MUN-NFO,4,2+1+1+1,0,2.3636,2.2,2.5,-0.0634,2,"IPS,MUN","AVL,BOU",AVL-BOU-BRE-MUN-NFO,5,1+1+1+1+1,0,2.5417,100.0,6.2,-0.1378,2.508495,True,240.0
ARS-BRE-IPS-MUN-MUN,4,2+1+1+1,0,2.3636,2.2,2.5,0.0,2,"MUN,MUN","AVL,BOU",ARS-AVL-BOU-BRE-IPS,5,1+1+1+1+1,0,2.5417,100.0,6.2,-0.1478,2.508495,True,241.0
ARS-BRE-LIV-MUN-MUN,4,2+1+1+1,0,2.3636,2.4,2.33,-0.3,2,"MUN,MUN","AVL,NEW",ARS-AVL-BRE-LIV-NEW,5,1+1+1+1+1,0,2.5417,100.0,12.5,-0.1168,2.508495,True,242.0
ARS-BRE-MCI-MUN-MUN,4,2+1+1+1,0,2.3636,2.4,2.33,-0.3,2,"ARS,MUN","AVL,COV",AVL-BRE-COV-MCI-MUN,5,1+1+1+1+1,0,2.5417,100.0,6.2,-0.1671,2.508495,True,243.0
BRE-BRE-MUN-NFO-SUN,4,2+1+1+1,1,2.3636,2.4,2.33,-0.3,2,"BRE,SUN","AVL,BOU",AVL-BOU-BRE-MUN-NFO,5,1+1+1+1+1,0,2.5417,100.0,6.2,-0.1378,2.508495,True,244.0
BRE-IPS-LIV-MUN-MUN,4,2+1+1+1,0,2.3636,2.4,2.33,-0.3,2,"BRE,MUN","CRY,MCI",CRY-IPS-LIV-MCI-MUN,5,1+1+1+1+1,0,2.5417,100.0,6.2,-0.1962,2.508495,True,245.0
BRE-MCI-MUN-MUN-NFO,4,2+1+1+1,0,2.3636,2.4,2.33,-0.3,2,"MUN,NFO","AVL,COV",AVL-BRE-COV-MCI-MUN,5,1+1+1+1+1,0,2.5417,100.0,6.2,-0.1671,2.508495,True,246.0
ARS-BRE-BHA-SUN-SUN,4,2+1+1+1,2,2.3636,2.4,2.33,-0.2366,2,"BRE,SUN","LEE,MCI",ARS-BHA-LEE-MCI-SUN,5,1+1+1+1+1,1,2.5417,100.0,6.2,-0.1712,2.508495,True,247.0
ARS-BRE-BHA-MUN-SUN,5,1+1+1+1+1,1,2.3636,2.4,2.33,-0.1366,2,"BRE,MUN","LEE,MCI",ARS-BHA-LEE-MCI-SUN,5,1+1+1+1+1,1,2.5417,100.0,6.2,-0.1712,2.508495,True,248.0
ARS-BHA-MUN-MUN-TOT,4,2+1+1+1,0,2.3636,2.4,2.33,-0.1098,2,"MUN,MUN","LEE,NFO",ARS-BHA-LEE-NFO-TOT,5,1+1+1+1+1,0,2.5417,100.0,0.0,-0.1437,2.508495,True,249.0
BHA-IPS-MUN-MUN-TOT,4,2+1+1+1,0,2.3636,2.4,2.33,-0.1098,2,"BHA,MUN","BOU,CHE",BOU-CHE-IPS-MUN-TOT,5,1+1+1+1+1,0,2.5417,100.0,12.5,-0.0877,2.508495,True,250.0
BRE-EVE-MUN-MUN-SUN,4,2+1+1+1,1,2.3636,2.4,2.33,0.1,2,"MUN,SUN","BOU,COV",BOU-BRE-COV-EVE-MUN,5,1+1+1+1+1,0,2.5417,100.0,6.2,-0.1626,2.508495,True,251.0
BRE-EVE-MUN-SUN-SUN,4,2+1+1+1,2,2.3636,2.4,2.33,0.1,2,"SUN,SUN","BOU,COV",BOU-BRE-COV-EVE-MUN,5,1+1+1+1+1,0,2.5417,100.0,6.2,-0.1626,2.508495,True,252.0
AVL-EVE-MUN-MUN-SUN,4,2+1+1+1,1,2.3636,2.4,2.33,0.1536,2,"MUN,SUN","COV,COV",AVL-COV-COV-EVE-MUN,4,2+1+1+1,0,2.5417,100.0,12.5,-0.1613,2.508495,True,253.0
AVL-EVE-MUN-SUN-SUN,4,2+1+1+1,2,2.3636,2.4,2.33,0.1536,2,"SUN,SUN","COV,COV",AVL-COV-COV-EVE-MUN,4,2+1+1+1,0,2.5417,100.0,12.5,-0.1613,2.508495,True,254.0
ARS-ARS-BRE-MUN-SUN,4,2+1+1+1,1,2.3636,2.2,2.5,0.0,2,"BRE,MUN","BOU,LEE",ARS-ARS-BOU-LEE-SUN,4,2+1+1+1,1,2.5625,100.0,18.8,-0.1214,2.525417,True,255.0
ARS-BRE-BRE-MUN-SUN,4,2+1+1+1,1,2.3636,2.4,2.33,-0.3,2,"BRE,MUN","AVL,COV",ARS-AVL-BRE-COV-SUN,5,1+1+1+1+1,1,2.5625,100.0,18.8,-0.0782,2.525417,True,256.0
ARS-BRE-BHA-MUN-MUN,4,2+1+1+1,0,2.3636,2.4,2.33,-0.2366,2,"ARS,MUN","COV,MCI",BRE-BHA-COV-MCI-MUN,5,1+1+1+1+1,0,2.5625,100.0,6.2,-0.1622,2.525417,True,257.0
BRE-CRY-MUN-MUN-SUN,4,2+1+1+1,1,2.3636,2.4,2.33,-0.2,2,"MUN,SUN","AVL,MCI",AVL-BRE-CRY-MCI-MUN,5,1+1+1+1+1,0,2.5625,100.0,6.2,-0.1563,2.525417,True,258.0
BRE-CRY-MUN-SUN-SUN,4,2+1+1+1,2,2.3636,2.4,2.33,-0.2,2,"SUN,SUN","AVL,MCI",AVL-BRE-CRY-MCI-MUN,5,1+1+1+1+1,0,2.5625,100.0,6.2,-0.1563,2.525417,True,259.0
BRE-LEE-MUN-MUN-SUN,4,2+1+1+1,1,2.3636,2.4,2.33,-0.1,2,"MUN,SUN","AVL,COV",AVL-BRE-COV-LEE-MUN,5,1+1+1+1+1,0,2.5625,100.0,6.2,-0.1518,2.525417,True,260.0
BRE-LEE-MUN-SUN-SUN,4,2+1+1+1,2,2.3636,2.4,2.33,-0.1,2,"SUN,SUN","AVL,COV",AVL-BRE-COV-LEE-MUN,5,1+1+1+1+1,0,2.5625,100.0,6.2,-0.1518,2.525417,True,261.0
AVL-LIV-MCI-MUN-MUN,4,2+1+1+1,0,2.3636,2.6,2.17,-0.3,2,"MUN,MUN","CHE,NFO",AVL-CHE-LIV-MCI-NFO,5,1+1+1+1+1,0,2.4375,100.0,25.0,-0.0529,2.423722,False,
AVL-LIV-MCI-SUN-SUN,4,2+1+1+1,2,2.3636,2.6,2.17,-0.3,2,"SUN,SUN","CHE,NFO",AVL-CHE-LIV-MCI-NFO,5,1+1+1+1+1,0,2.4375,100.0,25.0,-0.0529,2.423722,False,
CHE-LIV-MCI-MUN-MUN,4,2+1+1+1,0,2.3636,2.6,2.17,-0.3,2,"MUN,MUN","AVL,NFO",AVL-CHE-LIV-MCI-NFO,5,1+1+1+1+1,0,2.4375,100.0,25.0,-0.0529,2.423722,False,
CHE-LIV-MCI-SUN-SUN,4,2+1+1+1,2,2.3636,2.6,2.17,-0.3,2,"SUN,SUN","AVL,NFO",AVL-CHE-LIV-MCI-NFO,5,1+1+1+1+1,0,2.4375,100.0,25.0,-0.0529,2.423722,False,
AVL-CHE-LIV-MUN-MUN,4,2+1+1+1,0,2.3636,2.6,2.17,-0.2903,2,"MUN,MUN","BOU,NFO",AVL-BOU-CHE-LIV-NFO,5,1+1+1+1+1,0,2.4375,100.0,18.8,-0.0994,2.423722,False,
AVL-CHE-LIV-SUN-SUN,4,2+1+1+1,2,2.3636,2.6,2.17,-0.2903,2,"SUN,SUN","BOU,NFO",AVL-BOU-CHE-LIV-NFO,5,1+1+1+1+1,0,2.4375,100.0,18.8,-0.0994,2.423722,False,
AVL-CHE-MCI-MUN-MUN,4,2+1+1+1,0,2.3636,2.6,2.17,-0.2903,2,"MUN,MUN","LIV,NFO",AVL-CHE-LIV-MCI-NFO,5,1+1+1+1+1,0,2.4375,100.0,25.0,-0.0529,2.423722,False,
AVL-CHE-MCI-SUN-SUN,4,2+1+1+1,2,2.3636,2.6,2.17,-0.2903,2,"SUN,SUN","LIV,NFO",AVL-CHE-LIV-MCI-NFO,5,1+1+1+1+1,0,2.4375,100.0,25.0,-0.0529,2.423722,False,
AVL-LIV-MCI-MUN-SUN,5,1+1+1+1+1,1,2.3636,2.6,2.17,-0.2,2,"MUN,SUN","CHE,NFO",AVL-CHE-LIV-MCI-NFO,5,1+1+1+1+1,0,2.4375,100.0,25.0,-0.0529,2.423722,False,
CHE-LIV-MCI-MUN-SUN,5,1+1+1+1+1,1,2.3636,2.6,2.17,-0.2,2,"MUN,SUN","AVL,NFO",AVL-CHE-LIV-MCI-NFO,5,1+1+1+1+1,0,2.4375,100.0,25.0,-0.0529,2.423722,False,
AVL-CHE-LIV-MUN-SUN,5,1+1+1+1+1,1,2.3636,2.6,2.17,-0.1903,2,"MUN,SUN","BOU,NFO",AVL-BOU-CHE-LIV-NFO,5,1+1+1+1+1,0,2.4375,100.0,18.8,-0.0994,2.423722,False,
AVL-CHE-MCI-MUN-SUN,5,1+1+1+1+1,1,2.3636,2.6,2.17,-0.1903,2,"MUN,SUN","LIV,NFO",AVL-CHE-LIV-MCI-NFO,5,1+1+1+1+1,0,2.4375,100.0,25.0,-0.0529,2.423722,False,
CHE-LIV-MUN-NFO-NFO,4,2+1+1+1,0,2.4545,2.4,2.5,-0.1655,2,"MUN,NFO","AVL,BOU",AVL-BOU-CHE-LIV-NFO,5,1+1+1+1+1,0,2.4375,100.0,18.8,-0.0994,2.440669,False,
CHE-LIV-NFO-NFO-SUN,4,2+1+1+1,1,2.4545,2.4,2.5,-0.1655,2,"NFO,SUN","AVL,BOU",AVL-BOU-CHE-LIV-NFO,5,1+1+1+1+1,0,2.4375,100.0,18.8,-0.0994,2.440669,False,
CHE-MCI-MUN-NFO-NFO,4,2+1+1+1,0,2.4545,2.4,2.5,-0.1655,2,"MUN,NFO","AVL,LIV",AVL-CHE-LIV-MCI-NFO,5,1+1+1+1+1,0,2.4375,100.0,25.0,-0.0529,2.440669,False,
CHE-MCI-NFO-NFO-SUN,4,2+1+1+1,1,2.4545,2.4,2.5,-0.1655,2,"NFO,SUN","AVL,LIV",AVL-CHE-LIV-MCI-NFO,5,1+1+1+1+1,0,2.4375,100.0,25.0,-0.0529,2.440669,False,
EVE-LIV-MUN-MUN-NFO,4,2+1+1+1,0,2.4545,2.4,2.5,-0.1,2,"MUN,MUN","BOU,CHE",BOU-CHE-EVE-LIV-NFO,5,1+1+1+1+1,0,2.4375,100.0,25.0,-0.0785,2.440669,False,
EVE-LIV-NFO-SUN-SUN,4,2+1+1+1,2,2.4545,2.4,2.5,-0.1,2,"SUN,SUN","BOU,CHE",BOU-CHE-EVE-LIV-NFO,5,1+1+1+1+1,0,2.4375,100.0,25.0,-0.0785,2.440669,False,
LIV-MCI-MUN-NFO-NFO,4,2+1+1+1,0,2.4545,2.4,2.5,-0.1,2,"MUN,NFO","AVL,CHE",AVL-CHE-LIV-MCI-NFO,5,1+1+1+1+1,0,2.4375,100.0,25.0,-0.0529,2.440669,False,
LIV-MCI-NFO-NFO-SUN,4,2+1+1+1,1,2.4545,2.4,2.5,-0.1,2,"NFO,SUN","AVL,CHE",AVL-CHE-LIV-MCI-NFO,5,1+1+1+1+1,0,2.4375,100.0,25.0,-0.0529,2.440669,False,
ARS-LIV-MCI-MUN-NFO,5,1+1+1+1+1,0,2.4545,2.4,2.5,-0.0634,2,"ARS,MUN","AVL,CHE",AVL-CHE-LIV-MCI-NFO,5,1+1+1+1+1,0,2.4375,100.0,25.0,-0.0529,2.440669,False,
ARS-LIV-MCI-NFO-SUN,5,1+1+1+1+1,1,2.4545,2.4,2.5,-0.0634,2,"ARS,SUN","AVL,CHE",AVL-CHE-LIV-MCI-NFO,5,1+1+1+1+1,0,2.4375,100.0,25.0,-0.0529,2.440669,False,
IPS-LIV-MCI-MUN-NFO,5,1+1+1+1+1,0,2.4545,2.4,2.5,-0.0634,2,"IPS,MUN","AVL,CHE",AVL-CHE-LIV-MCI-NFO,5,1+1+1+1+1,0,2.4375,100.0,25.0,-0.0529,2.440669,False,
ARS-CHE-LIV-MUN-NFO,5,1+1+1+1+1,0,2.4545,2.4,2.5,-0.0272,2,"ARS,MUN","AVL,BOU",AVL-BOU-CHE-LIV-NFO,5,1+1+1+1+1,0,2.4375,100.0,18.8,-0.0994,2.440669,False,
ARS-CHE-LIV-NFO-SUN,5,1+1+1+1+1,1,2.4545,2.4,2.5,-0.0272,2,"ARS,SUN","AVL,BOU",AVL-BOU-CHE-LIV-NFO,5,1+1+1+1+1,0,2.4375,100.0,18.8,-0.0994,2.440669,False,
ARS-CHE-MCI-MUN-NFO,5,1+1+1+1+1,0,2.4545,2.4,2.5,-0.0272,2,"ARS,MUN","AVL,LIV",AVL-CHE-LIV-MCI-NFO,5,1+1+1+1+1,0,2.4375,100.0,25.0,-0.0529,2.440669,False,
ARS-CHE-MCI-NFO-SUN,5,1+1+1+1+1,1,2.4545,2.4,2.5,-0.0272,2,"ARS,SUN","AVL,LIV",AVL-CHE-LIV-MCI-NFO,5,1+1+1+1+1,0,2.4375,100.0,25.0,-0.0529,2.440669,False,
CHE-IPS-LIV-MUN-NFO,5,1+1+1+1+1,0,2.4545,2.4,2.5,-0.0272,2,"IPS,MUN","AVL,BOU",AVL-BOU-CHE-LIV-NFO,5,1+1+1+1+1,0,2.4375,100.0,18.8,-0.0994,2.440669,False,
CHE-IPS-MCI-MUN-NFO,5,1+1+1+1+1,0,2.4545,2.4,2.5,-0.0272,2,"IPS,MUN","AVL,LIV",AVL-CHE-LIV-MCI-NFO,5,1+1+1+1+1,0,2.4375,100.0,25.0,-0.0529,2.440669,False,
EVE-LIV-MUN-NFO-SUN,5,1+1+1+1+1,1,2.4545,2.4,2.5,0.0,2,"MUN,SUN","BOU,CHE",BOU-CHE-EVE-LIV-NFO,5,1+1+1+1+1,0,2.4375,100.0,25.0,-0.0785,2.440669,False,
CHE-EVE-MUN-MUN-NFO,4,2+1+1+1,0,2.4545,2.4,2.5,0.4507,2,"MUN,MUN","BOU,LIV",BOU-CHE-EVE-LIV-NFO,5,1+1+1+1+1,0,2.4375,100.0,25.0,-0.0785,2.440669,False,
CHE-EVE-NFO-SUN-SUN,4,2+1+1+1,2,2.4545,2.4,2.5,0.4507,2,"SUN,SUN","BOU,LIV",BOU-CHE-EVE-LIV-NFO,5,1+1+1+1+1,0,2.4375,100.0,25.0,-0.0785,2.440669,False,
CHE-EVE-MUN-NFO-SUN,5,1+1+1+1+1,1,2.4545,2.4,2.5,0.5507,2,"MUN,SUN","BOU,LIV",BOU-CHE-EVE-LIV-NFO,5,1+1+1+1+1,0,2.4375,100.0,25.0,-0.0785,2.440669,False,
CHE-LIV-LIV-MUN-NFO,4,2+1+1+1,0,2.4545,2.6,2.33,-0.3272,2,"LIV,MUN","AVL,BOU",AVL-BOU-CHE-LIV-NFO,5,1+1+1+1+1,0,2.4375,100.0,18.8,-0.0994,2.440669,False,
CHE-LIV-LIV-NFO-SUN,4,2+1+1+1,1,2.4545,2.6,2.33,-0.3272,2,"LIV,SUN","AVL,BOU",AVL-BOU-CHE-LIV-NFO,5,1+1+1+1+1,0,2.4375,100.0,18.8,-0.0994,2.440669,False,
CHE-MCI-MCI-MUN-NFO,4,2+1+1+1,0,2.4545,2.6,2.33,-0.3272,2,"MCI,MUN","AVL,LIV",AVL-CHE-LIV-MCI-NFO,5,1+1+1+1+1,0,2.4375,100.0,25.0,-0.0529,2.440669,False,
CHE-MCI-MCI-NFO-SUN,4,2+1+1+1,1,2.4545,2.6,2.33,-0.3272,2,"MCI,SUN","AVL,LIV",AVL-CHE-LIV-MCI-NFO,5,1+1+1+1+1,0,2.4375,100.0,25.0,-0.0529,2.440669,False,
LIV-MCI-MUN-NFO-TOT,5,1+1+1+1+1,0,2.4545,2.6,2.33,-0.2366,2,"MUN,TOT","AVL,CHE",AVL-CHE-LIV-MCI-NFO,5,1+1+1+1+1,0,2.4375,100.0,25.0,-0.0529,2.440669,False,
LIV-MCI-NFO-TOT-SUN,5,1+1+1+1+1,1,2.4545,2.6,2.33,-0.2366,2,"SUN,TOT","AVL,CHE",AVL-CHE-LIV-MCI-NFO,5,1+1+1+1+1,0,2.4375,100.0,25.0,-0.0529,2.440669,False,
BRE-CHE-LIV-MUN-NFO,5,1+1+1+1+1,0,2.4545,2.6,2.33,-0.2272,2,"BRE,MUN","AVL,BOU",AVL-BOU-CHE-LIV-NFO,5,1+1+1+1+1,0,2.4375,100.0,18.8,-0.0994,2.440669,False,
BRE-CHE-LIV-NFO-SUN,5,1+1+1+1+1,1,2.4545,2.6,2.33,-0.2272,2,"BRE,SUN","AVL,BOU",AVL-BOU-CHE-LIV-NFO,5,1+1+1+1+1,0,2.4375,100.0,18.8,-0.0994,2.440669,False,
BRE-CHE-MCI-MUN-NFO,5,1+1+1+1+1,0,2.4545,2.6,2.33,-0.2272,2,"BRE,MUN","AVL,LIV",AVL-CHE-LIV-MCI-NFO,5,1+1+1+1+1,0,2.4375,100.0,25.0,-0.0529,2.440669,False,
BRE-CHE-MCI-NFO-SUN,5,1+1+1+1+1,1,2.4545,2.6,2.33,-0.2272,2,"BRE,SUN","AVL,LIV",AVL-CHE-LIV-MCI-NFO,5,1+1+1+1+1,0,2.4375,100.0,25.0,-0.0529,2.440669,False,
CHE-LIV-MCI-MUN-NFO,5,1+1+1+1+1,0,2.4545,2.6,2.33,-0.2272,2,"MCI,MUN","AVL,BOU",AVL-BOU-CHE-LIV-NFO,5,1+1+1+1+1,0,2.4375,100.0,18.8,-0.0994,2.440669,False,
CHE-LIV-MCI-NFO-SUN,5,1+1+1+1+1,1,2.4545,2.6,2.33,-0.2272,2,"MCI,SUN","AVL,BOU",AVL-BOU-CHE-LIV-NFO,5,1+1+1+1+1,0,2.4375,100.0,18.8,-0.0994,2.440669,False,
ARS-CHE-LIV-MCI-MUN,5,1+1+1+1+1,0,2.4545,2.6,2.33,-0.2256,2,"ARS,MUN","AVL,NFO",AVL-CHE-LIV-MCI-NFO,5,1+1+1+1+1,0,2.4375,100.0,25.0,-0.0529,2.440669,False,
ARS-CHE-LIV-MCI-SUN,5,1+1+1+1+1,1,2.4545,2.6,2.33,-0.2256,2,"ARS,SUN","AVL,NFO",AVL-CHE-LIV-MCI-NFO,5,1+1+1+1+1,0,2.4375,100.0,25.0,-0.0529,2.440669,False,
CHE-IPS-LIV-MCI-MUN,5,1+1+1+1+1,0,2.4545,2.6,2.33,-0.2256,2,"IPS,MUN","AVL,NFO",AVL-CHE-LIV-MCI-NFO,5,1+1+1+1+1,0,2.4375,100.0,25.0,-0.0529,2.440669,False,
AVL-LIV-MUN-NFO-TOT,5,1+1+1+1+1,0,2.4545,2.6,2.33,-0.2232,2,"MUN,TOT","BOU,CHE",AVL-BOU-CHE-LIV-NFO,5,1+1+1+1+1,0,2.4375,100.0,18.8,-0.0994,2.440669,False,
AVL-LIV-NFO-TOT-SUN,5,1+1+1+1+1,1,2.4545,2.6,2.33,-0.2232,2,"SUN,TOT","BOU,CHE",AVL-BOU-CHE-LIV-NFO,5,1+1+1+1+1,0,2.4375,100.0,18.8,-0.0994,2.440669,False,
AVL-MCI-MUN-NFO-TOT,5,1+1+1+1+1,0,2.4545,2.6,2.33,-0.2232,2,"MUN,TOT","CHE,LIV",AVL-CHE-LIV-MCI-NFO,5,1+1+1+1+1,0,2.4375,100.0,25.0,-0.0529,2.440669,False,
AVL-MCI-NFO-TOT-SUN,5,1+1+1+1+1,1,2.4545,2.6,2.33,-0.2232,2,"SUN,TOT","CHE,LIV",AVL-CHE-LIV-MCI-NFO,5,1+1+1+1+1,0,2.4375,100.0,25.0,-0.0529,2.440669,False,
AVL-BRE-CHE-MUN-NFO,5,1+1+1+1+1,0,2.4545,2.6,2.33,-0.1809,2,"BRE,MUN","BOU,LIV",AVL-BOU-CHE-LIV-NFO,5,1+1+1+1+1,0,2.4375,100.0,18.8,-0.0994,2.440669,False,
AVL-BRE-CHE-NFO-SUN,5,1+1+1+1+1,1,2.4545,2.6,2.33,-0.1809,2,"BRE,SUN","BOU,LIV",AVL-BOU-CHE-LIV-NFO,5,1+1+1+1+1,0,2.4375,100.0,18.8,-0.0994,2.440669,False,
AVL-CHE-LIV-MUN-NFO,5,1+1+1+1+1,0,2.4545,2.6,2.33,-0.1809,1,MUN,BOU,AVL-BOU-CHE-LIV-NFO,5,1+1+1+1+1,0,2.4375,100.0,18.8,-0.0994,2.440669,False,
AVL-CHE-LIV-NFO-SUN,5,1+1+1+1+1,1,2.4545,2.6,2.33,-0.1809,1,SUN,BOU,AVL-BOU-CHE-LIV-NFO,5,1+1+1+1+1,0,2.4375,100.0,18.8,-0.0994,2.440669,False,
AVL-CHE-MCI-MUN-NFO,5,1+1+1+1+1,0,2.4545,2.6,2.33,-0.1809,2,"MCI,MUN","BOU,LIV",AVL-BOU-CHE-LIV-NFO,5,1+1+1+1+1,0,2.4375,100.0,18.8,-0.0994,2.440669,False,
AVL-CHE-MCI-NFO-SUN,5,1+1+1+1+1,1,2.4545,2.6,2.33,-0.1809,2,"MCI,SUN","BOU,LIV",AVL-BOU-CHE-LIV-NFO,5,1+1+1+1+1,0,2.4375,100.0,18.8,-0.0994,2.440669,False,
BHA-CHE-LIV-MUN-NFO,5,1+1+1+1+1,0,2.4545,2.6,2.33,-0.1809,2,"BHA,MUN","AVL,BOU",AVL-BOU-CHE-LIV-NFO,5,1+1+1+1+1,0,2.4375,100.0,18.8,-0.0994,2.440669,False,
BHA-CHE-LIV-NFO-SUN,5,1+1+1+1+1,1,2.4545,2.6,2.33,-0.1809,2,"BHA,SUN","AVL,BOU",AVL-BOU-CHE-LIV-NFO,5,1+1+1+1+1,0,2.4375,100.0,18.8,-0.0994,2.440669,False,
BHA-CHE-MCI-MUN-NFO,5,1+1+1+1+1,0,2.4545,2.6,2.33,-0.1809,2,"BHA,MUN","AVL,LIV",AVL-CHE-LIV-MCI-NFO,5,1+1+1+1+1,0,2.4375,100.0,25.0,-0.0529,2.440669,False,
BHA-CHE-MCI-NFO-SUN,5,1+1+1+1+1,1,2.4545,2.6,2.33,-0.1809,2,"BHA,SUN","AVL,LIV",AVL-CHE-LIV-MCI-NFO,5,1+1+1+1+1,0,2.4375,100.0,25.0,-0.0529,2.440669,False,
ARS-AVL-CHE-LIV-MUN,5,1+1+1+1+1,0,2.4545,2.6,2.33,-0.1793,2,"ARS,MUN","BOU,NFO",AVL-BOU-CHE-LIV-NFO,5,1+1+1+1+1,0,2.4375,100.0,18.8,-0.0994,2.440669,False,
ARS-AVL-CHE-LIV-SUN,5,1+1+1+1+1,1,2.4545,2.6,2.33,-0.1793,2,"ARS,SUN","BOU,NFO",AVL-BOU-CHE-LIV-NFO,5,1+1+1+1+1,0,2.4375,100.0,18.8,-0.0994,2.440669,False,
ARS-AVL-CHE-MCI-MUN,5,1+1+1+1+1,0,2.4545,2.6,2.33,-0.1793,2,"ARS,MUN","LIV,NFO",AVL-CHE-LIV-MCI-NFO,5,1+1+1+1+1,0,2.4375,100.0,25.0,-0.0529,2.440669,False,
ARS-AVL-CHE-MCI-SUN,5,1+1+1+1+1,1,2.4545,2.6,2.33,-0.1793,2,"ARS,SUN","LIV,NFO",AVL-CHE-LIV-MCI-NFO,5,1+1+1+1+1,0,2.4375,100.0,25.0,-0.0529,2.440669,False,
AVL-CHE-IPS-LIV-MUN,5,1+1+1+1+1,0,2.4545,2.6,2.33,-0.1793,2,"IPS,MUN","BOU,NFO",AVL-BOU-CHE-LIV-NFO,5,1+1+1+1+1,0,2.4375,100.0,18.8,-0.0994,2.440669,False,
AVL-CHE-IPS-MCI-MUN,5,1+1+1+1+1,0,2.4545,2.6,2.33,-0.1793,2,"IPS,MUN","LIV,NFO",AVL-CHE-LIV-MCI-NFO,5,1+1+1+1+1,0,2.4375,100.0,25.0,-0.0529,2.440669,False,
CHE-CHE-LIV-MUN-NFO,4,2+1+1+1,0,2.4545,2.6,2.33,-0.1655,2,"CHE,MUN","AVL,BOU",AVL-BOU-CHE-LIV-NFO,5,1+1+1+1+1,0,2.4375,100.0,18.8,-0.0994,2.440669,False,
CHE-CHE-LIV-NFO-SUN,4,2+1+1+1,1,2.4545,2.6,2.33,-0.1655,2,"CHE,SUN","AVL,BOU",AVL-BOU-CHE-LIV-NFO,5,1+1+1+1+1,0,2.4375,100.0,18.8,-0.0994,2.440669,False,
CHE-CHE-MCI-MUN-NFO,4,2+1+1+1,0,2.4545,2.6,2.33,-0.1655,2,"CHE,MUN","AVL,LIV",AVL-CHE-LIV-MCI-NFO,5,1+1+1+1+1,0,2.4375,100.0,25.0,-0.0529,2.440669,False,
CHE-CHE-MCI-NFO-SUN,4,2+1+1+1,1,2.4545,2.6,2.33,-0.1655,2,"CHE,SUN","AVL,LIV",AVL-CHE-LIV-MCI-NFO,5,1+1+1+1+1,0,2.4375,100.0,25.0,-0.0529,2.440669,False,
CHE-LIV-MUN-NFO-TOT,5,1+1+1+1+1,0,2.4545,2.6,2.33,-0.1437,2,"MUN,TOT","AVL,BOU",AVL-BOU-CHE-LIV-NFO,5,1+1+1+1+1,0,2.4375,100.0,18.8,-0.0994,2.440669,False,
CHE-LIV-NFO-TOT-SUN,5,1+1+1+1+1,1,2.4545,2.6,2.33,-0.1437,2,"SUN,TOT","AVL,BOU",AVL-BOU-CHE-LIV-NFO,5,1+1+1+1+1,0,2.4375,100.0,18.8,-0.0994,2.440669,False,
CHE-MCI-MUN-NFO-TOT,5,1+1+1+1+1,0,2.4545,2.6,2.33,-0.1437,2,"MUN,TOT","AVL,LIV",AVL-CHE-LIV-MCI-NFO,5,1+1+1+1+1,0,2.4375,100.0,25.0,-0.0529,2.440669,False,
CHE-MCI-NFO-TOT-SUN,5,1+1+1+1+1,1,2.4545,2.6,2.33,-0.1437,2,"SUN,TOT","AVL,LIV",AVL-CHE-LIV-MCI-NFO,5,1+1+1+1+1,0,2.4375,100.0,25.0,-0.0529,2.440669,False,
AVL-CHE-MUN-NFO-TOT,5,1+1+1+1+1,0,2.4545,2.6,2.33,-0.1207,2,"MUN,TOT","BOU,LIV",AVL-BOU-CHE-LIV-NFO,5,1+1+1+1+1,0,2.4375,100.0,18.8,-0.0994,2.440669,False,
AVL-CHE-NFO-TOT-SUN,5,1+1+1+1+1,1,2.4545,2.6,2.33,-0.1207,2,"SUN,TOT","BOU,LIV",AVL-BOU-CHE-LIV-NFO,5,1+1+1+1+1,0,2.4375,100.0,18.8,-0.0994,2.440669,False,
AVL-CHE-CHE-MUN-NFO,4,2+1+1+1,0,2.4545,2.6,2.33,-0.1095,2,"CHE,MUN","BOU,LIV",AVL-BOU-CHE-LIV-NFO,5,1+1+1+1+1,0,2.4375,100.0,18.8,-0.0994,2.440669,False,
AVL-CHE-CHE-NFO-SUN,4,2+1+1+1,1,2.4545,2.6,2.33,-0.1095,2,"CHE,SUN","BOU,LIV",AVL-BOU-CHE-LIV-NFO,5,1+1+1+1+1,0,2.4375,100.0,18.8,-0.0994,2.440669,False,
LIV-LIV-MCI-MUN-NFO,4,2+1+1+1,0,2.4545,2.6,2.33,-0.1,2,"LIV,MUN","AVL,CHE",AVL-CHE-LIV-MCI-NFO,5,1+1+1+1+1,0,2.4375,100.0,25.0,-0.0529,2.440669,False,
LIV-LIV-MCI-NFO-SUN,4,2+1+1+1,1,2.4545,2.6,2.33,-0.1,2,"LIV,SUN","AVL,CHE",AVL-CHE-LIV-MCI-NFO,5,1+1+1+1+1,0,2.4375,100.0,25.0,-0.0529,2.440669,False,
LIV-MCI-MCI-MUN-NFO,4,2+1+1+1,0,2.4545,2.6,2.33,-0.1,2,"MCI,MUN","AVL,CHE",AVL-CHE-LIV-MCI-NFO,5,1+1+1+1+1,0,2.4375,100.0,25.0,-0.0529,2.440669,False,
LIV-MCI-MCI-NFO-SUN,4,2+1+1+1,1,2.4545,2.6,2.33,-0.1,2,"MCI,SUN","AVL,CHE",AVL-CHE-LIV-MCI-NFO,5,1+1+1+1+1,0,2.4375,100.0,25.0,-0.0529,2.440669,False,
ARS-AVL-LIV-MCI-MUN,5,1+1+1+1+1,0,2.4545,2.6,2.33,-0.0634,2,"ARS,MUN","CHE,NFO",AVL-CHE-LIV-MCI-NFO,5,1+1+1+1+1,0,2.4375,100.0,25.0,-0.0529,2.440669,False,
ARS-AVL-LIV-MCI-SUN,5,1+1+1+1+1,1,2.4545,2.6,2.33,-0.0634,2,"ARS,SUN","CHE,NFO",AVL-CHE-LIV-MCI-NFO,5,1+1+1+1+1,0,2.4375,100.0,25.0,-0.0529,2.440669,False,
AVL-IPS-LIV-MCI-MUN,5,1+1+1+1+1,0,2.4545,2.6,2.33,-0.0634,2,"IPS,MUN","CHE,NFO",AVL-CHE-LIV-MCI-NFO,5,1+1+1+1+1,0,2.4375,100.0,25.0,-0.0529,2.440669,False,
AVL-LIV-LIV-MUN-NFO,4,2+1+1+1,0,2.4545,2.6,2.33,-0.0634,2,"LIV,MUN","BOU,CHE",AVL-BOU-CHE-LIV-NFO,5,1+1+1+1+1,0,2.4375,100.0,18.8,-0.0994,2.440669,False,
AVL-LIV-LIV-NFO-SUN,4,2+1+1+1,1,2.4545,2.6,2.33,-0.0634,2,"LIV,SUN","BOU,CHE",AVL-BOU-CHE-LIV-NFO,5,1+1+1+1+1,0,2.4375,100.0,18.8,-0.0994,2.440669,False,
AVL-MCI-MCI-MUN-NFO,4,2+1+1+1,0,2.4545,2.6,2.33,-0.0634,2,"MCI,MUN","CHE,LIV",AVL-CHE-LIV-MCI-NFO,5,1+1+1+1+1,0,2.4375,100.0,25.0,-0.0529,2.440669,False,
AVL-MCI-MCI-NFO-SUN,4,2+1+1+1,1,2.4545,2.6,2.33,-0.0634,2,"MCI,SUN","CHE,LIV",AVL-CHE-LIV-MCI-NFO,5,1+1+1+1+1,0,2.4375,100.0,25.0,-0.0529,2.440669,False,
BRE-LIV-MCI-MUN-NFO,5,1+1+1+1+1,0,2.4545,2.6,2.33,0.0,2,"BRE,MUN","AVL,CHE",AVL-CHE-LIV-MCI-NFO,5,1+1+1+1+1,0,2.4375,100.0,25.0,-0.0529,2.440669,False,
BRE-LIV-MCI-NFO-SUN,5,1+1+1+1+1,1,2.4545,2.6,2.33,0.0,2,"BRE,SUN","AVL,CHE",AVL-CHE-LIV-MCI-NFO,5,1+1+1+1+1,0,2.4375,100.0,25.0,-0.0529,2.440669,False,
AVL-BRE-LIV-MUN-NFO,5,1+1+1+1+1,0,2.4545,2.6,2.33,0.0366,2,"BRE,MUN","BOU,CHE",AVL-BOU-CHE-LIV-NFO,5,1+1+1+1+1,0,2.4375,100.0,18.8,-0.0994,2.440669,False,
AVL-BRE-LIV-NFO-SUN,5,1+1+1+1+1,1,2.4545,2.6,2.33,0.0366,2,"BRE,SUN","BOU,CHE",AVL-BOU-CHE-LIV-NFO,5,1+1+1+1+1,0,2.4375,100.0,18.8,-0.0994,2.440669,False,
AVL-BRE-MCI-MUN-NFO,5,1+1+1+1+1,0,2.4545,2.6,2.33,0.0366,2,"BRE,MUN","CHE,LIV",AVL-CHE-LIV-MCI-NFO,5,1+1+1+1+1,0,2.4375,100.0,25.0,-0.0529,2.440669,False,
AVL-BRE-MCI-NFO-SUN,5,1+1+1+1+1,1,2.4545,2.6,2.33,0.0366,2,"BRE,SUN","CHE,LIV",AVL-CHE-LIV-MCI-NFO,5,1+1+1+1+1,0,2.4375,100.0,25.0,-0.0529,2.440669,False,
AVL-LIV-MCI-MUN-NFO,5,1+1+1+1+1,0,2.4545,2.6,2.33,0.0366,2,"MCI,MUN","BOU,CHE",AVL-BOU-CHE-LIV-NFO,5,1+1+1+1+1,0,2.4375,100.0,18.8,-0.0994,2.440669,False,
AVL-LIV-MCI-NFO-SUN,5,1+1+1+1+1,1,2.4545,2.6,2.33,0.0366,2,"MCI,SUN","BOU,CHE",AVL-BOU-CHE-LIV-NFO,5,1+1+1+1+1,0,2.4375,100.0,18.8,-0.0994,2.440669,False,
BHA-LIV-MCI-MUN-NFO,5,1+1+1+1+1,0,2.4545,2.6,2.33,0.0366,2,"BHA,MUN","AVL,CHE",AVL-CHE-LIV-MCI-NFO,5,1+1+1+1+1,0,2.4375,100.0,25.0,-0.0529,2.440669,False,
BHA-LIV-MCI-NFO-SUN,5,1+1+1+1+1,1,2.4545,2.6,2.33,0.0366,2,"BHA,SUN","AVL,CHE",AVL-CHE-LIV-MCI-NFO,5,1+1+1+1+1,0,2.4375,100.0,25.0,-0.0529,2.440669,False,
CHE-EVE-LIV-MUN-MUN,4,2+1+1+1,0,2.4545,2.6,2.33,0.089,2,"MUN,MUN","BOU,NFO",BOU-CHE-EVE-LIV-NFO,5,1+1+1+1+1,0,2.4375,100.0,25.0,-0.0785,2.440669,False,
CHE-EVE-LIV-SUN-SUN,4,2+1+1+1,2,2.4545,2.6,2.33,0.089,2,"SUN,SUN","BOU,NFO",BOU-CHE-EVE-LIV-NFO,5,1+1+1+1+1,0,2.4375,100.0,25.0,-0.0785,2.440669,False,
CHE-EVE-LIV-MUN-SUN,5,1+1+1+1+1,1,2.4545,2.6,2.33,0.189,2,"MUN,SUN","BOU,NFO",BOU-CHE-EVE-LIV-NFO,5,1+1+1+1+1,0,2.4375,100.0,25.0,-0.0785,2.440669,False,
AVL-CHE-LIV-LIV-MUN,4,2+1+1+1,0,2.4545,2.8,2.17,-0.3061,2,"LIV,MUN","BOU,NFO",AVL-BOU-CHE-LIV-NFO,5,1+1+1+1+1,0,2.4375,100.0,18.8,-0.0994,2.440669,False,
AVL-CHE-LIV-LIV-SUN,4,2+1+1+1,1,2.4545,2.8,2.17,-0.3061,2,"LIV,SUN","BOU,NFO",AVL-BOU-CHE-LIV-NFO,5,1+1+1+1+1,0,2.4375,100.0,18.8,-0.0994,2.440669,False,
AVL-CHE-MCI-MCI-MUN,4,2+1+1+1,0,2.4545,2.8,2.17,-0.3061,2,"MCI,MUN","LIV,NFO",AVL-CHE-LIV-MCI-NFO,5,1+1+1+1+1,0,2.4375,100.0,25.0,-0.0529,2.440669,False,
AVL-CHE-MCI-MCI-SUN,4,2+1+1+1,1,2.4545,2.8,2.17,-0.3061,2,"MCI,SUN","LIV,NFO",AVL-CHE-LIV-MCI-NFO,5,1+1+1+1+1,0,2.4375,100.0,25.0,-0.0529,2.440669,False,
AVL-AVL-CHE-LIV-MUN,4,2+1+1+1,0,2.4545,2.8,2.17,-0.2964,2,"AVL,MUN","BOU,NFO",AVL-BOU-CHE-LIV-NFO,5,1+1+1+1+1,0,2.4375,100.0,18.8,-0.0994,2.440669,False,
AVL-AVL-CHE-LIV-SUN,4,2+1+1+1,1,2.4545,2.8,2.17,-0.2964,2,"AVL,SUN","BOU,NFO",AVL-BOU-CHE-LIV-NFO,5,1+1+1+1+1,0,2.4375,100.0,18.8,-0.0994,2.440669,False,
AVL-AVL-CHE-MCI-MUN,4,2+1+1+1,0,2.4545,2.8,2.17,-0.2964,2,"AVL,MUN","LIV,NFO",AVL-CHE-LIV-MCI-NFO,5,1+1+1+1+1,0,2.4375,100.0,25.0,-0.0529,2.440669,False,
AVL-AVL-CHE-MCI-SUN,4,2+1+1+1,1,2.4545,2.8,2.17,-0.2964,2,"AVL,SUN","LIV,NFO",AVL-CHE-LIV-MCI-NFO,5,1+1+1+1+1,0,2.4375,100.0,25.0,-0.0529,2.440669,False,
AVL-CHE-CHE-LIV-MUN,4,2+1+1+1,0,2.4545,2.8,2.17,-0.2964,2,"CHE,MUN","BOU,NFO",AVL-BOU-CHE-LIV-NFO,5,1+1+1+1+1,0,2.4375,100.0,18.8,-0.0994,2.440669,False,
AVL-CHE-CHE-LIV-SUN,4,2+1+1+1,1,2.4545,2.8,2.17,-0.2964,2,"CHE,SUN","BOU,NFO",AVL-BOU-CHE-LIV-NFO,5,1+1+1+1+1,0,2.4375,100.0,18.8,-0.0994,2.440669,False,
AVL-CHE-CHE-MCI-MUN,4,2+1+1+1,0,2.4545,2.8,2.17,-0.2964,2,"CHE,MUN","LIV,NFO",AVL-CHE-LIV-MCI-NFO,5,1+1+1+1+1,0,2.4375,100.0,25.0,-0.0529,2.440669,False,
AVL-CHE-CHE-MCI-SUN,4,2+1+1+1,1,2.4545,2.8,2.17,-0.2964,2,"CHE,SUN","LIV,NFO",AVL-CHE-LIV-MCI-NFO,5,1+1+1+1+1,0,2.4375,100.0,25.0,-0.0529,2.440669,False,
CHE-CHE-LIV-MCI-MUN,4,2+1+1+1,0,2.4545,2.8,2.17,-0.289,2,"CHE,MUN","AVL,NFO",AVL-CHE-LIV-MCI-NFO,5,1+1+1+1+1,0,2.4375,100.0,25.0,-0.0529,2.440669,False,
CHE-CHE-LIV-MCI-SUN,4,2+1+1+1,1,2.4545,2.8,2.17,-0.289,2,"CHE,SUN","AVL,NFO",AVL-CHE-LIV-MCI-NFO,5,1+1+1+1+1,0,2.4375,100.0,25.0,-0.0529,2.440669,False,
CHE-LIV-LIV-MCI-MUN,4,2+1+1+1,0,2.4545,2.8,2.17,-0.289,2,"LIV,MUN","AVL,NFO",AVL-CHE-LIV-MCI-NFO,5,1+1+1+1+1,0,2.4375,100.0,25.0,-0.0529,2.440669,False,
CHE-LIV-LIV-MCI-SUN,4,2+1+1+1,1,2.4545,2.8,2.17,-0.289,2,"LIV,SUN","AVL,NFO",AVL-CHE-LIV-MCI-NFO,5,1+1+1+1+1,0,2.4375,100.0,25.0,-0.0529,2.440669,False,
CHE-LIV-MCI-MCI-MUN,4,2+1+1+1,0,2.4545,2.8,2.17,-0.289,2,"MCI,MUN","AVL,NFO",AVL-CHE-LIV-MCI-NFO,5,1+1+1+1+1,0,2.4375,100.0,25.0,-0.0529,2.440669,False,
CHE-LIV-MCI-MCI-SUN,4,2+1+1+1,1,2.4545,2.8,2.17,-0.289,2,"MCI,SUN","AVL,NFO",AVL-CHE-LIV-MCI-NFO,5,1+1+1+1+1,0,2.4375,100.0,25.0,-0.0529,2.440669,False,
AVL-CHE-LIV-MUN-TOT,5,1+1+1+1+1,0,2.4545,2.8,2.17,-0.2092,2,"MUN,TOT","BOU,NFO",AVL-BOU-CHE-LIV-NFO,5,1+1+1+1+1,0,2.4375,100.0,18.8,-0.0994,2.440669,False,
AVL-CHE-LIV-TOT-SUN,5,1+1+1+1+1,1,2.4545,2.8,2.17,-0.2092,2,"SUN,TOT","BOU,NFO",AVL-BOU-CHE-LIV-NFO,5,1+1+1+1+1,0,2.4375,100.0,18.8,-0.0994,2.440669,False,
AVL-CHE-MCI-MUN-TOT,5,1+1+1+1+1,0,2.4545,2.8,2.17,-0.2092,2,"MUN,TOT","LIV,NFO",AVL-CHE-LIV-MCI-NFO,5,1+1+1+1+1,0,2.4375,100.0,25.0,-0.0529,2.440669,False,
AVL-CHE-MCI-TOT-SUN,5,1+1+1+1+1,1,2.4545,2.8,2.17,-0.2092,2,"SUN,TOT","LIV,NFO",AVL-CHE-LIV-MCI-NFO,5,1+1+1+1+1,0,2.4375,100.0,25.0,-0.0529,2.440669,False,
AVL-BRE-CHE-LIV-MUN,5,1+1+1+1+1,0,2.4545,2.8,2.17,-0.2061,2,"BRE,MUN","BOU,NFO",AVL-BOU-CHE-LIV-NFO,5,1+1+1+1+1,0,2.4375,100.0,18.8,-0.0994,2.440669,False,
AVL-BRE-CHE-LIV-SUN,5,1+1+1+1+1,1,2.4545,2.8,2.17,-0.2061,2,"BRE,SUN","BOU,NFO",AVL-BOU-CHE-LIV-NFO,5,1+1+1+1+1,0,2.4375,100.0,18.8,-0.0994,2.440669,False,
AVL-BRE-CHE-MCI-MUN,5,1+1+1+1+1,0,2.4545,2.8,2.17,-0.2061,2,"BRE,MUN","LIV,NFO",AVL-CHE-LIV-MCI-NFO,5,1+1+1+1+1,0,2.4375,100.0,25.0,-0.0529,2.440669,False,
AVL-BRE-CHE-MCI-SUN,5,1+1+1+1+1,1,2.4545,2.8,2.17,-0.2061,2,"BRE,SUN","LIV,NFO",AVL-CHE-LIV-MCI-NFO,5,1+1+1+1+1,0,2.4375,100.0,25.0,-0.0529,2.440669,False,
AVL-CHE-LIV-MCI-MUN,5,1+1+1+1+1,0,2.4545,2.8,2.17,-0.2061,2,"MCI,MUN","BOU,NFO",AVL-BOU-CHE-LIV-NFO,5,1+1+1+1+1,0,2.4375,100.0,18.8,-0.0994,2.440669,False,
AVL-CHE-LIV-MCI-SUN,5,1+1+1+1+1,1,2.4545,2.8,2.17,-0.2061,2,"MCI,SUN","BOU,NFO",AVL-BOU-CHE-LIV-NFO,5,1+1+1+1+1,0,2.4375,100.0,18.8,-0.0994,2.440669,False,
BHA-CHE-LIV-MCI-MUN,5,1+1+1+1+1,0,2.4545,2.8,2.17,-0.2061,2,"BHA,MUN","AVL,NFO",AVL-CHE-LIV-MCI-NFO,5,1+1+1+1+1,0,2.4375,100.0,25.0,-0.0529,2.440669,False,
BHA-CHE-LIV-MCI-SUN,5,1+1+1+1+1,1,2.4545,2.8,2.17,-0.2061,2,"BHA,SUN","AVL,NFO",AVL-CHE-LIV-MCI-NFO,5,1+1+1+1+1,0,2.4375,100.0,25.0,-0.0529,2.440669,False,
BRE-CHE-LIV-MCI-MUN,5,1+1+1+1+1,0,2.4545,2.8,2.17,-0.189,2,"BRE,MUN","AVL,NFO",AVL-CHE-LIV-MCI-NFO,5,1+1+1+1+1,0,2.4375,100.0,25.0,-0.0529,2.440669,False,
BRE-CHE-LIV-MCI-SUN,5,1+1+1+1+1,1,2.4545,2.8,2.17,-0.189,2,"BRE,SUN","AVL,NFO",AVL-CHE-LIV-MCI-NFO,5,1+1+1+1+1,0,2.4375,100.0,25.0,-0.0529,2.440669,False,
CHE-LIV-MCI-MUN-TOT,5,1+1+1+1+1,0,2.4545,2.8,2.17,-0.1689,2,"MUN,TOT","AVL,NFO",AVL-CHE-LIV-MCI-NFO,5,1+1+1+1+1,0,2.4375,100.0,25.0,-0.0529,2.440669,False,
CHE-LIV-MCI-TOT-SUN,5,1+1+1+1+1,1,2.4545,2.8,2.17,-0.1689,2,"SUN,TOT","AVL,NFO",AVL-CHE-LIV-MCI-NFO,5,1+1+1+1+1,0,2.4375,100.0,25.0,-0.0529,2.440669,False,
AVL-LIV-MCI-MUN-TOT,5,1+1+1+1+1,0,2.4545,2.8,2.17,-0.15,2,"MUN,TOT","CHE,NFO",AVL-CHE-LIV-MCI-NFO,5,1+1+1+1+1,0,2.4375,100.0,25.0,-0.0529,2.440669,False,
AVL-LIV-MCI-TOT-SUN,5,1+1+1+1+1,1,2.4545,2.8,2.17,-0.15,2,"SUN,TOT","CHE,NFO",AVL-CHE-LIV-MCI-NFO,5,1+1+1+1+1,0,2.4375,100.0,25.0,-0.0529,2.440669,False,
CRY-LIV-MUN-MUN-NFO,4,2+1+1+1,0,2.4545,2.4,2.5,-0.1634,2,"MUN,MUN","BOU,EVE",BOU-CRY-EVE-LIV-NFO,5,1+1+1+1+1,0,2.4583,100.0,18.8,-0.1615,2.457592,False,
CRY-LIV-NFO-SUN-SUN,4,2+1+1+1,2,2.4545,2.4,2.5,-0.1634,2,"SUN,SUN","BOU,EVE",BOU-CRY-EVE-LIV-NFO,5,1+1+1+1+1,0,2.4583,100.0,18.8,-0.1615,2.457592,False,
CRY-LIV-MUN-NFO-SUN,5,1+1+1+1+1,1,2.4545,2.4,2.5,-0.0634,2,"MUN,SUN","BOU,EVE",BOU-CRY-EVE-LIV-NFO,5,1+1+1+1+1,0,2.4583,100.0,18.8,-0.1615,2.457592,False,
CHE-MUN-NFO-NFO-TOT,4,2+1+1+1,0,2.4545,2.4,2.5,-0.0186,2,"MUN,NFO","BOU,FUL",BOU-CHE-FUL-NFO-TOT,5,1+1+1+1+1,0,2.4583,100.0,12.5,-0.1278,2.457592,False,
CHE-NFO-NFO-TOT-SUN,4,2+1+1+1,1,2.4545,2.4,2.5,-0.0186,2,"NFO,SUN","BOU,FUL",BOU-CHE-FUL-NFO-TOT,5,1+1+1+1+1,0,2.4583,100.0,12.5,-0.1278,2.457592,False,
ARS-CHE-MUN-NFO-TOT,5,1+1+1+1+1,0,2.4545,2.4,2.5,0.2062,2,"ARS,MUN","BOU,FUL",BOU-CHE-FUL-NFO-TOT,5,1+1+1+1+1,0,2.4583,100.0,12.5,-0.1278,2.457592,False,
ARS-CHE-NFO-TOT-SUN,5,1+1+1+1+1,1,2.4545,2.4,2.5,0.2062,2,"ARS,SUN","BOU,FUL",BOU-CHE-FUL-NFO-TOT,5,1+1+1+1+1,0,2.4583,100.0,12.5,-0.1278,2.457592,False,
CHE-IPS-MUN-NFO-TOT,5,1+1+1+1+1,0,2.4545,2.4,2.5,0.2062,2,"IPS,MUN","BOU,FUL",BOU-CHE-FUL-NFO-TOT,5,1+1+1+1+1,0,2.4583,100.0,12.5,-0.1278,2.457592,False,
CHE-MUN-MUN-NFO-TOT,4,2+1+1+1,0,2.4545,2.4,2.5,0.2452,2,"MUN,MUN","BOU,FUL",BOU-CHE-FUL-NFO-TOT,5,1+1+1+1+1,0,2.4583,100.0,12.5,-0.1278,2.457592,False,
CHE-NFO-TOT-SUN-SUN,4,2+1+1+1,2,2.4545,2.4,2.5,0.2452,2,"SUN,SUN","BOU,FUL",BOU-CHE-FUL-NFO-TOT,5,1+1+1+1+1,0,2.4583,100.0,12.5,-0.1278,2.457592,False,
CHE-MUN-NFO-TOT-SUN,5,1+1+1+1+1,1,2.4545,2.4,2.5,0.3452,2,"MUN,SUN","BOU,FUL",BOU-CHE-FUL-NFO-TOT,5,1+1+1+1+1,0,2.4583,100.0,12.5,-0.1278,2.457592,False,
EVE-LIV-MCI-MUN-MUN,4,2+1+1+1,0,2.4545,2.6,2.33,-0.3,2,"MUN,MUN","CHE,NEW",CHE-EVE-LIV-MCI-NEW,5,1+1+1+1+1,0,2.4583,100.0,12.5,-0.1204,2.457592,False,
EVE-LIV-MCI-SUN-SUN,4,2+1+1+1,2,2.4545,2.6,2.33,-0.3,2,"SUN,SUN","CHE,NEW",CHE-EVE-LIV-MCI-NEW,5,1+1+1+1+1,0,2.4583,100.0,12.5,-0.1204,2.457592,False,
AVL-LEE-LIV-MUN-MUN,4,2+1+1+1,0,2.4545,2.6,2.33,-0.2866,2,"MUN,MUN","CHE,NFO",AVL-CHE-LEE-LIV-NFO,5,1+1+1+1+1,0,2.4583,100.0,18.8,-0.0971,2.457592,False,
AVL-LEE-LIV-SUN-SUN,4,2+1+1+1,2,2.4545,2.6,2.33,-0.2866,2,"SUN,SUN","CHE,NFO",AVL-CHE-LEE-LIV-NFO,5,1+1+1+1+1,0,2.4583,100.0,18.8,-0.0971,2.457592,False,
AVL-LEE-MCI-MUN-MUN,4,2+1+1+1,0,2.4545,2.6,2.33,-0.2866,2,"MUN,MUN","COV,FUL",AVL-COV-FUL-LEE-MCI,5,1+1+1+1+1,0,2.4583,100.0,6.2,-0.201,2.457592,False,
AVL-LEE-MCI-SUN-SUN,4,2+1+1+1,2,2.4545,2.6,2.33,-0.2866,2,"SUN,SUN","COV,FUL",AVL-COV-FUL-LEE-MCI,5,1+1+1+1+1,0,2.4583,100.0,6.2,-0.201,2.457592,False,
EVE-LIV-MCI-MUN-SUN,5,1+1+1+1+1,1,2.4545,2.6,2.33,-0.2,2,"MUN,SUN","CHE,NEW",CHE-EVE-LIV-MCI-NEW,5,1+1+1+1+1,0,2.4583,100.0,12.5,-0.1204,2.457592,False,
AVL-LEE-LIV-MUN-SUN,5,1+1+1+1+1,1,2.4545,2.6,2.33,-0.1866,2,"MUN,SUN","CHE,NFO",AVL-CHE-LEE-LIV-NFO,5,1+1+1+1+1,0,2.4583,100.0,18.8,-0.0971,2.457592,False,
AVL-LEE-MCI-MUN-SUN,5,1+1+1+1+1,1,2.4545,2.6,2.33,-0.1866,2,"MUN,SUN","COV,FUL",AVL-COV-FUL-LEE-MCI,5,1+1+1+1+1,0,2.4583,100.0,6.2,-0.201,2.457592,False,
BHA-CHE-MUN-NFO-TOT,5,1+1+1+1+1,0,2.4545,2.6,2.33,-0.1207,2,"BHA,MUN","BOU,FUL",BOU-CHE-FUL-NFO-TOT,5,1+1+1+1+1,0,2.4583,100.0,12.5,-0.1278,2.457592,False,
BHA-CHE-NFO-TOT-SUN,5,1+1+1+1+1,1,2.4545,2.6,2.33,-0.1207,2,"BHA,SUN","BOU,FUL",BOU-CHE-FUL-NFO-TOT,5,1+1+1+1+1,0,2.4583,100.0,12.5,-0.1278,2.457592,False,
CHE-LEE-LIV-MUN-MUN,4,2+1+1+1,0,2.4545,2.6,2.33,-0.1055,2,"MUN,MUN","AVL,NFO",AVL-CHE-LEE-LIV-NFO,5,1+1+1+1+1,0,2.4583,100.0,18.8,-0.0971,2.457592,False,
CHE-LEE-LIV-SUN-SUN,4,2+1+1+1,2,2.4545,2.6,2.33,-0.1055,2,"SUN,SUN","AVL,NFO",AVL-CHE-LEE-LIV-NFO,5,1+1+1+1+1,0,2.4583,100.0,18.8,-0.0971,2.457592,False,
AVL-CHE-LEE-MUN-MUN,4,2+1+1+1,0,2.4545,2.6,2.33,-0.0824,2,"MUN,MUN","LIV,NFO",AVL-CHE-LEE-LIV-NFO,5,1+1+1+1+1,0,2.4583,100.0,18.8,-0.0971,2.457592,False,
AVL-CHE-LEE-SUN-SUN,4,2+1+1+1,2,2.4545,2.6,2.33,-0.0824,2,"SUN,SUN","LIV,NFO",AVL-CHE-LEE-LIV-NFO,5,1+1+1+1+1,0,2.4583,100.0,18.8,-0.0971,2.457592,False,
CHE-LEE-LIV-MUN-SUN,5,1+1+1+1+1,1,2.4545,2.6,2.33,-0.0055,2,"MUN,SUN","AVL,NFO",AVL-CHE-LEE-LIV-NFO,5,1+1+1+1+1,0,2.4583,100.0,18.8,-0.0971,2.457592,False,
AVL-CHE-LEE-MUN-SUN,5,1+1+1+1+1,1,2.4545,2.6,2.33,0.0176,2,"MUN,SUN","LIV,NFO",AVL-CHE-LEE-LIV-NFO,5,1+1+1+1+1,0,2.4583,100.0,18.8,-0.0971,2.457592,False,
CHE-EVE-MCI-MUN-MUN,4,2+1+1+1,0,2.4545,2.6,2.33,0.089,2,"MUN,MUN","LIV,NEW",CHE-EVE-LIV-MCI-NEW,5,1+1+1+1+1,0,2.4583,100.0,12.5,-0.1204,2.457592,False,
CHE-EVE-MCI-SUN-SUN,4,2+1+1+1,2,2.4545,2.6,2.33,0.089,2,"SUN,SUN","LIV,NEW",CHE-EVE-LIV-MCI-NEW,5,1+1+1+1+1,0,2.4583,100.0,12.5,-0.1204,2.457592,False,
CHE-EVE-MCI-MUN-SUN,5,1+1+1+1+1,1,2.4545,2.6,2.33,0.189,2,"MUN,SUN","LIV,NEW",CHE-EVE-LIV-MCI-NEW,5,1+1+1+1+1,0,2.4583,100.0,12.5,-0.1204,2.457592,False,
MCI-MUN-MUN-NFO-SUN,4,2+1+1+1,1,2.2727,2.2,2.33,-0.1,2,"MUN,MUN","BHA,LIV",BHA-LIV-MCI-NFO-SUN,5,1+1+1+1+1,1,2.5,93.8,18.8,-0.126,2.457622,False,
MCI-MUN-NFO-SUN-SUN,4,2+1+1+1,2,2.2727,2.2,2.33,-0.1,2,"MUN,SUN","BHA,LIV",BHA-LIV-MCI-NFO-SUN,5,1+1+1+1+1,1,2.5,93.8,18.8,-0.126,2.457622,False,
EVE-LIV-MUN-NFO-NFO,4,2+1+1+1,0,2.5455,2.4,2.67,-0.1,2,"MUN,NFO","BOU,CHE",BOU-CHE-EVE-LIV-NFO,5,1+1+1+1+1,0,2.4375,100.0,25.0,-0.0785,2.457636,False,
EVE-LIV-NFO-NFO-SUN,4,2+1+1+1,1,2.5455,2.4,2.67,-0.1,2,"NFO,SUN","BOU,CHE",BOU-CHE-EVE-LIV-NFO,5,1+1+1+1+1,0,2.4375,100.0,25.0,-0.0785,2.457636,False,
AVL-CHE-MUN-NFO-NFO,4,2+1+1+1,0,2.5455,2.4,2.67,-0.0558,2,"MUN,NFO","BOU,LIV",AVL-BOU-CHE-LIV-NFO,5,1+1+1+1+1,0,2.4375,100.0,18.8,-0.0994,2.457636,False,
AVL-CHE-NFO-NFO-SUN,4,2+1+1+1,1,2.5455,2.4,2.67,-0.0558,2,"NFO,SUN","BOU,LIV",AVL-BOU-CHE-LIV-NFO,5,1+1+1+1+1,0,2.4375,100.0,18.8,-0.0994,2.457636,False,
AVL-LIV-MUN-NFO-NFO,4,2+1+1+1,0,2.5455,2.4,2.67,0.0,2,"MUN,NFO","BOU,CHE",AVL-BOU-CHE-LIV-NFO,5,1+1+1+1+1,0,2.4375,100.0,18.8,-0.0994,2.457636,False,
AVL-LIV-NFO-NFO-SUN,4,2+1+1+1,1,2.5455,2.4,2.67,0.0,2,"NFO,SUN","BOU,CHE",AVL-BOU-CHE-LIV-NFO,5,1+1+1+1+1,0,2.4375,100.0,18.8,-0.0994,2.457636,False,
AVL-MCI-MUN-NFO-NFO,4,2+1+1+1,0,2.5455,2.4,2.67,0.0,2,"MUN,NFO","CHE,LIV",AVL-CHE-LIV-MCI-NFO,5,1+1+1+1+1,0,2.4375,100.0,25.0,-0.0529,2.457636,False,
AVL-MCI-NFO-NFO-SUN,4,2+1+1+1,1,2.5455,2.4,2.67,0.0,2,"NFO,SUN","CHE,LIV",AVL-CHE-LIV-MCI-NFO,5,1+1+1+1+1,0,2.4375,100.0,25.0,-0.0529,2.457636,False,
ARS-AVL-LIV-MUN-NFO,5,1+1+1+1+1,0,2.5455,2.4,2.67,0.0366,2,"ARS,MUN","BOU,CHE",AVL-BOU-CHE-LIV-NFO,5,1+1+1+1+1,0,2.4375,100.0,18.8,-0.0994,2.457636,False,
ARS-AVL-LIV-NFO-SUN,5,1+1+1+1+1,1,2.5455,2.4,2.67,0.0366,2,"ARS,SUN","BOU,CHE",AVL-BOU-CHE-LIV-NFO,5,1+1+1+1+1,0,2.4375,100.0,18.8,-0.0994,2.457636,False,
ARS-AVL-MCI-MUN-NFO,5,1+1+1+1+1,0,2.5455,2.4,2.67,0.0366,2,"ARS,MUN","CHE,LIV",AVL-CHE-LIV-MCI-NFO,5,1+1+1+1+1,0,2.4375,100.0,25.0,-0.0529,2.457636,False,
ARS-AVL-MCI-NFO-SUN,5,1+1+1+1+1,1,2.5455,2.4,2.67,0.0366,2,"ARS,SUN","CHE,LIV",AVL-CHE-LIV-MCI-NFO,5,1+1+1+1+1,0,2.4375,100.0,25.0,-0.0529,2.457636,False,
ARS-EVE-LIV-MUN-NFO,5,1+1+1+1+1,0,2.5455,2.4,2.67,0.0366,2,"ARS,MUN","BOU,CHE",BOU-CHE-EVE-LIV-NFO,5,1+1+1+1+1,0,2.4375,100.0,25.0,-0.0785,2.457636,False,
ARS-EVE-LIV-NFO-SUN,5,1+1+1+1+1,1,2.5455,2.4,2.67,0.0366,2,"ARS,SUN","BOU,CHE",BOU-CHE-EVE-LIV-NFO,5,1+1+1+1+1,0,2.4375,100.0,25.0,-0.0785,2.457636,False,
AVL-IPS-LIV-MUN-NFO,5,1+1+1+1+1,0,2.5455,2.4,2.67,0.0366,2,"IPS,MUN","BOU,CHE",AVL-BOU-CHE-LIV-NFO,5,1+1+1+1+1,0,2.4375,100.0,18.8,-0.0994,2.457636,False,
AVL-IPS-MCI-MUN-NFO,5,1+1+1+1+1,0,2.5455,2.4,2.67,0.0366,2,"IPS,MUN","CHE,LIV",AVL-CHE-LIV-MCI-NFO,5,1+1+1+1+1,0,2.4375,100.0,25.0,-0.0529,2.457636,False,
EVE-IPS-LIV-MUN-NFO,5,1+1+1+1+1,0,2.5455,2.4,2.67,0.0366,2,"IPS,MUN","BOU,CHE",BOU-CHE-EVE-LIV-NFO,5,1+1+1+1+1,0,2.4375,100.0,25.0,-0.0785,2.457636,False,
ARS-AVL-CHE-MUN-NFO,5,1+1+1+1+1,0,2.5455,2.4,2.67,0.0825,2,"ARS,MUN","BOU,LIV",AVL-BOU-CHE-LIV-NFO,5,1+1+1+1+1,0,2.4375,100.0,18.8,-0.0994,2.457636,False,
ARS-AVL-CHE-NFO-SUN,5,1+1+1+1+1,1,2.5455,2.4,2.67,0.0825,2,"ARS,SUN","BOU,LIV",AVL-BOU-CHE-LIV-NFO,5,1+1+1+1+1,0,2.4375,100.0,18.8,-0.0994,2.457636,False,
AVL-CHE-IPS-MUN-NFO,5,1+1+1+1+1,0,2.5455,2.4,2.67,0.0825,2,"IPS,MUN","BOU,LIV",AVL-BOU-CHE-LIV-NFO,5,1+1+1+1+1,0,2.4375,100.0,18.8,-0.0994,2.457636,False,
CHE-EVE-MUN-NFO-NFO,4,2+1+1+1,0,2.5455,2.4,2.67,0.2235,2,"MUN,NFO","BOU,LIV",BOU-CHE-EVE-LIV-NFO,5,1+1+1+1+1,0,2.4375,100.0,25.0,-0.0785,2.457636,False,
CHE-EVE-NFO-NFO-SUN,4,2+1+1+1,1,2.5455,2.4,2.67,0.2235,2,"NFO,SUN","BOU,LIV",BOU-CHE-EVE-LIV-NFO,5,1+1+1+1+1,0,2.4375,100.0,25.0,-0.0785,2.457636,False,
CHE-LIV-NFO-NFO-TOT,4,2+1+1+1,0,2.5455,2.6,2.5,-0.3076,2,"NFO,TOT","AVL,BOU",AVL-BOU-CHE-LIV-NFO,5,1+1+1+1+1,0,2.4375,100.0,18.8,-0.0994,2.457636,False,
CHE-MCI-NFO-NFO-TOT,4,2+1+1+1,0,2.5455,2.6,2.5,-0.3076,2,"NFO,TOT","AVL,LIV",AVL-CHE-LIV-MCI-NFO,5,1+1+1+1+1,0,2.4375,100.0,25.0,-0.0529,2.457636,False,
EVE-LIV-LIV-MUN-NFO,4,2+1+1+1,0,2.5455,2.6,2.5,-0.3,2,"LIV,MUN","BOU,CHE",BOU-CHE-EVE-LIV-NFO,5,1+1+1+1+1,0,2.4375,100.0,25.0,-0.0785,2.457636,False,
EVE-LIV-LIV-NFO-SUN,4,2+1+1+1,1,2.5455,2.6,2.5,-0.3,2,"LIV,SUN","BOU,CHE",BOU-CHE-EVE-LIV-NFO,5,1+1+1+1+1,0,2.4375,100.0,25.0,-0.0785,2.457636,False,
ARS-CHE-LIV-LIV-NFO,4,2+1+1+1,0,2.5455,2.6,2.5,-0.2162,2,"ARS,LIV","AVL,BOU",AVL-BOU-CHE-LIV-NFO,5,1+1+1+1+1,0,2.4375,100.0,18.8,-0.0994,2.457636,False,
ARS-CHE-MCI-MCI-NFO,4,2+1+1+1,0,2.5455,2.6,2.5,-0.2162,2,"ARS,MCI","AVL,LIV",AVL-CHE-LIV-MCI-NFO,5,1+1+1+1+1,0,2.4375,100.0,25.0,-0.0529,2.457636,False,
CHE-IPS-LIV-LIV-NFO,4,2+1+1+1,0,2.5455,2.6,2.5,-0.2162,2,"IPS,LIV","AVL,BOU",AVL-BOU-CHE-LIV-NFO,5,1+1+1+1+1,0,2.4375,100.0,18.8,-0.0994,2.457636,False,
CHE-IPS-MCI-MCI-NFO,4,2+1+1+1,0,2.5455,2.6,2.5,-0.2162,2,"IPS,MCI","AVL,LIV",AVL-CHE-LIV-MCI-NFO,5,1+1+1+1+1,0,2.4375,100.0,25.0,-0.0529,2.457636,False,
AVL-AVL-CHE-MUN-NFO,4,2+1+1+1,0,2.5455,2.6,2.5,-0.2078,2,"AVL,MUN","BOU,LIV",AVL-BOU-CHE-LIV-NFO,5,1+1+1+1+1,0,2.4375,100.0,18.8,-0.0994,2.457636,False,
AVL-AVL-CHE-NFO-SUN,4,2+1+1+1,1,2.5455,2.6,2.5,-0.2078,2,"AVL,SUN","BOU,LIV",AVL-BOU-CHE-LIV-NFO,5,1+1+1+1+1,0,2.4375,100.0,18.8,-0.0994,2.457636,False,
BRE-EVE-LIV-MUN-NFO,5,1+1+1+1+1,0,2.5455,2.6,2.5,-0.2,2,"BRE,MUN","BOU,CHE",BOU-CHE-EVE-LIV-NFO,5,1+1+1+1+1,0,2.4375,100.0,25.0,-0.0785,2.457636,False,
BRE-EVE-LIV-NFO-SUN,5,1+1+1+1+1,1,2.5455,2.6,2.5,-0.2,2,"BRE,SUN","BOU,CHE",BOU-CHE-EVE-LIV-NFO,5,1+1+1+1+1,0,2.4375,100.0,25.0,-0.0785,2.457636,False,
EVE-LIV-MCI-MUN-NFO,5,1+1+1+1+1,0,2.5455,2.6,2.5,-0.2,2,"MCI,MUN","BOU,CHE",BOU-CHE-EVE-LIV-NFO,5,1+1+1+1+1,0,2.4375,100.0,25.0,-0.0785,2.457636,False,
EVE-LIV-MCI-NFO-SUN,5,1+1+1+1+1,1,2.5455,2.6,2.5,-0.2,2,"MCI,SUN","BOU,CHE",BOU-CHE-EVE-LIV-NFO,5,1+1+1+1+1,0,2.4375,100.0,25.0,-0.0785,2.457636,False,
ARS-CHE-LIV-NFO-TOT,5,1+1+1+1+1,0,2.5455,2.6,2.5,-0.1827,2,"ARS,TOT","AVL,BOU",AVL-BOU-CHE-LIV-NFO,5,1+1+1+1+1,0,2.4375,100.0,18.8,-0.0994,2.457636,False,
ARS-CHE-MCI-NFO-TOT,5,1+1+1+1+1,0,2.5455,2.6,2.5,-0.1827,2,"ARS,TOT","AVL,LIV",AVL-CHE-LIV-MCI-NFO,5,1+1+1+1+1,0,2.4375,100.0,25.0,-0.0529,2.457636,False,
CHE-IPS-LIV-NFO-TOT,5,1+1+1+1+1,0,2.5455,2.6,2.5,-0.1827,2,"IPS,TOT","AVL,BOU",AVL-BOU-CHE-LIV-NFO,5,1+1+1+1+1,0,2.4375,100.0,18.8,-0.0994,2.457636,False,
CHE-IPS-MCI-NFO-TOT,5,1+1+1+1+1,0,2.5455,2.6,2.5,-0.1827,2,"IPS,TOT","AVL,LIV",AVL-CHE-LIV-MCI-NFO,5,1+1+1+1+1,0,2.4375,100.0,25.0,-0.0529,2.457636,False,
LIV-MCI-NFO-NFO-TOT,4,2+1+1+1,0,2.5455,2.6,2.5,-0.1732,2,"NFO,TOT","AVL,CHE",AVL-CHE-LIV-MCI-NFO,5,1+1+1+1+1,0,2.4375,100.0,25.0,-0.0529,2.457636,False,
BRE-CHE-LIV-NFO-NFO,4,2+1+1+1,0,2.5455,2.6,2.5,-0.1544,2,"BRE,NFO","AVL,BOU",AVL-BOU-CHE-LIV-NFO,5,1+1+1+1+1,0,2.4375,100.0,18.8,-0.0994,2.457636,False,
BRE-CHE-MCI-NFO-NFO,4,2+1+1+1,0,2.5455,2.6,2.5,-0.1544,2,"BRE,NFO","AVL,LIV",AVL-CHE-LIV-MCI-NFO,5,1+1+1+1+1,0,2.4375,100.0,25.0,-0.0529,2.457636,False,
CHE-LIV-MCI-NFO-NFO,4,2+1+1+1,0,2.5455,2.6,2.5,-0.1544,2,"MCI,NFO","AVL,BOU",AVL-BOU-CHE-LIV-NFO,5,1+1+1+1+1,0,2.4375,100.0,18.8,-0.0994,2.457636,False,
ARS-LIV-MCI-NFO-TOT,5,1+1+1+1+1,0,2.5455,2.6,2.5,-0.15,2,"ARS,TOT","AVL,CHE",AVL-CHE-LIV-MCI-NFO,5,1+1+1+1+1,0,2.4375,100.0,25.0,-0.0529,2.457636,False,
IPS-LIV-MCI-NFO-TOT,5,1+1+1+1+1,0,2.5455,2.6,2.5,-0.15,2,"IPS,TOT","AVL,CHE",AVL-CHE-LIV-MCI-NFO,5,1+1+1+1+1,0,2.4375,100.0,25.0,-0.0529,2.457636,False,
AVL-EVE-LIV-MUN-NFO,5,1+1+1+1+1,0,2.5455,2.6,2.5,-0.1366,2,"EVE,MUN","BOU,CHE",AVL-BOU-CHE-LIV-NFO,5,1+1+1+1+1,0,2.4375,100.0,18.8,-0.0994,2.457636,False,
AVL-EVE-LIV-NFO-SUN,5,1+1+1+1+1,1,2.5455,2.6,2.5,-0.1366,2,"EVE,SUN","BOU,CHE",AVL-BOU-CHE-LIV-NFO,5,1+1+1+1+1,0,2.4375,100.0,18.8,-0.0994,2.457636,False,
AVL-EVE-MCI-MUN-NFO,5,1+1+1+1+1,0,2.5455,2.6,2.5,-0.1366,2,"EVE,MUN","CHE,LIV",AVL-CHE-LIV-MCI-NFO,5,1+1+1+1+1,0,2.4375,100.0,25.0,-0.0529,2.457636,False,
AVL-EVE-MCI-NFO-SUN,5,1+1+1+1+1,1,2.5455,2.6,2.5,-0.1366,2,"EVE,SUN","CHE,LIV",AVL-CHE-LIV-MCI-NFO,5,1+1+1+1+1,0,2.4375,100.0,25.0,-0.0529,2.457636,False,
BHA-EVE-LIV-MUN-NFO,5,1+1+1+1+1,0,2.5455,2.6,2.5,-0.1366,2,"BHA,MUN","BOU,CHE",BOU-CHE-EVE-LIV-NFO,5,1+1+1+1+1,0,2.4375,100.0,25.0,-0.0785,2.457636,False,
BHA-EVE-LIV-NFO-SUN,5,1+1+1+1+1,1,2.5455,2.6,2.5,-0.1366,2,"BHA,SUN","BOU,CHE",BOU-CHE-EVE-LIV-NFO,5,1+1+1+1+1,0,2.4375,100.0,25.0,-0.0785,2.457636,False,
EVE-LIV-MUN-NFO-TOT,5,1+1+1+1+1,0,2.5455,2.6,2.5,-0.1366,2,"MUN,TOT","BOU,CHE",BOU-CHE-EVE-LIV-NFO,5,1+1+1+1+1,0,2.4375,100.0,25.0,-0.0785,2.457636,False,
EVE-LIV-NFO-TOT-SUN,5,1+1+1+1+1,1,2.5455,2.6,2.5,-0.1366,2,"SUN,TOT","BOU,CHE",BOU-CHE-EVE-LIV-NFO,5,1+1+1+1+1,0,2.4375,100.0,25.0,-0.0785,2.457636,False,
CHE-CRY-LIV-MUN-NFO,5,1+1+1+1+1,0,2.5455,2.6,2.5,-0.1217,2,"CRY,MUN","AVL,BOU",AVL-BOU-CHE-LIV-NFO,5,1+1+1+1+1,0,2.4375,100.0,18.8,-0.0994,2.457636,False,
CHE-CRY-LIV-NFO-SUN,5,1+1+1+1+1,1,2.5455,2.6,2.5,-0.1217,2,"CRY,SUN","AVL,BOU",AVL-BOU-CHE-LIV-NFO,5,1+1+1+1+1,0,2.4375,100.0,18.8,-0.0994,2.457636,False,
CHE-CRY-MCI-MUN-NFO,5,1+1+1+1+1,0,2.5455,2.6,2.5,-0.1217,2,"CRY,MUN","AVL,LIV",AVL-CHE-LIV-MCI-NFO,5,1+1+1+1+1,0,2.4375,100.0,25.0,-0.0529,2.457636,False,
CHE-CRY-MCI-NFO-SUN,5,1+1+1+1+1,1,2.5455,2.6,2.5,-0.1217,2,"CRY,SUN","AVL,LIV",AVL-CHE-LIV-MCI-NFO,5,1+1+1+1+1,0,2.4375,100.0,25.0,-0.0529,2.457636,False,
ARS-BRE-CHE-LIV-NFO,5,1+1+1+1+1,0,2.5455,2.6,2.5,-0.1162,2,"ARS,BRE","AVL,BOU",AVL-BOU-CHE-LIV-NFO,5,1+1+1+1+1,0,2.4375,100.0,18.8,-0.0994,2.457636,False,
ARS-BRE-CHE-MCI-NFO,5,1+1+1+1+1,0,2.5455,2.6,2.5,-0.1162,2,"ARS,BRE","AVL,LIV",AVL-CHE-LIV-MCI-NFO,5,1+1+1+1+1,0,2.4375,100.0,25.0,-0.0529,2.457636,False,
ARS-CHE-LIV-MCI-NFO,5,1+1+1+1+1,0,2.5455,2.6,2.5,-0.1162,2,"ARS,MCI","AVL,BOU",AVL-BOU-CHE-LIV-NFO,5,1+1+1+1+1,0,2.4375,100.0,18.8,-0.0994,2.457636,False,
BRE-CHE-IPS-LIV-NFO,5,1+1+1+1+1,0,2.5455,2.6,2.5,-0.1162,2,"BRE,IPS","AVL,BOU",AVL-BOU-CHE-LIV-NFO,5,1+1+1+1+1,0,2.4375,100.0,18.8,-0.0994,2.457636,False,
BRE-CHE-IPS-MCI-NFO,5,1+1+1+1+1,0,2.5455,2.6,2.5,-0.1162,2,"BRE,IPS","AVL,LIV",AVL-CHE-LIV-MCI-NFO,5,1+1+1+1+1,0,2.4375,100.0,25.0,-0.0529,2.457636,False,
CHE-IPS-LIV-MCI-NFO,5,1+1+1+1+1,0,2.5455,2.6,2.5,-0.1162,2,"IPS,MCI","AVL,BOU",AVL-BOU-CHE-LIV-NFO,5,1+1+1+1+1,0,2.4375,100.0,18.8,-0.0994,2.457636,False,
BRE-CHE-EVE-MUN-NFO,5,1+1+1+1+1,0,2.5455,2.6,2.5,-0.0382,2,"BRE,MUN","BOU,LIV",BOU-CHE-EVE-LIV-NFO,5,1+1+1+1+1,0,2.4375,100.0,25.0,-0.0785,2.457636,False,
BRE-CHE-EVE-NFO-SUN,5,1+1+1+1+1,1,2.5455,2.6,2.5,-0.0382,2,"BRE,SUN","BOU,LIV",BOU-CHE-EVE-LIV-NFO,5,1+1+1+1+1,0,2.4375,100.0,25.0,-0.0785,2.457636,False,
CHE-EVE-LIV-MUN-NFO,5,1+1+1+1+1,0,2.5455,2.6,2.5,-0.0382,2,"EVE,MUN","AVL,BOU",AVL-BOU-CHE-LIV-NFO,5,1+1+1+1+1,0,2.4375,100.0,18.8,-0.0994,2.457636,False,
CHE-EVE-LIV-NFO-SUN,5,1+1+1+1+1,1,2.5455,2.6,2.5,-0.0382,2,"EVE,SUN","AVL,BOU",AVL-BOU-CHE-LIV-NFO,5,1+1+1+1+1,0,2.4375,100.0,18.8,-0.0994,2.457636,False,
CHE-EVE-MCI-MUN-NFO,5,1+1+1+1+1,0,2.5455,2.6,2.5,-0.0382,2,"MCI,MUN","BOU,LIV",BOU-CHE-EVE-LIV-NFO,5,1+1+1+1+1,0,2.4375,100.0,25.0,-0.0785,2.457636,False,
CHE-EVE-MCI-NFO-SUN,5,1+1+1+1+1,1,2.5455,2.6,2.5,-0.0382,2,"MCI,SUN","BOU,LIV",BOU-CHE-EVE-LIV-NFO,5,1+1+1+1+1,0,2.4375,100.0,25.0,-0.0785,2.457636,False,
AVL-AVL-LIV-MUN-NFO,4,2+1+1+1,0,2.5455,2.6,2.5,0.0,2,"AVL,MUN","BOU,CHE",AVL-BOU-CHE-LIV-NFO,5,1+1+1+1+1,0,2.4375,100.0,18.8,-0.0994,2.457636,False,
AVL-AVL-LIV-NFO-SUN,4,2+1+1+1,1,2.5455,2.6,2.5,0.0,2,"AVL,SUN","BOU,CHE",AVL-BOU-CHE-LIV-NFO,5,1+1+1+1+1,0,2.4375,100.0,18.8,-0.0994,2.457636,False,
AVL-AVL-MCI-MUN-NFO,4,2+1+1+1,0,2.5455,2.6,2.5,0.0,2,"AVL,MUN","CHE,LIV",AVL-CHE-LIV-MCI-NFO,5,1+1+1+1+1,0,2.4375,100.0,25.0,-0.0529,2.457636,False,
AVL-AVL-MCI-NFO-SUN,4,2+1+1+1,1,2.5455,2.6,2.5,0.0,2,"AVL,SUN","CHE,LIV",AVL-CHE-LIV-MCI-NFO,5,1+1+1+1+1,0,2.4375,100.0,25.0,-0.0529,2.457636,False,
AVL-CHE-EVE-MUN-NFO,5,1+1+1+1+1,0,2.5455,2.6,2.5,0.0348,2,"EVE,MUN","BOU,LIV",AVL-BOU-CHE-LIV-NFO,5,1+1+1+1+1,0,2.4375,100.0,18.8,-0.0994,2.457636,False,
AVL-CHE-EVE-NFO-SUN,5,1+1+1+1+1,1,2.5455,2.6,2.5,0.0348,2,"EVE,SUN","BOU,LIV",AVL-BOU-CHE-LIV-NFO,5,1+1+1+1+1,0,2.4375,100.0,18.8,-0.0994,2.457636,False,
BHA-CHE-EVE-MUN-NFO,5,1+1+1+1+1,0,2.5455,2.6,2.5,0.0348,2,"BHA,MUN","BOU,LIV",BOU-CHE-EVE-LIV-NFO,5,1+1+1+1+1,0,2.4375,100.0,25.0,-0.0785,2.457636,False,
BHA-CHE-EVE-NFO-SUN,5,1+1+1+1+1,1,2.5455,2.6,2.5,0.0348,2,"BHA,SUN","BOU,LIV",BOU-CHE-EVE-LIV-NFO,5,1+1+1+1+1,0,2.4375,100.0,25.0,-0.0785,2.457636,False,
CRY-LIV-MCI-MUN-NFO,5,1+1+1+1+1,0,2.5455,2.6,2.5,0.0366,2,"CRY,MUN","AVL,CHE",AVL-CHE-LIV-MCI-NFO,5,1+1+1+1+1,0,2.4375,100.0,25.0,-0.0529,2.457636,False,
CRY-LIV-MCI-NFO-SUN,5,1+1+1+1+1,1,2.5455,2.6,2.5,0.0366,2,"CRY,SUN","AVL,CHE",AVL-CHE-LIV-MCI-NFO,5,1+1+1+1+1,0,2.4375,100.0,25.0,-0.0529,2.457636,False,
ARS-LIV-LIV-MCI-NFO,4,2+1+1+1,0,2.5455,2.6,2.5,0.1366,2,"ARS,LIV","AVL,CHE",AVL-CHE-LIV-MCI-NFO,5,1+1+1+1+1,0,2.4375,100.0,25.0,-0.0529,2.457636,False,
ARS-LIV-MCI-MCI-NFO,4,2+1+1+1,0,2.5455,2.6,2.5,0.1366,2,"ARS,MCI","AVL,CHE",AVL-CHE-LIV-MCI-NFO,5,1+1+1+1+1,0,2.4375,100.0,25.0,-0.0529,2.457636,False,
IPS-LIV-LIV-MCI-NFO,4,2+1+1+1,0,2.5455,2.6,2.5,0.1366,2,"IPS,LIV","AVL,CHE",AVL-CHE-LIV-MCI-NFO,5,1+1+1+1+1,0,2.4375,100.0,25.0,-0.0529,2.457636,False,
IPS-LIV-MCI-MCI-NFO,4,2+1+1+1,0,2.5455,2.6,2.5,0.1366,2,"IPS,MCI","AVL,CHE",AVL-CHE-LIV-MCI-NFO,5,1+1+1+1+1,0,2.4375,100.0,25.0,-0.0529,2.457636,False,
ARS-BRE-LIV-MCI-NFO,5,1+1+1+1+1,0,2.5455,2.6,2.5,0.2366,2,"ARS,BRE","AVL,CHE",AVL-CHE-LIV-MCI-NFO,5,1+1+1+1+1,0,2.4375,100.0,25.0,-0.0529,2.457636,False,
BRE-IPS-LIV-MCI-NFO,5,1+1+1+1+1,0,2.5455,2.6,2.5,0.2366,2,"BRE,IPS","AVL,CHE",AVL-CHE-LIV-MCI-NFO,5,1+1+1+1+1,0,2.4375,100.0,25.0,-0.0529,2.457636,False,
BRE-LIV-MCI-NFO-NFO,4,2+1+1+1,0,2.5455,2.6,2.5,0.3,2,"BRE,NFO","AVL,CHE",AVL-CHE-LIV-MCI-NFO,5,1+1+1+1+1,0,2.4375,100.0,25.0,-0.0529,2.457636,False,
CHE-EVE-MUN-NFO-TOT,5,1+1+1+1+1,0,2.5455,2.6,2.5,0.3452,2,"MUN,TOT","BOU,LIV",BOU-CHE-EVE-LIV-NFO,5,1+1+1+1+1,0,2.4375,100.0,25.0,-0.0785,2.457636,False,
CHE-EVE-NFO-TOT-SUN,5,1+1+1+1+1,1,2.5455,2.6,2.5,0.3452,2,"SUN,TOT","BOU,LIV",BOU-CHE-EVE-LIV-NFO,5,1+1+1+1+1,0,2.4375,100.0,25.0,-0.0785,2.457636,False,
BRE-CHE-CHE-LIV-NFO,4,2+1+1+1,0,2.5455,2.8,2.33,-0.3434,2,"BRE,CHE","AVL,BOU",AVL-BOU-CHE-LIV-NFO,5,1+1+1+1+1,0,2.4375,100.0,18.8,-0.0994,2.457636,False,
BRE-CHE-CHE-MCI-NFO,4,2+1+1+1,0,2.5455,2.8,2.33,-0.3434,2,"BRE,CHE","AVL,LIV",AVL-CHE-LIV-MCI-NFO,5,1+1+1+1+1,0,2.4375,100.0,25.0,-0.0529,2.457636,False,
CHE-CHE-LIV-MCI-NFO,4,2+1+1+1,0,2.5455,2.8,2.33,-0.3434,2,"CHE,MCI","AVL,BOU",AVL-BOU-CHE-LIV-NFO,5,1+1+1+1+1,0,2.4375,100.0,18.8,-0.0994,2.457636,False,
CHE-LIV-LIV-NFO-TOT,4,2+1+1+1,0,2.5455,2.8,2.33,-0.3327,2,"LIV,TOT","AVL,BOU",AVL-BOU-CHE-LIV-NFO,5,1+1+1+1+1,0,2.4375,100.0,18.8,-0.0994,2.457636,False,
CHE-MCI-MCI-NFO-TOT,4,2+1+1+1,0,2.5455,2.8,2.33,-0.3327,2,"MCI,TOT","AVL,LIV",AVL-CHE-LIV-MCI-NFO,5,1+1+1+1+1,0,2.4375,100.0,25.0,-0.0529,2.457636,False,
AVL-BRE-CHE-CHE-NFO,4,2+1+1+1,0,2.5455,2.8,2.33,-0.3142,2,"BRE,CHE","BOU,LIV",AVL-BOU-CHE-LIV-NFO,5,1+1+1+1+1,0,2.4375,100.0,18.8,-0.0994,2.457636,False,
AVL-CHE-CHE-LIV-NFO,4,2+1+1+1,0,2.5455,2.8,2.33,-0.3142,1,CHE,BOU,AVL-BOU-CHE-LIV-NFO,5,1+1+1+1+1,0,2.4375,100.0,18.8,-0.0994,2.457636,False,
AVL-CHE-CHE-MCI-NFO,4,2+1+1+1,0,2.5455,2.8,2.33,-0.3142,2,"CHE,MCI","BOU,LIV",AVL-BOU-CHE-LIV-NFO,5,1+1+1+1+1,0,2.4375,100.0,18.8,-0.0994,2.457636,False,
BHA-CHE-CHE-LIV-NFO,4,2+1+1+1,0,2.5455,2.8,2.33,-0.3142,2,"BHA,CHE","AVL,BOU",AVL-BOU-CHE-LIV-NFO,5,1+1+1+1+1,0,2.4375,100.0,18.8,-0.0994,2.457636,False,
BHA-CHE-CHE-MCI-NFO,4,2+1+1+1,0,2.5455,2.8,2.33,-0.3142,2,"BHA,CHE","AVL,LIV",AVL-CHE-LIV-MCI-NFO,5,1+1+1+1+1,0,2.4375,100.0,25.0,-0.0529,2.457636,False,
AVL-LIV-NFO-TOT-TOT,4,2+1+1+1,0,2.5455,2.8,2.33,-0.3098,2,"TOT,TOT","BOU,CHE",AVL-BOU-CHE-LIV-NFO,5,1+1+1+1+1,0,2.4375,100.0,18.8,-0.0994,2.457636,False,
AVL-MCI-NFO-TOT-TOT,4,2+1+1+1,0,2.5455,2.8,2.33,-0.3098,2,"TOT,TOT","CHE,LIV",AVL-CHE-LIV-MCI-NFO,5,1+1+1+1+1,0,2.4375,100.0,25.0,-0.0529,2.457636,False,
CHE-EVE-LIV-LIV-MUN,4,2+1+1+1,0,2.5455,2.8,2.33,-0.3,2,"LIV,MUN","BOU,NFO",BOU-CHE-EVE-LIV-NFO,5,1+1+1+1+1,0,2.4375,100.0,25.0,-0.0785,2.457636,False,
CHE-EVE-LIV-LIV-SUN,4,2+1+1+1,1,2.5455,2.8,2.33,-0.3,2,"LIV,SUN","BOU,NFO",BOU-CHE-EVE-LIV-NFO,5,1+1+1+1+1,0,2.4375,100.0,25.0,-0.0785,2.457636,False,
AVL-CHE-NFO-TOT-TOT,4,2+1+1+1,0,2.5455,2.8,2.33,-0.2762,2,"TOT,TOT","BOU,LIV",AVL-BOU-CHE-LIV-NFO,5,1+1+1+1+1,0,2.4375,100.0,18.8,-0.0994,2.457636,False,
LIV-MCI-NFO-TOT-TOT,4,2+1+1+1,0,2.5455,2.8,2.33,-0.2732,2,"TOT,TOT","AVL,CHE",AVL-CHE-LIV-MCI-NFO,5,1+1+1+1+1,0,2.4375,100.0,25.0,-0.0529,2.457636,False,
CHE-LIV-NFO-TOT-TOT,4,2+1+1+1,0,2.5455,2.8,2.33,-0.2492,2,"TOT,TOT","AVL,BOU",AVL-BOU-CHE-LIV-NFO,5,1+1+1+1+1,0,2.4375,100.0,18.8,-0.0994,2.457636,False,
CHE-MCI-NFO-TOT-TOT,4,2+1+1+1,0,2.5455,2.8,2.33,-0.2492,2,"TOT,TOT","AVL,LIV",AVL-CHE-LIV-MCI-NFO,5,1+1+1+1+1,0,2.4375,100.0,25.0,-0.0529,2.457636,False,
ARS-AVL-CHE-LIV-TOT,5,1+1+1+1+1,0,2.5455,2.8,2.33,-0.2482,2,"ARS,TOT","BOU,NFO",AVL-BOU-CHE-LIV-NFO,5,1+1+1+1+1,0,2.4375,100.0,18.8,-0.0994,2.457636,False,
ARS-AVL-CHE-MCI-TOT,5,1+1+1+1+1,0,2.5455,2.8,2.33,-0.2482,2,"ARS,TOT","LIV,NFO",AVL-CHE-LIV-MCI-NFO,5,1+1+1+1+1,0,2.4375,100.0,25.0,-0.0529,2.457636,False,
AVL-CHE-IPS-LIV-TOT,5,1+1+1+1+1,0,2.5455,2.8,2.33,-0.2482,2,"IPS,TOT","BOU,NFO",AVL-BOU-CHE-LIV-NFO,5,1+1+1+1+1,0,2.4375,100.0,18.8,-0.0994,2.457636,False,
AVL-CHE-IPS-MCI-TOT,5,1+1+1+1+1,0,2.5455,2.8,2.33,-0.2482,2,"IPS,TOT","LIV,NFO",AVL-CHE-LIV-MCI-NFO,5,1+1+1+1+1,0,2.4375,100.0,25.0,-0.0529,2.457636,False,
ARS-CHE-LIV-MCI-TOT,5,1+1+1+1+1,0,2.5455,2.8,2.33,-0.2445,2,"ARS,TOT","AVL,NFO",AVL-CHE-LIV-MCI-NFO,5,1+1+1+1+1,0,2.4375,100.0,25.0,-0.0529,2.457636,False,
CHE-IPS-LIV-MCI-TOT,5,1+1+1+1+1,0,2.5455,2.8,2.33,-0.2445,2,"IPS,TOT","AVL,NFO",AVL-CHE-LIV-MCI-NFO,5,1+1+1+1+1,0,2.4375,100.0,25.0,-0.0529,2.457636,False,
CHE-CHE-LIV-NFO-TOT,4,2+1+1+1,0,2.5455,2.8,2.33,-0.2399,2,"CHE,TOT","AVL,BOU",AVL-BOU-CHE-LIV-NFO,5,1+1+1+1+1,0,2.4375,100.0,18.8,-0.0994,2.457636,False,
CHE-CHE-MCI-NFO-TOT,4,2+1+1+1,0,2.5455,2.8,2.33,-0.2399,2,"CHE,TOT","AVL,LIV",AVL-CHE-LIV-MCI-NFO,5,1+1+1+1+1,0,2.4375,100.0,25.0,-0.0529,2.457636,False,
AVL-CHE-LIV-NFO-TOT,5,1+1+1+1+1,0,2.5455,2.8,2.33,-0.2364,1,TOT,BOU,AVL-BOU-CHE-LIV-NFO,5,1+1+1+1+1,0,2.4375,100.0,18.8,-0.0994,2.457636,False,
AVL-CHE-MCI-NFO-TOT,5,1+1+1+1+1,0,2.5455,2.8,2.33,-0.2364,2,"MCI,TOT","BOU,LIV",AVL-BOU-CHE-LIV-NFO,5,1+1+1+1+1,0,2.4375,100.0,18.8,-0.0994,2.457636,False,
BHA-CHE-LIV-NFO-TOT,5,1+1+1+1+1,0,2.5455,2.8,2.33,-0.2364,2,"BHA,TOT","AVL,BOU",AVL-BOU-CHE-LIV-NFO,5,1+1+1+1+1,0,2.4375,100.0,18.8,-0.0994,2.457636,False,
BHA-CHE-MCI-NFO-TOT,5,1+1+1+1+1,0,2.5455,2.8,2.33,-0.2364,2,"BHA,TOT","AVL,LIV",AVL-CHE-LIV-MCI-NFO,5,1+1+1+1+1,0,2.4375,100.0,25.0,-0.0529,2.457636,False,
AVL-CHE-CHE-NFO-TOT,4,2+1+1+1,0,2.5455,2.8,2.33,-0.2339,2,"CHE,TOT","BOU,LIV",AVL-BOU-CHE-LIV-NFO,5,1+1+1+1+1,0,2.4375,100.0,18.8,-0.0994,2.457636,False,
CHE-LIV-MCI-NFO-TOT,5,1+1+1+1+1,0,2.5455,2.8,2.33,-0.2327,2,"MCI,TOT","AVL,BOU",AVL-BOU-CHE-LIV-NFO,5,1+1+1+1+1,0,2.4375,100.0,18.8,-0.0994,2.457636,False,
CHE-CRY-LIV-MCI-MUN,5,1+1+1+1+1,0,2.5455,2.8,2.33,-0.2201,2,"CRY,MUN","AVL,NFO",AVL-CHE-LIV-MCI-NFO,5,1+1+1+1+1,0,2.4375,100.0,25.0,-0.0529,2.457636,False,
CHE-CRY-LIV-MCI-SUN,5,1+1+1+1+1,1,2.5455,2.8,2.33,-0.2201,2,"CRY,SUN","AVL,NFO",AVL-CHE-LIV-MCI-NFO,5,1+1+1+1+1,0,2.4375,100.0,25.0,-0.0529,2.457636,False,
ARS-CHE-LIV-LIV-MCI,4,2+1+1+1,0,2.5455,2.8,2.33,-0.2146,2,"ARS,LIV","AVL,NFO",AVL-CHE-LIV-MCI-NFO,5,1+1+1+1+1,0,2.4375,100.0,25.0,-0.0529,2.457636,False,
ARS-CHE-LIV-MCI-MCI,4,2+1+1+1,0,2.5455,2.8,2.33,-0.2146,2,"ARS,MCI","AVL,NFO",AVL-CHE-LIV-MCI-NFO,5,1+1+1+1+1,0,2.4375,100.0,25.0,-0.0529,2.457636,False,
CHE-IPS-LIV-LIV-MCI,4,2+1+1+1,0,2.5455,2.8,2.33,-0.2146,2,"IPS,LIV","AVL,NFO",AVL-CHE-LIV-MCI-NFO,5,1+1+1+1+1,0,2.4375,100.0,25.0,-0.0529,2.457636,False,
CHE-IPS-LIV-MCI-MCI,4,2+1+1+1,0,2.5455,2.8,2.33,-0.2146,2,"IPS,MCI","AVL,NFO",AVL-CHE-LIV-MCI-NFO,5,1+1+1+1+1,0,2.4375,100.0,25.0,-0.0529,2.457636,False,
AVL-EVE-LIV-MCI-MUN,5,1+1+1+1+1,0,2.5455,2.8,2.33,-0.2,2,"EVE,MUN","CHE,NFO",AVL-CHE-LIV-MCI-NFO,5,1+1+1+1+1,0,2.4375,100.0,25.0,-0.0529,2.457636,False,
AVL-EVE-LIV-MCI-SUN,5,1+1+1+1+1,1,2.5455,2.8,2.33,-0.2,2,"EVE,SUN","CHE,NFO",AVL-CHE-LIV-MCI-NFO,5,1+1+1+1+1,0,2.4375,100.0,25.0,-0.0529,2.457636,False,
BRE-CHE-EVE-LIV-MUN,5,1+1+1+1+1,0,2.5455,2.8,2.33,-0.2,2,"BRE,MUN","BOU,NFO",BOU-CHE-EVE-LIV-NFO,5,1+1+1+1+1,0,2.4375,100.0,25.0,-0.0785,2.457636,False,
BRE-CHE-EVE-LIV-SUN,5,1+1+1+1+1,1,2.5455,2.8,2.33,-0.2,2,"BRE,SUN","BOU,NFO",BOU-CHE-EVE-LIV-NFO,5,1+1+1+1+1,0,2.4375,100.0,25.0,-0.0785,2.457636,False,
CHE-EVE-LIV-MCI-MUN,5,1+1+1+1+1,0,2.5455,2.8,2.33,-0.2,2,"MCI,MUN","BOU,NFO",BOU-CHE-EVE-LIV-NFO,5,1+1+1+1+1,0,2.4375,100.0,25.0,-0.0785,2.457636,False,
CHE-EVE-LIV-MCI-SUN,5,1+1+1+1+1,1,2.5455,2.8,2.33,-0.2,2,"MCI,SUN","BOU,NFO",BOU-CHE-EVE-LIV-NFO,5,1+1+1+1+1,0,2.4375,100.0,25.0,-0.0785,2.457636,False,
AVL-CHE-LEE-LIV-MUN,5,1+1+1+1+1,0,2.5455,2.8,2.33,-0.1982,2,"LEE,MUN","BOU,NFO",AVL-BOU-CHE-LIV-NFO,5,1+1+1+1+1,0,2.4375,100.0,18.8,-0.0994,2.457636,False,
AVL-CHE-LEE-LIV-SUN,5,1+1+1+1+1,1,2.5455,2.8,2.33,-0.1982,2,"LEE,SUN","BOU,NFO",AVL-BOU-CHE-LIV-NFO,5,1+1+1+1+1,0,2.4375,100.0,18.8,-0.0994,2.457636,False,
AVL-CHE-LEE-MCI-MUN,5,1+1+1+1+1,0,2.5455,2.8,2.33,-0.1982,2,"LEE,MUN","LIV,NFO",AVL-CHE-LIV-MCI-NFO,5,1+1+1+1+1,0,2.4375,100.0,25.0,-0.0529,2.457636,False,
AVL-CHE-LEE-MCI-SUN,5,1+1+1+1+1,1,2.5455,2.8,2.33,-0.1982,2,"LEE,SUN","LIV,NFO",AVL-CHE-LIV-MCI-NFO,5,1+1+1+1+1,0,2.4375,100.0,25.0,-0.0529,2.457636,False,
ARS-AVL-CHE-LIV-LIV,4,2+1+1+1,0,2.5455,2.8,2.33,-0.1951,2,"ARS,LIV","BOU,NFO",AVL-BOU-CHE-LIV-NFO,5,1+1+1+1+1,0,2.4375,100.0,18.8,-0.0994,2.457636,False,
ARS-AVL-CHE-MCI-MCI,4,2+1+1+1,0,2.5455,2.8,2.33,-0.1951,2,"ARS,MCI","LIV,NFO",AVL-CHE-LIV-MCI-NFO,5,1+1+1+1+1,0,2.4375,100.0,25.0,-0.0529,2.457636,False,
AVL-CHE-IPS-LIV-LIV,4,2+1+1+1,0,2.5455,2.8,2.33,-0.1951,2,"IPS,LIV","BOU,NFO",AVL-BOU-CHE-LIV-NFO,5,1+1+1+1+1,0,2.4375,100.0,18.8,-0.0994,2.457636,False,
AVL-CHE-IPS-MCI-MCI,4,2+1+1+1,0,2.5455,2.8,2.33,-0.1951,2,"IPS,MCI","LIV,NFO",AVL-CHE-LIV-MCI-NFO,5,1+1+1+1+1,0,2.4375,100.0,25.0,-0.0529,2.457636,False,
CHE-LEE-LIV-MCI-MUN,5,1+1+1+1+1,0,2.5455,2.8,2.33,-0.1945,2,"LEE,MUN","AVL,NFO",AVL-CHE-LIV-MCI-NFO,5,1+1+1+1+1,0,2.4375,100.0,25.0,-0.0529,2.457636,False,
CHE-LEE-LIV-MCI-SUN,5,1+1+1+1+1,1,2.5455,2.8,2.33,-0.1945,2,"LEE,SUN","AVL,NFO",AVL-CHE-LIV-MCI-NFO,5,1+1+1+1+1,0,2.4375,100.0,25.0,-0.0529,2.457636,False,
AVL-CHE-EVE-LIV-MUN,5,1+1+1+1+1,0,2.5455,2.8,2.33,-0.1903,2,"EVE,MUN","BOU,NFO",AVL-BOU-CHE-LIV-NFO,5,1+1+1+1+1,0,2.4375,100.0,18.8,-0.0994,2.457636,False,
AVL-CHE-EVE-LIV-SUN,5,1+1+1+1+1,1,2.5455,2.8,2.33,-0.1903,2,"EVE,SUN","BOU,NFO",AVL-BOU-CHE-LIV-NFO,5,1+1+1+1+1,0,2.4375,100.0,18.8,-0.0994,2.457636,False,
AVL-CHE-EVE-MCI-MUN,5,1+1+1+1+1,0,2.5455,2.8,2.33,-0.1903,2,"EVE,MUN","LIV,NFO",AVL-CHE-LIV-MCI-NFO,5,1+1+1+1+1,0,2.4375,100.0,25.0,-0.0529,2.457636,False,
AVL-CHE-EVE-MCI-SUN,5,1+1+1+1+1,1,2.5455,2.8,2.33,-0.1903,2,"EVE,SUN","LIV,NFO",AVL-CHE-LIV-MCI-NFO,5,1+1+1+1+1,0,2.4375,100.0,25.0,-0.0529,2.457636,False,
BHA-CHE-EVE-LIV-MUN,5,1+1+1+1+1,0,2.5455,2.8,2.33,-0.1903,2,"BHA,MUN","BOU,NFO",BOU-CHE-EVE-LIV-NFO,5,1+1+1+1+1,0,2.4375,100.0,25.0,-0.0785,2.457636,False,
BHA-CHE-EVE-LIV-SUN,5,1+1+1+1+1,1,2.5455,2.8,2.33,-0.1903,2,"BHA,SUN","BOU,NFO",BOU-CHE-EVE-LIV-NFO,5,1+1+1+1+1,0,2.4375,100.0,25.0,-0.0785,2.457636,False,
AVL-CHE-CRY-LIV-MUN,5,1+1+1+1+1,0,2.5455,2.8,2.33,-0.1872,2,"CRY,MUN","BOU,NFO",AVL-BOU-CHE-LIV-NFO,5,1+1+1+1+1,0,2.4375,100.0,18.8,-0.0994,2.457636,False,
AVL-CHE-CRY-LIV-SUN,5,1+1+1+1+1,1,2.5455,2.8,2.33,-0.1872,2,"CRY,SUN","BOU,NFO",AVL-BOU-CHE-LIV-NFO,5,1+1+1+1+1,0,2.4375,100.0,18.8,-0.0994,2.457636,False,
AVL-CHE-CRY-MCI-MUN,5,1+1+1+1+1,0,2.5455,2.8,2.33,-0.1872,2,"CRY,MUN","LIV,NFO",AVL-CHE-LIV-MCI-NFO,5,1+1+1+1+1,0,2.4375,100.0,25.0,-0.0529,2.457636,False,
AVL-CHE-CRY-MCI-SUN,5,1+1+1+1+1,1,2.5455,2.8,2.33,-0.1872,2,"CRY,SUN","LIV,NFO",AVL-CHE-LIV-MCI-NFO,5,1+1+1+1+1,0,2.4375,100.0,25.0,-0.0529,2.457636,False,
BRE-BRE-CHE-LIV-NFO,4,2+1+1+1,0,2.5455,2.8,2.33,-0.1162,2,"BRE,BRE","AVL,BOU",AVL-BOU-CHE-LIV-NFO,5,1+1+1+1+1,0,2.4375,100.0,18.8,-0.0994,2.457636,False,
BRE-BRE-CHE-MCI-NFO,4,2+1+1+1,0,2.5455,2.8,2.33,-0.1162,2,"BRE,BRE","AVL,LIV",AVL-CHE-LIV-MCI-NFO,5,1+1+1+1+1,0,2.4375,100.0,25.0,-0.0529,2.457636,False,
BRE-CHE-LIV-LIV-NFO,4,2+1+1+1,0,2.5455,2.8,2.33,-0.1162,2,"BRE,LIV","AVL,BOU",AVL-BOU-CHE-LIV-NFO,5,1+1+1+1+1,0,2.4375,100.0,18.8,-0.0994,2.457636,False,
BRE-CHE-MCI-MCI-NFO,4,2+1+1+1,0,2.5455,2.8,2.33,-0.1162,2,"BRE,MCI","AVL,LIV",AVL-CHE-LIV-MCI-NFO,5,1+1+1+1+1,0,2.4375,100.0,25.0,-0.0529,2.457636,False,
CHE-LIV-LIV-MCI-NFO,4,2+1+1+1,0,2.5455,2.8,2.33,-0.1162,2,"LIV,MCI","AVL,BOU",AVL-BOU-CHE-LIV-NFO,5,1+1+1+1+1,0,2.4375,100.0,18.8,-0.0994,2.457636,False,
CHE-LIV-MCI-MCI-NFO,4,2+1+1+1,0,2.5455,2.8,2.33,-0.1162,2,"MCI,MCI","AVL,BOU",AVL-BOU-CHE-LIV-NFO,5,1+1+1+1+1,0,2.4375,100.0,18.8,-0.0994,2.457636,False,
ARS-BRE-CHE-LIV-MCI,5,1+1+1+1+1,0,2.5455,2.8,2.33,-0.1146,2,"ARS,BRE","AVL,NFO",AVL-CHE-LIV-MCI-NFO,5,1+1+1+1+1,0,2.4375,100.0,25.0,-0.0529,2.457636,False,
BRE-CHE-IPS-LIV-MCI,5,1+1+1+1+1,0,2.5455,2.8,2.33,-0.1146,2,"BRE,IPS","AVL,NFO",AVL-CHE-LIV-MCI-NFO,5,1+1+1+1+1,0,2.4375,100.0,25.0,-0.0529,2.457636,False,
AVL-BRE-BRE-CHE-NFO,4,2+1+1+1,0,2.5455,2.8,2.33,-0.0967,2,"BRE,BRE","BOU,LIV",AVL-BOU-CHE-LIV-NFO,5,1+1+1+1+1,0,2.4375,100.0,18.8,-0.0994,2.457636,False,
AVL-CHE-LIV-LIV-NFO,4,2+1+1+1,0,2.5455,2.8,2.33,-0.0967,1,LIV,BOU,AVL-BOU-CHE-LIV-NFO,5,1+1+1+1+1,0,2.4375,100.0,18.8,-0.0994,2.457636,False,
AVL-CHE-MCI-MCI-NFO,4,2+1+1+1,0,2.5455,2.8,2.33,-0.0967,2,"MCI,MCI","BOU,LIV",AVL-BOU-CHE-LIV-NFO,5,1+1+1+1+1,0,2.4375,100.0,18.8,-0.0994,2.457636,False,
BHA-CHE-LIV-LIV-NFO,4,2+1+1+1,0,2.5455,2.8,2.33,-0.0967,2,"BHA,LIV","AVL,BOU",AVL-BOU-CHE-LIV-NFO,5,1+1+1+1+1,0,2.4375,100.0,18.8,-0.0994,2.457636,False,
BHA-CHE-MCI-MCI-NFO,4,2+1+1+1,0,2.5455,2.8,2.33,-0.0967,2,"BHA,MCI","AVL,LIV",AVL-CHE-LIV-MCI-NFO,5,1+1+1+1+1,0,2.4375,100.0,25.0,-0.0529,2.457636,False,
ARS-AVL-BRE-CHE-LIV,5,1+1+1+1+1,0,2.5455,2.8,2.33,-0.0951,2,"ARS,BRE","BOU,NFO",AVL-BOU-CHE-LIV-NFO,5,1+1+1+1+1,0,2.4375,100.0,18.8,-0.0994,2.457636,False,
ARS-AVL-BRE-CHE-MCI,5,1+1+1+1+1,0,2.5455,2.8,2.33,-0.0951,2,"ARS,BRE","LIV,NFO",AVL-CHE-LIV-MCI-NFO,5,1+1+1+1+1,0,2.4375,100.0,25.0,-0.0529,2.457636,False,
ARS-AVL-CHE-LIV-MCI,5,1+1+1+1+1,0,2.5455,2.8,2.33,-0.0951,2,"ARS,MCI","BOU,NFO",AVL-BOU-CHE-LIV-NFO,5,1+1+1+1+1,0,2.4375,100.0,18.8,-0.0994,2.457636,False,
ARS-BHA-CHE-LIV-MCI,5,1+1+1+1+1,0,2.5455,2.8,2.33,-0.0951,2,"ARS,BHA","AVL,NFO",AVL-CHE-LIV-MCI-NFO,5,1+1+1+1+1,0,2.4375,100.0,25.0,-0.0529,2.457636,False,
AVL-BRE-CHE-IPS-LIV,5,1+1+1+1+1,0,2.5455,2.8,2.33,-0.0951,2,"BRE,IPS","BOU,NFO",AVL-BOU-CHE-LIV-NFO,5,1+1+1+1+1,0,2.4375,100.0,18.8,-0.0994,2.457636,False,
AVL-BRE-CHE-IPS-MCI,5,1+1+1+1+1,0,2.5455,2.8,2.33,-0.0951,2,"BRE,IPS","LIV,NFO",AVL-CHE-LIV-MCI-NFO,5,1+1+1+1+1,0,2.4375,100.0,25.0,-0.0529,2.457636,False,
AVL-CHE-IPS-LIV-MCI,5,1+1+1+1+1,0,2.5455,2.8,2.33,-0.0951,2,"IPS,MCI","BOU,NFO",AVL-BOU-CHE-LIV-NFO,5,1+1+1+1+1,0,2.4375,100.0,18.8,-0.0994,2.457636,False,
BHA-CHE-IPS-LIV-MCI,5,1+1+1+1+1,0,2.5455,2.8,2.33,-0.0951,2,"BHA,IPS","AVL,NFO",AVL-CHE-LIV-MCI-NFO,5,1+1+1+1+1,0,2.4375,100.0,25.0,-0.0529,2.457636,False,
ARS-AVL-LIV-MCI-TOT,5,1+1+1+1+1,0,2.5455,2.8,2.33,-0.0634,2,"ARS,TOT","CHE,NFO",AVL-CHE-LIV-MCI-NFO,5,1+1+1+1+1,0,2.4375,100.0,25.0,-0.0529,2.457636,False,
AVL-IPS-LIV-MCI-TOT,5,1+1+1+1+1,0,2.5455,2.8,2.33,-0.0634,2,"IPS,TOT","CHE,NFO",AVL-CHE-LIV-MCI-NFO,5,1+1+1+1+1,0,2.4375,100.0,25.0,-0.0529,2.457636,False,
AVL-LIV-LIV-NFO-TOT,4,2+1+1+1,0,2.5455,2.8,2.33,-0.05,2,"LIV,TOT","BOU,CHE",AVL-BOU-CHE-LIV-NFO,5,1+1+1+1+1,0,2.4375,100.0,18.8,-0.0994,2.457636,False,
AVL-MCI-MCI-NFO-TOT,4,2+1+1+1,0,2.5455,2.8,2.33,-0.05,2,"MCI,TOT","CHE,LIV",AVL-CHE-LIV-MCI-NFO,5,1+1+1+1+1,0,2.4375,100.0,25.0,-0.0529,2.457636,False,
LIV-LIV-MCI-NFO-TOT,4,2+1+1+1,0,2.5455,2.8,2.33,-0.0366,2,"LIV,TOT","AVL,CHE",AVL-CHE-LIV-MCI-NFO,5,1+1+1+1+1,0,2.4375,100.0,25.0,-0.0529,2.457636,False,
LIV-MCI-MCI-NFO-TOT,4,2+1+1+1,0,2.5455,2.8,2.33,-0.0366,2,"MCI,TOT","AVL,CHE",AVL-CHE-LIV-MCI-NFO,5,1+1+1+1+1,0,2.4375,100.0,25.0,-0.0529,2.457636,False,
BRE-CHE-LIV-MCI-NFO,5,1+1+1+1+1,0,2.5455,2.8,2.33,-0.0162,2,"BRE,MCI","AVL,BOU",AVL-BOU-CHE-LIV-NFO,5,1+1+1+1+1,0,2.4375,100.0,18.8,-0.0994,2.457636,False,
AVL-LEE-LIV-MCI-MUN,5,1+1+1+1+1,0,2.5455,2.8,2.33,-0.0134,2,"LEE,MUN","CHE,NFO",AVL-CHE-LIV-MCI-NFO,5,1+1+1+1+1,0,2.4375,100.0,25.0,-0.0529,2.457636,False,
AVL-LEE-LIV-MCI-SUN,5,1+1+1+1+1,1,2.5455,2.8,2.33,-0.0134,2,"LEE,SUN","CHE,NFO",AVL-CHE-LIV-MCI-NFO,5,1+1+1+1+1,0,2.4375,100.0,25.0,-0.0529,2.457636,False,
AVL-BRE-CHE-LIV-NFO,5,1+1+1+1+1,0,2.5455,2.8,2.33,0.0033,1,BRE,BOU,AVL-BOU-CHE-LIV-NFO,5,1+1+1+1+1,0,2.4375,100.0,18.8,-0.0994,2.457636,False,
AVL-BRE-CHE-MCI-NFO,5,1+1+1+1+1,0,2.5455,2.8,2.33,0.0033,2,"BRE,MCI","BOU,LIV",AVL-BOU-CHE-LIV-NFO,5,1+1+1+1+1,0,2.4375,100.0,18.8,-0.0994,2.457636,False,
AVL-CHE-LIV-MCI-NFO,5,1+1+1+1+1,0,2.5455,2.8,2.33,0.0033,1,MCI,BOU,AVL-BOU-CHE-LIV-NFO,5,1+1+1+1+1,0,2.4375,100.0,18.8,-0.0994,2.457636,False,
BRE-BHA-CHE-LIV-NFO,5,1+1+1+1+1,0,2.5455,2.8,2.33,0.0033,2,"BHA,BRE","AVL,BOU",AVL-BOU-CHE-LIV-NFO,5,1+1+1+1+1,0,2.4375,100.0,18.8,-0.0994,2.457636,False,
BRE-BHA-CHE-MCI-NFO,5,1+1+1+1+1,0,2.5455,2.8,2.33,0.0033,2,"BHA,BRE","AVL,LIV",AVL-CHE-LIV-MCI-NFO,5,1+1+1+1+1,0,2.4375,100.0,25.0,-0.0529,2.457636,False,
BHA-CHE-LIV-MCI-NFO,5,1+1+1+1+1,0,2.5455,2.8,2.33,0.0033,2,"BHA,MCI","AVL,BOU",AVL-BOU-CHE-LIV-NFO,5,1+1+1+1+1,0,2.4375,100.0,18.8,-0.0994,2.457636,False,
AVL-LIV-MCI-NFO-TOT,5,1+1+1+1+1,0,2.5455,2.8,2.33,0.05,2,"MCI,TOT","BOU,CHE",AVL-BOU-CHE-LIV-NFO,5,1+1+1+1+1,0,2.4375,100.0,18.8,-0.0994,2.457636,False,
BHA-LIV-MCI-NFO-TOT,5,1+1+1+1+1,0,2.5455,2.8,2.33,0.05,2,"BHA,TOT","AVL,CHE",AVL-CHE-LIV-MCI-NFO,5,1+1+1+1+1,0,2.4375,100.0,25.0,-0.0529,2.457636,False,
AVL-AVL-LIV-MCI-MUN,4,2+1+1+1,0,2.5455,2.8,2.33,0.0732,2,"AVL,MUN","CHE,NFO",AVL-CHE-LIV-MCI-NFO,5,1+1+1+1+1,0,2.4375,100.0,25.0,-0.0529,2.457636,False,
AVL-AVL-LIV-MCI-SUN,4,2+1+1+1,1,2.5455,2.8,2.33,0.0732,2,"AVL,SUN","CHE,NFO",AVL-CHE-LIV-MCI-NFO,5,1+1+1+1+1,0,2.4375,100.0,25.0,-0.0529,2.457636,False,
AVL-LIV-LIV-MCI-MUN,4,2+1+1+1,0,2.5455,2.8,2.33,0.0732,2,"LIV,MUN","CHE,NFO",AVL-CHE-LIV-MCI-NFO,5,1+1+1+1+1,0,2.4375,100.0,25.0,-0.0529,2.457636,False,
AVL-LIV-LIV-MCI-SUN,4,2+1+1+1,1,2.5455,2.8,2.33,0.0732,2,"LIV,SUN","CHE,NFO",AVL-CHE-LIV-MCI-NFO,5,1+1+1+1+1,0,2.4375,100.0,25.0,-0.0529,2.457636,False,
AVL-LIV-MCI-MCI-MUN,4,2+1+1+1,0,2.5455,2.8,2.33,0.0732,2,"MCI,MUN","CHE,NFO",AVL-CHE-LIV-MCI-NFO,5,1+1+1+1+1,0,2.4375,100.0,25.0,-0.0529,2.457636,False,
AVL-LIV-MCI-MCI-SUN,4,2+1+1+1,1,2.5455,2.8,2.33,0.0732,2,"MCI,SUN","CHE,NFO",AVL-CHE-LIV-MCI-NFO,5,1+1+1+1+1,0,2.4375,100.0,25.0,-0.0529,2.457636,False,
CHE-EVE-LIV-MUN-TOT,5,1+1+1+1+1,0,2.5455,2.8,2.33,0.1201,2,"MUN,TOT","BOU,NFO",BOU-CHE-EVE-LIV-NFO,5,1+1+1+1+1,0,2.4375,100.0,25.0,-0.0785,2.457636,False,
CHE-EVE-LIV-TOT-SUN,5,1+1+1+1+1,1,2.5455,2.8,2.33,0.1201,2,"SUN,TOT","BOU,NFO",BOU-CHE-EVE-LIV-NFO,5,1+1+1+1+1,0,2.4375,100.0,25.0,-0.0785,2.457636,False,
AVL-CRY-LIV-MCI-MUN,5,1+1+1+1+1,0,2.5455,2.8,2.33,0.1232,2,"CRY,MUN","CHE,NFO",AVL-CHE-LIV-MCI-NFO,5,1+1+1+1+1,0,2.4375,100.0,25.0,-0.0529,2.457636,False,
AVL-CRY-LIV-MCI-SUN,5,1+1+1+1+1,1,2.5455,2.8,2.33,0.1232,2,"CRY,SUN","CHE,NFO",AVL-CHE-LIV-MCI-NFO,5,1+1+1+1+1,0,2.4375,100.0,25.0,-0.0529,2.457636,False,
AVL-BRE-LIV-MCI-MUN,5,1+1+1+1+1,0,2.5455,2.8,2.33,0.1732,2,"BRE,MUN","CHE,NFO",AVL-CHE-LIV-MCI-NFO,5,1+1+1+1+1,0,2.4375,100.0,25.0,-0.0529,2.457636,False,
AVL-BRE-LIV-MCI-SUN,5,1+1+1+1+1,1,2.5455,2.8,2.33,0.1732,2,"BRE,SUN","CHE,NFO",AVL-CHE-LIV-MCI-NFO,5,1+1+1+1+1,0,2.4375,100.0,25.0,-0.0529,2.457636,False,
AVL-BRE-CHE-CHE-LIV,4,2+1+1+1,0,2.5455,3.0,2.17,-0.3012,2,"BRE,CHE","BOU,NFO",AVL-BOU-CHE-LIV-NFO,5,1+1+1+1+1,0,2.4375,100.0,18.8,-0.0994,2.457636,False,
AVL-BRE-CHE-CHE-MCI,4,2+1+1+1,0,2.5455,3.0,2.17,-0.3012,2,"BRE,CHE","LIV,NFO",AVL-CHE-LIV-MCI-NFO,5,1+1+1+1+1,0,2.4375,100.0,25.0,-0.0529,2.457636,False,
AVL-CHE-CHE-LIV-MCI,4,2+1+1+1,0,2.5455,3.0,2.17,-0.3012,2,"CHE,MCI","BOU,NFO",AVL-BOU-CHE-LIV-NFO,5,1+1+1+1+1,0,2.4375,100.0,18.8,-0.0994,2.457636,False,
BHA-CHE-CHE-LIV-MCI,4,2+1+1+1,0,2.5455,3.0,2.17,-0.3012,2,"BHA,CHE","AVL,NFO",AVL-CHE-LIV-MCI-NFO,5,1+1+1+1+1,0,2.4375,100.0,25.0,-0.0529,2.457636,False,
AVL-CHE-CHE-LIV-TOT,4,2+1+1+1,0,2.5455,3.0,2.17,-0.2842,2,"CHE,TOT","BOU,NFO",AVL-BOU-CHE-LIV-NFO,5,1+1+1+1+1,0,2.4375,100.0,18.8,-0.0994,2.457636,False,
AVL-CHE-CHE-MCI-TOT,4,2+1+1+1,0,2.5455,3.0,2.17,-0.2842,2,"CHE,TOT","LIV,NFO",AVL-CHE-LIV-MCI-NFO,5,1+1+1+1+1,0,2.4375,100.0,25.0,-0.0529,2.457636,False,
BRE-CHE-CHE-LIV-MCI,4,2+1+1+1,0,2.5455,3.0,2.17,-0.2669,2,"BRE,CHE","AVL,NFO",AVL-CHE-LIV-MCI-NFO,5,1+1+1+1+1,0,2.4375,100.0,25.0,-0.0529,2.457636,False,
AVL-AVL-CHE-LIV-TOT,4,2+1+1+1,0,2.5455,3.0,2.17,-0.2653,2,"AVL,TOT","BOU,NFO",AVL-BOU-CHE-LIV-NFO,5,1+1+1+1+1,0,2.4375,100.0,18.8,-0.0994,2.457636,False,
AVL-AVL-CHE-MCI-TOT,4,2+1+1+1,0,2.5455,3.0,2.17,-0.2653,2,"AVL,TOT","LIV,NFO",AVL-CHE-LIV-MCI-NFO,5,1+1+1+1+1,0,2.4375,100.0,25.0,-0.0529,2.457636,False,
AVL-CHE-LIV-TOT-TOT,4,2+1+1+1,0,2.5455,3.0,2.17,-0.2281,2,"TOT,TOT","BOU,NFO",AVL-BOU-CHE-LIV-NFO,5,1+1+1+1+1,0,2.4375,100.0,18.8,-0.0994,2.457636,False,
AVL-CHE-MCI-TOT-TOT,4,2+1+1+1,0,2.5455,3.0,2.17,-0.2281,2,"TOT,TOT","LIV,NFO",AVL-CHE-LIV-MCI-NFO,5,1+1+1+1+1,0,2.4375,100.0,25.0,-0.0529,2.457636,False,
CHE-CHE-LIV-MCI-TOT,4,2+1+1+1,0,2.5455,3.0,2.17,-0.2268,2,"CHE,TOT","AVL,NFO",AVL-CHE-LIV-MCI-NFO,5,1+1+1+1+1,0,2.4375,100.0,25.0,-0.0529,2.457636,False,
AVL-CHE-LIV-LIV-TOT,4,2+1+1+1,0,2.5455,3.0,2.17,-0.225,2,"LIV,TOT","BOU,NFO",AVL-BOU-CHE-LIV-NFO,5,1+1+1+1+1,0,2.4375,100.0,18.8,-0.0994,2.457636,False,
AVL-CHE-MCI-MCI-TOT,4,2+1+1+1,0,2.5455,3.0,2.17,-0.225,2,"MCI,TOT","LIV,NFO",AVL-CHE-LIV-MCI-NFO,5,1+1+1+1+1,0,2.4375,100.0,25.0,-0.0529,2.457636,False,
CHE-LIV-LIV-MCI-TOT,4,2+1+1+1,0,2.5455,3.0,2.17,-0.1579,2,"LIV,TOT","AVL,NFO",AVL-CHE-LIV-MCI-NFO,5,1+1+1+1+1,0,2.4375,100.0,25.0,-0.0529,2.457636,False,
CHE-LIV-MCI-MCI-TOT,4,2+1+1+1,0,2.5455,3.0,2.17,-0.1579,2,"MCI,TOT","AVL,NFO",AVL-CHE-LIV-MCI-NFO,5,1+1+1+1+1,0,2.4375,100.0,25.0,-0.0529,2.457636,False,
CHE-LIV-MCI-TOT-TOT,4,2+1+1+1,0,2.5455,3.0,2.17,-0.1378,2,"TOT,TOT","AVL,NFO",AVL-CHE-LIV-MCI-NFO,5,1+1+1+1+1,0,2.4375,100.0,25.0,-0.0529,2.457636,False,
AVL-CHE-LIV-MCI-TOT,5,1+1+1+1+1,0,2.5455,3.0,2.17,-0.125,2,"MCI,TOT","BOU,NFO",AVL-BOU-CHE-LIV-NFO,5,1+1+1+1+1,0,2.4375,100.0,18.8,-0.0994,2.457636,False,
BHA-CHE-LIV-MCI-TOT,5,1+1+1+1+1,0,2.5455,3.0,2.17,-0.125,2,"BHA,TOT","AVL,NFO",AVL-CHE-LIV-MCI-NFO,5,1+1+1+1+1,0,2.4375,100.0,25.0,-0.0529,2.457636,False,
AVL-LIV-MCI-TOT-TOT,4,2+1+1+1,0,2.5455,3.0,2.17,-0.1,2,"TOT,TOT","CHE,NFO",AVL-CHE-LIV-MCI-NFO,5,1+1+1+1+1,0,2.4375,100.0,25.0,-0.0529,2.457636,False,
BHA-LIV-TOT-SUN-SUN,4,2+1+1+1,2,2.3636,2.6,2.17,-0.3232,2,"SUN,TOT","COV,MCI",BHA-COV-LIV-MCI-SUN,5,1+1+1+1+1,1,2.4792,100.0,25.0,-0.1292,2.457647,False,
BHA-MCI-TOT-SUN-SUN,4,2+1+1+1,2,2.3636,2.6,2.17,-0.3232,2,"SUN,TOT","COV,LIV",BHA-COV-LIV-MCI-SUN,5,1+1+1+1+1,1,2.4792,100.0,25.0,-0.1292,2.457647,False,
AVL-BRE-MCI-MUN-MUN,4,2+1+1+1,0,2.3636,2.6,2.17,-0.3,2,"MUN,MUN","COV,FUL",AVL-BRE-COV-FUL-MCI,5,1+1+1+1+1,0,2.4792,100.0,18.8,-0.1384,2.457647,False,
AVL-BRE-MCI-SUN-SUN,4,2+1+1+1,2,2.3636,2.6,2.17,-0.3,2,"SUN,SUN","COV,FUL",AVL-BRE-COV-FUL-MCI,5,1+1+1+1+1,0,2.4792,100.0,18.8,-0.1384,2.457647,False,
BRE-BHA-LIV-SUN-SUN,4,2+1+1+1,2,2.3636,2.6,2.17,-0.3,2,"BRE,SUN","COV,MCI",BHA-COV-LIV-MCI-SUN,5,1+1+1+1+1,1,2.4792,100.0,25.0,-0.1292,2.457647,False,
BRE-BHA-MCI-SUN-SUN,4,2+1+1+1,2,2.3636,2.6,2.17,-0.3,2,"BRE,SUN","COV,LIV",BHA-COV-LIV-MCI-SUN,5,1+1+1+1+1,1,2.4792,100.0,25.0,-0.1292,2.457647,False,
BRE-CHE-LIV-SUN-SUN,4,2+1+1+1,2,2.3636,2.6,2.17,-0.3,2,"BRE,SUN","BOU,NFO",BOU-CHE-LIV-NFO-SUN,5,1+1+1+1+1,1,2.4792,100.0,18.8,-0.0575,2.457647,False,
BRE-CHE-MCI-SUN-SUN,4,2+1+1+1,2,2.3636,2.6,2.17,-0.3,2,"BRE,SUN","COV,EVE",CHE-COV-EVE-MCI-SUN,5,1+1+1+1+1,1,2.4792,100.0,12.5,-0.1133,2.457647,False,
BRE-LIV-MCI-SUN-SUN,4,2+1+1+1,2,2.3636,2.6,2.17,-0.3,2,"BRE,SUN","BHA,COV",BHA-COV-LIV-MCI-SUN,5,1+1+1+1+1,1,2.4792,100.0,25.0,-0.1292,2.457647,False,
BHA-LIV-LIV-MUN-SUN,4,2+1+1+1,1,2.3636,2.6,2.17,-0.3,2,"LIV,MUN","COV,MCI",BHA-COV-LIV-MCI-SUN,5,1+1+1+1+1,1,2.4792,100.0,25.0,-0.1292,2.457647,False,
BHA-LIV-MCI-MUN-MUN,4,2+1+1+1,0,2.3636,2.6,2.17,-0.3,2,"MUN,MUN","NEW,NFO",BHA-LIV-MCI-NEW-NFO,5,1+1+1+1+1,0,2.4792,100.0,12.5,-0.1303,2.457647,False,
BHA-LIV-MCI-SUN-SUN,4,2+1+1+1,2,2.3636,2.6,2.17,-0.3,2,"SUN,SUN","NEW,NFO",BHA-LIV-MCI-NEW-NFO,5,1+1+1+1+1,0,2.4792,100.0,12.5,-0.1303,2.457647,False,
BHA-MCI-MCI-MUN-SUN,4,2+1+1+1,1,2.3636,2.6,2.17,-0.3,2,"MCI,MUN","COV,LIV",BHA-COV-LIV-MCI-SUN,5,1+1+1+1+1,1,2.4792,100.0,25.0,-0.1292,2.457647,False,
CHE-LIV-LIV-MUN-SUN,4,2+1+1+1,1,2.3636,2.6,2.17,-0.3,2,"LIV,MUN","BOU,NFO",BOU-CHE-LIV-NFO-SUN,5,1+1+1+1+1,1,2.4792,100.0,18.8,-0.0575,2.457647,False,
CHE-MCI-MCI-MUN-SUN,4,2+1+1+1,1,2.3636,2.6,2.17,-0.3,2,"MCI,MUN","COV,EVE",CHE-COV-EVE-MCI-SUN,5,1+1+1+1+1,1,2.4792,100.0,12.5,-0.1133,2.457647,False,
LIV-LIV-MCI-MUN-SUN,4,2+1+1+1,1,2.3636,2.6,2.17,-0.3,2,"LIV,MUN","BHA,COV",BHA-COV-LIV-MCI-SUN,5,1+1+1+1+1,1,2.4792,100.0,25.0,-0.1292,2.457647,False,
LIV-MCI-MCI-MUN-SUN,4,2+1+1+1,1,2.3636,2.6,2.17,-0.3,2,"MCI,MUN","BHA,COV",BHA-COV-LIV-MCI-SUN,5,1+1+1+1+1,1,2.4792,100.0,25.0,-0.1292,2.457647,False,
LIV-MCI-TOT-SUN-SUN,4,2+1+1+1,2,2.3636,2.6,2.17,-0.3,2,"SUN,TOT","BHA,COV",BHA-COV-LIV-MCI-SUN,5,1+1+1+1+1,1,2.4792,100.0,25.0,-0.1292,2.457647,False,
AVL-BRE-CHE-MUN-MUN,4,2+1+1+1,0,2.3636,2.6,2.17,-0.2903,2,"MUN,MUN","BOU,NFO",AVL-BOU-BRE-CHE-NFO,5,1+1+1+1+1,0,2.4792,100.0,6.2,-0.1001,2.457647,False,
AVL-BRE-CHE-SUN-SUN,4,2+1+1+1,2,2.3636,2.6,2.17,-0.2903,2,"SUN,SUN","BOU,NFO",AVL-BOU-BRE-CHE-NFO,5,1+1+1+1+1,0,2.4792,100.0,6.2,-0.1001,2.457647,False,
BHA-CHE-LIV-MUN-MUN,4,2+1+1+1,0,2.3636,2.6,2.17,-0.2903,2,"MUN,MUN","BOU,NFO",BOU-BHA-CHE-LIV-NFO,5,1+1+1+1+1,0,2.4792,93.8,18.8,-0.0479,2.457647,False,
BHA-CHE-LIV-SUN-SUN,4,2+1+1+1,2,2.3636,2.6,2.17,-0.2903,2,"CHE,SUN","COV,MCI",BHA-COV-LIV-MCI-SUN,5,1+1+1+1+1,1,2.4792,100.0,25.0,-0.1292,2.457647,False,
BHA-CHE-MCI-MUN-MUN,4,2+1+1+1,0,2.3636,2.6,2.17,-0.2903,2,"MUN,MUN","COV,NFO",BHA-CHE-COV-MCI-NFO,5,1+1+1+1+1,0,2.4792,100.0,18.8,-0.0611,2.457647,False,
BHA-CHE-MCI-SUN-SUN,4,2+1+1+1,2,2.3636,2.6,2.17,-0.2903,2,"CHE,SUN","COV,LIV",BHA-COV-LIV-MCI-SUN,5,1+1+1+1+1,1,2.4792,100.0,25.0,-0.1292,2.457647,False,
BHA-BHA-LIV-MUN-SUN,4,2+1+1+1,1,2.3636,2.6,2.17,-0.2732,2,"BHA,MUN","COV,MCI",BHA-COV-LIV-MCI-SUN,5,1+1+1+1+1,1,2.4792,100.0,25.0,-0.1292,2.457647,False,
BHA-BHA-MCI-MUN-SUN,4,2+1+1+1,1,2.3636,2.6,2.17,-0.2732,2,"BHA,MUN","COV,LIV",BHA-COV-LIV-MCI-SUN,5,1+1+1+1+1,1,2.4792,100.0,25.0,-0.1292,2.457647,False,
AVL-AVL-CHE-MUN-SUN,4,2+1+1+1,1,2.3636,2.6,2.17,-0.2538,2,"MUN,SUN","COV,LEE",AVL-AVL-CHE-COV-LEE,4,2+1+1+1,0,2.4792,100.0,31.2,-0.1583,2.457647,False,
BHA-LIV-MUN-TOT-SUN,5,1+1+1+1+1,1,2.3636,2.6,2.17,-0.2232,2,"MUN,TOT","COV,MCI",BHA-COV-LIV-MCI-SUN,5,1+1+1+1+1,1,2.4792,100.0,25.0,-0.1292,2.457647,False,
BHA-MCI-MUN-TOT-SUN,5,1+1+1+1+1,1,2.3636,2.6,2.17,-0.2232,2,"MUN,TOT","COV,LIV",BHA-COV-LIV-MCI-SUN,5,1+1+1+1+1,1,2.4792,100.0,25.0,-0.1292,2.457647,False,
AVL-BRE-MCI-MUN-SUN,5,1+1+1+1+1,1,2.3636,2.6,2.17,-0.2,2,"MUN,SUN","COV,FUL",AVL-BRE-COV-FUL-MCI,5,1+1+1+1+1,0,2.4792,100.0,18.8,-0.1384,2.457647,False,
BRE-BHA-LIV-MUN-SUN,5,1+1+1+1+1,1,2.3636,2.6,2.17,-0.2,2,"BRE,MUN","COV,MCI",BHA-COV-LIV-MCI-SUN,5,1+1+1+1+1,1,2.4792,100.0,25.0,-0.1292,2.457647,False,
BRE-BHA-MCI-MUN-SUN,5,1+1+1+1+1,1,2.3636,2.6,2.17,-0.2,2,"BRE,MUN","COV,LIV",BHA-COV-LIV-MCI-SUN,5,1+1+1+1+1,1,2.4792,100.0,25.0,-0.1292,2.457647,False,
BRE-CHE-LIV-MUN-SUN,5,1+1+1+1+1,1,2.3636,2.6,2.17,-0.2,2,"BRE,MUN","BOU,NFO",BOU-CHE-LIV-NFO-SUN,5,1+1+1+1+1,1,2.4792,100.0,18.8,-0.0575,2.457647,False,
BRE-CHE-MCI-MUN-SUN,5,1+1+1+1+1,1,2.3636,2.6,2.17,-0.2,2,"BRE,MUN","COV,EVE",CHE-COV-EVE-MCI-SUN,5,1+1+1+1+1,1,2.4792,100.0,12.5,-0.1133,2.457647,False,
BRE-LIV-MCI-MUN-SUN,5,1+1+1+1+1,1,2.3636,2.6,2.17,-0.2,2,"BRE,MUN","BHA,COV",BHA-COV-LIV-MCI-SUN,5,1+1+1+1+1,1,2.4792,100.0,25.0,-0.1292,2.457647,False,
BHA-LIV-MCI-MUN-SUN,5,1+1+1+1+1,1,2.3636,2.6,2.17,-0.2,2,"MUN,SUN","NEW,NFO",BHA-LIV-MCI-NEW-NFO,5,1+1+1+1+1,0,2.4792,100.0,12.5,-0.1303,2.457647,False,
LIV-MCI-MUN-TOT-SUN,5,1+1+1+1+1,1,2.3636,2.6,2.17,-0.2,2,"MUN,TOT","BHA,COV",BHA-COV-LIV-MCI-SUN,5,1+1+1+1+1,1,2.4792,100.0,25.0,-0.1292,2.457647,False,
AVL-BRE-CHE-MUN-SUN,5,1+1+1+1+1,1,2.3636,2.6,2.17,-0.1903,2,"MUN,SUN","BOU,NFO",AVL-BOU-BRE-CHE-NFO,5,1+1+1+1+1,0,2.4792,100.0,6.2,-0.1001,2.457647,False,
BHA-CHE-LIV-MUN-SUN,5,1+1+1+1+1,1,2.3636,2.6,2.17,-0.1903,2,"CHE,MUN","COV,MCI",BHA-COV-LIV-MCI-SUN,5,1+1+1+1+1,1,2.4792,100.0,25.0,-0.1292,2.457647,False,
BHA-CHE-MCI-MUN-SUN,5,1+1+1+1+1,1,2.3636,2.6,2.17,-0.1903,2,"CHE,MUN","COV,LIV",BHA-COV-LIV-MCI-SUN,5,1+1+1+1+1,1,2.4792,100.0,25.0,-0.1292,2.457647,False,
ARS-EVE-LIV-MCI-MUN,5,1+1+1+1+1,0,2.5455,2.6,2.5,-0.2,2,"ARS,MUN","CHE,NEW",CHE-EVE-LIV-MCI-NEW,5,1+1+1+1+1,0,2.4583,100.0,12.5,-0.1204,2.474558,False,
ARS-EVE-LIV-MCI-SUN,5,1+1+1+1+1,1,2.5455,2.6,2.5,-0.2,2,"ARS,SUN","CHE,NEW",CHE-EVE-LIV-MCI-NEW,5,1+1+1+1+1,0,2.4583,100.0,12.5,-0.1204,2.474558,False,
CRY-LIV-MUN-NFO-TOT,5,1+1+1+1+1,0,2.5455,2.6,2.5,-0.2,2,"MUN,TOT","BOU,EVE",BOU-CRY-EVE-LIV-NFO,5,1+1+1+1+1,0,2.4583,100.0,18.8,-0.1615,2.474558,False,
CRY-LIV-NFO-TOT-SUN,5,1+1+1+1+1,1,2.5455,2.6,2.5,-0.2,2,"SUN,TOT","BOU,EVE",BOU-CRY-EVE-LIV-NFO,5,1+1+1+1+1,0,2.4583,100.0,18.8,-0.1615,2.474558,False,
EVE-IPS-LIV-MCI-MUN,5,1+1+1+1+1,0,2.5455,2.6,2.5,-0.2,2,"IPS,MUN","CHE,NEW",CHE-EVE-LIV-MCI-NEW,5,1+1+1+1+1,0,2.4583,100.0,12.5,-0.1204,2.474558,False,
ARS-AVL-LEE-LIV-MUN,5,1+1+1+1+1,0,2.5455,2.6,2.5,-0.1,2,"ARS,MUN","CHE,NFO",AVL-CHE-LEE-LIV-NFO,5,1+1+1+1+1,0,2.4583,100.0,18.8,-0.0971,2.474558,False,
ARS-AVL-LEE-LIV-SUN,5,1+1+1+1+1,1,2.5455,2.6,2.5,-0.1,2,"ARS,SUN","CHE,NFO",AVL-CHE-LEE-LIV-NFO,5,1+1+1+1+1,0,2.4583,100.0,18.8,-0.0971,2.474558,False,
ARS-AVL-LEE-MCI-MUN,5,1+1+1+1+1,0,2.5455,2.6,2.5,-0.1,2,"ARS,MUN","COV,FUL",AVL-COV-FUL-LEE-MCI,5,1+1+1+1+1,0,2.4583,100.0,6.2,-0.201,2.474558,False,
ARS-AVL-LEE-MCI-SUN,5,1+1+1+1+1,1,2.5455,2.6,2.5,-0.1,2,"ARS,SUN","COV,FUL",AVL-COV-FUL-LEE-MCI,5,1+1+1+1+1,0,2.4583,100.0,6.2,-0.201,2.474558,False,
AVL-IPS-LEE-LIV-MUN,5,1+1+1+1+1,0,2.5455,2.6,2.5,-0.1,2,"IPS,MUN","CHE,NFO",AVL-CHE-LEE-LIV-NFO,5,1+1+1+1+1,0,2.4583,100.0,18.8,-0.0971,2.474558,False,
AVL-IPS-LEE-MCI-MUN,5,1+1+1+1+1,0,2.5455,2.6,2.5,-0.1,2,"IPS,MUN","COV,FUL",AVL-COV-FUL-LEE-MCI,5,1+1+1+1+1,0,2.4583,100.0,6.2,-0.201,2.474558,False,
EVE-LEE-MCI-MUN-MUN,4,2+1+1+1,0,2.5455,2.6,2.5,-0.1,2,"MUN,MUN","COV,FUL",COV-EVE-FUL-LEE-MCI,5,1+1+1+1+1,0,2.4583,100.0,6.2,-0.1523,2.474558,False,
EVE-LEE-MCI-SUN-SUN,4,2+1+1+1,2,2.5455,2.6,2.5,-0.1,2,"SUN,SUN","COV,FUL",COV-EVE-FUL-LEE-MCI,5,1+1+1+1+1,0,2.4583,100.0,6.2,-0.1523,2.474558,False,
ARS-CHE-LEE-LIV-MUN,5,1+1+1+1+1,0,2.5455,2.6,2.5,-0.0811,2,"ARS,MUN","AVL,NFO",AVL-CHE-LEE-LIV-NFO,5,1+1+1+1+1,0,2.4583,100.0,18.8,-0.0971,2.474558,False,
ARS-CHE-LEE-LIV-SUN,5,1+1+1+1+1,1,2.5455,2.6,2.5,-0.0811,2,"ARS,SUN","AVL,NFO",AVL-CHE-LEE-LIV-NFO,5,1+1+1+1+1,0,2.4583,100.0,18.8,-0.0971,2.474558,False,
CHE-IPS-LEE-LIV-MUN,5,1+1+1+1+1,0,2.5455,2.6,2.5,-0.0811,2,"IPS,MUN","AVL,NFO",AVL-CHE-LEE-LIV-NFO,5,1+1+1+1+1,0,2.4583,100.0,18.8,-0.0971,2.474558,False,
CRY-LIV-LIV-MUN-NFO,4,2+1+1+1,0,2.5455,2.6,2.5,-0.0634,2,"LIV,MUN","BOU,EVE",BOU-CRY-EVE-LIV-NFO,5,1+1+1+1+1,0,2.4583,100.0,18.8,-0.1615,2.474558,False,
CRY-LIV-LIV-NFO-SUN,4,2+1+1+1,1,2.5455,2.6,2.5,-0.0634,2,"LIV,SUN","BOU,EVE",BOU-CRY-EVE-LIV-NFO,5,1+1+1+1+1,0,2.4583,100.0,18.8,-0.1615,2.474558,False,
ARS-CHE-NFO-TOT-TOT,4,2+1+1+1,0,2.5455,2.6,2.5,-0.0493,2,"ARS,TOT","BOU,FUL",BOU-CHE-FUL-NFO-TOT,5,1+1+1+1+1,0,2.4583,100.0,12.5,-0.1278,2.474558,False,
CHE-IPS-NFO-TOT-TOT,4,2+1+1+1,0,2.5455,2.6,2.5,-0.0493,2,"IPS,TOT","BOU,FUL",BOU-CHE-FUL-NFO-TOT,5,1+1+1+1+1,0,2.4583,100.0,12.5,-0.1278,2.474558,False,
CHE-CRY-MUN-NFO-TOT,5,1+1+1+1+1,0,2.5455,2.6,2.5,-0.0382,2,"CRY,MUN","BOU,FUL",BOU-CHE-FUL-NFO-TOT,5,1+1+1+1+1,0,2.4583,100.0,12.5,-0.1278,2.474558,False,
CHE-CRY-NFO-TOT-SUN,5,1+1+1+1+1,1,2.5455,2.6,2.5,-0.0382,2,"CRY,SUN","BOU,FUL",BOU-CHE-FUL-NFO-TOT,5,1+1+1+1+1,0,2.4583,100.0,12.5,-0.1278,2.474558,False,
ARS-AVL-CHE-LEE-MUN,5,1+1+1+1+1,0,2.5455,2.6,2.5,-0.0214,2,"ARS,MUN","LIV,NFO",AVL-CHE-LEE-LIV-NFO,5,1+1+1+1+1,0,2.4583,100.0,18.8,-0.0971,2.474558,False,
ARS-AVL-CHE-LEE-SUN,5,1+1+1+1+1,1,2.5455,2.6,2.5,-0.0214,2,"ARS,SUN","LIV,NFO",AVL-CHE-LEE-LIV-NFO,5,1+1+1+1+1,0,2.4583,100.0,18.8,-0.0971,2.474558,False,
AVL-CHE-IPS-LEE-MUN,5,1+1+1+1+1,0,2.5455,2.6,2.5,-0.0214,2,"IPS,MUN","LIV,NFO",AVL-CHE-LEE-LIV-NFO,5,1+1+1+1+1,0,2.4583,100.0,18.8,-0.0971,2.474558,False,
EVE-LEE-MCI-MUN-SUN,5,1+1+1+1+1,1,2.5455,2.6,2.5,0.0,2,"MUN,SUN","COV,FUL",COV-EVE-FUL-LEE-MCI,5,1+1+1+1+1,0,2.4583,100.0,6.2,-0.1523,2.474558,False,
BRE-CRY-LIV-MUN-NFO,5,1+1+1+1+1,0,2.5455,2.6,2.5,0.0366,2,"BRE,MUN","BOU,EVE",BOU-CRY-EVE-LIV-NFO,5,1+1+1+1+1,0,2.4583,100.0,18.8,-0.1615,2.474558,False,
BRE-CRY-LIV-NFO-SUN,5,1+1+1+1+1,1,2.5455,2.6,2.5,0.0366,2,"BRE,SUN","BOU,EVE",BOU-CRY-EVE-LIV-NFO,5,1+1+1+1+1,0,2.4583,100.0,18.8,-0.1615,2.474558,False,
CHE-MUN-NFO-TOT-TOT,4,2+1+1+1,0,2.5455,2.6,2.5,0.1397,2,"MUN,TOT","BOU,FUL",BOU-CHE-FUL-NFO-TOT,5,1+1+1+1+1,0,2.4583,100.0,12.5,-0.1278,2.474558,False,
CHE-NFO-TOT-TOT-SUN,4,2+1+1+1,1,2.5455,2.6,2.5,0.1397,2,"SUN,TOT","BOU,FUL",BOU-CHE-FUL-NFO-TOT,5,1+1+1+1+1,0,2.4583,100.0,12.5,-0.1278,2.474558,False,
CHE-CHE-MUN-NFO-TOT,4,2+1+1+1,0,2.5455,2.6,2.5,0.2381,2,"CHE,MUN","BOU,FUL",BOU-CHE-FUL-NFO-TOT,5,1+1+1+1+1,0,2.4583,100.0,12.5,-0.1278,2.474558,False,
CHE-CHE-NFO-TOT-SUN,4,2+1+1+1,1,2.5455,2.6,2.5,0.2381,2,"CHE,SUN","BOU,FUL",BOU-CHE-FUL-NFO-TOT,5,1+1+1+1+1,0,2.4583,100.0,12.5,-0.1278,2.474558,False,
CHE-EVE-MCI-MCI-MUN,4,2+1+1+1,0,2.5455,2.8,2.33,-0.3,2,"MCI,MUN","LIV,NEW",CHE-EVE-LIV-MCI-NEW,5,1+1+1+1+1,0,2.4583,100.0,12.5,-0.1204,2.474558,False,
CHE-EVE-MCI-MCI-SUN,4,2+1+1+1,1,2.5455,2.8,2.33,-0.3,2,"MCI,SUN","LIV,NEW",CHE-EVE-LIV-MCI-NEW,5,1+1+1+1+1,0,2.4583,100.0,12.5,-0.1204,2.474558,False,
EVE-LIV-LIV-MCI-MUN,4,2+1+1+1,0,2.5455,2.8,2.33,-0.3,2,"LIV,MUN","CHE,NEW",CHE-EVE-LIV-MCI-NEW,5,1+1+1+1+1,0,2.4583,100.0,12.5,-0.1204,2.474558,False,
EVE-LIV-LIV-MCI-SUN,4,2+1+1+1,1,2.5455,2.8,2.33,-0.3,2,"LIV,SUN","CHE,NEW",CHE-EVE-LIV-MCI-NEW,5,1+1+1+1+1,0,2.4583,100.0,12.5,-0.1204,2.474558,False,
EVE-LIV-MCI-MCI-MUN,4,2+1+1+1,0,2.5455,2.8,2.33,-0.3,2,"MCI,MUN","CHE,NEW",CHE-EVE-LIV-MCI-NEW,5,1+1+1+1+1,0,2.4583,100.0,12.5,-0.1204,2.474558,False,
EVE-LIV-MCI-MCI-SUN,4,2+1+1+1,1,2.5455,2.8,2.33,-0.3,2,"MCI,SUN","CHE,NEW",CHE-EVE-LIV-MCI-NEW,5,1+1+1+1+1,0,2.4583,100.0,12.5,-0.1204,2.474558,False,
CHE-LEE-LIV-LIV-MUN,4,2+1+1+1,0,2.5455,2.8,2.33,-0.2945,2,"LIV,MUN","AVL,NFO",AVL-CHE-LEE-LIV-NFO,5,1+1+1+1+1,0,2.4583,100.0,18.8,-0.0971,2.474558,False,
CHE-LEE-LIV-LIV-SUN,4,2+1+1+1,1,2.5455,2.8,2.33,-0.2945,2,"LIV,SUN","AVL,NFO",AVL-CHE-LEE-LIV-NFO,5,1+1+1+1+1,0,2.4583,100.0,18.8,-0.0971,2.474558,False,
BHA-CHE-NFO-TOT-TOT,4,2+1+1+1,0,2.5455,2.8,2.33,-0.2762,2,"BHA,TOT","BOU,FUL",BOU-CHE-FUL-NFO-TOT,5,1+1+1+1+1,0,2.4583,100.0,12.5,-0.1278,2.474558,False,
AVL-AVL-CHE-LEE-MUN,4,2+1+1+1,0,2.5455,2.8,2.33,-0.2751,2,"AVL,MUN","LIV,NFO",AVL-CHE-LEE-LIV-NFO,5,1+1+1+1+1,0,2.4583,100.0,18.8,-0.0971,2.474558,False,
AVL-AVL-CHE-LEE-SUN,4,2+1+1+1,1,2.5455,2.8,2.33,-0.2751,2,"AVL,SUN","LIV,NFO",AVL-CHE-LEE-LIV-NFO,5,1+1+1+1+1,0,2.4583,100.0,18.8,-0.0971,2.474558,False,
BHA-CHE-CHE-NFO-TOT,4,2+1+1+1,0,2.5455,2.8,2.33,-0.2339,2,"BHA,CHE","BOU,FUL",BOU-CHE-FUL-NFO-TOT,5,1+1+1+1+1,0,2.4583,100.0,12.5,-0.1278,2.474558,False,
BRE-CHE-EVE-MCI-MUN,5,1+1+1+1+1,0,2.5455,2.8,2.33,-0.2,2,"BRE,MUN","LIV,NEW",CHE-EVE-LIV-MCI-NEW,5,1+1+1+1+1,0,2.4583,100.0,12.5,-0.1204,2.474558,False,
BRE-CHE-EVE-MCI-SUN,5,1+1+1+1+1,1,2.5455,2.8,2.33,-0.2,2,"BRE,SUN","LIV,NEW",CHE-EVE-LIV-MCI-NEW,5,1+1+1+1+1,0,2.4583,100.0,12.5,-0.1204,2.474558,False,
BRE-EVE-LIV-MCI-MUN,5,1+1+1+1+1,0,2.5455,2.8,2.33,-0.2,2,"BRE,MUN","CHE,NEW",CHE-EVE-LIV-MCI-NEW,5,1+1+1+1+1,0,2.4583,100.0,12.5,-0.1204,2.474558,False,
BRE-EVE-LIV-MCI-SUN,5,1+1+1+1+1,1,2.5455,2.8,2.33,-0.2,2,"BRE,SUN","CHE,NEW",CHE-EVE-LIV-MCI-NEW,5,1+1+1+1+1,0,2.4583,100.0,12.5,-0.1204,2.474558,False,
BHA-EVE-LIV-MCI-MUN,5,1+1+1+1+1,0,2.5455,2.8,2.33,-0.2,2,"BHA,MUN","CHE,NEW",CHE-EVE-LIV-MCI-NEW,5,1+1+1+1+1,0,2.4583,100.0,12.5,-0.1204,2.474558,False,
BHA-EVE-LIV-MCI-SUN,5,1+1+1+1+1,1,2.5455,2.8,2.33,-0.2,2,"BHA,SUN","CHE,NEW",CHE-EVE-LIV-MCI-NEW,5,1+1+1+1+1,0,2.4583,100.0,12.5,-0.1204,2.474558,False,
EVE-LIV-MCI-MUN-TOT,5,1+1+1+1+1,0,2.5455,2.8,2.33,-0.2,2,"MUN,TOT","CHE,NEW",CHE-EVE-LIV-MCI-NEW,5,1+1+1+1+1,0,2.4583,100.0,12.5,-0.1204,2.474558,False,
EVE-LIV-MCI-TOT-SUN,5,1+1+1+1+1,1,2.5455,2.8,2.33,-0.2,2,"SUN,TOT","CHE,NEW",CHE-EVE-LIV-MCI-NEW,5,1+1+1+1+1,0,2.4583,100.0,12.5,-0.1204,2.474558,False,
AVL-BRE-CHE-LEE-MUN,5,1+1+1+1+1,0,2.5455,2.8,2.33,-0.1982,2,"BRE,MUN","LIV,NFO",AVL-CHE-LEE-LIV-NFO,5,1+1+1+1+1,0,2.4583,100.0,18.8,-0.0971,2.474558,False,
AVL-BRE-CHE-LEE-SUN,5,1+1+1+1+1,1,2.5455,2.8,2.33,-0.1982,2,"BRE,SUN","LIV,NFO",AVL-CHE-LEE-LIV-NFO,5,1+1+1+1+1,0,2.4583,100.0,18.8,-0.0971,2.474558,False,
BHA-CHE-LEE-LIV-MUN,5,1+1+1+1+1,0,2.5455,2.8,2.33,-0.1982,2,"BHA,MUN","AVL,NFO",AVL-CHE-LEE-LIV-NFO,5,1+1+1+1+1,0,2.4583,100.0,18.8,-0.0971,2.474558,False,
BHA-CHE-LEE-LIV-SUN,5,1+1+1+1+1,1,2.5455,2.8,2.33,-0.1982,2,"BHA,SUN","AVL,NFO",AVL-CHE-LEE-LIV-NFO,5,1+1+1+1+1,0,2.4583,100.0,18.8,-0.0971,2.474558,False,
BRE-CHE-LEE-LIV-MUN,5,1+1+1+1+1,0,2.5455,2.8,2.33,-0.1945,2,"BRE,MUN","AVL,NFO",AVL-CHE-LEE-LIV-NFO,5,1+1+1+1+1,0,2.4583,100.0,18.8,-0.0971,2.474558,False,
BRE-CHE-LEE-LIV-SUN,5,1+1+1+1+1,1,2.5455,2.8,2.33,-0.1945,2,"BRE,SUN","AVL,NFO",AVL-CHE-LEE-LIV-NFO,5,1+1+1+1+1,0,2.4583,100.0,18.8,-0.0971,2.474558,False,
BHA-CHE-EVE-MCI-MUN,5,1+1+1+1+1,0,2.5455,2.8,2.33,-0.1903,2,"BHA,MUN","LIV,NEW",CHE-EVE-LIV-MCI-NEW,5,1+1+1+1+1,0,2.4583,100.0,12.5,-0.1204,2.474558,False,
BHA-CHE-EVE-MCI-SUN,5,1+1+1+1+1,1,2.5455,2.8,2.33,-0.1903,2,"BHA,SUN","LIV,NEW",CHE-EVE-LIV-MCI-NEW,5,1+1+1+1+1,0,2.4583,100.0,12.5,-0.1204,2.474558,False,
AVL-LEE-LIV-MUN-TOT,5,1+1+1+1+1,0,2.5455,2.8,2.33,-0.1866,2,"MUN,TOT","CHE,NFO",AVL-CHE-LEE-LIV-NFO,5,1+1+1+1+1,0,2.4583,100.0,18.8,-0.0971,2.474558,False,
AVL-LEE-LIV-TOT-SUN,5,1+1+1+1+1,1,2.5455,2.8,2.33,-0.1866,2,"SUN,TOT","CHE,NFO",AVL-CHE-LEE-LIV-NFO,5,1+1+1+1+1,0,2.4583,100.0,18.8,-0.0971,2.474558,False,
AVL-LEE-MCI-MUN-TOT,5,1+1+1+1+1,0,2.5455,2.8,2.33,-0.1866,2,"MUN,TOT","COV,FUL",AVL-COV-FUL-LEE-MCI,5,1+1+1+1+1,0,2.4583,100.0,6.2,-0.201,2.474558,False,
AVL-LEE-MCI-TOT-SUN,5,1+1+1+1+1,1,2.5455,2.8,2.33,-0.1866,2,"SUN,TOT","COV,FUL",AVL-COV-FUL-LEE-MCI,5,1+1+1+1+1,0,2.4583,100.0,6.2,-0.201,2.474558,False,
AVL-LEE-LIV-LIV-MUN,4,2+1+1+1,0,2.5455,2.8,2.33,-0.1134,2,"LIV,MUN","CHE,NFO",AVL-CHE-LEE-LIV-NFO,5,1+1+1+1+1,0,2.4583,100.0,18.8,-0.0971,2.474558,False,
AVL-LEE-LIV-LIV-SUN,4,2+1+1+1,1,2.5455,2.8,2.33,-0.1134,2,"LIV,SUN","CHE,NFO",AVL-CHE-LEE-LIV-NFO,5,1+1+1+1+1,0,2.4583,100.0,18.8,-0.0971,2.474558,False,
AVL-LEE-MCI-MCI-MUN,4,2+1+1+1,0,2.5455,2.8,2.33,-0.1134,2,"MCI,MUN","COV,FUL",AVL-COV-FUL-LEE-MCI,5,1+1+1+1+1,0,2.4583,100.0,6.2,-0.201,2.474558,False,
AVL-LEE-MCI-MCI-SUN,4,2+1+1+1,1,2.5455,2.8,2.33,-0.1134,2,"MCI,SUN","COV,FUL",AVL-COV-FUL-LEE-MCI,5,1+1+1+1+1,0,2.4583,100.0,6.2,-0.201,2.474558,False,
AVL-AVL-LEE-LIV-MUN,4,2+1+1+1,0,2.5455,2.8,2.33,-0.1,2,"AVL,MUN","CHE,NFO",AVL-CHE-LEE-LIV-NFO,5,1+1+1+1+1,0,2.4583,100.0,18.8,-0.0971,2.474558,False,
AVL-AVL-LEE-LIV-SUN,4,2+1+1+1,1,2.5455,2.8,2.33,-0.1,2,"AVL,SUN","CHE,NFO",AVL-CHE-LEE-LIV-NFO,5,1+1+1+1+1,0,2.4583,100.0,18.8,-0.0971,2.474558,False,
AVL-AVL-LEE-MCI-MUN,4,2+1+1+1,0,2.5455,2.8,2.33,-0.1,2,"AVL,MUN","COV,FUL",AVL-COV-FUL-LEE-MCI,5,1+1+1+1+1,0,2.4583,100.0,6.2,-0.201,2.474558,False,
AVL-AVL-LEE-MCI-SUN,4,2+1+1+1,1,2.5455,2.8,2.33,-0.1,2,"AVL,SUN","COV,FUL",AVL-COV-FUL-LEE-MCI,5,1+1+1+1+1,0,2.4583,100.0,6.2,-0.201,2.474558,False,
CHE-CHE-LEE-LIV-MUN,4,2+1+1+1,0,2.5455,2.8,2.33,-0.1,2,"CHE,MUN","AVL,NFO",AVL-CHE-LEE-LIV-NFO,5,1+1+1+1+1,0,2.4583,100.0,18.8,-0.0971,2.474558,False,
CHE-CHE-LEE-LIV-SUN,4,2+1+1+1,1,2.5455,2.8,2.33,-0.1,2,"CHE,SUN","AVL,NFO",AVL-CHE-LEE-LIV-NFO,5,1+1+1+1+1,0,2.4583,100.0,18.8,-0.0971,2.474558,False,
AVL-CHE-CHE-LEE-MUN,4,2+1+1+1,0,2.5455,2.8,2.33,-0.094,2,"CHE,MUN","LIV,NFO",AVL-CHE-LEE-LIV-NFO,5,1+1+1+1+1,0,2.4583,100.0,18.8,-0.0971,2.474558,False,
AVL-CHE-CHE-LEE-SUN,4,2+1+1+1,1,2.5455,2.8,2.33,-0.094,2,"CHE,SUN","LIV,NFO",AVL-CHE-LEE-LIV-NFO,5,1+1+1+1+1,0,2.4583,100.0,18.8,-0.0971,2.474558,False,
AVL-CHE-LEE-MUN-TOT,5,1+1+1+1+1,0,2.5455,2.8,2.33,-0.0513,2,"MUN,TOT","LIV,NFO",AVL-CHE-LEE-LIV-NFO,5,1+1+1+1+1,0,2.4583,100.0,18.8,-0.0971,2.474558,False,
AVL-CHE-LEE-TOT-SUN,5,1+1+1+1+1,1,2.5455,2.8,2.33,-0.0513,2,"SUN,TOT","LIV,NFO",AVL-CHE-LEE-LIV-NFO,5,1+1+1+1+1,0,2.4583,100.0,18.8,-0.0971,2.474558,False,
CHE-LEE-LIV-MUN-TOT,5,1+1+1+1+1,0,2.5455,2.8,2.33,-0.0244,2,"MUN,TOT","AVL,NFO",AVL-CHE-LEE-LIV-NFO,5,1+1+1+1+1,0,2.4583,100.0,18.8,-0.0971,2.474558,False,
CHE-LEE-LIV-TOT-SUN,5,1+1+1+1+1,1,2.5455,2.8,2.33,-0.0244,2,"SUN,TOT","AVL,NFO",AVL-CHE-LEE-LIV-NFO,5,1+1+1+1+1,0,2.4583,100.0,18.8,-0.0971,2.474558,False,
AVL-BRE-LEE-LIV-MUN,5,1+1+1+1+1,0,2.5455,2.8,2.33,-0.0134,2,"BRE,MUN","CHE,NFO",AVL-CHE-LEE-LIV-NFO,5,1+1+1+1+1,0,2.4583,100.0,18.8,-0.0971,2.474558,False,
AVL-BRE-LEE-LIV-SUN,5,1+1+1+1+1,1,2.5455,2.8,2.33,-0.0134,2,"BRE,SUN","CHE,NFO",AVL-CHE-LEE-LIV-NFO,5,1+1+1+1+1,0,2.4583,100.0,18.8,-0.0971,2.474558,False,
AVL-BRE-LEE-MCI-MUN,5,1+1+1+1+1,0,2.5455,2.8,2.33,-0.0134,2,"BRE,MUN","COV,FUL",AVL-COV-FUL-LEE-MCI,5,1+1+1+1+1,0,2.4583,100.0,6.2,-0.201,2.474558,False,
AVL-BRE-LEE-MCI-SUN,5,1+1+1+1+1,1,2.5455,2.8,2.33,-0.0134,2,"BRE,SUN","COV,FUL",AVL-COV-FUL-LEE-MCI,5,1+1+1+1+1,0,2.4583,100.0,6.2,-0.201,2.474558,False,
CHE-EVE-MCI-MUN-TOT,5,1+1+1+1+1,0,2.5455,2.8,2.33,0.1201,2,"MUN,TOT","LIV,NEW",CHE-EVE-LIV-MCI-NEW,5,1+1+1+1+1,0,2.4583,100.0,12.5,-0.1204,2.474558,False,
CHE-EVE-MCI-TOT-SUN,5,1+1+1+1+1,1,2.5455,2.8,2.33,0.1201,2,"SUN,TOT","LIV,NEW",CHE-EVE-LIV-MCI-NEW,5,1+1+1+1+1,0,2.4583,100.0,12.5,-0.1204,2.474558,False,
MCI-MUN-NFO-NFO-SUN,4,2+1+1+1,1,2.3636,2.2,2.5,-0.1,2,"MUN,NFO","BHA,LIV",BHA-LIV-MCI-NFO-SUN,5,1+1+1+1+1,1,2.5,93.8,18.8,-0.126,2.474569,False,
MCI-MCI-MUN-NFO-SUN,4,2+1+1+1,1,2.3636,2.4,2.33,-0.3,2,"MCI,MUN","BHA,LIV",BHA-LIV-MCI-NFO-SUN,5,1+1+1+1+1,1,2.5,93.8,18.8,-0.126,2.474569,False,
ARS-CHE-LIV-MUN-MUN,4,2+1+1+1,0,2.3636,2.4,2.33,-0.0366,2,"MUN,MUN","AVL,BOU",ARS-AVL-BOU-CHE-LIV,5,1+1+1+1+1,0,2.5,93.8,12.5,-0.0545,2.474569,False,
AVL-LIV-MUN-MUN-TOT,4,2+1+1+1,0,2.3636,2.6,2.17,-0.3232,2,"MUN,TOT","BOU,COV",AVL-BOU-COV-LIV-MUN,5,1+1+1+1+1,0,2.5,100.0,12.5,-0.1393,2.474569,False,
AVL-LIV-TOT-SUN-SUN,4,2+1+1+1,2,2.3636,2.6,2.17,-0.3232,2,"AVL,SUN","BHA,NFO",BHA-LIV-NFO-TOT-SUN,5,1+1+1+1+1,1,2.5,100.0,18.8,-0.1476,2.474569,False,
AVL-MCI-MUN-MUN-TOT,4,2+1+1+1,0,2.3636,2.6,2.17,-0.3232,2,"MUN,TOT","COV,LIV",AVL-COV-LIV-MCI-MUN,5,1+1+1+1+1,0,2.5,100.0,12.5,-0.1362,2.474569,False,
AVL-MCI-TOT-SUN-SUN,4,2+1+1+1,2,2.3636,2.6,2.17,-0.3232,2,"AVL,SUN","CHE,NEW",CHE-MCI-NEW-TOT-SUN,5,1+1+1+1+1,1,2.5,100.0,6.2,-0.1909,2.474569,False,
BHA-LIV-MUN-MUN-TOT,4,2+1+1+1,0,2.3636,2.6,2.17,-0.3232,2,"MUN,MUN","NFO,NFO",BHA-LIV-NFO-NFO-TOT,4,2+1+1+1,0,2.5,100.0,18.8,-0.1486,2.474569,False,
AVL-AVL-MUN-TOT-SUN,4,2+1+1+1,1,2.3636,2.6,2.17,-0.3196,2,"AVL,MUN","CHE,LEE",AVL-CHE-LEE-TOT-SUN,5,1+1+1+1+1,1,2.5,100.0,12.5,-0.132,2.474569,False,
BHA-BHA-MUN-TOT-SUN,4,2+1+1+1,1,2.3636,2.6,2.17,-0.3196,2,"BHA,MUN","LIV,NFO",BHA-LIV-NFO-TOT-SUN,5,1+1+1+1+1,1,2.5,100.0,18.8,-0.1476,2.474569,False,
AVL-BRE-BRE-MUN-SUN,4,2+1+1+1,1,2.3636,2.6,2.17,-0.3,2,"BRE,MUN","CHE,MCI",AVL-BRE-CHE-MCI-SUN,5,1+1+1+1+1,1,2.5,100.0,18.8,-0.0507,2.474569,False,
AVL-BRE-LIV-MUN-MUN,4,2+1+1+1,0,2.3636,2.6,2.17,-0.3,2,"BRE,MUN","BOU,COV",AVL-BOU-COV-LIV-MUN,5,1+1+1+1+1,0,2.5,100.0,12.5,-0.1393,2.474569,False,
AVL-BRE-LIV-SUN-SUN,4,2+1+1+1,2,2.3636,2.6,2.17,-0.3,2,"SUN,SUN","NEW,NFO",AVL-BRE-LIV-NEW-NFO,5,1+1+1+1+1,0,2.5,100.0,18.8,-0.1088,2.474569,False,
AVL-LIV-LIV-MUN-SUN,4,2+1+1+1,1,2.3636,2.6,2.17,-0.3,2,"LIV,SUN","BOU,COV",AVL-BOU-COV-LIV-MUN,5,1+1+1+1+1,0,2.5,100.0,12.5,-0.1393,2.474569,False,
AVL-MCI-MCI-MUN-SUN,4,2+1+1+1,1,2.3636,2.6,2.17,-0.3,2,"MCI,MUN","CHE,NEW",AVL-CHE-MCI-NEW-SUN,5,1+1+1+1+1,1,2.5,100.0,12.5,-0.1692,2.474569,False,
BRE-BRE-CHE-MUN-SUN,4,2+1+1+1,1,2.3636,2.6,2.17,-0.3,2,"BRE,MUN","AVL,MCI",AVL-BRE-CHE-MCI-SUN,5,1+1+1+1+1,1,2.5,100.0,18.8,-0.0507,2.474569,False,
BRE-BRE-MCI-MUN-SUN,4,2+1+1+1,1,2.3636,2.6,2.17,-0.3,2,"BRE,MUN","AVL,CHE",AVL-BRE-CHE-MCI-SUN,5,1+1+1+1+1,1,2.5,100.0,18.8,-0.0507,2.474569,False,
BRE-BHA-LIV-MUN-MUN,4,2+1+1+1,0,2.3636,2.6,2.17,-0.3,2,"MUN,MUN","AVL,NFO",AVL-BRE-BHA-LIV-NFO,5,1+1+1+1+1,0,2.5,100.0,12.5,-0.09,2.474569,False,
BRE-CHE-MCI-MUN-MUN,4,2+1+1+1,0,2.3636,2.6,2.17,-0.3,2,"MUN,MUN","AVL,NEW",AVL-BRE-CHE-MCI-NEW,5,1+1+1+1+1,0,2.5,100.0,12.5,-0.1605,2.474569,False,
BRE-LIV-MCI-MUN-MUN,4,2+1+1+1,0,2.3636,2.6,2.17,-0.3,2,"BRE,MUN","COV,EVE",COV-EVE-LIV-MCI-MUN,5,1+1+1+1+1,0,2.5,100.0,6.2,-0.1541,2.474569,False,
BRE-MCI-MCI-MUN-SUN,4,2+1+1+1,1,2.3636,2.6,2.17,-0.3,2,"MCI,MUN","AVL,CHE",AVL-BRE-CHE-MCI-SUN,5,1+1+1+1+1,1,2.5,100.0,18.8,-0.0507,2.474569,False,
LIV-LIV-MUN-TOT-SUN,4,2+1+1+1,1,2.3636,2.6,2.17,-0.3,2,"LIV,MUN","BHA,NFO",BHA-LIV-NFO-TOT-SUN,5,1+1+1+1+1,1,2.5,100.0,18.8,-0.1476,2.474569,False,
LIV-MCI-MUN-MUN-TOT,4,2+1+1+1,0,2.3636,2.6,2.17,-0.3,2,"MUN,TOT","COV,EVE",COV-EVE-LIV-MCI-MUN,5,1+1+1+1+1,0,2.5,100.0,6.2,-0.1541,2.474569,False,
MCI-MCI-MUN-TOT-SUN,4,2+1+1+1,1,2.3636,2.6,2.17,-0.3,2,"MCI,MUN","CHE,NEW",CHE-MCI-NEW-TOT-SUN,5,1+1+1+1+1,1,2.5,100.0,6.2,-0.1909,2.474569,False,
BRE-BHA-CHE-SUN-SUN,4,2+1+1+1,2,2.3636,2.6,2.17,-0.2903,2,"BRE,SUN","COV,MCI",BHA-CHE-COV-MCI-SUN,5,1+1+1+1+1,1,2.5,100.0,18.8,-0.106,2.474569,False,
AVL-AVL-BRE-MUN-SUN,4,2+1+1+1,1,2.3636,2.6,2.17,-0.2732,2,"MUN,SUN","COV,LEE",AVL-AVL-BRE-COV-LEE,4,2+1+1+1,0,2.5,100.0,18.8,-0.1548,2.474569,False,
AVL-AVL-LIV-MUN-SUN,4,2+1+1+1,1,2.3636,2.6,2.17,-0.2732,2,"AVL,SUN","BOU,COV",AVL-BOU-COV-LIV-MUN,5,1+1+1+1+1,0,2.5,100.0,12.5,-0.1393,2.474569,False,
AVL-AVL-MCI-MUN-SUN,4,2+1+1+1,1,2.3636,2.6,2.17,-0.2732,2,"AVL,MUN","CHE,NEW",AVL-CHE-MCI-NEW-SUN,5,1+1+1+1+1,1,2.5,100.0,12.5,-0.1692,2.474569,False,
BHA-BHA-CHE-MUN-SUN,4,2+1+1+1,1,2.3636,2.6,2.17,-0.2538,2,"BHA,MUN","COV,MCI",BHA-CHE-COV-MCI-SUN,5,1+1+1+1+1,1,2.5,100.0,18.8,-0.106,2.474569,False,
AVL-LIV-MUN-TOT-SUN,5,1+1+1+1+1,1,2.3636,2.6,2.17,-0.2232,2,"AVL,MUN","BHA,NFO",BHA-LIV-NFO-TOT-SUN,5,1+1+1+1+1,1,2.5,100.0,18.8,-0.1476,2.474569,False,
AVL-MCI-MUN-TOT-SUN,5,1+1+1+1+1,1,2.3636,2.6,2.17,-0.2232,2,"AVL,MUN","CHE,NEW",CHE-MCI-NEW-TOT-SUN,5,1+1+1+1+1,1,2.5,100.0,6.2,-0.1909,2.474569,False,
AVL-BRE-LIV-MUN-SUN,5,1+1+1+1+1,1,2.3636,2.6,2.17,-0.2,2,"BRE,SUN","BOU,COV",AVL-BOU-COV-LIV-MUN,5,1+1+1+1+1,0,2.5,100.0,12.5,-0.1393,2.474569,False,
BRE-BHA-CHE-MUN-SUN,5,1+1+1+1+1,1,2.3636,2.6,2.17,-0.1903,2,"BRE,MUN","COV,MCI",BHA-CHE-COV-MCI-SUN,5,1+1+1+1+1,1,2.5,100.0,18.8,-0.106,2.474569,False,
ARS-CHE-LIV-NFO-NFO,4,2+1+1+1,0,2.6364,2.4,2.83,-0.0179,2,"ARS,NFO","AVL,BOU",AVL-BOU-CHE-LIV-NFO,5,1+1+1+1+1,0,2.4375,100.0,18.8,-0.0994,2.474583,False,
ARS-CHE-MCI-NFO-NFO,4,2+1+1+1,0,2.6364,2.4,2.83,-0.0179,2,"ARS,NFO","AVL,LIV",AVL-CHE-LIV-MCI-NFO,5,1+1+1+1+1,0,2.4375,100.0,25.0,-0.0529,2.474583,False,
CHE-IPS-LIV-NFO-NFO,4,2+1+1+1,0,2.6364,2.4,2.83,-0.0179,2,"IPS,NFO","AVL,BOU",AVL-BOU-CHE-LIV-NFO,5,1+1+1+1+1,0,2.4375,100.0,18.8,-0.0994,2.474583,False,
CHE-IPS-MCI-NFO-NFO,4,2+1+1+1,0,2.6364,2.4,2.83,-0.0179,2,"IPS,NFO","AVL,LIV",AVL-CHE-LIV-MCI-NFO,5,1+1+1+1+1,0,2.4375,100.0,25.0,-0.0529,2.474583,False,
ARS-ARS-LIV-MCI-NFO,4,2+1+1+1,0,2.6364,2.4,2.83,0.0732,2,"ARS,ARS","AVL,CHE",AVL-CHE-LIV-MCI-NFO,5,1+1+1+1+1,0,2.4375,100.0,25.0,-0.0529,2.474583,False,
IPS-IPS-LIV-MCI-NFO,4,2+1+1+1,0,2.6364,2.4,2.83,0.0732,2,"IPS,IPS","AVL,CHE",AVL-CHE-LIV-MCI-NFO,5,1+1+1+1+1,0,2.4375,100.0,25.0,-0.0529,2.474583,False,
ARS-IPS-LIV-MCI-NFO,5,1+1+1+1+1,0,2.6364,2.4,2.83,0.1732,2,"ARS,IPS","AVL,CHE",AVL-CHE-LIV-MCI-NFO,5,1+1+1+1+1,0,2.4375,100.0,25.0,-0.0529,2.474583,False,
ARS-LIV-MCI-NFO-NFO,4,2+1+1+1,0,2.6364,2.4,2.83,0.1732,2,"ARS,NFO","AVL,CHE",AVL-CHE-LIV-MCI-NFO,5,1+1+1+1+1,0,2.4375,100.0,25.0,-0.0529,2.474583,False,
IPS-LIV-MCI-NFO-NFO,4,2+1+1+1,0,2.6364,2.4,2.83,0.1732,2,"IPS,NFO","AVL,CHE",AVL-CHE-LIV-MCI-NFO,5,1+1+1+1+1,0,2.4375,100.0,25.0,-0.0529,2.474583,False,
ARS-CHE-EVE-MUN-NFO,5,1+1+1+1+1,0,2.6364,2.4,2.83,0.4618,2,"ARS,MUN","BOU,LIV",BOU-CHE-EVE-LIV-NFO,5,1+1+1+1+1,0,2.4375,100.0,25.0,-0.0785,2.474583,False,
ARS-CHE-EVE-NFO-SUN,5,1+1+1+1+1,1,2.6364,2.4,2.83,0.4618,2,"ARS,SUN","BOU,LIV",BOU-CHE-EVE-LIV-NFO,5,1+1+1+1+1,0,2.4375,100.0,25.0,-0.0785,2.474583,False,
CHE-EVE-IPS-MUN-NFO,5,1+1+1+1+1,0,2.6364,2.4,2.83,0.4618,2,"IPS,MUN","BOU,LIV",BOU-CHE-EVE-LIV-NFO,5,1+1+1+1+1,0,2.4375,100.0,25.0,-0.0785,2.474583,False,
EVE-LIV-NFO-NFO-TOT,4,2+1+1+1,0,2.6364,2.6,2.67,-0.2732,2,"NFO,TOT","BOU,CHE",BOU-CHE-EVE-LIV-NFO,5,1+1+1+1+1,0,2.4375,100.0,25.0,-0.0785,2.474583,False,
ARS-ARS-CHE-LIV-MCI,4,2+1+1+1,0,2.6364,2.6,2.67,-0.2512,2,"ARS,ARS","AVL,NFO",AVL-CHE-LIV-MCI-NFO,5,1+1+1+1+1,0,2.4375,100.0,25.0,-0.0529,2.474583,False,
CHE-IPS-IPS-LIV-MCI,4,2+1+1+1,0,2.6364,2.6,2.67,-0.2512,2,"IPS,IPS","AVL,NFO",AVL-CHE-LIV-MCI-NFO,5,1+1+1+1+1,0,2.4375,100.0,25.0,-0.0529,2.474583,False,
AVL-CHE-NFO-NFO-TOT,4,2+1+1+1,0,2.6364,2.6,2.67,-0.2479,2,"NFO,TOT","BOU,LIV",AVL-BOU-CHE-LIV-NFO,5,1+1+1+1+1,0,2.4375,100.0,18.8,-0.0994,2.474583,False,
ARS-CHE-CHE-LIV-NFO,4,2+1+1+1,0,2.6364,2.6,2.67,-0.18,2,"ARS,CHE","AVL,BOU",AVL-BOU-CHE-LIV-NFO,5,1+1+1+1+1,0,2.4375,100.0,18.8,-0.0994,2.474583,False,
ARS-CHE-CHE-MCI-NFO,4,2+1+1+1,0,2.6364,2.6,2.67,-0.18,2,"ARS,CHE","AVL,LIV",AVL-CHE-LIV-MCI-NFO,5,1+1+1+1+1,0,2.4375,100.0,25.0,-0.0529,2.474583,False,
CHE-CHE-IPS-LIV-NFO,4,2+1+1+1,0,2.6364,2.6,2.67,-0.18,2,"CHE,IPS","AVL,BOU",AVL-BOU-CHE-LIV-NFO,5,1+1+1+1+1,0,2.4375,100.0,18.8,-0.0994,2.474583,False,
CHE-CHE-IPS-MCI-NFO,4,2+1+1+1,0,2.6364,2.6,2.67,-0.18,2,"CHE,IPS","AVL,LIV",AVL-CHE-LIV-MCI-NFO,5,1+1+1+1+1,0,2.4375,100.0,25.0,-0.0529,2.474583,False,
BRE-CHE-EVE-NFO-NFO,4,2+1+1+1,0,2.6364,2.6,2.67,-0.1655,2,"BRE,NFO","BOU,LIV",BOU-CHE-EVE-LIV-NFO,5,1+1+1+1+1,0,2.4375,100.0,25.0,-0.0785,2.474583,False,
CHE-EVE-LIV-NFO-NFO,4,2+1+1+1,0,2.6364,2.6,2.67,-0.1655,2,"EVE,NFO","AVL,BOU",AVL-BOU-CHE-LIV-NFO,5,1+1+1+1+1,0,2.4375,100.0,18.8,-0.0994,2.474583,False,
CHE-EVE-MCI-NFO-NFO,4,2+1+1+1,0,2.6364,2.6,2.67,-0.1655,2,"MCI,NFO","BOU,LIV",BOU-CHE-EVE-LIV-NFO,5,1+1+1+1+1,0,2.4375,100.0,25.0,-0.0785,2.474583,False,
ARS-EVE-LIV-LIV-NFO,4,2+1+1+1,0,2.6364,2.6,2.67,-0.1634,2,"ARS,LIV","BOU,CHE",BOU-CHE-EVE-LIV-NFO,5,1+1+1+1+1,0,2.4375,100.0,25.0,-0.0785,2.474583,False,
EVE-IPS-LIV-LIV-NFO,4,2+1+1+1,0,2.6364,2.6,2.67,-0.1634,2,"IPS,LIV","BOU,CHE",BOU-CHE-EVE-LIV-NFO,5,1+1+1+1+1,0,2.4375,100.0,25.0,-0.0785,2.474583,False,
ARS-CHE-IPS-LIV-MCI,5,1+1+1+1+1,0,2.6364,2.6,2.67,-0.1512,2,"ARS,IPS","AVL,NFO",AVL-CHE-LIV-MCI-NFO,5,1+1+1+1+1,0,2.4375,100.0,25.0,-0.0529,2.474583,False,
ARS-EVE-LIV-NFO-TOT,5,1+1+1+1+1,0,2.6364,2.6,2.67,-0.15,2,"ARS,TOT","BOU,CHE",BOU-CHE-EVE-LIV-NFO,5,1+1+1+1+1,0,2.4375,100.0,25.0,-0.0785,2.474583,False,
EVE-IPS-LIV-NFO-TOT,5,1+1+1+1+1,0,2.6364,2.6,2.67,-0.15,2,"IPS,TOT","BOU,CHE",BOU-CHE-EVE-LIV-NFO,5,1+1+1+1+1,0,2.4375,100.0,25.0,-0.0785,2.474583,False,
AVL-LIV-NFO-NFO-TOT,4,2+1+1+1,0,2.6364,2.6,2.67,-0.1232,2,"NFO,TOT","BOU,CHE",AVL-BOU-CHE-LIV-NFO,5,1+1+1+1+1,0,2.4375,100.0,18.8,-0.0994,2.474583,False,
AVL-MCI-NFO-NFO-TOT,4,2+1+1+1,0,2.6364,2.6,2.67,-0.1232,2,"NFO,TOT","CHE,LIV",AVL-CHE-LIV-MCI-NFO,5,1+1+1+1+1,0,2.4375,100.0,25.0,-0.0529,2.474583,False,
ARS-AVL-CHE-NFO-TOT,5,1+1+1+1+1,0,2.6364,2.6,2.67,-0.123,2,"ARS,TOT","BOU,LIV",AVL-BOU-CHE-LIV-NFO,5,1+1+1+1+1,0,2.4375,100.0,18.8,-0.0994,2.474583,False,
AVL-CHE-IPS-NFO-TOT,5,1+1+1+1+1,0,2.6364,2.6,2.67,-0.123,2,"IPS,TOT","BOU,LIV",AVL-BOU-CHE-LIV-NFO,5,1+1+1+1+1,0,2.4375,100.0,18.8,-0.0994,2.474583,False,
ARS-AVL-LIV-NFO-TOT,5,1+1+1+1+1,0,2.6364,2.6,2.67,-0.1,2,"ARS,TOT","BOU,CHE",AVL-BOU-CHE-LIV-NFO,5,1+1+1+1+1,0,2.4375,100.0,18.8,-0.0994,2.474583,False,
ARS-AVL-MCI-NFO-TOT,5,1+1+1+1+1,0,2.6364,2.6,2.67,-0.1,2,"ARS,TOT","CHE,LIV",AVL-CHE-LIV-MCI-NFO,5,1+1+1+1+1,0,2.4375,100.0,25.0,-0.0529,2.474583,False,
AVL-IPS-LIV-NFO-TOT,5,1+1+1+1+1,0,2.6364,2.6,2.67,-0.1,2,"IPS,TOT","BOU,CHE",AVL-BOU-CHE-LIV-NFO,5,1+1+1+1+1,0,2.4375,100.0,18.8,-0.0994,2.474583,False,
AVL-IPS-MCI-NFO-TOT,5,1+1+1+1+1,0,2.6364,2.6,2.67,-0.1,2,"IPS,TOT","CHE,LIV",AVL-CHE-LIV-MCI-NFO,5,1+1+1+1+1,0,2.4375,100.0,25.0,-0.0529,2.474583,False,
BRE-EVE-LIV-NFO-NFO,4,2+1+1+1,0,2.6364,2.6,2.67,-0.1,2,"BRE,NFO","BOU,CHE",BOU-CHE-EVE-LIV-NFO,5,1+1+1+1+1,0,2.4375,100.0,25.0,-0.0785,2.474583,False,
EVE-EVE-LIV-MUN-NFO,4,2+1+1+1,0,2.6364,2.6,2.67,-0.1,2,"EVE,MUN","BOU,CHE",BOU-CHE-EVE-LIV-NFO,5,1+1+1+1+1,0,2.4375,100.0,25.0,-0.0785,2.474583,False,
EVE-EVE-LIV-NFO-SUN,4,2+1+1+1,1,2.6364,2.6,2.67,-0.1,2,"EVE,SUN","BOU,CHE",BOU-CHE-EVE-LIV-NFO,5,1+1+1+1+1,0,2.4375,100.0,25.0,-0.0785,2.474583,False,
EVE-LIV-MCI-NFO-NFO,4,2+1+1+1,0,2.6364,2.6,2.67,-0.1,2,"MCI,NFO","BOU,CHE",BOU-CHE-EVE-LIV-NFO,5,1+1+1+1+1,0,2.4375,100.0,25.0,-0.0785,2.474583,False,
AVL-BRE-CHE-NFO-NFO,4,2+1+1+1,0,2.6364,2.6,2.67,-0.0716,2,"BRE,NFO","BOU,LIV",AVL-BOU-CHE-LIV-NFO,5,1+1+1+1+1,0,2.4375,100.0,18.8,-0.0994,2.474583,False,
AVL-CHE-LIV-NFO-NFO,4,2+1+1+1,0,2.6364,2.6,2.67,-0.0716,1,NFO,BOU,AVL-BOU-CHE-LIV-NFO,5,1+1+1+1+1,0,2.4375,100.0,18.8,-0.0994,2.474583,False,
AVL-CHE-MCI-NFO-NFO,4,2+1+1+1,0,2.6364,2.6,2.67,-0.0716,2,"MCI,NFO","BOU,LIV",AVL-BOU-CHE-LIV-NFO,5,1+1+1+1+1,0,2.4375,100.0,18.8,-0.0994,2.474583,False,
BHA-CHE-LIV-NFO-NFO,4,2+1+1+1,0,2.6364,2.6,2.67,-0.0716,2,"BHA,NFO","AVL,BOU",AVL-BOU-CHE-LIV-NFO,5,1+1+1+1+1,0,2.4375,100.0,18.8,-0.0994,2.474583,False,
BHA-CHE-MCI-NFO-NFO,4,2+1+1+1,0,2.6364,2.6,2.67,-0.0716,2,"BHA,NFO","AVL,LIV",AVL-CHE-LIV-MCI-NFO,5,1+1+1+1+1,0,2.4375,100.0,25.0,-0.0529,2.474583,False,
ARS-BRE-EVE-LIV-NFO,5,1+1+1+1+1,0,2.6364,2.6,2.67,-0.0634,2,"ARS,BRE","BOU,CHE",BOU-CHE-EVE-LIV-NFO,5,1+1+1+1+1,0,2.4375,100.0,25.0,-0.0785,2.474583,False,
ARS-EVE-LIV-MCI-NFO,5,1+1+1+1+1,0,2.6364,2.6,2.67,-0.0634,2,"ARS,MCI","BOU,CHE",BOU-CHE-EVE-LIV-NFO,5,1+1+1+1+1,0,2.4375,100.0,25.0,-0.0785,2.474583,False,
BRE-EVE-IPS-LIV-NFO,5,1+1+1+1+1,0,2.6364,2.6,2.67,-0.0634,2,"BRE,IPS","BOU,CHE",BOU-CHE-EVE-LIV-NFO,5,1+1+1+1+1,0,2.4375,100.0,25.0,-0.0785,2.474583,False,
EVE-IPS-LIV-MCI-NFO,5,1+1+1+1+1,0,2.6364,2.6,2.67,-0.0634,2,"IPS,MCI","BOU,CHE",BOU-CHE-EVE-LIV-NFO,5,1+1+1+1+1,0,2.4375,100.0,25.0,-0.0785,2.474583,False,
ARS-AVL-BRE-CHE-NFO,5,1+1+1+1+1,0,2.6364,2.6,2.67,-0.0333,2,"ARS,BRE","BOU,LIV",AVL-BOU-CHE-LIV-NFO,5,1+1+1+1+1,0,2.4375,100.0,18.8,-0.0994,2.474583,False,
ARS-AVL-CHE-LIV-NFO,5,1+1+1+1+1,0,2.6364,2.6,2.67,-0.0333,1,ARS,BOU,AVL-BOU-CHE-LIV-NFO,5,1+1+1+1+1,0,2.4375,100.0,18.8,-0.0994,2.474583,False,
ARS-AVL-CHE-MCI-NFO,5,1+1+1+1+1,0,2.6364,2.6,2.67,-0.0333,2,"ARS,MCI","BOU,LIV",AVL-BOU-CHE-LIV-NFO,5,1+1+1+1+1,0,2.4375,100.0,18.8,-0.0994,2.474583,False,
ARS-BHA-CHE-LIV-NFO,5,1+1+1+1+1,0,2.6364,2.6,2.67,-0.0333,2,"ARS,BHA","AVL,BOU",AVL-BOU-CHE-LIV-NFO,5,1+1+1+1+1,0,2.4375,100.0,18.8,-0.0994,2.474583,False,
ARS-BHA-CHE-MCI-NFO,5,1+1+1+1+1,0,2.6364,2.6,2.67,-0.0333,2,"ARS,BHA","AVL,LIV",AVL-CHE-LIV-MCI-NFO,5,1+1+1+1+1,0,2.4375,100.0,25.0,-0.0529,2.474583,False,
AVL-BRE-CHE-IPS-NFO,5,1+1+1+1+1,0,2.6364,2.6,2.67,-0.0333,2,"BRE,IPS","BOU,LIV",AVL-BOU-CHE-LIV-NFO,5,1+1+1+1+1,0,2.4375,100.0,18.8,-0.0994,2.474583,False,
AVL-CHE-IPS-LIV-NFO,5,1+1+1+1+1,0,2.6364,2.6,2.67,-0.0333,1,IPS,BOU,AVL-BOU-CHE-LIV-NFO,5,1+1+1+1+1,0,2.4375,100.0,18.8,-0.0994,2.474583,False,
AVL-CHE-IPS-MCI-NFO,5,1+1+1+1+1,0,2.6364,2.6,2.67,-0.0333,2,"IPS,MCI","BOU,LIV",AVL-BOU-CHE-LIV-NFO,5,1+1+1+1+1,0,2.4375,100.0,18.8,-0.0994,2.474583,False,
BHA-CHE-IPS-LIV-NFO,5,1+1+1+1+1,0,2.6364,2.6,2.67,-0.0333,2,"BHA,IPS","AVL,BOU",AVL-BOU-CHE-LIV-NFO,5,1+1+1+1+1,0,2.4375,100.0,18.8,-0.0994,2.474583,False,
BHA-CHE-IPS-MCI-NFO,5,1+1+1+1+1,0,2.6364,2.6,2.67,-0.0333,2,"BHA,IPS","AVL,LIV",AVL-CHE-LIV-MCI-NFO,5,1+1+1+1+1,0,2.4375,100.0,25.0,-0.0529,2.474583,False,
AVL-CHE-CRY-MUN-NFO,5,1+1+1+1+1,0,2.6364,2.6,2.67,-0.0254,2,"CRY,MUN","BOU,LIV",AVL-BOU-CHE-LIV-NFO,5,1+1+1+1+1,0,2.4375,100.0,18.8,-0.0994,2.474583,False,
AVL-CHE-CRY-NFO-SUN,5,1+1+1+1+1,1,2.6364,2.6,2.67,-0.0254,2,"CRY,SUN","BOU,LIV",AVL-BOU-CHE-LIV-NFO,5,1+1+1+1+1,0,2.4375,100.0,18.8,-0.0994,2.474583,False,
CHE-EVE-NFO-NFO-TOT,4,2+1+1+1,0,2.6364,2.6,2.67,-0.0186,2,"NFO,TOT","BOU,LIV",BOU-CHE-EVE-LIV-NFO,5,1+1+1+1+1,0,2.4375,100.0,25.0,-0.0785,2.474583,False,
ARS-CHE-EVE-LIV-MUN,5,1+1+1+1+1,0,2.6364,2.6,2.67,0.0634,2,"ARS,MUN","BOU,NFO",BOU-CHE-EVE-LIV-NFO,5,1+1+1+1+1,0,2.4375,100.0,25.0,-0.0785,2.474583,False,
ARS-CHE-EVE-LIV-SUN,5,1+1+1+1+1,1,2.6364,2.6,2.67,0.0634,2,"ARS,SUN","BOU,NFO",BOU-CHE-EVE-LIV-NFO,5,1+1+1+1+1,0,2.4375,100.0,25.0,-0.0785,2.474583,False,
CHE-EVE-IPS-LIV-MUN,5,1+1+1+1+1,0,2.6364,2.6,2.67,0.0634,2,"IPS,MUN","BOU,NFO",BOU-CHE-EVE-LIV-NFO,5,1+1+1+1+1,0,2.4375,100.0,25.0,-0.0785,2.474583,False,
ARS-ARS-AVL-LIV-MCI,4,2+1+1+1,0,2.6364,2.6,2.67,0.0732,2,"ARS,ARS","CHE,NFO",AVL-CHE-LIV-MCI-NFO,5,1+1+1+1+1,0,2.4375,100.0,25.0,-0.0529,2.474583,False,
AVL-IPS-IPS-LIV-MCI,4,2+1+1+1,0,2.6364,2.6,2.67,0.0732,2,"IPS,IPS","CHE,NFO",AVL-CHE-LIV-MCI-NFO,5,1+1+1+1+1,0,2.4375,100.0,25.0,-0.0529,2.474583,False,
AVL-CRY-LIV-MUN-NFO,5,1+1+1+1+1,0,2.6364,2.6,2.67,0.1232,2,"CRY,MUN","BOU,CHE",AVL-BOU-CHE-LIV-NFO,5,1+1+1+1+1,0,2.4375,100.0,18.8,-0.0994,2.474583,False,
AVL-CRY-LIV-NFO-SUN,5,1+1+1+1+1,1,2.6364,2.6,2.67,0.1232,2,"CRY,SUN","BOU,CHE",AVL-BOU-CHE-LIV-NFO,5,1+1+1+1+1,0,2.4375,100.0,18.8,-0.0994,2.474583,False,
AVL-CRY-MCI-MUN-NFO,5,1+1+1+1+1,0,2.6364,2.6,2.67,0.1232,2,"CRY,MUN","CHE,LIV",AVL-CHE-LIV-MCI-NFO,5,1+1+1+1+1,0,2.4375,100.0,25.0,-0.0529,2.474583,False,
AVL-CRY-MCI-NFO-SUN,5,1+1+1+1+1,1,2.6364,2.6,2.67,0.1232,2,"CRY,SUN","CHE,LIV",AVL-CHE-LIV-MCI-NFO,5,1+1+1+1+1,0,2.4375,100.0,25.0,-0.0529,2.474583,False,
ARS-AVL-IPS-LIV-MCI,5,1+1+1+1+1,0,2.6364,2.6,2.67,0.1732,2,"ARS,IPS","CHE,NFO",AVL-CHE-LIV-MCI-NFO,5,1+1+1+1+1,0,2.4375,100.0,25.0,-0.0529,2.474583,False,
ARS-AVL-LIV-LIV-NFO,4,2+1+1+1,0,2.6364,2.6,2.67,0.2098,2,"ARS,LIV","BOU,CHE",AVL-BOU-CHE-LIV-NFO,5,1+1+1+1+1,0,2.4375,100.0,18.8,-0.0994,2.474583,False,
ARS-AVL-MCI-MCI-NFO,4,2+1+1+1,0,2.6364,2.6,2.67,0.2098,2,"ARS,MCI","CHE,LIV",AVL-CHE-LIV-MCI-NFO,5,1+1+1+1+1,0,2.4375,100.0,25.0,-0.0529,2.474583,False,
AVL-IPS-LIV-LIV-NFO,4,2+1+1+1,0,2.6364,2.6,2.67,0.2098,2,"IPS,LIV","BOU,CHE",AVL-BOU-CHE-LIV-NFO,5,1+1+1+1+1,0,2.4375,100.0,18.8,-0.0994,2.474583,False,
AVL-IPS-MCI-MCI-NFO,4,2+1+1+1,0,2.6364,2.6,2.67,0.2098,2,"IPS,MCI","CHE,LIV",AVL-CHE-LIV-MCI-NFO,5,1+1+1+1+1,0,2.4375,100.0,25.0,-0.0529,2.474583,False,
ARS-AVL-BRE-LIV-NFO,5,1+1+1+1+1,0,2.6364,2.6,2.67,0.3098,2,"ARS,BRE","BOU,CHE",AVL-BOU-CHE-LIV-NFO,5,1+1+1+1+1,0,2.4375,100.0,18.8,-0.0994,2.474583,False,
ARS-AVL-BRE-MCI-NFO,5,1+1+1+1+1,0,2.6364,2.6,2.67,0.3098,2,"ARS,BRE","CHE,LIV",AVL-CHE-LIV-MCI-NFO,5,1+1+1+1+1,0,2.4375,100.0,25.0,-0.0529,2.474583,False,
ARS-AVL-LIV-MCI-NFO,5,1+1+1+1+1,0,2.6364,2.6,2.67,0.3098,2,"ARS,MCI","BOU,CHE",AVL-BOU-CHE-LIV-NFO,5,1+1+1+1+1,0,2.4375,100.0,18.8,-0.0994,2.474583,False,
ARS-BHA-LIV-MCI-NFO,5,1+1+1+1+1,0,2.6364,2.6,2.67,0.3098,2,"ARS,BHA","AVL,CHE",AVL-CHE-LIV-MCI-NFO,5,1+1+1+1+1,0,2.4375,100.0,25.0,-0.0529,2.474583,False,
AVL-BRE-IPS-LIV-NFO,5,1+1+1+1+1,0,2.6364,2.6,2.67,0.3098,2,"BRE,IPS","BOU,CHE",AVL-BOU-CHE-LIV-NFO,5,1+1+1+1+1,0,2.4375,100.0,18.8,-0.0994,2.474583,False,
AVL-BRE-IPS-MCI-NFO,5,1+1+1+1+1,0,2.6364,2.6,2.67,0.3098,2,"BRE,IPS","CHE,LIV",AVL-CHE-LIV-MCI-NFO,5,1+1+1+1+1,0,2.4375,100.0,25.0,-0.0529,2.474583,False,
AVL-IPS-LIV-MCI-NFO,5,1+1+1+1+1,0,2.6364,2.6,2.67,0.3098,2,"IPS,MCI","BOU,CHE",AVL-BOU-CHE-LIV-NFO,5,1+1+1+1+1,0,2.4375,100.0,18.8,-0.0994,2.474583,False,
BHA-IPS-LIV-MCI-NFO,5,1+1+1+1+1,0,2.6364,2.6,2.67,0.3098,2,"BHA,IPS","AVL,CHE",AVL-CHE-LIV-MCI-NFO,5,1+1+1+1+1,0,2.4375,100.0,25.0,-0.0529,2.474583,False,
AVL-BRE-LIV-NFO-NFO,4,2+1+1+1,0,2.6364,2.6,2.67,0.3732,2,"BRE,NFO","BOU,CHE",AVL-BOU-CHE-LIV-NFO,5,1+1+1+1+1,0,2.4375,100.0,18.8,-0.0994,2.474583,False,
AVL-BRE-MCI-NFO-NFO,4,2+1+1+1,0,2.6364,2.6,2.67,0.3732,2,"BRE,NFO","CHE,LIV",AVL-CHE-LIV-MCI-NFO,5,1+1+1+1+1,0,2.4375,100.0,25.0,-0.0529,2.474583,False,
AVL-LIV-MCI-NFO-NFO,4,2+1+1+1,0,2.6364,2.6,2.67,0.3732,2,"MCI,NFO","BOU,CHE",AVL-BOU-CHE-LIV-NFO,5,1+1+1+1+1,0,2.4375,100.0,18.8,-0.0994,2.474583,False,
BHA-LIV-MCI-NFO-NFO,4,2+1+1+1,0,2.6364,2.6,2.67,0.3732,2,"BHA,NFO","AVL,CHE",AVL-CHE-LIV-MCI-NFO,5,1+1+1+1+1,0,2.4375,100.0,25.0,-0.0529,2.474583,False,
CHE-CHE-EVE-MUN-NFO,4,2+1+1+1,0,2.6364,2.6,2.67,0.4125,2,"CHE,MUN","BOU,LIV",BOU-CHE-EVE-LIV-NFO,5,1+1+1+1+1,0,2.4375,100.0,25.0,-0.0785,2.474583,False,
CHE-CHE-EVE-NFO-SUN,4,2+1+1+1,1,2.6364,2.6,2.67,0.4125,2,"CHE,SUN","BOU,LIV",BOU-CHE-EVE-LIV-NFO,5,1+1+1+1+1,0,2.4375,100.0,25.0,-0.0785,2.474583,False,
ARS-CHE-CHE-LIV-MCI,4,2+1+1+1,0,2.6364,2.8,2.5,-0.3402,2,"ARS,CHE","AVL,NFO",AVL-CHE-LIV-MCI-NFO,5,1+1+1+1+1,0,2.4375,100.0,25.0,-0.0529,2.474583,False,
CHE-CHE-IPS-LIV-MCI,4,2+1+1+1,0,2.6364,2.8,2.5,-0.3402,2,"CHE,IPS","AVL,NFO",AVL-CHE-LIV-MCI-NFO,5,1+1+1+1+1,0,2.4375,100.0,25.0,-0.0529,2.474583,False,
EVE-LIV-LIV-NFO-TOT,4,2+1+1+1,0,2.6364,2.8,2.5,-0.3366,2,"LIV,TOT","BOU,CHE",BOU-CHE-EVE-LIV-NFO,5,1+1+1+1+1,0,2.4375,100.0,25.0,-0.0785,2.474583,False,
BRE-BRE-CHE-EVE-NFO,4,2+1+1+1,0,2.6364,2.8,2.5,-0.3272,2,"BRE,BRE","BOU,LIV",BOU-CHE-EVE-LIV-NFO,5,1+1+1+1+1,0,2.4375,100.0,25.0,-0.0785,2.474583,False,
CHE-EVE-LIV-LIV-NFO,4,2+1+1+1,0,2.6364,2.8,2.5,-0.3272,2,"EVE,LIV","AVL,BOU",AVL-BOU-CHE-LIV-NFO,5,1+1+1+1+1,0,2.4375,100.0,18.8,-0.0994,2.474583,False,
CHE-EVE-MCI-MCI-NFO,4,2+1+1+1,0,2.6364,2.8,2.5,-0.3272,2,"MCI,MCI","BOU,LIV",BOU-CHE-EVE-LIV-NFO,5,1+1+1+1+1,0,2.4375,100.0,25.0,-0.0785,2.474583,False,
AVL-AVL-CHE-NFO-TOT,4,2+1+1+1,0,2.6364,2.8,2.5,-0.3133,2,"AVL,TOT","BOU,LIV",AVL-BOU-CHE-LIV-NFO,5,1+1+1+1+1,0,2.4375,100.0,18.8,-0.0994,2.474583,False,
ARS-AVL-CHE-CHE-LIV,4,2+1+1+1,0,2.6364,2.8,2.5,-0.311,2,"ARS,CHE","BOU,NFO",AVL-BOU-CHE-LIV-NFO,5,1+1+1+1+1,0,2.4375,100.0,18.8,-0.0994,2.474583,False,
ARS-AVL-CHE-CHE-MCI,4,2+1+1+1,0,2.6364,2.8,2.5,-0.311,2,"ARS,CHE","LIV,NFO",AVL-CHE-LIV-MCI-NFO,5,1+1+1+1+1,0,2.4375,100.0,25.0,-0.0529,2.474583,False,
AVL-CHE-CHE-IPS-LIV,4,2+1+1+1,0,2.6364,2.8,2.5,-0.311,2,"CHE,IPS","BOU,NFO",AVL-BOU-CHE-LIV-NFO,5,1+1+1+1+1,0,2.4375,100.0,18.8,-0.0994,2.474583,False,
AVL-CHE-CHE-IPS-MCI,4,2+1+1+1,0,2.6364,2.8,2.5,-0.311,2,"CHE,IPS","LIV,NFO",AVL-CHE-LIV-MCI-NFO,5,1+1+1+1+1,0,2.4375,100.0,25.0,-0.0529,2.474583,False,
EVE-LIV-NFO-TOT-TOT,4,2+1+1+1,0,2.6364,2.8,2.5,-0.2732,2,"TOT,TOT","BOU,CHE",BOU-CHE-EVE-LIV-NFO,5,1+1+1+1+1,0,2.4375,100.0,25.0,-0.0785,2.474583,False,
CHE-CHE-CRY-LIV-NFO,4,2+1+1+1,0,2.6364,2.8,2.5,-0.269,2,"CHE,CRY","AVL,BOU",AVL-BOU-CHE-LIV-NFO,5,1+1+1+1+1,0,2.4375,100.0,18.8,-0.0994,2.474583,False,
CHE-CHE-CRY-MCI-NFO,4,2+1+1+1,0,2.6364,2.8,2.5,-0.269,2,"CHE,CRY","AVL,LIV",AVL-CHE-LIV-MCI-NFO,5,1+1+1+1+1,0,2.4375,100.0,25.0,-0.0529,2.474583,False,
EVE-LIV-MCI-NFO-TOT,5,1+1+1+1+1,0,2.6364,2.8,2.5,-0.2366,2,"MCI,TOT","BOU,CHE",BOU-CHE-EVE-LIV-NFO,5,1+1+1+1+1,0,2.4375,100.0,25.0,-0.0785,2.474583,False,
BRE-CHE-EVE-LIV-NFO,5,1+1+1+1+1,0,2.6364,2.8,2.5,-0.2272,2,"BRE,EVE","AVL,BOU",AVL-BOU-CHE-LIV-NFO,5,1+1+1+1+1,0,2.4375,100.0,18.8,-0.0994,2.474583,False,
BRE-CHE-EVE-MCI-NFO,5,1+1+1+1+1,0,2.6364,2.8,2.5,-0.2272,2,"BRE,MCI","BOU,LIV",BOU-CHE-EVE-LIV-NFO,5,1+1+1+1+1,0,2.4375,100.0,25.0,-0.0785,2.474583,False,
CHE-CRY-LIV-NFO-TOT,5,1+1+1+1+1,0,2.6364,2.8,2.5,-0.2272,2,"CRY,TOT","AVL,BOU",AVL-BOU-CHE-LIV-NFO,5,1+1+1+1+1,0,2.4375,100.0,18.8,-0.0994,2.474583,False,
CHE-CRY-MCI-NFO-TOT,5,1+1+1+1+1,0,2.6364,2.8,2.5,-0.2272,2,"CRY,TOT","AVL,LIV",AVL-CHE-LIV-MCI-NFO,5,1+1+1+1+1,0,2.4375,100.0,25.0,-0.0529,2.474583,False,
CHE-EVE-LIV-MCI-NFO,5,1+1+1+1+1,0,2.6364,2.8,2.5,-0.2272,2,"EVE,MCI","AVL,BOU",AVL-BOU-CHE-LIV-NFO,5,1+1+1+1+1,0,2.4375,100.0,18.8,-0.0994,2.474583,False,
AVL-EVE-LIV-NFO-TOT,5,1+1+1+1+1,0,2.6364,2.8,2.5,-0.2232,2,"EVE,TOT","BOU,CHE",AVL-BOU-CHE-LIV-NFO,5,1+1+1+1+1,0,2.4375,100.0,18.8,-0.0994,2.474583,False,
AVL-EVE-MCI-NFO-TOT,5,1+1+1+1+1,0,2.6364,2.8,2.5,-0.2232,2,"EVE,TOT","CHE,LIV",AVL-CHE-LIV-MCI-NFO,5,1+1+1+1+1,0,2.4375,100.0,25.0,-0.0529,2.474583,False,
BHA-EVE-LIV-NFO-TOT,5,1+1+1+1+1,0,2.6364,2.8,2.5,-0.2232,2,"BHA,TOT","BOU,CHE",BOU-CHE-EVE-LIV-NFO,5,1+1+1+1+1,0,2.4375,100.0,25.0,-0.0785,2.474583,False,
AVL-BRE-CHE-EVE-NFO,5,1+1+1+1+1,0,2.6364,2.8,2.5,-0.1809,2,"BRE,EVE","BOU,LIV",AVL-BOU-CHE-LIV-NFO,5,1+1+1+1+1,0,2.4375,100.0,18.8,-0.0994,2.474583,False,
AVL-CHE-EVE-LIV-NFO,5,1+1+1+1+1,0,2.6364,2.8,2.5,-0.1809,1,EVE,BOU,AVL-BOU-CHE-LIV-NFO,5,1+1+1+1+1,0,2.4375,100.0,18.8,-0.0994,2.474583,False,
AVL-CHE-EVE-MCI-NFO,5,1+1+1+1+1,0,2.6364,2.8,2.5,-0.1809,2,"EVE,MCI","BOU,LIV",AVL-BOU-CHE-LIV-NFO,5,1+1+1+1+1,0,2.4375,100.0,18.8,-0.0994,2.474583,False,
BRE-BHA-CHE-EVE-NFO,5,1+1+1+1+1,0,2.6364,2.8,2.5,-0.1809,2,"BHA,BRE","BOU,LIV",BOU-CHE-EVE-LIV-NFO,5,1+1+1+1+1,0,2.4375,100.0,25.0,-0.0785,2.474583,False,
BHA-CHE-EVE-LIV-NFO,5,1+1+1+1+1,0,2.6364,2.8,2.5,-0.1809,2,"BHA,EVE","AVL,BOU",AVL-BOU-CHE-LIV-NFO,5,1+1+1+1+1,0,2.4375,100.0,18.8,-0.0994,2.474583,False,
BHA-CHE-EVE-MCI-NFO,5,1+1+1+1+1,0,2.6364,2.8,2.5,-0.1809,2,"BHA,MCI","BOU,LIV",BOU-CHE-EVE-LIV-NFO,5,1+1+1+1+1,0,2.4375,100.0,25.0,-0.0785,2.474583,False,
ARS-CHE-LEE-LIV-MCI,5,1+1+1+1+1,0,2.6364,2.8,2.5,-0.1701,2,"ARS,LEE","AVL,NFO",AVL-CHE-LIV-MCI-NFO,5,1+1+1+1+1,0,2.4375,100.0,25.0,-0.0529,2.474583,False,
CHE-IPS-LEE-LIV-MCI,5,1+1+1+1+1,0,2.6364,2.8,2.5,-0.1701,2,"IPS,LEE","AVL,NFO",AVL-CHE-LIV-MCI-NFO,5,1+1+1+1+1,0,2.4375,100.0,25.0,-0.0529,2.474583,False,
ARS-AVL-AVL-CHE-LIV,4,2+1+1+1,0,2.6364,2.8,2.5,-0.1488,2,"ARS,AVL","BOU,NFO",AVL-BOU-CHE-LIV-NFO,5,1+1+1+1+1,0,2.4375,100.0,18.8,-0.0994,2.474583,False,
ARS-AVL-AVL-CHE-MCI,4,2+1+1+1,0,2.6364,2.8,2.5,-0.1488,2,"ARS,AVL","LIV,NFO",AVL-CHE-LIV-MCI-NFO,5,1+1+1+1+1,0,2.4375,100.0,25.0,-0.0529,2.474583,False,
AVL-AVL-CHE-IPS-LIV,4,2+1+1+1,0,2.6364,2.8,2.5,-0.1488,2,"AVL,IPS","BOU,NFO",AVL-BOU-CHE-LIV-NFO,5,1+1+1+1+1,0,2.4375,100.0,18.8,-0.0994,2.474583,False,
AVL-AVL-CHE-IPS-MCI,4,2+1+1+1,0,2.6364,2.8,2.5,-0.1488,2,"AVL,IPS","LIV,NFO",AVL-CHE-LIV-MCI-NFO,5,1+1+1+1+1,0,2.4375,100.0,25.0,-0.0529,2.474583,False,
CHE-EVE-LIV-NFO-TOT,5,1+1+1+1+1,0,2.6364,2.8,2.5,-0.1437,2,"EVE,TOT","AVL,BOU",AVL-BOU-CHE-LIV-NFO,5,1+1+1+1+1,0,2.4375,100.0,18.8,-0.0994,2.474583,False,
CHE-EVE-MCI-NFO-TOT,5,1+1+1+1+1,0,2.6364,2.8,2.5,-0.1437,2,"MCI,TOT","BOU,LIV",BOU-CHE-EVE-LIV-NFO,5,1+1+1+1+1,0,2.4375,100.0,25.0,-0.0785,2.474583,False,
ARS-AVL-CHE-LEE-LIV,5,1+1+1+1+1,0,2.6364,2.8,2.5,-0.1372,2,"ARS,LEE","BOU,NFO",AVL-BOU-CHE-LIV-NFO,5,1+1+1+1+1,0,2.4375,100.0,18.8,-0.0994,2.474583,False,
ARS-AVL-CHE-LEE-MCI,5,1+1+1+1+1,0,2.6364,2.8,2.5,-0.1372,2,"ARS,LEE","LIV,NFO",AVL-CHE-LIV-MCI-NFO,5,1+1+1+1+1,0,2.4375,100.0,25.0,-0.0529,2.474583,False,
AVL-CHE-IPS-LEE-LIV,5,1+1+1+1+1,0,2.6364,2.8,2.5,-0.1372,2,"IPS,LEE","BOU,NFO",AVL-BOU-CHE-LIV-NFO,5,1+1+1+1+1,0,2.4375,100.0,18.8,-0.0994,2.474583,False,
AVL-CHE-IPS-LEE-MCI,5,1+1+1+1+1,0,2.6364,2.8,2.5,-0.1372,2,"IPS,LEE","LIV,NFO",AVL-CHE-LIV-MCI-NFO,5,1+1+1+1+1,0,2.4375,100.0,25.0,-0.0529,2.474583,False,
AVL-CHE-EVE-NFO-TOT,5,1+1+1+1+1,0,2.6364,2.8,2.5,-0.1207,2,"EVE,TOT","BOU,LIV",AVL-BOU-CHE-LIV-NFO,5,1+1+1+1+1,0,2.4375,100.0,18.8,-0.0994,2.474583,False,
BHA-CHE-EVE-NFO-TOT,5,1+1+1+1+1,0,2.6364,2.8,2.5,-0.1207,2,"BHA,TOT","BOU,LIV",BOU-CHE-EVE-LIV-NFO,5,1+1+1+1+1,0,2.4375,100.0,25.0,-0.0785,2.474583,False,
CHE-CRY-LIV-LIV-NFO,4,2+1+1+1,0,2.6364,2.8,2.5,-0.1107,2,"CRY,LIV","AVL,BOU",AVL-BOU-CHE-LIV-NFO,5,1+1+1+1+1,0,2.4375,100.0,18.8,-0.0994,2.474583,False,
CHE-CRY-MCI-MCI-NFO,4,2+1+1+1,0,2.6364,2.8,2.5,-0.1107,2,"CRY,MCI","AVL,LIV",AVL-CHE-LIV-MCI-NFO,5,1+1+1+1+1,0,2.4375,100.0,25.0,-0.0529,2.474583,False,
BRE-BRE-EVE-LIV-NFO,4,2+1+1+1,0,2.6364,2.8,2.5,-0.1,2,"BRE,BRE","BOU,CHE",BOU-CHE-EVE-LIV-NFO,5,1+1+1+1+1,0,2.4375,100.0,25.0,-0.0785,2.474583,False,
BRE-EVE-LIV-LIV-NFO,4,2+1+1+1,0,2.6364,2.8,2.5,-0.1,2,"BRE,LIV","BOU,CHE",BOU-CHE-EVE-LIV-NFO,5,1+1+1+1+1,0,2.4375,100.0,25.0,-0.0785,2.474583,False,
EVE-LIV-LIV-MCI-NFO,4,2+1+1+1,0,2.6364,2.8,2.5,-0.1,2,"LIV,MCI","BOU,CHE",BOU-CHE-EVE-LIV-NFO,5,1+1+1+1+1,0,2.4375,100.0,25.0,-0.0785,2.474583,False,
EVE-LIV-MCI-MCI-NFO,4,2+1+1+1,0,2.6364,2.8,2.5,-0.1,2,"MCI,MCI","BOU,CHE",BOU-CHE-EVE-LIV-NFO,5,1+1+1+1+1,0,2.4375,100.0,25.0,-0.0785,2.474583,False,
ARS-CHE-CRY-LIV-MCI,5,1+1+1+1+1,0,2.6364,2.8,2.5,-0.0957,2,"ARS,CRY","AVL,NFO",AVL-CHE-LIV-MCI-NFO,5,1+1+1+1+1,0,2.4375,100.0,25.0,-0.0529,2.474583,False,
CHE-CRY-IPS-LIV-MCI,5,1+1+1+1+1,0,2.6364,2.8,2.5,-0.0957,2,"CRY,IPS","AVL,NFO",AVL-CHE-LIV-MCI-NFO,5,1+1+1+1+1,0,2.4375,100.0,25.0,-0.0529,2.474583,False,
ARS-AVL-EVE-LIV-MCI,5,1+1+1+1+1,0,2.6364,2.8,2.5,-0.0634,2,"ARS,EVE","CHE,NFO",AVL-CHE-LIV-MCI-NFO,5,1+1+1+1+1,0,2.4375,100.0,25.0,-0.0529,2.474583,False,
AVL-EVE-IPS-LIV-MCI,5,1+1+1+1+1,0,2.6364,2.8,2.5,-0.0634,2,"EVE,IPS","CHE,NFO",AVL-CHE-LIV-MCI-NFO,5,1+1+1+1+1,0,2.4375,100.0,25.0,-0.0529,2.474583,False,
AVL-EVE-LIV-LIV-NFO,4,2+1+1+1,0,2.6364,2.8,2.5,-0.0634,2,"EVE,LIV","BOU,CHE",AVL-BOU-CHE-LIV-NFO,5,1+1+1+1+1,0,2.4375,100.0,18.8,-0.0994,2.474583,False,
AVL-EVE-MCI-MCI-NFO,4,2+1+1+1,0,2.6364,2.8,2.5,-0.0634,2,"EVE,MCI","CHE,LIV",AVL-CHE-LIV-MCI-NFO,5,1+1+1+1+1,0,2.4375,100.0,25.0,-0.0529,2.474583,False,
BHA-EVE-LIV-LIV-NFO,4,2+1+1+1,0,2.6364,2.8,2.5,-0.0634,2,"BHA,LIV","BOU,CHE",BOU-CHE-EVE-LIV-NFO,5,1+1+1+1+1,0,2.4375,100.0,25.0,-0.0785,2.474583,False,
AVL-AVL-BRE-CHE-NFO,4,2+1+1+1,0,2.6364,2.8,2.5,-0.0504,2,"AVL,BRE","BOU,LIV",AVL-BOU-CHE-LIV-NFO,5,1+1+1+1+1,0,2.4375,100.0,18.8,-0.0994,2.474583,False,
AVL-AVL-CHE-LIV-NFO,4,2+1+1+1,0,2.6364,2.8,2.5,-0.0504,1,AVL,BOU,AVL-BOU-CHE-LIV-NFO,5,1+1+1+1+1,0,2.4375,100.0,18.8,-0.0994,2.474583,False,
AVL-AVL-CHE-MCI-NFO,4,2+1+1+1,0,2.6364,2.8,2.5,-0.0504,2,"AVL,MCI","BOU,LIV",AVL-BOU-CHE-LIV-NFO,5,1+1+1+1+1,0,2.4375,100.0,18.8,-0.0994,2.474583,False,
BHA-BHA-CHE-LIV-NFO,4,2+1+1+1,0,2.6364,2.8,2.5,-0.0504,2,"BHA,BHA","AVL,BOU",AVL-BOU-CHE-LIV-NFO,5,1+1+1+1+1,0,2.4375,100.0,18.8,-0.0994,2.474583,False,
BHA-BHA-CHE-MCI-NFO,4,2+1+1+1,0,2.6364,2.8,2.5,-0.0504,2,"BHA,BHA","AVL,LIV",AVL-CHE-LIV-MCI-NFO,5,1+1+1+1+1,0,2.4375,100.0,25.0,-0.0529,2.474583,False,
AVL-AVL-LIV-NFO-TOT,4,2+1+1+1,0,2.6364,2.8,2.5,-0.0366,2,"AVL,TOT","BOU,CHE",AVL-BOU-CHE-LIV-NFO,5,1+1+1+1+1,0,2.4375,100.0,18.8,-0.0994,2.474583,False,
AVL-AVL-MCI-NFO-TOT,4,2+1+1+1,0,2.6364,2.8,2.5,-0.0366,2,"AVL,TOT","CHE,LIV",AVL-CHE-LIV-MCI-NFO,5,1+1+1+1+1,0,2.4375,100.0,25.0,-0.0529,2.474583,False,
BRE-CHE-CRY-LIV-NFO,5,1+1+1+1+1,0,2.6364,2.8,2.5,-0.0107,2,"BRE,CRY","AVL,BOU",AVL-BOU-CHE-LIV-NFO,5,1+1+1+1+1,0,2.4375,100.0,18.8,-0.0994,2.474583,False,
BRE-CHE-CRY-MCI-NFO,5,1+1+1+1+1,0,2.6364,2.8,2.5,-0.0107,2,"BRE,CRY","AVL,LIV",AVL-CHE-LIV-MCI-NFO,5,1+1+1+1+1,0,2.4375,100.0,25.0,-0.0529,2.474583,False,
CHE-CRY-LIV-MCI-NFO,5,1+1+1+1+1,0,2.6364,2.8,2.5,-0.0107,2,"CRY,MCI","AVL,BOU",AVL-BOU-CHE-LIV-NFO,5,1+1+1+1+1,0,2.4375,100.0,18.8,-0.0994,2.474583,False,
CHE-EVE-LEE-LIV-MUN,5,1+1+1+1+1,0,2.6364,2.8,2.5,-0.0055,2,"LEE,MUN","BOU,NFO",BOU-CHE-EVE-LIV-NFO,5,1+1+1+1+1,0,2.4375,100.0,25.0,-0.0785,2.474583,False,
CHE-EVE-LEE-LIV-SUN,5,1+1+1+1+1,1,2.6364,2.8,2.5,-0.0055,2,"LEE,SUN","BOU,NFO",BOU-CHE-EVE-LIV-NFO,5,1+1+1+1+1,0,2.4375,100.0,25.0,-0.0785,2.474583,False,
BRE-EVE-LIV-MCI-NFO,5,1+1+1+1+1,0,2.6364,2.8,2.5,0.0,2,"BRE,MCI","BOU,CHE",BOU-CHE-EVE-LIV-NFO,5,1+1+1+1+1,0,2.4375,100.0,25.0,-0.0785,2.474583,False,
CRY-LIV-MCI-NFO-TOT,5,1+1+1+1+1,0,2.6364,2.8,2.5,0.0,2,"CRY,TOT","AVL,CHE",AVL-CHE-LIV-MCI-NFO,5,1+1+1+1+1,0,2.4375,100.0,25.0,-0.0529,2.474583,False,
AVL-BRE-EVE-LIV-NFO,5,1+1+1+1+1,0,2.6364,2.8,2.5,0.0366,2,"BRE,EVE","BOU,CHE",AVL-BOU-CHE-LIV-NFO,5,1+1+1+1+1,0,2.4375,100.0,18.8,-0.0994,2.474583,False,
AVL-BRE-EVE-MCI-NFO,5,1+1+1+1+1,0,2.6364,2.8,2.5,0.0366,2,"BRE,EVE","CHE,LIV",AVL-CHE-LIV-MCI-NFO,5,1+1+1+1+1,0,2.4375,100.0,25.0,-0.0529,2.474583,False,
AVL-EVE-LIV-MCI-NFO,5,1+1+1+1+1,0,2.6364,2.8,2.5,0.0366,2,"EVE,MCI","BOU,CHE",AVL-BOU-CHE-LIV-NFO,5,1+1+1+1+1,0,2.4375,100.0,18.8,-0.0994,2.474583,False,
BRE-BHA-EVE-LIV-NFO,5,1+1+1+1+1,0,2.6364,2.8,2.5,0.0366,2,"BHA,BRE","BOU,CHE",BOU-CHE-EVE-LIV-NFO,5,1+1+1+1+1,0,2.4375,100.0,25.0,-0.0785,2.474583,False,
BHA-EVE-LIV-MCI-NFO,5,1+1+1+1+1,0,2.6364,2.8,2.5,0.0366,2,"BHA,MCI","BOU,CHE",BOU-CHE-EVE-LIV-NFO,5,1+1+1+1+1,0,2.4375,100.0,25.0,-0.0785,2.474583,False,
CHE-CHE-EVE-LIV-MUN,4,2+1+1+1,0,2.6364,2.8,2.5,0.089,2,"CHE,MUN","BOU,NFO",BOU-CHE-EVE-LIV-NFO,5,1+1+1+1+1,0,2.4375,100.0,25.0,-0.0785,2.474583,False,
CHE-CHE-EVE-LIV-SUN,4,2+1+1+1,1,2.6364,2.8,2.5,0.089,2,"CHE,SUN","BOU,NFO",BOU-CHE-EVE-LIV-NFO,5,1+1+1+1+1,0,2.4375,100.0,25.0,-0.0785,2.474583,False,
CHE-EVE-NFO-TOT-TOT,4,2+1+1+1,0,2.6364,2.8,2.5,0.1397,2,"TOT,TOT","BOU,LIV",BOU-CHE-EVE-LIV-NFO,5,1+1+1+1+1,0,2.4375,100.0,25.0,-0.0785,2.474583,False,
ARS-AVL-LEE-LIV-MCI,5,1+1+1+1+1,0,2.6364,2.8,2.5,0.1732,2,"ARS,LEE","CHE,NFO",AVL-CHE-LIV-MCI-NFO,5,1+1+1+1+1,0,2.4375,100.0,25.0,-0.0529,2.474583,False,
AVL-IPS-LEE-LIV-MCI,5,1+1+1+1+1,0,2.6364,2.8,2.5,0.1732,2,"IPS,LEE","CHE,NFO",AVL-CHE-LIV-MCI-NFO,5,1+1+1+1+1,0,2.4375,100.0,25.0,-0.0529,2.474583,False,
ARS-AVL-LIV-LIV-MCI,4,2+1+1+1,0,2.6364,2.8,2.5,0.3098,2,"ARS,LIV","CHE,NFO",AVL-CHE-LIV-MCI-NFO,5,1+1+1+1+1,0,2.4375,100.0,25.0,-0.0529,2.474583,False,
ARS-AVL-LIV-MCI-MCI,4,2+1+1+1,0,2.6364,2.8,2.5,0.3098,2,"ARS,MCI","CHE,NFO",AVL-CHE-LIV-MCI-NFO,5,1+1+1+1+1,0,2.4375,100.0,25.0,-0.0529,2.474583,False,
AVL-IPS-LIV-LIV-MCI,4,2+1+1+1,0,2.6364,2.8,2.5,0.3098,2,"IPS,LIV","CHE,NFO",AVL-CHE-LIV-MCI-NFO,5,1+1+1+1+1,0,2.4375,100.0,25.0,-0.0529,2.474583,False,
AVL-IPS-LIV-MCI-MCI,4,2+1+1+1,0,2.6364,2.8,2.5,0.3098,2,"IPS,MCI","CHE,NFO",AVL-CHE-LIV-MCI-NFO,5,1+1+1+1+1,0,2.4375,100.0,25.0,-0.0529,2.474583,False,
ARS-AVL-BRE-LIV-MCI,5,1+1+1+1+1,0,2.6364,2.8,2.5,0.4098,2,"ARS,BRE","CHE,NFO",AVL-CHE-LIV-MCI-NFO,5,1+1+1+1+1,0,2.4375,100.0,25.0,-0.0529,2.474583,False,
AVL-BRE-IPS-LIV-MCI,5,1+1+1+1+1,0,2.6364,2.8,2.5,0.4098,2,"BRE,IPS","CHE,NFO",AVL-CHE-LIV-MCI-NFO,5,1+1+1+1+1,0,2.4375,100.0,25.0,-0.0529,2.474583,False,
CRY-LIV-LIV-MCI-NFO,4,2+1+1+1,0,2.6364,2.8,2.5,0.4366,2,"CRY,LIV","AVL,CHE",AVL-CHE-LIV-MCI-NFO,5,1+1+1+1+1,0,2.4375,100.0,25.0,-0.0529,2.474583,False,
CRY-LIV-MCI-MCI-NFO,4,2+1+1+1,0,2.6364,2.8,2.5,0.4366,2,"CRY,MCI","AVL,CHE",AVL-CHE-LIV-MCI-NFO,5,1+1+1+1+1,0,2.4375,100.0,25.0,-0.0529,2.474583,False,
BRE-BRE-LIV-MCI-NFO,4,2+1+1+1,0,2.6364,2.8,2.5,0.5,2,"BRE,BRE","AVL,CHE",AVL-CHE-LIV-MCI-NFO,5,1+1+1+1+1,0,2.4375,100.0,25.0,-0.0529,2.474583,False,
BRE-LIV-LIV-MCI-NFO,4,2+1+1+1,0,2.6364,2.8,2.5,0.5,2,"BRE,LIV","AVL,CHE",AVL-CHE-LIV-MCI-NFO,5,1+1+1+1+1,0,2.4375,100.0,25.0,-0.0529,2.474583,False,
BRE-LIV-MCI-MCI-NFO,4,2+1+1+1,0,2.6364,2.8,2.5,0.5,2,"BRE,MCI","AVL,CHE",AVL-CHE-LIV-MCI-NFO,5,1+1+1+1+1,0,2.4375,100.0,25.0,-0.0529,2.474583,False,
AVL-BRE-BRE-LIV-NFO,4,2+1+1+1,0,2.6364,2.8,2.5,0.5098,2,"BRE,BRE","BOU,CHE",AVL-BOU-CHE-LIV-NFO,5,1+1+1+1+1,0,2.4375,100.0,18.8,-0.0994,2.474583,False,
AVL-BRE-BRE-MCI-NFO,4,2+1+1+1,0,2.6364,2.8,2.5,0.5098,2,"BRE,BRE","CHE,LIV",AVL-CHE-LIV-MCI-NFO,5,1+1+1+1+1,0,2.4375,100.0,25.0,-0.0529,2.474583,False,
AVL-BRE-LIV-LIV-NFO,4,2+1+1+1,0,2.6364,2.8,2.5,0.5098,2,"BRE,LIV","BOU,CHE",AVL-BOU-CHE-LIV-NFO,5,1+1+1+1+1,0,2.4375,100.0,18.8,-0.0994,2.474583,False,
AVL-BRE-MCI-MCI-NFO,4,2+1+1+1,0,2.6364,2.8,2.5,0.5098,2,"BRE,MCI","CHE,LIV",AVL-CHE-LIV-MCI-NFO,5,1+1+1+1+1,0,2.4375,100.0,25.0,-0.0529,2.474583,False,
AVL-LIV-LIV-MCI-NFO,4,2+1+1+1,0,2.6364,2.8,2.5,0.5098,2,"LIV,MCI","BOU,CHE",AVL-BOU-CHE-LIV-NFO,5,1+1+1+1+1,0,2.4375,100.0,18.8,-0.0994,2.474583,False,
AVL-LIV-MCI-MCI-NFO,4,2+1+1+1,0,2.6364,2.8,2.5,0.5098,2,"MCI,MCI","BOU,CHE",AVL-BOU-CHE-LIV-NFO,5,1+1+1+1+1,0,2.4375,100.0,18.8,-0.0994,2.474583,False,
BHA-LIV-LIV-MCI-NFO,4,2+1+1+1,0,2.6364,2.8,2.5,0.5098,2,"BHA,LIV","AVL,CHE",AVL-CHE-LIV-MCI-NFO,5,1+1+1+1+1,0,2.4375,100.0,25.0,-0.0529,2.474583,False,
BHA-LIV-MCI-MCI-NFO,4,2+1+1+1,0,2.6364,2.8,2.5,0.5098,2,"BHA,MCI","AVL,CHE",AVL-CHE-LIV-MCI-NFO,5,1+1+1+1+1,0,2.4375,100.0,25.0,-0.0529,2.474583,False,
BRE-CRY-LIV-MCI-NFO,5,1+1+1+1+1,0,2.6364,2.8,2.5,0.5366,2,"BRE,CRY","AVL,CHE",AVL-CHE-LIV-MCI-NFO,5,1+1+1+1+1,0,2.4375,100.0,25.0,-0.0529,2.474583,False,
AVL-BRE-LIV-MCI-NFO,5,1+1+1+1+1,0,2.6364,2.8,2.5,0.6098,2,"BRE,MCI","BOU,CHE",AVL-BOU-CHE-LIV-NFO,5,1+1+1+1+1,0,2.4375,100.0,18.8,-0.0994,2.474583,False,
BRE-BHA-LIV-MCI-NFO,5,1+1+1+1+1,0,2.6364,2.8,2.5,0.6098,2,"BHA,BRE","AVL,CHE",AVL-CHE-LIV-MCI-NFO,5,1+1+1+1+1,0,2.4375,100.0,25.0,-0.0529,2.474583,False,
CHE-CHE-CRY-LIV-MCI,4,2+1+1+1,0,2.6364,3.0,2.33,-0.3292,2,"CHE,CRY","AVL,NFO",AVL-CHE-LIV-MCI-NFO,5,1+1+1+1+1,0,2.4375,100.0,25.0,-0.0529,2.474583,False,
AVL-CHE-CHE-CRY-LIV,4,2+1+1+1,0,2.6364,3.0,2.33,-0.3134,2,"CHE,CRY","BOU,NFO",AVL-BOU-CHE-LIV-NFO,5,1+1+1+1+1,0,2.4375,100.0,18.8,-0.0994,2.474583,False,
AVL-CHE-CHE-CRY-MCI,4,2+1+1+1,0,2.6364,3.0,2.33,-0.3134,2,"CHE,CRY","LIV,NFO",AVL-CHE-LIV-MCI-NFO,5,1+1+1+1+1,0,2.4375,100.0,25.0,-0.0529,2.474583,False,
AVL-CHE-EVE-LIV-LIV,4,2+1+1+1,0,2.6364,3.0,2.33,-0.3061,2,"EVE,LIV","BOU,NFO",AVL-BOU-CHE-LIV-NFO,5,1+1+1+1+1,0,2.4375,100.0,18.8,-0.0994,2.474583,False,
AVL-CHE-EVE-MCI-MCI,4,2+1+1+1,0,2.6364,3.0,2.33,-0.3061,2,"EVE,MCI","LIV,NFO",AVL-CHE-LIV-MCI-NFO,5,1+1+1+1+1,0,2.4375,100.0,25.0,-0.0529,2.474583,False,
BHA-CHE-EVE-LIV-LIV,4,2+1+1+1,0,2.6364,3.0,2.33,-0.3061,2,"BHA,LIV","BOU,NFO",BOU-CHE-EVE-LIV-NFO,5,1+1+1+1+1,0,2.4375,100.0,25.0,-0.0785,2.474583,False,
AVL-CHE-CHE-LEE-LIV,4,2+1+1+1,0,2.6364,3.0,2.33,-0.2988,2,"CHE,LEE","BOU,NFO",AVL-BOU-CHE-LIV-NFO,5,1+1+1+1+1,0,2.4375,100.0,18.8,-0.0994,2.474583,False,
AVL-CHE-CHE-LEE-MCI,4,2+1+1+1,0,2.6364,3.0,2.33,-0.2988,2,"CHE,LEE","LIV,NFO",AVL-CHE-LIV-MCI-NFO,5,1+1+1+1+1,0,2.4375,100.0,25.0,-0.0529,2.474583,False,
AVL-AVL-CHE-EVE-LIV,4,2+1+1+1,0,2.6364,3.0,2.33,-0.2964,2,"AVL,EVE","BOU,NFO",AVL-BOU-CHE-LIV-NFO,5,1+1+1+1+1,0,2.4375,100.0,18.8,-0.0994,2.474583,False,
AVL-AVL-CHE-EVE-MCI,4,2+1+1+1,0,2.6364,3.0,2.33,-0.2964,2,"AVL,EVE","LIV,NFO",AVL-CHE-LIV-MCI-NFO,5,1+1+1+1+1,0,2.4375,100.0,25.0,-0.0529,2.474583,False,
BHA-BHA-CHE-EVE-LIV,4,2+1+1+1,0,2.6364,3.0,2.33,-0.2964,2,"BHA,BHA","BOU,NFO",BOU-CHE-EVE-LIV-NFO,5,1+1+1+1+1,0,2.4375,100.0,25.0,-0.0785,2.474583,False,
BRE-BRE-CHE-EVE-LIV,4,2+1+1+1,0,2.6364,3.0,2.33,-0.289,2,"BRE,BRE","BOU,NFO",BOU-CHE-EVE-LIV-NFO,5,1+1+1+1+1,0,2.4375,100.0,25.0,-0.0785,2.474583,False,
BRE-CHE-EVE-LIV-LIV,4,2+1+1+1,0,2.6364,3.0,2.33,-0.289,2,"BRE,LIV","BOU,NFO",BOU-CHE-EVE-LIV-NFO,5,1+1+1+1+1,0,2.4375,100.0,25.0,-0.0785,2.474583,False,
CHE-EVE-LIV-LIV-MCI,4,2+1+1+1,0,2.6364,3.0,2.33,-0.289,2,"LIV,MCI","BOU,NFO",BOU-CHE-EVE-LIV-NFO,5,1+1+1+1+1,0,2.4375,100.0,25.0,-0.0785,2.474583,False,
CHE-EVE-LIV-MCI-MCI,4,2+1+1+1,0,2.6364,3.0,2.33,-0.289,2,"MCI,MCI","BOU,NFO",BOU-CHE-EVE-LIV-NFO,5,1+1+1+1+1,0,2.4375,100.0,25.0,-0.0785,2.474583,False,
CHE-CHE-LEE-LIV-MCI,4,2+1+1+1,0,2.6364,3.0,2.33,-0.278,2,"CHE,LEE","AVL,NFO",AVL-CHE-LIV-MCI-NFO,5,1+1+1+1+1,0,2.4375,100.0,25.0,-0.0529,2.474583,False,
CHE-EVE-LIV-LIV-TOT,4,2+1+1+1,0,2.6364,3.0,2.33,-0.2689,2,"LIV,TOT","BOU,NFO",BOU-CHE-EVE-LIV-NFO,5,1+1+1+1+1,0,2.4375,100.0,25.0,-0.0785,2.474583,False,
AVL-CHE-EVE-LIV-TOT,5,1+1+1+1+1,0,2.6364,3.0,2.33,-0.2092,2,"EVE,TOT","BOU,NFO",AVL-BOU-CHE-LIV-NFO,5,1+1+1+1+1,0,2.4375,100.0,18.8,-0.0994,2.474583,False,
AVL-CHE-EVE-MCI-TOT,5,1+1+1+1+1,0,2.6364,3.0,2.33,-0.2092,2,"EVE,TOT","LIV,NFO",AVL-CHE-LIV-MCI-NFO,5,1+1+1+1+1,0,2.4375,100.0,25.0,-0.0529,2.474583,False,
BHA-CHE-EVE-LIV-TOT,5,1+1+1+1+1,0,2.6364,3.0,2.33,-0.2092,2,"BHA,TOT","BOU,NFO",BOU-CHE-EVE-LIV-NFO,5,1+1+1+1+1,0,2.4375,100.0,25.0,-0.0785,2.474583,False,
AVL-BRE-CHE-EVE-LIV,5,1+1+1+1+1,0,2.6364,3.0,2.33,-0.2061,2,"BRE,EVE","BOU,NFO",AVL-BOU-CHE-LIV-NFO,5,1+1+1+1+1,0,2.4375,100.0,18.8,-0.0994,2.474583,False,
AVL-BRE-CHE-EVE-MCI,5,1+1+1+1+1,0,2.6364,3.0,2.33,-0.2061,2,"BRE,EVE","LIV,NFO",AVL-CHE-LIV-MCI-NFO,5,1+1+1+1+1,0,2.4375,100.0,25.0,-0.0529,2.474583,False,
AVL-CHE-CRY-LIV-TOT,5,1+1+1+1+1,0,2.6364,3.0,2.33,-0.2061,2,"CRY,TOT","BOU,NFO",AVL-BOU-CHE-LIV-NFO,5,1+1+1+1+1,0,2.4375,100.0,18.8,-0.0994,2.474583,False,
AVL-CHE-CRY-MCI-TOT,5,1+1+1+1+1,0,2.6364,3.0,2.33,-0.2061,2,"CRY,TOT","LIV,NFO",AVL-CHE-LIV-MCI-NFO,5,1+1+1+1+1,0,2.4375,100.0,25.0,-0.0529,2.474583,False,
AVL-CHE-EVE-LIV-MCI,5,1+1+1+1+1,0,2.6364,3.0,2.33,-0.2061,2,"EVE,MCI","BOU,NFO",AVL-BOU-CHE-LIV-NFO,5,1+1+1+1+1,0,2.4375,100.0,18.8,-0.0994,2.474583,False,
BRE-BHA-CHE-EVE-LIV,5,1+1+1+1+1,0,2.6364,3.0,2.33,-0.2061,2,"BHA,BRE","BOU,NFO",BOU-CHE-EVE-LIV-NFO,5,1+1+1+1+1,0,2.4375,100.0,25.0,-0.0785,2.474583,False,
BHA-CHE-EVE-LIV-MCI,5,1+1+1+1+1,0,2.6364,3.0,2.33,-0.2061,2,"BHA,MCI","BOU,NFO",BOU-CHE-EVE-LIV-NFO,5,1+1+1+1+1,0,2.4375,100.0,25.0,-0.0785,2.474583,False,
BRE-CHE-EVE-LIV-MCI,5,1+1+1+1+1,0,2.6364,3.0,2.33,-0.189,2,"BRE,MCI","BOU,NFO",BOU-CHE-EVE-LIV-NFO,5,1+1+1+1+1,0,2.4375,100.0,25.0,-0.0785,2.474583,False,
CHE-CRY-LIV-MCI-TOT,5,1+1+1+1+1,0,2.6364,3.0,2.33,-0.189,2,"CRY,TOT","AVL,NFO",AVL-CHE-LIV-MCI-NFO,5,1+1+1+1+1,0,2.4375,100.0,25.0,-0.0529,2.474583,False,
CHE-EVE-LIV-MCI-TOT,5,1+1+1+1+1,0,2.6364,3.0,2.33,-0.1689,2,"MCI,TOT","BOU,NFO",BOU-CHE-EVE-LIV-NFO,5,1+1+1+1+1,0,2.4375,100.0,25.0,-0.0785,2.474583,False,
AVL-CHE-LEE-LIV-TOT,5,1+1+1+1+1,0,2.6364,3.0,2.33,-0.1671,2,"LEE,TOT","BOU,NFO",AVL-BOU-CHE-LIV-NFO,5,1+1+1+1+1,0,2.4375,100.0,18.8,-0.0994,2.474583,False,
AVL-CHE-LEE-MCI-TOT,5,1+1+1+1+1,0,2.6364,3.0,2.33,-0.1671,2,"LEE,TOT","LIV,NFO",AVL-CHE-LIV-MCI-NFO,5,1+1+1+1+1,0,2.4375,100.0,25.0,-0.0529,2.474583,False,
AVL-EVE-LIV-MCI-TOT,5,1+1+1+1+1,0,2.6364,3.0,2.33,-0.15,2,"EVE,TOT","CHE,NFO",AVL-CHE-LIV-MCI-NFO,5,1+1+1+1+1,0,2.4375,100.0,25.0,-0.0529,2.474583,False,
AVL-AVL-CHE-LEE-LIV,4,2+1+1+1,0,2.6364,3.0,2.33,-0.1177,2,"AVL,LEE","BOU,NFO",AVL-BOU-CHE-LIV-NFO,5,1+1+1+1+1,0,2.4375,100.0,18.8,-0.0994,2.474583,False,
AVL-AVL-CHE-LEE-MCI,4,2+1+1+1,0,2.6364,3.0,2.33,-0.1177,2,"AVL,LEE","LIV,NFO",AVL-CHE-LIV-MCI-NFO,5,1+1+1+1+1,0,2.4375,100.0,25.0,-0.0529,2.474583,False,
AVL-CHE-LEE-LIV-LIV,4,2+1+1+1,0,2.6364,3.0,2.33,-0.114,2,"LEE,LIV","BOU,NFO",AVL-BOU-CHE-LIV-NFO,5,1+1+1+1+1,0,2.4375,100.0,18.8,-0.0994,2.474583,False,
AVL-CHE-LEE-MCI-MCI,4,2+1+1+1,0,2.6364,3.0,2.33,-0.114,2,"LEE,MCI","LIV,NFO",AVL-CHE-LIV-MCI-NFO,5,1+1+1+1+1,0,2.4375,100.0,25.0,-0.0529,2.474583,False,
CHE-LEE-LIV-MCI-TOT,5,1+1+1+1+1,0,2.6364,3.0,2.33,-0.1134,2,"LEE,TOT","AVL,NFO",AVL-CHE-LIV-MCI-NFO,5,1+1+1+1+1,0,2.4375,100.0,25.0,-0.0529,2.474583,False,
CHE-LEE-LIV-LIV-MCI,4,2+1+1+1,0,2.6364,3.0,2.33,-0.0835,2,"LEE,LIV","AVL,NFO",AVL-CHE-LIV-MCI-NFO,5,1+1+1+1+1,0,2.4375,100.0,25.0,-0.0529,2.474583,False,
CHE-LEE-LIV-MCI-MCI,4,2+1+1+1,0,2.6364,3.0,2.33,-0.0835,2,"LEE,MCI","AVL,NFO",AVL-CHE-LIV-MCI-NFO,5,1+1+1+1+1,0,2.4375,100.0,25.0,-0.0529,2.474583,False,
AVL-BRE-CHE-LEE-LIV,5,1+1+1+1+1,0,2.6364,3.0,2.33,-0.014,2,"BRE,LEE","BOU,NFO",AVL-BOU-CHE-LIV-NFO,5,1+1+1+1+1,0,2.4375,100.0,18.8,-0.0994,2.474583,False,
AVL-BRE-CHE-LEE-MCI,5,1+1+1+1+1,0,2.6364,3.0,2.33,-0.014,2,"BRE,LEE","LIV,NFO",AVL-CHE-LIV-MCI-NFO,5,1+1+1+1+1,0,2.4375,100.0,25.0,-0.0529,2.474583,False,
AVL-CHE-LEE-LIV-MCI,5,1+1+1+1+1,0,2.6364,3.0,2.33,-0.014,2,"LEE,MCI","BOU,NFO",AVL-BOU-CHE-LIV-NFO,5,1+1+1+1+1,0,2.4375,100.0,18.8,-0.0994,2.474583,False,
BHA-CHE-LEE-LIV-MCI,5,1+1+1+1+1,0,2.6364,3.0,2.33,-0.014,2,"BHA,LEE","AVL,NFO",AVL-CHE-LIV-MCI-NFO,5,1+1+1+1+1,0,2.4375,100.0,25.0,-0.0529,2.474583,False,
CHE-CRY-LIV-LIV-MCI,4,2+1+1+1,0,2.6364,3.0,2.33,-0.0091,2,"CRY,LIV","AVL,NFO",AVL-CHE-LIV-MCI-NFO,5,1+1+1+1+1,0,2.4375,100.0,25.0,-0.0529,2.474583,False,
CHE-CRY-LIV-MCI-MCI,4,2+1+1+1,0,2.6364,3.0,2.33,-0.0091,2,"CRY,MCI","AVL,NFO",AVL-CHE-LIV-MCI-NFO,5,1+1+1+1+1,0,2.4375,100.0,25.0,-0.0529,2.474583,False,
AVL-CHE-CRY-LIV-LIV,4,2+1+1+1,0,2.6364,3.0,2.33,-0.003,2,"CRY,LIV","BOU,NFO",AVL-BOU-CHE-LIV-NFO,5,1+1+1+1+1,0,2.4375,100.0,18.8,-0.0994,2.474583,False,
AVL-CHE-CRY-MCI-MCI,4,2+1+1+1,0,2.6364,3.0,2.33,-0.003,2,"CRY,MCI","LIV,NFO",AVL-CHE-LIV-MCI-NFO,5,1+1+1+1+1,0,2.4375,100.0,25.0,-0.0529,2.474583,False,
BRE-CHE-LEE-LIV-MCI,5,1+1+1+1+1,0,2.6364,3.0,2.33,0.0165,2,"BRE,LEE","AVL,NFO",AVL-CHE-LIV-MCI-NFO,5,1+1+1+1+1,0,2.4375,100.0,25.0,-0.0529,2.474583,False,
CHE-EVE-LIV-TOT-TOT,4,2+1+1+1,0,2.6364,3.0,2.33,0.0512,2,"TOT,TOT","BOU,NFO",BOU-CHE-EVE-LIV-NFO,5,1+1+1+1+1,0,2.4375,100.0,25.0,-0.0785,2.474583,False,
AVL-AVL-BRE-CHE-LIV,4,2+1+1+1,0,2.6364,3.0,2.33,0.061,2,"AVL,BRE","BOU,NFO",AVL-BOU-CHE-LIV-NFO,5,1+1+1+1+1,0,2.4375,100.0,18.8,-0.0994,2.474583,False,
AVL-AVL-BRE-CHE-MCI,4,2+1+1+1,0,2.6364,3.0,2.33,0.061,2,"AVL,BRE","LIV,NFO",AVL-CHE-LIV-MCI-NFO,5,1+1+1+1+1,0,2.4375,100.0,25.0,-0.0529,2.474583,False,
AVL-AVL-CHE-LIV-MCI,4,2+1+1+1,0,2.6364,3.0,2.33,0.061,2,"AVL,MCI","BOU,NFO",AVL-BOU-CHE-LIV-NFO,5,1+1+1+1+1,0,2.4375,100.0,18.8,-0.0994,2.474583,False,
BHA-BHA-CHE-LIV-MCI,4,2+1+1+1,0,2.6364,3.0,2.33,0.061,2,"BHA,BHA","AVL,NFO",AVL-CHE-LIV-MCI-NFO,5,1+1+1+1+1,0,2.4375,100.0,25.0,-0.0529,2.474583,False,
AVL-BRE-BRE-CHE-LIV,4,2+1+1+1,0,2.6364,3.0,2.33,0.0781,2,"BRE,BRE","BOU,NFO",AVL-BOU-CHE-LIV-NFO,5,1+1+1+1+1,0,2.4375,100.0,18.8,-0.0994,2.474583,False,
AVL-BRE-BRE-CHE-MCI,4,2+1+1+1,0,2.6364,3.0,2.33,0.0781,2,"BRE,BRE","LIV,NFO",AVL-CHE-LIV-MCI-NFO,5,1+1+1+1+1,0,2.4375,100.0,25.0,-0.0529,2.474583,False,
AVL-BRE-CHE-LIV-LIV,4,2+1+1+1,0,2.6364,3.0,2.33,0.0781,2,"BRE,LIV","BOU,NFO",AVL-BOU-CHE-LIV-NFO,5,1+1+1+1+1,0,2.4375,100.0,18.8,-0.0994,2.474583,False,
AVL-BRE-CHE-MCI-MCI,4,2+1+1+1,0,2.6364,3.0,2.33,0.0781,2,"BRE,MCI","LIV,NFO",AVL-CHE-LIV-MCI-NFO,5,1+1+1+1+1,0,2.4375,100.0,25.0,-0.0529,2.474583,False,
AVL-CHE-LIV-LIV-MCI,4,2+1+1+1,0,2.6364,3.0,2.33,0.0781,2,"LIV,MCI","BOU,NFO",AVL-BOU-CHE-LIV-NFO,5,1+1+1+1+1,0,2.4375,100.0,18.8,-0.0994,2.474583,False,
AVL-CHE-LIV-MCI-MCI,4,2+1+1+1,0,2.6364,3.0,2.33,0.0781,2,"MCI,MCI","BOU,NFO",AVL-BOU-CHE-LIV-NFO,5,1+1+1+1+1,0,2.4375,100.0,18.8,-0.0994,2.474583,False,
BHA-CHE-LIV-LIV-MCI,4,2+1+1+1,0,2.6364,3.0,2.33,0.0781,2,"BHA,LIV","AVL,NFO",AVL-CHE-LIV-MCI-NFO,5,1+1+1+1+1,0,2.4375,100.0,25.0,-0.0529,2.474583,False,
BHA-CHE-LIV-MCI-MCI,4,2+1+1+1,0,2.6364,3.0,2.33,0.0781,2,"BHA,MCI","AVL,NFO",AVL-CHE-LIV-MCI-NFO,5,1+1+1+1+1,0,2.4375,100.0,25.0,-0.0529,2.474583,False,
AVL-LEE-LIV-MCI-TOT,5,1+1+1+1+1,0,2.6364,3.0,2.33,0.0866,2,"LEE,TOT","CHE,NFO",AVL-CHE-LIV-MCI-NFO,5,1+1+1+1+1,0,2.4375,100.0,25.0,-0.0529,2.474583,False,
BRE-CHE-CRY-LIV-MCI,5,1+1+1+1+1,0,2.6364,3.0,2.33,0.0909,2,"BRE,CRY","AVL,NFO",AVL-CHE-LIV-MCI-NFO,5,1+1+1+1+1,0,2.4375,100.0,25.0,-0.0529,2.474583,False,
AVL-BRE-CHE-CRY-LIV,5,1+1+1+1+1,0,2.6364,3.0,2.33,0.097,2,"BRE,CRY","BOU,NFO",AVL-BOU-CHE-LIV-NFO,5,1+1+1+1+1,0,2.4375,100.0,18.8,-0.0994,2.474583,False,
AVL-BRE-CHE-CRY-MCI,5,1+1+1+1+1,0,2.6364,3.0,2.33,0.097,2,"BRE,CRY","LIV,NFO",AVL-CHE-LIV-MCI-NFO,5,1+1+1+1+1,0,2.4375,100.0,25.0,-0.0529,2.474583,False,
AVL-CHE-CRY-LIV-MCI,5,1+1+1+1+1,0,2.6364,3.0,2.33,0.097,2,"CRY,MCI","BOU,NFO",AVL-BOU-CHE-LIV-NFO,5,1+1+1+1+1,0,2.4375,100.0,18.8,-0.0994,2.474583,False,
BHA-CHE-CRY-LIV-MCI,5,1+1+1+1+1,0,2.6364,3.0,2.33,0.097,2,"BHA,CRY","AVL,NFO",AVL-CHE-LIV-MCI-NFO,5,1+1+1+1+1,0,2.4375,100.0,25.0,-0.0529,2.474583,False,
BRE-BRE-CHE-LIV-MCI,4,2+1+1+1,0,2.6364,3.0,2.33,0.122,2,"BRE,BRE","AVL,NFO",AVL-CHE-LIV-MCI-NFO,5,1+1+1+1+1,0,2.4375,100.0,25.0,-0.0529,2.474583,False,
BRE-CHE-LIV-LIV-MCI,4,2+1+1+1,0,2.6364,3.0,2.33,0.122,2,"BRE,LIV","AVL,NFO",AVL-CHE-LIV-MCI-NFO,5,1+1+1+1+1,0,2.4375,100.0,25.0,-0.0529,2.474583,False,
BRE-CHE-LIV-MCI-MCI,4,2+1+1+1,0,2.6364,3.0,2.33,0.122,2,"BRE,MCI","AVL,NFO",AVL-CHE-LIV-MCI-NFO,5,1+1+1+1+1,0,2.4375,100.0,25.0,-0.0529,2.474583,False,
AVL-AVL-LIV-MCI-TOT,4,2+1+1+1,0,2.6364,3.0,2.33,0.1732,2,"AVL,TOT","CHE,NFO",AVL-CHE-LIV-MCI-NFO,5,1+1+1+1+1,0,2.4375,100.0,25.0,-0.0529,2.474583,False,
AVL-CRY-LIV-MCI-TOT,5,1+1+1+1+1,0,2.6364,3.0,2.33,0.1732,2,"CRY,TOT","CHE,NFO",AVL-CHE-LIV-MCI-NFO,5,1+1+1+1+1,0,2.4375,100.0,25.0,-0.0529,2.474583,False,
AVL-BRE-CHE-LIV-MCI,5,1+1+1+1+1,0,2.6364,3.0,2.33,0.1781,2,"BRE,MCI","BOU,NFO",AVL-BOU-CHE-LIV-NFO,5,1+1+1+1+1,0,2.4375,100.0,18.8,-0.0994,2.474583,False,
BRE-BHA-CHE-LIV-MCI,5,1+1+1+1+1,0,2.6364,3.0,2.33,0.1781,2,"BHA,BRE","AVL,NFO",AVL-CHE-LIV-MCI-NFO,5,1+1+1+1+1,0,2.4375,100.0,25.0,-0.0529,2.474583,False,
AVL-LIV-LIV-MCI-TOT,4,2+1+1+1,0,2.6364,3.0,2.33,0.2232,2,"LIV,TOT","CHE,NFO",AVL-CHE-LIV-MCI-NFO,5,1+1+1+1+1,0,2.4375,100.0,25.0,-0.0529,2.474583,False,
AVL-LIV-MCI-MCI-TOT,4,2+1+1+1,0,2.6364,3.0,2.33,0.2232,2,"MCI,TOT","CHE,NFO",AVL-CHE-LIV-MCI-NFO,5,1+1+1+1+1,0,2.4375,100.0,25.0,-0.0529,2.474583,False,
BHA-MUN-NFO-NFO-SUN,4,2+1+1+1,1,2.4545,2.2,2.67,0.0268,2,"MUN,SUN","BOU,LIV",BOU-BHA-LIV-NFO-NFO,4,2+1+1+1,0,2.4792,100.0,25.0,-0.147,2.474595,False,
ARS-AVL-MUN-MUN-NFO,4,2+1+1+1,0,2.4545,2.2,2.67,0.0634,2,"MUN,MUN","BOU,LIV",ARS-AVL-BOU-LIV-NFO,5,1+1+1+1+1,0,2.4792,100.0,12.5,-0.1091,2.474595,False,
ARS-AVL-NFO-SUN-SUN,4,2+1+1+1,2,2.4545,2.2,2.67,0.0634,2,"SUN,SUN","BOU,LIV",ARS-AVL-BOU-LIV-NFO,5,1+1+1+1+1,0,2.4792,100.0,12.5,-0.1091,2.474595,False,
AVL-IPS-MUN-MUN-NFO,4,2+1+1+1,0,2.4545,2.2,2.67,0.0634,2,"MUN,MUN","BOU,CHE",AVL-BOU-CHE-IPS-NFO,5,1+1+1+1+1,0,2.4792,100.0,12.5,-0.117,2.474595,False,
ARS-AVL-MUN-NFO-SUN,5,1+1+1+1+1,1,2.4545,2.2,2.67,0.1634,2,"MUN,SUN","BOU,LIV",ARS-AVL-BOU-LIV-NFO,5,1+1+1+1+1,0,2.4792,100.0,12.5,-0.1091,2.474595,False,
EVE-MUN-NFO-NFO-SUN,4,2+1+1+1,1,2.4545,2.2,2.67,0.3,2,"MUN,NFO","BOU,COV",BOU-COV-EVE-NFO-SUN,5,1+1+1+1+1,1,2.4792,100.0,31.2,-0.0867,2.474595,False,
ARS-EVE-NFO-SUN-SUN,4,2+1+1+1,2,2.4545,2.2,2.67,0.4366,2,"ARS,SUN","BOU,COV",BOU-COV-EVE-NFO-SUN,5,1+1+1+1+1,1,2.4792,100.0,31.2,-0.0867,2.474595,False,
ARS-EVE-MUN-NFO-SUN,5,1+1+1+1+1,1,2.4545,2.2,2.67,0.5366,2,"ARS,MUN","BOU,COV",BOU-COV-EVE-NFO-SUN,5,1+1+1+1+1,1,2.4792,100.0,31.2,-0.0867,2.474595,False,
LIV-MUN-NFO-NFO-TOT,4,2+1+1+1,0,2.4545,2.4,2.5,-0.2732,2,"MUN,TOT","BHA,BOU",BOU-BHA-LIV-NFO-NFO,4,2+1+1+1,0,2.4792,100.0,25.0,-0.147,2.474595,False,
LIV-NFO-NFO-TOT-SUN,4,2+1+1+1,1,2.4545,2.4,2.5,-0.2732,2,"SUN,TOT","BHA,BOU",BOU-BHA-LIV-NFO-NFO,4,2+1+1+1,0,2.4792,100.0,25.0,-0.147,2.474595,False,
MCI-MUN-NFO-NFO-TOT,4,2+1+1+1,0,2.4545,2.4,2.5,-0.2732,2,"MCI,MUN","BOU,CHE",BOU-CHE-NFO-NFO-TOT,4,2+1+1+1,0,2.4792,100.0,18.8,-0.1349,2.474595,False,
MCI-NFO-NFO-TOT-SUN,4,2+1+1+1,1,2.4545,2.4,2.5,-0.2732,2,"MCI,NFO","BOU,CHE",BOU-CHE-NFO-TOT-SUN,5,1+1+1+1+1,1,2.4792,100.0,12.5,-0.1412,2.474595,False,
ARS-ARS-LIV-MCI-MUN,4,2+1+1+1,0,2.4545,2.4,2.5,-0.2,2,"ARS,MUN","AVL,COV",ARS-AVL-COV-LIV-MCI,5,1+1+1+1+1,0,2.4792,100.0,12.5,-0.0988,2.474595,False,
ARS-ARS-LIV-MCI-SUN,4,2+1+1+1,1,2.4545,2.4,2.5,-0.2,2,"ARS,ARS","BHA,COV",BHA-COV-LIV-MCI-SUN,5,1+1+1+1+1,1,2.4792,100.0,25.0,-0.1292,2.474595,False,
IPS-IPS-LIV-MCI-MUN,4,2+1+1+1,0,2.4545,2.4,2.5,-0.2,2,"IPS,MUN","CHE,NEW",CHE-IPS-LIV-MCI-NEW,5,1+1+1+1+1,0,2.4792,100.0,12.5,-0.1753,2.474595,False,
IPS-IPS-MCI-MUN-TOT,4,2+1+1+1,0,2.4545,2.4,2.5,-0.2,2,"IPS,MUN","CHE,FUL",CHE-FUL-IPS-MCI-TOT,5,1+1+1+1+1,0,2.4792,100.0,18.8,-0.1129,2.474595,False,
BRE-CHE-MUN-NFO-NFO,4,2+1+1+1,0,2.4545,2.4,2.5,-0.1655,2,"BRE,MUN","BOU,TOT",BOU-CHE-NFO-NFO-TOT,4,2+1+1+1,0,2.4792,100.0,18.8,-0.1349,2.474595,False,
BRE-CHE-NFO-NFO-SUN,4,2+1+1+1,1,2.4545,2.4,2.5,-0.1655,2,"BRE,NFO","BOU,TOT",BOU-CHE-NFO-TOT-SUN,5,1+1+1+1+1,1,2.4792,100.0,12.5,-0.1412,2.474595,False,
ARS-LIV-LIV-MUN-NFO,4,2+1+1+1,0,2.4545,2.4,2.5,-0.1634,2,"LIV,MUN","AVL,BOU",ARS-AVL-BOU-LIV-NFO,5,1+1+1+1+1,0,2.4792,100.0,12.5,-0.1091,2.474595,False,
ARS-LIV-LIV-NFO-SUN,4,2+1+1+1,1,2.4545,2.4,2.5,-0.1634,2,"LIV,SUN","AVL,BOU",ARS-AVL-BOU-LIV-NFO,5,1+1+1+1+1,0,2.4792,100.0,12.5,-0.1091,2.474595,False,
CRY-MCI-MUN-MUN-NFO,4,2+1+1+1,0,2.4545,2.4,2.5,-0.1634,2,"MUN,MUN","BHA,LIV",BHA-CRY-LIV-MCI-NFO,5,1+1+1+1+1,0,2.4792,100.0,25.0,-0.0977,2.474595,False,
CRY-MCI-NFO-SUN-SUN,4,2+1+1+1,2,2.4545,2.4,2.5,-0.1634,2,"SUN,SUN","BHA,LIV",BHA-CRY-LIV-MCI-NFO,5,1+1+1+1+1,0,2.4792,100.0,25.0,-0.0977,2.474595,False,
IPS-LIV-LIV-MUN-NFO,4,2+1+1+1,0,2.4545,2.4,2.5,-0.1634,2,"LIV,MUN","BOU,CHE",BOU-CHE-IPS-LIV-NFO,5,1+1+1+1+1,0,2.4792,100.0,12.5,-0.1093,2.474595,False,
IPS-MCI-MCI-MUN-NFO,4,2+1+1+1,0,2.4545,2.4,2.5,-0.1634,2,"MCI,MUN","CHE,LIV",CHE-IPS-LIV-MCI-NFO,5,1+1+1+1+1,0,2.4792,100.0,12.5,-0.0652,2.474595,False,
ARS-LIV-MUN-NFO-TOT,5,1+1+1+1+1,0,2.4545,2.4,2.5,-0.15,2,"MUN,TOT","AVL,BOU",ARS-AVL-BOU-LIV-NFO,5,1+1+1+1+1,0,2.4792,100.0,12.5,-0.1091,2.474595,False,
ARS-LIV-NFO-TOT-SUN,5,1+1+1+1+1,1,2.4545,2.4,2.5,-0.15,2,"ARS,LIV","BOU,CHE",BOU-CHE-NFO-TOT-SUN,5,1+1+1+1+1,1,2.4792,100.0,12.5,-0.1412,2.474595,False,
ARS-MCI-MUN-NFO-TOT,5,1+1+1+1+1,0,2.4545,2.4,2.5,-0.15,2,"ARS,MUN","CHE,NEW",CHE-MCI-NEW-NFO-TOT,5,1+1+1+1+1,0,2.4792,100.0,18.8,-0.0976,2.474595,False,
ARS-MCI-NFO-TOT-SUN,5,1+1+1+1+1,1,2.4545,2.4,2.5,-0.15,2,"ARS,MCI","BOU,CHE",BOU-CHE-NFO-TOT-SUN,5,1+1+1+1+1,1,2.4792,100.0,12.5,-0.1412,2.474595,False,
IPS-LEE-MCI-MUN-MUN,4,2+1+1+1,0,2.4545,2.4,2.5,-0.15,2,"MUN,MUN","COV,FUL",COV-FUL-IPS-LEE-MCI,5,1+1+1+1+1,0,2.4792,100.0,18.8,-0.1204,2.474595,False,
IPS-LIV-MUN-NFO-TOT,5,1+1+1+1+1,0,2.4545,2.4,2.5,-0.15,2,"MUN,TOT","BOU,CHE",BOU-CHE-IPS-LIV-NFO,5,1+1+1+1+1,0,2.4792,100.0,12.5,-0.1093,2.474595,False,
IPS-MCI-MUN-NFO-TOT,5,1+1+1+1+1,0,2.4545,2.4,2.5,-0.15,2,"MUN,NFO","CHE,FUL",CHE-FUL-IPS-MCI-TOT,5,1+1+1+1+1,0,2.4792,100.0,18.8,-0.1129,2.474595,False,
ARS-IPS-LIV-MCI-MUN,5,1+1+1+1+1,0,2.4545,2.4,2.5,-0.1,2,"ARS,MUN","CHE,NEW",CHE-IPS-LIV-MCI-NEW,5,1+1+1+1+1,0,2.4792,100.0,12.5,-0.1753,2.474595,False,
ARS-IPS-MCI-MUN-TOT,5,1+1+1+1+1,0,2.4545,2.4,2.5,-0.1,2,"ARS,MUN","CHE,FUL",CHE-FUL-IPS-MCI-TOT,5,1+1+1+1+1,0,2.4792,100.0,18.8,-0.1129,2.474595,False,
BRE-EVE-NFO-SUN-SUN,4,2+1+1+1,2,2.4545,2.4,2.5,-0.1,2,"BRE,SUN","BOU,COV",BOU-COV-EVE-NFO-SUN,5,1+1+1+1+1,1,2.4792,100.0,31.2,-0.0867,2.474595,False,
BRE-LIV-MUN-NFO-NFO,4,2+1+1+1,0,2.4545,2.4,2.5,-0.1,2,"BRE,MUN","BHA,BOU",BOU-BHA-LIV-NFO-NFO,4,2+1+1+1,0,2.4792,100.0,25.0,-0.147,2.474595,False,
BRE-LIV-NFO-NFO-SUN,4,2+1+1+1,1,2.4545,2.4,2.5,-0.1,2,"BRE,SUN","BHA,BOU",BOU-BHA-LIV-NFO-NFO,4,2+1+1+1,0,2.4792,100.0,25.0,-0.147,2.474595,False,
CRY-MUN-MUN-NFO-TOT,4,2+1+1+1,0,2.4545,2.4,2.5,-0.1,2,"MUN,MUN","BOU,FUL",BOU-CRY-FUL-NFO-TOT,5,1+1+1+1+1,0,2.4792,100.0,18.8,-0.177,2.474595,False,
CRY-NFO-TOT-SUN-SUN,4,2+1+1+1,2,2.4545,2.4,2.5,-0.1,2,"SUN,SUN","BOU,FUL",BOU-CRY-FUL-NFO-TOT,5,1+1+1+1+1,0,2.4792,100.0,18.8,-0.177,2.474595,False,
EVE-MCI-NFO-SUN-SUN,4,2+1+1+1,2,2.4545,2.4,2.5,-0.1,2,"NFO,SUN","CHE,COV",CHE-COV-EVE-MCI-SUN,5,1+1+1+1+1,1,2.4792,100.0,12.5,-0.1133,2.474595,False,
ARS-BRE-LIV-MUN-NFO,5,1+1+1+1+1,0,2.4545,2.4,2.5,-0.0634,2,"BRE,MUN","AVL,BOU",ARS-AVL-BOU-LIV-NFO,5,1+1+1+1+1,0,2.4792,100.0,12.5,-0.1091,2.474595,False,
ARS-BRE-LIV-NFO-SUN,5,1+1+1+1+1,1,2.4545,2.4,2.5,-0.0634,2,"BRE,SUN","AVL,BOU",ARS-AVL-BOU-LIV-NFO,5,1+1+1+1+1,0,2.4792,100.0,12.5,-0.1091,2.474595,False,
BRE-IPS-LIV-MUN-NFO,5,1+1+1+1+1,0,2.4545,2.4,2.5,-0.0634,2,"BRE,MUN","BOU,CHE",BOU-CHE-IPS-LIV-NFO,5,1+1+1+1+1,0,2.4792,100.0,12.5,-0.1093,2.474595,False,
BRE-IPS-MCI-MUN-NFO,5,1+1+1+1+1,0,2.4545,2.4,2.5,-0.0634,2,"BRE,MUN","CHE,LIV",CHE-IPS-LIV-MCI-NFO,5,1+1+1+1+1,0,2.4792,100.0,12.5,-0.0652,2.474595,False,
CRY-MCI-MUN-NFO-SUN,5,1+1+1+1+1,1,2.4545,2.4,2.5,-0.0634,2,"MUN,SUN","BHA,LIV",BHA-CRY-LIV-MCI-NFO,5,1+1+1+1+1,0,2.4792,100.0,25.0,-0.0977,2.474595,False,
ARS-NFO-TOT-TOT-SUN,4,2+1+1+1,1,2.4545,2.4,2.5,-0.0366,2,"ARS,TOT","BOU,CHE",BOU-CHE-NFO-TOT-SUN,5,1+1+1+1+1,1,2.4792,100.0,12.5,-0.1412,2.474595,False,
ARS-BRE-CHE-MUN-NFO,5,1+1+1+1+1,0,2.4545,2.4,2.5,-0.0272,2,"ARS,MUN","AVL,BOU",AVL-BOU-BRE-CHE-NFO,5,1+1+1+1+1,0,2.4792,100.0,6.2,-0.1001,2.474595,False,
ARS-BRE-CHE-NFO-SUN,5,1+1+1+1+1,1,2.4545,2.4,2.5,-0.0272,2,"ARS,BRE","BOU,TOT",BOU-CHE-NFO-TOT-SUN,5,1+1+1+1+1,1,2.4792,100.0,12.5,-0.1412,2.474595,False,
BRE-CHE-IPS-MUN-NFO,5,1+1+1+1+1,0,2.4545,2.4,2.5,-0.0272,2,"BRE,MUN","BOU,FUL",BOU-CHE-FUL-IPS-NFO,5,1+1+1+1+1,0,2.4792,100.0,6.2,-0.1258,2.474595,False,
AVL-EVE-MUN-MUN-NFO,4,2+1+1+1,0,2.4545,2.4,2.5,-0.0098,2,"MUN,MUN","CHE,COV",AVL-CHE-COV-EVE-NFO,5,1+1+1+1+1,0,2.4792,100.0,6.2,-0.1231,2.474595,False,
AVL-EVE-NFO-SUN-SUN,4,2+1+1+1,2,2.4545,2.4,2.5,-0.0098,2,"SUN,SUN","CHE,COV",AVL-CHE-COV-EVE-NFO,5,1+1+1+1+1,0,2.4792,100.0,6.2,-0.1231,2.474595,False,
BHA-EVE-MUN-MUN-NFO,4,2+1+1+1,0,2.4545,2.4,2.5,-0.0098,2,"MUN,MUN","COV,LIV",BHA-COV-EVE-LIV-NFO,5,1+1+1+1+1,0,2.4792,100.0,18.8,-0.1308,2.474595,False,
BHA-EVE-NFO-SUN-SUN,4,2+1+1+1,2,2.4545,2.4,2.5,-0.0098,2,"SUN,SUN","COV,LIV",BHA-COV-EVE-LIV-NFO,5,1+1+1+1+1,0,2.4792,100.0,18.8,-0.1308,2.474595,False,
ARS-EVE-LIV-MUN-MUN,4,2+1+1+1,0,2.4545,2.4,2.5,0.0,2,"MUN,MUN","BOU,COV",ARS-BOU-COV-EVE-LIV,5,1+1+1+1+1,0,2.4792,100.0,18.8,-0.0922,2.474595,False,
ARS-EVE-LIV-SUN-SUN,4,2+1+1+1,2,2.4545,2.4,2.5,0.0,2,"SUN,SUN","BOU,COV",ARS-BOU-COV-EVE-LIV,5,1+1+1+1+1,0,2.4792,100.0,18.8,-0.0922,2.474595,False,
ARS-EVE-MCI-SUN-SUN,4,2+1+1+1,2,2.4545,2.4,2.5,0.0,2,"ARS,SUN","CHE,COV",CHE-COV-EVE-MCI-SUN,5,1+1+1+1+1,1,2.4792,100.0,12.5,-0.1133,2.474595,False,
BRE-EVE-MUN-NFO-SUN,5,1+1+1+1+1,1,2.4545,2.4,2.5,0.0,2,"BRE,MUN","BOU,COV",BOU-COV-EVE-NFO-SUN,5,1+1+1+1+1,1,2.4792,100.0,31.2,-0.0867,2.474595,False,
CRY-MUN-NFO-TOT-SUN,5,1+1+1+1+1,1,2.4545,2.4,2.5,0.0,2,"MUN,SUN","BOU,FUL",BOU-CRY-FUL-NFO-TOT,5,1+1+1+1+1,0,2.4792,100.0,18.8,-0.177,2.474595,False,
EVE-IPS-MCI-MUN-MUN,4,2+1+1+1,0,2.4545,2.4,2.5,0.0,2,"MUN,MUN","CHE,COV",CHE-COV-EVE-IPS-MCI,5,1+1+1+1+1,0,2.4792,100.0,18.8,-0.0363,2.474595,False,
EVE-MCI-MUN-NFO-SUN,5,1+1+1+1+1,1,2.4545,2.4,2.5,0.0,2,"MUN,NFO","CHE,COV",CHE-COV-EVE-MCI-SUN,5,1+1+1+1+1,1,2.4792,100.0,12.5,-0.1133,2.474595,False,
CHE-CRY-NFO-SUN-SUN,4,2+1+1+1,2,2.4545,2.4,2.5,0.0673,2,"CRY,SUN","BOU,TOT",BOU-CHE-NFO-TOT-SUN,5,1+1+1+1+1,1,2.4792,100.0,12.5,-0.1412,2.474595,False,
AVL-EVE-MUN-NFO-SUN,5,1+1+1+1+1,1,2.4545,2.4,2.5,0.0902,2,"MUN,SUN","CHE,COV",AVL-CHE-COV-EVE-NFO,5,1+1+1+1+1,0,2.4792,100.0,6.2,-0.1231,2.474595,False,
BHA-EVE-MUN-NFO-SUN,5,1+1+1+1+1,1,2.4545,2.4,2.5,0.0902,2,"MUN,SUN","COV,LIV",BHA-COV-EVE-LIV-NFO,5,1+1+1+1+1,0,2.4792,100.0,18.8,-0.1308,2.474595,False,
ARS-EVE-LIV-MUN-SUN,5,1+1+1+1+1,1,2.4545,2.4,2.5,0.1,2,"MUN,SUN","BOU,COV",ARS-BOU-COV-EVE-LIV,5,1+1+1+1+1,0,2.4792,100.0,18.8,-0.0922,2.474595,False,
ARS-EVE-MCI-MUN-SUN,5,1+1+1+1+1,1,2.4545,2.4,2.5,0.1,2,"ARS,MUN","CHE,COV",CHE-COV-EVE-MCI-SUN,5,1+1+1+1+1,1,2.4792,100.0,12.5,-0.1133,2.474595,False,
MUN-NFO-TOT-TOT-SUN,4,2+1+1+1,1,2.4545,2.4,2.5,0.1268,2,"MUN,TOT","BOU,CHE",BOU-CHE-NFO-TOT-SUN,5,1+1+1+1+1,1,2.4792,100.0,12.5,-0.1412,2.474595,False,
CHE-CRY-MUN-NFO-SUN,5,1+1+1+1+1,1,2.4545,2.4,2.5,0.1673,2,"CRY,MUN","BOU,TOT",BOU-CHE-NFO-TOT-SUN,5,1+1+1+1+1,1,2.4792,100.0,12.5,-0.1412,2.474595,False,
EVE-MUN-MUN-NFO-TOT,4,2+1+1+1,0,2.4545,2.4,2.5,0.2634,2,"MUN,MUN","CHE,FUL",CHE-EVE-FUL-NFO-TOT,5,1+1+1+1+1,0,2.4792,100.0,6.2,-0.1683,2.474595,False,
EVE-NFO-TOT-SUN-SUN,4,2+1+1+1,2,2.4545,2.4,2.5,0.2634,2,"SUN,SUN","CHE,FUL",CHE-EVE-FUL-NFO-TOT,5,1+1+1+1+1,0,2.4792,100.0,6.2,-0.1683,2.474595,False,
EVE-MUN-NFO-TOT-SUN,5,1+1+1+1+1,1,2.4545,2.4,2.5,0.3634,2,"MUN,SUN","CHE,FUL",CHE-EVE-FUL-NFO-TOT,5,1+1+1+1+1,0,2.4792,100.0,6.2,-0.1683,2.474595,False,
CHE-CHE-MUN-NFO-SUN,4,2+1+1+1,1,2.4545,2.4,2.5,0.4125,2,"CHE,MUN","BOU,TOT",BOU-CHE-NFO-TOT-SUN,5,1+1+1+1+1,1,2.4792,100.0,12.5,-0.1412,2.474595,False,
ARS-CHE-TOT-SUN-SUN,4,2+1+1+1,2,2.4545,2.4,2.5,0.4335,2,"ARS,SUN","BOU,NFO",BOU-CHE-NFO-TOT-SUN,5,1+1+1+1+1,1,2.4792,100.0,12.5,-0.1412,2.474595,False,
CHE-IPS-MUN-MUN-TOT,4,2+1+1+1,0,2.4545,2.4,2.5,0.4335,2,"MUN,MUN","FUL,MCI",CHE-FUL-IPS-MCI-TOT,5,1+1+1+1+1,0,2.4792,100.0,18.8,-0.1129,2.474595,False,
ARS-CHE-MUN-TOT-SUN,5,1+1+1+1+1,1,2.4545,2.4,2.5,0.5335,2,"ARS,MUN","BOU,NFO",BOU-CHE-NFO-TOT-SUN,5,1+1+1+1+1,1,2.4792,100.0,12.5,-0.1412,2.474595,False,
CHE-MUN-MUN-TOT-SUN,4,2+1+1+1,1,2.4545,2.4,2.5,0.7091,2,"MUN,MUN","BOU,NFO",BOU-CHE-NFO-TOT-SUN,5,1+1+1+1+1,1,2.4792,100.0,12.5,-0.1412,2.474595,False,
CHE-MUN-TOT-SUN-SUN,4,2+1+1+1,2,2.4545,2.4,2.5,0.7091,2,"MUN,SUN","BOU,NFO",BOU-CHE-NFO-TOT-SUN,5,1+1+1+1+1,1,2.4792,100.0,12.5,-0.1412,2.474595,False,
CHE-EVE-MUN-MUN-SUN,4,2+1+1+1,1,2.4545,2.4,2.5,0.878,2,"MUN,MUN","COV,MCI",CHE-COV-EVE-MCI-SUN,5,1+1+1+1+1,1,2.4792,100.0,12.5,-0.1133,2.474595,False,
CHE-EVE-MUN-SUN-SUN,4,2+1+1+1,2,2.4545,2.4,2.5,0.878,2,"MUN,SUN","COV,MCI",CHE-COV-EVE-MCI-SUN,5,1+1+1+1+1,1,2.4792,100.0,12.5,-0.1133,2.474595,False,
IPS-MCI-MCI-MUN-TOT,4,2+1+1+1,0,2.4545,2.6,2.33,-0.35,2,"MCI,MUN","CHE,FUL",CHE-FUL-IPS-MCI-TOT,5,1+1+1+1+1,0,2.4792,100.0,18.8,-0.1129,2.474595,False,
LIV-LIV-MUN-NFO-TOT,4,2+1+1+1,0,2.4545,2.6,2.33,-0.3366,2,"LIV,MUN","EVE,NEW",EVE-LIV-NEW-NFO-TOT,5,1+1+1+1+1,0,2.4792,100.0,25.0,-0.1014,2.474595,False,
LIV-LIV-NFO-TOT-SUN,4,2+1+1+1,1,2.4545,2.6,2.33,-0.3366,2,"LIV,LIV","BOU,CHE",BOU-CHE-NFO-TOT-SUN,5,1+1+1+1+1,1,2.4792,100.0,12.5,-0.1412,2.474595,False,
MCI-MCI-MUN-NFO-TOT,4,2+1+1+1,0,2.4545,2.6,2.33,-0.3366,2,"MCI,MUN","CHE,NEW",CHE-MCI-NEW-NFO-TOT,5,1+1+1+1+1,0,2.4792,100.0,18.8,-0.0976,2.474595,False,
MCI-MCI-NFO-TOT-SUN,4,2+1+1+1,1,2.4545,2.6,2.33,-0.3366,2,"MCI,MCI","BOU,CHE",BOU-CHE-NFO-TOT-SUN,5,1+1+1+1+1,1,2.4792,100.0,12.5,-0.1412,2.474595,False,
BRE-BRE-CHE-MUN-NFO,4,2+1+1+1,0,2.4545,2.6,2.33,-0.3272,2,"BRE,MUN","AVL,BOU",AVL-BOU-BRE-CHE-NFO,5,1+1+1+1+1,0,2.4792,100.0,6.2,-0.1001,2.474595,False,
BRE-BRE-CHE-NFO-SUN,4,2+1+1+1,1,2.4545,2.6,2.33,-0.3272,2,"BRE,BRE","BOU,TOT",BOU-CHE-NFO-TOT-SUN,5,1+1+1+1+1,1,2.4792,100.0,12.5,-0.1412,2.474595,False,
ARS-CHE-LIV-LIV-SUN,4,2+1+1+1,1,2.4545,2.6,2.33,-0.3256,2,"ARS,LIV","BOU,NFO",BOU-CHE-LIV-NFO-SUN,5,1+1+1+1+1,1,2.4792,100.0,18.8,-0.0575,2.474595,False,
ARS-CHE-MCI-MCI-SUN,4,2+1+1+1,1,2.4545,2.6,2.33,-0.3256,2,"ARS,MCI","COV,EVE",CHE-COV-EVE-MCI-SUN,5,1+1+1+1+1,1,2.4792,100.0,12.5,-0.1133,2.474595,False,
CHE-IPS-LIV-LIV-MUN,4,2+1+1+1,0,2.4545,2.6,2.33,-0.3256,2,"LIV,MUN","BOU,NEW",BOU-CHE-IPS-LIV-NEW,5,1+1+1+1+1,0,2.4792,100.0,12.5,-0.1874,2.474595,False,
CHE-IPS-MCI-MCI-MUN,4,2+1+1+1,0,2.4545,2.6,2.33,-0.3256,2,"MCI,MUN","LIV,NEW",CHE-IPS-LIV-MCI-NEW,5,1+1+1+1+1,0,2.4792,100.0,12.5,-0.1753,2.474595,False,
BRE-EVE-MCI-SUN-SUN,4,2+1+1+1,2,2.4545,2.6,2.33,-0.3,2,"BRE,SUN","CHE,COV",CHE-COV-EVE-MCI-SUN,5,1+1+1+1+1,1,2.4792,100.0,12.5,-0.1133,2.474595,False,
CRY-LIV-MCI-MUN-MUN,4,2+1+1+1,0,2.4545,2.6,2.33,-0.3,2,"MUN,MUN","AVL,NEW",AVL-CRY-LIV-MCI-NEW,5,1+1+1+1+1,0,2.4792,100.0,12.5,-0.1535,2.474595,False,
CRY-LIV-MCI-SUN-SUN,4,2+1+1+1,2,2.4545,2.6,2.33,-0.3,2,"SUN,SUN","AVL,NEW",AVL-CRY-LIV-MCI-NEW,5,1+1+1+1+1,0,2.4792,100.0,12.5,-0.1535,2.474595,False,
EVE-MCI-MCI-MUN-SUN,4,2+1+1+1,1,2.4545,2.6,2.33,-0.3,2,"MCI,MUN","CHE,COV",CHE-COV-EVE-MCI-SUN,5,1+1+1+1+1,1,2.4792,100.0,12.5,-0.1133,2.474595,False,
LEE-LIV-MCI-SUN-SUN,4,2+1+1+1,2,2.4545,2.6,2.33,-0.3,2,"LEE,SUN","BHA,COV",BHA-COV-LIV-MCI-SUN,5,1+1+1+1+1,1,2.4792,100.0,25.0,-0.1292,2.474595,False,
BHA-LEE-LIV-MUN-MUN,4,2+1+1+1,0,2.4545,2.6,2.33,-0.2866,2,"MUN,MUN","AVL,NFO",AVL-BHA-LEE-LIV-NFO,5,1+1+1+1+1,0,2.4792,100.0,12.5,-0.1076,2.474595,False,
BHA-LEE-LIV-SUN-SUN,4,2+1+1+1,2,2.4545,2.6,2.33,-0.2866,2,"LEE,SUN","COV,MCI",BHA-COV-LIV-MCI-SUN,5,1+1+1+1+1,1,2.4792,100.0,25.0,-0.1292,2.474595,False,
BHA-LEE-MCI-MUN-MUN,4,2+1+1+1,0,2.4545,2.6,2.33,-0.2866,2,"MUN,MUN","COV,FUL",BHA-COV-FUL-LEE-MCI,5,1+1+1+1+1,0,2.4792,100.0,12.5,-0.149,2.474595,False,
BHA-LEE-MCI-SUN-SUN,4,2+1+1+1,2,2.4545,2.6,2.33,-0.2866,2,"SUN,SUN","COV,FUL",BHA-COV-FUL-LEE-MCI,5,1+1+1+1+1,0,2.4792,100.0,12.5,-0.149,2.474595,False,
AVL-MUN-NFO-TOT-TOT,4,2+1+1+1,0,2.4545,2.6,2.33,-0.283,2,"MUN,TOT","FUL,LEE",AVL-FUL-LEE-NFO-TOT,5,1+1+1+1+1,0,2.4792,100.0,0.0,-0.2008,2.474595,False,
AVL-NFO-TOT-TOT-SUN,4,2+1+1+1,1,2.4545,2.6,2.33,-0.283,2,"SUN,TOT","FUL,LEE",AVL-FUL-LEE-NFO-TOT,5,1+1+1+1+1,0,2.4792,100.0,0.0,-0.2008,2.474595,False,
BHA-NFO-TOT-TOT-SUN,4,2+1+1+1,1,2.4545,2.6,2.33,-0.283,2,"BHA,TOT","BOU,CHE",BOU-CHE-NFO-TOT-SUN,5,1+1+1+1+1,1,2.4792,100.0,12.5,-0.1412,2.474595,False,
AVL-EVE-LIV-SUN-SUN,4,2+1+1+1,2,2.4545,2.6,2.33,-0.2732,2,"SUN,SUN","COV,LEE",AVL-COV-EVE-LEE-LIV,5,1+1+1+1+1,0,2.4792,93.8,12.5,-0.1361,2.474595,False,
AVL-EVE-MCI-SUN-SUN,4,2+1+1+1,2,2.4545,2.6,2.33,-0.2732,2,"AVL,SUN","CHE,COV",CHE-COV-EVE-MCI-SUN,5,1+1+1+1+1,1,2.4792,100.0,12.5,-0.1133,2.474595,False,
BHA-EVE-LIV-MUN-MUN,4,2+1+1+1,0,2.4545,2.6,2.33,-0.2732,2,"MUN,MUN","COV,NFO",BHA-COV-EVE-LIV-NFO,5,1+1+1+1+1,0,2.4792,100.0,18.8,-0.1308,2.474595,False,
BHA-EVE-LIV-SUN-SUN,4,2+1+1+1,2,2.4545,2.6,2.33,-0.2732,2,"SUN,SUN","COV,NFO",BHA-COV-EVE-LIV-NFO,5,1+1+1+1+1,0,2.4792,100.0,18.8,-0.1308,2.474595,False,
BHA-EVE-MCI-SUN-SUN,4,2+1+1+1,2,2.4545,2.6,2.33,-0.2732,2,"EVE,SUN","COV,LIV",BHA-COV-LIV-MCI-SUN,5,1+1+1+1+1,1,2.4792,100.0,25.0,-0.1292,2.474595,False,
LIV-MUN-NFO-TOT-TOT,4,2+1+1+1,0,2.4545,2.6,2.33,-0.2732,2,"MUN,TOT","EVE,NEW",EVE-LIV-NEW-NFO-TOT,5,1+1+1+1+1,0,2.4792,100.0,25.0,-0.1014,2.474595,False,
LIV-NFO-TOT-TOT-SUN,4,2+1+1+1,1,2.4545,2.6,2.33,-0.2732,2,"LIV,TOT","BOU,CHE",BOU-CHE-NFO-TOT-SUN,5,1+1+1+1+1,1,2.4792,100.0,12.5,-0.1412,2.474595,False,
MCI-MUN-NFO-TOT-TOT,4,2+1+1+1,0,2.4545,2.6,2.33,-0.2732,2,"MUN,TOT","CHE,NEW",CHE-MCI-NEW-NFO-TOT,5,1+1+1+1+1,0,2.4792,100.0,18.8,-0.0976,2.474595,False,
MCI-NFO-TOT-TOT-SUN,4,2+1+1+1,1,2.4545,2.6,2.33,-0.2732,2,"MCI,TOT","BOU,CHE",BOU-CHE-NFO-TOT-SUN,5,1+1+1+1+1,1,2.4792,100.0,12.5,-0.1412,2.474595,False,
ARS-LIV-MCI-MUN-TOT,5,1+1+1+1+1,0,2.4545,2.6,2.33,-0.25,2,"MUN,TOT","AVL,COV",ARS-AVL-COV-LIV-MCI,5,1+1+1+1+1,0,2.4792,100.0,12.5,-0.0988,2.474595,False,
ARS-LIV-MCI-TOT-SUN,5,1+1+1+1+1,1,2.4545,2.6,2.33,-0.25,2,"ARS,TOT","BHA,COV",BHA-COV-LIV-MCI-SUN,5,1+1+1+1+1,1,2.4792,100.0,25.0,-0.1292,2.474595,False,
AVL-CRY-LIV-MUN-MUN,4,2+1+1+1,0,2.4545,2.6,2.33,-0.25,2,"MUN,MUN","BOU,NEW",AVL-BOU-CRY-LIV-NEW,5,1+1+1+1+1,0,2.4792,100.0,6.2,-0.1674,2.474595,False,
AVL-CRY-LIV-SUN-SUN,4,2+1+1+1,2,2.4545,2.6,2.33,-0.25,2,"SUN,SUN","BOU,NEW",AVL-BOU-CRY-LIV-NEW,5,1+1+1+1+1,0,2.4792,100.0,6.2,-0.1674,2.474595,False,
AVL-CRY-MCI-MUN-MUN,4,2+1+1+1,0,2.4545,2.6,2.33,-0.25,2,"MUN,MUN","LIV,NEW",AVL-CRY-LIV-MCI-NEW,5,1+1+1+1+1,0,2.4792,100.0,12.5,-0.1535,2.474595,False,
AVL-CRY-MCI-SUN-SUN,4,2+1+1+1,2,2.4545,2.6,2.33,-0.25,2,"SUN,SUN","LIV,NEW",AVL-CRY-LIV-MCI-NEW,5,1+1+1+1+1,0,2.4792,100.0,12.5,-0.1535,2.474595,False,
BHA-CRY-LIV-MUN-MUN,4,2+1+1+1,0,2.4545,2.6,2.33,-0.25,2,"MUN,MUN","BOU,NFO",BOU-BHA-CRY-LIV-NFO,5,1+1+1+1+1,0,2.4792,100.0,18.8,-0.1001,2.474595,False,
BHA-CRY-LIV-SUN-SUN,4,2+1+1+1,2,2.4545,2.6,2.33,-0.25,2,"CRY,SUN","COV,MCI",BHA-COV-LIV-MCI-SUN,5,1+1+1+1+1,1,2.4792,100.0,25.0,-0.1292,2.474595,False,
BHA-CRY-MCI-MUN-MUN,4,2+1+1+1,0,2.4545,2.6,2.33,-0.25,2,"MUN,MUN","LIV,NFO",BHA-CRY-LIV-MCI-NFO,5,1+1+1+1+1,0,2.4792,100.0,25.0,-0.0977,2.474595,False,
BHA-CRY-MCI-SUN-SUN,4,2+1+1+1,2,2.4545,2.6,2.33,-0.25,2,"CRY,SUN","COV,LIV",BHA-COV-LIV-MCI-SUN,5,1+1+1+1+1,1,2.4792,100.0,25.0,-0.1292,2.474595,False,
IPS-LIV-MCI-MUN-TOT,5,1+1+1+1+1,0,2.4545,2.6,2.33,-0.25,2,"MUN,TOT","CHE,NEW",CHE-IPS-LIV-MCI-NEW,5,1+1+1+1+1,0,2.4792,100.0,12.5,-0.1753,2.474595,False,
AVL-AVL-LEE-MUN-SUN,4,2+1+1+1,1,2.4545,2.6,2.33,-0.2464,2,"MUN,SUN","CHE,COV",AVL-AVL-CHE-COV-LEE,4,2+1+1+1,0,2.4792,100.0,31.2,-0.1583,2.474595,False,
ARS-AVL-LIV-MUN-TOT,5,1+1+1+1+1,0,2.4545,2.6,2.33,-0.2366,2,"MUN,TOT","BOU,COV",ARS-AVL-BOU-COV-LIV,5,1+1+1+1+1,0,2.4792,100.0,12.5,-0.124,2.474595,False,
ARS-AVL-LIV-TOT-SUN,5,1+1+1+1+1,1,2.4545,2.6,2.33,-0.2366,2,"SUN,TOT","BOU,COV",ARS-AVL-BOU-COV-LIV,5,1+1+1+1+1,0,2.4792,100.0,12.5,-0.124,2.474595,False,
ARS-AVL-MCI-MUN-TOT,5,1+1+1+1+1,0,2.4545,2.6,2.33,-0.2366,2,"MUN,TOT","COV,LIV",ARS-AVL-COV-LIV-MCI,5,1+1+1+1+1,0,2.4792,100.0,12.5,-0.0988,2.474595,False,
ARS-AVL-MCI-TOT-SUN,5,1+1+1+1+1,1,2.4545,2.6,2.33,-0.2366,2,"SUN,TOT","COV,LIV",ARS-AVL-COV-LIV-MCI,5,1+1+1+1+1,0,2.4792,100.0,12.5,-0.0988,2.474595,False,
ARS-BHA-LIV-TOT-SUN,5,1+1+1+1+1,1,2.4545,2.6,2.33,-0.2366,2,"ARS,TOT","COV,MCI",BHA-COV-LIV-MCI-SUN,5,1+1+1+1+1,1,2.4792,100.0,25.0,-0.1292,2.474595,False,
ARS-BHA-MCI-TOT-SUN,5,1+1+1+1+1,1,2.4545,2.6,2.33,-0.2366,2,"ARS,TOT","COV,LIV",BHA-COV-LIV-MCI-SUN,5,1+1+1+1+1,1,2.4792,100.0,25.0,-0.1292,2.474595,False,
AVL-IPS-MCI-MUN-TOT,5,1+1+1+1+1,0,2.4545,2.6,2.33,-0.2366,2,"AVL,MUN","CHE,FUL",CHE-FUL-IPS-MCI-TOT,5,1+1+1+1+1,0,2.4792,100.0,18.8,-0.1129,2.474595,False,
BHA-IPS-MCI-MUN-TOT,5,1+1+1+1+1,0,2.4545,2.6,2.33,-0.2366,2,"BHA,MUN","CHE,FUL",CHE-FUL-IPS-MCI-TOT,5,1+1+1+1+1,0,2.4792,100.0,18.8,-0.1129,2.474595,False,
CHE-CRY-LIV-SUN-SUN,4,2+1+1+1,2,2.4545,2.6,2.33,-0.2311,2,"CRY,SUN","BOU,NFO",BOU-CHE-LIV-NFO-SUN,5,1+1+1+1+1,1,2.4792,100.0,18.8,-0.0575,2.474595,False,
CHE-CRY-MCI-SUN-SUN,4,2+1+1+1,2,2.4545,2.6,2.33,-0.2311,2,"CRY,SUN","COV,EVE",CHE-COV-EVE-MCI-SUN,5,1+1+1+1+1,1,2.4792,100.0,12.5,-0.1133,2.474595,False,
ARS-BRE-CHE-LIV-SUN,5,1+1+1+1+1,1,2.4545,2.6,2.33,-0.2256,2,"ARS,BRE","BOU,NFO",BOU-CHE-LIV-NFO-SUN,5,1+1+1+1+1,1,2.4792,100.0,18.8,-0.0575,2.474595,False,
ARS-BRE-CHE-MCI-SUN,5,1+1+1+1+1,1,2.4545,2.6,2.33,-0.2256,2,"ARS,BRE","COV,EVE",CHE-COV-EVE-MCI-SUN,5,1+1+1+1+1,1,2.4792,100.0,12.5,-0.1133,2.474595,False,
BRE-CHE-IPS-LIV-MUN,5,1+1+1+1+1,0,2.4545,2.6,2.33,-0.2256,2,"BRE,MUN","BOU,NEW",BOU-CHE-IPS-LIV-NEW,5,1+1+1+1+1,0,2.4792,100.0,12.5,-0.1874,2.474595,False,
BRE-CHE-IPS-MCI-MUN,5,1+1+1+1+1,0,2.4545,2.6,2.33,-0.2256,2,"BRE,MUN","LIV,NEW",CHE-IPS-LIV-MCI-NEW,5,1+1+1+1+1,0,2.4792,100.0,12.5,-0.1753,2.474595,False,
BHA-LIV-MUN-NFO-TOT,5,1+1+1+1+1,0,2.4545,2.6,2.33,-0.2232,2,"MUN,TOT","BOU,NEW",BOU-BHA-LIV-NEW-NFO,5,1+1+1+1+1,0,2.4792,100.0,12.5,-0.1525,2.474595,False,
BHA-LIV-NFO-TOT-SUN,5,1+1+1+1+1,1,2.4545,2.6,2.33,-0.2232,2,"SUN,TOT","BOU,NEW",BOU-BHA-LIV-NEW-NFO,5,1+1+1+1+1,0,2.4792,100.0,12.5,-0.1525,2.474595,False,
BHA-MCI-MUN-NFO-TOT,5,1+1+1+1+1,0,2.4545,2.6,2.33,-0.2232,2,"MUN,TOT","LIV,NEW",BHA-LIV-MCI-NEW-NFO,5,1+1+1+1+1,0,2.4792,100.0,12.5,-0.1303,2.474595,False,
BHA-MCI-NFO-TOT-SUN,5,1+1+1+1+1,1,2.4545,2.6,2.33,-0.2232,2,"BHA,MCI","BOU,CHE",BOU-CHE-NFO-TOT-SUN,5,1+1+1+1+1,1,2.4792,100.0,12.5,-0.1412,2.474595,False,
ARS-LIV-LIV-MCI-MUN,4,2+1+1+1,0,2.4545,2.6,2.33,-0.2,2,"LIV,MUN","AVL,COV",ARS-AVL-COV-LIV-MCI,5,1+1+1+1+1,0,2.4792,100.0,12.5,-0.0988,2.474595,False,
ARS-LIV-LIV-MCI-SUN,4,2+1+1+1,1,2.4545,2.6,2.33,-0.2,2,"ARS,LIV","BHA,COV",BHA-COV-LIV-MCI-SUN,5,1+1+1+1+1,1,2.4792,100.0,25.0,-0.1292,2.474595,False,
ARS-LIV-MCI-MCI-MUN,4,2+1+1+1,0,2.4545,2.6,2.33,-0.2,2,"MCI,MUN","AVL,COV",ARS-AVL-COV-LIV-MCI,5,1+1+1+1+1,0,2.4792,100.0,12.5,-0.0988,2.474595,False,
ARS-LIV-MCI-MCI-SUN,4,2+1+1+1,1,2.4545,2.6,2.33,-0.2,2,"ARS,MCI","BHA,COV",BHA-COV-LIV-MCI-SUN,5,1+1+1+1+1,1,2.4792,100.0,25.0,-0.1292,2.474595,False,
BRE-EVE-MCI-MUN-SUN,5,1+1+1+1+1,1,2.4545,2.6,2.33,-0.2,2,"BRE,MUN","CHE,COV",CHE-COV-EVE-MCI-SUN,5,1+1+1+1+1,1,2.4792,100.0,12.5,-0.1133,2.474595,False,
CRY-LIV-MCI-MUN-SUN,5,1+1+1+1+1,1,2.4545,2.6,2.33,-0.2,2,"MUN,SUN","AVL,NEW",AVL-CRY-LIV-MCI-NEW,5,1+1+1+1+1,0,2.4792,100.0,12.5,-0.1535,2.474595,False,
IPS-LIV-LIV-MCI-MUN,4,2+1+1+1,0,2.4545,2.6,2.33,-0.2,2,"LIV,MUN","CHE,NEW",CHE-IPS-LIV-MCI-NEW,5,1+1+1+1+1,0,2.4792,100.0,12.5,-0.1753,2.474595,False,
IPS-LIV-MCI-MCI-MUN,4,2+1+1+1,0,2.4545,2.6,2.33,-0.2,2,"MCI,MUN","CHE,NEW",CHE-IPS-LIV-MCI-NEW,5,1+1+1+1+1,0,2.4792,100.0,12.5,-0.1753,2.474595,False,
IPS-MCI-MUN-TOT-TOT,4,2+1+1+1,0,2.4545,2.6,2.33,-0.2,2,"MUN,TOT","CHE,FUL",CHE-FUL-IPS-MCI-TOT,5,1+1+1+1+1,0,2.4792,100.0,18.8,-0.1129,2.474595,False,
LEE-LIV-MCI-MUN-SUN,5,1+1+1+1+1,1,2.4545,2.6,2.33,-0.2,2,"LEE,MUN","BHA,COV",BHA-COV-LIV-MCI-SUN,5,1+1+1+1+1,1,2.4792,100.0,25.0,-0.1292,2.474595,False,
BHA-LEE-LIV-MUN-SUN,5,1+1+1+1+1,1,2.4545,2.6,2.33,-0.1866,2,"LEE,MUN","COV,MCI",BHA-COV-LIV-MCI-SUN,5,1+1+1+1+1,1,2.4792,100.0,25.0,-0.1292,2.474595,False,
BHA-LEE-MCI-MUN-SUN,5,1+1+1+1+1,1,2.4545,2.6,2.33,-0.1866,2,"MUN,SUN","COV,FUL",BHA-COV-FUL-LEE-MCI,5,1+1+1+1+1,0,2.4792,100.0,12.5,-0.149,2.474595,False,
BRE-BHA-CHE-MUN-NFO,5,1+1+1+1+1,0,2.4545,2.6,2.33,-0.1809,2,"BRE,MUN","BOU,NFO",BOU-BHA-CHE-NFO-NFO,4,2+1+1+1,0,2.4792,100.0,18.8,-0.1158,2.474595,False,
BRE-BHA-CHE-NFO-SUN,5,1+1+1+1+1,1,2.4545,2.6,2.33,-0.1809,2,"BHA,BRE","BOU,TOT",BOU-CHE-NFO-TOT-SUN,5,1+1+1+1+1,1,2.4792,100.0,12.5,-0.1412,2.474595,False,
ARS-AVL-BRE-CHE-MUN,5,1+1+1+1+1,0,2.4545,2.6,2.33,-0.1793,2,"ARS,MUN","BOU,NFO",AVL-BOU-BRE-CHE-NFO,5,1+1+1+1+1,0,2.4792,100.0,6.2,-0.1001,2.474595,False,
ARS-AVL-BRE-CHE-SUN,5,1+1+1+1+1,1,2.4545,2.6,2.33,-0.1793,2,"ARS,SUN","BOU,NFO",AVL-BOU-BRE-CHE-NFO,5,1+1+1+1+1,0,2.4792,100.0,6.2,-0.1001,2.474595,False,
ARS-BHA-CHE-LIV-MUN,5,1+1+1+1+1,0,2.4545,2.6,2.33,-0.1793,2,"ARS,MUN","BOU,NFO",BOU-BHA-CHE-LIV-NFO,5,1+1+1+1+1,0,2.4792,93.8,18.8,-0.0479,2.474595,False,
ARS-BHA-CHE-LIV-SUN,5,1+1+1+1+1,1,2.4545,2.6,2.33,-0.1793,2,"ARS,CHE","COV,MCI",BHA-COV-LIV-MCI-SUN,5,1+1+1+1+1,1,2.4792,100.0,25.0,-0.1292,2.474595,False,
ARS-BHA-CHE-MCI-MUN,5,1+1+1+1+1,0,2.4545,2.6,2.33,-0.1793,2,"ARS,MUN","COV,NFO",BHA-CHE-COV-MCI-NFO,5,1+1+1+1+1,0,2.4792,100.0,18.8,-0.0611,2.474595,False,
ARS-BHA-CHE-MCI-SUN,5,1+1+1+1+1,1,2.4545,2.6,2.33,-0.1793,2,"ARS,CHE","COV,LIV",BHA-COV-LIV-MCI-SUN,5,1+1+1+1+1,1,2.4792,100.0,25.0,-0.1292,2.474595,False,
AVL-BRE-CHE-IPS-MUN,5,1+1+1+1+1,0,2.4545,2.6,2.33,-0.1793,2,"BRE,MUN","BOU,NFO",AVL-BOU-CHE-IPS-NFO,5,1+1+1+1+1,0,2.4792,100.0,12.5,-0.117,2.474595,False,
BHA-CHE-IPS-LIV-MUN,5,1+1+1+1+1,0,2.4545,2.6,2.33,-0.1793,2,"BHA,MUN","BOU,NEW",BOU-CHE-IPS-LIV-NEW,5,1+1+1+1+1,0,2.4792,100.0,12.5,-0.1874,2.474595,False,
BHA-CHE-IPS-MCI-MUN,5,1+1+1+1+1,0,2.4545,2.6,2.33,-0.1793,2,"BHA,MUN","LIV,NEW",CHE-IPS-LIV-MCI-NEW,5,1+1+1+1+1,0,2.4792,100.0,12.5,-0.1753,2.474595,False,
AVL-EVE-MCI-MUN-SUN,5,1+1+1+1+1,1,2.4545,2.6,2.33,-0.1732,2,"AVL,MUN","CHE,COV",CHE-COV-EVE-MCI-SUN,5,1+1+1+1+1,1,2.4792,100.0,12.5,-0.1133,2.474595,False,
BHA-EVE-LIV-MUN-SUN,5,1+1+1+1+1,1,2.4545,2.6,2.33,-0.1732,2,"MUN,SUN","COV,NFO",BHA-COV-EVE-LIV-NFO,5,1+1+1+1+1,0,2.4792,100.0,18.8,-0.1308,2.474595,False,
BHA-EVE-MCI-MUN-SUN,5,1+1+1+1+1,1,2.4545,2.6,2.33,-0.1732,2,"EVE,MUN","COV,LIV",BHA-COV-LIV-MCI-SUN,5,1+1+1+1+1,1,2.4792,100.0,25.0,-0.1292,2.474595,False,
BRE-CHE-CHE-MUN-NFO,4,2+1+1+1,0,2.4545,2.6,2.33,-0.1655,2,"CHE,MUN","AVL,BOU",AVL-BOU-BRE-CHE-NFO,5,1+1+1+1+1,0,2.4792,100.0,6.2,-0.1001,2.474595,False,
BRE-CHE-CHE-NFO-SUN,4,2+1+1+1,1,2.4545,2.6,2.33,-0.1655,2,"BRE,CHE","BOU,TOT",BOU-CHE-NFO-TOT-SUN,5,1+1+1+1+1,1,2.4792,100.0,12.5,-0.1412,2.474595,False,
ARS-AVL-LIV-LIV-MUN,4,2+1+1+1,0,2.4545,2.6,2.33,-0.1634,2,"LIV,MUN","BOU,COV",ARS-AVL-BOU-COV-LIV,5,1+1+1+1+1,0,2.4792,100.0,12.5,-0.124,2.474595,False,
ARS-AVL-LIV-LIV-SUN,4,2+1+1+1,1,2.4545,2.6,2.33,-0.1634,2,"LIV,SUN","BOU,COV",ARS-AVL-BOU-COV-LIV,5,1+1+1+1+1,0,2.4792,100.0,12.5,-0.124,2.474595,False,
ARS-AVL-MCI-MCI-MUN,4,2+1+1+1,0,2.4545,2.6,2.33,-0.1634,2,"MCI,MUN","COV,LIV",ARS-AVL-COV-LIV-MCI,5,1+1+1+1+1,0,2.4792,100.0,12.5,-0.0988,2.474595,False,
ARS-AVL-MCI-MCI-SUN,4,2+1+1+1,1,2.4545,2.6,2.33,-0.1634,2,"MCI,SUN","COV,LIV",ARS-AVL-COV-LIV-MCI,5,1+1+1+1+1,0,2.4792,100.0,12.5,-0.0988,2.474595,False,
ARS-BHA-LIV-LIV-SUN,4,2+1+1+1,1,2.4545,2.6,2.33,-0.1634,2,"ARS,LIV","COV,MCI",BHA-COV-LIV-MCI-SUN,5,1+1+1+1+1,1,2.4792,100.0,25.0,-0.1292,2.474595,False,
ARS-BHA-MCI-MCI-SUN,4,2+1+1+1,1,2.4545,2.6,2.33,-0.1634,2,"ARS,MCI","COV,LIV",BHA-COV-LIV-MCI-SUN,5,1+1+1+1+1,1,2.4792,100.0,25.0,-0.1292,2.474595,False,
AVL-IPS-MCI-MCI-MUN,4,2+1+1+1,0,2.4545,2.6,2.33,-0.1634,2,"MCI,MUN","CHE,NFO",AVL-CHE-IPS-MCI-NFO,5,1+1+1+1+1,0,2.4792,100.0,18.8,-0.0641,2.474595,False,
AVL-LEE-MUN-MUN-TOT,4,2+1+1+1,0,2.4545,2.6,2.33,-0.1598,2,"MUN,MUN","FUL,NFO",AVL-FUL-LEE-NFO-TOT,5,1+1+1+1+1,0,2.4792,100.0,0.0,-0.2008,2.474595,False,
AVL-LEE-TOT-SUN-SUN,4,2+1+1+1,2,2.4545,2.6,2.33,-0.1598,2,"SUN,SUN","FUL,NFO",AVL-FUL-LEE-NFO-TOT,5,1+1+1+1+1,0,2.4792,100.0,0.0,-0.2008,2.474595,False,
AVL-CRY-LIV-MUN-SUN,5,1+1+1+1+1,1,2.4545,2.6,2.33,-0.15,2,"MUN,SUN","BOU,NEW",AVL-BOU-CRY-LIV-NEW,5,1+1+1+1+1,0,2.4792,100.0,6.2,-0.1674,2.474595,False,
AVL-CRY-MCI-MUN-SUN,5,1+1+1+1+1,1,2.4545,2.6,2.33,-0.15,2,"MUN,SUN","LIV,NEW",AVL-CRY-LIV-MCI-NEW,5,1+1+1+1+1,0,2.4792,100.0,12.5,-0.1535,2.474595,False,
BHA-CRY-LIV-MUN-SUN,5,1+1+1+1+1,1,2.4545,2.6,2.33,-0.15,2,"CRY,MUN","COV,MCI",BHA-COV-LIV-MCI-SUN,5,1+1+1+1+1,1,2.4792,100.0,25.0,-0.1292,2.474595,False,
BHA-CRY-MCI-MUN-SUN,5,1+1+1+1+1,1,2.4545,2.6,2.33,-0.15,2,"CRY,MUN","COV,LIV",BHA-COV-LIV-MCI-SUN,5,1+1+1+1+1,1,2.4792,100.0,25.0,-0.1292,2.474595,False,
CHE-CRY-LIV-MUN-SUN,5,1+1+1+1+1,1,2.4545,2.6,2.33,-0.1311,2,"CRY,MUN","BOU,NFO",BOU-CHE-LIV-NFO-SUN,5,1+1+1+1+1,1,2.4792,100.0,18.8,-0.0575,2.474595,False,
CHE-CRY-MCI-MUN-SUN,5,1+1+1+1+1,1,2.4545,2.6,2.33,-0.1311,2,"CRY,MUN","COV,EVE",CHE-COV-EVE-MCI-SUN,5,1+1+1+1+1,1,2.4792,100.0,12.5,-0.1133,2.474595,False,
BHA-CHE-CHE-MUN-NFO,4,2+1+1+1,0,2.4545,2.6,2.33,-0.1095,2,"CHE,MUN","BOU,NFO",BOU-BHA-CHE-NFO-NFO,4,2+1+1+1,0,2.4792,100.0,18.8,-0.1158,2.474595,False,
BHA-CHE-CHE-NFO-SUN,4,2+1+1+1,1,2.4545,2.6,2.33,-0.1095,2,"BHA,CHE","BOU,TOT",BOU-CHE-NFO-TOT-SUN,5,1+1+1+1+1,1,2.4792,100.0,12.5,-0.1412,2.474595,False,
CHE-LEE-MCI-SUN-SUN,4,2+1+1+1,2,2.4545,2.6,2.33,-0.1055,2,"LEE,SUN","COV,EVE",CHE-COV-EVE-MCI-SUN,5,1+1+1+1+1,1,2.4792,100.0,12.5,-0.1133,2.474595,False,
ARS-BRE-LIV-MCI-MUN,5,1+1+1+1+1,0,2.4545,2.6,2.33,-0.1,2,"BRE,MUN","AVL,COV",ARS-AVL-COV-LIV-MCI,5,1+1+1+1+1,0,2.4792,100.0,12.5,-0.0988,2.474595,False,
ARS-BRE-LIV-MCI-SUN,5,1+1+1+1+1,1,2.4545,2.6,2.33,-0.1,2,"ARS,BRE","BHA,COV",BHA-COV-LIV-MCI-SUN,5,1+1+1+1+1,1,2.4792,100.0,25.0,-0.1292,2.474595,False,
BRE-BRE-LIV-NFO-SUN,4,2+1+1+1,1,2.4545,2.6,2.33,-0.1,2,"BRE,BRE","BOU,CHE",BOU-CHE-LIV-NFO-SUN,5,1+1+1+1+1,1,2.4792,100.0,18.8,-0.0575,2.474595,False,
BRE-IPS-LIV-MCI-MUN,5,1+1+1+1+1,0,2.4545,2.6,2.33,-0.1,2,"BRE,MUN","CHE,NEW",CHE-IPS-LIV-MCI-NEW,5,1+1+1+1+1,0,2.4792,100.0,12.5,-0.1753,2.474595,False,
BRE-LIV-LIV-NFO-SUN,4,2+1+1+1,1,2.4545,2.6,2.33,-0.1,2,"BRE,LIV","BOU,CHE",BOU-CHE-LIV-NFO-SUN,5,1+1+1+1+1,1,2.4792,100.0,18.8,-0.0575,2.474595,False,
ARS-AVL-BRE-LIV-MUN,5,1+1+1+1+1,0,2.4545,2.6,2.33,-0.0634,2,"BRE,MUN","BOU,COV",ARS-AVL-BOU-COV-LIV,5,1+1+1+1+1,0,2.4792,100.0,12.5,-0.124,2.474595,False,
ARS-AVL-BRE-LIV-SUN,5,1+1+1+1+1,1,2.4545,2.6,2.33,-0.0634,2,"BRE,SUN","BOU,COV",ARS-AVL-BOU-COV-LIV,5,1+1+1+1+1,0,2.4792,100.0,12.5,-0.124,2.474595,False,
ARS-AVL-BRE-MCI-MUN,5,1+1+1+1+1,0,2.4545,2.6,2.33,-0.0634,2,"ARS,MUN","COV,FUL",AVL-BRE-COV-FUL-MCI,5,1+1+1+1+1,0,2.4792,100.0,18.8,-0.1384,2.474595,False,
ARS-AVL-BRE-MCI-SUN,5,1+1+1+1+1,1,2.4545,2.6,2.33,-0.0634,2,"ARS,SUN","COV,FUL",AVL-BRE-COV-FUL-MCI,5,1+1+1+1+1,0,2.4792,100.0,18.8,-0.1384,2.474595,False,
ARS-BRE-BHA-LIV-SUN,5,1+1+1+1+1,1,2.4545,2.6,2.33,-0.0634,2,"ARS,BRE","COV,MCI",BHA-COV-LIV-MCI-SUN,5,1+1+1+1+1,1,2.4792,100.0,25.0,-0.1292,2.474595,False,
ARS-BRE-BHA-MCI-SUN,5,1+1+1+1+1,1,2.4545,2.6,2.33,-0.0634,2,"ARS,BRE","COV,LIV",BHA-COV-LIV-MCI-SUN,5,1+1+1+1+1,1,2.4792,100.0,25.0,-0.1292,2.474595,False,
ARS-BHA-LIV-MCI-MUN,5,1+1+1+1+1,0,2.4545,2.6,2.33,-0.0634,2,"ARS,MUN","NEW,NFO",BHA-LIV-MCI-NEW-NFO,5,1+1+1+1+1,0,2.4792,100.0,12.5,-0.1303,2.474595,False,
ARS-BHA-LIV-MCI-SUN,5,1+1+1+1+1,1,2.4545,2.6,2.33,-0.0634,2,"ARS,SUN","NEW,NFO",BHA-LIV-MCI-NEW-NFO,5,1+1+1+1+1,0,2.4792,100.0,12.5,-0.1303,2.474595,False,
AVL-BRE-BRE-MUN-NFO,4,2+1+1+1,0,2.4545,2.6,2.33,-0.0634,2,"BRE,MUN","BOU,COV",AVL-BOU-BRE-COV-NFO,5,1+1+1+1+1,0,2.4792,100.0,18.8,-0.14,2.474595,False,
AVL-BRE-BRE-NFO-SUN,4,2+1+1+1,1,2.4545,2.6,2.33,-0.0634,2,"BRE,SUN","BOU,COV",AVL-BOU-BRE-COV-NFO,5,1+1+1+1+1,0,2.4792,100.0,18.8,-0.14,2.474595,False,
AVL-BRE-IPS-MCI-MUN,5,1+1+1+1+1,0,2.4545,2.6,2.33,-0.0634,2,"IPS,MUN","COV,FUL",AVL-BRE-COV-FUL-MCI,5,1+1+1+1+1,0,2.4792,100.0,18.8,-0.1384,2.474595,False,
BHA-IPS-LIV-MCI-MUN,5,1+1+1+1+1,0,2.4545,2.6,2.33,-0.0634,2,"BHA,MUN","CHE,NEW",CHE-IPS-LIV-MCI-NEW,5,1+1+1+1+1,0,2.4792,100.0,12.5,-0.1753,2.474595,False,
BHA-LIV-LIV-MUN-NFO,4,2+1+1+1,0,2.4545,2.6,2.33,-0.0634,2,"LIV,MUN","BOU,NEW",BOU-BHA-LIV-NEW-NFO,5,1+1+1+1+1,0,2.4792,100.0,12.5,-0.1525,2.474595,False,
BHA-LIV-LIV-NFO-SUN,4,2+1+1+1,1,2.4545,2.6,2.33,-0.0634,2,"LIV,SUN","BOU,NEW",BOU-BHA-LIV-NEW-NFO,5,1+1+1+1+1,0,2.4792,100.0,12.5,-0.1525,2.474595,False,
BHA-MCI-MCI-MUN-NFO,4,2+1+1+1,0,2.4545,2.6,2.33,-0.0634,2,"MCI,MUN","LIV,NEW",BHA-LIV-MCI-NEW-NFO,5,1+1+1+1+1,0,2.4792,100.0,12.5,-0.1303,2.474595,False,
BHA-MCI-MCI-NFO-SUN,4,2+1+1+1,1,2.4545,2.6,2.33,-0.0634,2,"MCI,SUN","LIV,NEW",BHA-LIV-MCI-NEW-NFO,5,1+1+1+1+1,0,2.4792,100.0,12.5,-0.1303,2.474595,False,
AVL-LEE-MUN-TOT-SUN,5,1+1+1+1+1,1,2.4545,2.6,2.33,-0.0598,2,"MUN,SUN","FUL,NFO",AVL-FUL-LEE-NFO-TOT,5,1+1+1+1+1,0,2.4792,100.0,0.0,-0.2008,2.474595,False,
ARS-CHE-LIV-TOT-SUN,5,1+1+1+1+1,1,2.4545,2.6,2.33,-0.0555,2,"ARS,LIV","BOU,NFO",BOU-CHE-NFO-TOT-SUN,5,1+1+1+1+1,1,2.4792,100.0,12.5,-0.1412,2.474595,False,
ARS-CHE-MCI-MUN-TOT,5,1+1+1+1+1,0,2.4545,2.6,2.33,-0.0555,2,"ARS,MUN","FUL,NEW",CHE-FUL-MCI-NEW-TOT,5,1+1+1+1+1,0,2.4792,100.0,12.5,-0.1474,2.474595,False,
ARS-CHE-MCI-TOT-SUN,5,1+1+1+1+1,1,2.4545,2.6,2.33,-0.0555,2,"ARS,SUN","FUL,NEW",CHE-FUL-MCI-NEW-TOT,5,1+1+1+1+1,0,2.4792,100.0,12.5,-0.1474,2.474595,False,
CHE-IPS-LIV-MUN-TOT,5,1+1+1+1+1,0,2.4545,2.6,2.33,-0.0555,2,"MUN,TOT","BOU,NEW",BOU-CHE-IPS-LIV-NEW,5,1+1+1+1+1,0,2.4792,100.0,12.5,-0.1874,2.474595,False,
CHE-IPS-MCI-MUN-TOT,5,1+1+1+1+1,0,2.4545,2.6,2.33,-0.0555,2,"MUN,TOT","LIV,NEW",CHE-IPS-LIV-MCI-NEW,5,1+1+1+1+1,0,2.4792,100.0,12.5,-0.1753,2.474595,False,
ARS-AVL-CHE-MUN-TOT,5,1+1+1+1+1,0,2.4545,2.6,2.33,-0.0324,2,"ARS,MUN","FUL,NFO",AVL-CHE-FUL-NFO-TOT,5,1+1+1+1+1,0,2.4792,100.0,12.5,-0.1683,2.474595,False,
ARS-AVL-CHE-TOT-SUN,5,1+1+1+1+1,1,2.4545,2.6,2.33,-0.0324,2,"ARS,SUN","FUL,NFO",AVL-CHE-FUL-NFO-TOT,5,1+1+1+1+1,0,2.4792,100.0,12.5,-0.1683,2.474595,False,
ARS-BHA-CHE-TOT-SUN,5,1+1+1+1+1,1,2.4545,2.6,2.33,-0.0324,2,"ARS,BHA","BOU,NFO",BOU-CHE-NFO-TOT-SUN,5,1+1+1+1+1,1,2.4792,100.0,12.5,-0.1412,2.474595,False,
AVL-CHE-IPS-MUN-TOT,5,1+1+1+1+1,0,2.4545,2.6,2.33,-0.0324,2,"IPS,MUN","FUL,NFO",AVL-CHE-FUL-NFO-TOT,5,1+1+1+1+1,0,2.4792,100.0,12.5,-0.1683,2.474595,False,
BHA-CHE-IPS-MUN-TOT,5,1+1+1+1+1,0,2.4545,2.6,2.33,-0.0324,2,"BHA,MUN","FUL,MCI",CHE-FUL-IPS-MCI-TOT,5,1+1+1+1+1,0,2.4792,100.0,18.8,-0.1129,2.474595,False,
CHE-LEE-MCI-MUN-SUN,5,1+1+1+1+1,1,2.4545,2.6,2.33,-0.0055,2,"LEE,MUN","COV,EVE",CHE-COV-EVE-MCI-SUN,5,1+1+1+1+1,1,2.4792,100.0,12.5,-0.1133,2.474595,False,
EVE-LIV-MUN-MUN-TOT,4,2+1+1+1,0,2.4545,2.6,2.33,-0.0,2,"MUN,MUN","NEW,NFO",EVE-LIV-NEW-NFO-TOT,5,1+1+1+1+1,0,2.4792,100.0,25.0,-0.1014,2.474595,False,
EVE-LIV-TOT-SUN-SUN,4,2+1+1+1,2,2.4545,2.6,2.33,-0.0,2,"SUN,SUN","NEW,NFO",EVE-LIV-NEW-NFO-TOT,5,1+1+1+1+1,0,2.4792,100.0,25.0,-0.1014,2.474595,False,
EVE-MCI-TOT-SUN-SUN,4,2+1+1+1,2,2.4545,2.6,2.33,-0.0,2,"SUN,TOT","CHE,COV",CHE-COV-EVE-MCI-SUN,5,1+1+1+1+1,1,2.4792,100.0,12.5,-0.1133,2.474595,False,
AVL-CHE-MUN-MUN-TOT,4,2+1+1+1,0,2.4545,2.6,2.33,0.0066,2,"MUN,MUN","FUL,NFO",AVL-CHE-FUL-NFO-TOT,5,1+1+1+1+1,0,2.4792,100.0,12.5,-0.1683,2.474595,False,
AVL-CHE-TOT-SUN-SUN,4,2+1+1+1,2,2.4545,2.6,2.33,0.0066,2,"SUN,SUN","FUL,NFO",AVL-CHE-FUL-NFO-TOT,5,1+1+1+1+1,0,2.4792,100.0,12.5,-0.1683,2.474595,False,
BHA-CHE-TOT-SUN-SUN,4,2+1+1+1,2,2.4545,2.6,2.33,0.0066,2,"BHA,SUN","BOU,NFO",BOU-CHE-NFO-TOT-SUN,5,1+1+1+1+1,1,2.4792,100.0,12.5,-0.1412,2.474595,False,
CHE-LIV-TOT-SUN-SUN,4,2+1+1+1,2,2.4545,2.6,2.33,0.0201,2,"LIV,SUN","BOU,NFO",BOU-CHE-NFO-TOT-SUN,5,1+1+1+1+1,1,2.4792,100.0,12.5,-0.1412,2.474595,False,
CHE-MCI-MUN-MUN-TOT,4,2+1+1+1,0,2.4545,2.6,2.33,0.0201,2,"MUN,MUN","FUL,NEW",CHE-FUL-MCI-NEW-TOT,5,1+1+1+1+1,0,2.4792,100.0,12.5,-0.1474,2.474595,False,
CHE-MCI-TOT-SUN-SUN,4,2+1+1+1,2,2.4545,2.6,2.33,0.0201,2,"SUN,SUN","FUL,NEW",CHE-FUL-MCI-NEW-TOT,5,1+1+1+1+1,0,2.4792,100.0,12.5,-0.1474,2.474595,False,
BRE-BHA-LIV-MUN-NFO,5,1+1+1+1+1,0,2.4545,2.6,2.33,0.0366,2,"BRE,MUN","BOU,NEW",BOU-BHA-LIV-NEW-NFO,5,1+1+1+1+1,0,2.4792,100.0,12.5,-0.1525,2.474595,False,
BRE-BHA-LIV-NFO-SUN,5,1+1+1+1+1,1,2.4545,2.6,2.33,0.0366,2,"BRE,SUN","BOU,NEW",BOU-BHA-LIV-NEW-NFO,5,1+1+1+1+1,0,2.4792,100.0,12.5,-0.1525,2.474595,False,
BRE-BHA-MCI-MUN-NFO,5,1+1+1+1+1,0,2.4545,2.6,2.33,0.0366,2,"BRE,MUN","LIV,NEW",BHA-LIV-MCI-NEW-NFO,5,1+1+1+1+1,0,2.4792,100.0,12.5,-0.1303,2.474595,False,
BRE-BHA-MCI-NFO-SUN,5,1+1+1+1+1,1,2.4545,2.6,2.33,0.0366,2,"BRE,SUN","LIV,NEW",BHA-LIV-MCI-NEW-NFO,5,1+1+1+1+1,0,2.4792,100.0,12.5,-0.1303,2.474595,False,
BRE-CHE-EVE-SUN-SUN,4,2+1+1+1,2,2.4545,2.6,2.33,0.089,2,"BRE,SUN","COV,MCI",CHE-COV-EVE-MCI-SUN,5,1+1+1+1+1,1,2.4792,100.0,12.5,-0.1133,2.474595,False,
CHE-CHE-LIV-MUN-SUN,4,2+1+1+1,1,2.4545,2.6,2.33,0.089,2,"CHE,MUN","BOU,NFO",BOU-CHE-LIV-NFO-SUN,5,1+1+1+1+1,1,2.4792,100.0,18.8,-0.0575,2.474595,False,
CHE-CHE-MCI-MUN-SUN,4,2+1+1+1,1,2.4545,2.6,2.33,0.089,2,"CHE,MUN","COV,EVE",CHE-COV-EVE-MCI-SUN,5,1+1+1+1+1,1,2.4792,100.0,12.5,-0.1133,2.474595,False,
EVE-LIV-MUN-TOT-SUN,5,1+1+1+1+1,1,2.4545,2.6,2.33,0.1,2,"MUN,SUN","NEW,NFO",EVE-LIV-NEW-NFO-TOT,5,1+1+1+1+1,0,2.4792,100.0,25.0,-0.1014,2.474595,False,
EVE-MCI-MUN-TOT-SUN,5,1+1+1+1+1,1,2.4545,2.6,2.33,0.1,2,"MUN,TOT","CHE,COV",CHE-COV-EVE-MCI-SUN,5,1+1+1+1+1,1,2.4792,100.0,12.5,-0.1133,2.474595,False,
AVL-CHE-MUN-TOT-SUN,5,1+1+1+1+1,1,2.4545,2.6,2.33,0.1066,2,"MUN,SUN","FUL,NFO",AVL-CHE-FUL-NFO-TOT,5,1+1+1+1+1,0,2.4792,100.0,12.5,-0.1683,2.474595,False,
BHA-CHE-MUN-TOT-SUN,5,1+1+1+1+1,1,2.4545,2.6,2.33,0.1066,2,"BHA,MUN","BOU,NFO",BOU-CHE-NFO-TOT-SUN,5,1+1+1+1+1,1,2.4792,100.0,12.5,-0.1412,2.474595,False,
CHE-LIV-MUN-TOT-SUN,5,1+1+1+1+1,1,2.4545,2.6,2.33,0.1201,2,"LIV,MUN","BOU,NFO",BOU-CHE-NFO-TOT-SUN,5,1+1+1+1+1,1,2.4792,100.0,12.5,-0.1412,2.474595,False,
CHE-MCI-MUN-TOT-SUN,5,1+1+1+1+1,1,2.4545,2.6,2.33,0.1201,2,"MUN,SUN","FUL,NEW",CHE-FUL-MCI-NEW-TOT,5,1+1+1+1+1,0,2.4792,100.0,12.5,-0.1474,2.474595,False,
AVL-CHE-EVE-MUN-MUN,4,2+1+1+1,0,2.4545,2.6,2.33,0.1255,2,"MUN,MUN","COV,LEE",AVL-CHE-COV-EVE-LEE,5,1+1+1+1+1,0,2.4792,100.0,12.5,-0.128,2.474595,False,
AVL-CHE-EVE-SUN-SUN,4,2+1+1+1,2,2.4545,2.6,2.33,0.1255,2,"SUN,SUN","COV,LEE",AVL-CHE-COV-EVE-LEE,5,1+1+1+1+1,0,2.4792,100.0,12.5,-0.128,2.474595,False,
BHA-CHE-EVE-SUN-SUN,4,2+1+1+1,2,2.4545,2.6,2.33,0.1255,2,"BHA,SUN","COV,MCI",CHE-COV-EVE-MCI-SUN,5,1+1+1+1+1,1,2.4792,100.0,12.5,-0.1133,2.474595,False,
BRE-CHE-EVE-MUN-SUN,5,1+1+1+1+1,1,2.4545,2.6,2.33,0.189,2,"BRE,MUN","COV,MCI",CHE-COV-EVE-MCI-SUN,5,1+1+1+1+1,1,2.4792,100.0,12.5,-0.1133,2.474595,False,
AVL-CHE-EVE-MUN-SUN,5,1+1+1+1+1,1,2.4545,2.6,2.33,0.2255,2,"MUN,SUN","COV,LEE",AVL-CHE-COV-EVE-LEE,5,1+1+1+1+1,0,2.4792,100.0,12.5,-0.128,2.474595,False,
BHA-CHE-EVE-MUN-SUN,5,1+1+1+1+1,1,2.4545,2.6,2.33,0.2255,2,"BHA,MUN","COV,MCI",CHE-COV-EVE-MCI-SUN,5,1+1+1+1+1,1,2.4792,100.0,12.5,-0.1133,2.474595,False,
AVL-AVL-CHE-MUN-TOT,4,2+1+1+1,0,2.4545,2.8,2.17,-0.3227,2,"AVL,MUN","FUL,NFO",AVL-CHE-FUL-NFO-TOT,5,1+1+1+1+1,0,2.4792,100.0,12.5,-0.1683,2.474595,False,
AVL-AVL-CHE-TOT-SUN,4,2+1+1+1,1,2.4545,2.8,2.17,-0.3227,2,"AVL,SUN","FUL,NFO",AVL-CHE-FUL-NFO-TOT,5,1+1+1+1+1,0,2.4792,100.0,12.5,-0.1683,2.474595,False,
BHA-BHA-CHE-TOT-SUN,4,2+1+1+1,1,2.4545,2.8,2.17,-0.3227,2,"BHA,BHA","BOU,NFO",BOU-CHE-NFO-TOT-SUN,5,1+1+1+1+1,1,2.4792,100.0,12.5,-0.1412,2.474595,False,
AVL-BRE-BRE-CHE-MUN,4,2+1+1+1,0,2.4545,2.8,2.17,-0.3061,2,"BRE,MUN","BOU,NFO",AVL-BOU-BRE-CHE-NFO,5,1+1+1+1+1,0,2.4792,100.0,6.2,-0.1001,2.474595,False,
AVL-BRE-BRE-CHE-SUN,4,2+1+1+1,1,2.4545,2.8,2.17,-0.3061,2,"BRE,SUN","BOU,NFO",AVL-BOU-BRE-CHE-NFO,5,1+1+1+1+1,0,2.4792,100.0,6.2,-0.1001,2.474595,False,
BHA-CHE-LIV-LIV-MUN,4,2+1+1+1,0,2.4545,2.8,2.17,-0.3061,2,"LIV,MUN","BOU,NFO",BOU-BHA-CHE-LIV-NFO,5,1+1+1+1+1,0,2.4792,93.8,18.8,-0.0479,2.474595,False,
BHA-CHE-LIV-LIV-SUN,4,2+1+1+1,1,2.4545,2.8,2.17,-0.3061,2,"CHE,LIV","COV,MCI",BHA-COV-LIV-MCI-SUN,5,1+1+1+1+1,1,2.4792,100.0,25.0,-0.1292,2.474595,False,
BHA-CHE-MCI-MCI-MUN,4,2+1+1+1,0,2.4545,2.8,2.17,-0.3061,2,"MCI,MUN","COV,NFO",BHA-CHE-COV-MCI-NFO,5,1+1+1+1+1,0,2.4792,100.0,18.8,-0.0611,2.474595,False,
BHA-CHE-MCI-MCI-SUN,4,2+1+1+1,1,2.4545,2.8,2.17,-0.3061,2,"CHE,MCI","COV,LIV",BHA-COV-LIV-MCI-SUN,5,1+1+1+1+1,1,2.4792,100.0,25.0,-0.1292,2.474595,False,
AVL-AVL-BRE-CHE-MUN,4,2+1+1+1,0,2.4545,2.8,2.17,-0.2964,2,"BRE,MUN","COV,LEE",AVL-AVL-CHE-COV-LEE,4,2+1+1+1,0,2.4792,100.0,31.2,-0.1583,2.474595,False,
AVL-AVL-BRE-CHE-SUN,4,2+1+1+1,1,2.4545,2.8,2.17,-0.2964,2,"BRE,SUN","COV,LEE",AVL-AVL-CHE-COV-LEE,4,2+1+1+1,0,2.4792,100.0,31.2,-0.1583,2.474595,False,
AVL-BRE-CHE-CHE-MUN,4,2+1+1+1,0,2.4545,2.8,2.17,-0.2964,2,"CHE,MUN","BOU,NFO",AVL-BOU-BRE-CHE-NFO,5,1+1+1+1+1,0,2.4792,100.0,6.2,-0.1001,2.474595,False,
AVL-BRE-CHE-CHE-SUN,4,2+1+1+1,1,2.4545,2.8,2.17,-0.2964,2,"CHE,SUN","BOU,NFO",AVL-BOU-BRE-CHE-NFO,5,1+1+1+1+1,0,2.4792,100.0,6.2,-0.1001,2.474595,False,
BHA-BHA-CHE-LIV-MUN,4,2+1+1+1,0,2.4545,2.8,2.17,-0.2964,2,"BHA,MUN","BOU,NFO",BOU-BHA-CHE-LIV-NFO,5,1+1+1+1+1,0,2.4792,93.8,18.8,-0.0479,2.474595,False,
BHA-BHA-CHE-LIV-SUN,4,2+1+1+1,1,2.4545,2.8,2.17,-0.2964,2,"BHA,CHE","COV,MCI",BHA-COV-LIV-MCI-SUN,5,1+1+1+1+1,1,2.4792,100.0,25.0,-0.1292,2.474595,False,
BHA-BHA-CHE-MCI-MUN,4,2+1+1+1,0,2.4545,2.8,2.17,-0.2964,2,"BHA,MUN","COV,NFO",BHA-CHE-COV-MCI-NFO,5,1+1+1+1+1,0,2.4792,100.0,18.8,-0.0611,2.474595,False,
BHA-BHA-CHE-MCI-SUN,4,2+1+1+1,1,2.4545,2.8,2.17,-0.2964,2,"BHA,CHE","COV,LIV",BHA-COV-LIV-MCI-SUN,5,1+1+1+1+1,1,2.4792,100.0,25.0,-0.1292,2.474595,False,
BHA-CHE-CHE-LIV-MUN,4,2+1+1+1,0,2.4545,2.8,2.17,-0.2964,2,"CHE,MUN","BOU,NFO",BOU-BHA-CHE-LIV-NFO,5,1+1+1+1+1,0,2.4792,93.8,18.8,-0.0479,2.474595,False,
BHA-CHE-CHE-LIV-SUN,4,2+1+1+1,1,2.4545,2.8,2.17,-0.2964,2,"CHE,CHE","COV,MCI",BHA-COV-LIV-MCI-SUN,5,1+1+1+1+1,1,2.4792,100.0,25.0,-0.1292,2.474595,False,
BHA-CHE-CHE-MCI-MUN,4,2+1+1+1,0,2.4545,2.8,2.17,-0.2964,2,"CHE,MUN","COV,NFO",BHA-CHE-COV-MCI-NFO,5,1+1+1+1+1,0,2.4792,100.0,18.8,-0.0611,2.474595,False,
BHA-CHE-CHE-MCI-SUN,4,2+1+1+1,1,2.4545,2.8,2.17,-0.2964,2,"CHE,CHE","COV,LIV",BHA-COV-LIV-MCI-SUN,5,1+1+1+1+1,1,2.4792,100.0,25.0,-0.1292,2.474595,False,
BRE-BRE-CHE-LIV-SUN,4,2+1+1+1,1,2.4545,2.8,2.17,-0.289,2,"BRE,BRE","BOU,NFO",BOU-CHE-LIV-NFO-SUN,5,1+1+1+1+1,1,2.4792,100.0,18.8,-0.0575,2.474595,False,
BRE-BRE-CHE-MCI-SUN,4,2+1+1+1,1,2.4545,2.8,2.17,-0.289,2,"BRE,BRE","COV,EVE",CHE-COV-EVE-MCI-SUN,5,1+1+1+1+1,1,2.4792,100.0,12.5,-0.1133,2.474595,False,
BRE-CHE-CHE-LIV-SUN,4,2+1+1+1,1,2.4545,2.8,2.17,-0.289,2,"BRE,CHE","BOU,NFO",BOU-CHE-LIV-NFO-SUN,5,1+1+1+1+1,1,2.4792,100.0,18.8,-0.0575,2.474595,False,
BRE-CHE-CHE-MCI-SUN,4,2+1+1+1,1,2.4545,2.8,2.17,-0.289,2,"BRE,CHE","COV,EVE",CHE-COV-EVE-MCI-SUN,5,1+1+1+1+1,1,2.4792,100.0,12.5,-0.1133,2.474595,False,
BRE-CHE-LIV-LIV-SUN,4,2+1+1+1,1,2.4545,2.8,2.17,-0.289,2,"BRE,LIV","BOU,NFO",BOU-CHE-LIV-NFO-SUN,5,1+1+1+1+1,1,2.4792,100.0,18.8,-0.0575,2.474595,False,
BRE-CHE-MCI-MCI-SUN,4,2+1+1+1,1,2.4545,2.8,2.17,-0.289,2,"BRE,MCI","COV,EVE",CHE-COV-EVE-MCI-SUN,5,1+1+1+1+1,1,2.4792,100.0,12.5,-0.1133,2.474595,False,
BHA-BHA-LIV-TOT-SUN,4,2+1+1+1,1,2.4545,2.8,2.17,-0.2732,2,"BHA,TOT","COV,MCI",BHA-COV-LIV-MCI-SUN,5,1+1+1+1+1,1,2.4792,100.0,25.0,-0.1292,2.474595,False,
BHA-BHA-MCI-TOT-SUN,4,2+1+1+1,1,2.4545,2.8,2.17,-0.2732,2,"BHA,TOT","COV,LIV",BHA-COV-LIV-MCI-SUN,5,1+1+1+1+1,1,2.4792,100.0,25.0,-0.1292,2.474595,False,
BHA-LIV-TOT-TOT-SUN,4,2+1+1+1,1,2.4545,2.8,2.17,-0.2732,2,"TOT,TOT","COV,MCI",BHA-COV-LIV-MCI-SUN,5,1+1+1+1+1,1,2.4792,100.0,25.0,-0.1292,2.474595,False,
BHA-MCI-TOT-TOT-SUN,4,2+1+1+1,1,2.4545,2.8,2.17,-0.2732,2,"TOT,TOT","COV,LIV",BHA-COV-LIV-MCI-SUN,5,1+1+1+1+1,1,2.4792,100.0,25.0,-0.1292,2.474595,False,
CHE-LIV-LIV-TOT-SUN,4,2+1+1+1,1,2.4545,2.8,2.17,-0.2689,2,"LIV,LIV","BOU,NFO",BOU-CHE-NFO-TOT-SUN,5,1+1+1+1+1,1,2.4792,100.0,12.5,-0.1412,2.474595,False,
CHE-MCI-MCI-MUN-TOT,4,2+1+1+1,0,2.4545,2.8,2.17,-0.2689,2,"MCI,MUN","FUL,NEW",CHE-FUL-MCI-NEW-TOT,5,1+1+1+1+1,0,2.4792,100.0,12.5,-0.1474,2.474595,False,
CHE-MCI-MCI-TOT-SUN,4,2+1+1+1,1,2.4545,2.8,2.17,-0.2689,2,"MCI,SUN","FUL,NEW",CHE-FUL-MCI-NEW-TOT,5,1+1+1+1+1,0,2.4792,100.0,12.5,-0.1474,2.474595,False,
BHA-LIV-LIV-TOT-SUN,4,2+1+1+1,1,2.4545,2.8,2.17,-0.25,2,"LIV,TOT","COV,MCI",BHA-COV-LIV-MCI-SUN,5,1+1+1+1+1,1,2.4792,100.0,25.0,-0.1292,2.474595,False,
BHA-MCI-MCI-TOT-SUN,4,2+1+1+1,1,2.4545,2.8,2.17,-0.25,2,"MCI,TOT","COV,LIV",BHA-COV-LIV-MCI-SUN,5,1+1+1+1+1,1,2.4792,100.0,25.0,-0.1292,2.474595,False,
BHA-CHE-LIV-TOT-SUN,5,1+1+1+1+1,1,2.4545,2.8,2.17,-0.2092,2,"BHA,LIV","BOU,NFO",BOU-CHE-NFO-TOT-SUN,5,1+1+1+1+1,1,2.4792,100.0,12.5,-0.1412,2.474595,False,
BHA-CHE-MCI-MUN-TOT,5,1+1+1+1+1,0,2.4545,2.8,2.17,-0.2092,2,"BHA,MUN","FUL,NEW",CHE-FUL-MCI-NEW-TOT,5,1+1+1+1+1,0,2.4792,100.0,12.5,-0.1474,2.474595,False,
BHA-CHE-MCI-TOT-SUN,5,1+1+1+1+1,1,2.4545,2.8,2.17,-0.2092,2,"BHA,SUN","FUL,NEW",CHE-FUL-MCI-NEW-TOT,5,1+1+1+1+1,0,2.4792,100.0,12.5,-0.1474,2.474595,False,
BRE-BHA-CHE-LIV-SUN,5,1+1+1+1+1,1,2.4545,2.8,2.17,-0.2061,2,"BRE,CHE","COV,MCI",BHA-COV-LIV-MCI-SUN,5,1+1+1+1+1,1,2.4792,100.0,25.0,-0.1292,2.474595,False,
BRE-BHA-CHE-MCI-MUN,5,1+1+1+1+1,0,2.4545,2.8,2.17,-0.2061,2,"BRE,MUN","COV,NFO",BHA-CHE-COV-MCI-NFO,5,1+1+1+1+1,0,2.4792,100.0,18.8,-0.0611,2.474595,False,
BRE-BHA-CHE-MCI-SUN,5,1+1+1+1+1,1,2.4545,2.8,2.17,-0.2061,2,"BRE,CHE","COV,LIV",BHA-COV-LIV-MCI-SUN,5,1+1+1+1+1,1,2.4792,100.0,25.0,-0.1292,2.474595,False,
LIV-LIV-MCI-TOT-SUN,4,2+1+1+1,1,2.4545,2.8,2.17,-0.2,2,"LIV,TOT","BHA,COV",BHA-COV-LIV-MCI-SUN,5,1+1+1+1+1,1,2.4792,100.0,25.0,-0.1292,2.474595,False,
LIV-MCI-MCI-TOT-SUN,4,2+1+1+1,1,2.4545,2.8,2.17,-0.2,2,"MCI,TOT","BHA,COV",BHA-COV-LIV-MCI-SUN,5,1+1+1+1+1,1,2.4792,100.0,25.0,-0.1292,2.474595,False,
LIV-MCI-TOT-TOT-SUN,4,2+1+1+1,1,2.4545,2.8,2.17,-0.2,2,"TOT,TOT","BHA,COV",BHA-COV-LIV-MCI-SUN,5,1+1+1+1+1,1,2.4792,100.0,25.0,-0.1292,2.474595,False,
BHA-LIV-MCI-MUN-TOT,5,1+1+1+1+1,0,2.4545,2.8,2.17,-0.15,2,"MUN,TOT","NEW,NFO",BHA-LIV-MCI-NEW-NFO,5,1+1+1+1+1,0,2.4792,100.0,12.5,-0.1303,2.474595,False,
BHA-LIV-MCI-TOT-SUN,5,1+1+1+1+1,1,2.4545,2.8,2.17,-0.15,2,"SUN,TOT","NEW,NFO",BHA-LIV-MCI-NEW-NFO,5,1+1+1+1+1,0,2.4792,100.0,12.5,-0.1303,2.474595,False,
ARS-BHA-LIV-MUN-MUN,4,2+1+1+1,0,2.3636,2.4,2.33,-0.2366,2,"MUN,MUN","COV,MCI",ARS-BHA-COV-LIV-MCI,5,1+1+1+1+1,0,2.5208,93.8,12.5,-0.094,2.491492,False,
ARS-AVL-MUN-MUN-TOT,4,2+1+1+1,0,2.3636,2.4,2.33,-0.1098,2,"MUN,MUN","LIV,NFO",ARS-AVL-LIV-NFO-TOT,5,1+1+1+1+1,0,2.5208,93.8,18.8,-0.0611,2.491492,False,
LEE-LIV-MUN-MUN-SUN,4,2+1+1+1,1,2.3636,2.4,2.33,-0.1,2,"MUN,MUN","BHA,NFO",BHA-LEE-LIV-NFO-SUN,5,1+1+1+1+1,1,2.5208,93.8,18.8,-0.0913,2.491492,False,
LEE-LIV-MUN-SUN-SUN,4,2+1+1+1,2,2.3636,2.4,2.33,-0.1,2,"MUN,SUN","BHA,NFO",BHA-LEE-LIV-NFO-SUN,5,1+1+1+1+1,1,2.5208,93.8,18.8,-0.0913,2.491492,False,
BRE-BHA-MCI-MUN-MUN,4,2+1+1+1,0,2.3636,2.6,2.17,-0.3,2,"MUN,MUN","CHE,NEW",BRE-BHA-CHE-MCI-NEW,5,1+1+1+1+1,0,2.5208,100.0,12.5,-0.0963,2.491492,False,
BRE-BHA-CHE-MUN-MUN,4,2+1+1+1,0,2.3636,2.6,2.17,-0.2903,2,"MUN,MUN","MCI,NEW",BRE-BHA-CHE-MCI-NEW,5,1+1+1+1+1,0,2.5208,100.0,12.5,-0.0963,2.491492,False,
ARS-CHE-NFO-NFO-TOT,4,2+1+1+1,0,2.6364,2.4,2.83,-0.021,2,"ARS,NFO","BOU,FUL",BOU-CHE-FUL-NFO-TOT,5,1+1+1+1+1,0,2.4583,100.0,12.5,-0.1278,2.491505,False,
CHE-IPS-NFO-NFO-TOT,4,2+1+1+1,0,2.6364,2.4,2.83,-0.021,2,"IPS,NFO","BOU,FUL",BOU-CHE-FUL-NFO-TOT,5,1+1+1+1+1,0,2.4583,100.0,12.5,-0.1278,2.491505,False,
CRY-LIV-MUN-NFO-NFO,4,2+1+1+1,0,2.6364,2.4,2.83,0.0732,2,"MUN,NFO","BOU,EVE",BOU-CRY-EVE-LIV-NFO,5,1+1+1+1+1,0,2.4583,100.0,18.8,-0.1615,2.491505,False,
CRY-LIV-NFO-NFO-SUN,4,2+1+1+1,1,2.6364,2.4,2.83,0.0732,2,"NFO,SUN","BOU,EVE",BOU-CRY-EVE-LIV-NFO,5,1+1+1+1+1,0,2.4583,100.0,18.8,-0.1615,2.491505,False,
ARS-CRY-LIV-MUN-NFO,5,1+1+1+1+1,0,2.6364,2.4,2.83,0.1232,2,"ARS,MUN","BOU,EVE",BOU-CRY-EVE-LIV-NFO,5,1+1+1+1+1,0,2.4583,100.0,18.8,-0.1615,2.491505,False,
ARS-CRY-LIV-NFO-SUN,5,1+1+1+1+1,1,2.6364,2.4,2.83,0.1232,2,"ARS,SUN","BOU,EVE",BOU-CRY-EVE-LIV-NFO,5,1+1+1+1+1,0,2.4583,100.0,18.8,-0.1615,2.491505,False,
CRY-IPS-LIV-MUN-NFO,5,1+1+1+1+1,0,2.6364,2.4,2.83,0.1232,2,"IPS,MUN","BOU,EVE",BOU-CRY-EVE-LIV-NFO,5,1+1+1+1+1,0,2.4583,100.0,18.8,-0.1615,2.491505,False,
BHA-CHE-NFO-NFO-TOT,4,2+1+1+1,0,2.6364,2.6,2.67,-0.2479,2,"BHA,NFO","BOU,FUL",BOU-CHE-FUL-NFO-TOT,5,1+1+1+1+1,0,2.4583,100.0,12.5,-0.1278,2.491505,False,
ARS-EVE-MCI-MCI-NFO,4,2+1+1+1,0,2.6364,2.6,2.67,-0.1634,2,"ARS,MCI","CHE,LIV",CHE-EVE-LIV-MCI-NFO,5,1+1+1+1+1,0,2.4583,93.8,25.0,-0.0279,2.491505,False,
ARS-BHA-CHE-NFO-TOT,5,1+1+1+1+1,0,2.6364,2.6,2.67,-0.123,2,"ARS,BHA","BOU,FUL",BOU-CHE-FUL-NFO-TOT,5,1+1+1+1+1,0,2.4583,100.0,12.5,-0.1278,2.491505,False,
BHA-CHE-IPS-NFO-TOT,5,1+1+1+1+1,0,2.6364,2.6,2.67,-0.123,2,"BHA,IPS","BOU,FUL",BOU-CHE-FUL-NFO-TOT,5,1+1+1+1+1,0,2.4583,100.0,12.5,-0.1278,2.491505,False,
BRE-EVE-MCI-NFO-NFO,4,2+1+1+1,0,2.6364,2.6,2.67,-0.1,2,"BRE,NFO","CHE,LIV",CHE-EVE-LIV-MCI-NFO,5,1+1+1+1+1,0,2.4583,93.8,25.0,-0.0279,2.491505,False,
ARS-BRE-EVE-MCI-NFO,5,1+1+1+1+1,0,2.6364,2.6,2.67,-0.0634,2,"ARS,BRE","CHE,LIV",CHE-EVE-LIV-MCI-NFO,5,1+1+1+1+1,0,2.4583,93.8,25.0,-0.0279,2.491505,False,
ARS-EVE-LEE-MCI-MUN,5,1+1+1+1+1,0,2.6364,2.6,2.67,-0.05,2,"ARS,MUN","COV,FUL",COV-EVE-FUL-LEE-MCI,5,1+1+1+1+1,0,2.4583,100.0,6.2,-0.1523,2.491505,False,
ARS-EVE-LEE-MCI-SUN,5,1+1+1+1+1,1,2.6364,2.6,2.67,-0.05,2,"ARS,SUN","COV,FUL",COV-EVE-FUL-LEE-MCI,5,1+1+1+1+1,0,2.4583,100.0,6.2,-0.1523,2.491505,False,
EVE-IPS-LEE-MCI-MUN,5,1+1+1+1+1,0,2.6364,2.6,2.67,-0.05,2,"IPS,MUN","COV,FUL",COV-EVE-FUL-LEE-MCI,5,1+1+1+1+1,0,2.4583,100.0,6.2,-0.1523,2.491505,False,
ARS-CHE-EVE-MCI-MUN,5,1+1+1+1+1,0,2.6364,2.6,2.67,0.0634,2,"ARS,MUN","LIV,NEW",CHE-EVE-LIV-MCI-NEW,5,1+1+1+1+1,0,2.4583,100.0,12.5,-0.1204,2.491505,False,
ARS-CHE-EVE-MCI-SUN,5,1+1+1+1+1,1,2.6364,2.6,2.67,0.0634,2,"ARS,SUN","LIV,NEW",CHE-EVE-LIV-MCI-NEW,5,1+1+1+1+1,0,2.4583,100.0,12.5,-0.1204,2.491505,False,
CHE-EVE-IPS-MCI-MUN,5,1+1+1+1+1,0,2.6364,2.6,2.67,0.0634,2,"IPS,MUN","LIV,NEW",CHE-EVE-LIV-MCI-NEW,5,1+1+1+1+1,0,2.4583,100.0,12.5,-0.1204,2.491505,False,
ARS-CHE-CHE-NFO-TOT,4,2+1+1+1,0,2.6364,2.6,2.67,0.0735,2,"ARS,CHE","BOU,FUL",BOU-CHE-FUL-NFO-TOT,5,1+1+1+1+1,0,2.4583,100.0,12.5,-0.1278,2.491505,False,
CHE-CHE-IPS-NFO-TOT,4,2+1+1+1,0,2.6364,2.6,2.67,0.0735,2,"CHE,IPS","BOU,FUL",BOU-CHE-FUL-NFO-TOT,5,1+1+1+1+1,0,2.4583,100.0,12.5,-0.1278,2.491505,False,
BHA-CRY-LIV-MUN-NFO,5,1+1+1+1+1,0,2.6364,2.6,2.67,0.1232,2,"BHA,MUN","BOU,EVE",BOU-CRY-EVE-LIV-NFO,5,1+1+1+1+1,0,2.4583,100.0,18.8,-0.1615,2.491505,False,
BHA-CRY-LIV-NFO-SUN,5,1+1+1+1+1,1,2.6364,2.6,2.67,0.1232,2,"BHA,SUN","BOU,EVE",BOU-CRY-EVE-LIV-NFO,5,1+1+1+1+1,0,2.4583,100.0,18.8,-0.1615,2.491505,False,
CRY-LIV-NFO-TOT-TOT,4,2+1+1+1,0,2.6364,2.8,2.5,-0.3366,2,"TOT,TOT","BOU,EVE",BOU-CRY-EVE-LIV-NFO,5,1+1+1+1+1,0,2.4583,100.0,18.8,-0.1615,2.491505,False,
BHA-BHA-CHE-NFO-TOT,4,2+1+1+1,0,2.6364,2.8,2.5,-0.3133,2,"BHA,BHA","BOU,FUL",BOU-CHE-FUL-NFO-TOT,5,1+1+1+1+1,0,2.4583,100.0,12.5,-0.1278,2.491505,False,
EVE-EVE-LIV-MCI-MUN,4,2+1+1+1,0,2.6364,2.8,2.5,-0.3,2,"EVE,MUN","CHE,NEW",CHE-EVE-LIV-MCI-NEW,5,1+1+1+1+1,0,2.4583,100.0,12.5,-0.1204,2.491505,False,
EVE-EVE-LIV-MCI-SUN,4,2+1+1+1,1,2.6364,2.8,2.5,-0.3,2,"EVE,SUN","CHE,NEW",CHE-EVE-LIV-MCI-NEW,5,1+1+1+1+1,0,2.4583,100.0,12.5,-0.1204,2.491505,False,
EVE-LEE-MCI-MCI-MUN,4,2+1+1+1,0,2.6364,2.8,2.5,-0.3,2,"MCI,MUN","COV,FUL",COV-EVE-FUL-LEE-MCI,5,1+1+1+1+1,0,2.4583,100.0,6.2,-0.1523,2.491505,False,
EVE-LEE-MCI-MCI-SUN,4,2+1+1+1,1,2.6364,2.8,2.5,-0.3,2,"MCI,SUN","COV,FUL",COV-EVE-FUL-LEE-MCI,5,1+1+1+1+1,0,2.4583,100.0,6.2,-0.1523,2.491505,False,
ARS-CHE-LEE-LIV-LIV,4,2+1+1+1,0,2.6364,2.8,2.5,-0.2701,2,"ARS,LIV","AVL,NFO",AVL-CHE-LEE-LIV-NFO,5,1+1+1+1+1,0,2.4583,100.0,18.8,-0.0971,2.491505,False,
CHE-IPS-LEE-LIV-LIV,4,2+1+1+1,0,2.6364,2.8,2.5,-0.2701,2,"IPS,LIV","AVL,NFO",AVL-CHE-LEE-LIV-NFO,5,1+1+1+1+1,0,2.4583,100.0,18.8,-0.0971,2.491505,False,
ARS-EVE-LIV-MCI-TOT,5,1+1+1+1+1,0,2.6364,2.8,2.5,-0.25,2,"ARS,TOT","CHE,NEW",CHE-EVE-LIV-MCI-NEW,5,1+1+1+1+1,0,2.4583,100.0,12.5,-0.1204,2.491505,False,
EVE-IPS-LIV-MCI-TOT,5,1+1+1+1+1,0,2.6364,2.8,2.5,-0.25,2,"IPS,TOT","CHE,NEW",CHE-EVE-LIV-MCI-NEW,5,1+1+1+1+1,0,2.4583,100.0,12.5,-0.1204,2.491505,False,
CHE-CRY-NFO-TOT-TOT,4,2+1+1+1,0,2.6364,2.8,2.5,-0.2437,2,"CRY,TOT","BOU,FUL",BOU-CHE-FUL-NFO-TOT,5,1+1+1+1+1,0,2.4583,100.0,12.5,-0.1278,2.491505,False,
ARS-EVE-LIV-LIV-MCI,4,2+1+1+1,0,2.6364,2.8,2.5,-0.2,2,"ARS,LIV","CHE,NEW",CHE-EVE-LIV-MCI-NEW,5,1+1+1+1+1,0,2.4583,100.0,12.5,-0.1204,2.491505,False,
ARS-EVE-LIV-MCI-MCI,4,2+1+1+1,0,2.6364,2.8,2.5,-0.2,2,"ARS,MCI","CHE,NEW",CHE-EVE-LIV-MCI-NEW,5,1+1+1+1+1,0,2.4583,100.0,12.5,-0.1204,2.491505,False,
BRE-EVE-LEE-MCI-MUN,5,1+1+1+1+1,0,2.6364,2.8,2.5,-0.2,2,"BRE,MUN","COV,FUL",COV-EVE-FUL-LEE-MCI,5,1+1+1+1+1,0,2.4583,100.0,6.2,-0.1523,2.491505,False,
BRE-EVE-LEE-MCI-SUN,5,1+1+1+1+1,1,2.6364,2.8,2.5,-0.2,2,"BRE,SUN","COV,FUL",COV-EVE-FUL-LEE-MCI,5,1+1+1+1+1,0,2.4583,100.0,6.2,-0.1523,2.491505,False,
EVE-IPS-LIV-LIV-MCI,4,2+1+1+1,0,2.6364,2.8,2.5,-0.2,2,"IPS,LIV","CHE,NEW",CHE-EVE-LIV-MCI-NEW,5,1+1+1+1+1,0,2.4583,100.0,12.5,-0.1204,2.491505,False,
EVE-IPS-LIV-MCI-MCI,4,2+1+1+1,0,2.6364,2.8,2.5,-0.2,2,"IPS,MCI","CHE,NEW",CHE-EVE-LIV-MCI-NEW,5,1+1+1+1+1,0,2.4583,100.0,12.5,-0.1204,2.491505,False,
EVE-LEE-LIV-MCI-MUN,5,1+1+1+1+1,0,2.6364,2.8,2.5,-0.2,2,"LIV,MUN","COV,FUL",COV-EVE-FUL-LEE-MCI,5,1+1+1+1+1,0,2.4583,100.0,6.2,-0.1523,2.491505,False,
EVE-LEE-LIV-MCI-SUN,5,1+1+1+1+1,1,2.6364,2.8,2.5,-0.2,2,"LIV,SUN","COV,FUL",COV-EVE-FUL-LEE-MCI,5,1+1+1+1+1,0,2.4583,100.0,6.2,-0.1523,2.491505,False,
AVL-EVE-LEE-LIV-MUN,5,1+1+1+1+1,0,2.6364,2.8,2.5,-0.1866,2,"EVE,MUN","CHE,NFO",AVL-CHE-LEE-LIV-NFO,5,1+1+1+1+1,0,2.4583,100.0,18.8,-0.0971,2.491505,False,
AVL-EVE-LEE-LIV-SUN,5,1+1+1+1+1,1,2.6364,2.8,2.5,-0.1866,2,"EVE,SUN","CHE,NFO",AVL-CHE-LEE-LIV-NFO,5,1+1+1+1+1,0,2.4583,100.0,18.8,-0.0971,2.491505,False,
AVL-EVE-LEE-MCI-MUN,5,1+1+1+1+1,0,2.6364,2.8,2.5,-0.1866,2,"EVE,MUN","COV,FUL",AVL-COV-FUL-LEE-MCI,5,1+1+1+1+1,0,2.4583,100.0,6.2,-0.201,2.491505,False,
AVL-EVE-LEE-MCI-SUN,5,1+1+1+1+1,1,2.6364,2.8,2.5,-0.1866,2,"EVE,SUN","COV,FUL",AVL-COV-FUL-LEE-MCI,5,1+1+1+1+1,0,2.4583,100.0,6.2,-0.201,2.491505,False,
BHA-EVE-LEE-MCI-MUN,5,1+1+1+1+1,0,2.6364,2.8,2.5,-0.1866,2,"BHA,MUN","COV,FUL",COV-EVE-FUL-LEE-MCI,5,1+1+1+1+1,0,2.4583,100.0,6.2,-0.1523,2.491505,False,
BHA-EVE-LEE-MCI-SUN,5,1+1+1+1+1,1,2.6364,2.8,2.5,-0.1866,2,"BHA,SUN","COV,FUL",COV-EVE-FUL-LEE-MCI,5,1+1+1+1+1,0,2.4583,100.0,6.2,-0.1523,2.491505,False,
CHE-CRY-LEE-LIV-MUN,5,1+1+1+1+1,0,2.6364,2.8,2.5,-0.1756,2,"CRY,MUN","AVL,NFO",AVL-CHE-LEE-LIV-NFO,5,1+1+1+1+1,0,2.4583,100.0,18.8,-0.0971,2.491505,False,
CHE-CRY-LEE-LIV-SUN,5,1+1+1+1+1,1,2.6364,2.8,2.5,-0.1756,2,"CRY,SUN","AVL,NFO",AVL-CHE-LEE-LIV-NFO,5,1+1+1+1+1,0,2.4583,100.0,18.8,-0.0971,2.491505,False,
ARS-BRE-CHE-LEE-LIV,5,1+1+1+1+1,0,2.6364,2.8,2.5,-0.1701,2,"ARS,BRE","AVL,NFO",AVL-CHE-LEE-LIV-NFO,5,1+1+1+1+1,0,2.4583,100.0,18.8,-0.0971,2.491505,False,
BRE-CHE-IPS-LEE-LIV,5,1+1+1+1+1,0,2.6364,2.8,2.5,-0.1701,2,"BRE,IPS","AVL,NFO",AVL-CHE-LEE-LIV-NFO,5,1+1+1+1+1,0,2.4583,100.0,18.8,-0.0971,2.491505,False,
CHE-CHE-CRY-NFO-TOT,4,2+1+1+1,0,2.6364,2.8,2.5,-0.1655,2,"CHE,CRY","BOU,FUL",BOU-CHE-FUL-NFO-TOT,5,1+1+1+1+1,0,2.4583,100.0,12.5,-0.1278,2.491505,False,
ARS-AVL-LEE-LIV-TOT,5,1+1+1+1+1,0,2.6364,2.8,2.5,-0.15,2,"ARS,TOT","CHE,NFO",AVL-CHE-LEE-LIV-NFO,5,1+1+1+1+1,0,2.4583,100.0,18.8,-0.0971,2.491505,False,
ARS-AVL-LEE-MCI-TOT,5,1+1+1+1+1,0,2.6364,2.8,2.5,-0.15,2,"ARS,TOT","COV,FUL",AVL-COV-FUL-LEE-MCI,5,1+1+1+1+1,0,2.4583,100.0,6.2,-0.201,2.491505,False,
ARS-CHE-LEE-LIV-TOT,5,1+1+1+1+1,0,2.6364,2.8,2.5,-0.15,2,"ARS,TOT","AVL,NFO",AVL-CHE-LEE-LIV-NFO,5,1+1+1+1+1,0,2.4583,100.0,18.8,-0.0971,2.491505,False,
AVL-IPS-LEE-LIV-TOT,5,1+1+1+1+1,0,2.6364,2.8,2.5,-0.15,2,"IPS,TOT","CHE,NFO",AVL-CHE-LEE-LIV-NFO,5,1+1+1+1+1,0,2.4583,100.0,18.8,-0.0971,2.491505,False,
AVL-IPS-LEE-MCI-TOT,5,1+1+1+1+1,0,2.6364,2.8,2.5,-0.15,2,"IPS,TOT","COV,FUL",AVL-COV-FUL-LEE-MCI,5,1+1+1+1+1,0,2.4583,100.0,6.2,-0.201,2.491505,False,
CHE-IPS-LEE-LIV-TOT,5,1+1+1+1+1,0,2.6364,2.8,2.5,-0.15,2,"IPS,TOT","AVL,NFO",AVL-CHE-LEE-LIV-NFO,5,1+1+1+1+1,0,2.4583,100.0,18.8,-0.0971,2.491505,False,
ARS-AVL-CHE-LEE-TOT,5,1+1+1+1+1,0,2.6364,2.8,2.5,-0.1403,2,"ARS,TOT","LIV,NFO",AVL-CHE-LEE-LIV-NFO,5,1+1+1+1+1,0,2.4583,100.0,18.8,-0.0971,2.491505,False,
AVL-CHE-IPS-LEE-TOT,5,1+1+1+1+1,0,2.6364,2.8,2.5,-0.1403,2,"IPS,TOT","LIV,NFO",AVL-CHE-LEE-LIV-NFO,5,1+1+1+1+1,0,2.4583,100.0,18.8,-0.0971,2.491505,False,
ARS-AVL-BRE-CHE-LEE,5,1+1+1+1+1,0,2.6364,2.8,2.5,-0.1372,2,"ARS,BRE","LIV,NFO",AVL-CHE-LEE-LIV-NFO,5,1+1+1+1+1,0,2.4583,100.0,18.8,-0.0971,2.491505,False,
ARS-BHA-CHE-LEE-LIV,5,1+1+1+1+1,0,2.6364,2.8,2.5,-0.1372,2,"ARS,BHA","AVL,NFO",AVL-CHE-LEE-LIV-NFO,5,1+1+1+1+1,0,2.4583,100.0,18.8,-0.0971,2.491505,False,
AVL-BRE-CHE-IPS-LEE,5,1+1+1+1+1,0,2.6364,2.8,2.5,-0.1372,2,"BRE,IPS","LIV,NFO",AVL-CHE-LEE-LIV-NFO,5,1+1+1+1+1,0,2.4583,100.0,18.8,-0.0971,2.491505,False,
BHA-CHE-IPS-LEE-LIV,5,1+1+1+1+1,0,2.6364,2.8,2.5,-0.1372,2,"BHA,IPS","AVL,NFO",AVL-CHE-LEE-LIV-NFO,5,1+1+1+1+1,0,2.4583,100.0,18.8,-0.0971,2.491505,False,
AVL-CHE-CRY-LEE-MUN,5,1+1+1+1+1,0,2.6364,2.8,2.5,-0.1293,2,"CRY,MUN","LIV,NFO",AVL-CHE-LEE-LIV-NFO,5,1+1+1+1+1,0,2.4583,100.0,18.8,-0.0971,2.491505,False,
AVL-CHE-CRY-LEE-SUN,5,1+1+1+1+1,1,2.6364,2.8,2.5,-0.1293,2,"CRY,SUN","LIV,NFO",AVL-CHE-LEE-LIV-NFO,5,1+1+1+1+1,0,2.4583,100.0,18.8,-0.0971,2.491505,False,
ARS-BRE-EVE-LIV-MCI,5,1+1+1+1+1,0,2.6364,2.8,2.5,-0.1,2,"ARS,BRE","CHE,NEW",CHE-EVE-LIV-MCI-NEW,5,1+1+1+1+1,0,2.4583,100.0,12.5,-0.1204,2.491505,False,
AVL-LEE-LEE-LIV-MUN,4,2+1+1+1,0,2.6364,2.8,2.5,-0.1,2,"LEE,MUN","CHE,NFO",AVL-CHE-LEE-LIV-NFO,5,1+1+1+1+1,0,2.4583,100.0,18.8,-0.0971,2.491505,False,
AVL-LEE-LEE-LIV-SUN,4,2+1+1+1,1,2.6364,2.8,2.5,-0.1,2,"LEE,SUN","CHE,NFO",AVL-CHE-LEE-LIV-NFO,5,1+1+1+1+1,0,2.4583,100.0,18.8,-0.0971,2.491505,False,
AVL-LEE-LEE-MCI-MUN,4,2+1+1+1,0,2.6364,2.8,2.5,-0.1,2,"LEE,MUN","COV,FUL",AVL-COV-FUL-LEE-MCI,5,1+1+1+1+1,0,2.4583,100.0,6.2,-0.201,2.491505,False,
AVL-LEE-LEE-MCI-SUN,4,2+1+1+1,1,2.6364,2.8,2.5,-0.1,2,"LEE,SUN","COV,FUL",AVL-COV-FUL-LEE-MCI,5,1+1+1+1+1,0,2.4583,100.0,6.2,-0.201,2.491505,False,
BRE-BRE-EVE-MCI-NFO,4,2+1+1+1,0,2.6364,2.8,2.5,-0.1,2,"BRE,BRE","CHE,LIV",CHE-EVE-LIV-MCI-NFO,5,1+1+1+1+1,0,2.4583,93.8,25.0,-0.0279,2.491505,False,
BRE-EVE-IPS-LIV-MCI,5,1+1+1+1+1,0,2.6364,2.8,2.5,-0.1,2,"BRE,IPS","CHE,NEW",CHE-EVE-LIV-MCI-NEW,5,1+1+1+1+1,0,2.4583,100.0,12.5,-0.1204,2.491505,False,
BRE-EVE-MCI-MCI-NFO,4,2+1+1+1,0,2.6364,2.8,2.5,-0.1,2,"BRE,MCI","CHE,LIV",CHE-EVE-LIV-MCI-NFO,5,1+1+1+1+1,0,2.4583,93.8,25.0,-0.0279,2.491505,False,
CHE-LEE-LEE-LIV-MUN,4,2+1+1+1,0,2.6364,2.8,2.5,-0.1,2,"LEE,MUN","AVL,NFO",AVL-CHE-LEE-LIV-NFO,5,1+1+1+1+1,0,2.4583,100.0,18.8,-0.0971,2.491505,False,
CHE-LEE-LEE-LIV-SUN,4,2+1+1+1,1,2.6364,2.8,2.5,-0.1,2,"LEE,SUN","AVL,NFO",AVL-CHE-LEE-LIV-NFO,5,1+1+1+1+1,0,2.4583,100.0,18.8,-0.0971,2.491505,False,
CRY-LIV-LIV-NFO-TOT,4,2+1+1+1,0,2.6364,2.8,2.5,-0.1,2,"LIV,TOT","BOU,EVE",BOU-CRY-EVE-LIV-NFO,5,1+1+1+1+1,0,2.4583,100.0,18.8,-0.1615,2.491505,False,
AVL-CHE-LEE-LEE-MUN,4,2+1+1+1,0,2.6364,2.8,2.5,-0.0903,2,"LEE,MUN","LIV,NFO",AVL-CHE-LEE-LIV-NFO,5,1+1+1+1+1,0,2.4583,100.0,18.8,-0.0971,2.491505,False,
AVL-CHE-LEE-LEE-SUN,4,2+1+1+1,1,2.6364,2.8,2.5,-0.0903,2,"LEE,SUN","LIV,NFO",AVL-CHE-LEE-LIV-NFO,5,1+1+1+1+1,0,2.4583,100.0,18.8,-0.0971,2.491505,False,
ARS-BHA-EVE-LIV-MCI,5,1+1+1+1+1,0,2.6364,2.8,2.5,-0.0634,2,"ARS,BHA","CHE,NEW",CHE-EVE-LIV-MCI-NEW,5,1+1+1+1+1,0,2.4583,100.0,12.5,-0.1204,2.491505,False,
BHA-EVE-IPS-LIV-MCI,5,1+1+1+1+1,0,2.6364,2.8,2.5,-0.0634,2,"BHA,IPS","CHE,NEW",CHE-EVE-LIV-MCI-NEW,5,1+1+1+1+1,0,2.4583,100.0,12.5,-0.1204,2.491505,False,
EVE-LEE-MCI-MUN-TOT,5,1+1+1+1+1,0,2.6364,2.8,2.5,-0.05,2,"MUN,TOT","COV,FUL",COV-EVE-FUL-LEE-MCI,5,1+1+1+1+1,0,2.4583,100.0,6.2,-0.1523,2.491505,False,
EVE-LEE-MCI-TOT-SUN,5,1+1+1+1+1,1,2.6364,2.8,2.5,-0.05,2,"SUN,TOT","COV,FUL",COV-EVE-FUL-LEE-MCI,5,1+1+1+1+1,0,2.4583,100.0,6.2,-0.1523,2.491505,False,
AVL-CRY-LEE-LIV-MUN,5,1+1+1+1+1,0,2.6364,2.8,2.5,-0.0134,2,"CRY,MUN","CHE,NFO",AVL-CHE-LEE-LIV-NFO,5,1+1+1+1+1,0,2.4583,100.0,18.8,-0.0971,2.491505,False,
AVL-CRY-LEE-LIV-SUN,5,1+1+1+1+1,1,2.6364,2.8,2.5,-0.0134,2,"CRY,SUN","CHE,NFO",AVL-CHE-LEE-LIV-NFO,5,1+1+1+1+1,0,2.4583,100.0,18.8,-0.0971,2.491505,False,
AVL-CRY-LEE-MCI-MUN,5,1+1+1+1+1,0,2.6364,2.8,2.5,-0.0134,2,"CRY,MUN","COV,FUL",AVL-COV-FUL-LEE-MCI,5,1+1+1+1+1,0,2.4583,100.0,6.2,-0.201,2.491505,False,
AVL-CRY-LEE-MCI-SUN,5,1+1+1+1+1,1,2.6364,2.8,2.5,-0.0134,2,"CRY,SUN","COV,FUL",AVL-COV-FUL-LEE-MCI,5,1+1+1+1+1,0,2.4583,100.0,6.2,-0.201,2.491505,False,
CHE-EVE-LEE-MCI-MUN,5,1+1+1+1+1,0,2.6364,2.8,2.5,-0.0055,2,"CHE,MUN","COV,FUL",COV-EVE-FUL-LEE-MCI,5,1+1+1+1+1,0,2.4583,100.0,6.2,-0.1523,2.491505,False,
CHE-EVE-LEE-MCI-SUN,5,1+1+1+1+1,1,2.6364,2.8,2.5,-0.0055,2,"CHE,SUN","COV,FUL",COV-EVE-FUL-LEE-MCI,5,1+1+1+1+1,0,2.4583,100.0,6.2,-0.1523,2.491505,False,
AVL-CHE-EVE-LEE-MUN,5,1+1+1+1+1,0,2.6364,2.8,2.5,0.0176,2,"EVE,MUN","LIV,NFO",AVL-CHE-LEE-LIV-NFO,5,1+1+1+1+1,0,2.4583,100.0,18.8,-0.0971,2.491505,False,
AVL-CHE-EVE-LEE-SUN,5,1+1+1+1+1,1,2.6364,2.8,2.5,0.0176,2,"EVE,SUN","LIV,NFO",AVL-CHE-LEE-LIV-NFO,5,1+1+1+1+1,0,2.4583,100.0,18.8,-0.0971,2.491505,False,
ARS-AVL-LEE-LIV-LIV,4,2+1+1+1,0,2.6364,2.8,2.5,0.0732,2,"ARS,LIV","CHE,NFO",AVL-CHE-LEE-LIV-NFO,5,1+1+1+1+1,0,2.4583,100.0,18.8,-0.0971,2.491505,False,
ARS-AVL-LEE-MCI-MCI,4,2+1+1+1,0,2.6364,2.8,2.5,0.0732,2,"ARS,MCI","COV,FUL",AVL-COV-FUL-LEE-MCI,5,1+1+1+1+1,0,2.4583,100.0,6.2,-0.201,2.491505,False,
AVL-IPS-LEE-LIV-LIV,4,2+1+1+1,0,2.6364,2.8,2.5,0.0732,2,"IPS,LIV","CHE,NFO",AVL-CHE-LEE-LIV-NFO,5,1+1+1+1+1,0,2.4583,100.0,18.8,-0.0971,2.491505,False,
AVL-IPS-LEE-MCI-MCI,4,2+1+1+1,0,2.6364,2.8,2.5,0.0732,2,"IPS,MCI","COV,FUL",AVL-COV-FUL-LEE-MCI,5,1+1+1+1+1,0,2.4583,100.0,6.2,-0.201,2.491505,False,
CHE-CHE-EVE-MCI-MUN,4,2+1+1+1,0,2.6364,2.8,2.5,0.089,2,"CHE,MUN","LIV,NEW",CHE-EVE-LIV-MCI-NEW,5,1+1+1+1+1,0,2.4583,100.0,12.5,-0.1204,2.491505,False,
CHE-CHE-EVE-MCI-SUN,4,2+1+1+1,1,2.6364,2.8,2.5,0.089,2,"CHE,SUN","LIV,NEW",CHE-EVE-LIV-MCI-NEW,5,1+1+1+1+1,0,2.4583,100.0,12.5,-0.1204,2.491505,False,
ARS-AVL-BRE-LEE-LIV,5,1+1+1+1+1,0,2.6364,2.8,2.5,0.1732,2,"ARS,BRE","CHE,NFO",AVL-CHE-LEE-LIV-NFO,5,1+1+1+1+1,0,2.4583,100.0,18.8,-0.0971,2.491505,False,
ARS-AVL-BRE-LEE-MCI,5,1+1+1+1+1,0,2.6364,2.8,2.5,0.1732,2,"ARS,BRE","COV,FUL",AVL-COV-FUL-LEE-MCI,5,1+1+1+1+1,0,2.4583,100.0,6.2,-0.201,2.491505,False,
AVL-BRE-IPS-LEE-LIV,5,1+1+1+1+1,0,2.6364,2.8,2.5,0.1732,2,"BRE,IPS","CHE,NFO",AVL-CHE-LEE-LIV-NFO,5,1+1+1+1+1,0,2.4583,100.0,18.8,-0.0971,2.491505,False,
AVL-BRE-IPS-LEE-MCI,5,1+1+1+1+1,0,2.6364,2.8,2.5,0.1732,2,"BRE,IPS","COV,FUL",AVL-COV-FUL-LEE-MCI,5,1+1+1+1+1,0,2.4583,100.0,6.2,-0.201,2.491505,False,
BRE-BRE-CRY-LIV-NFO,4,2+1+1+1,0,2.6364,2.8,2.5,0.4366,2,"BRE,BRE","BOU,EVE",BOU-CRY-EVE-LIV-NFO,5,1+1+1+1+1,0,2.4583,100.0,18.8,-0.1615,2.491505,False,
BRE-CRY-LIV-LIV-NFO,4,2+1+1+1,0,2.6364,2.8,2.5,0.4366,2,"BRE,LIV","BOU,EVE",BOU-CRY-EVE-LIV-NFO,5,1+1+1+1+1,0,2.4583,100.0,18.8,-0.1615,2.491505,False,
BHA-CHE-EVE-MCI-MCI,4,2+1+1+1,0,2.6364,3.0,2.33,-0.3061,2,"BHA,MCI","LIV,NEW",CHE-EVE-LIV-MCI-NEW,5,1+1+1+1+1,0,2.4583,100.0,12.5,-0.1204,2.491505,False,
AVL-BRE-CHE-CHE-LEE,4,2+1+1+1,0,2.6364,3.0,2.33,-0.2988,2,"BRE,CHE","LIV,NFO",AVL-CHE-LEE-LIV-NFO,5,1+1+1+1+1,0,2.4583,100.0,18.8,-0.0971,2.491505,False,
BHA-CHE-CHE-LEE-LIV,4,2+1+1+1,0,2.6364,3.0,2.33,-0.2988,2,"BHA,CHE","AVL,NFO",AVL-CHE-LEE-LIV-NFO,5,1+1+1+1+1,0,2.4583,100.0,18.8,-0.0971,2.491505,False,
BHA-BHA-CHE-EVE-MCI,4,2+1+1+1,0,2.6364,3.0,2.33,-0.2964,2,"BHA,BHA","LIV,NEW",CHE-EVE-LIV-MCI-NEW,5,1+1+1+1+1,0,2.4583,100.0,12.5,-0.1204,2.491505,False,
AVL-AVL-CHE-LEE-TOT,4,2+1+1+1,0,2.6364,3.0,2.33,-0.294,2,"AVL,TOT","LIV,NFO",AVL-CHE-LEE-LIV-NFO,5,1+1+1+1+1,0,2.4583,100.0,18.8,-0.0971,2.491505,False,
BRE-BRE-CHE-EVE-MCI,4,2+1+1+1,0,2.6364,3.0,2.33,-0.289,2,"BRE,BRE","LIV,NEW",CHE-EVE-LIV-MCI-NEW,5,1+1+1+1+1,0,2.4583,100.0,12.5,-0.1204,2.491505,False,
BRE-CHE-EVE-MCI-MCI,4,2+1+1+1,0,2.6364,3.0,2.33,-0.289,2,"BRE,MCI","LIV,NEW",CHE-EVE-LIV-MCI-NEW,5,1+1+1+1+1,0,2.4583,100.0,12.5,-0.1204,2.491505,False,
BRE-CHE-CHE-LEE-LIV,4,2+1+1+1,0,2.6364,3.0,2.33,-0.278,2,"BRE,CHE","AVL,NFO",AVL-CHE-LEE-LIV-NFO,5,1+1+1+1+1,0,2.4583,100.0,18.8,-0.0971,2.491505,False,
CHE-EVE-MCI-MCI-TOT,4,2+1+1+1,0,2.6364,3.0,2.33,-0.2689,2,"MCI,TOT","LIV,NEW",CHE-EVE-LIV-MCI-NEW,5,1+1+1+1+1,0,2.4583,100.0,12.5,-0.1204,2.491505,False,
CHE-LEE-LIV-LIV-TOT,4,2+1+1+1,0,2.6364,3.0,2.33,-0.2134,2,"LIV,TOT","AVL,NFO",AVL-CHE-LEE-LIV-NFO,5,1+1+1+1+1,0,2.4583,100.0,18.8,-0.0971,2.491505,False,
BHA-CHE-EVE-MCI-TOT,5,1+1+1+1+1,0,2.6364,3.0,2.33,-0.2092,2,"BHA,TOT","LIV,NEW",CHE-EVE-LIV-MCI-NEW,5,1+1+1+1+1,0,2.4583,100.0,12.5,-0.1204,2.491505,False,
BRE-BHA-CHE-EVE-MCI,5,1+1+1+1+1,0,2.6364,3.0,2.33,-0.2061,2,"BHA,BRE","LIV,NEW",CHE-EVE-LIV-MCI-NEW,5,1+1+1+1+1,0,2.4583,100.0,12.5,-0.1204,2.491505,False,
EVE-LIV-LIV-MCI-TOT,4,2+1+1+1,0,2.6364,3.0,2.33,-0.2,2,"LIV,TOT","CHE,NEW",CHE-EVE-LIV-MCI-NEW,5,1+1+1+1+1,0,2.4583,100.0,12.5,-0.1204,2.491505,False,
EVE-LIV-MCI-MCI-TOT,4,2+1+1+1,0,2.6364,3.0,2.33,-0.2,2,"MCI,TOT","CHE,NEW",CHE-EVE-LIV-MCI-NEW,5,1+1+1+1+1,0,2.4583,100.0,12.5,-0.1204,2.491505,False,
EVE-LIV-MCI-TOT-TOT,4,2+1+1+1,0,2.6364,3.0,2.33,-0.2,2,"TOT,TOT","CHE,NEW",CHE-EVE-LIV-MCI-NEW,5,1+1+1+1+1,0,2.4583,100.0,12.5,-0.1204,2.491505,False,
AVL-LEE-LIV-TOT-TOT,4,2+1+1+1,0,2.6364,3.0,2.33,-0.1866,2,"TOT,TOT","CHE,NFO",AVL-CHE-LEE-LIV-NFO,5,1+1+1+1+1,0,2.4583,100.0,18.8,-0.0971,2.491505,False,
AVL-LEE-MCI-TOT-TOT,4,2+1+1+1,0,2.6364,3.0,2.33,-0.1866,2,"TOT,TOT","COV,FUL",AVL-COV-FUL-LEE-MCI,5,1+1+1+1+1,0,2.4583,100.0,6.2,-0.201,2.491505,False,
BHA-CHE-LEE-LIV-TOT,5,1+1+1+1+1,0,2.6364,3.0,2.33,-0.1671,2,"BHA,TOT","AVL,NFO",AVL-CHE-LEE-LIV-NFO,5,1+1+1+1+1,0,2.4583,100.0,18.8,-0.0971,2.491505,False,
BHA-EVE-LIV-MCI-TOT,5,1+1+1+1+1,0,2.6364,3.0,2.33,-0.15,2,"BHA,TOT","CHE,NEW",CHE-EVE-LIV-MCI-NEW,5,1+1+1+1+1,0,2.4583,100.0,12.5,-0.1204,2.491505,False,
AVL-CHE-CHE-LEE-TOT,4,2+1+1+1,0,2.6364,3.0,2.33,-0.1318,2,"CHE,TOT","LIV,NFO",AVL-CHE-LEE-LIV-NFO,5,1+1+1+1+1,0,2.4583,100.0,18.8,-0.0971,2.491505,False,
AVL-CHE-LEE-TOT-TOT,4,2+1+1+1,0,2.6364,3.0,2.33,-0.1202,2,"TOT,TOT","LIV,NFO",AVL-CHE-LEE-LIV-NFO,5,1+1+1+1+1,0,2.4583,100.0,18.8,-0.0971,2.491505,False,
AVL-AVL-BRE-CHE-LEE,4,2+1+1+1,0,2.6364,3.0,2.33,-0.1177,2,"AVL,BRE","LIV,NFO",AVL-CHE-LEE-LIV-NFO,5,1+1+1+1+1,0,2.4583,100.0,18.8,-0.0971,2.491505,False,
BHA-BHA-CHE-LEE-LIV,4,2+1+1+1,0,2.6364,3.0,2.33,-0.1177,2,"BHA,BHA","AVL,NFO",AVL-CHE-LEE-LIV-NFO,5,1+1+1+1+1,0,2.4583,100.0,18.8,-0.0971,2.491505,False,
AVL-BRE-BRE-CHE-LEE,4,2+1+1+1,0,2.6364,3.0,2.33,-0.114,2,"BRE,BRE","LIV,NFO",AVL-CHE-LEE-LIV-NFO,5,1+1+1+1+1,0,2.4583,100.0,18.8,-0.0971,2.491505,False,
BHA-CHE-LEE-LIV-LIV,4,2+1+1+1,0,2.6364,3.0,2.33,-0.114,2,"BHA,LIV","AVL,NFO",AVL-CHE-LEE-LIV-NFO,5,1+1+1+1+1,0,2.4583,100.0,18.8,-0.0971,2.491505,False,
LEE-LIV-MCI-TOT-TOT,4,2+1+1+1,0,2.6364,3.0,2.33,-0.1,2,"TOT,TOT","COV,EVE",COV-EVE-LEE-LIV-MCI,5,1+1+1+1+1,0,2.4583,93.8,12.5,-0.1484,2.491505,False,
CHE-CHE-LEE-LIV-TOT,4,2+1+1+1,0,2.6364,3.0,2.33,-0.0878,2,"CHE,TOT","AVL,NFO",AVL-CHE-LEE-LIV-NFO,5,1+1+1+1+1,0,2.4583,100.0,18.8,-0.0971,2.491505,False,
BRE-BRE-CHE-LEE-LIV,4,2+1+1+1,0,2.6364,3.0,2.33,-0.0835,2,"BRE,BRE","AVL,NFO",AVL-CHE-LEE-LIV-NFO,5,1+1+1+1+1,0,2.4583,100.0,18.8,-0.0971,2.491505,False,
BRE-CHE-LEE-LIV-LIV,4,2+1+1+1,0,2.6364,3.0,2.33,-0.0835,2,"BRE,LIV","AVL,NFO",AVL-CHE-LEE-LIV-NFO,5,1+1+1+1+1,0,2.4583,100.0,18.8,-0.0971,2.491505,False,
AVL-AVL-LEE-LIV-TOT,4,2+1+1+1,0,2.6364,3.0,2.33,-0.05,2,"AVL,TOT","CHE,NFO",AVL-CHE-LEE-LIV-NFO,5,1+1+1+1+1,0,2.4583,100.0,18.8,-0.0971,2.491505,False,
AVL-AVL-LEE-MCI-TOT,4,2+1+1+1,0,2.6364,3.0,2.33,-0.05,2,"AVL,TOT","COV,FUL",AVL-COV-FUL-LEE-MCI,5,1+1+1+1+1,0,2.4583,100.0,6.2,-0.201,2.491505,False,
CHE-LEE-LIV-TOT-TOT,4,2+1+1+1,0,2.6364,3.0,2.33,-0.0433,2,"TOT,TOT","AVL,NFO",AVL-CHE-LEE-LIV-NFO,5,1+1+1+1+1,0,2.4583,100.0,18.8,-0.0971,2.491505,False,
BRE-BHA-CHE-LEE-LIV,5,1+1+1+1+1,0,2.6364,3.0,2.33,-0.014,2,"BHA,BRE","AVL,NFO",AVL-CHE-LEE-LIV-NFO,5,1+1+1+1+1,0,2.4583,100.0,18.8,-0.0971,2.491505,False,
AVL-LEE-LIV-LIV-TOT,4,2+1+1+1,0,2.6364,3.0,2.33,-0.0134,2,"LIV,TOT","CHE,NFO",AVL-CHE-LEE-LIV-NFO,5,1+1+1+1+1,0,2.4583,100.0,18.8,-0.0971,2.491505,False,
AVL-LEE-MCI-MCI-TOT,4,2+1+1+1,0,2.6364,3.0,2.33,-0.0134,2,"MCI,TOT","COV,FUL",AVL-COV-FUL-LEE-MCI,5,1+1+1+1+1,0,2.4583,100.0,6.2,-0.201,2.491505,False,
LEE-LIV-LIV-MCI-TOT,4,2+1+1+1,0,2.6364,3.0,2.33,0.05,2,"LIV,TOT","COV,EVE",COV-EVE-LEE-LIV-MCI,5,1+1+1+1+1,0,2.4583,93.8,12.5,-0.1484,2.491505,False,
LEE-LIV-MCI-MCI-TOT,4,2+1+1+1,0,2.6364,3.0,2.33,0.05,2,"MCI,TOT","COV,EVE",COV-EVE-LEE-LIV-MCI,5,1+1+1+1+1,0,2.4583,93.8,12.5,-0.1484,2.491505,False,
CHE-EVE-MCI-TOT-TOT,4,2+1+1+1,0,2.6364,3.0,2.33,0.0512,2,"TOT,TOT","LIV,NEW",CHE-EVE-LIV-MCI-NEW,5,1+1+1+1+1,0,2.4583,100.0,12.5,-0.1204,2.491505,False,
AVL-MUN-NFO-NFO-SUN,4,2+1+1+1,1,2.4545,2.2,2.67,0.0268,2,"NFO,SUN","BOU,LIV",AVL-BOU-LIV-MUN-NFO,5,1+1+1+1+1,0,2.5,100.0,12.5,-0.0977,2.491517,False,
ARS-BHA-NFO-SUN-SUN,4,2+1+1+1,2,2.4545,2.2,2.67,0.0634,2,"ARS,SUN","LIV,TOT",BHA-LIV-NFO-TOT-SUN,5,1+1+1+1+1,1,2.5,100.0,18.8,-0.1476,2.491517,False,
BHA-IPS-MUN-MUN-NFO,4,2+1+1+1,0,2.4545,2.2,2.67,0.0634,2,"MUN,MUN","BOU,LIV",BOU-BHA-IPS-LIV-NFO,5,1+1+1+1+1,0,2.5,100.0,6.2,-0.104,2.491517,False,
ARS-BHA-MUN-NFO-SUN,5,1+1+1+1+1,1,2.4545,2.2,2.67,0.1634,2,"ARS,MUN","LIV,TOT",BHA-LIV-NFO-TOT-SUN,5,1+1+1+1+1,1,2.5,100.0,18.8,-0.1476,2.491517,False,
ARS-ARS-BRE-LIV-SUN,4,2+1+1+1,1,2.4545,2.4,2.5,-0.2,2,"ARS,BRE","COV,MCI",ARS-COV-LIV-MCI-SUN,5,1+1+1+1+1,1,2.5,100.0,31.2,-0.0733,2.491517,False,
ARS-ARS-BRE-MCI-SUN,4,2+1+1+1,1,2.4545,2.4,2.5,-0.2,2,"ARS,BRE","COV,LIV",ARS-COV-LIV-MCI-SUN,5,1+1+1+1+1,1,2.5,100.0,31.2,-0.0733,2.491517,False,
ARS-ARS-LIV-TOT-SUN,4,2+1+1+1,1,2.4545,2.4,2.5,-0.2,2,"ARS,ARS","BHA,NFO",BHA-LIV-NFO-TOT-SUN,5,1+1+1+1+1,1,2.5,100.0,18.8,-0.1476,2.491517,False,
ARS-ARS-MCI-MUN-TOT,4,2+1+1+1,0,2.4545,2.4,2.5,-0.2,2,"ARS,MUN","COV,FUL",ARS-COV-FUL-MCI-TOT,5,1+1+1+1+1,0,2.5,100.0,18.8,-0.0502,2.491517,False,
ARS-ARS-MCI-TOT-SUN,4,2+1+1+1,1,2.4545,2.4,2.5,-0.2,2,"ARS,ARS","CHE,NEW",CHE-MCI-NEW-TOT-SUN,5,1+1+1+1+1,1,2.5,100.0,6.2,-0.1909,2.491517,False,
ARS-IPS-MCI-MCI-MUN,4,2+1+1+1,0,2.4545,2.4,2.5,-0.2,2,"MCI,MUN","BOU,FUL",ARS-BOU-FUL-IPS-MCI,5,1+1+1+1+1,0,2.5,100.0,31.2,-0.0453,2.491517,False,
BRE-IPS-IPS-MCI-MUN,4,2+1+1+1,0,2.4545,2.4,2.5,-0.2,2,"IPS,MUN","CHE,FUL",BRE-CHE-FUL-IPS-MCI,5,1+1+1+1+1,0,2.5,100.0,6.2,-0.0918,2.491517,False,
ARS-MCI-MCI-NFO-SUN,4,2+1+1+1,1,2.4545,2.4,2.5,-0.1634,2,"MCI,NFO","COV,LIV",ARS-COV-LIV-MCI-SUN,5,1+1+1+1+1,1,2.5,100.0,31.2,-0.0733,2.491517,False,
ARS-CRY-LIV-MUN-MUN,4,2+1+1+1,0,2.4545,2.4,2.5,-0.15,2,"MUN,MUN","AVL,BOU",ARS-AVL-BOU-CRY-LIV,5,1+1+1+1+1,0,2.5,100.0,0.0,-0.1373,2.491517,False,
ARS-CRY-LIV-SUN-SUN,4,2+1+1+1,2,2.4545,2.4,2.5,-0.15,2,"SUN,SUN","AVL,BOU",ARS-AVL-BOU-CRY-LIV,5,1+1+1+1+1,0,2.5,100.0,0.0,-0.1373,2.491517,False,
ARS-CRY-MCI-MUN-MUN,4,2+1+1+1,0,2.4545,2.4,2.5,-0.15,2,"MUN,MUN","AVL,LIV",ARS-AVL-CRY-LIV-MCI,5,1+1+1+1+1,0,2.5,100.0,6.2,-0.1226,2.491517,False,
ARS-CRY-MCI-SUN-SUN,4,2+1+1+1,2,2.4545,2.4,2.5,-0.15,2,"SUN,SUN","AVL,LIV",ARS-AVL-CRY-LIV-MCI,5,1+1+1+1+1,0,2.5,100.0,6.2,-0.1226,2.491517,False,
ARS-LEE-LIV-MUN-MUN,4,2+1+1+1,0,2.4545,2.4,2.5,-0.15,2,"MUN,MUN","AVL,COV",ARS-AVL-COV-LEE-LIV,5,1+1+1+1+1,0,2.5,100.0,6.2,-0.1536,2.491517,False,
ARS-LEE-LIV-SUN-SUN,4,2+1+1+1,2,2.4545,2.4,2.5,-0.15,2,"SUN,SUN","AVL,COV",ARS-AVL-COV-LEE-LIV,5,1+1+1+1+1,0,2.5,100.0,6.2,-0.1536,2.491517,False,
ARS-LEE-MCI-MUN-MUN,4,2+1+1+1,0,2.4545,2.4,2.5,-0.15,2,"MUN,MUN","AVL,COV",ARS-AVL-COV-LEE-MCI,5,1+1+1+1+1,0,2.5,100.0,6.2,-0.1997,2.491517,False,
ARS-LEE-MCI-SUN-SUN,4,2+1+1+1,2,2.4545,2.4,2.5,-0.15,2,"SUN,SUN","AVL,COV",ARS-AVL-COV-LEE-MCI,5,1+1+1+1+1,0,2.5,100.0,6.2,-0.1997,2.491517,False,
CRY-IPS-LIV-MUN-MUN,4,2+1+1+1,0,2.4545,2.4,2.5,-0.15,2,"MUN,MUN","BOU,NEW",BOU-CRY-IPS-LIV-NEW,5,1+1+1+1+1,0,2.5,100.0,12.5,-0.1567,2.491517,False,
CRY-IPS-MCI-MUN-MUN,4,2+1+1+1,0,2.4545,2.4,2.5,-0.15,2,"MUN,MUN","LIV,NEW",CRY-IPS-LIV-MCI-NEW,5,1+1+1+1+1,0,2.5,100.0,12.5,-0.1452,2.491517,False,
AVL-AVL-MUN-NFO-SUN,4,2+1+1+1,1,2.4545,2.4,2.5,-0.1464,2,"AVL,SUN","BOU,LIV",AVL-BOU-LIV-MUN-NFO,5,1+1+1+1+1,0,2.5,100.0,12.5,-0.0977,2.491517,False,
BHA-BHA-MUN-NFO-SUN,4,2+1+1+1,1,2.4545,2.4,2.5,-0.1464,2,"BHA,MUN","LIV,TOT",BHA-LIV-NFO-TOT-SUN,5,1+1+1+1+1,1,2.5,100.0,18.8,-0.1476,2.491517,False,
ARS-BRE-IPS-MCI-MUN,5,1+1+1+1+1,0,2.4545,2.4,2.5,-0.1,2,"ARS,MUN","CHE,FUL",BRE-CHE-FUL-IPS-MCI,5,1+1+1+1+1,0,2.5,100.0,6.2,-0.0918,2.491517,False,
BRE-MCI-NFO-NFO-SUN,4,2+1+1+1,1,2.4545,2.4,2.5,-0.1,2,"NFO,NFO","AVL,CHE",AVL-BRE-CHE-MCI-SUN,5,1+1+1+1+1,1,2.5,100.0,18.8,-0.0507,2.491517,False,
EVE-MCI-MUN-MUN-NFO,4,2+1+1+1,0,2.4545,2.4,2.5,-0.1,2,"MUN,NFO","COV,LIV",COV-EVE-LIV-MCI-MUN,5,1+1+1+1+1,0,2.5,100.0,6.2,-0.1541,2.491517,False,
ARS-AVL-LEE-MUN-MUN,4,2+1+1+1,0,2.4545,2.4,2.5,-0.0732,2,"MUN,MUN","COV,MCI",ARS-AVL-COV-LEE-MCI,5,1+1+1+1+1,0,2.5,100.0,6.2,-0.1997,2.491517,False,
ARS-AVL-LEE-SUN-SUN,4,2+1+1+1,2,2.4545,2.4,2.5,-0.0732,2,"SUN,SUN","COV,MCI",ARS-AVL-COV-LEE-MCI,5,1+1+1+1+1,0,2.5,100.0,6.2,-0.1997,2.491517,False,
ARS-BHA-LEE-SUN-SUN,4,2+1+1+1,2,2.4545,2.4,2.5,-0.0732,2,"ARS,SUN","COV,MCI",BHA-COV-LEE-MCI-SUN,5,1+1+1+1+1,1,2.5,100.0,18.8,-0.1462,2.491517,False,
AVL-IPS-LEE-MUN-MUN,4,2+1+1+1,0,2.4545,2.4,2.5,-0.0732,2,"MUN,MUN","CHE,COV",AVL-CHE-COV-IPS-LEE,5,1+1+1+1+1,0,2.5,100.0,12.5,-0.0914,2.491517,False,
BHA-IPS-LEE-MUN-MUN,4,2+1+1+1,0,2.4545,2.4,2.5,-0.0732,2,"MUN,MUN","FUL,MCI",BHA-FUL-IPS-LEE-MCI,5,1+1+1+1+1,0,2.5,100.0,6.2,-0.1502,2.491517,False,
ARS-BRE-MCI-NFO-SUN,5,1+1+1+1+1,1,2.4545,2.4,2.5,-0.0634,2,"BRE,NFO","COV,LIV",ARS-COV-LIV-MCI-SUN,5,1+1+1+1+1,1,2.5,100.0,31.2,-0.0733,2.491517,False,
ARS-CRY-LIV-MUN-SUN,5,1+1+1+1+1,1,2.4545,2.4,2.5,-0.05,2,"MUN,SUN","AVL,BOU",ARS-AVL-BOU-CRY-LIV,5,1+1+1+1+1,0,2.5,100.0,0.0,-0.1373,2.491517,False,
ARS-CRY-MCI-MUN-SUN,5,1+1+1+1+1,1,2.4545,2.4,2.5,-0.05,2,"MUN,SUN","AVL,LIV",ARS-AVL-CRY-LIV-MCI,5,1+1+1+1+1,0,2.5,100.0,6.2,-0.1226,2.491517,False,
ARS-LEE-LIV-MUN-SUN,5,1+1+1+1+1,1,2.4545,2.4,2.5,-0.05,2,"MUN,SUN","AVL,COV",ARS-AVL-COV-LEE-LIV,5,1+1+1+1+1,0,2.5,100.0,6.2,-0.1536,2.491517,False,
ARS-LEE-MCI-MUN-SUN,5,1+1+1+1+1,1,2.4545,2.4,2.5,-0.05,2,"MUN,SUN","AVL,COV",ARS-AVL-COV-LEE-MCI,5,1+1+1+1+1,0,2.5,100.0,6.2,-0.1997,2.491517,False,
ARS-MUN-NFO-TOT-TOT,4,2+1+1+1,0,2.4545,2.4,2.5,-0.0366,2,"MUN,TOT","BOU,FUL",ARS-BOU-FUL-NFO-TOT,5,1+1+1+1+1,0,2.5,100.0,18.8,-0.0992,2.491517,False,
IPS-MUN-NFO-TOT-TOT,4,2+1+1+1,0,2.4545,2.4,2.5,-0.0366,2,"MUN,TOT","CHE,FUL",CHE-FUL-IPS-NFO-TOT,5,1+1+1+1+1,0,2.5,100.0,6.2,-0.1618,2.491517,False,
ARS-EVE-MCI-MUN-MUN,4,2+1+1+1,0,2.4545,2.4,2.5,0.0,2,"ARS,MUN","COV,LIV",COV-EVE-LIV-MCI-MUN,5,1+1+1+1+1,0,2.5,100.0,6.2,-0.1541,2.491517,False,
CRY-IPS-MUN-MUN-TOT,4,2+1+1+1,0,2.4545,2.4,2.5,0.0,2,"MUN,MUN","FUL,MCI",CRY-FUL-IPS-MCI-TOT,5,1+1+1+1+1,0,2.5,100.0,18.8,-0.1406,2.491517,False,
EVE-IPS-LIV-MUN-MUN,4,2+1+1+1,0,2.4545,2.4,2.5,0.0,2,"IPS,MUN","BOU,COV",BOU-COV-EVE-LIV-MUN,5,1+1+1+1+1,0,2.5,100.0,12.5,-0.1613,2.491517,False,
ARS-AVL-LEE-MUN-SUN,5,1+1+1+1+1,1,2.4545,2.4,2.5,0.0268,2,"MUN,SUN","COV,MCI",ARS-AVL-COV-LEE-MCI,5,1+1+1+1+1,0,2.5,100.0,6.2,-0.1997,2.491517,False,
ARS-BHA-LEE-MUN-SUN,5,1+1+1+1+1,1,2.4545,2.4,2.5,0.0268,2,"ARS,MUN","COV,MCI",BHA-COV-LEE-MCI-SUN,5,1+1+1+1+1,1,2.5,100.0,18.8,-0.1462,2.491517,False,
CHE-CRY-MUN-MUN-NFO,4,2+1+1+1,0,2.4545,2.4,2.5,0.0673,2,"MUN,MUN","EVE,FUL",CHE-CRY-EVE-FUL-NFO,5,1+1+1+1+1,0,2.5,100.0,12.5,-0.1245,2.491517,False,
ARS-LEE-TOT-SUN-SUN,4,2+1+1+1,2,2.4545,2.4,2.5,0.15,2,"ARS,SUN","CHE,NFO",CHE-LEE-NFO-TOT-SUN,5,1+1+1+1+1,1,2.5,100.0,12.5,-0.1726,2.491517,False,
IPS-LEE-MUN-MUN-TOT,4,2+1+1+1,0,2.4545,2.4,2.5,0.15,2,"MUN,MUN","CHE,FUL",CHE-FUL-IPS-LEE-TOT,5,1+1+1+1+1,0,2.5,100.0,6.2,-0.176,2.491517,False,
ARS-LEE-MUN-TOT-SUN,5,1+1+1+1+1,1,2.4545,2.4,2.5,0.25,2,"ARS,MUN","CHE,NFO",CHE-LEE-NFO-TOT-SUN,5,1+1+1+1+1,1,2.5,100.0,12.5,-0.1726,2.491517,False,
ARS-CHE-LEE-SUN-SUN,4,2+1+1+1,2,2.4545,2.4,2.5,0.3079,2,"ARS,SUN","NFO,TOT",CHE-LEE-NFO-TOT-SUN,5,1+1+1+1+1,1,2.5,100.0,12.5,-0.1726,2.491517,False,
CHE-IPS-LEE-MUN-MUN,4,2+1+1+1,0,2.4545,2.4,2.5,0.3079,2,"MUN,MUN","FUL,TOT",CHE-FUL-IPS-LEE-TOT,5,1+1+1+1+1,0,2.5,100.0,6.2,-0.176,2.491517,False,
LEE-MUN-MUN-TOT-SUN,4,2+1+1+1,1,2.4545,2.4,2.5,0.35,2,"MUN,MUN","CHE,NFO",CHE-LEE-NFO-TOT-SUN,5,1+1+1+1+1,1,2.5,100.0,12.5,-0.1726,2.491517,False,
LEE-MUN-TOT-SUN-SUN,4,2+1+1+1,2,2.4545,2.4,2.5,0.35,2,"MUN,SUN","CHE,NFO",CHE-LEE-NFO-TOT-SUN,5,1+1+1+1+1,1,2.5,100.0,12.5,-0.1726,2.491517,False,
ARS-CHE-LEE-MUN-SUN,5,1+1+1+1+1,1,2.4545,2.4,2.5,0.4079,2,"ARS,MUN","NFO,TOT",CHE-LEE-NFO-TOT-SUN,5,1+1+1+1+1,1,2.5,100.0,12.5,-0.1726,2.491517,False,
ARS-CHE-MUN-MUN-TOT,4,2+1+1+1,0,2.4545,2.4,2.5,0.4335,2,"MUN,MUN","BOU,NFO",ARS-BOU-CHE-NFO-TOT,5,1+1+1+1+1,0,2.5,100.0,12.5,-0.0708,2.491517,False,
ARS-EVE-TOT-SUN-SUN,4,2+1+1+1,2,2.4545,2.4,2.5,0.45,2,"ARS,SUN","CHE,NFO",CHE-EVE-NFO-TOT-SUN,5,1+1+1+1+1,1,2.5,100.0,6.2,-0.1916,2.491517,False,
CHE-LEE-MUN-MUN-SUN,4,2+1+1+1,1,2.4545,2.4,2.5,0.4835,2,"MUN,MUN","NFO,TOT",CHE-LEE-NFO-TOT-SUN,5,1+1+1+1+1,1,2.5,100.0,12.5,-0.1726,2.491517,False,
CHE-LEE-MUN-SUN-SUN,4,2+1+1+1,2,2.4545,2.4,2.5,0.4835,2,"MUN,SUN","NFO,TOT",CHE-LEE-NFO-TOT-SUN,5,1+1+1+1+1,1,2.5,100.0,12.5,-0.1726,2.491517,False,
ARS-EVE-MUN-TOT-SUN,5,1+1+1+1+1,1,2.4545,2.4,2.5,0.55,2,"ARS,MUN","CHE,NFO",CHE-EVE-NFO-TOT-SUN,5,1+1+1+1+1,1,2.5,100.0,6.2,-0.1916,2.491517,False,
EVE-MUN-MUN-TOT-SUN,4,2+1+1+1,1,2.4545,2.4,2.5,0.7,2,"MUN,MUN","CHE,NFO",CHE-EVE-NFO-TOT-SUN,5,1+1+1+1+1,1,2.5,100.0,6.2,-0.1916,2.491517,False,
EVE-MUN-TOT-SUN-SUN,4,2+1+1+1,2,2.4545,2.4,2.5,0.7,2,"MUN,SUN","CHE,NFO",CHE-EVE-NFO-TOT-SUN,5,1+1+1+1+1,1,2.5,100.0,6.2,-0.1916,2.491517,False,
ARS-LIV-LIV-TOT-SUN,4,2+1+1+1,1,2.4545,2.6,2.33,-0.35,2,"ARS,LIV","BHA,NFO",BHA-LIV-NFO-TOT-SUN,5,1+1+1+1+1,1,2.5,100.0,18.8,-0.1476,2.491517,False,
ARS-MCI-MCI-MUN-TOT,4,2+1+1+1,0,2.4545,2.6,2.33,-0.35,2,"MCI,MUN","COV,FUL",ARS-COV-FUL-MCI-TOT,5,1+1+1+1+1,0,2.5,100.0,18.8,-0.0502,2.491517,False,
ARS-MCI-MCI-TOT-SUN,4,2+1+1+1,1,2.4545,2.6,2.33,-0.35,2,"ARS,MCI","CHE,NEW",CHE-MCI-NEW-TOT-SUN,5,1+1+1+1+1,1,2.5,100.0,6.2,-0.1909,2.491517,False,
ARS-BRE-BRE-CHE-SUN,4,2+1+1+1,1,2.4545,2.6,2.33,-0.3256,2,"ARS,BRE","AVL,MCI",AVL-BRE-CHE-MCI-SUN,5,1+1+1+1+1,1,2.5,100.0,18.8,-0.0507,2.491517,False,
ARS-CHE-LIV-LIV-MUN,4,2+1+1+1,0,2.4545,2.6,2.33,-0.3256,2,"LIV,MUN","AVL,BOU",ARS-AVL-BOU-CHE-LIV,5,1+1+1+1+1,0,2.5,93.8,12.5,-0.0545,2.491517,False,
ARS-CHE-MCI-MCI-MUN,4,2+1+1+1,0,2.4545,2.6,2.33,-0.3256,2,"MCI,MUN","AVL,COV",ARS-AVL-CHE-COV-MCI,5,1+1+1+1+1,0,2.5,100.0,12.5,-0.0853,2.491517,False,
BRE-BRE-CHE-IPS-MUN,4,2+1+1+1,0,2.4545,2.6,2.33,-0.3256,2,"BRE,MUN","FUL,MCI",BRE-CHE-FUL-IPS-MCI,5,1+1+1+1+1,0,2.5,100.0,6.2,-0.0918,2.491517,False,
BRE-CRY-LIV-SUN-SUN,4,2+1+1+1,2,2.4545,2.6,2.33,-0.3,2,"BRE,SUN","BHA,MCI",BHA-CRY-LIV-MCI-SUN,5,1+1+1+1+1,1,2.5,100.0,18.8,-0.1215,2.491517,False,
BRE-CRY-MCI-MUN-MUN,4,2+1+1+1,0,2.4545,2.6,2.33,-0.3,2,"MUN,MUN","AVL,FUL",AVL-BRE-CRY-FUL-MCI,5,1+1+1+1+1,0,2.5,100.0,18.8,-0.1524,2.491517,False,
BRE-CRY-MCI-SUN-SUN,4,2+1+1+1,2,2.4545,2.6,2.33,-0.3,2,"SUN,SUN","AVL,FUL",AVL-BRE-CRY-FUL-MCI,5,1+1+1+1+1,0,2.5,100.0,18.8,-0.1524,2.491517,False,
BRE-EVE-LIV-MUN-MUN,4,2+1+1+1,0,2.4545,2.6,2.33,-0.3,2,"BRE,MUN","BOU,COV",BOU-COV-EVE-LIV-MUN,5,1+1+1+1+1,0,2.5,100.0,12.5,-0.1613,2.491517,False,
BRE-EVE-MCI-MUN-MUN,4,2+1+1+1,0,2.4545,2.6,2.33,-0.3,2,"BRE,MUN","COV,LIV",COV-EVE-LIV-MCI-MUN,5,1+1+1+1+1,0,2.5,100.0,6.2,-0.1541,2.491517,False,
BRE-LEE-MCI-SUN-SUN,4,2+1+1+1,2,2.4545,2.6,2.33,-0.3,2,"BRE,SUN","BHA,COV",BHA-COV-LEE-MCI-SUN,5,1+1+1+1+1,1,2.5,100.0,18.8,-0.1462,2.491517,False,
CRY-LIV-LIV-MUN-SUN,4,2+1+1+1,1,2.4545,2.6,2.33,-0.3,2,"LIV,MUN","BHA,MCI",BHA-CRY-LIV-MCI-SUN,5,1+1+1+1+1,1,2.5,100.0,18.8,-0.1215,2.491517,False,
CRY-LIV-TOT-SUN-SUN,4,2+1+1+1,2,2.4545,2.6,2.33,-0.3,2,"CRY,SUN","BHA,NFO",BHA-LIV-NFO-TOT-SUN,5,1+1+1+1+1,1,2.5,100.0,18.8,-0.1476,2.491517,False,
CRY-MCI-MCI-MUN-SUN,4,2+1+1+1,1,2.4545,2.6,2.33,-0.3,2,"MCI,MUN","BHA,LIV",BHA-CRY-LIV-MCI-SUN,5,1+1+1+1+1,1,2.5,100.0,18.8,-0.1215,2.491517,False,
CRY-MCI-MUN-MUN-TOT,4,2+1+1+1,0,2.4545,2.6,2.33,-0.3,2,"MUN,MUN","FUL,NEW",CRY-FUL-MCI-NEW-TOT,5,1+1+1+1+1,0,2.5,100.0,12.5,-0.1535,2.491517,False,
CRY-MCI-TOT-SUN-SUN,4,2+1+1+1,2,2.4545,2.6,2.33,-0.3,2,"CRY,SUN","CHE,NEW",CHE-MCI-NEW-TOT-SUN,5,1+1+1+1+1,1,2.5,100.0,6.2,-0.1909,2.491517,False,
EVE-LIV-LIV-MUN-SUN,4,2+1+1+1,1,2.4545,2.6,2.33,-0.3,2,"LIV,SUN","BOU,COV",BOU-COV-EVE-LIV-MUN,5,1+1+1+1+1,0,2.5,100.0,12.5,-0.1613,2.491517,False,
LEE-LIV-MCI-MUN-MUN,4,2+1+1+1,0,2.4545,2.6,2.33,-0.3,2,"LEE,MUN","COV,EVE",COV-EVE-LIV-MCI-MUN,5,1+1+1+1+1,0,2.5,100.0,6.2,-0.1541,2.491517,False,
LEE-MCI-MCI-MUN-SUN,4,2+1+1+1,1,2.4545,2.6,2.33,-0.3,2,"MCI,MUN","BHA,COV",BHA-COV-LEE-MCI-SUN,5,1+1+1+1+1,1,2.5,100.0,18.8,-0.1462,2.491517,False,
AVL-BRE-LEE-MUN-MUN,4,2+1+1+1,0,2.4545,2.6,2.33,-0.2866,2,"MUN,MUN","AVL,COV",AVL-AVL-BRE-COV-LEE,4,2+1+1+1,0,2.5,100.0,18.8,-0.1548,2.491517,False,
AVL-BRE-LEE-SUN-SUN,4,2+1+1+1,2,2.4545,2.6,2.33,-0.2866,2,"SUN,SUN","AVL,COV",AVL-AVL-BRE-COV-LEE,4,2+1+1+1,0,2.5,100.0,18.8,-0.1548,2.491517,False,
BRE-BHA-LEE-SUN-SUN,4,2+1+1+1,2,2.4545,2.6,2.33,-0.2866,2,"BRE,SUN","COV,MCI",BHA-COV-LEE-MCI-SUN,5,1+1+1+1+1,1,2.5,100.0,18.8,-0.1462,2.491517,False,
BHA-MUN-NFO-TOT-TOT,4,2+1+1+1,0,2.4545,2.6,2.33,-0.283,2,"MUN,TOT","FUL,LEE",BHA-FUL-LEE-NFO-TOT,5,1+1+1+1+1,0,2.5,100.0,0.0,-0.1679,2.491517,False,
AVL-BRE-EVE-SUN-SUN,4,2+1+1+1,2,2.4545,2.6,2.33,-0.2732,2,"EVE,SUN","CHE,MCI",AVL-BRE-CHE-MCI-SUN,5,1+1+1+1+1,1,2.5,100.0,18.8,-0.0507,2.491517,False,
AVL-CRY-MUN-MUN-TOT,4,2+1+1+1,0,2.4545,2.6,2.33,-0.2732,2,"MUN,MUN","FUL,LEE",AVL-CRY-FUL-LEE-TOT,5,1+1+1+1+1,0,2.5,100.0,12.5,-0.1346,2.491517,False,
AVL-CRY-TOT-SUN-SUN,4,2+1+1+1,2,2.4545,2.6,2.33,-0.2732,2,"SUN,SUN","FUL,LEE",AVL-CRY-FUL-LEE-TOT,5,1+1+1+1+1,0,2.5,100.0,12.5,-0.1346,2.491517,False,
AVL-EVE-LIV-MUN-MUN,4,2+1+1+1,0,2.4545,2.6,2.33,-0.2732,2,"AVL,MUN","BOU,COV",BOU-COV-EVE-LIV-MUN,5,1+1+1+1+1,0,2.5,100.0,12.5,-0.1613,2.491517,False,
AVL-EVE-MCI-MUN-MUN,4,2+1+1+1,0,2.4545,2.6,2.33,-0.2732,2,"AVL,MUN","COV,LIV",COV-EVE-LIV-MCI-MUN,5,1+1+1+1+1,0,2.5,100.0,6.2,-0.1541,2.491517,False,
BHA-CRY-TOT-SUN-SUN,4,2+1+1+1,2,2.4545,2.6,2.33,-0.2732,2,"CRY,SUN","LIV,NFO",BHA-LIV-NFO-TOT-SUN,5,1+1+1+1+1,1,2.5,100.0,18.8,-0.1476,2.491517,False,
BHA-EVE-MCI-MUN-MUN,4,2+1+1+1,0,2.4545,2.6,2.33,-0.2732,2,"BHA,MUN","COV,LIV",COV-EVE-LIV-MCI-MUN,5,1+1+1+1+1,0,2.5,100.0,6.2,-0.1541,2.491517,False,
AVL-BRE-CRY-MUN-MUN,4,2+1+1+1,0,2.4545,2.6,2.33,-0.25,2,"MUN,MUN","FUL,MCI",AVL-BRE-CRY-FUL-MCI,5,1+1+1+1+1,0,2.5,100.0,18.8,-0.1524,2.491517,False,
AVL-BRE-CRY-SUN-SUN,4,2+1+1+1,2,2.4545,2.6,2.33,-0.25,2,"SUN,SUN","FUL,MCI",AVL-BRE-CRY-FUL-MCI,5,1+1+1+1+1,0,2.5,100.0,18.8,-0.1524,2.491517,False,
BRE-BHA-CRY-SUN-SUN,4,2+1+1+1,2,2.4545,2.6,2.33,-0.25,2,"BRE,SUN","LIV,MCI",BHA-CRY-LIV-MCI-SUN,5,1+1+1+1+1,1,2.5,100.0,18.8,-0.1215,2.491517,False,
BHA-BHA-LEE-MUN-SUN,4,2+1+1+1,1,2.4545,2.6,2.33,-0.2464,2,"BHA,MUN","COV,MCI",BHA-COV-LEE-MCI-SUN,5,1+1+1+1+1,1,2.5,100.0,18.8,-0.1462,2.491517,False,
ARS-BHA-LIV-MUN-TOT,5,1+1+1+1+1,0,2.4545,2.6,2.33,-0.2366,2,"ARS,MUN","NFO,NFO",BHA-LIV-NFO-NFO-TOT,4,2+1+1+1,0,2.5,100.0,18.8,-0.1486,2.491517,False,
ARS-BHA-MCI-MUN-TOT,5,1+1+1+1+1,0,2.4545,2.6,2.33,-0.2366,2,"BHA,MUN","COV,FUL",ARS-COV-FUL-MCI-TOT,5,1+1+1+1+1,0,2.5,100.0,18.8,-0.0502,2.491517,False,
AVL-IPS-LIV-MUN-TOT,5,1+1+1+1+1,0,2.4545,2.6,2.33,-0.2366,2,"IPS,TOT","BOU,COV",AVL-BOU-COV-LIV-MUN,5,1+1+1+1+1,0,2.5,100.0,12.5,-0.1393,2.491517,False,
BHA-IPS-LIV-MUN-TOT,5,1+1+1+1+1,0,2.4545,2.6,2.33,-0.2366,2,"IPS,MUN","NFO,NFO",BHA-LIV-NFO-NFO-TOT,4,2+1+1+1,0,2.5,100.0,18.8,-0.1486,2.491517,False,
BRE-CHE-CRY-SUN-SUN,4,2+1+1+1,2,2.4545,2.6,2.33,-0.2311,2,"CRY,SUN","AVL,MCI",AVL-BRE-CHE-MCI-SUN,5,1+1+1+1+1,1,2.5,100.0,18.8,-0.0507,2.491517,False,
ARS-BRE-CHE-MCI-MUN,5,1+1+1+1+1,0,2.4545,2.6,2.33,-0.2256,2,"ARS,MUN","AVL,NEW",AVL-BRE-CHE-MCI-NEW,5,1+1+1+1+1,0,2.5,100.0,12.5,-0.1605,2.491517,False,
ARS-AVL-TOT-TOT-SUN,4,2+1+1+1,1,2.4545,2.6,2.33,-0.2098,2,"ARS,TOT","CHE,LEE",AVL-CHE-LEE-TOT-SUN,5,1+1+1+1+1,1,2.5,100.0,12.5,-0.132,2.491517,False,
ARS-BHA-TOT-TOT-SUN,4,2+1+1+1,1,2.4545,2.6,2.33,-0.2098,2,"ARS,TOT","LIV,NFO",BHA-LIV-NFO-TOT-SUN,5,1+1+1+1+1,1,2.5,100.0,18.8,-0.1476,2.491517,False,
AVL-IPS-MUN-TOT-TOT,4,2+1+1+1,0,2.4545,2.6,2.33,-0.2098,2,"MUN,TOT","CHE,LEE",AVL-CHE-IPS-LEE-TOT,5,1+1+1+1+1,0,2.5,100.0,18.8,-0.0867,2.491517,False,
ARS-BRE-BRE-LIV-SUN,4,2+1+1+1,1,2.4545,2.6,2.33,-0.2,2,"BRE,BRE","COV,MCI",ARS-COV-LIV-MCI-SUN,5,1+1+1+1+1,1,2.5,100.0,31.2,-0.0733,2.491517,False,
ARS-BRE-BRE-MCI-SUN,4,2+1+1+1,1,2.4545,2.6,2.33,-0.2,2,"BRE,BRE","COV,LIV",ARS-COV-LIV-MCI-SUN,5,1+1+1+1+1,1,2.5,100.0,31.2,-0.0733,2.491517,False,
ARS-BRE-LIV-LIV-SUN,4,2+1+1+1,1,2.4545,2.6,2.33,-0.2,2,"BRE,LIV","COV,MCI",ARS-COV-LIV-MCI-SUN,5,1+1+1+1+1,1,2.5,100.0,31.2,-0.0733,2.491517,False,
ARS-BRE-MCI-MCI-SUN,4,2+1+1+1,1,2.4545,2.6,2.33,-0.2,2,"BRE,MCI","COV,LIV",ARS-COV-LIV-MCI-SUN,5,1+1+1+1+1,1,2.5,100.0,31.2,-0.0733,2.491517,False,
ARS-LIV-TOT-TOT-SUN,4,2+1+1+1,1,2.4545,2.6,2.33,-0.2,2,"ARS,TOT","BHA,NFO",BHA-LIV-NFO-TOT-SUN,5,1+1+1+1+1,1,2.5,100.0,18.8,-0.1476,2.491517,False,
ARS-MCI-MUN-TOT-TOT,4,2+1+1+1,0,2.4545,2.6,2.33,-0.2,2,"MUN,TOT","COV,FUL",ARS-COV-FUL-MCI-TOT,5,1+1+1+1+1,0,2.5,100.0,18.8,-0.0502,2.491517,False,
ARS-MCI-TOT-TOT-SUN,4,2+1+1+1,1,2.4545,2.6,2.33,-0.2,2,"ARS,TOT","CHE,NEW",CHE-MCI-NEW-TOT-SUN,5,1+1+1+1+1,1,2.5,100.0,6.2,-0.1909,2.491517,False,
BRE-BRE-IPS-MCI-MUN,4,2+1+1+1,0,2.4545,2.6,2.33,-0.2,2,"BRE,MUN","CHE,FUL",BRE-CHE-FUL-IPS-MCI,5,1+1+1+1+1,0,2.5,100.0,6.2,-0.0918,2.491517,False,
BRE-CRY-LIV-MUN-SUN,5,1+1+1+1+1,1,2.4545,2.6,2.33,-0.2,2,"BRE,MUN","BHA,MCI",BHA-CRY-LIV-MCI-SUN,5,1+1+1+1+1,1,2.5,100.0,18.8,-0.1215,2.491517,False,
BRE-CRY-MCI-MUN-SUN,5,1+1+1+1+1,1,2.4545,2.6,2.33,-0.2,2,"MUN,SUN","AVL,FUL",AVL-BRE-CRY-FUL-MCI,5,1+1+1+1+1,0,2.5,100.0,18.8,-0.1524,2.491517,False,
BRE-EVE-LIV-MUN-SUN,5,1+1+1+1+1,1,2.4545,2.6,2.33,-0.2,2,"BRE,SUN","BOU,COV",BOU-COV-EVE-LIV-MUN,5,1+1+1+1+1,0,2.5,100.0,12.5,-0.1613,2.491517,False,
BRE-IPS-MCI-MCI-MUN,4,2+1+1+1,0,2.4545,2.6,2.33,-0.2,2,"MCI,MUN","CHE,FUL",BRE-CHE-FUL-IPS-MCI,5,1+1+1+1+1,0,2.5,100.0,6.2,-0.0918,2.491517,False,
BRE-LEE-MCI-MUN-SUN,5,1+1+1+1+1,1,2.4545,2.6,2.33,-0.2,2,"BRE,MUN","BHA,COV",BHA-COV-LEE-MCI-SUN,5,1+1+1+1+1,1,2.5,100.0,18.8,-0.1462,2.491517,False,
CRY-LIV-MUN-TOT-SUN,5,1+1+1+1+1,1,2.4545,2.6,2.33,-0.2,2,"CRY,MUN","BHA,NFO",BHA-LIV-NFO-TOT-SUN,5,1+1+1+1+1,1,2.5,100.0,18.8,-0.1476,2.491517,False,
CRY-MCI-MUN-TOT-SUN,5,1+1+1+1+1,1,2.4545,2.6,2.33,-0.2,2,"CRY,MUN","CHE,NEW",CHE-MCI-NEW-TOT-SUN,5,1+1+1+1+1,1,2.5,100.0,6.2,-0.1909,2.491517,False,
AVL-BRE-LEE-MUN-SUN,5,1+1+1+1+1,1,2.4545,2.6,2.33,-0.1866,2,"MUN,SUN","AVL,COV",AVL-AVL-BRE-COV-LEE,4,2+1+1+1,0,2.5,100.0,18.8,-0.1548,2.491517,False,
BRE-BHA-LEE-MUN-SUN,5,1+1+1+1+1,1,2.4545,2.6,2.33,-0.1866,2,"BRE,MUN","COV,MCI",BHA-COV-LEE-MCI-SUN,5,1+1+1+1+1,1,2.5,100.0,18.8,-0.1462,2.491517,False,
ARS-BRE-BHA-CHE-SUN,5,1+1+1+1+1,1,2.4545,2.6,2.33,-0.1793,2,"ARS,BRE","COV,MCI",BHA-CHE-COV-MCI-SUN,5,1+1+1+1+1,1,2.5,100.0,18.8,-0.106,2.491517,False,
BRE-BHA-CHE-IPS-MUN,5,1+1+1+1+1,0,2.4545,2.6,2.33,-0.1793,2,"BRE,MUN","BOU,NFO",BOU-BHA-CHE-IPS-NFO,5,1+1+1+1+1,0,2.5,100.0,6.2,-0.0956,2.491517,False,
AVL-BRE-EVE-MUN-SUN,5,1+1+1+1+1,1,2.4545,2.6,2.33,-0.1732,2,"EVE,MUN","CHE,MCI",AVL-BRE-CHE-MCI-SUN,5,1+1+1+1+1,1,2.5,100.0,18.8,-0.0507,2.491517,False,
AVL-CRY-MUN-TOT-SUN,5,1+1+1+1+1,1,2.4545,2.6,2.33,-0.1732,2,"MUN,SUN","FUL,LEE",AVL-CRY-FUL-LEE-TOT,5,1+1+1+1+1,0,2.5,100.0,12.5,-0.1346,2.491517,False,
AVL-EVE-LIV-MUN-SUN,5,1+1+1+1+1,1,2.4545,2.6,2.33,-0.1732,2,"AVL,SUN","BOU,COV",BOU-COV-EVE-LIV-MUN,5,1+1+1+1+1,0,2.5,100.0,12.5,-0.1613,2.491517,False,
BHA-CRY-MUN-TOT-SUN,5,1+1+1+1+1,1,2.4545,2.6,2.33,-0.1732,2,"CRY,MUN","LIV,NFO",BHA-LIV-NFO-TOT-SUN,5,1+1+1+1+1,1,2.5,100.0,18.8,-0.1476,2.491517,False,
AVL-CHE-CRY-SUN-SUN,4,2+1+1+1,2,2.4545,2.6,2.33,-0.1714,2,"CRY,SUN","MCI,NEW",AVL-CHE-MCI-NEW-SUN,5,1+1+1+1+1,1,2.5,100.0,12.5,-0.1692,2.491517,False,
BHA-CHE-CRY-SUN-SUN,4,2+1+1+1,2,2.4545,2.6,2.33,-0.1714,2,"CHE,SUN","LIV,MCI",BHA-CRY-LIV-MCI-SUN,5,1+1+1+1+1,1,2.5,100.0,18.8,-0.1215,2.491517,False,
ARS-AVL-BRE-BRE-SUN,4,2+1+1+1,1,2.4545,2.6,2.33,-0.1634,2,"ARS,BRE","CHE,MCI",AVL-BRE-CHE-MCI-SUN,5,1+1+1+1+1,1,2.5,100.0,18.8,-0.0507,2.491517,False,
AVL-BRE-BRE-IPS-MUN,4,2+1+1+1,0,2.4545,2.6,2.33,-0.1634,2,"BRE,MUN","BOU,CHE",AVL-BOU-BRE-CHE-IPS,5,1+1+1+1+1,0,2.5,100.0,12.5,-0.0862,2.491517,False,
AVL-IPS-LIV-LIV-MUN,4,2+1+1+1,0,2.4545,2.6,2.33,-0.1634,2,"IPS,LIV","BOU,COV",AVL-BOU-COV-LIV-MUN,5,1+1+1+1+1,0,2.5,100.0,12.5,-0.1393,2.491517,False,
BHA-IPS-LIV-LIV-MUN,4,2+1+1+1,0,2.4545,2.6,2.33,-0.1634,2,"LIV,MUN","CRY,MCI",BHA-CRY-IPS-LIV-MCI,5,1+1+1+1+1,0,2.5,100.0,18.8,-0.1071,2.491517,False,
BHA-IPS-MCI-MCI-MUN,4,2+1+1+1,0,2.4545,2.6,2.33,-0.1634,2,"MCI,MUN","FUL,LEE",BHA-FUL-IPS-LEE-MCI,5,1+1+1+1+1,0,2.5,100.0,6.2,-0.1502,2.491517,False,
BHA-LEE-MUN-MUN-TOT,4,2+1+1+1,0,2.4545,2.6,2.33,-0.1598,2,"MUN,MUN","FUL,NFO",BHA-FUL-LEE-NFO-TOT,5,1+1+1+1+1,0,2.5,100.0,0.0,-0.1679,2.491517,False,
BHA-LEE-TOT-SUN-SUN,4,2+1+1+1,2,2.4545,2.6,2.33,-0.1598,2,"BHA,SUN","CHE,NFO",CHE-LEE-NFO-TOT-SUN,5,1+1+1+1+1,1,2.5,100.0,12.5,-0.1726,2.491517,False,
AVL-BRE-CRY-MUN-SUN,5,1+1+1+1+1,1,2.4545,2.6,2.33,-0.15,2,"MUN,SUN","FUL,MCI",AVL-BRE-CRY-FUL-MCI,5,1+1+1+1+1,0,2.5,100.0,18.8,-0.1524,2.491517,False,
BRE-BHA-CRY-MUN-SUN,5,1+1+1+1+1,1,2.4545,2.6,2.33,-0.15,2,"BRE,MUN","LIV,MCI",BHA-CRY-LIV-MCI-SUN,5,1+1+1+1+1,1,2.5,100.0,18.8,-0.1215,2.491517,False,
LEE-LIV-TOT-SUN-SUN,4,2+1+1+1,2,2.4545,2.6,2.33,-0.15,2,"LIV,SUN","CHE,NFO",CHE-LEE-NFO-TOT-SUN,5,1+1+1+1+1,1,2.5,100.0,12.5,-0.1726,2.491517,False,
LEE-MCI-TOT-SUN-SUN,4,2+1+1+1,2,2.4545,2.6,2.33,-0.15,2,"LEE,SUN","CHE,NEW",CHE-MCI-NEW-TOT-SUN,5,1+1+1+1+1,1,2.5,100.0,6.2,-0.1909,2.491517,False,
BRE-CHE-CRY-MUN-SUN,5,1+1+1+1+1,1,2.4545,2.6,2.33,-0.1311,2,"CRY,MUN","AVL,MCI",AVL-BRE-CHE-MCI-SUN,5,1+1+1+1+1,1,2.5,100.0,18.8,-0.0507,2.491517,False,
BRE-CHE-LEE-SUN-SUN,4,2+1+1+1,2,2.4545,2.6,2.33,-0.1055,2,"BRE,SUN","NFO,TOT",CHE-LEE-NFO-TOT-SUN,5,1+1+1+1+1,1,2.5,100.0,12.5,-0.1726,2.491517,False,
BRE-BRE-LIV-MUN-NFO,4,2+1+1+1,0,2.4545,2.6,2.33,-0.1,2,"BRE,MUN","AVL,NEW",AVL-BRE-LIV-NEW-NFO,5,1+1+1+1+1,0,2.5,100.0,18.8,-0.1088,2.491517,False,
BRE-BRE-MCI-NFO-SUN,4,2+1+1+1,1,2.4545,2.6,2.33,-0.1,2,"BRE,NFO","AVL,CHE",AVL-BRE-CHE-MCI-SUN,5,1+1+1+1+1,1,2.5,100.0,18.8,-0.0507,2.491517,False,
BRE-LIV-LIV-MUN-NFO,4,2+1+1+1,0,2.4545,2.6,2.33,-0.1,2,"LIV,MUN","AVL,NEW",AVL-BRE-LIV-NEW-NFO,5,1+1+1+1+1,0,2.5,100.0,18.8,-0.1088,2.491517,False,
BRE-MCI-MCI-NFO-SUN,4,2+1+1+1,1,2.4545,2.6,2.33,-0.1,2,"MCI,NFO","AVL,CHE",AVL-BRE-CHE-MCI-SUN,5,1+1+1+1+1,1,2.5,100.0,18.8,-0.0507,2.491517,False,
BHA-CHE-LEE-MUN-MUN,4,2+1+1+1,0,2.4545,2.6,2.33,-0.0824,2,"MUN,MUN","AVL,NFO",AVL-BHA-CHE-LEE-NFO,5,1+1+1+1+1,0,2.5,100.0,18.8,-0.0972,2.491517,False,
BHA-CHE-LEE-SUN-SUN,4,2+1+1+1,2,2.4545,2.6,2.33,-0.0824,2,"BHA,SUN","NFO,TOT",CHE-LEE-NFO-TOT-SUN,5,1+1+1+1+1,1,2.5,100.0,12.5,-0.1726,2.491517,False,
AVL-CHE-CRY-MUN-SUN,5,1+1+1+1+1,1,2.4545,2.6,2.33,-0.0714,2,"CRY,MUN","MCI,NEW",AVL-CHE-MCI-NEW-SUN,5,1+1+1+1+1,1,2.5,100.0,12.5,-0.1692,2.491517,False,
BHA-CHE-CRY-MUN-SUN,5,1+1+1+1+1,1,2.4545,2.6,2.33,-0.0714,2,"CHE,MUN","LIV,MCI",BHA-CRY-LIV-MCI-SUN,5,1+1+1+1+1,1,2.5,100.0,18.8,-0.1215,2.491517,False,
ARS-BRE-BHA-LIV-MUN,5,1+1+1+1+1,0,2.4545,2.6,2.33,-0.0634,2,"ARS,MUN","AVL,NFO",AVL-BRE-BHA-LIV-NFO,5,1+1+1+1+1,0,2.5,100.0,12.5,-0.09,2.491517,False,
AVL-BRE-IPS-LIV-MUN,5,1+1+1+1+1,0,2.4545,2.6,2.33,-0.0634,2,"BRE,IPS","BOU,COV",AVL-BOU-COV-LIV-MUN,5,1+1+1+1+1,0,2.5,100.0,12.5,-0.1393,2.491517,False,
BRE-BRE-BHA-MUN-NFO,4,2+1+1+1,0,2.4545,2.6,2.33,-0.0634,2,"BRE,MUN","AVL,LIV",AVL-BRE-BHA-LIV-NFO,5,1+1+1+1+1,0,2.5,100.0,12.5,-0.09,2.491517,False,
BRE-BRE-BHA-NFO-SUN,4,2+1+1+1,1,2.4545,2.6,2.33,-0.0634,2,"BRE,BRE","LIV,TOT",BHA-LIV-NFO-TOT-SUN,5,1+1+1+1+1,1,2.5,100.0,18.8,-0.1476,2.491517,False,
BRE-BHA-IPS-LIV-MUN,5,1+1+1+1+1,0,2.4545,2.6,2.33,-0.0634,2,"BRE,MUN","CRY,MCI",BHA-CRY-IPS-LIV-MCI,5,1+1+1+1+1,0,2.5,100.0,18.8,-0.1071,2.491517,False,
BRE-BHA-IPS-MCI-MUN,5,1+1+1+1+1,0,2.4545,2.6,2.33,-0.0634,2,"BRE,MUN","FUL,LEE",BHA-FUL-IPS-LEE-MCI,5,1+1+1+1+1,0,2.5,100.0,6.2,-0.1502,2.491517,False,
BHA-LEE-MUN-TOT-SUN,5,1+1+1+1+1,1,2.4545,2.6,2.33,-0.0598,2,"BHA,MUN","CHE,NFO",CHE-LEE-NFO-TOT-SUN,5,1+1+1+1+1,1,2.5,100.0,12.5,-0.1726,2.491517,False,
ARS-CHE-LIV-MUN-TOT,5,1+1+1+1+1,0,2.4545,2.6,2.33,-0.0555,2,"LIV,MUN","BOU,NFO",ARS-BOU-CHE-NFO-TOT,5,1+1+1+1+1,0,2.5,100.0,12.5,-0.0708,2.491517,False,
LEE-LIV-MUN-TOT-SUN,5,1+1+1+1+1,1,2.4545,2.6,2.33,-0.05,2,"LIV,MUN","CHE,NFO",CHE-LEE-NFO-TOT-SUN,5,1+1+1+1+1,1,2.5,100.0,12.5,-0.1726,2.491517,False,
LEE-MCI-MUN-TOT-SUN,5,1+1+1+1+1,1,2.4545,2.6,2.33,-0.05,2,"LEE,MUN","CHE,NEW",CHE-MCI-NEW-TOT-SUN,5,1+1+1+1+1,1,2.5,100.0,6.2,-0.1909,2.491517,False,
AVL-MUN-TOT-TOT-SUN,4,2+1+1+1,1,2.4545,2.6,2.33,-0.0464,2,"MUN,TOT","CHE,LEE",AVL-CHE-LEE-TOT-SUN,5,1+1+1+1+1,1,2.5,100.0,12.5,-0.132,2.491517,False,
BHA-MUN-TOT-TOT-SUN,4,2+1+1+1,1,2.4545,2.6,2.33,-0.0464,2,"MUN,TOT","LIV,NFO",BHA-LIV-NFO-TOT-SUN,5,1+1+1+1+1,1,2.5,100.0,18.8,-0.1476,2.491517,False,
ARS-BHA-CHE-MUN-TOT,5,1+1+1+1+1,0,2.4545,2.6,2.33,-0.0324,2,"ARS,MUN","NFO,NFO",BHA-CHE-NFO-NFO-TOT,4,2+1+1+1,0,2.5,100.0,18.8,-0.1594,2.491517,False,
BRE-CHE-LEE-MUN-SUN,5,1+1+1+1+1,1,2.4545,2.6,2.33,-0.0055,2,"BRE,MUN","NFO,TOT",CHE-LEE-NFO-TOT-SUN,5,1+1+1+1+1,1,2.5,100.0,12.5,-0.1726,2.491517,False,
EVE-MCI-MUN-MUN-TOT,4,2+1+1+1,0,2.4545,2.6,2.33,-0.0,2,"MUN,TOT","COV,LIV",COV-EVE-LIV-MCI-MUN,5,1+1+1+1+1,0,2.5,100.0,6.2,-0.1541,2.491517,False,
LIV-MUN-TOT-TOT-SUN,4,2+1+1+1,1,2.4545,2.6,2.33,0.0,2,"MUN,TOT","BHA,NFO",BHA-LIV-NFO-TOT-SUN,5,1+1+1+1+1,1,2.5,100.0,18.8,-0.1476,2.491517,False,
MCI-MUN-TOT-TOT-SUN,4,2+1+1+1,1,2.4545,2.6,2.33,0.0,2,"MUN,TOT","CHE,NEW",CHE-MCI-NEW-TOT-SUN,5,1+1+1+1+1,1,2.5,100.0,6.2,-0.1909,2.491517,False,
AVL-EVE-TOT-SUN-SUN,4,2+1+1+1,2,2.4545,2.6,2.33,0.0036,2,"AVL,SUN","CHE,NFO",CHE-EVE-NFO-TOT-SUN,5,1+1+1+1+1,1,2.5,100.0,6.2,-0.1916,2.491517,False,
BHA-EVE-TOT-SUN-SUN,4,2+1+1+1,2,2.4545,2.6,2.33,0.0036,2,"BHA,SUN","CHE,NFO",CHE-EVE-NFO-TOT-SUN,5,1+1+1+1+1,1,2.5,100.0,6.2,-0.1916,2.491517,False,
BHA-CHE-MUN-MUN-TOT,4,2+1+1+1,0,2.4545,2.6,2.33,0.0066,2,"MUN,MUN","NFO,NFO",BHA-CHE-NFO-NFO-TOT,4,2+1+1+1,0,2.5,100.0,18.8,-0.1594,2.491517,False,
BHA-CHE-LEE-MUN-SUN,5,1+1+1+1+1,1,2.4545,2.6,2.33,0.0176,2,"BHA,MUN","NFO,TOT",CHE-LEE-NFO-TOT-SUN,5,1+1+1+1+1,1,2.5,100.0,12.5,-0.1726,2.491517,False,
BRE-CHE-CHE-MUN-SUN,4,2+1+1+1,1,2.4545,2.6,2.33,0.089,2,"CHE,MUN","AVL,MCI",AVL-BRE-CHE-MCI-SUN,5,1+1+1+1+1,1,2.5,100.0,18.8,-0.0507,2.491517,False,
AVL-EVE-MUN-TOT-SUN,5,1+1+1+1+1,1,2.4545,2.6,2.33,0.1036,2,"AVL,MUN","CHE,NFO",CHE-EVE-NFO-TOT-SUN,5,1+1+1+1+1,1,2.5,100.0,6.2,-0.1916,2.491517,False,
BHA-EVE-MUN-TOT-SUN,5,1+1+1+1+1,1,2.4545,2.6,2.33,0.1036,2,"BHA,MUN","CHE,NFO",CHE-EVE-NFO-TOT-SUN,5,1+1+1+1+1,1,2.5,100.0,6.2,-0.1916,2.491517,False,
AVL-CHE-CHE-MUN-SUN,4,2+1+1+1,1,2.4545,2.6,2.33,0.1084,2,"MUN,SUN","NEW,NFO",AVL-CHE-CHE-NEW-NFO,4,2+1+1+1,0,2.5,100.0,18.8,-0.2301,2.491517,False,
BHA-CHE-CHE-MUN-SUN,4,2+1+1+1,1,2.4545,2.6,2.33,0.1084,2,"CHE,MUN","COV,MCI",BHA-CHE-COV-MCI-SUN,5,1+1+1+1+1,1,2.5,100.0,18.8,-0.106,2.491517,False,
BHA-CHE-EVE-MUN-MUN,4,2+1+1+1,0,2.4545,2.6,2.33,0.1255,2,"MUN,MUN","COV,NFO",BHA-CHE-COV-EVE-NFO,5,1+1+1+1+1,0,2.5,100.0,6.2,-0.1166,2.491517,False,
BHA-BHA-CHE-MUN-TOT,4,2+1+1+1,0,2.4545,2.8,2.17,-0.3227,2,"BHA,MUN","NFO,NFO",BHA-CHE-NFO-NFO-TOT,4,2+1+1+1,0,2.5,100.0,18.8,-0.1594,2.491517,False,
BRE-BRE-BHA-CHE-SUN,4,2+1+1+1,1,2.4545,2.8,2.17,-0.3061,2,"BRE,BRE","COV,MCI",BHA-CHE-COV-MCI-SUN,5,1+1+1+1+1,1,2.5,100.0,18.8,-0.106,2.491517,False,
BRE-BHA-BHA-CHE-SUN,4,2+1+1+1,1,2.4545,2.8,2.17,-0.2964,2,"BHA,BRE","COV,MCI",BHA-CHE-COV-MCI-SUN,5,1+1+1+1+1,1,2.5,100.0,18.8,-0.106,2.491517,False,
BRE-BHA-CHE-CHE-SUN,4,2+1+1+1,1,2.4545,2.8,2.17,-0.2964,2,"BRE,CHE","COV,MCI",BHA-CHE-COV-MCI-SUN,5,1+1+1+1+1,1,2.5,100.0,18.8,-0.106,2.491517,False,
BRE-BRE-CHE-MCI-MUN,4,2+1+1+1,0,2.4545,2.8,2.17,-0.289,2,"BRE,MUN","AVL,NEW",AVL-BRE-CHE-MCI-NEW,5,1+1+1+1+1,0,2.5,100.0,12.5,-0.1605,2.491517,False,
BRE-CHE-CHE-MCI-MUN,4,2+1+1+1,0,2.4545,2.8,2.17,-0.289,2,"CHE,MUN","AVL,NEW",AVL-BRE-CHE-MCI-NEW,5,1+1+1+1+1,0,2.5,100.0,12.5,-0.1605,2.491517,False,
BRE-CHE-MCI-MCI-MUN,4,2+1+1+1,0,2.4545,2.8,2.17,-0.289,2,"MCI,MUN","AVL,NEW",AVL-BRE-CHE-MCI-NEW,5,1+1+1+1+1,0,2.5,100.0,12.5,-0.1605,2.491517,False,
AVL-AVL-LIV-MUN-TOT,4,2+1+1+1,0,2.4545,2.8,2.17,-0.2732,2,"AVL,TOT","BOU,COV",AVL-BOU-COV-LIV-MUN,5,1+1+1+1+1,0,2.5,100.0,12.5,-0.1393,2.491517,False,
AVL-AVL-LIV-TOT-SUN,4,2+1+1+1,1,2.4545,2.8,2.17,-0.2732,2,"AVL,AVL","BHA,NFO",BHA-LIV-NFO-TOT-SUN,5,1+1+1+1+1,1,2.5,100.0,18.8,-0.1476,2.491517,False,
AVL-AVL-MCI-MUN-TOT,4,2+1+1+1,0,2.4545,2.8,2.17,-0.2732,2,"AVL,TOT","COV,LIV",AVL-COV-LIV-MCI-MUN,5,1+1+1+1+1,0,2.5,100.0,12.5,-0.1362,2.491517,False,
AVL-AVL-MCI-TOT-SUN,4,2+1+1+1,1,2.4545,2.8,2.17,-0.2732,2,"AVL,AVL","CHE,NEW",CHE-MCI-NEW-TOT-SUN,5,1+1+1+1+1,1,2.5,100.0,6.2,-0.1909,2.491517,False,
AVL-LIV-MUN-TOT-TOT,4,2+1+1+1,0,2.4545,2.8,2.17,-0.2732,2,"TOT,TOT","BOU,COV",AVL-BOU-COV-LIV-MUN,5,1+1+1+1+1,0,2.5,100.0,12.5,-0.1393,2.491517,False,
AVL-LIV-TOT-TOT-SUN,4,2+1+1+1,1,2.4545,2.8,2.17,-0.2732,2,"AVL,TOT","BHA,NFO",BHA-LIV-NFO-TOT-SUN,5,1+1+1+1+1,1,2.5,100.0,18.8,-0.1476,2.491517,False,
AVL-MCI-MUN-TOT-TOT,4,2+1+1+1,0,2.4545,2.8,2.17,-0.2732,2,"TOT,TOT","COV,LIV",AVL-COV-LIV-MCI-MUN,5,1+1+1+1+1,0,2.5,100.0,12.5,-0.1362,2.491517,False,
AVL-MCI-TOT-TOT-SUN,4,2+1+1+1,1,2.4545,2.8,2.17,-0.2732,2,"AVL,TOT","CHE,NEW",CHE-MCI-NEW-TOT-SUN,5,1+1+1+1+1,1,2.5,100.0,6.2,-0.1909,2.491517,False,
BHA-BHA-LIV-MUN-TOT,4,2+1+1+1,0,2.4545,2.8,2.17,-0.2732,2,"BHA,MUN","NFO,NFO",BHA-LIV-NFO-NFO-TOT,4,2+1+1+1,0,2.5,100.0,18.8,-0.1486,2.491517,False,
BHA-LIV-MUN-TOT-TOT,4,2+1+1+1,0,2.4545,2.8,2.17,-0.2732,2,"MUN,TOT","NFO,NFO",BHA-LIV-NFO-NFO-TOT,4,2+1+1+1,0,2.5,100.0,18.8,-0.1486,2.491517,False,
AVL-LIV-LIV-MUN-TOT,4,2+1+1+1,0,2.4545,2.8,2.17,-0.25,2,"LIV,TOT","BOU,COV",AVL-BOU-COV-LIV-MUN,5,1+1+1+1+1,0,2.5,100.0,12.5,-0.1393,2.491517,False,
AVL-LIV-LIV-TOT-SUN,4,2+1+1+1,1,2.4545,2.8,2.17,-0.25,2,"AVL,LIV","BHA,NFO",BHA-LIV-NFO-TOT-SUN,5,1+1+1+1+1,1,2.5,100.0,18.8,-0.1476,2.491517,False,
AVL-MCI-MCI-MUN-TOT,4,2+1+1+1,0,2.4545,2.8,2.17,-0.25,2,"MCI,TOT","COV,LIV",AVL-COV-LIV-MCI-MUN,5,1+1+1+1+1,0,2.5,100.0,12.5,-0.1362,2.491517,False,
AVL-MCI-MCI-TOT-SUN,4,2+1+1+1,1,2.4545,2.8,2.17,-0.25,2,"AVL,MCI","CHE,NEW",CHE-MCI-NEW-TOT-SUN,5,1+1+1+1+1,1,2.5,100.0,6.2,-0.1909,2.491517,False,
BHA-LIV-LIV-MUN-TOT,4,2+1+1+1,0,2.4545,2.8,2.17,-0.25,2,"LIV,MUN","NFO,NFO",BHA-LIV-NFO-NFO-TOT,4,2+1+1+1,0,2.5,100.0,18.8,-0.1486,2.491517,False,
BHA-CHE-LIV-MUN-TOT,5,1+1+1+1+1,0,2.4545,2.8,2.17,-0.2092,2,"LIV,MUN","NFO,NFO",BHA-CHE-NFO-NFO-TOT,4,2+1+1+1,0,2.5,100.0,18.8,-0.1594,2.491517,False,
BRE-BHA-CHE-LIV-MUN,5,1+1+1+1+1,0,2.4545,2.8,2.17,-0.2061,2,"CHE,MUN","AVL,NFO",AVL-BRE-BHA-LIV-NFO,5,1+1+1+1+1,0,2.5,100.0,12.5,-0.09,2.491517,False,
LIV-LIV-MCI-MUN-TOT,4,2+1+1+1,0,2.4545,2.8,2.17,-0.2,2,"LIV,TOT","COV,EVE",COV-EVE-LIV-MCI-MUN,5,1+1+1+1+1,0,2.5,100.0,6.2,-0.1541,2.491517,False,
LIV-MCI-MCI-MUN-TOT,4,2+1+1+1,0,2.4545,2.8,2.17,-0.2,2,"MCI,TOT","COV,EVE",COV-EVE-LIV-MCI-MUN,5,1+1+1+1+1,0,2.5,100.0,6.2,-0.1541,2.491517,False,
LIV-MCI-MUN-TOT-TOT,4,2+1+1+1,0,2.4545,2.8,2.17,-0.2,2,"TOT,TOT","COV,EVE",COV-EVE-LIV-MCI-MUN,5,1+1+1+1+1,0,2.5,100.0,6.2,-0.1541,2.491517,False,
ARS-ARS-CHE-LIV-NFO,4,2+1+1+1,0,2.7273,2.4,3.0,-0.0162,2,"ARS,ARS","AVL,BOU",AVL-BOU-CHE-LIV-NFO,5,1+1+1+1+1,0,2.4375,100.0,18.8,-0.0994,2.491531,False,
ARS-ARS-CHE-MCI-NFO,4,2+1+1+1,0,2.7273,2.4,3.0,-0.0162,2,"ARS,ARS","AVL,LIV",AVL-CHE-LIV-MCI-NFO,5,1+1+1+1+1,0,2.4375,100.0,25.0,-0.0529,2.491531,False,
CHE-IPS-IPS-LIV-NFO,4,2+1+1+1,0,2.7273,2.4,3.0,-0.0162,2,"IPS,IPS","AVL,BOU",AVL-BOU-CHE-LIV-NFO,5,1+1+1+1+1,0,2.4375,100.0,18.8,-0.0994,2.491531,False,
CHE-IPS-IPS-MCI-NFO,4,2+1+1+1,0,2.7273,2.4,3.0,-0.0162,2,"IPS,IPS","AVL,LIV",AVL-CHE-LIV-MCI-NFO,5,1+1+1+1+1,0,2.4375,100.0,25.0,-0.0529,2.491531,False,
ARS-EVE-LIV-NFO-NFO,4,2+1+1+1,0,2.7273,2.4,3.0,0.0732,2,"ARS,NFO","BOU,CHE",BOU-CHE-EVE-LIV-NFO,5,1+1+1+1+1,0,2.4375,100.0,25.0,-0.0785,2.491531,False,
EVE-IPS-LIV-NFO-NFO,4,2+1+1+1,0,2.7273,2.4,3.0,0.0732,2,"IPS,NFO","BOU,CHE",BOU-CHE-EVE-LIV-NFO,5,1+1+1+1+1,0,2.4375,100.0,25.0,-0.0785,2.491531,False,
ARS-CHE-IPS-LIV-NFO,5,1+1+1+1+1,0,2.7273,2.4,3.0,0.0838,2,"ARS,IPS","AVL,BOU",AVL-BOU-CHE-LIV-NFO,5,1+1+1+1+1,0,2.4375,100.0,18.8,-0.0994,2.491531,False,
ARS-CHE-IPS-MCI-NFO,5,1+1+1+1+1,0,2.7273,2.4,3.0,0.0838,2,"ARS,IPS","AVL,LIV",AVL-CHE-LIV-MCI-NFO,5,1+1+1+1+1,0,2.4375,100.0,25.0,-0.0529,2.491531,False,
ARS-AVL-CHE-NFO-NFO,4,2+1+1+1,0,2.7273,2.4,3.0,0.1284,2,"ARS,NFO","BOU,LIV",AVL-BOU-CHE-LIV-NFO,5,1+1+1+1+1,0,2.4375,100.0,18.8,-0.0994,2.491531,False,
AVL-CHE-IPS-NFO-NFO,4,2+1+1+1,0,2.7273,2.4,3.0,0.1284,2,"IPS,NFO","BOU,LIV",AVL-BOU-CHE-LIV-NFO,5,1+1+1+1+1,0,2.4375,100.0,18.8,-0.0994,2.491531,False,
ARS-ARS-AVL-LIV-NFO,4,2+1+1+1,0,2.7273,2.4,3.0,0.2098,2,"ARS,ARS","BOU,CHE",AVL-BOU-CHE-LIV-NFO,5,1+1+1+1+1,0,2.4375,100.0,18.8,-0.0994,2.491531,False,
ARS-ARS-AVL-MCI-NFO,4,2+1+1+1,0,2.7273,2.4,3.0,0.2098,2,"ARS,ARS","CHE,LIV",AVL-CHE-LIV-MCI-NFO,5,1+1+1+1+1,0,2.4375,100.0,25.0,-0.0529,2.491531,False,
AVL-IPS-IPS-LIV-NFO,4,2+1+1+1,0,2.7273,2.4,3.0,0.2098,2,"IPS,IPS","BOU,CHE",AVL-BOU-CHE-LIV-NFO,5,1+1+1+1+1,0,2.4375,100.0,18.8,-0.0994,2.491531,False,
AVL-IPS-IPS-MCI-NFO,4,2+1+1+1,0,2.7273,2.4,3.0,0.2098,2,"IPS,IPS","CHE,LIV",AVL-CHE-LIV-MCI-NFO,5,1+1+1+1+1,0,2.4375,100.0,25.0,-0.0529,2.491531,False,
ARS-AVL-IPS-LIV-NFO,5,1+1+1+1+1,0,2.7273,2.4,3.0,0.3098,2,"ARS,IPS","BOU,CHE",AVL-BOU-CHE-LIV-NFO,5,1+1+1+1+1,0,2.4375,100.0,18.8,-0.0994,2.491531,False,
ARS-AVL-IPS-MCI-NFO,5,1+1+1+1+1,0,2.7273,2.4,3.0,0.3098,2,"ARS,IPS","CHE,LIV",AVL-CHE-LIV-MCI-NFO,5,1+1+1+1+1,0,2.4375,100.0,25.0,-0.0529,2.491531,False,
ARS-AVL-LIV-NFO-NFO,4,2+1+1+1,0,2.7273,2.4,3.0,0.3098,2,"ARS,NFO","BOU,CHE",AVL-BOU-CHE-LIV-NFO,5,1+1+1+1+1,0,2.4375,100.0,18.8,-0.0994,2.491531,False,
ARS-AVL-MCI-NFO-NFO,4,2+1+1+1,0,2.7273,2.4,3.0,0.3098,2,"ARS,NFO","CHE,LIV",AVL-CHE-LIV-MCI-NFO,5,1+1+1+1+1,0,2.4375,100.0,25.0,-0.0529,2.491531,False,
AVL-IPS-LIV-NFO-NFO,4,2+1+1+1,0,2.7273,2.4,3.0,0.3098,2,"IPS,NFO","BOU,CHE",AVL-BOU-CHE-LIV-NFO,5,1+1+1+1+1,0,2.4375,100.0,18.8,-0.0994,2.491531,False,
AVL-IPS-MCI-NFO-NFO,4,2+1+1+1,0,2.7273,2.4,3.0,0.3098,2,"IPS,NFO","CHE,LIV",AVL-CHE-LIV-MCI-NFO,5,1+1+1+1+1,0,2.4375,100.0,25.0,-0.0529,2.491531,False,
ARS-ARS-AVL-CHE-LIV,4,2+1+1+1,0,2.7273,2.6,2.83,-0.1683,2,"ARS,ARS","BOU,NFO",AVL-BOU-CHE-LIV-NFO,5,1+1+1+1+1,0,2.4375,100.0,18.8,-0.0994,2.491531,False,
ARS-ARS-AVL-CHE-MCI,4,2+1+1+1,0,2.7273,2.6,2.83,-0.1683,2,"ARS,ARS","LIV,NFO",AVL-CHE-LIV-MCI-NFO,5,1+1+1+1+1,0,2.4375,100.0,25.0,-0.0529,2.491531,False,
AVL-CHE-IPS-IPS-LIV,4,2+1+1+1,0,2.7273,2.6,2.83,-0.1683,2,"IPS,IPS","BOU,NFO",AVL-BOU-CHE-LIV-NFO,5,1+1+1+1+1,0,2.4375,100.0,18.8,-0.0994,2.491531,False,
AVL-CHE-IPS-IPS-MCI,4,2+1+1+1,0,2.7273,2.6,2.83,-0.1683,2,"IPS,IPS","LIV,NFO",AVL-CHE-LIV-MCI-NFO,5,1+1+1+1+1,0,2.4375,100.0,25.0,-0.0529,2.491531,False,
ARS-AVL-CHE-CHE-NFO,4,2+1+1+1,0,2.7273,2.6,2.83,-0.0875,2,"ARS,CHE","BOU,LIV",AVL-BOU-CHE-LIV-NFO,5,1+1+1+1+1,0,2.4375,100.0,18.8,-0.0994,2.491531,False,
AVL-CHE-CHE-IPS-NFO,4,2+1+1+1,0,2.7273,2.6,2.83,-0.0875,2,"CHE,IPS","BOU,LIV",AVL-BOU-CHE-LIV-NFO,5,1+1+1+1+1,0,2.4375,100.0,18.8,-0.0994,2.491531,False,
ARS-AVL-CHE-IPS-LIV,5,1+1+1+1+1,0,2.7273,2.6,2.83,-0.0683,2,"ARS,IPS","BOU,NFO",AVL-BOU-CHE-LIV-NFO,5,1+1+1+1+1,0,2.4375,100.0,18.8,-0.0994,2.491531,False,
ARS-AVL-CHE-IPS-MCI,5,1+1+1+1+1,0,2.7273,2.6,2.83,-0.0683,2,"ARS,IPS","LIV,NFO",AVL-CHE-LIV-MCI-NFO,5,1+1+1+1+1,0,2.4375,100.0,25.0,-0.0529,2.491531,False,
AVL-CHE-EVE-NFO-NFO,4,2+1+1+1,0,2.7273,2.6,2.83,-0.0558,2,"EVE,NFO","BOU,LIV",AVL-BOU-CHE-LIV-NFO,5,1+1+1+1+1,0,2.4375,100.0,18.8,-0.0994,2.491531,False,
BHA-CHE-EVE-NFO-NFO,4,2+1+1+1,0,2.7273,2.6,2.83,-0.0558,2,"BHA,NFO","BOU,LIV",BOU-CHE-EVE-LIV-NFO,5,1+1+1+1+1,0,2.4375,100.0,25.0,-0.0785,2.491531,False,
ARS-BRE-CHE-EVE-NFO,5,1+1+1+1+1,0,2.7273,2.6,2.83,-0.0272,2,"ARS,BRE","BOU,LIV",BOU-CHE-EVE-LIV-NFO,5,1+1+1+1+1,0,2.4375,100.0,25.0,-0.0785,2.491531,False,
ARS-CHE-EVE-LIV-NFO,5,1+1+1+1+1,0,2.7273,2.6,2.83,-0.0272,2,"ARS,EVE","AVL,BOU",AVL-BOU-CHE-LIV-NFO,5,1+1+1+1+1,0,2.4375,100.0,18.8,-0.0994,2.491531,False,
ARS-CHE-EVE-MCI-NFO,5,1+1+1+1+1,0,2.7273,2.6,2.83,-0.0272,2,"ARS,MCI","BOU,LIV",BOU-CHE-EVE-LIV-NFO,5,1+1+1+1+1,0,2.4375,100.0,25.0,-0.0785,2.491531,False,
BRE-CHE-EVE-IPS-NFO,5,1+1+1+1+1,0,2.7273,2.6,2.83,-0.0272,2,"BRE,IPS","BOU,LIV",BOU-CHE-EVE-LIV-NFO,5,1+1+1+1+1,0,2.4375,100.0,25.0,-0.0785,2.491531,False,
CHE-EVE-IPS-LIV-NFO,5,1+1+1+1+1,0,2.7273,2.6,2.83,-0.0272,2,"EVE,IPS","AVL,BOU",AVL-BOU-CHE-LIV-NFO,5,1+1+1+1+1,0,2.4375,100.0,18.8,-0.0994,2.491531,False,
CHE-EVE-IPS-MCI-NFO,5,1+1+1+1+1,0,2.7273,2.6,2.83,-0.0272,2,"IPS,MCI","BOU,LIV",BOU-CHE-EVE-LIV-NFO,5,1+1+1+1+1,0,2.4375,100.0,25.0,-0.0785,2.491531,False,
ARS-AVL-AVL-CHE-NFO,4,2+1+1+1,0,2.7273,2.6,2.83,-0.0236,2,"ARS,AVL","BOU,LIV",AVL-BOU-CHE-LIV-NFO,5,1+1+1+1+1,0,2.4375,100.0,18.8,-0.0994,2.491531,False,
AVL-AVL-CHE-IPS-NFO,4,2+1+1+1,0,2.7273,2.6,2.83,-0.0236,2,"AVL,IPS","BOU,LIV",AVL-BOU-CHE-LIV-NFO,5,1+1+1+1+1,0,2.4375,100.0,18.8,-0.0994,2.491531,False,
CHE-CRY-LIV-NFO-NFO,4,2+1+1+1,0,2.7273,2.6,2.83,-0.0123,2,"CRY,NFO","AVL,BOU",AVL-BOU-CHE-LIV-NFO,5,1+1+1+1+1,0,2.4375,100.0,18.8,-0.0994,2.491531,False,
CHE-CRY-MCI-NFO-NFO,4,2+1+1+1,0,2.7273,2.6,2.83,-0.0123,2,"CRY,NFO","AVL,LIV",AVL-CHE-LIV-MCI-NFO,5,1+1+1+1+1,0,2.4375,100.0,25.0,-0.0529,2.491531,False,
AVL-EVE-LIV-NFO-NFO,4,2+1+1+1,0,2.7273,2.6,2.83,0.0,2,"EVE,NFO","BOU,CHE",AVL-BOU-CHE-LIV-NFO,5,1+1+1+1+1,0,2.4375,100.0,18.8,-0.0994,2.491531,False,
AVL-EVE-MCI-NFO-NFO,4,2+1+1+1,0,2.7273,2.6,2.83,0.0,2,"EVE,NFO","CHE,LIV",AVL-CHE-LIV-MCI-NFO,5,1+1+1+1+1,0,2.4375,100.0,25.0,-0.0529,2.491531,False,
BHA-EVE-LIV-NFO-NFO,4,2+1+1+1,0,2.7273,2.6,2.83,0.0,2,"BHA,NFO","BOU,CHE",BOU-CHE-EVE-LIV-NFO,5,1+1+1+1+1,0,2.4375,100.0,25.0,-0.0785,2.491531,False,
ARS-AVL-EVE-LIV-NFO,5,1+1+1+1+1,0,2.7273,2.6,2.83,0.0366,2,"ARS,EVE","BOU,CHE",AVL-BOU-CHE-LIV-NFO,5,1+1+1+1+1,0,2.4375,100.0,18.8,-0.0994,2.491531,False,
ARS-AVL-EVE-MCI-NFO,5,1+1+1+1+1,0,2.7273,2.6,2.83,0.0366,2,"ARS,EVE","CHE,LIV",AVL-CHE-LIV-MCI-NFO,5,1+1+1+1+1,0,2.4375,100.0,25.0,-0.0529,2.491531,False,
ARS-BHA-EVE-LIV-NFO,5,1+1+1+1+1,0,2.7273,2.6,2.83,0.0366,2,"ARS,BHA","BOU,CHE",BOU-CHE-EVE-LIV-NFO,5,1+1+1+1+1,0,2.4375,100.0,25.0,-0.0785,2.491531,False,
AVL-EVE-IPS-LIV-NFO,5,1+1+1+1+1,0,2.7273,2.6,2.83,0.0366,2,"EVE,IPS","BOU,CHE",AVL-BOU-CHE-LIV-NFO,5,1+1+1+1+1,0,2.4375,100.0,18.8,-0.0994,2.491531,False,
AVL-EVE-IPS-MCI-NFO,5,1+1+1+1+1,0,2.7273,2.6,2.83,0.0366,2,"EVE,IPS","CHE,LIV",AVL-CHE-LIV-MCI-NFO,5,1+1+1+1+1,0,2.4375,100.0,25.0,-0.0529,2.491531,False,
BHA-EVE-IPS-LIV-NFO,5,1+1+1+1+1,0,2.7273,2.6,2.83,0.0366,2,"BHA,IPS","BOU,CHE",BOU-CHE-EVE-LIV-NFO,5,1+1+1+1+1,0,2.4375,100.0,25.0,-0.0785,2.491531,False,
ARS-CHE-CRY-LIV-NFO,5,1+1+1+1+1,0,2.7273,2.6,2.83,0.0393,2,"ARS,CRY","AVL,BOU",AVL-BOU-CHE-LIV-NFO,5,1+1+1+1+1,0,2.4375,100.0,18.8,-0.0994,2.491531,False,
ARS-CHE-CRY-MCI-NFO,5,1+1+1+1+1,0,2.7273,2.6,2.83,0.0393,2,"ARS,CRY","AVL,LIV",AVL-CHE-LIV-MCI-NFO,5,1+1+1+1+1,0,2.4375,100.0,25.0,-0.0529,2.491531,False,
CHE-CRY-IPS-LIV-NFO,5,1+1+1+1+1,0,2.7273,2.6,2.83,0.0393,2,"CRY,IPS","AVL,BOU",AVL-BOU-CHE-LIV-NFO,5,1+1+1+1+1,0,2.4375,100.0,18.8,-0.0994,2.491531,False,
CHE-CRY-IPS-MCI-NFO,5,1+1+1+1+1,0,2.7273,2.6,2.83,0.0393,2,"CRY,IPS","AVL,LIV",AVL-CHE-LIV-MCI-NFO,5,1+1+1+1+1,0,2.4375,100.0,25.0,-0.0529,2.491531,False,
ARS-CHE-EVE-NFO-TOT,5,1+1+1+1+1,0,2.7273,2.6,2.83,0.2062,2,"ARS,TOT","BOU,LIV",BOU-CHE-EVE-LIV-NFO,5,1+1+1+1+1,0,2.4375,100.0,25.0,-0.0785,2.491531,False,
CHE-EVE-IPS-NFO-TOT,5,1+1+1+1+1,0,2.7273,2.6,2.83,0.2062,2,"IPS,TOT","BOU,LIV",BOU-CHE-EVE-LIV-NFO,5,1+1+1+1+1,0,2.4375,100.0,25.0,-0.0785,2.491531,False,
ARS-AVL-AVL-LIV-NFO,4,2+1+1+1,0,2.7273,2.6,2.83,0.3098,2,"ARS,AVL","BOU,CHE",AVL-BOU-CHE-LIV-NFO,5,1+1+1+1+1,0,2.4375,100.0,18.8,-0.0994,2.491531,False,
ARS-AVL-AVL-MCI-NFO,4,2+1+1+1,0,2.7273,2.6,2.83,0.3098,2,"ARS,AVL","CHE,LIV",AVL-CHE-LIV-MCI-NFO,5,1+1+1+1+1,0,2.4375,100.0,25.0,-0.0529,2.491531,False,
AVL-AVL-IPS-LIV-NFO,4,2+1+1+1,0,2.7273,2.6,2.83,0.3098,2,"AVL,IPS","BOU,CHE",AVL-BOU-CHE-LIV-NFO,5,1+1+1+1+1,0,2.4375,100.0,18.8,-0.0994,2.491531,False,
AVL-AVL-IPS-MCI-NFO,4,2+1+1+1,0,2.7273,2.6,2.83,0.3098,2,"AVL,IPS","CHE,LIV",AVL-CHE-LIV-MCI-NFO,5,1+1+1+1+1,0,2.4375,100.0,25.0,-0.0529,2.491531,False,
ARS-CRY-LIV-MCI-NFO,5,1+1+1+1+1,0,2.7273,2.6,2.83,0.3232,2,"ARS,CRY","AVL,CHE",AVL-CHE-LIV-MCI-NFO,5,1+1+1+1+1,0,2.4375,100.0,25.0,-0.0529,2.491531,False,
CRY-IPS-LIV-MCI-NFO,5,1+1+1+1+1,0,2.7273,2.6,2.83,0.3232,2,"CRY,IPS","AVL,CHE",AVL-CHE-LIV-MCI-NFO,5,1+1+1+1+1,0,2.4375,100.0,25.0,-0.0529,2.491531,False,
CRY-LIV-MCI-NFO-NFO,4,2+1+1+1,0,2.7273,2.6,2.83,0.3732,2,"CRY,NFO","AVL,CHE",AVL-CHE-LIV-MCI-NFO,5,1+1+1+1+1,0,2.4375,100.0,25.0,-0.0529,2.491531,False,
CHE-EVE-EVE-MUN-NFO,4,2+1+1+1,0,2.7273,2.6,2.83,0.4507,2,"EVE,MUN","BOU,LIV",BOU-CHE-EVE-LIV-NFO,5,1+1+1+1+1,0,2.4375,100.0,25.0,-0.0785,2.491531,False,
CHE-EVE-EVE-NFO-SUN,4,2+1+1+1,1,2.7273,2.6,2.83,0.4507,2,"EVE,SUN","BOU,LIV",BOU-CHE-EVE-LIV-NFO,5,1+1+1+1+1,0,2.4375,100.0,25.0,-0.0785,2.491531,False,
ARS-CHE-EVE-LIV-LIV,4,2+1+1+1,0,2.7273,2.8,2.67,-0.3256,2,"ARS,LIV","BOU,NFO",BOU-CHE-EVE-LIV-NFO,5,1+1+1+1+1,0,2.4375,100.0,25.0,-0.0785,2.491531,False,
CHE-EVE-IPS-LIV-LIV,4,2+1+1+1,0,2.7273,2.8,2.67,-0.3256,2,"IPS,LIV","BOU,NFO",BOU-CHE-EVE-LIV-NFO,5,1+1+1+1+1,0,2.4375,100.0,25.0,-0.0785,2.491531,False,
BRE-EVE-EVE-LIV-NFO,4,2+1+1+1,0,2.7273,2.8,2.67,-0.3,2,"BRE,EVE","BOU,CHE",BOU-CHE-EVE-LIV-NFO,5,1+1+1+1+1,0,2.4375,100.0,25.0,-0.0785,2.491531,False,
EVE-EVE-LIV-MCI-NFO,4,2+1+1+1,0,2.7273,2.8,2.67,-0.3,2,"EVE,MCI","BOU,CHE",BOU-CHE-EVE-LIV-NFO,5,1+1+1+1+1,0,2.4375,100.0,25.0,-0.0785,2.491531,False,
AVL-EVE-EVE-LIV-NFO,4,2+1+1+1,0,2.7273,2.8,2.67,-0.2366,2,"EVE,EVE","BOU,CHE",AVL-BOU-CHE-LIV-NFO,5,1+1+1+1+1,0,2.4375,100.0,18.8,-0.0994,2.491531,False,
AVL-EVE-EVE-MCI-NFO,4,2+1+1+1,0,2.7273,2.8,2.67,-0.2366,2,"EVE,EVE","CHE,LIV",AVL-CHE-LIV-MCI-NFO,5,1+1+1+1+1,0,2.4375,100.0,25.0,-0.0529,2.491531,False,
BHA-EVE-EVE-LIV-NFO,4,2+1+1+1,0,2.7273,2.8,2.67,-0.2366,2,"BHA,EVE","BOU,CHE",BOU-CHE-EVE-LIV-NFO,5,1+1+1+1+1,0,2.4375,100.0,25.0,-0.0785,2.491531,False,
EVE-EVE-LIV-NFO-TOT,4,2+1+1+1,0,2.7273,2.8,2.67,-0.2366,2,"EVE,TOT","BOU,CHE",BOU-CHE-EVE-LIV-NFO,5,1+1+1+1+1,0,2.4375,100.0,25.0,-0.0785,2.491531,False,
ARS-BRE-CHE-EVE-LIV,5,1+1+1+1+1,0,2.7273,2.8,2.67,-0.2256,2,"ARS,BRE","BOU,NFO",BOU-CHE-EVE-LIV-NFO,5,1+1+1+1+1,0,2.4375,100.0,25.0,-0.0785,2.491531,False,
ARS-CHE-EVE-LIV-MCI,5,1+1+1+1+1,0,2.7273,2.8,2.67,-0.2256,2,"ARS,MCI","BOU,NFO",BOU-CHE-EVE-LIV-NFO,5,1+1+1+1+1,0,2.4375,100.0,25.0,-0.0785,2.491531,False,
BRE-CHE-EVE-IPS-LIV,5,1+1+1+1+1,0,2.7273,2.8,2.67,-0.2256,2,"BRE,IPS","BOU,NFO",BOU-CHE-EVE-LIV-NFO,5,1+1+1+1+1,0,2.4375,100.0,25.0,-0.0785,2.491531,False,
CHE-EVE-IPS-LIV-MCI,5,1+1+1+1+1,0,2.7273,2.8,2.67,-0.2256,2,"IPS,MCI","BOU,NFO",BOU-CHE-EVE-LIV-NFO,5,1+1+1+1+1,0,2.4375,100.0,25.0,-0.0785,2.491531,False,
AVL-AVL-CHE-EVE-NFO,4,2+1+1+1,0,2.7273,2.8,2.67,-0.2078,2,"AVL,EVE","BOU,LIV",AVL-BOU-CHE-LIV-NFO,5,1+1+1+1+1,0,2.4375,100.0,18.8,-0.0994,2.491531,False,
BHA-BHA-CHE-EVE-NFO,4,2+1+1+1,0,2.7273,2.8,2.67,-0.2078,2,"BHA,BHA","BOU,LIV",BOU-CHE-EVE-LIV-NFO,5,1+1+1+1+1,0,2.4375,100.0,25.0,-0.0785,2.491531,False,
AVL-CHE-CHE-CRY-NFO,4,2+1+1+1,0,2.7273,2.8,2.67,-0.1898,2,"CHE,CRY","BOU,LIV",AVL-BOU-CHE-LIV-NFO,5,1+1+1+1+1,0,2.4375,100.0,18.8,-0.0994,2.491531,False,
AVL-CHE-CRY-NFO-TOT,5,1+1+1+1+1,0,2.7273,2.8,2.67,-0.1809,2,"CRY,TOT","BOU,LIV",AVL-BOU-CHE-LIV-NFO,5,1+1+1+1+1,0,2.4375,100.0,18.8,-0.0994,2.491531,False,
ARS-AVL-CHE-EVE-LIV,5,1+1+1+1+1,0,2.7273,2.8,2.67,-0.1793,2,"ARS,EVE","BOU,NFO",AVL-BOU-CHE-LIV-NFO,5,1+1+1+1+1,0,2.4375,100.0,18.8,-0.0994,2.491531,False,
ARS-AVL-CHE-EVE-MCI,5,1+1+1+1+1,0,2.7273,2.8,2.67,-0.1793,2,"ARS,EVE","LIV,NFO",AVL-CHE-LIV-MCI-NFO,5,1+1+1+1+1,0,2.4375,100.0,25.0,-0.0529,2.491531,False,
ARS-BHA-CHE-EVE-LIV,5,1+1+1+1+1,0,2.7273,2.8,2.67,-0.1793,2,"ARS,BHA","BOU,NFO",BOU-CHE-EVE-LIV-NFO,5,1+1+1+1+1,0,2.4375,100.0,25.0,-0.0785,2.491531,False,
AVL-CHE-EVE-IPS-LIV,5,1+1+1+1+1,0,2.7273,2.8,2.67,-0.1793,2,"EVE,IPS","BOU,NFO",AVL-BOU-CHE-LIV-NFO,5,1+1+1+1+1,0,2.4375,100.0,18.8,-0.0994,2.491531,False,
AVL-CHE-EVE-IPS-MCI,5,1+1+1+1+1,0,2.7273,2.8,2.67,-0.1793,2,"EVE,IPS","LIV,NFO",AVL-CHE-LIV-MCI-NFO,5,1+1+1+1+1,0,2.4375,100.0,25.0,-0.0529,2.491531,False,
BHA-CHE-EVE-IPS-LIV,5,1+1+1+1+1,0,2.7273,2.8,2.67,-0.1793,2,"BHA,IPS","BOU,NFO",BOU-CHE-EVE-LIV-NFO,5,1+1+1+1+1,0,2.4375,100.0,25.0,-0.0785,2.491531,False,
BRE-CHE-CHE-EVE-NFO,4,2+1+1+1,0,2.7273,2.8,2.67,-0.1655,2,"BRE,CHE","BOU,LIV",BOU-CHE-EVE-LIV-NFO,5,1+1+1+1+1,0,2.4375,100.0,25.0,-0.0785,2.491531,False,
CHE-CHE-EVE-LIV-NFO,4,2+1+1+1,0,2.7273,2.8,2.67,-0.1655,2,"CHE,EVE","AVL,BOU",AVL-BOU-CHE-LIV-NFO,5,1+1+1+1+1,0,2.4375,100.0,18.8,-0.0994,2.491531,False,
CHE-CHE-EVE-MCI-NFO,4,2+1+1+1,0,2.7273,2.8,2.67,-0.1655,2,"CHE,MCI","BOU,LIV",BOU-CHE-EVE-LIV-NFO,5,1+1+1+1+1,0,2.4375,100.0,25.0,-0.0785,2.491531,False,
AVL-CHE-CHE-EVE-NFO,4,2+1+1+1,0,2.7273,2.8,2.67,-0.1095,2,"CHE,EVE","BOU,LIV",AVL-BOU-CHE-LIV-NFO,5,1+1+1+1+1,0,2.4375,100.0,18.8,-0.0994,2.491531,False,
BHA-CHE-CHE-EVE-NFO,4,2+1+1+1,0,2.7273,2.8,2.67,-0.1095,2,"BHA,CHE","BOU,LIV",BOU-CHE-EVE-LIV-NFO,5,1+1+1+1+1,0,2.4375,100.0,25.0,-0.0785,2.491531,False,
ARS-CHE-EVE-LIV-TOT,5,1+1+1+1+1,0,2.7273,2.8,2.67,-0.0555,2,"ARS,TOT","BOU,NFO",BOU-CHE-EVE-LIV-NFO,5,1+1+1+1+1,0,2.4375,100.0,25.0,-0.0785,2.491531,False,
CHE-EVE-IPS-LIV-TOT,5,1+1+1+1+1,0,2.7273,2.8,2.67,-0.0555,2,"IPS,TOT","BOU,NFO",BOU-CHE-EVE-LIV-NFO,5,1+1+1+1+1,0,2.4375,100.0,25.0,-0.0785,2.491531,False,
ARS-AVL-CHE-CRY-LIV,5,1+1+1+1+1,0,2.7273,2.8,2.67,-0.0262,2,"ARS,CRY","BOU,NFO",AVL-BOU-CHE-LIV-NFO,5,1+1+1+1+1,0,2.4375,100.0,18.8,-0.0994,2.491531,False,
ARS-AVL-CHE-CRY-MCI,5,1+1+1+1+1,0,2.7273,2.8,2.67,-0.0262,2,"ARS,CRY","LIV,NFO",AVL-CHE-LIV-MCI-NFO,5,1+1+1+1+1,0,2.4375,100.0,25.0,-0.0529,2.491531,False,
AVL-CHE-CRY-IPS-LIV,5,1+1+1+1+1,0,2.7273,2.8,2.67,-0.0262,2,"CRY,IPS","BOU,NFO",AVL-BOU-CHE-LIV-NFO,5,1+1+1+1+1,0,2.4375,100.0,18.8,-0.0994,2.491531,False,
AVL-CHE-CRY-IPS-MCI,5,1+1+1+1+1,0,2.7273,2.8,2.67,-0.0262,2,"CRY,IPS","LIV,NFO",AVL-CHE-LIV-MCI-NFO,5,1+1+1+1+1,0,2.4375,100.0,25.0,-0.0529,2.491531,False,
AVL-AVL-EVE-LIV-NFO,4,2+1+1+1,0,2.7273,2.8,2.67,0.0,2,"AVL,EVE","BOU,CHE",AVL-BOU-CHE-LIV-NFO,5,1+1+1+1+1,0,2.4375,100.0,18.8,-0.0994,2.491531,False,
AVL-AVL-EVE-MCI-NFO,4,2+1+1+1,0,2.7273,2.8,2.67,0.0,2,"AVL,EVE","CHE,LIV",AVL-CHE-LIV-MCI-NFO,5,1+1+1+1+1,0,2.4375,100.0,25.0,-0.0529,2.491531,False,
BHA-BHA-EVE-LIV-NFO,4,2+1+1+1,0,2.7273,2.8,2.67,0.0,2,"BHA,BHA","BOU,CHE",BOU-CHE-EVE-LIV-NFO,5,1+1+1+1+1,0,2.4375,100.0,25.0,-0.0785,2.491531,False,
AVL-CRY-LIV-NFO-TOT,5,1+1+1+1+1,0,2.7273,2.8,2.67,0.0366,2,"CRY,TOT","BOU,CHE",AVL-BOU-CHE-LIV-NFO,5,1+1+1+1+1,0,2.4375,100.0,18.8,-0.0994,2.491531,False,
AVL-CRY-MCI-NFO-TOT,5,1+1+1+1+1,0,2.7273,2.8,2.67,0.0366,2,"CRY,TOT","CHE,LIV",AVL-CHE-LIV-MCI-NFO,5,1+1+1+1+1,0,2.4375,100.0,25.0,-0.0529,2.491531,False,
AVL-BRE-CHE-CRY-NFO,5,1+1+1+1+1,0,2.7273,2.8,2.67,0.0588,2,"BRE,CRY","BOU,LIV",AVL-BOU-CHE-LIV-NFO,5,1+1+1+1+1,0,2.4375,100.0,18.8,-0.0994,2.491531,False,
AVL-CHE-CRY-LIV-NFO,5,1+1+1+1+1,0,2.7273,2.8,2.67,0.0588,1,CRY,BOU,AVL-BOU-CHE-LIV-NFO,5,1+1+1+1+1,0,2.4375,100.0,18.8,-0.0994,2.491531,False,
AVL-CHE-CRY-MCI-NFO,5,1+1+1+1+1,0,2.7273,2.8,2.67,0.0588,2,"CRY,MCI","BOU,LIV",AVL-BOU-CHE-LIV-NFO,5,1+1+1+1+1,0,2.4375,100.0,18.8,-0.0994,2.491531,False,
BHA-CHE-CRY-LIV-NFO,5,1+1+1+1+1,0,2.7273,2.8,2.67,0.0588,2,"BHA,CRY","AVL,BOU",AVL-BOU-CHE-LIV-NFO,5,1+1+1+1+1,0,2.4375,100.0,18.8,-0.0994,2.491531,False,
BHA-CHE-CRY-MCI-NFO,5,1+1+1+1+1,0,2.7273,2.8,2.67,0.0588,2,"BHA,CRY","AVL,LIV",AVL-CHE-LIV-MCI-NFO,5,1+1+1+1+1,0,2.4375,100.0,25.0,-0.0529,2.491531,False,
CHE-EVE-EVE-LIV-MUN,4,2+1+1+1,0,2.7273,2.8,2.67,0.089,2,"EVE,MUN","BOU,NFO",BOU-CHE-EVE-LIV-NFO,5,1+1+1+1+1,0,2.4375,100.0,25.0,-0.0785,2.491531,False,
CHE-EVE-EVE-LIV-SUN,4,2+1+1+1,1,2.7273,2.8,2.67,0.089,2,"EVE,SUN","BOU,NFO",BOU-CHE-EVE-LIV-NFO,5,1+1+1+1+1,0,2.4375,100.0,25.0,-0.0785,2.491531,False,
CHE-CHE-EVE-NFO-TOT,4,2+1+1+1,0,2.7273,2.8,2.67,0.2381,2,"CHE,TOT","BOU,LIV",BOU-CHE-EVE-LIV-NFO,5,1+1+1+1+1,0,2.4375,100.0,25.0,-0.0785,2.491531,False,
ARS-AVL-AVL-LIV-MCI,4,2+1+1+1,0,2.7273,2.8,2.67,0.3464,2,"ARS,AVL","CHE,NFO",AVL-CHE-LIV-MCI-NFO,5,1+1+1+1+1,0,2.4375,100.0,25.0,-0.0529,2.491531,False,
AVL-AVL-IPS-LIV-MCI,4,2+1+1+1,0,2.7273,2.8,2.67,0.3464,2,"AVL,IPS","CHE,NFO",AVL-CHE-LIV-MCI-NFO,5,1+1+1+1+1,0,2.4375,100.0,25.0,-0.0529,2.491531,False,
ARS-AVL-CRY-LIV-MCI,5,1+1+1+1+1,0,2.7273,2.8,2.67,0.4098,2,"ARS,CRY","CHE,NFO",AVL-CHE-LIV-MCI-NFO,5,1+1+1+1+1,0,2.4375,100.0,25.0,-0.0529,2.491531,False,
AVL-CRY-IPS-LIV-MCI,5,1+1+1+1+1,0,2.7273,2.8,2.67,0.4098,2,"CRY,IPS","CHE,NFO",AVL-CHE-LIV-MCI-NFO,5,1+1+1+1+1,0,2.4375,100.0,25.0,-0.0529,2.491531,False,
AVL-CRY-LIV-LIV-NFO,4,2+1+1+1,0,2.7273,2.8,2.67,0.4964,2,"CRY,LIV","BOU,CHE",AVL-BOU-CHE-LIV-NFO,5,1+1+1+1+1,0,2.4375,100.0,18.8,-0.0994,2.491531,False,
AVL-CRY-MCI-MCI-NFO,4,2+1+1+1,0,2.7273,2.8,2.67,0.4964,2,"CRY,MCI","CHE,LIV",AVL-CHE-LIV-MCI-NFO,5,1+1+1+1+1,0,2.4375,100.0,25.0,-0.0529,2.491531,False,
AVL-AVL-BRE-LIV-NFO,4,2+1+1+1,0,2.7273,2.8,2.67,0.5464,2,"AVL,BRE","BOU,CHE",AVL-BOU-CHE-LIV-NFO,5,1+1+1+1+1,0,2.4375,100.0,18.8,-0.0994,2.491531,False,
AVL-AVL-BRE-MCI-NFO,4,2+1+1+1,0,2.7273,2.8,2.67,0.5464,2,"AVL,BRE","CHE,LIV",AVL-CHE-LIV-MCI-NFO,5,1+1+1+1+1,0,2.4375,100.0,25.0,-0.0529,2.491531,False,
AVL-AVL-LIV-MCI-NFO,4,2+1+1+1,0,2.7273,2.8,2.67,0.5464,2,"AVL,MCI","BOU,CHE",AVL-BOU-CHE-LIV-NFO,5,1+1+1+1+1,0,2.4375,100.0,18.8,-0.0994,2.491531,False,
BHA-BHA-LIV-MCI-NFO,4,2+1+1+1,0,2.7273,2.8,2.67,0.5464,2,"BHA,BHA","AVL,CHE",AVL-CHE-LIV-MCI-NFO,5,1+1+1+1+1,0,2.4375,100.0,25.0,-0.0529,2.491531,False,
AVL-BRE-CRY-LIV-NFO,5,1+1+1+1+1,0,2.7273,2.8,2.67,0.5964,2,"BRE,CRY","BOU,CHE",AVL-BOU-CHE-LIV-NFO,5,1+1+1+1+1,0,2.4375,100.0,18.8,-0.0994,2.491531,False,
AVL-BRE-CRY-MCI-NFO,5,1+1+1+1+1,0,2.7273,2.8,2.67,0.5964,2,"BRE,CRY","CHE,LIV",AVL-CHE-LIV-MCI-NFO,5,1+1+1+1+1,0,2.4375,100.0,25.0,-0.0529,2.491531,False,
AVL-CRY-LIV-MCI-NFO,5,1+1+1+1+1,0,2.7273,2.8,2.67,0.5964,2,"CRY,MCI","BOU,CHE",AVL-BOU-CHE-LIV-NFO,5,1+1+1+1+1,0,2.4375,100.0,18.8,-0.0994,2.491531,False,
BHA-CRY-LIV-MCI-NFO,5,1+1+1+1+1,0,2.7273,2.8,2.67,0.5964,2,"BHA,CRY","AVL,CHE",AVL-CHE-LIV-MCI-NFO,5,1+1+1+1+1,0,2.4375,100.0,25.0,-0.0529,2.491531,False,
AVL-EVE-EVE-LIV-MCI,4,2+1+1+1,0,2.7273,3.0,2.5,-0.3,2,"EVE,EVE","CHE,NFO",AVL-CHE-LIV-MCI-NFO,5,1+1+1+1+1,0,2.4375,100.0,25.0,-0.0529,2.491531,False,
AVL-CHE-CHE-EVE-LIV,4,2+1+1+1,0,2.7273,3.0,2.5,-0.2964,2,"CHE,EVE","BOU,NFO",AVL-BOU-CHE-LIV-NFO,5,1+1+1+1+1,0,2.4375,100.0,18.8,-0.0994,2.491531,False,
AVL-CHE-CHE-EVE-MCI,4,2+1+1+1,0,2.7273,3.0,2.5,-0.2964,2,"CHE,EVE","LIV,NFO",AVL-CHE-LIV-MCI-NFO,5,1+1+1+1+1,0,2.4375,100.0,25.0,-0.0529,2.491531,False,
BHA-CHE-CHE-EVE-LIV,4,2+1+1+1,0,2.7273,3.0,2.5,-0.2964,2,"BHA,CHE","BOU,NFO",BOU-CHE-EVE-LIV-NFO,5,1+1+1+1+1,0,2.4375,100.0,25.0,-0.0785,2.491531,False,
CHE-EVE-LEE-LIV-LIV,4,2+1+1+1,0,2.7273,3.0,2.5,-0.2945,2,"LEE,LIV","BOU,NFO",BOU-CHE-EVE-LIV-NFO,5,1+1+1+1+1,0,2.4375,100.0,25.0,-0.0785,2.491531,False,
BRE-CHE-CHE-EVE-LIV,4,2+1+1+1,0,2.7273,3.0,2.5,-0.289,2,"BRE,CHE","BOU,NFO",BOU-CHE-EVE-LIV-NFO,5,1+1+1+1+1,0,2.4375,100.0,25.0,-0.0785,2.491531,False,
CHE-CHE-EVE-LIV-MCI,4,2+1+1+1,0,2.7273,3.0,2.5,-0.289,2,"CHE,MCI","BOU,NFO",BOU-CHE-EVE-LIV-NFO,5,1+1+1+1+1,0,2.4375,100.0,25.0,-0.0785,2.491531,False,
AVL-CHE-EVE-LEE-LIV,5,1+1+1+1+1,0,2.7273,3.0,2.5,-0.1982,2,"EVE,LEE","BOU,NFO",AVL-BOU-CHE-LIV-NFO,5,1+1+1+1+1,0,2.4375,100.0,18.8,-0.0994,2.491531,False,
AVL-CHE-EVE-LEE-MCI,5,1+1+1+1+1,0,2.7273,3.0,2.5,-0.1982,2,"EVE,LEE","LIV,NFO",AVL-CHE-LIV-MCI-NFO,5,1+1+1+1+1,0,2.4375,100.0,25.0,-0.0529,2.491531,False,
BHA-CHE-EVE-LEE-LIV,5,1+1+1+1+1,0,2.7273,3.0,2.5,-0.1982,2,"BHA,LEE","BOU,NFO",BOU-CHE-EVE-LIV-NFO,5,1+1+1+1+1,0,2.4375,100.0,25.0,-0.0785,2.491531,False,
BRE-CHE-EVE-LEE-LIV,5,1+1+1+1+1,0,2.7273,3.0,2.5,-0.1945,2,"BRE,LEE","BOU,NFO",BOU-CHE-EVE-LIV-NFO,5,1+1+1+1+1,0,2.4375,100.0,25.0,-0.0785,2.491531,False,
CHE-EVE-LEE-LIV-MCI,5,1+1+1+1+1,0,2.7273,3.0,2.5,-0.1945,2,"LEE,MCI","BOU,NFO",BOU-CHE-EVE-LIV-NFO,5,1+1+1+1+1,0,2.4375,100.0,25.0,-0.0785,2.491531,False,
AVL-CHE-LEE-LEE-LIV,4,2+1+1+1,0,2.7273,3.0,2.5,-0.1061,2,"LEE,LEE","BOU,NFO",AVL-BOU-CHE-LIV-NFO,5,1+1+1+1+1,0,2.4375,100.0,18.8,-0.0994,2.491531,False,
AVL-CHE-LEE-LEE-MCI,4,2+1+1+1,0,2.7273,3.0,2.5,-0.1061,2,"LEE,LEE","LIV,NFO",AVL-CHE-LIV-MCI-NFO,5,1+1+1+1+1,0,2.4375,100.0,25.0,-0.0529,2.491531,False,
CHE-LEE-LEE-LIV-MCI,4,2+1+1+1,0,2.7273,3.0,2.5,-0.089,2,"LEE,LEE","AVL,NFO",AVL-CHE-LIV-MCI-NFO,5,1+1+1+1+1,0,2.4375,100.0,25.0,-0.0529,2.491531,False,
CHE-CRY-LEE-LIV-MCI,5,1+1+1+1+1,0,2.7273,3.0,2.5,-0.0646,2,"CRY,LEE","AVL,NFO",AVL-CHE-LIV-MCI-NFO,5,1+1+1+1+1,0,2.4375,100.0,25.0,-0.0529,2.491531,False,
AVL-CHE-CRY-LEE-LIV,5,1+1+1+1+1,0,2.7273,3.0,2.5,-0.0451,2,"CRY,LEE","BOU,NFO",AVL-BOU-CHE-LIV-NFO,5,1+1+1+1+1,0,2.4375,100.0,18.8,-0.0994,2.491531,False,
AVL-CHE-CRY-LEE-MCI,5,1+1+1+1+1,0,2.7273,3.0,2.5,-0.0451,2,"CRY,LEE","LIV,NFO",AVL-CHE-LIV-MCI-NFO,5,1+1+1+1+1,0,2.4375,100.0,25.0,-0.0529,2.491531,False,
CHE-CRY-CRY-LIV-MCI,4,2+1+1+1,0,2.7273,3.0,2.5,-0.0402,2,"CRY,CRY","AVL,NFO",AVL-CHE-LIV-MCI-NFO,5,1+1+1+1+1,0,2.4375,100.0,25.0,-0.0529,2.491531,False,
CHE-EVE-LEE-LIV-TOT,5,1+1+1+1+1,0,2.7273,3.0,2.5,-0.0244,2,"LEE,TOT","BOU,NFO",BOU-CHE-EVE-LIV-NFO,5,1+1+1+1+1,0,2.4375,100.0,25.0,-0.0785,2.491531,False,
AVL-EVE-LEE-LIV-MCI,5,1+1+1+1+1,0,2.7273,3.0,2.5,-0.0134,2,"EVE,LEE","CHE,NFO",AVL-CHE-LIV-MCI-NFO,5,1+1+1+1+1,0,2.4375,100.0,25.0,-0.0529,2.491531,False,
AVL-AVL-CHE-CRY-LIV,4,2+1+1+1,0,2.7273,3.0,2.5,0.0299,2,"AVL,CRY","BOU,NFO",AVL-BOU-CHE-LIV-NFO,5,1+1+1+1+1,0,2.4375,100.0,18.8,-0.0994,2.491531,False,
AVL-AVL-CHE-CRY-MCI,4,2+1+1+1,0,2.7273,3.0,2.5,0.0299,2,"AVL,CRY","LIV,NFO",AVL-CHE-LIV-MCI-NFO,5,1+1+1+1+1,0,2.4375,100.0,25.0,-0.0529,2.491531,False,
CHE-CHE-EVE-LIV-TOT,4,2+1+1+1,0,2.7273,3.0,2.5,0.0512,2,"CHE,TOT","BOU,NFO",BOU-CHE-EVE-LIV-NFO,5,1+1+1+1+1,0,2.4375,100.0,25.0,-0.0785,2.491531,False,
AVL-AVL-EVE-LIV-MCI,4,2+1+1+1,0,2.7273,3.0,2.5,0.0732,2,"AVL,EVE","CHE,NFO",AVL-CHE-LIV-MCI-NFO,5,1+1+1+1+1,0,2.4375,100.0,25.0,-0.0529,2.491531,False,
AVL-EVE-LIV-LIV-MCI,4,2+1+1+1,0,2.7273,3.0,2.5,0.0732,2,"EVE,LIV","CHE,NFO",AVL-CHE-LIV-MCI-NFO,5,1+1+1+1+1,0,2.4375,100.0,25.0,-0.0529,2.491531,False,
AVL-EVE-LIV-MCI-MCI,4,2+1+1+1,0,2.7273,3.0,2.5,0.0732,2,"EVE,MCI","CHE,NFO",AVL-CHE-LIV-MCI-NFO,5,1+1+1+1+1,0,2.4375,100.0,25.0,-0.0529,2.491531,False,
AVL-BRE-EVE-LIV-MCI,5,1+1+1+1+1,0,2.7273,3.0,2.5,0.1732,2,"BRE,EVE","CHE,NFO",AVL-CHE-LIV-MCI-NFO,5,1+1+1+1+1,0,2.4375,100.0,25.0,-0.0529,2.491531,False,
AVL-LEE-LEE-LIV-MCI,4,2+1+1+1,0,2.7273,3.0,2.5,0.2732,2,"LEE,LEE","CHE,NFO",AVL-CHE-LIV-MCI-NFO,5,1+1+1+1+1,0,2.4375,100.0,25.0,-0.0529,2.491531,False,
AVL-AVL-LEE-LIV-MCI,4,2+1+1+1,0,2.7273,3.0,2.5,0.4464,2,"AVL,LEE","CHE,NFO",AVL-CHE-LIV-MCI-NFO,5,1+1+1+1+1,0,2.4375,100.0,25.0,-0.0529,2.491531,False,
AVL-CRY-LEE-LIV-MCI,5,1+1+1+1+1,0,2.7273,3.0,2.5,0.4598,2,"CRY,LEE","CHE,NFO",AVL-CHE-LIV-MCI-NFO,5,1+1+1+1+1,0,2.4375,100.0,25.0,-0.0529,2.491531,False,
AVL-LEE-LIV-LIV-MCI,4,2+1+1+1,0,2.7273,3.0,2.5,0.4598,2,"LEE,LIV","CHE,NFO",AVL-CHE-LIV-MCI-NFO,5,1+1+1+1+1,0,2.4375,100.0,25.0,-0.0529,2.491531,False,
AVL-LEE-LIV-MCI-MCI,4,2+1+1+1,0,2.7273,3.0,2.5,0.4598,2,"LEE,MCI","CHE,NFO",AVL-CHE-LIV-MCI-NFO,5,1+1+1+1+1,0,2.4375,100.0,25.0,-0.0529,2.491531,False,
AVL-BRE-LEE-LIV-MCI,5,1+1+1+1+1,0,2.7273,3.0,2.5,0.5598,2,"BRE,LEE","CHE,NFO",AVL-CHE-LIV-MCI-NFO,5,1+1+1+1+1,0,2.4375,100.0,25.0,-0.0529,2.491531,False,
AVL-CRY-LIV-LIV-MCI,4,2+1+1+1,0,2.7273,3.0,2.5,0.6964,2,"CRY,LIV","CHE,NFO",AVL-CHE-LIV-MCI-NFO,5,1+1+1+1+1,0,2.4375,100.0,25.0,-0.0529,2.491531,False,
AVL-CRY-LIV-MCI-MCI,4,2+1+1+1,0,2.7273,3.0,2.5,0.6964,2,"CRY,MCI","CHE,NFO",AVL-CHE-LIV-MCI-NFO,5,1+1+1+1+1,0,2.4375,100.0,25.0,-0.0529,2.491531,False,
AVL-BRE-CRY-LIV-MCI,5,1+1+1+1+1,0,2.7273,3.0,2.5,0.7964,2,"BRE,CRY","CHE,NFO",AVL-CHE-LIV-MCI-NFO,5,1+1+1+1+1,0,2.4375,100.0,25.0,-0.0529,2.491531,False,
AVL-AVL-BRE-LIV-MCI,4,2+1+1+1,0,2.7273,3.0,2.5,0.8196,2,"AVL,BRE","CHE,NFO",AVL-CHE-LIV-MCI-NFO,5,1+1+1+1+1,0,2.4375,100.0,25.0,-0.0529,2.491531,False,
AVL-BRE-BRE-LIV-MCI,4,2+1+1+1,0,2.7273,3.0,2.5,0.8464,2,"BRE,BRE","CHE,NFO",AVL-CHE-LIV-MCI-NFO,5,1+1+1+1+1,0,2.4375,100.0,25.0,-0.0529,2.491531,False,
AVL-BRE-LIV-LIV-MCI,4,2+1+1+1,0,2.7273,3.0,2.5,0.8464,2,"BRE,LIV","CHE,NFO",AVL-CHE-LIV-MCI-NFO,5,1+1+1+1+1,0,2.4375,100.0,25.0,-0.0529,2.491531,False,
AVL-BRE-LIV-MCI-MCI,4,2+1+1+1,0,2.7273,3.0,2.5,0.8464,2,"BRE,MCI","CHE,NFO",AVL-CHE-LIV-MCI-NFO,5,1+1+1+1+1,0,2.4375,100.0,25.0,-0.0529,2.491531,False,
ARS-MUN-NFO-NFO-TOT,4,2+1+1+1,0,2.5455,2.2,2.83,0.05,2,"ARS,MUN","BOU,CHE",BOU-CHE-NFO-NFO-TOT,4,2+1+1+1,0,2.4792,100.0,18.8,-0.1349,2.491561,False,
ARS-NFO-NFO-TOT-SUN,4,2+1+1+1,1,2.5455,2.2,2.83,0.05,2,"ARS,NFO","BOU,CHE",BOU-CHE-NFO-TOT-SUN,5,1+1+1+1+1,1,2.4792,100.0,12.5,-0.1412,2.491561,False,
IPS-MUN-NFO-NFO-TOT,4,2+1+1+1,0,2.5455,2.2,2.83,0.05,2,"IPS,MUN","BOU,CHE",BOU-CHE-NFO-NFO-TOT,4,2+1+1+1,0,2.4792,100.0,18.8,-0.1349,2.491561,False,
ARS-ARS-LIV-MUN-NFO,4,2+1+1+1,0,2.5455,2.2,2.83,0.0732,2,"ARS,MUN","AVL,BOU",ARS-AVL-BOU-LIV-NFO,5,1+1+1+1+1,0,2.4792,100.0,12.5,-0.1091,2.491561,False,
ARS-ARS-LIV-NFO-SUN,4,2+1+1+1,1,2.5455,2.2,2.83,0.0732,2,"ARS,SUN","AVL,BOU",ARS-AVL-BOU-LIV-NFO,5,1+1+1+1+1,0,2.4792,100.0,12.5,-0.1091,2.491561,False,
ARS-LIV-MUN-NFO-NFO,4,2+1+1+1,0,2.5455,2.2,2.83,0.0732,2,"ARS,MUN","BHA,BOU",BOU-BHA-LIV-NFO-NFO,4,2+1+1+1,0,2.4792,100.0,25.0,-0.147,2.491561,False,
ARS-LIV-NFO-NFO-SUN,4,2+1+1+1,1,2.5455,2.2,2.83,0.0732,2,"ARS,SUN","BHA,BOU",BOU-BHA-LIV-NFO-NFO,4,2+1+1+1,0,2.4792,100.0,25.0,-0.147,2.491561,False,
IPS-IPS-LIV-MUN-NFO,4,2+1+1+1,0,2.5455,2.2,2.83,0.0732,2,"IPS,MUN","BOU,CHE",BOU-CHE-IPS-LIV-NFO,5,1+1+1+1+1,0,2.4792,100.0,12.5,-0.1093,2.491561,False,
IPS-IPS-MCI-MUN-NFO,4,2+1+1+1,0,2.5455,2.2,2.83,0.0732,2,"IPS,MUN","CHE,LIV",CHE-IPS-LIV-MCI-NFO,5,1+1+1+1+1,0,2.4792,100.0,12.5,-0.0652,2.491561,False,
IPS-LIV-MUN-NFO-NFO,4,2+1+1+1,0,2.5455,2.2,2.83,0.0732,2,"IPS,MUN","BHA,BOU",BOU-BHA-LIV-NFO-NFO,4,2+1+1+1,0,2.4792,100.0,25.0,-0.147,2.491561,False,
IPS-MCI-MUN-NFO-NFO,4,2+1+1+1,0,2.5455,2.2,2.83,0.0732,2,"MUN,NFO","CHE,LIV",CHE-IPS-LIV-MCI-NFO,5,1+1+1+1+1,0,2.4792,100.0,12.5,-0.0652,2.491561,False,
ARS-ARS-NFO-TOT-SUN,4,2+1+1+1,1,2.5455,2.2,2.83,0.1366,2,"ARS,ARS","BOU,CHE",BOU-CHE-NFO-TOT-SUN,5,1+1+1+1+1,1,2.4792,100.0,12.5,-0.1412,2.491561,False,
ARS-IPS-LIV-MUN-NFO,5,1+1+1+1+1,0,2.5455,2.2,2.83,0.1732,2,"ARS,MUN","BOU,CHE",BOU-CHE-IPS-LIV-NFO,5,1+1+1+1+1,0,2.4792,100.0,12.5,-0.1093,2.491561,False,
ARS-IPS-MCI-MUN-NFO,5,1+1+1+1+1,0,2.5455,2.2,2.83,0.1732,2,"ARS,MUN","CHE,LIV",CHE-IPS-LIV-MCI-NFO,5,1+1+1+1+1,0,2.4792,100.0,12.5,-0.0652,2.491561,False,
ARS-CHE-MUN-NFO-NFO,4,2+1+1+1,0,2.5455,2.2,2.83,0.2711,2,"ARS,MUN","BOU,TOT",BOU-CHE-NFO-NFO-TOT,4,2+1+1+1,0,2.4792,100.0,18.8,-0.1349,2.491561,False,
ARS-CHE-NFO-NFO-SUN,4,2+1+1+1,1,2.5455,2.2,2.83,0.2711,2,"ARS,NFO","BOU,TOT",BOU-CHE-NFO-TOT-SUN,5,1+1+1+1+1,1,2.4792,100.0,12.5,-0.1412,2.491561,False,
CHE-IPS-MUN-NFO-NFO,4,2+1+1+1,0,2.5455,2.2,2.83,0.2711,2,"IPS,MUN","BOU,TOT",BOU-CHE-NFO-NFO-TOT,4,2+1+1+1,0,2.4792,100.0,18.8,-0.1349,2.491561,False,
AVL-MUN-NFO-NFO-TOT,4,2+1+1+1,0,2.5455,2.4,2.67,-0.1964,2,"MUN,NFO","FUL,LEE",AVL-FUL-LEE-NFO-TOT,5,1+1+1+1+1,0,2.4792,100.0,0.0,-0.2008,2.491561,False,
AVL-NFO-NFO-TOT-SUN,4,2+1+1+1,1,2.5455,2.4,2.67,-0.1964,2,"NFO,SUN","FUL,LEE",AVL-FUL-LEE-NFO-TOT,5,1+1+1+1+1,0,2.4792,100.0,0.0,-0.2008,2.491561,False,
BHA-MUN-NFO-NFO-TOT,4,2+1+1+1,0,2.5455,2.4,2.67,-0.1964,2,"MUN,TOT","BOU,LIV",BOU-BHA-LIV-NFO-NFO,4,2+1+1+1,0,2.4792,100.0,25.0,-0.147,2.491561,False,
BHA-NFO-NFO-TOT-SUN,4,2+1+1+1,1,2.5455,2.4,2.67,-0.1964,2,"SUN,TOT","BOU,LIV",BOU-BHA-LIV-NFO-NFO,4,2+1+1+1,0,2.4792,100.0,25.0,-0.147,2.491561,False,
ARS-ARS-AVL-LIV-MUN,4,2+1+1+1,0,2.5455,2.4,2.67,-0.1,2,"ARS,MUN","BOU,COV",ARS-AVL-BOU-COV-LIV,5,1+1+1+1+1,0,2.4792,100.0,12.5,-0.124,2.491561,False,
ARS-ARS-AVL-LIV-SUN,4,2+1+1+1,1,2.5455,2.4,2.67,-0.1,2,"ARS,SUN","BOU,COV",ARS-AVL-BOU-COV-LIV,5,1+1+1+1+1,0,2.4792,100.0,12.5,-0.124,2.491561,False,
ARS-ARS-AVL-MCI-MUN,4,2+1+1+1,0,2.5455,2.4,2.67,-0.1,2,"ARS,MUN","COV,LIV",ARS-AVL-COV-LIV-MCI,5,1+1+1+1+1,0,2.4792,100.0,12.5,-0.0988,2.491561,False,
ARS-ARS-AVL-MCI-SUN,4,2+1+1+1,1,2.5455,2.4,2.67,-0.1,2,"ARS,SUN","COV,LIV",ARS-AVL-COV-LIV-MCI,5,1+1+1+1+1,0,2.4792,100.0,12.5,-0.0988,2.491561,False,
ARS-ARS-BHA-LIV-SUN,4,2+1+1+1,1,2.5455,2.4,2.67,-0.1,2,"ARS,ARS","COV,MCI",BHA-COV-LIV-MCI-SUN,5,1+1+1+1+1,1,2.4792,100.0,25.0,-0.1292,2.491561,False,
ARS-ARS-BHA-MCI-SUN,4,2+1+1+1,1,2.5455,2.4,2.67,-0.1,2,"ARS,ARS","COV,LIV",BHA-COV-LIV-MCI-SUN,5,1+1+1+1+1,1,2.4792,100.0,25.0,-0.1292,2.491561,False,
AVL-IPS-IPS-MCI-MUN,4,2+1+1+1,0,2.5455,2.4,2.67,-0.1,2,"IPS,MUN","CHE,NFO",AVL-CHE-IPS-MCI-NFO,5,1+1+1+1+1,0,2.4792,100.0,18.8,-0.0641,2.491561,False,
BRE-EVE-NFO-NFO-SUN,4,2+1+1+1,1,2.5455,2.4,2.67,-0.1,2,"BRE,NFO","BOU,COV",BOU-COV-EVE-NFO-SUN,5,1+1+1+1+1,1,2.4792,100.0,31.2,-0.0867,2.491561,False,
EVE-MCI-NFO-NFO-SUN,4,2+1+1+1,1,2.5455,2.4,2.67,-0.1,2,"NFO,NFO","CHE,COV",CHE-COV-EVE-MCI-SUN,5,1+1+1+1+1,1,2.4792,100.0,12.5,-0.1133,2.491561,False,
IPS-IPS-LEE-MCI-MUN,4,2+1+1+1,0,2.5455,2.4,2.67,-0.1,2,"IPS,MUN","COV,FUL",COV-FUL-IPS-LEE-MCI,5,1+1+1+1+1,0,2.4792,100.0,18.8,-0.1204,2.491561,False,
ARS-AVL-MUN-NFO-TOT,5,1+1+1+1+1,0,2.5455,2.4,2.67,-0.0732,2,"ARS,MUN","FUL,LEE",AVL-FUL-LEE-NFO-TOT,5,1+1+1+1+1,0,2.4792,100.0,0.0,-0.2008,2.491561,False,
ARS-AVL-NFO-TOT-SUN,5,1+1+1+1+1,1,2.5455,2.4,2.67,-0.0732,2,"ARS,SUN","FUL,LEE",AVL-FUL-LEE-NFO-TOT,5,1+1+1+1+1,0,2.4792,100.0,0.0,-0.2008,2.491561,False,
ARS-BHA-NFO-TOT-SUN,5,1+1+1+1+1,1,2.5455,2.4,2.67,-0.0732,2,"ARS,BHA","BOU,CHE",BOU-CHE-NFO-TOT-SUN,5,1+1+1+1+1,1,2.4792,100.0,12.5,-0.1412,2.491561,False,
AVL-IPS-MUN-NFO-TOT,5,1+1+1+1+1,0,2.5455,2.4,2.67,-0.0732,2,"IPS,MUN","FUL,LEE",AVL-FUL-LEE-NFO-TOT,5,1+1+1+1+1,0,2.4792,100.0,0.0,-0.2008,2.491561,False,
ARS-ARS-CHE-LIV-SUN,4,2+1+1+1,1,2.5455,2.4,2.67,-0.0622,2,"ARS,ARS","BOU,NFO",BOU-CHE-LIV-NFO-SUN,5,1+1+1+1+1,1,2.4792,100.0,18.8,-0.0575,2.491561,False,
ARS-ARS-CHE-MCI-SUN,4,2+1+1+1,1,2.5455,2.4,2.67,-0.0622,2,"ARS,ARS","COV,EVE",CHE-COV-EVE-MCI-SUN,5,1+1+1+1+1,1,2.4792,100.0,12.5,-0.1133,2.491561,False,
CHE-IPS-IPS-LIV-MUN,4,2+1+1+1,0,2.5455,2.4,2.67,-0.0622,2,"IPS,MUN","BOU,NEW",BOU-CHE-IPS-LIV-NEW,5,1+1+1+1+1,0,2.4792,100.0,12.5,-0.1874,2.491561,False,
CHE-IPS-IPS-MCI-MUN,4,2+1+1+1,0,2.5455,2.4,2.67,-0.0622,2,"IPS,MUN","LIV,NEW",CHE-IPS-LIV-MCI-NEW,5,1+1+1+1+1,0,2.4792,100.0,12.5,-0.1753,2.491561,False,
BHA-CHE-MUN-NFO-NFO,4,2+1+1+1,0,2.5455,2.4,2.67,-0.0558,2,"CHE,MUN","BOU,LIV",BOU-BHA-LIV-NFO-NFO,4,2+1+1+1,0,2.4792,100.0,25.0,-0.147,2.491561,False,
BHA-CHE-NFO-NFO-SUN,4,2+1+1+1,1,2.5455,2.4,2.67,-0.0558,2,"CHE,SUN","BOU,LIV",BOU-BHA-LIV-NFO-NFO,4,2+1+1+1,0,2.4792,100.0,25.0,-0.147,2.491561,False,
AVL-CRY-NFO-SUN-SUN,4,2+1+1+1,2,2.5455,2.4,2.67,-0.05,2,"SUN,SUN","BOU,LIV",AVL-BOU-CRY-LIV-NFO,5,1+1+1+1+1,0,2.4792,93.8,12.5,-0.1217,2.491561,False,
BHA-CRY-MUN-MUN-NFO,4,2+1+1+1,0,2.5455,2.4,2.67,-0.05,2,"MUN,MUN","BOU,LIV",BOU-BHA-CRY-LIV-NFO,5,1+1+1+1+1,0,2.4792,100.0,18.8,-0.1001,2.491561,False,
BHA-CRY-NFO-SUN-SUN,4,2+1+1+1,2,2.5455,2.4,2.67,-0.05,2,"SUN,SUN","BOU,LIV",BOU-BHA-CRY-LIV-NFO,5,1+1+1+1+1,0,2.4792,100.0,18.8,-0.1001,2.491561,False,
ARS-AVL-IPS-LIV-MUN,5,1+1+1+1+1,0,2.5455,2.4,2.67,0.0,2,"IPS,MUN","BOU,COV",ARS-AVL-BOU-COV-LIV,5,1+1+1+1+1,0,2.4792,100.0,12.5,-0.124,2.491561,False,
ARS-AVL-IPS-MCI-MUN,5,1+1+1+1+1,0,2.5455,2.4,2.67,0.0,2,"IPS,MUN","COV,LIV",ARS-AVL-COV-LIV-MCI,5,1+1+1+1+1,0,2.4792,100.0,12.5,-0.0988,2.491561,False,
ARS-IPS-LEE-MCI-MUN,5,1+1+1+1+1,0,2.5455,2.4,2.67,0.0,2,"ARS,MUN","COV,FUL",COV-FUL-IPS-LEE-MCI,5,1+1+1+1+1,0,2.4792,100.0,18.8,-0.1204,2.491561,False,
AVL-BRE-MUN-NFO-NFO,4,2+1+1+1,0,2.5455,2.4,2.67,0.0,2,"MUN,NFO","BOU,COV",AVL-BOU-BRE-COV-NFO,5,1+1+1+1+1,0,2.4792,100.0,18.8,-0.14,2.491561,False,
AVL-BRE-NFO-NFO-SUN,4,2+1+1+1,1,2.5455,2.4,2.67,0.0,2,"NFO,SUN","BOU,COV",AVL-BOU-BRE-COV-NFO,5,1+1+1+1+1,0,2.4792,100.0,18.8,-0.14,2.491561,False,
BRE-BHA-MUN-NFO-NFO,4,2+1+1+1,0,2.5455,2.4,2.67,0.0,2,"BRE,MUN","BOU,LIV",BOU-BHA-LIV-NFO-NFO,4,2+1+1+1,0,2.4792,100.0,25.0,-0.147,2.491561,False,
BRE-BHA-NFO-NFO-SUN,4,2+1+1+1,1,2.5455,2.4,2.67,0.0,2,"BRE,SUN","BOU,LIV",BOU-BHA-LIV-NFO-NFO,4,2+1+1+1,0,2.4792,100.0,25.0,-0.147,2.491561,False,
BHA-LIV-MUN-NFO-NFO,4,2+1+1+1,0,2.5455,2.4,2.67,0.0,2,"MUN,NFO","BOU,NEW",BOU-BHA-LIV-NEW-NFO,5,1+1+1+1+1,0,2.4792,100.0,12.5,-0.1525,2.491561,False,
BHA-LIV-NFO-NFO-SUN,4,2+1+1+1,1,2.5455,2.4,2.67,0.0,2,"NFO,SUN","BOU,NEW",BOU-BHA-LIV-NEW-NFO,5,1+1+1+1+1,0,2.4792,100.0,12.5,-0.1525,2.491561,False,
BHA-MCI-MUN-NFO-NFO,4,2+1+1+1,0,2.5455,2.4,2.67,0.0,2,"MCI,MUN","BOU,LIV",BOU-BHA-LIV-NFO-NFO,4,2+1+1+1,0,2.4792,100.0,25.0,-0.147,2.491561,False,
BHA-MCI-NFO-NFO-SUN,4,2+1+1+1,1,2.5455,2.4,2.67,0.0,2,"MCI,SUN","BOU,LIV",BOU-BHA-LIV-NFO-NFO,4,2+1+1+1,0,2.4792,100.0,25.0,-0.147,2.491561,False,
EVE-MUN-NFO-NFO-TOT,4,2+1+1+1,0,2.5455,2.4,2.67,0.0268,2,"MUN,NFO","CHE,FUL",CHE-EVE-FUL-NFO-TOT,5,1+1+1+1+1,0,2.4792,100.0,6.2,-0.1683,2.491561,False,
EVE-NFO-NFO-TOT-SUN,4,2+1+1+1,1,2.5455,2.4,2.67,0.0268,2,"NFO,SUN","CHE,FUL",CHE-EVE-FUL-NFO-TOT,5,1+1+1+1+1,0,2.4792,100.0,6.2,-0.1683,2.491561,False,
ARS-AVL-BRE-MUN-NFO,5,1+1+1+1+1,0,2.5455,2.4,2.67,0.0366,2,"ARS,MUN","BOU,COV",AVL-BOU-BRE-COV-NFO,5,1+1+1+1+1,0,2.4792,100.0,18.8,-0.14,2.491561,False,
ARS-AVL-BRE-NFO-SUN,5,1+1+1+1+1,1,2.5455,2.4,2.67,0.0366,2,"ARS,SUN","BOU,COV",AVL-BOU-BRE-COV-NFO,5,1+1+1+1+1,0,2.4792,100.0,18.8,-0.14,2.491561,False,
ARS-BRE-EVE-NFO-SUN,5,1+1+1+1+1,1,2.5455,2.4,2.67,0.0366,2,"ARS,BRE","BOU,COV",BOU-COV-EVE-NFO-SUN,5,1+1+1+1+1,1,2.4792,100.0,31.2,-0.0867,2.491561,False,
ARS-BHA-LIV-MUN-NFO,5,1+1+1+1+1,0,2.5455,2.4,2.67,0.0366,2,"ARS,MUN","BOU,NEW",BOU-BHA-LIV-NEW-NFO,5,1+1+1+1+1,0,2.4792,100.0,12.5,-0.1525,2.491561,False,
ARS-BHA-LIV-NFO-SUN,5,1+1+1+1+1,1,2.5455,2.4,2.67,0.0366,2,"ARS,SUN","BOU,NEW",BOU-BHA-LIV-NEW-NFO,5,1+1+1+1+1,0,2.4792,100.0,12.5,-0.1525,2.491561,False,
ARS-BHA-MCI-MUN-NFO,5,1+1+1+1+1,0,2.5455,2.4,2.67,0.0366,2,"ARS,MUN","LIV,NEW",BHA-LIV-MCI-NEW-NFO,5,1+1+1+1+1,0,2.4792,100.0,12.5,-0.1303,2.491561,False,
ARS-BHA-MCI-NFO-SUN,5,1+1+1+1+1,1,2.5455,2.4,2.67,0.0366,2,"ARS,SUN","LIV,NEW",BHA-LIV-MCI-NEW-NFO,5,1+1+1+1+1,0,2.4792,100.0,12.5,-0.1303,2.491561,False,
ARS-EVE-MCI-NFO-SUN,5,1+1+1+1+1,1,2.5455,2.4,2.67,0.0366,2,"ARS,NFO","CHE,COV",CHE-COV-EVE-MCI-SUN,5,1+1+1+1+1,1,2.4792,100.0,12.5,-0.1133,2.491561,False,
AVL-BRE-IPS-MUN-NFO,5,1+1+1+1+1,0,2.5455,2.4,2.67,0.0366,2,"IPS,MUN","BOU,COV",AVL-BOU-BRE-COV-NFO,5,1+1+1+1+1,0,2.4792,100.0,18.8,-0.14,2.491561,False,
BHA-IPS-LIV-MUN-NFO,5,1+1+1+1+1,0,2.5455,2.4,2.67,0.0366,2,"IPS,MUN","BOU,NEW",BOU-BHA-LIV-NEW-NFO,5,1+1+1+1+1,0,2.4792,100.0,12.5,-0.1525,2.491561,False,
BHA-IPS-MCI-MUN-NFO,5,1+1+1+1+1,0,2.5455,2.4,2.67,0.0366,2,"IPS,MUN","LIV,NEW",BHA-LIV-MCI-NEW-NFO,5,1+1+1+1+1,0,2.4792,100.0,12.5,-0.1303,2.491561,False,
EVE-IPS-MCI-MUN-NFO,5,1+1+1+1+1,0,2.5455,2.4,2.67,0.0366,2,"EVE,MUN","CHE,LIV",CHE-IPS-LIV-MCI-NFO,5,1+1+1+1+1,0,2.4792,100.0,12.5,-0.0652,2.491561,False,
ARS-CHE-IPS-LIV-MUN,5,1+1+1+1+1,0,2.5455,2.4,2.67,0.0378,2,"ARS,MUN","BOU,NEW",BOU-CHE-IPS-LIV-NEW,5,1+1+1+1+1,0,2.4792,100.0,12.5,-0.1874,2.491561,False,
ARS-CHE-IPS-MCI-MUN,5,1+1+1+1+1,0,2.5455,2.4,2.67,0.0378,2,"ARS,MUN","LIV,NEW",CHE-IPS-LIV-MCI-NEW,5,1+1+1+1+1,0,2.4792,100.0,12.5,-0.1753,2.491561,False,
BHA-CRY-MUN-NFO-SUN,5,1+1+1+1+1,1,2.5455,2.4,2.67,0.05,2,"MUN,SUN","BOU,LIV",BOU-BHA-CRY-LIV-NFO,5,1+1+1+1+1,0,2.4792,100.0,18.8,-0.1001,2.491561,False,
ARS-BHA-CHE-MUN-NFO,5,1+1+1+1+1,0,2.5455,2.4,2.67,0.0825,2,"ARS,MUN","BOU,NFO",BOU-BHA-CHE-NFO-NFO,4,2+1+1+1,0,2.4792,100.0,18.8,-0.1158,2.491561,False,
ARS-BHA-CHE-NFO-SUN,5,1+1+1+1+1,1,2.5455,2.4,2.67,0.0825,2,"ARS,BHA","BOU,TOT",BOU-CHE-NFO-TOT-SUN,5,1+1+1+1+1,1,2.4792,100.0,12.5,-0.1412,2.491561,False,
BHA-CHE-IPS-MUN-NFO,5,1+1+1+1+1,0,2.5455,2.4,2.67,0.0825,2,"BHA,MUN","BOU,FUL",BOU-CHE-FUL-IPS-NFO,5,1+1+1+1+1,0,2.4792,100.0,6.2,-0.1258,2.491561,False,
ARS-EVE-MUN-NFO-TOT,5,1+1+1+1+1,0,2.5455,2.4,2.67,0.25,2,"ARS,MUN","CHE,FUL",CHE-EVE-FUL-NFO-TOT,5,1+1+1+1+1,0,2.4792,100.0,6.2,-0.1683,2.491561,False,
ARS-EVE-NFO-TOT-SUN,5,1+1+1+1+1,1,2.5455,2.4,2.67,0.25,2,"ARS,SUN","CHE,FUL",CHE-EVE-FUL-NFO-TOT,5,1+1+1+1+1,0,2.4792,100.0,6.2,-0.1683,2.491561,False,
EVE-IPS-MUN-NFO-TOT,5,1+1+1+1+1,0,2.5455,2.4,2.67,0.25,2,"IPS,MUN","CHE,FUL",CHE-EVE-FUL-NFO-TOT,5,1+1+1+1+1,0,2.4792,100.0,6.2,-0.1683,2.491561,False,
ARS-ARS-CHE-TOT-SUN,4,2+1+1+1,1,2.5455,2.4,2.67,0.2579,2,"ARS,ARS","BOU,NFO",BOU-CHE-NFO-TOT-SUN,5,1+1+1+1+1,1,2.4792,100.0,12.5,-0.1412,2.491561,False,
CHE-IPS-IPS-MUN-TOT,4,2+1+1+1,0,2.5455,2.4,2.67,0.2579,2,"IPS,MUN","FUL,MCI",CHE-FUL-IPS-MCI-TOT,5,1+1+1+1+1,0,2.4792,100.0,18.8,-0.1129,2.491561,False,
ARS-CHE-CHE-NFO-SUN,4,2+1+1+1,1,2.5455,2.4,2.67,0.2979,2,"ARS,CHE","BOU,TOT",BOU-CHE-NFO-TOT-SUN,5,1+1+1+1+1,1,2.4792,100.0,12.5,-0.1412,2.491561,False,
CHE-CHE-IPS-MUN-NFO,4,2+1+1+1,0,2.5455,2.4,2.67,0.2979,2,"CHE,MUN","BOU,FUL",BOU-CHE-FUL-IPS-NFO,5,1+1+1+1+1,0,2.4792,100.0,6.2,-0.1258,2.491561,False,
ARS-CHE-IPS-MUN-TOT,5,1+1+1+1+1,0,2.5455,2.4,2.67,0.3579,2,"ARS,MUN","FUL,MCI",CHE-FUL-IPS-MCI-TOT,5,1+1+1+1+1,0,2.4792,100.0,18.8,-0.1129,2.491561,False,
EVE-EVE-MUN-NFO-SUN,4,2+1+1+1,1,2.5455,2.4,2.67,0.5,2,"EVE,MUN","BOU,COV",BOU-COV-EVE-NFO-SUN,5,1+1+1+1+1,1,2.4792,100.0,31.2,-0.0867,2.491561,False,
ARS-CHE-EVE-SUN-SUN,4,2+1+1+1,2,2.5455,2.4,2.67,0.6524,2,"ARS,SUN","COV,MCI",CHE-COV-EVE-MCI-SUN,5,1+1+1+1+1,1,2.4792,100.0,12.5,-0.1133,2.491561,False,
CHE-EVE-IPS-MUN-MUN,4,2+1+1+1,0,2.5455,2.4,2.67,0.6524,2,"MUN,MUN","BOU,COV",BOU-CHE-COV-EVE-IPS,5,1+1+1+1+1,0,2.4792,100.0,18.8,-0.052,2.491561,False,
ARS-CHE-EVE-MUN-SUN,5,1+1+1+1+1,1,2.5455,2.4,2.67,0.7524,2,"ARS,MUN","COV,MCI",CHE-COV-EVE-MCI-SUN,5,1+1+1+1+1,1,2.4792,100.0,12.5,-0.1133,2.491561,False,
ARS-LIV-NFO-TOT-TOT,4,2+1+1+1,0,2.5455,2.6,2.5,-0.3366,2,"TOT,TOT","AVL,BOU",ARS-AVL-BOU-LIV-NFO,5,1+1+1+1+1,0,2.4792,100.0,12.5,-0.1091,2.491561,False,
ARS-MCI-NFO-TOT-TOT,4,2+1+1+1,0,2.5455,2.6,2.5,-0.3366,2,"ARS,TOT","CHE,NEW",CHE-MCI-NEW-NFO-TOT,5,1+1+1+1+1,0,2.4792,100.0,18.8,-0.0976,2.491561,False,
IPS-LIV-NFO-TOT-TOT,4,2+1+1+1,0,2.5455,2.6,2.5,-0.3366,2,"TOT,TOT","BOU,CHE",BOU-CHE-IPS-LIV-NFO,5,1+1+1+1+1,0,2.4792,100.0,12.5,-0.1093,2.491561,False,
IPS-MCI-NFO-TOT-TOT,4,2+1+1+1,0,2.5455,2.6,2.5,-0.3366,2,"NFO,TOT","CHE,FUL",CHE-FUL-IPS-MCI-TOT,5,1+1+1+1+1,0,2.4792,100.0,18.8,-0.1129,2.491561,False,
ARS-ARS-LIV-MCI-TOT,4,2+1+1+1,0,2.5455,2.6,2.5,-0.3,2,"ARS,TOT","AVL,COV",ARS-AVL-COV-LIV-MCI,5,1+1+1+1+1,0,2.4792,100.0,12.5,-0.0988,2.491561,False,
ARS-EVE-LIV-LIV-MUN,4,2+1+1+1,0,2.5455,2.6,2.5,-0.3,2,"LIV,MUN","BOU,COV",ARS-BOU-COV-EVE-LIV,5,1+1+1+1+1,0,2.4792,100.0,18.8,-0.0922,2.491561,False,
ARS-EVE-LIV-LIV-SUN,4,2+1+1+1,1,2.5455,2.6,2.5,-0.3,2,"LIV,SUN","BOU,COV",ARS-BOU-COV-EVE-LIV,5,1+1+1+1+1,0,2.4792,100.0,18.8,-0.0922,2.491561,False,
ARS-EVE-MCI-MCI-SUN,4,2+1+1+1,1,2.5455,2.6,2.5,-0.3,2,"ARS,MCI","CHE,COV",CHE-COV-EVE-MCI-SUN,5,1+1+1+1+1,1,2.4792,100.0,12.5,-0.1133,2.491561,False,
ARS-IPS-MCI-MCI-TOT,4,2+1+1+1,0,2.5455,2.6,2.5,-0.3,2,"ARS,MCI","CHE,FUL",CHE-FUL-IPS-MCI-TOT,5,1+1+1+1+1,0,2.4792,100.0,18.8,-0.1129,2.491561,False,
ARS-IPS-MCI-TOT-TOT,4,2+1+1+1,0,2.5455,2.6,2.5,-0.3,2,"ARS,TOT","CHE,FUL",CHE-FUL-IPS-MCI-TOT,5,1+1+1+1+1,0,2.4792,100.0,18.8,-0.1129,2.491561,False,
BRE-BRE-EVE-NFO-SUN,4,2+1+1+1,1,2.5455,2.6,2.5,-0.3,2,"BRE,BRE","BOU,COV",BOU-COV-EVE-NFO-SUN,5,1+1+1+1+1,1,2.4792,100.0,31.2,-0.0867,2.491561,False,
EVE-IPS-MCI-MCI-MUN,4,2+1+1+1,0,2.5455,2.6,2.5,-0.3,2,"MCI,MUN","CHE,COV",CHE-COV-EVE-IPS-MCI,5,1+1+1+1+1,0,2.4792,100.0,18.8,-0.0363,2.491561,False,
EVE-MCI-MCI-NFO-SUN,4,2+1+1+1,1,2.5455,2.6,2.5,-0.3,2,"MCI,NFO","CHE,COV",CHE-COV-EVE-MCI-SUN,5,1+1+1+1+1,1,2.4792,100.0,12.5,-0.1133,2.491561,False,
IPS-IPS-LIV-MCI-TOT,4,2+1+1+1,0,2.5455,2.6,2.5,-0.3,2,"IPS,TOT","CHE,NEW",CHE-IPS-LIV-MCI-NEW,5,1+1+1+1+1,0,2.4792,100.0,12.5,-0.1753,2.491561,False,
AVL-AVL-MUN-NFO-TOT,4,2+1+1+1,0,2.5455,2.6,2.5,-0.283,2,"AVL,MUN","FUL,LEE",AVL-FUL-LEE-NFO-TOT,5,1+1+1+1+1,0,2.4792,100.0,0.0,-0.2008,2.491561,False,
AVL-AVL-NFO-TOT-SUN,4,2+1+1+1,1,2.5455,2.6,2.5,-0.283,2,"AVL,SUN","FUL,LEE",AVL-FUL-LEE-NFO-TOT,5,1+1+1+1+1,0,2.4792,100.0,0.0,-0.2008,2.491561,False,
BHA-BHA-NFO-TOT-SUN,4,2+1+1+1,1,2.5455,2.6,2.5,-0.283,2,"BHA,BHA","BOU,CHE",BOU-CHE-NFO-TOT-SUN,5,1+1+1+1+1,1,2.4792,100.0,12.5,-0.1412,2.491561,False,
ARS-LIV-LIV-NFO-TOT,4,2+1+1+1,0,2.5455,2.6,2.5,-0.25,2,"LIV,TOT","AVL,BOU",ARS-AVL-BOU-LIV-NFO,5,1+1+1+1+1,0,2.4792,100.0,12.5,-0.1091,2.491561,False,
ARS-MCI-MCI-NFO-TOT,4,2+1+1+1,0,2.5455,2.6,2.5,-0.25,2,"ARS,MCI","CHE,NEW",CHE-MCI-NEW-NFO-TOT,5,1+1+1+1+1,0,2.4792,100.0,18.8,-0.0976,2.491561,False,
IPS-LEE-MCI-MCI-MUN,4,2+1+1+1,0,2.5455,2.6,2.5,-0.25,2,"MCI,MUN","COV,FUL",COV-FUL-IPS-LEE-MCI,5,1+1+1+1+1,0,2.4792,100.0,18.8,-0.1204,2.491561,False,
IPS-LIV-LIV-NFO-TOT,4,2+1+1+1,0,2.5455,2.6,2.5,-0.25,2,"LIV,TOT","BOU,CHE",BOU-CHE-IPS-LIV-NFO,5,1+1+1+1+1,0,2.4792,100.0,12.5,-0.1093,2.491561,False,
IPS-MCI-MCI-NFO-TOT,4,2+1+1+1,0,2.5455,2.6,2.5,-0.25,2,"MCI,NFO","CHE,FUL",CHE-FUL-IPS-MCI-TOT,5,1+1+1+1+1,0,2.4792,100.0,18.8,-0.1129,2.491561,False,
CRY-MUN-NFO-TOT-TOT,4,2+1+1+1,0,2.5455,2.6,2.5,-0.2366,2,"MUN,TOT","BOU,FUL",BOU-CRY-FUL-NFO-TOT,5,1+1+1+1+1,0,2.4792,100.0,18.8,-0.177,2.491561,False,
CRY-NFO-TOT-TOT-SUN,4,2+1+1+1,1,2.5455,2.6,2.5,-0.2366,2,"SUN,TOT","BOU,FUL",BOU-CRY-FUL-NFO-TOT,5,1+1+1+1+1,0,2.4792,100.0,18.8,-0.177,2.491561,False,
ARS-BRE-BRE-CHE-NFO,4,2+1+1+1,0,2.5455,2.6,2.5,-0.2162,2,"ARS,BRE","AVL,BOU",AVL-BOU-BRE-CHE-NFO,5,1+1+1+1+1,0,2.4792,100.0,6.2,-0.1001,2.491561,False,
BRE-BRE-CHE-IPS-NFO,4,2+1+1+1,0,2.5455,2.6,2.5,-0.2162,2,"BRE,BRE","BOU,FUL",BOU-CHE-FUL-IPS-NFO,5,1+1+1+1+1,0,2.4792,100.0,6.2,-0.1258,2.491561,False,
BHA-BHA-CHE-MUN-NFO,4,2+1+1+1,0,2.5455,2.6,2.5,-0.2078,2,"BHA,MUN","BOU,NFO",BOU-BHA-CHE-NFO-NFO,4,2+1+1+1,0,2.4792,100.0,18.8,-0.1158,2.491561,False,
BHA-BHA-CHE-NFO-SUN,4,2+1+1+1,1,2.5455,2.6,2.5,-0.2078,2,"BHA,BHA","BOU,TOT",BOU-CHE-NFO-TOT-SUN,5,1+1+1+1+1,1,2.4792,100.0,12.5,-0.1412,2.491561,False,
ARS-AVL-AVL-CHE-MUN,4,2+1+1+1,0,2.5455,2.6,2.5,-0.2062,2,"ARS,MUN","COV,LEE",AVL-AVL-CHE-COV-LEE,4,2+1+1+1,0,2.4792,100.0,31.2,-0.1583,2.491561,False,
ARS-AVL-AVL-CHE-SUN,4,2+1+1+1,1,2.5455,2.6,2.5,-0.2062,2,"ARS,SUN","COV,LEE",AVL-AVL-CHE-COV-LEE,4,2+1+1+1,0,2.4792,100.0,31.2,-0.1583,2.491561,False,
AVL-AVL-CHE-IPS-MUN,4,2+1+1+1,0,2.5455,2.6,2.5,-0.2062,2,"IPS,MUN","COV,LEE",AVL-AVL-CHE-COV-LEE,4,2+1+1+1,0,2.4792,100.0,31.2,-0.1583,2.491561,False,
ARS-BRE-EVE-LIV-MUN,5,1+1+1+1+1,0,2.5455,2.6,2.5,-0.2,2,"BRE,MUN","BOU,COV",ARS-BOU-COV-EVE-LIV,5,1+1+1+1+1,0,2.4792,100.0,18.8,-0.0922,2.491561,False,
ARS-BRE-EVE-LIV-SUN,5,1+1+1+1+1,1,2.5455,2.6,2.5,-0.2,2,"BRE,SUN","BOU,COV",ARS-BOU-COV-EVE-LIV,5,1+1+1+1+1,0,2.4792,100.0,18.8,-0.0922,2.491561,False,
ARS-BRE-EVE-MCI-SUN,5,1+1+1+1+1,1,2.5455,2.6,2.5,-0.2,2,"ARS,BRE","CHE,COV",CHE-COV-EVE-MCI-SUN,5,1+1+1+1+1,1,2.4792,100.0,12.5,-0.1133,2.491561,False,
ARS-IPS-LIV-MCI-TOT,5,1+1+1+1+1,0,2.5455,2.6,2.5,-0.2,2,"ARS,TOT","CHE,NEW",CHE-IPS-LIV-MCI-NEW,5,1+1+1+1+1,0,2.4792,100.0,12.5,-0.1753,2.491561,False,
BRE-EVE-IPS-MCI-MUN,5,1+1+1+1+1,0,2.5455,2.6,2.5,-0.2,2,"BRE,MUN","CHE,COV",CHE-COV-EVE-IPS-MCI,5,1+1+1+1+1,0,2.4792,100.0,18.8,-0.0363,2.491561,False,
BRE-EVE-MCI-NFO-SUN,5,1+1+1+1+1,1,2.5455,2.6,2.5,-0.2,2,"BRE,NFO","CHE,COV",CHE-COV-EVE-MCI-SUN,5,1+1+1+1+1,1,2.4792,100.0,12.5,-0.1133,2.491561,False,
CRY-IPS-MCI-MUN-TOT,5,1+1+1+1+1,0,2.5455,2.6,2.5,-0.2,2,"CRY,MUN","CHE,FUL",CHE-FUL-IPS-MCI-TOT,5,1+1+1+1+1,0,2.4792,100.0,18.8,-0.1129,2.491561,False,
CRY-MCI-MUN-NFO-TOT,5,1+1+1+1+1,0,2.5455,2.6,2.5,-0.2,2,"MCI,MUN","BOU,FUL",BOU-CRY-FUL-NFO-TOT,5,1+1+1+1+1,0,2.4792,100.0,18.8,-0.177,2.491561,False,
CRY-MCI-NFO-TOT-SUN,5,1+1+1+1+1,1,2.5455,2.6,2.5,-0.2,2,"MCI,SUN","BOU,FUL",BOU-CRY-FUL-NFO-TOT,5,1+1+1+1+1,0,2.4792,100.0,18.8,-0.177,2.491561,False,
ARS-LEE-LIV-MCI-MUN,5,1+1+1+1+1,0,2.5455,2.6,2.5,-0.15,2,"LEE,MUN","AVL,COV",ARS-AVL-COV-LIV-MCI,5,1+1+1+1+1,0,2.4792,100.0,12.5,-0.0988,2.491561,False,
ARS-LEE-LIV-MCI-SUN,5,1+1+1+1+1,1,2.5455,2.6,2.5,-0.15,2,"ARS,LEE","BHA,COV",BHA-COV-LIV-MCI-SUN,5,1+1+1+1+1,1,2.4792,100.0,25.0,-0.1292,2.491561,False,
BRE-IPS-LEE-MCI-MUN,5,1+1+1+1+1,0,2.5455,2.6,2.5,-0.15,2,"BRE,MUN","COV,FUL",COV-FUL-IPS-LEE-MCI,5,1+1+1+1+1,0,2.4792,100.0,18.8,-0.1204,2.491561,False,
IPS-LEE-LIV-MCI-MUN,5,1+1+1+1+1,0,2.5455,2.6,2.5,-0.15,2,"LEE,MUN","CHE,NEW",CHE-IPS-LIV-MCI-NEW,5,1+1+1+1+1,0,2.4792,100.0,12.5,-0.1753,2.491561,False,
IPS-LEE-MCI-MUN-TOT,5,1+1+1+1+1,0,2.5455,2.6,2.5,-0.15,2,"MUN,TOT","COV,FUL",COV-FUL-IPS-LEE-MCI,5,1+1+1+1+1,0,2.4792,100.0,18.8,-0.1204,2.491561,False,
ARS-AVL-EVE-LIV-MUN,5,1+1+1+1+1,0,2.5455,2.6,2.5,-0.1366,2,"EVE,MUN","BOU,COV",ARS-AVL-BOU-COV-LIV,5,1+1+1+1+1,0,2.4792,100.0,12.5,-0.124,2.491561,False,
ARS-AVL-EVE-LIV-SUN,5,1+1+1+1+1,1,2.5455,2.6,2.5,-0.1366,2,"EVE,SUN","BOU,COV",ARS-AVL-BOU-COV-LIV,5,1+1+1+1+1,0,2.4792,100.0,12.5,-0.124,2.491561,False,
ARS-AVL-EVE-MCI-MUN,5,1+1+1+1+1,0,2.5455,2.6,2.5,-0.1366,2,"EVE,MUN","COV,LIV",ARS-AVL-COV-LIV-MCI,5,1+1+1+1+1,0,2.4792,100.0,12.5,-0.0988,2.491561,False,
ARS-AVL-EVE-MCI-SUN,5,1+1+1+1+1,1,2.5455,2.6,2.5,-0.1366,2,"ARS,AVL","CHE,COV",CHE-COV-EVE-MCI-SUN,5,1+1+1+1+1,1,2.4792,100.0,12.5,-0.1133,2.491561,False,
ARS-BHA-EVE-LIV-MUN,5,1+1+1+1+1,0,2.5455,2.6,2.5,-0.1366,2,"ARS,MUN","COV,NFO",BHA-COV-EVE-LIV-NFO,5,1+1+1+1+1,0,2.4792,100.0,18.8,-0.1308,2.491561,False,
ARS-BHA-EVE-LIV-SUN,5,1+1+1+1+1,1,2.5455,2.6,2.5,-0.1366,2,"ARS,SUN","COV,NFO",BHA-COV-EVE-LIV-NFO,5,1+1+1+1+1,0,2.4792,100.0,18.8,-0.1308,2.491561,False,
ARS-BHA-EVE-MCI-SUN,5,1+1+1+1+1,1,2.5455,2.6,2.5,-0.1366,2,"ARS,EVE","COV,LIV",BHA-COV-LIV-MCI-SUN,5,1+1+1+1+1,1,2.4792,100.0,25.0,-0.1292,2.491561,False,
AVL-BRE-EVE-MUN-NFO,5,1+1+1+1+1,0,2.5455,2.6,2.5,-0.1366,2,"EVE,MUN","BOU,COV",AVL-BOU-BRE-COV-NFO,5,1+1+1+1+1,0,2.4792,100.0,18.8,-0.14,2.491561,False,
AVL-BRE-EVE-NFO-SUN,5,1+1+1+1+1,1,2.5455,2.6,2.5,-0.1366,2,"EVE,SUN","BOU,COV",AVL-BOU-BRE-COV-NFO,5,1+1+1+1+1,0,2.4792,100.0,18.8,-0.14,2.491561,False,
AVL-EVE-IPS-MCI-MUN,5,1+1+1+1+1,0,2.5455,2.6,2.5,-0.1366,2,"EVE,MUN","CHE,NFO",AVL-CHE-IPS-MCI-NFO,5,1+1+1+1+1,0,2.4792,100.0,18.8,-0.0641,2.491561,False,
BRE-BHA-EVE-MUN-NFO,5,1+1+1+1+1,0,2.5455,2.6,2.5,-0.1366,2,"BRE,MUN","COV,LIV",BHA-COV-EVE-LIV-NFO,5,1+1+1+1+1,0,2.4792,100.0,18.8,-0.1308,2.491561,False,
BRE-BHA-EVE-NFO-SUN,5,1+1+1+1+1,1,2.5455,2.6,2.5,-0.1366,2,"BRE,SUN","COV,LIV",BHA-COV-EVE-LIV-NFO,5,1+1+1+1+1,0,2.4792,100.0,18.8,-0.1308,2.491561,False,
BHA-EVE-IPS-LIV-MUN,5,1+1+1+1+1,0,2.5455,2.6,2.5,-0.1366,2,"IPS,MUN","COV,NFO",BHA-COV-EVE-LIV-NFO,5,1+1+1+1+1,0,2.4792,100.0,18.8,-0.1308,2.491561,False,
BHA-EVE-IPS-MCI-MUN,5,1+1+1+1+1,0,2.5455,2.6,2.5,-0.1366,2,"BHA,MUN","CHE,COV",CHE-COV-EVE-IPS-MCI,5,1+1+1+1+1,0,2.4792,100.0,18.8,-0.0363,2.491561,False,
BHA-EVE-MCI-MUN-NFO,5,1+1+1+1+1,0,2.5455,2.6,2.5,-0.1366,2,"MCI,MUN","COV,LIV",BHA-COV-EVE-LIV-NFO,5,1+1+1+1+1,0,2.4792,100.0,18.8,-0.1308,2.491561,False,
BHA-EVE-MCI-NFO-SUN,5,1+1+1+1+1,1,2.5455,2.6,2.5,-0.1366,2,"MCI,SUN","COV,LIV",BHA-COV-EVE-LIV-NFO,5,1+1+1+1+1,0,2.4792,100.0,18.8,-0.1308,2.491561,False,
EVE-MCI-MUN-NFO-TOT,5,1+1+1+1+1,0,2.5455,2.6,2.5,-0.1366,2,"MCI,MUN","CHE,FUL",CHE-EVE-FUL-NFO-TOT,5,1+1+1+1+1,0,2.4792,100.0,6.2,-0.1683,2.491561,False,
EVE-MCI-NFO-TOT-SUN,5,1+1+1+1+1,1,2.5455,2.6,2.5,-0.1366,2,"MCI,SUN","CHE,FUL",CHE-EVE-FUL-NFO-TOT,5,1+1+1+1+1,0,2.4792,100.0,6.2,-0.1683,2.491561,False,
ARS-AVL-LEE-MUN-TOT,5,1+1+1+1+1,0,2.5455,2.6,2.5,-0.1232,2,"ARS,MUN","FUL,NFO",AVL-FUL-LEE-NFO-TOT,5,1+1+1+1+1,0,2.4792,100.0,0.0,-0.2008,2.491561,False,
ARS-AVL-LEE-TOT-SUN,5,1+1+1+1+1,1,2.5455,2.6,2.5,-0.1232,2,"ARS,SUN","FUL,NFO",AVL-FUL-LEE-NFO-TOT,5,1+1+1+1+1,0,2.4792,100.0,0.0,-0.2008,2.491561,False,
AVL-IPS-LEE-MUN-TOT,5,1+1+1+1+1,0,2.5455,2.6,2.5,-0.1232,2,"IPS,MUN","FUL,NFO",AVL-FUL-LEE-NFO-TOT,5,1+1+1+1+1,0,2.4792,100.0,0.0,-0.2008,2.491561,False,
BRE-CHE-CRY-MUN-NFO,5,1+1+1+1+1,0,2.5455,2.6,2.5,-0.1217,2,"CRY,MUN","AVL,BOU",AVL-BOU-BRE-CHE-NFO,5,1+1+1+1+1,0,2.4792,100.0,6.2,-0.1001,2.491561,False,
BRE-CHE-CRY-NFO-SUN,5,1+1+1+1+1,1,2.5455,2.6,2.5,-0.1217,2,"BRE,CRY","BOU,TOT",BOU-CHE-NFO-TOT-SUN,5,1+1+1+1+1,1,2.4792,100.0,12.5,-0.1412,2.491561,False,
ARS-CHE-CRY-LIV-SUN,5,1+1+1+1+1,1,2.5455,2.6,2.5,-0.1067,2,"ARS,CRY","BOU,NFO",BOU-CHE-LIV-NFO-SUN,5,1+1+1+1+1,1,2.4792,100.0,18.8,-0.0575,2.491561,False,
ARS-CHE-CRY-MCI-SUN,5,1+1+1+1+1,1,2.5455,2.6,2.5,-0.1067,2,"ARS,CRY","COV,EVE",CHE-COV-EVE-MCI-SUN,5,1+1+1+1+1,1,2.4792,100.0,12.5,-0.1133,2.491561,False,
CHE-CRY-IPS-LIV-MUN,5,1+1+1+1+1,0,2.5455,2.6,2.5,-0.1067,2,"CRY,MUN","BOU,NEW",BOU-CHE-IPS-LIV-NEW,5,1+1+1+1+1,0,2.4792,100.0,12.5,-0.1874,2.491561,False,
CHE-CRY-IPS-MCI-MUN,5,1+1+1+1+1,0,2.5455,2.6,2.5,-0.1067,2,"CRY,MUN","LIV,NEW",CHE-IPS-LIV-MCI-NEW,5,1+1+1+1+1,0,2.4792,100.0,12.5,-0.1753,2.491561,False,
ARS-AVL-AVL-LIV-MUN,4,2+1+1+1,0,2.5455,2.6,2.5,-0.1,2,"AVL,MUN","BOU,COV",ARS-AVL-BOU-COV-LIV,5,1+1+1+1+1,0,2.4792,100.0,12.5,-0.124,2.491561,False,
ARS-AVL-AVL-LIV-SUN,4,2+1+1+1,1,2.5455,2.6,2.5,-0.1,2,"AVL,SUN","BOU,COV",ARS-AVL-BOU-COV-LIV,5,1+1+1+1+1,0,2.4792,100.0,12.5,-0.124,2.491561,False,
ARS-AVL-AVL-MCI-MUN,4,2+1+1+1,0,2.5455,2.6,2.5,-0.1,2,"AVL,MUN","COV,LIV",ARS-AVL-COV-LIV-MCI,5,1+1+1+1+1,0,2.4792,100.0,12.5,-0.0988,2.491561,False,
ARS-AVL-AVL-MCI-SUN,4,2+1+1+1,1,2.5455,2.6,2.5,-0.1,2,"AVL,SUN","COV,LIV",ARS-AVL-COV-LIV-MCI,5,1+1+1+1+1,0,2.4792,100.0,12.5,-0.0988,2.491561,False,
ARS-BHA-BHA-LIV-SUN,4,2+1+1+1,1,2.5455,2.6,2.5,-0.1,2,"ARS,BHA","COV,MCI",BHA-COV-LIV-MCI-SUN,5,1+1+1+1+1,1,2.4792,100.0,25.0,-0.1292,2.491561,False,
ARS-BHA-BHA-MCI-SUN,4,2+1+1+1,1,2.5455,2.6,2.5,-0.1,2,"ARS,BHA","COV,LIV",BHA-COV-LIV-MCI-SUN,5,1+1+1+1+1,1,2.4792,100.0,25.0,-0.1292,2.491561,False,
ARS-BHA-LEE-LIV-MUN,5,1+1+1+1+1,0,2.5455,2.6,2.5,-0.1,2,"ARS,MUN","AVL,NFO",AVL-BHA-LEE-LIV-NFO,5,1+1+1+1+1,0,2.4792,100.0,12.5,-0.1076,2.491561,False,
ARS-BHA-LEE-LIV-SUN,5,1+1+1+1+1,1,2.5455,2.6,2.5,-0.1,2,"ARS,LEE","COV,MCI",BHA-COV-LIV-MCI-SUN,5,1+1+1+1+1,1,2.4792,100.0,25.0,-0.1292,2.491561,False,
ARS-BHA-LEE-MCI-MUN,5,1+1+1+1+1,0,2.5455,2.6,2.5,-0.1,2,"ARS,MUN","COV,FUL",BHA-COV-FUL-LEE-MCI,5,1+1+1+1+1,0,2.4792,100.0,12.5,-0.149,2.491561,False,
ARS-BHA-LEE-MCI-SUN,5,1+1+1+1+1,1,2.5455,2.6,2.5,-0.1,2,"ARS,SUN","COV,FUL",BHA-COV-FUL-LEE-MCI,5,1+1+1+1+1,0,2.4792,100.0,12.5,-0.149,2.491561,False,
AVL-AVL-IPS-MCI-MUN,4,2+1+1+1,0,2.5455,2.6,2.5,-0.1,2,"AVL,MUN","CHE,NFO",AVL-CHE-IPS-MCI-NFO,5,1+1+1+1+1,0,2.4792,100.0,18.8,-0.0641,2.491561,False,
BHA-IPS-LEE-LIV-MUN,5,1+1+1+1+1,0,2.5455,2.6,2.5,-0.1,2,"IPS,MUN","AVL,NFO",AVL-BHA-LEE-LIV-NFO,5,1+1+1+1+1,0,2.4792,100.0,12.5,-0.1076,2.491561,False,
BHA-IPS-LEE-MCI-MUN,5,1+1+1+1+1,0,2.5455,2.6,2.5,-0.1,2,"IPS,MUN","COV,FUL",BHA-COV-FUL-LEE-MCI,5,1+1+1+1+1,0,2.4792,100.0,12.5,-0.149,2.491561,False,
AVL-EVE-MUN-NFO-TOT,5,1+1+1+1+1,0,2.5455,2.6,2.5,-0.0964,2,"EVE,MUN","FUL,LEE",AVL-FUL-LEE-NFO-TOT,5,1+1+1+1+1,0,2.4792,100.0,0.0,-0.2008,2.491561,False,
AVL-EVE-NFO-TOT-SUN,5,1+1+1+1+1,1,2.5455,2.6,2.5,-0.0964,2,"EVE,SUN","FUL,LEE",AVL-FUL-LEE-NFO-TOT,5,1+1+1+1+1,0,2.4792,100.0,0.0,-0.2008,2.491561,False,
BHA-EVE-MUN-NFO-TOT,5,1+1+1+1+1,0,2.5455,2.6,2.5,-0.0964,2,"BHA,MUN","CHE,FUL",CHE-EVE-FUL-NFO-TOT,5,1+1+1+1+1,0,2.4792,100.0,6.2,-0.1683,2.491561,False,
BHA-EVE-NFO-TOT-SUN,5,1+1+1+1+1,1,2.5455,2.6,2.5,-0.0964,2,"BHA,SUN","CHE,FUL",CHE-EVE-FUL-NFO-TOT,5,1+1+1+1+1,0,2.4792,100.0,6.2,-0.1683,2.491561,False,
ARS-CHE-LEE-MCI-SUN,5,1+1+1+1+1,1,2.5455,2.6,2.5,-0.0811,2,"ARS,LEE","COV,EVE",CHE-COV-EVE-MCI-SUN,5,1+1+1+1+1,1,2.4792,100.0,12.5,-0.1133,2.491561,False,
CHE-IPS-LEE-MCI-MUN,5,1+1+1+1+1,0,2.5455,2.6,2.5,-0.0811,2,"LEE,MUN","LIV,NEW",CHE-IPS-LIV-MCI-NEW,5,1+1+1+1+1,0,2.4792,100.0,12.5,-0.1753,2.491561,False,
CRY-MCI-MCI-MUN-NFO,4,2+1+1+1,0,2.5455,2.6,2.5,-0.0634,2,"MCI,MUN","BHA,LIV",BHA-CRY-LIV-MCI-NFO,5,1+1+1+1+1,0,2.4792,100.0,25.0,-0.0977,2.491561,False,
CRY-MCI-MCI-NFO-SUN,4,2+1+1+1,1,2.5455,2.6,2.5,-0.0634,2,"MCI,SUN","BHA,LIV",BHA-CRY-LIV-MCI-NFO,5,1+1+1+1+1,0,2.4792,100.0,25.0,-0.0977,2.491561,False,
ARS-CHE-CHE-LIV-SUN,4,2+1+1+1,1,2.5455,2.6,2.5,-0.0622,2,"ARS,CHE","BOU,NFO",BOU-CHE-LIV-NFO-SUN,5,1+1+1+1+1,1,2.4792,100.0,18.8,-0.0575,2.491561,False,
ARS-CHE-CHE-MCI-SUN,4,2+1+1+1,1,2.5455,2.6,2.5,-0.0622,2,"ARS,CHE","COV,EVE",CHE-COV-EVE-MCI-SUN,5,1+1+1+1+1,1,2.4792,100.0,12.5,-0.1133,2.491561,False,
CHE-CHE-IPS-LIV-MUN,4,2+1+1+1,0,2.5455,2.6,2.5,-0.0622,2,"CHE,MUN","BOU,NEW",BOU-CHE-IPS-LIV-NEW,5,1+1+1+1+1,0,2.4792,100.0,12.5,-0.1874,2.491561,False,
CHE-CHE-IPS-MCI-MUN,4,2+1+1+1,0,2.5455,2.6,2.5,-0.0622,2,"CHE,MUN","LIV,NEW",CHE-IPS-LIV-MCI-NEW,5,1+1+1+1+1,0,2.4792,100.0,12.5,-0.1753,2.491561,False,
AVL-EVE-LEE-MUN-MUN,4,2+1+1+1,0,2.5455,2.6,2.5,-0.0598,2,"MUN,MUN","CHE,COV",AVL-CHE-COV-EVE-LEE,5,1+1+1+1+1,0,2.4792,100.0,12.5,-0.128,2.491561,False,
AVL-EVE-LEE-SUN-SUN,4,2+1+1+1,2,2.5455,2.6,2.5,-0.0598,2,"SUN,SUN","CHE,COV",AVL-CHE-COV-EVE-LEE,5,1+1+1+1+1,0,2.4792,100.0,12.5,-0.128,2.491561,False,
ARS-CRY-LIV-MCI-MUN,5,1+1+1+1+1,0,2.5455,2.6,2.5,-0.05,2,"ARS,MUN","AVL,NEW",AVL-CRY-LIV-MCI-NEW,5,1+1+1+1+1,0,2.4792,100.0,12.5,-0.1535,2.491561,False,
ARS-CRY-LIV-MCI-SUN,5,1+1+1+1+1,1,2.5455,2.6,2.5,-0.05,2,"ARS,SUN","AVL,NEW",AVL-CRY-LIV-MCI-NEW,5,1+1+1+1+1,0,2.4792,100.0,12.5,-0.1535,2.491561,False,
ARS-EVE-LIV-MUN-TOT,5,1+1+1+1+1,0,2.5455,2.6,2.5,-0.05,2,"ARS,MUN","NEW,NFO",EVE-LIV-NEW-NFO-TOT,5,1+1+1+1+1,0,2.4792,100.0,25.0,-0.1014,2.491561,False,
ARS-EVE-LIV-TOT-SUN,5,1+1+1+1+1,1,2.5455,2.6,2.5,-0.05,2,"ARS,SUN","NEW,NFO",EVE-LIV-NEW-NFO-TOT,5,1+1+1+1+1,0,2.4792,100.0,25.0,-0.1014,2.491561,False,
ARS-EVE-MCI-TOT-SUN,5,1+1+1+1+1,1,2.5455,2.6,2.5,-0.05,2,"ARS,TOT","CHE,COV",CHE-COV-EVE-MCI-SUN,5,1+1+1+1+1,1,2.4792,100.0,12.5,-0.1133,2.491561,False,
CRY-IPS-LIV-MCI-MUN,5,1+1+1+1+1,0,2.5455,2.6,2.5,-0.05,2,"CRY,MUN","CHE,NEW",CHE-IPS-LIV-MCI-NEW,5,1+1+1+1+1,0,2.4792,100.0,12.5,-0.1753,2.491561,False,
EVE-IPS-LIV-MUN-TOT,5,1+1+1+1+1,0,2.5455,2.6,2.5,-0.05,2,"IPS,MUN","NEW,NFO",EVE-LIV-NEW-NFO-TOT,5,1+1+1+1+1,0,2.4792,100.0,25.0,-0.1014,2.491561,False,
EVE-IPS-MCI-MUN-TOT,5,1+1+1+1+1,0,2.5455,2.6,2.5,-0.05,2,"EVE,MUN","CHE,FUL",CHE-FUL-IPS-MCI-TOT,5,1+1+1+1+1,0,2.4792,100.0,18.8,-0.1129,2.491561,False,
AVL-CHE-CHE-IPS-MUN,4,2+1+1+1,0,2.5455,2.6,2.5,-0.0062,2,"CHE,MUN","BOU,NFO",AVL-BOU-CHE-IPS-NFO,5,1+1+1+1+1,0,2.4792,100.0,12.5,-0.117,2.491561,False,
ARS-ARS-BRE-LIV-MCI,4,2+1+1+1,0,2.5455,2.6,2.5,-0.0,2,"ARS,BRE","AVL,COV",ARS-AVL-COV-LIV-MCI,5,1+1+1+1+1,0,2.4792,100.0,12.5,-0.0988,2.491561,False,
ARS-IPS-LIV-LIV-MCI,4,2+1+1+1,0,2.5455,2.6,2.5,-0.0,2,"ARS,LIV","CHE,NEW",CHE-IPS-LIV-MCI-NEW,5,1+1+1+1+1,0,2.4792,100.0,12.5,-0.1753,2.491561,False,
ARS-IPS-LIV-MCI-MCI,4,2+1+1+1,0,2.5455,2.6,2.5,-0.0,2,"ARS,MCI","CHE,NEW",CHE-IPS-LIV-MCI-NEW,5,1+1+1+1+1,0,2.4792,100.0,12.5,-0.1753,2.491561,False,
AVL-AVL-BRE-MUN-NFO,4,2+1+1+1,0,2.5455,2.6,2.5,0.0,2,"AVL,MUN","BOU,COV",AVL-BOU-BRE-COV-NFO,5,1+1+1+1+1,0,2.4792,100.0,18.8,-0.14,2.491561,False,
AVL-AVL-BRE-NFO-SUN,4,2+1+1+1,1,2.5455,2.6,2.5,0.0,2,"AVL,SUN","BOU,COV",AVL-BOU-BRE-COV-NFO,5,1+1+1+1+1,0,2.4792,100.0,18.8,-0.14,2.491561,False,
BRE-IPS-IPS-LIV-MCI,4,2+1+1+1,0,2.5455,2.6,2.5,-0.0,2,"BRE,IPS","CHE,NEW",CHE-IPS-LIV-MCI-NEW,5,1+1+1+1+1,0,2.4792,100.0,12.5,-0.1753,2.491561,False,
BHA-BHA-LIV-MUN-NFO,4,2+1+1+1,0,2.5455,2.6,2.5,0.0,2,"BHA,MUN","BOU,NEW",BOU-BHA-LIV-NEW-NFO,5,1+1+1+1+1,0,2.4792,100.0,12.5,-0.1525,2.491561,False,
BHA-BHA-LIV-NFO-SUN,4,2+1+1+1,1,2.5455,2.6,2.5,0.0,2,"BHA,SUN","BOU,NEW",BOU-BHA-LIV-NEW-NFO,5,1+1+1+1+1,0,2.4792,100.0,12.5,-0.1525,2.491561,False,
BHA-BHA-MCI-MUN-NFO,4,2+1+1+1,0,2.5455,2.6,2.5,0.0,2,"BHA,MUN","LIV,NEW",BHA-LIV-MCI-NEW-NFO,5,1+1+1+1+1,0,2.4792,100.0,12.5,-0.1303,2.491561,False,
BHA-BHA-MCI-NFO-SUN,4,2+1+1+1,1,2.5455,2.6,2.5,0.0,2,"BHA,SUN","LIV,NEW",BHA-LIV-MCI-NEW-NFO,5,1+1+1+1+1,0,2.4792,100.0,12.5,-0.1303,2.491561,False,
CHE-CHE-CRY-NFO-SUN,4,2+1+1+1,1,2.5455,2.6,2.5,0.0089,2,"CHE,CRY","BOU,TOT",BOU-CHE-NFO-TOT-SUN,5,1+1+1+1+1,1,2.4792,100.0,12.5,-0.1412,2.491561,False,
BRE-CRY-MCI-MUN-NFO,5,1+1+1+1+1,0,2.5455,2.6,2.5,0.0366,2,"BRE,MUN","BHA,LIV",BHA-CRY-LIV-MCI-NFO,5,1+1+1+1+1,0,2.4792,100.0,25.0,-0.0977,2.491561,False,
BRE-CRY-MCI-NFO-SUN,5,1+1+1+1+1,1,2.5455,2.6,2.5,0.0366,2,"BRE,SUN","BHA,LIV",BHA-CRY-LIV-MCI-NFO,5,1+1+1+1+1,0,2.4792,100.0,25.0,-0.0977,2.491561,False,
AVL-EVE-LEE-MUN-SUN,5,1+1+1+1+1,1,2.5455,2.6,2.5,0.0402,2,"MUN,SUN","CHE,COV",AVL-CHE-COV-EVE-LEE,5,1+1+1+1+1,0,2.4792,100.0,12.5,-0.128,2.491561,False,
ARS-CHE-CRY-TOT-SUN,5,1+1+1+1+1,1,2.5455,2.6,2.5,0.0634,2,"ARS,CRY","BOU,NFO",BOU-CHE-NFO-TOT-SUN,5,1+1+1+1+1,1,2.4792,100.0,12.5,-0.1412,2.491561,False,
CHE-CRY-IPS-MUN-TOT,5,1+1+1+1+1,0,2.5455,2.6,2.5,0.0634,2,"CRY,MUN","FUL,MCI",CHE-FUL-IPS-MCI-TOT,5,1+1+1+1+1,0,2.4792,100.0,18.8,-0.1129,2.491561,False,
CHE-CRY-TOT-SUN-SUN,4,2+1+1+1,2,2.5455,2.6,2.5,0.089,2,"CRY,SUN","BOU,NFO",BOU-CHE-NFO-TOT-SUN,5,1+1+1+1+1,1,2.4792,100.0,12.5,-0.1412,2.491561,False,
ARS-BRE-IPS-LIV-MCI,5,1+1+1+1+1,0,2.5455,2.6,2.5,0.1,2,"ARS,BRE","CHE,NEW",CHE-IPS-LIV-MCI-NEW,5,1+1+1+1+1,0,2.4792,100.0,12.5,-0.1753,2.491561,False,
EVE-EVE-MCI-MUN-SUN,4,2+1+1+1,1,2.5455,2.6,2.5,0.1,2,"EVE,MUN","CHE,COV",CHE-COV-EVE-MCI-SUN,5,1+1+1+1+1,1,2.4792,100.0,12.5,-0.1133,2.491561,False,
EVE-MUN-NFO-TOT-TOT,4,2+1+1+1,0,2.5455,2.6,2.5,0.1268,2,"MUN,TOT","CHE,FUL",CHE-EVE-FUL-NFO-TOT,5,1+1+1+1+1,0,2.4792,100.0,6.2,-0.1683,2.491561,False,
EVE-NFO-TOT-TOT-SUN,4,2+1+1+1,1,2.5455,2.6,2.5,0.1268,2,"SUN,TOT","CHE,FUL",CHE-EVE-FUL-NFO-TOT,5,1+1+1+1+1,0,2.4792,100.0,6.2,-0.1683,2.491561,False,
ARS-BRE-BRE-LIV-NFO,4,2+1+1+1,0,2.5455,2.6,2.5,0.1366,2,"BRE,BRE","AVL,BOU",ARS-AVL-BOU-LIV-NFO,5,1+1+1+1+1,0,2.4792,100.0,12.5,-0.1091,2.491561,False,
ARS-BRE-LIV-LIV-NFO,4,2+1+1+1,0,2.5455,2.6,2.5,0.1366,2,"BRE,LIV","AVL,BOU",ARS-AVL-BOU-LIV-NFO,5,1+1+1+1+1,0,2.4792,100.0,12.5,-0.1091,2.491561,False,
BRE-BRE-IPS-LIV-NFO,4,2+1+1+1,0,2.5455,2.6,2.5,0.1366,2,"BRE,BRE","BOU,CHE",BOU-CHE-IPS-LIV-NFO,5,1+1+1+1+1,0,2.4792,100.0,12.5,-0.1093,2.491561,False,
BRE-BRE-IPS-MCI-NFO,4,2+1+1+1,0,2.5455,2.6,2.5,0.1366,2,"BRE,BRE","CHE,LIV",CHE-IPS-LIV-MCI-NFO,5,1+1+1+1+1,0,2.4792,100.0,12.5,-0.0652,2.491561,False,
BRE-IPS-LIV-LIV-NFO,4,2+1+1+1,0,2.5455,2.6,2.5,0.1366,2,"BRE,LIV","BOU,CHE",BOU-CHE-IPS-LIV-NFO,5,1+1+1+1+1,0,2.4792,100.0,12.5,-0.1093,2.491561,False,
BRE-IPS-MCI-MCI-NFO,4,2+1+1+1,0,2.5455,2.6,2.5,0.1366,2,"BRE,MCI","CHE,LIV",CHE-IPS-LIV-MCI-NFO,5,1+1+1+1+1,0,2.4792,100.0,12.5,-0.0652,2.491561,False,
CHE-CRY-MUN-TOT-SUN,5,1+1+1+1+1,1,2.5455,2.6,2.5,0.189,2,"CRY,MUN","BOU,NFO",BOU-CHE-NFO-TOT-SUN,5,1+1+1+1+1,1,2.4792,100.0,12.5,-0.1412,2.491561,False,
ARS-CHE-LEE-MUN-TOT,5,1+1+1+1+1,0,2.5455,2.6,2.5,0.239,2,"ARS,MUN","FUL,NFO",CHE-FUL-LEE-NFO-TOT,5,1+1+1+1+1,0,2.4792,100.0,6.2,-0.1838,2.491561,False,
ARS-CHE-LEE-TOT-SUN,5,1+1+1+1+1,1,2.5455,2.6,2.5,0.239,2,"ARS,SUN","FUL,NFO",CHE-FUL-LEE-NFO-TOT,5,1+1+1+1+1,0,2.4792,100.0,6.2,-0.1838,2.491561,False,
CHE-IPS-LEE-MUN-TOT,5,1+1+1+1+1,0,2.5455,2.6,2.5,0.239,2,"IPS,MUN","FUL,NFO",CHE-FUL-LEE-NFO-TOT,5,1+1+1+1+1,0,2.4792,100.0,6.2,-0.1838,2.491561,False,
ARS-CHE-TOT-TOT-SUN,4,2+1+1+1,1,2.5455,2.6,2.5,0.3146,2,"ARS,TOT","BOU,NFO",BOU-CHE-NFO-TOT-SUN,5,1+1+1+1+1,1,2.4792,100.0,12.5,-0.1412,2.491561,False,
CHE-IPS-MUN-TOT-TOT,4,2+1+1+1,0,2.5455,2.6,2.5,0.3146,2,"MUN,TOT","FUL,MCI",CHE-FUL-IPS-MCI-TOT,5,1+1+1+1+1,0,2.4792,100.0,18.8,-0.1129,2.491561,False,
EVE-LEE-MUN-MUN-TOT,4,2+1+1+1,0,2.5455,2.6,2.5,0.35,2,"MUN,MUN","COV,FUL",COV-EVE-FUL-LEE-TOT,5,1+1+1+1+1,0,2.4792,100.0,6.2,-0.1706,2.491561,False,
EVE-LEE-TOT-SUN-SUN,4,2+1+1+1,2,2.5455,2.6,2.5,0.35,2,"SUN,SUN","COV,FUL",COV-EVE-FUL-LEE-TOT,5,1+1+1+1+1,0,2.4792,100.0,6.2,-0.1706,2.491561,False,
CHE-LEE-MUN-MUN-TOT,4,2+1+1+1,0,2.5455,2.6,2.5,0.3646,2,"MUN,MUN","FUL,NFO",CHE-FUL-LEE-NFO-TOT,5,1+1+1+1+1,0,2.4792,100.0,6.2,-0.1838,2.491561,False,
CHE-LEE-TOT-SUN-SUN,4,2+1+1+1,2,2.5455,2.6,2.5,0.3646,2,"SUN,SUN","FUL,NFO",CHE-FUL-LEE-NFO-TOT,5,1+1+1+1+1,0,2.4792,100.0,6.2,-0.1838,2.491561,False,
EVE-LEE-MUN-TOT-SUN,5,1+1+1+1+1,1,2.5455,2.6,2.5,0.45,2,"MUN,SUN","COV,FUL",COV-EVE-FUL-LEE-TOT,5,1+1+1+1+1,0,2.4792,100.0,6.2,-0.1706,2.491561,False,
CHE-LEE-MUN-TOT-SUN,5,1+1+1+1+1,1,2.5455,2.6,2.5,0.4646,2,"MUN,SUN","FUL,NFO",CHE-FUL-LEE-NFO-TOT,5,1+1+1+1+1,0,2.4792,100.0,6.2,-0.1838,2.491561,False,
CHE-EVE-LEE-MUN-MUN,4,2+1+1+1,0,2.5455,2.6,2.5,0.4835,2,"MUN,MUN","FUL,TOT",CHE-EVE-FUL-LEE-TOT,5,1+1+1+1+1,0,2.4792,100.0,12.5,-0.1443,2.491561,False,
CHE-EVE-LEE-SUN-SUN,4,2+1+1+1,2,2.5455,2.6,2.5,0.4835,2,"SUN,SUN","FUL,TOT",CHE-EVE-FUL-LEE-TOT,5,1+1+1+1+1,0,2.4792,100.0,12.5,-0.1443,2.491561,False,
CHE-EVE-LEE-MUN-SUN,5,1+1+1+1+1,1,2.5455,2.6,2.5,0.5835,2,"MUN,SUN","FUL,TOT",CHE-EVE-FUL-LEE-TOT,5,1+1+1+1+1,0,2.4792,100.0,12.5,-0.1443,2.491561,False,
CHE-MUN-TOT-TOT-SUN,4,2+1+1+1,1,2.5455,2.6,2.5,0.6402,2,"MUN,TOT","BOU,NFO",BOU-CHE-NFO-TOT-SUN,5,1+1+1+1+1,1,2.4792,100.0,12.5,-0.1412,2.491561,False,
CHE-EVE-MUN-MUN-TOT,4,2+1+1+1,0,2.5455,2.6,2.5,0.7091,2,"MUN,MUN","FUL,NFO",CHE-EVE-FUL-NFO-TOT,5,1+1+1+1+1,0,2.4792,100.0,6.2,-0.1683,2.491561,False,
CHE-EVE-TOT-SUN-SUN,4,2+1+1+1,2,2.5455,2.6,2.5,0.7091,2,"SUN,SUN","FUL,NFO",CHE-EVE-FUL-NFO-TOT,5,1+1+1+1+1,0,2.4792,100.0,6.2,-0.1683,2.491561,False,
CHE-CHE-MUN-TOT-SUN,4,2+1+1+1,1,2.5455,2.6,2.5,0.7292,2,"CHE,MUN","BOU,NFO",BOU-CHE-NFO-TOT-SUN,5,1+1+1+1+1,1,2.4792,100.0,12.5,-0.1412,2.491561,False,
CHE-EVE-MUN-TOT-SUN,5,1+1+1+1+1,1,2.5455,2.6,2.5,0.8091,2,"MUN,SUN","FUL,NFO",CHE-EVE-FUL-NFO-TOT,5,1+1+1+1+1,0,2.4792,100.0,6.2,-0.1683,2.491561,False,
ARS-CHE-MCI-MCI-TOT,4,2+1+1+1,0,2.5455,2.8,2.33,-0.3445,2,"ARS,MCI","FUL,NEW",CHE-FUL-MCI-NEW-TOT,5,1+1+1+1+1,0,2.4792,100.0,12.5,-0.1474,2.491561,False,
CHE-IPS-LIV-LIV-TOT,4,2+1+1+1,0,2.5455,2.8,2.33,-0.3445,2,"LIV,TOT","BOU,NEW",BOU-CHE-IPS-LIV-NEW,5,1+1+1+1+1,0,2.4792,100.0,12.5,-0.1874,2.491561,False,
CHE-IPS-MCI-MCI-TOT,4,2+1+1+1,0,2.5455,2.8,2.33,-0.3445,2,"MCI,TOT","LIV,NEW",CHE-IPS-LIV-MCI-NEW,5,1+1+1+1+1,0,2.4792,100.0,12.5,-0.1753,2.491561,False,
ARS-AVL-LIV-TOT-TOT,4,2+1+1+1,0,2.5455,2.8,2.33,-0.3366,2,"TOT,TOT","BOU,COV",ARS-AVL-BOU-COV-LIV,5,1+1+1+1+1,0,2.4792,100.0,12.5,-0.124,2.491561,False,
ARS-AVL-MCI-TOT-TOT,4,2+1+1+1,0,2.5455,2.8,2.33,-0.3366,2,"TOT,TOT","COV,LIV",ARS-AVL-COV-LIV-MCI,5,1+1+1+1+1,0,2.4792,100.0,12.5,-0.0988,2.491561,False,
AVL-IPS-MCI-TOT-TOT,4,2+1+1+1,0,2.5455,2.8,2.33,-0.3366,2,"AVL,TOT","CHE,FUL",CHE-FUL-IPS-MCI-TOT,5,1+1+1+1+1,0,2.4792,100.0,18.8,-0.1129,2.491561,False,
BHA-IPS-MCI-TOT-TOT,4,2+1+1+1,0,2.5455,2.8,2.33,-0.3366,2,"BHA,TOT","CHE,FUL",CHE-FUL-IPS-MCI-TOT,5,1+1+1+1+1,0,2.4792,100.0,18.8,-0.1129,2.491561,False,
CHE-CRY-LIV-LIV-SUN,4,2+1+1+1,1,2.5455,2.8,2.33,-0.3201,2,"CRY,LIV","BOU,NFO",BOU-CHE-LIV-NFO-SUN,5,1+1+1+1+1,1,2.4792,100.0,18.8,-0.0575,2.491561,False,
CHE-CRY-MCI-MCI-SUN,4,2+1+1+1,1,2.5455,2.8,2.33,-0.3201,2,"CRY,MCI","COV,EVE",CHE-COV-EVE-MCI-SUN,5,1+1+1+1+1,1,2.4792,100.0,12.5,-0.1133,2.491561,False,
BRE-BHA-CHE-CHE-NFO,4,2+1+1+1,0,2.5455,2.8,2.33,-0.3142,2,"BRE,CHE","BOU,NFO",BOU-BHA-CHE-NFO-NFO,4,2+1+1+1,0,2.4792,100.0,18.8,-0.1158,2.491561,False,
BHA-LIV-NFO-TOT-TOT,4,2+1+1+1,0,2.5455,2.8,2.33,-0.3098,2,"TOT,TOT","BOU,NEW",BOU-BHA-LIV-NEW-NFO,5,1+1+1+1+1,0,2.4792,100.0,12.5,-0.1525,2.491561,False,
BHA-MCI-NFO-TOT-TOT,4,2+1+1+1,0,2.5455,2.8,2.33,-0.3098,2,"TOT,TOT","LIV,NEW",BHA-LIV-MCI-NEW-NFO,5,1+1+1+1+1,0,2.4792,100.0,12.5,-0.1303,2.491561,False,
ARS-LIV-MCI-TOT-TOT,4,2+1+1+1,0,2.5455,2.8,2.33,-0.3,2,"TOT,TOT","AVL,COV",ARS-AVL-COV-LIV-MCI,5,1+1+1+1+1,0,2.4792,100.0,12.5,-0.0988,2.491561,False,
AVL-EVE-LIV-LIV-SUN,4,2+1+1+1,1,2.5455,2.8,2.33,-0.3,2,"LIV,SUN","COV,LEE",AVL-COV-EVE-LEE-LIV,5,1+1+1+1+1,0,2.4792,93.8,12.5,-0.1361,2.491561,False,
AVL-EVE-MCI-MCI-SUN,4,2+1+1+1,1,2.5455,2.8,2.33,-0.3,2,"AVL,MCI","CHE,COV",CHE-COV-EVE-MCI-SUN,5,1+1+1+1+1,1,2.4792,100.0,12.5,-0.1133,2.491561,False,
BRE-BRE-CHE-EVE-SUN,4,2+1+1+1,1,2.5455,2.8,2.33,-0.3,2,"BRE,BRE","COV,MCI",CHE-COV-EVE-MCI-SUN,5,1+1+1+1+1,1,2.4792,100.0,12.5,-0.1133,2.491561,False,
BRE-BRE-EVE-MCI-SUN,4,2+1+1+1,1,2.5455,2.8,2.33,-0.3,2,"BRE,BRE","CHE,COV",CHE-COV-EVE-MCI-SUN,5,1+1+1+1+1,1,2.4792,100.0,12.5,-0.1133,2.491561,False,
BRE-EVE-MCI-MCI-SUN,4,2+1+1+1,1,2.5455,2.8,2.33,-0.3,2,"BRE,MCI","CHE,COV",CHE-COV-EVE-MCI-SUN,5,1+1+1+1+1,1,2.4792,100.0,12.5,-0.1133,2.491561,False,
BHA-EVE-LIV-LIV-MUN,4,2+1+1+1,0,2.5455,2.8,2.33,-0.3,2,"LIV,MUN","COV,NFO",BHA-COV-EVE-LIV-NFO,5,1+1+1+1+1,0,2.4792,100.0,18.8,-0.1308,2.491561,False,
BHA-EVE-LIV-LIV-SUN,4,2+1+1+1,1,2.5455,2.8,2.33,-0.3,2,"LIV,SUN","COV,NFO",BHA-COV-EVE-LIV-NFO,5,1+1+1+1+1,0,2.4792,100.0,18.8,-0.1308,2.491561,False,
BHA-EVE-MCI-MCI-SUN,4,2+1+1+1,1,2.5455,2.8,2.33,-0.3,2,"EVE,MCI","COV,LIV",BHA-COV-LIV-MCI-SUN,5,1+1+1+1+1,1,2.4792,100.0,25.0,-0.1292,2.491561,False,
EVE-LIV-LIV-MUN-TOT,4,2+1+1+1,0,2.5455,2.8,2.33,-0.3,2,"LIV,MUN","NEW,NFO",EVE-LIV-NEW-NFO-TOT,5,1+1+1+1+1,0,2.4792,100.0,25.0,-0.1014,2.491561,False,
EVE-LIV-LIV-TOT-SUN,4,2+1+1+1,1,2.5455,2.8,2.33,-0.3,2,"LIV,SUN","NEW,NFO",EVE-LIV-NEW-NFO-TOT,5,1+1+1+1+1,0,2.4792,100.0,25.0,-0.1014,2.491561,False,
EVE-MCI-MCI-TOT-SUN,4,2+1+1+1,1,2.5455,2.8,2.33,-0.3,2,"MCI,TOT","CHE,COV",CHE-COV-EVE-MCI-SUN,5,1+1+1+1+1,1,2.4792,100.0,12.5,-0.1133,2.491561,False,
IPS-LIV-MCI-TOT-TOT,4,2+1+1+1,0,2.5455,2.8,2.33,-0.3,2,"TOT,TOT","CHE,NEW",CHE-IPS-LIV-MCI-NEW,5,1+1+1+1+1,0,2.4792,100.0,12.5,-0.1753,2.491561,False,
AVL-AVL-LEE-MUN-TOT,4,2+1+1+1,0,2.5455,2.8,2.33,-0.2964,2,"AVL,MUN","FUL,NFO",AVL-FUL-LEE-NFO-TOT,5,1+1+1+1+1,0,2.4792,100.0,0.0,-0.2008,2.491561,False,
AVL-AVL-LEE-TOT-SUN,4,2+1+1+1,1,2.5455,2.8,2.33,-0.2964,2,"AVL,SUN","FUL,NFO",AVL-FUL-LEE-NFO-TOT,5,1+1+1+1+1,0,2.4792,100.0,0.0,-0.2008,2.491561,False,
CHE-LEE-MCI-MCI-SUN,4,2+1+1+1,1,2.5455,2.8,2.33,-0.2945,2,"LEE,MCI","COV,EVE",CHE-COV-EVE-MCI-SUN,5,1+1+1+1+1,1,2.4792,100.0,12.5,-0.1133,2.491561,False,
AVL-AVL-EVE-LIV-SUN,4,2+1+1+1,1,2.5455,2.8,2.33,-0.2732,2,"AVL,SUN","COV,LEE",AVL-COV-EVE-LEE-LIV,5,1+1+1+1+1,0,2.4792,93.8,12.5,-0.1361,2.491561,False,
AVL-AVL-EVE-MCI-SUN,4,2+1+1+1,1,2.5455,2.8,2.33,-0.2732,2,"AVL,AVL","CHE,COV",CHE-COV-EVE-MCI-SUN,5,1+1+1+1+1,1,2.4792,100.0,12.5,-0.1133,2.491561,False,
BHA-BHA-EVE-LIV-MUN,4,2+1+1+1,0,2.5455,2.8,2.33,-0.2732,2,"BHA,MUN","COV,NFO",BHA-COV-EVE-LIV-NFO,5,1+1+1+1+1,0,2.4792,100.0,18.8,-0.1308,2.491561,False,
BHA-BHA-EVE-LIV-SUN,4,2+1+1+1,1,2.5455,2.8,2.33,-0.2732,2,"BHA,SUN","COV,NFO",BHA-COV-EVE-LIV-NFO,5,1+1+1+1+1,0,2.4792,100.0,18.8,-0.1308,2.491561,False,
BHA-BHA-EVE-MCI-SUN,4,2+1+1+1,1,2.5455,2.8,2.33,-0.2732,2,"BHA,EVE","COV,LIV",BHA-COV-LIV-MCI-SUN,5,1+1+1+1+1,1,2.4792,100.0,25.0,-0.1292,2.491561,False,
AVL-AVL-CHE-EVE-MUN,4,2+1+1+1,0,2.5455,2.8,2.33,-0.2538,2,"EVE,MUN","COV,LEE",AVL-AVL-CHE-COV-LEE,4,2+1+1+1,0,2.4792,100.0,31.2,-0.1583,2.491561,False,
AVL-AVL-CHE-EVE-SUN,4,2+1+1+1,1,2.5455,2.8,2.33,-0.2538,2,"EVE,SUN","COV,LEE",AVL-AVL-CHE-COV-LEE,4,2+1+1+1,0,2.4792,100.0,31.2,-0.1583,2.491561,False,
BHA-BHA-CHE-EVE-SUN,4,2+1+1+1,1,2.5455,2.8,2.33,-0.2538,2,"BHA,BHA","COV,MCI",CHE-COV-EVE-MCI-SUN,5,1+1+1+1+1,1,2.4792,100.0,12.5,-0.1133,2.491561,False,
CHE-CHE-CRY-LIV-SUN,4,2+1+1+1,1,2.5455,2.8,2.33,-0.2512,2,"CHE,CRY","BOU,NFO",BOU-CHE-LIV-NFO-SUN,5,1+1+1+1+1,1,2.4792,100.0,18.8,-0.0575,2.491561,False,
CHE-CHE-CRY-MCI-SUN,4,2+1+1+1,1,2.5455,2.8,2.33,-0.2512,2,"CHE,CRY","COV,EVE",CHE-COV-EVE-MCI-SUN,5,1+1+1+1+1,1,2.4792,100.0,12.5,-0.1133,2.491561,False,
ARS-BHA-CHE-MCI-TOT,5,1+1+1+1+1,0,2.5455,2.8,2.33,-0.2482,2,"ARS,BHA","FUL,NEW",CHE-FUL-MCI-NEW-TOT,5,1+1+1+1+1,0,2.4792,100.0,12.5,-0.1474,2.491561,False,
BHA-CHE-IPS-LIV-TOT,5,1+1+1+1+1,0,2.5455,2.8,2.33,-0.2482,2,"BHA,TOT","BOU,NEW",BOU-CHE-IPS-LIV-NEW,5,1+1+1+1+1,0,2.4792,100.0,12.5,-0.1874,2.491561,False,
BHA-CHE-IPS-MCI-TOT,5,1+1+1+1+1,0,2.5455,2.8,2.33,-0.2482,2,"BHA,TOT","LIV,NEW",CHE-IPS-LIV-MCI-NEW,5,1+1+1+1+1,0,2.4792,100.0,12.5,-0.1753,2.491561,False,
AVL-EVE-LIV-MUN-TOT,5,1+1+1+1+1,0,2.5455,2.8,2.33,-0.2232,2,"AVL,MUN","NEW,NFO",EVE-LIV-NEW-NFO-TOT,5,1+1+1+1+1,0,2.4792,100.0,25.0,-0.1014,2.491561,False,
AVL-EVE-LIV-TOT-SUN,5,1+1+1+1+1,1,2.5455,2.8,2.33,-0.2232,2,"AVL,SUN","NEW,NFO",EVE-LIV-NEW-NFO-TOT,5,1+1+1+1+1,0,2.4792,100.0,25.0,-0.1014,2.491561,False,
AVL-EVE-MCI-TOT-SUN,5,1+1+1+1+1,1,2.5455,2.8,2.33,-0.2232,2,"AVL,TOT","CHE,COV",CHE-COV-EVE-MCI-SUN,5,1+1+1+1+1,1,2.4792,100.0,12.5,-0.1133,2.491561,False,
BHA-EVE-LIV-MUN-TOT,5,1+1+1+1+1,0,2.5455,2.8,2.33,-0.2232,2,"MUN,TOT","COV,NFO",BHA-COV-EVE-LIV-NFO,5,1+1+1+1+1,0,2.4792,100.0,18.8,-0.1308,2.491561,False,
BHA-EVE-LIV-TOT-SUN,5,1+1+1+1+1,1,2.5455,2.8,2.33,-0.2232,2,"SUN,TOT","COV,NFO",BHA-COV-EVE-LIV-NFO,5,1+1+1+1+1,0,2.4792,100.0,18.8,-0.1308,2.491561,False,
BHA-EVE-MCI-TOT-SUN,5,1+1+1+1+1,1,2.5455,2.8,2.33,-0.2232,2,"EVE,TOT","COV,LIV",BHA-COV-LIV-MCI-SUN,5,1+1+1+1+1,1,2.4792,100.0,25.0,-0.1292,2.491561,False,
BRE-CHE-CRY-LIV-SUN,5,1+1+1+1+1,1,2.5455,2.8,2.33,-0.2201,2,"BRE,CRY","BOU,NFO",BOU-CHE-LIV-NFO-SUN,5,1+1+1+1+1,1,2.4792,100.0,18.8,-0.0575,2.491561,False,
BRE-CHE-CRY-MCI-SUN,5,1+1+1+1+1,1,2.5455,2.8,2.33,-0.2201,2,"BRE,CRY","COV,EVE",CHE-COV-EVE-MCI-SUN,5,1+1+1+1+1,1,2.4792,100.0,12.5,-0.1133,2.491561,False,
BRE-BRE-CHE-IPS-LIV,4,2+1+1+1,0,2.5455,2.8,2.33,-0.2146,2,"BRE,BRE","BOU,NEW",BOU-CHE-IPS-LIV-NEW,5,1+1+1+1+1,0,2.4792,100.0,12.5,-0.1874,2.491561,False,
BRE-BRE-CHE-IPS-MCI,4,2+1+1+1,0,2.5455,2.8,2.33,-0.2146,2,"BRE,BRE","LIV,NEW",CHE-IPS-LIV-MCI-NEW,5,1+1+1+1+1,0,2.4792,100.0,12.5,-0.1753,2.491561,False,
BRE-CHE-IPS-LIV-LIV,4,2+1+1+1,0,2.5455,2.8,2.33,-0.2146,2,"BRE,LIV","BOU,NEW",BOU-CHE-IPS-LIV-NEW,5,1+1+1+1+1,0,2.4792,100.0,12.5,-0.1874,2.491561,False,
BRE-CHE-IPS-MCI-MCI,4,2+1+1+1,0,2.5455,2.8,2.33,-0.2146,2,"BRE,MCI","LIV,NEW",CHE-IPS-LIV-MCI-NEW,5,1+1+1+1+1,0,2.4792,100.0,12.5,-0.1753,2.491561,False,
ARS-AVL-CHE-TOT-TOT,4,2+1+1+1,0,2.5455,2.8,2.33,-0.2013,2,"ARS,TOT","FUL,NFO",AVL-CHE-FUL-NFO-TOT,5,1+1+1+1+1,0,2.4792,100.0,12.5,-0.1683,2.491561,False,
AVL-CHE-IPS-TOT-TOT,4,2+1+1+1,0,2.5455,2.8,2.33,-0.2013,2,"IPS,TOT","FUL,NFO",AVL-CHE-FUL-NFO-TOT,5,1+1+1+1+1,0,2.4792,100.0,12.5,-0.1683,2.491561,False,
BHA-CHE-IPS-TOT-TOT,4,2+1+1+1,0,2.5455,2.8,2.33,-0.2013,2,"BHA,TOT","FUL,MCI",CHE-FUL-IPS-MCI-TOT,5,1+1+1+1+1,0,2.4792,100.0,18.8,-0.1129,2.491561,False,
AVL-BRE-EVE-MCI-MUN,5,1+1+1+1+1,0,2.5455,2.8,2.33,-0.2,2,"EVE,MUN","COV,FUL",AVL-BRE-COV-FUL-MCI,5,1+1+1+1+1,0,2.4792,100.0,18.8,-0.1384,2.491561,False,
AVL-BRE-EVE-MCI-SUN,5,1+1+1+1+1,1,2.5455,2.8,2.33,-0.2,2,"EVE,SUN","COV,FUL",AVL-BRE-COV-FUL-MCI,5,1+1+1+1+1,0,2.4792,100.0,18.8,-0.1384,2.491561,False,
AVL-CRY-LIV-MUN-TOT,5,1+1+1+1+1,0,2.5455,2.8,2.33,-0.2,2,"MUN,TOT","BOU,NEW",AVL-BOU-CRY-LIV-NEW,5,1+1+1+1+1,0,2.4792,100.0,6.2,-0.1674,2.491561,False,
AVL-CRY-LIV-TOT-SUN,5,1+1+1+1+1,1,2.5455,2.8,2.33,-0.2,2,"SUN,TOT","BOU,NEW",AVL-BOU-CRY-LIV-NEW,5,1+1+1+1+1,0,2.4792,100.0,6.2,-0.1674,2.491561,False,
AVL-CRY-MCI-MUN-TOT,5,1+1+1+1+1,0,2.5455,2.8,2.33,-0.2,2,"MUN,TOT","LIV,NEW",AVL-CRY-LIV-MCI-NEW,5,1+1+1+1+1,0,2.4792,100.0,12.5,-0.1535,2.491561,False,
AVL-CRY-MCI-TOT-SUN,5,1+1+1+1+1,1,2.5455,2.8,2.33,-0.2,2,"SUN,TOT","LIV,NEW",AVL-CRY-LIV-MCI-NEW,5,1+1+1+1+1,0,2.4792,100.0,12.5,-0.1535,2.491561,False,
BRE-BHA-EVE-LIV-MUN,5,1+1+1+1+1,0,2.5455,2.8,2.33,-0.2,2,"BRE,MUN","COV,NFO",BHA-COV-EVE-LIV-NFO,5,1+1+1+1+1,0,2.4792,100.0,18.8,-0.1308,2.491561,False,
BRE-BHA-EVE-LIV-SUN,5,1+1+1+1+1,1,2.5455,2.8,2.33,-0.2,2,"BRE,SUN","COV,NFO",BHA-COV-EVE-LIV-NFO,5,1+1+1+1+1,0,2.4792,100.0,18.8,-0.1308,2.491561,False,
BRE-BHA-EVE-MCI-SUN,5,1+1+1+1+1,1,2.5455,2.8,2.33,-0.2,2,"BRE,EVE","COV,LIV",BHA-COV-LIV-MCI-SUN,5,1+1+1+1+1,1,2.4792,100.0,25.0,-0.1292,2.491561,False,
BHA-CRY-LIV-MUN-TOT,5,1+1+1+1+1,0,2.5455,2.8,2.33,-0.2,2,"MUN,TOT","BOU,NFO",BOU-BHA-CRY-LIV-NFO,5,1+1+1+1+1,0,2.4792,100.0,18.8,-0.1001,2.491561,False,
BHA-CRY-LIV-TOT-SUN,5,1+1+1+1+1,1,2.5455,2.8,2.33,-0.2,2,"CRY,TOT","COV,MCI",BHA-COV-LIV-MCI-SUN,5,1+1+1+1+1,1,2.4792,100.0,25.0,-0.1292,2.491561,False,
BHA-CRY-MCI-MUN-TOT,5,1+1+1+1+1,0,2.5455,2.8,2.33,-0.2,2,"MUN,TOT","LIV,NFO",BHA-CRY-LIV-MCI-NFO,5,1+1+1+1+1,0,2.4792,100.0,25.0,-0.0977,2.491561,False,
BHA-CRY-MCI-TOT-SUN,5,1+1+1+1+1,1,2.5455,2.8,2.33,-0.2,2,"CRY,TOT","COV,LIV",BHA-COV-LIV-MCI-SUN,5,1+1+1+1+1,1,2.4792,100.0,25.0,-0.1292,2.491561,False,
CHE-CRY-LIV-TOT-SUN,5,1+1+1+1+1,1,2.5455,2.8,2.33,-0.2,2,"CRY,LIV","BOU,NFO",BOU-CHE-NFO-TOT-SUN,5,1+1+1+1+1,1,2.4792,100.0,12.5,-0.1412,2.491561,False,
CHE-CRY-MCI-MUN-TOT,5,1+1+1+1+1,0,2.5455,2.8,2.33,-0.2,2,"CRY,MUN","FUL,NEW",CHE-FUL-MCI-NEW-TOT,5,1+1+1+1+1,0,2.4792,100.0,12.5,-0.1474,2.491561,False,
CHE-CRY-MCI-TOT-SUN,5,1+1+1+1+1,1,2.5455,2.8,2.33,-0.2,2,"CRY,SUN","FUL,NEW",CHE-FUL-MCI-NEW-TOT,5,1+1+1+1+1,0,2.4792,100.0,12.5,-0.1474,2.491561,False,
CRY-LIV-MCI-MUN-TOT,5,1+1+1+1+1,0,2.5455,2.8,2.33,-0.2,2,"MUN,TOT","AVL,NEW",AVL-CRY-LIV-MCI-NEW,5,1+1+1+1+1,0,2.4792,100.0,12.5,-0.1535,2.491561,False,
CRY-LIV-MCI-TOT-SUN,5,1+1+1+1+1,1,2.5455,2.8,2.33,-0.2,2,"SUN,TOT","AVL,NEW",AVL-CRY-LIV-MCI-NEW,5,1+1+1+1+1,0,2.4792,100.0,12.5,-0.1535,2.491561,False,
BHA-CHE-LEE-MCI-MUN,5,1+1+1+1+1,0,2.5455,2.8,2.33,-0.1982,2,"CHE,MUN","COV,FUL",BHA-COV-FUL-LEE-MCI,5,1+1+1+1+1,0,2.4792,100.0,12.5,-0.149,2.491561,False,
BHA-CHE-LEE-MCI-SUN,5,1+1+1+1+1,1,2.5455,2.8,2.33,-0.1982,2,"CHE,SUN","COV,FUL",BHA-COV-FUL-LEE-MCI,5,1+1+1+1+1,0,2.4792,100.0,12.5,-0.149,2.491561,False,
ARS-AVL-BRE-BRE-CHE,4,2+1+1+1,0,2.5455,2.8,2.33,-0.1951,2,"ARS,BRE","BOU,NFO",AVL-BOU-BRE-CHE-NFO,5,1+1+1+1+1,0,2.4792,100.0,6.2,-0.1001,2.491561,False,
ARS-BHA-CHE-LIV-LIV,4,2+1+1+1,0,2.5455,2.8,2.33,-0.1951,2,"ARS,LIV","BOU,NFO",BOU-BHA-CHE-LIV-NFO,5,1+1+1+1+1,0,2.4792,93.8,18.8,-0.0479,2.491561,False,
ARS-BHA-CHE-MCI-MCI,4,2+1+1+1,0,2.5455,2.8,2.33,-0.1951,2,"ARS,MCI","COV,NFO",BHA-CHE-COV-MCI-NFO,5,1+1+1+1+1,0,2.4792,100.0,18.8,-0.0611,2.491561,False,
AVL-BRE-BRE-CHE-IPS,4,2+1+1+1,0,2.5455,2.8,2.33,-0.1951,2,"BRE,BRE","BOU,NFO",AVL-BOU-CHE-IPS-NFO,5,1+1+1+1+1,0,2.4792,100.0,12.5,-0.117,2.491561,False,
BHA-CHE-IPS-LIV-LIV,4,2+1+1+1,0,2.5455,2.8,2.33,-0.1951,2,"BHA,LIV","BOU,NEW",BOU-CHE-IPS-LIV-NEW,5,1+1+1+1+1,0,2.4792,100.0,12.5,-0.1874,2.491561,False,
BHA-CHE-IPS-MCI-MCI,4,2+1+1+1,0,2.5455,2.8,2.33,-0.1951,2,"BHA,MCI","LIV,NEW",CHE-IPS-LIV-MCI-NEW,5,1+1+1+1+1,0,2.4792,100.0,12.5,-0.1753,2.491561,False,
BRE-CHE-LEE-MCI-SUN,5,1+1+1+1+1,1,2.5455,2.8,2.33,-0.1945,2,"BRE,LEE","COV,EVE",CHE-COV-EVE-MCI-SUN,5,1+1+1+1+1,1,2.4792,100.0,12.5,-0.1133,2.491561,False,
AVL-BRE-CHE-EVE-MUN,5,1+1+1+1+1,0,2.5455,2.8,2.33,-0.1903,2,"BRE,MUN","COV,LEE",AVL-CHE-COV-EVE-LEE,5,1+1+1+1+1,0,2.4792,100.0,12.5,-0.128,2.491561,False,
AVL-BRE-CHE-EVE-SUN,5,1+1+1+1+1,1,2.5455,2.8,2.33,-0.1903,2,"BRE,SUN","COV,LEE",AVL-CHE-COV-EVE-LEE,5,1+1+1+1+1,0,2.4792,100.0,12.5,-0.128,2.491561,False,
AVL-CHE-CRY-MUN-TOT,5,1+1+1+1+1,0,2.5455,2.8,2.33,-0.1903,2,"CRY,MUN","FUL,NFO",AVL-CHE-FUL-NFO-TOT,5,1+1+1+1+1,0,2.4792,100.0,12.5,-0.1683,2.491561,False,
AVL-CHE-CRY-TOT-SUN,5,1+1+1+1+1,1,2.5455,2.8,2.33,-0.1903,2,"CRY,SUN","FUL,NFO",AVL-CHE-FUL-NFO-TOT,5,1+1+1+1+1,0,2.4792,100.0,12.5,-0.1683,2.491561,False,
BRE-BHA-CHE-EVE-SUN,5,1+1+1+1+1,1,2.5455,2.8,2.33,-0.1903,2,"BHA,BRE","COV,MCI",CHE-COV-EVE-MCI-SUN,5,1+1+1+1+1,1,2.4792,100.0,12.5,-0.1133,2.491561,False,
BHA-CHE-CRY-TOT-SUN,5,1+1+1+1+1,1,2.5455,2.8,2.33,-0.1903,2,"BHA,CRY","BOU,NFO",BOU-CHE-NFO-TOT-SUN,5,1+1+1+1+1,1,2.4792,100.0,12.5,-0.1412,2.491561,False,
AVL-BRE-CHE-CRY-MUN,5,1+1+1+1+1,0,2.5455,2.8,2.33,-0.1872,2,"CRY,MUN","BOU,NFO",AVL-BOU-BRE-CHE-NFO,5,1+1+1+1+1,0,2.4792,100.0,6.2,-0.1001,2.491561,False,
AVL-BRE-CHE-CRY-SUN,5,1+1+1+1+1,1,2.5455,2.8,2.33,-0.1872,2,"CRY,SUN","BOU,NFO",AVL-BOU-BRE-CHE-NFO,5,1+1+1+1+1,0,2.4792,100.0,6.2,-0.1001,2.491561,False,
BHA-CHE-CRY-LIV-MUN,5,1+1+1+1+1,0,2.5455,2.8,2.33,-0.1872,2,"CHE,MUN","BOU,NFO",BOU-BHA-CRY-LIV-NFO,5,1+1+1+1+1,0,2.4792,100.0,18.8,-0.1001,2.491561,False,
BHA-CHE-CRY-LIV-SUN,5,1+1+1+1+1,1,2.5455,2.8,2.33,-0.1872,2,"CHE,CRY","COV,MCI",BHA-COV-LIV-MCI-SUN,5,1+1+1+1+1,1,2.4792,100.0,25.0,-0.1292,2.491561,False,
BHA-CHE-CRY-MCI-MUN,5,1+1+1+1+1,0,2.5455,2.8,2.33,-0.1872,2,"CHE,MUN","LIV,NFO",BHA-CRY-LIV-MCI-NFO,5,1+1+1+1+1,0,2.4792,100.0,25.0,-0.0977,2.491561,False,
BHA-CHE-CRY-MCI-SUN,5,1+1+1+1+1,1,2.5455,2.8,2.33,-0.1872,2,"CHE,CRY","COV,LIV",BHA-COV-LIV-MCI-SUN,5,1+1+1+1+1,1,2.4792,100.0,25.0,-0.1292,2.491561,False,
BHA-LEE-LIV-MUN-TOT,5,1+1+1+1+1,0,2.5455,2.8,2.33,-0.1866,2,"MUN,TOT","AVL,NFO",AVL-BHA-LEE-LIV-NFO,5,1+1+1+1+1,0,2.4792,100.0,12.5,-0.1076,2.491561,False,
BHA-LEE-LIV-TOT-SUN,5,1+1+1+1+1,1,2.5455,2.8,2.33,-0.1866,2,"LEE,TOT","COV,MCI",BHA-COV-LIV-MCI-SUN,5,1+1+1+1+1,1,2.4792,100.0,25.0,-0.1292,2.491561,False,
BHA-LEE-MCI-MUN-TOT,5,1+1+1+1+1,0,2.5455,2.8,2.33,-0.1866,2,"MUN,TOT","COV,FUL",BHA-COV-FUL-LEE-MCI,5,1+1+1+1+1,0,2.4792,100.0,12.5,-0.149,2.491561,False,
BHA-LEE-MCI-TOT-SUN,5,1+1+1+1+1,1,2.5455,2.8,2.33,-0.1866,2,"SUN,TOT","COV,FUL",BHA-COV-FUL-LEE-MCI,5,1+1+1+1+1,0,2.4792,100.0,12.5,-0.149,2.491561,False,
ARS-CHE-MCI-TOT-TOT,4,2+1+1+1,0,2.5455,2.8,2.33,-0.1744,2,"ARS,TOT","FUL,NEW",CHE-FUL-MCI-NEW-TOT,5,1+1+1+1+1,0,2.4792,100.0,12.5,-0.1474,2.491561,False,
CHE-IPS-LIV-TOT-TOT,4,2+1+1+1,0,2.5455,2.8,2.33,-0.1744,2,"TOT,TOT","BOU,NEW",BOU-CHE-IPS-LIV-NEW,5,1+1+1+1+1,0,2.4792,100.0,12.5,-0.1874,2.491561,False,
CHE-IPS-MCI-TOT-TOT,4,2+1+1+1,0,2.5455,2.8,2.33,-0.1744,2,"TOT,TOT","LIV,NEW",CHE-IPS-LIV-MCI-NEW,5,1+1+1+1+1,0,2.4792,100.0,12.5,-0.1753,2.491561,False,
ARS-AVL-LIV-LIV-TOT,4,2+1+1+1,0,2.5455,2.8,2.33,-0.1634,2,"LIV,TOT","BOU,COV",ARS-AVL-BOU-COV-LIV,5,1+1+1+1+1,0,2.4792,100.0,12.5,-0.124,2.491561,False,
ARS-AVL-MCI-MCI-TOT,4,2+1+1+1,0,2.5455,2.8,2.33,-0.1634,2,"MCI,TOT","COV,LIV",ARS-AVL-COV-LIV-MCI,5,1+1+1+1+1,0,2.4792,100.0,12.5,-0.0988,2.491561,False,
AVL-IPS-MCI-MCI-TOT,4,2+1+1+1,0,2.5455,2.8,2.33,-0.1634,2,"AVL,MCI","CHE,FUL",CHE-FUL-IPS-MCI-TOT,5,1+1+1+1+1,0,2.4792,100.0,18.8,-0.1129,2.491561,False,
BHA-IPS-MCI-MCI-TOT,4,2+1+1+1,0,2.5455,2.8,2.33,-0.1634,2,"BHA,MCI","CHE,FUL",CHE-FUL-IPS-MCI-TOT,5,1+1+1+1+1,0,2.4792,100.0,18.8,-0.1129,2.491561,False,
AVL-LEE-MUN-TOT-TOT,4,2+1+1+1,0,2.5455,2.8,2.33,-0.1598,2,"MUN,TOT","FUL,NFO",AVL-FUL-LEE-NFO-TOT,5,1+1+1+1+1,0,2.4792,100.0,0.0,-0.2008,2.491561,False,
AVL-LEE-TOT-TOT-SUN,4,2+1+1+1,1,2.5455,2.8,2.33,-0.1598,2,"SUN,TOT","FUL,NFO",AVL-FUL-LEE-NFO-TOT,5,1+1+1+1+1,0,2.4792,100.0,0.0,-0.2008,2.491561,False,
ARS-LIV-LIV-MCI-TOT,4,2+1+1+1,0,2.5455,2.8,2.33,-0.15,2,"LIV,TOT","AVL,COV",ARS-AVL-COV-LIV-MCI,5,1+1+1+1+1,0,2.4792,100.0,12.5,-0.0988,2.491561,False,
ARS-LIV-MCI-MCI-TOT,4,2+1+1+1,0,2.5455,2.8,2.33,-0.15,2,"MCI,TOT","AVL,COV",ARS-AVL-COV-LIV-MCI,5,1+1+1+1+1,0,2.4792,100.0,12.5,-0.0988,2.491561,False,
IPS-LIV-LIV-MCI-TOT,4,2+1+1+1,0,2.5455,2.8,2.33,-0.15,2,"LIV,TOT","CHE,NEW",CHE-IPS-LIV-MCI-NEW,5,1+1+1+1+1,0,2.4792,100.0,12.5,-0.1753,2.491561,False,
IPS-LIV-MCI-MCI-TOT,4,2+1+1+1,0,2.5455,2.8,2.33,-0.15,2,"MCI,TOT","CHE,NEW",CHE-IPS-LIV-MCI-NEW,5,1+1+1+1+1,0,2.4792,100.0,12.5,-0.1753,2.491561,False,
LEE-LIV-MCI-TOT-SUN,5,1+1+1+1+1,1,2.5455,2.8,2.33,-0.15,2,"LEE,TOT","BHA,COV",BHA-COV-LIV-MCI-SUN,5,1+1+1+1+1,1,2.4792,100.0,25.0,-0.1292,2.491561,False,
BHA-LEE-LIV-LIV-MUN,4,2+1+1+1,0,2.5455,2.8,2.33,-0.1134,2,"LIV,MUN","AVL,NFO",AVL-BHA-LEE-LIV-NFO,5,1+1+1+1+1,0,2.4792,100.0,12.5,-0.1076,2.491561,False,
BHA-LEE-LIV-LIV-SUN,4,2+1+1+1,1,2.5455,2.8,2.33,-0.1134,2,"LEE,LIV","COV,MCI",BHA-COV-LIV-MCI-SUN,5,1+1+1+1+1,1,2.4792,100.0,25.0,-0.1292,2.491561,False,
BHA-LEE-MCI-MCI-MUN,4,2+1+1+1,0,2.5455,2.8,2.33,-0.1134,2,"MCI,MUN","COV,FUL",BHA-COV-FUL-LEE-MCI,5,1+1+1+1+1,0,2.4792,100.0,12.5,-0.149,2.491561,False,
BHA-LEE-MCI-MCI-SUN,4,2+1+1+1,1,2.5455,2.8,2.33,-0.1134,2,"MCI,SUN","COV,FUL",BHA-COV-FUL-LEE-MCI,5,1+1+1+1+1,0,2.4792,100.0,12.5,-0.149,2.491561,False,
AVL-AVL-BRE-LEE-MUN,4,2+1+1+1,0,2.5455,2.8,2.33,-0.1,2,"BRE,MUN","CHE,COV",AVL-AVL-CHE-COV-LEE,4,2+1+1+1,0,2.4792,100.0,31.2,-0.1583,2.491561,False,
AVL-AVL-BRE-LEE-SUN,4,2+1+1+1,1,2.5455,2.8,2.33,-0.1,2,"BRE,SUN","CHE,COV",AVL-AVL-CHE-COV-LEE,4,2+1+1+1,0,2.4792,100.0,31.2,-0.1583,2.491561,False,
BHA-BHA-LEE-LIV-MUN,4,2+1+1+1,0,2.5455,2.8,2.33,-0.1,2,"BHA,MUN","AVL,NFO",AVL-BHA-LEE-LIV-NFO,5,1+1+1+1+1,0,2.4792,100.0,12.5,-0.1076,2.491561,False,
BHA-BHA-LEE-LIV-SUN,4,2+1+1+1,1,2.5455,2.8,2.33,-0.1,2,"BHA,LEE","COV,MCI",BHA-COV-LIV-MCI-SUN,5,1+1+1+1+1,1,2.4792,100.0,25.0,-0.1292,2.491561,False,
BHA-BHA-LEE-MCI-MUN,4,2+1+1+1,0,2.5455,2.8,2.33,-0.1,2,"BHA,MUN","COV,FUL",BHA-COV-FUL-LEE-MCI,5,1+1+1+1+1,0,2.4792,100.0,12.5,-0.149,2.491561,False,
BHA-BHA-LEE-MCI-SUN,4,2+1+1+1,1,2.5455,2.8,2.33,-0.1,2,"BHA,SUN","COV,FUL",BHA-COV-FUL-LEE-MCI,5,1+1+1+1+1,0,2.4792,100.0,12.5,-0.149,2.491561,False,
CHE-CHE-LEE-MCI-SUN,4,2+1+1+1,1,2.5455,2.8,2.33,-0.1,2,"CHE,LEE","COV,EVE",CHE-COV-EVE-MCI-SUN,5,1+1+1+1+1,1,2.4792,100.0,12.5,-0.1133,2.491561,False,
LEE-LIV-LIV-MCI-SUN,4,2+1+1+1,1,2.5455,2.8,2.33,-0.1,2,"LEE,LIV","BHA,COV",BHA-COV-LIV-MCI-SUN,5,1+1+1+1+1,1,2.4792,100.0,25.0,-0.1292,2.491561,False,
LEE-LIV-MCI-MCI-SUN,4,2+1+1+1,1,2.5455,2.8,2.33,-0.1,2,"LEE,MCI","BHA,COV",BHA-COV-LIV-MCI-SUN,5,1+1+1+1+1,1,2.4792,100.0,25.0,-0.1292,2.491561,False,
BRE-BRE-BHA-CHE-NFO,4,2+1+1+1,0,2.5455,2.8,2.33,-0.0967,2,"BRE,BRE","BOU,NFO",BOU-BHA-CHE-NFO-NFO,4,2+1+1+1,0,2.4792,100.0,18.8,-0.1158,2.491561,False,
ARS-BRE-BHA-CHE-MCI,5,1+1+1+1+1,0,2.5455,2.8,2.33,-0.0951,2,"ARS,BRE","COV,NFO",BHA-CHE-COV-MCI-NFO,5,1+1+1+1+1,0,2.4792,100.0,18.8,-0.0611,2.491561,False,
BRE-BHA-CHE-IPS-LIV,5,1+1+1+1+1,0,2.5455,2.8,2.33,-0.0951,2,"BHA,BRE","BOU,NEW",BOU-CHE-IPS-LIV-NEW,5,1+1+1+1+1,0,2.4792,100.0,12.5,-0.1874,2.491561,False,
BRE-BHA-CHE-IPS-MCI,5,1+1+1+1+1,0,2.5455,2.8,2.33,-0.0951,2,"BHA,BRE","LIV,NEW",CHE-IPS-LIV-MCI-NEW,5,1+1+1+1+1,0,2.4792,100.0,12.5,-0.1753,2.491561,False,
ARS-BHA-LIV-MCI-TOT,5,1+1+1+1+1,0,2.5455,2.8,2.33,-0.0634,2,"ARS,TOT","NEW,NFO",BHA-LIV-MCI-NEW-NFO,5,1+1+1+1+1,0,2.4792,100.0,12.5,-0.1303,2.491561,False,
BHA-IPS-LIV-MCI-TOT,5,1+1+1+1+1,0,2.5455,2.8,2.33,-0.0634,2,"BHA,TOT","CHE,NEW",CHE-IPS-LIV-MCI-NEW,5,1+1+1+1+1,0,2.4792,100.0,12.5,-0.1753,2.491561,False,
BHA-CHE-LEE-MUN-TOT,5,1+1+1+1+1,0,2.5455,2.8,2.33,-0.0513,2,"BHA,MUN","FUL,NFO",CHE-FUL-LEE-NFO-TOT,5,1+1+1+1+1,0,2.4792,100.0,6.2,-0.1838,2.491561,False,
BHA-CHE-LEE-TOT-SUN,5,1+1+1+1+1,1,2.5455,2.8,2.33,-0.0513,2,"BHA,SUN","FUL,NFO",CHE-FUL-LEE-NFO-TOT,5,1+1+1+1+1,0,2.4792,100.0,6.2,-0.1838,2.491561,False,
BHA-LIV-LIV-NFO-TOT,4,2+1+1+1,0,2.5455,2.8,2.33,-0.05,2,"LIV,TOT","BOU,NEW",BOU-BHA-LIV-NEW-NFO,5,1+1+1+1+1,0,2.4792,100.0,12.5,-0.1525,2.491561,False,
BHA-MCI-MCI-NFO-TOT,4,2+1+1+1,0,2.5455,2.8,2.33,-0.05,2,"MCI,TOT","LIV,NEW",BHA-LIV-MCI-NEW-NFO,5,1+1+1+1+1,0,2.4792,100.0,12.5,-0.1303,2.491561,False,
CHE-LEE-MCI-MUN-TOT,5,1+1+1+1+1,0,2.5455,2.8,2.33,-0.0244,2,"MCI,MUN","FUL,NFO",CHE-FUL-LEE-NFO-TOT,5,1+1+1+1+1,0,2.4792,100.0,6.2,-0.1838,2.491561,False,
CHE-LEE-MCI-TOT-SUN,5,1+1+1+1+1,1,2.5455,2.8,2.33,-0.0244,2,"MCI,SUN","FUL,NFO",CHE-FUL-LEE-NFO-TOT,5,1+1+1+1+1,0,2.4792,100.0,6.2,-0.1838,2.491561,False,
BRE-BHA-LEE-LIV-MUN,5,1+1+1+1+1,0,2.5455,2.8,2.33,-0.0134,2,"BRE,MUN","AVL,NFO",AVL-BHA-LEE-LIV-NFO,5,1+1+1+1+1,0,2.4792,100.0,12.5,-0.1076,2.491561,False,
BRE-BHA-LEE-LIV-SUN,5,1+1+1+1+1,1,2.5455,2.8,2.33,-0.0134,2,"BRE,LEE","COV,MCI",BHA-COV-LIV-MCI-SUN,5,1+1+1+1+1,1,2.4792,100.0,25.0,-0.1292,2.491561,False,
BRE-BHA-LEE-MCI-MUN,5,1+1+1+1+1,0,2.5455,2.8,2.33,-0.0134,2,"BRE,MUN","COV,FUL",BHA-COV-FUL-LEE-MCI,5,1+1+1+1+1,0,2.4792,100.0,12.5,-0.149,2.491561,False,
BRE-BHA-LEE-MCI-SUN,5,1+1+1+1+1,1,2.5455,2.8,2.33,-0.0134,2,"BRE,SUN","COV,FUL",BHA-COV-FUL-LEE-MCI,5,1+1+1+1+1,0,2.4792,100.0,12.5,-0.149,2.491561,False,
BHA-LEE-LIV-MCI-MUN,5,1+1+1+1+1,0,2.5455,2.8,2.33,-0.0134,2,"LIV,MUN","COV,FUL",BHA-COV-FUL-LEE-MCI,5,1+1+1+1+1,0,2.4792,100.0,12.5,-0.149,2.491561,False,
BHA-LEE-LIV-MCI-SUN,5,1+1+1+1+1,1,2.5455,2.8,2.33,-0.0134,2,"LIV,SUN","COV,FUL",BHA-COV-FUL-LEE-MCI,5,1+1+1+1+1,0,2.4792,100.0,12.5,-0.149,2.491561,False,
AVL-CHE-MUN-TOT-TOT,4,2+1+1+1,0,2.5455,2.8,2.33,-0.0123,2,"MUN,TOT","FUL,NFO",AVL-CHE-FUL-NFO-TOT,5,1+1+1+1+1,0,2.4792,100.0,12.5,-0.1683,2.491561,False,
AVL-CHE-TOT-TOT-SUN,4,2+1+1+1,1,2.5455,2.8,2.33,-0.0123,2,"SUN,TOT","FUL,NFO",AVL-CHE-FUL-NFO-TOT,5,1+1+1+1+1,0,2.4792,100.0,12.5,-0.1683,2.491561,False,
BHA-CHE-TOT-TOT-SUN,4,2+1+1+1,1,2.5455,2.8,2.33,-0.0123,2,"BHA,TOT","BOU,NFO",BOU-CHE-NFO-TOT-SUN,5,1+1+1+1+1,1,2.4792,100.0,12.5,-0.1412,2.491561,False,
BRE-LEE-LIV-MCI-SUN,5,1+1+1+1+1,1,2.5455,2.8,2.33,0.0,2,"BRE,LEE","BHA,COV",BHA-COV-LIV-MCI-SUN,5,1+1+1+1+1,1,2.4792,100.0,25.0,-0.1292,2.491561,False,
CRY-LIV-LIV-MCI-MUN,4,2+1+1+1,0,2.5455,2.8,2.33,0.0,2,"LIV,MUN","AVL,NEW",AVL-CRY-LIV-MCI-NEW,5,1+1+1+1+1,0,2.4792,100.0,12.5,-0.1535,2.491561,False,
CRY-LIV-LIV-MCI-SUN,4,2+1+1+1,1,2.5455,2.8,2.33,0.0,2,"LIV,SUN","AVL,NEW",AVL-CRY-LIV-MCI-NEW,5,1+1+1+1+1,0,2.4792,100.0,12.5,-0.1535,2.491561,False,
CRY-LIV-MCI-MCI-MUN,4,2+1+1+1,0,2.5455,2.8,2.33,0.0,2,"MCI,MUN","AVL,NEW",AVL-CRY-LIV-MCI-NEW,5,1+1+1+1+1,0,2.4792,100.0,12.5,-0.1535,2.491561,False,
CRY-LIV-MCI-MCI-SUN,4,2+1+1+1,1,2.5455,2.8,2.33,0.0,2,"MCI,SUN","AVL,NEW",AVL-CRY-LIV-MCI-NEW,5,1+1+1+1+1,0,2.4792,100.0,12.5,-0.1535,2.491561,False,
EVE-LIV-MUN-TOT-TOT,4,2+1+1+1,0,2.5455,2.8,2.33,-0.0,2,"MUN,TOT","NEW,NFO",EVE-LIV-NEW-NFO-TOT,5,1+1+1+1+1,0,2.4792,100.0,25.0,-0.1014,2.491561,False,
EVE-LIV-TOT-TOT-SUN,4,2+1+1+1,1,2.5455,2.8,2.33,-0.0,2,"SUN,TOT","NEW,NFO",EVE-LIV-NEW-NFO-TOT,5,1+1+1+1+1,0,2.4792,100.0,25.0,-0.1014,2.491561,False,
EVE-MCI-TOT-TOT-SUN,4,2+1+1+1,1,2.5455,2.8,2.33,-0.0,2,"TOT,TOT","CHE,COV",CHE-COV-EVE-MCI-SUN,5,1+1+1+1+1,1,2.4792,100.0,12.5,-0.1133,2.491561,False,
AVL-CHE-CHE-MUN-TOT,4,2+1+1+1,0,2.5455,2.8,2.33,0.0206,2,"CHE,MUN","FUL,NFO",AVL-CHE-FUL-NFO-TOT,5,1+1+1+1+1,0,2.4792,100.0,12.5,-0.1683,2.491561,False,
AVL-CHE-CHE-TOT-SUN,4,2+1+1+1,1,2.5455,2.8,2.33,0.0206,2,"CHE,SUN","FUL,NFO",AVL-CHE-FUL-NFO-TOT,5,1+1+1+1+1,0,2.4792,100.0,12.5,-0.1683,2.491561,False,
BHA-CHE-CHE-TOT-SUN,4,2+1+1+1,1,2.5455,2.8,2.33,0.0206,2,"BHA,CHE","BOU,NFO",BOU-CHE-NFO-TOT-SUN,5,1+1+1+1+1,1,2.4792,100.0,12.5,-0.1412,2.491561,False,
AVL-CRY-LIV-LIV-MUN,4,2+1+1+1,0,2.5455,2.8,2.33,0.0232,2,"LIV,MUN","BOU,NEW",AVL-BOU-CRY-LIV-NEW,5,1+1+1+1+1,0,2.4792,100.0,6.2,-0.1674,2.491561,False,
AVL-CRY-LIV-LIV-SUN,4,2+1+1+1,1,2.5455,2.8,2.33,0.0232,2,"LIV,SUN","BOU,NEW",AVL-BOU-CRY-LIV-NEW,5,1+1+1+1+1,0,2.4792,100.0,6.2,-0.1674,2.491561,False,
AVL-CRY-MCI-MCI-MUN,4,2+1+1+1,0,2.5455,2.8,2.33,0.0232,2,"MCI,MUN","LIV,NEW",AVL-CRY-LIV-MCI-NEW,5,1+1+1+1+1,0,2.4792,100.0,12.5,-0.1535,2.491561,False,
AVL-CRY-MCI-MCI-SUN,4,2+1+1+1,1,2.5455,2.8,2.33,0.0232,2,"MCI,SUN","LIV,NEW",AVL-CRY-LIV-MCI-NEW,5,1+1+1+1+1,0,2.4792,100.0,12.5,-0.1535,2.491561,False,
BHA-CRY-LIV-LIV-MUN,4,2+1+1+1,0,2.5455,2.8,2.33,0.0232,2,"LIV,MUN","BOU,NFO",BOU-BHA-CRY-LIV-NFO,5,1+1+1+1+1,0,2.4792,100.0,18.8,-0.1001,2.491561,False,
BHA-CRY-LIV-LIV-SUN,4,2+1+1+1,1,2.5455,2.8,2.33,0.0232,2,"CRY,LIV","COV,MCI",BHA-COV-LIV-MCI-SUN,5,1+1+1+1+1,1,2.4792,100.0,25.0,-0.1292,2.491561,False,
BHA-CRY-MCI-MCI-MUN,4,2+1+1+1,0,2.5455,2.8,2.33,0.0232,2,"MCI,MUN","LIV,NFO",BHA-CRY-LIV-MCI-NFO,5,1+1+1+1+1,0,2.4792,100.0,25.0,-0.0977,2.491561,False,
BHA-CRY-MCI-MCI-SUN,4,2+1+1+1,1,2.5455,2.8,2.33,0.0232,2,"CRY,MCI","COV,LIV",BHA-COV-LIV-MCI-SUN,5,1+1+1+1+1,1,2.4792,100.0,25.0,-0.1292,2.491561,False,
CHE-CHE-LIV-TOT-SUN,4,2+1+1+1,1,2.5455,2.8,2.33,0.0512,2,"CHE,LIV","BOU,NFO",BOU-CHE-NFO-TOT-SUN,5,1+1+1+1+1,1,2.4792,100.0,12.5,-0.1412,2.491561,False,
CHE-CHE-MCI-MUN-TOT,4,2+1+1+1,0,2.5455,2.8,2.33,0.0512,2,"CHE,MUN","FUL,NEW",CHE-FUL-MCI-NEW-TOT,5,1+1+1+1+1,0,2.4792,100.0,12.5,-0.1474,2.491561,False,
CHE-CHE-MCI-TOT-SUN,4,2+1+1+1,1,2.5455,2.8,2.33,0.0512,2,"CHE,SUN","FUL,NEW",CHE-FUL-MCI-NEW-TOT,5,1+1+1+1+1,0,2.4792,100.0,12.5,-0.1474,2.491561,False,
CHE-LIV-TOT-TOT-SUN,4,2+1+1+1,1,2.5455,2.8,2.33,0.0512,2,"LIV,TOT","BOU,NFO",BOU-CHE-NFO-TOT-SUN,5,1+1+1+1+1,1,2.4792,100.0,12.5,-0.1412,2.491561,False,
CHE-MCI-MUN-TOT-TOT,4,2+1+1+1,0,2.5455,2.8,2.33,0.0512,2,"MUN,TOT","FUL,NEW",CHE-FUL-MCI-NEW-TOT,5,1+1+1+1+1,0,2.4792,100.0,12.5,-0.1474,2.491561,False,
CHE-MCI-TOT-TOT-SUN,4,2+1+1+1,1,2.5455,2.8,2.33,0.0512,2,"SUN,TOT","FUL,NEW",CHE-FUL-MCI-NEW-TOT,5,1+1+1+1+1,0,2.4792,100.0,12.5,-0.1474,2.491561,False,
AVL-AVL-BRE-MCI-MUN,4,2+1+1+1,0,2.5455,2.8,2.33,0.0732,2,"AVL,MUN","COV,FUL",AVL-BRE-COV-FUL-MCI,5,1+1+1+1+1,0,2.4792,100.0,18.8,-0.1384,2.491561,False,
AVL-AVL-BRE-MCI-SUN,4,2+1+1+1,1,2.5455,2.8,2.33,0.0732,2,"AVL,SUN","COV,FUL",AVL-BRE-COV-FUL-MCI,5,1+1+1+1+1,0,2.4792,100.0,18.8,-0.1384,2.491561,False,
AVL-BRE-BRE-MCI-MUN,4,2+1+1+1,0,2.5455,2.8,2.33,0.0732,2,"BRE,MUN","COV,FUL",AVL-BRE-COV-FUL-MCI,5,1+1+1+1+1,0,2.4792,100.0,18.8,-0.1384,2.491561,False,
AVL-BRE-BRE-MCI-SUN,4,2+1+1+1,1,2.5455,2.8,2.33,0.0732,2,"BRE,SUN","COV,FUL",AVL-BRE-COV-FUL-MCI,5,1+1+1+1+1,0,2.4792,100.0,18.8,-0.1384,2.491561,False,
AVL-BRE-MCI-MCI-MUN,4,2+1+1+1,0,2.5455,2.8,2.33,0.0732,2,"MCI,MUN","COV,FUL",AVL-BRE-COV-FUL-MCI,5,1+1+1+1+1,0,2.4792,100.0,18.8,-0.1384,2.491561,False,
AVL-BRE-MCI-MCI-SUN,4,2+1+1+1,1,2.5455,2.8,2.33,0.0732,2,"MCI,SUN","COV,FUL",AVL-BRE-COV-FUL-MCI,5,1+1+1+1+1,0,2.4792,100.0,18.8,-0.1384,2.491561,False,
BRE-BRE-BHA-LIV-SUN,4,2+1+1+1,1,2.5455,2.8,2.33,0.0732,2,"BRE,BRE","COV,MCI",BHA-COV-LIV-MCI-SUN,5,1+1+1+1+1,1,2.4792,100.0,25.0,-0.1292,2.491561,False,
BRE-BRE-BHA-MCI-SUN,4,2+1+1+1,1,2.5455,2.8,2.33,0.0732,2,"BRE,BRE","COV,LIV",BHA-COV-LIV-MCI-SUN,5,1+1+1+1+1,1,2.4792,100.0,25.0,-0.1292,2.491561,False,
BRE-BHA-BHA-LIV-SUN,4,2+1+1+1,1,2.5455,2.8,2.33,0.0732,2,"BHA,BRE","COV,MCI",BHA-COV-LIV-MCI-SUN,5,1+1+1+1+1,1,2.4792,100.0,25.0,-0.1292,2.491561,False,
BRE-BHA-BHA-MCI-SUN,4,2+1+1+1,1,2.5455,2.8,2.33,0.0732,2,"BHA,BRE","COV,LIV",BHA-COV-LIV-MCI-SUN,5,1+1+1+1+1,1,2.4792,100.0,25.0,-0.1292,2.491561,False,
BRE-BHA-LIV-LIV-SUN,4,2+1+1+1,1,2.5455,2.8,2.33,0.0732,2,"BRE,LIV","COV,MCI",BHA-COV-LIV-MCI-SUN,5,1+1+1+1+1,1,2.4792,100.0,25.0,-0.1292,2.491561,False,
BRE-BHA-MCI-MCI-SUN,4,2+1+1+1,1,2.5455,2.8,2.33,0.0732,2,"BRE,MCI","COV,LIV",BHA-COV-LIV-MCI-SUN,5,1+1+1+1+1,1,2.4792,100.0,25.0,-0.1292,2.491561,False,
BHA-BHA-LIV-MCI-MUN,4,2+1+1+1,0,2.5455,2.8,2.33,0.0732,2,"BHA,MUN","NEW,NFO",BHA-LIV-MCI-NEW-NFO,5,1+1+1+1+1,0,2.4792,100.0,12.5,-0.1303,2.491561,False,
BHA-BHA-LIV-MCI-SUN,4,2+1+1+1,1,2.5455,2.8,2.33,0.0732,2,"BHA,SUN","NEW,NFO",BHA-LIV-MCI-NEW-NFO,5,1+1+1+1+1,0,2.4792,100.0,12.5,-0.1303,2.491561,False,
BHA-LIV-LIV-MCI-MUN,4,2+1+1+1,0,2.5455,2.8,2.33,0.0732,2,"LIV,MUN","NEW,NFO",BHA-LIV-MCI-NEW-NFO,5,1+1+1+1+1,0,2.4792,100.0,12.5,-0.1303,2.491561,False,
BHA-LIV-LIV-MCI-SUN,4,2+1+1+1,1,2.5455,2.8,2.33,0.0732,2,"LIV,SUN","NEW,NFO",BHA-LIV-MCI-NEW-NFO,5,1+1+1+1+1,0,2.4792,100.0,12.5,-0.1303,2.491561,False,
BHA-LIV-MCI-MCI-MUN,4,2+1+1+1,0,2.5455,2.8,2.33,0.0732,2,"MCI,MUN","NEW,NFO",BHA-LIV-MCI-NEW-NFO,5,1+1+1+1+1,0,2.4792,100.0,12.5,-0.1303,2.491561,False,
BHA-LIV-MCI-MCI-SUN,4,2+1+1+1,1,2.5455,2.8,2.33,0.0732,2,"MCI,SUN","NEW,NFO",BHA-LIV-MCI-NEW-NFO,5,1+1+1+1+1,0,2.4792,100.0,12.5,-0.1303,2.491561,False,
BRE-BRE-LIV-MCI-SUN,4,2+1+1+1,1,2.5455,2.8,2.33,0.1,2,"BRE,BRE","BHA,COV",BHA-COV-LIV-MCI-SUN,5,1+1+1+1+1,1,2.4792,100.0,25.0,-0.1292,2.491561,False,
BRE-CRY-LIV-MCI-MUN,5,1+1+1+1+1,0,2.5455,2.8,2.33,0.1,2,"BRE,MUN","AVL,NEW",AVL-CRY-LIV-MCI-NEW,5,1+1+1+1+1,0,2.4792,100.0,12.5,-0.1535,2.491561,False,
BRE-CRY-LIV-MCI-SUN,5,1+1+1+1+1,1,2.5455,2.8,2.33,0.1,2,"BRE,SUN","AVL,NEW",AVL-CRY-LIV-MCI-NEW,5,1+1+1+1+1,0,2.4792,100.0,12.5,-0.1535,2.491561,False,
BRE-LIV-LIV-MCI-SUN,4,2+1+1+1,1,2.5455,2.8,2.33,0.1,2,"BRE,LIV","BHA,COV",BHA-COV-LIV-MCI-SUN,5,1+1+1+1+1,1,2.4792,100.0,25.0,-0.1292,2.491561,False,
BRE-LIV-MCI-MCI-SUN,4,2+1+1+1,1,2.5455,2.8,2.33,0.1,2,"BRE,MCI","BHA,COV",BHA-COV-LIV-MCI-SUN,5,1+1+1+1+1,1,2.4792,100.0,25.0,-0.1292,2.491561,False,
AVL-CHE-EVE-MUN-TOT,5,1+1+1+1+1,0,2.5455,2.8,2.33,0.1066,2,"EVE,MUN","FUL,NFO",AVL-CHE-FUL-NFO-TOT,5,1+1+1+1+1,0,2.4792,100.0,12.5,-0.1683,2.491561,False,
AVL-CHE-EVE-TOT-SUN,5,1+1+1+1+1,1,2.5455,2.8,2.33,0.1066,2,"EVE,SUN","FUL,NFO",AVL-CHE-FUL-NFO-TOT,5,1+1+1+1+1,0,2.4792,100.0,12.5,-0.1683,2.491561,False,
BHA-CHE-EVE-MUN-TOT,5,1+1+1+1+1,0,2.5455,2.8,2.33,0.1066,2,"BHA,MUN","FUL,NFO",CHE-EVE-FUL-NFO-TOT,5,1+1+1+1+1,0,2.4792,100.0,6.2,-0.1683,2.491561,False,
BHA-CHE-EVE-TOT-SUN,5,1+1+1+1+1,1,2.5455,2.8,2.33,0.1066,2,"BHA,SUN","FUL,NFO",CHE-EVE-FUL-NFO-TOT,5,1+1+1+1+1,0,2.4792,100.0,6.2,-0.1683,2.491561,False,
AVL-BRE-CRY-LIV-MUN,5,1+1+1+1+1,0,2.5455,2.8,2.33,0.1232,2,"BRE,MUN","BOU,NEW",AVL-BOU-CRY-LIV-NEW,5,1+1+1+1+1,0,2.4792,100.0,6.2,-0.1674,2.491561,False,
AVL-BRE-CRY-LIV-SUN,5,1+1+1+1+1,1,2.5455,2.8,2.33,0.1232,2,"BRE,SUN","BOU,NEW",AVL-BOU-CRY-LIV-NEW,5,1+1+1+1+1,0,2.4792,100.0,6.2,-0.1674,2.491561,False,
AVL-BRE-CRY-MCI-MUN,5,1+1+1+1+1,0,2.5455,2.8,2.33,0.1232,2,"BRE,MUN","LIV,NEW",AVL-CRY-LIV-MCI-NEW,5,1+1+1+1+1,0,2.4792,100.0,12.5,-0.1535,2.491561,False,
AVL-BRE-CRY-MCI-SUN,5,1+1+1+1+1,1,2.5455,2.8,2.33,0.1232,2,"BRE,SUN","LIV,NEW",AVL-CRY-LIV-MCI-NEW,5,1+1+1+1+1,0,2.4792,100.0,12.5,-0.1535,2.491561,False,
BRE-BHA-CRY-LIV-MUN,5,1+1+1+1+1,0,2.5455,2.8,2.33,0.1232,2,"BRE,MUN","BOU,NFO",BOU-BHA-CRY-LIV-NFO,5,1+1+1+1+1,0,2.4792,100.0,18.8,-0.1001,2.491561,False,
BRE-BHA-CRY-LIV-SUN,5,1+1+1+1+1,1,2.5455,2.8,2.33,0.1232,2,"BRE,CRY","COV,MCI",BHA-COV-LIV-MCI-SUN,5,1+1+1+1+1,1,2.4792,100.0,25.0,-0.1292,2.491561,False,
BRE-BHA-CRY-MCI-MUN,5,1+1+1+1+1,0,2.5455,2.8,2.33,0.1232,2,"BRE,MUN","LIV,NFO",BHA-CRY-LIV-MCI-NFO,5,1+1+1+1+1,0,2.4792,100.0,25.0,-0.0977,2.491561,False,
BRE-BHA-CRY-MCI-SUN,5,1+1+1+1+1,1,2.5455,2.8,2.33,0.1232,2,"BRE,CRY","COV,LIV",BHA-COV-LIV-MCI-SUN,5,1+1+1+1+1,1,2.4792,100.0,25.0,-0.1292,2.491561,False,
BHA-CRY-LIV-MCI-MUN,5,1+1+1+1+1,0,2.5455,2.8,2.33,0.1232,2,"BHA,MUN","AVL,NEW",AVL-CRY-LIV-MCI-NEW,5,1+1+1+1+1,0,2.4792,100.0,12.5,-0.1535,2.491561,False,
BHA-CRY-LIV-MCI-SUN,5,1+1+1+1+1,1,2.5455,2.8,2.33,0.1232,2,"BHA,SUN","AVL,NEW",AVL-CRY-LIV-MCI-NEW,5,1+1+1+1+1,0,2.4792,100.0,12.5,-0.1535,2.491561,False,
BRE-BHA-LIV-MCI-MUN,5,1+1+1+1+1,0,2.5455,2.8,2.33,0.1732,2,"BRE,MUN","NEW,NFO",BHA-LIV-MCI-NEW-NFO,5,1+1+1+1+1,0,2.4792,100.0,12.5,-0.1303,2.491561,False,
BRE-BHA-LIV-MCI-SUN,5,1+1+1+1+1,1,2.5455,2.8,2.33,0.1732,2,"BRE,SUN","NEW,NFO",BHA-LIV-MCI-NEW-NFO,5,1+1+1+1+1,0,2.4792,100.0,12.5,-0.1303,2.491561,False,
BRE-BHA-CHE-CHE-MCI,4,2+1+1+1,0,2.5455,3.0,2.17,-0.3012,2,"BRE,CHE","COV,NFO",BHA-CHE-COV-MCI-NFO,5,1+1+1+1+1,0,2.4792,100.0,18.8,-0.0611,2.491561,False,
BHA-CHE-CHE-MCI-TOT,4,2+1+1+1,0,2.5455,3.0,2.17,-0.2842,2,"BHA,CHE","FUL,NEW",CHE-FUL-MCI-NEW-TOT,5,1+1+1+1+1,0,2.4792,100.0,12.5,-0.1474,2.491561,False,
BHA-BHA-CHE-MCI-TOT,4,2+1+1+1,0,2.5455,3.0,2.17,-0.2653,2,"BHA,BHA","FUL,NEW",CHE-FUL-MCI-NEW-TOT,5,1+1+1+1+1,0,2.4792,100.0,12.5,-0.1474,2.491561,False,
BHA-CHE-MCI-TOT-TOT,4,2+1+1+1,0,2.5455,3.0,2.17,-0.2281,2,"BHA,TOT","FUL,NEW",CHE-FUL-MCI-NEW-TOT,5,1+1+1+1+1,0,2.4792,100.0,12.5,-0.1474,2.491561,False,
BHA-CHE-MCI-MCI-TOT,4,2+1+1+1,0,2.5455,3.0,2.17,-0.225,2,"BHA,MCI","FUL,NEW",CHE-FUL-MCI-NEW-TOT,5,1+1+1+1+1,0,2.4792,100.0,12.5,-0.1474,2.491561,False,
BHA-LIV-MCI-TOT-TOT,4,2+1+1+1,0,2.5455,3.0,2.17,-0.1,2,"TOT,TOT","NEW,NFO",BHA-LIV-MCI-NEW-NFO,5,1+1+1+1+1,0,2.4792,100.0,12.5,-0.1303,2.491561,False,
ARS-MUN-NFO-NFO-SUN,4,2+1+1+1,1,2.4545,2.0,2.83,0.3732,2,"MUN,NFO","BOU,TOT",ARS-BOU-NFO-TOT-SUN,5,1+1+1+1+1,1,2.5208,100.0,12.5,-0.1389,2.508439,False,
ARS-ARS-MUN-NFO-SUN,4,2+1+1+1,1,2.4545,2.0,2.83,0.4732,2,"ARS,MUN","BOU,TOT",ARS-BOU-NFO-TOT-SUN,5,1+1+1+1+1,1,2.5208,100.0,12.5,-0.1389,2.508439,False,
ARS-IPS-MUN-MUN-NFO,4,2+1+1+1,0,2.4545,2.0,2.83,0.4732,2,"MUN,MUN","BOU,BOU",ARS-BOU-BOU-IPS-NFO,4,2+1+1+1,0,2.5208,100.0,25.0,-0.127,2.508439,False,
ARS-BHA-MUN-MUN-NFO,4,2+1+1+1,0,2.4545,2.2,2.67,0.0634,2,"MUN,MUN","BOU,COV",ARS-BOU-BHA-COV-NFO,5,1+1+1+1+1,0,2.5208,100.0,6.2,-0.114,2.508439,False,
ARS-ARS-AVL-MUN-SUN,4,2+1+1+1,1,2.4545,2.2,2.67,0.1268,2,"ARS,MUN","LEE,MCI",ARS-AVL-LEE-MCI-SUN,5,1+1+1+1+1,1,2.5208,100.0,6.2,-0.1686,2.508439,False,
ARS-AVL-IPS-MUN-MUN,4,2+1+1+1,0,2.4545,2.2,2.67,0.1268,2,"MUN,MUN","LEE,MCI",ARS-AVL-IPS-LEE-MCI,5,1+1+1+1+1,0,2.5208,100.0,6.2,-0.1765,2.508439,False,
ARS-ARS-LEE-MUN-SUN,4,2+1+1+1,1,2.4545,2.2,2.67,0.3,2,"ARS,MUN","AVL,MCI",ARS-AVL-LEE-MCI-SUN,5,1+1+1+1+1,1,2.5208,100.0,6.2,-0.1686,2.508439,False,
ARS-IPS-LEE-MUN-MUN,4,2+1+1+1,0,2.4545,2.2,2.67,0.3,2,"MUN,MUN","AVL,MCI",ARS-AVL-IPS-LEE-MCI,5,1+1+1+1+1,0,2.5208,100.0,6.2,-0.1765,2.508439,False,
ARS-EVE-MUN-MUN-NFO,4,2+1+1+1,0,2.4545,2.2,2.67,0.4366,2,"ARS,MUN","COV,LIV",COV-EVE-LIV-MUN-NFO,5,1+1+1+1+1,0,2.5208,100.0,18.8,-0.0945,2.508439,False,
EVE-IPS-MUN-MUN-NFO,4,2+1+1+1,0,2.4545,2.2,2.67,0.4366,2,"IPS,MUN","COV,LIV",COV-EVE-LIV-MUN-NFO,5,1+1+1+1+1,0,2.5208,100.0,18.8,-0.0945,2.508439,False,
ARS-ARS-CHE-MUN-SUN,4,2+1+1+1,1,2.4545,2.2,2.67,0.5268,2,"ARS,MUN","BOU,TOT",ARS-BOU-CHE-TOT-SUN,5,1+1+1+1+1,1,2.5208,100.0,6.2,-0.099,2.508439,False,
ARS-CHE-IPS-MUN-MUN,4,2+1+1+1,0,2.4545,2.2,2.67,0.5268,2,"MUN,MUN","AVL,BOU",ARS-AVL-BOU-CHE-IPS,5,1+1+1+1+1,0,2.5208,100.0,6.2,-0.1159,2.508439,False,
ARS-ARS-LIV-MUN-TOT,4,2+1+1+1,0,2.4545,2.4,2.5,-0.2,2,"ARS,ARS","EVE,NFO",EVE-LIV-MUN-NFO-TOT,5,1+1+1+1+1,0,2.5208,100.0,12.5,-0.0809,2.508439,False,
ARS-IPS-LIV-LIV-MUN,4,2+1+1+1,0,2.4545,2.4,2.5,-0.2,2,"LIV,MUN","BOU,CRY",ARS-BOU-CRY-IPS-LIV,5,1+1+1+1+1,0,2.5208,100.0,6.2,-0.1634,2.508439,False,
IPS-IPS-LIV-MUN-TOT,4,2+1+1+1,0,2.4545,2.4,2.5,-0.2,2,"IPS,IPS","EVE,NFO",EVE-LIV-MUN-NFO-TOT,5,1+1+1+1+1,0,2.5208,100.0,12.5,-0.0809,2.508439,False,
ARS-BRE-BRE-NFO-SUN,4,2+1+1+1,1,2.4545,2.4,2.5,-0.1634,2,"BRE,BRE","BOU,TOT",ARS-BOU-NFO-TOT-SUN,5,1+1+1+1+1,1,2.5208,100.0,12.5,-0.1389,2.508439,False,
BRE-CRY-MUN-MUN-NFO,4,2+1+1+1,0,2.4545,2.4,2.5,-0.1634,2,"BRE,MUN","BOU,LIV",BOU-CRY-LIV-MUN-NFO,5,1+1+1+1+1,0,2.5208,100.0,18.8,-0.1221,2.508439,False,
ARS-BRE-CRY-SUN-SUN,4,2+1+1+1,2,2.4545,2.4,2.5,-0.15,2,"BRE,SUN","LIV,MCI",ARS-CRY-LIV-MCI-SUN,5,1+1+1+1+1,1,2.5208,100.0,12.5,-0.1074,2.508439,False,
ARS-BRE-LEE-SUN-SUN,4,2+1+1+1,2,2.4545,2.4,2.5,-0.15,2,"BRE,SUN","AVL,MCI",ARS-AVL-LEE-MCI-SUN,5,1+1+1+1+1,1,2.5208,100.0,6.2,-0.1686,2.508439,False,
BRE-CRY-IPS-MUN-MUN,4,2+1+1+1,0,2.4545,2.4,2.5,-0.15,2,"MUN,MUN","FUL,MCI",BRE-CRY-FUL-IPS-MCI,5,1+1+1+1+1,0,2.5208,100.0,6.2,-0.1383,2.508439,False,
IPS-LEE-LIV-MUN-MUN,4,2+1+1+1,0,2.4545,2.4,2.5,-0.15,2,"MUN,MUN","CHE,HUL",CHE-HUL-IPS-LEE-LIV,5,1+1+1+1+1,0,2.5208,100.0,12.5,-0.1502,2.508439,False,
ARS-AVL-AVL-MUN-SUN,4,2+1+1+1,1,2.4545,2.4,2.5,-0.1464,2,"AVL,MUN","LEE,MCI",ARS-AVL-LEE-MCI-SUN,5,1+1+1+1+1,1,2.5208,100.0,6.2,-0.1686,2.508439,False,
ARS-BRE-IPS-LIV-MUN,5,1+1+1+1+1,0,2.4545,2.4,2.5,-0.1,2,"BRE,MUN","BOU,CRY",ARS-BOU-CRY-IPS-LIV,5,1+1+1+1+1,0,2.5208,100.0,6.2,-0.1634,2.508439,False,
ARS-IPS-LIV-MUN-TOT,5,1+1+1+1+1,0,2.4545,2.4,2.5,-0.1,2,"MUN,TOT","BOU,CRY",ARS-BOU-CRY-IPS-LIV,5,1+1+1+1+1,0,2.5208,100.0,6.2,-0.1634,2.508439,False,
BRE-EVE-MUN-MUN-NFO,4,2+1+1+1,0,2.4545,2.4,2.5,-0.1,2,"BRE,MUN","COV,LIV",COV-EVE-LIV-MUN-NFO,5,1+1+1+1+1,0,2.5208,100.0,18.8,-0.0945,2.508439,False,
ARS-BHA-LEE-MUN-MUN,4,2+1+1+1,0,2.4545,2.4,2.5,-0.0732,2,"MUN,MUN","COV,MCI",ARS-BHA-COV-LEE-MCI,5,1+1+1+1+1,0,2.5208,100.0,12.5,-0.1511,2.508439,False,
BRE-CRY-MUN-NFO-SUN,5,1+1+1+1+1,1,2.4545,2.4,2.5,-0.0634,2,"BRE,SUN","BOU,LIV",BOU-CRY-LIV-MUN-NFO,5,1+1+1+1+1,0,2.5208,100.0,18.8,-0.1221,2.508439,False,
ARS-BRE-CRY-MUN-SUN,5,1+1+1+1+1,1,2.4545,2.4,2.5,-0.05,2,"BRE,MUN","LIV,MCI",ARS-CRY-LIV-MCI-SUN,5,1+1+1+1+1,1,2.5208,100.0,12.5,-0.1074,2.508439,False,
ARS-BRE-LEE-MUN-SUN,5,1+1+1+1+1,1,2.4545,2.4,2.5,-0.05,2,"BRE,MUN","AVL,MCI",ARS-AVL-LEE-MCI-SUN,5,1+1+1+1+1,1,2.5208,100.0,6.2,-0.1686,2.508439,False,
ARS-BRE-EVE-SUN-SUN,4,2+1+1+1,2,2.4545,2.4,2.5,0.0,2,"BRE,SUN","BOU,CHE",ARS-BOU-CHE-EVE-SUN,5,1+1+1+1+1,1,2.5208,100.0,18.8,-0.0028,2.508439,False,
ARS-CRY-MUN-MUN-TOT,4,2+1+1+1,0,2.4545,2.4,2.5,0.0,2,"MUN,MUN","BOU,NFO",ARS-BOU-CRY-NFO-TOT,5,1+1+1+1+1,0,2.5208,100.0,6.2,-0.1505,2.508439,False,
ARS-CRY-TOT-SUN-SUN,4,2+1+1+1,2,2.4545,2.4,2.5,0.0,2,"SUN,SUN","BOU,NFO",ARS-BOU-CRY-NFO-TOT,5,1+1+1+1+1,0,2.5208,100.0,6.2,-0.1505,2.508439,False,
ARS-AVL-EVE-MUN-MUN,4,2+1+1+1,0,2.4545,2.4,2.5,0.0902,2,"MUN,MUN","COV,LEE",ARS-AVL-COV-EVE-LEE,5,1+1+1+1+1,0,2.5208,100.0,6.2,-0.1441,2.508439,False,
ARS-AVL-EVE-SUN-SUN,4,2+1+1+1,2,2.4545,2.4,2.5,0.0902,2,"EVE,SUN","LEE,MCI",ARS-AVL-LEE-MCI-SUN,5,1+1+1+1+1,1,2.5208,100.0,6.2,-0.1686,2.508439,False,
ARS-BHA-EVE-SUN-SUN,4,2+1+1+1,2,2.4545,2.4,2.5,0.0902,2,"ARS,SUN","COV,NFO",BHA-COV-EVE-NFO-SUN,5,1+1+1+1+1,1,2.5208,100.0,12.5,-0.1457,2.508439,False,
ARS-BRE-EVE-MUN-SUN,5,1+1+1+1+1,1,2.4545,2.4,2.5,0.1,2,"BRE,MUN","BOU,CHE",ARS-BOU-CHE-EVE-SUN,5,1+1+1+1+1,1,2.5208,100.0,18.8,-0.0028,2.508439,False,
ARS-CRY-MUN-TOT-SUN,5,1+1+1+1+1,1,2.4545,2.4,2.5,0.1,2,"MUN,SUN","BOU,NFO",ARS-BOU-CRY-NFO-TOT,5,1+1+1+1+1,0,2.5208,100.0,6.2,-0.1505,2.508439,False,
ARS-IPS-MUN-TOT-TOT,4,2+1+1+1,0,2.4545,2.4,2.5,0.1,2,"MUN,TOT","BOU,CHE",ARS-BOU-CHE-IPS-TOT,5,1+1+1+1+1,0,2.5208,100.0,6.2,-0.0922,2.508439,False,
CRY-MUN-MUN-TOT-SUN,4,2+1+1+1,1,2.4545,2.4,2.5,0.1,2,"MUN,MUN","IPS,MCI",CRY-IPS-MCI-TOT-SUN,5,1+1+1+1+1,1,2.5208,100.0,18.8,-0.1142,2.508439,False,
CRY-MUN-TOT-SUN-SUN,4,2+1+1+1,2,2.4545,2.4,2.5,0.1,2,"MUN,SUN","IPS,MCI",CRY-IPS-MCI-TOT-SUN,5,1+1+1+1+1,1,2.5208,100.0,18.8,-0.1142,2.508439,False,
ARS-LEE-MUN-MUN-TOT,4,2+1+1+1,0,2.4545,2.4,2.5,0.15,2,"MUN,MUN","FUL,NFO",ARS-FUL-LEE-NFO-TOT,5,1+1+1+1+1,0,2.5208,100.0,0.0,-0.1654,2.508439,False,
ARS-CHE-CRY-SUN-SUN,4,2+1+1+1,2,2.4545,2.4,2.5,0.1823,2,"CHE,SUN","LIV,MCI",ARS-CRY-LIV-MCI-SUN,5,1+1+1+1+1,1,2.5208,100.0,12.5,-0.1074,2.508439,False,
CHE-CRY-IPS-MUN-MUN,4,2+1+1+1,0,2.4545,2.4,2.5,0.1823,2,"MUN,MUN","FUL,NFO",CHE-CRY-FUL-IPS-NFO,5,1+1+1+1+1,0,2.5208,100.0,6.2,-0.1288,2.508439,False,
ARS-AVL-EVE-MUN-SUN,5,1+1+1+1+1,1,2.4545,2.4,2.5,0.1902,2,"EVE,MUN","LEE,MCI",ARS-AVL-LEE-MCI-SUN,5,1+1+1+1+1,1,2.5208,100.0,6.2,-0.1686,2.508439,False,
ARS-BHA-EVE-MUN-SUN,5,1+1+1+1+1,1,2.4545,2.4,2.5,0.1902,2,"ARS,MUN","COV,NFO",BHA-COV-EVE-NFO-SUN,5,1+1+1+1+1,1,2.5208,100.0,12.5,-0.1457,2.508439,False,
ARS-CHE-CRY-MUN-SUN,5,1+1+1+1+1,1,2.4545,2.4,2.5,0.2823,2,"CHE,MUN","LIV,MCI",ARS-CRY-LIV-MCI-SUN,5,1+1+1+1+1,1,2.5208,100.0,12.5,-0.1074,2.508439,False,
ARS-MUN-TOT-TOT-SUN,4,2+1+1+1,1,2.4545,2.4,2.5,0.3,2,"MUN,TOT","BOU,NFO",ARS-BOU-NFO-TOT-SUN,5,1+1+1+1+1,1,2.5208,100.0,12.5,-0.1389,2.508439,False,
ARS-CHE-LEE-MUN-MUN,4,2+1+1+1,0,2.4545,2.4,2.5,0.3079,2,"MUN,MUN","AVL,COV",ARS-AVL-CHE-COV-LEE,5,1+1+1+1+1,0,2.5208,100.0,6.2,-0.15,2.508439,False,
ARS-EVE-MUN-MUN-TOT,4,2+1+1+1,0,2.4545,2.4,2.5,0.45,2,"MUN,MUN","COV,LEE",ARS-COV-EVE-LEE-TOT,5,1+1+1+1+1,0,2.5208,100.0,6.2,-0.1449,2.508439,False,
EVE-IPS-MUN-MUN-TOT,4,2+1+1+1,0,2.4545,2.4,2.5,0.45,2,"IPS,MUN","LIV,NFO",EVE-LIV-MUN-NFO-TOT,5,1+1+1+1+1,0,2.5208,100.0,12.5,-0.0809,2.508439,False,
EVE-LEE-MUN-MUN-SUN,4,2+1+1+1,1,2.4545,2.4,2.5,0.5,2,"MUN,SUN","COV,MCI",COV-EVE-LEE-MCI-MUN,5,1+1+1+1+1,0,2.5208,100.0,6.2,-0.1513,2.508439,False,
EVE-LEE-MUN-SUN-SUN,4,2+1+1+1,2,2.4545,2.4,2.5,0.5,2,"SUN,SUN","COV,MCI",COV-EVE-LEE-MCI-MUN,5,1+1+1+1+1,0,2.5208,100.0,6.2,-0.1513,2.508439,False,
ARS-LIV-LIV-MUN-TOT,4,2+1+1+1,0,2.4545,2.6,2.33,-0.35,2,"ARS,LIV","EVE,NFO",EVE-LIV-MUN-NFO-TOT,5,1+1+1+1+1,0,2.5208,100.0,12.5,-0.0809,2.508439,False,
IPS-LIV-LIV-MUN-TOT,4,2+1+1+1,0,2.4545,2.6,2.33,-0.35,2,"IPS,LIV","EVE,NFO",EVE-LIV-MUN-NFO-TOT,5,1+1+1+1+1,0,2.5208,100.0,12.5,-0.0809,2.508439,False,
ARS-BRE-BRE-CHE-MUN,4,2+1+1+1,0,2.4545,2.6,2.33,-0.3256,2,"BRE,MUN","AVL,BOU",ARS-AVL-BOU-BRE-CHE,5,1+1+1+1+1,0,2.5208,100.0,6.2,-0.0705,2.508439,False,
BRE-CRY-LIV-MUN-MUN,4,2+1+1+1,0,2.4545,2.6,2.33,-0.3,2,"BRE,MUN","EVE,MCI",CRY-EVE-LIV-MCI-MUN,5,1+1+1+1+1,0,2.5208,100.0,0.0,-0.192,2.508439,False,
BRE-LEE-MCI-MUN-MUN,4,2+1+1+1,0,2.4545,2.6,2.33,-0.3,2,"BRE,MUN","AVL,COV",AVL-COV-LEE-MCI-MUN,5,1+1+1+1+1,0,2.5208,100.0,6.2,-0.1807,2.508439,False,
CRY-LIV-MUN-MUN-TOT,4,2+1+1+1,0,2.4545,2.6,2.33,-0.3,2,"MUN,TOT","EVE,MCI",CRY-EVE-LIV-MCI-MUN,5,1+1+1+1+1,0,2.5208,100.0,0.0,-0.192,2.508439,False,
LEE-LIV-LIV-MUN-SUN,4,2+1+1+1,1,2.4545,2.6,2.33,-0.3,2,"LIV,MUN","BHA,NFO",BHA-LEE-LIV-NFO-SUN,5,1+1+1+1+1,1,2.5208,93.8,18.8,-0.0913,2.508439,False,
BRE-BHA-LEE-MUN-MUN,4,2+1+1+1,0,2.4545,2.6,2.33,-0.2866,2,"MUN,MUN","AVL,COV",AVL-BRE-BHA-COV-LEE,5,1+1+1+1+1,0,2.5208,100.0,18.8,-0.0756,2.508439,False,
BRE-BHA-EVE-SUN-SUN,4,2+1+1+1,2,2.4545,2.6,2.33,-0.2732,2,"BRE,SUN","COV,NFO",BHA-COV-EVE-NFO-SUN,5,1+1+1+1+1,1,2.5208,100.0,12.5,-0.1457,2.508439,False,
BHA-CRY-MUN-MUN-TOT,4,2+1+1+1,0,2.4545,2.6,2.33,-0.2732,2,"MUN,MUN","FUL,NFO",BHA-CRY-FUL-NFO-TOT,5,1+1+1+1+1,0,2.5208,100.0,12.5,-0.1548,2.508439,False,
CHE-CRY-LIV-MUN-MUN,4,2+1+1+1,0,2.4545,2.6,2.33,-0.2311,2,"CHE,MUN","EVE,MCI",CRY-EVE-LIV-MCI-MUN,5,1+1+1+1+1,0,2.5208,100.0,0.0,-0.192,2.508439,False,
CHE-CRY-MCI-MUN-MUN,4,2+1+1+1,0,2.4545,2.6,2.33,-0.2311,2,"CHE,MUN","EVE,LIV",CRY-EVE-LIV-MCI-MUN,5,1+1+1+1+1,0,2.5208,100.0,0.0,-0.192,2.508439,False,
ARS-BRE-CHE-LIV-MUN,5,1+1+1+1+1,0,2.4545,2.6,2.33,-0.2256,2,"LIV,MUN","AVL,BOU",ARS-AVL-BOU-BRE-CHE,5,1+1+1+1+1,0,2.5208,100.0,6.2,-0.0705,2.508439,False,
BHA-BHA-EVE-MUN-SUN,4,2+1+1+1,1,2.4545,2.6,2.33,-0.2196,2,"BHA,MUN","COV,NFO",BHA-COV-EVE-NFO-SUN,5,1+1+1+1+1,1,2.5208,100.0,12.5,-0.1457,2.508439,False,
ARS-AVL-MUN-TOT-TOT,4,2+1+1+1,0,2.4545,2.6,2.33,-0.2098,2,"MUN,TOT","LIV,NFO",ARS-AVL-LIV-NFO-TOT,5,1+1+1+1+1,0,2.5208,93.8,18.8,-0.0611,2.508439,False,
ARS-LIV-MUN-TOT-TOT,4,2+1+1+1,0,2.4545,2.6,2.33,-0.2,2,"ARS,TOT","EVE,NFO",EVE-LIV-MUN-NFO-TOT,5,1+1+1+1+1,0,2.5208,100.0,12.5,-0.0809,2.508439,False,
IPS-LIV-MUN-TOT-TOT,4,2+1+1+1,0,2.4545,2.6,2.33,-0.2,2,"IPS,TOT","EVE,NFO",EVE-LIV-MUN-NFO-TOT,5,1+1+1+1+1,0,2.5208,100.0,12.5,-0.0809,2.508439,False,
ARS-BRE-BHA-CHE-MUN,5,1+1+1+1+1,0,2.4545,2.6,2.33,-0.1793,2,"ARS,MUN","MCI,NEW",BRE-BHA-CHE-MCI-NEW,5,1+1+1+1+1,0,2.5208,100.0,12.5,-0.0963,2.508439,False,
BRE-BHA-EVE-MUN-SUN,5,1+1+1+1+1,1,2.4545,2.6,2.33,-0.1732,2,"BRE,MUN","COV,NFO",BHA-COV-EVE-NFO-SUN,5,1+1+1+1+1,1,2.5208,100.0,12.5,-0.1457,2.508439,False,
AVL-CHE-CRY-MUN-MUN,4,2+1+1+1,0,2.4545,2.6,2.33,-0.1714,2,"CHE,MUN","LIV,MCI",AVL-CRY-LIV-MCI-MUN,5,1+1+1+1+1,0,2.5208,100.0,6.2,-0.1515,2.508439,False,
BHA-CHE-CRY-MUN-MUN,4,2+1+1+1,0,2.4545,2.6,2.33,-0.1714,2,"MUN,MUN","EVE,NFO",BHA-CHE-CRY-EVE-NFO,5,1+1+1+1+1,0,2.5208,100.0,12.5,-0.0531,2.508439,False,
ARS-AVL-BRE-BRE-MUN,4,2+1+1+1,0,2.4545,2.6,2.33,-0.1634,2,"BRE,MUN","BOU,COV",ARS-AVL-BOU-BRE-COV,5,1+1+1+1+1,0,2.5208,100.0,6.2,-0.1689,2.508439,False,
ARS-BHA-LIV-LIV-MUN,4,2+1+1+1,0,2.4545,2.6,2.33,-0.1634,2,"ARS,MUN","HUL,NFO",BHA-HUL-LIV-LIV-NFO,4,2+1+1+1,0,2.5208,93.8,25.0,-0.1292,2.508439,False,
ARS-BHA-MCI-MCI-MUN,4,2+1+1+1,0,2.4545,2.6,2.33,-0.1634,2,"MCI,MUN","COV,LEE",ARS-BHA-COV-LEE-MCI,5,1+1+1+1+1,0,2.5208,100.0,12.5,-0.1511,2.508439,False,
BRE-BRE-BHA-IPS-MUN,4,2+1+1+1,0,2.4545,2.6,2.33,-0.1634,2,"BRE,MUN","CHE,MCI",BRE-BHA-CHE-IPS-MCI,5,1+1+1+1+1,0,2.5208,100.0,12.5,-0.0344,2.508439,False,
LEE-LIV-MUN-MUN-TOT,4,2+1+1+1,0,2.4545,2.6,2.33,-0.15,2,"LEE,MUN","EVE,NFO",EVE-LIV-MUN-NFO-TOT,5,1+1+1+1+1,0,2.5208,100.0,12.5,-0.0809,2.508439,False,
LEE-MCI-MUN-MUN-TOT,4,2+1+1+1,0,2.4545,2.6,2.33,-0.15,2,"MUN,TOT","AVL,COV",AVL-COV-LEE-MCI-MUN,5,1+1+1+1+1,0,2.5208,100.0,6.2,-0.1807,2.508439,False,
BRE-CHE-LEE-MUN-MUN,4,2+1+1+1,0,2.4545,2.6,2.33,-0.1055,2,"MUN,MUN","AVL,AVL",AVL-AVL-BRE-CHE-LEE,4,2+1+1+1,0,2.5208,100.0,25.0,-0.0985,2.508439,False,
CHE-LEE-MCI-MUN-MUN,4,2+1+1+1,0,2.4545,2.6,2.33,-0.1055,2,"CHE,MUN","AVL,COV",AVL-COV-LEE-MCI-MUN,5,1+1+1+1+1,0,2.5208,100.0,6.2,-0.1807,2.508439,False,
ARS-BRE-BHA-MCI-MUN,5,1+1+1+1+1,0,2.4545,2.6,2.33,-0.0634,2,"BRE,MUN","COV,LEE",ARS-BHA-COV-LEE-MCI,5,1+1+1+1+1,0,2.5208,100.0,12.5,-0.1511,2.508439,False,
AVL-EVE-MUN-MUN-TOT,4,2+1+1+1,0,2.4545,2.6,2.33,0.0036,2,"AVL,MUN","LIV,NFO",EVE-LIV-MUN-NFO-TOT,5,1+1+1+1+1,0,2.5208,100.0,12.5,-0.0809,2.508439,False,
BHA-EVE-MUN-MUN-TOT,4,2+1+1+1,0,2.4545,2.6,2.33,0.0036,2,"BHA,MUN","LIV,NFO",EVE-LIV-MUN-NFO-TOT,5,1+1+1+1+1,0,2.5208,100.0,12.5,-0.0809,2.508439,False,
CHE-LIV-MUN-MUN-TOT,4,2+1+1+1,0,2.4545,2.6,2.33,0.0201,2,"CHE,MUN","EVE,NFO",EVE-LIV-MUN-NFO-TOT,5,1+1+1+1+1,0,2.5208,100.0,12.5,-0.0809,2.508439,False,
BRE-CHE-EVE-MUN-MUN,4,2+1+1+1,0,2.4545,2.6,2.33,0.089,2,"BRE,MUN","COV,MCI",CHE-COV-EVE-MCI-MUN,5,1+1+1+1+1,0,2.5208,100.0,0.0,-0.1158,2.508439,False,
BRE-BRE-BHA-CHE-MUN,4,2+1+1+1,0,2.4545,2.8,2.17,-0.3061,2,"BRE,MUN","MCI,NEW",BRE-BHA-CHE-MCI-NEW,5,1+1+1+1+1,0,2.5208,100.0,12.5,-0.0963,2.508439,False,
BRE-BHA-BHA-CHE-MUN,4,2+1+1+1,0,2.4545,2.8,2.17,-0.2964,2,"BHA,MUN","MCI,NEW",BRE-BHA-CHE-MCI-NEW,5,1+1+1+1+1,0,2.5208,100.0,12.5,-0.0963,2.508439,False,
BRE-BHA-CHE-CHE-MUN,4,2+1+1+1,0,2.4545,2.8,2.17,-0.2964,2,"CHE,MUN","MCI,NEW",BRE-BHA-CHE-MCI-NEW,5,1+1+1+1+1,0,2.5208,100.0,12.5,-0.0963,2.508439,False,
CHE-LIV-LIV-MUN-TOT,4,2+1+1+1,0,2.4545,2.8,2.17,-0.2689,2,"CHE,LIV","EVE,NFO",EVE-LIV-MUN-NFO-TOT,5,1+1+1+1+1,0,2.5208,100.0,12.5,-0.0809,2.508439,False,
ARS-ARS-CHE-NFO-TOT,4,2+1+1+1,0,2.7273,2.4,3.0,0.0673,2,"ARS,ARS","BOU,FUL",BOU-CHE-FUL-NFO-TOT,5,1+1+1+1+1,0,2.4583,100.0,12.5,-0.1278,2.508453,False,
CHE-IPS-IPS-NFO-TOT,4,2+1+1+1,0,2.7273,2.4,3.0,0.0673,2,"IPS,IPS","BOU,FUL",BOU-CHE-FUL-NFO-TOT,5,1+1+1+1+1,0,2.4583,100.0,12.5,-0.1278,2.508453,False,
ARS-EVE-MCI-NFO-NFO,4,2+1+1+1,0,2.7273,2.4,3.0,0.0732,2,"ARS,NFO","CHE,LIV",CHE-EVE-LIV-MCI-NFO,5,1+1+1+1+1,0,2.4583,93.8,25.0,-0.0279,2.508453,False,
ARS-CHE-IPS-NFO-TOT,5,1+1+1+1+1,0,2.7273,2.4,3.0,0.1673,2,"ARS,IPS","BOU,FUL",BOU-CHE-FUL-NFO-TOT,5,1+1+1+1+1,0,2.4583,100.0,12.5,-0.1278,2.508453,False,
ARS-ARS-EVE-LIV-MCI,4,2+1+1+1,0,2.7273,2.6,2.83,-0.2,2,"ARS,ARS","CHE,NEW",CHE-EVE-LIV-MCI-NEW,5,1+1+1+1+1,0,2.4583,100.0,12.5,-0.1204,2.508453,False,
EVE-IPS-IPS-LIV-MCI,4,2+1+1+1,0,2.7273,2.6,2.83,-0.2,2,"IPS,IPS","CHE,NEW",CHE-EVE-LIV-MCI-NEW,5,1+1+1+1+1,0,2.4583,100.0,12.5,-0.1204,2.508453,False,
CHE-CRY-NFO-NFO-TOT,4,2+1+1+1,0,2.7273,2.6,2.83,-0.1655,2,"CRY,NFO","BOU,FUL",BOU-CHE-FUL-NFO-TOT,5,1+1+1+1+1,0,2.4583,100.0,12.5,-0.1278,2.508453,False,
ARS-ARS-CHE-LEE-LIV,4,2+1+1+1,0,2.7273,2.6,2.83,-0.1567,2,"ARS,ARS","AVL,NFO",AVL-CHE-LEE-LIV-NFO,5,1+1+1+1+1,0,2.4583,100.0,18.8,-0.0971,2.508453,False,
CHE-IPS-IPS-LEE-LIV,4,2+1+1+1,0,2.7273,2.6,2.83,-0.1567,2,"IPS,IPS","AVL,NFO",AVL-CHE-LEE-LIV-NFO,5,1+1+1+1+1,0,2.4583,100.0,18.8,-0.0971,2.508453,False,
ARS-EVE-IPS-LIV-MCI,5,1+1+1+1+1,0,2.7273,2.6,2.83,-0.1,2,"ARS,IPS","CHE,NEW",CHE-EVE-LIV-MCI-NEW,5,1+1+1+1+1,0,2.4583,100.0,12.5,-0.1204,2.508453,False,
CRY-LIV-NFO-NFO-TOT,4,2+1+1+1,0,2.7273,2.6,2.83,-0.1,2,"NFO,TOT","BOU,EVE",BOU-CRY-EVE-LIV-NFO,5,1+1+1+1+1,0,2.4583,100.0,18.8,-0.1615,2.508453,False,
ARS-CRY-LIV-NFO-TOT,5,1+1+1+1+1,0,2.7273,2.6,2.83,-0.0634,2,"ARS,TOT","BOU,EVE",BOU-CRY-EVE-LIV-NFO,5,1+1+1+1+1,0,2.4583,100.0,18.8,-0.1615,2.508453,False,
CRY-IPS-LIV-NFO-TOT,5,1+1+1+1+1,0,2.7273,2.6,2.83,-0.0634,2,"IPS,TOT","BOU,EVE",BOU-CRY-EVE-LIV-NFO,5,1+1+1+1+1,0,2.4583,100.0,18.8,-0.1615,2.508453,False,
ARS-CHE-IPS-LEE-LIV,5,1+1+1+1+1,0,2.7273,2.6,2.83,-0.0567,2,"ARS,IPS","AVL,NFO",AVL-CHE-LEE-LIV-NFO,5,1+1+1+1+1,0,2.4583,100.0,18.8,-0.0971,2.508453,False,
ARS-CHE-CRY-NFO-TOT,5,1+1+1+1+1,0,2.7273,2.6,2.83,-0.0272,2,"ARS,CRY","BOU,FUL",BOU-CHE-FUL-NFO-TOT,5,1+1+1+1+1,0,2.4583,100.0,12.5,-0.1278,2.508453,False,
CHE-CRY-IPS-NFO-TOT,5,1+1+1+1+1,0,2.7273,2.6,2.83,-0.0272,2,"CRY,IPS","BOU,FUL",BOU-CHE-FUL-NFO-TOT,5,1+1+1+1+1,0,2.4583,100.0,12.5,-0.1278,2.508453,False,
ARS-ARS-AVL-LEE-LIV,4,2+1+1+1,0,2.7273,2.6,2.83,-0.0134,2,"ARS,ARS","CHE,NFO",AVL-CHE-LEE-LIV-NFO,5,1+1+1+1+1,0,2.4583,100.0,18.8,-0.0971,2.508453,False,
ARS-ARS-AVL-LEE-MCI,4,2+1+1+1,0,2.7273,2.6,2.83,-0.0134,2,"ARS,ARS","COV,FUL",AVL-COV-FUL-LEE-MCI,5,1+1+1+1+1,0,2.4583,100.0,6.2,-0.201,2.508453,False,
AVL-IPS-IPS-LEE-LIV,4,2+1+1+1,0,2.7273,2.6,2.83,-0.0134,2,"IPS,IPS","CHE,NFO",AVL-CHE-LEE-LIV-NFO,5,1+1+1+1+1,0,2.4583,100.0,18.8,-0.0971,2.508453,False,
AVL-IPS-IPS-LEE-MCI,4,2+1+1+1,0,2.7273,2.6,2.83,-0.0134,2,"IPS,IPS","COV,FUL",AVL-COV-FUL-LEE-MCI,5,1+1+1+1+1,0,2.4583,100.0,6.2,-0.201,2.508453,False,
CRY-CRY-LIV-MUN-NFO,4,2+1+1+1,0,2.7273,2.6,2.83,0.0732,2,"CRY,MUN","BOU,EVE",BOU-CRY-EVE-LIV-NFO,5,1+1+1+1+1,0,2.4583,100.0,18.8,-0.1615,2.508453,False,
CRY-CRY-LIV-NFO-SUN,4,2+1+1+1,1,2.7273,2.6,2.83,0.0732,2,"CRY,SUN","BOU,EVE",BOU-CRY-EVE-LIV-NFO,5,1+1+1+1+1,0,2.4583,100.0,18.8,-0.1615,2.508453,False,
ARS-AVL-IPS-LEE-LIV,5,1+1+1+1+1,0,2.7273,2.6,2.83,0.0866,2,"ARS,IPS","CHE,NFO",AVL-CHE-LEE-LIV-NFO,5,1+1+1+1+1,0,2.4583,100.0,18.8,-0.0971,2.508453,False,
ARS-AVL-IPS-LEE-MCI,5,1+1+1+1+1,0,2.7273,2.6,2.83,0.0866,2,"ARS,IPS","COV,FUL",AVL-COV-FUL-LEE-MCI,5,1+1+1+1+1,0,2.4583,100.0,6.2,-0.201,2.508453,False,
ARS-CRY-LIV-LIV-NFO,4,2+1+1+1,0,2.7273,2.6,2.83,0.2232,2,"ARS,LIV","BOU,EVE",BOU-CRY-EVE-LIV-NFO,5,1+1+1+1+1,0,2.4583,100.0,18.8,-0.1615,2.508453,False,
CRY-IPS-LIV-LIV-NFO,4,2+1+1+1,0,2.7273,2.6,2.83,0.2232,2,"IPS,LIV","BOU,EVE",BOU-CRY-EVE-LIV-NFO,5,1+1+1+1+1,0,2.4583,100.0,18.8,-0.1615,2.508453,False,
ARS-BRE-CRY-LIV-NFO,5,1+1+1+1+1,0,2.7273,2.6,2.83,0.3232,2,"ARS,BRE","BOU,EVE",BOU-CRY-EVE-LIV-NFO,5,1+1+1+1+1,0,2.4583,100.0,18.8,-0.1615,2.508453,False,
BRE-CRY-IPS-LIV-NFO,5,1+1+1+1+1,0,2.7273,2.6,2.83,0.3232,2,"BRE,IPS","BOU,EVE",BOU-CRY-EVE-LIV-NFO,5,1+1+1+1+1,0,2.4583,100.0,18.8,-0.1615,2.508453,False,
BRE-CRY-LIV-NFO-NFO,4,2+1+1+1,0,2.7273,2.6,2.83,0.3732,2,"BRE,NFO","BOU,EVE",BOU-CRY-EVE-LIV-NFO,5,1+1+1+1+1,0,2.4583,100.0,18.8,-0.1615,2.508453,False,
ARS-CHE-EVE-MCI-MCI,4,2+1+1+1,0,2.7273,2.8,2.67,-0.3256,2,"ARS,MCI","LIV,NEW",CHE-EVE-LIV-MCI-NEW,5,1+1+1+1+1,0,2.4583,100.0,12.5,-0.1204,2.508453,False,
CHE-EVE-IPS-MCI-MCI,4,2+1+1+1,0,2.7273,2.8,2.67,-0.3256,2,"IPS,MCI","LIV,NEW",CHE-EVE-LIV-MCI-NEW,5,1+1+1+1+1,0,2.4583,100.0,12.5,-0.1204,2.508453,False,
BRE-EVE-EVE-MCI-NFO,4,2+1+1+1,0,2.7273,2.8,2.67,-0.3,2,"BRE,EVE","CHE,LIV",CHE-EVE-LIV-MCI-NFO,5,1+1+1+1+1,0,2.4583,93.8,25.0,-0.0279,2.508453,False,
ARS-EVE-LEE-MCI-MCI,4,2+1+1+1,0,2.7273,2.8,2.67,-0.25,2,"ARS,MCI","COV,FUL",COV-EVE-FUL-LEE-MCI,5,1+1+1+1+1,0,2.4583,100.0,6.2,-0.1523,2.508453,False,
EVE-IPS-LEE-MCI-MCI,4,2+1+1+1,0,2.7273,2.8,2.67,-0.25,2,"IPS,MCI","COV,FUL",COV-EVE-FUL-LEE-MCI,5,1+1+1+1+1,0,2.4583,100.0,6.2,-0.1523,2.508453,False,
ARS-BRE-CHE-EVE-MCI,5,1+1+1+1+1,0,2.7273,2.8,2.67,-0.2256,2,"ARS,BRE","LIV,NEW",CHE-EVE-LIV-MCI-NEW,5,1+1+1+1+1,0,2.4583,100.0,12.5,-0.1204,2.508453,False,
BRE-CHE-EVE-IPS-MCI,5,1+1+1+1+1,0,2.7273,2.8,2.67,-0.2256,2,"BRE,IPS","LIV,NEW",CHE-EVE-LIV-MCI-NEW,5,1+1+1+1+1,0,2.4583,100.0,12.5,-0.1204,2.508453,False,
ARS-CHE-CHE-LEE-LIV,4,2+1+1+1,0,2.7273,2.8,2.67,-0.2012,2,"ARS,CHE","AVL,NFO",AVL-CHE-LEE-LIV-NFO,5,1+1+1+1+1,0,2.4583,100.0,18.8,-0.0971,2.508453,False,
CHE-CHE-IPS-LEE-LIV,4,2+1+1+1,0,2.7273,2.8,2.67,-0.2012,2,"CHE,IPS","AVL,NFO",AVL-CHE-LEE-LIV-NFO,5,1+1+1+1+1,0,2.4583,100.0,18.8,-0.0971,2.508453,False,
BHA-CHE-CRY-NFO-TOT,5,1+1+1+1+1,0,2.7273,2.8,2.67,-0.1809,2,"BHA,CRY","BOU,FUL",BOU-CHE-FUL-NFO-TOT,5,1+1+1+1+1,0,2.4583,100.0,12.5,-0.1278,2.508453,False,
ARS-BHA-CHE-EVE-MCI,5,1+1+1+1+1,0,2.7273,2.8,2.67,-0.1793,2,"ARS,BHA","LIV,NEW",CHE-EVE-LIV-MCI-NEW,5,1+1+1+1+1,0,2.4583,100.0,12.5,-0.1204,2.508453,False,
BHA-CHE-EVE-IPS-MCI,5,1+1+1+1+1,0,2.7273,2.8,2.67,-0.1793,2,"BHA,IPS","LIV,NEW",CHE-EVE-LIV-MCI-NEW,5,1+1+1+1+1,0,2.4583,100.0,12.5,-0.1204,2.508453,False,
ARS-AVL-AVL-CHE-LEE,4,2+1+1+1,0,2.7273,2.8,2.67,-0.1775,2,"ARS,AVL","LIV,NFO",AVL-CHE-LEE-LIV-NFO,5,1+1+1+1+1,0,2.4583,100.0,18.8,-0.0971,2.508453,False,
AVL-AVL-CHE-IPS-LEE,4,2+1+1+1,0,2.7273,2.8,2.67,-0.1775,2,"AVL,IPS","LIV,NFO",AVL-CHE-LEE-LIV-NFO,5,1+1+1+1+1,0,2.4583,100.0,18.8,-0.0971,2.508453,False,
ARS-AVL-CHE-CHE-LEE,4,2+1+1+1,0,2.7273,2.8,2.67,-0.1586,2,"ARS,CHE","LIV,NFO",AVL-CHE-LEE-LIV-NFO,5,1+1+1+1+1,0,2.4583,100.0,18.8,-0.0971,2.508453,False,
AVL-CHE-CHE-IPS-LEE,4,2+1+1+1,0,2.7273,2.8,2.67,-0.1586,2,"CHE,IPS","LIV,NFO",AVL-CHE-LEE-LIV-NFO,5,1+1+1+1+1,0,2.4583,100.0,18.8,-0.0971,2.508453,False,
ARS-BRE-EVE-LEE-MCI,5,1+1+1+1+1,0,2.7273,2.8,2.67,-0.15,2,"ARS,BRE","COV,FUL",COV-EVE-FUL-LEE-MCI,5,1+1+1+1+1,0,2.4583,100.0,6.2,-0.1523,2.508453,False,
ARS-EVE-LEE-LIV-MCI,5,1+1+1+1+1,0,2.7273,2.8,2.67,-0.15,2,"ARS,LIV","COV,FUL",COV-EVE-FUL-LEE-MCI,5,1+1+1+1+1,0,2.4583,100.0,6.2,-0.1523,2.508453,False,
ARS-EVE-LEE-MCI-TOT,5,1+1+1+1+1,0,2.7273,2.8,2.67,-0.15,2,"ARS,TOT","COV,FUL",COV-EVE-FUL-LEE-MCI,5,1+1+1+1+1,0,2.4583,100.0,6.2,-0.1523,2.508453,False,
BRE-EVE-IPS-LEE-MCI,5,1+1+1+1+1,0,2.7273,2.8,2.67,-0.15,2,"BRE,IPS","COV,FUL",COV-EVE-FUL-LEE-MCI,5,1+1+1+1+1,0,2.4583,100.0,6.2,-0.1523,2.508453,False,
EVE-IPS-LEE-LIV-MCI,5,1+1+1+1+1,0,2.7273,2.8,2.67,-0.15,2,"IPS,LIV","COV,FUL",COV-EVE-FUL-LEE-MCI,5,1+1+1+1+1,0,2.4583,100.0,6.2,-0.1523,2.508453,False,
EVE-IPS-LEE-MCI-TOT,5,1+1+1+1+1,0,2.7273,2.8,2.67,-0.15,2,"IPS,TOT","COV,FUL",COV-EVE-FUL-LEE-MCI,5,1+1+1+1+1,0,2.4583,100.0,6.2,-0.1523,2.508453,False,
ARS-CHE-LEE-LEE-LIV,4,2+1+1+1,0,2.7273,2.8,2.67,-0.1256,2,"ARS,LEE","AVL,NFO",AVL-CHE-LEE-LIV-NFO,5,1+1+1+1+1,0,2.4583,100.0,18.8,-0.0971,2.508453,False,
CHE-IPS-LEE-LEE-LIV,4,2+1+1+1,0,2.7273,2.8,2.67,-0.1256,2,"IPS,LEE","AVL,NFO",AVL-CHE-LEE-LIV-NFO,5,1+1+1+1+1,0,2.4583,100.0,18.8,-0.0971,2.508453,False,
ARS-CHE-CRY-LEE-LIV,5,1+1+1+1+1,0,2.7273,2.8,2.67,-0.1012,2,"ARS,CRY","AVL,NFO",AVL-CHE-LEE-LIV-NFO,5,1+1+1+1+1,0,2.4583,100.0,18.8,-0.0971,2.508453,False,
CHE-CRY-IPS-LEE-LIV,5,1+1+1+1+1,0,2.7273,2.8,2.67,-0.1012,2,"CRY,IPS","AVL,NFO",AVL-CHE-LEE-LIV-NFO,5,1+1+1+1+1,0,2.4583,100.0,18.8,-0.0971,2.508453,False,
ARS-AVL-EVE-LEE-LIV,5,1+1+1+1+1,0,2.7273,2.8,2.67,-0.1,2,"ARS,EVE","CHE,NFO",AVL-CHE-LEE-LIV-NFO,5,1+1+1+1+1,0,2.4583,100.0,18.8,-0.0971,2.508453,False,
ARS-AVL-EVE-LEE-MCI,5,1+1+1+1+1,0,2.7273,2.8,2.67,-0.1,2,"ARS,EVE","COV,FUL",AVL-COV-FUL-LEE-MCI,5,1+1+1+1+1,0,2.4583,100.0,6.2,-0.201,2.508453,False,
ARS-BHA-EVE-LEE-MCI,5,1+1+1+1+1,0,2.7273,2.8,2.67,-0.1,2,"ARS,BHA","COV,FUL",COV-EVE-FUL-LEE-MCI,5,1+1+1+1+1,0,2.4583,100.0,6.2,-0.1523,2.508453,False,
AVL-EVE-IPS-LEE-LIV,5,1+1+1+1+1,0,2.7273,2.8,2.67,-0.1,2,"EVE,IPS","CHE,NFO",AVL-CHE-LEE-LIV-NFO,5,1+1+1+1+1,0,2.4583,100.0,18.8,-0.0971,2.508453,False,
AVL-EVE-IPS-LEE-MCI,5,1+1+1+1+1,0,2.7273,2.8,2.67,-0.1,2,"EVE,IPS","COV,FUL",AVL-COV-FUL-LEE-MCI,5,1+1+1+1+1,0,2.4583,100.0,6.2,-0.201,2.508453,False,
BHA-EVE-IPS-LEE-MCI,5,1+1+1+1+1,0,2.7273,2.8,2.67,-0.1,2,"BHA,IPS","COV,FUL",COV-EVE-FUL-LEE-MCI,5,1+1+1+1+1,0,2.4583,100.0,6.2,-0.1523,2.508453,False,
EVE-EVE-LEE-MCI-MUN,4,2+1+1+1,0,2.7273,2.8,2.67,-0.1,2,"EVE,MUN","COV,FUL",COV-EVE-FUL-LEE-MCI,5,1+1+1+1+1,0,2.4583,100.0,6.2,-0.1523,2.508453,False,
EVE-EVE-LEE-MCI-SUN,4,2+1+1+1,1,2.7273,2.8,2.67,-0.1,2,"EVE,SUN","COV,FUL",COV-EVE-FUL-LEE-MCI,5,1+1+1+1+1,0,2.4583,100.0,6.2,-0.1523,2.508453,False,
EVE-LEE-LEE-MCI-MUN,4,2+1+1+1,0,2.7273,2.8,2.67,-0.1,2,"LEE,MUN","COV,FUL",COV-EVE-FUL-LEE-MCI,5,1+1+1+1+1,0,2.4583,100.0,6.2,-0.1523,2.508453,False,
EVE-LEE-LEE-MCI-SUN,4,2+1+1+1,1,2.7273,2.8,2.67,-0.1,2,"LEE,SUN","COV,FUL",COV-EVE-FUL-LEE-MCI,5,1+1+1+1+1,0,2.4583,100.0,6.2,-0.1523,2.508453,False,
ARS-AVL-CHE-LEE-LEE,4,2+1+1+1,0,2.7273,2.8,2.67,-0.0793,2,"ARS,LEE","LIV,NFO",AVL-CHE-LEE-LIV-NFO,5,1+1+1+1+1,0,2.4583,100.0,18.8,-0.0971,2.508453,False,
AVL-CHE-IPS-LEE-LEE,4,2+1+1+1,0,2.7273,2.8,2.67,-0.0793,2,"IPS,LEE","LIV,NFO",AVL-CHE-LEE-LIV-NFO,5,1+1+1+1+1,0,2.4583,100.0,18.8,-0.0971,2.508453,False,
ARS-CHE-EVE-MCI-TOT,5,1+1+1+1+1,0,2.7273,2.8,2.67,-0.0555,2,"ARS,TOT","LIV,NEW",CHE-EVE-LIV-MCI-NEW,5,1+1+1+1+1,0,2.4583,100.0,12.5,-0.1204,2.508453,False,
CHE-EVE-IPS-MCI-TOT,5,1+1+1+1+1,0,2.7273,2.8,2.67,-0.0555,2,"IPS,TOT","LIV,NEW",CHE-EVE-LIV-MCI-NEW,5,1+1+1+1+1,0,2.4583,100.0,12.5,-0.1204,2.508453,False,
ARS-AVL-LEE-LEE-LIV,4,2+1+1+1,0,2.7273,2.8,2.67,0.0366,2,"ARS,LEE","CHE,NFO",AVL-CHE-LEE-LIV-NFO,5,1+1+1+1+1,0,2.4583,100.0,18.8,-0.0971,2.508453,False,
ARS-AVL-LEE-LEE-MCI,4,2+1+1+1,0,2.7273,2.8,2.67,0.0366,2,"ARS,LEE","COV,FUL",AVL-COV-FUL-LEE-MCI,5,1+1+1+1+1,0,2.4583,100.0,6.2,-0.201,2.508453,False,
AVL-IPS-LEE-LEE-LIV,4,2+1+1+1,0,2.7273,2.8,2.67,0.0366,2,"IPS,LEE","CHE,NFO",AVL-CHE-LEE-LIV-NFO,5,1+1+1+1+1,0,2.4583,100.0,18.8,-0.0971,2.508453,False,
AVL-IPS-LEE-LEE-MCI,4,2+1+1+1,0,2.7273,2.8,2.67,0.0366,2,"IPS,LEE","COV,FUL",AVL-COV-FUL-LEE-MCI,5,1+1+1+1+1,0,2.4583,100.0,6.2,-0.201,2.508453,False,
BHA-CRY-LIV-NFO-TOT,5,1+1+1+1+1,0,2.7273,2.8,2.67,0.0366,2,"BHA,TOT","BOU,EVE",BOU-CRY-EVE-LIV-NFO,5,1+1+1+1+1,0,2.4583,100.0,18.8,-0.1615,2.508453,False,
CHE-EVE-EVE-MCI-MUN,4,2+1+1+1,0,2.7273,2.8,2.67,0.089,2,"EVE,MUN","LIV,NEW",CHE-EVE-LIV-MCI-NEW,5,1+1+1+1+1,0,2.4583,100.0,12.5,-0.1204,2.508453,False,
CHE-EVE-EVE-MCI-SUN,4,2+1+1+1,1,2.7273,2.8,2.67,0.089,2,"EVE,SUN","LIV,NEW",CHE-EVE-LIV-MCI-NEW,5,1+1+1+1+1,0,2.4583,100.0,12.5,-0.1204,2.508453,False,
ARS-AVL-AVL-LEE-LIV,4,2+1+1+1,0,2.7273,2.8,2.67,0.1232,2,"ARS,AVL","CHE,NFO",AVL-CHE-LEE-LIV-NFO,5,1+1+1+1+1,0,2.4583,100.0,18.8,-0.0971,2.508453,False,
ARS-AVL-AVL-LEE-MCI,4,2+1+1+1,0,2.7273,2.8,2.67,0.1232,2,"ARS,AVL","COV,FUL",AVL-COV-FUL-LEE-MCI,5,1+1+1+1+1,0,2.4583,100.0,6.2,-0.201,2.508453,False,
AVL-AVL-IPS-LEE-LIV,4,2+1+1+1,0,2.7273,2.8,2.67,0.1232,2,"AVL,IPS","CHE,NFO",AVL-CHE-LEE-LIV-NFO,5,1+1+1+1+1,0,2.4583,100.0,18.8,-0.0971,2.508453,False,
AVL-AVL-IPS-LEE-MCI,4,2+1+1+1,0,2.7273,2.8,2.67,0.1232,2,"AVL,IPS","COV,FUL",AVL-COV-FUL-LEE-MCI,5,1+1+1+1+1,0,2.4583,100.0,6.2,-0.201,2.508453,False,
BHA-CRY-LIV-LIV-NFO,4,2+1+1+1,0,2.7273,2.8,2.67,0.4964,2,"BHA,LIV","BOU,EVE",BOU-CRY-EVE-LIV-NFO,5,1+1+1+1+1,0,2.4583,100.0,18.8,-0.1615,2.508453,False,
BRE-BHA-CRY-LIV-NFO,5,1+1+1+1+1,0,2.7273,2.8,2.67,0.5964,2,"BHA,BRE","BOU,EVE",BOU-CRY-EVE-LIV-NFO,5,1+1+1+1+1,0,2.4583,100.0,18.8,-0.1615,2.508453,False,
BRE-EVE-EVE-LIV-MCI,4,2+1+1+1,0,2.7273,3.0,2.5,-0.3,2,"BRE,EVE","CHE,NEW",CHE-EVE-LIV-MCI-NEW,5,1+1+1+1+1,0,2.4583,100.0,12.5,-0.1204,2.508453,False,
BHA-EVE-EVE-LIV-MCI,4,2+1+1+1,0,2.7273,3.0,2.5,-0.3,2,"BHA,EVE","CHE,NEW",CHE-EVE-LIV-MCI-NEW,5,1+1+1+1+1,0,2.4583,100.0,12.5,-0.1204,2.508453,False,
EVE-EVE-LIV-MCI-TOT,4,2+1+1+1,0,2.7273,3.0,2.5,-0.3,2,"EVE,TOT","CHE,NEW",CHE-EVE-LIV-MCI-NEW,5,1+1+1+1+1,0,2.4583,100.0,12.5,-0.1204,2.508453,False,
BHA-CHE-CHE-EVE-MCI,4,2+1+1+1,0,2.7273,3.0,2.5,-0.2964,2,"BHA,CHE","LIV,NEW",CHE-EVE-LIV-MCI-NEW,5,1+1+1+1+1,0,2.4583,100.0,12.5,-0.1204,2.508453,False,
CHE-EVE-LEE-MCI-MCI,4,2+1+1+1,0,2.7273,3.0,2.5,-0.2945,2,"CHE,MCI","COV,FUL",COV-EVE-FUL-LEE-MCI,5,1+1+1+1+1,0,2.4583,100.0,6.2,-0.1523,2.508453,False,
CHE-CHE-CRY-LEE-LIV,4,2+1+1+1,0,2.7273,3.0,2.5,-0.2902,2,"CHE,CRY","AVL,NFO",AVL-CHE-LEE-LIV-NFO,5,1+1+1+1+1,0,2.4583,100.0,18.8,-0.0971,2.508453,False,
BRE-CHE-CHE-EVE-MCI,4,2+1+1+1,0,2.7273,3.0,2.5,-0.289,2,"BRE,CHE","LIV,NEW",CHE-EVE-LIV-MCI-NEW,5,1+1+1+1+1,0,2.4583,100.0,12.5,-0.1204,2.508453,False,
AVL-AVL-CHE-EVE-LEE,4,2+1+1+1,0,2.7273,3.0,2.5,-0.2751,2,"AVL,EVE","LIV,NFO",AVL-CHE-LEE-LIV-NFO,5,1+1+1+1+1,0,2.4583,100.0,18.8,-0.0971,2.508453,False,
AVL-CHE-CHE-CRY-LEE,4,2+1+1+1,0,2.7273,3.0,2.5,-0.261,2,"CHE,CRY","LIV,NFO",AVL-CHE-LEE-LIV-NFO,5,1+1+1+1+1,0,2.4583,100.0,18.8,-0.0971,2.508453,False,
EVE-LEE-MCI-MCI-TOT,4,2+1+1+1,0,2.7273,3.0,2.5,-0.25,2,"MCI,TOT","COV,FUL",COV-EVE-FUL-LEE-MCI,5,1+1+1+1+1,0,2.4583,100.0,6.2,-0.1523,2.508453,False,
AVL-BRE-CHE-EVE-LEE,5,1+1+1+1+1,0,2.7273,3.0,2.5,-0.1982,2,"BRE,EVE","LIV,NFO",AVL-CHE-LEE-LIV-NFO,5,1+1+1+1+1,0,2.4583,100.0,18.8,-0.0971,2.508453,False,
AVL-CHE-CRY-LEE-TOT,5,1+1+1+1+1,0,2.7273,3.0,2.5,-0.1982,2,"CRY,TOT","LIV,NFO",AVL-CHE-LEE-LIV-NFO,5,1+1+1+1+1,0,2.4583,100.0,18.8,-0.0971,2.508453,False,
BHA-CHE-EVE-LEE-MCI,5,1+1+1+1+1,0,2.7273,3.0,2.5,-0.1982,2,"BHA,CHE","COV,FUL",COV-EVE-FUL-LEE-MCI,5,1+1+1+1+1,0,2.4583,100.0,6.2,-0.1523,2.508453,False,
BRE-CHE-EVE-LEE-MCI,5,1+1+1+1+1,0,2.7273,3.0,2.5,-0.1945,2,"BRE,CHE","COV,FUL",COV-EVE-FUL-LEE-MCI,5,1+1+1+1+1,0,2.4583,100.0,6.2,-0.1523,2.508453,False,
CHE-CRY-LEE-LIV-TOT,5,1+1+1+1+1,0,2.7273,3.0,2.5,-0.1945,2,"CRY,TOT","AVL,NFO",AVL-CHE-LEE-LIV-NFO,5,1+1+1+1+1,0,2.4583,100.0,18.8,-0.0971,2.508453,False,
AVL-EVE-LEE-LIV-TOT,5,1+1+1+1+1,0,2.7273,3.0,2.5,-0.1866,2,"EVE,TOT","CHE,NFO",AVL-CHE-LEE-LIV-NFO,5,1+1+1+1+1,0,2.4583,100.0,18.8,-0.0971,2.508453,False,
AVL-EVE-LEE-MCI-TOT,5,1+1+1+1+1,0,2.7273,3.0,2.5,-0.1866,2,"EVE,TOT","COV,FUL",AVL-COV-FUL-LEE-MCI,5,1+1+1+1+1,0,2.4583,100.0,6.2,-0.201,2.508453,False,
BHA-EVE-LEE-MCI-TOT,5,1+1+1+1+1,0,2.7273,3.0,2.5,-0.1866,2,"BHA,TOT","COV,FUL",COV-EVE-FUL-LEE-MCI,5,1+1+1+1+1,0,2.4583,100.0,6.2,-0.1523,2.508453,False,
CHE-CRY-LEE-LIV-LIV,4,2+1+1+1,0,2.7273,3.0,2.5,-0.1646,2,"CRY,LIV","AVL,NFO",AVL-CHE-LEE-LIV-NFO,5,1+1+1+1+1,0,2.4583,100.0,18.8,-0.0971,2.508453,False,
EVE-LEE-LIV-MCI-TOT,5,1+1+1+1+1,0,2.7273,3.0,2.5,-0.15,2,"LIV,TOT","COV,FUL",COV-EVE-FUL-LEE-MCI,5,1+1+1+1+1,0,2.4583,100.0,6.2,-0.1523,2.508453,False,
AVL-EVE-LEE-LIV-LIV,4,2+1+1+1,0,2.7273,3.0,2.5,-0.1134,2,"EVE,LIV","CHE,NFO",AVL-CHE-LEE-LIV-NFO,5,1+1+1+1+1,0,2.4583,100.0,18.8,-0.0971,2.508453,False,
AVL-EVE-LEE-MCI-MCI,4,2+1+1+1,0,2.7273,3.0,2.5,-0.1134,2,"EVE,MCI","COV,FUL",AVL-COV-FUL-LEE-MCI,5,1+1+1+1+1,0,2.4583,100.0,6.2,-0.201,2.508453,False,
BHA-EVE-LEE-MCI-MCI,4,2+1+1+1,0,2.7273,3.0,2.5,-0.1134,2,"BHA,MCI","COV,FUL",COV-EVE-FUL-LEE-MCI,5,1+1+1+1+1,0,2.4583,100.0,6.2,-0.1523,2.508453,False,
AVL-CHE-LEE-LEE-TOT,4,2+1+1+1,0,2.7273,3.0,2.5,-0.1092,2,"LEE,TOT","LIV,NFO",AVL-CHE-LEE-LIV-NFO,5,1+1+1+1+1,0,2.4583,100.0,18.8,-0.0971,2.508453,False,
AVL-BRE-CHE-LEE-LEE,4,2+1+1+1,0,2.7273,3.0,2.5,-0.1061,2,"BRE,LEE","LIV,NFO",AVL-CHE-LEE-LIV-NFO,5,1+1+1+1+1,0,2.4583,100.0,18.8,-0.0971,2.508453,False,
BHA-CHE-LEE-LEE-LIV,4,2+1+1+1,0,2.7273,3.0,2.5,-0.1061,2,"BHA,LEE","AVL,NFO",AVL-CHE-LEE-LIV-NFO,5,1+1+1+1+1,0,2.4583,100.0,18.8,-0.0971,2.508453,False,
AVL-AVL-EVE-LEE-LIV,4,2+1+1+1,0,2.7273,3.0,2.5,-0.1,2,"AVL,EVE","CHE,NFO",AVL-CHE-LEE-LIV-NFO,5,1+1+1+1+1,0,2.4583,100.0,18.8,-0.0971,2.508453,False,
AVL-AVL-EVE-LEE-MCI,4,2+1+1+1,0,2.7273,3.0,2.5,-0.1,2,"AVL,EVE","COV,FUL",AVL-COV-FUL-LEE-MCI,5,1+1+1+1+1,0,2.4583,100.0,6.2,-0.201,2.508453,False,
BRE-BRE-EVE-LEE-MCI,4,2+1+1+1,0,2.7273,3.0,2.5,-0.1,2,"BRE,BRE","COV,FUL",COV-EVE-FUL-LEE-MCI,5,1+1+1+1+1,0,2.4583,100.0,6.2,-0.1523,2.508453,False,
BRE-EVE-LEE-MCI-MCI,4,2+1+1+1,0,2.7273,3.0,2.5,-0.1,2,"BRE,MCI","COV,FUL",COV-EVE-FUL-LEE-MCI,5,1+1+1+1+1,0,2.4583,100.0,6.2,-0.1523,2.508453,False,
BHA-BHA-EVE-LEE-MCI,4,2+1+1+1,0,2.7273,3.0,2.5,-0.1,2,"BHA,BHA","COV,FUL",COV-EVE-FUL-LEE-MCI,5,1+1+1+1+1,0,2.4583,100.0,6.2,-0.1523,2.508453,False,
EVE-LEE-LIV-LIV-MCI,4,2+1+1+1,0,2.7273,3.0,2.5,-0.1,2,"LIV,LIV","COV,FUL",COV-EVE-FUL-LEE-MCI,5,1+1+1+1+1,0,2.4583,100.0,6.2,-0.1523,2.508453,False,
EVE-LEE-LIV-MCI-MCI,4,2+1+1+1,0,2.7273,3.0,2.5,-0.1,2,"LIV,MCI","COV,FUL",COV-EVE-FUL-LEE-MCI,5,1+1+1+1+1,0,2.4583,100.0,6.2,-0.1523,2.508453,False,
EVE-LEE-MCI-TOT-TOT,4,2+1+1+1,0,2.7273,3.0,2.5,-0.1,2,"TOT,TOT","COV,FUL",COV-EVE-FUL-LEE-MCI,5,1+1+1+1+1,0,2.4583,100.0,6.2,-0.1523,2.508453,False,
BRE-CHE-LEE-LEE-LIV,4,2+1+1+1,0,2.7273,3.0,2.5,-0.089,2,"BRE,LEE","AVL,NFO",AVL-CHE-LEE-LIV-NFO,5,1+1+1+1+1,0,2.4583,100.0,18.8,-0.0971,2.508453,False,
CHE-LEE-LEE-LIV-TOT,4,2+1+1+1,0,2.7273,3.0,2.5,-0.0689,2,"LEE,TOT","AVL,NFO",AVL-CHE-LEE-LIV-NFO,5,1+1+1+1+1,0,2.4583,100.0,18.8,-0.0971,2.508453,False,
BRE-CHE-CRY-LEE-LIV,5,1+1+1+1+1,0,2.7273,3.0,2.5,-0.0646,2,"BRE,CRY","AVL,NFO",AVL-CHE-LEE-LIV-NFO,5,1+1+1+1+1,0,2.4583,100.0,18.8,-0.0971,2.508453,False,
AVL-CHE-EVE-LEE-TOT,5,1+1+1+1+1,0,2.7273,3.0,2.5,-0.0513,2,"EVE,TOT","LIV,NFO",AVL-CHE-LEE-LIV-NFO,5,1+1+1+1+1,0,2.4583,100.0,18.8,-0.0971,2.508453,False,
AVL-LEE-LEE-LIV-TOT,4,2+1+1+1,0,2.7273,3.0,2.5,-0.05,2,"LEE,TOT","CHE,NFO",AVL-CHE-LEE-LIV-NFO,5,1+1+1+1+1,0,2.4583,100.0,18.8,-0.0971,2.508453,False,
AVL-LEE-LEE-MCI-TOT,4,2+1+1+1,0,2.7273,3.0,2.5,-0.05,2,"LEE,TOT","COV,FUL",AVL-COV-FUL-LEE-MCI,5,1+1+1+1+1,0,2.4583,100.0,6.2,-0.201,2.508453,False,
AVL-BRE-CHE-CRY-LEE,5,1+1+1+1+1,0,2.7273,3.0,2.5,-0.0451,2,"BRE,CRY","LIV,NFO",AVL-CHE-LEE-LIV-NFO,5,1+1+1+1+1,0,2.4583,100.0,18.8,-0.0971,2.508453,False,
BHA-CHE-CRY-LEE-LIV,5,1+1+1+1+1,0,2.7273,3.0,2.5,-0.0451,2,"BHA,CRY","AVL,NFO",AVL-CHE-LEE-LIV-NFO,5,1+1+1+1+1,0,2.4583,100.0,18.8,-0.0971,2.508453,False,
CHE-EVE-LEE-MCI-TOT,5,1+1+1+1+1,0,2.7273,3.0,2.5,-0.0244,2,"CHE,TOT","COV,FUL",COV-EVE-FUL-LEE-MCI,5,1+1+1+1+1,0,2.4583,100.0,6.2,-0.1523,2.508453,False,
AVL-BRE-EVE-LEE-LIV,5,1+1+1+1+1,0,2.7273,3.0,2.5,-0.0134,2,"BRE,EVE","CHE,NFO",AVL-CHE-LEE-LIV-NFO,5,1+1+1+1+1,0,2.4583,100.0,18.8,-0.0971,2.508453,False,
AVL-BRE-EVE-LEE-MCI,5,1+1+1+1+1,0,2.7273,3.0,2.5,-0.0134,2,"BRE,EVE","COV,FUL",AVL-COV-FUL-LEE-MCI,5,1+1+1+1+1,0,2.4583,100.0,6.2,-0.201,2.508453,False,
AVL-CRY-LEE-LIV-TOT,5,1+1+1+1+1,0,2.7273,3.0,2.5,-0.0134,2,"CRY,TOT","CHE,NFO",AVL-CHE-LEE-LIV-NFO,5,1+1+1+1+1,0,2.4583,100.0,18.8,-0.0971,2.508453,False,
AVL-CRY-LEE-MCI-TOT,5,1+1+1+1+1,0,2.7273,3.0,2.5,-0.0134,2,"CRY,TOT","COV,FUL",AVL-COV-FUL-LEE-MCI,5,1+1+1+1+1,0,2.4583,100.0,6.2,-0.201,2.508453,False,
BRE-BHA-EVE-LEE-MCI,5,1+1+1+1+1,0,2.7273,3.0,2.5,-0.0134,2,"BHA,BRE","COV,FUL",COV-EVE-FUL-LEE-MCI,5,1+1+1+1+1,0,2.4583,100.0,6.2,-0.1523,2.508453,False,
BHA-EVE-LEE-LIV-MCI,5,1+1+1+1+1,0,2.7273,3.0,2.5,-0.0134,2,"BHA,LIV","COV,FUL",COV-EVE-FUL-LEE-MCI,5,1+1+1+1+1,0,2.4583,100.0,6.2,-0.1523,2.508453,False,
BRE-EVE-LEE-LIV-MCI,5,1+1+1+1+1,0,2.7273,3.0,2.5,0.0,2,"BRE,LIV","COV,FUL",COV-EVE-FUL-LEE-MCI,5,1+1+1+1+1,0,2.4583,100.0,6.2,-0.1523,2.508453,False,
LEE-LEE-LIV-MCI-TOT,4,2+1+1+1,0,2.7273,3.0,2.5,0.0,2,"LEE,TOT","COV,EVE",COV-EVE-LEE-LIV-MCI,5,1+1+1+1+1,0,2.4583,93.8,12.5,-0.1484,2.508453,False,
CHE-CHE-EVE-MCI-TOT,4,2+1+1+1,0,2.7273,3.0,2.5,0.0512,2,"CHE,TOT","LIV,NEW",CHE-EVE-LIV-MCI-NEW,5,1+1+1+1+1,0,2.4583,100.0,12.5,-0.1204,2.508453,False,
BHA-BHA-EVE-LIV-MCI,4,2+1+1+1,0,2.7273,3.0,2.5,0.0732,2,"BHA,BHA","CHE,NEW",CHE-EVE-LIV-MCI-NEW,5,1+1+1+1+1,0,2.4583,100.0,12.5,-0.1204,2.508453,False,
BHA-EVE-LIV-LIV-MCI,4,2+1+1+1,0,2.7273,3.0,2.5,0.0732,2,"BHA,LIV","CHE,NEW",CHE-EVE-LIV-MCI-NEW,5,1+1+1+1+1,0,2.4583,100.0,12.5,-0.1204,2.508453,False,
BHA-EVE-LIV-MCI-MCI,4,2+1+1+1,0,2.7273,3.0,2.5,0.0732,2,"BHA,MCI","CHE,NEW",CHE-EVE-LIV-MCI-NEW,5,1+1+1+1+1,0,2.4583,100.0,12.5,-0.1204,2.508453,False,
BRE-BRE-EVE-LIV-MCI,4,2+1+1+1,0,2.7273,3.0,2.5,0.1,2,"BRE,BRE","CHE,NEW",CHE-EVE-LIV-MCI-NEW,5,1+1+1+1+1,0,2.4583,100.0,12.5,-0.1204,2.508453,False,
BRE-EVE-LIV-LIV-MCI,4,2+1+1+1,0,2.7273,3.0,2.5,0.1,2,"BRE,LIV","CHE,NEW",CHE-EVE-LIV-MCI-NEW,5,1+1+1+1+1,0,2.4583,100.0,12.5,-0.1204,2.508453,False,
BRE-EVE-LIV-MCI-MCI,4,2+1+1+1,0,2.7273,3.0,2.5,0.1,2,"BRE,MCI","CHE,NEW",CHE-EVE-LIV-MCI-NEW,5,1+1+1+1+1,0,2.4583,100.0,12.5,-0.1204,2.508453,False,
BRE-BHA-EVE-LIV-MCI,5,1+1+1+1+1,0,2.7273,3.0,2.5,0.1732,2,"BHA,BRE","CHE,NEW",CHE-EVE-LIV-MCI-NEW,5,1+1+1+1+1,0,2.4583,100.0,12.5,-0.1204,2.508453,False,
AVL-BRE-LEE-LEE-LIV,4,2+1+1+1,0,2.7273,3.0,2.5,0.2732,2,"BRE,LEE","CHE,NFO",AVL-CHE-LEE-LIV-NFO,5,1+1+1+1+1,0,2.4583,100.0,18.8,-0.0971,2.508453,False,
AVL-BRE-LEE-LEE-MCI,4,2+1+1+1,0,2.7273,3.0,2.5,0.2732,2,"BRE,LEE","COV,FUL",AVL-COV-FUL-LEE-MCI,5,1+1+1+1+1,0,2.4583,100.0,6.2,-0.201,2.508453,False,
BRE-LEE-LEE-LIV-MCI,4,2+1+1+1,0,2.7273,3.0,2.5,0.3,2,"BRE,LEE","COV,EVE",COV-EVE-LEE-LIV-MCI,5,1+1+1+1+1,0,2.4583,93.8,12.5,-0.1484,2.508453,False,
AVL-CRY-LEE-LIV-LIV,4,2+1+1+1,0,2.7273,3.0,2.5,0.3598,2,"CRY,LIV","CHE,NFO",AVL-CHE-LEE-LIV-NFO,5,1+1+1+1+1,0,2.4583,100.0,18.8,-0.0971,2.508453,False,
AVL-CRY-LEE-MCI-MCI,4,2+1+1+1,0,2.7273,3.0,2.5,0.3598,2,"CRY,MCI","COV,FUL",AVL-COV-FUL-LEE-MCI,5,1+1+1+1+1,0,2.4583,100.0,6.2,-0.201,2.508453,False,
AVL-AVL-BRE-LEE-LIV,4,2+1+1+1,0,2.7273,3.0,2.5,0.4464,2,"AVL,BRE","CHE,NFO",AVL-CHE-LEE-LIV-NFO,5,1+1+1+1+1,0,2.4583,100.0,18.8,-0.0971,2.508453,False,
AVL-AVL-BRE-LEE-MCI,4,2+1+1+1,0,2.7273,3.0,2.5,0.4464,2,"AVL,BRE","COV,FUL",AVL-COV-FUL-LEE-MCI,5,1+1+1+1+1,0,2.4583,100.0,6.2,-0.201,2.508453,False,
AVL-BRE-BRE-LEE-LIV,4,2+1+1+1,0,2.7273,3.0,2.5,0.4598,2,"BRE,BRE","CHE,NFO",AVL-CHE-LEE-LIV-NFO,5,1+1+1+1+1,0,2.4583,100.0,18.8,-0.0971,2.508453,False,
AVL-BRE-BRE-LEE-MCI,4,2+1+1+1,0,2.7273,3.0,2.5,0.4598,2,"BRE,BRE","COV,FUL",AVL-COV-FUL-LEE-MCI,5,1+1+1+1+1,0,2.4583,100.0,6.2,-0.201,2.508453,False,
AVL-BRE-CRY-LEE-LIV,5,1+1+1+1+1,0,2.7273,3.0,2.5,0.4598,2,"BRE,CRY","CHE,NFO",AVL-CHE-LEE-LIV-NFO,5,1+1+1+1+1,0,2.4583,100.0,18.8,-0.0971,2.508453,False,
AVL-BRE-CRY-LEE-MCI,5,1+1+1+1+1,0,2.7273,3.0,2.5,0.4598,2,"BRE,CRY","COV,FUL",AVL-COV-FUL-LEE-MCI,5,1+1+1+1+1,0,2.4583,100.0,6.2,-0.201,2.508453,False,
AVL-BRE-LEE-LIV-LIV,4,2+1+1+1,0,2.7273,3.0,2.5,0.4598,2,"BRE,LIV","CHE,NFO",AVL-CHE-LEE-LIV-NFO,5,1+1+1+1+1,0,2.4583,100.0,18.8,-0.0971,2.508453,False,
AVL-BRE-LEE-MCI-MCI,4,2+1+1+1,0,2.7273,3.0,2.5,0.4598,2,"BRE,MCI","COV,FUL",AVL-COV-FUL-LEE-MCI,5,1+1+1+1+1,0,2.4583,100.0,6.2,-0.201,2.508453,False,
BRE-BRE-LEE-LIV-MCI,4,2+1+1+1,0,2.7273,3.0,2.5,0.5,2,"BRE,BRE","COV,EVE",COV-EVE-LEE-LIV-MCI,5,1+1+1+1+1,0,2.4583,93.8,12.5,-0.1484,2.508453,False,
BRE-LEE-LIV-LIV-MCI,4,2+1+1+1,0,2.7273,3.0,2.5,0.5,2,"BRE,LIV","COV,EVE",COV-EVE-LEE-LIV-MCI,5,1+1+1+1+1,0,2.4583,93.8,12.5,-0.1484,2.508453,False,
BRE-LEE-LIV-MCI-MCI,4,2+1+1+1,0,2.7273,3.0,2.5,0.5,2,"BRE,MCI","COV,EVE",COV-EVE-LEE-LIV-MCI,5,1+1+1+1+1,0,2.4583,93.8,12.5,-0.1484,2.508453,False,
ARS-ARS-EVE-LIV-NFO,4,2+1+1+1,0,2.8182,2.4,3.17,0.0732,2,"ARS,ARS","BOU,CHE",BOU-CHE-EVE-LIV-NFO,5,1+1+1+1+1,0,2.4375,100.0,25.0,-0.0785,2.508478,False,
EVE-IPS-IPS-LIV-NFO,4,2+1+1+1,0,2.8182,2.4,3.17,0.0732,2,"IPS,IPS","BOU,CHE",BOU-CHE-EVE-LIV-NFO,5,1+1+1+1+1,0,2.4375,100.0,25.0,-0.0785,2.508478,False,
ARS-ARS-AVL-CHE-NFO,4,2+1+1+1,0,2.8182,2.4,3.17,0.1301,2,"ARS,ARS","BOU,LIV",AVL-BOU-CHE-LIV-NFO,5,1+1+1+1+1,0,2.4375,100.0,18.8,-0.0994,2.508478,False,
AVL-CHE-IPS-IPS-NFO,4,2+1+1+1,0,2.8182,2.4,3.17,0.1301,2,"IPS,IPS","BOU,LIV",AVL-BOU-CHE-LIV-NFO,5,1+1+1+1+1,0,2.4375,100.0,18.8,-0.0994,2.508478,False,
ARS-EVE-IPS-LIV-NFO,5,1+1+1+1+1,0,2.8182,2.4,3.17,0.1732,2,"ARS,IPS","BOU,CHE",BOU-CHE-EVE-LIV-NFO,5,1+1+1+1+1,0,2.4375,100.0,25.0,-0.0785,2.508478,False,
ARS-AVL-CHE-IPS-NFO,5,1+1+1+1+1,0,2.8182,2.4,3.17,0.2301,2,"ARS,IPS","BOU,LIV",AVL-BOU-CHE-LIV-NFO,5,1+1+1+1+1,0,2.4375,100.0,18.8,-0.0994,2.508478,False,
ARS-CHE-EVE-NFO-NFO,4,2+1+1+1,0,2.8182,2.4,3.17,0.2711,2,"ARS,NFO","BOU,LIV",BOU-CHE-EVE-LIV-NFO,5,1+1+1+1+1,0,2.4375,100.0,25.0,-0.0785,2.508478,False,
CHE-EVE-IPS-NFO-NFO,4,2+1+1+1,0,2.8182,2.4,3.17,0.2711,2,"IPS,NFO","BOU,LIV",BOU-CHE-EVE-LIV-NFO,5,1+1+1+1+1,0,2.4375,100.0,25.0,-0.0785,2.508478,False,
ARS-EVE-EVE-LIV-NFO,4,2+1+1+1,0,2.8182,2.6,3.0,-0.0634,2,"ARS,EVE","BOU,CHE",BOU-CHE-EVE-LIV-NFO,5,1+1+1+1+1,0,2.4375,100.0,25.0,-0.0785,2.508478,False,
EVE-EVE-IPS-LIV-NFO,4,2+1+1+1,0,2.8182,2.6,3.0,-0.0634,2,"EVE,IPS","BOU,CHE",BOU-CHE-EVE-LIV-NFO,5,1+1+1+1+1,0,2.4375,100.0,25.0,-0.0785,2.508478,False,
ARS-ARS-CHE-EVE-LIV,4,2+1+1+1,0,2.8182,2.6,3.0,-0.0622,2,"ARS,ARS","BOU,NFO",BOU-CHE-EVE-LIV-NFO,5,1+1+1+1+1,0,2.4375,100.0,25.0,-0.0785,2.508478,False,
CHE-EVE-IPS-IPS-LIV,4,2+1+1+1,0,2.8182,2.6,3.0,-0.0622,2,"IPS,IPS","BOU,NFO",BOU-CHE-EVE-LIV-NFO,5,1+1+1+1+1,0,2.4375,100.0,25.0,-0.0785,2.508478,False,
ARS-CHE-EVE-IPS-LIV,5,1+1+1+1+1,0,2.8182,2.6,3.0,0.0378,2,"ARS,IPS","BOU,NFO",BOU-CHE-EVE-LIV-NFO,5,1+1+1+1+1,0,2.4375,100.0,25.0,-0.0785,2.508478,False,
ARS-AVL-CHE-EVE-NFO,5,1+1+1+1+1,0,2.8182,2.6,3.0,0.0825,2,"ARS,EVE","BOU,LIV",AVL-BOU-CHE-LIV-NFO,5,1+1+1+1+1,0,2.4375,100.0,18.8,-0.0994,2.508478,False,
ARS-BHA-CHE-EVE-NFO,5,1+1+1+1+1,0,2.8182,2.6,3.0,0.0825,2,"ARS,BHA","BOU,LIV",BOU-CHE-EVE-LIV-NFO,5,1+1+1+1+1,0,2.4375,100.0,25.0,-0.0785,2.508478,False,
AVL-CHE-EVE-IPS-NFO,5,1+1+1+1+1,0,2.8182,2.6,3.0,0.0825,2,"EVE,IPS","BOU,LIV",AVL-BOU-CHE-LIV-NFO,5,1+1+1+1+1,0,2.4375,100.0,18.8,-0.0994,2.508478,False,
BHA-CHE-EVE-IPS-NFO,5,1+1+1+1+1,0,2.8182,2.6,3.0,0.0825,2,"BHA,IPS","BOU,LIV",BOU-CHE-EVE-LIV-NFO,5,1+1+1+1+1,0,2.4375,100.0,25.0,-0.0785,2.508478,False,
AVL-CHE-CRY-NFO-NFO,4,2+1+1+1,0,2.8182,2.6,3.0,0.1206,2,"CRY,NFO","BOU,LIV",AVL-BOU-CHE-LIV-NFO,5,1+1+1+1+1,0,2.4375,100.0,18.8,-0.0994,2.508478,False,
ARS-AVL-CHE-CRY-NFO,5,1+1+1+1+1,0,2.8182,2.6,3.0,0.1722,2,"ARS,CRY","BOU,LIV",AVL-BOU-CHE-LIV-NFO,5,1+1+1+1+1,0,2.4375,100.0,18.8,-0.0994,2.508478,False,
AVL-CHE-CRY-IPS-NFO,5,1+1+1+1+1,0,2.8182,2.6,3.0,0.1722,2,"CRY,IPS","BOU,LIV",AVL-BOU-CHE-LIV-NFO,5,1+1+1+1+1,0,2.4375,100.0,18.8,-0.0994,2.508478,False,
ARS-CHE-CHE-EVE-NFO,4,2+1+1+1,0,2.8182,2.6,3.0,0.2979,2,"ARS,CHE","BOU,LIV",BOU-CHE-EVE-LIV-NFO,5,1+1+1+1+1,0,2.4375,100.0,25.0,-0.0785,2.508478,False,
CHE-CHE-EVE-IPS-NFO,4,2+1+1+1,0,2.8182,2.6,3.0,0.2979,2,"CHE,IPS","BOU,LIV",BOU-CHE-EVE-LIV-NFO,5,1+1+1+1+1,0,2.4375,100.0,25.0,-0.0785,2.508478,False,
ARS-AVL-CRY-LIV-NFO,5,1+1+1+1+1,0,2.8182,2.6,3.0,0.4464,2,"ARS,CRY","BOU,CHE",AVL-BOU-CHE-LIV-NFO,5,1+1+1+1+1,0,2.4375,100.0,18.8,-0.0994,2.508478,False,
ARS-AVL-CRY-MCI-NFO,5,1+1+1+1+1,0,2.8182,2.6,3.0,0.4464,2,"ARS,CRY","CHE,LIV",AVL-CHE-LIV-MCI-NFO,5,1+1+1+1+1,0,2.4375,100.0,25.0,-0.0529,2.508478,False,
AVL-CRY-IPS-LIV-NFO,5,1+1+1+1+1,0,2.8182,2.6,3.0,0.4464,2,"CRY,IPS","BOU,CHE",AVL-BOU-CHE-LIV-NFO,5,1+1+1+1+1,0,2.4375,100.0,18.8,-0.0994,2.508478,False,
AVL-CRY-IPS-MCI-NFO,5,1+1+1+1+1,0,2.8182,2.6,3.0,0.4464,2,"CRY,IPS","CHE,LIV",AVL-CHE-LIV-MCI-NFO,5,1+1+1+1+1,0,2.4375,100.0,25.0,-0.0529,2.508478,False,
AVL-CRY-LIV-NFO-NFO,4,2+1+1+1,0,2.8182,2.6,3.0,0.4964,2,"CRY,NFO","BOU,CHE",AVL-BOU-CHE-LIV-NFO,5,1+1+1+1+1,0,2.4375,100.0,18.8,-0.0994,2.508478,False,
AVL-CRY-MCI-NFO-NFO,4,2+1+1+1,0,2.8182,2.6,3.0,0.4964,2,"CRY,NFO","CHE,LIV",AVL-CHE-LIV-MCI-NFO,5,1+1+1+1+1,0,2.4375,100.0,25.0,-0.0529,2.508478,False,
BRE-CHE-EVE-EVE-NFO,4,2+1+1+1,0,2.8182,2.8,2.83,-0.1382,2,"BRE,EVE","BOU,LIV",BOU-CHE-EVE-LIV-NFO,5,1+1+1+1+1,0,2.4375,100.0,25.0,-0.0785,2.508478,False,
CHE-EVE-EVE-LIV-NFO,4,2+1+1+1,0,2.8182,2.8,2.83,-0.1382,2,"EVE,EVE","AVL,BOU",AVL-BOU-CHE-LIV-NFO,5,1+1+1+1+1,0,2.4375,100.0,18.8,-0.0994,2.508478,False,
CHE-EVE-EVE-MCI-NFO,4,2+1+1+1,0,2.8182,2.8,2.83,-0.1382,2,"EVE,MCI","BOU,LIV",BOU-CHE-EVE-LIV-NFO,5,1+1+1+1+1,0,2.4375,100.0,25.0,-0.0785,2.508478,False,
ARS-CHE-EVE-LEE-LIV,5,1+1+1+1+1,0,2.8182,2.8,2.83,-0.0811,2,"ARS,LEE","BOU,NFO",BOU-CHE-EVE-LIV-NFO,5,1+1+1+1+1,0,2.4375,100.0,25.0,-0.0785,2.508478,False,
CHE-EVE-IPS-LEE-LIV,5,1+1+1+1+1,0,2.8182,2.8,2.83,-0.0811,2,"IPS,LEE","BOU,NFO",BOU-CHE-EVE-LIV-NFO,5,1+1+1+1+1,0,2.4375,100.0,25.0,-0.0785,2.508478,False,
AVL-CHE-EVE-EVE-NFO,4,2+1+1+1,0,2.8182,2.8,2.83,-0.0652,2,"EVE,EVE","BOU,LIV",AVL-BOU-CHE-LIV-NFO,5,1+1+1+1+1,0,2.4375,100.0,18.8,-0.0994,2.508478,False,
BHA-CHE-EVE-EVE-NFO,4,2+1+1+1,0,2.8182,2.8,2.83,-0.0652,2,"BHA,EVE","BOU,LIV",BOU-CHE-EVE-LIV-NFO,5,1+1+1+1+1,0,2.4375,100.0,25.0,-0.0785,2.508478,False,
ARS-CHE-CHE-EVE-LIV,4,2+1+1+1,0,2.8182,2.8,2.83,-0.0622,2,"ARS,CHE","BOU,NFO",BOU-CHE-EVE-LIV-NFO,5,1+1+1+1+1,0,2.4375,100.0,25.0,-0.0785,2.508478,False,
CHE-CHE-EVE-IPS-LIV,4,2+1+1+1,0,2.8182,2.8,2.83,-0.0622,2,"CHE,IPS","BOU,NFO",BOU-CHE-EVE-LIV-NFO,5,1+1+1+1+1,0,2.4375,100.0,25.0,-0.0785,2.508478,False,
CHE-CRY-CRY-LIV-NFO,4,2+1+1+1,0,2.8182,2.8,2.83,-0.0052,2,"CRY,CRY","AVL,BOU",AVL-BOU-CHE-LIV-NFO,5,1+1+1+1+1,0,2.4375,100.0,18.8,-0.0994,2.508478,False,
CHE-CRY-CRY-MCI-NFO,4,2+1+1+1,0,2.8182,2.8,2.83,-0.0052,2,"CRY,CRY","AVL,LIV",AVL-CHE-LIV-MCI-NFO,5,1+1+1+1+1,0,2.4375,100.0,25.0,-0.0529,2.508478,False,
AVL-AVL-CHE-CRY-NFO,4,2+1+1+1,0,2.8182,2.8,2.83,0.0551,2,"AVL,CRY","BOU,LIV",AVL-BOU-CHE-LIV-NFO,5,1+1+1+1+1,0,2.4375,100.0,18.8,-0.0994,2.508478,False,
CHE-EVE-EVE-NFO-TOT,4,2+1+1+1,0,2.8182,2.8,2.83,0.2452,2,"EVE,TOT","BOU,LIV",BOU-CHE-EVE-LIV-NFO,5,1+1+1+1+1,0,2.4375,100.0,25.0,-0.0785,2.508478,False,
CRY-CRY-LIV-MCI-NFO,4,2+1+1+1,0,2.8182,2.8,2.83,0.4732,2,"CRY,CRY","AVL,CHE",AVL-CHE-LIV-MCI-NFO,5,1+1+1+1+1,0,2.4375,100.0,25.0,-0.0529,2.508478,False,
AVL-AVL-CRY-LIV-NFO,4,2+1+1+1,0,2.8182,2.8,2.83,0.583,2,"AVL,CRY","BOU,CHE",AVL-BOU-CHE-LIV-NFO,5,1+1+1+1+1,0,2.4375,100.0,18.8,-0.0994,2.508478,False,
AVL-AVL-CRY-MCI-NFO,4,2+1+1+1,0,2.8182,2.8,2.83,0.583,2,"AVL,CRY","CHE,LIV",AVL-CHE-LIV-MCI-NFO,5,1+1+1+1+1,0,2.4375,100.0,25.0,-0.0529,2.508478,False,
BRE-CHE-EVE-EVE-LIV,4,2+1+1+1,0,2.8182,3.0,2.67,-0.3,2,"BRE,EVE","BOU,NFO",BOU-CHE-EVE-LIV-NFO,5,1+1+1+1+1,0,2.4375,100.0,25.0,-0.0785,2.508478,False,
CHE-EVE-EVE-LIV-MCI,4,2+1+1+1,0,2.8182,3.0,2.67,-0.3,2,"EVE,MCI","BOU,NFO",BOU-CHE-EVE-LIV-NFO,5,1+1+1+1+1,0,2.4375,100.0,25.0,-0.0785,2.508478,False,
AVL-CHE-EVE-EVE-LIV,4,2+1+1+1,0,2.8182,3.0,2.67,-0.2903,2,"EVE,EVE","BOU,NFO",AVL-BOU-CHE-LIV-NFO,5,1+1+1+1+1,0,2.4375,100.0,18.8,-0.0994,2.508478,False,
AVL-CHE-EVE-EVE-MCI,4,2+1+1+1,0,2.8182,3.0,2.67,-0.2903,2,"EVE,EVE","LIV,NFO",AVL-CHE-LIV-MCI-NFO,5,1+1+1+1+1,0,2.4375,100.0,25.0,-0.0529,2.508478,False,
BHA-CHE-EVE-EVE-LIV,4,2+1+1+1,0,2.8182,3.0,2.67,-0.2903,2,"BHA,EVE","BOU,NFO",BOU-CHE-EVE-LIV-NFO,5,1+1+1+1+1,0,2.4375,100.0,25.0,-0.0785,2.508478,False,
CHE-CHE-EVE-LEE-LIV,4,2+1+1+1,0,2.8182,3.0,2.67,-0.1,2,"CHE,LEE","BOU,NFO",BOU-CHE-EVE-LIV-NFO,5,1+1+1+1+1,0,2.4375,100.0,25.0,-0.0785,2.508478,False,
CHE-EVE-LEE-LEE-LIV,4,2+1+1+1,0,2.8182,3.0,2.67,-0.1,2,"LEE,LEE","BOU,NFO",BOU-CHE-EVE-LIV-NFO,5,1+1+1+1+1,0,2.4375,100.0,25.0,-0.0785,2.508478,False,
AVL-CHE-CRY-CRY-LIV,4,2+1+1+1,0,2.8182,3.0,2.67,0.0159,2,"CRY,CRY","BOU,NFO",AVL-BOU-CHE-LIV-NFO,5,1+1+1+1+1,0,2.4375,100.0,18.8,-0.0994,2.508478,False,
AVL-CHE-CRY-CRY-MCI,4,2+1+1+1,0,2.8182,3.0,2.67,0.0159,2,"CRY,CRY","LIV,NFO",AVL-CHE-LIV-MCI-NFO,5,1+1+1+1+1,0,2.4375,100.0,25.0,-0.0529,2.508478,False,
CHE-EVE-EVE-LIV-TOT,4,2+1+1+1,0,2.8182,3.0,2.67,0.0201,2,"EVE,TOT","BOU,NFO",BOU-CHE-EVE-LIV-NFO,5,1+1+1+1+1,0,2.4375,100.0,25.0,-0.0785,2.508478,False,
AVL-CRY-CRY-LIV-MCI,4,2+1+1+1,0,2.8182,3.0,2.67,0.6464,2,"CRY,CRY","CHE,NFO",AVL-CHE-LIV-MCI-NFO,5,1+1+1+1+1,0,2.4375,100.0,25.0,-0.0529,2.508478,False,
AVL-AVL-CRY-LIV-MCI,4,2+1+1+1,0,2.8182,3.0,2.67,0.7196,2,"AVL,CRY","CHE,NFO",AVL-CHE-LIV-MCI-NFO,5,1+1+1+1+1,0,2.4375,100.0,25.0,-0.0529,2.508478,False,
ARS-ARS-MCI-NFO-SUN,4,2+1+1+1,1,2.5455,2.2,2.83,0.0732,2,"ARS,NFO","COV,LIV",ARS-COV-LIV-MCI-SUN,5,1+1+1+1+1,1,2.5,100.0,31.2,-0.0733,2.508483,False,
ARS-MCI-NFO-NFO-SUN,4,2+1+1+1,1,2.5455,2.2,2.83,0.0732,2,"NFO,NFO","COV,LIV",ARS-COV-LIV-MCI-SUN,5,1+1+1+1+1,1,2.5,100.0,31.2,-0.0733,2.508483,False,
ARS-ARS-MUN-NFO-TOT,4,2+1+1+1,0,2.5455,2.2,2.83,0.1366,2,"ARS,MUN","BOU,FUL",ARS-BOU-FUL-NFO-TOT,5,1+1+1+1+1,0,2.5,100.0,18.8,-0.0992,2.508483,False,
IPS-IPS-MUN-NFO-TOT,4,2+1+1+1,0,2.5455,2.2,2.83,0.1366,2,"IPS,MUN","CHE,FUL",CHE-FUL-IPS-NFO-TOT,5,1+1+1+1+1,0,2.5,100.0,6.2,-0.1618,2.508483,False,
ARS-CRY-MUN-MUN-NFO,4,2+1+1+1,0,2.5455,2.2,2.83,0.2232,2,"MUN,MUN","BOU,LIV",ARS-BOU-CRY-LIV-NFO,5,1+1+1+1+1,0,2.5,100.0,18.8,-0.1062,2.508483,False,
ARS-CRY-NFO-SUN-SUN,4,2+1+1+1,2,2.5455,2.2,2.83,0.2232,2,"SUN,SUN","BOU,LIV",ARS-BOU-CRY-LIV-NFO,5,1+1+1+1+1,0,2.5,100.0,18.8,-0.1062,2.508483,False,
CRY-IPS-MUN-MUN-NFO,4,2+1+1+1,0,2.5455,2.2,2.83,0.2232,2,"MUN,MUN","BOU,FUL",BOU-CRY-FUL-IPS-NFO,5,1+1+1+1+1,0,2.5,100.0,12.5,-0.1424,2.508483,False,
ARS-IPS-MUN-NFO-TOT,5,1+1+1+1+1,0,2.5455,2.2,2.83,0.2366,2,"ARS,MUN","CHE,FUL",CHE-FUL-IPS-NFO-TOT,5,1+1+1+1+1,0,2.5,100.0,6.2,-0.1618,2.508483,False,
ARS-CRY-MUN-NFO-SUN,5,1+1+1+1+1,1,2.5455,2.2,2.83,0.3232,2,"MUN,SUN","BOU,LIV",ARS-BOU-CRY-LIV-NFO,5,1+1+1+1+1,0,2.5,100.0,18.8,-0.1062,2.508483,False,
ARS-ARS-AVL-TOT-SUN,4,2+1+1+1,1,2.5455,2.4,2.67,-0.1232,2,"ARS,ARS","CHE,LEE",AVL-CHE-LEE-TOT-SUN,5,1+1+1+1+1,1,2.5,100.0,12.5,-0.132,2.508483,False,
ARS-ARS-BHA-TOT-SUN,4,2+1+1+1,1,2.5455,2.4,2.67,-0.1232,2,"ARS,ARS","LIV,NFO",BHA-LIV-NFO-TOT-SUN,5,1+1+1+1+1,1,2.5,100.0,18.8,-0.1476,2.508483,False,
AVL-IPS-IPS-MUN-TOT,4,2+1+1+1,0,2.5455,2.4,2.67,-0.1232,2,"IPS,MUN","CHE,LEE",AVL-CHE-IPS-LEE-TOT,5,1+1+1+1+1,0,2.5,100.0,18.8,-0.0867,2.508483,False,
ARS-ARS-AVL-BRE-SUN,4,2+1+1+1,1,2.5455,2.4,2.67,-0.1,2,"ARS,ARS","CHE,MCI",AVL-BRE-CHE-MCI-SUN,5,1+1+1+1+1,1,2.5,100.0,18.8,-0.0507,2.508483,False,
ARS-ARS-LEE-LIV-MUN,4,2+1+1+1,0,2.5455,2.4,2.67,-0.1,2,"ARS,MUN","AVL,COV",ARS-AVL-COV-LEE-LIV,5,1+1+1+1+1,0,2.5,100.0,6.2,-0.1536,2.508483,False,
ARS-ARS-LEE-LIV-SUN,4,2+1+1+1,1,2.5455,2.4,2.67,-0.1,2,"ARS,SUN","AVL,COV",ARS-AVL-COV-LEE-LIV,5,1+1+1+1+1,0,2.5,100.0,6.2,-0.1536,2.508483,False,
ARS-ARS-LEE-MCI-MUN,4,2+1+1+1,0,2.5455,2.4,2.67,-0.1,2,"ARS,MUN","AVL,COV",ARS-AVL-COV-LEE-MCI,5,1+1+1+1+1,0,2.5,100.0,6.2,-0.1997,2.508483,False,
ARS-ARS-LEE-MCI-SUN,4,2+1+1+1,1,2.5455,2.4,2.67,-0.1,2,"ARS,SUN","AVL,COV",ARS-AVL-COV-LEE-MCI,5,1+1+1+1+1,0,2.5,100.0,6.2,-0.1997,2.508483,False,
AVL-BRE-IPS-IPS-MUN,4,2+1+1+1,0,2.5455,2.4,2.67,-0.1,2,"IPS,MUN","BOU,CHE",AVL-BOU-BRE-CHE-IPS,5,1+1+1+1+1,0,2.5,100.0,12.5,-0.0862,2.508483,False,
AVL-IPS-IPS-LIV-MUN,4,2+1+1+1,0,2.5455,2.4,2.67,-0.1,2,"IPS,IPS","BOU,COV",AVL-BOU-COV-LIV-MUN,5,1+1+1+1+1,0,2.5,100.0,12.5,-0.1393,2.508483,False,
BHA-IPS-IPS-LIV-MUN,4,2+1+1+1,0,2.5455,2.4,2.67,-0.1,2,"IPS,MUN","CRY,MCI",BHA-CRY-IPS-LIV-MCI,5,1+1+1+1+1,0,2.5,100.0,18.8,-0.1071,2.508483,False,
BHA-IPS-IPS-MCI-MUN,4,2+1+1+1,0,2.5455,2.4,2.67,-0.1,2,"IPS,MUN","FUL,LEE",BHA-FUL-IPS-LEE-MCI,5,1+1+1+1+1,0,2.5,100.0,6.2,-0.1502,2.508483,False,
EVE-MCI-MUN-NFO-NFO,4,2+1+1+1,0,2.5455,2.4,2.67,-0.1,2,"NFO,NFO","COV,LIV",COV-EVE-LIV-MCI-MUN,5,1+1+1+1+1,0,2.5,100.0,6.2,-0.1541,2.508483,False,
ARS-BHA-MUN-NFO-TOT,5,1+1+1+1+1,0,2.5455,2.4,2.67,-0.0732,2,"ARS,MUN","FUL,LEE",BHA-FUL-LEE-NFO-TOT,5,1+1+1+1+1,0,2.5,100.0,0.0,-0.1679,2.508483,False,
BHA-IPS-MUN-NFO-TOT,5,1+1+1+1+1,0,2.5455,2.4,2.67,-0.0732,2,"IPS,MUN","FUL,LEE",BHA-FUL-LEE-NFO-TOT,5,1+1+1+1+1,0,2.5,100.0,0.0,-0.1679,2.508483,False,
ARS-ARS-BRE-CHE-SUN,4,2+1+1+1,1,2.5455,2.4,2.67,-0.0622,2,"ARS,ARS","AVL,MCI",AVL-BRE-CHE-MCI-SUN,5,1+1+1+1+1,1,2.5,100.0,18.8,-0.0507,2.508483,False,
ARS-ARS-CHE-LIV-MUN,4,2+1+1+1,0,2.5455,2.4,2.67,-0.0622,2,"ARS,MUN","AVL,BOU",ARS-AVL-BOU-CHE-LIV,5,1+1+1+1+1,0,2.5,93.8,12.5,-0.0545,2.508483,False,
ARS-ARS-CHE-MCI-MUN,4,2+1+1+1,0,2.5455,2.4,2.67,-0.0622,2,"ARS,MUN","AVL,COV",ARS-AVL-CHE-COV-MCI,5,1+1+1+1+1,0,2.5,100.0,12.5,-0.0853,2.508483,False,
BRE-CHE-IPS-IPS-MUN,4,2+1+1+1,0,2.5455,2.4,2.67,-0.0622,2,"IPS,MUN","FUL,MCI",BRE-CHE-FUL-IPS-MCI,5,1+1+1+1+1,0,2.5,100.0,6.2,-0.0918,2.508483,False,
AVL-CRY-MUN-MUN-NFO,4,2+1+1+1,0,2.5455,2.4,2.67,-0.05,2,"CRY,MUN","BOU,LIV",AVL-BOU-LIV-MUN-NFO,5,1+1+1+1+1,0,2.5,100.0,12.5,-0.0977,2.508483,False,
ARS-AVL-CRY-MUN-MUN,4,2+1+1+1,0,2.5455,2.4,2.67,-0.0366,2,"MUN,MUN","BOU,LIV",ARS-AVL-BOU-CRY-LIV,5,1+1+1+1+1,0,2.5,100.0,0.0,-0.1373,2.508483,False,
ARS-AVL-CRY-SUN-SUN,4,2+1+1+1,2,2.5455,2.4,2.67,-0.0366,2,"SUN,SUN","BOU,LIV",ARS-AVL-BOU-CRY-LIV,5,1+1+1+1+1,0,2.5,100.0,0.0,-0.1373,2.508483,False,
ARS-BHA-CRY-SUN-SUN,4,2+1+1+1,2,2.5455,2.4,2.67,-0.0366,2,"ARS,SUN","LIV,MCI",BHA-CRY-LIV-MCI-SUN,5,1+1+1+1+1,1,2.5,100.0,18.8,-0.1215,2.508483,False,
BHA-CRY-IPS-MUN-MUN,4,2+1+1+1,0,2.5455,2.4,2.67,-0.0366,2,"MUN,MUN","LIV,MCI",BHA-CRY-IPS-LIV-MCI,5,1+1+1+1+1,0,2.5,100.0,18.8,-0.1071,2.508483,False,
ARS-AVL-IPS-MUN-TOT,5,1+1+1+1+1,0,2.5455,2.4,2.67,-0.0232,2,"ARS,MUN","CHE,LEE",AVL-CHE-IPS-LEE-TOT,5,1+1+1+1+1,0,2.5,100.0,18.8,-0.0867,2.508483,False,
ARS-AVL-BRE-IPS-MUN,5,1+1+1+1+1,0,2.5455,2.4,2.67,0.0,2,"ARS,MUN","BOU,CHE",AVL-BOU-BRE-CHE-IPS,5,1+1+1+1+1,0,2.5,100.0,12.5,-0.0862,2.508483,False,
ARS-BHA-IPS-LIV-MUN,5,1+1+1+1+1,0,2.5455,2.4,2.67,0.0,2,"ARS,MUN","CRY,MCI",BHA-CRY-IPS-LIV-MCI,5,1+1+1+1+1,0,2.5,100.0,18.8,-0.1071,2.508483,False,
ARS-BHA-IPS-MCI-MUN,5,1+1+1+1+1,0,2.5455,2.4,2.67,0.0,2,"ARS,MUN","FUL,LEE",BHA-FUL-IPS-LEE-MCI,5,1+1+1+1+1,0,2.5,100.0,6.2,-0.1502,2.508483,False,
ARS-IPS-LEE-LIV-MUN,5,1+1+1+1+1,0,2.5455,2.4,2.67,0.0,2,"IPS,MUN","AVL,COV",ARS-AVL-COV-LEE-LIV,5,1+1+1+1+1,0,2.5,100.0,6.2,-0.1536,2.508483,False,
ARS-BRE-BHA-MUN-NFO,5,1+1+1+1+1,0,2.5455,2.4,2.67,0.0366,2,"ARS,MUN","AVL,LIV",AVL-BRE-BHA-LIV-NFO,5,1+1+1+1+1,0,2.5,100.0,12.5,-0.09,2.508483,False,
ARS-BRE-BHA-NFO-SUN,5,1+1+1+1+1,1,2.5455,2.4,2.67,0.0366,2,"ARS,BRE","LIV,TOT",BHA-LIV-NFO-TOT-SUN,5,1+1+1+1+1,1,2.5,100.0,18.8,-0.1476,2.508483,False,
ARS-EVE-MCI-MUN-NFO,5,1+1+1+1+1,0,2.5455,2.4,2.67,0.0366,2,"ARS,NFO","COV,LIV",COV-EVE-LIV-MCI-MUN,5,1+1+1+1+1,0,2.5,100.0,6.2,-0.1541,2.508483,False,
BRE-BHA-IPS-MUN-NFO,5,1+1+1+1+1,0,2.5455,2.4,2.67,0.0366,2,"BRE,MUN","BOU,LIV",BOU-BHA-IPS-LIV-NFO,5,1+1+1+1+1,0,2.5,100.0,6.2,-0.104,2.508483,False,
ARS-BRE-CHE-IPS-MUN,5,1+1+1+1+1,0,2.5455,2.4,2.67,0.0378,2,"ARS,MUN","FUL,MCI",BRE-CHE-FUL-IPS-MCI,5,1+1+1+1+1,0,2.5,100.0,6.2,-0.0918,2.508483,False,
ARS-ARS-LEE-TOT-SUN,4,2+1+1+1,1,2.5455,2.4,2.67,0.05,2,"ARS,ARS","CHE,NFO",CHE-LEE-NFO-TOT-SUN,5,1+1+1+1+1,1,2.5,100.0,12.5,-0.1726,2.508483,False,
AVL-CRY-MUN-NFO-SUN,5,1+1+1+1+1,1,2.5455,2.4,2.67,0.05,2,"CRY,SUN","BOU,LIV",AVL-BOU-LIV-MUN-NFO,5,1+1+1+1+1,0,2.5,100.0,12.5,-0.0977,2.508483,False,
IPS-IPS-LEE-MUN-TOT,4,2+1+1+1,0,2.5455,2.4,2.67,0.05,2,"IPS,MUN","CHE,FUL",CHE-FUL-IPS-LEE-TOT,5,1+1+1+1+1,0,2.5,100.0,6.2,-0.176,2.508483,False,
ARS-AVL-CRY-MUN-SUN,5,1+1+1+1+1,1,2.5455,2.4,2.67,0.0634,2,"MUN,SUN","BOU,LIV",ARS-AVL-BOU-CRY-LIV,5,1+1+1+1+1,0,2.5,100.0,0.0,-0.1373,2.508483,False,
ARS-BHA-CRY-MUN-SUN,5,1+1+1+1+1,1,2.5455,2.4,2.67,0.0634,2,"ARS,MUN","LIV,MCI",BHA-CRY-LIV-MCI-SUN,5,1+1+1+1+1,1,2.5,100.0,18.8,-0.1215,2.508483,False,
ARS-IPS-LEE-MUN-TOT,5,1+1+1+1+1,0,2.5455,2.4,2.67,0.15,2,"ARS,MUN","CHE,FUL",CHE-FUL-IPS-LEE-TOT,5,1+1+1+1+1,0,2.5,100.0,6.2,-0.176,2.508483,False,
ARS-ARS-CHE-MUN-TOT,4,2+1+1+1,0,2.5455,2.4,2.67,0.2579,2,"ARS,MUN","BOU,NFO",ARS-BOU-CHE-NFO-TOT,5,1+1+1+1+1,0,2.5,100.0,12.5,-0.0708,2.508483,False,
ARS-CHE-CHE-MUN-NFO,4,2+1+1+1,0,2.5455,2.4,2.67,0.2979,2,"ARS,MUN","AVL,NEW",AVL-CHE-CHE-NEW-NFO,4,2+1+1+1,0,2.5,100.0,18.8,-0.2301,2.508483,False,
ARS-EVE-LEE-MUN-MUN,4,2+1+1+1,0,2.5455,2.4,2.67,0.35,2,"MUN,MUN","COV,LIV",ARS-COV-EVE-LEE-LIV,5,1+1+1+1+1,0,2.5,100.0,12.5,-0.1182,2.508483,False,
ARS-EVE-LEE-SUN-SUN,4,2+1+1+1,2,2.5455,2.4,2.67,0.35,2,"SUN,SUN","COV,LIV",ARS-COV-EVE-LEE-LIV,5,1+1+1+1+1,0,2.5,100.0,12.5,-0.1182,2.508483,False,
ARS-EVE-LEE-MUN-SUN,5,1+1+1+1+1,1,2.5455,2.4,2.67,0.45,2,"MUN,SUN","COV,LIV",ARS-COV-EVE-LEE-LIV,5,1+1+1+1+1,0,2.5,100.0,12.5,-0.1182,2.508483,False,
ARS-CHE-EVE-MUN-MUN,4,2+1+1+1,0,2.5455,2.4,2.67,0.6524,2,"MUN,MUN","BOU,COV",ARS-BOU-CHE-COV-EVE,5,1+1+1+1+1,0,2.5,100.0,12.5,-0.0319,2.508483,False,
ARS-EVE-MCI-MCI-MUN,4,2+1+1+1,0,2.5455,2.6,2.5,-0.3,2,"ARS,MCI","COV,LIV",COV-EVE-LIV-MCI-MUN,5,1+1+1+1+1,0,2.5,100.0,6.2,-0.1541,2.508483,False,
EVE-IPS-LIV-LIV-MUN,4,2+1+1+1,0,2.5455,2.6,2.5,-0.3,2,"IPS,LIV","BOU,COV",BOU-COV-EVE-LIV-MUN,5,1+1+1+1+1,0,2.5,100.0,12.5,-0.1613,2.508483,False,
EVE-MCI-MCI-MUN-NFO,4,2+1+1+1,0,2.5455,2.6,2.5,-0.3,2,"MCI,NFO","COV,LIV",COV-EVE-LIV-MCI-MUN,5,1+1+1+1+1,0,2.5,100.0,6.2,-0.1541,2.508483,False,
ARS-AVL-AVL-TOT-SUN,4,2+1+1+1,1,2.5455,2.6,2.5,-0.2964,2,"ARS,AVL","CHE,LEE",AVL-CHE-LEE-TOT-SUN,5,1+1+1+1+1,1,2.5,100.0,12.5,-0.132,2.508483,False,
ARS-BHA-BHA-TOT-SUN,4,2+1+1+1,1,2.5455,2.6,2.5,-0.2964,2,"ARS,BHA","LIV,NFO",BHA-LIV-NFO-TOT-SUN,5,1+1+1+1+1,1,2.5,100.0,18.8,-0.1476,2.508483,False,
AVL-AVL-IPS-MUN-TOT,4,2+1+1+1,0,2.5455,2.6,2.5,-0.2964,2,"AVL,MUN","CHE,LEE",AVL-CHE-IPS-LEE-TOT,5,1+1+1+1+1,0,2.5,100.0,18.8,-0.0867,2.508483,False,
BHA-BHA-MUN-NFO-TOT,4,2+1+1+1,0,2.5455,2.6,2.5,-0.283,2,"BHA,MUN","FUL,LEE",BHA-FUL-LEE-NFO-TOT,5,1+1+1+1+1,0,2.5,100.0,0.0,-0.1679,2.508483,False,
ARS-LEE-LIV-LIV-MUN,4,2+1+1+1,0,2.5455,2.6,2.5,-0.25,2,"LIV,MUN","AVL,COV",ARS-AVL-COV-LEE-LIV,5,1+1+1+1+1,0,2.5,100.0,6.2,-0.1536,2.508483,False,
ARS-LEE-LIV-LIV-SUN,4,2+1+1+1,1,2.5455,2.6,2.5,-0.25,2,"LIV,SUN","AVL,COV",ARS-AVL-COV-LEE-LIV,5,1+1+1+1+1,0,2.5,100.0,6.2,-0.1536,2.508483,False,
ARS-LEE-MCI-MCI-MUN,4,2+1+1+1,0,2.5455,2.6,2.5,-0.25,2,"MCI,MUN","AVL,COV",ARS-AVL-COV-LEE-MCI,5,1+1+1+1+1,0,2.5,100.0,6.2,-0.1997,2.508483,False,
ARS-LEE-MCI-MCI-SUN,4,2+1+1+1,1,2.5455,2.6,2.5,-0.25,2,"MCI,SUN","AVL,COV",ARS-AVL-COV-LEE-MCI,5,1+1+1+1+1,0,2.5,100.0,6.2,-0.1997,2.508483,False,
CRY-LEE-LIV-SUN-SUN,4,2+1+1+1,2,2.5455,2.6,2.5,-0.25,2,"LEE,SUN","BHA,MCI",BHA-CRY-LIV-MCI-SUN,5,1+1+1+1+1,1,2.5,100.0,18.8,-0.1215,2.508483,False,
CRY-LEE-MCI-SUN-SUN,4,2+1+1+1,2,2.5455,2.6,2.5,-0.25,2,"CRY,SUN","BHA,COV",BHA-COV-LEE-MCI-SUN,5,1+1+1+1+1,1,2.5,100.0,18.8,-0.1462,2.508483,False,
ARS-BHA-BHA-CHE-SUN,4,2+1+1+1,1,2.5455,2.6,2.5,-0.2062,2,"ARS,BHA","COV,MCI",BHA-CHE-COV-MCI-SUN,5,1+1+1+1+1,1,2.5,100.0,18.8,-0.106,2.508483,False,
BHA-BHA-CHE-IPS-MUN,4,2+1+1+1,0,2.5455,2.6,2.5,-0.2062,2,"BHA,MUN","BOU,NFO",BOU-BHA-CHE-IPS-NFO,5,1+1+1+1+1,0,2.5,100.0,6.2,-0.0956,2.508483,False,
ARS-BRE-EVE-MCI-MUN,5,1+1+1+1+1,0,2.5455,2.6,2.5,-0.2,2,"ARS,BRE","COV,LIV",COV-EVE-LIV-MCI-MUN,5,1+1+1+1+1,0,2.5,100.0,6.2,-0.1541,2.508483,False,
ARS-CRY-LIV-MUN-TOT,5,1+1+1+1+1,0,2.5455,2.6,2.5,-0.2,2,"MUN,TOT","AVL,BOU",ARS-AVL-BOU-CRY-LIV,5,1+1+1+1+1,0,2.5,100.0,0.0,-0.1373,2.508483,False,
ARS-CRY-LIV-TOT-SUN,5,1+1+1+1+1,1,2.5455,2.6,2.5,-0.2,2,"ARS,CRY","BHA,NFO",BHA-LIV-NFO-TOT-SUN,5,1+1+1+1+1,1,2.5,100.0,18.8,-0.1476,2.508483,False,
ARS-CRY-MCI-MUN-TOT,5,1+1+1+1+1,0,2.5455,2.6,2.5,-0.2,2,"ARS,MUN","FUL,NEW",CRY-FUL-MCI-NEW-TOT,5,1+1+1+1+1,0,2.5,100.0,12.5,-0.1535,2.508483,False,
ARS-CRY-MCI-TOT-SUN,5,1+1+1+1+1,1,2.5455,2.6,2.5,-0.2,2,"ARS,CRY","CHE,NEW",CHE-MCI-NEW-TOT-SUN,5,1+1+1+1+1,1,2.5,100.0,6.2,-0.1909,2.508483,False,
BRE-EVE-IPS-LIV-MUN,5,1+1+1+1+1,0,2.5455,2.6,2.5,-0.2,2,"BRE,IPS","BOU,COV",BOU-COV-EVE-LIV-MUN,5,1+1+1+1+1,0,2.5,100.0,12.5,-0.1613,2.508483,False,
BRE-EVE-MCI-MUN-NFO,5,1+1+1+1+1,0,2.5455,2.6,2.5,-0.2,2,"BRE,NFO","COV,LIV",COV-EVE-LIV-MCI-MUN,5,1+1+1+1+1,0,2.5,100.0,6.2,-0.1541,2.508483,False,
CRY-CRY-LIV-MUN-SUN,4,2+1+1+1,1,2.5455,2.6,2.5,-0.2,2,"CRY,MUN","BHA,MCI",BHA-CRY-LIV-MCI-SUN,5,1+1+1+1+1,1,2.5,100.0,18.8,-0.1215,2.508483,False,
CRY-CRY-MCI-MUN-SUN,4,2+1+1+1,1,2.5455,2.6,2.5,-0.2,2,"CRY,MUN","BHA,LIV",BHA-CRY-LIV-MCI-SUN,5,1+1+1+1+1,1,2.5,100.0,18.8,-0.1215,2.508483,False,
CRY-IPS-LIV-MUN-TOT,5,1+1+1+1+1,0,2.5455,2.6,2.5,-0.2,2,"MUN,TOT","BOU,NEW",BOU-CRY-IPS-LIV-NEW,5,1+1+1+1+1,0,2.5,100.0,12.5,-0.1567,2.508483,False,
AVL-CRY-LEE-MUN-MUN,4,2+1+1+1,0,2.5455,2.6,2.5,-0.1866,2,"MUN,MUN","FUL,TOT",AVL-CRY-FUL-LEE-TOT,5,1+1+1+1+1,0,2.5,100.0,12.5,-0.1346,2.508483,False,
AVL-CRY-LEE-SUN-SUN,4,2+1+1+1,2,2.5455,2.6,2.5,-0.1866,2,"SUN,SUN","FUL,TOT",AVL-CRY-FUL-LEE-TOT,5,1+1+1+1+1,0,2.5,100.0,12.5,-0.1346,2.508483,False,
BHA-CRY-LEE-SUN-SUN,4,2+1+1+1,2,2.5455,2.6,2.5,-0.1866,2,"CRY,SUN","COV,MCI",BHA-COV-LEE-MCI-SUN,5,1+1+1+1+1,1,2.5,100.0,18.8,-0.1462,2.508483,False,
BHA-BHA-CRY-MUN-SUN,4,2+1+1+1,1,2.5455,2.6,2.5,-0.1732,2,"BHA,MUN","LIV,MCI",BHA-CRY-LIV-MCI-SUN,5,1+1+1+1+1,1,2.5,100.0,18.8,-0.1215,2.508483,False,
ARS-BRE-LEE-LIV-MUN,5,1+1+1+1+1,0,2.5455,2.6,2.5,-0.15,2,"BRE,MUN","AVL,COV",ARS-AVL-COV-LEE-LIV,5,1+1+1+1+1,0,2.5,100.0,6.2,-0.1536,2.508483,False,
ARS-BRE-LEE-LIV-SUN,5,1+1+1+1+1,1,2.5455,2.6,2.5,-0.15,2,"BRE,SUN","AVL,COV",ARS-AVL-COV-LEE-LIV,5,1+1+1+1+1,0,2.5,100.0,6.2,-0.1536,2.508483,False,
ARS-BRE-LEE-MCI-MUN,5,1+1+1+1+1,0,2.5455,2.6,2.5,-0.15,2,"BRE,MUN","AVL,COV",ARS-AVL-COV-LEE-MCI,5,1+1+1+1+1,0,2.5,100.0,6.2,-0.1997,2.508483,False,
ARS-BRE-LEE-MCI-SUN,5,1+1+1+1+1,1,2.5455,2.6,2.5,-0.15,2,"BRE,SUN","AVL,COV",ARS-AVL-COV-LEE-MCI,5,1+1+1+1+1,0,2.5,100.0,6.2,-0.1997,2.508483,False,
ARS-CRY-LIV-LIV-MUN,4,2+1+1+1,0,2.5455,2.6,2.5,-0.15,2,"LIV,MUN","AVL,BOU",ARS-AVL-BOU-CRY-LIV,5,1+1+1+1+1,0,2.5,100.0,0.0,-0.1373,2.508483,False,
ARS-CRY-LIV-LIV-SUN,4,2+1+1+1,1,2.5455,2.6,2.5,-0.15,2,"LIV,SUN","AVL,BOU",ARS-AVL-BOU-CRY-LIV,5,1+1+1+1+1,0,2.5,100.0,0.0,-0.1373,2.508483,False,
ARS-CRY-MCI-MCI-MUN,4,2+1+1+1,0,2.5455,2.6,2.5,-0.15,2,"MCI,MUN","AVL,LIV",ARS-AVL-CRY-LIV-MCI,5,1+1+1+1+1,0,2.5,100.0,6.2,-0.1226,2.508483,False,
ARS-CRY-MCI-MCI-SUN,4,2+1+1+1,1,2.5455,2.6,2.5,-0.15,2,"MCI,SUN","AVL,LIV",ARS-AVL-CRY-LIV-MCI,5,1+1+1+1+1,0,2.5,100.0,6.2,-0.1226,2.508483,False,
ARS-LEE-LIV-MUN-TOT,5,1+1+1+1+1,0,2.5455,2.6,2.5,-0.15,2,"MUN,TOT","AVL,COV",ARS-AVL-COV-LEE-LIV,5,1+1+1+1+1,0,2.5,100.0,6.2,-0.1536,2.508483,False,
ARS-LEE-LIV-TOT-SUN,5,1+1+1+1+1,1,2.5455,2.6,2.5,-0.15,2,"ARS,LIV","CHE,NFO",CHE-LEE-NFO-TOT-SUN,5,1+1+1+1+1,1,2.5,100.0,12.5,-0.1726,2.508483,False,
ARS-LEE-MCI-MUN-TOT,5,1+1+1+1+1,0,2.5455,2.6,2.5,-0.15,2,"MUN,TOT","AVL,COV",ARS-AVL-COV-LEE-MCI,5,1+1+1+1+1,0,2.5,100.0,6.2,-0.1997,2.508483,False,
ARS-LEE-MCI-TOT-SUN,5,1+1+1+1+1,1,2.5455,2.6,2.5,-0.15,2,"SUN,TOT","AVL,COV",ARS-AVL-COV-LEE-MCI,5,1+1+1+1+1,0,2.5,100.0,6.2,-0.1997,2.508483,False,
CRY-IPS-LIV-LIV-MUN,4,2+1+1+1,0,2.5455,2.6,2.5,-0.15,2,"LIV,MUN","BOU,NEW",BOU-CRY-IPS-LIV-NEW,5,1+1+1+1+1,0,2.5,100.0,12.5,-0.1567,2.508483,False,
CRY-IPS-MCI-MCI-MUN,4,2+1+1+1,0,2.5455,2.6,2.5,-0.15,2,"MCI,MUN","LIV,NEW",CRY-IPS-LIV-MCI-NEW,5,1+1+1+1+1,0,2.5,100.0,12.5,-0.1452,2.508483,False,
CRY-IPS-MUN-TOT-TOT,4,2+1+1+1,0,2.5455,2.6,2.5,-0.15,2,"MUN,TOT","FUL,MCI",CRY-FUL-IPS-MCI-TOT,5,1+1+1+1+1,0,2.5,100.0,18.8,-0.1406,2.508483,False,
CRY-LEE-LIV-MUN-SUN,5,1+1+1+1+1,1,2.5455,2.6,2.5,-0.15,2,"LEE,MUN","BHA,MCI",BHA-CRY-LIV-MCI-SUN,5,1+1+1+1+1,1,2.5,100.0,18.8,-0.1215,2.508483,False,
CRY-LEE-MCI-MUN-SUN,5,1+1+1+1+1,1,2.5455,2.6,2.5,-0.15,2,"CRY,MUN","BHA,COV",BHA-COV-LEE-MCI-SUN,5,1+1+1+1+1,1,2.5,100.0,18.8,-0.1462,2.508483,False,
IPS-LEE-LIV-MUN-TOT,5,1+1+1+1+1,0,2.5455,2.6,2.5,-0.15,2,"LIV,MUN","CHE,FUL",CHE-FUL-IPS-LEE-TOT,5,1+1+1+1+1,0,2.5,100.0,6.2,-0.176,2.508483,False,
ARS-AVL-BRE-EVE-SUN,5,1+1+1+1+1,1,2.5455,2.6,2.5,-0.1366,2,"ARS,EVE","CHE,MCI",AVL-BRE-CHE-MCI-SUN,5,1+1+1+1+1,1,2.5,100.0,18.8,-0.0507,2.508483,False,
ARS-BHA-EVE-MCI-MUN,5,1+1+1+1+1,0,2.5455,2.6,2.5,-0.1366,2,"ARS,BHA","COV,LIV",COV-EVE-LIV-MCI-MUN,5,1+1+1+1+1,0,2.5,100.0,6.2,-0.1541,2.508483,False,
AVL-BRE-EVE-IPS-MUN,5,1+1+1+1+1,0,2.5455,2.6,2.5,-0.1366,2,"EVE,MUN","BOU,CHE",AVL-BOU-BRE-CHE-IPS,5,1+1+1+1+1,0,2.5,100.0,12.5,-0.0862,2.508483,False,
AVL-EVE-IPS-LIV-MUN,5,1+1+1+1+1,0,2.5455,2.6,2.5,-0.1366,2,"AVL,IPS","BOU,COV",BOU-COV-EVE-LIV-MUN,5,1+1+1+1+1,0,2.5,100.0,12.5,-0.1613,2.508483,False,
ARS-BHA-LEE-MUN-TOT,5,1+1+1+1+1,0,2.5455,2.6,2.5,-0.1232,2,"ARS,MUN","FUL,NFO",BHA-FUL-LEE-NFO-TOT,5,1+1+1+1+1,0,2.5,100.0,0.0,-0.1679,2.508483,False,
ARS-BHA-LEE-TOT-SUN,5,1+1+1+1+1,1,2.5455,2.6,2.5,-0.1232,2,"ARS,BHA","CHE,NFO",CHE-LEE-NFO-TOT-SUN,5,1+1+1+1+1,1,2.5,100.0,12.5,-0.1726,2.508483,False,
BHA-IPS-LEE-MUN-TOT,5,1+1+1+1+1,0,2.5455,2.6,2.5,-0.1232,2,"BHA,MUN","CHE,FUL",CHE-FUL-IPS-LEE-TOT,5,1+1+1+1+1,0,2.5,100.0,6.2,-0.176,2.508483,False,
ARS-BRE-CHE-CRY-SUN,5,1+1+1+1+1,1,2.5455,2.6,2.5,-0.1067,2,"ARS,CRY","AVL,MCI",AVL-BRE-CHE-MCI-SUN,5,1+1+1+1+1,1,2.5,100.0,18.8,-0.0507,2.508483,False,
ARS-CHE-CRY-LIV-MUN,5,1+1+1+1+1,0,2.5455,2.6,2.5,-0.1067,2,"CHE,MUN","AVL,BOU",ARS-AVL-BOU-CRY-LIV,5,1+1+1+1+1,0,2.5,100.0,0.0,-0.1373,2.508483,False,
ARS-CHE-CRY-MCI-MUN,5,1+1+1+1+1,0,2.5455,2.6,2.5,-0.1067,2,"CHE,MUN","AVL,LIV",ARS-AVL-CRY-LIV-MCI,5,1+1+1+1+1,0,2.5,100.0,6.2,-0.1226,2.508483,False,
BRE-CHE-CRY-IPS-MUN,5,1+1+1+1+1,0,2.5455,2.6,2.5,-0.1067,2,"CRY,MUN","FUL,MCI",BRE-CHE-FUL-IPS-MCI,5,1+1+1+1+1,0,2.5,100.0,6.2,-0.0918,2.508483,False,
ARS-AVL-AVL-BRE-MUN,4,2+1+1+1,0,2.5455,2.6,2.5,-0.1,2,"ARS,MUN","COV,LEE",AVL-AVL-BRE-COV-LEE,4,2+1+1+1,0,2.5,100.0,18.8,-0.1548,2.508483,False,
ARS-AVL-AVL-BRE-SUN,4,2+1+1+1,1,2.5455,2.6,2.5,-0.1,2,"ARS,SUN","COV,LEE",AVL-AVL-BRE-COV-LEE,4,2+1+1+1,0,2.5,100.0,18.8,-0.1548,2.508483,False,
ARS-AVL-BRE-LEE-MUN,5,1+1+1+1+1,0,2.5455,2.6,2.5,-0.1,2,"BRE,MUN","COV,MCI",ARS-AVL-COV-LEE-MCI,5,1+1+1+1+1,0,2.5,100.0,6.2,-0.1997,2.508483,False,
ARS-AVL-BRE-LEE-SUN,5,1+1+1+1+1,1,2.5455,2.6,2.5,-0.1,2,"BRE,SUN","COV,MCI",ARS-AVL-COV-LEE-MCI,5,1+1+1+1+1,0,2.5,100.0,6.2,-0.1997,2.508483,False,
ARS-BRE-BHA-LEE-SUN,5,1+1+1+1+1,1,2.5455,2.6,2.5,-0.1,2,"ARS,BRE","COV,MCI",BHA-COV-LEE-MCI-SUN,5,1+1+1+1+1,1,2.5,100.0,18.8,-0.1462,2.508483,False,
AVL-AVL-BRE-IPS-MUN,4,2+1+1+1,0,2.5455,2.6,2.5,-0.1,2,"IPS,MUN","COV,LEE",AVL-AVL-BRE-COV-LEE,4,2+1+1+1,0,2.5,100.0,18.8,-0.1548,2.508483,False,
AVL-AVL-IPS-LIV-MUN,4,2+1+1+1,0,2.5455,2.6,2.5,-0.1,2,"AVL,IPS","BOU,COV",AVL-BOU-COV-LIV-MUN,5,1+1+1+1+1,0,2.5,100.0,12.5,-0.1393,2.508483,False,
AVL-BRE-IPS-LEE-MUN,5,1+1+1+1+1,0,2.5455,2.6,2.5,-0.1,2,"IPS,MUN","AVL,COV",AVL-AVL-BRE-COV-LEE,4,2+1+1+1,0,2.5,100.0,18.8,-0.1548,2.508483,False,
BRE-BHA-IPS-LEE-MUN,5,1+1+1+1+1,0,2.5455,2.6,2.5,-0.1,2,"BRE,MUN","FUL,MCI",BHA-FUL-IPS-LEE-MCI,5,1+1+1+1+1,0,2.5,100.0,6.2,-0.1502,2.508483,False,
BRE-EVE-LEE-SUN-SUN,4,2+1+1+1,2,2.5455,2.6,2.5,-0.1,2,"BRE,SUN","COV,MCI",COV-EVE-LEE-MCI-SUN,5,1+1+1+1+1,1,2.5,93.8,12.5,-0.1393,2.508483,False,
BHA-BHA-IPS-LIV-MUN,4,2+1+1+1,0,2.5455,2.6,2.5,-0.1,2,"BHA,MUN","CRY,MCI",BHA-CRY-IPS-LIV-MCI,5,1+1+1+1+1,0,2.5,100.0,18.8,-0.1071,2.508483,False,
BHA-BHA-IPS-MCI-MUN,4,2+1+1+1,0,2.5455,2.6,2.5,-0.1,2,"BHA,MUN","FUL,LEE",BHA-FUL-IPS-LEE-MCI,5,1+1+1+1+1,0,2.5,100.0,6.2,-0.1502,2.508483,False,
CRY-LEE-MUN-MUN-TOT,4,2+1+1+1,0,2.5455,2.6,2.5,-0.1,2,"MUN,MUN","AVL,FUL",AVL-CRY-FUL-LEE-TOT,5,1+1+1+1+1,0,2.5,100.0,12.5,-0.1346,2.508483,False,
CRY-LEE-TOT-SUN-SUN,4,2+1+1+1,2,2.5455,2.6,2.5,-0.1,2,"CRY,SUN","CHE,NFO",CHE-LEE-NFO-TOT-SUN,5,1+1+1+1+1,1,2.5,100.0,12.5,-0.1726,2.508483,False,
EVE-LEE-LIV-MUN-MUN,4,2+1+1+1,0,2.5455,2.6,2.5,-0.1,2,"LEE,MUN","BOU,COV",BOU-COV-EVE-LIV-MUN,5,1+1+1+1+1,0,2.5,100.0,12.5,-0.1613,2.508483,False,
EVE-LEE-LIV-SUN-SUN,4,2+1+1+1,2,2.5455,2.6,2.5,-0.1,2,"SUN,SUN","CHE,HUL",CHE-EVE-HUL-LEE-LIV,5,1+1+1+1+1,0,2.5,100.0,18.8,-0.136,2.508483,False,
LEE-LEE-MCI-MUN-SUN,4,2+1+1+1,1,2.5455,2.6,2.5,-0.1,2,"LEE,MUN","BHA,COV",BHA-COV-LEE-MCI-SUN,5,1+1+1+1+1,1,2.5,100.0,18.8,-0.1462,2.508483,False,
AVL-CRY-LEE-MUN-SUN,5,1+1+1+1+1,1,2.5455,2.6,2.5,-0.0866,2,"MUN,SUN","FUL,TOT",AVL-CRY-FUL-LEE-TOT,5,1+1+1+1+1,0,2.5,100.0,12.5,-0.1346,2.508483,False,
BHA-CRY-LEE-MUN-SUN,5,1+1+1+1+1,1,2.5455,2.6,2.5,-0.0866,2,"CRY,MUN","COV,MCI",BHA-COV-LEE-MCI-SUN,5,1+1+1+1+1,1,2.5,100.0,18.8,-0.1462,2.508483,False,
ARS-BRE-CHE-LEE-SUN,5,1+1+1+1+1,1,2.5455,2.6,2.5,-0.0811,2,"ARS,BRE","NFO,TOT",CHE-LEE-NFO-TOT-SUN,5,1+1+1+1+1,1,2.5,100.0,12.5,-0.1726,2.508483,False,
ARS-CHE-LEE-MCI-MUN,5,1+1+1+1+1,0,2.5455,2.6,2.5,-0.0811,2,"CHE,MUN","AVL,COV",ARS-AVL-COV-LEE-MCI,5,1+1+1+1+1,0,2.5,100.0,6.2,-0.1997,2.508483,False,
BRE-CHE-IPS-LEE-MUN,5,1+1+1+1+1,0,2.5455,2.6,2.5,-0.0811,2,"BRE,MUN","FUL,TOT",CHE-FUL-IPS-LEE-TOT,5,1+1+1+1+1,0,2.5,100.0,6.2,-0.176,2.508483,False,
AVL-LEE-LEE-MUN-SUN,4,2+1+1+1,1,2.5455,2.6,2.5,-0.0732,2,"LEE,MUN","COV,MCI",AVL-COV-LEE-MCI-SUN,5,1+1+1+1+1,1,2.5,100.0,6.2,-0.1327,2.508483,False,
BHA-LEE-LEE-MUN-SUN,4,2+1+1+1,1,2.5455,2.6,2.5,-0.0732,2,"LEE,MUN","COV,MCI",BHA-COV-LEE-MCI-SUN,5,1+1+1+1+1,1,2.5,100.0,18.8,-0.1462,2.508483,False,
ARS-BRE-CHE-CHE-SUN,4,2+1+1+1,1,2.5455,2.6,2.5,-0.0622,2,"ARS,CHE","AVL,MCI",AVL-BRE-CHE-MCI-SUN,5,1+1+1+1+1,1,2.5,100.0,18.8,-0.0507,2.508483,False,
ARS-CHE-CHE-LIV-MUN,4,2+1+1+1,0,2.5455,2.6,2.5,-0.0622,2,"CHE,MUN","AVL,BOU",ARS-AVL-BOU-CHE-LIV,5,1+1+1+1+1,0,2.5,93.8,12.5,-0.0545,2.508483,False,
ARS-CHE-CHE-MCI-MUN,4,2+1+1+1,0,2.5455,2.6,2.5,-0.0622,2,"CHE,MUN","AVL,COV",ARS-AVL-CHE-COV-MCI,5,1+1+1+1+1,0,2.5,100.0,12.5,-0.0853,2.508483,False,
BRE-CHE-CHE-IPS-MUN,4,2+1+1+1,0,2.5455,2.6,2.5,-0.0622,2,"BRE,MUN","AVL,NFO",AVL-CHE-CHE-IPS-NFO,4,2+1+1+1,0,2.5,100.0,18.8,-0.1637,2.508483,False,
BHA-EVE-LEE-MUN-MUN,4,2+1+1+1,0,2.5455,2.6,2.5,-0.0598,2,"MUN,MUN","COV,FUL",BHA-COV-EVE-FUL-LEE,5,1+1+1+1+1,0,2.5,100.0,12.5,-0.1135,2.508483,False,
BHA-EVE-LEE-SUN-SUN,4,2+1+1+1,2,2.5455,2.6,2.5,-0.0598,2,"EVE,SUN","COV,MCI",BHA-COV-LEE-MCI-SUN,5,1+1+1+1+1,1,2.5,100.0,18.8,-0.1462,2.508483,False,
ARS-BRE-CRY-LIV-MUN,5,1+1+1+1+1,0,2.5455,2.6,2.5,-0.05,2,"BRE,MUN","AVL,BOU",ARS-AVL-BOU-CRY-LIV,5,1+1+1+1+1,0,2.5,100.0,0.0,-0.1373,2.508483,False,
ARS-BRE-CRY-LIV-SUN,5,1+1+1+1+1,1,2.5455,2.6,2.5,-0.05,2,"BRE,SUN","AVL,BOU",ARS-AVL-BOU-CRY-LIV,5,1+1+1+1+1,0,2.5,100.0,0.0,-0.1373,2.508483,False,
ARS-BRE-CRY-MCI-MUN,5,1+1+1+1+1,0,2.5455,2.6,2.5,-0.05,2,"ARS,MUN","AVL,FUL",AVL-BRE-CRY-FUL-MCI,5,1+1+1+1+1,0,2.5,100.0,18.8,-0.1524,2.508483,False,
ARS-BRE-CRY-MCI-SUN,5,1+1+1+1+1,1,2.5455,2.6,2.5,-0.05,2,"ARS,SUN","AVL,FUL",AVL-BRE-CRY-FUL-MCI,5,1+1+1+1+1,0,2.5,100.0,18.8,-0.1524,2.508483,False,
ARS-EVE-MCI-MUN-TOT,5,1+1+1+1+1,0,2.5455,2.6,2.5,-0.05,2,"ARS,TOT","COV,LIV",COV-EVE-LIV-MCI-MUN,5,1+1+1+1+1,0,2.5,100.0,6.2,-0.1541,2.508483,False,
BRE-CRY-IPS-LIV-MUN,5,1+1+1+1+1,0,2.5455,2.6,2.5,-0.05,2,"BRE,MUN","BOU,NEW",BOU-CRY-IPS-LIV-NEW,5,1+1+1+1+1,0,2.5,100.0,12.5,-0.1567,2.508483,False,
BRE-CRY-IPS-MCI-MUN,5,1+1+1+1+1,0,2.5455,2.6,2.5,-0.05,2,"IPS,MUN","AVL,FUL",AVL-BRE-CRY-FUL-MCI,5,1+1+1+1+1,0,2.5,100.0,18.8,-0.1524,2.508483,False,
ARS-BHA-CHE-LEE-MUN,5,1+1+1+1+1,0,2.5455,2.6,2.5,-0.0214,2,"ARS,MUN","AVL,NFO",AVL-BHA-CHE-LEE-NFO,5,1+1+1+1+1,0,2.5,100.0,18.8,-0.0972,2.508483,False,
ARS-BHA-CHE-LEE-SUN,5,1+1+1+1+1,1,2.5455,2.6,2.5,-0.0214,2,"ARS,BHA","NFO,TOT",CHE-LEE-NFO-TOT-SUN,5,1+1+1+1+1,1,2.5,100.0,12.5,-0.1726,2.508483,False,
BHA-CHE-IPS-LEE-MUN,5,1+1+1+1+1,0,2.5455,2.6,2.5,-0.0214,2,"BHA,MUN","FUL,TOT",CHE-FUL-IPS-LEE-TOT,5,1+1+1+1+1,0,2.5,100.0,6.2,-0.176,2.508483,False,
ARS-AVL-EVE-TOT-SUN,5,1+1+1+1+1,1,2.5455,2.6,2.5,-0.0098,2,"ARS,AVL","CHE,NFO",CHE-EVE-NFO-TOT-SUN,5,1+1+1+1+1,1,2.5,100.0,6.2,-0.1916,2.508483,False,
ARS-BHA-EVE-TOT-SUN,5,1+1+1+1+1,1,2.5455,2.6,2.5,-0.0098,2,"ARS,BHA","CHE,NFO",CHE-EVE-NFO-TOT-SUN,5,1+1+1+1+1,1,2.5,100.0,6.2,-0.1916,2.508483,False,
AVL-EVE-IPS-MUN-TOT,5,1+1+1+1+1,0,2.5455,2.6,2.5,-0.0098,2,"EVE,MUN","CHE,LEE",AVL-CHE-IPS-LEE-TOT,5,1+1+1+1+1,0,2.5,100.0,18.8,-0.0867,2.508483,False,
ARS-AVL-CHE-CHE-MUN,4,2+1+1+1,0,2.5455,2.6,2.5,-0.0062,2,"ARS,MUN","NEW,NFO",AVL-CHE-CHE-NEW-NFO,4,2+1+1+1,0,2.5,100.0,18.8,-0.2301,2.508483,False,
ARS-AVL-CHE-CHE-SUN,4,2+1+1+1,1,2.5455,2.6,2.5,-0.0062,2,"ARS,SUN","NEW,NFO",AVL-CHE-CHE-NEW-NFO,4,2+1+1+1,0,2.5,100.0,18.8,-0.2301,2.508483,False,
ARS-BHA-CHE-CHE-SUN,4,2+1+1+1,1,2.5455,2.6,2.5,-0.0062,2,"ARS,CHE","COV,MCI",BHA-CHE-COV-MCI-SUN,5,1+1+1+1+1,1,2.5,100.0,18.8,-0.106,2.508483,False,
BHA-CHE-CHE-IPS-MUN,4,2+1+1+1,0,2.5455,2.6,2.5,-0.0062,2,"BHA,MUN","AVL,NFO",AVL-CHE-CHE-IPS-NFO,4,2+1+1+1,0,2.5,100.0,18.8,-0.1637,2.508483,False,
ARS-BRE-BRE-IPS-MCI,4,2+1+1+1,0,2.5455,2.6,2.5,-0.0,2,"ARS,BRE","CHE,FUL",BRE-CHE-FUL-IPS-MCI,5,1+1+1+1+1,0,2.5,100.0,6.2,-0.0918,2.508483,False,
ARS-BRE-IPS-MCI-MCI,4,2+1+1+1,0,2.5455,2.6,2.5,-0.0,2,"ARS,MCI","CHE,FUL",BRE-CHE-FUL-IPS-MCI,5,1+1+1+1+1,0,2.5,100.0,6.2,-0.0918,2.508483,False,
BRE-BHA-BHA-MUN-NFO,4,2+1+1+1,0,2.5455,2.6,2.5,0.0,2,"BHA,MUN","AVL,LIV",AVL-BRE-BHA-LIV-NFO,5,1+1+1+1+1,0,2.5,100.0,12.5,-0.09,2.508483,False,
BRE-BHA-BHA-NFO-SUN,4,2+1+1+1,1,2.5455,2.6,2.5,0.0,2,"BHA,BRE","LIV,TOT",BHA-LIV-NFO-TOT-SUN,5,1+1+1+1+1,1,2.5,100.0,18.8,-0.1476,2.508483,False,
CRY-LEE-MUN-TOT-SUN,5,1+1+1+1+1,1,2.5455,2.6,2.5,0.0,2,"CRY,MUN","CHE,NFO",CHE-LEE-NFO-TOT-SUN,5,1+1+1+1+1,1,2.5,100.0,12.5,-0.1726,2.508483,False,
EVE-LEE-LIV-MUN-SUN,5,1+1+1+1+1,1,2.5455,2.6,2.5,0.0,2,"LEE,SUN","BOU,COV",BOU-COV-EVE-LIV-MUN,5,1+1+1+1+1,0,2.5,100.0,12.5,-0.1613,2.508483,False,
CHE-CHE-CRY-MUN-NFO,4,2+1+1+1,0,2.5455,2.6,2.5,0.0089,2,"CRY,MUN","AVL,NEW",AVL-CHE-CHE-NEW-NFO,4,2+1+1+1,0,2.5,100.0,18.8,-0.2301,2.508483,False,
CHE-CRY-LEE-SUN-SUN,4,2+1+1+1,2,2.5455,2.6,2.5,0.0134,2,"CRY,SUN","NFO,TOT",CHE-LEE-NFO-TOT-SUN,5,1+1+1+1+1,1,2.5,100.0,12.5,-0.1726,2.508483,False,
BHA-EVE-LEE-MUN-SUN,5,1+1+1+1+1,1,2.5455,2.6,2.5,0.0402,2,"EVE,MUN","COV,MCI",BHA-COV-LEE-MCI-SUN,5,1+1+1+1+1,1,2.5,100.0,18.8,-0.1462,2.508483,False,
ARS-LEE-TOT-TOT-SUN,4,2+1+1+1,1,2.5455,2.6,2.5,0.05,2,"ARS,TOT","CHE,NFO",CHE-LEE-NFO-TOT-SUN,5,1+1+1+1+1,1,2.5,100.0,12.5,-0.1726,2.508483,False,
IPS-LEE-MUN-TOT-TOT,4,2+1+1+1,0,2.5455,2.6,2.5,0.05,2,"MUN,TOT","CHE,FUL",CHE-FUL-IPS-LEE-TOT,5,1+1+1+1+1,0,2.5,100.0,6.2,-0.176,2.508483,False,
ARS-CHE-CRY-MUN-TOT,5,1+1+1+1+1,0,2.5455,2.6,2.5,0.0634,2,"CRY,MUN","BOU,NFO",ARS-BOU-CHE-NFO-TOT,5,1+1+1+1+1,0,2.5,100.0,12.5,-0.0708,2.508483,False,
EVE-EVE-LIV-MUN-SUN,4,2+1+1+1,1,2.5455,2.6,2.5,0.1,2,"EVE,SUN","BOU,COV",BOU-COV-EVE-LIV-MUN,5,1+1+1+1+1,0,2.5,100.0,12.5,-0.1613,2.508483,False,
CHE-CRY-LEE-MUN-SUN,5,1+1+1+1+1,1,2.5455,2.6,2.5,0.1134,2,"CRY,MUN","NFO,TOT",CHE-LEE-NFO-TOT-SUN,5,1+1+1+1+1,1,2.5,100.0,12.5,-0.1726,2.508483,False,
ARS-BRE-BRE-MCI-NFO,4,2+1+1+1,0,2.5455,2.6,2.5,0.1366,2,"ARS,BRE","AVL,COV",AVL-BRE-COV-MCI-NFO,5,1+1+1+1+1,0,2.5,93.8,18.8,-0.0774,2.508483,False,
ARS-BRE-MCI-MCI-NFO,4,2+1+1+1,0,2.5455,2.6,2.5,0.1366,2,"ARS,MCI","AVL,COV",AVL-BRE-COV-MCI-NFO,5,1+1+1+1+1,0,2.5,93.8,18.8,-0.0774,2.508483,False,
LEE-LEE-MUN-TOT-SUN,4,2+1+1+1,1,2.5455,2.6,2.5,0.2,2,"LEE,MUN","CHE,NFO",CHE-LEE-NFO-TOT-SUN,5,1+1+1+1+1,1,2.5,100.0,12.5,-0.1726,2.508483,False,
CHE-LEE-LEE-MUN-SUN,4,2+1+1+1,1,2.5455,2.6,2.5,0.289,2,"LEE,MUN","NFO,TOT",CHE-LEE-NFO-TOT-SUN,5,1+1+1+1+1,1,2.5,100.0,12.5,-0.1726,2.508483,False,
ARS-EVE-TOT-TOT-SUN,4,2+1+1+1,1,2.5455,2.6,2.5,0.3,2,"ARS,TOT","CHE,NFO",CHE-EVE-NFO-TOT-SUN,5,1+1+1+1+1,1,2.5,100.0,6.2,-0.1916,2.508483,False,
LEE-MUN-TOT-TOT-SUN,4,2+1+1+1,1,2.5455,2.6,2.5,0.3,2,"MUN,TOT","CHE,NFO",CHE-LEE-NFO-TOT-SUN,5,1+1+1+1+1,1,2.5,100.0,12.5,-0.1726,2.508483,False,
ARS-CHE-MUN-TOT-TOT,4,2+1+1+1,0,2.5455,2.6,2.5,0.3146,2,"MUN,TOT","BOU,NFO",ARS-BOU-CHE-NFO-TOT,5,1+1+1+1+1,0,2.5,100.0,12.5,-0.0708,2.508483,False,
CHE-CHE-LEE-MUN-SUN,4,2+1+1+1,1,2.5455,2.6,2.5,0.478,2,"CHE,MUN","NFO,TOT",CHE-LEE-NFO-TOT-SUN,5,1+1+1+1+1,1,2.5,100.0,12.5,-0.1726,2.508483,False,
EVE-MUN-TOT-TOT-SUN,4,2+1+1+1,1,2.5455,2.6,2.5,0.6,2,"MUN,TOT","CHE,NFO",CHE-EVE-NFO-TOT-SUN,5,1+1+1+1+1,1,2.5,100.0,6.2,-0.1916,2.508483,False,
EVE-EVE-MUN-TOT-SUN,4,2+1+1+1,1,2.5455,2.6,2.5,0.7,2,"EVE,MUN","CHE,NFO",CHE-EVE-NFO-TOT-SUN,5,1+1+1+1+1,1,2.5,100.0,6.2,-0.1916,2.508483,False,
ARS-CHE-LIV-LIV-TOT,4,2+1+1+1,0,2.5455,2.8,2.33,-0.3445,2,"LIV,LIV","BOU,NFO",ARS-BOU-CHE-NFO-TOT,5,1+1+1+1+1,0,2.5,100.0,12.5,-0.0708,2.508483,False,
ARS-BHA-LIV-TOT-TOT,4,2+1+1+1,0,2.5455,2.8,2.33,-0.3366,2,"ARS,TOT","NFO,NFO",BHA-LIV-NFO-NFO-TOT,4,2+1+1+1,0,2.5,100.0,18.8,-0.1486,2.508483,False,
ARS-BHA-MCI-TOT-TOT,4,2+1+1+1,0,2.5455,2.8,2.33,-0.3366,2,"BHA,TOT","COV,FUL",ARS-COV-FUL-MCI-TOT,5,1+1+1+1+1,0,2.5,100.0,18.8,-0.0502,2.508483,False,
AVL-IPS-LIV-TOT-TOT,4,2+1+1+1,0,2.5455,2.8,2.33,-0.3366,2,"LIV,TOT","CHE,LEE",AVL-CHE-IPS-LEE-TOT,5,1+1+1+1+1,0,2.5,100.0,18.8,-0.0867,2.508483,False,
BHA-IPS-LIV-TOT-TOT,4,2+1+1+1,0,2.5455,2.8,2.33,-0.3366,2,"IPS,TOT","NFO,NFO",BHA-LIV-NFO-NFO-TOT,4,2+1+1+1,0,2.5,100.0,18.8,-0.1486,2.508483,False,
AVL-CRY-MUN-TOT-TOT,4,2+1+1+1,0,2.5455,2.8,2.33,-0.3232,2,"MUN,TOT","FUL,LEE",AVL-CRY-FUL-LEE-TOT,5,1+1+1+1+1,0,2.5,100.0,12.5,-0.1346,2.508483,False,
AVL-CRY-TOT-TOT-SUN,4,2+1+1+1,1,2.5455,2.8,2.33,-0.3232,2,"SUN,TOT","FUL,LEE",AVL-CRY-FUL-LEE-TOT,5,1+1+1+1+1,0,2.5,100.0,12.5,-0.1346,2.508483,False,
BHA-CRY-TOT-TOT-SUN,4,2+1+1+1,1,2.5455,2.8,2.33,-0.3232,2,"CRY,TOT","LIV,NFO",BHA-LIV-NFO-TOT-SUN,5,1+1+1+1+1,1,2.5,100.0,18.8,-0.1476,2.508483,False,
BRE-BRE-CHE-CRY-SUN,4,2+1+1+1,1,2.5455,2.8,2.33,-0.3201,2,"BRE,CRY","AVL,MCI",AVL-BRE-CHE-MCI-SUN,5,1+1+1+1+1,1,2.5,100.0,18.8,-0.0507,2.508483,False,
AVL-AVL-EVE-TOT-SUN,4,2+1+1+1,1,2.5455,2.8,2.33,-0.3196,2,"AVL,AVL","CHE,NFO",CHE-EVE-NFO-TOT-SUN,5,1+1+1+1+1,1,2.5,100.0,6.2,-0.1916,2.508483,False,
BHA-BHA-EVE-TOT-SUN,4,2+1+1+1,1,2.5455,2.8,2.33,-0.3196,2,"BHA,BHA","CHE,NFO",CHE-EVE-NFO-TOT-SUN,5,1+1+1+1+1,1,2.5,100.0,6.2,-0.1916,2.508483,False,
AVL-BRE-BRE-EVE-SUN,4,2+1+1+1,1,2.5455,2.8,2.33,-0.3,2,"BRE,EVE","CHE,MCI",AVL-BRE-CHE-MCI-SUN,5,1+1+1+1+1,1,2.5,100.0,18.8,-0.0507,2.508483,False,
AVL-EVE-LIV-LIV-MUN,4,2+1+1+1,0,2.5455,2.8,2.33,-0.3,2,"AVL,LIV","BOU,COV",BOU-COV-EVE-LIV-MUN,5,1+1+1+1+1,0,2.5,100.0,12.5,-0.1613,2.508483,False,
AVL-EVE-MCI-MCI-MUN,4,2+1+1+1,0,2.5455,2.8,2.33,-0.3,2,"AVL,MCI","COV,LIV",COV-EVE-LIV-MCI-MUN,5,1+1+1+1+1,0,2.5,100.0,6.2,-0.1541,2.508483,False,
BRE-BRE-EVE-LIV-MUN,4,2+1+1+1,0,2.5455,2.8,2.33,-0.3,2,"BRE,BRE","BOU,COV",BOU-COV-EVE-LIV-MUN,5,1+1+1+1+1,0,2.5,100.0,12.5,-0.1613,2.508483,False,
BRE-BRE-EVE-MCI-MUN,4,2+1+1+1,0,2.5455,2.8,2.33,-0.3,2,"BRE,BRE","COV,LIV",COV-EVE-LIV-MCI-MUN,5,1+1+1+1+1,0,2.5,100.0,6.2,-0.1541,2.508483,False,
BRE-EVE-LIV-LIV-MUN,4,2+1+1+1,0,2.5455,2.8,2.33,-0.3,2,"BRE,LIV","BOU,COV",BOU-COV-EVE-LIV-MUN,5,1+1+1+1+1,0,2.5,100.0,12.5,-0.1613,2.508483,False,
BRE-EVE-MCI-MCI-MUN,4,2+1+1+1,0,2.5455,2.8,2.33,-0.3,2,"BRE,MCI","COV,LIV",COV-EVE-LIV-MCI-MUN,5,1+1+1+1+1,0,2.5,100.0,6.2,-0.1541,2.508483,False,
BHA-EVE-MCI-MCI-MUN,4,2+1+1+1,0,2.5455,2.8,2.33,-0.3,2,"BHA,MCI","COV,LIV",COV-EVE-LIV-MCI-MUN,5,1+1+1+1+1,0,2.5,100.0,6.2,-0.1541,2.508483,False,
CRY-LIV-LIV-TOT-SUN,4,2+1+1+1,1,2.5455,2.8,2.33,-0.3,2,"CRY,LIV","BHA,NFO",BHA-LIV-NFO-TOT-SUN,5,1+1+1+1+1,1,2.5,100.0,18.8,-0.1476,2.508483,False,
CRY-LIV-TOT-TOT-SUN,4,2+1+1+1,1,2.5455,2.8,2.33,-0.3,2,"CRY,TOT","BHA,NFO",BHA-LIV-NFO-TOT-SUN,5,1+1+1+1+1,1,2.5,100.0,18.8,-0.1476,2.508483,False,
CRY-MCI-MCI-MUN-TOT,4,2+1+1+1,0,2.5455,2.8,2.33,-0.3,2,"MCI,MUN","FUL,NEW",CRY-FUL-MCI-NEW-TOT,5,1+1+1+1+1,0,2.5,100.0,12.5,-0.1535,2.508483,False,
CRY-MCI-MCI-TOT-SUN,4,2+1+1+1,1,2.5455,2.8,2.33,-0.3,2,"CRY,MCI","CHE,NEW",CHE-MCI-NEW-TOT-SUN,5,1+1+1+1+1,1,2.5,100.0,6.2,-0.1909,2.508483,False,
CRY-MCI-MUN-TOT-TOT,4,2+1+1+1,0,2.5455,2.8,2.33,-0.3,2,"MUN,TOT","FUL,NEW",CRY-FUL-MCI-NEW-TOT,5,1+1+1+1+1,0,2.5,100.0,12.5,-0.1535,2.508483,False,
CRY-MCI-TOT-TOT-SUN,4,2+1+1+1,1,2.5455,2.8,2.33,-0.3,2,"CRY,TOT","CHE,NEW",CHE-MCI-NEW-TOT-SUN,5,1+1+1+1+1,1,2.5,100.0,6.2,-0.1909,2.508483,False,
EVE-MCI-MCI-MUN-TOT,4,2+1+1+1,0,2.5455,2.8,2.33,-0.3,2,"MCI,TOT","COV,LIV",COV-EVE-LIV-MCI-MUN,5,1+1+1+1+1,0,2.5,100.0,6.2,-0.1541,2.508483,False,
BHA-BHA-LEE-MUN-TOT,4,2+1+1+1,0,2.5455,2.8,2.33,-0.2964,2,"BHA,MUN","FUL,NFO",BHA-FUL-LEE-NFO-TOT,5,1+1+1+1+1,0,2.5,100.0,0.0,-0.1679,2.508483,False,
BHA-BHA-LEE-TOT-SUN,4,2+1+1+1,1,2.5455,2.8,2.33,-0.2964,2,"BHA,BHA","CHE,NFO",CHE-LEE-NFO-TOT-SUN,5,1+1+1+1+1,1,2.5,100.0,12.5,-0.1726,2.508483,False,
BRE-BRE-CHE-LEE-SUN,4,2+1+1+1,1,2.5455,2.8,2.33,-0.2945,2,"BRE,BRE","NFO,TOT",CHE-LEE-NFO-TOT-SUN,5,1+1+1+1+1,1,2.5,100.0,12.5,-0.1726,2.508483,False,
BHA-BHA-CHE-LEE-MUN,4,2+1+1+1,0,2.5455,2.8,2.33,-0.2751,2,"BHA,MUN","AVL,NFO",AVL-BHA-CHE-LEE-NFO,5,1+1+1+1+1,0,2.5,100.0,18.8,-0.0972,2.508483,False,
BHA-BHA-CHE-LEE-SUN,4,2+1+1+1,1,2.5455,2.8,2.33,-0.2751,2,"BHA,BHA","NFO,TOT",CHE-LEE-NFO-TOT-SUN,5,1+1+1+1+1,1,2.5,100.0,12.5,-0.1726,2.508483,False,
AVL-AVL-BRE-EVE-MUN,4,2+1+1+1,0,2.5455,2.8,2.33,-0.2732,2,"EVE,MUN","COV,LEE",AVL-AVL-BRE-COV-LEE,4,2+1+1+1,0,2.5,100.0,18.8,-0.1548,2.508483,False,
AVL-AVL-BRE-EVE-SUN,4,2+1+1+1,1,2.5455,2.8,2.33,-0.2732,2,"EVE,SUN","COV,LEE",AVL-AVL-BRE-COV-LEE,4,2+1+1+1,0,2.5,100.0,18.8,-0.1548,2.508483,False,
AVL-AVL-EVE-LIV-MUN,4,2+1+1+1,0,2.5455,2.8,2.33,-0.2732,2,"AVL,AVL","BOU,COV",BOU-COV-EVE-LIV-MUN,5,1+1+1+1+1,0,2.5,100.0,12.5,-0.1613,2.508483,False,
AVL-AVL-EVE-MCI-MUN,4,2+1+1+1,0,2.5455,2.8,2.33,-0.2732,2,"AVL,AVL","COV,LIV",COV-EVE-LIV-MCI-MUN,5,1+1+1+1+1,0,2.5,100.0,6.2,-0.1541,2.508483,False,
BHA-BHA-EVE-MCI-MUN,4,2+1+1+1,0,2.5455,2.8,2.33,-0.2732,2,"BHA,BHA","COV,LIV",COV-EVE-LIV-MCI-MUN,5,1+1+1+1+1,0,2.5,100.0,6.2,-0.1541,2.508483,False,
BHA-BHA-CHE-EVE-MUN,4,2+1+1+1,0,2.5455,2.8,2.33,-0.2538,2,"BHA,MUN","COV,NFO",BHA-CHE-COV-EVE-NFO,5,1+1+1+1+1,0,2.5,100.0,6.2,-0.1166,2.508483,False,
BRE-CHE-CHE-CRY-SUN,4,2+1+1+1,1,2.5455,2.8,2.33,-0.2512,2,"CHE,CRY","AVL,MCI",AVL-BRE-CHE-MCI-SUN,5,1+1+1+1+1,1,2.5,100.0,18.8,-0.0507,2.508483,False,
LEE-LIV-LIV-TOT-SUN,4,2+1+1+1,1,2.5455,2.8,2.33,-0.25,2,"LIV,LIV","CHE,NFO",CHE-LEE-NFO-TOT-SUN,5,1+1+1+1+1,1,2.5,100.0,12.5,-0.1726,2.508483,False,
LEE-MCI-MCI-TOT-SUN,4,2+1+1+1,1,2.5455,2.8,2.33,-0.25,2,"LEE,MCI","CHE,NEW",CHE-MCI-NEW-TOT-SUN,5,1+1+1+1+1,1,2.5,100.0,6.2,-0.1909,2.508483,False,
ARS-BHA-CHE-LIV-TOT,5,1+1+1+1+1,0,2.5455,2.8,2.33,-0.2482,2,"ARS,LIV","NFO,NFO",BHA-CHE-NFO-NFO-TOT,4,2+1+1+1,0,2.5,100.0,18.8,-0.1594,2.508483,False,
AVL-EVE-MCI-MUN-TOT,5,1+1+1+1+1,0,2.5455,2.8,2.33,-0.2232,2,"AVL,TOT","COV,LIV",COV-EVE-LIV-MCI-MUN,5,1+1+1+1+1,0,2.5,100.0,6.2,-0.1541,2.508483,False,
BHA-EVE-MCI-MUN-TOT,5,1+1+1+1+1,0,2.5455,2.8,2.33,-0.2232,2,"BHA,TOT","COV,LIV",COV-EVE-LIV-MCI-MUN,5,1+1+1+1+1,0,2.5,100.0,6.2,-0.1541,2.508483,False,
BRE-CHE-CRY-MCI-MUN,5,1+1+1+1+1,0,2.5455,2.8,2.33,-0.2201,2,"CRY,MUN","AVL,NEW",AVL-BRE-CHE-MCI-NEW,5,1+1+1+1+1,0,2.5,100.0,12.5,-0.1605,2.508483,False,
ARS-BRE-BRE-CHE-MCI,4,2+1+1+1,0,2.5455,2.8,2.33,-0.2146,2,"ARS,BRE","AVL,NEW",AVL-BRE-CHE-MCI-NEW,5,1+1+1+1+1,0,2.5,100.0,12.5,-0.1605,2.508483,False,
ARS-BRE-CHE-MCI-MCI,4,2+1+1+1,0,2.5455,2.8,2.33,-0.2146,2,"ARS,MCI","AVL,NEW",AVL-BRE-CHE-MCI-NEW,5,1+1+1+1+1,0,2.5,100.0,12.5,-0.1605,2.508483,False,
AVL-CHE-CHE-CRY-MUN,4,2+1+1+1,0,2.5455,2.8,2.33,-0.2086,2,"CRY,MUN","NEW,NFO",AVL-CHE-CHE-NEW-NFO,4,2+1+1+1,0,2.5,100.0,18.8,-0.2301,2.508483,False,
AVL-CHE-CHE-CRY-SUN,4,2+1+1+1,1,2.5455,2.8,2.33,-0.2086,2,"CRY,SUN","NEW,NFO",AVL-CHE-CHE-NEW-NFO,4,2+1+1+1,0,2.5,100.0,18.8,-0.2301,2.508483,False,
BHA-CHE-CHE-CRY-SUN,4,2+1+1+1,1,2.5455,2.8,2.33,-0.2086,2,"CHE,CHE","LIV,MCI",BHA-CRY-LIV-MCI-SUN,5,1+1+1+1+1,1,2.5,100.0,18.8,-0.1215,2.508483,False,
ARS-BHA-CHE-TOT-TOT,4,2+1+1+1,0,2.5455,2.8,2.33,-0.2013,2,"ARS,TOT","NFO,NFO",BHA-CHE-NFO-NFO-TOT,4,2+1+1+1,0,2.5,100.0,18.8,-0.1594,2.508483,False,
AVL-BRE-EVE-LIV-MUN,5,1+1+1+1+1,0,2.5455,2.8,2.33,-0.2,2,"AVL,BRE","BOU,COV",BOU-COV-EVE-LIV-MUN,5,1+1+1+1+1,0,2.5,100.0,12.5,-0.1613,2.508483,False,
AVL-BRE-EVE-LIV-SUN,5,1+1+1+1+1,1,2.5455,2.8,2.33,-0.2,2,"EVE,SUN","NEW,NFO",AVL-BRE-LIV-NEW-NFO,5,1+1+1+1+1,0,2.5,100.0,18.8,-0.1088,2.508483,False,
BRE-BHA-EVE-MCI-MUN,5,1+1+1+1+1,0,2.5455,2.8,2.33,-0.2,2,"BHA,BRE","COV,LIV",COV-EVE-LIV-MCI-MUN,5,1+1+1+1+1,0,2.5,100.0,6.2,-0.1541,2.508483,False,
BRE-BHA-CHE-LEE-MUN,5,1+1+1+1+1,0,2.5455,2.8,2.33,-0.1982,2,"BRE,MUN","AVL,NFO",AVL-BHA-CHE-LEE-NFO,5,1+1+1+1+1,0,2.5,100.0,18.8,-0.0972,2.508483,False,
BRE-BHA-CHE-LEE-SUN,5,1+1+1+1+1,1,2.5455,2.8,2.33,-0.1982,2,"BHA,BRE","NFO,TOT",CHE-LEE-NFO-TOT-SUN,5,1+1+1+1+1,1,2.5,100.0,12.5,-0.1726,2.508483,False,
BRE-BRE-BHA-CHE-IPS,4,2+1+1+1,0,2.5455,2.8,2.33,-0.1951,2,"BRE,BRE","BOU,NFO",BOU-BHA-CHE-IPS-NFO,5,1+1+1+1+1,0,2.5,100.0,6.2,-0.0956,2.508483,False,
BRE-CHE-LEE-MCI-MUN,5,1+1+1+1+1,0,2.5455,2.8,2.33,-0.1945,2,"LEE,MUN","AVL,NEW",AVL-BRE-CHE-MCI-NEW,5,1+1+1+1+1,0,2.5,100.0,12.5,-0.1605,2.508483,False,
BRE-BHA-CHE-EVE-MUN,5,1+1+1+1+1,0,2.5455,2.8,2.33,-0.1903,2,"BRE,MUN","COV,NFO",BHA-CHE-COV-EVE-NFO,5,1+1+1+1+1,0,2.5,100.0,6.2,-0.1166,2.508483,False,
BHA-CHE-CRY-MUN-TOT,5,1+1+1+1+1,0,2.5455,2.8,2.33,-0.1903,2,"CRY,MUN","NFO,NFO",BHA-CHE-NFO-NFO-TOT,4,2+1+1+1,0,2.5,100.0,18.8,-0.1594,2.508483,False,
BRE-BHA-CHE-CRY-SUN,5,1+1+1+1+1,1,2.5455,2.8,2.33,-0.1872,2,"BRE,CHE","LIV,MCI",BHA-CRY-LIV-MCI-SUN,5,1+1+1+1+1,1,2.5,100.0,18.8,-0.1215,2.508483,False,
ARS-CHE-LIV-TOT-TOT,4,2+1+1+1,0,2.5455,2.8,2.33,-0.1744,2,"LIV,TOT","BOU,NFO",ARS-BOU-CHE-NFO-TOT,5,1+1+1+1+1,0,2.5,100.0,12.5,-0.0708,2.508483,False,
ARS-BHA-LIV-LIV-TOT,4,2+1+1+1,0,2.5455,2.8,2.33,-0.1634,2,"ARS,LIV","NFO,NFO",BHA-LIV-NFO-NFO-TOT,4,2+1+1+1,0,2.5,100.0,18.8,-0.1486,2.508483,False,
ARS-BHA-MCI-MCI-TOT,4,2+1+1+1,0,2.5455,2.8,2.33,-0.1634,2,"BHA,MCI","COV,FUL",ARS-COV-FUL-MCI-TOT,5,1+1+1+1+1,0,2.5,100.0,18.8,-0.0502,2.508483,False,
AVL-IPS-LIV-LIV-TOT,4,2+1+1+1,0,2.5455,2.8,2.33,-0.1634,2,"LIV,LIV","CHE,LEE",AVL-CHE-IPS-LEE-TOT,5,1+1+1+1+1,0,2.5,100.0,18.8,-0.0867,2.508483,False,
BHA-IPS-LIV-LIV-TOT,4,2+1+1+1,0,2.5455,2.8,2.33,-0.1634,2,"IPS,LIV","NFO,NFO",BHA-LIV-NFO-NFO-TOT,4,2+1+1+1,0,2.5,100.0,18.8,-0.1486,2.508483,False,
BHA-LEE-MUN-TOT-TOT,4,2+1+1+1,0,2.5455,2.8,2.33,-0.1598,2,"MUN,TOT","FUL,NFO",BHA-FUL-LEE-NFO-TOT,5,1+1+1+1+1,0,2.5,100.0,0.0,-0.1679,2.508483,False,
BHA-LEE-TOT-TOT-SUN,4,2+1+1+1,1,2.5455,2.8,2.33,-0.1598,2,"BHA,TOT","CHE,NFO",CHE-LEE-NFO-TOT-SUN,5,1+1+1+1+1,1,2.5,100.0,12.5,-0.1726,2.508483,False,
LEE-LIV-MCI-MUN-TOT,5,1+1+1+1+1,0,2.5455,2.8,2.33,-0.15,2,"LEE,TOT","COV,EVE",COV-EVE-LIV-MCI-MUN,5,1+1+1+1+1,0,2.5,100.0,6.2,-0.1541,2.508483,False,
AVL-BRE-BRE-LEE-MUN,4,2+1+1+1,0,2.5455,2.8,2.33,-0.1134,2,"BRE,MUN","AVL,COV",AVL-AVL-BRE-COV-LEE,4,2+1+1+1,0,2.5,100.0,18.8,-0.1548,2.508483,False,
AVL-BRE-BRE-LEE-SUN,4,2+1+1+1,1,2.5455,2.8,2.33,-0.1134,2,"BRE,SUN","AVL,COV",AVL-AVL-BRE-COV-LEE,4,2+1+1+1,0,2.5,100.0,18.8,-0.1548,2.508483,False,
BRE-BRE-BHA-LEE-SUN,4,2+1+1+1,1,2.5455,2.8,2.33,-0.1134,2,"BRE,BRE","COV,MCI",BHA-COV-LEE-MCI-SUN,5,1+1+1+1+1,1,2.5,100.0,18.8,-0.1462,2.508483,False,
BRE-BRE-LEE-MCI-SUN,4,2+1+1+1,1,2.5455,2.8,2.33,-0.1,2,"BRE,BRE","BHA,COV",BHA-COV-LEE-MCI-SUN,5,1+1+1+1+1,1,2.5,100.0,18.8,-0.1462,2.508483,False,
BRE-BHA-BHA-LEE-SUN,4,2+1+1+1,1,2.5455,2.8,2.33,-0.1,2,"BHA,BRE","COV,MCI",BHA-COV-LEE-MCI-SUN,5,1+1+1+1+1,1,2.5,100.0,18.8,-0.1462,2.508483,False,
BRE-CHE-CHE-LEE-SUN,4,2+1+1+1,1,2.5455,2.8,2.33,-0.1,2,"BRE,CHE","NFO,TOT",CHE-LEE-NFO-TOT-SUN,5,1+1+1+1+1,1,2.5,100.0,12.5,-0.1726,2.508483,False,
BRE-LEE-MCI-MCI-SUN,4,2+1+1+1,1,2.5455,2.8,2.33,-0.1,2,"BRE,MCI","BHA,COV",BHA-COV-LEE-MCI-SUN,5,1+1+1+1+1,1,2.5,100.0,18.8,-0.1462,2.508483,False,
LEE-LIV-LIV-MCI-MUN,4,2+1+1+1,0,2.5455,2.8,2.33,-0.1,2,"LEE,LIV","COV,EVE",COV-EVE-LIV-MCI-MUN,5,1+1+1+1+1,0,2.5,100.0,6.2,-0.1541,2.508483,False,
LEE-LIV-MCI-MCI-MUN,4,2+1+1+1,0,2.5455,2.8,2.33,-0.1,2,"LEE,MCI","COV,EVE",COV-EVE-LIV-MCI-MUN,5,1+1+1+1+1,0,2.5,100.0,6.2,-0.1541,2.508483,False,
LEE-LIV-TOT-TOT-SUN,4,2+1+1+1,1,2.5455,2.8,2.33,-0.1,2,"LIV,TOT","CHE,NFO",CHE-LEE-NFO-TOT-SUN,5,1+1+1+1+1,1,2.5,100.0,12.5,-0.1726,2.508483,False,
LEE-MCI-TOT-TOT-SUN,4,2+1+1+1,1,2.5455,2.8,2.33,-0.1,2,"LEE,TOT","CHE,NEW",CHE-MCI-NEW-TOT-SUN,5,1+1+1+1+1,1,2.5,100.0,6.2,-0.1909,2.508483,False,
ARS-BRE-BHA-CHE-LIV,5,1+1+1+1+1,0,2.5455,2.8,2.33,-0.0951,2,"ARS,CHE","AVL,NFO",AVL-BRE-BHA-LIV-NFO,5,1+1+1+1+1,0,2.5,100.0,12.5,-0.09,2.508483,False,
BHA-CHE-CHE-LEE-MUN,4,2+1+1+1,0,2.5455,2.8,2.33,-0.094,2,"CHE,MUN","AVL,NFO",AVL-BHA-CHE-LEE-NFO,5,1+1+1+1+1,0,2.5,100.0,18.8,-0.0972,2.508483,False,
BHA-CHE-CHE-LEE-SUN,4,2+1+1+1,1,2.5455,2.8,2.33,-0.094,2,"BHA,CHE","NFO,TOT",CHE-LEE-NFO-TOT-SUN,5,1+1+1+1+1,1,2.5,100.0,12.5,-0.1726,2.508483,False,
AVL-EVE-TOT-TOT-SUN,4,2+1+1+1,1,2.5455,2.8,2.33,-0.0464,2,"AVL,TOT","CHE,NFO",CHE-EVE-NFO-TOT-SUN,5,1+1+1+1+1,1,2.5,100.0,6.2,-0.1916,2.508483,False,
BHA-EVE-TOT-TOT-SUN,4,2+1+1+1,1,2.5455,2.8,2.33,-0.0464,2,"BHA,TOT","CHE,NFO",CHE-EVE-NFO-TOT-SUN,5,1+1+1+1+1,1,2.5,100.0,6.2,-0.1916,2.508483,False,
BHA-CHE-MUN-TOT-TOT,4,2+1+1+1,0,2.5455,2.8,2.33,-0.0123,2,"MUN,TOT","NFO,NFO",BHA-CHE-NFO-NFO-TOT,4,2+1+1+1,0,2.5,100.0,18.8,-0.1594,2.508483,False,
BRE-BRE-CRY-LIV-SUN,4,2+1+1+1,1,2.5455,2.8,2.33,-0.0,2,"BRE,BRE","BHA,MCI",BHA-CRY-LIV-MCI-SUN,5,1+1+1+1+1,1,2.5,100.0,18.8,-0.1215,2.508483,False,
BRE-BRE-CRY-MCI-MUN,4,2+1+1+1,0,2.5455,2.8,2.33,-0.0,2,"BRE,MUN","AVL,FUL",AVL-BRE-CRY-FUL-MCI,5,1+1+1+1+1,0,2.5,100.0,18.8,-0.1524,2.508483,False,
BRE-BRE-CRY-MCI-SUN,4,2+1+1+1,1,2.5455,2.8,2.33,-0.0,2,"BRE,SUN","AVL,FUL",AVL-BRE-CRY-FUL-MCI,5,1+1+1+1+1,0,2.5,100.0,18.8,-0.1524,2.508483,False,
BRE-CRY-LIV-LIV-SUN,4,2+1+1+1,1,2.5455,2.8,2.33,-0.0,2,"BRE,LIV","BHA,MCI",BHA-CRY-LIV-MCI-SUN,5,1+1+1+1+1,1,2.5,100.0,18.8,-0.1215,2.508483,False,
BRE-CRY-MCI-MCI-MUN,4,2+1+1+1,0,2.5455,2.8,2.33,-0.0,2,"MCI,MUN","AVL,FUL",AVL-BRE-CRY-FUL-MCI,5,1+1+1+1+1,0,2.5,100.0,18.8,-0.1524,2.508483,False,
BRE-CRY-MCI-MCI-SUN,4,2+1+1+1,1,2.5455,2.8,2.33,-0.0,2,"MCI,SUN","AVL,FUL",AVL-BRE-CRY-FUL-MCI,5,1+1+1+1+1,0,2.5,100.0,18.8,-0.1524,2.508483,False,
BRE-LEE-LIV-MCI-MUN,5,1+1+1+1+1,0,2.5455,2.8,2.33,0.0,2,"BRE,LEE","COV,EVE",COV-EVE-LIV-MCI-MUN,5,1+1+1+1+1,0,2.5,100.0,6.2,-0.1541,2.508483,False,
EVE-MCI-MUN-TOT-TOT,4,2+1+1+1,0,2.5455,2.8,2.33,-0.0,2,"TOT,TOT","COV,LIV",COV-EVE-LIV-MCI-MUN,5,1+1+1+1+1,0,2.5,100.0,6.2,-0.1541,2.508483,False,
BHA-CHE-CHE-MUN-TOT,4,2+1+1+1,0,2.5455,2.8,2.33,0.0206,2,"CHE,MUN","NFO,NFO",BHA-CHE-NFO-NFO-TOT,4,2+1+1+1,0,2.5,100.0,18.8,-0.1594,2.508483,False,
AVL-BRE-BRE-CRY-MUN,4,2+1+1+1,0,2.5455,2.8,2.33,0.0232,2,"BRE,MUN","FUL,MCI",AVL-BRE-CRY-FUL-MCI,5,1+1+1+1+1,0,2.5,100.0,18.8,-0.1524,2.508483,False,
AVL-BRE-BRE-CRY-SUN,4,2+1+1+1,1,2.5455,2.8,2.33,0.0232,2,"BRE,SUN","FUL,MCI",AVL-BRE-CRY-FUL-MCI,5,1+1+1+1+1,0,2.5,100.0,18.8,-0.1524,2.508483,False,
BRE-BRE-BHA-CRY-SUN,4,2+1+1+1,1,2.5455,2.8,2.33,0.0232,2,"BRE,BRE","LIV,MCI",BHA-CRY-LIV-MCI-SUN,5,1+1+1+1+1,1,2.5,100.0,18.8,-0.1215,2.508483,False,
AVL-AVL-BRE-LIV-MUN,4,2+1+1+1,0,2.5455,2.8,2.33,0.0732,2,"LIV,MUN","COV,LEE",AVL-AVL-BRE-COV-LEE,4,2+1+1+1,0,2.5,100.0,18.8,-0.1548,2.508483,False,
AVL-AVL-BRE-LIV-SUN,4,2+1+1+1,1,2.5455,2.8,2.33,0.0732,2,"LIV,SUN","COV,LEE",AVL-AVL-BRE-COV-LEE,4,2+1+1+1,0,2.5,100.0,18.8,-0.1548,2.508483,False,
AVL-BRE-BRE-LIV-MUN,4,2+1+1+1,0,2.5455,2.8,2.33,0.0732,2,"BRE,BRE","BOU,COV",AVL-BOU-COV-LIV-MUN,5,1+1+1+1+1,0,2.5,100.0,12.5,-0.1393,2.508483,False,
AVL-BRE-BRE-LIV-SUN,4,2+1+1+1,1,2.5455,2.8,2.33,0.0732,2,"BRE,SUN","NEW,NFO",AVL-BRE-LIV-NEW-NFO,5,1+1+1+1+1,0,2.5,100.0,18.8,-0.1088,2.508483,False,
AVL-BRE-LIV-LIV-MUN,4,2+1+1+1,0,2.5455,2.8,2.33,0.0732,2,"BRE,LIV","BOU,COV",AVL-BOU-COV-LIV-MUN,5,1+1+1+1+1,0,2.5,100.0,12.5,-0.1393,2.508483,False,
AVL-BRE-LIV-LIV-SUN,4,2+1+1+1,1,2.5455,2.8,2.33,0.0732,2,"LIV,SUN","NEW,NFO",AVL-BRE-LIV-NEW-NFO,5,1+1+1+1+1,0,2.5,100.0,18.8,-0.1088,2.508483,False,
BRE-BRE-BHA-LIV-MUN,4,2+1+1+1,0,2.5455,2.8,2.33,0.0732,2,"BRE,MUN","AVL,NFO",AVL-BRE-BHA-LIV-NFO,5,1+1+1+1+1,0,2.5,100.0,12.5,-0.09,2.508483,False,
BRE-BHA-BHA-LIV-MUN,4,2+1+1+1,0,2.5455,2.8,2.33,0.0732,2,"BHA,MUN","AVL,NFO",AVL-BRE-BHA-LIV-NFO,5,1+1+1+1+1,0,2.5,100.0,12.5,-0.09,2.508483,False,
BRE-BHA-LIV-LIV-MUN,4,2+1+1+1,0,2.5455,2.8,2.33,0.0732,2,"LIV,MUN","AVL,NFO",AVL-BRE-BHA-LIV-NFO,5,1+1+1+1+1,0,2.5,100.0,12.5,-0.09,2.508483,False,
BRE-BRE-LIV-MCI-MUN,4,2+1+1+1,0,2.5455,2.8,2.33,0.1,2,"BRE,BRE","COV,EVE",COV-EVE-LIV-MCI-MUN,5,1+1+1+1+1,0,2.5,100.0,6.2,-0.1541,2.508483,False,
BRE-LIV-LIV-MCI-MUN,4,2+1+1+1,0,2.5455,2.8,2.33,0.1,2,"BRE,LIV","COV,EVE",COV-EVE-LIV-MCI-MUN,5,1+1+1+1+1,0,2.5,100.0,6.2,-0.1541,2.508483,False,
BRE-LIV-MCI-MCI-MUN,4,2+1+1+1,0,2.5455,2.8,2.33,0.1,2,"BRE,MCI","COV,EVE",COV-EVE-LIV-MCI-MUN,5,1+1+1+1+1,0,2.5,100.0,6.2,-0.1541,2.508483,False,
BRE-BHA-CHE-CHE-LIV,4,2+1+1+1,0,2.5455,3.0,2.17,-0.3012,2,"CHE,CHE","AVL,NFO",AVL-BRE-BHA-LIV-NFO,5,1+1+1+1+1,0,2.5,100.0,12.5,-0.09,2.508483,False,
BHA-CHE-CHE-LIV-TOT,4,2+1+1+1,0,2.5455,3.0,2.17,-0.2842,2,"CHE,LIV","NFO,NFO",BHA-CHE-NFO-NFO-TOT,4,2+1+1+1,0,2.5,100.0,18.8,-0.1594,2.508483,False,
BHA-BHA-CHE-LIV-TOT,4,2+1+1+1,0,2.5455,3.0,2.17,-0.2653,2,"BHA,LIV","NFO,NFO",BHA-CHE-NFO-NFO-TOT,4,2+1+1+1,0,2.5,100.0,18.8,-0.1594,2.508483,False,
BHA-CHE-LIV-TOT-TOT,4,2+1+1+1,0,2.5455,3.0,2.17,-0.2281,2,"LIV,TOT","NFO,NFO",BHA-CHE-NFO-NFO-TOT,4,2+1+1+1,0,2.5,100.0,18.8,-0.1594,2.508483,False,
BHA-CHE-LIV-LIV-TOT,4,2+1+1+1,0,2.5455,3.0,2.17,-0.225,2,"LIV,LIV","NFO,NFO",BHA-CHE-NFO-NFO-TOT,4,2+1+1+1,0,2.5,100.0,18.8,-0.1594,2.508483,False,
ARS-BHA-CHE-MUN-MUN,4,2+1+1+1,0,2.3636,2.4,2.33,0.0365,2,"MUN,MUN","COV,MCI",ARS-BHA-CHE-COV-MCI,5,1+1+1+1+1,0,2.5417,93.8,12.5,-0.0327,2.508495,False,
BHA-MCI-MUN-MUN-TOT,4,2+1+1+1,0,2.3636,2.6,2.17,-0.3232,2,"MUN,TOT","COV,LEE",BHA-COV-LEE-MCI-MUN,5,1+1+1+1+1,0,2.5417,100.0,12.5,-0.1605,2.508495,False,
BRE-BRE-LIV-MUN-SUN,4,2+1+1+1,1,2.3636,2.6,2.17,-0.3,2,"BRE,SUN","AVL,NFO",AVL-BRE-LIV-MUN-NFO,5,1+1+1+1+1,0,2.5417,100.0,12.5,-0.0644,2.508495,False,
BRE-CHE-LIV-MUN-MUN,4,2+1+1+1,0,2.3636,2.6,2.17,-0.3,2,"LIV,MUN","AVL,MCI",AVL-BRE-CHE-MCI-MUN,5,1+1+1+1+1,0,2.5417,100.0,18.8,-0.0939,2.508495,False,
BRE-LIV-LIV-MUN-SUN,4,2+1+1+1,1,2.3636,2.6,2.17,-0.3,2,"LIV,SUN","AVL,NFO",AVL-BRE-LIV-MUN-NFO,5,1+1+1+1+1,0,2.5417,100.0,12.5,-0.0644,2.508495,False,
ARS-ARS-AVL-MUN-NFO,4,2+1+1+1,0,2.6364,2.2,3.0,0.2366,2,"ARS,MUN","BOU,LIV",ARS-AVL-BOU-LIV-NFO,5,1+1+1+1+1,0,2.4792,100.0,12.5,-0.1091,2.508508,False,
ARS-ARS-AVL-NFO-SUN,4,2+1+1+1,1,2.6364,2.2,3.0,0.2366,2,"ARS,SUN","BOU,LIV",ARS-AVL-BOU-LIV-NFO,5,1+1+1+1+1,0,2.4792,100.0,12.5,-0.1091,2.508508,False,
ARS-AVL-MUN-NFO-NFO,4,2+1+1+1,0,2.6364,2.2,3.0,0.2366,2,"MUN,NFO","BOU,LIV",ARS-AVL-BOU-LIV-NFO,5,1+1+1+1+1,0,2.4792,100.0,12.5,-0.1091,2.508508,False,
ARS-AVL-NFO-NFO-SUN,4,2+1+1+1,1,2.6364,2.2,3.0,0.2366,2,"NFO,SUN","BOU,LIV",ARS-AVL-BOU-LIV-NFO,5,1+1+1+1+1,0,2.4792,100.0,12.5,-0.1091,2.508508,False,
ARS-BHA-MUN-NFO-NFO,4,2+1+1+1,0,2.6364,2.2,3.0,0.2366,2,"ARS,MUN","BOU,LIV",BOU-BHA-LIV-NFO-NFO,4,2+1+1+1,0,2.4792,100.0,25.0,-0.147,2.508508,False,
ARS-BHA-NFO-NFO-SUN,4,2+1+1+1,1,2.6364,2.2,3.0,0.2366,2,"ARS,SUN","BOU,LIV",BOU-BHA-LIV-NFO-NFO,4,2+1+1+1,0,2.4792,100.0,25.0,-0.147,2.508508,False,
AVL-IPS-IPS-MUN-NFO,4,2+1+1+1,0,2.6364,2.2,3.0,0.2366,2,"IPS,MUN","BOU,CHE",AVL-BOU-CHE-IPS-NFO,5,1+1+1+1+1,0,2.4792,100.0,12.5,-0.117,2.508508,False,
AVL-IPS-MUN-NFO-NFO,4,2+1+1+1,0,2.6364,2.2,3.0,0.2366,2,"MUN,NFO","BOU,CHE",AVL-BOU-CHE-IPS-NFO,5,1+1+1+1+1,0,2.4792,100.0,12.5,-0.117,2.508508,False,
BHA-IPS-MUN-NFO-NFO,4,2+1+1+1,0,2.6364,2.2,3.0,0.2366,2,"IPS,MUN","BOU,LIV",BOU-BHA-LIV-NFO-NFO,4,2+1+1+1,0,2.4792,100.0,25.0,-0.147,2.508508,False,
ARS-AVL-IPS-MUN-NFO,5,1+1+1+1+1,0,2.6364,2.2,3.0,0.3366,2,"ARS,MUN","BOU,CHE",AVL-BOU-CHE-IPS-NFO,5,1+1+1+1+1,0,2.4792,100.0,12.5,-0.117,2.508508,False,
ARS-ARS-CHE-NFO-SUN,4,2+1+1+1,1,2.6364,2.2,3.0,0.3728,2,"ARS,ARS","BOU,TOT",BOU-CHE-NFO-TOT-SUN,5,1+1+1+1+1,1,2.4792,100.0,12.5,-0.1412,2.508508,False,
CHE-IPS-IPS-MUN-NFO,4,2+1+1+1,0,2.6364,2.2,3.0,0.3728,2,"IPS,MUN","BOU,FUL",BOU-CHE-FUL-IPS-NFO,5,1+1+1+1+1,0,2.4792,100.0,6.2,-0.1258,2.508508,False,
ARS-EVE-NFO-NFO-SUN,4,2+1+1+1,1,2.6364,2.2,3.0,0.3732,2,"ARS,NFO","BOU,COV",BOU-COV-EVE-NFO-SUN,5,1+1+1+1+1,1,2.4792,100.0,31.2,-0.0867,2.508508,False,
ARS-CHE-IPS-MUN-NFO,5,1+1+1+1+1,0,2.6364,2.2,3.0,0.4728,2,"ARS,MUN","BOU,FUL",BOU-CHE-FUL-IPS-NFO,5,1+1+1+1+1,0,2.4792,100.0,6.2,-0.1258,2.508508,False,
ARS-ARS-LIV-NFO-TOT,4,2+1+1+1,0,2.6364,2.4,2.83,-0.1634,2,"ARS,TOT","AVL,BOU",ARS-AVL-BOU-LIV-NFO,5,1+1+1+1+1,0,2.4792,100.0,12.5,-0.1091,2.508508,False,
ARS-ARS-MCI-NFO-TOT,4,2+1+1+1,0,2.6364,2.4,2.83,-0.1634,2,"ARS,ARS","CHE,NEW",CHE-MCI-NEW-NFO-TOT,5,1+1+1+1+1,0,2.4792,100.0,18.8,-0.0976,2.508508,False,
IPS-IPS-LIV-NFO-TOT,4,2+1+1+1,0,2.6364,2.4,2.83,-0.1634,2,"IPS,TOT","BOU,CHE",BOU-CHE-IPS-LIV-NFO,5,1+1+1+1+1,0,2.4792,100.0,12.5,-0.1093,2.508508,False,
IPS-IPS-MCI-NFO-TOT,4,2+1+1+1,0,2.6364,2.4,2.83,-0.1634,2,"IPS,NFO","CHE,FUL",CHE-FUL-IPS-MCI-TOT,5,1+1+1+1+1,0,2.4792,100.0,18.8,-0.1129,2.508508,False,
ARS-LIV-NFO-NFO-TOT,4,2+1+1+1,0,2.6364,2.4,2.83,-0.15,2,"ARS,TOT","BHA,BOU",BOU-BHA-LIV-NFO-NFO,4,2+1+1+1,0,2.4792,100.0,25.0,-0.147,2.508508,False,
ARS-MCI-NFO-NFO-TOT,4,2+1+1+1,0,2.6364,2.4,2.83,-0.15,2,"ARS,MCI","BOU,CHE",BOU-CHE-NFO-NFO-TOT,4,2+1+1+1,0,2.4792,100.0,18.8,-0.1349,2.508508,False,
IPS-LIV-NFO-NFO-TOT,4,2+1+1+1,0,2.6364,2.4,2.83,-0.15,2,"IPS,TOT","BHA,BOU",BOU-BHA-LIV-NFO-NFO,4,2+1+1+1,0,2.4792,100.0,25.0,-0.147,2.508508,False,
IPS-MCI-NFO-NFO-TOT,4,2+1+1+1,0,2.6364,2.4,2.83,-0.15,2,"IPS,MCI","BOU,CHE",BOU-CHE-NFO-NFO-TOT,4,2+1+1+1,0,2.4792,100.0,18.8,-0.1349,2.508508,False,
CRY-MUN-NFO-NFO-TOT,4,2+1+1+1,0,2.6364,2.4,2.83,-0.1,2,"MUN,NFO","BOU,FUL",BOU-CRY-FUL-NFO-TOT,5,1+1+1+1+1,0,2.4792,100.0,18.8,-0.177,2.508508,False,
CRY-NFO-NFO-TOT-SUN,4,2+1+1+1,1,2.6364,2.4,2.83,-0.1,2,"NFO,SUN","BOU,FUL",BOU-CRY-FUL-NFO-TOT,5,1+1+1+1+1,0,2.4792,100.0,18.8,-0.177,2.508508,False,
ARS-IPS-LIV-NFO-TOT,5,1+1+1+1+1,0,2.6364,2.4,2.83,-0.0634,2,"ARS,TOT","BOU,CHE",BOU-CHE-IPS-LIV-NFO,5,1+1+1+1+1,0,2.4792,100.0,12.5,-0.1093,2.508508,False,
ARS-IPS-MCI-NFO-TOT,5,1+1+1+1+1,0,2.6364,2.4,2.83,-0.0634,2,"ARS,NFO","CHE,FUL",CHE-FUL-IPS-MCI-TOT,5,1+1+1+1+1,0,2.4792,100.0,18.8,-0.1129,2.508508,False,
ARS-BRE-CHE-NFO-NFO,4,2+1+1+1,0,2.6364,2.4,2.83,-0.0179,2,"ARS,BRE","BOU,TOT",BOU-CHE-NFO-NFO-TOT,4,2+1+1+1,0,2.4792,100.0,18.8,-0.1349,2.508508,False,
BRE-CHE-IPS-NFO-NFO,4,2+1+1+1,0,2.6364,2.4,2.83,-0.0179,2,"BRE,IPS","BOU,TOT",BOU-CHE-NFO-NFO-TOT,4,2+1+1+1,0,2.4792,100.0,18.8,-0.1349,2.508508,False,
ARS-ARS-EVE-LIV-MUN,4,2+1+1+1,0,2.6364,2.4,2.83,0.0,2,"ARS,MUN","BOU,COV",ARS-BOU-COV-EVE-LIV,5,1+1+1+1+1,0,2.4792,100.0,18.8,-0.0922,2.508508,False,
ARS-ARS-EVE-LIV-SUN,4,2+1+1+1,1,2.6364,2.4,2.83,0.0,2,"ARS,SUN","BOU,COV",ARS-BOU-COV-EVE-LIV,5,1+1+1+1+1,0,2.4792,100.0,18.8,-0.0922,2.508508,False,
ARS-ARS-EVE-MCI-SUN,4,2+1+1+1,1,2.6364,2.4,2.83,0.0,2,"ARS,ARS","CHE,COV",CHE-COV-EVE-MCI-SUN,5,1+1+1+1+1,1,2.4792,100.0,12.5,-0.1133,2.508508,False,
EVE-IPS-IPS-MCI-MUN,4,2+1+1+1,0,2.6364,2.4,2.83,0.0,2,"IPS,MUN","CHE,COV",CHE-COV-EVE-IPS-MCI,5,1+1+1+1+1,0,2.4792,100.0,18.8,-0.0363,2.508508,False,
AVL-EVE-MUN-NFO-NFO,4,2+1+1+1,0,2.6364,2.4,2.83,0.0268,2,"MUN,NFO","CHE,COV",AVL-CHE-COV-EVE-NFO,5,1+1+1+1+1,0,2.4792,100.0,6.2,-0.1231,2.508508,False,
AVL-EVE-NFO-NFO-SUN,4,2+1+1+1,1,2.6364,2.4,2.83,0.0268,2,"NFO,SUN","CHE,COV",AVL-CHE-COV-EVE-NFO,5,1+1+1+1+1,0,2.4792,100.0,6.2,-0.1231,2.508508,False,
BHA-EVE-MUN-NFO-NFO,4,2+1+1+1,0,2.6364,2.4,2.83,0.0268,2,"EVE,MUN","BOU,LIV",BOU-BHA-LIV-NFO-NFO,4,2+1+1+1,0,2.4792,100.0,25.0,-0.147,2.508508,False,
BHA-EVE-NFO-NFO-SUN,4,2+1+1+1,1,2.6364,2.4,2.83,0.0268,2,"EVE,SUN","BOU,LIV",BOU-BHA-LIV-NFO-NFO,4,2+1+1+1,0,2.4792,100.0,25.0,-0.147,2.508508,False,
ARS-CRY-MUN-NFO-TOT,5,1+1+1+1+1,0,2.6364,2.4,2.83,0.0366,2,"ARS,MUN","BOU,FUL",BOU-CRY-FUL-NFO-TOT,5,1+1+1+1+1,0,2.4792,100.0,18.8,-0.177,2.508508,False,
ARS-CRY-NFO-TOT-SUN,5,1+1+1+1+1,1,2.6364,2.4,2.83,0.0366,2,"ARS,SUN","BOU,FUL",BOU-CRY-FUL-NFO-TOT,5,1+1+1+1+1,0,2.4792,100.0,18.8,-0.177,2.508508,False,
CRY-IPS-MUN-NFO-TOT,5,1+1+1+1+1,0,2.6364,2.4,2.83,0.0366,2,"IPS,MUN","BOU,FUL",BOU-CRY-FUL-NFO-TOT,5,1+1+1+1+1,0,2.4792,100.0,18.8,-0.177,2.508508,False,
AVL-CHE-IPS-IPS-MUN,4,2+1+1+1,0,2.6364,2.4,2.83,0.0475,2,"IPS,MUN","BOU,NFO",AVL-BOU-CHE-IPS-NFO,5,1+1+1+1+1,0,2.4792,100.0,12.5,-0.117,2.508508,False,
ARS-AVL-AVL-MUN-NFO,4,2+1+1+1,0,2.6364,2.4,2.83,0.0634,2,"AVL,MUN","BOU,LIV",ARS-AVL-BOU-LIV-NFO,5,1+1+1+1+1,0,2.4792,100.0,12.5,-0.1091,2.508508,False,
ARS-AVL-AVL-NFO-SUN,4,2+1+1+1,1,2.6364,2.4,2.83,0.0634,2,"AVL,SUN","BOU,LIV",ARS-AVL-BOU-LIV-NFO,5,1+1+1+1+1,0,2.4792,100.0,12.5,-0.1091,2.508508,False,
AVL-AVL-IPS-MUN-NFO,4,2+1+1+1,0,2.6364,2.4,2.83,0.0634,2,"AVL,MUN","BOU,CHE",AVL-BOU-CHE-IPS-NFO,5,1+1+1+1+1,0,2.4792,100.0,12.5,-0.117,2.508508,False,
ARS-ARS-BRE-LIV-NFO,4,2+1+1+1,0,2.6364,2.4,2.83,0.0732,2,"ARS,BRE","AVL,BOU",ARS-AVL-BOU-LIV-NFO,5,1+1+1+1+1,0,2.4792,100.0,12.5,-0.1091,2.508508,False,
ARS-IPS-LIV-LIV-NFO,4,2+1+1+1,0,2.6364,2.4,2.83,0.0732,2,"ARS,LIV","BOU,CHE",BOU-CHE-IPS-LIV-NFO,5,1+1+1+1+1,0,2.4792,100.0,12.5,-0.1093,2.508508,False,
ARS-IPS-MCI-MCI-NFO,4,2+1+1+1,0,2.6364,2.4,2.83,0.0732,2,"ARS,MCI","CHE,LIV",CHE-IPS-LIV-MCI-NFO,5,1+1+1+1+1,0,2.4792,100.0,12.5,-0.0652,2.508508,False,
BRE-IPS-IPS-LIV-NFO,4,2+1+1+1,0,2.6364,2.4,2.83,0.0732,2,"BRE,IPS","BOU,CHE",BOU-CHE-IPS-LIV-NFO,5,1+1+1+1+1,0,2.4792,100.0,12.5,-0.1093,2.508508,False,
BRE-IPS-IPS-MCI-NFO,4,2+1+1+1,0,2.6364,2.4,2.83,0.0732,2,"BRE,IPS","CHE,LIV",CHE-IPS-LIV-MCI-NFO,5,1+1+1+1+1,0,2.4792,100.0,12.5,-0.0652,2.508508,False,
CRY-MCI-MUN-NFO-NFO,4,2+1+1+1,0,2.6364,2.4,2.83,0.0732,2,"MUN,NFO","BHA,LIV",BHA-CRY-LIV-MCI-NFO,5,1+1+1+1+1,0,2.4792,100.0,25.0,-0.0977,2.508508,False,
CRY-MCI-NFO-NFO-SUN,4,2+1+1+1,1,2.6364,2.4,2.83,0.0732,2,"NFO,SUN","BHA,LIV",BHA-CRY-LIV-MCI-NFO,5,1+1+1+1+1,0,2.4792,100.0,25.0,-0.0977,2.508508,False,
CHE-CRY-MUN-NFO-NFO,4,2+1+1+1,0,2.6364,2.4,2.83,0.0766,2,"CRY,MUN","BOU,TOT",BOU-CHE-NFO-NFO-TOT,4,2+1+1+1,0,2.4792,100.0,18.8,-0.1349,2.508508,False,
CHE-CRY-NFO-NFO-SUN,4,2+1+1+1,1,2.6364,2.4,2.83,0.0766,2,"CRY,NFO","BOU,TOT",BOU-CHE-NFO-TOT-SUN,5,1+1+1+1+1,1,2.4792,100.0,12.5,-0.1412,2.508508,False,
ARS-EVE-IPS-LIV-MUN,5,1+1+1+1+1,0,2.6364,2.4,2.83,0.1,2,"IPS,MUN","BOU,COV",ARS-BOU-COV-EVE-LIV,5,1+1+1+1+1,0,2.4792,100.0,18.8,-0.0922,2.508508,False,
ARS-EVE-IPS-MCI-MUN,5,1+1+1+1+1,0,2.6364,2.4,2.83,0.1,2,"ARS,MUN","CHE,COV",CHE-COV-EVE-IPS-MCI,5,1+1+1+1+1,0,2.4792,100.0,18.8,-0.0363,2.508508,False,
ARS-CRY-MCI-MUN-NFO,5,1+1+1+1+1,0,2.6364,2.4,2.83,0.1232,2,"ARS,MUN","BHA,LIV",BHA-CRY-LIV-MCI-NFO,5,1+1+1+1+1,0,2.4792,100.0,25.0,-0.0977,2.508508,False,
ARS-CRY-MCI-NFO-SUN,5,1+1+1+1+1,1,2.6364,2.4,2.83,0.1232,2,"ARS,SUN","BHA,LIV",BHA-CRY-LIV-MCI-NFO,5,1+1+1+1+1,0,2.4792,100.0,25.0,-0.0977,2.508508,False,
CRY-IPS-MCI-MUN-NFO,5,1+1+1+1+1,0,2.6364,2.4,2.83,0.1232,2,"IPS,MUN","BHA,LIV",BHA-CRY-LIV-MCI-NFO,5,1+1+1+1+1,0,2.4792,100.0,25.0,-0.0977,2.508508,False,
ARS-AVL-CHE-IPS-MUN,5,1+1+1+1+1,0,2.6364,2.4,2.83,0.1475,2,"ARS,MUN","BOU,NFO",AVL-BOU-CHE-IPS-NFO,5,1+1+1+1+1,0,2.4792,100.0,12.5,-0.117,2.508508,False,
ARS-AVL-EVE-MUN-NFO,5,1+1+1+1+1,0,2.6364,2.4,2.83,0.1634,2,"ARS,MUN","CHE,COV",AVL-CHE-COV-EVE-NFO,5,1+1+1+1+1,0,2.4792,100.0,6.2,-0.1231,2.508508,False,
ARS-AVL-EVE-NFO-SUN,5,1+1+1+1+1,1,2.6364,2.4,2.83,0.1634,2,"ARS,SUN","CHE,COV",AVL-CHE-COV-EVE-NFO,5,1+1+1+1+1,0,2.4792,100.0,6.2,-0.1231,2.508508,False,
ARS-BHA-EVE-MUN-NFO,5,1+1+1+1+1,0,2.6364,2.4,2.83,0.1634,2,"ARS,MUN","COV,LIV",BHA-COV-EVE-LIV-NFO,5,1+1+1+1+1,0,2.4792,100.0,18.8,-0.1308,2.508508,False,
ARS-BHA-EVE-NFO-SUN,5,1+1+1+1+1,1,2.6364,2.4,2.83,0.1634,2,"ARS,SUN","COV,LIV",BHA-COV-EVE-LIV-NFO,5,1+1+1+1+1,0,2.4792,100.0,18.8,-0.1308,2.508508,False,
AVL-EVE-IPS-MUN-NFO,5,1+1+1+1+1,0,2.6364,2.4,2.83,0.1634,2,"IPS,MUN","CHE,COV",AVL-CHE-COV-EVE-NFO,5,1+1+1+1+1,0,2.4792,100.0,6.2,-0.1231,2.508508,False,
BHA-EVE-IPS-MUN-NFO,5,1+1+1+1+1,0,2.6364,2.4,2.83,0.1634,2,"IPS,MUN","COV,LIV",BHA-COV-EVE-LIV-NFO,5,1+1+1+1+1,0,2.4792,100.0,18.8,-0.1308,2.508508,False,
ARS-BRE-IPS-LIV-NFO,5,1+1+1+1+1,0,2.6364,2.4,2.83,0.1732,2,"ARS,BRE","BOU,CHE",BOU-CHE-IPS-LIV-NFO,5,1+1+1+1+1,0,2.4792,100.0,12.5,-0.1093,2.508508,False,
ARS-BRE-IPS-MCI-NFO,5,1+1+1+1+1,0,2.6364,2.4,2.83,0.1732,2,"ARS,BRE","CHE,LIV",CHE-IPS-LIV-MCI-NFO,5,1+1+1+1+1,0,2.4792,100.0,12.5,-0.0652,2.508508,False,
ARS-BRE-LIV-NFO-NFO,4,2+1+1+1,0,2.6364,2.4,2.83,0.1732,2,"ARS,BRE","BHA,BOU",BOU-BHA-LIV-NFO-NFO,4,2+1+1+1,0,2.4792,100.0,25.0,-0.147,2.508508,False,
BRE-IPS-LIV-NFO-NFO,4,2+1+1+1,0,2.6364,2.4,2.83,0.1732,2,"BRE,IPS","BHA,BOU",BOU-BHA-LIV-NFO-NFO,4,2+1+1+1,0,2.4792,100.0,25.0,-0.147,2.508508,False,
BRE-IPS-MCI-NFO-NFO,4,2+1+1+1,0,2.6364,2.4,2.83,0.1732,2,"BRE,NFO","CHE,LIV",CHE-IPS-LIV-MCI-NFO,5,1+1+1+1+1,0,2.4792,100.0,12.5,-0.0652,2.508508,False,
ARS-CHE-CRY-NFO-SUN,5,1+1+1+1+1,1,2.6364,2.4,2.83,0.2283,2,"ARS,CRY","BOU,TOT",BOU-CHE-NFO-TOT-SUN,5,1+1+1+1+1,1,2.4792,100.0,12.5,-0.1412,2.508508,False,
CHE-CRY-IPS-MUN-NFO,5,1+1+1+1+1,0,2.6364,2.4,2.83,0.2283,2,"CRY,MUN","BOU,FUL",BOU-CHE-FUL-IPS-NFO,5,1+1+1+1+1,0,2.4792,100.0,6.2,-0.1258,2.508508,False,
ARS-AVL-NFO-TOT-TOT,4,2+1+1+1,0,2.6364,2.6,2.67,-0.3098,2,"ARS,TOT","FUL,LEE",AVL-FUL-LEE-NFO-TOT,5,1+1+1+1+1,0,2.4792,100.0,0.0,-0.2008,2.508508,False,
AVL-IPS-NFO-TOT-TOT,4,2+1+1+1,0,2.6364,2.6,2.67,-0.3098,2,"IPS,TOT","FUL,LEE",AVL-FUL-LEE-NFO-TOT,5,1+1+1+1+1,0,2.4792,100.0,0.0,-0.2008,2.508508,False,
EVE-MCI-NFO-NFO-TOT,4,2+1+1+1,0,2.6364,2.6,2.67,-0.2732,2,"MCI,NFO","CHE,FUL",CHE-EVE-FUL-NFO-TOT,5,1+1+1+1+1,0,2.4792,100.0,6.2,-0.1683,2.508508,False,
ARS-CHE-IPS-LIV-LIV,4,2+1+1+1,0,2.6364,2.6,2.67,-0.2512,2,"ARS,LIV","BOU,NEW",BOU-CHE-IPS-LIV-NEW,5,1+1+1+1+1,0,2.4792,100.0,12.5,-0.1874,2.508508,False,
ARS-CHE-IPS-MCI-MCI,4,2+1+1+1,0,2.6364,2.6,2.67,-0.2512,2,"ARS,MCI","LIV,NEW",CHE-IPS-LIV-MCI-NEW,5,1+1+1+1+1,0,2.4792,100.0,12.5,-0.1753,2.508508,False,
BRE-CHE-IPS-IPS-LIV,4,2+1+1+1,0,2.6364,2.6,2.67,-0.2512,2,"BRE,IPS","BOU,NEW",BOU-CHE-IPS-LIV-NEW,5,1+1+1+1+1,0,2.4792,100.0,12.5,-0.1874,2.508508,False,
BRE-CHE-IPS-IPS-MCI,4,2+1+1+1,0,2.6364,2.6,2.67,-0.2512,2,"BRE,IPS","LIV,NEW",CHE-IPS-LIV-MCI-NEW,5,1+1+1+1+1,0,2.4792,100.0,12.5,-0.1753,2.508508,False,
ARS-ARS-AVL-LIV-TOT,4,2+1+1+1,0,2.6364,2.6,2.67,-0.25,2,"ARS,TOT","BOU,COV",ARS-AVL-BOU-COV-LIV,5,1+1+1+1+1,0,2.4792,100.0,12.5,-0.124,2.508508,False,
ARS-ARS-AVL-MCI-TOT,4,2+1+1+1,0,2.6364,2.6,2.67,-0.25,2,"ARS,TOT","COV,LIV",ARS-AVL-COV-LIV-MCI,5,1+1+1+1+1,0,2.4792,100.0,12.5,-0.0988,2.508508,False,
AVL-IPS-IPS-MCI-TOT,4,2+1+1+1,0,2.6364,2.6,2.67,-0.25,2,"AVL,IPS","CHE,FUL",CHE-FUL-IPS-MCI-TOT,5,1+1+1+1+1,0,2.4792,100.0,18.8,-0.1129,2.508508,False,
BHA-IPS-IPS-MCI-TOT,4,2+1+1+1,0,2.6364,2.6,2.67,-0.25,2,"BHA,IPS","CHE,FUL",CHE-FUL-IPS-MCI-TOT,5,1+1+1+1+1,0,2.4792,100.0,18.8,-0.1129,2.508508,False,
IPS-IPS-LEE-MCI-TOT,4,2+1+1+1,0,2.6364,2.6,2.67,-0.25,2,"IPS,TOT","COV,FUL",COV-FUL-IPS-LEE-MCI,5,1+1+1+1+1,0,2.4792,100.0,18.8,-0.1204,2.508508,False,
ARS-ARS-CHE-MCI-TOT,4,2+1+1+1,0,2.6364,2.6,2.67,-0.2311,2,"ARS,ARS","FUL,NEW",CHE-FUL-MCI-NEW-TOT,5,1+1+1+1+1,0,2.4792,100.0,12.5,-0.1474,2.508508,False,
CHE-IPS-IPS-LIV-TOT,4,2+1+1+1,0,2.6364,2.6,2.67,-0.2311,2,"IPS,TOT","BOU,NEW",BOU-CHE-IPS-LIV-NEW,5,1+1+1+1+1,0,2.4792,100.0,12.5,-0.1874,2.508508,False,
CHE-IPS-IPS-MCI-TOT,4,2+1+1+1,0,2.6364,2.6,2.67,-0.2311,2,"IPS,TOT","LIV,NEW",CHE-IPS-LIV-MCI-NEW,5,1+1+1+1+1,0,2.4792,100.0,12.5,-0.1753,2.508508,False,
ARS-BRE-CHE-CHE-NFO,4,2+1+1+1,0,2.6364,2.6,2.67,-0.18,2,"ARS,CHE","AVL,BOU",AVL-BOU-BRE-CHE-NFO,5,1+1+1+1+1,0,2.4792,100.0,6.2,-0.1001,2.508508,False,
BRE-CHE-CHE-IPS-NFO,4,2+1+1+1,0,2.6364,2.6,2.67,-0.18,2,"BRE,CHE","BOU,FUL",BOU-CHE-FUL-IPS-NFO,5,1+1+1+1+1,0,2.4792,100.0,6.2,-0.1258,2.508508,False,
EVE-IPS-MCI-MCI-NFO,4,2+1+1+1,0,2.6364,2.6,2.67,-0.1634,2,"EVE,MCI","CHE,LIV",CHE-IPS-LIV-MCI-NFO,5,1+1+1+1+1,0,2.4792,100.0,12.5,-0.0652,2.508508,False,
ARS-BRE-CHE-IPS-LIV,5,1+1+1+1+1,0,2.6364,2.6,2.67,-0.1512,2,"ARS,BRE","BOU,NEW",BOU-CHE-IPS-LIV-NEW,5,1+1+1+1+1,0,2.4792,100.0,12.5,-0.1874,2.508508,False,
ARS-BRE-CHE-IPS-MCI,5,1+1+1+1+1,0,2.6364,2.6,2.67,-0.1512,2,"ARS,BRE","LIV,NEW",CHE-IPS-LIV-MCI-NEW,5,1+1+1+1+1,0,2.4792,100.0,12.5,-0.1753,2.508508,False,
ARS-AVL-IPS-LIV-TOT,5,1+1+1+1+1,0,2.6364,2.6,2.67,-0.15,2,"IPS,TOT","BOU,COV",ARS-AVL-BOU-COV-LIV,5,1+1+1+1+1,0,2.4792,100.0,12.5,-0.124,2.508508,False,
ARS-AVL-IPS-MCI-TOT,5,1+1+1+1+1,0,2.6364,2.6,2.67,-0.15,2,"ARS,AVL","CHE,FUL",CHE-FUL-IPS-MCI-TOT,5,1+1+1+1+1,0,2.4792,100.0,18.8,-0.1129,2.508508,False,
ARS-BHA-IPS-MCI-TOT,5,1+1+1+1+1,0,2.6364,2.6,2.67,-0.15,2,"ARS,BHA","CHE,FUL",CHE-FUL-IPS-MCI-TOT,5,1+1+1+1+1,0,2.4792,100.0,18.8,-0.1129,2.508508,False,
ARS-EVE-MCI-NFO-TOT,5,1+1+1+1+1,0,2.6364,2.6,2.67,-0.15,2,"ARS,MCI","CHE,FUL",CHE-EVE-FUL-NFO-TOT,5,1+1+1+1+1,0,2.4792,100.0,6.2,-0.1683,2.508508,False,
ARS-IPS-LEE-MCI-TOT,5,1+1+1+1+1,0,2.6364,2.6,2.67,-0.15,2,"ARS,TOT","COV,FUL",COV-FUL-IPS-LEE-MCI,5,1+1+1+1+1,0,2.4792,100.0,18.8,-0.1204,2.508508,False,
EVE-IPS-MCI-NFO-TOT,5,1+1+1+1+1,0,2.6364,2.6,2.67,-0.15,2,"IPS,MCI","CHE,FUL",CHE-EVE-FUL-NFO-TOT,5,1+1+1+1+1,0,2.4792,100.0,6.2,-0.1683,2.508508,False,
AVL-AVL-EVE-MUN-NFO,4,2+1+1+1,0,2.6364,2.6,2.67,-0.1464,2,"AVL,MUN","CHE,COV",AVL-CHE-COV-EVE-NFO,5,1+1+1+1+1,0,2.4792,100.0,6.2,-0.1231,2.508508,False,
AVL-AVL-EVE-NFO-SUN,4,2+1+1+1,1,2.6364,2.6,2.67,-0.1464,2,"AVL,SUN","CHE,COV",AVL-CHE-COV-EVE-NFO,5,1+1+1+1+1,0,2.4792,100.0,6.2,-0.1231,2.508508,False,
BHA-BHA-EVE-MUN-NFO,4,2+1+1+1,0,2.6364,2.6,2.67,-0.1464,2,"BHA,MUN","COV,LIV",BHA-COV-EVE-LIV-NFO,5,1+1+1+1+1,0,2.4792,100.0,18.8,-0.1308,2.508508,False,
BHA-BHA-EVE-NFO-SUN,4,2+1+1+1,1,2.6364,2.6,2.67,-0.1464,2,"BHA,SUN","COV,LIV",BHA-COV-EVE-LIV-NFO,5,1+1+1+1+1,0,2.4792,100.0,18.8,-0.1308,2.508508,False,
AVL-CRY-MUN-NFO-TOT,5,1+1+1+1+1,0,2.6364,2.6,2.67,-0.1366,2,"CRY,MUN","FUL,LEE",AVL-FUL-LEE-NFO-TOT,5,1+1+1+1+1,0,2.4792,100.0,0.0,-0.2008,2.508508,False,
AVL-CRY-NFO-TOT-SUN,5,1+1+1+1+1,1,2.6364,2.6,2.67,-0.1366,2,"CRY,SUN","FUL,LEE",AVL-FUL-LEE-NFO-TOT,5,1+1+1+1+1,0,2.4792,100.0,0.0,-0.2008,2.508508,False,
BHA-CRY-MUN-NFO-TOT,5,1+1+1+1+1,0,2.6364,2.6,2.67,-0.1366,2,"BHA,MUN","BOU,FUL",BOU-CRY-FUL-NFO-TOT,5,1+1+1+1+1,0,2.4792,100.0,18.8,-0.177,2.508508,False,
BHA-CRY-NFO-TOT-SUN,5,1+1+1+1+1,1,2.6364,2.6,2.67,-0.1366,2,"BHA,SUN","BOU,FUL",BOU-CRY-FUL-NFO-TOT,5,1+1+1+1+1,0,2.4792,100.0,18.8,-0.177,2.508508,False,
ARS-CHE-IPS-LIV-TOT,5,1+1+1+1+1,0,2.6364,2.6,2.67,-0.1311,2,"ARS,TOT","BOU,NEW",BOU-CHE-IPS-LIV-NEW,5,1+1+1+1+1,0,2.4792,100.0,12.5,-0.1874,2.508508,False,
ARS-CHE-IPS-MCI-TOT,5,1+1+1+1+1,0,2.6364,2.6,2.67,-0.1311,2,"ARS,TOT","LIV,NEW",CHE-IPS-LIV-MCI-NEW,5,1+1+1+1+1,0,2.4792,100.0,12.5,-0.1753,2.508508,False,
ARS-AVL-AVL-LEE-MUN,4,2+1+1+1,0,2.6364,2.6,2.67,-0.1232,2,"ARS,MUN","CHE,COV",AVL-AVL-CHE-COV-LEE,4,2+1+1+1,0,2.4792,100.0,31.2,-0.1583,2.508508,False,
ARS-AVL-AVL-LEE-SUN,4,2+1+1+1,1,2.6364,2.6,2.67,-0.1232,2,"ARS,SUN","CHE,COV",AVL-AVL-CHE-COV-LEE,4,2+1+1+1,0,2.4792,100.0,31.2,-0.1583,2.508508,False,
AVL-AVL-IPS-LEE-MUN,4,2+1+1+1,0,2.6364,2.6,2.67,-0.1232,2,"IPS,MUN","CHE,COV",AVL-AVL-CHE-COV-LEE,4,2+1+1+1,0,2.4792,100.0,31.2,-0.1583,2.508508,False,
BHA-LIV-NFO-NFO-TOT,4,2+1+1+1,0,2.6364,2.6,2.67,-0.1232,2,"NFO,TOT","BOU,NEW",BOU-BHA-LIV-NEW-NFO,5,1+1+1+1+1,0,2.4792,100.0,12.5,-0.1525,2.508508,False,
BHA-MCI-NFO-NFO-TOT,4,2+1+1+1,0,2.6364,2.6,2.67,-0.1232,2,"MCI,TOT","BOU,LIV",BOU-BHA-LIV-NFO-NFO,4,2+1+1+1,0,2.4792,100.0,25.0,-0.147,2.508508,False,
ARS-ARS-LEE-LIV-MCI,4,2+1+1+1,0,2.6364,2.6,2.67,-0.1,2,"ARS,LEE","AVL,COV",ARS-AVL-COV-LIV-MCI,5,1+1+1+1+1,0,2.4792,100.0,12.5,-0.0988,2.508508,False,
ARS-BHA-LIV-NFO-TOT,5,1+1+1+1+1,0,2.6364,2.6,2.67,-0.1,2,"ARS,TOT","BOU,NEW",BOU-BHA-LIV-NEW-NFO,5,1+1+1+1+1,0,2.4792,100.0,12.5,-0.1525,2.508508,False,
ARS-BHA-MCI-NFO-TOT,5,1+1+1+1+1,0,2.6364,2.6,2.67,-0.1,2,"ARS,TOT","LIV,NEW",BHA-LIV-MCI-NEW-NFO,5,1+1+1+1+1,0,2.4792,100.0,12.5,-0.1303,2.508508,False,
ARS-IPS-LEE-MCI-MCI,4,2+1+1+1,0,2.6364,2.6,2.67,-0.1,2,"ARS,MCI","COV,FUL",COV-FUL-IPS-LEE-MCI,5,1+1+1+1+1,0,2.4792,100.0,18.8,-0.1204,2.508508,False,
BRE-EVE-EVE-NFO-SUN,4,2+1+1+1,1,2.6364,2.6,2.67,-0.1,2,"BRE,EVE","BOU,COV",BOU-COV-EVE-NFO-SUN,5,1+1+1+1+1,1,2.4792,100.0,31.2,-0.0867,2.508508,False,
BRE-IPS-IPS-LEE-MCI,4,2+1+1+1,0,2.6364,2.6,2.67,-0.1,2,"BRE,IPS","COV,FUL",COV-FUL-IPS-LEE-MCI,5,1+1+1+1+1,0,2.4792,100.0,18.8,-0.1204,2.508508,False,
BHA-IPS-LIV-NFO-TOT,5,1+1+1+1+1,0,2.6364,2.6,2.67,-0.1,2,"IPS,TOT","BOU,NEW",BOU-BHA-LIV-NEW-NFO,5,1+1+1+1+1,0,2.4792,100.0,12.5,-0.1525,2.508508,False,
BHA-IPS-MCI-NFO-TOT,5,1+1+1+1+1,0,2.6364,2.6,2.67,-0.1,2,"IPS,TOT","LIV,NEW",BHA-LIV-MCI-NEW-NFO,5,1+1+1+1+1,0,2.4792,100.0,12.5,-0.1303,2.508508,False,
EVE-EVE-MCI-NFO-SUN,4,2+1+1+1,1,2.6364,2.6,2.67,-0.1,2,"EVE,NFO","CHE,COV",CHE-COV-EVE-MCI-SUN,5,1+1+1+1+1,1,2.4792,100.0,12.5,-0.1133,2.508508,False,
IPS-IPS-LEE-LIV-MCI,4,2+1+1+1,0,2.6364,2.6,2.67,-0.1,2,"IPS,LEE","CHE,NEW",CHE-IPS-LIV-MCI-NEW,5,1+1+1+1+1,0,2.4792,100.0,12.5,-0.1753,2.508508,False,
IPS-LEE-LEE-MCI-MUN,4,2+1+1+1,0,2.6364,2.6,2.67,-0.1,2,"LEE,MUN","COV,FUL",COV-FUL-IPS-LEE-MCI,5,1+1+1+1+1,0,2.4792,100.0,18.8,-0.1204,2.508508,False,
BRE-BHA-CHE-NFO-NFO,4,2+1+1+1,0,2.6364,2.6,2.67,-0.0716,2,"BRE,CHE","BOU,LIV",BOU-BHA-LIV-NFO-NFO,4,2+1+1+1,0,2.4792,100.0,25.0,-0.147,2.508508,False,
BRE-EVE-IPS-MCI-NFO,5,1+1+1+1+1,0,2.6364,2.6,2.67,-0.0634,2,"BRE,EVE","CHE,LIV",CHE-IPS-LIV-MCI-NFO,5,1+1+1+1+1,0,2.4792,100.0,12.5,-0.0652,2.508508,False,
ARS-EVE-LEE-LIV-MUN,5,1+1+1+1+1,0,2.6364,2.6,2.67,-0.05,2,"LEE,MUN","BOU,COV",ARS-BOU-COV-EVE-LIV,5,1+1+1+1+1,0,2.4792,100.0,18.8,-0.0922,2.508508,False,
ARS-EVE-LEE-LIV-SUN,5,1+1+1+1+1,1,2.6364,2.6,2.67,-0.05,2,"LEE,SUN","BOU,COV",ARS-BOU-COV-EVE-LIV,5,1+1+1+1+1,0,2.4792,100.0,18.8,-0.0922,2.508508,False,
CRY-IPS-LEE-MCI-MUN,5,1+1+1+1+1,0,2.6364,2.6,2.67,-0.05,2,"CRY,MUN","COV,FUL",COV-FUL-IPS-LEE-MCI,5,1+1+1+1+1,0,2.4792,100.0,18.8,-0.1204,2.508508,False,
ARS-EVE-NFO-TOT-TOT,4,2+1+1+1,0,2.6364,2.6,2.67,-0.0366,2,"ARS,TOT","CHE,FUL",CHE-EVE-FUL-NFO-TOT,5,1+1+1+1+1,0,2.4792,100.0,6.2,-0.1683,2.508508,False,
EVE-IPS-NFO-TOT-TOT,4,2+1+1+1,0,2.6364,2.6,2.67,-0.0366,2,"IPS,TOT","CHE,FUL",CHE-EVE-FUL-NFO-TOT,5,1+1+1+1+1,0,2.4792,100.0,6.2,-0.1683,2.508508,False,
ARS-BRE-BHA-CHE-NFO,5,1+1+1+1+1,0,2.6364,2.6,2.67,-0.0333,2,"ARS,BRE","BOU,NFO",BOU-BHA-CHE-NFO-NFO,4,2+1+1+1,0,2.4792,100.0,18.8,-0.1158,2.508508,False,
BRE-BHA-CHE-IPS-NFO,5,1+1+1+1+1,0,2.6364,2.6,2.67,-0.0333,2,"BHA,BRE","BOU,FUL",BOU-CHE-FUL-IPS-NFO,5,1+1+1+1+1,0,2.4792,100.0,6.2,-0.1258,2.508508,False,
BHA-CHE-CRY-MUN-NFO,5,1+1+1+1+1,0,2.6364,2.6,2.67,-0.0254,2,"CRY,MUN","BOU,NFO",BOU-BHA-CHE-NFO-NFO,4,2+1+1+1,0,2.4792,100.0,18.8,-0.1158,2.508508,False,
BHA-CHE-CRY-NFO-SUN,5,1+1+1+1+1,1,2.6364,2.6,2.67,-0.0254,2,"BHA,CRY","BOU,TOT",BOU-CHE-NFO-TOT-SUN,5,1+1+1+1+1,1,2.4792,100.0,12.5,-0.1412,2.508508,False,
AVL-CHE-CRY-IPS-MUN,5,1+1+1+1+1,0,2.6364,2.6,2.67,-0.0104,2,"CRY,MUN","BOU,NFO",AVL-BOU-CHE-IPS-NFO,5,1+1+1+1+1,0,2.4792,100.0,12.5,-0.117,2.508508,False,
AVL-EVE-EVE-MUN-NFO,4,2+1+1+1,0,2.6364,2.6,2.67,-0.0098,2,"EVE,MUN","CHE,COV",AVL-CHE-COV-EVE-NFO,5,1+1+1+1+1,0,2.4792,100.0,6.2,-0.1231,2.508508,False,
AVL-EVE-EVE-NFO-SUN,4,2+1+1+1,1,2.6364,2.6,2.67,-0.0098,2,"EVE,SUN","CHE,COV",AVL-CHE-COV-EVE-NFO,5,1+1+1+1+1,0,2.4792,100.0,6.2,-0.1231,2.508508,False,
BHA-EVE-EVE-MUN-NFO,4,2+1+1+1,0,2.6364,2.6,2.67,-0.0098,2,"EVE,MUN","COV,LIV",BHA-COV-EVE-LIV-NFO,5,1+1+1+1+1,0,2.4792,100.0,18.8,-0.1308,2.508508,False,
BHA-EVE-EVE-NFO-SUN,4,2+1+1+1,1,2.6364,2.6,2.67,-0.0098,2,"EVE,SUN","COV,LIV",BHA-COV-EVE-LIV-NFO,5,1+1+1+1+1,0,2.4792,100.0,18.8,-0.1308,2.508508,False,
ARS-BRE-IPS-LEE-MCI,5,1+1+1+1+1,0,2.6364,2.6,2.67,-0.0,2,"ARS,BRE","COV,FUL",COV-FUL-IPS-LEE-MCI,5,1+1+1+1+1,0,2.4792,100.0,18.8,-0.1204,2.508508,False,
ARS-IPS-LEE-LIV-MCI,5,1+1+1+1+1,0,2.6364,2.6,2.67,-0.0,2,"ARS,LEE","CHE,NEW",CHE-IPS-LIV-MCI-NEW,5,1+1+1+1+1,0,2.4792,100.0,12.5,-0.1753,2.508508,False,
ARS-AVL-EVE-LEE-MUN,5,1+1+1+1+1,0,2.6364,2.6,2.67,0.0268,2,"ARS,MUN","CHE,COV",AVL-CHE-COV-EVE-LEE,5,1+1+1+1+1,0,2.4792,100.0,12.5,-0.128,2.508508,False,
ARS-AVL-EVE-LEE-SUN,5,1+1+1+1+1,1,2.6364,2.6,2.67,0.0268,2,"ARS,SUN","CHE,COV",AVL-CHE-COV-EVE-LEE,5,1+1+1+1+1,0,2.4792,100.0,12.5,-0.128,2.508508,False,
AVL-EVE-IPS-LEE-MUN,5,1+1+1+1+1,0,2.6364,2.6,2.67,0.0268,2,"IPS,MUN","CHE,COV",AVL-CHE-COV-EVE-LEE,5,1+1+1+1+1,0,2.4792,100.0,12.5,-0.128,2.508508,False,
ARS-AVL-CRY-LIV-MUN,5,1+1+1+1+1,0,2.6364,2.6,2.67,0.0366,2,"ARS,MUN","BOU,NEW",AVL-BOU-CRY-LIV-NEW,5,1+1+1+1+1,0,2.4792,100.0,6.2,-0.1674,2.508508,False,
ARS-AVL-CRY-LIV-SUN,5,1+1+1+1+1,1,2.6364,2.6,2.67,0.0366,2,"ARS,SUN","BOU,NEW",AVL-BOU-CRY-LIV-NEW,5,1+1+1+1+1,0,2.4792,100.0,6.2,-0.1674,2.508508,False,
ARS-AVL-CRY-MCI-MUN,5,1+1+1+1+1,0,2.6364,2.6,2.67,0.0366,2,"ARS,MUN","LIV,NEW",AVL-CRY-LIV-MCI-NEW,5,1+1+1+1+1,0,2.4792,100.0,12.5,-0.1535,2.508508,False,
ARS-AVL-CRY-MCI-SUN,5,1+1+1+1+1,1,2.6364,2.6,2.67,0.0366,2,"ARS,SUN","LIV,NEW",AVL-CRY-LIV-MCI-NEW,5,1+1+1+1+1,0,2.4792,100.0,12.5,-0.1535,2.508508,False,
ARS-BHA-CRY-LIV-MUN,5,1+1+1+1+1,0,2.6364,2.6,2.67,0.0366,2,"ARS,MUN","BOU,NFO",BOU-BHA-CRY-LIV-NFO,5,1+1+1+1+1,0,2.4792,100.0,18.8,-0.1001,2.508508,False,
ARS-BHA-CRY-LIV-SUN,5,1+1+1+1+1,1,2.6364,2.6,2.67,0.0366,2,"ARS,CRY","COV,MCI",BHA-COV-LIV-MCI-SUN,5,1+1+1+1+1,1,2.4792,100.0,25.0,-0.1292,2.508508,False,
ARS-BHA-CRY-MCI-MUN,5,1+1+1+1+1,0,2.6364,2.6,2.67,0.0366,2,"ARS,MUN","LIV,NFO",BHA-CRY-LIV-MCI-NFO,5,1+1+1+1+1,0,2.4792,100.0,25.0,-0.0977,2.508508,False,
ARS-BHA-CRY-MCI-SUN,5,1+1+1+1+1,1,2.6364,2.6,2.67,0.0366,2,"ARS,CRY","COV,LIV",BHA-COV-LIV-MCI-SUN,5,1+1+1+1+1,1,2.4792,100.0,25.0,-0.1292,2.508508,False,
AVL-CRY-IPS-LIV-MUN,5,1+1+1+1+1,0,2.6364,2.6,2.67,0.0366,2,"IPS,MUN","BOU,NEW",AVL-BOU-CRY-LIV-NEW,5,1+1+1+1+1,0,2.4792,100.0,6.2,-0.1674,2.508508,False,
AVL-CRY-IPS-MCI-MUN,5,1+1+1+1+1,0,2.6364,2.6,2.67,0.0366,2,"IPS,MUN","LIV,NEW",AVL-CRY-LIV-MCI-NEW,5,1+1+1+1+1,0,2.4792,100.0,12.5,-0.1535,2.508508,False,
BHA-CRY-IPS-LIV-MUN,5,1+1+1+1+1,0,2.6364,2.6,2.67,0.0366,2,"IPS,MUN","BOU,NFO",BOU-BHA-CRY-LIV-NFO,5,1+1+1+1+1,0,2.4792,100.0,18.8,-0.1001,2.508508,False,
BHA-CRY-IPS-MCI-MUN,5,1+1+1+1+1,0,2.6364,2.6,2.67,0.0366,2,"IPS,MUN","LIV,NFO",BHA-CRY-LIV-MCI-NFO,5,1+1+1+1+1,0,2.4792,100.0,25.0,-0.0977,2.508508,False,
ARS-BRE-CHE-EVE-SUN,5,1+1+1+1+1,1,2.6364,2.6,2.67,0.0634,2,"ARS,BRE","COV,MCI",CHE-COV-EVE-MCI-SUN,5,1+1+1+1+1,1,2.4792,100.0,12.5,-0.1133,2.508508,False,
BRE-CHE-EVE-IPS-MUN,5,1+1+1+1+1,0,2.6364,2.6,2.67,0.0634,2,"BRE,MUN","BOU,COV",BOU-CHE-COV-EVE-IPS,5,1+1+1+1+1,0,2.4792,100.0,18.8,-0.052,2.508508,False,
ARS-ARS-AVL-BRE-LIV,4,2+1+1+1,0,2.6364,2.6,2.67,0.0732,2,"ARS,BRE","BOU,COV",ARS-AVL-BOU-COV-LIV,5,1+1+1+1+1,0,2.4792,100.0,12.5,-0.124,2.508508,False,
ARS-ARS-AVL-BRE-MCI,4,2+1+1+1,0,2.6364,2.6,2.67,0.0732,2,"ARS,ARS","COV,FUL",AVL-BRE-COV-FUL-MCI,5,1+1+1+1+1,0,2.4792,100.0,18.8,-0.1384,2.508508,False,
ARS-ARS-BHA-LIV-MCI,4,2+1+1+1,0,2.6364,2.6,2.67,0.0732,2,"ARS,ARS","NEW,NFO",BHA-LIV-MCI-NEW-NFO,5,1+1+1+1+1,0,2.4792,100.0,12.5,-0.1303,2.508508,False,
ARS-AVL-IPS-LIV-LIV,4,2+1+1+1,0,2.6364,2.6,2.67,0.0732,2,"IPS,LIV","BOU,COV",ARS-AVL-BOU-COV-LIV,5,1+1+1+1+1,0,2.4792,100.0,12.5,-0.124,2.508508,False,
ARS-AVL-IPS-MCI-MCI,4,2+1+1+1,0,2.6364,2.6,2.67,0.0732,2,"IPS,MCI","COV,LIV",ARS-AVL-COV-LIV-MCI,5,1+1+1+1+1,0,2.4792,100.0,12.5,-0.0988,2.508508,False,
AVL-BRE-IPS-IPS-MCI,4,2+1+1+1,0,2.6364,2.6,2.67,0.0732,2,"IPS,IPS","COV,FUL",AVL-BRE-COV-FUL-MCI,5,1+1+1+1+1,0,2.4792,100.0,18.8,-0.1384,2.508508,False,
BHA-IPS-IPS-LIV-MCI,4,2+1+1+1,0,2.6364,2.6,2.67,0.0732,2,"BHA,IPS","CHE,NEW",CHE-IPS-LIV-MCI-NEW,5,1+1+1+1+1,0,2.4792,100.0,12.5,-0.1753,2.508508,False,
ARS-CHE-IPS-TOT-TOT,4,2+1+1+1,0,2.6364,2.6,2.67,0.089,2,"ARS,TOT","FUL,MCI",CHE-FUL-IPS-MCI-TOT,5,1+1+1+1+1,0,2.4792,100.0,18.8,-0.1129,2.508508,False,
AVL-BRE-CRY-MUN-NFO,5,1+1+1+1+1,0,2.6364,2.6,2.67,0.1232,2,"CRY,MUN","BOU,COV",AVL-BOU-BRE-COV-NFO,5,1+1+1+1+1,0,2.4792,100.0,18.8,-0.14,2.508508,False,
AVL-BRE-CRY-NFO-SUN,5,1+1+1+1+1,1,2.6364,2.6,2.67,0.1232,2,"CRY,SUN","BOU,COV",AVL-BOU-BRE-COV-NFO,5,1+1+1+1+1,0,2.4792,100.0,18.8,-0.14,2.508508,False,
BRE-BHA-CRY-MUN-NFO,5,1+1+1+1+1,0,2.6364,2.6,2.67,0.1232,2,"BRE,MUN","BOU,LIV",BOU-BHA-CRY-LIV-NFO,5,1+1+1+1+1,0,2.4792,100.0,18.8,-0.1001,2.508508,False,
BRE-BHA-CRY-NFO-SUN,5,1+1+1+1+1,1,2.6364,2.6,2.67,0.1232,2,"BRE,SUN","BOU,LIV",BOU-BHA-CRY-LIV-NFO,5,1+1+1+1+1,0,2.4792,100.0,18.8,-0.1001,2.508508,False,
BHA-CRY-MCI-MUN-NFO,5,1+1+1+1+1,0,2.6364,2.6,2.67,0.1232,2,"CRY,MUN","LIV,NEW",BHA-LIV-MCI-NEW-NFO,5,1+1+1+1+1,0,2.4792,100.0,12.5,-0.1303,2.508508,False,
BHA-CRY-MCI-NFO-SUN,5,1+1+1+1+1,1,2.6364,2.6,2.67,0.1232,2,"CRY,SUN","LIV,NEW",BHA-LIV-MCI-NEW-NFO,5,1+1+1+1+1,0,2.4792,100.0,12.5,-0.1303,2.508508,False,
ARS-AVL-CHE-EVE-MUN,5,1+1+1+1+1,0,2.6364,2.6,2.67,0.1365,2,"ARS,MUN","COV,LEE",AVL-CHE-COV-EVE-LEE,5,1+1+1+1+1,0,2.4792,100.0,12.5,-0.128,2.508508,False,
ARS-AVL-CHE-EVE-SUN,5,1+1+1+1+1,1,2.6364,2.6,2.67,0.1365,2,"ARS,SUN","COV,LEE",AVL-CHE-COV-EVE-LEE,5,1+1+1+1+1,0,2.4792,100.0,12.5,-0.128,2.508508,False,
ARS-BHA-CHE-EVE-SUN,5,1+1+1+1+1,1,2.6364,2.6,2.67,0.1365,2,"ARS,BHA","COV,MCI",CHE-COV-EVE-MCI-SUN,5,1+1+1+1+1,1,2.4792,100.0,12.5,-0.1133,2.508508,False,
AVL-CHE-EVE-IPS-MUN,5,1+1+1+1+1,0,2.6364,2.6,2.67,0.1365,2,"IPS,MUN","COV,LEE",AVL-CHE-COV-EVE-LEE,5,1+1+1+1+1,0,2.4792,100.0,12.5,-0.128,2.508508,False,
BHA-CHE-EVE-IPS-MUN,5,1+1+1+1+1,0,2.6364,2.6,2.67,0.1365,2,"BHA,MUN","BOU,COV",BOU-CHE-COV-EVE-IPS,5,1+1+1+1+1,0,2.4792,100.0,18.8,-0.052,2.508508,False,
ARS-AVL-BRE-IPS-LIV,5,1+1+1+1+1,0,2.6364,2.6,2.67,0.1732,2,"BRE,IPS","BOU,COV",ARS-AVL-BOU-COV-LIV,5,1+1+1+1+1,0,2.4792,100.0,12.5,-0.124,2.508508,False,
ARS-AVL-BRE-IPS-MCI,5,1+1+1+1+1,0,2.6364,2.6,2.67,0.1732,2,"ARS,IPS","COV,FUL",AVL-BRE-COV-FUL-MCI,5,1+1+1+1+1,0,2.4792,100.0,18.8,-0.1384,2.508508,False,
ARS-BHA-IPS-LIV-MCI,5,1+1+1+1+1,0,2.6364,2.6,2.67,0.1732,2,"ARS,BHA","CHE,NEW",CHE-IPS-LIV-MCI-NEW,5,1+1+1+1+1,0,2.4792,100.0,12.5,-0.1753,2.508508,False,
ARS-AVL-BRE-BRE-NFO,4,2+1+1+1,0,2.6364,2.6,2.67,0.2098,2,"ARS,BRE","BOU,COV",AVL-BOU-BRE-COV-NFO,5,1+1+1+1+1,0,2.4792,100.0,18.8,-0.14,2.508508,False,
ARS-BHA-LIV-LIV-NFO,4,2+1+1+1,0,2.6364,2.6,2.67,0.2098,2,"ARS,LIV","BOU,NEW",BOU-BHA-LIV-NEW-NFO,5,1+1+1+1+1,0,2.4792,100.0,12.5,-0.1525,2.508508,False,
ARS-BHA-MCI-MCI-NFO,4,2+1+1+1,0,2.6364,2.6,2.67,0.2098,2,"ARS,MCI","LIV,NEW",BHA-LIV-MCI-NEW-NFO,5,1+1+1+1+1,0,2.4792,100.0,12.5,-0.1303,2.508508,False,
AVL-BRE-BRE-IPS-NFO,4,2+1+1+1,0,2.6364,2.6,2.67,0.2098,2,"BRE,IPS","BOU,COV",AVL-BOU-BRE-COV-NFO,5,1+1+1+1+1,0,2.4792,100.0,18.8,-0.14,2.508508,False,
BHA-IPS-LIV-LIV-NFO,4,2+1+1+1,0,2.6364,2.6,2.67,0.2098,2,"IPS,LIV","BOU,NEW",BOU-BHA-LIV-NEW-NFO,5,1+1+1+1+1,0,2.4792,100.0,12.5,-0.1525,2.508508,False,
BHA-IPS-MCI-MCI-NFO,4,2+1+1+1,0,2.6364,2.6,2.67,0.2098,2,"IPS,MCI","LIV,NEW",BHA-LIV-MCI-NEW-NFO,5,1+1+1+1+1,0,2.4792,100.0,12.5,-0.1303,2.508508,False,
ARS-EVE-LEE-MUN-TOT,5,1+1+1+1+1,0,2.6364,2.6,2.67,0.25,2,"ARS,MUN","COV,FUL",COV-EVE-FUL-LEE-TOT,5,1+1+1+1+1,0,2.4792,100.0,6.2,-0.1706,2.508508,False,
ARS-EVE-LEE-TOT-SUN,5,1+1+1+1+1,1,2.6364,2.6,2.67,0.25,2,"ARS,SUN","COV,FUL",COV-EVE-FUL-LEE-TOT,5,1+1+1+1+1,0,2.4792,100.0,6.2,-0.1706,2.508508,False,
EVE-IPS-LEE-MUN-TOT,5,1+1+1+1+1,0,2.6364,2.6,2.67,0.25,2,"IPS,MUN","COV,FUL",COV-EVE-FUL-LEE-TOT,5,1+1+1+1+1,0,2.4792,100.0,6.2,-0.1706,2.508508,False,
EVE-EVE-MUN-NFO-TOT,4,2+1+1+1,0,2.6364,2.6,2.67,0.2634,2,"EVE,MUN","CHE,FUL",CHE-EVE-FUL-NFO-TOT,5,1+1+1+1+1,0,2.4792,100.0,6.2,-0.1683,2.508508,False,
EVE-EVE-NFO-TOT-SUN,4,2+1+1+1,1,2.6364,2.6,2.67,0.2634,2,"EVE,SUN","CHE,FUL",CHE-EVE-FUL-NFO-TOT,5,1+1+1+1+1,0,2.4792,100.0,6.2,-0.1683,2.508508,False,
ARS-BRE-BHA-LIV-NFO,5,1+1+1+1+1,0,2.6364,2.6,2.67,0.3098,2,"ARS,BRE","BOU,NEW",BOU-BHA-LIV-NEW-NFO,5,1+1+1+1+1,0,2.4792,100.0,12.5,-0.1525,2.508508,False,
ARS-BRE-BHA-MCI-NFO,5,1+1+1+1+1,0,2.6364,2.6,2.67,0.3098,2,"ARS,BRE","LIV,NEW",BHA-LIV-MCI-NEW-NFO,5,1+1+1+1+1,0,2.4792,100.0,12.5,-0.1303,2.508508,False,
BRE-BHA-IPS-LIV-NFO,5,1+1+1+1+1,0,2.6364,2.6,2.67,0.3098,2,"BRE,IPS","BOU,NEW",BOU-BHA-LIV-NEW-NFO,5,1+1+1+1+1,0,2.4792,100.0,12.5,-0.1525,2.508508,False,
BRE-BHA-IPS-MCI-NFO,5,1+1+1+1+1,0,2.6364,2.6,2.67,0.3098,2,"BRE,IPS","LIV,NEW",BHA-LIV-MCI-NEW-NFO,5,1+1+1+1+1,0,2.4792,100.0,12.5,-0.1303,2.508508,False,
BRE-BHA-LIV-NFO-NFO,4,2+1+1+1,0,2.6364,2.6,2.67,0.3732,2,"BRE,NFO","BOU,NEW",BOU-BHA-LIV-NEW-NFO,5,1+1+1+1+1,0,2.4792,100.0,12.5,-0.1525,2.508508,False,
BRE-BHA-MCI-NFO-NFO,4,2+1+1+1,0,2.6364,2.6,2.67,0.3732,2,"BRE,MCI","BOU,LIV",BOU-BHA-LIV-NFO-NFO,4,2+1+1+1,0,2.4792,100.0,25.0,-0.147,2.508508,False,
ARS-CHE-CHE-TOT-SUN,4,2+1+1+1,1,2.6364,2.6,2.67,0.428,2,"ARS,CHE","BOU,NFO",BOU-CHE-NFO-TOT-SUN,5,1+1+1+1+1,1,2.4792,100.0,12.5,-0.1412,2.508508,False,
CHE-CHE-IPS-MUN-TOT,4,2+1+1+1,0,2.6364,2.6,2.67,0.428,2,"CHE,MUN","FUL,MCI",CHE-FUL-IPS-MCI-TOT,5,1+1+1+1+1,0,2.4792,100.0,18.8,-0.1129,2.508508,False,
ARS-CHE-EVE-MUN-TOT,5,1+1+1+1+1,0,2.6364,2.6,2.67,0.5335,2,"ARS,MUN","FUL,NFO",CHE-EVE-FUL-NFO-TOT,5,1+1+1+1+1,0,2.4792,100.0,6.2,-0.1683,2.508508,False,
ARS-CHE-EVE-TOT-SUN,5,1+1+1+1+1,1,2.6364,2.6,2.67,0.5335,2,"ARS,SUN","FUL,NFO",CHE-EVE-FUL-NFO-TOT,5,1+1+1+1+1,0,2.4792,100.0,6.2,-0.1683,2.508508,False,
CHE-EVE-IPS-MUN-TOT,5,1+1+1+1+1,0,2.6364,2.6,2.67,0.5335,2,"IPS,MUN","FUL,NFO",CHE-EVE-FUL-NFO-TOT,5,1+1+1+1+1,0,2.4792,100.0,6.2,-0.1683,2.508508,False,
CHE-CHE-EVE-MUN-SUN,4,2+1+1+1,1,2.6364,2.6,2.67,0.8669,2,"CHE,MUN","COV,MCI",CHE-COV-EVE-MCI-SUN,5,1+1+1+1+1,1,2.4792,100.0,12.5,-0.1133,2.508508,False,
CHE-EVE-EVE-MUN-SUN,4,2+1+1+1,1,2.6364,2.6,2.67,0.878,2,"EVE,MUN","COV,MCI",CHE-COV-EVE-MCI-SUN,5,1+1+1+1+1,1,2.4792,100.0,12.5,-0.1133,2.508508,False,
ARS-EVE-LIV-LIV-TOT,4,2+1+1+1,0,2.6364,2.8,2.5,-0.35,2,"ARS,LIV","NEW,NFO",EVE-LIV-NEW-NFO-TOT,5,1+1+1+1+1,0,2.4792,100.0,25.0,-0.1014,2.508508,False,
CRY-IPS-MCI-TOT-TOT,4,2+1+1+1,0,2.6364,2.8,2.5,-0.35,2,"CRY,TOT","CHE,FUL",CHE-FUL-IPS-MCI-TOT,5,1+1+1+1+1,0,2.4792,100.0,18.8,-0.1129,2.508508,False,
EVE-IPS-LIV-LIV-TOT,4,2+1+1+1,0,2.6364,2.8,2.5,-0.35,2,"IPS,LIV","NEW,NFO",EVE-LIV-NEW-NFO-TOT,5,1+1+1+1+1,0,2.4792,100.0,25.0,-0.1014,2.508508,False,
EVE-IPS-MCI-MCI-TOT,4,2+1+1+1,0,2.6364,2.8,2.5,-0.35,2,"EVE,MCI","CHE,FUL",CHE-FUL-IPS-MCI-TOT,5,1+1+1+1+1,0,2.4792,100.0,18.8,-0.1129,2.508508,False,
BRE-CHE-CHE-IPS-LIV,4,2+1+1+1,0,2.6364,2.8,2.5,-0.3402,2,"BRE,CHE","BOU,NEW",BOU-CHE-IPS-LIV-NEW,5,1+1+1+1+1,0,2.4792,100.0,12.5,-0.1874,2.508508,False,
BRE-CHE-CHE-IPS-MCI,4,2+1+1+1,0,2.6364,2.8,2.5,-0.3402,2,"BRE,CHE","LIV,NEW",CHE-IPS-LIV-MCI-NEW,5,1+1+1+1+1,0,2.4792,100.0,12.5,-0.1753,2.508508,False,
CRY-MCI-NFO-TOT-TOT,4,2+1+1+1,0,2.6364,2.8,2.5,-0.3366,2,"MCI,TOT","BOU,FUL",BOU-CRY-FUL-NFO-TOT,5,1+1+1+1+1,0,2.4792,100.0,18.8,-0.177,2.508508,False,
EVE-MCI-MCI-NFO-TOT,4,2+1+1+1,0,2.6364,2.8,2.5,-0.3366,2,"MCI,MCI","CHE,FUL",CHE-EVE-FUL-NFO-TOT,5,1+1+1+1+1,0,2.4792,100.0,6.2,-0.1683,2.508508,False,
ARS-AVL-AVL-CHE-TOT,4,2+1+1+1,0,2.6364,2.8,2.5,-0.3251,2,"ARS,AVL","FUL,NFO",AVL-CHE-FUL-NFO-TOT,5,1+1+1+1+1,0,2.4792,100.0,12.5,-0.1683,2.508508,False,
AVL-AVL-CHE-IPS-TOT,4,2+1+1+1,0,2.6364,2.8,2.5,-0.3251,2,"AVL,IPS","FUL,NFO",AVL-CHE-FUL-NFO-TOT,5,1+1+1+1+1,0,2.4792,100.0,12.5,-0.1683,2.508508,False,
BHA-BHA-CHE-IPS-TOT,4,2+1+1+1,0,2.6364,2.8,2.5,-0.3251,2,"BHA,BHA","FUL,MCI",CHE-FUL-IPS-MCI-TOT,5,1+1+1+1+1,0,2.4792,100.0,18.8,-0.1129,2.508508,False,
ARS-AVL-BRE-CHE-CHE,4,2+1+1+1,0,2.6364,2.8,2.5,-0.311,2,"ARS,CHE","BOU,NFO",AVL-BOU-BRE-CHE-NFO,5,1+1+1+1+1,0,2.4792,100.0,6.2,-0.1001,2.508508,False,
ARS-BHA-CHE-CHE-LIV,4,2+1+1+1,0,2.6364,2.8,2.5,-0.311,2,"ARS,CHE","BOU,NFO",BOU-BHA-CHE-LIV-NFO,5,1+1+1+1+1,0,2.4792,93.8,18.8,-0.0479,2.508508,False,
ARS-BHA-CHE-CHE-MCI,4,2+1+1+1,0,2.6364,2.8,2.5,-0.311,2,"ARS,CHE","COV,NFO",BHA-CHE-COV-MCI-NFO,5,1+1+1+1+1,0,2.4792,100.0,18.8,-0.0611,2.508508,False,
AVL-BRE-CHE-CHE-IPS,4,2+1+1+1,0,2.6364,2.8,2.5,-0.311,2,"BRE,CHE","BOU,NFO",AVL-BOU-CHE-IPS-NFO,5,1+1+1+1+1,0,2.4792,100.0,12.5,-0.117,2.508508,False,
BHA-CHE-CHE-IPS-LIV,4,2+1+1+1,0,2.6364,2.8,2.5,-0.311,2,"BHA,CHE","BOU,NEW",BOU-CHE-IPS-LIV-NEW,5,1+1+1+1+1,0,2.4792,100.0,12.5,-0.1874,2.508508,False,
BHA-CHE-CHE-IPS-MCI,4,2+1+1+1,0,2.6364,2.8,2.5,-0.311,2,"BHA,CHE","LIV,NEW",CHE-IPS-LIV-MCI-NEW,5,1+1+1+1+1,0,2.4792,100.0,12.5,-0.1753,2.508508,False,
BRE-EVE-EVE-MCI-SUN,4,2+1+1+1,1,2.6364,2.8,2.5,-0.3,2,"BRE,EVE","CHE,COV",CHE-COV-EVE-MCI-SUN,5,1+1+1+1+1,1,2.4792,100.0,12.5,-0.1133,2.508508,False,
AVL-EVE-NFO-TOT-TOT,4,2+1+1+1,0,2.6364,2.8,2.5,-0.283,2,"EVE,TOT","FUL,LEE",AVL-FUL-LEE-NFO-TOT,5,1+1+1+1+1,0,2.4792,100.0,0.0,-0.2008,2.508508,False,
BHA-EVE-NFO-TOT-TOT,4,2+1+1+1,0,2.6364,2.8,2.5,-0.283,2,"BHA,TOT","CHE,FUL",CHE-EVE-FUL-NFO-TOT,5,1+1+1+1+1,0,2.4792,100.0,6.2,-0.1683,2.508508,False,
ARS-AVL-LEE-TOT-TOT,4,2+1+1+1,0,2.6364,2.8,2.5,-0.2732,2,"ARS,TOT","FUL,NFO",AVL-FUL-LEE-NFO-TOT,5,1+1+1+1+1,0,2.4792,100.0,0.0,-0.2008,2.508508,False,
AVL-EVE-EVE-LIV-SUN,4,2+1+1+1,1,2.6364,2.8,2.5,-0.2732,2,"EVE,SUN","COV,LEE",AVL-COV-EVE-LEE-LIV,5,1+1+1+1+1,0,2.4792,93.8,12.5,-0.1361,2.508508,False,
AVL-EVE-EVE-MCI-SUN,4,2+1+1+1,1,2.6364,2.8,2.5,-0.2732,2,"AVL,EVE","CHE,COV",CHE-COV-EVE-MCI-SUN,5,1+1+1+1+1,1,2.4792,100.0,12.5,-0.1133,2.508508,False,
AVL-IPS-LEE-TOT-TOT,4,2+1+1+1,0,2.6364,2.8,2.5,-0.2732,2,"IPS,TOT","FUL,NFO",AVL-FUL-LEE-NFO-TOT,5,1+1+1+1+1,0,2.4792,100.0,0.0,-0.2008,2.508508,False,
BHA-EVE-EVE-LIV-MUN,4,2+1+1+1,0,2.6364,2.8,2.5,-0.2732,2,"EVE,MUN","COV,NFO",BHA-COV-EVE-LIV-NFO,5,1+1+1+1+1,0,2.4792,100.0,18.8,-0.1308,2.508508,False,
BHA-EVE-EVE-LIV-SUN,4,2+1+1+1,1,2.6364,2.8,2.5,-0.2732,2,"EVE,SUN","COV,NFO",BHA-COV-EVE-LIV-NFO,5,1+1+1+1+1,0,2.4792,100.0,18.8,-0.1308,2.508508,False,
BHA-EVE-EVE-MCI-SUN,4,2+1+1+1,1,2.6364,2.8,2.5,-0.2732,2,"EVE,EVE","COV,LIV",BHA-COV-LIV-MCI-SUN,5,1+1+1+1+1,1,2.4792,100.0,25.0,-0.1292,2.508508,False,
EVE-MCI-NFO-TOT-TOT,4,2+1+1+1,0,2.6364,2.8,2.5,-0.2732,2,"MCI,TOT","CHE,FUL",CHE-EVE-FUL-NFO-TOT,5,1+1+1+1+1,0,2.4792,100.0,6.2,-0.1683,2.508508,False,
CHE-IPS-LEE-MCI-MCI,4,2+1+1+1,0,2.6364,2.8,2.5,-0.2701,2,"LEE,MCI","LIV,NEW",CHE-IPS-LIV-MCI-NEW,5,1+1+1+1+1,0,2.4792,100.0,12.5,-0.1753,2.508508,False,
BRE-CHE-CHE-CRY-NFO,4,2+1+1+1,0,2.6364,2.8,2.5,-0.269,2,"CHE,CRY","AVL,BOU",AVL-BOU-BRE-CHE-NFO,5,1+1+1+1+1,0,2.4792,100.0,6.2,-0.1001,2.508508,False,
CHE-CRY-CRY-LIV-SUN,4,2+1+1+1,1,2.6364,2.8,2.5,-0.2512,2,"CRY,CRY","BOU,NFO",BOU-CHE-LIV-NFO-SUN,5,1+1+1+1+1,1,2.4792,100.0,18.8,-0.0575,2.508508,False,
CHE-CRY-CRY-MCI-SUN,4,2+1+1+1,1,2.6364,2.8,2.5,-0.2512,2,"CRY,CRY","COV,EVE",CHE-COV-EVE-MCI-SUN,5,1+1+1+1+1,1,2.4792,100.0,12.5,-0.1133,2.508508,False,
IPS-LEE-MCI-MCI-TOT,4,2+1+1+1,0,2.6364,2.8,2.5,-0.25,2,"MCI,TOT","COV,FUL",COV-FUL-IPS-LEE-MCI,5,1+1+1+1+1,0,2.4792,100.0,18.8,-0.1204,2.508508,False,
IPS-LEE-MCI-TOT-TOT,4,2+1+1+1,0,2.6364,2.8,2.5,-0.25,2,"TOT,TOT","COV,FUL",COV-FUL-IPS-LEE-MCI,5,1+1+1+1+1,0,2.4792,100.0,18.8,-0.1204,2.508508,False,
AVL-AVL-EVE-LEE-MUN,4,2+1+1+1,0,2.6364,2.8,2.5,-0.2464,2,"EVE,MUN","CHE,COV",AVL-AVL-CHE-COV-LEE,4,2+1+1+1,0,2.4792,100.0,31.2,-0.1583,2.508508,False,
AVL-AVL-EVE-LEE-SUN,4,2+1+1+1,1,2.6364,2.8,2.5,-0.2464,2,"EVE,SUN","CHE,COV",AVL-AVL-CHE-COV-LEE,4,2+1+1+1,0,2.4792,100.0,31.2,-0.1583,2.508508,False,
ARS-AVL-EVE-LIV-TOT,5,1+1+1+1+1,0,2.6364,2.8,2.5,-0.2366,2,"EVE,TOT","BOU,COV",ARS-AVL-BOU-COV-LIV,5,1+1+1+1+1,0,2.4792,100.0,12.5,-0.124,2.508508,False,
ARS-AVL-EVE-MCI-TOT,5,1+1+1+1+1,0,2.6364,2.8,2.5,-0.2366,2,"EVE,TOT","COV,LIV",ARS-AVL-COV-LIV-MCI,5,1+1+1+1+1,0,2.4792,100.0,12.5,-0.0988,2.508508,False,
ARS-BHA-EVE-LIV-TOT,5,1+1+1+1+1,0,2.6364,2.8,2.5,-0.2366,2,"ARS,TOT","COV,NFO",BHA-COV-EVE-LIV-NFO,5,1+1+1+1+1,0,2.4792,100.0,18.8,-0.1308,2.508508,False,
AVL-EVE-IPS-LIV-TOT,5,1+1+1+1+1,0,2.6364,2.8,2.5,-0.2366,2,"AVL,IPS","NEW,NFO",EVE-LIV-NEW-NFO-TOT,5,1+1+1+1+1,0,2.4792,100.0,25.0,-0.1014,2.508508,False,
AVL-EVE-IPS-MCI-TOT,5,1+1+1+1+1,0,2.6364,2.8,2.5,-0.2366,2,"AVL,EVE","CHE,FUL",CHE-FUL-IPS-MCI-TOT,5,1+1+1+1+1,0,2.4792,100.0,18.8,-0.1129,2.508508,False,
BHA-EVE-IPS-LIV-TOT,5,1+1+1+1+1,0,2.6364,2.8,2.5,-0.2366,2,"IPS,TOT","COV,NFO",BHA-COV-EVE-LIV-NFO,5,1+1+1+1+1,0,2.4792,100.0,18.8,-0.1308,2.508508,False,
BHA-EVE-IPS-MCI-TOT,5,1+1+1+1+1,0,2.6364,2.8,2.5,-0.2366,2,"BHA,EVE","CHE,FUL",CHE-FUL-IPS-MCI-TOT,5,1+1+1+1+1,0,2.4792,100.0,18.8,-0.1129,2.508508,False,
CHE-CRY-CRY-TOT-SUN,4,2+1+1+1,1,2.6364,2.8,2.5,-0.2311,2,"CRY,CRY","BOU,NFO",BOU-CHE-NFO-TOT-SUN,5,1+1+1+1+1,1,2.4792,100.0,12.5,-0.1412,2.508508,False,
AVL-AVL-CHE-CRY-MUN,4,2+1+1+1,0,2.6364,2.8,2.5,-0.2275,2,"CRY,MUN","COV,LEE",AVL-AVL-CHE-COV-LEE,4,2+1+1+1,0,2.4792,100.0,31.2,-0.1583,2.508508,False,
AVL-AVL-CHE-CRY-SUN,4,2+1+1+1,1,2.6364,2.8,2.5,-0.2275,2,"CRY,SUN","COV,LEE",AVL-AVL-CHE-COV-LEE,4,2+1+1+1,0,2.4792,100.0,31.2,-0.1583,2.508508,False,
ARS-CHE-CRY-MCI-TOT,5,1+1+1+1+1,0,2.6364,2.8,2.5,-0.2256,2,"ARS,CRY","FUL,NEW",CHE-FUL-MCI-NEW-TOT,5,1+1+1+1+1,0,2.4792,100.0,12.5,-0.1474,2.508508,False,
CHE-CRY-IPS-LIV-TOT,5,1+1+1+1+1,0,2.6364,2.8,2.5,-0.2256,2,"CRY,TOT","BOU,NEW",BOU-CHE-IPS-LIV-NEW,5,1+1+1+1+1,0,2.4792,100.0,12.5,-0.1874,2.508508,False,
CHE-CRY-IPS-MCI-TOT,5,1+1+1+1+1,0,2.6364,2.8,2.5,-0.2256,2,"CRY,TOT","LIV,NEW",CHE-IPS-LIV-MCI-NEW,5,1+1+1+1+1,0,2.4792,100.0,12.5,-0.1753,2.508508,False,
BHA-EVE-MCI-NFO-TOT,5,1+1+1+1+1,0,2.6364,2.8,2.5,-0.2232,2,"BHA,MCI","CHE,FUL",CHE-EVE-FUL-NFO-TOT,5,1+1+1+1+1,0,2.4792,100.0,6.2,-0.1683,2.508508,False,
ARS-BRE-BRE-EVE-LIV,4,2+1+1+1,0,2.6364,2.8,2.5,-0.2,2,"BRE,BRE","BOU,COV",ARS-BOU-COV-EVE-LIV,5,1+1+1+1+1,0,2.4792,100.0,18.8,-0.0922,2.508508,False,
ARS-BRE-EVE-LIV-LIV,4,2+1+1+1,0,2.6364,2.8,2.5,-0.2,2,"BRE,LIV","BOU,COV",ARS-BOU-COV-EVE-LIV,5,1+1+1+1+1,0,2.4792,100.0,18.8,-0.0922,2.508508,False,
ARS-EVE-LIV-TOT-TOT,4,2+1+1+1,0,2.6364,2.8,2.5,-0.2,2,"ARS,TOT","NEW,NFO",EVE-LIV-NEW-NFO-TOT,5,1+1+1+1+1,0,2.4792,100.0,25.0,-0.1014,2.508508,False,
BRE-BRE-EVE-IPS-MCI,4,2+1+1+1,0,2.6364,2.8,2.5,-0.2,2,"BRE,BRE","CHE,COV",CHE-COV-EVE-IPS-MCI,5,1+1+1+1+1,0,2.4792,100.0,18.8,-0.0363,2.508508,False,
BRE-EVE-IPS-MCI-MCI,4,2+1+1+1,0,2.6364,2.8,2.5,-0.2,2,"BRE,MCI","CHE,COV",CHE-COV-EVE-IPS-MCI,5,1+1+1+1+1,0,2.4792,100.0,18.8,-0.0363,2.508508,False,
CRY-IPS-MCI-MCI-TOT,4,2+1+1+1,0,2.6364,2.8,2.5,-0.2,2,"CRY,MCI","CHE,FUL",CHE-FUL-IPS-MCI-TOT,5,1+1+1+1+1,0,2.4792,100.0,18.8,-0.1129,2.508508,False,
EVE-IPS-LIV-TOT-TOT,4,2+1+1+1,0,2.6364,2.8,2.5,-0.2,2,"IPS,TOT","NEW,NFO",EVE-LIV-NEW-NFO-TOT,5,1+1+1+1+1,0,2.4792,100.0,25.0,-0.1014,2.508508,False,
EVE-IPS-MCI-TOT-TOT,4,2+1+1+1,0,2.6364,2.8,2.5,-0.2,2,"EVE,TOT","CHE,FUL",CHE-FUL-IPS-MCI-TOT,5,1+1+1+1+1,0,2.4792,100.0,18.8,-0.1129,2.508508,False,
CHE-CRY-IPS-LIV-LIV,4,2+1+1+1,0,2.6364,2.8,2.5,-0.1957,2,"CRY,LIV","BOU,NEW",BOU-CHE-IPS-LIV-NEW,5,1+1+1+1+1,0,2.4792,100.0,12.5,-0.1874,2.508508,False,
CHE-CRY-IPS-MCI-MCI,4,2+1+1+1,0,2.6364,2.8,2.5,-0.1957,2,"CRY,MCI","LIV,NEW",CHE-IPS-LIV-MCI-NEW,5,1+1+1+1+1,0,2.4792,100.0,12.5,-0.1753,2.508508,False,
AVL-BRE-EVE-LEE-MUN,5,1+1+1+1+1,0,2.6364,2.8,2.5,-0.1866,2,"BRE,MUN","CHE,COV",AVL-CHE-COV-EVE-LEE,5,1+1+1+1+1,0,2.4792,100.0,12.5,-0.128,2.508508,False,
AVL-BRE-EVE-LEE-SUN,5,1+1+1+1+1,1,2.6364,2.8,2.5,-0.1866,2,"BRE,SUN","CHE,COV",AVL-CHE-COV-EVE-LEE,5,1+1+1+1+1,0,2.4792,100.0,12.5,-0.128,2.508508,False,
AVL-CRY-LEE-MUN-TOT,5,1+1+1+1+1,0,2.6364,2.8,2.5,-0.1866,2,"CRY,MUN","FUL,NFO",AVL-FUL-LEE-NFO-TOT,5,1+1+1+1+1,0,2.4792,100.0,0.0,-0.2008,2.508508,False,
AVL-CRY-LEE-TOT-SUN,5,1+1+1+1+1,1,2.6364,2.8,2.5,-0.1866,2,"CRY,SUN","FUL,NFO",AVL-FUL-LEE-NFO-TOT,5,1+1+1+1+1,0,2.4792,100.0,0.0,-0.2008,2.508508,False,
BHA-EVE-LEE-LIV-MUN,5,1+1+1+1+1,0,2.6364,2.8,2.5,-0.1866,2,"LEE,MUN","COV,NFO",BHA-COV-EVE-LIV-NFO,5,1+1+1+1+1,0,2.4792,100.0,18.8,-0.1308,2.508508,False,
BHA-EVE-LEE-LIV-SUN,5,1+1+1+1+1,1,2.6364,2.8,2.5,-0.1866,2,"LEE,SUN","COV,NFO",BHA-COV-EVE-LIV-NFO,5,1+1+1+1+1,0,2.4792,100.0,18.8,-0.1308,2.508508,False,
CHE-CRY-LEE-MCI-SUN,5,1+1+1+1+1,1,2.6364,2.8,2.5,-0.1756,2,"CRY,LEE","COV,EVE",CHE-COV-EVE-MCI-SUN,5,1+1+1+1+1,1,2.4792,100.0,12.5,-0.1133,2.508508,False,
BRE-CHE-IPS-LEE-MCI,5,1+1+1+1+1,0,2.6364,2.8,2.5,-0.1701,2,"BRE,LEE","LIV,NEW",CHE-IPS-LIV-MCI-NEW,5,1+1+1+1+1,0,2.4792,100.0,12.5,-0.1753,2.508508,False,
ARS-AVL-EVE-LIV-LIV,4,2+1+1+1,0,2.6364,2.8,2.5,-0.1634,2,"EVE,LIV","BOU,COV",ARS-AVL-BOU-COV-LIV,5,1+1+1+1+1,0,2.4792,100.0,12.5,-0.124,2.508508,False,
ARS-AVL-EVE-MCI-MCI,4,2+1+1+1,0,2.6364,2.8,2.5,-0.1634,2,"EVE,MCI","COV,LIV",ARS-AVL-COV-LIV-MCI,5,1+1+1+1+1,0,2.4792,100.0,12.5,-0.0988,2.508508,False,
ARS-BHA-EVE-LIV-LIV,4,2+1+1+1,0,2.6364,2.8,2.5,-0.1634,2,"ARS,LIV","COV,NFO",BHA-COV-EVE-LIV-NFO,5,1+1+1+1+1,0,2.4792,100.0,18.8,-0.1308,2.508508,False,
AVL-EVE-IPS-LIV-LIV,4,2+1+1+1,0,2.6364,2.8,2.5,-0.1634,2,"IPS,LIV","COV,LEE",AVL-COV-EVE-LEE-LIV,5,1+1+1+1+1,0,2.4792,93.8,12.5,-0.1361,2.508508,False,
AVL-EVE-IPS-MCI-MCI,4,2+1+1+1,0,2.6364,2.8,2.5,-0.1634,2,"EVE,MCI","CHE,NFO",AVL-CHE-IPS-MCI-NFO,5,1+1+1+1+1,0,2.4792,100.0,18.8,-0.0641,2.508508,False,
BHA-EVE-IPS-LIV-LIV,4,2+1+1+1,0,2.6364,2.8,2.5,-0.1634,2,"IPS,LIV","COV,NFO",BHA-COV-EVE-LIV-NFO,5,1+1+1+1+1,0,2.4792,100.0,18.8,-0.1308,2.508508,False,
BHA-EVE-IPS-MCI-MCI,4,2+1+1+1,0,2.6364,2.8,2.5,-0.1634,2,"BHA,MCI","CHE,COV",CHE-COV-EVE-IPS-MCI,5,1+1+1+1+1,0,2.4792,100.0,18.8,-0.0363,2.508508,False,
CHE-CRY-IPS-TOT-TOT,4,2+1+1+1,0,2.6364,2.8,2.5,-0.1555,2,"CRY,TOT","FUL,MCI",CHE-FUL-IPS-MCI-TOT,5,1+1+1+1+1,0,2.4792,100.0,18.8,-0.1129,2.508508,False,
ARS-AVL-AVL-LIV-TOT,4,2+1+1+1,0,2.6364,2.8,2.5,-0.15,2,"AVL,TOT","BOU,COV",ARS-AVL-BOU-COV-LIV,5,1+1+1+1+1,0,2.4792,100.0,12.5,-0.124,2.508508,False,
ARS-AVL-AVL-MCI-TOT,4,2+1+1+1,0,2.6364,2.8,2.5,-0.15,2,"AVL,TOT","COV,LIV",ARS-AVL-COV-LIV-MCI,5,1+1+1+1+1,0,2.4792,100.0,12.5,-0.0988,2.508508,False,
ARS-BHA-LEE-LIV-TOT,5,1+1+1+1+1,0,2.6364,2.8,2.5,-0.15,2,"ARS,TOT","AVL,NFO",AVL-BHA-LEE-LIV-NFO,5,1+1+1+1+1,0,2.4792,100.0,12.5,-0.1076,2.508508,False,
ARS-BHA-LEE-MCI-TOT,5,1+1+1+1+1,0,2.6364,2.8,2.5,-0.15,2,"ARS,TOT","COV,FUL",BHA-COV-FUL-LEE-MCI,5,1+1+1+1+1,0,2.4792,100.0,12.5,-0.149,2.508508,False,
ARS-CHE-CHE-MCI-TOT,4,2+1+1+1,0,2.6364,2.8,2.5,-0.15,2,"ARS,CHE","FUL,NEW",CHE-FUL-MCI-NEW-TOT,5,1+1+1+1+1,0,2.4792,100.0,12.5,-0.1474,2.508508,False,
ARS-CHE-LEE-MCI-TOT,5,1+1+1+1+1,0,2.6364,2.8,2.5,-0.15,2,"ARS,MCI","FUL,NFO",CHE-FUL-LEE-NFO-TOT,5,1+1+1+1+1,0,2.4792,100.0,6.2,-0.1838,2.508508,False,
ARS-LEE-LIV-MCI-TOT,5,1+1+1+1+1,0,2.6364,2.8,2.5,-0.15,2,"LEE,TOT","AVL,COV",ARS-AVL-COV-LIV-MCI,5,1+1+1+1+1,0,2.4792,100.0,12.5,-0.0988,2.508508,False,
AVL-AVL-IPS-MCI-TOT,4,2+1+1+1,0,2.6364,2.8,2.5,-0.15,2,"AVL,AVL","CHE,FUL",CHE-FUL-IPS-MCI-TOT,5,1+1+1+1+1,0,2.4792,100.0,18.8,-0.1129,2.508508,False,
BHA-BHA-IPS-MCI-TOT,4,2+1+1+1,0,2.6364,2.8,2.5,-0.15,2,"BHA,BHA","CHE,FUL",CHE-FUL-IPS-MCI-TOT,5,1+1+1+1+1,0,2.4792,100.0,18.8,-0.1129,2.508508,False,
BHA-IPS-LEE-LIV-TOT,5,1+1+1+1+1,0,2.6364,2.8,2.5,-0.15,2,"IPS,TOT","AVL,NFO",AVL-BHA-LEE-LIV-NFO,5,1+1+1+1+1,0,2.4792,100.0,12.5,-0.1076,2.508508,False,
BHA-IPS-LEE-MCI-TOT,5,1+1+1+1+1,0,2.6364,2.8,2.5,-0.15,2,"IPS,TOT","COV,FUL",BHA-COV-FUL-LEE-MCI,5,1+1+1+1+1,0,2.4792,100.0,12.5,-0.149,2.508508,False,
CHE-CHE-IPS-LIV-TOT,4,2+1+1+1,0,2.6364,2.8,2.5,-0.15,2,"CHE,TOT","BOU,NEW",BOU-CHE-IPS-LIV-NEW,5,1+1+1+1+1,0,2.4792,100.0,12.5,-0.1874,2.508508,False,
CHE-CHE-IPS-MCI-TOT,4,2+1+1+1,0,2.6364,2.8,2.5,-0.15,2,"CHE,TOT","LIV,NEW",CHE-IPS-LIV-MCI-NEW,5,1+1+1+1+1,0,2.4792,100.0,12.5,-0.1753,2.508508,False,
CHE-IPS-LEE-MCI-TOT,5,1+1+1+1+1,0,2.6364,2.8,2.5,-0.15,2,"IPS,MCI","FUL,NFO",CHE-FUL-LEE-NFO-TOT,5,1+1+1+1+1,0,2.4792,100.0,6.2,-0.1838,2.508508,False,
IPS-LEE-LIV-MCI-TOT,5,1+1+1+1+1,0,2.6364,2.8,2.5,-0.15,2,"LEE,TOT","CHE,NEW",CHE-IPS-LIV-MCI-NEW,5,1+1+1+1+1,0,2.4792,100.0,12.5,-0.1753,2.508508,False,
ARS-AVL-AVL-BRE-CHE,4,2+1+1+1,0,2.6364,2.8,2.5,-0.1488,2,"ARS,BRE","COV,LEE",AVL-AVL-CHE-COV-LEE,4,2+1+1+1,0,2.4792,100.0,31.2,-0.1583,2.508508,False,
ARS-BHA-BHA-CHE-LIV,4,2+1+1+1,0,2.6364,2.8,2.5,-0.1488,2,"ARS,BHA","BOU,NFO",BOU-BHA-CHE-LIV-NFO,5,1+1+1+1+1,0,2.4792,93.8,18.8,-0.0479,2.508508,False,
ARS-BHA-BHA-CHE-MCI,4,2+1+1+1,0,2.6364,2.8,2.5,-0.1488,2,"ARS,BHA","COV,NFO",BHA-CHE-COV-MCI-NFO,5,1+1+1+1+1,0,2.4792,100.0,18.8,-0.0611,2.508508,False,
AVL-AVL-BRE-CHE-IPS,4,2+1+1+1,0,2.6364,2.8,2.5,-0.1488,2,"BRE,IPS","COV,LEE",AVL-AVL-CHE-COV-LEE,4,2+1+1+1,0,2.4792,100.0,31.2,-0.1583,2.508508,False,
BHA-BHA-CHE-IPS-LIV,4,2+1+1+1,0,2.6364,2.8,2.5,-0.1488,2,"BHA,BHA","BOU,NEW",BOU-CHE-IPS-LIV-NEW,5,1+1+1+1+1,0,2.4792,100.0,12.5,-0.1874,2.508508,False,
BHA-BHA-CHE-IPS-MCI,4,2+1+1+1,0,2.6364,2.8,2.5,-0.1488,2,"BHA,BHA","LIV,NEW",CHE-IPS-LIV-MCI-NEW,5,1+1+1+1+1,0,2.4792,100.0,12.5,-0.1753,2.508508,False,
ARS-AVL-CHE-CHE-TOT,4,2+1+1+1,0,2.6364,2.8,2.5,-0.144,2,"ARS,CHE","FUL,NFO",AVL-CHE-FUL-NFO-TOT,5,1+1+1+1+1,0,2.4792,100.0,12.5,-0.1683,2.508508,False,
AVL-CHE-CHE-IPS-TOT,4,2+1+1+1,0,2.6364,2.8,2.5,-0.144,2,"CHE,IPS","FUL,NFO",AVL-CHE-FUL-NFO-TOT,5,1+1+1+1+1,0,2.4792,100.0,12.5,-0.1683,2.508508,False,
BHA-CHE-CHE-IPS-TOT,4,2+1+1+1,0,2.6364,2.8,2.5,-0.144,2,"BHA,CHE","FUL,MCI",CHE-FUL-IPS-MCI-TOT,5,1+1+1+1+1,0,2.4792,100.0,18.8,-0.1129,2.508508,False,
ARS-BHA-CHE-LEE-TOT,5,1+1+1+1+1,0,2.6364,2.8,2.5,-0.1403,2,"ARS,BHA","FUL,NFO",CHE-FUL-LEE-NFO-TOT,5,1+1+1+1+1,0,2.4792,100.0,6.2,-0.1838,2.508508,False,
BHA-CHE-IPS-LEE-TOT,5,1+1+1+1+1,0,2.6364,2.8,2.5,-0.1403,2,"BHA,IPS","FUL,NFO",CHE-FUL-LEE-NFO-TOT,5,1+1+1+1+1,0,2.4792,100.0,6.2,-0.1838,2.508508,False,
ARS-BHA-CHE-LEE-MCI,5,1+1+1+1+1,0,2.6364,2.8,2.5,-0.1372,2,"ARS,CHE","COV,FUL",BHA-COV-FUL-LEE-MCI,5,1+1+1+1+1,0,2.4792,100.0,12.5,-0.149,2.508508,False,
BHA-CHE-IPS-LEE-MCI,5,1+1+1+1+1,0,2.6364,2.8,2.5,-0.1372,2,"BHA,LEE","LIV,NEW",CHE-IPS-LIV-MCI-NEW,5,1+1+1+1+1,0,2.4792,100.0,12.5,-0.1753,2.508508,False,
AVL-LEE-LEE-MUN-TOT,4,2+1+1+1,0,2.6364,2.8,2.5,-0.1232,2,"LEE,MUN","FUL,NFO",AVL-FUL-LEE-NFO-TOT,5,1+1+1+1+1,0,2.4792,100.0,0.0,-0.2008,2.508508,False,
AVL-LEE-LEE-TOT-SUN,4,2+1+1+1,1,2.6364,2.8,2.5,-0.1232,2,"LEE,SUN","FUL,NFO",AVL-FUL-LEE-NFO-TOT,5,1+1+1+1+1,0,2.4792,100.0,0.0,-0.2008,2.508508,False,
BRE-BRE-CHE-CRY-NFO,4,2+1+1+1,0,2.6364,2.8,2.5,-0.1107,2,"BRE,CRY","AVL,BOU",AVL-BOU-BRE-CHE-NFO,5,1+1+1+1+1,0,2.4792,100.0,6.2,-0.1001,2.508508,False,
ARS-CRY-LIV-MCI-TOT,5,1+1+1+1+1,0,2.6364,2.8,2.5,-0.1,2,"ARS,TOT","AVL,NEW",AVL-CRY-LIV-MCI-NEW,5,1+1+1+1+1,0,2.4792,100.0,12.5,-0.1535,2.508508,False,
BHA-LEE-LEE-LIV-MUN,4,2+1+1+1,0,2.6364,2.8,2.5,-0.1,2,"LEE,MUN","AVL,NFO",AVL-BHA-LEE-LIV-NFO,5,1+1+1+1+1,0,2.4792,100.0,12.5,-0.1076,2.508508,False,
BHA-LEE-LEE-LIV-SUN,4,2+1+1+1,1,2.6364,2.8,2.5,-0.1,2,"LEE,LEE","COV,MCI",BHA-COV-LIV-MCI-SUN,5,1+1+1+1+1,1,2.4792,100.0,25.0,-0.1292,2.508508,False,
BHA-LEE-LEE-MCI-MUN,4,2+1+1+1,0,2.6364,2.8,2.5,-0.1,2,"LEE,MUN","COV,FUL",BHA-COV-FUL-LEE-MCI,5,1+1+1+1+1,0,2.4792,100.0,12.5,-0.149,2.508508,False,
BHA-LEE-LEE-MCI-SUN,4,2+1+1+1,1,2.6364,2.8,2.5,-0.1,2,"LEE,SUN","COV,FUL",BHA-COV-FUL-LEE-MCI,5,1+1+1+1+1,0,2.4792,100.0,12.5,-0.149,2.508508,False,
CHE-LEE-LEE-MCI-SUN,4,2+1+1+1,1,2.6364,2.8,2.5,-0.1,2,"LEE,LEE","COV,EVE",CHE-COV-EVE-MCI-SUN,5,1+1+1+1+1,1,2.4792,100.0,12.5,-0.1133,2.508508,False,
CRY-IPS-LIV-MCI-TOT,5,1+1+1+1+1,0,2.6364,2.8,2.5,-0.1,2,"CRY,TOT","CHE,NEW",CHE-IPS-LIV-MCI-NEW,5,1+1+1+1+1,0,2.4792,100.0,12.5,-0.1753,2.508508,False,
CRY-MCI-MCI-NFO-TOT,4,2+1+1+1,0,2.6364,2.8,2.5,-0.1,2,"MCI,MCI","BOU,FUL",BOU-CRY-FUL-NFO-TOT,5,1+1+1+1+1,0,2.4792,100.0,18.8,-0.177,2.508508,False,
LEE-LEE-LIV-MCI-SUN,4,2+1+1+1,1,2.6364,2.8,2.5,-0.1,2,"LEE,LEE","BHA,COV",BHA-COV-LIV-MCI-SUN,5,1+1+1+1+1,1,2.4792,100.0,25.0,-0.1292,2.508508,False,
BRE-CHE-CRY-IPS-LIV,5,1+1+1+1+1,0,2.6364,2.8,2.5,-0.0957,2,"BRE,CRY","BOU,NEW",BOU-CHE-IPS-LIV-NEW,5,1+1+1+1+1,0,2.4792,100.0,12.5,-0.1874,2.508508,False,
BRE-CHE-CRY-IPS-MCI,5,1+1+1+1+1,0,2.6364,2.8,2.5,-0.0957,2,"BRE,CRY","LIV,NEW",CHE-IPS-LIV-MCI-NEW,5,1+1+1+1+1,0,2.4792,100.0,12.5,-0.1753,2.508508,False,
ARS-AVL-BRE-EVE-LIV,5,1+1+1+1+1,0,2.6364,2.8,2.5,-0.0634,2,"BRE,EVE","BOU,COV",ARS-AVL-BOU-COV-LIV,5,1+1+1+1+1,0,2.4792,100.0,12.5,-0.124,2.508508,False,
ARS-AVL-BRE-EVE-MCI,5,1+1+1+1+1,0,2.6364,2.8,2.5,-0.0634,2,"ARS,EVE","COV,FUL",AVL-BRE-COV-FUL-MCI,5,1+1+1+1+1,0,2.4792,100.0,18.8,-0.1384,2.508508,False,
ARS-BRE-BHA-EVE-LIV,5,1+1+1+1+1,0,2.6364,2.8,2.5,-0.0634,2,"ARS,BRE","COV,NFO",BHA-COV-EVE-LIV-NFO,5,1+1+1+1+1,0,2.4792,100.0,18.8,-0.1308,2.508508,False,
AVL-BRE-BRE-EVE-NFO,4,2+1+1+1,0,2.6364,2.8,2.5,-0.0634,2,"BRE,EVE","BOU,COV",AVL-BOU-BRE-COV-NFO,5,1+1+1+1+1,0,2.4792,100.0,18.8,-0.14,2.508508,False,
AVL-BRE-EVE-IPS-MCI,5,1+1+1+1+1,0,2.6364,2.8,2.5,-0.0634,2,"EVE,IPS","COV,FUL",AVL-BRE-COV-FUL-MCI,5,1+1+1+1+1,0,2.4792,100.0,18.8,-0.1384,2.508508,False,
BRE-BRE-BHA-EVE-NFO,4,2+1+1+1,0,2.6364,2.8,2.5,-0.0634,2,"BRE,BRE","COV,LIV",BHA-COV-EVE-LIV-NFO,5,1+1+1+1+1,0,2.4792,100.0,18.8,-0.1308,2.508508,False,
BRE-BHA-EVE-IPS-LIV,5,1+1+1+1+1,0,2.6364,2.8,2.5,-0.0634,2,"BRE,IPS","COV,NFO",BHA-COV-EVE-LIV-NFO,5,1+1+1+1+1,0,2.4792,100.0,18.8,-0.1308,2.508508,False,
BRE-BHA-EVE-IPS-MCI,5,1+1+1+1+1,0,2.6364,2.8,2.5,-0.0634,2,"BHA,BRE","CHE,COV",CHE-COV-EVE-IPS-MCI,5,1+1+1+1+1,0,2.4792,100.0,18.8,-0.0363,2.508508,False,
BHA-EVE-MCI-MCI-NFO,4,2+1+1+1,0,2.6364,2.8,2.5,-0.0634,2,"MCI,MCI","COV,LIV",BHA-COV-EVE-LIV-NFO,5,1+1+1+1+1,0,2.4792,100.0,18.8,-0.1308,2.508508,False,
AVL-EVE-LEE-MUN-TOT,5,1+1+1+1+1,0,2.6364,2.8,2.5,-0.0598,2,"EVE,MUN","FUL,NFO",AVL-FUL-LEE-NFO-TOT,5,1+1+1+1+1,0,2.4792,100.0,0.0,-0.2008,2.508508,False,
AVL-EVE-LEE-TOT-SUN,5,1+1+1+1+1,1,2.6364,2.8,2.5,-0.0598,2,"EVE,SUN","FUL,NFO",AVL-FUL-LEE-NFO-TOT,5,1+1+1+1+1,0,2.4792,100.0,0.0,-0.2008,2.508508,False,
BHA-EVE-LEE-MUN-TOT,5,1+1+1+1+1,0,2.6364,2.8,2.5,-0.0598,2,"BHA,MUN","COV,FUL",COV-EVE-FUL-LEE-TOT,5,1+1+1+1+1,0,2.4792,100.0,6.2,-0.1706,2.508508,False,
BHA-EVE-LEE-TOT-SUN,5,1+1+1+1+1,1,2.6364,2.8,2.5,-0.0598,2,"BHA,SUN","COV,FUL",COV-EVE-FUL-LEE-TOT,5,1+1+1+1+1,0,2.4792,100.0,6.2,-0.1706,2.508508,False,
BRE-BHA-BHA-CHE-NFO,4,2+1+1+1,0,2.6364,2.8,2.5,-0.0504,2,"BHA,BRE","BOU,NFO",BOU-BHA-CHE-NFO-NFO,4,2+1+1+1,0,2.4792,100.0,18.8,-0.1158,2.508508,False,
CRY-LEE-LIV-MCI-MUN,5,1+1+1+1+1,0,2.6364,2.8,2.5,-0.05,2,"LEE,MUN","AVL,NEW",AVL-CRY-LIV-MCI-NEW,5,1+1+1+1+1,0,2.4792,100.0,12.5,-0.1535,2.508508,False,
CRY-LEE-LIV-MCI-SUN,5,1+1+1+1+1,1,2.6364,2.8,2.5,-0.05,2,"LEE,SUN","AVL,NEW",AVL-CRY-LIV-MCI-NEW,5,1+1+1+1+1,0,2.4792,100.0,12.5,-0.1535,2.508508,False,
EVE-LEE-LIV-MUN-TOT,5,1+1+1+1+1,0,2.6364,2.8,2.5,-0.05,2,"LIV,MUN","COV,FUL",COV-EVE-FUL-LEE-TOT,5,1+1+1+1+1,0,2.4792,100.0,6.2,-0.1706,2.508508,False,
EVE-LEE-LIV-TOT-SUN,5,1+1+1+1+1,1,2.6364,2.8,2.5,-0.05,2,"LIV,SUN","COV,FUL",COV-EVE-FUL-LEE-TOT,5,1+1+1+1+1,0,2.4792,100.0,6.2,-0.1706,2.508508,False,
BHA-BHA-LIV-NFO-TOT,4,2+1+1+1,0,2.6364,2.8,2.5,-0.0366,2,"BHA,TOT","BOU,NEW",BOU-BHA-LIV-NEW-NFO,5,1+1+1+1+1,0,2.4792,100.0,12.5,-0.1525,2.508508,False,
BHA-BHA-MCI-NFO-TOT,4,2+1+1+1,0,2.6364,2.8,2.5,-0.0366,2,"BHA,TOT","LIV,NEW",BHA-LIV-MCI-NEW-NFO,5,1+1+1+1+1,0,2.4792,100.0,12.5,-0.1303,2.508508,False,
BHA-CRY-LEE-LIV-MUN,5,1+1+1+1+1,0,2.6364,2.8,2.5,-0.0134,2,"CRY,MUN","AVL,NFO",AVL-BHA-LEE-LIV-NFO,5,1+1+1+1+1,0,2.4792,100.0,12.5,-0.1076,2.508508,False,
BHA-CRY-LEE-LIV-SUN,5,1+1+1+1+1,1,2.6364,2.8,2.5,-0.0134,2,"CRY,LEE","COV,MCI",BHA-COV-LIV-MCI-SUN,5,1+1+1+1+1,1,2.4792,100.0,25.0,-0.1292,2.508508,False,
BHA-CRY-LEE-MCI-MUN,5,1+1+1+1+1,0,2.6364,2.8,2.5,-0.0134,2,"CRY,MUN","COV,FUL",BHA-COV-FUL-LEE-MCI,5,1+1+1+1+1,0,2.4792,100.0,12.5,-0.149,2.508508,False,
BHA-CRY-LEE-MCI-SUN,5,1+1+1+1+1,1,2.6364,2.8,2.5,-0.0134,2,"CRY,SUN","COV,FUL",BHA-COV-FUL-LEE-MCI,5,1+1+1+1+1,0,2.4792,100.0,12.5,-0.149,2.508508,False,
BRE-CHE-EVE-LEE-MUN,5,1+1+1+1+1,0,2.6364,2.8,2.5,-0.0055,2,"BRE,MUN","FUL,TOT",CHE-EVE-FUL-LEE-TOT,5,1+1+1+1+1,0,2.4792,100.0,12.5,-0.1443,2.508508,False,
BRE-CHE-EVE-LEE-SUN,5,1+1+1+1+1,1,2.6364,2.8,2.5,-0.0055,2,"BRE,SUN","FUL,TOT",CHE-EVE-FUL-LEE-TOT,5,1+1+1+1+1,0,2.4792,100.0,12.5,-0.1443,2.508508,False,
CHE-CRY-LEE-MUN-TOT,5,1+1+1+1+1,0,2.6364,2.8,2.5,-0.0055,2,"CRY,MUN","FUL,NFO",CHE-FUL-LEE-NFO-TOT,5,1+1+1+1+1,0,2.4792,100.0,6.2,-0.1838,2.508508,False,
CHE-CRY-LEE-TOT-SUN,5,1+1+1+1+1,1,2.6364,2.8,2.5,-0.0055,2,"CRY,SUN","FUL,NFO",CHE-FUL-LEE-NFO-TOT,5,1+1+1+1+1,0,2.4792,100.0,6.2,-0.1838,2.508508,False,
CRY-CRY-LIV-MCI-MUN,4,2+1+1+1,0,2.6364,2.8,2.5,-0.0,2,"CRY,MUN","AVL,NEW",AVL-CRY-LIV-MCI-NEW,5,1+1+1+1+1,0,2.4792,100.0,12.5,-0.1535,2.508508,False,
CRY-CRY-LIV-MCI-SUN,4,2+1+1+1,1,2.6364,2.8,2.5,-0.0,2,"CRY,SUN","AVL,NEW",AVL-CRY-LIV-MCI-NEW,5,1+1+1+1+1,0,2.4792,100.0,12.5,-0.1535,2.508508,False,
EVE-EVE-LIV-MUN-TOT,4,2+1+1+1,0,2.6364,2.8,2.5,-0.0,2,"EVE,MUN","NEW,NFO",EVE-LIV-NEW-NFO-TOT,5,1+1+1+1+1,0,2.4792,100.0,25.0,-0.1014,2.508508,False,
EVE-EVE-LIV-TOT-SUN,4,2+1+1+1,1,2.6364,2.8,2.5,-0.0,2,"EVE,SUN","NEW,NFO",EVE-LIV-NEW-NFO-TOT,5,1+1+1+1+1,0,2.4792,100.0,25.0,-0.1014,2.508508,False,
EVE-EVE-MCI-TOT-SUN,4,2+1+1+1,1,2.6364,2.8,2.5,-0.0,2,"EVE,TOT","CHE,COV",CHE-COV-EVE-MCI-SUN,5,1+1+1+1+1,1,2.4792,100.0,12.5,-0.1133,2.508508,False,
BHA-CHE-EVE-LEE-MUN,5,1+1+1+1+1,0,2.6364,2.8,2.5,0.0176,2,"BHA,MUN","FUL,TOT",CHE-EVE-FUL-LEE-TOT,5,1+1+1+1+1,0,2.4792,100.0,12.5,-0.1443,2.508508,False,
BHA-CHE-EVE-LEE-SUN,5,1+1+1+1+1,1,2.6364,2.8,2.5,0.0176,2,"BHA,SUN","FUL,TOT",CHE-EVE-FUL-LEE-TOT,5,1+1+1+1+1,0,2.4792,100.0,12.5,-0.1443,2.508508,False,
CHE-CRY-TOT-TOT-SUN,4,2+1+1+1,1,2.6364,2.8,2.5,0.0201,2,"CRY,TOT","BOU,NFO",BOU-CHE-NFO-TOT-SUN,5,1+1+1+1+1,1,2.4792,100.0,12.5,-0.1412,2.508508,False,
BRE-BHA-EVE-MCI-NFO,5,1+1+1+1+1,0,2.6364,2.8,2.5,0.0366,2,"BRE,MCI","COV,LIV",BHA-COV-EVE-LIV-NFO,5,1+1+1+1+1,0,2.4792,100.0,18.8,-0.1308,2.508508,False,
ARS-LEE-LIV-LIV-MCI,4,2+1+1+1,0,2.6364,2.8,2.5,0.05,2,"LEE,LIV","AVL,COV",ARS-AVL-COV-LIV-MCI,5,1+1+1+1+1,0,2.4792,100.0,12.5,-0.0988,2.508508,False,
ARS-LEE-LIV-MCI-MCI,4,2+1+1+1,0,2.6364,2.8,2.5,0.05,2,"LEE,MCI","AVL,COV",ARS-AVL-COV-LIV-MCI,5,1+1+1+1+1,0,2.4792,100.0,12.5,-0.0988,2.508508,False,
BRE-BRE-IPS-LEE-MCI,4,2+1+1+1,0,2.6364,2.8,2.5,0.05,2,"BRE,BRE","COV,FUL",COV-FUL-IPS-LEE-MCI,5,1+1+1+1+1,0,2.4792,100.0,18.8,-0.1204,2.508508,False,
BRE-IPS-LEE-MCI-MCI,4,2+1+1+1,0,2.6364,2.8,2.5,0.05,2,"BRE,MCI","COV,FUL",COV-FUL-IPS-LEE-MCI,5,1+1+1+1+1,0,2.4792,100.0,18.8,-0.1204,2.508508,False,
IPS-LEE-LIV-LIV-MCI,4,2+1+1+1,0,2.6364,2.8,2.5,0.05,2,"LEE,LIV","CHE,NEW",CHE-IPS-LIV-MCI-NEW,5,1+1+1+1+1,0,2.4792,100.0,12.5,-0.1753,2.508508,False,
IPS-LEE-LIV-MCI-MCI,4,2+1+1+1,0,2.6364,2.8,2.5,0.05,2,"LEE,MCI","CHE,NEW",CHE-IPS-LIV-MCI-NEW,5,1+1+1+1+1,0,2.4792,100.0,12.5,-0.1753,2.508508,False,
ARS-CHE-LEE-TOT-TOT,4,2+1+1+1,0,2.6364,2.8,2.5,0.0701,2,"ARS,TOT","FUL,NFO",CHE-FUL-LEE-NFO-TOT,5,1+1+1+1+1,0,2.4792,100.0,6.2,-0.1838,2.508508,False,
CHE-IPS-LEE-TOT-TOT,4,2+1+1+1,0,2.6364,2.8,2.5,0.0701,2,"IPS,TOT","FUL,NFO",CHE-FUL-LEE-NFO-TOT,5,1+1+1+1+1,0,2.4792,100.0,6.2,-0.1838,2.508508,False,
ARS-BHA-LEE-LIV-LIV,4,2+1+1+1,0,2.6364,2.8,2.5,0.0732,2,"ARS,LIV","AVL,NFO",AVL-BHA-LEE-LIV-NFO,5,1+1+1+1+1,0,2.4792,100.0,12.5,-0.1076,2.508508,False,
ARS-BHA-LEE-MCI-MCI,4,2+1+1+1,0,2.6364,2.8,2.5,0.0732,2,"ARS,MCI","COV,FUL",BHA-COV-FUL-LEE-MCI,5,1+1+1+1+1,0,2.4792,100.0,12.5,-0.149,2.508508,False,
AVL-AVL-CRY-LIV-MUN,4,2+1+1+1,0,2.6364,2.8,2.5,0.0732,2,"AVL,MUN","BOU,NEW",AVL-BOU-CRY-LIV-NEW,5,1+1+1+1+1,0,2.4792,100.0,6.2,-0.1674,2.508508,False,
AVL-AVL-CRY-LIV-SUN,4,2+1+1+1,1,2.6364,2.8,2.5,0.0732,2,"AVL,SUN","BOU,NEW",AVL-BOU-CRY-LIV-NEW,5,1+1+1+1+1,0,2.4792,100.0,6.2,-0.1674,2.508508,False,
AVL-AVL-CRY-MCI-MUN,4,2+1+1+1,0,2.6364,2.8,2.5,0.0732,2,"AVL,MUN","LIV,NEW",AVL-CRY-LIV-MCI-NEW,5,1+1+1+1+1,0,2.4792,100.0,12.5,-0.1535,2.508508,False,
AVL-AVL-CRY-MCI-SUN,4,2+1+1+1,1,2.6364,2.8,2.5,0.0732,2,"AVL,SUN","LIV,NEW",AVL-CRY-LIV-MCI-NEW,5,1+1+1+1+1,0,2.4792,100.0,12.5,-0.1535,2.508508,False,
BHA-BHA-CRY-LIV-MUN,4,2+1+1+1,0,2.6364,2.8,2.5,0.0732,2,"BHA,MUN","BOU,NFO",BOU-BHA-CRY-LIV-NFO,5,1+1+1+1+1,0,2.4792,100.0,18.8,-0.1001,2.508508,False,
BHA-BHA-CRY-LIV-SUN,4,2+1+1+1,1,2.6364,2.8,2.5,0.0732,2,"BHA,CRY","COV,MCI",BHA-COV-LIV-MCI-SUN,5,1+1+1+1+1,1,2.4792,100.0,25.0,-0.1292,2.508508,False,
BHA-BHA-CRY-MCI-MUN,4,2+1+1+1,0,2.6364,2.8,2.5,0.0732,2,"BHA,MUN","LIV,NFO",BHA-CRY-LIV-MCI-NFO,5,1+1+1+1+1,0,2.4792,100.0,25.0,-0.0977,2.508508,False,
BHA-BHA-CRY-MCI-SUN,4,2+1+1+1,1,2.6364,2.8,2.5,0.0732,2,"BHA,CRY","COV,LIV",BHA-COV-LIV-MCI-SUN,5,1+1+1+1+1,1,2.4792,100.0,25.0,-0.1292,2.508508,False,
BHA-IPS-LEE-LIV-LIV,4,2+1+1+1,0,2.6364,2.8,2.5,0.0732,2,"IPS,LIV","AVL,NFO",AVL-BHA-LEE-LIV-NFO,5,1+1+1+1+1,0,2.4792,100.0,12.5,-0.1076,2.508508,False,
BHA-IPS-LEE-MCI-MCI,4,2+1+1+1,0,2.6364,2.8,2.5,0.0732,2,"IPS,MCI","COV,FUL",BHA-COV-FUL-LEE-MCI,5,1+1+1+1+1,0,2.4792,100.0,12.5,-0.149,2.508508,False,
BRE-CHE-CHE-EVE-SUN,4,2+1+1+1,1,2.6364,2.8,2.5,0.089,2,"BRE,CHE","COV,MCI",CHE-COV-EVE-MCI-SUN,5,1+1+1+1+1,1,2.4792,100.0,12.5,-0.1133,2.508508,False,
CHE-CHE-CRY-TOT-SUN,4,2+1+1+1,1,2.6364,2.8,2.5,0.089,2,"CHE,CRY","BOU,NFO",BOU-CHE-NFO-TOT-SUN,5,1+1+1+1+1,1,2.4792,100.0,12.5,-0.1412,2.508508,False,
AVL-CHE-CHE-EVE-MUN,4,2+1+1+1,0,2.6364,2.8,2.5,0.1084,2,"CHE,MUN","COV,LEE",AVL-CHE-COV-EVE-LEE,5,1+1+1+1+1,0,2.4792,100.0,12.5,-0.128,2.508508,False,
AVL-CHE-CHE-EVE-SUN,4,2+1+1+1,1,2.6364,2.8,2.5,0.1084,2,"CHE,SUN","COV,LEE",AVL-CHE-COV-EVE-LEE,5,1+1+1+1+1,0,2.4792,100.0,12.5,-0.128,2.508508,False,
BHA-CHE-CHE-EVE-SUN,4,2+1+1+1,1,2.6364,2.8,2.5,0.1084,2,"BHA,CHE","COV,MCI",CHE-COV-EVE-MCI-SUN,5,1+1+1+1+1,1,2.4792,100.0,12.5,-0.1133,2.508508,False,
ARS-BRE-LEE-LIV-MCI,5,1+1+1+1+1,0,2.6364,2.8,2.5,0.15,2,"BRE,LEE","AVL,COV",ARS-AVL-COV-LIV-MCI,5,1+1+1+1+1,0,2.4792,100.0,12.5,-0.0988,2.508508,False,
BRE-IPS-LEE-LIV-MCI,5,1+1+1+1+1,0,2.6364,2.8,2.5,0.15,2,"BRE,LEE","CHE,NEW",CHE-IPS-LIV-MCI-NEW,5,1+1+1+1+1,0,2.4792,100.0,12.5,-0.1753,2.508508,False,
ARS-BRE-BHA-LEE-LIV,5,1+1+1+1+1,0,2.6364,2.8,2.5,0.1732,2,"ARS,BRE","AVL,NFO",AVL-BHA-LEE-LIV-NFO,5,1+1+1+1+1,0,2.4792,100.0,12.5,-0.1076,2.508508,False,
ARS-BRE-BHA-LEE-MCI,5,1+1+1+1+1,0,2.6364,2.8,2.5,0.1732,2,"ARS,BRE","COV,FUL",BHA-COV-FUL-LEE-MCI,5,1+1+1+1+1,0,2.4792,100.0,12.5,-0.149,2.508508,False,
ARS-BHA-LEE-LIV-MCI,5,1+1+1+1+1,0,2.6364,2.8,2.5,0.1732,2,"ARS,LIV","COV,FUL",BHA-COV-FUL-LEE-MCI,5,1+1+1+1+1,0,2.4792,100.0,12.5,-0.149,2.508508,False,
BRE-BHA-IPS-LEE-LIV,5,1+1+1+1+1,0,2.6364,2.8,2.5,0.1732,2,"BRE,IPS","AVL,NFO",AVL-BHA-LEE-LIV-NFO,5,1+1+1+1+1,0,2.4792,100.0,12.5,-0.1076,2.508508,False,
BRE-BHA-IPS-LEE-MCI,5,1+1+1+1+1,0,2.6364,2.8,2.5,0.1732,2,"BRE,IPS","COV,FUL",BHA-COV-FUL-LEE-MCI,5,1+1+1+1+1,0,2.4792,100.0,12.5,-0.149,2.508508,False,
BHA-IPS-LEE-LIV-MCI,5,1+1+1+1+1,0,2.6364,2.8,2.5,0.1732,2,"BHA,LEE","CHE,NEW",CHE-IPS-LIV-MCI-NEW,5,1+1+1+1+1,0,2.4792,100.0,12.5,-0.1753,2.508508,False,
CHE-LEE-LEE-MUN-TOT,4,2+1+1+1,0,2.6364,2.8,2.5,0.2201,2,"LEE,MUN","FUL,NFO",CHE-FUL-LEE-NFO-TOT,5,1+1+1+1+1,0,2.4792,100.0,6.2,-0.1838,2.508508,False,
CHE-LEE-LEE-TOT-SUN,4,2+1+1+1,1,2.6364,2.8,2.5,0.2201,2,"LEE,SUN","FUL,NFO",CHE-FUL-LEE-NFO-TOT,5,1+1+1+1+1,0,2.4792,100.0,6.2,-0.1838,2.508508,False,
ARS-CRY-LIV-LIV-MCI,4,2+1+1+1,0,2.6364,2.8,2.5,0.25,2,"ARS,LIV","AVL,NEW",AVL-CRY-LIV-MCI-NEW,5,1+1+1+1+1,0,2.4792,100.0,12.5,-0.1535,2.508508,False,
ARS-CRY-LIV-MCI-MCI,4,2+1+1+1,0,2.6364,2.8,2.5,0.25,2,"ARS,MCI","AVL,NEW",AVL-CRY-LIV-MCI-NEW,5,1+1+1+1+1,0,2.4792,100.0,12.5,-0.1535,2.508508,False,
CRY-IPS-LIV-LIV-MCI,4,2+1+1+1,0,2.6364,2.8,2.5,0.25,2,"CRY,LIV","CHE,NEW",CHE-IPS-LIV-MCI-NEW,5,1+1+1+1+1,0,2.4792,100.0,12.5,-0.1753,2.508508,False,
CRY-IPS-LIV-MCI-MCI,4,2+1+1+1,0,2.6364,2.8,2.5,0.25,2,"CRY,MCI","CHE,NEW",CHE-IPS-LIV-MCI-NEW,5,1+1+1+1+1,0,2.4792,100.0,12.5,-0.1753,2.508508,False,
ARS-BRE-BRE-LIV-MCI,4,2+1+1+1,0,2.6364,2.8,2.5,0.3,2,"BRE,BRE","AVL,COV",ARS-AVL-COV-LIV-MCI,5,1+1+1+1+1,0,2.4792,100.0,12.5,-0.0988,2.508508,False,
ARS-BRE-LIV-LIV-MCI,4,2+1+1+1,0,2.6364,2.8,2.5,0.3,2,"BRE,LIV","AVL,COV",ARS-AVL-COV-LIV-MCI,5,1+1+1+1+1,0,2.4792,100.0,12.5,-0.0988,2.508508,False,
ARS-BRE-LIV-MCI-MCI,4,2+1+1+1,0,2.6364,2.8,2.5,0.3,2,"BRE,MCI","AVL,COV",ARS-AVL-COV-LIV-MCI,5,1+1+1+1+1,0,2.4792,100.0,12.5,-0.0988,2.508508,False,
BRE-BRE-IPS-LIV-MCI,4,2+1+1+1,0,2.6364,2.8,2.5,0.3,2,"BRE,BRE","CHE,NEW",CHE-IPS-LIV-MCI-NEW,5,1+1+1+1+1,0,2.4792,100.0,12.5,-0.1753,2.508508,False,
BRE-IPS-LIV-LIV-MCI,4,2+1+1+1,0,2.6364,2.8,2.5,0.3,2,"BRE,LIV","CHE,NEW",CHE-IPS-LIV-MCI-NEW,5,1+1+1+1+1,0,2.4792,100.0,12.5,-0.1753,2.508508,False,
BRE-IPS-LIV-MCI-MCI,4,2+1+1+1,0,2.6364,2.8,2.5,0.3,2,"BRE,MCI","CHE,NEW",CHE-IPS-LIV-MCI-NEW,5,1+1+1+1+1,0,2.4792,100.0,12.5,-0.1753,2.508508,False,
EVE-LEE-MUN-TOT-TOT,4,2+1+1+1,0,2.6364,2.8,2.5,0.3,2,"MUN,TOT","COV,FUL",COV-EVE-FUL-LEE-TOT,5,1+1+1+1+1,0,2.4792,100.0,6.2,-0.1706,2.508508,False,
EVE-LEE-TOT-TOT-SUN,4,2+1+1+1,1,2.6364,2.8,2.5,0.3,2,"SUN,TOT","COV,FUL",COV-EVE-FUL-LEE-TOT,5,1+1+1+1+1,0,2.4792,100.0,6.2,-0.1706,2.508508,False,
ARS-AVL-BRE-BRE-LIV,4,2+1+1+1,0,2.6364,2.8,2.5,0.3098,2,"BRE,BRE","BOU,COV",ARS-AVL-BOU-COV-LIV,5,1+1+1+1+1,0,2.4792,100.0,12.5,-0.124,2.508508,False,
ARS-AVL-BRE-BRE-MCI,4,2+1+1+1,0,2.6364,2.8,2.5,0.3098,2,"ARS,BRE","COV,FUL",AVL-BRE-COV-FUL-MCI,5,1+1+1+1+1,0,2.4792,100.0,18.8,-0.1384,2.508508,False,
ARS-AVL-BRE-LIV-LIV,4,2+1+1+1,0,2.6364,2.8,2.5,0.3098,2,"BRE,LIV","BOU,COV",ARS-AVL-BOU-COV-LIV,5,1+1+1+1+1,0,2.4792,100.0,12.5,-0.124,2.508508,False,
ARS-AVL-BRE-MCI-MCI,4,2+1+1+1,0,2.6364,2.8,2.5,0.3098,2,"ARS,MCI","COV,FUL",AVL-BRE-COV-FUL-MCI,5,1+1+1+1+1,0,2.4792,100.0,18.8,-0.1384,2.508508,False,
ARS-BHA-LIV-LIV-MCI,4,2+1+1+1,0,2.6364,2.8,2.5,0.3098,2,"ARS,LIV","NEW,NFO",BHA-LIV-MCI-NEW-NFO,5,1+1+1+1+1,0,2.4792,100.0,12.5,-0.1303,2.508508,False,
ARS-BHA-LIV-MCI-MCI,4,2+1+1+1,0,2.6364,2.8,2.5,0.3098,2,"ARS,MCI","NEW,NFO",BHA-LIV-MCI-NEW-NFO,5,1+1+1+1+1,0,2.4792,100.0,12.5,-0.1303,2.508508,False,
AVL-BRE-BRE-IPS-MCI,4,2+1+1+1,0,2.6364,2.8,2.5,0.3098,2,"BRE,IPS","COV,FUL",AVL-BRE-COV-FUL-MCI,5,1+1+1+1+1,0,2.4792,100.0,18.8,-0.1384,2.508508,False,
AVL-BRE-IPS-MCI-MCI,4,2+1+1+1,0,2.6364,2.8,2.5,0.3098,2,"IPS,MCI","COV,FUL",AVL-BRE-COV-FUL-MCI,5,1+1+1+1+1,0,2.4792,100.0,18.8,-0.1384,2.508508,False,
BHA-IPS-LIV-LIV-MCI,4,2+1+1+1,0,2.6364,2.8,2.5,0.3098,2,"BHA,LIV","CHE,NEW",CHE-IPS-LIV-MCI-NEW,5,1+1+1+1+1,0,2.4792,100.0,12.5,-0.1753,2.508508,False,
BHA-IPS-LIV-MCI-MCI,4,2+1+1+1,0,2.6364,2.8,2.5,0.3098,2,"BHA,MCI","CHE,NEW",CHE-IPS-LIV-MCI-NEW,5,1+1+1+1+1,0,2.4792,100.0,12.5,-0.1753,2.508508,False,
CHE-LEE-MUN-TOT-TOT,4,2+1+1+1,0,2.6364,2.8,2.5,0.3457,2,"MUN,TOT","FUL,NFO",CHE-FUL-LEE-NFO-TOT,5,1+1+1+1+1,0,2.4792,100.0,6.2,-0.1838,2.508508,False,
CHE-LEE-TOT-TOT-SUN,4,2+1+1+1,1,2.6364,2.8,2.5,0.3457,2,"SUN,TOT","FUL,NFO",CHE-FUL-LEE-NFO-TOT,5,1+1+1+1+1,0,2.4792,100.0,6.2,-0.1838,2.508508,False,
ARS-BRE-CRY-LIV-MCI,5,1+1+1+1+1,0,2.6364,2.8,2.5,0.35,2,"ARS,BRE","AVL,NEW",AVL-CRY-LIV-MCI-NEW,5,1+1+1+1+1,0,2.4792,100.0,12.5,-0.1535,2.508508,False,
BRE-CRY-IPS-LIV-MCI,5,1+1+1+1+1,0,2.6364,2.8,2.5,0.35,2,"BRE,CRY","CHE,NEW",CHE-IPS-LIV-MCI-NEW,5,1+1+1+1+1,0,2.4792,100.0,12.5,-0.1753,2.508508,False,
CHE-CHE-LEE-MUN-TOT,4,2+1+1+1,0,2.6364,2.8,2.5,0.3902,2,"CHE,MUN","FUL,NFO",CHE-FUL-LEE-NFO-TOT,5,1+1+1+1+1,0,2.4792,100.0,6.2,-0.1838,2.508508,False,
CHE-CHE-LEE-TOT-SUN,4,2+1+1+1,1,2.6364,2.8,2.5,0.3902,2,"CHE,SUN","FUL,NFO",CHE-FUL-LEE-NFO-TOT,5,1+1+1+1+1,0,2.4792,100.0,6.2,-0.1838,2.508508,False,
ARS-BRE-BHA-LIV-MCI,5,1+1+1+1+1,0,2.6364,2.8,2.5,0.4098,2,"ARS,BRE","NEW,NFO",BHA-LIV-MCI-NEW-NFO,5,1+1+1+1+1,0,2.4792,100.0,12.5,-0.1303,2.508508,False,
BRE-BHA-IPS-LIV-MCI,5,1+1+1+1+1,0,2.6364,2.8,2.5,0.4098,2,"BHA,BRE","CHE,NEW",CHE-IPS-LIV-MCI-NEW,5,1+1+1+1+1,0,2.4792,100.0,12.5,-0.1753,2.508508,False,
BRE-BRE-CRY-MCI-NFO,4,2+1+1+1,0,2.6364,2.8,2.5,0.4366,2,"BRE,BRE","BHA,LIV",BHA-CRY-LIV-MCI-NFO,5,1+1+1+1+1,0,2.4792,100.0,25.0,-0.0977,2.508508,False,
BRE-CRY-MCI-MCI-NFO,4,2+1+1+1,0,2.6364,2.8,2.5,0.4366,2,"BRE,MCI","BHA,LIV",BHA-CRY-LIV-MCI-NFO,5,1+1+1+1+1,0,2.4792,100.0,25.0,-0.0977,2.508508,False,
CHE-EVE-LEE-MUN-TOT,5,1+1+1+1+1,0,2.6364,2.8,2.5,0.4646,2,"EVE,MUN","FUL,NFO",CHE-FUL-LEE-NFO-TOT,5,1+1+1+1+1,0,2.4792,100.0,6.2,-0.1838,2.508508,False,
CHE-EVE-LEE-TOT-SUN,5,1+1+1+1+1,1,2.6364,2.8,2.5,0.4646,2,"EVE,SUN","FUL,NFO",CHE-FUL-LEE-NFO-TOT,5,1+1+1+1+1,0,2.4792,100.0,6.2,-0.1838,2.508508,False,
BRE-BRE-BHA-LIV-NFO,4,2+1+1+1,0,2.6364,2.8,2.5,0.5098,2,"BRE,BRE","BOU,NEW",BOU-BHA-LIV-NEW-NFO,5,1+1+1+1+1,0,2.4792,100.0,12.5,-0.1525,2.508508,False,
BRE-BRE-BHA-MCI-NFO,4,2+1+1+1,0,2.6364,2.8,2.5,0.5098,2,"BRE,BRE","LIV,NEW",BHA-LIV-MCI-NEW-NFO,5,1+1+1+1+1,0,2.4792,100.0,12.5,-0.1303,2.508508,False,
BRE-BHA-LIV-LIV-NFO,4,2+1+1+1,0,2.6364,2.8,2.5,0.5098,2,"BRE,LIV","BOU,NEW",BOU-BHA-LIV-NEW-NFO,5,1+1+1+1+1,0,2.4792,100.0,12.5,-0.1525,2.508508,False,
BRE-BHA-MCI-MCI-NFO,4,2+1+1+1,0,2.6364,2.8,2.5,0.5098,2,"BRE,MCI","LIV,NEW",BHA-LIV-MCI-NEW-NFO,5,1+1+1+1+1,0,2.4792,100.0,12.5,-0.1303,2.508508,False,
CHE-EVE-MUN-TOT-TOT,4,2+1+1+1,0,2.6364,2.8,2.5,0.6402,2,"MUN,TOT","FUL,NFO",CHE-EVE-FUL-NFO-TOT,5,1+1+1+1+1,0,2.4792,100.0,6.2,-0.1683,2.508508,False,
CHE-EVE-TOT-TOT-SUN,4,2+1+1+1,1,2.6364,2.8,2.5,0.6402,2,"SUN,TOT","FUL,NFO",CHE-EVE-FUL-NFO-TOT,5,1+1+1+1+1,0,2.4792,100.0,6.2,-0.1683,2.508508,False,
AVL-AVL-CHE-EVE-TOT,4,2+1+1+1,0,2.6364,3.0,2.33,-0.3227,2,"AVL,EVE","FUL,NFO",AVL-CHE-FUL-NFO-TOT,5,1+1+1+1+1,0,2.4792,100.0,12.5,-0.1683,2.508508,False,
BHA-BHA-CHE-EVE-TOT,4,2+1+1+1,0,2.6364,3.0,2.33,-0.3227,2,"BHA,BHA","FUL,NFO",CHE-EVE-FUL-NFO-TOT,5,1+1+1+1+1,0,2.4792,100.0,6.2,-0.1683,2.508508,False,
AVL-BRE-CHE-CHE-CRY,4,2+1+1+1,0,2.6364,3.0,2.33,-0.3134,2,"CHE,CRY","BOU,NFO",AVL-BOU-BRE-CHE-NFO,5,1+1+1+1+1,0,2.4792,100.0,6.2,-0.1001,2.508508,False,
BHA-CHE-CHE-CRY-LIV,4,2+1+1+1,0,2.6364,3.0,2.33,-0.3134,2,"CHE,CHE","BOU,NFO",BOU-BHA-CRY-LIV-NFO,5,1+1+1+1+1,0,2.4792,100.0,18.8,-0.1001,2.508508,False,
BHA-CHE-CHE-CRY-MCI,4,2+1+1+1,0,2.6364,3.0,2.33,-0.3134,2,"CHE,CHE","LIV,NFO",BHA-CRY-LIV-MCI-NFO,5,1+1+1+1+1,0,2.4792,100.0,25.0,-0.0977,2.508508,False,
AVL-CHE-CRY-TOT-TOT,4,2+1+1+1,0,2.6364,3.0,2.33,-0.3092,2,"CRY,TOT","FUL,NFO",AVL-CHE-FUL-NFO-TOT,5,1+1+1+1+1,0,2.4792,100.0,12.5,-0.1683,2.508508,False,
AVL-BRE-BRE-CHE-EVE,4,2+1+1+1,0,2.6364,3.0,2.33,-0.3061,2,"BRE,BRE","COV,LEE",AVL-CHE-COV-EVE-LEE,5,1+1+1+1+1,0,2.4792,100.0,12.5,-0.128,2.508508,False,
BHA-CHE-CHE-LEE-MCI,4,2+1+1+1,0,2.6364,3.0,2.33,-0.2988,2,"CHE,CHE","COV,FUL",BHA-COV-FUL-LEE-MCI,5,1+1+1+1+1,0,2.4792,100.0,12.5,-0.149,2.508508,False,
AVL-AVL-BRE-CHE-EVE,4,2+1+1+1,0,2.6364,3.0,2.33,-0.2964,2,"BRE,EVE","COV,LEE",AVL-AVL-CHE-COV-LEE,4,2+1+1+1,0,2.4792,100.0,31.2,-0.1583,2.508508,False,
AVL-CHE-CHE-CRY-TOT,4,2+1+1+1,0,2.6364,3.0,2.33,-0.2964,2,"CHE,CRY","FUL,NFO",AVL-CHE-FUL-NFO-TOT,5,1+1+1+1+1,0,2.4792,100.0,12.5,-0.1683,2.508508,False,
BHA-BHA-CHE-LEE-TOT,4,2+1+1+1,0,2.6364,3.0,2.33,-0.294,2,"BHA,BHA","FUL,NFO",CHE-FUL-LEE-NFO-TOT,5,1+1+1+1+1,0,2.4792,100.0,6.2,-0.1838,2.508508,False,
CHE-CHE-CRY-LIV-TOT,4,2+1+1+1,0,2.6364,3.0,2.33,-0.289,2,"CHE,CRY","EVE,NFO",CHE-EVE-LIV-NFO-TOT,5,1+1+1+1+1,0,2.4792,93.8,18.8,-0.1265,2.508508,False,
CHE-CHE-CRY-MCI-TOT,4,2+1+1+1,0,2.6364,3.0,2.33,-0.289,2,"CHE,CRY","FUL,NEW",CHE-FUL-MCI-NEW-TOT,5,1+1+1+1+1,0,2.4792,100.0,12.5,-0.1474,2.508508,False,
CHE-CRY-LIV-LIV-TOT,4,2+1+1+1,0,2.6364,3.0,2.33,-0.289,2,"CRY,LIV","EVE,NFO",CHE-EVE-LIV-NFO-TOT,5,1+1+1+1+1,0,2.4792,93.8,18.8,-0.1265,2.508508,False,
CHE-CRY-MCI-MCI-TOT,4,2+1+1+1,0,2.6364,3.0,2.33,-0.289,2,"CRY,MCI","FUL,NEW",CHE-FUL-MCI-NEW-TOT,5,1+1+1+1+1,0,2.4792,100.0,12.5,-0.1474,2.508508,False,
AVL-AVL-EVE-LIV-TOT,4,2+1+1+1,0,2.6364,3.0,2.33,-0.2732,2,"AVL,AVL","NEW,NFO",EVE-LIV-NEW-NFO-TOT,5,1+1+1+1+1,0,2.4792,100.0,25.0,-0.1014,2.508508,False,
AVL-AVL-EVE-MCI-TOT,4,2+1+1+1,0,2.6364,3.0,2.33,-0.2732,2,"AVL,TOT","COV,LEE",AVL-COV-EVE-LEE-MCI,5,1+1+1+1+1,0,2.4792,93.8,6.2,-0.1193,2.508508,False,
AVL-EVE-LIV-TOT-TOT,4,2+1+1+1,0,2.6364,3.0,2.33,-0.2732,2,"AVL,TOT","NEW,NFO",EVE-LIV-NEW-NFO-TOT,5,1+1+1+1+1,0,2.4792,100.0,25.0,-0.1014,2.508508,False,
AVL-EVE-MCI-TOT-TOT,4,2+1+1+1,0,2.6364,3.0,2.33,-0.2732,2,"TOT,TOT","COV,LEE",AVL-COV-EVE-LEE-MCI,5,1+1+1+1+1,0,2.4792,93.8,6.2,-0.1193,2.508508,False,
BHA-BHA-EVE-LIV-TOT,4,2+1+1+1,0,2.6364,3.0,2.33,-0.2732,2,"BHA,TOT","COV,NFO",BHA-COV-EVE-LIV-NFO,5,1+1+1+1+1,0,2.4792,100.0,18.8,-0.1308,2.508508,False,
BHA-BHA-EVE-MCI-TOT,4,2+1+1+1,0,2.6364,3.0,2.33,-0.2732,2,"BHA,TOT","COV,LIV",BHA-COV-EVE-LIV-MCI,5,1+1+1+1+1,0,2.4792,93.8,12.5,-0.1174,2.508508,False,
BHA-EVE-LIV-TOT-TOT,4,2+1+1+1,0,2.6364,3.0,2.33,-0.2732,2,"TOT,TOT","COV,NFO",BHA-COV-EVE-LIV-NFO,5,1+1+1+1+1,0,2.4792,100.0,18.8,-0.1308,2.508508,False,
BHA-EVE-MCI-TOT-TOT,4,2+1+1+1,0,2.6364,3.0,2.33,-0.2732,2,"TOT,TOT","COV,LIV",BHA-COV-EVE-LIV-MCI,5,1+1+1+1+1,0,2.4792,93.8,12.5,-0.1174,2.508508,False,
CHE-CRY-LIV-TOT-TOT,4,2+1+1+1,0,2.6364,3.0,2.33,-0.2689,2,"CRY,TOT","EVE,NFO",CHE-EVE-LIV-NFO-TOT,5,1+1+1+1+1,0,2.4792,93.8,18.8,-0.1265,2.508508,False,
CHE-CRY-MCI-TOT-TOT,4,2+1+1+1,0,2.6364,3.0,2.33,-0.2689,2,"CRY,TOT","FUL,NEW",CHE-FUL-MCI-NEW-TOT,5,1+1+1+1+1,0,2.4792,100.0,12.5,-0.1474,2.508508,False,
AVL-CRY-LIV-TOT-TOT,4,2+1+1+1,0,2.6364,3.0,2.33,-0.25,2,"TOT,TOT","BOU,NEW",AVL-BOU-CRY-LIV-NEW,5,1+1+1+1+1,0,2.4792,100.0,6.2,-0.1674,2.508508,False,
AVL-CRY-MCI-TOT-TOT,4,2+1+1+1,0,2.6364,3.0,2.33,-0.25,2,"TOT,TOT","LIV,NEW",AVL-CRY-LIV-MCI-NEW,5,1+1+1+1+1,0,2.4792,100.0,12.5,-0.1535,2.508508,False,
AVL-EVE-LIV-LIV-TOT,4,2+1+1+1,0,2.6364,3.0,2.33,-0.25,2,"AVL,LIV","NEW,NFO",EVE-LIV-NEW-NFO-TOT,5,1+1+1+1+1,0,2.4792,100.0,25.0,-0.1014,2.508508,False,
AVL-EVE-MCI-MCI-TOT,4,2+1+1+1,0,2.6364,3.0,2.33,-0.25,2,"MCI,TOT","COV,LEE",AVL-COV-EVE-LEE-MCI,5,1+1+1+1+1,0,2.4792,93.8,6.2,-0.1193,2.508508,False,
BHA-CRY-LIV-TOT-TOT,4,2+1+1+1,0,2.6364,3.0,2.33,-0.25,2,"TOT,TOT","BOU,NFO",BOU-BHA-CRY-LIV-NFO,5,1+1+1+1+1,0,2.4792,100.0,18.8,-0.1001,2.508508,False,
BHA-CRY-MCI-TOT-TOT,4,2+1+1+1,0,2.6364,3.0,2.33,-0.25,2,"TOT,TOT","LIV,NFO",BHA-CRY-LIV-MCI-NFO,5,1+1+1+1+1,0,2.4792,100.0,25.0,-0.0977,2.508508,False,
BHA-EVE-LIV-LIV-TOT,4,2+1+1+1,0,2.6364,3.0,2.33,-0.25,2,"LIV,TOT","COV,NFO",BHA-COV-EVE-LIV-NFO,5,1+1+1+1+1,0,2.4792,100.0,18.8,-0.1308,2.508508,False,
BHA-EVE-MCI-MCI-TOT,4,2+1+1+1,0,2.6364,3.0,2.33,-0.25,2,"MCI,TOT","COV,LIV",BHA-COV-EVE-LIV-MCI,5,1+1+1+1+1,0,2.4792,93.8,12.5,-0.1174,2.508508,False,
CHE-LEE-MCI-MCI-TOT,4,2+1+1+1,0,2.6364,3.0,2.33,-0.2134,2,"MCI,MCI","FUL,NFO",CHE-FUL-LEE-NFO-TOT,5,1+1+1+1+1,0,2.4792,100.0,6.2,-0.1838,2.508508,False,
BHA-CHE-CRY-LIV-TOT,5,1+1+1+1+1,0,2.6364,3.0,2.33,-0.2061,2,"CHE,TOT","BOU,NFO",BOU-BHA-CRY-LIV-NFO,5,1+1+1+1+1,0,2.4792,100.0,18.8,-0.1001,2.508508,False,
BHA-CHE-CRY-MCI-TOT,5,1+1+1+1+1,0,2.6364,3.0,2.33,-0.2061,2,"BHA,CRY","FUL,NEW",CHE-FUL-MCI-NEW-TOT,5,1+1+1+1+1,0,2.4792,100.0,12.5,-0.1474,2.508508,False,
CRY-LIV-MCI-TOT-TOT,4,2+1+1+1,0,2.6364,3.0,2.33,-0.2,2,"TOT,TOT","AVL,NEW",AVL-CRY-LIV-MCI-NEW,5,1+1+1+1+1,0,2.4792,100.0,12.5,-0.1535,2.508508,False,
BHA-LEE-LIV-TOT-TOT,4,2+1+1+1,0,2.6364,3.0,2.33,-0.1866,2,"TOT,TOT","AVL,NFO",AVL-BHA-LEE-LIV-NFO,5,1+1+1+1+1,0,2.4792,100.0,12.5,-0.1076,2.508508,False,
BHA-LEE-MCI-TOT-TOT,4,2+1+1+1,0,2.6364,3.0,2.33,-0.1866,2,"TOT,TOT","COV,FUL",BHA-COV-FUL-LEE-MCI,5,1+1+1+1+1,0,2.4792,100.0,12.5,-0.149,2.508508,False,
BHA-CHE-LEE-MCI-TOT,5,1+1+1+1+1,0,2.6364,3.0,2.33,-0.1671,2,"BHA,MCI","FUL,NFO",CHE-FUL-LEE-NFO-TOT,5,1+1+1+1+1,0,2.4792,100.0,6.2,-0.1838,2.508508,False,
BHA-CHE-CHE-LEE-TOT,4,2+1+1+1,0,2.6364,3.0,2.33,-0.1318,2,"BHA,CHE","FUL,NFO",CHE-FUL-LEE-NFO-TOT,5,1+1+1+1+1,0,2.4792,100.0,6.2,-0.1838,2.508508,False,
BHA-CHE-LEE-TOT-TOT,4,2+1+1+1,0,2.6364,3.0,2.33,-0.1202,2,"BHA,TOT","FUL,NFO",CHE-FUL-LEE-NFO-TOT,5,1+1+1+1+1,0,2.4792,100.0,6.2,-0.1838,2.508508,False,
BHA-BHA-CHE-LEE-MCI,4,2+1+1+1,0,2.6364,3.0,2.33,-0.1177,2,"BHA,CHE","COV,FUL",BHA-COV-FUL-LEE-MCI,5,1+1+1+1+1,0,2.4792,100.0,12.5,-0.149,2.508508,False,
BHA-CHE-LEE-MCI-MCI,4,2+1+1+1,0,2.6364,3.0,2.33,-0.114,2,"CHE,MCI","COV,FUL",BHA-COV-FUL-LEE-MCI,5,1+1+1+1+1,0,2.4792,100.0,12.5,-0.149,2.508508,False,
CHE-CHE-LEE-MCI-TOT,4,2+1+1+1,0,2.6364,3.0,2.33,-0.0878,2,"CHE,MCI","FUL,NFO",CHE-FUL-LEE-NFO-TOT,5,1+1+1+1+1,0,2.4792,100.0,6.2,-0.1838,2.508508,False,
BHA-BHA-LEE-LIV-TOT,4,2+1+1+1,0,2.6364,3.0,2.33,-0.05,2,"BHA,TOT","AVL,NFO",AVL-BHA-LEE-LIV-NFO,5,1+1+1+1+1,0,2.4792,100.0,12.5,-0.1076,2.508508,False,
BHA-BHA-LEE-MCI-TOT,4,2+1+1+1,0,2.6364,3.0,2.33,-0.05,2,"BHA,TOT","COV,FUL",BHA-COV-FUL-LEE-MCI,5,1+1+1+1+1,0,2.4792,100.0,12.5,-0.149,2.508508,False,
CHE-LEE-MCI-TOT-TOT,4,2+1+1+1,0,2.6364,3.0,2.33,-0.0433,2,"MCI,TOT","FUL,NFO",CHE-FUL-LEE-NFO-TOT,5,1+1+1+1+1,0,2.4792,100.0,6.2,-0.1838,2.508508,False,
BRE-BHA-CHE-LEE-MCI,5,1+1+1+1+1,0,2.6364,3.0,2.33,-0.014,2,"BRE,CHE","COV,FUL",BHA-COV-FUL-LEE-MCI,5,1+1+1+1+1,0,2.4792,100.0,12.5,-0.149,2.508508,False,
BHA-LEE-LIV-LIV-TOT,4,2+1+1+1,0,2.6364,3.0,2.33,-0.0134,2,"LIV,TOT","AVL,NFO",AVL-BHA-LEE-LIV-NFO,5,1+1+1+1+1,0,2.4792,100.0,12.5,-0.1076,2.508508,False,
BHA-LEE-MCI-MCI-TOT,4,2+1+1+1,0,2.6364,3.0,2.33,-0.0134,2,"MCI,TOT","COV,FUL",BHA-COV-FUL-LEE-MCI,5,1+1+1+1+1,0,2.4792,100.0,12.5,-0.149,2.508508,False,
AVL-CHE-EVE-TOT-TOT,4,2+1+1+1,0,2.6364,3.0,2.33,-0.0123,2,"EVE,TOT","FUL,NFO",AVL-CHE-FUL-NFO-TOT,5,1+1+1+1+1,0,2.4792,100.0,12.5,-0.1683,2.508508,False,
BHA-CHE-EVE-TOT-TOT,4,2+1+1+1,0,2.6364,3.0,2.33,-0.0123,2,"BHA,TOT","FUL,NFO",CHE-EVE-FUL-NFO-TOT,5,1+1+1+1+1,0,2.4792,100.0,6.2,-0.1683,2.508508,False,
AVL-BRE-BRE-CHE-CRY,4,2+1+1+1,0,2.6364,3.0,2.33,-0.003,2,"BRE,CRY","BOU,NFO",AVL-BOU-BRE-CHE-NFO,5,1+1+1+1+1,0,2.4792,100.0,6.2,-0.1001,2.508508,False,
BHA-CHE-CRY-LIV-LIV,4,2+1+1+1,0,2.6364,3.0,2.33,-0.003,2,"CHE,LIV","BOU,NFO",BOU-BHA-CRY-LIV-NFO,5,1+1+1+1+1,0,2.4792,100.0,18.8,-0.1001,2.508508,False,
BHA-CHE-CRY-MCI-MCI,4,2+1+1+1,0,2.6364,3.0,2.33,-0.003,2,"CHE,MCI","LIV,NFO",BHA-CRY-LIV-MCI-NFO,5,1+1+1+1+1,0,2.4792,100.0,25.0,-0.0977,2.508508,False,
BRE-BHA-BHA-CHE-MCI,4,2+1+1+1,0,2.6364,3.0,2.33,0.061,2,"BHA,BRE","COV,NFO",BHA-CHE-COV-MCI-NFO,5,1+1+1+1+1,0,2.4792,100.0,18.8,-0.0611,2.508508,False,
AVL-CRY-LIV-LIV-TOT,4,2+1+1+1,0,2.6364,3.0,2.33,0.0732,2,"LIV,TOT","BOU,NEW",AVL-BOU-CRY-LIV-NEW,5,1+1+1+1+1,0,2.4792,100.0,6.2,-0.1674,2.508508,False,
AVL-CRY-MCI-MCI-TOT,4,2+1+1+1,0,2.6364,3.0,2.33,0.0732,2,"MCI,TOT","LIV,NEW",AVL-CRY-LIV-MCI-NEW,5,1+1+1+1+1,0,2.4792,100.0,12.5,-0.1535,2.508508,False,
BHA-CRY-LIV-LIV-TOT,4,2+1+1+1,0,2.6364,3.0,2.33,0.0732,2,"LIV,TOT","BOU,NFO",BOU-BHA-CRY-LIV-NFO,5,1+1+1+1+1,0,2.4792,100.0,18.8,-0.1001,2.508508,False,
BHA-CRY-MCI-MCI-TOT,4,2+1+1+1,0,2.6364,3.0,2.33,0.0732,2,"MCI,TOT","LIV,NFO",BHA-CRY-LIV-MCI-NFO,5,1+1+1+1+1,0,2.4792,100.0,25.0,-0.0977,2.508508,False,
BRE-BRE-BHA-CHE-MCI,4,2+1+1+1,0,2.6364,3.0,2.33,0.0781,2,"BRE,BRE","COV,NFO",BHA-CHE-COV-MCI-NFO,5,1+1+1+1+1,0,2.4792,100.0,18.8,-0.0611,2.508508,False,
BRE-BHA-CHE-MCI-MCI,4,2+1+1+1,0,2.6364,3.0,2.33,0.0781,2,"BRE,MCI","COV,NFO",BHA-CHE-COV-MCI-NFO,5,1+1+1+1+1,0,2.4792,100.0,18.8,-0.0611,2.508508,False,
BHA-LEE-LIV-MCI-TOT,5,1+1+1+1+1,0,2.6364,3.0,2.33,0.0866,2,"LIV,TOT","COV,FUL",BHA-COV-FUL-LEE-MCI,5,1+1+1+1+1,0,2.4792,100.0,12.5,-0.149,2.508508,False,
BRE-BHA-CHE-CRY-LIV,5,1+1+1+1+1,0,2.6364,3.0,2.33,0.097,2,"BRE,CHE","BOU,NFO",BOU-BHA-CRY-LIV-NFO,5,1+1+1+1+1,0,2.4792,100.0,18.8,-0.1001,2.508508,False,
BRE-BHA-CHE-CRY-MCI,5,1+1+1+1+1,0,2.6364,3.0,2.33,0.097,2,"BRE,CHE","LIV,NFO",BHA-CRY-LIV-MCI-NFO,5,1+1+1+1+1,0,2.4792,100.0,25.0,-0.0977,2.508508,False,
CRY-LIV-LIV-MCI-TOT,4,2+1+1+1,0,2.6364,3.0,2.33,0.1,2,"LIV,TOT","AVL,NEW",AVL-CRY-LIV-MCI-NEW,5,1+1+1+1+1,0,2.4792,100.0,12.5,-0.1535,2.508508,False,
CRY-LIV-MCI-MCI-TOT,4,2+1+1+1,0,2.6364,3.0,2.33,0.1,2,"MCI,TOT","AVL,NEW",AVL-CRY-LIV-MCI-NEW,5,1+1+1+1+1,0,2.4792,100.0,12.5,-0.1535,2.508508,False,
BHA-BHA-LIV-MCI-TOT,4,2+1+1+1,0,2.6364,3.0,2.33,0.1732,2,"BHA,TOT","NEW,NFO",BHA-LIV-MCI-NEW-NFO,5,1+1+1+1+1,0,2.4792,100.0,12.5,-0.1303,2.508508,False,
BHA-CRY-LIV-MCI-TOT,5,1+1+1+1+1,0,2.6364,3.0,2.33,0.1732,2,"BHA,TOT","AVL,NEW",AVL-CRY-LIV-MCI-NEW,5,1+1+1+1+1,0,2.4792,100.0,12.5,-0.1535,2.508508,False,
BHA-LIV-LIV-MCI-TOT,4,2+1+1+1,0,2.6364,3.0,2.33,0.2232,2,"LIV,TOT","NEW,NFO",BHA-LIV-MCI-NEW-NFO,5,1+1+1+1+1,0,2.4792,100.0,12.5,-0.1303,2.508508,False,
BHA-LIV-MCI-MCI-TOT,4,2+1+1+1,0,2.6364,3.0,2.33,0.2232,2,"MCI,TOT","NEW,NFO",BHA-LIV-MCI-NEW-NFO,5,1+1+1+1+1,0,2.4792,100.0,12.5,-0.1303,2.508508,False,
ARS-ARS-EVE-MCI-NFO,4,2+1+1+1,0,2.8182,2.4,3.17,0.0732,2,"ARS,ARS","CHE,LIV",CHE-EVE-LIV-MCI-NFO,5,1+1+1+1+1,0,2.4583,93.8,25.0,-0.0279,2.5254,False,
ARS-ARS-CRY-LIV-NFO,4,2+1+1+1,0,2.8182,2.4,3.17,0.3098,2,"ARS,ARS","BOU,EVE",BOU-CRY-EVE-LIV-NFO,5,1+1+1+1+1,0,2.4583,100.0,18.8,-0.1615,2.5254,False,
CRY-IPS-IPS-LIV-NFO,4,2+1+1+1,0,2.8182,2.4,3.17,0.3098,2,"IPS,IPS","BOU,EVE",BOU-CRY-EVE-LIV-NFO,5,1+1+1+1+1,0,2.4583,100.0,18.8,-0.1615,2.5254,False,
ARS-CRY-LIV-NFO-NFO,4,2+1+1+1,0,2.8182,2.4,3.17,0.3964,2,"ARS,NFO","BOU,EVE",BOU-CRY-EVE-LIV-NFO,5,1+1+1+1+1,0,2.4583,100.0,18.8,-0.1615,2.5254,False,
CRY-IPS-LIV-NFO-NFO,4,2+1+1+1,0,2.8182,2.4,3.17,0.3964,2,"IPS,NFO","BOU,EVE",BOU-CRY-EVE-LIV-NFO,5,1+1+1+1+1,0,2.4583,100.0,18.8,-0.1615,2.5254,False,
ARS-CRY-IPS-LIV-NFO,5,1+1+1+1+1,0,2.8182,2.4,3.17,0.4098,2,"ARS,IPS","BOU,EVE",BOU-CRY-EVE-LIV-NFO,5,1+1+1+1+1,0,2.4583,100.0,18.8,-0.1615,2.5254,False,
ARS-ARS-EVE-LEE-MCI,4,2+1+1+1,0,2.8182,2.6,3.0,-0.1,2,"ARS,ARS","COV,FUL",COV-EVE-FUL-LEE-MCI,5,1+1+1+1+1,0,2.4583,100.0,6.2,-0.1523,2.5254,False,
EVE-IPS-IPS-LEE-MCI,4,2+1+1+1,0,2.8182,2.6,3.0,-0.1,2,"IPS,IPS","COV,FUL",COV-EVE-FUL-LEE-MCI,5,1+1+1+1+1,0,2.4583,100.0,6.2,-0.1523,2.5254,False,
ARS-EVE-EVE-MCI-NFO,4,2+1+1+1,0,2.8182,2.6,3.0,-0.0634,2,"ARS,EVE","CHE,LIV",CHE-EVE-LIV-MCI-NFO,5,1+1+1+1+1,0,2.4583,93.8,25.0,-0.0279,2.5254,False,
ARS-ARS-CHE-EVE-MCI,4,2+1+1+1,0,2.8182,2.6,3.0,-0.0622,2,"ARS,ARS","LIV,NEW",CHE-EVE-LIV-MCI-NEW,5,1+1+1+1+1,0,2.4583,100.0,12.5,-0.1204,2.5254,False,
CHE-EVE-IPS-IPS-MCI,4,2+1+1+1,0,2.8182,2.6,3.0,-0.0622,2,"IPS,IPS","LIV,NEW",CHE-EVE-LIV-MCI-NEW,5,1+1+1+1+1,0,2.4583,100.0,12.5,-0.1204,2.5254,False,
ARS-ARS-AVL-CHE-LEE,4,2+1+1+1,0,2.8182,2.6,3.0,-0.0604,2,"ARS,ARS","LIV,NFO",AVL-CHE-LEE-LIV-NFO,5,1+1+1+1+1,0,2.4583,100.0,18.8,-0.0971,2.5254,False,
AVL-CHE-IPS-IPS-LEE,4,2+1+1+1,0,2.8182,2.6,3.0,-0.0604,2,"IPS,IPS","LIV,NFO",AVL-CHE-LEE-LIV-NFO,5,1+1+1+1+1,0,2.4583,100.0,18.8,-0.0971,2.5254,False,
ARS-EVE-IPS-LEE-MCI,5,1+1+1+1+1,0,2.8182,2.6,3.0,0.0,2,"ARS,IPS","COV,FUL",COV-EVE-FUL-LEE-MCI,5,1+1+1+1+1,0,2.4583,100.0,6.2,-0.1523,2.5254,False,
ARS-CHE-EVE-IPS-MCI,5,1+1+1+1+1,0,2.8182,2.6,3.0,0.0378,2,"ARS,IPS","LIV,NEW",CHE-EVE-LIV-MCI-NEW,5,1+1+1+1+1,0,2.4583,100.0,12.5,-0.1204,2.5254,False,
ARS-AVL-CHE-IPS-LEE,5,1+1+1+1+1,0,2.8182,2.6,3.0,0.0396,2,"ARS,IPS","LIV,NFO",AVL-CHE-LEE-LIV-NFO,5,1+1+1+1+1,0,2.4583,100.0,18.8,-0.0971,2.5254,False,
ARS-BHA-CRY-LIV-NFO,5,1+1+1+1+1,0,2.8182,2.6,3.0,0.4464,2,"ARS,BHA","BOU,EVE",BOU-CRY-EVE-LIV-NFO,5,1+1+1+1+1,0,2.4583,100.0,18.8,-0.1615,2.5254,False,
BHA-CRY-IPS-LIV-NFO,5,1+1+1+1+1,0,2.8182,2.6,3.0,0.4464,2,"BHA,IPS","BOU,EVE",BOU-CRY-EVE-LIV-NFO,5,1+1+1+1+1,0,2.4583,100.0,18.8,-0.1615,2.5254,False,
BHA-CRY-LIV-NFO-NFO,4,2+1+1+1,0,2.8182,2.6,3.0,0.4964,2,"BHA,NFO","BOU,EVE",BOU-CRY-EVE-LIV-NFO,5,1+1+1+1+1,0,2.4583,100.0,18.8,-0.1615,2.5254,False,
ARS-EVE-EVE-LIV-MCI,4,2+1+1+1,0,2.8182,2.8,2.83,-0.3,2,"ARS,EVE","CHE,NEW",CHE-EVE-LIV-MCI-NEW,5,1+1+1+1+1,0,2.4583,100.0,12.5,-0.1204,2.5254,False,
EVE-EVE-IPS-LIV-MCI,4,2+1+1+1,0,2.8182,2.8,2.83,-0.3,2,"EVE,IPS","CHE,NEW",CHE-EVE-LIV-MCI-NEW,5,1+1+1+1+1,0,2.4583,100.0,12.5,-0.1204,2.5254,False,
CHE-CRY-CRY-NFO-TOT,4,2+1+1+1,0,2.8182,2.8,2.83,-0.2217,2,"CRY,CRY","BOU,FUL",BOU-CHE-FUL-NFO-TOT,5,1+1+1+1+1,0,2.4583,100.0,12.5,-0.1278,2.5254,False,
ARS-EVE-LEE-LEE-MCI,4,2+1+1+1,0,2.8182,2.8,2.83,-0.1,2,"ARS,LEE","COV,FUL",COV-EVE-FUL-LEE-MCI,5,1+1+1+1+1,0,2.4583,100.0,6.2,-0.1523,2.5254,False,
EVE-IPS-LEE-LEE-MCI,4,2+1+1+1,0,2.8182,2.8,2.83,-0.1,2,"IPS,LEE","COV,FUL",COV-EVE-FUL-LEE-MCI,5,1+1+1+1+1,0,2.4583,100.0,6.2,-0.1523,2.5254,False,
ARS-CHE-EVE-LEE-MCI,5,1+1+1+1+1,0,2.8182,2.8,2.83,-0.0811,2,"ARS,CHE","COV,FUL",COV-EVE-FUL-LEE-MCI,5,1+1+1+1+1,0,2.4583,100.0,6.2,-0.1523,2.5254,False,
CHE-EVE-IPS-LEE-MCI,5,1+1+1+1+1,0,2.8182,2.8,2.83,-0.0811,2,"CHE,IPS","COV,FUL",COV-EVE-FUL-LEE-MCI,5,1+1+1+1+1,0,2.4583,100.0,6.2,-0.1523,2.5254,False,
CRY-CRY-LIV-NFO-TOT,4,2+1+1+1,0,2.8182,2.8,2.83,-0.0634,2,"CRY,TOT","BOU,EVE",BOU-CRY-EVE-LIV-NFO,5,1+1+1+1+1,0,2.4583,100.0,18.8,-0.1615,2.5254,False,
ARS-CHE-CHE-EVE-MCI,4,2+1+1+1,0,2.8182,2.8,2.83,-0.0622,2,"ARS,CHE","LIV,NEW",CHE-EVE-LIV-MCI-NEW,5,1+1+1+1+1,0,2.4583,100.0,12.5,-0.1204,2.5254,False,
CHE-CHE-EVE-IPS-MCI,4,2+1+1+1,0,2.8182,2.8,2.83,-0.0622,2,"CHE,IPS","LIV,NEW",CHE-EVE-LIV-MCI-NEW,5,1+1+1+1+1,0,2.4583,100.0,12.5,-0.1204,2.5254,False,
ARS-AVL-CHE-EVE-LEE,5,1+1+1+1+1,0,2.8182,2.8,2.83,-0.0214,2,"ARS,EVE","LIV,NFO",AVL-CHE-LEE-LIV-NFO,5,1+1+1+1+1,0,2.4583,100.0,18.8,-0.0971,2.5254,False,
AVL-CHE-EVE-IPS-LEE,5,1+1+1+1+1,0,2.8182,2.8,2.83,-0.0214,2,"EVE,IPS","LIV,NFO",AVL-CHE-LEE-LIV-NFO,5,1+1+1+1+1,0,2.4583,100.0,18.8,-0.0971,2.5254,False,
ARS-AVL-CHE-CRY-LEE,5,1+1+1+1+1,0,2.8182,2.8,2.83,-0.0183,2,"ARS,CRY","LIV,NFO",AVL-CHE-LEE-LIV-NFO,5,1+1+1+1+1,0,2.4583,100.0,18.8,-0.0971,2.5254,False,
AVL-CHE-CRY-IPS-LEE,5,1+1+1+1+1,0,2.8182,2.8,2.83,-0.0183,2,"CRY,IPS","LIV,NFO",AVL-CHE-LEE-LIV-NFO,5,1+1+1+1+1,0,2.4583,100.0,18.8,-0.0971,2.5254,False,
ARS-AVL-CRY-LEE-LIV,5,1+1+1+1+1,0,2.8182,2.8,2.83,0.2232,2,"ARS,CRY","CHE,NFO",AVL-CHE-LEE-LIV-NFO,5,1+1+1+1+1,0,2.4583,100.0,18.8,-0.0971,2.5254,False,
ARS-AVL-CRY-LEE-MCI,5,1+1+1+1+1,0,2.8182,2.8,2.83,0.2232,2,"ARS,CRY","COV,FUL",AVL-COV-FUL-LEE-MCI,5,1+1+1+1+1,0,2.4583,100.0,6.2,-0.201,2.5254,False,
AVL-CRY-IPS-LEE-LIV,5,1+1+1+1+1,0,2.8182,2.8,2.83,0.2232,2,"CRY,IPS","CHE,NFO",AVL-CHE-LEE-LIV-NFO,5,1+1+1+1+1,0,2.4583,100.0,18.8,-0.0971,2.5254,False,
AVL-CRY-IPS-LEE-MCI,5,1+1+1+1+1,0,2.8182,2.8,2.83,0.2232,2,"CRY,IPS","COV,FUL",AVL-COV-FUL-LEE-MCI,5,1+1+1+1+1,0,2.4583,100.0,6.2,-0.201,2.5254,False,
BRE-CRY-CRY-LIV-NFO,4,2+1+1+1,0,2.8182,2.8,2.83,0.4732,2,"BRE,CRY","BOU,EVE",BOU-CRY-EVE-LIV-NFO,5,1+1+1+1+1,0,2.4583,100.0,18.8,-0.1615,2.5254,False,
BHA-BHA-CRY-LIV-NFO,4,2+1+1+1,0,2.8182,2.8,2.83,0.583,2,"BHA,BHA","BOU,EVE",BOU-CRY-EVE-LIV-NFO,5,1+1+1+1+1,0,2.4583,100.0,18.8,-0.1615,2.5254,False,
BRE-CHE-EVE-EVE-MCI,4,2+1+1+1,0,2.8182,3.0,2.67,-0.3,2,"BRE,EVE","LIV,NEW",CHE-EVE-LIV-MCI-NEW,5,1+1+1+1+1,0,2.4583,100.0,12.5,-0.1204,2.5254,False,
BRE-EVE-EVE-LEE-MCI,4,2+1+1+1,0,2.8182,3.0,2.67,-0.3,2,"BRE,EVE","COV,FUL",COV-EVE-FUL-LEE-MCI,5,1+1+1+1+1,0,2.4583,100.0,6.2,-0.1523,2.5254,False,
EVE-EVE-LEE-LIV-MCI,4,2+1+1+1,0,2.8182,3.0,2.67,-0.3,2,"EVE,LIV","COV,FUL",COV-EVE-FUL-LEE-MCI,5,1+1+1+1+1,0,2.4583,100.0,6.2,-0.1523,2.5254,False,
BHA-CHE-EVE-EVE-MCI,4,2+1+1+1,0,2.8182,3.0,2.67,-0.2903,2,"BHA,EVE","LIV,NEW",CHE-EVE-LIV-MCI-NEW,5,1+1+1+1+1,0,2.4583,100.0,12.5,-0.1204,2.5254,False,
AVL-EVE-EVE-LEE-LIV,4,2+1+1+1,0,2.8182,3.0,2.67,-0.2866,2,"EVE,EVE","CHE,NFO",AVL-CHE-LEE-LIV-NFO,5,1+1+1+1+1,0,2.4583,100.0,18.8,-0.0971,2.5254,False,
AVL-EVE-EVE-LEE-MCI,4,2+1+1+1,0,2.8182,3.0,2.67,-0.2866,2,"EVE,EVE","COV,FUL",AVL-COV-FUL-LEE-MCI,5,1+1+1+1+1,0,2.4583,100.0,6.2,-0.201,2.5254,False,
BHA-EVE-EVE-LEE-MCI,4,2+1+1+1,0,2.8182,3.0,2.67,-0.2866,2,"BHA,EVE","COV,FUL",COV-EVE-FUL-LEE-MCI,5,1+1+1+1+1,0,2.4583,100.0,6.2,-0.1523,2.5254,False,
EVE-EVE-LEE-MCI-TOT,4,2+1+1+1,0,2.8182,3.0,2.67,-0.15,2,"EVE,TOT","COV,FUL",COV-EVE-FUL-LEE-MCI,5,1+1+1+1+1,0,2.4583,100.0,6.2,-0.1523,2.5254,False,
CHE-CRY-CRY-LEE-LIV,4,2+1+1+1,0,2.8182,3.0,2.67,-0.1457,2,"CRY,CRY","AVL,NFO",AVL-CHE-LEE-LIV-NFO,5,1+1+1+1+1,0,2.4583,100.0,18.8,-0.0971,2.5254,False,
CHE-CRY-LEE-LEE-LIV,4,2+1+1+1,0,2.8182,3.0,2.67,-0.1201,2,"CRY,LEE","AVL,NFO",AVL-CHE-LEE-LIV-NFO,5,1+1+1+1+1,0,2.4583,100.0,18.8,-0.0971,2.5254,False,
AVL-EVE-LEE-LEE-LIV,4,2+1+1+1,0,2.8182,3.0,2.67,-0.1,2,"EVE,LEE","CHE,NFO",AVL-CHE-LEE-LIV-NFO,5,1+1+1+1+1,0,2.4583,100.0,18.8,-0.0971,2.5254,False,
AVL-EVE-LEE-LEE-MCI,4,2+1+1+1,0,2.8182,3.0,2.67,-0.1,2,"EVE,LEE","COV,FUL",AVL-COV-FUL-LEE-MCI,5,1+1+1+1+1,0,2.4583,100.0,6.2,-0.201,2.5254,False,
BRE-EVE-LEE-LEE-MCI,4,2+1+1+1,0,2.8182,3.0,2.67,-0.1,2,"BRE,LEE","COV,FUL",COV-EVE-FUL-LEE-MCI,5,1+1+1+1+1,0,2.4583,100.0,6.2,-0.1523,2.5254,False,
BHA-EVE-LEE-LEE-MCI,4,2+1+1+1,0,2.8182,3.0,2.67,-0.1,2,"BHA,LEE","COV,FUL",COV-EVE-FUL-LEE-MCI,5,1+1+1+1+1,0,2.4583,100.0,6.2,-0.1523,2.5254,False,
CHE-CHE-EVE-LEE-MCI,4,2+1+1+1,0,2.8182,3.0,2.67,-0.1,2,"CHE,CHE","COV,FUL",COV-EVE-FUL-LEE-MCI,5,1+1+1+1+1,0,2.4583,100.0,6.2,-0.1523,2.5254,False,
CHE-EVE-LEE-LEE-MCI,4,2+1+1+1,0,2.8182,3.0,2.67,-0.1,2,"CHE,LEE","COV,FUL",COV-EVE-FUL-LEE-MCI,5,1+1+1+1+1,0,2.4583,100.0,6.2,-0.1523,2.5254,False,
EVE-LEE-LEE-LIV-MCI,4,2+1+1+1,0,2.8182,3.0,2.67,-0.1,2,"LEE,LIV","COV,FUL",COV-EVE-FUL-LEE-MCI,5,1+1+1+1+1,0,2.4583,100.0,6.2,-0.1523,2.5254,False,
EVE-LEE-LEE-MCI-TOT,4,2+1+1+1,0,2.8182,3.0,2.67,-0.1,2,"LEE,TOT","COV,FUL",COV-EVE-FUL-LEE-MCI,5,1+1+1+1+1,0,2.4583,100.0,6.2,-0.1523,2.5254,False,
AVL-AVL-CHE-CRY-LEE,4,2+1+1+1,0,2.8182,3.0,2.67,-0.0988,2,"AVL,CRY","LIV,NFO",AVL-CHE-LEE-LIV-NFO,5,1+1+1+1+1,0,2.4583,100.0,18.8,-0.0971,2.5254,False,
AVL-CHE-CHE-EVE-LEE,4,2+1+1+1,0,2.8182,3.0,2.67,-0.094,2,"CHE,EVE","LIV,NFO",AVL-CHE-LEE-LIV-NFO,5,1+1+1+1+1,0,2.4583,100.0,18.8,-0.0971,2.5254,False,
AVL-CHE-EVE-LEE-LEE,4,2+1+1+1,0,2.8182,3.0,2.67,-0.0903,2,"EVE,LEE","LIV,NFO",AVL-CHE-LEE-LIV-NFO,5,1+1+1+1+1,0,2.4583,100.0,18.8,-0.0971,2.5254,False,
AVL-CHE-CRY-LEE-LEE,4,2+1+1+1,0,2.8182,3.0,2.67,-0.0872,2,"CRY,LEE","LIV,NFO",AVL-CHE-LEE-LIV-NFO,5,1+1+1+1+1,0,2.4583,100.0,18.8,-0.0971,2.5254,False,
CHE-EVE-EVE-MCI-TOT,4,2+1+1+1,0,2.8182,3.0,2.67,0.0201,2,"EVE,TOT","LIV,NEW",CHE-EVE-LIV-MCI-NEW,5,1+1+1+1+1,0,2.4583,100.0,12.5,-0.1204,2.5254,False,
AVL-CRY-LEE-LEE-LIV,4,2+1+1+1,0,2.8182,3.0,2.67,0.2232,2,"CRY,LEE","CHE,NFO",AVL-CHE-LEE-LIV-NFO,5,1+1+1+1+1,0,2.4583,100.0,18.8,-0.0971,2.5254,False,
AVL-CRY-LEE-LEE-MCI,4,2+1+1+1,0,2.8182,3.0,2.67,0.2232,2,"CRY,LEE","COV,FUL",AVL-COV-FUL-LEE-MCI,5,1+1+1+1+1,0,2.4583,100.0,6.2,-0.201,2.5254,False,
AVL-AVL-CRY-LEE-LIV,4,2+1+1+1,0,2.8182,3.0,2.67,0.3964,2,"AVL,CRY","CHE,NFO",AVL-CHE-LEE-LIV-NFO,5,1+1+1+1+1,0,2.4583,100.0,18.8,-0.0971,2.5254,False,
AVL-AVL-CRY-LEE-MCI,4,2+1+1+1,0,2.8182,3.0,2.67,0.3964,2,"AVL,CRY","COV,FUL",AVL-COV-FUL-LEE-MCI,5,1+1+1+1+1,0,2.4583,100.0,6.2,-0.201,2.5254,False,
ARS-ARS-BRE-NFO-SUN,4,2+1+1+1,1,2.5455,2.2,2.83,0.0732,2,"ARS,BRE","BOU,TOT",ARS-BOU-NFO-TOT-SUN,5,1+1+1+1+1,1,2.5208,100.0,12.5,-0.1389,2.525405,False,
ARS-BRE-NFO-NFO-SUN,4,2+1+1+1,1,2.5455,2.2,2.83,0.0732,2,"BRE,NFO","BOU,TOT",ARS-BOU-NFO-TOT-SUN,5,1+1+1+1+1,1,2.5208,100.0,12.5,-0.1389,2.525405,False,
ARS-BRE-IPS-MUN-NFO,5,1+1+1+1+1,0,2.5455,2.2,2.83,0.1732,2,"BRE,MUN","BOU,BOU",ARS-BOU-BOU-IPS-NFO,4,2+1+1+1,0,2.5208,100.0,25.0,-0.127,2.525405,False,
CRY-MUN-NFO-NFO-SUN,4,2+1+1+1,1,2.5455,2.2,2.83,0.1732,2,"NFO,SUN","BOU,LIV",BOU-CRY-LIV-MUN-NFO,5,1+1+1+1+1,0,2.5208,100.0,18.8,-0.1221,2.525405,False,
ARS-ARS-CRY-MUN-SUN,4,2+1+1+1,1,2.5455,2.2,2.83,0.3,2,"ARS,MUN","LIV,MCI",ARS-CRY-LIV-MCI-SUN,5,1+1+1+1+1,1,2.5208,100.0,12.5,-0.1074,2.525405,False,
ARS-CRY-IPS-MUN-MUN,4,2+1+1+1,0,2.5455,2.2,2.83,0.3,2,"MUN,MUN","BOU,LIV",ARS-BOU-CRY-IPS-LIV,5,1+1+1+1+1,0,2.5208,100.0,6.2,-0.1634,2.525405,False,
ARS-ARS-EVE-MUN-SUN,4,2+1+1+1,1,2.5455,2.2,2.83,0.6,2,"ARS,MUN","BOU,CHE",ARS-BOU-CHE-EVE-SUN,5,1+1+1+1+1,1,2.5208,100.0,18.8,-0.0028,2.525405,False,
ARS-EVE-IPS-MUN-MUN,4,2+1+1+1,0,2.5455,2.2,2.83,0.6,2,"MUN,MUN","BOU,CHE",ARS-BOU-CHE-EVE-IPS,5,1+1+1+1+1,0,2.5208,100.0,12.5,-0.0277,2.525405,False,
ARS-ARS-AVL-MUN-TOT,4,2+1+1+1,0,2.5455,2.4,2.67,-0.1232,2,"ARS,MUN","LIV,NFO",ARS-AVL-LIV-NFO-TOT,5,1+1+1+1+1,0,2.5208,93.8,18.8,-0.0611,2.525405,False,
ARS-ARS-AVL-BRE-MUN,4,2+1+1+1,0,2.5455,2.4,2.67,-0.1,2,"ARS,MUN","BOU,COV",ARS-AVL-BOU-BRE-COV,5,1+1+1+1+1,0,2.5208,100.0,6.2,-0.1689,2.525405,False,
ARS-ARS-BRE-LEE-SUN,4,2+1+1+1,1,2.5455,2.4,2.67,-0.1,2,"ARS,BRE","AVL,MCI",ARS-AVL-LEE-MCI-SUN,5,1+1+1+1+1,1,2.5208,100.0,6.2,-0.1686,2.525405,False,
ARS-ARS-BHA-LIV-MUN,4,2+1+1+1,0,2.5455,2.4,2.67,-0.1,2,"ARS,MUN","COV,MCI",ARS-BHA-COV-LIV-MCI,5,1+1+1+1+1,0,2.5208,93.8,12.5,-0.094,2.525405,False,
ARS-ARS-BHA-MCI-MUN,4,2+1+1+1,0,2.5455,2.4,2.67,-0.1,2,"ARS,MUN","COV,LEE",ARS-BHA-COV-LEE-MCI,5,1+1+1+1+1,0,2.5208,100.0,12.5,-0.1511,2.525405,False,
BRE-BHA-IPS-IPS-MUN,4,2+1+1+1,0,2.5455,2.4,2.67,-0.1,2,"IPS,MUN","CHE,MCI",BRE-BHA-CHE-IPS-MCI,5,1+1+1+1+1,0,2.5208,100.0,12.5,-0.0344,2.525405,False,
BRE-EVE-MUN-NFO-NFO,4,2+1+1+1,0,2.5455,2.4,2.67,-0.1,2,"BRE,NFO","COV,LIV",COV-EVE-LIV-MUN-NFO,5,1+1+1+1+1,0,2.5208,100.0,18.8,-0.0945,2.525405,False,
IPS-IPS-LEE-LIV-MUN,4,2+1+1+1,0,2.5455,2.4,2.67,-0.1,2,"IPS,MUN","CHE,HUL",CHE-HUL-IPS-LEE-LIV,5,1+1+1+1+1,0,2.5208,100.0,12.5,-0.1502,2.525405,False,
ARS-ARS-BRE-CHE-MUN,4,2+1+1+1,0,2.5455,2.4,2.67,-0.0622,2,"ARS,MUN","AVL,BOU",ARS-AVL-BOU-BRE-CHE,5,1+1+1+1+1,0,2.5208,100.0,6.2,-0.0705,2.525405,False,
AVL-CRY-IPS-MUN-MUN,4,2+1+1+1,0,2.5455,2.4,2.67,-0.0366,2,"IPS,MUN","LIV,MCI",AVL-CRY-LIV-MCI-MUN,5,1+1+1+1+1,0,2.5208,100.0,6.2,-0.1515,2.525405,False,
ARS-BHA-IPS-MUN-TOT,5,1+1+1+1+1,0,2.5455,2.4,2.67,-0.0232,2,"BHA,MUN","BOU,CHE",ARS-BOU-CHE-IPS-TOT,5,1+1+1+1+1,0,2.5208,100.0,6.2,-0.0922,2.525405,False,
ARS-BRE-BHA-IPS-MUN,5,1+1+1+1+1,0,2.5455,2.4,2.67,0.0,2,"ARS,MUN","CHE,MCI",BRE-BHA-CHE-IPS-MCI,5,1+1+1+1+1,0,2.5208,100.0,12.5,-0.0344,2.525405,False,
ARS-BRE-IPS-LEE-MUN,5,1+1+1+1+1,0,2.5455,2.4,2.67,0.0,2,"BRE,MUN","AVL,MCI",ARS-AVL-IPS-LEE-MCI,5,1+1+1+1+1,0,2.5208,100.0,6.2,-0.1765,2.525405,False,
ARS-BRE-EVE-MUN-NFO,5,1+1+1+1+1,0,2.5455,2.4,2.67,0.0366,2,"ARS,BRE","COV,LIV",COV-EVE-LIV-MUN-NFO,5,1+1+1+1+1,0,2.5208,100.0,18.8,-0.0945,2.525405,False,
BRE-EVE-IPS-MUN-NFO,5,1+1+1+1+1,0,2.5455,2.4,2.67,0.0366,2,"BRE,IPS","COV,LIV",COV-EVE-LIV-MUN-NFO,5,1+1+1+1+1,0,2.5208,100.0,18.8,-0.0945,2.525405,False,
ARS-ARS-LEE-MUN-TOT,4,2+1+1+1,0,2.5455,2.4,2.67,0.05,2,"ARS,MUN","FUL,NFO",ARS-FUL-LEE-NFO-TOT,5,1+1+1+1+1,0,2.5208,100.0,0.0,-0.1654,2.525405,False,
ARS-CRY-LEE-MUN-MUN,4,2+1+1+1,0,2.5455,2.4,2.67,0.05,2,"MUN,MUN","AVL,LIV",ARS-AVL-CRY-LEE-LIV,5,1+1+1+1+1,0,2.5208,100.0,12.5,-0.1055,2.525405,False,
ARS-CRY-LEE-SUN-SUN,4,2+1+1+1,2,2.5455,2.4,2.67,0.05,2,"CRY,SUN","AVL,MCI",ARS-AVL-LEE-MCI-SUN,5,1+1+1+1+1,1,2.5208,100.0,6.2,-0.1686,2.525405,False,
CRY-IPS-LEE-MUN-MUN,4,2+1+1+1,0,2.5455,2.4,2.67,0.05,2,"MUN,MUN","FUL,TOT",CRY-FUL-IPS-LEE-TOT,5,1+1+1+1+1,0,2.5208,100.0,0.0,-0.1462,2.525405,False,
ARS-CRY-LEE-MUN-SUN,5,1+1+1+1+1,1,2.5455,2.4,2.67,0.15,2,"CRY,MUN","AVL,MCI",ARS-AVL-LEE-MCI-SUN,5,1+1+1+1+1,1,2.5208,100.0,6.2,-0.1686,2.525405,False,
ARS-LEE-LEE-MUN-SUN,4,2+1+1+1,1,2.5455,2.4,2.67,0.2,2,"LEE,MUN","AVL,MCI",ARS-AVL-LEE-MCI-SUN,5,1+1+1+1+1,1,2.5208,100.0,6.2,-0.1686,2.525405,False,
EVE-IPS-LEE-MUN-MUN,4,2+1+1+1,0,2.5455,2.4,2.67,0.35,2,"IPS,MUN","COV,MCI",COV-EVE-LEE-MCI-MUN,5,1+1+1+1+1,0,2.5208,100.0,6.2,-0.1513,2.525405,False,
ARS-CHE-CHE-MUN-SUN,4,2+1+1+1,1,2.5455,2.4,2.67,0.6158,2,"ARS,MUN","AVL,NEW",AVL-CHE-CHE-NEW-SUN,4,2+1+1+1,1,2.5208,100.0,18.8,-0.2188,2.525405,False,
ARS-BRE-BRE-EVE-SUN,4,2+1+1+1,1,2.5455,2.6,2.5,-0.3,2,"BRE,BRE","BOU,CHE",ARS-BOU-CHE-EVE-SUN,5,1+1+1+1+1,1,2.5208,100.0,18.8,-0.0028,2.525405,False,
ARS-IPS-LIV-LIV-TOT,4,2+1+1+1,0,2.5455,2.6,2.5,-0.3,2,"LIV,TOT","BOU,CRY",ARS-BOU-CRY-IPS-LIV,5,1+1+1+1+1,0,2.5208,100.0,6.2,-0.1634,2.525405,False,
ARS-IPS-LIV-TOT-TOT,4,2+1+1+1,0,2.5455,2.6,2.5,-0.3,2,"TOT,TOT","BOU,CRY",ARS-BOU-CRY-IPS-LIV,5,1+1+1+1+1,0,2.5208,100.0,6.2,-0.1634,2.525405,False,
BRE-BRE-EVE-MUN-NFO,4,2+1+1+1,0,2.5455,2.6,2.5,-0.3,2,"BRE,BRE","COV,LIV",COV-EVE-LIV-MUN-NFO,5,1+1+1+1+1,0,2.5208,100.0,18.8,-0.0945,2.525405,False,
ARS-AVL-AVL-MUN-TOT,4,2+1+1+1,0,2.5455,2.6,2.5,-0.2964,2,"AVL,MUN","LIV,NFO",ARS-AVL-LIV-NFO-TOT,5,1+1+1+1+1,0,2.5208,93.8,18.8,-0.0611,2.525405,False,
ARS-BRE-BRE-LEE-SUN,4,2+1+1+1,1,2.5455,2.6,2.5,-0.25,2,"BRE,BRE","AVL,MCI",ARS-AVL-LEE-MCI-SUN,5,1+1+1+1+1,1,2.5208,100.0,6.2,-0.1686,2.525405,False,
CRY-LEE-LIV-MUN-MUN,4,2+1+1+1,0,2.5455,2.6,2.5,-0.25,2,"LEE,MUN","EVE,MCI",CRY-EVE-LIV-MCI-MUN,5,1+1+1+1+1,0,2.5208,100.0,0.0,-0.192,2.525405,False,
CRY-LEE-MCI-MUN-MUN,4,2+1+1+1,0,2.5455,2.6,2.5,-0.25,2,"LEE,MUN","EVE,LIV",CRY-EVE-LIV-MCI-MUN,5,1+1+1+1+1,0,2.5208,100.0,0.0,-0.192,2.525405,False,
IPS-LEE-LIV-LIV-MUN,4,2+1+1+1,0,2.5455,2.6,2.5,-0.25,2,"LIV,MUN","CHE,HUL",CHE-HUL-IPS-LEE-LIV,5,1+1+1+1+1,0,2.5208,100.0,12.5,-0.1502,2.525405,False,
CRY-CRY-MUN-TOT-SUN,4,2+1+1+1,1,2.5455,2.6,2.5,-0.2,2,"CRY,MUN","IPS,MCI",CRY-IPS-MCI-TOT-SUN,5,1+1+1+1+1,1,2.5208,100.0,18.8,-0.1142,2.525405,False,
BHA-CRY-LEE-MUN-MUN,4,2+1+1+1,0,2.5455,2.6,2.5,-0.1866,2,"MUN,MUN","FUL,TOT",BHA-CRY-FUL-LEE-TOT,5,1+1+1+1+1,0,2.5208,100.0,18.8,-0.0562,2.525405,False,
AVL-AVL-CRY-MUN-SUN,4,2+1+1+1,1,2.5455,2.6,2.5,-0.1732,2,"AVL,SUN","LIV,MCI",AVL-CRY-LIV-MCI-MUN,5,1+1+1+1+1,0,2.5208,100.0,6.2,-0.1515,2.525405,False,
ARS-BRE-BRE-CRY-SUN,4,2+1+1+1,1,2.5455,2.6,2.5,-0.15,2,"BRE,BRE","LIV,MCI",ARS-CRY-LIV-MCI-SUN,5,1+1+1+1+1,1,2.5208,100.0,12.5,-0.1074,2.525405,False,
ARS-CRY-MUN-TOT-TOT,4,2+1+1+1,0,2.5455,2.6,2.5,-0.15,2,"MUN,TOT","BOU,NFO",ARS-BOU-CRY-NFO-TOT,5,1+1+1+1+1,0,2.5208,100.0,6.2,-0.1505,2.525405,False,
ARS-CRY-TOT-TOT-SUN,4,2+1+1+1,1,2.5455,2.6,2.5,-0.15,2,"SUN,TOT","BOU,NFO",ARS-BOU-CRY-NFO-TOT,5,1+1+1+1+1,0,2.5208,100.0,6.2,-0.1505,2.525405,False,
BRE-BRE-CRY-IPS-MUN,4,2+1+1+1,0,2.5455,2.6,2.5,-0.15,2,"BRE,MUN","FUL,MCI",BRE-CRY-FUL-IPS-MCI,5,1+1+1+1+1,0,2.5208,100.0,6.2,-0.1383,2.525405,False,
BRE-IPS-LEE-LIV-MUN,5,1+1+1+1+1,0,2.5455,2.6,2.5,-0.15,2,"BRE,MUN","CHE,HUL",CHE-HUL-IPS-LEE-LIV,5,1+1+1+1+1,0,2.5208,100.0,12.5,-0.1502,2.525405,False,
ARS-AVL-BRE-EVE-MUN,5,1+1+1+1+1,0,2.5455,2.6,2.5,-0.1366,2,"EVE,MUN","BOU,COV",ARS-AVL-BOU-BRE-COV,5,1+1+1+1+1,0,2.5208,100.0,6.2,-0.1689,2.525405,False,
ARS-BRE-BHA-EVE-SUN,5,1+1+1+1+1,1,2.5455,2.6,2.5,-0.1366,2,"ARS,BRE","COV,NFO",BHA-COV-EVE-NFO-SUN,5,1+1+1+1+1,1,2.5208,100.0,12.5,-0.1457,2.525405,False,
BRE-BHA-EVE-IPS-MUN,5,1+1+1+1+1,0,2.5455,2.6,2.5,-0.1366,2,"EVE,MUN","CHE,MCI",BRE-BHA-CHE-IPS-MCI,5,1+1+1+1+1,0,2.5208,100.0,12.5,-0.0344,2.525405,False,
ARS-BRE-CHE-CRY-MUN,5,1+1+1+1+1,0,2.5455,2.6,2.5,-0.1067,2,"CRY,MUN","AVL,BOU",ARS-AVL-BOU-BRE-CHE,5,1+1+1+1+1,0,2.5208,100.0,6.2,-0.0705,2.525405,False,
ARS-BRE-BHA-LEE-MUN,5,1+1+1+1+1,0,2.5455,2.6,2.5,-0.1,2,"BRE,MUN","COV,MCI",ARS-BHA-COV-LEE-MCI,5,1+1+1+1+1,0,2.5208,100.0,12.5,-0.1511,2.525405,False,
ARS-BHA-BHA-LIV-MUN,4,2+1+1+1,0,2.5455,2.6,2.5,-0.1,2,"BHA,MUN","COV,MCI",ARS-BHA-COV-LIV-MCI,5,1+1+1+1+1,0,2.5208,93.8,12.5,-0.094,2.525405,False,
ARS-BHA-BHA-MCI-MUN,4,2+1+1+1,0,2.5455,2.6,2.5,-0.1,2,"BHA,MUN","COV,LEE",ARS-BHA-COV-LEE-MCI,5,1+1+1+1+1,0,2.5208,100.0,12.5,-0.1511,2.525405,False,
BRE-BHA-BHA-IPS-MUN,4,2+1+1+1,0,2.5455,2.6,2.5,-0.1,2,"BHA,MUN","CHE,MCI",BRE-BHA-CHE-IPS-MCI,5,1+1+1+1+1,0,2.5208,100.0,12.5,-0.0344,2.525405,False,
BRE-EVE-LEE-MUN-MUN,4,2+1+1+1,0,2.5455,2.6,2.5,-0.1,2,"BRE,MUN","COV,MCI",COV-EVE-LEE-MCI-MUN,5,1+1+1+1+1,0,2.5208,100.0,6.2,-0.1513,2.525405,False,
LEE-LEE-LIV-MUN-SUN,4,2+1+1+1,1,2.5455,2.6,2.5,-0.1,2,"LEE,MUN","BHA,NFO",BHA-LEE-LIV-NFO-SUN,5,1+1+1+1+1,1,2.5208,93.8,18.8,-0.0913,2.525405,False,
ARS-BRE-CHE-LEE-MUN,5,1+1+1+1+1,0,2.5455,2.6,2.5,-0.0811,2,"BRE,MUN","AVL,COV",ARS-AVL-CHE-COV-LEE,5,1+1+1+1+1,0,2.5208,100.0,6.2,-0.15,2.525405,False,
BRE-BRE-CRY-MUN-NFO,4,2+1+1+1,0,2.5455,2.6,2.5,-0.0634,2,"BRE,BRE","BOU,LIV",BOU-CRY-LIV-MUN-NFO,5,1+1+1+1+1,0,2.5208,100.0,18.8,-0.1221,2.525405,False,
ARS-BRE-CHE-CHE-MUN,4,2+1+1+1,0,2.5455,2.6,2.5,-0.0622,2,"CHE,MUN","AVL,BOU",ARS-AVL-BOU-BRE-CHE,5,1+1+1+1+1,0,2.5208,100.0,6.2,-0.0705,2.525405,False,
ARS-AVL-EVE-MUN-TOT,5,1+1+1+1+1,0,2.5455,2.6,2.5,-0.0098,2,"AVL,MUN","COV,LEE",ARS-COV-EVE-LEE-TOT,5,1+1+1+1+1,0,2.5208,100.0,6.2,-0.1449,2.525405,False,
ARS-BHA-EVE-MUN-TOT,5,1+1+1+1+1,0,2.5455,2.6,2.5,-0.0098,2,"BHA,MUN","COV,LEE",ARS-COV-EVE-LEE-TOT,5,1+1+1+1+1,0,2.5208,100.0,6.2,-0.1449,2.525405,False,
BHA-EVE-IPS-MUN-TOT,5,1+1+1+1+1,0,2.5455,2.6,2.5,-0.0098,2,"BHA,IPS","LIV,NFO",EVE-LIV-MUN-NFO-TOT,5,1+1+1+1+1,0,2.5208,100.0,12.5,-0.0809,2.525405,False,
ARS-BHA-CHE-CHE-MUN,4,2+1+1+1,0,2.5455,2.6,2.5,-0.0062,2,"ARS,MUN","EVE,NFO",BHA-CHE-CHE-EVE-NFO,4,2+1+1+1,0,2.5208,93.8,25.0,-0.0551,2.525405,False,
ARS-BRE-BRE-IPS-LIV,4,2+1+1+1,0,2.5455,2.6,2.5,-0.0,2,"BRE,BRE","BOU,CRY",ARS-BOU-CRY-IPS-LIV,5,1+1+1+1+1,0,2.5208,100.0,6.2,-0.1634,2.525405,False,
ARS-BRE-IPS-LIV-LIV,4,2+1+1+1,0,2.5455,2.6,2.5,-0.0,2,"BRE,LIV","BOU,CRY",ARS-BOU-CRY-IPS-LIV,5,1+1+1+1+1,0,2.5208,100.0,6.2,-0.1634,2.525405,False,
BRE-EVE-LEE-MUN-SUN,5,1+1+1+1+1,1,2.5455,2.6,2.5,0.0,2,"BRE,SUN","COV,MCI",COV-EVE-LEE-MCI-MUN,5,1+1+1+1+1,0,2.5208,100.0,6.2,-0.1513,2.525405,False,
CRY-MUN-TOT-TOT-SUN,4,2+1+1+1,1,2.5455,2.6,2.5,0.0,2,"MUN,TOT","IPS,MCI",CRY-IPS-MCI-TOT-SUN,5,1+1+1+1+1,1,2.5208,100.0,18.8,-0.1142,2.525405,False,
ARS-LEE-MUN-TOT-TOT,4,2+1+1+1,0,2.5455,2.6,2.5,0.05,2,"MUN,TOT","FUL,NFO",ARS-FUL-LEE-NFO-TOT,5,1+1+1+1+1,0,2.5208,100.0,0.0,-0.1654,2.525405,False,
CHE-CRY-MUN-MUN-TOT,4,2+1+1+1,0,2.5455,2.6,2.5,0.089,2,"CRY,MUN","BOU,NFO",BOU-CHE-MUN-NFO-TOT,5,1+1+1+1+1,0,2.5208,100.0,18.8,-0.0592,2.525405,False,
BHA-EVE-EVE-MUN-SUN,4,2+1+1+1,1,2.5455,2.6,2.5,0.1536,2,"EVE,MUN","COV,NFO",BHA-COV-EVE-NFO-SUN,5,1+1+1+1+1,1,2.5208,100.0,12.5,-0.1457,2.525405,False,
CHE-CHE-CRY-MUN-SUN,4,2+1+1+1,1,2.5455,2.6,2.5,0.2268,2,"CRY,MUN","AVL,NEW",AVL-CHE-CHE-NEW-SUN,4,2+1+1+1,1,2.5208,100.0,18.8,-0.2188,2.525405,False,
ARS-EVE-MUN-TOT-TOT,4,2+1+1+1,0,2.5455,2.6,2.5,0.3,2,"MUN,TOT","COV,LEE",ARS-COV-EVE-LEE-TOT,5,1+1+1+1+1,0,2.5208,100.0,6.2,-0.1449,2.525405,False,
EVE-IPS-MUN-TOT-TOT,4,2+1+1+1,0,2.5455,2.6,2.5,0.3,2,"IPS,TOT","LIV,NFO",EVE-LIV-MUN-NFO-TOT,5,1+1+1+1+1,0,2.5208,100.0,12.5,-0.0809,2.525405,False,
BHA-CRY-MUN-TOT-TOT,4,2+1+1+1,0,2.5455,2.8,2.33,-0.3232,2,"MUN,TOT","FUL,NFO",BHA-CRY-FUL-NFO-TOT,5,1+1+1+1+1,0,2.5208,100.0,12.5,-0.1548,2.525405,False,
CHE-CRY-LIV-LIV-MUN,4,2+1+1+1,0,2.5455,2.8,2.33,-0.3201,2,"CHE,LIV","EVE,MCI",CRY-EVE-LIV-MCI-MUN,5,1+1+1+1+1,0,2.5208,100.0,0.0,-0.192,2.525405,False,
CHE-CRY-MCI-MCI-MUN,4,2+1+1+1,0,2.5455,2.8,2.33,-0.3201,2,"CHE,MCI","EVE,LIV",CRY-EVE-LIV-MCI-MUN,5,1+1+1+1+1,0,2.5208,100.0,0.0,-0.192,2.525405,False,
AVL-AVL-EVE-MUN-TOT,4,2+1+1+1,0,2.5455,2.8,2.33,-0.3196,2,"AVL,AVL","LIV,NFO",EVE-LIV-MUN-NFO-TOT,5,1+1+1+1+1,0,2.5208,100.0,12.5,-0.0809,2.525405,False,
BHA-BHA-EVE-MUN-TOT,4,2+1+1+1,0,2.5455,2.8,2.33,-0.3196,2,"BHA,BHA","LIV,NFO",EVE-LIV-MUN-NFO-TOT,5,1+1+1+1+1,0,2.5208,100.0,12.5,-0.0809,2.525405,False,
BRE-BRE-BHA-EVE-SUN,4,2+1+1+1,1,2.5455,2.8,2.33,-0.3,2,"BRE,BRE","COV,NFO",BHA-COV-EVE-NFO-SUN,5,1+1+1+1+1,1,2.5208,100.0,12.5,-0.1457,2.525405,False,
BRE-BRE-CHE-EVE-MUN,4,2+1+1+1,0,2.5455,2.8,2.33,-0.3,2,"BRE,BRE","COV,MCI",CHE-COV-EVE-MCI-MUN,5,1+1+1+1+1,0,2.5208,100.0,0.0,-0.1158,2.525405,False,
CRY-LIV-LIV-MUN-TOT,4,2+1+1+1,0,2.5455,2.8,2.33,-0.3,2,"LIV,TOT","EVE,MCI",CRY-EVE-LIV-MCI-MUN,5,1+1+1+1+1,0,2.5208,100.0,0.0,-0.192,2.525405,False,
CRY-LIV-MUN-TOT-TOT,4,2+1+1+1,0,2.5455,2.8,2.33,-0.3,2,"TOT,TOT","EVE,MCI",CRY-EVE-LIV-MCI-MUN,5,1+1+1+1+1,0,2.5208,100.0,0.0,-0.192,2.525405,False,
BRE-BRE-CHE-LEE-MUN,4,2+1+1+1,0,2.5455,2.8,2.33,-0.2945,2,"BRE,MUN","AVL,AVL",AVL-AVL-BRE-CHE-LEE,4,2+1+1+1,0,2.5208,100.0,25.0,-0.0985,2.525405,False,
CHE-LEE-MCI-MCI-MUN,4,2+1+1+1,0,2.5455,2.8,2.33,-0.2945,2,"CHE,MCI","AVL,COV",AVL-COV-LEE-MCI-MUN,5,1+1+1+1+1,0,2.5208,100.0,6.2,-0.1807,2.525405,False,
BRE-BHA-BHA-EVE-SUN,4,2+1+1+1,1,2.5455,2.8,2.33,-0.2732,2,"BHA,BRE","COV,NFO",BHA-COV-EVE-NFO-SUN,5,1+1+1+1+1,1,2.5208,100.0,12.5,-0.1457,2.525405,False,
CHE-CHE-CRY-LIV-MUN,4,2+1+1+1,0,2.5455,2.8,2.33,-0.2512,2,"CHE,CHE","EVE,MCI",CRY-EVE-LIV-MCI-MUN,5,1+1+1+1+1,0,2.5208,100.0,0.0,-0.192,2.525405,False,
CHE-CHE-CRY-MCI-MUN,4,2+1+1+1,0,2.5455,2.8,2.33,-0.2512,2,"CHE,CHE","EVE,LIV",CRY-EVE-LIV-MCI-MUN,5,1+1+1+1+1,0,2.5208,100.0,0.0,-0.192,2.525405,False,
LEE-LIV-LIV-MUN-TOT,4,2+1+1+1,0,2.5455,2.8,2.33,-0.25,2,"LEE,LIV","EVE,NFO",EVE-LIV-MUN-NFO-TOT,5,1+1+1+1+1,0,2.5208,100.0,12.5,-0.0809,2.525405,False,
LEE-MCI-MCI-MUN-TOT,4,2+1+1+1,0,2.5455,2.8,2.33,-0.25,2,"MCI,TOT","AVL,COV",AVL-COV-LEE-MCI-MUN,5,1+1+1+1+1,0,2.5208,100.0,6.2,-0.1807,2.525405,False,
BRE-CHE-CRY-LIV-MUN,5,1+1+1+1+1,0,2.5455,2.8,2.33,-0.2201,2,"BRE,CHE","EVE,MCI",CRY-EVE-LIV-MCI-MUN,5,1+1+1+1+1,0,2.5208,100.0,0.0,-0.192,2.525405,False,
ARS-BRE-BRE-CHE-LIV,4,2+1+1+1,0,2.5455,2.8,2.33,-0.2146,2,"BRE,LIV","AVL,BOU",ARS-AVL-BOU-BRE-CHE,5,1+1+1+1+1,0,2.5208,100.0,6.2,-0.0705,2.525405,False,
ARS-BRE-CHE-LIV-LIV,4,2+1+1+1,0,2.5455,2.8,2.33,-0.2146,2,"LIV,LIV","AVL,BOU",ARS-AVL-BOU-BRE-CHE,5,1+1+1+1+1,0,2.5208,100.0,6.2,-0.0705,2.525405,False,
BHA-CHE-CHE-CRY-MUN,4,2+1+1+1,0,2.5455,2.8,2.33,-0.2086,2,"CHE,MUN","EVE,NFO",BHA-CHE-CRY-EVE-NFO,5,1+1+1+1+1,0,2.5208,100.0,12.5,-0.0531,2.525405,False,
CHE-CRY-LIV-MUN-TOT,5,1+1+1+1+1,0,2.5455,2.8,2.33,-0.2,2,"CHE,TOT","EVE,MCI",CRY-EVE-LIV-MCI-MUN,5,1+1+1+1+1,0,2.5208,100.0,0.0,-0.192,2.525405,False,
ARS-BRE-BRE-BHA-CHE,4,2+1+1+1,0,2.5455,2.8,2.33,-0.1951,2,"ARS,BRE","MCI,NEW",BRE-BHA-CHE-MCI-NEW,5,1+1+1+1+1,0,2.5208,100.0,12.5,-0.0963,2.525405,False,
BRE-BHA-CHE-CRY-MUN,5,1+1+1+1+1,0,2.5455,2.8,2.33,-0.1872,2,"CRY,MUN","MCI,NEW",BRE-BHA-CHE-MCI-NEW,5,1+1+1+1+1,0,2.5208,100.0,12.5,-0.0963,2.525405,False,
BRE-BRE-BHA-LEE-MUN,4,2+1+1+1,0,2.5455,2.8,2.33,-0.1134,2,"BRE,MUN","AVL,COV",AVL-BRE-BHA-COV-LEE,5,1+1+1+1+1,0,2.5208,100.0,18.8,-0.0756,2.525405,False,
BRE-BRE-LEE-MCI-MUN,4,2+1+1+1,0,2.5455,2.8,2.33,-0.1,2,"BRE,BRE","AVL,COV",AVL-COV-LEE-MCI-MUN,5,1+1+1+1+1,0,2.5208,100.0,6.2,-0.1807,2.525405,False,
BRE-BHA-BHA-LEE-MUN,4,2+1+1+1,0,2.5455,2.8,2.33,-0.1,2,"BHA,MUN","AVL,COV",AVL-BRE-BHA-COV-LEE,5,1+1+1+1+1,0,2.5208,100.0,18.8,-0.0756,2.525405,False,
BRE-CHE-CHE-LEE-MUN,4,2+1+1+1,0,2.5455,2.8,2.33,-0.1,2,"CHE,MUN","AVL,AVL",AVL-AVL-BRE-CHE-LEE,4,2+1+1+1,0,2.5208,100.0,25.0,-0.0985,2.525405,False,
BRE-LEE-MCI-MCI-MUN,4,2+1+1+1,0,2.5455,2.8,2.33,-0.1,2,"BRE,MCI","AVL,COV",AVL-COV-LEE-MCI-MUN,5,1+1+1+1+1,0,2.5208,100.0,6.2,-0.1807,2.525405,False,
CHE-CHE-LEE-MCI-MUN,4,2+1+1+1,0,2.5455,2.8,2.33,-0.1,2,"CHE,CHE","AVL,COV",AVL-COV-LEE-MCI-MUN,5,1+1+1+1+1,0,2.5208,100.0,6.2,-0.1807,2.525405,False,
LEE-LIV-MUN-TOT-TOT,4,2+1+1+1,0,2.5455,2.8,2.33,-0.1,2,"LEE,TOT","EVE,NFO",EVE-LIV-MUN-NFO-TOT,5,1+1+1+1+1,0,2.5208,100.0,12.5,-0.0809,2.525405,False,
LEE-MCI-MUN-TOT-TOT,4,2+1+1+1,0,2.5455,2.8,2.33,-0.1,2,"TOT,TOT","AVL,COV",AVL-COV-LEE-MCI-MUN,5,1+1+1+1+1,0,2.5208,100.0,6.2,-0.1807,2.525405,False,
AVL-EVE-MUN-TOT-TOT,4,2+1+1+1,0,2.5455,2.8,2.33,-0.0464,2,"AVL,TOT","LIV,NFO",EVE-LIV-MUN-NFO-TOT,5,1+1+1+1+1,0,2.5208,100.0,12.5,-0.0809,2.525405,False,
BHA-EVE-MUN-TOT-TOT,4,2+1+1+1,0,2.5455,2.8,2.33,-0.0464,2,"BHA,TOT","LIV,NFO",EVE-LIV-MUN-NFO-TOT,5,1+1+1+1+1,0,2.5208,100.0,12.5,-0.0809,2.525405,False,
BRE-BRE-CRY-LIV-MUN,4,2+1+1+1,0,2.5455,2.8,2.33,-0.0,2,"BRE,BRE","EVE,MCI",CRY-EVE-LIV-MCI-MUN,5,1+1+1+1+1,0,2.5208,100.0,0.0,-0.192,2.525405,False,
BRE-CRY-LIV-LIV-MUN,4,2+1+1+1,0,2.5455,2.8,2.33,-0.0,2,"BRE,LIV","EVE,MCI",CRY-EVE-LIV-MCI-MUN,5,1+1+1+1+1,0,2.5208,100.0,0.0,-0.192,2.525405,False,
CHE-CHE-LIV-MUN-TOT,4,2+1+1+1,0,2.5455,2.8,2.33,0.0512,2,"CHE,CHE","EVE,NFO",EVE-LIV-MUN-NFO-TOT,5,1+1+1+1+1,0,2.5208,100.0,12.5,-0.0809,2.525405,False,
CHE-LIV-MUN-TOT-TOT,4,2+1+1+1,0,2.5455,2.8,2.33,0.0512,2,"CHE,TOT","EVE,NFO",EVE-LIV-MUN-NFO-TOT,5,1+1+1+1+1,0,2.5208,100.0,12.5,-0.0809,2.525405,False,
BRE-BRE-BHA-MCI-MUN,4,2+1+1+1,0,2.5455,2.8,2.33,0.0732,2,"BRE,MUN","CHE,NEW",BRE-BHA-CHE-MCI-NEW,5,1+1+1+1+1,0,2.5208,100.0,12.5,-0.0963,2.525405,False,
BRE-BHA-BHA-MCI-MUN,4,2+1+1+1,0,2.5455,2.8,2.33,0.0732,2,"BHA,MUN","CHE,NEW",BRE-BHA-CHE-MCI-NEW,5,1+1+1+1+1,0,2.5208,100.0,12.5,-0.0963,2.525405,False,
BRE-BHA-MCI-MCI-MUN,4,2+1+1+1,0,2.5455,2.8,2.33,0.0732,2,"MCI,MUN","CHE,NEW",BRE-BHA-CHE-MCI-NEW,5,1+1+1+1+1,0,2.5208,100.0,12.5,-0.0963,2.525405,False,
BRE-BRE-BHA-MUN-SUN,4,2+1+1+1,1,2.3636,2.6,2.17,-0.3,2,"BRE,SUN","COV,MCI",BRE-BHA-COV-MCI-MUN,5,1+1+1+1+1,0,2.5625,100.0,6.2,-0.1622,2.525417,False,
BRE-BHA-BHA-MUN-SUN,4,2+1+1+1,1,2.3636,2.6,2.17,-0.2732,2,"BHA,SUN","COV,MCI",BRE-BHA-COV-MCI-MUN,5,1+1+1+1+1,0,2.5625,100.0,6.2,-0.1622,2.525417,False,
ARS-ARS-CHE-EVE-NFO,4,2+1+1+1,0,2.9091,2.4,3.33,0.3728,2,"ARS,ARS","BOU,LIV",BOU-CHE-EVE-LIV-NFO,5,1+1+1+1+1,0,2.4375,100.0,25.0,-0.0785,2.525425,False,
CHE-EVE-IPS-IPS-NFO,4,2+1+1+1,0,2.9091,2.4,3.33,0.3728,2,"IPS,IPS","BOU,LIV",BOU-CHE-EVE-LIV-NFO,5,1+1+1+1+1,0,2.4375,100.0,25.0,-0.0785,2.525425,False,
ARS-CHE-EVE-IPS-NFO,5,1+1+1+1+1,0,2.9091,2.4,3.33,0.4728,2,"ARS,IPS","BOU,LIV",BOU-CHE-EVE-LIV-NFO,5,1+1+1+1+1,0,2.4375,100.0,25.0,-0.0785,2.525425,False,
ARS-CHE-EVE-EVE-NFO,4,2+1+1+1,0,2.9091,2.6,3.17,0.3618,2,"ARS,EVE","BOU,LIV",BOU-CHE-EVE-LIV-NFO,5,1+1+1+1+1,0,2.4375,100.0,25.0,-0.0785,2.525425,False,
CHE-EVE-EVE-IPS-NFO,4,2+1+1+1,0,2.9091,2.6,3.17,0.3618,2,"EVE,IPS","BOU,LIV",BOU-CHE-EVE-LIV-NFO,5,1+1+1+1+1,0,2.4375,100.0,25.0,-0.0785,2.525425,False,
ARS-CHE-EVE-EVE-LIV,4,2+1+1+1,0,2.9091,2.8,3.0,-0.0366,2,"ARS,EVE","BOU,NFO",BOU-CHE-EVE-LIV-NFO,5,1+1+1+1+1,0,2.4375,100.0,25.0,-0.0785,2.525425,False,
CHE-EVE-EVE-IPS-LIV,4,2+1+1+1,0,2.9091,2.8,3.0,-0.0366,2,"EVE,IPS","BOU,NFO",BOU-CHE-EVE-LIV-NFO,5,1+1+1+1+1,0,2.4375,100.0,25.0,-0.0785,2.525425,False,
AVL-CHE-CRY-CRY-NFO,4,2+1+1+1,0,2.9091,2.8,3.0,0.1143,2,"CRY,CRY","BOU,LIV",AVL-BOU-CHE-LIV-NFO,5,1+1+1+1+1,0,2.4375,100.0,18.8,-0.0994,2.525425,False,
AVL-CRY-CRY-LIV-NFO,4,2+1+1+1,0,2.9091,2.8,3.0,0.583,2,"CRY,CRY","BOU,CHE",AVL-BOU-CHE-LIV-NFO,5,1+1+1+1+1,0,2.4375,100.0,18.8,-0.0994,2.525425,False,
AVL-CRY-CRY-MCI-NFO,4,2+1+1+1,0,2.9091,2.8,3.0,0.583,2,"CRY,CRY","CHE,LIV",AVL-CHE-LIV-MCI-NFO,5,1+1+1+1+1,0,2.4375,100.0,25.0,-0.0529,2.525425,False,
CHE-EVE-EVE-LEE-LIV,4,2+1+1+1,0,2.9091,3.0,2.83,-0.1055,2,"EVE,LEE","BOU,NFO",BOU-CHE-EVE-LIV-NFO,5,1+1+1+1+1,0,2.4375,100.0,25.0,-0.0785,2.525425,False,
ARS-ARS-IPS-MCI-MUN,4,2+1+1+1,0,2.6364,2.2,3.0,0.1,2,"ARS,MUN","BOU,FUL",ARS-BOU-FUL-IPS-MCI,5,1+1+1+1+1,0,2.5,100.0,31.2,-0.0453,2.525431,False,
ARS-IPS-IPS-MCI-MUN,4,2+1+1+1,0,2.6364,2.2,3.0,0.1,2,"IPS,MUN","BOU,FUL",ARS-BOU-FUL-IPS-MCI,5,1+1+1+1+1,0,2.5,100.0,31.2,-0.0453,2.525431,False,
ARS-ARS-BHA-NFO-SUN,4,2+1+1+1,1,2.6364,2.2,3.0,0.2366,2,"ARS,ARS","LIV,TOT",BHA-LIV-NFO-TOT-SUN,5,1+1+1+1+1,1,2.5,100.0,18.8,-0.1476,2.525431,False,
BHA-IPS-IPS-MUN-NFO,4,2+1+1+1,0,2.6364,2.2,3.0,0.2366,2,"IPS,MUN","BOU,LIV",BOU-BHA-IPS-LIV-NFO,5,1+1+1+1+1,0,2.5,100.0,6.2,-0.104,2.525431,False,
ARS-BHA-IPS-MUN-NFO,5,1+1+1+1+1,0,2.6364,2.2,3.0,0.3366,2,"ARS,MUN","BOU,LIV",BOU-BHA-IPS-LIV-NFO,5,1+1+1+1+1,0,2.5,100.0,6.2,-0.104,2.525431,False,
ARS-ARS-CHE-MUN-NFO,4,2+1+1+1,0,2.6364,2.2,3.0,0.3728,2,"ARS,MUN","AVL,BOU",ARS-AVL-BOU-CHE-NFO,5,1+1+1+1+1,0,2.5,100.0,6.2,-0.094,2.525431,False,
ARS-IPS-NFO-TOT-TOT,4,2+1+1+1,0,2.6364,2.4,2.83,-0.1,2,"ARS,TOT","CHE,FUL",CHE-FUL-IPS-NFO-TOT,5,1+1+1+1+1,0,2.5,100.0,6.2,-0.1618,2.525431,False,
ARS-ARS-CRY-LIV-MUN,4,2+1+1+1,0,2.6364,2.4,2.83,0.0,2,"ARS,MUN","AVL,BOU",ARS-AVL-BOU-CRY-LIV,5,1+1+1+1+1,0,2.5,100.0,0.0,-0.1373,2.525431,False,
ARS-ARS-CRY-LIV-SUN,4,2+1+1+1,1,2.6364,2.4,2.83,0.0,2,"ARS,SUN","AVL,BOU",ARS-AVL-BOU-CRY-LIV,5,1+1+1+1+1,0,2.5,100.0,0.0,-0.1373,2.525431,False,
ARS-ARS-CRY-MCI-MUN,4,2+1+1+1,0,2.6364,2.4,2.83,0.0,2,"ARS,MUN","AVL,LIV",ARS-AVL-CRY-LIV-MCI,5,1+1+1+1+1,0,2.5,100.0,6.2,-0.1226,2.525431,False,
ARS-ARS-CRY-MCI-SUN,4,2+1+1+1,1,2.6364,2.4,2.83,0.0,2,"ARS,SUN","AVL,LIV",ARS-AVL-CRY-LIV-MCI,5,1+1+1+1+1,0,2.5,100.0,6.2,-0.1226,2.525431,False,
ARS-ARS-EVE-MCI-MUN,4,2+1+1+1,0,2.6364,2.4,2.83,0.0,2,"ARS,ARS","COV,LIV",COV-EVE-LIV-MCI-MUN,5,1+1+1+1+1,0,2.5,100.0,6.2,-0.1541,2.525431,False,
CRY-IPS-IPS-LIV-MUN,4,2+1+1+1,0,2.6364,2.4,2.83,0.0,2,"IPS,MUN","BOU,NEW",BOU-CRY-IPS-LIV-NEW,5,1+1+1+1+1,0,2.5,100.0,12.5,-0.1567,2.525431,False,
CRY-IPS-IPS-MCI-MUN,4,2+1+1+1,0,2.6364,2.4,2.83,0.0,2,"IPS,MUN","LIV,NEW",CRY-IPS-LIV-MCI-NEW,5,1+1+1+1+1,0,2.5,100.0,12.5,-0.1452,2.525431,False,
CRY-IPS-IPS-MUN-TOT,4,2+1+1+1,0,2.6364,2.4,2.83,0.0,2,"IPS,MUN","FUL,MCI",CRY-FUL-IPS-MCI-TOT,5,1+1+1+1+1,0,2.5,100.0,18.8,-0.1406,2.525431,False,
EVE-IPS-IPS-LIV-MUN,4,2+1+1+1,0,2.6364,2.4,2.83,0.0,2,"IPS,IPS","BOU,COV",BOU-COV-EVE-LIV-MUN,5,1+1+1+1+1,0,2.5,100.0,12.5,-0.1613,2.525431,False,
ARS-ARS-AVL-LEE-MUN,4,2+1+1+1,0,2.6364,2.4,2.83,0.0134,2,"ARS,MUN","COV,MCI",ARS-AVL-COV-LEE-MCI,5,1+1+1+1+1,0,2.5,100.0,6.2,-0.1997,2.525431,False,
ARS-ARS-AVL-LEE-SUN,4,2+1+1+1,1,2.6364,2.4,2.83,0.0134,2,"ARS,SUN","COV,MCI",ARS-AVL-COV-LEE-MCI,5,1+1+1+1+1,0,2.5,100.0,6.2,-0.1997,2.525431,False,
ARS-ARS-BHA-LEE-SUN,4,2+1+1+1,1,2.6364,2.4,2.83,0.0134,2,"ARS,ARS","COV,MCI",BHA-COV-LEE-MCI-SUN,5,1+1+1+1+1,1,2.5,100.0,18.8,-0.1462,2.525431,False,
AVL-IPS-IPS-LEE-MUN,4,2+1+1+1,0,2.6364,2.4,2.83,0.0134,2,"IPS,MUN","CHE,COV",AVL-CHE-COV-IPS-LEE,5,1+1+1+1+1,0,2.5,100.0,12.5,-0.0914,2.525431,False,
BHA-IPS-IPS-LEE-MUN,4,2+1+1+1,0,2.6364,2.4,2.83,0.0134,2,"IPS,MUN","FUL,MCI",BHA-FUL-IPS-LEE-MCI,5,1+1+1+1+1,0,2.5,100.0,6.2,-0.1502,2.525431,False,
ARS-ARS-AVL-CHE-MUN,4,2+1+1+1,0,2.6364,2.4,2.83,0.0475,2,"ARS,MUN","BOU,COV",ARS-AVL-BOU-CHE-COV,5,1+1+1+1+1,0,2.5,100.0,6.2,-0.1007,2.525431,False,
ARS-ARS-AVL-CHE-SUN,4,2+1+1+1,1,2.6364,2.4,2.83,0.0475,2,"ARS,ARS","MCI,NEW",AVL-CHE-MCI-NEW-SUN,5,1+1+1+1+1,1,2.5,100.0,12.5,-0.1692,2.525431,False,
ARS-ARS-BHA-CHE-SUN,4,2+1+1+1,1,2.6364,2.4,2.83,0.0475,2,"ARS,ARS","COV,MCI",BHA-CHE-COV-MCI-SUN,5,1+1+1+1+1,1,2.5,100.0,18.8,-0.106,2.525431,False,
BHA-CHE-IPS-IPS-MUN,4,2+1+1+1,0,2.6364,2.4,2.83,0.0475,2,"IPS,MUN","BOU,NFO",BOU-BHA-CHE-IPS-NFO,5,1+1+1+1+1,0,2.5,100.0,6.2,-0.0956,2.525431,False,
ARS-BHA-BHA-NFO-SUN,4,2+1+1+1,1,2.6364,2.4,2.83,0.0634,2,"ARS,BHA","LIV,TOT",BHA-LIV-NFO-TOT-SUN,5,1+1+1+1+1,1,2.5,100.0,18.8,-0.1476,2.525431,False,
BHA-BHA-IPS-MUN-NFO,4,2+1+1+1,0,2.6364,2.4,2.83,0.0634,2,"BHA,MUN","BOU,LIV",BOU-BHA-IPS-LIV-NFO,5,1+1+1+1+1,0,2.5,100.0,6.2,-0.104,2.525431,False,
ARS-ARS-BRE-MCI-NFO,4,2+1+1+1,0,2.6364,2.4,2.83,0.0732,2,"ARS,ARS","AVL,COV",AVL-BRE-COV-MCI-NFO,5,1+1+1+1+1,0,2.5,93.8,18.8,-0.0774,2.525431,False,
ARS-CRY-IPS-LIV-MUN,5,1+1+1+1+1,0,2.6364,2.4,2.83,0.1,2,"ARS,MUN","BOU,NEW",BOU-CRY-IPS-LIV-NEW,5,1+1+1+1+1,0,2.5,100.0,12.5,-0.1567,2.525431,False,
ARS-CRY-IPS-MCI-MUN,5,1+1+1+1+1,0,2.6364,2.4,2.83,0.1,2,"ARS,MUN","LIV,NEW",CRY-IPS-LIV-MCI-NEW,5,1+1+1+1+1,0,2.5,100.0,12.5,-0.1452,2.525431,False,
ARS-CRY-IPS-MUN-TOT,5,1+1+1+1+1,0,2.6364,2.4,2.83,0.1,2,"ARS,MUN","FUL,MCI",CRY-FUL-IPS-MCI-TOT,5,1+1+1+1+1,0,2.5,100.0,18.8,-0.1406,2.525431,False,
ARS-AVL-IPS-LEE-MUN,5,1+1+1+1+1,0,2.6364,2.4,2.83,0.1134,2,"IPS,MUN","COV,MCI",ARS-AVL-COV-LEE-MCI,5,1+1+1+1+1,0,2.5,100.0,6.2,-0.1997,2.525431,False,
ARS-BHA-IPS-LEE-MUN,5,1+1+1+1+1,0,2.6364,2.4,2.83,0.1134,2,"ARS,MUN","FUL,MCI",BHA-FUL-IPS-LEE-MCI,5,1+1+1+1+1,0,2.5,100.0,6.2,-0.1502,2.525431,False,
ARS-BRE-CRY-MUN-NFO,5,1+1+1+1+1,0,2.6364,2.4,2.83,0.1232,2,"BRE,MUN","BOU,LIV",ARS-BOU-CRY-LIV-NFO,5,1+1+1+1+1,0,2.5,100.0,18.8,-0.1062,2.525431,False,
ARS-BRE-CRY-NFO-SUN,5,1+1+1+1+1,1,2.6364,2.4,2.83,0.1232,2,"BRE,SUN","BOU,LIV",ARS-BOU-CRY-LIV-NFO,5,1+1+1+1+1,0,2.5,100.0,18.8,-0.1062,2.525431,False,
BRE-CRY-IPS-MUN-NFO,5,1+1+1+1+1,0,2.6364,2.4,2.83,0.1232,2,"BRE,MUN","BOU,FUL",BOU-CRY-FUL-IPS-NFO,5,1+1+1+1+1,0,2.5,100.0,12.5,-0.1424,2.525431,False,
ARS-BHA-CHE-IPS-MUN,5,1+1+1+1+1,0,2.6364,2.4,2.83,0.1475,2,"ARS,MUN","BOU,NFO",BOU-BHA-CHE-IPS-NFO,5,1+1+1+1+1,0,2.5,100.0,6.2,-0.0956,2.525431,False,
ARS-BRE-MCI-NFO-NFO,4,2+1+1+1,0,2.6364,2.4,2.83,0.1732,2,"ARS,NFO","AVL,COV",AVL-BRE-COV-MCI-NFO,5,1+1+1+1+1,0,2.5,93.8,18.8,-0.0774,2.525431,False,
ARS-CHE-CRY-MUN-NFO,5,1+1+1+1+1,0,2.6364,2.4,2.83,0.2283,2,"ARS,MUN","EVE,FUL",CHE-CRY-EVE-FUL-NFO,5,1+1+1+1+1,0,2.5,100.0,12.5,-0.1245,2.525431,False,
ARS-ARS-CHE-LEE-SUN,4,2+1+1+1,1,2.6364,2.4,2.83,0.2323,2,"ARS,ARS","NFO,TOT",CHE-LEE-NFO-TOT-SUN,5,1+1+1+1+1,1,2.5,100.0,12.5,-0.1726,2.525431,False,
CHE-IPS-IPS-LEE-MUN,4,2+1+1+1,0,2.6364,2.4,2.83,0.2323,2,"IPS,MUN","FUL,TOT",CHE-FUL-IPS-LEE-TOT,5,1+1+1+1+1,0,2.5,100.0,6.2,-0.176,2.525431,False,
ARS-ARS-EVE-TOT-SUN,4,2+1+1+1,1,2.6364,2.4,2.83,0.3,2,"ARS,ARS","CHE,NFO",CHE-EVE-NFO-TOT-SUN,5,1+1+1+1+1,1,2.5,100.0,6.2,-0.1916,2.525431,False,
ARS-CHE-IPS-LEE-MUN,5,1+1+1+1+1,0,2.6364,2.4,2.83,0.3323,2,"ARS,MUN","FUL,TOT",CHE-FUL-IPS-LEE-TOT,5,1+1+1+1+1,0,2.5,100.0,6.2,-0.176,2.525431,False,
ARS-CHE-CHE-IPS-MUN,4,2+1+1+1,0,2.6364,2.4,2.83,0.4646,2,"ARS,MUN","AVL,NFO",AVL-CHE-CHE-IPS-NFO,4,2+1+1+1,0,2.5,100.0,18.8,-0.1637,2.525431,False,
ARS-BHA-NFO-TOT-TOT,4,2+1+1+1,0,2.6364,2.6,2.67,-0.3098,2,"ARS,TOT","FUL,LEE",BHA-FUL-LEE-NFO-TOT,5,1+1+1+1+1,0,2.5,100.0,0.0,-0.1679,2.525431,False,
BHA-IPS-NFO-TOT-TOT,4,2+1+1+1,0,2.6364,2.6,2.67,-0.3098,2,"IPS,TOT","FUL,LEE",BHA-FUL-LEE-NFO-TOT,5,1+1+1+1+1,0,2.5,100.0,0.0,-0.1679,2.525431,False,
ARS-AVL-IPS-TOT-TOT,4,2+1+1+1,0,2.6364,2.6,2.67,-0.2732,2,"ARS,TOT","CHE,LEE",AVL-CHE-IPS-LEE-TOT,5,1+1+1+1+1,0,2.5,100.0,18.8,-0.0867,2.525431,False,
ARS-ARS-BRE-CHE-MCI,4,2+1+1+1,0,2.6364,2.6,2.67,-0.2512,2,"ARS,ARS","AVL,NEW",AVL-BRE-CHE-MCI-NEW,5,1+1+1+1+1,0,2.5,100.0,12.5,-0.1605,2.525431,False,
ARS-BRE-BRE-CHE-IPS,4,2+1+1+1,0,2.6364,2.6,2.67,-0.2512,2,"ARS,BRE","FUL,MCI",BRE-CHE-FUL-IPS-MCI,5,1+1+1+1+1,0,2.5,100.0,6.2,-0.0918,2.525431,False,
ARS-ARS-BHA-LIV-TOT,4,2+1+1+1,0,2.6364,2.6,2.67,-0.25,2,"ARS,ARS","NFO,NFO",BHA-LIV-NFO-NFO-TOT,4,2+1+1+1,0,2.5,100.0,18.8,-0.1486,2.525431,False,
ARS-ARS-BHA-MCI-TOT,4,2+1+1+1,0,2.6364,2.6,2.67,-0.25,2,"ARS,BHA","COV,FUL",ARS-COV-FUL-MCI-TOT,5,1+1+1+1+1,0,2.5,100.0,18.8,-0.0502,2.525431,False,
ARS-ARS-LEE-LIV-TOT,4,2+1+1+1,0,2.6364,2.6,2.67,-0.25,2,"ARS,TOT","AVL,COV",ARS-AVL-COV-LEE-LIV,5,1+1+1+1+1,0,2.5,100.0,6.2,-0.1536,2.525431,False,
ARS-ARS-LEE-MCI-TOT,4,2+1+1+1,0,2.6364,2.6,2.67,-0.25,2,"ARS,TOT","AVL,COV",ARS-AVL-COV-LEE-MCI,5,1+1+1+1+1,0,2.5,100.0,6.2,-0.1997,2.525431,False,
AVL-IPS-IPS-LIV-TOT,4,2+1+1+1,0,2.6364,2.6,2.67,-0.25,2,"IPS,LIV","CHE,LEE",AVL-CHE-IPS-LEE-TOT,5,1+1+1+1+1,0,2.5,100.0,18.8,-0.0867,2.525431,False,
BHA-IPS-IPS-LIV-TOT,4,2+1+1+1,0,2.6364,2.6,2.67,-0.25,2,"IPS,IPS","NFO,NFO",BHA-LIV-NFO-NFO-TOT,4,2+1+1+1,0,2.5,100.0,18.8,-0.1486,2.525431,False,
IPS-IPS-LEE-LIV-TOT,4,2+1+1+1,0,2.6364,2.6,2.67,-0.25,2,"IPS,LIV","CHE,FUL",CHE-FUL-IPS-LEE-TOT,5,1+1+1+1+1,0,2.5,100.0,6.2,-0.176,2.525431,False,
ARS-ARS-CHE-LIV-TOT,4,2+1+1+1,0,2.6364,2.6,2.67,-0.2311,2,"ARS,LIV","BOU,NFO",ARS-BOU-CHE-NFO-TOT,5,1+1+1+1+1,0,2.5,100.0,12.5,-0.0708,2.525431,False,
ARS-BRE-BRE-EVE-NFO,4,2+1+1+1,0,2.6364,2.6,2.67,-0.1634,2,"BRE,BRE","BOU,LIV",ARS-BOU-EVE-LIV-NFO,5,1+1+1+1+1,0,2.5,93.8,25.0,-0.0397,2.525431,False,
BRE-BRE-EVE-IPS-NFO,4,2+1+1+1,0,2.6364,2.6,2.67,-0.1634,2,"BRE,BRE","BOU,CHE",BOU-CHE-EVE-IPS-NFO,5,1+1+1+1+1,0,2.5,93.8,12.5,-0.0777,2.525431,False,
ARS-BHA-IPS-LIV-TOT,5,1+1+1+1+1,0,2.6364,2.6,2.67,-0.15,2,"ARS,IPS","NFO,NFO",BHA-LIV-NFO-NFO-TOT,4,2+1+1+1,0,2.5,100.0,18.8,-0.1486,2.525431,False,
ARS-IPS-LEE-LIV-TOT,5,1+1+1+1+1,0,2.6364,2.6,2.67,-0.15,2,"ARS,LIV","CHE,FUL",CHE-FUL-IPS-LEE-TOT,5,1+1+1+1+1,0,2.5,100.0,6.2,-0.176,2.525431,False,
ARS-AVL-CRY-MUN-TOT,5,1+1+1+1+1,0,2.6364,2.6,2.67,-0.1366,2,"MUN,TOT","BOU,LIV",ARS-AVL-BOU-CRY-LIV,5,1+1+1+1+1,0,2.5,100.0,0.0,-0.1373,2.525431,False,
ARS-AVL-CRY-TOT-SUN,5,1+1+1+1+1,1,2.6364,2.6,2.67,-0.1366,2,"SUN,TOT","BOU,LIV",ARS-AVL-BOU-CRY-LIV,5,1+1+1+1+1,0,2.5,100.0,0.0,-0.1373,2.525431,False,
ARS-BHA-CRY-TOT-SUN,5,1+1+1+1+1,1,2.6364,2.6,2.67,-0.1366,2,"ARS,CRY","LIV,NFO",BHA-LIV-NFO-TOT-SUN,5,1+1+1+1+1,1,2.5,100.0,18.8,-0.1476,2.525431,False,
AVL-CRY-IPS-MUN-TOT,5,1+1+1+1+1,0,2.6364,2.6,2.67,-0.1366,2,"AVL,MUN","FUL,MCI",CRY-FUL-IPS-MCI-TOT,5,1+1+1+1+1,0,2.5,100.0,18.8,-0.1406,2.525431,False,
BHA-CRY-IPS-MUN-TOT,5,1+1+1+1+1,0,2.6364,2.6,2.67,-0.1366,2,"BHA,MUN","FUL,MCI",CRY-FUL-IPS-MCI-TOT,5,1+1+1+1+1,0,2.5,100.0,18.8,-0.1406,2.525431,False,
ARS-BHA-BHA-LEE-SUN,4,2+1+1+1,1,2.6364,2.6,2.67,-0.1232,2,"ARS,BHA","COV,MCI",BHA-COV-LEE-MCI-SUN,5,1+1+1+1+1,1,2.5,100.0,18.8,-0.1462,2.525431,False,
BHA-BHA-IPS-LEE-MUN,4,2+1+1+1,0,2.6364,2.6,2.67,-0.1232,2,"BHA,MUN","FUL,MCI",BHA-FUL-IPS-LEE-MCI,5,1+1+1+1+1,0,2.5,100.0,6.2,-0.1502,2.525431,False,
ARS-ARS-BRE-LEE-LIV,4,2+1+1+1,0,2.6364,2.6,2.67,-0.1,2,"ARS,BRE","AVL,COV",ARS-AVL-COV-LEE-LIV,5,1+1+1+1+1,0,2.5,100.0,6.2,-0.1536,2.525431,False,
ARS-ARS-BRE-LEE-MCI,4,2+1+1+1,0,2.6364,2.6,2.67,-0.1,2,"ARS,BRE","AVL,COV",ARS-AVL-COV-LEE-MCI,5,1+1+1+1+1,0,2.5,100.0,6.2,-0.1997,2.525431,False,
ARS-IPS-LEE-LIV-LIV,4,2+1+1+1,0,2.6364,2.6,2.67,-0.1,2,"IPS,LIV","AVL,COV",ARS-AVL-COV-LEE-LIV,5,1+1+1+1+1,0,2.5,100.0,6.2,-0.1536,2.525431,False,
ARS-IPS-LEE-TOT-TOT,4,2+1+1+1,0,2.6364,2.6,2.67,-0.1,2,"ARS,TOT","CHE,FUL",CHE-FUL-IPS-LEE-TOT,5,1+1+1+1+1,0,2.5,100.0,6.2,-0.176,2.525431,False,
ARS-LEE-LEE-LIV-MUN,4,2+1+1+1,0,2.6364,2.6,2.67,-0.1,2,"LEE,MUN","AVL,COV",ARS-AVL-COV-LEE-LIV,5,1+1+1+1+1,0,2.5,100.0,6.2,-0.1536,2.525431,False,
ARS-LEE-LEE-LIV-SUN,4,2+1+1+1,1,2.6364,2.6,2.67,-0.1,2,"LEE,SUN","AVL,COV",ARS-AVL-COV-LEE-LIV,5,1+1+1+1+1,0,2.5,100.0,6.2,-0.1536,2.525431,False,
ARS-LEE-LEE-MCI-MUN,4,2+1+1+1,0,2.6364,2.6,2.67,-0.1,2,"LEE,MUN","AVL,COV",ARS-AVL-COV-LEE-MCI,5,1+1+1+1+1,0,2.5,100.0,6.2,-0.1997,2.525431,False,
ARS-LEE-LEE-MCI-SUN,4,2+1+1+1,1,2.6364,2.6,2.67,-0.1,2,"LEE,SUN","AVL,COV",ARS-AVL-COV-LEE-MCI,5,1+1+1+1+1,0,2.5,100.0,6.2,-0.1997,2.525431,False,
BHA-CRY-CRY-MUN-SUN,4,2+1+1+1,1,2.6364,2.6,2.67,-0.1,2,"CRY,MUN","LIV,MCI",BHA-CRY-LIV-MCI-SUN,5,1+1+1+1+1,1,2.5,100.0,18.8,-0.1215,2.525431,False,
EVE-EVE-MCI-MUN-NFO,4,2+1+1+1,0,2.6364,2.6,2.67,-0.1,2,"EVE,NFO","COV,LIV",COV-EVE-LIV-MCI-MUN,5,1+1+1+1+1,0,2.5,100.0,6.2,-0.1541,2.525431,False,
ARS-BRE-EVE-LEE-MUN,5,1+1+1+1+1,0,2.6364,2.6,2.67,-0.05,2,"BRE,MUN","COV,LIV",ARS-COV-EVE-LEE-LIV,5,1+1+1+1+1,0,2.5,100.0,12.5,-0.1182,2.525431,False,
ARS-BRE-EVE-LEE-SUN,5,1+1+1+1+1,1,2.6364,2.6,2.67,-0.05,2,"BRE,SUN","COV,LIV",ARS-COV-EVE-LEE-LIV,5,1+1+1+1+1,0,2.5,100.0,12.5,-0.1182,2.525431,False,
ARS-CRY-LEE-LIV-MUN,5,1+1+1+1+1,0,2.6364,2.6,2.67,-0.05,2,"CRY,MUN","AVL,COV",ARS-AVL-COV-LEE-LIV,5,1+1+1+1+1,0,2.5,100.0,6.2,-0.1536,2.525431,False,
ARS-CRY-LEE-LIV-SUN,5,1+1+1+1+1,1,2.6364,2.6,2.67,-0.05,2,"CRY,SUN","AVL,COV",ARS-AVL-COV-LEE-LIV,5,1+1+1+1+1,0,2.5,100.0,6.2,-0.1536,2.525431,False,
ARS-CRY-LEE-MCI-MUN,5,1+1+1+1+1,0,2.6364,2.6,2.67,-0.05,2,"CRY,MUN","AVL,COV",ARS-AVL-COV-LEE-MCI,5,1+1+1+1+1,0,2.5,100.0,6.2,-0.1997,2.525431,False,
ARS-CRY-LEE-MCI-SUN,5,1+1+1+1+1,1,2.6364,2.6,2.67,-0.05,2,"CRY,SUN","AVL,COV",ARS-AVL-COV-LEE-MCI,5,1+1+1+1+1,0,2.5,100.0,6.2,-0.1997,2.525431,False,
ARS-CRY-LEE-MUN-TOT,5,1+1+1+1+1,0,2.6364,2.6,2.67,-0.05,2,"ARS,MUN","AVL,FUL",AVL-CRY-FUL-LEE-TOT,5,1+1+1+1+1,0,2.5,100.0,12.5,-0.1346,2.525431,False,
ARS-CRY-LEE-TOT-SUN,5,1+1+1+1+1,1,2.6364,2.6,2.67,-0.05,2,"ARS,CRY","CHE,NFO",CHE-LEE-NFO-TOT-SUN,5,1+1+1+1+1,1,2.5,100.0,12.5,-0.1726,2.525431,False,
CRY-IPS-LEE-LIV-MUN,5,1+1+1+1+1,0,2.6364,2.6,2.67,-0.05,2,"LEE,MUN","BOU,NEW",BOU-CRY-IPS-LIV-NEW,5,1+1+1+1+1,0,2.5,100.0,12.5,-0.1567,2.525431,False,
CRY-IPS-LEE-MUN-TOT,5,1+1+1+1+1,0,2.6364,2.6,2.67,-0.05,2,"CRY,MUN","CHE,FUL",CHE-FUL-IPS-LEE-TOT,5,1+1+1+1+1,0,2.5,100.0,6.2,-0.176,2.525431,False,
EVE-IPS-LEE-LIV-MUN,5,1+1+1+1+1,0,2.6364,2.6,2.67,-0.05,2,"IPS,LEE","BOU,COV",BOU-COV-EVE-LIV-MUN,5,1+1+1+1+1,0,2.5,100.0,12.5,-0.1613,2.525431,False,
ARS-AVL-LEE-LEE-MUN,4,2+1+1+1,0,2.6364,2.6,2.67,-0.0366,2,"LEE,MUN","COV,MCI",ARS-AVL-COV-LEE-MCI,5,1+1+1+1+1,0,2.5,100.0,6.2,-0.1997,2.525431,False,
ARS-AVL-LEE-LEE-SUN,4,2+1+1+1,1,2.6364,2.6,2.67,-0.0366,2,"LEE,SUN","COV,MCI",ARS-AVL-COV-LEE-MCI,5,1+1+1+1+1,0,2.5,100.0,6.2,-0.1997,2.525431,False,
ARS-BHA-LEE-LEE-SUN,4,2+1+1+1,1,2.6364,2.6,2.67,-0.0366,2,"ARS,LEE","COV,MCI",BHA-COV-LEE-MCI-SUN,5,1+1+1+1+1,1,2.5,100.0,18.8,-0.1462,2.525431,False,
AVL-IPS-LEE-LEE-MUN,4,2+1+1+1,0,2.6364,2.6,2.67,-0.0366,2,"LEE,MUN","CHE,COV",AVL-CHE-COV-IPS-LEE,5,1+1+1+1+1,0,2.5,100.0,12.5,-0.0914,2.525431,False,
BHA-IPS-LEE-LEE-MUN,4,2+1+1+1,0,2.6364,2.6,2.67,-0.0366,2,"LEE,MUN","FUL,MCI",BHA-FUL-IPS-LEE-MCI,5,1+1+1+1+1,0,2.5,100.0,6.2,-0.1502,2.525431,False,
ARS-AVL-CHE-CRY-MUN,5,1+1+1+1+1,0,2.6364,2.6,2.67,-0.0104,2,"CHE,MUN","BOU,LIV",ARS-AVL-BOU-CRY-LIV,5,1+1+1+1+1,0,2.5,100.0,0.0,-0.1373,2.525431,False,
ARS-AVL-CHE-CRY-SUN,5,1+1+1+1+1,1,2.6364,2.6,2.67,-0.0104,2,"ARS,CRY","MCI,NEW",AVL-CHE-MCI-NEW-SUN,5,1+1+1+1+1,1,2.5,100.0,12.5,-0.1692,2.525431,False,
ARS-BHA-CHE-CRY-SUN,5,1+1+1+1+1,1,2.6364,2.6,2.67,-0.0104,2,"ARS,CHE","LIV,MCI",BHA-CRY-LIV-MCI-SUN,5,1+1+1+1+1,1,2.5,100.0,18.8,-0.1215,2.525431,False,
BHA-CHE-CRY-IPS-MUN,5,1+1+1+1+1,0,2.6364,2.6,2.67,-0.0104,2,"CHE,MUN","LIV,MCI",BHA-CRY-IPS-LIV-MCI,5,1+1+1+1+1,0,2.5,100.0,18.8,-0.1071,2.525431,False,
ARS-BRE-IPS-LEE-LIV,5,1+1+1+1+1,0,2.6364,2.6,2.67,-0.0,2,"BRE,IPS","AVL,COV",ARS-AVL-COV-LEE-LIV,5,1+1+1+1+1,0,2.5,100.0,6.2,-0.1536,2.525431,False,
ARS-BHA-EVE-LEE-MUN,5,1+1+1+1+1,0,2.6364,2.6,2.67,0.0268,2,"BHA,MUN","COV,LIV",ARS-COV-EVE-LEE-LIV,5,1+1+1+1+1,0,2.5,100.0,12.5,-0.1182,2.525431,False,
ARS-BHA-EVE-LEE-SUN,5,1+1+1+1+1,1,2.6364,2.6,2.67,0.0268,2,"ARS,EVE","COV,MCI",BHA-COV-LEE-MCI-SUN,5,1+1+1+1+1,1,2.5,100.0,18.8,-0.1462,2.525431,False,
BHA-EVE-IPS-LEE-MUN,5,1+1+1+1+1,0,2.6364,2.6,2.67,0.0268,2,"EVE,MUN","FUL,MCI",BHA-FUL-IPS-LEE-MCI,5,1+1+1+1+1,0,2.5,100.0,6.2,-0.1502,2.525431,False,
ARS-AVL-BRE-CRY-MUN,5,1+1+1+1+1,0,2.6364,2.6,2.67,0.0366,2,"ARS,MUN","FUL,MCI",AVL-BRE-CRY-FUL-MCI,5,1+1+1+1+1,0,2.5,100.0,18.8,-0.1524,2.525431,False,
ARS-AVL-BRE-CRY-SUN,5,1+1+1+1+1,1,2.6364,2.6,2.67,0.0366,2,"ARS,SUN","FUL,MCI",AVL-BRE-CRY-FUL-MCI,5,1+1+1+1+1,0,2.5,100.0,18.8,-0.1524,2.525431,False,
ARS-BRE-BHA-CRY-SUN,5,1+1+1+1+1,1,2.6364,2.6,2.67,0.0366,2,"ARS,BRE","LIV,MCI",BHA-CRY-LIV-MCI-SUN,5,1+1+1+1+1,1,2.5,100.0,18.8,-0.1215,2.525431,False,
AVL-BRE-CRY-IPS-MUN,5,1+1+1+1+1,0,2.6364,2.6,2.67,0.0366,2,"IPS,MUN","FUL,MCI",AVL-BRE-CRY-FUL-MCI,5,1+1+1+1+1,0,2.5,100.0,18.8,-0.1524,2.525431,False,
BRE-BHA-CRY-IPS-MUN,5,1+1+1+1+1,0,2.6364,2.6,2.67,0.0366,2,"BRE,MUN","LIV,MCI",BHA-CRY-IPS-LIV-MCI,5,1+1+1+1+1,0,2.5,100.0,18.8,-0.1071,2.525431,False,
ARS-LEE-LEE-TOT-SUN,4,2+1+1+1,1,2.6364,2.6,2.67,0.05,2,"ARS,LEE","CHE,NFO",CHE-LEE-NFO-TOT-SUN,5,1+1+1+1+1,1,2.5,100.0,12.5,-0.1726,2.525431,False,
IPS-LEE-LEE-MUN-TOT,4,2+1+1+1,0,2.6364,2.6,2.67,0.05,2,"LEE,MUN","CHE,FUL",CHE-FUL-IPS-LEE-TOT,5,1+1+1+1+1,0,2.5,100.0,6.2,-0.176,2.525431,False,
ARS-BRE-CHE-EVE-MUN,5,1+1+1+1+1,0,2.6364,2.6,2.67,0.0634,2,"BRE,MUN","BOU,COV",ARS-BOU-CHE-COV-EVE,5,1+1+1+1+1,0,2.5,100.0,12.5,-0.0319,2.525431,False,
ARS-ARS-BRE-BHA-LIV,4,2+1+1+1,0,2.6364,2.6,2.67,0.0732,2,"ARS,ARS","AVL,NFO",AVL-BRE-BHA-LIV-NFO,5,1+1+1+1+1,0,2.5,100.0,12.5,-0.09,2.525431,False,
ARS-AVL-BRE-BRE-IPS,4,2+1+1+1,0,2.6364,2.6,2.67,0.0732,2,"ARS,BRE","BOU,CHE",AVL-BOU-BRE-CHE-IPS,5,1+1+1+1+1,0,2.5,100.0,12.5,-0.0862,2.525431,False,
ARS-BHA-IPS-LIV-LIV,4,2+1+1+1,0,2.6364,2.6,2.67,0.0732,2,"ARS,LIV","CRY,MCI",BHA-CRY-IPS-LIV-MCI,5,1+1+1+1+1,0,2.5,100.0,18.8,-0.1071,2.525431,False,
ARS-BHA-IPS-MCI-MCI,4,2+1+1+1,0,2.6364,2.6,2.67,0.0732,2,"ARS,MCI","FUL,LEE",BHA-FUL-IPS-LEE-MCI,5,1+1+1+1+1,0,2.5,100.0,6.2,-0.1502,2.525431,False,
AVL-BRE-IPS-IPS-LIV,4,2+1+1+1,0,2.6364,2.6,2.67,0.0732,2,"IPS,IPS","NEW,NFO",AVL-BRE-LIV-NEW-NFO,5,1+1+1+1+1,0,2.5,100.0,18.8,-0.1088,2.525431,False,
BRE-BHA-IPS-IPS-LIV,4,2+1+1+1,0,2.6364,2.6,2.67,0.0732,2,"BRE,IPS","CRY,MCI",BHA-CRY-IPS-LIV-MCI,5,1+1+1+1+1,0,2.5,100.0,18.8,-0.1071,2.525431,False,
BRE-BHA-IPS-IPS-MCI,4,2+1+1+1,0,2.6364,2.6,2.67,0.0732,2,"BRE,IPS","FUL,LEE",BHA-FUL-IPS-LEE-MCI,5,1+1+1+1+1,0,2.5,100.0,6.2,-0.1502,2.525431,False,
ARS-CHE-CRY-LEE-SUN,5,1+1+1+1+1,1,2.6364,2.6,2.67,0.0878,2,"ARS,CRY","NFO,TOT",CHE-LEE-NFO-TOT-SUN,5,1+1+1+1+1,1,2.5,100.0,12.5,-0.1726,2.525431,False,
CHE-CRY-IPS-LEE-MUN,5,1+1+1+1+1,0,2.6364,2.6,2.67,0.0878,2,"CRY,MUN","FUL,TOT",CHE-FUL-IPS-LEE-TOT,5,1+1+1+1+1,0,2.5,100.0,6.2,-0.176,2.525431,False,
CHE-CHE-CRY-IPS-MUN,4,2+1+1+1,0,2.6364,2.6,2.67,0.1256,2,"CRY,MUN","AVL,NFO",AVL-CHE-CHE-IPS-NFO,4,2+1+1+1,0,2.5,100.0,18.8,-0.1637,2.525431,False,
ARS-BHA-CHE-EVE-MUN,5,1+1+1+1+1,0,2.6364,2.6,2.67,0.1365,2,"ARS,MUN","COV,NFO",BHA-CHE-COV-EVE-NFO,5,1+1+1+1+1,0,2.5,100.0,6.2,-0.1166,2.525431,False,
ARS-CHE-LEE-LEE-SUN,4,2+1+1+1,1,2.6364,2.6,2.67,0.1634,2,"ARS,LEE","NFO,TOT",CHE-LEE-NFO-TOT-SUN,5,1+1+1+1+1,1,2.5,100.0,12.5,-0.1726,2.525431,False,
CHE-IPS-LEE-LEE-MUN,4,2+1+1+1,0,2.6364,2.6,2.67,0.1634,2,"LEE,MUN","FUL,TOT",CHE-FUL-IPS-LEE-TOT,5,1+1+1+1+1,0,2.5,100.0,6.2,-0.176,2.525431,False,
ARS-BRE-BHA-IPS-LIV,5,1+1+1+1+1,0,2.6364,2.6,2.67,0.1732,2,"ARS,BRE","CRY,MCI",BHA-CRY-IPS-LIV-MCI,5,1+1+1+1+1,0,2.5,100.0,18.8,-0.1071,2.525431,False,
ARS-BRE-BHA-IPS-MCI,5,1+1+1+1+1,0,2.6364,2.6,2.67,0.1732,2,"ARS,BRE","FUL,LEE",BHA-FUL-IPS-LEE-MCI,5,1+1+1+1+1,0,2.5,100.0,6.2,-0.1502,2.525431,False,
ARS-BRE-BRE-BHA-NFO,4,2+1+1+1,0,2.6364,2.6,2.67,0.2098,2,"ARS,BRE","AVL,LIV",AVL-BRE-BHA-LIV-NFO,5,1+1+1+1+1,0,2.5,100.0,12.5,-0.09,2.525431,False,
BRE-BRE-BHA-IPS-NFO,4,2+1+1+1,0,2.6364,2.6,2.67,0.2098,2,"BRE,BRE","BOU,LIV",BOU-BHA-IPS-LIV-NFO,5,1+1+1+1+1,0,2.5,100.0,6.2,-0.104,2.525431,False,
ARS-CHE-CHE-LEE-SUN,4,2+1+1+1,1,2.6364,2.6,2.67,0.2768,2,"ARS,CHE","NFO,TOT",CHE-LEE-NFO-TOT-SUN,5,1+1+1+1+1,1,2.5,100.0,12.5,-0.1726,2.525431,False,
CHE-CHE-IPS-LEE-MUN,4,2+1+1+1,0,2.6364,2.6,2.67,0.2768,2,"CHE,MUN","FUL,TOT",CHE-FUL-IPS-LEE-TOT,5,1+1+1+1+1,0,2.5,100.0,6.2,-0.176,2.525431,False,
ARS-CHE-CHE-MUN-TOT,4,2+1+1+1,0,2.6364,2.6,2.67,0.428,2,"CHE,MUN","BOU,NFO",ARS-BOU-CHE-NFO-TOT,5,1+1+1+1+1,0,2.5,100.0,12.5,-0.0708,2.525431,False,
ARS-CRY-LIV-TOT-TOT,4,2+1+1+1,0,2.6364,2.8,2.5,-0.35,2,"TOT,TOT","AVL,BOU",ARS-AVL-BOU-CRY-LIV,5,1+1+1+1+1,0,2.5,100.0,0.0,-0.1373,2.525431,False,
ARS-CRY-MCI-TOT-TOT,4,2+1+1+1,0,2.6364,2.8,2.5,-0.35,2,"ARS,TOT","FUL,NEW",CRY-FUL-MCI-NEW-TOT,5,1+1+1+1+1,0,2.5,100.0,12.5,-0.1535,2.525431,False,
ARS-EVE-MCI-MCI-TOT,4,2+1+1+1,0,2.6364,2.8,2.5,-0.35,2,"EVE,MCI","COV,FUL",ARS-COV-FUL-MCI-TOT,5,1+1+1+1+1,0,2.5,100.0,18.8,-0.0502,2.525431,False,
CRY-IPS-LIV-TOT-TOT,4,2+1+1+1,0,2.6364,2.8,2.5,-0.35,2,"TOT,TOT","BOU,NEW",BOU-CRY-IPS-LIV-NEW,5,1+1+1+1+1,0,2.5,100.0,12.5,-0.1567,2.525431,False,
ARS-BRE-CHE-CHE-MCI,4,2+1+1+1,0,2.6364,2.8,2.5,-0.3402,2,"ARS,CHE","AVL,NEW",AVL-BRE-CHE-MCI-NEW,5,1+1+1+1+1,0,2.5,100.0,12.5,-0.1605,2.525431,False,
ARS-BHA-BHA-CHE-TOT,4,2+1+1+1,0,2.6364,2.8,2.5,-0.3251,2,"ARS,BHA","NFO,NFO",BHA-CHE-NFO-NFO-TOT,4,2+1+1+1,0,2.5,100.0,18.8,-0.1594,2.525431,False,
BRE-BHA-CHE-CHE-IPS,4,2+1+1+1,0,2.6364,2.8,2.5,-0.311,2,"BHA,BRE","AVL,NFO",AVL-CHE-CHE-IPS-NFO,4,2+1+1+1,0,2.5,100.0,18.8,-0.1637,2.525431,False,
BRE-BRE-EVE-LEE-SUN,4,2+1+1+1,1,2.6364,2.8,2.5,-0.3,2,"BRE,BRE","COV,MCI",COV-EVE-LEE-MCI-SUN,5,1+1+1+1+1,1,2.5,93.8,12.5,-0.1393,2.525431,False,
BRE-EVE-EVE-LIV-MUN,4,2+1+1+1,0,2.6364,2.8,2.5,-0.3,2,"BRE,EVE","BOU,COV",BOU-COV-EVE-LIV-MUN,5,1+1+1+1+1,0,2.5,100.0,12.5,-0.1613,2.525431,False,
BRE-EVE-EVE-MCI-MUN,4,2+1+1+1,0,2.6364,2.8,2.5,-0.3,2,"BRE,EVE","COV,LIV",COV-EVE-LIV-MCI-MUN,5,1+1+1+1+1,0,2.5,100.0,6.2,-0.1541,2.525431,False,
CRY-CRY-LIV-TOT-SUN,4,2+1+1+1,1,2.6364,2.8,2.5,-0.3,2,"CRY,CRY","BHA,NFO",BHA-LIV-NFO-TOT-SUN,5,1+1+1+1+1,1,2.5,100.0,18.8,-0.1476,2.525431,False,
CRY-CRY-MCI-MUN-TOT,4,2+1+1+1,0,2.6364,2.8,2.5,-0.3,2,"CRY,MUN","FUL,NEW",CRY-FUL-MCI-NEW-TOT,5,1+1+1+1+1,0,2.5,100.0,12.5,-0.1535,2.525431,False,
CRY-CRY-MCI-TOT-SUN,4,2+1+1+1,1,2.6364,2.8,2.5,-0.3,2,"CRY,CRY","CHE,NEW",CHE-MCI-NEW-TOT-SUN,5,1+1+1+1+1,1,2.5,100.0,6.2,-0.1909,2.525431,False,
EVE-LEE-LIV-LIV-MUN,4,2+1+1+1,0,2.6364,2.8,2.5,-0.3,2,"LEE,LIV","BOU,COV",BOU-COV-EVE-LIV-MUN,5,1+1+1+1+1,0,2.5,100.0,12.5,-0.1613,2.525431,False,
EVE-LEE-LIV-LIV-SUN,4,2+1+1+1,1,2.6364,2.8,2.5,-0.3,2,"LIV,SUN","CHE,HUL",CHE-EVE-HUL-LEE-LIV,5,1+1+1+1+1,0,2.5,100.0,18.8,-0.136,2.525431,False,
ARS-BHA-LEE-TOT-TOT,4,2+1+1+1,0,2.6364,2.8,2.5,-0.2732,2,"ARS,TOT","FUL,NFO",BHA-FUL-LEE-NFO-TOT,5,1+1+1+1+1,0,2.5,100.0,0.0,-0.1679,2.525431,False,
AVL-AVL-CRY-MUN-TOT,4,2+1+1+1,0,2.6364,2.8,2.5,-0.2732,2,"AVL,MUN","FUL,LEE",AVL-CRY-FUL-LEE-TOT,5,1+1+1+1+1,0,2.5,100.0,12.5,-0.1346,2.525431,False,
AVL-AVL-CRY-TOT-SUN,4,2+1+1+1,1,2.6364,2.8,2.5,-0.2732,2,"AVL,SUN","FUL,LEE",AVL-CRY-FUL-LEE-TOT,5,1+1+1+1+1,0,2.5,100.0,12.5,-0.1346,2.525431,False,
AVL-BRE-EVE-EVE-SUN,4,2+1+1+1,1,2.6364,2.8,2.5,-0.2732,2,"EVE,EVE","CHE,MCI",AVL-BRE-CHE-MCI-SUN,5,1+1+1+1+1,1,2.5,100.0,18.8,-0.0507,2.525431,False,
AVL-EVE-EVE-LIV-MUN,4,2+1+1+1,0,2.6364,2.8,2.5,-0.2732,2,"AVL,EVE","BOU,COV",BOU-COV-EVE-LIV-MUN,5,1+1+1+1+1,0,2.5,100.0,12.5,-0.1613,2.525431,False,
AVL-EVE-EVE-MCI-MUN,4,2+1+1+1,0,2.6364,2.8,2.5,-0.2732,2,"AVL,EVE","COV,LIV",COV-EVE-LIV-MCI-MUN,5,1+1+1+1+1,0,2.5,100.0,6.2,-0.1541,2.525431,False,
BHA-BHA-CRY-TOT-SUN,4,2+1+1+1,1,2.6364,2.8,2.5,-0.2732,2,"BHA,CRY","LIV,NFO",BHA-LIV-NFO-TOT-SUN,5,1+1+1+1+1,1,2.5,100.0,18.8,-0.1476,2.525431,False,
BHA-EVE-EVE-MCI-MUN,4,2+1+1+1,0,2.6364,2.8,2.5,-0.2732,2,"BHA,EVE","COV,LIV",COV-EVE-LIV-MCI-MUN,5,1+1+1+1+1,0,2.5,100.0,6.2,-0.1541,2.525431,False,
BHA-IPS-LEE-TOT-TOT,4,2+1+1+1,0,2.6364,2.8,2.5,-0.2732,2,"BHA,TOT","CHE,FUL",CHE-FUL-IPS-LEE-TOT,5,1+1+1+1+1,0,2.5,100.0,6.2,-0.176,2.525431,False,
ARS-CHE-LEE-MCI-MCI,4,2+1+1+1,0,2.6364,2.8,2.5,-0.2701,2,"CHE,MCI","AVL,COV",ARS-AVL-COV-LEE-MCI,5,1+1+1+1+1,0,2.5,100.0,6.2,-0.1997,2.525431,False,
BRE-BRE-CHE-IPS-LEE,4,2+1+1+1,0,2.6364,2.8,2.5,-0.2701,2,"BRE,BRE","FUL,TOT",CHE-FUL-IPS-LEE-TOT,5,1+1+1+1+1,0,2.5,100.0,6.2,-0.176,2.525431,False,
BRE-CHE-CRY-CRY-SUN,4,2+1+1+1,1,2.6364,2.8,2.5,-0.2512,2,"CRY,CRY","AVL,MCI",AVL-BRE-CHE-MCI-SUN,5,1+1+1+1+1,1,2.5,100.0,18.8,-0.0507,2.525431,False,
ARS-LEE-LIV-LIV-TOT,4,2+1+1+1,0,2.6364,2.8,2.5,-0.25,2,"LIV,TOT","AVL,COV",ARS-AVL-COV-LEE-LIV,5,1+1+1+1+1,0,2.5,100.0,6.2,-0.1536,2.525431,False,
ARS-LEE-LIV-TOT-TOT,4,2+1+1+1,0,2.6364,2.8,2.5,-0.25,2,"TOT,TOT","AVL,COV",ARS-AVL-COV-LEE-LIV,5,1+1+1+1+1,0,2.5,100.0,6.2,-0.1536,2.525431,False,
ARS-LEE-MCI-MCI-TOT,4,2+1+1+1,0,2.6364,2.8,2.5,-0.25,2,"MCI,TOT","AVL,COV",ARS-AVL-COV-LEE-MCI,5,1+1+1+1+1,0,2.5,100.0,6.2,-0.1997,2.525431,False,
ARS-LEE-MCI-TOT-TOT,4,2+1+1+1,0,2.6364,2.8,2.5,-0.25,2,"TOT,TOT","AVL,COV",ARS-AVL-COV-LEE-MCI,5,1+1+1+1+1,0,2.5,100.0,6.2,-0.1997,2.525431,False,
IPS-LEE-LIV-LIV-TOT,4,2+1+1+1,0,2.6364,2.8,2.5,-0.25,2,"LIV,LIV","CHE,FUL",CHE-FUL-IPS-LEE-TOT,5,1+1+1+1+1,0,2.5,100.0,6.2,-0.176,2.525431,False,
IPS-LEE-LIV-TOT-TOT,4,2+1+1+1,0,2.6364,2.8,2.5,-0.25,2,"LIV,TOT","CHE,FUL",CHE-FUL-IPS-LEE-TOT,5,1+1+1+1+1,0,2.5,100.0,6.2,-0.176,2.525431,False,
BHA-BHA-EVE-LEE-MUN,4,2+1+1+1,0,2.6364,2.8,2.5,-0.2464,2,"BHA,MUN","COV,FUL",BHA-COV-EVE-FUL-LEE,5,1+1+1+1+1,0,2.5,100.0,12.5,-0.1135,2.525431,False,
BHA-BHA-EVE-LEE-SUN,4,2+1+1+1,1,2.6364,2.8,2.5,-0.2464,2,"BHA,EVE","COV,MCI",BHA-COV-LEE-MCI-SUN,5,1+1+1+1+1,1,2.5,100.0,18.8,-0.1462,2.525431,False,
ARS-BHA-EVE-MCI-TOT,5,1+1+1+1+1,0,2.6364,2.8,2.5,-0.2366,2,"BHA,EVE","COV,FUL",ARS-COV-FUL-MCI-TOT,5,1+1+1+1+1,0,2.5,100.0,18.8,-0.0502,2.525431,False,
BHA-BHA-CHE-CRY-SUN,4,2+1+1+1,1,2.6364,2.8,2.5,-0.2275,2,"BHA,CHE","LIV,MCI",BHA-CRY-LIV-MCI-SUN,5,1+1+1+1+1,1,2.5,100.0,18.8,-0.1215,2.525431,False,
ARS-CHE-CRY-LIV-TOT,5,1+1+1+1+1,0,2.6364,2.8,2.5,-0.2256,2,"CHE,TOT","AVL,BOU",ARS-AVL-BOU-CRY-LIV,5,1+1+1+1+1,0,2.5,100.0,0.0,-0.1373,2.525431,False,
AVL-EVE-IPS-TOT-TOT,4,2+1+1+1,0,2.6364,2.8,2.5,-0.2098,2,"EVE,TOT","CHE,LEE",AVL-CHE-IPS-LEE-TOT,5,1+1+1+1+1,0,2.5,100.0,18.8,-0.0867,2.525431,False,
ARS-BRE-BRE-EVE-MCI,4,2+1+1+1,0,2.6364,2.8,2.5,-0.2,2,"ARS,BRE","COV,FUL",BRE-COV-EVE-FUL-MCI,5,1+1+1+1+1,0,2.5,93.8,18.8,-0.101,2.525431,False,
ARS-BRE-EVE-MCI-MCI,4,2+1+1+1,0,2.6364,2.8,2.5,-0.2,2,"ARS,MCI","COV,FUL",BRE-COV-EVE-FUL-MCI,5,1+1+1+1+1,0,2.5,93.8,18.8,-0.101,2.525431,False,
ARS-CRY-LIV-LIV-TOT,4,2+1+1+1,0,2.6364,2.8,2.5,-0.2,2,"LIV,TOT","AVL,BOU",ARS-AVL-BOU-CRY-LIV,5,1+1+1+1+1,0,2.5,100.0,0.0,-0.1373,2.525431,False,
ARS-CRY-MCI-MCI-TOT,4,2+1+1+1,0,2.6364,2.8,2.5,-0.2,2,"ARS,MCI","FUL,NEW",CRY-FUL-MCI-NEW-TOT,5,1+1+1+1+1,0,2.5,100.0,12.5,-0.1535,2.525431,False,
ARS-EVE-MCI-TOT-TOT,4,2+1+1+1,0,2.6364,2.8,2.5,-0.2,2,"EVE,TOT","COV,FUL",ARS-COV-FUL-MCI-TOT,5,1+1+1+1+1,0,2.5,100.0,18.8,-0.0502,2.525431,False,
BRE-EVE-LEE-LIV-MUN,5,1+1+1+1+1,0,2.6364,2.8,2.5,-0.2,2,"BRE,LEE","BOU,COV",BOU-COV-EVE-LIV-MUN,5,1+1+1+1+1,0,2.5,100.0,12.5,-0.1613,2.525431,False,
BRE-EVE-LEE-LIV-SUN,5,1+1+1+1+1,1,2.6364,2.8,2.5,-0.2,2,"BRE,SUN","CHE,HUL",CHE-EVE-HUL-LEE-LIV,5,1+1+1+1+1,0,2.5,100.0,18.8,-0.136,2.525431,False,
CRY-IPS-LIV-LIV-TOT,4,2+1+1+1,0,2.6364,2.8,2.5,-0.2,2,"LIV,TOT","BOU,NEW",BOU-CRY-IPS-LIV-NEW,5,1+1+1+1+1,0,2.5,100.0,12.5,-0.1567,2.525431,False,
CRY-LEE-LIV-MUN-TOT,5,1+1+1+1+1,0,2.6364,2.8,2.5,-0.2,2,"LIV,MUN","AVL,FUL",AVL-CRY-FUL-LEE-TOT,5,1+1+1+1+1,0,2.5,100.0,12.5,-0.1346,2.525431,False,
CRY-LEE-LIV-TOT-SUN,5,1+1+1+1+1,1,2.6364,2.8,2.5,-0.2,2,"CRY,LIV","CHE,NFO",CHE-LEE-NFO-TOT-SUN,5,1+1+1+1+1,1,2.5,100.0,12.5,-0.1726,2.525431,False,
CRY-LEE-MCI-MUN-TOT,5,1+1+1+1+1,0,2.6364,2.8,2.5,-0.2,2,"LEE,MUN","FUL,NEW",CRY-FUL-MCI-NEW-TOT,5,1+1+1+1+1,0,2.5,100.0,12.5,-0.1535,2.525431,False,
CRY-LEE-MCI-TOT-SUN,5,1+1+1+1+1,1,2.6364,2.8,2.5,-0.2,2,"CRY,LEE","CHE,NEW",CHE-MCI-NEW-TOT-SUN,5,1+1+1+1+1,1,2.5,100.0,6.2,-0.1909,2.525431,False,
ARS-CHE-CRY-LIV-LIV,4,2+1+1+1,0,2.6364,2.8,2.5,-0.1957,2,"CHE,LIV","AVL,BOU",ARS-AVL-BOU-CRY-LIV,5,1+1+1+1+1,0,2.5,100.0,0.0,-0.1373,2.525431,False,
ARS-CHE-CRY-MCI-MCI,4,2+1+1+1,0,2.6364,2.8,2.5,-0.1957,2,"CHE,MCI","AVL,LIV",ARS-AVL-CRY-LIV-MCI,5,1+1+1+1+1,0,2.5,100.0,6.2,-0.1226,2.525431,False,
BRE-BRE-CHE-CRY-IPS,4,2+1+1+1,0,2.6364,2.8,2.5,-0.1957,2,"BRE,CRY","FUL,MCI",BRE-CHE-FUL-IPS-MCI,5,1+1+1+1+1,0,2.5,100.0,6.2,-0.0918,2.525431,False,
BRE-BHA-EVE-LEE-MUN,5,1+1+1+1+1,0,2.6364,2.8,2.5,-0.1866,2,"BRE,MUN","COV,FUL",BHA-COV-EVE-FUL-LEE,5,1+1+1+1+1,0,2.5,100.0,12.5,-0.1135,2.525431,False,
BRE-BHA-EVE-LEE-SUN,5,1+1+1+1+1,1,2.6364,2.8,2.5,-0.1866,2,"BRE,EVE","COV,MCI",BHA-COV-LEE-MCI-SUN,5,1+1+1+1+1,1,2.5,100.0,18.8,-0.1462,2.525431,False,
BHA-CRY-LEE-MUN-TOT,5,1+1+1+1+1,0,2.6364,2.8,2.5,-0.1866,2,"CRY,MUN","FUL,NFO",BHA-FUL-LEE-NFO-TOT,5,1+1+1+1+1,0,2.5,100.0,0.0,-0.1679,2.525431,False,
BHA-CRY-LEE-TOT-SUN,5,1+1+1+1+1,1,2.6364,2.8,2.5,-0.1866,2,"BHA,CRY","CHE,NFO",CHE-LEE-NFO-TOT-SUN,5,1+1+1+1+1,1,2.5,100.0,12.5,-0.1726,2.525431,False,
BRE-CHE-CRY-LEE-SUN,5,1+1+1+1+1,1,2.6364,2.8,2.5,-0.1756,2,"BRE,CRY","NFO,TOT",CHE-LEE-NFO-TOT-SUN,5,1+1+1+1+1,1,2.5,100.0,12.5,-0.1726,2.525431,False,
ARS-BRE-CHE-LEE-MCI,5,1+1+1+1+1,0,2.6364,2.8,2.5,-0.1701,2,"BRE,CHE","AVL,COV",ARS-AVL-COV-LEE-MCI,5,1+1+1+1+1,0,2.5,100.0,6.2,-0.1997,2.525431,False,
AVL-BRE-BRE-EVE-IPS,4,2+1+1+1,0,2.6364,2.8,2.5,-0.1634,2,"BRE,EVE","BOU,CHE",AVL-BOU-BRE-CHE-IPS,5,1+1+1+1+1,0,2.5,100.0,12.5,-0.0862,2.525431,False,
ARS-CHE-CRY-TOT-TOT,4,2+1+1+1,0,2.6364,2.8,2.5,-0.1555,2,"CRY,TOT","BOU,NFO",ARS-BOU-CHE-NFO-TOT,5,1+1+1+1+1,0,2.5,100.0,12.5,-0.0708,2.525431,False,
ARS-BHA-BHA-LIV-TOT,4,2+1+1+1,0,2.6364,2.8,2.5,-0.15,2,"ARS,BHA","NFO,NFO",BHA-LIV-NFO-NFO-TOT,4,2+1+1+1,0,2.5,100.0,18.8,-0.1486,2.525431,False,
ARS-BHA-BHA-MCI-TOT,4,2+1+1+1,0,2.6364,2.8,2.5,-0.15,2,"BHA,BHA","COV,FUL",ARS-COV-FUL-MCI-TOT,5,1+1+1+1+1,0,2.5,100.0,18.8,-0.0502,2.525431,False,
ARS-CHE-CHE-LIV-TOT,4,2+1+1+1,0,2.6364,2.8,2.5,-0.15,2,"CHE,LIV","BOU,NFO",ARS-BOU-CHE-NFO-TOT,5,1+1+1+1+1,0,2.5,100.0,12.5,-0.0708,2.525431,False,
AVL-AVL-IPS-LIV-TOT,4,2+1+1+1,0,2.6364,2.8,2.5,-0.15,2,"AVL,LIV","CHE,LEE",AVL-CHE-IPS-LEE-TOT,5,1+1+1+1+1,0,2.5,100.0,18.8,-0.0867,2.525431,False,
BHA-BHA-IPS-LIV-TOT,4,2+1+1+1,0,2.6364,2.8,2.5,-0.15,2,"BHA,IPS","NFO,NFO",BHA-LIV-NFO-NFO-TOT,4,2+1+1+1,0,2.5,100.0,18.8,-0.1486,2.525431,False,
CRY-LEE-LIV-LIV-SUN,4,2+1+1+1,1,2.6364,2.8,2.5,-0.15,2,"LEE,LIV","BHA,MCI",BHA-CRY-LIV-MCI-SUN,5,1+1+1+1+1,1,2.5,100.0,18.8,-0.1215,2.525431,False,
CRY-LEE-MCI-MCI-SUN,4,2+1+1+1,1,2.6364,2.8,2.5,-0.15,2,"CRY,MCI","BHA,COV",BHA-COV-LEE-MCI-SUN,5,1+1+1+1+1,1,2.5,100.0,18.8,-0.1462,2.525431,False,
CRY-LEE-MUN-TOT-TOT,4,2+1+1+1,0,2.6364,2.8,2.5,-0.15,2,"MUN,TOT","AVL,FUL",AVL-CRY-FUL-LEE-TOT,5,1+1+1+1+1,0,2.5,100.0,12.5,-0.1346,2.525431,False,
CRY-LEE-TOT-TOT-SUN,4,2+1+1+1,1,2.6364,2.8,2.5,-0.15,2,"CRY,TOT","CHE,NFO",CHE-LEE-NFO-TOT-SUN,5,1+1+1+1+1,1,2.5,100.0,12.5,-0.1726,2.525431,False,
BRE-BHA-BHA-CHE-IPS,4,2+1+1+1,0,2.6364,2.8,2.5,-0.1488,2,"BHA,BRE","BOU,NFO",BOU-BHA-CHE-IPS-NFO,5,1+1+1+1+1,0,2.5,100.0,6.2,-0.0956,2.525431,False,
ARS-BHA-CHE-CHE-TOT,4,2+1+1+1,0,2.6364,2.8,2.5,-0.144,2,"ARS,CHE","NFO,NFO",BHA-CHE-NFO-NFO-TOT,4,2+1+1+1,0,2.5,100.0,18.8,-0.1594,2.525431,False,
ARS-BRE-BHA-CHE-LEE,5,1+1+1+1+1,0,2.6364,2.8,2.5,-0.1372,2,"ARS,BRE","AVL,NFO",AVL-BHA-CHE-LEE-NFO,5,1+1+1+1+1,0,2.5,100.0,18.8,-0.0972,2.525431,False,
BRE-BHA-CHE-IPS-LEE,5,1+1+1+1+1,0,2.6364,2.8,2.5,-0.1372,2,"BHA,BRE","FUL,TOT",CHE-FUL-IPS-LEE-TOT,5,1+1+1+1+1,0,2.5,100.0,6.2,-0.176,2.525431,False,
BHA-CHE-CRY-LEE-MUN,5,1+1+1+1+1,0,2.6364,2.8,2.5,-0.1293,2,"CRY,MUN","AVL,NFO",AVL-BHA-CHE-LEE-NFO,5,1+1+1+1+1,0,2.5,100.0,18.8,-0.0972,2.525431,False,
BHA-CHE-CRY-LEE-SUN,5,1+1+1+1+1,1,2.6364,2.8,2.5,-0.1293,2,"BHA,CRY","NFO,TOT",CHE-LEE-NFO-TOT-SUN,5,1+1+1+1+1,1,2.5,100.0,12.5,-0.1726,2.525431,False,
BHA-LEE-LEE-MUN-TOT,4,2+1+1+1,0,2.6364,2.8,2.5,-0.1232,2,"LEE,MUN","FUL,NFO",BHA-FUL-LEE-NFO-TOT,5,1+1+1+1+1,0,2.5,100.0,0.0,-0.1679,2.525431,False,
BHA-LEE-LEE-TOT-SUN,4,2+1+1+1,1,2.6364,2.8,2.5,-0.1232,2,"BHA,LEE","CHE,NFO",CHE-LEE-NFO-TOT-SUN,5,1+1+1+1+1,1,2.5,100.0,12.5,-0.1726,2.525431,False,
AVL-BRE-LEE-LEE-MUN,4,2+1+1+1,0,2.6364,2.8,2.5,-0.1,2,"LEE,MUN","AVL,COV",AVL-AVL-BRE-COV-LEE,4,2+1+1+1,0,2.5,100.0,18.8,-0.1548,2.525431,False,
AVL-BRE-LEE-LEE-SUN,4,2+1+1+1,1,2.6364,2.8,2.5,-0.1,2,"LEE,SUN","AVL,COV",AVL-AVL-BRE-COV-LEE,4,2+1+1+1,0,2.5,100.0,18.8,-0.1548,2.525431,False,
BRE-BHA-LEE-LEE-SUN,4,2+1+1+1,1,2.6364,2.8,2.5,-0.1,2,"BRE,LEE","COV,MCI",BHA-COV-LEE-MCI-SUN,5,1+1+1+1+1,1,2.5,100.0,18.8,-0.1462,2.525431,False,
BRE-CHE-LEE-LEE-SUN,4,2+1+1+1,1,2.6364,2.8,2.5,-0.1,2,"BRE,LEE","NFO,TOT",CHE-LEE-NFO-TOT-SUN,5,1+1+1+1+1,1,2.5,100.0,12.5,-0.1726,2.525431,False,
BRE-LEE-LEE-MCI-SUN,4,2+1+1+1,1,2.6364,2.8,2.5,-0.1,2,"BRE,LEE","BHA,COV",BHA-COV-LEE-MCI-SUN,5,1+1+1+1+1,1,2.5,100.0,18.8,-0.1462,2.525431,False,
LEE-LEE-LIV-MCI-MUN,4,2+1+1+1,0,2.6364,2.8,2.5,-0.1,2,"LEE,LEE","COV,EVE",COV-EVE-LIV-MCI-MUN,5,1+1+1+1+1,0,2.5,100.0,6.2,-0.1541,2.525431,False,
LEE-LEE-LIV-TOT-SUN,4,2+1+1+1,1,2.6364,2.8,2.5,-0.1,2,"LEE,LIV","CHE,NFO",CHE-LEE-NFO-TOT-SUN,5,1+1+1+1+1,1,2.5,100.0,12.5,-0.1726,2.525431,False,
LEE-LEE-MCI-TOT-SUN,4,2+1+1+1,1,2.6364,2.8,2.5,-0.1,2,"LEE,LEE","CHE,NEW",CHE-MCI-NEW-TOT-SUN,5,1+1+1+1+1,1,2.5,100.0,6.2,-0.1909,2.525431,False,
ARS-BRE-CHE-CRY-LIV,5,1+1+1+1+1,0,2.6364,2.8,2.5,-0.0957,2,"BRE,CHE","AVL,BOU",ARS-AVL-BOU-CRY-LIV,5,1+1+1+1+1,0,2.5,100.0,0.0,-0.1373,2.525431,False,
ARS-BRE-CHE-CRY-MCI,5,1+1+1+1+1,0,2.6364,2.8,2.5,-0.0957,2,"ARS,CRY","AVL,NEW",AVL-BRE-CHE-MCI-NEW,5,1+1+1+1+1,0,2.5,100.0,12.5,-0.1605,2.525431,False,
BHA-CHE-LEE-LEE-MUN,4,2+1+1+1,0,2.6364,2.8,2.5,-0.0903,2,"LEE,MUN","AVL,NFO",AVL-BHA-CHE-LEE-NFO,5,1+1+1+1+1,0,2.5,100.0,18.8,-0.0972,2.525431,False,
BHA-CHE-LEE-LEE-SUN,4,2+1+1+1,1,2.6364,2.8,2.5,-0.0903,2,"BHA,LEE","NFO,TOT",CHE-LEE-NFO-TOT-SUN,5,1+1+1+1+1,1,2.5,100.0,12.5,-0.1726,2.525431,False,
AVL-BRE-EVE-IPS-LIV,5,1+1+1+1+1,0,2.6364,2.8,2.5,-0.0634,2,"EVE,IPS","NEW,NFO",AVL-BRE-LIV-NEW-NFO,5,1+1+1+1+1,0,2.5,100.0,18.8,-0.1088,2.525431,False,
BRE-CRY-LEE-LIV-SUN,5,1+1+1+1+1,1,2.6364,2.8,2.5,-0.05,2,"BRE,LEE","BHA,MCI",BHA-CRY-LIV-MCI-SUN,5,1+1+1+1+1,1,2.5,100.0,18.8,-0.1215,2.525431,False,
BRE-CRY-LEE-MCI-MUN,5,1+1+1+1+1,0,2.6364,2.8,2.5,-0.05,2,"LEE,MUN","AVL,FUL",AVL-BRE-CRY-FUL-MCI,5,1+1+1+1+1,0,2.5,100.0,18.8,-0.1524,2.525431,False,
BRE-CRY-LEE-MCI-SUN,5,1+1+1+1+1,1,2.6364,2.8,2.5,-0.05,2,"LEE,SUN","AVL,FUL",AVL-BRE-CRY-FUL-MCI,5,1+1+1+1+1,0,2.5,100.0,18.8,-0.1524,2.525431,False,
AVL-BRE-CRY-LEE-MUN,5,1+1+1+1+1,0,2.6364,2.8,2.5,-0.0134,2,"CRY,MUN","AVL,COV",AVL-AVL-BRE-COV-LEE,4,2+1+1+1,0,2.5,100.0,18.8,-0.1548,2.525431,False,
AVL-BRE-CRY-LEE-SUN,5,1+1+1+1+1,1,2.6364,2.8,2.5,-0.0134,2,"CRY,SUN","AVL,COV",AVL-AVL-BRE-COV-LEE,4,2+1+1+1,0,2.5,100.0,18.8,-0.1548,2.525431,False,
BRE-BHA-CRY-LEE-SUN,5,1+1+1+1+1,1,2.6364,2.8,2.5,-0.0134,2,"BRE,CRY","COV,MCI",BHA-COV-LEE-MCI-SUN,5,1+1+1+1+1,1,2.5,100.0,18.8,-0.1462,2.525431,False,
CHE-CHE-CRY-LEE-SUN,4,2+1+1+1,1,2.6364,2.8,2.5,-0.0122,2,"CHE,CRY","NFO,TOT",CHE-LEE-NFO-TOT-SUN,5,1+1+1+1+1,1,2.5,100.0,12.5,-0.1726,2.525431,False,
BRE-CRY-CRY-LIV-SUN,4,2+1+1+1,1,2.6364,2.8,2.5,0.0,2,"BRE,CRY","BHA,MCI",BHA-CRY-LIV-MCI-SUN,5,1+1+1+1+1,1,2.5,100.0,18.8,-0.1215,2.525431,False,
BRE-CRY-CRY-MCI-MUN,4,2+1+1+1,0,2.6364,2.8,2.5,0.0,2,"CRY,MUN","AVL,FUL",AVL-BRE-CRY-FUL-MCI,5,1+1+1+1+1,0,2.5,100.0,18.8,-0.1524,2.525431,False,
BRE-CRY-CRY-MCI-SUN,4,2+1+1+1,1,2.6364,2.8,2.5,0.0,2,"CRY,SUN","AVL,FUL",AVL-BRE-CRY-FUL-MCI,5,1+1+1+1+1,0,2.5,100.0,18.8,-0.1524,2.525431,False,
EVE-EVE-MCI-MUN-TOT,4,2+1+1+1,0,2.6364,2.8,2.5,-0.0,2,"EVE,TOT","COV,LIV",COV-EVE-LIV-MCI-MUN,5,1+1+1+1+1,0,2.5,100.0,6.2,-0.1541,2.525431,False,
AVL-EVE-EVE-TOT-SUN,4,2+1+1+1,1,2.6364,2.8,2.5,0.0036,2,"AVL,EVE","CHE,NFO",CHE-EVE-NFO-TOT-SUN,5,1+1+1+1+1,1,2.5,100.0,6.2,-0.1916,2.525431,False,
BHA-EVE-EVE-TOT-SUN,4,2+1+1+1,1,2.6364,2.8,2.5,0.0036,2,"BHA,EVE","CHE,NFO",CHE-EVE-NFO-TOT-SUN,5,1+1+1+1+1,1,2.5,100.0,6.2,-0.1916,2.525431,False,
ARS-BRE-BRE-LEE-LIV,4,2+1+1+1,0,2.6364,2.8,2.5,0.05,2,"BRE,BRE","AVL,COV",ARS-AVL-COV-LEE-LIV,5,1+1+1+1+1,0,2.5,100.0,6.2,-0.1536,2.525431,False,
ARS-BRE-BRE-LEE-MCI,4,2+1+1+1,0,2.6364,2.8,2.5,0.05,2,"BRE,BRE","AVL,COV",ARS-AVL-COV-LEE-MCI,5,1+1+1+1+1,0,2.5,100.0,6.2,-0.1997,2.525431,False,
ARS-BRE-LEE-LIV-LIV,4,2+1+1+1,0,2.6364,2.8,2.5,0.05,2,"BRE,LIV","AVL,COV",ARS-AVL-COV-LEE-LIV,5,1+1+1+1+1,0,2.5,100.0,6.2,-0.1536,2.525431,False,
ARS-BRE-LEE-MCI-MCI,4,2+1+1+1,0,2.6364,2.8,2.5,0.05,2,"BRE,MCI","AVL,COV",ARS-AVL-COV-LEE-MCI,5,1+1+1+1+1,0,2.5,100.0,6.2,-0.1997,2.525431,False,
ARS-AVL-BRE-BRE-LEE,4,2+1+1+1,0,2.6364,2.8,2.5,0.0732,2,"BRE,BRE","COV,MCI",ARS-AVL-COV-LEE-MCI,5,1+1+1+1+1,0,2.5,100.0,6.2,-0.1997,2.525431,False,
AVL-AVL-BRE-CRY-MUN,4,2+1+1+1,0,2.6364,2.8,2.5,0.0732,2,"CRY,MUN","COV,LEE",AVL-AVL-BRE-COV-LEE,4,2+1+1+1,0,2.5,100.0,18.8,-0.1548,2.525431,False,
AVL-AVL-BRE-CRY-SUN,4,2+1+1+1,1,2.6364,2.8,2.5,0.0732,2,"CRY,SUN","COV,LEE",AVL-AVL-BRE-COV-LEE,4,2+1+1+1,0,2.5,100.0,18.8,-0.1548,2.525431,False,
AVL-BRE-BRE-IPS-LEE,4,2+1+1+1,0,2.6364,2.8,2.5,0.0732,2,"BRE,IPS","AVL,COV",AVL-AVL-BRE-COV-LEE,4,2+1+1+1,0,2.5,100.0,18.8,-0.1548,2.525431,False,
BRE-BRE-BHA-IPS-LEE,4,2+1+1+1,0,2.6364,2.8,2.5,0.0732,2,"BRE,BRE","FUL,MCI",BHA-FUL-IPS-LEE-MCI,5,1+1+1+1+1,0,2.5,100.0,6.2,-0.1502,2.525431,False,
BRE-BHA-BHA-CRY-SUN,4,2+1+1+1,1,2.6364,2.8,2.5,0.0732,2,"BHA,BRE","LIV,MCI",BHA-CRY-LIV-MCI-SUN,5,1+1+1+1+1,1,2.5,100.0,18.8,-0.1215,2.525431,False,
BRE-CHE-CHE-EVE-MUN,4,2+1+1+1,0,2.6364,2.8,2.5,0.089,2,"BRE,MUN","NEW,NFO",CHE-CHE-EVE-NEW-NFO,4,2+1+1+1,0,2.5,100.0,25.0,-0.1504,2.525431,False,
BHA-CHE-CHE-EVE-MUN,4,2+1+1+1,0,2.6364,2.8,2.5,0.1084,2,"BHA,MUN","NEW,NFO",CHE-CHE-EVE-NEW-NFO,4,2+1+1+1,0,2.5,100.0,25.0,-0.1504,2.525431,False,
ARS-BRE-BRE-CRY-LIV,4,2+1+1+1,0,2.6364,2.8,2.5,0.25,2,"BRE,BRE","AVL,BOU",ARS-AVL-BOU-CRY-LIV,5,1+1+1+1+1,0,2.5,100.0,0.0,-0.1373,2.525431,False,
ARS-BRE-BRE-CRY-MCI,4,2+1+1+1,0,2.6364,2.8,2.5,0.25,2,"ARS,BRE","AVL,FUL",AVL-BRE-CRY-FUL-MCI,5,1+1+1+1+1,0,2.5,100.0,18.8,-0.1524,2.525431,False,
ARS-BRE-CRY-LIV-LIV,4,2+1+1+1,0,2.6364,2.8,2.5,0.25,2,"BRE,LIV","AVL,BOU",ARS-AVL-BOU-CRY-LIV,5,1+1+1+1+1,0,2.5,100.0,0.0,-0.1373,2.525431,False,
ARS-BRE-CRY-MCI-MCI,4,2+1+1+1,0,2.6364,2.8,2.5,0.25,2,"ARS,MCI","AVL,FUL",AVL-BRE-CRY-FUL-MCI,5,1+1+1+1+1,0,2.5,100.0,18.8,-0.1524,2.525431,False,
BRE-BRE-CRY-IPS-LIV,4,2+1+1+1,0,2.6364,2.8,2.5,0.25,2,"BRE,BRE","BOU,NEW",BOU-CRY-IPS-LIV-NEW,5,1+1+1+1+1,0,2.5,100.0,12.5,-0.1567,2.525431,False,
BRE-BRE-CRY-IPS-MCI,4,2+1+1+1,0,2.6364,2.8,2.5,0.25,2,"BRE,IPS","AVL,FUL",AVL-BRE-CRY-FUL-MCI,5,1+1+1+1+1,0,2.5,100.0,18.8,-0.1524,2.525431,False,
BRE-CRY-IPS-LIV-LIV,4,2+1+1+1,0,2.6364,2.8,2.5,0.25,2,"BRE,LIV","BOU,NEW",BOU-CRY-IPS-LIV-NEW,5,1+1+1+1+1,0,2.5,100.0,12.5,-0.1567,2.525431,False,
BRE-CRY-IPS-MCI-MCI,4,2+1+1+1,0,2.6364,2.8,2.5,0.25,2,"IPS,MCI","AVL,FUL",AVL-BRE-CRY-FUL-MCI,5,1+1+1+1+1,0,2.5,100.0,18.8,-0.1524,2.525431,False,
ARS-BRE-BRE-BHA-LIV,4,2+1+1+1,0,2.6364,2.8,2.5,0.3098,2,"ARS,BRE","AVL,NFO",AVL-BRE-BHA-LIV-NFO,5,1+1+1+1+1,0,2.5,100.0,12.5,-0.09,2.525431,False,
ARS-BRE-BHA-LIV-LIV,4,2+1+1+1,0,2.6364,2.8,2.5,0.3098,2,"ARS,LIV","AVL,NFO",AVL-BRE-BHA-LIV-NFO,5,1+1+1+1+1,0,2.5,100.0,12.5,-0.09,2.525431,False,
AVL-BRE-BRE-IPS-LIV,4,2+1+1+1,0,2.6364,2.8,2.5,0.3098,2,"BRE,IPS","NEW,NFO",AVL-BRE-LIV-NEW-NFO,5,1+1+1+1+1,0,2.5,100.0,18.8,-0.1088,2.525431,False,
AVL-BRE-IPS-LIV-LIV,4,2+1+1+1,0,2.6364,2.8,2.5,0.3098,2,"IPS,LIV","NEW,NFO",AVL-BRE-LIV-NEW-NFO,5,1+1+1+1+1,0,2.5,100.0,18.8,-0.1088,2.525431,False,
BRE-BRE-BHA-IPS-LIV,4,2+1+1+1,0,2.6364,2.8,2.5,0.3098,2,"BRE,BRE","CRY,MCI",BHA-CRY-IPS-LIV-MCI,5,1+1+1+1+1,0,2.5,100.0,18.8,-0.1071,2.525431,False,
BRE-BRE-BHA-IPS-MCI,4,2+1+1+1,0,2.6364,2.8,2.5,0.3098,2,"BRE,BRE","FUL,LEE",BHA-FUL-IPS-LEE-MCI,5,1+1+1+1+1,0,2.5,100.0,6.2,-0.1502,2.525431,False,
BRE-BHA-IPS-LIV-LIV,4,2+1+1+1,0,2.6364,2.8,2.5,0.3098,2,"BRE,LIV","CRY,MCI",BHA-CRY-IPS-LIV-MCI,5,1+1+1+1+1,0,2.5,100.0,18.8,-0.1071,2.525431,False,
BRE-BHA-IPS-MCI-MCI,4,2+1+1+1,0,2.6364,2.8,2.5,0.3098,2,"BRE,MCI","FUL,LEE",BHA-FUL-IPS-LEE-MCI,5,1+1+1+1+1,0,2.5,100.0,6.2,-0.1502,2.525431,False,
BRE-CHE-CHE-CRY-LIV,4,2+1+1+1,0,2.6364,3.0,2.33,-0.3292,2,"BRE,CHE","EVE,NFO",CHE-CRY-EVE-LIV-NFO,5,1+1+1+1+1,0,2.5,93.8,25.0,-0.078,2.525431,False,
BRE-CHE-CHE-CRY-MCI,4,2+1+1+1,0,2.6364,3.0,2.33,-0.3292,2,"CHE,CRY","AVL,NEW",AVL-BRE-CHE-MCI-NEW,5,1+1+1+1+1,0,2.5,100.0,12.5,-0.1605,2.525431,False,
BHA-CHE-CRY-TOT-TOT,4,2+1+1+1,0,2.6364,3.0,2.33,-0.3092,2,"CRY,TOT","NFO,NFO",BHA-CHE-NFO-NFO-TOT,4,2+1+1+1,0,2.5,100.0,18.8,-0.1594,2.525431,False,
BRE-BRE-BHA-CHE-EVE,4,2+1+1+1,0,2.6364,3.0,2.33,-0.3061,2,"BRE,BRE","COV,NFO",BHA-CHE-COV-EVE-NFO,5,1+1+1+1+1,0,2.5,100.0,6.2,-0.1166,2.525431,False,
BRE-BHA-CHE-CHE-LEE,4,2+1+1+1,0,2.6364,3.0,2.33,-0.2988,2,"BRE,CHE","AVL,NFO",AVL-BHA-CHE-LEE-NFO,5,1+1+1+1+1,0,2.5,100.0,18.8,-0.0972,2.525431,False,
BRE-BHA-BHA-CHE-EVE,4,2+1+1+1,0,2.6364,3.0,2.33,-0.2964,2,"BHA,BRE","COV,NFO",BHA-CHE-COV-EVE-NFO,5,1+1+1+1+1,0,2.5,100.0,6.2,-0.1166,2.525431,False,
BHA-CHE-CHE-CRY-TOT,4,2+1+1+1,0,2.6364,3.0,2.33,-0.2964,2,"CHE,CRY","NFO,NFO",BHA-CHE-NFO-NFO-TOT,4,2+1+1+1,0,2.5,100.0,18.8,-0.1594,2.525431,False,
BRE-CHE-CHE-LEE-MCI,4,2+1+1+1,0,2.6364,3.0,2.33,-0.278,2,"CHE,LEE","AVL,NEW",AVL-BRE-CHE-MCI-NEW,5,1+1+1+1+1,0,2.5,100.0,12.5,-0.1605,2.525431,False,
BRE-BHA-BHA-CHE-LEE,4,2+1+1+1,0,2.6364,3.0,2.33,-0.1177,2,"BHA,BRE","AVL,NFO",AVL-BHA-CHE-LEE-NFO,5,1+1+1+1+1,0,2.5,100.0,18.8,-0.0972,2.525431,False,
BRE-BRE-BHA-CHE-LEE,4,2+1+1+1,0,2.6364,3.0,2.33,-0.114,2,"BRE,BRE","AVL,NFO",AVL-BHA-CHE-LEE-NFO,5,1+1+1+1+1,0,2.5,100.0,18.8,-0.0972,2.525431,False,
BRE-BRE-CHE-LEE-MCI,4,2+1+1+1,0,2.6364,3.0,2.33,-0.0835,2,"BRE,LEE","AVL,NEW",AVL-BRE-CHE-MCI-NEW,5,1+1+1+1+1,0,2.5,100.0,12.5,-0.1605,2.525431,False,
BRE-CHE-LEE-MCI-MCI,4,2+1+1+1,0,2.6364,3.0,2.33,-0.0835,2,"LEE,MCI","AVL,NEW",AVL-BRE-CHE-MCI-NEW,5,1+1+1+1+1,0,2.5,100.0,12.5,-0.1605,2.525431,False,
BRE-BRE-CHE-CRY-LIV,4,2+1+1+1,0,2.6364,3.0,2.33,-0.0091,2,"BRE,BRE","EVE,NFO",CHE-CRY-EVE-LIV-NFO,5,1+1+1+1+1,0,2.5,93.8,25.0,-0.078,2.525431,False,
BRE-BRE-CHE-CRY-MCI,4,2+1+1+1,0,2.6364,3.0,2.33,-0.0091,2,"BRE,CRY","AVL,NEW",AVL-BRE-CHE-MCI-NEW,5,1+1+1+1+1,0,2.5,100.0,12.5,-0.1605,2.525431,False,
BRE-CHE-CRY-LIV-LIV,4,2+1+1+1,0,2.6364,3.0,2.33,-0.0091,2,"BRE,LIV","EVE,NFO",CHE-CRY-EVE-LIV-NFO,5,1+1+1+1+1,0,2.5,93.8,25.0,-0.078,2.525431,False,
BRE-CHE-CRY-MCI-MCI,4,2+1+1+1,0,2.6364,3.0,2.33,-0.0091,2,"CRY,MCI","AVL,NEW",AVL-BRE-CHE-MCI-NEW,5,1+1+1+1+1,0,2.5,100.0,12.5,-0.1605,2.525431,False,
BRE-BHA-BHA-CHE-LIV,4,2+1+1+1,0,2.6364,3.0,2.33,0.061,2,"BHA,CHE","AVL,NFO",AVL-BRE-BHA-LIV-NFO,5,1+1+1+1+1,0,2.5,100.0,12.5,-0.09,2.525431,False,
BRE-BRE-BHA-CHE-LIV,4,2+1+1+1,0,2.6364,3.0,2.33,0.0781,2,"BRE,CHE","AVL,NFO",AVL-BRE-BHA-LIV-NFO,5,1+1+1+1+1,0,2.5,100.0,12.5,-0.09,2.525431,False,
BRE-BHA-CHE-LIV-LIV,4,2+1+1+1,0,2.6364,3.0,2.33,0.0781,2,"CHE,LIV","AVL,NFO",AVL-BRE-BHA-LIV-NFO,5,1+1+1+1+1,0,2.5,100.0,12.5,-0.09,2.525431,False,
ARS-ARS-BHA-MUN-SUN,4,2+1+1+1,1,2.4545,2.2,2.67,0.1268,2,"ARS,MUN","LEE,MCI",ARS-BHA-LEE-MCI-SUN,5,1+1+1+1+1,1,2.5417,100.0,6.2,-0.1712,2.525442,False,
ARS-BHA-IPS-MUN-MUN,4,2+1+1+1,0,2.4545,2.2,2.67,0.1268,2,"MUN,MUN","LEE,MCI",ARS-BHA-IPS-LEE-MCI,5,1+1+1+1+1,0,2.5417,100.0,6.2,-0.1608,2.525442,False,
ARS-ARS-BRE-LIV-MUN,4,2+1+1+1,0,2.4545,2.4,2.5,-0.2,2,"ARS,MUN","AVL,NEW",ARS-AVL-BRE-LIV-NEW,5,1+1+1+1+1,0,2.5417,100.0,12.5,-0.1168,2.525442,False,
ARS-ARS-BRE-MCI-MUN,4,2+1+1+1,0,2.4545,2.4,2.5,-0.2,2,"ARS,ARS","AVL,COV",AVL-BRE-COV-MCI-MUN,5,1+1+1+1+1,0,2.5417,100.0,6.2,-0.1671,2.525442,False,
ARS-BRE-BRE-IPS-MUN,4,2+1+1+1,0,2.4545,2.4,2.5,-0.2,2,"BRE,MUN","AVL,BOU",ARS-AVL-BOU-BRE-IPS,5,1+1+1+1+1,0,2.5417,100.0,6.2,-0.1478,2.525442,False,
BRE-IPS-IPS-LIV-MUN,4,2+1+1+1,0,2.4545,2.4,2.5,-0.2,2,"BRE,IPS","CRY,MCI",CRY-IPS-LIV-MCI-MUN,5,1+1+1+1+1,0,2.5417,100.0,6.2,-0.1962,2.525442,False,
ARS-BRE-BRE-MUN-NFO,4,2+1+1+1,0,2.4545,2.4,2.5,-0.1634,2,"ARS,BRE","AVL,BOU",AVL-BOU-BRE-MUN-NFO,5,1+1+1+1+1,0,2.5417,100.0,6.2,-0.1378,2.525442,False,
ARS-MCI-MCI-MUN-NFO,4,2+1+1+1,0,2.4545,2.4,2.5,-0.1634,2,"MCI,NFO","BOU,COV",ARS-BOU-COV-MCI-MUN,5,1+1+1+1+1,0,2.5417,100.0,12.5,-0.0523,2.525442,False,
BRE-BRE-IPS-MUN-NFO,4,2+1+1+1,0,2.4545,2.4,2.5,-0.1634,2,"BRE,IPS","AVL,BOU",AVL-BOU-BRE-MUN-NFO,5,1+1+1+1+1,0,2.5417,100.0,6.2,-0.1378,2.525442,False,
ARS-BRE-CRY-MUN-MUN,4,2+1+1+1,0,2.4545,2.4,2.5,-0.15,2,"MUN,MUN","AVL,BOU",ARS-AVL-BOU-BRE-CRY,5,1+1+1+1+1,0,2.5417,100.0,0.0,-0.1561,2.525442,False,
ARS-BRE-LEE-MUN-MUN,4,2+1+1+1,0,2.4545,2.4,2.5,-0.15,2,"MUN,MUN","AVL,COV",ARS-AVL-BRE-COV-LEE,5,1+1+1+1+1,0,2.5417,100.0,0.0,-0.1743,2.525442,False,
BRE-IPS-LEE-MUN-MUN,4,2+1+1+1,0,2.4545,2.4,2.5,-0.15,2,"BRE,MUN","AVL,MCI",AVL-IPS-LEE-MCI-MUN,5,1+1+1+1+1,0,2.5417,100.0,6.2,-0.1379,2.525442,False,
ARS-BHA-BHA-MUN-SUN,4,2+1+1+1,1,2.4545,2.4,2.5,-0.1464,2,"BHA,MUN","LEE,MCI",ARS-BHA-LEE-MCI-SUN,5,1+1+1+1+1,1,2.5417,100.0,6.2,-0.1712,2.525442,False,
BRE-MCI-MUN-NFO-NFO,4,2+1+1+1,0,2.4545,2.4,2.5,-0.1,2,"NFO,NFO","AVL,COV",AVL-BRE-COV-MCI-MUN,5,1+1+1+1+1,0,2.5417,100.0,6.2,-0.1671,2.525442,False,
ARS-BRE-MCI-MUN-NFO,5,1+1+1+1+1,0,2.4545,2.4,2.5,-0.0634,2,"ARS,NFO","AVL,COV",AVL-BRE-COV-MCI-MUN,5,1+1+1+1+1,0,2.5417,100.0,6.2,-0.1671,2.525442,False,
ARS-BRE-EVE-MUN-MUN,4,2+1+1+1,0,2.4545,2.4,2.5,0.0,2,"ARS,MUN","BOU,COV",BOU-BRE-COV-EVE-MUN,5,1+1+1+1+1,0,2.5417,100.0,6.2,-0.1626,2.525442,False,
BRE-EVE-IPS-MUN-MUN,4,2+1+1+1,0,2.4545,2.4,2.5,0.0,2,"IPS,MUN","BOU,COV",BOU-BRE-COV-EVE-MUN,5,1+1+1+1+1,0,2.5417,100.0,6.2,-0.1626,2.525442,False,
ARS-BHA-EVE-MUN-MUN,4,2+1+1+1,0,2.4545,2.4,2.5,0.0902,2,"MUN,MUN","COV,LEE",ARS-BHA-COV-EVE-LEE,5,1+1+1+1+1,0,2.5417,100.0,12.5,-0.0998,2.525442,False,
AVL-EVE-IPS-MUN-MUN,4,2+1+1+1,0,2.4545,2.4,2.5,0.0902,2,"IPS,MUN","COV,COV",AVL-COV-COV-EVE-MUN,4,2+1+1+1,0,2.5417,100.0,12.5,-0.1613,2.525442,False,
BHA-EVE-IPS-MUN-MUN,4,2+1+1+1,0,2.4545,2.4,2.5,0.0902,2,"BHA,MUN","BOU,CHE",BOU-CHE-EVE-IPS-MUN,5,1+1+1+1+1,0,2.5417,100.0,6.2,-0.0896,2.525442,False,
ARS-CHE-CRY-MUN-MUN,4,2+1+1+1,0,2.4545,2.4,2.5,0.1823,2,"MUN,MUN","AVL,EVE",ARS-AVL-CHE-CRY-EVE,5,1+1+1+1+1,0,2.5417,100.0,12.5,-0.0107,2.525442,False,
CHE-CRY-MUN-MUN-SUN,4,2+1+1+1,1,2.4545,2.4,2.5,0.2579,2,"CRY,MUN","BOU,TOT",BOU-CHE-MUN-TOT-SUN,5,1+1+1+1+1,1,2.5417,100.0,6.2,-0.1018,2.525442,False,
CHE-CRY-MUN-SUN-SUN,4,2+1+1+1,2,2.4545,2.4,2.5,0.2579,2,"CRY,SUN","BOU,TOT",BOU-CHE-MUN-TOT-SUN,5,1+1+1+1+1,1,2.5417,100.0,6.2,-0.1018,2.525442,False,
BRE-BRE-EVE-MUN-SUN,4,2+1+1+1,1,2.4545,2.6,2.33,-0.3,2,"BRE,SUN","BOU,COV",BOU-BRE-COV-EVE-MUN,5,1+1+1+1+1,0,2.5417,100.0,6.2,-0.1626,2.525442,False,
BRE-EVE-LIV-SUN-SUN,4,2+1+1+1,2,2.4545,2.6,2.33,-0.3,2,"SUN,SUN","BHA,HUL",BRE-BHA-EVE-HUL-LIV,5,1+1+1+1+1,0,2.5417,100.0,6.2,-0.1559,2.525442,False,
BRE-LEE-LIV-MUN-MUN,4,2+1+1+1,0,2.4545,2.6,2.33,-0.3,2,"LEE,MUN","AVL,NFO",AVL-BRE-LIV-MUN-NFO,5,1+1+1+1+1,0,2.5417,100.0,12.5,-0.0644,2.525442,False,
AVL-BRE-EVE-MUN-MUN,4,2+1+1+1,0,2.4545,2.6,2.33,-0.2732,2,"EVE,MUN","BOU,COV",AVL-BOU-BRE-COV-MUN,5,1+1+1+1+1,0,2.5417,100.0,6.2,-0.1765,2.525442,False,
BRE-BHA-EVE-MUN-MUN,4,2+1+1+1,0,2.4545,2.6,2.33,-0.2732,2,"BHA,MUN","BOU,COV",BOU-BRE-COV-EVE-MUN,5,1+1+1+1+1,0,2.5417,100.0,6.2,-0.1626,2.525442,False,
BRE-BHA-CRY-MUN-MUN,4,2+1+1+1,0,2.4545,2.6,2.33,-0.25,2,"MUN,MUN","IPS,MCI",BRE-BHA-CRY-IPS-MCI,5,1+1+1+1+1,0,2.5417,100.0,12.5,-0.0679,2.525442,False,
BRE-CHE-CRY-MUN-MUN,4,2+1+1+1,0,2.4545,2.6,2.33,-0.2311,2,"CRY,MUN","AVL,MCI",AVL-BRE-CHE-MCI-MUN,5,1+1+1+1+1,0,2.5417,100.0,18.8,-0.0939,2.525442,False,
AVL-AVL-EVE-MUN-SUN,4,2+1+1+1,1,2.4545,2.6,2.33,-0.2196,2,"AVL,SUN","COV,COV",AVL-COV-COV-EVE-MUN,4,2+1+1+1,0,2.5417,100.0,12.5,-0.1613,2.525442,False,
ARS-BHA-MUN-TOT-TOT,4,2+1+1+1,0,2.4545,2.6,2.33,-0.2098,2,"MUN,TOT","LEE,NFO",ARS-BHA-LEE-NFO-TOT,5,1+1+1+1+1,0,2.5417,100.0,0.0,-0.1437,2.525442,False,
BHA-IPS-MUN-TOT-TOT,4,2+1+1+1,0,2.4545,2.6,2.33,-0.2098,2,"BHA,TOT","BOU,CHE",BOU-CHE-IPS-MUN-TOT,5,1+1+1+1+1,0,2.5417,100.0,12.5,-0.0877,2.525442,False,
ARS-BRE-BRE-LIV-MUN,4,2+1+1+1,0,2.4545,2.6,2.33,-0.2,2,"BRE,MUN","AVL,NEW",ARS-AVL-BRE-LIV-NEW,5,1+1+1+1+1,0,2.5417,100.0,12.5,-0.1168,2.525442,False,
ARS-BRE-BRE-MCI-MUN,4,2+1+1+1,0,2.4545,2.6,2.33,-0.2,2,"ARS,BRE","AVL,COV",AVL-BRE-COV-MCI-MUN,5,1+1+1+1+1,0,2.5417,100.0,6.2,-0.1671,2.525442,False,
ARS-BRE-LIV-LIV-MUN,4,2+1+1+1,0,2.4545,2.6,2.33,-0.2,2,"LIV,MUN","AVL,NEW",ARS-AVL-BRE-LIV-NEW,5,1+1+1+1+1,0,2.5417,100.0,12.5,-0.1168,2.525442,False,
ARS-BRE-MCI-MCI-MUN,4,2+1+1+1,0,2.4545,2.6,2.33,-0.2,2,"ARS,MCI","AVL,COV",AVL-BRE-COV-MCI-MUN,5,1+1+1+1+1,0,2.5417,100.0,6.2,-0.1671,2.525442,False,
BRE-BRE-IPS-LIV-MUN,4,2+1+1+1,0,2.4545,2.6,2.33,-0.2,2,"BRE,BRE","CRY,MCI",CRY-IPS-LIV-MCI-MUN,5,1+1+1+1+1,0,2.5417,100.0,6.2,-0.1962,2.525442,False,
BRE-IPS-LIV-LIV-MUN,4,2+1+1+1,0,2.4545,2.6,2.33,-0.2,2,"BRE,LIV","CRY,MCI",CRY-IPS-LIV-MCI-MUN,5,1+1+1+1+1,0,2.5417,100.0,6.2,-0.1962,2.525442,False,
BRE-LEE-LIV-MUN-SUN,5,1+1+1+1+1,1,2.4545,2.6,2.33,-0.2,2,"LEE,SUN","AVL,NFO",AVL-BRE-LIV-MUN-NFO,5,1+1+1+1+1,0,2.5417,100.0,12.5,-0.0644,2.525442,False,
ARS-BRE-BRE-BHA-SUN,4,2+1+1+1,1,2.4545,2.6,2.33,-0.1634,2,"BRE,BRE","LEE,MCI",ARS-BHA-LEE-MCI-SUN,5,1+1+1+1+1,1,2.5417,100.0,6.2,-0.1712,2.525442,False,
BRE-BRE-MCI-MUN-NFO,4,2+1+1+1,0,2.4545,2.6,2.33,-0.1,2,"BRE,NFO","AVL,COV",AVL-BRE-COV-MCI-MUN,5,1+1+1+1+1,0,2.5417,100.0,6.2,-0.1671,2.525442,False,
BRE-MCI-MCI-MUN-NFO,4,2+1+1+1,0,2.4545,2.6,2.33,-0.1,2,"MCI,NFO","AVL,COV",AVL-BRE-COV-MCI-MUN,5,1+1+1+1+1,0,2.5417,100.0,6.2,-0.1671,2.525442,False,
BRE-BRE-CHE-LIV-MUN,4,2+1+1+1,0,2.4545,2.8,2.17,-0.289,2,"BRE,LIV","AVL,MCI",AVL-BRE-CHE-MCI-MUN,5,1+1+1+1+1,0,2.5417,100.0,18.8,-0.0939,2.525442,False,
BRE-CHE-CHE-LIV-MUN,4,2+1+1+1,0,2.4545,2.8,2.17,-0.289,2,"CHE,LIV","AVL,MCI",AVL-BRE-CHE-MCI-MUN,5,1+1+1+1+1,0,2.5417,100.0,18.8,-0.0939,2.525442,False,
BRE-CHE-LIV-LIV-MUN,4,2+1+1+1,0,2.4545,2.8,2.17,-0.289,2,"LIV,LIV","AVL,MCI",AVL-BRE-CHE-MCI-MUN,5,1+1+1+1+1,0,2.5417,100.0,18.8,-0.0939,2.525442,False,
BHA-BHA-MCI-MUN-TOT,4,2+1+1+1,0,2.4545,2.8,2.17,-0.2732,2,"BHA,TOT","COV,LEE",BHA-COV-LEE-MCI-MUN,5,1+1+1+1+1,0,2.5417,100.0,12.5,-0.1605,2.525442,False,
BHA-MCI-MUN-TOT-TOT,4,2+1+1+1,0,2.4545,2.8,2.17,-0.2732,2,"TOT,TOT","COV,LEE",BHA-COV-LEE-MCI-MUN,5,1+1+1+1+1,0,2.5417,100.0,12.5,-0.1605,2.525442,False,
BHA-MCI-MCI-MUN-TOT,4,2+1+1+1,0,2.4545,2.8,2.17,-0.25,2,"MCI,TOT","COV,LEE",BHA-COV-LEE-MCI-MUN,5,1+1+1+1+1,0,2.5417,100.0,12.5,-0.1605,2.525442,False,
ARS-IPS-NFO-NFO-TOT,4,2+1+1+1,0,2.7273,2.2,3.17,0.1732,2,"ARS,IPS","BOU,CHE",BOU-CHE-NFO-NFO-TOT,4,2+1+1+1,0,2.4792,100.0,18.8,-0.1349,2.525456,False,
ARS-IPS-LIV-NFO-NFO,4,2+1+1+1,0,2.7273,2.2,3.17,0.3464,2,"ARS,IPS","BHA,BOU",BOU-BHA-LIV-NFO-NFO,4,2+1+1+1,0,2.4792,100.0,25.0,-0.147,2.525456,False,
ARS-IPS-MCI-NFO-NFO,4,2+1+1+1,0,2.7273,2.2,3.17,0.3464,2,"ARS,NFO","CHE,LIV",CHE-IPS-LIV-MCI-NFO,5,1+1+1+1+1,0,2.4792,100.0,12.5,-0.0652,2.525456,False,
ARS-ARS-EVE-NFO-SUN,4,2+1+1+1,1,2.7273,2.2,3.17,0.4732,2,"ARS,ARS","BOU,COV",BOU-COV-EVE-NFO-SUN,5,1+1+1+1+1,1,2.4792,100.0,31.2,-0.0867,2.525456,False,
ARS-ARS-IPS-MCI-TOT,4,2+1+1+1,0,2.7273,2.4,3.0,-0.15,2,"ARS,ARS","CHE,FUL",CHE-FUL-IPS-MCI-TOT,5,1+1+1+1+1,0,2.4792,100.0,18.8,-0.1129,2.525456,False,
ARS-IPS-IPS-MCI-TOT,4,2+1+1+1,0,2.7273,2.4,3.0,-0.15,2,"ARS,IPS","CHE,FUL",CHE-FUL-IPS-MCI-TOT,5,1+1+1+1+1,0,2.4792,100.0,18.8,-0.1129,2.525456,False,
ARS-ARS-AVL-NFO-TOT,4,2+1+1+1,0,2.7273,2.4,3.0,-0.05,2,"ARS,ARS","FUL,LEE",AVL-FUL-LEE-NFO-TOT,5,1+1+1+1+1,0,2.4792,100.0,0.0,-0.2008,2.525456,False,
AVL-IPS-IPS-NFO-TOT,4,2+1+1+1,0,2.7273,2.4,3.0,-0.05,2,"IPS,IPS","FUL,LEE",AVL-FUL-LEE-NFO-TOT,5,1+1+1+1+1,0,2.4792,100.0,0.0,-0.2008,2.525456,False,
ARS-AVL-NFO-NFO-TOT,4,2+1+1+1,0,2.7273,2.4,3.0,-0.0366,2,"ARS,NFO","FUL,LEE",AVL-FUL-LEE-NFO-TOT,5,1+1+1+1+1,0,2.4792,100.0,0.0,-0.2008,2.525456,False,
ARS-BHA-NFO-NFO-TOT,4,2+1+1+1,0,2.7273,2.4,3.0,-0.0366,2,"ARS,TOT","BOU,LIV",BOU-BHA-LIV-NFO-NFO,4,2+1+1+1,0,2.4792,100.0,25.0,-0.147,2.525456,False,
AVL-IPS-NFO-NFO-TOT,4,2+1+1+1,0,2.7273,2.4,3.0,-0.0366,2,"IPS,NFO","FUL,LEE",AVL-FUL-LEE-NFO-TOT,5,1+1+1+1+1,0,2.4792,100.0,0.0,-0.2008,2.525456,False,
BHA-IPS-NFO-NFO-TOT,4,2+1+1+1,0,2.7273,2.4,3.0,-0.0366,2,"IPS,TOT","BOU,LIV",BOU-BHA-LIV-NFO-NFO,4,2+1+1+1,0,2.4792,100.0,25.0,-0.147,2.525456,False,
ARS-ARS-BRE-CHE-NFO,4,2+1+1+1,0,2.7273,2.4,3.0,-0.0162,2,"ARS,ARS","AVL,BOU",AVL-BOU-BRE-CHE-NFO,5,1+1+1+1+1,0,2.4792,100.0,6.2,-0.1001,2.525456,False,
BRE-CHE-IPS-IPS-NFO,4,2+1+1+1,0,2.7273,2.4,3.0,-0.0162,2,"BRE,IPS","BOU,FUL",BOU-CHE-FUL-IPS-NFO,5,1+1+1+1+1,0,2.4792,100.0,6.2,-0.1258,2.525456,False,
ARS-ARS-IPS-LIV-MCI,4,2+1+1+1,0,2.7273,2.4,3.0,-0.0,2,"ARS,ARS","CHE,NEW",CHE-IPS-LIV-MCI-NEW,5,1+1+1+1+1,0,2.4792,100.0,12.5,-0.1753,2.525456,False,
ARS-IPS-IPS-LIV-MCI,4,2+1+1+1,0,2.7273,2.4,3.0,-0.0,2,"ARS,IPS","CHE,NEW",CHE-IPS-LIV-MCI-NEW,5,1+1+1+1+1,0,2.4792,100.0,12.5,-0.1753,2.525456,False,
ARS-AVL-IPS-NFO-TOT,5,1+1+1+1+1,0,2.7273,2.4,3.0,0.05,2,"ARS,IPS","FUL,LEE",AVL-FUL-LEE-NFO-TOT,5,1+1+1+1+1,0,2.4792,100.0,0.0,-0.2008,2.525456,False,
ARS-EVE-NFO-NFO-TOT,4,2+1+1+1,0,2.7273,2.4,3.0,0.05,2,"ARS,NFO","CHE,FUL",CHE-EVE-FUL-NFO-TOT,5,1+1+1+1+1,0,2.4792,100.0,6.2,-0.1683,2.525456,False,
EVE-IPS-NFO-NFO-TOT,4,2+1+1+1,0,2.7273,2.4,3.0,0.05,2,"IPS,NFO","CHE,FUL",CHE-EVE-FUL-NFO-TOT,5,1+1+1+1+1,0,2.4792,100.0,6.2,-0.1683,2.525456,False,
EVE-IPS-MCI-NFO-NFO,4,2+1+1+1,0,2.7273,2.4,3.0,0.0732,2,"EVE,NFO","CHE,LIV",CHE-IPS-LIV-MCI-NFO,5,1+1+1+1+1,0,2.4792,100.0,12.5,-0.0652,2.525456,False,
ARS-BRE-CHE-IPS-NFO,5,1+1+1+1+1,0,2.7273,2.4,3.0,0.0838,2,"ARS,BRE","BOU,FUL",BOU-CHE-FUL-IPS-NFO,5,1+1+1+1+1,0,2.4792,100.0,6.2,-0.1258,2.525456,False,
ARS-BHA-CHE-NFO-NFO,4,2+1+1+1,0,2.7273,2.4,3.0,0.1284,2,"ARS,CHE","BOU,LIV",BOU-BHA-LIV-NFO-NFO,4,2+1+1+1,0,2.4792,100.0,25.0,-0.147,2.525456,False,
BHA-CHE-IPS-NFO-NFO,4,2+1+1+1,0,2.7273,2.4,3.0,0.1284,2,"CHE,IPS","BOU,LIV",BOU-BHA-LIV-NFO-NFO,4,2+1+1+1,0,2.4792,100.0,25.0,-0.147,2.525456,False,
ARS-ARS-AVL-BRE-NFO,4,2+1+1+1,0,2.7273,2.4,3.0,0.2098,2,"ARS,ARS","BOU,COV",AVL-BOU-BRE-COV-NFO,5,1+1+1+1+1,0,2.4792,100.0,18.8,-0.14,2.525456,False,
ARS-ARS-BHA-LIV-NFO,4,2+1+1+1,0,2.7273,2.4,3.0,0.2098,2,"ARS,ARS","BOU,NEW",BOU-BHA-LIV-NEW-NFO,5,1+1+1+1+1,0,2.4792,100.0,12.5,-0.1525,2.525456,False,
ARS-ARS-BHA-MCI-NFO,4,2+1+1+1,0,2.7273,2.4,3.0,0.2098,2,"ARS,ARS","LIV,NEW",BHA-LIV-MCI-NEW-NFO,5,1+1+1+1+1,0,2.4792,100.0,12.5,-0.1303,2.525456,False,
AVL-BRE-IPS-IPS-NFO,4,2+1+1+1,0,2.7273,2.4,3.0,0.2098,2,"IPS,IPS","BOU,COV",AVL-BOU-BRE-COV-NFO,5,1+1+1+1+1,0,2.4792,100.0,18.8,-0.14,2.525456,False,
BHA-IPS-IPS-LIV-NFO,4,2+1+1+1,0,2.7273,2.4,3.0,0.2098,2,"IPS,IPS","BOU,NEW",BOU-BHA-LIV-NEW-NFO,5,1+1+1+1+1,0,2.4792,100.0,12.5,-0.1525,2.525456,False,
BHA-IPS-IPS-MCI-NFO,4,2+1+1+1,0,2.7273,2.4,3.0,0.2098,2,"IPS,IPS","LIV,NEW",BHA-LIV-MCI-NEW-NFO,5,1+1+1+1+1,0,2.4792,100.0,12.5,-0.1303,2.525456,False,
AVL-CRY-NFO-NFO-SUN,4,2+1+1+1,1,2.7273,2.4,3.0,0.2232,2,"CRY,SUN","BOU,CHE",AVL-BOU-CHE-NFO-NFO,4,2+1+1+1,0,2.4792,93.8,18.8,-0.1395,2.525456,False,
BHA-CRY-MUN-NFO-NFO,4,2+1+1+1,0,2.7273,2.4,3.0,0.2232,2,"CRY,MUN","BOU,LIV",BOU-BHA-LIV-NFO-NFO,4,2+1+1+1,0,2.4792,100.0,25.0,-0.147,2.525456,False,
BHA-CRY-NFO-NFO-SUN,4,2+1+1+1,1,2.7273,2.4,3.0,0.2232,2,"CRY,SUN","BOU,LIV",BOU-BHA-LIV-NFO-NFO,4,2+1+1+1,0,2.4792,100.0,25.0,-0.147,2.525456,False,
ARS-AVL-CRY-MUN-NFO,5,1+1+1+1+1,0,2.7273,2.4,3.0,0.2732,2,"CRY,MUN","BOU,LIV",ARS-AVL-BOU-LIV-NFO,5,1+1+1+1+1,0,2.4792,100.0,12.5,-0.1091,2.525456,False,
ARS-AVL-CRY-NFO-SUN,5,1+1+1+1+1,1,2.7273,2.4,3.0,0.2732,2,"CRY,SUN","BOU,LIV",ARS-AVL-BOU-LIV-NFO,5,1+1+1+1+1,0,2.4792,100.0,12.5,-0.1091,2.525456,False,
ARS-BHA-CRY-MUN-NFO,5,1+1+1+1+1,0,2.7273,2.4,3.0,0.2732,2,"ARS,MUN","BOU,LIV",BOU-BHA-CRY-LIV-NFO,5,1+1+1+1+1,0,2.4792,100.0,18.8,-0.1001,2.525456,False,
ARS-BHA-CRY-NFO-SUN,5,1+1+1+1+1,1,2.7273,2.4,3.0,0.2732,2,"ARS,SUN","BOU,LIV",BOU-BHA-CRY-LIV-NFO,5,1+1+1+1+1,0,2.4792,100.0,18.8,-0.1001,2.525456,False,
AVL-CRY-IPS-MUN-NFO,5,1+1+1+1+1,0,2.7273,2.4,3.0,0.2732,2,"CRY,MUN","BOU,CHE",AVL-BOU-CHE-IPS-NFO,5,1+1+1+1+1,0,2.4792,100.0,12.5,-0.117,2.525456,False,
BHA-CRY-IPS-MUN-NFO,5,1+1+1+1+1,0,2.7273,2.4,3.0,0.2732,2,"IPS,MUN","BOU,LIV",BOU-BHA-CRY-LIV-NFO,5,1+1+1+1+1,0,2.4792,100.0,18.8,-0.1001,2.525456,False,
ARS-AVL-BRE-IPS-NFO,5,1+1+1+1+1,0,2.7273,2.4,3.0,0.3098,2,"ARS,IPS","BOU,COV",AVL-BOU-BRE-COV-NFO,5,1+1+1+1+1,0,2.4792,100.0,18.8,-0.14,2.525456,False,
ARS-AVL-BRE-NFO-NFO,4,2+1+1+1,0,2.7273,2.4,3.0,0.3098,2,"ARS,NFO","BOU,COV",AVL-BOU-BRE-COV-NFO,5,1+1+1+1+1,0,2.4792,100.0,18.8,-0.14,2.525456,False,
ARS-BRE-BHA-NFO-NFO,4,2+1+1+1,0,2.7273,2.4,3.0,0.3098,2,"ARS,BRE","BOU,LIV",BOU-BHA-LIV-NFO-NFO,4,2+1+1+1,0,2.4792,100.0,25.0,-0.147,2.525456,False,
ARS-BHA-IPS-LIV-NFO,5,1+1+1+1+1,0,2.7273,2.4,3.0,0.3098,2,"ARS,IPS","BOU,NEW",BOU-BHA-LIV-NEW-NFO,5,1+1+1+1+1,0,2.4792,100.0,12.5,-0.1525,2.525456,False,
ARS-BHA-IPS-MCI-NFO,5,1+1+1+1+1,0,2.7273,2.4,3.0,0.3098,2,"ARS,IPS","LIV,NEW",BHA-LIV-MCI-NEW-NFO,5,1+1+1+1+1,0,2.4792,100.0,12.5,-0.1303,2.525456,False,
ARS-BHA-LIV-NFO-NFO,4,2+1+1+1,0,2.7273,2.4,3.0,0.3098,2,"ARS,NFO","BOU,NEW",BOU-BHA-LIV-NEW-NFO,5,1+1+1+1+1,0,2.4792,100.0,12.5,-0.1525,2.525456,False,
ARS-BHA-MCI-NFO-NFO,4,2+1+1+1,0,2.7273,2.4,3.0,0.3098,2,"ARS,MCI","BOU,LIV",BOU-BHA-LIV-NFO-NFO,4,2+1+1+1,0,2.4792,100.0,25.0,-0.147,2.525456,False,
AVL-BRE-IPS-NFO-NFO,4,2+1+1+1,0,2.7273,2.4,3.0,0.3098,2,"IPS,NFO","BOU,COV",AVL-BOU-BRE-COV-NFO,5,1+1+1+1+1,0,2.4792,100.0,18.8,-0.14,2.525456,False,
BRE-BHA-IPS-NFO-NFO,4,2+1+1+1,0,2.7273,2.4,3.0,0.3098,2,"BRE,IPS","BOU,LIV",BOU-BHA-LIV-NFO-NFO,4,2+1+1+1,0,2.4792,100.0,25.0,-0.147,2.525456,False,
BHA-IPS-LIV-NFO-NFO,4,2+1+1+1,0,2.7273,2.4,3.0,0.3098,2,"IPS,NFO","BOU,NEW",BOU-BHA-LIV-NEW-NFO,5,1+1+1+1+1,0,2.4792,100.0,12.5,-0.1525,2.525456,False,
BHA-IPS-MCI-NFO-NFO,4,2+1+1+1,0,2.7273,2.4,3.0,0.3098,2,"IPS,MCI","BOU,LIV",BOU-BHA-LIV-NFO-NFO,4,2+1+1+1,0,2.4792,100.0,25.0,-0.147,2.525456,False,
ARS-EVE-EVE-NFO-SUN,4,2+1+1+1,1,2.7273,2.4,3.0,0.4366,2,"ARS,EVE","BOU,COV",BOU-COV-EVE-NFO-SUN,5,1+1+1+1+1,1,2.4792,100.0,31.2,-0.0867,2.525456,False,
ARS-ARS-CHE-EVE-SUN,4,2+1+1+1,1,2.7273,2.4,3.0,0.5268,2,"ARS,ARS","COV,MCI",CHE-COV-EVE-MCI-SUN,5,1+1+1+1+1,1,2.4792,100.0,12.5,-0.1133,2.525456,False,
CHE-EVE-IPS-IPS-MUN,4,2+1+1+1,0,2.7273,2.4,3.0,0.5268,2,"IPS,MUN","BOU,COV",BOU-CHE-COV-EVE-IPS,5,1+1+1+1+1,0,2.4792,100.0,18.8,-0.052,2.525456,False,
ARS-CHE-EVE-IPS-MUN,5,1+1+1+1+1,0,2.7273,2.4,3.0,0.6268,2,"ARS,MUN","BOU,COV",BOU-CHE-COV-EVE-IPS,5,1+1+1+1+1,0,2.4792,100.0,18.8,-0.052,2.525456,False,
ARS-CRY-NFO-TOT-TOT,4,2+1+1+1,0,2.7273,2.6,2.83,-0.25,2,"ARS,TOT","BOU,FUL",BOU-CRY-FUL-NFO-TOT,5,1+1+1+1+1,0,2.4792,100.0,18.8,-0.177,2.525456,False,
CRY-IPS-NFO-TOT-TOT,4,2+1+1+1,0,2.7273,2.6,2.83,-0.25,2,"IPS,TOT","BOU,FUL",BOU-CRY-FUL-NFO-TOT,5,1+1+1+1+1,0,2.4792,100.0,18.8,-0.177,2.525456,False,
ARS-ARS-BRE-EVE-LIV,4,2+1+1+1,0,2.7273,2.6,2.83,-0.2,2,"ARS,BRE","BOU,COV",ARS-BOU-COV-EVE-LIV,5,1+1+1+1+1,0,2.4792,100.0,18.8,-0.0922,2.525456,False,
ARS-ARS-EVE-LIV-TOT,4,2+1+1+1,0,2.7273,2.6,2.83,-0.2,2,"ARS,ARS","NEW,NFO",EVE-LIV-NEW-NFO-TOT,5,1+1+1+1+1,0,2.4792,100.0,25.0,-0.1014,2.525456,False,
ARS-EVE-IPS-LIV-LIV,4,2+1+1+1,0,2.7273,2.6,2.83,-0.2,2,"IPS,LIV","BOU,COV",ARS-BOU-COV-EVE-LIV,5,1+1+1+1+1,0,2.4792,100.0,18.8,-0.0922,2.525456,False,
ARS-EVE-IPS-MCI-MCI,4,2+1+1+1,0,2.7273,2.6,2.83,-0.2,2,"ARS,MCI","CHE,COV",CHE-COV-EVE-IPS-MCI,5,1+1+1+1+1,0,2.4792,100.0,18.8,-0.0363,2.525456,False,
BRE-EVE-IPS-IPS-MCI,4,2+1+1+1,0,2.7273,2.6,2.83,-0.2,2,"BRE,IPS","CHE,COV",CHE-COV-EVE-IPS-MCI,5,1+1+1+1+1,0,2.4792,100.0,18.8,-0.0363,2.525456,False,
CRY-IPS-IPS-MCI-TOT,4,2+1+1+1,0,2.7273,2.6,2.83,-0.2,2,"CRY,IPS","CHE,FUL",CHE-FUL-IPS-MCI-TOT,5,1+1+1+1+1,0,2.4792,100.0,18.8,-0.1129,2.525456,False,
EVE-IPS-IPS-LIV-TOT,4,2+1+1+1,0,2.7273,2.6,2.83,-0.2,2,"IPS,IPS","NEW,NFO",EVE-LIV-NEW-NFO-TOT,5,1+1+1+1+1,0,2.4792,100.0,25.0,-0.1014,2.525456,False,
EVE-IPS-IPS-MCI-TOT,4,2+1+1+1,0,2.7273,2.6,2.83,-0.2,2,"EVE,IPS","CHE,FUL",CHE-FUL-IPS-MCI-TOT,5,1+1+1+1+1,0,2.4792,100.0,18.8,-0.1129,2.525456,False,
AVL-EVE-NFO-NFO-TOT,4,2+1+1+1,0,2.7273,2.6,2.83,-0.1964,2,"EVE,NFO","FUL,LEE",AVL-FUL-LEE-NFO-TOT,5,1+1+1+1+1,0,2.4792,100.0,0.0,-0.2008,2.525456,False,
BHA-EVE-NFO-NFO-TOT,4,2+1+1+1,0,2.7273,2.6,2.83,-0.1964,2,"BHA,NFO","CHE,FUL",CHE-EVE-FUL-NFO-TOT,5,1+1+1+1+1,0,2.4792,100.0,6.2,-0.1683,2.525456,False,
ARS-ARS-AVL-LEE-TOT,4,2+1+1+1,0,2.7273,2.6,2.83,-0.1866,2,"ARS,ARS","FUL,NFO",AVL-FUL-LEE-NFO-TOT,5,1+1+1+1+1,0,2.4792,100.0,0.0,-0.2008,2.525456,False,
AVL-IPS-IPS-LEE-TOT,4,2+1+1+1,0,2.7273,2.6,2.83,-0.1866,2,"IPS,IPS","FUL,NFO",AVL-FUL-LEE-NFO-TOT,5,1+1+1+1+1,0,2.4792,100.0,0.0,-0.2008,2.525456,False,
ARS-ARS-AVL-CHE-TOT,4,2+1+1+1,0,2.7273,2.6,2.83,-0.1714,2,"ARS,ARS","FUL,NFO",AVL-CHE-FUL-NFO-TOT,5,1+1+1+1+1,0,2.4792,100.0,12.5,-0.1683,2.525456,False,
AVL-CHE-IPS-IPS-TOT,4,2+1+1+1,0,2.7273,2.6,2.83,-0.1714,2,"IPS,IPS","FUL,NFO",AVL-CHE-FUL-NFO-TOT,5,1+1+1+1+1,0,2.4792,100.0,12.5,-0.1683,2.525456,False,
BHA-CHE-IPS-IPS-TOT,4,2+1+1+1,0,2.7273,2.6,2.83,-0.1714,2,"BHA,IPS","FUL,MCI",CHE-FUL-IPS-MCI-TOT,5,1+1+1+1+1,0,2.4792,100.0,18.8,-0.1129,2.525456,False,
ARS-ARS-AVL-BRE-CHE,4,2+1+1+1,0,2.7273,2.6,2.83,-0.1683,2,"ARS,ARS","BOU,NFO",AVL-BOU-BRE-CHE-NFO,5,1+1+1+1+1,0,2.4792,100.0,6.2,-0.1001,2.525456,False,
ARS-ARS-BHA-CHE-LIV,4,2+1+1+1,0,2.7273,2.6,2.83,-0.1683,2,"ARS,ARS","BOU,NFO",BOU-BHA-CHE-LIV-NFO,5,1+1+1+1+1,0,2.4792,93.8,18.8,-0.0479,2.525456,False,
ARS-ARS-BHA-CHE-MCI,4,2+1+1+1,0,2.7273,2.6,2.83,-0.1683,2,"ARS,ARS","COV,NFO",BHA-CHE-COV-MCI-NFO,5,1+1+1+1+1,0,2.4792,100.0,18.8,-0.0611,2.525456,False,
AVL-BRE-CHE-IPS-IPS,4,2+1+1+1,0,2.7273,2.6,2.83,-0.1683,2,"BRE,IPS","BOU,NFO",AVL-BOU-CHE-IPS-NFO,5,1+1+1+1+1,0,2.4792,100.0,12.5,-0.117,2.525456,False,
BHA-CHE-IPS-IPS-LIV,4,2+1+1+1,0,2.7273,2.6,2.83,-0.1683,2,"BHA,IPS","BOU,NEW",BOU-CHE-IPS-LIV-NEW,5,1+1+1+1+1,0,2.4792,100.0,12.5,-0.1874,2.525456,False,
BHA-CHE-IPS-IPS-MCI,4,2+1+1+1,0,2.7273,2.6,2.83,-0.1683,2,"BHA,IPS","LIV,NEW",CHE-IPS-LIV-MCI-NEW,5,1+1+1+1+1,0,2.4792,100.0,12.5,-0.1753,2.525456,False,
CRY-CRY-MUN-NFO-TOT,4,2+1+1+1,0,2.7273,2.6,2.83,-0.1634,2,"CRY,MUN","BOU,FUL",BOU-CRY-FUL-NFO-TOT,5,1+1+1+1+1,0,2.4792,100.0,18.8,-0.177,2.525456,False,
CRY-CRY-NFO-TOT-SUN,4,2+1+1+1,1,2.7273,2.6,2.83,-0.1634,2,"CRY,SUN","BOU,FUL",BOU-CRY-FUL-NFO-TOT,5,1+1+1+1+1,0,2.4792,100.0,18.8,-0.177,2.525456,False,
CHE-IPS-IPS-LEE-MCI,4,2+1+1+1,0,2.7273,2.6,2.83,-0.1567,2,"IPS,LEE","LIV,NEW",CHE-IPS-LIV-MCI-NEW,5,1+1+1+1+1,0,2.4792,100.0,12.5,-0.1753,2.525456,False,
ARS-AVL-AVL-NFO-TOT,4,2+1+1+1,0,2.7273,2.6,2.83,-0.1232,2,"ARS,AVL","FUL,LEE",AVL-FUL-LEE-NFO-TOT,5,1+1+1+1+1,0,2.4792,100.0,0.0,-0.2008,2.525456,False,
AVL-AVL-IPS-NFO-TOT,4,2+1+1+1,0,2.7273,2.6,2.83,-0.1232,2,"AVL,IPS","FUL,LEE",AVL-FUL-LEE-NFO-TOT,5,1+1+1+1+1,0,2.4792,100.0,0.0,-0.2008,2.525456,False,
ARS-CHE-CHE-IPS-LIV,4,2+1+1+1,0,2.7273,2.6,2.83,-0.1134,2,"ARS,CHE","BOU,NEW",BOU-CHE-IPS-LIV-NEW,5,1+1+1+1+1,0,2.4792,100.0,12.5,-0.1874,2.525456,False,
ARS-CHE-CHE-IPS-MCI,4,2+1+1+1,0,2.7273,2.6,2.83,-0.1134,2,"ARS,CHE","LIV,NEW",CHE-IPS-LIV-MCI-NEW,5,1+1+1+1+1,0,2.4792,100.0,12.5,-0.1753,2.525456,False,
ARS-BRE-EVE-IPS-LIV,5,1+1+1+1+1,0,2.7273,2.6,2.83,-0.1,2,"BRE,IPS","BOU,COV",ARS-BOU-COV-EVE-LIV,5,1+1+1+1+1,0,2.4792,100.0,18.8,-0.0922,2.525456,False,
ARS-BRE-EVE-IPS-MCI,5,1+1+1+1+1,0,2.7273,2.6,2.83,-0.1,2,"ARS,BRE","CHE,COV",CHE-COV-EVE-IPS-MCI,5,1+1+1+1+1,0,2.4792,100.0,18.8,-0.0363,2.525456,False,
ARS-CRY-IPS-MCI-TOT,5,1+1+1+1+1,0,2.7273,2.6,2.83,-0.1,2,"ARS,CRY","CHE,FUL",CHE-FUL-IPS-MCI-TOT,5,1+1+1+1+1,0,2.4792,100.0,18.8,-0.1129,2.525456,False,
ARS-EVE-IPS-LIV-TOT,5,1+1+1+1+1,0,2.7273,2.6,2.83,-0.1,2,"ARS,IPS","NEW,NFO",EVE-LIV-NEW-NFO-TOT,5,1+1+1+1+1,0,2.4792,100.0,25.0,-0.1014,2.525456,False,
ARS-EVE-IPS-MCI-TOT,5,1+1+1+1+1,0,2.7273,2.6,2.83,-0.1,2,"ARS,EVE","CHE,FUL",CHE-FUL-IPS-MCI-TOT,5,1+1+1+1+1,0,2.4792,100.0,18.8,-0.1129,2.525456,False,
CRY-MCI-NFO-NFO-TOT,4,2+1+1+1,0,2.7273,2.6,2.83,-0.1,2,"MCI,NFO","BOU,FUL",BOU-CRY-FUL-NFO-TOT,5,1+1+1+1+1,0,2.4792,100.0,18.8,-0.177,2.525456,False,
ARS-BHA-CHE-CHE-NFO,4,2+1+1+1,0,2.7273,2.6,2.83,-0.0875,2,"ARS,CHE","BOU,NFO",BOU-BHA-CHE-NFO-NFO,4,2+1+1+1,0,2.4792,100.0,18.8,-0.1158,2.525456,False,
BHA-CHE-CHE-IPS-NFO,4,2+1+1+1,0,2.7273,2.6,2.83,-0.0875,2,"BHA,CHE","BOU,FUL",BOU-CHE-FUL-IPS-NFO,5,1+1+1+1+1,0,2.4792,100.0,6.2,-0.1258,2.525456,False,
ARS-AVL-IPS-LEE-TOT,5,1+1+1+1+1,0,2.7273,2.6,2.83,-0.0866,2,"ARS,IPS","FUL,NFO",AVL-FUL-LEE-NFO-TOT,5,1+1+1+1+1,0,2.4792,100.0,0.0,-0.2008,2.525456,False,
ARS-AVL-EVE-NFO-TOT,5,1+1+1+1+1,0,2.7273,2.6,2.83,-0.0732,2,"ARS,EVE","FUL,LEE",AVL-FUL-LEE-NFO-TOT,5,1+1+1+1+1,0,2.4792,100.0,0.0,-0.2008,2.525456,False,
ARS-BHA-EVE-NFO-TOT,5,1+1+1+1+1,0,2.7273,2.6,2.83,-0.0732,2,"ARS,BHA","CHE,FUL",CHE-EVE-FUL-NFO-TOT,5,1+1+1+1+1,0,2.4792,100.0,6.2,-0.1683,2.525456,False,
AVL-EVE-IPS-NFO-TOT,5,1+1+1+1+1,0,2.7273,2.6,2.83,-0.0732,2,"EVE,IPS","FUL,LEE",AVL-FUL-LEE-NFO-TOT,5,1+1+1+1+1,0,2.4792,100.0,0.0,-0.2008,2.525456,False,
BHA-EVE-IPS-NFO-TOT,5,1+1+1+1+1,0,2.7273,2.6,2.83,-0.0732,2,"BHA,IPS","CHE,FUL",CHE-EVE-FUL-NFO-TOT,5,1+1+1+1+1,0,2.4792,100.0,6.2,-0.1683,2.525456,False,
ARS-AVL-CHE-IPS-TOT,5,1+1+1+1+1,0,2.7273,2.6,2.83,-0.0714,2,"ARS,IPS","FUL,NFO",AVL-CHE-FUL-NFO-TOT,5,1+1+1+1+1,0,2.4792,100.0,12.5,-0.1683,2.525456,False,
ARS-BHA-CHE-IPS-TOT,5,1+1+1+1+1,0,2.7273,2.6,2.83,-0.0714,2,"ARS,BHA","FUL,MCI",CHE-FUL-IPS-MCI-TOT,5,1+1+1+1+1,0,2.4792,100.0,18.8,-0.1129,2.525456,False,
ARS-AVL-BRE-CHE-IPS,5,1+1+1+1+1,0,2.7273,2.6,2.83,-0.0683,2,"ARS,BRE","BOU,NFO",AVL-BOU-CHE-IPS-NFO,5,1+1+1+1+1,0,2.4792,100.0,12.5,-0.117,2.525456,False,
ARS-BHA-CHE-IPS-LIV,5,1+1+1+1+1,0,2.7273,2.6,2.83,-0.0683,2,"ARS,BHA","BOU,NEW",BOU-CHE-IPS-LIV-NEW,5,1+1+1+1+1,0,2.4792,100.0,12.5,-0.1874,2.525456,False,
ARS-BHA-CHE-IPS-MCI,5,1+1+1+1+1,0,2.7273,2.6,2.83,-0.0683,2,"ARS,BHA","LIV,NEW",CHE-IPS-LIV-MCI-NEW,5,1+1+1+1+1,0,2.4792,100.0,12.5,-0.1753,2.525456,False,
ARS-CRY-MCI-NFO-TOT,5,1+1+1+1+1,0,2.7273,2.6,2.83,-0.0634,2,"ARS,MCI","BOU,FUL",BOU-CRY-FUL-NFO-TOT,5,1+1+1+1+1,0,2.4792,100.0,18.8,-0.177,2.525456,False,
CRY-IPS-MCI-NFO-TOT,5,1+1+1+1+1,0,2.7273,2.6,2.83,-0.0634,2,"IPS,MCI","BOU,FUL",BOU-CRY-FUL-NFO-TOT,5,1+1+1+1+1,0,2.4792,100.0,18.8,-0.177,2.525456,False,
ARS-CHE-IPS-LEE-MCI,5,1+1+1+1+1,0,2.7273,2.6,2.83,-0.0567,2,"ARS,LEE","LIV,NEW",CHE-IPS-LIV-MCI-NEW,5,1+1+1+1+1,0,2.4792,100.0,12.5,-0.1753,2.525456,False,
ARS-BHA-BHA-CHE-NFO,4,2+1+1+1,0,2.7273,2.6,2.83,-0.0236,2,"ARS,BHA","BOU,NFO",BOU-BHA-CHE-NFO-NFO,4,2+1+1+1,0,2.4792,100.0,18.8,-0.1158,2.525456,False,
BHA-BHA-CHE-IPS-NFO,4,2+1+1+1,0,2.7273,2.6,2.83,-0.0236,2,"BHA,BHA","BOU,FUL",BOU-CHE-FUL-IPS-NFO,5,1+1+1+1+1,0,2.4792,100.0,6.2,-0.1258,2.525456,False,
CHE-CRY-CRY-NFO-SUN,4,2+1+1+1,1,2.7273,2.6,2.83,-0.0162,2,"CRY,CRY","BOU,TOT",BOU-CHE-NFO-TOT-SUN,5,1+1+1+1+1,1,2.4792,100.0,12.5,-0.1412,2.525456,False,
ARS-ARS-BHA-LEE-LIV,4,2+1+1+1,0,2.7273,2.6,2.83,-0.0134,2,"ARS,ARS","AVL,NFO",AVL-BHA-LEE-LIV-NFO,5,1+1+1+1+1,0,2.4792,100.0,12.5,-0.1076,2.525456,False,
ARS-ARS-BHA-LEE-MCI,4,2+1+1+1,0,2.7273,2.6,2.83,-0.0134,2,"ARS,ARS","COV,FUL",BHA-COV-FUL-LEE-MCI,5,1+1+1+1+1,0,2.4792,100.0,12.5,-0.149,2.525456,False,
BHA-IPS-IPS-LEE-LIV,4,2+1+1+1,0,2.7273,2.6,2.83,-0.0134,2,"IPS,IPS","AVL,NFO",AVL-BHA-LEE-LIV-NFO,5,1+1+1+1+1,0,2.4792,100.0,12.5,-0.1076,2.525456,False,
BHA-IPS-IPS-LEE-MCI,4,2+1+1+1,0,2.7273,2.6,2.83,-0.0134,2,"IPS,IPS","COV,FUL",BHA-COV-FUL-LEE-MCI,5,1+1+1+1+1,0,2.4792,100.0,12.5,-0.149,2.525456,False,
BRE-CHE-CRY-NFO-NFO,4,2+1+1+1,0,2.7273,2.6,2.83,-0.0123,2,"BRE,CRY","BOU,TOT",BOU-CHE-NFO-NFO-TOT,4,2+1+1+1,0,2.4792,100.0,18.8,-0.1349,2.525456,False,
ARS-EVE-EVE-LIV-MUN,4,2+1+1+1,0,2.7273,2.6,2.83,0.0,2,"EVE,MUN","BOU,COV",ARS-BOU-COV-EVE-LIV,5,1+1+1+1+1,0,2.4792,100.0,18.8,-0.0922,2.525456,False,
ARS-EVE-EVE-LIV-SUN,4,2+1+1+1,1,2.7273,2.6,2.83,0.0,2,"EVE,SUN","BOU,COV",ARS-BOU-COV-EVE-LIV,5,1+1+1+1+1,0,2.4792,100.0,18.8,-0.0922,2.525456,False,
ARS-EVE-EVE-MCI-SUN,4,2+1+1+1,1,2.7273,2.6,2.83,0.0,2,"ARS,EVE","CHE,COV",CHE-COV-EVE-MCI-SUN,5,1+1+1+1+1,1,2.4792,100.0,12.5,-0.1133,2.525456,False,
ARS-IPS-LEE-LEE-MCI,4,2+1+1+1,0,2.7273,2.6,2.83,0.0,2,"ARS,LEE","COV,FUL",COV-FUL-IPS-LEE-MCI,5,1+1+1+1+1,0,2.4792,100.0,18.8,-0.1204,2.525456,False,
AVL-BRE-EVE-NFO-NFO,4,2+1+1+1,0,2.7273,2.6,2.83,0.0,2,"EVE,NFO","BOU,COV",AVL-BOU-BRE-COV-NFO,5,1+1+1+1+1,0,2.4792,100.0,18.8,-0.14,2.525456,False,
BRE-BHA-EVE-NFO-NFO,4,2+1+1+1,0,2.7273,2.6,2.83,0.0,2,"BRE,EVE","BOU,LIV",BOU-BHA-LIV-NFO-NFO,4,2+1+1+1,0,2.4792,100.0,25.0,-0.147,2.525456,False,
BHA-EVE-MCI-NFO-NFO,4,2+1+1+1,0,2.7273,2.6,2.83,0.0,2,"EVE,MCI","BOU,LIV",BOU-BHA-LIV-NFO-NFO,4,2+1+1+1,0,2.4792,100.0,25.0,-0.147,2.525456,False,
EVE-EVE-IPS-MCI-MUN,4,2+1+1+1,0,2.7273,2.6,2.83,0.0,2,"EVE,MUN","CHE,COV",CHE-COV-EVE-IPS-MCI,5,1+1+1+1+1,0,2.4792,100.0,18.8,-0.0363,2.525456,False,
ARS-ARS-CHE-LEE-TOT,4,2+1+1+1,0,2.7273,2.6,2.83,0.0134,2,"ARS,ARS","FUL,NFO",CHE-FUL-LEE-NFO-TOT,5,1+1+1+1+1,0,2.4792,100.0,6.2,-0.1838,2.525456,False,
CHE-IPS-IPS-LEE-TOT,4,2+1+1+1,0,2.7273,2.6,2.83,0.0134,2,"IPS,IPS","FUL,NFO",CHE-FUL-LEE-NFO-TOT,5,1+1+1+1+1,0,2.4792,100.0,6.2,-0.1838,2.525456,False,
ARS-AVL-BRE-EVE-NFO,5,1+1+1+1+1,0,2.7273,2.6,2.83,0.0366,2,"ARS,EVE","BOU,COV",AVL-BOU-BRE-COV-NFO,5,1+1+1+1+1,0,2.4792,100.0,18.8,-0.14,2.525456,False,
ARS-BRE-BHA-EVE-NFO,5,1+1+1+1+1,0,2.7273,2.6,2.83,0.0366,2,"ARS,BRE","COV,LIV",BHA-COV-EVE-LIV-NFO,5,1+1+1+1+1,0,2.4792,100.0,18.8,-0.1308,2.525456,False,
ARS-BHA-EVE-MCI-NFO,5,1+1+1+1+1,0,2.7273,2.6,2.83,0.0366,2,"ARS,MCI","COV,LIV",BHA-COV-EVE-LIV-NFO,5,1+1+1+1+1,0,2.4792,100.0,18.8,-0.1308,2.525456,False,
AVL-BRE-EVE-IPS-NFO,5,1+1+1+1+1,0,2.7273,2.6,2.83,0.0366,2,"EVE,IPS","BOU,COV",AVL-BOU-BRE-COV-NFO,5,1+1+1+1+1,0,2.4792,100.0,18.8,-0.14,2.525456,False,
BRE-BHA-EVE-IPS-NFO,5,1+1+1+1+1,0,2.7273,2.6,2.83,0.0366,2,"BRE,IPS","COV,LIV",BHA-COV-EVE-LIV-NFO,5,1+1+1+1+1,0,2.4792,100.0,18.8,-0.1308,2.525456,False,
BHA-EVE-IPS-MCI-NFO,5,1+1+1+1+1,0,2.7273,2.6,2.83,0.0366,2,"IPS,MCI","COV,LIV",BHA-COV-EVE-LIV-NFO,5,1+1+1+1+1,0,2.4792,100.0,18.8,-0.1308,2.525456,False,
ARS-BRE-CHE-CRY-NFO,5,1+1+1+1+1,0,2.7273,2.6,2.83,0.0393,2,"ARS,CRY","AVL,BOU",AVL-BOU-BRE-CHE-NFO,5,1+1+1+1+1,0,2.4792,100.0,6.2,-0.1001,2.525456,False,
BRE-CHE-CRY-IPS-NFO,5,1+1+1+1+1,0,2.7273,2.6,2.83,0.0393,2,"BRE,CRY","BOU,FUL",BOU-CHE-FUL-IPS-NFO,5,1+1+1+1+1,0,2.4792,100.0,6.2,-0.1258,2.525456,False,
CRY-CRY-MCI-MUN-NFO,4,2+1+1+1,0,2.7273,2.6,2.83,0.0732,2,"CRY,MUN","BHA,LIV",BHA-CRY-LIV-MCI-NFO,5,1+1+1+1+1,0,2.4792,100.0,25.0,-0.0977,2.525456,False,
CRY-CRY-MCI-NFO-SUN,4,2+1+1+1,1,2.7273,2.6,2.83,0.0732,2,"CRY,SUN","BHA,LIV",BHA-CRY-LIV-MCI-NFO,5,1+1+1+1+1,0,2.4792,100.0,25.0,-0.0977,2.525456,False,
ARS-BHA-IPS-LEE-LIV,5,1+1+1+1+1,0,2.7273,2.6,2.83,0.0866,2,"ARS,IPS","AVL,NFO",AVL-BHA-LEE-LIV-NFO,5,1+1+1+1+1,0,2.4792,100.0,12.5,-0.1076,2.525456,False,
ARS-BHA-IPS-LEE-MCI,5,1+1+1+1+1,0,2.7273,2.6,2.83,0.0866,2,"ARS,IPS","COV,FUL",BHA-COV-FUL-LEE-MCI,5,1+1+1+1+1,0,2.4792,100.0,12.5,-0.149,2.525456,False,
ARS-ARS-CRY-LIV-MCI,4,2+1+1+1,0,2.7273,2.6,2.83,0.1,2,"ARS,ARS","AVL,NEW",AVL-CRY-LIV-MCI-NEW,5,1+1+1+1+1,0,2.4792,100.0,12.5,-0.1535,2.525456,False,
CRY-IPS-IPS-LIV-MCI,4,2+1+1+1,0,2.7273,2.6,2.83,0.1,2,"CRY,IPS","CHE,NEW",CHE-IPS-LIV-MCI-NEW,5,1+1+1+1+1,0,2.4792,100.0,12.5,-0.1753,2.525456,False,
ARS-CHE-IPS-LEE-TOT,5,1+1+1+1+1,0,2.7273,2.6,2.83,0.1134,2,"ARS,IPS","FUL,NFO",CHE-FUL-LEE-NFO-TOT,5,1+1+1+1+1,0,2.4792,100.0,6.2,-0.1838,2.525456,False,
AVL-AVL-CRY-NFO-SUN,4,2+1+1+1,1,2.7273,2.6,2.83,0.1366,2,"AVL,SUN","BOU,LIV",AVL-BOU-CRY-LIV-NFO,5,1+1+1+1+1,0,2.4792,93.8,12.5,-0.1217,2.525456,False,
BHA-BHA-CRY-MUN-NFO,4,2+1+1+1,0,2.7273,2.6,2.83,0.1366,2,"BHA,MUN","BOU,LIV",BOU-BHA-CRY-LIV-NFO,5,1+1+1+1+1,0,2.4792,100.0,18.8,-0.1001,2.525456,False,
BHA-BHA-CRY-NFO-SUN,4,2+1+1+1,1,2.7273,2.6,2.83,0.1366,2,"BHA,SUN","BOU,LIV",BOU-BHA-CRY-LIV-NFO,5,1+1+1+1+1,0,2.4792,100.0,18.8,-0.1001,2.525456,False,
ARS-AVL-AVL-IPS-LIV,4,2+1+1+1,0,2.7273,2.6,2.83,0.1732,2,"AVL,IPS","BOU,COV",ARS-AVL-BOU-COV-LIV,5,1+1+1+1+1,0,2.4792,100.0,12.5,-0.124,2.525456,False,
ARS-AVL-AVL-IPS-MCI,4,2+1+1+1,0,2.7273,2.6,2.83,0.1732,2,"AVL,IPS","COV,LIV",ARS-AVL-COV-LIV-MCI,5,1+1+1+1+1,0,2.4792,100.0,12.5,-0.0988,2.525456,False,
ARS-CRY-IPS-LIV-MCI,5,1+1+1+1+1,0,2.7273,2.6,2.83,0.2,2,"ARS,CRY","CHE,NEW",CHE-IPS-LIV-MCI-NEW,5,1+1+1+1+1,0,2.4792,100.0,12.5,-0.1753,2.525456,False,
ARS-CRY-MCI-MCI-NFO,4,2+1+1+1,0,2.7273,2.6,2.83,0.2232,2,"ARS,MCI","BHA,LIV",BHA-CRY-LIV-MCI-NFO,5,1+1+1+1+1,0,2.4792,100.0,25.0,-0.0977,2.525456,False,
CRY-IPS-MCI-MCI-NFO,4,2+1+1+1,0,2.7273,2.6,2.83,0.2232,2,"IPS,MCI","BHA,LIV",BHA-CRY-LIV-MCI-NFO,5,1+1+1+1+1,0,2.4792,100.0,25.0,-0.0977,2.525456,False,
ARS-CHE-CHE-IPS-TOT,4,2+1+1+1,0,2.7273,2.6,2.83,0.2268,2,"ARS,CHE","FUL,MCI",CHE-FUL-IPS-MCI-TOT,5,1+1+1+1+1,0,2.4792,100.0,18.8,-0.1129,2.525456,False,
ARS-AVL-AVL-BRE-NFO,4,2+1+1+1,0,2.7273,2.6,2.83,0.3098,2,"ARS,AVL","BOU,COV",AVL-BOU-BRE-COV-NFO,5,1+1+1+1+1,0,2.4792,100.0,18.8,-0.14,2.525456,False,
ARS-BHA-BHA-LIV-NFO,4,2+1+1+1,0,2.7273,2.6,2.83,0.3098,2,"ARS,BHA","BOU,NEW",BOU-BHA-LIV-NEW-NFO,5,1+1+1+1+1,0,2.4792,100.0,12.5,-0.1525,2.525456,False,
ARS-BHA-BHA-MCI-NFO,4,2+1+1+1,0,2.7273,2.6,2.83,0.3098,2,"ARS,BHA","LIV,NEW",BHA-LIV-MCI-NEW-NFO,5,1+1+1+1+1,0,2.4792,100.0,12.5,-0.1303,2.525456,False,
AVL-AVL-BRE-IPS-NFO,4,2+1+1+1,0,2.7273,2.6,2.83,0.3098,2,"AVL,IPS","BOU,COV",AVL-BOU-BRE-COV-NFO,5,1+1+1+1+1,0,2.4792,100.0,18.8,-0.14,2.525456,False,
BHA-BHA-IPS-LIV-NFO,4,2+1+1+1,0,2.7273,2.6,2.83,0.3098,2,"BHA,IPS","BOU,NEW",BOU-BHA-LIV-NEW-NFO,5,1+1+1+1+1,0,2.4792,100.0,12.5,-0.1525,2.525456,False,
BHA-BHA-IPS-MCI-NFO,4,2+1+1+1,0,2.7273,2.6,2.83,0.3098,2,"BHA,IPS","LIV,NEW",BHA-LIV-MCI-NEW-NFO,5,1+1+1+1+1,0,2.4792,100.0,12.5,-0.1303,2.525456,False,
ARS-BRE-CRY-MCI-NFO,5,1+1+1+1+1,0,2.7273,2.6,2.83,0.3232,2,"ARS,BRE","BHA,LIV",BHA-CRY-LIV-MCI-NFO,5,1+1+1+1+1,0,2.4792,100.0,25.0,-0.0977,2.525456,False,
BRE-CRY-IPS-MCI-NFO,5,1+1+1+1+1,0,2.7273,2.6,2.83,0.3232,2,"BRE,IPS","BHA,LIV",BHA-CRY-LIV-MCI-NFO,5,1+1+1+1+1,0,2.4792,100.0,25.0,-0.0977,2.525456,False,
BRE-CRY-MCI-NFO-NFO,4,2+1+1+1,0,2.7273,2.6,2.83,0.3732,2,"BRE,NFO","BHA,LIV",BHA-CRY-LIV-MCI-NFO,5,1+1+1+1+1,0,2.4792,100.0,25.0,-0.0977,2.525456,False,
ARS-CHE-EVE-LEE-MUN,5,1+1+1+1+1,0,2.7273,2.6,2.83,0.4079,2,"ARS,MUN","FUL,TOT",CHE-EVE-FUL-LEE-TOT,5,1+1+1+1+1,0,2.4792,100.0,12.5,-0.1443,2.525456,False,
ARS-CHE-EVE-LEE-SUN,5,1+1+1+1+1,1,2.7273,2.6,2.83,0.4079,2,"ARS,SUN","FUL,TOT",CHE-EVE-FUL-LEE-TOT,5,1+1+1+1+1,0,2.4792,100.0,12.5,-0.1443,2.525456,False,
CHE-EVE-IPS-LEE-MUN,5,1+1+1+1+1,0,2.7273,2.6,2.83,0.4079,2,"IPS,MUN","FUL,TOT",CHE-EVE-FUL-LEE-TOT,5,1+1+1+1+1,0,2.4792,100.0,12.5,-0.1443,2.525456,False,
ARS-CHE-CHE-EVE-SUN,4,2+1+1+1,1,2.7273,2.6,2.83,0.6158,2,"ARS,CHE","COV,MCI",CHE-COV-EVE-MCI-SUN,5,1+1+1+1+1,1,2.4792,100.0,12.5,-0.1133,2.525456,False,
CHE-CHE-EVE-IPS-MUN,4,2+1+1+1,0,2.7273,2.6,2.83,0.6158,2,"CHE,MUN","BOU,COV",BOU-CHE-COV-EVE-IPS,5,1+1+1+1+1,0,2.4792,100.0,18.8,-0.052,2.525456,False,
BRE-BRE-CHE-EVE-IPS,4,2+1+1+1,0,2.7273,2.8,2.67,-0.3256,2,"BRE,BRE","BOU,COV",BOU-CHE-COV-EVE-IPS,5,1+1+1+1+1,0,2.4792,100.0,18.8,-0.052,2.525456,False,
AVL-CRY-NFO-TOT-TOT,4,2+1+1+1,0,2.7273,2.8,2.67,-0.3232,2,"CRY,TOT","FUL,LEE",AVL-FUL-LEE-NFO-TOT,5,1+1+1+1+1,0,2.4792,100.0,0.0,-0.2008,2.525456,False,
BHA-CRY-NFO-TOT-TOT,4,2+1+1+1,0,2.7273,2.8,2.67,-0.3232,2,"BHA,TOT","BOU,FUL",BOU-CRY-FUL-NFO-TOT,5,1+1+1+1+1,0,2.4792,100.0,18.8,-0.177,2.525456,False,
AVL-AVL-EVE-NFO-TOT,4,2+1+1+1,0,2.7273,2.8,2.67,-0.283,2,"AVL,EVE","FUL,LEE",AVL-FUL-LEE-NFO-TOT,5,1+1+1+1+1,0,2.4792,100.0,0.0,-0.2008,2.525456,False,
BHA-BHA-EVE-NFO-TOT,4,2+1+1+1,0,2.7273,2.8,2.67,-0.283,2,"BHA,BHA","CHE,FUL",CHE-EVE-FUL-NFO-TOT,5,1+1+1+1+1,0,2.4792,100.0,6.2,-0.1683,2.525456,False,
CHE-CHE-CRY-IPS-LIV,4,2+1+1+1,0,2.7273,2.8,2.67,-0.2524,2,"CHE,CRY","BOU,NEW",BOU-CHE-IPS-LIV-NEW,5,1+1+1+1+1,0,2.4792,100.0,12.5,-0.1874,2.525456,False,
CHE-CHE-CRY-IPS-MCI,4,2+1+1+1,0,2.7273,2.8,2.67,-0.2524,2,"CHE,CRY","LIV,NEW",CHE-IPS-LIV-MCI-NEW,5,1+1+1+1+1,0,2.4792,100.0,12.5,-0.1753,2.525456,False,
ARS-EVE-LEE-LIV-LIV,4,2+1+1+1,0,2.7273,2.8,2.67,-0.25,2,"LEE,LIV","BOU,COV",ARS-BOU-COV-EVE-LIV,5,1+1+1+1+1,0,2.4792,100.0,18.8,-0.0922,2.525456,False,
AVL-BRE-EVE-EVE-NFO,4,2+1+1+1,0,2.7273,2.8,2.67,-0.2366,2,"EVE,EVE","BOU,COV",AVL-BOU-BRE-COV-NFO,5,1+1+1+1+1,0,2.4792,100.0,18.8,-0.14,2.525456,False,
BRE-BHA-EVE-EVE-NFO,4,2+1+1+1,0,2.7273,2.8,2.67,-0.2366,2,"BRE,EVE","COV,LIV",BHA-COV-EVE-LIV-NFO,5,1+1+1+1+1,0,2.4792,100.0,18.8,-0.1308,2.525456,False,
BHA-EVE-EVE-MCI-NFO,4,2+1+1+1,0,2.7273,2.8,2.67,-0.2366,2,"EVE,MCI","COV,LIV",BHA-COV-EVE-LIV-NFO,5,1+1+1+1+1,0,2.4792,100.0,18.8,-0.1308,2.525456,False,
EVE-EVE-MCI-NFO-TOT,4,2+1+1+1,0,2.7273,2.8,2.67,-0.2366,2,"EVE,MCI","CHE,FUL",CHE-EVE-FUL-NFO-TOT,5,1+1+1+1+1,0,2.4792,100.0,6.2,-0.1683,2.525456,False,
ARS-AVL-AVL-LEE-TOT,4,2+1+1+1,0,2.7273,2.8,2.67,-0.2232,2,"ARS,AVL","FUL,NFO",AVL-FUL-LEE-NFO-TOT,5,1+1+1+1+1,0,2.4792,100.0,0.0,-0.2008,2.525456,False,
AVL-AVL-IPS-LEE-TOT,4,2+1+1+1,0,2.7273,2.8,2.67,-0.2232,2,"AVL,IPS","FUL,NFO",AVL-FUL-LEE-NFO-TOT,5,1+1+1+1+1,0,2.4792,100.0,0.0,-0.2008,2.525456,False,
CHE-CHE-IPS-LEE-MCI,4,2+1+1+1,0,2.7273,2.8,2.67,-0.2012,2,"CHE,LEE","LIV,NEW",CHE-IPS-LIV-MCI-NEW,5,1+1+1+1+1,0,2.4792,100.0,12.5,-0.1753,2.525456,False,
AVL-EVE-EVE-NFO-TOT,4,2+1+1+1,0,2.7273,2.8,2.67,-0.1964,2,"EVE,EVE","FUL,LEE",AVL-FUL-LEE-NFO-TOT,5,1+1+1+1+1,0,2.4792,100.0,0.0,-0.2008,2.525456,False,
BHA-EVE-EVE-NFO-TOT,4,2+1+1+1,0,2.7273,2.8,2.67,-0.1964,2,"BHA,EVE","CHE,FUL",CHE-EVE-FUL-NFO-TOT,5,1+1+1+1+1,0,2.4792,100.0,6.2,-0.1683,2.525456,False,
BHA-CHE-CHE-CRY-NFO,4,2+1+1+1,0,2.7273,2.8,2.67,-0.1898,2,"CHE,CRY","BOU,NFO",BOU-BHA-CHE-NFO-NFO,4,2+1+1+1,0,2.4792,100.0,18.8,-0.1158,2.525456,False,
ARS-AVL-BRE-CHE-EVE,5,1+1+1+1+1,0,2.7273,2.8,2.67,-0.1793,2,"ARS,BRE","COV,LEE",AVL-CHE-COV-EVE-LEE,5,1+1+1+1+1,0,2.4792,100.0,12.5,-0.128,2.525456,False,
ARS-AVL-CHE-CRY-TOT,5,1+1+1+1+1,0,2.7273,2.8,2.67,-0.1793,2,"ARS,CRY","FUL,NFO",AVL-CHE-FUL-NFO-TOT,5,1+1+1+1+1,0,2.4792,100.0,12.5,-0.1683,2.525456,False,
AVL-BRE-CHE-EVE-IPS,5,1+1+1+1+1,0,2.7273,2.8,2.67,-0.1793,2,"BRE,IPS","COV,LEE",AVL-CHE-COV-EVE-LEE,5,1+1+1+1+1,0,2.4792,100.0,12.5,-0.128,2.525456,False,
AVL-CHE-CRY-IPS-TOT,5,1+1+1+1+1,0,2.7273,2.8,2.67,-0.1793,2,"CRY,IPS","FUL,NFO",AVL-CHE-FUL-NFO-TOT,5,1+1+1+1+1,0,2.4792,100.0,12.5,-0.1683,2.525456,False,
BRE-BHA-CHE-EVE-IPS,5,1+1+1+1+1,0,2.7273,2.8,2.67,-0.1793,2,"BHA,BRE","BOU,COV",BOU-CHE-COV-EVE-IPS,5,1+1+1+1+1,0,2.4792,100.0,18.8,-0.052,2.525456,False,
BHA-CHE-CRY-IPS-TOT,5,1+1+1+1+1,0,2.7273,2.8,2.67,-0.1793,2,"BHA,CRY","FUL,MCI",CHE-FUL-IPS-MCI-TOT,5,1+1+1+1+1,0,2.4792,100.0,18.8,-0.1129,2.525456,False,
ARS-BRE-EVE-LEE-LIV,5,1+1+1+1+1,0,2.7273,2.8,2.67,-0.15,2,"BRE,LEE","BOU,COV",ARS-BOU-COV-EVE-LIV,5,1+1+1+1+1,0,2.4792,100.0,18.8,-0.0922,2.525456,False,
ARS-EVE-LEE-LIV-TOT,5,1+1+1+1+1,0,2.7273,2.8,2.67,-0.15,2,"ARS,LIV","COV,FUL",COV-EVE-FUL-LEE-TOT,5,1+1+1+1+1,0,2.4792,100.0,6.2,-0.1706,2.525456,False,
CRY-IPS-LEE-MCI-TOT,5,1+1+1+1+1,0,2.7273,2.8,2.67,-0.15,2,"CRY,TOT","COV,FUL",COV-FUL-IPS-LEE-MCI,5,1+1+1+1+1,0,2.4792,100.0,18.8,-0.1204,2.525456,False,
EVE-IPS-LEE-LIV-TOT,5,1+1+1+1+1,0,2.7273,2.8,2.67,-0.15,2,"IPS,LIV","COV,FUL",COV-EVE-FUL-LEE-TOT,5,1+1+1+1+1,0,2.4792,100.0,6.2,-0.1706,2.525456,False,
IPS-LEE-LEE-MCI-TOT,4,2+1+1+1,0,2.7273,2.8,2.67,-0.15,2,"LEE,TOT","COV,FUL",COV-FUL-IPS-LEE-MCI,5,1+1+1+1+1,0,2.4792,100.0,18.8,-0.1204,2.525456,False,
ARS-AVL-LEE-LEE-TOT,4,2+1+1+1,0,2.7273,2.8,2.67,-0.1366,2,"ARS,LEE","FUL,NFO",AVL-FUL-LEE-NFO-TOT,5,1+1+1+1+1,0,2.4792,100.0,0.0,-0.2008,2.525456,False,
AVL-IPS-LEE-LEE-TOT,4,2+1+1+1,0,2.7273,2.8,2.67,-0.1366,2,"IPS,LEE","FUL,NFO",AVL-FUL-LEE-NFO-TOT,5,1+1+1+1+1,0,2.4792,100.0,0.0,-0.2008,2.525456,False,
CHE-IPS-LEE-LEE-MCI,4,2+1+1+1,0,2.7273,2.8,2.67,-0.1256,2,"LEE,LEE","LIV,NEW",CHE-IPS-LIV-MCI-NEW,5,1+1+1+1+1,0,2.4792,100.0,12.5,-0.1753,2.525456,False,
ARS-AVL-EVE-LEE-TOT,5,1+1+1+1+1,0,2.7273,2.8,2.67,-0.1232,2,"ARS,EVE","FUL,NFO",AVL-FUL-LEE-NFO-TOT,5,1+1+1+1+1,0,2.4792,100.0,0.0,-0.2008,2.525456,False,
ARS-BHA-EVE-LEE-TOT,5,1+1+1+1+1,0,2.7273,2.8,2.67,-0.1232,2,"ARS,BHA","COV,FUL",COV-EVE-FUL-LEE-TOT,5,1+1+1+1+1,0,2.4792,100.0,6.2,-0.1706,2.525456,False,
AVL-EVE-IPS-LEE-TOT,5,1+1+1+1+1,0,2.7273,2.8,2.67,-0.1232,2,"EVE,IPS","FUL,NFO",AVL-FUL-LEE-NFO-TOT,5,1+1+1+1+1,0,2.4792,100.0,0.0,-0.2008,2.525456,False,
BHA-EVE-IPS-LEE-TOT,5,1+1+1+1+1,0,2.7273,2.8,2.67,-0.1232,2,"BHA,IPS","COV,FUL",COV-EVE-FUL-LEE-TOT,5,1+1+1+1+1,0,2.4792,100.0,6.2,-0.1706,2.525456,False,
CHE-CRY-IPS-LEE-MCI,5,1+1+1+1+1,0,2.7273,2.8,2.67,-0.1012,2,"CRY,LEE","LIV,NEW",CHE-IPS-LIV-MCI-NEW,5,1+1+1+1+1,0,2.4792,100.0,12.5,-0.1753,2.525456,False,
ARS-AVL-AVL-EVE-LIV,4,2+1+1+1,0,2.7273,2.8,2.67,-0.1,2,"AVL,EVE","BOU,COV",ARS-AVL-BOU-COV-LIV,5,1+1+1+1+1,0,2.4792,100.0,12.5,-0.124,2.525456,False,
ARS-AVL-AVL-EVE-MCI,4,2+1+1+1,0,2.7273,2.8,2.67,-0.1,2,"AVL,EVE","COV,LIV",ARS-AVL-COV-LIV-MCI,5,1+1+1+1+1,0,2.4792,100.0,12.5,-0.0988,2.525456,False,
ARS-AVL-BRE-EVE-LEE,5,1+1+1+1+1,0,2.7273,2.8,2.67,-0.1,2,"ARS,BRE","CHE,COV",AVL-CHE-COV-EVE-LEE,5,1+1+1+1+1,0,2.4792,100.0,12.5,-0.128,2.525456,False,
ARS-BHA-BHA-EVE-LIV,4,2+1+1+1,0,2.7273,2.8,2.67,-0.1,2,"ARS,BHA","COV,NFO",BHA-COV-EVE-LIV-NFO,5,1+1+1+1+1,0,2.4792,100.0,18.8,-0.1308,2.525456,False,
ARS-BHA-EVE-LEE-LIV,5,1+1+1+1+1,0,2.7273,2.8,2.67,-0.1,2,"ARS,LEE","COV,NFO",BHA-COV-EVE-LIV-NFO,5,1+1+1+1+1,0,2.4792,100.0,18.8,-0.1308,2.525456,False,
AVL-AVL-EVE-IPS-LIV,4,2+1+1+1,0,2.7273,2.8,2.67,-0.1,2,"AVL,IPS","COV,LEE",AVL-COV-EVE-LEE-LIV,5,1+1+1+1+1,0,2.4792,93.8,12.5,-0.1361,2.525456,False,
AVL-AVL-EVE-IPS-MCI,4,2+1+1+1,0,2.7273,2.8,2.67,-0.1,2,"AVL,EVE","CHE,NFO",AVL-CHE-IPS-MCI-NFO,5,1+1+1+1+1,0,2.4792,100.0,18.8,-0.0641,2.525456,False,
AVL-BRE-EVE-IPS-LEE,5,1+1+1+1+1,0,2.7273,2.8,2.67,-0.1,2,"BRE,IPS","CHE,COV",AVL-CHE-COV-EVE-LEE,5,1+1+1+1+1,0,2.4792,100.0,12.5,-0.128,2.525456,False,
BHA-BHA-EVE-IPS-LIV,4,2+1+1+1,0,2.7273,2.8,2.67,-0.1,2,"BHA,IPS","COV,NFO",BHA-COV-EVE-LIV-NFO,5,1+1+1+1+1,0,2.4792,100.0,18.8,-0.1308,2.525456,False,
BHA-BHA-EVE-IPS-MCI,4,2+1+1+1,0,2.7273,2.8,2.67,-0.1,2,"BHA,BHA","CHE,COV",CHE-COV-EVE-IPS-MCI,5,1+1+1+1+1,0,2.4792,100.0,18.8,-0.0363,2.525456,False,
BHA-EVE-IPS-LEE-LIV,5,1+1+1+1+1,0,2.7273,2.8,2.67,-0.1,2,"IPS,LEE","COV,NFO",BHA-COV-EVE-LIV-NFO,5,1+1+1+1+1,0,2.4792,100.0,18.8,-0.1308,2.525456,False,
ARS-CHE-CRY-LEE-TOT,5,1+1+1+1+1,0,2.7273,2.8,2.67,-0.0811,2,"ARS,CRY","FUL,NFO",CHE-FUL-LEE-NFO-TOT,5,1+1+1+1+1,0,2.4792,100.0,6.2,-0.1838,2.525456,False,
CHE-CRY-IPS-LEE-TOT,5,1+1+1+1+1,0,2.7273,2.8,2.67,-0.0811,2,"CRY,IPS","FUL,NFO",CHE-FUL-LEE-NFO-TOT,5,1+1+1+1+1,0,2.4792,100.0,6.2,-0.1838,2.525456,False,
AVL-EVE-LEE-LEE-MUN,4,2+1+1+1,0,2.7273,2.8,2.67,-0.0732,2,"LEE,MUN","CHE,COV",AVL-CHE-COV-EVE-LEE,5,1+1+1+1+1,0,2.4792,100.0,12.5,-0.128,2.525456,False,
AVL-EVE-LEE-LEE-SUN,4,2+1+1+1,1,2.7273,2.8,2.67,-0.0732,2,"LEE,SUN","CHE,COV",AVL-CHE-COV-EVE-LEE,5,1+1+1+1+1,0,2.4792,100.0,12.5,-0.128,2.525456,False,
ARS-AVL-CRY-LIV-TOT,5,1+1+1+1+1,0,2.7273,2.8,2.67,-0.0634,2,"ARS,TOT","BOU,NEW",AVL-BOU-CRY-LIV-NEW,5,1+1+1+1+1,0,2.4792,100.0,6.2,-0.1674,2.525456,False,
ARS-AVL-CRY-MCI-TOT,5,1+1+1+1+1,0,2.7273,2.8,2.67,-0.0634,2,"ARS,TOT","LIV,NEW",AVL-CRY-LIV-MCI-NEW,5,1+1+1+1+1,0,2.4792,100.0,12.5,-0.1535,2.525456,False,
ARS-BHA-CRY-LIV-TOT,5,1+1+1+1+1,0,2.7273,2.8,2.67,-0.0634,2,"ARS,TOT","BOU,NFO",BOU-BHA-CRY-LIV-NFO,5,1+1+1+1+1,0,2.4792,100.0,18.8,-0.1001,2.525456,False,
ARS-BHA-CRY-MCI-TOT,5,1+1+1+1+1,0,2.7273,2.8,2.67,-0.0634,2,"ARS,TOT","LIV,NFO",BHA-CRY-LIV-MCI-NFO,5,1+1+1+1+1,0,2.4792,100.0,25.0,-0.0977,2.525456,False,
AVL-CRY-IPS-LIV-TOT,5,1+1+1+1+1,0,2.7273,2.8,2.67,-0.0634,2,"IPS,TOT","BOU,NEW",AVL-BOU-CRY-LIV-NEW,5,1+1+1+1+1,0,2.4792,100.0,6.2,-0.1674,2.525456,False,
AVL-CRY-IPS-MCI-TOT,5,1+1+1+1+1,0,2.7273,2.8,2.67,-0.0634,2,"IPS,TOT","LIV,NEW",AVL-CRY-LIV-MCI-NEW,5,1+1+1+1+1,0,2.4792,100.0,12.5,-0.1535,2.525456,False,
BHA-CRY-IPS-LIV-TOT,5,1+1+1+1+1,0,2.7273,2.8,2.67,-0.0634,2,"IPS,TOT","BOU,NFO",BOU-BHA-CRY-LIV-NFO,5,1+1+1+1+1,0,2.4792,100.0,18.8,-0.1001,2.525456,False,
BHA-CRY-IPS-MCI-TOT,5,1+1+1+1+1,0,2.7273,2.8,2.67,-0.0634,2,"BHA,CRY","CHE,FUL",CHE-FUL-IPS-MCI-TOT,5,1+1+1+1+1,0,2.4792,100.0,18.8,-0.1129,2.525456,False,
CHE-CHE-CRY-IPS-TOT,4,2+1+1+1,0,2.7273,2.8,2.67,-0.0622,2,"CHE,CRY","FUL,MCI",CHE-FUL-IPS-MCI-TOT,5,1+1+1+1+1,0,2.4792,100.0,18.8,-0.1129,2.525456,False,
AVL-EVE-EVE-LEE-MUN,4,2+1+1+1,0,2.7273,2.8,2.67,-0.0598,2,"EVE,MUN","CHE,COV",AVL-CHE-COV-EVE-LEE,5,1+1+1+1+1,0,2.4792,100.0,12.5,-0.128,2.525456,False,
AVL-EVE-EVE-LEE-SUN,4,2+1+1+1,1,2.7273,2.8,2.67,-0.0598,2,"EVE,SUN","CHE,COV",AVL-CHE-COV-EVE-LEE,5,1+1+1+1+1,0,2.4792,100.0,12.5,-0.128,2.525456,False,
AVL-AVL-CRY-LEE-MUN,4,2+1+1+1,0,2.7273,2.8,2.67,-0.05,2,"CRY,MUN","CHE,COV",AVL-AVL-CHE-COV-LEE,4,2+1+1+1,0,2.4792,100.0,31.2,-0.1583,2.525456,False,
AVL-AVL-CRY-LEE-SUN,4,2+1+1+1,1,2.7273,2.8,2.67,-0.05,2,"CRY,SUN","CHE,COV",AVL-AVL-CHE-COV-LEE,4,2+1+1+1,0,2.4792,100.0,31.2,-0.1583,2.525456,False,
ARS-AVL-CHE-EVE-TOT,5,1+1+1+1+1,0,2.7273,2.8,2.67,-0.0324,2,"ARS,EVE","FUL,NFO",AVL-CHE-FUL-NFO-TOT,5,1+1+1+1+1,0,2.4792,100.0,12.5,-0.1683,2.525456,False,
ARS-BHA-CHE-EVE-TOT,5,1+1+1+1+1,0,2.7273,2.8,2.67,-0.0324,2,"ARS,BHA","FUL,NFO",CHE-EVE-FUL-NFO-TOT,5,1+1+1+1+1,0,2.4792,100.0,6.2,-0.1683,2.525456,False,
AVL-CHE-EVE-IPS-TOT,5,1+1+1+1+1,0,2.7273,2.8,2.67,-0.0324,2,"EVE,IPS","FUL,NFO",AVL-CHE-FUL-NFO-TOT,5,1+1+1+1+1,0,2.4792,100.0,12.5,-0.1683,2.525456,False,
BHA-CHE-EVE-IPS-TOT,5,1+1+1+1+1,0,2.7273,2.8,2.67,-0.0324,2,"BHA,IPS","FUL,NFO",CHE-EVE-FUL-NFO-TOT,5,1+1+1+1+1,0,2.4792,100.0,6.2,-0.1683,2.525456,False,
ARS-AVL-BRE-CHE-CRY,5,1+1+1+1+1,0,2.7273,2.8,2.67,-0.0262,2,"ARS,CRY","BOU,NFO",AVL-BOU-BRE-CHE-NFO,5,1+1+1+1+1,0,2.4792,100.0,6.2,-0.1001,2.525456,False,
ARS-BHA-CHE-CRY-LIV,5,1+1+1+1+1,0,2.7273,2.8,2.67,-0.0262,2,"ARS,CHE","BOU,NFO",BOU-BHA-CRY-LIV-NFO,5,1+1+1+1+1,0,2.4792,100.0,18.8,-0.1001,2.525456,False,
ARS-BHA-CHE-CRY-MCI,5,1+1+1+1+1,0,2.7273,2.8,2.67,-0.0262,2,"ARS,CHE","LIV,NFO",BHA-CRY-LIV-MCI-NFO,5,1+1+1+1+1,0,2.4792,100.0,25.0,-0.0977,2.525456,False,
AVL-BRE-CHE-CRY-IPS,5,1+1+1+1+1,0,2.7273,2.8,2.67,-0.0262,2,"BRE,CRY","BOU,NFO",AVL-BOU-CHE-IPS-NFO,5,1+1+1+1+1,0,2.4792,100.0,12.5,-0.117,2.525456,False,
BHA-CHE-CRY-IPS-LIV,5,1+1+1+1+1,0,2.7273,2.8,2.67,-0.0262,2,"BHA,CRY","BOU,NEW",BOU-CHE-IPS-LIV-NEW,5,1+1+1+1+1,0,2.4792,100.0,12.5,-0.1874,2.525456,False,
BHA-CHE-CRY-IPS-MCI,5,1+1+1+1+1,0,2.7273,2.8,2.67,-0.0262,2,"BHA,CRY","LIV,NEW",CHE-IPS-LIV-MCI-NEW,5,1+1+1+1+1,0,2.4792,100.0,12.5,-0.1753,2.525456,False,
ARS-LEE-LEE-LIV-MCI,4,2+1+1+1,0,2.7273,2.8,2.67,-0.0,2,"LEE,LEE","AVL,COV",ARS-AVL-COV-LIV-MCI,5,1+1+1+1+1,0,2.4792,100.0,12.5,-0.0988,2.525456,False,
AVL-AVL-BRE-EVE-NFO,4,2+1+1+1,0,2.7273,2.8,2.67,0.0,2,"AVL,EVE","BOU,COV",AVL-BOU-BRE-COV-NFO,5,1+1+1+1+1,0,2.4792,100.0,18.8,-0.14,2.525456,False,
BRE-BHA-BHA-EVE-NFO,4,2+1+1+1,0,2.7273,2.8,2.67,0.0,2,"BHA,BRE","COV,LIV",BHA-COV-EVE-LIV-NFO,5,1+1+1+1+1,0,2.4792,100.0,18.8,-0.1308,2.525456,False,
BRE-IPS-LEE-LEE-MCI,4,2+1+1+1,0,2.7273,2.8,2.67,-0.0,2,"BRE,LEE","COV,FUL",COV-FUL-IPS-LEE-MCI,5,1+1+1+1+1,0,2.4792,100.0,18.8,-0.1204,2.525456,False,
BHA-BHA-EVE-MCI-NFO,4,2+1+1+1,0,2.7273,2.8,2.67,0.0,2,"BHA,MCI","COV,LIV",BHA-COV-EVE-LIV-NFO,5,1+1+1+1+1,0,2.4792,100.0,18.8,-0.1308,2.525456,False,
IPS-LEE-LEE-LIV-MCI,4,2+1+1+1,0,2.7273,2.8,2.67,-0.0,2,"LEE,LEE","CHE,NEW",CHE-IPS-LIV-MCI-NEW,5,1+1+1+1+1,0,2.4792,100.0,12.5,-0.1753,2.525456,False,
ARS-BHA-LEE-LEE-LIV,4,2+1+1+1,0,2.7273,2.8,2.67,0.0366,2,"ARS,LEE","AVL,NFO",AVL-BHA-LEE-LIV-NFO,5,1+1+1+1+1,0,2.4792,100.0,12.5,-0.1076,2.525456,False,
ARS-BHA-LEE-LEE-MCI,4,2+1+1+1,0,2.7273,2.8,2.67,0.0366,2,"ARS,LEE","COV,FUL",BHA-COV-FUL-LEE-MCI,5,1+1+1+1+1,0,2.4792,100.0,12.5,-0.149,2.525456,False,
BHA-CRY-MCI-NFO-TOT,5,1+1+1+1+1,0,2.7273,2.8,2.67,0.0366,2,"BHA,MCI","BOU,FUL",BOU-CRY-FUL-NFO-TOT,5,1+1+1+1+1,0,2.4792,100.0,18.8,-0.177,2.525456,False,
BHA-IPS-LEE-LEE-LIV,4,2+1+1+1,0,2.7273,2.8,2.67,0.0366,2,"IPS,LEE","AVL,NFO",AVL-BHA-LEE-LIV-NFO,5,1+1+1+1+1,0,2.4792,100.0,12.5,-0.1076,2.525456,False,
BHA-IPS-LEE-LEE-MCI,4,2+1+1+1,0,2.7273,2.8,2.67,0.0366,2,"IPS,LEE","COV,FUL",BHA-COV-FUL-LEE-MCI,5,1+1+1+1+1,0,2.4792,100.0,12.5,-0.149,2.525456,False,
ARS-CHE-LEE-LEE-TOT,4,2+1+1+1,0,2.7273,2.8,2.67,0.0445,2,"ARS,LEE","FUL,NFO",CHE-FUL-LEE-NFO-TOT,5,1+1+1+1+1,0,2.4792,100.0,6.2,-0.1838,2.525456,False,
CHE-IPS-LEE-LEE-TOT,4,2+1+1+1,0,2.7273,2.8,2.67,0.0445,2,"IPS,LEE","FUL,NFO",CHE-FUL-LEE-NFO-TOT,5,1+1+1+1+1,0,2.4792,100.0,6.2,-0.1838,2.525456,False,
ARS-EVE-LEE-TOT-TOT,4,2+1+1+1,0,2.7273,2.8,2.67,0.05,2,"ARS,TOT","COV,FUL",COV-EVE-FUL-LEE-TOT,5,1+1+1+1+1,0,2.4792,100.0,6.2,-0.1706,2.525456,False,
CRY-IPS-LEE-MCI-MCI,4,2+1+1+1,0,2.7273,2.8,2.67,0.05,2,"CRY,MCI","COV,FUL",COV-FUL-IPS-LEE-MCI,5,1+1+1+1+1,0,2.4792,100.0,18.8,-0.1204,2.525456,False,
EVE-IPS-LEE-TOT-TOT,4,2+1+1+1,0,2.7273,2.8,2.67,0.05,2,"IPS,TOT","COV,FUL",COV-EVE-FUL-LEE-TOT,5,1+1+1+1+1,0,2.4792,100.0,6.2,-0.1706,2.525456,False,
BRE-BHA-CHE-CRY-NFO,5,1+1+1+1+1,0,2.7273,2.8,2.67,0.0588,2,"BRE,CRY","BOU,NFO",BOU-BHA-CHE-NFO-NFO,4,2+1+1+1,0,2.4792,100.0,18.8,-0.1158,2.525456,False,
AVL-CRY-CRY-LIV-MUN,4,2+1+1+1,0,2.7273,2.8,2.67,0.0732,2,"CRY,MUN","BOU,NEW",AVL-BOU-CRY-LIV-NEW,5,1+1+1+1+1,0,2.4792,100.0,6.2,-0.1674,2.525456,False,
AVL-CRY-CRY-LIV-SUN,4,2+1+1+1,1,2.7273,2.8,2.67,0.0732,2,"CRY,SUN","BOU,NEW",AVL-BOU-CRY-LIV-NEW,5,1+1+1+1+1,0,2.4792,100.0,6.2,-0.1674,2.525456,False,
AVL-CRY-CRY-MCI-MUN,4,2+1+1+1,0,2.7273,2.8,2.67,0.0732,2,"CRY,MUN","LIV,NEW",AVL-CRY-LIV-MCI-NEW,5,1+1+1+1+1,0,2.4792,100.0,12.5,-0.1535,2.525456,False,
AVL-CRY-CRY-MCI-SUN,4,2+1+1+1,1,2.7273,2.8,2.67,0.0732,2,"CRY,SUN","LIV,NEW",AVL-CRY-LIV-MCI-NEW,5,1+1+1+1+1,0,2.4792,100.0,12.5,-0.1535,2.525456,False,
BHA-CRY-CRY-LIV-MUN,4,2+1+1+1,0,2.7273,2.8,2.67,0.0732,2,"CRY,MUN","BOU,NFO",BOU-BHA-CRY-LIV-NFO,5,1+1+1+1+1,0,2.4792,100.0,18.8,-0.1001,2.525456,False,
BHA-CRY-CRY-LIV-SUN,4,2+1+1+1,1,2.7273,2.8,2.67,0.0732,2,"CRY,CRY","COV,MCI",BHA-COV-LIV-MCI-SUN,5,1+1+1+1+1,1,2.4792,100.0,25.0,-0.1292,2.525456,False,
BHA-CRY-CRY-MCI-MUN,4,2+1+1+1,0,2.7273,2.8,2.67,0.0732,2,"CRY,MUN","LIV,NFO",BHA-CRY-LIV-MCI-NFO,5,1+1+1+1+1,0,2.4792,100.0,25.0,-0.0977,2.525456,False,
BHA-CRY-CRY-MCI-SUN,4,2+1+1+1,1,2.7273,2.8,2.67,0.0732,2,"CRY,CRY","COV,LIV",BHA-COV-LIV-MCI-SUN,5,1+1+1+1+1,1,2.4792,100.0,25.0,-0.1292,2.525456,False,
BRE-CHE-EVE-EVE-SUN,4,2+1+1+1,1,2.7273,2.8,2.67,0.089,2,"BRE,EVE","COV,MCI",CHE-COV-EVE-MCI-SUN,5,1+1+1+1+1,1,2.4792,100.0,12.5,-0.1133,2.525456,False,
ARS-AVL-AVL-BRE-LEE,4,2+1+1+1,0,2.7273,2.8,2.67,0.1232,2,"ARS,BRE","CHE,COV",AVL-AVL-CHE-COV-LEE,4,2+1+1+1,0,2.4792,100.0,31.2,-0.1583,2.525456,False,
ARS-BHA-BHA-LEE-LIV,4,2+1+1+1,0,2.7273,2.8,2.67,0.1232,2,"ARS,BHA","AVL,NFO",AVL-BHA-LEE-LIV-NFO,5,1+1+1+1+1,0,2.4792,100.0,12.5,-0.1076,2.525456,False,
ARS-BHA-BHA-LEE-MCI,4,2+1+1+1,0,2.7273,2.8,2.67,0.1232,2,"ARS,BHA","COV,FUL",BHA-COV-FUL-LEE-MCI,5,1+1+1+1+1,0,2.4792,100.0,12.5,-0.149,2.525456,False,
AVL-AVL-BRE-IPS-LEE,4,2+1+1+1,0,2.7273,2.8,2.67,0.1232,2,"BRE,IPS","CHE,COV",AVL-AVL-CHE-COV-LEE,4,2+1+1+1,0,2.4792,100.0,31.2,-0.1583,2.525456,False,
BHA-BHA-IPS-LEE-LIV,4,2+1+1+1,0,2.7273,2.8,2.67,0.1232,2,"BHA,IPS","AVL,NFO",AVL-BHA-LEE-LIV-NFO,5,1+1+1+1+1,0,2.4792,100.0,12.5,-0.1076,2.525456,False,
BHA-BHA-IPS-LEE-MCI,4,2+1+1+1,0,2.7273,2.8,2.67,0.1232,2,"BHA,IPS","COV,FUL",BHA-COV-FUL-LEE-MCI,5,1+1+1+1+1,0,2.4792,100.0,12.5,-0.149,2.525456,False,
AVL-CHE-EVE-EVE-MUN,4,2+1+1+1,0,2.7273,2.8,2.67,0.1255,2,"EVE,MUN","COV,LEE",AVL-CHE-COV-EVE-LEE,5,1+1+1+1+1,0,2.4792,100.0,12.5,-0.128,2.525456,False,
AVL-CHE-EVE-EVE-SUN,4,2+1+1+1,1,2.7273,2.8,2.67,0.1255,2,"EVE,SUN","COV,LEE",AVL-CHE-COV-EVE-LEE,5,1+1+1+1+1,0,2.4792,100.0,12.5,-0.128,2.525456,False,
BHA-CHE-EVE-EVE-SUN,4,2+1+1+1,1,2.7273,2.8,2.67,0.1255,2,"BHA,EVE","COV,MCI",CHE-COV-EVE-MCI-SUN,5,1+1+1+1+1,1,2.4792,100.0,12.5,-0.1133,2.525456,False,
ARS-CHE-CHE-LEE-TOT,4,2+1+1+1,0,2.7273,2.8,2.67,0.139,2,"ARS,CHE","FUL,NFO",CHE-FUL-LEE-NFO-TOT,5,1+1+1+1+1,0,2.4792,100.0,6.2,-0.1838,2.525456,False,
CHE-CHE-IPS-LEE-TOT,4,2+1+1+1,0,2.7273,2.8,2.67,0.139,2,"CHE,IPS","FUL,NFO",CHE-FUL-LEE-NFO-TOT,5,1+1+1+1+1,0,2.4792,100.0,6.2,-0.1838,2.525456,False,
ARS-CRY-LEE-LIV-MCI,5,1+1+1+1+1,0,2.7273,2.8,2.67,0.15,2,"ARS,LEE","AVL,NEW",AVL-CRY-LIV-MCI-NEW,5,1+1+1+1+1,0,2.4792,100.0,12.5,-0.1535,2.525456,False,
BRE-CRY-IPS-LEE-MCI,5,1+1+1+1+1,0,2.7273,2.8,2.67,0.15,2,"BRE,CRY","COV,FUL",COV-FUL-IPS-LEE-MCI,5,1+1+1+1+1,0,2.4792,100.0,18.8,-0.1204,2.525456,False,
CRY-IPS-LEE-LIV-MCI,5,1+1+1+1+1,0,2.7273,2.8,2.67,0.15,2,"CRY,LEE","CHE,NEW",CHE-IPS-LIV-MCI-NEW,5,1+1+1+1+1,0,2.4792,100.0,12.5,-0.1753,2.525456,False,
EVE-LEE-LEE-MUN-TOT,4,2+1+1+1,0,2.7273,2.8,2.67,0.2,2,"LEE,MUN","COV,FUL",COV-EVE-FUL-LEE-TOT,5,1+1+1+1+1,0,2.4792,100.0,6.2,-0.1706,2.525456,False,
EVE-LEE-LEE-TOT-SUN,4,2+1+1+1,1,2.7273,2.8,2.67,0.2,2,"LEE,SUN","COV,FUL",COV-EVE-FUL-LEE-TOT,5,1+1+1+1+1,0,2.4792,100.0,6.2,-0.1706,2.525456,False,
CHE-EVE-LEE-LEE-MUN,4,2+1+1+1,0,2.7273,2.8,2.67,0.289,2,"LEE,MUN","FUL,TOT",CHE-EVE-FUL-LEE-TOT,5,1+1+1+1+1,0,2.4792,100.0,12.5,-0.1443,2.525456,False,
CHE-EVE-LEE-LEE-SUN,4,2+1+1+1,1,2.7273,2.8,2.67,0.289,2,"LEE,SUN","FUL,TOT",CHE-EVE-FUL-LEE-TOT,5,1+1+1+1+1,0,2.4792,100.0,12.5,-0.1443,2.525456,False,
ARS-AVL-CRY-LIV-LIV,4,2+1+1+1,0,2.7273,2.8,2.67,0.3098,2,"ARS,LIV","BOU,NEW",AVL-BOU-CRY-LIV-NEW,5,1+1+1+1+1,0,2.4792,100.0,6.2,-0.1674,2.525456,False,
ARS-AVL-CRY-MCI-MCI,4,2+1+1+1,0,2.7273,2.8,2.67,0.3098,2,"ARS,MCI","LIV,NEW",AVL-CRY-LIV-MCI-NEW,5,1+1+1+1+1,0,2.4792,100.0,12.5,-0.1535,2.525456,False,
ARS-BHA-CRY-LIV-LIV,4,2+1+1+1,0,2.7273,2.8,2.67,0.3098,2,"ARS,LIV","BOU,NFO",BOU-BHA-CRY-LIV-NFO,5,1+1+1+1+1,0,2.4792,100.0,18.8,-0.1001,2.525456,False,
ARS-BHA-CRY-MCI-MCI,4,2+1+1+1,0,2.7273,2.8,2.67,0.3098,2,"ARS,MCI","LIV,NFO",BHA-CRY-LIV-MCI-NFO,5,1+1+1+1+1,0,2.4792,100.0,25.0,-0.0977,2.525456,False,
AVL-CRY-IPS-LIV-LIV,4,2+1+1+1,0,2.7273,2.8,2.67,0.3098,2,"IPS,LIV","BOU,NEW",AVL-BOU-CRY-LIV-NEW,5,1+1+1+1+1,0,2.4792,100.0,6.2,-0.1674,2.525456,False,
AVL-CRY-IPS-MCI-MCI,4,2+1+1+1,0,2.7273,2.8,2.67,0.3098,2,"IPS,MCI","LIV,NEW",AVL-CRY-LIV-MCI-NEW,5,1+1+1+1+1,0,2.4792,100.0,12.5,-0.1535,2.525456,False,
BHA-CRY-IPS-LIV-LIV,4,2+1+1+1,0,2.7273,2.8,2.67,0.3098,2,"IPS,LIV","BOU,NFO",BOU-BHA-CRY-LIV-NFO,5,1+1+1+1+1,0,2.4792,100.0,18.8,-0.1001,2.525456,False,
BHA-CRY-IPS-MCI-MCI,4,2+1+1+1,0,2.7273,2.8,2.67,0.3098,2,"IPS,MCI","LIV,NFO",BHA-CRY-LIV-MCI-NFO,5,1+1+1+1+1,0,2.4792,100.0,25.0,-0.0977,2.525456,False,
ARS-CHE-EVE-TOT-TOT,4,2+1+1+1,0,2.7273,2.8,2.67,0.3146,2,"ARS,TOT","FUL,NFO",CHE-EVE-FUL-NFO-TOT,5,1+1+1+1+1,0,2.4792,100.0,6.2,-0.1683,2.525456,False,
CHE-EVE-IPS-TOT-TOT,4,2+1+1+1,0,2.7273,2.8,2.67,0.3146,2,"IPS,TOT","FUL,NFO",CHE-EVE-FUL-NFO-TOT,5,1+1+1+1+1,0,2.4792,100.0,6.2,-0.1683,2.525456,False,
ARS-AVL-AVL-BRE-LIV,4,2+1+1+1,0,2.7273,2.8,2.67,0.3464,2,"AVL,BRE","BOU,COV",ARS-AVL-BOU-COV-LIV,5,1+1+1+1+1,0,2.4792,100.0,12.5,-0.124,2.525456,False,
ARS-AVL-AVL-BRE-MCI,4,2+1+1+1,0,2.7273,2.8,2.67,0.3464,2,"ARS,AVL","COV,FUL",AVL-BRE-COV-FUL-MCI,5,1+1+1+1+1,0,2.4792,100.0,18.8,-0.1384,2.525456,False,
ARS-BHA-BHA-LIV-MCI,4,2+1+1+1,0,2.7273,2.8,2.67,0.3464,2,"ARS,BHA","NEW,NFO",BHA-LIV-MCI-NEW-NFO,5,1+1+1+1+1,0,2.4792,100.0,12.5,-0.1303,2.525456,False,
AVL-AVL-BRE-IPS-MCI,4,2+1+1+1,0,2.7273,2.8,2.67,0.3464,2,"AVL,IPS","COV,FUL",AVL-BRE-COV-FUL-MCI,5,1+1+1+1+1,0,2.4792,100.0,18.8,-0.1384,2.525456,False,
BHA-BHA-IPS-LIV-MCI,4,2+1+1+1,0,2.7273,2.8,2.67,0.3464,2,"BHA,BHA","CHE,NEW",CHE-IPS-LIV-MCI-NEW,5,1+1+1+1+1,0,2.4792,100.0,12.5,-0.1753,2.525456,False,
EVE-EVE-LEE-MUN-TOT,4,2+1+1+1,0,2.7273,2.8,2.67,0.35,2,"EVE,MUN","COV,FUL",COV-EVE-FUL-LEE-TOT,5,1+1+1+1+1,0,2.4792,100.0,6.2,-0.1706,2.525456,False,
EVE-EVE-LEE-TOT-SUN,4,2+1+1+1,1,2.7273,2.8,2.67,0.35,2,"EVE,SUN","COV,FUL",COV-EVE-FUL-LEE-TOT,5,1+1+1+1+1,0,2.4792,100.0,6.2,-0.1706,2.525456,False,
ARS-AVL-BRE-CRY-LIV,5,1+1+1+1+1,0,2.7273,2.8,2.67,0.4098,2,"ARS,BRE","BOU,NEW",AVL-BOU-CRY-LIV-NEW,5,1+1+1+1+1,0,2.4792,100.0,6.2,-0.1674,2.525456,False,
ARS-AVL-BRE-CRY-MCI,5,1+1+1+1+1,0,2.7273,2.8,2.67,0.4098,2,"ARS,BRE","LIV,NEW",AVL-CRY-LIV-MCI-NEW,5,1+1+1+1+1,0,2.4792,100.0,12.5,-0.1535,2.525456,False,
ARS-BRE-BHA-CRY-LIV,5,1+1+1+1+1,0,2.7273,2.8,2.67,0.4098,2,"ARS,BRE","BOU,NFO",BOU-BHA-CRY-LIV-NFO,5,1+1+1+1+1,0,2.4792,100.0,18.8,-0.1001,2.525456,False,
ARS-BRE-BHA-CRY-MCI,5,1+1+1+1+1,0,2.7273,2.8,2.67,0.4098,2,"ARS,BRE","LIV,NFO",BHA-CRY-LIV-MCI-NFO,5,1+1+1+1+1,0,2.4792,100.0,25.0,-0.0977,2.525456,False,
ARS-BHA-CRY-LIV-MCI,5,1+1+1+1+1,0,2.7273,2.8,2.67,0.4098,2,"ARS,BHA","AVL,NEW",AVL-CRY-LIV-MCI-NEW,5,1+1+1+1+1,0,2.4792,100.0,12.5,-0.1535,2.525456,False,
AVL-BRE-CRY-IPS-LIV,5,1+1+1+1+1,0,2.7273,2.8,2.67,0.4098,2,"BRE,IPS","BOU,NEW",AVL-BOU-CRY-LIV-NEW,5,1+1+1+1+1,0,2.4792,100.0,6.2,-0.1674,2.525456,False,
AVL-BRE-CRY-IPS-MCI,5,1+1+1+1+1,0,2.7273,2.8,2.67,0.4098,2,"BRE,IPS","LIV,NEW",AVL-CRY-LIV-MCI-NEW,5,1+1+1+1+1,0,2.4792,100.0,12.5,-0.1535,2.525456,False,
BRE-BHA-CRY-IPS-LIV,5,1+1+1+1+1,0,2.7273,2.8,2.67,0.4098,2,"BRE,IPS","BOU,NFO",BOU-BHA-CRY-LIV-NFO,5,1+1+1+1+1,0,2.4792,100.0,18.8,-0.1001,2.525456,False,
BRE-BHA-CRY-IPS-MCI,5,1+1+1+1+1,0,2.7273,2.8,2.67,0.4098,2,"BRE,IPS","LIV,NFO",BHA-CRY-LIV-MCI-NFO,5,1+1+1+1+1,0,2.4792,100.0,25.0,-0.0977,2.525456,False,
BHA-CRY-IPS-LIV-MCI,5,1+1+1+1+1,0,2.7273,2.8,2.67,0.4098,2,"BHA,CRY","CHE,NEW",CHE-IPS-LIV-MCI-NEW,5,1+1+1+1+1,0,2.4792,100.0,12.5,-0.1753,2.525456,False,
CHE-CHE-EVE-LEE-MUN,4,2+1+1+1,0,2.7273,2.8,2.67,0.478,2,"CHE,MUN","FUL,TOT",CHE-EVE-FUL-LEE-TOT,5,1+1+1+1+1,0,2.4792,100.0,12.5,-0.1443,2.525456,False,
CHE-CHE-EVE-LEE-SUN,4,2+1+1+1,1,2.7273,2.8,2.67,0.478,2,"CHE,SUN","FUL,TOT",CHE-EVE-FUL-LEE-TOT,5,1+1+1+1+1,0,2.4792,100.0,12.5,-0.1443,2.525456,False,
AVL-BRE-BRE-CRY-NFO,4,2+1+1+1,0,2.7273,2.8,2.67,0.4964,2,"BRE,CRY","BOU,COV",AVL-BOU-BRE-COV-NFO,5,1+1+1+1+1,0,2.4792,100.0,18.8,-0.14,2.525456,False,
BRE-BRE-BHA-CRY-NFO,4,2+1+1+1,0,2.7273,2.8,2.67,0.4964,2,"BRE,BRE","BOU,LIV",BOU-BHA-CRY-LIV-NFO,5,1+1+1+1+1,0,2.4792,100.0,18.8,-0.1001,2.525456,False,
BHA-CRY-MCI-MCI-NFO,4,2+1+1+1,0,2.7273,2.8,2.67,0.4964,2,"CRY,MCI","LIV,NEW",BHA-LIV-MCI-NEW-NFO,5,1+1+1+1+1,0,2.4792,100.0,12.5,-0.1303,2.525456,False,
BRE-BHA-BHA-LIV-NFO,4,2+1+1+1,0,2.7273,2.8,2.67,0.5464,2,"BHA,BRE","BOU,NEW",BOU-BHA-LIV-NEW-NFO,5,1+1+1+1+1,0,2.4792,100.0,12.5,-0.1525,2.525456,False,
BRE-BHA-BHA-MCI-NFO,4,2+1+1+1,0,2.7273,2.8,2.67,0.5464,2,"BHA,BRE","LIV,NEW",BHA-LIV-MCI-NEW-NFO,5,1+1+1+1+1,0,2.4792,100.0,12.5,-0.1303,2.525456,False,
BRE-BHA-CRY-MCI-NFO,5,1+1+1+1+1,0,2.7273,2.8,2.67,0.5964,2,"BRE,CRY","LIV,NEW",BHA-LIV-MCI-NEW-NFO,5,1+1+1+1+1,0,2.4792,100.0,12.5,-0.1303,2.525456,False,
CHE-EVE-EVE-MUN-TOT,4,2+1+1+1,0,2.7273,2.8,2.67,0.7091,2,"EVE,MUN","FUL,NFO",CHE-EVE-FUL-NFO-TOT,5,1+1+1+1+1,0,2.4792,100.0,6.2,-0.1683,2.525456,False,
CHE-EVE-EVE-TOT-SUN,4,2+1+1+1,1,2.7273,2.8,2.67,0.7091,2,"EVE,SUN","FUL,NFO",CHE-EVE-FUL-NFO-TOT,5,1+1+1+1+1,0,2.4792,100.0,6.2,-0.1683,2.525456,False,
CHE-CHE-EVE-MUN-TOT,4,2+1+1+1,0,2.7273,2.8,2.67,0.7292,2,"CHE,MUN","FUL,NFO",CHE-EVE-FUL-NFO-TOT,5,1+1+1+1+1,0,2.4792,100.0,6.2,-0.1683,2.525456,False,
CHE-CHE-EVE-TOT-SUN,4,2+1+1+1,1,2.7273,2.8,2.67,0.7292,2,"CHE,SUN","FUL,NFO",CHE-EVE-FUL-NFO-TOT,5,1+1+1+1+1,0,2.4792,100.0,6.2,-0.1683,2.525456,False,
AVL-EVE-EVE-LIV-TOT,4,2+1+1+1,0,2.7273,3.0,2.5,-0.3232,2,"AVL,EVE","NEW,NFO",EVE-LIV-NEW-NFO-TOT,5,1+1+1+1+1,0,2.4792,100.0,25.0,-0.1014,2.525456,False,
AVL-EVE-EVE-MCI-TOT,4,2+1+1+1,0,2.7273,3.0,2.5,-0.3232,2,"EVE,TOT","COV,LEE",AVL-COV-EVE-LEE-MCI,5,1+1+1+1+1,0,2.4792,93.8,6.2,-0.1193,2.525456,False,
BHA-EVE-EVE-LIV-TOT,4,2+1+1+1,0,2.7273,3.0,2.5,-0.3232,2,"EVE,TOT","COV,NFO",BHA-COV-EVE-LIV-NFO,5,1+1+1+1+1,0,2.4792,100.0,18.8,-0.1308,2.525456,False,
BHA-EVE-EVE-MCI-TOT,4,2+1+1+1,0,2.7273,3.0,2.5,-0.3232,2,"EVE,TOT","COV,LIV",BHA-COV-EVE-LIV-MCI,5,1+1+1+1+1,0,2.4792,93.8,12.5,-0.1174,2.525456,False,
CHE-CRY-CRY-LIV-TOT,4,2+1+1+1,0,2.7273,3.0,2.5,-0.3201,2,"CRY,CRY","EVE,NFO",CHE-EVE-LIV-NFO-TOT,5,1+1+1+1+1,0,2.4792,93.8,18.8,-0.1265,2.525456,False,
CHE-CRY-CRY-MCI-TOT,4,2+1+1+1,0,2.7273,3.0,2.5,-0.3201,2,"CRY,CRY","FUL,NEW",CHE-FUL-MCI-NEW-TOT,5,1+1+1+1+1,0,2.4792,100.0,12.5,-0.1474,2.525456,False,
AVL-BRE-EVE-EVE-MCI,4,2+1+1+1,0,2.7273,3.0,2.5,-0.3,2,"EVE,EVE","COV,FUL",AVL-BRE-COV-FUL-MCI,5,1+1+1+1+1,0,2.4792,100.0,18.8,-0.1384,2.525456,False,
BRE-BHA-EVE-EVE-LIV,4,2+1+1+1,0,2.7273,3.0,2.5,-0.3,2,"BRE,EVE","COV,NFO",BHA-COV-EVE-LIV-NFO,5,1+1+1+1+1,0,2.4792,100.0,18.8,-0.1308,2.525456,False,
AVL-AVL-CHE-CRY-TOT,4,2+1+1+1,0,2.7273,3.0,2.5,-0.2964,2,"AVL,CRY","FUL,NFO",AVL-CHE-FUL-NFO-TOT,5,1+1+1+1+1,0,2.4792,100.0,12.5,-0.1683,2.525456,False,
AVL-AVL-EVE-LEE-TOT,4,2+1+1+1,0,2.7273,3.0,2.5,-0.2964,2,"AVL,EVE","FUL,NFO",AVL-FUL-LEE-NFO-TOT,5,1+1+1+1+1,0,2.4792,100.0,0.0,-0.2008,2.525456,False,
AVL-BRE-CHE-CHE-EVE,4,2+1+1+1,0,2.7273,3.0,2.5,-0.2964,2,"BRE,CHE","COV,LEE",AVL-CHE-COV-EVE-LEE,5,1+1+1+1+1,0,2.4792,100.0,12.5,-0.128,2.525456,False,
BHA-BHA-EVE-LEE-TOT,4,2+1+1+1,0,2.7273,3.0,2.5,-0.2964,2,"BHA,BHA","COV,FUL",COV-EVE-FUL-LEE-TOT,5,1+1+1+1+1,0,2.4792,100.0,6.2,-0.1706,2.525456,False,
BRE-BRE-CHE-EVE-LEE,4,2+1+1+1,0,2.7273,3.0,2.5,-0.2945,2,"BRE,BRE","FUL,TOT",CHE-EVE-FUL-LEE-TOT,5,1+1+1+1+1,0,2.4792,100.0,12.5,-0.1443,2.525456,False,
CHE-CHE-CRY-LEE-MCI,4,2+1+1+1,0,2.7273,3.0,2.5,-0.2902,2,"CHE,CRY","AVL,FUL",AVL-CHE-FUL-LEE-MCI,5,1+1+1+1+1,0,2.4792,93.8,12.5,-0.1661,2.525456,False,
AVL-CRY-LEE-TOT-TOT,4,2+1+1+1,0,2.7273,3.0,2.5,-0.2866,2,"CRY,TOT","FUL,NFO",AVL-FUL-LEE-NFO-TOT,5,1+1+1+1+1,0,2.4792,100.0,0.0,-0.2008,2.525456,False,
BHA-BHA-CHE-EVE-LEE,4,2+1+1+1,0,2.7273,3.0,2.5,-0.2751,2,"BHA,BHA","FUL,TOT",CHE-EVE-FUL-LEE-TOT,5,1+1+1+1+1,0,2.4792,100.0,12.5,-0.1443,2.525456,False,
EVE-LEE-LIV-LIV-TOT,4,2+1+1+1,0,2.7273,3.0,2.5,-0.25,2,"LIV,LIV","COV,FUL",COV-EVE-FUL-LEE-TOT,5,1+1+1+1+1,0,2.4792,100.0,6.2,-0.1706,2.525456,False,
BRE-BHA-CHE-EVE-LEE,5,1+1+1+1+1,0,2.7273,3.0,2.5,-0.1982,2,"BHA,BRE","FUL,TOT",CHE-EVE-FUL-LEE-TOT,5,1+1+1+1+1,0,2.4792,100.0,12.5,-0.1443,2.525456,False,
BHA-CHE-CRY-LEE-TOT,5,1+1+1+1+1,0,2.7273,3.0,2.5,-0.1982,2,"BHA,CRY","FUL,NFO",CHE-FUL-LEE-NFO-TOT,5,1+1+1+1+1,0,2.4792,100.0,6.2,-0.1838,2.525456,False,
CHE-CRY-LEE-MCI-TOT,5,1+1+1+1+1,0,2.7273,3.0,2.5,-0.1945,2,"CRY,MCI","FUL,NFO",CHE-FUL-LEE-NFO-TOT,5,1+1+1+1+1,0,2.4792,100.0,6.2,-0.1838,2.525456,False,
BHA-EVE-LEE-LIV-TOT,5,1+1+1+1+1,0,2.7273,3.0,2.5,-0.1866,2,"BHA,LIV","COV,FUL",COV-EVE-FUL-LEE-TOT,5,1+1+1+1+1,0,2.4792,100.0,6.2,-0.1706,2.525456,False,
CHE-CRY-LEE-MCI-MCI,4,2+1+1+1,0,2.7273,3.0,2.5,-0.1646,2,"CRY,MCI","AVL,FUL",AVL-CHE-FUL-LEE-MCI,5,1+1+1+1+1,0,2.4792,93.8,12.5,-0.1661,2.525456,False,
AVL-EVE-LEE-TOT-TOT,4,2+1+1+1,0,2.7273,3.0,2.5,-0.1598,2,"EVE,TOT","FUL,NFO",AVL-FUL-LEE-NFO-TOT,5,1+1+1+1+1,0,2.4792,100.0,0.0,-0.2008,2.525456,False,
BHA-EVE-LEE-TOT-TOT,4,2+1+1+1,0,2.7273,3.0,2.5,-0.1598,2,"BHA,TOT","COV,FUL",COV-EVE-FUL-LEE-TOT,5,1+1+1+1+1,0,2.4792,100.0,6.2,-0.1706,2.525456,False,
CHE-CRY-LEE-TOT-TOT,4,2+1+1+1,0,2.7273,3.0,2.5,-0.1244,2,"CRY,TOT","FUL,NFO",CHE-FUL-LEE-NFO-TOT,5,1+1+1+1+1,0,2.4792,100.0,6.2,-0.1838,2.525456,False,
AVL-BRE-BRE-EVE-LEE,4,2+1+1+1,0,2.7273,3.0,2.5,-0.1134,2,"BRE,BRE","CHE,COV",AVL-CHE-COV-EVE-LEE,5,1+1+1+1+1,0,2.4792,100.0,12.5,-0.128,2.525456,False,
BHA-EVE-LEE-LIV-LIV,4,2+1+1+1,0,2.7273,3.0,2.5,-0.1134,2,"LEE,LIV","COV,NFO",BHA-COV-EVE-LIV-NFO,5,1+1+1+1+1,0,2.4792,100.0,18.8,-0.1308,2.525456,False,
BHA-CHE-LEE-LEE-TOT,4,2+1+1+1,0,2.7273,3.0,2.5,-0.1092,2,"BHA,LEE","FUL,NFO",CHE-FUL-LEE-NFO-TOT,5,1+1+1+1+1,0,2.4792,100.0,6.2,-0.1838,2.525456,False,
BHA-CHE-LEE-LEE-MCI,4,2+1+1+1,0,2.7273,3.0,2.5,-0.1061,2,"CHE,LEE","COV,FUL",BHA-COV-FUL-LEE-MCI,5,1+1+1+1+1,0,2.4792,100.0,12.5,-0.149,2.525456,False,
AVL-AVL-BRE-EVE-LEE,4,2+1+1+1,0,2.7273,3.0,2.5,-0.1,2,"BRE,EVE","CHE,COV",AVL-AVL-CHE-COV-LEE,4,2+1+1+1,0,2.4792,100.0,31.2,-0.1583,2.525456,False,
BHA-BHA-EVE-LEE-LIV,4,2+1+1+1,0,2.7273,3.0,2.5,-0.1,2,"BHA,LEE","COV,NFO",BHA-COV-EVE-LIV-NFO,5,1+1+1+1+1,0,2.4792,100.0,18.8,-0.1308,2.525456,False,
CHE-CHE-CRY-LEE-TOT,4,2+1+1+1,0,2.7273,3.0,2.5,-0.1,2,"CHE,CRY","FUL,NFO",CHE-FUL-LEE-NFO-TOT,5,1+1+1+1+1,0,2.4792,100.0,6.2,-0.1838,2.525456,False,
EVE-LEE-LIV-TOT-TOT,4,2+1+1+1,0,2.7273,3.0,2.5,-0.1,2,"LIV,TOT","COV,FUL",COV-EVE-FUL-LEE-TOT,5,1+1+1+1+1,0,2.4792,100.0,6.2,-0.1706,2.525456,False,
CHE-LEE-LEE-MCI-TOT,4,2+1+1+1,0,2.7273,3.0,2.5,-0.0689,2,"LEE,MCI","FUL,NFO",CHE-FUL-LEE-NFO-TOT,5,1+1+1+1+1,0,2.4792,100.0,6.2,-0.1838,2.525456,False,
BHA-CHE-EVE-LEE-TOT,5,1+1+1+1+1,0,2.7273,3.0,2.5,-0.0513,2,"BHA,EVE","FUL,NFO",CHE-FUL-LEE-NFO-TOT,5,1+1+1+1+1,0,2.4792,100.0,6.2,-0.1838,2.525456,False,
BHA-LEE-LEE-LIV-TOT,4,2+1+1+1,0,2.7273,3.0,2.5,-0.05,2,"LEE,TOT","AVL,NFO",AVL-BHA-LEE-LIV-NFO,5,1+1+1+1+1,0,2.4792,100.0,12.5,-0.1076,2.525456,False,
BHA-LEE-LEE-MCI-TOT,4,2+1+1+1,0,2.7273,3.0,2.5,-0.05,2,"LEE,TOT","COV,FUL",BHA-COV-FUL-LEE-MCI,5,1+1+1+1+1,0,2.4792,100.0,12.5,-0.149,2.525456,False,
BHA-CHE-CRY-LEE-MCI,5,1+1+1+1+1,0,2.7273,3.0,2.5,-0.0451,2,"CHE,CRY","COV,FUL",BHA-COV-FUL-LEE-MCI,5,1+1+1+1+1,0,2.4792,100.0,12.5,-0.149,2.525456,False,
BRE-BHA-EVE-LEE-LIV,5,1+1+1+1+1,0,2.7273,3.0,2.5,-0.0134,2,"BRE,LEE","COV,NFO",BHA-COV-EVE-LIV-NFO,5,1+1+1+1+1,0,2.4792,100.0,18.8,-0.1308,2.525456,False,
BHA-CRY-LEE-LIV-TOT,5,1+1+1+1+1,0,2.7273,3.0,2.5,-0.0134,2,"CRY,TOT","AVL,NFO",AVL-BHA-LEE-LIV-NFO,5,1+1+1+1+1,0,2.4792,100.0,12.5,-0.1076,2.525456,False,
BHA-CRY-LEE-MCI-TOT,5,1+1+1+1+1,0,2.7273,3.0,2.5,-0.0134,2,"CRY,TOT","COV,FUL",BHA-COV-FUL-LEE-MCI,5,1+1+1+1+1,0,2.4792,100.0,12.5,-0.149,2.525456,False,
CRY-CRY-LIV-MCI-TOT,4,2+1+1+1,0,2.7273,3.0,2.5,-0.0,2,"CRY,TOT","AVL,NEW",AVL-CRY-LIV-MCI-NEW,5,1+1+1+1+1,0,2.4792,100.0,12.5,-0.1535,2.525456,False,
CRY-LEE-LIV-MCI-TOT,5,1+1+1+1+1,0,2.7273,3.0,2.5,0.0,2,"LEE,TOT","AVL,NEW",AVL-CRY-LIV-MCI-NEW,5,1+1+1+1+1,0,2.4792,100.0,12.5,-0.1535,2.525456,False,
AVL-CHE-CHE-EVE-TOT,4,2+1+1+1,0,2.7273,3.0,2.5,0.0206,2,"CHE,EVE","FUL,NFO",AVL-CHE-FUL-NFO-TOT,5,1+1+1+1+1,0,2.4792,100.0,12.5,-0.1683,2.525456,False,
BHA-CHE-CHE-EVE-TOT,4,2+1+1+1,0,2.7273,3.0,2.5,0.0206,2,"BHA,CHE","FUL,NFO",CHE-EVE-FUL-NFO-TOT,5,1+1+1+1+1,0,2.4792,100.0,6.2,-0.1683,2.525456,False,
AVL-AVL-BRE-CHE-CRY,4,2+1+1+1,0,2.7273,3.0,2.5,0.0299,2,"BRE,CRY","COV,LEE",AVL-AVL-CHE-COV-LEE,4,2+1+1+1,0,2.4792,100.0,31.2,-0.1583,2.525456,False,
BHA-BHA-CHE-CRY-LIV,4,2+1+1+1,0,2.7273,3.0,2.5,0.0299,2,"BHA,CHE","BOU,NFO",BOU-BHA-CRY-LIV-NFO,5,1+1+1+1+1,0,2.4792,100.0,18.8,-0.1001,2.525456,False,
BHA-BHA-CHE-CRY-MCI,4,2+1+1+1,0,2.7273,3.0,2.5,0.0299,2,"BHA,CHE","LIV,NFO",BHA-CRY-LIV-MCI-NFO,5,1+1+1+1+1,0,2.4792,100.0,25.0,-0.0977,2.525456,False,
AVL-AVL-BRE-EVE-MCI,4,2+1+1+1,0,2.7273,3.0,2.5,0.0732,2,"AVL,EVE","COV,FUL",AVL-BRE-COV-FUL-MCI,5,1+1+1+1+1,0,2.4792,100.0,18.8,-0.1384,2.525456,False,
AVL-AVL-CRY-LIV-TOT,4,2+1+1+1,0,2.7273,3.0,2.5,0.0732,2,"AVL,TOT","BOU,NEW",AVL-BOU-CRY-LIV-NEW,5,1+1+1+1+1,0,2.4792,100.0,6.2,-0.1674,2.525456,False,
AVL-AVL-CRY-MCI-TOT,4,2+1+1+1,0,2.7273,3.0,2.5,0.0732,2,"AVL,TOT","LIV,NEW",AVL-CRY-LIV-MCI-NEW,5,1+1+1+1+1,0,2.4792,100.0,12.5,-0.1535,2.525456,False,
AVL-BRE-BRE-EVE-MCI,4,2+1+1+1,0,2.7273,3.0,2.5,0.0732,2,"BRE,EVE","COV,FUL",AVL-BRE-COV-FUL-MCI,5,1+1+1+1+1,0,2.4792,100.0,18.8,-0.1384,2.525456,False,
AVL-BRE-EVE-MCI-MCI,4,2+1+1+1,0,2.7273,3.0,2.5,0.0732,2,"EVE,MCI","COV,FUL",AVL-BRE-COV-FUL-MCI,5,1+1+1+1+1,0,2.4792,100.0,18.8,-0.1384,2.525456,False,
BRE-BRE-BHA-EVE-LIV,4,2+1+1+1,0,2.7273,3.0,2.5,0.0732,2,"BRE,BRE","COV,NFO",BHA-COV-EVE-LIV-NFO,5,1+1+1+1+1,0,2.4792,100.0,18.8,-0.1308,2.525456,False,
BRE-BHA-BHA-EVE-LIV,4,2+1+1+1,0,2.7273,3.0,2.5,0.0732,2,"BHA,BRE","COV,NFO",BHA-COV-EVE-LIV-NFO,5,1+1+1+1+1,0,2.4792,100.0,18.8,-0.1308,2.525456,False,
BRE-BHA-EVE-LIV-LIV,4,2+1+1+1,0,2.7273,3.0,2.5,0.0732,2,"BRE,LIV","COV,NFO",BHA-COV-EVE-LIV-NFO,5,1+1+1+1+1,0,2.4792,100.0,18.8,-0.1308,2.525456,False,
BHA-BHA-CRY-LIV-TOT,4,2+1+1+1,0,2.7273,3.0,2.5,0.0732,2,"BHA,TOT","BOU,NFO",BOU-BHA-CRY-LIV-NFO,5,1+1+1+1+1,0,2.4792,100.0,18.8,-0.1001,2.525456,False,
BHA-BHA-CRY-MCI-TOT,4,2+1+1+1,0,2.7273,3.0,2.5,0.0732,2,"BHA,TOT","LIV,NFO",BHA-CRY-LIV-MCI-NFO,5,1+1+1+1+1,0,2.4792,100.0,25.0,-0.0977,2.525456,False,
BRE-BHA-LEE-LEE-LIV,4,2+1+1+1,0,2.7273,3.0,2.5,0.2732,2,"BRE,LEE","AVL,NFO",AVL-BHA-LEE-LIV-NFO,5,1+1+1+1+1,0,2.4792,100.0,12.5,-0.1076,2.525456,False,
BRE-BHA-LEE-LEE-MCI,4,2+1+1+1,0,2.7273,3.0,2.5,0.2732,2,"BRE,LEE","COV,FUL",BHA-COV-FUL-LEE-MCI,5,1+1+1+1+1,0,2.4792,100.0,12.5,-0.149,2.525456,False,
BHA-LEE-LEE-LIV-MCI,4,2+1+1+1,0,2.7273,3.0,2.5,0.2732,2,"LEE,LIV","COV,FUL",BHA-COV-FUL-LEE-MCI,5,1+1+1+1+1,0,2.4792,100.0,12.5,-0.149,2.525456,False,
CHE-EVE-LEE-TOT-TOT,4,2+1+1+1,0,2.7273,3.0,2.5,0.3457,2,"EVE,TOT","FUL,NFO",CHE-FUL-LEE-NFO-TOT,5,1+1+1+1+1,0,2.4792,100.0,6.2,-0.1838,2.525456,False,
CRY-LEE-LIV-LIV-MCI,4,2+1+1+1,0,2.7273,3.0,2.5,0.35,2,"LEE,LIV","AVL,NEW",AVL-CRY-LIV-MCI-NEW,5,1+1+1+1+1,0,2.4792,100.0,12.5,-0.1535,2.525456,False,
CRY-LEE-LIV-MCI-MCI,4,2+1+1+1,0,2.7273,3.0,2.5,0.35,2,"LEE,MCI","AVL,NEW",AVL-CRY-LIV-MCI-NEW,5,1+1+1+1+1,0,2.4792,100.0,12.5,-0.1535,2.525456,False,
BHA-CRY-LEE-LIV-LIV,4,2+1+1+1,0,2.7273,3.0,2.5,0.3598,2,"CRY,LIV","AVL,NFO",AVL-BHA-LEE-LIV-NFO,5,1+1+1+1+1,0,2.4792,100.0,12.5,-0.1076,2.525456,False,
BHA-CRY-LEE-MCI-MCI,4,2+1+1+1,0,2.7273,3.0,2.5,0.3598,2,"CRY,MCI","COV,FUL",BHA-COV-FUL-LEE-MCI,5,1+1+1+1+1,0,2.4792,100.0,12.5,-0.149,2.525456,False,
BRE-BHA-BHA-LEE-LIV,4,2+1+1+1,0,2.7273,3.0,2.5,0.4464,2,"BHA,BRE","AVL,NFO",AVL-BHA-LEE-LIV-NFO,5,1+1+1+1+1,0,2.4792,100.0,12.5,-0.1076,2.525456,False,
BRE-BHA-BHA-LEE-MCI,4,2+1+1+1,0,2.7273,3.0,2.5,0.4464,2,"BHA,BRE","COV,FUL",BHA-COV-FUL-LEE-MCI,5,1+1+1+1+1,0,2.4792,100.0,12.5,-0.149,2.525456,False,
BHA-BHA-LEE-LIV-MCI,4,2+1+1+1,0,2.7273,3.0,2.5,0.4464,2,"BHA,LIV","COV,FUL",BHA-COV-FUL-LEE-MCI,5,1+1+1+1+1,0,2.4792,100.0,12.5,-0.149,2.525456,False,
BRE-CRY-LEE-LIV-MCI,5,1+1+1+1+1,0,2.7273,3.0,2.5,0.45,2,"BRE,LEE","AVL,NEW",AVL-CRY-LIV-MCI-NEW,5,1+1+1+1+1,0,2.4792,100.0,12.5,-0.1535,2.525456,False,
BRE-BRE-BHA-LEE-LIV,4,2+1+1+1,0,2.7273,3.0,2.5,0.4598,2,"BRE,BRE","AVL,NFO",AVL-BHA-LEE-LIV-NFO,5,1+1+1+1+1,0,2.4792,100.0,12.5,-0.1076,2.525456,False,
BRE-BRE-BHA-LEE-MCI,4,2+1+1+1,0,2.7273,3.0,2.5,0.4598,2,"BRE,BRE","COV,FUL",BHA-COV-FUL-LEE-MCI,5,1+1+1+1+1,0,2.4792,100.0,12.5,-0.149,2.525456,False,
BRE-BHA-CRY-LEE-LIV,5,1+1+1+1+1,0,2.7273,3.0,2.5,0.4598,2,"BRE,CRY","AVL,NFO",AVL-BHA-LEE-LIV-NFO,5,1+1+1+1+1,0,2.4792,100.0,12.5,-0.1076,2.525456,False,
BRE-BHA-CRY-LEE-MCI,5,1+1+1+1+1,0,2.7273,3.0,2.5,0.4598,2,"BRE,CRY","COV,FUL",BHA-COV-FUL-LEE-MCI,5,1+1+1+1+1,0,2.4792,100.0,12.5,-0.149,2.525456,False,
BRE-BHA-LEE-LIV-LIV,4,2+1+1+1,0,2.7273,3.0,2.5,0.4598,2,"BRE,LIV","AVL,NFO",AVL-BHA-LEE-LIV-NFO,5,1+1+1+1+1,0,2.4792,100.0,12.5,-0.1076,2.525456,False,
BRE-BHA-LEE-MCI-MCI,4,2+1+1+1,0,2.7273,3.0,2.5,0.4598,2,"BRE,MCI","COV,FUL",BHA-COV-FUL-LEE-MCI,5,1+1+1+1+1,0,2.4792,100.0,12.5,-0.149,2.525456,False,
BHA-CRY-LEE-LIV-MCI,5,1+1+1+1+1,0,2.7273,3.0,2.5,0.4598,2,"BHA,LEE","AVL,NEW",AVL-CRY-LIV-MCI-NEW,5,1+1+1+1+1,0,2.4792,100.0,12.5,-0.1535,2.525456,False,
BHA-LEE-LIV-LIV-MCI,4,2+1+1+1,0,2.7273,3.0,2.5,0.4598,2,"LIV,LIV","COV,FUL",BHA-COV-FUL-LEE-MCI,5,1+1+1+1+1,0,2.4792,100.0,12.5,-0.149,2.525456,False,
BHA-LEE-LIV-MCI-MCI,4,2+1+1+1,0,2.7273,3.0,2.5,0.4598,2,"LIV,MCI","COV,FUL",BHA-COV-FUL-LEE-MCI,5,1+1+1+1+1,0,2.4792,100.0,12.5,-0.149,2.525456,False,
BRE-BHA-LEE-LIV-MCI,5,1+1+1+1+1,0,2.7273,3.0,2.5,0.5598,2,"BRE,LIV","COV,FUL",BHA-COV-FUL-LEE-MCI,5,1+1+1+1+1,0,2.4792,100.0,12.5,-0.149,2.525456,False,
BRE-CRY-CRY-LIV-MCI,4,2+1+1+1,0,2.7273,3.0,2.5,0.6,2,"BRE,CRY","AVL,NEW",AVL-CRY-LIV-MCI-NEW,5,1+1+1+1+1,0,2.4792,100.0,12.5,-0.1535,2.525456,False,
AVL-BRE-BRE-CRY-LIV,4,2+1+1+1,0,2.7273,3.0,2.5,0.6964,2,"BRE,BRE","BOU,NEW",AVL-BOU-CRY-LIV-NEW,5,1+1+1+1+1,0,2.4792,100.0,6.2,-0.1674,2.525456,False,
AVL-BRE-BRE-CRY-MCI,4,2+1+1+1,0,2.7273,3.0,2.5,0.6964,2,"BRE,BRE","LIV,NEW",AVL-CRY-LIV-MCI-NEW,5,1+1+1+1+1,0,2.4792,100.0,12.5,-0.1535,2.525456,False,
AVL-BRE-CRY-LIV-LIV,4,2+1+1+1,0,2.7273,3.0,2.5,0.6964,2,"BRE,LIV","BOU,NEW",AVL-BOU-CRY-LIV-NEW,5,1+1+1+1+1,0,2.4792,100.0,6.2,-0.1674,2.525456,False,
AVL-BRE-CRY-MCI-MCI,4,2+1+1+1,0,2.7273,3.0,2.5,0.6964,2,"BRE,MCI","LIV,NEW",AVL-CRY-LIV-MCI-NEW,5,1+1+1+1+1,0,2.4792,100.0,12.5,-0.1535,2.525456,False,
BRE-BRE-BHA-CRY-LIV,4,2+1+1+1,0,2.7273,3.0,2.5,0.6964,2,"BRE,BRE","BOU,NFO",BOU-BHA-CRY-LIV-NFO,5,1+1+1+1+1,0,2.4792,100.0,18.8,-0.1001,2.525456,False,
BRE-BRE-BHA-CRY-MCI,4,2+1+1+1,0,2.7273,3.0,2.5,0.6964,2,"BRE,BRE","LIV,NFO",BHA-CRY-LIV-MCI-NFO,5,1+1+1+1+1,0,2.4792,100.0,25.0,-0.0977,2.525456,False,
BRE-BHA-CRY-LIV-LIV,4,2+1+1+1,0,2.7273,3.0,2.5,0.6964,2,"BRE,LIV","BOU,NFO",BOU-BHA-CRY-LIV-NFO,5,1+1+1+1+1,0,2.4792,100.0,18.8,-0.1001,2.525456,False,
BRE-BHA-CRY-MCI-MCI,4,2+1+1+1,0,2.7273,3.0,2.5,0.6964,2,"BRE,MCI","LIV,NFO",BHA-CRY-LIV-MCI-NFO,5,1+1+1+1+1,0,2.4792,100.0,25.0,-0.0977,2.525456,False,
BHA-CRY-LIV-LIV-MCI,4,2+1+1+1,0,2.7273,3.0,2.5,0.6964,2,"BHA,LIV","AVL,NEW",AVL-CRY-LIV-MCI-NEW,5,1+1+1+1+1,0,2.4792,100.0,12.5,-0.1535,2.525456,False,
BHA-CRY-LIV-MCI-MCI,4,2+1+1+1,0,2.7273,3.0,2.5,0.6964,2,"BHA,MCI","AVL,NEW",AVL-CRY-LIV-MCI-NEW,5,1+1+1+1+1,0,2.4792,100.0,12.5,-0.1535,2.525456,False,
BRE-BRE-CRY-LIV-MCI,4,2+1+1+1,0,2.7273,3.0,2.5,0.7,2,"BRE,BRE","AVL,NEW",AVL-CRY-LIV-MCI-NEW,5,1+1+1+1+1,0,2.4792,100.0,12.5,-0.1535,2.525456,False,
BRE-CRY-LIV-LIV-MCI,4,2+1+1+1,0,2.7273,3.0,2.5,0.7,2,"BRE,LIV","AVL,NEW",AVL-CRY-LIV-MCI-NEW,5,1+1+1+1+1,0,2.4792,100.0,12.5,-0.1535,2.525456,False,
BRE-CRY-LIV-MCI-MCI,4,2+1+1+1,0,2.7273,3.0,2.5,0.7,2,"BRE,MCI","AVL,NEW",AVL-CRY-LIV-MCI-NEW,5,1+1+1+1+1,0,2.4792,100.0,12.5,-0.1535,2.525456,False,
BRE-BHA-CRY-LIV-MCI,5,1+1+1+1+1,0,2.7273,3.0,2.5,0.7964,2,"BHA,BRE","AVL,NEW",AVL-CRY-LIV-MCI-NEW,5,1+1+1+1+1,0,2.4792,100.0,12.5,-0.1535,2.525456,False,
BRE-BHA-BHA-LIV-MCI,4,2+1+1+1,0,2.7273,3.0,2.5,0.8196,2,"BHA,BRE","NEW,NFO",BHA-LIV-MCI-NEW-NFO,5,1+1+1+1+1,0,2.4792,100.0,12.5,-0.1303,2.525456,False,
BRE-BRE-BHA-LIV-MCI,4,2+1+1+1,0,2.7273,3.0,2.5,0.8464,2,"BRE,BRE","NEW,NFO",BHA-LIV-MCI-NEW-NFO,5,1+1+1+1+1,0,2.4792,100.0,12.5,-0.1303,2.525456,False,
BRE-BHA-LIV-LIV-MCI,4,2+1+1+1,0,2.7273,3.0,2.5,0.8464,2,"BRE,LIV","NEW,NFO",BHA-LIV-MCI-NEW-NFO,5,1+1+1+1+1,0,2.4792,100.0,12.5,-0.1303,2.525456,False,
BRE-BHA-LIV-MCI-MCI,4,2+1+1+1,0,2.7273,3.0,2.5,0.8464,2,"BRE,MCI","NEW,NFO",BHA-LIV-MCI-NEW-NFO,5,1+1+1+1+1,0,2.4792,100.0,12.5,-0.1303,2.525456,False,
ARS-CRY-CRY-LIV-NFO,4,2+1+1+1,0,2.9091,2.6,3.17,0.4098,2,"ARS,CRY","BOU,EVE",BOU-CRY-EVE-LIV-NFO,5,1+1+1+1+1,0,2.4583,100.0,18.8,-0.1615,2.542347,False,
CRY-CRY-IPS-LIV-NFO,4,2+1+1+1,0,2.9091,2.6,3.17,0.4098,2,"CRY,IPS","BOU,EVE",BOU-CRY-EVE-LIV-NFO,5,1+1+1+1+1,0,2.4583,100.0,18.8,-0.1615,2.542347,False,
ARS-EVE-EVE-LEE-MCI,4,2+1+1+1,0,2.9091,2.8,3.0,-0.15,2,"ARS,EVE","COV,FUL",COV-EVE-FUL-LEE-MCI,5,1+1+1+1+1,0,2.4583,100.0,6.2,-0.1523,2.542347,False,
EVE-EVE-IPS-LEE-MCI,4,2+1+1+1,0,2.9091,2.8,3.0,-0.15,2,"EVE,IPS","COV,FUL",COV-EVE-FUL-LEE-MCI,5,1+1+1+1+1,0,2.4583,100.0,6.2,-0.1523,2.542347,False,
ARS-CHE-EVE-EVE-MCI,4,2+1+1+1,0,2.9091,2.8,3.0,-0.0366,2,"ARS,EVE","LIV,NEW",CHE-EVE-LIV-MCI-NEW,5,1+1+1+1+1,0,2.4583,100.0,12.5,-0.1204,2.542347,False,
CHE-EVE-EVE-IPS-MCI,4,2+1+1+1,0,2.9091,2.8,3.0,-0.0366,2,"EVE,IPS","LIV,NEW",CHE-EVE-LIV-MCI-NEW,5,1+1+1+1+1,0,2.4583,100.0,12.5,-0.1204,2.542347,False,
BHA-CRY-CRY-LIV-NFO,4,2+1+1+1,0,2.9091,2.8,3.0,0.583,2,"BHA,CRY","BOU,EVE",BOU-CRY-EVE-LIV-NFO,5,1+1+1+1+1,0,2.4583,100.0,18.8,-0.1615,2.542347,False,
CHE-EVE-EVE-LEE-MCI,4,2+1+1+1,0,2.9091,3.0,2.83,-0.1055,2,"CHE,EVE","COV,FUL",COV-EVE-FUL-LEE-MCI,5,1+1+1+1+1,0,2.4583,100.0,6.2,-0.1523,2.542347,False,
AVL-CHE-EVE-EVE-LEE,4,2+1+1+1,0,2.9091,3.0,2.83,-0.0824,2,"EVE,EVE","LIV,NFO",AVL-CHE-LEE-LIV-NFO,5,1+1+1+1+1,0,2.4583,100.0,18.8,-0.0971,2.542347,False,
AVL-CHE-CRY-CRY-LEE,4,2+1+1+1,0,2.9091,3.0,2.83,-0.0762,2,"CRY,CRY","LIV,NFO",AVL-CHE-LEE-LIV-NFO,5,1+1+1+1+1,0,2.4583,100.0,18.8,-0.0971,2.542347,False,
AVL-CRY-CRY-LEE-LIV,4,2+1+1+1,0,2.9091,3.0,2.83,0.3598,2,"CRY,CRY","CHE,NFO",AVL-CHE-LEE-LIV-NFO,5,1+1+1+1+1,0,2.4583,100.0,18.8,-0.0971,2.542347,False,
AVL-CRY-CRY-LEE-MCI,4,2+1+1+1,0,2.9091,3.0,2.83,0.3598,2,"CRY,CRY","COV,FUL",AVL-COV-FUL-LEE-MCI,5,1+1+1+1+1,0,2.4583,100.0,6.2,-0.201,2.542347,False,
ARS-IPS-MUN-NFO-NFO,4,2+1+1+1,0,2.6364,2.0,3.17,0.5464,2,"MUN,NFO","BOU,BOU",ARS-BOU-BOU-IPS-NFO,4,2+1+1+1,0,2.5208,100.0,25.0,-0.127,2.542353,False,
ARS-ARS-IPS-LIV-MUN,4,2+1+1+1,0,2.6364,2.2,3.0,0.1,2,"ARS,MUN","BOU,CRY",ARS-BOU-CRY-IPS-LIV,5,1+1+1+1+1,0,2.5208,100.0,6.2,-0.1634,2.542353,False,
ARS-IPS-IPS-LIV-MUN,4,2+1+1+1,0,2.6364,2.2,3.0,0.1,2,"IPS,MUN","BOU,CRY",ARS-BOU-CRY-IPS-LIV,5,1+1+1+1+1,0,2.5208,100.0,6.2,-0.1634,2.542353,False,
ARS-ARS-BHA-MUN-NFO,4,2+1+1+1,0,2.6364,2.2,3.0,0.2366,2,"ARS,MUN","BOU,COV",ARS-BOU-BHA-COV-NFO,5,1+1+1+1+1,0,2.5208,100.0,6.2,-0.114,2.542353,False,
ARS-ARS-IPS-MUN-TOT,4,2+1+1+1,0,2.6364,2.2,3.0,0.25,2,"ARS,MUN","BOU,CHE",ARS-BOU-CHE-IPS-TOT,5,1+1+1+1+1,0,2.5208,100.0,6.2,-0.0922,2.542353,False,
ARS-IPS-IPS-MUN-TOT,4,2+1+1+1,0,2.6364,2.2,3.0,0.25,2,"IPS,MUN","BOU,CHE",ARS-BOU-CHE-IPS-TOT,5,1+1+1+1+1,0,2.5208,100.0,6.2,-0.0922,2.542353,False,
ARS-EVE-MUN-NFO-NFO,4,2+1+1+1,0,2.6364,2.2,3.0,0.3732,2,"ARS,NFO","COV,LIV",COV-EVE-LIV-MUN-NFO,5,1+1+1+1+1,0,2.5208,100.0,18.8,-0.0945,2.542353,False,
EVE-IPS-MUN-NFO-NFO,4,2+1+1+1,0,2.6364,2.2,3.0,0.3732,2,"IPS,NFO","COV,LIV",COV-EVE-LIV-MUN-NFO,5,1+1+1+1+1,0,2.5208,100.0,18.8,-0.0945,2.542353,False,
ARS-ARS-BRE-CRY-SUN,4,2+1+1+1,1,2.6364,2.4,2.83,0.0,2,"ARS,BRE","LIV,MCI",ARS-CRY-LIV-MCI-SUN,5,1+1+1+1+1,1,2.5208,100.0,12.5,-0.1074,2.542353,False,
ARS-ARS-BRE-EVE-SUN,4,2+1+1+1,1,2.6364,2.4,2.83,0.0,2,"ARS,BRE","BOU,CHE",ARS-BOU-CHE-EVE-SUN,5,1+1+1+1+1,1,2.5208,100.0,18.8,-0.0028,2.542353,False,
ARS-ARS-CRY-MUN-TOT,4,2+1+1+1,0,2.6364,2.4,2.83,0.0,2,"ARS,MUN","BOU,NFO",ARS-BOU-CRY-NFO-TOT,5,1+1+1+1+1,0,2.5208,100.0,6.2,-0.1505,2.542353,False,
ARS-ARS-CRY-TOT-SUN,4,2+1+1+1,1,2.6364,2.4,2.83,0.0,2,"ARS,SUN","BOU,NFO",ARS-BOU-CRY-NFO-TOT,5,1+1+1+1+1,0,2.5208,100.0,6.2,-0.1505,2.542353,False,
BRE-CRY-IPS-IPS-MUN,4,2+1+1+1,0,2.6364,2.4,2.83,0.0,2,"IPS,MUN","FUL,MCI",BRE-CRY-FUL-IPS-MCI,5,1+1+1+1+1,0,2.5208,100.0,6.2,-0.1383,2.542353,False,
ARS-ARS-BHA-LEE-MUN,4,2+1+1+1,0,2.6364,2.4,2.83,0.0134,2,"ARS,MUN","COV,MCI",ARS-BHA-COV-LEE-MCI,5,1+1+1+1+1,0,2.5208,100.0,12.5,-0.1511,2.542353,False,
ARS-AVL-AVL-IPS-MUN,4,2+1+1+1,0,2.6364,2.4,2.83,0.0268,2,"AVL,MUN","LEE,MCI",ARS-AVL-IPS-LEE-MCI,5,1+1+1+1+1,0,2.5208,100.0,6.2,-0.1765,2.542353,False,
ARS-BHA-BHA-MUN-NFO,4,2+1+1+1,0,2.6364,2.4,2.83,0.0634,2,"BHA,MUN","BOU,COV",ARS-BOU-BHA-COV-NFO,5,1+1+1+1+1,0,2.5208,100.0,6.2,-0.114,2.542353,False,
ARS-BRE-BRE-IPS-NFO,4,2+1+1+1,0,2.6364,2.4,2.83,0.0732,2,"BRE,BRE","BOU,BOU",ARS-BOU-BOU-IPS-NFO,4,2+1+1+1,0,2.5208,100.0,25.0,-0.127,2.542353,False,
BRE-CRY-MUN-NFO-NFO,4,2+1+1+1,0,2.6364,2.4,2.83,0.0732,2,"BRE,NFO","BOU,LIV",BOU-CRY-LIV-MUN-NFO,5,1+1+1+1+1,0,2.5208,100.0,18.8,-0.1221,2.542353,False,
CRY-CRY-MUN-NFO-SUN,4,2+1+1+1,1,2.6364,2.4,2.83,0.0732,2,"CRY,SUN","BOU,LIV",BOU-CRY-LIV-MUN-NFO,5,1+1+1+1+1,0,2.5208,100.0,18.8,-0.1221,2.542353,False,
ARS-BRE-CRY-IPS-MUN,5,1+1+1+1+1,0,2.6364,2.4,2.83,0.1,2,"BRE,MUN","BOU,LIV",ARS-BOU-CRY-IPS-LIV,5,1+1+1+1+1,0,2.5208,100.0,6.2,-0.1634,2.542353,False,
ARS-BRE-EVE-IPS-MUN,5,1+1+1+1+1,0,2.6364,2.4,2.83,0.1,2,"BRE,MUN","BOU,CHE",ARS-BOU-CHE-EVE-IPS,5,1+1+1+1+1,0,2.5208,100.0,12.5,-0.0277,2.542353,False,
ARS-CRY-CRY-MUN-SUN,4,2+1+1+1,1,2.6364,2.4,2.83,0.1,2,"CRY,MUN","LIV,MCI",ARS-CRY-LIV-MCI-SUN,5,1+1+1+1+1,1,2.5208,100.0,12.5,-0.1074,2.542353,False,
ARS-IPS-LEE-LEE-MUN,4,2+1+1+1,0,2.6364,2.4,2.83,0.2,2,"LEE,MUN","AVL,MCI",ARS-AVL-IPS-LEE-MCI,5,1+1+1+1+1,0,2.5208,100.0,6.2,-0.1765,2.542353,False,
ARS-ARS-CHE-LEE-MUN,4,2+1+1+1,0,2.6364,2.4,2.83,0.2323,2,"ARS,MUN","AVL,COV",ARS-AVL-CHE-COV-LEE,5,1+1+1+1+1,0,2.5208,100.0,6.2,-0.15,2.542353,False,
ARS-ARS-EVE-MUN-TOT,4,2+1+1+1,0,2.6364,2.4,2.83,0.3,2,"ARS,MUN","COV,LEE",ARS-COV-EVE-LEE-TOT,5,1+1+1+1+1,0,2.5208,100.0,6.2,-0.1449,2.542353,False,
EVE-IPS-IPS-MUN-TOT,4,2+1+1+1,0,2.6364,2.4,2.83,0.3,2,"IPS,IPS","LIV,NFO",EVE-LIV-MUN-NFO-TOT,5,1+1+1+1+1,0,2.5208,100.0,12.5,-0.0809,2.542353,False,
ARS-EVE-IPS-MUN-TOT,5,1+1+1+1+1,0,2.6364,2.4,2.83,0.4,2,"IPS,MUN","COV,LEE",ARS-COV-EVE-LEE-TOT,5,1+1+1+1+1,0,2.5208,100.0,6.2,-0.1449,2.542353,False,
ARS-EVE-EVE-MUN-SUN,4,2+1+1+1,1,2.6364,2.4,2.83,0.7,2,"EVE,MUN","BOU,CHE",ARS-BOU-CHE-EVE-SUN,5,1+1+1+1+1,1,2.5208,100.0,18.8,-0.0028,2.542353,False,
ARS-BHA-IPS-TOT-TOT,4,2+1+1+1,0,2.6364,2.6,2.67,-0.2732,2,"BHA,TOT","BOU,CHE",ARS-BOU-CHE-IPS-TOT,5,1+1+1+1+1,0,2.5208,100.0,6.2,-0.0922,2.542353,False,
ARS-ARS-BRE-CHE-LIV,4,2+1+1+1,0,2.6364,2.6,2.67,-0.2512,2,"ARS,LIV","AVL,BOU",ARS-AVL-BOU-BRE-CHE,5,1+1+1+1+1,0,2.5208,100.0,6.2,-0.0705,2.542353,False,
ARS-AVL-AVL-EVE-MUN,4,2+1+1+1,0,2.6364,2.6,2.67,-0.1464,2,"AVL,MUN","COV,LEE",ARS-AVL-COV-EVE-LEE,5,1+1+1+1+1,0,2.5208,100.0,6.2,-0.1441,2.542353,False,
ARS-AVL-AVL-EVE-SUN,4,2+1+1+1,1,2.6364,2.6,2.67,-0.1464,2,"AVL,EVE","LEE,MCI",ARS-AVL-LEE-MCI-SUN,5,1+1+1+1+1,1,2.5208,100.0,6.2,-0.1686,2.542353,False,
ARS-BHA-BHA-EVE-SUN,4,2+1+1+1,1,2.6364,2.6,2.67,-0.1464,2,"ARS,BHA","COV,NFO",BHA-COV-EVE-NFO-SUN,5,1+1+1+1+1,1,2.5208,100.0,12.5,-0.1457,2.542353,False,
ARS-BHA-CRY-MUN-TOT,5,1+1+1+1+1,0,2.6364,2.6,2.67,-0.1366,2,"ARS,MUN","FUL,NFO",BHA-CRY-FUL-NFO-TOT,5,1+1+1+1+1,0,2.5208,100.0,12.5,-0.1548,2.542353,False,
ARS-BHA-BHA-LEE-MUN,4,2+1+1+1,0,2.6364,2.6,2.67,-0.1232,2,"BHA,MUN","COV,MCI",ARS-BHA-COV-LEE-MCI,5,1+1+1+1+1,0,2.5208,100.0,12.5,-0.1511,2.542353,False,
ARS-BRE-BRE-IPS-LEE,4,2+1+1+1,0,2.6364,2.6,2.67,-0.1,2,"BRE,BRE","AVL,MCI",ARS-AVL-IPS-LEE-MCI,5,1+1+1+1+1,0,2.5208,100.0,6.2,-0.1765,2.542353,False,
ARS-BRE-LEE-LEE-SUN,4,2+1+1+1,1,2.6364,2.6,2.67,-0.1,2,"BRE,LEE","AVL,MCI",ARS-AVL-LEE-MCI-SUN,5,1+1+1+1+1,1,2.5208,100.0,6.2,-0.1686,2.542353,False,
AVL-CRY-CRY-MUN-SUN,4,2+1+1+1,1,2.6364,2.6,2.67,-0.1,2,"CRY,SUN","LIV,MCI",AVL-CRY-LIV-MCI-MUN,5,1+1+1+1+1,0,2.5208,100.0,6.2,-0.1515,2.542353,False,
BRE-EVE-EVE-MUN-NFO,4,2+1+1+1,0,2.6364,2.6,2.67,-0.1,2,"BRE,EVE","COV,LIV",COV-EVE-LIV-MUN-NFO,5,1+1+1+1+1,0,2.5208,100.0,18.8,-0.0945,2.542353,False,
BRE-IPS-IPS-LEE-LIV,4,2+1+1+1,0,2.6364,2.6,2.67,-0.1,2,"BRE,IPS","CHE,HUL",CHE-HUL-IPS-LEE-LIV,5,1+1+1+1+1,0,2.5208,100.0,12.5,-0.1502,2.542353,False,
IPS-LEE-LEE-LIV-MUN,4,2+1+1+1,0,2.6364,2.6,2.67,-0.1,2,"LEE,MUN","CHE,HUL",CHE-HUL-IPS-LEE-LIV,5,1+1+1+1+1,0,2.5208,100.0,12.5,-0.1502,2.542353,False,
ARS-BRE-CRY-LEE-MUN,5,1+1+1+1+1,0,2.6364,2.6,2.67,-0.05,2,"BRE,MUN","AVL,LIV",ARS-AVL-CRY-LEE-LIV,5,1+1+1+1+1,0,2.5208,100.0,12.5,-0.1055,2.542353,False,
ARS-BRE-CRY-LEE-SUN,5,1+1+1+1+1,1,2.6364,2.6,2.67,-0.05,2,"BRE,CRY","AVL,MCI",ARS-AVL-LEE-MCI-SUN,5,1+1+1+1+1,1,2.5208,100.0,6.2,-0.1686,2.542353,False,
BRE-CRY-IPS-LEE-MUN,5,1+1+1+1+1,0,2.6364,2.6,2.67,-0.05,2,"BRE,MUN","FUL,TOT",CRY-FUL-IPS-LEE-TOT,5,1+1+1+1+1,0,2.5208,100.0,0.0,-0.1462,2.542353,False,
BRE-EVE-IPS-LEE-MUN,5,1+1+1+1+1,0,2.6364,2.6,2.67,-0.05,2,"BRE,IPS","COV,MCI",COV-EVE-LEE-MCI-MUN,5,1+1+1+1+1,0,2.5208,100.0,6.2,-0.1513,2.542353,False,
ARS-BHA-LEE-LEE-MUN,4,2+1+1+1,0,2.6364,2.6,2.67,-0.0366,2,"LEE,MUN","COV,MCI",ARS-BHA-COV-LEE-MCI,5,1+1+1+1+1,0,2.5208,100.0,12.5,-0.1511,2.542353,False,
ARS-BHA-CHE-CRY-MUN,5,1+1+1+1+1,0,2.6364,2.6,2.67,-0.0104,2,"ARS,MUN","EVE,NFO",BHA-CHE-CRY-EVE-NFO,5,1+1+1+1+1,0,2.5208,100.0,12.5,-0.0531,2.542353,False,
ARS-LEE-LEE-MUN-TOT,4,2+1+1+1,0,2.6364,2.6,2.67,0.05,2,"LEE,MUN","FUL,NFO",ARS-FUL-LEE-NFO-TOT,5,1+1+1+1+1,0,2.5208,100.0,0.0,-0.1654,2.542353,False,
ARS-ARS-BRE-BHA-MCI,4,2+1+1+1,0,2.6364,2.6,2.67,0.0732,2,"ARS,BRE","COV,LEE",ARS-BHA-COV-LEE-MCI,5,1+1+1+1+1,0,2.5208,100.0,12.5,-0.1511,2.542353,False,
ARS-BRE-BRE-BHA-IPS,4,2+1+1+1,0,2.6364,2.6,2.67,0.0732,2,"ARS,BRE","CHE,MCI",BRE-BHA-CHE-IPS-MCI,5,1+1+1+1+1,0,2.5208,100.0,12.5,-0.0344,2.542353,False,
ARS-CHE-CRY-LEE-MUN,5,1+1+1+1+1,0,2.6364,2.6,2.67,0.0878,2,"CRY,MUN","AVL,COV",ARS-AVL-CHE-COV-LEE,5,1+1+1+1+1,0,2.5208,100.0,6.2,-0.15,2.542353,False,
ARS-CHE-CHE-CRY-SUN,4,2+1+1+1,1,2.6364,2.6,2.67,0.1256,2,"ARS,CRY","AVL,NEW",AVL-CHE-CHE-NEW-SUN,4,2+1+1+1,1,2.5208,100.0,18.8,-0.2188,2.542353,False,
ARS-CHE-LEE-LEE-MUN,4,2+1+1+1,0,2.6364,2.6,2.67,0.1634,2,"LEE,MUN","AVL,COV",ARS-AVL-CHE-COV-LEE,5,1+1+1+1+1,0,2.5208,100.0,6.2,-0.15,2.542353,False,
ARS-CHE-CHE-LEE-MUN,4,2+1+1+1,0,2.6364,2.6,2.67,0.2768,2,"CHE,MUN","AVL,COV",ARS-AVL-CHE-COV-LEE,5,1+1+1+1+1,0,2.5208,100.0,6.2,-0.15,2.542353,False,
EVE-LEE-LEE-MUN-SUN,4,2+1+1+1,1,2.6364,2.6,2.67,0.3,2,"LEE,SUN","COV,MCI",COV-EVE-LEE-MCI-MUN,5,1+1+1+1+1,0,2.5208,100.0,6.2,-0.1513,2.542353,False,
EVE-EVE-LEE-MUN-SUN,4,2+1+1+1,1,2.6364,2.6,2.67,0.5,2,"EVE,SUN","COV,MCI",COV-EVE-LEE-MCI-MUN,5,1+1+1+1+1,0,2.5208,100.0,6.2,-0.1513,2.542353,False,
ARS-BRE-CHE-CHE-LIV,4,2+1+1+1,0,2.6364,2.8,2.5,-0.3402,2,"CHE,LIV","AVL,BOU",ARS-AVL-BOU-BRE-CHE,5,1+1+1+1+1,0,2.5208,100.0,6.2,-0.0705,2.542353,False,
ARS-BRE-BHA-CHE-CHE,4,2+1+1+1,0,2.6364,2.8,2.5,-0.311,2,"ARS,CHE","MCI,NEW",BRE-BHA-CHE-MCI-NEW,5,1+1+1+1+1,0,2.5208,100.0,12.5,-0.0963,2.542353,False,
BRE-BRE-EVE-LEE-MUN,4,2+1+1+1,0,2.6364,2.8,2.5,-0.3,2,"BRE,BRE","COV,MCI",COV-EVE-LEE-MCI-MUN,5,1+1+1+1+1,0,2.5208,100.0,6.2,-0.1513,2.542353,False,
CRY-CRY-LIV-MUN-TOT,4,2+1+1+1,0,2.6364,2.8,2.5,-0.3,2,"CRY,TOT","EVE,MCI",CRY-EVE-LIV-MCI-MUN,5,1+1+1+1+1,0,2.5208,100.0,0.0,-0.192,2.542353,False,
BRE-BHA-EVE-EVE-SUN,4,2+1+1+1,1,2.6364,2.8,2.5,-0.2732,2,"BRE,EVE","COV,NFO",BHA-COV-EVE-NFO-SUN,5,1+1+1+1+1,1,2.5208,100.0,12.5,-0.1457,2.542353,False,
BHA-BHA-CRY-MUN-TOT,4,2+1+1+1,0,2.6364,2.8,2.5,-0.2732,2,"BHA,MUN","FUL,NFO",BHA-CRY-FUL-NFO-TOT,5,1+1+1+1+1,0,2.5208,100.0,12.5,-0.1548,2.542353,False,
ARS-BRE-BRE-CHE-LEE,4,2+1+1+1,0,2.6364,2.8,2.5,-0.2701,2,"BRE,BRE","AVL,COV",ARS-AVL-CHE-COV-LEE,5,1+1+1+1+1,0,2.5208,100.0,6.2,-0.15,2.542353,False,
CHE-CRY-CRY-LIV-MUN,4,2+1+1+1,0,2.6364,2.8,2.5,-0.2512,2,"CHE,CRY","EVE,MCI",CRY-EVE-LIV-MCI-MUN,5,1+1+1+1+1,0,2.5208,100.0,0.0,-0.192,2.542353,False,
CHE-CRY-CRY-MCI-MUN,4,2+1+1+1,0,2.6364,2.8,2.5,-0.2512,2,"CHE,CRY","EVE,LIV",CRY-EVE-LIV-MCI-MUN,5,1+1+1+1+1,0,2.5208,100.0,0.0,-0.192,2.542353,False,
CHE-CRY-CRY-MUN-TOT,4,2+1+1+1,0,2.6364,2.8,2.5,-0.2311,2,"CRY,CRY","BOU,NFO",BOU-CHE-MUN-NFO-TOT,5,1+1+1+1+1,0,2.5208,100.0,18.8,-0.0592,2.542353,False,
BHA-BHA-CHE-CRY-MUN,4,2+1+1+1,0,2.6364,2.8,2.5,-0.2275,2,"BHA,MUN","EVE,NFO",BHA-CHE-CRY-EVE-NFO,5,1+1+1+1+1,0,2.5208,100.0,12.5,-0.0531,2.542353,False,
ARS-AVL-EVE-TOT-TOT,4,2+1+1+1,0,2.6364,2.8,2.5,-0.2098,2,"AVL,TOT","COV,LEE",ARS-COV-EVE-LEE-TOT,5,1+1+1+1+1,0,2.5208,100.0,6.2,-0.1449,2.542353,False,
ARS-BHA-EVE-TOT-TOT,4,2+1+1+1,0,2.6364,2.8,2.5,-0.2098,2,"BHA,TOT","COV,LEE",ARS-COV-EVE-LEE-TOT,5,1+1+1+1+1,0,2.5208,100.0,6.2,-0.1449,2.542353,False,
ARS-BRE-BRE-CHE-CRY,4,2+1+1+1,0,2.6364,2.8,2.5,-0.1957,2,"BRE,CRY","AVL,BOU",ARS-AVL-BOU-BRE-CHE,5,1+1+1+1+1,0,2.5208,100.0,6.2,-0.0705,2.542353,False,
BRE-CHE-CRY-LEE-MUN,5,1+1+1+1+1,0,2.6364,2.8,2.5,-0.1756,2,"CRY,MUN","AVL,AVL",AVL-AVL-BRE-CHE-LEE,4,2+1+1+1,0,2.5208,100.0,25.0,-0.0985,2.542353,False,
CHE-CRY-LEE-MCI-MUN,5,1+1+1+1+1,0,2.6364,2.8,2.5,-0.1756,2,"CHE,LEE","EVE,LIV",CRY-EVE-LIV-MCI-MUN,5,1+1+1+1+1,0,2.5208,100.0,0.0,-0.192,2.542353,False,
ARS-AVL-BRE-BRE-EVE,4,2+1+1+1,0,2.6364,2.8,2.5,-0.1634,2,"BRE,EVE","BOU,COV",ARS-AVL-BOU-BRE-COV,5,1+1+1+1+1,0,2.5208,100.0,6.2,-0.1689,2.542353,False,
ARS-BHA-EVE-MCI-MCI,4,2+1+1+1,0,2.6364,2.8,2.5,-0.1634,2,"EVE,MCI","COV,LEE",ARS-BHA-COV-LEE-MCI,5,1+1+1+1+1,0,2.5208,100.0,12.5,-0.1511,2.542353,False,
BRE-BRE-BHA-EVE-IPS,4,2+1+1+1,0,2.6364,2.8,2.5,-0.1634,2,"BRE,EVE","CHE,MCI",BRE-BHA-CHE-IPS-MCI,5,1+1+1+1+1,0,2.5208,100.0,12.5,-0.0344,2.542353,False,
CRY-LEE-LIV-LIV-MUN,4,2+1+1+1,0,2.6364,2.8,2.5,-0.15,2,"LEE,LIV","EVE,MCI",CRY-EVE-LIV-MCI-MUN,5,1+1+1+1+1,0,2.5208,100.0,0.0,-0.192,2.542353,False,
CRY-LEE-MCI-MCI-MUN,4,2+1+1+1,0,2.6364,2.8,2.5,-0.15,2,"LEE,MCI","EVE,LIV",CRY-EVE-LIV-MCI-MUN,5,1+1+1+1+1,0,2.5208,100.0,0.0,-0.192,2.542353,False,
ARS-BRE-BHA-BHA-CHE,4,2+1+1+1,0,2.6364,2.8,2.5,-0.1488,2,"ARS,BHA","MCI,NEW",BRE-BHA-CHE-MCI-NEW,5,1+1+1+1+1,0,2.5208,100.0,12.5,-0.0963,2.542353,False,
BRE-BHA-LEE-LEE-MUN,4,2+1+1+1,0,2.6364,2.8,2.5,-0.1,2,"LEE,MUN","AVL,COV",AVL-BRE-BHA-COV-LEE,5,1+1+1+1+1,0,2.5208,100.0,18.8,-0.0756,2.542353,False,
BRE-CHE-LEE-LEE-MUN,4,2+1+1+1,0,2.6364,2.8,2.5,-0.1,2,"LEE,MUN","AVL,AVL",AVL-AVL-BRE-CHE-LEE,4,2+1+1+1,0,2.5208,100.0,25.0,-0.0985,2.542353,False,
BRE-LEE-LEE-MCI-MUN,4,2+1+1+1,0,2.6364,2.8,2.5,-0.1,2,"BRE,LEE","AVL,COV",AVL-COV-LEE-MCI-MUN,5,1+1+1+1+1,0,2.5208,100.0,6.2,-0.1807,2.542353,False,
CHE-LEE-LEE-MCI-MUN,4,2+1+1+1,0,2.6364,2.8,2.5,-0.1,2,"CHE,LEE","AVL,COV",AVL-COV-LEE-MCI-MUN,5,1+1+1+1+1,0,2.5208,100.0,6.2,-0.1807,2.542353,False,
LEE-LEE-LIV-MUN-TOT,4,2+1+1+1,0,2.6364,2.8,2.5,-0.1,2,"LEE,LEE","EVE,NFO",EVE-LIV-MUN-NFO-TOT,5,1+1+1+1+1,0,2.5208,100.0,12.5,-0.0809,2.542353,False,
LEE-LEE-MCI-MUN-TOT,4,2+1+1+1,0,2.6364,2.8,2.5,-0.1,2,"LEE,TOT","AVL,COV",AVL-COV-LEE-MCI-MUN,5,1+1+1+1+1,0,2.5208,100.0,6.2,-0.1807,2.542353,False,
ARS-BRE-BHA-EVE-MCI,5,1+1+1+1+1,0,2.6364,2.8,2.5,-0.0634,2,"BRE,EVE","COV,LEE",ARS-BHA-COV-LEE-MCI,5,1+1+1+1+1,0,2.5208,100.0,12.5,-0.1511,2.542353,False,
BRE-CRY-LEE-LIV-MUN,5,1+1+1+1+1,0,2.6364,2.8,2.5,-0.05,2,"BRE,LEE","EVE,MCI",CRY-EVE-LIV-MCI-MUN,5,1+1+1+1+1,0,2.5208,100.0,0.0,-0.192,2.542353,False,
BRE-BHA-CRY-LEE-MUN,5,1+1+1+1+1,0,2.6364,2.8,2.5,-0.0134,2,"CRY,MUN","AVL,COV",AVL-BRE-BHA-COV-LEE,5,1+1+1+1+1,0,2.5208,100.0,18.8,-0.0756,2.542353,False,
BRE-CRY-CRY-LIV-MUN,4,2+1+1+1,0,2.6364,2.8,2.5,0.0,2,"BRE,CRY","EVE,MCI",CRY-EVE-LIV-MCI-MUN,5,1+1+1+1+1,0,2.5208,100.0,0.0,-0.192,2.542353,False,
AVL-EVE-EVE-MUN-TOT,4,2+1+1+1,0,2.6364,2.8,2.5,0.0036,2,"AVL,EVE","LIV,NFO",EVE-LIV-MUN-NFO-TOT,5,1+1+1+1+1,0,2.5208,100.0,12.5,-0.0809,2.542353,False,
BHA-EVE-EVE-MUN-TOT,4,2+1+1+1,0,2.6364,2.8,2.5,0.0036,2,"BHA,EVE","LIV,NFO",EVE-LIV-MUN-NFO-TOT,5,1+1+1+1+1,0,2.5208,100.0,12.5,-0.0809,2.542353,False,
CHE-CRY-MUN-TOT-TOT,4,2+1+1+1,0,2.6364,2.8,2.5,0.0201,2,"CRY,TOT","BOU,NFO",BOU-CHE-MUN-NFO-TOT,5,1+1+1+1+1,0,2.5208,100.0,18.8,-0.0592,2.542353,False,
BRE-BRE-IPS-LEE-LIV,4,2+1+1+1,0,2.6364,2.8,2.5,0.05,2,"BRE,BRE","CHE,HUL",CHE-HUL-IPS-LEE-LIV,5,1+1+1+1+1,0,2.5208,100.0,12.5,-0.1502,2.542353,False,
BRE-IPS-LEE-LIV-LIV,4,2+1+1+1,0,2.6364,2.8,2.5,0.05,2,"BRE,LIV","CHE,HUL",CHE-HUL-IPS-LEE-LIV,5,1+1+1+1+1,0,2.5208,100.0,12.5,-0.1502,2.542353,False,
ARS-BRE-BRE-BHA-LEE,4,2+1+1+1,0,2.6364,2.8,2.5,0.0732,2,"BRE,BRE","COV,MCI",ARS-BHA-COV-LEE-MCI,5,1+1+1+1+1,0,2.5208,100.0,12.5,-0.1511,2.542353,False,
CHE-CHE-CRY-MUN-TOT,4,2+1+1+1,0,2.6364,2.8,2.5,0.089,2,"CHE,CRY","BOU,NFO",BOU-CHE-MUN-NFO-TOT,5,1+1+1+1+1,0,2.5208,100.0,18.8,-0.0592,2.542353,False,
ARS-BRE-BRE-BHA-MCI,4,2+1+1+1,0,2.6364,2.8,2.5,0.3098,2,"BRE,BRE","COV,LEE",ARS-BHA-COV-LEE-MCI,5,1+1+1+1+1,0,2.5208,100.0,12.5,-0.1511,2.542353,False,
ARS-BRE-BHA-MCI-MCI,4,2+1+1+1,0,2.6364,2.8,2.5,0.3098,2,"BRE,MCI","COV,LEE",ARS-BHA-COV-LEE-MCI,5,1+1+1+1+1,0,2.5208,100.0,12.5,-0.1511,2.542353,False,
BRE-BHA-CHE-CHE-CRY,4,2+1+1+1,0,2.6364,3.0,2.33,-0.3134,2,"CHE,CRY","MCI,NEW",BRE-BHA-CHE-MCI-NEW,5,1+1+1+1+1,0,2.5208,100.0,12.5,-0.0963,2.542353,False,
BRE-BRE-BHA-CHE-CRY,4,2+1+1+1,0,2.6364,3.0,2.33,-0.003,2,"BRE,CRY","MCI,NEW",BRE-BHA-CHE-MCI-NEW,5,1+1+1+1+1,0,2.5208,100.0,12.5,-0.0963,2.542353,False,
BRE-CRY-NFO-SUN-SUN,4,2+1+1+1,2,2.4545,2.4,2.5,-0.1634,2,"SUN,SUN","BOU,MUN",BOU-BRE-CRY-MUN-NFO,5,1+1+1+1+1,0,2.5625,100.0,12.5,-0.1132,2.542364,False,
CRY-LEE-MUN-MUN-SUN,4,2+1+1+1,1,2.4545,2.4,2.5,0.05,2,"LEE,MUN","BOU,TOT",BOU-CRY-MUN-TOT-SUN,5,1+1+1+1+1,1,2.5625,100.0,0.0,-0.1345,2.542364,False,
CRY-LEE-MUN-SUN-SUN,4,2+1+1+1,2,2.4545,2.4,2.5,0.05,2,"LEE,SUN","BOU,TOT",BOU-CRY-MUN-TOT-SUN,5,1+1+1+1+1,1,2.5625,100.0,0.0,-0.1345,2.542364,False,
BRE-BRE-CRY-MUN-SUN,4,2+1+1+1,1,2.4545,2.6,2.33,-0.3,2,"BRE,SUN","AVL,MCI",AVL-BRE-CRY-MCI-MUN,5,1+1+1+1+1,0,2.5625,100.0,6.2,-0.1563,2.542364,False,
BRE-BRE-LEE-MUN-SUN,4,2+1+1+1,1,2.4545,2.6,2.33,-0.3,2,"BRE,SUN","AVL,COV",AVL-BRE-COV-LEE-MUN,5,1+1+1+1+1,0,2.5625,100.0,6.2,-0.1518,2.542364,False,
ARS-BRE-BRE-BHA-MUN,4,2+1+1+1,0,2.4545,2.6,2.33,-0.1634,2,"ARS,BRE","COV,MCI",BRE-BHA-COV-MCI-MUN,5,1+1+1+1+1,0,2.5625,100.0,6.2,-0.1622,2.542364,False,
ARS-CRY-MUN-NFO-NFO,4,2+1+1+1,0,2.7273,2.2,3.17,0.3964,2,"MUN,NFO","BOU,LIV",ARS-BOU-CRY-LIV-NFO,5,1+1+1+1+1,0,2.5,100.0,18.8,-0.1062,2.542378,False,
ARS-CRY-NFO-NFO-SUN,4,2+1+1+1,1,2.7273,2.2,3.17,0.3964,2,"NFO,SUN","BOU,LIV",ARS-BOU-CRY-LIV-NFO,5,1+1+1+1+1,0,2.5,100.0,18.8,-0.1062,2.542378,False,
CRY-IPS-MUN-NFO-NFO,4,2+1+1+1,0,2.7273,2.2,3.17,0.3964,2,"MUN,NFO","BOU,FUL",BOU-CRY-FUL-IPS-NFO,5,1+1+1+1+1,0,2.5,100.0,12.5,-0.1424,2.542378,False,
ARS-ARS-CRY-MUN-NFO,4,2+1+1+1,0,2.7273,2.2,3.17,0.4098,2,"ARS,MUN","BOU,LIV",ARS-BOU-CRY-LIV-NFO,5,1+1+1+1+1,0,2.5,100.0,18.8,-0.1062,2.542378,False,
ARS-ARS-CRY-NFO-SUN,4,2+1+1+1,1,2.7273,2.2,3.17,0.4098,2,"ARS,SUN","BOU,LIV",ARS-BOU-CRY-LIV-NFO,5,1+1+1+1+1,0,2.5,100.0,18.8,-0.1062,2.542378,False,
CRY-IPS-IPS-MUN-NFO,4,2+1+1+1,0,2.7273,2.2,3.17,0.4098,2,"IPS,MUN","BOU,FUL",BOU-CRY-FUL-IPS-NFO,5,1+1+1+1+1,0,2.5,100.0,12.5,-0.1424,2.542378,False,
ARS-CRY-IPS-MUN-NFO,5,1+1+1+1+1,0,2.7273,2.2,3.17,0.5098,2,"ARS,MUN","BOU,FUL",BOU-CRY-FUL-IPS-NFO,5,1+1+1+1+1,0,2.5,100.0,12.5,-0.1424,2.542378,False,
ARS-ARS-BHA-NFO-TOT,4,2+1+1+1,0,2.7273,2.4,3.0,-0.05,2,"ARS,ARS","FUL,LEE",BHA-FUL-LEE-NFO-TOT,5,1+1+1+1+1,0,2.5,100.0,0.0,-0.1679,2.542378,False,
BHA-IPS-IPS-NFO-TOT,4,2+1+1+1,0,2.7273,2.4,3.0,-0.05,2,"IPS,IPS","FUL,LEE",BHA-FUL-LEE-NFO-TOT,5,1+1+1+1+1,0,2.5,100.0,0.0,-0.1679,2.542378,False,
ARS-ARS-BRE-IPS-MCI,4,2+1+1+1,0,2.7273,2.4,3.0,-0.0,2,"ARS,ARS","CHE,FUL",BRE-CHE-FUL-IPS-MCI,5,1+1+1+1+1,0,2.5,100.0,6.2,-0.0918,2.542378,False,
ARS-BRE-IPS-IPS-MCI,4,2+1+1+1,0,2.7273,2.4,3.0,-0.0,2,"ARS,IPS","CHE,FUL",BRE-CHE-FUL-IPS-MCI,5,1+1+1+1+1,0,2.5,100.0,6.2,-0.0918,2.542378,False,
ARS-BHA-IPS-NFO-TOT,5,1+1+1+1+1,0,2.7273,2.4,3.0,0.05,2,"ARS,IPS","FUL,LEE",BHA-FUL-LEE-NFO-TOT,5,1+1+1+1+1,0,2.5,100.0,0.0,-0.1679,2.542378,False,
ARS-BRE-EVE-NFO-NFO,4,2+1+1+1,0,2.7273,2.4,3.0,0.0732,2,"BRE,NFO","BOU,LIV",ARS-BOU-EVE-LIV-NFO,5,1+1+1+1+1,0,2.5,93.8,25.0,-0.0397,2.542378,False,
BRE-EVE-IPS-NFO-NFO,4,2+1+1+1,0,2.7273,2.4,3.0,0.0732,2,"BRE,NFO","BOU,CHE",BOU-CHE-EVE-IPS-NFO,5,1+1+1+1+1,0,2.5,93.8,12.5,-0.0777,2.542378,False,
ARS-ARS-AVL-CRY-MUN,4,2+1+1+1,0,2.7273,2.4,3.0,0.15,2,"ARS,MUN","BOU,LIV",ARS-AVL-BOU-CRY-LIV,5,1+1+1+1+1,0,2.5,100.0,0.0,-0.1373,2.542378,False,
ARS-ARS-AVL-CRY-SUN,4,2+1+1+1,1,2.7273,2.4,3.0,0.15,2,"ARS,SUN","BOU,LIV",ARS-AVL-BOU-CRY-LIV,5,1+1+1+1+1,0,2.5,100.0,0.0,-0.1373,2.542378,False,
ARS-ARS-BHA-CRY-SUN,4,2+1+1+1,1,2.7273,2.4,3.0,0.15,2,"ARS,ARS","LIV,MCI",BHA-CRY-LIV-MCI-SUN,5,1+1+1+1+1,1,2.5,100.0,18.8,-0.1215,2.542378,False,
BHA-CRY-IPS-IPS-MUN,4,2+1+1+1,0,2.7273,2.4,3.0,0.15,2,"IPS,MUN","LIV,MCI",BHA-CRY-IPS-LIV-MCI,5,1+1+1+1+1,0,2.5,100.0,18.8,-0.1071,2.542378,False,
ARS-ARS-BRE-BHA-NFO,4,2+1+1+1,0,2.7273,2.4,3.0,0.2098,2,"ARS,ARS","AVL,LIV",AVL-BRE-BHA-LIV-NFO,5,1+1+1+1+1,0,2.5,100.0,12.5,-0.09,2.542378,False,
BRE-BHA-IPS-IPS-NFO,4,2+1+1+1,0,2.7273,2.4,3.0,0.2098,2,"BRE,IPS","BOU,LIV",BOU-BHA-IPS-LIV-NFO,5,1+1+1+1+1,0,2.5,100.0,6.2,-0.104,2.542378,False,
AVL-CRY-MUN-NFO-NFO,4,2+1+1+1,0,2.7273,2.4,3.0,0.2232,2,"CRY,NFO","BOU,LIV",AVL-BOU-LIV-MUN-NFO,5,1+1+1+1+1,0,2.5,100.0,12.5,-0.0977,2.542378,False,
ARS-AVL-CRY-IPS-MUN,5,1+1+1+1+1,0,2.7273,2.4,3.0,0.25,2,"IPS,MUN","BOU,LIV",ARS-AVL-BOU-CRY-LIV,5,1+1+1+1+1,0,2.5,100.0,0.0,-0.1373,2.542378,False,
ARS-BHA-CRY-IPS-MUN,5,1+1+1+1+1,0,2.7273,2.4,3.0,0.25,2,"ARS,MUN","LIV,MCI",BHA-CRY-IPS-LIV-MCI,5,1+1+1+1+1,0,2.5,100.0,18.8,-0.1071,2.542378,False,
ARS-ARS-EVE-LEE-MUN,4,2+1+1+1,0,2.7273,2.4,3.0,0.3,2,"ARS,MUN","COV,LIV",ARS-COV-EVE-LEE-LIV,5,1+1+1+1+1,0,2.5,100.0,12.5,-0.1182,2.542378,False,
ARS-ARS-EVE-LEE-SUN,4,2+1+1+1,1,2.7273,2.4,3.0,0.3,2,"ARS,SUN","COV,LIV",ARS-COV-EVE-LEE-LIV,5,1+1+1+1+1,0,2.5,100.0,12.5,-0.1182,2.542378,False,
ARS-BRE-BHA-IPS-NFO,5,1+1+1+1+1,0,2.7273,2.4,3.0,0.3098,2,"ARS,BRE","BOU,LIV",BOU-BHA-IPS-LIV-NFO,5,1+1+1+1+1,0,2.5,100.0,6.2,-0.104,2.542378,False,
ARS-EVE-IPS-LEE-MUN,5,1+1+1+1+1,0,2.7273,2.4,3.0,0.4,2,"IPS,MUN","COV,LIV",ARS-COV-EVE-LEE-LIV,5,1+1+1+1+1,0,2.5,100.0,12.5,-0.1182,2.542378,False,
ARS-ARS-CHE-EVE-MUN,4,2+1+1+1,0,2.7273,2.4,3.0,0.5268,2,"ARS,MUN","BOU,COV",ARS-BOU-CHE-COV-EVE,5,1+1+1+1+1,0,2.5,100.0,12.5,-0.0319,2.542378,False,
ARS-ARS-BRE-EVE-MCI,4,2+1+1+1,0,2.7273,2.6,2.83,-0.2,2,"ARS,ARS","COV,FUL",BRE-COV-EVE-FUL-MCI,5,1+1+1+1+1,0,2.5,93.8,18.8,-0.101,2.542378,False,
ARS-ARS-CRY-LIV-TOT,4,2+1+1+1,0,2.7273,2.6,2.83,-0.2,2,"ARS,TOT","AVL,BOU",ARS-AVL-BOU-CRY-LIV,5,1+1+1+1+1,0,2.5,100.0,0.0,-0.1373,2.542378,False,
ARS-ARS-CRY-MCI-TOT,4,2+1+1+1,0,2.7273,2.6,2.83,-0.2,2,"ARS,ARS","FUL,NEW",CRY-FUL-MCI-NEW-TOT,5,1+1+1+1+1,0,2.5,100.0,12.5,-0.1535,2.542378,False,
ARS-ARS-EVE-MCI-TOT,4,2+1+1+1,0,2.7273,2.6,2.83,-0.2,2,"ARS,EVE","COV,FUL",ARS-COV-FUL-MCI-TOT,5,1+1+1+1+1,0,2.5,100.0,18.8,-0.0502,2.542378,False,
ARS-CRY-IPS-TOT-TOT,4,2+1+1+1,0,2.7273,2.6,2.83,-0.2,2,"ARS,TOT","FUL,MCI",CRY-FUL-IPS-MCI-TOT,5,1+1+1+1+1,0,2.5,100.0,18.8,-0.1406,2.542378,False,
CRY-IPS-IPS-LIV-TOT,4,2+1+1+1,0,2.7273,2.6,2.83,-0.2,2,"IPS,TOT","BOU,NEW",BOU-CRY-IPS-LIV-NEW,5,1+1+1+1+1,0,2.5,100.0,12.5,-0.1567,2.542378,False,
ARS-ARS-BHA-LEE-TOT,4,2+1+1+1,0,2.7273,2.6,2.83,-0.1866,2,"ARS,ARS","FUL,NFO",BHA-FUL-LEE-NFO-TOT,5,1+1+1+1+1,0,2.5,100.0,0.0,-0.1679,2.542378,False,
BHA-IPS-IPS-LEE-TOT,4,2+1+1+1,0,2.7273,2.6,2.83,-0.1866,2,"BHA,IPS","CHE,FUL",CHE-FUL-IPS-LEE-TOT,5,1+1+1+1+1,0,2.5,100.0,6.2,-0.176,2.542378,False,
ARS-AVL-AVL-IPS-TOT,4,2+1+1+1,0,2.7273,2.6,2.83,-0.1732,2,"ARS,AVL","CHE,LEE",AVL-CHE-IPS-LEE-TOT,5,1+1+1+1+1,0,2.5,100.0,18.8,-0.0867,2.542378,False,
ARS-ARS-BHA-CHE-TOT,4,2+1+1+1,0,2.7273,2.6,2.83,-0.1714,2,"ARS,ARS","NFO,NFO",BHA-CHE-NFO-NFO-TOT,4,2+1+1+1,0,2.5,100.0,18.8,-0.1594,2.542378,False,
BRE-BHA-CHE-IPS-IPS,4,2+1+1+1,0,2.7273,2.6,2.83,-0.1683,2,"BRE,IPS","BOU,NFO",BOU-BHA-CHE-IPS-NFO,5,1+1+1+1+1,0,2.5,100.0,6.2,-0.0956,2.542378,False,
ARS-ARS-CHE-LEE-MCI,4,2+1+1+1,0,2.7273,2.6,2.83,-0.1567,2,"ARS,CHE","AVL,COV",ARS-AVL-COV-LEE-MCI,5,1+1+1+1+1,0,2.5,100.0,6.2,-0.1997,2.542378,False,
BRE-CHE-IPS-IPS-LEE,4,2+1+1+1,0,2.7273,2.6,2.83,-0.1567,2,"BRE,IPS","FUL,TOT",CHE-FUL-IPS-LEE-TOT,5,1+1+1+1+1,0,2.5,100.0,6.2,-0.176,2.542378,False,
CRY-CRY-IPS-MUN-TOT,4,2+1+1+1,0,2.7273,2.6,2.83,-0.15,2,"CRY,MUN","FUL,MCI",CRY-FUL-IPS-MCI-TOT,5,1+1+1+1+1,0,2.5,100.0,18.8,-0.1406,2.542378,False,
ARS-BHA-BHA-NFO-TOT,4,2+1+1+1,0,2.7273,2.6,2.83,-0.1232,2,"ARS,BHA","FUL,LEE",BHA-FUL-LEE-NFO-TOT,5,1+1+1+1+1,0,2.5,100.0,0.0,-0.1679,2.542378,False,
BHA-BHA-IPS-NFO-TOT,4,2+1+1+1,0,2.7273,2.6,2.83,-0.1232,2,"BHA,IPS","FUL,LEE",BHA-FUL-LEE-NFO-TOT,5,1+1+1+1+1,0,2.5,100.0,0.0,-0.1679,2.542378,False,
ARS-BRE-CHE-CHE-IPS,4,2+1+1+1,0,2.7273,2.6,2.83,-0.1134,2,"ARS,BRE","AVL,NFO",AVL-CHE-CHE-IPS-NFO,4,2+1+1+1,0,2.5,100.0,18.8,-0.1637,2.542378,False,
ARS-CRY-IPS-LIV-TOT,5,1+1+1+1+1,0,2.7273,2.6,2.83,-0.1,2,"ARS,TOT","BOU,NEW",BOU-CRY-IPS-LIV-NEW,5,1+1+1+1+1,0,2.5,100.0,12.5,-0.1567,2.542378,False,
ARS-BHA-IPS-LEE-TOT,5,1+1+1+1+1,0,2.7273,2.6,2.83,-0.0866,2,"ARS,BHA","CHE,FUL",CHE-FUL-IPS-LEE-TOT,5,1+1+1+1+1,0,2.5,100.0,6.2,-0.176,2.542378,False,
ARS-BRE-BHA-CHE-IPS,5,1+1+1+1+1,0,2.7273,2.6,2.83,-0.0683,2,"ARS,BRE","BOU,NFO",BOU-BHA-CHE-IPS-NFO,5,1+1+1+1+1,0,2.5,100.0,6.2,-0.0956,2.542378,False,
ARS-BRE-CHE-IPS-LEE,5,1+1+1+1+1,0,2.7273,2.6,2.83,-0.0567,2,"ARS,BRE","FUL,TOT",CHE-FUL-IPS-LEE-TOT,5,1+1+1+1+1,0,2.5,100.0,6.2,-0.176,2.542378,False,
CHE-CRY-CRY-MUN-NFO,4,2+1+1+1,0,2.7273,2.6,2.83,-0.0162,2,"CRY,MUN","EVE,FUL",CHE-CRY-EVE-FUL-NFO,5,1+1+1+1+1,0,2.5,100.0,12.5,-0.1245,2.542378,False,
ARS-ARS-AVL-BRE-LEE,4,2+1+1+1,0,2.7273,2.6,2.83,-0.0134,2,"ARS,BRE","COV,MCI",ARS-AVL-COV-LEE-MCI,5,1+1+1+1+1,0,2.5,100.0,6.2,-0.1997,2.542378,False,
AVL-BRE-IPS-IPS-LEE,4,2+1+1+1,0,2.7273,2.6,2.83,-0.0134,2,"IPS,IPS","AVL,COV",AVL-AVL-BRE-COV-LEE,4,2+1+1+1,0,2.5,100.0,18.8,-0.1548,2.542378,False,
BRE-BHA-IPS-IPS-LEE,4,2+1+1+1,0,2.7273,2.6,2.83,-0.0134,2,"BRE,IPS","FUL,MCI",BHA-FUL-IPS-LEE-MCI,5,1+1+1+1+1,0,2.5,100.0,6.2,-0.1502,2.542378,False,
ARS-CRY-CRY-LIV-MUN,4,2+1+1+1,0,2.7273,2.6,2.83,0.0,2,"CRY,MUN","AVL,BOU",ARS-AVL-BOU-CRY-LIV,5,1+1+1+1+1,0,2.5,100.0,0.0,-0.1373,2.542378,False,
ARS-CRY-CRY-LIV-SUN,4,2+1+1+1,1,2.7273,2.6,2.83,0.0,2,"CRY,SUN","AVL,BOU",ARS-AVL-BOU-CRY-LIV,5,1+1+1+1+1,0,2.5,100.0,0.0,-0.1373,2.542378,False,
ARS-CRY-CRY-MCI-MUN,4,2+1+1+1,0,2.7273,2.6,2.83,0.0,2,"CRY,MUN","AVL,LIV",ARS-AVL-CRY-LIV-MCI,5,1+1+1+1+1,0,2.5,100.0,6.2,-0.1226,2.542378,False,
ARS-CRY-CRY-MCI-SUN,4,2+1+1+1,1,2.7273,2.6,2.83,0.0,2,"CRY,SUN","AVL,LIV",ARS-AVL-CRY-LIV-MCI,5,1+1+1+1+1,0,2.5,100.0,6.2,-0.1226,2.542378,False,
ARS-EVE-EVE-MCI-MUN,4,2+1+1+1,0,2.7273,2.6,2.83,0.0,2,"ARS,EVE","COV,LIV",COV-EVE-LIV-MCI-MUN,5,1+1+1+1+1,0,2.5,100.0,6.2,-0.1541,2.542378,False,
ARS-IPS-LEE-LEE-LIV,4,2+1+1+1,0,2.7273,2.6,2.83,0.0,2,"IPS,LEE","AVL,COV",ARS-AVL-COV-LEE-LIV,5,1+1+1+1+1,0,2.5,100.0,6.2,-0.1536,2.542378,False,
ARS-IPS-LEE-LEE-TOT,4,2+1+1+1,0,2.7273,2.6,2.83,0.0,2,"ARS,LEE","CHE,FUL",CHE-FUL-IPS-LEE-TOT,5,1+1+1+1+1,0,2.5,100.0,6.2,-0.176,2.542378,False,
CRY-CRY-IPS-LIV-MUN,4,2+1+1+1,0,2.7273,2.6,2.83,0.0,2,"CRY,MUN","BOU,NEW",BOU-CRY-IPS-LIV-NEW,5,1+1+1+1+1,0,2.5,100.0,12.5,-0.1567,2.542378,False,
CRY-CRY-IPS-MCI-MUN,4,2+1+1+1,0,2.7273,2.6,2.83,0.0,2,"CRY,MUN","LIV,NEW",CRY-IPS-LIV-MCI-NEW,5,1+1+1+1+1,0,2.5,100.0,12.5,-0.1452,2.542378,False,
EVE-EVE-IPS-LIV-MUN,4,2+1+1+1,0,2.7273,2.6,2.83,0.0,2,"EVE,IPS","BOU,COV",BOU-COV-EVE-LIV-MUN,5,1+1+1+1+1,0,2.5,100.0,12.5,-0.1613,2.542378,False,
ARS-AVL-AVL-CRY-MUN,4,2+1+1+1,0,2.7273,2.6,2.83,0.05,2,"AVL,MUN","BOU,LIV",ARS-AVL-BOU-CRY-LIV,5,1+1+1+1+1,0,2.5,100.0,0.0,-0.1373,2.542378,False,
ARS-AVL-AVL-CRY-SUN,4,2+1+1+1,1,2.7273,2.6,2.83,0.05,2,"AVL,SUN","BOU,LIV",ARS-AVL-BOU-CRY-LIV,5,1+1+1+1+1,0,2.5,100.0,0.0,-0.1373,2.542378,False,
ARS-AVL-CRY-LEE-MUN,5,1+1+1+1+1,0,2.7273,2.6,2.83,0.05,2,"CRY,MUN","COV,MCI",ARS-AVL-COV-LEE-MCI,5,1+1+1+1+1,0,2.5,100.0,6.2,-0.1997,2.542378,False,
ARS-AVL-CRY-LEE-SUN,5,1+1+1+1+1,1,2.7273,2.6,2.83,0.05,2,"CRY,SUN","COV,MCI",ARS-AVL-COV-LEE-MCI,5,1+1+1+1+1,0,2.5,100.0,6.2,-0.1997,2.542378,False,
ARS-BHA-BHA-CRY-SUN,4,2+1+1+1,1,2.7273,2.6,2.83,0.05,2,"ARS,BHA","LIV,MCI",BHA-CRY-LIV-MCI-SUN,5,1+1+1+1+1,1,2.5,100.0,18.8,-0.1215,2.542378,False,
ARS-BHA-CRY-LEE-SUN,5,1+1+1+1+1,1,2.7273,2.6,2.83,0.05,2,"ARS,CRY","COV,MCI",BHA-COV-LEE-MCI-SUN,5,1+1+1+1+1,1,2.5,100.0,18.8,-0.1462,2.542378,False,
AVL-CRY-IPS-LEE-MUN,5,1+1+1+1+1,0,2.7273,2.6,2.83,0.05,2,"IPS,MUN","FUL,TOT",AVL-CRY-FUL-LEE-TOT,5,1+1+1+1+1,0,2.5,100.0,12.5,-0.1346,2.542378,False,
BHA-BHA-CRY-IPS-MUN,4,2+1+1+1,0,2.7273,2.6,2.83,0.05,2,"BHA,MUN","LIV,MCI",BHA-CRY-IPS-LIV-MCI,5,1+1+1+1+1,0,2.5,100.0,18.8,-0.1071,2.542378,False,
BHA-CRY-IPS-LEE-MUN,5,1+1+1+1+1,0,2.7273,2.6,2.83,0.05,2,"CRY,MUN","FUL,MCI",BHA-FUL-IPS-LEE-MCI,5,1+1+1+1+1,0,2.5,100.0,6.2,-0.1502,2.542378,False,
ARS-AVL-BRE-IPS-LEE,5,1+1+1+1+1,0,2.7273,2.6,2.83,0.0866,2,"BRE,IPS","COV,MCI",ARS-AVL-COV-LEE-MCI,5,1+1+1+1+1,0,2.5,100.0,6.2,-0.1997,2.542378,False,
ARS-BRE-BHA-IPS-LEE,5,1+1+1+1+1,0,2.7273,2.6,2.83,0.0866,2,"ARS,BRE","FUL,MCI",BHA-FUL-IPS-LEE-MCI,5,1+1+1+1+1,0,2.5,100.0,6.2,-0.1502,2.542378,False,
ARS-ARS-BRE-CRY-LIV,4,2+1+1+1,0,2.7273,2.6,2.83,0.1,2,"ARS,BRE","AVL,BOU",ARS-AVL-BOU-CRY-LIV,5,1+1+1+1+1,0,2.5,100.0,0.0,-0.1373,2.542378,False,
ARS-ARS-BRE-CRY-MCI,4,2+1+1+1,0,2.7273,2.6,2.83,0.1,2,"ARS,ARS","AVL,FUL",AVL-BRE-CRY-FUL-MCI,5,1+1+1+1+1,0,2.5,100.0,18.8,-0.1524,2.542378,False,
ARS-CRY-IPS-LIV-LIV,4,2+1+1+1,0,2.7273,2.6,2.83,0.1,2,"ARS,LIV","BOU,NEW",BOU-CRY-IPS-LIV-NEW,5,1+1+1+1+1,0,2.5,100.0,12.5,-0.1567,2.542378,False,
ARS-CRY-IPS-MCI-MCI,4,2+1+1+1,0,2.7273,2.6,2.83,0.1,2,"ARS,MCI","LIV,NEW",CRY-IPS-LIV-MCI-NEW,5,1+1+1+1+1,0,2.5,100.0,12.5,-0.1452,2.542378,False,
BRE-CRY-IPS-IPS-LIV,4,2+1+1+1,0,2.7273,2.6,2.83,0.1,2,"BRE,IPS","BOU,NEW",BOU-CRY-IPS-LIV-NEW,5,1+1+1+1+1,0,2.5,100.0,12.5,-0.1567,2.542378,False,
BRE-CRY-IPS-IPS-MCI,4,2+1+1+1,0,2.7273,2.6,2.83,0.1,2,"IPS,IPS","AVL,FUL",AVL-BRE-CRY-FUL-MCI,5,1+1+1+1+1,0,2.5,100.0,18.8,-0.1524,2.542378,False,
AVL-AVL-CRY-MUN-NFO,4,2+1+1+1,0,2.7273,2.6,2.83,0.1366,2,"AVL,CRY","BOU,LIV",AVL-BOU-LIV-MUN-NFO,5,1+1+1+1+1,0,2.5,100.0,12.5,-0.0977,2.542378,False,
ARS-AVL-AVL-BRE-IPS,4,2+1+1+1,0,2.7273,2.6,2.83,0.1732,2,"ARS,IPS","COV,LEE",AVL-AVL-BRE-COV-LEE,4,2+1+1+1,0,2.5,100.0,18.8,-0.1548,2.542378,False,
ARS-BHA-BHA-IPS-LIV,4,2+1+1+1,0,2.7273,2.6,2.83,0.1732,2,"ARS,BHA","CRY,MCI",BHA-CRY-IPS-LIV-MCI,5,1+1+1+1+1,0,2.5,100.0,18.8,-0.1071,2.542378,False,
ARS-BHA-BHA-IPS-MCI,4,2+1+1+1,0,2.7273,2.6,2.83,0.1732,2,"ARS,BHA","FUL,LEE",BHA-FUL-IPS-LEE-MCI,5,1+1+1+1+1,0,2.5,100.0,6.2,-0.1502,2.542378,False,
ARS-BRE-CRY-IPS-LIV,5,1+1+1+1+1,0,2.7273,2.6,2.83,0.2,2,"ARS,BRE","BOU,NEW",BOU-CRY-IPS-LIV-NEW,5,1+1+1+1+1,0,2.5,100.0,12.5,-0.1567,2.542378,False,
ARS-BRE-CRY-IPS-MCI,5,1+1+1+1+1,0,2.7273,2.6,2.83,0.2,2,"ARS,IPS","AVL,FUL",AVL-BRE-CRY-FUL-MCI,5,1+1+1+1+1,0,2.5,100.0,18.8,-0.1524,2.542378,False,
ARS-EVE-LEE-LEE-MUN,4,2+1+1+1,0,2.7273,2.6,2.83,0.2,2,"LEE,MUN","COV,LIV",ARS-COV-EVE-LEE-LIV,5,1+1+1+1+1,0,2.5,100.0,12.5,-0.1182,2.542378,False,
ARS-EVE-LEE-LEE-SUN,4,2+1+1+1,1,2.7273,2.6,2.83,0.2,2,"LEE,SUN","COV,LIV",ARS-COV-EVE-LEE-LIV,5,1+1+1+1+1,0,2.5,100.0,12.5,-0.1182,2.542378,False,
ARS-BRE-BRE-CRY-NFO,4,2+1+1+1,0,2.7273,2.6,2.83,0.2232,2,"BRE,BRE","BOU,LIV",ARS-BOU-CRY-LIV-NFO,5,1+1+1+1+1,0,2.5,100.0,18.8,-0.1062,2.542378,False,
BRE-BRE-CRY-IPS-NFO,4,2+1+1+1,0,2.7273,2.6,2.83,0.2232,2,"BRE,BRE","BOU,FUL",BOU-CRY-FUL-IPS-NFO,5,1+1+1+1+1,0,2.5,100.0,12.5,-0.1424,2.542378,False,
ARS-BRE-BHA-BHA-NFO,4,2+1+1+1,0,2.7273,2.6,2.83,0.3098,2,"ARS,BHA","AVL,LIV",AVL-BRE-BHA-LIV-NFO,5,1+1+1+1+1,0,2.5,100.0,12.5,-0.09,2.542378,False,
BRE-BHA-BHA-IPS-NFO,4,2+1+1+1,0,2.7273,2.6,2.83,0.3098,2,"BHA,BRE","BOU,LIV",BOU-BHA-IPS-LIV-NFO,5,1+1+1+1+1,0,2.5,100.0,6.2,-0.104,2.542378,False,
ARS-EVE-EVE-TOT-SUN,4,2+1+1+1,1,2.7273,2.6,2.83,0.45,2,"ARS,EVE","CHE,NFO",CHE-EVE-NFO-TOT-SUN,5,1+1+1+1+1,1,2.5,100.0,6.2,-0.1916,2.542378,False,
ARS-CHE-CHE-EVE-MUN,4,2+1+1+1,0,2.7273,2.6,2.83,0.6158,2,"ARS,MUN","NEW,NFO",CHE-CHE-EVE-NEW-NFO,4,2+1+1+1,0,2.5,100.0,25.0,-0.1504,2.542378,False,
ARS-AVL-CRY-TOT-TOT,4,2+1+1+1,0,2.7273,2.8,2.67,-0.3366,2,"TOT,TOT","BOU,LIV",ARS-AVL-BOU-CRY-LIV,5,1+1+1+1+1,0,2.5,100.0,0.0,-0.1373,2.542378,False,
AVL-CRY-IPS-TOT-TOT,4,2+1+1+1,0,2.7273,2.8,2.67,-0.3366,2,"AVL,TOT","FUL,MCI",CRY-FUL-IPS-MCI-TOT,5,1+1+1+1+1,0,2.5,100.0,18.8,-0.1406,2.542378,False,
BHA-CRY-IPS-TOT-TOT,4,2+1+1+1,0,2.7273,2.8,2.67,-0.3366,2,"BHA,TOT","FUL,MCI",CRY-FUL-IPS-MCI-TOT,5,1+1+1+1+1,0,2.5,100.0,18.8,-0.1406,2.542378,False,
ARS-BRE-BRE-CHE-EVE,4,2+1+1+1,0,2.7273,2.8,2.67,-0.3256,2,"BRE,BRE","BOU,COV",ARS-BOU-CHE-COV-EVE,5,1+1+1+1+1,0,2.5,100.0,12.5,-0.0319,2.542378,False,
AVL-AVL-EVE-IPS-TOT,4,2+1+1+1,0,2.7273,2.8,2.67,-0.2964,2,"AVL,EVE","CHE,LEE",AVL-CHE-IPS-LEE-TOT,5,1+1+1+1+1,0,2.5,100.0,18.8,-0.0867,2.542378,False,
ARS-CHE-CHE-CRY-LIV,4,2+1+1+1,0,2.7273,2.8,2.67,-0.2524,2,"CHE,CHE","AVL,BOU",ARS-AVL-BOU-CRY-LIV,5,1+1+1+1+1,0,2.5,100.0,0.0,-0.1373,2.542378,False,
ARS-CHE-CHE-CRY-MCI,4,2+1+1+1,0,2.7273,2.8,2.67,-0.2524,2,"CHE,CHE","AVL,LIV",ARS-AVL-CRY-LIV-MCI,5,1+1+1+1+1,0,2.5,100.0,6.2,-0.1226,2.542378,False,
BRE-CHE-CHE-CRY-IPS,4,2+1+1+1,0,2.7273,2.8,2.67,-0.2524,2,"BRE,CRY","AVL,NFO",AVL-CHE-CHE-IPS-NFO,4,2+1+1+1,0,2.5,100.0,18.8,-0.1637,2.542378,False,
ARS-BRE-BRE-EVE-LEE,4,2+1+1+1,0,2.7273,2.8,2.67,-0.25,2,"BRE,BRE","COV,LIV",ARS-COV-EVE-LEE-LIV,5,1+1+1+1+1,0,2.5,100.0,12.5,-0.1182,2.542378,False,
ARS-CRY-LEE-TOT-TOT,4,2+1+1+1,0,2.7273,2.8,2.67,-0.25,2,"ARS,TOT","AVL,FUL",AVL-CRY-FUL-LEE-TOT,5,1+1+1+1+1,0,2.5,100.0,12.5,-0.1346,2.542378,False,
AVL-CRY-CRY-MUN-TOT,4,2+1+1+1,0,2.7273,2.8,2.67,-0.25,2,"CRY,MUN","FUL,LEE",AVL-CRY-FUL-LEE-TOT,5,1+1+1+1+1,0,2.5,100.0,12.5,-0.1346,2.542378,False,
AVL-CRY-CRY-TOT-SUN,4,2+1+1+1,1,2.7273,2.8,2.67,-0.25,2,"CRY,SUN","FUL,LEE",AVL-CRY-FUL-LEE-TOT,5,1+1+1+1+1,0,2.5,100.0,12.5,-0.1346,2.542378,False,
BRE-BRE-EVE-IPS-LEE,4,2+1+1+1,0,2.7273,2.8,2.67,-0.25,2,"BRE,BRE","COV,MCI",COV-EVE-IPS-LEE-MCI,5,1+1+1+1+1,0,2.5,93.8,18.8,-0.0543,2.542378,False,
BHA-CRY-CRY-TOT-SUN,4,2+1+1+1,1,2.7273,2.8,2.67,-0.25,2,"CRY,CRY","LIV,NFO",BHA-LIV-NFO-TOT-SUN,5,1+1+1+1+1,1,2.5,100.0,18.8,-0.1476,2.542378,False,
CRY-CRY-LEE-MUN-TOT,4,2+1+1+1,0,2.7273,2.8,2.67,-0.25,2,"CRY,MUN","AVL,FUL",AVL-CRY-FUL-LEE-TOT,5,1+1+1+1+1,0,2.5,100.0,12.5,-0.1346,2.542378,False,
CRY-CRY-LEE-TOT-SUN,4,2+1+1+1,1,2.7273,2.8,2.67,-0.25,2,"CRY,CRY","CHE,NFO",CHE-LEE-NFO-TOT-SUN,5,1+1+1+1+1,1,2.5,100.0,12.5,-0.1726,2.542378,False,
CRY-IPS-LEE-TOT-TOT,4,2+1+1+1,0,2.7273,2.8,2.67,-0.25,2,"CRY,TOT","CHE,FUL",CHE-FUL-IPS-LEE-TOT,5,1+1+1+1+1,0,2.5,100.0,6.2,-0.176,2.542378,False,
EVE-IPS-LEE-LIV-LIV,4,2+1+1+1,0,2.7273,2.8,2.67,-0.25,2,"IPS,LIV","CHE,HUL",CHE-EVE-HUL-LEE-LIV,5,1+1+1+1+1,0,2.5,100.0,18.8,-0.136,2.542378,False,
ARS-BHA-BHA-LEE-TOT,4,2+1+1+1,0,2.7273,2.8,2.67,-0.2232,2,"ARS,BHA","FUL,NFO",BHA-FUL-LEE-NFO-TOT,5,1+1+1+1+1,0,2.5,100.0,0.0,-0.1679,2.542378,False,
BHA-BHA-IPS-LEE-TOT,4,2+1+1+1,0,2.7273,2.8,2.67,-0.2232,2,"BHA,BHA","CHE,FUL",CHE-FUL-IPS-LEE-TOT,5,1+1+1+1+1,0,2.5,100.0,6.2,-0.176,2.542378,False,
ARS-CHE-CHE-LEE-MCI,4,2+1+1+1,0,2.7273,2.8,2.67,-0.2012,2,"CHE,CHE","AVL,COV",ARS-AVL-COV-LEE-MCI,5,1+1+1+1+1,0,2.5,100.0,6.2,-0.1997,2.542378,False,
BRE-CHE-CHE-IPS-LEE,4,2+1+1+1,0,2.7273,2.8,2.67,-0.2012,2,"BRE,CHE","FUL,TOT",CHE-FUL-IPS-LEE-TOT,5,1+1+1+1+1,0,2.5,100.0,6.2,-0.176,2.542378,False,
ARS-BRE-BHA-CHE-EVE,5,1+1+1+1+1,0,2.7273,2.8,2.67,-0.1793,2,"ARS,BRE","COV,NFO",BHA-CHE-COV-EVE-NFO,5,1+1+1+1+1,0,2.5,100.0,6.2,-0.1166,2.542378,False,
ARS-BHA-CHE-CRY-TOT,5,1+1+1+1+1,0,2.7273,2.8,2.67,-0.1793,2,"ARS,CRY","NFO,NFO",BHA-CHE-NFO-NFO-TOT,4,2+1+1+1,0,2.5,100.0,18.8,-0.1594,2.542378,False,
ARS-BHA-BHA-CHE-LEE,4,2+1+1+1,0,2.7273,2.8,2.67,-0.1775,2,"ARS,BHA","AVL,NFO",AVL-BHA-CHE-LEE-NFO,5,1+1+1+1+1,0,2.5,100.0,18.8,-0.0972,2.542378,False,
BHA-BHA-CHE-IPS-LEE,4,2+1+1+1,0,2.7273,2.8,2.67,-0.1775,2,"BHA,BHA","FUL,TOT",CHE-FUL-IPS-LEE-TOT,5,1+1+1+1+1,0,2.5,100.0,6.2,-0.176,2.542378,False,
AVL-CHE-CRY-CRY-SUN,4,2+1+1+1,1,2.7273,2.8,2.67,-0.1683,2,"CRY,CRY","MCI,NEW",AVL-CHE-MCI-NEW-SUN,5,1+1+1+1+1,1,2.5,100.0,12.5,-0.1692,2.542378,False,
BHA-CHE-CRY-CRY-SUN,4,2+1+1+1,1,2.7273,2.8,2.67,-0.1683,2,"CHE,CRY","LIV,MCI",BHA-CRY-LIV-MCI-SUN,5,1+1+1+1+1,1,2.5,100.0,18.8,-0.1215,2.542378,False,
ARS-BHA-CHE-CHE-LEE,4,2+1+1+1,0,2.7273,2.8,2.67,-0.1586,2,"ARS,CHE","AVL,NFO",AVL-BHA-CHE-LEE-NFO,5,1+1+1+1+1,0,2.5,100.0,18.8,-0.0972,2.542378,False,
BHA-CHE-CHE-IPS-LEE,4,2+1+1+1,0,2.7273,2.8,2.67,-0.1586,2,"BHA,CHE","FUL,TOT",CHE-FUL-IPS-LEE-TOT,5,1+1+1+1+1,0,2.5,100.0,6.2,-0.176,2.542378,False,
CHE-CRY-CRY-LEE-SUN,4,2+1+1+1,1,2.7273,2.8,2.67,-0.1567,2,"CRY,CRY","NFO,TOT",CHE-LEE-NFO-TOT-SUN,5,1+1+1+1+1,1,2.5,100.0,12.5,-0.1726,2.542378,False,
ARS-CRY-LEE-LIV-TOT,5,1+1+1+1+1,0,2.7273,2.8,2.67,-0.15,2,"CRY,TOT","AVL,COV",ARS-AVL-COV-LEE-LIV,5,1+1+1+1+1,0,2.5,100.0,6.2,-0.1536,2.542378,False,
ARS-CRY-LEE-MCI-TOT,5,1+1+1+1+1,0,2.7273,2.8,2.67,-0.15,2,"CRY,TOT","AVL,COV",ARS-AVL-COV-LEE-MCI,5,1+1+1+1+1,0,2.5,100.0,6.2,-0.1997,2.542378,False,
ARS-LEE-LEE-LIV-TOT,4,2+1+1+1,0,2.7273,2.8,2.67,-0.15,2,"LEE,TOT","AVL,COV",ARS-AVL-COV-LEE-LIV,5,1+1+1+1+1,0,2.5,100.0,6.2,-0.1536,2.542378,False,
ARS-LEE-LEE-MCI-TOT,4,2+1+1+1,0,2.7273,2.8,2.67,-0.15,2,"LEE,TOT","AVL,COV",ARS-AVL-COV-LEE-MCI,5,1+1+1+1+1,0,2.5,100.0,6.2,-0.1997,2.542378,False,
BRE-EVE-IPS-LEE-LIV,5,1+1+1+1+1,0,2.7273,2.8,2.67,-0.15,2,"BRE,IPS","CHE,HUL",CHE-EVE-HUL-LEE-LIV,5,1+1+1+1+1,0,2.5,100.0,18.8,-0.136,2.542378,False,
CRY-IPS-LEE-LIV-TOT,5,1+1+1+1+1,0,2.7273,2.8,2.67,-0.15,2,"CRY,LIV","CHE,FUL",CHE-FUL-IPS-LEE-TOT,5,1+1+1+1+1,0,2.5,100.0,6.2,-0.176,2.542378,False,
IPS-LEE-LEE-LIV-TOT,4,2+1+1+1,0,2.7273,2.8,2.67,-0.15,2,"LEE,LIV","CHE,FUL",CHE-FUL-IPS-LEE-TOT,5,1+1+1+1+1,0,2.5,100.0,6.2,-0.176,2.542378,False,
ARS-BHA-LEE-LEE-TOT,4,2+1+1+1,0,2.7273,2.8,2.67,-0.1366,2,"ARS,LEE","FUL,NFO",BHA-FUL-LEE-NFO-TOT,5,1+1+1+1+1,0,2.5,100.0,0.0,-0.1679,2.542378,False,
BHA-IPS-LEE-LEE-TOT,4,2+1+1+1,0,2.7273,2.8,2.67,-0.1366,2,"BHA,LEE","CHE,FUL",CHE-FUL-IPS-LEE-TOT,5,1+1+1+1+1,0,2.5,100.0,6.2,-0.176,2.542378,False,
ARS-CHE-LEE-LEE-MCI,4,2+1+1+1,0,2.7273,2.8,2.67,-0.1256,2,"CHE,LEE","AVL,COV",ARS-AVL-COV-LEE-MCI,5,1+1+1+1+1,0,2.5,100.0,6.2,-0.1997,2.542378,False,
BRE-CHE-IPS-LEE-LEE,4,2+1+1+1,0,2.7273,2.8,2.67,-0.1256,2,"BRE,LEE","FUL,TOT",CHE-FUL-IPS-LEE-TOT,5,1+1+1+1+1,0,2.5,100.0,6.2,-0.176,2.542378,False,
ARS-CHE-CRY-LEE-MCI,5,1+1+1+1+1,0,2.7273,2.8,2.67,-0.1012,2,"CHE,CRY","AVL,COV",ARS-AVL-COV-LEE-MCI,5,1+1+1+1+1,0,2.5,100.0,6.2,-0.1997,2.542378,False,
BRE-CHE-CRY-IPS-LEE,5,1+1+1+1+1,0,2.7273,2.8,2.67,-0.1012,2,"BRE,CRY","FUL,TOT",CHE-FUL-IPS-LEE-TOT,5,1+1+1+1+1,0,2.5,100.0,6.2,-0.176,2.542378,False,
ARS-AVL-AVL-BRE-EVE,4,2+1+1+1,0,2.7273,2.8,2.67,-0.1,2,"ARS,EVE","COV,LEE",AVL-AVL-BRE-COV-LEE,4,2+1+1+1,0,2.5,100.0,18.8,-0.1548,2.542378,False,
ARS-BRE-BHA-EVE-LEE,5,1+1+1+1+1,0,2.7273,2.8,2.67,-0.1,2,"BHA,BRE","COV,LIV",ARS-COV-EVE-LEE-LIV,5,1+1+1+1+1,0,2.5,100.0,12.5,-0.1182,2.542378,False,
AVL-AVL-BRE-EVE-IPS,4,2+1+1+1,0,2.7273,2.8,2.67,-0.1,2,"EVE,IPS","COV,LEE",AVL-AVL-BRE-COV-LEE,4,2+1+1+1,0,2.5,100.0,18.8,-0.1548,2.542378,False,
BRE-BHA-EVE-IPS-LEE,5,1+1+1+1+1,0,2.7273,2.8,2.67,-0.1,2,"BRE,EVE","FUL,MCI",BHA-FUL-IPS-LEE-MCI,5,1+1+1+1+1,0,2.5,100.0,6.2,-0.1502,2.542378,False,
BRE-EVE-EVE-LEE-SUN,4,2+1+1+1,1,2.7273,2.8,2.67,-0.1,2,"BRE,EVE","COV,MCI",COV-EVE-LEE-MCI-SUN,5,1+1+1+1+1,1,2.5,93.8,12.5,-0.1393,2.542378,False,
BRE-EVE-LEE-LEE-SUN,4,2+1+1+1,1,2.7273,2.8,2.67,-0.1,2,"BRE,LEE","COV,MCI",COV-EVE-LEE-MCI-SUN,5,1+1+1+1+1,1,2.5,93.8,12.5,-0.1393,2.542378,False,
CRY-CRY-LEE-LIV-SUN,4,2+1+1+1,1,2.7273,2.8,2.67,-0.1,2,"CRY,LEE","BHA,MCI",BHA-CRY-LIV-MCI-SUN,5,1+1+1+1+1,1,2.5,100.0,18.8,-0.1215,2.542378,False,
CRY-CRY-LEE-MCI-SUN,4,2+1+1+1,1,2.7273,2.8,2.67,-0.1,2,"CRY,CRY","BHA,COV",BHA-COV-LEE-MCI-SUN,5,1+1+1+1+1,1,2.5,100.0,18.8,-0.1462,2.542378,False,
CRY-LEE-LEE-LIV-SUN,4,2+1+1+1,1,2.7273,2.8,2.67,-0.1,2,"LEE,LEE","BHA,MCI",BHA-CRY-LIV-MCI-SUN,5,1+1+1+1+1,1,2.5,100.0,18.8,-0.1215,2.542378,False,
CRY-LEE-LEE-MCI-SUN,4,2+1+1+1,1,2.7273,2.8,2.67,-0.1,2,"CRY,LEE","BHA,COV",BHA-COV-LEE-MCI-SUN,5,1+1+1+1+1,1,2.5,100.0,18.8,-0.1462,2.542378,False,
CRY-LEE-LEE-MUN-TOT,4,2+1+1+1,0,2.7273,2.8,2.67,-0.1,2,"LEE,MUN","AVL,FUL",AVL-CRY-FUL-LEE-TOT,5,1+1+1+1+1,0,2.5,100.0,12.5,-0.1346,2.542378,False,
CRY-LEE-LEE-TOT-SUN,4,2+1+1+1,1,2.7273,2.8,2.67,-0.1,2,"CRY,LEE","CHE,NFO",CHE-LEE-NFO-TOT-SUN,5,1+1+1+1+1,1,2.5,100.0,12.5,-0.1726,2.542378,False,
EVE-EVE-LEE-LIV-MUN,4,2+1+1+1,0,2.7273,2.8,2.67,-0.1,2,"EVE,LEE","BOU,COV",BOU-COV-EVE-LIV-MUN,5,1+1+1+1+1,0,2.5,100.0,12.5,-0.1613,2.542378,False,
EVE-EVE-LEE-LIV-SUN,4,2+1+1+1,1,2.7273,2.8,2.67,-0.1,2,"EVE,SUN","CHE,HUL",CHE-EVE-HUL-LEE-LIV,5,1+1+1+1+1,0,2.5,100.0,18.8,-0.136,2.542378,False,
EVE-LEE-LEE-LIV-MUN,4,2+1+1+1,0,2.7273,2.8,2.67,-0.1,2,"LEE,LEE","BOU,COV",BOU-COV-EVE-LIV-MUN,5,1+1+1+1+1,0,2.5,100.0,12.5,-0.1613,2.542378,False,
EVE-LEE-LEE-LIV-SUN,4,2+1+1+1,1,2.7273,2.8,2.67,-0.1,2,"LEE,SUN","CHE,HUL",CHE-EVE-HUL-LEE-LIV,5,1+1+1+1+1,0,2.5,100.0,18.8,-0.136,2.542378,False,
ARS-BHA-CHE-LEE-LEE,4,2+1+1+1,0,2.7273,2.8,2.67,-0.0793,2,"ARS,LEE","AVL,NFO",AVL-BHA-CHE-LEE-NFO,5,1+1+1+1+1,0,2.5,100.0,18.8,-0.0972,2.542378,False,
BHA-CHE-IPS-LEE-LEE,4,2+1+1+1,0,2.7273,2.8,2.67,-0.0793,2,"BHA,LEE","FUL,TOT",CHE-FUL-IPS-LEE-TOT,5,1+1+1+1+1,0,2.5,100.0,6.2,-0.176,2.542378,False,
BHA-EVE-LEE-LEE-MUN,4,2+1+1+1,0,2.7273,2.8,2.67,-0.0732,2,"LEE,MUN","COV,FUL",BHA-COV-EVE-FUL-LEE,5,1+1+1+1+1,0,2.5,100.0,12.5,-0.1135,2.542378,False,
BHA-EVE-LEE-LEE-SUN,4,2+1+1+1,1,2.7273,2.8,2.67,-0.0732,2,"EVE,LEE","COV,MCI",BHA-COV-LEE-MCI-SUN,5,1+1+1+1+1,1,2.5,100.0,18.8,-0.1462,2.542378,False,
ARS-CHE-CHE-CRY-TOT,4,2+1+1+1,0,2.7273,2.8,2.67,-0.0622,2,"CHE,CRY","BOU,NFO",ARS-BOU-CHE-NFO-TOT,5,1+1+1+1+1,0,2.5,100.0,12.5,-0.0708,2.542378,False,
BHA-EVE-EVE-LEE-MUN,4,2+1+1+1,0,2.7273,2.8,2.67,-0.0598,2,"EVE,MUN","COV,FUL",BHA-COV-EVE-FUL-LEE,5,1+1+1+1+1,0,2.5,100.0,12.5,-0.1135,2.542378,False,
BHA-EVE-EVE-LEE-SUN,4,2+1+1+1,1,2.7273,2.8,2.67,-0.0598,2,"EVE,EVE","COV,MCI",BHA-COV-LEE-MCI-SUN,5,1+1+1+1+1,1,2.5,100.0,18.8,-0.1462,2.542378,False,
AVL-CRY-LEE-LEE-MUN,4,2+1+1+1,0,2.7273,2.8,2.67,-0.05,2,"LEE,MUN","FUL,TOT",AVL-CRY-FUL-LEE-TOT,5,1+1+1+1+1,0,2.5,100.0,12.5,-0.1346,2.542378,False,
AVL-CRY-LEE-LEE-SUN,4,2+1+1+1,1,2.7273,2.8,2.67,-0.05,2,"LEE,SUN","FUL,TOT",AVL-CRY-FUL-LEE-TOT,5,1+1+1+1+1,0,2.5,100.0,12.5,-0.1346,2.542378,False,
BHA-BHA-CRY-LEE-SUN,4,2+1+1+1,1,2.7273,2.8,2.67,-0.05,2,"BHA,CRY","COV,MCI",BHA-COV-LEE-MCI-SUN,5,1+1+1+1+1,1,2.5,100.0,18.8,-0.1462,2.542378,False,
BHA-CRY-LEE-LEE-SUN,4,2+1+1+1,1,2.7273,2.8,2.67,-0.05,2,"CRY,LEE","COV,MCI",BHA-COV-LEE-MCI-SUN,5,1+1+1+1+1,1,2.5,100.0,18.8,-0.1462,2.542378,False,
CHE-CRY-LEE-LEE-SUN,4,2+1+1+1,1,2.7273,2.8,2.67,-0.0311,2,"CRY,LEE","NFO,TOT",CHE-LEE-NFO-TOT-SUN,5,1+1+1+1+1,1,2.5,100.0,12.5,-0.1726,2.542378,False,
BRE-BHA-CHE-CRY-IPS,5,1+1+1+1+1,0,2.7273,2.8,2.67,-0.0262,2,"BRE,CHE","LIV,MCI",BHA-CRY-IPS-LIV-MCI,5,1+1+1+1+1,0,2.5,100.0,18.8,-0.1071,2.542378,False,
ARS-BRE-LEE-LEE-LIV,4,2+1+1+1,0,2.7273,2.8,2.67,-0.0,2,"BRE,LEE","AVL,COV",ARS-AVL-COV-LEE-LIV,5,1+1+1+1+1,0,2.5,100.0,6.2,-0.1536,2.542378,False,
ARS-BRE-LEE-LEE-MCI,4,2+1+1+1,0,2.7273,2.8,2.67,-0.0,2,"BRE,LEE","AVL,COV",ARS-AVL-COV-LEE-MCI,5,1+1+1+1+1,0,2.5,100.0,6.2,-0.1997,2.542378,False,
ARS-AVL-BRE-LEE-LEE,4,2+1+1+1,0,2.7273,2.8,2.67,0.0366,2,"BRE,LEE","COV,MCI",ARS-AVL-COV-LEE-MCI,5,1+1+1+1+1,0,2.5,100.0,6.2,-0.1997,2.542378,False,
AVL-BRE-IPS-LEE-LEE,4,2+1+1+1,0,2.7273,2.8,2.67,0.0366,2,"IPS,LEE","AVL,COV",AVL-AVL-BRE-COV-LEE,4,2+1+1+1,0,2.5,100.0,18.8,-0.1548,2.542378,False,
BRE-BHA-IPS-LEE-LEE,4,2+1+1+1,0,2.7273,2.8,2.67,0.0366,2,"BRE,LEE","FUL,MCI",BHA-FUL-IPS-LEE-MCI,5,1+1+1+1+1,0,2.5,100.0,6.2,-0.1502,2.542378,False,
ARS-CRY-LEE-LIV-LIV,4,2+1+1+1,0,2.7273,2.8,2.67,0.05,2,"CRY,LIV","AVL,COV",ARS-AVL-COV-LEE-LIV,5,1+1+1+1+1,0,2.5,100.0,6.2,-0.1536,2.542378,False,
ARS-CRY-LEE-MCI-MCI,4,2+1+1+1,0,2.7273,2.8,2.67,0.05,2,"CRY,MCI","AVL,COV",ARS-AVL-COV-LEE-MCI,5,1+1+1+1+1,0,2.5,100.0,6.2,-0.1997,2.542378,False,
CRY-IPS-LEE-LIV-LIV,4,2+1+1+1,0,2.7273,2.8,2.67,0.05,2,"LEE,LIV","BOU,NEW",BOU-CRY-IPS-LIV-NEW,5,1+1+1+1+1,0,2.5,100.0,12.5,-0.1567,2.542378,False,
AVL-BRE-CRY-CRY-MUN,4,2+1+1+1,0,2.7273,2.8,2.67,0.0732,2,"CRY,MUN","FUL,MCI",AVL-BRE-CRY-FUL-MCI,5,1+1+1+1+1,0,2.5,100.0,18.8,-0.1524,2.542378,False,
AVL-BRE-CRY-CRY-SUN,4,2+1+1+1,1,2.7273,2.8,2.67,0.0732,2,"CRY,SUN","FUL,MCI",AVL-BRE-CRY-FUL-MCI,5,1+1+1+1+1,0,2.5,100.0,18.8,-0.1524,2.542378,False,
BRE-BHA-CRY-CRY-SUN,4,2+1+1+1,1,2.7273,2.8,2.67,0.0732,2,"BRE,CRY","LIV,MCI",BHA-CRY-LIV-MCI-SUN,5,1+1+1+1+1,1,2.5,100.0,18.8,-0.1215,2.542378,False,
BRE-BHA-BHA-IPS-LEE,4,2+1+1+1,0,2.7273,2.8,2.67,0.1232,2,"BHA,BRE","FUL,MCI",BHA-FUL-IPS-LEE-MCI,5,1+1+1+1+1,0,2.5,100.0,6.2,-0.1502,2.542378,False,
BHA-CHE-EVE-EVE-MUN,4,2+1+1+1,0,2.7273,2.8,2.67,0.1255,2,"EVE,MUN","COV,NFO",BHA-CHE-COV-EVE-NFO,5,1+1+1+1+1,0,2.5,100.0,6.2,-0.1166,2.542378,False,
ARS-BRE-CRY-LEE-LIV,5,1+1+1+1+1,0,2.7273,2.8,2.67,0.15,2,"BRE,CRY","AVL,COV",ARS-AVL-COV-LEE-LIV,5,1+1+1+1+1,0,2.5,100.0,6.2,-0.1536,2.542378,False,
ARS-BRE-CRY-LEE-MCI,5,1+1+1+1+1,0,2.7273,2.8,2.67,0.15,2,"BRE,CRY","AVL,COV",ARS-AVL-COV-LEE-MCI,5,1+1+1+1+1,0,2.5,100.0,6.2,-0.1997,2.542378,False,
BRE-CRY-IPS-LEE-LIV,5,1+1+1+1+1,0,2.7273,2.8,2.67,0.15,2,"BRE,LEE","BOU,NEW",BOU-CRY-IPS-LIV-NEW,5,1+1+1+1+1,0,2.5,100.0,12.5,-0.1567,2.542378,False,
ARS-AVL-BRE-BRE-CRY,4,2+1+1+1,0,2.7273,2.8,2.67,0.3098,2,"ARS,BRE","FUL,MCI",AVL-BRE-CRY-FUL-MCI,5,1+1+1+1+1,0,2.5,100.0,18.8,-0.1524,2.542378,False,
AVL-BRE-BRE-CRY-IPS,4,2+1+1+1,0,2.7273,2.8,2.67,0.3098,2,"BRE,IPS","FUL,MCI",AVL-BRE-CRY-FUL-MCI,5,1+1+1+1+1,0,2.5,100.0,18.8,-0.1524,2.542378,False,
BRE-BRE-BHA-CRY-IPS,4,2+1+1+1,0,2.7273,2.8,2.67,0.3098,2,"BRE,BRE","LIV,MCI",BHA-CRY-IPS-LIV-MCI,5,1+1+1+1+1,0,2.5,100.0,18.8,-0.1071,2.542378,False,
ARS-BRE-BHA-BHA-LIV,4,2+1+1+1,0,2.7273,2.8,2.67,0.3464,2,"ARS,BHA","AVL,NFO",AVL-BRE-BHA-LIV-NFO,5,1+1+1+1+1,0,2.5,100.0,12.5,-0.09,2.542378,False,
AVL-AVL-BRE-IPS-LIV,4,2+1+1+1,0,2.7273,2.8,2.67,0.3464,2,"IPS,LIV","COV,LEE",AVL-AVL-BRE-COV-LEE,4,2+1+1+1,0,2.5,100.0,18.8,-0.1548,2.542378,False,
BRE-BHA-BHA-IPS-LIV,4,2+1+1+1,0,2.7273,2.8,2.67,0.3464,2,"BHA,BRE","CRY,MCI",BHA-CRY-IPS-LIV-MCI,5,1+1+1+1+1,0,2.5,100.0,18.8,-0.1071,2.542378,False,
BRE-BHA-BHA-IPS-MCI,4,2+1+1+1,0,2.7273,2.8,2.67,0.3464,2,"BHA,BRE","FUL,LEE",BHA-FUL-IPS-LEE-MCI,5,1+1+1+1+1,0,2.5,100.0,6.2,-0.1502,2.542378,False,
AVL-BRE-EVE-EVE-LIV,4,2+1+1+1,0,2.7273,3.0,2.5,-0.3,2,"EVE,EVE","NEW,NFO",AVL-BRE-LIV-NEW-NFO,5,1+1+1+1+1,0,2.5,100.0,18.8,-0.1088,2.542378,False,
BRE-BHA-CHE-CHE-EVE,4,2+1+1+1,0,2.7273,3.0,2.5,-0.2964,2,"BHA,BRE","NEW,NFO",CHE-CHE-EVE-NEW-NFO,4,2+1+1+1,0,2.5,100.0,25.0,-0.1504,2.542378,False,
BHA-BHA-CHE-CRY-TOT,4,2+1+1+1,0,2.7273,3.0,2.5,-0.2964,2,"BHA,CRY","NFO,NFO",BHA-CHE-NFO-NFO-TOT,4,2+1+1+1,0,2.5,100.0,18.8,-0.1594,2.542378,False,
BHA-CRY-LEE-TOT-TOT,4,2+1+1+1,0,2.7273,3.0,2.5,-0.2866,2,"CRY,TOT","FUL,NFO",BHA-FUL-LEE-NFO-TOT,5,1+1+1+1+1,0,2.5,100.0,0.0,-0.1679,2.542378,False,
BHA-CHE-CHE-CRY-LEE,4,2+1+1+1,0,2.7273,3.0,2.5,-0.261,2,"CHE,CRY","AVL,NFO",AVL-BHA-CHE-LEE-NFO,5,1+1+1+1+1,0,2.5,100.0,18.8,-0.0972,2.542378,False,
CRY-LEE-LIV-TOT-TOT,4,2+1+1+1,0,2.7273,3.0,2.5,-0.25,2,"LIV,TOT","AVL,FUL",AVL-CRY-FUL-LEE-TOT,5,1+1+1+1+1,0,2.5,100.0,12.5,-0.1346,2.542378,False,
CRY-LEE-MCI-TOT-TOT,4,2+1+1+1,0,2.7273,3.0,2.5,-0.25,2,"LEE,TOT","FUL,NEW",CRY-FUL-MCI-NEW-TOT,5,1+1+1+1+1,0,2.5,100.0,12.5,-0.1535,2.542378,False,
BRE-BRE-BHA-EVE-LEE,4,2+1+1+1,0,2.7273,3.0,2.5,-0.1134,2,"BRE,BRE","COV,FUL",BHA-COV-EVE-FUL-LEE,5,1+1+1+1+1,0,2.5,100.0,12.5,-0.1135,2.542378,False,
BRE-BHA-CHE-LEE-LEE,4,2+1+1+1,0,2.7273,3.0,2.5,-0.1061,2,"BRE,LEE","AVL,NFO",AVL-BHA-CHE-LEE-NFO,5,1+1+1+1+1,0,2.5,100.0,18.8,-0.0972,2.542378,False,
BRE-BRE-EVE-LEE-LIV,4,2+1+1+1,0,2.7273,3.0,2.5,-0.1,2,"BRE,BRE","CHE,HUL",CHE-EVE-HUL-LEE-LIV,5,1+1+1+1+1,0,2.5,100.0,18.8,-0.136,2.542378,False,
BRE-BHA-BHA-EVE-LEE,4,2+1+1+1,0,2.7273,3.0,2.5,-0.1,2,"BHA,BRE","COV,FUL",BHA-COV-EVE-FUL-LEE,5,1+1+1+1+1,0,2.5,100.0,12.5,-0.1135,2.542378,False,
BRE-EVE-LEE-LIV-LIV,4,2+1+1+1,0,2.7273,3.0,2.5,-0.1,2,"BRE,LIV","CHE,HUL",CHE-EVE-HUL-LEE-LIV,5,1+1+1+1+1,0,2.5,100.0,18.8,-0.136,2.542378,False,
CRY-LEE-LIV-LIV-TOT,4,2+1+1+1,0,2.7273,3.0,2.5,-0.1,2,"LIV,LIV","AVL,FUL",AVL-CRY-FUL-LEE-TOT,5,1+1+1+1+1,0,2.5,100.0,12.5,-0.1346,2.542378,False,
CRY-LEE-MCI-MCI-TOT,4,2+1+1+1,0,2.7273,3.0,2.5,-0.1,2,"LEE,MCI","FUL,NEW",CRY-FUL-MCI-NEW-TOT,5,1+1+1+1+1,0,2.5,100.0,12.5,-0.1535,2.542378,False,
BRE-CHE-LEE-LEE-MCI,4,2+1+1+1,0,2.7273,3.0,2.5,-0.089,2,"LEE,LEE","AVL,NEW",AVL-BRE-CHE-MCI-NEW,5,1+1+1+1+1,0,2.5,100.0,12.5,-0.1605,2.542378,False,
BRE-CHE-CRY-LEE-MCI,5,1+1+1+1+1,0,2.7273,3.0,2.5,-0.0646,2,"CRY,LEE","AVL,NEW",AVL-BRE-CHE-MCI-NEW,5,1+1+1+1+1,0,2.5,100.0,12.5,-0.1605,2.542378,False,
BRE-BHA-CHE-CRY-LEE,5,1+1+1+1+1,0,2.7273,3.0,2.5,-0.0451,2,"BRE,CRY","AVL,NFO",AVL-BHA-CHE-LEE-NFO,5,1+1+1+1+1,0,2.5,100.0,18.8,-0.0972,2.542378,False,
BRE-CHE-CRY-CRY-LIV,4,2+1+1+1,0,2.7273,3.0,2.5,-0.0402,2,"BRE,CRY","EVE,NFO",CHE-CRY-EVE-LIV-NFO,5,1+1+1+1+1,0,2.5,93.8,25.0,-0.078,2.542378,False,
BRE-CHE-CRY-CRY-MCI,4,2+1+1+1,0,2.7273,3.0,2.5,-0.0402,2,"CRY,CRY","AVL,NEW",AVL-BRE-CHE-MCI-NEW,5,1+1+1+1+1,0,2.5,100.0,12.5,-0.1605,2.542378,False,
AVL-AVL-BRE-EVE-LIV,4,2+1+1+1,0,2.7273,3.0,2.5,0.0732,2,"EVE,LIV","COV,LEE",AVL-AVL-BRE-COV-LEE,4,2+1+1+1,0,2.5,100.0,18.8,-0.1548,2.542378,False,
AVL-BRE-BRE-EVE-LIV,4,2+1+1+1,0,2.7273,3.0,2.5,0.0732,2,"BRE,EVE","NEW,NFO",AVL-BRE-LIV-NEW-NFO,5,1+1+1+1+1,0,2.5,100.0,18.8,-0.1088,2.542378,False,
AVL-BRE-EVE-LIV-LIV,4,2+1+1+1,0,2.7273,3.0,2.5,0.0732,2,"EVE,LIV","NEW,NFO",AVL-BRE-LIV-NEW-NFO,5,1+1+1+1+1,0,2.5,100.0,18.8,-0.1088,2.542378,False,
BRE-BRE-CRY-LEE-MCI,4,2+1+1+1,0,2.7273,3.0,2.5,0.35,2,"BRE,LEE","AVL,FUL",AVL-BRE-CRY-FUL-MCI,5,1+1+1+1+1,0,2.5,100.0,18.8,-0.1524,2.542378,False,
BRE-CRY-LEE-MCI-MCI,4,2+1+1+1,0,2.7273,3.0,2.5,0.35,2,"LEE,MCI","AVL,FUL",AVL-BRE-CRY-FUL-MCI,5,1+1+1+1+1,0,2.5,100.0,18.8,-0.1524,2.542378,False,
AVL-BRE-BRE-CRY-LEE,4,2+1+1+1,0,2.7273,3.0,2.5,0.3598,2,"BRE,CRY","AVL,COV",AVL-AVL-BRE-COV-LEE,4,2+1+1+1,0,2.5,100.0,18.8,-0.1548,2.542378,False,
ARS-ARS-IPS-LIV-NFO,4,2+1+1+1,0,2.8182,2.2,3.33,0.3098,2,"ARS,ARS","BOU,CHE",BOU-CHE-IPS-LIV-NFO,5,1+1+1+1+1,0,2.4792,100.0,12.5,-0.1093,2.542403,False,
ARS-ARS-IPS-MCI-NFO,4,2+1+1+1,0,2.8182,2.2,3.33,0.3098,2,"ARS,ARS","CHE,LIV",CHE-IPS-LIV-MCI-NFO,5,1+1+1+1+1,0,2.4792,100.0,12.5,-0.0652,2.542403,False,
ARS-IPS-IPS-LIV-NFO,4,2+1+1+1,0,2.8182,2.2,3.33,0.3098,2,"ARS,IPS","BOU,CHE",BOU-CHE-IPS-LIV-NFO,5,1+1+1+1+1,0,2.4792,100.0,12.5,-0.1093,2.542403,False,
ARS-IPS-IPS-MCI-NFO,4,2+1+1+1,0,2.8182,2.2,3.33,0.3098,2,"ARS,IPS","CHE,LIV",CHE-IPS-LIV-MCI-NFO,5,1+1+1+1+1,0,2.4792,100.0,12.5,-0.0652,2.542403,False,
ARS-CHE-IPS-NFO-NFO,4,2+1+1+1,0,2.8182,2.2,3.33,0.4187,2,"ARS,IPS","BOU,TOT",BOU-CHE-NFO-NFO-TOT,4,2+1+1+1,0,2.4792,100.0,18.8,-0.1349,2.542403,False,
ARS-AVL-IPS-NFO-NFO,4,2+1+1+1,0,2.8182,2.2,3.33,0.5464,2,"ARS,NFO","BOU,CHE",AVL-BOU-CHE-IPS-NFO,5,1+1+1+1+1,0,2.4792,100.0,12.5,-0.117,2.542403,False,
ARS-BHA-IPS-NFO-NFO,4,2+1+1+1,0,2.8182,2.2,3.33,0.5464,2,"ARS,IPS","BOU,LIV",BOU-BHA-LIV-NFO-NFO,4,2+1+1+1,0,2.4792,100.0,25.0,-0.147,2.542403,False,
ARS-ARS-CHE-IPS-LIV,4,2+1+1+1,0,2.8182,2.4,3.17,0.0122,2,"ARS,ARS","BOU,NEW",BOU-CHE-IPS-LIV-NEW,5,1+1+1+1+1,0,2.4792,100.0,12.5,-0.1874,2.542403,False,
ARS-ARS-CHE-IPS-MCI,4,2+1+1+1,0,2.8182,2.4,3.17,0.0122,2,"ARS,ARS","LIV,NEW",CHE-IPS-LIV-MCI-NEW,5,1+1+1+1+1,0,2.4792,100.0,12.5,-0.1753,2.542403,False,
ARS-CHE-IPS-IPS-LIV,4,2+1+1+1,0,2.8182,2.4,3.17,0.0122,2,"ARS,IPS","BOU,NEW",BOU-CHE-IPS-LIV-NEW,5,1+1+1+1+1,0,2.4792,100.0,12.5,-0.1874,2.542403,False,
ARS-CHE-IPS-IPS-MCI,4,2+1+1+1,0,2.8182,2.4,3.17,0.0122,2,"ARS,IPS","LIV,NEW",CHE-IPS-LIV-MCI-NEW,5,1+1+1+1+1,0,2.4792,100.0,12.5,-0.1753,2.542403,False,
ARS-ARS-IPS-LEE-MCI,4,2+1+1+1,0,2.8182,2.4,3.17,0.05,2,"ARS,ARS","COV,FUL",COV-FUL-IPS-LEE-MCI,5,1+1+1+1+1,0,2.4792,100.0,18.8,-0.1204,2.542403,False,
ARS-IPS-IPS-LEE-MCI,4,2+1+1+1,0,2.8182,2.4,3.17,0.05,2,"ARS,IPS","COV,FUL",COV-FUL-IPS-LEE-MCI,5,1+1+1+1+1,0,2.4792,100.0,18.8,-0.1204,2.542403,False,
ARS-ARS-CRY-NFO-TOT,4,2+1+1+1,0,2.8182,2.4,3.17,0.0732,2,"ARS,ARS","BOU,FUL",BOU-CRY-FUL-NFO-TOT,5,1+1+1+1+1,0,2.4792,100.0,18.8,-0.177,2.542403,False,
ARS-CRY-NFO-NFO-TOT,4,2+1+1+1,0,2.8182,2.4,3.17,0.0732,2,"ARS,NFO","BOU,FUL",BOU-CRY-FUL-NFO-TOT,5,1+1+1+1+1,0,2.4792,100.0,18.8,-0.177,2.542403,False,
CRY-IPS-IPS-NFO-TOT,4,2+1+1+1,0,2.8182,2.4,3.17,0.0732,2,"IPS,IPS","BOU,FUL",BOU-CRY-FUL-NFO-TOT,5,1+1+1+1+1,0,2.4792,100.0,18.8,-0.177,2.542403,False,
CRY-IPS-NFO-NFO-TOT,4,2+1+1+1,0,2.8182,2.4,3.17,0.0732,2,"IPS,NFO","BOU,FUL",BOU-CRY-FUL-NFO-TOT,5,1+1+1+1+1,0,2.4792,100.0,18.8,-0.177,2.542403,False,
EVE-IPS-IPS-MCI-NFO,4,2+1+1+1,0,2.8182,2.4,3.17,0.0732,2,"EVE,IPS","CHE,LIV",CHE-IPS-LIV-MCI-NFO,5,1+1+1+1+1,0,2.4792,100.0,12.5,-0.0652,2.542403,False,
ARS-ARS-BHA-CHE-NFO,4,2+1+1+1,0,2.8182,2.4,3.17,0.1301,2,"ARS,ARS","BOU,NFO",BOU-BHA-CHE-NFO-NFO,4,2+1+1+1,0,2.4792,100.0,18.8,-0.1158,2.542403,False,
BHA-CHE-IPS-IPS-NFO,4,2+1+1+1,0,2.8182,2.4,3.17,0.1301,2,"BHA,IPS","BOU,FUL",BOU-CHE-FUL-IPS-NFO,5,1+1+1+1+1,0,2.4792,100.0,6.2,-0.1258,2.542403,False,
ARS-ARS-AVL-IPS-LIV,4,2+1+1+1,0,2.8182,2.4,3.17,0.1366,2,"ARS,IPS","BOU,COV",ARS-AVL-BOU-COV-LIV,5,1+1+1+1+1,0,2.4792,100.0,12.5,-0.124,2.542403,False,
ARS-ARS-AVL-IPS-MCI,4,2+1+1+1,0,2.8182,2.4,3.17,0.1366,2,"ARS,IPS","COV,LIV",ARS-AVL-COV-LIV-MCI,5,1+1+1+1+1,0,2.4792,100.0,12.5,-0.0988,2.542403,False,
ARS-ARS-EVE-NFO-TOT,4,2+1+1+1,0,2.8182,2.4,3.17,0.1366,2,"ARS,ARS","CHE,FUL",CHE-EVE-FUL-NFO-TOT,5,1+1+1+1+1,0,2.4792,100.0,6.2,-0.1683,2.542403,False,
ARS-AVL-IPS-IPS-LIV,4,2+1+1+1,0,2.8182,2.4,3.17,0.1366,2,"IPS,IPS","BOU,COV",ARS-AVL-BOU-COV-LIV,5,1+1+1+1+1,0,2.4792,100.0,12.5,-0.124,2.542403,False,
ARS-AVL-IPS-IPS-MCI,4,2+1+1+1,0,2.8182,2.4,3.17,0.1366,2,"IPS,IPS","COV,LIV",ARS-AVL-COV-LIV-MCI,5,1+1+1+1+1,0,2.4792,100.0,12.5,-0.0988,2.542403,False,
EVE-IPS-IPS-NFO-TOT,4,2+1+1+1,0,2.8182,2.4,3.17,0.1366,2,"IPS,IPS","CHE,FUL",CHE-EVE-FUL-NFO-TOT,5,1+1+1+1+1,0,2.4792,100.0,6.2,-0.1683,2.542403,False,
ARS-CRY-IPS-NFO-TOT,5,1+1+1+1+1,0,2.8182,2.4,3.17,0.1732,2,"ARS,IPS","BOU,FUL",BOU-CRY-FUL-NFO-TOT,5,1+1+1+1+1,0,2.4792,100.0,18.8,-0.177,2.542403,False,
ARS-EVE-IPS-MCI-NFO,5,1+1+1+1+1,0,2.8182,2.4,3.17,0.1732,2,"ARS,EVE","CHE,LIV",CHE-IPS-LIV-MCI-NFO,5,1+1+1+1+1,0,2.4792,100.0,12.5,-0.0652,2.542403,False,
ARS-ARS-CHE-IPS-TOT,4,2+1+1+1,0,2.8182,2.4,3.17,0.1823,2,"ARS,ARS","FUL,MCI",CHE-FUL-IPS-MCI-TOT,5,1+1+1+1+1,0,2.4792,100.0,18.8,-0.1129,2.542403,False,
ARS-CHE-IPS-IPS-TOT,4,2+1+1+1,0,2.8182,2.4,3.17,0.1823,2,"ARS,IPS","FUL,MCI",CHE-FUL-IPS-MCI-TOT,5,1+1+1+1+1,0,2.4792,100.0,18.8,-0.1129,2.542403,False,
ARS-BHA-CHE-IPS-NFO,5,1+1+1+1+1,0,2.8182,2.4,3.17,0.2301,2,"ARS,BHA","BOU,FUL",BOU-CHE-FUL-IPS-NFO,5,1+1+1+1+1,0,2.4792,100.0,6.2,-0.1258,2.542403,False,
ARS-AVL-EVE-NFO-NFO,4,2+1+1+1,0,2.8182,2.4,3.17,0.2366,2,"ARS,NFO","CHE,COV",AVL-CHE-COV-EVE-NFO,5,1+1+1+1+1,0,2.4792,100.0,6.2,-0.1231,2.542403,False,
ARS-BHA-EVE-NFO-NFO,4,2+1+1+1,0,2.8182,2.4,3.17,0.2366,2,"ARS,EVE","BOU,LIV",BOU-BHA-LIV-NFO-NFO,4,2+1+1+1,0,2.4792,100.0,25.0,-0.147,2.542403,False,
ARS-EVE-IPS-NFO-TOT,5,1+1+1+1+1,0,2.8182,2.4,3.17,0.2366,2,"ARS,IPS","CHE,FUL",CHE-EVE-FUL-NFO-TOT,5,1+1+1+1+1,0,2.4792,100.0,6.2,-0.1683,2.542403,False,
AVL-EVE-IPS-NFO-NFO,4,2+1+1+1,0,2.8182,2.4,3.17,0.2366,2,"IPS,NFO","CHE,COV",AVL-CHE-COV-EVE-NFO,5,1+1+1+1+1,0,2.4792,100.0,6.2,-0.1231,2.542403,False,
BHA-EVE-IPS-NFO-NFO,4,2+1+1+1,0,2.8182,2.4,3.17,0.2366,2,"EVE,IPS","BOU,LIV",BOU-BHA-LIV-NFO-NFO,4,2+1+1+1,0,2.4792,100.0,25.0,-0.147,2.542403,False,
ARS-CHE-CRY-NFO-NFO,4,2+1+1+1,0,2.8182,2.4,3.17,0.2743,2,"ARS,CRY","BOU,TOT",BOU-CHE-NFO-NFO-TOT,4,2+1+1+1,0,2.4792,100.0,18.8,-0.1349,2.542403,False,
CHE-CRY-IPS-NFO-NFO,4,2+1+1+1,0,2.8182,2.4,3.17,0.2743,2,"CRY,IPS","BOU,TOT",BOU-CHE-NFO-NFO-TOT,4,2+1+1+1,0,2.4792,100.0,18.8,-0.1349,2.542403,False,
ARS-CHE-CHE-IPS-NFO,4,2+1+1+1,0,2.8182,2.4,3.17,0.2833,2,"ARS,CHE","BOU,FUL",BOU-CHE-FUL-IPS-NFO,5,1+1+1+1+1,0,2.4792,100.0,6.2,-0.1258,2.542403,False,
ARS-ARS-CRY-MCI-NFO,4,2+1+1+1,0,2.8182,2.4,3.17,0.3098,2,"ARS,ARS","BHA,LIV",BHA-CRY-LIV-MCI-NFO,5,1+1+1+1+1,0,2.4792,100.0,25.0,-0.0977,2.542403,False,
CRY-IPS-IPS-MCI-NFO,4,2+1+1+1,0,2.8182,2.4,3.17,0.3098,2,"IPS,IPS","BHA,LIV",BHA-CRY-LIV-MCI-NFO,5,1+1+1+1+1,0,2.4792,100.0,25.0,-0.0977,2.542403,False,
ARS-AVL-AVL-IPS-NFO,4,2+1+1+1,0,2.8182,2.4,3.17,0.3732,2,"ARS,AVL","BOU,CHE",AVL-BOU-CHE-IPS-NFO,5,1+1+1+1+1,0,2.4792,100.0,12.5,-0.117,2.542403,False,
ARS-CRY-MCI-NFO-NFO,4,2+1+1+1,0,2.8182,2.4,3.17,0.3964,2,"ARS,NFO","BHA,LIV",BHA-CRY-LIV-MCI-NFO,5,1+1+1+1+1,0,2.4792,100.0,25.0,-0.0977,2.542403,False,
CRY-IPS-MCI-NFO-NFO,4,2+1+1+1,0,2.8182,2.4,3.17,0.3964,2,"IPS,NFO","BHA,LIV",BHA-CRY-LIV-MCI-NFO,5,1+1+1+1+1,0,2.4792,100.0,25.0,-0.0977,2.542403,False,
ARS-CRY-IPS-MCI-NFO,5,1+1+1+1+1,0,2.8182,2.4,3.17,0.4098,2,"ARS,IPS","BHA,LIV",BHA-CRY-LIV-MCI-NFO,5,1+1+1+1+1,0,2.4792,100.0,25.0,-0.0977,2.542403,False,
ARS-ARS-AVL-EVE-LIV,4,2+1+1+1,0,2.8182,2.6,3.0,-0.1,2,"ARS,EVE","BOU,COV",ARS-AVL-BOU-COV-LIV,5,1+1+1+1+1,0,2.4792,100.0,12.5,-0.124,2.542403,False,
ARS-ARS-AVL-EVE-MCI,4,2+1+1+1,0,2.8182,2.6,3.0,-0.1,2,"ARS,EVE","COV,LIV",ARS-AVL-COV-LIV-MCI,5,1+1+1+1+1,0,2.4792,100.0,12.5,-0.0988,2.542403,False,
ARS-ARS-BHA-EVE-LIV,4,2+1+1+1,0,2.8182,2.6,3.0,-0.1,2,"ARS,ARS","COV,NFO",BHA-COV-EVE-LIV-NFO,5,1+1+1+1+1,0,2.4792,100.0,18.8,-0.1308,2.542403,False,
ARS-ARS-EVE-LEE-LIV,4,2+1+1+1,0,2.8182,2.6,3.0,-0.1,2,"ARS,LEE","BOU,COV",ARS-BOU-COV-EVE-LIV,5,1+1+1+1+1,0,2.4792,100.0,18.8,-0.0922,2.542403,False,
AVL-EVE-IPS-IPS-LIV,4,2+1+1+1,0,2.8182,2.6,3.0,-0.1,2,"IPS,IPS","COV,LEE",AVL-COV-EVE-LEE-LIV,5,1+1+1+1+1,0,2.4792,93.8,12.5,-0.1361,2.542403,False,
AVL-EVE-IPS-IPS-MCI,4,2+1+1+1,0,2.8182,2.6,3.0,-0.1,2,"EVE,IPS","CHE,NFO",AVL-CHE-IPS-MCI-NFO,5,1+1+1+1+1,0,2.4792,100.0,18.8,-0.0641,2.542403,False,
BHA-EVE-IPS-IPS-LIV,4,2+1+1+1,0,2.8182,2.6,3.0,-0.1,2,"IPS,IPS","COV,NFO",BHA-COV-EVE-LIV-NFO,5,1+1+1+1+1,0,2.4792,100.0,18.8,-0.1308,2.542403,False,
BHA-EVE-IPS-IPS-MCI,4,2+1+1+1,0,2.8182,2.6,3.0,-0.1,2,"BHA,IPS","CHE,COV",CHE-COV-EVE-IPS-MCI,5,1+1+1+1+1,0,2.4792,100.0,18.8,-0.0363,2.542403,False,
CHE-CRY-IPS-IPS-LIV,4,2+1+1+1,0,2.8182,2.6,3.0,-0.0823,2,"CRY,IPS","BOU,NEW",BOU-CHE-IPS-LIV-NEW,5,1+1+1+1+1,0,2.4792,100.0,12.5,-0.1874,2.542403,False,
CHE-CRY-IPS-IPS-MCI,4,2+1+1+1,0,2.8182,2.6,3.0,-0.0823,2,"CRY,IPS","LIV,NEW",CHE-IPS-LIV-MCI-NEW,5,1+1+1+1+1,0,2.4792,100.0,12.5,-0.1753,2.542403,False,
EVE-EVE-IPS-MCI-NFO,4,2+1+1+1,0,2.8182,2.6,3.0,-0.0634,2,"EVE,EVE","CHE,LIV",CHE-IPS-LIV-MCI-NFO,5,1+1+1+1+1,0,2.4792,100.0,12.5,-0.0652,2.542403,False,
BRE-CHE-EVE-IPS-IPS,4,2+1+1+1,0,2.8182,2.6,3.0,-0.0622,2,"BRE,IPS","BOU,COV",BOU-CHE-COV-EVE-IPS,5,1+1+1+1+1,0,2.4792,100.0,18.8,-0.052,2.542403,False,
CHE-CRY-IPS-IPS-TOT,4,2+1+1+1,0,2.8182,2.6,3.0,-0.0622,2,"CRY,IPS","FUL,MCI",CHE-FUL-IPS-MCI-TOT,5,1+1+1+1+1,0,2.4792,100.0,18.8,-0.1129,2.542403,False,
ARS-AVL-AVL-CHE-IPS,4,2+1+1+1,0,2.8182,2.6,3.0,-0.0586,2,"ARS,IPS","COV,LEE",AVL-AVL-CHE-COV-LEE,4,2+1+1+1,0,2.4792,100.0,31.2,-0.1583,2.542403,False,
ARS-AVL-CHE-CHE-IPS,4,2+1+1+1,0,2.8182,2.6,3.0,-0.0208,2,"ARS,CHE","BOU,NFO",AVL-BOU-CHE-IPS-NFO,5,1+1+1+1+1,0,2.4792,100.0,12.5,-0.117,2.542403,False,
ARS-AVL-EVE-IPS-LIV,5,1+1+1+1+1,0,2.8182,2.6,3.0,0.0,2,"EVE,IPS","BOU,COV",ARS-AVL-BOU-COV-LIV,5,1+1+1+1+1,0,2.4792,100.0,12.5,-0.124,2.542403,False,
ARS-AVL-EVE-IPS-MCI,5,1+1+1+1+1,0,2.8182,2.6,3.0,0.0,2,"EVE,IPS","COV,LIV",ARS-AVL-COV-LIV-MCI,5,1+1+1+1+1,0,2.4792,100.0,12.5,-0.0988,2.542403,False,
ARS-BHA-EVE-IPS-LIV,5,1+1+1+1+1,0,2.8182,2.6,3.0,0.0,2,"ARS,IPS","COV,NFO",BHA-COV-EVE-LIV-NFO,5,1+1+1+1+1,0,2.4792,100.0,18.8,-0.1308,2.542403,False,
ARS-BHA-EVE-IPS-MCI,5,1+1+1+1+1,0,2.8182,2.6,3.0,0.0,2,"ARS,BHA","CHE,COV",CHE-COV-EVE-IPS-MCI,5,1+1+1+1+1,0,2.4792,100.0,18.8,-0.0363,2.542403,False,
ARS-EVE-IPS-LEE-LIV,5,1+1+1+1+1,0,2.8182,2.6,3.0,0.0,2,"IPS,LEE","BOU,COV",ARS-BOU-COV-EVE-LIV,5,1+1+1+1+1,0,2.4792,100.0,18.8,-0.0922,2.542403,False,
AVL-CRY-NFO-NFO-TOT,4,2+1+1+1,0,2.8182,2.6,3.0,0.0,2,"CRY,NFO","FUL,LEE",AVL-FUL-LEE-NFO-TOT,5,1+1+1+1+1,0,2.4792,100.0,0.0,-0.2008,2.542403,False,
BHA-CRY-NFO-NFO-TOT,4,2+1+1+1,0,2.8182,2.6,3.0,0.0,2,"BHA,NFO","BOU,FUL",BOU-CRY-FUL-NFO-TOT,5,1+1+1+1+1,0,2.4792,100.0,18.8,-0.177,2.542403,False,
ARS-CHE-CRY-IPS-LIV,5,1+1+1+1+1,0,2.8182,2.6,3.0,0.0177,2,"ARS,CRY","BOU,NEW",BOU-CHE-IPS-LIV-NEW,5,1+1+1+1+1,0,2.4792,100.0,12.5,-0.1874,2.542403,False,
ARS-CHE-CRY-IPS-MCI,5,1+1+1+1+1,0,2.8182,2.6,3.0,0.0177,2,"ARS,CRY","LIV,NEW",CHE-IPS-LIV-MCI-NEW,5,1+1+1+1+1,0,2.4792,100.0,12.5,-0.1753,2.542403,False,
ARS-AVL-CRY-NFO-TOT,5,1+1+1+1+1,0,2.8182,2.6,3.0,0.0366,2,"ARS,CRY","FUL,LEE",AVL-FUL-LEE-NFO-TOT,5,1+1+1+1+1,0,2.4792,100.0,0.0,-0.2008,2.542403,False,
ARS-BHA-CRY-NFO-TOT,5,1+1+1+1+1,0,2.8182,2.6,3.0,0.0366,2,"ARS,BHA","BOU,FUL",BOU-CRY-FUL-NFO-TOT,5,1+1+1+1+1,0,2.4792,100.0,18.8,-0.177,2.542403,False,
AVL-CRY-IPS-NFO-TOT,5,1+1+1+1+1,0,2.8182,2.6,3.0,0.0366,2,"CRY,IPS","FUL,LEE",AVL-FUL-LEE-NFO-TOT,5,1+1+1+1+1,0,2.4792,100.0,0.0,-0.2008,2.542403,False,
BHA-CRY-IPS-NFO-TOT,5,1+1+1+1+1,0,2.8182,2.6,3.0,0.0366,2,"BHA,IPS","BOU,FUL",BOU-CRY-FUL-NFO-TOT,5,1+1+1+1+1,0,2.4792,100.0,18.8,-0.177,2.542403,False,
ARS-BRE-CHE-EVE-IPS,5,1+1+1+1+1,0,2.8182,2.6,3.0,0.0378,2,"ARS,BRE","BOU,COV",BOU-CHE-COV-EVE-IPS,5,1+1+1+1+1,0,2.4792,100.0,18.8,-0.052,2.542403,False,
ARS-CHE-CRY-IPS-TOT,5,1+1+1+1+1,0,2.8182,2.6,3.0,0.0378,2,"ARS,CRY","FUL,MCI",CHE-FUL-IPS-MCI-TOT,5,1+1+1+1+1,0,2.4792,100.0,18.8,-0.1129,2.542403,False,
CHE-CHE-CRY-IPS-NFO,4,2+1+1+1,0,2.8182,2.6,3.0,0.0444,2,"CHE,CRY","BOU,FUL",BOU-CHE-FUL-IPS-NFO,5,1+1+1+1+1,0,2.4792,100.0,6.2,-0.1258,2.542403,False,
ARS-ARS-EVE-LEE-TOT,4,2+1+1+1,0,2.8182,2.6,3.0,0.05,2,"ARS,ARS","COV,FUL",COV-EVE-FUL-LEE-TOT,5,1+1+1+1+1,0,2.4792,100.0,6.2,-0.1706,2.542403,False,
CRY-IPS-IPS-LEE-MCI,4,2+1+1+1,0,2.8182,2.6,3.0,0.05,2,"CRY,IPS","COV,FUL",COV-FUL-IPS-LEE-MCI,5,1+1+1+1+1,0,2.4792,100.0,18.8,-0.1204,2.542403,False,
EVE-IPS-IPS-LEE-TOT,4,2+1+1+1,0,2.8182,2.6,3.0,0.05,2,"IPS,IPS","COV,FUL",COV-EVE-FUL-LEE-TOT,5,1+1+1+1+1,0,2.4792,100.0,6.2,-0.1706,2.542403,False,
ARS-AVL-AVL-EVE-NFO,4,2+1+1+1,0,2.8182,2.6,3.0,0.0634,2,"ARS,AVL","CHE,COV",AVL-CHE-COV-EVE-NFO,5,1+1+1+1+1,0,2.4792,100.0,6.2,-0.1231,2.542403,False,
ARS-BHA-BHA-EVE-NFO,4,2+1+1+1,0,2.8182,2.6,3.0,0.0634,2,"ARS,BHA","COV,LIV",BHA-COV-EVE-LIV-NFO,5,1+1+1+1+1,0,2.4792,100.0,18.8,-0.1308,2.542403,False,
AVL-AVL-EVE-IPS-NFO,4,2+1+1+1,0,2.8182,2.6,3.0,0.0634,2,"AVL,IPS","CHE,COV",AVL-CHE-COV-EVE-NFO,5,1+1+1+1+1,0,2.4792,100.0,6.2,-0.1231,2.542403,False,
BHA-BHA-EVE-IPS-NFO,4,2+1+1+1,0,2.8182,2.6,3.0,0.0634,2,"BHA,IPS","COV,LIV",BHA-COV-EVE-LIV-NFO,5,1+1+1+1+1,0,2.4792,100.0,18.8,-0.1308,2.542403,False,
ARS-AVL-AVL-IPS-LEE,4,2+1+1+1,0,2.8182,2.6,3.0,0.1,2,"ARS,IPS","CHE,COV",AVL-AVL-CHE-COV-LEE,4,2+1+1+1,0,2.4792,100.0,31.2,-0.1583,2.542403,False,
BHA-CHE-CRY-NFO-NFO,4,2+1+1+1,0,2.8182,2.6,3.0,0.1206,2,"CHE,CRY","BOU,LIV",BOU-BHA-LIV-NFO-NFO,4,2+1+1+1,0,2.4792,100.0,25.0,-0.147,2.542403,False,
ARS-CRY-IPS-LEE-MCI,5,1+1+1+1+1,0,2.8182,2.6,3.0,0.15,2,"ARS,CRY","COV,FUL",COV-FUL-IPS-LEE-MCI,5,1+1+1+1+1,0,2.4792,100.0,18.8,-0.1204,2.542403,False,
ARS-EVE-EVE-NFO-TOT,4,2+1+1+1,0,2.8182,2.6,3.0,0.15,2,"ARS,EVE","CHE,FUL",CHE-EVE-FUL-NFO-TOT,5,1+1+1+1+1,0,2.4792,100.0,6.2,-0.1683,2.542403,False,
ARS-EVE-IPS-LEE-TOT,5,1+1+1+1+1,0,2.8182,2.6,3.0,0.15,2,"ARS,IPS","COV,FUL",COV-EVE-FUL-LEE-TOT,5,1+1+1+1+1,0,2.4792,100.0,6.2,-0.1706,2.542403,False,
EVE-EVE-IPS-NFO-TOT,4,2+1+1+1,0,2.8182,2.6,3.0,0.15,2,"EVE,IPS","CHE,FUL",CHE-EVE-FUL-NFO-TOT,5,1+1+1+1+1,0,2.4792,100.0,6.2,-0.1683,2.542403,False,
ARS-BHA-CHE-CRY-NFO,5,1+1+1+1+1,0,2.8182,2.6,3.0,0.1722,2,"ARS,CRY","BOU,NFO",BOU-BHA-CHE-NFO-NFO,4,2+1+1+1,0,2.4792,100.0,18.8,-0.1158,2.542403,False,
BHA-CHE-CRY-IPS-NFO,5,1+1+1+1+1,0,2.8182,2.6,3.0,0.1722,2,"BHA,CRY","BOU,FUL",BOU-CHE-FUL-IPS-NFO,5,1+1+1+1+1,0,2.4792,100.0,6.2,-0.1258,2.542403,False,
AVL-CRY-CRY-NFO-SUN,4,2+1+1+1,1,2.8182,2.6,3.0,0.2098,2,"CRY,SUN","BOU,LIV",AVL-BOU-CRY-LIV-NFO,5,1+1+1+1+1,0,2.4792,93.8,12.5,-0.1217,2.542403,False,
BHA-CRY-CRY-MUN-NFO,4,2+1+1+1,0,2.8182,2.6,3.0,0.2098,2,"CRY,MUN","BOU,LIV",BOU-BHA-CRY-LIV-NFO,5,1+1+1+1+1,0,2.4792,100.0,18.8,-0.1001,2.542403,False,
BHA-CRY-CRY-NFO-SUN,4,2+1+1+1,1,2.8182,2.6,3.0,0.2098,2,"CRY,SUN","BOU,LIV",BOU-BHA-CRY-LIV-NFO,5,1+1+1+1+1,0,2.4792,100.0,18.8,-0.1001,2.542403,False,
ARS-ARS-AVL-CRY-LIV,4,2+1+1+1,0,2.8182,2.6,3.0,0.2232,2,"ARS,ARS","BOU,NEW",AVL-BOU-CRY-LIV-NEW,5,1+1+1+1+1,0,2.4792,100.0,6.2,-0.1674,2.542403,False,
ARS-ARS-AVL-CRY-MCI,4,2+1+1+1,0,2.8182,2.6,3.0,0.2232,2,"ARS,ARS","LIV,NEW",AVL-CRY-LIV-MCI-NEW,5,1+1+1+1+1,0,2.4792,100.0,12.5,-0.1535,2.542403,False,
ARS-ARS-BHA-CRY-LIV,4,2+1+1+1,0,2.8182,2.6,3.0,0.2232,2,"ARS,ARS","BOU,NFO",BOU-BHA-CRY-LIV-NFO,5,1+1+1+1+1,0,2.4792,100.0,18.8,-0.1001,2.542403,False,
ARS-ARS-BHA-CRY-MCI,4,2+1+1+1,0,2.8182,2.6,3.0,0.2232,2,"ARS,ARS","LIV,NFO",BHA-CRY-LIV-MCI-NFO,5,1+1+1+1+1,0,2.4792,100.0,25.0,-0.0977,2.542403,False,
AVL-CRY-IPS-IPS-LIV,4,2+1+1+1,0,2.8182,2.6,3.0,0.2232,2,"IPS,IPS","BOU,NEW",AVL-BOU-CRY-LIV-NEW,5,1+1+1+1+1,0,2.4792,100.0,6.2,-0.1674,2.542403,False,
AVL-CRY-IPS-IPS-MCI,4,2+1+1+1,0,2.8182,2.6,3.0,0.2232,2,"IPS,IPS","LIV,NEW",AVL-CRY-LIV-MCI-NEW,5,1+1+1+1+1,0,2.4792,100.0,12.5,-0.1535,2.542403,False,
BHA-CRY-IPS-IPS-LIV,4,2+1+1+1,0,2.8182,2.6,3.0,0.2232,2,"IPS,IPS","BOU,NFO",BOU-BHA-CRY-LIV-NFO,5,1+1+1+1+1,0,2.4792,100.0,18.8,-0.1001,2.542403,False,
BHA-CRY-IPS-IPS-MCI,4,2+1+1+1,0,2.8182,2.6,3.0,0.2232,2,"IPS,IPS","LIV,NFO",BHA-CRY-LIV-MCI-NFO,5,1+1+1+1+1,0,2.4792,100.0,25.0,-0.0977,2.542403,False,
ARS-ARS-CHE-EVE-TOT,4,2+1+1+1,0,2.8182,2.6,3.0,0.2579,2,"ARS,ARS","FUL,NFO",CHE-EVE-FUL-NFO-TOT,5,1+1+1+1+1,0,2.4792,100.0,6.2,-0.1683,2.542403,False,
CHE-EVE-IPS-IPS-TOT,4,2+1+1+1,0,2.8182,2.6,3.0,0.2579,2,"IPS,IPS","FUL,NFO",CHE-EVE-FUL-NFO-TOT,5,1+1+1+1+1,0,2.4792,100.0,6.2,-0.1683,2.542403,False,
ARS-AVL-CRY-IPS-LIV,5,1+1+1+1+1,0,2.8182,2.6,3.0,0.3232,2,"ARS,IPS","BOU,NEW",AVL-BOU-CRY-LIV-NEW,5,1+1+1+1+1,0,2.4792,100.0,6.2,-0.1674,2.542403,False,
ARS-AVL-CRY-IPS-MCI,5,1+1+1+1+1,0,2.8182,2.6,3.0,0.3232,2,"ARS,IPS","LIV,NEW",AVL-CRY-LIV-MCI-NEW,5,1+1+1+1+1,0,2.4792,100.0,12.5,-0.1535,2.542403,False,
ARS-BHA-CRY-IPS-LIV,5,1+1+1+1+1,0,2.8182,2.6,3.0,0.3232,2,"ARS,IPS","BOU,NFO",BOU-BHA-CRY-LIV-NFO,5,1+1+1+1+1,0,2.4792,100.0,18.8,-0.1001,2.542403,False,
ARS-BHA-CRY-IPS-MCI,5,1+1+1+1+1,0,2.8182,2.6,3.0,0.3232,2,"ARS,IPS","LIV,NFO",BHA-CRY-LIV-MCI-NFO,5,1+1+1+1+1,0,2.4792,100.0,25.0,-0.0977,2.542403,False,
ARS-CHE-EVE-IPS-TOT,5,1+1+1+1+1,0,2.8182,2.6,3.0,0.3579,2,"ARS,IPS","FUL,NFO",CHE-EVE-FUL-NFO-TOT,5,1+1+1+1+1,0,2.4792,100.0,6.2,-0.1683,2.542403,False,
ARS-AVL-BRE-CRY-NFO,5,1+1+1+1+1,0,2.8182,2.6,3.0,0.4464,2,"ARS,CRY","BOU,COV",AVL-BOU-BRE-COV-NFO,5,1+1+1+1+1,0,2.4792,100.0,18.8,-0.14,2.542403,False,
ARS-BRE-BHA-CRY-NFO,5,1+1+1+1+1,0,2.8182,2.6,3.0,0.4464,2,"ARS,BRE","BOU,LIV",BOU-BHA-CRY-LIV-NFO,5,1+1+1+1+1,0,2.4792,100.0,18.8,-0.1001,2.542403,False,
ARS-BHA-CRY-MCI-NFO,5,1+1+1+1+1,0,2.8182,2.6,3.0,0.4464,2,"ARS,CRY","LIV,NEW",BHA-LIV-MCI-NEW-NFO,5,1+1+1+1+1,0,2.4792,100.0,12.5,-0.1303,2.542403,False,
AVL-BRE-CRY-IPS-NFO,5,1+1+1+1+1,0,2.8182,2.6,3.0,0.4464,2,"CRY,IPS","BOU,COV",AVL-BOU-BRE-COV-NFO,5,1+1+1+1+1,0,2.4792,100.0,18.8,-0.14,2.542403,False,
BRE-BHA-CRY-IPS-NFO,5,1+1+1+1+1,0,2.8182,2.6,3.0,0.4464,2,"BRE,IPS","BOU,LIV",BOU-BHA-CRY-LIV-NFO,5,1+1+1+1+1,0,2.4792,100.0,18.8,-0.1001,2.542403,False,
BHA-CRY-IPS-MCI-NFO,5,1+1+1+1+1,0,2.8182,2.6,3.0,0.4464,2,"CRY,IPS","LIV,NEW",BHA-LIV-MCI-NEW-NFO,5,1+1+1+1+1,0,2.4792,100.0,12.5,-0.1303,2.542403,False,
AVL-BRE-CRY-NFO-NFO,4,2+1+1+1,0,2.8182,2.6,3.0,0.4964,2,"CRY,NFO","BOU,COV",AVL-BOU-BRE-COV-NFO,5,1+1+1+1+1,0,2.4792,100.0,18.8,-0.14,2.542403,False,
BRE-BHA-CRY-NFO-NFO,4,2+1+1+1,0,2.8182,2.6,3.0,0.4964,2,"BRE,CRY","BOU,LIV",BOU-BHA-LIV-NFO-NFO,4,2+1+1+1,0,2.4792,100.0,25.0,-0.147,2.542403,False,
BHA-CRY-MCI-NFO-NFO,4,2+1+1+1,0,2.8182,2.6,3.0,0.4964,2,"CRY,MCI","BOU,LIV",BOU-BHA-LIV-NFO-NFO,4,2+1+1+1,0,2.4792,100.0,25.0,-0.147,2.542403,False,
ARS-CHE-EVE-EVE-SUN,4,2+1+1+1,1,2.8182,2.6,3.0,0.6524,2,"ARS,EVE","COV,MCI",CHE-COV-EVE-MCI-SUN,5,1+1+1+1+1,1,2.4792,100.0,12.5,-0.1133,2.542403,False,
CHE-EVE-EVE-IPS-MUN,4,2+1+1+1,0,2.8182,2.6,3.0,0.6524,2,"EVE,MUN","BOU,COV",BOU-CHE-COV-EVE-IPS,5,1+1+1+1+1,0,2.4792,100.0,18.8,-0.052,2.542403,False,
ARS-BRE-EVE-EVE-LIV,4,2+1+1+1,0,2.8182,2.8,2.83,-0.3,2,"BRE,EVE","BOU,COV",ARS-BOU-COV-EVE-LIV,5,1+1+1+1+1,0,2.4792,100.0,18.8,-0.0922,2.542403,False,
BRE-EVE-EVE-IPS-MCI,4,2+1+1+1,0,2.8182,2.8,2.83,-0.3,2,"BRE,EVE","CHE,COV",CHE-COV-EVE-IPS-MCI,5,1+1+1+1+1,0,2.4792,100.0,18.8,-0.0363,2.542403,False,
ARS-AVL-EVE-EVE-LIV,4,2+1+1+1,0,2.8182,2.8,2.83,-0.2366,2,"EVE,EVE","BOU,COV",ARS-AVL-BOU-COV-LIV,5,1+1+1+1+1,0,2.4792,100.0,12.5,-0.124,2.542403,False,
ARS-AVL-EVE-EVE-MCI,4,2+1+1+1,0,2.8182,2.8,2.83,-0.2366,2,"EVE,EVE","COV,LIV",ARS-AVL-COV-LIV-MCI,5,1+1+1+1+1,0,2.4792,100.0,12.5,-0.0988,2.542403,False,
ARS-BHA-EVE-EVE-LIV,4,2+1+1+1,0,2.8182,2.8,2.83,-0.2366,2,"ARS,EVE","COV,NFO",BHA-COV-EVE-LIV-NFO,5,1+1+1+1+1,0,2.4792,100.0,18.8,-0.1308,2.542403,False,
AVL-EVE-EVE-IPS-LIV,4,2+1+1+1,0,2.8182,2.8,2.83,-0.2366,2,"EVE,IPS","COV,LEE",AVL-COV-EVE-LEE-LIV,5,1+1+1+1+1,0,2.4792,93.8,12.5,-0.1361,2.542403,False,
AVL-EVE-EVE-IPS-MCI,4,2+1+1+1,0,2.8182,2.8,2.83,-0.2366,2,"EVE,EVE","CHE,NFO",AVL-CHE-IPS-MCI-NFO,5,1+1+1+1+1,0,2.4792,100.0,18.8,-0.0641,2.542403,False,
BHA-EVE-EVE-IPS-LIV,4,2+1+1+1,0,2.8182,2.8,2.83,-0.2366,2,"EVE,IPS","COV,NFO",BHA-COV-EVE-LIV-NFO,5,1+1+1+1+1,0,2.4792,100.0,18.8,-0.1308,2.542403,False,
BHA-EVE-EVE-IPS-MCI,4,2+1+1+1,0,2.8182,2.8,2.83,-0.2366,2,"BHA,EVE","CHE,COV",CHE-COV-EVE-IPS-MCI,5,1+1+1+1+1,0,2.4792,100.0,18.8,-0.0363,2.542403,False,
CHE-CRY-CRY-IPS-TOT,4,2+1+1+1,0,2.8182,2.8,2.83,-0.2067,2,"CRY,CRY","FUL,MCI",CHE-FUL-IPS-MCI-TOT,5,1+1+1+1+1,0,2.4792,100.0,18.8,-0.1129,2.542403,False,
ARS-AVL-AVL-CHE-EVE,4,2+1+1+1,0,2.8182,2.8,2.83,-0.2062,2,"ARS,EVE","COV,LEE",AVL-AVL-CHE-COV-LEE,4,2+1+1+1,0,2.4792,100.0,31.2,-0.1583,2.542403,False,
AVL-AVL-CHE-EVE-IPS,4,2+1+1+1,0,2.8182,2.8,2.83,-0.2062,2,"EVE,IPS","COV,LEE",AVL-AVL-CHE-COV-LEE,4,2+1+1+1,0,2.4792,100.0,31.2,-0.1583,2.542403,False,
BHA-BHA-CHE-EVE-IPS,4,2+1+1+1,0,2.8182,2.8,2.83,-0.2062,2,"BHA,BHA","BOU,COV",BOU-CHE-COV-EVE-IPS,5,1+1+1+1+1,0,2.4792,100.0,18.8,-0.052,2.542403,False,
AVL-CHE-CHE-CRY-IPS,4,2+1+1+1,0,2.8182,2.8,2.83,-0.1732,2,"CHE,CRY","BOU,NFO",AVL-BOU-CHE-IPS-NFO,5,1+1+1+1+1,0,2.4792,100.0,12.5,-0.117,2.542403,False,
ARS-EVE-EVE-LIV-TOT,4,2+1+1+1,0,2.8182,2.8,2.83,-0.15,2,"ARS,EVE","NEW,NFO",EVE-LIV-NEW-NFO-TOT,5,1+1+1+1+1,0,2.4792,100.0,25.0,-0.1014,2.542403,False,
CRY-CRY-IPS-MCI-TOT,4,2+1+1+1,0,2.8182,2.8,2.83,-0.15,2,"CRY,CRY","CHE,FUL",CHE-FUL-IPS-MCI-TOT,5,1+1+1+1+1,0,2.4792,100.0,18.8,-0.1129,2.542403,False,
EVE-EVE-IPS-LIV-TOT,4,2+1+1+1,0,2.8182,2.8,2.83,-0.15,2,"EVE,IPS","NEW,NFO",EVE-LIV-NEW-NFO-TOT,5,1+1+1+1+1,0,2.4792,100.0,25.0,-0.1014,2.542403,False,
EVE-EVE-IPS-MCI-TOT,4,2+1+1+1,0,2.8182,2.8,2.83,-0.15,2,"EVE,EVE","CHE,FUL",CHE-FUL-IPS-MCI-TOT,5,1+1+1+1+1,0,2.4792,100.0,18.8,-0.1129,2.542403,False,
ARS-AVL-AVL-EVE-LEE,4,2+1+1+1,0,2.8182,2.8,2.83,-0.1232,2,"ARS,EVE","CHE,COV",AVL-AVL-CHE-COV-LEE,4,2+1+1+1,0,2.4792,100.0,31.2,-0.1583,2.542403,False,
AVL-AVL-EVE-IPS-LEE,4,2+1+1+1,0,2.8182,2.8,2.83,-0.1232,2,"EVE,IPS","CHE,COV",AVL-AVL-CHE-COV-LEE,4,2+1+1+1,0,2.4792,100.0,31.2,-0.1583,2.542403,False,
ARS-AVL-CRY-LEE-TOT,5,1+1+1+1+1,0,2.8182,2.8,2.83,-0.1,2,"ARS,CRY","FUL,NFO",AVL-FUL-LEE-NFO-TOT,5,1+1+1+1+1,0,2.4792,100.0,0.0,-0.2008,2.542403,False,
ARS-EVE-LEE-LEE-LIV,4,2+1+1+1,0,2.8182,2.8,2.83,-0.1,2,"LEE,LEE","BOU,COV",ARS-BOU-COV-EVE-LIV,5,1+1+1+1+1,0,2.4792,100.0,18.8,-0.0922,2.542403,False,
AVL-CRY-IPS-LEE-TOT,5,1+1+1+1+1,0,2.8182,2.8,2.83,-0.1,2,"CRY,IPS","FUL,NFO",AVL-FUL-LEE-NFO-TOT,5,1+1+1+1+1,0,2.4792,100.0,0.0,-0.2008,2.542403,False,
ARS-BRE-CHE-EVE-LEE,5,1+1+1+1+1,0,2.8182,2.8,2.83,-0.0811,2,"ARS,BRE","FUL,TOT",CHE-EVE-FUL-LEE-TOT,5,1+1+1+1+1,0,2.4792,100.0,12.5,-0.1443,2.542403,False,
BRE-CHE-EVE-IPS-LEE,5,1+1+1+1+1,0,2.8182,2.8,2.83,-0.0811,2,"BRE,IPS","FUL,TOT",CHE-EVE-FUL-LEE-TOT,5,1+1+1+1+1,0,2.4792,100.0,12.5,-0.1443,2.542403,False,
CHE-CRY-CRY-IPS-LIV,4,2+1+1+1,0,2.8182,2.8,2.83,-0.0768,2,"CRY,CRY","BOU,NEW",BOU-CHE-IPS-LIV-NEW,5,1+1+1+1+1,0,2.4792,100.0,12.5,-0.1874,2.542403,False,
CHE-CRY-CRY-IPS-MCI,4,2+1+1+1,0,2.8182,2.8,2.83,-0.0768,2,"CRY,CRY","LIV,NEW",CHE-IPS-LIV-MCI-NEW,5,1+1+1+1+1,0,2.4792,100.0,12.5,-0.1753,2.542403,False,
CRY-CRY-MCI-NFO-TOT,4,2+1+1+1,0,2.8182,2.8,2.83,-0.0634,2,"CRY,MCI","BOU,FUL",BOU-CRY-FUL-NFO-TOT,5,1+1+1+1+1,0,2.4792,100.0,18.8,-0.177,2.542403,False,
BRE-CHE-CHE-EVE-IPS,4,2+1+1+1,0,2.8182,2.8,2.83,-0.0622,2,"BRE,CHE","BOU,COV",BOU-CHE-COV-EVE-IPS,5,1+1+1+1+1,0,2.4792,100.0,18.8,-0.052,2.542403,False,
ARS-AVL-EVE-LEE-LEE,4,2+1+1+1,0,2.8182,2.8,2.83,-0.0366,2,"ARS,LEE","CHE,COV",AVL-CHE-COV-EVE-LEE,5,1+1+1+1+1,0,2.4792,100.0,12.5,-0.128,2.542403,False,
AVL-EVE-IPS-LEE-LEE,4,2+1+1+1,0,2.8182,2.8,2.83,-0.0366,2,"IPS,LEE","CHE,COV",AVL-CHE-COV-EVE-LEE,5,1+1+1+1+1,0,2.4792,100.0,12.5,-0.128,2.542403,False,
ARS-AVL-AVL-CHE-CRY,4,2+1+1+1,0,2.8182,2.8,2.83,-0.0299,2,"ARS,CRY","COV,LEE",AVL-AVL-CHE-COV-LEE,4,2+1+1+1,0,2.4792,100.0,31.2,-0.1583,2.542403,False,
AVL-AVL-CHE-CRY-IPS,4,2+1+1+1,0,2.8182,2.8,2.83,-0.0299,2,"CRY,IPS","COV,LEE",AVL-AVL-CHE-COV-LEE,4,2+1+1+1,0,2.4792,100.0,31.2,-0.1583,2.542403,False,
ARS-BHA-CHE-EVE-LEE,5,1+1+1+1+1,0,2.8182,2.8,2.83,-0.0214,2,"ARS,BHA","FUL,TOT",CHE-EVE-FUL-LEE-TOT,5,1+1+1+1+1,0,2.4792,100.0,12.5,-0.1443,2.542403,False,
BHA-CHE-EVE-IPS-LEE,5,1+1+1+1+1,0,2.8182,2.8,2.83,-0.0214,2,"BHA,IPS","FUL,TOT",CHE-EVE-FUL-LEE-TOT,5,1+1+1+1+1,0,2.4792,100.0,12.5,-0.1443,2.542403,False,
ARS-AVL-CHE-CHE-EVE,4,2+1+1+1,0,2.8182,2.8,2.83,-0.0062,2,"ARS,CHE","COV,LEE",AVL-CHE-COV-EVE-LEE,5,1+1+1+1+1,0,2.4792,100.0,12.5,-0.128,2.542403,False,
AVL-CHE-CHE-EVE-IPS,4,2+1+1+1,0,2.8182,2.8,2.83,-0.0062,2,"CHE,IPS","COV,LEE",AVL-CHE-COV-EVE-LEE,5,1+1+1+1+1,0,2.4792,100.0,12.5,-0.128,2.542403,False,
BHA-CHE-CHE-EVE-IPS,4,2+1+1+1,0,2.8182,2.8,2.83,-0.0062,2,"BHA,CHE","BOU,COV",BOU-CHE-COV-EVE-IPS,5,1+1+1+1+1,0,2.4792,100.0,18.8,-0.052,2.542403,False,
BRE-CHE-CRY-CRY-NFO,4,2+1+1+1,0,2.8182,2.8,2.83,-0.0052,2,"CRY,CRY","AVL,BOU",AVL-BOU-BRE-CHE-NFO,5,1+1+1+1+1,0,2.4792,100.0,6.2,-0.1001,2.542403,False,
AVL-AVL-CRY-NFO-TOT,4,2+1+1+1,0,2.8182,2.8,2.83,0.0,2,"AVL,CRY","FUL,LEE",AVL-FUL-LEE-NFO-TOT,5,1+1+1+1+1,0,2.4792,100.0,0.0,-0.2008,2.542403,False,
BHA-BHA-CRY-NFO-TOT,4,2+1+1+1,0,2.8182,2.8,2.83,0.0,2,"BHA,BHA","BOU,FUL",BOU-CRY-FUL-NFO-TOT,5,1+1+1+1+1,0,2.4792,100.0,18.8,-0.177,2.542403,False,
ARS-EVE-LEE-LEE-TOT,4,2+1+1+1,0,2.8182,2.8,2.83,0.05,2,"ARS,LEE","COV,FUL",COV-EVE-FUL-LEE-TOT,5,1+1+1+1+1,0,2.4792,100.0,6.2,-0.1706,2.542403,False,
CRY-IPS-LEE-LEE-MCI,4,2+1+1+1,0,2.8182,2.8,2.83,0.05,2,"CRY,LEE","COV,FUL",COV-FUL-IPS-LEE-MCI,5,1+1+1+1+1,0,2.4792,100.0,18.8,-0.1204,2.542403,False,
EVE-IPS-LEE-LEE-TOT,4,2+1+1+1,0,2.8182,2.8,2.83,0.05,2,"IPS,LEE","COV,FUL",COV-EVE-FUL-LEE-TOT,5,1+1+1+1+1,0,2.4792,100.0,6.2,-0.1706,2.542403,False,
BHA-BHA-CHE-CRY-NFO,4,2+1+1+1,0,2.8182,2.8,2.83,0.0551,2,"BHA,CRY","BOU,NFO",BOU-BHA-CHE-NFO-NFO,4,2+1+1+1,0,2.4792,100.0,18.8,-0.1158,2.542403,False,
ARS-BHA-CRY-LEE-LIV,5,1+1+1+1+1,0,2.8182,2.8,2.83,0.2232,2,"ARS,CRY","AVL,NFO",AVL-BHA-LEE-LIV-NFO,5,1+1+1+1+1,0,2.4792,100.0,12.5,-0.1076,2.542403,False,
ARS-BHA-CRY-LEE-MCI,5,1+1+1+1+1,0,2.8182,2.8,2.83,0.2232,2,"ARS,CRY","COV,FUL",BHA-COV-FUL-LEE-MCI,5,1+1+1+1+1,0,2.4792,100.0,12.5,-0.149,2.542403,False,
BHA-CRY-IPS-LEE-LIV,5,1+1+1+1+1,0,2.8182,2.8,2.83,0.2232,2,"CRY,IPS","AVL,NFO",AVL-BHA-LEE-LIV-NFO,5,1+1+1+1+1,0,2.4792,100.0,12.5,-0.1076,2.542403,False,
BHA-CRY-IPS-LEE-MCI,5,1+1+1+1+1,0,2.8182,2.8,2.83,0.2232,2,"CRY,IPS","COV,FUL",BHA-COV-FUL-LEE-MCI,5,1+1+1+1+1,0,2.4792,100.0,12.5,-0.149,2.542403,False,
ARS-CHE-EVE-LEE-TOT,5,1+1+1+1+1,0,2.8182,2.8,2.83,0.239,2,"ARS,EVE","FUL,NFO",CHE-FUL-LEE-NFO-TOT,5,1+1+1+1+1,0,2.4792,100.0,6.2,-0.1838,2.542403,False,
CHE-EVE-IPS-LEE-TOT,5,1+1+1+1+1,0,2.8182,2.8,2.83,0.239,2,"EVE,IPS","FUL,NFO",CHE-FUL-LEE-NFO-TOT,5,1+1+1+1+1,0,2.4792,100.0,6.2,-0.1838,2.542403,False,
ARS-CRY-CRY-LIV-MCI,4,2+1+1+1,0,2.8182,2.8,2.83,0.3,2,"ARS,CRY","AVL,NEW",AVL-CRY-LIV-MCI-NEW,5,1+1+1+1+1,0,2.4792,100.0,12.5,-0.1535,2.542403,False,
CRY-CRY-IPS-LIV-MCI,4,2+1+1+1,0,2.8182,2.8,2.83,0.3,2,"CRY,CRY","CHE,NEW",CHE-IPS-LIV-MCI-NEW,5,1+1+1+1+1,0,2.4792,100.0,12.5,-0.1753,2.542403,False,
ARS-AVL-AVL-CRY-LIV,4,2+1+1+1,0,2.8182,2.8,2.83,0.3964,2,"ARS,AVL","BOU,NEW",AVL-BOU-CRY-LIV-NEW,5,1+1+1+1+1,0,2.4792,100.0,6.2,-0.1674,2.542403,False,
ARS-AVL-AVL-CRY-MCI,4,2+1+1+1,0,2.8182,2.8,2.83,0.3964,2,"ARS,AVL","LIV,NEW",AVL-CRY-LIV-MCI-NEW,5,1+1+1+1+1,0,2.4792,100.0,12.5,-0.1535,2.542403,False,
ARS-BHA-BHA-CRY-LIV,4,2+1+1+1,0,2.8182,2.8,2.83,0.3964,2,"ARS,BHA","BOU,NFO",BOU-BHA-CRY-LIV-NFO,5,1+1+1+1+1,0,2.4792,100.0,18.8,-0.1001,2.542403,False,
ARS-BHA-BHA-CRY-MCI,4,2+1+1+1,0,2.8182,2.8,2.83,0.3964,2,"ARS,BHA","LIV,NFO",BHA-CRY-LIV-MCI-NFO,5,1+1+1+1+1,0,2.4792,100.0,25.0,-0.0977,2.542403,False,
AVL-AVL-CRY-IPS-LIV,4,2+1+1+1,0,2.8182,2.8,2.83,0.3964,2,"AVL,IPS","BOU,NEW",AVL-BOU-CRY-LIV-NEW,5,1+1+1+1+1,0,2.4792,100.0,6.2,-0.1674,2.542403,False,
AVL-AVL-CRY-IPS-MCI,4,2+1+1+1,0,2.8182,2.8,2.83,0.3964,2,"AVL,IPS","LIV,NEW",AVL-CRY-LIV-MCI-NEW,5,1+1+1+1+1,0,2.4792,100.0,12.5,-0.1535,2.542403,False,
BHA-BHA-CRY-IPS-LIV,4,2+1+1+1,0,2.8182,2.8,2.83,0.3964,2,"BHA,IPS","BOU,NFO",BOU-BHA-CRY-LIV-NFO,5,1+1+1+1+1,0,2.4792,100.0,18.8,-0.1001,2.542403,False,
BHA-BHA-CRY-IPS-MCI,4,2+1+1+1,0,2.8182,2.8,2.83,0.3964,2,"BHA,IPS","LIV,NFO",BHA-CRY-LIV-MCI-NFO,5,1+1+1+1+1,0,2.4792,100.0,25.0,-0.0977,2.542403,False,
ARS-CHE-CHE-EVE-TOT,4,2+1+1+1,0,2.8182,2.8,2.83,0.428,2,"ARS,CHE","FUL,NFO",CHE-EVE-FUL-NFO-TOT,5,1+1+1+1+1,0,2.4792,100.0,6.2,-0.1683,2.542403,False,
CHE-CHE-EVE-IPS-TOT,4,2+1+1+1,0,2.8182,2.8,2.83,0.428,2,"CHE,IPS","FUL,NFO",CHE-EVE-FUL-NFO-TOT,5,1+1+1+1+1,0,2.4792,100.0,6.2,-0.1683,2.542403,False,
BRE-CRY-CRY-MCI-NFO,4,2+1+1+1,0,2.8182,2.8,2.83,0.4732,2,"BRE,CRY","BHA,LIV",BHA-CRY-LIV-MCI-NFO,5,1+1+1+1+1,0,2.4792,100.0,25.0,-0.0977,2.542403,False,
CHE-EVE-EVE-LEE-MUN,4,2+1+1+1,0,2.8182,2.8,2.83,0.4835,2,"EVE,MUN","FUL,TOT",CHE-EVE-FUL-LEE-TOT,5,1+1+1+1+1,0,2.4792,100.0,12.5,-0.1443,2.542403,False,
CHE-EVE-EVE-LEE-SUN,4,2+1+1+1,1,2.8182,2.8,2.83,0.4835,2,"EVE,SUN","FUL,TOT",CHE-EVE-FUL-LEE-TOT,5,1+1+1+1+1,0,2.4792,100.0,12.5,-0.1443,2.542403,False,
AVL-AVL-BRE-CRY-NFO,4,2+1+1+1,0,2.8182,2.8,2.83,0.583,2,"AVL,CRY","BOU,COV",AVL-BOU-BRE-COV-NFO,5,1+1+1+1+1,0,2.4792,100.0,18.8,-0.14,2.542403,False,
BRE-BHA-BHA-CRY-NFO,4,2+1+1+1,0,2.8182,2.8,2.83,0.583,2,"BHA,BRE","BOU,LIV",BOU-BHA-CRY-LIV-NFO,5,1+1+1+1+1,0,2.4792,100.0,18.8,-0.1001,2.542403,False,
BHA-BHA-CRY-MCI-NFO,4,2+1+1+1,0,2.8182,2.8,2.83,0.583,2,"BHA,CRY","LIV,NEW",BHA-LIV-MCI-NEW-NFO,5,1+1+1+1+1,0,2.4792,100.0,12.5,-0.1303,2.542403,False,
AVL-BRE-CHE-EVE-EVE,4,2+1+1+1,0,2.8182,3.0,2.67,-0.2903,2,"BRE,EVE","COV,LEE",AVL-CHE-COV-EVE-LEE,5,1+1+1+1+1,0,2.4792,100.0,12.5,-0.128,2.542403,False,
AVL-CHE-CRY-CRY-TOT,4,2+1+1+1,0,2.8182,3.0,2.67,-0.2872,2,"CRY,CRY","FUL,NFO",AVL-CHE-FUL-NFO-TOT,5,1+1+1+1+1,0,2.4792,100.0,12.5,-0.1683,2.542403,False,
AVL-BRE-EVE-EVE-LEE,4,2+1+1+1,0,2.8182,3.0,2.67,-0.2866,2,"BRE,EVE","CHE,COV",AVL-CHE-COV-EVE-LEE,5,1+1+1+1+1,0,2.4792,100.0,12.5,-0.128,2.542403,False,
BHA-EVE-EVE-LEE-LIV,4,2+1+1+1,0,2.8182,3.0,2.67,-0.2866,2,"EVE,LEE","COV,NFO",BHA-COV-EVE-LIV-NFO,5,1+1+1+1+1,0,2.4792,100.0,18.8,-0.1308,2.542403,False,
CHE-CRY-CRY-LEE-TOT,4,2+1+1+1,0,2.8182,3.0,2.67,-0.2756,2,"CRY,CRY","FUL,NFO",CHE-FUL-LEE-NFO-TOT,5,1+1+1+1+1,0,2.4792,100.0,6.2,-0.1838,2.542403,False,
AVL-EVE-EVE-LEE-TOT,4,2+1+1+1,0,2.8182,3.0,2.67,-0.1598,2,"EVE,EVE","FUL,NFO",AVL-FUL-LEE-NFO-TOT,5,1+1+1+1+1,0,2.4792,100.0,0.0,-0.2008,2.542403,False,
BHA-EVE-EVE-LEE-TOT,4,2+1+1+1,0,2.8182,3.0,2.67,-0.1598,2,"BHA,EVE","COV,FUL",COV-EVE-FUL-LEE-TOT,5,1+1+1+1+1,0,2.4792,100.0,6.2,-0.1706,2.542403,False,
EVE-EVE-LEE-LIV-TOT,4,2+1+1+1,0,2.8182,3.0,2.67,-0.15,2,"EVE,LIV","COV,FUL",COV-EVE-FUL-LEE-TOT,5,1+1+1+1+1,0,2.4792,100.0,6.2,-0.1706,2.542403,False,
CHE-CRY-CRY-LEE-MCI,4,2+1+1+1,0,2.8182,3.0,2.67,-0.1457,2,"CRY,CRY","AVL,FUL",AVL-CHE-FUL-LEE-MCI,5,1+1+1+1+1,0,2.4792,93.8,12.5,-0.1661,2.542403,False,
AVL-EVE-LEE-LEE-TOT,4,2+1+1+1,0,2.8182,3.0,2.67,-0.1232,2,"EVE,LEE","FUL,NFO",AVL-FUL-LEE-NFO-TOT,5,1+1+1+1+1,0,2.4792,100.0,0.0,-0.2008,2.542403,False,
BHA-EVE-LEE-LEE-TOT,4,2+1+1+1,0,2.8182,3.0,2.67,-0.1232,2,"BHA,LEE","COV,FUL",COV-EVE-FUL-LEE-TOT,5,1+1+1+1+1,0,2.4792,100.0,6.2,-0.1706,2.542403,False,
CHE-CRY-LEE-LEE-MCI,4,2+1+1+1,0,2.8182,3.0,2.67,-0.1201,2,"CRY,LEE","AVL,FUL",AVL-CHE-FUL-LEE-MCI,5,1+1+1+1+1,0,2.4792,93.8,12.5,-0.1661,2.542403,False,
AVL-AVL-CRY-LEE-TOT,4,2+1+1+1,0,2.8182,3.0,2.67,-0.1,2,"AVL,CRY","FUL,NFO",AVL-FUL-LEE-NFO-TOT,5,1+1+1+1+1,0,2.4792,100.0,0.0,-0.2008,2.542403,False,
AVL-BRE-EVE-LEE-LEE,4,2+1+1+1,0,2.8182,3.0,2.67,-0.1,2,"BRE,LEE","CHE,COV",AVL-CHE-COV-EVE-LEE,5,1+1+1+1+1,0,2.4792,100.0,12.5,-0.128,2.542403,False,
AVL-CRY-LEE-LEE-TOT,4,2+1+1+1,0,2.8182,3.0,2.67,-0.1,2,"CRY,LEE","FUL,NFO",AVL-FUL-LEE-NFO-TOT,5,1+1+1+1+1,0,2.4792,100.0,0.0,-0.2008,2.542403,False,
BRE-CHE-CHE-EVE-LEE,4,2+1+1+1,0,2.8182,3.0,2.67,-0.1,2,"BRE,CHE","FUL,TOT",CHE-EVE-FUL-LEE-TOT,5,1+1+1+1+1,0,2.4792,100.0,12.5,-0.1443,2.542403,False,
BRE-CHE-EVE-LEE-LEE,4,2+1+1+1,0,2.8182,3.0,2.67,-0.1,2,"BRE,LEE","FUL,TOT",CHE-EVE-FUL-LEE-TOT,5,1+1+1+1+1,0,2.4792,100.0,12.5,-0.1443,2.542403,False,
BHA-EVE-LEE-LEE-LIV,4,2+1+1+1,0,2.8182,3.0,2.67,-0.1,2,"LEE,LEE","COV,NFO",BHA-COV-EVE-LIV-NFO,5,1+1+1+1+1,0,2.4792,100.0,18.8,-0.1308,2.542403,False,
CHE-CRY-LEE-LEE-TOT,4,2+1+1+1,0,2.8182,3.0,2.67,-0.1,2,"CRY,LEE","FUL,NFO",CHE-FUL-LEE-NFO-TOT,5,1+1+1+1+1,0,2.4792,100.0,6.2,-0.1838,2.542403,False,
EVE-LEE-LEE-LIV-TOT,4,2+1+1+1,0,2.8182,3.0,2.67,-0.1,2,"LEE,LIV","COV,FUL",COV-EVE-FUL-LEE-TOT,5,1+1+1+1+1,0,2.4792,100.0,6.2,-0.1706,2.542403,False,
BHA-CHE-CHE-EVE-LEE,4,2+1+1+1,0,2.8182,3.0,2.67,-0.094,2,"BHA,CHE","FUL,TOT",CHE-EVE-FUL-LEE-TOT,5,1+1+1+1+1,0,2.4792,100.0,12.5,-0.1443,2.542403,False,
BHA-CHE-EVE-LEE-LEE,4,2+1+1+1,0,2.8182,3.0,2.67,-0.0903,2,"BHA,LEE","FUL,TOT",CHE-EVE-FUL-LEE-TOT,5,1+1+1+1+1,0,2.4792,100.0,12.5,-0.1443,2.542403,False,
AVL-CHE-EVE-EVE-TOT,4,2+1+1+1,0,2.8182,3.0,2.67,0.0066,2,"EVE,EVE","FUL,NFO",AVL-CHE-FUL-NFO-TOT,5,1+1+1+1+1,0,2.4792,100.0,12.5,-0.1683,2.542403,False,
BHA-CHE-EVE-EVE-TOT,4,2+1+1+1,0,2.8182,3.0,2.67,0.0066,2,"BHA,EVE","FUL,NFO",CHE-EVE-FUL-NFO-TOT,5,1+1+1+1+1,0,2.4792,100.0,6.2,-0.1683,2.542403,False,
AVL-BRE-CHE-CRY-CRY,4,2+1+1+1,0,2.8182,3.0,2.67,0.0159,2,"CRY,CRY","BOU,NFO",AVL-BOU-BRE-CHE-NFO,5,1+1+1+1+1,0,2.4792,100.0,6.2,-0.1001,2.542403,False,
BHA-CHE-CRY-CRY-LIV,4,2+1+1+1,0,2.8182,3.0,2.67,0.0159,2,"CHE,CRY","BOU,NFO",BOU-BHA-CRY-LIV-NFO,5,1+1+1+1+1,0,2.4792,100.0,18.8,-0.1001,2.542403,False,
BHA-CHE-CRY-CRY-MCI,4,2+1+1+1,0,2.8182,3.0,2.67,0.0159,2,"CHE,CRY","LIV,NFO",BHA-CRY-LIV-MCI-NFO,5,1+1+1+1+1,0,2.4792,100.0,25.0,-0.0977,2.542403,False,
AVL-CRY-CRY-LIV-TOT,4,2+1+1+1,0,2.8182,3.0,2.67,0.0232,2,"CRY,TOT","BOU,NEW",AVL-BOU-CRY-LIV-NEW,5,1+1+1+1+1,0,2.4792,100.0,6.2,-0.1674,2.542403,False,
AVL-CRY-CRY-MCI-TOT,4,2+1+1+1,0,2.8182,3.0,2.67,0.0232,2,"CRY,TOT","LIV,NEW",AVL-CRY-LIV-MCI-NEW,5,1+1+1+1+1,0,2.4792,100.0,12.5,-0.1535,2.542403,False,
BHA-CRY-CRY-LIV-TOT,4,2+1+1+1,0,2.8182,3.0,2.67,0.0232,2,"CRY,TOT","BOU,NFO",BOU-BHA-CRY-LIV-NFO,5,1+1+1+1+1,0,2.4792,100.0,18.8,-0.1001,2.542403,False,
BHA-CRY-CRY-MCI-TOT,4,2+1+1+1,0,2.8182,3.0,2.67,0.0232,2,"CRY,TOT","LIV,NFO",BHA-CRY-LIV-MCI-NFO,5,1+1+1+1+1,0,2.4792,100.0,25.0,-0.0977,2.542403,False,
CRY-LEE-LEE-LIV-MCI,4,2+1+1+1,0,2.8182,3.0,2.67,0.2,2,"LEE,LEE","AVL,NEW",AVL-CRY-LIV-MCI-NEW,5,1+1+1+1+1,0,2.4792,100.0,12.5,-0.1535,2.542403,False,
CHE-EVE-LEE-LEE-TOT,4,2+1+1+1,0,2.8182,3.0,2.67,0.2201,2,"EVE,LEE","FUL,NFO",CHE-FUL-LEE-NFO-TOT,5,1+1+1+1+1,0,2.4792,100.0,6.2,-0.1838,2.542403,False,
BHA-CRY-LEE-LEE-LIV,4,2+1+1+1,0,2.8182,3.0,2.67,0.2232,2,"CRY,LEE","AVL,NFO",AVL-BHA-LEE-LIV-NFO,5,1+1+1+1+1,0,2.4792,100.0,12.5,-0.1076,2.542403,False,
BHA-CRY-LEE-LEE-MCI,4,2+1+1+1,0,2.8182,3.0,2.67,0.2232,2,"CRY,LEE","COV,FUL",BHA-COV-FUL-LEE-MCI,5,1+1+1+1+1,0,2.4792,100.0,12.5,-0.149,2.542403,False,
CRY-CRY-LEE-LIV-MCI,4,2+1+1+1,0,2.8182,3.0,2.67,0.3,2,"CRY,LEE","AVL,NEW",AVL-CRY-LIV-MCI-NEW,5,1+1+1+1+1,0,2.4792,100.0,12.5,-0.1535,2.542403,False,
CHE-CHE-EVE-LEE-TOT,4,2+1+1+1,0,2.8182,3.0,2.67,0.3902,2,"CHE,EVE","FUL,NFO",CHE-FUL-LEE-NFO-TOT,5,1+1+1+1+1,0,2.4792,100.0,6.2,-0.1838,2.542403,False,
AVL-AVL-BRE-CRY-LEE,4,2+1+1+1,0,2.8182,3.0,2.67,0.3964,2,"BRE,CRY","CHE,COV",AVL-AVL-CHE-COV-LEE,4,2+1+1+1,0,2.4792,100.0,31.2,-0.1583,2.542403,False,
BHA-BHA-CRY-LEE-LIV,4,2+1+1+1,0,2.8182,3.0,2.67,0.3964,2,"BHA,CRY","AVL,NFO",AVL-BHA-LEE-LIV-NFO,5,1+1+1+1+1,0,2.4792,100.0,12.5,-0.1076,2.542403,False,
BHA-BHA-CRY-LEE-MCI,4,2+1+1+1,0,2.8182,3.0,2.67,0.3964,2,"BHA,CRY","COV,FUL",BHA-COV-FUL-LEE-MCI,5,1+1+1+1+1,0,2.4792,100.0,12.5,-0.149,2.542403,False,
AVL-BRE-CRY-CRY-LIV,4,2+1+1+1,0,2.8182,3.0,2.67,0.6464,2,"BRE,CRY","BOU,NEW",AVL-BOU-CRY-LIV-NEW,5,1+1+1+1+1,0,2.4792,100.0,6.2,-0.1674,2.542403,False,
AVL-BRE-CRY-CRY-MCI,4,2+1+1+1,0,2.8182,3.0,2.67,0.6464,2,"BRE,CRY","LIV,NEW",AVL-CRY-LIV-MCI-NEW,5,1+1+1+1+1,0,2.4792,100.0,12.5,-0.1535,2.542403,False,
BRE-BHA-CRY-CRY-LIV,4,2+1+1+1,0,2.8182,3.0,2.67,0.6464,2,"BRE,CRY","BOU,NFO",BOU-BHA-CRY-LIV-NFO,5,1+1+1+1+1,0,2.4792,100.0,18.8,-0.1001,2.542403,False,
BRE-BHA-CRY-CRY-MCI,4,2+1+1+1,0,2.8182,3.0,2.67,0.6464,2,"BRE,CRY","LIV,NFO",BHA-CRY-LIV-MCI-NFO,5,1+1+1+1+1,0,2.4792,100.0,25.0,-0.0977,2.542403,False,
BHA-CRY-CRY-LIV-MCI,4,2+1+1+1,0,2.8182,3.0,2.67,0.6464,2,"BHA,CRY","AVL,NEW",AVL-CRY-LIV-MCI-NEW,5,1+1+1+1+1,0,2.4792,100.0,12.5,-0.1535,2.542403,False,
AVL-AVL-BRE-CRY-LIV,4,2+1+1+1,0,2.8182,3.0,2.67,0.7196,2,"AVL,BRE","BOU,NEW",AVL-BOU-CRY-LIV-NEW,5,1+1+1+1+1,0,2.4792,100.0,6.2,-0.1674,2.542403,False,
AVL-AVL-BRE-CRY-MCI,4,2+1+1+1,0,2.8182,3.0,2.67,0.7196,2,"AVL,BRE","LIV,NEW",AVL-CRY-LIV-MCI-NEW,5,1+1+1+1+1,0,2.4792,100.0,12.5,-0.1535,2.542403,False,
BRE-BHA-BHA-CRY-LIV,4,2+1+1+1,0,2.8182,3.0,2.67,0.7196,2,"BHA,BRE","BOU,NFO",BOU-BHA-CRY-LIV-NFO,5,1+1+1+1+1,0,2.4792,100.0,18.8,-0.1001,2.542403,False,
BRE-BHA-BHA-CRY-MCI,4,2+1+1+1,0,2.8182,3.0,2.67,0.7196,2,"BHA,BRE","LIV,NFO",BHA-CRY-LIV-MCI-NFO,5,1+1+1+1+1,0,2.4792,100.0,25.0,-0.0977,2.542403,False,
BHA-BHA-CRY-LIV-MCI,4,2+1+1+1,0,2.8182,3.0,2.67,0.7196,2,"BHA,BHA","AVL,NEW",AVL-CRY-LIV-MCI-NEW,5,1+1+1+1+1,0,2.4792,100.0,12.5,-0.1535,2.542403,False,
ARS-ARS-BRE-MUN-NFO,4,2+1+1+1,0,2.5455,2.2,2.83,0.0732,2,"ARS,ARS","AVL,BOU",AVL-BOU-BRE-MUN-NFO,5,1+1+1+1+1,0,2.5417,100.0,6.2,-0.1378,2.542408,False,
ARS-ARS-MCI-MUN-NFO,4,2+1+1+1,0,2.5455,2.2,2.83,0.0732,2,"ARS,NFO","BOU,COV",ARS-BOU-COV-MCI-MUN,5,1+1+1+1+1,0,2.5417,100.0,12.5,-0.0523,2.542408,False,
ARS-BRE-MUN-NFO-NFO,4,2+1+1+1,0,2.5455,2.2,2.83,0.0732,2,"ARS,NFO","AVL,BOU",AVL-BOU-BRE-MUN-NFO,5,1+1+1+1+1,0,2.5417,100.0,6.2,-0.1378,2.542408,False,
ARS-MCI-MUN-NFO-NFO,4,2+1+1+1,0,2.5455,2.2,2.83,0.0732,2,"NFO,NFO","BOU,COV",ARS-BOU-COV-MCI-MUN,5,1+1+1+1+1,0,2.5417,100.0,12.5,-0.0523,2.542408,False,
BRE-IPS-IPS-MUN-NFO,4,2+1+1+1,0,2.5455,2.2,2.83,0.0732,2,"IPS,IPS","AVL,BOU",AVL-BOU-BRE-MUN-NFO,5,1+1+1+1+1,0,2.5417,100.0,6.2,-0.1378,2.542408,False,
BRE-IPS-MUN-NFO-NFO,4,2+1+1+1,0,2.5455,2.2,2.83,0.0732,2,"IPS,NFO","AVL,BOU",AVL-BOU-BRE-MUN-NFO,5,1+1+1+1+1,0,2.5417,100.0,6.2,-0.1378,2.542408,False,
ARS-ARS-BHA-MUN-TOT,4,2+1+1+1,0,2.5455,2.4,2.67,-0.1232,2,"ARS,MUN","LEE,NFO",ARS-BHA-LEE-NFO-TOT,5,1+1+1+1+1,0,2.5417,100.0,0.0,-0.1437,2.542408,False,
BHA-IPS-IPS-MUN-TOT,4,2+1+1+1,0,2.5455,2.4,2.67,-0.1232,2,"BHA,IPS","BOU,CHE",BOU-CHE-IPS-MUN-TOT,5,1+1+1+1+1,0,2.5417,100.0,12.5,-0.0877,2.542408,False,
ARS-ARS-BRE-BHA-SUN,4,2+1+1+1,1,2.5455,2.4,2.67,-0.1,2,"ARS,BRE","LEE,MCI",ARS-BHA-LEE-MCI-SUN,5,1+1+1+1+1,1,2.5417,100.0,6.2,-0.1712,2.542408,False,
ARS-ARS-BRE-LEE-MUN,4,2+1+1+1,0,2.5455,2.4,2.67,-0.1,2,"ARS,MUN","AVL,COV",ARS-AVL-BRE-COV-LEE,5,1+1+1+1+1,0,2.5417,100.0,0.0,-0.1743,2.542408,False,
BRE-IPS-IPS-LEE-MUN,4,2+1+1+1,0,2.5455,2.4,2.67,-0.1,2,"BRE,IPS","AVL,MCI",AVL-IPS-LEE-MCI-MUN,5,1+1+1+1+1,0,2.5417,100.0,6.2,-0.1379,2.542408,False,
ARS-BHA-CRY-MUN-MUN,4,2+1+1+1,0,2.5455,2.4,2.67,-0.0366,2,"MUN,MUN","BOU,NFO",ARS-BOU-BHA-CRY-NFO,5,1+1+1+1+1,0,2.5417,100.0,0.0,-0.1149,2.542408,False,
ARS-BRE-BRE-EVE-MUN,4,2+1+1+1,0,2.5455,2.6,2.5,-0.3,2,"ARS,BRE","BOU,COV",BOU-BRE-COV-EVE-MUN,5,1+1+1+1+1,0,2.5417,100.0,6.2,-0.1626,2.542408,False,
BRE-BRE-EVE-IPS-MUN,4,2+1+1+1,0,2.5455,2.6,2.5,-0.3,2,"BRE,IPS","BOU,COV",BOU-BRE-COV-EVE-MUN,5,1+1+1+1+1,0,2.5417,100.0,6.2,-0.1626,2.542408,False,
ARS-BHA-BHA-MUN-TOT,4,2+1+1+1,0,2.5455,2.6,2.5,-0.2964,2,"BHA,MUN","LEE,NFO",ARS-BHA-LEE-NFO-TOT,5,1+1+1+1+1,0,2.5417,100.0,0.0,-0.1437,2.542408,False,
BHA-BHA-IPS-MUN-TOT,4,2+1+1+1,0,2.5455,2.6,2.5,-0.2964,2,"BHA,BHA","BOU,CHE",BOU-CHE-IPS-MUN-TOT,5,1+1+1+1+1,0,2.5417,100.0,12.5,-0.0877,2.542408,False,
ARS-BRE-BRE-LEE-MUN,4,2+1+1+1,0,2.5455,2.6,2.5,-0.25,2,"BRE,MUN","AVL,COV",ARS-AVL-BRE-COV-LEE,5,1+1+1+1+1,0,2.5417,100.0,0.0,-0.1743,2.542408,False,
BRE-BRE-IPS-LEE-MUN,4,2+1+1+1,0,2.5455,2.6,2.5,-0.25,2,"BRE,BRE","AVL,MCI",AVL-IPS-LEE-MCI-MUN,5,1+1+1+1+1,0,2.5417,100.0,6.2,-0.1379,2.542408,False,
BRE-CRY-LEE-SUN-SUN,4,2+1+1+1,2,2.5455,2.6,2.5,-0.25,2,"SUN,SUN","AVL,FUL",AVL-BRE-CRY-FUL-LEE,5,1+1+1+1+1,0,2.5417,93.8,18.8,-0.087,2.542408,False,
ARS-BHA-BHA-CHE-MUN,4,2+1+1+1,0,2.5455,2.6,2.5,-0.2062,2,"BHA,MUN","COV,MCI",ARS-BHA-CHE-COV-MCI,5,1+1+1+1+1,0,2.5417,93.8,12.5,-0.0327,2.542408,False,
ARS-BRE-BRE-CRY-MUN,4,2+1+1+1,0,2.5455,2.6,2.5,-0.15,2,"BRE,MUN","AVL,BOU",ARS-AVL-BOU-BRE-CRY,5,1+1+1+1+1,0,2.5417,100.0,0.0,-0.1561,2.542408,False,
ARS-BRE-BHA-EVE-MUN,5,1+1+1+1+1,0,2.5455,2.6,2.5,-0.1366,2,"ARS,BHA","BOU,COV",BOU-BRE-COV-EVE-MUN,5,1+1+1+1+1,0,2.5417,100.0,6.2,-0.1626,2.542408,False,
ARS-BRE-BHA-BHA-SUN,4,2+1+1+1,1,2.5455,2.6,2.5,-0.1,2,"BHA,BRE","LEE,MCI",ARS-BHA-LEE-MCI-SUN,5,1+1+1+1+1,1,2.5417,100.0,6.2,-0.1712,2.542408,False,
CHE-CRY-CRY-MUN-SUN,4,2+1+1+1,1,2.5455,2.6,2.5,-0.0622,2,"CRY,CRY","BOU,TOT",BOU-CHE-MUN-TOT-SUN,5,1+1+1+1+1,1,2.5417,100.0,6.2,-0.1018,2.542408,False,
CHE-CRY-LEE-MUN-MUN,4,2+1+1+1,0,2.5455,2.6,2.5,0.0134,2,"CRY,MUN","AVL,COV",AVL-CHE-COV-LEE-MUN,5,1+1+1+1+1,0,2.5417,100.0,12.5,-0.1475,2.542408,False,
BRE-EVE-EVE-MUN-SUN,4,2+1+1+1,1,2.5455,2.6,2.5,0.1,2,"EVE,SUN","BOU,COV",BOU-BRE-COV-EVE-MUN,5,1+1+1+1+1,0,2.5417,100.0,6.2,-0.1626,2.542408,False,
AVL-EVE-EVE-MUN-SUN,4,2+1+1+1,1,2.5455,2.6,2.5,0.1536,2,"EVE,SUN","COV,COV",AVL-COV-COV-EVE-MUN,4,2+1+1+1,0,2.5417,100.0,12.5,-0.1613,2.542408,False,
BRE-BRE-CHE-CRY-MUN,4,2+1+1+1,0,2.5455,2.8,2.33,-0.3201,2,"BRE,CRY","AVL,MCI",AVL-BRE-CHE-MCI-MUN,5,1+1+1+1+1,0,2.5417,100.0,18.8,-0.0939,2.542408,False,
AVL-BRE-BRE-EVE-MUN,4,2+1+1+1,0,2.5455,2.8,2.33,-0.3,2,"BRE,EVE","BOU,COV",AVL-BOU-BRE-COV-MUN,5,1+1+1+1+1,0,2.5417,100.0,6.2,-0.1765,2.542408,False,
BRE-BRE-BHA-EVE-MUN,4,2+1+1+1,0,2.5455,2.8,2.33,-0.3,2,"BHA,BRE","BOU,COV",BOU-BRE-COV-EVE-MUN,5,1+1+1+1+1,0,2.5417,100.0,6.2,-0.1626,2.542408,False,
BRE-BRE-EVE-LIV-SUN,4,2+1+1+1,1,2.5455,2.8,2.33,-0.3,2,"BRE,SUN","BHA,HUL",BRE-BHA-EVE-HUL-LIV,5,1+1+1+1+1,0,2.5417,100.0,6.2,-0.1559,2.542408,False,
BRE-EVE-LIV-LIV-SUN,4,2+1+1+1,1,2.5455,2.8,2.33,-0.3,2,"LIV,SUN","BHA,HUL",BRE-BHA-EVE-HUL-LIV,5,1+1+1+1+1,0,2.5417,100.0,6.2,-0.1559,2.542408,False,
BRE-BHA-BHA-EVE-MUN,4,2+1+1+1,0,2.5455,2.8,2.33,-0.2732,2,"BHA,BHA","BOU,COV",BOU-BRE-COV-EVE-MUN,5,1+1+1+1+1,0,2.5417,100.0,6.2,-0.1626,2.542408,False,
BRE-CHE-CHE-CRY-MUN,4,2+1+1+1,0,2.5455,2.8,2.33,-0.2512,2,"CHE,CRY","AVL,MCI",AVL-BRE-CHE-MCI-MUN,5,1+1+1+1+1,0,2.5417,100.0,18.8,-0.0939,2.542408,False,
BRE-BRE-LEE-LIV-MUN,4,2+1+1+1,0,2.5455,2.8,2.33,-0.1,2,"BRE,LEE","AVL,NFO",AVL-BRE-LIV-MUN-NFO,5,1+1+1+1+1,0,2.5417,100.0,12.5,-0.0644,2.542408,False,
BRE-LEE-LIV-LIV-MUN,4,2+1+1+1,0,2.5455,2.8,2.33,-0.1,2,"LEE,LIV","AVL,NFO",AVL-BRE-LIV-MUN-NFO,5,1+1+1+1+1,0,2.5417,100.0,12.5,-0.0644,2.542408,False,
BRE-BRE-BHA-CRY-MUN,4,2+1+1+1,0,2.5455,2.8,2.33,0.0232,2,"BRE,MUN","IPS,MCI",BRE-BHA-CRY-IPS-MCI,5,1+1+1+1+1,0,2.5417,100.0,12.5,-0.0679,2.542408,False,
BRE-LEE-LIV-SUN-SUN,4,2+1+1+1,2,2.4545,2.6,2.33,-0.3,2,"LEE,SUN","ARS,HUL",ARS-BRE-HUL-LIV-SUN,5,1+1+1+1+1,1,2.5833,100.0,12.5,-0.0266,2.559286,False,
ARS-ARS-IPS-MUN-NFO,4,2+1+1+1,0,2.7273,2.0,3.33,0.6098,2,"ARS,MUN","BOU,BOU",ARS-BOU-BOU-IPS-NFO,4,2+1+1+1,0,2.5208,100.0,25.0,-0.127,2.5593,False,
ARS-IPS-IPS-MUN-NFO,4,2+1+1+1,0,2.7273,2.0,3.33,0.6098,2,"IPS,MUN","BOU,BOU",ARS-BOU-BOU-IPS-NFO,4,2+1+1+1,0,2.5208,100.0,25.0,-0.127,2.5593,False,
ARS-ARS-AVL-IPS-MUN,4,2+1+1+1,0,2.7273,2.2,3.17,0.2634,2,"ARS,MUN","LEE,MCI",ARS-AVL-IPS-LEE-MCI,5,1+1+1+1+1,0,2.5208,100.0,6.2,-0.1765,2.5593,False,
ARS-AVL-IPS-IPS-MUN,4,2+1+1+1,0,2.7273,2.2,3.17,0.2634,2,"IPS,MUN","LEE,MCI",ARS-AVL-IPS-LEE-MCI,5,1+1+1+1+1,0,2.5208,100.0,6.2,-0.1765,2.5593,False,
ARS-BRE-IPS-NFO-NFO,4,2+1+1+1,0,2.7273,2.2,3.17,0.3464,2,"BRE,NFO","BOU,BOU",ARS-BOU-BOU-IPS-NFO,4,2+1+1+1,0,2.5208,100.0,25.0,-0.127,2.5593,False,
ARS-ARS-IPS-LEE-MUN,4,2+1+1+1,0,2.7273,2.2,3.17,0.35,2,"ARS,MUN","AVL,MCI",ARS-AVL-IPS-LEE-MCI,5,1+1+1+1+1,0,2.5208,100.0,6.2,-0.1765,2.5593,False,
ARS-IPS-IPS-LEE-MUN,4,2+1+1+1,0,2.7273,2.2,3.17,0.35,2,"IPS,MUN","AVL,MCI",ARS-AVL-IPS-LEE-MCI,5,1+1+1+1+1,0,2.5208,100.0,6.2,-0.1765,2.5593,False,
ARS-ARS-EVE-MUN-NFO,4,2+1+1+1,0,2.7273,2.2,3.17,0.4732,2,"ARS,ARS","COV,LIV",COV-EVE-LIV-MUN-NFO,5,1+1+1+1+1,0,2.5208,100.0,18.8,-0.0945,2.5593,False,
EVE-IPS-IPS-MUN-NFO,4,2+1+1+1,0,2.7273,2.2,3.17,0.4732,2,"IPS,IPS","COV,LIV",COV-EVE-LIV-MUN-NFO,5,1+1+1+1+1,0,2.5208,100.0,18.8,-0.0945,2.5593,False,
ARS-ARS-CHE-IPS-MUN,4,2+1+1+1,0,2.7273,2.2,3.17,0.5012,2,"ARS,MUN","AVL,BOU",ARS-AVL-BOU-CHE-IPS,5,1+1+1+1+1,0,2.5208,100.0,6.2,-0.1159,2.5593,False,
ARS-CHE-IPS-IPS-MUN,4,2+1+1+1,0,2.7273,2.2,3.17,0.5012,2,"IPS,MUN","AVL,BOU",ARS-AVL-BOU-CHE-IPS,5,1+1+1+1+1,0,2.5208,100.0,6.2,-0.1159,2.5593,False,
ARS-EVE-IPS-MUN-NFO,5,1+1+1+1+1,0,2.7273,2.2,3.17,0.5732,2,"EVE,MUN","BOU,BOU",ARS-BOU-BOU-IPS-NFO,4,2+1+1+1,0,2.5208,100.0,25.0,-0.127,2.5593,False,
ARS-ARS-IPS-LIV-TOT,4,2+1+1+1,0,2.7273,2.4,3.0,-0.15,2,"ARS,TOT","BOU,CRY",ARS-BOU-CRY-IPS-LIV,5,1+1+1+1+1,0,2.5208,100.0,6.2,-0.1634,2.5593,False,
ARS-IPS-IPS-LIV-TOT,4,2+1+1+1,0,2.7273,2.4,3.0,-0.15,2,"IPS,TOT","BOU,CRY",ARS-BOU-CRY-IPS-LIV,5,1+1+1+1+1,0,2.5208,100.0,6.2,-0.1634,2.5593,False,
ARS-ARS-BRE-IPS-LIV,4,2+1+1+1,0,2.7273,2.4,3.0,-0.0,2,"ARS,BRE","BOU,CRY",ARS-BOU-CRY-IPS-LIV,5,1+1+1+1+1,0,2.5208,100.0,6.2,-0.1634,2.5593,False,
ARS-BRE-IPS-IPS-LIV,4,2+1+1+1,0,2.7273,2.4,3.0,-0.0,2,"BRE,IPS","BOU,CRY",ARS-BOU-CRY-IPS-LIV,5,1+1+1+1+1,0,2.5208,100.0,6.2,-0.1634,2.5593,False,
ARS-ARS-AVL-EVE-MUN,4,2+1+1+1,0,2.7273,2.4,3.0,0.1268,2,"ARS,MUN","COV,LEE",ARS-AVL-COV-EVE-LEE,5,1+1+1+1+1,0,2.5208,100.0,6.2,-0.1441,2.5593,False,
ARS-ARS-AVL-EVE-SUN,4,2+1+1+1,1,2.7273,2.4,3.0,0.1268,2,"ARS,EVE","LEE,MCI",ARS-AVL-LEE-MCI-SUN,5,1+1+1+1+1,1,2.5208,100.0,6.2,-0.1686,2.5593,False,
ARS-ARS-BHA-EVE-SUN,4,2+1+1+1,1,2.7273,2.4,3.0,0.1268,2,"ARS,ARS","COV,NFO",BHA-COV-EVE-NFO-SUN,5,1+1+1+1+1,1,2.5208,100.0,12.5,-0.1457,2.5593,False,
ARS-ARS-CRY-LEE-MUN,4,2+1+1+1,0,2.7273,2.4,3.0,0.15,2,"ARS,MUN","AVL,LIV",ARS-AVL-CRY-LEE-LIV,5,1+1+1+1+1,0,2.5208,100.0,12.5,-0.1055,2.5593,False,
ARS-ARS-CRY-LEE-SUN,4,2+1+1+1,1,2.7273,2.4,3.0,0.15,2,"ARS,CRY","AVL,MCI",ARS-AVL-LEE-MCI-SUN,5,1+1+1+1+1,1,2.5208,100.0,6.2,-0.1686,2.5593,False,
AVL-CRY-IPS-IPS-MUN,4,2+1+1+1,0,2.7273,2.4,3.0,0.15,2,"IPS,IPS","LIV,MCI",AVL-CRY-LIV-MCI-MUN,5,1+1+1+1+1,0,2.5208,100.0,6.2,-0.1515,2.5593,False,
CRY-IPS-IPS-LEE-MUN,4,2+1+1+1,0,2.7273,2.4,3.0,0.15,2,"IPS,MUN","FUL,TOT",CRY-FUL-IPS-LEE-TOT,5,1+1+1+1+1,0,2.5208,100.0,0.0,-0.1462,2.5593,False,
ARS-ARS-CHE-CRY-SUN,4,2+1+1+1,1,2.7273,2.4,3.0,0.2067,2,"ARS,CHE","LIV,MCI",ARS-CRY-LIV-MCI-SUN,5,1+1+1+1+1,1,2.5208,100.0,12.5,-0.1074,2.5593,False,
CHE-CRY-IPS-IPS-MUN,4,2+1+1+1,0,2.7273,2.4,3.0,0.2067,2,"IPS,MUN","FUL,NFO",CHE-CRY-FUL-IPS-NFO,5,1+1+1+1+1,0,2.5208,100.0,6.2,-0.1288,2.5593,False,
ARS-AVL-EVE-IPS-MUN,5,1+1+1+1+1,0,2.7273,2.4,3.0,0.2268,2,"EVE,MUN","LEE,MCI",ARS-AVL-IPS-LEE-MCI,5,1+1+1+1+1,0,2.5208,100.0,6.2,-0.1765,2.5593,False,
ARS-BHA-EVE-IPS-MUN,5,1+1+1+1+1,0,2.7273,2.4,3.0,0.2268,2,"BHA,MUN","BOU,CHE",ARS-BOU-CHE-EVE-IPS,5,1+1+1+1+1,0,2.5208,100.0,12.5,-0.0277,2.5593,False,
ARS-CRY-IPS-LEE-MUN,5,1+1+1+1+1,0,2.7273,2.4,3.0,0.25,2,"CRY,MUN","AVL,MCI",ARS-AVL-IPS-LEE-MCI,5,1+1+1+1+1,0,2.5208,100.0,6.2,-0.1765,2.5593,False,
EVE-IPS-IPS-LEE-MUN,4,2+1+1+1,0,2.7273,2.4,3.0,0.3,2,"IPS,IPS","COV,MCI",COV-EVE-LEE-MCI-MUN,5,1+1+1+1+1,0,2.5208,100.0,6.2,-0.1513,2.5593,False,
ARS-CHE-CRY-IPS-MUN,5,1+1+1+1+1,0,2.7273,2.4,3.0,0.3067,2,"CHE,MUN","BOU,LIV",ARS-BOU-CRY-IPS-LIV,5,1+1+1+1+1,0,2.5208,100.0,6.2,-0.1634,2.5593,False,
ARS-EVE-EVE-MUN-NFO,4,2+1+1+1,0,2.7273,2.4,3.0,0.4366,2,"ARS,EVE","COV,LIV",COV-EVE-LIV-MUN-NFO,5,1+1+1+1+1,0,2.5208,100.0,18.8,-0.0945,2.5593,False,
EVE-EVE-IPS-MUN-NFO,4,2+1+1+1,0,2.7273,2.4,3.0,0.4366,2,"EVE,IPS","COV,LIV",COV-EVE-LIV-MUN-NFO,5,1+1+1+1+1,0,2.5208,100.0,18.8,-0.0945,2.5593,False,
ARS-BRE-BRE-EVE-IPS,4,2+1+1+1,0,2.7273,2.6,2.83,-0.2,2,"BRE,BRE","BOU,CHE",ARS-BOU-CHE-EVE-IPS,5,1+1+1+1+1,0,2.5208,100.0,12.5,-0.0277,2.5593,False,
ARS-BHA-BHA-IPS-TOT,4,2+1+1+1,0,2.7273,2.6,2.83,-0.1732,2,"BHA,BHA","BOU,CHE",ARS-BOU-CHE-IPS-TOT,5,1+1+1+1+1,0,2.5208,100.0,6.2,-0.0922,2.5593,False,
ARS-ARS-BRE-BHA-CHE,4,2+1+1+1,0,2.7273,2.6,2.83,-0.1683,2,"ARS,ARS","MCI,NEW",BRE-BHA-CHE-MCI-NEW,5,1+1+1+1+1,0,2.5208,100.0,12.5,-0.0963,2.5593,False,
ARS-ARS-BRE-CHE-LEE,4,2+1+1+1,0,2.7273,2.6,2.83,-0.1567,2,"ARS,BRE","AVL,COV",ARS-AVL-CHE-COV-LEE,5,1+1+1+1+1,0,2.5208,100.0,6.2,-0.15,2.5593,False,
ARS-CRY-CRY-MUN-TOT,4,2+1+1+1,0,2.7273,2.6,2.83,-0.15,2,"CRY,MUN","BOU,NFO",ARS-BOU-CRY-NFO-TOT,5,1+1+1+1+1,0,2.5208,100.0,6.2,-0.1505,2.5593,False,
ARS-CRY-CRY-TOT-SUN,4,2+1+1+1,1,2.7273,2.6,2.83,-0.15,2,"CRY,SUN","BOU,NFO",ARS-BOU-CRY-NFO-TOT,5,1+1+1+1+1,0,2.5208,100.0,6.2,-0.1505,2.5593,False,
ARS-ARS-BRE-BHA-LEE,4,2+1+1+1,0,2.7273,2.6,2.83,-0.0134,2,"ARS,BRE","COV,MCI",ARS-BHA-COV-LEE-MCI,5,1+1+1+1+1,0,2.5208,100.0,12.5,-0.1511,2.5593,False,
ARS-BRE-CRY-CRY-SUN,4,2+1+1+1,1,2.7273,2.6,2.83,0.0,2,"BRE,CRY","LIV,MCI",ARS-CRY-LIV-MCI-SUN,5,1+1+1+1+1,1,2.5208,100.0,12.5,-0.1074,2.5593,False,
ARS-BRE-EVE-EVE-SUN,4,2+1+1+1,1,2.7273,2.6,2.83,0.0,2,"BRE,EVE","BOU,CHE",ARS-BOU-CHE-EVE-SUN,5,1+1+1+1+1,1,2.5208,100.0,18.8,-0.0028,2.5593,False,
ARS-BRE-IPS-LEE-LEE,4,2+1+1+1,0,2.7273,2.6,2.83,0.0,2,"BRE,LEE","AVL,MCI",ARS-AVL-IPS-LEE-MCI,5,1+1+1+1+1,0,2.5208,100.0,6.2,-0.1765,2.5593,False,
BRE-CRY-CRY-IPS-MUN,4,2+1+1+1,0,2.7273,2.6,2.83,0.0,2,"CRY,MUN","FUL,MCI",BRE-CRY-FUL-IPS-MCI,5,1+1+1+1+1,0,2.5208,100.0,6.2,-0.1383,2.5593,False,
ARS-CHE-CRY-CRY-SUN,4,2+1+1+1,1,2.7273,2.6,2.83,0.0122,2,"CHE,CRY","LIV,MCI",ARS-CRY-LIV-MCI-SUN,5,1+1+1+1+1,1,2.5208,100.0,12.5,-0.1074,2.5593,False,
CHE-CRY-CRY-IPS-MUN,4,2+1+1+1,0,2.7273,2.6,2.83,0.0122,2,"CRY,MUN","FUL,NFO",CHE-CRY-FUL-IPS-NFO,5,1+1+1+1+1,0,2.5208,100.0,6.2,-0.1288,2.5593,False,
ARS-BHA-CRY-LEE-MUN,5,1+1+1+1+1,0,2.7273,2.6,2.83,0.05,2,"CRY,MUN","COV,MCI",ARS-BHA-COV-LEE-MCI,5,1+1+1+1+1,0,2.5208,100.0,12.5,-0.1511,2.5593,False,
ARS-CRY-LEE-LEE-MUN,4,2+1+1+1,0,2.7273,2.6,2.83,0.05,2,"LEE,MUN","AVL,LIV",ARS-AVL-CRY-LEE-LIV,5,1+1+1+1+1,0,2.5208,100.0,12.5,-0.1055,2.5593,False,
ARS-CRY-LEE-LEE-SUN,4,2+1+1+1,1,2.7273,2.6,2.83,0.05,2,"CRY,LEE","AVL,MCI",ARS-AVL-LEE-MCI-SUN,5,1+1+1+1+1,1,2.5208,100.0,6.2,-0.1686,2.5593,False,
AVL-AVL-CRY-IPS-MUN,4,2+1+1+1,0,2.7273,2.6,2.83,0.05,2,"AVL,IPS","LIV,MCI",AVL-CRY-LIV-MCI-MUN,5,1+1+1+1+1,0,2.5208,100.0,6.2,-0.1515,2.5593,False,
CRY-IPS-LEE-LEE-MUN,4,2+1+1+1,0,2.7273,2.6,2.83,0.05,2,"LEE,MUN","FUL,TOT",CRY-FUL-IPS-LEE-TOT,5,1+1+1+1+1,0,2.5208,100.0,0.0,-0.1462,2.5593,False,
BRE-CRY-CRY-MUN-NFO,4,2+1+1+1,0,2.7273,2.6,2.83,0.0732,2,"BRE,CRY","BOU,LIV",BOU-CRY-LIV-MUN-NFO,5,1+1+1+1+1,0,2.5208,100.0,18.8,-0.1221,2.5593,False,
ARS-AVL-EVE-EVE-MUN,4,2+1+1+1,0,2.7273,2.6,2.83,0.0902,2,"EVE,MUN","COV,LEE",ARS-AVL-COV-EVE-LEE,5,1+1+1+1+1,0,2.5208,100.0,6.2,-0.1441,2.5593,False,
ARS-AVL-EVE-EVE-SUN,4,2+1+1+1,1,2.7273,2.6,2.83,0.0902,2,"EVE,EVE","LEE,MCI",ARS-AVL-LEE-MCI-SUN,5,1+1+1+1+1,1,2.5208,100.0,6.2,-0.1686,2.5593,False,
ARS-BHA-EVE-EVE-SUN,4,2+1+1+1,1,2.7273,2.6,2.83,0.0902,2,"ARS,EVE","COV,NFO",BHA-COV-EVE-NFO-SUN,5,1+1+1+1+1,1,2.5208,100.0,12.5,-0.1457,2.5593,False,
ARS-BRE-BRE-CRY-IPS,4,2+1+1+1,0,2.7273,2.6,2.83,0.1,2,"BRE,BRE","BOU,LIV",ARS-BOU-CRY-IPS-LIV,5,1+1+1+1+1,0,2.5208,100.0,6.2,-0.1634,2.5593,False,
ARS-EVE-IPS-TOT-TOT,4,2+1+1+1,0,2.7273,2.6,2.83,0.1,2,"IPS,TOT","COV,LEE",ARS-COV-EVE-LEE-TOT,5,1+1+1+1+1,0,2.5208,100.0,6.2,-0.1449,2.5593,False,
ARS-BRE-BHA-BHA-IPS,4,2+1+1+1,0,2.7273,2.6,2.83,0.1732,2,"ARS,BHA","CHE,MCI",BRE-BHA-CHE-IPS-MCI,5,1+1+1+1+1,0,2.5208,100.0,12.5,-0.0344,2.5593,False,
EVE-IPS-LEE-LEE-MUN,4,2+1+1+1,0,2.7273,2.6,2.83,0.2,2,"IPS,LEE","COV,MCI",COV-EVE-LEE-MCI-MUN,5,1+1+1+1+1,0,2.5208,100.0,6.2,-0.1513,2.5593,False,
ARS-EVE-EVE-MUN-TOT,4,2+1+1+1,0,2.7273,2.6,2.83,0.45,2,"EVE,MUN","COV,LEE",ARS-COV-EVE-LEE-TOT,5,1+1+1+1+1,0,2.5208,100.0,6.2,-0.1449,2.5593,False,
EVE-EVE-IPS-MUN-TOT,4,2+1+1+1,0,2.7273,2.6,2.83,0.45,2,"EVE,IPS","LIV,NFO",EVE-LIV-MUN-NFO-TOT,5,1+1+1+1+1,0,2.5208,100.0,12.5,-0.0809,2.5593,False,
ARS-BHA-CRY-TOT-TOT,4,2+1+1+1,0,2.7273,2.8,2.67,-0.3366,2,"ARS,TOT","FUL,NFO",BHA-CRY-FUL-NFO-TOT,5,1+1+1+1+1,0,2.5208,100.0,12.5,-0.1548,2.5593,False,
ARS-AVL-AVL-EVE-TOT,4,2+1+1+1,0,2.7273,2.8,2.67,-0.2964,2,"AVL,AVL","COV,LEE",ARS-COV-EVE-LEE-TOT,5,1+1+1+1+1,0,2.5208,100.0,6.2,-0.1449,2.5593,False,
ARS-BHA-BHA-EVE-TOT,4,2+1+1+1,0,2.7273,2.8,2.67,-0.2964,2,"BHA,BHA","COV,LEE",ARS-COV-EVE-LEE-TOT,5,1+1+1+1+1,0,2.5208,100.0,6.2,-0.1449,2.5593,False,
ARS-BRE-CHE-CHE-CRY,4,2+1+1+1,0,2.7273,2.8,2.67,-0.2524,2,"CHE,CRY","AVL,BOU",ARS-AVL-BOU-BRE-CHE,5,1+1+1+1+1,0,2.5208,100.0,6.2,-0.0705,2.5593,False,
BHA-CRY-CRY-MUN-TOT,4,2+1+1+1,0,2.7273,2.8,2.67,-0.25,2,"CRY,MUN","FUL,NFO",BHA-CRY-FUL-NFO-TOT,5,1+1+1+1+1,0,2.5208,100.0,12.5,-0.1548,2.5593,False,
ARS-BRE-CHE-CHE-LEE,4,2+1+1+1,0,2.7273,2.8,2.67,-0.2012,2,"BRE,CHE","AVL,COV",ARS-AVL-CHE-COV-LEE,5,1+1+1+1+1,0,2.5208,100.0,6.2,-0.15,2.5593,False,
AVL-CHE-CRY-CRY-MUN,4,2+1+1+1,0,2.7273,2.8,2.67,-0.1683,2,"CHE,CRY","LIV,MCI",AVL-CRY-LIV-MCI-MUN,5,1+1+1+1+1,0,2.5208,100.0,6.2,-0.1515,2.5593,False,
BHA-CHE-CRY-CRY-MUN,4,2+1+1+1,0,2.7273,2.8,2.67,-0.1683,2,"CRY,MUN","EVE,NFO",BHA-CHE-CRY-EVE-NFO,5,1+1+1+1+1,0,2.5208,100.0,12.5,-0.0531,2.5593,False,
ARS-BRE-CHE-LEE-LEE,4,2+1+1+1,0,2.7273,2.8,2.67,-0.1256,2,"BRE,LEE","AVL,COV",ARS-AVL-CHE-COV-LEE,5,1+1+1+1+1,0,2.5208,100.0,6.2,-0.15,2.5593,False,
ARS-BRE-CHE-CRY-LEE,5,1+1+1+1+1,0,2.7273,2.8,2.67,-0.1012,2,"BRE,CRY","AVL,COV",ARS-AVL-CHE-COV-LEE,5,1+1+1+1+1,0,2.5208,100.0,6.2,-0.15,2.5593,False,
ARS-BHA-BHA-EVE-MCI,4,2+1+1+1,0,2.7273,2.8,2.67,-0.1,2,"BHA,EVE","COV,LEE",ARS-BHA-COV-LEE-MCI,5,1+1+1+1+1,0,2.5208,100.0,12.5,-0.1511,2.5593,False,
BRE-BHA-BHA-EVE-IPS,4,2+1+1+1,0,2.7273,2.8,2.67,-0.1,2,"BHA,EVE","CHE,MCI",BRE-BHA-CHE-IPS-MCI,5,1+1+1+1+1,0,2.5208,100.0,12.5,-0.0344,2.5593,False,
BRE-EVE-EVE-LEE-MUN,4,2+1+1+1,0,2.7273,2.8,2.67,-0.1,2,"BRE,EVE","COV,MCI",COV-EVE-LEE-MCI-MUN,5,1+1+1+1+1,0,2.5208,100.0,6.2,-0.1513,2.5593,False,
BRE-EVE-LEE-LEE-MUN,4,2+1+1+1,0,2.7273,2.8,2.67,-0.1,2,"BRE,LEE","COV,MCI",COV-EVE-LEE-MCI-MUN,5,1+1+1+1+1,0,2.5208,100.0,6.2,-0.1513,2.5593,False,
CRY-CRY-LEE-LIV-MUN,4,2+1+1+1,0,2.7273,2.8,2.67,-0.1,2,"CRY,LEE","EVE,MCI",CRY-EVE-LIV-MCI-MUN,5,1+1+1+1+1,0,2.5208,100.0,0.0,-0.192,2.5593,False,
CRY-CRY-LEE-MCI-MUN,4,2+1+1+1,0,2.7273,2.8,2.67,-0.1,2,"CRY,LEE","EVE,LIV",CRY-EVE-LIV-MCI-MUN,5,1+1+1+1+1,0,2.5208,100.0,0.0,-0.192,2.5593,False,
CRY-LEE-LEE-LIV-MUN,4,2+1+1+1,0,2.7273,2.8,2.67,-0.1,2,"LEE,LEE","EVE,MCI",CRY-EVE-LIV-MCI-MUN,5,1+1+1+1+1,0,2.5208,100.0,0.0,-0.192,2.5593,False,
CRY-LEE-LEE-MCI-MUN,4,2+1+1+1,0,2.7273,2.8,2.67,-0.1,2,"LEE,LEE","EVE,LIV",CRY-EVE-LIV-MCI-MUN,5,1+1+1+1+1,0,2.5208,100.0,0.0,-0.192,2.5593,False,
BHA-BHA-CRY-LEE-MUN,4,2+1+1+1,0,2.7273,2.8,2.67,-0.05,2,"BHA,MUN","FUL,TOT",BHA-CRY-FUL-LEE-TOT,5,1+1+1+1+1,0,2.5208,100.0,18.8,-0.0562,2.5593,False,
BHA-CRY-LEE-LEE-MUN,4,2+1+1+1,0,2.7273,2.8,2.67,-0.05,2,"LEE,MUN","FUL,TOT",BHA-CRY-FUL-LEE-TOT,5,1+1+1+1+1,0,2.5208,100.0,18.8,-0.0562,2.5593,False,
ARS-BRE-BHA-CHE-CRY,5,1+1+1+1+1,0,2.7273,2.8,2.67,-0.0262,2,"ARS,CRY","MCI,NEW",BRE-BHA-CHE-MCI-NEW,5,1+1+1+1+1,0,2.5208,100.0,12.5,-0.0963,2.5593,False,
BRE-IPS-LEE-LEE-LIV,4,2+1+1+1,0,2.7273,2.8,2.67,-0.0,2,"BRE,LEE","CHE,HUL",CHE-HUL-IPS-LEE-LIV,5,1+1+1+1+1,0,2.5208,100.0,12.5,-0.1502,2.5593,False,
ARS-BRE-BHA-LEE-LEE,4,2+1+1+1,0,2.7273,2.8,2.67,0.0366,2,"BRE,LEE","COV,MCI",ARS-BHA-COV-LEE-MCI,5,1+1+1+1+1,0,2.5208,100.0,12.5,-0.1511,2.5593,False,
ARS-BRE-BRE-CRY-LEE,4,2+1+1+1,0,2.7273,2.8,2.67,0.05,2,"BRE,BRE","AVL,LIV",ARS-AVL-CRY-LEE-LIV,5,1+1+1+1+1,0,2.5208,100.0,12.5,-0.1055,2.5593,False,
BRE-BRE-CRY-IPS-LEE,4,2+1+1+1,0,2.7273,2.8,2.67,0.05,2,"BRE,BRE","FUL,TOT",CRY-FUL-IPS-LEE-TOT,5,1+1+1+1+1,0,2.5208,100.0,0.0,-0.1462,2.5593,False,
BRE-CHE-EVE-EVE-MUN,4,2+1+1+1,0,2.7273,2.8,2.67,0.089,2,"BRE,MUN","COV,HUL",CHE-COV-EVE-EVE-HUL,4,2+1+1+1,0,2.5208,100.0,12.5,-0.1644,2.5593,False,
ARS-BRE-BHA-BHA-LEE,4,2+1+1+1,0,2.7273,2.8,2.67,0.1232,2,"BHA,BRE","COV,MCI",ARS-BHA-COV-LEE-MCI,5,1+1+1+1+1,0,2.5208,100.0,12.5,-0.1511,2.5593,False,
ARS-BRE-BHA-BHA-MCI,4,2+1+1+1,0,2.7273,2.8,2.67,0.3464,2,"BHA,BRE","COV,LEE",ARS-BHA-COV-LEE-MCI,5,1+1+1+1+1,0,2.5208,100.0,12.5,-0.1511,2.5593,False,
BRE-BHA-EVE-EVE-MCI,4,2+1+1+1,0,2.7273,3.0,2.5,-0.3,2,"EVE,EVE","CHE,NEW",BRE-BHA-CHE-MCI-NEW,5,1+1+1+1+1,0,2.5208,100.0,12.5,-0.0963,2.5593,False,
BRE-CHE-CHE-CRY-LEE,4,2+1+1+1,0,2.7273,3.0,2.5,-0.2902,2,"CHE,CRY","AVL,AVL",AVL-AVL-BRE-CHE-LEE,4,2+1+1+1,0,2.5208,100.0,25.0,-0.0985,2.5593,False,
BRE-BRE-CHE-CRY-LEE,4,2+1+1+1,0,2.7273,3.0,2.5,-0.1646,2,"BRE,CRY","AVL,AVL",AVL-AVL-BRE-CHE-LEE,4,2+1+1+1,0,2.5208,100.0,25.0,-0.0985,2.5593,False,
BRE-BHA-BHA-CHE-CRY,4,2+1+1+1,0,2.7273,3.0,2.5,0.0299,2,"BHA,CRY","MCI,NEW",BRE-BHA-CHE-MCI-NEW,5,1+1+1+1+1,0,2.5208,100.0,12.5,-0.0963,2.5593,False,
BRE-BRE-BHA-EVE-MCI,4,2+1+1+1,0,2.7273,3.0,2.5,0.0732,2,"BRE,EVE","CHE,NEW",BRE-BHA-CHE-MCI-NEW,5,1+1+1+1+1,0,2.5208,100.0,12.5,-0.0963,2.5593,False,
BRE-BHA-BHA-EVE-MCI,4,2+1+1+1,0,2.7273,3.0,2.5,0.0732,2,"BHA,EVE","CHE,NEW",BRE-BHA-CHE-MCI-NEW,5,1+1+1+1+1,0,2.5208,100.0,12.5,-0.0963,2.5593,False,
BRE-BHA-EVE-MCI-MCI,4,2+1+1+1,0,2.7273,3.0,2.5,0.0732,2,"EVE,MCI","CHE,NEW",BRE-BHA-CHE-MCI-NEW,5,1+1+1+1+1,0,2.5208,100.0,12.5,-0.0963,2.5593,False,
BRE-BRE-CRY-LEE-LIV,4,2+1+1+1,0,2.7273,3.0,2.5,0.35,2,"BRE,BRE","ARS,AVL",ARS-AVL-CRY-LEE-LIV,5,1+1+1+1+1,0,2.5208,100.0,12.5,-0.1055,2.5593,False,
BRE-CRY-LEE-LIV-LIV,4,2+1+1+1,0,2.7273,3.0,2.5,0.35,2,"BRE,LIV","ARS,AVL",ARS-AVL-CRY-LEE-LIV,5,1+1+1+1+1,0,2.5208,100.0,12.5,-0.1055,2.5593,False,
BRE-BRE-BHA-CRY-LEE,4,2+1+1+1,0,2.7273,3.0,2.5,0.3598,2,"BRE,CRY","AVL,COV",AVL-BRE-BHA-COV-LEE,5,1+1+1+1+1,0,2.5208,100.0,18.8,-0.0756,2.5593,False,
ARS-ARS-IPS-NFO-TOT,4,2+1+1+1,0,2.8182,2.2,3.33,0.2232,2,"ARS,ARS","CHE,FUL",CHE-FUL-IPS-NFO-TOT,5,1+1+1+1+1,0,2.5,100.0,6.2,-0.1618,2.559325,False,
ARS-IPS-IPS-NFO-TOT,4,2+1+1+1,0,2.8182,2.2,3.33,0.2232,2,"ARS,IPS","CHE,FUL",CHE-FUL-IPS-NFO-TOT,5,1+1+1+1+1,0,2.5,100.0,6.2,-0.1618,2.559325,False,
ARS-ARS-AVL-IPS-TOT,4,2+1+1+1,0,2.8182,2.4,3.17,-0.0366,2,"ARS,ARS","CHE,LEE",AVL-CHE-IPS-LEE-TOT,5,1+1+1+1+1,0,2.5,100.0,18.8,-0.0867,2.559325,False,
ARS-AVL-IPS-IPS-TOT,4,2+1+1+1,0,2.8182,2.4,3.17,-0.0366,2,"ARS,IPS","CHE,LEE",AVL-CHE-IPS-LEE-TOT,5,1+1+1+1+1,0,2.5,100.0,18.8,-0.0867,2.559325,False,
ARS-ARS-BRE-CHE-IPS,4,2+1+1+1,0,2.8182,2.4,3.17,0.0122,2,"ARS,ARS","FUL,MCI",BRE-CHE-FUL-IPS-MCI,5,1+1+1+1+1,0,2.5,100.0,6.2,-0.0918,2.559325,False,
ARS-BRE-CHE-IPS-IPS,4,2+1+1+1,0,2.8182,2.4,3.17,0.0122,2,"ARS,IPS","FUL,MCI",BRE-CHE-FUL-IPS-MCI,5,1+1+1+1+1,0,2.5,100.0,6.2,-0.0918,2.559325,False,
ARS-ARS-IPS-LEE-LIV,4,2+1+1+1,0,2.8182,2.4,3.17,0.05,2,"ARS,IPS","AVL,COV",ARS-AVL-COV-LEE-LIV,5,1+1+1+1+1,0,2.5,100.0,6.2,-0.1536,2.559325,False,
ARS-ARS-IPS-LEE-TOT,4,2+1+1+1,0,2.8182,2.4,3.17,0.05,2,"ARS,ARS","CHE,FUL",CHE-FUL-IPS-LEE-TOT,5,1+1+1+1+1,0,2.5,100.0,6.2,-0.176,2.559325,False,
ARS-IPS-IPS-LEE-LIV,4,2+1+1+1,0,2.8182,2.4,3.17,0.05,2,"IPS,IPS","AVL,COV",ARS-AVL-COV-LEE-LIV,5,1+1+1+1+1,0,2.5,100.0,6.2,-0.1536,2.559325,False,
ARS-IPS-IPS-LEE-TOT,4,2+1+1+1,0,2.8182,2.4,3.17,0.05,2,"ARS,IPS","CHE,FUL",CHE-FUL-IPS-LEE-TOT,5,1+1+1+1+1,0,2.5,100.0,6.2,-0.176,2.559325,False,
ARS-ARS-BRE-EVE-NFO,4,2+1+1+1,0,2.8182,2.4,3.17,0.0732,2,"ARS,BRE","BOU,LIV",ARS-BOU-EVE-LIV-NFO,5,1+1+1+1+1,0,2.5,93.8,25.0,-0.0397,2.559325,False,
BRE-EVE-IPS-IPS-NFO,4,2+1+1+1,0,2.8182,2.4,3.17,0.0732,2,"BRE,IPS","BOU,CHE",BOU-CHE-EVE-IPS-NFO,5,1+1+1+1+1,0,2.5,93.8,12.5,-0.0777,2.559325,False,
ARS-ARS-AVL-BRE-IPS,4,2+1+1+1,0,2.8182,2.4,3.17,0.1366,2,"ARS,ARS","BOU,CHE",AVL-BOU-BRE-CHE-IPS,5,1+1+1+1+1,0,2.5,100.0,12.5,-0.0862,2.559325,False,
ARS-ARS-BHA-IPS-LIV,4,2+1+1+1,0,2.8182,2.4,3.17,0.1366,2,"ARS,ARS","CRY,MCI",BHA-CRY-IPS-LIV-MCI,5,1+1+1+1+1,0,2.5,100.0,18.8,-0.1071,2.559325,False,
ARS-ARS-BHA-IPS-MCI,4,2+1+1+1,0,2.8182,2.4,3.17,0.1366,2,"ARS,ARS","FUL,LEE",BHA-FUL-IPS-LEE-MCI,5,1+1+1+1+1,0,2.5,100.0,6.2,-0.1502,2.559325,False,
ARS-AVL-BRE-IPS-IPS,4,2+1+1+1,0,2.8182,2.4,3.17,0.1366,2,"ARS,IPS","BOU,CHE",AVL-BOU-BRE-CHE-IPS,5,1+1+1+1+1,0,2.5,100.0,12.5,-0.0862,2.559325,False,
ARS-BHA-IPS-IPS-LIV,4,2+1+1+1,0,2.8182,2.4,3.17,0.1366,2,"ARS,IPS","CRY,MCI",BHA-CRY-IPS-LIV-MCI,5,1+1+1+1+1,0,2.5,100.0,18.8,-0.1071,2.559325,False,
ARS-BHA-IPS-IPS-MCI,4,2+1+1+1,0,2.8182,2.4,3.17,0.1366,2,"ARS,IPS","FUL,LEE",BHA-FUL-IPS-LEE-MCI,5,1+1+1+1+1,0,2.5,100.0,6.2,-0.1502,2.559325,False,
ARS-ARS-BRE-CRY-NFO,4,2+1+1+1,0,2.8182,2.4,3.17,0.3098,2,"ARS,BRE","BOU,LIV",ARS-BOU-CRY-LIV-NFO,5,1+1+1+1+1,0,2.5,100.0,18.8,-0.1062,2.559325,False,
ARS-CRY-CRY-MUN-NFO,4,2+1+1+1,0,2.8182,2.4,3.17,0.3098,2,"CRY,MUN","BOU,LIV",ARS-BOU-CRY-LIV-NFO,5,1+1+1+1+1,0,2.5,100.0,18.8,-0.1062,2.559325,False,
ARS-CRY-CRY-NFO-SUN,4,2+1+1+1,1,2.8182,2.4,3.17,0.3098,2,"CRY,SUN","BOU,LIV",ARS-BOU-CRY-LIV-NFO,5,1+1+1+1+1,0,2.5,100.0,18.8,-0.1062,2.559325,False,
BRE-CRY-IPS-IPS-NFO,4,2+1+1+1,0,2.8182,2.4,3.17,0.3098,2,"BRE,IPS","BOU,FUL",BOU-CRY-FUL-IPS-NFO,5,1+1+1+1+1,0,2.5,100.0,12.5,-0.1424,2.559325,False,
CRY-CRY-IPS-MUN-NFO,4,2+1+1+1,0,2.8182,2.4,3.17,0.3098,2,"CRY,MUN","BOU,FUL",BOU-CRY-FUL-IPS-NFO,5,1+1+1+1+1,0,2.5,100.0,12.5,-0.1424,2.559325,False,
ARS-BHA-BHA-IPS-NFO,4,2+1+1+1,0,2.8182,2.4,3.17,0.3732,2,"ARS,BHA","BOU,LIV",BOU-BHA-IPS-LIV-NFO,5,1+1+1+1+1,0,2.5,100.0,6.2,-0.104,2.559325,False,
ARS-BRE-CRY-NFO-NFO,4,2+1+1+1,0,2.8182,2.4,3.17,0.3964,2,"BRE,NFO","BOU,LIV",ARS-BOU-CRY-LIV-NFO,5,1+1+1+1+1,0,2.5,100.0,18.8,-0.1062,2.559325,False,
BRE-CRY-IPS-NFO-NFO,4,2+1+1+1,0,2.8182,2.4,3.17,0.3964,2,"BRE,NFO","BOU,FUL",BOU-CRY-FUL-IPS-NFO,5,1+1+1+1+1,0,2.5,100.0,12.5,-0.1424,2.559325,False,
ARS-BRE-CRY-IPS-NFO,5,1+1+1+1+1,0,2.8182,2.4,3.17,0.4098,2,"ARS,BRE","BOU,FUL",BOU-CRY-FUL-IPS-NFO,5,1+1+1+1+1,0,2.5,100.0,12.5,-0.1424,2.559325,False,
AVL-EVE-IPS-IPS-TOT,4,2+1+1+1,0,2.8182,2.6,3.0,-0.1232,2,"EVE,IPS","CHE,LEE",AVL-CHE-IPS-LEE-TOT,5,1+1+1+1+1,0,2.5,100.0,18.8,-0.0867,2.559325,False,
ARS-ARS-AVL-CRY-TOT,4,2+1+1+1,0,2.8182,2.6,3.0,-0.1,2,"ARS,TOT","BOU,LIV",ARS-AVL-BOU-CRY-LIV,5,1+1+1+1+1,0,2.5,100.0,0.0,-0.1373,2.559325,False,
ARS-ARS-BRE-EVE-LEE,4,2+1+1+1,0,2.8182,2.6,3.0,-0.1,2,"ARS,BRE","COV,LIV",ARS-COV-EVE-LEE-LIV,5,1+1+1+1+1,0,2.5,100.0,12.5,-0.1182,2.559325,False,
ARS-ARS-CRY-LEE-TOT,4,2+1+1+1,0,2.8182,2.6,3.0,-0.1,2,"ARS,ARS","AVL,FUL",AVL-CRY-FUL-LEE-TOT,5,1+1+1+1+1,0,2.5,100.0,12.5,-0.1346,2.559325,False,
AVL-BRE-EVE-IPS-IPS,4,2+1+1+1,0,2.8182,2.6,3.0,-0.1,2,"EVE,IPS","BOU,CHE",AVL-BOU-BRE-CHE-IPS,5,1+1+1+1+1,0,2.5,100.0,12.5,-0.0862,2.559325,False,
AVL-CRY-IPS-IPS-TOT,4,2+1+1+1,0,2.8182,2.6,3.0,-0.1,2,"AVL,IPS","FUL,MCI",CRY-FUL-IPS-MCI-TOT,5,1+1+1+1+1,0,2.5,100.0,18.8,-0.1406,2.559325,False,
BRE-EVE-IPS-IPS-LEE,4,2+1+1+1,0,2.8182,2.6,3.0,-0.1,2,"BRE,IPS","COV,MCI",COV-EVE-IPS-LEE-MCI,5,1+1+1+1+1,0,2.5,93.8,18.8,-0.0543,2.559325,False,
BHA-CRY-IPS-IPS-TOT,4,2+1+1+1,0,2.8182,2.6,3.0,-0.1,2,"BHA,IPS","FUL,MCI",CRY-FUL-IPS-MCI-TOT,5,1+1+1+1+1,0,2.5,100.0,18.8,-0.1406,2.559325,False,
CRY-IPS-IPS-LEE-TOT,4,2+1+1+1,0,2.8182,2.6,3.0,-0.1,2,"CRY,IPS","CHE,FUL",CHE-FUL-IPS-LEE-TOT,5,1+1+1+1+1,0,2.5,100.0,6.2,-0.176,2.559325,False,
EVE-IPS-IPS-LEE-LIV,4,2+1+1+1,0,2.8182,2.6,3.0,-0.1,2,"IPS,IPS","CHE,HUL",CHE-EVE-HUL-LEE-LIV,5,1+1+1+1+1,0,2.5,100.0,18.8,-0.136,2.559325,False,
ARS-ARS-CHE-CRY-LIV,4,2+1+1+1,0,2.8182,2.6,3.0,-0.0823,2,"ARS,CHE","AVL,BOU",ARS-AVL-BOU-CRY-LIV,5,1+1+1+1+1,0,2.5,100.0,0.0,-0.1373,2.559325,False,
ARS-ARS-CHE-CRY-MCI,4,2+1+1+1,0,2.8182,2.6,3.0,-0.0823,2,"ARS,CHE","AVL,LIV",ARS-AVL-CRY-LIV-MCI,5,1+1+1+1+1,0,2.5,100.0,6.2,-0.1226,2.559325,False,
BRE-CHE-CRY-IPS-IPS,4,2+1+1+1,0,2.8182,2.6,3.0,-0.0823,2,"CRY,IPS","FUL,MCI",BRE-CHE-FUL-IPS-MCI,5,1+1+1+1+1,0,2.5,100.0,6.2,-0.0918,2.559325,False,
ARS-BRE-EVE-EVE-NFO,4,2+1+1+1,0,2.8182,2.6,3.0,-0.0634,2,"BRE,EVE","BOU,LIV",ARS-BOU-EVE-LIV-NFO,5,1+1+1+1+1,0,2.5,93.8,25.0,-0.0397,2.559325,False,
BRE-EVE-EVE-IPS-NFO,4,2+1+1+1,0,2.8182,2.6,3.0,-0.0634,2,"BRE,EVE","BOU,CHE",BOU-CHE-EVE-IPS-NFO,5,1+1+1+1+1,0,2.5,93.8,12.5,-0.0777,2.559325,False,
ARS-ARS-BRE-CHE-EVE,4,2+1+1+1,0,2.8182,2.6,3.0,-0.0622,2,"ARS,BRE","BOU,COV",ARS-BOU-CHE-COV-EVE,5,1+1+1+1+1,0,2.5,100.0,12.5,-0.0319,2.559325,False,
ARS-ARS-CHE-CRY-TOT,4,2+1+1+1,0,2.8182,2.6,3.0,-0.0622,2,"ARS,CRY","BOU,NFO",ARS-BOU-CHE-NFO-TOT,5,1+1+1+1+1,0,2.5,100.0,12.5,-0.0708,2.559325,False,
ARS-ARS-BHA-CHE-LEE,4,2+1+1+1,0,2.8182,2.6,3.0,-0.0604,2,"ARS,ARS","AVL,NFO",AVL-BHA-CHE-LEE-NFO,5,1+1+1+1+1,0,2.5,100.0,18.8,-0.0972,2.559325,False,
BHA-CHE-IPS-IPS-LEE,4,2+1+1+1,0,2.8182,2.6,3.0,-0.0604,2,"BHA,IPS","FUL,TOT",CHE-FUL-IPS-LEE-TOT,5,1+1+1+1+1,0,2.5,100.0,6.2,-0.176,2.559325,False,
ARS-BHA-BHA-CHE-IPS,4,2+1+1+1,0,2.8182,2.6,3.0,-0.0586,2,"ARS,BHA","BOU,NFO",BOU-BHA-CHE-IPS-NFO,5,1+1+1+1+1,0,2.5,100.0,6.2,-0.0956,2.559325,False,
ARS-AVL-EVE-IPS-TOT,5,1+1+1+1+1,0,2.8182,2.6,3.0,-0.0232,2,"ARS,EVE","CHE,LEE",AVL-CHE-IPS-LEE-TOT,5,1+1+1+1+1,0,2.5,100.0,18.8,-0.0867,2.559325,False,
ARS-BHA-CHE-CHE-IPS,4,2+1+1+1,0,2.8182,2.6,3.0,-0.0208,2,"ARS,BHA","AVL,NFO",AVL-CHE-CHE-IPS-NFO,4,2+1+1+1,0,2.5,100.0,18.8,-0.1637,2.559325,False,
ARS-AVL-BRE-EVE-IPS,5,1+1+1+1+1,0,2.8182,2.6,3.0,0.0,2,"ARS,EVE","BOU,CHE",AVL-BOU-BRE-CHE-IPS,5,1+1+1+1+1,0,2.5,100.0,12.5,-0.0862,2.559325,False,
ARS-AVL-CRY-IPS-TOT,5,1+1+1+1+1,0,2.8182,2.6,3.0,0.0,2,"ARS,AVL","FUL,MCI",CRY-FUL-IPS-MCI-TOT,5,1+1+1+1+1,0,2.5,100.0,18.8,-0.1406,2.559325,False,
ARS-BRE-EVE-IPS-LEE,5,1+1+1+1+1,0,2.8182,2.6,3.0,0.0,2,"BRE,IPS","COV,LIV",ARS-COV-EVE-LEE-LIV,5,1+1+1+1+1,0,2.5,100.0,12.5,-0.1182,2.559325,False,
ARS-BHA-CRY-IPS-TOT,5,1+1+1+1+1,0,2.8182,2.6,3.0,0.0,2,"ARS,BHA","FUL,MCI",CRY-FUL-IPS-MCI-TOT,5,1+1+1+1+1,0,2.5,100.0,18.8,-0.1406,2.559325,False,
ARS-CRY-IPS-LEE-TOT,5,1+1+1+1+1,0,2.8182,2.6,3.0,0.0,2,"ARS,CRY","CHE,FUL",CHE-FUL-IPS-LEE-TOT,5,1+1+1+1+1,0,2.5,100.0,6.2,-0.176,2.559325,False,
ARS-BRE-CHE-CRY-IPS,5,1+1+1+1+1,0,2.8182,2.6,3.0,0.0177,2,"ARS,CRY","FUL,MCI",BRE-CHE-FUL-IPS-MCI,5,1+1+1+1+1,0,2.5,100.0,6.2,-0.0918,2.559325,False,
ARS-BHA-CHE-IPS-LEE,5,1+1+1+1+1,0,2.8182,2.6,3.0,0.0396,2,"ARS,BHA","FUL,TOT",CHE-FUL-IPS-LEE-TOT,5,1+1+1+1+1,0,2.5,100.0,6.2,-0.176,2.559325,False,
ARS-CHE-CHE-CRY-NFO,4,2+1+1+1,0,2.8182,2.6,3.0,0.0444,2,"ARS,CRY","AVL,NEW",AVL-CHE-CHE-NEW-NFO,4,2+1+1+1,0,2.5,100.0,18.8,-0.2301,2.559325,False,
ARS-ARS-CRY-LEE-LIV,4,2+1+1+1,0,2.8182,2.6,3.0,0.05,2,"ARS,CRY","AVL,COV",ARS-AVL-COV-LEE-LIV,5,1+1+1+1+1,0,2.5,100.0,6.2,-0.1536,2.559325,False,
ARS-ARS-CRY-LEE-MCI,4,2+1+1+1,0,2.8182,2.6,3.0,0.05,2,"ARS,CRY","AVL,COV",ARS-AVL-COV-LEE-MCI,5,1+1+1+1+1,0,2.5,100.0,6.2,-0.1997,2.559325,False,
CRY-IPS-IPS-LEE-LIV,4,2+1+1+1,0,2.8182,2.6,3.0,0.05,2,"IPS,LEE","BOU,NEW",BOU-CRY-IPS-LIV-NEW,5,1+1+1+1+1,0,2.5,100.0,12.5,-0.1567,2.559325,False,
ARS-AVL-IPS-LEE-LEE,4,2+1+1+1,0,2.8182,2.6,3.0,0.1,2,"IPS,LEE","COV,MCI",ARS-AVL-COV-LEE-MCI,5,1+1+1+1+1,0,2.5,100.0,6.2,-0.1997,2.559325,False,
ARS-BHA-BHA-IPS-LEE,4,2+1+1+1,0,2.8182,2.6,3.0,0.1,2,"ARS,BHA","FUL,MCI",BHA-FUL-IPS-LEE-MCI,5,1+1+1+1+1,0,2.5,100.0,6.2,-0.1502,2.559325,False,
ARS-BHA-IPS-LEE-LEE,4,2+1+1+1,0,2.8182,2.6,3.0,0.1,2,"ARS,LEE","FUL,MCI",BHA-FUL-IPS-LEE-MCI,5,1+1+1+1+1,0,2.5,100.0,6.2,-0.1502,2.559325,False,
ARS-AVL-CRY-CRY-MUN,4,2+1+1+1,0,2.8182,2.6,3.0,0.1366,2,"CRY,MUN","BOU,LIV",ARS-AVL-BOU-CRY-LIV,5,1+1+1+1+1,0,2.5,100.0,0.0,-0.1373,2.559325,False,
ARS-AVL-CRY-CRY-SUN,4,2+1+1+1,1,2.8182,2.6,3.0,0.1366,2,"CRY,SUN","BOU,LIV",ARS-AVL-BOU-CRY-LIV,5,1+1+1+1+1,0,2.5,100.0,0.0,-0.1373,2.559325,False,
ARS-BHA-CRY-CRY-SUN,4,2+1+1+1,1,2.8182,2.6,3.0,0.1366,2,"ARS,CRY","LIV,MCI",BHA-CRY-LIV-MCI-SUN,5,1+1+1+1+1,1,2.5,100.0,18.8,-0.1215,2.559325,False,
BHA-CRY-CRY-IPS-MUN,4,2+1+1+1,0,2.8182,2.6,3.0,0.1366,2,"CRY,MUN","LIV,MCI",BHA-CRY-IPS-LIV-MCI,5,1+1+1+1+1,0,2.5,100.0,18.8,-0.1071,2.559325,False,
ARS-CHE-IPS-LEE-LEE,4,2+1+1+1,0,2.8182,2.6,3.0,0.1378,2,"ARS,LEE","FUL,TOT",CHE-FUL-IPS-LEE-TOT,5,1+1+1+1+1,0,2.5,100.0,6.2,-0.176,2.559325,False,
ARS-CRY-IPS-LEE-LIV,5,1+1+1+1+1,0,2.8182,2.6,3.0,0.15,2,"ARS,LEE","BOU,NEW",BOU-CRY-IPS-LIV-NEW,5,1+1+1+1+1,0,2.5,100.0,12.5,-0.1567,2.559325,False,
ARS-CHE-CHE-IPS-LEE,4,2+1+1+1,0,2.8182,2.6,3.0,0.1756,2,"ARS,CHE","FUL,TOT",CHE-FUL-IPS-LEE-TOT,5,1+1+1+1+1,0,2.5,100.0,6.2,-0.176,2.559325,False,
AVL-CRY-CRY-MUN-NFO,4,2+1+1+1,0,2.8182,2.6,3.0,0.2098,2,"CRY,CRY","BOU,LIV",AVL-BOU-LIV-MUN-NFO,5,1+1+1+1+1,0,2.5,100.0,12.5,-0.0977,2.559325,False,
ARS-ARS-AVL-BRE-CRY,4,2+1+1+1,0,2.8182,2.6,3.0,0.2232,2,"ARS,ARS","FUL,MCI",AVL-BRE-CRY-FUL-MCI,5,1+1+1+1+1,0,2.5,100.0,18.8,-0.1524,2.559325,False,
AVL-BRE-CRY-IPS-IPS,4,2+1+1+1,0,2.8182,2.6,3.0,0.2232,2,"IPS,IPS","FUL,MCI",AVL-BRE-CRY-FUL-MCI,5,1+1+1+1+1,0,2.5,100.0,18.8,-0.1524,2.559325,False,
BRE-BHA-CRY-IPS-IPS,4,2+1+1+1,0,2.8182,2.6,3.0,0.2232,2,"BRE,IPS","LIV,MCI",BHA-CRY-IPS-LIV-MCI,5,1+1+1+1+1,0,2.5,100.0,18.8,-0.1071,2.559325,False,
ARS-AVL-BRE-CRY-IPS,5,1+1+1+1+1,0,2.8182,2.6,3.0,0.3232,2,"ARS,IPS","FUL,MCI",AVL-BRE-CRY-FUL-MCI,5,1+1+1+1+1,0,2.5,100.0,18.8,-0.1524,2.559325,False,
ARS-BRE-BHA-CRY-IPS,5,1+1+1+1+1,0,2.8182,2.6,3.0,0.3232,2,"ARS,BRE","LIV,MCI",BHA-CRY-IPS-LIV-MCI,5,1+1+1+1+1,0,2.5,100.0,18.8,-0.1071,2.559325,False,
ARS-EVE-EVE-LEE-MUN,4,2+1+1+1,0,2.8182,2.6,3.0,0.35,2,"EVE,MUN","COV,LIV",ARS-COV-EVE-LEE-LIV,5,1+1+1+1+1,0,2.5,100.0,12.5,-0.1182,2.559325,False,
ARS-EVE-EVE-LEE-SUN,4,2+1+1+1,1,2.8182,2.6,3.0,0.35,2,"EVE,SUN","COV,LIV",ARS-COV-EVE-LEE-LIV,5,1+1+1+1+1,0,2.5,100.0,12.5,-0.1182,2.559325,False,
ARS-CHE-EVE-EVE-MUN,4,2+1+1+1,0,2.8182,2.6,3.0,0.6524,2,"EVE,MUN","BOU,COV",ARS-BOU-CHE-COV-EVE,5,1+1+1+1+1,0,2.5,100.0,12.5,-0.0319,2.559325,False,
ARS-BRE-EVE-EVE-MCI,4,2+1+1+1,0,2.8182,2.8,2.83,-0.3,2,"ARS,EVE","COV,FUL",BRE-COV-EVE-FUL-MCI,5,1+1+1+1+1,0,2.5,93.8,18.8,-0.101,2.559325,False,
AVL-BRE-EVE-EVE-IPS,4,2+1+1+1,0,2.8182,2.8,2.83,-0.2366,2,"EVE,EVE","BOU,CHE",AVL-BOU-BRE-CHE-IPS,5,1+1+1+1+1,0,2.5,100.0,12.5,-0.0862,2.559325,False,
ARS-CHE-CRY-CRY-TOT,4,2+1+1+1,0,2.8182,2.8,2.83,-0.2067,2,"CRY,CRY","BOU,NFO",ARS-BOU-CHE-NFO-TOT,5,1+1+1+1+1,0,2.5,100.0,12.5,-0.0708,2.559325,False,
ARS-BHA-BHA-CHE-EVE,4,2+1+1+1,0,2.8182,2.8,2.83,-0.2062,2,"ARS,BHA","COV,NFO",BHA-CHE-COV-EVE-NFO,5,1+1+1+1+1,0,2.5,100.0,6.2,-0.1166,2.559325,False,
ARS-AVL-CHE-CHE-CRY,4,2+1+1+1,0,2.8182,2.8,2.83,-0.1732,2,"ARS,CRY","NEW,NFO",AVL-CHE-CHE-NEW-NFO,4,2+1+1+1,0,2.5,100.0,18.8,-0.2301,2.559325,False,
BHA-CHE-CHE-CRY-IPS,4,2+1+1+1,0,2.8182,2.8,2.83,-0.1732,2,"BHA,CRY","AVL,NFO",AVL-CHE-CHE-IPS-NFO,4,2+1+1+1,0,2.5,100.0,18.8,-0.1637,2.559325,False,
ARS-CRY-CRY-LIV-TOT,4,2+1+1+1,0,2.8182,2.8,2.83,-0.15,2,"CRY,TOT","AVL,BOU",ARS-AVL-BOU-CRY-LIV,5,1+1+1+1+1,0,2.5,100.0,0.0,-0.1373,2.559325,False,
ARS-CRY-CRY-MCI-TOT,4,2+1+1+1,0,2.8182,2.8,2.83,-0.15,2,"ARS,CRY","FUL,NEW",CRY-FUL-MCI-NEW-TOT,5,1+1+1+1+1,0,2.5,100.0,12.5,-0.1535,2.559325,False,
ARS-EVE-EVE-MCI-TOT,4,2+1+1+1,0,2.8182,2.8,2.83,-0.15,2,"EVE,EVE","COV,FUL",ARS-COV-FUL-MCI-TOT,5,1+1+1+1+1,0,2.5,100.0,18.8,-0.0502,2.559325,False,
CRY-CRY-IPS-LIV-TOT,4,2+1+1+1,0,2.8182,2.8,2.83,-0.15,2,"CRY,TOT","BOU,NEW",BOU-CRY-IPS-LIV-NEW,5,1+1+1+1+1,0,2.5,100.0,12.5,-0.1567,2.559325,False,
ARS-BHA-BHA-EVE-LEE,4,2+1+1+1,0,2.8182,2.8,2.83,-0.1232,2,"BHA,BHA","COV,LIV",ARS-COV-EVE-LEE-LIV,5,1+1+1+1+1,0,2.5,100.0,12.5,-0.1182,2.559325,False,
BHA-BHA-EVE-IPS-LEE,4,2+1+1+1,0,2.8182,2.8,2.83,-0.1232,2,"BHA,EVE","FUL,MCI",BHA-FUL-IPS-LEE-MCI,5,1+1+1+1+1,0,2.5,100.0,6.2,-0.1502,2.559325,False,
AVL-EVE-EVE-IPS-TOT,4,2+1+1+1,0,2.8182,2.8,2.83,-0.1098,2,"EVE,EVE","CHE,LEE",AVL-CHE-IPS-LEE-TOT,5,1+1+1+1+1,0,2.5,100.0,18.8,-0.0867,2.559325,False,
ARS-AVL-AVL-CRY-TOT,4,2+1+1+1,0,2.8182,2.8,2.83,-0.1,2,"AVL,TOT","BOU,LIV",ARS-AVL-BOU-CRY-LIV,5,1+1+1+1+1,0,2.5,100.0,0.0,-0.1373,2.559325,False,
ARS-BRE-EVE-LEE-LEE,4,2+1+1+1,0,2.8182,2.8,2.83,-0.1,2,"BRE,LEE","COV,LIV",ARS-COV-EVE-LEE-LIV,5,1+1+1+1+1,0,2.5,100.0,12.5,-0.1182,2.559325,False,
ARS-BHA-CRY-LEE-TOT,5,1+1+1+1+1,0,2.8182,2.8,2.83,-0.1,2,"ARS,CRY","FUL,NFO",BHA-FUL-LEE-NFO-TOT,5,1+1+1+1+1,0,2.5,100.0,0.0,-0.1679,2.559325,False,
ARS-CRY-LEE-LEE-TOT,4,2+1+1+1,0,2.8182,2.8,2.83,-0.1,2,"ARS,LEE","AVL,FUL",AVL-CRY-FUL-LEE-TOT,5,1+1+1+1+1,0,2.5,100.0,12.5,-0.1346,2.559325,False,
AVL-AVL-CRY-IPS-TOT,4,2+1+1+1,0,2.8182,2.8,2.83,-0.1,2,"AVL,AVL","FUL,MCI",CRY-FUL-IPS-MCI-TOT,5,1+1+1+1+1,0,2.5,100.0,18.8,-0.1406,2.559325,False,
BRE-EVE-IPS-LEE-LEE,4,2+1+1+1,0,2.8182,2.8,2.83,-0.1,2,"BRE,LEE","COV,MCI",COV-EVE-IPS-LEE-MCI,5,1+1+1+1+1,0,2.5,93.8,18.8,-0.0543,2.559325,False,
BHA-BHA-CRY-IPS-TOT,4,2+1+1+1,0,2.8182,2.8,2.83,-0.1,2,"BHA,BHA","FUL,MCI",CRY-FUL-IPS-MCI-TOT,5,1+1+1+1+1,0,2.5,100.0,18.8,-0.1406,2.559325,False,
BHA-CRY-IPS-LEE-TOT,5,1+1+1+1+1,0,2.8182,2.8,2.83,-0.1,2,"BHA,CRY","CHE,FUL",CHE-FUL-IPS-LEE-TOT,5,1+1+1+1+1,0,2.5,100.0,6.2,-0.176,2.559325,False,
CRY-IPS-LEE-LEE-TOT,4,2+1+1+1,0,2.8182,2.8,2.83,-0.1,2,"CRY,LEE","CHE,FUL",CHE-FUL-IPS-LEE-TOT,5,1+1+1+1+1,0,2.5,100.0,6.2,-0.176,2.559325,False,
EVE-IPS-LEE-LEE-LIV,4,2+1+1+1,0,2.8182,2.8,2.83,-0.1,2,"IPS,LEE","CHE,HUL",CHE-EVE-HUL-LEE-LIV,5,1+1+1+1+1,0,2.5,100.0,18.8,-0.136,2.559325,False,
ARS-CHE-CRY-CRY-LIV,4,2+1+1+1,0,2.8182,2.8,2.83,-0.0768,2,"CHE,CRY","AVL,BOU",ARS-AVL-BOU-CRY-LIV,5,1+1+1+1+1,0,2.5,100.0,0.0,-0.1373,2.559325,False,
ARS-CHE-CRY-CRY-MCI,4,2+1+1+1,0,2.8182,2.8,2.83,-0.0768,2,"CHE,CRY","AVL,LIV",ARS-AVL-CRY-LIV-MCI,5,1+1+1+1+1,0,2.5,100.0,6.2,-0.1226,2.559325,False,
BRE-CHE-CRY-CRY-IPS,4,2+1+1+1,0,2.8182,2.8,2.83,-0.0768,2,"CRY,CRY","FUL,MCI",BRE-CHE-FUL-IPS-MCI,5,1+1+1+1+1,0,2.5,100.0,6.2,-0.0918,2.559325,False,
CHE-CHE-CRY-IPS-LEE,4,2+1+1+1,0,2.8182,2.8,2.83,-0.0634,2,"CHE,CRY","FUL,TOT",CHE-FUL-IPS-LEE-TOT,5,1+1+1+1+1,0,2.5,100.0,6.2,-0.176,2.559325,False,
ARS-BRE-CHE-CHE-EVE,4,2+1+1+1,0,2.8182,2.8,2.83,-0.0622,2,"ARS,BRE","NEW,NFO",CHE-CHE-EVE-NEW-NFO,4,2+1+1+1,0,2.5,100.0,25.0,-0.1504,2.559325,False,
ARS-BHA-EVE-LEE-LEE,4,2+1+1+1,0,2.8182,2.8,2.83,-0.0366,2,"BHA,LEE","COV,LIV",ARS-COV-EVE-LEE-LIV,5,1+1+1+1+1,0,2.5,100.0,12.5,-0.1182,2.559325,False,
BHA-EVE-IPS-LEE-LEE,4,2+1+1+1,0,2.8182,2.8,2.83,-0.0366,2,"EVE,LEE","FUL,MCI",BHA-FUL-IPS-LEE-MCI,5,1+1+1+1+1,0,2.5,100.0,6.2,-0.1502,2.559325,False,
BHA-BHA-CHE-CRY-IPS,4,2+1+1+1,0,2.8182,2.8,2.83,-0.0299,2,"BHA,CHE","LIV,MCI",BHA-CRY-IPS-LIV-MCI,5,1+1+1+1+1,0,2.5,100.0,18.8,-0.1071,2.559325,False,
ARS-BHA-CHE-CRY-LEE,5,1+1+1+1+1,0,2.8182,2.8,2.83,-0.0183,2,"ARS,CRY","AVL,NFO",AVL-BHA-CHE-LEE-NFO,5,1+1+1+1+1,0,2.5,100.0,18.8,-0.0972,2.559325,False,
BHA-CHE-CRY-IPS-LEE,5,1+1+1+1+1,0,2.8182,2.8,2.83,-0.0183,2,"BHA,CRY","FUL,TOT",CHE-FUL-IPS-LEE-TOT,5,1+1+1+1+1,0,2.5,100.0,6.2,-0.176,2.559325,False,
AVL-CRY-CRY-LEE-MUN,4,2+1+1+1,0,2.8182,2.8,2.83,-0.0134,2,"CRY,MUN","FUL,TOT",AVL-CRY-FUL-LEE-TOT,5,1+1+1+1+1,0,2.5,100.0,12.5,-0.1346,2.559325,False,
AVL-CRY-CRY-LEE-SUN,4,2+1+1+1,1,2.8182,2.8,2.83,-0.0134,2,"CRY,SUN","FUL,TOT",AVL-CRY-FUL-LEE-TOT,5,1+1+1+1+1,0,2.5,100.0,12.5,-0.1346,2.559325,False,
BHA-CRY-CRY-LEE-SUN,4,2+1+1+1,1,2.8182,2.8,2.83,-0.0134,2,"CRY,CRY","COV,MCI",BHA-COV-LEE-MCI-SUN,5,1+1+1+1+1,1,2.5,100.0,18.8,-0.1462,2.559325,False,
CHE-CRY-IPS-LEE-LEE,4,2+1+1+1,0,2.8182,2.8,2.83,-0.0067,2,"CRY,LEE","FUL,TOT",CHE-FUL-IPS-LEE-TOT,5,1+1+1+1+1,0,2.5,100.0,6.2,-0.176,2.559325,False,
ARS-BHA-CHE-CHE-EVE,4,2+1+1+1,0,2.8182,2.8,2.83,-0.0062,2,"ARS,BHA","NEW,NFO",CHE-CHE-EVE-NEW-NFO,4,2+1+1+1,0,2.5,100.0,25.0,-0.1504,2.559325,False,
ARS-CRY-LEE-LEE-LIV,4,2+1+1+1,0,2.8182,2.8,2.83,0.05,2,"CRY,LEE","AVL,COV",ARS-AVL-COV-LEE-LIV,5,1+1+1+1+1,0,2.5,100.0,6.2,-0.1536,2.559325,False,
ARS-CRY-LEE-LEE-MCI,4,2+1+1+1,0,2.8182,2.8,2.83,0.05,2,"CRY,LEE","AVL,COV",ARS-AVL-COV-LEE-MCI,5,1+1+1+1+1,0,2.5,100.0,6.2,-0.1997,2.559325,False,
CRY-IPS-LEE-LEE-LIV,4,2+1+1+1,0,2.8182,2.8,2.83,0.05,2,"LEE,LEE","BOU,NEW",BOU-CRY-IPS-LIV-NEW,5,1+1+1+1+1,0,2.5,100.0,12.5,-0.1567,2.559325,False,
ARS-AVL-BRE-CRY-LEE,5,1+1+1+1+1,0,2.8182,2.8,2.83,0.2232,2,"BRE,CRY","COV,MCI",ARS-AVL-COV-LEE-MCI,5,1+1+1+1+1,0,2.5,100.0,6.2,-0.1997,2.559325,False,
AVL-BRE-CRY-IPS-LEE,5,1+1+1+1+1,0,2.8182,2.8,2.83,0.2232,2,"CRY,IPS","AVL,COV",AVL-AVL-BRE-COV-LEE,4,2+1+1+1,0,2.5,100.0,18.8,-0.1548,2.559325,False,
BRE-BHA-CRY-IPS-LEE,5,1+1+1+1+1,0,2.8182,2.8,2.83,0.2232,2,"BRE,CRY","FUL,MCI",BHA-FUL-IPS-LEE-MCI,5,1+1+1+1+1,0,2.5,100.0,6.2,-0.1502,2.559325,False,
ARS-BRE-CRY-CRY-LIV,4,2+1+1+1,0,2.8182,2.8,2.83,0.3,2,"BRE,CRY","AVL,BOU",ARS-AVL-BOU-CRY-LIV,5,1+1+1+1+1,0,2.5,100.0,0.0,-0.1373,2.559325,False,
ARS-BRE-CRY-CRY-MCI,4,2+1+1+1,0,2.8182,2.8,2.83,0.3,2,"ARS,CRY","AVL,FUL",AVL-BRE-CRY-FUL-MCI,5,1+1+1+1+1,0,2.5,100.0,18.8,-0.1524,2.559325,False,
BRE-CRY-CRY-IPS-LIV,4,2+1+1+1,0,2.8182,2.8,2.83,0.3,2,"BRE,CRY","BOU,NEW",BOU-CRY-IPS-LIV-NEW,5,1+1+1+1+1,0,2.5,100.0,12.5,-0.1567,2.559325,False,
BRE-CRY-CRY-IPS-MCI,4,2+1+1+1,0,2.8182,2.8,2.83,0.3,2,"CRY,IPS","AVL,FUL",AVL-BRE-CRY-FUL-MCI,5,1+1+1+1+1,0,2.5,100.0,18.8,-0.1524,2.559325,False,
ARS-AVL-AVL-BRE-CRY,4,2+1+1+1,0,2.8182,2.8,2.83,0.3964,2,"ARS,CRY","COV,LEE",AVL-AVL-BRE-COV-LEE,4,2+1+1+1,0,2.5,100.0,18.8,-0.1548,2.559325,False,
AVL-AVL-BRE-CRY-IPS,4,2+1+1+1,0,2.8182,2.8,2.83,0.3964,2,"CRY,IPS","COV,LEE",AVL-AVL-BRE-COV-LEE,4,2+1+1+1,0,2.5,100.0,18.8,-0.1548,2.559325,False,
BRE-BHA-BHA-CRY-IPS,4,2+1+1+1,0,2.8182,2.8,2.83,0.3964,2,"BHA,BRE","LIV,MCI",BHA-CRY-IPS-LIV-MCI,5,1+1+1+1+1,0,2.5,100.0,18.8,-0.1071,2.559325,False,
BRE-EVE-EVE-LEE-LIV,4,2+1+1+1,0,2.8182,3.0,2.67,-0.3,2,"BRE,EVE","CHE,HUL",CHE-EVE-HUL-LEE-LIV,5,1+1+1+1+1,0,2.5,100.0,18.8,-0.136,2.559325,False,
BRE-BHA-CHE-EVE-EVE,4,2+1+1+1,0,2.8182,3.0,2.67,-0.2903,2,"BRE,EVE","COV,NFO",BHA-CHE-COV-EVE-NFO,5,1+1+1+1+1,0,2.5,100.0,6.2,-0.1166,2.559325,False,
BHA-CHE-CRY-CRY-TOT,4,2+1+1+1,0,2.8182,3.0,2.67,-0.2872,2,"CRY,CRY","NFO,NFO",BHA-CHE-NFO-NFO-TOT,4,2+1+1+1,0,2.5,100.0,18.8,-0.1594,2.559325,False,
BRE-BHA-EVE-EVE-LEE,4,2+1+1+1,0,2.8182,3.0,2.67,-0.2866,2,"BRE,EVE","COV,FUL",BHA-COV-EVE-FUL-LEE,5,1+1+1+1+1,0,2.5,100.0,12.5,-0.1135,2.559325,False,
CRY-CRY-LEE-LIV-TOT,4,2+1+1+1,0,2.8182,3.0,2.67,-0.15,2,"CRY,LIV","AVL,FUL",AVL-CRY-FUL-LEE-TOT,5,1+1+1+1+1,0,2.5,100.0,12.5,-0.1346,2.559325,False,
CRY-CRY-LEE-MCI-TOT,4,2+1+1+1,0,2.8182,3.0,2.67,-0.15,2,"CRY,LEE","FUL,NEW",CRY-FUL-MCI-NEW-TOT,5,1+1+1+1+1,0,2.5,100.0,12.5,-0.1535,2.559325,False,
BRE-BHA-EVE-LEE-LEE,4,2+1+1+1,0,2.8182,3.0,2.67,-0.1,2,"BRE,LEE","COV,FUL",BHA-COV-EVE-FUL-LEE,5,1+1+1+1+1,0,2.5,100.0,12.5,-0.1135,2.559325,False,
BRE-EVE-LEE-LEE-LIV,4,2+1+1+1,0,2.8182,3.0,2.67,-0.1,2,"BRE,LEE","CHE,HUL",CHE-EVE-HUL-LEE-LIV,5,1+1+1+1+1,0,2.5,100.0,18.8,-0.136,2.559325,False,
BHA-BHA-CRY-LEE-TOT,4,2+1+1+1,0,2.8182,3.0,2.67,-0.1,2,"BHA,CRY","FUL,NFO",BHA-FUL-LEE-NFO-TOT,5,1+1+1+1+1,0,2.5,100.0,0.0,-0.1679,2.559325,False,
BHA-CRY-LEE-LEE-TOT,4,2+1+1+1,0,2.8182,3.0,2.67,-0.1,2,"CRY,LEE","FUL,NFO",BHA-FUL-LEE-NFO-TOT,5,1+1+1+1+1,0,2.5,100.0,0.0,-0.1679,2.559325,False,
CRY-LEE-LEE-LIV-TOT,4,2+1+1+1,0,2.8182,3.0,2.67,-0.1,2,"LEE,LIV","AVL,FUL",AVL-CRY-FUL-LEE-TOT,5,1+1+1+1+1,0,2.5,100.0,12.5,-0.1346,2.559325,False,
CRY-LEE-LEE-MCI-TOT,4,2+1+1+1,0,2.8182,3.0,2.67,-0.1,2,"LEE,LEE","FUL,NEW",CRY-FUL-MCI-NEW-TOT,5,1+1+1+1+1,0,2.5,100.0,12.5,-0.1535,2.559325,False,
BHA-BHA-CHE-CRY-LEE,4,2+1+1+1,0,2.8182,3.0,2.67,-0.0988,2,"BHA,CRY","AVL,NFO",AVL-BHA-CHE-LEE-NFO,5,1+1+1+1+1,0,2.5,100.0,18.8,-0.0972,2.559325,False,
BHA-CHE-CRY-LEE-LEE,4,2+1+1+1,0,2.8182,3.0,2.67,-0.0872,2,"CRY,LEE","AVL,NFO",AVL-BHA-CHE-LEE-NFO,5,1+1+1+1+1,0,2.5,100.0,18.8,-0.0972,2.559325,False,
BRE-CRY-LEE-LEE-MCI,4,2+1+1+1,0,2.8182,3.0,2.67,0.2,2,"LEE,LEE","AVL,FUL",AVL-BRE-CRY-FUL-MCI,5,1+1+1+1+1,0,2.5,100.0,18.8,-0.1524,2.559325,False,
AVL-BRE-CRY-LEE-LEE,4,2+1+1+1,0,2.8182,3.0,2.67,0.2232,2,"CRY,LEE","AVL,COV",AVL-AVL-BRE-COV-LEE,4,2+1+1+1,0,2.5,100.0,18.8,-0.1548,2.559325,False,
BRE-CRY-CRY-LEE-MCI,4,2+1+1+1,0,2.8182,3.0,2.67,0.3,2,"CRY,LEE","AVL,FUL",AVL-BRE-CRY-FUL-MCI,5,1+1+1+1+1,0,2.5,100.0,18.8,-0.1524,2.559325,False,
ARS-ARS-BRE-BHA-MUN,4,2+1+1+1,0,2.5455,2.4,2.67,-0.1,2,"ARS,ARS","COV,MCI",BRE-BHA-COV-MCI-MUN,5,1+1+1+1+1,0,2.5625,100.0,6.2,-0.1622,2.559331,False,
BRE-CRY-LEE-MUN-MUN,4,2+1+1+1,0,2.5455,2.6,2.5,-0.25,2,"LEE,MUN","AVL,MCI",AVL-BRE-CRY-MCI-MUN,5,1+1+1+1+1,0,2.5625,100.0,6.2,-0.1563,2.559331,False,
BRE-CRY-CRY-MUN-SUN,4,2+1+1+1,1,2.5455,2.6,2.5,-0.2,2,"CRY,SUN","AVL,MCI",AVL-BRE-CRY-MCI-MUN,5,1+1+1+1+1,0,2.5625,100.0,6.2,-0.1563,2.559331,False,
BRE-CRY-LEE-MUN-SUN,5,1+1+1+1+1,1,2.5455,2.6,2.5,-0.15,2,"LEE,SUN","AVL,MCI",AVL-BRE-CRY-MCI-MUN,5,1+1+1+1+1,0,2.5625,100.0,6.2,-0.1563,2.559331,False,
ARS-BRE-BHA-BHA-MUN,4,2+1+1+1,0,2.5455,2.6,2.5,-0.1,2,"ARS,BHA","COV,MCI",BRE-BHA-COV-MCI-MUN,5,1+1+1+1+1,0,2.5625,100.0,6.2,-0.1622,2.559331,False,
BRE-LEE-LEE-MUN-SUN,4,2+1+1+1,1,2.5455,2.6,2.5,-0.1,2,"LEE,SUN","AVL,COV",AVL-BRE-COV-LEE-MUN,5,1+1+1+1+1,0,2.5625,100.0,6.2,-0.1518,2.559331,False,
BRE-BRE-CRY-NFO-SUN,4,2+1+1+1,1,2.5455,2.6,2.5,-0.0634,2,"BRE,SUN","BOU,MUN",BOU-BRE-CRY-MUN-NFO,5,1+1+1+1+1,0,2.5625,100.0,12.5,-0.1132,2.559331,False,
ARS-ARS-CHE-IPS-NFO,4,2+1+1+1,0,2.9091,2.2,3.5,0.4838,2,"ARS,ARS","BOU,FUL",BOU-CHE-FUL-IPS-NFO,5,1+1+1+1+1,0,2.4792,100.0,6.2,-0.1258,2.559351,False,
ARS-CHE-IPS-IPS-NFO,4,2+1+1+1,0,2.9091,2.2,3.5,0.4838,2,"ARS,IPS","BOU,FUL",BOU-CHE-FUL-IPS-NFO,5,1+1+1+1+1,0,2.4792,100.0,6.2,-0.1258,2.559351,False,
ARS-ARS-AVL-IPS-NFO,4,2+1+1+1,0,2.9091,2.2,3.5,0.5098,2,"ARS,ARS","BOU,CHE",AVL-BOU-CHE-IPS-NFO,5,1+1+1+1+1,0,2.4792,100.0,12.5,-0.117,2.559351,False,
ARS-AVL-IPS-IPS-NFO,4,2+1+1+1,0,2.9091,2.2,3.5,0.5098,2,"ARS,IPS","BOU,CHE",AVL-BOU-CHE-IPS-NFO,5,1+1+1+1+1,0,2.4792,100.0,12.5,-0.117,2.559351,False,
ARS-ARS-EVE-IPS-LIV,4,2+1+1+1,0,2.9091,2.4,3.33,0.1,2,"ARS,IPS","BOU,COV",ARS-BOU-COV-EVE-LIV,5,1+1+1+1+1,0,2.4792,100.0,18.8,-0.0922,2.559351,False,
ARS-ARS-EVE-IPS-MCI,4,2+1+1+1,0,2.9091,2.4,3.33,0.1,2,"ARS,ARS","CHE,COV",CHE-COV-EVE-IPS-MCI,5,1+1+1+1+1,0,2.4792,100.0,18.8,-0.0363,2.559351,False,
ARS-EVE-IPS-IPS-LIV,4,2+1+1+1,0,2.9091,2.4,3.33,0.1,2,"IPS,IPS","BOU,COV",ARS-BOU-COV-EVE-LIV,5,1+1+1+1+1,0,2.4792,100.0,18.8,-0.0922,2.559351,False,
ARS-EVE-IPS-IPS-MCI,4,2+1+1+1,0,2.9091,2.4,3.33,0.1,2,"ARS,IPS","CHE,COV",CHE-COV-EVE-IPS-MCI,5,1+1+1+1+1,0,2.4792,100.0,18.8,-0.0363,2.559351,False,
ARS-ARS-AVL-CHE-IPS,4,2+1+1+1,0,2.9091,2.4,3.33,0.1585,2,"ARS,ARS","BOU,NFO",AVL-BOU-CHE-IPS-NFO,5,1+1+1+1+1,0,2.4792,100.0,12.5,-0.117,2.559351,False,
ARS-AVL-CHE-IPS-IPS,4,2+1+1+1,0,2.9091,2.4,3.33,0.1585,2,"ARS,IPS","BOU,NFO",AVL-BOU-CHE-IPS-NFO,5,1+1+1+1+1,0,2.4792,100.0,12.5,-0.117,2.559351,False,
ARS-ARS-AVL-EVE-NFO,4,2+1+1+1,0,2.9091,2.4,3.33,0.2366,2,"ARS,ARS","CHE,COV",AVL-CHE-COV-EVE-NFO,5,1+1+1+1+1,0,2.4792,100.0,6.2,-0.1231,2.559351,False,
ARS-ARS-BHA-EVE-NFO,4,2+1+1+1,0,2.9091,2.4,3.33,0.2366,2,"ARS,ARS","COV,LIV",BHA-COV-EVE-LIV-NFO,5,1+1+1+1+1,0,2.4792,100.0,18.8,-0.1308,2.559351,False,
AVL-EVE-IPS-IPS-NFO,4,2+1+1+1,0,2.9091,2.4,3.33,0.2366,2,"IPS,IPS","CHE,COV",AVL-CHE-COV-EVE-NFO,5,1+1+1+1+1,0,2.4792,100.0,6.2,-0.1231,2.559351,False,
BHA-EVE-IPS-IPS-NFO,4,2+1+1+1,0,2.9091,2.4,3.33,0.2366,2,"IPS,IPS","COV,LIV",BHA-COV-EVE-LIV-NFO,5,1+1+1+1+1,0,2.4792,100.0,18.8,-0.1308,2.559351,False,
CHE-CRY-IPS-IPS-NFO,4,2+1+1+1,0,2.9091,2.4,3.33,0.2893,2,"CRY,IPS","BOU,FUL",BOU-CHE-FUL-IPS-NFO,5,1+1+1+1+1,0,2.4792,100.0,6.2,-0.1258,2.559351,False,
ARS-AVL-EVE-IPS-NFO,5,1+1+1+1+1,0,2.9091,2.4,3.33,0.3366,2,"ARS,IPS","CHE,COV",AVL-CHE-COV-EVE-NFO,5,1+1+1+1+1,0,2.4792,100.0,6.2,-0.1231,2.559351,False,
ARS-BHA-EVE-IPS-NFO,5,1+1+1+1+1,0,2.9091,2.4,3.33,0.3366,2,"ARS,IPS","COV,LIV",BHA-COV-EVE-LIV-NFO,5,1+1+1+1+1,0,2.4792,100.0,18.8,-0.1308,2.559351,False,
ARS-CHE-CRY-IPS-NFO,5,1+1+1+1+1,0,2.9091,2.4,3.33,0.3893,2,"ARS,CRY","BOU,FUL",BOU-CHE-FUL-IPS-NFO,5,1+1+1+1+1,0,2.4792,100.0,6.2,-0.1258,2.559351,False,
ARS-ARS-AVL-CRY-NFO,4,2+1+1+1,0,2.9091,2.4,3.33,0.4964,2,"ARS,CRY","BOU,LIV",ARS-AVL-BOU-LIV-NFO,5,1+1+1+1+1,0,2.4792,100.0,12.5,-0.1091,2.559351,False,
ARS-ARS-BHA-CRY-NFO,4,2+1+1+1,0,2.9091,2.4,3.33,0.4964,2,"ARS,ARS","BOU,LIV",BOU-BHA-CRY-LIV-NFO,5,1+1+1+1+1,0,2.4792,100.0,18.8,-0.1001,2.559351,False,
AVL-CRY-IPS-IPS-NFO,4,2+1+1+1,0,2.9091,2.4,3.33,0.4964,2,"CRY,IPS","BOU,CHE",AVL-BOU-CHE-IPS-NFO,5,1+1+1+1+1,0,2.4792,100.0,12.5,-0.117,2.559351,False,
BHA-CRY-IPS-IPS-NFO,4,2+1+1+1,0,2.9091,2.4,3.33,0.4964,2,"IPS,IPS","BOU,LIV",BOU-BHA-CRY-LIV-NFO,5,1+1+1+1+1,0,2.4792,100.0,18.8,-0.1001,2.559351,False,
ARS-AVL-CRY-NFO-NFO,4,2+1+1+1,0,2.9091,2.4,3.33,0.583,2,"CRY,NFO","BOU,LIV",ARS-AVL-BOU-LIV-NFO,5,1+1+1+1+1,0,2.4792,100.0,12.5,-0.1091,2.559351,False,
ARS-BHA-CRY-NFO-NFO,4,2+1+1+1,0,2.9091,2.4,3.33,0.583,2,"ARS,CRY","BOU,LIV",BOU-BHA-LIV-NFO-NFO,4,2+1+1+1,0,2.4792,100.0,25.0,-0.147,2.559351,False,
AVL-CRY-IPS-NFO-NFO,4,2+1+1+1,0,2.9091,2.4,3.33,0.583,2,"CRY,NFO","BOU,CHE",AVL-BOU-CHE-IPS-NFO,5,1+1+1+1+1,0,2.4792,100.0,12.5,-0.117,2.559351,False,
BHA-CRY-IPS-NFO-NFO,4,2+1+1+1,0,2.9091,2.4,3.33,0.583,2,"CRY,IPS","BOU,LIV",BOU-BHA-LIV-NFO-NFO,4,2+1+1+1,0,2.4792,100.0,25.0,-0.147,2.559351,False,
ARS-AVL-CRY-IPS-NFO,5,1+1+1+1+1,0,2.9091,2.4,3.33,0.5964,2,"ARS,CRY","BOU,CHE",AVL-BOU-CHE-IPS-NFO,5,1+1+1+1+1,0,2.4792,100.0,12.5,-0.117,2.559351,False,
ARS-BHA-CRY-IPS-NFO,5,1+1+1+1+1,0,2.9091,2.4,3.33,0.5964,2,"ARS,IPS","BOU,LIV",BOU-BHA-CRY-LIV-NFO,5,1+1+1+1+1,0,2.4792,100.0,18.8,-0.1001,2.559351,False,
ARS-EVE-EVE-IPS-LIV,4,2+1+1+1,0,2.9091,2.6,3.17,0.0,2,"EVE,IPS","BOU,COV",ARS-BOU-COV-EVE-LIV,5,1+1+1+1+1,0,2.4792,100.0,18.8,-0.0922,2.559351,False,
ARS-EVE-EVE-IPS-MCI,4,2+1+1+1,0,2.9091,2.6,3.17,0.0,2,"ARS,EVE","CHE,COV",CHE-COV-EVE-IPS-MCI,5,1+1+1+1+1,0,2.4792,100.0,18.8,-0.0363,2.559351,False,
ARS-ARS-AVL-EVE-LEE,4,2+1+1+1,0,2.9091,2.6,3.17,0.0134,2,"ARS,ARS","CHE,COV",AVL-CHE-COV-EVE-LEE,5,1+1+1+1+1,0,2.4792,100.0,12.5,-0.128,2.559351,False,
AVL-EVE-IPS-IPS-LEE,4,2+1+1+1,0,2.9091,2.6,3.17,0.0134,2,"IPS,IPS","CHE,COV",AVL-CHE-COV-EVE-LEE,5,1+1+1+1+1,0,2.4792,100.0,12.5,-0.128,2.559351,False,
ARS-CRY-CRY-NFO-TOT,4,2+1+1+1,0,2.9091,2.6,3.17,0.0232,2,"ARS,CRY","BOU,FUL",BOU-CRY-FUL-NFO-TOT,5,1+1+1+1+1,0,2.4792,100.0,18.8,-0.177,2.559351,False,
CRY-CRY-IPS-NFO-TOT,4,2+1+1+1,0,2.9091,2.6,3.17,0.0232,2,"CRY,IPS","BOU,FUL",BOU-CRY-FUL-NFO-TOT,5,1+1+1+1+1,0,2.4792,100.0,18.8,-0.177,2.559351,False,
ARS-ARS-AVL-CHE-EVE,4,2+1+1+1,0,2.9091,2.6,3.17,0.0475,2,"ARS,ARS","COV,LEE",AVL-CHE-COV-EVE-LEE,5,1+1+1+1+1,0,2.4792,100.0,12.5,-0.128,2.559351,False,
AVL-CHE-EVE-IPS-IPS,4,2+1+1+1,0,2.9091,2.6,3.17,0.0475,2,"IPS,IPS","COV,LEE",AVL-CHE-COV-EVE-LEE,5,1+1+1+1+1,0,2.4792,100.0,12.5,-0.128,2.559351,False,
BHA-CHE-EVE-IPS-IPS,4,2+1+1+1,0,2.9091,2.6,3.17,0.0475,2,"BHA,IPS","BOU,COV",BOU-CHE-COV-EVE-IPS,5,1+1+1+1+1,0,2.4792,100.0,18.8,-0.052,2.559351,False,
AVL-CHE-CRY-IPS-IPS,4,2+1+1+1,0,2.9091,2.6,3.17,0.0506,2,"CRY,IPS","BOU,NFO",AVL-BOU-CHE-IPS-NFO,5,1+1+1+1+1,0,2.4792,100.0,12.5,-0.117,2.559351,False,
ARS-AVL-EVE-EVE-NFO,4,2+1+1+1,0,2.9091,2.6,3.17,0.0634,2,"ARS,EVE","CHE,COV",AVL-CHE-COV-EVE-NFO,5,1+1+1+1+1,0,2.4792,100.0,6.2,-0.1231,2.559351,False,
ARS-BHA-EVE-EVE-NFO,4,2+1+1+1,0,2.9091,2.6,3.17,0.0634,2,"ARS,EVE","COV,LIV",BHA-COV-EVE-LIV-NFO,5,1+1+1+1+1,0,2.4792,100.0,18.8,-0.1308,2.559351,False,
AVL-EVE-EVE-IPS-NFO,4,2+1+1+1,0,2.9091,2.6,3.17,0.0634,2,"EVE,IPS","CHE,COV",AVL-CHE-COV-EVE-NFO,5,1+1+1+1+1,0,2.4792,100.0,6.2,-0.1231,2.559351,False,
BHA-EVE-EVE-IPS-NFO,4,2+1+1+1,0,2.9091,2.6,3.17,0.0634,2,"EVE,IPS","COV,LIV",BHA-COV-EVE-LIV-NFO,5,1+1+1+1+1,0,2.4792,100.0,18.8,-0.1308,2.559351,False,
ARS-AVL-EVE-IPS-LEE,5,1+1+1+1+1,0,2.9091,2.6,3.17,0.1134,2,"ARS,IPS","CHE,COV",AVL-CHE-COV-EVE-LEE,5,1+1+1+1+1,0,2.4792,100.0,12.5,-0.128,2.559351,False,
ARS-AVL-CHE-EVE-IPS,5,1+1+1+1+1,0,2.9091,2.6,3.17,0.1475,2,"ARS,IPS","COV,LEE",AVL-CHE-COV-EVE-LEE,5,1+1+1+1+1,0,2.4792,100.0,12.5,-0.128,2.559351,False,
ARS-BHA-CHE-EVE-IPS,5,1+1+1+1+1,0,2.9091,2.6,3.17,0.1475,2,"ARS,BHA","BOU,COV",BOU-CHE-COV-EVE-IPS,5,1+1+1+1+1,0,2.4792,100.0,18.8,-0.052,2.559351,False,
ARS-AVL-CHE-CRY-IPS,5,1+1+1+1+1,0,2.9091,2.6,3.17,0.1506,2,"ARS,CRY","BOU,NFO",AVL-BOU-CHE-IPS-NFO,5,1+1+1+1+1,0,2.4792,100.0,12.5,-0.117,2.559351,False,
CHE-CRY-CRY-IPS-NFO,4,2+1+1+1,0,2.9091,2.6,3.17,0.1948,2,"CRY,CRY","BOU,FUL",BOU-CHE-FUL-IPS-NFO,5,1+1+1+1+1,0,2.4792,100.0,6.2,-0.1258,2.559351,False,
ARS-ARS-CHE-EVE-LEE,4,2+1+1+1,0,2.9091,2.6,3.17,0.2323,2,"ARS,ARS","FUL,TOT",CHE-EVE-FUL-LEE-TOT,5,1+1+1+1+1,0,2.4792,100.0,12.5,-0.1443,2.559351,False,
CHE-EVE-IPS-IPS-LEE,4,2+1+1+1,0,2.9091,2.6,3.17,0.2323,2,"IPS,IPS","FUL,TOT",CHE-EVE-FUL-LEE-TOT,5,1+1+1+1+1,0,2.4792,100.0,12.5,-0.1443,2.559351,False,
ARS-CHE-EVE-IPS-LEE,5,1+1+1+1+1,0,2.9091,2.6,3.17,0.3323,2,"ARS,IPS","FUL,TOT",CHE-EVE-FUL-LEE-TOT,5,1+1+1+1+1,0,2.4792,100.0,12.5,-0.1443,2.559351,False,
ARS-CRY-CRY-MCI-NFO,4,2+1+1+1,0,2.9091,2.6,3.17,0.4098,2,"ARS,CRY","BHA,LIV",BHA-CRY-LIV-MCI-NFO,5,1+1+1+1+1,0,2.4792,100.0,25.0,-0.0977,2.559351,False,
CRY-CRY-IPS-MCI-NFO,4,2+1+1+1,0,2.9091,2.6,3.17,0.4098,2,"CRY,IPS","BHA,LIV",BHA-CRY-LIV-MCI-NFO,5,1+1+1+1+1,0,2.4792,100.0,25.0,-0.0977,2.559351,False,
ARS-CHE-CHE-EVE-IPS,4,2+1+1+1,0,2.9091,2.6,3.17,0.4646,2,"ARS,CHE","BOU,COV",BOU-CHE-COV-EVE-IPS,5,1+1+1+1+1,0,2.4792,100.0,18.8,-0.052,2.559351,False,
ARS-AVL-AVL-CRY-NFO,4,2+1+1+1,0,2.9091,2.6,3.17,0.4964,2,"AVL,CRY","BOU,LIV",ARS-AVL-BOU-LIV-NFO,5,1+1+1+1+1,0,2.4792,100.0,12.5,-0.1091,2.559351,False,
ARS-BHA-BHA-CRY-NFO,4,2+1+1+1,0,2.9091,2.6,3.17,0.4964,2,"ARS,BHA","BOU,LIV",BOU-BHA-CRY-LIV-NFO,5,1+1+1+1+1,0,2.4792,100.0,18.8,-0.1001,2.559351,False,
AVL-AVL-CRY-IPS-NFO,4,2+1+1+1,0,2.9091,2.6,3.17,0.4964,2,"AVL,CRY","BOU,CHE",AVL-BOU-CHE-IPS-NFO,5,1+1+1+1+1,0,2.4792,100.0,12.5,-0.117,2.559351,False,
BHA-BHA-CRY-IPS-NFO,4,2+1+1+1,0,2.9091,2.6,3.17,0.4964,2,"BHA,IPS","BOU,LIV",BOU-BHA-CRY-LIV-NFO,5,1+1+1+1+1,0,2.4792,100.0,18.8,-0.1001,2.559351,False,
ARS-EVE-EVE-LEE-LIV,4,2+1+1+1,0,2.9091,2.8,3.0,-0.15,2,"EVE,LEE","BOU,COV",ARS-BOU-COV-EVE-LIV,5,1+1+1+1+1,0,2.4792,100.0,18.8,-0.0922,2.559351,False,
ARS-AVL-EVE-EVE-LEE,4,2+1+1+1,0,2.9091,2.8,3.0,-0.0732,2,"ARS,EVE","CHE,COV",AVL-CHE-COV-EVE-LEE,5,1+1+1+1+1,0,2.4792,100.0,12.5,-0.128,2.559351,False,
AVL-EVE-EVE-IPS-LEE,4,2+1+1+1,0,2.9091,2.8,3.0,-0.0732,2,"EVE,IPS","CHE,COV",AVL-CHE-COV-EVE-LEE,5,1+1+1+1+1,0,2.4792,100.0,12.5,-0.128,2.559351,False,
BRE-CHE-EVE-EVE-IPS,4,2+1+1+1,0,2.9091,2.8,3.0,-0.0366,2,"BRE,EVE","BOU,COV",BOU-CHE-COV-EVE-IPS,5,1+1+1+1+1,0,2.4792,100.0,18.8,-0.052,2.559351,False,
AVL-CRY-CRY-NFO-TOT,4,2+1+1+1,0,2.9091,2.8,3.0,0.0232,2,"CRY,CRY","FUL,LEE",AVL-FUL-LEE-NFO-TOT,5,1+1+1+1+1,0,2.4792,100.0,0.0,-0.2008,2.559351,False,
BHA-CRY-CRY-NFO-TOT,4,2+1+1+1,0,2.9091,2.8,3.0,0.0232,2,"BHA,CRY","BOU,FUL",BOU-CRY-FUL-NFO-TOT,5,1+1+1+1+1,0,2.4792,100.0,18.8,-0.177,2.559351,False,
ARS-AVL-CHE-EVE-EVE,4,2+1+1+1,0,2.9091,2.8,3.0,0.0365,2,"ARS,EVE","COV,LEE",AVL-CHE-COV-EVE-LEE,5,1+1+1+1+1,0,2.4792,100.0,12.5,-0.128,2.559351,False,
AVL-CHE-EVE-EVE-IPS,4,2+1+1+1,0,2.9091,2.8,3.0,0.0365,2,"EVE,IPS","COV,LEE",AVL-CHE-COV-EVE-LEE,5,1+1+1+1+1,0,2.4792,100.0,12.5,-0.128,2.559351,False,
BHA-CHE-EVE-EVE-IPS,4,2+1+1+1,0,2.9091,2.8,3.0,0.0365,2,"BHA,EVE","BOU,COV",BOU-CHE-COV-EVE-IPS,5,1+1+1+1+1,0,2.4792,100.0,18.8,-0.052,2.559351,False,
AVL-CHE-CRY-CRY-IPS,4,2+1+1+1,0,2.9091,2.8,3.0,0.0427,2,"CRY,CRY","BOU,NFO",AVL-BOU-CHE-IPS-NFO,5,1+1+1+1+1,0,2.4792,100.0,12.5,-0.117,2.559351,False,
BHA-CHE-CRY-CRY-NFO,4,2+1+1+1,0,2.9091,2.8,3.0,0.1143,2,"CRY,CRY","BOU,NFO",BOU-BHA-CHE-NFO-NFO,4,2+1+1+1,0,2.4792,100.0,18.8,-0.1158,2.559351,False,
ARS-EVE-EVE-LEE-TOT,4,2+1+1+1,0,2.9091,2.8,3.0,0.15,2,"ARS,EVE","COV,FUL",COV-EVE-FUL-LEE-TOT,5,1+1+1+1+1,0,2.4792,100.0,6.2,-0.1706,2.559351,False,
CRY-CRY-IPS-LEE-MCI,4,2+1+1+1,0,2.9091,2.8,3.0,0.15,2,"CRY,CRY","COV,FUL",COV-FUL-IPS-LEE-MCI,5,1+1+1+1+1,0,2.4792,100.0,18.8,-0.1204,2.559351,False,
EVE-EVE-IPS-LEE-TOT,4,2+1+1+1,0,2.9091,2.8,3.0,0.15,2,"EVE,IPS","COV,FUL",COV-EVE-FUL-LEE-TOT,5,1+1+1+1+1,0,2.4792,100.0,6.2,-0.1706,2.559351,False,
ARS-CHE-EVE-LEE-LEE,4,2+1+1+1,0,2.9091,2.8,3.0,0.1634,2,"ARS,LEE","FUL,TOT",CHE-EVE-FUL-LEE-TOT,5,1+1+1+1+1,0,2.4792,100.0,12.5,-0.1443,2.559351,False,
CHE-EVE-IPS-LEE-LEE,4,2+1+1+1,0,2.9091,2.8,3.0,0.1634,2,"IPS,LEE","FUL,TOT",CHE-EVE-FUL-LEE-TOT,5,1+1+1+1+1,0,2.4792,100.0,12.5,-0.1443,2.559351,False,
ARS-AVL-AVL-CRY-LEE,4,2+1+1+1,0,2.9091,2.8,3.0,0.2232,2,"ARS,CRY","CHE,COV",AVL-AVL-CHE-COV-LEE,4,2+1+1+1,0,2.4792,100.0,31.2,-0.1583,2.559351,False,
AVL-AVL-CRY-IPS-LEE,4,2+1+1+1,0,2.9091,2.8,3.0,0.2232,2,"CRY,IPS","CHE,COV",AVL-AVL-CHE-COV-LEE,4,2+1+1+1,0,2.4792,100.0,31.2,-0.1583,2.559351,False,
ARS-CHE-CHE-EVE-LEE,4,2+1+1+1,0,2.9091,2.8,3.0,0.2768,2,"ARS,CHE","FUL,TOT",CHE-EVE-FUL-LEE-TOT,5,1+1+1+1+1,0,2.4792,100.0,12.5,-0.1443,2.559351,False,
CHE-CHE-EVE-IPS-LEE,4,2+1+1+1,0,2.9091,2.8,3.0,0.2768,2,"CHE,IPS","FUL,TOT",CHE-EVE-FUL-LEE-TOT,5,1+1+1+1+1,0,2.4792,100.0,12.5,-0.1443,2.559351,False,
ARS-AVL-CRY-CRY-LIV,4,2+1+1+1,0,2.9091,2.8,3.0,0.4098,2,"ARS,CRY","BOU,NEW",AVL-BOU-CRY-LIV-NEW,5,1+1+1+1+1,0,2.4792,100.0,6.2,-0.1674,2.559351,False,
ARS-AVL-CRY-CRY-MCI,4,2+1+1+1,0,2.9091,2.8,3.0,0.4098,2,"ARS,CRY","LIV,NEW",AVL-CRY-LIV-MCI-NEW,5,1+1+1+1+1,0,2.4792,100.0,12.5,-0.1535,2.559351,False,
ARS-BHA-CRY-CRY-LIV,4,2+1+1+1,0,2.9091,2.8,3.0,0.4098,2,"ARS,CRY","BOU,NFO",BOU-BHA-CRY-LIV-NFO,5,1+1+1+1+1,0,2.4792,100.0,18.8,-0.1001,2.559351,False,
ARS-BHA-CRY-CRY-MCI,4,2+1+1+1,0,2.9091,2.8,3.0,0.4098,2,"ARS,CRY","LIV,NFO",BHA-CRY-LIV-MCI-NFO,5,1+1+1+1+1,0,2.4792,100.0,25.0,-0.0977,2.559351,False,
AVL-CRY-CRY-IPS-LIV,4,2+1+1+1,0,2.9091,2.8,3.0,0.4098,2,"CRY,IPS","BOU,NEW",AVL-BOU-CRY-LIV-NEW,5,1+1+1+1+1,0,2.4792,100.0,6.2,-0.1674,2.559351,False,
AVL-CRY-CRY-IPS-MCI,4,2+1+1+1,0,2.9091,2.8,3.0,0.4098,2,"CRY,IPS","LIV,NEW",AVL-CRY-LIV-MCI-NEW,5,1+1+1+1+1,0,2.4792,100.0,12.5,-0.1535,2.559351,False,
BHA-CRY-CRY-IPS-LIV,4,2+1+1+1,0,2.9091,2.8,3.0,0.4098,2,"CRY,IPS","BOU,NFO",BOU-BHA-CRY-LIV-NFO,5,1+1+1+1+1,0,2.4792,100.0,18.8,-0.1001,2.559351,False,
BHA-CRY-CRY-IPS-MCI,4,2+1+1+1,0,2.9091,2.8,3.0,0.4098,2,"CRY,IPS","LIV,NFO",BHA-CRY-LIV-MCI-NFO,5,1+1+1+1+1,0,2.4792,100.0,25.0,-0.0977,2.559351,False,
ARS-CHE-EVE-EVE-TOT,4,2+1+1+1,0,2.9091,2.8,3.0,0.4335,2,"ARS,EVE","FUL,NFO",CHE-EVE-FUL-NFO-TOT,5,1+1+1+1+1,0,2.4792,100.0,6.2,-0.1683,2.559351,False,
CHE-EVE-EVE-IPS-TOT,4,2+1+1+1,0,2.9091,2.8,3.0,0.4335,2,"EVE,IPS","FUL,NFO",CHE-EVE-FUL-NFO-TOT,5,1+1+1+1+1,0,2.4792,100.0,6.2,-0.1683,2.559351,False,
AVL-BRE-CRY-CRY-NFO,4,2+1+1+1,0,2.9091,2.8,3.0,0.583,2,"CRY,CRY","BOU,COV",AVL-BOU-BRE-COV-NFO,5,1+1+1+1+1,0,2.4792,100.0,18.8,-0.14,2.559351,False,
BRE-BHA-CRY-CRY-NFO,4,2+1+1+1,0,2.9091,2.8,3.0,0.583,2,"BRE,CRY","BOU,LIV",BOU-BHA-CRY-LIV-NFO,5,1+1+1+1+1,0,2.4792,100.0,18.8,-0.1001,2.559351,False,
BHA-CRY-CRY-MCI-NFO,4,2+1+1+1,0,2.9091,2.8,3.0,0.583,2,"CRY,CRY","LIV,NEW",BHA-LIV-MCI-NEW-NFO,5,1+1+1+1+1,0,2.4792,100.0,12.5,-0.1303,2.559351,False,
AVL-CRY-CRY-LEE-TOT,4,2+1+1+1,0,2.9091,3.0,2.83,-0.1134,2,"CRY,CRY","FUL,NFO",AVL-FUL-LEE-NFO-TOT,5,1+1+1+1+1,0,2.4792,100.0,0.0,-0.2008,2.559351,False,
BRE-CHE-EVE-EVE-LEE,4,2+1+1+1,0,2.9091,3.0,2.83,-0.1055,2,"BRE,EVE","FUL,TOT",CHE-EVE-FUL-LEE-TOT,5,1+1+1+1+1,0,2.4792,100.0,12.5,-0.1443,2.559351,False,
BHA-CHE-EVE-EVE-LEE,4,2+1+1+1,0,2.9091,3.0,2.83,-0.0824,2,"BHA,EVE","FUL,TOT",CHE-EVE-FUL-LEE-TOT,5,1+1+1+1+1,0,2.4792,100.0,12.5,-0.1443,2.559351,False,
BHA-CRY-CRY-LEE-LIV,4,2+1+1+1,0,2.9091,3.0,2.83,0.3598,2,"CRY,CRY","AVL,NFO",AVL-BHA-LEE-LIV-NFO,5,1+1+1+1+1,0,2.4792,100.0,12.5,-0.1076,2.559351,False,
BHA-CRY-CRY-LEE-MCI,4,2+1+1+1,0,2.9091,3.0,2.83,0.3598,2,"CRY,CRY","COV,FUL",BHA-COV-FUL-LEE-MCI,5,1+1+1+1+1,0,2.4792,100.0,12.5,-0.149,2.559351,False,
CHE-EVE-EVE-LEE-TOT,4,2+1+1+1,0,2.9091,3.0,2.83,0.3646,2,"EVE,EVE","FUL,NFO",CHE-FUL-LEE-NFO-TOT,5,1+1+1+1+1,0,2.4792,100.0,6.2,-0.1838,2.559351,False,
ARS-ARS-BRE-IPS-MUN,4,2+1+1+1,0,2.6364,2.2,3.0,0.1,2,"ARS,MUN","AVL,BOU",ARS-AVL-BOU-BRE-IPS,5,1+1+1+1+1,0,2.5417,100.0,6.2,-0.1478,2.559356,False,
ARS-BRE-IPS-IPS-MUN,4,2+1+1+1,0,2.6364,2.2,3.0,0.1,2,"BRE,MUN","BOU,CHE",ARS-BOU-CHE-IPS-IPS,4,2+1+1+1,0,2.5417,100.0,18.8,-0.1724,2.559356,False,
ARS-ARS-BRE-CRY-MUN,4,2+1+1+1,0,2.6364,2.4,2.83,0.0,2,"ARS,MUN","AVL,BOU",ARS-AVL-BOU-BRE-CRY,5,1+1+1+1+1,0,2.5417,100.0,0.0,-0.1561,2.559356,False,
ARS-ARS-BRE-EVE-MUN,4,2+1+1+1,0,2.6364,2.4,2.83,0.0,2,"ARS,ARS","BOU,COV",BOU-BRE-COV-EVE-MUN,5,1+1+1+1+1,0,2.5417,100.0,6.2,-0.1626,2.559356,False,
BRE-EVE-IPS-IPS-MUN,4,2+1+1+1,0,2.6364,2.4,2.83,0.0,2,"IPS,IPS","BOU,COV",BOU-BRE-COV-EVE-MUN,5,1+1+1+1+1,0,2.5417,100.0,6.2,-0.1626,2.559356,False,
ARS-BHA-BHA-IPS-MUN,4,2+1+1+1,0,2.6364,2.4,2.83,0.0268,2,"BHA,MUN","LEE,MCI",ARS-BHA-IPS-LEE-MCI,5,1+1+1+1+1,0,2.5417,100.0,6.2,-0.1608,2.559356,False,
ARS-ARS-BHA-CHE-MUN,4,2+1+1+1,0,2.6364,2.4,2.83,0.0475,2,"ARS,MUN","COV,MCI",ARS-BHA-CHE-COV-MCI,5,1+1+1+1+1,0,2.5417,93.8,12.5,-0.0327,2.559356,False,
ARS-BHA-BHA-EVE-MUN,4,2+1+1+1,0,2.6364,2.6,2.67,-0.1464,2,"BHA,MUN","COV,LEE",ARS-BHA-COV-EVE-LEE,5,1+1+1+1+1,0,2.5417,100.0,12.5,-0.0998,2.559356,False,
AVL-AVL-EVE-IPS-MUN,4,2+1+1+1,0,2.6364,2.6,2.67,-0.1464,2,"AVL,IPS","COV,COV",AVL-COV-COV-EVE-MUN,4,2+1+1+1,0,2.5417,100.0,12.5,-0.1613,2.559356,False,
BHA-BHA-EVE-IPS-MUN,4,2+1+1+1,0,2.6364,2.6,2.67,-0.1464,2,"BHA,BHA","BOU,CHE",BOU-CHE-EVE-IPS-MUN,5,1+1+1+1+1,0,2.5417,100.0,6.2,-0.0896,2.559356,False,
ARS-BRE-LEE-LEE-MUN,4,2+1+1+1,0,2.6364,2.6,2.67,-0.1,2,"LEE,MUN","AVL,COV",ARS-AVL-BRE-COV-LEE,5,1+1+1+1+1,0,2.5417,100.0,0.0,-0.1743,2.559356,False,
BRE-IPS-LEE-LEE-MUN,4,2+1+1+1,0,2.6364,2.6,2.67,-0.1,2,"BRE,LEE","AVL,MCI",AVL-IPS-LEE-MCI-MUN,5,1+1+1+1+1,0,2.5417,100.0,6.2,-0.1379,2.559356,False,
ARS-BRE-BHA-CRY-MUN,5,1+1+1+1+1,0,2.6364,2.6,2.67,0.0366,2,"BHA,MUN","AVL,BOU",ARS-AVL-BOU-BRE-CRY,5,1+1+1+1+1,0,2.5417,100.0,0.0,-0.1561,2.559356,False,
ARS-CHE-CHE-CRY-MUN,4,2+1+1+1,0,2.6364,2.6,2.67,0.1256,2,"CHE,MUN","AVL,EVE",ARS-AVL-CHE-CRY-EVE,5,1+1+1+1+1,0,2.5417,100.0,12.5,-0.0107,2.559356,False,
BRE-EVE-EVE-LIV-SUN,4,2+1+1+1,1,2.6364,2.8,2.5,-0.3,2,"EVE,SUN","BHA,HUL",BRE-BHA-EVE-HUL-LIV,5,1+1+1+1+1,0,2.5417,100.0,6.2,-0.1559,2.559356,False,
AVL-BRE-EVE-EVE-MUN,4,2+1+1+1,0,2.6364,2.8,2.5,-0.2732,2,"EVE,EVE","BOU,COV",AVL-BOU-BRE-COV-MUN,5,1+1+1+1+1,0,2.5417,100.0,6.2,-0.1765,2.559356,False,
BRE-BHA-EVE-EVE-MUN,4,2+1+1+1,0,2.6364,2.8,2.5,-0.2732,2,"BHA,EVE","BOU,COV",BOU-BRE-COV-EVE-MUN,5,1+1+1+1+1,0,2.5417,100.0,6.2,-0.1626,2.559356,False,
BRE-CHE-CRY-CRY-MUN,4,2+1+1+1,0,2.6364,2.8,2.5,-0.2512,2,"CRY,CRY","AVL,MCI",AVL-BRE-CHE-MCI-MUN,5,1+1+1+1+1,0,2.5417,100.0,18.8,-0.0939,2.559356,False,
BHA-EVE-IPS-TOT-TOT,4,2+1+1+1,0,2.6364,2.8,2.5,-0.2098,2,"BHA,TOT","CHE,HUL",CHE-EVE-HUL-IPS-TOT,5,1+1+1+1+1,0,2.5417,100.0,12.5,-0.0631,2.559356,False,
BRE-BRE-EVE-IPS-LIV,4,2+1+1+1,0,2.6364,2.8,2.5,-0.2,2,"BRE,IPS","BHA,HUL",BRE-BHA-EVE-HUL-LIV,5,1+1+1+1+1,0,2.5417,100.0,6.2,-0.1559,2.559356,False,
BRE-EVE-IPS-LIV-LIV,4,2+1+1+1,0,2.6364,2.8,2.5,-0.2,2,"IPS,LIV","BHA,HUL",BRE-BHA-EVE-HUL-LIV,5,1+1+1+1+1,0,2.5417,100.0,6.2,-0.1559,2.559356,False,
ARS-BRE-BRE-BHA-EVE,4,2+1+1+1,0,2.6364,2.8,2.5,-0.1634,2,"ARS,BRE","HUL,LIV",BRE-BHA-EVE-HUL-LIV,5,1+1+1+1+1,0,2.5417,100.0,6.2,-0.1559,2.559356,False,
BRE-BRE-CRY-LEE-SUN,4,2+1+1+1,1,2.6364,2.8,2.5,-0.15,2,"BRE,SUN","AVL,FUL",AVL-BRE-CRY-FUL-LEE,5,1+1+1+1+1,0,2.5417,93.8,18.8,-0.087,2.559356,False,
BRE-LEE-LEE-LIV-MUN,4,2+1+1+1,0,2.6364,2.8,2.5,-0.1,2,"LEE,LEE","AVL,NFO",AVL-BRE-LIV-MUN-NFO,5,1+1+1+1+1,0,2.5417,100.0,12.5,-0.0644,2.559356,False,
CHE-CHE-CRY-LEE-MUN,4,2+1+1+1,0,2.6364,2.8,2.5,-0.0122,2,"CHE,CRY","AVL,COV",AVL-CHE-COV-LEE-MUN,5,1+1+1+1+1,0,2.5417,100.0,12.5,-0.1475,2.559356,False,
BRE-BHA-BHA-CRY-MUN,4,2+1+1+1,0,2.6364,2.8,2.5,0.0732,2,"BHA,MUN","IPS,MCI",BRE-BHA-CRY-IPS-MCI,5,1+1+1+1+1,0,2.5417,100.0,12.5,-0.0679,2.559356,False,
ARS-ARS-BRE-IPS-NFO,4,2+1+1+1,0,2.8182,2.2,3.33,0.3098,2,"ARS,BRE","BOU,BOU",ARS-BOU-BOU-IPS-NFO,4,2+1+1+1,0,2.5208,100.0,25.0,-0.127,2.576247,False,
ARS-BRE-IPS-IPS-NFO,4,2+1+1+1,0,2.8182,2.2,3.33,0.3098,2,"BRE,IPS","BOU,BOU",ARS-BOU-BOU-IPS-NFO,4,2+1+1+1,0,2.5208,100.0,25.0,-0.127,2.576247,False,
ARS-ARS-CRY-IPS-MUN,4,2+1+1+1,0,2.8182,2.2,3.33,0.45,2,"ARS,MUN","BOU,LIV",ARS-BOU-CRY-IPS-LIV,5,1+1+1+1+1,0,2.5208,100.0,6.2,-0.1634,2.576247,False,
ARS-CRY-IPS-IPS-MUN,4,2+1+1+1,0,2.8182,2.2,3.33,0.45,2,"IPS,MUN","BOU,LIV",ARS-BOU-CRY-IPS-LIV,5,1+1+1+1+1,0,2.5208,100.0,6.2,-0.1634,2.576247,False,
ARS-ARS-EVE-IPS-MUN,4,2+1+1+1,0,2.8182,2.2,3.33,0.6,2,"ARS,MUN","BOU,CHE",ARS-BOU-CHE-EVE-IPS,5,1+1+1+1+1,0,2.5208,100.0,12.5,-0.0277,2.576247,False,
ARS-EVE-IPS-IPS-MUN,4,2+1+1+1,0,2.8182,2.2,3.33,0.6,2,"IPS,MUN","BOU,CHE",ARS-BOU-CHE-EVE-IPS,5,1+1+1+1+1,0,2.5208,100.0,12.5,-0.0277,2.576247,False,
ARS-ARS-BHA-IPS-TOT,4,2+1+1+1,0,2.8182,2.4,3.17,-0.0366,2,"ARS,BHA","BOU,CHE",ARS-BOU-CHE-IPS-TOT,5,1+1+1+1+1,0,2.5208,100.0,6.2,-0.0922,2.576247,False,
ARS-BHA-IPS-IPS-TOT,4,2+1+1+1,0,2.8182,2.4,3.17,-0.0366,2,"BHA,IPS","BOU,CHE",ARS-BOU-CHE-IPS-TOT,5,1+1+1+1+1,0,2.5208,100.0,6.2,-0.0922,2.576247,False,
ARS-ARS-BRE-IPS-LEE,4,2+1+1+1,0,2.8182,2.4,3.17,0.05,2,"ARS,BRE","AVL,MCI",ARS-AVL-IPS-LEE-MCI,5,1+1+1+1+1,0,2.5208,100.0,6.2,-0.1765,2.576247,False,
ARS-BRE-IPS-IPS-LEE,4,2+1+1+1,0,2.8182,2.4,3.17,0.05,2,"BRE,IPS","AVL,MCI",ARS-AVL-IPS-LEE-MCI,5,1+1+1+1+1,0,2.5208,100.0,6.2,-0.1765,2.576247,False,
ARS-ARS-BRE-BHA-IPS,4,2+1+1+1,0,2.8182,2.4,3.17,0.1366,2,"ARS,ARS","CHE,MCI",BRE-BHA-CHE-IPS-MCI,5,1+1+1+1+1,0,2.5208,100.0,12.5,-0.0344,2.576247,False,
ARS-BRE-BHA-IPS-IPS,4,2+1+1+1,0,2.8182,2.4,3.17,0.1366,2,"ARS,IPS","CHE,MCI",BRE-BHA-CHE-IPS-MCI,5,1+1+1+1+1,0,2.5208,100.0,12.5,-0.0344,2.576247,False,
ARS-BRE-EVE-IPS-NFO,5,1+1+1+1+1,0,2.8182,2.4,3.17,0.1732,2,"BRE,EVE","BOU,BOU",ARS-BOU-BOU-IPS-NFO,4,2+1+1+1,0,2.5208,100.0,25.0,-0.127,2.576247,False,
ARS-CRY-CRY-IPS-MUN,4,2+1+1+1,0,2.8182,2.4,3.17,0.3,2,"CRY,MUN","BOU,LIV",ARS-BOU-CRY-IPS-LIV,5,1+1+1+1+1,0,2.5208,100.0,6.2,-0.1634,2.576247,False,
ARS-EVE-EVE-IPS-MUN,4,2+1+1+1,0,2.8182,2.4,3.17,0.6,2,"EVE,MUN","BOU,CHE",ARS-BOU-CHE-EVE-IPS,5,1+1+1+1+1,0,2.5208,100.0,12.5,-0.0277,2.576247,False,
ARS-ARS-AVL-EVE-TOT,4,2+1+1+1,0,2.8182,2.6,3.0,-0.1232,2,"ARS,AVL","COV,LEE",ARS-COV-EVE-LEE-TOT,5,1+1+1+1+1,0,2.5208,100.0,6.2,-0.1449,2.576247,False,
ARS-ARS-BHA-EVE-TOT,4,2+1+1+1,0,2.8182,2.6,3.0,-0.1232,2,"ARS,BHA","COV,LEE",ARS-COV-EVE-LEE-TOT,5,1+1+1+1+1,0,2.5208,100.0,6.2,-0.1449,2.576247,False,
ARS-ARS-AVL-BRE-EVE,4,2+1+1+1,0,2.8182,2.6,3.0,-0.1,2,"ARS,EVE","BOU,COV",ARS-AVL-BOU-BRE-COV,5,1+1+1+1+1,0,2.5208,100.0,6.2,-0.1689,2.576247,False,
ARS-ARS-BHA-CRY-TOT,4,2+1+1+1,0,2.8182,2.6,3.0,-0.1,2,"ARS,ARS","FUL,NFO",BHA-CRY-FUL-NFO-TOT,5,1+1+1+1+1,0,2.5208,100.0,12.5,-0.1548,2.576247,False,
ARS-ARS-BHA-EVE-MCI,4,2+1+1+1,0,2.8182,2.6,3.0,-0.1,2,"ARS,EVE","COV,LEE",ARS-BHA-COV-LEE-MCI,5,1+1+1+1+1,0,2.5208,100.0,12.5,-0.1511,2.576247,False,
BRE-BHA-EVE-IPS-IPS,4,2+1+1+1,0,2.8182,2.6,3.0,-0.1,2,"EVE,IPS","CHE,MCI",BRE-BHA-CHE-IPS-MCI,5,1+1+1+1+1,0,2.5208,100.0,12.5,-0.0344,2.576247,False,
ARS-ARS-BRE-CHE-CRY,4,2+1+1+1,0,2.8182,2.6,3.0,-0.0823,2,"ARS,CRY","AVL,BOU",ARS-AVL-BOU-BRE-CHE,5,1+1+1+1+1,0,2.5208,100.0,6.2,-0.0705,2.576247,False,
ARS-BHA-EVE-IPS-TOT,5,1+1+1+1+1,0,2.8182,2.6,3.0,-0.0232,2,"BHA,IPS","COV,LEE",ARS-COV-EVE-LEE-TOT,5,1+1+1+1+1,0,2.5208,100.0,6.2,-0.1449,2.576247,False,
ARS-BRE-BHA-EVE-IPS,5,1+1+1+1+1,0,2.8182,2.6,3.0,0.0,2,"ARS,EVE","CHE,MCI",BRE-BHA-CHE-IPS-MCI,5,1+1+1+1+1,0,2.5208,100.0,12.5,-0.0344,2.576247,False,
ARS-ARS-BRE-CRY-LEE,4,2+1+1+1,0,2.8182,2.6,3.0,0.05,2,"ARS,BRE","AVL,LIV",ARS-AVL-CRY-LEE-LIV,5,1+1+1+1+1,0,2.5208,100.0,12.5,-0.1055,2.576247,False,
ARS-CRY-CRY-LEE-MUN,4,2+1+1+1,0,2.8182,2.6,3.0,0.05,2,"CRY,MUN","AVL,LIV",ARS-AVL-CRY-LEE-LIV,5,1+1+1+1+1,0,2.5208,100.0,12.5,-0.1055,2.576247,False,
ARS-CRY-CRY-LEE-SUN,4,2+1+1+1,1,2.8182,2.6,3.0,0.05,2,"CRY,CRY","AVL,MCI",ARS-AVL-LEE-MCI-SUN,5,1+1+1+1+1,1,2.5208,100.0,6.2,-0.1686,2.576247,False,
BRE-CRY-IPS-IPS-LEE,4,2+1+1+1,0,2.8182,2.6,3.0,0.05,2,"BRE,IPS","FUL,TOT",CRY-FUL-IPS-LEE-TOT,5,1+1+1+1+1,0,2.5208,100.0,0.0,-0.1462,2.576247,False,
CRY-CRY-IPS-LEE-MUN,4,2+1+1+1,0,2.8182,2.6,3.0,0.05,2,"CRY,MUN","FUL,TOT",CRY-FUL-IPS-LEE-TOT,5,1+1+1+1+1,0,2.5208,100.0,0.0,-0.1462,2.576247,False,
AVL-CRY-CRY-IPS-MUN,4,2+1+1+1,0,2.8182,2.6,3.0,0.1366,2,"CRY,IPS","LIV,MCI",AVL-CRY-LIV-MCI-MUN,5,1+1+1+1+1,0,2.5208,100.0,6.2,-0.1515,2.576247,False,
ARS-BRE-CRY-IPS-LEE,5,1+1+1+1+1,0,2.8182,2.6,3.0,0.15,2,"BRE,CRY","AVL,MCI",ARS-AVL-IPS-LEE-MCI,5,1+1+1+1+1,0,2.5208,100.0,6.2,-0.1765,2.576247,False,
EVE-EVE-IPS-LEE-MUN,4,2+1+1+1,0,2.8182,2.6,3.0,0.35,2,"EVE,IPS","COV,MCI",COV-EVE-LEE-MCI-MUN,5,1+1+1+1+1,0,2.5208,100.0,6.2,-0.1513,2.576247,False,
ARS-AVL-BRE-EVE-EVE,4,2+1+1+1,0,2.8182,2.8,2.83,-0.2366,2,"EVE,EVE","BOU,COV",ARS-AVL-BOU-BRE-COV,5,1+1+1+1+1,0,2.5208,100.0,6.2,-0.1689,2.576247,False,
ARS-BHA-EVE-EVE-MCI,4,2+1+1+1,0,2.8182,2.8,2.83,-0.2366,2,"EVE,EVE","COV,LEE",ARS-BHA-COV-LEE-MCI,5,1+1+1+1+1,0,2.5208,100.0,12.5,-0.1511,2.576247,False,
BRE-BHA-EVE-EVE-IPS,4,2+1+1+1,0,2.8182,2.8,2.83,-0.2366,2,"EVE,EVE","CHE,MCI",BRE-BHA-CHE-IPS-MCI,5,1+1+1+1+1,0,2.5208,100.0,12.5,-0.0344,2.576247,False,
ARS-BHA-CHE-CHE-CRY,4,2+1+1+1,0,2.8182,2.8,2.83,-0.1732,2,"ARS,CHE","EVE,NFO",BHA-CHE-CRY-EVE-NFO,5,1+1+1+1+1,0,2.5208,100.0,12.5,-0.0531,2.576247,False,
ARS-AVL-EVE-EVE-TOT,4,2+1+1+1,0,2.8182,2.8,2.83,-0.1098,2,"AVL,EVE","COV,LEE",ARS-COV-EVE-LEE-TOT,5,1+1+1+1+1,0,2.5208,100.0,6.2,-0.1449,2.576247,False,
ARS-BHA-EVE-EVE-TOT,4,2+1+1+1,0,2.8182,2.8,2.83,-0.1098,2,"BHA,EVE","COV,LEE",ARS-COV-EVE-LEE-TOT,5,1+1+1+1+1,0,2.5208,100.0,6.2,-0.1449,2.576247,False,
ARS-BHA-BHA-CRY-TOT,4,2+1+1+1,0,2.8182,2.8,2.83,-0.1,2,"ARS,BHA","FUL,NFO",BHA-CRY-FUL-NFO-TOT,5,1+1+1+1+1,0,2.5208,100.0,12.5,-0.1548,2.576247,False,
ARS-BRE-CHE-CRY-CRY,4,2+1+1+1,0,2.8182,2.8,2.83,-0.0768,2,"CRY,CRY","AVL,BOU",ARS-AVL-BOU-BRE-CHE,5,1+1+1+1+1,0,2.5208,100.0,6.2,-0.0705,2.576247,False,
ARS-CHE-CHE-CRY-LEE,4,2+1+1+1,0,2.8182,2.8,2.83,-0.0634,2,"CHE,CRY","AVL,COV",ARS-AVL-CHE-COV-LEE,5,1+1+1+1+1,0,2.5208,100.0,6.2,-0.15,2.576247,False,
ARS-BHA-BHA-CHE-CRY,4,2+1+1+1,0,2.8182,2.8,2.83,-0.0299,2,"ARS,BHA","EVE,NFO",BHA-CHE-CRY-EVE-NFO,5,1+1+1+1+1,0,2.5208,100.0,12.5,-0.0531,2.576247,False,
BHA-CRY-CRY-LEE-MUN,4,2+1+1+1,0,2.8182,2.8,2.83,-0.0134,2,"CRY,MUN","FUL,TOT",BHA-CRY-FUL-LEE-TOT,5,1+1+1+1+1,0,2.5208,100.0,18.8,-0.0562,2.576247,False,
ARS-CHE-CRY-LEE-LEE,4,2+1+1+1,0,2.8182,2.8,2.83,-0.0067,2,"CRY,LEE","AVL,COV",ARS-AVL-CHE-COV-LEE,5,1+1+1+1+1,0,2.5208,100.0,6.2,-0.15,2.576247,False,
ARS-BRE-CRY-LEE-LEE,4,2+1+1+1,0,2.8182,2.8,2.83,0.05,2,"BRE,LEE","AVL,LIV",ARS-AVL-CRY-LEE-LIV,5,1+1+1+1+1,0,2.5208,100.0,12.5,-0.1055,2.576247,False,
BRE-CRY-IPS-LEE-LEE,4,2+1+1+1,0,2.8182,2.8,2.83,0.05,2,"BRE,LEE","FUL,TOT",CRY-FUL-IPS-LEE-TOT,5,1+1+1+1+1,0,2.5208,100.0,0.0,-0.1462,2.576247,False,
ARS-BRE-BHA-CRY-LEE,5,1+1+1+1+1,0,2.8182,2.8,2.83,0.2232,2,"BRE,CRY","COV,MCI",ARS-BHA-COV-LEE-MCI,5,1+1+1+1+1,0,2.5208,100.0,12.5,-0.1511,2.576247,False,
BRE-CHE-CRY-CRY-LEE,4,2+1+1+1,0,2.8182,3.0,2.67,-0.1457,2,"CRY,CRY","AVL,AVL",AVL-AVL-BRE-CHE-LEE,4,2+1+1+1,0,2.5208,100.0,25.0,-0.0985,2.576247,False,
BRE-CHE-CRY-LEE-LEE,4,2+1+1+1,0,2.8182,3.0,2.67,-0.1201,2,"CRY,LEE","AVL,AVL",AVL-AVL-BRE-CHE-LEE,4,2+1+1+1,0,2.5208,100.0,25.0,-0.0985,2.576247,False,
BRE-BHA-CHE-CRY-CRY,4,2+1+1+1,0,2.8182,3.0,2.67,0.0159,2,"CRY,CRY","MCI,NEW",BRE-BHA-CHE-MCI-NEW,5,1+1+1+1+1,0,2.5208,100.0,12.5,-0.0963,2.576247,False,
BRE-CRY-LEE-LEE-LIV,4,2+1+1+1,0,2.8182,3.0,2.67,0.2,2,"BRE,LEE","ARS,AVL",ARS-AVL-CRY-LEE-LIV,5,1+1+1+1+1,0,2.5208,100.0,12.5,-0.1055,2.576247,False,
BRE-BHA-CRY-LEE-LEE,4,2+1+1+1,0,2.8182,3.0,2.67,0.2232,2,"CRY,LEE","AVL,COV",AVL-BRE-BHA-COV-LEE,5,1+1+1+1+1,0,2.5208,100.0,18.8,-0.0756,2.576247,False,
BRE-CRY-CRY-LEE-LIV,4,2+1+1+1,0,2.8182,3.0,2.67,0.3,2,"BRE,CRY","ARS,AVL",ARS-AVL-CRY-LEE-LIV,5,1+1+1+1+1,0,2.5208,100.0,12.5,-0.1055,2.576247,False,
BRE-BHA-BHA-CRY-LEE,4,2+1+1+1,0,2.8182,3.0,2.67,0.3964,2,"BHA,CRY","AVL,COV",AVL-BRE-BHA-COV-LEE,5,1+1+1+1+1,0,2.5208,100.0,18.8,-0.0756,2.576247,False,
BRE-BRE-LEE-LIV-SUN,4,2+1+1+1,1,2.5455,2.8,2.33,-0.1,2,"BRE,LEE","ARS,HUL",ARS-BRE-HUL-LIV-SUN,5,1+1+1+1+1,1,2.5833,100.0,12.5,-0.0266,2.576253,False,
BRE-LEE-LIV-LIV-SUN,4,2+1+1+1,1,2.5455,2.8,2.33,-0.1,2,"LEE,LIV","ARS,HUL",ARS-BRE-HUL-LIV-SUN,5,1+1+1+1+1,1,2.5833,100.0,12.5,-0.0266,2.576253,False,
ARS-ARS-BHA-IPS-NFO,4,2+1+1+1,0,2.9091,2.2,3.5,0.5098,2,"ARS,ARS","BOU,LIV",BOU-BHA-IPS-LIV-NFO,5,1+1+1+1+1,0,2.5,100.0,6.2,-0.104,2.576273,False,
ARS-BHA-IPS-IPS-NFO,4,2+1+1+1,0,2.9091,2.2,3.5,0.5098,2,"ARS,IPS","BOU,LIV",BOU-BHA-IPS-LIV-NFO,5,1+1+1+1+1,0,2.5,100.0,6.2,-0.104,2.576273,False,
ARS-CRY-IPS-NFO-NFO,4,2+1+1+1,0,2.9091,2.2,3.5,0.7196,2,"ARS,NFO","BOU,FUL",BOU-CRY-FUL-IPS-NFO,5,1+1+1+1+1,0,2.5,100.0,12.5,-0.1424,2.576273,False,
ARS-ARS-CRY-IPS-TOT,4,2+1+1+1,0,2.9091,2.4,3.33,0.1,2,"ARS,ARS","FUL,MCI",CRY-FUL-IPS-MCI-TOT,5,1+1+1+1+1,0,2.5,100.0,18.8,-0.1406,2.576273,False,
ARS-CRY-IPS-IPS-TOT,4,2+1+1+1,0,2.9091,2.4,3.33,0.1,2,"ARS,IPS","FUL,MCI",CRY-FUL-IPS-MCI-TOT,5,1+1+1+1+1,0,2.5,100.0,18.8,-0.1406,2.576273,False,
ARS-ARS-BHA-CHE-IPS,4,2+1+1+1,0,2.9091,2.4,3.33,0.1585,2,"ARS,ARS","BOU,NFO",BOU-BHA-CHE-IPS-NFO,5,1+1+1+1+1,0,2.5,100.0,6.2,-0.0956,2.576273,False,
ARS-BHA-CHE-IPS-IPS,4,2+1+1+1,0,2.9091,2.4,3.33,0.1585,2,"ARS,IPS","BOU,NFO",BOU-BHA-CHE-IPS-NFO,5,1+1+1+1+1,0,2.5,100.0,6.2,-0.0956,2.576273,False,
ARS-ARS-AVL-IPS-LEE,4,2+1+1+1,0,2.9091,2.4,3.33,0.2,2,"ARS,IPS","COV,MCI",ARS-AVL-COV-LEE-MCI,5,1+1+1+1+1,0,2.5,100.0,6.2,-0.1997,2.576273,False,
ARS-ARS-BHA-IPS-LEE,4,2+1+1+1,0,2.9091,2.4,3.33,0.2,2,"ARS,ARS","FUL,MCI",BHA-FUL-IPS-LEE-MCI,5,1+1+1+1+1,0,2.5,100.0,6.2,-0.1502,2.576273,False,
ARS-AVL-IPS-IPS-LEE,4,2+1+1+1,0,2.9091,2.4,3.33,0.2,2,"IPS,IPS","COV,MCI",ARS-AVL-COV-LEE-MCI,5,1+1+1+1+1,0,2.5,100.0,6.2,-0.1997,2.576273,False,
ARS-BHA-IPS-IPS-LEE,4,2+1+1+1,0,2.9091,2.4,3.33,0.2,2,"ARS,IPS","FUL,MCI",BHA-FUL-IPS-LEE-MCI,5,1+1+1+1+1,0,2.5,100.0,6.2,-0.1502,2.576273,False,
ARS-ARS-CRY-IPS-LIV,4,2+1+1+1,0,2.9091,2.4,3.33,0.25,2,"ARS,ARS","BOU,NEW",BOU-CRY-IPS-LIV-NEW,5,1+1+1+1+1,0,2.5,100.0,12.5,-0.1567,2.576273,False,
ARS-ARS-CRY-IPS-MCI,4,2+1+1+1,0,2.9091,2.4,3.33,0.25,2,"ARS,ARS","LIV,NEW",CRY-IPS-LIV-MCI-NEW,5,1+1+1+1+1,0,2.5,100.0,12.5,-0.1452,2.576273,False,
ARS-CRY-IPS-IPS-LIV,4,2+1+1+1,0,2.9091,2.4,3.33,0.25,2,"ARS,IPS","BOU,NEW",BOU-CRY-IPS-LIV-NEW,5,1+1+1+1+1,0,2.5,100.0,12.5,-0.1567,2.576273,False,
ARS-CRY-IPS-IPS-MCI,4,2+1+1+1,0,2.9091,2.4,3.33,0.25,2,"ARS,IPS","LIV,NEW",CRY-IPS-LIV-MCI-NEW,5,1+1+1+1+1,0,2.5,100.0,12.5,-0.1452,2.576273,False,
ARS-ARS-CHE-IPS-LEE,4,2+1+1+1,0,2.9091,2.4,3.33,0.2567,2,"ARS,ARS","FUL,TOT",CHE-FUL-IPS-LEE-TOT,5,1+1+1+1+1,0,2.5,100.0,6.2,-0.176,2.576273,False,
ARS-CHE-IPS-IPS-LEE,4,2+1+1+1,0,2.9091,2.4,3.33,0.2567,2,"ARS,IPS","FUL,TOT",CHE-FUL-IPS-LEE-TOT,5,1+1+1+1+1,0,2.5,100.0,6.2,-0.176,2.576273,False,
ARS-ARS-CHE-CRY-NFO,4,2+1+1+1,0,2.9091,2.4,3.33,0.2893,2,"ARS,ARS","EVE,FUL",CHE-CRY-EVE-FUL-NFO,5,1+1+1+1+1,0,2.5,100.0,12.5,-0.1245,2.576273,False,
ARS-CRY-CRY-IPS-TOT,4,2+1+1+1,0,2.9091,2.6,3.17,0.0,2,"ARS,CRY","FUL,MCI",CRY-FUL-IPS-MCI-TOT,5,1+1+1+1+1,0,2.5,100.0,18.8,-0.1406,2.576273,False,
ARS-ARS-BHA-EVE-LEE,4,2+1+1+1,0,2.9091,2.6,3.17,0.0134,2,"ARS,BHA","COV,LIV",ARS-COV-EVE-LEE-LIV,5,1+1+1+1+1,0,2.5,100.0,12.5,-0.1182,2.576273,False,
BHA-EVE-IPS-IPS-LEE,4,2+1+1+1,0,2.9091,2.6,3.17,0.0134,2,"EVE,IPS","FUL,MCI",BHA-FUL-IPS-LEE-MCI,5,1+1+1+1+1,0,2.5,100.0,6.2,-0.1502,2.576273,False,
ARS-ARS-BHA-CHE-EVE,4,2+1+1+1,0,2.9091,2.6,3.17,0.0475,2,"ARS,ARS","COV,NFO",BHA-CHE-COV-EVE-NFO,5,1+1+1+1+1,0,2.5,100.0,6.2,-0.1166,2.576273,False,
ARS-ARS-AVL-CHE-CRY,4,2+1+1+1,0,2.9091,2.6,3.17,0.0506,2,"ARS,CHE","BOU,LIV",ARS-AVL-BOU-CRY-LIV,5,1+1+1+1+1,0,2.5,100.0,0.0,-0.1373,2.576273,False,
BHA-CHE-CRY-IPS-IPS,4,2+1+1+1,0,2.9091,2.6,3.17,0.0506,2,"CHE,IPS","LIV,MCI",BHA-CRY-IPS-LIV-MCI,5,1+1+1+1+1,0,2.5,100.0,18.8,-0.1071,2.576273,False,
CHE-CRY-IPS-IPS-LEE,4,2+1+1+1,0,2.9091,2.6,3.17,0.0622,2,"CRY,IPS","FUL,TOT",CHE-FUL-IPS-LEE-TOT,5,1+1+1+1+1,0,2.5,100.0,6.2,-0.176,2.576273,False,
ARS-BHA-EVE-IPS-LEE,5,1+1+1+1+1,0,2.9091,2.6,3.17,0.1134,2,"ARS,EVE","FUL,MCI",BHA-FUL-IPS-LEE-MCI,5,1+1+1+1+1,0,2.5,100.0,6.2,-0.1502,2.576273,False,
ARS-CHE-CHE-CRY-IPS,4,2+1+1+1,0,2.9091,2.6,3.17,0.1244,2,"ARS,CRY","AVL,NFO",AVL-CHE-CHE-IPS-NFO,4,2+1+1+1,0,2.5,100.0,18.8,-0.1637,2.576273,False,
ARS-BHA-CHE-CRY-IPS,5,1+1+1+1+1,0,2.9091,2.6,3.17,0.1506,2,"ARS,CHE","LIV,MCI",BHA-CRY-IPS-LIV-MCI,5,1+1+1+1+1,0,2.5,100.0,18.8,-0.1071,2.576273,False,
ARS-CHE-CRY-IPS-LEE,5,1+1+1+1+1,0,2.9091,2.6,3.17,0.1622,2,"ARS,CRY","FUL,TOT",CHE-FUL-IPS-LEE-TOT,5,1+1+1+1+1,0,2.5,100.0,6.2,-0.176,2.576273,False,
ARS-ARS-AVL-CRY-LEE,4,2+1+1+1,0,2.9091,2.6,3.17,0.1866,2,"ARS,CRY","COV,MCI",ARS-AVL-COV-LEE-MCI,5,1+1+1+1+1,0,2.5,100.0,6.2,-0.1997,2.576273,False,
AVL-CRY-IPS-IPS-LEE,4,2+1+1+1,0,2.9091,2.6,3.17,0.1866,2,"IPS,IPS","FUL,TOT",AVL-CRY-FUL-LEE-TOT,5,1+1+1+1+1,0,2.5,100.0,12.5,-0.1346,2.576273,False,
BHA-CRY-IPS-IPS-LEE,4,2+1+1+1,0,2.9091,2.6,3.17,0.1866,2,"CRY,IPS","FUL,MCI",BHA-FUL-IPS-LEE-MCI,5,1+1+1+1+1,0,2.5,100.0,6.2,-0.1502,2.576273,False,
ARS-CHE-CRY-CRY-NFO,4,2+1+1+1,0,2.9091,2.6,3.17,0.1948,2,"ARS,CRY","EVE,FUL",CHE-CRY-EVE-FUL-NFO,5,1+1+1+1+1,0,2.5,100.0,12.5,-0.1245,2.576273,False,
ARS-EVE-IPS-LEE-LEE,4,2+1+1+1,0,2.9091,2.6,3.17,0.2,2,"IPS,LEE","COV,LIV",ARS-COV-EVE-LEE-LIV,5,1+1+1+1+1,0,2.5,100.0,12.5,-0.1182,2.576273,False,
ARS-AVL-CRY-IPS-LEE,5,1+1+1+1+1,0,2.9091,2.6,3.17,0.2866,2,"CRY,IPS","COV,MCI",ARS-AVL-COV-LEE-MCI,5,1+1+1+1+1,0,2.5,100.0,6.2,-0.1997,2.576273,False,
ARS-BHA-CRY-IPS-LEE,5,1+1+1+1+1,0,2.9091,2.6,3.17,0.2866,2,"ARS,CRY","FUL,MCI",BHA-FUL-IPS-LEE-MCI,5,1+1+1+1+1,0,2.5,100.0,6.2,-0.1502,2.576273,False,
ARS-CRY-CRY-IPS-LIV,4,2+1+1+1,0,2.9091,2.6,3.17,0.3,2,"ARS,CRY","BOU,NEW",BOU-CRY-IPS-LIV-NEW,5,1+1+1+1+1,0,2.5,100.0,12.5,-0.1567,2.576273,False,
ARS-CRY-CRY-IPS-MCI,4,2+1+1+1,0,2.9091,2.6,3.17,0.3,2,"ARS,CRY","LIV,NEW",CRY-IPS-LIV-MCI-NEW,5,1+1+1+1+1,0,2.5,100.0,12.5,-0.1452,2.576273,False,
ARS-AVL-AVL-CRY-IPS,4,2+1+1+1,0,2.9091,2.6,3.17,0.3732,2,"AVL,IPS","BOU,LIV",ARS-AVL-BOU-CRY-LIV,5,1+1+1+1+1,0,2.5,100.0,0.0,-0.1373,2.576273,False,
ARS-BHA-BHA-CRY-IPS,4,2+1+1+1,0,2.9091,2.6,3.17,0.3732,2,"ARS,BHA","LIV,MCI",BHA-CRY-IPS-LIV-MCI,5,1+1+1+1+1,0,2.5,100.0,18.8,-0.1071,2.576273,False,
ARS-BRE-CRY-CRY-NFO,4,2+1+1+1,0,2.9091,2.6,3.17,0.4098,2,"BRE,CRY","BOU,LIV",ARS-BOU-CRY-LIV-NFO,5,1+1+1+1+1,0,2.5,100.0,18.8,-0.1062,2.576273,False,
BRE-CRY-CRY-IPS-NFO,4,2+1+1+1,0,2.9091,2.6,3.17,0.4098,2,"BRE,CRY","BOU,FUL",BOU-CRY-FUL-IPS-NFO,5,1+1+1+1+1,0,2.5,100.0,12.5,-0.1424,2.576273,False,
ARS-BRE-EVE-EVE-LEE,4,2+1+1+1,0,2.9091,2.8,3.0,-0.15,2,"BRE,EVE","COV,LIV",ARS-COV-EVE-LEE-LIV,5,1+1+1+1+1,0,2.5,100.0,12.5,-0.1182,2.576273,False,
ARS-CRY-CRY-LEE-TOT,4,2+1+1+1,0,2.9091,2.8,3.0,-0.15,2,"ARS,CRY","AVL,FUL",AVL-CRY-FUL-LEE-TOT,5,1+1+1+1+1,0,2.5,100.0,12.5,-0.1346,2.576273,False,
BRE-EVE-EVE-IPS-LEE,4,2+1+1+1,0,2.9091,2.8,3.0,-0.15,2,"BRE,EVE","COV,MCI",COV-EVE-IPS-LEE-MCI,5,1+1+1+1+1,0,2.5,93.8,18.8,-0.0543,2.576273,False,
CRY-CRY-IPS-LEE-TOT,4,2+1+1+1,0,2.9091,2.8,3.0,-0.15,2,"CRY,CRY","CHE,FUL",CHE-FUL-IPS-LEE-TOT,5,1+1+1+1+1,0,2.5,100.0,6.2,-0.176,2.576273,False,
EVE-EVE-IPS-LEE-LIV,4,2+1+1+1,0,2.9091,2.8,3.0,-0.15,2,"EVE,IPS","CHE,HUL",CHE-EVE-HUL-LEE-LIV,5,1+1+1+1+1,0,2.5,100.0,18.8,-0.136,2.576273,False,
ARS-BHA-EVE-EVE-LEE,4,2+1+1+1,0,2.9091,2.8,3.0,-0.0732,2,"BHA,EVE","COV,LIV",ARS-COV-EVE-LEE-LIV,5,1+1+1+1+1,0,2.5,100.0,12.5,-0.1182,2.576273,False,
BHA-EVE-EVE-IPS-LEE,4,2+1+1+1,0,2.9091,2.8,3.0,-0.0732,2,"EVE,EVE","FUL,MCI",BHA-FUL-IPS-LEE-MCI,5,1+1+1+1+1,0,2.5,100.0,6.2,-0.1502,2.576273,False,
ARS-AVL-CRY-CRY-TOT,4,2+1+1+1,0,2.9091,2.8,3.0,-0.0634,2,"CRY,TOT","BOU,LIV",ARS-AVL-BOU-CRY-LIV,5,1+1+1+1+1,0,2.5,100.0,0.0,-0.1373,2.576273,False,
AVL-CRY-CRY-IPS-TOT,4,2+1+1+1,0,2.9091,2.8,3.0,-0.0634,2,"AVL,CRY","FUL,MCI",CRY-FUL-IPS-MCI-TOT,5,1+1+1+1+1,0,2.5,100.0,18.8,-0.1406,2.576273,False,
BHA-CRY-CRY-IPS-TOT,4,2+1+1+1,0,2.9091,2.8,3.0,-0.0634,2,"BHA,CRY","FUL,MCI",CRY-FUL-IPS-MCI-TOT,5,1+1+1+1+1,0,2.5,100.0,18.8,-0.1406,2.576273,False,
ARS-BRE-CHE-EVE-EVE,4,2+1+1+1,0,2.9091,2.8,3.0,-0.0366,2,"BRE,EVE","BOU,COV",ARS-BOU-CHE-COV-EVE,5,1+1+1+1+1,0,2.5,100.0,12.5,-0.0319,2.576273,False,
CHE-CRY-CRY-IPS-LEE,4,2+1+1+1,0,2.9091,2.8,3.0,-0.0323,2,"CRY,CRY","FUL,TOT",CHE-FUL-IPS-LEE-TOT,5,1+1+1+1+1,0,2.5,100.0,6.2,-0.176,2.576273,False,
ARS-BHA-CHE-EVE-EVE,4,2+1+1+1,0,2.9091,2.8,3.0,0.0365,2,"ARS,EVE","COV,NFO",BHA-CHE-COV-EVE-NFO,5,1+1+1+1+1,0,2.5,100.0,6.2,-0.1166,2.576273,False,
ARS-AVL-CHE-CRY-CRY,4,2+1+1+1,0,2.9091,2.8,3.0,0.0427,2,"CHE,CRY","BOU,LIV",ARS-AVL-BOU-CRY-LIV,5,1+1+1+1+1,0,2.5,100.0,0.0,-0.1373,2.576273,False,
BHA-CHE-CRY-CRY-IPS,4,2+1+1+1,0,2.9091,2.8,3.0,0.0427,2,"CHE,CRY","LIV,MCI",BHA-CRY-IPS-LIV-MCI,5,1+1+1+1+1,0,2.5,100.0,18.8,-0.1071,2.576273,False,
ARS-AVL-CRY-LEE-LEE,4,2+1+1+1,0,2.9091,2.8,3.0,0.1366,2,"CRY,LEE","COV,MCI",ARS-AVL-COV-LEE-MCI,5,1+1+1+1+1,0,2.5,100.0,6.2,-0.1997,2.576273,False,
AVL-CRY-IPS-LEE-LEE,4,2+1+1+1,0,2.9091,2.8,3.0,0.1366,2,"IPS,LEE","FUL,TOT",AVL-CRY-FUL-LEE-TOT,5,1+1+1+1+1,0,2.5,100.0,12.5,-0.1346,2.576273,False,
BHA-CRY-IPS-LEE-LEE,4,2+1+1+1,0,2.9091,2.8,3.0,0.1366,2,"CRY,LEE","FUL,MCI",BHA-FUL-IPS-LEE-MCI,5,1+1+1+1+1,0,2.5,100.0,6.2,-0.1502,2.576273,False,
ARS-CRY-CRY-LEE-LIV,4,2+1+1+1,0,2.9091,2.8,3.0,0.15,2,"CRY,CRY","AVL,COV",ARS-AVL-COV-LEE-LIV,5,1+1+1+1+1,0,2.5,100.0,6.2,-0.1536,2.576273,False,
ARS-CRY-CRY-LEE-MCI,4,2+1+1+1,0,2.9091,2.8,3.0,0.15,2,"CRY,CRY","AVL,COV",ARS-AVL-COV-LEE-MCI,5,1+1+1+1+1,0,2.5,100.0,6.2,-0.1997,2.576273,False,
CRY-CRY-IPS-LEE-LIV,4,2+1+1+1,0,2.9091,2.8,3.0,0.15,2,"CRY,LEE","BOU,NEW",BOU-CRY-IPS-LIV-NEW,5,1+1+1+1+1,0,2.5,100.0,12.5,-0.1567,2.576273,False,
BHA-BHA-CRY-IPS-LEE,4,2+1+1+1,0,2.9091,2.8,3.0,0.2232,2,"BHA,CRY","FUL,MCI",BHA-FUL-IPS-LEE-MCI,5,1+1+1+1+1,0,2.5,100.0,6.2,-0.1502,2.576273,False,
ARS-AVL-BRE-CRY-CRY,4,2+1+1+1,0,2.9091,2.8,3.0,0.4098,2,"ARS,CRY","FUL,MCI",AVL-BRE-CRY-FUL-MCI,5,1+1+1+1+1,0,2.5,100.0,18.8,-0.1524,2.576273,False,
AVL-BRE-CRY-CRY-IPS,4,2+1+1+1,0,2.9091,2.8,3.0,0.4098,2,"CRY,IPS","FUL,MCI",AVL-BRE-CRY-FUL-MCI,5,1+1+1+1+1,0,2.5,100.0,18.8,-0.1524,2.576273,False,
BRE-BHA-CRY-CRY-IPS,4,2+1+1+1,0,2.9091,2.8,3.0,0.4098,2,"BRE,CRY","LIV,MCI",BHA-CRY-IPS-LIV-MCI,5,1+1+1+1+1,0,2.5,100.0,18.8,-0.1071,2.576273,False,
BHA-CRY-CRY-LEE-TOT,4,2+1+1+1,0,2.9091,3.0,2.83,-0.1134,2,"CRY,CRY","FUL,NFO",BHA-FUL-LEE-NFO-TOT,5,1+1+1+1+1,0,2.5,100.0,0.0,-0.1679,2.576273,False,
BHA-CHE-CRY-CRY-LEE,4,2+1+1+1,0,2.9091,3.0,2.83,-0.0762,2,"CRY,CRY","AVL,NFO",AVL-BHA-CHE-LEE-NFO,5,1+1+1+1+1,0,2.5,100.0,18.8,-0.0972,2.576273,False,
AVL-BRE-CRY-CRY-LEE,4,2+1+1+1,0,2.9091,3.0,2.83,0.3598,2,"CRY,CRY","AVL,COV",AVL-AVL-BRE-COV-LEE,4,2+1+1+1,0,2.5,100.0,18.8,-0.1548,2.576273,False,
BRE-CRY-NFO-NFO-SUN,4,2+1+1+1,1,2.6364,2.4,2.83,0.0732,2,"NFO,SUN","BOU,MUN",BOU-BRE-CRY-MUN-NFO,5,1+1+1+1+1,0,2.5625,100.0,12.5,-0.1132,2.576278,False,
CRY-CRY-LEE-MUN-SUN,4,2+1+1+1,1,2.6364,2.6,2.67,-0.1,2,"CRY,LEE","BOU,TOT",BOU-CRY-MUN-TOT-SUN,5,1+1+1+1+1,1,2.5625,100.0,0.0,-0.1345,2.576278,False,
CRY-LEE-LEE-MUN-SUN,4,2+1+1+1,1,2.6364,2.6,2.67,0.0,2,"LEE,LEE","BOU,TOT",BOU-CRY-MUN-TOT-SUN,5,1+1+1+1+1,1,2.5625,100.0,0.0,-0.1345,2.576278,False,
BRE-BRE-CRY-LEE-MUN,4,2+1+1+1,0,2.6364,2.8,2.5,-0.15,2,"BRE,LEE","AVL,MCI",AVL-BRE-CRY-MCI-MUN,5,1+1+1+1+1,0,2.5625,100.0,6.2,-0.1563,2.576278,False,
ARS-ARS-CHE-EVE-IPS,4,2+1+1+1,0,3.0,2.4,3.5,0.5012,2,"ARS,ARS","BOU,COV",BOU-CHE-COV-EVE-IPS,5,1+1+1+1+1,0,2.4792,100.0,18.8,-0.052,2.576298,False,
ARS-CHE-EVE-IPS-IPS,4,2+1+1+1,0,3.0,2.4,3.5,0.5012,2,"ARS,IPS","BOU,COV",BOU-CHE-COV-EVE-IPS,5,1+1+1+1+1,0,2.4792,100.0,18.8,-0.052,2.576298,False,
ARS-CHE-EVE-EVE-IPS,4,2+1+1+1,0,3.0,2.6,3.33,0.5268,2,"ARS,EVE","BOU,COV",BOU-CHE-COV-EVE-IPS,5,1+1+1+1+1,0,2.4792,100.0,18.8,-0.052,2.576298,False,
ARS-AVL-CRY-CRY-NFO,4,2+1+1+1,0,3.0,2.6,3.33,0.583,2,"CRY,CRY","BOU,LIV",ARS-AVL-BOU-LIV-NFO,5,1+1+1+1+1,0,2.4792,100.0,12.5,-0.1091,2.576298,False,
ARS-BHA-CRY-CRY-NFO,4,2+1+1+1,0,3.0,2.6,3.33,0.583,2,"ARS,CRY","BOU,LIV",BOU-BHA-CRY-LIV-NFO,5,1+1+1+1+1,0,2.4792,100.0,18.8,-0.1001,2.576298,False,
AVL-CRY-CRY-IPS-NFO,4,2+1+1+1,0,3.0,2.6,3.33,0.583,2,"CRY,CRY","BOU,CHE",AVL-BOU-CHE-IPS-NFO,5,1+1+1+1+1,0,2.4792,100.0,12.5,-0.117,2.576298,False,
BHA-CRY-CRY-IPS-NFO,4,2+1+1+1,0,3.0,2.6,3.33,0.583,2,"CRY,IPS","BOU,LIV",BOU-BHA-CRY-LIV-NFO,5,1+1+1+1+1,0,2.4792,100.0,18.8,-0.1001,2.576298,False,
ARS-CHE-EVE-EVE-LEE,4,2+1+1+1,0,3.0,2.8,3.17,0.3079,2,"ARS,EVE","FUL,TOT",CHE-EVE-FUL-LEE-TOT,5,1+1+1+1+1,0,2.4792,100.0,12.5,-0.1443,2.576298,False,
CHE-EVE-EVE-IPS-LEE,4,2+1+1+1,0,3.0,2.8,3.17,0.3079,2,"EVE,IPS","FUL,TOT",CHE-EVE-FUL-LEE-TOT,5,1+1+1+1+1,0,2.4792,100.0,12.5,-0.1443,2.576298,False,
ARS-ARS-BHA-IPS-MUN,4,2+1+1+1,0,2.7273,2.2,3.17,0.2634,2,"ARS,MUN","LEE,MCI",ARS-BHA-IPS-LEE-MCI,5,1+1+1+1+1,0,2.5417,100.0,6.2,-0.1608,2.576303,False,
ARS-BHA-IPS-IPS-MUN,4,2+1+1+1,0,2.7273,2.2,3.17,0.2634,2,"BHA,MUN","BOU,CHE",ARS-BOU-CHE-IPS-IPS,4,2+1+1+1,0,2.5417,100.0,18.8,-0.1724,2.576303,False,
ARS-ARS-BHA-EVE-MUN,4,2+1+1+1,0,2.7273,2.4,3.0,0.1268,2,"ARS,MUN","COV,LEE",ARS-BHA-COV-EVE-LEE,5,1+1+1+1+1,0,2.5417,100.0,12.5,-0.0998,2.576303,False,
AVL-EVE-IPS-IPS-MUN,4,2+1+1+1,0,2.7273,2.4,3.0,0.1268,2,"IPS,IPS","COV,COV",AVL-COV-COV-EVE-MUN,4,2+1+1+1,0,2.5417,100.0,12.5,-0.1613,2.576303,False,
BHA-EVE-IPS-IPS-MUN,4,2+1+1+1,0,2.7273,2.4,3.0,0.1268,2,"BHA,IPS","BOU,CHE",BOU-CHE-EVE-IPS-MUN,5,1+1+1+1+1,0,2.5417,100.0,6.2,-0.0896,2.576303,False,
ARS-ARS-BHA-CRY-MUN,4,2+1+1+1,0,2.7273,2.4,3.0,0.15,2,"ARS,MUN","BOU,NFO",ARS-BOU-BHA-CRY-NFO,5,1+1+1+1+1,0,2.5417,100.0,0.0,-0.1149,2.576303,False,
ARS-ARS-CHE-CRY-MUN,4,2+1+1+1,0,2.7273,2.4,3.0,0.2067,2,"ARS,MUN","AVL,EVE",ARS-AVL-CHE-CRY-EVE,5,1+1+1+1+1,0,2.5417,100.0,12.5,-0.0107,2.576303,False,
BRE-EVE-IPS-IPS-LIV,4,2+1+1+1,0,2.7273,2.6,2.83,-0.2,2,"IPS,IPS","BHA,HUL",BRE-BHA-EVE-HUL-LIV,5,1+1+1+1+1,0,2.5417,100.0,6.2,-0.1559,2.576303,False,
ARS-BRE-CRY-CRY-MUN,4,2+1+1+1,0,2.7273,2.6,2.83,0.0,2,"CRY,MUN","AVL,BOU",ARS-AVL-BOU-BRE-CRY,5,1+1+1+1+1,0,2.5417,100.0,0.0,-0.1561,2.576303,False,
ARS-BRE-EVE-EVE-MUN,4,2+1+1+1,0,2.7273,2.6,2.83,0.0,2,"ARS,EVE","BOU,COV",BOU-BRE-COV-EVE-MUN,5,1+1+1+1+1,0,2.5417,100.0,6.2,-0.1626,2.576303,False,
BRE-EVE-EVE-IPS-MUN,4,2+1+1+1,0,2.7273,2.6,2.83,0.0,2,"EVE,IPS","BOU,COV",BOU-BRE-COV-EVE-MUN,5,1+1+1+1+1,0,2.5417,100.0,6.2,-0.1626,2.576303,False,
ARS-CHE-CRY-CRY-MUN,4,2+1+1+1,0,2.7273,2.6,2.83,0.0122,2,"CRY,MUN","AVL,EVE",ARS-AVL-CHE-CRY-EVE,5,1+1+1+1+1,0,2.5417,100.0,12.5,-0.0107,2.576303,False,
ARS-BHA-BHA-CRY-MUN,4,2+1+1+1,0,2.7273,2.6,2.83,0.05,2,"BHA,MUN","BOU,NFO",ARS-BOU-BHA-CRY-NFO,5,1+1+1+1+1,0,2.5417,100.0,0.0,-0.1149,2.576303,False,
ARS-BHA-EVE-EVE-MUN,4,2+1+1+1,0,2.7273,2.6,2.83,0.0902,2,"ARS,BHA","CHE,COV",CHE-COV-EVE-EVE-MUN,4,2+1+1+1,0,2.5417,100.0,18.8,-0.1499,2.576303,False,
AVL-EVE-EVE-IPS-MUN,4,2+1+1+1,0,2.7273,2.6,2.83,0.0902,2,"EVE,IPS","COV,COV",AVL-COV-COV-EVE-MUN,4,2+1+1+1,0,2.5417,100.0,12.5,-0.1613,2.576303,False,
BHA-EVE-EVE-IPS-MUN,4,2+1+1+1,0,2.7273,2.6,2.83,0.0902,2,"BHA,IPS","CHE,COV",CHE-COV-EVE-EVE-MUN,4,2+1+1+1,0,2.5417,100.0,18.8,-0.1499,2.576303,False,
BHA-BHA-EVE-IPS-TOT,4,2+1+1+1,0,2.7273,2.8,2.67,-0.2964,2,"BHA,BHA","CHE,HUL",CHE-EVE-HUL-IPS-TOT,5,1+1+1+1+1,0,2.5417,100.0,12.5,-0.0631,2.576303,False,
CHE-CRY-CRY-LEE-MUN,4,2+1+1+1,0,2.7273,2.8,2.67,-0.1567,2,"CRY,CRY","AVL,COV",AVL-CHE-COV-LEE-MUN,5,1+1+1+1+1,0,2.5417,100.0,12.5,-0.1475,2.576303,False,
ARS-BRE-BHA-BHA-EVE,4,2+1+1+1,0,2.7273,2.8,2.67,-0.1,2,"ARS,BHA","HUL,LIV",BRE-BHA-EVE-HUL-LIV,5,1+1+1+1+1,0,2.5417,100.0,6.2,-0.1559,2.576303,False,
BRE-CRY-CRY-LEE-SUN,4,2+1+1+1,1,2.7273,2.8,2.67,-0.1,2,"CRY,SUN","AVL,FUL",AVL-BRE-CRY-FUL-LEE,5,1+1+1+1+1,0,2.5417,93.8,18.8,-0.087,2.576303,False,
BRE-CRY-LEE-LEE-SUN,4,2+1+1+1,1,2.7273,2.8,2.67,-0.1,2,"LEE,SUN","AVL,FUL",AVL-BRE-CRY-FUL-LEE,5,1+1+1+1+1,0,2.5417,93.8,18.8,-0.087,2.576303,False,
CHE-CRY-LEE-LEE-MUN,4,2+1+1+1,0,2.7273,2.8,2.67,-0.0311,2,"CRY,LEE","AVL,COV",AVL-CHE-COV-LEE-MUN,5,1+1+1+1+1,0,2.5417,100.0,12.5,-0.1475,2.576303,False,
BRE-BHA-CRY-CRY-MUN,4,2+1+1+1,0,2.7273,2.8,2.67,0.0732,2,"CRY,MUN","IPS,MCI",BRE-BHA-CRY-IPS-MCI,5,1+1+1+1+1,0,2.5417,100.0,12.5,-0.0679,2.576303,False,
ARS-BRE-BRE-BHA-CRY,4,2+1+1+1,0,2.7273,2.8,2.67,0.3098,2,"BHA,BRE","AVL,BOU",ARS-AVL-BOU-BRE-CRY,5,1+1+1+1+1,0,2.5417,100.0,0.0,-0.1561,2.576303,False,
ARS-EVE-IPS-NFO-NFO,4,2+1+1+1,0,2.9091,2.2,3.5,0.5464,2,"EVE,NFO","BOU,BOU",ARS-BOU-BOU-IPS-NFO,4,2+1+1+1,0,2.5208,100.0,25.0,-0.127,2.593195,False,
ARS-ARS-BRE-EVE-IPS,4,2+1+1+1,0,2.9091,2.4,3.33,0.1,2,"ARS,BRE","BOU,CHE",ARS-BOU-CHE-EVE-IPS,5,1+1+1+1+1,0,2.5208,100.0,12.5,-0.0277,2.593195,False,
ARS-BRE-EVE-IPS-IPS,4,2+1+1+1,0,2.9091,2.4,3.33,0.1,2,"BRE,IPS","BOU,CHE",ARS-BOU-CHE-EVE-IPS,5,1+1+1+1+1,0,2.5208,100.0,12.5,-0.0277,2.593195,False,
ARS-ARS-BRE-CRY-IPS,4,2+1+1+1,0,2.9091,2.4,3.33,0.25,2,"ARS,BRE","BOU,LIV",ARS-BOU-CRY-IPS-LIV,5,1+1+1+1+1,0,2.5208,100.0,6.2,-0.1634,2.593195,False,
ARS-ARS-EVE-IPS-TOT,4,2+1+1+1,0,2.9091,2.4,3.33,0.25,2,"ARS,IPS","COV,LEE",ARS-COV-EVE-LEE-TOT,5,1+1+1+1+1,0,2.5208,100.0,6.2,-0.1449,2.593195,False,
ARS-BRE-CRY-IPS-IPS,4,2+1+1+1,0,2.9091,2.4,3.33,0.25,2,"BRE,IPS","BOU,LIV",ARS-BOU-CRY-IPS-LIV,5,1+1+1+1+1,0,2.5208,100.0,6.2,-0.1634,2.593195,False,
ARS-EVE-IPS-IPS-TOT,4,2+1+1+1,0,2.9091,2.4,3.33,0.25,2,"IPS,IPS","COV,LEE",ARS-COV-EVE-LEE-TOT,5,1+1+1+1+1,0,2.5208,100.0,6.2,-0.1449,2.593195,False,
ARS-BRE-EVE-EVE-IPS,4,2+1+1+1,0,2.9091,2.6,3.17,0.0,2,"BRE,EVE","BOU,CHE",ARS-BOU-CHE-EVE-IPS,5,1+1+1+1+1,0,2.5208,100.0,12.5,-0.0277,2.593195,False,
ARS-AVL-AVL-EVE-IPS,4,2+1+1+1,0,2.9091,2.6,3.17,0.0268,2,"AVL,EVE","LEE,MCI",ARS-AVL-IPS-LEE-MCI,5,1+1+1+1+1,0,2.5208,100.0,6.2,-0.1765,2.593195,False,
ARS-BHA-BHA-EVE-IPS,4,2+1+1+1,0,2.9091,2.6,3.17,0.0268,2,"BHA,BHA","BOU,CHE",ARS-BOU-CHE-EVE-IPS,5,1+1+1+1+1,0,2.5208,100.0,12.5,-0.0277,2.593195,False,
ARS-ARS-BHA-CHE-CRY,4,2+1+1+1,0,2.9091,2.6,3.17,0.0506,2,"ARS,ARS","EVE,NFO",BHA-CHE-CRY-EVE-NFO,5,1+1+1+1+1,0,2.5208,100.0,12.5,-0.0531,2.593195,False,
ARS-ARS-CHE-CRY-LEE,4,2+1+1+1,0,2.9091,2.6,3.17,0.0622,2,"ARS,CRY","AVL,COV",ARS-AVL-CHE-COV-LEE,5,1+1+1+1+1,0,2.5208,100.0,6.2,-0.15,2.593195,False,
ARS-ARS-BHA-CRY-LEE,4,2+1+1+1,0,2.9091,2.6,3.17,0.1866,2,"ARS,CRY","COV,MCI",ARS-BHA-COV-LEE-MCI,5,1+1+1+1+1,0,2.5208,100.0,12.5,-0.1511,2.593195,False,
ARS-CRY-IPS-LEE-LEE,4,2+1+1+1,0,2.9091,2.6,3.17,0.2,2,"CRY,LEE","AVL,MCI",ARS-AVL-IPS-LEE-MCI,5,1+1+1+1+1,0,2.5208,100.0,6.2,-0.1765,2.593195,False,
ARS-BRE-CRY-CRY-IPS,4,2+1+1+1,0,2.9091,2.6,3.17,0.3,2,"BRE,CRY","BOU,LIV",ARS-BOU-CRY-IPS-LIV,5,1+1+1+1+1,0,2.5208,100.0,6.2,-0.1634,2.593195,False,
ARS-EVE-EVE-IPS-TOT,4,2+1+1+1,0,2.9091,2.6,3.17,0.3,2,"EVE,IPS","COV,LEE",ARS-COV-EVE-LEE-TOT,5,1+1+1+1+1,0,2.5208,100.0,6.2,-0.1449,2.593195,False,
ARS-BHA-CRY-CRY-TOT,4,2+1+1+1,0,2.9091,2.8,3.0,-0.0634,2,"ARS,CRY","FUL,NFO",BHA-CRY-FUL-NFO-TOT,5,1+1+1+1+1,0,2.5208,100.0,12.5,-0.1548,2.593195,False,
ARS-CHE-CRY-CRY-LEE,4,2+1+1+1,0,2.9091,2.8,3.0,-0.0323,2,"CRY,CRY","AVL,COV",ARS-AVL-CHE-COV-LEE,5,1+1+1+1+1,0,2.5208,100.0,6.2,-0.15,2.593195,False,
ARS-BHA-CHE-CRY-CRY,4,2+1+1+1,0,2.9091,2.8,3.0,0.0427,2,"ARS,CRY","EVE,NFO",BHA-CHE-CRY-EVE-NFO,5,1+1+1+1+1,0,2.5208,100.0,12.5,-0.0531,2.593195,False,
ARS-BHA-CRY-LEE-LEE,4,2+1+1+1,0,2.9091,2.8,3.0,0.1366,2,"CRY,LEE","COV,MCI",ARS-BHA-COV-LEE-MCI,5,1+1+1+1+1,0,2.5208,100.0,12.5,-0.1511,2.593195,False,
ARS-BRE-CRY-CRY-LEE,4,2+1+1+1,0,2.9091,2.8,3.0,0.15,2,"BRE,CRY","AVL,LIV",ARS-AVL-CRY-LEE-LIV,5,1+1+1+1+1,0,2.5208,100.0,12.5,-0.1055,2.593195,False,
BRE-CRY-CRY-IPS-LEE,4,2+1+1+1,0,2.9091,2.8,3.0,0.15,2,"BRE,CRY","FUL,TOT",CRY-FUL-IPS-LEE-TOT,5,1+1+1+1+1,0,2.5208,100.0,0.0,-0.1462,2.593195,False,
ARS-BHA-BHA-CRY-LEE,4,2+1+1+1,0,2.9091,2.8,3.0,0.2232,2,"BHA,CRY","COV,MCI",ARS-BHA-COV-LEE-MCI,5,1+1+1+1+1,0,2.5208,100.0,12.5,-0.1511,2.593195,False,
BRE-BHA-CRY-CRY-LEE,4,2+1+1+1,0,2.9091,3.0,2.83,0.3598,2,"CRY,CRY","AVL,COV",AVL-BRE-BHA-COV-LEE,5,1+1+1+1+1,0,2.5208,100.0,18.8,-0.0756,2.593195,False,
BRE-LEE-LEE-LIV-SUN,4,2+1+1+1,1,2.6364,2.8,2.5,-0.1,2,"LEE,LEE","ARS,HUL",ARS-BRE-HUL-LIV-SUN,5,1+1+1+1+1,1,2.5833,100.0,12.5,-0.0266,2.5932,False,
ARS-ARS-CRY-IPS-NFO,4,2+1+1+1,0,3.0,2.2,3.67,0.6964,2,"ARS,ARS","BOU,FUL",BOU-CRY-FUL-IPS-NFO,5,1+1+1+1+1,0,2.5,100.0,12.5,-0.1424,2.59322,False,
ARS-CRY-IPS-IPS-NFO,4,2+1+1+1,0,3.0,2.2,3.67,0.6964,2,"ARS,IPS","BOU,FUL",BOU-CRY-FUL-IPS-NFO,5,1+1+1+1+1,0,2.5,100.0,12.5,-0.1424,2.59322,False,
ARS-ARS-EVE-IPS-LEE,4,2+1+1+1,0,3.0,2.4,3.5,0.35,2,"ARS,IPS","COV,LIV",ARS-COV-EVE-LEE-LIV,5,1+1+1+1+1,0,2.5,100.0,12.5,-0.1182,2.59322,False,
ARS-EVE-IPS-IPS-LEE,4,2+1+1+1,0,3.0,2.4,3.5,0.35,2,"IPS,IPS","COV,LIV",ARS-COV-EVE-LEE-LIV,5,1+1+1+1+1,0,2.5,100.0,12.5,-0.1182,2.59322,False,
ARS-ARS-AVL-CRY-IPS,4,2+1+1+1,0,3.0,2.4,3.5,0.4366,2,"ARS,IPS","BOU,LIV",ARS-AVL-BOU-CRY-LIV,5,1+1+1+1+1,0,2.5,100.0,0.0,-0.1373,2.59322,False,
ARS-ARS-BHA-CRY-IPS,4,2+1+1+1,0,3.0,2.4,3.5,0.4366,2,"ARS,ARS","LIV,MCI",BHA-CRY-IPS-LIV-MCI,5,1+1+1+1+1,0,2.5,100.0,18.8,-0.1071,2.59322,False,
ARS-AVL-CRY-IPS-IPS,4,2+1+1+1,0,3.0,2.4,3.5,0.4366,2,"IPS,IPS","BOU,LIV",ARS-AVL-BOU-CRY-LIV,5,1+1+1+1+1,0,2.5,100.0,0.0,-0.1373,2.59322,False,
ARS-BHA-CRY-IPS-IPS,4,2+1+1+1,0,3.0,2.4,3.5,0.4366,2,"ARS,IPS","LIV,MCI",BHA-CRY-IPS-LIV-MCI,5,1+1+1+1+1,0,2.5,100.0,18.8,-0.1071,2.59322,False,
ARS-CRY-CRY-IPS-NFO,4,2+1+1+1,0,3.0,2.4,3.5,0.6464,2,"ARS,CRY","BOU,FUL",BOU-CRY-FUL-IPS-NFO,5,1+1+1+1+1,0,2.5,100.0,12.5,-0.1424,2.59322,False,
ARS-EVE-EVE-IPS-LEE,4,2+1+1+1,0,3.0,2.6,3.33,0.3,2,"EVE,IPS","COV,LIV",ARS-COV-EVE-LEE-LIV,5,1+1+1+1+1,0,2.5,100.0,12.5,-0.1182,2.59322,False,
ARS-AVL-CRY-CRY-IPS,4,2+1+1+1,0,3.0,2.6,3.33,0.4732,2,"CRY,IPS","BOU,LIV",ARS-AVL-BOU-CRY-LIV,5,1+1+1+1+1,0,2.5,100.0,0.0,-0.1373,2.59322,False,
ARS-BHA-CRY-CRY-IPS,4,2+1+1+1,0,3.0,2.6,3.33,0.4732,2,"ARS,CRY","LIV,MCI",BHA-CRY-IPS-LIV-MCI,5,1+1+1+1+1,0,2.5,100.0,18.8,-0.1071,2.59322,False,
ARS-AVL-CRY-CRY-LEE,4,2+1+1+1,0,3.0,2.8,3.17,0.2732,2,"CRY,CRY","COV,MCI",ARS-AVL-COV-LEE-MCI,5,1+1+1+1+1,0,2.5,100.0,6.2,-0.1997,2.59322,False,
AVL-CRY-CRY-IPS-LEE,4,2+1+1+1,0,3.0,2.8,3.17,0.2732,2,"CRY,IPS","FUL,TOT",AVL-CRY-FUL-LEE-TOT,5,1+1+1+1+1,0,2.5,100.0,12.5,-0.1346,2.59322,False,
BHA-CRY-CRY-IPS-LEE,4,2+1+1+1,0,3.0,2.8,3.17,0.2732,2,"CRY,CRY","FUL,MCI",BHA-FUL-IPS-LEE-MCI,5,1+1+1+1+1,0,2.5,100.0,6.2,-0.1502,2.59322,False,
BRE-CRY-CRY-NFO-SUN,4,2+1+1+1,1,2.7273,2.6,2.83,0.0732,2,"CRY,SUN","BOU,MUN",BOU-BRE-CRY-MUN-NFO,5,1+1+1+1+1,0,2.5625,100.0,12.5,-0.1132,2.593225,False,
BRE-CRY-CRY-LEE-MUN,4,2+1+1+1,0,2.7273,2.8,2.67,-0.1,2,"CRY,LEE","AVL,MCI",AVL-BRE-CRY-MCI-MUN,5,1+1+1+1+1,0,2.5625,100.0,6.2,-0.1563,2.593225,False,
BRE-CRY-LEE-LEE-MUN,4,2+1+1+1,0,2.7273,2.8,2.67,-0.1,2,"LEE,LEE","AVL,MCI",AVL-BRE-CRY-MCI-MUN,5,1+1+1+1+1,0,2.5625,100.0,6.2,-0.1563,2.593225,False,
BHA-EVE-IPS-IPS-TOT,4,2+1+1+1,0,2.8182,2.6,3.0,-0.1232,2,"BHA,IPS","CHE,HUL",CHE-EVE-HUL-IPS-TOT,5,1+1+1+1+1,0,2.5417,100.0,12.5,-0.0631,2.593251,False,
ARS-ARS-BRE-BHA-EVE,4,2+1+1+1,0,2.8182,2.6,3.0,-0.1,2,"ARS,ARS","HUL,LIV",BRE-BHA-EVE-HUL-LIV,5,1+1+1+1+1,0,2.5417,100.0,6.2,-0.1559,2.593251,False,
ARS-BHA-CRY-CRY-MUN,4,2+1+1+1,0,2.8182,2.6,3.0,0.1366,2,"CRY,MUN","BOU,NFO",ARS-BOU-BHA-CRY-NFO,5,1+1+1+1+1,0,2.5417,100.0,0.0,-0.1149,2.593251,False,
ARS-ARS-BRE-BHA-CRY,4,2+1+1+1,0,2.8182,2.6,3.0,0.2232,2,"ARS,BHA","AVL,BOU",ARS-AVL-BOU-BRE-CRY,5,1+1+1+1+1,0,2.5417,100.0,0.0,-0.1561,2.593251,False,
BRE-EVE-EVE-IPS-LIV,4,2+1+1+1,0,2.8182,2.8,2.83,-0.3,2,"EVE,IPS","BHA,HUL",BRE-BHA-EVE-HUL-LIV,5,1+1+1+1+1,0,2.5417,100.0,6.2,-0.1559,2.593251,False,
ARS-BRE-BHA-EVE-EVE,4,2+1+1+1,0,2.8182,2.8,2.83,-0.2366,2,"ARS,EVE","HUL,LIV",BRE-BHA-EVE-HUL-LIV,5,1+1+1+1+1,0,2.5417,100.0,6.2,-0.1559,2.593251,False,
BHA-EVE-EVE-IPS-TOT,4,2+1+1+1,0,2.8182,2.8,2.83,-0.1098,2,"BHA,EVE","CHE,HUL",CHE-EVE-HUL-IPS-TOT,5,1+1+1+1+1,0,2.5417,100.0,12.5,-0.0631,2.593251,False,
ARS-BRE-BHA-BHA-CRY,4,2+1+1+1,0,2.8182,2.8,2.83,0.3964,2,"BHA,BHA","AVL,BOU",ARS-AVL-BOU-BRE-CRY,5,1+1+1+1+1,0,2.5417,100.0,0.0,-0.1561,2.593251,False,
ARS-ARS-EVE-IPS-NFO,4,2+1+1+1,0,3.0,2.2,3.67,0.6098,2,"ARS,EVE","BOU,BOU",ARS-BOU-BOU-IPS-NFO,4,2+1+1+1,0,2.5208,100.0,25.0,-0.127,2.610142,False,
ARS-EVE-IPS-IPS-NFO,4,2+1+1+1,0,3.0,2.2,3.67,0.6098,2,"EVE,IPS","BOU,BOU",ARS-BOU-BOU-IPS-NFO,4,2+1+1+1,0,2.5208,100.0,25.0,-0.127,2.610142,False,
ARS-ARS-AVL-EVE-IPS,4,2+1+1+1,0,3.0,2.4,3.5,0.2634,2,"ARS,EVE","LEE,MCI",ARS-AVL-IPS-LEE-MCI,5,1+1+1+1+1,0,2.5208,100.0,6.2,-0.1765,2.610142,False,
ARS-ARS-BHA-EVE-IPS,4,2+1+1+1,0,3.0,2.4,3.5,0.2634,2,"ARS,BHA","BOU,CHE",ARS-BOU-CHE-EVE-IPS,5,1+1+1+1+1,0,2.5208,100.0,12.5,-0.0277,2.610142,False,
ARS-AVL-EVE-IPS-IPS,4,2+1+1+1,0,3.0,2.4,3.5,0.2634,2,"EVE,IPS","LEE,MCI",ARS-AVL-IPS-LEE-MCI,5,1+1+1+1+1,0,2.5208,100.0,6.2,-0.1765,2.610142,False,
ARS-BHA-EVE-IPS-IPS,4,2+1+1+1,0,3.0,2.4,3.5,0.2634,2,"BHA,IPS","BOU,CHE",ARS-BOU-CHE-EVE-IPS,5,1+1+1+1+1,0,2.5208,100.0,12.5,-0.0277,2.610142,False,
ARS-ARS-CHE-CRY-IPS,4,2+1+1+1,0,3.0,2.4,3.5,0.3311,2,"ARS,CHE","BOU,LIV",ARS-BOU-CRY-IPS-LIV,5,1+1+1+1+1,0,2.5208,100.0,6.2,-0.1634,2.610142,False,
ARS-CHE-CRY-IPS-IPS,4,2+1+1+1,0,3.0,2.4,3.5,0.3311,2,"CHE,IPS","BOU,LIV",ARS-BOU-CRY-IPS-LIV,5,1+1+1+1+1,0,2.5208,100.0,6.2,-0.1634,2.610142,False,
ARS-ARS-CRY-IPS-LEE,4,2+1+1+1,0,3.0,2.4,3.5,0.35,2,"ARS,CRY","AVL,MCI",ARS-AVL-IPS-LEE-MCI,5,1+1+1+1+1,0,2.5208,100.0,6.2,-0.1765,2.610142,False,
ARS-CRY-IPS-IPS-LEE,4,2+1+1+1,0,3.0,2.4,3.5,0.35,2,"CRY,IPS","AVL,MCI",ARS-AVL-IPS-LEE-MCI,5,1+1+1+1+1,0,2.5208,100.0,6.2,-0.1765,2.610142,False,
ARS-EVE-EVE-IPS-NFO,4,2+1+1+1,0,3.0,2.4,3.5,0.4732,2,"EVE,EVE","BOU,BOU",ARS-BOU-BOU-IPS-NFO,4,2+1+1+1,0,2.5208,100.0,25.0,-0.127,2.610142,False,
ARS-AVL-EVE-EVE-IPS,4,2+1+1+1,0,3.0,2.6,3.33,0.1268,2,"EVE,EVE","LEE,MCI",ARS-AVL-IPS-LEE-MCI,5,1+1+1+1+1,0,2.5208,100.0,6.2,-0.1765,2.610142,False,
ARS-BHA-EVE-EVE-IPS,4,2+1+1+1,0,3.0,2.6,3.33,0.1268,2,"BHA,EVE","BOU,CHE",ARS-BOU-CHE-EVE-IPS,5,1+1+1+1+1,0,2.5208,100.0,12.5,-0.0277,2.610142,False,
ARS-CHE-CRY-CRY-IPS,4,2+1+1+1,0,3.0,2.6,3.33,0.1866,2,"CHE,CRY","BOU,LIV",ARS-BOU-CRY-IPS-LIV,5,1+1+1+1+1,0,2.5208,100.0,6.2,-0.1634,2.610142,False,
ARS-CRY-CRY-IPS-LEE,4,2+1+1+1,0,3.0,2.6,3.33,0.3,2,"CRY,CRY","AVL,MCI",ARS-AVL-IPS-LEE-MCI,5,1+1+1+1+1,0,2.5208,100.0,6.2,-0.1765,2.610142,False,
ARS-BHA-CRY-CRY-LEE,4,2+1+1+1,0,3.0,2.8,3.17,0.2732,2,"CRY,CRY","COV,MCI",ARS-BHA-COV-LEE-MCI,5,1+1+1+1+1,0,2.5208,100.0,12.5,-0.1511,2.610142,False,
ARS-BRE-BHA-CRY-CRY,4,2+1+1+1,0,2.9091,2.8,3.0,0.4098,2,"BHA,CRY","AVL,BOU",ARS-AVL-BOU-BRE-CRY,5,1+1+1+1+1,0,2.5417,100.0,0.0,-0.1561,2.610198,False,
