clubs,club1,club2,club3,club4,club5,gw1_avg_fdr,gw1_max_fdr,gw2_avg_fdr,gw3_avg_fdr,gw2_3_rot_fdr,effective_avg_fdr,avg_fdr_corr
ARS-AVL-BRE-CHE-CRY,ARS,AVL,BRE,CHE,CRY,2.8,3.0,3.0,2.33,2.67,2.7273,-0.0262
ARS-AVL-BRE-CHE-EVE,ARS,AVL,BRE,CHE,EVE,2.8,3.0,2.67,2.67,2.67,2.7273,-0.1793
ARS-AVL-BRE-CHE-IPS,ARS,AVL,BRE,CHE,IPS,2.6,3.0,3.0,2.67,2.83,2.7273,-0.0683
ARS-AVL-BRE-CHE-LEE,ARS,AVL,BRE,CHE,LEE,2.8,3.0,2.67,2.33,2.5,2.6364,-0.1372
ARS-AVL-BRE-CHE-LIV,ARS,AVL,BRE,CHE,LIV,2.8,3.0,2.67,2.0,2.33,2.5455,-0.0951
ARS-AVL-BRE-CHE-MCI,ARS,AVL,BRE,CHE,MCI,2.8,3.0,2.67,2.0,2.33,2.5455,-0.0951
ARS-AVL-BRE-CHE-MUN,ARS,AVL,BRE,CHE,MUN,2.6,3.0,2.33,2.33,2.33,2.4545,-0.1793
ARS-AVL-BRE-CHE-NFO,ARS,AVL,BRE,CHE,NFO,2.6,3.0,3.0,2.33,2.67,2.6364,-0.0333
ARS-AVL-BRE-CHE-SUN,ARS,AVL,BRE,CHE,SUN,2.6,3.0,2.33,2.33,2.33,2.4545,-0.1793
ARS-AVL-BRE-CRY-IPS,ARS,AVL,BRE,CRY,IPS,2.6,3.0,3.67,2.33,3.0,2.8182,0.3232
ARS-AVL-BRE-CRY-LEE,ARS,AVL,BRE,CRY,LEE,2.8,3.0,3.33,2.33,2.83,2.8182,0.2232
ARS-AVL-BRE-CRY-LIV,ARS,AVL,BRE,CRY,LIV,2.8,3.0,3.33,2.0,2.67,2.7273,0.4098
ARS-AVL-BRE-CRY-MCI,ARS,AVL,BRE,CRY,MCI,2.8,3.0,3.33,2.0,2.67,2.7273,0.4098
ARS-AVL-BRE-CRY-MUN,ARS,AVL,BRE,CRY,MUN,2.6,3.0,3.0,2.33,2.67,2.6364,0.0366
ARS-AVL-BRE-CRY-NFO,ARS,AVL,BRE,CRY,NFO,2.6,3.0,3.67,2.33,3.0,2.8182,0.4464
ARS-AVL-BRE-CRY-SUN,ARS,AVL,BRE,CRY,SUN,2.6,3.0,3.0,2.33,2.67,2.6364,0.0366
ARS-AVL-BRE-EVE-IPS,ARS,AVL,BRE,EVE,IPS,2.6,3.0,3.33,2.67,3.0,2.8182,0.0
ARS-AVL-BRE-EVE-LEE,ARS,AVL,BRE,EVE,LEE,2.8,3.0,3.0,2.33,2.67,2.7273,-0.1
ARS-AVL-BRE-EVE-LIV,ARS,AVL,BRE,EVE,LIV,2.8,3.0,3.0,2.0,2.5,2.6364,-0.0634
ARS-AVL-BRE-EVE-MCI,ARS,AVL,BRE,EVE,MCI,2.8,3.0,3.0,2.0,2.5,2.6364,-0.0634
ARS-AVL-BRE-EVE-MUN,ARS,AVL,BRE,EVE,MUN,2.6,3.0,2.67,2.33,2.5,2.5455,-0.1366
ARS-AVL-BRE-EVE-NFO,ARS,AVL,BRE,EVE,NFO,2.6,3.0,3.33,2.33,2.83,2.7273,0.0366
ARS-AVL-BRE-EVE-SUN,ARS,AVL,BRE,EVE,SUN,2.6,3.0,2.67,2.33,2.5,2.5455,-0.1366
ARS-AVL-BRE-IPS-LEE,ARS,AVL,BRE,IPS,LEE,2.6,3.0,3.33,2.33,2.83,2.7273,0.0866
ARS-AVL-BRE-IPS-LIV,ARS,AVL,BRE,IPS,LIV,2.6,3.0,3.33,2.0,2.67,2.6364,0.1732
ARS-AVL-BRE-IPS-MCI,ARS,AVL,BRE,IPS,MCI,2.6,3.0,3.33,2.0,2.67,2.6364,0.1732
ARS-AVL-BRE-IPS-MUN,ARS,AVL,BRE,IPS,MUN,2.4,3.0,3.0,2.33,2.67,2.5455,-0.0
ARS-AVL-BRE-IPS-NFO,ARS,AVL,BRE,IPS,NFO,2.4,3.0,3.67,2.33,3.0,2.7273,0.3098
ARS-AVL-BRE-LEE-LIV,ARS,AVL,BRE,LEE,LIV,2.8,3.0,3.0,2.0,2.5,2.6364,0.1732
ARS-AVL-BRE-LEE-MCI,ARS,AVL,BRE,LEE,MCI,2.8,3.0,3.0,2.0,2.5,2.6364,0.1732
ARS-AVL-BRE-LEE-MUN,ARS,AVL,BRE,LEE,MUN,2.6,3.0,2.67,2.33,2.5,2.5455,-0.1
ARS-AVL-BRE-LEE-SUN,ARS,AVL,BRE,LEE,SUN,2.6,3.0,2.67,2.33,2.5,2.5455,-0.1
ARS-AVL-BRE-LIV-MCI,ARS,AVL,BRE,LIV,MCI,2.8,3.0,3.0,2.0,2.5,2.6364,0.4098
ARS-AVL-BRE-LIV-MUN,ARS,AVL,BRE,LIV,MUN,2.6,3.0,2.67,2.0,2.33,2.4545,-0.0634
ARS-AVL-BRE-LIV-NFO,ARS,AVL,BRE,LIV,NFO,2.6,3.0,3.33,2.0,2.67,2.6364,0.3098
ARS-AVL-BRE-LIV-SUN,ARS,AVL,BRE,LIV,SUN,2.6,3.0,2.67,2.0,2.33,2.4545,-0.0634
ARS-AVL-BRE-MCI-MUN,ARS,AVL,BRE,MCI,MUN,2.6,3.0,2.67,2.0,2.33,2.4545,-0.0634
ARS-AVL-BRE-MCI-NFO,ARS,AVL,BRE,MCI,NFO,2.6,3.0,3.33,2.0,2.67,2.6364,0.3098
ARS-AVL-BRE-MCI-SUN,ARS,AVL,BRE,MCI,SUN,2.6,3.0,2.67,2.0,2.33,2.4545,-0.0634
ARS-AVL-BRE-MUN-NFO,ARS,AVL,BRE,MUN,NFO,2.4,3.0,3.0,2.33,2.67,2.5455,0.0366
ARS-AVL-BRE-MUN-SUN,ARS,AVL,BRE,MUN,SUN,2.4,3.0,2.33,2.33,2.33,2.3636,-0.1366
ARS-AVL-BRE-NFO-SUN,ARS,AVL,BRE,NFO,SUN,2.4,3.0,3.0,2.33,2.67,2.5455,0.0366
ARS-AVL-CHE-CRY-IPS,ARS,AVL,CHE,CRY,IPS,2.6,3.0,3.33,3.0,3.17,2.9091,0.1506
ARS-AVL-CHE-CRY-LEE,ARS,AVL,CHE,CRY,LEE,2.8,3.0,3.0,2.67,2.83,2.8182,-0.0183
ARS-AVL-CHE-CRY-LIV,ARS,AVL,CHE,CRY,LIV,2.8,3.0,3.0,2.33,2.67,2.7273,-0.0262
ARS-AVL-CHE-CRY-MCI,ARS,AVL,CHE,CRY,MCI,2.8,3.0,3.0,2.33,2.67,2.7273,-0.0262
ARS-AVL-CHE-CRY-MUN,ARS,AVL,CHE,CRY,MUN,2.6,3.0,2.67,2.67,2.67,2.6364,-0.0104
ARS-AVL-CHE-CRY-NFO,ARS,AVL,CHE,CRY,NFO,2.6,3.0,3.33,2.67,3.0,2.8182,0.1722
ARS-AVL-CHE-CRY-TOT,ARS,AVL,CHE,CRY,TOT,2.8,3.0,2.67,2.67,2.67,2.7273,-0.1793
ARS-AVL-CHE-CRY-SUN,ARS,AVL,CHE,CRY,SUN,2.6,3.0,2.67,2.67,2.67,2.6364,-0.0104
ARS-AVL-CHE-EVE-IPS,ARS,AVL,CHE,EVE,IPS,2.6,3.0,3.0,3.33,3.17,2.9091,0.1475
ARS-AVL-CHE-EVE-LEE,ARS,AVL,CHE,EVE,LEE,2.8,3.0,2.67,3.0,2.83,2.8182,-0.0214
ARS-AVL-CHE-EVE-LIV,ARS,AVL,CHE,EVE,LIV,2.8,3.0,2.67,2.67,2.67,2.7273,-0.1793
ARS-AVL-CHE-EVE-MCI,ARS,AVL,CHE,EVE,MCI,2.8,3.0,2.67,2.67,2.67,2.7273,-0.1793
ARS-AVL-CHE-EVE-MUN,ARS,AVL,CHE,EVE,MUN,2.6,3.0,2.33,3.0,2.67,2.6364,0.1365
ARS-AVL-CHE-EVE-NFO,ARS,AVL,CHE,EVE,NFO,2.6,3.0,3.0,3.0,3.0,2.8182,0.0825
ARS-AVL-CHE-EVE-TOT,ARS,AVL,CHE,EVE,TOT,2.8,3.0,2.33,3.0,2.67,2.7273,-0.0324
ARS-AVL-CHE-EVE-SUN,ARS,AVL,CHE,EVE,SUN,2.6,3.0,2.33,3.0,2.67,2.6364,0.1365
ARS-AVL-CHE-IPS-LEE,ARS,AVL,CHE,IPS,LEE,2.6,3.0,3.0,3.0,3.0,2.8182,0.0396
ARS-AVL-CHE-IPS-LIV,ARS,AVL,CHE,IPS,LIV,2.6,3.0,3.0,2.67,2.83,2.7273,-0.0683
ARS-AVL-CHE-IPS-MCI,ARS,AVL,CHE,IPS,MCI,2.6,3.0,3.0,2.67,2.83,2.7273,-0.0683
ARS-AVL-CHE-IPS-MUN,ARS,AVL,CHE,IPS,MUN,2.4,3.0,2.67,3.0,2.83,2.6364,0.1475
ARS-AVL-CHE-IPS-NFO,ARS,AVL,CHE,IPS,NFO,2.4,3.0,3.33,3.0,3.17,2.8182,0.2301
ARS-AVL-CHE-IPS-TOT,ARS,AVL,CHE,IPS,TOT,2.6,3.0,2.67,3.0,2.83,2.7273,-0.0714
ARS-AVL-CHE-LEE-LIV,ARS,AVL,CHE,LEE,LIV,2.8,3.0,2.67,2.33,2.5,2.6364,-0.1372
ARS-AVL-CHE-LEE-MCI,ARS,AVL,CHE,LEE,MCI,2.8,3.0,2.67,2.33,2.5,2.6364,-0.1372
ARS-AVL-CHE-LEE-MUN,ARS,AVL,CHE,LEE,MUN,2.6,3.0,2.33,2.67,2.5,2.5455,-0.0214
ARS-AVL-CHE-LEE-TOT,ARS,AVL,CHE,LEE,TOT,2.8,3.0,2.33,2.67,2.5,2.6364,-0.1403
ARS-AVL-CHE-LEE-SUN,ARS,AVL,CHE,LEE,SUN,2.6,3.0,2.33,2.67,2.5,2.5455,-0.0214
ARS-AVL-CHE-LIV-MCI,ARS,AVL,CHE,LIV,MCI,2.8,3.0,2.67,2.0,2.33,2.5455,-0.0951
ARS-AVL-CHE-LIV-MUN,ARS,AVL,CHE,LIV,MUN,2.6,3.0,2.33,2.33,2.33,2.4545,-0.1793
ARS-AVL-CHE-LIV-NFO,ARS,AVL,CHE,LIV,NFO,2.6,3.0,3.0,2.33,2.67,2.6364,-0.0333
ARS-AVL-CHE-LIV-TOT,ARS,AVL,CHE,LIV,TOT,2.8,3.0,2.33,2.33,2.33,2.5455,-0.2482
ARS-AVL-CHE-LIV-SUN,ARS,AVL,CHE,LIV,SUN,2.6,3.0,2.33,2.33,2.33,2.4545,-0.1793
ARS-AVL-CHE-MCI-MUN,ARS,AVL,CHE,MCI,MUN,2.6,3.0,2.33,2.33,2.33,2.4545,-0.1793
ARS-AVL-CHE-MCI-NFO,ARS,AVL,CHE,MCI,NFO,2.6,3.0,3.0,2.33,2.67,2.6364,-0.0333
ARS-AVL-CHE-MCI-TOT,ARS,AVL,CHE,MCI,TOT,2.8,3.0,2.33,2.33,2.33,2.5455,-0.2482
ARS-AVL-CHE-MCI-SUN,ARS,AVL,CHE,MCI,SUN,2.6,3.0,2.33,2.33,2.33,2.4545,-0.1793
ARS-AVL-CHE-MUN-NFO,ARS,AVL,CHE,MUN,NFO,2.4,3.0,2.67,2.67,2.67,2.5455,0.0825
ARS-AVL-CHE-MUN-TOT,ARS,AVL,CHE,MUN,TOT,2.6,3.0,2.0,2.67,2.33,2.4545,-0.0324
ARS-AVL-CHE-MUN-SUN,ARS,AVL,CHE,MUN,SUN,2.4,3.0,2.0,2.67,2.33,2.3636,0.1365
ARS-AVL-CHE-NFO-TOT,ARS,AVL,CHE,NFO,TOT,2.6,3.0,2.67,2.67,2.67,2.6364,-0.123
ARS-AVL-CHE-NFO-SUN,ARS,AVL,CHE,NFO,SUN,2.4,3.0,2.67,2.67,2.67,2.5455,0.0825
ARS-AVL-CHE-TOT-SUN,ARS,AVL,CHE,TOT,SUN,2.6,3.0,2.0,2.67,2.33,2.4545,-0.0324
ARS-AVL-CRY-IPS-LEE,ARS,AVL,CRY,IPS,LEE,2.6,3.0,3.67,2.67,3.17,2.9091,0.2866
ARS-AVL-CRY-IPS-LIV,ARS,AVL,CRY,IPS,LIV,2.6,3.0,3.67,2.33,3.0,2.8182,0.3232
ARS-AVL-CRY-IPS-MCI,ARS,AVL,CRY,IPS,MCI,2.6,3.0,3.67,2.33,3.0,2.8182,0.3232
ARS-AVL-CRY-IPS-MUN,ARS,AVL,CRY,IPS,MUN,2.4,3.0,3.33,2.67,3.0,2.7273,0.25
ARS-AVL-CRY-IPS-NFO,ARS,AVL,CRY,IPS,NFO,2.4,3.0,4.0,2.67,3.33,2.9091,0.5964
ARS-AVL-CRY-IPS-TOT,ARS,AVL,CRY,IPS,TOT,2.6,3.0,3.33,2.67,3.0,2.8182,0.0
ARS-AVL-CRY-LEE-LIV,ARS,AVL,CRY,LEE,LIV,2.8,3.0,3.33,2.33,2.83,2.8182,0.2232
ARS-AVL-CRY-LEE-MCI,ARS,AVL,CRY,LEE,MCI,2.8,3.0,3.33,2.33,2.83,2.8182,0.2232
ARS-AVL-CRY-LEE-MUN,ARS,AVL,CRY,LEE,MUN,2.6,3.0,3.0,2.67,2.83,2.7273,0.05
ARS-AVL-CRY-LEE-TOT,ARS,AVL,CRY,LEE,TOT,2.8,3.0,3.0,2.67,2.83,2.8182,-0.1
ARS-AVL-CRY-LEE-SUN,ARS,AVL,CRY,LEE,SUN,2.6,3.0,3.0,2.67,2.83,2.7273,0.05
ARS-AVL-CRY-LIV-MCI,ARS,AVL,CRY,LIV,MCI,2.8,3.0,3.33,2.0,2.67,2.7273,0.4098
ARS-AVL-CRY-LIV-MUN,ARS,AVL,CRY,LIV,MUN,2.6,3.0,3.0,2.33,2.67,2.6364,0.0366
ARS-AVL-CRY-LIV-NFO,ARS,AVL,CRY,LIV,NFO,2.6,3.0,3.67,2.33,3.0,2.8182,0.4464
ARS-AVL-CRY-LIV-TOT,ARS,AVL,CRY,LIV,TOT,2.8,3.0,3.0,2.33,2.67,2.7273,-0.0634
ARS-AVL-CRY-LIV-SUN,ARS,AVL,CRY,LIV,SUN,2.6,3.0,3.0,2.33,2.67,2.6364,0.0366
ARS-AVL-CRY-MCI-MUN,ARS,AVL,CRY,MCI,MUN,2.6,3.0,3.0,2.33,2.67,2.6364,0.0366
ARS-AVL-CRY-MCI-NFO,ARS,AVL,CRY,MCI,NFO,2.6,3.0,3.67,2.33,3.0,2.8182,0.4464
ARS-AVL-CRY-MCI-TOT,ARS,AVL,CRY,MCI,TOT,2.8,3.0,3.0,2.33,2.67,2.7273,-0.0634
ARS-AVL-CRY-MCI-SUN,ARS,AVL,CRY,MCI,SUN,2.6,3.0,3.0,2.33,2.67,2.6364,0.0366
ARS-AVL-CRY-MUN-NFO,ARS,AVL,CRY,MUN,NFO,2.4,3.0,3.33,2.67,3.0,2.7273,0.2732
ARS-AVL-CRY-MUN-TOT,ARS,AVL,CRY,MUN,TOT,2.6,3.0,2.67,2.67,2.67,2.6364,-0.1366
ARS-AVL-CRY-MUN-SUN,ARS,AVL,CRY,MUN,SUN,2.4,3.0,2.67,2.67,2.67,2.5455,0.0634
ARS-AVL-CRY-NFO-TOT,ARS,AVL,CRY,NFO,TOT,2.6,3.0,3.33,2.67,3.0,2.8182,0.0366
ARS-AVL-CRY-NFO-SUN,ARS,AVL,CRY,NFO,SUN,2.4,3.0,3.33,2.67,3.0,2.7273,0.2732
ARS-AVL-CRY-TOT-SUN,ARS,AVL,CRY,TOT,SUN,2.6,3.0,2.67,2.67,2.67,2.6364,-0.1366
ARS-AVL-EVE-IPS-LEE,ARS,AVL,EVE,IPS,LEE,2.6,3.0,3.33,3.0,3.17,2.9091,0.1134
ARS-AVL-EVE-IPS-LIV,ARS,AVL,EVE,IPS,LIV,2.6,3.0,3.33,2.67,3.0,2.8182,0.0
ARS-AVL-EVE-IPS-MCI,ARS,AVL,EVE,IPS,MCI,2.6,3.0,3.33,2.67,3.0,2.8182,0.0
ARS-AVL-EVE-IPS-MUN,ARS,AVL,EVE,IPS,MUN,2.4,3.0,3.0,3.0,3.0,2.7273,0.2268
ARS-AVL-EVE-IPS-NFO,ARS,AVL,EVE,IPS,NFO,2.4,3.0,3.67,3.0,3.33,2.9091,0.3366
ARS-AVL-EVE-IPS-TOT,ARS,AVL,EVE,IPS,TOT,2.6,3.0,3.0,3.0,3.0,2.8182,-0.0232
ARS-AVL-EVE-LEE-LIV,ARS,AVL,EVE,LEE,LIV,2.8,3.0,3.0,2.33,2.67,2.7273,-0.1
ARS-AVL-EVE-LEE-MCI,ARS,AVL,EVE,LEE,MCI,2.8,3.0,3.0,2.33,2.67,2.7273,-0.1
ARS-AVL-EVE-LEE-MUN,ARS,AVL,EVE,LEE,MUN,2.6,3.0,2.67,2.67,2.67,2.6364,0.0268
ARS-AVL-EVE-LEE-TOT,ARS,AVL,EVE,LEE,TOT,2.8,3.0,2.67,2.67,2.67,2.7273,-0.1232
ARS-AVL-EVE-LEE-SUN,ARS,AVL,EVE,LEE,SUN,2.6,3.0,2.67,2.67,2.67,2.6364,0.0268
ARS-AVL-EVE-LIV-MCI,ARS,AVL,EVE,LIV,MCI,2.8,3.0,3.0,2.0,2.5,2.6364,-0.0634
ARS-AVL-EVE-LIV-MUN,ARS,AVL,EVE,LIV,MUN,2.6,3.0,2.67,2.33,2.5,2.5455,-0.1366
ARS-AVL-EVE-LIV-NFO,ARS,AVL,EVE,LIV,NFO,2.6,3.0,3.33,2.33,2.83,2.7273,0.0366
ARS-AVL-EVE-LIV-TOT,ARS,AVL,EVE,LIV,TOT,2.8,3.0,2.67,2.33,2.5,2.6364,-0.2366
ARS-AVL-EVE-LIV-SUN,ARS,AVL,EVE,LIV,SUN,2.6,3.0,2.67,2.33,2.5,2.5455,-0.1366
ARS-AVL-EVE-MCI-MUN,ARS,AVL,EVE,MCI,MUN,2.6,3.0,2.67,2.33,2.5,2.5455,-0.1366
ARS-AVL-EVE-MCI-NFO,ARS,AVL,EVE,MCI,NFO,2.6,3.0,3.33,2.33,2.83,2.7273,0.0366
ARS-AVL-EVE-MCI-TOT,ARS,AVL,EVE,MCI,TOT,2.8,3.0,2.67,2.33,2.5,2.6364,-0.2366
ARS-AVL-EVE-MCI-SUN,ARS,AVL,EVE,MCI,SUN,2.6,3.0,2.67,2.33,2.5,2.5455,-0.1366
ARS-AVL-EVE-MUN-NFO,ARS,AVL,EVE,MUN,NFO,2.4,3.0,3.0,2.67,2.83,2.6364,0.1634
ARS-AVL-EVE-MUN-TOT,ARS,AVL,EVE,MUN,TOT,2.6,3.0,2.33,2.67,2.5,2.5455,-0.0098
ARS-AVL-EVE-MUN-SUN,ARS,AVL,EVE,MUN,SUN,2.4,3.0,2.33,2.67,2.5,2.4545,0.1902
ARS-AVL-EVE-NFO-TOT,ARS,AVL,EVE,NFO,TOT,2.6,3.0,3.0,2.67,2.83,2.7273,-0.0732
ARS-AVL-EVE-NFO-SUN,ARS,AVL,EVE,NFO,SUN,2.4,3.0,3.0,2.67,2.83,2.6364,0.1634
ARS-AVL-EVE-TOT-SUN,ARS,AVL,EVE,TOT,SUN,2.6,3.0,2.33,2.67,2.5,2.5455,-0.0098
ARS-AVL-IPS-LEE-LIV,ARS,AVL,IPS,LEE,LIV,2.6,3.0,3.33,2.33,2.83,2.7273,0.0866
ARS-AVL-IPS-LEE-MCI,ARS,AVL,IPS,LEE,MCI,2.6,3.0,3.33,2.33,2.83,2.7273,0.0866
ARS-AVL-IPS-LEE-MUN,ARS,AVL,IPS,LEE,MUN,2.4,3.0,3.0,2.67,2.83,2.6364,0.1134
ARS-AVL-IPS-LEE-TOT,ARS,AVL,IPS,LEE,TOT,2.6,3.0,3.0,2.67,2.83,2.7273,-0.0866
ARS-AVL-IPS-LIV-MCI,ARS,AVL,IPS,LIV,MCI,2.6,3.0,3.33,2.0,2.67,2.6364,0.1732
ARS-AVL-IPS-LIV-MUN,ARS,AVL,IPS,LIV,MUN,2.4,3.0,3.0,2.33,2.67,2.5455,-0.0
ARS-AVL-IPS-LIV-NFO,ARS,AVL,IPS,LIV,NFO,2.4,3.0,3.67,2.33,3.0,2.7273,0.3098
ARS-AVL-IPS-LIV-TOT,ARS,AVL,IPS,LIV,TOT,2.6,3.0,3.0,2.33,2.67,2.6364,-0.15
ARS-AVL-IPS-MCI-MUN,ARS,AVL,IPS,MCI,MUN,2.4,3.0,3.0,2.33,2.67,2.5455,-0.0
ARS-AVL-IPS-MCI-NFO,ARS,AVL,IPS,MCI,NFO,2.4,3.0,3.67,2.33,3.0,2.7273,0.3098
ARS-AVL-IPS-MCI-TOT,ARS,AVL,IPS,MCI,TOT,2.6,3.0,3.0,2.33,2.67,2.6364,-0.15
ARS-AVL-IPS-MUN-NFO,ARS,AVL,IPS,MUN,NFO,2.2,3.0,3.33,2.67,3.0,2.6364,0.3366
ARS-AVL-IPS-MUN-TOT,ARS,AVL,IPS,MUN,TOT,2.4,3.0,2.67,2.67,2.67,2.5455,-0.0232
ARS-AVL-IPS-NFO-TOT,ARS,AVL,IPS,NFO,TOT,2.4,3.0,3.33,2.67,3.0,2.7273,0.05
ARS-AVL-LEE-LIV-MCI,ARS,AVL,LEE,LIV,MCI,2.8,3.0,3.0,2.0,2.5,2.6364,0.1732
ARS-AVL-LEE-LIV-MUN,ARS,AVL,LEE,LIV,MUN,2.6,3.0,2.67,2.33,2.5,2.5455,-0.1
ARS-AVL-LEE-LIV-TOT,ARS,AVL,LEE,LIV,TOT,2.8,3.0,2.67,2.33,2.5,2.6364,-0.15
ARS-AVL-LEE-LIV-SUN,ARS,AVL,LEE,LIV,SUN,2.6,3.0,2.67,2.33,2.5,2.5455,-0.1
ARS-AVL-LEE-MCI-MUN,ARS,AVL,LEE,MCI,MUN,2.6,3.0,2.67,2.33,2.5,2.5455,-0.1
ARS-AVL-LEE-MCI-TOT,ARS,AVL,LEE,MCI,TOT,2.8,3.0,2.67,2.33,2.5,2.6364,-0.15
ARS-AVL-LEE-MCI-SUN,ARS,AVL,LEE,MCI,SUN,2.6,3.0,2.67,2.33,2.5,2.5455,-0.1
ARS-AVL-LEE-MUN-TOT,ARS,AVL,LEE,MUN,TOT,2.6,3.0,2.33,2.67,2.5,2.5455,-0.1232
ARS-AVL-LEE-MUN-SUN,ARS,AVL,LEE,MUN,SUN,2.4,3.0,2.33,2.67,2.5,2.4545,0.0268
ARS-AVL-LEE-TOT-SUN,ARS,AVL,LEE,TOT,SUN,2.6,3.0,2.33,2.67,2.5,2.5455,-0.1232
ARS-AVL-LIV-MCI-MUN,ARS,AVL,LIV,MCI,MUN,2.6,3.0,2.67,2.0,2.33,2.4545,-0.0634
ARS-AVL-LIV-MCI-NFO,ARS,AVL,LIV,MCI,NFO,2.6,3.0,3.33,2.0,2.67,2.6364,0.3098
ARS-AVL-LIV-MCI-TOT,ARS,AVL,LIV,MCI,TOT,2.8,3.0,2.67,2.0,2.33,2.5455,-0.0634
ARS-AVL-LIV-MCI-SUN,ARS,AVL,LIV,MCI,SUN,2.6,3.0,2.67,2.0,2.33,2.4545,-0.0634
ARS-AVL-LIV-MUN-NFO,ARS,AVL,LIV,MUN,NFO,2.4,3.0,3.0,2.33,2.67,2.5455,0.0366
ARS-AVL-LIV-MUN-TOT,ARS,AVL,LIV,MUN,TOT,2.6,3.0,2.33,2.33,2.33,2.4545,-0.2366
ARS-AVL-LIV-MUN-SUN,ARS,AVL,LIV,MUN,SUN,2.4,3.0,2.33,2.33,2.33,2.3636,-0.1366
ARS-AVL-LIV-NFO-TOT,ARS,AVL,LIV,NFO,TOT,2.6,3.0,3.0,2.33,2.67,2.6364,-0.1
ARS-AVL-LIV-NFO-SUN,ARS,AVL,LIV,NFO,SUN,2.4,3.0,3.0,2.33,2.67,2.5455,0.0366
ARS-AVL-LIV-TOT-SUN,ARS,AVL,LIV,TOT,SUN,2.6,3.0,2.33,2.33,2.33,2.4545,-0.2366
ARS-AVL-MCI-MUN-NFO,ARS,AVL,MCI,MUN,NFO,2.4,3.0,3.0,2.33,2.67,2.5455,0.0366
ARS-AVL-MCI-MUN-TOT,ARS,AVL,MCI,MUN,TOT,2.6,3.0,2.33,2.33,2.33,2.4545,-0.2366
ARS-AVL-MCI-MUN-SUN,ARS,AVL,MCI,MUN,SUN,2.4,3.0,2.33,2.33,2.33,2.3636,-0.1366
ARS-AVL-MCI-NFO-TOT,ARS,AVL,MCI,NFO,TOT,2.6,3.0,3.0,2.33,2.67,2.6364,-0.1
ARS-AVL-MCI-NFO-SUN,ARS,AVL,MCI,NFO,SUN,2.4,3.0,3.0,2.33,2.67,2.5455,0.0366
ARS-AVL-MCI-TOT-SUN,ARS,AVL,MCI,TOT,SUN,2.6,3.0,2.33,2.33,2.33,2.4545,-0.2366
ARS-AVL-MUN-NFO-TOT,ARS,AVL,MUN,NFO,TOT,2.4,3.0,2.67,2.67,2.67,2.5455,-0.0732
ARS-AVL-MUN-NFO-SUN,ARS,AVL,MUN,NFO,SUN,2.2,3.0,2.67,2.67,2.67,2.4545,0.1634
ARS-AVL-MUN-TOT-SUN,ARS,AVL,MUN,TOT,SUN,2.4,3.0,2.0,2.67,2.33,2.3636,-0.0098
ARS-AVL-NFO-TOT-SUN,ARS,AVL,NFO,TOT,SUN,2.4,3.0,2.67,2.67,2.67,2.5455,-0.0732
ARS-BRE-BHA-CHE-CRY,ARS,BRE,BHA,CHE,CRY,2.8,3.0,3.0,2.33,2.67,2.7273,-0.0262
ARS-BRE-BHA-CHE-EVE,ARS,BRE,BHA,CHE,EVE,2.8,3.0,2.67,2.67,2.67,2.7273,-0.1793
ARS-BRE-BHA-CHE-IPS,ARS,BRE,BHA,CHE,IPS,2.6,3.0,3.0,2.67,2.83,2.7273,-0.0683
ARS-BRE-BHA-CHE-LEE,ARS,BRE,BHA,CHE,LEE,2.8,3.0,2.67,2.33,2.5,2.6364,-0.1372
ARS-BRE-BHA-CHE-LIV,ARS,BRE,BHA,CHE,LIV,2.8,3.0,2.67,2.0,2.33,2.5455,-0.0951
ARS-BRE-BHA-CHE-MCI,ARS,BRE,BHA,CHE,MCI,2.8,3.0,2.67,2.0,2.33,2.5455,-0.0951
ARS-BRE-BHA-CHE-MUN,ARS,BRE,BHA,CHE,MUN,2.6,3.0,2.33,2.33,2.33,2.4545,-0.1793
ARS-BRE-BHA-CHE-NFO,ARS,BRE,BHA,CHE,NFO,2.6,3.0,3.0,2.33,2.67,2.6364,-0.0333
ARS-BRE-BHA-CHE-SUN,ARS,BRE,BHA,CHE,SUN,2.6,3.0,2.33,2.33,2.33,2.4545,-0.1793
ARS-BRE-BHA-CRY-IPS,ARS,BRE,BHA,CRY,IPS,2.6,3.0,3.67,2.33,3.0,2.8182,0.3232
ARS-BRE-BHA-CRY-LEE,ARS,BRE,BHA,CRY,LEE,2.8,3.0,3.33,2.33,2.83,2.8182,0.2232
ARS-BRE-BHA-CRY-LIV,ARS,BRE,BHA,CRY,LIV,2.8,3.0,3.33,2.0,2.67,2.7273,0.4098
ARS-BRE-BHA-CRY-MCI,ARS,BRE,BHA,CRY,MCI,2.8,3.0,3.33,2.0,2.67,2.7273,0.4098
ARS-BRE-BHA-CRY-MUN,ARS,BRE,BHA,CRY,MUN,2.6,3.0,3.0,2.33,2.67,2.6364,0.0366
ARS-BRE-BHA-CRY-NFO,ARS,BRE,BHA,CRY,NFO,2.6,3.0,3.67,2.33,3.0,2.8182,0.4464
ARS-BRE-BHA-CRY-SUN,ARS,BRE,BHA,CRY,SUN,2.6,3.0,3.0,2.33,2.67,2.6364,0.0366
ARS-BRE-BHA-EVE-IPS,ARS,BRE,BHA,EVE,IPS,2.6,3.0,3.33,2.67,3.0,2.8182,0.0
ARS-BRE-BHA-EVE-LEE,ARS,BRE,BHA,EVE,LEE,2.8,3.0,3.0,2.33,2.67,2.7273,-0.1
ARS-BRE-BHA-EVE-LIV,ARS,BRE,BHA,EVE,LIV,2.8,3.0,3.0,2.0,2.5,2.6364,-0.0634
ARS-BRE-BHA-EVE-MCI,ARS,BRE,BHA,EVE,MCI,2.8,3.0,3.0,2.0,2.5,2.6364,-0.0634
ARS-BRE-BHA-EVE-MUN,ARS,BRE,BHA,EVE,MUN,2.6,3.0,2.67,2.33,2.5,2.5455,-0.1366
ARS-BRE-BHA-EVE-NFO,ARS,BRE,BHA,EVE,NFO,2.6,3.0,3.33,2.33,2.83,2.7273,0.0366
ARS-BRE-BHA-EVE-SUN,ARS,BRE,BHA,EVE,SUN,2.6,3.0,2.67,2.33,2.5,2.5455,-0.1366
ARS-BRE-BHA-IPS-LEE,ARS,BRE,BHA,IPS,LEE,2.6,3.0,3.33,2.33,2.83,2.7273,0.0866
ARS-BRE-BHA-IPS-LIV,ARS,BRE,BHA,IPS,LIV,2.6,3.0,3.33,2.0,2.67,2.6364,0.1732
ARS-BRE-BHA-IPS-MCI,ARS,BRE,BHA,IPS,MCI,2.6,3.0,3.33,2.0,2.67,2.6364,0.1732
ARS-BRE-BHA-IPS-MUN,ARS,BRE,BHA,IPS,MUN,2.4,3.0,3.0,2.33,2.67,2.5455,0.0
ARS-BRE-BHA-IPS-NFO,ARS,BRE,BHA,IPS,NFO,2.4,3.0,3.67,2.33,3.0,2.7273,0.3098
ARS-BRE-BHA-LEE-LIV,ARS,BRE,BHA,LEE,LIV,2.8,3.0,3.0,2.0,2.5,2.6364,0.1732
ARS-BRE-BHA-LEE-MCI,ARS,BRE,BHA,LEE,MCI,2.8,3.0,3.0,2.0,2.5,2.6364,0.1732
ARS-BRE-BHA-LEE-MUN,ARS,BRE,BHA,LEE,MUN,2.6,3.0,2.67,2.33,2.5,2.5455,-0.1
ARS-BRE-BHA-LEE-SUN,ARS,BRE,BHA,LEE,SUN,2.6,3.0,2.67,2.33,2.5,2.5455,-0.1
ARS-BRE-BHA-LIV-MCI,ARS,BRE,BHA,LIV,MCI,2.8,3.0,3.0,2.0,2.5,2.6364,0.4098
ARS-BRE-BHA-LIV-MUN,ARS,BRE,BHA,LIV,MUN,2.6,3.0,2.67,2.0,2.33,2.4545,-0.0634
ARS-BRE-BHA-LIV-NFO,ARS,BRE,BHA,LIV,NFO,2.6,3.0,3.33,2.0,2.67,2.6364,0.3098
ARS-BRE-BHA-LIV-SUN,ARS,BRE,BHA,LIV,SUN,2.6,3.0,2.67,2.0,2.33,2.4545,-0.0634
ARS-BRE-BHA-MCI-MUN,ARS,BRE,BHA,MCI,MUN,2.6,3.0,2.67,2.0,2.33,2.4545,-0.0634
ARS-BRE-BHA-MCI-NFO,ARS,BRE,BHA,MCI,NFO,2.6,3.0,3.33,2.0,2.67,2.6364,0.3098
ARS-BRE-BHA-MCI-SUN,ARS,BRE,BHA,MCI,SUN,2.6,3.0,2.67,2.0,2.33,2.4545,-0.0634
ARS-BRE-BHA-MUN-NFO,ARS,BRE,BHA,MUN,NFO,2.4,3.0,3.0,2.33,2.67,2.5455,0.0366
ARS-BRE-BHA-MUN-SUN,ARS,BRE,BHA,MUN,SUN,2.4,3.0,2.33,2.33,2.33,2.3636,-0.1366
ARS-BRE-BHA-NFO-SUN,ARS,BRE,BHA,NFO,SUN,2.4,3.0,3.0,2.33,2.67,2.5455,0.0366
ARS-BRE-CHE-CRY-IPS,ARS,BRE,CHE,CRY,IPS,2.6,3.0,3.0,3.0,3.0,2.8182,0.0177
ARS-BRE-CHE-CRY-LEE,ARS,BRE,CHE,CRY,LEE,2.8,3.0,2.67,2.67,2.67,2.7273,-0.1012
ARS-BRE-CHE-CRY-LIV,ARS,BRE,CHE,CRY,LIV,2.8,3.0,2.67,2.33,2.5,2.6364,-0.0957
ARS-BRE-CHE-CRY-MCI,ARS,BRE,CHE,CRY,MCI,2.8,3.0,2.67,2.33,2.5,2.6364,-0.0957
ARS-BRE-CHE-CRY-MUN,ARS,BRE,CHE,CRY,MUN,2.6,3.0,2.33,2.67,2.5,2.5455,-0.1067
ARS-BRE-CHE-CRY-NFO,ARS,BRE,CHE,CRY,NFO,2.6,3.0,3.0,2.67,2.83,2.7273,0.0393
ARS-BRE-CHE-CRY-SUN,ARS,BRE,CHE,CRY,SUN,2.6,3.0,2.33,2.67,2.5,2.5455,-0.1067
ARS-BRE-CHE-EVE-IPS,ARS,BRE,CHE,EVE,IPS,2.6,3.0,2.67,3.33,3.0,2.8182,0.0378
ARS-BRE-CHE-EVE-LEE,ARS,BRE,CHE,EVE,LEE,2.8,3.0,2.67,3.0,2.83,2.8182,-0.0811
ARS-BRE-CHE-EVE-LIV,ARS,BRE,CHE,EVE,LIV,2.8,3.0,2.67,2.67,2.67,2.7273,-0.2256
ARS-BRE-CHE-EVE-MCI,ARS,BRE,CHE,EVE,MCI,2.8,3.0,2.67,2.67,2.67,2.7273,-0.2256
ARS-BRE-CHE-EVE-MUN,ARS,BRE,CHE,EVE,MUN,2.6,3.0,2.33,3.0,2.67,2.6364,0.0634
ARS-BRE-CHE-EVE-NFO,ARS,BRE,CHE,EVE,NFO,2.6,3.0,2.67,3.0,2.83,2.7273,-0.0272
ARS-BRE-CHE-EVE-SUN,ARS,BRE,CHE,EVE,SUN,2.6,3.0,2.33,3.0,2.67,2.6364,0.0634
ARS-BRE-CHE-IPS-LEE,ARS,BRE,CHE,IPS,LEE,2.6,3.0,2.67,3.0,2.83,2.7273,-0.0567
ARS-BRE-CHE-IPS-LIV,ARS,BRE,CHE,IPS,LIV,2.6,3.0,2.67,2.67,2.67,2.6364,-0.1512
ARS-BRE-CHE-IPS-MCI,ARS,BRE,CHE,IPS,MCI,2.6,3.0,2.67,2.67,2.67,2.6364,-0.1512
ARS-BRE-CHE-IPS-MUN,ARS,BRE,CHE,IPS,MUN,2.4,3.0,2.33,3.0,2.67,2.5455,0.0378
ARS-BRE-CHE-IPS-NFO,ARS,BRE,CHE,IPS,NFO,2.4,3.0,3.0,3.0,3.0,2.7273,0.0838
ARS-BRE-CHE-LEE-LIV,ARS,BRE,CHE,LEE,LIV,2.8,3.0,2.67,2.33,2.5,2.6364,-0.1701
ARS-BRE-CHE-LEE-MCI,ARS,BRE,CHE,LEE,MCI,2.8,3.0,2.67,2.33,2.5,2.6364,-0.1701
ARS-BRE-CHE-LEE-MUN,ARS,BRE,CHE,LEE,MUN,2.6,3.0,2.33,2.67,2.5,2.5455,-0.0811
ARS-BRE-CHE-LEE-SUN,ARS,BRE,CHE,LEE,SUN,2.6,3.0,2.33,2.67,2.5,2.5455,-0.0811
ARS-BRE-CHE-LIV-MCI,ARS,BRE,CHE,LIV,MCI,2.8,3.0,2.67,2.0,2.33,2.5455,-0.1146
ARS-BRE-CHE-LIV-MUN,ARS,BRE,CHE,LIV,MUN,2.6,3.0,2.33,2.33,2.33,2.4545,-0.2256
ARS-BRE-CHE-LIV-NFO,ARS,BRE,CHE,LIV,NFO,2.6,3.0,2.67,2.33,2.5,2.5455,-0.1162
ARS-BRE-CHE-LIV-SUN,ARS,BRE,CHE,LIV,SUN,2.6,3.0,2.33,2.33,2.33,2.4545,-0.2256
ARS-BRE-CHE-MCI-MUN,ARS,BRE,CHE,MCI,MUN,2.6,3.0,2.33,2.33,2.33,2.4545,-0.2256
ARS-BRE-CHE-MCI-NFO,ARS,BRE,CHE,MCI,NFO,2.6,3.0,2.67,2.33,2.5,2.5455,-0.1162
ARS-BRE-CHE-MCI-SUN,ARS,BRE,CHE,MCI,SUN,2.6,3.0,2.33,2.33,2.33,2.4545,-0.2256
ARS-BRE-CHE-MUN-NFO,ARS,BRE,CHE,MUN,NFO,2.4,3.0,2.33,2.67,2.5,2.4545,-0.0272
ARS-BRE-CHE-MUN-SUN,ARS,BRE,CHE,MUN,SUN,2.4,3.0,2.0,2.67,2.33,2.3636,0.0634
ARS-BRE-CHE-NFO-SUN,ARS,BRE,CHE,NFO,SUN,2.4,3.0,2.33,2.67,2.5,2.4545,-0.0272
ARS-BRE-CRY-IPS-LEE,ARS,BRE,CRY,IPS,LEE,2.6,3.0,3.33,2.67,3.0,2.8182,0.15
ARS-BRE-CRY-IPS-LIV,ARS,BRE,CRY,IPS,LIV,2.6,3.0,3.33,2.33,2.83,2.7273,0.2
ARS-BRE-CRY-IPS-MCI,ARS,BRE,CRY,IPS,MCI,2.6,3.0,3.33,2.33,2.83,2.7273,0.2
ARS-BRE-CRY-IPS-MUN,ARS,BRE,CRY,IPS,MUN,2.4,3.0,3.0,2.67,2.83,2.6364,0.1
ARS-BRE-CRY-IPS-NFO,ARS,BRE,CRY,IPS,NFO,2.4,3.0,3.67,2.67,3.17,2.8182,0.4098
ARS-BRE-CRY-LEE-LIV,ARS,BRE,CRY,LEE,LIV,2.8,3.0,3.0,2.33,2.67,2.7273,0.15
ARS-BRE-CRY-LEE-MCI,ARS,BRE,CRY,LEE,MCI,2.8,3.0,3.0,2.33,2.67,2.7273,0.15
ARS-BRE-CRY-LEE-MUN,ARS,BRE,CRY,LEE,MUN,2.6,3.0,2.67,2.67,2.67,2.6364,-0.05
ARS-BRE-CRY-LEE-SUN,ARS,BRE,CRY,LEE,SUN,2.6,3.0,2.67,2.67,2.67,2.6364,-0.05
ARS-BRE-CRY-LIV-MCI,ARS,BRE,CRY,LIV,MCI,2.8,3.0,3.0,2.0,2.5,2.6364,0.35
ARS-BRE-CRY-LIV-MUN,ARS,BRE,CRY,LIV,MUN,2.6,3.0,2.67,2.33,2.5,2.5455,-0.05
ARS-BRE-CRY-LIV-NFO,ARS,BRE,CRY,LIV,NFO,2.6,3.0,3.33,2.33,2.83,2.7273,0.3232
ARS-BRE-CRY-LIV-SUN,ARS,BRE,CRY,LIV,SUN,2.6,3.0,2.67,2.33,2.5,2.5455,-0.05
ARS-BRE-CRY-MCI-MUN,ARS,BRE,CRY,MCI,MUN,2.6,3.0,2.67,2.33,2.5,2.5455,-0.05
ARS-BRE-CRY-MCI-NFO,ARS,BRE,CRY,MCI,NFO,2.6,3.0,3.33,2.33,2.83,2.7273,0.3232
ARS-BRE-CRY-MCI-SUN,ARS,BRE,CRY,MCI,SUN,2.6,3.0,2.67,2.33,2.5,2.5455,-0.05
ARS-BRE-CRY-MUN-NFO,ARS,BRE,CRY,MUN,NFO,2.4,3.0,3.0,2.67,2.83,2.6364,0.1232
ARS-BRE-CRY-MUN-SUN,ARS,BRE,CRY,MUN,SUN,2.4,3.0,2.33,2.67,2.5,2.4545,-0.05
ARS-BRE-CRY-NFO-SUN,ARS,BRE,CRY,NFO,SUN,2.4,3.0,3.0,2.67,2.83,2.6364,0.1232
ARS-BRE-EVE-IPS-LEE,ARS,BRE,EVE,IPS,LEE,2.6,3.0,3.0,3.0,3.0,2.8182,0.0
ARS-BRE-EVE-IPS-LIV,ARS,BRE,EVE,IPS,LIV,2.6,3.0,3.0,2.67,2.83,2.7273,-0.1
ARS-BRE-EVE-IPS-MCI,ARS,BRE,EVE,IPS,MCI,2.6,3.0,3.0,2.67,2.83,2.7273,-0.1
ARS-BRE-EVE-IPS-MUN,ARS,BRE,EVE,IPS,MUN,2.4,3.0,2.67,3.0,2.83,2.6364,0.1
ARS-BRE-EVE-IPS-NFO,ARS,BRE,EVE,IPS,NFO,2.4,3.0,3.33,3.0,3.17,2.8182,0.1732
ARS-BRE-EVE-LEE-LIV,ARS,BRE,EVE,LEE,LIV,2.8,3.0,3.0,2.33,2.67,2.7273,-0.15
ARS-BRE-EVE-LEE-MCI,ARS,BRE,EVE,LEE,MCI,2.8,3.0,3.0,2.33,2.67,2.7273,-0.15
ARS-BRE-EVE-LEE-MUN,ARS,BRE,EVE,LEE,MUN,2.6,3.0,2.67,2.67,2.67,2.6364,-0.05
ARS-BRE-EVE-LEE-SUN,ARS,BRE,EVE,LEE,SUN,2.6,3.0,2.67,2.67,2.67,2.6364,-0.05
ARS-BRE-EVE-LIV-MCI,ARS,BRE,EVE,LIV,MCI,2.8,3.0,3.0,2.0,2.5,2.6364,-0.1
ARS-BRE-EVE-LIV-MUN,ARS,BRE,EVE,LIV,MUN,2.6,3.0,2.67,2.33,2.5,2.5455,-0.2
ARS-BRE-EVE-LIV-NFO,ARS,BRE,EVE,LIV,NFO,2.6,3.0,3.0,2.33,2.67,2.6364,-0.0634
ARS-BRE-EVE-LIV-SUN,ARS,BRE,EVE,LIV,SUN,2.6,3.0,2.67,2.33,2.5,2.5455,-0.2
ARS-BRE-EVE-MCI-MUN,ARS,BRE,EVE,MCI,MUN,2.6,3.0,2.67,2.33,2.5,2.5455,-0.2
ARS-BRE-EVE-MCI-NFO,ARS,BRE,EVE,MCI,NFO,2.6,3.0,3.0,2.33,2.67,2.6364,-0.0634
ARS-BRE-EVE-MCI-SUN,ARS,BRE,EVE,MCI,SUN,2.6,3.0,2.67,2.33,2.5,2.5455,-0.2
ARS-BRE-EVE-MUN-NFO,ARS,BRE,EVE,MUN,NFO,2.4,3.0,2.67,2.67,2.67,2.5455,0.0366
ARS-BRE-EVE-MUN-SUN,ARS,BRE,EVE,MUN,SUN,2.4,3.0,2.33,2.67,2.5,2.4545,0.1
ARS-BRE-EVE-NFO-SUN,ARS,BRE,EVE,NFO,SUN,2.4,3.0,2.67,2.67,2.67,2.5455,0.0366
ARS-BRE-IPS-LEE-LIV,ARS,BRE,IPS,LEE,LIV,2.6,3.0,3.0,2.33,2.67,2.6364,0.0
ARS-BRE-IPS-LEE-MCI,ARS,BRE,IPS,LEE,MCI,2.6,3.0,3.0,2.33,2.67,2.6364,0.0
ARS-BRE-IPS-LEE-MUN,ARS,BRE,IPS,LEE,MUN,2.4,3.0,2.67,2.67,2.67,2.5455,0.0
ARS-BRE-IPS-LIV-MCI,ARS,BRE,IPS,LIV,MCI,2.6,3.0,3.0,2.0,2.5,2.5455,0.1
ARS-BRE-IPS-LIV-MUN,ARS,BRE,IPS,LIV,MUN,2.4,3.0,2.67,2.33,2.5,2.4545,-0.1
ARS-BRE-IPS-LIV-NFO,ARS,BRE,IPS,LIV,NFO,2.4,3.0,3.33,2.33,2.83,2.6364,0.1732
ARS-BRE-IPS-MCI-MUN,ARS,BRE,IPS,MCI,MUN,2.4,3.0,2.67,2.33,2.5,2.4545,-0.1
ARS-BRE-IPS-MCI-NFO,ARS,BRE,IPS,MCI,NFO,2.4,3.0,3.33,2.33,2.83,2.6364,0.1732
ARS-BRE-IPS-MUN-NFO,ARS,BRE,IPS,MUN,NFO,2.2,3.0,3.0,2.67,2.83,2.5455,0.1732
ARS-BRE-LEE-LIV-MCI,ARS,BRE,LEE,LIV,MCI,2.8,3.0,3.0,2.0,2.5,2.6364,0.15
ARS-BRE-LEE-LIV-MUN,ARS,BRE,LEE,LIV,MUN,2.6,3.0,2.67,2.33,2.5,2.5455,-0.15
ARS-BRE-LEE-LIV-SUN,ARS,BRE,LEE,LIV,SUN,2.6,3.0,2.67,2.33,2.5,2.5455,-0.15
ARS-BRE-LEE-MCI-MUN,ARS,BRE,LEE,MCI,MUN,2.6,3.0,2.67,2.33,2.5,2.5455,-0.15
ARS-BRE-LEE-MCI-SUN,ARS,BRE,LEE,MCI,SUN,2.6,3.0,2.67,2.33,2.5,2.5455,-0.15
ARS-BRE-LEE-MUN-SUN,ARS,BRE,LEE,MUN,SUN,2.4,3.0,2.33,2.67,2.5,2.4545,-0.05
ARS-BRE-LIV-MCI-MUN,ARS,BRE,LIV,MCI,MUN,2.6,3.0,2.67,2.0,2.33,2.4545,-0.1
ARS-BRE-LIV-MCI-NFO,ARS,BRE,LIV,MCI,NFO,2.6,3.0,3.0,2.0,2.5,2.5455,0.2366
ARS-BRE-LIV-MCI-SUN,ARS,BRE,LIV,MCI,SUN,2.6,3.0,2.67,2.0,2.33,2.4545,-0.1
ARS-BRE-LIV-MUN-NFO,ARS,BRE,LIV,MUN,NFO,2.4,3.0,2.67,2.33,2.5,2.4545,-0.0634
ARS-BRE-LIV-MUN-SUN,ARS,BRE,LIV,MUN,SUN,2.4,3.0,2.33,2.33,2.33,2.3636,-0.2
ARS-BRE-LIV-NFO-SUN,ARS,BRE,LIV,NFO,SUN,2.4,3.0,2.67,2.33,2.5,2.4545,-0.0634
ARS-BRE-MCI-MUN-NFO,ARS,BRE,MCI,MUN,NFO,2.4,3.0,2.67,2.33,2.5,2.4545,-0.0634
ARS-BRE-MCI-MUN-SUN,ARS,BRE,MCI,MUN,SUN,2.4,3.0,2.33,2.33,2.33,2.3636,-0.2
ARS-BRE-MCI-NFO-SUN,ARS,BRE,MCI,NFO,SUN,2.4,3.0,2.67,2.33,2.5,2.4545,-0.0634
ARS-BRE-MUN-NFO-SUN,ARS,BRE,MUN,NFO,SUN,2.2,3.0,2.33,2.67,2.5,2.3636,0.0366
ARS-BHA-CHE-CRY-IPS,ARS,BHA,CHE,CRY,IPS,2.6,3.0,3.33,3.0,3.17,2.9091,0.1506
ARS-BHA-CHE-CRY-LEE,ARS,BHA,CHE,CRY,LEE,2.8,3.0,3.0,2.67,2.83,2.8182,-0.0183
ARS-BHA-CHE-CRY-LIV,ARS,BHA,CHE,CRY,LIV,2.8,3.0,3.0,2.33,2.67,2.7273,-0.0262
ARS-BHA-CHE-CRY-MCI,ARS,BHA,CHE,CRY,MCI,2.8,3.0,3.0,2.33,2.67,2.7273,-0.0262
ARS-BHA-CHE-CRY-MUN,ARS,BHA,CHE,CRY,MUN,2.6,3.0,2.67,2.67,2.67,2.6364,-0.0104
ARS-BHA-CHE-CRY-NFO,ARS,BHA,CHE,CRY,NFO,2.6,3.0,3.33,2.67,3.0,2.8182,0.1722
ARS-BHA-CHE-CRY-TOT,ARS,BHA,CHE,CRY,TOT,2.8,3.0,2.67,2.67,2.67,2.7273,-0.1793
ARS-BHA-CHE-CRY-SUN,ARS,BHA,CHE,CRY,SUN,2.6,3.0,2.67,2.67,2.67,2.6364,-0.0104
ARS-BHA-CHE-EVE-IPS,ARS,BHA,CHE,EVE,IPS,2.6,3.0,3.0,3.33,3.17,2.9091,0.1475
ARS-BHA-CHE-EVE-LEE,ARS,BHA,CHE,EVE,LEE,2.8,3.0,2.67,3.0,2.83,2.8182,-0.0214
ARS-BHA-CHE-EVE-LIV,ARS,BHA,CHE,EVE,LIV,2.8,3.0,2.67,2.67,2.67,2.7273,-0.1793
ARS-BHA-CHE-EVE-MCI,ARS,BHA,CHE,EVE,MCI,2.8,3.0,2.67,2.67,2.67,2.7273,-0.1793
ARS-BHA-CHE-EVE-MUN,ARS,BHA,CHE,EVE,MUN,2.6,3.0,2.33,3.0,2.67,2.6364,0.1365
ARS-BHA-CHE-EVE-NFO,ARS,BHA,CHE,EVE,NFO,2.6,3.0,3.0,3.0,3.0,2.8182,0.0825
ARS-BHA-CHE-EVE-TOT,ARS,BHA,CHE,EVE,TOT,2.8,3.0,2.33,3.0,2.67,2.7273,-0.0324
ARS-BHA-CHE-EVE-SUN,ARS,BHA,CHE,EVE,SUN,2.6,3.0,2.33,3.0,2.67,2.6364,0.1365
ARS-BHA-CHE-IPS-LEE,ARS,BHA,CHE,IPS,LEE,2.6,3.0,3.0,3.0,3.0,2.8182,0.0396
ARS-BHA-CHE-IPS-LIV,ARS,BHA,CHE,IPS,LIV,2.6,3.0,3.0,2.67,2.83,2.7273,-0.0683
ARS-BHA-CHE-IPS-MCI,ARS,BHA,CHE,IPS,MCI,2.6,3.0,3.0,2.67,2.83,2.7273,-0.0683
ARS-BHA-CHE-IPS-MUN,ARS,BHA,CHE,IPS,MUN,2.4,3.0,2.67,3.0,2.83,2.6364,0.1475
ARS-BHA-CHE-IPS-NFO,ARS,BHA,CHE,IPS,NFO,2.4,3.0,3.33,3.0,3.17,2.8182,0.2301
ARS-BHA-CHE-IPS-TOT,ARS,BHA,CHE,IPS,TOT,2.6,3.0,2.67,3.0,2.83,2.7273,-0.0714
ARS-BHA-CHE-LEE-LIV,ARS,BHA,CHE,LEE,LIV,2.8,3.0,2.67,2.33,2.5,2.6364,-0.1372
ARS-BHA-CHE-LEE-MCI,ARS,BHA,CHE,LEE,MCI,2.8,3.0,2.67,2.33,2.5,2.6364,-0.1372
ARS-BHA-CHE-LEE-MUN,ARS,BHA,CHE,LEE,MUN,2.6,3.0,2.33,2.67,2.5,2.5455,-0.0214
ARS-BHA-CHE-LEE-TOT,ARS,BHA,CHE,LEE,TOT,2.8,3.0,2.33,2.67,2.5,2.6364,-0.1403
ARS-BHA-CHE-LEE-SUN,ARS,BHA,CHE,LEE,SUN,2.6,3.0,2.33,2.67,2.5,2.5455,-0.0214
ARS-BHA-CHE-LIV-MCI,ARS,BHA,CHE,LIV,MCI,2.8,3.0,2.67,2.0,2.33,2.5455,-0.0951
ARS-BHA-CHE-LIV-MUN,ARS,BHA,CHE,LIV,MUN,2.6,3.0,2.33,2.33,2.33,2.4545,-0.1793
ARS-BHA-CHE-LIV-NFO,ARS,BHA,CHE,LIV,NFO,2.6,3.0,3.0,2.33,2.67,2.6364,-0.0333
ARS-BHA-CHE-LIV-TOT,ARS,BHA,CHE,LIV,TOT,2.8,3.0,2.33,2.33,2.33,2.5455,-0.2482
ARS-BHA-CHE-LIV-SUN,ARS,BHA,CHE,LIV,SUN,2.6,3.0,2.33,2.33,2.33,2.4545,-0.1793
ARS-BHA-CHE-MCI-MUN,ARS,BHA,CHE,MCI,MUN,2.6,3.0,2.33,2.33,2.33,2.4545,-0.1793
ARS-BHA-CHE-MCI-NFO,ARS,BHA,CHE,MCI,NFO,2.6,3.0,3.0,2.33,2.67,2.6364,-0.0333
ARS-BHA-CHE-MCI-TOT,ARS,BHA,CHE,MCI,TOT,2.8,3.0,2.33,2.33,2.33,2.5455,-0.2482
ARS-BHA-CHE-MCI-SUN,ARS,BHA,CHE,MCI,SUN,2.6,3.0,2.33,2.33,2.33,2.4545,-0.1793
ARS-BHA-CHE-MUN-NFO,ARS,BHA,CHE,MUN,NFO,2.4,3.0,2.67,2.67,2.67,2.5455,0.0825
ARS-BHA-CHE-MUN-TOT,ARS,BHA,CHE,MUN,TOT,2.6,3.0,2.0,2.67,2.33,2.4545,-0.0324
ARS-BHA-CHE-MUN-SUN,ARS,BHA,CHE,MUN,SUN,2.4,3.0,2.0,2.67,2.33,2.3636,0.1365
ARS-BHA-CHE-NFO-TOT,ARS,BHA,CHE,NFO,TOT,2.6,3.0,2.67,2.67,2.67,2.6364,-0.123
ARS-BHA-CHE-NFO-SUN,ARS,BHA,CHE,NFO,SUN,2.4,3.0,2.67,2.67,2.67,2.5455,0.0825
ARS-BHA-CHE-TOT-SUN,ARS,BHA,CHE,TOT,SUN,2.6,3.0,2.0,2.67,2.33,2.4545,-0.0324
ARS-BHA-CRY-IPS-LEE,ARS,BHA,CRY,IPS,LEE,2.6,3.0,3.67,2.67,3.17,2.9091,0.2866
ARS-BHA-CRY-IPS-LIV,ARS,BHA,CRY,IPS,LIV,2.6,3.0,3.67,2.33,3.0,2.8182,0.3232
ARS-BHA-CRY-IPS-MCI,ARS,BHA,CRY,IPS,MCI,2.6,3.0,3.67,2.33,3.0,2.8182,0.3232
ARS-BHA-CRY-IPS-MUN,ARS,BHA,CRY,IPS,MUN,2.4,3.0,3.33,2.67,3.0,2.7273,0.25
ARS-BHA-CRY-IPS-NFO,ARS,BHA,CRY,IPS,NFO,2.4,3.0,4.0,2.67,3.33,2.9091,0.5964
ARS-BHA-CRY-IPS-TOT,ARS,BHA,CRY,IPS,TOT,2.6,3.0,3.33,2.67,3.0,2.8182,0.0
ARS-BHA-CRY-LEE-LIV,ARS,BHA,CRY,LEE,LIV,2.8,3.0,3.33,2.33,2.83,2.8182,0.2232
ARS-BHA-CRY-LEE-MCI,ARS,BHA,CRY,LEE,MCI,2.8,3.0,3.33,2.33,2.83,2.8182,0.2232
ARS-BHA-CRY-LEE-MUN,ARS,BHA,CRY,LEE,MUN,2.6,3.0,3.0,2.67,2.83,2.7273,0.05
ARS-BHA-CRY-LEE-TOT,ARS,BHA,CRY,LEE,TOT,2.8,3.0,3.0,2.67,2.83,2.8182,-0.1
ARS-BHA-CRY-LEE-SUN,ARS,BHA,CRY,LEE,SUN,2.6,3.0,3.0,2.67,2.83,2.7273,0.05
ARS-BHA-CRY-LIV-MCI,ARS,BHA,CRY,LIV,MCI,2.8,3.0,3.33,2.0,2.67,2.7273,0.4098
ARS-BHA-CRY-LIV-MUN,ARS,BHA,CRY,LIV,MUN,2.6,3.0,3.0,2.33,2.67,2.6364,0.0366
ARS-BHA-CRY-LIV-NFO,ARS,BHA,CRY,LIV,NFO,2.6,3.0,3.67,2.33,3.0,2.8182,0.4464
ARS-BHA-CRY-LIV-TOT,ARS,BHA,CRY,LIV,TOT,2.8,3.0,3.0,2.33,2.67,2.7273,-0.0634
ARS-BHA-CRY-LIV-SUN,ARS,BHA,CRY,LIV,SUN,2.6,3.0,3.0,2.33,2.67,2.6364,0.0366
ARS-BHA-CRY-MCI-MUN,ARS,BHA,CRY,MCI,MUN,2.6,3.0,3.0,2.33,2.67,2.6364,0.0366
ARS-BHA-CRY-MCI-NFO,ARS,BHA,CRY,MCI,NFO,2.6,3.0,3.67,2.33,3.0,2.8182,0.4464
ARS-BHA-CRY-MCI-TOT,ARS,BHA,CRY,MCI,TOT,2.8,3.0,3.0,2.33,2.67,2.7273,-0.0634
ARS-BHA-CRY-MCI-SUN,ARS,BHA,CRY,MCI,SUN,2.6,3.0,3.0,2.33,2.67,2.6364,0.0366
ARS-BHA-CRY-MUN-NFO,ARS,BHA,CRY,MUN,NFO,2.4,3.0,3.33,2.67,3.0,2.7273,0.2732
ARS-BHA-CRY-MUN-TOT,ARS,BHA,CRY,MUN,TOT,2.6,3.0,2.67,2.67,2.67,2.6364,-0.1366
ARS-BHA-CRY-MUN-SUN,ARS,BHA,CRY,MUN,SUN,2.4,3.0,2.67,2.67,2.67,2.5455,0.0634
ARS-BHA-CRY-NFO-TOT,ARS,BHA,CRY,NFO,TOT,2.6,3.0,3.33,2.67,3.0,2.8182,0.0366
ARS-BHA-CRY-NFO-SUN,ARS,BHA,CRY,NFO,SUN,2.4,3.0,3.33,2.67,3.0,2.7273,0.2732
ARS-BHA-CRY-TOT-SUN,ARS,BHA,CRY,TOT,SUN,2.6,3.0,2.67,2.67,2.67,2.6364,-0.1366
ARS-BHA-EVE-IPS-LEE,ARS,BHA,EVE,IPS,LEE,2.6,3.0,3.33,3.0,3.17,2.9091,0.1134
ARS-BHA-EVE-IPS-LIV,ARS,BHA,EVE,IPS,LIV,2.6,3.0,3.33,2.67,3.0,2.8182,0.0
ARS-BHA-EVE-IPS-MCI,ARS,BHA,EVE,IPS,MCI,2.6,3.0,3.33,2.67,3.0,2.8182,0.0
ARS-BHA-EVE-IPS-MUN,ARS,BHA,EVE,IPS,MUN,2.4,3.0,3.0,3.0,3.0,2.7273,0.2268
ARS-BHA-EVE-IPS-NFO,ARS,BHA,EVE,IPS,NFO,2.4,3.0,3.67,3.0,3.33,2.9091,0.3366
ARS-BHA-EVE-IPS-TOT,ARS,BHA,EVE,IPS,TOT,2.6,3.0,3.0,3.0,3.0,2.8182,-0.0232
ARS-BHA-EVE-LEE-LIV,ARS,BHA,EVE,LEE,LIV,2.8,3.0,3.0,2.33,2.67,2.7273,-0.1
ARS-BHA-EVE-LEE-MCI,ARS,BHA,EVE,LEE,MCI,2.8,3.0,3.0,2.33,2.67,2.7273,-0.1
ARS-BHA-EVE-LEE-MUN,ARS,BHA,EVE,LEE,MUN,2.6,3.0,2.67,2.67,2.67,2.6364,0.0268
ARS-BHA-EVE-LEE-TOT,ARS,BHA,EVE,LEE,TOT,2.8,3.0,2.67,2.67,2.67,2.7273,-0.1232
ARS-BHA-EVE-LEE-SUN,ARS,BHA,EVE,LEE,SUN,2.6,3.0,2.67,2.67,2.67,2.6364,0.0268
ARS-BHA-EVE-LIV-MCI,ARS,BHA,EVE,LIV,MCI,2.8,3.0,3.0,2.0,2.5,2.6364,-0.0634
ARS-BHA-EVE-LIV-MUN,ARS,BHA,EVE,LIV,MUN,2.6,3.0,2.67,2.33,2.5,2.5455,-0.1366
ARS-BHA-EVE-LIV-NFO,ARS,BHA,EVE,LIV,NFO,2.6,3.0,3.33,2.33,2.83,2.7273,0.0366
ARS-BHA-EVE-LIV-TOT,ARS,BHA,EVE,LIV,TOT,2.8,3.0,2.67,2.33,2.5,2.6364,-0.2366
ARS-BHA-EVE-LIV-SUN,ARS,BHA,EVE,LIV,SUN,2.6,3.0,2.67,2.33,2.5,2.5455,-0.1366
ARS-BHA-EVE-MCI-MUN,ARS,BHA,EVE,MCI,MUN,2.6,3.0,2.67,2.33,2.5,2.5455,-0.1366
ARS-BHA-EVE-MCI-NFO,ARS,BHA,EVE,MCI,NFO,2.6,3.0,3.33,2.33,2.83,2.7273,0.0366
ARS-BHA-EVE-MCI-TOT,ARS,BHA,EVE,MCI,TOT,2.8,3.0,2.67,2.33,2.5,2.6364,-0.2366
ARS-BHA-EVE-MCI-SUN,ARS,BHA,EVE,MCI,SUN,2.6,3.0,2.67,2.33,2.5,2.5455,-0.1366
ARS-BHA-EVE-MUN-NFO,ARS,BHA,EVE,MUN,NFO,2.4,3.0,3.0,2.67,2.83,2.6364,0.1634
ARS-BHA-EVE-MUN-TOT,ARS,BHA,EVE,MUN,TOT,2.6,3.0,2.33,2.67,2.5,2.5455,-0.0098
ARS-BHA-EVE-MUN-SUN,ARS,BHA,EVE,MUN,SUN,2.4,3.0,2.33,2.67,2.5,2.4545,0.1902
ARS-BHA-EVE-NFO-TOT,ARS,BHA,EVE,NFO,TOT,2.6,3.0,3.0,2.67,2.83,2.7273,-0.0732
ARS-BHA-EVE-NFO-SUN,ARS,BHA,EVE,NFO,SUN,2.4,3.0,3.0,2.67,2.83,2.6364,0.1634
ARS-BHA-EVE-TOT-SUN,ARS,BHA,EVE,TOT,SUN,2.6,3.0,2.33,2.67,2.5,2.5455,-0.0098
ARS-BHA-IPS-LEE-LIV,ARS,BHA,IPS,LEE,LIV,2.6,3.0,3.33,2.33,2.83,2.7273,0.0866
ARS-BHA-IPS-LEE-MCI,ARS,BHA,IPS,LEE,MCI,2.6,3.0,3.33,2.33,2.83,2.7273,0.0866
ARS-BHA-IPS-LEE-MUN,ARS,BHA,IPS,LEE,MUN,2.4,3.0,3.0,2.67,2.83,2.6364,0.1134
ARS-BHA-IPS-LEE-TOT,ARS,BHA,IPS,LEE,TOT,2.6,3.0,3.0,2.67,2.83,2.7273,-0.0866
ARS-BHA-IPS-LIV-MCI,ARS,BHA,IPS,LIV,MCI,2.6,3.0,3.33,2.0,2.67,2.6364,0.1732
ARS-BHA-IPS-LIV-MUN,ARS,BHA,IPS,LIV,MUN,2.4,3.0,3.0,2.33,2.67,2.5455,-0.0
ARS-BHA-IPS-LIV-NFO,ARS,BHA,IPS,LIV,NFO,2.4,3.0,3.67,2.33,3.0,2.7273,0.3098
ARS-BHA-IPS-LIV-TOT,ARS,BHA,IPS,LIV,TOT,2.6,3.0,3.0,2.33,2.67,2.6364,-0.15
ARS-BHA-IPS-MCI-MUN,ARS,BHA,IPS,MCI,MUN,2.4,3.0,3.0,2.33,2.67,2.5455,-0.0
ARS-BHA-IPS-MCI-NFO,ARS,BHA,IPS,MCI,NFO,2.4,3.0,3.67,2.33,3.0,2.7273,0.3098
ARS-BHA-IPS-MCI-TOT,ARS,BHA,IPS,MCI,TOT,2.6,3.0,3.0,2.33,2.67,2.6364,-0.15
ARS-BHA-IPS-MUN-NFO,ARS,BHA,IPS,MUN,NFO,2.2,3.0,3.33,2.67,3.0,2.6364,0.3366
ARS-BHA-IPS-MUN-TOT,ARS,BHA,IPS,MUN,TOT,2.4,3.0,2.67,2.67,2.67,2.5455,-0.0232
ARS-BHA-IPS-NFO-TOT,ARS,BHA,IPS,NFO,TOT,2.4,3.0,3.33,2.67,3.0,2.7273,0.05
ARS-BHA-LEE-LIV-MCI,ARS,BHA,LEE,LIV,MCI,2.8,3.0,3.0,2.0,2.5,2.6364,0.1732
ARS-BHA-LEE-LIV-MUN,ARS,BHA,LEE,LIV,MUN,2.6,3.0,2.67,2.33,2.5,2.5455,-0.1
ARS-BHA-LEE-LIV-TOT,ARS,BHA,LEE,LIV,TOT,2.8,3.0,2.67,2.33,2.5,2.6364,-0.15
ARS-BHA-LEE-LIV-SUN,ARS,BHA,LEE,LIV,SUN,2.6,3.0,2.67,2.33,2.5,2.5455,-0.1
ARS-BHA-LEE-MCI-MUN,ARS,BHA,LEE,MCI,MUN,2.6,3.0,2.67,2.33,2.5,2.5455,-0.1
ARS-BHA-LEE-MCI-TOT,ARS,BHA,LEE,MCI,TOT,2.8,3.0,2.67,2.33,2.5,2.6364,-0.15
ARS-BHA-LEE-MCI-SUN,ARS,BHA,LEE,MCI,SUN,2.6,3.0,2.67,2.33,2.5,2.5455,-0.1
ARS-BHA-LEE-MUN-TOT,ARS,BHA,LEE,MUN,TOT,2.6,3.0,2.33,2.67,2.5,2.5455,-0.1232
ARS-BHA-LEE-MUN-SUN,ARS,BHA,LEE,MUN,SUN,2.4,3.0,2.33,2.67,2.5,2.4545,0.0268
ARS-BHA-LEE-TOT-SUN,ARS,BHA,LEE,TOT,SUN,2.6,3.0,2.33,2.67,2.5,2.5455,-0.1232
ARS-BHA-LIV-MCI-MUN,ARS,BHA,LIV,MCI,MUN,2.6,3.0,2.67,2.0,2.33,2.4545,-0.0634
ARS-BHA-LIV-MCI-NFO,ARS,BHA,LIV,MCI,NFO,2.6,3.0,3.33,2.0,2.67,2.6364,0.3098
ARS-BHA-LIV-MCI-TOT,ARS,BHA,LIV,MCI,TOT,2.8,3.0,2.67,2.0,2.33,2.5455,-0.0634
ARS-BHA-LIV-MCI-SUN,ARS,BHA,LIV,MCI,SUN,2.6,3.0,2.67,2.0,2.33,2.4545,-0.0634
ARS-BHA-LIV-MUN-NFO,ARS,BHA,LIV,MUN,NFO,2.4,3.0,3.0,2.33,2.67,2.5455,0.0366
ARS-BHA-LIV-MUN-TOT,ARS,BHA,LIV,MUN,TOT,2.6,3.0,2.33,2.33,2.33,2.4545,-0.2366
ARS-BHA-LIV-MUN-SUN,ARS,BHA,LIV,MUN,SUN,2.4,3.0,2.33,2.33,2.33,2.3636,-0.1366
ARS-BHA-LIV-NFO-TOT,ARS,BHA,LIV,NFO,TOT,2.6,3.0,3.0,2.33,2.67,2.6364,-0.1
ARS-BHA-LIV-NFO-SUN,ARS,BHA,LIV,NFO,SUN,2.4,3.0,3.0,2.33,2.67,2.5455,0.0366
ARS-BHA-LIV-TOT-SUN,ARS,BHA,LIV,TOT,SUN,2.6,3.0,2.33,2.33,2.33,2.4545,-0.2366
ARS-BHA-MCI-MUN-NFO,ARS,BHA,MCI,MUN,NFO,2.4,3.0,3.0,2.33,2.67,2.5455,0.0366
ARS-BHA-MCI-MUN-TOT,ARS,BHA,MCI,MUN,TOT,2.6,3.0,2.33,2.33,2.33,2.4545,-0.2366
ARS-BHA-MCI-MUN-SUN,ARS,BHA,MCI,MUN,SUN,2.4,3.0,2.33,2.33,2.33,2.3636,-0.1366
ARS-BHA-MCI-NFO-TOT,ARS,BHA,MCI,NFO,TOT,2.6,3.0,3.0,2.33,2.67,2.6364,-0.1
ARS-BHA-MCI-NFO-SUN,ARS,BHA,MCI,NFO,SUN,2.4,3.0,3.0,2.33,2.67,2.5455,0.0366
ARS-BHA-MCI-TOT-SUN,ARS,BHA,MCI,TOT,SUN,2.6,3.0,2.33,2.33,2.33,2.4545,-0.2366
ARS-BHA-MUN-NFO-TOT,ARS,BHA,MUN,NFO,TOT,2.4,3.0,2.67,2.67,2.67,2.5455,-0.0732
ARS-BHA-MUN-NFO-SUN,ARS,BHA,MUN,NFO,SUN,2.2,3.0,2.67,2.67,2.67,2.4545,0.1634
ARS-BHA-MUN-TOT-SUN,ARS,BHA,MUN,TOT,SUN,2.4,3.0,2.0,2.67,2.33,2.3636,-0.0098
ARS-BHA-NFO-TOT-SUN,ARS,BHA,NFO,TOT,SUN,2.4,3.0,2.67,2.67,2.67,2.5455,-0.0732
ARS-CHE-CRY-IPS-LEE,ARS,CHE,CRY,IPS,LEE,2.6,3.0,3.0,3.33,3.17,2.9091,0.1622
ARS-CHE-CRY-IPS-LIV,ARS,CHE,CRY,IPS,LIV,2.6,3.0,3.0,3.0,3.0,2.8182,0.0177
ARS-CHE-CRY-IPS-MCI,ARS,CHE,CRY,IPS,MCI,2.6,3.0,3.0,3.0,3.0,2.8182,0.0177
ARS-CHE-CRY-IPS-MUN,ARS,CHE,CRY,IPS,MUN,2.4,3.0,2.67,3.33,3.0,2.7273,0.3067
ARS-CHE-CRY-IPS-NFO,ARS,CHE,CRY,IPS,NFO,2.4,3.0,3.33,3.33,3.33,2.9091,0.3893
ARS-CHE-CRY-IPS-TOT,ARS,CHE,CRY,IPS,TOT,2.6,3.0,2.67,3.33,3.0,2.8182,0.0378
ARS-CHE-CRY-LEE-LIV,ARS,CHE,CRY,LEE,LIV,2.8,3.0,2.67,2.67,2.67,2.7273,-0.1012
ARS-CHE-CRY-LEE-MCI,ARS,CHE,CRY,LEE,MCI,2.8,3.0,2.67,2.67,2.67,2.7273,-0.1012
ARS-CHE-CRY-LEE-MUN,ARS,CHE,CRY,LEE,MUN,2.6,3.0,2.33,3.0,2.67,2.6364,0.0878
ARS-CHE-CRY-LEE-TOT,ARS,CHE,CRY,LEE,TOT,2.8,3.0,2.33,3.0,2.67,2.7273,-0.0811
ARS-CHE-CRY-LEE-SUN,ARS,CHE,CRY,LEE,SUN,2.6,3.0,2.33,3.0,2.67,2.6364,0.0878
ARS-CHE-CRY-LIV-MCI,ARS,CHE,CRY,LIV,MCI,2.8,3.0,2.67,2.33,2.5,2.6364,-0.0957
ARS-CHE-CRY-LIV-MUN,ARS,CHE,CRY,LIV,MUN,2.6,3.0,2.33,2.67,2.5,2.5455,-0.1067
ARS-CHE-CRY-LIV-NFO,ARS,CHE,CRY,LIV,NFO,2.6,3.0,3.0,2.67,2.83,2.7273,0.0393
ARS-CHE-CRY-LIV-TOT,ARS,CHE,CRY,LIV,TOT,2.8,3.0,2.33,2.67,2.5,2.6364,-0.2256
ARS-CHE-CRY-LIV-SUN,ARS,CHE,CRY,LIV,SUN,2.6,3.0,2.33,2.67,2.5,2.5455,-0.1067
ARS-CHE-CRY-MCI-MUN,ARS,CHE,CRY,MCI,MUN,2.6,3.0,2.33,2.67,2.5,2.5455,-0.1067
ARS-CHE-CRY-MCI-NFO,ARS,CHE,CRY,MCI,NFO,2.6,3.0,3.0,2.67,2.83,2.7273,0.0393
ARS-CHE-CRY-MCI-TOT,ARS,CHE,CRY,MCI,TOT,2.8,3.0,2.33,2.67,2.5,2.6364,-0.2256
ARS-CHE-CRY-MCI-SUN,ARS,CHE,CRY,MCI,SUN,2.6,3.0,2.33,2.67,2.5,2.5455,-0.1067
ARS-CHE-CRY-MUN-NFO,ARS,CHE,CRY,MUN,NFO,2.4,3.0,2.67,3.0,2.83,2.6364,0.2283
ARS-CHE-CRY-MUN-TOT,ARS,CHE,CRY,MUN,TOT,2.6,3.0,2.0,3.0,2.5,2.5455,0.0634
ARS-CHE-CRY-MUN-SUN,ARS,CHE,CRY,MUN,SUN,2.4,3.0,2.0,3.0,2.5,2.4545,0.2823
ARS-CHE-CRY-NFO-TOT,ARS,CHE,CRY,NFO,TOT,2.6,3.0,2.67,3.0,2.83,2.7273,-0.0272
ARS-CHE-CRY-NFO-SUN,ARS,CHE,CRY,NFO,SUN,2.4,3.0,2.67,3.0,2.83,2.6364,0.2283
ARS-CHE-CRY-TOT-SUN,ARS,CHE,CRY,TOT,SUN,2.6,3.0,2.0,3.0,2.5,2.5455,0.0634
ARS-CHE-EVE-IPS-LEE,ARS,CHE,EVE,IPS,LEE,2.6,3.0,2.67,3.67,3.17,2.9091,0.3323
ARS-CHE-EVE-IPS-LIV,ARS,CHE,EVE,IPS,LIV,2.6,3.0,2.67,3.33,3.0,2.8182,0.0378
ARS-CHE-EVE-IPS-MCI,ARS,CHE,EVE,IPS,MCI,2.6,3.0,2.67,3.33,3.0,2.8182,0.0378
ARS-CHE-EVE-IPS-MUN,ARS,CHE,EVE,IPS,MUN,2.4,3.0,2.33,3.67,3.0,2.7273,0.6268
ARS-CHE-EVE-IPS-NFO,ARS,CHE,EVE,IPS,NFO,2.4,3.0,3.0,3.67,3.33,2.9091,0.4728
ARS-CHE-EVE-IPS-TOT,ARS,CHE,EVE,IPS,TOT,2.6,3.0,2.33,3.67,3.0,2.8182,0.3579
ARS-CHE-EVE-LEE-LIV,ARS,CHE,EVE,LEE,LIV,2.8,3.0,2.67,3.0,2.83,2.8182,-0.0811
ARS-CHE-EVE-LEE-MCI,ARS,CHE,EVE,LEE,MCI,2.8,3.0,2.67,3.0,2.83,2.8182,-0.0811
ARS-CHE-EVE-LEE-MUN,ARS,CHE,EVE,LEE,MUN,2.6,3.0,2.33,3.33,2.83,2.7273,0.4079
ARS-CHE-EVE-LEE-TOT,ARS,CHE,EVE,LEE,TOT,2.8,3.0,2.33,3.33,2.83,2.8182,0.239
ARS-CHE-EVE-LEE-SUN,ARS,CHE,EVE,LEE,SUN,2.6,3.0,2.33,3.33,2.83,2.7273,0.4079
ARS-CHE-EVE-LIV-MCI,ARS,CHE,EVE,LIV,MCI,2.8,3.0,2.67,2.67,2.67,2.7273,-0.2256
ARS-CHE-EVE-LIV-MUN,ARS,CHE,EVE,LIV,MUN,2.6,3.0,2.33,3.0,2.67,2.6364,0.0634
ARS-CHE-EVE-LIV-NFO,ARS,CHE,EVE,LIV,NFO,2.6,3.0,2.67,3.0,2.83,2.7273,-0.0272
ARS-CHE-EVE-LIV-TOT,ARS,CHE,EVE,LIV,TOT,2.8,3.0,2.33,3.0,2.67,2.7273,-0.0555
ARS-CHE-EVE-LIV-SUN,ARS,CHE,EVE,LIV,SUN,2.6,3.0,2.33,3.0,2.67,2.6364,0.0634
ARS-CHE-EVE-MCI-MUN,ARS,CHE,EVE,MCI,MUN,2.6,3.0,2.33,3.0,2.67,2.6364,0.0634
ARS-CHE-EVE-MCI-NFO,ARS,CHE,EVE,MCI,NFO,2.6,3.0,2.67,3.0,2.83,2.7273,-0.0272
ARS-CHE-EVE-MCI-TOT,ARS,CHE,EVE,MCI,TOT,2.8,3.0,2.33,3.0,2.67,2.7273,-0.0555
ARS-CHE-EVE-MCI-SUN,ARS,CHE,EVE,MCI,SUN,2.6,3.0,2.33,3.0,2.67,2.6364,0.0634
ARS-CHE-EVE-MUN-NFO,ARS,CHE,EVE,MUN,NFO,2.4,3.0,2.33,3.33,2.83,2.6364,0.4618
ARS-CHE-EVE-MUN-TOT,ARS,CHE,EVE,MUN,TOT,2.6,3.0,2.0,3.33,2.67,2.6364,0.5335
ARS-CHE-EVE-MUN-SUN,ARS,CHE,EVE,MUN,SUN,2.4,3.0,2.0,3.33,2.67,2.5455,0.7524
ARS-CHE-EVE-NFO-TOT,ARS,CHE,EVE,NFO,TOT,2.6,3.0,2.33,3.33,2.83,2.7273,0.2062
ARS-CHE-EVE-NFO-SUN,ARS,CHE,EVE,NFO,SUN,2.4,3.0,2.33,3.33,2.83,2.6364,0.4618
ARS-CHE-EVE-TOT-SUN,ARS,CHE,EVE,TOT,SUN,2.6,3.0,2.0,3.33,2.67,2.6364,0.5335
ARS-CHE-IPS-LEE-LIV,ARS,CHE,IPS,LEE,LIV,2.6,3.0,2.67,3.0,2.83,2.7273,-0.0567
ARS-CHE-IPS-LEE-MCI,ARS,CHE,IPS,LEE,MCI,2.6,3.0,2.67,3.0,2.83,2.7273,-0.0567
ARS-CHE-IPS-LEE-MUN,ARS,CHE,IPS,LEE,MUN,2.4,3.0,2.33,3.33,2.83,2.6364,0.3323
ARS-CHE-IPS-LEE-TOT,ARS,CHE,IPS,LEE,TOT,2.6,3.0,2.33,3.33,2.83,2.7273,0.1134
ARS-CHE-IPS-LIV-MCI,ARS,CHE,IPS,LIV,MCI,2.6,3.0,2.67,2.67,2.67,2.6364,-0.1512
ARS-CHE-IPS-LIV-MUN,ARS,CHE,IPS,LIV,MUN,2.4,3.0,2.33,3.0,2.67,2.5455,0.0378
ARS-CHE-IPS-LIV-NFO,ARS,CHE,IPS,LIV,NFO,2.4,3.0,3.0,3.0,3.0,2.7273,0.0838
ARS-CHE-IPS-LIV-TOT,ARS,CHE,IPS,LIV,TOT,2.6,3.0,2.33,3.0,2.67,2.6364,-0.1311
ARS-CHE-IPS-MCI-MUN,ARS,CHE,IPS,MCI,MUN,2.4,3.0,2.33,3.0,2.67,2.5455,0.0378
ARS-CHE-IPS-MCI-NFO,ARS,CHE,IPS,MCI,NFO,2.4,3.0,3.0,3.0,3.0,2.7273,0.0838
ARS-CHE-IPS-MCI-TOT,ARS,CHE,IPS,MCI,TOT,2.6,3.0,2.33,3.0,2.67,2.6364,-0.1311
ARS-CHE-IPS-MUN-NFO,ARS,CHE,IPS,MUN,NFO,2.2,3.0,2.67,3.33,3.0,2.6364,0.4728
ARS-CHE-IPS-MUN-TOT,ARS,CHE,IPS,MUN,TOT,2.4,3.0,2.0,3.33,2.67,2.5455,0.3579
ARS-CHE-IPS-NFO-TOT,ARS,CHE,IPS,NFO,TOT,2.4,3.0,2.67,3.33,3.0,2.7273,0.1673
ARS-CHE-LEE-LIV-MCI,ARS,CHE,LEE,LIV,MCI,2.8,3.0,2.67,2.33,2.5,2.6364,-0.1701
ARS-CHE-LEE-LIV-MUN,ARS,CHE,LEE,LIV,MUN,2.6,3.0,2.33,2.67,2.5,2.5455,-0.0811
ARS-CHE-LEE-LIV-TOT,ARS,CHE,LEE,LIV,TOT,2.8,3.0,2.33,2.67,2.5,2.6364,-0.15
ARS-CHE-LEE-LIV-SUN,ARS,CHE,LEE,LIV,SUN,2.6,3.0,2.33,2.67,2.5,2.5455,-0.0811
ARS-CHE-LEE-MCI-MUN,ARS,CHE,LEE,MCI,MUN,2.6,3.0,2.33,2.67,2.5,2.5455,-0.0811
ARS-CHE-LEE-MCI-TOT,ARS,CHE,LEE,MCI,TOT,2.8,3.0,2.33,2.67,2.5,2.6364,-0.15
ARS-CHE-LEE-MCI-SUN,ARS,CHE,LEE,MCI,SUN,2.6,3.0,2.33,2.67,2.5,2.5455,-0.0811
ARS-CHE-LEE-MUN-TOT,ARS,CHE,LEE,MUN,TOT,2.6,3.0,2.0,3.0,2.5,2.5455,0.239
ARS-CHE-LEE-MUN-SUN,ARS,CHE,LEE,MUN,SUN,2.4,3.0,2.0,3.0,2.5,2.4545,0.4079
ARS-CHE-LEE-TOT-SUN,ARS,CHE,LEE,TOT,SUN,2.6,3.0,2.0,3.0,2.5,2.5455,0.239
ARS-CHE-LIV-MCI-MUN,ARS,CHE,LIV,MCI,MUN,2.6,3.0,2.33,2.33,2.33,2.4545,-0.2256
ARS-CHE-LIV-MCI-NFO,ARS,CHE,LIV,MCI,NFO,2.6,3.0,2.67,2.33,2.5,2.5455,-0.1162
ARS-CHE-LIV-MCI-TOT,ARS,CHE,LIV,MCI,TOT,2.8,3.0,2.33,2.33,2.33,2.5455,-0.2445
ARS-CHE-LIV-MCI-SUN,ARS,CHE,LIV,MCI,SUN,2.6,3.0,2.33,2.33,2.33,2.4545,-0.2256
ARS-CHE-LIV-MUN-NFO,ARS,CHE,LIV,MUN,NFO,2.4,3.0,2.33,2.67,2.5,2.4545,-0.0272
ARS-CHE-LIV-MUN-TOT,ARS,CHE,LIV,MUN,TOT,2.6,3.0,2.0,2.67,2.33,2.4545,-0.0555
ARS-CHE-LIV-MUN-SUN,ARS,CHE,LIV,MUN,SUN,2.4,3.0,2.0,2.67,2.33,2.3636,0.0634
ARS-CHE-LIV-NFO-TOT,ARS,CHE,LIV,NFO,TOT,2.6,3.0,2.33,2.67,2.5,2.5455,-0.1827
ARS-CHE-LIV-NFO-SUN,ARS,CHE,LIV,NFO,SUN,2.4,3.0,2.33,2.67,2.5,2.4545,-0.0272
ARS-CHE-LIV-TOT-SUN,ARS,CHE,LIV,TOT,SUN,2.6,3.0,2.0,2.67,2.33,2.4545,-0.0555
ARS-CHE-MCI-MUN-NFO,ARS,CHE,MCI,MUN,NFO,2.4,3.0,2.33,2.67,2.5,2.4545,-0.0272
ARS-CHE-MCI-MUN-TOT,ARS,CHE,MCI,MUN,TOT,2.6,3.0,2.0,2.67,2.33,2.4545,-0.0555
ARS-CHE-MCI-MUN-SUN,ARS,CHE,MCI,MUN,SUN,2.4,3.0,2.0,2.67,2.33,2.3636,0.0634
ARS-CHE-MCI-NFO-TOT,ARS,CHE,MCI,NFO,TOT,2.6,3.0,2.33,2.67,2.5,2.5455,-0.1827
ARS-CHE-MCI-NFO-SUN,ARS,CHE,MCI,NFO,SUN,2.4,3.0,2.33,2.67,2.5,2.4545,-0.0272
ARS-CHE-MCI-TOT-SUN,ARS,CHE,MCI,TOT,SUN,2.6,3.0,2.0,2.67,2.33,2.4545,-0.0555
ARS-CHE-MUN-NFO-TOT,ARS,CHE,MUN,NFO,TOT,2.4,3.0,2.0,3.0,2.5,2.4545,0.2062
ARS-CHE-MUN-NFO-SUN,ARS,CHE,MUN,NFO,SUN,2.2,3.0,2.0,3.0,2.5,2.3636,0.4618
ARS-CHE-MUN-TOT-SUN,ARS,CHE,MUN,TOT,SUN,2.4,3.0,2.0,3.0,2.5,2.4545,0.5335
ARS-CHE-NFO-TOT-SUN,ARS,CHE,NFO,TOT,SUN,2.4,3.0,2.0,3.0,2.5,2.4545,0.2062
ARS-CRY-IPS-LEE-LIV,ARS,CRY,IPS,LEE,LIV,2.6,3.0,3.33,2.67,3.0,2.8182,0.15
ARS-CRY-IPS-LEE-MCI,ARS,CRY,IPS,LEE,MCI,2.6,3.0,3.33,2.67,3.0,2.8182,0.15
ARS-CRY-IPS-LEE-MUN,ARS,CRY,IPS,LEE,MUN,2.4,3.0,3.0,3.0,3.0,2.7273,0.25
ARS-CRY-IPS-LEE-TOT,ARS,CRY,IPS,LEE,TOT,2.6,3.0,3.0,3.0,3.0,2.8182,0.0
ARS-CRY-IPS-LIV-MCI,ARS,CRY,IPS,LIV,MCI,2.6,3.0,3.33,2.33,2.83,2.7273,0.2
ARS-CRY-IPS-LIV-MUN,ARS,CRY,IPS,LIV,MUN,2.4,3.0,3.0,2.67,2.83,2.6364,0.1
ARS-CRY-IPS-LIV-NFO,ARS,CRY,IPS,LIV,NFO,2.4,3.0,3.67,2.67,3.17,2.8182,0.4098
ARS-CRY-IPS-LIV-TOT,ARS,CRY,IPS,LIV,TOT,2.6,3.0,3.0,2.67,2.83,2.7273,-0.1
ARS-CRY-IPS-MCI-MUN,ARS,CRY,IPS,MCI,MUN,2.4,3.0,3.0,2.67,2.83,2.6364,0.1
ARS-CRY-IPS-MCI-NFO,ARS,CRY,IPS,MCI,NFO,2.4,3.0,3.67,2.67,3.17,2.8182,0.4098
ARS-CRY-IPS-MCI-TOT,ARS,CRY,IPS,MCI,TOT,2.6,3.0,3.0,2.67,2.83,2.7273,-0.1
ARS-CRY-IPS-MUN-NFO,ARS,CRY,IPS,MUN,NFO,2.2,3.0,3.33,3.0,3.17,2.7273,0.5098
ARS-CRY-IPS-MUN-TOT,ARS,CRY,IPS,MUN,TOT,2.4,3.0,2.67,3.0,2.83,2.6364,0.1
ARS-CRY-IPS-NFO-TOT,ARS,CRY,IPS,NFO,TOT,2.4,3.0,3.33,3.0,3.17,2.8182,0.1732
ARS-CRY-LEE-LIV-MCI,ARS,CRY,LEE,LIV,MCI,2.8,3.0,3.0,2.33,2.67,2.7273,0.15
ARS-CRY-LEE-LIV-MUN,ARS,CRY,LEE,LIV,MUN,2.6,3.0,2.67,2.67,2.67,2.6364,-0.05
ARS-CRY-LEE-LIV-TOT,ARS,CRY,LEE,LIV,TOT,2.8,3.0,2.67,2.67,2.67,2.7273,-0.15
ARS-CRY-LEE-LIV-SUN,ARS,CRY,LEE,LIV,SUN,2.6,3.0,2.67,2.67,2.67,2.6364,-0.05
ARS-CRY-LEE-MCI-MUN,ARS,CRY,LEE,MCI,MUN,2.6,3.0,2.67,2.67,2.67,2.6364,-0.05
ARS-CRY-LEE-MCI-TOT,ARS,CRY,LEE,MCI,TOT,2.8,3.0,2.67,2.67,2.67,2.7273,-0.15
ARS-CRY-LEE-MCI-SUN,ARS,CRY,LEE,MCI,SUN,2.6,3.0,2.67,2.67,2.67,2.6364,-0.05
ARS-CRY-LEE-MUN-TOT,ARS,CRY,LEE,MUN,TOT,2.6,3.0,2.33,3.0,2.67,2.6364,-0.05
ARS-CRY-LEE-MUN-SUN,ARS,CRY,LEE,MUN,SUN,2.4,3.0,2.33,3.0,2.67,2.5455,0.15
ARS-CRY-LEE-TOT-SUN,ARS,CRY,LEE,TOT,SUN,2.6,3.0,2.33,3.0,2.67,2.6364,-0.05
ARS-CRY-LIV-MCI-MUN,ARS,CRY,LIV,MCI,MUN,2.6,3.0,2.67,2.33,2.5,2.5455,-0.05
ARS-CRY-LIV-MCI-NFO,ARS,CRY,LIV,MCI,NFO,2.6,3.0,3.33,2.33,2.83,2.7273,0.3232
ARS-CRY-LIV-MCI-TOT,ARS,CRY,LIV,MCI,TOT,2.8,3.0,2.67,2.33,2.5,2.6364,-0.1
ARS-CRY-LIV-MCI-SUN,ARS,CRY,LIV,MCI,SUN,2.6,3.0,2.67,2.33,2.5,2.5455,-0.05
ARS-CRY-LIV-MUN-NFO,ARS,CRY,LIV,MUN,NFO,2.4,3.0,3.0,2.67,2.83,2.6364,0.1232
ARS-CRY-LIV-MUN-TOT,ARS,CRY,LIV,MUN,TOT,2.6,3.0,2.33,2.67,2.5,2.5455,-0.2
ARS-CRY-LIV-MUN-SUN,ARS,CRY,LIV,MUN,SUN,2.4,3.0,2.33,2.67,2.5,2.4545,-0.05
ARS-CRY-LIV-NFO-TOT,ARS,CRY,LIV,NFO,TOT,2.6,3.0,3.0,2.67,2.83,2.7273,-0.0634
ARS-CRY-LIV-NFO-SUN,ARS,CRY,LIV,NFO,SUN,2.4,3.0,3.0,2.67,2.83,2.6364,0.1232
ARS-CRY-LIV-TOT-SUN,ARS,CRY,LIV,TOT,SUN,2.6,3.0,2.33,2.67,2.5,2.5455,-0.2
ARS-CRY-MCI-MUN-NFO,ARS,CRY,MCI,MUN,NFO,2.4,3.0,3.0,2.67,2.83,2.6364,0.1232
ARS-CRY-MCI-MUN-TOT,ARS,CRY,MCI,MUN,TOT,2.6,3.0,2.33,2.67,2.5,2.5455,-0.2
ARS-CRY-MCI-MUN-SUN,ARS,CRY,MCI,MUN,SUN,2.4,3.0,2.33,2.67,2.5,2.4545,-0.05
ARS-CRY-MCI-NFO-TOT,ARS,CRY,MCI,NFO,TOT,2.6,3.0,3.0,2.67,2.83,2.7273,-0.0634
ARS-CRY-MCI-NFO-SUN,ARS,CRY,MCI,NFO,SUN,2.4,3.0,3.0,2.67,2.83,2.6364,0.1232
ARS-CRY-MCI-TOT-SUN,ARS,CRY,MCI,TOT,SUN,2.6,3.0,2.33,2.67,2.5,2.5455,-0.2
ARS-CRY-MUN-NFO-TOT,ARS,CRY,MUN,NFO,TOT,2.4,3.0,2.67,3.0,2.83,2.6364,0.0366
ARS-CRY-MUN-NFO-SUN,ARS,CRY,MUN,NFO,SUN,2.2,3.0,2.67,3.0,2.83,2.5455,0.3232
ARS-CRY-MUN-TOT-SUN,ARS,CRY,MUN,TOT,SUN,2.4,3.0,2.0,3.0,2.5,2.4545,0.1
ARS-CRY-NFO-TOT-SUN,ARS,CRY,NFO,TOT,SUN,2.4,3.0,2.67,3.0,2.83,2.6364,0.0366
ARS-EVE-IPS-LEE-LIV,ARS,EVE,IPS,LEE,LIV,2.6,3.0,3.0,3.0,3.0,2.8182,0.0
ARS-EVE-IPS-LEE-MCI,ARS,EVE,IPS,LEE,MCI,2.6,3.0,3.0,3.0,3.0,2.8182,0.0
ARS-EVE-IPS-LEE-MUN,ARS,EVE,IPS,LEE,MUN,2.4,3.0,2.67,3.33,3.0,2.7273,0.4
ARS-EVE-IPS-LEE-TOT,ARS,EVE,IPS,LEE,TOT,2.6,3.0,2.67,3.33,3.0,2.8182,0.15
ARS-EVE-IPS-LIV-MCI,ARS,EVE,IPS,LIV,MCI,2.6,3.0,3.0,2.67,2.83,2.7273,-0.1
ARS-EVE-IPS-LIV-MUN,ARS,EVE,IPS,LIV,MUN,2.4,3.0,2.67,3.0,2.83,2.6364,0.1
ARS-EVE-IPS-LIV-NFO,ARS,EVE,IPS,LIV,NFO,2.4,3.0,3.33,3.0,3.17,2.8182,0.1732
ARS-EVE-IPS-LIV-TOT,ARS,EVE,IPS,LIV,TOT,2.6,3.0,2.67,3.0,2.83,2.7273,-0.1
ARS-EVE-IPS-MCI-MUN,ARS,EVE,IPS,MCI,MUN,2.4,3.0,2.67,3.0,2.83,2.6364,0.1
ARS-EVE-IPS-MCI-NFO,ARS,EVE,IPS,MCI,NFO,2.4,3.0,3.33,3.0,3.17,2.8182,0.1732
ARS-EVE-IPS-MCI-TOT,ARS,EVE,IPS,MCI,TOT,2.6,3.0,2.67,3.0,2.83,2.7273,-0.1
ARS-EVE-IPS-MUN-NFO,ARS,EVE,IPS,MUN,NFO,2.2,3.0,3.0,3.33,3.17,2.7273,0.5732
ARS-EVE-IPS-MUN-TOT,ARS,EVE,IPS,MUN,TOT,2.4,3.0,2.33,3.33,2.83,2.6364,0.4
ARS-EVE-IPS-NFO-TOT,ARS,EVE,IPS,NFO,TOT,2.4,3.0,3.0,3.33,3.17,2.8182,0.2366
ARS-EVE-LEE-LIV-MCI,ARS,EVE,LEE,LIV,MCI,2.8,3.0,3.0,2.33,2.67,2.7273,-0.15
ARS-EVE-LEE-LIV-MUN,ARS,EVE,LEE,LIV,MUN,2.6,3.0,2.67,2.67,2.67,2.6364,-0.05
ARS-EVE-LEE-LIV-TOT,ARS,EVE,LEE,LIV,TOT,2.8,3.0,2.67,2.67,2.67,2.7273,-0.15
ARS-EVE-LEE-LIV-SUN,ARS,EVE,LEE,LIV,SUN,2.6,3.0,2.67,2.67,2.67,2.6364,-0.05
ARS-EVE-LEE-MCI-MUN,ARS,EVE,LEE,MCI,MUN,2.6,3.0,2.67,2.67,2.67,2.6364,-0.05
ARS-EVE-LEE-MCI-TOT,ARS,EVE,LEE,MCI,TOT,2.8,3.0,2.67,2.67,2.67,2.7273,-0.15
ARS-EVE-LEE-MCI-SUN,ARS,EVE,LEE,MCI,SUN,2.6,3.0,2.67,2.67,2.67,2.6364,-0.05
ARS-EVE-LEE-MUN-TOT,ARS,EVE,LEE,MUN,TOT,2.6,3.0,2.33,3.0,2.67,2.6364,0.25
ARS-EVE-LEE-MUN-SUN,ARS,EVE,LEE,MUN,SUN,2.4,3.0,2.33,3.0,2.67,2.5455,0.45
ARS-EVE-LEE-TOT-SUN,ARS,EVE,LEE,TOT,SUN,2.6,3.0,2.33,3.0,2.67,2.6364,0.25
ARS-EVE-LIV-MCI-MUN,ARS,EVE,LIV,MCI,MUN,2.6,3.0,2.67,2.33,2.5,2.5455,-0.2
ARS-EVE-LIV-MCI-NFO,ARS,EVE,LIV,MCI,NFO,2.6,3.0,3.0,2.33,2.67,2.6364,-0.0634
ARS-EVE-LIV-MCI-TOT,ARS,EVE,LIV,MCI,TOT,2.8,3.0,2.67,2.33,2.5,2.6364,-0.25
ARS-EVE-LIV-MCI-SUN,ARS,EVE,LIV,MCI,SUN,2.6,3.0,2.67,2.33,2.5,2.5455,-0.2
ARS-EVE-LIV-MUN-NFO,ARS,EVE,LIV,MUN,NFO,2.4,3.0,2.67,2.67,2.67,2.5455,0.0366
ARS-EVE-LIV-MUN-TOT,ARS,EVE,LIV,MUN,TOT,2.6,3.0,2.33,2.67,2.5,2.5455,-0.05
ARS-EVE-LIV-MUN-SUN,ARS,EVE,LIV,MUN,SUN,2.4,3.0,2.33,2.67,2.5,2.4545,0.1
ARS-EVE-LIV-NFO-TOT,ARS,EVE,LIV,NFO,TOT,2.6,3.0,2.67,2.67,2.67,2.6364,-0.15
ARS-EVE-LIV-NFO-SUN,ARS,EVE,LIV,NFO,SUN,2.4,3.0,2.67,2.67,2.67,2.5455,0.0366
ARS-EVE-LIV-TOT-SUN,ARS,EVE,LIV,TOT,SUN,2.6,3.0,2.33,2.67,2.5,2.5455,-0.05
ARS-EVE-MCI-MUN-NFO,ARS,EVE,MCI,MUN,NFO,2.4,3.0,2.67,2.67,2.67,2.5455,0.0366
ARS-EVE-MCI-MUN-TOT,ARS,EVE,MCI,MUN,TOT,2.6,3.0,2.33,2.67,2.5,2.5455,-0.05
ARS-EVE-MCI-MUN-SUN,ARS,EVE,MCI,MUN,SUN,2.4,3.0,2.33,2.67,2.5,2.4545,0.1
ARS-EVE-MCI-NFO-TOT,ARS,EVE,MCI,NFO,TOT,2.6,3.0,2.67,2.67,2.67,2.6364,-0.15
ARS-EVE-MCI-NFO-SUN,ARS,EVE,MCI,NFO,SUN,2.4,3.0,2.67,2.67,2.67,2.5455,0.0366
ARS-EVE-MCI-TOT-SUN,ARS,EVE,MCI,TOT,SUN,2.6,3.0,2.33,2.67,2.5,2.5455,-0.05
ARS-EVE-MUN-NFO-TOT,ARS,EVE,MUN,NFO,TOT,2.4,3.0,2.33,3.0,2.67,2.5455,0.25
ARS-EVE-MUN-NFO-SUN,ARS,EVE,MUN,NFO,SUN,2.2,3.0,2.33,3.0,2.67,2.4545,0.5366
ARS-EVE-MUN-TOT-SUN,ARS,EVE,MUN,TOT,SUN,2.4,3.0,2.0,3.0,2.5,2.4545,0.55
ARS-EVE-NFO-TOT-SUN,ARS,EVE,NFO,TOT,SUN,2.4,3.0,2.33,3.0,2.67,2.5455,0.25
ARS-IPS-LEE-LIV-MCI,ARS,IPS,LEE,LIV,MCI,2.6,3.0,3.0,2.33,2.67,2.6364,0.0
ARS-IPS-LEE-LIV-MUN,ARS,IPS,LEE,LIV,MUN,2.4,3.0,2.67,2.67,2.67,2.5455,0.0
ARS-IPS-LEE-LIV-TOT,ARS,IPS,LEE,LIV,TOT,2.6,3.0,2.67,2.67,2.67,2.6364,-0.15
ARS-IPS-LEE-MCI-MUN,ARS,IPS,LEE,MCI,MUN,2.4,3.0,2.67,2.67,2.67,2.5455,0.0
ARS-IPS-LEE-MCI-TOT,ARS,IPS,LEE,MCI,TOT,2.6,3.0,2.67,2.67,2.67,2.6364,-0.15
ARS-IPS-LEE-MUN-TOT,ARS,IPS,LEE,MUN,TOT,2.4,3.0,2.33,3.0,2.67,2.5455,0.15
ARS-IPS-LIV-MCI-MUN,ARS,IPS,LIV,MCI,MUN,2.4,3.0,2.67,2.33,2.5,2.4545,-0.1
ARS-IPS-LIV-MCI-NFO,ARS,IPS,LIV,MCI,NFO,2.4,3.0,3.33,2.33,2.83,2.6364,0.1732
ARS-IPS-LIV-MCI-TOT,ARS,IPS,LIV,MCI,TOT,2.6,3.0,2.67,2.33,2.5,2.5455,-0.2
ARS-IPS-LIV-MUN-NFO,ARS,IPS,LIV,MUN,NFO,2.2,3.0,3.0,2.67,2.83,2.5455,0.1732
ARS-IPS-LIV-MUN-TOT,ARS,IPS,LIV,MUN,TOT,2.4,3.0,2.33,2.67,2.5,2.4545,-0.1
ARS-IPS-LIV-NFO-TOT,ARS,IPS,LIV,NFO,TOT,2.4,3.0,3.0,2.67,2.83,2.6364,-0.0634
ARS-IPS-MCI-MUN-NFO,ARS,IPS,MCI,MUN,NFO,2.2,3.0,3.0,2.67,2.83,2.5455,0.1732
ARS-IPS-MCI-MUN-TOT,ARS,IPS,MCI,MUN,TOT,2.4,3.0,2.33,2.67,2.5,2.4545,-0.1
ARS-IPS-MCI-NFO-TOT,ARS,IPS,MCI,NFO,TOT,2.4,3.0,3.0,2.67,2.83,2.6364,-0.0634
ARS-IPS-MUN-NFO-TOT,ARS,IPS,MUN,NFO,TOT,2.2,3.0,2.67,3.0,2.83,2.5455,0.2366
ARS-LEE-LIV-MCI-MUN,ARS,LEE,LIV,MCI,MUN,2.6,3.0,2.67,2.33,2.5,2.5455,-0.15
ARS-LEE-LIV-MCI-TOT,ARS,LEE,LIV,MCI,TOT,2.8,3.0,2.67,2.33,2.5,2.6364,-0.15
ARS-LEE-LIV-MCI-SUN,ARS,LEE,LIV,MCI,SUN,2.6,3.0,2.67,2.33,2.5,2.5455,-0.15
ARS-LEE-LIV-MUN-TOT,ARS,LEE,LIV,MUN,TOT,2.6,3.0,2.33,2.67,2.5,2.5455,-0.15
ARS-LEE-LIV-MUN-SUN,ARS,LEE,LIV,MUN,SUN,2.4,3.0,2.33,2.67,2.5,2.4545,-0.05
ARS-LEE-LIV-TOT-SUN,ARS,LEE,LIV,TOT,SUN,2.6,3.0,2.33,2.67,2.5,2.5455,-0.15
ARS-LEE-MCI-MUN-TOT,ARS,LEE,MCI,MUN,TOT,2.6,3.0,2.33,2.67,2.5,2.5455,-0.15
ARS-LEE-MCI-MUN-SUN,ARS,LEE,MCI,MUN,SUN,2.4,3.0,2.33,2.67,2.5,2.4545,-0.05
ARS-LEE-MCI-TOT-SUN,ARS,LEE,MCI,TOT,SUN,2.6,3.0,2.33,2.67,2.5,2.5455,-0.15
ARS-LEE-MUN-TOT-SUN,ARS,LEE,MUN,TOT,SUN,2.4,3.0,2.0,3.0,2.5,2.4545,0.25
ARS-LIV-MCI-MUN-NFO,ARS,LIV,MCI,MUN,NFO,2.4,3.0,2.67,2.33,2.5,2.4545,-0.0634
ARS-LIV-MCI-MUN-TOT,ARS,LIV,MCI,MUN,TOT,2.6,3.0,2.33,2.33,2.33,2.4545,-0.25
ARS-LIV-MCI-MUN-SUN,ARS,LIV,MCI,MUN,SUN,2.4,3.0,2.33,2.33,2.33,2.3636,-0.2
ARS-LIV-MCI-NFO-TOT,ARS,LIV,MCI,NFO,TOT,2.6,3.0,2.67,2.33,2.5,2.5455,-0.15
ARS-LIV-MCI-NFO-SUN,ARS,LIV,MCI,NFO,SUN,2.4,3.0,2.67,2.33,2.5,2.4545,-0.0634
ARS-LIV-MCI-TOT-SUN,ARS,LIV,MCI,TOT,SUN,2.6,3.0,2.33,2.33,2.33,2.4545,-0.25
ARS-LIV-MUN-NFO-TOT,ARS,LIV,MUN,NFO,TOT,2.4,3.0,2.33,2.67,2.5,2.4545,-0.15
ARS-LIV-MUN-NFO-SUN,ARS,LIV,MUN,NFO,SUN,2.2,3.0,2.33,2.67,2.5,2.3636,0.0366
ARS-LIV-MUN-TOT-SUN,ARS,LIV,MUN,TOT,SUN,2.4,3.0,2.0,2.67,2.33,2.3636,-0.05
ARS-LIV-NFO-TOT-SUN,ARS,LIV,NFO,TOT,SUN,2.4,3.0,2.33,2.67,2.5,2.4545,-0.15
ARS-MCI-MUN-NFO-TOT,ARS,MCI,MUN,NFO,TOT,2.4,3.0,2.33,2.67,2.5,2.4545,-0.15
ARS-MCI-MUN-NFO-SUN,ARS,MCI,MUN,NFO,SUN,2.2,3.0,2.33,2.67,2.5,2.3636,0.0366
ARS-MCI-MUN-TOT-SUN,ARS,MCI,MUN,TOT,SUN,2.4,3.0,2.0,2.67,2.33,2.3636,-0.05
ARS-MCI-NFO-TOT-SUN,ARS,MCI,NFO,TOT,SUN,2.4,3.0,2.33,2.67,2.5,2.4545,-0.15
ARS-MUN-NFO-TOT-SUN,ARS,MUN,NFO,TOT,SUN,2.2,3.0,2.0,3.0,2.5,2.3636,0.25
AVL-BRE-CHE-CRY-IPS,AVL,BRE,CHE,CRY,IPS,2.8,3.0,3.0,2.33,2.67,2.7273,-0.0262
AVL-BRE-CHE-CRY-LEE,AVL,BRE,CHE,CRY,LEE,3.0,3.0,2.67,2.33,2.5,2.7273,-0.0451
AVL-BRE-CHE-CRY-LIV,AVL,BRE,CHE,CRY,LIV,3.0,3.0,2.67,2.0,2.33,2.6364,0.097
AVL-BRE-CHE-CRY-MCI,AVL,BRE,CHE,CRY,MCI,3.0,3.0,2.67,2.0,2.33,2.6364,0.097
AVL-BRE-CHE-CRY-MUN,AVL,BRE,CHE,CRY,MUN,2.8,3.0,2.33,2.33,2.33,2.5455,-0.1872
AVL-BRE-CHE-CRY-NFO,AVL,BRE,CHE,CRY,NFO,2.8,3.0,3.0,2.33,2.67,2.7273,0.0588
AVL-BRE-CHE-CRY-SUN,AVL,BRE,CHE,CRY,SUN,2.8,3.0,2.33,2.33,2.33,2.5455,-0.1872
AVL-BRE-CHE-EVE-IPS,AVL,BRE,CHE,EVE,IPS,2.8,3.0,2.67,2.67,2.67,2.7273,-0.1793
AVL-BRE-CHE-EVE-LEE,AVL,BRE,CHE,EVE,LEE,3.0,3.0,2.67,2.33,2.5,2.7273,-0.1982
AVL-BRE-CHE-EVE-LIV,AVL,BRE,CHE,EVE,LIV,3.0,3.0,2.67,2.0,2.33,2.6364,-0.2061
AVL-BRE-CHE-EVE-MCI,AVL,BRE,CHE,EVE,MCI,3.0,3.0,2.67,2.0,2.33,2.6364,-0.2061
AVL-BRE-CHE-EVE-MUN,AVL,BRE,CHE,EVE,MUN,2.8,3.0,2.33,2.33,2.33,2.5455,-0.1903
AVL-BRE-CHE-EVE-NFO,AVL,BRE,CHE,EVE,NFO,2.8,3.0,2.67,2.33,2.5,2.6364,-0.1809
AVL-BRE-CHE-EVE-SUN,AVL,BRE,CHE,EVE,SUN,2.8,3.0,2.33,2.33,2.33,2.5455,-0.1903
AVL-BRE-CHE-IPS-LEE,AVL,BRE,CHE,IPS,LEE,2.8,3.0,2.67,2.33,2.5,2.6364,-0.1372
AVL-BRE-CHE-IPS-LIV,AVL,BRE,CHE,IPS,LIV,2.8,3.0,2.67,2.0,2.33,2.5455,-0.0951
AVL-BRE-CHE-IPS-MCI,AVL,BRE,CHE,IPS,MCI,2.8,3.0,2.67,2.0,2.33,2.5455,-0.0951
AVL-BRE-CHE-IPS-MUN,AVL,BRE,CHE,IPS,MUN,2.6,3.0,2.33,2.33,2.33,2.4545,-0.1793
AVL-BRE-CHE-IPS-NFO,AVL,BRE,CHE,IPS,NFO,2.6,3.0,3.0,2.33,2.67,2.6364,-0.0333
AVL-BRE-CHE-LEE-LIV,AVL,BRE,CHE,LEE,LIV,3.0,3.0,2.67,2.0,2.33,2.6364,-0.014
AVL-BRE-CHE-LEE-MCI,AVL,BRE,CHE,LEE,MCI,3.0,3.0,2.67,2.0,2.33,2.6364,-0.014
AVL-BRE-CHE-LEE-MUN,AVL,BRE,CHE,LEE,MUN,2.8,3.0,2.33,2.33,2.33,2.5455,-0.1982
AVL-BRE-CHE-LEE-SUN,AVL,BRE,CHE,LEE,SUN,2.8,3.0,2.33,2.33,2.33,2.5455,-0.1982
AVL-BRE-CHE-LIV-MCI,AVL,BRE,CHE,LIV,MCI,3.0,3.0,2.67,2.0,2.33,2.6364,0.1781
AVL-BRE-CHE-LIV-MUN,AVL,BRE,CHE,LIV,MUN,2.8,3.0,2.33,2.0,2.17,2.4545,-0.2061
AVL-BRE-CHE-LIV-NFO,AVL,BRE,CHE,LIV,NFO,2.8,3.0,2.67,2.0,2.33,2.5455,0.0033
AVL-BRE-CHE-LIV-SUN,AVL,BRE,CHE,LIV,SUN,2.8,3.0,2.33,2.0,2.17,2.4545,-0.2061
AVL-BRE-CHE-MCI-MUN,AVL,BRE,CHE,MCI,MUN,2.8,3.0,2.33,2.0,2.17,2.4545,-0.2061
AVL-BRE-CHE-MCI-NFO,AVL,BRE,CHE,MCI,NFO,2.8,3.0,2.67,2.0,2.33,2.5455,0.0033
AVL-BRE-CHE-MCI-SUN,AVL,BRE,CHE,MCI,SUN,2.8,3.0,2.33,2.0,2.17,2.4545,-0.2061
AVL-BRE-CHE-MUN-NFO,AVL,BRE,CHE,MUN,NFO,2.6,3.0,2.33,2.33,2.33,2.4545,-0.1809
AVL-BRE-CHE-MUN-SUN,AVL,BRE,CHE,MUN,SUN,2.6,3.0,2.0,2.33,2.17,2.3636,-0.1903
AVL-BRE-CHE-NFO-SUN,AVL,BRE,CHE,NFO,SUN,2.6,3.0,2.33,2.33,2.33,2.4545,-0.1809
AVL-BRE-CRY-IPS-LEE,AVL,BRE,CRY,IPS,LEE,2.8,3.0,3.33,2.33,2.83,2.8182,0.2232
AVL-BRE-CRY-IPS-LIV,AVL,BRE,CRY,IPS,LIV,2.8,3.0,3.33,2.0,2.67,2.7273,0.4098
AVL-BRE-CRY-IPS-MCI,AVL,BRE,CRY,IPS,MCI,2.8,3.0,3.33,2.0,2.67,2.7273,0.4098
AVL-BRE-CRY-IPS-MUN,AVL,BRE,CRY,IPS,MUN,2.6,3.0,3.0,2.33,2.67,2.6364,0.0366
AVL-BRE-CRY-IPS-NFO,AVL,BRE,CRY,IPS,NFO,2.6,3.0,3.67,2.33,3.0,2.8182,0.4464
AVL-BRE-CRY-LEE-LIV,AVL,BRE,CRY,LEE,LIV,3.0,3.0,3.0,2.0,2.5,2.7273,0.4598
AVL-BRE-CRY-LEE-MCI,AVL,BRE,CRY,LEE,MCI,3.0,3.0,3.0,2.0,2.5,2.7273,0.4598
AVL-BRE-CRY-LEE-MUN,AVL,BRE,CRY,LEE,MUN,2.8,3.0,2.67,2.33,2.5,2.6364,-0.0134
AVL-BRE-CRY-LEE-SUN,AVL,BRE,CRY,LEE,SUN,2.8,3.0,2.67,2.33,2.5,2.6364,-0.0134
AVL-BRE-CRY-LIV-MCI,AVL,BRE,CRY,LIV,MCI,3.0,3.0,3.0,2.0,2.5,2.7273,0.7964
AVL-BRE-CRY-LIV-MUN,AVL,BRE,CRY,LIV,MUN,2.8,3.0,2.67,2.0,2.33,2.5455,0.1232
AVL-BRE-CRY-LIV-NFO,AVL,BRE,CRY,LIV,NFO,2.8,3.0,3.33,2.0,2.67,2.7273,0.5964
AVL-BRE-CRY-LIV-SUN,AVL,BRE,CRY,LIV,SUN,2.8,3.0,2.67,2.0,2.33,2.5455,0.1232
AVL-BRE-CRY-MCI-MUN,AVL,BRE,CRY,MCI,MUN,2.8,3.0,2.67,2.0,2.33,2.5455,0.1232
AVL-BRE-CRY-MCI-NFO,AVL,BRE,CRY,MCI,NFO,2.8,3.0,3.33,2.0,2.67,2.7273,0.5964
AVL-BRE-CRY-MCI-SUN,AVL,BRE,CRY,MCI,SUN,2.8,3.0,2.67,2.0,2.33,2.5455,0.1232
AVL-BRE-CRY-MUN-NFO,AVL,BRE,CRY,MUN,NFO,2.6,3.0,3.0,2.33,2.67,2.6364,0.1232
AVL-BRE-CRY-MUN-SUN,AVL,BRE,CRY,MUN,SUN,2.6,3.0,2.33,2.33,2.33,2.4545,-0.15
AVL-BRE-CRY-NFO-SUN,AVL,BRE,CRY,NFO,SUN,2.6,3.0,3.0,2.33,2.67,2.6364,0.1232
AVL-BRE-EVE-IPS-LEE,AVL,BRE,EVE,IPS,LEE,2.8,3.0,3.0,2.33,2.67,2.7273,-0.1
AVL-BRE-EVE-IPS-LIV,AVL,BRE,EVE,IPS,LIV,2.8,3.0,3.0,2.0,2.5,2.6364,-0.0634
AVL-BRE-EVE-IPS-MCI,AVL,BRE,EVE,IPS,MCI,2.8,3.0,3.0,2.0,2.5,2.6364,-0.0634
AVL-BRE-EVE-IPS-MUN,AVL,BRE,EVE,IPS,MUN,2.6,3.0,2.67,2.33,2.5,2.5455,-0.1366
AVL-BRE-EVE-IPS-NFO,AVL,BRE,EVE,IPS,NFO,2.6,3.0,3.33,2.33,2.83,2.7273,0.0366
AVL-BRE-EVE-LEE-LIV,AVL,BRE,EVE,LEE,LIV,3.0,3.0,3.0,2.0,2.5,2.7273,-0.0134
AVL-BRE-EVE-LEE-MCI,AVL,BRE,EVE,LEE,MCI,3.0,3.0,3.0,2.0,2.5,2.7273,-0.0134
AVL-BRE-EVE-LEE-MUN,AVL,BRE,EVE,LEE,MUN,2.8,3.0,2.67,2.33,2.5,2.6364,-0.1866
AVL-BRE-EVE-LEE-SUN,AVL,BRE,EVE,LEE,SUN,2.8,3.0,2.67,2.33,2.5,2.6364,-0.1866
AVL-BRE-EVE-LIV-MCI,AVL,BRE,EVE,LIV,MCI,3.0,3.0,3.0,2.0,2.5,2.7273,0.1732
AVL-BRE-EVE-LIV-MUN,AVL,BRE,EVE,LIV,MUN,2.8,3.0,2.67,2.0,2.33,2.5455,-0.2
AVL-BRE-EVE-LIV-NFO,AVL,BRE,EVE,LIV,NFO,2.8,3.0,3.0,2.0,2.5,2.6364,0.0366
AVL-BRE-EVE-LIV-SUN,AVL,BRE,EVE,LIV,SUN,2.8,3.0,2.67,2.0,2.33,2.5455,-0.2
AVL-BRE-EVE-MCI-MUN,AVL,BRE,EVE,MCI,MUN,2.8,3.0,2.67,2.0,2.33,2.5455,-0.2
AVL-BRE-EVE-MCI-NFO,AVL,BRE,EVE,MCI,NFO,2.8,3.0,3.0,2.0,2.5,2.6364,0.0366
AVL-BRE-EVE-MCI-SUN,AVL,BRE,EVE,MCI,SUN,2.8,3.0,2.67,2.0,2.33,2.5455,-0.2
AVL-BRE-EVE-MUN-NFO,AVL,BRE,EVE,MUN,NFO,2.6,3.0,2.67,2.33,2.5,2.5455,-0.1366
AVL-BRE-EVE-MUN-SUN,AVL,BRE,EVE,MUN,SUN,2.6,3.0,2.33,2.33,2.33,2.4545,-0.1732
AVL-BRE-EVE-NFO-SUN,AVL,BRE,EVE,NFO,SUN,2.6,3.0,2.67,2.33,2.5,2.5455,-0.1366
AVL-BRE-IPS-LEE-LIV,AVL,BRE,IPS,LEE,LIV,2.8,3.0,3.0,2.0,2.5,2.6364,0.1732
AVL-BRE-IPS-LEE-MCI,AVL,BRE,IPS,LEE,MCI,2.8,3.0,3.0,2.0,2.5,2.6364,0.1732
AVL-BRE-IPS-LEE-MUN,AVL,BRE,IPS,LEE,MUN,2.6,3.0,2.67,2.33,2.5,2.5455,-0.1
AVL-BRE-IPS-LIV-MCI,AVL,BRE,IPS,LIV,MCI,2.8,3.0,3.0,2.0,2.5,2.6364,0.4098
AVL-BRE-IPS-LIV-MUN,AVL,BRE,IPS,LIV,MUN,2.6,3.0,2.67,2.0,2.33,2.4545,-0.0634
AVL-BRE-IPS-LIV-NFO,AVL,BRE,IPS,LIV,NFO,2.6,3.0,3.33,2.0,2.67,2.6364,0.3098
AVL-BRE-IPS-MCI-MUN,AVL,BRE,IPS,MCI,MUN,2.6,3.0,2.67,2.0,2.33,2.4545,-0.0634
AVL-BRE-IPS-MCI-NFO,AVL,BRE,IPS,MCI,NFO,2.6,3.0,3.33,2.0,2.67,2.6364,0.3098
AVL-BRE-IPS-MUN-NFO,AVL,BRE,IPS,MUN,NFO,2.4,3.0,3.0,2.33,2.67,2.5455,0.0366
AVL-BRE-LEE-LIV-MCI,AVL,BRE,LEE,LIV,MCI,3.0,3.0,3.0,2.0,2.5,2.7273,0.5598
AVL-BRE-LEE-LIV-MUN,AVL,BRE,LEE,LIV,MUN,2.8,3.0,2.67,2.0,2.33,2.5455,-0.0134
AVL-BRE-LEE-LIV-SUN,AVL,BRE,LEE,LIV,SUN,2.8,3.0,2.67,2.0,2.33,2.5455,-0.0134
AVL-BRE-LEE-MCI-MUN,AVL,BRE,LEE,MCI,MUN,2.8,3.0,2.67,2.0,2.33,2.5455,-0.0134
AVL-BRE-LEE-MCI-SUN,AVL,BRE,LEE,MCI,SUN,2.8,3.0,2.67,2.0,2.33,2.5455,-0.0134
AVL-BRE-LEE-MUN-SUN,AVL,BRE,LEE,MUN,SUN,2.6,3.0,2.33,2.33,2.33,2.4545,-0.1866
AVL-BRE-LIV-MCI-MUN,AVL,BRE,LIV,MCI,MUN,2.8,3.0,2.67,2.0,2.33,2.5455,0.1732
AVL-BRE-LIV-MCI-NFO,AVL,BRE,LIV,MCI,NFO,2.8,3.0,3.0,2.0,2.5,2.6364,0.6098
AVL-BRE-LIV-MCI-SUN,AVL,BRE,LIV,MCI,SUN,2.8,3.0,2.67,2.0,2.33,2.5455,0.1732
AVL-BRE-LIV-MUN-NFO,AVL,BRE,LIV,MUN,NFO,2.6,3.0,2.67,2.0,2.33,2.4545,0.0366
AVL-BRE-LIV-MUN-SUN,AVL,BRE,LIV,MUN,SUN,2.6,3.0,2.33,2.0,2.17,2.3636,-0.2
AVL-BRE-LIV-NFO-SUN,AVL,BRE,LIV,NFO,SUN,2.6,3.0,2.67,2.0,2.33,2.4545,0.0366
AVL-BRE-MCI-MUN-NFO,AVL,BRE,MCI,MUN,NFO,2.6,3.0,2.67,2.0,2.33,2.4545,0.0366
AVL-BRE-MCI-MUN-SUN,AVL,BRE,MCI,MUN,SUN,2.6,3.0,2.33,2.0,2.17,2.3636,-0.2
AVL-BRE-MCI-NFO-SUN,AVL,BRE,MCI,NFO,SUN,2.6,3.0,2.67,2.0,2.33,2.4545,0.0366
AVL-BRE-MUN-NFO-SUN,AVL,BRE,MUN,NFO,SUN,2.4,3.0,2.33,2.33,2.33,2.3636,-0.1366
AVL-CHE-CRY-IPS-LEE,AVL,CHE,CRY,IPS,LEE,2.8,3.0,3.0,2.67,2.83,2.8182,-0.0183
AVL-CHE-CRY-IPS-LIV,AVL,CHE,CRY,IPS,LIV,2.8,3.0,3.0,2.33,2.67,2.7273,-0.0262
AVL-CHE-CRY-IPS-MCI,AVL,CHE,CRY,IPS,MCI,2.8,3.0,3.0,2.33,2.67,2.7273,-0.0262
AVL-CHE-CRY-IPS-MUN,AVL,CHE,CRY,IPS,MUN,2.6,3.0,2.67,2.67,2.67,2.6364,-0.0104
AVL-CHE-CRY-IPS-NFO,AVL,CHE,CRY,IPS,NFO,2.6,3.0,3.33,2.67,3.0,2.8182,0.1722
AVL-CHE-CRY-IPS-TOT,AVL,CHE,CRY,IPS,TOT,2.8,3.0,2.67,2.67,2.67,2.7273,-0.1793
AVL-CHE-CRY-LEE-LIV,AVL,CHE,CRY,LEE,LIV,3.0,3.0,2.67,2.33,2.5,2.7273,-0.0451
AVL-CHE-CRY-LEE-MCI,AVL,CHE,CRY,LEE,MCI,3.0,3.0,2.67,2.33,2.5,2.7273,-0.0451
AVL-CHE-CRY-LEE-MUN,AVL,CHE,CRY,LEE,MUN,2.8,3.0,2.33,2.67,2.5,2.6364,-0.1293
AVL-CHE-CRY-LEE-TOT,AVL,CHE,CRY,LEE,TOT,3.0,3.0,2.33,2.67,2.5,2.7273,-0.1982
AVL-CHE-CRY-LEE-SUN,AVL,CHE,CRY,LEE,SUN,2.8,3.0,2.33,2.67,2.5,2.6364,-0.1293
AVL-CHE-CRY-LIV-MCI,AVL,CHE,CRY,LIV,MCI,3.0,3.0,2.67,2.0,2.33,2.6364,0.097
AVL-CHE-CRY-LIV-MUN,AVL,CHE,CRY,LIV,MUN,2.8,3.0,2.33,2.33,2.33,2.5455,-0.1872
AVL-CHE-CRY-LIV-NFO,AVL,CHE,CRY,LIV,NFO,2.8,3.0,3.0,2.33,2.67,2.7273,0.0588
AVL-CHE-CRY-LIV-TOT,AVL,CHE,CRY,LIV,TOT,3.0,3.0,2.33,2.33,2.33,2.6364,-0.2061
AVL-CHE-CRY-LIV-SUN,AVL,CHE,CRY,LIV,SUN,2.8,3.0,2.33,2.33,2.33,2.5455,-0.1872
AVL-CHE-CRY-MCI-MUN,AVL,CHE,CRY,MCI,MUN,2.8,3.0,2.33,2.33,2.33,2.5455,-0.1872
AVL-CHE-CRY-MCI-NFO,AVL,CHE,CRY,MCI,NFO,2.8,3.0,3.0,2.33,2.67,2.7273,0.0588
AVL-CHE-CRY-MCI-TOT,AVL,CHE,CRY,MCI,TOT,3.0,3.0,2.33,2.33,2.33,2.6364,-0.2061
AVL-CHE-CRY-MCI-SUN,AVL,CHE,CRY,MCI,SUN,2.8,3.0,2.33,2.33,2.33,2.5455,-0.1872
AVL-CHE-CRY-MUN-NFO,AVL,CHE,CRY,MUN,NFO,2.6,3.0,2.67,2.67,2.67,2.6364,-0.0254
AVL-CHE-CRY-MUN-TOT,AVL,CHE,CRY,MUN,TOT,2.8,3.0,2.0,2.67,2.33,2.5455,-0.1903
AVL-CHE-CRY-MUN-SUN,AVL,CHE,CRY,MUN,SUN,2.6,3.0,2.0,2.67,2.33,2.4545,-0.0714
AVL-CHE-CRY-NFO-TOT,AVL,CHE,CRY,NFO,TOT,2.8,3.0,2.67,2.67,2.67,2.7273,-0.1809
AVL-CHE-CRY-NFO-SUN,AVL,CHE,CRY,NFO,SUN,2.6,3.0,2.67,2.67,2.67,2.6364,-0.0254
AVL-CHE-CRY-TOT-SUN,AVL,CHE,CRY,TOT,SUN,2.8,3.0,2.0,2.67,2.33,2.5455,-0.1903
AVL-CHE-EVE-IPS-LEE,AVL,CHE,EVE,IPS,LEE,2.8,3.0,2.67,3.0,2.83,2.8182,-0.0214
AVL-CHE-EVE-IPS-LIV,AVL,CHE,EVE,IPS,LIV,2.8,3.0,2.67,2.67,2.67,2.7273,-0.1793
AVL-CHE-EVE-IPS-MCI,AVL,CHE,EVE,IPS,MCI,2.8,3.0,2.67,2.67,2.67,2.7273,-0.1793
AVL-CHE-EVE-IPS-MUN,AVL,CHE,EVE,IPS,MUN,2.6,3.0,2.33,3.0,2.67,2.6364,0.1365
AVL-CHE-EVE-IPS-NFO,AVL,CHE,EVE,IPS,NFO,2.6,3.0,3.0,3.0,3.0,2.8182,0.0825
AVL-CHE-EVE-IPS-TOT,AVL,CHE,EVE,IPS,TOT,2.8,3.0,2.33,3.0,2.67,2.7273,-0.0324
AVL-CHE-EVE-LEE-LIV,AVL,CHE,EVE,LEE,LIV,3.0,3.0,2.67,2.33,2.5,2.7273,-0.1982
AVL-CHE-EVE-LEE-MCI,AVL,CHE,EVE,LEE,MCI,3.0,3.0,2.67,2.33,2.5,2.7273,-0.1982
AVL-CHE-EVE-LEE-MUN,AVL,CHE,EVE,LEE,MUN,2.8,3.0,2.33,2.67,2.5,2.6364,0.0176
AVL-CHE-EVE-LEE-TOT,AVL,CHE,EVE,LEE,TOT,3.0,3.0,2.33,2.67,2.5,2.7273,-0.0513
AVL-CHE-EVE-LEE-SUN,AVL,CHE,EVE,LEE,SUN,2.8,3.0,2.33,2.67,2.5,2.6364,0.0176
AVL-CHE-EVE-LIV-MCI,AVL,CHE,EVE,LIV,MCI,3.0,3.0,2.67,2.0,2.33,2.6364,-0.2061
AVL-CHE-EVE-LIV-MUN,AVL,CHE,EVE,LIV,MUN,2.8,3.0,2.33,2.33,2.33,2.5455,-0.1903
AVL-CHE-EVE-LIV-NFO,AVL,CHE,EVE,LIV,NFO,2.8,3.0,2.67,2.33,2.5,2.6364,-0.1809
AVL-CHE-EVE-LIV-TOT,AVL,CHE,EVE,LIV,TOT,3.0,3.0,2.33,2.33,2.33,2.6364,-0.2092
AVL-CHE-EVE-LIV-SUN,AVL,CHE,EVE,LIV,SUN,2.8,3.0,2.33,2.33,2.33,2.5455,-0.1903
AVL-CHE-EVE-MCI-MUN,AVL,CHE,EVE,MCI,MUN,2.8,3.0,2.33,2.33,2.33,2.5455,-0.1903
AVL-CHE-EVE-MCI-NFO,AVL,CHE,EVE,MCI,NFO,2.8,3.0,2.67,2.33,2.5,2.6364,-0.1809
AVL-CHE-EVE-MCI-TOT,AVL,CHE,EVE,MCI,TOT,3.0,3.0,2.33,2.33,2.33,2.6364,-0.2092
AVL-CHE-EVE-MCI-SUN,AVL,CHE,EVE,MCI,SUN,2.8,3.0,2.33,2.33,2.33,2.5455,-0.1903
AVL-CHE-EVE-MUN-NFO,AVL,CHE,EVE,MUN,NFO,2.6,3.0,2.33,2.67,2.5,2.5455,0.0348
AVL-CHE-EVE-MUN-TOT,AVL,CHE,EVE,MUN,TOT,2.8,3.0,2.0,2.67,2.33,2.5455,0.1066
AVL-CHE-EVE-MUN-SUN,AVL,CHE,EVE,MUN,SUN,2.6,3.0,2.0,2.67,2.33,2.4545,0.2255
AVL-CHE-EVE-NFO-TOT,AVL,CHE,EVE,NFO,TOT,2.8,3.0,2.33,2.67,2.5,2.6364,-0.1207
AVL-CHE-EVE-NFO-SUN,AVL,CHE,EVE,NFO,SUN,2.6,3.0,2.33,2.67,2.5,2.5455,0.0348
AVL-CHE-EVE-TOT-SUN,AVL,CHE,EVE,TOT,SUN,2.8,3.0,2.0,2.67,2.33,2.5455,0.1066
AVL-CHE-IPS-LEE-LIV,AVL,CHE,IPS,LEE,LIV,2.8,3.0,2.67,2.33,2.5,2.6364,-0.1372
AVL-CHE-IPS-LEE-MCI,AVL,CHE,IPS,LEE,MCI,2.8,3.0,2.67,2.33,2.5,2.6364,-0.1372
AVL-CHE-IPS-LEE-MUN,AVL,CHE,IPS,LEE,MUN,2.6,3.0,2.33,2.67,2.5,2.5455,-0.0214
AVL-CHE-IPS-LEE-TOT,AVL,CHE,IPS,LEE,TOT,2.8,3.0,2.33,2.67,2.5,2.6364,-0.1403
AVL-CHE-IPS-LIV-MCI,AVL,CHE,IPS,LIV,MCI,2.8,3.0,2.67,2.0,2.33,2.5455,-0.0951
AVL-CHE-IPS-LIV-MUN,AVL,CHE,IPS,LIV,MUN,2.6,3.0,2.33,2.33,2.33,2.4545,-0.1793
AVL-CHE-IPS-LIV-NFO,AVL,CHE,IPS,LIV,NFO,2.6,3.0,3.0,2.33,2.67,2.6364,-0.0333
AVL-CHE-IPS-LIV-TOT,AVL,CHE,IPS,LIV,TOT,2.8,3.0,2.33,2.33,2.33,2.5455,-0.2482
AVL-CHE-IPS-MCI-MUN,AVL,CHE,IPS,MCI,MUN,2.6,3.0,2.33,2.33,2.33,2.4545,-0.1793
AVL-CHE-IPS-MCI-NFO,AVL,CHE,IPS,MCI,NFO,2.6,3.0,3.0,2.33,2.67,2.6364,-0.0333
AVL-CHE-IPS-MCI-TOT,AVL,CHE,IPS,MCI,TOT,2.8,3.0,2.33,2.33,2.33,2.5455,-0.2482
AVL-CHE-IPS-MUN-NFO,AVL,CHE,IPS,MUN,NFO,2.4,3.0,2.67,2.67,2.67,2.5455,0.0825
AVL-CHE-IPS-MUN-TOT,AVL,CHE,IPS,MUN,TOT,2.6,3.0,2.0,2.67,2.33,2.4545,-0.0324
AVL-CHE-IPS-NFO-TOT,AVL,CHE,IPS,NFO,TOT,2.6,3.0,2.67,2.67,2.67,2.6364,-0.123
AVL-CHE-LEE-LIV-MCI,AVL,CHE,LEE,LIV,MCI,3.0,3.0,2.67,2.0,2.33,2.6364,-0.014
AVL-CHE-LEE-LIV-MUN,AVL,CHE,LEE,LIV,MUN,2.8,3.0,2.33,2.33,2.33,2.5455,-0.1982
AVL-CHE-LEE-LIV-TOT,AVL,CHE,LEE,LIV,TOT,3.0,3.0,2.33,2.33,2.33,2.6364,-0.1671
AVL-CHE-LEE-LIV-SUN,AVL,CHE,LEE,LIV,SUN,2.8,3.0,2.33,2.33,2.33,2.5455,-0.1982
AVL-CHE-LEE-MCI-MUN,AVL,CHE,LEE,MCI,MUN,2.8,3.0,2.33,2.33,2.33,2.5455,-0.1982
AVL-CHE-LEE-MCI-TOT,AVL,CHE,LEE,MCI,TOT,3.0,3.0,2.33,2.33,2.33,2.6364,-0.1671
AVL-CHE-LEE-MCI-SUN,AVL,CHE,LEE,MCI,SUN,2.8,3.0,2.33,2.33,2.33,2.5455,-0.1982
AVL-CHE-LEE-MUN-TOT,AVL,CHE,LEE,MUN,TOT,2.8,3.0,2.0,2.67,2.33,2.5455,-0.0513
AVL-CHE-LEE-MUN-SUN,AVL,CHE,LEE,MUN,SUN,2.6,3.0,2.0,2.67,2.33,2.4545,0.0176
AVL-CHE-LEE-TOT-SUN,AVL,CHE,LEE,TOT,SUN,2.8,3.0,2.0,2.67,2.33,2.5455,-0.0513
AVL-CHE-LIV-MCI-MUN,AVL,CHE,LIV,MCI,MUN,2.8,3.0,2.33,2.0,2.17,2.4545,-0.2061
AVL-CHE-LIV-MCI-NFO,AVL,CHE,LIV,MCI,NFO,2.8,3.0,2.67,2.0,2.33,2.5455,0.0033
AVL-CHE-LIV-MCI-TOT,AVL,CHE,LIV,MCI,TOT,3.0,3.0,2.33,2.0,2.17,2.5455,-0.125
AVL-CHE-LIV-MCI-SUN,AVL,CHE,LIV,MCI,SUN,2.8,3.0,2.33,2.0,2.17,2.4545,-0.2061
AVL-CHE-LIV-MUN-NFO,AVL,CHE,LIV,MUN,NFO,2.6,3.0,2.33,2.33,2.33,2.4545,-0.1809
AVL-CHE-LIV-MUN-TOT,AVL,CHE,LIV,MUN,TOT,2.8,3.0,2.0,2.33,2.17,2.4545,-0.2092
AVL-CHE-LIV-MUN-SUN,AVL,CHE,LIV,MUN,SUN,2.6,3.0,2.0,2.33,2.17,2.3636,-0.1903
AVL-CHE-LIV-NFO-TOT,AVL,CHE,LIV,NFO,TOT,2.8,3.0,2.33,2.33,2.33,2.5455,-0.2364
AVL-CHE-LIV-NFO-SUN,AVL,CHE,LIV,NFO,SUN,2.6,3.0,2.33,2.33,2.33,2.4545,-0.1809
AVL-CHE-LIV-TOT-SUN,AVL,CHE,LIV,TOT,SUN,2.8,3.0,2.0,2.33,2.17,2.4545,-0.2092
AVL-CHE-MCI-MUN-NFO,AVL,CHE,MCI,MUN,NFO,2.6,3.0,2.33,2.33,2.33,2.4545,-0.1809
AVL-CHE-MCI-MUN-TOT,AVL,CHE,MCI,MUN,TOT,2.8,3.0,2.0,2.33,2.17,2.4545,-0.2092
AVL-CHE-MCI-MUN-SUN,AVL,CHE,MCI,MUN,SUN,2.6,3.0,2.0,2.33,2.17,2.3636,-0.1903
AVL-CHE-MCI-NFO-TOT,AVL,CHE,MCI,NFO,TOT,2.8,3.0,2.33,2.33,2.33,2.5455,-0.2364
AVL-CHE-MCI-NFO-SUN,AVL,CHE,MCI,NFO,SUN,2.6,3.0,2.33,2.33,2.33,2.4545,-0.1809
AVL-CHE-MCI-TOT-SUN,AVL,CHE,MCI,TOT,SUN,2.8,3.0,2.0,2.33,2.17,2.4545,-0.2092
AVL-CHE-MUN-NFO-TOT,AVL,CHE,MUN,NFO,TOT,2.6,3.0,2.0,2.67,2.33,2.4545,-0.1207
AVL-CHE-MUN-NFO-SUN,AVL,CHE,MUN,NFO,SUN,2.4,3.0,2.0,2.67,2.33,2.3636,0.0348
AVL-CHE-MUN-TOT-SUN,AVL,CHE,MUN,TOT,SUN,2.6,3.0,2.0,2.67,2.33,2.4545,0.1066
AVL-CHE-NFO-TOT-SUN,AVL,CHE,NFO,TOT,SUN,2.6,3.0,2.0,2.67,2.33,2.4545,-0.1207
AVL-CRY-IPS-LEE-LIV,AVL,CRY,IPS,LEE,LIV,2.8,3.0,3.33,2.33,2.83,2.8182,0.2232
AVL-CRY-IPS-LEE-MCI,AVL,CRY,IPS,LEE,MCI,2.8,3.0,3.33,2.33,2.83,2.8182,0.2232
AVL-CRY-IPS-LEE-MUN,AVL,CRY,IPS,LEE,MUN,2.6,3.0,3.0,2.67,2.83,2.7273,0.05
AVL-CRY-IPS-LEE-TOT,AVL,CRY,IPS,LEE,TOT,2.8,3.0,3.0,2.67,2.83,2.8182,-0.1
AVL-CRY-IPS-LIV-MCI,AVL,CRY,IPS,LIV,MCI,2.8,3.0,3.33,2.0,2.67,2.7273,0.4098
AVL-CRY-IPS-LIV-MUN,AVL,CRY,IPS,LIV,MUN,2.6,3.0,3.0,2.33,2.67,2.6364,0.0366
AVL-CRY-IPS-LIV-NFO,AVL,CRY,IPS,LIV,NFO,2.6,3.0,3.67,2.33,3.0,2.8182,0.4464
AVL-CRY-IPS-LIV-TOT,AVL,CRY,IPS,LIV,TOT,2.8,3.0,3.0,2.33,2.67,2.7273,-0.0634
AVL-CRY-IPS-MCI-MUN,AVL,CRY,IPS,MCI,MUN,2.6,3.0,3.0,2.33,2.67,2.6364,0.0366
AVL-CRY-IPS-MCI-NFO,AVL,CRY,IPS,MCI,NFO,2.6,3.0,3.67,2.33,3.0,2.8182,0.4464
AVL-CRY-IPS-MCI-TOT,AVL,CRY,IPS,MCI,TOT,2.8,3.0,3.0,2.33,2.67,2.7273,-0.0634
AVL-CRY-IPS-MUN-NFO,AVL,CRY,IPS,MUN,NFO,2.4,3.0,3.33,2.67,3.0,2.7273,0.2732
AVL-CRY-IPS-MUN-TOT,AVL,CRY,IPS,MUN,TOT,2.6,3.0,2.67,2.67,2.67,2.6364,-0.1366
AVL-CRY-IPS-NFO-TOT,AVL,CRY,IPS,NFO,TOT,2.6,3.0,3.33,2.67,3.0,2.8182,0.0366
AVL-CRY-LEE-LIV-MCI,AVL,CRY,LEE,LIV,MCI,3.0,3.0,3.0,2.0,2.5,2.7273,0.4598
AVL-CRY-LEE-LIV-MUN,AVL,CRY,LEE,LIV,MUN,2.8,3.0,2.67,2.33,2.5,2.6364,-0.0134
AVL-CRY-LEE-LIV-TOT,AVL,CRY,LEE,LIV,TOT,3.0,3.0,2.67,2.33,2.5,2.7273,-0.0134
AVL-CRY-LEE-LIV-SUN,AVL,CRY,LEE,LIV,SUN,2.8,3.0,2.67,2.33,2.5,2.6364,-0.0134
AVL-CRY-LEE-MCI-MUN,AVL,CRY,LEE,MCI,MUN,2.8,3.0,2.67,2.33,2.5,2.6364,-0.0134
AVL-CRY-LEE-MCI-TOT,AVL,CRY,LEE,MCI,TOT,3.0,3.0,2.67,2.33,2.5,2.7273,-0.0134
AVL-CRY-LEE-MCI-SUN,AVL,CRY,LEE,MCI,SUN,2.8,3.0,2.67,2.33,2.5,2.6364,-0.0134
AVL-CRY-LEE-MUN-TOT,AVL,CRY,LEE,MUN,TOT,2.8,3.0,2.33,2.67,2.5,2.6364,-0.1866
AVL-CRY-LEE-MUN-SUN,AVL,CRY,LEE,MUN,SUN,2.6,3.0,2.33,2.67,2.5,2.5455,-0.0866
AVL-CRY-LEE-TOT-SUN,AVL,CRY,LEE,TOT,SUN,2.8,3.0,2.33,2.67,2.5,2.6364,-0.1866
AVL-CRY-LIV-MCI-MUN,AVL,CRY,LIV,MCI,MUN,2.8,3.0,2.67,2.0,2.33,2.5455,0.1232
AVL-CRY-LIV-MCI-NFO,AVL,CRY,LIV,MCI,NFO,2.8,3.0,3.33,2.0,2.67,2.7273,0.5964
AVL-CRY-LIV-MCI-TOT,AVL,CRY,LIV,MCI,TOT,3.0,3.0,2.67,2.0,2.33,2.6364,0.1732
AVL-CRY-LIV-MCI-SUN,AVL,CRY,LIV,MCI,SUN,2.8,3.0,2.67,2.0,2.33,2.5455,0.1232
AVL-CRY-LIV-MUN-NFO,AVL,CRY,LIV,MUN,NFO,2.6,3.0,3.0,2.33,2.67,2.6364,0.1232
AVL-CRY-LIV-MUN-TOT,AVL,CRY,LIV,MUN,TOT,2.8,3.0,2.33,2.33,2.33,2.5455,-0.2
AVL-CRY-LIV-MUN-SUN,AVL,CRY,LIV,MUN,SUN,2.6,3.0,2.33,2.33,2.33,2.4545,-0.15
AVL-CRY-LIV-NFO-TOT,AVL,CRY,LIV,NFO,TOT,2.8,3.0,3.0,2.33,2.67,2.7273,0.0366
AVL-CRY-LIV-NFO-SUN,AVL,CRY,LIV,NFO,SUN,2.6,3.0,3.0,2.33,2.67,2.6364,0.1232
AVL-CRY-LIV-TOT-SUN,AVL,CRY,LIV,TOT,SUN,2.8,3.0,2.33,2.33,2.33,2.5455,-0.2
AVL-CRY-MCI-MUN-NFO,AVL,CRY,MCI,MUN,NFO,2.6,3.0,3.0,2.33,2.67,2.6364,0.1232
AVL-CRY-MCI-MUN-TOT,AVL,CRY,MCI,MUN,TOT,2.8,3.0,2.33,2.33,2.33,2.5455,-0.2
AVL-CRY-MCI-MUN-SUN,AVL,CRY,MCI,MUN,SUN,2.6,3.0,2.33,2.33,2.33,2.4545,-0.15
AVL-CRY-MCI-NFO-TOT,AVL,CRY,MCI,NFO,TOT,2.8,3.0,3.0,2.33,2.67,2.7273,0.0366
AVL-CRY-MCI-NFO-SUN,AVL,CRY,MCI,NFO,SUN,2.6,3.0,3.0,2.33,2.67,2.6364,0.1232
AVL-CRY-MCI-TOT-SUN,AVL,CRY,MCI,TOT,SUN,2.8,3.0,2.33,2.33,2.33,2.5455,-0.2
AVL-CRY-MUN-NFO-TOT,AVL,CRY,MUN,NFO,TOT,2.6,3.0,2.67,2.67,2.67,2.6364,-0.1366
AVL-CRY-MUN-NFO-SUN,AVL,CRY,MUN,NFO,SUN,2.4,3.0,2.67,2.67,2.67,2.5455,0.05
AVL-CRY-MUN-TOT-SUN,AVL,CRY,MUN,TOT,SUN,2.6,3.0,2.0,2.67,2.33,2.4545,-0.1732
AVL-CRY-NFO-TOT-SUN,AVL,CRY,NFO,TOT,SUN,2.6,3.0,2.67,2.67,2.67,2.6364,-0.1366
AVL-EVE-IPS-LEE-LIV,AVL,EVE,IPS,LEE,LIV,2.8,3.0,3.0,2.33,2.67,2.7273,-0.1
AVL-EVE-IPS-LEE-MCI,AVL,EVE,IPS,LEE,MCI,2.8,3.0,3.0,2.33,2.67,2.7273,-0.1
AVL-EVE-IPS-LEE-MUN,AVL,EVE,IPS,LEE,MUN,2.6,3.0,2.67,2.67,2.67,2.6364,0.0268
AVL-EVE-IPS-LEE-TOT,AVL,EVE,IPS,LEE,TOT,2.8,3.0,2.67,2.67,2.67,2.7273,-0.1232
AVL-EVE-IPS-LIV-MCI,AVL,EVE,IPS,LIV,MCI,2.8,3.0,3.0,2.0,2.5,2.6364,-0.0634
AVL-EVE-IPS-LIV-MUN,AVL,EVE,IPS,LIV,MUN,2.6,3.0,2.67,2.33,2.5,2.5455,-0.1366
AVL-EVE-IPS-LIV-NFO,AVL,EVE,IPS,LIV,NFO,2.6,3.0,3.33,2.33,2.83,2.7273,0.0366
AVL-EVE-IPS-LIV-TOT,AVL,EVE,IPS,LIV,TOT,2.8,3.0,2.67,2.33,2.5,2.6364,-0.2366
AVL-EVE-IPS-MCI-MUN,AVL,EVE,IPS,MCI,MUN,2.6,3.0,2.67,2.33,2.5,2.5455,-0.1366
AVL-EVE-IPS-MCI-NFO,AVL,EVE,IPS,MCI,NFO,2.6,3.0,3.33,2.33,2.83,2.7273,0.0366
AVL-EVE-IPS-MCI-TOT,AVL,EVE,IPS,MCI,TOT,2.8,3.0,2.67,2.33,2.5,2.6364,-0.2366
AVL-EVE-IPS-MUN-NFO,AVL,EVE,IPS,MUN,NFO,2.4,3.0,3.0,2.67,2.83,2.6364,0.1634
AVL-EVE-IPS-MUN-TOT,AVL,EVE,IPS,MUN,TOT,2.6,3.0,2.33,2.67,2.5,2.5455,-0.0098
AVL-EVE-IPS-NFO-TOT,AVL,EVE,IPS,NFO,TOT,2.6,3.0,3.0,2.67,2.83,2.7273,-0.0732
AVL-EVE-LEE-LIV-MCI,AVL,EVE,LEE,LIV,MCI,3.0,3.0,3.0,2.0,2.5,2.7273,-0.0134
AVL-EVE-LEE-LIV-MUN,AVL,EVE,LEE,LIV,MUN,2.8,3.0,2.67,2.33,2.5,2.6364,-0.1866
AVL-EVE-LEE-LIV-TOT,AVL,EVE,LEE,LIV,TOT,3.0,3.0,2.67,2.33,2.5,2.7273,-0.1866
AVL-EVE-LEE-LIV-SUN,AVL,EVE,LEE,LIV,SUN,2.8,3.0,2.67,2.33,2.5,2.6364,-0.1866
AVL-EVE-LEE-MCI-MUN,AVL,EVE,LEE,MCI,MUN,2.8,3.0,2.67,2.33,2.5,2.6364,-0.1866
AVL-EVE-LEE-MCI-TOT,AVL,EVE,LEE,MCI,TOT,3.0,3.0,2.67,2.33,2.5,2.7273,-0.1866
AVL-EVE-LEE-MCI-SUN,AVL,EVE,LEE,MCI,SUN,2.8,3.0,2.67,2.33,2.5,2.6364,-0.1866
AVL-EVE-LEE-MUN-TOT,AVL,EVE,LEE,MUN,TOT,2.8,3.0,2.33,2.67,2.5,2.6364,-0.0598
AVL-EVE-LEE-MUN-SUN,AVL,EVE,LEE,MUN,SUN,2.6,3.0,2.33,2.67,2.5,2.5455,0.0402
AVL-EVE-LEE-TOT-SUN,AVL,EVE,LEE,TOT,SUN,2.8,3.0,2.33,2.67,2.5,2.6364,-0.0598
AVL-EVE-LIV-MCI-MUN,AVL,EVE,LIV,MCI,MUN,2.8,3.0,2.67,2.0,2.33,2.5455,-0.2
AVL-EVE-LIV-MCI-NFO,AVL,EVE,LIV,MCI,NFO,2.8,3.0,3.0,2.0,2.5,2.6364,0.0366
AVL-EVE-LIV-MCI-TOT,AVL,EVE,LIV,MCI,TOT,3.0,3.0,2.67,2.0,2.33,2.6364,-0.15
AVL-EVE-LIV-MCI-SUN,AVL,EVE,LIV,MCI,SUN,2.8,3.0,2.67,2.0,2.33,2.5455,-0.2
AVL-EVE-LIV-MUN-NFO,AVL,EVE,LIV,MUN,NFO,2.6,3.0,2.67,2.33,2.5,2.5455,-0.1366
AVL-EVE-LIV-MUN-TOT,AVL,EVE,LIV,MUN,TOT,2.8,3.0,2.33,2.33,2.33,2.5455,-0.2232
AVL-EVE-LIV-MUN-SUN,AVL,EVE,LIV,MUN,SUN,2.6,3.0,2.33,2.33,2.33,2.4545,-0.1732
AVL-EVE-LIV-NFO-TOT,AVL,EVE,LIV,NFO,TOT,2.8,3.0,2.67,2.33,2.5,2.6364,-0.2232
AVL-EVE-LIV-NFO-SUN,AVL,EVE,LIV,NFO,SUN,2.6,3.0,2.67,2.33,2.5,2.5455,-0.1366
AVL-EVE-LIV-TOT-SUN,AVL,EVE,LIV,TOT,SUN,2.8,3.0,2.33,2.33,2.33,2.5455,-0.2232
AVL-EVE-MCI-MUN-NFO,AVL,EVE,MCI,MUN,NFO,2.6,3.0,2.67,2.33,2.5,2.5455,-0.1366
AVL-EVE-MCI-MUN-TOT,AVL,EVE,MCI,MUN,TOT,2.8,3.0,2.33,2.33,2.33,2.5455,-0.2232
AVL-EVE-MCI-MUN-SUN,AVL,EVE,MCI,MUN,SUN,2.6,3.0,2.33,2.33,2.33,2.4545,-0.1732
AVL-EVE-MCI-NFO-TOT,AVL,EVE,MCI,NFO,TOT,2.8,3.0,2.67,2.33,2.5,2.6364,-0.2232
AVL-EVE-MCI-NFO-SUN,AVL,EVE,MCI,NFO,SUN,2.6,3.0,2.67,2.33,2.5,2.5455,-0.1366
AVL-EVE-MCI-TOT-SUN,AVL,EVE,MCI,TOT,SUN,2.8,3.0,2.33,2.33,2.33,2.5455,-0.2232
AVL-EVE-MUN-NFO-TOT,AVL,EVE,MUN,NFO,TOT,2.6,3.0,2.33,2.67,2.5,2.5455,-0.0964
AVL-EVE-MUN-NFO-SUN,AVL,EVE,MUN,NFO,SUN,2.4,3.0,2.33,2.67,2.5,2.4545,0.0902
AVL-EVE-MUN-TOT-SUN,AVL,EVE,MUN,TOT,SUN,2.6,3.0,2.0,2.67,2.33,2.4545,0.1036
AVL-EVE-NFO-TOT-SUN,AVL,EVE,NFO,TOT,SUN,2.6,3.0,2.33,2.67,2.5,2.5455,-0.0964
AVL-IPS-LEE-LIV-MCI,AVL,IPS,LEE,LIV,MCI,2.8,3.0,3.0,2.0,2.5,2.6364,0.1732
AVL-IPS-LEE-LIV-MUN,AVL,IPS,LEE,LIV,MUN,2.6,3.0,2.67,2.33,2.5,2.5455,-0.1
AVL-IPS-LEE-LIV-TOT,AVL,IPS,LEE,LIV,TOT,2.8,3.0,2.67,2.33,2.5,2.6364,-0.15
AVL-IPS-LEE-MCI-MUN,AVL,IPS,LEE,MCI,MUN,2.6,3.0,2.67,2.33,2.5,2.5455,-0.1
AVL-IPS-LEE-MCI-TOT,AVL,IPS,LEE,MCI,TOT,2.8,3.0,2.67,2.33,2.5,2.6364,-0.15
AVL-IPS-LEE-MUN-TOT,AVL,IPS,LEE,MUN,TOT,2.6,3.0,2.33,2.67,2.5,2.5455,-0.1232
AVL-IPS-LIV-MCI-MUN,AVL,IPS,LIV,MCI,MUN,2.6,3.0,2.67,2.0,2.33,2.4545,-0.0634
AVL-IPS-LIV-MCI-NFO,AVL,IPS,LIV,MCI,NFO,2.6,3.0,3.33,2.0,2.67,2.6364,0.3098
AVL-IPS-LIV-MCI-TOT,AVL,IPS,LIV,MCI,TOT,2.8,3.0,2.67,2.0,2.33,2.5455,-0.0634
AVL-IPS-LIV-MUN-NFO,AVL,IPS,LIV,MUN,NFO,2.4,3.0,3.0,2.33,2.67,2.5455,0.0366
AVL-IPS-LIV-MUN-TOT,AVL,IPS,LIV,MUN,TOT,2.6,3.0,2.33,2.33,2.33,2.4545,-0.2366
AVL-IPS-LIV-NFO-TOT,AVL,IPS,LIV,NFO,TOT,2.6,3.0,3.0,2.33,2.67,2.6364,-0.1
AVL-IPS-MCI-MUN-NFO,AVL,IPS,MCI,MUN,NFO,2.4,3.0,3.0,2.33,2.67,2.5455,0.0366
AVL-IPS-MCI-MUN-TOT,AVL,IPS,MCI,MUN,TOT,2.6,3.0,2.33,2.33,2.33,2.4545,-0.2366
AVL-IPS-MCI-NFO-TOT,AVL,IPS,MCI,NFO,TOT,2.6,3.0,3.0,2.33,2.67,2.6364,-0.1
AVL-IPS-MUN-NFO-TOT,AVL,IPS,MUN,NFO,TOT,2.4,3.0,2.67,2.67,2.67,2.5455,-0.0732
AVL-LEE-LIV-MCI-MUN,AVL,LEE,LIV,MCI,MUN,2.8,3.0,2.67,2.0,2.33,2.5455,-0.0134
AVL-LEE-LIV-MCI-TOT,AVL,LEE,LIV,MCI,TOT,3.0,3.0,2.67,2.0,2.33,2.6364,0.0866
AVL-LEE-LIV-MCI-SUN,AVL,LEE,LIV,MCI,SUN,2.8,3.0,2.67,2.0,2.33,2.5455,-0.0134
AVL-LEE-LIV-MUN-TOT,AVL,LEE,LIV,MUN,TOT,2.8,3.0,2.33,2.33,2.33,2.5455,-0.1866
AVL-LEE-LIV-MUN-SUN,AVL,LEE,LIV,MUN,SUN,2.6,3.0,2.33,2.33,2.33,2.4545,-0.1866
AVL-LEE-LIV-TOT-SUN,AVL,LEE,LIV,TOT,SUN,2.8,3.0,2.33,2.33,2.33,2.5455,-0.1866
AVL-LEE-MCI-MUN-TOT,AVL,LEE,MCI,MUN,TOT,2.8,3.0,2.33,2.33,2.33,2.5455,-0.1866
AVL-LEE-MCI-MUN-SUN,AVL,LEE,MCI,MUN,SUN,2.6,3.0,2.33,2.33,2.33,2.4545,-0.1866
AVL-LEE-MCI-TOT-SUN,AVL,LEE,MCI,TOT,SUN,2.8,3.0,2.33,2.33,2.33,2.5455,-0.1866
AVL-LEE-MUN-TOT-SUN,AVL,LEE,MUN,TOT,SUN,2.6,3.0,2.0,2.67,2.33,2.4545,-0.0598
AVL-LIV-MCI-MUN-NFO,AVL,LIV,MCI,MUN,NFO,2.6,3.0,2.67,2.0,2.33,2.4545,0.0366
AVL-LIV-MCI-MUN-TOT,AVL,LIV,MCI,MUN,TOT,2.8,3.0,2.33,2.0,2.17,2.4545,-0.15
AVL-LIV-MCI-MUN-SUN,AVL,LIV,MCI,MUN,SUN,2.6,3.0,2.33,2.0,2.17,2.3636,-0.2
AVL-LIV-MCI-NFO-TOT,AVL,LIV,MCI,NFO,TOT,2.8,3.0,2.67,2.0,2.33,2.5455,0.05
AVL-LIV-MCI-NFO-SUN,AVL,LIV,MCI,NFO,SUN,2.6,3.0,2.67,2.0,2.33,2.4545,0.0366
AVL-LIV-MCI-TOT-SUN,AVL,LIV,MCI,TOT,SUN,2.8,3.0,2.33,2.0,2.17,2.4545,-0.15
AVL-LIV-MUN-NFO-TOT,AVL,LIV,MUN,NFO,TOT,2.6,3.0,2.33,2.33,2.33,2.4545,-0.2232
AVL-LIV-MUN-NFO-SUN,AVL,LIV,MUN,NFO,SUN,2.4,3.0,2.33,2.33,2.33,2.3636,-0.1366
AVL-LIV-MUN-TOT-SUN,AVL,LIV,MUN,TOT,SUN,2.6,3.0,2.0,2.33,2.17,2.3636,-0.2232
AVL-LIV-NFO-TOT-SUN,AVL,LIV,NFO,TOT,SUN,2.6,3.0,2.33,2.33,2.33,2.4545,-0.2232
AVL-MCI-MUN-NFO-TOT,AVL,MCI,MUN,NFO,TOT,2.6,3.0,2.33,2.33,2.33,2.4545,-0.2232
AVL-MCI-MUN-NFO-SUN,AVL,MCI,MUN,NFO,SUN,2.4,3.0,2.33,2.33,2.33,2.3636,-0.1366
AVL-MCI-MUN-TOT-SUN,AVL,MCI,MUN,TOT,SUN,2.6,3.0,2.0,2.33,2.17,2.3636,-0.2232
AVL-MCI-NFO-TOT-SUN,AVL,MCI,NFO,TOT,SUN,2.6,3.0,2.33,2.33,2.33,2.4545,-0.2232
AVL-MUN-NFO-TOT-SUN,AVL,MUN,NFO,TOT,SUN,2.4,3.0,2.0,2.67,2.33,2.3636,-0.0964
BRE-BHA-CHE-CRY-IPS,BRE,BHA,CHE,CRY,IPS,2.8,3.0,3.0,2.33,2.67,2.7273,-0.0262
BRE-BHA-CHE-CRY-LEE,BRE,BHA,CHE,CRY,LEE,3.0,3.0,2.67,2.33,2.5,2.7273,-0.0451
BRE-BHA-CHE-CRY-LIV,BRE,BHA,CHE,CRY,LIV,3.0,3.0,2.67,2.0,2.33,2.6364,0.097
BRE-BHA-CHE-CRY-MCI,BRE,BHA,CHE,CRY,MCI,3.0,3.0,2.67,2.0,2.33,2.6364,0.097
BRE-BHA-CHE-CRY-MUN,BRE,BHA,CHE,CRY,MUN,2.8,3.0,2.33,2.33,2.33,2.5455,-0.1872
BRE-BHA-CHE-CRY-NFO,BRE,BHA,CHE,CRY,NFO,2.8,3.0,3.0,2.33,2.67,2.7273,0.0588
BRE-BHA-CHE-CRY-SUN,BRE,BHA,CHE,CRY,SUN,2.8,3.0,2.33,2.33,2.33,2.5455,-0.1872
BRE-BHA-CHE-EVE-IPS,BRE,BHA,CHE,EVE,IPS,2.8,3.0,2.67,2.67,2.67,2.7273,-0.1793
BRE-BHA-CHE-EVE-LEE,BRE,BHA,CHE,EVE,LEE,3.0,3.0,2.67,2.33,2.5,2.7273,-0.1982
BRE-BHA-CHE-EVE-LIV,BRE,BHA,CHE,EVE,LIV,3.0,3.0,2.67,2.0,2.33,2.6364,-0.2061
BRE-BHA-CHE-EVE-MCI,BRE,BHA,CHE,EVE,MCI,3.0,3.0,2.67,2.0,2.33,2.6364,-0.2061
BRE-BHA-CHE-EVE-MUN,BRE,BHA,CHE,EVE,MUN,2.8,3.0,2.33,2.33,2.33,2.5455,-0.1903
BRE-BHA-CHE-EVE-NFO,BRE,BHA,CHE,EVE,NFO,2.8,3.0,2.67,2.33,2.5,2.6364,-0.1809
BRE-BHA-CHE-EVE-SUN,BRE,BHA,CHE,EVE,SUN,2.8,3.0,2.33,2.33,2.33,2.5455,-0.1903
BRE-BHA-CHE-IPS-LEE,BRE,BHA,CHE,IPS,LEE,2.8,3.0,2.67,2.33,2.5,2.6364,-0.1372
BRE-BHA-CHE-IPS-LIV,BRE,BHA,CHE,IPS,LIV,2.8,3.0,2.67,2.0,2.33,2.5455,-0.0951
BRE-BHA-CHE-IPS-MCI,BRE,BHA,CHE,IPS,MCI,2.8,3.0,2.67,2.0,2.33,2.5455,-0.0951
BRE-BHA-CHE-IPS-MUN,BRE,BHA,CHE,IPS,MUN,2.6,3.0,2.33,2.33,2.33,2.4545,-0.1793
BRE-BHA-CHE-IPS-NFO,BRE,BHA,CHE,IPS,NFO,2.6,3.0,3.0,2.33,2.67,2.6364,-0.0333
BRE-BHA-CHE-LEE-LIV,BRE,BHA,CHE,LEE,LIV,3.0,3.0,2.67,2.0,2.33,2.6364,-0.014
BRE-BHA-CHE-LEE-MCI,BRE,BHA,CHE,LEE,MCI,3.0,3.0,2.67,2.0,2.33,2.6364,-0.014
BRE-BHA-CHE-LEE-MUN,BRE,BHA,CHE,LEE,MUN,2.8,3.0,2.33,2.33,2.33,2.5455,-0.1982
BRE-BHA-CHE-LEE-SUN,BRE,BHA,CHE,LEE,SUN,2.8,3.0,2.33,2.33,2.33,2.5455,-0.1982
BRE-BHA-CHE-LIV-MCI,BRE,BHA,CHE,LIV,MCI,3.0,3.0,2.67,2.0,2.33,2.6364,0.1781
BRE-BHA-CHE-LIV-MUN,BRE,BHA,CHE,LIV,MUN,2.8,3.0,2.33,2.0,2.17,2.4545,-0.2061
BRE-BHA-CHE-LIV-NFO,BRE,BHA,CHE,LIV,NFO,2.8,3.0,2.67,2.0,2.33,2.5455,0.0033
BRE-BHA-CHE-LIV-SUN,BRE,BHA,CHE,LIV,SUN,2.8,3.0,2.33,2.0,2.17,2.4545,-0.2061
BRE-BHA-CHE-MCI-MUN,BRE,BHA,CHE,MCI,MUN,2.8,3.0,2.33,2.0,2.17,2.4545,-0.2061
BRE-BHA-CHE-MCI-NFO,BRE,BHA,CHE,MCI,NFO,2.8,3.0,2.67,2.0,2.33,2.5455,0.0033
BRE-BHA-CHE-MCI-SUN,BRE,BHA,CHE,MCI,SUN,2.8,3.0,2.33,2.0,2.17,2.4545,-0.2061
BRE-BHA-CHE-MUN-NFO,BRE,BHA,CHE,MUN,NFO,2.6,3.0,2.33,2.33,2.33,2.4545,-0.1809
BRE-BHA-CHE-MUN-SUN,BRE,BHA,CHE,MUN,SUN,2.6,3.0,2.0,2.33,2.17,2.3636,-0.1903
BRE-BHA-CHE-NFO-SUN,BRE,BHA,CHE,NFO,SUN,2.6,3.0,2.33,2.33,2.33,2.4545,-0.1809
BRE-BHA-CRY-IPS-LEE,BRE,BHA,CRY,IPS,LEE,2.8,3.0,3.33,2.33,2.83,2.8182,0.2232
BRE-BHA-CRY-IPS-LIV,BRE,BHA,CRY,IPS,LIV,2.8,3.0,3.33,2.0,2.67,2.7273,0.4098
BRE-BHA-CRY-IPS-MCI,BRE,BHA,CRY,IPS,MCI,2.8,3.0,3.33,2.0,2.67,2.7273,0.4098
BRE-BHA-CRY-IPS-MUN,BRE,BHA,CRY,IPS,MUN,2.6,3.0,3.0,2.33,2.67,2.6364,0.0366
BRE-BHA-CRY-IPS-NFO,BRE,BHA,CRY,IPS,NFO,2.6,3.0,3.67,2.33,3.0,2.8182,0.4464
BRE-BHA-CRY-LEE-LIV,BRE,BHA,CRY,LEE,LIV,3.0,3.0,3.0,2.0,2.5,2.7273,0.4598
BRE-BHA-CRY-LEE-MCI,BRE,BHA,CRY,LEE,MCI,3.0,3.0,3.0,2.0,2.5,2.7273,0.4598
BRE-BHA-CRY-LEE-MUN,BRE,BHA,CRY,LEE,MUN,2.8,3.0,2.67,2.33,2.5,2.6364,-0.0134
BRE-BHA-CRY-LEE-SUN,BRE,BHA,CRY,LEE,SUN,2.8,3.0,2.67,2.33,2.5,2.6364,-0.0134
BRE-BHA-CRY-LIV-MCI,BRE,BHA,CRY,LIV,MCI,3.0,3.0,3.0,2.0,2.5,2.7273,0.7964
BRE-BHA-CRY-LIV-MUN,BRE,BHA,CRY,LIV,MUN,2.8,3.0,2.67,2.0,2.33,2.5455,0.1232
BRE-BHA-CRY-LIV-NFO,BRE,BHA,CRY,LIV,NFO,2.8,3.0,3.33,2.0,2.67,2.7273,0.5964
BRE-BHA-CRY-LIV-SUN,BRE,BHA,CRY,LIV,SUN,2.8,3.0,2.67,2.0,2.33,2.5455,0.1232
BRE-BHA-CRY-MCI-MUN,BRE,BHA,CRY,MCI,MUN,2.8,3.0,2.67,2.0,2.33,2.5455,0.1232
BRE-BHA-CRY-MCI-NFO,BRE,BHA,CRY,MCI,NFO,2.8,3.0,3.33,2.0,2.67,2.7273,0.5964
BRE-BHA-CRY-MCI-SUN,BRE,BHA,CRY,MCI,SUN,2.8,3.0,2.67,2.0,2.33,2.5455,0.1232
BRE-BHA-CRY-MUN-NFO,BRE,BHA,CRY,MUN,NFO,2.6,3.0,3.0,2.33,2.67,2.6364,0.1232
BRE-BHA-CRY-MUN-SUN,BRE,BHA,CRY,MUN,SUN,2.6,3.0,2.33,2.33,2.33,2.4545,-0.15
BRE-BHA-CRY-NFO-SUN,BRE,BHA,CRY,NFO,SUN,2.6,3.0,3.0,2.33,2.67,2.6364,0.1232
BRE-BHA-EVE-IPS-LEE,BRE,BHA,EVE,IPS,LEE,2.8,3.0,3.0,2.33,2.67,2.7273,-0.1
BRE-BHA-EVE-IPS-LIV,BRE,BHA,EVE,IPS,LIV,2.8,3.0,3.0,2.0,2.5,2.6364,-0.0634
BRE-BHA-EVE-IPS-MCI,BRE,BHA,EVE,IPS,MCI,2.8,3.0,3.0,2.0,2.5,2.6364,-0.0634
BRE-BHA-EVE-IPS-MUN,BRE,BHA,EVE,IPS,MUN,2.6,3.0,2.67,2.33,2.5,2.5455,-0.1366
BRE-BHA-EVE-IPS-NFO,BRE,BHA,EVE,IPS,NFO,2.6,3.0,3.33,2.33,2.83,2.7273,0.0366
BRE-BHA-EVE-LEE-LIV,BRE,BHA,EVE,LEE,LIV,3.0,3.0,3.0,2.0,2.5,2.7273,-0.0134
BRE-BHA-EVE-LEE-MCI,BRE,BHA,EVE,LEE,MCI,3.0,3.0,3.0,2.0,2.5,2.7273,-0.0134
BRE-BHA-EVE-LEE-MUN,BRE,BHA,EVE,LEE,MUN,2.8,3.0,2.67,2.33,2.5,2.6364,-0.1866
BRE-BHA-EVE-LEE-SUN,BRE,BHA,EVE,LEE,SUN,2.8,3.0,2.67,2.33,2.5,2.6364,-0.1866
BRE-BHA-EVE-LIV-MCI,BRE,BHA,EVE,LIV,MCI,3.0,3.0,3.0,2.0,2.5,2.7273,0.1732
BRE-BHA-EVE-LIV-MUN,BRE,BHA,EVE,LIV,MUN,2.8,3.0,2.67,2.0,2.33,2.5455,-0.2
BRE-BHA-EVE-LIV-NFO,BRE,BHA,EVE,LIV,NFO,2.8,3.0,3.0,2.0,2.5,2.6364,0.0366
BRE-BHA-EVE-LIV-SUN,BRE,BHA,EVE,LIV,SUN,2.8,3.0,2.67,2.0,2.33,2.5455,-0.2
BRE-BHA-EVE-MCI-MUN,BRE,BHA,EVE,MCI,MUN,2.8,3.0,2.67,2.0,2.33,2.5455,-0.2
BRE-BHA-EVE-MCI-NFO,BRE,BHA,EVE,MCI,NFO,2.8,3.0,3.0,2.0,2.5,2.6364,0.0366
BRE-BHA-EVE-MCI-SUN,BRE,BHA,EVE,MCI,SUN,2.8,3.0,2.67,2.0,2.33,2.5455,-0.2
BRE-BHA-EVE-MUN-NFO,BRE,BHA,EVE,MUN,NFO,2.6,3.0,2.67,2.33,2.5,2.5455,-0.1366
BRE-BHA-EVE-MUN-SUN,BRE,BHA,EVE,MUN,SUN,2.6,3.0,2.33,2.33,2.33,2.4545,-0.1732
BRE-BHA-EVE-NFO-SUN,BRE,BHA,EVE,NFO,SUN,2.6,3.0,2.67,2.33,2.5,2.5455,-0.1366
BRE-BHA-IPS-LEE-LIV,BRE,BHA,IPS,LEE,LIV,2.8,3.0,3.0,2.0,2.5,2.6364,0.1732
BRE-BHA-IPS-LEE-MCI,BRE,BHA,IPS,LEE,MCI,2.8,3.0,3.0,2.0,2.5,2.6364,0.1732
BRE-BHA-IPS-LEE-MUN,BRE,BHA,IPS,LEE,MUN,2.6,3.0,2.67,2.33,2.5,2.5455,-0.1
BRE-BHA-IPS-LIV-MCI,BRE,BHA,IPS,LIV,MCI,2.8,3.0,3.0,2.0,2.5,2.6364,0.4098
BRE-BHA-IPS-LIV-MUN,BRE,BHA,IPS,LIV,MUN,2.6,3.0,2.67,2.0,2.33,2.4545,-0.0634
BRE-BHA-IPS-LIV-NFO,BRE,BHA,IPS,LIV,NFO,2.6,3.0,3.33,2.0,2.67,2.6364,0.3098
BRE-BHA-IPS-MCI-MUN,BRE,BHA,IPS,MCI,MUN,2.6,3.0,2.67,2.0,2.33,2.4545,-0.0634
BRE-BHA-IPS-MCI-NFO,BRE,BHA,IPS,MCI,NFO,2.6,3.0,3.33,2.0,2.67,2.6364,0.3098
BRE-BHA-IPS-MUN-NFO,BRE,BHA,IPS,MUN,NFO,2.4,3.0,3.0,2.33,2.67,2.5455,0.0366
BRE-BHA-LEE-LIV-MCI,BRE,BHA,LEE,LIV,MCI,3.0,3.0,3.0,2.0,2.5,2.7273,0.5598
BRE-BHA-LEE-LIV-MUN,BRE,BHA,LEE,LIV,MUN,2.8,3.0,2.67,2.0,2.33,2.5455,-0.0134
BRE-BHA-LEE-LIV-SUN,BRE,BHA,LEE,LIV,SUN,2.8,3.0,2.67,2.0,2.33,2.5455,-0.0134
BRE-BHA-LEE-MCI-MUN,BRE,BHA,LEE,MCI,MUN,2.8,3.0,2.67,2.0,2.33,2.5455,-0.0134
BRE-BHA-LEE-MCI-SUN,BRE,BHA,LEE,MCI,SUN,2.8,3.0,2.67,2.0,2.33,2.5455,-0.0134
BRE-BHA-LEE-MUN-SUN,BRE,BHA,LEE,MUN,SUN,2.6,3.0,2.33,2.33,2.33,2.4545,-0.1866
BRE-BHA-LIV-MCI-MUN,BRE,BHA,LIV,MCI,MUN,2.8,3.0,2.67,2.0,2.33,2.5455,0.1732
BRE-BHA-LIV-MCI-NFO,BRE,BHA,LIV,MCI,NFO,2.8,3.0,3.0,2.0,2.5,2.6364,0.6098
BRE-BHA-LIV-MCI-SUN,BRE,BHA,LIV,MCI,SUN,2.8,3.0,2.67,2.0,2.33,2.5455,0.1732
BRE-BHA-LIV-MUN-NFO,BRE,BHA,LIV,MUN,NFO,2.6,3.0,2.67,2.0,2.33,2.4545,0.0366
BRE-BHA-LIV-MUN-SUN,BRE,BHA,LIV,MUN,SUN,2.6,3.0,2.33,2.0,2.17,2.3636,-0.2
BRE-BHA-LIV-NFO-SUN,BRE,BHA,LIV,NFO,SUN,2.6,3.0,2.67,2.0,2.33,2.4545,0.0366
BRE-BHA-MCI-MUN-NFO,BRE,BHA,MCI,MUN,NFO,2.6,3.0,2.67,2.0,2.33,2.4545,0.0366
BRE-BHA-MCI-MUN-SUN,BRE,BHA,MCI,MUN,SUN,2.6,3.0,2.33,2.0,2.17,2.3636,-0.2
BRE-BHA-MCI-NFO-SUN,BRE,BHA,MCI,NFO,SUN,2.6,3.0,2.67,2.0,2.33,2.4545,0.0366
BRE-BHA-MUN-NFO-SUN,BRE,BHA,MUN,NFO,SUN,2.4,3.0,2.33,2.33,2.33,2.3636,-0.1366
BRE-CHE-CRY-IPS-LEE,BRE,CHE,CRY,IPS,LEE,2.8,3.0,2.67,2.67,2.67,2.7273,-0.1012
BRE-CHE-CRY-IPS-LIV,BRE,CHE,CRY,IPS,LIV,2.8,3.0,2.67,2.33,2.5,2.6364,-0.0957
BRE-CHE-CRY-IPS-MCI,BRE,CHE,CRY,IPS,MCI,2.8,3.0,2.67,2.33,2.5,2.6364,-0.0957
BRE-CHE-CRY-IPS-MUN,BRE,CHE,CRY,IPS,MUN,2.6,3.0,2.33,2.67,2.5,2.5455,-0.1067
BRE-CHE-CRY-IPS-NFO,BRE,CHE,CRY,IPS,NFO,2.6,3.0,3.0,2.67,2.83,2.7273,0.0393
BRE-CHE-CRY-LEE-LIV,BRE,CHE,CRY,LEE,LIV,3.0,3.0,2.67,2.33,2.5,2.7273,-0.0646
BRE-CHE-CRY-LEE-MCI,BRE,CHE,CRY,LEE,MCI,3.0,3.0,2.67,2.33,2.5,2.7273,-0.0646
BRE-CHE-CRY-LEE-MUN,BRE,CHE,CRY,LEE,MUN,2.8,3.0,2.33,2.67,2.5,2.6364,-0.1756
BRE-CHE-CRY-LEE-SUN,BRE,CHE,CRY,LEE,SUN,2.8,3.0,2.33,2.67,2.5,2.6364,-0.1756
BRE-CHE-CRY-LIV-MCI,BRE,CHE,CRY,LIV,MCI,3.0,3.0,2.67,2.0,2.33,2.6364,0.0909
BRE-CHE-CRY-LIV-MUN,BRE,CHE,CRY,LIV,MUN,2.8,3.0,2.33,2.33,2.33,2.5455,-0.2201
BRE-CHE-CRY-LIV-NFO,BRE,CHE,CRY,LIV,NFO,2.8,3.0,2.67,2.33,2.5,2.6364,-0.0107
BRE-CHE-CRY-LIV-SUN,BRE,CHE,CRY,LIV,SUN,2.8,3.0,2.33,2.33,2.33,2.5455,-0.2201
BRE-CHE-CRY-MCI-MUN,BRE,CHE,CRY,MCI,MUN,2.8,3.0,2.33,2.33,2.33,2.5455,-0.2201
BRE-CHE-CRY-MCI-NFO,BRE,CHE,CRY,MCI,NFO,2.8,3.0,2.67,2.33,2.5,2.6364,-0.0107
BRE-CHE-CRY-MCI-SUN,BRE,CHE,CRY,MCI,SUN,2.8,3.0,2.33,2.33,2.33,2.5455,-0.2201
BRE-CHE-CRY-MUN-NFO,BRE,CHE,CRY,MUN,NFO,2.6,3.0,2.33,2.67,2.5,2.5455,-0.1217
BRE-CHE-CRY-MUN-SUN,BRE,CHE,CRY,MUN,SUN,2.6,3.0,2.0,2.67,2.33,2.4545,-0.1311
BRE-CHE-CRY-NFO-SUN,BRE,CHE,CRY,NFO,SUN,2.6,3.0,2.33,2.67,2.5,2.5455,-0.1217
BRE-CHE-EVE-IPS-LEE,BRE,CHE,EVE,IPS,LEE,2.8,3.0,2.67,3.0,2.83,2.8182,-0.0811
BRE-CHE-EVE-IPS-LIV,BRE,CHE,EVE,IPS,LIV,2.8,3.0,2.67,2.67,2.67,2.7273,-0.2256
BRE-CHE-EVE-IPS-MCI,BRE,CHE,EVE,IPS,MCI,2.8,3.0,2.67,2.67,2.67,2.7273,-0.2256
BRE-CHE-EVE-IPS-MUN,BRE,CHE,EVE,IPS,MUN,2.6,3.0,2.33,3.0,2.67,2.6364,0.0634
BRE-CHE-EVE-IPS-NFO,BRE,CHE,EVE,IPS,NFO,2.6,3.0,2.67,3.0,2.83,2.7273,-0.0272
BRE-CHE-EVE-LEE-LIV,BRE,CHE,EVE,LEE,LIV,3.0,3.0,2.67,2.33,2.5,2.7273,-0.1945
BRE-CHE-EVE-LEE-MCI,BRE,CHE,EVE,LEE,MCI,3.0,3.0,2.67,2.33,2.5,2.7273,-0.1945
BRE-CHE-EVE-LEE-MUN,BRE,CHE,EVE,LEE,MUN,2.8,3.0,2.33,2.67,2.5,2.6364,-0.0055
BRE-CHE-EVE-LEE-SUN,BRE,CHE,EVE,LEE,SUN,2.8,3.0,2.33,2.67,2.5,2.6364,-0.0055
BRE-CHE-EVE-LIV-MCI,BRE,CHE,EVE,LIV,MCI,3.0,3.0,2.67,2.0,2.33,2.6364,-0.189
BRE-CHE-EVE-LIV-MUN,BRE,CHE,EVE,LIV,MUN,2.8,3.0,2.33,2.33,2.33,2.5455,-0.2
BRE-CHE-EVE-LIV-NFO,BRE,CHE,EVE,LIV,NFO,2.8,3.0,2.67,2.33,2.5,2.6364,-0.2272
BRE-CHE-EVE-LIV-SUN,BRE,CHE,EVE,LIV,SUN,2.8,3.0,2.33,2.33,2.33,2.5455,-0.2
BRE-CHE-EVE-MCI-MUN,BRE,CHE,EVE,MCI,MUN,2.8,3.0,2.33,2.33,2.33,2.5455,-0.2
BRE-CHE-EVE-MCI-NFO,BRE,CHE,EVE,MCI,NFO,2.8,3.0,2.67,2.33,2.5,2.6364,-0.2272
BRE-CHE-EVE-MCI-SUN,BRE,CHE,EVE,MCI,SUN,2.8,3.0,2.33,2.33,2.33,2.5455,-0.2
BRE-CHE-EVE-MUN-NFO,BRE,CHE,EVE,MUN,NFO,2.6,3.0,2.33,2.67,2.5,2.5455,-0.0382
BRE-CHE-EVE-MUN-SUN,BRE,CHE,EVE,MUN,SUN,2.6,3.0,2.0,2.67,2.33,2.4545,0.189
BRE-CHE-EVE-NFO-SUN,BRE,CHE,EVE,NFO,SUN,2.6,3.0,2.33,2.67,2.5,2.5455,-0.0382
BRE-CHE-IPS-LEE-LIV,BRE,CHE,IPS,LEE,LIV,2.8,3.0,2.67,2.33,2.5,2.6364,-0.1701
BRE-CHE-IPS-LEE-MCI,BRE,CHE,IPS,LEE,MCI,2.8,3.0,2.67,2.33,2.5,2.6364,-0.1701
BRE-CHE-IPS-LEE-MUN,BRE,CHE,IPS,LEE,MUN,2.6,3.0,2.33,2.67,2.5,2.5455,-0.0811
BRE-CHE-IPS-LIV-MCI,BRE,CHE,IPS,LIV,MCI,2.8,3.0,2.67,2.0,2.33,2.5455,-0.1146
BRE-CHE-IPS-LIV-MUN,BRE,CHE,IPS,LIV,MUN,2.6,3.0,2.33,2.33,2.33,2.4545,-0.2256
BRE-CHE-IPS-LIV-NFO,BRE,CHE,IPS,LIV,NFO,2.6,3.0,2.67,2.33,2.5,2.5455,-0.1162
BRE-CHE-IPS-MCI-MUN,BRE,CHE,IPS,MCI,MUN,2.6,3.0,2.33,2.33,2.33,2.4545,-0.2256
BRE-CHE-IPS-MCI-NFO,BRE,CHE,IPS,MCI,NFO,2.6,3.0,2.67,2.33,2.5,2.5455,-0.1162
BRE-CHE-IPS-MUN-NFO,BRE,CHE,IPS,MUN,NFO,2.4,3.0,2.33,2.67,2.5,2.4545,-0.0272
BRE-CHE-LEE-LIV-MCI,BRE,CHE,LEE,LIV,MCI,3.0,3.0,2.67,2.0,2.33,2.6364,0.0165
BRE-CHE-LEE-LIV-MUN,BRE,CHE,LEE,LIV,MUN,2.8,3.0,2.33,2.33,2.33,2.5455,-0.1945
BRE-CHE-LEE-LIV-SUN,BRE,CHE,LEE,LIV,SUN,2.8,3.0,2.33,2.33,2.33,2.5455,-0.1945
BRE-CHE-LEE-MCI-MUN,BRE,CHE,LEE,MCI,MUN,2.8,3.0,2.33,2.33,2.33,2.5455,-0.1945
BRE-CHE-LEE-MCI-SUN,BRE,CHE,LEE,MCI,SUN,2.8,3.0,2.33,2.33,2.33,2.5455,-0.1945
BRE-CHE-LEE-MUN-SUN,BRE,CHE,LEE,MUN,SUN,2.6,3.0,2.0,2.67,2.33,2.4545,-0.0055
BRE-CHE-LIV-MCI-MUN,BRE,CHE,LIV,MCI,MUN,2.8,3.0,2.33,2.0,2.17,2.4545,-0.189
BRE-CHE-LIV-MCI-NFO,BRE,CHE,LIV,MCI,NFO,2.8,3.0,2.67,2.0,2.33,2.5455,-0.0162
BRE-CHE-LIV-MCI-SUN,BRE,CHE,LIV,MCI,SUN,2.8,3.0,2.33,2.0,2.17,2.4545,-0.189
BRE-CHE-LIV-MUN-NFO,BRE,CHE,LIV,MUN,NFO,2.6,3.0,2.33,2.33,2.33,2.4545,-0.2272
BRE-CHE-LIV-MUN-SUN,BRE,CHE,LIV,MUN,SUN,2.6,3.0,2.0,2.33,2.17,2.3636,-0.2
BRE-CHE-LIV-NFO-SUN,BRE,CHE,LIV,NFO,SUN,2.6,3.0,2.33,2.33,2.33,2.4545,-0.2272
BRE-CHE-MCI-MUN-NFO,BRE,CHE,MCI,MUN,NFO,2.6,3.0,2.33,2.33,2.33,2.4545,-0.2272
BRE-CHE-MCI-MUN-SUN,BRE,CHE,MCI,MUN,SUN,2.6,3.0,2.0,2.33,2.17,2.3636,-0.2
BRE-CHE-MCI-NFO-SUN,BRE,CHE,MCI,NFO,SUN,2.6,3.0,2.33,2.33,2.33,2.4545,-0.2272
BRE-CHE-MUN-NFO-SUN,BRE,CHE,MUN,NFO,SUN,2.4,3.0,2.0,2.67,2.33,2.3636,-0.0382
BRE-CRY-IPS-LEE-LIV,BRE,CRY,IPS,LEE,LIV,2.8,3.0,3.0,2.33,2.67,2.7273,0.15
BRE-CRY-IPS-LEE-MCI,BRE,CRY,IPS,LEE,MCI,2.8,3.0,3.0,2.33,2.67,2.7273,0.15
BRE-CRY-IPS-LEE-MUN,BRE,CRY,IPS,LEE,MUN,2.6,3.0,2.67,2.67,2.67,2.6364,-0.05
BRE-CRY-IPS-LIV-MCI,BRE,CRY,IPS,LIV,MCI,2.8,3.0,3.0,2.0,2.5,2.6364,0.35
BRE-CRY-IPS-LIV-MUN,BRE,CRY,IPS,LIV,MUN,2.6,3.0,2.67,2.33,2.5,2.5455,-0.05
BRE-CRY-IPS-LIV-NFO,BRE,CRY,IPS,LIV,NFO,2.6,3.0,3.33,2.33,2.83,2.7273,0.3232
BRE-CRY-IPS-MCI-MUN,BRE,CRY,IPS,MCI,MUN,2.6,3.0,2.67,2.33,2.5,2.5455,-0.05
BRE-CRY-IPS-MCI-NFO,BRE,CRY,IPS,MCI,NFO,2.6,3.0,3.33,2.33,2.83,2.7273,0.3232
BRE-CRY-IPS-MUN-NFO,BRE,CRY,IPS,MUN,NFO,2.4,3.0,3.0,2.67,2.83,2.6364,0.1232
BRE-CRY-LEE-LIV-MCI,BRE,CRY,LEE,LIV,MCI,3.0,3.0,3.0,2.0,2.5,2.7273,0.45
BRE-CRY-LEE-LIV-MUN,BRE,CRY,LEE,LIV,MUN,2.8,3.0,2.67,2.33,2.5,2.6364,-0.05
BRE-CRY-LEE-LIV-SUN,BRE,CRY,LEE,LIV,SUN,2.8,3.0,2.67,2.33,2.5,2.6364,-0.05
BRE-CRY-LEE-MCI-MUN,BRE,CRY,LEE,MCI,MUN,2.8,3.0,2.67,2.33,2.5,2.6364,-0.05
BRE-CRY-LEE-MCI-SUN,BRE,CRY,LEE,MCI,SUN,2.8,3.0,2.67,2.33,2.5,2.6364,-0.05
BRE-CRY-LEE-MUN-SUN,BRE,CRY,LEE,MUN,SUN,2.6,3.0,2.33,2.67,2.5,2.5455,-0.15
BRE-CRY-LIV-MCI-MUN,BRE,CRY,LIV,MCI,MUN,2.8,3.0,2.67,2.0,2.33,2.5455,0.1
BRE-CRY-LIV-MCI-NFO,BRE,CRY,LIV,MCI,NFO,2.8,3.0,3.0,2.0,2.5,2.6364,0.5366
BRE-CRY-LIV-MCI-SUN,BRE,CRY,LIV,MCI,SUN,2.8,3.0,2.67,2.0,2.33,2.5455,0.1
BRE-CRY-LIV-MUN-NFO,BRE,CRY,LIV,MUN,NFO,2.6,3.0,2.67,2.33,2.5,2.5455,0.0366
BRE-CRY-LIV-MUN-SUN,BRE,CRY,LIV,MUN,SUN,2.6,3.0,2.33,2.33,2.33,2.4545,-0.2
BRE-CRY-LIV-NFO-SUN,BRE,CRY,LIV,NFO,SUN,2.6,3.0,2.67,2.33,2.5,2.5455,0.0366
BRE-CRY-MCI-MUN-NFO,BRE,CRY,MCI,MUN,NFO,2.6,3.0,2.67,2.33,2.5,2.5455,0.0366
BRE-CRY-MCI-MUN-SUN,BRE,CRY,MCI,MUN,SUN,2.6,3.0,2.33,2.33,2.33,2.4545,-0.2
BRE-CRY-MCI-NFO-SUN,BRE,CRY,MCI,NFO,SUN,2.6,3.0,2.67,2.33,2.5,2.5455,0.0366
BRE-CRY-MUN-NFO-SUN,BRE,CRY,MUN,NFO,SUN,2.4,3.0,2.33,2.67,2.5,2.4545,-0.0634
BRE-EVE-IPS-LEE-LIV,BRE,EVE,IPS,LEE,LIV,2.8,3.0,3.0,2.33,2.67,2.7273,-0.15
BRE-EVE-IPS-LEE-MCI,BRE,EVE,IPS,LEE,MCI,2.8,3.0,3.0,2.33,2.67,2.7273,-0.15
BRE-EVE-IPS-LEE-MUN,BRE,EVE,IPS,LEE,MUN,2.6,3.0,2.67,2.67,2.67,2.6364,-0.05
BRE-EVE-IPS-LIV-MCI,BRE,EVE,IPS,LIV,MCI,2.8,3.0,3.0,2.0,2.5,2.6364,-0.1
BRE-EVE-IPS-LIV-MUN,BRE,EVE,IPS,LIV,MUN,2.6,3.0,2.67,2.33,2.5,2.5455,-0.2
BRE-EVE-IPS-LIV-NFO,BRE,EVE,IPS,LIV,NFO,2.6,3.0,3.0,2.33,2.67,2.6364,-0.0634
BRE-EVE-IPS-MCI-MUN,BRE,EVE,IPS,MCI,MUN,2.6,3.0,2.67,2.33,2.5,2.5455,-0.2
BRE-EVE-IPS-MCI-NFO,BRE,EVE,IPS,MCI,NFO,2.6,3.0,3.0,2.33,2.67,2.6364,-0.0634
BRE-EVE-IPS-MUN-NFO,BRE,EVE,IPS,MUN,NFO,2.4,3.0,2.67,2.67,2.67,2.5455,0.0366
BRE-EVE-LEE-LIV-MCI,BRE,EVE,LEE,LIV,MCI,3.0,3.0,3.0,2.0,2.5,2.7273,0.0
BRE-EVE-LEE-LIV-MUN,BRE,EVE,LEE,LIV,MUN,2.8,3.0,2.67,2.33,2.5,2.6364,-0.2
BRE-EVE-LEE-LIV-SUN,BRE,EVE,LEE,LIV,SUN,2.8,3.0,2.67,2.33,2.5,2.6364,-0.2
BRE-EVE-LEE-MCI-MUN,BRE,EVE,LEE,MCI,MUN,2.8,3.0,2.67,2.33,2.5,2.6364,-0.2
BRE-EVE-LEE-MCI-SUN,BRE,EVE,LEE,MCI,SUN,2.8,3.0,2.67,2.33,2.5,2.6364,-0.2
BRE-EVE-LEE-MUN-SUN,BRE,EVE,LEE,MUN,SUN,2.6,3.0,2.33,2.67,2.5,2.5455,0.0
BRE-EVE-LIV-MCI-MUN,BRE,EVE,LIV,MCI,MUN,2.8,3.0,2.67,2.0,2.33,2.5455,-0.2
BRE-EVE-LIV-MCI-NFO,BRE,EVE,LIV,MCI,NFO,2.8,3.0,3.0,2.0,2.5,2.6364,0.0
BRE-EVE-LIV-MCI-SUN,BRE,EVE,LIV,MCI,SUN,2.8,3.0,2.67,2.0,2.33,2.5455,-0.2
BRE-EVE-LIV-MUN-NFO,BRE,EVE,LIV,MUN,NFO,2.6,3.0,2.67,2.33,2.5,2.5455,-0.2
BRE-EVE-LIV-MUN-SUN,BRE,EVE,LIV,MUN,SUN,2.6,3.0,2.33,2.33,2.33,2.4545,-0.2
BRE-EVE-LIV-NFO-SUN,BRE,EVE,LIV,NFO,SUN,2.6,3.0,2.67,2.33,2.5,2.5455,-0.2
BRE-EVE-MCI-MUN-NFO,BRE,EVE,MCI,MUN,NFO,2.6,3.0,2.67,2.33,2.5,2.5455,-0.2
BRE-EVE-MCI-MUN-SUN,BRE,EVE,MCI,MUN,SUN,2.6,3.0,2.33,2.33,2.33,2.4545,-0.2
BRE-EVE-MCI-NFO-SUN,BRE,EVE,MCI,NFO,SUN,2.6,3.0,2.67,2.33,2.5,2.5455,-0.2
BRE-EVE-MUN-NFO-SUN,BRE,EVE,MUN,NFO,SUN,2.4,3.0,2.33,2.67,2.5,2.4545,0.0
BRE-IPS-LEE-LIV-MCI,BRE,IPS,LEE,LIV,MCI,2.8,3.0,3.0,2.0,2.5,2.6364,0.15
BRE-IPS-LEE-LIV-MUN,BRE,IPS,LEE,LIV,MUN,2.6,3.0,2.67,2.33,2.5,2.5455,-0.15
BRE-IPS-LEE-MCI-MUN,BRE,IPS,LEE,MCI,MUN,2.6,3.0,2.67,2.33,2.5,2.5455,-0.15
BRE-IPS-LIV-MCI-MUN,BRE,IPS,LIV,MCI,MUN,2.6,3.0,2.67,2.0,2.33,2.4545,-0.1
BRE-IPS-LIV-MCI-NFO,BRE,IPS,LIV,MCI,NFO,2.6,3.0,3.0,2.0,2.5,2.5455,0.2366
BRE-IPS-LIV-MUN-NFO,BRE,IPS,LIV,MUN,NFO,2.4,3.0,2.67,2.33,2.5,2.4545,-0.0634
BRE-IPS-MCI-MUN-NFO,BRE,IPS,MCI,MUN,NFO,2.4,3.0,2.67,2.33,2.5,2.4545,-0.0634
BRE-LEE-LIV-MCI-MUN,BRE,LEE,LIV,MCI,MUN,2.8,3.0,2.67,2.0,2.33,2.5455,0.0
BRE-LEE-LIV-MCI-SUN,BRE,LEE,LIV,MCI,SUN,2.8,3.0,2.67,2.0,2.33,2.5455,0.0
BRE-LEE-LIV-MUN-SUN,BRE,LEE,LIV,MUN,SUN,2.6,3.0,2.33,2.33,2.33,2.4545,-0.2
BRE-LEE-MCI-MUN-SUN,BRE,LEE,MCI,MUN,SUN,2.6,3.0,2.33,2.33,2.33,2.4545,-0.2
BRE-LIV-MCI-MUN-NFO,BRE,LIV,MCI,MUN,NFO,2.6,3.0,2.67,2.0,2.33,2.4545,0.0
BRE-LIV-MCI-MUN-SUN,BRE,LIV,MCI,MUN,SUN,2.6,3.0,2.33,2.0,2.17,2.3636,-0.2
BRE-LIV-MCI-NFO-SUN,BRE,LIV,MCI,NFO,SUN,2.6,3.0,2.67,2.0,2.33,2.4545,0.0
BRE-LIV-MUN-NFO-SUN,BRE,LIV,MUN,NFO,SUN,2.4,3.0,2.33,2.33,2.33,2.3636,-0.2
BRE-MCI-MUN-NFO-SUN,BRE,MCI,MUN,NFO,SUN,2.4,3.0,2.33,2.33,2.33,2.3636,-0.2
BHA-CHE-CRY-IPS-LEE,BHA,CHE,CRY,IPS,LEE,2.8,3.0,3.0,2.67,2.83,2.8182,-0.0183
BHA-CHE-CRY-IPS-LIV,BHA,CHE,CRY,IPS,LIV,2.8,3.0,3.0,2.33,2.67,2.7273,-0.0262
BHA-CHE-CRY-IPS-MCI,BHA,CHE,CRY,IPS,MCI,2.8,3.0,3.0,2.33,2.67,2.7273,-0.0262
BHA-CHE-CRY-IPS-MUN,BHA,CHE,CRY,IPS,MUN,2.6,3.0,2.67,2.67,2.67,2.6364,-0.0104
BHA-CHE-CRY-IPS-NFO,BHA,CHE,CRY,IPS,NFO,2.6,3.0,3.33,2.67,3.0,2.8182,0.1722
BHA-CHE-CRY-IPS-TOT,BHA,CHE,CRY,IPS,TOT,2.8,3.0,2.67,2.67,2.67,2.7273,-0.1793
BHA-CHE-CRY-LEE-LIV,BHA,CHE,CRY,LEE,LIV,3.0,3.0,2.67,2.33,2.5,2.7273,-0.0451
BHA-CHE-CRY-LEE-MCI,BHA,CHE,CRY,LEE,MCI,3.0,3.0,2.67,2.33,2.5,2.7273,-0.0451
BHA-CHE-CRY-LEE-MUN,BHA,CHE,CRY,LEE,MUN,2.8,3.0,2.33,2.67,2.5,2.6364,-0.1293
BHA-CHE-CRY-LEE-TOT,BHA,CHE,CRY,LEE,TOT,3.0,3.0,2.33,2.67,2.5,2.7273,-0.1982
BHA-CHE-CRY-LEE-SUN,BHA,CHE,CRY,LEE,SUN,2.8,3.0,2.33,2.67,2.5,2.6364,-0.1293
BHA-CHE-CRY-LIV-MCI,BHA,CHE,CRY,LIV,MCI,3.0,3.0,2.67,2.0,2.33,2.6364,0.097
BHA-CHE-CRY-LIV-MUN,BHA,CHE,CRY,LIV,MUN,2.8,3.0,2.33,2.33,2.33,2.5455,-0.1872
BHA-CHE-CRY-LIV-NFO,BHA,CHE,CRY,LIV,NFO,2.8,3.0,3.0,2.33,2.67,2.7273,0.0588
BHA-CHE-CRY-LIV-TOT,BHA,CHE,CRY,LIV,TOT,3.0,3.0,2.33,2.33,2.33,2.6364,-0.2061
BHA-CHE-CRY-LIV-SUN,BHA,CHE,CRY,LIV,SUN,2.8,3.0,2.33,2.33,2.33,2.5455,-0.1872
BHA-CHE-CRY-MCI-MUN,BHA,CHE,CRY,MCI,MUN,2.8,3.0,2.33,2.33,2.33,2.5455,-0.1872
BHA-CHE-CRY-MCI-NFO,BHA,CHE,CRY,MCI,NFO,2.8,3.0,3.0,2.33,2.67,2.7273,0.0588
BHA-CHE-CRY-MCI-TOT,BHA,CHE,CRY,MCI,TOT,3.0,3.0,2.33,2.33,2.33,2.6364,-0.2061
BHA-CHE-CRY-MCI-SUN,BHA,CHE,CRY,MCI,SUN,2.8,3.0,2.33,2.33,2.33,2.5455,-0.1872
BHA-CHE-CRY-MUN-NFO,BHA,CHE,CRY,MUN,NFO,2.6,3.0,2.67,2.67,2.67,2.6364,-0.0254
BHA-CHE-CRY-MUN-TOT,BHA,CHE,CRY,MUN,TOT,2.8,3.0,2.0,2.67,2.33,2.5455,-0.1903
BHA-CHE-CRY-MUN-SUN,BHA,CHE,CRY,MUN,SUN,2.6,3.0,2.0,2.67,2.33,2.4545,-0.0714
BHA-CHE-CRY-NFO-TOT,BHA,CHE,CRY,NFO,TOT,2.8,3.0,2.67,2.67,2.67,2.7273,-0.1809
BHA-CHE-CRY-NFO-SUN,BHA,CHE,CRY,NFO,SUN,2.6,3.0,2.67,2.67,2.67,2.6364,-0.0254
BHA-CHE-CRY-TOT-SUN,BHA,CHE,CRY,TOT,SUN,2.8,3.0,2.0,2.67,2.33,2.5455,-0.1903
BHA-CHE-EVE-IPS-LEE,BHA,CHE,EVE,IPS,LEE,2.8,3.0,2.67,3.0,2.83,2.8182,-0.0214
BHA-CHE-EVE-IPS-LIV,BHA,CHE,EVE,IPS,LIV,2.8,3.0,2.67,2.67,2.67,2.7273,-0.1793
BHA-CHE-EVE-IPS-MCI,BHA,CHE,EVE,IPS,MCI,2.8,3.0,2.67,2.67,2.67,2.7273,-0.1793
BHA-CHE-EVE-IPS-MUN,BHA,CHE,EVE,IPS,MUN,2.6,3.0,2.33,3.0,2.67,2.6364,0.1365
BHA-CHE-EVE-IPS-NFO,BHA,CHE,EVE,IPS,NFO,2.6,3.0,3.0,3.0,3.0,2.8182,0.0825
BHA-CHE-EVE-IPS-TOT,BHA,CHE,EVE,IPS,TOT,2.8,3.0,2.33,3.0,2.67,2.7273,-0.0324
BHA-CHE-EVE-LEE-LIV,BHA,CHE,EVE,LEE,LIV,3.0,3.0,2.67,2.33,2.5,2.7273,-0.1982
BHA-CHE-EVE-LEE-MCI,BHA,CHE,EVE,LEE,MCI,3.0,3.0,2.67,2.33,2.5,2.7273,-0.1982
BHA-CHE-EVE-LEE-MUN,BHA,CHE,EVE,LEE,MUN,2.8,3.0,2.33,2.67,2.5,2.6364,0.0176
BHA-CHE-EVE-LEE-TOT,BHA,CHE,EVE,LEE,TOT,3.0,3.0,2.33,2.67,2.5,2.7273,-0.0513
BHA-CHE-EVE-LEE-SUN,BHA,CHE,EVE,LEE,SUN,2.8,3.0,2.33,2.67,2.5,2.6364,0.0176
BHA-CHE-EVE-LIV-MCI,BHA,CHE,EVE,LIV,MCI,3.0,3.0,2.67,2.0,2.33,2.6364,-0.2061
BHA-CHE-EVE-LIV-MUN,BHA,CHE,EVE,LIV,MUN,2.8,3.0,2.33,2.33,2.33,2.5455,-0.1903
BHA-CHE-EVE-LIV-NFO,BHA,CHE,EVE,LIV,NFO,2.8,3.0,2.67,2.33,2.5,2.6364,-0.1809
BHA-CHE-EVE-LIV-TOT,BHA,CHE,EVE,LIV,TOT,3.0,3.0,2.33,2.33,2.33,2.6364,-0.2092
BHA-CHE-EVE-LIV-SUN,BHA,CHE,EVE,LIV,SUN,2.8,3.0,2.33,2.33,2.33,2.5455,-0.1903
BHA-CHE-EVE-MCI-MUN,BHA,CHE,EVE,MCI,MUN,2.8,3.0,2.33,2.33,2.33,2.5455,-0.1903
BHA-CHE-EVE-MCI-NFO,BHA,CHE,EVE,MCI,NFO,2.8,3.0,2.67,2.33,2.5,2.6364,-0.1809
BHA-CHE-EVE-MCI-TOT,BHA,CHE,EVE,MCI,TOT,3.0,3.0,2.33,2.33,2.33,2.6364,-0.2092
BHA-CHE-EVE-MCI-SUN,BHA,CHE,EVE,MCI,SUN,2.8,3.0,2.33,2.33,2.33,2.5455,-0.1903
BHA-CHE-EVE-MUN-NFO,BHA,CHE,EVE,MUN,NFO,2.6,3.0,2.33,2.67,2.5,2.5455,0.0348
BHA-CHE-EVE-MUN-TOT,BHA,CHE,EVE,MUN,TOT,2.8,3.0,2.0,2.67,2.33,2.5455,0.1066
BHA-CHE-EVE-MUN-SUN,BHA,CHE,EVE,MUN,SUN,2.6,3.0,2.0,2.67,2.33,2.4545,0.2255
BHA-CHE-EVE-NFO-TOT,BHA,CHE,EVE,NFO,TOT,2.8,3.0,2.33,2.67,2.5,2.6364,-0.1207
BHA-CHE-EVE-NFO-SUN,BHA,CHE,EVE,NFO,SUN,2.6,3.0,2.33,2.67,2.5,2.5455,0.0348
BHA-CHE-EVE-TOT-SUN,BHA,CHE,EVE,TOT,SUN,2.8,3.0,2.0,2.67,2.33,2.5455,0.1066
BHA-CHE-IPS-LEE-LIV,BHA,CHE,IPS,LEE,LIV,2.8,3.0,2.67,2.33,2.5,2.6364,-0.1372
BHA-CHE-IPS-LEE-MCI,BHA,CHE,IPS,LEE,MCI,2.8,3.0,2.67,2.33,2.5,2.6364,-0.1372
BHA-CHE-IPS-LEE-MUN,BHA,CHE,IPS,LEE,MUN,2.6,3.0,2.33,2.67,2.5,2.5455,-0.0214
BHA-CHE-IPS-LEE-TOT,BHA,CHE,IPS,LEE,TOT,2.8,3.0,2.33,2.67,2.5,2.6364,-0.1403
BHA-CHE-IPS-LIV-MCI,BHA,CHE,IPS,LIV,MCI,2.8,3.0,2.67,2.0,2.33,2.5455,-0.0951
BHA-CHE-IPS-LIV-MUN,BHA,CHE,IPS,LIV,MUN,2.6,3.0,2.33,2.33,2.33,2.4545,-0.1793
BHA-CHE-IPS-LIV-NFO,BHA,CHE,IPS,LIV,NFO,2.6,3.0,3.0,2.33,2.67,2.6364,-0.0333
BHA-CHE-IPS-LIV-TOT,BHA,CHE,IPS,LIV,TOT,2.8,3.0,2.33,2.33,2.33,2.5455,-0.2482
BHA-CHE-IPS-MCI-MUN,BHA,CHE,IPS,MCI,MUN,2.6,3.0,2.33,2.33,2.33,2.4545,-0.1793
BHA-CHE-IPS-MCI-NFO,BHA,CHE,IPS,MCI,NFO,2.6,3.0,3.0,2.33,2.67,2.6364,-0.0333
BHA-CHE-IPS-MCI-TOT,BHA,CHE,IPS,MCI,TOT,2.8,3.0,2.33,2.33,2.33,2.5455,-0.2482
BHA-CHE-IPS-MUN-NFO,BHA,CHE,IPS,MUN,NFO,2.4,3.0,2.67,2.67,2.67,2.5455,0.0825
BHA-CHE-IPS-MUN-TOT,BHA,CHE,IPS,MUN,TOT,2.6,3.0,2.0,2.67,2.33,2.4545,-0.0324
BHA-CHE-IPS-NFO-TOT,BHA,CHE,IPS,NFO,TOT,2.6,3.0,2.67,2.67,2.67,2.6364,-0.123
BHA-CHE-LEE-LIV-MCI,BHA,CHE,LEE,LIV,MCI,3.0,3.0,2.67,2.0,2.33,2.6364,-0.014
BHA-CHE-LEE-LIV-MUN,BHA,CHE,LEE,LIV,MUN,2.8,3.0,2.33,2.33,2.33,2.5455,-0.1982
BHA-CHE-LEE-LIV-TOT,BHA,CHE,LEE,LIV,TOT,3.0,3.0,2.33,2.33,2.33,2.6364,-0.1671
BHA-CHE-LEE-LIV-SUN,BHA,CHE,LEE,LIV,SUN,2.8,3.0,2.33,2.33,2.33,2.5455,-0.1982
BHA-CHE-LEE-MCI-MUN,BHA,CHE,LEE,MCI,MUN,2.8,3.0,2.33,2.33,2.33,2.5455,-0.1982
BHA-CHE-LEE-MCI-TOT,BHA,CHE,LEE,MCI,TOT,3.0,3.0,2.33,2.33,2.33,2.6364,-0.1671
BHA-CHE-LEE-MCI-SUN,BHA,CHE,LEE,MCI,SUN,2.8,3.0,2.33,2.33,2.33,2.5455,-0.1982
BHA-CHE-LEE-MUN-TOT,BHA,CHE,LEE,MUN,TOT,2.8,3.0,2.0,2.67,2.33,2.5455,-0.0513
BHA-CHE-LEE-MUN-SUN,BHA,CHE,LEE,MUN,SUN,2.6,3.0,2.0,2.67,2.33,2.4545,0.0176
BHA-CHE-LEE-TOT-SUN,BHA,CHE,LEE,TOT,SUN,2.8,3.0,2.0,2.67,2.33,2.5455,-0.0513
BHA-CHE-LIV-MCI-MUN,BHA,CHE,LIV,MCI,MUN,2.8,3.0,2.33,2.0,2.17,2.4545,-0.2061
BHA-CHE-LIV-MCI-NFO,BHA,CHE,LIV,MCI,NFO,2.8,3.0,2.67,2.0,2.33,2.5455,0.0033
BHA-CHE-LIV-MCI-TOT,BHA,CHE,LIV,MCI,TOT,3.0,3.0,2.33,2.0,2.17,2.5455,-0.125
BHA-CHE-LIV-MCI-SUN,BHA,CHE,LIV,MCI,SUN,2.8,3.0,2.33,2.0,2.17,2.4545,-0.2061
BHA-CHE-LIV-MUN-NFO,BHA,CHE,LIV,MUN,NFO,2.6,3.0,2.33,2.33,2.33,2.4545,-0.1809
BHA-CHE-LIV-MUN-TOT,BHA,CHE,LIV,MUN,TOT,2.8,3.0,2.0,2.33,2.17,2.4545,-0.2092
BHA-CHE-LIV-MUN-SUN,BHA,CHE,LIV,MUN,SUN,2.6,3.0,2.0,2.33,2.17,2.3636,-0.1903
BHA-CHE-LIV-NFO-TOT,BHA,CHE,LIV,NFO,TOT,2.8,3.0,2.33,2.33,2.33,2.5455,-0.2364
BHA-CHE-LIV-NFO-SUN,BHA,CHE,LIV,NFO,SUN,2.6,3.0,2.33,2.33,2.33,2.4545,-0.1809
BHA-CHE-LIV-TOT-SUN,BHA,CHE,LIV,TOT,SUN,2.8,3.0,2.0,2.33,2.17,2.4545,-0.2092
BHA-CHE-MCI-MUN-NFO,BHA,CHE,MCI,MUN,NFO,2.6,3.0,2.33,2.33,2.33,2.4545,-0.1809
BHA-CHE-MCI-MUN-TOT,BHA,CHE,MCI,MUN,TOT,2.8,3.0,2.0,2.33,2.17,2.4545,-0.2092
BHA-CHE-MCI-MUN-SUN,BHA,CHE,MCI,MUN,SUN,2.6,3.0,2.0,2.33,2.17,2.3636,-0.1903
BHA-CHE-MCI-NFO-TOT,BHA,CHE,MCI,NFO,TOT,2.8,3.0,2.33,2.33,2.33,2.5455,-0.2364
BHA-CHE-MCI-NFO-SUN,BHA,CHE,MCI,NFO,SUN,2.6,3.0,2.33,2.33,2.33,2.4545,-0.1809
BHA-CHE-MCI-TOT-SUN,BHA,CHE,MCI,TOT,SUN,2.8,3.0,2.0,2.33,2.17,2.4545,-0.2092
BHA-CHE-MUN-NFO-TOT,BHA,CHE,MUN,NFO,TOT,2.6,3.0,2.0,2.67,2.33,2.4545,-0.1207
BHA-CHE-MUN-NFO-SUN,BHA,CHE,MUN,NFO,SUN,2.4,3.0,2.0,2.67,2.33,2.3636,0.0348
BHA-CHE-MUN-TOT-SUN,BHA,CHE,MUN,TOT,SUN,2.6,3.0,2.0,2.67,2.33,2.4545,0.1066
BHA-CHE-NFO-TOT-SUN,BHA,CHE,NFO,TOT,SUN,2.6,3.0,2.0,2.67,2.33,2.4545,-0.1207
BHA-CRY-IPS-LEE-LIV,BHA,CRY,IPS,LEE,LIV,2.8,3.0,3.33,2.33,2.83,2.8182,0.2232
BHA-CRY-IPS-LEE-MCI,BHA,CRY,IPS,LEE,MCI,2.8,3.0,3.33,2.33,2.83,2.8182,0.2232
BHA-CRY-IPS-LEE-MUN,BHA,CRY,IPS,LEE,MUN,2.6,3.0,3.0,2.67,2.83,2.7273,0.05
BHA-CRY-IPS-LEE-TOT,BHA,CRY,IPS,LEE,TOT,2.8,3.0,3.0,2.67,2.83,2.8182,-0.1
BHA-CRY-IPS-LIV-MCI,BHA,CRY,IPS,LIV,MCI,2.8,3.0,3.33,2.0,2.67,2.7273,0.4098
BHA-CRY-IPS-LIV-MUN,BHA,CRY,IPS,LIV,MUN,2.6,3.0,3.0,2.33,2.67,2.6364,0.0366
BHA-CRY-IPS-LIV-NFO,BHA,CRY,IPS,LIV,NFO,2.6,3.0,3.67,2.33,3.0,2.8182,0.4464
BHA-CRY-IPS-LIV-TOT,BHA,CRY,IPS,LIV,TOT,2.8,3.0,3.0,2.33,2.67,2.7273,-0.0634
BHA-CRY-IPS-MCI-MUN,BHA,CRY,IPS,MCI,MUN,2.6,3.0,3.0,2.33,2.67,2.6364,0.0366
BHA-CRY-IPS-MCI-NFO,BHA,CRY,IPS,MCI,NFO,2.6,3.0,3.67,2.33,3.0,2.8182,0.4464
BHA-CRY-IPS-MCI-TOT,BHA,CRY,IPS,MCI,TOT,2.8,3.0,3.0,2.33,2.67,2.7273,-0.0634
BHA-CRY-IPS-MUN-NFO,BHA,CRY,IPS,MUN,NFO,2.4,3.0,3.33,2.67,3.0,2.7273,0.2732
BHA-CRY-IPS-MUN-TOT,BHA,CRY,IPS,MUN,TOT,2.6,3.0,2.67,2.67,2.67,2.6364,-0.1366
BHA-CRY-IPS-NFO-TOT,BHA,CRY,IPS,NFO,TOT,2.6,3.0,3.33,2.67,3.0,2.8182,0.0366
BHA-CRY-LEE-LIV-MCI,BHA,CRY,LEE,LIV,MCI,3.0,3.0,3.0,2.0,2.5,2.7273,0.4598
BHA-CRY-LEE-LIV-MUN,BHA,CRY,LEE,LIV,MUN,2.8,3.0,2.67,2.33,2.5,2.6364,-0.0134
BHA-CRY-LEE-LIV-TOT,BHA,CRY,LEE,LIV,TOT,3.0,3.0,2.67,2.33,2.5,2.7273,-0.0134
BHA-CRY-LEE-LIV-SUN,BHA,CRY,LEE,LIV,SUN,2.8,3.0,2.67,2.33,2.5,2.6364,-0.0134
BHA-CRY-LEE-MCI-MUN,BHA,CRY,LEE,MCI,MUN,2.8,3.0,2.67,2.33,2.5,2.6364,-0.0134
BHA-CRY-LEE-MCI-TOT,BHA,CRY,LEE,MCI,TOT,3.0,3.0,2.67,2.33,2.5,2.7273,-0.0134
BHA-CRY-LEE-MCI-SUN,BHA,CRY,LEE,MCI,SUN,2.8,3.0,2.67,2.33,2.5,2.6364,-0.0134
BHA-CRY-LEE-MUN-TOT,BHA,CRY,LEE,MUN,TOT,2.8,3.0,2.33,2.67,2.5,2.6364,-0.1866
BHA-CRY-LEE-MUN-SUN,BHA,CRY,LEE,MUN,SUN,2.6,3.0,2.33,2.67,2.5,2.5455,-0.0866
BHA-CRY-LEE-TOT-SUN,BHA,CRY,LEE,TOT,SUN,2.8,3.0,2.33,2.67,2.5,2.6364,-0.1866
BHA-CRY-LIV-MCI-MUN,BHA,CRY,LIV,MCI,MUN,2.8,3.0,2.67,2.0,2.33,2.5455,0.1232
BHA-CRY-LIV-MCI-NFO,BHA,CRY,LIV,MCI,NFO,2.8,3.0,3.33,2.0,2.67,2.7273,0.5964
BHA-CRY-LIV-MCI-TOT,BHA,CRY,LIV,MCI,TOT,3.0,3.0,2.67,2.0,2.33,2.6364,0.1732
BHA-CRY-LIV-MCI-SUN,BHA,CRY,LIV,MCI,SUN,2.8,3.0,2.67,2.0,2.33,2.5455,0.1232
BHA-CRY-LIV-MUN-NFO,BHA,CRY,LIV,MUN,NFO,2.6,3.0,3.0,2.33,2.67,2.6364,0.1232
BHA-CRY-LIV-MUN-TOT,BHA,CRY,LIV,MUN,TOT,2.8,3.0,2.33,2.33,2.33,2.5455,-0.2
BHA-CRY-LIV-MUN-SUN,BHA,CRY,LIV,MUN,SUN,2.6,3.0,2.33,2.33,2.33,2.4545,-0.15
BHA-CRY-LIV-NFO-TOT,BHA,CRY,LIV,NFO,TOT,2.8,3.0,3.0,2.33,2.67,2.7273,0.0366
BHA-CRY-LIV-NFO-SUN,BHA,CRY,LIV,NFO,SUN,2.6,3.0,3.0,2.33,2.67,2.6364,0.1232
BHA-CRY-LIV-TOT-SUN,BHA,CRY,LIV,TOT,SUN,2.8,3.0,2.33,2.33,2.33,2.5455,-0.2
BHA-CRY-MCI-MUN-NFO,BHA,CRY,MCI,MUN,NFO,2.6,3.0,3.0,2.33,2.67,2.6364,0.1232
BHA-CRY-MCI-MUN-TOT,BHA,CRY,MCI,MUN,TOT,2.8,3.0,2.33,2.33,2.33,2.5455,-0.2
BHA-CRY-MCI-MUN-SUN,BHA,CRY,MCI,MUN,SUN,2.6,3.0,2.33,2.33,2.33,2.4545,-0.15
BHA-CRY-MCI-NFO-TOT,BHA,CRY,MCI,NFO,TOT,2.8,3.0,3.0,2.33,2.67,2.7273,0.0366
BHA-CRY-MCI-NFO-SUN,BHA,CRY,MCI,NFO,SUN,2.6,3.0,3.0,2.33,2.67,2.6364,0.1232
BHA-CRY-MCI-TOT-SUN,BHA,CRY,MCI,TOT,SUN,2.8,3.0,2.33,2.33,2.33,2.5455,-0.2
BHA-CRY-MUN-NFO-TOT,BHA,CRY,MUN,NFO,TOT,2.6,3.0,2.67,2.67,2.67,2.6364,-0.1366
BHA-CRY-MUN-NFO-SUN,BHA,CRY,MUN,NFO,SUN,2.4,3.0,2.67,2.67,2.67,2.5455,0.05
BHA-CRY-MUN-TOT-SUN,BHA,CRY,MUN,TOT,SUN,2.6,3.0,2.0,2.67,2.33,2.4545,-0.1732
BHA-CRY-NFO-TOT-SUN,BHA,CRY,NFO,TOT,SUN,2.6,3.0,2.67,2.67,2.67,2.6364,-0.1366
BHA-EVE-IPS-LEE-LIV,BHA,EVE,IPS,LEE,LIV,2.8,3.0,3.0,2.33,2.67,2.7273,-0.1
BHA-EVE-IPS-LEE-MCI,BHA,EVE,IPS,LEE,MCI,2.8,3.0,3.0,2.33,2.67,2.7273,-0.1
BHA-EVE-IPS-LEE-MUN,BHA,EVE,IPS,LEE,MUN,2.6,3.0,2.67,2.67,2.67,2.6364,0.0268
BHA-EVE-IPS-LEE-TOT,BHA,EVE,IPS,LEE,TOT,2.8,3.0,2.67,2.67,2.67,2.7273,-0.1232
BHA-EVE-IPS-LIV-MCI,BHA,EVE,IPS,LIV,MCI,2.8,3.0,3.0,2.0,2.5,2.6364,-0.0634
BHA-EVE-IPS-LIV-MUN,BHA,EVE,IPS,LIV,MUN,2.6,3.0,2.67,2.33,2.5,2.5455,-0.1366
BHA-EVE-IPS-LIV-NFO,BHA,EVE,IPS,LIV,NFO,2.6,3.0,3.33,2.33,2.83,2.7273,0.0366
BHA-EVE-IPS-LIV-TOT,BHA,EVE,IPS,LIV,TOT,2.8,3.0,2.67,2.33,2.5,2.6364,-0.2366
BHA-EVE-IPS-MCI-MUN,BHA,EVE,IPS,MCI,MUN,2.6,3.0,2.67,2.33,2.5,2.5455,-0.1366
BHA-EVE-IPS-MCI-NFO,BHA,EVE,IPS,MCI,NFO,2.6,3.0,3.33,2.33,2.83,2.7273,0.0366
BHA-EVE-IPS-MCI-TOT,BHA,EVE,IPS,MCI,TOT,2.8,3.0,2.67,2.33,2.5,2.6364,-0.2366
BHA-EVE-IPS-MUN-NFO,BHA,EVE,IPS,MUN,NFO,2.4,3.0,3.0,2.67,2.83,2.6364,0.1634
BHA-EVE-IPS-MUN-TOT,BHA,EVE,IPS,MUN,TOT,2.6,3.0,2.33,2.67,2.5,2.5455,-0.0098
BHA-EVE-IPS-NFO-TOT,BHA,EVE,IPS,NFO,TOT,2.6,3.0,3.0,2.67,2.83,2.7273,-0.0732
BHA-EVE-LEE-LIV-MCI,BHA,EVE,LEE,LIV,MCI,3.0,3.0,3.0,2.0,2.5,2.7273,-0.0134
BHA-EVE-LEE-LIV-MUN,BHA,EVE,LEE,LIV,MUN,2.8,3.0,2.67,2.33,2.5,2.6364,-0.1866
BHA-EVE-LEE-LIV-TOT,BHA,EVE,LEE,LIV,TOT,3.0,3.0,2.67,2.33,2.5,2.7273,-0.1866
BHA-EVE-LEE-LIV-SUN,BHA,EVE,LEE,LIV,SUN,2.8,3.0,2.67,2.33,2.5,2.6364,-0.1866
BHA-EVE-LEE-MCI-MUN,BHA,EVE,LEE,MCI,MUN,2.8,3.0,2.67,2.33,2.5,2.6364,-0.1866
BHA-EVE-LEE-MCI-TOT,BHA,EVE,LEE,MCI,TOT,3.0,3.0,2.67,2.33,2.5,2.7273,-0.1866
BHA-EVE-LEE-MCI-SUN,BHA,EVE,LEE,MCI,SUN,2.8,3.0,2.67,2.33,2.5,2.6364,-0.1866
BHA-EVE-LEE-MUN-TOT,BHA,EVE,LEE,MUN,TOT,2.8,3.0,2.33,2.67,2.5,2.6364,-0.0598
BHA-EVE-LEE-MUN-SUN,BHA,EVE,LEE,MUN,SUN,2.6,3.0,2.33,2.67,2.5,2.5455,0.0402
BHA-EVE-LEE-TOT-SUN,BHA,EVE,LEE,TOT,SUN,2.8,3.0,2.33,2.67,2.5,2.6364,-0.0598
BHA-EVE-LIV-MCI-MUN,BHA,EVE,LIV,MCI,MUN,2.8,3.0,2.67,2.0,2.33,2.5455,-0.2
BHA-EVE-LIV-MCI-NFO,BHA,EVE,LIV,MCI,NFO,2.8,3.0,3.0,2.0,2.5,2.6364,0.0366
BHA-EVE-LIV-MCI-TOT,BHA,EVE,LIV,MCI,TOT,3.0,3.0,2.67,2.0,2.33,2.6364,-0.15
BHA-EVE-LIV-MCI-SUN,BHA,EVE,LIV,MCI,SUN,2.8,3.0,2.67,2.0,2.33,2.5455,-0.2
BHA-EVE-LIV-MUN-NFO,BHA,EVE,LIV,MUN,NFO,2.6,3.0,2.67,2.33,2.5,2.5455,-0.1366
BHA-EVE-LIV-MUN-TOT,BHA,EVE,LIV,MUN,TOT,2.8,3.0,2.33,2.33,2.33,2.5455,-0.2232
BHA-EVE-LIV-MUN-SUN,BHA,EVE,LIV,MUN,SUN,2.6,3.0,2.33,2.33,2.33,2.4545,-0.1732
BHA-EVE-LIV-NFO-TOT,BHA,EVE,LIV,NFO,TOT,2.8,3.0,2.67,2.33,2.5,2.6364,-0.2232
BHA-EVE-LIV-NFO-SUN,BHA,EVE,LIV,NFO,SUN,2.6,3.0,2.67,2.33,2.5,2.5455,-0.1366
BHA-EVE-LIV-TOT-SUN,BHA,EVE,LIV,TOT,SUN,2.8,3.0,2.33,2.33,2.33,2.5455,-0.2232
BHA-EVE-MCI-MUN-NFO,BHA,EVE,MCI,MUN,NFO,2.6,3.0,2.67,2.33,2.5,2.5455,-0.1366
BHA-EVE-MCI-MUN-TOT,BHA,EVE,MCI,MUN,TOT,2.8,3.0,2.33,2.33,2.33,2.5455,-0.2232
BHA-EVE-MCI-MUN-SUN,BHA,EVE,MCI,MUN,SUN,2.6,3.0,2.33,2.33,2.33,2.4545,-0.1732
BHA-EVE-MCI-NFO-TOT,BHA,EVE,MCI,NFO,TOT,2.8,3.0,2.67,2.33,2.5,2.6364,-0.2232
BHA-EVE-MCI-NFO-SUN,BHA,EVE,MCI,NFO,SUN,2.6,3.0,2.67,2.33,2.5,2.5455,-0.1366
BHA-EVE-MCI-TOT-SUN,BHA,EVE,MCI,TOT,SUN,2.8,3.0,2.33,2.33,2.33,2.5455,-0.2232
BHA-EVE-MUN-NFO-TOT,BHA,EVE,MUN,NFO,TOT,2.6,3.0,2.33,2.67,2.5,2.5455,-0.0964
BHA-EVE-MUN-NFO-SUN,BHA,EVE,MUN,NFO,SUN,2.4,3.0,2.33,2.67,2.5,2.4545,0.0902
BHA-EVE-MUN-TOT-SUN,BHA,EVE,MUN,TOT,SUN,2.6,3.0,2.0,2.67,2.33,2.4545,0.1036
BHA-EVE-NFO-TOT-SUN,BHA,EVE,NFO,TOT,SUN,2.6,3.0,2.33,2.67,2.5,2.5455,-0.0964
BHA-IPS-LEE-LIV-MCI,BHA,IPS,LEE,LIV,MCI,2.8,3.0,3.0,2.0,2.5,2.6364,0.1732
BHA-IPS-LEE-LIV-MUN,BHA,IPS,LEE,LIV,MUN,2.6,3.0,2.67,2.33,2.5,2.5455,-0.1
BHA-IPS-LEE-LIV-TOT,BHA,IPS,LEE,LIV,TOT,2.8,3.0,2.67,2.33,2.5,2.6364,-0.15
BHA-IPS-LEE-MCI-MUN,BHA,IPS,LEE,MCI,MUN,2.6,3.0,2.67,2.33,2.5,2.5455,-0.1
BHA-IPS-LEE-MCI-TOT,BHA,IPS,LEE,MCI,TOT,2.8,3.0,2.67,2.33,2.5,2.6364,-0.15
BHA-IPS-LEE-MUN-TOT,BHA,IPS,LEE,MUN,TOT,2.6,3.0,2.33,2.67,2.5,2.5455,-0.1232
BHA-IPS-LIV-MCI-MUN,BHA,IPS,LIV,MCI,MUN,2.6,3.0,2.67,2.0,2.33,2.4545,-0.0634
BHA-IPS-LIV-MCI-NFO,BHA,IPS,LIV,MCI,NFO,2.6,3.0,3.33,2.0,2.67,2.6364,0.3098
BHA-IPS-LIV-MCI-TOT,BHA,IPS,LIV,MCI,TOT,2.8,3.0,2.67,2.0,2.33,2.5455,-0.0634
BHA-IPS-LIV-MUN-NFO,BHA,IPS,LIV,MUN,NFO,2.4,3.0,3.0,2.33,2.67,2.5455,0.0366
BHA-IPS-LIV-MUN-TOT,BHA,IPS,LIV,MUN,TOT,2.6,3.0,2.33,2.33,2.33,2.4545,-0.2366
BHA-IPS-LIV-NFO-TOT,BHA,IPS,LIV,NFO,TOT,2.6,3.0,3.0,2.33,2.67,2.6364,-0.1
BHA-IPS-MCI-MUN-NFO,BHA,IPS,MCI,MUN,NFO,2.4,3.0,3.0,2.33,2.67,2.5455,0.0366
BHA-IPS-MCI-MUN-TOT,BHA,IPS,MCI,MUN,TOT,2.6,3.0,2.33,2.33,2.33,2.4545,-0.2366
BHA-IPS-MCI-NFO-TOT,BHA,IPS,MCI,NFO,TOT,2.6,3.0,3.0,2.33,2.67,2.6364,-0.1
BHA-IPS-MUN-NFO-TOT,BHA,IPS,MUN,NFO,TOT,2.4,3.0,2.67,2.67,2.67,2.5455,-0.0732
BHA-LEE-LIV-MCI-MUN,BHA,LEE,LIV,MCI,MUN,2.8,3.0,2.67,2.0,2.33,2.5455,-0.0134
BHA-LEE-LIV-MCI-TOT,BHA,LEE,LIV,MCI,TOT,3.0,3.0,2.67,2.0,2.33,2.6364,0.0866
BHA-LEE-LIV-MCI-SUN,BHA,LEE,LIV,MCI,SUN,2.8,3.0,2.67,2.0,2.33,2.5455,-0.0134
BHA-LEE-LIV-MUN-TOT,BHA,LEE,LIV,MUN,TOT,2.8,3.0,2.33,2.33,2.33,2.5455,-0.1866
BHA-LEE-LIV-MUN-SUN,BHA,LEE,LIV,MUN,SUN,2.6,3.0,2.33,2.33,2.33,2.4545,-0.1866
BHA-LEE-LIV-TOT-SUN,BHA,LEE,LIV,TOT,SUN,2.8,3.0,2.33,2.33,2.33,2.5455,-0.1866
BHA-LEE-MCI-MUN-TOT,BHA,LEE,MCI,MUN,TOT,2.8,3.0,2.33,2.33,2.33,2.5455,-0.1866
BHA-LEE-MCI-MUN-SUN,BHA,LEE,MCI,MUN,SUN,2.6,3.0,2.33,2.33,2.33,2.4545,-0.1866
BHA-LEE-MCI-TOT-SUN,BHA,LEE,MCI,TOT,SUN,2.8,3.0,2.33,2.33,2.33,2.5455,-0.1866
BHA-LEE-MUN-TOT-SUN,BHA,LEE,MUN,TOT,SUN,2.6,3.0,2.0,2.67,2.33,2.4545,-0.0598
BHA-LIV-MCI-MUN-NFO,BHA,LIV,MCI,MUN,NFO,2.6,3.0,2.67,2.0,2.33,2.4545,0.0366
BHA-LIV-MCI-MUN-TOT,BHA,LIV,MCI,MUN,TOT,2.8,3.0,2.33,2.0,2.17,2.4545,-0.15
BHA-LIV-MCI-MUN-SUN,BHA,LIV,MCI,MUN,SUN,2.6,3.0,2.33,2.0,2.17,2.3636,-0.2
BHA-LIV-MCI-NFO-TOT,BHA,LIV,MCI,NFO,TOT,2.8,3.0,2.67,2.0,2.33,2.5455,0.05
BHA-LIV-MCI-NFO-SUN,BHA,LIV,MCI,NFO,SUN,2.6,3.0,2.67,2.0,2.33,2.4545,0.0366
BHA-LIV-MCI-TOT-SUN,BHA,LIV,MCI,TOT,SUN,2.8,3.0,2.33,2.0,2.17,2.4545,-0.15
BHA-LIV-MUN-NFO-TOT,BHA,LIV,MUN,NFO,TOT,2.6,3.0,2.33,2.33,2.33,2.4545,-0.2232
BHA-LIV-MUN-NFO-SUN,BHA,LIV,MUN,NFO,SUN,2.4,3.0,2.33,2.33,2.33,2.3636,-0.1366
BHA-LIV-MUN-TOT-SUN,BHA,LIV,MUN,TOT,SUN,2.6,3.0,2.0,2.33,2.17,2.3636,-0.2232
BHA-LIV-NFO-TOT-SUN,BHA,LIV,NFO,TOT,SUN,2.6,3.0,2.33,2.33,2.33,2.4545,-0.2232
BHA-MCI-MUN-NFO-TOT,BHA,MCI,MUN,NFO,TOT,2.6,3.0,2.33,2.33,2.33,2.4545,-0.2232
BHA-MCI-MUN-NFO-SUN,BHA,MCI,MUN,NFO,SUN,2.4,3.0,2.33,2.33,2.33,2.3636,-0.1366
BHA-MCI-MUN-TOT-SUN,BHA,MCI,MUN,TOT,SUN,2.6,3.0,2.0,2.33,2.17,2.3636,-0.2232
BHA-MCI-NFO-TOT-SUN,BHA,MCI,NFO,TOT,SUN,2.6,3.0,2.33,2.33,2.33,2.4545,-0.2232
BHA-MUN-NFO-TOT-SUN,BHA,MUN,NFO,TOT,SUN,2.4,3.0,2.0,2.67,2.33,2.3636,-0.0964
CHE-CRY-IPS-LEE-LIV,CHE,CRY,IPS,LEE,LIV,2.8,3.0,2.67,2.67,2.67,2.7273,-0.1012
CHE-CRY-IPS-LEE-MCI,CHE,CRY,IPS,LEE,MCI,2.8,3.0,2.67,2.67,2.67,2.7273,-0.1012
CHE-CRY-IPS-LEE-MUN,CHE,CRY,IPS,LEE,MUN,2.6,3.0,2.33,3.0,2.67,2.6364,0.0878
CHE-CRY-IPS-LEE-TOT,CHE,CRY,IPS,LEE,TOT,2.8,3.0,2.33,3.0,2.67,2.7273,-0.0811
CHE-CRY-IPS-LIV-MCI,CHE,CRY,IPS,LIV,MCI,2.8,3.0,2.67,2.33,2.5,2.6364,-0.0957
CHE-CRY-IPS-LIV-MUN,CHE,CRY,IPS,LIV,MUN,2.6,3.0,2.33,2.67,2.5,2.5455,-0.1067
CHE-CRY-IPS-LIV-NFO,CHE,CRY,IPS,LIV,NFO,2.6,3.0,3.0,2.67,2.83,2.7273,0.0393
CHE-CRY-IPS-LIV-TOT,CHE,CRY,IPS,LIV,TOT,2.8,3.0,2.33,2.67,2.5,2.6364,-0.2256
CHE-CRY-IPS-MCI-MUN,CHE,CRY,IPS,MCI,MUN,2.6,3.0,2.33,2.67,2.5,2.5455,-0.1067
CHE-CRY-IPS-MCI-NFO,CHE,CRY,IPS,MCI,NFO,2.6,3.0,3.0,2.67,2.83,2.7273,0.0393
CHE-CRY-IPS-MCI-TOT,CHE,CRY,IPS,MCI,TOT,2.8,3.0,2.33,2.67,2.5,2.6364,-0.2256
CHE-CRY-IPS-MUN-NFO,CHE,CRY,IPS,MUN,NFO,2.4,3.0,2.67,3.0,2.83,2.6364,0.2283
CHE-CRY-IPS-MUN-TOT,CHE,CRY,IPS,MUN,TOT,2.6,3.0,2.0,3.0,2.5,2.5455,0.0634
CHE-CRY-IPS-NFO-TOT,CHE,CRY,IPS,NFO,TOT,2.6,3.0,2.67,3.0,2.83,2.7273,-0.0272
CHE-CRY-LEE-LIV-MCI,CHE,CRY,LEE,LIV,MCI,3.0,3.0,2.67,2.33,2.5,2.7273,-0.0646
CHE-CRY-LEE-LIV-MUN,CHE,CRY,LEE,LIV,MUN,2.8,3.0,2.33,2.67,2.5,2.6364,-0.1756
CHE-CRY-LEE-LIV-TOT,CHE,CRY,LEE,LIV,TOT,3.0,3.0,2.33,2.67,2.5,2.7273,-0.1945
CHE-CRY-LEE-LIV-SUN,CHE,CRY,LEE,LIV,SUN,2.8,3.0,2.33,2.67,2.5,2.6364,-0.1756
CHE-CRY-LEE-MCI-MUN,CHE,CRY,LEE,MCI,MUN,2.8,3.0,2.33,2.67,2.5,2.6364,-0.1756
CHE-CRY-LEE-MCI-TOT,CHE,CRY,LEE,MCI,TOT,3.0,3.0,2.33,2.67,2.5,2.7273,-0.1945
CHE-CRY-LEE-MCI-SUN,CHE,CRY,LEE,MCI,SUN,2.8,3.0,2.33,2.67,2.5,2.6364,-0.1756
CHE-CRY-LEE-MUN-TOT,CHE,CRY,LEE,MUN,TOT,2.8,3.0,2.0,3.0,2.5,2.6364,-0.0055
CHE-CRY-LEE-MUN-SUN,CHE,CRY,LEE,MUN,SUN,2.6,3.0,2.0,3.0,2.5,2.5455,0.1134
CHE-CRY-LEE-TOT-SUN,CHE,CRY,LEE,TOT,SUN,2.8,3.0,2.0,3.0,2.5,2.6364,-0.0055
CHE-CRY-LIV-MCI-MUN,CHE,CRY,LIV,MCI,MUN,2.8,3.0,2.33,2.33,2.33,2.5455,-0.2201
CHE-CRY-LIV-MCI-NFO,CHE,CRY,LIV,MCI,NFO,2.8,3.0,2.67,2.33,2.5,2.6364,-0.0107
CHE-CRY-LIV-MCI-TOT,CHE,CRY,LIV,MCI,TOT,3.0,3.0,2.33,2.33,2.33,2.6364,-0.189
CHE-CRY-LIV-MCI-SUN,CHE,CRY,LIV,MCI,SUN,2.8,3.0,2.33,2.33,2.33,2.5455,-0.2201
CHE-CRY-LIV-MUN-NFO,CHE,CRY,LIV,MUN,NFO,2.6,3.0,2.33,2.67,2.5,2.5455,-0.1217
CHE-CRY-LIV-MUN-TOT,CHE,CRY,LIV,MUN,TOT,2.8,3.0,2.0,2.67,2.33,2.5455,-0.2
CHE-CRY-LIV-MUN-SUN,CHE,CRY,LIV,MUN,SUN,2.6,3.0,2.0,2.67,2.33,2.4545,-0.1311
CHE-CRY-LIV-NFO-TOT,CHE,CRY,LIV,NFO,TOT,2.8,3.0,2.33,2.67,2.5,2.6364,-0.2272
CHE-CRY-LIV-NFO-SUN,CHE,CRY,LIV,NFO,SUN,2.6,3.0,2.33,2.67,2.5,2.5455,-0.1217
CHE-CRY-LIV-TOT-SUN,CHE,CRY,LIV,TOT,SUN,2.8,3.0,2.0,2.67,2.33,2.5455,-0.2
CHE-CRY-MCI-MUN-NFO,CHE,CRY,MCI,MUN,NFO,2.6,3.0,2.33,2.67,2.5,2.5455,-0.1217
CHE-CRY-MCI-MUN-TOT,CHE,CRY,MCI,MUN,TOT,2.8,3.0,2.0,2.67,2.33,2.5455,-0.2
CHE-CRY-MCI-MUN-SUN,CHE,CRY,MCI,MUN,SUN,2.6,3.0,2.0,2.67,2.33,2.4545,-0.1311
CHE-CRY-MCI-NFO-TOT,CHE,CRY,MCI,NFO,TOT,2.8,3.0,2.33,2.67,2.5,2.6364,-0.2272
CHE-CRY-MCI-NFO-SUN,CHE,CRY,MCI,NFO,SUN,2.6,3.0,2.33,2.67,2.5,2.5455,-0.1217
CHE-CRY-MCI-TOT-SUN,CHE,CRY,MCI,TOT,SUN,2.8,3.0,2.0,2.67,2.33,2.5455,-0.2
CHE-CRY-MUN-NFO-TOT,CHE,CRY,MUN,NFO,TOT,2.6,3.0,2.0,3.0,2.5,2.5455,-0.0382
CHE-CRY-MUN-NFO-SUN,CHE,CRY,MUN,NFO,SUN,2.4,3.0,2.0,3.0,2.5,2.4545,0.1673
CHE-CRY-MUN-TOT-SUN,CHE,CRY,MUN,TOT,SUN,2.6,3.0,2.0,3.0,2.5,2.5455,0.189
CHE-CRY-NFO-TOT-SUN,CHE,CRY,NFO,TOT,SUN,2.6,3.0,2.0,3.0,2.5,2.5455,-0.0382
CHE-EVE-IPS-LEE-LIV,CHE,EVE,IPS,LEE,LIV,2.8,3.0,2.67,3.0,2.83,2.8182,-0.0811
CHE-EVE-IPS-LEE-MCI,CHE,EVE,IPS,LEE,MCI,2.8,3.0,2.67,3.0,2.83,2.8182,-0.0811
CHE-EVE-IPS-LEE-MUN,CHE,EVE,IPS,LEE,MUN,2.6,3.0,2.33,3.33,2.83,2.7273,0.4079
CHE-EVE-IPS-LEE-TOT,CHE,EVE,IPS,LEE,TOT,2.8,3.0,2.33,3.33,2.83,2.8182,0.239
CHE-EVE-IPS-LIV-MCI,CHE,EVE,IPS,LIV,MCI,2.8,3.0,2.67,2.67,2.67,2.7273,-0.2256
CHE-EVE-IPS-LIV-MUN,CHE,EVE,IPS,LIV,MUN,2.6,3.0,2.33,3.0,2.67,2.6364,0.0634
CHE-EVE-IPS-LIV-NFO,CHE,EVE,IPS,LIV,NFO,2.6,3.0,2.67,3.0,2.83,2.7273,-0.0272
CHE-EVE-IPS-LIV-TOT,CHE,EVE,IPS,LIV,TOT,2.8,3.0,2.33,3.0,2.67,2.7273,-0.0555
CHE-EVE-IPS-MCI-MUN,CHE,EVE,IPS,MCI,MUN,2.6,3.0,2.33,3.0,2.67,2.6364,0.0634
CHE-EVE-IPS-MCI-NFO,CHE,EVE,IPS,MCI,NFO,2.6,3.0,2.67,3.0,2.83,2.7273,-0.0272
CHE-EVE-IPS-MCI-TOT,CHE,EVE,IPS,MCI,TOT,2.8,3.0,2.33,3.0,2.67,2.7273,-0.0555
CHE-EVE-IPS-MUN-NFO,CHE,EVE,IPS,MUN,NFO,2.4,3.0,2.33,3.33,2.83,2.6364,0.4618
CHE-EVE-IPS-MUN-TOT,CHE,EVE,IPS,MUN,TOT,2.6,3.0,2.0,3.33,2.67,2.6364,0.5335
CHE-EVE-IPS-NFO-TOT,CHE,EVE,IPS,NFO,TOT,2.6,3.0,2.33,3.33,2.83,2.7273,0.2062
CHE-EVE-LEE-LIV-MCI,CHE,EVE,LEE,LIV,MCI,3.0,3.0,2.67,2.33,2.5,2.7273,-0.1945
CHE-EVE-LEE-LIV-MUN,CHE,EVE,LEE,LIV,MUN,2.8,3.0,2.33,2.67,2.5,2.6364,-0.0055
CHE-EVE-LEE-LIV-TOT,CHE,EVE,LEE,LIV,TOT,3.0,3.0,2.33,2.67,2.5,2.7273,-0.0244
CHE-EVE-LEE-LIV-SUN,CHE,EVE,LEE,LIV,SUN,2.8,3.0,2.33,2.67,2.5,2.6364,-0.0055
CHE-EVE-LEE-MCI-MUN,CHE,EVE,LEE,MCI,MUN,2.8,3.0,2.33,2.67,2.5,2.6364,-0.0055
CHE-EVE-LEE-MCI-TOT,CHE,EVE,LEE,MCI,TOT,3.0,3.0,2.33,2.67,2.5,2.7273,-0.0244
CHE-EVE-LEE-MCI-SUN,CHE,EVE,LEE,MCI,SUN,2.8,3.0,2.33,2.67,2.5,2.6364,-0.0055
CHE-EVE-LEE-MUN-TOT,CHE,EVE,LEE,MUN,TOT,2.8,3.0,2.0,3.0,2.5,2.6364,0.4646
CHE-EVE-LEE-MUN-SUN,CHE,EVE,LEE,MUN,SUN,2.6,3.0,2.0,3.0,2.5,2.5455,0.5835
CHE-EVE-LEE-TOT-SUN,CHE,EVE,LEE,TOT,SUN,2.8,3.0,2.0,3.0,2.5,2.6364,0.4646
CHE-EVE-LIV-MCI-MUN,CHE,EVE,LIV,MCI,MUN,2.8,3.0,2.33,2.33,2.33,2.5455,-0.2
CHE-EVE-LIV-MCI-NFO,CHE,EVE,LIV,MCI,NFO,2.8,3.0,2.67,2.33,2.5,2.6364,-0.2272
CHE-EVE-LIV-MCI-TOT,CHE,EVE,LIV,MCI,TOT,3.0,3.0,2.33,2.33,2.33,2.6364,-0.1689
CHE-EVE-LIV-MCI-SUN,CHE,EVE,LIV,MCI,SUN,2.8,3.0,2.33,2.33,2.33,2.5455,-0.2
CHE-EVE-LIV-MUN-NFO,CHE,EVE,LIV,MUN,NFO,2.6,3.0,2.33,2.67,2.5,2.5455,-0.0382
CHE-EVE-LIV-MUN-TOT,CHE,EVE,LIV,MUN,TOT,2.8,3.0,2.0,2.67,2.33,2.5455,0.1201
CHE-EVE-LIV-MUN-SUN,CHE,EVE,LIV,MUN,SUN,2.6,3.0,2.0,2.67,2.33,2.4545,0.189
CHE-EVE-LIV-NFO-TOT,CHE,EVE,LIV,NFO,TOT,2.8,3.0,2.33,2.67,2.5,2.6364,-0.1437
CHE-EVE-LIV-NFO-SUN,CHE,EVE,LIV,NFO,SUN,2.6,3.0,2.33,2.67,2.5,2.5455,-0.0382
CHE-EVE-LIV-TOT-SUN,CHE,EVE,LIV,TOT,SUN,2.8,3.0,2.0,2.67,2.33,2.5455,0.1201
CHE-EVE-MCI-MUN-NFO,CHE,EVE,MCI,MUN,NFO,2.6,3.0,2.33,2.67,2.5,2.5455,-0.0382
CHE-EVE-MCI-MUN-TOT,CHE,EVE,MCI,MUN,TOT,2.8,3.0,2.0,2.67,2.33,2.5455,0.1201
CHE-EVE-MCI-MUN-SUN,CHE,EVE,MCI,MUN,SUN,2.6,3.0,2.0,2.67,2.33,2.4545,0.189
CHE-EVE-MCI-NFO-TOT,CHE,EVE,MCI,NFO,TOT,2.8,3.0,2.33,2.67,2.5,2.6364,-0.1437
CHE-EVE-MCI-NFO-SUN,CHE,EVE,MCI,NFO,SUN,2.6,3.0,2.33,2.67,2.5,2.5455,-0.0382
CHE-EVE-MCI-TOT-SUN,CHE,EVE,MCI,TOT,SUN,2.8,3.0,2.0,2.67,2.33,2.5455,0.1201
CHE-EVE-MUN-NFO-TOT,CHE,EVE,MUN,NFO,TOT,2.6,3.0,2.0,3.0,2.5,2.5455,0.3452
CHE-EVE-MUN-NFO-SUN,CHE,EVE,MUN,NFO,SUN,2.4,3.0,2.0,3.0,2.5,2.4545,0.5507
CHE-EVE-MUN-TOT-SUN,CHE,EVE,MUN,TOT,SUN,2.6,3.0,2.0,3.0,2.5,2.5455,0.8091
CHE-EVE-NFO-TOT-SUN,CHE,EVE,NFO,TOT,SUN,2.6,3.0,2.0,3.0,2.5,2.5455,0.3452
CHE-IPS-LEE-LIV-MCI,CHE,IPS,LEE,LIV,MCI,2.8,3.0,2.67,2.33,2.5,2.6364,-0.1701
CHE-IPS-LEE-LIV-MUN,CHE,IPS,LEE,LIV,MUN,2.6,3.0,2.33,2.67,2.5,2.5455,-0.0811
CHE-IPS-LEE-LIV-TOT,CHE,IPS,LEE,LIV,TOT,2.8,3.0,2.33,2.67,2.5,2.6364,-0.15
CHE-IPS-LEE-MCI-MUN,CHE,IPS,LEE,MCI,MUN,2.6,3.0,2.33,2.67,2.5,2.5455,-0.0811
CHE-IPS-LEE-MCI-TOT,CHE,IPS,LEE,MCI,TOT,2.8,3.0,2.33,2.67,2.5,2.6364,-0.15
CHE-IPS-LEE-MUN-TOT,CHE,IPS,LEE,MUN,TOT,2.6,3.0,2.0,3.0,2.5,2.5455,0.239
CHE-IPS-LIV-MCI-MUN,CHE,IPS,LIV,MCI,MUN,2.6,3.0,2.33,2.33,2.33,2.4545,-0.2256
CHE-IPS-LIV-MCI-NFO,CHE,IPS,LIV,MCI,NFO,2.6,3.0,2.67,2.33,2.5,2.5455,-0.1162
CHE-IPS-LIV-MCI-TOT,CHE,IPS,LIV,MCI,TOT,2.8,3.0,2.33,2.33,2.33,2.5455,-0.2445
CHE-IPS-LIV-MUN-NFO,CHE,IPS,LIV,MUN,NFO,2.4,3.0,2.33,2.67,2.5,2.4545,-0.0272
CHE-IPS-LIV-MUN-TOT,CHE,IPS,LIV,MUN,TOT,2.6,3.0,2.0,2.67,2.33,2.4545,-0.0555
CHE-IPS-LIV-NFO-TOT,CHE,IPS,LIV,NFO,TOT,2.6,3.0,2.33,2.67,2.5,2.5455,-0.1827
CHE-IPS-MCI-MUN-NFO,CHE,IPS,MCI,MUN,NFO,2.4,3.0,2.33,2.67,2.5,2.4545,-0.0272
CHE-IPS-MCI-MUN-TOT,CHE,IPS,MCI,MUN,TOT,2.6,3.0,2.0,2.67,2.33,2.4545,-0.0555
CHE-IPS-MCI-NFO-TOT,CHE,IPS,MCI,NFO,TOT,2.6,3.0,2.33,2.67,2.5,2.5455,-0.1827
CHE-IPS-MUN-NFO-TOT,CHE,IPS,MUN,NFO,TOT,2.4,3.0,2.0,3.0,2.5,2.4545,0.2062
CHE-LEE-LIV-MCI-MUN,CHE,LEE,LIV,MCI,MUN,2.8,3.0,2.33,2.33,2.33,2.5455,-0.1945
CHE-LEE-LIV-MCI-TOT,CHE,LEE,LIV,MCI,TOT,3.0,3.0,2.33,2.33,2.33,2.6364,-0.1134
CHE-LEE-LIV-MCI-SUN,CHE,LEE,LIV,MCI,SUN,2.8,3.0,2.33,2.33,2.33,2.5455,-0.1945
CHE-LEE-LIV-MUN-TOT,CHE,LEE,LIV,MUN,TOT,2.8,3.0,2.0,2.67,2.33,2.5455,-0.0244
CHE-LEE-LIV-MUN-SUN,CHE,LEE,LIV,MUN,SUN,2.6,3.0,2.0,2.67,2.33,2.4545,-0.0055
CHE-LEE-LIV-TOT-SUN,CHE,LEE,LIV,TOT,SUN,2.8,3.0,2.0,2.67,2.33,2.5455,-0.0244
CHE-LEE-MCI-MUN-TOT,CHE,LEE,MCI,MUN,TOT,2.8,3.0,2.0,2.67,2.33,2.5455,-0.0244
CHE-LEE-MCI-MUN-SUN,CHE,LEE,MCI,MUN,SUN,2.6,3.0,2.0,2.67,2.33,2.4545,-0.0055
CHE-LEE-MCI-TOT-SUN,CHE,LEE,MCI,TOT,SUN,2.8,3.0,2.0,2.67,2.33,2.5455,-0.0244
CHE-LEE-MUN-TOT-SUN,CHE,LEE,MUN,TOT,SUN,2.6,3.0,2.0,3.0,2.5,2.5455,0.4646
CHE-LIV-MCI-MUN-NFO,CHE,LIV,MCI,MUN,NFO,2.6,3.0,2.33,2.33,2.33,2.4545,-0.2272
CHE-LIV-MCI-MUN-TOT,CHE,LIV,MCI,MUN,TOT,2.8,3.0,2.0,2.33,2.17,2.4545,-0.1689
CHE-LIV-MCI-MUN-SUN,CHE,LIV,MCI,MUN,SUN,2.6,3.0,2.0,2.33,2.17,2.3636,-0.2
CHE-LIV-MCI-NFO-TOT,CHE,LIV,MCI,NFO,TOT,2.8,3.0,2.33,2.33,2.33,2.5455,-0.2327
CHE-LIV-MCI-NFO-SUN,CHE,LIV,MCI,NFO,SUN,2.6,3.0,2.33,2.33,2.33,2.4545,-0.2272
CHE-LIV-MCI-TOT-SUN,CHE,LIV,MCI,TOT,SUN,2.8,3.0,2.0,2.33,2.17,2.4545,-0.1689
CHE-LIV-MUN-NFO-TOT,CHE,LIV,MUN,NFO,TOT,2.6,3.0,2.0,2.67,2.33,2.4545,-0.1437
CHE-LIV-MUN-NFO-SUN,CHE,LIV,MUN,NFO,SUN,2.4,3.0,2.0,2.67,2.33,2.3636,-0.0382
CHE-LIV-MUN-TOT-SUN,CHE,LIV,MUN,TOT,SUN,2.6,3.0,2.0,2.67,2.33,2.4545,0.1201
CHE-LIV-NFO-TOT-SUN,CHE,LIV,NFO,TOT,SUN,2.6,3.0,2.0,2.67,2.33,2.4545,-0.1437
CHE-MCI-MUN-NFO-TOT,CHE,MCI,MUN,NFO,TOT,2.6,3.0,2.0,2.67,2.33,2.4545,-0.1437
CHE-MCI-MUN-NFO-SUN,CHE,MCI,MUN,NFO,SUN,2.4,3.0,2.0,2.67,2.33,2.3636,-0.0382
CHE-MCI-MUN-TOT-SUN,CHE,MCI,MUN,TOT,SUN,2.6,3.0,2.0,2.67,2.33,2.4545,0.1201
CHE-MCI-NFO-TOT-SUN,CHE,MCI,NFO,TOT,SUN,2.6,3.0,2.0,2.67,2.33,2.4545,-0.1437
CHE-MUN-NFO-TOT-SUN,CHE,MUN,NFO,TOT,SUN,2.4,3.0,2.0,3.0,2.5,2.4545,0.3452
CRY-IPS-LEE-LIV-MCI,CRY,IPS,LEE,LIV,MCI,2.8,3.0,3.0,2.33,2.67,2.7273,0.15
CRY-IPS-LEE-LIV-MUN,CRY,IPS,LEE,LIV,MUN,2.6,3.0,2.67,2.67,2.67,2.6364,-0.05
CRY-IPS-LEE-LIV-TOT,CRY,IPS,LEE,LIV,TOT,2.8,3.0,2.67,2.67,2.67,2.7273,-0.15
CRY-IPS-LEE-MCI-MUN,CRY,IPS,LEE,MCI,MUN,2.6,3.0,2.67,2.67,2.67,2.6364,-0.05
CRY-IPS-LEE-MCI-TOT,CRY,IPS,LEE,MCI,TOT,2.8,3.0,2.67,2.67,2.67,2.7273,-0.15
CRY-IPS-LEE-MUN-TOT,CRY,IPS,LEE,MUN,TOT,2.6,3.0,2.33,3.0,2.67,2.6364,-0.05
CRY-IPS-LIV-MCI-MUN,CRY,IPS,LIV,MCI,MUN,2.6,3.0,2.67,2.33,2.5,2.5455,-0.05
CRY-IPS-LIV-MCI-NFO,CRY,IPS,LIV,MCI,NFO,2.6,3.0,3.33,2.33,2.83,2.7273,0.3232
CRY-IPS-LIV-MCI-TOT,CRY,IPS,LIV,MCI,TOT,2.8,3.0,2.67,2.33,2.5,2.6364,-0.1
CRY-IPS-LIV-MUN-NFO,CRY,IPS,LIV,MUN,NFO,2.4,3.0,3.0,2.67,2.83,2.6364,0.1232
CRY-IPS-LIV-MUN-TOT,CRY,IPS,LIV,MUN,TOT,2.6,3.0,2.33,2.67,2.5,2.5455,-0.2
CRY-IPS-LIV-NFO-TOT,CRY,IPS,LIV,NFO,TOT,2.6,3.0,3.0,2.67,2.83,2.7273,-0.0634
CRY-IPS-MCI-MUN-NFO,CRY,IPS,MCI,MUN,NFO,2.4,3.0,3.0,2.67,2.83,2.6364,0.1232
CRY-IPS-MCI-MUN-TOT,CRY,IPS,MCI,MUN,TOT,2.6,3.0,2.33,2.67,2.5,2.5455,-0.2
CRY-IPS-MCI-NFO-TOT,CRY,IPS,MCI,NFO,TOT,2.6,3.0,3.0,2.67,2.83,2.7273,-0.0634
CRY-IPS-MUN-NFO-TOT,CRY,IPS,MUN,NFO,TOT,2.4,3.0,2.67,3.0,2.83,2.6364,0.0366
CRY-LEE-LIV-MCI-MUN,CRY,LEE,LIV,MCI,MUN,2.8,3.0,2.67,2.33,2.5,2.6364,-0.05
CRY-LEE-LIV-MCI-TOT,CRY,LEE,LIV,MCI,TOT,3.0,3.0,2.67,2.33,2.5,2.7273,0.0
CRY-LEE-LIV-MCI-SUN,CRY,LEE,LIV,MCI,SUN,2.8,3.0,2.67,2.33,2.5,2.6364,-0.05
CRY-LEE-LIV-MUN-TOT,CRY,LEE,LIV,MUN,TOT,2.8,3.0,2.33,2.67,2.5,2.6364,-0.2
CRY-LEE-LIV-MUN-SUN,CRY,LEE,LIV,MUN,SUN,2.6,3.0,2.33,2.67,2.5,2.5455,-0.15
CRY-LEE-LIV-TOT-SUN,CRY,LEE,LIV,TOT,SUN,2.8,3.0,2.33,2.67,2.5,2.6364,-0.2
CRY-LEE-MCI-MUN-TOT,CRY,LEE,MCI,MUN,TOT,2.8,3.0,2.33,2.67,2.5,2.6364,-0.2
CRY-LEE-MCI-MUN-SUN,CRY,LEE,MCI,MUN,SUN,2.6,3.0,2.33,2.67,2.5,2.5455,-0.15
CRY-LEE-MCI-TOT-SUN,CRY,LEE,MCI,TOT,SUN,2.8,3.0,2.33,2.67,2.5,2.6364,-0.2
CRY-LEE-MUN-TOT-SUN,CRY,LEE,MUN,TOT,SUN,2.6,3.0,2.0,3.0,2.5,2.5455,0.0
CRY-LIV-MCI-MUN-NFO,CRY,LIV,MCI,MUN,NFO,2.6,3.0,2.67,2.33,2.5,2.5455,0.0366
CRY-LIV-MCI-MUN-TOT,CRY,LIV,MCI,MUN,TOT,2.8,3.0,2.33,2.33,2.33,2.5455,-0.2
CRY-LIV-MCI-MUN-SUN,CRY,LIV,MCI,MUN,SUN,2.6,3.0,2.33,2.33,2.33,2.4545,-0.2
CRY-LIV-MCI-NFO-TOT,CRY,LIV,MCI,NFO,TOT,2.8,3.0,2.67,2.33,2.5,2.6364,0.0
CRY-LIV-MCI-NFO-SUN,CRY,LIV,MCI,NFO,SUN,2.6,3.0,2.67,2.33,2.5,2.5455,0.0366
CRY-LIV-MCI-TOT-SUN,CRY,LIV,MCI,TOT,SUN,2.8,3.0,2.33,2.33,2.33,2.5455,-0.2
CRY-LIV-MUN-NFO-TOT,CRY,LIV,MUN,NFO,TOT,2.6,3.0,2.33,2.67,2.5,2.5455,-0.2
CRY-LIV-MUN-NFO-SUN,CRY,LIV,MUN,NFO,SUN,2.4,3.0,2.33,2.67,2.5,2.4545,-0.0634
CRY-LIV-MUN-TOT-SUN,CRY,LIV,MUN,TOT,SUN,2.6,3.0,2.0,2.67,2.33,2.4545,-0.2
CRY-LIV-NFO-TOT-SUN,CRY,LIV,NFO,TOT,SUN,2.6,3.0,2.33,2.67,2.5,2.5455,-0.2
CRY-MCI-MUN-NFO-TOT,CRY,MCI,MUN,NFO,TOT,2.6,3.0,2.33,2.67,2.5,2.5455,-0.2
CRY-MCI-MUN-NFO-SUN,CRY,MCI,MUN,NFO,SUN,2.4,3.0,2.33,2.67,2.5,2.4545,-0.0634
CRY-MCI-MUN-TOT-SUN,CRY,MCI,MUN,TOT,SUN,2.6,3.0,2.0,2.67,2.33,2.4545,-0.2
CRY-MCI-NFO-TOT-SUN,CRY,MCI,NFO,TOT,SUN,2.6,3.0,2.33,2.67,2.5,2.5455,-0.2
CRY-MUN-NFO-TOT-SUN,CRY,MUN,NFO,TOT,SUN,2.4,3.0,2.0,3.0,2.5,2.4545,0.0
EVE-IPS-LEE-LIV-MCI,EVE,IPS,LEE,LIV,MCI,2.8,3.0,3.0,2.33,2.67,2.7273,-0.15
EVE-IPS-LEE-LIV-MUN,EVE,IPS,LEE,LIV,MUN,2.6,3.0,2.67,2.67,2.67,2.6364,-0.05
EVE-IPS-LEE-LIV-TOT,EVE,IPS,LEE,LIV,TOT,2.8,3.0,2.67,2.67,2.67,2.7273,-0.15
EVE-IPS-LEE-MCI-MUN,EVE,IPS,LEE,MCI,MUN,2.6,3.0,2.67,2.67,2.67,2.6364,-0.05
EVE-IPS-LEE-MCI-TOT,EVE,IPS,LEE,MCI,TOT,2.8,3.0,2.67,2.67,2.67,2.7273,-0.15
EVE-IPS-LEE-MUN-TOT,EVE,IPS,LEE,MUN,TOT,2.6,3.0,2.33,3.0,2.67,2.6364,0.25
EVE-IPS-LIV-MCI-MUN,EVE,IPS,LIV,MCI,MUN,2.6,3.0,2.67,2.33,2.5,2.5455,-0.2
EVE-IPS-LIV-MCI-NFO,EVE,IPS,LIV,MCI,NFO,2.6,3.0,3.0,2.33,2.67,2.6364,-0.0634
EVE-IPS-LIV-MCI-TOT,EVE,IPS,LIV,MCI,TOT,2.8,3.0,2.67,2.33,2.5,2.6364,-0.25
EVE-IPS-LIV-MUN-NFO,EVE,IPS,LIV,MUN,NFO,2.4,3.0,2.67,2.67,2.67,2.5455,0.0366
EVE-IPS-LIV-MUN-TOT,EVE,IPS,LIV,MUN,TOT,2.6,3.0,2.33,2.67,2.5,2.5455,-0.05
EVE-IPS-LIV-NFO-TOT,EVE,IPS,LIV,NFO,TOT,2.6,3.0,2.67,2.67,2.67,2.6364,-0.15
EVE-IPS-MCI-MUN-NFO,EVE,IPS,MCI,MUN,NFO,2.4,3.0,2.67,2.67,2.67,2.5455,0.0366
EVE-IPS-MCI-MUN-TOT,EVE,IPS,MCI,MUN,TOT,2.6,3.0,2.33,2.67,2.5,2.5455,-0.05
EVE-IPS-MCI-NFO-TOT,EVE,IPS,MCI,NFO,TOT,2.6,3.0,2.67,2.67,2.67,2.6364,-0.15
EVE-IPS-MUN-NFO-TOT,EVE,IPS,MUN,NFO,TOT,2.4,3.0,2.33,3.0,2.67,2.5455,0.25
EVE-LEE-LIV-MCI-MUN,EVE,LEE,LIV,MCI,MUN,2.8,3.0,2.67,2.33,2.5,2.6364,-0.2
EVE-LEE-LIV-MCI-TOT,EVE,LEE,LIV,MCI,TOT,3.0,3.0,2.67,2.33,2.5,2.7273,-0.15
EVE-LEE-LIV-MCI-SUN,EVE,LEE,LIV,MCI,SUN,2.8,3.0,2.67,2.33,2.5,2.6364,-0.2
EVE-LEE-LIV-MUN-TOT,EVE,LEE,LIV,MUN,TOT,2.8,3.0,2.33,2.67,2.5,2.6364,-0.05
EVE-LEE-LIV-MUN-SUN,EVE,LEE,LIV,MUN,SUN,2.6,3.0,2.33,2.67,2.5,2.5455,0.0
EVE-LEE-LIV-TOT-SUN,EVE,LEE,LIV,TOT,SUN,2.8,3.0,2.33,2.67,2.5,2.6364,-0.05
EVE-LEE-MCI-MUN-TOT,EVE,LEE,MCI,MUN,TOT,2.8,3.0,2.33,2.67,2.5,2.6364,-0.05
EVE-LEE-MCI-MUN-SUN,EVE,LEE,MCI,MUN,SUN,2.6,3.0,2.33,2.67,2.5,2.5455,0.0
EVE-LEE-MCI-TOT-SUN,EVE,LEE,MCI,TOT,SUN,2.8,3.0,2.33,2.67,2.5,2.6364,-0.05
EVE-LEE-MUN-TOT-SUN,EVE,LEE,MUN,TOT,SUN,2.6,3.0,2.0,3.0,2.5,2.5455,0.45
EVE-LIV-MCI-MUN-NFO,EVE,LIV,MCI,MUN,NFO,2.6,3.0,2.67,2.33,2.5,2.5455,-0.2
EVE-LIV-MCI-MUN-TOT,EVE,LIV,MCI,MUN,TOT,2.8,3.0,2.33,2.33,2.33,2.5455,-0.2
EVE-LIV-MCI-MUN-SUN,EVE,LIV,MCI,MUN,SUN,2.6,3.0,2.33,2.33,2.33,2.4545,-0.2
EVE-LIV-MCI-NFO-TOT,EVE,LIV,MCI,NFO,TOT,2.8,3.0,2.67,2.33,2.5,2.6364,-0.2366
EVE-LIV-MCI-NFO-SUN,EVE,LIV,MCI,NFO,SUN,2.6,3.0,2.67,2.33,2.5,2.5455,-0.2
EVE-LIV-MCI-TOT-SUN,EVE,LIV,MCI,TOT,SUN,2.8,3.0,2.33,2.33,2.33,2.5455,-0.2
EVE-LIV-MUN-NFO-TOT,EVE,LIV,MUN,NFO,TOT,2.6,3.0,2.33,2.67,2.5,2.5455,-0.1366
EVE-LIV-MUN-NFO-SUN,EVE,LIV,MUN,NFO,SUN,2.4,3.0,2.33,2.67,2.5,2.4545,0.0
EVE-LIV-MUN-TOT-SUN,EVE,LIV,MUN,TOT,SUN,2.6,3.0,2.0,2.67,2.33,2.4545,0.1
EVE-LIV-NFO-TOT-SUN,EVE,LIV,NFO,TOT,SUN,2.6,3.0,2.33,2.67,2.5,2.5455,-0.1366
EVE-MCI-MUN-NFO-TOT,EVE,MCI,MUN,NFO,TOT,2.6,3.0,2.33,2.67,2.5,2.5455,-0.1366
EVE-MCI-MUN-NFO-SUN,EVE,MCI,MUN,NFO,SUN,2.4,3.0,2.33,2.67,2.5,2.4545,0.0
EVE-MCI-MUN-TOT-SUN,EVE,MCI,MUN,TOT,SUN,2.6,3.0,2.0,2.67,2.33,2.4545,0.1
EVE-MCI-NFO-TOT-SUN,EVE,MCI,NFO,TOT,SUN,2.6,3.0,2.33,2.67,2.5,2.5455,-0.1366
EVE-MUN-NFO-TOT-SUN,EVE,MUN,NFO,TOT,SUN,2.4,3.0,2.0,3.0,2.5,2.4545,0.3634
IPS-LEE-LIV-MCI-MUN,IPS,LEE,LIV,MCI,MUN,2.6,3.0,2.67,2.33,2.5,2.5455,-0.15
IPS-LEE-LIV-MCI-TOT,IPS,LEE,LIV,MCI,TOT,2.8,3.0,2.67,2.33,2.5,2.6364,-0.15
IPS-LEE-LIV-MUN-TOT,IPS,LEE,LIV,MUN,TOT,2.6,3.0,2.33,2.67,2.5,2.5455,-0.15
IPS-LEE-MCI-MUN-TOT,IPS,LEE,MCI,MUN,TOT,2.6,3.0,2.33,2.67,2.5,2.5455,-0.15
IPS-LIV-MCI-MUN-NFO,IPS,LIV,MCI,MUN,NFO,2.4,3.0,2.67,2.33,2.5,2.4545,-0.0634
IPS-LIV-MCI-MUN-TOT,IPS,LIV,MCI,MUN,TOT,2.6,3.0,2.33,2.33,2.33,2.4545,-0.25
IPS-LIV-MCI-NFO-TOT,IPS,LIV,MCI,NFO,TOT,2.6,3.0,2.67,2.33,2.5,2.5455,-0.15
IPS-LIV-MUN-NFO-TOT,IPS,LIV,MUN,NFO,TOT,2.4,3.0,2.33,2.67,2.5,2.4545,-0.15
IPS-MCI-MUN-NFO-TOT,IPS,MCI,MUN,NFO,TOT,2.4,3.0,2.33,2.67,2.5,2.4545,-0.15
LEE-LIV-MCI-MUN-TOT,LEE,LIV,MCI,MUN,TOT,2.8,3.0,2.33,2.33,2.33,2.5455,-0.15
LEE-LIV-MCI-MUN-SUN,LEE,LIV,MCI,MUN,SUN,2.6,3.0,2.33,2.33,2.33,2.4545,-0.2
LEE-LIV-MCI-TOT-SUN,LEE,LIV,MCI,TOT,SUN,2.8,3.0,2.33,2.33,2.33,2.5455,-0.15
LEE-LIV-MUN-TOT-SUN,LEE,LIV,MUN,TOT,SUN,2.6,3.0,2.0,2.67,2.33,2.4545,-0.05
LEE-MCI-MUN-TOT-SUN,LEE,MCI,MUN,TOT,SUN,2.6,3.0,2.0,2.67,2.33,2.4545,-0.05
LIV-MCI-MUN-NFO-TOT,LIV,MCI,MUN,NFO,TOT,2.6,3.0,2.33,2.33,2.33,2.4545,-0.2366
LIV-MCI-MUN-NFO-SUN,LIV,MCI,MUN,NFO,SUN,2.4,3.0,2.33,2.33,2.33,2.3636,-0.2
LIV-MCI-MUN-TOT-SUN,LIV,MCI,MUN,TOT,SUN,2.6,3.0,2.0,2.33,2.17,2.3636,-0.2
LIV-MCI-NFO-TOT-SUN,LIV,MCI,NFO,TOT,SUN,2.6,3.0,2.33,2.33,2.33,2.4545,-0.2366
LIV-MUN-NFO-TOT-SUN,LIV,MUN,NFO,TOT,SUN,2.4,3.0,2.0,2.67,2.33,2.3636,-0.1366
MCI-MUN-NFO-TOT-SUN,MCI,MUN,NFO,TOT,SUN,2.4,3.0,2.0,2.67,2.33,2.3636,-0.1366
