horizon,budget_band,total_price,dcs,oc_score,s_risk,tot_rot_xp,raw_rot_xp,auto_sub_ev,rot_xp_per_gw,rot_avg_fdr,no_diff_pct,all_easy_pct,avg_fdr_corr,num_unique_clubs,allocation_pattern,lineup,def1,def2,def3,def4,def5
full_season,Band 1: Budget (£20.5m-£22.5m),22.5,77.86,17.619,77.14,697.48,673.81,23.67,18.35,2.59,94.7,13.2,-0.1307,5,1+1+1+1+1,Calafiori (ARS) + Vuskovic (BHA) + Thomas (COV) + Mendy (HUL) + O'Nien (SUN),Calafiori,Vuskovic,Thomas,Mendy,O'Nien
full_season,Band 1: Budget (£20.5m-£22.5m),22.5,76.46,17.393,76.69,688.92,665.33,23.6,18.13,2.6,94.7,13.2,-0.0988,5,1+1+1+1+1,Calafiori (ARS) + Vuskovic (BHA) + Mendy (HUL) + Greaves (IPS) + O'Nien (SUN),Calafiori,Vuskovic,Mendy,Greaves,O'Nien
full_season,Band 1: Budget (£20.5m-£22.5m),22.5,76.26,17.695,72.07,700.38,674.92,25.45,18.43,2.62,86.8,10.5,-0.0914,5,1+1+1+1+1,Calafiori (ARS) + Vuskovic (BHA) + Thomas (COV) + Greaves (IPS) + O'Nien (SUN),Calafiori,Vuskovic,Thomas,Greaves,O'Nien
full_season,Band 1: Budget (£20.5m-£22.5m),22.5,75.11,17.619,70.25,697.48,673.32,24.17,18.35,2.64,84.2,7.9,-0.0781,5,1+1+1+1+1,Calafiori (ARS) + Vuskovic (BHA) + Thomas (COV) + Mendy (HUL) + Greaves (IPS),Calafiori,Vuskovic,Thomas,Mendy,Greaves
full_season,Band 1: Budget (£20.5m-£22.5m),22.5,73.2,16.795,76.7,666.2,640.95,25.25,17.53,2.6,94.7,13.2,-0.1,5,1+1+1+1+1,Calafiori (ARS) + Thomas (COV) + Greaves (IPS) + Muharemović (LEE) + O'Nien (SUN),Calafiori,Thomas,Greaves,Muharemović,O'Nien
full_season,Band 1: Budget (£20.5m-£22.5m),22.5,72.91,16.45,80.67,653.08,628.86,24.23,17.19,2.56,100.0,5.3,-0.1696,5,1+1+1+1+1,Calafiori (ARS) + De Cuyper (BHA) + Thomas (COV) + Justin (LEE) + O'Nien (SUN),Calafiori,De Cuyper,Thomas,Justin,O'Nien
full_season,Band 1: Budget (£20.5m-£22.5m),22.5,72.7,16.404,80.8,651.32,627.1,24.22,17.14,2.55,100.0,7.9,-0.1588,5,1+1+1+1+1,Calafiori (ARS) + Thomas (COV) + Justin (LEE) + O'Nien (SUN) + Robertson (TOT),Calafiori,Thomas,Justin,O'Nien,Robertson
full_season,Band 1: Budget (£20.5m-£22.5m),22.5,72.62,16.683,76.8,661.91,638.32,23.59,17.42,2.59,94.7,13.2,-0.0857,5,1+1+1+1+1,Calafiori (ARS) + Thomas (COV) + Mendy (HUL) + Muharemović (LEE) + O'Nien (SUN),Calafiori,Thomas,Mendy,Muharemović,O'Nien
full_season,Band 1: Budget (£20.5m-£22.5m),22.5,72.43,16.466,79.25,653.69,628.71,24.97,17.2,2.56,97.4,10.5,-0.1558,5,1+1+1+1+1,Calafiori (ARS) + Pau (AVL) + Thomas (COV) + Justin (LEE) + O'Nien (SUN),Calafiori,Pau,Thomas,Justin,O'Nien
full_season,Band 1: Budget (£20.5m-£22.5m),22.5,72.06,16.717,74.93,663.22,639.31,23.9,17.45,2.61,92.1,7.9,-0.0936,5,1+1+1+1+1,Calafiori (ARS) + Thomas (COV) + Mendy (HUL) + Greaves (IPS) + Muharemović (LEE),Calafiori,Thomas,Mendy,Greaves,Muharemović
full_season,Band 1: Budget (£20.5m-£22.5m),22.5,71.91,16.458,78.07,653.38,629.87,23.51,17.19,2.59,97.4,15.8,-0.0805,5,1+1+1+1+1,Calafiori (ARS) + Mendy (HUL) + Greaves (IPS) + Muharemović (LEE) + O'Nien (SUN),Calafiori,Mendy,Greaves,Muharemović,O'Nien
full_season,Band 1: Budget (£20.5m-£22.5m),22.0,71.71,16.521,76.7,650.18,625.14,25.04,17.11,2.6,94.7,13.2,-0.1,5,1+1+1+1+1,Calafiori (ARS) + Thomas (COV) + Greaves (IPS) + Justin (LEE) + O'Nien (SUN),Calafiori,Thomas,Greaves,Justin,O'Nien
full_season,Band 1: Budget (£20.5m-£22.5m),22.5,71.71,16.36,78.91,649.66,624.7,24.96,17.1,2.56,97.4,10.5,-0.1096,5,1+1+1+1+1,Calafiori (ARS) + Thomas (COV) + Justin (LEE) + Aina (NFO) + O'Nien (SUN),Calafiori,Thomas,Justin,Aina,O'Nien
full_season,Band 1: Budget (£20.5m-£22.5m),22.5,71.65,16.214,80.76,644.09,620.15,23.94,16.95,2.54,100.0,15.8,-0.1273,5,1+1+1+1+1,Calafiori (ARS) + Thomas (COV) + Aina (NFO) + O'Nien (SUN) + Robertson (TOT),Calafiori,Thomas,Aina,O'Nien,Robertson
full_season,Band 1: Budget (£20.5m-£22.5m),22.5,71.6,16.205,80.75,643.76,619.78,23.98,16.94,2.55,100.0,10.5,-0.1522,5,1+1+1+1+1,Calafiori (ARS) + Greaves (IPS) + Justin (LEE) + O'Nien (SUN) + Robertson (TOT),Calafiori,Greaves,Justin,O'Nien,Robertson
full_season,Band 1: Budget (£20.5m-£22.5m),22.5,71.38,16.277,79.21,646.49,622.77,23.72,17.01,2.56,97.4,10.5,-0.15,5,1+1+1+1+1,Calafiori (ARS) + De Cuyper (BHA) + Thomas (COV) + Aina (NFO) + O'Nien (SUN),Calafiori,De Cuyper,Thomas,Aina,O'Nien
full_season,Band 1: Budget (£20.5m-£22.5m),22.5,71.32,16.299,78.76,647.35,622.19,25.16,17.04,2.57,97.4,10.5,-0.1175,5,1+1+1+1+1,Pau (AVL) + Vuskovic (BHA) + Thomas (COV) + Muharemović (LEE) + O'Nien (SUN),Pau,Vuskovic,Thomas,Muharemović,O'Nien
full_season,Band 1: Budget (£20.5m-£22.5m),22.5,71.3,16.507,75.89,655.23,630.03,25.2,17.24,2.59,92.1,7.9,-0.1399,5,1+1+1+1+1,Calafiori (ARS) + Pau (AVL) + Thomas (COV) + Greaves (IPS) + Justin (LEE),Calafiori,Pau,Thomas,Greaves,Justin
full_season,Band 1: Budget (£20.5m-£22.5m),22.5,71.23,16.366,77.62,649.9,626.12,23.78,17.1,2.57,94.7,7.9,-0.1406,5,1+1+1+1+1,Calafiori (ARS) + Pau (AVL) + De Cuyper (BHA) + Thomas (COV) + O'Nien (SUN),Calafiori,Pau,De Cuyper,Thomas,O'Nien
full_season,Band 1: Budget (£20.5m-£22.5m),22.5,71.17,16.423,76.7,652.06,626.61,25.45,17.16,2.6,94.7,10.5,-0.0999,5,1+1+1+1+1,Vuskovic (BHA) + Thomas (COV) + Greaves (IPS) + Gvardiol (MCI) + O'Nien (SUN),Vuskovic,Thomas,Greaves,Gvardiol,O'Nien
full_season,Band 1: Budget (£20.5m-£22.5m),22.5,71.03,16.217,79.17,644.2,620.45,23.75,16.95,2.55,97.4,10.5,-0.1178,5,1+1+1+1+1,Calafiori (ARS) + Pau (AVL) + Kayode (BRE) + Thomas (COV) + O'Nien (SUN),Calafiori,Pau,Kayode,Thomas,O'Nien
full_season,Band 1: Budget (£20.5m-£22.5m),22.5,71.03,16.255,78.64,645.68,621.32,24.35,16.99,2.56,97.4,15.8,-0.0738,5,1+1+1+1+1,Calafiori (ARS) + Thomas (COV) + Justin (LEE) + Heaven (MUN) + O'Nien (SUN),Calafiori,Thomas,Justin,Heaven,O'Nien
full_season,Band 1: Budget (£20.5m-£22.5m),22.5,70.98,16.243,78.68,645.21,621.34,23.87,16.98,2.57,97.4,10.5,-0.1063,5,1+1+1+1+1,Calafiori (ARS) + De Cuyper (BHA) + Greaves (IPS) + Justin (LEE) + O'Nien (SUN),Calafiori,De Cuyper,Greaves,Justin,O'Nien
full_season,Band 1: Budget (£20.5m-£22.5m),22.5,70.97,16.265,78.37,646.03,621.98,24.05,17.0,2.58,97.4,5.3,-0.0931,5,1+1+1+1+1,Calafiori (ARS) + Thomas (COV) + Castagne (FUL) + Justin (LEE) + O'Nien (SUN),Calafiori,Thomas,Castagne,Justin,O'Nien
full_season,Band 1: Budget (£20.5m-£22.5m),22.0,70.96,16.378,76.8,644.75,621.23,23.52,16.97,2.59,94.7,13.2,-0.0857,5,1+1+1+1+1,Calafiori (ARS) + Thomas (COV) + Mendy (HUL) + Justin (LEE) + O'Nien (SUN),Calafiori,Thomas,Mendy,Justin,O'Nien
full_season,Band 1: Budget (£20.5m-£22.5m),22.5,70.95,16.221,78.9,644.38,621.07,23.3,16.96,2.56,97.4,10.5,-0.1088,5,1+1+1+1+1,Calafiori (ARS) + Smith (BOU) + Thomas (COV) + Justin (LEE) + O'Nien (SUN),Calafiori,Smith,Thomas,Justin,O'Nien
full_season,Band 1: Budget (£20.5m-£22.5m),22.5,70.85,16.206,78.85,643.81,618.76,25.05,16.94,2.57,97.4,7.9,-0.1291,5,1+1+1+1+1,Vuskovic (BHA) + Thomas (COV) + Muharemović (LEE) + Aina (NFO) + O'Nien (SUN),Vuskovic,Thomas,Muharemović,Aina,O'Nien
full_season,Band 1: Budget (£20.5m-£22.5m),22.0,70.77,16.355,76.63,643.88,618.66,25.22,16.94,2.6,94.7,10.5,-0.0908,5,1+1+1+1+1,Vuskovic (BHA) + Thomas (COV) + Greaves (IPS) + Muharemović (LEE) + O'Nien (SUN),Vuskovic,Thomas,Greaves,Muharemović,O'Nien
full_season,Band 1: Budget (£20.5m-£22.5m),22.5,70.71,16.311,77.08,647.78,623.21,24.57,17.05,2.58,94.7,10.5,-0.0963,5,1+1+1+1+1,Calafiori (ARS) + Thomas (COV) + Greaves (IPS) + Justin (LEE) + Heaven (MUN),Calafiori,Thomas,Greaves,Justin,Heaven
full_season,Band 1: Budget (£20.5m-£22.5m),22.5,70.68,16.334,76.7,648.66,624.28,24.38,17.07,2.6,94.7,13.2,-0.1,5,1+1+1+1+1,Calafiori (ARS) + Thomas (COV) + Greaves (IPS) + Justin (LEE) + Hume (SUN),Calafiori,Thomas,Greaves,Justin,Hume
full_season,Band 1: Budget (£20.5m-£22.5m),22.5,70.63,16.044,80.52,637.66,615.35,22.31,16.78,2.56,100.0,5.3,-0.1496,5,1+1+1+1+1,Calafiori (ARS) + De Cuyper (BHA) + Mendy (HUL) + Justin (LEE) + O'Nien (SUN),Calafiori,De Cuyper,Mendy,Justin,O'Nien
full_season,Band 1: Budget (£20.5m-£22.5m),22.5,70.59,16.317,76.7,648.0,623.72,24.28,17.05,2.6,94.7,2.6,-0.1,5,1+1+1+1+1,Calafiori (ARS) + Thomas (COV) + Castagne (FUL) + Greaves (IPS) + Justin (LEE),Calafiori,Thomas,Castagne,Greaves,Justin
full_season,Band 1: Budget (£20.5m-£22.5m),22.5,70.56,16.271,77.25,646.26,622.11,24.15,17.01,2.57,94.7,5.3,-0.0918,5,1+1+1+1+1,Calafiori (ARS) + Kayode (BRE) + Thomas (COV) + Justin (LEE) + O'Nien (SUN),Calafiori,Kayode,Thomas,Justin,O'Nien
full_season,Band 1: Budget (£20.5m-£22.5m),22.5,70.54,16.13,79.12,640.92,617.77,23.15,16.87,2.56,97.4,13.2,-0.1375,5,1+1+1+1+1,Calafiori (ARS) + De Cuyper (BHA) + Thomas (COV) + Heaven (MUN) + O'Nien (SUN),Calafiori,De Cuyper,Thomas,Heaven,O'Nien
full_season,Band 1: Budget (£20.5m-£22.5m),22.0,70.52,16.433,74.93,646.85,623.12,23.73,17.02,2.61,92.1,7.9,-0.0936,5,1+1+1+1+1,Calafiori (ARS) + Thomas (COV) + Mendy (HUL) + Greaves (IPS) + Justin (LEE),Calafiori,Thomas,Mendy,Greaves,Justin
full_season,Band 1: Budget (£20.5m-£22.5m),22.5,70.48,16.0,80.75,635.98,612.95,23.03,16.74,2.54,100.0,15.8,-0.125,5,1+1+1+1+1,Calafiori (ARS) + Smith (BOU) + Thomas (COV) + Aina (NFO) + O'Nien (SUN),Calafiori,Smith,Thomas,Aina,O'Nien
full_season,Band 1: Budget (£20.5m-£22.5m),22.5,70.47,16.258,77.2,645.76,620.97,24.79,16.99,2.57,94.7,15.8,-0.085,5,1+1+1+1+1,Calafiori (ARS) + Pau (AVL) + Greaves (IPS) + Justin (LEE) + O'Nien (SUN),Calafiori,Pau,Greaves,Justin,O'Nien
full_season,Band 1: Budget (£20.5m-£22.5m),22.5,70.35,16.269,76.76,646.18,622.54,23.63,17.0,2.59,94.7,2.6,-0.0801,5,1+1+1+1+1,Calafiori (ARS) + Thomas (COV) + Mendy (HUL) + Justin (LEE) + Aina (NFO),Calafiori,Thomas,Mendy,Justin,Aina
full_season,Band 1: Budget (£20.5m-£22.5m),22.5,70.33,16.103,78.96,639.88,616.88,23.01,16.84,2.56,97.4,10.5,-0.1166,5,1+1+1+1+1,Calafiori (ARS) + Pau (AVL) + Smith (BOU) + Thomas (COV) + O'Nien (SUN),Calafiori,Pau,Smith,Thomas,O'Nien
full_season,Band 1: Budget (£20.5m-£22.5m),22.0,70.27,16.226,77.14,638.96,616.74,22.22,16.81,2.59,94.7,13.2,-0.1307,5,1+1+1+1+1,Calafiori (ARS) + De Cuyper (BHA) + Thomas (COV) + Mendy (HUL) + O'Nien (SUN),Calafiori,De Cuyper,Thomas,Mendy,O'Nien
full_season,Band 1: Budget (£20.5m-£22.5m),22.0,70.25,16.154,78.07,636.22,612.77,23.44,16.74,2.59,97.4,15.8,-0.0805,5,1+1+1+1+1,Calafiori (ARS) + Mendy (HUL) + Greaves (IPS) + Justin (LEE) + O'Nien (SUN),Calafiori,Mendy,Greaves,Justin,O'Nien
full_season,Band 1: Budget (£20.5m-£22.5m),22.0,70.19,16.014,79.82,630.92,607.44,23.48,16.6,2.58,100.0,7.9,-0.1105,5,1+1+1+1+1,Vuskovic (BHA) + Mendy (HUL) + Greaves (IPS) + Muharemović (LEE) + O'Nien (SUN),Vuskovic,Mendy,Greaves,Muharemović,O'Nien
full_season,Band 1: Budget (£20.5m-£22.5m),22.0,70.19,16.239,76.77,639.45,615.89,23.56,16.83,2.6,94.7,7.9,-0.1097,5,1+1+1+1+1,Vuskovic (BHA) + Thomas (COV) + Mendy (HUL) + Muharemović (LEE) + O'Nien (SUN),Vuskovic,Thomas,Mendy,Muharemović,O'Nien
full_season,Band 1: Budget (£20.5m-£22.5m),22.5,70.18,16.428,74.17,652.22,627.66,24.56,17.16,2.6,89.5,7.9,-0.114,5,1+1+1+1+1,Calafiori (ARS) + Thomas (COV) + Greaves (IPS) + Justin (LEE) + Robertson (TOT),Calafiori,Thomas,Greaves,Justin,Robertson
full_season,Band 1: Budget (£20.5m-£22.5m),22.5,70.17,16.304,75.83,647.52,624.76,22.76,17.04,2.6,92.1,2.6,-0.1598,5,1+1+1+1+1,Calafiori (ARS) + De Cuyper (BHA) + Thomas (COV) + Mendy (HUL) + Justin (LEE),Calafiori,De Cuyper,Thomas,Mendy,Justin
full_season,Band 1: Budget (£20.5m-£22.5m),22.5,70.16,16.299,75.87,647.34,623.37,23.96,17.04,2.57,92.1,13.2,-0.0826,5,1+1+1+1+1,Calafiori (ARS) + Pau (AVL) + Thomas (COV) + O'Nien (SUN) + Robertson (TOT),Calafiori,Pau,Thomas,O'Nien,Robertson
full_season,Band 1: Budget (£20.5m-£22.5m),22.5,70.16,16.219,76.96,644.28,620.48,23.8,16.95,2.59,94.7,13.2,-0.1073,5,1+1+1+1+1,Pau (AVL) + Vuskovic (BHA) + Thomas (COV) + Mendy (HUL) + Muharemović (LEE),Pau,Vuskovic,Thomas,Mendy,Muharemović
full_season,Band 1: Budget (£20.5m-£22.5m),22.5,70.16,16.347,75.23,649.15,625.48,23.67,17.08,2.61,92.1,7.9,-0.1062,5,1+1+1+1+1,Vuskovic (BHA) + Thomas (COV) + Mendy (HUL) + Gvardiol (MCI) + O'Nien (SUN),Vuskovic,Thomas,Mendy,Gvardiol,O'Nien
full_season,Band 1: Budget (£20.5m-£22.5m),22.5,70.15,15.982,80.17,635.28,612.09,23.19,16.72,2.56,100.0,13.2,-0.1022,5,1+1+1+1+1,Calafiori (ARS) + Smith (BOU) + Greaves (IPS) + Justin (LEE) + O'Nien (SUN),Calafiori,Smith,Greaves,Justin,O'Nien
full_season,Band 1: Budget (£20.5m-£22.5m),22.5,70.12,16.276,76.07,646.46,623.87,22.59,17.01,2.58,92.1,5.3,-0.1369,5,1+1+1+1+1,Calafiori (ARS) + De Cuyper (BHA) + Thomas (COV) + O'Nien (SUN) + Robertson (TOT),Calafiori,De Cuyper,Thomas,O'Nien,Robertson
full_season,Band 2: Mid-Value (£23.0m-£24.0m),24.0,81.08,17.936,80.83,726.33,699.64,26.69,19.11,2.55,100.0,5.3,-0.1637,5,1+1+1+1+1,Calafiori (ARS) + Vuskovic (BHA) + Thomas (COV) + Gvardiol (MCI) + O'Nien (SUN),Calafiori,Vuskovic,Thomas,Gvardiol,O'Nien
full_season,Band 2: Mid-Value (£23.0m-£24.0m),23.5,80.62,17.865,80.67,718.01,691.53,26.49,18.9,2.56,100.0,5.3,-0.1696,5,1+1+1+1+1,Calafiori (ARS) + Vuskovic (BHA) + Thomas (COV) + Muharemović (LEE) + O'Nien (SUN),Calafiori,Vuskovic,Thomas,Muharemović,O'Nien
full_season,Band 2: Mid-Value (£23.0m-£24.0m),24.0,79.72,17.7,80.67,717.35,691.5,25.86,18.88,2.56,100.0,5.3,-0.1696,5,1+1+1+1+1,Calafiori (ARS) + Vuskovic (BHA) + Thomas (COV) + Muharemović (LEE) + Hume (SUN),Calafiori,Vuskovic,Thomas,Muharemović,Hume
full_season,Band 2: Mid-Value (£23.0m-£24.0m),24.0,79.68,17.788,79.35,720.71,693.92,26.79,18.97,2.56,97.4,7.9,-0.1688,5,1+1+1+1+1,Calafiori (ARS) + Pau (AVL) + Vuskovic (BHA) + Thomas (COV) + Muharemović (LEE),Calafiori,Pau,Vuskovic,Thomas,Muharemović
full_season,Band 2: Mid-Value (£23.0m-£24.0m),23.5,79.66,17.699,80.52,711.72,687.66,24.05,18.73,2.56,100.0,5.3,-0.1496,5,1+1+1+1+1,Calafiori (ARS) + Vuskovic (BHA) + Mendy (HUL) + Muharemović (LEE) + O'Nien (SUN),Calafiori,Vuskovic,Mendy,Muharemović,O'Nien
full_season,Band 2: Mid-Value (£23.0m-£24.0m),24.0,79.57,17.695,80.36,717.15,691.5,25.65,18.87,2.55,100.0,7.9,-0.1012,5,1+1+1+1+1,Calafiori (ARS) + Vuskovic (BHA) + Kayode (BRE) + Thomas (COV) + Muharemović (LEE),Calafiori,Vuskovic,Kayode,Thomas,Muharemović
full_season,Band 2: Mid-Value (£23.0m-£24.0m),23.0,79.51,17.66,80.67,704.64,678.71,25.93,18.54,2.56,100.0,5.3,-0.1696,5,1+1+1+1+1,Calafiori (ARS) + Vuskovic (BHA) + Thomas (COV) + Justin (LEE) + O'Nien (SUN),Calafiori,Vuskovic,Thomas,Justin,O'Nien
full_season,Band 2: Mid-Value (£23.0m-£24.0m),24.0,79.48,17.901,77.34,724.98,699.64,25.35,19.08,2.58,94.7,5.3,-0.1301,5,1+1+1+1+1,Calafiori (ARS) + Vuskovic (BHA) + Thomas (COV) + Mendy (HUL) + Gvardiol (MCI),Calafiori,Vuskovic,Thomas,Mendy,Gvardiol
full_season,Band 2: Mid-Value (£23.0m-£24.0m),23.5,79.43,17.793,78.68,715.29,689.71,25.58,18.82,2.57,97.4,10.5,-0.1063,5,1+1+1+1+1,Calafiori (ARS) + Vuskovic (BHA) + Greaves (IPS) + Muharemović (LEE) + O'Nien (SUN),Calafiori,Vuskovic,Greaves,Muharemović,O'Nien
full_season,Band 2: Mid-Value (£23.0m-£24.0m),24.0,79.21,17.854,77.29,723.22,697.38,25.83,19.03,2.57,94.7,13.2,-0.0966,5,1+1+1+1+1,Calafiori (ARS) + Vuskovic (BHA) + Greaves (IPS) + Gvardiol (MCI) + O'Nien (SUN),Calafiori,Vuskovic,Greaves,Gvardiol,O'Nien
full_season,Band 2: Mid-Value (£23.0m-£24.0m),24.0,79.04,17.806,77.52,721.39,697.22,24.17,18.98,2.57,94.7,10.5,-0.1272,5,1+1+1+1+1,Calafiori (ARS) + Vuskovic (BHA) + Mendy (HUL) + Gvardiol (MCI) + O'Nien (SUN),Calafiori,Vuskovic,Mendy,Gvardiol,O'Nien
full_season,Band 2: Mid-Value (£23.0m-£24.0m),24.0,79.02,17.656,79.5,715.7,690.66,25.04,18.83,2.55,97.4,0.0,-0.1616,5,1+1+1+1+1,Calafiori (ARS) + Vuskovic (BHA) + Muharemović (LEE) + O'Nien (SUN) + Robertson (TOT),Calafiori,Vuskovic,Muharemović,O'Nien,Robertson
full_season,Band 2: Mid-Value (£23.0m-£24.0m),24.0,79.02,17.681,79.16,716.62,690.81,25.81,18.86,2.55,97.4,5.3,-0.1167,5,1+1+1+1+1,Calafiori (ARS) + Pau (AVL) + Vuskovic (BHA) + Muharemović (LEE) + O'Nien (SUN),Calafiori,Pau,Vuskovic,Muharemović,O'Nien
full_season,Band 2: Mid-Value (£23.0m-£24.0m),23.5,78.79,17.626,79.35,708.94,682.82,26.12,18.66,2.56,97.4,7.9,-0.1688,5,1+1+1+1+1,Calafiori (ARS) + Pau (AVL) + Vuskovic (BHA) + Thomas (COV) + Justin (LEE),Calafiori,Pau,Vuskovic,Thomas,Justin
full_season,Band 2: Mid-Value (£23.0m-£24.0m),24.0,78.74,17.755,77.47,719.44,693.51,25.94,18.93,2.57,94.7,5.3,-0.1206,5,1+1+1+1+1,Calafiori (ARS) + Vuskovic (BHA) + Thomas (COV) + Muharemović (LEE) + Robertson (TOT),Calafiori,Vuskovic,Thomas,Muharemović,Robertson
full_season,Band 2: Mid-Value (£23.0m-£24.0m),24.0,78.7,17.63,79.07,714.69,689.21,25.48,18.81,2.55,97.4,7.9,-0.1041,5,1+1+1+1+1,Calafiori (ARS) + Vuskovic (BHA) + Muharemović (LEE) + Aina (NFO) + O'Nien (SUN),Calafiori,Vuskovic,Muharemović,Aina,O'Nien
full_season,Band 2: Mid-Value (£23.0m-£24.0m),23.5,78.67,17.758,77.26,713.95,689.71,24.24,18.79,2.59,94.7,2.6,-0.147,5,1+1+1+1+1,Calafiori (ARS) + Vuskovic (BHA) + Mendy (HUL) + Greaves (IPS) + Muharemović (LEE),Calafiori,Vuskovic,Mendy,Greaves,Muharemović
full_season,Band 2: Mid-Value (£23.0m-£24.0m),24.0,78.65,17.833,76.18,722.41,698.25,24.16,19.01,2.58,92.1,7.9,-0.1519,5,1+1+1+1+1,Calafiori (ARS) + Vuskovic (BHA) + Hill (BOU) + Mendy (HUL) + O'Nien (SUN),Calafiori,Vuskovic,Hill,Mendy,O'Nien
full_season,Band 2: Mid-Value (£23.0m-£24.0m),24.0,78.64,17.725,77.62,718.29,691.72,26.57,18.9,2.57,94.7,5.3,-0.1409,5,1+1+1+1+1,Calafiori (ARS) + Vuskovic (BHA) + Thomas (COV) + Muharemović (LEE) + Aina (NFO),Calafiori,Vuskovic,Thomas,Muharemović,Aina
full_season,Band 2: Mid-Value (£23.0m-£24.0m),24.0,78.57,17.5,80.52,709.76,687.27,22.49,18.68,2.56,100.0,5.3,-0.1496,5,1+1+1+1+1,Calafiori (ARS) + Vuskovic (BHA) + Mendy (HUL) + Muharemović (LEE) + Hume (SUN),Calafiori,Vuskovic,Mendy,Muharemović,Hume
full_season,Band 2: Mid-Value (£23.0m-£24.0m),23.5,78.56,17.487,80.67,703.65,678.31,25.33,18.52,2.56,100.0,5.3,-0.1696,5,1+1+1+1+1,Calafiori (ARS) + Vuskovic (BHA) + Thomas (COV) + Justin (LEE) + Hume (SUN),Calafiori,Vuskovic,Thomas,Justin,Hume
full_season,Band 2: Mid-Value (£23.0m-£24.0m),24.0,78.55,17.702,77.73,717.41,691.5,25.92,18.88,2.57,94.7,2.6,-0.155,5,1+1+1+1+1,Calafiori (ARS) + Vuskovic (BHA) + Thomas (COV) + Muharemović (LEE) + Heaven (MUN),Calafiori,Vuskovic,Thomas,Muharemović,Heaven
full_season,Band 2: Mid-Value (£23.0m-£24.0m),24.0,78.53,17.627,78.68,714.59,689.71,24.88,18.8,2.57,97.4,10.5,-0.1063,5,1+1+1+1+1,Calafiori (ARS) + Vuskovic (BHA) + Greaves (IPS) + Muharemović (LEE) + Hume (SUN),Calafiori,Vuskovic,Greaves,Muharemović,Hume
full_season,Band 2: Mid-Value (£23.0m-£24.0m),24.0,78.48,17.922,74.53,725.79,698.91,26.89,19.1,2.59,89.5,5.3,-0.1345,5,1+1+1+1+1,Calafiori (ARS) + Vuskovic (BHA) + Hill (BOU) + Thomas (COV) + O'Nien (SUN),Calafiori,Vuskovic,Hill,Thomas,O'Nien
full_season,Band 2: Mid-Value (£23.0m-£24.0m),23.5,78.48,17.826,75.83,716.56,691.5,25.06,18.86,2.6,92.1,2.6,-0.1598,5,1+1+1+1+1,Calafiori (ARS) + Vuskovic (BHA) + Thomas (COV) + Mendy (HUL) + Muharemović (LEE),Calafiori,Vuskovic,Thomas,Mendy,Muharemović
full_season,Band 2: Mid-Value (£23.0m-£24.0m),24.0,78.47,17.485,80.47,709.18,686.47,22.71,18.66,2.55,100.0,7.9,-0.1155,5,1+1+1+1+1,Calafiori (ARS) + Vuskovic (BHA) + Kayode (BRE) + Mendy (HUL) + Muharemović (LEE),Calafiori,Vuskovic,Kayode,Mendy,Muharemović
full_season,Band 2: Mid-Value (£23.0m-£24.0m),23.5,78.44,17.487,80.36,703.66,678.54,25.12,18.52,2.55,100.0,7.9,-0.1012,5,1+1+1+1+1,Calafiori (ARS) + Vuskovic (BHA) + Kayode (BRE) + Thomas (COV) + Justin (LEE),Calafiori,Vuskovic,Kayode,Thomas,Justin
full_season,Band 2: Mid-Value (£23.0m-£24.0m),24.0,78.39,17.722,77.04,718.19,692.18,26.01,18.9,2.58,94.7,2.6,-0.0903,5,1+1+1+1+1,Calafiori (ARS) + Pau (AVL) + Vuskovic (BHA) + Greaves (IPS) + Muharemović (LEE),Calafiori,Pau,Vuskovic,Greaves,Muharemović
full_season,Band 2: Mid-Value (£23.0m-£24.0m),24.0,78.39,17.821,75.69,721.97,697.38,24.58,19.0,2.59,92.1,10.5,-0.1135,5,1+1+1+1+1,Calafiori (ARS) + Vuskovic (BHA) + Mendy (HUL) + Greaves (IPS) + Gvardiol (MCI),Calafiori,Vuskovic,Mendy,Greaves,Gvardiol
full_season,Band 2: Mid-Value (£23.0m-£24.0m),24.0,78.38,17.454,80.67,707.99,681.52,26.48,18.63,2.56,100.0,5.3,-0.1696,5,1+1+1+1+1,Calafiori (ARS) + Vuskovic (BHA) + Thomas (COV) + Justin (LEE) + Ballard (SUN),Calafiori,Vuskovic,Thomas,Justin,Ballard
full_season,Band 2: Mid-Value (£23.0m-£24.0m),24.0,78.37,17.686,77.47,716.82,691.5,25.33,18.86,2.57,94.7,5.3,-0.1205,5,1+1+1+1+1,Calafiori (ARS) + Vuskovic (BHA) + Thomas (COV) + Mykolenko (EVE) + Muharemović (LEE),Calafiori,Vuskovic,Thomas,Mykolenko,Muharemović
full_season,Band 2: Mid-Value (£23.0m-£24.0m),23.0,78.36,17.558,79.21,700.77,675.52,25.25,18.44,2.56,97.4,10.5,-0.15,5,1+1+1+1+1,Calafiori (ARS) + Vuskovic (BHA) + Thomas (COV) + Aina (NFO) + O'Nien (SUN),Calafiori,Vuskovic,Thomas,Aina,O'Nien
full_season,Band 2: Mid-Value (£23.0m-£24.0m),24.0,78.36,17.693,77.35,717.1,691.5,25.61,18.87,2.58,94.7,5.3,-0.1322,5,1+1+1+1+1,Calafiori (ARS) + Vuskovic (BHA) + Thomas (COV) + Castagne (FUL) + Muharemović (LEE),Calafiori,Vuskovic,Thomas,Castagne,Muharemović
full_season,Band 2: Mid-Value (£23.0m-£24.0m),23.0,78.32,17.667,77.62,704.92,679.67,25.25,18.55,2.57,94.7,7.9,-0.1406,5,1+1+1+1+1,Calafiori (ARS) + Pau (AVL) + Vuskovic (BHA) + Thomas (COV) + O'Nien (SUN),Calafiori,Pau,Vuskovic,Thomas,O'Nien
full_season,Band 2: Mid-Value (£23.0m-£24.0m),24.0,78.31,17.558,79.06,711.97,687.66,24.31,18.74,2.55,97.4,5.3,-0.1024,5,1+1+1+1+1,Calafiori (ARS) + Vuskovic (BHA) + Mykolenko (EVE) + Muharemović (LEE) + O'Nien (SUN),Calafiori,Vuskovic,Mykolenko,Muharemović,O'Nien
full_season,Band 2: Mid-Value (£23.0m-£24.0m),24.0,78.19,17.888,74.28,724.49,698.69,25.8,19.07,2.59,89.5,15.8,-0.1011,5,1+1+1+1+1,Calafiori (ARS) + Vuskovic (BHA) + Hill (BOU) + Greaves (IPS) + O'Nien (SUN),Calafiori,Vuskovic,Hill,Greaves,O'Nien
full_season,Band 2: Mid-Value (£23.0m-£24.0m),23.0,78.05,17.404,80.52,694.93,670.99,23.94,18.29,2.56,100.0,5.3,-0.1496,5,1+1+1+1+1,Calafiori (ARS) + Vuskovic (BHA) + Mendy (HUL) + Justin (LEE) + O'Nien (SUN),Calafiori,Vuskovic,Mendy,Justin,O'Nien
full_season,Band 2: Mid-Value (£23.0m-£24.0m),24.0,78.04,17.884,73.96,724.35,698.79,25.56,19.06,2.61,89.5,2.6,-0.1133,5,1+1+1+1+1,Calafiori (ARS) + Vuskovic (BHA) + Hill (BOU) + Thomas (COV) + Mendy (HUL),Calafiori,Vuskovic,Hill,Thomas,Mendy
full_season,Band 2: Mid-Value (£23.0m-£24.0m),24.0,78.01,17.854,74.3,723.21,698.67,24.54,19.03,2.6,89.5,7.9,-0.1304,5,1+1+1+1+1,Calafiori (ARS) + Vuskovic (BHA) + Hill (BOU) + Mendy (HUL) + Greaves (IPS),Calafiori,Vuskovic,Hill,Mendy,Greaves
full_season,Band 2: Mid-Value (£23.0m-£24.0m),23.0,77.98,17.527,78.68,699.59,674.23,25.36,18.41,2.57,97.4,10.5,-0.1063,5,1+1+1+1+1,Calafiori (ARS) + Vuskovic (BHA) + Greaves (IPS) + Justin (LEE) + O'Nien (SUN),Calafiori,Vuskovic,Greaves,Justin,O'Nien
full_season,Band 2: Mid-Value (£23.0m-£24.0m),23.0,77.98,17.494,79.12,698.34,673.86,24.48,18.38,2.56,97.4,13.2,-0.1375,5,1+1+1+1+1,Calafiori (ARS) + Vuskovic (BHA) + Thomas (COV) + Heaven (MUN) + O'Nien (SUN),Calafiori,Vuskovic,Thomas,Heaven,O'Nien
full_season,Band 2: Mid-Value (£23.0m-£24.0m),23.5,77.93,17.47,79.33,703.04,678.26,24.77,18.5,2.55,97.4,2.6,-0.1383,5,1+1+1+1+1,Calafiori (ARS) + Pau (AVL) + Vuskovic (BHA) + Kayode (BRE) + Thomas (COV),Calafiori,Pau,Vuskovic,Kayode,Thomas
full_season,Band 2: Mid-Value (£23.0m-£24.0m),24.0,77.91,17.629,77.11,714.65,689.84,24.82,18.81,2.58,94.7,5.3,-0.0995,5,1+1+1+1+1,Calafiori (ARS) + Vuskovic (BHA) + Castagne (FUL) + Greaves (IPS) + Muharemović (LEE),Calafiori,Vuskovic,Castagne,Greaves,Muharemović
full_season,Band 2: Mid-Value (£23.0m-£24.0m),24.0,77.87,17.474,79.12,708.75,686.87,21.88,18.65,2.56,97.4,5.3,-0.1387,5,1+1+1+1+1,Calafiori (ARS) + Vuskovic (BHA) + Mykolenko (EVE) + Mendy (HUL) + Muharemović (LEE),Calafiori,Vuskovic,Mykolenko,Mendy,Muharemović
full_season,Band 2: Mid-Value (£23.0m-£24.0m),24.0,77.84,17.577,77.63,712.7,689.66,23.03,18.76,2.57,94.7,5.3,-0.1424,5,1+1+1+1+1,Calafiori (ARS) + Vuskovic (BHA) + Mendy (HUL) + Muharemović (LEE) + Robertson (TOT),Calafiori,Vuskovic,Mendy,Muharemović,Robertson
full_season,Band 2: Mid-Value (£23.0m-£24.0m),23.5,77.8,17.459,79.16,702.59,677.26,25.33,18.49,2.55,97.4,5.3,-0.1167,5,1+1+1+1+1,Calafiori (ARS) + Pau (AVL) + Vuskovic (BHA) + Justin (LEE) + O'Nien (SUN),Calafiori,Pau,Vuskovic,Justin,O'Nien
full_season,Band 2: Mid-Value (£23.0m-£24.0m),24.0,77.79,17.58,77.48,712.78,688.55,24.23,18.76,2.57,94.7,5.3,-0.1216,5,1+1+1+1+1,Calafiori (ARS) + Vuskovic (BHA) + Mendy (HUL) + Muharemović (LEE) + Aina (NFO),Calafiori,Vuskovic,Mendy,Muharemović,Aina
full_season,Band 2: Mid-Value (£23.0m-£24.0m),24.0,77.77,17.604,77.1,713.7,689.71,23.99,18.78,2.57,94.7,7.9,-0.0709,5,1+1+1+1+1,Calafiori (ARS) + Vuskovic (BHA) + Smith (BOU) + Greaves (IPS) + Muharemović (LEE),Calafiori,Vuskovic,Smith,Greaves,Muharemović
full_season,Band 2: Mid-Value (£23.0m-£24.0m),23.5,77.74,17.422,79.5,701.18,676.57,24.61,18.45,2.55,97.4,0.0,-0.1616,5,1+1+1+1+1,Calafiori (ARS) + Vuskovic (BHA) + Justin (LEE) + O'Nien (SUN) + Robertson (TOT),Calafiori,Vuskovic,Justin,O'Nien,Robertson
full_season,Band 2: Mid-Value (£23.0m-£24.0m),23.5,77.73,17.57,77.47,706.82,681.43,25.39,18.6,2.57,94.7,5.3,-0.1206,5,1+1+1+1+1,Calafiori (ARS) + Vuskovic (BHA) + Thomas (COV) + Justin (LEE) + Robertson (TOT),Calafiori,Vuskovic,Thomas,Justin,Robertson
full_season,Band 3: Single Anchor (£24.5m-£25.0m),25.0,81.49,18.013,80.83,740.43,713.67,26.76,19.48,2.55,100.0,5.3,-0.1637,5,1+1+1+1+1,Calafiori (ARS) + Vuskovic (BHA) + Thomas (COV) + O'Reilly (MCI) + O'Nien (SUN),Calafiori,Vuskovic,Thomas,O'Reilly,O'Nien
full_season,Band 3: Single Anchor (£24.5m-£25.0m),25.0,80.21,17.78,80.8,731.58,703.61,27.97,19.25,2.54,100.0,2.6,-0.1322,5,1+1+1+1+1,Calafiori (ARS) + Vuskovic (BHA) + Muharemović (LEE) + Gvardiol (MCI) + O'Nien (SUN),Calafiori,Vuskovic,Muharemović,Gvardiol,O'Nien
full_season,Band 3: Single Anchor (£24.5m-£25.0m),24.5,80.19,17.773,80.83,725.72,699.64,26.08,19.1,2.55,100.0,5.3,-0.1637,5,1+1+1+1+1,Calafiori (ARS) + Vuskovic (BHA) + Thomas (COV) + Gvardiol (MCI) + Hume (SUN),Calafiori,Vuskovic,Thomas,Gvardiol,Hume
full_season,Band 3: Single Anchor (£24.5m-£25.0m),24.5,80.12,17.763,80.8,725.34,698.83,26.5,19.09,2.54,100.0,2.6,-0.1322,5,1+1+1+1+1,Calafiori (ARS) + Vuskovic (BHA) + Justin (LEE) + Gvardiol (MCI) + O'Nien (SUN),Calafiori,Vuskovic,Justin,Gvardiol,O'Nien
full_season,Band 3: Single Anchor (£24.5m-£25.0m),25.0,80.04,17.752,80.75,730.52,703.61,26.91,19.22,2.55,100.0,5.3,-0.1526,5,1+1+1+1+1,Calafiori (ARS) + Vuskovic (BHA) + Mendy (HUL) + Muharemović (LEE) + Gvardiol (MCI),Calafiori,Vuskovic,Mendy,Muharemović,Gvardiol
full_season,Band 3: Single Anchor (£24.5m-£25.0m),24.5,79.93,17.732,80.75,724.15,698.76,25.39,19.06,2.55,100.0,5.3,-0.1526,5,1+1+1+1+1,Calafiori (ARS) + Vuskovic (BHA) + Mendy (HUL) + Justin (LEE) + Gvardiol (MCI),Calafiori,Vuskovic,Mendy,Justin,Gvardiol
full_season,Band 3: Single Anchor (£24.5m-£25.0m),25.0,79.9,17.977,77.34,739.08,713.67,25.41,19.45,2.58,94.7,5.3,-0.1301,5,1+1+1+1+1,Calafiori (ARS) + Vuskovic (BHA) + Thomas (COV) + Mendy (HUL) + O'Reilly (MCI),Calafiori,Vuskovic,Thomas,Mendy,O'Reilly
full_season,Band 3: Single Anchor (£24.5m-£25.0m),24.5,79.87,17.831,79.24,727.94,700.53,27.41,19.16,2.56,97.4,5.3,-0.1547,5,1+1+1+1+1,Calafiori (ARS) + Vuskovic (BHA) + Thomas (COV) + Justin (LEE) + Gvardiol (MCI),Calafiori,Vuskovic,Thomas,Justin,Gvardiol
full_season,Band 3: Single Anchor (£24.5m-£25.0m),25.0,79.82,17.822,79.24,733.17,704.46,28.72,19.29,2.56,97.4,5.3,-0.1547,5,1+1+1+1+1,Calafiori (ARS) + Vuskovic (BHA) + Thomas (COV) + Muharemović (LEE) + Gvardiol (MCI),Calafiori,Vuskovic,Thomas,Muharemović,Gvardiol
full_season,Band 3: Single Anchor (£24.5m-£25.0m),25.0,79.71,17.946,77.29,737.89,712.06,25.82,19.42,2.57,94.7,13.2,-0.0966,5,1+1+1+1+1,Calafiori (ARS) + Vuskovic (BHA) + Greaves (IPS) + O'Reilly (MCI) + O'Nien (SUN),Calafiori,Vuskovic,Greaves,O'Reilly,O'Nien
full_season,Band 3: Single Anchor (£24.5m-£25.0m),24.5,79.63,17.775,79.42,725.81,699.64,26.17,19.1,2.55,97.4,0.0,-0.1501,5,1+1+1+1+1,Calafiori (ARS) + Vuskovic (BHA) + Thomas (COV) + Gvardiol (MCI) + Heaven (MUN),Calafiori,Vuskovic,Thomas,Gvardiol,Heaven
full_season,Band 3: Single Anchor (£24.5m-£25.0m),25.0,79.58,17.661,80.83,727.08,699.68,27.39,19.13,2.55,100.0,5.3,-0.1637,5,1+1+1+1+1,Calafiori (ARS) + Vuskovic (BHA) + Thomas (COV) + Gvardiol (MCI) + Ballard (SUN),Calafiori,Vuskovic,Thomas,Gvardiol,Ballard
full_season,Band 3: Single Anchor (£24.5m-£25.0m),25.0,79.53,17.896,77.52,735.98,711.81,24.17,19.37,2.57,94.7,10.5,-0.1272,5,1+1+1+1+1,Calafiori (ARS) + Vuskovic (BHA) + Mendy (HUL) + O'Reilly (MCI) + O'Nien (SUN),Calafiori,Vuskovic,Mendy,O'Reilly,O'Nien
full_season,Band 3: Single Anchor (£24.5m-£25.0m),25.0,79.44,17.612,81.15,725.2,699.07,26.13,19.08,2.54,100.0,5.3,-0.1788,5,1+1+1+1+1,Calafiori (ARS) + Vuskovic (BHA) + Gvardiol (MCI) + Thiaw (NEW) + O'Nien (SUN),Calafiori,Vuskovic,Gvardiol,Thiaw,O'Nien
full_season,Band 3: Single Anchor (£24.5m-£25.0m),24.5,79.3,17.834,77.8,728.02,700.87,27.15,19.16,2.56,94.7,7.9,-0.1373,5,1+1+1+1+1,Calafiori (ARS) + Pau (AVL) + Vuskovic (BHA) + Thomas (COV) + Gvardiol (MCI),Calafiori,Pau,Vuskovic,Thomas,Gvardiol
full_season,Band 3: Single Anchor (£24.5m-£25.0m),25.0,79.23,17.599,80.8,724.72,698.76,25.96,19.07,2.54,100.0,2.6,-0.1322,5,1+1+1+1+1,Calafiori (ARS) + Vuskovic (BHA) + Justin (LEE) + Gvardiol (MCI) + Hume (SUN),Calafiori,Vuskovic,Justin,Gvardiol,Hume
full_season,Band 3: Single Anchor (£24.5m-£25.0m),24.5,79.2,17.719,79.11,723.67,698.09,25.58,19.04,2.56,97.4,2.6,-0.137,5,1+1+1+1+1,Calafiori (ARS) + Vuskovic (BHA) + Hill (BOU) + Mendy (HUL) + Justin (LEE),Calafiori,Vuskovic,Hill,Mendy,Justin
full_season,Band 3: Single Anchor (£24.5m-£25.0m),24.5,79.16,17.597,80.67,719.05,691.88,27.17,18.92,2.56,100.0,5.3,-0.1696,5,1+1+1+1+1,Calafiori (ARS) + Vuskovic (BHA) + Thomas (COV) + Muharemović (LEE) + Ballard (SUN),Calafiori,Vuskovic,Thomas,Muharemović,Ballard
full_season,Band 3: Single Anchor (£24.5m-£25.0m),25.0,79.13,17.705,79.11,728.72,701.44,27.28,19.18,2.56,97.4,2.6,-0.137,5,1+1+1+1+1,Calafiori (ARS) + Vuskovic (BHA) + Hill (BOU) + Mendy (HUL) + Muharemović (LEE),Calafiori,Vuskovic,Hill,Mendy,Muharemović
full_season,Band 3: Single Anchor (£24.5m-£25.0m),24.5,79.09,17.572,80.83,718.08,691.54,26.54,18.9,2.55,100.0,5.3,-0.1637,5,1+1+1+1+1,Calafiori (ARS) + Vuskovic (BHA) + Thomas (COV) + Guéhi (MCI) + O'Nien (SUN),Calafiori,Vuskovic,Thomas,Guéhi,O'Nien
full_season,Band 3: Single Anchor (£24.5m-£25.0m),24.5,78.95,17.663,79.25,721.55,697.28,24.27,18.99,2.54,97.4,7.9,-0.1006,5,1+1+1+1+1,Calafiori (ARS) + Vuskovic (BHA) + Mingueza (CRY) + Gvardiol (MCI) + O'Nien (SUN),Calafiori,Vuskovic,Mingueza,Gvardiol,O'Nien
full_season,Band 3: Single Anchor (£24.5m-£25.0m),25.0,78.89,17.913,75.69,736.63,712.06,24.57,19.39,2.59,92.1,10.5,-0.1135,5,1+1+1+1+1,Calafiori (ARS) + Vuskovic (BHA) + Mendy (HUL) + Greaves (IPS) + O'Reilly (MCI),Calafiori,Vuskovic,Mendy,Greaves,O'Reilly
full_season,Band 3: Single Anchor (£24.5m-£25.0m),25.0,78.88,17.787,77.36,731.87,703.61,28.26,19.26,2.57,94.7,5.3,-0.1067,5,1+1+1+1+1,Calafiori (ARS) + Vuskovic (BHA) + Greaves (IPS) + Muharemović (LEE) + Gvardiol (MCI),Calafiori,Vuskovic,Greaves,Muharemović,Gvardiol
full_season,Band 3: Single Anchor (£24.5m-£25.0m),25.0,78.87,17.637,79.42,726.13,699.77,26.36,19.11,2.55,97.4,0.0,-0.1501,5,1+1+1+1+1,Calafiori (ARS) + Vuskovic (BHA) + Thomas (COV) + Gvardiol (MCI) + Dalot (MUN),Calafiori,Vuskovic,Thomas,Gvardiol,Dalot
full_season,Band 3: Single Anchor (£24.5m-£25.0m),24.5,78.86,17.762,77.67,725.32,699.35,25.97,19.09,2.55,94.7,10.5,-0.0926,5,1+1+1+1+1,Calafiori (ARS) + Pau (AVL) + Vuskovic (BHA) + Gvardiol (MCI) + O'Nien (SUN),Calafiori,Pau,Vuskovic,Gvardiol,O'Nien
full_season,Band 3: Single Anchor (£24.5m-£25.0m),24.5,78.86,17.769,77.56,725.57,699.64,25.94,19.09,2.56,94.7,7.9,-0.1057,5,1+1+1+1+1,Calafiori (ARS) + Vuskovic (BHA) + Kayode (BRE) + Thomas (COV) + Gvardiol (MCI),Calafiori,Vuskovic,Kayode,Thomas,Gvardiol
full_season,Band 3: Single Anchor (£24.5m-£25.0m),24.5,78.81,17.776,77.36,725.83,698.98,26.85,19.1,2.57,94.7,5.3,-0.1067,5,1+1+1+1+1,Calafiori (ARS) + Vuskovic (BHA) + Greaves (IPS) + Justin (LEE) + Gvardiol (MCI),Calafiori,Vuskovic,Greaves,Justin,Gvardiol
full_season,Band 3: Single Anchor (£24.5m-£25.0m),25.0,78.81,17.645,79.13,726.47,699.64,26.83,19.12,2.55,97.4,10.5,-0.1115,5,1+1+1+1+1,Calafiori (ARS) + Vuskovic (BHA) + Thomas (COV) + Jacquet (LIV) + Gvardiol (MCI),Calafiori,Vuskovic,Thomas,Jacquet,Gvardiol
full_season,Band 3: Single Anchor (£24.5m-£25.0m),24.5,78.8,17.766,77.46,725.46,699.64,25.82,19.09,2.57,94.7,5.3,-0.1195,5,1+1+1+1+1,Calafiori (ARS) + Vuskovic (BHA) + Thomas (COV) + Castagne (FUL) + Gvardiol (MCI),Calafiori,Vuskovic,Thomas,Castagne,Gvardiol
full_season,Band 3: Single Anchor (£24.5m-£25.0m),24.5,78.77,17.755,77.55,725.04,699.64,25.4,19.08,2.56,94.7,10.5,-0.1038,5,1+1+1+1+1,Calafiori (ARS) + Vuskovic (BHA) + Thomas (COV) + Mingueza (CRY) + Gvardiol (MCI),Calafiori,Vuskovic,Thomas,Mingueza,Gvardiol
full_season,Band 3: Single Anchor (£24.5m-£25.0m),24.5,78.76,17.752,77.55,724.94,698.25,26.69,19.08,2.56,94.7,5.3,-0.1042,5,1+1+1+1+1,Calafiori (ARS) + Vuskovic (BHA) + Hill (BOU) + Justin (LEE) + O'Nien (SUN),Calafiori,Vuskovic,Hill,Justin,O'Nien
full_season,Band 3: Single Anchor (£24.5m-£25.0m),24.5,78.68,17.771,77.1,725.66,698.67,27.0,19.1,2.57,94.7,7.9,-0.0709,5,1+1+1+1+1,Calafiori (ARS) + Vuskovic (BHA) + Hill (BOU) + Greaves (IPS) + Justin (LEE),Calafiori,Vuskovic,Hill,Greaves,Justin
full_season,Band 3: Single Anchor (£24.5m-£25.0m),25.0,78.68,17.618,79.17,725.43,698.59,26.85,19.09,2.54,97.4,7.9,-0.0898,5,1+1+1+1+1,Calafiori (ARS) + Vuskovic (BHA) + Hill (BOU) + Justin (LEE) + Aina (NFO),Calafiori,Vuskovic,Hill,Justin,Aina
full_season,Band 3: Single Anchor (£24.5m-£25.0m),24.5,78.66,17.707,77.92,723.23,697.8,25.42,19.03,2.55,94.7,2.6,-0.1257,5,1+1+1+1+1,Calafiori (ARS) + Vuskovic (BHA) + Gvardiol (MCI) + O'Nien (SUN) + Robertson (TOT),Calafiori,Vuskovic,Gvardiol,O'Nien,Robertson
full_season,Band 3: Single Anchor (£24.5m-£25.0m),25.0,78.65,17.733,77.55,729.79,701.44,28.35,19.21,2.56,94.7,5.3,-0.1042,5,1+1+1+1+1,Calafiori (ARS) + Vuskovic (BHA) + Hill (BOU) + Muharemović (LEE) + O'Nien (SUN),Calafiori,Vuskovic,Hill,Muharemović,O'Nien
full_season,Band 3: Single Anchor (£24.5m-£25.0m),24.5,78.64,17.587,79.5,718.64,691.96,26.68,18.91,2.55,97.4,0.0,-0.1616,5,1+1+1+1+1,Calafiori (ARS) + Vuskovic (BHA) + Muharemović (LEE) + O'Nien (SUN) + Van Hecke (TOT),Calafiori,Vuskovic,Muharemović,O'Nien,Van Hecke
full_season,Band 3: Single Anchor (£24.5m-£25.0m),25.0,78.62,17.603,79.25,724.84,698.6,26.23,19.07,2.54,97.4,7.9,-0.1006,5,1+1+1+1+1,Calafiori (ARS) + Vuskovic (BHA) + Canvot (CRY) + Gvardiol (MCI) + O'Nien (SUN),Calafiori,Vuskovic,Canvot,Gvardiol,O'Nien
full_season,Band 3: Single Anchor (£24.5m-£25.0m),25.0,78.62,17.6,79.26,724.76,698.76,26.0,19.07,2.55,97.4,5.3,-0.1297,5,1+1+1+1+1,Calafiori (ARS) + Vuskovic (BHA) + Castagne (FUL) + Justin (LEE) + Gvardiol (MCI),Calafiori,Vuskovic,Castagne,Justin,Gvardiol
full_season,Band 3: Single Anchor (£24.5m-£25.0m),24.5,78.59,17.697,77.89,722.84,698.43,24.41,19.02,2.56,94.7,2.6,-0.149,5,1+1+1+1+1,Calafiori (ARS) + Vuskovic (BHA) + Hill (BOU) + Mendy (HUL) + Aina (NFO),Calafiori,Vuskovic,Hill,Mendy,Aina
full_season,Band 3: Single Anchor (£24.5m-£25.0m),25.0,78.53,17.744,77.1,730.23,701.6,28.63,19.22,2.57,94.7,7.9,-0.0709,5,1+1+1+1+1,Calafiori (ARS) + Vuskovic (BHA) + Hill (BOU) + Greaves (IPS) + Muharemović (LEE),Calafiori,Vuskovic,Hill,Greaves,Muharemović
full_season,Band 3: Single Anchor (£24.5m-£25.0m),25.0,78.5,17.499,80.36,720.91,693.41,27.5,18.97,2.55,100.0,7.9,-0.1012,5,1+1+1+1+1,Calafiori (ARS) + Vuskovic (BHA) + Collins (BRE) + Thomas (COV) + Muharemović (LEE),Calafiori,Vuskovic,Collins,Thomas,Muharemović
full_season,Band 3: Single Anchor (£24.5m-£25.0m),24.5,78.47,17.795,76.23,726.57,699.86,26.71,19.12,2.57,92.1,2.6,-0.1311,5,1+1+1+1+1,Calafiori (ARS) + Vuskovic (BHA) + Thomas (COV) + Gvardiol (MCI) + Aina (NFO),Calafiori,Vuskovic,Thomas,Gvardiol,Aina
full_season,Band 3: Single Anchor (£24.5m-£25.0m),25.0,78.46,17.572,79.27,723.68,698.88,24.8,19.04,2.56,97.4,7.9,-0.1577,5,1+1+1+1+1,Calafiori (ARS) + Vuskovic (BHA) + Mendy (HUL) + Gvardiol (MCI) + Thiaw (NEW),Calafiori,Vuskovic,Mendy,Gvardiol,Thiaw
full_season,Band 3: Single Anchor (£24.5m-£25.0m),24.5,78.4,17.703,77.31,723.06,698.25,24.82,19.03,2.57,94.7,5.3,-0.1,5,1+1+1+1+1,Calafiori (ARS) + Vuskovic (BHA) + Hill (BOU) + Kayode (BRE) + O'Nien (SUN),Calafiori,Vuskovic,Hill,Kayode,O'Nien
full_season,Band 3: Single Anchor (£24.5m-£25.0m),24.5,78.39,17.585,78.9,718.6,697.05,21.55,18.91,2.56,97.4,13.2,-0.1092,5,1+1+1+1+1,Calafiori (ARS) + Vuskovic (BHA) + Mingueza (CRY) + Mendy (HUL) + Gvardiol (MCI),Calafiori,Vuskovic,Mingueza,Mendy,Gvardiol
full_season,Band 3: Single Anchor (£24.5m-£25.0m),24.5,78.39,17.782,76.23,726.06,699.16,26.9,19.11,2.57,92.1,2.6,-0.1309,5,1+1+1+1+1,Calafiori (ARS) + Vuskovic (BHA) + Hill (BOU) + Thomas (COV) + Aina (NFO),Calafiori,Vuskovic,Hill,Thomas,Aina
full_season,Band 3: Single Anchor (£24.5m-£25.0m),25.0,78.37,17.659,77.85,726.99,699.83,27.16,19.13,2.55,94.7,13.2,-0.117,5,1+1+1+1+1,Calafiori (ARS) + Pau (AVL) + Vuskovic (BHA) + Justin (LEE) + Gvardiol (MCI),Calafiori,Pau,Vuskovic,Justin,Gvardiol
full_season,Band 3: Single Anchor (£24.5m-£25.0m),24.5,78.36,17.462,80.52,713.89,688.79,25.1,18.79,2.56,100.0,5.3,-0.1496,5,1+1+1+1+1,Calafiori (ARS) + Vuskovic (BHA) + Mendy (HUL) + Muharemović (LEE) + Ballard (SUN),Calafiori,Vuskovic,Mendy,Muharemović,Ballard
full_season,Band 3: Single Anchor (£24.5m-£25.0m),25.0,78.32,17.553,79.16,722.94,697.22,25.72,19.02,2.54,97.4,13.2,-0.0892,5,1+1+1+1+1,Calafiori (ARS) + Vuskovic (BHA) + Jacquet (LIV) + Gvardiol (MCI) + O'Nien (SUN),Calafiori,Vuskovic,Jacquet,Gvardiol,O'Nien
full_season,Band 3: Single Anchor (£24.5m-£25.0m),25.0,78.32,17.672,77.55,727.5,700.28,27.21,19.14,2.56,94.7,10.5,-0.1038,5,1+1+1+1+1,Calafiori (ARS) + Vuskovic (BHA) + Thomas (COV) + Canvot (CRY) + Gvardiol (MCI),Calafiori,Vuskovic,Thomas,Canvot,Gvardiol
full_season,Band 4: Premium / Dual Anchor (£25.5m-£26.0m),25.5,80.6,17.85,80.83,739.82,713.67,26.15,19.47,2.55,100.0,5.3,-0.1637,5,1+1+1+1+1,Calafiori (ARS) + Vuskovic (BHA) + Thomas (COV) + O'Reilly (MCI) + Hume (SUN),Calafiori,Vuskovic,Thomas,O'Reilly,Hume
full_season,Band 4: Premium / Dual Anchor (£25.5m-£26.0m),25.5,80.6,17.852,80.8,739.89,713.39,26.51,19.47,2.54,100.0,2.6,-0.1322,5,1+1+1+1+1,Calafiori (ARS) + Vuskovic (BHA) + Justin (LEE) + O'Reilly (MCI) + O'Nien (SUN),Calafiori,Vuskovic,Justin,O'Reilly,O'Nien
full_season,Band 4: Premium / Dual Anchor (£25.5m-£26.0m),26.0,80.47,17.827,80.8,744.54,716.35,28.19,19.59,2.54,100.0,2.6,-0.1322,5,1+1+1+1+1,Calafiori (ARS) + Vuskovic (BHA) + Muharemović (LEE) + O'Reilly (MCI) + O'Nien (SUN),Calafiori,Vuskovic,Muharemović,O'Reilly,O'Nien
full_season,Band 4: Premium / Dual Anchor (£25.5m-£26.0m),25.5,80.41,17.82,80.75,738.71,713.31,25.4,19.44,2.55,100.0,5.3,-0.1526,5,1+1+1+1+1,Calafiori (ARS) + Vuskovic (BHA) + Mendy (HUL) + Justin (LEE) + O'Reilly (MCI),Calafiori,Vuskovic,Mendy,Justin,O'Reilly
full_season,Band 4: Premium / Dual Anchor (£25.5m-£26.0m),25.5,80.29,17.908,79.24,742.04,714.56,27.48,19.53,2.56,97.4,5.3,-0.1547,5,1+1+1+1+1,Calafiori (ARS) + Vuskovic (BHA) + Thomas (COV) + Justin (LEE) + O'Reilly (MCI),Calafiori,Vuskovic,Thomas,Justin,O'Reilly
full_season,Band 4: Premium / Dual Anchor (£25.5m-£26.0m),26.0,80.29,17.799,80.75,743.49,716.35,27.14,19.57,2.55,100.0,5.3,-0.1526,5,1+1+1+1+1,Calafiori (ARS) + Vuskovic (BHA) + Mendy (HUL) + Muharemović (LEE) + O'Reilly (MCI),Calafiori,Vuskovic,Mendy,Muharemović,O'Reilly
full_season,Band 4: Premium / Dual Anchor (£25.5m-£26.0m),25.5,80.05,17.852,79.42,739.91,713.67,26.24,19.47,2.55,97.4,0.0,-0.1501,5,1+1+1+1+1,Calafiori (ARS) + Vuskovic (BHA) + Thomas (COV) + O'Reilly (MCI) + Heaven (MUN),Calafiori,Vuskovic,Thomas,O'Reilly,Heaven
full_season,Band 4: Premium / Dual Anchor (£25.5m-£26.0m),26.0,80.05,17.864,79.24,745.96,717.03,28.92,19.63,2.56,97.4,5.3,-0.1547,5,1+1+1+1+1,Calafiori (ARS) + Vuskovic (BHA) + Thomas (COV) + Muharemović (LEE) + O'Reilly (MCI),Calafiori,Vuskovic,Thomas,Muharemović,O'Reilly
full_season,Band 4: Premium / Dual Anchor (£25.5m-£26.0m),26.0,80.0,17.738,80.83,741.18,713.72,27.46,19.5,2.55,100.0,5.3,-0.1637,5,1+1+1+1+1,Calafiori (ARS) + Vuskovic (BHA) + Thomas (COV) + O'Reilly (MCI) + Ballard (SUN),Calafiori,Vuskovic,Thomas,O'Reilly,Ballard
full_season,Band 4: Premium / Dual Anchor (£25.5m-£26.0m),26.0,79.87,17.692,81.15,739.44,713.26,26.18,19.46,2.54,100.0,5.3,-0.1788,5,1+1+1+1+1,Calafiori (ARS) + Vuskovic (BHA) + O'Reilly (MCI) + Thiaw (NEW) + O'Nien (SUN),Calafiori,Vuskovic,O'Reilly,Thiaw,O'Nien
full_season,Band 4: Premium / Dual Anchor (£25.5m-£26.0m),26.0,79.71,17.688,80.8,739.27,713.31,25.96,19.45,2.54,100.0,2.6,-0.1322,5,1+1+1+1+1,Calafiori (ARS) + Vuskovic (BHA) + Justin (LEE) + O'Reilly (MCI) + Hume (SUN),Calafiori,Vuskovic,Justin,O'Reilly,Hume
full_season,Band 4: Premium / Dual Anchor (£25.5m-£26.0m),25.5,79.7,17.907,77.8,742.01,714.77,27.24,19.53,2.56,94.7,7.9,-0.1373,5,1+1+1+1+1,Calafiori (ARS) + Pau (AVL) + Vuskovic (BHA) + Thomas (COV) + O'Reilly (MCI),Calafiori,Pau,Vuskovic,Thomas,O'Reilly
full_season,Band 4: Premium / Dual Anchor (£25.5m-£26.0m),25.5,79.45,17.755,79.25,736.22,711.96,24.26,19.37,2.54,97.4,7.9,-0.1006,5,1+1+1+1+1,Calafiori (ARS) + Vuskovic (BHA) + Mingueza (CRY) + O'Reilly (MCI) + O'Nien (SUN),Calafiori,Vuskovic,Mingueza,O'Reilly,O'Nien
full_season,Band 4: Premium / Dual Anchor (£25.5m-£26.0m),25.5,79.34,17.849,77.67,739.82,713.83,25.98,19.47,2.55,94.7,10.5,-0.0926,5,1+1+1+1+1,Calafiori (ARS) + Pau (AVL) + Vuskovic (BHA) + O'Reilly (MCI) + O'Nien (SUN),Calafiori,Pau,Vuskovic,O'Reilly,O'Nien
full_season,Band 4: Premium / Dual Anchor (£25.5m-£26.0m),25.5,79.33,17.619,80.8,731.07,703.61,27.46,19.24,2.54,100.0,2.6,-0.1322,5,1+1+1+1+1,Calafiori (ARS) + Vuskovic (BHA) + Muharemović (LEE) + Gvardiol (MCI) + Hume (SUN),Calafiori,Vuskovic,Muharemović,Gvardiol,Hume
full_season,Band 4: Premium / Dual Anchor (£25.5m-£26.0m),25.5,79.3,17.865,77.36,740.39,713.53,26.86,19.48,2.57,94.7,5.3,-0.1067,5,1+1+1+1+1,Calafiori (ARS) + Vuskovic (BHA) + Greaves (IPS) + Justin (LEE) + O'Reilly (MCI),Calafiori,Vuskovic,Greaves,Justin,O'Reilly
full_season,Band 4: Premium / Dual Anchor (£25.5m-£26.0m),26.0,79.29,17.713,79.42,740.23,713.81,26.43,19.48,2.55,97.4,0.0,-0.1501,5,1+1+1+1+1,Calafiori (ARS) + Vuskovic (BHA) + Thomas (COV) + O'Reilly (MCI) + Dalot (MUN),Calafiori,Vuskovic,Thomas,O'Reilly,Dalot
full_season,Band 4: Premium / Dual Anchor (£25.5m-£26.0m),25.5,79.27,17.846,77.56,739.67,713.67,26.0,19.47,2.56,94.7,7.9,-0.1057,5,1+1+1+1+1,Calafiori (ARS) + Vuskovic (BHA) + Kayode (BRE) + Thomas (COV) + O'Reilly (MCI),Calafiori,Vuskovic,Kayode,Thomas,O'Reilly
full_season,Band 4: Premium / Dual Anchor (£25.5m-£26.0m),26.0,79.23,17.722,79.13,740.58,713.67,26.91,19.49,2.55,97.4,10.5,-0.1115,5,1+1+1+1+1,Calafiori (ARS) + Vuskovic (BHA) + Thomas (COV) + Jacquet (LIV) + O'Reilly (MCI),Calafiori,Vuskovic,Thomas,Jacquet,O'Reilly
full_season,Band 4: Premium / Dual Anchor (£25.5m-£26.0m),25.5,79.22,17.843,77.46,739.56,713.67,25.89,19.46,2.57,94.7,5.3,-0.1195,5,1+1+1+1+1,Calafiori (ARS) + Vuskovic (BHA) + Thomas (COV) + Castagne (FUL) + O'Reilly (MCI),Calafiori,Vuskovic,Thomas,Castagne,O'Reilly
full_season,Band 4: Premium / Dual Anchor (£25.5m-£26.0m),25.5,79.19,17.832,77.55,739.14,713.67,25.47,19.45,2.56,94.7,10.5,-0.1038,5,1+1+1+1+1,Calafiori (ARS) + Vuskovic (BHA) + Thomas (COV) + Mingueza (CRY) + O'Reilly (MCI),Calafiori,Vuskovic,Thomas,Mingueza,O'Reilly
full_season,Band 4: Premium / Dual Anchor (£25.5m-£26.0m),26.0,79.13,17.834,77.36,744.84,716.35,28.49,19.6,2.57,94.7,5.3,-0.1067,5,1+1+1+1+1,Calafiori (ARS) + Vuskovic (BHA) + Greaves (IPS) + Muharemović (LEE) + O'Reilly (MCI),Calafiori,Vuskovic,Greaves,Muharemović,O'Reilly
full_season,Band 4: Premium / Dual Anchor (£25.5m-£26.0m),25.5,79.12,17.792,77.92,737.64,712.19,25.45,19.41,2.55,94.7,2.6,-0.1257,5,1+1+1+1+1,Calafiori (ARS) + Vuskovic (BHA) + O'Reilly (MCI) + O'Nien (SUN) + Robertson (TOT),Calafiori,Vuskovic,O'Reilly,O'Nien,Robertson
full_season,Band 4: Premium / Dual Anchor (£25.5m-£26.0m),26.0,79.1,17.689,79.25,739.32,713.07,26.25,19.46,2.54,97.4,7.9,-0.1006,5,1+1+1+1+1,Calafiori (ARS) + Vuskovic (BHA) + Canvot (CRY) + O'Reilly (MCI) + O'Nien (SUN),Calafiori,Vuskovic,Canvot,O'Reilly,O'Nien
full_season,Band 4: Premium / Dual Anchor (£25.5m-£26.0m),26.0,79.1,17.689,79.26,739.31,713.31,26.0,19.46,2.55,97.4,5.3,-0.1297,5,1+1+1+1+1,Calafiori (ARS) + Vuskovic (BHA) + Castagne (FUL) + Justin (LEE) + O'Reilly (MCI),Calafiori,Vuskovic,Castagne,Justin,O'Reilly
full_season,Band 4: Premium / Dual Anchor (£25.5m-£26.0m),26.0,78.9,17.652,79.27,737.92,713.07,24.84,19.42,2.56,97.4,7.9,-0.1577,5,1+1+1+1+1,Calafiori (ARS) + Vuskovic (BHA) + Mendy (HUL) + O'Reilly (MCI) + Thiaw (NEW),Calafiori,Vuskovic,Mendy,O'Reilly,Thiaw
full_season,Band 4: Premium / Dual Anchor (£25.5m-£26.0m),25.5,78.89,17.677,78.9,733.26,711.72,21.54,19.3,2.56,97.4,13.2,-0.1092,5,1+1+1+1+1,Calafiori (ARS) + Vuskovic (BHA) + Mingueza (CRY) + Mendy (HUL) + O'Reilly (MCI),Calafiori,Vuskovic,Mingueza,Mendy,O'Reilly
full_season,Band 4: Premium / Dual Anchor (£25.5m-£26.0m),25.5,78.88,17.872,76.23,740.67,713.89,26.77,19.49,2.57,92.1,2.6,-0.1311,5,1+1+1+1+1,Calafiori (ARS) + Vuskovic (BHA) + Thomas (COV) + O'Reilly (MCI) + Aina (NFO),Calafiori,Vuskovic,Thomas,O'Reilly,Aina
full_season,Band 4: Premium / Dual Anchor (£25.5m-£26.0m),26.0,78.84,17.745,77.85,741.44,714.25,27.18,19.51,2.55,94.7,13.2,-0.117,5,1+1+1+1+1,Calafiori (ARS) + Pau (AVL) + Vuskovic (BHA) + Justin (LEE) + O'Reilly (MCI),Calafiori,Pau,Vuskovic,Justin,O'Reilly
full_season,Band 4: Premium / Dual Anchor (£25.5m-£26.0m),25.5,78.81,17.781,77.29,737.21,712.06,25.15,19.4,2.57,94.7,13.2,-0.0966,5,1+1+1+1+1,Calafiori (ARS) + Vuskovic (BHA) + Greaves (IPS) + O'Reilly (MCI) + Hume (SUN),Calafiori,Vuskovic,Greaves,O'Reilly,Hume
full_season,Band 4: Premium / Dual Anchor (£25.5m-£26.0m),26.0,78.81,17.644,79.16,737.59,711.88,25.71,19.41,2.54,97.4,13.2,-0.0892,5,1+1+1+1+1,Calafiori (ARS) + Vuskovic (BHA) + Jacquet (LIV) + O'Reilly (MCI) + O'Nien (SUN),Calafiori,Vuskovic,Jacquet,O'Reilly,O'Nien
full_season,Band 4: Premium / Dual Anchor (£25.5m-£26.0m),26.0,78.78,17.658,78.9,738.12,712.91,25.21,19.42,2.56,97.4,13.2,-0.1092,5,1+1+1+1+1,Calafiori (ARS) + Vuskovic (BHA) + Canvot (CRY) + Mendy (HUL) + O'Reilly (MCI),Calafiori,Vuskovic,Canvot,Mendy,O'Reilly
full_season,Band 4: Premium / Dual Anchor (£25.5m-£26.0m),26.0,78.74,17.748,77.55,741.55,714.27,27.28,19.51,2.56,94.7,10.5,-0.1038,5,1+1+1+1+1,Calafiori (ARS) + Vuskovic (BHA) + Thomas (COV) + Canvot (CRY) + O'Reilly (MCI),Calafiori,Vuskovic,Thomas,Canvot,O'Reilly
full_season,Band 4: Premium / Dual Anchor (£25.5m-£26.0m),25.5,78.72,17.619,79.26,731.06,703.61,27.45,19.24,2.55,97.4,5.3,-0.1297,5,1+1+1+1+1,Calafiori (ARS) + Vuskovic (BHA) + Castagne (FUL) + Muharemović (LEE) + Gvardiol (MCI),Calafiori,Vuskovic,Castagne,Muharemović,Gvardiol
full_season,Band 4: Premium / Dual Anchor (£25.5m-£26.0m),25.5,78.68,17.864,75.83,740.36,713.96,26.4,19.48,2.57,92.1,5.3,-0.0773,5,1+1+1+1+1,Calafiori (ARS) + Vuskovic (BHA) + Thomas (COV) + O'Reilly (MCI) + Robertson (TOT),Calafiori,Vuskovic,Thomas,O'Reilly,Robertson
full_season,Band 4: Premium / Dual Anchor (£25.5m-£26.0m),25.5,78.68,17.497,80.83,726.43,699.64,26.8,19.12,2.55,100.0,5.3,-0.1637,5,1+1+1+1+1,Calafiori (ARS) + Vuskovic (BHA) + Thomas (COV) + Gvardiol (MCI) + Mukiele (SUN),Calafiori,Vuskovic,Thomas,Gvardiol,Mukiele
full_season,Band 4: Premium / Dual Anchor (£25.5m-£26.0m),25.5,78.67,17.498,80.8,726.45,699.2,27.25,19.12,2.54,100.0,2.6,-0.1322,5,1+1+1+1+1,Calafiori (ARS) + Vuskovic (BHA) + Justin (LEE) + Gvardiol (MCI) + Ballard (SUN),Calafiori,Vuskovic,Justin,Gvardiol,Ballard
full_season,Band 4: Premium / Dual Anchor (£25.5m-£26.0m),26.0,78.67,17.497,80.8,732.03,703.61,28.42,19.26,2.54,100.0,2.6,-0.1322,5,1+1+1+1+1,Calafiori (ARS) + Vuskovic (BHA) + Muharemović (LEE) + Gvardiol (MCI) + Ballard (SUN),Calafiori,Vuskovic,Muharemović,Gvardiol,Ballard
full_season,Band 4: Premium / Dual Anchor (£25.5m-£26.0m),26.0,78.66,17.617,79.16,736.56,711.81,24.75,19.38,2.54,97.4,13.2,-0.0883,5,1+1+1+1+1,Calafiori (ARS) + Vuskovic (BHA) + Colwill (CHE) + O'Reilly (MCI) + O'Nien (SUN),Calafiori,Vuskovic,Colwill,O'Reilly,O'Nien
full_season,Band 4: Premium / Dual Anchor (£25.5m-£26.0m),26.0,78.66,17.706,77.92,739.97,712.87,27.1,19.47,2.55,94.7,2.6,-0.1257,5,1+1+1+1+1,Calafiori (ARS) + Vuskovic (BHA) + O'Reilly (MCI) + O'Nien (SUN) + Van Hecke (TOT),Calafiori,Vuskovic,O'Reilly,O'Nien,Van Hecke
full_season,Band 4: Premium / Dual Anchor (£25.5m-£26.0m),26.0,78.63,17.606,79.23,736.17,711.65,24.52,19.37,2.55,97.4,10.5,-0.1249,5,1+1+1+1+1,Calafiori (ARS) + Vuskovic (BHA) + Mendy (HUL) + Jacquet (LIV) + O'Reilly (MCI),Calafiori,Vuskovic,Mendy,Jacquet,O'Reilly
full_season,Band 4: Premium / Dual Anchor (£25.5m-£26.0m),26.0,78.59,17.745,77.22,741.45,713.53,27.92,19.51,2.56,94.7,18.4,-0.0597,4,2+1+1+1,Calafiori (ARS) + J.Timber (ARS) + Vuskovic (BHA) + Muharemović (LEE) + O'Nien (SUN),Calafiori,J.Timber,Vuskovic,Muharemović,O'Nien
full_season,Band 4: Premium / Dual Anchor (£25.5m-£26.0m),25.5,78.54,17.716,77.5,734.74,706.84,27.9,19.34,2.56,94.7,10.5,-0.0969,5,1+1+1+1+1,Calafiori (ARS) + Vuskovic (BHA) + Hill (BOU) + Mendy (HUL) + Gvardiol (MCI),Calafiori,Vuskovic,Hill,Mendy,Gvardiol
full_season,Band 4: Premium / Dual Anchor (£25.5m-£26.0m),25.5,78.53,17.445,81.15,724.45,698.99,25.47,19.06,2.54,100.0,5.3,-0.1788,5,1+1+1+1+1,Calafiori (ARS) + Vuskovic (BHA) + Gvardiol (MCI) + Thiaw (NEW) + Hume (SUN),Calafiori,Vuskovic,Gvardiol,Thiaw,Hume
full_season,Band 4: Premium / Dual Anchor (£25.5m-£26.0m),26.0,78.53,17.692,77.81,739.41,713.31,26.1,19.46,2.55,94.7,2.6,-0.111,5,1+1+1+1+1,Calafiori (ARS) + Vuskovic (BHA) + Justin (LEE) + O'Reilly (MCI) + Heaven (MUN),Calafiori,Vuskovic,Justin,O'Reilly,Heaven
full_season,Band 4: Premium / Dual Anchor (£25.5m-£26.0m),25.5,78.52,17.589,79.17,729.94,701.44,28.5,19.21,2.54,97.4,7.9,-0.0898,5,1+1+1+1+1,Calafiori (ARS) + Vuskovic (BHA) + Hill (BOU) + Muharemović (LEE) + Aina (NFO),Calafiori,Vuskovic,Hill,Muharemović,Aina
full_season,Band 4: Premium / Dual Anchor (£25.5m-£26.0m),25.5,78.49,17.704,77.55,734.29,711.57,22.71,19.32,2.56,94.7,10.5,-0.1036,5,1+1+1+1+1,Calafiori (ARS) + Vuskovic (BHA) + Kayode (BRE) + Mendy (HUL) + O'Reilly (MCI),Calafiori,Vuskovic,Kayode,Mendy,O'Reilly
full_season,Band 4: Premium / Dual Anchor (£25.5m-£26.0m),25.5,78.48,17.704,77.52,734.29,711.73,22.57,19.32,2.57,94.7,10.5,-0.1272,5,1+1+1+1+1,Calafiori (ARS) + Vuskovic (BHA) + Mendy (HUL) + O'Reilly (MCI) + Hume (SUN),Calafiori,Vuskovic,Mendy,O'Reilly,Hume
full_season,Band 4: Premium / Dual Anchor (£25.5m-£26.0m),25.5,78.45,17.456,80.8,724.87,697.26,27.61,19.08,2.54,100.0,2.6,-0.1322,5,1+1+1+1+1,Calafiori (ARS) + Vuskovic (BHA) + Muharemović (LEE) + Guéhi (MCI) + O'Nien (SUN),Calafiori,Vuskovic,Muharemović,Guéhi,O'Nien
full_season,Band 4: Premium / Dual Anchor (£25.5m-£26.0m),26.0,78.44,17.684,77.67,739.14,713.83,25.3,19.45,2.55,94.7,10.5,-0.0926,5,1+1+1+1+1,Calafiori (ARS) + Pau (AVL) + Vuskovic (BHA) + O'Reilly (MCI) + Hume (SUN),Calafiori,Pau,Vuskovic,O'Reilly,Hume
gw1_19,Band 1: Budget (£20.5m-£22.5m),22.5,79.12,17.614,80.34,348.65,336.84,11.82,18.35,2.56,100.0,15.8,-0.1255,5,1+1+1+1+1,Calafiori (ARS) + Vuskovic (BHA) + Thomas (COV) + Mendy (HUL) + O'Nien (SUN),Calafiori,Vuskovic,Thomas,Mendy,O'Nien
gw1_19,Band 1: Budget (£20.5m-£22.5m),22.5,76.3,17.359,76.76,343.8,332.06,11.74,18.09,2.6,94.7,15.8,-0.1085,5,1+1+1+1+1,Calafiori (ARS) + Vuskovic (BHA) + Mendy (HUL) + Greaves (IPS) + O'Nien (SUN),Calafiori,Vuskovic,Mendy,Greaves,O'Nien
gw1_19,Band 1: Budget (£20.5m-£22.5m),22.5,75.74,17.695,70.78,350.19,337.41,12.78,18.43,2.61,84.2,15.8,-0.0673,5,1+1+1+1+1,Calafiori (ARS) + Vuskovic (BHA) + Thomas (COV) + Greaves (IPS) + O'Nien (SUN),Calafiori,Vuskovic,Thomas,Greaves,O'Nien
gw1_19,Band 1: Budget (£20.5m-£22.5m),22.5,75.22,17.622,70.46,348.81,336.82,11.99,18.36,2.63,84.2,10.5,-0.0793,5,1+1+1+1+1,Calafiori (ARS) + Vuskovic (BHA) + Thomas (COV) + Mendy (HUL) + Greaves (IPS),Calafiori,Vuskovic,Thomas,Mendy,Greaves
gw1_19,Band 1: Budget (£20.5m-£22.5m),22.5,73.3,16.468,81.43,326.87,314.39,12.49,17.2,2.53,100.0,10.5,-0.161,5,1+1+1+1+1,Calafiori (ARS) + Pau (AVL) + Thomas (COV) + Justin (LEE) + O'Nien (SUN),Calafiori,Pau,Thomas,Justin,O'Nien
gw1_19,Band 1: Budget (£20.5m-£22.5m),22.5,73.12,16.762,76.96,332.46,319.82,12.64,17.5,2.58,94.7,15.8,-0.0802,5,1+1+1+1+1,Calafiori (ARS) + Thomas (COV) + Greaves (IPS) + Muharemović (LEE) + O'Nien (SUN),Calafiori,Thomas,Greaves,Muharemović,O'Nien
gw1_19,Band 1: Budget (£20.5m-£22.5m),22.5,72.98,16.409,81.41,325.75,313.63,12.12,17.14,2.53,100.0,10.5,-0.1593,5,1+1+1+1+1,Calafiori (ARS) + Thomas (COV) + Justin (LEE) + O'Nien (SUN) + Robertson (TOT),Calafiori,Thomas,Justin,O'Nien,Robertson
gw1_19,Band 1: Budget (£20.5m-£22.5m),22.5,72.79,16.365,81.56,324.91,312.34,12.57,17.1,2.51,100.0,15.8,-0.1238,5,1+1+1+1+1,Pau (AVL) + Vuskovic (BHA) + Thomas (COV) + Muharemović (LEE) + O'Nien (SUN),Pau,Vuskovic,Thomas,Muharemović,O'Nien
gw1_19,Band 1: Budget (£20.5m-£22.5m),22.5,72.77,16.409,80.9,325.75,313.58,12.18,17.14,2.54,100.0,10.5,-0.145,5,1+1+1+1+1,Calafiori (ARS) + De Cuyper (BHA) + Thomas (COV) + Justin (LEE) + O'Nien (SUN),Calafiori,De Cuyper,Thomas,Justin,O'Nien
gw1_19,Band 1: Budget (£20.5m-£22.5m),22.5,72.46,16.525,78.53,327.95,315.18,12.78,17.26,2.53,94.7,15.8,-0.1257,5,1+1+1+1+1,Vuskovic (BHA) + Thomas (COV) + Greaves (IPS) + Gvardiol (MCI) + O'Nien (SUN),Vuskovic,Thomas,Greaves,Gvardiol,O'Nien
gw1_19,Band 1: Budget (£20.5m-£22.5m),22.5,72.44,16.631,77.04,329.98,318.25,11.73,17.37,2.58,94.7,15.8,-0.0908,5,1+1+1+1+1,Calafiori (ARS) + Thomas (COV) + Mendy (HUL) + Muharemović (LEE) + O'Nien (SUN),Calafiori,Thomas,Mendy,Muharemović,O'Nien
gw1_19,Band 1: Budget (£20.5m-£22.5m),22.5,72.15,16.376,79.8,325.13,313.48,11.65,17.11,2.58,100.0,15.8,-0.1083,5,1+1+1+1+1,Calafiori (ARS) + Mendy (HUL) + Greaves (IPS) + Muharemović (LEE) + O'Nien (SUN),Calafiori,Mendy,Greaves,Muharemović,O'Nien
gw1_19,Band 1: Budget (£20.5m-£22.5m),22.5,71.9,16.217,81.35,322.1,310.01,12.09,16.95,2.51,100.0,31.6,-0.0957,5,1+1+1+1+1,Calafiori (ARS) + Thomas (COV) + Aina (NFO) + O'Nien (SUN) + Robertson (TOT),Calafiori,Thomas,Aina,O'Nien,Robertson
gw1_19,Band 1: Budget (£20.5m-£22.5m),22.5,71.84,16.443,78.09,326.4,314.58,11.82,17.18,2.54,94.7,15.8,-0.122,5,1+1+1+1+1,Vuskovic (BHA) + Thomas (COV) + Mendy (HUL) + Gvardiol (MCI) + O'Nien (SUN),Vuskovic,Thomas,Mendy,Gvardiol,O'Nien
gw1_19,Band 1: Budget (£20.5m-£22.5m),22.0,71.74,16.508,76.96,324.83,312.29,12.54,17.1,2.58,94.7,15.8,-0.0802,5,1+1+1+1+1,Calafiori (ARS) + Thomas (COV) + Greaves (IPS) + Justin (LEE) + O'Nien (SUN),Calafiori,Thomas,Greaves,Justin,O'Nien
gw1_19,Band 1: Budget (£20.5m-£22.5m),22.5,71.73,16.203,81.1,321.85,309.94,11.9,16.94,2.53,100.0,15.8,-0.1177,5,1+1+1+1+1,Calafiori (ARS) + Pau (AVL) + Kayode (BRE) + Thomas (COV) + O'Nien (SUN),Calafiori,Pau,Kayode,Thomas,O'Nien
gw1_19,Band 1: Budget (£20.5m-£22.5m),22.5,71.67,16.2,80.98,321.79,310.17,11.62,16.94,2.53,100.0,10.5,-0.1019,5,1+1+1+1+1,Calafiori (ARS) + Smith (BOU) + Thomas (COV) + Justin (LEE) + O'Nien (SUN),Calafiori,Smith,Thomas,Justin,O'Nien
gw1_19,Band 1: Budget (£20.5m-£22.5m),22.5,71.58,16.452,77.34,326.58,314.58,11.99,17.19,2.56,94.7,15.8,-0.0762,5,1+1+1+1+1,Vuskovic (BHA) + Thomas (COV) + Mendy (HUL) + Greaves (IPS) + Gvardiol (MCI),Vuskovic,Thomas,Mendy,Greaves,Gvardiol
gw1_19,Band 1: Budget (£20.5m-£22.5m),22.0,71.55,16.41,77.84,322.98,310.36,12.61,17.0,2.54,94.7,15.8,-0.0883,5,1+1+1+1+1,Vuskovic (BHA) + Thomas (COV) + Greaves (IPS) + Muharemović (LEE) + O'Nien (SUN),Vuskovic,Thomas,Greaves,Muharemović,O'Nien
gw1_19,Band 1: Budget (£20.5m-£22.5m),22.5,71.53,16.178,80.93,321.37,309.38,11.99,16.91,2.54,100.0,10.5,-0.1497,5,1+1+1+1+1,Calafiori (ARS) + Greaves (IPS) + Justin (LEE) + O'Nien (SUN) + Robertson (TOT),Calafiori,Greaves,Justin,O'Nien,Robertson
gw1_19,Band 1: Budget (£20.5m-£22.5m),22.0,71.47,16.211,80.34,319.19,308.12,11.07,16.8,2.56,100.0,15.8,-0.1255,5,1+1+1+1+1,Calafiori (ARS) + De Cuyper (BHA) + Thomas (COV) + Mendy (HUL) + O'Nien (SUN),Calafiori,De Cuyper,Thomas,Mendy,O'Nien
gw1_19,Band 1: Budget (£20.5m-£22.5m),22.5,71.43,16.364,78.14,324.91,312.93,11.98,17.1,2.54,94.7,10.5,-0.1282,5,1+1+1+1+1,Calafiori (ARS) + Pau (AVL) + De Cuyper (BHA) + Thomas (COV) + O'Nien (SUN),Calafiori,Pau,De Cuyper,Thomas,O'Nien
gw1_19,Band 1: Budget (£20.5m-£22.5m),22.0,71.4,16.109,81.56,317.26,304.78,12.47,16.7,2.51,100.0,15.8,-0.1238,5,1+1+1+1+1,Pau (AVL) + Vuskovic (BHA) + Thomas (COV) + Justin (LEE) + O'Nien (SUN),Pau,Vuskovic,Thomas,Justin,O'Nien
gw1_19,Band 1: Budget (£20.5m-£22.5m),22.5,71.39,16.686,73.66,331.02,319.23,11.79,17.42,2.61,89.5,10.5,-0.0996,5,1+1+1+1+1,Calafiori (ARS) + Thomas (COV) + Mendy (HUL) + Greaves (IPS) + Muharemović (LEE),Calafiori,Thomas,Mendy,Greaves,Muharemović
gw1_19,Band 1: Budget (£20.5m-£22.5m),22.5,71.3,16.324,78.37,324.14,312.05,12.09,17.06,2.53,94.7,15.8,-0.1046,5,1+1+1+1+1,Calafiori (ARS) + Pau (AVL) + Thomas (COV) + O'Nien (SUN) + Robertson (TOT),Calafiori,Pau,Thomas,O'Nien,Robertson
gw1_19,Band 1: Budget (£20.5m-£22.5m),22.5,71.24,16.112,81.13,320.11,308.57,11.54,16.85,2.53,100.0,10.5,-0.121,5,1+1+1+1+1,Calafiori (ARS) + Pau (AVL) + Smith (BOU) + Thomas (COV) + O'Nien (SUN),Calafiori,Pau,Smith,Thomas,O'Nien
gw1_19,Band 1: Budget (£20.5m-£22.5m),22.5,71.13,16.287,78.47,323.43,311.19,12.24,17.02,2.53,94.7,10.5,-0.1174,5,1+1+1+1+1,Vuskovic (BHA) + Thomas (COV) + Muharemović (LEE) + O'Nien (SUN) + Robertson (TOT),Vuskovic,Thomas,Muharemović,O'Nien,Robertson
gw1_19,Band 1: Budget (£20.5m-£22.5m),22.5,71.13,16.308,78.16,323.84,312.48,11.36,17.04,2.54,94.7,10.5,-0.1311,5,1+1+1+1+1,Calafiori (ARS) + De Cuyper (BHA) + Thomas (COV) + O'Nien (SUN) + Robertson (TOT),Calafiori,De Cuyper,Thomas,O'Nien,Robertson
gw1_19,Band 1: Budget (£20.5m-£22.5m),22.5,71.12,16.337,77.75,324.38,311.85,12.53,17.07,2.54,94.7,21.1,-0.0759,5,1+1+1+1+1,Calafiori (ARS) + Thomas (COV) + Justin (LEE) + Aina (NFO) + O'Nien (SUN),Calafiori,Thomas,Justin,Aina,O'Nien
gw1_19,Band 1: Budget (£20.5m-£22.5m),22.5,70.99,16.292,78.03,323.54,311.66,11.87,17.03,2.54,94.7,21.1,-0.1139,5,1+1+1+1+1,Calafiori (ARS) + De Cuyper (BHA) + Thomas (COV) + Aina (NFO) + O'Nien (SUN),Calafiori,De Cuyper,Thomas,Aina,O'Nien
gw1_19,Band 1: Budget (£20.5m-£22.5m),22.5,70.92,16.237,78.61,322.49,309.92,12.57,16.97,2.53,94.7,10.5,-0.1367,5,1+1+1+1+1,Vuskovic (BHA) + Thomas (COV) + Muharemović (LEE) + Aina (NFO) + O'Nien (SUN),Vuskovic,Thomas,Muharemović,Aina,O'Nien
gw1_19,Band 1: Budget (£20.5m-£22.5m),22.0,70.91,16.351,77.04,321.85,310.17,11.69,16.94,2.58,94.7,15.8,-0.0908,5,1+1+1+1+1,Calafiori (ARS) + Thomas (COV) + Mendy (HUL) + Justin (LEE) + O'Nien (SUN),Calafiori,Thomas,Mendy,Justin,O'Nien
gw1_19,Band 1: Budget (£20.5m-£22.5m),22.5,70.86,16.513,74.7,327.74,314.98,12.75,17.25,2.56,89.5,15.8,-0.0745,5,1+1+1+1+1,Vuskovic (BHA) + Hill (BOU) + Thomas (COV) + Greaves (IPS) + O'Nien (SUN),Vuskovic,Hill,Thomas,Greaves,O'Nien
gw1_19,Band 1: Budget (£20.5m-£22.5m),22.5,70.82,16.066,80.68,319.24,307.62,11.62,16.8,2.53,100.0,26.3,-0.0618,5,1+1+1+1+1,Calafiori (ARS) + Thomas (COV) + Mendy (HUL) + Jacquet (LIV) + O'Nien (SUN),Calafiori,Thomas,Mendy,Jacquet,O'Nien
gw1_19,Band 1: Budget (£20.5m-£22.5m),22.5,70.8,16.508,74.62,327.63,315.06,12.57,17.24,2.58,89.5,10.5,-0.1187,5,1+1+1+1+1,Calafiori (ARS) + Pau (AVL) + Thomas (COV) + Greaves (IPS) + Justin (LEE),Calafiori,Pau,Thomas,Greaves,Justin
gw1_19,Band 1: Budget (£20.5m-£22.5m),22.5,70.75,15.998,81.43,317.96,306.98,10.98,16.73,2.51,100.0,21.1,-0.1072,5,1+1+1+1+1,Calafiori (ARS) + Smith (BOU) + Thomas (COV) + O'Nien (SUN) + Robertson (TOT),Calafiori,Smith,Thomas,O'Nien,Robertson
gw1_19,Band 1: Budget (£20.5m-£22.5m),22.5,70.72,16.321,76.96,324.08,311.88,12.2,17.06,2.58,94.7,15.8,-0.0802,5,1+1+1+1+1,Calafiori (ARS) + Thomas (COV) + Greaves (IPS) + Justin (LEE) + Hume (SUN),Calafiori,Thomas,Greaves,Justin,Hume
gw1_19,Band 1: Budget (£20.5m-£22.5m),22.5,70.68,16.006,81.16,318.11,306.6,11.51,16.74,2.51,100.0,31.6,-0.0711,5,1+1+1+1+1,Calafiori (ARS) + Smith (BOU) + Thomas (COV) + Aina (NFO) + O'Nien (SUN),Calafiori,Smith,Thomas,Aina,O'Nien
gw1_19,Band 1: Budget (£20.5m-£22.5m),22.0,70.67,16.272,77.52,320.35,308.64,11.71,16.86,2.56,94.7,15.8,-0.1005,5,1+1+1+1+1,Vuskovic (BHA) + Thomas (COV) + Mendy (HUL) + Muharemović (LEE) + O'Nien (SUN),Vuskovic,Thomas,Mendy,Muharemović,O'Nien
gw1_19,Band 1: Budget (£20.5m-£22.5m),22.5,70.65,16.279,77.35,323.29,311.49,11.81,17.02,2.56,94.7,21.1,-0.078,5,1+1+1+1+1,Pau (AVL) + Vuskovic (BHA) + Thomas (COV) + Mendy (HUL) + Muharemović (LEE),Pau,Vuskovic,Thomas,Mendy,Muharemović
gw1_19,Band 1: Budget (£20.5m-£22.5m),22.5,70.64,16.269,77.48,323.1,311.45,11.65,17.01,2.56,94.7,15.8,-0.0949,5,1+1+1+1+1,Calafiori (ARS) + Smith (BOU) + Thomas (COV) + Greaves (IPS) + Justin (LEE),Calafiori,Smith,Thomas,Greaves,Justin
gw1_19,Band 1: Budget (£20.5m-£22.5m),22.5,70.63,16.333,76.57,324.31,312.57,11.74,17.07,2.58,94.7,15.8,-0.0282,5,1+1+1+1+1,Calafiori (ARS) + Thomas (COV) + Mendy (HUL) + O'Nien (SUN) + Van Hecke (TOT),Calafiori,Thomas,Mendy,O'Nien,Van Hecke
gw1_19,Band 1: Budget (£20.5m-£22.5m),22.5,70.63,16.306,76.94,323.81,311.42,12.39,17.04,2.56,94.7,10.5,-0.0225,5,1+1+1+1+1,Vuskovic (BHA) + Thomas (COV) + Greaves (IPS) + Muharemović (LEE) + Robertson (TOT),Vuskovic,Thomas,Greaves,Muharemović,Robertson
gw1_19,Band 1: Budget (£20.5m-£22.5m),22.0,70.59,16.089,79.8,316.88,305.25,11.62,16.68,2.58,100.0,15.8,-0.1083,5,1+1+1+1+1,Calafiori (ARS) + Mendy (HUL) + Greaves (IPS) + Justin (LEE) + O'Nien (SUN),Calafiori,Mendy,Greaves,Justin,O'Nien
gw1_19,Band 1: Budget (£20.5m-£22.5m),22.5,70.59,16.078,79.97,319.46,307.82,11.64,16.81,2.54,100.0,31.6,-0.0211,4,2+1+1+1,Calafiori (ARS) + Thomas (COV) + O'Nien (SUN) + Hume (SUN) + Robertson (TOT),Calafiori,Thomas,O'Nien,Hume,Robertson
gw1_19,Band 1: Budget (£20.5m-£22.5m),22.5,70.57,16.229,77.84,322.34,310.08,12.27,16.97,2.54,94.7,15.8,-0.0883,5,1+1+1+1+1,Vuskovic (BHA) + Thomas (COV) + Greaves (IPS) + Muharemović (LEE) + Hume (SUN),Vuskovic,Thomas,Greaves,Muharemović,Hume
gw1_19,Band 1: Budget (£20.5m-£22.5m),22.5,70.56,16.059,80.14,319.11,307.58,11.53,16.8,2.54,100.0,15.8,-0.0443,5,1+1+1+1+1,Calafiori (ARS) + Thomas (COV) + Castagne (FUL) + O'Nien (SUN) + Robertson (TOT),Calafiori,Thomas,Castagne,O'Nien,Robertson
gw1_19,Band 1: Budget (£20.5m-£22.5m),22.5,70.53,16.313,76.59,323.94,311.88,12.05,17.05,2.6,94.7,5.3,-0.0858,5,1+1+1+1+1,Calafiori (ARS) + Thomas (COV) + Castagne (FUL) + Greaves (IPS) + Justin (LEE),Calafiori,Thomas,Castagne,Greaves,Justin
gw1_19,Band 1: Budget (£20.5m-£22.5m),22.5,70.45,16.302,76.57,323.72,311.51,12.21,17.04,2.6,94.7,10.5,-0.0823,5,1+1+1+1+1,Calafiori (ARS) + Thomas (COV) + Greaves (IPS) + Justin (LEE) + Heaven (MUN),Calafiori,Thomas,Greaves,Justin,Heaven
gw1_19,Band 1: Budget (£20.5m-£22.5m),22.5,70.45,16.24,77.4,322.55,310.52,12.04,16.98,2.56,94.7,10.5,-0.0835,5,1+1+1+1+1,Calafiori (ARS) + Kayode (BRE) + Thomas (COV) + Justin (LEE) + O'Nien (SUN),Calafiori,Kayode,Thomas,Justin,O'Nien
gw1_19,Band 2: Mid-Value (£23.0m-£24.0m),24.0,81.61,17.953,81.93,363.49,350.09,13.39,19.13,2.51,100.0,10.5,-0.173,5,1+1+1+1+1,Calafiori (ARS) + Vuskovic (BHA) + Thomas (COV) + Gvardiol (MCI) + O'Nien (SUN),Calafiori,Vuskovic,Thomas,Gvardiol,O'Nien
gw1_19,Band 2: Mid-Value (£23.0m-£24.0m),24.0,80.96,17.916,80.83,362.78,350.09,12.69,19.09,2.54,100.0,10.5,-0.1361,5,1+1+1+1+1,Calafiori (ARS) + Vuskovic (BHA) + Thomas (COV) + Mendy (HUL) + Gvardiol (MCI),Calafiori,Vuskovic,Thomas,Mendy,Gvardiol
gw1_19,Band 2: Mid-Value (£23.0m-£24.0m),23.5,80.54,17.832,80.9,358.39,345.15,13.25,18.86,2.54,100.0,10.5,-0.145,5,1+1+1+1+1,Calafiori (ARS) + Vuskovic (BHA) + Thomas (COV) + Muharemović (LEE) + O'Nien (SUN),Calafiori,Vuskovic,Thomas,Muharemović,O'Nien
gw1_19,Band 2: Mid-Value (£23.0m-£24.0m),24.0,79.71,17.885,78.12,362.19,348.67,13.52,19.06,2.54,94.7,10.5,-0.1255,5,1+1+1+1+1,Calafiori (ARS) + Vuskovic (BHA) + Hill (BOU) + Thomas (COV) + O'Nien (SUN),Calafiori,Vuskovic,Hill,Thomas,O'Nien
gw1_19,Band 2: Mid-Value (£23.0m-£24.0m),24.0,79.64,17.668,80.9,358.07,345.15,12.93,18.85,2.54,100.0,10.5,-0.145,5,1+1+1+1+1,Calafiori (ARS) + Vuskovic (BHA) + Thomas (COV) + Muharemović (LEE) + Hume (SUN),Calafiori,Vuskovic,Thomas,Muharemović,Hume
gw1_19,Band 2: Mid-Value (£23.0m-£24.0m),23.0,79.52,17.646,80.9,352.06,339.07,12.99,18.53,2.54,100.0,10.5,-0.145,5,1+1+1+1+1,Calafiori (ARS) + Vuskovic (BHA) + Thomas (COV) + Justin (LEE) + O'Nien (SUN),Calafiori,Vuskovic,Thomas,Justin,O'Nien
gw1_19,Band 2: Mid-Value (£23.0m-£24.0m),24.0,79.52,17.855,78.05,361.61,348.67,12.94,19.03,2.54,94.7,15.8,-0.1165,5,1+1+1+1+1,Calafiori (ARS) + Vuskovic (BHA) + Greaves (IPS) + Gvardiol (MCI) + O'Nien (SUN),Calafiori,Vuskovic,Greaves,Gvardiol,O'Nien
gw1_19,Band 2: Mid-Value (£23.0m-£24.0m),24.0,79.43,17.624,80.97,357.24,344.77,12.47,18.8,2.54,100.0,0.0,-0.1552,5,1+1+1+1+1,Calafiori (ARS) + Vuskovic (BHA) + Muharemović (LEE) + O'Nien (SUN) + Robertson (TOT),Calafiori,Vuskovic,Muharemović,O'Nien,Robertson
gw1_19,Band 2: Mid-Value (£23.0m-£24.0m),24.0,79.32,17.642,80.46,357.58,345.15,12.43,18.82,2.54,100.0,10.5,-0.0864,5,1+1+1+1+1,Calafiori (ARS) + Vuskovic (BHA) + Smith (BOU) + Thomas (COV) + Muharemović (LEE),Calafiori,Vuskovic,Smith,Thomas,Muharemović
gw1_19,Band 2: Mid-Value (£23.0m-£24.0m),24.0,79.3,17.66,80.16,357.92,345.15,12.77,18.84,2.56,100.0,10.5,-0.1009,5,1+1+1+1+1,Calafiori (ARS) + Vuskovic (BHA) + Kayode (BRE) + Thomas (COV) + Muharemović (LEE),Calafiori,Vuskovic,Kayode,Thomas,Muharemović
gw1_19,Band 2: Mid-Value (£23.0m-£24.0m),24.0,79.15,17.8,77.88,360.58,348.51,12.07,18.98,2.56,94.7,10.5,-0.1488,5,1+1+1+1+1,Calafiori (ARS) + Vuskovic (BHA) + Mendy (HUL) + Gvardiol (MCI) + O'Nien (SUN),Calafiori,Vuskovic,Mendy,Gvardiol,O'Nien
gw1_19,Band 2: Mid-Value (£23.0m-£24.0m),24.0,79.11,17.843,77.19,361.38,348.56,12.82,19.02,2.58,94.7,5.3,-0.1111,5,1+1+1+1+1,Calafiori (ARS) + Vuskovic (BHA) + Hill (BOU) + Thomas (COV) + Mendy (HUL),Calafiori,Vuskovic,Hill,Thomas,Mendy
gw1_19,Band 2: Mid-Value (£23.0m-£24.0m),23.5,79.09,17.629,80.07,354.52,342.57,11.95,18.66,2.58,100.0,0.0,-0.1443,5,1+1+1+1+1,Calafiori (ARS) + Vuskovic (BHA) + Mendy (HUL) + Muharemović (LEE) + O'Nien (SUN),Calafiori,Vuskovic,Mendy,Muharemović,O'Nien
gw1_19,Band 2: Mid-Value (£23.0m-£24.0m),24.0,79.03,17.775,77.93,360.09,346.68,13.42,18.95,2.56,94.7,10.5,-0.1543,5,1+1+1+1+1,Calafiori (ARS) + Pau (AVL) + Vuskovic (BHA) + Thomas (COV) + Muharemović (LEE),Calafiori,Pau,Vuskovic,Thomas,Muharemović
gw1_19,Band 2: Mid-Value (£23.0m-£24.0m),24.0,79.01,17.817,77.3,360.89,348.67,12.22,18.99,2.58,94.7,10.5,-0.1254,5,1+1+1+1+1,Calafiori (ARS) + Vuskovic (BHA) + Mendy (HUL) + Greaves (IPS) + Gvardiol (MCI),Calafiori,Vuskovic,Mendy,Greaves,Gvardiol
gw1_19,Band 2: Mid-Value (£23.0m-£24.0m),24.0,78.92,17.785,77.5,360.29,348.24,12.05,18.96,2.58,94.7,5.3,-0.1524,5,1+1+1+1+1,Calafiori (ARS) + Vuskovic (BHA) + Hill (BOU) + Mendy (HUL) + O'Nien (SUN),Calafiori,Vuskovic,Hill,Mendy,O'Nien
gw1_19,Band 2: Mid-Value (£23.0m-£24.0m),24.0,78.9,17.814,77.07,360.84,348.66,12.18,18.99,2.6,94.7,5.3,-0.1487,5,1+1+1+1+1,Calafiori (ARS) + Vuskovic (BHA) + Hill (BOU) + Mendy (HUL) + Greaves (IPS),Calafiori,Vuskovic,Hill,Mendy,Greaves
gw1_19,Band 2: Mid-Value (£23.0m-£24.0m),23.5,78.78,17.791,77.08,357.6,345.15,12.45,18.82,2.6,94.7,5.3,-0.1511,5,1+1+1+1+1,Calafiori (ARS) + Vuskovic (BHA) + Thomas (COV) + Mendy (HUL) + Muharemović (LEE),Calafiori,Vuskovic,Thomas,Mendy,Muharemović
gw1_19,Band 2: Mid-Value (£23.0m-£24.0m),24.0,78.69,17.734,77.62,359.33,346.36,12.97,18.91,2.56,94.7,5.3,-0.113,5,1+1+1+1+1,Calafiori (ARS) + Vuskovic (BHA) + Thomas (COV) + Muharemović (LEE) + Robertson (TOT),Calafiori,Vuskovic,Thomas,Muharemović,Robertson
gw1_19,Band 2: Mid-Value (£23.0m-£24.0m),23.0,78.64,17.686,78.14,352.82,340.17,12.65,18.57,2.54,94.7,10.5,-0.1282,5,1+1+1+1+1,Calafiori (ARS) + Pau (AVL) + Vuskovic (BHA) + Thomas (COV) + O'Nien (SUN),Calafiori,Pau,Vuskovic,Thomas,O'Nien
gw1_19,Band 2: Mid-Value (£23.0m-£24.0m),23.5,78.57,17.472,80.9,351.54,338.86,12.68,18.5,2.54,100.0,10.5,-0.145,5,1+1+1+1+1,Calafiori (ARS) + Vuskovic (BHA) + Thomas (COV) + Justin (LEE) + Hume (SUN),Calafiori,Vuskovic,Thomas,Justin,Hume
gw1_19,Band 2: Mid-Value (£23.0m-£24.0m),23.5,78.55,17.747,77.08,356.78,344.02,12.76,18.78,2.58,94.7,10.5,-0.0961,5,1+1+1+1+1,Calafiori (ARS) + Vuskovic (BHA) + Greaves (IPS) + Muharemović (LEE) + O'Nien (SUN),Calafiori,Vuskovic,Greaves,Muharemović,O'Nien
gw1_19,Band 2: Mid-Value (£23.0m-£24.0m),24.0,78.45,17.45,80.9,353.93,340.67,13.26,18.63,2.54,100.0,10.5,-0.145,5,1+1+1+1+1,Calafiori (ARS) + Vuskovic (BHA) + Thomas (COV) + Justin (LEE) + Ballard (SUN),Calafiori,Vuskovic,Thomas,Justin,Ballard
gw1_19,Band 2: Mid-Value (£23.0m-£24.0m),23.5,78.3,17.476,80.16,351.63,339.13,12.5,18.51,2.56,100.0,10.5,-0.1009,5,1+1+1+1+1,Calafiori (ARS) + Vuskovic (BHA) + Kayode (BRE) + Thomas (COV) + Justin (LEE),Calafiori,Vuskovic,Kayode,Thomas,Justin
gw1_19,Band 2: Mid-Value (£23.0m-£24.0m),23.5,78.3,17.641,77.93,354.76,341.71,13.05,18.67,2.56,94.7,10.5,-0.1543,5,1+1+1+1+1,Calafiori (ARS) + Pau (AVL) + Vuskovic (BHA) + Thomas (COV) + Justin (LEE),Calafiori,Pau,Vuskovic,Thomas,Justin
gw1_19,Band 2: Mid-Value (£23.0m-£24.0m),23.5,78.25,17.445,80.46,351.03,338.86,12.17,18.48,2.54,100.0,10.5,-0.0864,5,1+1+1+1+1,Calafiori (ARS) + Vuskovic (BHA) + Smith (BOU) + Thomas (COV) + Justin (LEE),Calafiori,Vuskovic,Smith,Thomas,Justin
gw1_19,Band 2: Mid-Value (£23.0m-£24.0m),23.5,78.24,17.405,80.97,350.28,338.01,12.27,18.44,2.54,100.0,0.0,-0.1552,5,1+1+1+1+1,Calafiori (ARS) + Vuskovic (BHA) + Justin (LEE) + O'Nien (SUN) + Robertson (TOT),Calafiori,Vuskovic,Justin,O'Nien,Robertson
gw1_19,Band 2: Mid-Value (£23.0m-£24.0m),24.0,78.18,17.645,77.56,357.64,344.75,12.89,18.82,2.56,94.7,5.3,-0.1061,5,1+1+1+1+1,Calafiori (ARS) + Pau (AVL) + Vuskovic (BHA) + Muharemović (LEE) + O'Nien (SUN),Calafiori,Pau,Vuskovic,Muharemović,O'Nien
gw1_19,Band 2: Mid-Value (£23.0m-£24.0m),24.0,78.17,17.393,80.97,352.85,339.92,12.94,18.57,2.54,100.0,0.0,-0.1552,5,1+1+1+1+1,Calafiori (ARS) + Vuskovic (BHA) + Justin (LEE) + O'Nien (SUN) + Van Hecke (TOT),Calafiori,Vuskovic,Justin,O'Nien,Van Hecke
gw1_19,Band 2: Mid-Value (£23.0m-£24.0m),23.5,78.17,17.439,80.34,350.93,338.76,12.17,18.47,2.56,100.0,15.8,-0.1255,5,1+1+1+1+1,Calafiori (ARS) + Vuskovic (BHA) + Thomas (COV) + Mendy (HUL) + Ballard (SUN),Calafiori,Vuskovic,Thomas,Mendy,Ballard
gw1_19,Band 2: Mid-Value (£23.0m-£24.0m),23.5,78.14,17.705,76.65,355.98,344.02,11.96,18.74,2.61,94.7,0.0,-0.1479,5,1+1+1+1+1,Calafiori (ARS) + Vuskovic (BHA) + Mendy (HUL) + Greaves (IPS) + Muharemović (LEE),Calafiori,Vuskovic,Mendy,Greaves,Muharemović
gw1_19,Band 2: Mid-Value (£23.0m-£24.0m),24.0,78.13,17.853,74.61,361.59,348.69,12.9,19.03,2.58,89.5,15.8,-0.1174,5,1+1+1+1+1,Calafiori (ARS) + Vuskovic (BHA) + Hill (BOU) + Greaves (IPS) + O'Nien (SUN),Calafiori,Vuskovic,Hill,Greaves,O'Nien
gw1_19,Band 2: Mid-Value (£23.0m-£24.0m),24.0,78.1,17.66,77.17,357.92,345.15,12.77,18.84,2.58,94.7,10.5,-0.1082,5,1+1+1+1+1,Calafiori (ARS) + Vuskovic (BHA) + Thomas (COV) + Castagne (FUL) + Muharemović (LEE),Calafiori,Vuskovic,Thomas,Castagne,Muharemović
gw1_19,Band 2: Mid-Value (£23.0m-£24.0m),23.0,78.08,17.583,78.16,350.85,338.4,12.45,18.47,2.54,94.7,10.5,-0.1311,5,1+1+1+1+1,Calafiori (ARS) + Vuskovic (BHA) + Thomas (COV) + O'Nien (SUN) + Robertson (TOT),Calafiori,Vuskovic,Thomas,O'Nien,Robertson
gw1_19,Band 2: Mid-Value (£23.0m-£24.0m),24.0,78.03,17.669,76.86,358.08,345.15,12.93,18.85,2.6,94.7,5.3,-0.1211,5,1+1+1+1+1,Calafiori (ARS) + Vuskovic (BHA) + Thomas (COV) + Muharemović (LEE) + Heaven (MUN),Calafiori,Vuskovic,Thomas,Muharemović,Heaven
gw1_19,Band 2: Mid-Value (£23.0m-£24.0m),24.0,78.0,17.652,77.03,357.76,345.15,12.61,18.83,2.58,94.7,10.5,-0.09,5,1+1+1+1+1,Calafiori (ARS) + Vuskovic (BHA) + Thomas (COV) + Mykolenko (EVE) + Muharemović (LEE),Calafiori,Vuskovic,Thomas,Mykolenko,Muharemović
gw1_19,Band 2: Mid-Value (£23.0m-£24.0m),24.0,77.98,17.425,80.07,353.45,342.21,11.24,18.6,2.58,100.0,0.0,-0.1443,5,1+1+1+1+1,Calafiori (ARS) + Vuskovic (BHA) + Mendy (HUL) + Muharemović (LEE) + Hume (SUN),Calafiori,Vuskovic,Mendy,Muharemović,Hume
gw1_19,Band 2: Mid-Value (£23.0m-£24.0m),24.0,77.95,17.688,76.39,358.46,345.53,12.93,18.87,2.6,94.7,5.3,-0.0587,5,1+1+1+1+1,Calafiori (ARS) + Pau (AVL) + Vuskovic (BHA) + Greaves (IPS) + Muharemović (LEE),Calafiori,Pau,Vuskovic,Greaves,Muharemović
gw1_19,Band 2: Mid-Value (£23.0m-£24.0m),23.5,77.93,17.555,78.16,353.13,339.95,13.18,18.59,2.54,94.7,10.5,-0.1311,5,1+1+1+1+1,Calafiori (ARS) + Vuskovic (BHA) + Thomas (COV) + O'Nien (SUN) + Van Hecke (TOT),Calafiori,Vuskovic,Thomas,O'Nien,Van Hecke
gw1_19,Band 2: Mid-Value (£23.0m-£24.0m),24.0,77.93,17.699,76.21,358.66,345.15,13.51,18.88,2.6,94.7,15.8,-0.0347,4,2+1+1+1,Calafiori (ARS) + Vuskovic (BHA) + Thomas (COV) + Justin (LEE) + Muharemović (LEE),Calafiori,Vuskovic,Thomas,Justin,Muharemović
gw1_19,Band 2: Mid-Value (£23.0m-£24.0m),23.0,77.92,17.393,80.34,347.25,336.11,11.14,18.28,2.56,100.0,15.8,-0.1255,5,1+1+1+1+1,Calafiori (ARS) + Vuskovic (BHA) + Thomas (COV) + Mendy (HUL) + Hume (SUN),Calafiori,Vuskovic,Thomas,Mendy,Hume
gw1_19,Band 2: Mid-Value (£23.0m-£24.0m),23.0,77.8,17.541,78.03,350.06,337.33,12.73,18.42,2.54,94.7,21.1,-0.1139,5,1+1+1+1+1,Calafiori (ARS) + Vuskovic (BHA) + Thomas (COV) + Aina (NFO) + O'Nien (SUN),Calafiori,Vuskovic,Thomas,Aina,O'Nien
gw1_19,Band 2: Mid-Value (£23.0m-£24.0m),23.5,77.79,17.568,77.65,353.37,340.67,12.7,18.6,2.56,94.7,0.0,-0.1181,5,1+1+1+1+1,Calafiori (ARS) + Pau (AVL) + Vuskovic (BHA) + Thomas (COV) + Aina (NFO),Calafiori,Pau,Vuskovic,Thomas,Aina
gw1_19,Band 2: Mid-Value (£23.0m-£24.0m),23.5,77.72,17.557,77.62,353.17,340.42,12.75,18.59,2.56,94.7,5.3,-0.113,5,1+1+1+1+1,Calafiori (ARS) + Vuskovic (BHA) + Thomas (COV) + Justin (LEE) + Robertson (TOT),Calafiori,Vuskovic,Thomas,Justin,Robertson
gw1_19,Band 2: Mid-Value (£23.0m-£24.0m),23.0,77.7,17.593,77.08,351.05,338.86,12.19,18.48,2.6,94.7,5.3,-0.1511,5,1+1+1+1+1,Calafiori (ARS) + Vuskovic (BHA) + Thomas (COV) + Mendy (HUL) + Justin (LEE),Calafiori,Vuskovic,Thomas,Mendy,Justin
gw1_19,Band 2: Mid-Value (£23.0m-£24.0m),23.5,77.7,17.514,78.14,352.34,340.01,12.33,18.54,2.54,94.7,10.5,-0.1282,5,1+1+1+1+1,Calafiori (ARS) + Pau (AVL) + Vuskovic (BHA) + Thomas (COV) + Hume (SUN),Calafiori,Pau,Vuskovic,Thomas,Hume
gw1_19,Band 2: Mid-Value (£23.0m-£24.0m),24.0,77.66,17.364,80.09,352.29,339.82,12.47,18.54,2.58,100.0,0.0,-0.1469,5,1+1+1+1+1,Calafiori (ARS) + Vuskovic (BHA) + Collins (BRE) + Thomas (COV) + Mendy (HUL),Calafiori,Vuskovic,Collins,Thomas,Mendy
gw1_19,Band 2: Mid-Value (£23.0m-£24.0m),24.0,77.64,17.582,77.08,356.43,344.02,12.41,18.76,2.58,94.7,10.5,-0.0961,5,1+1+1+1+1,Calafiori (ARS) + Vuskovic (BHA) + Greaves (IPS) + Muharemović (LEE) + Hume (SUN),Calafiori,Vuskovic,Greaves,Muharemović,Hume
gw1_19,Band 2: Mid-Value (£23.0m-£24.0m),24.0,77.64,17.562,77.36,356.05,343.35,12.7,18.74,2.56,94.7,10.5,-0.0783,5,1+1+1+1+1,Calafiori (ARS) + Vuskovic (BHA) + Muharemović (LEE) + Aina (NFO) + O'Nien (SUN),Calafiori,Vuskovic,Muharemović,Aina,O'Nien
gw1_19,Band 2: Mid-Value (£23.0m-£24.0m),23.0,77.63,17.359,80.09,346.61,335.51,11.1,18.24,2.58,100.0,0.0,-0.1469,5,1+1+1+1+1,Calafiori (ARS) + Vuskovic (BHA) + Kayode (BRE) + Thomas (COV) + Mendy (HUL),Calafiori,Vuskovic,Kayode,Thomas,Mendy
gw1_19,Band 3: Single Anchor (£24.5m-£25.0m),25.0,82.11,18.046,81.93,370.84,357.41,13.43,19.52,2.51,100.0,10.5,-0.173,5,1+1+1+1+1,Calafiori (ARS) + Vuskovic (BHA) + Thomas (COV) + O'Reilly (MCI) + O'Nien (SUN),Calafiori,Vuskovic,Thomas,O'Reilly,O'Nien
gw1_19,Band 3: Single Anchor (£24.5m-£25.0m),25.0,81.47,18.008,80.83,370.13,357.41,12.72,19.48,2.54,100.0,10.5,-0.1361,5,1+1+1+1+1,Calafiori (ARS) + Vuskovic (BHA) + Thomas (COV) + Mendy (HUL) + O'Reilly (MCI),Calafiori,Vuskovic,Thomas,Mendy,O'Reilly
gw1_19,Band 3: Single Anchor (£24.5m-£25.0m),24.5,80.93,17.865,81.43,364.61,350.95,13.66,19.19,2.53,100.0,10.5,-0.1617,5,1+1+1+1+1,Calafiori (ARS) + Vuskovic (BHA) + Thomas (COV) + Justin (LEE) + Gvardiol (MCI),Calafiori,Vuskovic,Thomas,Justin,Gvardiol
gw1_19,Band 3: Single Anchor (£24.5m-£25.0m),25.0,80.86,17.852,81.43,367.16,352.88,14.28,19.32,2.53,100.0,10.5,-0.1617,5,1+1+1+1+1,Calafiori (ARS) + Vuskovic (BHA) + Thomas (COV) + Muharemović (LEE) + Gvardiol (MCI),Calafiori,Vuskovic,Thomas,Muharemović,Gvardiol
gw1_19,Band 3: Single Anchor (£24.5m-£25.0m),24.5,80.72,17.79,81.93,363.19,350.09,13.1,19.12,2.51,100.0,10.5,-0.173,5,1+1+1+1+1,Calafiori (ARS) + Vuskovic (BHA) + Thomas (COV) + Gvardiol (MCI) + Hume (SUN),Calafiori,Vuskovic,Thomas,Gvardiol,Hume
gw1_19,Band 3: Single Anchor (£24.5m-£25.0m),25.0,80.49,17.791,81.35,366.0,352.13,13.87,19.26,2.53,100.0,5.3,-0.1509,5,1+1+1+1+1,Calafiori (ARS) + Vuskovic (BHA) + Muharemović (LEE) + Gvardiol (MCI) + O'Nien (SUN),Calafiori,Vuskovic,Muharemović,Gvardiol,O'Nien
gw1_19,Band 3: Single Anchor (£24.5m-£25.0m),24.5,80.38,17.771,81.35,362.83,349.64,13.19,19.1,2.53,100.0,5.3,-0.1509,5,1+1+1+1+1,Calafiori (ARS) + Vuskovic (BHA) + Justin (LEE) + Gvardiol (MCI) + O'Nien (SUN),Calafiori,Vuskovic,Justin,Gvardiol,O'Nien
gw1_19,Band 3: Single Anchor (£24.5m-£25.0m),25.0,80.12,17.964,78.05,369.29,356.36,12.93,19.44,2.54,94.7,15.8,-0.1165,5,1+1+1+1+1,Calafiori (ARS) + Vuskovic (BHA) + Greaves (IPS) + O'Reilly (MCI) + O'Nien (SUN),Calafiori,Vuskovic,Greaves,O'Reilly,O'Nien
gw1_19,Band 3: Single Anchor (£24.5m-£25.0m),25.0,80.11,17.68,81.93,363.88,350.14,13.74,19.15,2.51,100.0,10.5,-0.173,5,1+1+1+1+1,Calafiori (ARS) + Vuskovic (BHA) + Thomas (COV) + Gvardiol (MCI) + Ballard (SUN),Calafiori,Vuskovic,Thomas,Gvardiol,Ballard
gw1_19,Band 3: Single Anchor (£24.5m-£25.0m),25.0,80.0,17.759,80.55,365.4,352.13,13.27,19.23,2.56,100.0,10.5,-0.1537,5,1+1+1+1+1,Calafiori (ARS) + Vuskovic (BHA) + Mendy (HUL) + Muharemović (LEE) + Gvardiol (MCI),Calafiori,Vuskovic,Mendy,Muharemović,Gvardiol
gw1_19,Band 3: Single Anchor (£24.5m-£25.0m),24.5,79.92,17.752,80.46,362.47,348.59,13.88,19.08,2.54,100.0,10.5,-0.0864,5,1+1+1+1+1,Calafiori (ARS) + Vuskovic (BHA) + Hill (BOU) + Thomas (COV) + Justin (LEE),Calafiori,Vuskovic,Hill,Thomas,Justin
gw1_19,Band 3: Single Anchor (£24.5m-£25.0m),24.5,79.86,17.734,80.55,362.12,349.56,12.56,19.06,2.56,100.0,10.5,-0.1537,5,1+1+1+1+1,Calafiori (ARS) + Vuskovic (BHA) + Mendy (HUL) + Justin (LEE) + Gvardiol (MCI),Calafiori,Vuskovic,Mendy,Justin,Gvardiol
gw1_19,Band 3: Single Anchor (£24.5m-£25.0m),25.0,79.73,17.905,77.88,368.17,356.1,12.07,19.38,2.56,94.7,10.5,-0.1488,5,1+1+1+1+1,Calafiori (ARS) + Vuskovic (BHA) + Mendy (HUL) + O'Reilly (MCI) + O'Nien (SUN),Calafiori,Vuskovic,Mendy,O'Reilly,O'Nien
gw1_19,Band 3: Single Anchor (£24.5m-£25.0m),25.0,79.71,17.713,80.46,364.51,349.97,14.54,19.18,2.54,100.0,10.5,-0.0864,5,1+1+1+1+1,Calafiori (ARS) + Vuskovic (BHA) + Hill (BOU) + Thomas (COV) + Muharemović (LEE),Calafiori,Vuskovic,Hill,Thomas,Muharemović
gw1_19,Band 3: Single Anchor (£24.5m-£25.0m),25.0,79.61,17.926,77.3,368.57,356.36,12.21,19.4,2.58,94.7,10.5,-0.1254,5,1+1+1+1+1,Calafiori (ARS) + Vuskovic (BHA) + Mendy (HUL) + Greaves (IPS) + O'Reilly (MCI),Calafiori,Vuskovic,Mendy,Greaves,O'Reilly
gw1_19,Band 3: Single Anchor (£24.5m-£25.0m),24.5,79.58,17.582,81.93,359.23,345.92,13.31,18.91,2.51,100.0,10.5,-0.173,5,1+1+1+1+1,Calafiori (ARS) + Vuskovic (BHA) + Thomas (COV) + Guéhi (MCI) + O'Nien (SUN),Calafiori,Vuskovic,Thomas,Guéhi,O'Nien
gw1_19,Band 3: Single Anchor (£24.5m-£25.0m),25.0,79.48,17.606,81.35,362.48,349.56,12.92,19.08,2.53,100.0,5.3,-0.1509,5,1+1+1+1+1,Calafiori (ARS) + Vuskovic (BHA) + Justin (LEE) + Gvardiol (MCI) + Hume (SUN),Calafiori,Vuskovic,Justin,Gvardiol,Hume
gw1_19,Band 3: Single Anchor (£24.5m-£25.0m),24.5,79.24,17.663,79.96,360.77,348.08,12.69,18.99,2.58,100.0,5.3,-0.1296,5,1+1+1+1+1,Calafiori (ARS) + Vuskovic (BHA) + Hill (BOU) + Mendy (HUL) + Justin (LEE),Calafiori,Vuskovic,Hill,Mendy,Justin
gw1_19,Band 3: Single Anchor (£24.5m-£25.0m),25.0,79.2,17.656,79.96,363.43,349.95,13.48,19.13,2.58,100.0,5.3,-0.1296,5,1+1+1+1+1,Calafiori (ARS) + Vuskovic (BHA) + Hill (BOU) + Mendy (HUL) + Muharemović (LEE),Calafiori,Vuskovic,Hill,Mendy,Muharemović
gw1_19,Band 3: Single Anchor (£24.5m-£25.0m),25.0,79.2,17.58,81.01,361.99,348.93,13.06,19.05,2.54,100.0,5.3,-0.1599,5,1+1+1+1+1,Calafiori (ARS) + Vuskovic (BHA) + Gvardiol (MCI) + Thiaw (NEW) + O'Nien (SUN),Calafiori,Vuskovic,Gvardiol,Thiaw,O'Nien
gw1_19,Band 3: Single Anchor (£24.5m-£25.0m),24.5,79.18,17.785,78.15,363.1,350.09,13.0,19.11,2.54,94.7,10.5,-0.1301,5,1+1+1+1+1,Calafiori (ARS) + Vuskovic (BHA) + Kayode (BRE) + Thomas (COV) + Gvardiol (MCI),Calafiori,Vuskovic,Kayode,Thomas,Gvardiol
gw1_19,Band 3: Single Anchor (£24.5m-£25.0m),24.5,79.12,17.782,78.05,363.03,350.09,12.94,19.11,2.54,94.7,5.3,-0.1157,5,1+1+1+1+1,Calafiori (ARS) + Vuskovic (BHA) + Thomas (COV) + Castagne (FUL) + Gvardiol (MCI),Calafiori,Vuskovic,Thomas,Castagne,Gvardiol
gw1_19,Band 3: Single Anchor (£24.5m-£25.0m),24.5,79.12,17.792,77.91,363.23,350.09,13.13,19.12,2.56,94.7,0.0,-0.1518,5,1+1+1+1+1,Calafiori (ARS) + Vuskovic (BHA) + Thomas (COV) + Gvardiol (MCI) + Heaven (MUN),Calafiori,Vuskovic,Thomas,Gvardiol,Heaven
gw1_19,Band 3: Single Anchor (£24.5m-£25.0m),25.0,79.07,17.8,77.66,366.18,352.13,14.05,19.27,2.56,94.7,5.3,-0.1191,5,1+1+1+1+1,Calafiori (ARS) + Vuskovic (BHA) + Greaves (IPS) + Muharemović (LEE) + Gvardiol (MCI),Calafiori,Vuskovic,Greaves,Muharemović,Gvardiol
gw1_19,Band 3: Single Anchor (£24.5m-£25.0m),24.5,79.06,17.768,78.1,362.76,350.09,12.67,19.09,2.53,94.7,15.8,-0.068,5,1+1+1+1+1,Calafiori (ARS) + Vuskovic (BHA) + Smith (BOU) + Thomas (COV) + Gvardiol (MCI),Calafiori,Vuskovic,Smith,Thomas,Gvardiol
gw1_19,Band 3: Single Anchor (£24.5m-£25.0m),24.5,79.06,17.556,80.97,358.74,345.47,13.27,18.88,2.54,100.0,0.0,-0.1552,5,1+1+1+1+1,Calafiori (ARS) + Vuskovic (BHA) + Muharemović (LEE) + O'Nien (SUN) + Van Hecke (TOT),Calafiori,Vuskovic,Muharemović,O'Nien,Van Hecke
gw1_19,Band 3: Single Anchor (£24.5m-£25.0m),24.5,79.05,17.56,80.9,358.81,345.2,13.61,18.88,2.54,100.0,10.5,-0.145,5,1+1+1+1+1,Calafiori (ARS) + Vuskovic (BHA) + Thomas (COV) + Muharemović (LEE) + Ballard (SUN),Calafiori,Vuskovic,Thomas,Muharemović,Ballard
gw1_19,Band 3: Single Anchor (£24.5m-£25.0m),24.5,79.0,17.789,77.66,363.17,349.78,13.38,19.11,2.56,94.7,5.3,-0.1191,5,1+1+1+1+1,Calafiori (ARS) + Vuskovic (BHA) + Greaves (IPS) + Justin (LEE) + Gvardiol (MCI),Calafiori,Vuskovic,Greaves,Justin,Gvardiol
gw1_19,Band 3: Single Anchor (£24.5m-£25.0m),24.5,78.94,17.544,80.83,358.52,345.92,12.6,18.87,2.54,100.0,10.5,-0.1361,5,1+1+1+1+1,Calafiori (ARS) + Vuskovic (BHA) + Thomas (COV) + Mendy (HUL) + Guéhi (MCI),Calafiori,Vuskovic,Thomas,Mendy,Guéhi
gw1_19,Band 3: Single Anchor (£24.5m-£25.0m),25.0,78.92,17.497,81.43,360.42,346.82,13.59,18.97,2.53,100.0,10.5,-0.1617,5,1+1+1+1+1,Calafiori (ARS) + Vuskovic (BHA) + Thomas (COV) + Justin (LEE) + Guéhi (MCI),Calafiori,Vuskovic,Thomas,Justin,Guéhi
gw1_19,Band 3: Single Anchor (£24.5m-£25.0m),24.5,78.91,17.702,78.61,361.52,348.71,12.81,19.03,2.53,94.7,5.3,-0.1365,5,1+1+1+1+1,Calafiori (ARS) + Vuskovic (BHA) + Gvardiol (MCI) + O'Nien (SUN) + Robertson (TOT),Calafiori,Vuskovic,Gvardiol,O'Nien,Robertson
gw1_19,Band 3: Single Anchor (£24.5m-£25.0m),24.5,78.9,17.741,78.04,362.26,348.7,13.56,19.07,2.54,94.7,5.3,-0.1152,5,1+1+1+1+1,Calafiori (ARS) + Vuskovic (BHA) + Hill (BOU) + Thomas (COV) + Aina (NFO),Calafiori,Vuskovic,Hill,Thomas,Aina
gw1_19,Band 3: Single Anchor (£24.5m-£25.0m),25.0,78.83,17.665,78.92,363.6,350.09,13.51,19.14,2.51,94.7,15.8,-0.1225,5,1+1+1+1+1,Calafiori (ARS) + Vuskovic (BHA) + Thomas (COV) + Jacquet (LIV) + Gvardiol (MCI),Calafiori,Vuskovic,Thomas,Jacquet,Gvardiol
gw1_19,Band 3: Single Anchor (£24.5m-£25.0m),24.5,78.83,17.768,77.51,362.77,350.09,12.67,19.09,2.56,94.7,10.5,-0.0985,5,1+1+1+1+1,Calafiori (ARS) + Vuskovic (BHA) + Thomas (COV) + Mingueza (CRY) + Gvardiol (MCI),Calafiori,Vuskovic,Thomas,Mingueza,Gvardiol
gw1_19,Band 3: Single Anchor (£24.5m-£25.0m),24.5,78.8,17.719,78.12,361.83,348.59,13.23,19.04,2.54,94.7,10.5,-0.1255,5,1+1+1+1+1,Calafiori (ARS) + Vuskovic (BHA) + Hill (BOU) + Thomas (COV) + Hume (SUN),Calafiori,Vuskovic,Hill,Thomas,Hume
gw1_19,Band 3: Single Anchor (£24.5m-£25.0m),25.0,78.69,17.419,81.93,358.93,345.92,13.01,18.89,2.51,100.0,10.5,-0.173,5,1+1+1+1+1,Calafiori (ARS) + Vuskovic (BHA) + Thomas (COV) + Guéhi (MCI) + Hume (SUN),Calafiori,Vuskovic,Thomas,Guéhi,Hume
gw1_19,Band 3: Single Anchor (£24.5m-£25.0m),24.5,78.62,17.69,78.05,361.29,348.67,12.62,19.02,2.54,94.7,15.8,-0.1165,5,1+1+1+1+1,Calafiori (ARS) + Vuskovic (BHA) + Greaves (IPS) + Gvardiol (MCI) + Hume (SUN),Calafiori,Vuskovic,Greaves,Gvardiol,Hume
gw1_19,Band 3: Single Anchor (£24.5m-£25.0m),24.5,78.58,17.866,75.56,364.63,351.0,13.63,19.19,2.54,89.5,15.8,-0.135,5,1+1+1+1+1,Calafiori (ARS) + Pau (AVL) + Vuskovic (BHA) + Thomas (COV) + Gvardiol (MCI),Calafiori,Pau,Vuskovic,Thomas,Gvardiol
gw1_19,Band 3: Single Anchor (£24.5m-£25.0m),25.0,78.56,17.535,80.02,361.13,348.74,12.39,19.01,2.58,100.0,5.3,-0.1377,5,1+1+1+1+1,Calafiori (ARS) + Vuskovic (BHA) + Mendy (HUL) + Gvardiol (MCI) + Thiaw (NEW),Calafiori,Vuskovic,Mendy,Gvardiol,Thiaw
gw1_19,Band 3: Single Anchor (£24.5m-£25.0m),24.5,78.55,17.712,77.56,361.7,348.56,13.14,19.04,2.56,94.7,5.3,-0.1059,5,1+1+1+1+1,Calafiori (ARS) + Vuskovic (BHA) + Hill (BOU) + Kayode (BRE) + Thomas (COV),Calafiori,Vuskovic,Hill,Kayode,Thomas
gw1_19,Band 3: Single Anchor (£24.5m-£25.0m),24.5,78.55,17.501,80.46,357.68,345.15,12.54,18.83,2.54,100.0,10.5,-0.0864,5,1+1+1+1+1,Calafiori (ARS) + Vuskovic (BHA) + Silva (BOU) + Thomas (COV) + Muharemović (LEE),Calafiori,Vuskovic,Silva,Thomas,Muharemović
gw1_19,Band 3: Single Anchor (£24.5m-£25.0m),24.5,78.5,17.704,77.55,361.56,348.24,13.32,19.03,2.56,94.7,5.3,-0.1042,5,1+1+1+1+1,Calafiori (ARS) + Vuskovic (BHA) + Hill (BOU) + Justin (LEE) + O'Nien (SUN),Calafiori,Vuskovic,Hill,Justin,O'Nien
gw1_19,Band 3: Single Anchor (£24.5m-£25.0m),24.5,78.46,17.735,77.05,362.13,348.66,13.47,19.06,2.58,94.7,5.3,-0.092,5,1+1+1+1+1,Calafiori (ARS) + Vuskovic (BHA) + Hill (BOU) + Greaves (IPS) + Justin (LEE),Calafiori,Vuskovic,Hill,Greaves,Justin
gw1_19,Band 3: Single Anchor (£24.5m-£25.0m),24.5,78.46,17.719,77.25,361.83,348.56,13.27,19.04,2.58,94.7,0.0,-0.1183,5,1+1+1+1+1,Calafiori (ARS) + Vuskovic (BHA) + Hill (BOU) + Thomas (COV) + Heaven (MUN),Calafiori,Vuskovic,Hill,Thomas,Heaven
gw1_19,Band 3: Single Anchor (£24.5m-£25.0m),24.5,78.45,17.444,80.97,356.6,344.61,11.99,18.77,2.54,100.0,0.0,-0.1552,5,1+1+1+1+1,Calafiori (ARS) + Vuskovic (BHA) + Muharemović (LEE) + Hume (SUN) + Robertson (TOT),Calafiori,Vuskovic,Muharemović,Hume,Robertson
gw1_19,Band 3: Single Anchor (£24.5m-£25.0m),25.0,78.42,17.613,78.61,362.62,349.03,13.59,19.09,2.53,94.7,5.3,-0.1365,5,1+1+1+1+1,Calafiori (ARS) + Vuskovic (BHA) + Gvardiol (MCI) + O'Nien (SUN) + Van Hecke (TOT),Calafiori,Vuskovic,Gvardiol,O'Nien,Van Hecke
gw1_19,Band 3: Single Anchor (£24.5m-£25.0m),25.0,78.41,17.688,77.55,364.05,349.95,14.1,19.16,2.56,94.7,5.3,-0.1042,5,1+1+1+1+1,Calafiori (ARS) + Vuskovic (BHA) + Hill (BOU) + Muharemović (LEE) + O'Nien (SUN),Calafiori,Vuskovic,Hill,Muharemović,O'Nien
gw1_19,Band 3: Single Anchor (£24.5m-£25.0m),25.0,78.41,17.69,77.51,364.09,350.5,13.59,19.16,2.56,94.7,10.5,-0.0985,5,1+1+1+1+1,Calafiori (ARS) + Vuskovic (BHA) + Thomas (COV) + Canvot (CRY) + Gvardiol (MCI),Calafiori,Vuskovic,Thomas,Canvot,Gvardiol
gw1_19,Band 3: Single Anchor (£24.5m-£25.0m),25.0,78.4,17.674,77.72,363.77,350.23,13.53,19.15,2.56,94.7,5.3,-0.1263,5,1+1+1+1+1,Calafiori (ARS) + Vuskovic (BHA) + Thomas (COV) + Gvardiol (MCI) + Thiaw (NEW),Calafiori,Vuskovic,Thomas,Gvardiol,Thiaw
gw1_19,Band 3: Single Anchor (£24.5m-£25.0m),25.0,78.33,17.648,77.91,363.28,350.09,13.18,19.12,2.56,94.7,0.0,-0.1518,5,1+1+1+1+1,Calafiori (ARS) + Vuskovic (BHA) + Thomas (COV) + Gvardiol (MCI) + Dalot (MUN),Calafiori,Vuskovic,Thomas,Gvardiol,Dalot
gw1_19,Band 4: Premium / Dual Anchor (£25.5m-£26.0m),25.5,81.43,17.958,81.43,371.97,358.27,13.7,19.58,2.53,100.0,10.5,-0.1617,5,1+1+1+1+1,Calafiori (ARS) + Vuskovic (BHA) + Thomas (COV) + Justin (LEE) + O'Reilly (MCI),Calafiori,Vuskovic,Thomas,Justin,O'Reilly
gw1_19,Band 4: Premium / Dual Anchor (£25.5m-£26.0m),25.5,81.22,17.883,81.93,370.54,357.41,13.13,19.5,2.51,100.0,10.5,-0.173,5,1+1+1+1+1,Calafiori (ARS) + Vuskovic (BHA) + Thomas (COV) + O'Reilly (MCI) + Hume (SUN),Calafiori,Vuskovic,Thomas,O'Reilly,Hume
gw1_19,Band 4: Premium / Dual Anchor (£25.5m-£26.0m),26.0,81.19,17.913,81.43,373.91,359.54,14.37,19.68,2.53,100.0,10.5,-0.1617,5,1+1+1+1+1,Calafiori (ARS) + Vuskovic (BHA) + Thomas (COV) + Muharemović (LEE) + O'Reilly (MCI),Calafiori,Vuskovic,Thomas,Muharemović,O'Reilly
gw1_19,Band 4: Premium / Dual Anchor (£25.5m-£26.0m),25.5,80.97,17.878,81.35,370.45,357.26,13.19,19.5,2.53,100.0,5.3,-0.1509,5,1+1+1+1+1,Calafiori (ARS) + Vuskovic (BHA) + Justin (LEE) + O'Reilly (MCI) + O'Nien (SUN),Calafiori,Vuskovic,Justin,O'Reilly,O'Nien
gw1_19,Band 4: Premium / Dual Anchor (£25.5m-£26.0m),26.0,80.85,17.856,81.35,372.84,358.86,13.97,19.62,2.53,100.0,5.3,-0.1509,5,1+1+1+1+1,Calafiori (ARS) + Vuskovic (BHA) + Muharemović (LEE) + O'Reilly (MCI) + O'Nien (SUN),Calafiori,Vuskovic,Muharemović,O'Reilly,O'Nien
gw1_19,Band 4: Premium / Dual Anchor (£25.5m-£26.0m),26.0,80.62,17.772,81.93,371.24,357.46,13.78,19.54,2.51,100.0,10.5,-0.173,5,1+1+1+1+1,Calafiori (ARS) + Vuskovic (BHA) + Thomas (COV) + O'Reilly (MCI) + Ballard (SUN),Calafiori,Vuskovic,Thomas,O'Reilly,Ballard
gw1_19,Band 4: Premium / Dual Anchor (£25.5m-£26.0m),25.5,80.44,17.84,80.55,369.74,357.18,12.55,19.46,2.56,100.0,10.5,-0.1537,5,1+1+1+1+1,Calafiori (ARS) + Vuskovic (BHA) + Mendy (HUL) + Justin (LEE) + O'Reilly (MCI),Calafiori,Vuskovic,Mendy,Justin,O'Reilly
gw1_19,Band 4: Premium / Dual Anchor (£25.5m-£26.0m),26.0,80.36,17.824,80.55,372.23,358.86,13.37,19.59,2.56,100.0,10.5,-0.1537,5,1+1+1+1+1,Calafiori (ARS) + Vuskovic (BHA) + Mendy (HUL) + Muharemović (LEE) + O'Reilly (MCI),Calafiori,Vuskovic,Mendy,Muharemović,O'Reilly
gw1_19,Band 4: Premium / Dual Anchor (£25.5m-£26.0m),26.0,80.06,17.712,81.35,370.09,357.18,12.91,19.48,2.53,100.0,5.3,-0.1509,5,1+1+1+1+1,Calafiori (ARS) + Vuskovic (BHA) + Justin (LEE) + O'Reilly (MCI) + Hume (SUN),Calafiori,Vuskovic,Justin,O'Reilly,Hume
gw1_19,Band 4: Premium / Dual Anchor (£25.5m-£26.0m),26.0,79.74,17.679,81.01,369.46,356.39,13.08,19.45,2.54,100.0,5.3,-0.1599,5,1+1+1+1+1,Calafiori (ARS) + Vuskovic (BHA) + O'Reilly (MCI) + Thiaw (NEW) + O'Nien (SUN),Calafiori,Vuskovic,O'Reilly,Thiaw,O'Nien
gw1_19,Band 4: Premium / Dual Anchor (£25.5m-£26.0m),25.5,79.69,17.878,78.15,370.45,357.41,13.04,19.5,2.54,94.7,10.5,-0.1301,5,1+1+1+1+1,Calafiori (ARS) + Vuskovic (BHA) + Kayode (BRE) + Thomas (COV) + O'Reilly (MCI),Calafiori,Vuskovic,Kayode,Thomas,O'Reilly
gw1_19,Band 4: Premium / Dual Anchor (£25.5m-£26.0m),25.5,79.63,17.885,77.91,370.58,357.41,13.17,19.5,2.56,94.7,0.0,-0.1518,5,1+1+1+1+1,Calafiori (ARS) + Vuskovic (BHA) + Thomas (COV) + O'Reilly (MCI) + Heaven (MUN),Calafiori,Vuskovic,Thomas,O'Reilly,Heaven
gw1_19,Band 4: Premium / Dual Anchor (£25.5m-£26.0m),25.5,79.63,17.875,78.05,370.39,357.41,12.97,19.49,2.54,94.7,5.3,-0.1157,5,1+1+1+1+1,Calafiori (ARS) + Vuskovic (BHA) + Thomas (COV) + Castagne (FUL) + O'Reilly (MCI),Calafiori,Vuskovic,Thomas,Castagne,O'Reilly
gw1_19,Band 4: Premium / Dual Anchor (£25.5m-£26.0m),25.5,79.61,17.63,81.35,365.74,352.13,13.61,19.25,2.53,100.0,5.3,-0.1509,5,1+1+1+1+1,Calafiori (ARS) + Vuskovic (BHA) + Muharemović (LEE) + Gvardiol (MCI) + Hume (SUN),Calafiori,Vuskovic,Muharemović,Gvardiol,Hume
gw1_19,Band 4: Premium / Dual Anchor (£25.5m-£26.0m),25.5,79.59,17.896,77.66,370.79,357.4,13.39,19.52,2.56,94.7,5.3,-0.1191,5,1+1+1+1+1,Calafiori (ARS) + Vuskovic (BHA) + Greaves (IPS) + Justin (LEE) + O'Reilly (MCI),Calafiori,Vuskovic,Greaves,Justin,O'Reilly
gw1_19,Band 4: Premium / Dual Anchor (£25.5m-£26.0m),25.5,79.57,17.86,78.1,370.11,357.41,12.7,19.48,2.53,94.7,15.8,-0.068,5,1+1+1+1+1,Calafiori (ARS) + Vuskovic (BHA) + Smith (BOU) + Thomas (COV) + O'Reilly (MCI),Calafiori,Vuskovic,Smith,Thomas,O'Reilly
gw1_19,Band 4: Premium / Dual Anchor (£25.5m-£26.0m),25.5,79.47,17.805,78.61,369.05,356.24,12.82,19.42,2.53,94.7,5.3,-0.1365,5,1+1+1+1+1,Calafiori (ARS) + Vuskovic (BHA) + O'Reilly (MCI) + O'Nien (SUN) + Robertson (TOT),Calafiori,Vuskovic,O'Reilly,O'Nien,Robertson
gw1_19,Band 4: Premium / Dual Anchor (£25.5m-£26.0m),26.0,79.42,17.866,77.66,373.02,358.86,14.16,19.63,2.56,94.7,5.3,-0.1191,5,1+1+1+1+1,Calafiori (ARS) + Vuskovic (BHA) + Greaves (IPS) + Muharemović (LEE) + O'Reilly (MCI),Calafiori,Vuskovic,Greaves,Muharemović,O'Reilly
gw1_19,Band 4: Premium / Dual Anchor (£25.5m-£26.0m),25.5,79.34,17.861,77.51,370.13,357.41,12.71,19.48,2.56,94.7,10.5,-0.0985,5,1+1+1+1+1,Calafiori (ARS) + Vuskovic (BHA) + Thomas (COV) + Mingueza (CRY) + O'Reilly (MCI),Calafiori,Vuskovic,Thomas,Mingueza,O'Reilly
gw1_19,Band 4: Premium / Dual Anchor (£25.5m-£26.0m),26.0,79.33,17.757,78.92,370.96,357.41,13.54,19.52,2.51,94.7,15.8,-0.1225,5,1+1+1+1+1,Calafiori (ARS) + Vuskovic (BHA) + Thomas (COV) + Jacquet (LIV) + O'Reilly (MCI),Calafiori,Vuskovic,Thomas,Jacquet,O'Reilly
gw1_19,Band 4: Premium / Dual Anchor (£25.5m-£26.0m),25.5,79.22,17.8,78.05,368.96,356.36,12.61,19.42,2.54,94.7,15.8,-0.1165,5,1+1+1+1+1,Calafiori (ARS) + Vuskovic (BHA) + Greaves (IPS) + O'Reilly (MCI) + Hume (SUN),Calafiori,Vuskovic,Greaves,O'Reilly,Hume
gw1_19,Band 4: Premium / Dual Anchor (£25.5m-£26.0m),25.5,79.21,17.514,81.93,363.54,350.09,13.44,19.13,2.51,100.0,10.5,-0.173,5,1+1+1+1+1,Calafiori (ARS) + Vuskovic (BHA) + Thomas (COV) + Gvardiol (MCI) + Mukiele (SUN),Calafiori,Vuskovic,Thomas,Gvardiol,Mukiele
gw1_19,Band 4: Premium / Dual Anchor (£25.5m-£26.0m),26.0,79.1,17.634,80.02,368.61,356.2,12.41,19.4,2.58,100.0,5.3,-0.1377,5,1+1+1+1+1,Calafiori (ARS) + Vuskovic (BHA) + Mendy (HUL) + O'Reilly (MCI) + Thiaw (NEW),Calafiori,Vuskovic,Mendy,O'Reilly,Thiaw
gw1_19,Band 4: Premium / Dual Anchor (£25.5m-£26.0m),25.5,79.07,17.956,75.56,371.93,358.25,13.68,19.58,2.54,89.5,15.8,-0.135,5,1+1+1+1+1,Calafiori (ARS) + Pau (AVL) + Vuskovic (BHA) + Thomas (COV) + O'Reilly (MCI),Calafiori,Pau,Vuskovic,Thomas,O'Reilly
gw1_19,Band 4: Premium / Dual Anchor (£25.5m-£26.0m),25.5,79.07,17.769,78.1,368.37,353.62,14.76,19.39,2.53,94.7,15.8,-0.068,5,1+1+1+1+1,Calafiori (ARS) + Vuskovic (BHA) + Hill (BOU) + Thomas (COV) + Gvardiol (MCI),Calafiori,Vuskovic,Hill,Thomas,Gvardiol
gw1_19,Band 4: Premium / Dual Anchor (£25.5m-£26.0m),25.5,79.05,17.52,81.43,363.65,349.5,14.15,19.14,2.53,100.0,10.5,-0.1617,5,1+1+1+1+1,Calafiori (ARS) + Vuskovic (BHA) + Thomas (COV) + Muharemović (LEE) + Guéhi (MCI),Calafiori,Vuskovic,Thomas,Muharemović,Guéhi
gw1_19,Band 4: Premium / Dual Anchor (£25.5m-£26.0m),25.5,79.0,17.518,81.35,363.61,350.0,13.6,19.14,2.53,100.0,5.3,-0.1509,5,1+1+1+1+1,Calafiori (ARS) + Vuskovic (BHA) + Justin (LEE) + Gvardiol (MCI) + Ballard (SUN),Calafiori,Vuskovic,Justin,Gvardiol,Ballard
gw1_19,Band 4: Premium / Dual Anchor (£25.5m-£26.0m),26.0,79.0,17.719,78.61,370.23,356.65,13.58,19.49,2.53,94.7,5.3,-0.1365,5,1+1+1+1+1,Calafiori (ARS) + Vuskovic (BHA) + O'Reilly (MCI) + O'Nien (SUN) + Van Hecke (TOT),Calafiori,Vuskovic,O'Reilly,O'Nien,Van Hecke
gw1_19,Band 4: Premium / Dual Anchor (£25.5m-£26.0m),26.0,78.96,17.51,81.35,366.26,352.13,14.13,19.28,2.53,100.0,5.3,-0.1509,5,1+1+1+1+1,Calafiori (ARS) + Vuskovic (BHA) + Muharemović (LEE) + Gvardiol (MCI) + Ballard (SUN),Calafiori,Vuskovic,Muharemović,Gvardiol,Ballard
gw1_19,Band 4: Premium / Dual Anchor (£25.5m-£26.0m),26.0,78.91,17.783,77.51,371.44,357.82,13.62,19.55,2.56,94.7,10.5,-0.0985,5,1+1+1+1+1,Calafiori (ARS) + Vuskovic (BHA) + Thomas (COV) + Canvot (CRY) + O'Reilly (MCI),Calafiori,Vuskovic,Thomas,Canvot,O'Reilly
gw1_19,Band 4: Premium / Dual Anchor (£25.5m-£26.0m),26.0,78.88,17.763,77.72,371.06,357.49,13.57,19.53,2.56,94.7,5.3,-0.1263,5,1+1+1+1+1,Calafiori (ARS) + Vuskovic (BHA) + Thomas (COV) + O'Reilly (MCI) + Thiaw (NEW),Calafiori,Vuskovic,Thomas,O'Reilly,Thiaw
gw1_19,Band 4: Premium / Dual Anchor (£25.5m-£26.0m),25.5,78.87,17.766,77.63,368.33,356.25,12.08,19.39,2.56,94.7,5.3,-0.1147,5,1+1+1+1+1,Calafiori (ARS) + Vuskovic (BHA) + Mingueza (CRY) + O'Reilly (MCI) + O'Nien (SUN),Calafiori,Vuskovic,Mingueza,O'Reilly,O'Nien
gw1_19,Band 4: Premium / Dual Anchor (£25.5m-£26.0m),26.0,78.84,17.74,77.91,370.63,357.41,13.22,19.51,2.56,94.7,0.0,-0.1518,5,1+1+1+1+1,Calafiori (ARS) + Vuskovic (BHA) + Thomas (COV) + O'Reilly (MCI) + Dalot (MUN),Calafiori,Vuskovic,Thomas,O'Reilly,Dalot
gw1_19,Band 4: Premium / Dual Anchor (£25.5m-£26.0m),26.0,78.78,17.717,78.1,370.18,357.41,12.77,19.48,2.53,94.7,15.8,-0.068,5,1+1+1+1+1,Calafiori (ARS) + Vuskovic (BHA) + Silva (BOU) + Thomas (COV) + O'Reilly (MCI),Calafiori,Vuskovic,Silva,Thomas,O'Reilly
gw1_19,Band 4: Premium / Dual Anchor (£25.5m-£26.0m),26.0,78.77,17.661,78.81,369.12,356.18,12.95,19.43,2.51,94.7,10.5,-0.1089,5,1+1+1+1+1,Calafiori (ARS) + Vuskovic (BHA) + Jacquet (LIV) + O'Reilly (MCI) + O'Nien (SUN),Calafiori,Vuskovic,Jacquet,O'Reilly,O'Nien
gw1_19,Band 4: Premium / Dual Anchor (£25.5m-£26.0m),26.0,78.74,17.711,78.05,370.08,356.74,13.34,19.48,2.54,94.7,15.8,-0.1165,5,1+1+1+1+1,Calafiori (ARS) + Vuskovic (BHA) + Greaves (IPS) + O'Reilly (MCI) + Ballard (SUN),Calafiori,Vuskovic,Greaves,O'Reilly,Ballard
gw1_19,Band 4: Premium / Dual Anchor (£25.5m-£26.0m),25.5,78.69,17.714,77.88,367.34,356.02,11.31,19.33,2.56,94.7,10.5,-0.1488,5,1+1+1+1+1,Calafiori (ARS) + Vuskovic (BHA) + Mendy (HUL) + O'Reilly (MCI) + Hume (SUN),Calafiori,Vuskovic,Mendy,O'Reilly,Hume
gw1_19,Band 4: Premium / Dual Anchor (£25.5m-£26.0m),25.5,78.68,17.901,75.33,370.88,357.41,13.47,19.52,2.54,89.5,5.3,-0.1049,5,1+1+1+1+1,Calafiori (ARS) + Vuskovic (BHA) + Thomas (COV) + O'Reilly (MCI) + Aina (NFO),Calafiori,Vuskovic,Thomas,O'Reilly,Aina
gw1_19,Band 4: Premium / Dual Anchor (£25.5m-£26.0m),25.5,78.64,17.451,81.35,362.34,348.63,13.71,19.07,2.53,100.0,5.3,-0.1509,5,1+1+1+1+1,Calafiori (ARS) + Vuskovic (BHA) + Muharemović (LEE) + Guéhi (MCI) + O'Nien (SUN),Calafiori,Vuskovic,Muharemović,Guéhi,O'Nien
gw1_19,Band 4: Premium / Dual Anchor (£25.5m-£26.0m),26.0,78.61,17.712,77.72,370.08,357.18,12.9,19.48,2.56,94.7,5.3,-0.1272,5,1+1+1+1+1,Calafiori (ARS) + Vuskovic (BHA) + Castagne (FUL) + Justin (LEE) + O'Reilly (MCI),Calafiori,Vuskovic,Castagne,Justin,O'Reilly
gw1_19,Band 4: Premium / Dual Anchor (£25.5m-£26.0m),26.0,78.6,17.525,80.24,366.55,352.55,14.0,19.29,2.56,100.0,5.3,-0.1122,5,1+1+1+1+1,Calafiori (ARS) + Vuskovic (BHA) + Muharemović (LEE) + Gvardiol (MCI) + Thiaw (NEW),Calafiori,Vuskovic,Muharemović,Gvardiol,Thiaw
gw1_19,Band 4: Premium / Dual Anchor (£25.5m-£26.0m),25.5,78.59,17.882,75.34,370.53,357.52,13.01,19.5,2.54,89.5,15.8,-0.1062,5,1+1+1+1+1,Calafiori (ARS) + Pau (AVL) + Vuskovic (BHA) + O'Reilly (MCI) + O'Nien (SUN),Calafiori,Pau,Vuskovic,O'Reilly,O'Nien
gw1_19,Band 4: Premium / Dual Anchor (£25.5m-£26.0m),25.5,78.57,17.897,75.11,370.8,357.55,13.25,19.52,2.54,89.5,10.5,-0.0749,5,1+1+1+1+1,Calafiori (ARS) + Vuskovic (BHA) + Thomas (COV) + O'Reilly (MCI) + Robertson (TOT),Calafiori,Vuskovic,Thomas,O'Reilly,Robertson
gw1_19,Band 4: Premium / Dual Anchor (£25.5m-£26.0m),25.5,78.54,17.721,77.43,367.46,353.59,13.87,19.34,2.56,94.7,15.8,-0.0877,5,1+1+1+1+1,Calafiori (ARS) + Vuskovic (BHA) + Hill (BOU) + Mendy (HUL) + Gvardiol (MCI),Calafiori,Vuskovic,Hill,Mendy,Gvardiol
gw1_19,Band 4: Premium / Dual Anchor (£25.5m-£26.0m),26.0,78.51,17.628,78.61,368.5,356.16,12.34,19.39,2.53,94.7,5.3,-0.1365,5,1+1+1+1+1,Calafiori (ARS) + Vuskovic (BHA) + O'Reilly (MCI) + Hume (SUN) + Robertson (TOT),Calafiori,Vuskovic,O'Reilly,Hume,Robertson
gw1_19,Band 4: Premium / Dual Anchor (£25.5m-£26.0m),26.0,78.51,17.7,77.63,369.87,356.8,13.07,19.47,2.56,94.7,5.3,-0.1147,5,1+1+1+1+1,Calafiori (ARS) + Vuskovic (BHA) + Canvot (CRY) + O'Reilly (MCI) + O'Nien (SUN),Calafiori,Vuskovic,Canvot,O'Reilly,O'Nien
gw1_19,Band 4: Premium / Dual Anchor (£25.5m-£26.0m),25.5,78.49,17.506,80.24,363.38,349.98,13.4,19.13,2.56,100.0,5.3,-0.1122,5,1+1+1+1+1,Calafiori (ARS) + Vuskovic (BHA) + Justin (LEE) + Gvardiol (MCI) + Thiaw (NEW),Calafiori,Vuskovic,Justin,Gvardiol,Thiaw
gw1_19,Band 4: Premium / Dual Anchor (£25.5m-£26.0m),25.5,78.48,17.779,76.49,368.56,356.39,12.17,19.4,2.6,94.7,5.3,-0.0724,5,1+1+1+1+1,Calafiori (ARS) + Vuskovic (BHA) + Mingueza (CRY) + Greaves (IPS) + O'Reilly (MCI),Calafiori,Vuskovic,Mingueza,Greaves,O'Reilly
gw1_19,Band 4: Premium / Dual Anchor (£25.5m-£26.0m),26.0,78.45,17.671,77.88,369.31,356.74,12.58,19.44,2.56,94.7,10.5,-0.1488,5,1+1+1+1+1,Calafiori (ARS) + Vuskovic (BHA) + Mendy (HUL) + O'Reilly (MCI) + Ballard (SUN),Calafiori,Vuskovic,Mendy,O'Reilly,Ballard
gw1_19,Band 4: Premium / Dual Anchor (£25.5m-£26.0m),26.0,78.4,17.629,78.32,368.51,356.1,12.41,19.4,2.53,94.7,10.5,-0.0981,5,1+1+1+1+1,Calafiori (ARS) + Vuskovic (BHA) + Colwill (CHE) + O'Reilly (MCI) + O'Nien (SUN),Calafiori,Vuskovic,Colwill,O'Reilly,O'Nien
gw1_3,Band 1: Budget (£20.5m-£22.5m),22.5,81.18,17.574,86.02,54.93,53.12,1.81,18.31,2.33,100.0,33.3,-0.1732,5,1+1+1+1+1,Calafiori (ARS) + Vuskovic (BHA) + Thomas (COV) + Mendy (HUL) + O'Nien (SUN),Calafiori,Vuskovic,Thomas,Mendy,O'Nien
gw1_3,Band 1: Budget (£20.5m-£22.5m),22.5,76.27,16.641,86.5,52.13,50.12,2.01,17.38,2.33,100.0,0.0,-0.2366,5,1+1+1+1+1,Vuskovic (BHA) + Thomas (COV) + Greaves (IPS) + Gvardiol (MCI) + O'Nien (SUN),Vuskovic,Thomas,Greaves,Gvardiol,O'Nien
gw1_3,Band 1: Budget (£20.5m-£22.5m),22.5,75.65,16.574,85.85,51.93,50.12,1.81,17.31,2.33,100.0,33.3,-0.15,5,1+1+1+1+1,Vuskovic (BHA) + Thomas (COV) + Mendy (HUL) + Gvardiol (MCI) + O'Nien (SUN),Vuskovic,Thomas,Mendy,Gvardiol,O'Nien
gw1_3,Band 1: Budget (£20.5m-£22.5m),22.5,75.14,16.252,88.96,50.96,49.05,1.92,16.99,2.22,100.0,33.3,-0.2196,3,2+2+1,De Cuyper (BHA) + Vuskovic (BHA) + Thomas (COV) + O'Nien (SUN) + Ballard (SUN),De Cuyper,Vuskovic,Thomas,O'Nien,Ballard
gw1_3,Band 1: Budget (£20.5m-£22.5m),22.5,75.12,16.248,88.96,50.95,48.99,1.97,16.98,2.22,100.0,33.3,-0.2196,4,2+1+1+1,Pau (AVL) + Vuskovic (BHA) + Thomas (COV) + O'Nien (SUN) + Ballard (SUN),Pau,Vuskovic,Thomas,O'Nien,Ballard
gw1_3,Band 1: Budget (£20.5m-£22.5m),22.5,74.99,16.404,86.5,51.42,49.46,1.97,17.14,2.33,100.0,0.0,-0.2366,5,1+1+1+1+1,Vuskovic (BHA) + Mendy (HUL) + Greaves (IPS) + Gvardiol (MCI) + O'Nien (SUN),Vuskovic,Mendy,Greaves,Gvardiol,O'Nien
gw1_3,Band 1: Budget (£20.5m-£22.5m),22.5,74.88,16.32,87.39,51.17,49.32,1.85,17.06,2.22,100.0,66.7,-0.0098,4,2+1+1+1,Calafiori (ARS) + De Cuyper (BHA) + Thomas (COV) + O'Nien (SUN) + Hume (SUN),Calafiori,De Cuyper,Thomas,O'Nien,Hume
gw1_3,Band 1: Budget (£20.5m-£22.5m),22.5,74.86,16.316,87.39,51.16,49.26,1.9,17.05,2.22,100.0,66.7,-0.0098,4,2+1+1+1,Calafiori (ARS) + Pau (AVL) + Thomas (COV) + O'Nien (SUN) + Hume (SUN),Calafiori,Pau,Thomas,O'Nien,Hume
gw1_3,Band 1: Budget (£20.5m-£22.5m),22.5,74.56,16.26,87.39,50.99,49.15,1.84,17.0,2.22,100.0,66.7,-0.0098,5,1+1+1+1+1,Calafiori (ARS) + De Cuyper (BHA) + Thomas (COV) + Heaven (MUN) + O'Nien (SUN),Calafiori,De Cuyper,Thomas,Heaven,O'Nien
gw1_3,Band 1: Budget (£20.5m-£22.5m),22.5,74.54,16.256,87.39,50.98,49.09,1.89,16.99,2.22,100.0,66.7,-0.0098,5,1+1+1+1+1,Calafiori (ARS) + Pau (AVL) + Thomas (COV) + Heaven (MUN) + O'Nien (SUN),Calafiori,Pau,Thomas,Heaven,O'Nien
gw1_3,Band 1: Budget (£20.5m-£22.5m),22.5,74.35,16.497,83.63,51.7,49.91,1.79,17.23,2.44,100.0,0.0,-0.2,5,1+1+1+1+1,Vuskovic (BHA) + Thomas (COV) + Mendy (HUL) + Greaves (IPS) + Gvardiol (MCI),Vuskovic,Thomas,Mendy,Greaves,Gvardiol
gw1_3,Band 1: Budget (£20.5m-£22.5m),22.5,74.35,16.5,83.6,51.71,49.79,1.92,17.24,2.44,100.0,0.0,-0.1964,4,2+1+1+1,De Cuyper (BHA) + Vuskovic (BHA) + Thomas (COV) + Muharemović (LEE) + O'Nien (SUN),De Cuyper,Vuskovic,Thomas,Muharemović,O'Nien
gw1_3,Band 1: Budget (£20.5m-£22.5m),22.5,74.33,16.496,83.6,51.7,49.73,1.97,17.23,2.44,100.0,0.0,-0.1964,5,1+1+1+1+1,Pau (AVL) + Vuskovic (BHA) + Thomas (COV) + Muharemović (LEE) + O'Nien (SUN),Pau,Vuskovic,Thomas,Muharemović,O'Nien
gw1_3,Band 1: Budget (£20.5m-£22.5m),22.5,74.27,16.282,86.37,51.05,49.14,1.92,17.02,2.33,100.0,33.3,-0.2196,4,2+1+1+1,De Cuyper (BHA) + Vuskovic (BHA) + Thomas (COV) + O'Nien (SUN) + Van Hecke (TOT),De Cuyper,Vuskovic,Thomas,O'Nien,Van Hecke
gw1_3,Band 1: Budget (£20.5m-£22.5m),22.5,74.25,16.278,86.37,51.04,49.08,1.97,17.01,2.33,100.0,33.3,-0.2196,5,1+1+1+1+1,Pau (AVL) + Vuskovic (BHA) + Thomas (COV) + O'Nien (SUN) + Van Hecke (TOT),Pau,Vuskovic,Thomas,O'Nien,Van Hecke
gw1_3,Band 1: Budget (£20.5m-£22.5m),22.5,74.21,16.61,81.75,52.04,50.23,1.81,17.35,2.44,100.0,33.3,0.05,5,1+1+1+1+1,Calafiori (ARS) + Thomas (COV) + Mendy (HUL) + Muharemović (LEE) + O'Nien (SUN),Calafiori,Thomas,Mendy,Muharemović,O'Nien
gw1_3,Band 1: Budget (£20.5m-£22.5m),22.0,74.16,16.288,86.02,50.63,48.86,1.78,16.88,2.33,100.0,33.3,-0.1732,5,1+1+1+1+1,Calafiori (ARS) + Pau (AVL) + Thomas (COV) + Mendy (HUL) + O'Nien (SUN),Calafiori,Pau,Thomas,Mendy,O'Nien
gw1_3,Band 1: Budget (£20.5m-£22.5m),22.5,74.01,16.296,85.55,51.1,49.2,1.9,17.03,2.33,100.0,33.3,-0.1098,5,1+1+1+1+1,Calafiori (ARS) + Pau (AVL) + Thomas (COV) + O'Nien (SUN) + Robertson (TOT),Calafiori,Pau,Thomas,O'Nien,Robertson
gw1_3,Band 1: Budget (£20.5m-£22.5m),22.0,73.97,16.037,88.96,49.88,48.03,1.85,16.63,2.22,100.0,33.3,-0.2196,3,2+2+1,De Cuyper (BHA) + Vuskovic (BHA) + Thomas (COV) + O'Nien (SUN) + Hume (SUN),De Cuyper,Vuskovic,Thomas,O'Nien,Hume
gw1_3,Band 1: Budget (£20.5m-£22.5m),22.0,73.95,16.033,88.96,49.86,47.97,1.9,16.62,2.22,100.0,33.3,-0.2196,4,2+1+1+1,Pau (AVL) + Vuskovic (BHA) + Thomas (COV) + O'Nien (SUN) + Hume (SUN),Pau,Vuskovic,Thomas,O'Nien,Hume
gw1_3,Band 1: Budget (£20.5m-£22.5m),22.0,73.93,16.145,87.39,50.2,48.19,2.01,16.73,2.22,100.0,66.7,-0.0098,4,2+1+1+1,Vuskovic (BHA) + Thomas (COV) + Greaves (IPS) + O'Nien (SUN) + Ballard (SUN),Vuskovic,Thomas,Greaves,O'Nien,Ballard
gw1_3,Band 1: Budget (£20.5m-£22.5m),22.5,73.93,16.016,89.16,50.26,48.38,1.87,16.75,2.22,100.0,33.3,-0.2464,3,2+2+1,De Cuyper (BHA) + Vuskovic (BHA) + Mendy (HUL) + O'Nien (SUN) + Ballard (SUN),De Cuyper,Vuskovic,Mendy,O'Nien,Ballard
gw1_3,Band 1: Budget (£20.5m-£22.5m),22.5,73.91,16.012,89.16,50.24,48.32,1.92,16.75,2.22,100.0,33.3,-0.2464,4,2+1+1+1,Pau (AVL) + Vuskovic (BHA) + Mendy (HUL) + O'Nien (SUN) + Ballard (SUN),Pau,Vuskovic,Mendy,O'Nien,Ballard
gw1_3,Band 1: Budget (£20.5m-£22.5m),22.5,73.9,16.025,88.96,50.28,48.41,1.87,16.76,2.22,100.0,33.3,-0.2196,4,2+1+1+1,De Cuyper (BHA) + Vuskovic (BHA) + Thomas (COV) + Dalot (MUN) + O'Nien (SUN),De Cuyper,Vuskovic,Thomas,Dalot,O'Nien
gw1_3,Band 1: Budget (£20.5m-£22.5m),22.5,73.88,16.021,88.96,50.27,48.35,1.92,16.76,2.22,100.0,33.3,-0.2196,5,1+1+1+1+1,Pau (AVL) + Vuskovic (BHA) + Thomas (COV) + Dalot (MUN) + O'Nien (SUN),Pau,Vuskovic,Thomas,Dalot,O'Nien
gw1_3,Band 1: Budget (£20.5m-£22.5m),22.0,73.86,16.233,86.02,50.46,48.71,1.75,16.82,2.33,100.0,33.3,-0.1732,5,1+1+1+1+1,Calafiori (ARS) + De Cuyper (BHA) + Thomas (COV) + Mendy (HUL) + O'Nien (SUN),Calafiori,De Cuyper,Thomas,Mendy,O'Nien
gw1_3,Band 1: Budget (£20.5m-£22.5m),22.5,73.81,16.259,85.55,50.99,49.12,1.87,17.0,2.33,100.0,33.3,-0.1098,5,1+1+1+1+1,Calafiori (ARS) + De Cuyper (BHA) + Thomas (COV) + O'Nien (SUN) + Robertson (TOT),Calafiori,De Cuyper,Thomas,O'Nien,Robertson
gw1_3,Band 1: Budget (£20.5m-£22.5m),22.5,73.77,16.06,88.14,50.39,48.57,1.82,16.8,2.22,100.0,66.7,-0.1098,4,2+1+1+1,Calafiori (ARS) + De Cuyper (BHA) + Mendy (HUL) + O'Nien (SUN) + Hume (SUN),Calafiori,De Cuyper,Mendy,O'Nien,Hume
gw1_3,Band 1: Budget (£20.5m-£22.5m),22.5,73.74,16.056,88.14,50.38,48.51,1.86,16.79,2.22,100.0,66.7,-0.1098,4,2+1+1+1,Calafiori (ARS) + Pau (AVL) + Mendy (HUL) + O'Nien (SUN) + Hume (SUN),Calafiori,Pau,Mendy,O'Nien,Hume
gw1_3,Band 1: Budget (£20.5m-£22.5m),22.0,73.64,15.978,88.96,49.7,47.86,1.84,16.57,2.22,100.0,33.3,-0.2196,4,2+1+1+1,De Cuyper (BHA) + Vuskovic (BHA) + Thomas (COV) + Heaven (MUN) + O'Nien (SUN),De Cuyper,Vuskovic,Thomas,Heaven,O'Nien
gw1_3,Band 1: Budget (£20.5m-£22.5m),22.0,73.62,15.973,88.96,49.69,47.8,1.89,16.56,2.22,100.0,33.3,-0.2196,5,1+1+1+1+1,Pau (AVL) + Vuskovic (BHA) + Thomas (COV) + Heaven (MUN) + O'Nien (SUN),Pau,Vuskovic,Thomas,Heaven,O'Nien
gw1_3,Band 1: Budget (£20.5m-£22.5m),22.5,73.59,16.148,86.5,50.65,48.86,1.8,16.88,2.33,100.0,0.0,-0.2366,5,1+1+1+1+1,Calafiori (ARS) + Pau (AVL) + Kayode (BRE) + Thomas (COV) + O'Nien (SUN),Calafiori,Pau,Kayode,Thomas,O'Nien
gw1_3,Band 1: Budget (£20.5m-£22.5m),22.5,73.58,16.344,83.8,51.24,49.24,2.0,17.08,2.44,100.0,0.0,-0.2232,5,1+1+1+1+1,Vuskovic (BHA) + Hill (BOU) + Thomas (COV) + Greaves (IPS) + O'Nien (SUN),Vuskovic,Hill,Thomas,Greaves,O'Nien
gw1_3,Band 1: Budget (£20.5m-£22.5m),22.5,73.57,15.962,88.99,50.09,48.19,1.9,16.7,2.22,100.0,33.3,-0.2232,4,2+1+1+1,Vuskovic (BHA) + Kayode (BRE) + Thomas (COV) + O'Nien (SUN) + Ballard (SUN),Vuskovic,Kayode,Thomas,O'Nien,Ballard
gw1_3,Band 1: Budget (£20.5m-£22.5m),22.0,73.55,16.393,83.05,50.95,48.94,2.01,16.98,2.44,100.0,0.0,-0.1232,5,1+1+1+1+1,Vuskovic (BHA) + Thomas (COV) + Greaves (IPS) + Muharemović (LEE) + O'Nien (SUN),Vuskovic,Thomas,Greaves,Muharemović,O'Nien
gw1_3,Band 1: Budget (£20.5m-£22.5m),22.5,73.54,16.236,85.17,50.91,48.94,1.98,16.97,2.33,100.0,33.3,-0.0598,4,2+1+1+1,Vuskovic (BHA) + Thomas (COV) + Muharemović (LEE) + O'Nien (SUN) + Hume (SUN),Vuskovic,Thomas,Muharemović,O'Nien,Hume
gw1_3,Band 1: Budget (£20.5m-£22.5m),22.5,73.52,16.234,85.17,50.91,48.94,1.97,16.97,2.33,100.0,33.3,-0.0598,5,1+1+1+1+1,Vuskovic (BHA) + Thomas (COV) + Muharemović (LEE) + Heaven (MUN) + O'Nien (SUN),Vuskovic,Thomas,Muharemović,Heaven,O'Nien
gw1_3,Band 1: Budget (£20.5m-£22.5m),22.5,73.49,16.383,83.05,51.36,49.44,1.92,17.12,2.44,100.0,0.0,-0.1232,5,1+1+1+1+1,Calafiori (ARS) + De Cuyper (BHA) + Thomas (COV) + Justin (LEE) + O'Nien (SUN),Calafiori,De Cuyper,Thomas,Justin,O'Nien
gw1_3,Band 1: Budget (£20.5m-£22.5m),22.5,73.47,16.379,83.05,51.34,49.38,1.97,17.11,2.44,100.0,0.0,-0.1232,5,1+1+1+1+1,Calafiori (ARS) + Pau (AVL) + Thomas (COV) + Justin (LEE) + O'Nien (SUN),Calafiori,Pau,Thomas,Justin,O'Nien
gw1_3,Band 1: Budget (£20.5m-£22.5m),22.5,73.45,16.01,88.04,50.24,48.22,2.02,16.75,2.22,100.0,66.7,-0.0964,4,2+1+1+1,Vuskovic (BHA) + Thomas (COV) + Aina (NFO) + O'Nien (SUN) + Ballard (SUN),Vuskovic,Thomas,Aina,O'Nien,Ballard
gw1_3,Band 1: Budget (£20.5m-£22.5m),22.5,73.4,16.027,87.69,50.29,48.45,1.83,16.76,2.22,100.0,66.7,-0.05,4,2+1+1+1,Calafiori (ARS) + Kayode (BRE) + Thomas (COV) + O'Nien (SUN) + Hume (SUN),Calafiori,Kayode,Thomas,O'Nien,Hume
gw1_3,Band 1: Budget (£20.5m-£22.5m),22.5,73.39,15.992,88.14,50.19,48.38,1.81,16.73,2.22,100.0,66.7,-0.1098,5,1+1+1+1+1,Calafiori (ARS) + De Cuyper (BHA) + Mendy (HUL) + Heaven (MUN) + O'Nien (SUN),Calafiori,De Cuyper,Mendy,Heaven,O'Nien
gw1_3,Band 1: Budget (£20.5m-£22.5m),22.5,73.37,15.988,88.14,50.17,48.32,1.86,16.72,2.22,100.0,66.7,-0.1098,5,1+1+1+1+1,Calafiori (ARS) + Pau (AVL) + Mendy (HUL) + Heaven (MUN) + O'Nien (SUN),Calafiori,Pau,Mendy,Heaven,O'Nien
gw1_3,Band 1: Budget (£20.5m-£22.5m),22.0,73.35,16.175,85.55,50.29,48.28,2.01,16.76,2.33,100.0,33.3,-0.1098,5,1+1+1+1+1,Vuskovic (BHA) + Thomas (COV) + Greaves (IPS) + O'Nien (SUN) + Van Hecke (TOT),Vuskovic,Thomas,Greaves,O'Nien,Van Hecke
gw1_3,Band 1: Budget (£20.5m-£22.5m),22.5,73.35,16.44,81.93,51.53,49.56,1.97,17.18,2.44,100.0,33.3,0.0268,5,1+1+1+1+1,Calafiori (ARS) + Mendy (HUL) + Greaves (IPS) + Muharemović (LEE) + O'Nien (SUN),Calafiori,Mendy,Greaves,Muharemović,O'Nien
gw1_3,Band 1: Budget (£20.5m-£22.5m),22.5,73.29,16.362,82.85,51.29,49.48,1.81,17.1,2.33,100.0,66.7,0.25,4,2+1+1+1,Calafiori (ARS) + Thomas (COV) + Mendy (HUL) + O'Nien (SUN) + Ballard (SUN),Calafiori,Thomas,Mendy,O'Nien,Ballard
gw1_3,Band 1: Budget (£20.5m-£22.5m),22.5,73.26,16.088,86.5,50.47,48.71,1.76,16.82,2.33,100.0,0.0,-0.2366,5,1+1+1+1+1,Calafiori (ARS) + De Cuyper (BHA) + Kayode (BRE) + Thomas (COV) + O'Nien (SUN),Calafiori,De Cuyper,Kayode,Thomas,O'Nien
gw1_3,Band 1: Budget (£20.5m-£22.5m),22.5,73.09,16.222,84.25,50.87,48.91,1.97,16.96,2.33,100.0,66.7,0.0634,5,1+1+1+1+1,Calafiori (ARS) + Mendy (HUL) + Greaves (IPS) + O'Nien (SUN) + Van Hecke (TOT),Calafiori,Mendy,Greaves,O'Nien,Van Hecke
gw1_3,Band 1: Budget (£20.5m-£22.5m),22.0,73.08,16.327,82.78,50.75,48.94,1.81,16.92,2.44,100.0,33.3,-0.0866,5,1+1+1+1+1,Vuskovic (BHA) + Thomas (COV) + Mendy (HUL) + Muharemović (LEE) + O'Nien (SUN),Vuskovic,Thomas,Mendy,Muharemović,O'Nien
gw1_3,Band 1: Budget (£20.5m-£22.5m),22.5,73.08,15.967,87.69,50.11,48.29,1.82,16.7,2.22,100.0,66.7,-0.05,5,1+1+1+1+1,Calafiori (ARS) + Kayode (BRE) + Thomas (COV) + Heaven (MUN) + O'Nien (SUN),Calafiori,Kayode,Thomas,Heaven,O'Nien
gw1_3,Band 2: Mid-Value (£23.0m-£24.0m),24.0,83.82,18.023,86.5,57.6,55.49,2.11,19.2,2.33,100.0,0.0,-0.2366,5,1+1+1+1+1,Calafiori (ARS) + Vuskovic (BHA) + Thomas (COV) + Gvardiol (MCI) + O'Nien (SUN),Calafiori,Vuskovic,Thomas,Gvardiol,O'Nien
gw1_3,Band 2: Mid-Value (£23.0m-£24.0m),24.0,83.34,17.935,86.5,57.34,55.32,2.02,19.11,2.33,100.0,0.0,-0.2366,5,1+1+1+1+1,Calafiori (ARS) + Vuskovic (BHA) + Mendy (HUL) + Gvardiol (MCI) + O'Nien (SUN),Calafiori,Vuskovic,Mendy,Gvardiol,O'Nien
gw1_3,Band 2: Mid-Value (£23.0m-£24.0m),24.0,82.24,17.944,83.63,57.36,55.49,1.87,19.12,2.44,100.0,0.0,-0.2,5,1+1+1+1+1,Calafiori (ARS) + Vuskovic (BHA) + Thomas (COV) + Mendy (HUL) + Gvardiol (MCI),Calafiori,Vuskovic,Thomas,Mendy,Gvardiol
gw1_3,Band 2: Mid-Value (£23.0m-£24.0m),23.5,81.79,17.587,87.39,55.85,53.77,2.08,18.62,2.22,100.0,66.7,-0.0098,4,2+1+1+1,Calafiori (ARS) + Vuskovic (BHA) + Thomas (COV) + O'Nien (SUN) + Ballard (SUN),Calafiori,Vuskovic,Thomas,O'Nien,Ballard
gw1_3,Band 2: Mid-Value (£23.0m-£24.0m),23.5,81.29,17.44,88.14,55.41,53.4,2.02,18.47,2.22,100.0,66.7,-0.1098,4,2+1+1+1,Calafiori (ARS) + Vuskovic (BHA) + Mendy (HUL) + O'Nien (SUN) + Ballard (SUN),Calafiori,Vuskovic,Mendy,O'Nien,Ballard
gw1_3,Band 2: Mid-Value (£23.0m-£24.0m),23.0,81.23,17.483,87.39,55.1,53.12,1.98,18.37,2.22,100.0,66.7,-0.0098,4,2+1+1+1,Calafiori (ARS) + Vuskovic (BHA) + Thomas (COV) + O'Nien (SUN) + Hume (SUN),Calafiori,Vuskovic,Thomas,O'Nien,Hume
gw1_3,Band 2: Mid-Value (£23.0m-£24.0m),23.0,81.21,17.481,87.39,55.09,53.12,1.97,18.36,2.22,100.0,66.7,-0.0098,5,1+1+1+1+1,Calafiori (ARS) + Vuskovic (BHA) + Thomas (COV) + Heaven (MUN) + O'Nien (SUN),Calafiori,Vuskovic,Thomas,Heaven,O'Nien
gw1_3,Band 2: Mid-Value (£23.0m-£24.0m),23.5,80.92,17.563,85.55,55.78,53.67,2.11,18.59,2.33,100.0,33.3,-0.1098,5,1+1+1+1+1,Calafiori (ARS) + Vuskovic (BHA) + Thomas (COV) + O'Nien (SUN) + Van Hecke (TOT),Calafiori,Vuskovic,Thomas,O'Nien,Van Hecke
gw1_3,Band 2: Mid-Value (£23.0m-£24.0m),23.5,80.91,17.49,86.5,55.56,53.56,2.0,18.52,2.33,100.0,0.0,-0.2366,5,1+1+1+1+1,Calafiori (ARS) + Vuskovic (BHA) + Thomas (COV) + Jacquet (LIV) + O'Nien (SUN),Calafiori,Vuskovic,Thomas,Jacquet,O'Nien
gw1_3,Band 2: Mid-Value (£23.0m-£24.0m),24.0,80.89,17.685,83.8,56.59,54.47,2.12,18.86,2.44,100.0,0.0,-0.2232,5,1+1+1+1+1,Calafiori (ARS) + Vuskovic (BHA) + Hill (BOU) + Thomas (COV) + O'Nien (SUN),Calafiori,Vuskovic,Hill,Thomas,O'Nien
gw1_3,Band 2: Mid-Value (£23.0m-£24.0m),23.5,80.87,17.418,87.39,55.34,53.33,2.01,18.45,2.22,100.0,66.7,-0.0098,5,1+1+1+1+1,Calafiori (ARS) + Vuskovic (BHA) + Thomas (COV) + Dalot (MUN) + O'Nien (SUN),Calafiori,Vuskovic,Thomas,Dalot,O'Nien
gw1_3,Band 2: Mid-Value (£23.0m-£24.0m),24.0,80.86,17.416,87.39,55.78,53.77,2.01,18.59,2.22,100.0,66.7,-0.0098,4,2+1+1+1,Calafiori (ARS) + Vuskovic (BHA) + Thomas (COV) + Hume (SUN) + Ballard (SUN),Calafiori,Vuskovic,Thomas,Hume,Ballard
gw1_3,Band 2: Mid-Value (£23.0m-£24.0m),24.0,80.85,17.414,87.39,55.78,53.77,2.01,18.59,2.22,100.0,66.7,-0.0098,5,1+1+1+1+1,Calafiori (ARS) + Vuskovic (BHA) + Thomas (COV) + Heaven (MUN) + Ballard (SUN),Calafiori,Vuskovic,Thomas,Heaven,Ballard
gw1_3,Band 2: Mid-Value (£23.0m-£24.0m),23.5,80.82,17.726,83.05,56.27,54.14,2.13,18.76,2.44,100.0,0.0,-0.1232,5,1+1+1+1+1,Calafiori (ARS) + Vuskovic (BHA) + Thomas (COV) + Muharemović (LEE) + O'Nien (SUN),Calafiori,Vuskovic,Thomas,Muharemović,O'Nien
gw1_3,Band 2: Mid-Value (£23.0m-£24.0m),23.5,80.81,17.507,86.02,55.61,53.77,1.85,18.54,2.33,100.0,33.3,-0.1732,5,1+1+1+1+1,Calafiori (ARS) + Vuskovic (BHA) + Thomas (COV) + Mendy (HUL) + Ballard (SUN),Calafiori,Vuskovic,Thomas,Mendy,Ballard
gw1_3,Band 2: Mid-Value (£23.0m-£24.0m),23.5,80.76,17.688,83.43,56.15,54.14,2.02,18.72,2.44,100.0,0.0,-0.1732,5,1+1+1+1+1,Calafiori (ARS) + Vuskovic (BHA) + Mendy (HUL) + Muharemović (LEE) + O'Nien (SUN),Calafiori,Vuskovic,Mendy,Muharemović,O'Nien
gw1_3,Band 2: Mid-Value (£23.0m-£24.0m),23.0,80.73,17.457,86.5,55.02,53.12,1.9,18.34,2.33,100.0,0.0,-0.2366,5,1+1+1+1+1,Calafiori (ARS) + Vuskovic (BHA) + Kayode (BRE) + Thomas (COV) + O'Nien (SUN),Calafiori,Vuskovic,Kayode,Thomas,O'Nien
gw1_3,Band 2: Mid-Value (£23.0m-£24.0m),24.0,80.73,17.647,83.9,56.47,54.47,2.0,18.82,2.44,100.0,0.0,-0.2366,5,1+1+1+1+1,Calafiori (ARS) + Vuskovic (BHA) + Hill (BOU) + Mendy (HUL) + O'Nien (SUN),Calafiori,Vuskovic,Hill,Mendy,O'Nien
gw1_3,Band 2: Mid-Value (£23.0m-£24.0m),23.5,80.61,17.47,86.02,55.5,53.48,2.02,18.5,2.33,100.0,33.3,-0.1732,5,1+1+1+1+1,Calafiori (ARS) + Vuskovic (BHA) + Mendy (HUL) + O'Nien (SUN) + Van Hecke (TOT),Calafiori,Vuskovic,Mendy,O'Nien,Van Hecke
gw1_3,Band 2: Mid-Value (£23.0m-£24.0m),24.0,80.61,17.301,88.34,55.44,53.4,2.04,18.48,2.22,100.0,33.3,-0.1366,4,2+1+1+1,Calafiori (ARS) + Vuskovic (BHA) + Kayode (BRE) + O'Nien (SUN) + Ballard (SUN),Calafiori,Vuskovic,Kayode,O'Nien,Ballard
gw1_3,Band 2: Mid-Value (£23.0m-£24.0m),24.0,80.51,17.562,84.52,56.22,54.14,2.08,18.74,2.33,100.0,33.3,0.0268,4,2+1+1+1,Calafiori (ARS) + Vuskovic (BHA) + Muharemović (LEE) + O'Nien (SUN) + Hume (SUN),Calafiori,Vuskovic,Muharemović,O'Nien,Hume
gw1_3,Band 2: Mid-Value (£23.0m-£24.0m),24.0,80.5,17.56,84.52,56.21,54.14,2.07,18.74,2.33,100.0,33.3,0.0268,5,1+1+1+1+1,Calafiori (ARS) + Vuskovic (BHA) + Muharemović (LEE) + Heaven (MUN) + O'Nien (SUN),Calafiori,Vuskovic,Muharemović,Heaven,O'Nien
gw1_3,Band 2: Mid-Value (£23.0m-£24.0m),24.0,80.49,17.414,86.5,55.78,53.73,2.05,18.59,2.33,100.0,0.0,-0.2366,5,1+1+1+1+1,Calafiori (ARS) + Vuskovic (BHA) + Collins (BRE) + Thomas (COV) + O'Nien (SUN),Calafiori,Vuskovic,Collins,Thomas,O'Nien
gw1_3,Band 2: Mid-Value (£23.0m-£24.0m),24.0,80.47,17.344,87.39,55.57,53.48,2.08,18.52,2.22,100.0,66.7,-0.0098,4,2+1+1+1,Calafiori (ARS) + Vuskovic (BHA) + O'Nien (SUN) + Hume (SUN) + Van Hecke (TOT),Calafiori,Vuskovic,O'Nien,Hume,Van Hecke
gw1_3,Band 2: Mid-Value (£23.0m-£24.0m),23.0,80.46,17.478,85.55,55.08,53.12,1.96,18.36,2.33,100.0,33.3,-0.1098,5,1+1+1+1+1,Calafiori (ARS) + Vuskovic (BHA) + Thomas (COV) + O'Nien (SUN) + Robertson (TOT),Calafiori,Vuskovic,Thomas,O'Nien,Robertson
gw1_3,Band 2: Mid-Value (£23.0m-£24.0m),24.0,80.46,17.342,87.39,55.56,53.48,2.07,18.52,2.22,100.0,66.7,-0.0098,5,1+1+1+1+1,Calafiori (ARS) + Vuskovic (BHA) + Heaven (MUN) + O'Nien (SUN) + Van Hecke (TOT),Calafiori,Vuskovic,Heaven,O'Nien,Van Hecke
gw1_3,Band 2: Mid-Value (£23.0m-£24.0m),24.0,80.44,17.339,87.39,55.55,53.45,2.1,18.52,2.22,100.0,66.7,-0.0098,4,2+1+1+1,Calafiori (ARS) + Vuskovic (BHA) + O'Nien (SUN) + Ballard (SUN) + Robertson (TOT),Calafiori,Vuskovic,O'Nien,Ballard,Robertson
gw1_3,Band 2: Mid-Value (£23.0m-£24.0m),24.0,80.36,17.39,86.5,55.7,53.77,1.94,18.57,2.33,100.0,0.0,-0.2366,5,1+1+1+1+1,Calafiori (ARS) + Vuskovic (BHA) + Kayode (BRE) + Thomas (COV) + Ballard (SUN),Calafiori,Vuskovic,Kayode,Thomas,Ballard
gw1_3,Band 2: Mid-Value (£23.0m-£24.0m),24.0,80.35,17.266,88.14,55.33,53.4,1.94,18.44,2.22,100.0,66.7,-0.1098,4,2+1+1+1,Calafiori (ARS) + Vuskovic (BHA) + Mendy (HUL) + Hume (SUN) + Ballard (SUN),Calafiori,Vuskovic,Mendy,Hume,Ballard
gw1_3,Band 2: Mid-Value (£23.0m-£24.0m),24.0,80.33,17.264,88.14,55.32,53.4,1.93,18.44,2.22,100.0,66.7,-0.1098,5,1+1+1+1+1,Calafiori (ARS) + Vuskovic (BHA) + Mendy (HUL) + Heaven (MUN) + Ballard (SUN),Calafiori,Vuskovic,Mendy,Heaven,Ballard
gw1_3,Band 2: Mid-Value (£23.0m-£24.0m),23.0,80.24,17.247,88.14,54.39,52.45,1.94,18.13,2.22,100.0,66.7,-0.1098,4,2+1+1+1,Calafiori (ARS) + Vuskovic (BHA) + Mendy (HUL) + O'Nien (SUN) + Hume (SUN),Calafiori,Vuskovic,Mendy,O'Nien,Hume
gw1_3,Band 2: Mid-Value (£23.0m-£24.0m),23.0,80.23,17.245,88.14,54.38,52.45,1.93,18.13,2.22,100.0,66.7,-0.1098,5,1+1+1+1+1,Calafiori (ARS) + Vuskovic (BHA) + Mendy (HUL) + Heaven (MUN) + O'Nien (SUN),Calafiori,Vuskovic,Mendy,Heaven,O'Nien
gw1_3,Band 2: Mid-Value (£23.0m-£24.0m),24.0,80.05,17.402,85.55,55.74,53.77,1.97,18.58,2.33,100.0,33.3,-0.1098,5,1+1+1+1+1,Calafiori (ARS) + Vuskovic (BHA) + Thomas (COV) + Ballard (SUN) + Robertson (TOT),Calafiori,Vuskovic,Thomas,Ballard,Robertson
gw1_3,Band 2: Mid-Value (£23.0m-£24.0m),23.5,80.05,17.213,88.14,54.73,52.76,1.97,18.24,2.22,100.0,66.7,-0.1098,5,1+1+1+1+1,Calafiori (ARS) + Vuskovic (BHA) + Mendy (HUL) + Dalot (MUN) + O'Nien (SUN),Calafiori,Vuskovic,Mendy,Dalot,O'Nien
gw1_3,Band 2: Mid-Value (£23.0m-£24.0m),24.0,80.04,17.331,86.5,55.53,53.48,2.04,18.51,2.33,100.0,0.0,-0.2366,5,1+1+1+1+1,Calafiori (ARS) + Vuskovic (BHA) + Kayode (BRE) + O'Nien (SUN) + Van Hecke (TOT),Calafiori,Vuskovic,Kayode,O'Nien,Van Hecke
gw1_3,Band 2: Mid-Value (£23.0m-£24.0m),24.0,79.99,17.392,85.55,55.71,53.67,2.04,18.57,2.33,100.0,33.3,-0.1098,5,1+1+1+1+1,Calafiori (ARS) + Vuskovic (BHA) + Thomas (COV) + Hume (SUN) + Van Hecke (TOT),Calafiori,Vuskovic,Thomas,Hume,Van Hecke
gw1_3,Band 2: Mid-Value (£23.0m-£24.0m),24.0,79.98,17.254,87.39,55.3,53.24,2.06,18.43,2.22,100.0,66.7,-0.0098,4,2+1+1+1,Calafiori (ARS) + Vuskovic (BHA) + Thomas (COV) + O'Nien (SUN) + Mukiele (SUN),Calafiori,Vuskovic,Thomas,O'Nien,Mukiele
gw1_3,Band 2: Mid-Value (£23.0m-£24.0m),24.0,79.98,17.39,85.55,55.7,53.67,2.03,18.57,2.33,100.0,33.3,-0.1098,5,1+1+1+1+1,Calafiori (ARS) + Vuskovic (BHA) + Thomas (COV) + Heaven (MUN) + Van Hecke (TOT),Calafiori,Vuskovic,Thomas,Heaven,Van Hecke
gw1_3,Band 2: Mid-Value (£23.0m-£24.0m),24.0,79.98,17.572,83.05,56.25,54.14,2.11,18.75,2.44,100.0,0.0,-0.1232,5,1+1+1+1+1,Calafiori (ARS) + Vuskovic (BHA) + Muharemović (LEE) + O'Nien (SUN) + Robertson (TOT),Calafiori,Vuskovic,Muharemović,O'Nien,Robertson
gw1_3,Band 2: Mid-Value (£23.0m-£24.0m),23.0,79.93,17.346,86.02,54.69,52.8,1.89,18.23,2.33,100.0,33.3,-0.1732,5,1+1+1+1+1,Calafiori (ARS) + Vuskovic (BHA) + Mendy (HUL) + O'Nien (SUN) + Robertson (TOT),Calafiori,Vuskovic,Mendy,O'Nien,Robertson
gw1_3,Band 2: Mid-Value (£23.0m-£24.0m),23.5,79.88,17.237,87.39,54.8,52.8,2.0,18.27,2.22,100.0,66.7,-0.0098,4,2+1+1+1,Calafiori (ARS) + Vuskovic (BHA) + O'Nien (SUN) + Hume (SUN) + Robertson (TOT),Calafiori,Vuskovic,O'Nien,Hume,Robertson
gw1_3,Band 2: Mid-Value (£23.0m-£24.0m),24.0,79.88,17.555,83.05,56.2,54.14,2.06,18.73,2.44,100.0,0.0,-0.1232,5,1+1+1+1+1,Calafiori (ARS) + Vuskovic (BHA) + Thomas (COV) + Muharemović (LEE) + Hume (SUN),Calafiori,Vuskovic,Thomas,Muharemović,Hume
gw1_3,Band 2: Mid-Value (£23.0m-£24.0m),24.0,79.87,17.553,83.05,56.19,54.14,2.05,18.73,2.44,100.0,0.0,-0.1232,5,1+1+1+1+1,Calafiori (ARS) + Vuskovic (BHA) + Thomas (COV) + Muharemović (LEE) + Heaven (MUN),Calafiori,Vuskovic,Thomas,Muharemović,Heaven
gw1_3,Band 2: Mid-Value (£23.0m-£24.0m),23.5,79.86,17.233,87.39,54.79,52.8,1.99,18.26,2.22,100.0,66.7,-0.0098,5,1+1+1+1+1,Calafiori (ARS) + Vuskovic (BHA) + Heaven (MUN) + O'Nien (SUN) + Robertson (TOT),Calafiori,Vuskovic,Heaven,O'Nien,Robertson
gw1_3,Band 2: Mid-Value (£23.0m-£24.0m),24.0,79.84,17.294,86.5,55.41,53.48,1.93,18.47,2.33,100.0,0.0,-0.2366,5,1+1+1+1+1,Calafiori (ARS) + Vuskovic (BHA) + Thomas (COV) + Jacquet (LIV) + Hume (SUN),Calafiori,Vuskovic,Thomas,Jacquet,Hume
gw1_3,Band 2: Mid-Value (£23.0m-£24.0m),24.0,79.81,17.515,83.43,56.08,54.14,1.94,18.69,2.44,100.0,0.0,-0.1732,5,1+1+1+1+1,Calafiori (ARS) + Vuskovic (BHA) + Mendy (HUL) + Muharemović (LEE) + Hume (SUN),Calafiori,Vuskovic,Mendy,Muharemović,Hume
gw1_3,Band 2: Mid-Value (£23.0m-£24.0m),24.0,79.8,17.512,83.43,56.07,54.14,1.93,18.69,2.44,100.0,0.0,-0.1732,5,1+1+1+1+1,Calafiori (ARS) + Vuskovic (BHA) + Mendy (HUL) + Muharemović (LEE) + Heaven (MUN),Calafiori,Vuskovic,Mendy,Muharemović,Heaven
gw1_3,Band 2: Mid-Value (£23.0m-£24.0m),24.0,79.78,17.354,85.55,55.59,53.48,2.11,18.53,2.33,100.0,33.3,-0.1098,4,2+1+1+1,Calafiori (ARS) + Vuskovic (BHA) + O'Nien (SUN) + Robertson (TOT) + Van Hecke (TOT),Calafiori,Vuskovic,O'Nien,Robertson,Van Hecke
gw1_3,Band 2: Mid-Value (£23.0m-£24.0m),24.0,79.78,17.549,82.88,56.18,54.14,2.04,18.73,2.44,100.0,0.0,-0.1,5,1+1+1+1+1,Calafiori (ARS) + Vuskovic (BHA) + Kayode (BRE) + Muharemović (LEE) + O'Nien (SUN),Calafiori,Vuskovic,Kayode,Muharemović,O'Nien
gw1_3,Band 2: Mid-Value (£23.0m-£24.0m),24.0,79.72,17.137,88.34,54.94,52.9,2.04,18.31,2.22,100.0,33.3,-0.1366,4,2+1+1+1,Calafiori (ARS) + Vuskovic (BHA) + Jacquet (LIV) + O'Nien (SUN) + Hume (SUN),Calafiori,Vuskovic,Jacquet,O'Nien,Hume
gw1_3,Band 3: Single Anchor (£24.5m-£25.0m),25.0,84.53,18.155,86.5,58.88,56.75,2.13,19.63,2.33,100.0,0.0,-0.2366,5,1+1+1+1+1,Calafiori (ARS) + Vuskovic (BHA) + Thomas (COV) + O'Reilly (MCI) + O'Nien (SUN),Calafiori,Vuskovic,Thomas,O'Reilly,O'Nien
gw1_3,Band 3: Single Anchor (£24.5m-£25.0m),25.0,84.33,18.117,86.5,58.77,56.75,2.02,19.59,2.33,100.0,0.0,-0.2366,5,1+1+1+1+1,Calafiori (ARS) + Vuskovic (BHA) + Mendy (HUL) + O'Reilly (MCI) + O'Nien (SUN),Calafiori,Vuskovic,Mendy,O'Reilly,O'Nien
gw1_3,Band 3: Single Anchor (£24.5m-£25.0m),24.5,83.39,17.81,88.34,57.4,55.32,2.08,19.13,2.22,100.0,33.3,-0.1366,4,2+1+1+1,Calafiori (ARS) + Vuskovic (BHA) + Gvardiol (MCI) + O'Nien (SUN) + Hume (SUN),Calafiori,Vuskovic,Gvardiol,O'Nien,Hume
gw1_3,Band 3: Single Anchor (£24.5m-£25.0m),24.5,83.38,17.807,88.34,57.4,55.32,2.07,19.13,2.22,100.0,33.3,-0.1366,5,1+1+1+1+1,Calafiori (ARS) + Vuskovic (BHA) + Gvardiol (MCI) + Heaven (MUN) + O'Nien (SUN),Calafiori,Vuskovic,Gvardiol,Heaven,O'Nien
gw1_3,Band 3: Single Anchor (£24.5m-£25.0m),25.0,82.95,18.075,83.63,58.64,56.75,1.89,19.55,2.44,100.0,0.0,-0.2,5,1+1+1+1+1,Calafiori (ARS) + Vuskovic (BHA) + Thomas (COV) + Mendy (HUL) + O'Reilly (MCI),Calafiori,Vuskovic,Thomas,Mendy,O'Reilly
gw1_3,Band 3: Single Anchor (£24.5m-£25.0m),24.5,82.88,17.852,86.5,57.53,55.49,2.04,19.18,2.33,100.0,0.0,-0.2366,5,1+1+1+1+1,Calafiori (ARS) + Vuskovic (BHA) + Thomas (COV) + Gvardiol (MCI) + Hume (SUN),Calafiori,Vuskovic,Thomas,Gvardiol,Hume
gw1_3,Band 3: Single Anchor (£24.5m-£25.0m),24.5,82.87,17.85,86.5,57.53,55.49,2.03,19.18,2.33,100.0,0.0,-0.2366,5,1+1+1+1+1,Calafiori (ARS) + Vuskovic (BHA) + Thomas (COV) + Gvardiol (MCI) + Heaven (MUN),Calafiori,Vuskovic,Thomas,Gvardiol,Heaven
gw1_3,Band 3: Single Anchor (£24.5m-£25.0m),25.0,82.83,17.707,88.34,57.54,55.32,2.21,19.18,2.22,100.0,33.3,-0.1366,4,2+1+1+1,Calafiori (ARS) + Vuskovic (BHA) + Gvardiol (MCI) + O'Nien (SUN) + Ballard (SUN),Calafiori,Vuskovic,Gvardiol,O'Nien,Ballard
gw1_3,Band 3: Single Anchor (£24.5m-£25.0m),24.5,82.71,17.82,86.5,57.43,55.32,2.11,19.14,2.33,100.0,0.0,-0.2366,5,1+1+1+1+1,Calafiori (ARS) + Vuskovic (BHA) + Gvardiol (MCI) + O'Nien (SUN) + Robertson (TOT),Calafiori,Vuskovic,Gvardiol,O'Nien,Robertson
gw1_3,Band 3: Single Anchor (£24.5m-£25.0m),25.0,82.67,17.678,88.34,57.45,55.32,2.13,19.15,2.22,100.0,33.3,-0.1366,5,1+1+1+1+1,Calafiori (ARS) + Vuskovic (BHA) + Gvardiol (MCI) + Dalot (MUN) + O'Nien (SUN),Calafiori,Vuskovic,Gvardiol,Dalot,O'Nien
gw1_3,Band 3: Single Anchor (£24.5m-£25.0m),25.0,82.46,17.64,88.34,57.34,55.32,2.01,19.11,2.22,100.0,33.3,-0.1366,5,1+1+1+1+1,Calafiori (ARS) + Vuskovic (BHA) + Gvardiol (MCI) + Heaven (MUN) + Hume (SUN),Calafiori,Vuskovic,Gvardiol,Heaven,Hume
gw1_3,Band 3: Single Anchor (£24.5m-£25.0m),24.5,82.39,17.762,86.5,57.26,55.32,1.94,19.09,2.33,100.0,0.0,-0.2366,5,1+1+1+1+1,Calafiori (ARS) + Vuskovic (BHA) + Mendy (HUL) + Gvardiol (MCI) + Hume (SUN),Calafiori,Vuskovic,Mendy,Gvardiol,Hume
gw1_3,Band 3: Single Anchor (£24.5m-£25.0m),24.5,82.38,17.759,86.5,57.25,55.32,1.93,19.08,2.33,100.0,0.0,-0.2366,5,1+1+1+1+1,Calafiori (ARS) + Vuskovic (BHA) + Mendy (HUL) + Gvardiol (MCI) + Heaven (MUN),Calafiori,Vuskovic,Mendy,Gvardiol,Heaven
gw1_3,Band 3: Single Anchor (£24.5m-£25.0m),25.0,82.37,17.757,86.5,57.69,55.49,2.2,19.23,2.33,100.0,0.0,-0.2366,5,1+1+1+1+1,Calafiori (ARS) + Vuskovic (BHA) + Thomas (COV) + Gvardiol (MCI) + Ballard (SUN),Calafiori,Vuskovic,Thomas,Gvardiol,Ballard
gw1_3,Band 3: Single Anchor (£24.5m-£25.0m),25.0,82.17,17.722,86.5,57.58,55.49,2.09,19.19,2.33,100.0,0.0,-0.2366,5,1+1+1+1+1,Calafiori (ARS) + Vuskovic (BHA) + Thomas (COV) + Gvardiol (MCI) + Dalot (MUN),Calafiori,Vuskovic,Thomas,Gvardiol,Dalot
gw1_3,Band 3: Single Anchor (£24.5m-£25.0m),25.0,82.11,17.71,86.5,57.55,55.32,2.22,19.18,2.33,100.0,0.0,-0.2366,5,1+1+1+1+1,Calafiori (ARS) + Vuskovic (BHA) + Gvardiol (MCI) + O'Nien (SUN) + Van Hecke (TOT),Calafiori,Vuskovic,Gvardiol,O'Nien,Van Hecke
gw1_3,Band 3: Single Anchor (£24.5m-£25.0m),24.5,82.06,17.796,85.2,57.36,55.32,2.04,19.12,2.33,100.0,33.3,-0.0634,5,1+1+1+1+1,Calafiori (ARS) + Vuskovic (BHA) + Kayode (BRE) + Gvardiol (MCI) + O'Nien (SUN),Calafiori,Vuskovic,Kayode,Gvardiol,O'Nien
gw1_3,Band 3: Single Anchor (£24.5m-£25.0m),25.0,81.94,17.678,86.5,57.45,55.32,2.13,19.15,2.33,100.0,0.0,-0.2366,5,1+1+1+1+1,Calafiori (ARS) + Vuskovic (BHA) + Mendy (HUL) + Gvardiol (MCI) + Ballard (SUN),Calafiori,Vuskovic,Mendy,Gvardiol,Ballard
gw1_3,Band 3: Single Anchor (£24.5m-£25.0m),24.5,81.84,17.66,86.5,56.96,54.87,2.08,18.99,2.33,100.0,0.0,-0.2366,5,1+1+1+1+1,Calafiori (ARS) + Vuskovic (BHA) + Thomas (COV) + Guéhi (MCI) + O'Nien (SUN),Calafiori,Vuskovic,Thomas,Guéhi,O'Nien
gw1_3,Band 3: Single Anchor (£24.5m-£25.0m),25.0,81.78,17.65,86.5,57.37,55.32,2.04,19.12,2.33,100.0,0.0,-0.2366,5,1+1+1+1+1,Calafiori (ARS) + Vuskovic (BHA) + Gvardiol (MCI) + Hume (SUN) + Robertson (TOT),Calafiori,Vuskovic,Gvardiol,Hume,Robertson
gw1_3,Band 3: Single Anchor (£24.5m-£25.0m),25.0,81.76,17.647,86.5,57.36,55.32,2.03,19.12,2.33,100.0,0.0,-0.2366,5,1+1+1+1+1,Calafiori (ARS) + Vuskovic (BHA) + Gvardiol (MCI) + Heaven (MUN) + Robertson (TOT),Calafiori,Vuskovic,Gvardiol,Heaven,Robertson
gw1_3,Band 3: Single Anchor (£24.5m-£25.0m),24.5,81.76,17.837,83.9,57.49,55.49,1.99,19.16,2.44,100.0,0.0,-0.2366,5,1+1+1+1+1,Calafiori (ARS) + Vuskovic (BHA) + Thomas (COV) + Gvardiol (MCI) + Robertson (TOT),Calafiori,Vuskovic,Thomas,Gvardiol,Robertson
gw1_3,Band 3: Single Anchor (£24.5m-£25.0m),25.0,81.71,17.637,86.5,57.33,55.32,2.0,19.11,2.33,100.0,0.0,-0.2366,5,1+1+1+1+1,Calafiori (ARS) + Vuskovic (BHA) + Mendy (HUL) + Gvardiol (MCI) + Dalot (MUN),Calafiori,Vuskovic,Mendy,Gvardiol,Dalot
gw1_3,Band 3: Single Anchor (£24.5m-£25.0m),25.0,81.57,17.643,86.07,57.34,55.32,2.02,19.11,2.33,100.0,0.0,-0.1793,5,1+1+1+1+1,Calafiori (ARS) + Vuskovic (BHA) + Colwill (CHE) + Gvardiol (MCI) + O'Nien (SUN),Calafiori,Vuskovic,Colwill,Gvardiol,O'Nien
gw1_3,Band 3: Single Anchor (£24.5m-£25.0m),25.0,81.42,17.68,85.2,57.46,55.32,2.13,19.15,2.33,100.0,33.3,-0.0634,5,1+1+1+1+1,Calafiori (ARS) + Vuskovic (BHA) + Jacquet (LIV) + Gvardiol (MCI) + O'Nien (SUN),Calafiori,Vuskovic,Jacquet,Gvardiol,O'Nien
gw1_3,Band 3: Single Anchor (£24.5m-£25.0m),24.5,81.39,17.788,83.63,57.34,55.32,2.02,19.11,2.44,100.0,0.0,-0.2,5,1+1+1+1+1,Calafiori (ARS) + Vuskovic (BHA) + Castagne (FUL) + Gvardiol (MCI) + O'Nien (SUN),Calafiori,Vuskovic,Castagne,Gvardiol,O'Nien
gw1_3,Band 3: Single Anchor (£24.5m-£25.0m),25.0,81.32,17.756,83.9,57.68,55.49,2.19,19.23,2.44,100.0,0.0,-0.2366,5,1+1+1+1+1,Calafiori (ARS) + Vuskovic (BHA) + Thomas (COV) + Gvardiol (MCI) + Van Hecke (TOT),Calafiori,Vuskovic,Thomas,Gvardiol,Van Hecke
gw1_3,Band 3: Single Anchor (£24.5m-£25.0m),24.5,81.31,17.773,83.63,57.29,55.32,1.97,19.1,2.44,100.0,0.0,-0.2,5,1+1+1+1+1,Calafiori (ARS) + Vuskovic (BHA) + Smith (BOU) + Gvardiol (MCI) + O'Nien (SUN),Calafiori,Vuskovic,Smith,Gvardiol,O'Nien
gw1_3,Band 3: Single Anchor (£24.5m-£25.0m),24.5,81.26,17.82,82.88,57.44,55.32,2.11,19.15,2.44,100.0,0.0,-0.1,5,1+1+1+1+1,Calafiori (ARS) + Vuskovic (BHA) + Justin (LEE) + Gvardiol (MCI) + O'Nien (SUN),Calafiori,Vuskovic,Justin,Gvardiol,O'Nien
gw1_3,Band 3: Single Anchor (£24.5m-£25.0m),24.5,81.23,17.76,83.63,57.25,55.32,1.93,19.08,2.44,100.0,0.0,-0.2,5,1+1+1+1+1,Calafiori (ARS) + Vuskovic (BHA) + Mendy (HUL) + Gvardiol (MCI) + Robertson (TOT),Calafiori,Vuskovic,Mendy,Gvardiol,Robertson
gw1_3,Band 3: Single Anchor (£24.5m-£25.0m),25.0,81.19,17.638,85.2,57.33,55.32,2.01,19.11,2.33,100.0,33.3,-0.0634,5,1+1+1+1+1,Calafiori (ARS) + Vuskovic (BHA) + Kayode (BRE) + Gvardiol (MCI) + Hume (SUN),Calafiori,Vuskovic,Kayode,Gvardiol,Hume
gw1_3,Band 3: Single Anchor (£24.5m-£25.0m),24.5,81.19,17.827,82.61,57.45,55.49,1.96,19.15,2.44,100.0,33.3,-0.0634,5,1+1+1+1+1,Calafiori (ARS) + Vuskovic (BHA) + Kayode (BRE) + Thomas (COV) + Gvardiol (MCI),Calafiori,Vuskovic,Kayode,Thomas,Gvardiol
gw1_3,Band 3: Single Anchor (£24.5m-£25.0m),24.5,81.18,17.784,83.15,57.33,55.32,2.0,19.11,2.44,100.0,0.0,-0.1366,5,1+1+1+1+1,Calafiori (ARS) + Vuskovic (BHA) + Mykolenko (EVE) + Gvardiol (MCI) + O'Nien (SUN),Calafiori,Vuskovic,Mykolenko,Gvardiol,O'Nien
gw1_3,Band 3: Single Anchor (£24.5m-£25.0m),25.0,81.11,17.622,85.2,57.28,55.32,1.96,19.09,2.33,100.0,33.3,-0.0634,5,1+1+1+1+1,Calafiori (ARS) + Vuskovic (BHA) + Kayode (BRE) + Gvardiol (MCI) + Heaven (MUN),Calafiori,Vuskovic,Kayode,Gvardiol,Heaven
gw1_3,Band 3: Single Anchor (£24.5m-£25.0m),25.0,81.08,17.787,82.88,57.78,55.49,2.28,19.26,2.44,100.0,0.0,-0.1,5,1+1+1+1+1,Calafiori (ARS) + Vuskovic (BHA) + Muharemović (LEE) + Gvardiol (MCI) + O'Nien (SUN),Calafiori,Vuskovic,Muharemović,Gvardiol,O'Nien
gw1_3,Band 3: Single Anchor (£24.5m-£25.0m),25.0,81.07,17.384,88.34,56.57,54.49,2.08,18.86,2.22,100.0,33.3,-0.1366,4,2+1+1+1,Calafiori (ARS) + Vuskovic (BHA) + Guéhi (MCI) + O'Nien (SUN) + Hume (SUN),Calafiori,Vuskovic,Guéhi,O'Nien,Hume
gw1_3,Band 3: Single Anchor (£24.5m-£25.0m),25.0,81.05,17.382,88.34,56.56,54.49,2.07,18.85,2.22,100.0,33.3,-0.1366,5,1+1+1+1+1,Calafiori (ARS) + Vuskovic (BHA) + Guéhi (MCI) + Heaven (MUN) + O'Nien (SUN),Calafiori,Vuskovic,Guéhi,Heaven,O'Nien
gw1_3,Band 3: Single Anchor (£24.5m-£25.0m),24.5,81.01,17.51,86.5,56.5,54.49,2.02,18.83,2.33,100.0,0.0,-0.2366,5,1+1+1+1+1,Calafiori (ARS) + Vuskovic (BHA) + Mendy (HUL) + Guéhi (MCI) + O'Nien (SUN),Calafiori,Vuskovic,Mendy,Guéhi,O'Nien
gw1_3,Band 3: Single Anchor (£24.5m-£25.0m),25.0,80.91,17.49,86.5,56.89,54.87,2.01,18.96,2.33,100.0,0.0,-0.2366,5,1+1+1+1+1,Calafiori (ARS) + Vuskovic (BHA) + Thomas (COV) + Guéhi (MCI) + Hume (SUN),Calafiori,Vuskovic,Thomas,Guéhi,Hume
gw1_3,Band 3: Single Anchor (£24.5m-£25.0m),25.0,80.9,17.488,86.5,56.88,54.87,2.01,18.96,2.33,100.0,0.0,-0.2366,5,1+1+1+1+1,Calafiori (ARS) + Vuskovic (BHA) + Thomas (COV) + Guéhi (MCI) + Heaven (MUN),Calafiori,Vuskovic,Thomas,Guéhi,Heaven
gw1_3,Band 3: Single Anchor (£24.5m-£25.0m),24.5,80.89,17.522,86.02,56.54,54.47,2.07,18.85,2.33,100.0,33.3,-0.1732,4,2+1+1+1,Calafiori (ARS) + Vuskovic (BHA) + Hill (BOU) + O'Nien (SUN) + Hume (SUN),Calafiori,Vuskovic,Hill,O'Nien,Hume
gw1_3,Band 3: Single Anchor (£24.5m-£25.0m),24.5,80.87,17.519,86.02,56.53,54.47,2.06,18.84,2.33,100.0,33.3,-0.1732,5,1+1+1+1+1,Calafiori (ARS) + Vuskovic (BHA) + Hill (BOU) + Heaven (MUN) + O'Nien (SUN),Calafiori,Vuskovic,Hill,Heaven,O'Nien
gw1_3,Band 3: Single Anchor (£24.5m-£25.0m),25.0,80.81,17.682,83.63,57.46,55.32,2.14,19.15,2.44,100.0,0.0,-0.2,5,1+1+1+1+1,Calafiori (ARS) + Vuskovic (BHA) + Mendy (HUL) + Gvardiol (MCI) + Van Hecke (TOT),Calafiori,Vuskovic,Mendy,Gvardiol,Van Hecke
gw1_3,Band 3: Single Anchor (£24.5m-£25.0m),25.0,80.8,17.506,86.02,56.93,54.76,2.18,18.98,2.33,100.0,33.3,-0.1732,4,2+1+1+1,Calafiori (ARS) + Vuskovic (BHA) + Hill (BOU) + O'Nien (SUN) + Ballard (SUN),Calafiori,Vuskovic,Hill,O'Nien,Ballard
gw1_3,Band 3: Single Anchor (£24.5m-£25.0m),25.0,80.74,17.669,83.63,57.42,55.32,2.1,19.14,2.44,100.0,0.0,-0.2,5,1+1+1+1+1,Calafiori (ARS) + Vuskovic (BHA) + Gvardiol (MCI) + Thiaw (NEW) + O'Nien (SUN),Calafiori,Vuskovic,Gvardiol,Thiaw,O'Nien
gw1_3,Band 3: Single Anchor (£24.5m-£25.0m),24.5,80.68,17.875,80.66,57.6,55.49,2.11,19.2,2.56,100.0,0.0,-0.15,5,1+1+1+1+1,Calafiori (ARS) + Vuskovic (BHA) + Thomas (COV) + Justin (LEE) + Gvardiol (MCI),Calafiori,Vuskovic,Thomas,Justin,Gvardiol
gw1_3,Band 3: Single Anchor (£24.5m-£25.0m),25.0,80.66,17.729,82.61,57.6,55.49,2.11,19.2,2.44,100.0,33.3,-0.0634,5,1+1+1+1+1,Calafiori (ARS) + Vuskovic (BHA) + Thomas (COV) + Jacquet (LIV) + Gvardiol (MCI),Calafiori,Vuskovic,Thomas,Jacquet,Gvardiol
gw1_3,Band 3: Single Anchor (£24.5m-£25.0m),25.0,80.52,17.454,86.02,56.78,54.68,2.1,18.93,2.33,100.0,33.3,-0.1732,5,1+1+1+1+1,Calafiori (ARS) + Vuskovic (BHA) + Hill (BOU) + Dalot (MUN) + O'Nien (SUN),Calafiori,Vuskovic,Hill,Dalot,O'Nien
gw1_3,Band 3: Single Anchor (£24.5m-£25.0m),25.0,80.49,17.623,83.63,57.29,55.32,1.96,19.1,2.44,100.0,0.0,-0.2,5,1+1+1+1+1,Calafiori (ARS) + Vuskovic (BHA) + Silva (BOU) + Gvardiol (MCI) + O'Nien (SUN),Calafiori,Vuskovic,Silva,Gvardiol,O'Nien
gw1_3,Band 3: Single Anchor (£24.5m-£25.0m),25.0,80.49,17.412,86.5,56.65,54.55,2.1,18.88,2.33,100.0,0.0,-0.2366,5,1+1+1+1+1,Calafiori (ARS) + Vuskovic (BHA) + Guéhi (MCI) + O'Nien (SUN) + Robertson (TOT),Calafiori,Vuskovic,Guéhi,O'Nien,Robertson
gw1_3,Band 4: Premium / Dual Anchor (£25.5m-£26.0m),25.5,84.38,17.991,88.34,58.83,56.75,2.08,19.61,2.22,100.0,33.3,-0.1366,4,2+1+1+1,Calafiori (ARS) + Vuskovic (BHA) + O'Reilly (MCI) + O'Nien (SUN) + Hume (SUN),Calafiori,Vuskovic,O'Reilly,O'Nien,Hume
gw1_3,Band 4: Premium / Dual Anchor (£25.5m-£26.0m),25.5,84.37,17.989,88.34,58.82,56.75,2.07,19.61,2.22,100.0,33.3,-0.1366,5,1+1+1+1+1,Calafiori (ARS) + Vuskovic (BHA) + O'Reilly (MCI) + Heaven (MUN) + O'Nien (SUN),Calafiori,Vuskovic,O'Reilly,Heaven,O'Nien
gw1_3,Band 4: Premium / Dual Anchor (£25.5m-£26.0m),26.0,83.82,17.888,88.34,58.96,56.75,2.21,19.65,2.22,100.0,33.3,-0.1366,4,2+1+1+1,Calafiori (ARS) + Vuskovic (BHA) + O'Reilly (MCI) + O'Nien (SUN) + Ballard (SUN),Calafiori,Vuskovic,O'Reilly,O'Nien,Ballard
gw1_3,Band 4: Premium / Dual Anchor (£25.5m-£26.0m),25.5,83.69,18.001,86.5,58.86,56.75,2.11,19.62,2.33,100.0,0.0,-0.2366,5,1+1+1+1+1,Calafiori (ARS) + Vuskovic (BHA) + O'Reilly (MCI) + O'Nien (SUN) + Robertson (TOT),Calafiori,Vuskovic,O'Reilly,O'Nien,Robertson
gw1_3,Band 4: Premium / Dual Anchor (£25.5m-£26.0m),26.0,83.66,17.859,88.34,58.88,56.75,2.13,19.63,2.22,100.0,33.3,-0.1366,5,1+1+1+1+1,Calafiori (ARS) + Vuskovic (BHA) + O'Reilly (MCI) + Dalot (MUN) + O'Nien (SUN),Calafiori,Vuskovic,O'Reilly,Dalot,O'Nien
gw1_3,Band 4: Premium / Dual Anchor (£25.5m-£26.0m),25.5,83.6,17.984,86.5,58.81,56.75,2.06,19.6,2.33,100.0,0.0,-0.2366,5,1+1+1+1+1,Calafiori (ARS) + Vuskovic (BHA) + Thomas (COV) + O'Reilly (MCI) + Hume (SUN),Calafiori,Vuskovic,Thomas,O'Reilly,Hume
gw1_3,Band 4: Premium / Dual Anchor (£25.5m-£26.0m),25.5,83.59,17.982,86.5,58.8,56.75,2.05,19.6,2.33,100.0,0.0,-0.2366,5,1+1+1+1+1,Calafiori (ARS) + Vuskovic (BHA) + Thomas (COV) + O'Reilly (MCI) + Heaven (MUN),Calafiori,Vuskovic,Thomas,O'Reilly,Heaven
gw1_3,Band 4: Premium / Dual Anchor (£25.5m-£26.0m),26.0,83.45,17.821,88.34,58.76,56.75,2.01,19.59,2.22,100.0,33.3,-0.1366,5,1+1+1+1+1,Calafiori (ARS) + Vuskovic (BHA) + O'Reilly (MCI) + Heaven (MUN) + Hume (SUN),Calafiori,Vuskovic,O'Reilly,Heaven,Hume
gw1_3,Band 4: Premium / Dual Anchor (£25.5m-£26.0m),25.5,83.38,17.943,86.5,58.69,56.75,1.94,19.56,2.33,100.0,0.0,-0.2366,5,1+1+1+1+1,Calafiori (ARS) + Vuskovic (BHA) + Mendy (HUL) + O'Reilly (MCI) + Hume (SUN),Calafiori,Vuskovic,Mendy,O'Reilly,Hume
gw1_3,Band 4: Premium / Dual Anchor (£25.5m-£26.0m),25.5,83.37,17.941,86.5,58.68,56.75,1.93,19.56,2.33,100.0,0.0,-0.2366,5,1+1+1+1+1,Calafiori (ARS) + Vuskovic (BHA) + Mendy (HUL) + O'Reilly (MCI) + Heaven (MUN),Calafiori,Vuskovic,Mendy,O'Reilly,Heaven
gw1_3,Band 4: Premium / Dual Anchor (£25.5m-£26.0m),26.0,83.1,17.892,86.5,58.97,56.75,2.22,19.66,2.33,100.0,0.0,-0.2366,5,1+1+1+1+1,Calafiori (ARS) + Vuskovic (BHA) + O'Reilly (MCI) + O'Nien (SUN) + Van Hecke (TOT),Calafiori,Vuskovic,O'Reilly,O'Nien,Van Hecke
gw1_3,Band 4: Premium / Dual Anchor (£25.5m-£26.0m),26.0,83.08,17.889,86.5,58.97,56.75,2.22,19.66,2.33,100.0,0.0,-0.2366,5,1+1+1+1+1,Calafiori (ARS) + Vuskovic (BHA) + Thomas (COV) + O'Reilly (MCI) + Ballard (SUN),Calafiori,Vuskovic,Thomas,O'Reilly,Ballard
gw1_3,Band 4: Premium / Dual Anchor (£25.5m-£26.0m),25.5,83.05,17.978,85.2,58.79,56.75,2.04,19.6,2.33,100.0,33.3,-0.0634,5,1+1+1+1+1,Calafiori (ARS) + Vuskovic (BHA) + Kayode (BRE) + O'Reilly (MCI) + O'Nien (SUN),Calafiori,Vuskovic,Kayode,O'Reilly,O'Nien
gw1_3,Band 4: Premium / Dual Anchor (£25.5m-£26.0m),26.0,82.92,17.86,86.5,58.88,56.75,2.13,19.63,2.33,100.0,0.0,-0.2366,5,1+1+1+1+1,Calafiori (ARS) + Vuskovic (BHA) + Mendy (HUL) + O'Reilly (MCI) + Ballard (SUN),Calafiori,Vuskovic,Mendy,O'Reilly,Ballard
gw1_3,Band 4: Premium / Dual Anchor (£25.5m-£26.0m),26.0,82.89,17.854,86.5,58.86,56.75,2.11,19.62,2.33,100.0,0.0,-0.2366,5,1+1+1+1+1,Calafiori (ARS) + Vuskovic (BHA) + Thomas (COV) + O'Reilly (MCI) + Dalot (MUN),Calafiori,Vuskovic,Thomas,O'Reilly,Dalot
gw1_3,Band 4: Premium / Dual Anchor (£25.5m-£26.0m),26.0,82.77,17.832,86.5,58.8,56.75,2.04,19.6,2.33,100.0,0.0,-0.2366,5,1+1+1+1+1,Calafiori (ARS) + Vuskovic (BHA) + O'Reilly (MCI) + Hume (SUN) + Robertson (TOT),Calafiori,Vuskovic,O'Reilly,Hume,Robertson
gw1_3,Band 4: Premium / Dual Anchor (£25.5m-£26.0m),26.0,82.75,17.828,86.5,58.78,56.75,2.03,19.59,2.33,100.0,0.0,-0.2366,5,1+1+1+1+1,Calafiori (ARS) + Vuskovic (BHA) + O'Reilly (MCI) + Heaven (MUN) + Robertson (TOT),Calafiori,Vuskovic,O'Reilly,Heaven,Robertson
gw1_3,Band 4: Premium / Dual Anchor (£25.5m-£26.0m),26.0,82.7,17.819,86.5,58.76,56.75,2.0,19.59,2.33,100.0,0.0,-0.2366,5,1+1+1+1+1,Calafiori (ARS) + Vuskovic (BHA) + Mendy (HUL) + O'Reilly (MCI) + Dalot (MUN),Calafiori,Vuskovic,Mendy,O'Reilly,Dalot
gw1_3,Band 4: Premium / Dual Anchor (£25.5m-£26.0m),26.0,82.56,17.824,86.07,58.77,56.75,2.02,19.59,2.33,100.0,0.0,-0.1793,5,1+1+1+1+1,Calafiori (ARS) + Vuskovic (BHA) + Colwill (CHE) + O'Reilly (MCI) + O'Nien (SUN),Calafiori,Vuskovic,Colwill,O'Reilly,O'Nien
gw1_3,Band 4: Premium / Dual Anchor (£25.5m-£26.0m),25.5,82.48,17.969,83.9,58.76,56.75,2.01,19.59,2.44,100.0,0.0,-0.2366,5,1+1+1+1+1,Calafiori (ARS) + Vuskovic (BHA) + Thomas (COV) + O'Reilly (MCI) + Robertson (TOT),Calafiori,Vuskovic,Thomas,O'Reilly,Robertson
gw1_3,Band 4: Premium / Dual Anchor (£25.5m-£26.0m),26.0,82.41,17.861,85.2,58.88,56.75,2.13,19.63,2.33,100.0,33.3,-0.0634,5,1+1+1+1+1,Calafiori (ARS) + Vuskovic (BHA) + Jacquet (LIV) + O'Reilly (MCI) + O'Nien (SUN),Calafiori,Vuskovic,Jacquet,O'Reilly,O'Nien
gw1_3,Band 4: Premium / Dual Anchor (£25.5m-£26.0m),25.5,82.38,17.969,83.63,58.77,56.75,2.02,19.59,2.44,100.0,0.0,-0.2,5,1+1+1+1+1,Calafiori (ARS) + Vuskovic (BHA) + Castagne (FUL) + O'Reilly (MCI) + O'Nien (SUN),Calafiori,Vuskovic,Castagne,O'Reilly,O'Nien
gw1_3,Band 4: Premium / Dual Anchor (£25.5m-£26.0m),25.5,82.29,17.955,83.63,58.72,56.75,1.97,19.57,2.44,100.0,0.0,-0.2,5,1+1+1+1+1,Calafiori (ARS) + Vuskovic (BHA) + Smith (BOU) + O'Reilly (MCI) + O'Nien (SUN),Calafiori,Vuskovic,Smith,O'Reilly,O'Nien
gw1_3,Band 4: Premium / Dual Anchor (£25.5m-£26.0m),25.5,82.25,18.002,82.88,58.86,56.75,2.11,19.62,2.44,100.0,0.0,-0.1,5,1+1+1+1+1,Calafiori (ARS) + Vuskovic (BHA) + Justin (LEE) + O'Reilly (MCI) + O'Nien (SUN),Calafiori,Vuskovic,Justin,O'Reilly,O'Nien
gw1_3,Band 4: Premium / Dual Anchor (£25.5m-£26.0m),25.5,82.22,17.941,83.63,58.68,56.75,1.93,19.56,2.44,100.0,0.0,-0.2,5,1+1+1+1+1,Calafiori (ARS) + Vuskovic (BHA) + Mendy (HUL) + O'Reilly (MCI) + Robertson (TOT),Calafiori,Vuskovic,Mendy,O'Reilly,Robertson
gw1_3,Band 4: Premium / Dual Anchor (£25.5m-£26.0m),26.0,82.18,17.819,85.2,58.76,56.75,2.01,19.59,2.33,100.0,33.3,-0.0634,5,1+1+1+1+1,Calafiori (ARS) + Vuskovic (BHA) + Kayode (BRE) + O'Reilly (MCI) + Hume (SUN),Calafiori,Vuskovic,Kayode,O'Reilly,Hume
gw1_3,Band 4: Premium / Dual Anchor (£25.5m-£26.0m),25.5,82.17,17.966,83.15,58.76,56.75,2.0,19.59,2.44,100.0,0.0,-0.1366,5,1+1+1+1+1,Calafiori (ARS) + Vuskovic (BHA) + Mykolenko (EVE) + O'Reilly (MCI) + O'Nien (SUN),Calafiori,Vuskovic,Mykolenko,O'Reilly,O'Nien
gw1_3,Band 4: Premium / Dual Anchor (£25.5m-£26.0m),26.0,82.1,17.803,85.2,58.71,56.75,1.96,19.57,2.33,100.0,33.3,-0.0634,5,1+1+1+1+1,Calafiori (ARS) + Vuskovic (BHA) + Kayode (BRE) + O'Reilly (MCI) + Heaven (MUN),Calafiori,Vuskovic,Kayode,O'Reilly,Heaven
gw1_3,Band 4: Premium / Dual Anchor (£25.5m-£26.0m),26.0,82.04,17.887,83.9,58.96,56.75,2.21,19.65,2.44,100.0,0.0,-0.2366,5,1+1+1+1+1,Calafiori (ARS) + Vuskovic (BHA) + Thomas (COV) + O'Reilly (MCI) + Van Hecke (TOT),Calafiori,Vuskovic,Thomas,O'Reilly,Van Hecke
gw1_3,Band 4: Premium / Dual Anchor (£25.5m-£26.0m),25.5,81.99,17.553,88.34,57.52,55.32,2.19,19.17,2.22,100.0,33.3,-0.1366,4,2+1+1+1,Calafiori (ARS) + Vuskovic (BHA) + Gvardiol (MCI) + Hume (SUN) + Ballard (SUN),Calafiori,Vuskovic,Gvardiol,Hume,Ballard
gw1_3,Band 4: Premium / Dual Anchor (£25.5m-£26.0m),25.5,81.98,17.551,88.34,57.51,55.32,2.19,19.17,2.22,100.0,33.3,-0.1366,5,1+1+1+1+1,Calafiori (ARS) + Vuskovic (BHA) + Gvardiol (MCI) + Heaven (MUN) + Ballard (SUN),Calafiori,Vuskovic,Gvardiol,Heaven,Ballard
gw1_3,Band 4: Premium / Dual Anchor (£25.5m-£26.0m),25.5,81.9,17.958,82.61,58.73,56.75,1.98,19.58,2.44,100.0,33.3,-0.0634,5,1+1+1+1+1,Calafiori (ARS) + Vuskovic (BHA) + Kayode (BRE) + Thomas (COV) + O'Reilly (MCI),Calafiori,Vuskovic,Kayode,Thomas,O'Reilly
gw1_3,Band 4: Premium / Dual Anchor (£25.5m-£26.0m),25.5,81.86,17.53,88.34,57.45,55.32,2.12,19.15,2.22,100.0,33.3,-0.1366,4,2+1+1+1,Calafiori (ARS) + Vuskovic (BHA) + Gvardiol (MCI) + O'Nien (SUN) + Mukiele (SUN),Calafiori,Vuskovic,Gvardiol,O'Nien,Mukiele
gw1_3,Band 4: Premium / Dual Anchor (£25.5m-£26.0m),26.0,81.8,17.863,83.63,58.89,56.75,2.14,19.63,2.44,100.0,0.0,-0.2,5,1+1+1+1+1,Calafiori (ARS) + Vuskovic (BHA) + Mendy (HUL) + O'Reilly (MCI) + Van Hecke (TOT),Calafiori,Vuskovic,Mendy,O'Reilly,Van Hecke
gw1_3,Band 4: Premium / Dual Anchor (£25.5m-£26.0m),26.0,81.79,17.918,82.88,59.05,56.75,2.3,19.68,2.44,100.0,0.0,-0.1,5,1+1+1+1+1,Calafiori (ARS) + Vuskovic (BHA) + Muharemović (LEE) + O'Reilly (MCI) + O'Nien (SUN),Calafiori,Vuskovic,Muharemović,O'Reilly,O'Nien
gw1_3,Band 4: Premium / Dual Anchor (£25.5m-£26.0m),25.5,81.77,17.512,88.34,57.4,55.32,2.07,19.13,2.22,100.0,33.3,-0.1366,4,2+1+1+1,Calafiori (ARS) + Vuskovic (BHA) + Gvardiol (MCI) + Heaven (MUN) + Dalot (MUN),Calafiori,Vuskovic,Gvardiol,Heaven,Dalot
gw1_3,Band 4: Premium / Dual Anchor (£25.5m-£26.0m),25.5,81.76,17.512,88.34,57.39,55.32,2.07,19.13,2.22,100.0,33.3,-0.1366,5,1+1+1+1+1,Calafiori (ARS) + Vuskovic (BHA) + Gvardiol (MCI) + Dalot (MUN) + Hume (SUN),Calafiori,Vuskovic,Gvardiol,Dalot,Hume
gw1_3,Band 4: Premium / Dual Anchor (£25.5m-£26.0m),26.0,81.72,17.85,83.63,58.85,56.75,2.1,19.62,2.44,100.0,0.0,-0.2,5,1+1+1+1+1,Calafiori (ARS) + Vuskovic (BHA) + O'Reilly (MCI) + Thiaw (NEW) + O'Nien (SUN),Calafiori,Vuskovic,O'Reilly,Thiaw,O'Nien
gw1_3,Band 4: Premium / Dual Anchor (£25.5m-£26.0m),26.0,81.48,17.804,83.63,58.71,56.75,1.96,19.57,2.44,100.0,0.0,-0.2,5,1+1+1+1+1,Calafiori (ARS) + Vuskovic (BHA) + Silva (BOU) + O'Reilly (MCI) + O'Nien (SUN),Calafiori,Vuskovic,Silva,O'Reilly,O'Nien
gw1_3,Band 4: Premium / Dual Anchor (£25.5m-£26.0m),25.5,81.44,17.587,86.5,57.62,55.49,2.13,19.21,2.33,100.0,0.0,-0.2366,5,1+1+1+1+1,Calafiori (ARS) + Vuskovic (BHA) + Thomas (COV) + Gvardiol (MCI) + Mukiele (SUN),Calafiori,Vuskovic,Thomas,Gvardiol,Mukiele
gw1_3,Band 4: Premium / Dual Anchor (£25.5m-£26.0m),26.0,81.43,17.796,83.63,58.69,56.75,1.94,19.56,2.44,100.0,0.0,-0.2,5,1+1+1+1+1,Calafiori (ARS) + Vuskovic (BHA) + Castagne (FUL) + O'Reilly (MCI) + Hume (SUN),Calafiori,Vuskovic,Castagne,O'Reilly,Hume
gw1_3,Band 4: Premium / Dual Anchor (£25.5m-£26.0m),26.0,81.4,17.846,82.88,58.84,56.75,2.09,19.61,2.44,100.0,0.0,-0.1,5,1+1+1+1+1,Calafiori (ARS) + Vuskovic (BHA) + Justin (LEE) + O'Reilly (MCI) + Hume (SUN),Calafiori,Vuskovic,Justin,O'Reilly,Hume
gw1_3,Band 4: Premium / Dual Anchor (£25.5m-£26.0m),25.5,81.39,18.007,80.66,58.88,56.75,2.13,19.63,2.56,100.0,0.0,-0.15,5,1+1+1+1+1,Calafiori (ARS) + Vuskovic (BHA) + Thomas (COV) + Justin (LEE) + O'Reilly (MCI),Calafiori,Vuskovic,Thomas,Justin,O'Reilly
gw1_3,Band 4: Premium / Dual Anchor (£25.5m-£26.0m),26.0,81.39,17.824,83.15,58.77,56.75,2.02,19.59,2.44,100.0,0.0,-0.1366,5,1+1+1+1+1,Calafiori (ARS) + Vuskovic (BHA) + O'Brien (EVE) + O'Reilly (MCI) + O'Nien (SUN),Calafiori,Vuskovic,O'Brien,O'Reilly,O'Nien
gw1_3,Band 4: Premium / Dual Anchor (£25.5m-£26.0m),26.0,81.39,17.843,82.88,58.83,56.75,2.08,19.61,2.44,100.0,0.0,-0.1,5,1+1+1+1+1,Calafiori (ARS) + Vuskovic (BHA) + Justin (LEE) + O'Reilly (MCI) + Heaven (MUN),Calafiori,Vuskovic,Justin,O'Reilly,Heaven
gw1_3,Band 4: Premium / Dual Anchor (£25.5m-£26.0m),25.5,81.38,17.917,81.86,58.61,56.75,1.86,19.54,2.44,100.0,33.3,0.0366,5,1+1+1+1+1,Calafiori (ARS) + Vuskovic (BHA) + Kayode (BRE) + Mendy (HUL) + O'Reilly (MCI),Calafiori,Vuskovic,Kayode,Mendy,O'Reilly
gw1_3,Band 4: Premium / Dual Anchor (£25.5m-£26.0m),26.0,81.38,17.786,83.63,58.66,56.75,1.91,19.55,2.44,100.0,0.0,-0.2,5,1+1+1+1+1,Calafiori (ARS) + Vuskovic (BHA) + Castagne (FUL) + O'Reilly (MCI) + Heaven (MUN),Calafiori,Vuskovic,Castagne,O'Reilly,Heaven
gw1_3,Band 4: Premium / Dual Anchor (£25.5m-£26.0m),26.0,81.37,17.861,82.61,58.88,56.75,2.13,19.63,2.44,100.0,33.3,-0.0634,5,1+1+1+1+1,Calafiori (ARS) + Vuskovic (BHA) + Thomas (COV) + Jacquet (LIV) + O'Reilly (MCI),Calafiori,Vuskovic,Thomas,Jacquet,O'Reilly
gw1_3,Band 4: Premium / Dual Anchor (£25.5m-£26.0m),26.0,81.35,17.781,83.63,58.64,56.75,1.89,19.55,2.44,100.0,0.0,-0.2,5,1+1+1+1+1,Calafiori (ARS) + Vuskovic (BHA) + Smith (BOU) + O'Reilly (MCI) + Hume (SUN),Calafiori,Vuskovic,Smith,O'Reilly,Hume
gw1_3,Band 4: Premium / Dual Anchor (£25.5m-£26.0m),26.0,81.3,17.771,83.63,58.61,56.75,1.86,19.54,2.44,100.0,0.0,-0.2,5,1+1+1+1+1,Calafiori (ARS) + Vuskovic (BHA) + Smith (BOU) + O'Reilly (MCI) + Heaven (MUN),Calafiori,Vuskovic,Smith,O'Reilly,Heaven
gw4_19,Band 1: Budget (£20.5m-£22.5m),22.5,78.66,17.622,79.08,293.72,283.72,10.01,18.36,2.6,100.0,12.5,-0.0905,5,1+1+1+1+1,Calafiori (ARS) + Vuskovic (BHA) + Thomas (COV) + Mendy (HUL) + O'Nien (SUN),Calafiori,Vuskovic,Thomas,Mendy,O'Nien
gw4_19,Band 1: Budget (£20.5m-£22.5m),22.5,77.53,17.705,75.11,295.06,284.29,10.77,18.44,2.62,93.8,12.5,-0.0421,5,1+1+1+1+1,Calafiori (ARS) + Vuskovic (BHA) + Thomas (COV) + Greaves (IPS) + O'Nien (SUN),Calafiori,Vuskovic,Thomas,Greaves,O'Nien
gw4_19,Band 1: Budget (£20.5m-£22.5m),22.5,77.21,17.646,75.12,294.11,283.91,10.21,18.38,2.62,93.8,12.5,-0.0435,5,1+1+1+1+1,Calafiori (ARS) + Vuskovic (BHA) + Thomas (COV) + Mendy (HUL) + Greaves (IPS),Calafiori,Vuskovic,Thomas,Mendy,Greaves
gw4_19,Band 1: Budget (£20.5m-£22.5m),22.5,77.04,17.35,78.74,289.38,279.61,9.77,18.09,2.62,100.0,12.5,-0.1104,5,1+1+1+1+1,Calafiori (ARS) + Vuskovic (BHA) + Mendy (HUL) + Greaves (IPS) + O'Nien (SUN),Calafiori,Vuskovic,Mendy,Greaves,O'Nien
gw4_19,Band 1: Budget (£20.5m-£22.5m),22.5,74.24,16.778,79.54,280.22,269.6,10.63,17.51,2.58,100.0,12.5,-0.087,5,1+1+1+1+1,Calafiori (ARS) + Thomas (COV) + Greaves (IPS) + Muharemović (LEE) + O'Nien (SUN),Calafiori,Thomas,Greaves,Muharemović,O'Nien
gw4_19,Band 1: Budget (£20.5m-£22.5m),22.5,73.43,16.539,80.78,276.39,265.71,10.69,17.27,2.54,100.0,12.5,-0.1222,5,1+1+1+1+1,Calafiori (ARS) + Pau (AVL) + Thomas (COV) + Greaves (IPS) + Justin (LEE),Calafiori,Pau,Thomas,Greaves,Justin
gw4_19,Band 1: Budget (£20.5m-£22.5m),22.5,73.21,16.485,80.96,275.53,265.01,10.52,17.22,2.54,100.0,12.5,-0.1463,5,1+1+1+1+1,Calafiori (ARS) + Pau (AVL) + Thomas (COV) + Justin (LEE) + O'Nien (SUN),Calafiori,Pau,Thomas,Justin,O'Nien
gw4_19,Band 1: Budget (£20.5m-£22.5m),22.5,73.09,16.449,81.15,274.97,264.78,10.18,17.19,2.54,100.0,6.2,-0.1722,5,1+1+1+1+1,Calafiori (ARS) + Thomas (COV) + Justin (LEE) + O'Nien (SUN) + Robertson (TOT),Calafiori,Thomas,Justin,O'Nien,Robertson
gw4_19,Band 1: Budget (£20.5m-£22.5m),22.0,72.99,16.548,79.54,274.2,263.66,10.54,17.14,2.58,100.0,12.5,-0.087,5,1+1+1+1+1,Calafiori (ARS) + Thomas (COV) + Greaves (IPS) + Justin (LEE) + O'Nien (SUN),Calafiori,Thomas,Greaves,Justin,O'Nien
gw4_19,Band 1: Budget (£20.5m-£22.5m),22.5,72.58,16.414,80.35,274.4,264.14,10.26,17.15,2.56,100.0,12.5,-0.1295,5,1+1+1+1+1,Calafiori (ARS) + De Cuyper (BHA) + Thomas (COV) + Justin (LEE) + O'Nien (SUN),Calafiori,De Cuyper,Thomas,Justin,O'Nien
gw4_19,Band 1: Budget (£20.5m-£22.5m),22.5,72.48,16.715,75.99,279.22,269.21,10.0,17.45,2.6,93.8,12.5,-0.0954,5,1+1+1+1+1,Calafiori (ARS) + Thomas (COV) + Mendy (HUL) + Greaves (IPS) + Muharemović (LEE),Calafiori,Thomas,Mendy,Greaves,Muharemović
gw4_19,Band 1: Budget (£20.5m-£22.5m),22.5,72.46,16.34,81.06,273.22,262.61,10.61,17.08,2.52,100.0,18.8,-0.0953,5,1+1+1+1+1,Pau (AVL) + Vuskovic (BHA) + Thomas (COV) + Muharemović (LEE) + O'Nien (SUN),Pau,Vuskovic,Thomas,Muharemović,O'Nien
gw4_19,Band 1: Budget (£20.5m-£22.5m),22.5,72.45,16.328,81.2,273.02,263.08,9.94,17.06,2.52,100.0,18.8,-0.1132,5,1+1+1+1+1,Calafiori (ARS) + Smith (BOU) + Thomas (COV) + Greaves (IPS) + Justin (LEE),Calafiori,Smith,Thomas,Greaves,Justin
gw4_19,Band 1: Budget (£20.5m-£22.5m),22.5,72.26,16.377,80.05,273.8,263.51,10.3,17.11,2.56,100.0,6.2,-0.09,5,1+1+1+1+1,Calafiori (ARS) + Thomas (COV) + Castagne (FUL) + Greaves (IPS) + Justin (LEE),Calafiori,Thomas,Castagne,Greaves,Justin
gw4_19,Band 1: Budget (£20.5m-£22.5m),22.5,72.14,16.351,80.11,273.39,263.22,10.17,17.09,2.56,100.0,12.5,-0.0975,5,1+1+1+1+1,Calafiori (ARS) + Pau (AVL) + De Cuyper (BHA) + Thomas (COV) + O'Nien (SUN),Calafiori,Pau,De Cuyper,Thomas,O'Nien
gw4_19,Band 1: Budget (£20.5m-£22.5m),22.5,72.03,16.635,75.95,277.94,268.02,9.92,17.37,2.6,93.8,12.5,-0.0892,5,1+1+1+1+1,Calafiori (ARS) + Thomas (COV) + Mendy (HUL) + Muharemović (LEE) + O'Nien (SUN),Calafiori,Thomas,Mendy,Muharemović,O'Nien
gw4_19,Band 1: Budget (£20.5m-£22.5m),22.5,72.03,16.373,79.54,273.74,263.5,10.25,17.11,2.58,100.0,12.5,-0.087,5,1+1+1+1+1,Calafiori (ARS) + Thomas (COV) + Greaves (IPS) + Justin (LEE) + Hume (SUN),Calafiori,Thomas,Greaves,Justin,Hume
gw4_19,Band 1: Budget (£20.5m-£22.5m),22.5,72.0,16.346,79.85,273.31,262.71,10.6,17.08,2.54,100.0,18.8,0.002,5,1+1+1+1+1,Calafiori (ARS) + Pau (AVL) + Thomas (COV) + Greaves (IPS) + Aina (NFO),Calafiori,Pau,Thomas,Greaves,Aina
gw4_19,Band 1: Budget (£20.5m-£22.5m),22.5,71.9,16.364,79.33,273.6,263.92,9.69,17.1,2.6,100.0,12.5,-0.1235,5,1+1+1+1+1,Calafiori (ARS) + Mendy (HUL) + Greaves (IPS) + Muharemović (LEE) + O'Nien (SUN),Calafiori,Mendy,Greaves,Muharemović,O'Nien
gw4_19,Band 1: Budget (£20.5m-£22.5m),22.5,71.88,16.229,81.13,271.43,261.58,9.85,16.96,2.52,100.0,12.5,-0.1038,5,1+1+1+1+1,Calafiori (ARS) + Smith (BOU) + Thomas (COV) + Justin (LEE) + O'Nien (SUN),Calafiori,Smith,Thomas,Justin,O'Nien
gw4_19,Band 1: Budget (£20.5m-£22.5m),22.5,71.75,16.281,80.08,272.27,262.24,10.03,17.02,2.56,100.0,18.8,-0.0945,5,1+1+1+1+1,Calafiori (ARS) + De Cuyper (BHA) + Thomas (COV) + Aina (NFO) + O'Nien (SUN),Calafiori,De Cuyper,Thomas,Aina,O'Nien
gw4_19,Band 1: Budget (£20.5m-£22.5m),22.5,71.75,16.352,79.11,273.41,263.13,10.28,17.09,2.6,100.0,6.2,-0.0944,5,1+1+1+1+1,Calafiori (ARS) + Thomas (COV) + Greaves (IPS) + Justin (LEE) + Heaven (MUN),Calafiori,Thomas,Greaves,Justin,Heaven
gw4_19,Band 1: Budget (£20.5m-£22.5m),22.5,71.72,16.293,79.83,272.47,262.25,10.22,17.03,2.56,100.0,12.5,-0.061,5,1+1+1+1+1,Calafiori (ARS) + Pau (AVL) + Kayode (BRE) + Thomas (COV) + Greaves (IPS),Calafiori,Pau,Kayode,Thomas,Greaves
gw4_19,Band 1: Budget (£20.5m-£22.5m),22.5,71.64,16.503,76.79,275.82,265.06,10.77,17.24,2.56,93.8,18.8,-0.0714,5,1+1+1+1+1,Vuskovic (BHA) + Thomas (COV) + Greaves (IPS) + Gvardiol (MCI) + O'Nien (SUN),Vuskovic,Thomas,Greaves,Gvardiol,O'Nien
gw4_19,Band 1: Budget (£20.5m-£22.5m),22.5,71.63,16.203,80.85,271.03,261.06,9.96,16.94,2.56,100.0,6.2,-0.1972,5,1+1+1+1+1,Calafiori (ARS) + Greaves (IPS) + Justin (LEE) + O'Nien (SUN) + Robertson (TOT),Calafiori,Greaves,Justin,O'Nien,Robertson
gw4_19,Band 1: Budget (£20.5m-£22.5m),22.5,71.61,16.226,80.48,271.4,261.22,10.18,16.96,2.54,100.0,25.0,-0.0823,5,1+1+1+1+1,Calafiori (ARS) + Thomas (COV) + Aina (NFO) + O'Nien (SUN) + Robertson (TOT),Calafiori,Thomas,Aina,O'Nien,Robertson
gw4_19,Band 1: Budget (£20.5m-£22.5m),22.5,71.58,16.48,76.95,275.46,265.07,10.39,17.22,2.56,93.8,12.5,-0.0937,5,1+1+1+1+1,Calafiori (ARS) + Thomas (COV) + Greaves (IPS) + Justin (LEE) + Robertson (TOT),Calafiori,Thomas,Greaves,Justin,Robertson
gw4_19,Band 1: Budget (£20.5m-£22.5m),22.5,71.52,16.509,76.42,275.92,265.63,10.29,17.24,2.58,93.8,12.5,-0.0873,5,1+1+1+1+1,Calafiori (ARS) + De Cuyper (BHA) + Thomas (COV) + Greaves (IPS) + Justin (LEE),Calafiori,De Cuyper,Thomas,Greaves,Justin
gw4_19,Band 1: Budget (£20.5m-£22.5m),22.5,71.42,16.196,80.42,270.91,260.91,10.0,16.93,2.54,100.0,18.8,-0.0744,5,1+1+1+1+1,Calafiori (ARS) + Pau (AVL) + Smith (BOU) + Thomas (COV) + Greaves (IPS),Calafiori,Pau,Smith,Thomas,Greaves
gw4_19,Band 1: Budget (£20.5m-£22.5m),22.0,71.38,16.326,78.54,270.64,260.12,10.52,16.92,2.58,100.0,31.2,0.0468,5,1+1+1+1+1,Calafiori (ARS) + Thomas (COV) + Greaves (IPS) + Aina (NFO) + O'Nien (SUN),Calafiori,Thomas,Greaves,Aina,O'Nien
gw4_19,Band 1: Budget (£20.5m-£22.5m),22.5,71.33,16.214,79.96,271.2,261.09,10.11,16.95,2.56,100.0,18.8,-0.0782,5,1+1+1+1+1,Calafiori (ARS) + Pau (AVL) + Kayode (BRE) + Thomas (COV) + O'Nien (SUN),Calafiori,Pau,Kayode,Thomas,O'Nien
gw4_19,Band 1: Budget (£20.5m-£22.5m),22.5,71.24,16.199,79.93,270.96,261.03,9.94,16.94,2.58,100.0,6.2,-0.1394,5,1+1+1+1+1,Calafiori (ARS) + De Cuyper (BHA) + Greaves (IPS) + Justin (LEE) + O'Nien (SUN),Calafiori,De Cuyper,Greaves,Justin,O'Nien
gw4_19,Band 1: Budget (£20.5m-£22.5m),22.5,71.23,16.486,75.98,275.55,265.36,10.19,17.22,2.58,93.8,12.5,-0.0294,5,1+1+1+1+1,Vuskovic (BHA) + Hill (BOU) + Thomas (COV) + Mendy (HUL) + Greaves (IPS),Vuskovic,Hill,Thomas,Mendy,Greaves
gw4_19,Band 1: Budget (£20.5m-£22.5m),22.5,71.22,16.455,76.38,275.05,265.05,10.01,17.19,2.58,93.8,6.2,-0.0828,5,1+1+1+1+1,Vuskovic (BHA) + Hill (BOU) + Thomas (COV) + Mendy (HUL) + O'Nien (SUN),Vuskovic,Hill,Thomas,Mendy,O'Nien
gw4_19,Band 1: Budget (£20.5m-£22.5m),22.0,71.21,16.111,81.06,267.2,256.69,10.51,16.7,2.52,100.0,18.8,-0.0953,5,1+1+1+1+1,Pau (AVL) + Vuskovic (BHA) + Thomas (COV) + Justin (LEE) + O'Nien (SUN),Pau,Vuskovic,Thomas,Justin,O'Nien
gw4_19,Band 1: Budget (£20.5m-£22.5m),22.5,71.17,16.307,78.29,272.69,262.11,10.58,17.04,2.6,100.0,18.8,0.0149,5,1+1+1+1+1,Calafiori (ARS) + Thomas (COV) + Canvot (CRY) + Greaves (IPS) + O'Nien (SUN),Calafiori,Thomas,Canvot,Greaves,O'Nien
gw4_19,Band 1: Budget (£20.5m-£22.5m),22.0,71.16,16.473,75.99,273.0,263.08,9.92,17.06,2.6,93.8,12.5,-0.0954,5,1+1+1+1+1,Calafiori (ARS) + Thomas (COV) + Mendy (HUL) + Greaves (IPS) + Justin (LEE),Calafiori,Thomas,Mendy,Greaves,Justin
gw4_19,Band 1: Budget (£20.5m-£22.5m),22.5,71.09,16.418,76.58,274.47,264.46,10.01,17.15,2.58,93.8,12.5,-0.1085,5,1+1+1+1+1,Vuskovic (BHA) + Thomas (COV) + Mendy (HUL) + Gvardiol (MCI) + O'Nien (SUN),Vuskovic,Thomas,Mendy,Gvardiol,O'Nien
gw4_19,Band 1: Budget (£20.5m-£22.5m),22.0,71.06,16.279,78.41,269.88,259.9,9.98,16.87,2.6,100.0,18.8,-0.0008,5,1+1+1+1+1,Calafiori (ARS) + Kayode (BRE) + Thomas (COV) + Greaves (IPS) + O'Nien (SUN),Calafiori,Kayode,Thomas,Greaves,O'Nien
gw4_19,Band 1: Budget (£20.5m-£22.5m),22.0,71.06,16.413,76.56,272.03,261.43,10.6,17.0,2.56,93.8,18.8,-0.0418,5,1+1+1+1+1,Vuskovic (BHA) + Thomas (COV) + Greaves (IPS) + Muharemović (LEE) + O'Nien (SUN),Vuskovic,Thomas,Greaves,Muharemović,O'Nien
gw4_19,Band 1: Budget (£20.5m-£22.5m),22.5,71.04,16.113,80.61,269.59,259.71,9.88,16.85,2.54,100.0,12.5,-0.0999,5,1+1+1+1+1,Calafiori (ARS) + Pau (AVL) + Smith (BOU) + Thomas (COV) + O'Nien (SUN),Calafiori,Pau,Smith,Thomas,O'Nien
gw4_19,Band 1: Budget (£20.5m-£22.5m),22.5,71.04,16.2,79.43,270.98,260.92,10.06,16.94,2.56,100.0,12.5,-0.0068,5,1+1+1+1+1,Calafiori (ARS) + Pau (AVL) + Thomas (COV) + Mingueza (CRY) + Greaves (IPS),Calafiori,Pau,Thomas,Mingueza,Greaves
gw4_19,Band 1: Budget (£20.5m-£22.5m),22.5,71.03,16.388,76.83,273.99,263.24,10.75,17.12,2.54,93.8,18.8,-0.0132,5,1+1+1+1+1,Pau (AVL) + Vuskovic (BHA) + Thomas (COV) + Greaves (IPS) + Muharemović (LEE),Pau,Vuskovic,Thomas,Greaves,Muharemović
gw4_19,Band 1: Budget (£20.5m-£22.5m),22.5,70.98,16.444,75.94,274.88,264.67,10.21,17.18,2.58,93.8,18.8,-0.0233,5,1+1+1+1+1,Vuskovic (BHA) + Thomas (COV) + Mendy (HUL) + Greaves (IPS) + Gvardiol (MCI),Vuskovic,Thomas,Mendy,Greaves,Gvardiol
gw4_19,Band 1: Budget (£20.5m-£22.5m),21.5,70.96,16.347,77.22,268.62,258.82,9.8,16.79,2.65,100.0,12.5,0.0287,5,1+1+1+1+1,Calafiori (ARS) + Thomas (COV) + Mendy (HUL) + Greaves (IPS) + O'Nien (SUN),Calafiori,Thomas,Mendy,Greaves,O'Nien
gw4_19,Band 1: Budget (£20.5m-£22.5m),22.0,70.94,16.207,79.08,268.73,259.41,9.32,16.8,2.6,100.0,12.5,-0.0905,5,1+1+1+1+1,Calafiori (ARS) + De Cuyper (BHA) + Thomas (COV) + Mendy (HUL) + O'Nien (SUN),Calafiori,De Cuyper,Thomas,Mendy,O'Nien
gw4_19,Band 1: Budget (£20.5m-£22.5m),22.5,70.91,16.369,76.78,273.68,263.16,10.52,17.1,2.56,93.8,18.8,-0.0712,5,1+1+1+1+1,Calafiori (ARS) + Thomas (COV) + Justin (LEE) + Aina (NFO) + O'Nien (SUN),Calafiori,Thomas,Justin,Aina,O'Nien
gw4_19,Band 1: Budget (£20.5m-£22.5m),22.0,70.9,16.187,79.24,268.42,258.6,9.82,16.78,2.58,100.0,18.8,-0.0469,5,1+1+1+1+1,Calafiori (ARS) + Smith (BOU) + Thomas (COV) + Greaves (IPS) + O'Nien (SUN),Calafiori,Smith,Thomas,Greaves,O'Nien
gw4_19,Band 1: Budget (£20.5m-£22.5m),22.5,70.9,16.432,75.92,274.69,264.46,10.23,17.17,2.58,93.8,12.5,-0.0203,5,1+1+1+1+1,Calafiori (ARS) + Pau (AVL) + De Cuyper (BHA) + Thomas (COV) + Greaves (IPS),Calafiori,Pau,De Cuyper,Thomas,Greaves
gw4_19,Band 1: Budget (£20.5m-£22.5m),22.5,70.85,16.036,81.16,268.36,259.15,9.21,16.77,2.52,100.0,18.8,-0.1088,5,1+1+1+1+1,Calafiori (ARS) + Smith (BOU) + Thomas (COV) + O'Nien (SUN) + Robertson (TOT),Calafiori,Smith,Thomas,O'Nien,Robertson
gw4_19,Band 2: Mid-Value (£23.0m-£24.0m),24.0,81.14,17.94,80.94,305.89,294.6,11.28,19.12,2.54,100.0,12.5,-0.1437,5,1+1+1+1+1,Calafiori (ARS) + Vuskovic (BHA) + Thomas (COV) + Gvardiol (MCI) + O'Nien (SUN),Calafiori,Vuskovic,Thomas,Gvardiol,O'Nien
gw4_19,Band 2: Mid-Value (£23.0m-£24.0m),24.0,80.68,17.911,80.18,305.42,294.6,10.81,19.09,2.56,100.0,12.5,-0.1072,5,1+1+1+1+1,Calafiori (ARS) + Vuskovic (BHA) + Thomas (COV) + Mendy (HUL) + Gvardiol (MCI),Calafiori,Vuskovic,Thomas,Mendy,Gvardiol
gw4_19,Band 2: Mid-Value (£23.0m-£24.0m),24.0,80.61,17.893,80.25,305.13,294.2,10.93,19.07,2.56,100.0,6.2,-0.1172,5,1+1+1+1+1,Calafiori (ARS) + Vuskovic (BHA) + Hill (BOU) + Thomas (COV) + Mendy (HUL),Calafiori,Vuskovic,Hill,Thomas,Mendy
gw4_19,Band 2: Mid-Value (£23.0m-£24.0m),23.5,80.42,17.852,80.35,302.12,291.01,11.12,18.88,2.56,100.0,12.5,-0.1295,5,1+1+1+1+1,Calafiori (ARS) + Vuskovic (BHA) + Thomas (COV) + Muharemović (LEE) + O'Nien (SUN),Calafiori,Vuskovic,Thomas,Muharemović,O'Nien
gw4_19,Band 2: Mid-Value (£23.0m-£24.0m),24.0,80.4,17.835,80.52,304.21,293.35,10.86,19.01,2.56,100.0,12.5,-0.1533,5,1+1+1+1+1,Calafiori (ARS) + Vuskovic (BHA) + Greaves (IPS) + Gvardiol (MCI) + O'Nien (SUN),Calafiori,Vuskovic,Greaves,Gvardiol,O'Nien
gw4_19,Band 2: Mid-Value (£23.0m-£24.0m),24.0,80.4,17.797,81.05,303.6,292.29,11.31,18.97,2.54,100.0,12.5,-0.1582,5,1+1+1+1+1,Calafiori (ARS) + Pau (AVL) + Vuskovic (BHA) + Thomas (COV) + Muharemović (LEE),Calafiori,Pau,Vuskovic,Thomas,Muharemović
gw4_19,Band 2: Mid-Value (£23.0m-£24.0m),24.0,80.26,17.85,79.96,304.44,294.21,10.22,19.03,2.58,100.0,6.2,-0.1432,5,1+1+1+1+1,Calafiori (ARS) + Vuskovic (BHA) + Hill (BOU) + Mendy (HUL) + Greaves (IPS),Calafiori,Vuskovic,Hill,Mendy,Greaves
gw4_19,Band 2: Mid-Value (£23.0m-£24.0m),24.0,79.92,17.798,79.84,303.6,293.35,10.26,18.98,2.58,100.0,12.5,-0.127,5,1+1+1+1+1,Calafiori (ARS) + Vuskovic (BHA) + Mendy (HUL) + Greaves (IPS) + Gvardiol (MCI),Calafiori,Vuskovic,Mendy,Greaves,Gvardiol
gw4_19,Band 2: Mid-Value (£23.0m-£24.0m),23.5,79.73,17.755,79.93,300.56,289.88,10.68,18.79,2.58,100.0,6.2,-0.1394,5,1+1+1+1+1,Calafiori (ARS) + Vuskovic (BHA) + Greaves (IPS) + Muharemović (LEE) + O'Nien (SUN),Calafiori,Vuskovic,Greaves,Muharemović,O'Nien
gw4_19,Band 2: Mid-Value (£23.0m-£24.0m),24.0,79.71,17.672,81.02,301.6,291.01,10.59,18.85,2.52,100.0,12.5,-0.0897,5,1+1+1+1+1,Calafiori (ARS) + Vuskovic (BHA) + Smith (BOU) + Thomas (COV) + Muharemović (LEE),Calafiori,Vuskovic,Smith,Thomas,Muharemović
gw4_19,Band 2: Mid-Value (£23.0m-£24.0m),23.5,79.62,17.654,81.05,298.95,287.87,11.07,18.68,2.54,100.0,12.5,-0.1582,5,1+1+1+1+1,Calafiori (ARS) + Pau (AVL) + Vuskovic (BHA) + Thomas (COV) + Justin (LEE),Calafiori,Pau,Vuskovic,Thomas,Justin
gw4_19,Band 2: Mid-Value (£23.0m-£24.0m),24.0,79.59,17.681,80.61,301.74,291.01,10.73,18.86,2.54,100.0,12.5,-0.0998,5,1+1+1+1+1,Calafiori (ARS) + Vuskovic (BHA) + Thomas (COV) + Mykolenko (EVE) + Muharemović (LEE),Calafiori,Vuskovic,Thomas,Mykolenko,Muharemović
gw4_19,Band 2: Mid-Value (£23.0m-£24.0m),24.0,79.56,17.698,80.28,302.01,291.15,10.87,18.88,2.56,100.0,6.2,-0.1207,5,1+1+1+1+1,Calafiori (ARS) + Pau (AVL) + Vuskovic (BHA) + Greaves (IPS) + Muharemović (LEE),Calafiori,Pau,Vuskovic,Greaves,Muharemović
gw4_19,Band 2: Mid-Value (£23.0m-£24.0m),24.0,79.54,17.689,80.35,301.87,291.01,10.87,18.87,2.56,100.0,12.5,-0.1295,5,1+1+1+1+1,Calafiori (ARS) + Vuskovic (BHA) + Thomas (COV) + Muharemović (LEE) + Hume (SUN),Calafiori,Vuskovic,Thomas,Muharemović,Hume
gw4_19,Band 2: Mid-Value (£23.0m-£24.0m),24.0,79.5,17.945,76.76,305.97,294.6,11.37,19.12,2.56,93.8,18.8,-0.0682,5,1+1+1+1+1,Calafiori (ARS) + Vuskovic (BHA) + Thomas (COV) + Greaves (IPS) + Gvardiol (MCI),Calafiori,Vuskovic,Thomas,Greaves,Gvardiol
gw4_19,Band 2: Mid-Value (£23.0m-£24.0m),24.0,79.47,17.923,77.0,305.6,294.2,11.4,19.1,2.56,93.8,12.5,-0.1,5,1+1+1+1+1,Calafiori (ARS) + Vuskovic (BHA) + Hill (BOU) + Thomas (COV) + O'Nien (SUN),Calafiori,Vuskovic,Hill,Thomas,O'Nien
gw4_19,Band 2: Mid-Value (£23.0m-£24.0m),23.0,79.43,17.669,80.35,296.84,285.9,10.94,18.55,2.56,100.0,12.5,-0.1295,5,1+1+1+1+1,Calafiori (ARS) + Vuskovic (BHA) + Thomas (COV) + Justin (LEE) + O'Nien (SUN),Calafiori,Vuskovic,Thomas,Justin,O'Nien
gw4_19,Band 2: Mid-Value (£23.0m-£24.0m),24.0,79.42,17.938,76.67,305.85,294.38,11.47,19.12,2.56,93.8,18.8,-0.0563,5,1+1+1+1+1,Calafiori (ARS) + Vuskovic (BHA) + Hill (BOU) + Thomas (COV) + Greaves (IPS),Calafiori,Vuskovic,Hill,Thomas,Greaves
gw4_19,Band 2: Mid-Value (£23.0m-£24.0m),23.0,79.36,17.676,80.11,296.94,286.26,10.68,18.56,2.56,100.0,12.5,-0.0975,5,1+1+1+1+1,Calafiori (ARS) + Pau (AVL) + Vuskovic (BHA) + Thomas (COV) + O'Nien (SUN),Calafiori,Pau,Vuskovic,Thomas,O'Nien
gw4_19,Band 2: Mid-Value (£23.0m-£24.0m),24.0,79.36,17.685,79.98,301.8,291.01,10.79,18.86,2.56,100.0,12.5,-0.0808,5,1+1+1+1+1,Calafiori (ARS) + Vuskovic (BHA) + Kayode (BRE) + Thomas (COV) + Muharemović (LEE),Calafiori,Vuskovic,Kayode,Thomas,Muharemović
gw4_19,Band 2: Mid-Value (£23.0m-£24.0m),24.0,79.35,17.634,80.64,300.99,290.63,10.36,18.81,2.56,100.0,0.0,-0.1693,5,1+1+1+1+1,Calafiori (ARS) + Vuskovic (BHA) + Muharemović (LEE) + O'Nien (SUN) + Robertson (TOT),Calafiori,Vuskovic,Muharemović,O'Nien,Robertson
gw4_19,Band 2: Mid-Value (£23.0m-£24.0m),23.5,79.35,17.712,79.59,299.87,289.88,9.99,18.74,2.6,100.0,0.0,-0.1579,5,1+1+1+1+1,Calafiori (ARS) + Vuskovic (BHA) + Mendy (HUL) + Greaves (IPS) + Muharemović (LEE),Calafiori,Vuskovic,Mendy,Greaves,Muharemović
gw4_19,Band 2: Mid-Value (£23.0m-£24.0m),24.0,79.29,17.643,80.37,301.13,290.36,10.76,18.82,2.56,100.0,6.2,-0.1328,5,1+1+1+1+1,Calafiori (ARS) + Pau (AVL) + Vuskovic (BHA) + Muharemović (LEE) + O'Nien (SUN),Calafiori,Pau,Vuskovic,Muharemović,O'Nien
gw4_19,Band 2: Mid-Value (£23.0m-£24.0m),24.0,79.13,17.888,76.63,305.04,294.21,10.83,19.07,2.58,93.8,12.5,-0.1158,5,1+1+1+1+1,Calafiori (ARS) + Vuskovic (BHA) + Hill (BOU) + Greaves (IPS) + O'Nien (SUN),Calafiori,Vuskovic,Hill,Greaves,O'Nien
gw4_19,Band 2: Mid-Value (£23.0m-£24.0m),23.5,79.06,17.566,80.86,297.54,286.73,10.81,18.6,2.54,100.0,0.0,-0.1328,5,1+1+1+1+1,Calafiori (ARS) + Pau (AVL) + Vuskovic (BHA) + Thomas (COV) + Aina (NFO),Calafiori,Pau,Vuskovic,Thomas,Aina
gw4_19,Band 2: Mid-Value (£23.0m-£24.0m),24.0,78.98,17.566,80.65,299.89,289.88,10.01,18.74,2.54,100.0,6.2,-0.1057,5,1+1+1+1+1,Calafiori (ARS) + Vuskovic (BHA) + Smith (BOU) + Greaves (IPS) + Muharemović (LEE),Calafiori,Vuskovic,Smith,Greaves,Muharemović
gw4_19,Band 2: Mid-Value (£23.0m-£24.0m),23.5,78.96,17.873,76.42,302.45,291.17,11.28,18.9,2.58,93.8,12.5,-0.0873,5,1+1+1+1+1,Calafiori (ARS) + Vuskovic (BHA) + Thomas (COV) + Greaves (IPS) + Muharemović (LEE),Calafiori,Vuskovic,Thomas,Greaves,Muharemović
gw4_19,Band 2: Mid-Value (£23.0m-£24.0m),24.0,78.82,17.588,79.93,300.26,289.88,10.38,18.77,2.58,100.0,6.2,-0.1394,5,1+1+1+1+1,Calafiori (ARS) + Vuskovic (BHA) + Greaves (IPS) + Muharemović (LEE) + Hume (SUN),Calafiori,Vuskovic,Greaves,Muharemović,Hume
gw4_19,Band 2: Mid-Value (£23.0m-£24.0m),24.0,78.81,17.562,80.27,299.83,289.21,10.62,18.74,2.56,100.0,6.2,-0.1197,5,1+1+1+1+1,Calafiori (ARS) + Vuskovic (BHA) + Muharemović (LEE) + Aina (NFO) + O'Nien (SUN),Calafiori,Vuskovic,Muharemović,Aina,O'Nien
gw4_19,Band 2: Mid-Value (£23.0m-£24.0m),23.5,78.79,17.618,79.45,298.37,288.43,9.94,18.65,2.6,100.0,0.0,-0.1398,5,1+1+1+1+1,Calafiori (ARS) + Vuskovic (BHA) + Mendy (HUL) + Muharemović (LEE) + O'Nien (SUN),Calafiori,Vuskovic,Mendy,Muharemović,O'Nien
gw4_19,Band 2: Mid-Value (£23.0m-£24.0m),23.0,78.66,17.547,80.08,294.89,284.18,10.71,18.43,2.56,100.0,18.8,-0.0945,5,1+1+1+1+1,Calafiori (ARS) + Vuskovic (BHA) + Thomas (COV) + Aina (NFO) + O'Nien (SUN),Calafiori,Vuskovic,Thomas,Aina,O'Nien
gw4_19,Band 2: Mid-Value (£23.0m-£24.0m),23.5,78.66,17.48,81.02,296.17,285.78,10.4,18.51,2.52,100.0,12.5,-0.0897,5,1+1+1+1+1,Calafiori (ARS) + Vuskovic (BHA) + Smith (BOU) + Thomas (COV) + Justin (LEE),Calafiori,Vuskovic,Smith,Thomas,Justin
gw4_19,Band 2: Mid-Value (£23.0m-£24.0m),24.0,78.62,17.771,76.94,303.17,292.22,10.95,18.95,2.56,93.8,6.2,-0.092,5,1+1+1+1+1,Calafiori (ARS) + Vuskovic (BHA) + Thomas (COV) + Muharemović (LEE) + Robertson (TOT),Calafiori,Vuskovic,Thomas,Muharemović,Robertson
gw4_19,Band 2: Mid-Value (£23.0m-£24.0m),23.5,78.62,17.818,76.31,301.57,291.01,10.56,18.85,2.6,93.8,6.2,-0.1379,5,1+1+1+1+1,Calafiori (ARS) + Vuskovic (BHA) + Thomas (COV) + Mendy (HUL) + Muharemović (LEE),Calafiori,Vuskovic,Thomas,Mendy,Muharemović
gw4_19,Band 2: Mid-Value (£23.0m-£24.0m),23.5,78.55,17.489,80.61,296.32,285.78,10.54,18.52,2.54,100.0,12.5,-0.0998,5,1+1+1+1+1,Calafiori (ARS) + Vuskovic (BHA) + Thomas (COV) + Mykolenko (EVE) + Justin (LEE),Calafiori,Vuskovic,Thomas,Mykolenko,Justin
gw4_19,Band 2: Mid-Value (£23.0m-£24.0m),24.0,78.55,17.811,76.23,303.82,293.77,10.05,18.99,2.6,93.8,6.2,-0.1265,5,1+1+1+1+1,Calafiori (ARS) + Vuskovic (BHA) + Hill (BOU) + Mendy (HUL) + O'Nien (SUN),Calafiori,Vuskovic,Hill,Mendy,O'Nien
gw4_19,Band 2: Mid-Value (£23.0m-£24.0m),24.0,78.54,17.566,79.54,299.9,289.88,10.02,18.74,2.58,100.0,12.5,-0.0865,5,1+1+1+1+1,Calafiori (ARS) + Vuskovic (BHA) + Mingueza (CRY) + Greaves (IPS) + Muharemović (LEE),Calafiori,Vuskovic,Mingueza,Greaves,Muharemović
gw4_19,Band 2: Mid-Value (£23.0m-£24.0m),23.0,78.52,17.534,79.93,294.68,284.12,10.56,18.42,2.58,100.0,6.2,-0.1394,5,1+1+1+1+1,Calafiori (ARS) + Vuskovic (BHA) + Greaves (IPS) + Justin (LEE) + O'Nien (SUN),Calafiori,Vuskovic,Greaves,Justin,O'Nien
gw4_19,Band 2: Mid-Value (£23.0m-£24.0m),23.5,78.51,17.501,80.35,296.51,285.94,10.57,18.53,2.56,100.0,0.0,-0.1304,5,1+1+1+1+1,Calafiori (ARS) + Pau (AVL) + Vuskovic (BHA) + Kayode (BRE) + Thomas (COV),Calafiori,Pau,Vuskovic,Kayode,Thomas
gw4_19,Band 2: Mid-Value (£23.0m-£24.0m),23.5,78.49,17.499,80.35,296.47,285.78,10.69,18.53,2.56,100.0,12.5,-0.1295,5,1+1+1+1+1,Calafiori (ARS) + Vuskovic (BHA) + Thomas (COV) + Justin (LEE) + Hume (SUN),Calafiori,Vuskovic,Thomas,Justin,Hume
gw4_19,Band 2: Mid-Value (£23.0m-£24.0m),23.5,78.45,17.495,80.28,296.4,285.63,10.78,18.53,2.56,100.0,6.2,-0.1207,5,1+1+1+1+1,Calafiori (ARS) + Pau (AVL) + Vuskovic (BHA) + Greaves (IPS) + Justin (LEE),Calafiori,Pau,Vuskovic,Greaves,Justin
gw4_19,Band 2: Mid-Value (£23.0m-£24.0m),23.5,78.45,17.508,80.11,296.61,286.18,10.43,18.54,2.56,100.0,12.5,-0.0975,5,1+1+1+1+1,Calafiori (ARS) + Pau (AVL) + Vuskovic (BHA) + Thomas (COV) + Hume (SUN),Calafiori,Pau,Vuskovic,Thomas,Hume
gw4_19,Band 2: Mid-Value (£23.0m-£24.0m),23.5,78.41,17.509,79.98,296.64,286.05,10.59,18.54,2.56,100.0,12.5,-0.0808,5,1+1+1+1+1,Calafiori (ARS) + Vuskovic (BHA) + Kayode (BRE) + Thomas (COV) + Justin (LEE),Calafiori,Vuskovic,Kayode,Thomas,Justin
gw4_19,Band 2: Mid-Value (£23.0m-£24.0m),24.0,78.41,17.712,77.22,302.23,291.01,11.22,18.89,2.56,93.8,6.2,-0.1292,5,1+1+1+1+1,Calafiori (ARS) + Vuskovic (BHA) + Thomas (COV) + Muharemović (LEE) + Aina (NFO),Calafiori,Vuskovic,Thomas,Muharemović,Aina
gw4_19,Band 2: Mid-Value (£23.0m-£24.0m),24.0,78.4,17.775,76.34,303.24,293.19,10.05,18.95,2.6,93.8,12.5,-0.1421,5,1+1+1+1+1,Calafiori (ARS) + Vuskovic (BHA) + Mendy (HUL) + Gvardiol (MCI) + O'Nien (SUN),Calafiori,Vuskovic,Mendy,Gvardiol,O'Nien
gw4_19,Band 2: Mid-Value (£23.0m-£24.0m),24.0,78.24,17.452,80.35,298.08,286.9,11.17,18.63,2.56,100.0,12.5,-0.1295,5,1+1+1+1+1,Calafiori (ARS) + Vuskovic (BHA) + Thomas (COV) + Justin (LEE) + Ballard (SUN),Calafiori,Vuskovic,Thomas,Justin,Ballard
gw4_19,Band 2: Mid-Value (£23.0m-£24.0m),23.5,78.24,17.43,80.64,295.37,285.16,10.2,18.46,2.56,100.0,0.0,-0.1693,5,1+1+1+1+1,Calafiori (ARS) + Vuskovic (BHA) + Justin (LEE) + O'Nien (SUN) + Robertson (TOT),Calafiori,Vuskovic,Justin,O'Nien,Robertson
gw4_19,Band 2: Mid-Value (£23.0m-£24.0m),24.0,78.23,17.413,80.86,297.45,286.78,10.67,18.59,2.54,100.0,0.0,-0.1328,5,1+1+1+1+1,Calafiori (ARS) + Pau (AVL) + Vuskovic (BHA) + Thomas (COV) + N.Williams (NFO),Calafiori,Pau,Vuskovic,Thomas,N.Williams
gw4_19,Band 2: Mid-Value (£23.0m-£24.0m),24.0,78.2,17.69,76.99,301.88,291.01,10.87,18.87,2.56,93.8,12.5,-0.0989,5,1+1+1+1+1,Calafiori (ARS) + Vuskovic (BHA) + Thomas (COV) + Castagne (FUL) + Muharemović (LEE),Calafiori,Vuskovic,Thomas,Castagne,Muharemović
gw4_19,Band 2: Mid-Value (£23.0m-£24.0m),23.5,78.19,17.441,80.37,295.55,284.94,10.61,18.47,2.56,100.0,6.2,-0.1328,5,1+1+1+1+1,Calafiori (ARS) + Pau (AVL) + Vuskovic (BHA) + Justin (LEE) + O'Nien (SUN),Calafiori,Pau,Vuskovic,Justin,O'Nien
gw4_19,Band 3: Single Anchor (£24.5m-£25.0m),25.0,81.6,18.025,80.94,311.96,300.66,11.3,19.5,2.54,100.0,12.5,-0.1437,5,1+1+1+1+1,Calafiori (ARS) + Vuskovic (BHA) + Thomas (COV) + O'Reilly (MCI) + O'Nien (SUN),Calafiori,Vuskovic,Thomas,O'Reilly,O'Nien
gw4_19,Band 3: Single Anchor (£24.5m-£25.0m),25.0,81.14,17.996,80.18,311.49,300.66,10.83,19.47,2.56,100.0,12.5,-0.1072,5,1+1+1+1+1,Calafiori (ARS) + Vuskovic (BHA) + Thomas (COV) + Mendy (HUL) + O'Reilly (MCI),Calafiori,Vuskovic,Thomas,Mendy,O'Reilly
gw4_19,Band 3: Single Anchor (£24.5m-£25.0m),25.0,80.95,17.865,81.48,309.4,297.39,12.01,19.34,2.52,100.0,12.5,-0.1511,5,1+1+1+1+1,Calafiori (ARS) + Vuskovic (BHA) + Thomas (COV) + Muharemović (LEE) + Gvardiol (MCI),Calafiori,Vuskovic,Thomas,Muharemović,Gvardiol
gw4_19,Band 3: Single Anchor (£24.5m-£25.0m),24.5,80.94,17.863,81.48,307.01,295.46,11.56,19.19,2.52,100.0,12.5,-0.1511,5,1+1+1+1+1,Calafiori (ARS) + Vuskovic (BHA) + Thomas (COV) + Justin (LEE) + Gvardiol (MCI),Calafiori,Vuskovic,Thomas,Justin,Gvardiol
gw4_19,Band 3: Single Anchor (£24.5m-£25.0m),25.0,80.93,17.932,80.52,310.46,299.61,10.85,19.4,2.56,100.0,12.5,-0.1533,5,1+1+1+1+1,Calafiori (ARS) + Vuskovic (BHA) + Greaves (IPS) + O'Reilly (MCI) + O'Nien (SUN),Calafiori,Vuskovic,Greaves,O'Reilly,O'Nien
gw4_19,Band 3: Single Anchor (£24.5m-£25.0m),25.0,80.45,17.894,79.84,309.85,299.61,10.25,19.37,2.58,100.0,12.5,-0.127,5,1+1+1+1+1,Calafiori (ARS) + Vuskovic (BHA) + Mendy (HUL) + Greaves (IPS) + O'Reilly (MCI),Calafiori,Vuskovic,Mendy,Greaves,O'Reilly
gw4_19,Band 3: Single Anchor (£24.5m-£25.0m),25.0,80.45,17.804,81.07,308.42,296.64,11.78,19.28,2.54,100.0,6.2,-0.1608,5,1+1+1+1+1,Calafiori (ARS) + Vuskovic (BHA) + Greaves (IPS) + Muharemović (LEE) + Gvardiol (MCI),Calafiori,Vuskovic,Greaves,Muharemović,Gvardiol
gw4_19,Band 3: Single Anchor (£24.5m-£25.0m),25.0,80.41,17.792,81.14,308.23,296.64,11.59,19.26,2.54,100.0,6.2,-0.1712,5,1+1+1+1+1,Calafiori (ARS) + Vuskovic (BHA) + Muharemović (LEE) + Gvardiol (MCI) + O'Nien (SUN),Calafiori,Vuskovic,Muharemović,Gvardiol,O'Nien
gw4_19,Band 3: Single Anchor (£24.5m-£25.0m),24.5,80.39,17.797,81.02,305.95,294.2,11.75,19.12,2.52,100.0,12.5,-0.0897,5,1+1+1+1+1,Calafiori (ARS) + Vuskovic (BHA) + Hill (BOU) + Thomas (COV) + Justin (LEE),Calafiori,Vuskovic,Hill,Thomas,Justin
gw4_19,Band 3: Single Anchor (£24.5m-£25.0m),24.5,80.37,17.78,81.2,305.68,294.2,11.47,19.1,2.52,100.0,6.2,-0.114,5,1+1+1+1+1,Calafiori (ARS) + Vuskovic (BHA) + Hill (BOU) + Thomas (COV) + Aina (NFO),Calafiori,Vuskovic,Hill,Thomas,Aina
gw4_19,Band 3: Single Anchor (£24.5m-£25.0m),24.5,80.34,17.785,81.07,305.75,294.46,11.29,19.11,2.54,100.0,6.2,-0.1608,5,1+1+1+1+1,Calafiori (ARS) + Vuskovic (BHA) + Greaves (IPS) + Justin (LEE) + Gvardiol (MCI),Calafiori,Vuskovic,Greaves,Justin,Gvardiol
gw4_19,Band 3: Single Anchor (£24.5m-£25.0m),24.5,80.26,17.779,80.94,305.66,294.6,11.06,19.1,2.54,100.0,12.5,-0.1437,5,1+1+1+1+1,Calafiori (ARS) + Vuskovic (BHA) + Thomas (COV) + Gvardiol (MCI) + Hume (SUN),Calafiori,Vuskovic,Thomas,Gvardiol,Hume
gw4_19,Band 3: Single Anchor (£24.5m-£25.0m),24.5,80.25,17.762,81.14,305.4,294.31,11.08,19.09,2.54,100.0,6.2,-0.1712,5,1+1+1+1+1,Calafiori (ARS) + Vuskovic (BHA) + Justin (LEE) + Gvardiol (MCI) + O'Nien (SUN),Calafiori,Vuskovic,Justin,Gvardiol,O'Nien
gw4_19,Band 3: Single Anchor (£24.5m-£25.0m),24.5,80.13,17.775,80.65,305.6,294.21,11.39,19.1,2.54,100.0,6.2,-0.1057,5,1+1+1+1+1,Calafiori (ARS) + Vuskovic (BHA) + Hill (BOU) + Greaves (IPS) + Justin (LEE),Calafiori,Vuskovic,Hill,Greaves,Justin
gw4_19,Band 3: Single Anchor (£24.5m-£25.0m),25.0,80.07,17.739,81.02,307.37,295.03,12.34,19.21,2.52,100.0,12.5,-0.0897,5,1+1+1+1+1,Calafiori (ARS) + Vuskovic (BHA) + Hill (BOU) + Thomas (COV) + Muharemović (LEE),Calafiori,Vuskovic,Hill,Thomas,Muharemović
gw4_19,Band 3: Single Anchor (£24.5m-£25.0m),24.5,80.0,17.746,80.73,305.14,294.21,10.93,19.07,2.54,100.0,6.2,-0.1157,5,1+1+1+1+1,Calafiori (ARS) + Vuskovic (BHA) + Hill (BOU) + Greaves (IPS) + Aina (NFO),Calafiori,Vuskovic,Hill,Greaves,Aina
gw4_19,Band 3: Single Anchor (£24.5m-£25.0m),24.5,79.99,17.765,80.45,305.44,294.6,10.84,19.09,2.54,100.0,12.5,-0.0783,5,1+1+1+1+1,Calafiori (ARS) + Vuskovic (BHA) + Thomas (COV) + Mingueza (CRY) + Gvardiol (MCI),Calafiori,Vuskovic,Thomas,Mingueza,Gvardiol
gw4_19,Band 3: Single Anchor (£24.5m-£25.0m),25.0,79.98,17.759,80.51,307.71,296.64,11.07,19.23,2.56,100.0,12.5,-0.1519,5,1+1+1+1+1,Calafiori (ARS) + Vuskovic (BHA) + Mendy (HUL) + Muharemović (LEE) + Gvardiol (MCI),Calafiori,Vuskovic,Mendy,Muharemović,Gvardiol
gw4_19,Band 3: Single Anchor (£24.5m-£25.0m),25.0,79.96,18.031,76.76,312.05,300.66,11.39,19.5,2.56,93.8,18.8,-0.0682,5,1+1+1+1+1,Calafiori (ARS) + Vuskovic (BHA) + Thomas (COV) + Greaves (IPS) + O'Reilly (MCI),Calafiori,Vuskovic,Thomas,Greaves,O'Reilly
gw4_19,Band 3: Single Anchor (£24.5m-£25.0m),25.0,79.87,17.729,80.65,307.21,295.17,12.04,19.2,2.54,100.0,6.2,-0.1057,5,1+1+1+1+1,Calafiori (ARS) + Vuskovic (BHA) + Hill (BOU) + Greaves (IPS) + Muharemović (LEE),Calafiori,Vuskovic,Hill,Greaves,Muharemović
gw4_19,Band 3: Single Anchor (£24.5m-£25.0m),24.5,79.81,17.747,80.23,305.16,294.2,10.95,19.07,2.54,100.0,6.2,-0.0497,5,1+1+1+1+1,Calafiori (ARS) + Vuskovic (BHA) + Hill (BOU) + Thomas (COV) + Mingueza (CRY),Calafiori,Vuskovic,Hill,Thomas,Mingueza
gw4_19,Band 3: Single Anchor (£24.5m-£25.0m),24.5,79.79,17.724,80.51,304.78,294.24,10.54,19.05,2.56,100.0,12.5,-0.1519,5,1+1+1+1+1,Calafiori (ARS) + Vuskovic (BHA) + Mendy (HUL) + Justin (LEE) + Gvardiol (MCI),Calafiori,Vuskovic,Mendy,Justin,Gvardiol
gw4_19,Band 3: Single Anchor (£24.5m-£25.0m),25.0,79.64,17.665,80.94,306.2,294.65,11.54,19.14,2.54,100.0,12.5,-0.1437,5,1+1+1+1+1,Calafiori (ARS) + Vuskovic (BHA) + Thomas (COV) + Gvardiol (MCI) + Ballard (SUN),Calafiori,Vuskovic,Thomas,Gvardiol,Ballard
gw4_19,Band 3: Single Anchor (£24.5m-£25.0m),24.5,79.58,17.704,80.25,304.46,294.21,10.25,19.03,2.56,100.0,0.0,-0.117,5,1+1+1+1+1,Calafiori (ARS) + Vuskovic (BHA) + Hill (BOU) + Mingueza (CRY) + Greaves (IPS),Calafiori,Vuskovic,Hill,Mingueza,Greaves
gw4_19,Band 3: Single Anchor (£24.5m-£25.0m),24.5,79.55,17.698,80.26,304.37,293.69,10.67,19.02,2.56,100.0,6.2,-0.1186,5,1+1+1+1+1,Calafiori (ARS) + Vuskovic (BHA) + Hill (BOU) + Mendy (HUL) + Justin (LEE),Calafiori,Vuskovic,Hill,Mendy,Justin
gw4_19,Band 3: Single Anchor (£24.5m-£25.0m),25.0,79.54,17.627,81.2,305.58,294.2,11.38,19.1,2.52,100.0,6.2,-0.114,5,1+1+1+1+1,Calafiori (ARS) + Vuskovic (BHA) + Hill (BOU) + Thomas (COV) + N.Williams (NFO),Calafiori,Vuskovic,Hill,Thomas,N.Williams
gw4_19,Band 3: Single Anchor (£24.5m-£25.0m),25.0,79.54,17.683,80.45,306.48,295.0,11.47,19.15,2.54,100.0,12.5,-0.0783,5,1+1+1+1+1,Calafiori (ARS) + Vuskovic (BHA) + Thomas (COV) + Canvot (CRY) + Gvardiol (MCI),Calafiori,Vuskovic,Thomas,Canvot,Gvardiol
gw4_19,Band 3: Single Anchor (£24.5m-£25.0m),24.5,79.51,17.671,80.52,303.93,293.35,10.58,19.0,2.56,100.0,12.5,-0.1533,5,1+1+1+1+1,Calafiori (ARS) + Vuskovic (BHA) + Greaves (IPS) + Gvardiol (MCI) + Hume (SUN),Calafiori,Vuskovic,Greaves,Gvardiol,Hume
gw4_19,Band 3: Single Anchor (£24.5m-£25.0m),24.5,79.43,17.863,77.71,307.01,295.5,11.51,19.19,2.54,93.8,12.5,-0.1304,5,1+1+1+1+1,Calafiori (ARS) + Pau (AVL) + Vuskovic (BHA) + Thomas (COV) + Gvardiol (MCI),Calafiori,Pau,Vuskovic,Thomas,Gvardiol
gw4_19,Band 3: Single Anchor (£24.5m-£25.0m),25.0,79.42,17.674,80.26,306.34,295.01,11.34,19.15,2.56,100.0,6.2,-0.1186,5,1+1+1+1+1,Calafiori (ARS) + Vuskovic (BHA) + Hill (BOU) + Mendy (HUL) + Muharemović (LEE),Calafiori,Vuskovic,Hill,Mendy,Muharemović
gw4_19,Band 3: Single Anchor (£24.5m-£25.0m),24.5,79.37,17.654,80.42,303.67,293.39,10.28,18.98,2.56,100.0,6.2,-0.1393,5,1+1+1+1+1,Calafiori (ARS) + Vuskovic (BHA) + Mingueza (CRY) + Greaves (IPS) + Gvardiol (MCI),Calafiori,Vuskovic,Mingueza,Greaves,Gvardiol
gw4_19,Band 3: Single Anchor (£24.5m-£25.0m),25.0,79.34,17.595,81.14,305.07,294.24,10.83,19.07,2.54,100.0,6.2,-0.1712,5,1+1+1+1+1,Calafiori (ARS) + Vuskovic (BHA) + Justin (LEE) + Gvardiol (MCI) + Hume (SUN),Calafiori,Vuskovic,Justin,Gvardiol,Hume
gw4_19,Band 3: Single Anchor (£24.5m-£25.0m),24.5,79.33,17.661,80.22,303.78,293.54,10.24,18.99,2.56,100.0,0.0,-0.1124,5,1+1+1+1+1,Calafiori (ARS) + Vuskovic (BHA) + Hill (BOU) + Mendy (HUL) + Aina (NFO),Calafiori,Vuskovic,Hill,Mendy,Aina
gw4_19,Band 3: Single Anchor (£24.5m-£25.0m),25.0,79.28,17.592,81.03,305.03,293.69,11.34,19.06,2.52,100.0,12.5,-0.0913,5,1+1+1+1+1,Calafiori (ARS) + Vuskovic (BHA) + Hill (BOU) + Justin (LEE) + Aina (NFO),Calafiori,Vuskovic,Hill,Justin,Aina
gw4_19,Band 3: Single Anchor (£24.5m-£25.0m),24.5,79.27,17.635,80.43,303.36,293.24,10.11,18.96,2.56,100.0,6.2,-0.1405,5,1+1+1+1+1,Calafiori (ARS) + Vuskovic (BHA) + Mingueza (CRY) + Gvardiol (MCI) + O'Nien (SUN),Calafiori,Vuskovic,Mingueza,Gvardiol,O'Nien
gw4_19,Band 3: Single Anchor (£24.5m-£25.0m),25.0,79.23,17.641,80.23,305.81,294.2,11.61,19.11,2.54,100.0,6.2,-0.0497,5,1+1+1+1+1,Calafiori (ARS) + Vuskovic (BHA) + Hill (BOU) + Thomas (COV) + Canvot (CRY),Calafiori,Vuskovic,Hill,Thomas,Canvot
gw4_19,Band 3: Single Anchor (£24.5m-£25.0m),24.5,79.22,17.83,77.64,306.48,294.83,11.65,19.16,2.54,93.8,6.2,-0.1209,5,1+1+1+1+1,Calafiori (ARS) + Pau (AVL) + Vuskovic (BHA) + Hill (BOU) + Thomas (COV),Calafiori,Pau,Vuskovic,Hill,Thomas
gw4_19,Band 3: Single Anchor (£24.5m-£25.0m),25.0,79.15,17.59,80.73,304.99,294.21,10.78,19.06,2.54,100.0,6.2,-0.1157,5,1+1+1+1+1,Calafiori (ARS) + Vuskovic (BHA) + Hill (BOU) + Greaves (IPS) + N.Williams (NFO),Calafiori,Vuskovic,Hill,Greaves,N.Williams
gw4_19,Band 3: Single Anchor (£24.5m-£25.0m),25.0,79.11,17.619,80.25,305.45,294.21,11.24,19.09,2.56,100.0,0.0,-0.117,5,1+1+1+1+1,Calafiori (ARS) + Vuskovic (BHA) + Hill (BOU) + Canvot (CRY) + Greaves (IPS),Calafiori,Vuskovic,Hill,Canvot,Greaves
gw4_19,Band 3: Single Anchor (£24.5m-£25.0m),24.5,79.1,17.567,80.94,302.27,291.05,11.23,18.89,2.54,100.0,12.5,-0.1437,5,1+1+1+1+1,Calafiori (ARS) + Vuskovic (BHA) + Thomas (COV) + Guéhi (MCI) + O'Nien (SUN),Calafiori,Vuskovic,Thomas,Guéhi,O'Nien
gw4_19,Band 3: Single Anchor (£24.5m-£25.0m),25.0,79.1,17.605,80.42,305.24,294.04,11.19,19.08,2.56,100.0,6.2,-0.1393,5,1+1+1+1+1,Calafiori (ARS) + Vuskovic (BHA) + Canvot (CRY) + Greaves (IPS) + Gvardiol (MCI),Calafiori,Vuskovic,Canvot,Greaves,Gvardiol
gw4_19,Band 3: Single Anchor (£24.5m-£25.0m),25.0,79.04,17.586,80.52,304.94,293.79,11.15,19.06,2.56,100.0,12.5,-0.1533,5,1+1+1+1+1,Calafiori (ARS) + Vuskovic (BHA) + Greaves (IPS) + Gvardiol (MCI) + Ballard (SUN),Calafiori,Vuskovic,Greaves,Gvardiol,Ballard
gw4_19,Band 3: Single Anchor (£24.5m-£25.0m),24.5,79.02,17.573,80.64,302.38,291.33,11.04,18.9,2.56,100.0,0.0,-0.1693,5,1+1+1+1+1,Calafiori (ARS) + Vuskovic (BHA) + Muharemović (LEE) + O'Nien (SUN) + Van Hecke (TOT),Calafiori,Vuskovic,Muharemović,O'Nien,Van Hecke
gw4_19,Band 3: Single Anchor (£24.5m-£25.0m),25.0,78.98,17.581,80.43,304.85,293.9,10.96,19.05,2.56,100.0,6.2,-0.1405,5,1+1+1+1+1,Calafiori (ARS) + Vuskovic (BHA) + Canvot (CRY) + Gvardiol (MCI) + O'Nien (SUN),Calafiori,Vuskovic,Canvot,Gvardiol,O'Nien
gw4_19,Band 3: Single Anchor (£24.5m-£25.0m),24.5,78.95,17.797,77.42,305.96,294.6,11.36,19.12,2.54,93.8,6.2,-0.0908,5,1+1+1+1+1,Calafiori (ARS) + Vuskovic (BHA) + Thomas (COV) + Gvardiol (MCI) + Aina (NFO),Calafiori,Vuskovic,Thomas,Gvardiol,Aina
gw4_19,Band 3: Single Anchor (£24.5m-£25.0m),24.5,78.94,17.527,81.07,301.63,290.73,10.91,18.85,2.54,100.0,6.2,-0.1611,5,1+1+1+1+1,Calafiori (ARS) + Pau (AVL) + Vuskovic (BHA) + Muharemović (LEE) + Aina (NFO),Calafiori,Pau,Vuskovic,Muharemović,Aina
gw4_19,Band 3: Single Anchor (£24.5m-£25.0m),24.5,78.94,17.532,81.02,301.71,291.01,10.7,18.86,2.52,100.0,12.5,-0.0897,5,1+1+1+1+1,Calafiori (ARS) + Vuskovic (BHA) + Silva (BOU) + Thomas (COV) + Muharemović (LEE),Calafiori,Vuskovic,Silva,Thomas,Muharemović
gw4_19,Band 3: Single Anchor (£24.5m-£25.0m),24.5,78.93,17.578,80.35,302.45,291.06,11.4,18.9,2.56,100.0,12.5,-0.1295,5,1+1+1+1+1,Calafiori (ARS) + Vuskovic (BHA) + Thomas (COV) + Muharemović (LEE) + Ballard (SUN),Calafiori,Vuskovic,Thomas,Muharemović,Ballard
gw4_19,Band 3: Single Anchor (£24.5m-£25.0m),25.0,78.93,17.494,81.48,303.47,291.95,11.51,18.97,2.52,100.0,12.5,-0.1511,5,1+1+1+1+1,Calafiori (ARS) + Vuskovic (BHA) + Thomas (COV) + Justin (LEE) + Guéhi (MCI),Calafiori,Vuskovic,Thomas,Justin,Guéhi
gw4_19,Band 3: Single Anchor (£24.5m-£25.0m),25.0,78.92,17.563,80.52,304.57,293.6,10.96,19.04,2.56,100.0,6.2,-0.1528,5,1+1+1+1+1,Calafiori (ARS) + Vuskovic (BHA) + Gvardiol (MCI) + Thiaw (NEW) + O'Nien (SUN),Calafiori,Vuskovic,Gvardiol,Thiaw,O'Nien
gw4_19,Band 4: Premium / Dual Anchor (£25.5m-£26.0m),25.5,81.4,17.949,81.48,313.09,301.52,11.57,19.57,2.52,100.0,12.5,-0.1511,5,1+1+1+1+1,Calafiori (ARS) + Vuskovic (BHA) + Thomas (COV) + Justin (LEE) + O'Reilly (MCI),Calafiori,Vuskovic,Thomas,Justin,O'Reilly
gw4_19,Band 4: Premium / Dual Anchor (£25.5m-£26.0m),26.0,81.21,17.914,81.48,314.89,302.79,12.1,19.68,2.52,100.0,12.5,-0.1511,5,1+1+1+1+1,Calafiori (ARS) + Vuskovic (BHA) + Thomas (COV) + Muharemović (LEE) + O'Reilly (MCI),Calafiori,Vuskovic,Thomas,Muharemović,O'Reilly
gw4_19,Band 4: Premium / Dual Anchor (£25.5m-£26.0m),25.5,80.85,17.878,81.07,311.95,300.65,11.3,19.5,2.54,100.0,6.2,-0.1608,5,1+1+1+1+1,Calafiori (ARS) + Vuskovic (BHA) + Greaves (IPS) + Justin (LEE) + O'Reilly (MCI),Calafiori,Vuskovic,Greaves,Justin,O'Reilly
gw4_19,Band 4: Premium / Dual Anchor (£25.5m-£26.0m),25.5,80.76,17.855,81.14,311.59,300.51,11.08,19.47,2.54,100.0,6.2,-0.1712,5,1+1+1+1+1,Calafiori (ARS) + Vuskovic (BHA) + Justin (LEE) + O'Reilly (MCI) + O'Nien (SUN),Calafiori,Vuskovic,Justin,O'Reilly,O'Nien
gw4_19,Band 4: Premium / Dual Anchor (£25.5m-£26.0m),26.0,80.74,17.858,81.07,313.99,302.11,11.88,19.62,2.54,100.0,6.2,-0.1608,5,1+1+1+1+1,Calafiori (ARS) + Vuskovic (BHA) + Greaves (IPS) + Muharemović (LEE) + O'Reilly (MCI),Calafiori,Vuskovic,Greaves,Muharemović,O'Reilly
gw4_19,Band 4: Premium / Dual Anchor (£25.5m-£26.0m),25.5,80.72,17.864,80.94,311.73,300.66,11.07,19.48,2.54,100.0,12.5,-0.1437,5,1+1+1+1+1,Calafiori (ARS) + Vuskovic (BHA) + Thomas (COV) + O'Reilly (MCI) + Hume (SUN),Calafiori,Vuskovic,Thomas,O'Reilly,Hume
gw4_19,Band 4: Premium / Dual Anchor (£25.5m-£26.0m),26.0,80.7,17.845,81.14,313.78,302.11,11.67,19.61,2.54,100.0,6.2,-0.1712,5,1+1+1+1+1,Calafiori (ARS) + Vuskovic (BHA) + Muharemović (LEE) + O'Reilly (MCI) + O'Nien (SUN),Calafiori,Vuskovic,Muharemović,O'Reilly,O'Nien
gw4_19,Band 4: Premium / Dual Anchor (£25.5m-£26.0m),25.5,80.46,17.851,80.45,311.52,300.66,10.86,19.47,2.54,100.0,12.5,-0.0783,5,1+1+1+1+1,Calafiori (ARS) + Vuskovic (BHA) + Thomas (COV) + Mingueza (CRY) + O'Reilly (MCI),Calafiori,Vuskovic,Thomas,Mingueza,O'Reilly
gw4_19,Band 4: Premium / Dual Anchor (£25.5m-£26.0m),25.5,80.29,17.816,80.51,310.96,300.43,10.53,19.44,2.56,100.0,12.5,-0.1519,5,1+1+1+1+1,Calafiori (ARS) + Vuskovic (BHA) + Mendy (HUL) + Justin (LEE) + O'Reilly (MCI),Calafiori,Vuskovic,Mendy,Justin,O'Reilly
gw4_19,Band 4: Premium / Dual Anchor (£25.5m-£26.0m),26.0,80.27,17.812,80.51,313.26,302.11,11.15,19.58,2.56,100.0,12.5,-0.1519,5,1+1+1+1+1,Calafiori (ARS) + Vuskovic (BHA) + Mendy (HUL) + Muharemović (LEE) + O'Reilly (MCI),Calafiori,Vuskovic,Mendy,Muharemović,O'Reilly
gw4_19,Band 4: Premium / Dual Anchor (£25.5m-£26.0m),26.0,80.1,17.75,80.94,312.27,300.71,11.56,19.52,2.54,100.0,12.5,-0.1437,5,1+1+1+1+1,Calafiori (ARS) + Vuskovic (BHA) + Thomas (COV) + O'Reilly (MCI) + Ballard (SUN),Calafiori,Vuskovic,Thomas,O'Reilly,Ballard
gw4_19,Band 4: Premium / Dual Anchor (£25.5m-£26.0m),25.5,80.03,17.767,80.52,310.18,299.61,10.57,19.39,2.56,100.0,12.5,-0.1533,5,1+1+1+1+1,Calafiori (ARS) + Vuskovic (BHA) + Greaves (IPS) + O'Reilly (MCI) + Hume (SUN),Calafiori,Vuskovic,Greaves,O'Reilly,Hume
gw4_19,Band 4: Premium / Dual Anchor (£25.5m-£26.0m),26.0,80.0,17.768,80.45,312.55,301.07,11.48,19.53,2.54,100.0,12.5,-0.0783,5,1+1+1+1+1,Calafiori (ARS) + Vuskovic (BHA) + Thomas (COV) + Canvot (CRY) + O'Reilly (MCI),Calafiori,Vuskovic,Thomas,Canvot,O'Reilly
gw4_19,Band 4: Premium / Dual Anchor (£25.5m-£26.0m),25.5,79.9,17.751,80.42,309.92,299.64,10.28,19.37,2.56,100.0,6.2,-0.1393,5,1+1+1+1+1,Calafiori (ARS) + Vuskovic (BHA) + Mingueza (CRY) + Greaves (IPS) + O'Reilly (MCI),Calafiori,Vuskovic,Mingueza,Greaves,O'Reilly
gw4_19,Band 4: Premium / Dual Anchor (£25.5m-£26.0m),25.5,79.88,17.945,77.71,313.04,301.5,11.54,19.56,2.54,93.8,12.5,-0.1304,5,1+1+1+1+1,Calafiori (ARS) + Pau (AVL) + Vuskovic (BHA) + Thomas (COV) + O'Reilly (MCI),Calafiori,Pau,Vuskovic,Thomas,O'Reilly
gw4_19,Band 4: Premium / Dual Anchor (£25.5m-£26.0m),26.0,79.84,17.687,81.14,311.26,300.43,10.83,19.45,2.54,100.0,6.2,-0.1712,5,1+1+1+1+1,Calafiori (ARS) + Vuskovic (BHA) + Justin (LEE) + O'Reilly (MCI) + Hume (SUN),Calafiori,Vuskovic,Justin,O'Reilly,Hume
gw4_19,Band 4: Premium / Dual Anchor (£25.5m-£26.0m),25.5,79.79,17.731,80.43,309.6,299.5,10.1,19.35,2.56,100.0,6.2,-0.1405,5,1+1+1+1+1,Calafiori (ARS) + Vuskovic (BHA) + Mingueza (CRY) + O'Reilly (MCI) + O'Nien (SUN),Calafiori,Vuskovic,Mingueza,O'Reilly,O'Nien
gw4_19,Band 4: Premium / Dual Anchor (£25.5m-£26.0m),26.0,79.6,17.696,80.42,311.4,300.19,11.2,19.46,2.56,100.0,6.2,-0.1393,5,1+1+1+1+1,Calafiori (ARS) + Vuskovic (BHA) + Canvot (CRY) + Greaves (IPS) + O'Reilly (MCI),Calafiori,Vuskovic,Canvot,Greaves,O'Reilly
gw4_19,Band 4: Premium / Dual Anchor (£25.5m-£26.0m),26.0,79.55,17.679,80.52,311.14,299.98,11.15,19.45,2.56,100.0,12.5,-0.1533,5,1+1+1+1+1,Calafiori (ARS) + Vuskovic (BHA) + Greaves (IPS) + O'Reilly (MCI) + Ballard (SUN),Calafiori,Vuskovic,Greaves,O'Reilly,Ballard
gw4_19,Band 4: Premium / Dual Anchor (£25.5m-£26.0m),25.5,79.53,17.63,81.14,307.98,296.64,11.35,19.25,2.54,100.0,6.2,-0.1712,5,1+1+1+1+1,Calafiori (ARS) + Vuskovic (BHA) + Muharemović (LEE) + Gvardiol (MCI) + Hume (SUN),Calafiori,Vuskovic,Muharemović,Gvardiol,Hume
gw4_19,Band 4: Premium / Dual Anchor (£25.5m-£26.0m),26.0,79.47,17.671,80.43,311.01,300.05,10.96,19.44,2.56,100.0,6.2,-0.1405,5,1+1+1+1+1,Calafiori (ARS) + Vuskovic (BHA) + Canvot (CRY) + O'Reilly (MCI) + O'Nien (SUN),Calafiori,Vuskovic,Canvot,O'Reilly,O'Nien
gw4_19,Band 4: Premium / Dual Anchor (£25.5m-£26.0m),25.5,79.42,17.883,77.42,312.03,300.66,11.37,19.5,2.54,93.8,6.2,-0.0908,5,1+1+1+1+1,Calafiori (ARS) + Vuskovic (BHA) + Thomas (COV) + O'Reilly (MCI) + Aina (NFO),Calafiori,Vuskovic,Thomas,O'Reilly,Aina
gw4_19,Band 4: Premium / Dual Anchor (£25.5m-£26.0m),26.0,79.37,17.647,80.52,310.62,299.64,10.98,19.41,2.56,100.0,6.2,-0.1528,5,1+1+1+1+1,Calafiori (ARS) + Vuskovic (BHA) + O'Reilly (MCI) + Thiaw (NEW) + O'Nien (SUN),Calafiori,Vuskovic,O'Reilly,Thiaw,O'Nien
gw4_19,Band 4: Premium / Dual Anchor (£25.5m-£26.0m),25.5,79.33,17.864,77.45,311.74,300.66,11.08,19.48,2.54,93.8,6.2,-0.0946,5,1+1+1+1+1,Calafiori (ARS) + Vuskovic (BHA) + Thomas (COV) + Castagne (FUL) + O'Reilly (MCI),Calafiori,Vuskovic,Thomas,Castagne,O'Reilly
gw4_19,Band 4: Premium / Dual Anchor (£25.5m-£26.0m),25.5,79.33,17.85,77.63,311.51,300.66,10.85,19.47,2.52,93.8,18.8,-0.0543,5,1+1+1+1+1,Calafiori (ARS) + Vuskovic (BHA) + Smith (BOU) + Thomas (COV) + O'Reilly (MCI),Calafiori,Vuskovic,Smith,Thomas,O'Reilly
gw4_19,Band 4: Premium / Dual Anchor (£25.5m-£26.0m),25.5,79.23,17.857,77.29,311.63,300.77,10.86,19.48,2.56,93.8,12.5,-0.1381,5,1+1+1+1+1,Calafiori (ARS) + Pau (AVL) + Vuskovic (BHA) + O'Reilly (MCI) + O'Nien (SUN),Calafiori,Pau,Vuskovic,O'Reilly,O'Nien
gw4_19,Band 4: Premium / Dual Anchor (£25.5m-£26.0m),25.5,79.16,17.863,77.03,311.72,300.66,11.05,19.48,2.56,93.8,6.2,-0.1042,5,1+1+1+1+1,Calafiori (ARS) + Vuskovic (BHA) + Kayode (BRE) + Thomas (COV) + O'Reilly (MCI),Calafiori,Vuskovic,Kayode,Thomas,O'Reilly
gw4_19,Band 4: Premium / Dual Anchor (£25.5m-£26.0m),25.5,79.15,17.536,81.48,306.49,294.6,11.89,19.16,2.52,100.0,12.5,-0.1511,5,1+1+1+1+1,Calafiori (ARS) + Vuskovic (BHA) + Thomas (COV) + Muharemović (LEE) + Guéhi (MCI),Calafiori,Vuskovic,Thomas,Muharemović,Guéhi
gw4_19,Band 4: Premium / Dual Anchor (£25.5m-£26.0m),25.5,79.15,17.867,76.95,311.79,300.77,11.02,19.49,2.56,93.8,12.5,-0.0927,5,1+1+1+1+1,Calafiori (ARS) + Pau (AVL) + Vuskovic (BHA) + Greaves (IPS) + O'Reilly (MCI),Calafiori,Pau,Vuskovic,Greaves,O'Reilly
gw4_19,Band 4: Premium / Dual Anchor (£25.5m-£26.0m),25.5,79.12,17.564,81.03,306.93,295.01,11.92,19.18,2.52,100.0,12.5,-0.0913,5,1+1+1+1+1,Calafiori (ARS) + Vuskovic (BHA) + Hill (BOU) + Muharemović (LEE) + Aina (NFO),Calafiori,Vuskovic,Hill,Muharemović,Aina
gw4_19,Band 4: Premium / Dual Anchor (£25.5m-£26.0m),25.5,79.07,17.598,80.45,307.47,295.91,11.56,19.22,2.54,100.0,12.5,-0.0783,5,1+1+1+1+1,Calafiori (ARS) + Vuskovic (BHA) + Thomas (COV) + Muñoz (CRY) + Gvardiol (MCI),Calafiori,Vuskovic,Thomas,Muñoz,Gvardiol
gw4_19,Band 4: Premium / Dual Anchor (£25.5m-£26.0m),26.0,79.0,17.767,77.94,312.54,301.11,11.43,19.53,2.54,93.8,18.8,-0.1611,5,1+1+1+1+1,Calafiori (ARS) + Pau (AVL) + Vuskovic (BHA) + Justin (LEE) + O'Reilly (MCI),Calafiori,Pau,Vuskovic,Justin,O'Reilly
gw4_19,Band 4: Premium / Dual Anchor (£25.5m-£26.0m),25.5,78.95,17.782,77.63,310.42,297.93,12.49,19.4,2.52,93.8,18.8,-0.0543,5,1+1+1+1+1,Calafiori (ARS) + Vuskovic (BHA) + Hill (BOU) + Thomas (COV) + Gvardiol (MCI),Calafiori,Vuskovic,Hill,Thomas,Gvardiol
gw4_19,Band 4: Premium / Dual Anchor (£25.5m-£26.0m),26.0,78.89,17.512,81.14,308.45,296.64,11.82,19.28,2.54,100.0,6.2,-0.1712,5,1+1+1+1+1,Calafiori (ARS) + Vuskovic (BHA) + Muharemović (LEE) + Gvardiol (MCI) + Ballard (SUN),Calafiori,Vuskovic,Muharemović,Gvardiol,Ballard
gw4_19,Band 4: Premium / Dual Anchor (£25.5m-£26.0m),25.5,78.88,17.51,81.14,306.07,294.68,11.39,19.13,2.54,100.0,6.2,-0.1712,5,1+1+1+1+1,Calafiori (ARS) + Vuskovic (BHA) + Justin (LEE) + Gvardiol (MCI) + Ballard (SUN),Calafiori,Vuskovic,Justin,Gvardiol,Ballard
gw4_19,Band 4: Premium / Dual Anchor (£25.5m-£26.0m),26.0,78.85,17.602,79.84,309.9,299.45,10.45,19.37,2.58,100.0,6.2,-0.1264,5,1+1+1+1+1,Calafiori (ARS) + Vuskovic (BHA) + Mendy (HUL) + O'Reilly (MCI) + Thiaw (NEW),Calafiori,Vuskovic,Mendy,O'Reilly,Thiaw
gw4_19,Band 4: Premium / Dual Anchor (£25.5m-£26.0m),25.5,78.84,17.867,76.19,311.78,300.66,11.11,19.49,2.6,93.8,0.0,-0.1219,5,1+1+1+1+1,Calafiori (ARS) + Vuskovic (BHA) + Thomas (COV) + O'Reilly (MCI) + Heaven (MUN),Calafiori,Vuskovic,Thomas,O'Reilly,Heaven
gw4_19,Band 4: Premium / Dual Anchor (£25.5m-£26.0m),26.0,78.83,17.738,77.93,312.08,300.66,11.41,19.5,2.52,93.8,12.5,-0.094,5,1+1+1+1+1,Calafiori (ARS) + Vuskovic (BHA) + Thomas (COV) + Jacquet (LIV) + O'Reilly (MCI),Calafiori,Vuskovic,Thomas,Jacquet,O'Reilly
gw4_19,Band 4: Premium / Dual Anchor (£25.5m-£26.0m),26.0,78.83,17.533,80.73,308.79,297.06,11.73,19.3,2.54,100.0,6.2,-0.1156,5,1+1+1+1+1,Calafiori (ARS) + Vuskovic (BHA) + Muharemović (LEE) + Gvardiol (MCI) + Thiaw (NEW),Calafiori,Vuskovic,Muharemović,Gvardiol,Thiaw
gw4_19,Band 4: Premium / Dual Anchor (£25.5m-£26.0m),25.5,78.77,17.638,79.12,308.12,299.27,8.86,19.26,2.6,100.0,6.2,-0.0953,5,1+1+1+1+1,Calafiori (ARS) + Vuskovic (BHA) + Mingueza (CRY) + Mendy (HUL) + O'Reilly (MCI),Calafiori,Vuskovic,Mingueza,Mendy,O'Reilly
gw4_19,Band 4: Premium / Dual Anchor (£25.5m-£26.0m),25.5,78.76,17.768,77.35,310.19,299.49,10.71,19.39,2.56,93.8,6.2,-0.1461,5,1+1+1+1+1,Calafiori (ARS) + Vuskovic (BHA) + O'Reilly (MCI) + O'Nien (SUN) + Robertson (TOT),Calafiori,Vuskovic,O'Reilly,O'Nien,Robertson
gw4_19,Band 4: Premium / Dual Anchor (£25.5m-£26.0m),25.5,78.76,17.542,80.42,306.59,295.37,11.22,19.16,2.56,100.0,6.2,-0.1393,5,1+1+1+1+1,Calafiori (ARS) + Vuskovic (BHA) + Muñoz (CRY) + Greaves (IPS) + Gvardiol (MCI),Calafiori,Vuskovic,Muñoz,Greaves,Gvardiol
gw4_19,Band 4: Premium / Dual Anchor (£25.5m-£26.0m),26.0,78.74,17.633,79.12,310.4,299.88,10.51,19.4,2.6,100.0,6.2,-0.0953,5,1+1+1+1+1,Calafiori (ARS) + Vuskovic (BHA) + Canvot (CRY) + Mendy (HUL) + O'Reilly (MCI),Calafiori,Vuskovic,Canvot,Mendy,O'Reilly
gw4_19,Band 4: Premium / Dual Anchor (£25.5m-£26.0m),26.0,78.74,17.538,80.43,308.88,299.42,9.46,19.3,2.56,100.0,6.2,-0.1405,5,1+1+1+1+1,Calafiori (ARS) + Vuskovic (BHA) + Mingueza (CRY) + O'Reilly (MCI) + Hume (SUN),Calafiori,Vuskovic,Mingueza,O'Reilly,Hume
gw4_19,Band 4: Premium / Dual Anchor (£25.5m-£26.0m),25.5,78.74,17.501,80.94,305.92,294.6,11.32,19.12,2.54,100.0,12.5,-0.1437,5,1+1+1+1+1,Calafiori (ARS) + Vuskovic (BHA) + Thomas (COV) + Gvardiol (MCI) + Mukiele (SUN),Calafiori,Vuskovic,Thomas,Gvardiol,Mukiele
gw4_19,Band 4: Premium / Dual Anchor (£25.5m-£26.0m),25.5,78.71,17.79,76.9,310.55,299.61,10.95,19.41,2.56,93.8,6.2,-0.0863,5,1+1+1+1+1,Calafiori (ARS) + Vuskovic (BHA) + Greaves (IPS) + O'Reilly (MCI) + Aina (NFO),Calafiori,Vuskovic,Greaves,O'Reilly,Aina
gw4_19,Band 4: Premium / Dual Anchor (£25.5m-£26.0m),25.5,78.7,17.763,77.26,310.12,297.91,12.21,19.38,2.54,93.8,18.8,-0.07,5,1+1+1+1+1,Calafiori (ARS) + Vuskovic (BHA) + Hill (BOU) + Greaves (IPS) + Gvardiol (MCI),Calafiori,Vuskovic,Hill,Greaves,Gvardiol
gw4_19,Band 4: Premium / Dual Anchor (£25.5m-£26.0m),25.5,78.67,17.503,80.73,305.96,294.66,11.3,19.12,2.54,100.0,6.2,-0.1156,5,1+1+1+1+1,Calafiori (ARS) + Vuskovic (BHA) + Justin (LEE) + Gvardiol (MCI) + Thiaw (NEW),Calafiori,Vuskovic,Justin,Gvardiol,Thiaw
gw4_19,Band 4: Premium / Dual Anchor (£25.5m-£26.0m),25.5,78.65,17.474,81.07,305.5,293.85,11.64,19.09,2.54,100.0,6.2,-0.1608,5,1+1+1+1+1,Calafiori (ARS) + Vuskovic (BHA) + Greaves (IPS) + Muharemović (LEE) + Guéhi (MCI),Calafiori,Vuskovic,Greaves,Muharemović,Guéhi
gw4_19,Band 4: Premium / Dual Anchor (£25.5m-£26.0m),25.5,78.63,17.518,80.43,306.19,295.22,10.97,19.14,2.56,100.0,6.2,-0.1405,5,1+1+1+1+1,Calafiori (ARS) + Vuskovic (BHA) + Muñoz (CRY) + Gvardiol (MCI) + O'Nien (SUN),Calafiori,Vuskovic,Muñoz,Gvardiol,O'Nien
