horizon,strategy,type,pairing,gkp1,club1,price1,gkp2,club2,price2,total_price,num_gws,tot_rot_xp,rot_xp_per_gw,oc_score,dcs,s_risk,rot_avg_fdr,no_diff_pct,all_easy_pct,fdr_corr,foi,expected_cs
gw1_3,Active 2-GKP Rotation,Active 2-GKP,Martinez (AVL) + Verbruggen (BHA),Martinez,AVL,5.0,Verbruggen,BHA,4.5,9.5,3,24.04,8.01,7.718,71.33,28.33,3.0,33.3,33.3,1.0,0.4856,1.22
gw4_19,Active 2-GKP Rotation,Active 2-GKP,Martinez (AVL) + Verbruggen (BHA),Martinez,AVL,5.0,Verbruggen,BHA,4.5,9.5,16,98.61,6.16,5.869,79.07,74.74,2.62,93.8,43.8,0.0063,0.4783,5.53
gw1_19,Active 2-GKP Rotation,Active 2-GKP,Martinez (AVL) + Verbruggen (BHA),Martinez,AVL,5.0,Verbruggen,BHA,4.5,9.5,19,116.77,6.15,5.851,76.87,69.98,2.68,89.5,42.1,0.1724,0.4794,6.45
full_season,Active 2-GKP Rotation,Active 2-GKP,Martinez (AVL) + Verbruggen (BHA),Martinez,AVL,5.0,Verbruggen,BHA,4.5,9.5,38,233.68,6.15,5.855,77.62,71.68,2.63,89.5,47.4,0.1087,0.4849,13.16
gw1_3,Active 2-GKP Rotation,Active 2-GKP,Martinez (AVL) + Rushworth (COV),Martinez,AVL,5.0,Rushworth,COV,4.5,9.5,3,24.17,8.06,7.761,76.93,42.33,3.0,33.3,33.3,-0.866,0.5428,1.23
gw4_19,Active 2-GKP Rotation,Active 2-GKP,Martinez (AVL) + Rushworth (COV),Martinez,AVL,5.0,Rushworth,COV,4.5,9.5,16,97.81,6.11,5.818,81.64,83.31,2.44,100.0,56.2,-0.1352,0.4936,5.37
gw1_19,Active 2-GKP Rotation,Active 2-GKP,Martinez (AVL) + Rushworth (COV),Martinez,AVL,5.0,Rushworth,COV,4.5,9.5,19,116.51,6.13,5.837,82.58,84.85,2.42,100.0,57.9,-0.2898,0.5014,6.5
full_season,Active 2-GKP Rotation,Active 2-GKP,Martinez (AVL) + Rushworth (COV),Martinez,AVL,5.0,Rushworth,COV,4.5,9.5,38,231.6,6.09,5.8,80.13,80.32,2.55,97.4,47.4,-0.2705,0.5149,12.63
gw1_3,Active 2-GKP Rotation,Active 2-GKP,Martinez (AVL) + Petrović (BOU),Martinez,AVL,5.0,Petrović,BOU,4.5,9.5,3,23.38,7.79,7.5,72.0,30.0,3.25,33.3,33.3,0.0,0.5609,1.01
gw4_19,Active 2-GKP Rotation,Active 2-GKP,Martinez (AVL) + Petrović (BOU),Martinez,AVL,5.0,Petrović,BOU,4.5,9.5,16,97.9,6.12,5.825,80.66,80.61,2.44,93.8,62.5,-0.1918,0.5006,5.67
gw1_19,Active 2-GKP Rotation,Active 2-GKP,Martinez (AVL) + Petrović (BOU),Martinez,AVL,5.0,Petrović,BOU,4.5,9.5,19,116.06,6.11,5.814,80.2,79.89,2.47,94.7,57.9,-0.143,0.5101,6.59
full_season,Active 2-GKP Rotation,Active 2-GKP,Martinez (AVL) + Petrović (BOU),Martinez,AVL,5.0,Petrović,BOU,4.5,9.5,38,230.89,6.08,5.782,78.7,77.53,2.55,94.7,50.0,-0.0748,0.5186,12.71
gw1_3,Active 2-GKP Rotation,Active 2-GKP,Martinez (AVL) + Kelleher (BRE),Martinez,AVL,5.0,Kelleher,BRE,5.0,10.0,3,23.96,7.99,7.546,74.07,35.17,2.75,33.3,33.3,0.866,0.4813,1.26
gw4_19,Active 2-GKP Rotation,Active 2-GKP,Martinez (AVL) + Kelleher (BRE),Martinez,AVL,5.0,Kelleher,BRE,5.0,10.0,16,97.62,6.1,5.66,78.85,83.14,2.5,100.0,50.0,-0.308,0.5021,5.58
gw1_19,Active 2-GKP Rotation,Active 2-GKP,Martinez (AVL) + Kelleher (BRE),Martinez,AVL,5.0,Kelleher,BRE,5.0,10.0,19,115.81,6.1,5.653,78.11,81.55,2.53,100.0,47.4,-0.1779,0.4988,6.58
full_season,Active 2-GKP Rotation,Active 2-GKP,Martinez (AVL) + Kelleher (BRE),Martinez,AVL,5.0,Kelleher,BRE,5.0,10.0,38,232.07,6.11,5.666,79.02,83.31,2.5,100.0,50.0,-0.33,0.5001,13.08
gw1_3,Active 2-GKP Rotation,Active 2-GKP,Martinez (AVL) + Sánchez (CHE),Martinez,AVL,5.0,Sánchez,CHE,5.0,10.0,3,23.98,7.99,7.551,81.95,54.86,2.5,33.3,33.3,-0.982,0.5188,1.34
gw4_19,Active 2-GKP Rotation,Active 2-GKP,Martinez (AVL) + Sánchez (CHE),Martinez,AVL,5.0,Sánchez,CHE,5.0,10.0,16,96.61,6.04,5.596,77.46,82.4,2.5,100.0,50.0,-0.2086,0.5087,5.02
gw1_19,Active 2-GKP Rotation,Active 2-GKP,Martinez (AVL) + Sánchez (CHE),Martinez,AVL,5.0,Sánchez,CHE,5.0,10.0,19,115.03,6.05,5.613,78.5,84.28,2.47,100.0,52.6,-0.3778,0.5103,6.13
full_season,Active 2-GKP Rotation,Active 2-GKP,Martinez (AVL) + Sánchez (CHE),Martinez,AVL,5.0,Sánchez,CHE,5.0,10.0,38,229.54,6.04,5.599,76.91,80.89,2.53,97.4,50.0,-0.2643,0.5186,12.13
gw1_3,Active 2-GKP Rotation,Active 2-GKP,Martinez (AVL) + Henderson (CRY),Martinez,AVL,5.0,Henderson,CRY,5.0,10.0,3,23.83,7.94,7.502,71.74,29.34,3.0,33.3,33.3,0.866,0.5437,1.17
gw4_19,Active 2-GKP Rotation,Active 2-GKP,Martinez (AVL) + Henderson (CRY),Martinez,AVL,5.0,Henderson,CRY,5.0,10.0,16,96.93,6.06,5.616,74.75,74.74,2.62,93.8,43.8,0.007,0.51,5.03
gw1_19,Active 2-GKP Rotation,Active 2-GKP,Martinez (AVL) + Henderson (CRY),Martinez,AVL,5.0,Henderson,CRY,5.0,10.0,19,115.09,6.06,5.616,73.03,70.47,2.68,89.5,42.1,0.1068,0.5153,5.95
full_season,Active 2-GKP Rotation,Active 2-GKP,Martinez (AVL) + Henderson (CRY),Martinez,AVL,5.0,Henderson,CRY,5.0,10.0,38,230.46,6.06,5.623,71.72,66.9,2.71,86.8,44.7,0.3262,0.5148,12.04
gw1_3,Active 2-GKP Rotation,Active 2-GKP,Martinez (AVL) + Leno (FUL),Martinez,AVL,5.0,Leno,FUL,4.5,9.5,3,23.48,7.83,7.533,74.33,35.83,3.0,33.3,33.3,0.0,0.5345,1.09
gw4_19,Active 2-GKP Rotation,Active 2-GKP,Martinez (AVL) + Leno (FUL),Martinez,AVL,5.0,Leno,FUL,4.5,9.5,16,97.7,6.11,5.812,80.11,79.76,2.5,93.8,56.2,-0.2732,0.4971,5.44
gw1_19,Active 2-GKP Rotation,Active 2-GKP,Martinez (AVL) + Leno (FUL),Martinez,AVL,5.0,Leno,FUL,4.5,9.5,19,115.86,6.1,5.804,79.81,79.35,2.53,94.7,52.6,-0.2356,0.503,6.36
full_season,Active 2-GKP Rotation,Active 2-GKP,Martinez (AVL) + Leno (FUL),Martinez,AVL,5.0,Leno,FUL,4.5,9.5,38,231.56,6.09,5.799,80.45,81.16,2.53,97.4,50.0,-0.3007,0.5062,12.86
gw1_3,Active 2-GKP Rotation,Active 2-GKP,Martinez (AVL) + Scherpen (IPS),Martinez,AVL,5.0,Scherpen,IPS,4.5,9.5,3,24.05,8.02,7.723,76.67,41.67,2.75,33.3,33.3,0.0,0.5257,1.32
gw4_19,Active 2-GKP Rotation,Active 2-GKP,Martinez (AVL) + Scherpen (IPS),Martinez,AVL,5.0,Scherpen,IPS,4.5,9.5,16,96.34,6.02,5.727,75.8,72.66,2.62,93.8,43.8,0.2848,0.509,5.1
gw1_19,Active 2-GKP Rotation,Active 2-GKP,Martinez (AVL) + Scherpen (IPS),Martinez,AVL,5.0,Scherpen,IPS,4.5,9.5,19,114.5,6.03,5.732,75.12,70.73,2.63,89.5,47.4,0.2362,0.5117,6.02
full_season,Active 2-GKP Rotation,Active 2-GKP,Martinez (AVL) + Scherpen (IPS),Martinez,AVL,5.0,Scherpen,IPS,4.5,9.5,38,228.55,6.01,5.72,76.3,74.17,2.61,92.1,47.4,0.0341,0.5171,11.96
gw1_3,Active 2-GKP Rotation,Active 2-GKP,Martinez (AVL) + Trafford (LEE),Martinez,AVL,5.0,Trafford,LEE,5.0,10.0,3,23.89,7.96,7.522,76.67,41.67,2.75,33.3,33.3,0.0,0.5345,1.19
gw4_19,Active 2-GKP Rotation,Active 2-GKP,Martinez (AVL) + Trafford (LEE),Martinez,AVL,5.0,Trafford,LEE,5.0,10.0,16,97.22,6.08,5.635,79.03,84.65,2.44,100.0,56.2,-0.3145,0.524,5.32
gw1_19,Active 2-GKP Rotation,Active 2-GKP,Martinez (AVL) + Trafford (LEE),Martinez,AVL,5.0,Trafford,LEE,5.0,10.0,19,115.39,6.07,5.631,78.54,83.59,2.47,100.0,52.6,-0.2856,0.5256,6.28
full_season,Active 2-GKP Rotation,Active 2-GKP,Martinez (AVL) + Trafford (LEE),Martinez,AVL,5.0,Trafford,LEE,5.0,10.0,38,230.23,6.06,5.617,77.74,82.2,2.53,100.0,47.4,-0.2635,0.5282,12.6
gw1_3,Active 2-GKP Rotation,Active 2-GKP,Martinez (AVL) + Lammens (MUN),Martinez,AVL,5.0,Lammens,MUN,5.0,10.0,3,25.16,8.39,7.944,83.93,59.83,2.25,33.3,33.3,-0.866,0.4134,1.62
gw4_19,Active 2-GKP Rotation,Active 2-GKP,Martinez (AVL) + Lammens (MUN),Martinez,AVL,5.0,Lammens,MUN,5.0,10.0,16,96.85,6.05,5.612,74.97,75.49,2.62,93.8,43.8,-0.0936,0.4904,5.5
gw1_19,Active 2-GKP Rotation,Active 2-GKP,Martinez (AVL) + Lammens (MUN),Martinez,AVL,5.0,Lammens,MUN,5.0,10.0,19,116.07,6.11,5.667,77.29,78.92,2.53,94.7,52.6,-0.1779,0.4782,6.83
full_season,Active 2-GKP Rotation,Active 2-GKP,Martinez (AVL) + Lammens (MUN),Martinez,AVL,5.0,Lammens,MUN,5.0,10.0,38,231.99,6.1,5.663,75.92,75.66,2.55,92.1,52.6,0.0,0.4791,13.42
gw1_3,Active 2-GKP Rotation,Active 2-GKP,Martinez (AVL) + Pope (NEW),Martinez,AVL,5.0,Pope,NEW,5.0,10.0,3,23.84,7.95,7.506,74.33,35.83,3.0,33.3,33.3,0.0,0.5466,1.07
gw4_19,Active 2-GKP Rotation,Active 2-GKP,Martinez (AVL) + Pope (NEW),Martinez,AVL,5.0,Pope,NEW,5.0,10.0,16,96.32,6.02,5.578,76.89,81.72,2.5,100.0,50.0,-0.1183,0.5111,4.99
gw1_19,Active 2-GKP Rotation,Active 2-GKP,Martinez (AVL) + Pope (NEW),Martinez,AVL,5.0,Pope,NEW,5.0,10.0,19,114.48,6.03,5.583,76.66,80.94,2.53,100.0,47.4,-0.0957,0.5167,5.91
full_season,Active 2-GKP Rotation,Active 2-GKP,Martinez (AVL) + Pope (NEW),Martinez,AVL,5.0,Pope,NEW,5.0,10.0,38,228.46,6.01,5.57,76.38,80.8,2.53,100.0,47.4,-0.0774,0.5208,11.73
gw1_3,Active 2-GKP Rotation,Active 2-GKP,Martinez (AVL) + Sels (NFO),Martinez,AVL,5.0,Sels,NFO,5.0,10.0,3,24.85,8.28,7.841,75.17,37.92,2.75,33.3,33.3,0.5,0.4981,1.32
gw4_19,Active 2-GKP Rotation,Active 2-GKP,Martinez (AVL) + Sels (NFO),Martinez,AVL,5.0,Sels,NFO,5.0,10.0,16,98.96,6.19,5.744,79.33,80.75,2.44,93.8,62.5,-0.2116,0.49,5.67
gw1_19,Active 2-GKP Rotation,Active 2-GKP,Martinez (AVL) + Sels (NFO),Martinez,AVL,5.0,Sels,NFO,5.0,10.0,19,117.87,6.2,5.762,78.09,76.84,2.47,89.5,63.2,-0.0872,0.4913,6.7
full_season,Active 2-GKP Rotation,Active 2-GKP,Martinez (AVL) + Sels (NFO),Martinez,AVL,5.0,Sels,NFO,5.0,10.0,38,234.04,6.16,5.717,76.54,74.9,2.55,89.5,55.3,-0.0748,0.4999,12.99
gw1_3,Active 2-GKP Rotation,Active 2-GKP,Martinez (AVL) + Roefs (SUN),Martinez,AVL,5.0,Roefs,SUN,5.0,10.0,3,25.12,8.37,7.931,83.93,59.83,2.25,33.3,33.3,-0.866,0.4323,1.56
gw4_19,Active 2-GKP Rotation,Active 2-GKP,Martinez (AVL) + Roefs (SUN),Martinez,AVL,5.0,Roefs,SUN,5.0,10.0,16,98.35,6.15,5.706,74.71,70.82,2.62,87.5,50.0,0.1126,0.506,5.4
gw1_19,Active 2-GKP Rotation,Active 2-GKP,Martinez (AVL) + Roefs (SUN),Martinez,AVL,5.0,Roefs,SUN,5.0,10.0,19,117.53,6.19,5.744,77.01,74.93,2.53,89.5,57.9,0.0041,0.4944,6.67
full_season,Active 2-GKP Rotation,Active 2-GKP,Martinez (AVL) + Roefs (SUN),Martinez,AVL,5.0,Roefs,SUN,5.0,10.0,38,232.94,6.13,5.688,75.0,72.3,2.61,89.5,50.0,0.1087,0.5046,12.78
gw1_3,Active 2-GKP Rotation,Active 2-GKP,Martinez (AVL) + Kinsky (TOT),Martinez,AVL,5.0,Kinsky,TOT,4.5,9.5,3,23.73,7.91,7.615,81.6,54.0,2.5,33.3,33.3,-0.866,0.4997,1.14
gw4_19,Active 2-GKP Rotation,Active 2-GKP,Martinez (AVL) + Kinsky (TOT),Martinez,AVL,5.0,Kinsky,TOT,4.5,9.5,16,97.02,6.06,5.769,75.29,69.53,2.62,87.5,50.0,0.2848,0.5273,5.09
gw1_19,Active 2-GKP Rotation,Active 2-GKP,Martinez (AVL) + Kinsky (TOT),Martinez,AVL,5.0,Kinsky,TOT,4.5,9.5,19,115.18,6.06,5.768,76.45,72.52,2.58,89.5,52.6,0.1616,0.5229,6.01
full_season,Active 2-GKP Rotation,Active 2-GKP,Martinez (AVL) + Kinsky (TOT),Martinez,AVL,5.0,Kinsky,TOT,4.5,9.5,38,229.75,6.05,5.752,75.16,69.99,2.66,89.5,44.7,0.2533,0.5341,11.76
gw1_3,Active 2-GKP Rotation,Active 2-GKP,Martinez (AVL) + Tzolakis (HUL),Martinez,AVL,5.0,Tzolakis,HUL,4.5,9.5,3,23.09,7.7,7.402,78.17,45.42,2.75,33.3,33.3,-0.5,0.5005,1.29
gw4_19,Active 2-GKP Rotation,Active 2-GKP,Martinez (AVL) + Tzolakis (HUL),Martinez,AVL,5.0,Tzolakis,HUL,4.5,9.5,16,96.32,6.02,5.725,73.03,65.77,2.75,87.5,37.5,0.3972,0.5192,4.99
gw1_19,Active 2-GKP Rotation,Active 2-GKP,Martinez (AVL) + Tzolakis (HUL),Martinez,AVL,5.0,Tzolakis,HUL,4.5,9.5,19,114.61,6.03,5.738,74.69,69.39,2.68,89.5,42.1,0.2504,0.5163,6.12
full_season,Active 2-GKP Rotation,Active 2-GKP,Martinez (AVL) + Tzolakis (HUL),Martinez,AVL,5.0,Tzolakis,HUL,4.5,9.5,38,228.7,6.02,5.724,75.24,71.34,2.66,89.5,44.7,0.0721,0.5174,11.98
gw1_3,Active 2-GKP Rotation,Active 2-GKP,Martinez (AVL) + Horníček (NEW),Martinez,AVL,5.0,Horníček,NEW,5.0,10.0,3,23.05,7.68,7.241,74.33,35.83,3.0,33.3,33.3,0.0,0.5516,1.07
gw4_19,Active 2-GKP Rotation,Active 2-GKP,Martinez (AVL) + Horníček (NEW),Martinez,AVL,5.0,Horníček,NEW,5.0,10.0,16,96.32,6.02,5.578,76.89,81.72,2.5,100.0,50.0,-0.1183,0.5162,4.99
gw1_19,Active 2-GKP Rotation,Active 2-GKP,Martinez (AVL) + Horníček (NEW),Martinez,AVL,5.0,Horníček,NEW,5.0,10.0,19,114.48,6.03,5.583,76.66,80.94,2.53,100.0,47.4,-0.0957,0.5218,5.91
full_season,Active 2-GKP Rotation,Active 2-GKP,Martinez (AVL) + Horníček (NEW),Martinez,AVL,5.0,Horníček,NEW,5.0,10.0,38,228.34,6.01,5.567,76.33,80.8,2.53,100.0,47.4,-0.0774,0.5259,11.54
gw1_3,Active 2-GKP Rotation,Active 2-GKP,Verbruggen (BHA) + Rushworth (COV),Verbruggen,BHA,4.5,Rushworth,COV,4.5,9.0,3,23.96,7.99,7.838,76.93,42.33,3.0,33.3,33.3,-0.866,0.5365,1.25
gw4_19,Active 2-GKP Rotation,Active 2-GKP,Verbruggen (BHA) + Rushworth (COV),Verbruggen,BHA,4.5,Rushworth,COV,4.5,9.0,16,96.94,6.06,5.911,80.69,76.96,2.56,93.8,50.0,-0.095,0.4979,5.48
gw1_19,Active 2-GKP Rotation,Active 2-GKP,Verbruggen (BHA) + Rushworth (COV),Verbruggen,BHA,4.5,Rushworth,COV,4.5,9.0,19,115.43,6.08,5.928,82.05,79.64,2.53,94.7,52.6,-0.2736,0.504,6.63
full_season,Active 2-GKP Rotation,Active 2-GKP,Verbruggen (BHA) + Rushworth (COV),Verbruggen,BHA,4.5,Rushworth,COV,4.5,9.0,38,230.81,6.07,5.927,80.44,75.67,2.61,92.1,47.4,-0.1649,0.5145,12.91
gw1_3,Active 2-GKP Rotation,Active 2-GKP,Verbruggen (BHA) + Petrović (BOU),Verbruggen,BHA,4.5,Petrović,BOU,4.5,9.0,3,23.12,7.71,7.56,72.0,30.0,3.25,33.3,33.3,0.0,0.5546,1.04
gw4_19,Active 2-GKP Rotation,Active 2-GKP,Verbruggen (BHA) + Petrović (BOU),Verbruggen,BHA,4.5,Petrović,BOU,4.5,9.0,16,96.91,6.06,5.91,78.86,72.46,2.56,87.5,56.2,0.0893,0.5072,5.46
gw1_19,Active 2-GKP Rotation,Active 2-GKP,Verbruggen (BHA) + Petrović (BOU),Verbruggen,BHA,4.5,Petrović,BOU,4.5,9.0,19,114.81,6.04,5.895,78.93,73.25,2.58,89.5,52.6,0.064,0.5147,6.41
full_season,Active 2-GKP Rotation,Active 2-GKP,Verbruggen (BHA) + Petrović (BOU),Verbruggen,BHA,4.5,Petrović,BOU,4.5,9.0,38,229.32,6.03,5.887,76.56,67.65,2.66,84.2,50.0,0.2138,0.5199,12.44
gw1_3,Active 2-GKP Rotation,Active 2-GKP,Verbruggen (BHA) + Kelleher (BRE),Verbruggen,BHA,4.5,Kelleher,BRE,5.0,9.5,3,23.75,7.92,7.623,74.07,35.17,2.75,33.3,33.3,0.866,0.476,1.28
gw4_19,Active 2-GKP Rotation,Active 2-GKP,Verbruggen (BHA) + Kelleher (BRE),Verbruggen,BHA,4.5,Kelleher,BRE,5.0,9.5,16,96.82,6.05,5.757,77.22,74.88,2.62,93.8,43.8,-0.0121,0.5085,5.42
gw1_19,Active 2-GKP Rotation,Active 2-GKP,Verbruggen (BHA) + Kelleher (BRE),Verbruggen,BHA,4.5,Kelleher,BRE,5.0,9.5,19,114.8,6.04,5.748,76.91,74.53,2.63,94.7,42.1,0.0796,0.5034,6.43
full_season,Active 2-GKP Rotation,Active 2-GKP,Verbruggen (BHA) + Kelleher (BRE),Verbruggen,BHA,4.5,Kelleher,BRE,5.0,9.5,38,230.33,6.06,5.767,77.77,75.85,2.58,94.7,47.4,0.0674,0.5026,12.93
gw1_3,Active 2-GKP Rotation,Active 2-GKP,Verbruggen (BHA) + Sánchez (CHE),Verbruggen,BHA,4.5,Sánchez,CHE,5.0,9.5,3,23.77,7.92,7.629,81.95,54.86,2.5,33.3,33.3,-0.982,0.5128,1.36
gw4_19,Active 2-GKP Rotation,Active 2-GKP,Verbruggen (BHA) + Sánchez (CHE),Verbruggen,BHA,4.5,Sánchez,CHE,5.0,9.5,16,95.66,5.98,5.685,75.1,72.69,2.62,93.8,43.8,0.28,0.5162,5.06
gw1_19,Active 2-GKP Rotation,Active 2-GKP,Verbruggen (BHA) + Sánchez (CHE),Verbruggen,BHA,4.5,Sánchez,CHE,5.0,9.5,19,113.88,5.99,5.699,76.82,76.36,2.58,94.7,47.4,0.0,0.5156,6.19
full_season,Active 2-GKP Rotation,Active 2-GKP,Verbruggen (BHA) + Sánchez (CHE),Verbruggen,BHA,4.5,Sánchez,CHE,5.0,9.5,38,227.62,5.99,5.696,77.39,77.96,2.58,97.4,44.7,-0.0379,0.5198,12.21
gw1_3,Active 2-GKP Rotation,Active 2-GKP,Verbruggen (BHA) + Henderson (CRY),Verbruggen,BHA,4.5,Henderson,CRY,5.0,9.5,3,23.57,7.86,7.561,71.74,29.34,3.0,33.3,33.3,0.866,0.5376,1.2
gw4_19,Active 2-GKP Rotation,Active 2-GKP,Verbruggen (BHA) + Henderson (CRY),Verbruggen,BHA,4.5,Henderson,CRY,5.0,9.5,16,95.87,5.99,5.698,76.24,74.99,2.69,100.0,31.2,0.196,0.5167,4.97
gw1_19,Active 2-GKP Rotation,Active 2-GKP,Verbruggen (BHA) + Henderson (CRY),Verbruggen,BHA,4.5,Henderson,CRY,5.0,9.5,19,113.77,5.99,5.693,74.47,70.75,2.74,94.7,31.6,0.2571,0.52,5.91
full_season,Active 2-GKP Rotation,Active 2-GKP,Verbruggen (BHA) + Henderson (CRY),Verbruggen,BHA,4.5,Henderson,CRY,5.0,9.5,38,228.71,6.02,5.724,76.08,73.46,2.66,94.7,39.5,0.1406,0.5136,12.33
gw1_3,Active 2-GKP Rotation,Active 2-GKP,Verbruggen (BHA) + Pickford (EVE),Verbruggen,BHA,4.5,Pickford,EVE,5.5,10.0,3,23.57,7.86,7.414,79.26,48.16,2.75,33.3,33.3,-0.866,0.5192,1.28
gw4_19,Active 2-GKP Rotation,Active 2-GKP,Verbruggen (BHA) + Pickford (EVE),Verbruggen,BHA,4.5,Pickford,EVE,5.5,10.0,16,97.24,6.08,5.636,76.29,77.75,2.5,93.8,56.2,-0.0053,0.498,5.59
gw1_19,Active 2-GKP Rotation,Active 2-GKP,Verbruggen (BHA) + Pickford (EVE),Verbruggen,BHA,4.5,Pickford,EVE,5.5,10.0,19,115.14,6.06,5.618,76.17,78.21,2.53,94.7,52.6,-0.0827,0.5014,6.6
full_season,Active 2-GKP Rotation,Active 2-GKP,Verbruggen (BHA) + Pickford (EVE),Verbruggen,BHA,4.5,Pickford,EVE,5.5,10.0,38,230.41,6.06,5.622,76.08,77.84,2.55,94.7,50.0,-0.1156,0.4993,13.16
gw1_3,Active 2-GKP Rotation,Active 2-GKP,Verbruggen (BHA) + Leno (FUL),Verbruggen,BHA,4.5,Leno,FUL,4.5,9.0,3,23.22,7.74,7.592,74.33,35.83,3.0,33.3,33.3,0.0,0.5285,1.11
gw4_19,Active 2-GKP Rotation,Active 2-GKP,Verbruggen (BHA) + Leno (FUL),Verbruggen,BHA,4.5,Leno,FUL,4.5,9.0,16,96.17,6.01,5.863,78.61,73.79,2.56,87.5,56.2,-0.0893,0.5018,5.23
gw1_19,Active 2-GKP Rotation,Active 2-GKP,Verbruggen (BHA) + Leno (FUL),Verbruggen,BHA,4.5,Leno,FUL,4.5,9.0,19,114.07,6.0,5.856,78.7,74.35,2.58,89.5,52.6,-0.0827,0.506,6.17
full_season,Active 2-GKP Rotation,Active 2-GKP,Verbruggen (BHA) + Leno (FUL),Verbruggen,BHA,4.5,Leno,FUL,4.5,9.0,38,227.94,6.0,5.851,77.9,72.57,2.63,89.5,47.4,-0.0088,0.5072,12.2
gw1_3,Active 2-GKP Rotation,Active 2-GKP,Verbruggen (BHA) + Scherpen (IPS),Verbruggen,BHA,4.5,Scherpen,IPS,4.5,9.0,3,23.79,7.93,7.782,76.67,41.67,2.75,33.3,33.3,0.0,0.5198,1.34
gw4_19,Active 2-GKP Rotation,Active 2-GKP,Verbruggen (BHA) + Scherpen (IPS),Verbruggen,BHA,4.5,Scherpen,IPS,4.5,9.0,16,95.91,5.99,5.847,79.32,76.29,2.56,93.8,50.0,-0.0053,0.5094,5.27
gw1_19,Active 2-GKP Rotation,Active 2-GKP,Verbruggen (BHA) + Scherpen (IPS),Verbruggen,BHA,4.5,Scherpen,IPS,4.5,9.0,19,113.82,5.99,5.843,78.26,73.78,2.58,89.5,52.6,-0.0074,0.511,6.31
full_season,Active 2-GKP Rotation,Active 2-GKP,Verbruggen (BHA) + Scherpen (IPS),Verbruggen,BHA,4.5,Scherpen,IPS,4.5,9.0,38,227.23,5.98,5.833,77.37,72.02,2.63,89.5,47.4,0.0644,0.5163,12.36
gw1_3,Active 2-GKP Rotation,Active 2-GKP,Verbruggen (BHA) + Donnarumma (MCI),Verbruggen,BHA,4.5,Donnarumma,MCI,5.5,10.0,3,25.44,8.48,8.037,74.07,35.17,2.75,33.3,33.3,0.866,0.3675,1.72
gw4_19,Active 2-GKP Rotation,Active 2-GKP,Verbruggen (BHA) + Donnarumma (MCI),Verbruggen,BHA,4.5,Donnarumma,MCI,5.5,10.0,16,103.72,6.48,6.041,83.36,78.07,2.56,93.8,50.0,-0.2424,0.3861,7.06
gw1_19,Active 2-GKP Rotation,Active 2-GKP,Verbruggen (BHA) + Donnarumma (MCI),Verbruggen,BHA,4.5,Donnarumma,MCI,5.5,10.0,19,123.28,6.49,6.047,83.19,77.41,2.58,94.7,47.4,-0.14,0.3832,8.48
full_season,Active 2-GKP Rotation,Active 2-GKP,Verbruggen (BHA) + Donnarumma (MCI),Verbruggen,BHA,4.5,Donnarumma,MCI,5.5,10.0,38,245.78,6.47,6.026,83.3,78.56,2.58,97.4,44.7,-0.1178,0.3889,16.88
gw1_3,Active 2-GKP Rotation,Active 2-GKP,Verbruggen (BHA) + Trafford (LEE),Verbruggen,BHA,4.5,Trafford,LEE,5.0,9.5,3,23.68,7.89,7.599,76.67,41.67,2.75,33.3,33.3,0.0,0.5285,1.2
gw4_19,Active 2-GKP Rotation,Active 2-GKP,Verbruggen (BHA) + Trafford (LEE),Verbruggen,BHA,4.5,Trafford,LEE,5.0,9.5,16,96.79,6.05,5.755,77.99,76.9,2.62,100.0,37.5,0.1352,0.5344,4.98
gw1_19,Active 2-GKP Rotation,Active 2-GKP,Verbruggen (BHA) + Trafford (LEE),Verbruggen,BHA,4.5,Trafford,LEE,5.0,9.5,19,114.74,6.04,5.745,77.78,76.82,2.63,100.0,36.8,0.1259,0.5334,5.95
full_season,Active 2-GKP Rotation,Active 2-GKP,Verbruggen (BHA) + Trafford (LEE),Verbruggen,BHA,4.5,Trafford,LEE,5.0,9.5,38,229.59,6.04,5.747,77.73,76.57,2.61,97.4,42.1,0.0659,0.5305,12.13
gw1_3,Active 2-GKP Rotation,Active 2-GKP,Verbruggen (BHA) + Lammens (MUN),Verbruggen,BHA,4.5,Lammens,MUN,5.0,9.5,3,24.95,8.32,8.021,83.93,59.83,2.25,33.3,33.3,-0.866,0.4087,1.63
gw4_19,Active 2-GKP Rotation,Active 2-GKP,Verbruggen (BHA) + Lammens (MUN),Verbruggen,BHA,4.5,Lammens,MUN,5.0,9.5,16,96.19,6.01,5.717,76.6,75.04,2.69,93.8,37.5,-0.2277,0.4936,5.38
gw1_19,Active 2-GKP Rotation,Active 2-GKP,Verbruggen (BHA) + Lammens (MUN),Verbruggen,BHA,4.5,Lammens,MUN,5.0,9.5,19,115.25,6.07,5.772,78.83,78.28,2.58,94.7,47.4,-0.2564,0.4802,6.72
full_season,Active 2-GKP Rotation,Active 2-GKP,Verbruggen (BHA) + Lammens (MUN),Verbruggen,BHA,4.5,Lammens,MUN,5.0,9.5,38,232.24,6.11,5.817,80.82,81.33,2.5,94.7,55.3,-0.417,0.474,13.79
gw1_3,Active 2-GKP Rotation,Active 2-GKP,Verbruggen (BHA) + Pope (NEW),Verbruggen,BHA,4.5,Pope,NEW,5.0,9.5,3,23.58,7.86,7.565,74.33,35.83,3.0,33.3,33.3,0.0,0.5405,1.09
gw4_19,Active 2-GKP Rotation,Active 2-GKP,Verbruggen (BHA) + Pope (NEW),Verbruggen,BHA,4.5,Pope,NEW,5.0,9.5,16,95.69,5.98,5.686,76.87,77.05,2.56,93.8,50.0,-0.1069,0.5145,5.09
gw1_19,Active 2-GKP Rotation,Active 2-GKP,Verbruggen (BHA) + Pope (NEW),Verbruggen,BHA,4.5,Pope,NEW,5.0,9.5,19,113.59,5.98,5.684,76.85,77.09,2.58,94.7,47.4,-0.0978,0.5186,6.03
full_season,Active 2-GKP Rotation,Active 2-GKP,Verbruggen (BHA) + Pope (NEW),Verbruggen,BHA,4.5,Pope,NEW,5.0,9.5,38,227.4,5.98,5.69,74.8,71.73,2.63,89.5,47.4,0.1032,0.5208,12.08
gw1_3,Active 2-GKP Rotation,Active 2-GKP,Verbruggen (BHA) + Sels (NFO),Verbruggen,BHA,4.5,Sels,NFO,5.0,9.5,3,24.64,8.21,7.919,75.17,37.92,2.75,33.3,33.3,0.5,0.4926,1.33
gw4_19,Active 2-GKP Rotation,Active 2-GKP,Verbruggen (BHA) + Sels (NFO),Verbruggen,BHA,4.5,Sels,NFO,5.0,9.5,16,98.31,6.14,5.85,83.21,85.88,2.44,100.0,56.2,-0.4781,0.4917,5.89
gw1_19,Active 2-GKP Rotation,Active 2-GKP,Verbruggen (BHA) + Sels (NFO),Verbruggen,BHA,4.5,Sels,NFO,5.0,9.5,19,117.07,6.16,5.867,81.64,81.22,2.47,94.7,57.9,-0.3209,0.4919,6.93
full_season,Active 2-GKP Rotation,Active 2-GKP,Verbruggen (BHA) + Sels (NFO),Verbruggen,BHA,4.5,Sels,NFO,5.0,9.5,38,233.54,6.15,5.851,80.48,79.0,2.53,94.7,52.6,-0.1888,0.4984,13.43
gw1_3,Active 2-GKP Rotation,Active 2-GKP,Verbruggen (BHA) + Roefs (SUN),Verbruggen,BHA,4.5,Roefs,SUN,5.0,9.5,3,24.91,8.3,8.008,83.93,59.83,2.25,33.3,33.3,-0.866,0.4274,1.58
gw4_19,Active 2-GKP Rotation,Active 2-GKP,Verbruggen (BHA) + Roefs (SUN),Verbruggen,BHA,4.5,Roefs,SUN,5.0,9.5,16,97.64,6.1,5.808,79.71,78.94,2.56,93.8,50.0,-0.359,0.5051,5.61
gw1_19,Active 2-GKP Rotation,Active 2-GKP,Verbruggen (BHA) + Roefs (SUN),Verbruggen,BHA,4.5,Roefs,SUN,5.0,9.5,19,116.67,6.14,5.846,81.4,81.54,2.47,94.7,57.9,-0.3632,0.4928,6.89
full_season,Active 2-GKP Rotation,Active 2-GKP,Verbruggen (BHA) + Roefs (SUN),Verbruggen,BHA,4.5,Roefs,SUN,5.0,9.5,38,232.73,6.12,5.83,80.58,80.18,2.53,94.7,52.6,-0.3451,0.4988,13.24
gw1_3,Active 2-GKP Rotation,Active 2-GKP,Verbruggen (BHA) + Kinsky (TOT),Verbruggen,BHA,4.5,Kinsky,TOT,4.5,9.0,3,23.47,7.82,7.675,81.6,54.0,2.5,33.3,33.3,-0.866,0.4939,1.17
gw4_19,Active 2-GKP Rotation,Active 2-GKP,Verbruggen (BHA) + Kinsky (TOT),Verbruggen,BHA,4.5,Kinsky,TOT,4.5,9.0,16,96.02,6.0,5.854,76.85,69.81,2.62,87.5,50.0,0.2469,0.5308,5.27
gw1_19,Active 2-GKP Rotation,Active 2-GKP,Verbruggen (BHA) + Kinsky (TOT),Verbruggen,BHA,4.5,Kinsky,TOT,4.5,9.0,19,113.92,6.0,5.849,77.88,72.61,2.58,89.5,52.6,0.1486,0.525,6.21
full_season,Active 2-GKP Rotation,Active 2-GKP,Verbruggen (BHA) + Kinsky (TOT),Verbruggen,BHA,4.5,Kinsky,TOT,4.5,9.0,38,227.9,6.0,5.85,76.8,69.86,2.63,86.8,50.0,0.1772,0.5315,12.24
gw1_3,Active 2-GKP Rotation,Active 2-GKP,Verbruggen (BHA) + Tzolakis (HUL),Verbruggen,BHA,4.5,Tzolakis,HUL,4.5,9.0,3,22.88,7.63,7.479,78.17,45.42,2.75,33.3,33.3,-0.5,0.4947,1.3
gw4_19,Active 2-GKP Rotation,Active 2-GKP,Verbruggen (BHA) + Tzolakis (HUL),Verbruggen,BHA,4.5,Tzolakis,HUL,4.5,9.0,16,95.83,5.99,5.842,80.97,80.61,2.62,100.0,37.5,-0.359,0.5181,5.17
gw1_19,Active 2-GKP Rotation,Active 2-GKP,Verbruggen (BHA) + Tzolakis (HUL),Verbruggen,BHA,4.5,Tzolakis,HUL,4.5,9.0,19,113.91,6.0,5.848,81.55,81.81,2.58,100.0,42.1,-0.3761,0.5144,6.31
full_season,Active 2-GKP Rotation,Active 2-GKP,Verbruggen (BHA) + Tzolakis (HUL),Verbruggen,BHA,4.5,Tzolakis,HUL,4.5,9.0,38,227.64,5.99,5.843,81.35,81.53,2.55,97.4,47.4,-0.4325,0.5123,12.66
gw1_3,Active 2-GKP Rotation,Active 2-GKP,Verbruggen (BHA) + Horníček (NEW),Verbruggen,BHA,4.5,Horníček,NEW,5.0,9.5,3,22.78,7.59,7.3,74.33,35.83,3.0,33.3,33.3,0.0,0.5454,1.09
gw4_19,Active 2-GKP Rotation,Active 2-GKP,Verbruggen (BHA) + Horníček (NEW),Verbruggen,BHA,4.5,Horníček,NEW,5.0,9.5,16,95.41,5.96,5.669,76.57,77.05,2.56,93.8,50.0,-0.1069,0.5196,4.9
gw1_19,Active 2-GKP Rotation,Active 2-GKP,Verbruggen (BHA) + Horníček (NEW),Verbruggen,BHA,4.5,Horníček,NEW,5.0,9.5,19,113.31,5.96,5.669,76.59,77.09,2.58,94.7,47.4,-0.0978,0.5237,5.84
full_season,Active 2-GKP Rotation,Active 2-GKP,Verbruggen (BHA) + Horníček (NEW),Verbruggen,BHA,4.5,Horníček,NEW,5.0,9.5,38,226.34,5.96,5.662,74.32,71.73,2.63,89.5,47.4,0.1032,0.5259,11.59
gw1_3,Active 2-GKP Rotation,Active 2-GKP,Rushworth (COV) + Petrović (BOU),Rushworth,COV,4.5,Petrović,BOU,4.5,9.0,3,22.42,7.47,7.325,68.17,20.42,3.75,33.3,33.3,0.5,0.6506,0.7
gw4_19,Active 2-GKP Rotation,Active 2-GKP,Rushworth (COV) + Petrović (BOU),Rushworth,COV,4.5,Petrović,BOU,4.5,9.0,16,95.4,5.96,5.815,81.52,83.13,2.44,100.0,56.2,-0.1124,0.524,5.11
gw1_19,Active 2-GKP Rotation,Active 2-GKP,Rushworth (COV) + Petrović (BOU),Rushworth,COV,4.5,Petrović,BOU,4.5,9.0,19,112.59,5.93,5.779,77.66,75.06,2.58,94.7,52.6,0.1739,0.544,5.72
full_season,Active 2-GKP Rotation,Active 2-GKP,Rushworth (COV) + Petrović (BOU),Rushworth,COV,4.5,Petrović,BOU,4.5,9.0,38,223.63,5.88,5.738,74.9,69.93,2.68,89.5,44.7,0.1793,0.5546,11.0
gw1_3,Active 2-GKP Rotation,Active 2-GKP,Rushworth (COV) + Kelleher (BRE),Rushworth,COV,4.5,Kelleher,BRE,5.0,9.5,3,23.74,7.91,7.62,75.83,39.58,3.0,33.3,33.3,-0.5,0.5425,1.18
gw4_19,Active 2-GKP Rotation,Active 2-GKP,Rushworth (COV) + Kelleher (BRE),Rushworth,COV,4.5,Kelleher,BRE,5.0,9.5,16,95.52,5.97,5.675,76.62,76.9,2.56,93.8,50.0,-0.0863,0.5258,5.05
gw1_19,Active 2-GKP Rotation,Active 2-GKP,Rushworth (COV) + Kelleher (BRE),Rushworth,COV,4.5,Kelleher,BRE,5.0,9.5,19,113.8,5.99,5.695,77.9,79.27,2.53,94.7,52.6,-0.2241,0.5285,6.13
full_season,Active 2-GKP Rotation,Active 2-GKP,Rushworth (COV) + Kelleher (BRE),Rushworth,COV,4.5,Kelleher,BRE,5.0,9.5,38,227.69,5.99,5.697,77.37,77.82,2.58,94.7,47.4,-0.1951,0.5343,11.97
gw1_3,Active 2-GKP Rotation,Active 2-GKP,Rushworth (COV) + Sánchez (CHE),Rushworth,COV,4.5,Sánchez,CHE,5.0,9.5,3,22.75,7.58,7.288,67.4,18.5,3.75,33.3,33.3,0.7559,0.6263,0.84
gw4_19,Active 2-GKP Rotation,Active 2-GKP,Rushworth (COV) + Sánchez (CHE),Rushworth,COV,4.5,Sánchez,CHE,5.0,9.5,16,94.97,5.94,5.641,76.72,78.62,2.5,93.8,56.2,-0.1222,0.5307,4.96
gw1_19,Active 2-GKP Rotation,Active 2-GKP,Rushworth (COV) + Sánchez (CHE),Rushworth,COV,4.5,Sánchez,CHE,5.0,9.5,19,112.25,5.91,5.613,73.07,70.68,2.63,89.5,52.6,0.2429,0.5458,5.7
full_season,Active 2-GKP Rotation,Active 2-GKP,Rushworth (COV) + Sánchez (CHE),Rushworth,COV,4.5,Sánchez,CHE,5.0,9.5,38,224.12,5.9,5.603,72.03,68.5,2.68,86.8,47.4,0.1939,0.5557,11.17
gw1_3,Active 2-GKP Rotation,Active 2-GKP,Rushworth (COV) + Henderson (CRY),Rushworth,COV,4.5,Henderson,CRY,5.0,9.5,3,23.09,7.7,7.401,75.0,37.5,3.25,33.3,33.3,-1.0,0.6165,1.0
gw4_19,Active 2-GKP Rotation,Active 2-GKP,Rushworth (COV) + Henderson (CRY),Rushworth,COV,4.5,Henderson,CRY,5.0,9.5,16,94.77,5.92,5.629,72.03,67.39,2.69,87.5,43.8,0.3755,0.5347,4.7
gw1_19,Active 2-GKP Rotation,Active 2-GKP,Rushworth (COV) + Henderson (CRY),Rushworth,COV,4.5,Henderson,CRY,5.0,9.5,19,112.4,5.92,5.621,73.0,70.17,2.68,89.5,42.1,0.1471,0.5476,5.6
full_season,Active 2-GKP Rotation,Active 2-GKP,Rushworth (COV) + Henderson (CRY),Rushworth,COV,4.5,Henderson,CRY,5.0,9.5,38,225.21,5.93,5.632,73.67,71.38,2.66,89.5,44.7,0.067,0.5466,11.35
gw1_3,Active 2-GKP Rotation,Active 2-GKP,Rushworth (COV) + Pickford (EVE),Rushworth,COV,4.5,Pickford,EVE,5.5,10.0,3,22.86,7.62,7.18,68.17,20.42,3.5,33.3,33.3,0.5,0.6134,0.87
gw4_19,Active 2-GKP Rotation,Active 2-GKP,Rushworth (COV) + Pickford (EVE),Rushworth,COV,4.5,Pickford,EVE,5.5,10.0,16,96.6,6.04,5.596,78.58,85.19,2.44,100.0,56.2,-0.387,0.5138,5.28
gw1_19,Active 2-GKP Rotation,Active 2-GKP,Rushworth (COV) + Pickford (EVE),Rushworth,COV,4.5,Pickford,EVE,5.5,10.0,19,114.0,6.0,5.558,75.31,78.62,2.53,94.7,52.6,-0.1377,0.5295,6.05
full_season,Active 2-GKP Rotation,Active 2-GKP,Rushworth (COV) + Pickford (EVE),Rushworth,COV,4.5,Pickford,EVE,5.5,10.0,38,226.52,5.96,5.519,73.46,75.66,2.58,92.1,50.0,-0.0828,0.5331,11.95
gw1_3,Active 2-GKP Rotation,Active 2-GKP,Rushworth (COV) + Leno (FUL),Rushworth,COV,4.5,Leno,FUL,4.5,9.0,3,22.65,7.55,7.403,68.17,20.42,3.5,33.3,33.3,0.5,0.6187,0.93
gw4_19,Active 2-GKP Rotation,Active 2-GKP,Rushworth (COV) + Leno (FUL),Rushworth,COV,4.5,Leno,FUL,4.5,9.0,16,95.22,5.95,5.804,80.66,81.49,2.5,100.0,50.0,-0.0874,0.5214,5.02
gw1_19,Active 2-GKP Rotation,Active 2-GKP,Rushworth (COV) + Leno (FUL),Rushworth,COV,4.5,Leno,FUL,4.5,9.0,19,112.55,5.92,5.776,77.96,75.92,2.58,94.7,47.4,0.0585,0.5368,5.78
full_season,Active 2-GKP Rotation,Active 2-GKP,Rushworth (COV) + Leno (FUL),Rushworth,COV,4.5,Leno,FUL,4.5,9.0,38,224.29,5.9,5.755,76.98,74.36,2.63,94.7,42.1,0.1026,0.5434,11.41
gw1_3,Active 2-GKP Rotation,Active 2-GKP,Rushworth (COV) + Scherpen (IPS),Rushworth,COV,4.5,Scherpen,IPS,4.5,9.0,3,23.09,7.7,7.549,73.5,33.75,3.25,33.3,33.3,-0.5,0.5996,1.06
gw4_19,Active 2-GKP Rotation,Active 2-GKP,Rushworth (COV) + Scherpen (IPS),Rushworth,COV,4.5,Scherpen,IPS,4.5,9.0,16,93.96,5.87,5.725,74.51,69.49,2.69,93.8,37.5,0.5118,0.5329,4.5
gw1_19,Active 2-GKP Rotation,Active 2-GKP,Rushworth (COV) + Scherpen (IPS),Rushworth,COV,4.5,Scherpen,IPS,4.5,9.0,19,111.58,5.87,5.725,74.52,69.49,2.68,89.5,42.1,0.2381,0.5435,5.46
full_season,Active 2-GKP Rotation,Active 2-GKP,Rushworth (COV) + Scherpen (IPS),Rushworth,COV,4.5,Scherpen,IPS,4.5,9.0,38,221.83,5.84,5.69,73.72,68.99,2.74,89.5,36.8,0.1399,0.5525,10.68
gw1_3,Active 2-GKP Rotation,Active 2-GKP,Rushworth (COV) + Donnarumma (MCI),Rushworth,COV,4.5,Donnarumma,MCI,5.5,10.0,3,25.02,8.34,7.899,75.83,39.58,3.0,33.3,33.3,-0.5,0.4167,1.52
gw4_19,Active 2-GKP Rotation,Active 2-GKP,Rushworth (COV) + Donnarumma (MCI),Rushworth,COV,4.5,Donnarumma,MCI,5.5,10.0,16,103.64,6.48,6.036,85.24,83.01,2.44,100.0,56.2,-0.096,0.4011,7.21
gw1_19,Active 2-GKP Rotation,Active 2-GKP,Rushworth (COV) + Donnarumma (MCI),Rushworth,COV,4.5,Donnarumma,MCI,5.5,10.0,19,123.2,6.48,6.042,85.78,84.06,2.42,100.0,57.9,-0.1852,0.4036,8.63
full_season,Active 2-GKP Rotation,Active 2-GKP,Rushworth (COV) + Donnarumma (MCI),Rushworth,COV,4.5,Donnarumma,MCI,5.5,10.0,38,245.46,6.46,6.018,83.53,79.49,2.55,97.4,47.4,-0.1607,0.4147,16.95
gw1_3,Active 2-GKP Rotation,Active 2-GKP,Rushworth (COV) + Trafford (LEE),Rushworth,COV,4.5,Trafford,LEE,5.0,9.5,3,23.2,7.73,7.439,72.0,30.0,3.25,33.3,33.3,0.0,0.6162,0.96
gw4_19,Active 2-GKP Rotation,Active 2-GKP,Rushworth (COV) + Trafford (LEE),Rushworth,COV,4.5,Trafford,LEE,5.0,9.5,16,95.96,6.0,5.703,78.12,79.45,2.5,93.8,56.2,-0.2326,0.5485,4.92
gw1_19,Active 2-GKP Rotation,Active 2-GKP,Rushworth (COV) + Trafford (LEE),Rushworth,COV,4.5,Trafford,LEE,5.0,9.5,19,113.7,5.98,5.69,77.71,79.0,2.53,94.7,52.6,-0.1887,0.5592,5.78
full_season,Active 2-GKP Rotation,Active 2-GKP,Rushworth (COV) + Trafford (LEE),Rushworth,COV,4.5,Trafford,LEE,5.0,9.5,38,226.48,5.96,5.666,76.6,77.27,2.61,94.7,44.7,-0.2032,0.5638,11.15
gw1_3,Active 2-GKP Rotation,Active 2-GKP,Rushworth (COV) + Lammens (MUN),Rushworth,COV,4.5,Lammens,MUN,5.0,9.5,3,23.94,7.98,7.684,72.83,32.08,3.0,33.3,33.3,0.5,0.489,1.28
gw4_19,Active 2-GKP Rotation,Active 2-GKP,Rushworth (COV) + Lammens (MUN),Rushworth,COV,4.5,Lammens,MUN,5.0,9.5,16,95.21,5.95,5.656,78.25,81.81,2.56,100.0,43.8,-0.3246,0.5112,5.1
gw1_19,Active 2-GKP Rotation,Active 2-GKP,Rushworth (COV) + Lammens (MUN),Rushworth,COV,4.5,Lammens,MUN,5.0,9.5,19,113.68,5.98,5.689,79.07,82.45,2.53,100.0,47.4,-0.2975,0.5077,6.28
full_season,Active 2-GKP Rotation,Active 2-GKP,Rushworth (COV) + Lammens (MUN),Rushworth,COV,4.5,Lammens,MUN,5.0,9.5,38,227.2,5.98,5.685,78.45,81.06,2.55,100.0,44.7,-0.1939,0.5098,12.64
gw1_3,Active 2-GKP Rotation,Active 2-GKP,Rushworth (COV) + Pope (NEW),Rushworth,COV,4.5,Pope,NEW,5.0,9.5,3,22.87,7.62,7.331,68.17,20.42,3.5,33.3,33.3,0.5,0.6326,0.75
gw4_19,Active 2-GKP Rotation,Active 2-GKP,Rushworth (COV) + Pope (NEW),Rushworth,COV,4.5,Pope,NEW,5.0,9.5,16,94.43,5.9,5.608,72.99,70.71,2.62,87.5,50.0,0.127,0.5346,4.99
gw1_19,Active 2-GKP Rotation,Active 2-GKP,Rushworth (COV) + Pope (NEW),Rushworth,COV,4.5,Pope,NEW,5.0,9.5,19,111.84,5.89,5.592,71.17,66.85,2.68,84.2,47.4,0.2394,0.5501,5.65
full_season,Active 2-GKP Rotation,Active 2-GKP,Rushworth (COV) + Pope (NEW),Rushworth,COV,4.5,Pope,NEW,5.0,9.5,38,222.73,5.86,5.567,71.56,68.9,2.68,86.8,44.7,0.1408,0.5563,11.1
gw1_3,Active 2-GKP Rotation,Active 2-GKP,Rushworth (COV) + Sels (NFO),Rushworth,COV,4.5,Sels,NFO,5.0,9.5,3,23.91,7.97,7.677,76.93,42.33,3.0,33.3,33.3,-0.866,0.5598,1.18
gw4_19,Active 2-GKP Rotation,Active 2-GKP,Rushworth (COV) + Sels (NFO),Rushworth,COV,4.5,Sels,NFO,5.0,9.5,16,96.49,6.03,5.736,77.4,76.25,2.56,93.8,50.0,0.0,0.5144,5.14
gw1_19,Active 2-GKP Rotation,Active 2-GKP,Rushworth (COV) + Sels (NFO),Rushworth,COV,4.5,Sels,NFO,5.0,9.5,19,114.93,6.05,5.755,78.89,79.17,2.53,94.7,52.6,-0.2104,0.5215,6.22
full_season,Active 2-GKP Rotation,Active 2-GKP,Rushworth (COV) + Sels (NFO),Rushworth,COV,4.5,Sels,NFO,5.0,9.5,38,229.07,6.03,5.734,78.63,79.42,2.58,97.4,44.7,-0.2325,0.5328,12.16
gw1_3,Active 2-GKP Rotation,Active 2-GKP,Rushworth (COV) + Roefs (SUN),Rushworth,COV,4.5,Roefs,SUN,5.0,9.5,3,24.01,8.0,7.71,72.83,32.08,3.0,33.3,33.3,0.5,0.5108,1.2
gw4_19,Active 2-GKP Rotation,Active 2-GKP,Rushworth (COV) + Roefs (SUN),Rushworth,COV,4.5,Roefs,SUN,5.0,9.5,16,95.6,5.98,5.681,77.01,77.63,2.62,100.0,37.5,0.0382,0.529,4.98
gw1_19,Active 2-GKP Rotation,Active 2-GKP,Rushworth (COV) + Roefs (SUN),Rushworth,COV,4.5,Roefs,SUN,5.0,9.5,19,114.15,6.01,5.714,78.31,79.49,2.58,100.0,42.1,-0.0661,0.5261,6.08
full_season,Active 2-GKP Rotation,Active 2-GKP,Rushworth (COV) + Roefs (SUN),Rushworth,COV,4.5,Roefs,SUN,5.0,9.5,38,227.56,5.99,5.694,77.26,77.68,2.63,97.4,39.5,-0.1649,0.5363,12.03
gw1_3,Active 2-GKP Rotation,Active 2-GKP,Rushworth (COV) + Kinsky (TOT),Rushworth,COV,4.5,Kinsky,TOT,4.5,9.0,3,22.85,7.62,7.471,69.0,22.5,3.25,33.3,33.3,1.0,0.592,0.95
gw4_19,Active 2-GKP Rotation,Active 2-GKP,Rushworth (COV) + Kinsky (TOT),Rushworth,COV,4.5,Kinsky,TOT,4.5,9.0,16,95.1,5.94,5.797,76.56,71.53,2.56,87.5,56.2,0.2122,0.5485,4.91
gw1_19,Active 2-GKP Rotation,Active 2-GKP,Rushworth (COV) + Kinsky (TOT),Rushworth,COV,4.5,Kinsky,TOT,4.5,9.0,19,112.49,5.92,5.773,76.45,72.27,2.58,89.5,52.6,0.1948,0.5554,5.75
full_season,Active 2-GKP Rotation,Active 2-GKP,Rushworth (COV) + Kinsky (TOT),Rushworth,COV,4.5,Kinsky,TOT,4.5,9.0,38,223.72,5.89,5.74,75.08,70.26,2.66,89.5,44.7,0.2167,0.5682,10.95
gw1_3,Active 2-GKP Rotation,Active 2-GKP,Rushworth (COV) + Tzolakis (HUL),Rushworth,COV,4.5,Tzolakis,HUL,4.5,9.0,3,21.99,7.33,7.182,67.07,17.67,3.5,33.3,33.3,0.866,0.5957,0.76
gw4_19,Active 2-GKP Rotation,Active 2-GKP,Rushworth (COV) + Tzolakis (HUL),Rushworth,COV,4.5,Tzolakis,HUL,4.5,9.0,16,93.97,5.87,5.726,76.23,73.74,2.62,93.8,43.8,0.1401,0.5402,4.8
gw1_19,Active 2-GKP Rotation,Active 2-GKP,Rushworth (COV) + Tzolakis (HUL),Rushworth,COV,4.5,Tzolakis,HUL,4.5,9.0,19,111.16,5.85,5.704,74.12,69.44,2.68,89.5,42.1,0.2449,0.549,5.4
full_season,Active 2-GKP Rotation,Active 2-GKP,Rushworth (COV) + Tzolakis (HUL),Rushworth,COV,4.5,Tzolakis,HUL,4.5,9.0,38,221.03,5.82,5.669,73.37,69.02,2.71,89.5,39.5,0.2181,0.5531,10.38
gw1_3,Active 2-GKP Rotation,Active 2-GKP,Rushworth (COV) + Horníček (NEW),Rushworth,COV,4.5,Horníček,NEW,5.0,9.5,3,22.08,7.36,7.066,68.17,20.42,3.5,33.3,33.3,0.5,0.6383,0.75
gw4_19,Active 2-GKP Rotation,Active 2-GKP,Rushworth (COV) + Horníček (NEW),Rushworth,COV,4.5,Horníček,NEW,5.0,9.5,16,93.77,5.86,5.566,72.28,70.71,2.62,87.5,50.0,0.127,0.5399,4.5
gw1_19,Active 2-GKP Rotation,Active 2-GKP,Rushworth (COV) + Horníček (NEW),Rushworth,COV,4.5,Horníček,NEW,5.0,9.5,19,110.96,5.84,5.546,70.38,66.85,2.68,84.2,47.4,0.2394,0.5555,5.1
full_season,Active 2-GKP Rotation,Active 2-GKP,Rushworth (COV) + Horníček (NEW),Rushworth,COV,4.5,Horníček,NEW,5.0,9.5,38,220.52,5.8,5.509,70.57,68.9,2.68,86.8,44.7,0.1408,0.5617,9.79
gw1_3,Active 2-GKP Rotation,Active 2-GKP,Petrović (BOU) + Kelleher (BRE),Petrović,BOU,4.5,Kelleher,BRE,5.0,9.5,3,22.98,7.66,7.367,70.5,26.25,3.25,33.3,33.3,0.5,0.5556,1.04
gw4_19,Active 2-GKP Rotation,Active 2-GKP,Petrović (BOU) + Kelleher (BRE),Petrović,BOU,4.5,Kelleher,BRE,5.0,9.5,16,95.57,5.97,5.679,75.4,73.71,2.56,87.5,56.2,-0.0779,0.5338,5.19
gw1_19,Active 2-GKP Rotation,Active 2-GKP,Petrović (BOU) + Kelleher (BRE),Petrović,BOU,4.5,Kelleher,BRE,5.0,9.5,19,113.33,5.96,5.67,75.5,74.31,2.58,89.5,52.6,-0.0773,0.5373,6.14
full_season,Active 2-GKP Rotation,Active 2-GKP,Petrović (BOU) + Kelleher (BRE),Petrović,BOU,4.5,Kelleher,BRE,5.0,9.5,38,227.13,5.98,5.683,76.69,76.76,2.55,92.1,52.6,-0.1472,0.5368,12.21
gw1_3,Active 2-GKP Rotation,Active 2-GKP,Petrović (BOU) + Sánchez (CHE),Petrović,BOU,4.5,Sánchez,CHE,5.0,9.5,3,22.01,7.34,7.042,72.57,31.42,3.25,33.3,33.3,-0.189,0.6183,0.8
gw4_19,Active 2-GKP Rotation,Active 2-GKP,Petrović (BOU) + Sánchez (CHE),Petrović,BOU,4.5,Sánchez,CHE,5.0,9.5,16,93.95,5.87,5.577,75.36,77.95,2.44,93.8,68.8,0.1629,0.5394,5.04
gw1_19,Active 2-GKP Rotation,Active 2-GKP,Petrović (BOU) + Sánchez (CHE),Petrović,BOU,4.5,Sánchez,CHE,5.0,9.5,19,110.73,5.83,5.534,74.6,77.9,2.47,94.7,63.2,0.1215,0.5519,5.75
full_season,Active 2-GKP Rotation,Active 2-GKP,Petrović (BOU) + Sánchez (CHE),Petrović,BOU,4.5,Sánchez,CHE,5.0,9.5,38,220.38,5.8,5.505,73.98,77.59,2.53,94.7,55.3,0.0,0.5564,11.33
gw1_3,Active 2-GKP Rotation,Active 2-GKP,Petrović (BOU) + Henderson (CRY),Petrović,BOU,4.5,Henderson,CRY,5.0,9.5,3,22.17,7.39,7.096,71.17,27.92,3.5,33.3,0.0,-0.5,0.6277,0.84
gw4_19,Active 2-GKP Rotation,Active 2-GKP,Petrović (BOU) + Henderson (CRY),Petrović,BOU,4.5,Henderson,CRY,5.0,9.5,16,94.51,5.91,5.613,76.99,80.52,2.44,93.8,62.5,-0.1802,0.5377,5.23
gw1_19,Active 2-GKP Rotation,Active 2-GKP,Petrović (BOU) + Henderson (CRY),Petrović,BOU,4.5,Henderson,CRY,5.0,9.5,19,111.46,5.87,5.572,75.61,78.81,2.53,94.7,52.6,-0.1634,0.5519,5.97
full_season,Active 2-GKP Rotation,Active 2-GKP,Petrović (BOU) + Henderson (CRY),Petrović,BOU,4.5,Henderson,CRY,5.0,9.5,38,222.66,5.86,5.565,74.77,77.0,2.55,94.7,50.0,-0.0038,0.5483,11.84
gw1_3,Active 2-GKP Rotation,Active 2-GKP,Petrović (BOU) + Pickford (EVE),Petrović,BOU,4.5,Pickford,EVE,5.5,10.0,3,21.98,7.33,6.886,71.17,27.92,3.5,33.3,0.0,-0.5,0.6152,0.8
gw4_19,Active 2-GKP Rotation,Active 2-GKP,Petrović (BOU) + Pickford (EVE),Petrović,BOU,4.5,Pickford,EVE,5.5,10.0,16,94.7,5.92,5.477,73.53,77.67,2.5,93.8,56.2,0.0048,0.5248,5.27
gw1_19,Active 2-GKP Rotation,Active 2-GKP,Petrović (BOU) + Pickford (EVE),Petrović,BOU,4.5,Pickford,EVE,5.5,10.0,19,111.46,5.87,5.425,72.13,76.41,2.58,94.7,47.4,-0.0069,0.5391,5.98
full_season,Active 2-GKP Rotation,Active 2-GKP,Petrović (BOU) + Pickford (EVE),Petrović,BOU,4.5,Pickford,EVE,5.5,10.0,38,222.55,5.86,5.415,72.63,78.08,2.55,94.7,50.0,-0.1472,0.5352,12.29
gw1_3,Active 2-GKP Rotation,Active 2-GKP,Petrović (BOU) + Leno (FUL),Petrović,BOU,4.5,Leno,FUL,4.5,9.0,3,21.74,7.25,7.099,66.67,16.67,3.75,33.3,0.0,1.0,0.6252,0.76
gw4_19,Active 2-GKP Rotation,Active 2-GKP,Petrović (BOU) + Leno (FUL),Petrović,BOU,4.5,Leno,FUL,4.5,9.0,16,94.58,5.91,5.764,78.45,77.67,2.5,93.8,56.2,0.0048,0.5302,5.14
gw1_19,Active 2-GKP Rotation,Active 2-GKP,Petrović (BOU) + Leno (FUL),Petrović,BOU,4.5,Leno,FUL,4.5,9.0,19,111.09,5.85,5.7,74.91,71.57,2.63,89.5,47.4,0.1239,0.5452,5.81
full_season,Active 2-GKP Rotation,Active 2-GKP,Petrović (BOU) + Leno (FUL),Petrović,BOU,4.5,Leno,FUL,4.5,9.0,38,221.72,5.83,5.688,74.76,71.72,2.63,89.5,47.4,0.104,0.5454,11.55
gw1_3,Active 2-GKP Rotation,Active 2-GKP,Petrović (BOU) + Scherpen (IPS),Petrović,BOU,4.5,Scherpen,IPS,4.5,9.0,3,22.17,7.39,7.244,75.0,37.5,3.25,33.3,0.0,-1.0,0.6062,0.89
gw4_19,Active 2-GKP Rotation,Active 2-GKP,Petrović (BOU) + Scherpen (IPS),Petrović,BOU,4.5,Scherpen,IPS,4.5,9.0,16,92.44,5.78,5.63,78.1,82.54,2.5,100.0,50.0,-0.2271,0.5355,4.88
gw1_19,Active 2-GKP Rotation,Active 2-GKP,Petrović (BOU) + Scherpen (IPS),Petrović,BOU,4.5,Scherpen,IPS,4.5,9.0,19,109.39,5.76,5.61,77.77,82.56,2.53,100.0,47.4,-0.3121,0.5466,5.68
full_season,Active 2-GKP Rotation,Active 2-GKP,Petrović (BOU) + Scherpen (IPS),Petrović,BOU,4.5,Scherpen,IPS,4.5,9.0,38,217.25,5.72,5.57,75.35,78.24,2.61,97.4,42.1,-0.1576,0.5531,10.77
gw1_3,Active 2-GKP Rotation,Active 2-GKP,Petrović (BOU) + Donnarumma (MCI),Petrović,BOU,4.5,Donnarumma,MCI,5.5,10.0,3,24.78,8.26,7.819,70.5,26.25,3.25,33.3,33.3,0.5,0.4281,1.51
gw4_19,Active 2-GKP Rotation,Active 2-GKP,Petrović (BOU) + Donnarumma (MCI),Petrović,BOU,4.5,Donnarumma,MCI,5.5,10.0,16,103.47,6.47,6.025,77.14,63.18,2.69,81.2,50.0,0.5201,0.4143,7.05
gw1_19,Active 2-GKP Rotation,Active 2-GKP,Petrović (BOU) + Donnarumma (MCI),Petrović,BOU,4.5,Donnarumma,MCI,5.5,10.0,19,123.03,6.48,6.034,78.13,65.32,2.68,84.2,47.4,0.4431,0.4165,8.47
full_season,Active 2-GKP Rotation,Active 2-GKP,Petrović (BOU) + Donnarumma (MCI),Petrović,BOU,4.5,Donnarumma,MCI,5.5,10.0,38,245.25,6.45,6.012,78.19,66.36,2.71,86.8,42.1,0.3971,0.4215,16.71
gw1_3,Active 2-GKP Rotation,Active 2-GKP,Petrović (BOU) + Trafford (LEE),Petrović,BOU,4.5,Trafford,LEE,5.0,9.5,3,22.42,7.47,7.179,69.67,24.17,3.5,33.3,0.0,0.0,0.6228,0.78
gw4_19,Active 2-GKP Rotation,Active 2-GKP,Petrović (BOU) + Trafford (LEE),Petrović,BOU,4.5,Trafford,LEE,5.0,9.5,16,94.77,5.92,5.629,73.66,71.49,2.56,87.5,56.2,0.2186,0.561,4.64
gw1_19,Active 2-GKP Rotation,Active 2-GKP,Petrović (BOU) + Trafford (LEE),Petrović,BOU,4.5,Trafford,LEE,5.0,9.5,19,111.97,5.89,5.598,73.04,71.23,2.63,89.5,47.4,0.1698,0.5707,5.33
full_season,Active 2-GKP Rotation,Active 2-GKP,Petrović (BOU) + Trafford (LEE),Petrović,BOU,4.5,Trafford,LEE,5.0,9.5,38,223.45,5.88,5.586,72.08,69.39,2.68,89.5,42.1,0.2504,0.5701,10.31
gw1_3,Active 2-GKP Rotation,Active 2-GKP,Petrović (BOU) + Lammens (MUN),Petrović,BOU,4.5,Lammens,MUN,5.0,9.5,3,23.7,7.9,7.604,75.83,39.58,3.0,33.3,33.3,-0.5,0.4868,1.28
gw4_19,Active 2-GKP Rotation,Active 2-GKP,Petrović (BOU) + Lammens (MUN),Petrović,BOU,4.5,Lammens,MUN,5.0,9.5,16,94.38,5.9,5.605,76.92,80.68,2.56,100.0,43.8,-0.1735,0.521,5.19
gw1_19,Active 2-GKP Rotation,Active 2-GKP,Petrović (BOU) + Lammens (MUN),Petrović,BOU,4.5,Lammens,MUN,5.0,9.5,19,112.85,5.94,5.645,78.33,82.45,2.53,100.0,47.4,-0.2975,0.5156,6.37
full_season,Active 2-GKP Rotation,Active 2-GKP,Petrović (BOU) + Lammens (MUN),Petrović,BOU,4.5,Lammens,MUN,5.0,9.5,38,225.89,5.94,5.65,78.9,83.68,2.47,100.0,52.6,-0.2971,0.5107,13.09
gw1_3,Active 2-GKP Rotation,Active 2-GKP,Petrović (BOU) + Pope (NEW),Petrović,BOU,4.5,Pope,NEW,5.0,9.5,3,21.94,7.31,7.018,66.67,16.67,3.75,33.3,0.0,1.0,0.6393,0.73
gw4_19,Active 2-GKP Rotation,Active 2-GKP,Petrović (BOU) + Pope (NEW),Petrović,BOU,4.5,Pope,NEW,5.0,9.5,16,93.02,5.81,5.519,77.28,85.24,2.44,100.0,56.2,-0.3932,0.5398,5.19
gw1_19,Active 2-GKP Rotation,Active 2-GKP,Petrović (BOU) + Pope (NEW),Petrović,BOU,4.5,Pope,NEW,5.0,9.5,19,109.73,5.78,5.481,73.57,77.61,2.58,94.7,47.4,-0.1667,0.5555,5.82
full_season,Active 2-GKP Rotation,Active 2-GKP,Petrović (BOU) + Pope (NEW),Petrović,BOU,4.5,Pope,NEW,5.0,9.5,38,218.6,5.75,5.458,72.04,74.75,2.61,92.1,47.4,-0.0424,0.5575,11.55
gw1_3,Active 2-GKP Rotation,Active 2-GKP,Petrović (BOU) + Sels (NFO),Petrović,BOU,4.5,Sels,NFO,5.0,9.5,3,23.54,7.85,7.551,74.6,36.5,3.25,33.3,0.0,-0.866,0.5706,0.95
gw4_19,Active 2-GKP Rotation,Active 2-GKP,Petrović (BOU) + Sels (NFO),Petrović,BOU,4.5,Sels,NFO,5.0,9.5,16,96.43,6.03,5.732,80.29,83.61,2.44,100.0,56.2,-0.1758,0.5211,5.2
gw1_19,Active 2-GKP Rotation,Active 2-GKP,Petrović (BOU) + Sels (NFO),Petrović,BOU,4.5,Sels,NFO,5.0,9.5,19,114.74,6.04,5.745,80.47,83.55,2.47,100.0,52.6,-0.2805,0.5289,6.05
full_season,Active 2-GKP Rotation,Active 2-GKP,Petrović (BOU) + Sels (NFO),Petrović,BOU,4.5,Sels,NFO,5.0,9.5,38,229.22,6.03,5.738,80.6,84.16,2.47,100.0,52.6,-0.3623,0.5336,12.02
gw1_3,Active 2-GKP Rotation,Active 2-GKP,Petrović (BOU) + Roefs (SUN),Petrović,BOU,4.5,Roefs,SUN,5.0,9.5,3,23.77,7.92,7.63,75.83,39.58,3.0,33.3,33.3,-0.5,0.5088,1.2
gw4_19,Active 2-GKP Rotation,Active 2-GKP,Petrović (BOU) + Roefs (SUN),Petrović,BOU,4.5,Roefs,SUN,5.0,9.5,16,96.11,6.01,5.712,77.77,78.19,2.5,93.8,56.2,-0.0641,0.5347,4.87
gw1_19,Active 2-GKP Rotation,Active 2-GKP,Petrović (BOU) + Roefs (SUN),Petrović,BOU,4.5,Roefs,SUN,5.0,9.5,19,114.66,6.03,5.74,79.07,80.25,2.47,94.7,57.9,-0.1918,0.5306,5.97
full_season,Active 2-GKP Rotation,Active 2-GKP,Petrović (BOU) + Roefs (SUN),Petrović,BOU,4.5,Roefs,SUN,5.0,9.5,38,228.21,6.01,5.711,77.72,78.11,2.55,94.7,50.0,-0.1522,0.5378,11.66
gw1_3,Active 2-GKP Rotation,Active 2-GKP,Petrović (BOU) + Kinsky (TOT),Petrović,BOU,4.5,Kinsky,TOT,4.5,9.0,3,21.94,7.31,7.166,70.5,26.25,3.25,33.3,33.3,0.5,0.591,0.78
gw4_19,Active 2-GKP Rotation,Active 2-GKP,Petrović (BOU) + Kinsky (TOT),Petrović,BOU,4.5,Kinsky,TOT,4.5,9.0,16,93.72,5.86,5.71,75.7,73.09,2.56,87.5,56.2,0.0048,0.5569,4.78
gw1_19,Active 2-GKP Rotation,Active 2-GKP,Petrović (BOU) + Kinsky (TOT),Petrović,BOU,4.5,Kinsky,TOT,4.5,9.0,19,110.43,5.81,5.665,75.18,73.73,2.58,89.5,52.6,0.0,0.5622,5.47
full_season,Active 2-GKP Rotation,Active 2-GKP,Petrović (BOU) + Kinsky (TOT),Petrović,BOU,4.5,Kinsky,TOT,4.5,9.0,38,219.82,5.78,5.637,72.47,68.13,2.68,84.2,47.4,0.0679,0.5698,10.67
gw1_3,Active 2-GKP Rotation,Active 2-GKP,Petrović (BOU) + Tzolakis (HUL),Petrović,BOU,4.5,Tzolakis,HUL,4.5,9.0,3,21.06,7.02,6.874,67.07,17.67,3.5,33.3,33.3,0.866,0.5945,0.91
gw4_19,Active 2-GKP Rotation,Active 2-GKP,Petrović (BOU) + Tzolakis (HUL),Petrović,BOU,4.5,Tzolakis,HUL,4.5,9.0,16,92.32,5.77,5.623,77.96,82.5,2.5,100.0,50.0,-0.2217,0.5463,4.64
gw1_19,Active 2-GKP Rotation,Active 2-GKP,Petrović (BOU) + Tzolakis (HUL),Petrović,BOU,4.5,Tzolakis,HUL,4.5,9.0,19,108.59,5.72,5.568,74.78,76.91,2.58,94.7,47.4,-0.0738,0.5539,5.38
full_season,Active 2-GKP Rotation,Active 2-GKP,Petrović (BOU) + Tzolakis (HUL),Petrović,BOU,4.5,Tzolakis,HUL,4.5,9.0,38,217.21,5.72,5.569,75.41,78.44,2.55,94.7,50.0,-0.1951,0.5516,10.88
gw1_3,Active 2-GKP Rotation,Active 2-GKP,Petrović (BOU) + Horníček (NEW),Petrović,BOU,4.5,Horníček,NEW,5.0,9.5,3,20.81,6.94,6.643,66.67,16.67,3.75,33.3,0.0,1.0,0.645,0.72
gw4_19,Active 2-GKP Rotation,Active 2-GKP,Petrović (BOU) + Horníček (NEW),Petrović,BOU,4.5,Horníček,NEW,5.0,9.5,16,91.86,5.74,5.447,76.04,85.24,2.44,100.0,56.2,-0.3932,0.5452,4.61
gw1_19,Active 2-GKP Rotation,Active 2-GKP,Petrović (BOU) + Horníček (NEW),Petrović,BOU,4.5,Horníček,NEW,5.0,9.5,19,107.79,5.67,5.378,71.82,77.61,2.58,94.7,47.4,-0.1667,0.561,5.18
full_season,Active 2-GKP Rotation,Active 2-GKP,Petrović (BOU) + Horníček (NEW),Petrović,BOU,4.5,Horníček,NEW,5.0,9.5,38,214.95,5.66,5.362,70.39,74.75,2.61,92.1,47.4,-0.0424,0.5629,10.19
gw1_3,Active 2-GKP Rotation,Active 2-GKP,Kelleher (BRE) + Sánchez (CHE),Kelleher,BRE,5.0,Sánchez,CHE,5.0,10.0,3,23.56,7.85,7.411,81.83,54.59,2.5,33.3,33.3,-0.9449,0.517,1.29
gw4_19,Active 2-GKP Rotation,Active 2-GKP,Kelleher (BRE) + Sánchez (CHE),Kelleher,BRE,5.0,Sánchez,CHE,5.0,10.0,16,93.94,5.87,5.429,70.65,72.52,2.62,93.8,43.8,0.3026,0.5457,4.54
gw1_19,Active 2-GKP Rotation,Active 2-GKP,Kelleher (BRE) + Sánchez (CHE),Kelleher,BRE,5.0,Sánchez,CHE,5.0,10.0,19,111.94,5.89,5.45,72.32,75.79,2.58,94.7,47.4,0.0756,0.5411,5.6
full_season,Active 2-GKP Rotation,Active 2-GKP,Kelleher (BRE) + Sánchez (CHE),Kelleher,BRE,5.0,Sánchez,CHE,5.0,10.0,38,224.42,5.91,5.464,71.98,74.35,2.61,94.7,44.7,0.1857,0.542,11.33
gw1_3,Active 2-GKP Rotation,Active 2-GKP,Kelleher (BRE) + Henderson (CRY),Kelleher,BRE,5.0,Henderson,CRY,5.0,10.0,3,23.43,7.81,7.368,75.17,37.92,2.75,33.3,33.3,0.5,0.535,1.2
gw4_19,Active 2-GKP Rotation,Active 2-GKP,Kelleher (BRE) + Henderson (CRY),Kelleher,BRE,5.0,Henderson,CRY,5.0,10.0,16,94.85,5.93,5.486,70.43,69.51,2.69,87.5,43.8,0.0937,0.5431,4.83
gw1_19,Active 2-GKP Rotation,Active 2-GKP,Kelleher (BRE) + Henderson (CRY),Kelleher,BRE,5.0,Henderson,CRY,5.0,10.0,19,112.61,5.93,5.485,70.85,70.62,2.68,89.5,42.1,0.0864,0.5418,5.77
full_season,Active 2-GKP Rotation,Active 2-GKP,Kelleher (BRE) + Henderson (CRY),Kelleher,BRE,5.0,Henderson,CRY,5.0,10.0,38,227.57,5.99,5.547,74.83,77.91,2.53,92.1,55.3,-0.2189,0.5285,12.47
gw1_3,Active 2-GKP Rotation,Active 2-GKP,Kelleher (BRE) + Leno (FUL),Kelleher,BRE,5.0,Leno,FUL,4.5,9.5,3,23.08,7.69,7.4,72.83,32.08,3.0,33.3,33.3,0.5,0.5289,1.11
gw4_19,Active 2-GKP Rotation,Active 2-GKP,Kelleher (BRE) + Leno (FUL),Kelleher,BRE,5.0,Leno,FUL,4.5,9.5,16,94.2,5.89,5.593,74.4,74.88,2.62,93.8,43.8,-0.0111,0.5325,4.92
gw1_19,Active 2-GKP Rotation,Active 2-GKP,Kelleher (BRE) + Leno (FUL),Kelleher,BRE,5.0,Leno,FUL,4.5,9.5,19,111.96,5.89,5.598,74.62,75.2,2.63,94.7,42.1,-0.0086,0.5319,5.87
full_season,Active 2-GKP Rotation,Active 2-GKP,Kelleher (BRE) + Leno (FUL),Kelleher,BRE,5.0,Leno,FUL,4.5,9.5,38,225.13,5.92,5.63,75.4,75.79,2.61,94.7,44.7,-0.0058,0.5279,12.03
gw1_3,Active 2-GKP Rotation,Active 2-GKP,Kelleher (BRE) + Scherpen (IPS),Kelleher,BRE,5.0,Scherpen,IPS,4.5,9.5,3,23.65,7.88,7.589,80.5,51.25,2.5,33.3,33.3,-0.5,0.5166,1.35
gw4_19,Active 2-GKP Rotation,Active 2-GKP,Kelleher (BRE) + Scherpen (IPS),Kelleher,BRE,5.0,Scherpen,IPS,4.5,9.5,16,94.15,5.88,5.59,75.2,77.0,2.56,93.8,50.0,-0.1002,0.537,4.87
gw1_19,Active 2-GKP Rotation,Active 2-GKP,Kelleher (BRE) + Scherpen (IPS),Kelleher,BRE,5.0,Scherpen,IPS,4.5,9.5,19,112.02,5.9,5.601,76.11,78.79,2.53,94.7,52.6,-0.1601,0.5337,5.95
full_season,Active 2-GKP Rotation,Active 2-GKP,Kelleher (BRE) + Scherpen (IPS),Kelleher,BRE,5.0,Scherpen,IPS,4.5,9.5,38,225.12,5.92,5.63,76.04,77.4,2.55,92.1,52.6,-0.2325,0.5334,12.14
gw1_3,Active 2-GKP Rotation,Active 2-GKP,Kelleher (BRE) + Trafford (LEE),Kelleher,BRE,5.0,Trafford,LEE,5.0,10.0,3,23.49,7.83,7.387,76.67,41.67,2.75,33.3,33.3,0.0,0.5279,1.17
gw4_19,Active 2-GKP Rotation,Active 2-GKP,Kelleher (BRE) + Trafford (LEE),Kelleher,BRE,5.0,Trafford,LEE,5.0,10.0,16,95.22,5.95,5.51,68.42,63.48,2.75,81.2,43.8,0.2863,0.5634,4.37
gw1_19,Active 2-GKP Rotation,Active 2-GKP,Kelleher (BRE) + Trafford (LEE),Kelleher,BRE,5.0,Trafford,LEE,5.0,10.0,19,112.98,5.95,5.505,69.05,65.27,2.74,84.2,42.1,0.2856,0.5578,5.31
full_season,Active 2-GKP Rotation,Active 2-GKP,Kelleher (BRE) + Trafford (LEE),Kelleher,BRE,5.0,Trafford,LEE,5.0,10.0,38,226.88,5.97,5.529,70.8,68.63,2.68,86.8,44.7,0.1772,0.5509,11.25
gw1_3,Active 2-GKP Rotation,Active 2-GKP,Kelleher (BRE) + Lammens (MUN),Kelleher,BRE,5.0,Lammens,MUN,5.0,10.0,3,24.73,8.24,7.803,84.33,60.83,2.25,33.3,33.3,-1.0,0.4099,1.57
gw4_19,Active 2-GKP Rotation,Active 2-GKP,Kelleher (BRE) + Lammens (MUN),Kelleher,BRE,5.0,Lammens,MUN,5.0,10.0,16,94.53,5.91,5.466,73.65,78.42,2.69,100.0,31.2,-0.2619,0.5226,4.85
gw1_19,Active 2-GKP Rotation,Active 2-GKP,Kelleher (BRE) + Lammens (MUN),Kelleher,BRE,5.0,Lammens,MUN,5.0,10.0,19,113.48,5.97,5.531,75.55,80.4,2.58,100.0,42.1,-0.1875,0.5048,6.15
full_season,Active 2-GKP Rotation,Active 2-GKP,Kelleher (BRE) + Lammens (MUN),Kelleher,BRE,5.0,Lammens,MUN,5.0,10.0,38,228.49,6.01,5.571,77.55,83.68,2.47,100.0,52.6,-0.2971,0.4946,13.08
gw1_3,Active 2-GKP Rotation,Active 2-GKP,Kelleher (BRE) + Pope (NEW),Kelleher,BRE,5.0,Pope,NEW,5.0,10.0,3,23.44,7.81,7.372,72.83,32.08,3.0,33.3,33.3,0.5,0.5409,1.1
gw4_19,Active 2-GKP Rotation,Active 2-GKP,Kelleher (BRE) + Pope (NEW),Kelleher,BRE,5.0,Pope,NEW,5.0,10.0,16,94.18,5.89,5.445,73.43,78.8,2.56,93.8,50.0,-0.3397,0.5418,5.05
gw1_19,Active 2-GKP Rotation,Active 2-GKP,Kelleher (BRE) + Pope (NEW),Kelleher,BRE,5.0,Pope,NEW,5.0,10.0,19,111.94,5.89,5.45,73.47,78.67,2.58,94.7,47.4,-0.3084,0.5417,6.0
full_season,Active 2-GKP Rotation,Active 2-GKP,Kelleher (BRE) + Pope (NEW),Kelleher,BRE,5.0,Pope,NEW,5.0,10.0,38,224.11,5.9,5.456,72.36,75.64,2.58,92.1,50.0,-0.079,0.5392,11.88
gw1_3,Active 2-GKP Rotation,Active 2-GKP,Kelleher (BRE) + Sels (NFO),Kelleher,BRE,5.0,Sels,NFO,5.0,10.0,3,24.43,8.14,7.7,79.0,47.5,2.5,33.3,33.3,0.0,0.4883,1.27
gw4_19,Active 2-GKP Rotation,Active 2-GKP,Kelleher (BRE) + Sels (NFO),Kelleher,BRE,5.0,Sels,NFO,5.0,10.0,16,97.11,6.07,5.628,74.02,72.43,2.62,87.5,50.0,-0.1013,0.5232,5.12
gw1_19,Active 2-GKP Rotation,Active 2-GKP,Kelleher (BRE) + Sels (NFO),Kelleher,BRE,5.0,Sels,NFO,5.0,10.0,19,115.76,6.09,5.651,75.19,74.38,2.58,89.5,52.6,-0.0872,0.5177,6.13
full_season,Active 2-GKP Rotation,Active 2-GKP,Kelleher (BRE) + Sels (NFO),Kelleher,BRE,5.0,Sels,NFO,5.0,10.0,38,230.96,6.08,5.636,74.42,73.07,2.63,89.5,47.4,-0.0755,0.5192,12.2
gw1_3,Active 2-GKP Rotation,Active 2-GKP,Kelleher (BRE) + Roefs (SUN),Kelleher,BRE,5.0,Roefs,SUN,5.0,10.0,3,24.69,8.23,7.79,84.33,60.83,2.25,33.3,33.3,-1.0,0.4286,1.51
gw4_19,Active 2-GKP Rotation,Active 2-GKP,Kelleher (BRE) + Roefs (SUN),Kelleher,BRE,5.0,Roefs,SUN,5.0,10.0,16,96.02,6.0,5.56,71.52,69.1,2.69,87.5,43.8,0.1476,0.5389,4.78
gw1_19,Active 2-GKP Rotation,Active 2-GKP,Kelleher (BRE) + Roefs (SUN),Kelleher,BRE,5.0,Roefs,SUN,5.0,10.0,19,114.94,6.05,5.608,73.74,72.59,2.58,89.5,52.6,0.1522,0.5215,6.03
full_season,Active 2-GKP Rotation,Active 2-GKP,Kelleher (BRE) + Roefs (SUN),Kelleher,BRE,5.0,Roefs,SUN,5.0,10.0,38,230.29,6.06,5.619,74.29,73.5,2.58,89.5,52.6,0.0308,0.5219,12.3
gw1_3,Active 2-GKP Rotation,Active 2-GKP,Kelleher (BRE) + Kinsky (TOT),Kelleher,BRE,5.0,Kinsky,TOT,4.5,9.5,3,23.33,7.78,7.482,80.5,51.25,2.5,33.3,33.3,-0.5,0.4966,1.17
gw4_19,Active 2-GKP Rotation,Active 2-GKP,Kelleher (BRE) + Kinsky (TOT),Kelleher,BRE,5.0,Kinsky,TOT,4.5,9.5,16,94.36,5.9,5.603,73.59,72.42,2.62,87.5,50.0,-0.1002,0.5576,4.6
gw1_19,Active 2-GKP Rotation,Active 2-GKP,Kelleher (BRE) + Kinsky (TOT),Kelleher,BRE,5.0,Kinsky,TOT,4.5,9.5,19,112.11,5.9,5.606,74.41,74.33,2.58,89.5,52.6,-0.0808,0.548,5.54
full_season,Active 2-GKP Rotation,Active 2-GKP,Kelleher (BRE) + Kinsky (TOT),Kelleher,BRE,5.0,Kinsky,TOT,4.5,9.5,38,225.02,5.92,5.627,73.73,71.72,2.63,89.5,50.0,0.1038,0.5513,11.36
gw1_3,Active 2-GKP Rotation,Active 2-GKP,Kelleher (BRE) + Tzolakis (HUL),Kelleher,BRE,5.0,Tzolakis,HUL,4.5,9.5,3,22.67,7.56,7.261,76.67,41.67,2.75,33.3,33.3,0.0,0.4984,1.24
gw4_19,Active 2-GKP Rotation,Active 2-GKP,Kelleher (BRE) + Tzolakis (HUL),Kelleher,BRE,5.0,Tzolakis,HUL,4.5,9.5,16,93.4,5.84,5.543,75.41,79.53,2.62,100.0,37.5,-0.2157,0.5488,4.54
gw1_19,Active 2-GKP Rotation,Active 2-GKP,Kelleher (BRE) + Tzolakis (HUL),Kelleher,BRE,5.0,Tzolakis,HUL,4.5,9.5,19,111.27,5.86,5.562,76.03,80.27,2.58,100.0,42.1,-0.1711,0.5408,5.62
full_season,Active 2-GKP Rotation,Active 2-GKP,Kelleher (BRE) + Tzolakis (HUL),Kelleher,BRE,5.0,Tzolakis,HUL,4.5,9.5,38,222.93,5.87,5.572,76.77,81.68,2.53,100.0,47.4,-0.1951,0.5346,11.23
gw1_3,Active 2-GKP Rotation,Active 2-GKP,Kelleher (BRE) + Horníček (NEW),Kelleher,BRE,5.0,Horníček,NEW,5.0,10.0,3,22.65,7.55,7.107,72.83,32.08,3.0,33.3,33.3,0.5,0.5458,1.09
gw4_19,Active 2-GKP Rotation,Active 2-GKP,Kelleher (BRE) + Horníček (NEW),Kelleher,BRE,5.0,Horníček,NEW,5.0,10.0,16,93.16,5.82,5.381,72.34,78.8,2.56,93.8,50.0,-0.3397,0.5473,4.28
gw1_19,Active 2-GKP Rotation,Active 2-GKP,Kelleher (BRE) + Horníček (NEW),Kelleher,BRE,5.0,Horníček,NEW,5.0,10.0,19,110.92,5.84,5.396,72.55,78.67,2.58,94.7,47.4,-0.3084,0.547,5.22
full_season,Active 2-GKP Rotation,Active 2-GKP,Kelleher (BRE) + Horníček (NEW),Kelleher,BRE,5.0,Horníček,NEW,5.0,10.0,38,222.38,5.85,5.41,71.58,75.64,2.58,92.1,50.0,-0.079,0.5445,10.56
gw1_3,Active 2-GKP Rotation,Active 2-GKP,Sánchez (CHE) + Henderson (CRY),Sánchez,CHE,5.0,Henderson,CRY,5.0,10.0,3,22.9,7.63,7.192,78.93,47.34,2.75,33.3,33.3,-0.7559,0.5917,1.12
gw4_19,Active 2-GKP Rotation,Active 2-GKP,Sánchez (CHE) + Henderson (CRY),Sánchez,CHE,5.0,Henderson,CRY,5.0,10.0,16,92.8,5.8,5.359,67.28,67.13,2.69,87.5,43.8,0.4109,0.5511,4.57
gw1_19,Active 2-GKP Rotation,Active 2-GKP,Sánchez (CHE) + Henderson (CRY),Sánchez,CHE,5.0,Henderson,CRY,5.0,10.0,19,110.15,5.8,5.356,68.17,69.47,2.68,89.5,42.1,0.2397,0.5575,5.45
full_season,Active 2-GKP Rotation,Active 2-GKP,Sánchez (CHE) + Henderson (CRY),Sánchez,CHE,5.0,Henderson,CRY,5.0,10.0,38,222.07,5.84,5.402,71.31,75.32,2.58,92.1,50.0,-0.0371,0.5494,11.53
gw1_3,Active 2-GKP Rotation,Active 2-GKP,Sánchez (CHE) + Leno (FUL),Sánchez,CHE,5.0,Leno,FUL,4.5,9.5,3,22.47,7.49,7.194,74.9,37.25,3.0,33.3,33.3,-0.189,0.5895,1.04
gw4_19,Active 2-GKP Rotation,Active 2-GKP,Sánchez (CHE) + Leno (FUL),Sánchez,CHE,5.0,Leno,FUL,4.5,9.5,16,92.98,5.81,5.517,74.72,78.93,2.5,93.8,56.2,-0.1629,0.5358,5.01
gw1_19,Active 2-GKP Rotation,Active 2-GKP,Sánchez (CHE) + Leno (FUL),Sánchez,CHE,5.0,Leno,FUL,4.5,9.5,19,110.12,5.8,5.502,74.32,78.6,2.53,94.7,52.6,-0.1346,0.5443,5.89
full_season,Active 2-GKP Rotation,Active 2-GKP,Sánchez (CHE) + Leno (FUL),Sánchez,CHE,5.0,Leno,FUL,4.5,9.5,38,221.13,5.82,5.525,75.0,79.29,2.53,94.7,52.6,-0.2275,0.5439,11.93
gw1_3,Active 2-GKP Rotation,Active 2-GKP,Sánchez (CHE) + Scherpen (IPS),Sánchez,CHE,5.0,Scherpen,IPS,4.5,9.5,3,22.9,7.63,7.34,76.1,40.25,2.75,33.3,33.3,0.189,0.5818,1.17
gw4_19,Active 2-GKP Rotation,Active 2-GKP,Sánchez (CHE) + Scherpen (IPS),Sánchez,CHE,5.0,Scherpen,IPS,4.5,9.5,16,91.68,5.73,5.436,76.17,86.04,2.44,100.0,56.2,-0.4991,0.5396,5.05
gw1_19,Active 2-GKP Rotation,Active 2-GKP,Sánchez (CHE) + Scherpen (IPS),Sánchez,CHE,5.0,Scherpen,IPS,4.5,9.5,19,109.03,5.74,5.444,74.37,81.18,2.47,94.7,57.9,-0.3146,0.5463,5.99
full_season,Active 2-GKP Rotation,Active 2-GKP,Sánchez (CHE) + Scherpen (IPS),Sánchez,CHE,5.0,Scherpen,IPS,4.5,9.5,38,217.09,5.71,5.419,73.31,79.62,2.53,94.7,52.6,-0.2714,0.5522,11.58
gw1_3,Active 2-GKP Rotation,Active 2-GKP,Sánchez (CHE) + Trafford (LEE),Sánchez,CHE,5.0,Trafford,LEE,5.0,10.0,3,23.01,7.67,7.229,76.67,41.67,2.75,33.3,33.3,0.0,0.5901,1.07
gw4_19,Active 2-GKP Rotation,Active 2-GKP,Sánchez (CHE) + Trafford (LEE),Sánchez,CHE,5.0,Trafford,LEE,5.0,10.0,16,94.26,5.89,5.45,72.23,75.59,2.56,93.8,50.0,0.0886,0.5677,4.24
gw1_19,Active 2-GKP Rotation,Active 2-GKP,Sánchez (CHE) + Trafford (LEE),Sánchez,CHE,5.0,Trafford,LEE,5.0,10.0,19,111.72,5.88,5.438,72.16,75.9,2.58,94.7,47.4,0.0615,0.5713,5.07
full_season,Active 2-GKP Rotation,Active 2-GKP,Sánchez (CHE) + Trafford (LEE),Sánchez,CHE,5.0,Trafford,LEE,5.0,10.0,38,223.94,5.89,5.452,72.46,76.08,2.58,94.7,47.4,0.0379,0.5695,10.31
gw1_3,Active 2-GKP Rotation,Active 2-GKP,Sánchez (CHE) + Lammens (MUN),Sánchez,CHE,5.0,Lammens,MUN,5.0,10.0,3,24.02,8.01,7.566,76.17,40.41,2.5,33.3,33.3,0.9449,0.4708,1.42
gw4_19,Active 2-GKP Rotation,Active 2-GKP,Sánchez (CHE) + Lammens (MUN),Sánchez,CHE,5.0,Lammens,MUN,5.0,10.0,16,92.66,5.79,5.35,69.87,73.97,2.69,93.8,37.5,-0.0846,0.5286,4.88
gw1_19,Active 2-GKP Rotation,Active 2-GKP,Sánchez (CHE) + Lammens (MUN),Sánchez,CHE,5.0,Lammens,MUN,5.0,10.0,19,111.13,5.85,5.408,71.32,75.13,2.63,94.7,42.1,0.0,0.5195,6.06
full_season,Active 2-GKP Rotation,Active 2-GKP,Sánchez (CHE) + Lammens (MUN),Sánchez,CHE,5.0,Lammens,MUN,5.0,10.0,38,224.19,5.9,5.458,72.27,75.33,2.58,92.1,50.0,-0.0385,0.5143,12.75
gw1_3,Active 2-GKP Rotation,Active 2-GKP,Sánchez (CHE) + Pope (NEW),Sánchez,CHE,5.0,Pope,NEW,5.0,10.0,3,22.66,7.55,7.113,74.9,37.25,3.0,33.3,33.3,-0.189,0.6029,1.01
gw4_19,Active 2-GKP Rotation,Active 2-GKP,Sánchez (CHE) + Pope (NEW),Sánchez,CHE,5.0,Pope,NEW,5.0,10.0,16,91.59,5.72,5.283,73.97,87.1,2.44,100.0,56.2,-0.6414,0.5454,5.11
gw1_19,Active 2-GKP Rotation,Active 2-GKP,Sánchez (CHE) + Pope (NEW),Sánchez,CHE,5.0,Pope,NEW,5.0,10.0,19,108.7,5.72,5.279,73.16,85.21,2.47,100.0,52.6,-0.5015,0.5545,5.88
full_season,Active 2-GKP Rotation,Active 2-GKP,Sánchez (CHE) + Pope (NEW),Sánchez,CHE,5.0,Pope,NEW,5.0,10.0,38,217.31,5.72,5.277,72.28,83.11,2.5,100.0,50.0,-0.3033,0.557,11.54
gw1_3,Active 2-GKP Rotation,Active 2-GKP,Sánchez (CHE) + Sels (NFO),Sánchez,CHE,5.0,Sels,NFO,5.0,10.0,3,23.87,7.96,7.513,79.98,49.95,2.5,33.3,33.3,-0.3273,0.5422,1.09
gw4_19,Active 2-GKP Rotation,Active 2-GKP,Sánchez (CHE) + Sels (NFO),Sánchez,CHE,5.0,Sels,NFO,5.0,10.0,16,96.6,6.04,5.596,77.99,83.73,2.44,100.0,56.2,-0.1912,0.528,5.19
gw1_19,Active 2-GKP Rotation,Active 2-GKP,Sánchez (CHE) + Sels (NFO),Sánchez,CHE,5.0,Sels,NFO,5.0,10.0,19,114.92,6.05,5.607,78.4,84.3,2.42,100.0,57.9,-0.2165,0.5303,6.05
full_season,Active 2-GKP Rotation,Active 2-GKP,Sánchez (CHE) + Sels (NFO),Sánchez,CHE,5.0,Sels,NFO,5.0,10.0,38,229.37,6.04,5.594,77.72,83.12,2.47,100.0,52.6,-0.2228,0.5363,11.95
gw1_3,Active 2-GKP Rotation,Active 2-GKP,Sánchez (CHE) + Roefs (SUN),Sánchez,CHE,5.0,Roefs,SUN,5.0,10.0,3,24.1,8.03,7.592,76.17,40.41,2.5,33.3,33.3,0.9449,0.4916,1.34
gw4_19,Active 2-GKP Rotation,Active 2-GKP,Sánchez (CHE) + Roefs (SUN),Sánchez,CHE,5.0,Roefs,SUN,5.0,10.0,16,96.0,6.0,5.558,76.91,82.64,2.5,100.0,50.0,-0.2411,0.5414,4.86
gw1_19,Active 2-GKP Rotation,Active 2-GKP,Sánchez (CHE) + Roefs (SUN),Sánchez,CHE,5.0,Roefs,SUN,5.0,10.0,19,114.55,6.03,5.587,77.32,82.42,2.47,100.0,52.6,-0.1293,0.5335,5.97
full_season,Active 2-GKP Rotation,Active 2-GKP,Sánchez (CHE) + Roefs (SUN),Sánchez,CHE,5.0,Roefs,SUN,5.0,10.0,38,228.11,6.0,5.561,76.68,81.93,2.53,100.0,47.4,-0.2275,0.5392,11.92
gw1_3,Active 2-GKP Rotation,Active 2-GKP,Sánchez (CHE) + Kinsky (TOT),Sánchez,CHE,5.0,Kinsky,TOT,4.5,9.5,3,22.67,7.56,7.261,74.4,36.0,2.75,33.3,33.3,0.7559,0.5647,1.06
gw4_19,Active 2-GKP Rotation,Active 2-GKP,Sánchez (CHE) + Kinsky (TOT),Sánchez,CHE,5.0,Kinsky,TOT,4.5,9.5,16,92.93,5.81,5.514,73.83,76.84,2.56,93.8,50.0,-0.0788,0.5646,4.63
gw1_19,Active 2-GKP Rotation,Active 2-GKP,Sánchez (CHE) + Kinsky (TOT),Sánchez,CHE,5.0,Kinsky,TOT,4.5,9.5,19,110.05,5.79,5.498,73.36,76.36,2.58,94.7,47.4,0.0,0.5646,5.46
full_season,Active 2-GKP Rotation,Active 2-GKP,Sánchez (CHE) + Kinsky (TOT),Sánchez,CHE,5.0,Kinsky,TOT,4.5,9.5,38,220.34,5.8,5.504,72.48,73.87,2.61,92.1,47.4,0.0743,0.5715,10.84
gw1_3,Active 2-GKP Rotation,Active 2-GKP,Sánchez (CHE) + Tzolakis (HUL),Sánchez,CHE,5.0,Tzolakis,HUL,4.5,9.5,3,21.58,7.19,6.899,73.35,33.38,3.0,33.3,33.3,0.3273,0.5653,0.86
gw4_19,Active 2-GKP Rotation,Active 2-GKP,Sánchez (CHE) + Tzolakis (HUL),Sánchez,CHE,5.0,Tzolakis,HUL,4.5,9.5,16,90.69,5.67,5.373,72.06,78.44,2.62,100.0,37.5,-0.0697,0.5556,4.57
gw1_19,Active 2-GKP Rotation,Active 2-GKP,Sánchez (CHE) + Tzolakis (HUL),Sánchez,CHE,5.0,Tzolakis,HUL,4.5,9.5,19,107.47,5.66,5.362,71.59,77.76,2.63,100.0,36.8,0.0,0.5572,5.28
full_season,Active 2-GKP Rotation,Active 2-GKP,Sánchez (CHE) + Tzolakis (HUL),Sánchez,CHE,5.0,Tzolakis,HUL,4.5,9.5,38,215.77,5.68,5.384,71.39,76.33,2.61,94.7,44.7,-0.0776,0.5545,10.67
gw1_3,Active 2-GKP Rotation,Active 2-GKP,Sánchez (CHE) + Horníček (NEW),Sánchez,CHE,5.0,Horníček,NEW,5.0,10.0,3,21.67,7.22,6.782,74.9,37.25,3.0,33.3,33.3,-0.189,0.6084,0.85
gw4_19,Active 2-GKP Rotation,Active 2-GKP,Sánchez (CHE) + Horníček (NEW),Sánchez,CHE,5.0,Horníček,NEW,5.0,10.0,16,90.24,5.64,5.198,72.53,87.1,2.44,100.0,56.2,-0.6414,0.551,4.45
gw1_19,Active 2-GKP Rotation,Active 2-GKP,Sánchez (CHE) + Horníček (NEW),Sánchez,CHE,5.0,Horníček,NEW,5.0,10.0,19,107.02,5.63,5.191,71.65,85.21,2.47,100.0,52.6,-0.5015,0.56,5.15
full_season,Active 2-GKP Rotation,Active 2-GKP,Sánchez (CHE) + Horníček (NEW),Sánchez,CHE,5.0,Horníček,NEW,5.0,10.0,38,213.44,5.62,5.175,70.53,83.11,2.5,100.0,50.0,-0.3033,0.5625,10.12
gw1_3,Active 2-GKP Rotation,Active 2-GKP,Henderson (CRY) + Leno (FUL),Henderson,CRY,5.0,Leno,FUL,4.5,9.5,3,22.25,7.42,7.122,73.5,33.75,3.25,33.3,0.0,-0.5,0.5989,0.93
gw4_19,Active 2-GKP Rotation,Active 2-GKP,Henderson (CRY) + Leno (FUL),Henderson,CRY,5.0,Leno,FUL,4.5,9.5,16,94.07,5.88,5.585,77.78,83.67,2.5,100.0,50.0,-0.3778,0.5346,5.03
gw1_19,Active 2-GKP Rotation,Active 2-GKP,Henderson (CRY) + Leno (FUL),Henderson,CRY,5.0,Leno,FUL,4.5,9.5,19,110.99,5.84,5.547,76.35,81.71,2.58,100.0,42.1,-0.3624,0.5448,5.8
full_season,Active 2-GKP Rotation,Active 2-GKP,Henderson (CRY) + Leno (FUL),Henderson,CRY,5.0,Leno,FUL,4.5,9.5,38,223.43,5.88,5.585,77.19,82.18,2.53,100.0,47.4,-0.262,0.5354,12.03
gw1_3,Active 2-GKP Rotation,Active 2-GKP,Henderson (CRY) + Scherpen (IPS),Henderson,CRY,5.0,Scherpen,IPS,4.5,9.5,3,22.62,7.54,7.247,72.83,32.08,3.0,33.3,0.0,0.5,0.5946,1.06
gw4_19,Active 2-GKP Rotation,Active 2-GKP,Henderson (CRY) + Scherpen (IPS),Henderson,CRY,5.0,Scherpen,IPS,4.5,9.5,16,92.37,5.77,5.479,75.41,82.27,2.5,100.0,50.0,-0.1918,0.5424,4.69
gw1_19,Active 2-GKP Rotation,Active 2-GKP,Henderson (CRY) + Scherpen (IPS),Henderson,CRY,5.0,Scherpen,IPS,4.5,9.5,19,109.33,5.75,5.46,73.0,77.09,2.58,94.7,47.4,-0.0974,0.5507,5.5
full_season,Active 2-GKP Rotation,Active 2-GKP,Henderson (CRY) + Scherpen (IPS),Henderson,CRY,5.0,Scherpen,IPS,4.5,9.5,38,219.98,5.79,5.494,73.8,77.59,2.55,94.7,50.0,-0.0828,0.5449,11.28
gw1_3,Active 2-GKP Rotation,Active 2-GKP,Henderson (CRY) + Trafford (LEE),Henderson,CRY,5.0,Trafford,LEE,5.0,10.0,3,22.87,7.62,7.181,74.33,35.83,3.0,33.3,0.0,0.0,0.6005,0.94
gw4_19,Active 2-GKP Rotation,Active 2-GKP,Henderson (CRY) + Trafford (LEE),Henderson,CRY,5.0,Trafford,LEE,5.0,10.0,16,94.48,5.9,5.463,67.53,63.27,2.75,81.2,43.8,0.3145,0.5696,4.27
gw1_19,Active 2-GKP Rotation,Active 2-GKP,Henderson (CRY) + Trafford (LEE),Henderson,CRY,5.0,Trafford,LEE,5.0,10.0,19,111.67,5.88,5.436,67.36,64.01,2.79,84.2,36.8,0.2897,0.5745,4.95
full_season,Active 2-GKP Rotation,Active 2-GKP,Henderson (CRY) + Trafford (LEE),Henderson,CRY,5.0,Trafford,LEE,5.0,10.0,38,224.99,5.92,5.479,69.95,68.63,2.68,86.8,44.7,0.1772,0.5616,10.73
gw1_3,Active 2-GKP Rotation,Active 2-GKP,Henderson (CRY) + Lammens (MUN),Henderson,CRY,5.0,Lammens,MUN,5.0,10.0,3,24.14,8.05,7.605,80.5,51.25,2.5,33.3,33.3,-0.5,0.4702,1.44
gw4_19,Active 2-GKP Rotation,Active 2-GKP,Henderson (CRY) + Lammens (MUN),Henderson,CRY,5.0,Lammens,MUN,5.0,10.0,16,93.6,5.85,5.408,73.55,80.67,2.62,100.0,37.5,-0.3671,0.5265,4.98
gw1_19,Active 2-GKP Rotation,Active 2-GKP,Henderson (CRY) + Lammens (MUN),Henderson,CRY,5.0,Lammens,MUN,5.0,10.0,19,112.07,5.9,5.457,74.9,81.97,2.58,100.0,42.1,-0.3966,0.5176,6.16
full_season,Active 2-GKP Rotation,Active 2-GKP,Henderson (CRY) + Lammens (MUN),Henderson,CRY,5.0,Lammens,MUN,5.0,10.0,38,226.69,5.97,5.524,75.97,81.75,2.5,97.4,52.6,-0.2971,0.5036,13.09
gw1_3,Active 2-GKP Rotation,Active 2-GKP,Henderson (CRY) + Pope (NEW),Henderson,CRY,5.0,Pope,NEW,5.0,10.0,3,22.47,7.49,7.047,73.5,33.75,3.25,33.3,0.0,-0.5,0.6126,0.9
gw4_19,Active 2-GKP Rotation,Active 2-GKP,Henderson (CRY) + Pope (NEW),Henderson,CRY,5.0,Pope,NEW,5.0,10.0,16,92.64,5.79,5.348,69.28,72.55,2.62,87.5,50.0,-0.1183,0.5488,4.89
gw1_19,Active 2-GKP Rotation,Active 2-GKP,Henderson (CRY) + Pope (NEW),Henderson,CRY,5.0,Pope,NEW,5.0,10.0,19,109.44,5.76,5.318,68.6,72.16,2.68,89.5,42.1,-0.1181,0.5589,5.54
full_season,Active 2-GKP Rotation,Active 2-GKP,Henderson (CRY) + Pope (NEW),Henderson,CRY,5.0,Pope,NEW,5.0,10.0,38,220.09,5.79,5.35,70.08,74.47,2.61,92.1,47.4,-0.0058,0.5503,11.31
gw1_3,Active 2-GKP Rotation,Active 2-GKP,Henderson (CRY) + Sels (NFO),Henderson,CRY,5.0,Sels,NFO,5.0,10.0,3,23.98,7.99,7.552,71.74,29.34,3.0,33.3,0.0,0.866,0.5599,1.11
gw4_19,Active 2-GKP Rotation,Active 2-GKP,Henderson (CRY) + Sels (NFO),Henderson,CRY,5.0,Sels,NFO,5.0,10.0,16,96.89,6.06,5.614,73.8,72.46,2.62,87.5,50.0,-0.1058,0.5285,5.11
gw1_19,Active 2-GKP Rotation,Active 2-GKP,Henderson (CRY) + Sels (NFO),Henderson,CRY,5.0,Sels,NFO,5.0,10.0,19,115.2,6.06,5.622,72.4,68.64,2.68,84.2,47.4,0.0,0.5335,5.96
full_season,Active 2-GKP Rotation,Active 2-GKP,Henderson (CRY) + Sels (NFO),Henderson,CRY,5.0,Sels,NFO,5.0,10.0,38,230.69,6.07,5.629,74.02,72.36,2.61,86.8,52.6,-0.0755,0.5281,12.28
gw1_3,Active 2-GKP Rotation,Active 2-GKP,Henderson (CRY) + Roefs (SUN),Henderson,CRY,5.0,Roefs,SUN,5.0,10.0,3,24.22,8.07,7.631,80.5,51.25,2.5,33.3,33.3,-0.5,0.4915,1.35
gw4_19,Active 2-GKP Rotation,Active 2-GKP,Henderson (CRY) + Roefs (SUN),Henderson,CRY,5.0,Roefs,SUN,5.0,10.0,16,96.0,6.0,5.558,71.71,69.63,2.69,87.5,43.8,0.0771,0.5441,4.96
gw1_19,Active 2-GKP Rotation,Active 2-GKP,Henderson (CRY) + Roefs (SUN),Henderson,CRY,5.0,Roefs,SUN,5.0,10.0,19,114.55,6.03,5.587,73.38,72.57,2.63,89.5,47.4,-0.0087,0.5358,6.06
full_season,Active 2-GKP Rotation,Active 2-GKP,Henderson (CRY) + Roefs (SUN),Henderson,CRY,5.0,Roefs,SUN,5.0,10.0,38,229.51,6.04,5.598,73.16,71.57,2.61,86.8,52.6,0.0308,0.5316,12.37
gw1_3,Active 2-GKP Rotation,Active 2-GKP,Henderson (CRY) + Kinsky (TOT),Henderson,CRY,5.0,Kinsky,TOT,4.5,9.5,3,22.47,7.49,7.195,79.67,49.17,2.75,33.3,33.3,-1.0,0.5646,1.09
gw4_19,Active 2-GKP Rotation,Active 2-GKP,Henderson (CRY) + Kinsky (TOT),Henderson,CRY,5.0,Kinsky,TOT,4.5,9.5,16,93.7,5.86,5.562,74.71,76.99,2.56,93.8,50.0,-0.0988,0.5636,4.75
gw1_19,Active 2-GKP Rotation,Active 2-GKP,Henderson (CRY) + Kinsky (TOT),Henderson,CRY,5.0,Kinsky,TOT,4.5,9.5,19,110.6,5.82,5.527,74.37,77.64,2.58,94.7,47.4,-0.1708,0.5638,5.62
full_season,Active 2-GKP Rotation,Active 2-GKP,Henderson (CRY) + Kinsky (TOT),Henderson,CRY,5.0,Kinsky,TOT,4.5,9.5,38,221.59,5.83,5.537,75.14,79.12,2.55,97.4,47.4,-0.1113,0.5608,11.35
gw1_3,Active 2-GKP Rotation,Active 2-GKP,Henderson (CRY) + Tzolakis (HUL),Henderson,CRY,5.0,Tzolakis,HUL,4.5,9.5,3,22.01,7.34,7.042,76.93,42.33,3.0,33.3,33.3,-0.866,0.564,1.06
gw4_19,Active 2-GKP Rotation,Active 2-GKP,Henderson (CRY) + Tzolakis (HUL),Henderson,CRY,5.0,Tzolakis,HUL,4.5,9.5,16,91.74,5.73,5.44,68.52,66.75,2.75,87.5,37.5,0.2668,0.5573,4.45
gw1_19,Active 2-GKP Rotation,Active 2-GKP,Henderson (CRY) + Tzolakis (HUL),Henderson,CRY,5.0,Tzolakis,HUL,4.5,9.5,19,108.96,5.73,5.44,69.43,68.98,2.74,89.5,36.8,0.1412,0.5583,5.35
full_season,Active 2-GKP Rotation,Active 2-GKP,Henderson (CRY) + Tzolakis (HUL),Henderson,CRY,5.0,Tzolakis,HUL,4.5,9.5,38,219.55,5.78,5.483,72.12,73.87,2.63,92.1,44.7,-0.0079,0.546,11.19
gw1_3,Active 2-GKP Rotation,Active 2-GKP,Henderson (CRY) + Horníček (NEW),Henderson,CRY,5.0,Horníček,NEW,5.0,10.0,3,21.62,7.21,6.765,73.5,33.75,3.25,33.3,0.0,-0.5,0.6182,0.81
gw4_19,Active 2-GKP Rotation,Active 2-GKP,Henderson (CRY) + Horníček (NEW),Henderson,CRY,5.0,Horníček,NEW,5.0,10.0,16,91.27,5.7,5.263,67.81,72.55,2.62,87.5,50.0,-0.1183,0.5543,4.16
gw1_19,Active 2-GKP Rotation,Active 2-GKP,Henderson (CRY) + Horníček (NEW),Henderson,CRY,5.0,Horníček,NEW,5.0,10.0,19,108.0,5.68,5.243,67.31,72.16,2.68,89.5,42.1,-0.1181,0.5644,4.82
full_season,Active 2-GKP Rotation,Active 2-GKP,Henderson (CRY) + Horníček (NEW),Henderson,CRY,5.0,Horníček,NEW,5.0,10.0,38,217.52,5.72,5.283,68.92,74.47,2.61,92.1,47.4,-0.0058,0.5557,10.05
gw1_3,Active 2-GKP Rotation,Active 2-GKP,Pickford (EVE) + Leno (FUL),Pickford,EVE,5.5,Leno,FUL,4.5,10.0,3,22.26,7.42,6.98,73.5,33.75,3.25,33.3,0.0,-0.5,0.587,0.96
gw4_19,Active 2-GKP Rotation,Active 2-GKP,Pickford (EVE) + Leno (FUL),Pickford,EVE,5.5,Leno,FUL,4.5,10.0,16,93.93,5.87,5.429,71.57,74.83,2.62,93.8,43.8,-0.0048,0.5233,4.91
gw1_19,Active 2-GKP Rotation,Active 2-GKP,Pickford (EVE) + Leno (FUL),Pickford,EVE,5.5,Leno,FUL,4.5,10.0,19,110.87,5.84,5.394,70.64,74.02,2.68,94.7,36.8,-0.0153,0.5334,5.71
full_season,Active 2-GKP Rotation,Active 2-GKP,Pickford (EVE) + Leno (FUL),Pickford,EVE,5.5,Leno,FUL,4.5,10.0,38,223.23,5.87,5.433,73.12,78.54,2.58,97.4,44.7,-0.1156,0.5253,12.04
gw1_3,Active 2-GKP Rotation,Active 2-GKP,Pickford (EVE) + Scherpen (IPS),Pickford,EVE,5.5,Scherpen,IPS,4.5,10.0,3,22.7,7.57,7.125,72.83,32.08,3.0,33.3,0.0,0.5,0.5829,1.1
gw4_19,Active 2-GKP Rotation,Active 2-GKP,Pickford (EVE) + Scherpen (IPS),Pickford,EVE,5.5,Scherpen,IPS,4.5,10.0,16,93.1,5.82,5.377,68.74,69.96,2.62,87.5,50.0,0.2271,0.5305,4.85
gw1_19,Active 2-GKP Rotation,Active 2-GKP,Pickford (EVE) + Scherpen (IPS),Pickford,EVE,5.5,Scherpen,IPS,4.5,10.0,19,110.13,5.8,5.355,67.05,66.71,2.68,84.2,47.4,0.2568,0.5388,5.68
full_season,Active 2-GKP Rotation,Active 2-GKP,Pickford (EVE) + Scherpen (IPS),Pickford,EVE,5.5,Scherpen,IPS,4.5,10.0,38,220.58,5.8,5.363,67.56,67.63,2.66,84.2,50.0,0.2167,0.5357,11.78
gw1_3,Active 2-GKP Rotation,Active 2-GKP,Pickford (EVE) + Kinsky (TOT),Pickford,EVE,5.5,Kinsky,TOT,4.5,10.0,3,22.47,7.49,7.047,75.17,37.92,2.75,33.3,33.3,0.5,0.5578,0.98
gw4_19,Active 2-GKP Rotation,Active 2-GKP,Pickford (EVE) + Kinsky (TOT),Pickford,EVE,5.5,Kinsky,TOT,4.5,10.0,16,95.39,5.96,5.52,75.58,80.94,2.44,93.8,62.5,-0.2367,0.5448,5.12
gw1_19,Active 2-GKP Rotation,Active 2-GKP,Pickford (EVE) + Kinsky (TOT),Pickford,EVE,5.5,Kinsky,TOT,4.5,10.0,19,112.29,5.91,5.468,74.49,80.44,2.47,94.7,57.9,-0.2159,0.5468,5.88
full_season,Active 2-GKP Rotation,Active 2-GKP,Pickford (EVE) + Kinsky (TOT),Pickford,EVE,5.5,Kinsky,TOT,4.5,10.0,38,223.47,5.88,5.439,73.04,78.08,2.55,94.7,50.0,-0.1472,0.5479,11.66
gw1_3,Active 2-GKP Rotation,Active 2-GKP,Pickford (EVE) + Tzolakis (HUL),Pickford,EVE,5.5,Tzolakis,HUL,4.5,10.0,3,21.74,7.25,6.805,74.33,35.83,3.0,33.3,33.3,0.0,0.5573,1.0
gw4_19,Active 2-GKP Rotation,Active 2-GKP,Pickford (EVE) + Tzolakis (HUL),Pickford,EVE,5.5,Tzolakis,HUL,4.5,10.0,16,93.22,5.83,5.385,74.2,83.31,2.5,100.0,50.0,-0.3301,0.5364,4.98
gw1_19,Active 2-GKP Rotation,Active 2-GKP,Pickford (EVE) + Tzolakis (HUL),Pickford,EVE,5.5,Tzolakis,HUL,4.5,10.0,19,110.17,5.8,5.357,73.4,82.51,2.53,100.0,47.4,-0.3049,0.5397,5.82
full_season,Active 2-GKP Rotation,Active 2-GKP,Pickford (EVE) + Tzolakis (HUL),Pickford,EVE,5.5,Tzolakis,HUL,4.5,10.0,38,220.44,5.8,5.359,72.12,79.19,2.55,97.4,47.4,-0.1202,0.5336,11.76
gw1_3,Active 2-GKP Rotation,Active 2-GKP,Leno (FUL) + Scherpen (IPS),Leno,FUL,4.5,Scherpen,IPS,4.5,9.0,3,22.38,7.46,7.314,77.33,43.33,3.0,33.3,0.0,-1.0,0.5804,1.09
gw4_19,Active 2-GKP Rotation,Active 2-GKP,Leno (FUL) + Scherpen (IPS),Leno,FUL,4.5,Scherpen,IPS,4.5,9.0,16,91.75,5.73,5.587,75.09,76.87,2.56,93.8,50.0,-0.0821,0.5331,4.9
gw1_19,Active 2-GKP Rotation,Active 2-GKP,Leno (FUL) + Scherpen (IPS),Leno,FUL,4.5,Scherpen,IPS,4.5,9.0,19,108.81,5.73,5.58,75.21,77.48,2.58,94.7,47.4,-0.1498,0.5406,5.83
full_season,Active 2-GKP Rotation,Active 2-GKP,Leno (FUL) + Scherpen (IPS),Leno,FUL,4.5,Scherpen,IPS,4.5,9.0,38,217.33,5.72,5.572,74.54,76.12,2.61,94.7,44.7,-0.0503,0.5419,11.4
gw1_3,Active 2-GKP Rotation,Active 2-GKP,Leno (FUL) + Donnarumma (MCI),Leno,FUL,4.5,Donnarumma,MCI,5.5,10.0,3,24.88,8.29,7.852,72.83,32.08,3.0,33.3,33.3,0.5,0.4074,1.59
gw4_19,Active 2-GKP Rotation,Active 2-GKP,Leno (FUL) + Donnarumma (MCI),Leno,FUL,4.5,Donnarumma,MCI,5.5,10.0,16,103.64,6.48,6.036,84.61,81.4,2.44,93.8,62.5,-0.2972,0.4027,7.12
gw1_19,Active 2-GKP Rotation,Active 2-GKP,Leno (FUL) + Donnarumma (MCI),Leno,FUL,4.5,Donnarumma,MCI,5.5,10.0,19,123.2,6.48,6.043,84.5,80.85,2.47,94.7,57.9,-0.2713,0.4034,8.54
full_season,Active 2-GKP Rotation,Active 2-GKP,Leno (FUL) + Donnarumma (MCI),Leno,FUL,4.5,Donnarumma,MCI,5.5,10.0,38,245.42,6.46,6.017,82.74,77.55,2.58,94.7,47.4,-0.1581,0.4082,16.78
gw1_3,Active 2-GKP Rotation,Active 2-GKP,Leno (FUL) + Trafford (LEE),Leno,FUL,4.5,Trafford,LEE,5.0,9.5,3,22.52,7.51,7.212,72.0,30.0,3.25,33.3,0.0,0.0,0.5937,0.85
gw4_19,Active 2-GKP Rotation,Active 2-GKP,Leno (FUL) + Trafford (LEE),Leno,FUL,4.5,Trafford,LEE,5.0,9.5,16,95.38,5.96,5.667,78.24,81.32,2.44,93.8,62.5,-0.2872,0.5519,4.76
gw1_19,Active 2-GKP Rotation,Active 2-GKP,Leno (FUL) + Trafford (LEE),Leno,FUL,4.5,Trafford,LEE,5.0,9.5,19,112.57,5.92,5.631,76.99,79.73,2.53,94.7,52.6,-0.2859,0.5585,5.44
full_season,Active 2-GKP Rotation,Active 2-GKP,Leno (FUL) + Trafford (LEE),Leno,FUL,4.5,Trafford,LEE,5.0,9.5,38,225.43,5.93,5.638,77.37,80.37,2.53,97.4,50.0,-0.1957,0.5542,11.03
gw1_3,Active 2-GKP Rotation,Active 2-GKP,Leno (FUL) + Lammens (MUN),Leno,FUL,4.5,Lammens,MUN,5.0,9.5,3,23.79,7.93,7.636,78.17,45.42,2.75,33.3,33.3,-0.5,0.4649,1.35
gw4_19,Active 2-GKP Rotation,Active 2-GKP,Leno (FUL) + Lammens (MUN),Leno,FUL,4.5,Lammens,MUN,5.0,9.5,16,94.01,5.88,5.581,69.69,63.61,2.75,81.2,43.8,0.2692,0.5201,5.08
gw1_19,Active 2-GKP Rotation,Active 2-GKP,Leno (FUL) + Lammens (MUN),Leno,FUL,4.5,Lammens,MUN,5.0,9.5,19,112.48,5.92,5.626,72.01,67.48,2.68,84.2,47.4,0.1542,0.5114,6.27
full_season,Active 2-GKP Rotation,Active 2-GKP,Leno (FUL) + Lammens (MUN),Leno,FUL,4.5,Lammens,MUN,5.0,9.5,38,225.4,5.93,5.637,73.23,70.05,2.63,86.8,50.0,0.1516,0.5035,12.83
gw1_3,Active 2-GKP Rotation,Active 2-GKP,Leno (FUL) + Pope (NEW),Leno,FUL,4.5,Pope,NEW,5.0,9.5,3,22.17,7.39,7.097,66.67,16.67,3.5,33.3,0.0,1.0,0.6085,0.84
gw4_19,Active 2-GKP Rotation,Active 2-GKP,Leno (FUL) + Pope (NEW),Leno,FUL,4.5,Pope,NEW,5.0,9.5,16,92.07,5.75,5.46,72.38,75.51,2.56,93.8,50.0,0.0983,0.54,5.06
gw1_19,Active 2-GKP Rotation,Active 2-GKP,Leno (FUL) + Pope (NEW),Leno,FUL,4.5,Pope,NEW,5.0,9.5,19,108.93,5.73,5.438,69.8,69.99,2.68,89.5,42.1,0.1706,0.5508,5.73
full_season,Active 2-GKP Rotation,Active 2-GKP,Leno (FUL) + Pope (NEW),Leno,FUL,4.5,Pope,NEW,5.0,9.5,38,218.67,5.75,5.46,70.39,70.55,2.66,89.5,47.4,0.178,0.5471,11.56
gw1_3,Active 2-GKP Rotation,Active 2-GKP,Leno (FUL) + Sels (NFO),Leno,FUL,4.5,Sels,NFO,5.0,9.5,3,23.63,7.88,7.584,76.93,42.33,3.0,33.3,0.0,-0.866,0.546,1.02
gw4_19,Active 2-GKP Rotation,Active 2-GKP,Leno (FUL) + Sels (NFO),Leno,FUL,4.5,Sels,NFO,5.0,9.5,16,96.49,6.03,5.736,78.52,79.03,2.5,93.8,56.2,-0.1758,0.5175,5.16
gw1_19,Active 2-GKP Rotation,Active 2-GKP,Leno (FUL) + Sels (NFO),Leno,FUL,4.5,Sels,NFO,5.0,9.5,19,114.8,6.04,5.748,78.84,79.34,2.53,94.7,52.6,-0.2332,0.522,6.02
full_season,Active 2-GKP Rotation,Active 2-GKP,Leno (FUL) + Sels (NFO),Leno,FUL,4.5,Sels,NFO,5.0,9.5,38,228.97,6.03,5.731,78.06,78.11,2.55,94.7,50.0,-0.1522,0.5243,11.83
gw1_3,Active 2-GKP Rotation,Active 2-GKP,Leno (FUL) + Roefs (SUN),Leno,FUL,4.5,Roefs,SUN,5.0,9.5,3,23.87,7.96,7.662,78.17,45.42,2.75,33.3,33.3,-0.5,0.4858,1.27
gw4_19,Active 2-GKP Rotation,Active 2-GKP,Leno (FUL) + Roefs (SUN),Leno,FUL,4.5,Roefs,SUN,5.0,9.5,16,95.18,5.95,5.654,68.54,57.61,2.81,75.0,43.8,0.4582,0.5367,4.52
gw1_19,Active 2-GKP Rotation,Active 2-GKP,Leno (FUL) + Roefs (SUN),Leno,FUL,4.5,Roefs,SUN,5.0,9.5,19,113.72,5.99,5.691,71.02,62.22,2.74,78.9,47.4,0.3409,0.5287,5.62
full_season,Active 2-GKP Rotation,Active 2-GKP,Leno (FUL) + Roefs (SUN),Leno,FUL,4.5,Roefs,SUN,5.0,9.5,38,227.43,5.99,5.691,72.82,66.75,2.68,84.2,47.4,0.2527,0.5298,11.54
gw1_3,Active 2-GKP Rotation,Active 2-GKP,Leno (FUL) + Kinsky (TOT),Leno,FUL,4.5,Kinsky,TOT,4.5,9.0,3,22.06,7.35,7.207,72.83,32.08,3.0,33.3,33.3,0.5,0.5626,0.91
gw4_19,Active 2-GKP Rotation,Active 2-GKP,Leno (FUL) + Kinsky (TOT),Leno,FUL,4.5,Kinsky,TOT,4.5,9.0,16,94.09,5.88,5.733,80.71,84.65,2.44,100.0,56.2,-0.314,0.5507,5.05
gw1_19,Active 2-GKP Rotation,Active 2-GKP,Leno (FUL) + Kinsky (TOT),Leno,FUL,4.5,Kinsky,TOT,4.5,9.0,19,110.83,5.83,5.686,79.48,83.61,2.47,100.0,52.6,-0.2879,0.5526,5.79
full_season,Active 2-GKP Rotation,Active 2-GKP,Leno (FUL) + Kinsky (TOT),Leno,FUL,4.5,Kinsky,TOT,4.5,9.0,38,221.56,5.83,5.683,78.24,80.59,2.53,97.4,50.0,-0.2254,0.5556,11.51
gw1_3,Active 2-GKP Rotation,Active 2-GKP,Leno (FUL) + Tzolakis (HUL),Leno,FUL,4.5,Tzolakis,HUL,4.5,9.0,3,21.58,7.19,7.045,69.4,23.5,3.25,33.3,33.3,0.866,0.565,0.99
gw4_19,Active 2-GKP Rotation,Active 2-GKP,Leno (FUL) + Tzolakis (HUL),Leno,FUL,4.5,Tzolakis,HUL,4.5,9.0,16,92.54,5.78,5.637,77.16,79.91,2.56,93.8,50.0,-0.4878,0.5397,5.15
gw1_19,Active 2-GKP Rotation,Active 2-GKP,Leno (FUL) + Tzolakis (HUL),Leno,FUL,4.5,Tzolakis,HUL,4.5,9.0,19,109.32,5.75,5.607,74.81,75.32,2.63,89.5,47.4,-0.3756,0.5437,5.97
full_season,Active 2-GKP Rotation,Active 2-GKP,Leno (FUL) + Tzolakis (HUL),Leno,FUL,4.5,Tzolakis,HUL,4.5,9.0,38,217.56,5.73,5.578,72.33,70.33,2.68,86.8,44.7,-0.0503,0.5416,11.71
gw1_3,Active 2-GKP Rotation,Active 2-GKP,Leno (FUL) + Horníček (NEW),Leno,FUL,4.5,Horníček,NEW,5.0,9.5,3,21.38,7.13,6.832,66.67,16.67,3.5,33.3,0.0,1.0,0.614,0.83
gw4_19,Active 2-GKP Rotation,Active 2-GKP,Leno (FUL) + Horníček (NEW),Leno,FUL,4.5,Horníček,NEW,5.0,9.5,16,90.71,5.67,5.375,70.91,75.51,2.56,93.8,50.0,0.0983,0.5454,4.6
gw1_19,Active 2-GKP Rotation,Active 2-GKP,Leno (FUL) + Horníček (NEW),Leno,FUL,4.5,Horníček,NEW,5.0,9.5,19,107.2,5.64,5.348,68.24,69.99,2.68,89.5,42.1,0.1706,0.5562,5.29
full_season,Active 2-GKP Rotation,Active 2-GKP,Leno (FUL) + Horníček (NEW),Leno,FUL,4.5,Horníček,NEW,5.0,9.5,38,214.81,5.65,5.358,68.65,70.55,2.66,89.5,47.4,0.178,0.5524,10.79
gw1_3,Active 2-GKP Rotation,Active 2-GKP,Scherpen (IPS) + Donnarumma (MCI),Scherpen,IPS,4.5,Donnarumma,MCI,5.5,10.0,3,25.45,8.48,8.042,80.5,51.25,2.5,33.3,33.3,-0.5,0.3969,1.82
gw4_19,Active 2-GKP Rotation,Active 2-GKP,Scherpen (IPS) + Donnarumma (MCI),Scherpen,IPS,4.5,Donnarumma,MCI,5.5,10.0,16,103.47,6.47,6.025,84.64,81.95,2.5,100.0,50.0,-0.1486,0.4102,7.05
gw1_19,Active 2-GKP Rotation,Active 2-GKP,Scherpen (IPS) + Donnarumma (MCI),Scherpen,IPS,4.5,Donnarumma,MCI,5.5,10.0,19,123.03,6.48,6.034,85.15,82.86,2.47,100.0,52.6,-0.1884,0.4081,8.47
full_season,Active 2-GKP Rotation,Active 2-GKP,Scherpen (IPS) + Donnarumma (MCI),Scherpen,IPS,4.5,Donnarumma,MCI,5.5,10.0,38,245.25,6.45,6.012,83.19,78.88,2.58,97.4,44.7,-0.1607,0.415,16.71
gw1_3,Active 2-GKP Rotation,Active 2-GKP,Scherpen (IPS) + Trafford (LEE),Scherpen,IPS,4.5,Trafford,LEE,5.0,9.5,3,23.09,7.7,7.402,76.67,41.67,2.75,33.3,0.0,0.0,0.586,1.09
gw4_19,Active 2-GKP Rotation,Active 2-GKP,Scherpen (IPS) + Trafford (LEE),Scherpen,IPS,4.5,Trafford,LEE,5.0,9.5,16,94.01,5.88,5.581,76.19,79.86,2.5,93.8,56.2,-0.2872,0.5594,4.55
gw1_19,Active 2-GKP Rotation,Active 2-GKP,Scherpen (IPS) + Trafford (LEE),Scherpen,IPS,4.5,Trafford,LEE,5.0,9.5,19,111.37,5.86,5.567,75.85,79.59,2.53,94.7,52.6,-0.2672,0.5636,5.41
full_season,Active 2-GKP Rotation,Active 2-GKP,Scherpen (IPS) + Trafford (LEE),Scherpen,IPS,4.5,Trafford,LEE,5.0,9.5,38,222.69,5.86,5.566,75.25,78.17,2.58,94.7,47.4,-0.2414,0.563,10.73
gw1_3,Active 2-GKP Rotation,Active 2-GKP,Scherpen (IPS) + Lammens (MUN),Scherpen,IPS,4.5,Lammens,MUN,5.0,9.5,3,24.36,8.12,7.826,79.83,49.58,2.25,33.3,33.3,0.5,0.4643,1.58
gw4_19,Active 2-GKP Rotation,Active 2-GKP,Scherpen (IPS) + Lammens (MUN),Scherpen,IPS,4.5,Lammens,MUN,5.0,9.5,16,92.6,5.79,5.493,74.53,79.49,2.62,100.0,37.5,-0.2094,0.5238,4.98
gw1_19,Active 2-GKP Rotation,Active 2-GKP,Scherpen (IPS) + Lammens (MUN),Scherpen,IPS,4.5,Lammens,MUN,5.0,9.5,19,111.07,5.85,5.551,75.82,80.19,2.58,100.0,42.1,-0.1601,0.5144,6.16
full_season,Active 2-GKP Rotation,Active 2-GKP,Scherpen (IPS) + Lammens (MUN),Scherpen,IPS,4.5,Lammens,MUN,5.0,9.5,38,222.59,5.86,5.563,76.37,81.06,2.55,100.0,44.7,-0.1939,0.5097,12.74
gw1_3,Active 2-GKP Rotation,Active 2-GKP,Scherpen (IPS) + Pope (NEW),Scherpen,IPS,4.5,Pope,NEW,5.0,9.5,3,22.47,7.49,7.195,77.33,43.33,3.0,33.3,0.0,-1.0,0.5939,0.95
gw4_19,Active 2-GKP Rotation,Active 2-GKP,Scherpen (IPS) + Pope (NEW),Scherpen,IPS,4.5,Pope,NEW,5.0,9.5,16,89.14,5.57,5.277,67.48,71.12,2.69,93.8,37.5,0.2949,0.5491,4.72
gw1_19,Active 2-GKP Rotation,Active 2-GKP,Scherpen (IPS) + Pope (NEW),Scherpen,IPS,4.5,Pope,NEW,5.0,9.5,19,105.93,5.58,5.281,68.18,72.71,2.68,94.7,36.8,0.1594,0.5562,5.53
full_season,Active 2-GKP Rotation,Active 2-GKP,Scherpen (IPS) + Pope (NEW),Scherpen,IPS,4.5,Pope,NEW,5.0,9.5,38,213.22,5.61,5.317,68.27,71.4,2.66,89.5,44.7,0.0644,0.5556,11.14
gw1_3,Active 2-GKP Rotation,Active 2-GKP,Scherpen (IPS) + Sels (NFO),Scherpen,IPS,4.5,Sels,NFO,5.0,9.5,3,24.2,8.07,7.774,74.07,35.17,2.75,33.3,33.3,0.866,0.5534,1.26
gw4_19,Active 2-GKP Rotation,Active 2-GKP,Scherpen (IPS) + Sels (NFO),Scherpen,IPS,4.5,Sels,NFO,5.0,9.5,16,95.31,5.96,5.662,75.87,75.59,2.56,93.8,50.0,0.0879,0.5266,4.82
gw1_19,Active 2-GKP Rotation,Active 2-GKP,Scherpen (IPS) + Sels (NFO),Scherpen,IPS,4.5,Sels,NFO,5.0,9.5,19,113.62,5.98,5.685,74.38,70.87,2.63,89.5,47.4,0.2179,0.5309,5.67
full_season,Active 2-GKP Rotation,Active 2-GKP,Scherpen (IPS) + Sels (NFO),Scherpen,IPS,4.5,Sels,NFO,5.0,9.5,38,226.86,5.97,5.676,72.09,65.56,2.71,84.2,44.7,0.329,0.5372,11.17
gw1_3,Active 2-GKP Rotation,Active 2-GKP,Scherpen (IPS) + Roefs (SUN),Scherpen,IPS,4.5,Roefs,SUN,5.0,9.5,3,24.44,8.15,7.852,79.83,49.58,2.25,33.3,33.3,0.5,0.485,1.5
gw4_19,Active 2-GKP Rotation,Active 2-GKP,Scherpen (IPS) + Roefs (SUN),Scherpen,IPS,4.5,Roefs,SUN,5.0,9.5,16,94.28,5.89,5.598,73.92,73.44,2.69,93.8,37.5,-0.0148,0.5406,4.26
gw1_19,Active 2-GKP Rotation,Active 2-GKP,Scherpen (IPS) + Roefs (SUN),Scherpen,IPS,4.5,Roefs,SUN,5.0,9.5,19,112.83,5.94,5.644,75.4,75.18,2.63,94.7,42.1,-0.0069,0.5319,5.36
full_season,Active 2-GKP Rotation,Active 2-GKP,Scherpen (IPS) + Roefs (SUN),Scherpen,IPS,4.5,Roefs,SUN,5.0,9.5,38,225.07,5.92,5.628,75.43,75.92,2.66,97.4,36.8,-0.0121,0.5379,10.63
gw1_3,Active 2-GKP Rotation,Active 2-GKP,Scherpen (IPS) + Kinsky (TOT),Scherpen,IPS,4.5,Kinsky,TOT,4.5,9.0,3,22.56,7.52,7.372,80.5,51.25,2.5,33.3,33.3,-0.5,0.55,1.21
gw4_19,Active 2-GKP Rotation,Active 2-GKP,Scherpen (IPS) + Kinsky (TOT),Scherpen,IPS,4.5,Kinsky,TOT,4.5,9.0,16,91.97,5.75,5.601,73.47,72.21,2.69,93.8,43.8,0.1498,0.5613,4.24
gw1_19,Active 2-GKP Rotation,Active 2-GKP,Scherpen (IPS) + Kinsky (TOT),Scherpen,IPS,4.5,Kinsky,TOT,4.5,9.0,19,108.96,5.73,5.588,74.21,74.63,2.63,94.7,47.4,0.0673,0.5595,5.23
full_season,Active 2-GKP Rotation,Active 2-GKP,Scherpen (IPS) + Kinsky (TOT),Scherpen,IPS,4.5,Kinsky,TOT,4.5,9.0,38,217.37,5.72,5.573,74.77,76.65,2.61,94.7,47.4,-0.1202,0.5652,10.55
gw1_3,Active 2-GKP Rotation,Active 2-GKP,Scherpen (IPS) + Tzolakis (HUL),Scherpen,IPS,4.5,Tzolakis,HUL,4.5,9.0,3,22.01,7.34,7.19,79.26,48.16,2.75,33.3,33.3,-0.866,0.5454,1.12
gw4_19,Active 2-GKP Rotation,Active 2-GKP,Scherpen (IPS) + Tzolakis (HUL),Scherpen,IPS,4.5,Tzolakis,HUL,4.5,9.0,16,87.52,5.47,5.323,71.03,78.03,2.62,100.0,37.5,-0.0148,0.5521,4.83
gw1_19,Active 2-GKP Rotation,Active 2-GKP,Scherpen (IPS) + Tzolakis (HUL),Scherpen,IPS,4.5,Tzolakis,HUL,4.5,9.0,19,104.74,5.51,5.365,72.6,80.14,2.58,100.0,42.1,-0.1529,0.551,5.79
full_season,Active 2-GKP Rotation,Active 2-GKP,Scherpen (IPS) + Tzolakis (HUL),Scherpen,IPS,4.5,Tzolakis,HUL,4.5,9.0,38,209.48,5.51,5.365,71.0,76.13,2.63,94.7,42.1,-0.1337,0.5501,11.59
gw1_3,Active 2-GKP Rotation,Active 2-GKP,Scherpen (IPS) + Horníček (NEW),Scherpen,IPS,4.5,Horníček,NEW,5.0,9.5,3,21.13,7.04,6.75,77.33,43.33,3.0,33.3,0.0,-1.0,0.5994,0.86
gw4_19,Active 2-GKP Rotation,Active 2-GKP,Scherpen (IPS) + Horníček (NEW),Scherpen,IPS,4.5,Horníček,NEW,5.0,9.5,16,84.9,5.31,5.012,62.94,71.12,2.69,93.8,37.5,0.2949,0.5546,4.63
gw1_19,Active 2-GKP Rotation,Active 2-GKP,Scherpen (IPS) + Horníček (NEW),Scherpen,IPS,4.5,Horníček,NEW,5.0,9.5,19,101.15,5.32,5.029,63.87,72.71,2.68,94.7,36.8,0.1594,0.5616,5.35
full_season,Active 2-GKP Rotation,Active 2-GKP,Scherpen (IPS) + Horníček (NEW),Scherpen,IPS,4.5,Horníček,NEW,5.0,9.5,38,202.77,5.34,5.042,63.56,71.4,2.66,89.5,44.7,0.0644,0.5611,11.04
gw1_3,Active 2-GKP Rotation,Active 2-GKP,Donnarumma (MCI) + Kinsky (TOT),Donnarumma,MCI,5.5,Kinsky,TOT,4.5,10.0,3,25.13,8.38,7.934,80.5,51.25,2.5,33.3,33.3,-0.5,0.3818,1.64
gw4_19,Active 2-GKP Rotation,Active 2-GKP,Donnarumma (MCI) + Kinsky (TOT),Donnarumma,MCI,5.5,Kinsky,TOT,4.5,10.0,16,103.52,6.47,6.029,79.92,69.99,2.62,87.5,50.0,0.2229,0.4294,7.1
gw1_19,Active 2-GKP Rotation,Active 2-GKP,Donnarumma (MCI) + Kinsky (TOT),Donnarumma,MCI,5.5,Kinsky,TOT,4.5,10.0,19,123.08,6.48,6.036,80.92,72.17,2.58,89.5,52.6,0.2074,0.4218,8.52
full_season,Active 2-GKP Rotation,Active 2-GKP,Donnarumma (MCI) + Kinsky (TOT),Donnarumma,MCI,5.5,Kinsky,TOT,4.5,10.0,38,245.3,6.46,6.014,81.19,73.82,2.61,92.1,47.4,0.0811,0.4285,16.75
gw1_3,Active 2-GKP Rotation,Active 2-GKP,Donnarumma (MCI) + Tzolakis (HUL),Donnarumma,MCI,5.5,Tzolakis,HUL,4.5,10.0,3,24.35,8.12,7.676,76.67,41.67,2.75,33.3,33.3,0.0,0.3835,1.58
gw4_19,Active 2-GKP Rotation,Active 2-GKP,Donnarumma (MCI) + Tzolakis (HUL),Donnarumma,MCI,5.5,Tzolakis,HUL,4.5,10.0,16,103.47,6.47,6.025,81.55,74.22,2.62,93.8,43.8,0.0758,0.4214,7.05
gw1_19,Active 2-GKP Rotation,Active 2-GKP,Donnarumma (MCI) + Tzolakis (HUL),Donnarumma,MCI,5.5,Tzolakis,HUL,4.5,10.0,19,123.03,6.48,6.034,82.32,75.77,2.58,94.7,47.4,0.0786,0.4154,8.47
full_season,Active 2-GKP Rotation,Active 2-GKP,Donnarumma (MCI) + Tzolakis (HUL),Donnarumma,MCI,5.5,Tzolakis,HUL,4.5,10.0,38,245.25,6.45,6.012,81.93,75.71,2.61,94.7,44.7,0.0043,0.4164,16.71
gw1_3,Active 2-GKP Rotation,Active 2-GKP,Trafford (LEE) + Lammens (MUN),Trafford,LEE,5.0,Lammens,MUN,5.0,10.0,3,24.2,8.07,7.624,79.0,47.5,2.5,33.3,33.3,0.0,0.4669,1.41
gw4_19,Active 2-GKP Rotation,Active 2-GKP,Trafford (LEE) + Lammens (MUN),Trafford,LEE,5.0,Lammens,MUN,5.0,10.0,16,93.74,5.86,5.417,70.33,72.23,2.75,93.8,31.2,-0.0478,0.5481,4.39
gw1_19,Active 2-GKP Rotation,Active 2-GKP,Trafford (LEE) + Lammens (MUN),Trafford,LEE,5.0,Lammens,MUN,5.0,10.0,19,112.21,5.91,5.464,71.84,73.99,2.68,94.7,36.8,-0.0117,0.5353,5.58
full_season,Active 2-GKP Rotation,Active 2-GKP,Trafford (LEE) + Lammens (MUN),Trafford,LEE,5.0,Lammens,MUN,5.0,10.0,38,226.24,5.95,5.512,73.61,76.36,2.58,94.7,47.4,0.0,0.5243,11.96
gw1_3,Active 2-GKP Rotation,Active 2-GKP,Trafford (LEE) + Pope (NEW),Trafford,LEE,5.0,Pope,NEW,5.0,10.0,3,22.88,7.63,7.185,72.0,30.0,3.25,33.3,0.0,0.0,0.6072,0.84
gw4_19,Active 2-GKP Rotation,Active 2-GKP,Trafford (LEE) + Pope (NEW),Trafford,LEE,5.0,Pope,NEW,5.0,10.0,16,93.51,5.84,5.403,67.5,65.78,2.69,81.2,50.0,0.1744,0.5702,4.21
gw1_19,Active 2-GKP Rotation,Active 2-GKP,Trafford (LEE) + Pope (NEW),Trafford,LEE,5.0,Pope,NEW,5.0,10.0,19,110.7,5.83,5.385,67.39,66.28,2.74,84.2,42.1,0.1515,0.576,4.9
full_season,Active 2-GKP Rotation,Active 2-GKP,Trafford (LEE) + Pope (NEW),Trafford,LEE,5.0,Pope,NEW,5.0,10.0,38,222.12,5.85,5.404,68.13,67.31,2.68,84.2,47.4,0.178,0.5705,10.26
gw1_3,Active 2-GKP Rotation,Active 2-GKP,Trafford (LEE) + Sels (NFO),Trafford,LEE,5.0,Sels,NFO,5.0,10.0,3,24.04,8.01,7.571,76.67,41.67,2.75,33.3,0.0,0.0,0.5507,1.09
gw4_19,Active 2-GKP Rotation,Active 2-GKP,Trafford (LEE) + Sels (NFO),Trafford,LEE,5.0,Sels,NFO,5.0,10.0,16,96.83,6.05,5.61,74.23,73.71,2.56,87.5,56.2,-0.078,0.547,5.1
gw1_19,Active 2-GKP Rotation,Active 2-GKP,Trafford (LEE) + Sels (NFO),Trafford,LEE,5.0,Sels,NFO,5.0,10.0,19,115.14,6.06,5.618,74.59,74.26,2.58,89.5,52.6,-0.071,0.5476,5.95
full_season,Active 2-GKP Rotation,Active 2-GKP,Trafford (LEE) + Sels (NFO),Trafford,LEE,5.0,Sels,NFO,5.0,10.0,38,229.8,6.05,5.606,74.46,74.47,2.61,92.1,47.4,-0.0058,0.5481,11.68
gw1_3,Active 2-GKP Rotation,Active 2-GKP,Trafford (LEE) + Roefs (SUN),Trafford,LEE,5.0,Roefs,SUN,5.0,10.0,3,24.27,8.09,7.65,79.0,47.5,2.5,33.3,33.3,0.0,0.4879,1.33
gw4_19,Active 2-GKP Rotation,Active 2-GKP,Trafford (LEE) + Roefs (SUN),Trafford,LEE,5.0,Roefs,SUN,5.0,10.0,16,96.67,6.04,5.6,74.16,73.94,2.56,87.5,56.2,-0.1093,0.5603,5.02
gw1_19,Active 2-GKP Rotation,Active 2-GKP,Trafford (LEE) + Roefs (SUN),Trafford,LEE,5.0,Roefs,SUN,5.0,10.0,19,115.22,6.06,5.623,75.16,75.51,2.53,89.5,57.9,-0.0737,0.5489,6.12
full_season,Active 2-GKP Rotation,Active 2-GKP,Trafford (LEE) + Roefs (SUN),Trafford,LEE,5.0,Roefs,SUN,5.0,10.0,38,229.49,6.04,5.598,74.69,75.39,2.58,92.1,50.0,-0.0462,0.5499,11.74
gw1_3,Active 2-GKP Rotation,Active 2-GKP,Trafford (LEE) + Kinsky (TOT),Trafford,LEE,5.0,Kinsky,TOT,4.5,9.5,3,22.77,7.59,7.294,76.67,41.67,2.75,33.3,33.3,0.0,0.5617,0.91
gw4_19,Active 2-GKP Rotation,Active 2-GKP,Trafford (LEE) + Kinsky (TOT),Trafford,LEE,5.0,Kinsky,TOT,4.5,9.5,16,94.61,5.91,5.619,76.84,79.86,2.5,93.8,56.2,-0.2872,0.5805,4.8
gw1_19,Active 2-GKP Rotation,Active 2-GKP,Trafford (LEE) + Kinsky (TOT),Trafford,LEE,5.0,Kinsky,TOT,4.5,9.5,19,111.81,5.88,5.59,76.23,79.56,2.53,94.7,52.6,-0.263,0.5775,5.48
full_season,Active 2-GKP Rotation,Active 2-GKP,Trafford (LEE) + Kinsky (TOT),Trafford,LEE,5.0,Kinsky,TOT,4.5,9.5,38,223.8,5.89,5.595,76.06,78.94,2.55,94.7,50.0,-0.262,0.5787,10.84
gw1_3,Active 2-GKP Rotation,Active 2-GKP,Trafford (LEE) + Tzolakis (HUL),Trafford,LEE,5.0,Tzolakis,HUL,4.5,9.5,3,22.12,7.37,7.08,74.33,35.83,3.0,33.3,33.3,0.0,0.5621,1.02
gw4_19,Active 2-GKP Rotation,Active 2-GKP,Trafford (LEE) + Tzolakis (HUL),Trafford,LEE,5.0,Tzolakis,HUL,4.5,9.5,16,93.48,5.84,5.548,74.14,76.14,2.62,93.8,43.8,-0.1792,0.5732,4.18
gw1_19,Active 2-GKP Rotation,Active 2-GKP,Trafford (LEE) + Tzolakis (HUL),Trafford,LEE,5.0,Tzolakis,HUL,4.5,9.5,19,110.81,5.83,5.538,74.03,76.33,2.63,94.7,42.1,-0.1597,0.5715,5.04
full_season,Active 2-GKP Rotation,Active 2-GKP,Trafford (LEE) + Tzolakis (HUL),Trafford,LEE,5.0,Tzolakis,HUL,4.5,9.5,38,222.11,5.84,5.551,75.65,79.81,2.55,97.4,47.4,-0.2032,0.5635,10.53
gw1_3,Active 2-GKP Rotation,Active 2-GKP,Trafford (LEE) + Horníček (NEW),Trafford,LEE,5.0,Horníček,NEW,5.0,10.0,3,22.08,7.36,6.92,72.0,30.0,3.25,33.3,0.0,0.0,0.6127,0.83
gw4_19,Active 2-GKP Rotation,Active 2-GKP,Trafford (LEE) + Horníček (NEW),Trafford,LEE,5.0,Horníček,NEW,5.0,10.0,16,93.06,5.82,5.374,67.02,65.78,2.69,81.2,50.0,0.1744,0.5758,3.75
gw1_19,Active 2-GKP Rotation,Active 2-GKP,Trafford (LEE) + Horníček (NEW),Trafford,LEE,5.0,Horníček,NEW,5.0,10.0,19,110.25,5.8,5.361,66.99,66.28,2.74,84.2,42.1,0.1515,0.5817,4.44
full_season,Active 2-GKP Rotation,Active 2-GKP,Trafford (LEE) + Horníček (NEW),Trafford,LEE,5.0,Horníček,NEW,5.0,10.0,38,220.71,5.81,5.367,67.49,67.31,2.68,84.2,47.4,0.178,0.5761,9.07
gw1_3,Active 2-GKP Rotation,Active 2-GKP,Lammens (MUN) + Pope (NEW),Lammens,MUN,5.0,Pope,NEW,5.0,10.0,3,24.15,8.05,7.609,78.17,45.42,2.75,33.3,33.3,-0.5,0.4755,1.33
gw4_19,Active 2-GKP Rotation,Active 2-GKP,Lammens (MUN) + Pope (NEW),Lammens,MUN,5.0,Pope,NEW,5.0,10.0,16,91.78,5.74,5.294,67.35,70.05,2.75,93.8,31.2,0.2434,0.5334,4.81
gw1_19,Active 2-GKP Rotation,Active 2-GKP,Lammens (MUN) + Pope (NEW),Lammens,MUN,5.0,Pope,NEW,5.0,10.0,19,110.25,5.8,5.361,69.74,73.19,2.68,94.7,36.8,0.0957,0.5243,6.0
full_season,Active 2-GKP Rotation,Active 2-GKP,Lammens (MUN) + Pope (NEW),Lammens,MUN,5.0,Pope,NEW,5.0,10.0,38,222.49,5.85,5.413,72.5,77.83,2.55,94.7,50.0,-0.1137,0.5138,12.82
gw1_3,Active 2-GKP Rotation,Active 2-GKP,Lammens (MUN) + Sels (NFO),Lammens,MUN,5.0,Sels,NFO,5.0,10.0,3,24.9,8.3,7.86,81.33,53.33,2.25,33.3,33.3,0.0,0.4335,1.57
gw4_19,Active 2-GKP Rotation,Active 2-GKP,Lammens (MUN) + Sels (NFO),Lammens,MUN,5.0,Sels,NFO,5.0,10.0,16,96.01,6.0,5.559,72.55,71.7,2.69,93.8,37.5,0.2177,0.5134,4.78
gw1_19,Active 2-GKP Rotation,Active 2-GKP,Lammens (MUN) + Sels (NFO),Lammens,MUN,5.0,Sels,NFO,5.0,10.0,19,114.63,6.03,5.592,73.96,73.82,2.63,94.7,42.1,0.1745,0.5008,5.94
full_season,Active 2-GKP Rotation,Active 2-GKP,Lammens (MUN) + Sels (NFO),Lammens,MUN,5.0,Sels,NFO,5.0,10.0,38,229.77,6.05,5.605,74.87,75.52,2.58,94.7,47.4,0.1114,0.4969,12.23
gw1_3,Active 2-GKP Rotation,Active 2-GKP,Lammens (MUN) + Roefs (SUN),Lammens,MUN,5.0,Roefs,SUN,5.0,10.0,3,24.95,8.32,7.875,78.33,45.83,2.25,33.3,33.3,1.0,0.3882,1.57
gw4_19,Active 2-GKP Rotation,Active 2-GKP,Lammens (MUN) + Roefs (SUN),Lammens,MUN,5.0,Roefs,SUN,5.0,10.0,16,96.15,6.01,5.568,71.68,69.16,2.75,87.5,37.5,-0.0549,0.5239,5.03
gw1_19,Active 2-GKP Rotation,Active 2-GKP,Lammens (MUN) + Roefs (SUN),Lammens,MUN,5.0,Roefs,SUN,5.0,10.0,19,114.74,6.04,5.597,72.57,70.13,2.68,89.5,42.1,0.1522,0.5025,6.19
full_season,Active 2-GKP Rotation,Active 2-GKP,Lammens (MUN) + Roefs (SUN),Lammens,MUN,5.0,Roefs,SUN,5.0,10.0,38,228.72,6.02,5.577,71.65,68.67,2.71,89.5,42.1,0.2654,0.5002,12.11
gw1_3,Active 2-GKP Rotation,Active 2-GKP,Lammens (MUN) + Kinsky (TOT),Lammens,MUN,5.0,Kinsky,TOT,4.5,9.5,3,24.04,8.01,7.719,77.5,43.75,2.5,33.3,33.3,0.5,0.4437,1.41
gw4_19,Active 2-GKP Rotation,Active 2-GKP,Lammens (MUN) + Kinsky (TOT),Lammens,MUN,5.0,Kinsky,TOT,4.5,9.5,16,93.74,5.86,5.564,73.06,72.75,2.69,93.8,37.5,0.0778,0.5456,5.01
gw1_19,Active 2-GKP Rotation,Active 2-GKP,Lammens (MUN) + Kinsky (TOT),Lammens,MUN,5.0,Kinsky,TOT,4.5,9.5,19,112.21,5.91,5.611,74.33,73.92,2.63,94.7,42.1,0.1616,0.5295,6.19
full_season,Active 2-GKP Rotation,Active 2-GKP,Lammens (MUN) + Kinsky (TOT),Lammens,MUN,5.0,Kinsky,TOT,4.5,9.5,38,225.77,5.94,5.647,76.39,77.53,2.55,94.7,50.0,-0.0743,0.5247,12.8
gw1_3,Active 2-GKP Rotation,Active 2-GKP,Lammens (MUN) + Tzolakis (HUL),Lammens,MUN,5.0,Tzolakis,HUL,4.5,9.5,3,23.27,7.76,7.461,76.67,41.67,2.75,33.3,33.3,0.0,0.4425,1.34
gw4_19,Active 2-GKP Rotation,Active 2-GKP,Lammens (MUN) + Tzolakis (HUL),Lammens,MUN,5.0,Tzolakis,HUL,4.5,9.5,16,91.64,5.73,5.433,66.45,61.86,2.94,87.5,25.0,0.3356,0.5378,4.77
gw1_19,Active 2-GKP Rotation,Active 2-GKP,Lammens (MUN) + Tzolakis (HUL),Lammens,MUN,5.0,Tzolakis,HUL,4.5,9.5,19,110.11,5.8,5.501,68.99,65.3,2.84,89.5,31.6,0.3047,0.5227,5.95
full_season,Active 2-GKP Rotation,Active 2-GKP,Lammens (MUN) + Tzolakis (HUL),Lammens,MUN,5.0,Tzolakis,HUL,4.5,9.5,38,221.0,5.82,5.521,69.06,64.59,2.79,86.8,36.8,0.3878,0.5143,12.05
gw1_3,Active 2-GKP Rotation,Active 2-GKP,Lammens (MUN) + Horníček (NEW),Lammens,MUN,5.0,Horníček,NEW,5.0,10.0,3,23.36,7.79,7.344,78.17,45.42,2.75,33.3,33.3,-0.5,0.4799,1.33
gw4_19,Active 2-GKP Rotation,Active 2-GKP,Lammens (MUN) + Horníček (NEW),Lammens,MUN,5.0,Horníček,NEW,5.0,10.0,16,91.15,5.7,5.255,66.68,70.05,2.75,93.8,31.2,0.2434,0.5387,4.57
gw1_19,Active 2-GKP Rotation,Active 2-GKP,Lammens (MUN) + Horníček (NEW),Lammens,MUN,5.0,Horníček,NEW,5.0,10.0,19,109.62,5.77,5.328,69.18,73.19,2.68,94.7,36.8,0.0957,0.5294,5.75
full_season,Active 2-GKP Rotation,Active 2-GKP,Lammens (MUN) + Horníček (NEW),Lammens,MUN,5.0,Horníček,NEW,5.0,10.0,38,220.52,5.8,5.361,71.61,77.83,2.55,94.7,50.0,-0.1137,0.5188,12.09
gw1_3,Active 2-GKP Rotation,Active 2-GKP,Pope (NEW) + Sels (NFO),Pope,NEW,5.0,Sels,NFO,5.0,10.0,3,23.99,8.0,7.556,76.93,42.33,3.0,33.3,0.0,-0.866,0.5587,1.01
gw4_19,Active 2-GKP Rotation,Active 2-GKP,Pope (NEW) + Sels (NFO),Pope,NEW,5.0,Sels,NFO,5.0,10.0,16,95.21,5.95,5.509,72.59,73.95,2.62,93.8,43.8,0.1118,0.5332,4.67
gw1_19,Active 2-GKP Rotation,Active 2-GKP,Pope (NEW) + Sels (NFO),Pope,NEW,5.0,Sels,NFO,5.0,10.0,19,113.52,5.97,5.533,73.48,75.13,2.63,94.7,42.1,0.0,0.5372,5.53
full_season,Active 2-GKP Rotation,Active 2-GKP,Pope (NEW) + Sels (NFO),Pope,NEW,5.0,Sels,NFO,5.0,10.0,38,227.0,5.97,5.532,72.73,73.31,2.63,92.1,44.7,0.0674,0.5393,11.26
gw1_3,Active 2-GKP Rotation,Active 2-GKP,Pope (NEW) + Roefs (SUN),Pope,NEW,5.0,Roefs,SUN,5.0,10.0,3,24.23,8.08,7.635,78.17,45.42,2.75,33.3,33.3,-0.5,0.497,1.25
gw4_19,Active 2-GKP Rotation,Active 2-GKP,Pope (NEW) + Roefs (SUN),Pope,NEW,5.0,Roefs,SUN,5.0,10.0,16,95.08,5.94,5.501,70.95,70.21,2.69,87.5,43.8,0.0,0.5459,4.77
gw1_19,Active 2-GKP Rotation,Active 2-GKP,Pope (NEW) + Roefs (SUN),Pope,NEW,5.0,Roefs,SUN,5.0,10.0,19,113.63,5.98,5.539,72.79,73.18,2.63,89.5,47.4,-0.091,0.5382,5.88
full_season,Active 2-GKP Rotation,Active 2-GKP,Pope (NEW) + Roefs (SUN),Pope,NEW,5.0,Roefs,SUN,5.0,10.0,38,226.53,5.96,5.52,74.13,77.35,2.58,92.1,50.0,-0.3078,0.5384,11.86
gw1_3,Active 2-GKP Rotation,Active 2-GKP,Pope (NEW) + Kinsky (TOT),Pope,NEW,5.0,Kinsky,TOT,4.5,9.5,3,22.35,7.45,7.155,72.83,32.08,3.0,33.3,33.3,0.5,0.5754,0.97
gw4_19,Active 2-GKP Rotation,Active 2-GKP,Pope (NEW) + Kinsky (TOT),Pope,NEW,5.0,Kinsky,TOT,4.5,9.5,16,92.31,5.77,5.475,73.23,76.99,2.56,93.8,50.0,-0.0983,0.5655,4.58
gw1_19,Active 2-GKP Rotation,Active 2-GKP,Pope (NEW) + Kinsky (TOT),Pope,NEW,5.0,Kinsky,TOT,4.5,9.5,19,109.09,5.74,5.447,72.77,77.03,2.58,94.7,47.4,-0.0893,0.567,5.33
full_season,Active 2-GKP Rotation,Active 2-GKP,Pope (NEW) + Kinsky (TOT),Pope,NEW,5.0,Kinsky,TOT,4.5,9.5,38,217.87,5.73,5.439,72.13,75.79,2.61,94.7,44.7,-0.0058,0.5712,10.6
gw1_3,Active 2-GKP Rotation,Active 2-GKP,Pope (NEW) + Tzolakis (HUL),Pope,NEW,5.0,Tzolakis,HUL,4.5,9.5,3,21.77,7.26,6.964,69.4,23.5,3.25,33.3,33.3,0.866,0.5777,0.95
gw4_19,Active 2-GKP Rotation,Active 2-GKP,Pope (NEW) + Tzolakis (HUL),Pope,NEW,5.0,Tzolakis,HUL,4.5,9.5,16,89.54,5.6,5.302,69.38,74.79,2.62,93.8,43.8,0.0,0.5575,4.68
gw1_19,Active 2-GKP Rotation,Active 2-GKP,Pope (NEW) + Tzolakis (HUL),Pope,NEW,5.0,Tzolakis,HUL,4.5,9.5,19,106.52,5.61,5.312,67.92,70.72,2.68,89.5,42.1,0.0739,0.5607,5.47
full_season,Active 2-GKP Rotation,Active 2-GKP,Pope (NEW) + Tzolakis (HUL),Pope,NEW,5.0,Tzolakis,HUL,4.5,9.5,38,214.0,5.63,5.337,69.22,72.88,2.63,89.5,47.4,-0.0503,0.5546,11.32
gw1_3,Active 2-GKP Rotation,Active 2-GKP,Pope (NEW) + Horníček (NEW),Pope,NEW,5.0,Horníček,NEW,5.0,10.0,3,21.44,7.15,6.703,66.67,16.67,3.5,33.3,0.0,1.0,0.6279,0.78
gw4_19,Active 2-GKP Rotation,Active 2-GKP,Pope (NEW) + Horníček (NEW),Pope,NEW,5.0,Horníček,NEW,5.0,10.0,16,87.8,5.49,5.046,54.74,49.17,3.0,75.0,25.0,1.0,0.5654,4.1
gw1_19,Active 2-GKP Rotation,Active 2-GKP,Pope (NEW) + Horníček (NEW),Pope,NEW,5.0,Horníček,NEW,5.0,10.0,19,104.35,5.49,5.051,54.06,47.28,3.05,73.7,21.1,1.0,0.5753,4.74
full_season,Active 2-GKP Rotation,Active 2-GKP,Pope (NEW) + Horníček (NEW),Pope,NEW,5.0,Horníček,NEW,5.0,10.0,38,209.25,5.51,5.065,53.54,45.35,3.08,71.1,26.3,1.0,0.5738,9.57
gw1_3,Active 2-GKP Rotation,Active 2-GKP,Sels (NFO) + Roefs (SUN),Sels,NFO,5.0,Roefs,SUN,5.0,10.0,3,24.87,8.29,7.847,81.33,53.33,2.25,33.3,33.3,0.0,0.4529,1.52
gw4_19,Active 2-GKP Rotation,Active 2-GKP,Sels (NFO) + Roefs (SUN),Sels,NFO,5.0,Roefs,SUN,5.0,10.0,16,96.74,6.05,5.604,72.46,69.54,2.69,87.5,43.8,0.0897,0.5267,5.04
gw1_19,Active 2-GKP Rotation,Active 2-GKP,Sels (NFO) + Roefs (SUN),Sels,NFO,5.0,Roefs,SUN,5.0,10.0,19,115.32,6.07,5.628,73.82,71.94,2.63,89.5,47.4,0.0747,0.5151,6.14
full_season,Active 2-GKP Rotation,Active 2-GKP,Sels (NFO) + Roefs (SUN),Sels,NFO,5.0,Roefs,SUN,5.0,10.0,38,230.42,6.06,5.622,74.74,74.47,2.61,92.1,47.4,-0.0058,0.5207,12.23
gw1_3,Active 2-GKP Rotation,Active 2-GKP,Sels (NFO) + Kinsky (TOT),Sels,NFO,5.0,Kinsky,TOT,4.5,9.5,3,23.88,7.96,7.666,81.6,54.0,2.5,33.3,33.3,-0.866,0.515,1.08
gw4_19,Active 2-GKP Rotation,Active 2-GKP,Sels (NFO) + Kinsky (TOT),Sels,NFO,5.0,Kinsky,TOT,4.5,9.5,16,96.52,6.03,5.738,80.91,84.93,2.44,100.0,56.2,-0.3517,0.5428,5.05
gw1_19,Active 2-GKP Rotation,Active 2-GKP,Sels (NFO) + Kinsky (TOT),Sels,NFO,5.0,Kinsky,TOT,4.5,9.5,19,114.83,6.04,5.749,81.36,85.57,2.42,100.0,57.9,-0.3858,0.5384,5.9
full_season,Active 2-GKP Rotation,Active 2-GKP,Sels (NFO) + Kinsky (TOT),Sels,NFO,5.0,Kinsky,TOT,4.5,9.5,38,229.24,6.03,5.738,80.72,84.43,2.47,100.0,52.6,-0.3981,0.5462,11.95
gw1_3,Active 2-GKP Rotation,Active 2-GKP,Sels (NFO) + Tzolakis (HUL),Sels,NFO,5.0,Tzolakis,HUL,4.5,9.5,3,23.11,7.7,7.408,79.67,49.17,2.75,33.3,33.3,-1.0,0.5113,1.02
gw4_19,Active 2-GKP Rotation,Active 2-GKP,Sels (NFO) + Tzolakis (HUL),Sels,NFO,5.0,Tzolakis,HUL,4.5,9.5,16,95.63,5.98,5.683,71.74,64.39,2.69,81.2,50.0,0.3587,0.5388,4.82
gw1_19,Active 2-GKP Rotation,Active 2-GKP,Sels (NFO) + Tzolakis (HUL),Sels,NFO,5.0,Tzolakis,HUL,4.5,9.5,19,113.94,6.0,5.703,73.82,68.73,2.63,84.2,52.6,0.1515,0.5344,5.67
full_season,Active 2-GKP Rotation,Active 2-GKP,Sels (NFO) + Tzolakis (HUL),Sels,NFO,5.0,Tzolakis,HUL,4.5,9.5,38,227.37,5.98,5.689,74.26,70.4,2.63,86.8,50.0,0.1044,0.5347,11.33
gw1_3,Active 2-GKP Rotation,Active 2-GKP,Sels (NFO) + Horníček (NEW),Sels,NFO,5.0,Horníček,NEW,5.0,10.0,3,23.2,7.73,7.292,76.93,42.33,3.0,33.3,0.0,-0.866,0.5639,1.0
gw4_19,Active 2-GKP Rotation,Active 2-GKP,Sels (NFO) + Horníček (NEW),Sels,NFO,5.0,Horníček,NEW,5.0,10.0,16,95.19,5.95,5.508,72.57,73.95,2.62,93.8,43.8,0.1118,0.5385,4.55
gw1_19,Active 2-GKP Rotation,Active 2-GKP,Sels (NFO) + Horníček (NEW),Sels,NFO,5.0,Horníček,NEW,5.0,10.0,19,113.5,5.97,5.532,73.46,75.13,2.63,94.7,42.1,0.0,0.5425,5.41
full_season,Active 2-GKP Rotation,Active 2-GKP,Sels (NFO) + Horníček (NEW),Sels,NFO,5.0,Horníček,NEW,5.0,10.0,38,226.66,5.96,5.523,72.58,73.31,2.63,92.1,44.7,0.0674,0.5446,10.64
gw1_3,Active 2-GKP Rotation,Active 2-GKP,Roefs (SUN) + Kinsky (TOT),Roefs,SUN,5.0,Kinsky,TOT,4.5,9.5,3,24.12,8.04,7.745,77.5,43.75,2.5,33.3,33.3,0.5,0.4635,1.32
gw4_19,Active 2-GKP Rotation,Active 2-GKP,Roefs (SUN) + Kinsky (TOT),Roefs,SUN,5.0,Kinsky,TOT,4.5,9.5,16,95.52,5.97,5.676,80.49,86.54,2.44,100.0,56.2,-0.5666,0.5541,4.84
gw1_19,Active 2-GKP Rotation,Active 2-GKP,Roefs (SUN) + Kinsky (TOT),Roefs,SUN,5.0,Kinsky,TOT,4.5,9.5,19,114.07,6.0,5.709,80.76,85.79,2.42,100.0,57.9,-0.4148,0.5398,5.94
full_season,Active 2-GKP Rotation,Active 2-GKP,Roefs (SUN) + Kinsky (TOT),Roefs,SUN,5.0,Kinsky,TOT,4.5,9.5,38,227.4,5.98,5.69,78.92,82.03,2.5,97.4,52.6,-0.3352,0.5491,11.8
gw1_3,Active 2-GKP Rotation,Active 2-GKP,Roefs (SUN) + Tzolakis (HUL),Roefs,SUN,5.0,Tzolakis,HUL,4.5,9.5,3,23.34,7.78,7.487,76.67,41.67,2.75,33.3,33.3,0.0,0.4623,1.26
gw4_19,Active 2-GKP Rotation,Active 2-GKP,Roefs (SUN) + Tzolakis (HUL),Roefs,SUN,5.0,Tzolakis,HUL,4.5,9.5,16,94.69,5.92,5.624,72.13,67.88,2.75,87.5,37.5,0.1156,0.5517,4.71
gw1_19,Active 2-GKP Rotation,Active 2-GKP,Roefs (SUN) + Tzolakis (HUL),Roefs,SUN,5.0,Tzolakis,HUL,4.5,9.5,19,113.24,5.96,5.665,73.82,70.33,2.68,89.5,42.1,0.125,0.5376,5.81
full_season,Active 2-GKP Rotation,Active 2-GKP,Roefs (SUN) + Tzolakis (HUL),Roefs,SUN,5.0,Tzolakis,HUL,4.5,9.5,38,225.41,5.93,5.638,72.94,69.32,2.71,89.5,39.5,0.179,0.5386,11.1
gw1_3,Active 2-GKP Rotation,Active 2-GKP,Roefs (SUN) + Horníček (NEW),Roefs,SUN,5.0,Horníček,NEW,5.0,10.0,3,23.44,7.81,7.37,78.17,45.42,2.75,33.3,33.3,-0.5,0.5015,1.25
gw4_19,Active 2-GKP Rotation,Active 2-GKP,Roefs (SUN) + Horníček (NEW),Roefs,SUN,5.0,Horníček,NEW,5.0,10.0,16,94.28,5.89,5.451,70.1,70.21,2.69,87.5,43.8,0.0,0.5513,4.26
gw1_19,Active 2-GKP Rotation,Active 2-GKP,Roefs (SUN) + Horníček (NEW),Roefs,SUN,5.0,Horníček,NEW,5.0,10.0,19,112.83,5.94,5.497,72.08,73.18,2.63,89.5,47.4,-0.091,0.5435,5.36
full_season,Active 2-GKP Rotation,Active 2-GKP,Roefs (SUN) + Horníček (NEW),Roefs,SUN,5.0,Horníček,NEW,5.0,10.0,38,224.99,5.92,5.479,73.44,77.35,2.58,92.1,50.0,-0.3078,0.5437,10.51
gw1_3,Active 2-GKP Rotation,Active 2-GKP,Kinsky (TOT) + Tzolakis (HUL),Kinsky,TOT,4.5,Tzolakis,HUL,4.5,9.0,3,21.78,7.26,7.112,71.74,29.34,3.0,33.3,33.3,0.866,0.5375,1.01
gw4_19,Active 2-GKP Rotation,Active 2-GKP,Kinsky (TOT) + Tzolakis (HUL),Kinsky,TOT,4.5,Tzolakis,HUL,4.5,9.0,16,91.4,5.71,5.565,72.41,71.08,2.69,93.8,37.5,0.3006,0.5755,3.98
gw1_19,Active 2-GKP Rotation,Active 2-GKP,Kinsky (TOT) + Tzolakis (HUL),Kinsky,TOT,4.5,Tzolakis,HUL,4.5,9.0,19,108.38,5.7,5.557,72.35,71.27,2.68,94.7,36.8,0.3506,0.5695,4.82
full_season,Active 2-GKP Rotation,Active 2-GKP,Kinsky (TOT) + Tzolakis (HUL),Kinsky,TOT,4.5,Tzolakis,HUL,4.5,9.0,38,217.08,5.71,5.565,73.6,74.07,2.63,94.7,42.1,0.1419,0.5683,9.83
gw1_3,Active 2-GKP Rotation,Active 2-GKP,Kinsky (TOT) + Horníček (NEW),Kinsky,TOT,4.5,Horníček,NEW,5.0,9.5,3,21.55,7.18,6.89,72.83,32.08,3.0,33.3,33.3,0.5,0.5806,0.96
gw4_19,Active 2-GKP Rotation,Active 2-GKP,Kinsky (TOT) + Horníček (NEW),Kinsky,TOT,4.5,Horníček,NEW,5.0,9.5,16,91.05,5.69,5.396,71.88,76.99,2.56,93.8,50.0,-0.0983,0.5711,3.8
gw1_19,Active 2-GKP Rotation,Active 2-GKP,Kinsky (TOT) + Horníček (NEW),Kinsky,TOT,4.5,Horníček,NEW,5.0,9.5,19,107.72,5.67,5.375,71.53,77.03,2.58,94.7,47.4,-0.0893,0.5726,4.62
full_season,Active 2-GKP Rotation,Active 2-GKP,Kinsky (TOT) + Horníček (NEW),Kinsky,TOT,4.5,Horníček,NEW,5.0,9.5,38,214.84,5.65,5.359,70.76,75.79,2.61,94.7,44.7,-0.0058,0.5768,9.24
gw1_3,Active 2-GKP Rotation,Active 2-GKP,Tzolakis (HUL) + Horníček (NEW),Tzolakis,HUL,4.5,Horníček,NEW,5.0,9.5,3,20.73,6.91,6.615,69.4,23.5,3.25,33.3,33.3,0.866,0.5829,0.96
gw4_19,Active 2-GKP Rotation,Active 2-GKP,Tzolakis (HUL) + Horníček (NEW),Tzolakis,HUL,4.5,Horníček,NEW,5.0,9.5,16,84.59,5.29,4.992,64.07,74.79,2.62,93.8,43.8,0.0,0.563,4.78
gw1_19,Active 2-GKP Rotation,Active 2-GKP,Tzolakis (HUL) + Horníček (NEW),Tzolakis,HUL,4.5,Horníček,NEW,5.0,9.5,19,100.52,5.29,4.996,62.5,70.72,2.68,89.5,42.1,0.0739,0.5662,5.58
full_season,Active 2-GKP Rotation,Active 2-GKP,Tzolakis (HUL) + Horníček (NEW),Tzolakis,HUL,4.5,Horníček,NEW,5.0,9.5,38,201.77,5.31,5.015,63.7,72.88,2.63,89.5,47.4,-0.0503,0.56,11.35
