player_id,player_code,web_name,club_short,position,expected_role,p_start,p_sub_in,p_dnp,xmins_if_start,xmins_if_sub_in,draft_availability,availability_override,usable_season_count,usable_mins_total,rate_source,per90_xg,per90_xa,per90_defcon,per90_defensive_contribution,per90_saves,per90_goals_conceded,provenance_note
4,226597,Gabriel,ARS,DEF,Nailed Starter,0.9,0.05,0.05,85.0,20.0,eligible,,1,2750.0,prior_season_seed,0.0962,0.0573,9.0655,9.0655,0.0,0.6545,Prior-Season Seed 2025/26 (2750m)
5,445122,J.Timber,ARS,DEF,Regular Starter,0.75,0.1,0.15,80.0,20.0,exclude_gw1,,1,2452.0,prior_season_seed,0.1729,0.0562,5.4323,5.4323,0.0,0.7341,Prior-Season Seed 2025/26 (2452m)
6,462424,Saliba,ARS,DEF,Rotation,0.4,0.25,0.35,70.0,20.0,exclude_gw1-5,,1,2614.0,prior_season_seed,0.0303,0.0417,6.645,6.645,0.0,0.6886,Prior-Season Seed 2025/26 (2614m)
8,466075,Calafiori,ARS,DEF,Regular Starter,0.75,0.1,0.15,80.0,20.0,eligible,,1,1697.0,prior_season_seed,0.1782,0.0403,5.4095,5.4095,0.0,0.4243,Prior-Season Seed 2025/26 (1697m)
9,448104,Hincapie,ARS,DEF,Rotation,0.4,0.25,0.35,70.0,20.0,not_role_eligible,,1,1787.0,prior_season_seed,0.0181,0.0841,8.6122,8.6122,0.0,0.9569,Prior-Season Seed 2025/26 (1787m)
10,198869,White,ARS,DEF,Regular Starter,0.75,0.1,0.15,80.0,20.0,watch,,0,0.0,career_individual+destination_gc,0.058,0.089,6.82,6.82,0.0,0.7105,Prior-Season Seed 2025/26 (699m); dest GC ARS=0.711
11,500040,Mosquera,ARS,DEF,Regular Starter,0.75,0.1,0.15,80.0,20.0,eligible,,1,986.0,prior_season_seed,0.0091,0.0575,8.6714,8.6714,0.0,0.7302,Prior-Season Seed 2025/26 (986m)
25,224117,Gyökeres,ARS,FWD,Regular Starter,0.75,0.1,0.15,80.0,20.0,eligible,,1,2217.0,prior_season_seed,0.4977,0.0788,3.4506,3.4506,0.0,0.5683,Prior-Season Seed 2025/26 (2217m)
26,219847,Havertz,ARS,FWD,Rotation,0.4,0.25,0.35,70.0,20.0,not_role_eligible,,0,0.0,career_individual+destination_gc,0.516,0.1,4.99,4.99,0.0,0.7105,Prior-Season Seed 2025/26 (577m); dest GC ARS=0.711
27,205651,G.Jesus,ARS,FWD,Rotation,0.4,0.25,0.35,70.0,20.0,not_role_eligible,,0,0.0,career_fpl_prior_year+destination_gc,0.3839,0.1996,0.0,0.0,0.0,0.7105,Older FPL 2023/24 (1470m); destination GC overlay; dest GC ARS=0.711
1,154561,Raya,ARS,GKP,Nailed Starter,0.9,0.05,0.05,85.0,20.0,eligible,,1,3330.0,prior_season_seed+defcon_baseline_fill,0.0,0.0019,0.0,0.0,1.6216,0.7027,Prior-Season Seed 2025/26 (3330m); defcon_baseline_fill
2,109745,Arrizabalaga,ARS,GKP,Out of Contention,0.0,0.05,0.95,45.0,10.0,not_role_eligible,,0,0.0,career_fpl_prior_year+destination_gc,0.0019,0.001,0.0,0.0,3.129,0.7105,Older FPL 2024/25 (2790m); destination GC overlay; dest GC ARS=0.711
3,437495,Meslier,ARS,GKP,Out of Contention,0.0,0.05,0.95,45.0,10.0,not_role_eligible,,0,0.0,career_fpl_prior_year+destination_gc,0.0035,0.0003,0.0,0.0,2.7647,0.7105,Older FPL 2022/23 (3060m); destination GC overlay; dest GC ARS=0.711
7,499169,Lewis-Skelly,ARS,MID,Regular Starter,0.75,0.1,0.15,80.0,20.0,eligible,,0,0.0,career_individual+destination_gc,0.013,0.026,3.23,3.23,0.0,0.7105,Prior-Season Seed 2025/26 (697m); dest GC ARS=0.711
12,223340,Saka,ARS,MID,Regular Starter,0.75,0.1,0.15,80.0,20.0,watch,,1,2218.0,prior_season_seed,0.3072,0.2905,7.4662,7.4662,0.0,0.6492,Prior-Season Seed 2025/26 (2218m)
13,204480,Rice,ARS,MID,Nailed Starter,0.9,0.05,0.05,85.0,20.0,eligible,,1,3093.0,prior_season_seed,0.0917,0.213,10.9408,10.9408,0.0,0.7274,Prior-Season Seed 2025/26 (3093m)
14,232413,Eze,ARS,MID,Rotation,0.4,0.25,0.35,70.0,20.0,not_role_eligible,,1,1885.0,prior_season_seed,0.2473,0.127,5.7294,5.7294,0.0,0.6684,Prior-Season Seed 2025/26 (1885m)
15,184029,Ødegaard,ARS,MID,Rotation,0.4,0.25,0.35,70.0,20.0,not_role_eligible,,1,1363.0,prior_season_seed,0.0825,0.241,6.7351,6.7351,0.0,0.8584,Prior-Season Seed 2025/26 (1363m)
16,248857,Madueke,ARS,MID,Regular Starter,0.75,0.1,0.15,80.0,20.0,eligible,,1,1205.0,prior_season_seed,0.0919,0.2136,5.2282,5.2282,0.0,0.6722,Prior-Season Seed 2025/26 (1205m)
17,195384,Merino,ARS,MID,Cameo,0.1,0.35,0.55,60.0,15.0,not_role_eligible,,1,1024.0,prior_season_seed,0.2953,0.1274,9.9316,9.9316,0.0,0.8789,Prior-Season Seed 2025/26 (1024m)
18,444145,Martinelli,ARS,MID,Rotation,0.4,0.25,0.35,70.0,20.0,not_role_eligible,,1,1065.0,prior_season_seed,0.3482,0.1073,6.507,6.507,0.0,0.6761,Prior-Season Seed 2025/26 (1065m)
19,481655,Zubimendi,ARS,MID,Rotation,0.4,0.25,0.35,70.0,20.0,not_role_eligible,,1,2991.0,prior_season_seed,0.0855,0.0683,9.2377,9.2377,0.0,0.7523,Prior-Season Seed 2025/26 (2991m)
20,616077,Dowman,ARS,MID,Rotation,0.4,0.25,0.35,70.0,20.0,not_role_eligible,,0,0.0,career_individual+destination_gc,0.2418,0.1568,4.1727,4.1727,0.0,0.7105,2025/26 PL Arsenal MID; 153m THIN; FotMob; U18 2024/25 no Opta; thin-sample shrink w=0.17 toward MID baseline; dest GC ARS=0.711
21,128295,Nørgaard,EVE,MID,Cameo,0.1,0.35,0.55,60.0,15.0,not_role_eligible,,0,0.0,career_fpl_prior_year+destination_gc,0.135,0.044,12.9255,12.9255,0.0,1.3158,Older FPL 2024/25 (2820m); destination GC overlay; dest GC EVE=1.316
22,499175,Nwaneri,ARS,MID,Cameo,0.1,0.35,0.55,60.0,15.0,not_role_eligible,,0,0.0,fallback_baseline+destination_gc,0.15,0.15,3.1,3.1,0.0,0.7105,Position baseline (MID); dest GC ARS=0.711; no Prior-Season Seed and no Career Individual Rate
23,438098,Fábio Vieira,ARS,MID,Out of Contention,0.0,0.05,0.95,45.0,10.0,not_role_eligible,,0,0.0,fallback_baseline+destination_gc,0.15,0.15,3.1,3.1,0.0,0.7105,Position baseline (MID); dest GC ARS=0.711; no Prior-Season Seed and no Career Individual Rate
24,200641,Nelson,ARS,MID,Cameo,0.1,0.35,0.55,60.0,15.0,not_role_eligible,,0,0.0,fallback_baseline+destination_gc,0.15,0.15,3.1,3.1,0.0,0.7105,Position baseline (MID); dest GC ARS=0.711; no Prior-Season Seed and no Career Individual Rate
557,439509,Tzolis,ARS,MID,Regular Starter,0.75,0.1,0.15,80.0,20.0,eligible,,0,0.0,career_individual+destination_gc,0.417,0.467,6.06,6.06,0.0,0.7105,2025/26 Belgian Pro League Club Brugge; ~3072m; FotMob; dest GC ARS=0.711
30,101188,Digne,AVL,DEF,Cameo,0.1,0.35,0.55,60.0,15.0,exclude_gw1,,1,1842.0,prior_season_seed,0.0327,0.1603,5.5212,5.5212,0.0,1.1238,Prior-Season Seed 2025/26 (1842m)
31,199798,Konsa,AVL,DEF,Regular Starter,0.75,0.1,0.15,80.0,20.0,eligible,,1,3035.0,prior_season_seed,0.0377,0.0175,5.8122,5.8122,0.0,1.3048,Prior-Season Seed 2025/26 (3035m)
32,199796,Cash,AVL,DEF,Nailed Starter,0.9,0.05,0.05,85.0,20.0,eligible,,1,3016.0,prior_season_seed,0.034,0.0877,5.5504,5.5504,0.0,1.134,Prior-Season Seed 2025/26 (3016m)
33,149484,Mings,AVL,DEF,Cameo,0.1,0.35,0.55,60.0,15.0,not_role_eligible,,1,1322.0,prior_season_seed,0.0885,0.0286,7.2844,7.2844,0.0,1.5658,Prior-Season Seed 2025/26 (1322m)
34,244954,Pau,AVL,DEF,Regular Starter,0.75,0.1,0.15,80.0,20.0,eligible,,1,1673.0,prior_season_seed,0.0715,0.021,6.0251,6.0251,0.0,1.0221,Prior-Season Seed 2025/26 (1673m)
36,441302,Maatsen,AVL,DEF,Regular Starter,0.75,0.1,0.15,80.0,20.0,eligible,,1,1590.0,prior_season_seed,0.0713,0.1353,7.2453,7.2453,0.0,1.5283,Prior-Season Seed 2025/26 (1590m)
37,184667,Lindelöf,AVL,DEF,Regular Starter,0.75,0.1,0.15,80.0,20.0,eligible,,1,942.0,prior_season_seed,0.0268,0.0096,5.1592,5.1592,0.0,1.4331,Prior-Season Seed 2025/26 (942m)
38,606798,A.García,AVL,DEF,Cameo,0.1,0.35,0.55,60.0,15.0,not_role_eligible,,0,0.0,fallback_baseline+destination_gc,0.06,0.06,4.25,4.25,0.0,1.2895,Position baseline (DEF); dest GC AVL=1.289; no Prior-Season Seed and no Career Individual Rate
39,578545,Nedeljkovic,AVL,DEF,Out of Contention,0.0,0.05,0.95,45.0,10.0,not_role_eligible,,0,0.0,fallback_baseline+destination_gc,0.06,0.06,4.25,4.25,0.0,1.2895,Position baseline (DEF); dest GC AVL=1.289; no Prior-Season Seed and no Career Individual Rate
55,178301,Watkins,AVL,FWD,Nailed Starter,0.9,0.05,0.05,85.0,20.0,eligible,,1,2833.0,prior_season_seed,0.4892,0.0375,2.9862,2.9862,0.0,1.2072,Prior-Season Seed 2025/26 (2833m)
56,173879,Abraham,AVL,FWD,Cameo,0.1,0.35,0.55,60.0,15.0,exclude_gw1,,0,0.0,career_fpl_prior_year+destination_gc,0.0,0.0,0.0,0.0,0.0,1.2895,Older FPL 2020/21 (1031m); destination GC overlay; dest GC AVL=1.289
28,98980,Martinez,AVL,GKP,Nailed Starter,0.9,0.05,0.05,85.0,20.0,eligible,,1,2835.0,prior_season_seed+defcon_baseline_fill,0.0,0.0025,0.0,0.0,3.0159,1.2381,Prior-Season Seed 2025/26 (2835m); defcon_baseline_fill
29,72147,M.Bizot,AVL,GKP,Out of Contention,0.0,0.05,0.95,45.0,10.0,not_role_eligible,,0,0.0,fallback_baseline+destination_gc,0.0,0.0,0.0,0.0,2.78,1.2895,Position baseline (GKP); dest GC AVL=1.289; no Prior-Season Seed and no Career Individual Rate
35,515597,Bogarde,AVL,MID,Cameo,0.1,0.35,0.55,60.0,15.0,not_role_eligible,,1,1042.0,prior_season_seed,0.0,0.0173,5.1823,5.1823,0.0,1.4683,Prior-Season Seed 2025/26 (1042m)
41,195546,Buendía,AVL,MID,Regular Starter,0.75,0.1,0.15,80.0,20.0,eligible,,1,1753.0,prior_season_seed,0.1735,0.1145,10.1141,10.1141,0.0,1.2322,Prior-Season Seed 2025/26 (1753m)
42,485337,Guessand,CRY,MID,Cameo,0.1,0.35,0.55,60.0,15.0,not_role_eligible,,1,909.0,prior_season_seed,0.1545,0.0842,8.2178,8.2178,0.0,1.4851,Prior-Season Seed 2025/26 (909m)
44,215711,Bailey,AVL,MID,Cameo,0.1,0.35,0.55,60.0,15.0,not_role_eligible,,0,0.0,career_fpl_prior_year+destination_gc,0.1375,0.2322,6.1219,6.1219,0.0,1.2895,Older FPL 2024/25 (1132m); destination GC overlay; dest GC AVL=1.289
45,122806,McGinn,AVL,MID,Regular Starter,0.75,0.1,0.15,80.0,20.0,eligible,,1,2136.0,prior_season_seed,0.1264,0.1732,6.3202,6.3202,0.0,1.1798,Prior-Season Seed 2025/26 (2136m)
46,88894,Barkley,AVL,MID,Regular Starter,0.75,0.1,0.15,80.0,20.0,eligible,,0,0.0,career_individual+destination_gc,0.169,0.134,7.89,7.89,0.0,1.2895,Prior-Season Seed 2025/26 (844m); dest GC AVL=1.289
47,226944,Kamara,AVL,MID,Nailed Starter,0.9,0.05,0.05,85.0,20.0,watch,,1,1410.0,prior_season_seed,0.0338,0.0536,9.5106,9.5106,0.0,0.9574,Prior-Season Seed 2025/26 (1410m)
48,449871,Onana,AVL,MID,Out of Contention,0.0,0.05,0.95,45.0,10.0,exclude_gw1,,1,1755.0,prior_season_seed,0.0862,0.0354,11.2308,11.2308,0.0,1.3333,Prior-Season Seed 2025/26 (1755m)
49,469247,Iling Jr,AVL,MID,Out of Contention,0.0,0.05,0.95,45.0,10.0,exclude_gw1,,0,0.0,fallback_baseline+destination_gc,0.15,0.15,3.1,3.1,0.0,1.2895,Position baseline (MID); dest GC AVL=1.289; no Prior-Season Seed and no Career Individual Rate
50,645618,Burrowes,AVL,MID,Cameo,0.1,0.35,0.55,60.0,15.0,not_role_eligible,,0,0.0,fallback_baseline+destination_gc,0.15,0.15,3.1,3.1,0.0,1.2895,Position baseline (MID); dest GC AVL=1.289; no Prior-Season Seed and no Career Individual Rate
51,577285,George Hemmings,AVL,MID,Cameo,0.1,0.35,0.55,60.0,15.0,not_role_eligible,,0,0.0,fallback_baseline+destination_gc,0.15,0.15,3.1,3.1,0.0,1.2895,Position baseline (MID); dest GC AVL=1.289; no Prior-Season Seed and no Career Individual Rate
52,653481,Alysson,AVL,MID,Cameo,0.1,0.35,0.55,60.0,15.0,not_role_eligible,,0,0.0,fallback_baseline+destination_gc,0.15,0.15,3.1,3.1,0.0,1.2895,Position baseline (MID); dest GC AVL=1.289; no Prior-Season Seed and no Career Individual Rate
53,614071,Manzambi,AVL,MID,Rotation,0.4,0.25,0.35,70.0,20.0,exclude_gw1,,0,0.0,career_individual+destination_gc,0.15,0.15,3.1,3.1,0.0,1.2895,Position baseline (MID); dest GC AVL=1.289; no Prior-Season Seed and no Career Individual Rate; dest GC AVL=1.289
54,448089,Gomes,AVL,MID,Rotation,0.4,0.25,0.35,70.0,20.0,exclude_gw1,,1,2829.0,prior_season_seed,0.041,0.0665,12.3118,12.3118,0.0,1.7815,Prior-Season Seed 2025/26 (2829m)
160,493105,Garnacho,AVL,MID,Regular Starter,0.75,0.1,0.15,80.0,20.0,eligible,,1,1261.0,prior_season_seed,0.2455,0.2626,5.0674,5.0674,0.0,1.4274,Prior-Season Seed 2025/26 (1261m)
113,231416,F.Kadıoğlu,BHA,DEF,Regular Starter,0.75,0.1,0.15,80.0,20.0,eligible,,1,3130.0,prior_season_seed,0.0592,0.0952,4.8882,4.8882,0.0,1.1789,Prior-Season Seed 2025/26 (3130m)
114,204120,Boscagli,BHA,DEF,Regular Starter,0.75,0.1,0.15,80.0,20.0,eligible,,0,0.0,career_individual+destination_gc,0.06,0.06,4.25,4.25,0.0,1.2105,Position baseline (DEF); dest GC BHA; no Prior-Season Seed; dest GC BHA=1.211
115,465730,De Cuyper,BHA,DEF,Regular Starter,0.75,0.1,0.15,80.0,20.0,eligible,,1,1404.0,prior_season_seed,0.1064,0.2615,4.1026,4.1026,0.0,1.4744,Prior-Season Seed 2025/26 (1404m)
116,83299,Dunk,BHA,DEF,Regular Starter,0.75,0.1,0.15,80.0,20.0,eligible,,1,2837.0,prior_season_seed,0.0581,0.0178,7.3282,7.3282,0.0,1.2689,Prior-Season Seed 2025/26 (2837m)
117,550090,Coppola,BHA,DEF,Cameo,0.1,0.35,0.55,60.0,15.0,not_role_eligible,,0,0.0,fallback_baseline+destination_gc,0.06,0.06,4.25,4.25,0.0,1.2105,Position baseline (DEF); dest GC BHA=1.211; no Prior-Season Seed and no Career Individual Rate
118,223434,Igor,BHA,DEF,Cameo,0.1,0.35,0.55,60.0,15.0,not_role_eligible,,0,0.0,career_fpl_prior_year+destination_gc,0.0047,0.0235,5.7247,5.7247,0.0,1.2105,Older FPL 2024/25 (959m); destination GC overlay; dest GC BHA=1.211
119,451490,Costinha,BHA,DEF,Out of Contention,0.0,0.05,0.95,45.0,10.0,not_role_eligible,,0,0.0,fallback_baseline+destination_gc,0.06,0.06,4.25,4.25,0.0,1.2105,Position baseline (DEF); dest GC BHA=1.211; no Prior-Season Seed and no Career Individual Rate
120,454490,Svoboda,BHA,DEF,Out of Contention,0.0,0.05,0.95,45.0,10.0,not_role_eligible,,0,0.0,fallback_baseline+destination_gc,0.06,0.06,4.25,4.25,0.0,1.2105,Position baseline (DEF); dest GC BHA=1.211; no Prior-Season Seed and no Career Individual Rate
130,467779,Wieffer,BHA,DEF,Nailed Starter,0.9,0.05,0.05,85.0,20.0,eligible,,1,1901.0,prior_season_seed,0.0909,0.0881,12.7354,12.7354,0.0,1.2309,Prior-Season Seed 2025/26 (1901m)
328,222694,Struijk,BHA,DEF,Cameo,0.1,0.35,0.55,60.0,15.0,not_role_eligible,,1,2935.0,prior_season_seed,0.0938,0.0233,9.1073,9.1073,0.0,1.4719,Prior-Season Seed 2025/26 (2935m)
504,610799,Vuskovic,BHA,DEF,Nailed Starter,0.9,0.05,0.05,85.0,20.0,eligible,,0,0.0,career_individual+destination_gc,0.188,0.101,12.46,12.46,0.0,1.2105,2025/26 Bundesliga Hamburger SV; ~2441m; FootyStats; dest GC BHA=1.211
125,463067,Georginio,BHA,FWD,Regular Starter,0.75,0.1,0.15,80.0,20.0,eligible,,1,1776.0,prior_season_seed,0.147,0.147,6.6385,6.6385,0.0,1.0135,Prior-Season Seed 2025/26 (1776m)
136,50175,Welbeck,CHE,FWD,Rotation,0.4,0.25,0.35,70.0,20.0,not_role_eligible,,1,2249.0,prior_season_seed,0.4946,0.056,4.482,4.482,0.0,1.1205,Prior-Season Seed 2025/26 (2249m)
137,608181,Tzimas,BHA,FWD,Rotation,0.4,0.25,0.35,70.0,20.0,not_role_eligible,,0,0.0,career_individual+destination_gc,0.41,0.13,1.5,1.5,0.0,1.2105,Position baseline (FWD); dest GC BHA=1.211; no Prior-Season Seed and no Career Individual Rate; dest GC BHA=1.211
138,647850,Kostoulas,BHA,FWD,Cameo,0.1,0.35,0.55,60.0,15.0,not_role_eligible,,0,0.0,fallback_baseline+destination_gc,0.41,0.13,1.5,1.5,0.0,1.2105,Position baseline (FWD); dest GC BHA=1.211; no Prior-Season Seed and no Career Individual Rate
139,487117,Ferguson,BHA,FWD,Out of Contention,0.0,0.05,0.95,45.0,10.0,exclude_gw1-5,,0,0.0,career_fpl_prior_year+destination_gc,0.298,0.0511,0.0,0.0,0.0,1.2105,Older FPL 2023/24 (1356m); destination GC overlay; dest GC BHA=1.211
109,489639,Verbruggen,BHA,GKP,Nailed Starter,0.9,0.05,0.05,85.0,20.0,eligible,,1,3420.0,prior_season_seed+defcon_baseline_fill,0.0,0.0016,0.0,0.0,2.7895,1.2105,Prior-Season Seed 2025/26 (3420m); defcon_baseline_fill
110,472739,Rushworth,COV,GKP,Regular Starter,0.75,0.1,0.15,80.0,20.0,eligible,,0,0.0,career_individual+destination_gc,0.0,0.0,0.0,0.0,3.11,1.375,2023/24 Championship Swansea GKP; 4140m; FBref 143 saves/46.0 90s; dest GC COV=1.375
111,49262,Steele,BHA,GKP,Out of Contention,0.0,0.05,0.95,45.0,10.0,not_role_eligible,,0,0.0,career_fpl_prior_year+destination_gc,0.0,0.0,0.0,0.0,2.5294,1.2105,Older FPL 2023/24 (1530m); destination GC overlay; dest GC BHA=1.211
121,451340,Mitoma,BHA,MID,Rotation,0.4,0.25,0.35,70.0,20.0,exclude_gw1,,1,1714.0,prior_season_seed,0.2121,0.1439,5.6184,5.6184,0.0,1.0502,Prior-Season Seed 2025/26 (1714m)
122,592031,Minteh,BHA,MID,Rotation,0.4,0.25,0.35,70.0,20.0,exclude_gw1,,1,2389.0,prior_season_seed,0.1435,0.1906,6.9694,6.9694,0.0,1.2432,Prior-Season Seed 2025/26 (2389m)
123,532529,Hinshelwood,BHA,MID,Regular Starter,0.75,0.1,0.15,80.0,20.0,eligible,,1,1736.0,prior_season_seed,0.2561,0.1213,5.9101,5.9101,0.0,1.1924,Prior-Season Seed 2025/26 (1736m)
124,60307,Groß,BHA,MID,Nailed Starter,0.9,0.05,0.05,85.0,20.0,eligible,,1,1636.0,prior_season_seed,0.0765,0.2173,7.9768,7.9768,0.0,0.9352,Prior-Season Seed 2025/26 (1636m)
126,219249,O'Riley,BHA,MID,Cameo,0.1,0.35,0.55,60.0,15.0,not_role_eligible,,0,0.0,career_fpl_prior_year+destination_gc,0.2674,0.1976,6.7815,6.7815,0.0,1.2105,Older FPL 2024/25 (929m); destination GC overlay; dest GC BHA=1.211
127,514254,Gomez,BHA,MID,Regular Starter,0.75,0.1,0.15,80.0,20.0,eligible,,1,2117.0,prior_season_seed,0.2653,0.0731,10.1181,10.1181,0.0,1.2329,Prior-Season Seed 2025/26 (2117m)
128,536916,Buonanotte,BHA,MID,Cameo,0.1,0.35,0.55,60.0,15.0,exclude_gw1,,0,0.0,career_fpl_prior_year+destination_gc,0.2393,0.1367,9.6684,9.6684,0.0,1.2105,Older FPL 2024/25 (1508m); destination GC overlay; dest GC BHA=1.211
129,509416,Ayari,BHA,MID,Regular Starter,0.75,0.1,0.15,80.0,20.0,eligible,,1,1921.0,prior_season_seed,0.1265,0.0539,10.5414,10.5414,0.0,1.1244,Prior-Season Seed 2025/26 (1921m)
131,535301,Baleba,BHA,MID,Rotation,0.4,0.25,0.35,70.0,20.0,exclude_gw1,,1,1646.0,prior_season_seed,0.0426,0.0394,11.4277,11.4277,0.0,1.0389,Prior-Season Seed 2025/26 (1646m)
132,597320,Howell,BHA,MID,Cameo,0.1,0.35,0.55,60.0,15.0,exclude_gw1,,0,0.0,fallback_baseline+destination_gc,0.15,0.15,3.1,3.1,0.0,1.2105,Position baseline (MID); dest GC BHA=1.211; no Prior-Season Seed and no Career Individual Rate
133,549074,Watson,BHA,MID,Cameo,0.1,0.35,0.55,60.0,15.0,exclude_gw1,,0,0.0,fallback_baseline+destination_gc,0.15,0.15,3.1,3.1,0.0,1.2105,Position baseline (MID); dest GC BHA=1.211; no Prior-Season Seed and no Career Individual Rate
134,556637,Oriola,BHA,MID,Cameo,0.1,0.35,0.55,60.0,15.0,not_role_eligible,,0,0.0,fallback_baseline+destination_gc,0.15,0.15,3.1,3.1,0.0,1.2105,Position baseline (MID); dest GC BHA=1.211; no Prior-Season Seed and no Career Individual Rate
135,700308,Yohanna,BHA,MID,Out of Contention,0.0,0.05,0.95,45.0,10.0,not_role_eligible,,0,0.0,fallback_baseline+destination_gc,0.15,0.15,3.1,3.1,0.0,1.2105,Position baseline (MID); dest GC BHA=1.211; no Prior-Season Seed and no Career Individual Rate
60,463981,Hill,BOU,DEF,Nailed Starter,0.9,0.05,0.05,85.0,20.0,eligible,,1,2102.0,prior_season_seed,0.0381,0.0497,11.1323,11.1323,0.0,1.0276,Prior-Season Seed 2025/26 (2102m)
61,494521,Truffert,BOU,DEF,Nailed Starter,0.9,0.05,0.05,85.0,20.0,eligible,,1,3378.0,prior_season_seed,0.036,0.0818,8.0195,8.0195,0.0,1.3588,Prior-Season Seed 2025/26 (3378m)
62,242882,Diakité,BOU,DEF,Rotation,0.4,0.25,0.35,70.0,20.0,not_role_eligible,,1,1275.0,prior_season_seed,0.0014,0.0134,8.2588,8.2588,0.0,1.9059,Prior-Season Seed 2025/26 (1275m)
63,620487,Milosavljević,BOU,DEF,Cameo,0.1,0.35,0.55,60.0,15.0,exclude_gw1,,0,0.0,fallback_baseline+destination_gc,0.06,0.06,4.25,4.25,0.0,1.4211,Position baseline (DEF); dest GC BOU=1.421; no Prior-Season Seed and no Career Individual Rate
64,54469,Smith,BOU,DEF,Regular Starter,0.75,0.1,0.15,80.0,20.0,eligible,,1,1073.0,prior_season_seed,0.0,0.0193,5.8714,5.8714,0.0,1.342,Prior-Season Seed 2025/26 (1073m)
65,436893,J.Araujo,BOU,DEF,Out of Contention,0.0,0.05,0.95,45.0,10.0,exclude_gw1,,0,0.0,fallback_baseline+destination_gc,0.06,0.06,4.25,4.25,0.0,1.4211,Position baseline (DEF); dest GC BOU=1.421; no Prior-Season Seed and no Career Individual Rate
66,575901,Soler,BOU,DEF,Cameo,0.1,0.35,0.55,60.0,15.0,not_role_eligible,,0,0.0,fallback_baseline+destination_gc,0.06,0.06,4.25,4.25,0.0,1.4211,Position baseline (DEF); dest GC BOU=1.421; no Prior-Season Seed and no Career Individual Rate
79,444102,Evanilson,BOU,FWD,Regular Starter,0.75,0.1,0.15,80.0,20.0,eligible,,1,2741.0,prior_season_seed,0.3494,0.0486,4.4327,4.4327,0.0,1.3134,Prior-Season Seed 2025/26 (2741m)
80,168636,Enes Ünal,BOU,FWD,Cameo,0.1,0.35,0.55,60.0,15.0,exclude_gw1,,0,0.0,fallback_baseline+destination_gc,0.41,0.13,1.5,1.5,0.0,1.4211,Position baseline (FWD); dest GC BOU=1.421; no Prior-Season Seed and no Career Individual Rate
81,561245,Rodríguez,BOU,FWD,Rotation,0.4,0.25,0.35,70.0,20.0,not_role_eligible,,0,0.0,career_individual+destination_gc,0.41,0.13,1.5,1.5,0.0,1.4211,Position baseline (FWD); dest GC BOU=1.421; no Prior-Season Seed and no Career Individual Rate; dest GC BOU=1.421
57,457569,Petrović,BOU,GKP,Nailed Starter,0.9,0.05,0.05,85.0,20.0,eligible,,1,3420.0,prior_season_seed+defcon_baseline_fill,0.0,0.0,0.0,0.0,2.8684,1.4211,Prior-Season Seed 2025/26 (3420m); defcon_baseline_fill
58,40383,Forster,BOU,GKP,Out of Contention,0.0,0.05,0.95,45.0,10.0,not_role_eligible,,0,0.0,career_fpl_prior_year+destination_gc,0.0,0.0,0.0,0.0,2.3704,1.4211,Older FPL 2022/23 (1215m); destination GC overlay; dest GC BOU=1.421
59,444172,Dennis,BOU,GKP,Out of Contention,0.0,0.05,0.95,45.0,10.0,not_role_eligible,,0,0.0,fallback_baseline+destination_gc,0.0,0.0,0.0,0.0,2.78,1.4211,Position baseline (GKP); dest GC BOU=1.421; no Prior-Season Seed and no Career Individual Rate
67,499604,Rayan,BOU,MID,Nailed Starter,0.9,0.05,0.05,85.0,20.0,eligible,,1,1110.0,prior_season_seed,0.2165,0.1492,6.6486,6.6486,0.0,0.8108,Prior-Season Seed 2025/26 (1110m)
68,201658,Tavernier,BOU,MID,Nailed Starter,0.9,0.05,0.05,85.0,20.0,eligible,,1,2732.0,prior_season_seed,0.2985,0.1515,8.2687,8.2687,0.0,1.4495,Prior-Season Seed 2025/26 (2732m)
69,503139,Scott,BOU,MID,Nailed Starter,0.9,0.05,0.05,85.0,20.0,eligible,,1,2848.0,prior_season_seed,0.1201,0.0929,12.198,12.198,0.0,1.2956,Prior-Season Seed 2025/26 (2848m)
70,222683,Kluivert,BOU,MID,Regular Starter,0.75,0.1,0.15,80.0,20.0,eligible,,1,945.0,prior_season_seed,0.22,0.1476,6.1905,6.1905,0.0,1.8095,Prior-Season Seed 2025/26 (945m)
71,155408,Cook,BOU,MID,Regular Starter,0.75,0.1,0.15,80.0,20.0,eligible,,0,0.0,career_fpl_prior_year+destination_gc,0.0284,0.1137,11.6734,11.6734,0.0,1.4211,Older FPL 2024/25 (2976m); destination GC overlay; dest GC BOU=1.421
72,496208,Gannon-Doak,BOU,MID,Cameo,0.1,0.35,0.55,60.0,15.0,not_role_eligible,,0,0.0,fallback_baseline+destination_gc,0.15,0.15,3.1,3.1,0.0,1.4211,Position baseline (MID); dest GC BOU=1.421; no Prior-Season Seed and no Career Individual Rate
73,200785,Adams,BOU,MID,Regular Starter,0.75,0.1,0.15,80.0,20.0,eligible,,1,1769.0,prior_season_seed,0.0321,0.0321,11.8033,11.8033,0.0,1.4245,Prior-Season Seed 2025/26 (1769m)
74,111317,Brooks,BOU,MID,Cameo,0.1,0.35,0.55,60.0,15.0,not_role_eligible,,1,1188.0,prior_season_seed,0.4402,0.2576,7.1212,7.1212,0.0,1.5152,Prior-Season Seed 2025/26 (1188m)
75,158499,Christie,BOU,MID,Rotation,0.4,0.25,0.35,70.0,20.0,exclude_gw1,,1,978.0,prior_season_seed,0.1666,0.0727,11.319,11.319,0.0,1.2883,Prior-Season Seed 2025/26 (978m)
76,614574,Tóth.A,BOU,MID,Cameo,0.1,0.35,0.55,60.0,15.0,not_role_eligible,,0,0.0,fallback_baseline+destination_gc,0.15,0.15,3.1,3.1,0.0,1.4211,Position baseline (MID); dest GC BOU=1.421; no Prior-Season Seed and no Career Individual Rate
77,489888,Adli,BOU,MID,Cameo,0.1,0.35,0.55,60.0,15.0,exclude_gw1,,1,1074.0,prior_season_seed,0.2179,0.1358,10.3073,10.3073,0.0,1.4246,Prior-Season Seed 2025/26 (1074m)
78,560262,Kroupi.Jr,BOU,MID,Regular Starter,0.75,0.1,0.15,80.0,20.0,exclude_gw1-5,,1,1663.0,prior_season_seed,0.4497,0.0817,6.0613,6.0613,0.0,1.1365,Prior-Season Seed 2025/26 (1663m)
84,432830,Collins,BRE,DEF,Nailed Starter,0.9,0.05,0.05,85.0,20.0,eligible,,1,2971.0,prior_season_seed,0.0679,0.0518,9.6634,9.6634,0.0,1.3329,Prior-Season Seed 2025/26 (2971m)
85,444765,Van den Berg,BRE,DEF,Rotation,0.4,0.25,0.35,70.0,20.0,exclude_gw1,,1,2761.0,prior_season_seed,0.1095,0.0473,8.8664,8.8664,0.0,1.3365,Prior-Season Seed 2025/26 (2761m)
87,191866,Ajer,BRE,DEF,Regular Starter,0.75,0.1,0.15,80.0,20.0,eligible,,1,1805.0,prior_season_seed,0.0344,0.0364,9.5734,9.5734,0.0,1.5956,Prior-Season Seed 2025/26 (1805m)
88,607464,Kayode,BRE,DEF,Nailed Starter,0.9,0.05,0.05,85.0,20.0,eligible,,1,3258.0,prior_season_seed,0.0354,0.0798,6.0497,6.0497,0.0,1.3536,Prior-Season Seed 2025/26 (3258m)
89,194010,Henry,BRE,DEF,Cameo,0.1,0.35,0.55,60.0,15.0,not_role_eligible,,1,1322.0,prior_season_seed,0.0123,0.0368,4.6293,4.6293,0.0,1.4977,Prior-Season Seed 2025/26 (1322m)
90,472713,Hickey,BRE,DEF,Cameo,0.1,0.35,0.55,60.0,15.0,not_role_eligible,,0,0.0,career_fpl_prior_year+destination_gc,0.0178,0.0272,0.0,0.0,0.0,1.3684,Older FPL 2022/23 (1918m); destination GC overlay; dest GC BRE=1.368
91,231065,Pinnock,BRE,DEF,Cameo,0.1,0.35,0.55,60.0,15.0,not_role_eligible,,0,0.0,career_fpl_prior_year+destination_gc,0.0508,0.0301,10.1674,10.1674,0.0,1.3684,Older FPL 2024/25 (1912m); destination GC overlay; dest GC BRE=1.368
92,570241,Ji-soo,BRE,DEF,Out of Contention,0.0,0.05,0.95,45.0,10.0,not_role_eligible,,0,0.0,fallback_baseline+destination_gc,0.06,0.06,4.25,4.25,0.0,1.3684,Position baseline (DEF); dest GC BRE=1.368; no Prior-Season Seed and no Career Individual Rate
93,513086,Schuster,BRE,DEF,Cameo,0.1,0.35,0.55,60.0,15.0,not_role_eligible,,0,0.0,fallback_baseline+destination_gc,0.06,0.06,4.25,4.25,0.0,1.3684,Position baseline (DEF); dest GC BRE=1.368; no Prior-Season Seed and no Career Individual Rate
106,502500,Thiago,BRE,FWD,Nailed Starter,0.9,0.05,0.05,85.0,20.0,eligible,,1,3282.0,prior_season_seed,0.5649,0.0502,5.8684,5.8684,0.0,1.3711,Prior-Season Seed 2025/26 (3282m)
107,593174,Furo,BRE,FWD,Cameo,0.1,0.35,0.55,60.0,15.0,not_role_eligible,,0,0.0,fallback_baseline+destination_gc,0.41,0.13,1.5,1.5,0.0,1.3684,Position baseline (FWD); dest GC BRE=1.368; no Prior-Season Seed and no Career Individual Rate
108,75115,Wilson,BRE,FWD,Cameo,0.1,0.35,0.55,60.0,15.0,not_role_eligible,,1,1234.0,prior_season_seed,0.5543,0.0394,2.9903,2.9903,0.0,1.7504,Prior-Season Seed 2025/26 (1234m)
82,200720,Kelleher,BRE,GKP,Nailed Starter,0.9,0.05,0.05,85.0,20.0,eligible,,1,3330.0,prior_season_seed+defcon_baseline_fill,0.0,0.0059,0.0,0.0,2.9459,1.3243,Prior-Season Seed 2025/26 (3330m); defcon_baseline_fill
83,507433,Valdimarsson,BRE,GKP,Out of Contention,0.0,0.05,0.95,45.0,10.0,not_role_eligible,,0,0.0,fallback_baseline+destination_gc,0.0,0.0,0.0,0.0,2.78,1.3684,Position baseline (GKP); dest GC BRE=1.368; no Prior-Season Seed and no Career Individual Rate
86,249231,Lewis-Potter,BRE,MID,Regular Starter,0.75,0.1,0.15,80.0,20.0,eligible,,1,1960.0,prior_season_seed,0.1382,0.1153,3.398,3.398,0.0,1.4694,Prior-Season Seed 2025/26 (1960m)
94,513418,Schade,BRE,MID,Nailed Starter,0.9,0.05,0.05,85.0,20.0,eligible,,1,2744.0,prior_season_seed,0.3962,0.0672,6.2318,6.2318,0.0,1.1152,Prior-Season Seed 2025/26 (2744m)
95,533463,O.Dango,BRE,MID,Nailed Starter,0.9,0.05,0.05,85.0,20.0,eligible,,1,2271.0,prior_season_seed,0.3147,0.1633,7.3316,7.3316,0.0,1.3871,Prior-Season Seed 2025/26 (2271m)
96,440089,Damsgaard,BRE,MID,Cameo,0.1,0.35,0.55,60.0,15.0,not_role_eligible,,1,2046.0,prior_season_seed,0.1148,0.2389,10.6012,10.6012,0.0,1.4076,Prior-Season Seed 2025/26 (2046m)
97,207283,Jensen,BRE,MID,Regular Starter,0.75,0.1,0.15,80.0,20.0,eligible,,1,2239.0,prior_season_seed,0.0888,0.2436,8.8432,8.8432,0.0,1.3265,Prior-Season Seed 2025/26 (2239m)
98,204580,Janelt,BRE,MID,Regular Starter,0.75,0.1,0.15,80.0,20.0,eligible,,1,1434.0,prior_season_seed,0.0515,0.1425,11.4854,11.4854,0.0,1.318,Prior-Season Seed 2025/26 (1434m)
99,543295,Milambo,BRE,MID,Rotation,0.4,0.25,0.35,70.0,20.0,not_role_eligible,,0,0.0,career_individual+destination_gc,0.15,0.15,3.1,3.1,0.0,1.3684,Position baseline (MID); dest GC BRE=1.368; no Prior-Season Seed and no Career Individual Rate; dest GC BRE=1.368
100,244858,Carvalho,BRE,MID,Rotation,0.4,0.25,0.35,70.0,20.0,exclude_gw1,,0,0.0,career_individual+destination_gc,0.15,0.15,3.1,3.1,0.0,1.3684,Position baseline (MID); dest GC BRE=1.368; no Prior-Season Seed and no Career Individual Rate; dest GC BRE=1.368
101,56979,Henderson,CHE,MID,Out of Contention,0.0,0.05,0.95,45.0,10.0,not_role_eligible,,1,1911.0,prior_season_seed,0.0155,0.1088,8.6185,8.6185,0.0,1.3187,Prior-Season Seed 2025/26 (1911m)
102,508395,Yarmoliuk,BRE,MID,Rotation,0.4,0.25,0.35,70.0,20.0,not_role_eligible,,1,2652.0,prior_season_seed,0.0414,0.0472,11.4706,11.4706,0.0,1.4253,Prior-Season Seed 2025/26 (2652m)
103,183656,Dasilva,BRE,MID,Cameo,0.1,0.35,0.55,60.0,15.0,not_role_eligible,,0,0.0,career_fpl_prior_year+destination_gc,0.1037,0.1063,0.0,0.0,0.0,1.3684,Older FPL 2022/23 (1371m); destination GC overlay; dest GC BRE=1.368
105,444180,Anthony,BRE,MID,Cameo,0.1,0.35,0.55,60.0,15.0,not_role_eligible,,1,2717.0,prior_season_seed,0.1693,0.0944,7.6849,7.6849,0.0,1.9544,Prior-Season Seed 2025/26 (2717m)
142,225796,James,CHE,DEF,Nailed Starter,0.9,0.05,0.05,85.0,20.0,eligible,,1,1957.0,prior_season_seed,0.0478,0.1472,5.8866,5.8866,0.0,0.9198,Prior-Season Seed 2025/26 (1957m)
143,180736,Chalobah,CHE,DEF,Rotation,0.4,0.25,0.35,70.0,20.0,exclude_gw1,,1,2780.0,prior_season_seed,0.0466,0.0333,8.5791,8.5791,0.0,1.295,Prior-Season Seed 2025/26 (2780m)
144,482609,Gusto,CHE,DEF,Rotation,0.4,0.25,0.35,70.0,20.0,not_role_eligible,,1,2255.0,prior_season_seed,0.0623,0.1185,5.0288,5.0288,0.0,1.4368,Prior-Season Seed 2025/26 (2255m)
145,444463,Fofana,CHE,DEF,Out of Contention,0.0,0.05,0.95,45.0,10.0,exclude_gw1,,1,1718.0,prior_season_seed,0.0377,0.0314,10.7916,10.7916,0.0,1.3097,Prior-Season Seed 2025/26 (1718m)
146,242880,B.Badiashile,CHE,DEF,Cameo,0.1,0.35,0.55,60.0,15.0,not_role_eligible,,0,0.0,career_fpl_prior_year+destination_gc,0.0182,0.0619,0.0,0.0,0.0,1.3684,Older FPL 2023/24 (1337m); destination GC overlay; dest GC CHE=1.368
147,109646,Tosin,CHE,DEF,Rotation,0.4,0.25,0.35,70.0,20.0,not_role_eligible,,0,0.0,career_fpl_prior_year+destination_gc,0.0597,0.0148,7.3129,7.3129,0.0,1.3684,Older FPL 2024/25 (1403m); destination GC overlay; dest GC CHE=1.368
148,551210,Hato,CHE,DEF,Rotation,0.4,0.25,0.35,70.0,20.0,not_role_eligible,,1,1139.0,prior_season_seed,0.0237,0.0482,7.8227,7.8227,0.0,2.1335,Prior-Season Seed 2025/26 (1139m)
149,460028,Colwill,CHE,DEF,Nailed Starter,0.9,0.05,0.05,85.0,20.0,eligible,,0,0.0,career_fpl_prior_year+destination_gc,0.0549,0.0374,6.3143,6.3143,0.0,1.3684,Older FPL 2024/25 (3150m); destination GC overlay; dest GC CHE=1.368
150,574458,M.Sarr,CHE,DEF,Cameo,0.1,0.35,0.55,60.0,15.0,not_role_eligible,,0,0.0,fallback_baseline+destination_gc,0.06,0.06,4.25,4.25,0.0,1.3684,Position baseline (DEF); dest GC CHE=1.368; no Prior-Season Seed and no Career Individual Rate
151,577016,Acheampong,CHE,DEF,Cameo,0.1,0.35,0.55,60.0,15.0,not_role_eligible,,0,0.0,fallback_baseline+destination_gc,0.06,0.06,4.25,4.25,0.0,1.3684,Position baseline (DEF); dest GC CHE=1.368; no Prior-Season Seed and no Career Individual Rate
152,620109,Palestra,CHE,DEF,Regular Starter,0.75,0.1,0.15,80.0,20.0,eligible,,0,0.0,career_individual+destination_gc,0.05,0.104,3.5,3.5,0.0,1.3684,2025/26 Serie A Cagliari; ~3084m; FotMob; dest GC CHE=1.368
153,220362,Disasi,CHE,DEF,Cameo,0.1,0.35,0.55,60.0,15.0,not_role_eligible,,1,1254.0,prior_season_seed,0.0789,0.0022,6.3158,6.3158,0.0,1.2201,Prior-Season Seed 2025/26 (1254m)
200,437499,Lacroix,CHE,DEF,Nailed Starter,0.9,0.05,0.05,85.0,20.0,eligible,,1,3085.0,prior_season_seed,0.0715,0.0242,10.7942,10.7942,0.0,1.3712,Prior-Season Seed 2025/26 (3085m)
561,622758,Anselmino,CHE,DEF,Cameo,0.1,0.35,0.55,60.0,15.0,not_role_eligible,,0,0.0,fallback_baseline+destination_gc,0.06,0.06,4.25,4.25,0.0,1.3684,Position baseline (DEF); dest GC CHE=1.368; no Prior-Season Seed and no Career Individual Rate
165,475168,João Pedro,CHE,FWD,Nailed Starter,0.9,0.05,0.05,85.0,20.0,eligible,,1,2658.0,prior_season_seed,0.5049,0.0664,4.6727,4.6727,0.0,1.219,Prior-Season Seed 2025/26 (2658m)
166,517052,N.Jackson,CHE,FWD,Rotation,0.4,0.25,0.35,70.0,20.0,not_role_eligible,,0,0.0,career_fpl_prior_year+destination_gc,0.4735,0.077,3.6486,3.6486,0.0,1.3684,Older FPL 2024/25 (2220m); destination GC overlay; dest GC CHE=1.368
167,463034,Delap,CHE,FWD,Rotation,0.4,0.25,0.35,70.0,20.0,not_role_eligible,,1,1092.0,prior_season_seed,0.3742,0.019,3.4615,3.4615,0.0,1.4835,Prior-Season Seed 2025/26 (1092m)
168,499309,Marc Guiu,CHE,FWD,Cameo,0.1,0.35,0.55,60.0,15.0,not_role_eligible,,0,0.0,fallback_baseline+destination_gc,0.41,0.13,1.5,1.5,0.0,1.3684,Position baseline (FWD); dest GC CHE=1.368; no Prior-Season Seed and no Career Individual Rate
169,567119,Mheuka,CHE,FWD,Cameo,0.1,0.35,0.55,60.0,15.0,not_role_eligible,,0,0.0,fallback_baseline+destination_gc,0.41,0.13,1.5,1.5,0.0,1.3684,Position baseline (FWD); dest GC CHE=1.368; no Prior-Season Seed and no Career Individual Rate
170,503037,Emegha,CHE,FWD,Cameo,0.1,0.35,0.55,60.0,15.0,not_role_eligible,,0,0.0,fallback_baseline+destination_gc,0.41,0.13,1.5,1.5,0.0,1.3684,Position baseline (FWD); dest GC CHE=1.368; no Prior-Season Seed and no Career Individual Rate
140,215059,Sánchez,CHE,GKP,Nailed Starter,0.9,0.05,0.05,85.0,20.0,eligible,,1,3040.0,prior_season_seed+defcon_baseline_fill,0.0,0.0012,0.0,0.0,2.9013,1.4507,Prior-Season Seed 2025/26 (3040m); defcon_baseline_fill
141,508479,Jörgensen,CHE,GKP,Out of Contention,0.0,0.05,0.95,45.0,10.0,exclude_gw1,,0,0.0,fallback_baseline+destination_gc,0.0,0.0,0.0,0.0,2.78,1.3684,Position baseline (GKP); dest GC CHE=1.368; no Prior-Season Seed and no Career Individual Rate
560,549939,Penders,CHE,GKP,Out of Contention,0.0,0.05,0.95,45.0,10.0,not_role_eligible,,0,0.0,fallback_baseline+destination_gc,0.0,0.0,0.0,0.0,2.78,1.3684,Position baseline (GKP); dest GC CHE=1.368; no Prior-Season Seed and no Career Individual Rate
40,244850,Rogers,CHE,MID,Nailed Starter,0.9,0.05,0.05,85.0,20.0,eligible,,1,3280.0,prior_season_seed,0.1877,0.1185,6.311,6.311,0.0,1.3171,Prior-Season Seed 2025/26 (3280m)
154,244851,Palmer,CHE,MID,Nailed Starter,0.9,0.05,0.05,85.0,20.0,eligible,,1,1954.0,prior_season_seed,0.4859,0.1147,6.218,6.218,0.0,1.52,Prior-Season Seed 2025/26 (1954m)
155,448047,Enzo,CHE,MID,Regular Starter,0.75,0.1,0.15,80.0,20.0,eligible,,1,3114.0,prior_season_seed,0.3254,0.2098,7.052,7.052,0.0,1.3295,Prior-Season Seed 2025/26 (3114m)
156,247632,Neto,CHE,MID,Regular Starter,0.75,0.1,0.15,80.0,20.0,eligible,,1,2629.0,prior_season_seed,0.1571,0.2342,4.1765,4.1765,0.0,1.1297,Prior-Season Seed 2025/26 (2629m)
157,624773,Estêvão,CHE,MID,Rotation,0.4,0.25,0.35,70.0,20.0,not_role_eligible,,0,0.0,career_individual+destination_gc,0.38,0.28,4.2,4.2,0.0,1.3684,2024/25 Brasileirão Palmeiras; 2154m; FBref; dest GC CHE=1.368
158,463936,Gittens,CHE,MID,Rotation,0.4,0.25,0.35,70.0,20.0,not_role_eligible,,0,0.0,career_individual+destination_gc,0.28,0.22,3.8,3.8,0.0,1.3684,2024/25 Bundesliga Dortmund; 1480m; FBref; dest GC CHE=1.368
159,486672,Caicedo,CHE,MID,Nailed Starter,0.9,0.05,0.05,85.0,20.0,eligible,,1,2796.0,prior_season_seed,0.0467,0.0766,11.7811,11.7811,0.0,1.5129,Prior-Season Seed 2025/26 (2796m)
161,514356,Lavia,CHE,MID,Regular Starter,0.75,0.1,0.15,80.0,20.0,eligible,,0,0.0,career_fpl_prior_year+destination_gc,0.017,0.0251,0.0,0.0,0.0,1.3684,Older FPL 2022/23 (2219m); destination GC overlay; dest GC CHE=1.368
163,491007,D.Essugo,CHE,MID,Rotation,0.4,0.25,0.35,70.0,20.0,not_role_eligible,,0,0.0,career_individual+destination_gc,0.04,0.06,10.5,10.5,0.0,1.3684,2024/25 La Liga Las Palmas; 1950m; FBref; dest GC CHE=1.368
164,593117,Quenda,CHE,MID,Rotation,0.4,0.25,0.35,70.0,20.0,not_role_eligible,,0,0.0,fallback_baseline+destination_gc,0.15,0.15,3.1,3.1,0.0,1.3684,Position baseline (MID); dest GC CHE=1.368; no Prior-Season Seed and no Career Individual Rate
173,461102,Thomas,COV,DEF,Regular Starter,0.75,0.1,0.15,80.0,20.0,eligible,,0,0.0,career_individual+destination_gc,0.089,0.104,8.56,8.56,0.0,1.375,2025/26 Championship Coventry; ~2924m; FotMob; dest GC COV=1.375
174,436761,Kitching,COV,DEF,Rotation,0.4,0.25,0.35,70.0,20.0,not_role_eligible,,0,0.0,career_individual+destination_gc,0.05,0.04,8.75,8.75,0.0,1.375,2024/26 Championship Coventry; 2450m; FBref/FotMob; dest GC COV=1.375
175,451284,van Ewijk,COV,DEF,Regular Starter,0.75,0.1,0.15,80.0,20.0,eligible,,0,0.0,career_individual+destination_gc,0.026,0.141,6.42,6.42,0.0,1.375,2025/26 Championship Coventry; ~3784m; FotMob; dest GC COV=1.375
176,173878,Dasilva,COV,DEF,Rotation,0.4,0.25,0.35,70.0,20.0,not_role_eligible,,0,0.0,fallback_baseline+destination_gc,0.06,0.06,4.25,4.25,0.0,1.375,Position baseline (DEF); dest GC COV=1.375; no Prior-Season Seed and no Career Individual Rate
177,465390,Kesler-Hayden,COV,DEF,Cameo,0.1,0.35,0.55,60.0,15.0,not_role_eligible,,0,0.0,fallback_baseline+destination_gc,0.06,0.06,4.25,4.25,0.0,1.375,Position baseline (DEF); dest GC COV=1.375; no Prior-Season Seed and no Career Individual Rate
178,80178,Bidwell,COV,DEF,Cameo,0.1,0.35,0.55,60.0,15.0,not_role_eligible,,0,0.0,fallback_baseline+destination_gc,0.06,0.06,4.25,4.25,0.0,1.375,Position baseline (DEF); dest GC COV=1.375; no Prior-Season Seed and no Career Individual Rate
179,204813,Latibeaudiere,COV,DEF,Cameo,0.1,0.35,0.55,60.0,15.0,not_role_eligible,,0,0.0,fallback_baseline+destination_gc,0.06,0.06,4.25,4.25,0.0,1.375,Position baseline (DEF); dest GC COV=1.375; no Prior-Season Seed and no Career Individual Rate
180,220583,Woolfenden,COV,DEF,Cameo,0.1,0.35,0.55,60.0,15.0,not_role_eligible,,0,0.0,career_fpl_prior_year+destination_gc,0.0023,0.0015,8.9469,8.9469,0.0,1.375,Older FPL 2024/25 (1187m); destination GC overlay; dest GC COV=1.375
181,577411,Brau,COV,DEF,Cameo,0.1,0.35,0.55,60.0,15.0,not_role_eligible,,0,0.0,fallback_baseline+destination_gc,0.06,0.06,4.25,4.25,0.0,1.375,Position baseline (DEF); dest GC COV=1.375; no Prior-Season Seed and no Career Individual Rate
182,539142,Amenda,COV,DEF,Regular Starter,0.75,0.1,0.15,80.0,20.0,eligible,,0,0.0,career_individual+destination_gc,0.041,0.047,8.97,8.97,0.0,1.375,2025/26 Bundesliga Eintracht Frankfurt; ~1676m; FotMob; dest GC COV=1.375
193,176412,Wright,COV,FWD,Rotation,0.4,0.25,0.35,70.0,20.0,exclude_gw1,,0,0.0,career_individual+destination_gc,0.61,0.07,4.47,4.47,0.0,1.375,CHA 2025/26 Coventry 2594m; FootyStats; dest GC COV=1.375
194,230730,Thomas-Asante,COV,FWD,Regular Starter,0.75,0.1,0.15,80.0,20.0,eligible,,0,0.0,career_individual+destination_gc,0.61,0.17,6.21,6.21,0.0,1.375,CHA 2025/26 Coventry 1865m; FootyStats; dest GC COV=1.375
195,218997,Simms,COV,FWD,Regular Starter,0.75,0.1,0.15,80.0,20.0,eligible,,0,0.0,career_individual+destination_gc,0.41,0.13,1.5,1.5,0.0,1.375,Position baseline (FWD); dest GC COV; no Prior-Season Seed; dest GC COV=1.375
196,551262,Markelo,COV,FWD,Cameo,0.1,0.35,0.55,60.0,15.0,exclude_gw1,,0,0.0,fallback_baseline+destination_gc,0.41,0.13,1.5,1.5,0.0,1.375,Position baseline (FWD); dest GC COV=1.375; no Prior-Season Seed and no Career Individual Rate
197,549653,Bassette,COV,FWD,Out of Contention,0.0,0.05,0.95,45.0,10.0,exclude_gw1,,0,0.0,fallback_baseline+destination_gc,0.41,0.13,1.5,1.5,0.0,1.375,Position baseline (FWD); dest GC COV=1.375; no Prior-Season Seed and no Career Individual Rate
171,484389,Dovin,COV,GKP,Out of Contention,0.0,0.05,0.95,45.0,10.0,not_role_eligible,,0,0.0,fallback_baseline+destination_gc,0.0,0.0,0.0,0.0,2.78,1.375,Position baseline (GKP); dest GC COV=1.375; no Prior-Season Seed and no Career Individual Rate
172,110690,Wilson,COV,GKP,Rotation,0.4,0.25,0.35,70.0,20.0,not_role_eligible,,0,0.0,fallback_baseline+destination_gc,0.0,0.0,0.0,0.0,2.78,1.375,Position baseline (GKP); dest GC COV=1.375; no Prior-Season Seed and no Career Individual Rate
104,428580,Onyeka,COV,MID,Regular Starter,0.75,0.1,0.15,80.0,20.0,eligible,,0,0.0,career_fpl_prior_year+destination_gc,0.164,0.113,0.0,0.0,0.0,1.375,Older FPL 2023/24 (1147m); destination GC overlay; dest GC COV=1.375
183,480457,Rudoni,COV,MID,Rotation,0.4,0.25,0.35,70.0,20.0,not_role_eligible,,0,0.0,fallback_baseline+destination_gc,0.15,0.15,3.1,3.1,0.0,1.375,Position baseline (MID); dest GC COV=1.375; no Prior-Season Seed and no Career Individual Rate
184,168144,Grimes,COV,MID,Regular Starter,0.75,0.1,0.15,80.0,20.0,eligible,,0,0.0,career_individual+destination_gc,0.038,0.199,9.58,9.58,0.0,1.375,CHA 2025/26 Coventry 4125m; FotMob Opta; dest GC COV=1.375
185,501459,Sakamoto,COV,MID,Rotation,0.4,0.25,0.35,70.0,20.0,not_role_eligible,,0,0.0,career_individual+destination_gc,0.153,0.193,6.13,6.13,0.0,1.375,CHA 2025/26 Coventry 2494m; FotMob Opta; dest GC COV=1.375
186,241293,Mason-Clark,COV,MID,Rotation,0.4,0.25,0.35,70.0,20.0,not_role_eligible,,0,0.0,career_individual+destination_gc,0.291,0.166,5.0,5.0,0.0,1.375,2025/26 Championship Coventry; ~2989m; FotMob; dest GC COV=1.375
187,439668,Eccles,COV,MID,Rotation,0.4,0.25,0.35,70.0,20.0,not_role_eligible,,0,0.0,career_individual+destination_gc,0.09,0.16,8.2,8.2,0.0,1.375,2024/26 Championship Coventry; 2890m; FBref/FotMob; dest GC COV=1.375
188,226965,Torp,COV,MID,Rotation,0.4,0.25,0.35,70.0,20.0,not_role_eligible,,0,0.0,career_individual+destination_gc,0.18,0.198,7.95,7.95,0.0,1.375,2025/26 Championship Coventry; ~2320m; FotMob; dest GC COV=1.375
189,684268,Shepherd,COV,MID,Cameo,0.1,0.35,0.55,60.0,15.0,not_role_eligible,,0,0.0,fallback_baseline+destination_gc,0.15,0.15,3.1,3.1,0.0,1.375,Position baseline (MID); dest GC COV=1.375; no Prior-Season Seed and no Career Individual Rate
190,469272,Tchaouna,COV,MID,Regular Starter,0.75,0.1,0.15,80.0,20.0,eligible,,1,1259.0,prior_season_seed,0.0908,0.0651,4.9325,4.9325,0.0,1.7156,Prior-Season Seed 2025/26 (1259m)
191,492498,Borges Rodrigues,COV,MID,Cameo,0.1,0.35,0.55,60.0,15.0,not_role_eligible,,0,0.0,fallback_baseline+destination_gc,0.15,0.15,3.1,3.1,0.0,1.375,Position baseline (MID); dest GC COV=1.375; no Prior-Season Seed and no Career Individual Rate
192,629397,Andrews,COV,MID,Rotation,0.4,0.25,0.35,70.0,20.0,not_role_eligible,,0,0.0,career_individual+destination_gc,0.18,0.12,5.4,5.4,0.0,1.375,2024/26 Championship Coventry; 1250m; FBref/FotMob; dest GC COV=1.375
201,247348,Muñoz,CRY,DEF,Regular Starter,0.75,0.1,0.15,80.0,20.0,eligible,,1,2400.0,prior_season_seed,0.0919,0.1477,7.35,7.35,0.0,1.2375,Prior-Season Seed 2025/26 (2400m)
202,427623,Richards,CRY,DEF,Nailed Starter,0.9,0.05,0.05,85.0,20.0,eligible,,1,2825.0,prior_season_seed,0.0771,0.0497,9.908,9.908,0.0,1.3381,Prior-Season Seed 2025/26 (2825m)
203,651426,Canvot,CRY,DEF,Regular Starter,0.75,0.1,0.15,80.0,20.0,eligible,,1,1331.0,prior_season_seed,0.1001,0.0223,11.4275,11.4275,0.0,1.5552,Prior-Season Seed 2025/26 (1331m)
204,244723,Mitchell,CRY,DEF,Nailed Starter,0.9,0.05,0.05,85.0,20.0,eligible,,1,3253.0,prior_season_seed,0.044,0.07,6.7784,6.7784,0.0,1.3003,Prior-Season Seed 2025/26 (3253m)
205,218364,Sosa,CRY,DEF,Rotation,0.4,0.25,0.35,70.0,20.0,not_role_eligible,,0,0.0,career_individual+destination_gc,0.06,0.24,6.8,6.8,0.0,1.3421,2024/25 Eredivisie/Serie A; 1650m; FBref; dest GC CRY=1.342
206,515621,Chadi Riad,CRY,DEF,Regular Starter,0.75,0.1,0.15,80.0,20.0,eligible,,0,0.0,career_individual+destination_gc,0.03,0.02,9.1,9.1,0.0,1.3421,2024/25 La Liga Real Betis; 2300m; FBref; dest GC CRY=1.342
207,242313,Mingueza,CRY,DEF,Regular Starter,0.75,0.1,0.15,80.0,20.0,eligible,,0,0.0,career_individual+destination_gc,0.06,0.06,4.25,4.25,0.0,1.3421,Position baseline (DEF); dest GC CRY; no Prior-Season Seed; dest GC CRY=1.342
220,590014,Cardines,CRY,DEF,Rotation,0.4,0.25,0.35,70.0,20.0,exclude_gw1,,0,0.0,career_individual+destination_gc,0.04,0.06,7.5,7.5,0.0,1.3421,Palace U21/senior DEF proxy; dest GC CRY=1.342
222,247412,Strand Larsen,CRY,FWD,Regular Starter,0.75,0.1,0.15,80.0,20.0,eligible,,1,2301.0,prior_season_seed,0.2073,0.0438,3.7158,3.7158,0.0,1.6037,Prior-Season Seed 2025/26 (2301m)
223,231747,Mateta,CRY,FWD,Rotation,0.4,0.25,0.35,70.0,20.0,not_role_eligible,,1,2210.0,prior_season_seed,0.5872,0.0538,5.0905,5.0905,0.0,1.181,Prior-Season Seed 2025/26 (2210m)
224,205533,Nketiah,CRY,FWD,Rotation,0.4,0.25,0.35,70.0,20.0,not_role_eligible,,0,0.0,career_fpl_prior_year+destination_gc,0.5251,0.0734,4.8625,4.8625,0.0,1.3421,Older FPL 2024/25 (1018m); destination GC overlay; dest GC CRY=1.342
225,660392,Uche,CRY,FWD,Out of Contention,0.0,0.05,0.95,45.0,10.0,exclude_gw1,,0,0.0,fallback_baseline+destination_gc,0.41,0.13,1.5,1.5,0.0,1.3421,Position baseline (FWD); dest GC CRY=1.342; no Prior-Season Seed and no Career Individual Rate
198,172649,Henderson,CRY,GKP,Nailed Starter,0.9,0.05,0.05,85.0,20.0,eligible,,1,3330.0,prior_season_seed+defcon_baseline_fill,0.0,0.003,0.0,0.0,2.8649,1.3784,Prior-Season Seed 2025/26 (3330m); defcon_baseline_fill
199,121709,Benitez,CRY,GKP,Out of Contention,0.0,0.05,0.95,45.0,10.0,not_role_eligible,,0,0.0,fallback_baseline+destination_gc,0.0,0.0,0.0,0.0,2.78,1.3421,Position baseline (GKP); dest GC CRY=1.342; no Prior-Season Seed and no Career Individual Rate
555,169593,Matthews,CRY,GKP,Out of Contention,0.0,0.05,0.95,45.0,10.0,not_role_eligible,,0,0.0,fallback_baseline+destination_gc,0.0,0.0,0.0,0.0,2.78,1.3421,Position baseline (GKP); dest GC CRY=1.342; no Prior-Season Seed and no Career Individual Rate
208,232185,Sarr,CRY,MID,Nailed Starter,0.9,0.05,0.05,85.0,20.0,eligible,,1,2173.0,prior_season_seed,0.4527,0.0485,5.6742,5.6742,0.0,1.2011,Prior-Season Seed 2025/26 (2173m)
209,242898,Johnson,EVE,MID,Rotation,0.4,0.25,0.35,70.0,20.0,not_role_eligible,,1,1710.0,prior_season_seed,0.1289,0.0689,6.3684,6.3684,0.0,1.2632,Prior-Season Seed 2025/26 (1710m)
210,496221,Wharton,CRY,MID,Regular Starter,0.75,0.1,0.15,80.0,20.0,eligible,,1,2552.0,prior_season_seed,0.0536,0.2634,10.6857,10.6857,0.0,1.5165,Prior-Season Seed 2025/26 (2552m)
211,488024,Yeremy,CRY,MID,Rotation,0.4,0.25,0.35,70.0,20.0,not_role_eligible,,1,2074.0,prior_season_seed,0.1966,0.2656,7.2469,7.2469,0.0,1.215,Prior-Season Seed 2025/26 (2074m)
212,108413,Hughes,CRY,MID,Cameo,0.1,0.35,0.55,60.0,15.0,not_role_eligible,,1,1560.0,prior_season_seed,0.064,0.1119,8.5385,8.5385,0.0,1.0385,Prior-Season Seed 2025/26 (1560m)
213,152551,Lerma,CRY,MID,Rotation,0.4,0.25,0.35,70.0,20.0,not_role_eligible,,1,1722.0,prior_season_seed,0.0962,0.0774,11.4983,11.4983,0.0,1.3066,Prior-Season Seed 2025/26 (1722m)
214,209400,Kamada,CRY,MID,Regular Starter,0.75,0.1,0.15,80.0,20.0,eligible,,1,1899.0,prior_season_seed,0.0777,0.1536,9.8578,9.8578,0.0,1.327,Prior-Season Seed 2025/26 (1899m)
215,489706,Devenny,CRY,MID,Rotation,0.4,0.25,0.35,70.0,20.0,not_role_eligible,,0,0.0,career_individual+destination_gc,0.12,0.14,6.5,6.5,0.0,1.3421,Airdrieonians/Palace U21 MID proxy; dest GC CRY=1.342
216,606921,Esse,CRY,MID,Cameo,0.1,0.35,0.55,60.0,15.0,not_role_eligible,,0,0.0,fallback_baseline+destination_gc,0.15,0.15,3.1,3.1,0.0,1.3421,Position baseline (MID); dest GC CRY=1.342; no Prior-Season Seed and no Career Individual Rate
217,536694,M.França,CRY,MID,Cameo,0.1,0.35,0.55,60.0,15.0,not_role_eligible,,0,0.0,fallback_baseline+destination_gc,0.15,0.15,3.1,3.1,0.0,1.3421,Position baseline (MID); dest GC CRY=1.342; no Prior-Season Seed and no Career Individual Rate
218,438464,Doucouré,CRY,MID,Cameo,0.1,0.35,0.55,60.0,15.0,not_role_eligible,,0,0.0,career_fpl_prior_year+destination_gc,0.0274,0.0743,0.0,0.0,0.0,1.3421,Older FPL 2023/24 (920m); destination GC overlay; dest GC CRY=1.342
219,450542,J.Rak-Sakyi,CRY,MID,Cameo,0.1,0.35,0.55,60.0,15.0,not_role_eligible,,0,0.0,fallback_baseline+destination_gc,0.15,0.15,3.1,3.1,0.0,1.3421,Position baseline (MID); dest GC CRY=1.342; no Prior-Season Seed and no Career Individual Rate
221,672492,Drakes-Thomas,CRY,MID,Cameo,0.1,0.35,0.55,60.0,15.0,not_role_eligible,,0,0.0,fallback_baseline+destination_gc,0.15,0.15,3.1,3.1,0.0,1.3421,Position baseline (MID); dest GC CRY=1.342; no Prior-Season Seed and no Career Individual Rate
229,17761,Tarkowski,EVE,DEF,Nailed Starter,0.9,0.05,0.05,85.0,20.0,eligible,,1,3330.0,prior_season_seed,0.0684,0.0568,10.1622,10.1622,0.0,1.2973,Prior-Season Seed 2025/26 (3330m)
230,480455,Branthwaite,EVE,DEF,Regular Starter,0.75,0.1,0.15,80.0,20.0,eligible,,0,0.0,career_fpl_prior_year+destination_gc,0.043,0.0219,9.8286,9.8286,0.0,1.3158,Older FPL 2024/25 (2509m); destination GC overlay; dest GC EVE=1.316
231,106611,Keane,EVE,DEF,Rotation,0.4,0.25,0.35,70.0,20.0,not_role_eligible,,1,2588.0,prior_season_seed,0.08,0.017,10.5023,10.5023,0.0,1.4606,Prior-Season Seed 2025/26 (2588m)
232,512462,O'Brien,EVE,DEF,Regular Starter,0.75,0.1,0.15,80.0,20.0,eligible,,1,3118.0,prior_season_seed,0.0482,0.0289,6.6677,6.6677,0.0,1.3278,Prior-Season Seed 2025/26 (3118m)
233,224967,Mykolenko,EVE,DEF,Regular Starter,0.75,0.1,0.15,80.0,20.0,eligible,,1,2959.0,prior_season_seed,0.0085,0.0748,7.026,7.026,0.0,1.4295,Prior-Season Seed 2025/26 (2959m)
234,243571,Patterson,EVE,DEF,Rotation,0.4,0.25,0.35,70.0,20.0,not_role_eligible,,0,0.0,career_fpl_prior_year+destination_gc,0.0306,0.0927,0.0,0.0,0.0,1.3158,Older FPL 2023/24 (1000m); destination GC overlay; dest GC EVE=1.316
235,499300,Aznou,EVE,DEF,Rotation,0.4,0.25,0.35,70.0,20.0,not_role_eligible,,0,0.0,career_individual+destination_gc,0.05,0.15,7.8,7.8,0.0,1.3158,Bayern II/Morocco U23 DEF; 1550m; dest GC EVE=1.316
248,486385,Beto,EVE,FWD,Rotation,0.4,0.25,0.35,70.0,20.0,not_role_eligible,,1,1551.0,prior_season_seed,0.5164,0.0133,5.1644,5.1644,0.0,1.1025,Prior-Season Seed 2025/26 (1551m)
249,586309,Barry,EVE,FWD,Regular Starter,0.75,0.1,0.15,80.0,20.0,eligible,,1,1898.0,prior_season_seed,0.3874,0.0209,3.509,3.509,0.0,1.6122,Prior-Season Seed 2025/26 (1898m)
226,111234,Pickford,EVE,GKP,Nailed Starter,0.9,0.05,0.05,85.0,20.0,eligible,,1,3420.0,prior_season_seed+defcon_baseline_fill,0.0,0.0053,0.0,0.0,2.6316,1.3158,Prior-Season Seed 2025/26 (3420m); defcon_baseline_fill
227,229600,Travers,EVE,GKP,Out of Contention,0.0,0.05,0.95,45.0,10.0,not_role_eligible,,0,0.0,career_fpl_prior_year+destination_gc,0.0,0.0,0.0,0.0,3.1304,1.3158,Older FPL 2022/23 (1035m); destination GC overlay; dest GC EVE=1.316
228,138001,King,EVE,GKP,Out of Contention,0.0,0.05,0.95,45.0,10.0,not_role_eligible,,0,0.0,fallback_baseline+destination_gc,0.0,0.0,0.0,0.0,2.78,1.3158,Position baseline (GKP); dest GC EVE=1.316; no Prior-Season Seed and no Career Individual Rate
236,215413,Dewsbury-Hall,EVE,MID,Nailed Starter,0.9,0.05,0.05,85.0,20.0,eligible,,1,2629.0,prior_season_seed,0.1489,0.1828,7.8737,7.8737,0.0,1.3351,Prior-Season Seed 2025/26 (2629m)
237,440993,Ndiaye,EVE,MID,Nailed Starter,0.9,0.05,0.05,85.0,20.0,eligible,,1,2781.0,prior_season_seed,0.2162,0.1427,9.1586,9.1586,0.0,1.4239,Prior-Season Seed 2025/26 (2781m)
239,232928,Garner,EVE,MID,Regular Starter,0.75,0.1,0.15,80.0,20.0,exclude_gw1,,1,3413.0,prior_season_seed,0.0554,0.163,12.0774,12.0774,0.0,1.3185,Prior-Season Seed 2025/26 (3413m)
240,490094,Iroegbunam,EVE,MID,Rotation,0.4,0.25,0.35,70.0,20.0,exclude_gw1,,1,1477.0,prior_season_seed,0.0329,0.0433,11.5166,11.5166,0.0,1.0968,Prior-Season Seed 2025/26 (1477m)
241,433154,McNeil,CRY,MID,Regular Starter,0.75,0.1,0.15,80.0,20.0,eligible,,1,1161.0,prior_season_seed,0.1062,0.1481,8.6047,8.6047,0.0,0.6977,Prior-Season Seed 2025/26 (1161m)
242,550615,George,EVE,MID,Rotation,0.4,0.25,0.35,70.0,20.0,not_role_eligible,,0,0.0,fallback_baseline+destination_gc,0.15,0.15,3.1,3.1,0.0,1.3158,Position baseline (MID); dest GC EVE=1.316; no Prior-Season Seed and no Career Individual Rate
243,502697,Alcaraz,EVE,MID,Cameo,0.1,0.35,0.55,60.0,15.0,not_role_eligible,,0,0.0,career_fpl_prior_year+destination_gc,0.1547,0.0624,0.0,0.0,0.0,1.3158,Older FPL 2022/23 (1024m); destination GC overlay; dest GC EVE=1.316
244,609873,Armstrong,EVE,MID,Regular Starter,0.75,0.1,0.15,80.0,20.0,eligible,,0,0.0,career_individual+destination_gc,0.42,0.18,3.2,3.2,0.0,1.3158,2024/25 PL/Championship Southampton; 2800m; FBref; dest GC EVE=1.316
245,496661,Dibling,EVE,MID,Rotation,0.4,0.25,0.35,70.0,20.0,not_role_eligible,,0,0.0,career_fpl_prior_year+destination_gc,0.1256,0.071,6.9082,6.9082,0.0,1.3158,Older FPL 2024/25 (1863m); destination GC overlay; dest GC EVE=1.316
246,513466,Röhl,EVE,MID,Regular Starter,0.75,0.1,0.15,80.0,20.0,eligible,,0,0.0,career_individual+destination_gc,0.16,0.14,7.4,7.4,0.0,1.3158,2024/25 Bundesliga Freiburg; 1800m; FBref; dest GC EVE=1.316
247,244860,Hackney,EVE,MID,Regular Starter,0.75,0.1,0.15,80.0,20.0,eligible,,0,0.0,career_individual+destination_gc,0.15,0.233,8.83,8.83,0.0,1.3158,CHA 2025/26 Middlesbrough 3314m; FotMob; dest GC EVE=1.316
253,174874,Andersen,FUL,DEF,Out of Contention,0.0,0.05,0.95,45.0,10.0,exclude_gw1,,1,2882.0,prior_season_seed,0.0447,0.0571,10.2741,10.2741,0.0,1.4053,Prior-Season Seed 2025/26 (2882m)
254,169528,Robinson,FUL,DEF,Nailed Starter,0.9,0.05,0.05,85.0,20.0,eligible,,1,1487.0,prior_season_seed,0.0648,0.0956,8.2313,8.2313,0.0,1.15,Prior-Season Seed 2025/26 (1487m)
255,246301,J.Cuenca,FUL,DEF,Regular Starter,0.75,0.1,0.15,80.0,20.0,eligible,,1,935.0,prior_season_seed,0.0048,0.051,11.262,11.262,0.0,1.0588,Prior-Season Seed 2025/26 (935m)
256,167074,Tete,FUL,DEF,Rotation,0.4,0.25,0.35,70.0,20.0,not_role_eligible,,1,1791.0,prior_season_seed,0.0462,0.0734,8.2915,8.2915,0.0,1.2563,Prior-Season Seed 2025/26 (1791m)
257,232892,Bassey,FUL,DEF,Nailed Starter,0.9,0.05,0.05,85.0,20.0,eligible,,1,2532.0,prior_season_seed,0.0608,0.0124,7.2867,7.2867,0.0,1.4218,Prior-Season Seed 2025/26 (2532m)
258,166477,Castagne,FUL,DEF,Regular Starter,0.75,0.1,0.15,80.0,20.0,eligible,,1,1838.0,prior_season_seed,0.0734,0.072,7.1491,7.1491,0.0,1.518,Prior-Season Seed 2025/26 (1838m)
269,184349,Sessegnon,FUL,DEF,Rotation,0.4,0.25,0.35,70.0,20.0,not_role_eligible,,1,1816.0,prior_season_seed,0.0793,0.0892,10.804,10.804,0.0,1.4372,Prior-Season Seed 2025/26 (1816m)
271,244042,Muniz,FUL,FWD,Rotation,0.4,0.25,0.35,70.0,20.0,not_role_eligible,,1,987.0,prior_season_seed,0.3009,0.0137,4.7416,4.7416,0.0,1.1854,Prior-Season Seed 2025/26 (987m)
272,631786,Kusi-Asare,FUL,FWD,Rotation,0.4,0.25,0.35,70.0,20.0,not_role_eligible,,0,0.0,career_individual+destination_gc,0.45,0.1,2.1,2.1,0.0,1.3421,Bayern U19/Fulham striker; 1100m; dest GC FUL=1.342
250,80201,Leno,FUL,GKP,Nailed Starter,0.9,0.05,0.05,85.0,20.0,eligible,,1,3420.0,prior_season_seed+defcon_baseline_fill,0.0,0.0005,0.0,0.0,2.5789,1.3421,Prior-Season Seed 2025/26 (3420m); defcon_baseline_fill
251,86873,Lecomte,FUL,GKP,Out of Contention,0.0,0.05,0.95,45.0,10.0,not_role_eligible,,0,0.0,fallback_baseline+destination_gc,0.0,0.0,0.0,0.0,2.78,1.3421,Position baseline (GKP); dest GC FUL=1.342; no Prior-Season Seed and no Career Individual Rate
252,505079,McNally,FUL,GKP,Out of Contention,0.0,0.05,0.95,45.0,10.0,not_role_eligible,,0,0.0,fallback_baseline+destination_gc,0.0,0.0,0.0,0.0,2.78,1.3421,Position baseline (GKP); dest GC FUL=1.342; no Prior-Season Seed and no Career Individual Rate
261,153133,Iwobi,FUL,MID,Nailed Starter,0.9,0.05,0.05,85.0,20.0,eligible,,1,2420.0,prior_season_seed,0.071,0.1748,6.9917,6.9917,0.0,1.4876,Prior-Season Seed 2025/26 (2420m)
262,209289,Smith Rowe,FUL,MID,Rotation,0.4,0.25,0.35,70.0,20.0,not_role_eligible,,1,1909.0,prior_season_seed,0.2221,0.0528,6.9775,6.9775,0.0,1.2729,Prior-Season Seed 2025/26 (1909m)
263,560552,Kevin,FUL,MID,Rotation,0.4,0.25,0.35,70.0,20.0,not_role_eligible,,1,1030.0,prior_season_seed,0.1057,0.1284,7.5146,7.5146,0.0,1.3107,Prior-Season Seed 2025/26 (1030m)
264,477555,Bobb,FUL,MID,Regular Starter,0.75,0.1,0.15,80.0,20.0,eligible,,1,1030.0,prior_season_seed,0.1284,0.1835,6.6408,6.6408,0.0,1.1359,Prior-Season Seed 2025/26 (1030m)
265,207189,Berge,FUL,MID,Regular Starter,0.75,0.1,0.15,80.0,20.0,eligible,,1,2904.0,prior_season_seed,0.0477,0.0465,8.6777,8.6777,0.0,1.3946,Prior-Season Seed 2025/26 (2904m)
266,76357,Cairney,FUL,MID,Cameo,0.1,0.35,0.55,60.0,15.0,exclude_gw1,,0,0.0,career_fpl_prior_year+destination_gc,0.063,0.1577,0.0,0.0,0.0,1.3421,Older FPL 2023/24 (1472m); destination GC overlay; dest GC FUL=1.342
267,212314,Lukić,IPS,MID,Regular Starter,0.75,0.1,0.15,80.0,20.0,eligible,,1,1730.0,prior_season_seed,0.116,0.0994,9.5202,9.5202,0.0,1.1445,Prior-Season Seed 2025/26 (1730m)
268,577725,King,FUL,MID,Regular Starter,0.75,0.1,0.15,80.0,20.0,eligible,,1,1290.0,prior_season_seed,0.1723,0.046,7.4651,7.4651,0.0,1.2558,Prior-Season Seed 2025/26 (1290m)
270,153366,Reed,FUL,MID,Rotation,0.4,0.25,0.35,70.0,20.0,not_role_eligible,,0,0.0,career_fpl_prior_year+destination_gc,0.0198,0.1018,0.0,0.0,0.0,1.3421,Older FPL 2023/24 (1317m); destination GC overlay; dest GC FUL=1.342
277,108416,Egan,HUL,DEF,Rotation,0.4,0.25,0.35,70.0,20.0,not_role_eligible,,0,0.0,career_individual+destination_gc,0.05,0.03,8.5,8.5,0.0,1.375,"Prior Championship / Sheff Utd career stats: 0.05 xG, 0.03 xA, 8.50 defcon; dest GC HUL=1.375"
278,501902,Hughes,HUL,DEF,Rotation,0.4,0.25,0.35,70.0,20.0,exclude_gw1,,0,0.0,career_individual+destination_gc,0.075,0.055,8.14,8.14,0.0,1.375,External Preston/Wigan; FBref CBIT Defcon 8.14/90 (Andrew Hughes); dest GC HUL=1.375
279,146426,Ajayi,HUL,DEF,Regular Starter,0.75,0.1,0.15,80.0,20.0,eligible,,0,0.0,career_individual+destination_gc,0.04,0.03,8.5,8.5,0.0,1.375,External best-guess: Ajayi CHA/PL CB; CBIT-style Defcon proxy; dest GC HUL=1.375
280,193278,Coyle,HUL,DEF,Regular Starter,0.75,0.1,0.15,80.0,20.0,eligible,,0,0.0,career_individual+destination_gc,0.01,0.091,6.18,6.18,0.0,1.375,CHA 2025/26 Hull 3187m; xG/xA/defcon FotMob Opta; dest GC HUL=1.375
281,433590,Drameh,HUL,DEF,Cameo,0.1,0.35,0.55,60.0,15.0,exclude_gw1,,0,0.0,career_individual+destination_gc,0.04,0.11,6.8,6.8,0.0,1.375,External Leeds/Hull CHA FBref full-back proxy; dest GC HUL=1.375
282,232351,Giles,HUL,DEF,Regular Starter,0.75,0.1,0.15,80.0,20.0,eligible,,0,0.0,career_individual+destination_gc,0.025,0.22,6.5,6.5,0.0,1.375,CHA 2025/26 Hull / Luton PL: key crossing & set piece creator; dest GC HUL=1.375
283,449428,Jacob,HUL,DEF,Cameo,0.1,0.35,0.55,60.0,15.0,not_role_eligible,,0,0.0,career_individual+destination_gc,0.04,0.05,8.0,8.0,0.0,1.375,External best-guess: Jacob Hull DEF; CBIT Defcon proxy; dest GC HUL=1.375
284,661800,McCarthy,HUL,DEF,Out of Contention,0.0,0.05,0.95,45.0,10.0,not_role_eligible,,0,0.0,fallback_baseline+destination_gc,0.06,0.06,4.25,4.25,0.0,1.375,Position baseline (DEF); dest GC HUL=1.375; no Prior-Season Seed and no Career Individual Rate
285,160817,McNair,HUL,DEF,Cameo,0.1,0.35,0.55,60.0,15.0,not_role_eligible,,0,0.0,career_individual+destination_gc,0.06,0.04,7.5,7.5,0.0,1.375,Middlesbrough / Sunderland / NI veteran defensive proxy; dest GC HUL=1.375
556,169359,Targett,HUL,DEF,Rotation,0.4,0.25,0.35,70.0,20.0,not_role_eligible,,0,0.0,career_individual+destination_gc,0.02,0.09,7.1,7.1,0.0,1.375,PL veteran Newcastle / Aston Villa full-back proxy; dest GC HUL=1.375
295,169432,McBurnie,HUL,FWD,Regular Starter,0.75,0.1,0.15,80.0,20.0,eligible,,0,0.0,career_individual+destination_gc,0.48,0.11,3.2,3.2,0.0,1.375,Hull CHA 2025/26 (18 goals) / Las Palmas / Sheff Utd PL; dest GC HUL=1.375
298,500957,Destan,HUL,FWD,Cameo,0.1,0.35,0.55,60.0,15.0,exclude_gw1,,0,0.0,career_individual+destination_gc,0.38,0.08,2.2,2.2,0.0,1.375,Trabzonspor ST proxy; dest GC HUL=1.375
299,534392,Burstow,HUL,FWD,Cameo,0.1,0.35,0.55,60.0,15.0,exclude_gw1,,0,0.0,career_individual+destination_gc,0.35,0.09,2.5,2.5,0.0,1.375,Sunderland / Chelsea youth FWD proxy; dest GC HUL=1.375
273,167825,Phillips,HUL,GKP,Out of Contention,0.0,0.05,0.95,45.0,10.0,not_role_eligible,,0,0.0,fallback_baseline+destination_gc,0.0,0.0,0.0,0.0,2.78,1.375,Position baseline (GKP); dest GC HUL=1.375; no Prior-Season Seed and no Career Individual Rate
274,105666,Butland,HUL,GKP,Rotation,0.4,0.25,0.35,70.0,20.0,exclude_gw1,,0,0.0,career_individual+destination_gc,0.0,0.0,0.0,0.0,2.33,1.375,External SPFL 2023-26: Jack Butland Rangers proxy (no Hull mins yet); mins~9180; dest GC HUL=1.375
275,494950,Cartwright,HUL,GKP,Out of Contention,0.0,0.05,0.95,45.0,10.0,exclude_gw1,,0,0.0,fallback_baseline+destination_gc,0.0,0.0,0.0,0.0,2.78,1.375,Position baseline (GKP); dest GC HUL=1.375; no Prior-Season Seed and no Career Individual Rate
276,444307,Lo-Tutala,HUL,GKP,Out of Contention,0.0,0.05,0.95,45.0,10.0,exclude_gw1,,0,0.0,fallback_baseline+destination_gc,0.0,0.0,0.0,0.0,2.78,1.375,Position baseline (GKP); dest GC HUL=1.375; no Prior-Season Seed and no Career Individual Rate
286,540324,Belloumi,HUL,MID,Regular Starter,0.75,0.1,0.15,80.0,20.0,eligible,,0,0.0,career_individual+destination_gc,0.228,0.157,10.89,10.89,0.0,1.375,CHA 2025/26 Hull 934m; xG/xA/defcon FotMob Opta; dest GC HUL=1.375
287,232905,Millar,HUL,MID,Rotation,0.4,0.25,0.35,70.0,20.0,not_role_eligible,,0,0.0,career_individual+destination_gc,0.21,0.12,7.45,7.45,0.0,1.375,Hull CHA 2025/26; 1848 min; FootyStats xG + FotMob; CBITR proxy; dest GC HUL=1.375
288,171270,Dowell,HUL,MID,Cameo,0.1,0.35,0.55,60.0,15.0,not_role_eligible,,0,0.0,career_individual+destination_gc,0.18,0.15,4.5,4.5,0.0,1.375,Rangers / Norwich attacking midfielder proxy; dest GC HUL=1.375
289,101282,Crooks,HUL,MID,Regular Starter,0.75,0.1,0.15,80.0,20.0,eligible,,0,0.0,career_individual+destination_gc,0.13,0.07,9.18,9.18,0.0,1.375,2025/26 Championship Hull MID; 2509m; FotMob xG/xA; CBITR; dest GC HUL=1.375
290,243413,Slater,HUL,MID,Regular Starter,0.75,0.1,0.15,80.0,20.0,eligible,,0,0.0,career_individual+destination_gc,0.056,0.054,10.24,10.24,0.0,1.375,CHA 2025/26 Hull 3156m; xG/xA/defcon FotMob Opta; dest GC HUL=1.375
291,465525,Matazo,HUL,MID,Out of Contention,0.0,0.05,0.95,45.0,10.0,exclude_gw1-5,,0,0.0,fallback_baseline+destination_gc,0.15,0.15,3.1,3.1,0.0,1.375,Position baseline (MID); dest GC HUL=1.375; no Prior-Season Seed and no Career Individual Rate
292,208481,Ömür,HUL,MID,Rotation,0.4,0.25,0.35,70.0,20.0,not_role_eligible,,0,0.0,career_individual+destination_gc,0.043,0.031,8.32,8.32,0.0,1.375,External 2023-26: Abdülkadir Ömür; best-guess CBITR 8.32/90 from Hull CHA FBref; dest GC HUL=1.375
293,490161,Kamara,HUL,MID,Rotation,0.4,0.25,0.35,70.0,20.0,exclude_gw1,,0,0.0,career_individual+destination_gc,0.18,0.16,5.5,5.5,0.0,1.375,Portsmouth / Hull CHA 2024-26 winger proxy; dest GC HUL=1.375
294,553783,Zambrano,HUL,MID,Cameo,0.1,0.35,0.55,60.0,15.0,exclude_gw1,,0,0.0,career_individual+destination_gc,0.05,0.08,7.2,7.2,0.0,1.375,LDU Quito / Maribor CM proxy; dest GC HUL=1.375
296,213292,Akintola,HUL,MID,Cameo,0.1,0.35,0.55,60.0,15.0,not_role_eligible,,0,0.0,career_individual+destination_gc,0.15,0.1,4.5,4.5,0.0,1.375,Adana Demirspor / Rizespor winger proxy; dest GC HUL=1.375
297,470294,Gyabi,HUL,MID,Cameo,0.1,0.35,0.55,60.0,15.0,exclude_gw1,,0,0.0,career_individual+destination_gc,0.06,0.08,6.8,6.8,0.0,1.375,Plymouth Argyle / Leeds CHA CM proxy; dest GC HUL=1.375
563,445028,Morita,HUL,MID,Rotation,0.4,0.25,0.35,70.0,20.0,watch,,0,0.0,career_individual+destination_gc,0.09,0.12,7.8,7.8,0.0,1.375,Sporting CP / Liga Portugal CM proxy (free transfer to Hull); dest GC HUL=1.375
259,219924,Diop,IPS,DEF,Regular Starter,0.75,0.1,0.15,80.0,20.0,eligible,,0,0.0,career_individual+destination_gc,0.05,0.02,7.9,7.9,0.0,1.375,"Fulham / West Ham PL CB (812m in 25/26, 1720m in 24/25); confirmed £8.5m signing; dest GC IPS=1.375"
303,183015,Kipré,IPS,DEF,Rotation,0.4,0.25,0.35,70.0,20.0,not_role_eligible,,0,0.0,career_individual+destination_gc,0.05,0.02,8.8,8.8,0.0,1.375,WBA / Reims CB defensive proxy; dest GC IPS=1.375
304,216616,O'Shea,IPS,DEF,Regular Starter,0.75,0.1,0.15,80.0,20.0,eligible,,0,0.0,career_individual+destination_gc,0.06,0.07,8.2,8.2,0.0,1.375,Burnley PL / Ipswich starting CB/RB (2880m across senior leagues); dest GC IPS=1.375
305,455084,Davis,IPS,DEF,Regular Starter,0.75,0.1,0.15,80.0,20.0,eligible,,0,0.0,career_individual+destination_gc,0.04,0.32,6.8,6.8,0.0,1.375,"Ipswich CHA (18 assists, 3012m) / PL elite set-piece creator; dest GC IPS=1.375"
306,449429,Greaves,IPS,DEF,Regular Starter,0.75,0.1,0.15,80.0,20.0,eligible,,0,0.0,career_individual+destination_gc,0.07,0.05,9.1,9.1,0.0,1.375,Hull / Ipswich dominant aerial & tackling CB (2980m); dest GC IPS=1.375
307,222018,Johnson,IPS,DEF,Rotation,0.4,0.25,0.35,70.0,20.0,not_role_eligible,,0,0.0,career_fpl_prior_year+destination_gc,0.0709,0.0555,7.2883,7.2883,0.0,1.375,Older FPL 2024/25 (1346m); destination GC overlay; dest GC IPS=1.375
308,176420,Furlong,IPS,DEF,Rotation,0.4,0.25,0.35,70.0,20.0,not_role_eligible,,0,0.0,career_individual+destination_gc,0.05,0.06,7.8,7.8,0.0,1.375,External best-guess: Furlong CHA RB/CB; CBIT Defcon proxy; dest GC IPS=1.375
316,543968,Emersonn,IPS,FWD,Regular Starter,0.75,0.1,0.15,80.0,20.0,eligible,,0,0.0,career_individual+destination_gc,0.44,0.11,2.78,2.78,0.0,1.375,Toulouse Ligue 1 2025/26; 1526 min; Goalazo xG/xA; CBITR Sporting Life; dest GC IPS=1.375
317,222625,Hirst,IPS,FWD,Rotation,0.4,0.25,0.35,70.0,20.0,not_role_eligible,,0,0.0,career_individual+destination_gc,0.35,0.12,2.5,2.5,0.0,1.375,Ipswich CHA/PL striker proxy (850m in 25/26); dest GC IPS=1.375
320,147675,Akpom,IPS,FWD,Cameo,0.1,0.35,0.55,60.0,15.0,not_role_eligible,,0,0.0,career_individual+destination_gc,0.45,0.12,2.5,2.5,0.0,1.375,Middlesbrough CHA / Ajax forward proxy; dest GC IPS=1.375
321,557012,Walle Egeli,IPS,FWD,Regular Starter,0.75,0.1,0.15,80.0,20.0,eligible,,0,0.0,career_individual+destination_gc,0.33,0.16,2.4,2.4,0.0,1.375,2024/25 Danish Superliga Nordsjælland FWD; 2205m; FootyStats/FBref; CBITR partial; dest GC IPS=1.375
322,462387,Al-Hamadi,IPS,FWD,Cameo,0.1,0.35,0.55,60.0,15.0,not_role_eligible,,0,0.0,career_individual+destination_gc,0.38,0.1,2.5,2.5,0.0,1.375,AFC Wimbledon / Ipswich forward proxy; dest GC IPS=1.375
300,108813,Walton,IPS,GKP,Rotation,0.4,0.25,0.35,70.0,20.0,not_role_eligible,,0,0.0,fallback_baseline+destination_gc,0.0,0.0,0.0,0.0,2.78,1.375,Position baseline (GKP); dest GC IPS=1.375; no Prior-Season Seed and no Career Individual Rate
301,112520,Palmer,IPS,GKP,Out of Contention,0.0,0.05,0.95,45.0,10.0,not_role_eligible,,0,0.0,career_fpl_prior_year+destination_gc,0.0,0.0,0.0,0.0,3.4615,1.375,Older FPL 2024/25 (1170m); destination GC overlay; dest GC IPS=1.375
302,50093,Button,IPS,GKP,Out of Contention,0.0,0.05,0.95,45.0,10.0,not_role_eligible,,0,0.0,fallback_baseline+destination_gc,0.0,0.0,0.0,0.0,2.78,1.375,Position baseline (GKP); dest GC IPS=1.375; no Prior-Season Seed and no Career Individual Rate
554,546600,Van Oevelen,IPS,GKP,Rotation,0.4,0.25,0.35,70.0,20.0,not_role_eligible,,0,0.0,career_individual+destination_gc,0.0,0.0,0.0,0.0,3.3,1.375,FC Volendam / Eredivisie GKP proxy; dest GC IPS=1.375
564,240514,Scherpen,IPS,GKP,Regular Starter,0.75,0.1,0.15,80.0,20.0,eligible,,0,0.0,career_individual+destination_gc,0.0,0.0,0.0,0.0,1.9,1.375,Union SG Belgian Pro League 2025/26; 2835 min; FotMob 60 saves (1.90/90); dest GC IPS=1.375
309,501390,Núñez,IPS,MID,Regular Starter,0.75,0.1,0.15,80.0,20.0,eligible,,0,0.0,career_individual+destination_gc,0.27,0.36,7.5,7.5,0.0,1.375,Ipswich CHA 2025/26; 2234 min; FootyStats xG/xA; CBITR proxy; dest GC IPS=1.375
310,241117,Matusiwa,IPS,MID,Rotation,0.4,0.25,0.35,70.0,20.0,exclude_gw1,,0,0.0,career_individual+destination_gc,0.024,0.032,13.57,13.57,0.0,1.375,External 2023-26: Azor Matusiwa; best-guess CBITR 13.57/90 from Ligue 1 FBref; dest GC IPS=1.375
311,149929,Burns,IPS,MID,Cameo,0.1,0.35,0.55,60.0,15.0,exclude_gw1,,0,0.0,career_individual+destination_gc,0.19,0.16,5.4,5.4,0.0,1.375,Ipswich League One/Championship winger proxy; dest GC IPS=1.375
312,231899,Taylor,IPS,MID,Out of Contention,0.0,0.05,0.95,45.0,10.0,exclude_gw1,,0,0.0,fallback_baseline+destination_gc,0.15,0.15,3.1,3.1,0.0,1.375,Position baseline (MID); dest GC IPS=1.375; no Prior-Season Seed and no Career Individual Rate
313,443261,Clarke,IPS,MID,Rotation,0.4,0.25,0.35,70.0,20.0,not_role_eligible,,0,0.0,career_fpl_prior_year+destination_gc,0.0907,0.086,10.6202,10.6202,0.0,1.375,Older FPL 2024/25 (1161m); destination GC overlay; dest GC IPS=1.375
314,229164,Ogbene,IPS,MID,Cameo,0.1,0.35,0.55,60.0,15.0,not_role_eligible,,0,0.0,career_fpl_prior_year+destination_gc,0.2025,0.1585,0.0,0.0,0.0,1.375,Older FPL 2023/24 (1987m); destination GC overlay; dest GC IPS=1.375
315,531442,Fatawu,IPS,MID,Regular Starter,0.75,0.1,0.15,80.0,20.0,eligible,,0,0.0,career_individual+destination_gc,0.24,0.28,6.5,6.5,0.0,1.375,Leicester City / Sporting CP explosive winger (confirmed £20m transfer); dest GC IPS=1.375
318,481624,Philogene,IPS,MID,Rotation,0.4,0.25,0.35,70.0,20.0,not_role_eligible,,0,0.0,career_individual+destination_gc,0.32,0.22,6.2,6.2,0.0,1.375,Hull CHA 2023-25 / Aston Villa winger proxy; dest GC IPS=1.375
319,172453,Szmodics,IPS,MID,Rotation,0.4,0.25,0.35,70.0,20.0,exclude_gw1,,0,0.0,career_fpl_prior_year+destination_gc,0.3134,0.041,7.1053,7.1053,0.0,1.375,Older FPL 2024/25 (988m); destination GC overlay; dest GC IPS=1.375
323,461587,McAteer,IPS,MID,Cameo,0.1,0.35,0.55,60.0,15.0,not_role_eligible,,0,0.0,career_individual+destination_gc,0.17,0.11,4.5,4.5,0.0,1.375,Leicester City winger proxy; dest GC IPS=1.375
324,232457,Mehmeti,IPS,MID,Rotation,0.4,0.25,0.35,70.0,20.0,not_role_eligible,,0,0.0,career_individual+destination_gc,0.18,0.14,5.5,5.5,0.0,1.375,External best-guess: Mehmeti Bristol City/CHA attacking MID proxy; dest GC IPS=1.375
562,442967,Maeda,IPS,MID,Regular Starter,0.75,0.1,0.15,80.0,20.0,eligible,,0,0.0,career_individual+destination_gc,0.46,0.19,7.58,7.58,0.0,1.375,Celtic SPFL 2025/26; 2837 min; FootyStats xG/xA; CBITR proxy; dest GC IPS=1.375
327,434752,Bijol,LEE,DEF,Regular Starter,0.75,0.1,0.15,80.0,20.0,eligible,,1,1888.0,prior_season_seed,0.0429,0.0358,10.4396,10.4396,0.0,1.2394,Prior-Season Seed 2025/26 (1888m)
329,214225,Rodon,LEE,DEF,Nailed Starter,0.9,0.05,0.05,85.0,20.0,eligible,,1,2952.0,prior_season_seed,0.0427,0.0171,8.3537,8.3537,0.0,1.6159,Prior-Season Seed 2025/26 (2952m)
330,226182,Bogle,LEE,DEF,Regular Starter,0.75,0.1,0.15,80.0,20.0,eligible,,1,2795.0,prior_season_seed,0.067,0.1001,5.7317,5.7317,0.0,1.4168,Prior-Season Seed 2025/26 (2795m)
331,243526,Gudmundsson,LEE,DEF,Rotation,0.4,0.25,0.35,70.0,20.0,exclude_gw1,,1,2637.0,prior_season_seed,0.0375,0.0986,6.2799,6.2799,0.0,1.5358,Prior-Season Seed 2025/26 (2637m)
332,220627,Justin,LEE,DEF,Regular Starter,0.75,0.1,0.15,80.0,20.0,eligible,,1,1893.0,prior_season_seed,0.087,0.0552,8.7005,8.7005,0.0,1.2361,Prior-Season Seed 2025/26 (1893m)
333,437738,Bornauw,LEE,DEF,Cameo,0.1,0.35,0.55,60.0,15.0,not_role_eligible,,0,0.0,fallback_baseline+destination_gc,0.06,0.06,4.25,4.25,0.0,1.4737,Position baseline (DEF); dest GC LEE=1.474; no Prior-Season Seed and no Career Individual Rate
334,522047,Muharemović,LEE,DEF,Nailed Starter,0.9,0.05,0.05,85.0,20.0,eligible,,0,0.0,career_individual+destination_gc,0.1,0.14,11.56,11.56,0.0,1.4737,Sassuolo Serie A 2025/26; 2835 min; FootyStats xG/xA; CBIT Tkl+Int+Clr+Blk; dest GC LEE=1.474
346,177815,Calvert-Lewin,LEE,FWD,Nailed Starter,0.9,0.05,0.05,85.0,20.0,eligible,,1,2721.0,prior_season_seed,0.515,0.0351,3.473,3.473,0.0,1.1246,Prior-Season Seed 2025/26 (2721m)
347,174594,Nmecha,LEE,FWD,Cameo,0.1,0.35,0.55,60.0,15.0,not_role_eligible,,1,1065.0,prior_season_seed,0.6127,0.1335,4.8169,4.8169,0.0,1.9437,Prior-Season Seed 2025/26 (1065m)
348,235826,Piroe,LEE,FWD,Cameo,0.1,0.35,0.55,60.0,15.0,not_role_eligible,,0,0.0,career_individual+destination_gc,0.42,0.11,2.8,2.8,0.0,1.4737,Swansea / Leeds CHA prolific goalscorer proxy; dest GC LEE=1.474
349,565297,Mateo Joseph,LEE,FWD,Out of Contention,0.0,0.05,0.95,45.0,10.0,exclude_gw1,,0,0.0,fallback_baseline+destination_gc,0.41,0.13,1.5,1.5,0.0,1.4737,Position baseline (FWD); dest GC LEE=1.474; no Prior-Season Seed and no Career Individual Rate
326,201595,Perri,LEE,GKP,Rotation,0.4,0.25,0.35,70.0,20.0,not_role_eligible,,1,1440.0,prior_season_seed+defcon_baseline_fill,0.0,0.0,0.0,0.0,2.375,1.8125,Prior-Season Seed 2025/26 (1440m); defcon_baseline_fill
260,153682,Wilson,LEE,MID,Nailed Starter,0.9,0.05,0.05,85.0,20.0,eligible,,1,2674.0,prior_season_seed,0.1979,0.1605,5.9574,5.9574,0.0,1.279,Prior-Season Seed 2025/26 (2674m)
335,466525,Stach,LEE,MID,Nailed Starter,0.9,0.05,0.05,85.0,20.0,eligible,,1,2369.0,prior_season_seed,0.1094,0.1698,10.1055,10.1055,0.0,1.3677,Prior-Season Seed 2025/26 (2369m)
336,435997,Okafor,LEE,MID,Regular Starter,0.75,0.1,0.15,80.0,20.0,eligible,,1,1553.0,prior_season_seed,0.3042,0.0765,6.5486,6.5486,0.0,1.5068,Prior-Season Seed 2025/26 (1553m)
337,427637,Aaronson,LEE,MID,Regular Starter,0.75,0.1,0.15,80.0,20.0,eligible,,1,2449.0,prior_season_seed,0.1665,0.1323,7.9379,7.9379,0.0,1.176,Prior-Season Seed 2025/26 (2449m)
338,199598,Ampadu,LEE,MID,Nailed Starter,0.9,0.05,0.05,85.0,20.0,eligible,,1,3119.0,prior_season_seed,0.0713,0.0635,12.0038,12.0038,0.0,1.4139,Prior-Season Seed 2025/26 (3119m)
339,180135,Longstaff,LEE,MID,Rotation,0.4,0.25,0.35,70.0,20.0,not_role_eligible,,1,1003.0,prior_season_seed,0.1104,0.1678,9.8704,9.8704,0.0,1.7946,Prior-Season Seed 2025/26 (1003m)
340,462635,Gelhardt,HUL,MID,Cameo,0.1,0.35,0.55,60.0,15.0,not_role_eligible,,0,0.0,career_individual+destination_gc,0.28,0.14,4.2,4.2,0.0,1.375,Leeds youth / Sunderland loan forward proxy; dest GC HUL=1.375
341,492859,Gnonto,LEE,MID,Cameo,0.1,0.35,0.55,60.0,15.0,not_role_eligible,,0,0.0,career_individual+destination_gc,0.29,0.21,4.5,4.5,0.0,1.4737,Leeds CHA / Italy international winger proxy (640m in 25/26); dest GC LEE=1.474
342,221399,Harrison,LEE,MID,Out of Contention,0.0,0.05,0.95,45.0,10.0,exclude_gw1,,0,0.0,career_fpl_prior_year+destination_gc,0.1541,0.1358,6.441,6.441,0.0,1.4737,Older FPL 2024/25 (2068m); destination GC overlay; dest GC LEE=1.474
343,200617,James,LEE,MID,Cameo,0.1,0.35,0.55,60.0,15.0,not_role_eligible,,0,0.0,career_individual+destination_gc,0.24,0.22,5.1,5.1,0.0,1.4737,Leeds CHA / Wales winger speedster proxy; dest GC LEE=1.474
344,486520,Gruev,LEE,MID,Cameo,0.1,0.35,0.55,60.0,15.0,exclude_gw1,,1,1318.0,prior_season_seed,0.0335,0.0587,7.7845,7.7845,0.0,1.5706,Prior-Season Seed 2025/26 (1318m)
345,248056,Tanaka,LEE,MID,Rotation,0.4,0.25,0.35,70.0,20.0,not_role_eligible,,1,1307.0,prior_season_seed,0.0992,0.0957,10.1224,10.1224,0.0,1.5149,Prior-Season Seed 2025/26 (1307m)
356,97032,Virgil,LIV,DEF,Nailed Starter,0.9,0.05,0.05,85.0,20.0,eligible,,1,3420.0,prior_season_seed,0.0992,0.0379,9.2632,9.2632,0.0,1.3947,Prior-Season Seed 2025/26 (3420m)
357,216094,Frimpong,LIV,DEF,Regular Starter,0.75,0.1,0.15,80.0,20.0,eligible,,1,1032.0,prior_season_seed,0.0436,0.1352,2.6163,2.6163,0.0,1.1337,Prior-Season Seed 2025/26 (1032m)
358,544877,Kerkez,LIV,DEF,Nailed Starter,0.9,0.05,0.05,85.0,20.0,eligible,,1,2251.0,prior_season_seed,0.06,0.0276,5.3576,5.3576,0.0,1.4793,Prior-Season Seed 2025/26 (2251m)
359,171287,Gomez,LIV,DEF,Rotation,0.4,0.25,0.35,70.0,20.0,exclude_gw1,,0,0.0,career_fpl_prior_year+destination_gc,0.0518,0.0543,0.0,0.0,0.0,1.3947,Older FPL 2023/24 (1772m); destination GC overlay; dest GC LIV=1.395
360,492777,Bradley,LIV,DEF,Cameo,0.1,0.35,0.55,60.0,15.0,exclude_gw1,,1,928.0,prior_season_seed,0.0175,0.0815,6.3039,6.3039,0.0,1.2608,Prior-Season Seed 2025/26 (928m)
361,519440,Lucky,LIV,DEF,Out of Contention,0.0,0.05,0.95,45.0,10.0,not_role_eligible,,0,0.0,fallback_baseline+destination_gc,0.06,0.06,4.25,4.25,0.0,1.3947,Position baseline (DEF); dest GC LIV=1.395; no Prior-Season Seed and no Career Individual Rate
362,606702,Jacquet,LIV,DEF,Nailed Starter,0.9,0.05,0.05,85.0,20.0,eligible,,0,0.0,career_individual+destination_gc,0.04,0.11,8.39,8.39,0.0,1.3947,Rennes Ligue 1 2025/26; 1673 min; FootyStats xG/xA; CBIT Tkl+Int+Clr+Blk; dest GC LIV=1.395
363,647681,Leoni,LIV,DEF,Out of Contention,0.0,0.05,0.95,45.0,10.0,exclude_gw1,,0,0.0,fallback_baseline+destination_gc,0.06,0.06,4.25,4.25,0.0,1.3947,Position baseline (DEF); dest GC LIV=1.395; no Prior-Season Seed and no Career Individual Rate
364,214285,Tsimikas,LIV,DEF,Rotation,0.4,0.25,0.35,70.0,20.0,not_role_eligible,,0,0.0,fallback_baseline+destination_gc,0.06,0.06,4.25,4.25,0.0,1.3947,Position baseline (DEF); dest GC LIV=1.395; no Prior-Season Seed and no Career Individual Rate
365,489580,Ramsay,LIV,DEF,Out of Contention,0.0,0.05,0.95,45.0,10.0,not_role_eligible,,0,0.0,fallback_baseline+destination_gc,0.06,0.06,4.25,4.25,0.0,1.3947,Position baseline (DEF); dest GC LIV=1.395; no Prior-Season Seed and no Career Individual Rate
379,219168,Isak,LIV,FWD,Nailed Starter,0.9,0.05,0.05,85.0,20.0,eligible,,0,0.0,career_individual+destination_gc,0.69,0.12,1.8,1.8,0.0,1.3947,"Newcastle / Liverpool talisman striker (694m in 25/26 due to injuries; 2758m in 24/25, 23 goals); dest GC LIV=1.395"
380,510663,Ekitiké,LIV,FWD,Cameo,0.1,0.35,0.55,60.0,15.0,exclude_gw1,,1,1797.0,prior_season_seed,0.5058,0.1227,4.2571,4.2571,0.0,1.2521,Prior-Season Seed 2025/26 (1797m)
382,500058,Danns,LIV,FWD,Out of Contention,0.0,0.05,0.95,45.0,10.0,exclude_gw1,,0,0.0,fallback_baseline+destination_gc,0.41,0.13,1.5,1.5,0.0,1.3947,Position baseline (FWD); dest GC LIV=1.395; no Prior-Season Seed and no Career Individual Rate
350,116535,A.Becker,LIV,GKP,Rotation,0.4,0.25,0.35,70.0,20.0,not_role_eligible,,1,2340.0,prior_season_seed+defcon_baseline_fill,0.0,0.0012,0.0,0.0,2.1923,1.1923,Prior-Season Seed 2025/26 (2340m); defcon_baseline_fill
351,449027,Mamardashvili,LIV,GKP,Rotation,0.4,0.25,0.35,70.0,20.0,not_role_eligible,,0,0.0,fallback_baseline+destination_gc,0.0,0.0,0.0,0.0,2.78,1.3947,Position baseline (GKP); dest GC LIV=1.395; no Prior-Season Seed and no Career Individual Rate
352,155503,Woodman,LIV,GKP,Out of Contention,0.0,0.05,0.95,45.0,10.0,not_role_eligible,,0,0.0,fallback_baseline+destination_gc,0.0,0.0,0.0,0.0,2.78,1.3947,Position baseline (GKP); dest GC LIV=1.395; no Prior-Season Seed and no Career Individual Rate
353,586268,Pecsi,LIV,GKP,Out of Contention,0.0,0.05,0.95,45.0,10.0,not_role_eligible,,0,0.0,fallback_baseline+destination_gc,0.0,0.0,0.0,0.0,2.78,1.3947,Position baseline (GKP); dest GC LIV=1.395; no Prior-Season Seed and no Career Individual Rate
354,432987,Jaros,LIV,GKP,Out of Contention,0.0,0.05,0.95,45.0,10.0,exclude_gw1,,0,0.0,fallback_baseline+destination_gc,0.0,0.0,0.0,0.0,2.78,1.3947,Position baseline (GKP); dest GC LIV=1.395; no Prior-Season Seed and no Career Individual Rate
355,464353,Davies,LIV,GKP,Out of Contention,0.0,0.05,0.95,45.0,10.0,not_role_eligible,,0,0.0,fallback_baseline+destination_gc,0.0,0.0,0.0,0.0,2.78,1.3947,Position baseline (GKP); dest GC LIV=1.395; no Prior-Season Seed and no Career Individual Rate
366,494595,Wirtz,LIV,MID,Nailed Starter,0.9,0.05,0.05,85.0,20.0,eligible,,1,2374.0,prior_season_seed,0.2589,0.1949,6.6723,6.6723,0.0,1.2131,Prior-Season Seed 2025/26 (2374m)
367,243298,Gakpo,LIV,MID,Regular Starter,0.75,0.1,0.15,80.0,20.0,eligible,,1,2736.0,prior_season_seed,0.2747,0.1536,5.0,5.0,0.0,1.2829,Prior-Season Seed 2025/26 (2736m)
368,424876,Szoboszlai,LIV,MID,Nailed Starter,0.9,0.05,0.05,85.0,20.0,eligible,,1,3232.0,prior_season_seed,0.1325,0.1902,9.4121,9.4121,0.0,1.448,Prior-Season Seed 2025/26 (3232m)
369,611922,Ngumoha,LIV,MID,Regular Starter,0.75,0.1,0.15,80.0,20.0,eligible,,0,0.0,career_individual+destination_gc,0.28,0.22,4.5,4.5,0.0,1.3947,Liverpool academy breakout winger proxy (547m in 25/26); dest GC LIV=1.395
370,223541,Chiesa,LIV,MID,Rotation,0.4,0.25,0.35,70.0,20.0,not_role_eligible,,0,0.0,career_individual+destination_gc,0.35,0.24,3.8,3.8,0.0,1.3947,Juventus / Italy international winger proxy (317m in 25/26); dest GC LIV=1.395
371,441266,Gravenberch,LIV,MID,Nailed Starter,0.9,0.05,0.05,85.0,20.0,eligible,,1,2991.0,prior_season_seed,0.0569,0.068,8.9669,8.9669,0.0,1.2638,Prior-Season Seed 2025/26 (2991m)
372,243016,Mac Allister,LIV,MID,Regular Starter,0.75,0.1,0.15,80.0,20.0,watch,,1,2654.0,prior_season_seed,0.1319,0.0573,7.7656,7.7656,0.0,1.3904,Prior-Season Seed 2025/26 (2654m)
373,206915,C.Jones,LIV,MID,Rotation,0.4,0.25,0.35,70.0,20.0,not_role_eligible,,1,1923.0,prior_season_seed,0.1034,0.1296,11.092,11.092,0.0,1.7317,Prior-Season Seed 2025/26 (1923m)
374,158983,Endo,LIV,MID,Cameo,0.1,0.35,0.55,60.0,15.0,watch,,0,0.0,career_individual+destination_gc,0.06,0.05,8.2,8.2,0.0,1.3947,Stuttgart / Liverpool DM veteran proxy; dest GC LIV=1.395
375,591386,Nyoni,LIV,MID,Out of Contention,0.0,0.05,0.95,45.0,10.0,not_role_eligible,,0,0.0,fallback_baseline+destination_gc,0.15,0.15,3.1,3.1,0.0,1.3947,Position baseline (MID); dest GC LIV=1.395; no Prior-Season Seed and no Career Individual Rate
376,535928,Bajcetic,LIV,MID,Out of Contention,0.0,0.05,0.95,45.0,10.0,exclude_gw1,,0,0.0,fallback_baseline+destination_gc,0.15,0.15,3.1,3.1,0.0,1.3947,Position baseline (MID); dest GC LIV=1.395; no Prior-Season Seed and no Career Individual Rate
377,551499,Munoz,LIV,MID,Cameo,0.1,0.35,0.55,60.0,15.0,not_role_eligible,,0,0.0,career_individual+destination_gc,0.26,0.18,3.5,3.5,0.0,1.3947,Real Madrid Castilla / Spain winger proxy; dest GC LIV=1.395
378,491501,McConnell,LIV,MID,Out of Contention,0.0,0.05,0.95,45.0,10.0,not_role_eligible,,0,0.0,fallback_baseline+destination_gc,0.15,0.15,3.1,3.1,0.0,1.3947,Position baseline (MID); dest GC LIV=1.395; no Prior-Season Seed and no Career Individual Rate
381,514514,Koumas,LIV,MID,Out of Contention,0.0,0.05,0.95,45.0,10.0,not_role_eligible,,0,0.0,fallback_baseline+destination_gc,0.15,0.15,3.1,3.1,0.0,1.3947,Position baseline (MID); dest GC LIV=1.395; no Prior-Season Seed and no Career Individual Rate
383,444884,Elliott,LIV,MID,Rotation,0.4,0.25,0.35,70.0,20.0,not_role_eligible,,0,0.0,career_individual+destination_gc,0.22,0.32,4.1,4.1,0.0,1.3947,Liverpool attacking midfielder / winger proxy (110m in 25/26); dest GC LIV=1.395
387,472769,O'Reilly,MCI,DEF,Regular Starter,0.75,0.1,0.15,80.0,20.0,eligible,,1,2643.0,prior_season_seed,0.2084,0.0909,5.857,5.857,0.0,0.8513,Prior-Season Seed 2025/26 (2643m)
388,209036,Guéhi,MCI,DEF,Nailed Starter,0.9,0.05,0.05,85.0,20.0,eligible,,1,3150.0,prior_season_seed,0.1157,0.0677,7.9429,7.9429,0.0,1.0,Prior-Season Seed 2025/26 (3150m)
389,465351,Matheus N.,MCI,DEF,Regular Starter,0.75,0.1,0.15,80.0,20.0,eligible,,1,2861.0,prior_season_seed,0.0107,0.0702,6.1342,6.1342,0.0,0.8808,Prior-Season Seed 2025/26 (2861m)
390,171314,Rúben,MCI,DEF,Regular Starter,0.75,0.1,0.15,80.0,20.0,eligible,,1,2139.0,prior_season_seed,0.024,0.0273,7.0266,7.0266,0.0,0.9257,Prior-Season Seed 2025/26 (2139m)
391,477424,Gvardiol,MCI,DEF,Regular Starter,0.75,0.1,0.15,80.0,20.0,eligible,,1,1370.0,prior_season_seed,0.1478,0.046,6.7664,6.7664,0.0,0.854,Prior-Season Seed 2025/26 (1370m)
392,448514,Aït-Nouri,MCI,DEF,Rotation,0.4,0.25,0.35,70.0,20.0,not_role_eligible,,1,971.0,prior_season_seed,0.0491,0.1863,6.2101,6.2101,0.0,0.7415,Prior-Season Seed 2025/26 (971m)
393,578153,Khusanov,MCI,DEF,Regular Starter,0.75,0.1,0.15,80.0,20.0,eligible,,1,1427.0,prior_season_seed,0.041,0.0763,7.7575,7.7575,0.0,0.8199,Prior-Season Seed 2025/26 (1427m)
394,494307,Alleyne,MCI,DEF,Out of Contention,0.0,0.05,0.95,45.0,10.0,not_role_eligible,,0,0.0,fallback_baseline+destination_gc,0.06,0.06,4.25,4.25,0.0,0.9211,Position baseline (DEF); dest GC MCI=0.921; no Prior-Season Seed and no Career Individual Rate
395,477064,Lewis,MCI,DEF,Rotation,0.4,0.25,0.35,70.0,20.0,not_role_eligible,,0,0.0,career_individual+destination_gc,0.07,0.12,6.5,6.5,0.0,0.9211,"Man City fullback / DM utility proxy (401m in 25/26, 1888m in 24/25); dest GC MCI=0.921"
396,616222,Vitor Reis,MCI,DEF,Rotation,0.4,0.25,0.35,70.0,20.0,not_role_eligible,,0,0.0,career_individual+destination_gc,0.06,0.06,4.25,4.25,0.0,0.9211,Position baseline (DEF); dest GC MCI; no Prior-Season Seed; dest GC MCI=0.921
401,438234,Marmoush,MCI,FWD,Cameo,0.1,0.35,0.55,60.0,15.0,not_role_eligible,,0,0.0,career_individual+destination_gc,0.42,0.18,3.2,3.2,0.0,0.9211,"Eintracht Frankfurt / Man City forward proxy (691m in 25/26, 1174m in 24/25); dest GC MCI=0.921"
411,223094,Haaland,MCI,FWD,Nailed Starter,0.9,0.05,0.05,85.0,20.0,eligible,,1,2953.0,prior_season_seed,0.7772,0.0814,3.1697,3.1697,0.0,0.9753,Prior-Season Seed 2025/26 (2953m)
384,204936,Donnarumma,MCI,GKP,Nailed Starter,0.9,0.05,0.05,85.0,20.0,eligible,,1,3060.0,prior_season_seed+defcon_baseline_fill,0.0,0.0038,0.0,0.0,2.2941,0.8529,Prior-Season Seed 2025/26 (3060m); defcon_baseline_fill
385,432720,Trafford,LEE,GKP,Nailed Starter,0.9,0.05,0.05,85.0,20.0,eligible,,0,0.0,career_individual+destination_gc,0.0,0.0,0.0,0.0,3.45,1.4737,"Burnley PL 2023/24 (2520m, 107 saves = 3.82 saves/90); confirmed £45m Leeds #1 GK; dest GC LEE=1.474"
386,122074,Bettinelli,MCI,GKP,Out of Contention,0.0,0.05,0.95,45.0,10.0,not_role_eligible,,0,0.0,fallback_baseline+destination_gc,0.0,0.0,0.0,0.0,2.78,0.9211,Position baseline (GKP); dest GC MCI=0.921; no Prior-Season Seed and no Career Individual Rate
238,114283,Grealish,MCI,MID,Rotation,0.4,0.25,0.35,70.0,20.0,watch,,1,1627.0,prior_season_seed,0.1134,0.1864,7.4677,7.4677,0.0,1.2723,Prior-Season Seed 2025/26 (1627m)
397,437730,Semenyo,MCI,MID,Nailed Starter,0.9,0.05,0.05,85.0,20.0,eligible,,1,3200.0,prior_season_seed,0.3122,0.0878,6.6375,6.6375,0.0,1.4625,Prior-Season Seed 2025/26 (3200m)
398,209244,Foden,MCI,MID,Regular Starter,0.75,0.1,0.15,80.0,20.0,eligible,,1,2078.0,prior_season_seed,0.2612,0.2062,6.9297,6.9297,0.0,0.8229,Prior-Season Seed 2025/26 (2078m)
399,466052,Cherki,MCI,MID,Rotation,0.4,0.25,0.35,70.0,20.0,not_role_eligible,,1,1772.0,prior_season_seed,0.2174,0.4505,6.8567,6.8567,0.0,0.9142,Prior-Season Seed 2025/26 (1772m)
400,248875,Doku,MCI,MID,Regular Starter,0.75,0.1,0.15,80.0,20.0,eligible,,1,1773.0,prior_season_seed,0.1457,0.2975,6.3959,6.3959,0.0,0.9137,Prior-Season Seed 2025/26 (1773m)
402,220566,Rodrigo,MCI,MID,Rotation,0.4,0.25,0.35,70.0,20.0,exclude_gw1,,1,1510.0,prior_season_seed,0.0685,0.146,12.2781,12.2781,0.0,0.894,Prior-Season Seed 2025/26 (1510m)
403,510281,Savinho,MCI,MID,Rotation,0.4,0.25,0.35,70.0,20.0,not_role_eligible,,0,0.0,career_individual+destination_gc,0.28,0.32,4.8,4.8,0.0,0.9211,"Girona / Man City winger proxy (817m in 25/26, 1760m in 24/25); dest GC MCI=0.921"
404,433036,Reijnders,MCI,MID,Rotation,0.4,0.25,0.35,70.0,20.0,not_role_eligible,,1,1623.0,prior_season_seed,0.2556,0.1303,5.5453,5.5453,0.0,0.9982,Prior-Season Seed 2025/26 (1623m)
405,465694,N.Gonzalez,MCI,MID,Rotation,0.4,0.25,0.35,70.0,20.0,not_role_eligible,,1,1561.0,prior_season_seed,0.0392,0.0646,11.877,11.877,0.0,1.0378,Prior-Season Seed 2025/26 (1561m)
406,91651,Kovačić,MCI,MID,Regular Starter,0.75,0.1,0.15,80.0,20.0,eligible,,0,0.0,career_individual+destination_gc,0.08,0.13,6.8,6.8,0.0,0.9211,"Man City / Chelsea veteran CM proxy (125m in 25/26, 2194m in 24/25); dest GC MCI=0.921"
407,575204,Echeverri,MCI,MID,Out of Contention,0.0,0.05,0.95,45.0,10.0,not_role_eligible,,0,0.0,fallback_baseline+destination_gc,0.15,0.15,3.1,3.1,0.0,0.9211,Position baseline (MID); dest GC MCI=0.921; no Prior-Season Seed and no Career Individual Rate
408,155405,Phillips,MCI,MID,Out of Contention,0.0,0.05,0.95,45.0,10.0,not_role_eligible,,0,0.0,career_fpl_prior_year+destination_gc,0.0329,0.0336,11.9171,11.9171,0.0,0.9211,Older FPL 2024/25 (1231m); destination GC overlay; dest GC MCI=0.921
409,590039,Mukasa,MCI,MID,Out of Contention,0.0,0.05,0.95,45.0,10.0,not_role_eligible,,0,0.0,fallback_baseline+destination_gc,0.15,0.15,3.1,3.1,0.0,0.9211,Position baseline (MID); dest GC MCI=0.921; no Prior-Season Seed and no Career Individual Rate
410,649208,Monga,MCI,MID,Out of Contention,0.0,0.05,0.95,45.0,10.0,not_role_eligible,,0,0.0,fallback_baseline+destination_gc,0.15,0.15,3.1,3.1,0.0,0.9211,Position baseline (MID); dest GC MCI=0.921; no Prior-Season Seed and no Career Individual Rate
481,215379,Anderson,MCI,MID,Nailed Starter,0.9,0.05,0.05,85.0,20.0,eligible,,1,3332.0,prior_season_seed,0.0794,0.1294,13.9106,13.9106,0.0,1.3505,Prior-Season Seed 2025/26 (3332m)
416,209365,De Ligt,MUN,DEF,Cameo,0.1,0.35,0.55,60.0,15.0,exclude_gw1-5,,1,1170.0,prior_season_seed,0.1062,0.0638,8.2308,8.2308,0.0,1.5385,Prior-Season Seed 2025/26 (1170m)
417,216051,Dalot,MUN,DEF,Nailed Starter,0.9,0.05,0.05,85.0,20.0,eligible,,1,2609.0,prior_season_seed,0.0666,0.0887,6.2093,6.2093,0.0,1.3798,Prior-Season Seed 2025/26 (2609m)
418,95658,Maguire,MUN,DEF,Nailed Starter,0.9,0.05,0.05,85.0,20.0,eligible,,1,1649.0,prior_season_seed,0.0611,0.0273,8.2414,8.2414,0.0,1.0916,Prior-Season Seed 2025/26 (1649m)
419,221820,Martinez,MUN,DEF,Rotation,0.4,0.25,0.35,70.0,20.0,not_role_eligible,,1,1229.0,prior_season_seed,0.011,0.0439,7.6892,7.6892,0.0,1.0985,Prior-Season Seed 2025/26 (1229m)
420,550864,Yoro,MUN,DEF,Rotation,0.4,0.25,0.35,70.0,20.0,not_role_eligible,,1,1730.0,prior_season_seed,0.0697,0.0307,8.1156,8.1156,0.0,1.7168,Prior-Season Seed 2025/26 (1730m)
421,606745,Heaven,MUN,DEF,Regular Starter,0.75,0.1,0.15,80.0,20.0,eligible,,1,920.0,prior_season_seed,0.0333,0.0176,9.0978,9.0978,0.0,1.4674,Prior-Season Seed 2025/26 (920m)
422,230001,Mazraoui,MUN,DEF,Rotation,0.4,0.25,0.35,70.0,20.0,not_role_eligible,,1,977.0,prior_season_seed,0.0175,0.0322,8.6592,8.6592,0.0,0.9212,Prior-Season Seed 2025/26 (977m)
423,106760,Shaw,MUN,DEF,Nailed Starter,0.9,0.05,0.05,85.0,20.0,eligible,,1,3220.0,prior_season_seed,0.0201,0.0553,6.2609,6.2609,0.0,1.2578,Prior-Season Seed 2025/26 (3220m)
424,577974,Amass,MUN,DEF,Cameo,0.1,0.35,0.55,60.0,15.0,not_role_eligible,,0,0.0,fallback_baseline+destination_gc,0.06,0.06,4.25,4.25,0.0,1.3158,Position baseline (DEF); dest GC MUN=1.316; no Prior-Season Seed and no Career Individual Rate
425,547676,Fredricson,MUN,DEF,Out of Contention,0.0,0.05,0.95,45.0,10.0,not_role_eligible,,0,0.0,fallback_baseline+destination_gc,0.06,0.06,4.25,4.25,0.0,1.3158,Position baseline (DEF); dest GC MUN=1.316; no Prior-Season Seed and no Career Individual Rate
439,485711,Šeško,MUN,FWD,Rotation,0.4,0.25,0.35,70.0,20.0,not_role_eligible,,1,1630.0,prior_season_seed,0.5085,0.0155,3.5337,3.5337,0.0,1.6564,Prior-Season Seed 2025/26 (1630m)
440,458249,Zirkzee,MUN,FWD,Rotation,0.4,0.25,0.35,70.0,20.0,not_role_eligible,,0,0.0,career_fpl_prior_year+destination_gc,0.3015,0.0676,5.7834,5.7834,0.0,1.3158,Older FPL 2024/25 (1385m); destination GC overlay; dest GC MUN=1.316
441,596047,Obi,MUN,FWD,Out of Contention,0.0,0.05,0.95,45.0,10.0,not_role_eligible,,0,0.0,fallback_baseline+destination_gc,0.41,0.13,1.5,1.5,0.0,1.3158,Position baseline (FWD); dest GC MUN=1.316; no Prior-Season Seed and no Career Individual Rate
325,59735,Darlow,MUN,GKP,Cameo,0.1,0.35,0.55,60.0,15.0,not_role_eligible,,1,1980.0,prior_season_seed+defcon_baseline_fill,0.0,0.0023,0.0,0.0,2.8636,1.2273,Prior-Season Seed 2025/26 (1980m); defcon_baseline_fill
412,465247,Lammens,MUN,GKP,Nailed Starter,0.9,0.05,0.05,85.0,20.0,eligible,,1,2880.0,prior_season_seed+defcon_external_fill,0.0,0.0,0.0,0.0,2.4688,1.2188,Prior-Season Seed 2025/26 (2880m); defcon_external_fill
413,451302,Bayindir,MUN,GKP,Cameo,0.1,0.35,0.55,60.0,15.0,exclude_gw1,,0,0.0,fallback_baseline+destination_gc,0.0,0.0,0.0,0.0,2.78,1.3158,Position baseline (GKP); dest GC MUN=1.316; no Prior-Season Seed and no Career Individual Rate
414,21205,Heaton,MUN,GKP,Out of Contention,0.0,0.05,0.95,45.0,10.0,exclude_gw1,,0,0.0,career_fpl_prior_year+destination_gc,0.0,0.0,0.0,0.0,3.3612,1.3158,Older FPL 2019/20 (1794m); destination GC overlay; dest GC MUN=1.316
43,166989,Tielemans,MUN,MID,Regular Starter,0.75,0.1,0.15,80.0,20.0,watch,,1,1857.0,prior_season_seed,0.0553,0.158,9.8384,9.8384,0.0,1.3086,Prior-Season Seed 2025/26 (1857m)
162,532605,Andrey Santos,MUN,MID,Regular Starter,0.75,0.1,0.15,80.0,20.0,eligible,,1,1247.0,prior_season_seed,0.1443,0.0635,9.3103,9.3103,0.0,1.2991,Prior-Season Seed 2025/26 (1247m)
415,596777,Dorgu,MUN,MID,Regular Starter,0.75,0.1,0.15,80.0,20.0,eligible,,1,1440.0,prior_season_seed,0.1494,0.115,6.125,6.125,0.0,1.25,Prior-Season Seed 2025/26 (1440m)
426,141746,B.Fernandes,MUN,MID,Nailed Starter,0.9,0.05,0.05,85.0,20.0,eligible,,1,3065.0,prior_season_seed,0.3168,0.3606,8.4274,8.4274,0.0,1.3507,Prior-Season Seed 2025/26 (3065m)
427,446008,Mbeumo,MUN,MID,Regular Starter,0.75,0.1,0.15,80.0,20.0,eligible,,1,2611.0,prior_season_seed,0.4129,0.172,4.7913,4.7913,0.0,1.2754,Prior-Season Seed 2025/26 (2611m)
428,430871,Cunha,MUN,MID,Rotation,0.4,0.25,0.35,70.0,20.0,not_role_eligible,,1,2493.0,prior_season_seed,0.2491,0.1213,7.6173,7.6173,0.0,1.2635,Prior-Season Seed 2025/26 (2493m)
429,176297,Rashford,MUN,MID,Rotation,0.4,0.25,0.35,70.0,20.0,not_role_eligible,,0,0.0,career_fpl_prior_year+destination_gc,0.2972,0.2183,4.3918,4.3918,0.0,1.3158,Older FPL 2024/25 (1414m); destination GC overlay; dest GC MUN=1.316
430,184341,Mount,MUN,MID,Rotation,0.4,0.25,0.35,70.0,20.0,watch,,1,1010.0,prior_season_seed,0.139,0.1444,9.0891,9.0891,0.0,1.3366,Prior-Season Seed 2025/26 (1010m)
431,493250,Amad,MUN,MID,Regular Starter,0.75,0.1,0.15,80.0,20.0,eligible,,1,2339.0,prior_season_seed,0.2101,0.1824,7.6186,7.6186,0.0,1.2698,Prior-Season Seed 2025/26 (2339m)
432,516895,Mainoo,MUN,MID,Rotation,0.4,0.25,0.35,70.0,20.0,not_role_eligible,,1,1653.0,prior_season_seed,0.0261,0.0691,10.1815,10.1815,0.0,1.1978,Prior-Season Seed 2025/26 (1653m)
433,232112,Ugarte,MUN,MID,Out of Contention,0.0,0.05,0.95,45.0,10.0,exclude_gw1-5,,0,0.0,career_fpl_prior_year+destination_gc,0.0506,0.0339,12.4086,12.4086,0.0,1.3158,Older FPL 2024/25 (1777m); destination GC overlay; dest GC MUN=1.316
434,547037,J.Fletcher,MUN,MID,Cameo,0.1,0.35,0.55,60.0,15.0,not_role_eligible,,0,0.0,fallback_baseline+destination_gc,0.15,0.15,3.1,3.1,0.0,1.3158,Position baseline (MID); dest GC MUN=1.316; no Prior-Season Seed and no Career Individual Rate
435,576628,Lacey,MUN,MID,Cameo,0.1,0.35,0.55,60.0,15.0,not_role_eligible,,0,0.0,fallback_baseline+destination_gc,0.15,0.15,3.1,3.1,0.0,1.3158,Position baseline (MID); dest GC MUN=1.316; no Prior-Season Seed and no Career Individual Rate
436,490881,Collyer,MUN,MID,Cameo,0.1,0.35,0.55,60.0,15.0,not_role_eligible,,0,0.0,fallback_baseline+destination_gc,0.15,0.15,3.1,3.1,0.0,1.3158,Position baseline (MID); dest GC MUN=1.316; no Prior-Season Seed and no Career Individual Rate
437,576620,Bendito Mantato,MUN,MID,Out of Contention,0.0,0.05,0.95,45.0,10.0,not_role_eligible,,0,0.0,fallback_baseline+destination_gc,0.15,0.15,3.1,3.1,0.0,1.3158,Position baseline (MID); dest GC MUN=1.316; no Prior-Season Seed and no Career Individual Rate
438,519913,Fletcher,MUN,MID,Out of Contention,0.0,0.05,0.95,45.0,10.0,not_role_eligible,,0,0.0,fallback_baseline+destination_gc,0.15,0.15,3.1,3.1,0.0,1.3158,Position baseline (MID); dest GC MUN=1.316; no Prior-Season Seed and no Career Individual Rate
445,465642,Thiaw,NEW,DEF,Nailed Starter,0.9,0.05,0.05,85.0,20.0,eligible,,1,2963.0,prior_season_seed,0.1458,0.0292,8.8694,8.8694,0.0,1.5795,Prior-Season Seed 2025/26 (2963m)
446,119471,Schär,NEW,DEF,Rotation,0.4,0.25,0.35,70.0,20.0,not_role_eligible,,1,1089.0,prior_season_seed,0.0802,0.0496,9.5041,9.5041,0.0,1.0744,Prior-Season Seed 2025/26 (1089m)
447,220237,Botman,NEW,DEF,Regular Starter,0.75,0.1,0.15,80.0,20.0,eligible,,1,1834.0,prior_season_seed,0.0849,0.0422,10.5998,10.5998,0.0,1.325,Prior-Season Seed 2025/26 (1834m)
448,78916,Burn,NEW,DEF,Rotation,0.4,0.25,0.35,70.0,20.0,not_role_eligible,,1,2195.0,prior_season_seed,0.0443,0.0148,9.2255,9.2255,0.0,1.4761,Prior-Season Seed 2025/26 (2195m)
449,487838,Hall,NEW,DEF,Regular Starter,0.75,0.1,0.15,80.0,20.0,eligible,,1,2176.0,prior_season_seed,0.0418,0.115,7.1553,7.1553,0.0,1.6131,Prior-Season Seed 2025/26 (2176m)
450,441191,Livramento,NEW,DEF,Regular Starter,0.75,0.1,0.15,80.0,20.0,watch,,1,1326.0,prior_season_seed,0.0088,0.0604,4.6154,4.6154,0.0,0.9502,Prior-Season Seed 2025/26 (1326m)
451,545477,A.Murphy,NEW,DEF,Cameo,0.1,0.35,0.55,60.0,15.0,exclude_gw1,,0,0.0,fallback_baseline+destination_gc,0.06,0.06,4.25,4.25,0.0,1.4474,Position baseline (DEF); dest GC NEW=1.447; no Prior-Season Seed and no Career Individual Rate
463,470313,Woltemade,NEW,FWD,Rotation,0.4,0.25,0.35,70.0,20.0,not_role_eligible,,1,1896.0,prior_season_seed,0.3128,0.0726,4.9842,4.9842,0.0,1.3766,Prior-Season Seed 2025/26 (1896m)
464,216646,Wissa,NEW,FWD,Regular Starter,0.75,0.1,0.15,80.0,20.0,eligible,,0,0.0,career_individual+destination_gc,0.42,0.12,1.8,1.8,0.0,1.4474,Brentford / Newcastle career PL rates (~0.42 xG/90); dest GC NEW=1.447
465,538207,Osula,NEW,FWD,Rotation,0.4,0.25,0.35,70.0,20.0,not_role_eligible,,0,0.0,fallback_baseline+destination_gc,0.41,0.13,1.5,1.5,0.0,1.4474,Position baseline (FWD); dest GC NEW=1.447; no Prior-Season Seed and no Career Individual Rate
466,599303,Neave,NEW,FWD,Cameo,0.1,0.35,0.55,60.0,15.0,not_role_eligible,,0,0.0,fallback_baseline+destination_gc,0.41,0.13,1.5,1.5,0.0,1.4474,Position baseline (FWD); dest GC NEW=1.447; no Prior-Season Seed and no Career Individual Rate
442,98747,Pope,NEW,GKP,Regular Starter,0.75,0.1,0.15,80.0,20.0,eligible,,1,2416.0,prior_season_seed+defcon_baseline_fill,0.006,0.0,0.0,0.0,3.3154,1.4156,Prior-Season Seed 2025/26 (2416m); defcon_baseline_fill
443,81441,Gillespie,NEW,GKP,Out of Contention,0.0,0.05,0.95,45.0,10.0,not_role_eligible,,0,0.0,fallback_baseline+destination_gc,0.0,0.0,0.0,0.0,2.78,1.4474,Position baseline (GKP); dest GC NEW=1.447; no Prior-Season Seed and no Career Individual Rate
444,554578,Jaouen,NEW,GKP,Cameo,0.1,0.35,0.55,60.0,15.0,not_role_eligible,,0,0.0,fallback_baseline+destination_gc,0.0,0.0,0.0,0.0,2.78,1.4474,Position baseline (GKP); dest GC NEW=1.447; no Prior-Season Seed and no Career Individual Rate
452,208706,Bruno G.,ARS,MID,Rotation,0.4,0.25,0.35,70.0,20.0,not_role_eligible,,1,2456.0,prior_season_seed,0.2048,0.1818,9.1979,9.1979,0.0,1.3559,Prior-Season Seed 2025/26 (2456m)
453,201666,Barnes,NEW,MID,Rotation,0.4,0.25,0.35,70.0,20.0,not_role_eligible,,1,1951.0,prior_season_seed,0.3155,0.1255,4.613,4.613,0.0,1.43,Prior-Season Seed 2025/26 (1951m)
454,449434,Elanga,NEW,MID,Regular Starter,0.75,0.1,0.15,80.0,20.0,eligible,,1,1302.0,prior_season_seed,0.1141,0.1203,3.8018,3.8018,0.0,1.9355,Prior-Season Seed 2025/26 (1302m)
456,232653,J.Ramsey,NEW,MID,Rotation,0.4,0.25,0.35,70.0,20.0,not_role_eligible,,1,1441.0,prior_season_seed,0.0749,0.0906,9.306,9.306,0.0,1.9362,Prior-Season Seed 2025/26 (1441m)
457,114243,J.Murphy,NEW,MID,Rotation,0.4,0.25,0.35,70.0,20.0,not_role_eligible,,1,1606.0,prior_season_seed,0.172,0.1491,5.0436,5.0436,0.0,1.1208,Prior-Season Seed 2025/26 (1606m)
458,180974,Joelinton,NEW,MID,Rotation,0.4,0.25,0.35,70.0,20.0,exclude_gw1,,1,1950.0,prior_season_seed,0.1089,0.0623,10.9846,10.9846,0.0,1.2462,Prior-Season Seed 2025/26 (1950m)
459,547719,L.Miley,NEW,MID,Regular Starter,0.75,0.1,0.15,80.0,20.0,exclude_gw1,,1,1493.0,prior_season_seed,0.082,0.1266,9.3436,9.3436,0.0,1.3262,Prior-Season Seed 2025/26 (1493m)
460,200089,Willock,NEW,MID,Rotation,0.4,0.25,0.35,70.0,20.0,not_role_eligible,,1,972.0,prior_season_seed,0.1167,0.0991,8.2407,8.2407,0.0,1.6667,Prior-Season Seed 2025/26 (972m)
461,611665,Touré,NEW,MID,Regular Starter,0.75,0.1,0.15,80.0,20.0,eligible,,0,0.0,career_individual+destination_gc,0.26,0.17,4.8,4.8,0.0,1.4474,Hoffenheim Bundesliga 2025/26; 2327 min; FootyStats xG/xA; CBITR proxy; dest GC NEW=1.447
462,636852,Steur,NEW,MID,Regular Starter,0.75,0.1,0.15,80.0,20.0,eligible,,0,0.0,career_individual+destination_gc,0.12,0.14,5.8,5.8,0.0,1.4474,2025/26 Eredivisie Ajax MID; 1135m; FotMob; CBITR; dest GC NEW=1.447
559,632794,Bamba,NEW,MID,Regular Starter,0.75,0.1,0.15,80.0,20.0,eligible,,0,0.0,career_individual+destination_gc,0.08,0.12,7.5,7.5,0.0,1.4474,Monaco Ligue 1 2025/26; 1850 min; FBref CBITR proxy; dest GC NEW=1.447
469,215136,N.Williams,NFO,DEF,Regular Starter,0.75,0.1,0.15,80.0,20.0,eligible,,1,3203.0,prior_season_seed,0.0565,0.1116,6.9404,6.9404,0.0,1.3487,Prior-Season Seed 2025/26 (3203m)
470,485047,Morato,NFO,DEF,Cameo,0.1,0.35,0.55,60.0,15.0,not_role_eligible,,1,1340.0,prior_season_seed,0.0887,0.0101,9.6716,9.6716,0.0,1.5448,Prior-Season Seed 2025/26 (1340m)
471,227444,Milenković,NFO,DEF,Regular Starter,0.75,0.1,0.15,80.0,20.0,eligible,,1,3375.0,prior_season_seed,0.0221,0.0181,8.2933,8.2933,0.0,1.36,Prior-Season Seed 2025/26 (3375m)
472,575476,Murillo,NFO,DEF,Regular Starter,0.75,0.1,0.15,80.0,20.0,watch,,1,2130.0,prior_season_seed,0.0308,0.0199,9.4225,9.4225,0.0,1.2254,Prior-Season Seed 2025/26 (2130m)
473,159506,Aina,NFO,DEF,Regular Starter,0.75,0.1,0.15,80.0,20.0,eligible,,1,1587.0,prior_season_seed,0.0233,0.0476,7.3724,7.3724,0.0,1.0775,Prior-Season Seed 2025/26 (1587m)
474,575458,Jair Cunha,NFO,DEF,Rotation,0.4,0.25,0.35,70.0,20.0,not_role_eligible,,0,0.0,career_individual+destination_gc,0.06,0.03,8.65,8.65,0.0,1.3421,2024/25 Brasileirão Santos; 2100m; FBref; dest GC NFO=1.342
475,500151,Savona,NFO,DEF,Out of Contention,0.0,0.05,0.95,45.0,10.0,exclude_gw1-5,,1,1025.0,prior_season_seed,0.1177,0.0395,5.0049,5.0049,0.0,1.5805,Prior-Season Seed 2025/26 (1025m)
476,204822,O.Richards,NFO,DEF,Out of Contention,0.0,0.05,0.95,45.0,10.0,not_role_eligible,,0,0.0,fallback_baseline+destination_gc,0.06,0.06,4.25,4.25,0.0,1.3421,Position baseline (DEF); dest GC NFO=1.342; no Prior-Season Seed and no Career Individual Rate
477,549067,Abbott,NFO,DEF,Out of Contention,0.0,0.05,0.95,45.0,10.0,not_role_eligible,,0,0.0,fallback_baseline+destination_gc,0.06,0.06,4.25,4.25,0.0,1.3421,Position baseline (DEF); dest GC NFO=1.342; no Prior-Season Seed and no Career Individual Rate
478,470315,Netz,NFO,DEF,Cameo,0.1,0.35,0.55,60.0,15.0,not_role_eligible,,0,0.0,fallback_baseline+destination_gc,0.06,0.06,4.25,4.25,0.0,1.3421,Position baseline (DEF); dest GC NFO=1.342; no Prior-Season Seed and no Career Individual Rate
479,538638,Bindon,NFO,DEF,Out of Contention,0.0,0.05,0.95,45.0,10.0,not_role_eligible,,0,0.0,fallback_baseline+destination_gc,0.06,0.06,4.25,4.25,0.0,1.3421,Position baseline (DEF); dest GC NFO=1.342; no Prior-Season Seed and no Career Individual Rate
490,60689,Wood,NFO,FWD,Rotation,0.4,0.25,0.35,70.0,20.0,not_role_eligible,,0,0.0,career_fpl_prior_year+destination_gc,0.4083,0.0484,2.9209,2.9209,0.0,1.3421,Older FPL 2024/25 (2958m); destination GC overlay; dest GC NFO=1.342
491,482973,Igor Jesus,NFO,FWD,Regular Starter,0.75,0.1,0.15,80.0,20.0,eligible,,1,2293.0,prior_season_seed,0.2543,0.0495,4.8277,4.8277,0.0,1.4522,Prior-Season Seed 2025/26 (2293m)
492,210156,Awoniyi,NFO,FWD,Cameo,0.1,0.35,0.55,60.0,15.0,not_role_eligible,,0,0.0,career_fpl_prior_year+destination_gc,0.4213,0.0782,0.0,0.0,0.0,1.3421,Older FPL 2023/24 (1036m); destination GC overlay; dest GC NFO=1.342
493,465680,Kalimuendo,NFO,FWD,Rotation,0.4,0.25,0.35,70.0,20.0,not_role_eligible,,0,0.0,fallback_baseline+destination_gc,0.41,0.13,1.5,1.5,0.0,1.3421,Position baseline (FWD); dest GC NFO=1.342; no Prior-Season Seed and no Career Individual Rate
467,85633,Sels,NFO,GKP,Nailed Starter,0.9,0.05,0.05,85.0,20.0,eligible,,1,2667.0,prior_season_seed+defcon_baseline_fill,0.0,0.002,0.0,0.0,3.2058,1.3161,Prior-Season Seed 2025/26 (2667m); defcon_baseline_fill
468,221389,John,NFO,GKP,Cameo,0.1,0.35,0.55,60.0,15.0,not_role_eligible,,0,0.0,fallback_baseline+destination_gc,0.0,0.0,0.0,0.0,2.78,1.3421,Position baseline (GKP); dest GC NFO=1.342; no Prior-Season Seed and no Career Individual Rate
480,222531,Gibbs-White,NFO,MID,Regular Starter,0.75,0.1,0.15,80.0,20.0,eligible,,1,3101.0,prior_season_seed,0.3137,0.0845,5.1661,5.1661,0.0,1.306,Prior-Season Seed 2025/26 (3101m)
482,209046,Hudson-Odoi,NFO,MID,Rotation,0.4,0.25,0.35,70.0,20.0,not_role_eligible,,1,1838.0,prior_season_seed,0.1356,0.1479,5.1904,5.1904,0.0,1.2731,Prior-Season Seed 2025/26 (1838m)
483,456512,Ndoye,NFO,MID,Regular Starter,0.75,0.1,0.15,80.0,20.0,eligible,,1,1167.0,prior_season_seed,0.081,0.1165,7.4036,7.4036,0.0,1.3111,Prior-Season Seed 2025/26 (1167m)
484,503301,Hutchinson,NFO,MID,Rotation,0.4,0.25,0.35,70.0,20.0,not_role_eligible,,1,1676.0,prior_season_seed,0.1079,0.2078,6.9272,6.9272,0.0,1.2888,Prior-Season Seed 2025/26 (1676m)
485,476887,Bakwa,NFO,MID,Cameo,0.1,0.35,0.55,60.0,15.0,not_role_eligible,,0,0.0,fallback_baseline+destination_gc,0.15,0.15,3.1,3.1,0.0,1.3421,Position baseline (MID); dest GC NFO=1.342; no Prior-Season Seed and no Career Individual Rate
486,432714,McAtee,NFO,MID,Cameo,0.1,0.35,0.55,60.0,15.0,not_role_eligible,,0,0.0,career_fpl_prior_year+destination_gc,0.1478,0.1071,0.0,0.0,0.0,1.3421,Older FPL 2023/24 (1815m); destination GC overlay; dest GC NFO=1.342
487,250199,Dominguez,NFO,MID,Rotation,0.4,0.25,0.35,70.0,20.0,not_role_eligible,,1,1168.0,prior_season_seed,0.1133,0.0593,11.0188,11.0188,0.0,1.5411,Prior-Season Seed 2025/26 (1168m)
488,210462,Sangaré,NFO,MID,Regular Starter,0.75,0.1,0.15,80.0,20.0,eligible,,1,2073.0,prior_season_seed,0.0504,0.0781,11.5919,11.5919,0.0,1.1288,Prior-Season Seed 2025/26 (2073m)
489,204968,Yates,NFO,MID,Rotation,0.4,0.25,0.35,70.0,20.0,not_role_eligible,,0,0.0,career_fpl_prior_year+destination_gc,0.1141,0.0223,11.4571,11.4571,0.0,1.3421,Older FPL 2024/25 (1901m); destination GC overlay; dest GC NFO=1.342
558,204561,Schlager,NFO,MID,Regular Starter,0.75,0.1,0.15,80.0,20.0,eligible,,0,0.0,career_individual+destination_gc,0.085,0.1,12.3,12.3,0.0,1.3421,External RB Leipzig; FBref CBITR Defcon 12.30/90 (Schlager); dest GC NFO=1.342
532,223827,Ballard,SUN,DEF,Nailed Starter,0.9,0.05,0.05,85.0,20.0,eligible,,1,2144.0,prior_season_seed,0.1033,0.0264,11.0821,11.0821,0.0,1.4692,Prior-Season Seed 2025/26 (2144m)
533,200834,Mukiele,SUN,DEF,Regular Starter,0.75,0.1,0.15,80.0,20.0,eligible,,1,2784.0,prior_season_seed,0.0524,0.0857,8.8254,8.8254,0.0,1.2931,Prior-Season Seed 2025/26 (2784m)
534,487676,Hume,SUN,DEF,Regular Starter,0.75,0.1,0.15,80.0,20.0,eligible,,1,3032.0,prior_season_seed,0.0674,0.0609,6.0257,6.0257,0.0,1.2467,Prior-Season Seed 2025/26 (3032m)
535,201895,Alderete,SUN,DEF,Regular Starter,0.75,0.1,0.15,80.0,20.0,eligible,,1,2797.0,prior_season_seed,0.0521,0.0293,10.0393,10.0393,0.0,1.2871,Prior-Season Seed 2025/26 (2797m)
536,434399,Reinildo,SUN,DEF,Nailed Starter,0.9,0.05,0.05,85.0,20.0,eligible,,1,1966.0,prior_season_seed,0.006,0.0284,7.5076,7.5076,0.0,1.236,Prior-Season Seed 2025/26 (1966m)
537,519634,Seelt,SUN,DEF,Cameo,0.1,0.35,0.55,60.0,15.0,not_role_eligible,,0,0.0,fallback_baseline+destination_gc,0.06,0.06,4.25,4.25,0.0,1.2632,Position baseline (DEF); dest GC SUN=1.263; no Prior-Season Seed and no Career Individual Rate
538,477547,Hjelde,SUN,DEF,Out of Contention,0.0,0.05,0.95,45.0,10.0,exclude_gw1,,0,0.0,fallback_baseline+destination_gc,0.06,0.06,4.25,4.25,0.0,1.2632,Position baseline (DEF); dest GC SUN=1.263; no Prior-Season Seed and no Career Individual Rate
539,167512,O'Nien,SUN,DEF,Regular Starter,0.75,0.1,0.15,80.0,20.0,eligible,,0,0.0,career_individual+destination_gc,0.05,0.06,8.8,8.8,0.0,1.2632,Sunderland Championship / PL; 565m 25/26; FBref CBIT leader proxy; dest GC SUN=1.263
540,105717,Masuaku,SUN,DEF,Cameo,0.1,0.35,0.55,60.0,15.0,exclude_gw1,,0,0.0,career_fpl_prior_year+destination_gc,0.0,0.0,0.0,0.0,0.0,1.2632,Older FPL 2020/21 (1006m); destination GC overlay; dest GC SUN=1.263
541,93605,Meunier,SUN,DEF,Regular Starter,0.75,0.1,0.15,80.0,20.0,eligible,,0,0.0,career_individual+destination_gc,0.04,0.08,8.8,8.8,0.0,1.2632,2025/26 Ligue 1 Lille DEF; 1910m; FootyStats; CBIT Tkl+Int+Blk+Clr/90; dest GC SUN=1.263
552,441264,Brobbey,SUN,FWD,Nailed Starter,0.9,0.05,0.05,85.0,20.0,eligible,,1,1920.0,prior_season_seed,0.2822,0.0314,3.4688,3.4688,0.0,1.4062,Prior-Season Seed 2025/26 (1920m)
553,437505,Isidor,SUN,FWD,Cameo,0.1,0.35,0.55,60.0,15.0,not_role_eligible,,1,1148.0,prior_season_seed,0.3685,0.0298,3.9983,3.9983,0.0,1.3328,Prior-Season Seed 2025/26 (1148m)
529,498016,Roefs,SUN,GKP,Nailed Starter,0.9,0.05,0.05,85.0,20.0,eligible,,1,3150.0,prior_season_seed+defcon_external_fill,0.0,0.0029,0.0,0.0,3.1143,1.3143,Prior-Season Seed 2025/26 (3150m); defcon_external_fill
530,232571,Patterson,SUN,GKP,Cameo,0.1,0.35,0.55,60.0,15.0,exclude_gw1,,0,0.0,fallback_baseline+destination_gc,0.0,0.0,0.0,0.0,2.78,1.2632,Position baseline (GKP); dest GC SUN=1.263; no Prior-Season Seed and no Career Individual Rate
531,515046,Ellborg,SUN,GKP,Cameo,0.1,0.35,0.55,60.0,15.0,not_role_eligible,,0,0.0,fallback_baseline+destination_gc,0.0,0.0,0.0,0.0,2.78,1.2632,Position baseline (GKP); dest GC SUN=1.263; no Prior-Season Seed and no Career Individual Rate
542,484420,E.Le Fée,SUN,MID,Nailed Starter,0.9,0.05,0.05,85.0,20.0,eligible,,1,2930.0,prior_season_seed,0.1603,0.1828,9.7986,9.7986,0.0,1.3208,Prior-Season Seed 2025/26 (2930m)
543,547027,Diarra,SUN,MID,Cameo,0.1,0.35,0.55,60.0,15.0,not_role_eligible,,1,1403.0,prior_season_seed,0.2098,0.0545,5.0677,5.0677,0.0,1.2188,Prior-Season Seed 2025/26 (1403m)
544,84450,Xhaka,SUN,MID,Nailed Starter,0.9,0.05,0.05,85.0,20.0,eligible,,1,2901.0,prior_season_seed,0.0313,0.1157,11.2306,11.2306,0.0,1.2099,Prior-Season Seed 2025/26 (2901m)
545,577669,Sadiki,SUN,MID,Nailed Starter,0.9,0.05,0.05,85.0,20.0,eligible,,1,2891.0,prior_season_seed,0.0445,0.0455,7.7205,7.7205,0.0,1.3075,Prior-Season Seed 2025/26 (2891m)
546,535818,Adingra,SUN,MID,Rotation,0.4,0.25,0.35,70.0,20.0,not_role_eligible,,0,0.0,career_fpl_prior_year+destination_gc,0.2056,0.2273,6.9935,6.9935,0.0,1.2632,Older FPL 2024/25 (1081m); destination GC overlay; dest GC SUN=1.263
547,461199,Mundle,SUN,MID,Cameo,0.1,0.35,0.55,60.0,15.0,not_role_eligible,,0,0.0,fallback_baseline+destination_gc,0.15,0.15,3.1,3.1,0.0,1.2632,Position baseline (MID); dest GC SUN=1.263; no Prior-Season Seed and no Career Individual Rate
548,554197,Rigg,SUN,MID,Cameo,0.1,0.35,0.55,60.0,15.0,not_role_eligible,,0,0.0,fallback_baseline+destination_gc,0.15,0.15,3.1,3.1,0.0,1.2632,Position baseline (MID); dest GC SUN=1.263; no Prior-Season Seed and no Career Individual Rate
549,549912,Talbi,SUN,MID,Rotation,0.4,0.25,0.35,70.0,20.0,not_role_eligible,,1,1553.0,prior_season_seed,0.1234,0.0684,5.3316,5.3316,0.0,0.8113,Prior-Season Seed 2025/26 (1553m)
550,699989,Jocelin.T,SUN,MID,Out of Contention,0.0,0.05,0.95,45.0,10.0,not_role_eligible,,0,0.0,fallback_baseline+destination_gc,0.15,0.15,3.1,3.1,0.0,1.2632,Position baseline (MID); dest GC SUN=1.263; no Prior-Season Seed and no Career Individual Rate
551,536661,Angulo,SUN,MID,Regular Starter,0.75,0.1,0.15,80.0,20.0,eligible,,0,0.0,career_individual+destination_gc,0.17,0.03,7.86,7.86,0.0,1.2632,2025/26 Belgian Pro League Anderlecht MID; 1902m; FootyStats; CBITR no recoveries; dest GC SUN=1.263
112,469142,Van Hecke,TOT,DEF,Nailed Starter,0.9,0.05,0.05,85.0,20.0,eligible,,1,3210.0,prior_season_seed,0.0928,0.044,8.8879,8.8879,0.0,1.2336,Prior-Season Seed 2025/26 (3210m)
498,221466,Senesi,TOT,DEF,Regular Starter,0.75,0.1,0.15,80.0,20.0,eligible,,1,3288.0,prior_season_seed,0.0419,0.1292,11.469,11.469,0.0,1.4507,Prior-Season Seed 2025/26 (3288m)
499,441164,Pedro Porro,TOT,DEF,Regular Starter,0.75,0.1,0.15,80.0,20.0,eligible,,1,2793.0,prior_season_seed,0.0338,0.1408,7.0247,7.0247,0.0,1.2889,Prior-Season Seed 2025/26 (2793m)
500,221632,Romero,TOT,DEF,Rotation,0.4,0.25,0.35,70.0,20.0,exclude_gw1,,1,1869.0,prior_season_seed,0.0669,0.0602,9.4864,9.4864,0.0,1.5891,Prior-Season Seed 2025/26 (1869m)
501,135720,Danso,TOT,DEF,Rotation,0.4,0.25,0.35,70.0,20.0,not_role_eligible,,1,1489.0,prior_season_seed,0.0375,0.0169,11.6051,11.6051,0.0,1.5111,Prior-Season Seed 2025/26 (1489m)
502,122798,Robertson,TOT,DEF,Regular Starter,0.75,0.1,0.15,80.0,20.0,eligible,,1,1165.0,prior_season_seed,0.085,0.1082,4.2489,4.2489,0.0,1.2361,Prior-Season Seed 2025/26 (1165m)
503,491279,Van de Ven,TOT,DEF,Regular Starter,0.75,0.1,0.15,80.0,20.0,eligible,,1,3041.0,prior_season_seed,0.0835,0.0112,6.2743,6.2743,0.0,1.4798,Prior-Season Seed 2025/26 (3041m)
505,232859,Spence,TOT,DEF,Cameo,0.1,0.35,0.55,60.0,15.0,not_role_eligible,,1,2049.0,prior_season_seed,0.0395,0.0777,5.0952,5.0952,0.0,1.3616,Prior-Season Seed 2025/26 (2049m)
506,487053,Udogie,TOT,DEF,Rotation,0.4,0.25,0.35,70.0,20.0,not_role_eligible,,1,1335.0,prior_season_seed,0.0121,0.0485,4.5843,4.5843,0.0,1.6854,Prior-Season Seed 2025/26 (1335m)
507,548308,Phillips,TOT,DEF,Out of Contention,0.0,0.05,0.95,45.0,10.0,not_role_eligible,,0,0.0,fallback_baseline+destination_gc,0.06,0.06,4.25,4.25,0.0,1.5,Position baseline (DEF); dest GC TOT=1.500; no Prior-Season Seed and no Career Individual Rate
508,115556,Davies,TOT,DEF,Cameo,0.1,0.35,0.55,60.0,15.0,not_role_eligible,,0,0.0,career_fpl_prior_year+destination_gc,0.0183,0.0339,8.6005,8.6005,0.0,1.5,Older FPL 2024/25 (1329m); destination GC overlay; dest GC TOT=1.500
509,640419,Byfield,TOT,DEF,Out of Contention,0.0,0.05,0.95,45.0,10.0,not_role_eligible,,0,0.0,fallback_baseline+destination_gc,0.06,0.06,4.25,4.25,0.0,1.5,Position baseline (DEF); dest GC TOT=1.500; no Prior-Season Seed and no Career Individual Rate
510,499716,Rowswell,TOT,DEF,Out of Contention,0.0,0.05,0.95,45.0,10.0,not_role_eligible,,0,0.0,fallback_baseline+destination_gc,0.06,0.06,4.25,4.25,0.0,1.5,Position baseline (DEF); dest GC TOT=1.500; no Prior-Season Seed and no Career Individual Rate
511,616221,Souza,TOT,DEF,Out of Contention,0.0,0.05,0.95,45.0,10.0,not_role_eligible,,0,0.0,fallback_baseline+destination_gc,0.06,0.06,4.25,4.25,0.0,1.5,Position baseline (DEF); dest GC TOT=1.500; no Prior-Season Seed and no Career Individual Rate
526,154566,Solanke,TOT,FWD,Rotation,0.4,0.25,0.35,70.0,20.0,not_role_eligible,,1,997.0,prior_season_seed,0.2681,0.0307,6.4092,6.4092,0.0,1.8957,Prior-Season Seed 2025/26 (997m)
527,212319,Richarlison,TOT,FWD,Regular Starter,0.75,0.1,0.15,80.0,20.0,eligible,,1,1954.0,prior_season_seed,0.398,0.0672,6.7707,6.7707,0.0,1.2436,Prior-Season Seed 2025/26 (1954m)
528,490145,Scarlett,TOT,FWD,Cameo,0.1,0.35,0.55,60.0,15.0,not_role_eligible,,0,0.0,fallback_baseline+destination_gc,0.41,0.13,1.5,1.5,0.0,1.5,Position baseline (FWD); dest GC TOT=1.500; no Prior-Season Seed and no Career Individual Rate
494,184254,Vicario,TOT,GKP,Rotation,0.4,0.25,0.35,70.0,20.0,not_role_eligible,,1,2790.0,prior_season_seed+defcon_baseline_fill,0.0,0.0013,0.0,0.0,2.6774,1.6129,Prior-Season Seed 2025/26 (2790m); defcon_baseline_fill
495,214572,Austin,TOT,GKP,Out of Contention,0.0,0.05,0.95,45.0,10.0,not_role_eligible,,0,0.0,fallback_baseline+destination_gc,0.0,0.0,0.0,0.0,2.78,1.5,Position baseline (GKP); dest GC TOT=1.500; no Prior-Season Seed and no Career Individual Rate
496,485055,Kinsky,TOT,GKP,Regular Starter,0.75,0.1,0.15,80.0,20.0,eligible,,0,0.0,career_individual+destination_gc,0.0,0.0,0.0,0.0,3.15,1.5,Spurs / Slavia Prague GKP saves (~3.15/90); dest GC TOT=1.500
497,67089,Dubravka,TOT,GKP,Rotation,0.4,0.25,0.35,70.0,20.0,not_role_eligible,,1,3150.0,prior_season_seed+defcon_baseline_fill,0.0,0.0011,0.0,0.0,3.6286,2.0286,Prior-Season Seed 2025/26 (3150m); defcon_baseline_fill
455,432422,Tonali,TOT,MID,Regular Starter,0.75,0.1,0.15,80.0,20.0,eligible,,1,2534.0,prior_season_seed,0.0622,0.1019,9.1279,9.1279,0.0,1.3496,Prior-Season Seed 2025/26 (2534m)
512,460842,Kudus,TOT,MID,Rotation,0.4,0.25,0.35,70.0,20.0,not_role_eligible,,1,1535.0,prior_season_seed,0.1126,0.1413,7.798,7.798,0.0,1.1726,Prior-Season Seed 2025/26 (1535m)
513,493362,Xavi,TOT,MID,Out of Contention,0.0,0.05,0.95,45.0,10.0,exclude_gw1-5,,1,1747.0,prior_season_seed,0.1576,0.1983,7.676,7.676,0.0,1.8546,Prior-Season Seed 2025/26 (1747m)
514,511499,Tel,TOT,MID,Regular Starter,0.75,0.1,0.15,80.0,20.0,eligible,,1,1334.0,prior_season_seed,0.1666,0.1639,7.4888,7.4888,0.0,1.5517,Prior-Season Seed 2025/26 (1334m)
515,172780,Maddison,TOT,MID,Rotation,0.4,0.25,0.35,70.0,20.0,not_role_eligible,,0,0.0,career_fpl_prior_year+destination_gc,0.2772,0.2962,7.0039,7.0039,0.0,1.5,Older FPL 2024/25 (1799m); destination GC overlay; dest GC TOT=1.500
516,202993,Bentancur,TOT,MID,Rotation,0.4,0.25,0.35,70.0,20.0,not_role_eligible,,1,1880.0,prior_season_seed,0.0345,0.0402,13.3085,13.3085,0.0,1.1968,Prior-Season Seed 2025/26 (1880m)
517,550839,Odobert,TOT,MID,Out of Contention,0.0,0.05,0.95,45.0,10.0,exclude_gw1-5,,1,972.0,prior_season_seed,0.1778,0.112,7.1296,7.1296,0.0,1.2037,Prior-Season Seed 2025/26 (972m)
518,482442,P.M.Sarr,TOT,MID,Rotation,0.4,0.25,0.35,70.0,20.0,not_role_eligible,,1,1388.0,prior_season_seed,0.1057,0.072,11.866,11.866,0.0,1.4914,Prior-Season Seed 2025/26 (1388m)
519,232787,Gallagher,TOT,MID,Regular Starter,0.75,0.1,0.15,80.0,20.0,eligible,,1,1183.0,prior_season_seed,0.0936,0.0533,9.4336,9.4336,0.0,1.7498,Prior-Season Seed 2025/26 (1183m)
520,570526,Bergvall,TOT,MID,Rotation,0.4,0.25,0.35,70.0,20.0,not_role_eligible,,1,955.0,prior_season_seed,0.1159,0.0405,7.445,7.445,0.0,1.6963,Prior-Season Seed 2025/26 (955m)
521,445044,Kulusevski,TOT,MID,Out of Contention,0.0,0.05,0.95,45.0,10.0,exclude_gw1-5,,0,0.0,career_fpl_prior_year+destination_gc,0.1531,0.152,7.28,7.28,0.0,1.5,Older FPL 2024/25 (2386m); destination GC overlay; dest GC TOT=1.500
522,547701,Gray,TOT,MID,Rotation,0.4,0.25,0.35,70.0,20.0,not_role_eligible,,1,1471.0,prior_season_seed,0.0918,0.0789,8.0761,8.0761,0.0,1.7131,Prior-Season Seed 2025/26 (1471m)
523,499721,Moore,TOT,MID,Regular Starter,0.75,0.1,0.15,80.0,20.0,eligible,,0,0.0,career_individual+destination_gc,0.22,0.16,4.1,4.1,0.0,1.5,2025/26 Scottish Premiership Rangers loan MID; 2163m; FotMob; CBITR; dest GC TOT=1.500
524,499726,Olusesi,TOT,MID,Out of Contention,0.0,0.05,0.95,45.0,10.0,not_role_eligible,,0,0.0,fallback_baseline+destination_gc,0.15,0.15,3.1,3.1,0.0,1.5,Position baseline (MID); dest GC TOT=1.500; no Prior-Season Seed and no Career Individual Rate
525,551226,Fernandes,TOT,MID,Regular Starter,0.75,0.1,0.15,80.0,20.0,eligible,,1,3017.0,prior_season_seed,0.0594,0.0883,11.0076,11.0076,0.0,1.4915,Prior-Season Seed 2025/26 (3017m)
566,483067,Silva,BOU,DEF,Regular Starter,0.75,0.1,0.15,80.0,20.0,eligible,,0,0.0,career_individual+destination_gc,0.06,0.06,4.25,4.25,0.0,1.4211,Position baseline (DEF); dest GC BOU; no Prior-Season Seed; dest GC BOU=1.421
565,513545,Sangaré,BRE,MID,Regular Starter,0.75,0.1,0.15,80.0,20.0,eligible,,0,0.0,career_individual+destination_gc,0.15,0.15,3.1,3.1,0.0,1.3684,Position baseline (MID); dest GC BRE; no Prior-Season Seed; dest GC BRE=1.368
575,661888,Yirenkyi,COV,MID,Regular Starter,0.75,0.1,0.15,80.0,20.0,eligible,,0,0.0,career_individual+destination_gc,0.15,0.15,3.1,3.1,0.0,1.375,Position baseline (MID); dest GC COV; no Prior-Season Seed; dest GC COV=1.375
570,571779,Palacios,FUL,MID,Regular Starter,0.75,0.1,0.15,80.0,20.0,eligible,,0,0.0,career_individual+destination_gc,0.15,0.15,3.1,3.1,0.0,1.3421,Position baseline (MID); dest GC FUL; no Prior-Season Seed; dest GC FUL=1.342
569,551466,Gonzalo,FUL,FWD,Regular Starter,0.75,0.1,0.15,80.0,20.0,eligible,,0,0.0,career_individual+destination_gc,0.41,0.13,1.5,1.5,0.0,1.3421,Position baseline (FWD); dest GC FUL; no Prior-Season Seed; dest GC FUL=1.342
572,473284,Tzolakis,HUL,GKP,Regular Starter,0.75,0.1,0.15,80.0,20.0,eligible,,0,0.0,career_individual+destination_gc,0.0,0.0,0.0,0.0,1.72,1.375,2025/26 Super League Olympiacos GKP; 2880m; FootyMetrics 55 saves (1.72/90); dest GC HUL=1.375
586,606930,Mendy,HUL,DEF,Regular Starter,0.75,0.1,0.15,80.0,20.0,eligible,,0,0.0,career_individual+destination_gc,0.06,0.06,4.25,4.25,0.0,1.375,Position baseline (DEF); dest GC HUL; no Prior-Season Seed; dest GC HUL=1.375
574,552946,Hjertø-Dahl,HUL,MID,Regular Starter,0.75,0.1,0.15,80.0,20.0,eligible,,0,0.0,career_individual+destination_gc,0.15,0.15,3.1,3.1,0.0,1.375,Position baseline (MID); dest GC HUL; no Prior-Season Seed; dest GC HUL=1.375
576,608227,Stroud,HUL,MID,Regular Starter,0.75,0.1,0.15,80.0,20.0,eligible,,0,0.0,career_individual+destination_gc,0.15,0.15,3.1,3.1,0.0,1.375,Position baseline (MID); dest GC HUL; no Prior-Season Seed; dest GC HUL=1.375
567,470551,Horníček,NEW,GKP,Regular Starter,0.75,0.1,0.15,80.0,20.0,eligible,,0,0.0,career_individual+destination_gc,0.0,0.0,0.0,0.0,2.25,1.4474,2025/26 Liga Portugal Braga GKP; 2960m; FootyMetrics/FootyStats 74 saves (2.25/90); dest GC NEW=1.447
581,568420,Diomande,NFO,DEF,Regular Starter,0.75,0.1,0.15,80.0,20.0,eligible,,0,0.0,career_individual+destination_gc,0.06,0.06,4.25,4.25,0.0,1.3421,Position baseline (DEF); dest GC NFO; no Prior-Season Seed; dest GC NFO=1.342
