club,club_short,player_id,web_name,position,expected_role,p_start,p_sub_in,p_dnp,mins_if_start,mins_if_sub,override,confidence,conflict_rule,draft_eligible,reason,sources,source_refs,api_status,api_chance_of_playing_next_round,api_chance_of_playing_this_round,api_news,api_news_added,api_club_id,api_club_short,registration_status,registration_reason,availability_status,availability_override,availability_confidence,draft_availability,availability_reason,availability_sources,availability_source_refs
Arsenal,ARS,1,Raya,GKP,Nailed Starter,0.9,0.05,0.05,85,20,False,high,none,True,Meerkat green and Scout predicted XI both lock Raya as Arsenal No.1 for GW1-5.,meerkat_nailed|scout_xi,https://fpl.page/article/fpl-gw1-predicted-lineups-2627;https://www.fantasyfootballscout.co.uk/team-news,a,,,,,1,ARS,aligned,,available,none,none,eligible,,,
Arsenal,ARS,4,Gabriel,DEF,Nailed Starter,0.9,0.05,0.05,85,20,False,high,none,True,Meerkat green CB and Scout XI starter; remains the defensive constant with Saliba injured.,meerkat_nailed|scout_xi,https://fpl.page/article/fpl-gw1-predicted-lineups-2627;https://www.fantasyfootballscout.co.uk/team-news,a,,,,,1,ARS,aligned,,available,none,none,eligible,,,
Arsenal,ARS,6,Saliba,DEF,Nailed Starter,0.9,0.05,0.05,85,20,False,medium,none,True,"Fit role remains nailed CB; API lists back injury with unknown return, so Mosquera covers until available.",api_status|meerkat_nailed,data/processed/players.parquet;https://fpl.page/article/fpl-gw1-predicted-lineups-2627,i,0.0,,Back injury - Unknown return date,2026-07-23T12:01:23.289376Z,1,ARS,aligned,,unavailable,out_gw1-5_pending_return,high_gw1_medium_gw1-5,exclude_gw1-5,Arsenal medical update confirms back injury requiring rehabilitation and an extended period out; no return date.,api_status|official_arsenal,data/processed/players.parquet;https://www.arsenal.com/news/medical-update-william-saliba-aVUca3q2han2
Arsenal,ARS,5,J.Timber,DEF,Regular Starter,0.75,0.1,0.15,80,20,False,medium,nailed_vs_regular->regular,True,Meerkat greens Timber but Scout XI starts White at RB; demoted on conflict. API groin injury expected back 21 Aug — keep fit role.,meerkat_nailed|scout_xi|api_status,https://fpl.page/article/fpl-gw1-predicted-lineups-2627;https://www.fantasyfootballscout.co.uk/team-news;data/processed/players.parquet,i,0.0,,Groin injury - Expected back 21 Aug,2026-07-23T12:01:23.272929Z,1,ARS,aligned,,unavailable,api_unavailable_gw1,high,exclude_gw1,Groin injury - Expected back 21 Aug,api_status,data/processed/players.parquet
Arsenal,ARS,13,Rice,MID,Regular Starter,0.75,0.1,0.15,80,20,False,medium,nailed_vs_regular->regular,True,Meerkat greens Rice but Scout midfield is Ødegaard/Zubimendi/Eze without him; conflict demotes to Regular.,meerkat_nailed|scout_xi,https://fpl.page/article/fpl-gw1-predicted-lineups-2627;https://www.fantasyfootballscout.co.uk/team-news,a,,,,,1,ARS,aligned,,available,none,none,eligible,,,
Arsenal,ARS,12,Saka,MID,Regular Starter,0.75,0.1,0.15,80,20,False,medium,nailed_vs_regular->regular,True,Meerkat greens Saka while Scout XI starts Madueke on the right; conflict demotes to Regular for GW1-5.,meerkat_nailed|scout_xi,https://fpl.page/article/fpl-gw1-predicted-lineups-2627;https://www.fantasyfootballscout.co.uk/team-news,a,,,,,1,ARS,aligned,,late_return,late_world_cup_return_gw1,medium_high,watch,"England World Cup bronze-match starter; reported earliest Arsenal return around 10 Aug leaves short runway before 21 Aug opener, with Achilles management still to assess. Role unchanged when fit.",official_england|england_squad|standard,https://www.englandfootball.com/articles/2026/Jul/18/bukayo-saka-france-v-england-world-cup-third-place-playoff-match-reaction-20261807;https://www.englandfootball.com/articles/2026/May/22/england-mens-world-cup-2026-squad-named-by-thomas-tuchel-20262205;https://www.standard.co.uk/sport/football/arsenal-fc-preseason-rice-saka-b1291054.html
Arsenal,ARS,10,White,DEF,Regular Starter,0.75,0.1,0.15,80,20,False,medium,none,True,Scout predicted RB starter; not Meerkat green. API knee injury expected back 21 Aug — role kept when fit.,scout_xi|api_status,https://www.fantasyfootballscout.co.uk/team-news;data/processed/players.parquet,i,0.0,,Knee injury - Expected back 21 Aug,2026-07-23T12:01:23.305229Z,1,ARS,aligned,,conflicted,api_stale_vs_training,medium,watch,"Local API says 0%/expected back 21 Aug, while newer training reports describe White back in group work; treat as contradiction pending fresh official team news.",api_status|official_arsenal_team_news|white_training_report,data/processed/players.parquet;https://www.arsenal.com/news/team-news-gyokeres-in-squad-for-hong-kong-nld-a32nL0W6Uspr;https://www.sabcsport.com/soccer/news/ben-white-returns-to-arsenal-training-as-jurrien-timber-targets-comeback
Arsenal,ARS,11,Mosquera,DEF,Regular Starter,0.75,0.1,0.15,80,20,False,medium,none,True,Scout XI CB while Saliba is out; Meerkat explicitly notes Mosquera minutes with Saliba unavailable.,scout_xi|meerkat_nailed,https://www.fantasyfootballscout.co.uk/team-news;https://fpl.page/article/fpl-gw1-predicted-lineups-2627,a,,,,,1,ARS,aligned,,available,none,none,eligible,,,
Arsenal,ARS,8,Calafiori,DEF,Regular Starter,0.75,0.1,0.15,80,20,False,medium,none,True,Scout predicted LB/LCB starter; not Meerkat green and faces Hincapie competition on the left.,scout_xi|transfer_note,https://www.fantasyfootballscout.co.uk/team-news;https://www.fantasyfootballscout.co.uk/fpl-2026-27-transfer-news-confirmed-summer-signings,a,,,,,1,ARS,aligned,,available,none,none,eligible,,,
Arsenal,ARS,15,Ødegaard,MID,Regular Starter,0.75,0.1,0.15,80,20,False,medium,none,True,Scout midfield starter; omitted from Meerkat green so treated as Regular rather than Nailed.,scout_xi,https://www.fantasyfootballscout.co.uk/team-news,a,,,,,1,ARS,aligned,,available,none,none,eligible,,,
Arsenal,ARS,19,Zubimendi,MID,Regular Starter,0.75,0.1,0.15,80,20,False,medium,none,True,"Scout XI pivot starter; Meerkat prefers Rice in midfield greens, so Zubimendi stays Regular.",scout_xi,https://www.fantasyfootballscout.co.uk/team-news,a,,,,,1,ARS,aligned,,available,none,none,eligible,,,
Arsenal,ARS,14,Eze,MID,Regular Starter,0.75,0.1,0.15,80,20,False,medium,none,True,Scout predicted attacking mid starter; not Meerkat green and shares creative band with Ødegaard/Madueke.,scout_xi,https://www.fantasyfootballscout.co.uk/team-news,a,,,,,1,ARS,aligned,,available,none,none,eligible,,,
Arsenal,ARS,16,Madueke,MID,Regular Starter,0.75,0.1,0.15,80,20,False,medium,none,True,Scout XI right-side attacker; competes with Meerkat-green Saka so not elevated beyond Regular.,scout_xi,https://www.fantasyfootballscout.co.uk/team-news,a,,,,,1,ARS,aligned,,available,none,none,eligible,,,
Arsenal,ARS,25,Gyökeres,FWD,Regular Starter,0.75,0.1,0.15,80,20,False,medium,none,True,"Scout predicted centre-forward; not Meerkat green, with Havertz as alternate No.9 option.",scout_xi,https://www.fantasyfootballscout.co.uk/team-news,a,,,,,1,ARS,aligned,,available,none,none,eligible,,,
Arsenal,ARS,18,Martinelli,MID,Regular Starter,0.75,0.1,0.15,80,20,False,medium,none,True,"Scout XI left attacker; Meerkat frames Tzolis as Trossard-like replacement, so Martinelli stays Regular not Nailed.",scout_xi,https://www.fantasyfootballscout.co.uk/team-news,a,,,,,1,ARS,aligned,,available,none,none,eligible,,,
Arsenal,ARS,9,Hincapie,DEF,Rotation,0.4,0.25,0.35,70,20,False,medium,none,False,"Confirmed summer signing; Meerkat notes left-CB usage but Scout starts Calafiori, so minutes shared.",transfer_note|meerkat_nailed|scout_xi,https://www.fantasyfootballscout.co.uk/fpl-2026-27-transfer-news-confirmed-summer-signings;https://fpl.page/article/fpl-gw1-predicted-lineups-2627;https://www.fantasyfootballscout.co.uk/team-news,a,,,,,1,ARS,aligned,,available,none,none,not_role_eligible,,,
Arsenal,ARS,557,Tzolis,MID,Rotation,0.4,0.25,0.35,70,20,False,medium,none,False,Confirmed £34m signing; Meerkat casts Tzolis ≈ Trossard replacement (Trossard absent from current FPL ARS roster).,transfer_note|meerkat_nailed,https://www.fantasyfootballscout.co.uk/fpl-2026-27-transfer-news-confirmed-summer-signings;https://fpl.page/article/fpl-gw1-predicted-lineups-2627,a,,,,,1,ARS,aligned,,available,none,none,not_role_eligible,,,
Arsenal,ARS,26,Havertz,FWD,Cameo,0.1,0.35,0.55,60,15,False,medium,none,False,Neither Meerkat green nor Scout XI; impact No.9/AM behind Gyökeres for early GW horizon.,scout_xi,https://www.fantasyfootballscout.co.uk/team-news,a,,,,,1,ARS,aligned,,available,none,none,not_role_eligible,,,
Aston Villa,AVL,28,Martinez,GKP,Nailed Starter,0.9,0.05,0.05,85,20,False,high,none,True,Meerkat green and Scout XI both confirm Martinez as undisputed Villa keeper.,meerkat_nailed|scout_xi,https://fpl.page/article/fpl-gw1-predicted-lineups-2627;https://www.fantasyfootballscout.co.uk/team-news,a,,,,,2,AVL,aligned,,available,none,none,eligible,,,
Aston Villa,AVL,31,Konsa,DEF,Nailed Starter,0.9,0.05,0.05,85,20,False,high,none,True,Dual-source nailed CB; Scout and Meerkat both start him in the back line.,meerkat_nailed|scout_xi,https://fpl.page/article/fpl-gw1-predicted-lineups-2627;https://www.fantasyfootballscout.co.uk/team-news,a,,,,,2,AVL,aligned,,available,none,none,eligible,,,
Aston Villa,AVL,32,Cash,DEF,Nailed Starter,0.9,0.05,0.05,85,20,False,high,none,True,Meerkat green RB and Scout XI starter; strong early-season FPL defensive anchor.,meerkat_nailed|scout_xi,https://fpl.page/article/fpl-gw1-predicted-lineups-2627;https://www.fantasyfootballscout.co.uk/team-news,a,,,,,2,AVL,aligned,,available,none,none,eligible,,,
Aston Villa,AVL,47,Kamara,MID,Nailed Starter,0.9,0.05,0.05,85,20,False,medium,none,True,Meerkat green DM and Scout XI; API knee doubt at 75% chance — keep nailed role when fit.,meerkat_nailed|scout_xi|api_status,https://fpl.page/article/fpl-gw1-predicted-lineups-2627;https://www.fantasyfootballscout.co.uk/team-news;data/processed/players.parquet,d,75.0,,Knee injury - 75% chance of playing,2026-07-23T12:01:23.337269Z,2,AVL,aligned,,doubt,api_doubt_gw1,medium,watch,Knee injury - 75% chance of playing,api_status,data/processed/players.parquet
Aston Villa,AVL,55,Watkins,FWD,Nailed Starter,0.9,0.05,0.05,85,20,False,high,none,True,Meerkat green and Scout lone striker; clear nailed No.9 with Abraham injured.,meerkat_nailed|scout_xi,https://fpl.page/article/fpl-gw1-predicted-lineups-2627;https://www.fantasyfootballscout.co.uk/team-news,a,,,,,2,AVL,aligned,,available,none,none,eligible,,,
Aston Villa,AVL,34,Pau,DEF,Regular Starter,0.75,0.1,0.15,80,20,False,medium,none,True,Scout XI lists Torres (FPL web_name Pau) as CB starter; not Meerkat green.,scout_xi,https://www.fantasyfootballscout.co.uk/team-news,a,,,,,2,AVL,aligned,,available,none,none,eligible,,,
Aston Villa,AVL,36,Maatsen,DEF,Regular Starter,0.75,0.1,0.15,80,20,False,medium,none,True,Scout predicted LB ahead of Digne; omitted from Meerkat greens so Regular only.,scout_xi,https://www.fantasyfootballscout.co.uk/team-news,a,,,,,2,AVL,aligned,,available,none,none,eligible,,,
Aston Villa,AVL,37,Lindelöf,DEF,Regular Starter,0.75,0.1,0.15,80,20,False,medium,none,True,Scout XI pairs Lindelöf with Kamara in midfield/defensive six; not Meerkat green.,scout_xi,https://www.fantasyfootballscout.co.uk/team-news,a,,,,,2,AVL,aligned,,available,none,none,eligible,,,
Aston Villa,AVL,45,McGinn,MID,Regular Starter,0.75,0.1,0.15,80,20,False,medium,none,True,Scout attacking-mid starter; faces Manzambi/Garnacho competition after Rogers exit.,scout_xi|transfer_note,https://www.fantasyfootballscout.co.uk/team-news;https://www.fantasyfootballscout.co.uk/fpl-2026-27-transfer-news-confirmed-summer-signings,a,,,,,2,AVL,aligned,,available,none,none,eligible,,,
Aston Villa,AVL,46,Barkley,MID,Regular Starter,0.75,0.1,0.15,80,20,False,medium,none,True,"Scout XI attacking mid; Meerkat instead leans Manzambi as Rogers replacement, so not Nailed.",scout_xi,https://www.fantasyfootballscout.co.uk/team-news,a,,,,,2,AVL,aligned,,available,none,none,eligible,,,
Aston Villa,AVL,41,Buendía,MID,Regular Starter,0.75,0.1,0.15,80,20,False,medium,none,True,Scout predicted wide/AM starter; omitted from Meerkat greens amid post-Rogers reshuffle.,scout_xi,https://www.fantasyfootballscout.co.uk/team-news,a,,,,,2,AVL,aligned,,available,none,none,eligible,,,
Aston Villa,AVL,53,Manzambi,MID,Rotation,0.4,0.25,0.35,70,20,False,medium,regular_vs_rotation->rotation,False,£50m signing; Meerkat says likely Rogers replace but Scout XI omits him for Barkley/Buendía/McGinn — conservative Rotation.,transfer_note|meerkat_nailed|scout_xi,https://www.fantasyfootballscout.co.uk/fpl-2026-27-transfer-news-confirmed-summer-signings;https://fpl.page/article/fpl-gw1-predicted-lineups-2627;https://www.fantasyfootballscout.co.uk/team-news,a,,,,,2,AVL,aligned,,available,none,none,not_role_eligible,,,
Aston Villa,AVL,54,Gomes,MID,Rotation,0.4,0.25,0.35,70,20,False,medium,none,False,João Gomes (FPL web_name Gomes) arrived as Tielemans replacement; Scout still starts Kamara/Lindelöf pivot.,transfer_note|meerkat_nailed|scout_xi,https://www.fantasyfootballscout.co.uk/fpl-2026-27-transfer-news-confirmed-summer-signings;https://fpl.page/article/fpl-gw1-predicted-lineups-2627;https://www.fantasyfootballscout.co.uk/team-news,a,,,,,2,AVL,aligned,,available,none,none,not_role_eligible,,,
Aston Villa,AVL,160,Garnacho,MID,Rotation,0.4,0.25,0.35,70,20,False,high,none,False,"Confirmed Chelsea loan; Meerkat explicitly frames as bench/CL rotation, not a locked XI starter.",transfer_note|meerkat_nailed,https://www.fantasyfootballscout.co.uk/fpl-2026-27-transfer-news-confirmed-summer-signings;https://fpl.page/article/fpl-gw1-predicted-lineups-2627,a,,,,,2,AVL,aligned,,available,none,none,not_role_eligible,,,
Aston Villa,AVL,30,Digne,DEF,Cameo,0.1,0.35,0.55,60,15,False,medium,none,False,Scout starts Maatsen at LB; Digne is the veteran backup/impact option.,scout_xi,https://www.fantasyfootballscout.co.uk/team-news,a,,,,,2,AVL,aligned,,available,none,none,not_role_eligible,,,
Aston Villa,AVL,44,Bailey,MID,Cameo,0.1,0.35,0.55,60,15,False,medium,none,False,Not in Scout XI or Meerkat greens; wide rotation behind Buendía/Garnacho/McGinn.,scout_xi,https://www.fantasyfootballscout.co.uk/team-news,a,,,,,2,AVL,aligned,,available,none,none,not_role_eligible,,,
Aston Villa,AVL,42,Guessand,MID,Cameo,0.1,0.35,0.55,60,15,False,low,single_source,False,Attacking depth only; neither Scout XI nor Meerkat green for early GW starts.,scout_xi,https://www.fantasyfootballscout.co.uk/team-news,a,,,,,2,AVL,aligned,,available,none,none,not_role_eligible,,,
Bournemouth,BOU,57,Petrović,GKP,Nailed Starter,0.9,0.05,0.05,85,20,False,high,none,True,Meerkat green and Scout XI both lock Petrović as Bournemouth No.1.,meerkat_nailed|scout_xi,https://fpl.page/article/fpl-gw1-predicted-lineups-2627;https://www.fantasyfootballscout.co.uk/team-news,a,,,,,3,BOU,aligned,,available,none,none,eligible,,,
Bournemouth,BOU,60,Hill,DEF,Nailed Starter,0.9,0.05,0.05,85,20,False,high,none,True,Dual-source nailed CB after Senesi exit; Scout and Meerkat both start Hill.,meerkat_nailed|scout_xi|transfer_note,https://fpl.page/article/fpl-gw1-predicted-lineups-2627;https://www.fantasyfootballscout.co.uk/team-news;https://www.fantasyfootballscout.co.uk/fpl-2026-27-transfer-news-confirmed-summer-signings,a,,,,,3,BOU,aligned,,available,none,none,eligible,,,
Bournemouth,BOU,61,Truffert,DEF,Nailed Starter,0.9,0.05,0.05,85,20,False,high,none,True,Meerkat green LB and Scout XI starter; clear left-back preference for GW1-5.,meerkat_nailed|scout_xi,https://fpl.page/article/fpl-gw1-predicted-lineups-2627;https://www.fantasyfootballscout.co.uk/team-news,a,,,,,3,BOU,aligned,,available,none,none,eligible,,,
Bournemouth,BOU,69,Scott,MID,Nailed Starter,0.9,0.05,0.05,85,20,False,high,none,True,Meerkat green and Scout double-pivot starter alongside Adams.,meerkat_nailed|scout_xi,https://fpl.page/article/fpl-gw1-predicted-lineups-2627;https://www.fantasyfootballscout.co.uk/team-news,a,,,,,3,BOU,aligned,,available,none,none,eligible,,,
Bournemouth,BOU,73,Adams,MID,Nailed Starter,0.9,0.05,0.05,85,20,False,high,none,True,Meerkat green DM and Scout XI; core midfield with Scott while Christie suspended.,meerkat_nailed|scout_xi,https://fpl.page/article/fpl-gw1-predicted-lineups-2627;https://www.fantasyfootballscout.co.uk/team-news,a,,,,,3,BOU,aligned,,available,none,none,eligible,,,
Bournemouth,BOU,78,Kroupi.Jr,MID,Nailed Starter,0.9,0.05,0.05,85,20,False,high,none,True,Meerkat green and Scout attacking band; FPL web_name Kroupi.Jr matches Scout Kroupi.,meerkat_nailed|scout_xi,https://fpl.page/article/fpl-gw1-predicted-lineups-2627;https://www.fantasyfootballscout.co.uk/team-news,a,,,,,3,BOU,aligned,,available,none,none,eligible,,,
Bournemouth,BOU,68,Tavernier,MID,Nailed Starter,0.9,0.05,0.05,85,20,False,high,none,True,Meerkat green and Scout XI wide/AM starter; early-season attacking lock.,meerkat_nailed|scout_xi,https://fpl.page/article/fpl-gw1-predicted-lineups-2627;https://www.fantasyfootballscout.co.uk/team-news,a,,,,,3,BOU,aligned,,available,none,none,eligible,,,
Bournemouth,BOU,67,Rayan,MID,Nailed Starter,0.9,0.05,0.05,85,20,False,high,none,True,Meerkat green and Scout XI attacker; part of Bournemouth's locked front-three band.,meerkat_nailed|scout_xi,https://fpl.page/article/fpl-gw1-predicted-lineups-2627;https://www.fantasyfootballscout.co.uk/team-news,a,,,,,3,BOU,aligned,,available,none,none,eligible,,,
Bournemouth,BOU,64,Smith,DEF,Regular Starter,0.75,0.1,0.15,80,20,False,medium,none,True,Scout predicted RB; not Meerkat green so capped at Regular.,scout_xi,https://www.fantasyfootballscout.co.uk/team-news,a,,,,,3,BOU,aligned,,available,none,none,eligible,,,
Bournemouth,BOU,62,Diakité,DEF,Regular Starter,0.75,0.1,0.15,80,20,False,medium,none,True,Scout XI CB filling Senesi void; Meerkat notes CB need but did not green Diakité.,scout_xi|transfer_note|meerkat_nailed,https://www.fantasyfootballscout.co.uk/team-news;https://www.fantasyfootballscout.co.uk/fpl-2026-27-transfer-news-confirmed-summer-signings;https://fpl.page/article/fpl-gw1-predicted-lineups-2627,a,,,,,3,BOU,aligned,,available,none,none,eligible,,,
Bournemouth,BOU,79,Evanilson,FWD,Rotation,0.4,0.25,0.35,70,20,False,medium,regular_vs_rotation->rotation,False,"Scout starts Evanilson, but Meerkat flags new ST Alvaro Rodriguez vs Evanilson — competition demotes to Rotation.",scout_xi|meerkat_nailed|transfer_note,https://www.fantasyfootballscout.co.uk/team-news;https://fpl.page/article/fpl-gw1-predicted-lineups-2627;https://www.fantasyfootballscout.co.uk/fpl-2026-27-transfer-news-confirmed-summer-signings,a,,,,,3,BOU,aligned,,available,none,none,not_role_eligible,,,
Bournemouth,BOU,81,Rodríguez,FWD,Rotation,0.4,0.25,0.35,70,20,False,medium,none,False,Confirmed £25.7m striker; Meerkat frames as competing with Evanilson for the No.9 shirt.,transfer_note|meerkat_nailed,https://www.fantasyfootballscout.co.uk/fpl-2026-27-transfer-news-confirmed-summer-signings;https://fpl.page/article/fpl-gw1-predicted-lineups-2627,a,,,,,3,BOU,aligned,,available,none,none,not_role_eligible,,,
Bournemouth,BOU,75,Christie,MID,Rotation,0.25,0.2,0.55,70,20,True,medium,none,False,Scout lists Christie as doubt; API suspended until 29 Aug so early GW starts reduced (override p_start).,scout_xi|api_status,https://www.fantasyfootballscout.co.uk/team-news;data/processed/players.parquet,s,0.0,,Suspended until 29 Aug,2026-07-24T17:30:10.035483Z,3,BOU,aligned,,unavailable,api_unavailable_gw1,high,not_role_eligible,Suspended until 29 Aug,api_status,data/processed/players.parquet
Bournemouth,BOU,70,Kluivert,MID,Cameo,0.1,0.35,0.55,60,15,False,medium,none,False,Neither Meerkat green nor Scout XI; attacking bench behind Tavernier/Kroupi/Rayan.,scout_xi,https://www.fantasyfootballscout.co.uk/team-news,a,,,,,3,BOU,aligned,,available,none,none,not_role_eligible,,,
Bournemouth,BOU,71,Cook,MID,Cameo,0.1,0.35,0.55,60,15,False,medium,none,False,Midfield depth behind Adams/Scott; not in Scout predicted XI.,scout_xi,https://www.fantasyfootballscout.co.uk/team-news,a,,,,,3,BOU,aligned,,available,none,none,not_role_eligible,,,
Bournemouth,BOU,63,Milosavljević,DEF,Cameo,0.1,0.35,0.55,60,15,False,low,single_source,False,CB depth after Senesi exit; Scout prefers Hill/Diakité pairing for early XI.,scout_xi|transfer_note,https://www.fantasyfootballscout.co.uk/team-news;https://www.fantasyfootballscout.co.uk/fpl-2026-27-transfer-news-confirmed-summer-signings,a,,,,,3,BOU,aligned,,available,none,none,not_role_eligible,,,
Brentford,BRE,82,Kelleher,GKP,Nailed Starter,0.9,0.05,0.05,85,20,False,high,none,True,Meerkat green and Scout XI both confirm Kelleher as Brentford No.1.,meerkat_nailed|scout_xi,https://fpl.page/article/fpl-gw1-predicted-lineups-2627;https://www.fantasyfootballscout.co.uk/team-news,a,,,,,4,BRE,aligned,,available,none,none,eligible,,,
Brentford,BRE,84,Collins,DEF,Nailed Starter,0.9,0.05,0.05,85,20,False,high,none,True,Dual-source nailed CB; Scout and Meerkat both start Collins.,meerkat_nailed|scout_xi,https://fpl.page/article/fpl-gw1-predicted-lineups-2627;https://www.fantasyfootballscout.co.uk/team-news,a,,,,,4,BRE,aligned,,available,none,none,eligible,,,
Brentford,BRE,88,Kayode,DEF,Nailed Starter,0.9,0.05,0.05,85,20,False,high,none,True,Meerkat green RB and Scout XI; long-throw set-piece route supports locked starts.,meerkat_nailed|scout_xi,https://fpl.page/article/fpl-gw1-predicted-lineups-2627;https://www.fantasyfootballscout.co.uk/team-news,a,,,,,4,BRE,aligned,,available,none,none,eligible,,,
Brentford,BRE,94,Schade,MID,Nailed Starter,0.9,0.05,0.05,85,20,False,high,none,True,Meerkat green and Scout XI attacker; Anthony noted only as backup.,meerkat_nailed|scout_xi,https://fpl.page/article/fpl-gw1-predicted-lineups-2627;https://www.fantasyfootballscout.co.uk/team-news,a,,,,,4,BRE,aligned,,available,none,none,eligible,,,
Brentford,BRE,95,O.Dango,MID,Nailed Starter,0.9,0.05,0.05,85,20,False,high,none,True,Meerkat green Dango and Scout XI; FPL web_name O.Dango.,meerkat_nailed|scout_xi,https://fpl.page/article/fpl-gw1-predicted-lineups-2627;https://www.fantasyfootballscout.co.uk/team-news,a,,,,,4,BRE,aligned,,available,none,none,eligible,,,
Brentford,BRE,106,Thiago,FWD,Nailed Starter,0.9,0.05,0.05,85,20,False,high,none,True,Meerkat green and Scout lone striker; Wilson arrives as free-transfer backup.,meerkat_nailed|scout_xi|transfer_note,https://fpl.page/article/fpl-gw1-predicted-lineups-2627;https://www.fantasyfootballscout.co.uk/team-news;https://www.fantasyfootballscout.co.uk/fpl-2026-27-transfer-news-confirmed-summer-signings,a,,,,,4,BRE,aligned,,available,none,none,eligible,,,
Brentford,BRE,85,Van den Berg,DEF,Regular Starter,0.75,0.1,0.15,80,20,False,medium,none,True,Scout XI CB alongside Collins; not Meerkat green so Regular.,scout_xi,https://www.fantasyfootballscout.co.uk/team-news,a,,,,,4,BRE,aligned,,available,none,none,eligible,,,
Brentford,BRE,86,Lewis-Potter,MID,Regular Starter,0.75,0.1,0.15,80,20,False,medium,none,True,Scout XI lists as LB; FPL codes him MID — still treated as Regular starter from Scout XI.,scout_xi,https://www.fantasyfootballscout.co.uk/team-news,a,,,,,4,BRE,aligned,,available,none,none,eligible,,,
Brentford,BRE,102,Yarmoliuk,MID,Regular Starter,0.75,0.1,0.15,80,20,False,medium,none,True,Scout midfield starter (Yarmolyuk); FPL web_name Yarmoliuk; not Meerkat green.,scout_xi,https://www.fantasyfootballscout.co.uk/team-news,a,,,,,4,BRE,aligned,,available,none,none,eligible,,,
Brentford,BRE,98,Janelt,MID,Regular Starter,0.75,0.1,0.15,80,20,False,medium,none,True,Scout double-pivot starter with Yarmoliuk; omitted from Meerkat greens.,scout_xi,https://www.fantasyfootballscout.co.uk/team-news,a,,,,,4,BRE,aligned,,available,none,none,eligible,,,
Brentford,BRE,97,Jensen,MID,Regular Starter,0.75,0.1,0.15,80,20,False,medium,none,True,Scout attacking-mid starter between Dango and Schade; not Meerkat green.,scout_xi,https://www.fantasyfootballscout.co.uk/team-news,a,,,,,4,BRE,aligned,,available,none,none,eligible,,,
Brentford,BRE,100,Carvalho,MID,Rotation,0.4,0.25,0.35,70,20,False,medium,none,False,"Scout marks ~25% doubt; API knee injury unknown return — keep Rotation when fit, not permanent demotion.",scout_xi|api_status,https://www.fantasyfootballscout.co.uk/team-news;data/processed/players.parquet,i,0.0,,Knee injury - Unknown return date,2026-07-23T12:01:23.400917Z,4,BRE,aligned,,unavailable,api_unavailable_gw1,high,not_role_eligible,Knee injury - Unknown return date,api_status,data/processed/players.parquet
Brentford,BRE,99,Milambo,MID,Rotation,0.4,0.25,0.35,70,20,False,medium,none,False,Scout ~25% doubt midfielder; API knee at 75% chance — Rotation when available behind Janelt/Yarmoliuk.,scout_xi|api_status,https://www.fantasyfootballscout.co.uk/team-news;data/processed/players.parquet,d,75.0,,Knee injury - 75% chance of playing,2026-07-23T12:01:23.384798Z,4,BRE,aligned,,doubt,api_doubt_gw1,medium,not_role_eligible,Knee injury - 75% chance of playing,api_status,data/processed/players.parquet
Brentford,BRE,105,Anthony,MID,Cameo,0.1,0.35,0.55,60,15,False,medium,none,False,Confirmed £15m signing; Meerkat explicitly lists Anthony as backup to Schade/Dango band.,transfer_note|meerkat_nailed,https://www.fantasyfootballscout.co.uk/fpl-2026-27-transfer-news-confirmed-summer-signings;https://fpl.page/article/fpl-gw1-predicted-lineups-2627,a,,,,,4,BRE,aligned,,available,none,none,not_role_eligible,,,
Brentford,BRE,93,Schuster,DEF,Cameo,0.1,0.35,0.55,60,15,False,medium,none,False,"Confirmed May signing; Meerkat lists Schuster as defensive backup, not XI contention starter.",transfer_note|meerkat_nailed,https://www.fantasyfootballscout.co.uk/fpl-2026-27-transfer-news-confirmed-summer-signings;https://fpl.page/article/fpl-gw1-predicted-lineups-2627,a,,,,,4,BRE,aligned,,available,none,none,not_role_eligible,,,
Brentford,BRE,96,Damsgaard,MID,Cameo,0.1,0.35,0.55,60,15,False,medium,none,False,Creative depth outside Scout XI; competes with Jensen for advanced mid minutes.,scout_xi,https://www.fantasyfootballscout.co.uk/team-news,a,,,,,4,BRE,aligned,,available,none,none,not_role_eligible,,,
Brentford,BRE,108,Wilson,FWD,Cameo,0.1,0.35,0.55,60,15,False,medium,none,False,Free signing Callum Wilson; backup to nailed Thiago rather than early draft starter.,transfer_note|scout_xi,https://www.fantasyfootballscout.co.uk/fpl-2026-27-transfer-news-confirmed-summer-signings;https://www.fantasyfootballscout.co.uk/team-news,a,,,,,4,BRE,aligned,,available,none,none,not_role_eligible,,,
Brighton,BHA,109,Verbruggen,GKP,Nailed Starter,0.9,0.05,0.05,85,20,False,high,none,True,Meerkat green and Scout XI both lock Verbruggen in goal.,meerkat_nailed|scout_xi,https://fpl.page/article/fpl-gw1-predicted-lineups-2627;https://www.fantasyfootballscout.co.uk/team-news,a,,,,,5,BHA,aligned,,available,none,none,eligible,,,
Brighton,BHA,113,F.Kadıoğlu,DEF,Nailed Starter,0.9,0.05,0.05,85,20,False,high,none,True,Meerkat green Kadioglu and Scout XI RB/RWB; FPL web_name F.Kadıoğlu.,meerkat_nailed|scout_xi,https://fpl.page/article/fpl-gw1-predicted-lineups-2627;https://www.fantasyfootballscout.co.uk/team-news,a,,,,,5,BHA,aligned,,available,none,none,eligible,,,
Brighton,BHA,116,Dunk,DEF,Nailed Starter,0.9,0.05,0.05,85,20,False,high,none,True,Dual-source nailed CB; Scout and Meerkat both start Dunk.,meerkat_nailed|scout_xi,https://fpl.page/article/fpl-gw1-predicted-lineups-2627;https://www.fantasyfootballscout.co.uk/team-news,a,,,,,5,BHA,aligned,,available,none,none,eligible,,,
Brighton,BHA,504,Vuskovic,DEF,Nailed Starter,0.9,0.05,0.05,85,20,False,high,none,True,Confirmed £46m CB from Spurs; Meerkat green and Scout XI both start Vuskovic.,meerkat_nailed|scout_xi|transfer_note,https://fpl.page/article/fpl-gw1-predicted-lineups-2627;https://www.fantasyfootballscout.co.uk/team-news;https://www.fantasyfootballscout.co.uk/fpl-2026-27-transfer-news-confirmed-summer-signings,a,,,,,5,BHA,aligned,,available,none,none,eligible,,,
Brighton,BHA,124,Groß,MID,Nailed Starter,0.9,0.05,0.05,85,20,False,high,none,True,Meerkat green and Scout XI; Meerkat calls Gross the only absolute nailed piece in Brighton attack.,meerkat_nailed|scout_xi,https://fpl.page/article/fpl-gw1-predicted-lineups-2627;https://www.fantasyfootballscout.co.uk/team-news,a,,,,,5,BHA,aligned,,available,none,none,eligible,,,
Brighton,BHA,130,Wieffer,DEF,Regular Starter,0.75,0.1,0.15,80,20,False,medium,nailed_vs_regular->regular,True,Meerkat greens Wieffer but Scout midfield starts Baleba/Groß instead; conflict demotes. FPL lists Wieffer as DEF.,meerkat_nailed|scout_xi,https://fpl.page/article/fpl-gw1-predicted-lineups-2627;https://www.fantasyfootballscout.co.uk/team-news,a,,,,,5,BHA,aligned,,available,none,none,eligible,,,
Brighton,BHA,131,Baleba,MID,Regular Starter,0.75,0.1,0.15,80,20,False,medium,none,True,Scout XI midfielder opposite Groß; Meerkat prefers Wieffer green so Baleba stays Regular.,scout_xi,https://www.fantasyfootballscout.co.uk/team-news,a,,,,,5,BHA,aligned,,available,none,none,eligible,,,
Brighton,BHA,115,De Cuyper,DEF,Regular Starter,0.75,0.1,0.15,80,20,False,medium,none,True,Scout predicted LB; not Meerkat green and shares left-side depth with new arrivals.,scout_xi,https://www.fantasyfootballscout.co.uk/team-news,a,,,,,5,BHA,aligned,,available,none,none,eligible,,,
Brighton,BHA,127,Gomez,MID,Rotation,0.4,0.25,0.35,70,20,False,medium,regular_vs_rotation->rotation,False,"Scout XI attacker, but Meerkat says attack rotates with Gross sole absolute nailed piece — demoted to Rotation.",scout_xi|meerkat_nailed,https://www.fantasyfootballscout.co.uk/team-news;https://fpl.page/article/fpl-gw1-predicted-lineups-2627,a,,,,,5,BHA,aligned,,available,none,none,not_role_eligible,,,
Brighton,BHA,123,Hinshelwood,MID,Rotation,0.4,0.25,0.35,70,20,False,medium,regular_vs_rotation->rotation,False,Scout XI midfielder caught by Meerkat attack-rotation note; Conference League adds later minutes risk.,scout_xi|meerkat_nailed,https://www.fantasyfootballscout.co.uk/team-news;https://fpl.page/article/fpl-gw1-predicted-lineups-2627,a,,,,,5,BHA,aligned,,available,none,none,not_role_eligible,,,
Brighton,BHA,122,Minteh,MID,Rotation,0.4,0.25,0.35,70,20,False,medium,regular_vs_rotation->rotation,False,"Scout wide starter, but Meerkat flags rotating attack; Mitoma return would further share minutes.",scout_xi|meerkat_nailed,https://www.fantasyfootballscout.co.uk/team-news;https://fpl.page/article/fpl-gw1-predicted-lineups-2627,a,,,,,5,BHA,aligned,,available,none,none,not_role_eligible,,,
Brighton,BHA,136,Welbeck,FWD,Rotation,0.4,0.25,0.35,70,20,False,medium,regular_vs_rotation->rotation,False,"Scout still starts Welbeck, but Meerkat says he is leaving and opens the No.9; kept Rotation while still on BHA roster.",scout_xi|meerkat_nailed,https://www.fantasyfootballscout.co.uk/team-news;https://fpl.page/article/fpl-gw1-predicted-lineups-2627,a,,,,,5,BHA,aligned,,available,none,none,not_role_eligible,,,
Brighton,BHA,121,Mitoma,MID,Rotation,0.4,0.25,0.35,70,20,False,medium,none,False,Scout ~25% doubt wide option; API hamstring unknown return — keep Rotation when fit vs Minteh/Gomez.,scout_xi|api_status,https://www.fantasyfootballscout.co.uk/team-news;data/processed/players.parquet,i,0.0,,Hamstring injury - Unknown return date,2026-07-24T18:30:10.661894Z,5,BHA,aligned,,unavailable,api_unavailable_gw1,high,not_role_eligible,Hamstring injury - Unknown return date,api_status,data/processed/players.parquet
Brighton,BHA,137,Tzimas,FWD,Rotation,0.4,0.25,0.35,70,20,False,medium,none,False,Scout ~25% doubt for No.9 if Welbeck leaves; API knee at 75% chance — Rotation when available.,scout_xi|meerkat_nailed|api_status,https://www.fantasyfootballscout.co.uk/team-news;https://fpl.page/article/fpl-gw1-predicted-lineups-2627;data/processed/players.parquet,d,75.0,,Knee injury - 75% chance of playing,2026-07-23T12:01:23.432796Z,5,BHA,aligned,,doubt,api_doubt_gw1,medium,not_role_eligible,Knee injury - 75% chance of playing,api_status,data/processed/players.parquet
Brighton,BHA,328,Struijk,DEF,Cameo,0.1,0.35,0.55,60,15,False,high,none,False,Confirmed £20m signing from Leeds; Meerkat explicitly benches Struijk behind Dunk/Vuskovic.,transfer_note|meerkat_nailed,https://www.fantasyfootballscout.co.uk/fpl-2026-27-transfer-news-confirmed-summer-signings;https://fpl.page/article/fpl-gw1-predicted-lineups-2627,a,,,,,5,BHA,aligned,,available,none,none,not_role_eligible,,,
Brighton,BHA,125,Georginio,FWD,Cameo,0.1,0.35,0.55,60,15,False,medium,none,False,Attack rotation depth for the open No.9; neither Scout XI nor Meerkat green.,scout_xi|meerkat_nailed,https://www.fantasyfootballscout.co.uk/team-news;https://fpl.page/article/fpl-gw1-predicted-lineups-2627,a,,,,,5,BHA,aligned,,available,none,none,not_role_eligible,,,
Brighton,BHA,129,Ayari,MID,Cameo,0.1,0.35,0.55,60,15,False,low,single_source,False,Midfield depth/cameo only; Scout prefers Baleba/Groß/Hinshelwood band for early XI.,scout_xi,https://www.fantasyfootballscout.co.uk/team-news,a,,,,,5,BHA,aligned,,available,none,none,not_role_eligible,,,
Chelsea,CHE,140,Sánchez,GKP,Nailed Starter,0.9,0.05,0.05,85,20,False,high,none,True,Meerkat green and Scout XI #1; clear GK hierarchy over Jörgensen/Penders.,meerkat_nailed|scout_xi,https://fpl.page/article/fpl-gw1-predicted-lineups-2627;https://www.fantasyfootballscout.co.uk/team-news,a,,,,,6,CHE,aligned,,available,none,none,eligible,,,
Chelsea,CHE,149,Colwill,DEF,Nailed Starter,0.9,0.05,0.05,85,20,False,high,none,True,Meerkat green and Scout XI CB; core of Alonso backline regardless of back4/back5.,meerkat_nailed|scout_xi,https://fpl.page/article/fpl-gw1-predicted-lineups-2627;https://www.fantasyfootballscout.co.uk/team-news,a,,,,,6,CHE,aligned,,available,none,none,eligible,,,
Chelsea,CHE,200,Lacroix,DEF,Nailed Starter,0.9,0.05,0.05,85,20,False,medium,none,True,Meerkat greens Lacroix* at Chelsea; Scout (~21 Jul) predated £52m CRY→CHE move (30 Jul). API still lists CRY.,meerkat_nailed|transfer_note|api_status,https://fpl.page/article/fpl-gw1-predicted-lineups-2627;https://www.fantasyfootballscout.co.uk/fpl-2026-27-transfer-news-confirmed-summer-signings;data/processed/players.parquet,a,,,,,8,CRY,pending_transfer,Reported Crystal Palace → Chelsea transfer; local FPL roster still has CRY club_id.,available,none,none,eligible,,,
Chelsea,CHE,142,James,DEF,Regular Starter,0.75,0.1,0.15,80,20,False,medium,nailed_vs_regular->regular,True,Meerkat nails James (RCB in back5); Scout XI prefers Gusto at RB. Demote Nailed→Regular on formation conflict.,meerkat_nailed|scout_xi,https://fpl.page/article/fpl-gw1-predicted-lineups-2627;https://www.fantasyfootballscout.co.uk/team-news,a,,,,,6,CHE,aligned,,available,none,none,eligible,,,
Chelsea,CHE,155,Enzo,MID,Regular Starter,0.75,0.1,0.15,80,20,False,medium,nailed_vs_regular->regular,True,Meerkat nails Enzo; Scout XI starts Lavia beside Caicedo instead. Demote Nailed→Regular.,meerkat_nailed|scout_xi,https://fpl.page/article/fpl-gw1-predicted-lineups-2627;https://www.fantasyfootballscout.co.uk/team-news,a,,,,,6,CHE,aligned,,available,none,none,eligible,,,
Chelsea,CHE,159,Caicedo,MID,Nailed Starter,0.9,0.05,0.05,85,20,False,high,none,True,Meerkat green and Scout XI midfield pivot; dual-source agreement.,meerkat_nailed|scout_xi,https://fpl.page/article/fpl-gw1-predicted-lineups-2627;https://www.fantasyfootballscout.co.uk/team-news,a,,,,,6,CHE,aligned,,available,none,none,eligible,,,
Chelsea,CHE,40,Rogers,MID,Nailed Starter,0.9,0.05,0.05,85,20,False,medium,none,True,£117m AVL→CHE; Meerkat greens Rogers to slot straight in. Scout XI (~21 Jul) predates full integration.,meerkat_nailed|transfer_note,https://fpl.page/article/fpl-gw1-predicted-lineups-2627;https://www.fantasyfootballscout.co.uk/fpl-2026-27-transfer-news-confirmed-summer-signings,a,,,,,6,CHE,aligned,,available,none,none,eligible,,,
Chelsea,CHE,154,Palmer,MID,Nailed Starter,0.9,0.05,0.05,85,20,False,high,none,True,Meerkat green and Scout XI creator; no Europe boosts minutes reliability GW1–5.,meerkat_nailed|scout_xi,https://fpl.page/article/fpl-gw1-predicted-lineups-2627;https://www.fantasyfootballscout.co.uk/team-news,a,,,,,6,CHE,aligned,,available,none,none,eligible,,,
Chelsea,CHE,165,João Pedro,FWD,Nailed Starter,0.9,0.05,0.05,85,20,False,high,none,True,Meerkat green and Scout XI striker; primary CF over Delap/Jackson.,meerkat_nailed|scout_xi,https://fpl.page/article/fpl-gw1-predicted-lineups-2627;https://www.fantasyfootballscout.co.uk/team-news,a,,,,,6,CHE,aligned,,available,none,none,eligible,,,
Chelsea,CHE,148,Hato,DEF,Regular Starter,0.75,0.1,0.15,80,20,False,medium,none,True,Scout XI LB after Cucurella exit; Meerkat flags no natural LWB so Hato is default left-side cover.,scout_xi|transfer_note,https://www.fantasyfootballscout.co.uk/team-news;https://www.fantasyfootballscout.co.uk/fpl-2026-27-transfer-news-confirmed-summer-signings,a,,,,,6,CHE,aligned,,available,none,none,eligible,,,
Chelsea,CHE,144,Gusto,DEF,Rotation,0.4,0.25,0.35,70,20,False,medium,regular_vs_rotation->rotation,False,"Scout XI RB, but Meerkat has James/Palestra RWB paths. Scout Regular vs formation Rotation → Rotation.",scout_xi|meerkat_nailed,https://www.fantasyfootballscout.co.uk/team-news;https://fpl.page/article/fpl-gw1-predicted-lineups-2627,a,,,,,6,CHE,aligned,,available,none,none,not_role_eligible,,,
Chelsea,CHE,147,Tosin,DEF,Rotation,0.4,0.25,0.35,70,20,False,medium,regular_vs_rotation->rotation,False,Scout XI CB; Lacroix arrival and Colwill/James CB options make starts shared. Demote to Rotation.,scout_xi|transfer_note,https://www.fantasyfootballscout.co.uk/team-news;https://www.fantasyfootballscout.co.uk/fpl-2026-27-transfer-news-confirmed-summer-signings,a,,,,,6,CHE,aligned,,available,none,none,not_role_eligible,,,
Chelsea,CHE,152,Palestra,DEF,Rotation,0.4,0.25,0.35,70,20,False,medium,none,False,£47m Atalanta RWB; Meerkat says starts in back5 while James shifts RCB. Shares minutes with Gusto/James.,transfer_note|meerkat_nailed,https://www.fantasyfootballscout.co.uk/fpl-2026-27-transfer-news-confirmed-summer-signings;https://fpl.page/article/fpl-gw1-predicted-lineups-2627,a,,,,,6,CHE,aligned,,available,none,none,not_role_eligible,,,
Chelsea,CHE,161,Lavia,MID,Rotation,0.4,0.25,0.35,70,20,False,medium,regular_vs_rotation->rotation,False,Scout XI midfield; Meerkat prefers Enzo+Caicedo nailed pair. Regular vs Rotation → Rotation.,scout_xi|meerkat_nailed,https://www.fantasyfootballscout.co.uk/team-news;https://fpl.page/article/fpl-gw1-predicted-lineups-2627,a,,,,,6,CHE,aligned,,available,none,none,not_role_eligible,,,
Chelsea,CHE,156,Neto,MID,Rotation,0.4,0.25,0.35,70,20,False,medium,regular_vs_rotation->rotation,False,Scout XI wide; Meerkat nails Rogers/Palmer and flags Neto not as LWB. Wide spots rotate with Gittens/Quenda.,scout_xi|meerkat_nailed,https://www.fantasyfootballscout.co.uk/team-news;https://fpl.page/article/fpl-gw1-predicted-lineups-2627,a,,,,,6,CHE,aligned,,available,none,none,not_role_eligible,,,
Chelsea,CHE,158,Gittens,MID,Rotation,0.4,0.25,0.35,70,20,False,medium,regular_vs_rotation->rotation,False,Scout XI attacker; competes with Neto/Quenda/Estevão for wide minutes under formation flips.,scout_xi,https://www.fantasyfootballscout.co.uk/team-news,a,,,,,6,CHE,aligned,,available,none,none,not_role_eligible,,,
Chelsea,CHE,164,Quenda,MID,Rotation,0.4,0.25,0.35,70,20,False,low,none,False,£40m Sporting signing; Meerkat says likelier in back4. API doubt (75% chance) softens early-band lock.,transfer_note|meerkat_nailed|api_status,https://www.fantasyfootballscout.co.uk/fpl-2026-27-transfer-news-confirmed-summer-signings;https://fpl.page/article/fpl-gw1-predicted-lineups-2627;data/processed/players.parquet,d,75.0,,Unspecified injury - 75% chance of playing,2026-07-24T20:30:10.609931Z,6,CHE,aligned,,doubt,api_doubt_gw1,medium,not_role_eligible,Unspecified injury - 75% chance of playing,api_status,data/processed/players.parquet
Chelsea,CHE,157,Estêvão,MID,Cameo,0.1,0.35,0.55,60,15,False,medium,none,False,Attacking depth behind Palmer/Rogers/Neto; realistic late Sub-in path only GW1–5.,scout_xi,https://www.fantasyfootballscout.co.uk/team-news,a,,,,,6,CHE,aligned,,available,none,none,not_role_eligible,,,
Coventry City,COV,172,Wilson,GKP,Regular Starter,0.75,0.1,0.15,80,20,False,low,single_source,True,No Scout page; £4.5m GK listed ahead of Dovin suggests #1. Meerkat silent on GK — low confidence.,api_status,data/processed/players.parquet,a,,,,,7,COV,aligned,,available,none,none,eligible,,,
Coventry City,COV,182,Amenda,DEF,Regular Starter,0.75,0.1,0.15,80,20,False,medium,single_source,True,£17m Frankfurt CB; Meerkat expects Amenda into the side. No Scout XI for Coventry.,meerkat_nailed|transfer_note,https://fpl.page/article/fpl-gw1-predicted-lineups-2627;https://www.fantasyfootballscout.co.uk/fpl-2026-27-transfer-news-confirmed-summer-signings,a,,,,,7,COV,aligned,,available,none,none,eligible,,,
Coventry City,COV,173,Thomas,DEF,Regular Starter,0.75,0.1,0.15,80,20,False,low,single_source,True,Established Coventry CB likely to partner Amenda; inferred from roster hierarchy without Scout.,api_status,data/processed/players.parquet,a,,,,,7,COV,aligned,,available,none,none,eligible,,,
Coventry City,COV,175,van Ewijk,DEF,Regular Starter,0.75,0.1,0.15,80,20,False,low,single_source,True,Primary RB profile in roster; no Meerkat green or Scout — single-source inference.,api_status,data/processed/players.parquet,a,,,,,7,COV,aligned,,available,none,none,eligible,,,
Coventry City,COV,174,Kitching,DEF,Rotation,0.4,0.25,0.35,70,20,False,low,single_source,False,CB/LB competition with Amenda/Thomas/Brau; realistic starts but not locked.,api_status,data/processed/players.parquet,a,,,,,7,COV,aligned,,available,none,none,not_role_eligible,,,
Coventry City,COV,176,Dasilva,DEF,Rotation,0.4,0.25,0.35,70,20,False,low,single_source,False,Full-back depth competing with van Ewijk/Bidwell for starts.,api_status,data/processed/players.parquet,a,,,,,7,COV,aligned,,available,none,none,not_role_eligible,,,
Coventry City,COV,190,Tchaouna,MID,Regular Starter,0.75,0.1,0.15,80,20,False,medium,single_source,True,£20m Burnley signing; Meerkat expects Tchaouna into the side. No Scout corroboration.,meerkat_nailed|transfer_note,https://fpl.page/article/fpl-gw1-predicted-lineups-2627;https://www.fantasyfootballscout.co.uk/fpl-2026-27-transfer-news-confirmed-summer-signings,a,,,,,7,COV,aligned,,available,none,none,eligible,,,
Coventry City,COV,188,Torp,MID,Regular Starter,0.75,0.1,0.15,80,20,False,low,single_source,True,£5.5m midfielder priced as core; inferred starter without Scout/Meerkat green.,api_status,data/processed/players.parquet,a,,,,,7,COV,aligned,,available,none,none,eligible,,,
Coventry City,COV,186,Mason-Clark,MID,Regular Starter,0.75,0.1,0.15,80,20,False,low,single_source,True,Highest-priced Coventry attacker/mid (£5.5m); presumed wide starter from pricing/roster.,api_status,data/processed/players.parquet,a,,,,,7,COV,aligned,,available,none,none,eligible,,,
Coventry City,COV,104,Onyeka,MID,Regular Starter,0.75,0.1,0.15,80,20,False,low,single_source,True,£6.8m Brentford→COV; adds midfield minutes but Meerkat only named Tchaouna/Amenda.,transfer_note,https://www.fantasyfootballscout.co.uk/fpl-2026-27-transfer-news-confirmed-summer-signings,a,,,,,7,COV,aligned,,available,none,none,eligible,,,
Coventry City,COV,184,Grimes,MID,Regular Starter,0.75,0.1,0.15,80,20,False,low,single_source,True,Club captain / midfield organiser profile; likely sits deep when fit.,api_status,data/processed/players.parquet,a,,,,,7,COV,aligned,,available,none,none,eligible,,,
Coventry City,COV,185,Sakamoto,MID,Rotation,0.4,0.25,0.35,70,20,False,low,single_source,False,Wide/mid competition with Mason-Clark/Tchaouna; shared minutes expected.,api_status,data/processed/players.parquet,a,,,,,7,COV,aligned,,available,none,none,not_role_eligible,,,
Coventry City,COV,187,Eccles,MID,Rotation,0.4,0.25,0.35,70,20,False,low,single_source,False,Central mid depth behind Grimes/Torp/Onyeka.,api_status,data/processed/players.parquet,a,,,,,7,COV,aligned,,available,none,none,not_role_eligible,,,
Coventry City,COV,183,Rudoni,MID,Rotation,0.4,0.25,0.35,70,20,False,low,single_source,False,Key mid when fit; API shoulder doubt (75%) keeps him Rotation not Regular for GW1–5.,api_status,data/processed/players.parquet,d,75.0,,Shoulder injury - 75% chance of playing,2026-07-23T12:01:23.481435Z,7,COV,aligned,,doubt,api_doubt_gw1,medium,not_role_eligible,Shoulder injury - 75% chance of playing,api_status,data/processed/players.parquet
Coventry City,COV,193,Wright,FWD,Regular Starter,0.75,0.1,0.15,80,20,False,low,single_source,True,£5.5m lead striker pricing; no Scout/Meerkat ST call — inferred default 9.,api_status,data/processed/players.parquet,a,,,,,7,COV,aligned,,available,none,none,eligible,,,
Coventry City,COV,194,Thomas-Asante,FWD,Rotation,0.4,0.25,0.35,70,20,False,low,single_source,False,Competes with Wright/Simms for CF minutes.,api_status,data/processed/players.parquet,a,,,,,7,COV,aligned,,available,none,none,not_role_eligible,,,
Coventry City,COV,195,Simms,FWD,Rotation,0.4,0.25,0.35,70,20,False,low,single_source,False,Forward rotation option behind Wright.,api_status,data/processed/players.parquet,a,,,,,7,COV,aligned,,available,none,none,not_role_eligible,,,
Coventry City,COV,196,Markelo,FWD,Cameo,0.1,0.35,0.55,60,15,False,low,single_source,False,Attacking depth; late Sub-in path only.,api_status,data/processed/players.parquet,a,,,,,7,COV,aligned,,available,none,none,not_role_eligible,,,
Crystal Palace,CRY,198,Henderson,GKP,Nailed Starter,0.9,0.05,0.05,85,20,False,high,none,True,Meerkat green and Scout XI #1; dual-source GK lock.,meerkat_nailed|scout_xi,https://fpl.page/article/fpl-gw1-predicted-lineups-2627;https://www.fantasyfootballscout.co.uk/team-news,a,,,,,8,CRY,aligned,,available,none,none,eligible,,,
Crystal Palace,CRY,202,Richards,DEF,Nailed Starter,0.9,0.05,0.05,85,20,False,high,none,True,Meerkat green and Scout XI CB; remains after Lacroix exit.,meerkat_nailed|scout_xi,https://fpl.page/article/fpl-gw1-predicted-lineups-2627;https://www.fantasyfootballscout.co.uk/team-news,a,,,,,8,CRY,aligned,,available,none,none,eligible,,,
Crystal Palace,CRY,204,Mitchell,DEF,Nailed Starter,0.9,0.05,0.05,85,20,False,high,none,True,Meerkat green and Scout XI LB; dual-source agreement.,meerkat_nailed|scout_xi,https://fpl.page/article/fpl-gw1-predicted-lineups-2627;https://www.fantasyfootballscout.co.uk/team-news,a,,,,,8,CRY,aligned,,available,none,none,eligible,,,
Crystal Palace,CRY,201,Muñoz,DEF,Nailed Starter,0.9,0.05,0.05,85,20,False,high,none,True,Meerkat green and Scout XI RB; dual-source agreement.,meerkat_nailed|scout_xi,https://fpl.page/article/fpl-gw1-predicted-lineups-2627;https://www.fantasyfootballscout.co.uk/team-news,a,,,,,8,CRY,aligned,,available,none,none,eligible,,,
Crystal Palace,CRY,208,Sarr,MID,Nailed Starter,0.9,0.05,0.05,85,20,False,high,none,True,Meerkat green and Scout XI attacker; primary wide/AM lock.,meerkat_nailed|scout_xi,https://fpl.page/article/fpl-gw1-predicted-lineups-2627;https://www.fantasyfootballscout.co.uk/team-news,a,,,,,8,CRY,aligned,,available,none,none,eligible,,,
Crystal Palace,CRY,203,Canvot,DEF,Regular Starter,0.75,0.1,0.15,80,20,False,medium,none,True,"Scout XI CB beside Lacroix; with Lacroix→CHE, Canvot is default partner for Richards pending Mingueza push.",scout_xi|transfer_note,https://www.fantasyfootballscout.co.uk/team-news;https://www.fantasyfootballscout.co.uk/fpl-2026-27-transfer-news-confirmed-summer-signings,a,,,,,8,CRY,aligned,,available,none,none,eligible,,,
Crystal Palace,CRY,214,Kamada,MID,Regular Starter,0.75,0.1,0.15,80,20,False,medium,none,True,Scout XI midfield; not Meerkat-green but clear XI contention before EL rotation bites.,scout_xi,https://www.fantasyfootballscout.co.uk/team-news,a,,,,,8,CRY,aligned,,available,none,none,eligible,,,
Crystal Palace,CRY,210,Wharton,MID,Regular Starter,0.75,0.1,0.15,80,20,False,medium,none,True,Scout XI midfielder; API ankle doubt (75%) — keep Regular not Nailed for early band.,scout_xi|api_status,https://www.fantasyfootballscout.co.uk/team-news;data/processed/players.parquet,d,75.0,,Ankle injury - 75% chance of playing,2026-07-23T12:01:23.498963Z,8,CRY,aligned,,doubt,api_doubt_gw1,medium,watch,Ankle injury - 75% chance of playing,api_status,data/processed/players.parquet
Crystal Palace,CRY,211,Yeremy,MID,Regular Starter,0.75,0.1,0.15,80,20,False,medium,none,True,Scout XI lists Pino (web_name Yeremy); attacking band partner for Sarr.,scout_xi,https://www.fantasyfootballscout.co.uk/team-news,a,,,,,8,CRY,aligned,,available,none,none,eligible,,,
Crystal Palace,CRY,222,Strand Larsen,FWD,Regular Starter,0.75,0.1,0.15,80,20,False,medium,none,True,Scout XI #9 ahead of Mateta; primary CF for GW1–5 pending EL rotation.,scout_xi,https://www.fantasyfootballscout.co.uk/team-news,a,,,,,8,CRY,aligned,,available,none,none,eligible,,,
Crystal Palace,CRY,207,Mingueza,DEF,Rotation,0.4,0.25,0.35,70,20,False,medium,none,False,Free Celta signing; CB/WB depth as Lacroix replacement candidate vs Canvot.,transfer_note|scout_xi,https://www.fantasyfootballscout.co.uk/fpl-2026-27-transfer-news-confirmed-summer-signings;https://www.fantasyfootballscout.co.uk/team-news,a,,,,,8,CRY,aligned,,available,none,none,not_role_eligible,,,
Crystal Palace,CRY,223,Mateta,FWD,Rotation,0.4,0.25,0.35,70,20,False,medium,regular_vs_rotation->rotation,False,Club talisman but Scout XI prefers Strand Larsen. Regular history vs Scout Rotation → Rotation.,scout_xi,https://www.fantasyfootballscout.co.uk/team-news,a,,,,,8,CRY,aligned,,available,none,none,not_role_eligible,,,
Crystal Palace,CRY,209,Johnson,MID,Rotation,0.4,0.25,0.35,70,20,False,medium,none,False,Attacking competition with Sarr/Yeremy; EL fixtures raise rotation risk (Meerkat).,meerkat_nailed|scout_xi,https://fpl.page/article/fpl-gw1-predicted-lineups-2627;https://www.fantasyfootballscout.co.uk/team-news,a,,,,,8,CRY,aligned,,available,none,none,not_role_eligible,,,
Crystal Palace,CRY,213,Lerma,MID,Rotation,0.4,0.25,0.35,70,20,False,low,none,False,Midfield depth behind Wharton/Kamada; shares starts.,scout_xi,https://www.fantasyfootballscout.co.uk/team-news,a,,,,,8,CRY,aligned,,available,none,none,not_role_eligible,,,
Crystal Palace,CRY,216,Esse,MID,Cameo,0.1,0.35,0.55,60,15,False,low,none,False,Bench attacker with late Sub-in path.,scout_xi,https://www.fantasyfootballscout.co.uk/team-news,a,,,,,8,CRY,aligned,,available,none,none,not_role_eligible,,,
Crystal Palace,CRY,224,Nketiah,FWD,Cameo,0.1,0.35,0.55,60,15,False,low,none,False,CF depth behind Strand Larsen/Mateta.,scout_xi,https://www.fantasyfootballscout.co.uk/team-news,a,,,,,8,CRY,aligned,,available,none,none,not_role_eligible,,,
Crystal Palace,CRY,215,Devenny,MID,Cameo,0.1,0.35,0.55,60,15,False,low,none,False,Fringe mid/attacker minutes only.,scout_xi,https://www.fantasyfootballscout.co.uk/team-news,a,,,,,8,CRY,aligned,,available,none,none,not_role_eligible,,,
Everton,EVE,226,Pickford,GKP,Nailed Starter,0.9,0.05,0.05,85,20,False,high,none,True,Meerkat green and Scout XI #1; undisputed GK.,meerkat_nailed|scout_xi,https://fpl.page/article/fpl-gw1-predicted-lineups-2627;https://www.fantasyfootballscout.co.uk/team-news,a,,,,,9,EVE,aligned,,available,none,none,eligible,,,
Everton,EVE,229,Tarkowski,DEF,Nailed Starter,0.9,0.05,0.05,85,20,False,high,none,True,Meerkat green and Scout XI; Meerkat calls him the only certain CB.,meerkat_nailed|scout_xi,https://fpl.page/article/fpl-gw1-predicted-lineups-2627;https://www.fantasyfootballscout.co.uk/team-news,a,,,,,9,EVE,aligned,,available,none,none,eligible,,,
Everton,EVE,239,Garner,MID,Regular Starter,0.75,0.1,0.15,80,20,False,medium,nailed_vs_regular->regular,True,"Meerkat nails Garner and Scout starts him, but API groin injury (back ~22 Aug). Demote Nailed→Regular for GW1 risk.",meerkat_nailed|scout_xi|api_status,https://fpl.page/article/fpl-gw1-predicted-lineups-2627;https://www.fantasyfootballscout.co.uk/team-news;data/processed/players.parquet,i,0.0,,Groin injury - Expected back 22 Aug,2026-07-25T14:30:10.455878Z,9,EVE,aligned,,unavailable,api_unavailable_gw1,high,exclude_gw1,Groin injury - Expected back 22 Aug,api_status,data/processed/players.parquet
Everton,EVE,236,Dewsbury-Hall,MID,Nailed Starter,0.9,0.05,0.05,85,20,False,high,none,True,Meerkat green and Scout XI #10; dual-source creative lock.,meerkat_nailed|scout_xi,https://fpl.page/article/fpl-gw1-predicted-lineups-2627;https://www.fantasyfootballscout.co.uk/team-news,a,,,,,9,EVE,aligned,,available,none,none,eligible,,,
Everton,EVE,237,Ndiaye,MID,Nailed Starter,0.9,0.05,0.05,85,20,False,medium,none,True,Meerkat green and Scout XI; exit rumour noted — still nailed until move materialises; George is contingency.,meerkat_nailed|scout_xi,https://fpl.page/article/fpl-gw1-predicted-lineups-2627;https://www.fantasyfootballscout.co.uk/team-news,a,,,,,9,EVE,aligned,,available,none,none,eligible,,,
Everton,EVE,232,O'Brien,DEF,Regular Starter,0.75,0.1,0.15,80,20,False,medium,none,True,Scout XI RB/CB; Meerkat notes defence flexible but O’Brien still default Scout starter.,scout_xi,https://www.fantasyfootballscout.co.uk/team-news,a,,,,,9,EVE,aligned,,available,none,none,eligible,,,
Everton,EVE,233,Mykolenko,DEF,Regular Starter,0.75,0.1,0.15,80,20,False,medium,none,True,"Scout XI LB; Branthwaite can cover left side so not Meerkat-green, still Regular default.",scout_xi|meerkat_nailed,https://www.fantasyfootballscout.co.uk/team-news;https://fpl.page/article/fpl-gw1-predicted-lineups-2627,a,,,,,9,EVE,aligned,,available,none,none,eligible,,,
Everton,EVE,246,Röhl,MID,Regular Starter,0.75,0.1,0.15,80,20,False,medium,none,True,Scout XI wide mid; Meerkat says club kept Röhl after right-side run late last season.,scout_xi|transfer_note,https://www.fantasyfootballscout.co.uk/team-news;https://www.fantasyfootballscout.co.uk/fpl-2026-27-transfer-news-confirmed-summer-signings,a,,,,,9,EVE,aligned,,available,none,none,eligible,,,
Everton,EVE,247,Hackney,MID,Regular Starter,0.75,0.1,0.15,80,20,False,medium,none,True,£16m Boro signing; Meerkat frames Hackney as Gueye replacement in midfield.,meerkat_nailed|transfer_note,https://fpl.page/article/fpl-gw1-predicted-lineups-2627;https://www.fantasyfootballscout.co.uk/fpl-2026-27-transfer-news-confirmed-summer-signings,a,,,,,9,EVE,aligned,,available,none,none,eligible,,,
Everton,EVE,248,Beto,FWD,Regular Starter,0.75,0.1,0.15,80,20,False,medium,none,True,Scout XI #9; Meerkat silent on ST so Regular from Scout only.,scout_xi,https://www.fantasyfootballscout.co.uk/team-news,a,,,,,9,EVE,aligned,,available,none,none,eligible,,,
Everton,EVE,231,Keane,DEF,Rotation,0.4,0.25,0.35,70,20,False,medium,regular_vs_rotation->rotation,False,"Scout XI CB, but Meerkat says only Tarkowski is certain and Keane/Branthwaite/Garner are flexible. → Rotation.",scout_xi|meerkat_nailed,https://www.fantasyfootballscout.co.uk/team-news;https://fpl.page/article/fpl-gw1-predicted-lineups-2627,a,,,,,9,EVE,aligned,,available,none,none,not_role_eligible,,,
Everton,EVE,230,Branthwaite,DEF,Rotation,0.4,0.25,0.35,70,20,False,medium,none,False,Meerkat notes LB/CB flexibility; not in Scout XI — shared minutes with Mykolenko/Keane.,meerkat_nailed|scout_xi,https://fpl.page/article/fpl-gw1-predicted-lineups-2627;https://www.fantasyfootballscout.co.uk/team-news,a,,,,,9,EVE,aligned,,available,none,none,not_role_eligible,,,
Everton,EVE,242,George,MID,Rotation,0.4,0.25,0.35,70,20,False,medium,none,False,£18m from Chelsea; Meerkat says kept and gains minutes if Ndiaye exits. Contingent Rotation path.,meerkat_nailed|transfer_note,https://fpl.page/article/fpl-gw1-predicted-lineups-2627;https://www.fantasyfootballscout.co.uk/fpl-2026-27-transfer-news-confirmed-summer-signings,a,,,,,9,EVE,aligned,,available,none,none,not_role_eligible,,,
Everton,EVE,241,McNeil,MID,Rotation,0.4,0.25,0.35,70,20,False,low,none,False,Wide competition with Röhl/Ndiaye/George.,scout_xi,https://www.fantasyfootballscout.co.uk/team-news,a,,,,,9,EVE,aligned,,available,none,none,not_role_eligible,,,
Everton,EVE,249,Barry,FWD,Cameo,0.1,0.35,0.55,60,15,False,low,none,False,ST depth behind Beto; late Sub-in path.,scout_xi,https://www.fantasyfootballscout.co.uk/team-news,a,,,,,9,EVE,aligned,,available,none,none,not_role_eligible,,,
Everton,EVE,245,Dibling,MID,Cameo,0.1,0.35,0.55,60,15,False,low,none,False,Attacking bench option GW1–5.,scout_xi,https://www.fantasyfootballscout.co.uk/team-news,a,,,,,9,EVE,aligned,,available,none,none,not_role_eligible,,,
Everton,EVE,240,Iroegbunam,MID,Cameo,0.1,0.35,0.55,60,15,False,low,none,False,Midfield depth behind Hackney/Garner/Dewsbury-Hall.,scout_xi,https://www.fantasyfootballscout.co.uk/team-news,a,,,,,9,EVE,aligned,,available,none,none,not_role_eligible,,,
Fulham,FUL,250,Leno,GKP,Nailed Starter,0.9,0.05,0.05,85,20,False,high,none,True,Meerkat green and Scout XI #1; clear #1 over Lecomte/McNally.,meerkat_nailed|scout_xi,https://fpl.page/article/fpl-gw1-predicted-lineups-2627;https://www.fantasyfootballscout.co.uk/team-news,a,,,,,10,FUL,aligned,,available,none,none,eligible,,,
Fulham,FUL,254,Robinson,DEF,Nailed Starter,0.9,0.05,0.05,85,20,False,high,none,True,Meerkat green and Scout XI LB; dual-source lock.,meerkat_nailed|scout_xi,https://fpl.page/article/fpl-gw1-predicted-lineups-2627;https://www.fantasyfootballscout.co.uk/team-news,a,,,,,10,FUL,aligned,,available,none,none,eligible,,,
Fulham,FUL,257,Bassey,DEF,Nailed Starter,0.9,0.05,0.05,85,20,False,high,none,True,Meerkat green and Scout XI CB; Andersen suspended so Bassey locked.,meerkat_nailed|scout_xi|api_status,https://fpl.page/article/fpl-gw1-predicted-lineups-2627;https://www.fantasyfootballscout.co.uk/team-news;data/processed/players.parquet,a,,,,,10,FUL,aligned,,available,none,none,eligible,,,
Fulham,FUL,261,Iwobi,MID,Nailed Starter,0.9,0.05,0.05,85,20,False,high,none,True,Meerkat green and Scout XI attacker; only Meerkat-green attacker.,meerkat_nailed|scout_xi,https://fpl.page/article/fpl-gw1-predicted-lineups-2627;https://www.fantasyfootballscout.co.uk/team-news,a,,,,,10,FUL,aligned,,available,none,none,eligible,,,
Fulham,FUL,258,Castagne,DEF,Regular Starter,0.75,0.1,0.15,80,20,False,medium,none,True,Scout XI RB; not Meerkat-green but default right-back while Tete rotates.,scout_xi,https://www.fantasyfootballscout.co.uk/team-news,a,,,,,10,FUL,aligned,,available,none,none,eligible,,,
Fulham,FUL,255,J.Cuenca,DEF,Regular Starter,0.75,0.1,0.15,80,20,False,medium,none,True,Scout XI CB with Andersen suspended to 29 Aug; early-band starter beside Bassey.,scout_xi|api_status,https://www.fantasyfootballscout.co.uk/team-news;data/processed/players.parquet,a,,,,,10,FUL,aligned,,available,none,none,eligible,,,
Fulham,FUL,267,Lukić,MID,Regular Starter,0.75,0.1,0.15,80,20,False,medium,none,True,Scout XI DM beside Berge; Meerkat silent on midfield pair so Regular from Scout.,scout_xi,https://www.fantasyfootballscout.co.uk/team-news,a,,,,,10,FUL,aligned,,available,none,none,eligible,,,
Fulham,FUL,265,Berge,MID,Regular Starter,0.75,0.1,0.15,80,20,False,medium,none,True,Scout XI midfield partner for Lukić; default double-pivot.,scout_xi,https://www.fantasyfootballscout.co.uk/team-news,a,,,,,10,FUL,aligned,,available,none,none,eligible,,,
Fulham,FUL,264,Bobb,MID,Rotation,0.4,0.25,0.35,70,20,False,medium,regular_vs_rotation->rotation,False,"Scout XI attacker, but Meerkat says all remaining attackers faced heavy rotation last year. → Rotation.",scout_xi|meerkat_nailed,https://www.fantasyfootballscout.co.uk/team-news;https://fpl.page/article/fpl-gw1-predicted-lineups-2627,a,,,,,10,FUL,aligned,,available,none,none,not_role_eligible,,,
Fulham,FUL,262,Smith Rowe,MID,Rotation,0.4,0.25,0.35,70,20,False,medium,regular_vs_rotation->rotation,False,Scout XI #10; Meerkat rotation warning on Fulham attackers demotes Scout Regular → Rotation.,scout_xi|meerkat_nailed,https://www.fantasyfootballscout.co.uk/team-news;https://fpl.page/article/fpl-gw1-predicted-lineups-2627,a,,,,,10,FUL,aligned,,available,none,none,not_role_eligible,,,
Fulham,FUL,271,Muniz,FWD,Rotation,0.4,0.25,0.35,70,20,False,medium,regular_vs_rotation->rotation,False,Scout XI #9; Meerkat flags attacker rotation and only names Kusi-Asare as backup ST. → Rotation.,scout_xi|meerkat_nailed,https://www.fantasyfootballscout.co.uk/team-news;https://fpl.page/article/fpl-gw1-predicted-lineups-2627,a,,,,,10,FUL,aligned,,available,none,none,not_role_eligible,,,
Fulham,FUL,256,Tete,DEF,Rotation,0.4,0.25,0.35,70,20,False,low,none,False,RB competition with Castagne.,scout_xi,https://www.fantasyfootballscout.co.uk/team-news,a,,,,,10,FUL,aligned,,available,none,none,not_role_eligible,,,
Fulham,FUL,263,Kevin,MID,Rotation,0.4,0.25,0.35,70,20,False,low,none,False,Wide/attacking competition with Bobb/Iwobi/Smith Rowe.,scout_xi,https://www.fantasyfootballscout.co.uk/team-news,a,,,,,10,FUL,aligned,,available,none,none,not_role_eligible,,,
Fulham,FUL,269,Sessegnon,DEF,Cameo,0.1,0.35,0.55,60,15,False,low,none,False,LB/wing depth behind Robinson; late Sub-in path.,scout_xi,https://www.fantasyfootballscout.co.uk/team-news,a,,,,,10,FUL,aligned,,available,none,none,not_role_eligible,,,
Fulham,FUL,268,King,MID,Cameo,0.1,0.35,0.55,60,15,False,low,none,False,Attacking bench option amid heavy front-line rotation.,meerkat_nailed,https://fpl.page/article/fpl-gw1-predicted-lineups-2627,a,,,,,10,FUL,aligned,,available,none,none,not_role_eligible,,,
Fulham,FUL,272,Kusi-Asare,FWD,Cameo,0.1,0.35,0.55,60,15,False,medium,none,False,£5.2m Bayern signing; Meerkat flags £4.5m Kusi-Asare as backup ST who could get minutes.,meerkat_nailed|transfer_note,https://fpl.page/article/fpl-gw1-predicted-lineups-2627;https://www.fantasyfootballscout.co.uk/fpl-2026-27-transfer-news-confirmed-summer-signings,a,,,,,10,FUL,aligned,,available,none,none,not_role_eligible,,,
Fulham,FUL,266,Cairney,MID,Cameo,0.1,0.35,0.55,60,15,False,low,none,False,Veteran mid depth behind Lukić/Berge.,scout_xi,https://www.fantasyfootballscout.co.uk/team-news,a,,,,,10,FUL,aligned,,available,none,none,not_role_eligible,,,
Hull City,HUL,274,Butland,GKP,Regular Starter,0.75,0.1,0.15,80,20,False,medium,single_source,True,Transfer #1 GK (Butland→Hull); Meerkat flags new starter. Scout page missing Hull; promoted → avoid Nailed.,transfer_note|meerkat_nailed,https://www.fantasyfootballscout.co.uk/fpl-2026-27-transfer-news-confirmed-summer-signings;https://fpl.page/article/fpl-gw1-predicted-lineups-2627,a,,,,,11,HUL,aligned,,available,none,none,eligible,,,
Hull City,HUL,277,Egan,DEF,Regular Starter,0.75,0.1,0.15,80,20,False,low,single_source,True,"Club CB leader from Championship core; Meerkat cites last lineup only, Scout missing. Conservative Regular.",meerkat_nailed,https://fpl.page/article/fpl-gw1-predicted-lineups-2627,a,,,,,11,HUL,aligned,,available,none,none,eligible,,,
Hull City,HUL,278,Hughes,DEF,Regular Starter,0.75,0.1,0.15,80,20,False,low,single_source,True,Likely CB partner in recent Hull XIs; no Scout XI. Low confidence Regular for promoted side.,meerkat_nailed,https://fpl.page/article/fpl-gw1-predicted-lineups-2627,a,,,,,11,HUL,aligned,,available,none,none,eligible,,,
Hull City,HUL,280,Coyle,DEF,Regular Starter,0.75,0.1,0.15,80,20,False,low,single_source,True,Established RB from Championship minutes; Meerkat last-lineup lean only. Prefer Regular over Nailed.,meerkat_nailed,https://fpl.page/article/fpl-gw1-predicted-lineups-2627,a,,,,,11,HUL,aligned,,available,none,none,eligible,,,
Hull City,HUL,282,Giles,DEF,Rotation,0.4,0.25,0.35,70,20,False,low,single_source,False,Natural LB competing with new signing Targett; Meerkat explicitly questions Targett start → FB fight.,meerkat_nailed|transfer_note,https://fpl.page/article/fpl-gw1-predicted-lineups-2627;https://www.fantasyfootballscout.co.uk/fpl-2026-27-transfer-news-confirmed-summer-signings,a,,,,,11,HUL,aligned,,available,none,none,not_role_eligible,,,
Hull City,HUL,556,Targett,DEF,Rotation,0.4,0.25,0.35,70,20,False,low,single_source,False,Free transfer Targett→Hull; Meerkat asks if starter. No Scout XI → Rotation not Regular.,transfer_note|meerkat_nailed,https://www.fantasyfootballscout.co.uk/fpl-2026-27-transfer-news-confirmed-summer-signings;https://fpl.page/article/fpl-gw1-predicted-lineups-2627,a,,,,,11,HUL,aligned,,available,none,none,not_role_eligible,,,
Hull City,HUL,279,Ajayi,DEF,Rotation,0.4,0.25,0.35,70,20,False,low,single_source,False,CB depth vs Egan/Hughes; no Scout/Meerkat start confirmation.,meerkat_nailed,https://fpl.page/article/fpl-gw1-predicted-lineups-2627,a,,,,,11,HUL,aligned,,available,none,none,not_role_eligible,,,
Hull City,HUL,290,Slater,MID,Regular Starter,0.75,0.1,0.15,80,20,False,low,single_source,True,Championship midfield regular; Meerkat last-lineup lean only. Conservative Regular.,meerkat_nailed,https://fpl.page/article/fpl-gw1-predicted-lineups-2627,a,,,,,11,HUL,aligned,,available,none,none,eligible,,,
Hull City,HUL,292,Ömür,MID,Regular Starter,0.75,0.1,0.15,80,20,False,low,single_source,True,Creative MID core from promotion push; Scout missing → Regular not Nailed.,meerkat_nailed,https://fpl.page/article/fpl-gw1-predicted-lineups-2627,a,,,,,11,HUL,aligned,,available,none,none,eligible,,,
Hull City,HUL,286,Belloumi,MID,Regular Starter,0.75,0.1,0.15,80,20,False,low,single_source,True,Attacking MID/wide threat priced as starter band; single-source Regular for promoted attack.,meerkat_nailed,https://fpl.page/article/fpl-gw1-predicted-lineups-2627,a,,,,,11,HUL,aligned,,available,none,none,eligible,,,
Hull City,HUL,287,Millar,MID,Rotation,0.4,0.25,0.35,70,20,False,low,single_source,False,Wide/attacking MID shares minutes with Belloumi/Ömür; no nailed lean.,meerkat_nailed,https://fpl.page/article/fpl-gw1-predicted-lineups-2627,a,,,,,11,HUL,aligned,,available,none,none,not_role_eligible,,,
Hull City,HUL,293,Kamara,MID,Rotation,0.4,0.25,0.35,70,20,False,low,single_source,False,CM depth challenger; Meerkat provides no green nailed list for Hull.,meerkat_nailed,https://fpl.page/article/fpl-gw1-predicted-lineups-2627,a,,,,,11,HUL,aligned,,available,none,none,not_role_eligible,,,
Hull City,HUL,563,Morita,MID,Rotation,0.4,0.25,0.35,70,20,False,low,single_source,False,New/available CM option at £5.0m; unsettled midfield → Rotation.,api_status,data/processed/players.parquet,a,,,,,11,HUL,aligned,,available,none,none,not_role_eligible,,,
Hull City,HUL,295,McBurnie,FWD,Regular Starter,0.75,0.1,0.15,80,20,False,low,single_source,True,"Primary #9 by price/role for Hull attack; Scout missing, Meerkat thin → Regular.",meerkat_nailed,https://fpl.page/article/fpl-gw1-predicted-lineups-2627,a,,,,,11,HUL,aligned,,available,none,none,eligible,,,
Ipswich Town,IPS,554,Van Oevelen,GKP,Rotation,0.4,0.25,0.35,70,20,False,low,single_source,False,New GK (van Oevelen→Ipswich) in three-way fight with Scherpen/Walton; budget-GK note unsettled. No Scout XI.,transfer_note|meerkat_nailed,https://www.fantasyfootballscout.co.uk/fpl-2026-27-transfer-news-confirmed-summer-signings;https://fpl.page/article/fpl-gw1-predicted-lineups-2627,a,,,,,12,IPS,aligned,,available,none,none,not_role_eligible,,,
Ipswich Town,IPS,564,Scherpen,GKP,Rotation,0.4,0.25,0.35,70,20,False,low,single_source,False,29–30 Jul signing Scherpen→Ipswich; competing for #1 with van Oevelen. Prefer Rotation over Regular.,transfer_note,https://www.fantasyfootballscout.co.uk/fpl-2026-27-transfer-news-confirmed-summer-signings,a,,,,,12,IPS,aligned,,available,none,none,not_role_eligible,,,
Ipswich Town,IPS,259,Diop,DEF,Regular Starter,0.75,0.1,0.15,80,20,False,medium,single_source,True,Meerkat: Diop new CB; transfer Diop→Ipswich. Scout missing → Regular not Nailed.,meerkat_nailed|transfer_note,https://fpl.page/article/fpl-gw1-predicted-lineups-2627;https://www.fantasyfootballscout.co.uk/fpl-2026-27-transfer-news-confirmed-summer-signings,a,,,,,12,IPS,aligned,,available,none,none,eligible,,,
Ipswich Town,IPS,304,O'Shea,DEF,Regular Starter,0.75,0.1,0.15,80,20,False,low,single_source,True,Club captain/CB core from prior PL spell; no Scout XI. Conservative Regular.,meerkat_nailed,https://fpl.page/article/fpl-gw1-predicted-lineups-2627,a,,,,,12,IPS,aligned,,available,none,none,eligible,,,
Ipswich Town,IPS,306,Greaves,DEF,Regular Starter,0.75,0.1,0.15,80,20,False,low,single_source,True,Left-sided CB/FB option likely in early backline; Scout missing → Regular.,meerkat_nailed,https://fpl.page/article/fpl-gw1-predicted-lineups-2627,a,,,,,12,IPS,aligned,,available,none,none,eligible,,,
Ipswich Town,IPS,305,Davis,DEF,Rotation,0.4,0.25,0.35,70,20,False,low,single_source,False,LB minutes contingent on formation/Greaves usage; no Meerkat green.,meerkat_nailed,https://fpl.page/article/fpl-gw1-predicted-lineups-2627,a,,,,,12,IPS,aligned,,available,none,none,not_role_eligible,,,
Ipswich Town,IPS,308,Furlong,DEF,Rotation,0.4,0.25,0.35,70,20,False,low,single_source,False,RB contender; no Scout/Meerkat start lock for promoted side.,api_status,data/processed/players.parquet,a,,,,,12,IPS,aligned,,available,none,none,not_role_eligible,,,
Ipswich Town,IPS,303,Kipré,DEF,Rotation,0.4,0.25,0.35,70,20,False,low,single_source,False,CB depth behind Diop/O'Shea; Rotation not Regular.,api_status,data/processed/players.parquet,a,,,,,12,IPS,aligned,,available,none,none,not_role_eligible,,,
Ipswich Town,IPS,315,Fatawu,MID,Regular Starter,0.75,0.1,0.15,80,20,False,medium,single_source,True,Meerkat: Fatawu aiming first choice; transfer Fatawu→Ipswich £20m. Scout missing → Regular.,meerkat_nailed|transfer_note,https://fpl.page/article/fpl-gw1-predicted-lineups-2627;https://www.fantasyfootballscout.co.uk/fpl-2026-27-transfer-news-confirmed-summer-signings,a,,,,,12,IPS,aligned,,available,none,none,eligible,,,
Ipswich Town,IPS,562,Maeda,MID,Regular Starter,0.75,0.1,0.15,80,20,False,medium,single_source,True,Meerkat: Maeda aiming first choice; 23–25 Jul Maeda→Ipswich. Prefer Regular over Nailed.,meerkat_nailed|transfer_note,https://fpl.page/article/fpl-gw1-predicted-lineups-2627;https://www.fantasyfootballscout.co.uk/fpl-2026-27-transfer-news-confirmed-summer-signings,a,,,,,12,IPS,aligned,,available,none,none,eligible,,,
Ipswich Town,IPS,313,Clarke,MID,Regular Starter,0.75,0.1,0.15,80,20,False,low,single_source,True,Established wide/attacking MID from Championship; competes with new attackers but still default lean.,meerkat_nailed,https://fpl.page/article/fpl-gw1-predicted-lineups-2627,a,,,,,12,IPS,aligned,,available,none,none,eligible,,,
Ipswich Town,IPS,318,Philogene,MID,Rotation,0.4,0.25,0.35,70,20,False,low,single_source,False,Wide rotation vs Fatawu/Maeda/Clarke; Meerkat did not nail him.,meerkat_nailed,https://fpl.page/article/fpl-gw1-predicted-lineups-2627,a,,,,,12,IPS,aligned,,available,none,none,not_role_eligible,,,
Ipswich Town,IPS,310,Matusiwa,MID,Regular Starter,0.75,0.1,0.15,80,20,False,low,single_source,True,Likely CM anchor from prior XI; Scout missing → Regular not Nailed.,meerkat_nailed,https://fpl.page/article/fpl-gw1-predicted-lineups-2627,a,,,,,12,IPS,aligned,,available,none,none,eligible,,,
Ipswich Town,IPS,309,Núñez,MID,Rotation,0.4,0.25,0.35,70,20,False,low,single_source,False,CM partner fight with Matusiwa/Taylor; no first-choice lean stated.,api_status,data/processed/players.parquet,a,,,,,12,IPS,aligned,,available,none,none,not_role_eligible,,,
Ipswich Town,IPS,319,Szmodics,MID,Rotation,0.4,0.25,0.35,70,20,False,low,single_source,False,Attacking MID/second-striker rotation behind new first-choice attackers.,meerkat_nailed,https://fpl.page/article/fpl-gw1-predicted-lineups-2627,a,,,,,12,IPS,aligned,,available,none,none,not_role_eligible,,,
Ipswich Town,IPS,316,Emersonn,FWD,Regular Starter,0.75,0.1,0.15,80,20,False,medium,single_source,True,Meerkat: Emersonn aiming first choice; Emersonn→Ipswich £26m. Scout missing → Regular.,meerkat_nailed|transfer_note,https://fpl.page/article/fpl-gw1-predicted-lineups-2627;https://www.fantasyfootballscout.co.uk/fpl-2026-27-transfer-news-confirmed-summer-signings,a,,,,,12,IPS,aligned,,available,none,none,eligible,,,
Ipswich Town,IPS,317,Hirst,FWD,Rotation,0.4,0.25,0.35,70,20,False,low,single_source,False,Incumbent ST competing with Emersonn; shares early minutes.,meerkat_nailed,https://fpl.page/article/fpl-gw1-predicted-lineups-2627,a,,,,,12,IPS,aligned,,available,none,none,not_role_eligible,,,
Leeds,LEE,326,Perri,GKP,Rotation,0.4,0.25,0.35,70,20,False,medium,regular_vs_rotation->rotation,False,Leeds official friendlies gave Cairns both recent starts while Perri played one second half and was absent from the next match squad; reported Torino move also threatens Leeds availability. Demoted conservatively until Trafford registration and Perri destination are settled.,scout_xi|meerkat_nailed|official_leeds,https://www.fantasyfootballscout.co.uk/team-news;https://fpl.page/article/fpl-gw1-predicted-lineups-2627;https://www.leedsunited.com/en/news/team-news-leeds-united-vs-sunderland,a,,,,,13,LEE,aligned,,available,none,none,not_role_eligible,,,
Leeds,LEE,329,Rodon,DEF,Nailed Starter,0.9,0.05,0.05,85,20,False,high,none,True,Meerkat green + Scout XI CB; established Leeds starter.,meerkat_nailed|scout_xi,https://fpl.page/article/fpl-gw1-predicted-lineups-2627;https://www.fantasyfootballscout.co.uk/team-news,a,,,,,13,LEE,aligned,,available,none,none,eligible,,,
Leeds,LEE,334,Muharemović,DEF,Regular Starter,0.75,0.1,0.15,80,20,False,medium,nailed_vs_regular->regular,True,Meerkat green as Struijk replace (Muharemovic→Leeds). Scout XI starts Bijol instead → demote to Regular.,meerkat_nailed|scout_xi|transfer_note,https://fpl.page/article/fpl-gw1-predicted-lineups-2627;https://www.fantasyfootballscout.co.uk/team-news;https://www.fantasyfootballscout.co.uk/fpl-2026-27-transfer-news-confirmed-summer-signings,a,,,,,13,LEE,aligned,,available,none,none,eligible,,,
Leeds,LEE,327,Bijol,DEF,Rotation,0.4,0.25,0.35,70,20,False,medium,regular_vs_rotation->rotation,False,Scout XI CB; Meerkat nails Muharemović as Struijk replace → CB fight demotes Bijol to Rotation.,scout_xi|meerkat_nailed,https://www.fantasyfootballscout.co.uk/team-news;https://fpl.page/article/fpl-gw1-predicted-lineups-2627,a,,,,,13,LEE,aligned,,available,none,none,not_role_eligible,,,
Leeds,LEE,331,Gudmundsson,DEF,Nailed Starter,0.9,0.05,0.05,85,20,False,high,none,True,Meerkat green + Scout XI (LB/wing-back). Dual-source start lean.,meerkat_nailed|scout_xi,https://fpl.page/article/fpl-gw1-predicted-lineups-2627;https://www.fantasyfootballscout.co.uk/team-news,a,,,,,13,LEE,aligned,,available,none,none,eligible,,,
Leeds,LEE,330,Bogle,DEF,Regular Starter,0.75,0.1,0.15,80,20,False,medium,single_source,True,Scout XI RB; absent from Meerkat green → Regular.,scout_xi,https://www.fantasyfootballscout.co.uk/team-news,a,,,,,13,LEE,aligned,,available,none,none,eligible,,,
Leeds,LEE,332,Justin,DEF,Regular Starter,0.75,0.1,0.15,80,20,False,medium,single_source,True,Scout XI defender; not Meerkat green → Regular.,scout_xi,https://www.fantasyfootballscout.co.uk/team-news,a,,,,,13,LEE,aligned,,available,none,none,eligible,,,
Leeds,LEE,338,Ampadu,MID,Nailed Starter,0.9,0.05,0.05,85,20,False,high,none,True,Meerkat green + Scout XI; Stach partner in midfield.,meerkat_nailed|scout_xi,https://fpl.page/article/fpl-gw1-predicted-lineups-2627;https://www.fantasyfootballscout.co.uk/team-news,a,,,,,13,LEE,aligned,,available,none,none,eligible,,,
Leeds,LEE,335,Stach,MID,Nailed Starter,0.9,0.05,0.05,85,20,False,high,none,True,"Meerkat green (slots with Ampadu, less advanced) + Scout XI.",meerkat_nailed|scout_xi,https://fpl.page/article/fpl-gw1-predicted-lineups-2627;https://www.fantasyfootballscout.co.uk/team-news,a,,,,,13,LEE,aligned,,available,none,none,eligible,,,
Leeds,LEE,260,Wilson,MID,Regular Starter,0.75,0.1,0.15,80,20,False,medium,nailed_vs_regular->regular,True,Meerkat green front-3 (Harry Wilson Fulham→Leeds free; roster Wilson). Scout XI uses Aaronson instead → Regular.,meerkat_nailed|scout_xi|transfer_note,https://fpl.page/article/fpl-gw1-predicted-lineups-2627;https://www.fantasyfootballscout.co.uk/team-news;https://www.fantasyfootballscout.co.uk/fpl-2026-27-transfer-news-confirmed-summer-signings,a,,,,,13,LEE,aligned,,available,none,none,eligible,,,
Leeds,LEE,336,Okafor,MID,Regular Starter,0.75,0.1,0.15,80,20,False,medium,nailed_vs_regular->regular,True,Meerkat green front-3; Scout omits (Aaronson/Tanaka shape) → demote Nailed to Regular.,meerkat_nailed|scout_xi,https://fpl.page/article/fpl-gw1-predicted-lineups-2627;https://www.fantasyfootballscout.co.uk/team-news,a,,,,,13,LEE,aligned,,available,none,none,eligible,,,
Leeds,LEE,337,Aaronson,MID,Rotation,0.4,0.25,0.35,70,20,False,medium,regular_vs_rotation->rotation,False,Scout XI AM; Meerkat nails Wilson/Okafor/DCL front 3 instead → Rotation.,scout_xi|meerkat_nailed,https://www.fantasyfootballscout.co.uk/team-news;https://fpl.page/article/fpl-gw1-predicted-lineups-2627,a,,,,,13,LEE,aligned,,available,none,none,not_role_eligible,,,
Leeds,LEE,345,Tanaka,MID,Rotation,0.4,0.25,0.35,70,20,False,medium,regular_vs_rotation->rotation,False,Scout XI midfielder; Meerkat midfield is Ampadu+Stach only → Rotation.,scout_xi|meerkat_nailed,https://www.fantasyfootballscout.co.uk/team-news;https://fpl.page/article/fpl-gw1-predicted-lineups-2627,a,,,,,13,LEE,aligned,,available,none,none,not_role_eligible,,,
Leeds,LEE,341,Gnonto,MID,Cameo,0.1,0.35,0.55,60,15,False,low,single_source,False,Wide challenger behind Wilson/Okafor; not in Scout XI or Meerkat green.,api_status,data/processed/players.parquet,a,,,,,13,LEE,aligned,,available,none,none,not_role_eligible,,,
Leeds,LEE,346,Calvert-Lewin,FWD,Nailed Starter,0.9,0.05,0.05,85,20,False,high,none,True,Meerkat green front-3 + Scout XI #9.,meerkat_nailed|scout_xi,https://fpl.page/article/fpl-gw1-predicted-lineups-2627;https://www.fantasyfootballscout.co.uk/team-news,a,,,,,13,LEE,aligned,,available,none,none,eligible,,,
Liverpool,LIV,350,A.Becker,GKP,Nailed Starter,0.9,0.05,0.05,85,20,False,high,none,True,Meerkat green Alisson + Scout XI; FPL web_name A.Becker.,meerkat_nailed|scout_xi,https://fpl.page/article/fpl-gw1-predicted-lineups-2627;https://www.fantasyfootballscout.co.uk/team-news,a,,,,,14,LIV,aligned,,available,none,none,eligible,,,
Liverpool,LIV,356,Virgil,DEF,Nailed Starter,0.9,0.05,0.05,85,20,False,high,none,True,Meerkat green Van Dijk + Scout XI; FPL web_name Virgil.,meerkat_nailed|scout_xi,https://fpl.page/article/fpl-gw1-predicted-lineups-2627;https://www.fantasyfootballscout.co.uk/team-news,a,,,,,14,LIV,aligned,,available,none,none,eligible,,,
Liverpool,LIV,358,Kerkez,DEF,Nailed Starter,0.9,0.05,0.05,85,20,False,high,none,True,Meerkat green + Scout XI LB.,meerkat_nailed|scout_xi,https://fpl.page/article/fpl-gw1-predicted-lineups-2627;https://www.fantasyfootballscout.co.uk/team-news,a,,,,,14,LIV,aligned,,available,none,none,eligible,,,
Liverpool,LIV,362,Jacquet,DEF,Regular Starter,0.75,0.1,0.15,80,20,False,medium,nailed_vs_regular->regular,True,Meerkat green Konaté replace (~£60m Jacquet→LIV). Scout XI starts Gomez instead → Regular. Shoulder recovery noted in £5.0m research.,meerkat_nailed|scout_xi|transfer_note,https://fpl.page/article/fpl-gw1-predicted-lineups-2627;https://www.fantasyfootballscout.co.uk/team-news;https://www.fantasyfootballscout.co.uk/fpl-2026-27-transfer-news-confirmed-summer-signings,a,100.0,,,2026-07-23T12:01:23.581126Z,14,LIV,aligned,,available,none,none,eligible,,,
Liverpool,LIV,357,Frimpong,DEF,Regular Starter,0.75,0.1,0.15,80,20,False,medium,single_source,True,Scout XI RB; absent Meerkat green (Bradley injured) → Regular.,scout_xi|api_status,https://www.fantasyfootballscout.co.uk/team-news;data/processed/players.parquet,a,,,,,14,LIV,aligned,,available,none,none,eligible,,,
Liverpool,LIV,359,Gomez,DEF,Regular Starter,0.75,0.1,0.15,80,20,False,medium,single_source,True,Scout XI CB; not Meerkat green (Jacquet preferred). API muscular injury — keep role when fit.,scout_xi|api_status,https://www.fantasyfootballscout.co.uk/team-news;data/processed/players.parquet,i,0.0,,Muscular injury - Unknown return date,2026-07-26T08:30:10.078473Z,14,LIV,aligned,,unavailable,api_unavailable_gw1,high,exclude_gw1,Muscular injury - Unknown return date,api_status,data/processed/players.parquet
Liverpool,LIV,360,Bradley,DEF,Cameo,0.1,0.35,0.55,60,15,False,medium,single_source,False,Scout doubt ~25%; API knee injury. Role when fit is RB challenger/cameo behind Frimpong.,scout_xi|api_status,https://www.fantasyfootballscout.co.uk/team-news;data/processed/players.parquet,i,0.0,,Knee injury - Unknown return date,2026-07-23T12:01:23.565711Z,14,LIV,aligned,,unavailable,api_unavailable_gw1,high,not_role_eligible,Knee injury - Unknown return date,api_status,data/processed/players.parquet
Liverpool,LIV,371,Gravenberch,MID,Nailed Starter,0.9,0.05,0.05,85,20,False,high,none,True,Meerkat green + Scout XI DM/CM.,meerkat_nailed|scout_xi,https://fpl.page/article/fpl-gw1-predicted-lineups-2627;https://www.fantasyfootballscout.co.uk/team-news,a,,,,,14,LIV,aligned,,available,none,none,eligible,,,
Liverpool,LIV,372,Mac Allister,MID,Nailed Starter,0.9,0.05,0.05,85,20,False,high,none,True,Meerkat green + Scout XI midfield.,meerkat_nailed|scout_xi,https://fpl.page/article/fpl-gw1-predicted-lineups-2627;https://www.fantasyfootballscout.co.uk/team-news,a,,,,,14,LIV,aligned,,late_return,late_world_cup_return_gw1,high_late_return_medium_gw1,watch,Argentina World Cup finalist; Liverpool confirms he is among the last players to rejoin after rest and may not be fully ready for the 23 Aug opener. Role unchanged when fit.,official_liverpool|official_fifa,https://www.liverpoolfc.com/news/andoni-iraolas-update-when-reds-world-cup-players-will-return;https://www.fifa.com/en/match-centre/match/17/285023/289292/400021543
Liverpool,LIV,366,Wirtz,MID,Nailed Starter,0.9,0.05,0.05,85,20,False,high,none,True,Meerkat green + Scout XI 10/AM.,meerkat_nailed|scout_xi,https://fpl.page/article/fpl-gw1-predicted-lineups-2627;https://www.fantasyfootballscout.co.uk/team-news,a,,,,,14,LIV,aligned,,available,none,none,eligible,,,
Liverpool,LIV,368,Szoboszlai,MID,Nailed Starter,0.9,0.05,0.05,85,20,False,high,none,True,Meerkat green + Scout XI.,meerkat_nailed|scout_xi,https://fpl.page/article/fpl-gw1-predicted-lineups-2627;https://www.fantasyfootballscout.co.uk/team-news,a,,,,,14,LIV,aligned,,available,none,none,eligible,,,
Liverpool,LIV,367,Gakpo,MID,Regular Starter,0.75,0.1,0.15,80,20,False,medium,single_source,True,Scout XI wide/AM; not Meerkat green → Regular.,scout_xi,https://www.fantasyfootballscout.co.uk/team-news,a,,,,,14,LIV,aligned,,available,none,none,eligible,,,
Liverpool,LIV,373,C.Jones,MID,Rotation,0.4,0.25,0.35,70,20,False,medium,single_source,False,Meerkat: Jones could come into side if stays; not Scout XI → Rotation.,meerkat_nailed,https://fpl.page/article/fpl-gw1-predicted-lineups-2627,a,,,,,14,LIV,aligned,,available,none,none,not_role_eligible,,,
Liverpool,LIV,377,Munoz,MID,Cameo,0.1,0.35,0.55,60,15,False,medium,single_source,False,Victor Munoz→LIV; Meerkat backup option for now. FPL web_name Munoz.,meerkat_nailed|transfer_note,https://fpl.page/article/fpl-gw1-predicted-lineups-2627;https://www.fantasyfootballscout.co.uk/fpl-2026-27-transfer-news-confirmed-summer-signings,a,,,,,14,LIV,aligned,,available,none,none,not_role_eligible,,,
Liverpool,LIV,379,Isak,FWD,Nailed Starter,0.9,0.05,0.05,85,20,False,high,none,True,Meerkat green + Scout XI #9.,meerkat_nailed|scout_xi,https://fpl.page/article/fpl-gw1-predicted-lineups-2627;https://www.fantasyfootballscout.co.uk/team-news,a,,,,,14,LIV,aligned,,available,none,none,eligible,,,
Liverpool,LIV,380,Ekitiké,FWD,Cameo,0.1,0.35,0.55,60,15,False,medium,single_source,False,"Scout out; API Achilles unknown return. When fit, ST challenger behind Isak — Cameo early band.",scout_xi|api_status,https://www.fantasyfootballscout.co.uk/team-news;data/processed/players.parquet,i,0.0,,Achilles injury - Unknown return date,2026-07-23T12:01:23.643771Z,14,LIV,aligned,,unavailable,api_unavailable_gw1,high,not_role_eligible,Achilles injury - Unknown return date,api_status,data/processed/players.parquet
Man City,MCI,384,Donnarumma,GKP,Nailed Starter,0.9,0.05,0.05,85,20,False,high,none,True,Meerkat green + Scout XI #1.,meerkat_nailed|scout_xi,https://fpl.page/article/fpl-gw1-predicted-lineups-2627;https://www.fantasyfootballscout.co.uk/team-news,a,,,,,15,MCI,aligned,,available,none,none,eligible,,,
Man City,MCI,385,Trafford,GKP,Cameo,0.1,0.35,0.55,60,15,False,medium,single_source,False,Still on MCI FPL list; Meerkat practically confirmed to Leeds. Not City #1 — Cameo/exit watch.,meerkat_nailed|api_status,https://fpl.page/article/fpl-gw1-predicted-lineups-2627;data/processed/players.parquet,a,,,,,15,MCI,pending_transfer,Leeds move practically confirmed in source evidence; local FPL roster still has MCI club_id.,available,none,none,not_role_eligible,,,
Man City,MCI,389,Matheus N.,DEF,Nailed Starter,0.9,0.05,0.05,85,20,False,high,none,True,Meerkat green Nunes + Scout XI RB; FPL web_name Matheus N.,meerkat_nailed|scout_xi,https://fpl.page/article/fpl-gw1-predicted-lineups-2627;https://www.fantasyfootballscout.co.uk/team-news,a,,,,,15,MCI,aligned,,available,none,none,eligible,,,
Man City,MCI,388,Guéhi,DEF,Regular Starter,0.75,0.1,0.15,80,20,False,medium,nailed_vs_regular->regular,True,Meerkat green Guehi already at City; Scout XI uses Khusanov/Dias instead → Regular. Partner unclear.,meerkat_nailed|scout_xi,https://fpl.page/article/fpl-gw1-predicted-lineups-2627;https://www.fantasyfootballscout.co.uk/team-news,a,,,,,15,MCI,aligned,,available,none,none,eligible,,,
Man City,MCI,387,O'Reilly,DEF,Regular Starter,0.75,0.1,0.15,80,20,False,medium,nailed_vs_regular->regular,True,Meerkat green LB/FB; Scout XI starts Gvardiol → demote Nailed to Regular.,meerkat_nailed|scout_xi,https://fpl.page/article/fpl-gw1-predicted-lineups-2627;https://www.fantasyfootballscout.co.uk/team-news,a,,,,,15,MCI,aligned,,available,none,none,eligible,,,
Man City,MCI,391,Gvardiol,DEF,Regular Starter,0.75,0.1,0.15,80,20,False,medium,single_source,True,Scout XI LB; not Meerkat green (O'Reilly preferred) → Regular.,scout_xi,https://www.fantasyfootballscout.co.uk/team-news,a,,,,,15,MCI,aligned,,available,none,none,eligible,,,
Man City,MCI,393,Khusanov,DEF,Rotation,0.4,0.25,0.35,70,20,False,medium,regular_vs_rotation->rotation,False,Scout XI CB; Meerkat says Guehi partner totally up in air → Rotation not Regular.,scout_xi|meerkat_nailed,https://www.fantasyfootballscout.co.uk/team-news;https://fpl.page/article/fpl-gw1-predicted-lineups-2627,a,,,,,15,MCI,aligned,,available,none,none,not_role_eligible,,,
Man City,MCI,390,Rúben,DEF,Rotation,0.4,0.25,0.35,70,20,False,medium,regular_vs_rotation->rotation,False,Scout XI CB (Dias); Meerkat CB partner unclear / Guehi nailed lean → Rotation. FPL web_name Rúben.,scout_xi|meerkat_nailed,https://www.fantasyfootballscout.co.uk/team-news;https://fpl.page/article/fpl-gw1-predicted-lineups-2627,a,,,,,15,MCI,aligned,,available,none,none,not_role_eligible,,,
Man City,MCI,481,Anderson,MID,Regular Starter,0.75,0.1,0.15,80,20,False,medium,nailed_vs_regular->regular,True,Meerkat green; Anderson NFO→MCI £116m into Bernardo role. Scout XI uses Kovacic/Reijnders → Regular.,meerkat_nailed|scout_xi|transfer_note,https://fpl.page/article/fpl-gw1-predicted-lineups-2627;https://www.fantasyfootballscout.co.uk/team-news;https://www.fantasyfootballscout.co.uk/fpl-2026-27-transfer-news-confirmed-summer-signings,a,,,,,15,MCI,aligned,,available,none,none,eligible,,,
Man City,MCI,402,Rodrigo,MID,Regular Starter,0.75,0.1,0.15,80,20,False,medium,nailed_vs_regular->regular,True,Meerkat green Rodri; Scout omits (Kovacic/Reijnders). API back injury — keep Regular when fit. FPL web_name Rodrigo.,meerkat_nailed|scout_xi|api_status,https://fpl.page/article/fpl-gw1-predicted-lineups-2627;https://www.fantasyfootballscout.co.uk/team-news;data/processed/players.parquet,i,0.0,,Back injury - Unknown return date,2026-07-23T12:01:23.675537Z,15,MCI,aligned,,unavailable,api_unavailable_gw1,high,exclude_gw1,Back injury - Unknown return date,api_status,data/processed/players.parquet
Man City,MCI,397,Semenyo,MID,Nailed Starter,0.9,0.05,0.05,85,20,False,high,none,True,Meerkat green + Scout XI; already at City per sources.,meerkat_nailed|scout_xi,https://fpl.page/article/fpl-gw1-predicted-lineups-2627;https://www.fantasyfootballscout.co.uk/team-news,a,,,,,15,MCI,aligned,,available,none,none,eligible,,,
Man City,MCI,404,Reijnders,MID,Rotation,0.4,0.25,0.35,70,20,False,medium,regular_vs_rotation->rotation,False,Scout XI CM; Meerkat nails Anderson/Rodri midfield instead → Rotation.,scout_xi|meerkat_nailed,https://www.fantasyfootballscout.co.uk/team-news;https://fpl.page/article/fpl-gw1-predicted-lineups-2627,a,,,,,15,MCI,aligned,,available,none,none,not_role_eligible,,,
Man City,MCI,406,Kovačić,MID,Rotation,0.4,0.25,0.35,70,20,False,medium,regular_vs_rotation->rotation,False,Scout XI CM; conflicts with Meerkat Anderson/Rodri → Rotation. FPL web_name Kovačić.,scout_xi|meerkat_nailed,https://www.fantasyfootballscout.co.uk/team-news;https://fpl.page/article/fpl-gw1-predicted-lineups-2627,a,,,,,15,MCI,aligned,,available,none,none,not_role_eligible,,,
Man City,MCI,398,Foden,MID,Regular Starter,0.75,0.1,0.15,80,20,False,medium,single_source,True,Scout XI attacker; not Meerkat green → Regular.,scout_xi,https://www.fantasyfootballscout.co.uk/team-news,a,,,,,15,MCI,aligned,,available,none,none,eligible,,,
Man City,MCI,400,Doku,MID,Rotation,0.4,0.25,0.35,70,20,False,medium,regular_vs_rotation->rotation,False,Scout XI wide; Meerkat says Doku/Cherki rotation unknown → demote to Rotation.,scout_xi|meerkat_nailed,https://www.fantasyfootballscout.co.uk/team-news;https://fpl.page/article/fpl-gw1-predicted-lineups-2627,a,,,,,15,MCI,aligned,,available,none,none,not_role_eligible,,,
Man City,MCI,399,Cherki,MID,Rotation,0.4,0.25,0.35,70,20,False,medium,single_source,False,Meerkat: Cherki could become nailed but unsure; rotation language → Rotation.,meerkat_nailed,https://fpl.page/article/fpl-gw1-predicted-lineups-2627,a,,,,,15,MCI,aligned,,available,none,none,not_role_eligible,,,
Man City,MCI,401,Marmoush,FWD,Cameo,0.1,0.35,0.55,60,15,False,medium,single_source,False,ST/wide backup behind Haaland/Semenyo; not Scout or Meerkat XI.,scout_xi|meerkat_nailed,https://www.fantasyfootballscout.co.uk/team-news;https://fpl.page/article/fpl-gw1-predicted-lineups-2627,a,,,,,15,MCI,aligned,,available,none,none,not_role_eligible,,,
Man City,MCI,411,Haaland,FWD,Nailed Starter,0.9,0.05,0.05,85,20,False,high,none,True,Meerkat green + Scout XI #9.,meerkat_nailed|scout_xi,https://fpl.page/article/fpl-gw1-predicted-lineups-2627;https://www.fantasyfootballscout.co.uk/team-news,a,,,,,15,MCI,aligned,,available,none,none,eligible,,,
Man Utd,MUN,412,Lammens,GKP,Nailed Starter,0.9,0.05,0.05,85,20,False,high,none,True,Meerkat green and Scout XI #1 GK under Carrick.,meerkat_nailed|scout_xi,https://fpl.page/article/fpl-gw1-predicted-lineups-2627;https://www.fantasyfootballscout.co.uk/team-news,a,,,,,16,MUN,aligned,,available,none,none,eligible,,,
Man Utd,MUN,423,Shaw,DEF,Nailed Starter,0.9,0.05,0.05,85,20,False,high,none,True,Meerkat green + Scout XI LB; Carrick first-choice LB with Dalot.,meerkat_nailed|scout_xi,https://fpl.page/article/fpl-gw1-predicted-lineups-2627;https://www.fantasyfootballscout.co.uk/team-news,a,,,,,16,MUN,aligned,,available,none,none,eligible,,,
Man Utd,MUN,418,Maguire,DEF,Nailed Starter,0.9,0.05,0.05,85,20,False,high,none,True,Meerkat green + Scout XI CB; locked early CB with Dalot/Shaw fullbacks.,meerkat_nailed|scout_xi,https://fpl.page/article/fpl-gw1-predicted-lineups-2627;https://www.fantasyfootballscout.co.uk/team-news,a,,,,,16,MUN,aligned,,available,none,none,eligible,,,
Man Utd,MUN,417,Dalot,DEF,Nailed Starter,0.9,0.05,0.05,85,20,False,high,none,True,Meerkat green + Scout XI RB; Carrick first-choice fullback pair with Shaw.,meerkat_nailed|scout_xi,https://fpl.page/article/fpl-gw1-predicted-lineups-2627;https://www.fantasyfootballscout.co.uk/team-news,a,,,,,16,MUN,aligned,,available,none,none,eligible,,,
Man Utd,MUN,426,B.Fernandes,MID,Nailed Starter,0.9,0.05,0.05,85,20,False,high,none,True,Meerkat green + Scout XI creative hub; only absolute midfield nailed.,meerkat_nailed|scout_xi,https://fpl.page/article/fpl-gw1-predicted-lineups-2627;https://www.fantasyfootballscout.co.uk/team-news,a,,,,,16,MUN,aligned,,available,none,none,eligible,,,
Man Utd,MUN,419,Martinez,DEF,Regular Starter,0.75,0.1,0.15,80,20,False,medium,none,True,Scout XI CB and Meerkat says should start when fit; not Meerkat-green due to injury history. API thigh doubt 75% — keep role when fit.,scout_xi|meerkat_nailed|api_status,https://www.fantasyfootballscout.co.uk/team-news;https://fpl.page/article/fpl-gw1-predicted-lineups-2627;data/processed/players.parquet,d,75.0,,Thigh injury - 75% chance of playing,2026-07-24T20:00:10.337107Z,16,MUN,aligned,,doubt,api_doubt_gw1,medium,watch,Thigh injury - 75% chance of playing,api_status,data/processed/players.parquet
Man Utd,MUN,427,Mbeumo,MID,Regular Starter,0.75,0.1,0.15,80,20,False,medium,none,True,Scout XI RW; Meerkat almost every week with Cunha but explicitly not nailed vs Sesko/Amad fight.,scout_xi|meerkat_nailed,https://www.fantasyfootballscout.co.uk/team-news;https://fpl.page/article/fpl-gw1-predicted-lineups-2627,a,,,,,16,MUN,aligned,,available,none,none,eligible,,,
Man Utd,MUN,428,Cunha,MID,Regular Starter,0.75,0.1,0.15,80,20,False,medium,none,True,Scout XI attacker; Meerkat almost every week with Mbeumo but not green-nailed amid front-line rotation.,scout_xi|meerkat_nailed,https://www.fantasyfootballscout.co.uk/team-news;https://fpl.page/article/fpl-gw1-predicted-lineups-2627,a,,,,,16,MUN,aligned,,available,none,none,eligible,,,
Man Utd,MUN,430,Mount,MID,Rotation,0.4,0.25,0.35,70,20,False,medium,regular_vs_rotation->rotation,False,"Scout XI CM, but Meerkat midfield overcrowding (only 2 of Santos/Mainoo/Tielemans) demotes Mount from Regular.",scout_xi|meerkat_nailed,https://www.fantasyfootballscout.co.uk/team-news;https://fpl.page/article/fpl-gw1-predicted-lineups-2627,a,,,,,16,MUN,aligned,,available,none,none,not_role_eligible,,,
Man Utd,MUN,432,Mainoo,MID,Rotation,0.4,0.25,0.35,70,20,False,medium,regular_vs_rotation->rotation,False,Scout XI starter demoted: Meerkat explicit rotation — only 2 of Santos/Mainoo/Tielemans start.,scout_xi|meerkat_nailed|transfer_note,https://www.fantasyfootballscout.co.uk/team-news;https://fpl.page/article/fpl-gw1-predicted-lineups-2627;https://www.fantasyfootballscout.co.uk/fpl-2026-27-transfer-news-confirmed-summer-signings,a,,,,,16,MUN,aligned,,available,none,none,not_role_eligible,,,
Man Utd,MUN,431,Amad,MID,Rotation,0.4,0.25,0.35,70,20,False,medium,regular_vs_rotation->rotation,False,Scout XI wide attacker; Meerkat frames Amad vs Cunha/Mbeumo/Sesko minute share — not Draft-safe.,scout_xi|meerkat_nailed,https://www.fantasyfootballscout.co.uk/team-news;https://fpl.page/article/fpl-gw1-predicted-lineups-2627,a,,,,,16,MUN,aligned,,available,none,none,not_role_eligible,,,
Man Utd,MUN,43,Tielemans,MID,Rotation,0.4,0.25,0.35,70,20,False,medium,none,False,£35m Villa signing into CM pool; Meerkat only 2 of Santos/Mainoo/Tielemans start. API hamstring 75% — role when fit.,transfer_note|meerkat_nailed|api_status,https://www.fantasyfootballscout.co.uk/fpl-2026-27-transfer-news-confirmed-summer-signings;https://fpl.page/article/fpl-gw1-predicted-lineups-2627;data/processed/players.parquet,d,75.0,,Hamstring injury - 75% chance of playing,2026-07-23T12:01:23.321726Z,16,MUN,aligned,,doubt,api_doubt_gw1,medium,not_role_eligible,Hamstring injury - 75% chance of playing,api_status,data/processed/players.parquet
Man Utd,MUN,162,Andrey Santos,MID,Rotation,0.4,0.25,0.35,70,20,False,medium,none,False,£48m Chelsea signing competes in same CM two-from-three with Mainoo/Tielemans.,transfer_note|meerkat_nailed,https://www.fantasyfootballscout.co.uk/fpl-2026-27-transfer-news-confirmed-summer-signings;https://fpl.page/article/fpl-gw1-predicted-lineups-2627,a,,,,,16,MUN,aligned,,available,none,none,not_role_eligible,,,
Man Utd,MUN,439,Šeško,FWD,Rotation,0.4,0.25,0.35,70,20,False,medium,none,False,ST in Meerkat Cunha/Mbeumo/Sesko vs Amad fight; not Scout XI. API shin 75% — role when fit.,meerkat_nailed|api_status,https://fpl.page/article/fpl-gw1-predicted-lineups-2627;data/processed/players.parquet,d,75.0,,Shin injury - 75% chance of playing,2026-07-23T12:01:23.722029Z,16,MUN,aligned,,doubt,api_doubt_gw1,medium,not_role_eligible,Shin injury - 75% chance of playing,api_status,data/processed/players.parquet
Man Utd,MUN,416,De Ligt,DEF,Cameo,0.1,0.35,0.55,60,15,False,medium,none,False,Scout lists Out; CB cover behind Maguire/Martinez. API back injury unknown return — role when fit.,scout_xi|api_status,https://www.fantasyfootballscout.co.uk/team-news;data/processed/players.parquet,i,0.0,,Back injury - Unknown return date,2026-07-23T12:01:23.690880Z,16,MUN,aligned,,unavailable,api_unavailable_gw1,high,not_role_eligible,Back injury - Unknown return date,api_status,data/processed/players.parquet
Man Utd,MUN,433,Ugarte,MID,Cameo,0.1,0.35,0.55,60,15,False,medium,none,False,Scout lists Out; CM depth behind Bruno/rotation trio. API knee unknown return.,scout_xi|api_status,https://www.fantasyfootballscout.co.uk/team-news;data/processed/players.parquet,i,0.0,,Knee injury - Unknown return date,2026-07-23T12:01:23.706702Z,16,MUN,aligned,,unavailable,api_unavailable_gw1,high,not_role_eligible,Knee injury - Unknown return date,api_status,data/processed/players.parquet
Man Utd,MUN,422,Mazraoui,DEF,Cameo,0.1,0.35,0.55,60,15,False,low,single_source,False,Fullback cover for Dalot/Shaw; neither Scout XI nor Meerkat green.,scout_xi,https://www.fantasyfootballscout.co.uk/team-news,a,,,,,16,MUN,aligned,,available,none,none,not_role_eligible,,,
Newcastle,NEW,442,Pope,GKP,Regular Starter,0.75,0.1,0.15,80,20,False,medium,nailed_vs_regular->regular,True,Pope shared recent friendly goalkeeper minutes with new signing Jaouen; Jaouen started the Bristol City friendly. Direct competition prevents a Nailed label until a senior XI confirms hierarchy.,meerkat_nailed|scout_xi|official_newcastle,https://fpl.page/article/fpl-gw1-predicted-lineups-2627;https://www.fantasyfootballscout.co.uk/team-news;https://www.newcastleunited.com/en/news/confirmed-line-up-jaouen-starts-at-ashton-gate,a,,,,,17,NEW,aligned,,available,none,none,eligible,,,
Newcastle,NEW,445,Thiaw,DEF,Nailed Starter,0.9,0.05,0.05,85,20,False,high,none,True,Meerkat green + Scout XI CB; one of few Newcastle defensive certainties.,meerkat_nailed|scout_xi,https://fpl.page/article/fpl-gw1-predicted-lineups-2627;https://www.fantasyfootballscout.co.uk/team-news,a,,,,,17,NEW,aligned,,available,none,none,eligible,,,
Newcastle,NEW,450,Livramento,DEF,Nailed Starter,0.9,0.05,0.05,85,20,False,medium,none,True,Meerkat green + Scout XI RB. API calf 75% — keep Nailed when fit.,meerkat_nailed|scout_xi|api_status,https://fpl.page/article/fpl-gw1-predicted-lineups-2627;https://www.fantasyfootballscout.co.uk/team-news;data/processed/players.parquet,d,75.0,,Calf injury - 75% chance of playing,2026-07-23T12:01:23.753221Z,17,NEW,aligned,,doubt,api_doubt_gw1,medium,watch,Calf injury - 75% chance of playing,api_status,data/processed/players.parquet
Newcastle,NEW,452,Bruno G.,MID,Nailed Starter,0.9,0.05,0.05,85,20,False,medium,none,True,Meerkat green + Scout XI CM; exit rumour noted but role when still at club/fit. Gordon/Tonali exits raise his midfield load.,meerkat_nailed|scout_xi|transfer_note,https://fpl.page/article/fpl-gw1-predicted-lineups-2627;https://www.fantasyfootballscout.co.uk/team-news;https://www.fantasyfootballscout.co.uk/fpl-2026-27-transfer-news-confirmed-summer-signings,a,,,,,17,NEW,aligned,,available,none,none,eligible,,,
Newcastle,NEW,447,Botman,DEF,Rotation,0.4,0.25,0.35,70,20,False,medium,regular_vs_rotation->rotation,False,Scout XI CB demoted: Meerkat Burn/Botman rotate — not Draft-eligible.,scout_xi|meerkat_nailed,https://www.fantasyfootballscout.co.uk/team-news;https://fpl.page/article/fpl-gw1-predicted-lineups-2627,a,,,,,17,NEW,aligned,,available,none,none,not_role_eligible,,,
Newcastle,NEW,449,Hall,DEF,Rotation,0.4,0.25,0.35,70,20,False,medium,regular_vs_rotation->rotation,False,Scout XI LB demoted: Meerkat notes Hall benched before; not green.,scout_xi|meerkat_nailed,https://www.fantasyfootballscout.co.uk/team-news;https://fpl.page/article/fpl-gw1-predicted-lineups-2627,a,,,,,17,NEW,aligned,,available,none,none,not_role_eligible,,,
Newcastle,NEW,448,Burn,DEF,Rotation,0.4,0.25,0.35,70,20,False,medium,none,False,Meerkat explicit Burn/Botman CB rotation; not Scout XI.,meerkat_nailed,https://fpl.page/article/fpl-gw1-predicted-lineups-2627,a,,,,,17,NEW,aligned,,available,none,none,not_role_eligible,,,
Newcastle,NEW,459,L.Miley,MID,Rotation,0.4,0.25,0.35,70,20,False,low,regular_vs_rotation->rotation,False,"Scout XI CM after Tonali exit, but midfield unsettled and conservative Newcastle Draft drops him. API leg injury expected back 30 Aug — role when fit.",scout_xi|transfer_note|api_status,https://www.fantasyfootballscout.co.uk/team-news;https://www.fantasyfootballscout.co.uk/fpl-2026-27-transfer-news-confirmed-summer-signings;data/processed/players.parquet,i,0.0,,Leg injury - Expected back 30 Aug,2026-07-23T12:01:23.785456Z,17,NEW,aligned,,unavailable,api_unavailable_gw1,high,not_role_eligible,Leg injury - Expected back 30 Aug,api_status,data/processed/players.parquet
Newcastle,NEW,453,Barnes,MID,Rotation,0.4,0.25,0.35,70,20,False,medium,regular_vs_rotation->rotation,False,Scout XI winger demoted: Meerkat Barnes/Elanga rotate.,scout_xi|meerkat_nailed,https://www.fantasyfootballscout.co.uk/team-news;https://fpl.page/article/fpl-gw1-predicted-lineups-2627,a,,,,,17,NEW,aligned,,available,none,none,not_role_eligible,,,
Newcastle,NEW,454,Elanga,MID,Rotation,0.4,0.25,0.35,70,20,False,medium,none,False,Meerkat Barnes/Elanga wing rotation; Gordon gone opens minutes but shared.,meerkat_nailed|transfer_note,https://fpl.page/article/fpl-gw1-predicted-lineups-2627;https://www.fantasyfootballscout.co.uk/fpl-2026-27-transfer-news-confirmed-summer-signings,a,,,,,17,NEW,aligned,,available,none,none,not_role_eligible,,,
Newcastle,NEW,460,Willock,MID,Rotation,0.4,0.25,0.35,70,20,False,low,regular_vs_rotation->rotation,False,Scout XI AM; Meerkat few-nailed / midfield flux — conservative demotion to Rotation.,scout_xi|meerkat_nailed,https://www.fantasyfootballscout.co.uk/team-news;https://fpl.page/article/fpl-gw1-predicted-lineups-2627,a,,,,,17,NEW,aligned,,available,none,none,not_role_eligible,,,
Newcastle,NEW,456,J.Ramsey,MID,Rotation,0.4,0.25,0.35,70,20,False,low,regular_vs_rotation->rotation,False,Scout XI attacker; not Meerkat green and attack unsettled post-Gordon — Rotation.,scout_xi|meerkat_nailed,https://www.fantasyfootballscout.co.uk/team-news;https://fpl.page/article/fpl-gw1-predicted-lineups-2627,a,,,,,17,NEW,aligned,,available,none,none,not_role_eligible,,,
Newcastle,NEW,465,Osula,FWD,Rotation,0.4,0.25,0.35,70,20,False,medium,regular_vs_rotation->rotation,False,Scout XI #9 demoted: Meerkat ST minefield (Osula/Wissa/Woltemade).,scout_xi|meerkat_nailed,https://www.fantasyfootballscout.co.uk/team-news;https://fpl.page/article/fpl-gw1-predicted-lineups-2627,a,,,,,17,NEW,aligned,,available,none,none,not_role_eligible,,,
Newcastle,NEW,461,Touré,MID,Rotation,0.4,0.25,0.35,70,20,False,medium,none,False,"£43m Hoffenheim signing as Gordon-type replacement; Meerkat flags with Bamba as wing options, not nailed.",transfer_note|meerkat_nailed,https://www.fantasyfootballscout.co.uk/fpl-2026-27-transfer-news-confirmed-summer-signings;https://fpl.page/article/fpl-gw1-predicted-lineups-2627,a,,,,,17,NEW,aligned,,available,none,none,not_role_eligible,,,
Newcastle,NEW,559,Bamba,MID,Rotation,0.4,0.25,0.35,70,20,False,medium,none,False,Meerkat lists Bamba with Touré as Gordon replacement options; shared wide minutes.,meerkat_nailed|transfer_note,https://fpl.page/article/fpl-gw1-predicted-lineups-2627;https://www.fantasyfootballscout.co.uk/fpl-2026-27-transfer-news-confirmed-summer-signings,a,,,,,17,NEW,aligned,,available,none,none,not_role_eligible,,,
Newcastle,NEW,463,Woltemade,FWD,Cameo,0.1,0.35,0.55,60,15,False,low,single_source,False,ST minefield challenger; not Scout XI.,meerkat_nailed,https://fpl.page/article/fpl-gw1-predicted-lineups-2627,a,,,,,17,NEW,aligned,,available,none,none,not_role_eligible,,,
Newcastle,NEW,464,Wissa,FWD,Cameo,0.1,0.35,0.55,60,15,False,low,single_source,False,ST minefield challenger; not Scout XI.,meerkat_nailed,https://fpl.page/article/fpl-gw1-predicted-lineups-2627,a,,,,,17,NEW,aligned,,available,none,none,not_role_eligible,,,
Newcastle,NEW,458,Joelinton,MID,Cameo,0.1,0.35,0.55,60,15,False,low,single_source,False,CM depth behind Bruno G.; API thigh 75%. Not Scout XI.,scout_xi|api_status,https://www.fantasyfootballscout.co.uk/team-news;data/processed/players.parquet,d,75.0,,Thigh injury - 75% chance of playing,2026-07-23T12:01:23.769696Z,17,NEW,aligned,,doubt,api_doubt_gw1,medium,not_role_eligible,Thigh injury - 75% chance of playing,api_status,data/processed/players.parquet
Nott'm Forest,NFO,467,Sels,GKP,Nailed Starter,0.9,0.05,0.05,85,20,False,high,none,True,Meerkat green + Scout XI #1 GK.,meerkat_nailed|scout_xi,https://fpl.page/article/fpl-gw1-predicted-lineups-2627;https://www.fantasyfootballscout.co.uk/team-news,a,,,,,18,NFO,aligned,,available,none,none,eligible,,,
Nott'm Forest,NFO,469,N.Williams,DEF,Nailed Starter,0.9,0.05,0.05,85,20,False,high,none,True,Meerkat green + Scout XI wing-back/fullback in Forest setup.,meerkat_nailed|scout_xi,https://fpl.page/article/fpl-gw1-predicted-lineups-2627;https://www.fantasyfootballscout.co.uk/team-news,a,,,,,18,NFO,aligned,,available,none,none,eligible,,,
Nott'm Forest,NFO,472,Murillo,DEF,Nailed Starter,0.9,0.05,0.05,85,20,False,medium,none,True,Meerkat green + Scout XI CB. API muscle 75% — keep Nailed when fit.,meerkat_nailed|scout_xi|api_status,https://fpl.page/article/fpl-gw1-predicted-lineups-2627;https://www.fantasyfootballscout.co.uk/team-news;data/processed/players.parquet,d,75.0,,Muscle injury - 75% chance of playing,2026-07-23T12:01:23.801183Z,18,NFO,aligned,,doubt,api_doubt_gw1,medium,watch,Muscle injury - 75% chance of playing,api_status,data/processed/players.parquet
Nott'm Forest,NFO,471,Milenković,DEF,Nailed Starter,0.9,0.05,0.05,85,20,False,high,none,True,Meerkat green + Scout XI CB partner to Murillo.,meerkat_nailed|scout_xi,https://fpl.page/article/fpl-gw1-predicted-lineups-2627;https://www.fantasyfootballscout.co.uk/team-news,a,,,,,18,NFO,aligned,,available,none,none,eligible,,,
Nott'm Forest,NFO,473,Aina,DEF,Nailed Starter,0.9,0.05,0.05,85,20,False,high,none,True,Meerkat green + Scout XI wing-back; locked wide defender.,meerkat_nailed|scout_xi,https://fpl.page/article/fpl-gw1-predicted-lineups-2627;https://www.fantasyfootballscout.co.uk/team-news,a,,,,,18,NFO,aligned,,available,none,none,eligible,,,
Nott'm Forest,NFO,488,Sangaré,MID,Nailed Starter,0.9,0.05,0.05,85,20,False,high,none,True,Meerkat green + Scout XI DM; midfield anchor post-Anderson sale.,meerkat_nailed|scout_xi|transfer_note,https://fpl.page/article/fpl-gw1-predicted-lineups-2627;https://www.fantasyfootballscout.co.uk/team-news;https://www.fantasyfootballscout.co.uk/fpl-2026-27-transfer-news-confirmed-summer-signings,a,,,,,18,NFO,aligned,,available,none,none,eligible,,,
Nott'm Forest,NFO,480,Gibbs-White,MID,Nailed Starter,0.9,0.05,0.05,85,20,False,high,none,True,Meerkat green + Scout XI creative #10; primary Forest attacker.,meerkat_nailed|scout_xi,https://fpl.page/article/fpl-gw1-predicted-lineups-2627;https://www.fantasyfootballscout.co.uk/team-news,a,,,,,18,NFO,aligned,,available,none,none,eligible,,,
Nott'm Forest,NFO,474,Jair Cunha,DEF,Regular Starter,0.75,0.1,0.15,80,20,False,medium,nailed_vs_regular->regular,True,Scout XI third CB; not Meerkat green — demote from Nailed lean to Regular.,scout_xi|meerkat_nailed,https://www.fantasyfootballscout.co.uk/team-news;https://fpl.page/article/fpl-gw1-predicted-lineups-2627,a,,,,,18,NFO,aligned,,available,none,none,eligible,,,
Nott'm Forest,NFO,558,Schlager,MID,Regular Starter,0.75,0.1,0.15,80,20,False,medium,none,True,"Free RB Leipzig signing into Anderson role after £116m MCI sale; Meerkat flags as Anderson replacement, not green yet.",transfer_note|meerkat_nailed,https://www.fantasyfootballscout.co.uk/fpl-2026-27-transfer-news-confirmed-summer-signings;https://fpl.page/article/fpl-gw1-predicted-lineups-2627,a,,,,,18,NFO,aligned,,available,none,none,eligible,,,
Nott'm Forest,NFO,491,Igor Jesus,FWD,Regular Starter,0.75,0.1,0.15,80,20,False,medium,nailed_vs_regular->regular,True,Meerkat near-nailed #9 demoted to Regular on Wood competition risk; Scout starts Wood instead.,meerkat_nailed|scout_xi,https://fpl.page/article/fpl-gw1-predicted-lineups-2627;https://www.fantasyfootballscout.co.uk/team-news,a,,,,,18,NFO,aligned,,available,none,none,eligible,,,
Nott'm Forest,NFO,487,Dominguez,MID,Rotation,0.4,0.25,0.35,70,20,False,medium,regular_vs_rotation->rotation,False,Scout XI CM demoted: Schlager targets Anderson minutes; midfield share with Sangare/Schlager.,scout_xi|transfer_note|meerkat_nailed,https://www.fantasyfootballscout.co.uk/team-news;https://www.fantasyfootballscout.co.uk/fpl-2026-27-transfer-news-confirmed-summer-signings;https://fpl.page/article/fpl-gw1-predicted-lineups-2627,a,,,,,18,NFO,aligned,,available,none,none,not_role_eligible,,,
Nott'm Forest,NFO,484,Hutchinson,MID,Rotation,0.4,0.25,0.35,70,20,False,medium,regular_vs_rotation->rotation,False,Scout XI winger demoted: Meerkat wingers rotate (Hudson-Odoi/Ndoye/Bakwa/Hutchinson).,scout_xi|meerkat_nailed,https://www.fantasyfootballscout.co.uk/team-news;https://fpl.page/article/fpl-gw1-predicted-lineups-2627,a,,,,,18,NFO,aligned,,available,none,none,not_role_eligible,,,
Nott'm Forest,NFO,490,Wood,FWD,Rotation,0.4,0.25,0.35,70,20,False,medium,regular_vs_rotation->rotation,False,Scout XI #9 demoted: Meerkat prefers Igor Jesus near-nailed with Wood as risk/competition.,scout_xi|meerkat_nailed,https://www.fantasyfootballscout.co.uk/team-news;https://fpl.page/article/fpl-gw1-predicted-lineups-2627,a,,,,,18,NFO,aligned,,available,none,none,not_role_eligible,,,
Nott'm Forest,NFO,482,Hudson-Odoi,MID,Rotation,0.4,0.25,0.35,70,20,False,medium,none,False,Wing rotation pool; API thigh 75%. Meerkat wingers not nailed.,meerkat_nailed|api_status,https://fpl.page/article/fpl-gw1-predicted-lineups-2627;data/processed/players.parquet,d,75.0,,Thigh injury - 75% chance of playing,2026-07-23T12:01:23.832709Z,18,NFO,aligned,,doubt,api_doubt_gw1,medium,not_role_eligible,Thigh injury - 75% chance of playing,api_status,data/processed/players.parquet
Nott'm Forest,NFO,483,Ndoye,MID,Rotation,0.4,0.25,0.35,70,20,False,low,single_source,False,Wing rotation challenger; not Scout XI.,meerkat_nailed,https://fpl.page/article/fpl-gw1-predicted-lineups-2627,a,,,,,18,NFO,aligned,,available,none,none,not_role_eligible,,,
Nott'm Forest,NFO,485,Bakwa,MID,Cameo,0.1,0.35,0.55,60,15,False,low,single_source,False,Wide depth in Meerkat wing-rotation set; fringe vs Hutchinson/Hudson-Odoi/Ndoye.,meerkat_nailed,https://fpl.page/article/fpl-gw1-predicted-lineups-2627,a,,,,,18,NFO,aligned,,available,none,none,not_role_eligible,,,
Nott'm Forest,NFO,470,Morato,DEF,Cameo,0.1,0.35,0.55,60,15,False,low,single_source,False,CB cover behind Murillo/Milenkovic/Jair; not Scout XI.,scout_xi,https://www.fantasyfootballscout.co.uk/team-news,a,,,,,18,NFO,aligned,,available,none,none,not_role_eligible,,,
Spurs,TOT,496,Kinsky,GKP,Regular Starter,0.75,0.1,0.15,80,20,False,medium,nailed_vs_regular->regular,True,"Kinsky started the first friendly but Austin and Dubravka started later selections, including the stronger Sydney XI. Conservative demotion to Regular pending senior XI confirmation.",scout_xi|meerkat_nailed|transfer_note|official_spurs,https://www.fantasyfootballscout.co.uk/team-news;https://fpl.page/article/fpl-gw1-predicted-lineups-2627;https://www.fantasyfootballscout.co.uk/fpl-2026-27-transfer-news-confirmed-summer-signings;https://www.tottenhamhotspur.com/news/1080518/victory-on-penalties-after-tel-stunner-against-sydney,a,,,,,19,TOT,aligned,,available,none,none,eligible,,,
Spurs,TOT,503,Van de Ven,DEF,Nailed Starter,0.9,0.05,0.05,85,20,False,high,none,True,Meerkat green + Scout XI CB; can also cover LB which un-nails Udogie.,meerkat_nailed|scout_xi,https://fpl.page/article/fpl-gw1-predicted-lineups-2627;https://www.fantasyfootballscout.co.uk/team-news,a,,,,,19,TOT,aligned,,available,none,none,eligible,,,
Spurs,TOT,499,Pedro Porro,DEF,Nailed Starter,0.9,0.05,0.05,85,20,False,high,none,True,Meerkat green + Scout XI RB.,meerkat_nailed|scout_xi,https://fpl.page/article/fpl-gw1-predicted-lineups-2627;https://www.fantasyfootballscout.co.uk/team-news,a,,,,,19,TOT,aligned,,available,none,none,eligible,,,
Spurs,TOT,112,Van Hecke,DEF,Regular Starter,0.75,0.1,0.15,80,20,False,medium,nailed_vs_regular->regular,True,Meerkat green CB (£52m from Brighton) but Scout starts Danso — demote to Regular.,meerkat_nailed|scout_xi|transfer_note,https://fpl.page/article/fpl-gw1-predicted-lineups-2627;https://www.fantasyfootballscout.co.uk/team-news;https://www.fantasyfootballscout.co.uk/fpl-2026-27-transfer-news-confirmed-summer-signings,a,,,,,19,TOT,aligned,,available,none,none,eligible,,,
Spurs,TOT,525,Fernandes,MID,Regular Starter,0.75,0.1,0.15,80,20,False,medium,nailed_vs_regular->regular,True,Meerkat green Mateus Fernandes (£85m) but Scout CM is Bentancur/Gallagher — demote to Regular.,meerkat_nailed|scout_xi|transfer_note,https://fpl.page/article/fpl-gw1-predicted-lineups-2627;https://www.fantasyfootballscout.co.uk/team-news;https://www.fantasyfootballscout.co.uk/fpl-2026-27-transfer-news-confirmed-summer-signings,a,,,,,19,TOT,aligned,,available,none,none,eligible,,,
Spurs,TOT,455,Tonali,MID,Regular Starter,0.75,0.1,0.15,80,20,False,medium,nailed_vs_regular->regular,True,Meerkat green £100m from Newcastle; Scout omits for Bentancur/Gallagher — demote to Regular.,meerkat_nailed|scout_xi|transfer_note,https://fpl.page/article/fpl-gw1-predicted-lineups-2627;https://www.fantasyfootballscout.co.uk/team-news;https://www.fantasyfootballscout.co.uk/fpl-2026-27-transfer-news-confirmed-summer-signings,a,,,,,19,TOT,aligned,,available,none,none,eligible,,,
Spurs,TOT,506,Udogie,DEF,Regular Starter,0.75,0.1,0.15,80,20,False,medium,nailed_vs_regular->regular,True,Scout XI LB but Meerkat un-nails him because VDV can play LB — Regular not Nailed.,scout_xi|meerkat_nailed,https://www.fantasyfootballscout.co.uk/team-news;https://fpl.page/article/fpl-gw1-predicted-lineups-2627,a,,,,,19,TOT,aligned,,available,none,none,eligible,,,
Spurs,TOT,512,Kudus,MID,Regular Starter,0.75,0.1,0.15,80,20,False,medium,none,True,Scout XI RW; Meerkat managed then first choice. API thigh 75% — role when fit.,scout_xi|meerkat_nailed|api_status,https://www.fantasyfootballscout.co.uk/team-news;https://fpl.page/article/fpl-gw1-predicted-lineups-2627;data/processed/players.parquet,d,75.0,,Thigh injury - 75% chance of playing,2026-07-23T12:01:23.848657Z,19,TOT,aligned,,doubt,api_doubt_gw1,medium,watch,Thigh injury - 75% chance of playing,api_status,data/processed/players.parquet
Spurs,TOT,515,Maddison,MID,Regular Starter,0.75,0.1,0.15,80,20,False,medium,none,True,Scout XI #10; Meerkat managed then first choice alongside Kudus.,scout_xi|meerkat_nailed,https://www.fantasyfootballscout.co.uk/team-news;https://fpl.page/article/fpl-gw1-predicted-lineups-2627,a,,,,,19,TOT,aligned,,available,none,none,eligible,,,
Spurs,TOT,514,Tel,MID,Regular Starter,0.75,0.1,0.15,80,20,False,medium,none,True,Scout XI LW; Meerkat Tel LW for now — default wide starter early.,scout_xi|meerkat_nailed,https://www.fantasyfootballscout.co.uk/team-news;https://fpl.page/article/fpl-gw1-predicted-lineups-2627,a,,,,,19,TOT,aligned,,available,none,none,eligible,,,
Spurs,TOT,526,Solanke,FWD,Regular Starter,0.75,0.1,0.15,80,20,False,medium,none,True,Scout XI #9; not Meerkat green but clear Scout striker over Richarlison.,scout_xi,https://www.fantasyfootballscout.co.uk/team-news,a,,,,,19,TOT,aligned,,available,none,none,eligible,,,
Spurs,TOT,501,Danso,DEF,Rotation,0.4,0.25,0.35,70,20,False,medium,regular_vs_rotation->rotation,False,Scout XI CB demoted: Meerkat nails van Hecke and notes Senesi CB competition.,scout_xi|meerkat_nailed|transfer_note,https://www.fantasyfootballscout.co.uk/team-news;https://fpl.page/article/fpl-gw1-predicted-lineups-2627;https://www.fantasyfootballscout.co.uk/fpl-2026-27-transfer-news-confirmed-summer-signings,a,,,,,19,TOT,aligned,,available,none,none,not_role_eligible,,,
Spurs,TOT,498,Senesi,DEF,Rotation,0.4,0.25,0.35,70,20,False,medium,none,False,Free from Bournemouth; Meerkat Senesi competes for CB minutes vs van Hecke/Danso/Romero.,transfer_note|meerkat_nailed,https://www.fantasyfootballscout.co.uk/fpl-2026-27-transfer-news-confirmed-summer-signings;https://fpl.page/article/fpl-gw1-predicted-lineups-2627,a,,,,,19,TOT,aligned,,available,none,none,not_role_eligible,,,
Spurs,TOT,516,Bentancur,MID,Rotation,0.4,0.25,0.35,70,20,False,medium,regular_vs_rotation->rotation,False,Scout XI CM demoted by Meerkat Tonali/Fernandes midfield priority.,scout_xi|meerkat_nailed|transfer_note,https://www.fantasyfootballscout.co.uk/team-news;https://fpl.page/article/fpl-gw1-predicted-lineups-2627;https://www.fantasyfootballscout.co.uk/fpl-2026-27-transfer-news-confirmed-summer-signings,a,,,,,19,TOT,aligned,,available,none,none,not_role_eligible,,,
Spurs,TOT,519,Gallagher,MID,Rotation,0.4,0.25,0.35,70,20,False,medium,regular_vs_rotation->rotation,False,Scout XI CM demoted: Tonali/Fernandes Meerkat greens take midfield hierarchy.,scout_xi|meerkat_nailed|transfer_note,https://www.fantasyfootballscout.co.uk/team-news;https://fpl.page/article/fpl-gw1-predicted-lineups-2627;https://www.fantasyfootballscout.co.uk/fpl-2026-27-transfer-news-confirmed-summer-signings,a,,,,,19,TOT,aligned,,available,none,none,not_role_eligible,,,
Spurs,TOT,500,Romero,DEF,Cameo,0.1,0.35,0.55,60,15,False,low,single_source,False,Neither Scout XI nor Meerkat green; CB depth behind VDV/van Hecke fight.,scout_xi|meerkat_nailed,https://www.fantasyfootballscout.co.uk/team-news;https://fpl.page/article/fpl-gw1-predicted-lineups-2627,a,,,,,19,TOT,aligned,,available,none,none,not_role_eligible,,,
Spurs,TOT,502,Robertson,DEF,Cameo,0.1,0.35,0.55,60,15,False,low,single_source,False,Free from Liverpool; LB cover with Udogie/VDV preferred early.,transfer_note|meerkat_nailed,https://www.fantasyfootballscout.co.uk/fpl-2026-27-transfer-news-confirmed-summer-signings;https://fpl.page/article/fpl-gw1-predicted-lineups-2627,a,,,,,19,TOT,aligned,,available,none,none,not_role_eligible,,,
Spurs,TOT,527,Richarlison,FWD,Cameo,0.1,0.35,0.55,60,15,False,low,single_source,False,ST depth behind Solanke; not Scout XI.,scout_xi,https://www.fantasyfootballscout.co.uk/team-news,a,,,,,19,TOT,aligned,,available,none,none,not_role_eligible,,,
Sunderland,SUN,529,Roefs,GKP,Nailed Starter,0.9,0.05,0.05,85,20,False,high,none,True,Meerkat green + Scout XI #1 GK.,meerkat_nailed|scout_xi,https://fpl.page/article/fpl-gw1-predicted-lineups-2627;https://www.fantasyfootballscout.co.uk/team-news,a,,,,,20,SUN,aligned,,available,none,none,eligible,,,
Sunderland,SUN,533,Mukiele,DEF,Nailed Starter,0.9,0.05,0.05,85,20,False,high,none,True,Meerkat green + Scout XI RB; Meunier signed as backup.,meerkat_nailed|scout_xi|transfer_note,https://fpl.page/article/fpl-gw1-predicted-lineups-2627;https://www.fantasyfootballscout.co.uk/team-news;https://www.fantasyfootballscout.co.uk/fpl-2026-27-transfer-news-confirmed-summer-signings,a,,,,,20,SUN,aligned,,available,none,none,eligible,,,
Sunderland,SUN,532,Ballard,DEF,Nailed Starter,0.9,0.05,0.05,85,20,False,high,none,True,Meerkat green + Scout XI CB.,meerkat_nailed|scout_xi,https://fpl.page/article/fpl-gw1-predicted-lineups-2627;https://www.fantasyfootballscout.co.uk/team-news,a,,,,,20,SUN,aligned,,available,none,none,eligible,,,
Sunderland,SUN,535,Alderete,DEF,Nailed Starter,0.9,0.05,0.05,85,20,False,high,none,True,Meerkat green + Scout XI CB partner.,meerkat_nailed|scout_xi,https://fpl.page/article/fpl-gw1-predicted-lineups-2627;https://www.fantasyfootballscout.co.uk/team-news,a,,,,,20,SUN,aligned,,available,none,none,eligible,,,
Sunderland,SUN,536,Reinildo,DEF,Nailed Starter,0.9,0.05,0.05,85,20,False,high,none,True,Meerkat green + Scout XI LB.,meerkat_nailed|scout_xi,https://fpl.page/article/fpl-gw1-predicted-lineups-2627;https://www.fantasyfootballscout.co.uk/team-news,a,,,,,20,SUN,aligned,,available,none,none,eligible,,,
Sunderland,SUN,545,Sadiki,MID,Nailed Starter,0.9,0.05,0.05,85,20,False,medium,none,True,Meerkat green + Scout XI CM; EL rotation risk noted but still green for GW1–5.,meerkat_nailed|scout_xi,https://fpl.page/article/fpl-gw1-predicted-lineups-2627;https://www.fantasyfootballscout.co.uk/team-news,a,,,,,20,SUN,aligned,,available,none,none,eligible,,,
Sunderland,SUN,544,Xhaka,MID,Nailed Starter,0.9,0.05,0.05,85,20,False,medium,none,True,"Meerkat green + Scout XI CM pivot; EL rotation caveat, still early nailed.",meerkat_nailed|scout_xi,https://fpl.page/article/fpl-gw1-predicted-lineups-2627;https://www.fantasyfootballscout.co.uk/team-news,a,,,,,20,SUN,aligned,,available,none,none,eligible,,,
Sunderland,SUN,542,E.Le Fée,MID,Nailed Starter,0.9,0.05,0.05,85,20,False,medium,none,True,Meerkat green + Scout XI #10/AM; EL rotation risk — medium confidence.,meerkat_nailed|scout_xi,https://fpl.page/article/fpl-gw1-predicted-lineups-2627;https://www.fantasyfootballscout.co.uk/team-news,a,,,,,20,SUN,aligned,,available,none,none,eligible,,,
Sunderland,SUN,552,Brobbey,FWD,Nailed Starter,0.9,0.05,0.05,85,20,False,medium,none,True,Meerkat green + Scout XI #9; EL rotation could trim minutes later but green for GW1–5.,meerkat_nailed|scout_xi,https://fpl.page/article/fpl-gw1-predicted-lineups-2627;https://www.fantasyfootballscout.co.uk/team-news,a,,,,,20,SUN,aligned,,available,none,none,eligible,,,
Sunderland,SUN,534,Hume,DEF,Rotation,0.4,0.25,0.35,70,20,False,medium,regular_vs_rotation->rotation,False,Scout XI winger demoted: Meerkat wingers not nailed / EL rotation.,scout_xi|meerkat_nailed,https://www.fantasyfootballscout.co.uk/team-news;https://fpl.page/article/fpl-gw1-predicted-lineups-2627,a,,,,,20,SUN,aligned,,available,none,none,not_role_eligible,,,
Sunderland,SUN,551,Angulo,MID,Rotation,0.4,0.25,0.35,70,20,False,medium,regular_vs_rotation->rotation,False,Scout XI winger demoted: Meerkat wingers not nailed.,scout_xi|meerkat_nailed,https://www.fantasyfootballscout.co.uk/team-news;https://fpl.page/article/fpl-gw1-predicted-lineups-2627,a,,,,,20,SUN,aligned,,available,none,none,not_role_eligible,,,
Sunderland,SUN,546,Adingra,MID,Rotation,0.4,0.25,0.35,70,20,False,low,single_source,False,Wide rotation challenger outside Scout XI; Meerkat wingers not nailed.,meerkat_nailed,https://fpl.page/article/fpl-gw1-predicted-lineups-2627,a,,,,,20,SUN,aligned,,available,none,none,not_role_eligible,,,
Sunderland,SUN,549,Talbi,MID,Rotation,0.4,0.25,0.35,70,20,False,low,single_source,False,Wide/attack rotation option; not Scout XI.,meerkat_nailed,https://fpl.page/article/fpl-gw1-predicted-lineups-2627,a,,,,,20,SUN,aligned,,available,none,none,not_role_eligible,,,
Sunderland,SUN,541,Meunier,DEF,Cameo,0.1,0.35,0.55,60,15,False,medium,none,False,Free from Lille; Meerkat backup to Mukiele at RB.,transfer_note|meerkat_nailed,https://www.fantasyfootballscout.co.uk/fpl-2026-27-transfer-news-confirmed-summer-signings;https://fpl.page/article/fpl-gw1-predicted-lineups-2627,a,,,,,20,SUN,aligned,,available,none,none,not_role_eligible,,,
Sunderland,SUN,553,Isidor,FWD,Cameo,0.1,0.35,0.55,60,15,False,low,single_source,False,ST depth behind Brobbey; not Scout XI.,scout_xi,https://www.fantasyfootballscout.co.uk/team-news,a,,,,,20,SUN,aligned,,available,none,none,not_role_eligible,,,
Sunderland,SUN,543,Diarra,MID,Cameo,0.1,0.35,0.55,60,15,False,low,single_source,False,Midfield depth behind Xhaka/Sadiki/Le Fee.,scout_xi|meerkat_nailed,https://www.fantasyfootballscout.co.uk/team-news;https://fpl.page/article/fpl-gw1-predicted-lineups-2627,a,,,,,20,SUN,aligned,,available,none,none,not_role_eligible,,,
Sunderland,SUN,547,Mundle,MID,Cameo,0.1,0.35,0.55,60,15,False,low,single_source,False,Wide depth in non-nailed wing pool.,meerkat_nailed,https://fpl.page/article/fpl-gw1-predicted-lineups-2627,a,,,,,20,SUN,aligned,,available,none,none,not_role_eligible,,,
