num_unique_clubs,allocation_pattern,clubs,club1,club2,club3,club4,club5,gw1_avg_fdr,gw2_avg_fdr,gw2_max_fdr,gw3_avg_fdr,gw1_3_rot_fdr,effective_avg_fdr,avg_fdr_corr
2,3+2,HUL-HUL-MUN-MUN-MUN,HUL,HUL,MUN,MUN,MUN,2.0,2.0,2.0,3.0,2.5,2.2727,0.4
3,2+2+1,HUL-HUL-MUN-MUN-SUN,HUL,HUL,MUN,MUN,SUN,2.0,2.0,2.0,3.0,2.5,2.2727,0.4
3,2+2+1,HUL-HUL-MUN-SUN-SUN,HUL,HUL,MUN,SUN,SUN,2.0,2.0,2.0,3.0,2.5,2.2727,0.4
2,3+2,HUL-HUL-SUN-SUN-SUN,HUL,HUL,SUN,SUN,SUN,2.0,2.0,2.0,3.0,2.5,2.2727,0.4
3,3+1+1,HUL-MUN-MUN-MUN-TOT,HUL,MUN,MUN,MUN,TOT,2.0,2.0,2.0,3.0,2.5,2.2727,0.5366
4,2+1+1+1,HUL-MUN-MUN-TOT-SUN,HUL,MUN,MUN,TOT,SUN,2.0,2.0,2.0,3.0,2.5,2.2727,0.5366
4,2+1+1+1,HUL-MUN-TOT-SUN-SUN,HUL,MUN,TOT,SUN,SUN,2.0,2.0,2.0,3.0,2.5,2.2727,0.5366
3,3+1+1,HUL-TOT-SUN-SUN-SUN,HUL,TOT,SUN,SUN,SUN,2.0,2.0,2.0,3.0,2.5,2.2727,0.5366
3,3+1+1,HUL-MUN-MUN-MUN-SUN,HUL,MUN,MUN,MUN,SUN,2.0,2.0,2.0,3.0,2.5,2.2727,0.6
3,2+2+1,HUL-MUN-MUN-SUN-SUN,HUL,MUN,MUN,SUN,SUN,2.0,2.0,2.0,3.0,2.5,2.2727,0.6
3,3+1+1,HUL-MUN-SUN-SUN-SUN,HUL,MUN,SUN,SUN,SUN,2.0,2.0,2.0,3.0,2.5,2.2727,0.6
3,3+1+1,CHE-HUL-MUN-MUN-MUN,CHE,HUL,MUN,MUN,MUN,2.0,2.0,2.0,3.0,2.5,2.2727,0.6162
4,2+1+1+1,CHE-HUL-MUN-MUN-SUN,CHE,HUL,MUN,MUN,SUN,2.0,2.0,2.0,3.0,2.5,2.2727,0.6162
4,2+1+1+1,CHE-HUL-MUN-SUN-SUN,CHE,HUL,MUN,SUN,SUN,2.0,2.0,2.0,3.0,2.5,2.2727,0.6162
3,3+1+1,CHE-HUL-SUN-SUN-SUN,CHE,HUL,SUN,SUN,SUN,2.0,2.0,2.0,3.0,2.5,2.2727,0.6162
2,3+2,COV-COV-MUN-MUN-MUN,COV,COV,MUN,MUN,MUN,2.0,2.0,2.0,3.0,2.5,2.2727,0.7
3,2+2+1,COV-COV-MUN-MUN-SUN,COV,COV,MUN,MUN,SUN,2.0,2.0,2.0,3.0,2.5,2.2727,0.7
3,2+2+1,COV-COV-MUN-SUN-SUN,COV,COV,MUN,SUN,SUN,2.0,2.0,2.0,3.0,2.5,2.2727,0.7
2,3+2,COV-COV-SUN-SUN-SUN,COV,COV,SUN,SUN,SUN,2.0,2.0,2.0,3.0,2.5,2.2727,0.7
3,3+1+1,COV-MUN-MUN-MUN-TOT,COV,MUN,MUN,MUN,TOT,2.0,2.0,2.0,3.0,2.5,2.2727,0.7
4,2+1+1+1,COV-MUN-MUN-TOT-SUN,COV,MUN,MUN,TOT,SUN,2.0,2.0,2.0,3.0,2.5,2.2727,0.7
4,2+1+1+1,COV-MUN-TOT-SUN-SUN,COV,MUN,TOT,SUN,SUN,2.0,2.0,2.0,3.0,2.5,2.2727,0.7
3,3+1+1,COV-TOT-SUN-SUN-SUN,COV,TOT,SUN,SUN,SUN,2.0,2.0,2.0,3.0,2.5,2.2727,0.7
2,3+2,MUN-MUN-MUN-TOT-TOT,MUN,MUN,MUN,TOT,TOT,2.0,2.0,2.0,3.0,2.5,2.2727,0.7
3,2+2+1,MUN-MUN-TOT-TOT-SUN,MUN,MUN,TOT,TOT,SUN,2.0,2.0,2.0,3.0,2.5,2.2727,0.7
3,2+2+1,MUN-TOT-TOT-SUN-SUN,MUN,TOT,TOT,SUN,SUN,2.0,2.0,2.0,3.0,2.5,2.2727,0.7
2,3+2,TOT-TOT-SUN-SUN-SUN,TOT,TOT,SUN,SUN,SUN,2.0,2.0,2.0,3.0,2.5,2.2727,0.7
3,3+1+1,COV-MUN-MUN-MUN-SUN,COV,MUN,MUN,MUN,SUN,2.0,2.0,2.0,3.0,2.5,2.2727,0.8
3,2+2+1,COV-MUN-MUN-SUN-SUN,COV,MUN,MUN,SUN,SUN,2.0,2.0,2.0,3.0,2.5,2.2727,0.8
3,3+1+1,COV-MUN-SUN-SUN-SUN,COV,MUN,SUN,SUN,SUN,2.0,2.0,2.0,3.0,2.5,2.2727,0.8
3,3+1+1,MUN-MUN-MUN-TOT-SUN,MUN,MUN,MUN,TOT,SUN,2.0,2.0,2.0,3.0,2.5,2.2727,0.8
3,2+2+1,MUN-MUN-TOT-SUN-SUN,MUN,MUN,TOT,SUN,SUN,2.0,2.0,2.0,3.0,2.5,2.2727,0.8
3,3+1+1,MUN-TOT-SUN-SUN-SUN,MUN,TOT,SUN,SUN,SUN,2.0,2.0,2.0,3.0,2.5,2.2727,0.8
3,3+1+1,CHE-COV-MUN-MUN-MUN,CHE,COV,MUN,MUN,MUN,2.0,2.0,2.0,3.0,2.5,2.2727,0.8091
4,2+1+1+1,CHE-COV-MUN-MUN-SUN,CHE,COV,MUN,MUN,SUN,2.0,2.0,2.0,3.0,2.5,2.2727,0.8091
4,2+1+1+1,CHE-COV-MUN-SUN-SUN,CHE,COV,MUN,SUN,SUN,2.0,2.0,2.0,3.0,2.5,2.2727,0.8091
3,3+1+1,CHE-COV-SUN-SUN-SUN,CHE,COV,SUN,SUN,SUN,2.0,2.0,2.0,3.0,2.5,2.2727,0.8091
3,3+1+1,CHE-MUN-MUN-MUN-TOT,CHE,MUN,MUN,MUN,TOT,2.0,2.0,2.0,3.0,2.5,2.2727,0.8091
4,2+1+1+1,CHE-MUN-MUN-TOT-SUN,CHE,MUN,MUN,TOT,SUN,2.0,2.0,2.0,3.0,2.5,2.2727,0.8091
4,2+1+1+1,CHE-MUN-TOT-SUN-SUN,CHE,MUN,TOT,SUN,SUN,2.0,2.0,2.0,3.0,2.5,2.2727,0.8091
3,3+1+1,CHE-TOT-SUN-SUN-SUN,CHE,TOT,SUN,SUN,SUN,2.0,2.0,2.0,3.0,2.5,2.2727,0.8091
2,3+2,CHE-CHE-MUN-MUN-MUN,CHE,CHE,MUN,MUN,MUN,2.0,2.0,2.0,3.0,2.5,2.2727,0.9669
3,2+2+1,CHE-CHE-MUN-MUN-SUN,CHE,CHE,MUN,MUN,SUN,2.0,2.0,2.0,3.0,2.5,2.2727,0.9669
3,2+2+1,CHE-CHE-MUN-SUN-SUN,CHE,CHE,MUN,SUN,SUN,2.0,2.0,2.0,3.0,2.5,2.2727,0.9669
2,3+2,CHE-CHE-SUN-SUN-SUN,CHE,CHE,SUN,SUN,SUN,2.0,2.0,2.0,3.0,2.5,2.2727,0.9669
3,3+1+1,CHE-MUN-MUN-MUN-SUN,CHE,MUN,MUN,MUN,SUN,2.0,2.0,2.0,3.0,2.5,2.2727,0.978
3,2+2+1,CHE-MUN-MUN-SUN-SUN,CHE,MUN,MUN,SUN,SUN,2.0,2.0,2.0,3.0,2.5,2.2727,0.978
3,3+1+1,CHE-MUN-SUN-SUN-SUN,CHE,MUN,SUN,SUN,SUN,2.0,2.0,2.0,3.0,2.5,2.2727,0.978
2,3+2,MUN-MUN-MUN-SUN-SUN,MUN,MUN,MUN,SUN,SUN,2.0,2.0,2.0,3.0,2.5,2.2727,1.0
2,3+2,MUN-MUN-SUN-SUN-SUN,MUN,MUN,SUN,SUN,SUN,2.0,2.0,2.0,3.0,2.5,2.2727,1.0
3,3+1+1,BRE-HUL-MUN-MUN-MUN,BRE,HUL,MUN,MUN,MUN,2.0,2.2,3.0,2.67,2.33,2.2727,0.0
4,2+1+1+1,BRE-HUL-MUN-MUN-SUN,BRE,HUL,MUN,MUN,SUN,2.0,2.2,3.0,2.67,2.33,2.2727,0.0
4,2+1+1+1,BRE-HUL-MUN-SUN-SUN,BRE,HUL,MUN,SUN,SUN,2.0,2.2,3.0,2.67,2.33,2.2727,0.0
3,3+1+1,BRE-HUL-SUN-SUN-SUN,BRE,HUL,SUN,SUN,SUN,2.0,2.2,3.0,2.67,2.33,2.2727,0.0
3,3+1+1,HUL-LIV-MUN-MUN-MUN,HUL,LIV,MUN,MUN,MUN,2.0,2.2,3.0,2.67,2.33,2.2727,0.0
4,2+1+1+1,HUL-LIV-MUN-MUN-SUN,HUL,LIV,MUN,MUN,SUN,2.0,2.2,3.0,2.67,2.33,2.2727,0.0
4,2+1+1+1,HUL-LIV-MUN-SUN-SUN,HUL,LIV,MUN,SUN,SUN,2.0,2.2,3.0,2.67,2.33,2.2727,0.0
3,3+1+1,HUL-LIV-SUN-SUN-SUN,HUL,LIV,SUN,SUN,SUN,2.0,2.2,3.0,2.67,2.33,2.2727,0.0
3,3+1+1,HUL-MCI-MUN-MUN-MUN,HUL,MCI,MUN,MUN,MUN,2.0,2.2,3.0,2.67,2.33,2.2727,0.0
4,2+1+1+1,HUL-MCI-MUN-MUN-SUN,HUL,MCI,MUN,MUN,SUN,2.0,2.2,3.0,2.67,2.33,2.2727,0.0
4,2+1+1+1,HUL-MCI-MUN-SUN-SUN,HUL,MCI,MUN,SUN,SUN,2.0,2.2,3.0,2.67,2.33,2.2727,0.0
3,3+1+1,HUL-MCI-SUN-SUN-SUN,HUL,MCI,SUN,SUN,SUN,2.0,2.2,3.0,2.67,2.33,2.2727,0.0
3,3+1+1,BRE-COV-MUN-MUN-MUN,BRE,COV,MUN,MUN,MUN,2.0,2.2,3.0,2.67,2.33,2.2727,0.1
4,2+1+1+1,BRE-COV-MUN-MUN-SUN,BRE,COV,MUN,MUN,SUN,2.0,2.2,3.0,2.67,2.33,2.2727,0.1
4,2+1+1+1,BRE-COV-MUN-SUN-SUN,BRE,COV,MUN,SUN,SUN,2.0,2.2,3.0,2.67,2.33,2.2727,0.1
3,3+1+1,BRE-COV-SUN-SUN-SUN,BRE,COV,SUN,SUN,SUN,2.0,2.2,3.0,2.67,2.33,2.2727,0.1
3,3+1+1,BRE-MUN-MUN-MUN-TOT,BRE,MUN,MUN,MUN,TOT,2.0,2.2,3.0,2.67,2.33,2.2727,0.1
4,2+1+1+1,BRE-MUN-MUN-TOT-SUN,BRE,MUN,MUN,TOT,SUN,2.0,2.2,3.0,2.67,2.33,2.2727,0.1
4,2+1+1+1,BRE-MUN-TOT-SUN-SUN,BRE,MUN,TOT,SUN,SUN,2.0,2.2,3.0,2.67,2.33,2.2727,0.1
3,3+1+1,BRE-TOT-SUN-SUN-SUN,BRE,TOT,SUN,SUN,SUN,2.0,2.2,3.0,2.67,2.33,2.2727,0.1
3,3+1+1,COV-LIV-MUN-MUN-MUN,COV,LIV,MUN,MUN,MUN,2.0,2.2,3.0,2.67,2.33,2.2727,0.1
4,2+1+1+1,COV-LIV-MUN-MUN-SUN,COV,LIV,MUN,MUN,SUN,2.0,2.2,3.0,2.67,2.33,2.2727,0.1
4,2+1+1+1,COV-LIV-MUN-SUN-SUN,COV,LIV,MUN,SUN,SUN,2.0,2.2,3.0,2.67,2.33,2.2727,0.1
3,3+1+1,COV-LIV-SUN-SUN-SUN,COV,LIV,SUN,SUN,SUN,2.0,2.2,3.0,2.67,2.33,2.2727,0.1
3,3+1+1,COV-MCI-MUN-MUN-MUN,COV,MCI,MUN,MUN,MUN,2.0,2.2,3.0,2.67,2.33,2.2727,0.1
4,2+1+1+1,COV-MCI-MUN-MUN-SUN,COV,MCI,MUN,MUN,SUN,2.0,2.2,3.0,2.67,2.33,2.2727,0.1
4,2+1+1+1,COV-MCI-MUN-SUN-SUN,COV,MCI,MUN,SUN,SUN,2.0,2.2,3.0,2.67,2.33,2.2727,0.1
3,3+1+1,COV-MCI-SUN-SUN-SUN,COV,MCI,SUN,SUN,SUN,2.0,2.2,3.0,2.67,2.33,2.2727,0.1
3,3+1+1,LIV-MUN-MUN-MUN-TOT,LIV,MUN,MUN,MUN,TOT,2.0,2.2,3.0,2.67,2.33,2.2727,0.1
4,2+1+1+1,LIV-MUN-MUN-TOT-SUN,LIV,MUN,MUN,TOT,SUN,2.0,2.2,3.0,2.67,2.33,2.2727,0.1
4,2+1+1+1,LIV-MUN-TOT-SUN-SUN,LIV,MUN,TOT,SUN,SUN,2.0,2.2,3.0,2.67,2.33,2.2727,0.1
3,3+1+1,LIV-TOT-SUN-SUN-SUN,LIV,TOT,SUN,SUN,SUN,2.0,2.2,3.0,2.67,2.33,2.2727,0.1
3,3+1+1,MCI-MUN-MUN-MUN-TOT,MCI,MUN,MUN,MUN,TOT,2.0,2.2,3.0,2.67,2.33,2.2727,0.1
4,2+1+1+1,MCI-MUN-MUN-TOT-SUN,MCI,MUN,MUN,TOT,SUN,2.0,2.2,3.0,2.67,2.33,2.2727,0.1
4,2+1+1+1,MCI-MUN-TOT-SUN-SUN,MCI,MUN,TOT,SUN,SUN,2.0,2.2,3.0,2.67,2.33,2.2727,0.1
3,3+1+1,MCI-TOT-SUN-SUN-SUN,MCI,TOT,SUN,SUN,SUN,2.0,2.2,3.0,2.67,2.33,2.2727,0.1
3,3+1+1,BRE-CHE-MUN-MUN-MUN,BRE,CHE,MUN,MUN,MUN,2.0,2.2,3.0,2.67,2.33,2.2727,0.189
4,2+1+1+1,BRE-CHE-MUN-MUN-SUN,BRE,CHE,MUN,MUN,SUN,2.0,2.2,3.0,2.67,2.33,2.2727,0.189
4,2+1+1+1,BRE-CHE-MUN-SUN-SUN,BRE,CHE,MUN,SUN,SUN,2.0,2.2,3.0,2.67,2.33,2.2727,0.189
3,3+1+1,BRE-CHE-SUN-SUN-SUN,BRE,CHE,SUN,SUN,SUN,2.0,2.2,3.0,2.67,2.33,2.2727,0.189
3,3+1+1,CHE-LIV-MUN-MUN-MUN,CHE,LIV,MUN,MUN,MUN,2.0,2.2,3.0,2.67,2.33,2.2727,0.189
4,2+1+1+1,CHE-LIV-MUN-MUN-SUN,CHE,LIV,MUN,MUN,SUN,2.0,2.2,3.0,2.67,2.33,2.2727,0.189
4,2+1+1+1,CHE-LIV-MUN-SUN-SUN,CHE,LIV,MUN,SUN,SUN,2.0,2.2,3.0,2.67,2.33,2.2727,0.189
3,3+1+1,CHE-LIV-SUN-SUN-SUN,CHE,LIV,SUN,SUN,SUN,2.0,2.2,3.0,2.67,2.33,2.2727,0.189
3,3+1+1,CHE-MCI-MUN-MUN-MUN,CHE,MCI,MUN,MUN,MUN,2.0,2.2,3.0,2.67,2.33,2.2727,0.189
4,2+1+1+1,CHE-MCI-MUN-MUN-SUN,CHE,MCI,MUN,MUN,SUN,2.0,2.2,3.0,2.67,2.33,2.2727,0.189
4,2+1+1+1,CHE-MCI-MUN-SUN-SUN,CHE,MCI,MUN,SUN,SUN,2.0,2.2,3.0,2.67,2.33,2.2727,0.189
3,3+1+1,CHE-MCI-SUN-SUN-SUN,CHE,MCI,SUN,SUN,SUN,2.0,2.2,3.0,2.67,2.33,2.2727,0.189
3,3+1+1,BRE-MUN-MUN-MUN-SUN,BRE,MUN,MUN,MUN,SUN,2.0,2.2,3.0,2.67,2.33,2.2727,0.2
3,2+2+1,BRE-MUN-MUN-SUN-SUN,BRE,MUN,MUN,SUN,SUN,2.0,2.2,3.0,2.67,2.33,2.2727,0.2
3,3+1+1,BRE-MUN-SUN-SUN-SUN,BRE,MUN,SUN,SUN,SUN,2.0,2.2,3.0,2.67,2.33,2.2727,0.2
3,3+1+1,LIV-MUN-MUN-MUN-SUN,LIV,MUN,MUN,MUN,SUN,2.0,2.2,3.0,2.67,2.33,2.2727,0.2
3,2+2+1,LIV-MUN-MUN-SUN-SUN,LIV,MUN,MUN,SUN,SUN,2.0,2.2,3.0,2.67,2.33,2.2727,0.2
3,3+1+1,LIV-MUN-SUN-SUN-SUN,LIV,MUN,SUN,SUN,SUN,2.0,2.2,3.0,2.67,2.33,2.2727,0.2
3,3+1+1,MCI-MUN-MUN-MUN-SUN,MCI,MUN,MUN,MUN,SUN,2.0,2.2,3.0,2.67,2.33,2.2727,0.2
3,2+2+1,MCI-MUN-MUN-SUN-SUN,MCI,MUN,MUN,SUN,SUN,2.0,2.2,3.0,2.67,2.33,2.2727,0.2
3,3+1+1,MCI-MUN-SUN-SUN-SUN,MCI,MUN,SUN,SUN,SUN,2.0,2.2,3.0,2.67,2.33,2.2727,0.2
2,3+2,BRE-BRE-MUN-MUN-MUN,BRE,BRE,MUN,MUN,MUN,2.0,2.4,3.0,2.33,2.17,2.2727,-0.2
3,2+2+1,BRE-BRE-MUN-MUN-SUN,BRE,BRE,MUN,MUN,SUN,2.0,2.4,3.0,2.33,2.17,2.2727,-0.2
3,2+2+1,BRE-BRE-MUN-SUN-SUN,BRE,BRE,MUN,SUN,SUN,2.0,2.4,3.0,2.33,2.17,2.2727,-0.2
2,3+2,BRE-BRE-SUN-SUN-SUN,BRE,BRE,SUN,SUN,SUN,2.0,2.4,3.0,2.33,2.17,2.2727,-0.2
3,3+1+1,BRE-LIV-MUN-MUN-MUN,BRE,LIV,MUN,MUN,MUN,2.0,2.4,3.0,2.33,2.17,2.2727,-0.2
4,2+1+1+1,BRE-LIV-MUN-MUN-SUN,BRE,LIV,MUN,MUN,SUN,2.0,2.4,3.0,2.33,2.17,2.2727,-0.2
4,2+1+1+1,BRE-LIV-MUN-SUN-SUN,BRE,LIV,MUN,SUN,SUN,2.0,2.4,3.0,2.33,2.17,2.2727,-0.2
3,3+1+1,BRE-LIV-SUN-SUN-SUN,BRE,LIV,SUN,SUN,SUN,2.0,2.4,3.0,2.33,2.17,2.2727,-0.2
3,3+1+1,BRE-MCI-MUN-MUN-MUN,BRE,MCI,MUN,MUN,MUN,2.0,2.4,3.0,2.33,2.17,2.2727,-0.2
4,2+1+1+1,BRE-MCI-MUN-MUN-SUN,BRE,MCI,MUN,MUN,SUN,2.0,2.4,3.0,2.33,2.17,2.2727,-0.2
4,2+1+1+1,BRE-MCI-MUN-SUN-SUN,BRE,MCI,MUN,SUN,SUN,2.0,2.4,3.0,2.33,2.17,2.2727,-0.2
3,3+1+1,BRE-MCI-SUN-SUN-SUN,BRE,MCI,SUN,SUN,SUN,2.0,2.4,3.0,2.33,2.17,2.2727,-0.2
2,3+2,LIV-LIV-MUN-MUN-MUN,LIV,LIV,MUN,MUN,MUN,2.0,2.4,3.0,2.33,2.17,2.2727,-0.2
3,2+2+1,LIV-LIV-MUN-MUN-SUN,LIV,LIV,MUN,MUN,SUN,2.0,2.4,3.0,2.33,2.17,2.2727,-0.2
3,2+2+1,LIV-LIV-MUN-SUN-SUN,LIV,LIV,MUN,SUN,SUN,2.0,2.4,3.0,2.33,2.17,2.2727,-0.2
2,3+2,LIV-LIV-SUN-SUN-SUN,LIV,LIV,SUN,SUN,SUN,2.0,2.4,3.0,2.33,2.17,2.2727,-0.2
3,3+1+1,LIV-MCI-MUN-MUN-MUN,LIV,MCI,MUN,MUN,MUN,2.0,2.4,3.0,2.33,2.17,2.2727,-0.2
4,2+1+1+1,LIV-MCI-MUN-MUN-SUN,LIV,MCI,MUN,MUN,SUN,2.0,2.4,3.0,2.33,2.17,2.2727,-0.2
4,2+1+1+1,LIV-MCI-MUN-SUN-SUN,LIV,MCI,MUN,SUN,SUN,2.0,2.4,3.0,2.33,2.17,2.2727,-0.2
3,3+1+1,LIV-MCI-SUN-SUN-SUN,LIV,MCI,SUN,SUN,SUN,2.0,2.4,3.0,2.33,2.17,2.2727,-0.2
2,3+2,MCI-MCI-MUN-MUN-MUN,MCI,MCI,MUN,MUN,MUN,2.0,2.4,3.0,2.33,2.17,2.2727,-0.2
3,2+2+1,MCI-MCI-MUN-MUN-SUN,MCI,MCI,MUN,MUN,SUN,2.0,2.4,3.0,2.33,2.17,2.2727,-0.2
3,2+2+1,MCI-MCI-MUN-SUN-SUN,MCI,MCI,MUN,SUN,SUN,2.0,2.4,3.0,2.33,2.17,2.2727,-0.2
2,3+2,MCI-MCI-SUN-SUN-SUN,MCI,MCI,SUN,SUN,SUN,2.0,2.4,3.0,2.33,2.17,2.2727,-0.2
3,2+2+1,CHE-HUL-HUL-MUN-MUN,CHE,HUL,HUL,MUN,MUN,2.33,2.0,2.0,3.0,2.67,2.3636,0.4544
4,2+1+1+1,CHE-HUL-HUL-MUN-SUN,CHE,HUL,HUL,MUN,SUN,2.33,2.0,2.0,3.0,2.67,2.3636,0.4544
3,2+2+1,CHE-HUL-HUL-SUN-SUN,CHE,HUL,HUL,SUN,SUN,2.33,2.0,2.0,3.0,2.67,2.3636,0.4544
3,2+2+1,HUL-HUL-MUN-MUN-TOT,HUL,HUL,MUN,MUN,TOT,2.33,2.0,2.0,3.0,2.67,2.3636,0.4732
4,2+1+1+1,HUL-HUL-MUN-TOT-SUN,HUL,HUL,MUN,TOT,SUN,2.33,2.0,2.0,3.0,2.67,2.3636,0.4732
3,2+2+1,HUL-HUL-TOT-SUN-SUN,HUL,HUL,TOT,SUN,SUN,2.33,2.0,2.0,3.0,2.67,2.3636,0.4732
3,2+2+1,HUL-MUN-MUN-TOT-TOT,HUL,MUN,MUN,TOT,TOT,2.33,2.0,2.0,3.0,2.67,2.3636,0.5732
4,2+1+1+1,HUL-MUN-TOT-TOT-SUN,HUL,MUN,TOT,TOT,SUN,2.33,2.0,2.0,3.0,2.67,2.3636,0.5732
3,2+2+1,HUL-TOT-TOT-SUN-SUN,HUL,TOT,TOT,SUN,SUN,2.33,2.0,2.0,3.0,2.67,2.3636,0.5732
4,2+1+1+1,CHE-HUL-MUN-MUN-TOT,CHE,HUL,MUN,MUN,TOT,2.33,2.0,2.0,3.0,2.67,2.3636,0.5839
5,1+1+1+1+1,CHE-HUL-MUN-TOT-SUN,CHE,HUL,MUN,TOT,SUN,2.33,2.0,2.0,3.0,2.67,2.3636,0.5839
4,2+1+1+1,CHE-HUL-TOT-SUN-SUN,CHE,HUL,TOT,SUN,SUN,2.33,2.0,2.0,3.0,2.67,2.3636,0.5839
3,2+2+1,CHE-CHE-HUL-MUN-MUN,CHE,CHE,HUL,MUN,MUN,2.33,2.0,2.0,3.0,2.67,2.3636,0.6434
4,2+1+1+1,CHE-CHE-HUL-MUN-SUN,CHE,CHE,HUL,MUN,SUN,2.33,2.0,2.0,3.0,2.67,2.3636,0.6434
3,2+2+1,CHE-CHE-HUL-SUN-SUN,CHE,CHE,HUL,SUN,SUN,2.33,2.0,2.0,3.0,2.67,2.3636,0.6434
3,2+2+1,COV-COV-MUN-MUN-TOT,COV,COV,MUN,MUN,TOT,2.33,2.0,2.0,3.0,2.67,2.3636,0.7
4,2+1+1+1,COV-COV-MUN-TOT-SUN,COV,COV,MUN,TOT,SUN,2.33,2.0,2.0,3.0,2.67,2.3636,0.7
3,2+2+1,COV-COV-TOT-SUN-SUN,COV,COV,TOT,SUN,SUN,2.33,2.0,2.0,3.0,2.67,2.3636,0.7
3,2+2+1,COV-MUN-MUN-TOT-TOT,COV,MUN,MUN,TOT,TOT,2.33,2.0,2.0,3.0,2.67,2.3636,0.7
4,2+1+1+1,COV-MUN-TOT-TOT-SUN,COV,MUN,TOT,TOT,SUN,2.33,2.0,2.0,3.0,2.67,2.3636,0.7
3,2+2+1,COV-TOT-TOT-SUN-SUN,COV,TOT,TOT,SUN,SUN,2.33,2.0,2.0,3.0,2.67,2.3636,0.7
2,3+2,MUN-MUN-TOT-TOT-TOT,MUN,MUN,TOT,TOT,TOT,2.33,2.0,2.0,3.0,2.67,2.3636,0.7
3,3+1+1,MUN-TOT-TOT-TOT-SUN,MUN,TOT,TOT,TOT,SUN,2.33,2.0,2.0,3.0,2.67,2.3636,0.7
2,3+2,TOT-TOT-TOT-SUN-SUN,TOT,TOT,TOT,SUN,SUN,2.33,2.0,2.0,3.0,2.67,2.3636,0.7
4,2+1+1+1,CHE-COV-MUN-MUN-TOT,CHE,COV,MUN,MUN,TOT,2.33,2.0,2.0,3.0,2.67,2.3636,0.7402
5,1+1+1+1+1,CHE-COV-MUN-TOT-SUN,CHE,COV,MUN,TOT,SUN,2.33,2.0,2.0,3.0,2.67,2.3636,0.7402
4,2+1+1+1,CHE-COV-TOT-SUN-SUN,CHE,COV,TOT,SUN,SUN,2.33,2.0,2.0,3.0,2.67,2.3636,0.7402
3,2+2+1,CHE-MUN-MUN-TOT-TOT,CHE,MUN,MUN,TOT,TOT,2.33,2.0,2.0,3.0,2.67,2.3636,0.7402
4,2+1+1+1,CHE-MUN-TOT-TOT-SUN,CHE,MUN,TOT,TOT,SUN,2.33,2.0,2.0,3.0,2.67,2.3636,0.7402
3,2+2+1,CHE-TOT-TOT-SUN-SUN,CHE,TOT,TOT,SUN,SUN,2.33,2.0,2.0,3.0,2.67,2.3636,0.7402
3,2+2+1,CHE-CHE-MUN-MUN-TOT,CHE,CHE,MUN,MUN,TOT,2.33,2.0,2.0,3.0,2.67,2.3636,0.8292
4,2+1+1+1,CHE-CHE-MUN-TOT-SUN,CHE,CHE,MUN,TOT,SUN,2.33,2.0,2.0,3.0,2.67,2.3636,0.8292
3,2+2+1,CHE-CHE-TOT-SUN-SUN,CHE,CHE,TOT,SUN,SUN,2.33,2.0,2.0,3.0,2.67,2.3636,0.8292
3,2+2+1,BRE-HUL-HUL-MUN-MUN,BRE,HUL,HUL,MUN,MUN,2.33,2.2,3.0,2.67,2.5,2.3636,0.0
4,2+1+1+1,BRE-HUL-HUL-MUN-SUN,BRE,HUL,HUL,MUN,SUN,2.33,2.2,3.0,2.67,2.5,2.3636,0.0
3,2+2+1,BRE-HUL-HUL-SUN-SUN,BRE,HUL,HUL,SUN,SUN,2.33,2.2,3.0,2.67,2.5,2.3636,0.0
3,2+2+1,HUL-HUL-LIV-MUN-MUN,HUL,HUL,LIV,MUN,MUN,2.33,2.2,3.0,2.67,2.5,2.3636,0.0
4,2+1+1+1,HUL-HUL-LIV-MUN-SUN,HUL,HUL,LIV,MUN,SUN,2.33,2.2,3.0,2.67,2.5,2.3636,0.0
3,2+2+1,HUL-HUL-LIV-SUN-SUN,HUL,HUL,LIV,SUN,SUN,2.33,2.2,3.0,2.67,2.5,2.3636,0.0
3,2+2+1,HUL-HUL-MCI-MUN-MUN,HUL,HUL,MCI,MUN,MUN,2.33,2.2,3.0,2.67,2.5,2.3636,0.0
4,2+1+1+1,HUL-HUL-MCI-MUN-SUN,HUL,HUL,MCI,MUN,SUN,2.33,2.2,3.0,2.67,2.5,2.3636,0.0
3,2+2+1,HUL-HUL-MCI-SUN-SUN,HUL,HUL,MCI,SUN,SUN,2.33,2.2,3.0,2.67,2.5,2.3636,0.0
4,2+1+1+1,BRE-CHE-HUL-MUN-MUN,BRE,CHE,HUL,MUN,MUN,2.33,2.2,3.0,2.67,2.5,2.3636,0.0272
5,1+1+1+1+1,BRE-CHE-HUL-MUN-SUN,BRE,CHE,HUL,MUN,SUN,2.33,2.2,3.0,2.67,2.5,2.3636,0.0272
4,2+1+1+1,BRE-CHE-HUL-SUN-SUN,BRE,CHE,HUL,SUN,SUN,2.33,2.2,3.0,2.67,2.5,2.3636,0.0272
4,2+1+1+1,CHE-HUL-LIV-MUN-MUN,CHE,HUL,LIV,MUN,MUN,2.33,2.2,3.0,2.67,2.5,2.3636,0.0272
5,1+1+1+1+1,CHE-HUL-LIV-MUN-SUN,CHE,HUL,LIV,MUN,SUN,2.33,2.2,3.0,2.67,2.5,2.3636,0.0272
4,2+1+1+1,CHE-HUL-LIV-SUN-SUN,CHE,HUL,LIV,SUN,SUN,2.33,2.2,3.0,2.67,2.5,2.3636,0.0272
4,2+1+1+1,CHE-HUL-MCI-MUN-MUN,CHE,HUL,MCI,MUN,MUN,2.33,2.2,3.0,2.67,2.5,2.3636,0.0272
5,1+1+1+1+1,CHE-HUL-MCI-MUN-SUN,CHE,HUL,MCI,MUN,SUN,2.33,2.2,3.0,2.67,2.5,2.3636,0.0272
4,2+1+1+1,CHE-HUL-MCI-SUN-SUN,CHE,HUL,MCI,SUN,SUN,2.33,2.2,3.0,2.67,2.5,2.3636,0.0272
4,2+1+1+1,BRE-HUL-MUN-MUN-TOT,BRE,HUL,MUN,MUN,TOT,2.33,2.2,3.0,2.67,2.5,2.3636,0.0366
5,1+1+1+1+1,BRE-HUL-MUN-TOT-SUN,BRE,HUL,MUN,TOT,SUN,2.33,2.2,3.0,2.67,2.5,2.3636,0.0366
4,2+1+1+1,BRE-HUL-TOT-SUN-SUN,BRE,HUL,TOT,SUN,SUN,2.33,2.2,3.0,2.67,2.5,2.3636,0.0366
4,2+1+1+1,HUL-LIV-MUN-MUN-TOT,HUL,LIV,MUN,MUN,TOT,2.33,2.2,3.0,2.67,2.5,2.3636,0.0366
5,1+1+1+1+1,HUL-LIV-MUN-TOT-SUN,HUL,LIV,MUN,TOT,SUN,2.33,2.2,3.0,2.67,2.5,2.3636,0.0366
4,2+1+1+1,HUL-LIV-TOT-SUN-SUN,HUL,LIV,TOT,SUN,SUN,2.33,2.2,3.0,2.67,2.5,2.3636,0.0366
4,2+1+1+1,HUL-MCI-MUN-MUN-TOT,HUL,MCI,MUN,MUN,TOT,2.33,2.2,3.0,2.67,2.5,2.3636,0.0366
5,1+1+1+1+1,HUL-MCI-MUN-TOT-SUN,HUL,MCI,MUN,TOT,SUN,2.33,2.2,3.0,2.67,2.5,2.3636,0.0366
4,2+1+1+1,HUL-MCI-TOT-SUN-SUN,HUL,MCI,TOT,SUN,SUN,2.33,2.2,3.0,2.67,2.5,2.3636,0.0366
3,2+2+1,BRE-COV-COV-MUN-MUN,BRE,COV,COV,MUN,MUN,2.33,2.2,3.0,2.67,2.5,2.3636,0.1
4,2+1+1+1,BRE-COV-COV-MUN-SUN,BRE,COV,COV,MUN,SUN,2.33,2.2,3.0,2.67,2.5,2.3636,0.1
3,2+2+1,BRE-COV-COV-SUN-SUN,BRE,COV,COV,SUN,SUN,2.33,2.2,3.0,2.67,2.5,2.3636,0.1
4,2+1+1+1,BRE-COV-MUN-MUN-TOT,BRE,COV,MUN,MUN,TOT,2.33,2.2,3.0,2.67,2.5,2.3636,0.1
5,1+1+1+1+1,BRE-COV-MUN-TOT-SUN,BRE,COV,MUN,TOT,SUN,2.33,2.2,3.0,2.67,2.5,2.3636,0.1
4,2+1+1+1,BRE-COV-TOT-SUN-SUN,BRE,COV,TOT,SUN,SUN,2.33,2.2,3.0,2.67,2.5,2.3636,0.1
3,2+2+1,BRE-MUN-MUN-TOT-TOT,BRE,MUN,MUN,TOT,TOT,2.33,2.2,3.0,2.67,2.5,2.3636,0.1
4,2+1+1+1,BRE-MUN-TOT-TOT-SUN,BRE,MUN,TOT,TOT,SUN,2.33,2.2,3.0,2.67,2.5,2.3636,0.1
3,2+2+1,BRE-TOT-TOT-SUN-SUN,BRE,TOT,TOT,SUN,SUN,2.33,2.2,3.0,2.67,2.5,2.3636,0.1
3,2+2+1,COV-COV-LIV-MUN-MUN,COV,COV,LIV,MUN,MUN,2.33,2.2,3.0,2.67,2.5,2.3636,0.1
4,2+1+1+1,COV-COV-LIV-MUN-SUN,COV,COV,LIV,MUN,SUN,2.33,2.2,3.0,2.67,2.5,2.3636,0.1
3,2+2+1,COV-COV-LIV-SUN-SUN,COV,COV,LIV,SUN,SUN,2.33,2.2,3.0,2.67,2.5,2.3636,0.1
3,2+2+1,COV-COV-MCI-MUN-MUN,COV,COV,MCI,MUN,MUN,2.33,2.2,3.0,2.67,2.5,2.3636,0.1
4,2+1+1+1,COV-COV-MCI-MUN-SUN,COV,COV,MCI,MUN,SUN,2.33,2.2,3.0,2.67,2.5,2.3636,0.1
3,2+2+1,COV-COV-MCI-SUN-SUN,COV,COV,MCI,SUN,SUN,2.33,2.2,3.0,2.67,2.5,2.3636,0.1
4,2+1+1+1,COV-LIV-MUN-MUN-TOT,COV,LIV,MUN,MUN,TOT,2.33,2.2,3.0,2.67,2.5,2.3636,0.1
5,1+1+1+1+1,COV-LIV-MUN-TOT-SUN,COV,LIV,MUN,TOT,SUN,2.33,2.2,3.0,2.67,2.5,2.3636,0.1
4,2+1+1+1,COV-LIV-TOT-SUN-SUN,COV,LIV,TOT,SUN,SUN,2.33,2.2,3.0,2.67,2.5,2.3636,0.1
4,2+1+1+1,COV-MCI-MUN-MUN-TOT,COV,MCI,MUN,MUN,TOT,2.33,2.2,3.0,2.67,2.5,2.3636,0.1
5,1+1+1+1+1,COV-MCI-MUN-TOT-SUN,COV,MCI,MUN,TOT,SUN,2.33,2.2,3.0,2.67,2.5,2.3636,0.1
4,2+1+1+1,COV-MCI-TOT-SUN-SUN,COV,MCI,TOT,SUN,SUN,2.33,2.2,3.0,2.67,2.5,2.3636,0.1
3,2+2+1,LIV-MUN-MUN-TOT-TOT,LIV,MUN,MUN,TOT,TOT,2.33,2.2,3.0,2.67,2.5,2.3636,0.1
4,2+1+1+1,LIV-MUN-TOT-TOT-SUN,LIV,MUN,TOT,TOT,SUN,2.33,2.2,3.0,2.67,2.5,2.3636,0.1
3,2+2+1,LIV-TOT-TOT-SUN-SUN,LIV,TOT,TOT,SUN,SUN,2.33,2.2,3.0,2.67,2.5,2.3636,0.1
3,2+2+1,MCI-MUN-MUN-TOT-TOT,MCI,MUN,MUN,TOT,TOT,2.33,2.2,3.0,2.67,2.5,2.3636,0.1
4,2+1+1+1,MCI-MUN-TOT-TOT-SUN,MCI,MUN,TOT,TOT,SUN,2.33,2.2,3.0,2.67,2.5,2.3636,0.1
3,2+2+1,MCI-TOT-TOT-SUN-SUN,MCI,TOT,TOT,SUN,SUN,2.33,2.2,3.0,2.67,2.5,2.3636,0.1
4,2+1+1+1,BRE-CHE-COV-MUN-MUN,BRE,CHE,COV,MUN,MUN,2.33,2.2,3.0,2.67,2.5,2.3636,0.1201
5,1+1+1+1+1,BRE-CHE-COV-MUN-SUN,BRE,CHE,COV,MUN,SUN,2.33,2.2,3.0,2.67,2.5,2.3636,0.1201
4,2+1+1+1,BRE-CHE-COV-SUN-SUN,BRE,CHE,COV,SUN,SUN,2.33,2.2,3.0,2.67,2.5,2.3636,0.1201
4,2+1+1+1,BRE-CHE-MUN-MUN-TOT,BRE,CHE,MUN,MUN,TOT,2.33,2.2,3.0,2.67,2.5,2.3636,0.1201
5,1+1+1+1+1,BRE-CHE-MUN-TOT-SUN,BRE,CHE,MUN,TOT,SUN,2.33,2.2,3.0,2.67,2.5,2.3636,0.1201
4,2+1+1+1,BRE-CHE-TOT-SUN-SUN,BRE,CHE,TOT,SUN,SUN,2.33,2.2,3.0,2.67,2.5,2.3636,0.1201
4,2+1+1+1,CHE-COV-LIV-MUN-MUN,CHE,COV,LIV,MUN,MUN,2.33,2.2,3.0,2.67,2.5,2.3636,0.1201
5,1+1+1+1+1,CHE-COV-LIV-MUN-SUN,CHE,COV,LIV,MUN,SUN,2.33,2.2,3.0,2.67,2.5,2.3636,0.1201
4,2+1+1+1,CHE-COV-LIV-SUN-SUN,CHE,COV,LIV,SUN,SUN,2.33,2.2,3.0,2.67,2.5,2.3636,0.1201
4,2+1+1+1,CHE-COV-MCI-MUN-MUN,CHE,COV,MCI,MUN,MUN,2.33,2.2,3.0,2.67,2.5,2.3636,0.1201
5,1+1+1+1+1,CHE-COV-MCI-MUN-SUN,CHE,COV,MCI,MUN,SUN,2.33,2.2,3.0,2.67,2.5,2.3636,0.1201
4,2+1+1+1,CHE-COV-MCI-SUN-SUN,CHE,COV,MCI,SUN,SUN,2.33,2.2,3.0,2.67,2.5,2.3636,0.1201
4,2+1+1+1,CHE-LIV-MUN-MUN-TOT,CHE,LIV,MUN,MUN,TOT,2.33,2.2,3.0,2.67,2.5,2.3636,0.1201
5,1+1+1+1+1,CHE-LIV-MUN-TOT-SUN,CHE,LIV,MUN,TOT,SUN,2.33,2.2,3.0,2.67,2.5,2.3636,0.1201
4,2+1+1+1,CHE-LIV-TOT-SUN-SUN,CHE,LIV,TOT,SUN,SUN,2.33,2.2,3.0,2.67,2.5,2.3636,0.1201
4,2+1+1+1,CHE-MCI-MUN-MUN-TOT,CHE,MCI,MUN,MUN,TOT,2.33,2.2,3.0,2.67,2.5,2.3636,0.1201
5,1+1+1+1+1,CHE-MCI-MUN-TOT-SUN,CHE,MCI,MUN,TOT,SUN,2.33,2.2,3.0,2.67,2.5,2.3636,0.1201
4,2+1+1+1,CHE-MCI-TOT-SUN-SUN,CHE,MCI,TOT,SUN,SUN,2.33,2.2,3.0,2.67,2.5,2.3636,0.1201
3,2+2+1,BRE-CHE-CHE-MUN-MUN,BRE,CHE,CHE,MUN,MUN,2.33,2.2,3.0,2.67,2.5,2.3636,0.189
4,2+1+1+1,BRE-CHE-CHE-MUN-SUN,BRE,CHE,CHE,MUN,SUN,2.33,2.2,3.0,2.67,2.5,2.3636,0.189
3,2+2+1,BRE-CHE-CHE-SUN-SUN,BRE,CHE,CHE,SUN,SUN,2.33,2.2,3.0,2.67,2.5,2.3636,0.189
3,2+2+1,CHE-CHE-LIV-MUN-MUN,CHE,CHE,LIV,MUN,MUN,2.33,2.2,3.0,2.67,2.5,2.3636,0.189
4,2+1+1+1,CHE-CHE-LIV-MUN-SUN,CHE,CHE,LIV,MUN,SUN,2.33,2.2,3.0,2.67,2.5,2.3636,0.189
3,2+2+1,CHE-CHE-LIV-SUN-SUN,CHE,CHE,LIV,SUN,SUN,2.33,2.2,3.0,2.67,2.5,2.3636,0.189
3,2+2+1,CHE-CHE-MCI-MUN-MUN,CHE,CHE,MCI,MUN,MUN,2.33,2.2,3.0,2.67,2.5,2.3636,0.189
4,2+1+1+1,CHE-CHE-MCI-MUN-SUN,CHE,CHE,MCI,MUN,SUN,2.33,2.2,3.0,2.67,2.5,2.3636,0.189
3,2+2+1,CHE-CHE-MCI-SUN-SUN,CHE,CHE,MCI,SUN,SUN,2.33,2.2,3.0,2.67,2.5,2.3636,0.189
3,3+1+1,BOU-HUL-MUN-MUN-MUN,BOU,HUL,MUN,MUN,MUN,2.0,2.2,3.0,3.0,2.5,2.3636,0.2366
4,2+1+1+1,BOU-HUL-MUN-MUN-SUN,BOU,HUL,MUN,MUN,SUN,2.0,2.2,3.0,3.0,2.5,2.3636,0.2366
4,2+1+1+1,BOU-HUL-MUN-SUN-SUN,BOU,HUL,MUN,SUN,SUN,2.0,2.2,3.0,3.0,2.5,2.3636,0.2366
3,3+1+1,BOU-HUL-SUN-SUN-SUN,BOU,HUL,SUN,SUN,SUN,2.0,2.2,3.0,3.0,2.5,2.3636,0.2366
3,3+1+1,FUL-HUL-MUN-MUN-MUN,FUL,HUL,MUN,MUN,MUN,2.0,2.2,3.0,3.0,2.5,2.3636,0.2366
3,3+1+1,HUL-MUN-MUN-MUN-NEW,HUL,MUN,MUN,MUN,NEW,2.0,2.2,3.0,3.0,2.5,2.3636,0.2366
4,2+1+1+1,HUL-MUN-MUN-NEW-SUN,HUL,MUN,MUN,NEW,SUN,2.0,2.2,3.0,3.0,2.5,2.3636,0.2366
4,2+1+1+1,HUL-MUN-NEW-SUN-SUN,HUL,MUN,NEW,SUN,SUN,2.0,2.2,3.0,3.0,2.5,2.3636,0.2366
3,3+1+1,HUL-NEW-SUN-SUN-SUN,HUL,NEW,SUN,SUN,SUN,2.0,2.2,3.0,3.0,2.5,2.3636,0.2366
3,3+1+1,HUL-LEE-MUN-MUN-MUN,HUL,LEE,MUN,MUN,MUN,2.0,2.2,3.0,3.0,2.5,2.3636,0.3
4,2+1+1+1,HUL-LEE-MUN-MUN-SUN,HUL,LEE,MUN,MUN,SUN,2.0,2.2,3.0,3.0,2.5,2.3636,0.3
4,2+1+1+1,HUL-LEE-MUN-SUN-SUN,HUL,LEE,MUN,SUN,SUN,2.0,2.2,3.0,3.0,2.5,2.3636,0.3
3,3+1+1,HUL-LEE-SUN-SUN-SUN,HUL,LEE,SUN,SUN,SUN,2.0,2.2,3.0,3.0,2.5,2.3636,0.3
3,3+1+1,BOU-COV-MUN-MUN-MUN,BOU,COV,MUN,MUN,MUN,2.0,2.2,3.0,3.0,2.5,2.3636,0.35
4,2+1+1+1,BOU-COV-MUN-MUN-SUN,BOU,COV,MUN,MUN,SUN,2.0,2.2,3.0,3.0,2.5,2.3636,0.35
4,2+1+1+1,BOU-COV-MUN-SUN-SUN,BOU,COV,MUN,SUN,SUN,2.0,2.2,3.0,3.0,2.5,2.3636,0.35
3,3+1+1,BOU-COV-SUN-SUN-SUN,BOU,COV,SUN,SUN,SUN,2.0,2.2,3.0,3.0,2.5,2.3636,0.35
3,3+1+1,BOU-MUN-MUN-MUN-TOT,BOU,MUN,MUN,MUN,TOT,2.0,2.2,3.0,3.0,2.5,2.3636,0.35
4,2+1+1+1,BOU-MUN-MUN-TOT-SUN,BOU,MUN,MUN,TOT,SUN,2.0,2.2,3.0,3.0,2.5,2.3636,0.35
4,2+1+1+1,BOU-MUN-TOT-SUN-SUN,BOU,MUN,TOT,SUN,SUN,2.0,2.2,3.0,3.0,2.5,2.3636,0.35
3,3+1+1,BOU-TOT-SUN-SUN-SUN,BOU,TOT,SUN,SUN,SUN,2.0,2.2,3.0,3.0,2.5,2.3636,0.35
3,3+1+1,COV-FUL-MUN-MUN-MUN,COV,FUL,MUN,MUN,MUN,2.0,2.2,3.0,3.0,2.5,2.3636,0.35
3,3+1+1,COV-MUN-MUN-MUN-NEW,COV,MUN,MUN,MUN,NEW,2.0,2.2,3.0,3.0,2.5,2.3636,0.35
4,2+1+1+1,COV-MUN-MUN-NEW-SUN,COV,MUN,MUN,NEW,SUN,2.0,2.2,3.0,3.0,2.5,2.3636,0.35
4,2+1+1+1,COV-MUN-NEW-SUN-SUN,COV,MUN,NEW,SUN,SUN,2.0,2.2,3.0,3.0,2.5,2.3636,0.35
3,3+1+1,COV-NEW-SUN-SUN-SUN,COV,NEW,SUN,SUN,SUN,2.0,2.2,3.0,3.0,2.5,2.3636,0.35
3,3+1+1,FUL-MUN-MUN-MUN-TOT,FUL,MUN,MUN,MUN,TOT,2.0,2.2,3.0,3.0,2.5,2.3636,0.35
3,3+1+1,BOU-MUN-MUN-MUN-SUN,BOU,MUN,MUN,MUN,SUN,2.0,2.2,3.0,3.0,2.5,2.3636,0.4
3,2+2+1,BOU-MUN-MUN-SUN-SUN,BOU,MUN,MUN,SUN,SUN,2.0,2.2,3.0,3.0,2.5,2.3636,0.4
3,3+1+1,BOU-MUN-SUN-SUN-SUN,BOU,MUN,SUN,SUN,SUN,2.0,2.2,3.0,3.0,2.5,2.3636,0.4
3,3+1+1,MUN-MUN-MUN-NEW-SUN,MUN,MUN,MUN,NEW,SUN,2.0,2.2,3.0,3.0,2.5,2.3636,0.4
3,2+2+1,MUN-MUN-NEW-SUN-SUN,MUN,MUN,NEW,SUN,SUN,2.0,2.2,3.0,3.0,2.5,2.3636,0.4
3,3+1+1,MUN-NEW-SUN-SUN-SUN,MUN,NEW,SUN,SUN,SUN,2.0,2.2,3.0,3.0,2.5,2.3636,0.4
3,3+1+1,BOU-CHE-MUN-MUN-MUN,BOU,CHE,MUN,MUN,MUN,2.0,2.2,3.0,3.0,2.5,2.3636,0.4146
4,2+1+1+1,BOU-CHE-MUN-MUN-SUN,BOU,CHE,MUN,MUN,SUN,2.0,2.2,3.0,3.0,2.5,2.3636,0.4146
4,2+1+1+1,BOU-CHE-MUN-SUN-SUN,BOU,CHE,MUN,SUN,SUN,2.0,2.2,3.0,3.0,2.5,2.3636,0.4146
3,3+1+1,BOU-CHE-SUN-SUN-SUN,BOU,CHE,SUN,SUN,SUN,2.0,2.2,3.0,3.0,2.5,2.3636,0.4146
3,3+1+1,CHE-FUL-MUN-MUN-MUN,CHE,FUL,MUN,MUN,MUN,2.0,2.2,3.0,3.0,2.5,2.3636,0.4146
3,3+1+1,CHE-MUN-MUN-MUN-NEW,CHE,MUN,MUN,MUN,NEW,2.0,2.2,3.0,3.0,2.5,2.3636,0.4146
4,2+1+1+1,CHE-MUN-MUN-NEW-SUN,CHE,MUN,MUN,NEW,SUN,2.0,2.2,3.0,3.0,2.5,2.3636,0.4146
4,2+1+1+1,CHE-MUN-NEW-SUN-SUN,CHE,MUN,NEW,SUN,SUN,2.0,2.2,3.0,3.0,2.5,2.3636,0.4146
3,3+1+1,CHE-NEW-SUN-SUN-SUN,CHE,NEW,SUN,SUN,SUN,2.0,2.2,3.0,3.0,2.5,2.3636,0.4146
3,3+1+1,COV-LEE-MUN-MUN-MUN,COV,LEE,MUN,MUN,MUN,2.0,2.2,3.0,3.0,2.5,2.3636,0.45
4,2+1+1+1,COV-LEE-MUN-MUN-SUN,COV,LEE,MUN,MUN,SUN,2.0,2.2,3.0,3.0,2.5,2.3636,0.45
4,2+1+1+1,COV-LEE-MUN-SUN-SUN,COV,LEE,MUN,SUN,SUN,2.0,2.2,3.0,3.0,2.5,2.3636,0.45
3,3+1+1,COV-LEE-SUN-SUN-SUN,COV,LEE,SUN,SUN,SUN,2.0,2.2,3.0,3.0,2.5,2.3636,0.45
3,3+1+1,LEE-MUN-MUN-MUN-TOT,LEE,MUN,MUN,MUN,TOT,2.0,2.2,3.0,3.0,2.5,2.3636,0.45
4,2+1+1+1,LEE-MUN-MUN-TOT-SUN,LEE,MUN,MUN,TOT,SUN,2.0,2.2,3.0,3.0,2.5,2.3636,0.45
4,2+1+1+1,LEE-MUN-TOT-SUN-SUN,LEE,MUN,TOT,SUN,SUN,2.0,2.2,3.0,3.0,2.5,2.3636,0.45
3,3+1+1,LEE-TOT-SUN-SUN-SUN,LEE,TOT,SUN,SUN,SUN,2.0,2.2,3.0,3.0,2.5,2.3636,0.45
3,3+1+1,CHE-LEE-MUN-MUN-MUN,CHE,LEE,MUN,MUN,MUN,2.0,2.2,3.0,3.0,2.5,2.3636,0.5835
4,2+1+1+1,CHE-LEE-MUN-MUN-SUN,CHE,LEE,MUN,MUN,SUN,2.0,2.2,3.0,3.0,2.5,2.3636,0.5835
4,2+1+1+1,CHE-LEE-MUN-SUN-SUN,CHE,LEE,MUN,SUN,SUN,2.0,2.2,3.0,3.0,2.5,2.3636,0.5835
3,3+1+1,CHE-LEE-SUN-SUN-SUN,CHE,LEE,SUN,SUN,SUN,2.0,2.2,3.0,3.0,2.5,2.3636,0.5835
3,3+1+1,EVE-HUL-MUN-MUN-MUN,EVE,HUL,MUN,MUN,MUN,2.0,2.2,3.0,3.0,2.5,2.3636,0.6
4,2+1+1+1,EVE-HUL-MUN-MUN-SUN,EVE,HUL,MUN,MUN,SUN,2.0,2.2,3.0,3.0,2.5,2.3636,0.6
4,2+1+1+1,EVE-HUL-MUN-SUN-SUN,EVE,HUL,MUN,SUN,SUN,2.0,2.2,3.0,3.0,2.5,2.3636,0.6
3,3+1+1,EVE-HUL-SUN-SUN-SUN,EVE,HUL,SUN,SUN,SUN,2.0,2.2,3.0,3.0,2.5,2.3636,0.6
3,3+1+1,LEE-MUN-MUN-MUN-SUN,LEE,MUN,MUN,MUN,SUN,2.0,2.2,3.0,3.0,2.5,2.3636,0.6
3,2+2+1,LEE-MUN-MUN-SUN-SUN,LEE,MUN,MUN,SUN,SUN,2.0,2.2,3.0,3.0,2.5,2.3636,0.6
3,3+1+1,LEE-MUN-SUN-SUN-SUN,LEE,MUN,SUN,SUN,SUN,2.0,2.2,3.0,3.0,2.5,2.3636,0.6
3,3+1+1,COV-EVE-MUN-MUN-MUN,COV,EVE,MUN,MUN,MUN,2.0,2.2,3.0,3.0,2.5,2.3636,0.8
4,2+1+1+1,COV-EVE-MUN-MUN-SUN,COV,EVE,MUN,MUN,SUN,2.0,2.2,3.0,3.0,2.5,2.3636,0.8
4,2+1+1+1,COV-EVE-MUN-SUN-SUN,COV,EVE,MUN,SUN,SUN,2.0,2.2,3.0,3.0,2.5,2.3636,0.8
3,3+1+1,COV-EVE-SUN-SUN-SUN,COV,EVE,SUN,SUN,SUN,2.0,2.2,3.0,3.0,2.5,2.3636,0.8
3,3+1+1,EVE-MUN-MUN-MUN-TOT,EVE,MUN,MUN,MUN,TOT,2.0,2.2,3.0,3.0,2.5,2.3636,0.8
4,2+1+1+1,EVE-MUN-MUN-TOT-SUN,EVE,MUN,MUN,TOT,SUN,2.0,2.2,3.0,3.0,2.5,2.3636,0.8
4,2+1+1+1,EVE-MUN-TOT-SUN-SUN,EVE,MUN,TOT,SUN,SUN,2.0,2.2,3.0,3.0,2.5,2.3636,0.8
3,3+1+1,EVE-TOT-SUN-SUN-SUN,EVE,TOT,SUN,SUN,SUN,2.0,2.2,3.0,3.0,2.5,2.3636,0.8
3,3+1+1,CHE-EVE-MUN-MUN-MUN,CHE,EVE,MUN,MUN,MUN,2.0,2.2,3.0,3.0,2.5,2.3636,0.978
4,2+1+1+1,CHE-EVE-MUN-MUN-SUN,CHE,EVE,MUN,MUN,SUN,2.0,2.2,3.0,3.0,2.5,2.3636,0.978
4,2+1+1+1,CHE-EVE-MUN-SUN-SUN,CHE,EVE,MUN,SUN,SUN,2.0,2.2,3.0,3.0,2.5,2.3636,0.978
3,3+1+1,CHE-EVE-SUN-SUN-SUN,CHE,EVE,SUN,SUN,SUN,2.0,2.2,3.0,3.0,2.5,2.3636,0.978
3,3+1+1,EVE-MUN-MUN-MUN-SUN,EVE,MUN,MUN,MUN,SUN,2.0,2.2,3.0,3.0,2.5,2.3636,1.0
3,2+2+1,EVE-MUN-MUN-SUN-SUN,EVE,MUN,MUN,SUN,SUN,2.0,2.2,3.0,3.0,2.5,2.3636,1.0
3,3+1+1,EVE-MUN-SUN-SUN-SUN,EVE,MUN,SUN,SUN,SUN,2.0,2.2,3.0,3.0,2.5,2.3636,1.0
3,2+2+1,BRE-BRE-CHE-MUN-MUN,BRE,BRE,CHE,MUN,MUN,2.33,2.4,3.0,2.33,2.33,2.3636,-0.2
4,2+1+1+1,BRE-BRE-CHE-MUN-SUN,BRE,BRE,CHE,MUN,SUN,2.33,2.4,3.0,2.33,2.33,2.3636,-0.2
3,2+2+1,BRE-BRE-CHE-SUN-SUN,BRE,BRE,CHE,SUN,SUN,2.33,2.4,3.0,2.33,2.33,2.3636,-0.2
3,2+2+1,BRE-BRE-COV-MUN-MUN,BRE,BRE,COV,MUN,MUN,2.33,2.4,3.0,2.33,2.33,2.3636,-0.2
4,2+1+1+1,BRE-BRE-COV-MUN-SUN,BRE,BRE,COV,MUN,SUN,2.33,2.4,3.0,2.33,2.33,2.3636,-0.2
3,2+2+1,BRE-BRE-COV-SUN-SUN,BRE,BRE,COV,SUN,SUN,2.33,2.4,3.0,2.33,2.33,2.3636,-0.2
3,2+2+1,BRE-BRE-HUL-MUN-MUN,BRE,BRE,HUL,MUN,MUN,2.33,2.4,3.0,2.33,2.33,2.3636,-0.2
4,2+1+1+1,BRE-BRE-HUL-MUN-SUN,BRE,BRE,HUL,MUN,SUN,2.33,2.4,3.0,2.33,2.33,2.3636,-0.2
3,2+2+1,BRE-BRE-HUL-SUN-SUN,BRE,BRE,HUL,SUN,SUN,2.33,2.4,3.0,2.33,2.33,2.3636,-0.2
3,2+2+1,BRE-BRE-MUN-MUN-TOT,BRE,BRE,MUN,MUN,TOT,2.33,2.4,3.0,2.33,2.33,2.3636,-0.2
4,2+1+1+1,BRE-BRE-MUN-TOT-SUN,BRE,BRE,MUN,TOT,SUN,2.33,2.4,3.0,2.33,2.33,2.3636,-0.2
3,2+2+1,BRE-BRE-TOT-SUN-SUN,BRE,BRE,TOT,SUN,SUN,2.33,2.4,3.0,2.33,2.33,2.3636,-0.2
4,2+1+1+1,BRE-CHE-LIV-MUN-MUN,BRE,CHE,LIV,MUN,MUN,2.33,2.4,3.0,2.33,2.33,2.3636,-0.2
5,1+1+1+1+1,BRE-CHE-LIV-MUN-SUN,BRE,CHE,LIV,MUN,SUN,2.33,2.4,3.0,2.33,2.33,2.3636,-0.2
4,2+1+1+1,BRE-CHE-LIV-SUN-SUN,BRE,CHE,LIV,SUN,SUN,2.33,2.4,3.0,2.33,2.33,2.3636,-0.2
4,2+1+1+1,BRE-CHE-MCI-MUN-MUN,BRE,CHE,MCI,MUN,MUN,2.33,2.4,3.0,2.33,2.33,2.3636,-0.2
5,1+1+1+1+1,BRE-CHE-MCI-MUN-SUN,BRE,CHE,MCI,MUN,SUN,2.33,2.4,3.0,2.33,2.33,2.3636,-0.2
4,2+1+1+1,BRE-CHE-MCI-SUN-SUN,BRE,CHE,MCI,SUN,SUN,2.33,2.4,3.0,2.33,2.33,2.3636,-0.2
4,2+1+1+1,BRE-COV-LIV-MUN-MUN,BRE,COV,LIV,MUN,MUN,2.33,2.4,3.0,2.33,2.33,2.3636,-0.2
5,1+1+1+1+1,BRE-COV-LIV-MUN-SUN,BRE,COV,LIV,MUN,SUN,2.33,2.4,3.0,2.33,2.33,2.3636,-0.2
4,2+1+1+1,BRE-COV-LIV-SUN-SUN,BRE,COV,LIV,SUN,SUN,2.33,2.4,3.0,2.33,2.33,2.3636,-0.2
4,2+1+1+1,BRE-COV-MCI-MUN-MUN,BRE,COV,MCI,MUN,MUN,2.33,2.4,3.0,2.33,2.33,2.3636,-0.2
5,1+1+1+1+1,BRE-COV-MCI-MUN-SUN,BRE,COV,MCI,MUN,SUN,2.33,2.4,3.0,2.33,2.33,2.3636,-0.2
4,2+1+1+1,BRE-COV-MCI-SUN-SUN,BRE,COV,MCI,SUN,SUN,2.33,2.4,3.0,2.33,2.33,2.3636,-0.2
4,2+1+1+1,BRE-HUL-LIV-MUN-MUN,BRE,HUL,LIV,MUN,MUN,2.33,2.4,3.0,2.33,2.33,2.3636,-0.2
5,1+1+1+1+1,BRE-HUL-LIV-MUN-SUN,BRE,HUL,LIV,MUN,SUN,2.33,2.4,3.0,2.33,2.33,2.3636,-0.2
4,2+1+1+1,BRE-HUL-LIV-SUN-SUN,BRE,HUL,LIV,SUN,SUN,2.33,2.4,3.0,2.33,2.33,2.3636,-0.2
4,2+1+1+1,BRE-HUL-MCI-MUN-MUN,BRE,HUL,MCI,MUN,MUN,2.33,2.4,3.0,2.33,2.33,2.3636,-0.2
5,1+1+1+1+1,BRE-HUL-MCI-MUN-SUN,BRE,HUL,MCI,MUN,SUN,2.33,2.4,3.0,2.33,2.33,2.3636,-0.2
4,2+1+1+1,BRE-HUL-MCI-SUN-SUN,BRE,HUL,MCI,SUN,SUN,2.33,2.4,3.0,2.33,2.33,2.3636,-0.2
4,2+1+1+1,BRE-LIV-MUN-MUN-TOT,BRE,LIV,MUN,MUN,TOT,2.33,2.4,3.0,2.33,2.33,2.3636,-0.2
5,1+1+1+1+1,BRE-LIV-MUN-TOT-SUN,BRE,LIV,MUN,TOT,SUN,2.33,2.4,3.0,2.33,2.33,2.3636,-0.2
4,2+1+1+1,BRE-LIV-TOT-SUN-SUN,BRE,LIV,TOT,SUN,SUN,2.33,2.4,3.0,2.33,2.33,2.3636,-0.2
4,2+1+1+1,BRE-MCI-MUN-MUN-TOT,BRE,MCI,MUN,MUN,TOT,2.33,2.4,3.0,2.33,2.33,2.3636,-0.2
5,1+1+1+1+1,BRE-MCI-MUN-TOT-SUN,BRE,MCI,MUN,TOT,SUN,2.33,2.4,3.0,2.33,2.33,2.3636,-0.2
4,2+1+1+1,BRE-MCI-TOT-SUN-SUN,BRE,MCI,TOT,SUN,SUN,2.33,2.4,3.0,2.33,2.33,2.3636,-0.2
3,2+2+1,CHE-LIV-LIV-MUN-MUN,CHE,LIV,LIV,MUN,MUN,2.33,2.4,3.0,2.33,2.33,2.3636,-0.2
4,2+1+1+1,CHE-LIV-LIV-MUN-SUN,CHE,LIV,LIV,MUN,SUN,2.33,2.4,3.0,2.33,2.33,2.3636,-0.2
3,2+2+1,CHE-LIV-LIV-SUN-SUN,CHE,LIV,LIV,SUN,SUN,2.33,2.4,3.0,2.33,2.33,2.3636,-0.2
4,2+1+1+1,CHE-LIV-MCI-MUN-MUN,CHE,LIV,MCI,MUN,MUN,2.33,2.4,3.0,2.33,2.33,2.3636,-0.2
5,1+1+1+1+1,CHE-LIV-MCI-MUN-SUN,CHE,LIV,MCI,MUN,SUN,2.33,2.4,3.0,2.33,2.33,2.3636,-0.2
4,2+1+1+1,CHE-LIV-MCI-SUN-SUN,CHE,LIV,MCI,SUN,SUN,2.33,2.4,3.0,2.33,2.33,2.3636,-0.2
3,2+2+1,CHE-MCI-MCI-MUN-MUN,CHE,MCI,MCI,MUN,MUN,2.33,2.4,3.0,2.33,2.33,2.3636,-0.2
4,2+1+1+1,CHE-MCI-MCI-MUN-SUN,CHE,MCI,MCI,MUN,SUN,2.33,2.4,3.0,2.33,2.33,2.3636,-0.2
3,2+2+1,CHE-MCI-MCI-SUN-SUN,CHE,MCI,MCI,SUN,SUN,2.33,2.4,3.0,2.33,2.33,2.3636,-0.2
3,2+2+1,COV-LIV-LIV-MUN-MUN,COV,LIV,LIV,MUN,MUN,2.33,2.4,3.0,2.33,2.33,2.3636,-0.2
4,2+1+1+1,COV-LIV-LIV-MUN-SUN,COV,LIV,LIV,MUN,SUN,2.33,2.4,3.0,2.33,2.33,2.3636,-0.2
3,2+2+1,COV-LIV-LIV-SUN-SUN,COV,LIV,LIV,SUN,SUN,2.33,2.4,3.0,2.33,2.33,2.3636,-0.2
4,2+1+1+1,COV-LIV-MCI-MUN-MUN,COV,LIV,MCI,MUN,MUN,2.33,2.4,3.0,2.33,2.33,2.3636,-0.2
5,1+1+1+1+1,COV-LIV-MCI-MUN-SUN,COV,LIV,MCI,MUN,SUN,2.33,2.4,3.0,2.33,2.33,2.3636,-0.2
4,2+1+1+1,COV-LIV-MCI-SUN-SUN,COV,LIV,MCI,SUN,SUN,2.33,2.4,3.0,2.33,2.33,2.3636,-0.2
3,2+2+1,COV-MCI-MCI-MUN-MUN,COV,MCI,MCI,MUN,MUN,2.33,2.4,3.0,2.33,2.33,2.3636,-0.2
4,2+1+1+1,COV-MCI-MCI-MUN-SUN,COV,MCI,MCI,MUN,SUN,2.33,2.4,3.0,2.33,2.33,2.3636,-0.2
3,2+2+1,COV-MCI-MCI-SUN-SUN,COV,MCI,MCI,SUN,SUN,2.33,2.4,3.0,2.33,2.33,2.3636,-0.2
3,2+2+1,HUL-LIV-LIV-MUN-MUN,HUL,LIV,LIV,MUN,MUN,2.33,2.4,3.0,2.33,2.33,2.3636,-0.2
4,2+1+1+1,HUL-LIV-LIV-MUN-SUN,HUL,LIV,LIV,MUN,SUN,2.33,2.4,3.0,2.33,2.33,2.3636,-0.2
3,2+2+1,HUL-LIV-LIV-SUN-SUN,HUL,LIV,LIV,SUN,SUN,2.33,2.4,3.0,2.33,2.33,2.3636,-0.2
4,2+1+1+1,HUL-LIV-MCI-MUN-MUN,HUL,LIV,MCI,MUN,MUN,2.33,2.4,3.0,2.33,2.33,2.3636,-0.2
5,1+1+1+1+1,HUL-LIV-MCI-MUN-SUN,HUL,LIV,MCI,MUN,SUN,2.33,2.4,3.0,2.33,2.33,2.3636,-0.2
4,2+1+1+1,HUL-LIV-MCI-SUN-SUN,HUL,LIV,MCI,SUN,SUN,2.33,2.4,3.0,2.33,2.33,2.3636,-0.2
3,2+2+1,HUL-MCI-MCI-MUN-MUN,HUL,MCI,MCI,MUN,MUN,2.33,2.4,3.0,2.33,2.33,2.3636,-0.2
4,2+1+1+1,HUL-MCI-MCI-MUN-SUN,HUL,MCI,MCI,MUN,SUN,2.33,2.4,3.0,2.33,2.33,2.3636,-0.2
3,2+2+1,HUL-MCI-MCI-SUN-SUN,HUL,MCI,MCI,SUN,SUN,2.33,2.4,3.0,2.33,2.33,2.3636,-0.2
3,2+2+1,LIV-LIV-MUN-MUN-TOT,LIV,LIV,MUN,MUN,TOT,2.33,2.4,3.0,2.33,2.33,2.3636,-0.2
4,2+1+1+1,LIV-LIV-MUN-TOT-SUN,LIV,LIV,MUN,TOT,SUN,2.33,2.4,3.0,2.33,2.33,2.3636,-0.2
3,2+2+1,LIV-LIV-TOT-SUN-SUN,LIV,LIV,TOT,SUN,SUN,2.33,2.4,3.0,2.33,2.33,2.3636,-0.2
4,2+1+1+1,LIV-MCI-MUN-MUN-TOT,LIV,MCI,MUN,MUN,TOT,2.33,2.4,3.0,2.33,2.33,2.3636,-0.2
5,1+1+1+1+1,LIV-MCI-MUN-TOT-SUN,LIV,MCI,MUN,TOT,SUN,2.33,2.4,3.0,2.33,2.33,2.3636,-0.2
4,2+1+1+1,LIV-MCI-TOT-SUN-SUN,LIV,MCI,TOT,SUN,SUN,2.33,2.4,3.0,2.33,2.33,2.3636,-0.2
3,2+2+1,MCI-MCI-MUN-MUN-TOT,MCI,MCI,MUN,MUN,TOT,2.33,2.4,3.0,2.33,2.33,2.3636,-0.2
4,2+1+1+1,MCI-MCI-MUN-TOT-SUN,MCI,MCI,MUN,TOT,SUN,2.33,2.4,3.0,2.33,2.33,2.3636,-0.2
3,2+2+1,MCI-MCI-TOT-SUN-SUN,MCI,MCI,TOT,SUN,SUN,2.33,2.4,3.0,2.33,2.33,2.3636,-0.2
3,3+1+1,BOU-BRE-MUN-MUN-MUN,BOU,BRE,MUN,MUN,MUN,2.0,2.4,3.0,2.67,2.33,2.3636,-0.1
4,2+1+1+1,BOU-BRE-MUN-MUN-SUN,BOU,BRE,MUN,MUN,SUN,2.0,2.4,3.0,2.67,2.33,2.3636,-0.1
4,2+1+1+1,BOU-BRE-MUN-SUN-SUN,BOU,BRE,MUN,SUN,SUN,2.0,2.4,3.0,2.67,2.33,2.3636,-0.1
3,3+1+1,BOU-BRE-SUN-SUN-SUN,BOU,BRE,SUN,SUN,SUN,2.0,2.4,3.0,2.67,2.33,2.3636,-0.1
3,3+1+1,BOU-LIV-MUN-MUN-MUN,BOU,LIV,MUN,MUN,MUN,2.0,2.4,3.0,2.67,2.33,2.3636,-0.1
4,2+1+1+1,BOU-LIV-MUN-MUN-SUN,BOU,LIV,MUN,MUN,SUN,2.0,2.4,3.0,2.67,2.33,2.3636,-0.1
4,2+1+1+1,BOU-LIV-MUN-SUN-SUN,BOU,LIV,MUN,SUN,SUN,2.0,2.4,3.0,2.67,2.33,2.3636,-0.1
3,3+1+1,BOU-LIV-SUN-SUN-SUN,BOU,LIV,SUN,SUN,SUN,2.0,2.4,3.0,2.67,2.33,2.3636,-0.1
3,3+1+1,BOU-MCI-MUN-MUN-MUN,BOU,MCI,MUN,MUN,MUN,2.0,2.4,3.0,2.67,2.33,2.3636,-0.1
4,2+1+1+1,BOU-MCI-MUN-MUN-SUN,BOU,MCI,MUN,MUN,SUN,2.0,2.4,3.0,2.67,2.33,2.3636,-0.1
4,2+1+1+1,BOU-MCI-MUN-SUN-SUN,BOU,MCI,MUN,SUN,SUN,2.0,2.4,3.0,2.67,2.33,2.3636,-0.1
3,3+1+1,BOU-MCI-SUN-SUN-SUN,BOU,MCI,SUN,SUN,SUN,2.0,2.4,3.0,2.67,2.33,2.3636,-0.1
3,3+1+1,BRE-FUL-MUN-MUN-MUN,BRE,FUL,MUN,MUN,MUN,2.0,2.4,3.0,2.67,2.33,2.3636,-0.1
3,3+1+1,BRE-MUN-MUN-MUN-NEW,BRE,MUN,MUN,MUN,NEW,2.0,2.4,3.0,2.67,2.33,2.3636,-0.1
4,2+1+1+1,BRE-MUN-MUN-NEW-SUN,BRE,MUN,MUN,NEW,SUN,2.0,2.4,3.0,2.67,2.33,2.3636,-0.1
4,2+1+1+1,BRE-MUN-NEW-SUN-SUN,BRE,MUN,NEW,SUN,SUN,2.0,2.4,3.0,2.67,2.33,2.3636,-0.1
3,3+1+1,BRE-NEW-SUN-SUN-SUN,BRE,NEW,SUN,SUN,SUN,2.0,2.4,3.0,2.67,2.33,2.3636,-0.1
3,3+1+1,FUL-LIV-MUN-MUN-MUN,FUL,LIV,MUN,MUN,MUN,2.0,2.4,3.0,2.67,2.33,2.3636,-0.1
3,3+1+1,FUL-MCI-MUN-MUN-MUN,FUL,MCI,MUN,MUN,MUN,2.0,2.4,3.0,2.67,2.33,2.3636,-0.1
3,3+1+1,LIV-MUN-MUN-MUN-NEW,LIV,MUN,MUN,MUN,NEW,2.0,2.4,3.0,2.67,2.33,2.3636,-0.1
4,2+1+1+1,LIV-MUN-MUN-NEW-SUN,LIV,MUN,MUN,NEW,SUN,2.0,2.4,3.0,2.67,2.33,2.3636,-0.1
4,2+1+1+1,LIV-MUN-NEW-SUN-SUN,LIV,MUN,NEW,SUN,SUN,2.0,2.4,3.0,2.67,2.33,2.3636,-0.1
3,3+1+1,LIV-NEW-SUN-SUN-SUN,LIV,NEW,SUN,SUN,SUN,2.0,2.4,3.0,2.67,2.33,2.3636,-0.1
3,3+1+1,MCI-MUN-MUN-MUN-NEW,MCI,MUN,MUN,MUN,NEW,2.0,2.4,3.0,2.67,2.33,2.3636,-0.1
4,2+1+1+1,MCI-MUN-MUN-NEW-SUN,MCI,MUN,MUN,NEW,SUN,2.0,2.4,3.0,2.67,2.33,2.3636,-0.1
4,2+1+1+1,MCI-MUN-NEW-SUN-SUN,MCI,MUN,NEW,SUN,SUN,2.0,2.4,3.0,2.67,2.33,2.3636,-0.1
3,3+1+1,MCI-NEW-SUN-SUN-SUN,MCI,NEW,SUN,SUN,SUN,2.0,2.4,3.0,2.67,2.33,2.3636,-0.1
3,3+1+1,LEE-LIV-MUN-MUN-MUN,LEE,LIV,MUN,MUN,MUN,2.0,2.4,3.0,2.67,2.33,2.3636,0.0
4,2+1+1+1,LEE-LIV-MUN-MUN-SUN,LEE,LIV,MUN,MUN,SUN,2.0,2.4,3.0,2.67,2.33,2.3636,0.0
4,2+1+1+1,LEE-LIV-MUN-SUN-SUN,LEE,LIV,MUN,SUN,SUN,2.0,2.4,3.0,2.67,2.33,2.3636,0.0
3,3+1+1,LEE-LIV-SUN-SUN-SUN,LEE,LIV,SUN,SUN,SUN,2.0,2.4,3.0,2.67,2.33,2.3636,0.0
3,3+1+1,LEE-MCI-MUN-MUN-MUN,LEE,MCI,MUN,MUN,MUN,2.0,2.4,3.0,2.67,2.33,2.3636,0.0
4,2+1+1+1,LEE-MCI-MUN-MUN-SUN,LEE,MCI,MUN,MUN,SUN,2.0,2.4,3.0,2.67,2.33,2.3636,0.0
4,2+1+1+1,LEE-MCI-MUN-SUN-SUN,LEE,MCI,MUN,SUN,SUN,2.0,2.4,3.0,2.67,2.33,2.3636,0.0
3,3+1+1,LEE-MCI-SUN-SUN-SUN,LEE,MCI,SUN,SUN,SUN,2.0,2.4,3.0,2.67,2.33,2.3636,0.0
3,3+1+1,BRE-EVE-MUN-MUN-MUN,BRE,EVE,MUN,MUN,MUN,2.0,2.4,3.0,2.67,2.33,2.3636,0.2
4,2+1+1+1,BRE-EVE-MUN-MUN-SUN,BRE,EVE,MUN,MUN,SUN,2.0,2.4,3.0,2.67,2.33,2.3636,0.2
4,2+1+1+1,BRE-EVE-MUN-SUN-SUN,BRE,EVE,MUN,SUN,SUN,2.0,2.4,3.0,2.67,2.33,2.3636,0.2
3,3+1+1,BRE-EVE-SUN-SUN-SUN,BRE,EVE,SUN,SUN,SUN,2.0,2.4,3.0,2.67,2.33,2.3636,0.2
3,3+1+1,EVE-LIV-MUN-MUN-MUN,EVE,LIV,MUN,MUN,MUN,2.0,2.4,3.0,2.67,2.33,2.3636,0.2
4,2+1+1+1,EVE-LIV-MUN-MUN-SUN,EVE,LIV,MUN,MUN,SUN,2.0,2.4,3.0,2.67,2.33,2.3636,0.2
4,2+1+1+1,EVE-LIV-MUN-SUN-SUN,EVE,LIV,MUN,SUN,SUN,2.0,2.4,3.0,2.67,2.33,2.3636,0.2
3,3+1+1,EVE-LIV-SUN-SUN-SUN,EVE,LIV,SUN,SUN,SUN,2.0,2.4,3.0,2.67,2.33,2.3636,0.2
3,3+1+1,EVE-MCI-MUN-MUN-MUN,EVE,MCI,MUN,MUN,MUN,2.0,2.4,3.0,2.67,2.33,2.3636,0.2
4,2+1+1+1,EVE-MCI-MUN-MUN-SUN,EVE,MCI,MUN,MUN,SUN,2.0,2.4,3.0,2.67,2.33,2.3636,0.2
4,2+1+1+1,EVE-MCI-MUN-SUN-SUN,EVE,MCI,MUN,SUN,SUN,2.0,2.4,3.0,2.67,2.33,2.3636,0.2
3,3+1+1,EVE-MCI-SUN-SUN-SUN,EVE,MCI,SUN,SUN,SUN,2.0,2.4,3.0,2.67,2.33,2.3636,0.2
2,3+2,BRE-BRE-BRE-MUN-MUN,BRE,BRE,BRE,MUN,MUN,2.33,2.6,3.0,2.0,2.17,2.3636,-0.2
3,3+1+1,BRE-BRE-BRE-MUN-SUN,BRE,BRE,BRE,MUN,SUN,2.33,2.6,3.0,2.0,2.17,2.3636,-0.2
2,3+2,BRE-BRE-BRE-SUN-SUN,BRE,BRE,BRE,SUN,SUN,2.33,2.6,3.0,2.0,2.17,2.3636,-0.2
3,2+2+1,BRE-BRE-LIV-MUN-MUN,BRE,BRE,LIV,MUN,MUN,2.33,2.6,3.0,2.0,2.17,2.3636,-0.2
4,2+1+1+1,BRE-BRE-LIV-MUN-SUN,BRE,BRE,LIV,MUN,SUN,2.33,2.6,3.0,2.0,2.17,2.3636,-0.2
3,2+2+1,BRE-BRE-LIV-SUN-SUN,BRE,BRE,LIV,SUN,SUN,2.33,2.6,3.0,2.0,2.17,2.3636,-0.2
3,2+2+1,BRE-BRE-MCI-MUN-MUN,BRE,BRE,MCI,MUN,MUN,2.33,2.6,3.0,2.0,2.17,2.3636,-0.2
4,2+1+1+1,BRE-BRE-MCI-MUN-SUN,BRE,BRE,MCI,MUN,SUN,2.33,2.6,3.0,2.0,2.17,2.3636,-0.2
3,2+2+1,BRE-BRE-MCI-SUN-SUN,BRE,BRE,MCI,SUN,SUN,2.33,2.6,3.0,2.0,2.17,2.3636,-0.2
3,2+2+1,BRE-LIV-LIV-MUN-MUN,BRE,LIV,LIV,MUN,MUN,2.33,2.6,3.0,2.0,2.17,2.3636,-0.2
4,2+1+1+1,BRE-LIV-LIV-MUN-SUN,BRE,LIV,LIV,MUN,SUN,2.33,2.6,3.0,2.0,2.17,2.3636,-0.2
3,2+2+1,BRE-LIV-LIV-SUN-SUN,BRE,LIV,LIV,SUN,SUN,2.33,2.6,3.0,2.0,2.17,2.3636,-0.2
4,2+1+1+1,BRE-LIV-MCI-MUN-MUN,BRE,LIV,MCI,MUN,MUN,2.33,2.6,3.0,2.0,2.17,2.3636,-0.2
5,1+1+1+1+1,BRE-LIV-MCI-MUN-SUN,BRE,LIV,MCI,MUN,SUN,2.33,2.6,3.0,2.0,2.17,2.3636,-0.2
4,2+1+1+1,BRE-LIV-MCI-SUN-SUN,BRE,LIV,MCI,SUN,SUN,2.33,2.6,3.0,2.0,2.17,2.3636,-0.2
3,2+2+1,BRE-MCI-MCI-MUN-MUN,BRE,MCI,MCI,MUN,MUN,2.33,2.6,3.0,2.0,2.17,2.3636,-0.2
4,2+1+1+1,BRE-MCI-MCI-MUN-SUN,BRE,MCI,MCI,MUN,SUN,2.33,2.6,3.0,2.0,2.17,2.3636,-0.2
3,2+2+1,BRE-MCI-MCI-SUN-SUN,BRE,MCI,MCI,SUN,SUN,2.33,2.6,3.0,2.0,2.17,2.3636,-0.2
3,2+2+1,LIV-LIV-MCI-MUN-MUN,LIV,LIV,MCI,MUN,MUN,2.33,2.6,3.0,2.0,2.17,2.3636,-0.2
4,2+1+1+1,LIV-LIV-MCI-MUN-SUN,LIV,LIV,MCI,MUN,SUN,2.33,2.6,3.0,2.0,2.17,2.3636,-0.2
3,2+2+1,LIV-LIV-MCI-SUN-SUN,LIV,LIV,MCI,SUN,SUN,2.33,2.6,3.0,2.0,2.17,2.3636,-0.2
3,2+2+1,LIV-MCI-MCI-MUN-MUN,LIV,MCI,MCI,MUN,MUN,2.33,2.6,3.0,2.0,2.17,2.3636,-0.2
4,2+1+1+1,LIV-MCI-MCI-MUN-SUN,LIV,MCI,MCI,MUN,SUN,2.33,2.6,3.0,2.0,2.17,2.3636,-0.2
3,2+2+1,LIV-MCI-MCI-SUN-SUN,LIV,MCI,MCI,SUN,SUN,2.33,2.6,3.0,2.0,2.17,2.3636,-0.2
2,3+2,HUL-HUL-HUL-MUN-MUN,HUL,HUL,HUL,MUN,MUN,2.67,2.0,2.0,3.0,2.83,2.4545,0.4
3,3+1+1,HUL-HUL-HUL-MUN-SUN,HUL,HUL,HUL,MUN,SUN,2.67,2.0,2.0,3.0,2.83,2.4545,0.4
2,3+2,HUL-HUL-HUL-SUN-SUN,HUL,HUL,HUL,SUN,SUN,2.67,2.0,2.0,3.0,2.83,2.4545,0.4
3,2+2+1,CHE-CHE-HUL-HUL-MUN,CHE,CHE,HUL,HUL,MUN,2.67,2.0,2.0,3.0,2.83,2.4545,0.5199
3,2+2+1,CHE-CHE-HUL-HUL-SUN,CHE,CHE,HUL,HUL,SUN,2.67,2.0,2.0,3.0,2.83,2.4545,0.5199
4,2+1+1+1,CHE-HUL-HUL-MUN-TOT,CHE,HUL,HUL,MUN,TOT,2.67,2.0,2.0,3.0,2.83,2.4545,0.5588
4,2+1+1+1,CHE-HUL-HUL-TOT-SUN,CHE,HUL,HUL,TOT,SUN,2.67,2.0,2.0,3.0,2.83,2.4545,0.5588
4,2+1+1+1,CHE-CHE-HUL-MUN-TOT,CHE,CHE,HUL,MUN,TOT,2.67,2.0,2.0,3.0,2.83,2.4545,0.6422
4,2+1+1+1,CHE-CHE-HUL-TOT-SUN,CHE,CHE,HUL,TOT,SUN,2.67,2.0,2.0,3.0,2.83,2.4545,0.6422
3,2+2+1,HUL-HUL-MUN-TOT-TOT,HUL,HUL,MUN,TOT,TOT,2.67,2.0,2.0,3.0,2.83,2.4545,0.6464
3,2+2+1,HUL-HUL-TOT-TOT-SUN,HUL,HUL,TOT,TOT,SUN,2.67,2.0,2.0,3.0,2.83,2.4545,0.6464
4,2+1+1+1,CHE-HUL-MUN-TOT-TOT,CHE,HUL,MUN,TOT,TOT,2.67,2.0,2.0,3.0,2.83,2.4545,0.6516
4,2+1+1+1,CHE-HUL-TOT-TOT-SUN,CHE,HUL,TOT,TOT,SUN,2.67,2.0,2.0,3.0,2.83,2.4545,0.6516
3,3+1+1,HUL-MUN-TOT-TOT-TOT,HUL,MUN,TOT,TOT,TOT,2.67,2.0,2.0,3.0,2.83,2.4545,0.7098
3,3+1+1,HUL-TOT-TOT-TOT-SUN,HUL,TOT,TOT,TOT,SUN,2.67,2.0,2.0,3.0,2.83,2.4545,0.7098
4,2+1+1+1,CHE-COV-MUN-TOT-TOT,CHE,COV,MUN,TOT,TOT,2.67,2.0,2.0,3.0,2.83,2.4545,0.7713
4,2+1+1+1,CHE-COV-TOT-TOT-SUN,CHE,COV,TOT,TOT,SUN,2.67,2.0,2.0,3.0,2.83,2.4545,0.7713
3,3+1+1,CHE-MUN-TOT-TOT-TOT,CHE,MUN,TOT,TOT,TOT,2.67,2.0,2.0,3.0,2.83,2.4545,0.7713
3,3+1+1,CHE-TOT-TOT-TOT-SUN,CHE,TOT,TOT,TOT,SUN,2.67,2.0,2.0,3.0,2.83,2.4545,0.7713
3,2+2+1,CHE-CHE-MUN-TOT-TOT,CHE,CHE,MUN,TOT,TOT,2.67,2.0,2.0,3.0,2.83,2.4545,0.7914
3,2+2+1,CHE-CHE-TOT-TOT-SUN,CHE,CHE,TOT,TOT,SUN,2.67,2.0,2.0,3.0,2.83,2.4545,0.7914
3,2+2+1,COV-COV-MUN-TOT-TOT,COV,COV,MUN,TOT,TOT,2.67,2.0,2.0,3.0,2.83,2.4545,0.8
3,2+2+1,COV-COV-TOT-TOT-SUN,COV,COV,TOT,TOT,SUN,2.67,2.0,2.0,3.0,2.83,2.4545,0.8
3,3+1+1,COV-MUN-TOT-TOT-TOT,COV,MUN,TOT,TOT,TOT,2.67,2.0,2.0,3.0,2.83,2.4545,0.8
3,3+1+1,COV-TOT-TOT-TOT-SUN,COV,TOT,TOT,TOT,SUN,2.67,2.0,2.0,3.0,2.83,2.4545,0.8
4,2+1+1+1,BRE-CHE-CHE-HUL-MUN,BRE,CHE,CHE,HUL,MUN,2.67,2.2,3.0,2.67,2.67,2.4545,0.0655
4,2+1+1+1,BRE-CHE-CHE-HUL-SUN,BRE,CHE,CHE,HUL,SUN,2.67,2.2,3.0,2.67,2.67,2.4545,0.0655
4,2+1+1+1,BRE-CHE-HUL-HUL-MUN,BRE,CHE,HUL,HUL,MUN,2.67,2.2,3.0,2.67,2.67,2.4545,0.0655
4,2+1+1+1,BRE-CHE-HUL-HUL-SUN,BRE,CHE,HUL,HUL,SUN,2.67,2.2,3.0,2.67,2.67,2.4545,0.0655
4,2+1+1+1,CHE-CHE-HUL-LIV-MUN,CHE,CHE,HUL,LIV,MUN,2.67,2.2,3.0,2.67,2.67,2.4545,0.0655
4,2+1+1+1,CHE-CHE-HUL-LIV-SUN,CHE,CHE,HUL,LIV,SUN,2.67,2.2,3.0,2.67,2.67,2.4545,0.0655
4,2+1+1+1,CHE-CHE-HUL-MCI-MUN,CHE,CHE,HUL,MCI,MUN,2.67,2.2,3.0,2.67,2.67,2.4545,0.0655
4,2+1+1+1,CHE-CHE-HUL-MCI-SUN,CHE,CHE,HUL,MCI,SUN,2.67,2.2,3.0,2.67,2.67,2.4545,0.0655
4,2+1+1+1,CHE-HUL-HUL-LIV-MUN,CHE,HUL,HUL,LIV,MUN,2.67,2.2,3.0,2.67,2.67,2.4545,0.0655
4,2+1+1+1,CHE-HUL-HUL-LIV-SUN,CHE,HUL,HUL,LIV,SUN,2.67,2.2,3.0,2.67,2.67,2.4545,0.0655
4,2+1+1+1,CHE-HUL-HUL-MCI-MUN,CHE,HUL,HUL,MCI,MUN,2.67,2.2,3.0,2.67,2.67,2.4545,0.0655
4,2+1+1+1,CHE-HUL-HUL-MCI-SUN,CHE,HUL,HUL,MCI,SUN,2.67,2.2,3.0,2.67,2.67,2.4545,0.0655
5,1+1+1+1+1,BRE-CHE-HUL-MUN-TOT,BRE,CHE,HUL,MUN,TOT,2.67,2.2,3.0,2.67,2.67,2.4545,0.0949
5,1+1+1+1+1,BRE-CHE-HUL-TOT-SUN,BRE,CHE,HUL,TOT,SUN,2.67,2.2,3.0,2.67,2.67,2.4545,0.0949
5,1+1+1+1+1,CHE-HUL-LIV-MUN-TOT,CHE,HUL,LIV,MUN,TOT,2.67,2.2,3.0,2.67,2.67,2.4545,0.0949
5,1+1+1+1+1,CHE-HUL-LIV-TOT-SUN,CHE,HUL,LIV,TOT,SUN,2.67,2.2,3.0,2.67,2.67,2.4545,0.0949
5,1+1+1+1+1,CHE-HUL-MCI-MUN-TOT,CHE,HUL,MCI,MUN,TOT,2.67,2.2,3.0,2.67,2.67,2.4545,0.0949
5,1+1+1+1+1,CHE-HUL-MCI-TOT-SUN,CHE,HUL,MCI,TOT,SUN,2.67,2.2,3.0,2.67,2.67,2.4545,0.0949
4,2+1+1+1,BRE-CHE-CHE-MUN-TOT,BRE,CHE,CHE,MUN,TOT,2.67,2.2,3.0,2.67,2.67,2.4545,0.1512
4,2+1+1+1,BRE-CHE-CHE-TOT-SUN,BRE,CHE,CHE,TOT,SUN,2.67,2.2,3.0,2.67,2.67,2.4545,0.1512
5,1+1+1+1+1,BRE-CHE-COV-MUN-TOT,BRE,CHE,COV,MUN,TOT,2.67,2.2,3.0,2.67,2.67,2.4545,0.1512
5,1+1+1+1+1,BRE-CHE-COV-TOT-SUN,BRE,CHE,COV,TOT,SUN,2.67,2.2,3.0,2.67,2.67,2.4545,0.1512
4,2+1+1+1,BRE-CHE-MUN-TOT-TOT,BRE,CHE,MUN,TOT,TOT,2.67,2.2,3.0,2.67,2.67,2.4545,0.1512
4,2+1+1+1,BRE-CHE-TOT-TOT-SUN,BRE,CHE,TOT,TOT,SUN,2.67,2.2,3.0,2.67,2.67,2.4545,0.1512
4,2+1+1+1,CHE-CHE-LIV-MUN-TOT,CHE,CHE,LIV,MUN,TOT,2.67,2.2,3.0,2.67,2.67,2.4545,0.1512
4,2+1+1+1,CHE-CHE-LIV-TOT-SUN,CHE,CHE,LIV,TOT,SUN,2.67,2.2,3.0,2.67,2.67,2.4545,0.1512
4,2+1+1+1,CHE-CHE-MCI-MUN-TOT,CHE,CHE,MCI,MUN,TOT,2.67,2.2,3.0,2.67,2.67,2.4545,0.1512
4,2+1+1+1,CHE-CHE-MCI-TOT-SUN,CHE,CHE,MCI,TOT,SUN,2.67,2.2,3.0,2.67,2.67,2.4545,0.1512
5,1+1+1+1+1,CHE-COV-LIV-MUN-TOT,CHE,COV,LIV,MUN,TOT,2.67,2.2,3.0,2.67,2.67,2.4545,0.1512
5,1+1+1+1+1,CHE-COV-LIV-TOT-SUN,CHE,COV,LIV,TOT,SUN,2.67,2.2,3.0,2.67,2.67,2.4545,0.1512
5,1+1+1+1+1,CHE-COV-MCI-MUN-TOT,CHE,COV,MCI,MUN,TOT,2.67,2.2,3.0,2.67,2.67,2.4545,0.1512
5,1+1+1+1+1,CHE-COV-MCI-TOT-SUN,CHE,COV,MCI,TOT,SUN,2.67,2.2,3.0,2.67,2.67,2.4545,0.1512
4,2+1+1+1,CHE-LIV-MUN-TOT-TOT,CHE,LIV,MUN,TOT,TOT,2.67,2.2,3.0,2.67,2.67,2.4545,0.1512
4,2+1+1+1,CHE-LIV-TOT-TOT-SUN,CHE,LIV,TOT,TOT,SUN,2.67,2.2,3.0,2.67,2.67,2.4545,0.1512
4,2+1+1+1,CHE-MCI-MUN-TOT-TOT,CHE,MCI,MUN,TOT,TOT,2.67,2.2,3.0,2.67,2.67,2.4545,0.1512
4,2+1+1+1,CHE-MCI-TOT-TOT-SUN,CHE,MCI,TOT,TOT,SUN,2.67,2.2,3.0,2.67,2.67,2.4545,0.1512
4,2+1+1+1,BRE-HUL-HUL-MUN-TOT,BRE,HUL,HUL,MUN,TOT,2.67,2.2,3.0,2.67,2.67,2.4545,0.1732
4,2+1+1+1,BRE-HUL-HUL-TOT-SUN,BRE,HUL,HUL,TOT,SUN,2.67,2.2,3.0,2.67,2.67,2.4545,0.1732
4,2+1+1+1,BRE-HUL-MUN-TOT-TOT,BRE,HUL,MUN,TOT,TOT,2.67,2.2,3.0,2.67,2.67,2.4545,0.1732
4,2+1+1+1,BRE-HUL-TOT-TOT-SUN,BRE,HUL,TOT,TOT,SUN,2.67,2.2,3.0,2.67,2.67,2.4545,0.1732
4,2+1+1+1,HUL-HUL-LIV-MUN-TOT,HUL,HUL,LIV,MUN,TOT,2.67,2.2,3.0,2.67,2.67,2.4545,0.1732
4,2+1+1+1,HUL-HUL-LIV-TOT-SUN,HUL,HUL,LIV,TOT,SUN,2.67,2.2,3.0,2.67,2.67,2.4545,0.1732
4,2+1+1+1,HUL-HUL-MCI-MUN-TOT,HUL,HUL,MCI,MUN,TOT,2.67,2.2,3.0,2.67,2.67,2.4545,0.1732
4,2+1+1+1,HUL-HUL-MCI-TOT-SUN,HUL,HUL,MCI,TOT,SUN,2.67,2.2,3.0,2.67,2.67,2.4545,0.1732
4,2+1+1+1,HUL-LIV-MUN-TOT-TOT,HUL,LIV,MUN,TOT,TOT,2.67,2.2,3.0,2.67,2.67,2.4545,0.1732
4,2+1+1+1,HUL-LIV-TOT-TOT-SUN,HUL,LIV,TOT,TOT,SUN,2.67,2.2,3.0,2.67,2.67,2.4545,0.1732
4,2+1+1+1,HUL-MCI-MUN-TOT-TOT,HUL,MCI,MUN,TOT,TOT,2.67,2.2,3.0,2.67,2.67,2.4545,0.1732
4,2+1+1+1,HUL-MCI-TOT-TOT-SUN,HUL,MCI,TOT,TOT,SUN,2.67,2.2,3.0,2.67,2.67,2.4545,0.1732
4,2+1+1+1,BRE-COV-COV-MUN-TOT,BRE,COV,COV,MUN,TOT,2.67,2.2,3.0,2.67,2.67,2.4545,0.2
4,2+1+1+1,BRE-COV-COV-TOT-SUN,BRE,COV,COV,TOT,SUN,2.67,2.2,3.0,2.67,2.67,2.4545,0.2
4,2+1+1+1,BRE-COV-MUN-TOT-TOT,BRE,COV,MUN,TOT,TOT,2.67,2.2,3.0,2.67,2.67,2.4545,0.2
4,2+1+1+1,BRE-COV-TOT-TOT-SUN,BRE,COV,TOT,TOT,SUN,2.67,2.2,3.0,2.67,2.67,2.4545,0.2
3,3+1+1,BRE-MUN-TOT-TOT-TOT,BRE,MUN,TOT,TOT,TOT,2.67,2.2,3.0,2.67,2.67,2.4545,0.2
3,3+1+1,BRE-TOT-TOT-TOT-SUN,BRE,TOT,TOT,TOT,SUN,2.67,2.2,3.0,2.67,2.67,2.4545,0.2
4,2+1+1+1,COV-COV-LIV-MUN-TOT,COV,COV,LIV,MUN,TOT,2.67,2.2,3.0,2.67,2.67,2.4545,0.2
4,2+1+1+1,COV-COV-LIV-TOT-SUN,COV,COV,LIV,TOT,SUN,2.67,2.2,3.0,2.67,2.67,2.4545,0.2
4,2+1+1+1,COV-COV-MCI-MUN-TOT,COV,COV,MCI,MUN,TOT,2.67,2.2,3.0,2.67,2.67,2.4545,0.2
4,2+1+1+1,COV-COV-MCI-TOT-SUN,COV,COV,MCI,TOT,SUN,2.67,2.2,3.0,2.67,2.67,2.4545,0.2
4,2+1+1+1,COV-LIV-MUN-TOT-TOT,COV,LIV,MUN,TOT,TOT,2.67,2.2,3.0,2.67,2.67,2.4545,0.2
4,2+1+1+1,COV-LIV-TOT-TOT-SUN,COV,LIV,TOT,TOT,SUN,2.67,2.2,3.0,2.67,2.67,2.4545,0.2
4,2+1+1+1,COV-MCI-MUN-TOT-TOT,COV,MCI,MUN,TOT,TOT,2.67,2.2,3.0,2.67,2.67,2.4545,0.2
4,2+1+1+1,COV-MCI-TOT-TOT-SUN,COV,MCI,TOT,TOT,SUN,2.67,2.2,3.0,2.67,2.67,2.4545,0.2
3,2+2+1,HUL-HUL-LEE-MUN-MUN,HUL,HUL,LEE,MUN,MUN,2.33,2.2,3.0,3.0,2.67,2.4545,0.2
4,2+1+1+1,HUL-HUL-LEE-MUN-SUN,HUL,HUL,LEE,MUN,SUN,2.33,2.2,3.0,3.0,2.67,2.4545,0.2
3,2+2+1,HUL-HUL-LEE-SUN-SUN,HUL,HUL,LEE,SUN,SUN,2.33,2.2,3.0,3.0,2.67,2.4545,0.2
3,3+1+1,LIV-MUN-TOT-TOT-TOT,LIV,MUN,TOT,TOT,TOT,2.67,2.2,3.0,2.67,2.67,2.4545,0.2
3,3+1+1,LIV-TOT-TOT-TOT-SUN,LIV,TOT,TOT,TOT,SUN,2.67,2.2,3.0,2.67,2.67,2.4545,0.2
3,3+1+1,MCI-MUN-TOT-TOT-TOT,MCI,MUN,TOT,TOT,TOT,2.67,2.2,3.0,2.67,2.67,2.4545,0.2
3,3+1+1,MCI-TOT-TOT-TOT-SUN,MCI,TOT,TOT,TOT,SUN,2.67,2.2,3.0,2.67,2.67,2.4545,0.2
4,2+1+1+1,HUL-LEE-MUN-MUN-TOT,HUL,LEE,MUN,MUN,TOT,2.33,2.2,3.0,3.0,2.67,2.4545,0.2866
5,1+1+1+1+1,HUL-LEE-MUN-TOT-SUN,HUL,LEE,MUN,TOT,SUN,2.33,2.2,3.0,3.0,2.67,2.4545,0.2866
4,2+1+1+1,HUL-LEE-TOT-SUN-SUN,HUL,LEE,TOT,SUN,SUN,2.33,2.2,3.0,3.0,2.67,2.4545,0.2866
4,2+1+1+1,BOU-CHE-HUL-MUN-MUN,BOU,CHE,HUL,MUN,MUN,2.33,2.2,3.0,3.0,2.67,2.4545,0.2894
5,1+1+1+1+1,BOU-CHE-HUL-MUN-SUN,BOU,CHE,HUL,MUN,SUN,2.33,2.2,3.0,3.0,2.67,2.4545,0.2894
4,2+1+1+1,BOU-CHE-HUL-SUN-SUN,BOU,CHE,HUL,SUN,SUN,2.33,2.2,3.0,3.0,2.67,2.4545,0.2894
4,2+1+1+1,CHE-FUL-HUL-MUN-MUN,CHE,FUL,HUL,MUN,MUN,2.33,2.2,3.0,3.0,2.67,2.4545,0.2894
4,2+1+1+1,CHE-HUL-MUN-MUN-NEW,CHE,HUL,MUN,MUN,NEW,2.33,2.2,3.0,3.0,2.67,2.4545,0.2894
5,1+1+1+1+1,CHE-HUL-MUN-NEW-SUN,CHE,HUL,MUN,NEW,SUN,2.33,2.2,3.0,3.0,2.67,2.4545,0.2894
4,2+1+1+1,CHE-HUL-NEW-SUN-SUN,CHE,HUL,NEW,SUN,SUN,2.33,2.2,3.0,3.0,2.67,2.4545,0.2894
4,2+1+1+1,CHE-HUL-LEE-MUN-MUN,CHE,HUL,LEE,MUN,MUN,2.33,2.2,3.0,3.0,2.67,2.4545,0.3217
5,1+1+1+1+1,CHE-HUL-LEE-MUN-SUN,CHE,HUL,LEE,MUN,SUN,2.33,2.2,3.0,3.0,2.67,2.4545,0.3217
4,2+1+1+1,CHE-HUL-LEE-SUN-SUN,CHE,HUL,LEE,SUN,SUN,2.33,2.2,3.0,3.0,2.67,2.4545,0.3217
4,2+1+1+1,BOU-HUL-MUN-MUN-TOT,BOU,HUL,MUN,MUN,TOT,2.33,2.2,3.0,3.0,2.67,2.4545,0.3232
5,1+1+1+1+1,BOU-HUL-MUN-TOT-SUN,BOU,HUL,MUN,TOT,SUN,2.33,2.2,3.0,3.0,2.67,2.4545,0.3232
4,2+1+1+1,BOU-HUL-TOT-SUN-SUN,BOU,HUL,TOT,SUN,SUN,2.33,2.2,3.0,3.0,2.67,2.4545,0.3232
4,2+1+1+1,FUL-HUL-MUN-MUN-TOT,FUL,HUL,MUN,MUN,TOT,2.33,2.2,3.0,3.0,2.67,2.4545,0.3232
4,2+1+1+1,BOU-CHE-COV-MUN-MUN,BOU,CHE,COV,MUN,MUN,2.33,2.2,3.0,3.0,2.67,2.4545,0.3957
5,1+1+1+1+1,BOU-CHE-COV-MUN-SUN,BOU,CHE,COV,MUN,SUN,2.33,2.2,3.0,3.0,2.67,2.4545,0.3957
4,2+1+1+1,BOU-CHE-COV-SUN-SUN,BOU,CHE,COV,SUN,SUN,2.33,2.2,3.0,3.0,2.67,2.4545,0.3957
4,2+1+1+1,BOU-CHE-MUN-MUN-TOT,BOU,CHE,MUN,MUN,TOT,2.33,2.2,3.0,3.0,2.67,2.4545,0.3957
5,1+1+1+1+1,BOU-CHE-MUN-TOT-SUN,BOU,CHE,MUN,TOT,SUN,2.33,2.2,3.0,3.0,2.67,2.4545,0.3957
4,2+1+1+1,BOU-CHE-TOT-SUN-SUN,BOU,CHE,TOT,SUN,SUN,2.33,2.2,3.0,3.0,2.67,2.4545,0.3957
4,2+1+1+1,CHE-COV-FUL-MUN-MUN,CHE,COV,FUL,MUN,MUN,2.33,2.2,3.0,3.0,2.67,2.4545,0.3957
4,2+1+1+1,CHE-COV-MUN-MUN-NEW,CHE,COV,MUN,MUN,NEW,2.33,2.2,3.0,3.0,2.67,2.4545,0.3957
5,1+1+1+1+1,CHE-COV-MUN-NEW-SUN,CHE,COV,MUN,NEW,SUN,2.33,2.2,3.0,3.0,2.67,2.4545,0.3957
4,2+1+1+1,CHE-COV-NEW-SUN-SUN,CHE,COV,NEW,SUN,SUN,2.33,2.2,3.0,3.0,2.67,2.4545,0.3957
4,2+1+1+1,CHE-FUL-MUN-MUN-TOT,CHE,FUL,MUN,MUN,TOT,2.33,2.2,3.0,3.0,2.67,2.4545,0.3957
4,2+1+1+1,BOU-COV-MUN-MUN-TOT,BOU,COV,MUN,MUN,TOT,2.33,2.2,3.0,3.0,2.67,2.4545,0.4
5,1+1+1+1+1,BOU-COV-MUN-TOT-SUN,BOU,COV,MUN,TOT,SUN,2.33,2.2,3.0,3.0,2.67,2.4545,0.4
4,2+1+1+1,BOU-COV-TOT-SUN-SUN,BOU,COV,TOT,SUN,SUN,2.33,2.2,3.0,3.0,2.67,2.4545,0.4
3,2+2+1,BOU-MUN-MUN-TOT-TOT,BOU,MUN,MUN,TOT,TOT,2.33,2.2,3.0,3.0,2.67,2.4545,0.4
4,2+1+1+1,BOU-MUN-TOT-TOT-SUN,BOU,MUN,TOT,TOT,SUN,2.33,2.2,3.0,3.0,2.67,2.4545,0.4
3,2+2+1,BOU-TOT-TOT-SUN-SUN,BOU,TOT,TOT,SUN,SUN,2.33,2.2,3.0,3.0,2.67,2.4545,0.4
3,2+2+1,COV-COV-LEE-MUN-MUN,COV,COV,LEE,MUN,MUN,2.33,2.2,3.0,3.0,2.67,2.4545,0.4
4,2+1+1+1,COV-COV-LEE-MUN-SUN,COV,COV,LEE,MUN,SUN,2.33,2.2,3.0,3.0,2.67,2.4545,0.4
3,2+2+1,COV-COV-LEE-SUN-SUN,COV,COV,LEE,SUN,SUN,2.33,2.2,3.0,3.0,2.67,2.4545,0.4
4,2+1+1+1,COV-FUL-MUN-MUN-TOT,COV,FUL,MUN,MUN,TOT,2.33,2.2,3.0,3.0,2.67,2.4545,0.4
4,2+1+1+1,COV-LEE-MUN-MUN-TOT,COV,LEE,MUN,MUN,TOT,2.33,2.2,3.0,3.0,2.67,2.4545,0.4
5,1+1+1+1+1,COV-LEE-MUN-TOT-SUN,COV,LEE,MUN,TOT,SUN,2.33,2.2,3.0,3.0,2.67,2.4545,0.4
4,2+1+1+1,COV-LEE-TOT-SUN-SUN,COV,LEE,TOT,SUN,SUN,2.33,2.2,3.0,3.0,2.67,2.4545,0.4
3,2+2+1,EVE-HUL-HUL-MUN-MUN,EVE,HUL,HUL,MUN,MUN,2.33,2.2,3.0,3.0,2.67,2.4545,0.4
4,2+1+1+1,EVE-HUL-HUL-MUN-SUN,EVE,HUL,HUL,MUN,SUN,2.33,2.2,3.0,3.0,2.67,2.4545,0.4
3,2+2+1,EVE-HUL-HUL-SUN-SUN,EVE,HUL,HUL,SUN,SUN,2.33,2.2,3.0,3.0,2.67,2.4545,0.4
3,2+2+1,FUL-MUN-MUN-TOT-TOT,FUL,MUN,MUN,TOT,TOT,2.33,2.2,3.0,3.0,2.67,2.4545,0.4
3,2+2+1,LEE-MUN-MUN-TOT-TOT,LEE,MUN,MUN,TOT,TOT,2.33,2.2,3.0,3.0,2.67,2.4545,0.4
4,2+1+1+1,LEE-MUN-TOT-TOT-SUN,LEE,MUN,TOT,TOT,SUN,2.33,2.2,3.0,3.0,2.67,2.4545,0.4
3,2+2+1,LEE-TOT-TOT-SUN-SUN,LEE,TOT,TOT,SUN,SUN,2.33,2.2,3.0,3.0,2.67,2.4545,0.4
3,2+2+1,BOU-CHE-CHE-MUN-MUN,BOU,CHE,CHE,MUN,MUN,2.33,2.2,3.0,3.0,2.67,2.4545,0.4402
4,2+1+1+1,BOU-CHE-CHE-MUN-SUN,BOU,CHE,CHE,MUN,SUN,2.33,2.2,3.0,3.0,2.67,2.4545,0.4402
3,2+2+1,BOU-CHE-CHE-SUN-SUN,BOU,CHE,CHE,SUN,SUN,2.33,2.2,3.0,3.0,2.67,2.4545,0.4402
3,2+2+1,CHE-CHE-FUL-MUN-MUN,CHE,CHE,FUL,MUN,MUN,2.33,2.2,3.0,3.0,2.67,2.4545,0.4402
3,2+2+1,CHE-CHE-MUN-MUN-NEW,CHE,CHE,MUN,MUN,NEW,2.33,2.2,3.0,3.0,2.67,2.4545,0.4402
4,2+1+1+1,CHE-CHE-MUN-NEW-SUN,CHE,CHE,MUN,NEW,SUN,2.33,2.2,3.0,3.0,2.67,2.4545,0.4402
3,2+2+1,CHE-CHE-NEW-SUN-SUN,CHE,CHE,NEW,SUN,SUN,2.33,2.2,3.0,3.0,2.67,2.4545,0.4402
4,2+1+1+1,CHE-COV-LEE-MUN-MUN,CHE,COV,LEE,MUN,MUN,2.33,2.2,3.0,3.0,2.67,2.4545,0.4646
5,1+1+1+1+1,CHE-COV-LEE-MUN-SUN,CHE,COV,LEE,MUN,SUN,2.33,2.2,3.0,3.0,2.67,2.4545,0.4646
4,2+1+1+1,CHE-COV-LEE-SUN-SUN,CHE,COV,LEE,SUN,SUN,2.33,2.2,3.0,3.0,2.67,2.4545,0.4646
4,2+1+1+1,CHE-LEE-MUN-MUN-TOT,CHE,LEE,MUN,MUN,TOT,2.33,2.2,3.0,3.0,2.67,2.4545,0.4646
5,1+1+1+1+1,CHE-LEE-MUN-TOT-SUN,CHE,LEE,MUN,TOT,SUN,2.33,2.2,3.0,3.0,2.67,2.4545,0.4646
4,2+1+1+1,CHE-LEE-TOT-SUN-SUN,CHE,LEE,TOT,SUN,SUN,2.33,2.2,3.0,3.0,2.67,2.4545,0.4646
4,2+1+1+1,EVE-HUL-MUN-MUN-TOT,EVE,HUL,MUN,MUN,TOT,2.33,2.2,3.0,3.0,2.67,2.4545,0.5366
5,1+1+1+1+1,EVE-HUL-MUN-TOT-SUN,EVE,HUL,MUN,TOT,SUN,2.33,2.2,3.0,3.0,2.67,2.4545,0.5366
4,2+1+1+1,EVE-HUL-TOT-SUN-SUN,EVE,HUL,TOT,SUN,SUN,2.33,2.2,3.0,3.0,2.67,2.4545,0.5366
3,2+2+1,CHE-CHE-LEE-MUN-MUN,CHE,CHE,LEE,MUN,MUN,2.33,2.2,3.0,3.0,2.67,2.4545,0.578
4,2+1+1+1,CHE-CHE-LEE-MUN-SUN,CHE,CHE,LEE,MUN,SUN,2.33,2.2,3.0,3.0,2.67,2.4545,0.578
3,2+2+1,CHE-CHE-LEE-SUN-SUN,CHE,CHE,LEE,SUN,SUN,2.33,2.2,3.0,3.0,2.67,2.4545,0.578
4,2+1+1+1,CHE-EVE-HUL-MUN-MUN,CHE,EVE,HUL,MUN,MUN,2.33,2.2,3.0,3.0,2.67,2.4545,0.6162
5,1+1+1+1+1,CHE-EVE-HUL-MUN-SUN,CHE,EVE,HUL,MUN,SUN,2.33,2.2,3.0,3.0,2.67,2.4545,0.6162
4,2+1+1+1,CHE-EVE-HUL-SUN-SUN,CHE,EVE,HUL,SUN,SUN,2.33,2.2,3.0,3.0,2.67,2.4545,0.6162
4,2+1+1+1,COV-EVE-MUN-MUN-TOT,COV,EVE,MUN,MUN,TOT,2.33,2.2,3.0,3.0,2.67,2.4545,0.7
5,1+1+1+1+1,COV-EVE-MUN-TOT-SUN,COV,EVE,MUN,TOT,SUN,2.33,2.2,3.0,3.0,2.67,2.4545,0.7
4,2+1+1+1,COV-EVE-TOT-SUN-SUN,COV,EVE,TOT,SUN,SUN,2.33,2.2,3.0,3.0,2.67,2.4545,0.7
3,2+2+1,EVE-MUN-MUN-TOT-TOT,EVE,MUN,MUN,TOT,TOT,2.33,2.2,3.0,3.0,2.67,2.4545,0.7
4,2+1+1+1,EVE-MUN-TOT-TOT-SUN,EVE,MUN,TOT,TOT,SUN,2.33,2.2,3.0,3.0,2.67,2.4545,0.7
3,2+2+1,EVE-TOT-TOT-SUN-SUN,EVE,TOT,TOT,SUN,SUN,2.33,2.2,3.0,3.0,2.67,2.4545,0.7
4,2+1+1+1,CHE-EVE-MUN-MUN-TOT,CHE,EVE,MUN,MUN,TOT,2.33,2.2,3.0,3.0,2.67,2.4545,0.8091
5,1+1+1+1+1,CHE-EVE-MUN-TOT-SUN,CHE,EVE,MUN,TOT,SUN,2.33,2.2,3.0,3.0,2.67,2.4545,0.8091
4,2+1+1+1,CHE-EVE-TOT-SUN-SUN,CHE,EVE,TOT,SUN,SUN,2.33,2.2,3.0,3.0,2.67,2.4545,0.8091
3,2+2+1,BRE-BRE-CHE-CHE-MUN,BRE,BRE,CHE,CHE,MUN,2.67,2.4,3.0,2.33,2.5,2.4545,-0.189
3,2+2+1,BRE-BRE-CHE-CHE-SUN,BRE,BRE,CHE,CHE,SUN,2.67,2.4,3.0,2.33,2.5,2.4545,-0.189
4,2+1+1+1,BRE-CHE-CHE-LIV-MUN,BRE,CHE,CHE,LIV,MUN,2.67,2.4,3.0,2.33,2.5,2.4545,-0.189
4,2+1+1+1,BRE-CHE-CHE-LIV-SUN,BRE,CHE,CHE,LIV,SUN,2.67,2.4,3.0,2.33,2.5,2.4545,-0.189
4,2+1+1+1,BRE-CHE-CHE-MCI-MUN,BRE,CHE,CHE,MCI,MUN,2.67,2.4,3.0,2.33,2.5,2.4545,-0.189
4,2+1+1+1,BRE-CHE-CHE-MCI-SUN,BRE,CHE,CHE,MCI,SUN,2.67,2.4,3.0,2.33,2.5,2.4545,-0.189
3,2+2+1,CHE-CHE-LIV-LIV-MUN,CHE,CHE,LIV,LIV,MUN,2.67,2.4,3.0,2.33,2.5,2.4545,-0.189
3,2+2+1,CHE-CHE-LIV-LIV-SUN,CHE,CHE,LIV,LIV,SUN,2.67,2.4,3.0,2.33,2.5,2.4545,-0.189
4,2+1+1+1,CHE-CHE-LIV-MCI-MUN,CHE,CHE,LIV,MCI,MUN,2.67,2.4,3.0,2.33,2.5,2.4545,-0.189
4,2+1+1+1,CHE-CHE-LIV-MCI-SUN,CHE,CHE,LIV,MCI,SUN,2.67,2.4,3.0,2.33,2.5,2.4545,-0.189
3,2+2+1,CHE-CHE-MCI-MCI-MUN,CHE,CHE,MCI,MCI,MUN,2.67,2.4,3.0,2.33,2.5,2.4545,-0.189
3,2+2+1,CHE-CHE-MCI-MCI-SUN,CHE,CHE,MCI,MCI,SUN,2.67,2.4,3.0,2.33,2.5,2.4545,-0.189
4,2+1+1+1,BRE-BRE-CHE-COV-MUN,BRE,BRE,CHE,COV,MUN,2.67,2.4,3.0,2.33,2.5,2.4545,-0.1689
4,2+1+1+1,BRE-BRE-CHE-COV-SUN,BRE,BRE,CHE,COV,SUN,2.67,2.4,3.0,2.33,2.5,2.4545,-0.1689
4,2+1+1+1,BRE-BRE-CHE-MUN-TOT,BRE,BRE,CHE,MUN,TOT,2.67,2.4,3.0,2.33,2.5,2.4545,-0.1689
4,2+1+1+1,BRE-BRE-CHE-TOT-SUN,BRE,BRE,CHE,TOT,SUN,2.67,2.4,3.0,2.33,2.5,2.4545,-0.1689
5,1+1+1+1+1,BRE-CHE-COV-LIV-MUN,BRE,CHE,COV,LIV,MUN,2.67,2.4,3.0,2.33,2.5,2.4545,-0.1689
5,1+1+1+1+1,BRE-CHE-COV-LIV-SUN,BRE,CHE,COV,LIV,SUN,2.67,2.4,3.0,2.33,2.5,2.4545,-0.1689
5,1+1+1+1+1,BRE-CHE-COV-MCI-MUN,BRE,CHE,COV,MCI,MUN,2.67,2.4,3.0,2.33,2.5,2.4545,-0.1689
5,1+1+1+1+1,BRE-CHE-COV-MCI-SUN,BRE,CHE,COV,MCI,SUN,2.67,2.4,3.0,2.33,2.5,2.4545,-0.1689
5,1+1+1+1+1,BRE-CHE-LIV-MUN-TOT,BRE,CHE,LIV,MUN,TOT,2.67,2.4,3.0,2.33,2.5,2.4545,-0.1689
5,1+1+1+1+1,BRE-CHE-LIV-TOT-SUN,BRE,CHE,LIV,TOT,SUN,2.67,2.4,3.0,2.33,2.5,2.4545,-0.1689
5,1+1+1+1+1,BRE-CHE-MCI-MUN-TOT,BRE,CHE,MCI,MUN,TOT,2.67,2.4,3.0,2.33,2.5,2.4545,-0.1689
5,1+1+1+1+1,BRE-CHE-MCI-TOT-SUN,BRE,CHE,MCI,TOT,SUN,2.67,2.4,3.0,2.33,2.5,2.4545,-0.1689
4,2+1+1+1,CHE-COV-LIV-LIV-MUN,CHE,COV,LIV,LIV,MUN,2.67,2.4,3.0,2.33,2.5,2.4545,-0.1689
4,2+1+1+1,CHE-COV-LIV-LIV-SUN,CHE,COV,LIV,LIV,SUN,2.67,2.4,3.0,2.33,2.5,2.4545,-0.1689
5,1+1+1+1+1,CHE-COV-LIV-MCI-MUN,CHE,COV,LIV,MCI,MUN,2.67,2.4,3.0,2.33,2.5,2.4545,-0.1689
5,1+1+1+1+1,CHE-COV-LIV-MCI-SUN,CHE,COV,LIV,MCI,SUN,2.67,2.4,3.0,2.33,2.5,2.4545,-0.1689
4,2+1+1+1,CHE-COV-MCI-MCI-MUN,CHE,COV,MCI,MCI,MUN,2.67,2.4,3.0,2.33,2.5,2.4545,-0.1689
4,2+1+1+1,CHE-COV-MCI-MCI-SUN,CHE,COV,MCI,MCI,SUN,2.67,2.4,3.0,2.33,2.5,2.4545,-0.1689
4,2+1+1+1,CHE-LIV-LIV-MUN-TOT,CHE,LIV,LIV,MUN,TOT,2.67,2.4,3.0,2.33,2.5,2.4545,-0.1689
4,2+1+1+1,CHE-LIV-LIV-TOT-SUN,CHE,LIV,LIV,TOT,SUN,2.67,2.4,3.0,2.33,2.5,2.4545,-0.1689
5,1+1+1+1+1,CHE-LIV-MCI-MUN-TOT,CHE,LIV,MCI,MUN,TOT,2.67,2.4,3.0,2.33,2.5,2.4545,-0.1689
5,1+1+1+1+1,CHE-LIV-MCI-TOT-SUN,CHE,LIV,MCI,TOT,SUN,2.67,2.4,3.0,2.33,2.5,2.4545,-0.1689
4,2+1+1+1,CHE-MCI-MCI-MUN-TOT,CHE,MCI,MCI,MUN,TOT,2.67,2.4,3.0,2.33,2.5,2.4545,-0.1689
4,2+1+1+1,CHE-MCI-MCI-TOT-SUN,CHE,MCI,MCI,TOT,SUN,2.67,2.4,3.0,2.33,2.5,2.4545,-0.1689
4,2+1+1+1,BRE-BRE-CHE-HUL-MUN,BRE,BRE,CHE,HUL,MUN,2.67,2.4,3.0,2.33,2.5,2.4545,-0.1618
4,2+1+1+1,BRE-BRE-CHE-HUL-SUN,BRE,BRE,CHE,HUL,SUN,2.67,2.4,3.0,2.33,2.5,2.4545,-0.1618
5,1+1+1+1+1,BRE-CHE-HUL-LIV-MUN,BRE,CHE,HUL,LIV,MUN,2.67,2.4,3.0,2.33,2.5,2.4545,-0.1618
5,1+1+1+1+1,BRE-CHE-HUL-LIV-SUN,BRE,CHE,HUL,LIV,SUN,2.67,2.4,3.0,2.33,2.5,2.4545,-0.1618
5,1+1+1+1+1,BRE-CHE-HUL-MCI-MUN,BRE,CHE,HUL,MCI,MUN,2.67,2.4,3.0,2.33,2.5,2.4545,-0.1618
5,1+1+1+1+1,BRE-CHE-HUL-MCI-SUN,BRE,CHE,HUL,MCI,SUN,2.67,2.4,3.0,2.33,2.5,2.4545,-0.1618
4,2+1+1+1,CHE-HUL-LIV-LIV-MUN,CHE,HUL,LIV,LIV,MUN,2.67,2.4,3.0,2.33,2.5,2.4545,-0.1618
4,2+1+1+1,CHE-HUL-LIV-LIV-SUN,CHE,HUL,LIV,LIV,SUN,2.67,2.4,3.0,2.33,2.5,2.4545,-0.1618
5,1+1+1+1+1,CHE-HUL-LIV-MCI-MUN,CHE,HUL,LIV,MCI,MUN,2.67,2.4,3.0,2.33,2.5,2.4545,-0.1618
5,1+1+1+1+1,CHE-HUL-LIV-MCI-SUN,CHE,HUL,LIV,MCI,SUN,2.67,2.4,3.0,2.33,2.5,2.4545,-0.1618
4,2+1+1+1,CHE-HUL-MCI-MCI-MUN,CHE,HUL,MCI,MCI,MUN,2.67,2.4,3.0,2.33,2.5,2.4545,-0.1618
4,2+1+1+1,CHE-HUL-MCI-MCI-SUN,CHE,HUL,MCI,MCI,SUN,2.67,2.4,3.0,2.33,2.5,2.4545,-0.1618
3,2+2+1,BRE-BRE-COV-COV-MUN,BRE,BRE,COV,COV,MUN,2.67,2.4,3.0,2.33,2.5,2.4545,-0.1
3,2+2+1,BRE-BRE-COV-COV-SUN,BRE,BRE,COV,COV,SUN,2.67,2.4,3.0,2.33,2.5,2.4545,-0.1
4,2+1+1+1,BRE-BRE-COV-MUN-TOT,BRE,BRE,COV,MUN,TOT,2.67,2.4,3.0,2.33,2.5,2.4545,-0.1
4,2+1+1+1,BRE-BRE-COV-TOT-SUN,BRE,BRE,COV,TOT,SUN,2.67,2.4,3.0,2.33,2.5,2.4545,-0.1
3,2+2+1,BRE-BRE-MUN-TOT-TOT,BRE,BRE,MUN,TOT,TOT,2.67,2.4,3.0,2.33,2.5,2.4545,-0.1
3,2+2+1,BRE-BRE-TOT-TOT-SUN,BRE,BRE,TOT,TOT,SUN,2.67,2.4,3.0,2.33,2.5,2.4545,-0.1
4,2+1+1+1,BRE-COV-COV-LIV-MUN,BRE,COV,COV,LIV,MUN,2.67,2.4,3.0,2.33,2.5,2.4545,-0.1
4,2+1+1+1,BRE-COV-COV-LIV-SUN,BRE,COV,COV,LIV,SUN,2.67,2.4,3.0,2.33,2.5,2.4545,-0.1
4,2+1+1+1,BRE-COV-COV-MCI-MUN,BRE,COV,COV,MCI,MUN,2.67,2.4,3.0,2.33,2.5,2.4545,-0.1
4,2+1+1+1,BRE-COV-COV-MCI-SUN,BRE,COV,COV,MCI,SUN,2.67,2.4,3.0,2.33,2.5,2.4545,-0.1
5,1+1+1+1+1,BRE-COV-LIV-MUN-TOT,BRE,COV,LIV,MUN,TOT,2.67,2.4,3.0,2.33,2.5,2.4545,-0.1
5,1+1+1+1+1,BRE-COV-LIV-TOT-SUN,BRE,COV,LIV,TOT,SUN,2.67,2.4,3.0,2.33,2.5,2.4545,-0.1
5,1+1+1+1+1,BRE-COV-MCI-MUN-TOT,BRE,COV,MCI,MUN,TOT,2.67,2.4,3.0,2.33,2.5,2.4545,-0.1
5,1+1+1+1+1,BRE-COV-MCI-TOT-SUN,BRE,COV,MCI,TOT,SUN,2.67,2.4,3.0,2.33,2.5,2.4545,-0.1
4,2+1+1+1,BRE-LIV-MUN-TOT-TOT,BRE,LIV,MUN,TOT,TOT,2.67,2.4,3.0,2.33,2.5,2.4545,-0.1
4,2+1+1+1,BRE-LIV-TOT-TOT-SUN,BRE,LIV,TOT,TOT,SUN,2.67,2.4,3.0,2.33,2.5,2.4545,-0.1
4,2+1+1+1,BRE-MCI-MUN-TOT-TOT,BRE,MCI,MUN,TOT,TOT,2.67,2.4,3.0,2.33,2.5,2.4545,-0.1
4,2+1+1+1,BRE-MCI-TOT-TOT-SUN,BRE,MCI,TOT,TOT,SUN,2.67,2.4,3.0,2.33,2.5,2.4545,-0.1
3,2+2+1,COV-COV-LIV-LIV-MUN,COV,COV,LIV,LIV,MUN,2.67,2.4,3.0,2.33,2.5,2.4545,-0.1
3,2+2+1,COV-COV-LIV-LIV-SUN,COV,COV,LIV,LIV,SUN,2.67,2.4,3.0,2.33,2.5,2.4545,-0.1
4,2+1+1+1,COV-COV-LIV-MCI-MUN,COV,COV,LIV,MCI,MUN,2.67,2.4,3.0,2.33,2.5,2.4545,-0.1
4,2+1+1+1,COV-COV-LIV-MCI-SUN,COV,COV,LIV,MCI,SUN,2.67,2.4,3.0,2.33,2.5,2.4545,-0.1
3,2+2+1,COV-COV-MCI-MCI-MUN,COV,COV,MCI,MCI,MUN,2.67,2.4,3.0,2.33,2.5,2.4545,-0.1
3,2+2+1,COV-COV-MCI-MCI-SUN,COV,COV,MCI,MCI,SUN,2.67,2.4,3.0,2.33,2.5,2.4545,-0.1
4,2+1+1+1,COV-LIV-LIV-MUN-TOT,COV,LIV,LIV,MUN,TOT,2.67,2.4,3.0,2.33,2.5,2.4545,-0.1
4,2+1+1+1,COV-LIV-LIV-TOT-SUN,COV,LIV,LIV,TOT,SUN,2.67,2.4,3.0,2.33,2.5,2.4545,-0.1
5,1+1+1+1+1,COV-LIV-MCI-MUN-TOT,COV,LIV,MCI,MUN,TOT,2.67,2.4,3.0,2.33,2.5,2.4545,-0.1
5,1+1+1+1+1,COV-LIV-MCI-TOT-SUN,COV,LIV,MCI,TOT,SUN,2.67,2.4,3.0,2.33,2.5,2.4545,-0.1
4,2+1+1+1,COV-MCI-MCI-MUN-TOT,COV,MCI,MCI,MUN,TOT,2.67,2.4,3.0,2.33,2.5,2.4545,-0.1
4,2+1+1+1,COV-MCI-MCI-TOT-SUN,COV,MCI,MCI,TOT,SUN,2.67,2.4,3.0,2.33,2.5,2.4545,-0.1
4,2+1+1+1,HUL-LEE-LIV-MUN-MUN,HUL,LEE,LIV,MUN,MUN,2.33,2.4,3.0,2.67,2.5,2.4545,-0.1
5,1+1+1+1+1,HUL-LEE-LIV-MUN-SUN,HUL,LEE,LIV,MUN,SUN,2.33,2.4,3.0,2.67,2.5,2.4545,-0.1
4,2+1+1+1,HUL-LEE-LIV-SUN-SUN,HUL,LEE,LIV,SUN,SUN,2.33,2.4,3.0,2.67,2.5,2.4545,-0.1
4,2+1+1+1,HUL-LEE-MCI-MUN-MUN,HUL,LEE,MCI,MUN,MUN,2.33,2.4,3.0,2.67,2.5,2.4545,-0.1
5,1+1+1+1+1,HUL-LEE-MCI-MUN-SUN,HUL,LEE,MCI,MUN,SUN,2.33,2.4,3.0,2.67,2.5,2.4545,-0.1
4,2+1+1+1,HUL-LEE-MCI-SUN-SUN,HUL,LEE,MCI,SUN,SUN,2.33,2.4,3.0,2.67,2.5,2.4545,-0.1
3,2+2+1,LIV-LIV-MUN-TOT-TOT,LIV,LIV,MUN,TOT,TOT,2.67,2.4,3.0,2.33,2.5,2.4545,-0.1
3,2+2+1,LIV-LIV-TOT-TOT-SUN,LIV,LIV,TOT,TOT,SUN,2.67,2.4,3.0,2.33,2.5,2.4545,-0.1
4,2+1+1+1,LIV-MCI-MUN-TOT-TOT,LIV,MCI,MUN,TOT,TOT,2.67,2.4,3.0,2.33,2.5,2.4545,-0.1
4,2+1+1+1,LIV-MCI-TOT-TOT-SUN,LIV,MCI,TOT,TOT,SUN,2.67,2.4,3.0,2.33,2.5,2.4545,-0.1
3,2+2+1,MCI-MCI-MUN-TOT-TOT,MCI,MCI,MUN,TOT,TOT,2.67,2.4,3.0,2.33,2.5,2.4545,-0.1
3,2+2+1,MCI-MCI-TOT-TOT-SUN,MCI,MCI,TOT,TOT,SUN,2.67,2.4,3.0,2.33,2.5,2.4545,-0.1
4,2+1+1+1,BOU-BRE-CHE-MUN-MUN,BOU,BRE,CHE,MUN,MUN,2.33,2.4,3.0,2.67,2.5,2.4545,-0.0744
5,1+1+1+1+1,BOU-BRE-CHE-MUN-SUN,BOU,BRE,CHE,MUN,SUN,2.33,2.4,3.0,2.67,2.5,2.4545,-0.0744
4,2+1+1+1,BOU-BRE-CHE-SUN-SUN,BOU,BRE,CHE,SUN,SUN,2.33,2.4,3.0,2.67,2.5,2.4545,-0.0744
4,2+1+1+1,BOU-CHE-LIV-MUN-MUN,BOU,CHE,LIV,MUN,MUN,2.33,2.4,3.0,2.67,2.5,2.4545,-0.0744
5,1+1+1+1+1,BOU-CHE-LIV-MUN-SUN,BOU,CHE,LIV,MUN,SUN,2.33,2.4,3.0,2.67,2.5,2.4545,-0.0744
4,2+1+1+1,BOU-CHE-LIV-SUN-SUN,BOU,CHE,LIV,SUN,SUN,2.33,2.4,3.0,2.67,2.5,2.4545,-0.0744
4,2+1+1+1,BOU-CHE-MCI-MUN-MUN,BOU,CHE,MCI,MUN,MUN,2.33,2.4,3.0,2.67,2.5,2.4545,-0.0744
5,1+1+1+1+1,BOU-CHE-MCI-MUN-SUN,BOU,CHE,MCI,MUN,SUN,2.33,2.4,3.0,2.67,2.5,2.4545,-0.0744
4,2+1+1+1,BOU-CHE-MCI-SUN-SUN,BOU,CHE,MCI,SUN,SUN,2.33,2.4,3.0,2.67,2.5,2.4545,-0.0744
4,2+1+1+1,BRE-CHE-FUL-MUN-MUN,BRE,CHE,FUL,MUN,MUN,2.33,2.4,3.0,2.67,2.5,2.4545,-0.0744
4,2+1+1+1,BRE-CHE-MUN-MUN-NEW,BRE,CHE,MUN,MUN,NEW,2.33,2.4,3.0,2.67,2.5,2.4545,-0.0744
5,1+1+1+1+1,BRE-CHE-MUN-NEW-SUN,BRE,CHE,MUN,NEW,SUN,2.33,2.4,3.0,2.67,2.5,2.4545,-0.0744
4,2+1+1+1,BRE-CHE-NEW-SUN-SUN,BRE,CHE,NEW,SUN,SUN,2.33,2.4,3.0,2.67,2.5,2.4545,-0.0744
4,2+1+1+1,CHE-FUL-LIV-MUN-MUN,CHE,FUL,LIV,MUN,MUN,2.33,2.4,3.0,2.67,2.5,2.4545,-0.0744
4,2+1+1+1,CHE-FUL-MCI-MUN-MUN,CHE,FUL,MCI,MUN,MUN,2.33,2.4,3.0,2.67,2.5,2.4545,-0.0744
4,2+1+1+1,CHE-LIV-MUN-MUN-NEW,CHE,LIV,MUN,MUN,NEW,2.33,2.4,3.0,2.67,2.5,2.4545,-0.0744
5,1+1+1+1+1,CHE-LIV-MUN-NEW-SUN,CHE,LIV,MUN,NEW,SUN,2.33,2.4,3.0,2.67,2.5,2.4545,-0.0744
4,2+1+1+1,CHE-LIV-NEW-SUN-SUN,CHE,LIV,NEW,SUN,SUN,2.33,2.4,3.0,2.67,2.5,2.4545,-0.0744
4,2+1+1+1,CHE-MCI-MUN-MUN-NEW,CHE,MCI,MUN,MUN,NEW,2.33,2.4,3.0,2.67,2.5,2.4545,-0.0744
5,1+1+1+1+1,CHE-MCI-MUN-NEW-SUN,CHE,MCI,MUN,NEW,SUN,2.33,2.4,3.0,2.67,2.5,2.4545,-0.0744
4,2+1+1+1,CHE-MCI-NEW-SUN-SUN,CHE,MCI,NEW,SUN,SUN,2.33,2.4,3.0,2.67,2.5,2.4545,-0.0744
4,2+1+1+1,BOU-BRE-HUL-MUN-MUN,BOU,BRE,HUL,MUN,MUN,2.33,2.4,3.0,2.67,2.5,2.4545,-0.0634
5,1+1+1+1+1,BOU-BRE-HUL-MUN-SUN,BOU,BRE,HUL,MUN,SUN,2.33,2.4,3.0,2.67,2.5,2.4545,-0.0634
4,2+1+1+1,BOU-BRE-HUL-SUN-SUN,BOU,BRE,HUL,SUN,SUN,2.33,2.4,3.0,2.67,2.5,2.4545,-0.0634
4,2+1+1+1,BOU-HUL-LIV-MUN-MUN,BOU,HUL,LIV,MUN,MUN,2.33,2.4,3.0,2.67,2.5,2.4545,-0.0634
5,1+1+1+1+1,BOU-HUL-LIV-MUN-SUN,BOU,HUL,LIV,MUN,SUN,2.33,2.4,3.0,2.67,2.5,2.4545,-0.0634
4,2+1+1+1,BOU-HUL-LIV-SUN-SUN,BOU,HUL,LIV,SUN,SUN,2.33,2.4,3.0,2.67,2.5,2.4545,-0.0634
4,2+1+1+1,BOU-HUL-MCI-MUN-MUN,BOU,HUL,MCI,MUN,MUN,2.33,2.4,3.0,2.67,2.5,2.4545,-0.0634
5,1+1+1+1+1,BOU-HUL-MCI-MUN-SUN,BOU,HUL,MCI,MUN,SUN,2.33,2.4,3.0,2.67,2.5,2.4545,-0.0634
4,2+1+1+1,BOU-HUL-MCI-SUN-SUN,BOU,HUL,MCI,SUN,SUN,2.33,2.4,3.0,2.67,2.5,2.4545,-0.0634
4,2+1+1+1,BRE-BRE-HUL-MUN-TOT,BRE,BRE,HUL,MUN,TOT,2.67,2.4,3.0,2.33,2.5,2.4545,-0.0634
4,2+1+1+1,BRE-BRE-HUL-TOT-SUN,BRE,BRE,HUL,TOT,SUN,2.67,2.4,3.0,2.33,2.5,2.4545,-0.0634
4,2+1+1+1,BRE-FUL-HUL-MUN-MUN,BRE,FUL,HUL,MUN,MUN,2.33,2.4,3.0,2.67,2.5,2.4545,-0.0634
5,1+1+1+1+1,BRE-HUL-LIV-MUN-TOT,BRE,HUL,LIV,MUN,TOT,2.67,2.4,3.0,2.33,2.5,2.4545,-0.0634
5,1+1+1+1+1,BRE-HUL-LIV-TOT-SUN,BRE,HUL,LIV,TOT,SUN,2.67,2.4,3.0,2.33,2.5,2.4545,-0.0634
5,1+1+1+1+1,BRE-HUL-MCI-MUN-TOT,BRE,HUL,MCI,MUN,TOT,2.67,2.4,3.0,2.33,2.5,2.4545,-0.0634
5,1+1+1+1+1,BRE-HUL-MCI-TOT-SUN,BRE,HUL,MCI,TOT,SUN,2.67,2.4,3.0,2.33,2.5,2.4545,-0.0634
4,2+1+1+1,BRE-HUL-MUN-MUN-NEW,BRE,HUL,MUN,MUN,NEW,2.33,2.4,3.0,2.67,2.5,2.4545,-0.0634
5,1+1+1+1+1,BRE-HUL-MUN-NEW-SUN,BRE,HUL,MUN,NEW,SUN,2.33,2.4,3.0,2.67,2.5,2.4545,-0.0634
4,2+1+1+1,BRE-HUL-NEW-SUN-SUN,BRE,HUL,NEW,SUN,SUN,2.33,2.4,3.0,2.67,2.5,2.4545,-0.0634
4,2+1+1+1,FUL-HUL-LIV-MUN-MUN,FUL,HUL,LIV,MUN,MUN,2.33,2.4,3.0,2.67,2.5,2.4545,-0.0634
4,2+1+1+1,FUL-HUL-MCI-MUN-MUN,FUL,HUL,MCI,MUN,MUN,2.33,2.4,3.0,2.67,2.5,2.4545,-0.0634
4,2+1+1+1,HUL-LIV-LIV-MUN-TOT,HUL,LIV,LIV,MUN,TOT,2.67,2.4,3.0,2.33,2.5,2.4545,-0.0634
4,2+1+1+1,HUL-LIV-LIV-TOT-SUN,HUL,LIV,LIV,TOT,SUN,2.67,2.4,3.0,2.33,2.5,2.4545,-0.0634
5,1+1+1+1+1,HUL-LIV-MCI-MUN-TOT,HUL,LIV,MCI,MUN,TOT,2.67,2.4,3.0,2.33,2.5,2.4545,-0.0634
5,1+1+1+1+1,HUL-LIV-MCI-TOT-SUN,HUL,LIV,MCI,TOT,SUN,2.67,2.4,3.0,2.33,2.5,2.4545,-0.0634
4,2+1+1+1,HUL-LIV-MUN-MUN-NEW,HUL,LIV,MUN,MUN,NEW,2.33,2.4,3.0,2.67,2.5,2.4545,-0.0634
5,1+1+1+1+1,HUL-LIV-MUN-NEW-SUN,HUL,LIV,MUN,NEW,SUN,2.33,2.4,3.0,2.67,2.5,2.4545,-0.0634
4,2+1+1+1,HUL-LIV-NEW-SUN-SUN,HUL,LIV,NEW,SUN,SUN,2.33,2.4,3.0,2.67,2.5,2.4545,-0.0634
4,2+1+1+1,HUL-MCI-MCI-MUN-TOT,HUL,MCI,MCI,MUN,TOT,2.67,2.4,3.0,2.33,2.5,2.4545,-0.0634
4,2+1+1+1,HUL-MCI-MCI-TOT-SUN,HUL,MCI,MCI,TOT,SUN,2.67,2.4,3.0,2.33,2.5,2.4545,-0.0634
4,2+1+1+1,HUL-MCI-MUN-MUN-NEW,HUL,MCI,MUN,MUN,NEW,2.33,2.4,3.0,2.67,2.5,2.4545,-0.0634
5,1+1+1+1+1,HUL-MCI-MUN-NEW-SUN,HUL,MCI,MUN,NEW,SUN,2.33,2.4,3.0,2.67,2.5,2.4545,-0.0634
4,2+1+1+1,HUL-MCI-NEW-SUN-SUN,HUL,MCI,NEW,SUN,SUN,2.33,2.4,3.0,2.67,2.5,2.4545,-0.0634
4,2+1+1+1,BOU-BRE-COV-MUN-MUN,BOU,BRE,COV,MUN,MUN,2.33,2.4,3.0,2.67,2.5,2.4545,-0.05
5,1+1+1+1+1,BOU-BRE-COV-MUN-SUN,BOU,BRE,COV,MUN,SUN,2.33,2.4,3.0,2.67,2.5,2.4545,-0.05
4,2+1+1+1,BOU-BRE-COV-SUN-SUN,BOU,BRE,COV,SUN,SUN,2.33,2.4,3.0,2.67,2.5,2.4545,-0.05
4,2+1+1+1,BOU-BRE-MUN-MUN-TOT,BOU,BRE,MUN,MUN,TOT,2.33,2.4,3.0,2.67,2.5,2.4545,-0.05
5,1+1+1+1+1,BOU-BRE-MUN-TOT-SUN,BOU,BRE,MUN,TOT,SUN,2.33,2.4,3.0,2.67,2.5,2.4545,-0.05
4,2+1+1+1,BOU-BRE-TOT-SUN-SUN,BOU,BRE,TOT,SUN,SUN,2.33,2.4,3.0,2.67,2.5,2.4545,-0.05
4,2+1+1+1,BOU-COV-LIV-MUN-MUN,BOU,COV,LIV,MUN,MUN,2.33,2.4,3.0,2.67,2.5,2.4545,-0.05
5,1+1+1+1+1,BOU-COV-LIV-MUN-SUN,BOU,COV,LIV,MUN,SUN,2.33,2.4,3.0,2.67,2.5,2.4545,-0.05
4,2+1+1+1,BOU-COV-LIV-SUN-SUN,BOU,COV,LIV,SUN,SUN,2.33,2.4,3.0,2.67,2.5,2.4545,-0.05
4,2+1+1+1,BOU-COV-MCI-MUN-MUN,BOU,COV,MCI,MUN,MUN,2.33,2.4,3.0,2.67,2.5,2.4545,-0.05
5,1+1+1+1+1,BOU-COV-MCI-MUN-SUN,BOU,COV,MCI,MUN,SUN,2.33,2.4,3.0,2.67,2.5,2.4545,-0.05
4,2+1+1+1,BOU-COV-MCI-SUN-SUN,BOU,COV,MCI,SUN,SUN,2.33,2.4,3.0,2.67,2.5,2.4545,-0.05
4,2+1+1+1,BOU-LIV-MUN-MUN-TOT,BOU,LIV,MUN,MUN,TOT,2.33,2.4,3.0,2.67,2.5,2.4545,-0.05
5,1+1+1+1+1,BOU-LIV-MUN-TOT-SUN,BOU,LIV,MUN,TOT,SUN,2.33,2.4,3.0,2.67,2.5,2.4545,-0.05
4,2+1+1+1,BOU-LIV-TOT-SUN-SUN,BOU,LIV,TOT,SUN,SUN,2.33,2.4,3.0,2.67,2.5,2.4545,-0.05
4,2+1+1+1,BOU-MCI-MUN-MUN-TOT,BOU,MCI,MUN,MUN,TOT,2.33,2.4,3.0,2.67,2.5,2.4545,-0.05
5,1+1+1+1+1,BOU-MCI-MUN-TOT-SUN,BOU,MCI,MUN,TOT,SUN,2.33,2.4,3.0,2.67,2.5,2.4545,-0.05
4,2+1+1+1,BOU-MCI-TOT-SUN-SUN,BOU,MCI,TOT,SUN,SUN,2.33,2.4,3.0,2.67,2.5,2.4545,-0.05
4,2+1+1+1,BRE-COV-FUL-MUN-MUN,BRE,COV,FUL,MUN,MUN,2.33,2.4,3.0,2.67,2.5,2.4545,-0.05
4,2+1+1+1,BRE-COV-MUN-MUN-NEW,BRE,COV,MUN,MUN,NEW,2.33,2.4,3.0,2.67,2.5,2.4545,-0.05
5,1+1+1+1+1,BRE-COV-MUN-NEW-SUN,BRE,COV,MUN,NEW,SUN,2.33,2.4,3.0,2.67,2.5,2.4545,-0.05
4,2+1+1+1,BRE-COV-NEW-SUN-SUN,BRE,COV,NEW,SUN,SUN,2.33,2.4,3.0,2.67,2.5,2.4545,-0.05
4,2+1+1+1,BRE-FUL-MUN-MUN-TOT,BRE,FUL,MUN,MUN,TOT,2.33,2.4,3.0,2.67,2.5,2.4545,-0.05
4,2+1+1+1,COV-FUL-LIV-MUN-MUN,COV,FUL,LIV,MUN,MUN,2.33,2.4,3.0,2.67,2.5,2.4545,-0.05
4,2+1+1+1,COV-FUL-MCI-MUN-MUN,COV,FUL,MCI,MUN,MUN,2.33,2.4,3.0,2.67,2.5,2.4545,-0.05
4,2+1+1+1,COV-LEE-LIV-MUN-MUN,COV,LEE,LIV,MUN,MUN,2.33,2.4,3.0,2.67,2.5,2.4545,-0.05
5,1+1+1+1+1,COV-LEE-LIV-MUN-SUN,COV,LEE,LIV,MUN,SUN,2.33,2.4,3.0,2.67,2.5,2.4545,-0.05
4,2+1+1+1,COV-LEE-LIV-SUN-SUN,COV,LEE,LIV,SUN,SUN,2.33,2.4,3.0,2.67,2.5,2.4545,-0.05
4,2+1+1+1,COV-LEE-MCI-MUN-MUN,COV,LEE,MCI,MUN,MUN,2.33,2.4,3.0,2.67,2.5,2.4545,-0.05
5,1+1+1+1+1,COV-LEE-MCI-MUN-SUN,COV,LEE,MCI,MUN,SUN,2.33,2.4,3.0,2.67,2.5,2.4545,-0.05
4,2+1+1+1,COV-LEE-MCI-SUN-SUN,COV,LEE,MCI,SUN,SUN,2.33,2.4,3.0,2.67,2.5,2.4545,-0.05
4,2+1+1+1,COV-LIV-MUN-MUN-NEW,COV,LIV,MUN,MUN,NEW,2.33,2.4,3.0,2.67,2.5,2.4545,-0.05
5,1+1+1+1+1,COV-LIV-MUN-NEW-SUN,COV,LIV,MUN,NEW,SUN,2.33,2.4,3.0,2.67,2.5,2.4545,-0.05
4,2+1+1+1,COV-LIV-NEW-SUN-SUN,COV,LIV,NEW,SUN,SUN,2.33,2.4,3.0,2.67,2.5,2.4545,-0.05
4,2+1+1+1,COV-MCI-MUN-MUN-NEW,COV,MCI,MUN,MUN,NEW,2.33,2.4,3.0,2.67,2.5,2.4545,-0.05
5,1+1+1+1+1,COV-MCI-MUN-NEW-SUN,COV,MCI,MUN,NEW,SUN,2.33,2.4,3.0,2.67,2.5,2.4545,-0.05
4,2+1+1+1,COV-MCI-NEW-SUN-SUN,COV,MCI,NEW,SUN,SUN,2.33,2.4,3.0,2.67,2.5,2.4545,-0.05
4,2+1+1+1,FUL-LIV-MUN-MUN-TOT,FUL,LIV,MUN,MUN,TOT,2.33,2.4,3.0,2.67,2.5,2.4545,-0.05
4,2+1+1+1,FUL-MCI-MUN-MUN-TOT,FUL,MCI,MUN,MUN,TOT,2.33,2.4,3.0,2.67,2.5,2.4545,-0.05
4,2+1+1+1,LEE-LIV-MUN-MUN-TOT,LEE,LIV,MUN,MUN,TOT,2.33,2.4,3.0,2.67,2.5,2.4545,-0.05
5,1+1+1+1+1,LEE-LIV-MUN-TOT-SUN,LEE,LIV,MUN,TOT,SUN,2.33,2.4,3.0,2.67,2.5,2.4545,-0.05
4,2+1+1+1,LEE-LIV-TOT-SUN-SUN,LEE,LIV,TOT,SUN,SUN,2.33,2.4,3.0,2.67,2.5,2.4545,-0.05
4,2+1+1+1,LEE-MCI-MUN-MUN-TOT,LEE,MCI,MUN,MUN,TOT,2.33,2.4,3.0,2.67,2.5,2.4545,-0.05
5,1+1+1+1+1,LEE-MCI-MUN-TOT-SUN,LEE,MCI,MUN,TOT,SUN,2.33,2.4,3.0,2.67,2.5,2.4545,-0.05
4,2+1+1+1,LEE-MCI-TOT-SUN-SUN,LEE,MCI,TOT,SUN,SUN,2.33,2.4,3.0,2.67,2.5,2.4545,-0.05
4,2+1+1+1,CHE-LEE-LIV-MUN-MUN,CHE,LEE,LIV,MUN,MUN,2.33,2.4,3.0,2.67,2.5,2.4545,-0.0055
5,1+1+1+1+1,CHE-LEE-LIV-MUN-SUN,CHE,LEE,LIV,MUN,SUN,2.33,2.4,3.0,2.67,2.5,2.4545,-0.0055
4,2+1+1+1,CHE-LEE-LIV-SUN-SUN,CHE,LEE,LIV,SUN,SUN,2.33,2.4,3.0,2.67,2.5,2.4545,-0.0055
4,2+1+1+1,CHE-LEE-MCI-MUN-MUN,CHE,LEE,MCI,MUN,MUN,2.33,2.4,3.0,2.67,2.5,2.4545,-0.0055
5,1+1+1+1+1,CHE-LEE-MCI-MUN-SUN,CHE,LEE,MCI,MUN,SUN,2.33,2.4,3.0,2.67,2.5,2.4545,-0.0055
4,2+1+1+1,CHE-LEE-MCI-SUN-SUN,CHE,LEE,MCI,SUN,SUN,2.33,2.4,3.0,2.67,2.5,2.4545,-0.0055
3,2+2+1,BRE-BRE-HUL-HUL-MUN,BRE,BRE,HUL,HUL,MUN,2.67,2.4,3.0,2.33,2.5,2.4545,0.0
3,2+2+1,BRE-BRE-HUL-HUL-SUN,BRE,BRE,HUL,HUL,SUN,2.67,2.4,3.0,2.33,2.5,2.4545,0.0
4,2+1+1+1,BRE-EVE-HUL-MUN-MUN,BRE,EVE,HUL,MUN,MUN,2.33,2.4,3.0,2.67,2.5,2.4545,0.0
5,1+1+1+1+1,BRE-EVE-HUL-MUN-SUN,BRE,EVE,HUL,MUN,SUN,2.33,2.4,3.0,2.67,2.5,2.4545,0.0
4,2+1+1+1,BRE-EVE-HUL-SUN-SUN,BRE,EVE,HUL,SUN,SUN,2.33,2.4,3.0,2.67,2.5,2.4545,0.0
4,2+1+1+1,BRE-HUL-HUL-LIV-MUN,BRE,HUL,HUL,LIV,MUN,2.67,2.4,3.0,2.33,2.5,2.4545,0.0
4,2+1+1+1,BRE-HUL-HUL-LIV-SUN,BRE,HUL,HUL,LIV,SUN,2.67,2.4,3.0,2.33,2.5,2.4545,0.0
4,2+1+1+1,BRE-HUL-HUL-MCI-MUN,BRE,HUL,HUL,MCI,MUN,2.67,2.4,3.0,2.33,2.5,2.4545,0.0
4,2+1+1+1,BRE-HUL-HUL-MCI-SUN,BRE,HUL,HUL,MCI,SUN,2.67,2.4,3.0,2.33,2.5,2.4545,0.0
4,2+1+1+1,EVE-HUL-LIV-MUN-MUN,EVE,HUL,LIV,MUN,MUN,2.33,2.4,3.0,2.67,2.5,2.4545,0.0
5,1+1+1+1+1,EVE-HUL-LIV-MUN-SUN,EVE,HUL,LIV,MUN,SUN,2.33,2.4,3.0,2.67,2.5,2.4545,0.0
4,2+1+1+1,EVE-HUL-LIV-SUN-SUN,EVE,HUL,LIV,SUN,SUN,2.33,2.4,3.0,2.67,2.5,2.4545,0.0
4,2+1+1+1,EVE-HUL-MCI-MUN-MUN,EVE,HUL,MCI,MUN,MUN,2.33,2.4,3.0,2.67,2.5,2.4545,0.0
5,1+1+1+1+1,EVE-HUL-MCI-MUN-SUN,EVE,HUL,MCI,MUN,SUN,2.33,2.4,3.0,2.67,2.5,2.4545,0.0
4,2+1+1+1,EVE-HUL-MCI-SUN-SUN,EVE,HUL,MCI,SUN,SUN,2.33,2.4,3.0,2.67,2.5,2.4545,0.0
3,2+2+1,HUL-HUL-LIV-LIV-MUN,HUL,HUL,LIV,LIV,MUN,2.67,2.4,3.0,2.33,2.5,2.4545,0.0
3,2+2+1,HUL-HUL-LIV-LIV-SUN,HUL,HUL,LIV,LIV,SUN,2.67,2.4,3.0,2.33,2.5,2.4545,0.0
4,2+1+1+1,HUL-HUL-LIV-MCI-MUN,HUL,HUL,LIV,MCI,MUN,2.67,2.4,3.0,2.33,2.5,2.4545,0.0
4,2+1+1+1,HUL-HUL-LIV-MCI-SUN,HUL,HUL,LIV,MCI,SUN,2.67,2.4,3.0,2.33,2.5,2.4545,0.0
3,2+2+1,HUL-HUL-MCI-MCI-MUN,HUL,HUL,MCI,MCI,MUN,2.67,2.4,3.0,2.33,2.5,2.4545,0.0
3,2+2+1,HUL-HUL-MCI-MCI-SUN,HUL,HUL,MCI,MCI,SUN,2.67,2.4,3.0,2.33,2.5,2.4545,0.0
2,3+2,BOU-BOU-MUN-MUN-MUN,BOU,BOU,MUN,MUN,MUN,2.0,2.4,3.0,3.0,2.5,2.4545,0.1
3,2+2+1,BOU-BOU-MUN-MUN-SUN,BOU,BOU,MUN,MUN,SUN,2.0,2.4,3.0,3.0,2.5,2.4545,0.1
3,2+2+1,BOU-BOU-MUN-SUN-SUN,BOU,BOU,MUN,SUN,SUN,2.0,2.4,3.0,3.0,2.5,2.4545,0.1
2,3+2,BOU-BOU-SUN-SUN-SUN,BOU,BOU,SUN,SUN,SUN,2.0,2.4,3.0,3.0,2.5,2.4545,0.1
3,3+1+1,BOU-FUL-MUN-MUN-MUN,BOU,FUL,MUN,MUN,MUN,2.0,2.4,3.0,3.0,2.5,2.4545,0.1
3,3+1+1,BOU-MUN-MUN-MUN-NEW,BOU,MUN,MUN,MUN,NEW,2.0,2.4,3.0,3.0,2.5,2.4545,0.1
4,2+1+1+1,BOU-MUN-MUN-NEW-SUN,BOU,MUN,MUN,NEW,SUN,2.0,2.4,3.0,3.0,2.5,2.4545,0.1
4,2+1+1+1,BOU-MUN-NEW-SUN-SUN,BOU,MUN,NEW,SUN,SUN,2.0,2.4,3.0,3.0,2.5,2.4545,0.1
3,3+1+1,BOU-NEW-SUN-SUN-SUN,BOU,NEW,SUN,SUN,SUN,2.0,2.4,3.0,3.0,2.5,2.4545,0.1
4,2+1+1+1,BRE-COV-EVE-MUN-MUN,BRE,COV,EVE,MUN,MUN,2.33,2.4,3.0,2.67,2.5,2.4545,0.1
5,1+1+1+1+1,BRE-COV-EVE-MUN-SUN,BRE,COV,EVE,MUN,SUN,2.33,2.4,3.0,2.67,2.5,2.4545,0.1
4,2+1+1+1,BRE-COV-EVE-SUN-SUN,BRE,COV,EVE,SUN,SUN,2.33,2.4,3.0,2.67,2.5,2.4545,0.1
4,2+1+1+1,BRE-EVE-MUN-MUN-TOT,BRE,EVE,MUN,MUN,TOT,2.33,2.4,3.0,2.67,2.5,2.4545,0.1
5,1+1+1+1+1,BRE-EVE-MUN-TOT-SUN,BRE,EVE,MUN,TOT,SUN,2.33,2.4,3.0,2.67,2.5,2.4545,0.1
4,2+1+1+1,BRE-EVE-TOT-SUN-SUN,BRE,EVE,TOT,SUN,SUN,2.33,2.4,3.0,2.67,2.5,2.4545,0.1
4,2+1+1+1,COV-EVE-LIV-MUN-MUN,COV,EVE,LIV,MUN,MUN,2.33,2.4,3.0,2.67,2.5,2.4545,0.1
5,1+1+1+1+1,COV-EVE-LIV-MUN-SUN,COV,EVE,LIV,MUN,SUN,2.33,2.4,3.0,2.67,2.5,2.4545,0.1
4,2+1+1+1,COV-EVE-LIV-SUN-SUN,COV,EVE,LIV,SUN,SUN,2.33,2.4,3.0,2.67,2.5,2.4545,0.1
4,2+1+1+1,COV-EVE-MCI-MUN-MUN,COV,EVE,MCI,MUN,MUN,2.33,2.4,3.0,2.67,2.5,2.4545,0.1
5,1+1+1+1+1,COV-EVE-MCI-MUN-SUN,COV,EVE,MCI,MUN,SUN,2.33,2.4,3.0,2.67,2.5,2.4545,0.1
4,2+1+1+1,COV-EVE-MCI-SUN-SUN,COV,EVE,MCI,SUN,SUN,2.33,2.4,3.0,2.67,2.5,2.4545,0.1
4,2+1+1+1,EVE-LIV-MUN-MUN-TOT,EVE,LIV,MUN,MUN,TOT,2.33,2.4,3.0,2.67,2.5,2.4545,0.1
5,1+1+1+1+1,EVE-LIV-MUN-TOT-SUN,EVE,LIV,MUN,TOT,SUN,2.33,2.4,3.0,2.67,2.5,2.4545,0.1
4,2+1+1+1,EVE-LIV-TOT-SUN-SUN,EVE,LIV,TOT,SUN,SUN,2.33,2.4,3.0,2.67,2.5,2.4545,0.1
4,2+1+1+1,EVE-MCI-MUN-MUN-TOT,EVE,MCI,MUN,MUN,TOT,2.33,2.4,3.0,2.67,2.5,2.4545,0.1
5,1+1+1+1+1,EVE-MCI-MUN-TOT-SUN,EVE,MCI,MUN,TOT,SUN,2.33,2.4,3.0,2.67,2.5,2.4545,0.1
4,2+1+1+1,EVE-MCI-TOT-SUN-SUN,EVE,MCI,TOT,SUN,SUN,2.33,2.4,3.0,2.67,2.5,2.4545,0.1
2,3+2,FUL-FUL-MUN-MUN-MUN,FUL,FUL,MUN,MUN,MUN,2.0,2.4,3.0,3.0,2.5,2.4545,0.1
3,3+1+1,FUL-MUN-MUN-MUN-NEW,FUL,MUN,MUN,MUN,NEW,2.0,2.4,3.0,3.0,2.5,2.4545,0.1
2,3+2,MUN-MUN-MUN-NEW-NEW,MUN,MUN,MUN,NEW,NEW,2.0,2.4,3.0,3.0,2.5,2.4545,0.1
3,2+2+1,MUN-MUN-NEW-NEW-SUN,MUN,MUN,NEW,NEW,SUN,2.0,2.4,3.0,3.0,2.5,2.4545,0.1
3,2+2+1,MUN-NEW-NEW-SUN-SUN,MUN,NEW,NEW,SUN,SUN,2.0,2.4,3.0,3.0,2.5,2.4545,0.1
2,3+2,NEW-NEW-SUN-SUN-SUN,NEW,NEW,SUN,SUN,SUN,2.0,2.4,3.0,3.0,2.5,2.4545,0.1
3,3+1+1,BOU-LEE-MUN-MUN-MUN,BOU,LEE,MUN,MUN,MUN,2.0,2.4,3.0,3.0,2.5,2.4545,0.15
4,2+1+1+1,BOU-LEE-MUN-MUN-SUN,BOU,LEE,MUN,MUN,SUN,2.0,2.4,3.0,3.0,2.5,2.4545,0.15
4,2+1+1+1,BOU-LEE-MUN-SUN-SUN,BOU,LEE,MUN,SUN,SUN,2.0,2.4,3.0,3.0,2.5,2.4545,0.15
3,3+1+1,BOU-LEE-SUN-SUN-SUN,BOU,LEE,SUN,SUN,SUN,2.0,2.4,3.0,3.0,2.5,2.4545,0.15
3,3+1+1,FUL-LEE-MUN-MUN-MUN,FUL,LEE,MUN,MUN,MUN,2.0,2.4,3.0,3.0,2.5,2.4545,0.15
3,3+1+1,LEE-MUN-MUN-MUN-NEW,LEE,MUN,MUN,MUN,NEW,2.0,2.4,3.0,3.0,2.5,2.4545,0.15
4,2+1+1+1,LEE-MUN-MUN-NEW-SUN,LEE,MUN,MUN,NEW,SUN,2.0,2.4,3.0,3.0,2.5,2.4545,0.15
4,2+1+1+1,LEE-MUN-NEW-SUN-SUN,LEE,MUN,NEW,SUN,SUN,2.0,2.4,3.0,3.0,2.5,2.4545,0.15
3,3+1+1,LEE-NEW-SUN-SUN-SUN,LEE,NEW,SUN,SUN,SUN,2.0,2.4,3.0,3.0,2.5,2.4545,0.15
4,2+1+1+1,BRE-CHE-EVE-MUN-MUN,BRE,CHE,EVE,MUN,MUN,2.33,2.4,3.0,2.67,2.5,2.4545,0.189
5,1+1+1+1+1,BRE-CHE-EVE-MUN-SUN,BRE,CHE,EVE,MUN,SUN,2.33,2.4,3.0,2.67,2.5,2.4545,0.189
4,2+1+1+1,BRE-CHE-EVE-SUN-SUN,BRE,CHE,EVE,SUN,SUN,2.33,2.4,3.0,2.67,2.5,2.4545,0.189
4,2+1+1+1,CHE-EVE-LIV-MUN-MUN,CHE,EVE,LIV,MUN,MUN,2.33,2.4,3.0,2.67,2.5,2.4545,0.189
5,1+1+1+1+1,CHE-EVE-LIV-MUN-SUN,CHE,EVE,LIV,MUN,SUN,2.33,2.4,3.0,2.67,2.5,2.4545,0.189
4,2+1+1+1,CHE-EVE-LIV-SUN-SUN,CHE,EVE,LIV,SUN,SUN,2.33,2.4,3.0,2.67,2.5,2.4545,0.189
4,2+1+1+1,CHE-EVE-MCI-MUN-MUN,CHE,EVE,MCI,MUN,MUN,2.33,2.4,3.0,2.67,2.5,2.4545,0.189
5,1+1+1+1+1,CHE-EVE-MCI-MUN-SUN,CHE,EVE,MCI,MUN,SUN,2.33,2.4,3.0,2.67,2.5,2.4545,0.189
4,2+1+1+1,CHE-EVE-MCI-SUN-SUN,CHE,EVE,MCI,SUN,SUN,2.33,2.4,3.0,2.67,2.5,2.4545,0.189
3,3+1+1,EVE-FUL-MUN-MUN-MUN,EVE,FUL,MUN,MUN,MUN,2.0,2.4,3.0,3.0,2.5,2.4545,0.4
3,3+1+1,EVE-MUN-MUN-MUN-NEW,EVE,MUN,MUN,MUN,NEW,2.0,2.4,3.0,3.0,2.5,2.4545,0.4
4,2+1+1+1,EVE-MUN-MUN-NEW-SUN,EVE,MUN,MUN,NEW,SUN,2.0,2.4,3.0,3.0,2.5,2.4545,0.4
4,2+1+1+1,EVE-MUN-NEW-SUN-SUN,EVE,MUN,NEW,SUN,SUN,2.0,2.4,3.0,3.0,2.5,2.4545,0.4
3,3+1+1,EVE-NEW-SUN-SUN-SUN,EVE,NEW,SUN,SUN,SUN,2.0,2.4,3.0,3.0,2.5,2.4545,0.4
2,3+2,LEE-LEE-MUN-MUN-MUN,LEE,LEE,MUN,MUN,MUN,2.0,2.4,3.0,3.0,2.5,2.4545,0.4
3,2+2+1,LEE-LEE-MUN-MUN-SUN,LEE,LEE,MUN,MUN,SUN,2.0,2.4,3.0,3.0,2.5,2.4545,0.4
3,2+2+1,LEE-LEE-MUN-SUN-SUN,LEE,LEE,MUN,SUN,SUN,2.0,2.4,3.0,3.0,2.5,2.4545,0.4
2,3+2,LEE-LEE-SUN-SUN-SUN,LEE,LEE,SUN,SUN,SUN,2.0,2.4,3.0,3.0,2.5,2.4545,0.4
3,3+1+1,EVE-LEE-MUN-MUN-MUN,EVE,LEE,MUN,MUN,MUN,2.0,2.4,3.0,3.0,2.5,2.4545,0.6
4,2+1+1+1,EVE-LEE-MUN-MUN-SUN,EVE,LEE,MUN,MUN,SUN,2.0,2.4,3.0,3.0,2.5,2.4545,0.6
4,2+1+1+1,EVE-LEE-MUN-SUN-SUN,EVE,LEE,MUN,SUN,SUN,2.0,2.4,3.0,3.0,2.5,2.4545,0.6
3,3+1+1,EVE-LEE-SUN-SUN-SUN,EVE,LEE,SUN,SUN,SUN,2.0,2.4,3.0,3.0,2.5,2.4545,0.6
2,3+2,EVE-EVE-MUN-MUN-MUN,EVE,EVE,MUN,MUN,MUN,2.0,2.4,3.0,3.0,2.5,2.4545,1.0
3,2+2+1,EVE-EVE-MUN-MUN-SUN,EVE,EVE,MUN,MUN,SUN,2.0,2.4,3.0,3.0,2.5,2.4545,1.0
3,2+2+1,EVE-EVE-MUN-SUN-SUN,EVE,EVE,MUN,SUN,SUN,2.0,2.4,3.0,3.0,2.5,2.4545,1.0
2,3+2,EVE-EVE-SUN-SUN-SUN,EVE,EVE,SUN,SUN,SUN,2.0,2.4,3.0,3.0,2.5,2.4545,1.0
3,2+2+1,BOU-BRE-BRE-MUN-MUN,BOU,BRE,BRE,MUN,MUN,2.33,2.6,3.0,2.33,2.33,2.4545,-0.2
4,2+1+1+1,BOU-BRE-BRE-MUN-SUN,BOU,BRE,BRE,MUN,SUN,2.33,2.6,3.0,2.33,2.33,2.4545,-0.2
3,2+2+1,BOU-BRE-BRE-SUN-SUN,BOU,BRE,BRE,SUN,SUN,2.33,2.6,3.0,2.33,2.33,2.4545,-0.2
4,2+1+1+1,BOU-BRE-LIV-MUN-MUN,BOU,BRE,LIV,MUN,MUN,2.33,2.6,3.0,2.33,2.33,2.4545,-0.2
5,1+1+1+1+1,BOU-BRE-LIV-MUN-SUN,BOU,BRE,LIV,MUN,SUN,2.33,2.6,3.0,2.33,2.33,2.4545,-0.2
4,2+1+1+1,BOU-BRE-LIV-SUN-SUN,BOU,BRE,LIV,SUN,SUN,2.33,2.6,3.0,2.33,2.33,2.4545,-0.2
4,2+1+1+1,BOU-BRE-MCI-MUN-MUN,BOU,BRE,MCI,MUN,MUN,2.33,2.6,3.0,2.33,2.33,2.4545,-0.2
5,1+1+1+1+1,BOU-BRE-MCI-MUN-SUN,BOU,BRE,MCI,MUN,SUN,2.33,2.6,3.0,2.33,2.33,2.4545,-0.2
4,2+1+1+1,BOU-BRE-MCI-SUN-SUN,BOU,BRE,MCI,SUN,SUN,2.33,2.6,3.0,2.33,2.33,2.4545,-0.2
3,2+2+1,BOU-LIV-LIV-MUN-MUN,BOU,LIV,LIV,MUN,MUN,2.33,2.6,3.0,2.33,2.33,2.4545,-0.2
4,2+1+1+1,BOU-LIV-LIV-MUN-SUN,BOU,LIV,LIV,MUN,SUN,2.33,2.6,3.0,2.33,2.33,2.4545,-0.2
3,2+2+1,BOU-LIV-LIV-SUN-SUN,BOU,LIV,LIV,SUN,SUN,2.33,2.6,3.0,2.33,2.33,2.4545,-0.2
4,2+1+1+1,BOU-LIV-MCI-MUN-MUN,BOU,LIV,MCI,MUN,MUN,2.33,2.6,3.0,2.33,2.33,2.4545,-0.2
5,1+1+1+1+1,BOU-LIV-MCI-MUN-SUN,BOU,LIV,MCI,MUN,SUN,2.33,2.6,3.0,2.33,2.33,2.4545,-0.2
4,2+1+1+1,BOU-LIV-MCI-SUN-SUN,BOU,LIV,MCI,SUN,SUN,2.33,2.6,3.0,2.33,2.33,2.4545,-0.2
3,2+2+1,BOU-MCI-MCI-MUN-MUN,BOU,MCI,MCI,MUN,MUN,2.33,2.6,3.0,2.33,2.33,2.4545,-0.2
4,2+1+1+1,BOU-MCI-MCI-MUN-SUN,BOU,MCI,MCI,MUN,SUN,2.33,2.6,3.0,2.33,2.33,2.4545,-0.2
3,2+2+1,BOU-MCI-MCI-SUN-SUN,BOU,MCI,MCI,SUN,SUN,2.33,2.6,3.0,2.33,2.33,2.4545,-0.2
3,2+2+1,BRE-BRE-EVE-MUN-MUN,BRE,BRE,EVE,MUN,MUN,2.33,2.6,3.0,2.33,2.33,2.4545,-0.2
4,2+1+1+1,BRE-BRE-EVE-MUN-SUN,BRE,BRE,EVE,MUN,SUN,2.33,2.6,3.0,2.33,2.33,2.4545,-0.2
3,2+2+1,BRE-BRE-EVE-SUN-SUN,BRE,BRE,EVE,SUN,SUN,2.33,2.6,3.0,2.33,2.33,2.4545,-0.2
3,2+2+1,BRE-BRE-FUL-MUN-MUN,BRE,BRE,FUL,MUN,MUN,2.33,2.6,3.0,2.33,2.33,2.4545,-0.2
3,2+2+1,BRE-BRE-MUN-MUN-NEW,BRE,BRE,MUN,MUN,NEW,2.33,2.6,3.0,2.33,2.33,2.4545,-0.2
4,2+1+1+1,BRE-BRE-MUN-NEW-SUN,BRE,BRE,MUN,NEW,SUN,2.33,2.6,3.0,2.33,2.33,2.4545,-0.2
3,2+2+1,BRE-BRE-NEW-SUN-SUN,BRE,BRE,NEW,SUN,SUN,2.33,2.6,3.0,2.33,2.33,2.4545,-0.2
4,2+1+1+1,BRE-EVE-LIV-MUN-MUN,BRE,EVE,LIV,MUN,MUN,2.33,2.6,3.0,2.33,2.33,2.4545,-0.2
5,1+1+1+1+1,BRE-EVE-LIV-MUN-SUN,BRE,EVE,LIV,MUN,SUN,2.33,2.6,3.0,2.33,2.33,2.4545,-0.2
4,2+1+1+1,BRE-EVE-LIV-SUN-SUN,BRE,EVE,LIV,SUN,SUN,2.33,2.6,3.0,2.33,2.33,2.4545,-0.2
4,2+1+1+1,BRE-EVE-MCI-MUN-MUN,BRE,EVE,MCI,MUN,MUN,2.33,2.6,3.0,2.33,2.33,2.4545,-0.2
5,1+1+1+1+1,BRE-EVE-MCI-MUN-SUN,BRE,EVE,MCI,MUN,SUN,2.33,2.6,3.0,2.33,2.33,2.4545,-0.2
4,2+1+1+1,BRE-EVE-MCI-SUN-SUN,BRE,EVE,MCI,SUN,SUN,2.33,2.6,3.0,2.33,2.33,2.4545,-0.2
4,2+1+1+1,BRE-FUL-LIV-MUN-MUN,BRE,FUL,LIV,MUN,MUN,2.33,2.6,3.0,2.33,2.33,2.4545,-0.2
4,2+1+1+1,BRE-FUL-MCI-MUN-MUN,BRE,FUL,MCI,MUN,MUN,2.33,2.6,3.0,2.33,2.33,2.4545,-0.2
4,2+1+1+1,BRE-LIV-MUN-MUN-NEW,BRE,LIV,MUN,MUN,NEW,2.33,2.6,3.0,2.33,2.33,2.4545,-0.2
5,1+1+1+1+1,BRE-LIV-MUN-NEW-SUN,BRE,LIV,MUN,NEW,SUN,2.33,2.6,3.0,2.33,2.33,2.4545,-0.2
4,2+1+1+1,BRE-LIV-NEW-SUN-SUN,BRE,LIV,NEW,SUN,SUN,2.33,2.6,3.0,2.33,2.33,2.4545,-0.2
4,2+1+1+1,BRE-MCI-MUN-MUN-NEW,BRE,MCI,MUN,MUN,NEW,2.33,2.6,3.0,2.33,2.33,2.4545,-0.2
5,1+1+1+1+1,BRE-MCI-MUN-NEW-SUN,BRE,MCI,MUN,NEW,SUN,2.33,2.6,3.0,2.33,2.33,2.4545,-0.2
4,2+1+1+1,BRE-MCI-NEW-SUN-SUN,BRE,MCI,NEW,SUN,SUN,2.33,2.6,3.0,2.33,2.33,2.4545,-0.2
3,2+2+1,EVE-LIV-LIV-MUN-MUN,EVE,LIV,LIV,MUN,MUN,2.33,2.6,3.0,2.33,2.33,2.4545,-0.2
4,2+1+1+1,EVE-LIV-LIV-MUN-SUN,EVE,LIV,LIV,MUN,SUN,2.33,2.6,3.0,2.33,2.33,2.4545,-0.2
3,2+2+1,EVE-LIV-LIV-SUN-SUN,EVE,LIV,LIV,SUN,SUN,2.33,2.6,3.0,2.33,2.33,2.4545,-0.2
4,2+1+1+1,EVE-LIV-MCI-MUN-MUN,EVE,LIV,MCI,MUN,MUN,2.33,2.6,3.0,2.33,2.33,2.4545,-0.2
5,1+1+1+1+1,EVE-LIV-MCI-MUN-SUN,EVE,LIV,MCI,MUN,SUN,2.33,2.6,3.0,2.33,2.33,2.4545,-0.2
4,2+1+1+1,EVE-LIV-MCI-SUN-SUN,EVE,LIV,MCI,SUN,SUN,2.33,2.6,3.0,2.33,2.33,2.4545,-0.2
3,2+2+1,EVE-MCI-MCI-MUN-MUN,EVE,MCI,MCI,MUN,MUN,2.33,2.6,3.0,2.33,2.33,2.4545,-0.2
4,2+1+1+1,EVE-MCI-MCI-MUN-SUN,EVE,MCI,MCI,MUN,SUN,2.33,2.6,3.0,2.33,2.33,2.4545,-0.2
3,2+2+1,EVE-MCI-MCI-SUN-SUN,EVE,MCI,MCI,SUN,SUN,2.33,2.6,3.0,2.33,2.33,2.4545,-0.2
3,2+2+1,FUL-LIV-LIV-MUN-MUN,FUL,LIV,LIV,MUN,MUN,2.33,2.6,3.0,2.33,2.33,2.4545,-0.2
4,2+1+1+1,FUL-LIV-MCI-MUN-MUN,FUL,LIV,MCI,MUN,MUN,2.33,2.6,3.0,2.33,2.33,2.4545,-0.2
3,2+2+1,FUL-MCI-MCI-MUN-MUN,FUL,MCI,MCI,MUN,MUN,2.33,2.6,3.0,2.33,2.33,2.4545,-0.2
3,2+2+1,LEE-LIV-LIV-MUN-MUN,LEE,LIV,LIV,MUN,MUN,2.33,2.6,3.0,2.33,2.33,2.4545,-0.2
4,2+1+1+1,LEE-LIV-LIV-MUN-SUN,LEE,LIV,LIV,MUN,SUN,2.33,2.6,3.0,2.33,2.33,2.4545,-0.2
3,2+2+1,LEE-LIV-LIV-SUN-SUN,LEE,LIV,LIV,SUN,SUN,2.33,2.6,3.0,2.33,2.33,2.4545,-0.2
4,2+1+1+1,LEE-LIV-MCI-MUN-MUN,LEE,LIV,MCI,MUN,MUN,2.33,2.6,3.0,2.33,2.33,2.4545,-0.2
5,1+1+1+1+1,LEE-LIV-MCI-MUN-SUN,LEE,LIV,MCI,MUN,SUN,2.33,2.6,3.0,2.33,2.33,2.4545,-0.2
4,2+1+1+1,LEE-LIV-MCI-SUN-SUN,LEE,LIV,MCI,SUN,SUN,2.33,2.6,3.0,2.33,2.33,2.4545,-0.2
3,2+2+1,LEE-MCI-MCI-MUN-MUN,LEE,MCI,MCI,MUN,MUN,2.33,2.6,3.0,2.33,2.33,2.4545,-0.2
4,2+1+1+1,LEE-MCI-MCI-MUN-SUN,LEE,MCI,MCI,MUN,SUN,2.33,2.6,3.0,2.33,2.33,2.4545,-0.2
3,2+2+1,LEE-MCI-MCI-SUN-SUN,LEE,MCI,MCI,SUN,SUN,2.33,2.6,3.0,2.33,2.33,2.4545,-0.2
3,2+2+1,LIV-LIV-MUN-MUN-NEW,LIV,LIV,MUN,MUN,NEW,2.33,2.6,3.0,2.33,2.33,2.4545,-0.2
4,2+1+1+1,LIV-LIV-MUN-NEW-SUN,LIV,LIV,MUN,NEW,SUN,2.33,2.6,3.0,2.33,2.33,2.4545,-0.2
3,2+2+1,LIV-LIV-NEW-SUN-SUN,LIV,LIV,NEW,SUN,SUN,2.33,2.6,3.0,2.33,2.33,2.4545,-0.2
4,2+1+1+1,LIV-MCI-MUN-MUN-NEW,LIV,MCI,MUN,MUN,NEW,2.33,2.6,3.0,2.33,2.33,2.4545,-0.2
5,1+1+1+1+1,LIV-MCI-MUN-NEW-SUN,LIV,MCI,MUN,NEW,SUN,2.33,2.6,3.0,2.33,2.33,2.4545,-0.2
4,2+1+1+1,LIV-MCI-NEW-SUN-SUN,LIV,MCI,NEW,SUN,SUN,2.33,2.6,3.0,2.33,2.33,2.4545,-0.2
3,2+2+1,MCI-MCI-MUN-MUN-NEW,MCI,MCI,MUN,MUN,NEW,2.33,2.6,3.0,2.33,2.33,2.4545,-0.2
4,2+1+1+1,MCI-MCI-MUN-NEW-SUN,MCI,MCI,MUN,NEW,SUN,2.33,2.6,3.0,2.33,2.33,2.4545,-0.2
3,2+2+1,MCI-MCI-NEW-SUN-SUN,MCI,MCI,NEW,SUN,SUN,2.33,2.6,3.0,2.33,2.33,2.4545,-0.2
3,3+1+1,BRE-BRE-BRE-CHE-MUN,BRE,BRE,BRE,CHE,MUN,2.67,2.6,3.0,2.0,2.33,2.4545,-0.189
3,3+1+1,BRE-BRE-BRE-CHE-SUN,BRE,BRE,BRE,CHE,SUN,2.67,2.6,3.0,2.0,2.33,2.4545,-0.189
4,2+1+1+1,BRE-BRE-CHE-LIV-MUN,BRE,BRE,CHE,LIV,MUN,2.67,2.6,3.0,2.0,2.33,2.4545,-0.189
4,2+1+1+1,BRE-BRE-CHE-LIV-SUN,BRE,BRE,CHE,LIV,SUN,2.67,2.6,3.0,2.0,2.33,2.4545,-0.189
4,2+1+1+1,BRE-BRE-CHE-MCI-MUN,BRE,BRE,CHE,MCI,MUN,2.67,2.6,3.0,2.0,2.33,2.4545,-0.189
4,2+1+1+1,BRE-BRE-CHE-MCI-SUN,BRE,BRE,CHE,MCI,SUN,2.67,2.6,3.0,2.0,2.33,2.4545,-0.189
4,2+1+1+1,BRE-CHE-LIV-LIV-MUN,BRE,CHE,LIV,LIV,MUN,2.67,2.6,3.0,2.0,2.33,2.4545,-0.189
4,2+1+1+1,BRE-CHE-LIV-LIV-SUN,BRE,CHE,LIV,LIV,SUN,2.67,2.6,3.0,2.0,2.33,2.4545,-0.189
5,1+1+1+1+1,BRE-CHE-LIV-MCI-MUN,BRE,CHE,LIV,MCI,MUN,2.67,2.6,3.0,2.0,2.33,2.4545,-0.189
5,1+1+1+1+1,BRE-CHE-LIV-MCI-SUN,BRE,CHE,LIV,MCI,SUN,2.67,2.6,3.0,2.0,2.33,2.4545,-0.189
4,2+1+1+1,BRE-CHE-MCI-MCI-MUN,BRE,CHE,MCI,MCI,MUN,2.67,2.6,3.0,2.0,2.33,2.4545,-0.189
4,2+1+1+1,BRE-CHE-MCI-MCI-SUN,BRE,CHE,MCI,MCI,SUN,2.67,2.6,3.0,2.0,2.33,2.4545,-0.189
4,2+1+1+1,CHE-LIV-LIV-MCI-MUN,CHE,LIV,LIV,MCI,MUN,2.67,2.6,3.0,2.0,2.33,2.4545,-0.189
4,2+1+1+1,CHE-LIV-LIV-MCI-SUN,CHE,LIV,LIV,MCI,SUN,2.67,2.6,3.0,2.0,2.33,2.4545,-0.189
4,2+1+1+1,CHE-LIV-MCI-MCI-MUN,CHE,LIV,MCI,MCI,MUN,2.67,2.6,3.0,2.0,2.33,2.4545,-0.189
4,2+1+1+1,CHE-LIV-MCI-MCI-SUN,CHE,LIV,MCI,MCI,SUN,2.67,2.6,3.0,2.0,2.33,2.4545,-0.189
3,3+1+1,BRE-BRE-BRE-COV-MUN,BRE,BRE,BRE,COV,MUN,2.67,2.6,3.0,2.0,2.33,2.4545,-0.1
3,3+1+1,BRE-BRE-BRE-COV-SUN,BRE,BRE,BRE,COV,SUN,2.67,2.6,3.0,2.0,2.33,2.4545,-0.1
3,3+1+1,BRE-BRE-BRE-MUN-TOT,BRE,BRE,BRE,MUN,TOT,2.67,2.6,3.0,2.0,2.33,2.4545,-0.1
3,3+1+1,BRE-BRE-BRE-TOT-SUN,BRE,BRE,BRE,TOT,SUN,2.67,2.6,3.0,2.0,2.33,2.4545,-0.1
4,2+1+1+1,BRE-BRE-COV-LIV-MUN,BRE,BRE,COV,LIV,MUN,2.67,2.6,3.0,2.0,2.33,2.4545,-0.1
4,2+1+1+1,BRE-BRE-COV-LIV-SUN,BRE,BRE,COV,LIV,SUN,2.67,2.6,3.0,2.0,2.33,2.4545,-0.1
4,2+1+1+1,BRE-BRE-COV-MCI-MUN,BRE,BRE,COV,MCI,MUN,2.67,2.6,3.0,2.0,2.33,2.4545,-0.1
4,2+1+1+1,BRE-BRE-COV-MCI-SUN,BRE,BRE,COV,MCI,SUN,2.67,2.6,3.0,2.0,2.33,2.4545,-0.1
4,2+1+1+1,BRE-BRE-LIV-MUN-TOT,BRE,BRE,LIV,MUN,TOT,2.67,2.6,3.0,2.0,2.33,2.4545,-0.1
4,2+1+1+1,BRE-BRE-LIV-TOT-SUN,BRE,BRE,LIV,TOT,SUN,2.67,2.6,3.0,2.0,2.33,2.4545,-0.1
4,2+1+1+1,BRE-BRE-MCI-MUN-TOT,BRE,BRE,MCI,MUN,TOT,2.67,2.6,3.0,2.0,2.33,2.4545,-0.1
4,2+1+1+1,BRE-BRE-MCI-TOT-SUN,BRE,BRE,MCI,TOT,SUN,2.67,2.6,3.0,2.0,2.33,2.4545,-0.1
4,2+1+1+1,BRE-COV-LIV-LIV-MUN,BRE,COV,LIV,LIV,MUN,2.67,2.6,3.0,2.0,2.33,2.4545,-0.1
4,2+1+1+1,BRE-COV-LIV-LIV-SUN,BRE,COV,LIV,LIV,SUN,2.67,2.6,3.0,2.0,2.33,2.4545,-0.1
5,1+1+1+1+1,BRE-COV-LIV-MCI-MUN,BRE,COV,LIV,MCI,MUN,2.67,2.6,3.0,2.0,2.33,2.4545,-0.1
5,1+1+1+1+1,BRE-COV-LIV-MCI-SUN,BRE,COV,LIV,MCI,SUN,2.67,2.6,3.0,2.0,2.33,2.4545,-0.1
4,2+1+1+1,BRE-COV-MCI-MCI-MUN,BRE,COV,MCI,MCI,MUN,2.67,2.6,3.0,2.0,2.33,2.4545,-0.1
4,2+1+1+1,BRE-COV-MCI-MCI-SUN,BRE,COV,MCI,MCI,SUN,2.67,2.6,3.0,2.0,2.33,2.4545,-0.1
4,2+1+1+1,BRE-LIV-LIV-MUN-TOT,BRE,LIV,LIV,MUN,TOT,2.67,2.6,3.0,2.0,2.33,2.4545,-0.1
4,2+1+1+1,BRE-LIV-LIV-TOT-SUN,BRE,LIV,LIV,TOT,SUN,2.67,2.6,3.0,2.0,2.33,2.4545,-0.1
5,1+1+1+1+1,BRE-LIV-MCI-MUN-TOT,BRE,LIV,MCI,MUN,TOT,2.67,2.6,3.0,2.0,2.33,2.4545,-0.1
5,1+1+1+1+1,BRE-LIV-MCI-TOT-SUN,BRE,LIV,MCI,TOT,SUN,2.67,2.6,3.0,2.0,2.33,2.4545,-0.1
4,2+1+1+1,BRE-MCI-MCI-MUN-TOT,BRE,MCI,MCI,MUN,TOT,2.67,2.6,3.0,2.0,2.33,2.4545,-0.1
4,2+1+1+1,BRE-MCI-MCI-TOT-SUN,BRE,MCI,MCI,TOT,SUN,2.67,2.6,3.0,2.0,2.33,2.4545,-0.1
4,2+1+1+1,COV-LIV-LIV-MCI-MUN,COV,LIV,LIV,MCI,MUN,2.67,2.6,3.0,2.0,2.33,2.4545,-0.1
4,2+1+1+1,COV-LIV-LIV-MCI-SUN,COV,LIV,LIV,MCI,SUN,2.67,2.6,3.0,2.0,2.33,2.4545,-0.1
4,2+1+1+1,COV-LIV-MCI-MCI-MUN,COV,LIV,MCI,MCI,MUN,2.67,2.6,3.0,2.0,2.33,2.4545,-0.1
4,2+1+1+1,COV-LIV-MCI-MCI-SUN,COV,LIV,MCI,MCI,SUN,2.67,2.6,3.0,2.0,2.33,2.4545,-0.1
4,2+1+1+1,LIV-LIV-MCI-MUN-TOT,LIV,LIV,MCI,MUN,TOT,2.67,2.6,3.0,2.0,2.33,2.4545,-0.1
4,2+1+1+1,LIV-LIV-MCI-TOT-SUN,LIV,LIV,MCI,TOT,SUN,2.67,2.6,3.0,2.0,2.33,2.4545,-0.1
4,2+1+1+1,LIV-MCI-MCI-MUN-TOT,LIV,MCI,MCI,MUN,TOT,2.67,2.6,3.0,2.0,2.33,2.4545,-0.1
4,2+1+1+1,LIV-MCI-MCI-TOT-SUN,LIV,MCI,MCI,TOT,SUN,2.67,2.6,3.0,2.0,2.33,2.4545,-0.1
3,3+1+1,BRE-BRE-BRE-HUL-MUN,BRE,BRE,BRE,HUL,MUN,2.67,2.6,3.0,2.0,2.33,2.4545,0.0
3,3+1+1,BRE-BRE-BRE-HUL-SUN,BRE,BRE,BRE,HUL,SUN,2.67,2.6,3.0,2.0,2.33,2.4545,0.0
4,2+1+1+1,BRE-BRE-HUL-LIV-MUN,BRE,BRE,HUL,LIV,MUN,2.67,2.6,3.0,2.0,2.33,2.4545,0.0
4,2+1+1+1,BRE-BRE-HUL-LIV-SUN,BRE,BRE,HUL,LIV,SUN,2.67,2.6,3.0,2.0,2.33,2.4545,0.0
4,2+1+1+1,BRE-BRE-HUL-MCI-MUN,BRE,BRE,HUL,MCI,MUN,2.67,2.6,3.0,2.0,2.33,2.4545,0.0
4,2+1+1+1,BRE-BRE-HUL-MCI-SUN,BRE,BRE,HUL,MCI,SUN,2.67,2.6,3.0,2.0,2.33,2.4545,0.0
4,2+1+1+1,BRE-HUL-LIV-LIV-MUN,BRE,HUL,LIV,LIV,MUN,2.67,2.6,3.0,2.0,2.33,2.4545,0.0
4,2+1+1+1,BRE-HUL-LIV-LIV-SUN,BRE,HUL,LIV,LIV,SUN,2.67,2.6,3.0,2.0,2.33,2.4545,0.0
5,1+1+1+1+1,BRE-HUL-LIV-MCI-MUN,BRE,HUL,LIV,MCI,MUN,2.67,2.6,3.0,2.0,2.33,2.4545,0.0
5,1+1+1+1+1,BRE-HUL-LIV-MCI-SUN,BRE,HUL,LIV,MCI,SUN,2.67,2.6,3.0,2.0,2.33,2.4545,0.0
4,2+1+1+1,BRE-HUL-MCI-MCI-MUN,BRE,HUL,MCI,MCI,MUN,2.67,2.6,3.0,2.0,2.33,2.4545,0.0
4,2+1+1+1,BRE-HUL-MCI-MCI-SUN,BRE,HUL,MCI,MCI,SUN,2.67,2.6,3.0,2.0,2.33,2.4545,0.0
4,2+1+1+1,HUL-LIV-LIV-MCI-MUN,HUL,LIV,LIV,MCI,MUN,2.67,2.6,3.0,2.0,2.33,2.4545,0.0
4,2+1+1+1,HUL-LIV-LIV-MCI-SUN,HUL,LIV,LIV,MCI,SUN,2.67,2.6,3.0,2.0,2.33,2.4545,0.0
4,2+1+1+1,HUL-LIV-MCI-MCI-MUN,HUL,LIV,MCI,MCI,MUN,2.67,2.6,3.0,2.0,2.33,2.4545,0.0
4,2+1+1+1,HUL-LIV-MCI-MCI-SUN,HUL,LIV,MCI,MCI,SUN,2.67,2.6,3.0,2.0,2.33,2.4545,0.0
3,3+1+1,CHE-HUL-HUL-HUL-MUN,CHE,HUL,HUL,HUL,MUN,3.0,2.0,2.0,3.0,3.0,2.5455,0.4927
3,3+1+1,CHE-HUL-HUL-HUL-SUN,CHE,HUL,HUL,HUL,SUN,3.0,2.0,2.0,3.0,3.0,2.5455,0.4927
3,3+1+1,HUL-HUL-HUL-MUN-TOT,HUL,HUL,HUL,MUN,TOT,3.0,2.0,2.0,3.0,3.0,2.5455,0.6098
3,3+1+1,HUL-HUL-HUL-TOT-SUN,HUL,HUL,HUL,TOT,SUN,3.0,2.0,2.0,3.0,3.0,2.5455,0.6098
3,2+2+1,CHE-CHE-HUL-HUL-TOT,CHE,CHE,HUL,HUL,TOT,3.0,2.0,2.0,3.0,3.0,2.5455,0.6553
3,2+2+1,CHE-COV-COV-MUN-MUN,CHE,COV,COV,MUN,MUN,2.33,2.0,2.0,3.67,3.0,2.5455,0.7402
4,2+1+1+1,CHE-COV-COV-MUN-SUN,CHE,COV,COV,MUN,SUN,2.33,2.0,2.0,3.67,3.0,2.5455,0.7402
3,2+2+1,CHE-COV-COV-SUN-SUN,CHE,COV,COV,SUN,SUN,2.33,2.0,2.0,3.67,3.0,2.5455,0.7402
3,2+2+1,CHE-CHE-HUL-TOT-TOT,CHE,CHE,HUL,TOT,TOT,3.0,2.0,2.0,3.0,3.0,2.5455,0.741
3,2+2+1,CHE-HUL-HUL-TOT-TOT,CHE,HUL,HUL,TOT,TOT,3.0,2.0,2.0,3.0,3.0,2.5455,0.7631
3,3+1+1,CHE-HUL-TOT-TOT-TOT,CHE,HUL,TOT,TOT,TOT,3.0,2.0,2.0,3.0,3.0,2.5455,0.8193
3,2+2+1,CHE-CHE-COV-MUN-MUN,CHE,CHE,COV,MUN,MUN,2.33,2.0,2.0,3.67,3.0,2.5455,0.8292
4,2+1+1+1,CHE-CHE-COV-MUN-SUN,CHE,CHE,COV,MUN,SUN,2.33,2.0,2.0,3.67,3.0,2.5455,0.8292
3,2+2+1,CHE-CHE-COV-SUN-SUN,CHE,CHE,COV,SUN,SUN,2.33,2.0,2.0,3.67,3.0,2.5455,0.8292
2,3+2,CHE-CHE-TOT-TOT-TOT,CHE,CHE,TOT,TOT,TOT,3.0,2.0,2.0,3.0,3.0,2.5455,0.8536
3,3+1+1,CHE-COV-TOT-TOT-TOT,CHE,COV,TOT,TOT,TOT,3.0,2.0,2.0,3.0,3.0,2.5455,0.9024
2,3+2,HUL-HUL-TOT-TOT-TOT,HUL,HUL,TOT,TOT,TOT,3.0,2.0,2.0,3.0,3.0,2.5455,0.9196
2,3+2,COV-COV-TOT-TOT-TOT,COV,COV,TOT,TOT,TOT,3.0,2.0,2.0,3.0,3.0,2.5455,1.0
3,2+2+1,BRE-CHE-CHE-HUL-HUL,BRE,CHE,CHE,HUL,HUL,3.0,2.2,3.0,2.67,2.83,2.5455,0.1419
3,2+2+1,CHE-CHE-HUL-HUL-LIV,CHE,CHE,HUL,HUL,LIV,3.0,2.2,3.0,2.67,2.83,2.5455,0.1419
3,2+2+1,CHE-CHE-HUL-HUL-MCI,CHE,CHE,HUL,HUL,MCI,3.0,2.2,3.0,2.67,2.83,2.5455,0.1419
4,2+1+1+1,BRE-CHE-CHE-HUL-TOT,BRE,CHE,CHE,HUL,TOT,3.0,2.2,3.0,2.67,2.83,2.5455,0.1643
4,2+1+1+1,CHE-CHE-HUL-LIV-TOT,CHE,CHE,HUL,LIV,TOT,3.0,2.2,3.0,2.67,2.83,2.5455,0.1643
4,2+1+1+1,CHE-CHE-HUL-MCI-TOT,CHE,CHE,HUL,MCI,TOT,3.0,2.2,3.0,2.67,2.83,2.5455,0.1643
3,3+1+1,BRE-HUL-HUL-HUL-MUN,BRE,HUL,HUL,HUL,MUN,3.0,2.2,3.0,2.67,2.83,2.5455,0.2
3,3+1+1,BRE-HUL-HUL-HUL-SUN,BRE,HUL,HUL,HUL,SUN,3.0,2.2,3.0,2.67,2.83,2.5455,0.2
3,3+1+1,HUL-HUL-HUL-LIV-MUN,HUL,HUL,HUL,LIV,MUN,3.0,2.2,3.0,2.67,2.83,2.5455,0.2
3,3+1+1,HUL-HUL-HUL-LIV-SUN,HUL,HUL,HUL,LIV,SUN,3.0,2.2,3.0,2.67,2.83,2.5455,0.2
3,3+1+1,HUL-HUL-HUL-MCI-MUN,HUL,HUL,HUL,MCI,MUN,3.0,2.2,3.0,2.67,2.83,2.5455,0.2
3,3+1+1,HUL-HUL-HUL-MCI-SUN,HUL,HUL,HUL,MCI,SUN,3.0,2.2,3.0,2.67,2.83,2.5455,0.2
3,2+2+1,BRE-CHE-CHE-TOT-TOT,BRE,CHE,CHE,TOT,TOT,3.0,2.2,3.0,2.67,2.83,2.5455,0.2134
3,2+2+1,CHE-CHE-LIV-TOT-TOT,CHE,CHE,LIV,TOT,TOT,3.0,2.2,3.0,2.67,2.83,2.5455,0.2134
3,2+2+1,CHE-CHE-MCI-TOT-TOT,CHE,CHE,MCI,TOT,TOT,3.0,2.2,3.0,2.67,2.83,2.5455,0.2134
4,2+1+1+1,CHE-HUL-HUL-LEE-MUN,CHE,HUL,HUL,LEE,MUN,2.67,2.2,3.0,3.0,2.83,2.5455,0.26
4,2+1+1+1,CHE-HUL-HUL-LEE-SUN,CHE,HUL,HUL,LEE,SUN,2.67,2.2,3.0,3.0,2.83,2.5455,0.26
4,2+1+1+1,BRE-CHE-HUL-TOT-TOT,BRE,CHE,HUL,TOT,TOT,3.0,2.2,3.0,2.67,2.83,2.5455,0.2626
4,2+1+1+1,CHE-HUL-LIV-TOT-TOT,CHE,HUL,LIV,TOT,TOT,3.0,2.2,3.0,2.67,2.83,2.5455,0.2626
4,2+1+1+1,CHE-HUL-MCI-TOT-TOT,CHE,HUL,MCI,TOT,TOT,3.0,2.2,3.0,2.67,2.83,2.5455,0.2626
4,2+1+1+1,BRE-CHE-HUL-HUL-TOT,BRE,CHE,HUL,HUL,TOT,3.0,2.2,3.0,2.67,2.83,2.5455,0.2698
4,2+1+1+1,CHE-HUL-HUL-LIV-TOT,CHE,HUL,HUL,LIV,TOT,3.0,2.2,3.0,2.67,2.83,2.5455,0.2698
4,2+1+1+1,CHE-HUL-HUL-MCI-TOT,CHE,HUL,HUL,MCI,TOT,3.0,2.2,3.0,2.67,2.83,2.5455,0.2698
3,2+2+1,BOU-HUL-HUL-MUN-MUN,BOU,HUL,HUL,MUN,MUN,2.67,2.2,3.0,3.0,2.83,2.5455,0.2732
4,2+1+1+1,BOU-HUL-HUL-MUN-SUN,BOU,HUL,HUL,MUN,SUN,2.67,2.2,3.0,3.0,2.83,2.5455,0.2732
3,2+2+1,BOU-HUL-HUL-SUN-SUN,BOU,HUL,HUL,SUN,SUN,2.67,2.2,3.0,3.0,2.83,2.5455,0.2732
3,2+2+1,FUL-HUL-HUL-MUN-MUN,FUL,HUL,HUL,MUN,MUN,2.67,2.2,3.0,3.0,2.83,2.5455,0.2732
3,2+2+1,HUL-HUL-MUN-MUN-NEW,HUL,HUL,MUN,MUN,NEW,2.67,2.2,3.0,3.0,2.83,2.5455,0.2732
4,2+1+1+1,HUL-HUL-MUN-NEW-SUN,HUL,HUL,MUN,NEW,SUN,2.67,2.2,3.0,3.0,2.83,2.5455,0.2732
3,2+2+1,HUL-HUL-NEW-SUN-SUN,HUL,HUL,NEW,SUN,SUN,2.67,2.2,3.0,3.0,2.83,2.5455,0.2732
4,2+1+1+1,BRE-CHE-COV-TOT-TOT,BRE,CHE,COV,TOT,TOT,3.0,2.2,3.0,2.67,2.83,2.5455,0.2823
3,3+1+1,BRE-CHE-TOT-TOT-TOT,BRE,CHE,TOT,TOT,TOT,3.0,2.2,3.0,2.67,2.83,2.5455,0.2823
4,2+1+1+1,CHE-COV-LIV-TOT-TOT,CHE,COV,LIV,TOT,TOT,3.0,2.2,3.0,2.67,2.83,2.5455,0.2823
4,2+1+1+1,CHE-COV-MCI-TOT-TOT,CHE,COV,MCI,TOT,TOT,3.0,2.2,3.0,2.67,2.83,2.5455,0.2823
3,3+1+1,CHE-LIV-TOT-TOT-TOT,CHE,LIV,TOT,TOT,TOT,3.0,2.2,3.0,2.67,2.83,2.5455,0.2823
3,3+1+1,CHE-MCI-TOT-TOT-TOT,CHE,MCI,TOT,TOT,TOT,3.0,2.2,3.0,2.67,2.83,2.5455,0.2823
4,2+1+1+1,HUL-HUL-LEE-MUN-TOT,HUL,HUL,LEE,MUN,TOT,2.67,2.2,3.0,3.0,2.83,2.5455,0.3232
4,2+1+1+1,HUL-HUL-LEE-TOT-SUN,HUL,HUL,LEE,TOT,SUN,2.67,2.2,3.0,3.0,2.83,2.5455,0.3232
5,1+1+1+1+1,CHE-HUL-LEE-MUN-TOT,CHE,HUL,LEE,MUN,TOT,2.67,2.2,3.0,3.0,2.83,2.5455,0.3394
5,1+1+1+1+1,CHE-HUL-LEE-TOT-SUN,CHE,HUL,LEE,TOT,SUN,2.67,2.2,3.0,3.0,2.83,2.5455,0.3394
4,2+1+1+1,BOU-CHE-CHE-HUL-MUN,BOU,CHE,CHE,HUL,MUN,2.67,2.2,3.0,3.0,2.83,2.5455,0.3533
4,2+1+1+1,BOU-CHE-CHE-HUL-SUN,BOU,CHE,CHE,HUL,SUN,2.67,2.2,3.0,3.0,2.83,2.5455,0.3533
4,2+1+1+1,CHE-CHE-FUL-HUL-MUN,CHE,CHE,FUL,HUL,MUN,2.67,2.2,3.0,3.0,2.83,2.5455,0.3533
4,2+1+1+1,CHE-CHE-HUL-MUN-NEW,CHE,CHE,HUL,MUN,NEW,2.67,2.2,3.0,3.0,2.83,2.5455,0.3533
4,2+1+1+1,CHE-CHE-HUL-NEW-SUN,CHE,CHE,HUL,NEW,SUN,2.67,2.2,3.0,3.0,2.83,2.5455,0.3533
4,2+1+1+1,CHE-CHE-HUL-LEE-MUN,CHE,CHE,HUL,LEE,MUN,2.67,2.2,3.0,3.0,2.83,2.5455,0.3544
4,2+1+1+1,CHE-CHE-HUL-LEE-SUN,CHE,CHE,HUL,LEE,SUN,2.67,2.2,3.0,3.0,2.83,2.5455,0.3544
4,2+1+1+1,HUL-LEE-MUN-TOT-TOT,HUL,LEE,MUN,TOT,TOT,2.67,2.2,3.0,3.0,2.83,2.5455,0.3732
4,2+1+1+1,HUL-LEE-TOT-TOT-SUN,HUL,LEE,TOT,TOT,SUN,2.67,2.2,3.0,3.0,2.83,2.5455,0.3732
3,2+2+1,BRE-COV-COV-TOT-TOT,BRE,COV,COV,TOT,TOT,3.0,2.2,3.0,2.67,2.83,2.5455,0.4
3,3+1+1,BRE-COV-TOT-TOT-TOT,BRE,COV,TOT,TOT,TOT,3.0,2.2,3.0,2.67,2.83,2.5455,0.4
3,2+2+1,COV-COV-FUL-MUN-MUN,COV,COV,FUL,MUN,MUN,2.67,2.2,3.0,3.0,2.83,2.5455,0.4
3,2+2+1,COV-COV-LIV-TOT-TOT,COV,COV,LIV,TOT,TOT,3.0,2.2,3.0,2.67,2.83,2.5455,0.4
3,2+2+1,COV-COV-MCI-TOT-TOT,COV,COV,MCI,TOT,TOT,3.0,2.2,3.0,2.67,2.83,2.5455,0.4
3,2+2+1,COV-COV-MUN-MUN-NEW,COV,COV,MUN,MUN,NEW,2.67,2.2,3.0,3.0,2.83,2.5455,0.4
4,2+1+1+1,COV-COV-MUN-NEW-SUN,COV,COV,MUN,NEW,SUN,2.67,2.2,3.0,3.0,2.83,2.5455,0.4
3,2+2+1,COV-COV-NEW-SUN-SUN,COV,COV,NEW,SUN,SUN,2.67,2.2,3.0,3.0,2.83,2.5455,0.4
3,3+1+1,COV-LIV-TOT-TOT-TOT,COV,LIV,TOT,TOT,TOT,3.0,2.2,3.0,2.67,2.83,2.5455,0.4
3,3+1+1,COV-MCI-TOT-TOT-TOT,COV,MCI,TOT,TOT,TOT,3.0,2.2,3.0,2.67,2.83,2.5455,0.4
5,1+1+1+1+1,BOU-CHE-HUL-MUN-TOT,BOU,CHE,HUL,MUN,TOT,2.67,2.2,3.0,3.0,2.83,2.5455,0.4071
5,1+1+1+1+1,BOU-CHE-HUL-TOT-SUN,BOU,CHE,HUL,TOT,SUN,2.67,2.2,3.0,3.0,2.83,2.5455,0.4071
5,1+1+1+1+1,CHE-FUL-HUL-MUN-TOT,CHE,FUL,HUL,MUN,TOT,2.67,2.2,3.0,3.0,2.83,2.5455,0.4071
3,3+1+1,BRE-HUL-TOT-TOT-TOT,BRE,HUL,TOT,TOT,TOT,3.0,2.2,3.0,2.67,2.83,2.5455,0.4098
3,3+1+1,HUL-LIV-TOT-TOT-TOT,HUL,LIV,TOT,TOT,TOT,3.0,2.2,3.0,2.67,2.83,2.5455,0.4098
3,3+1+1,HUL-MCI-TOT-TOT-TOT,HUL,MCI,TOT,TOT,TOT,3.0,2.2,3.0,2.67,2.83,2.5455,0.4098
5,1+1+1+1+1,CHE-COV-LEE-MUN-TOT,CHE,COV,LEE,MUN,TOT,2.67,2.2,3.0,3.0,2.83,2.5455,0.4457
5,1+1+1+1+1,CHE-COV-LEE-TOT-SUN,CHE,COV,LEE,TOT,SUN,2.67,2.2,3.0,3.0,2.83,2.5455,0.4457
4,2+1+1+1,CHE-LEE-MUN-TOT-TOT,CHE,LEE,MUN,TOT,TOT,2.67,2.2,3.0,3.0,2.83,2.5455,0.4457
4,2+1+1+1,CHE-LEE-TOT-TOT-SUN,CHE,LEE,TOT,TOT,SUN,2.67,2.2,3.0,3.0,2.83,2.5455,0.4457
3,2+2+1,BRE-HUL-HUL-TOT-TOT,BRE,HUL,HUL,TOT,TOT,3.0,2.2,3.0,2.67,2.83,2.5455,0.4464
3,2+2+1,HUL-HUL-LIV-TOT-TOT,HUL,HUL,LIV,TOT,TOT,3.0,2.2,3.0,2.67,2.83,2.5455,0.4464
3,2+2+1,HUL-HUL-MCI-TOT-TOT,HUL,HUL,MCI,TOT,TOT,3.0,2.2,3.0,2.67,2.83,2.5455,0.4464
4,2+1+1+1,COV-COV-LEE-MUN-TOT,COV,COV,LEE,MUN,TOT,2.67,2.2,3.0,3.0,2.83,2.5455,0.45
4,2+1+1+1,COV-COV-LEE-TOT-SUN,COV,COV,LEE,TOT,SUN,2.67,2.2,3.0,3.0,2.83,2.5455,0.45
4,2+1+1+1,COV-LEE-MUN-TOT-TOT,COV,LEE,MUN,TOT,TOT,2.67,2.2,3.0,3.0,2.83,2.5455,0.45
4,2+1+1+1,COV-LEE-TOT-TOT-SUN,COV,LEE,TOT,TOT,SUN,2.67,2.2,3.0,3.0,2.83,2.5455,0.45
3,3+1+1,LEE-MUN-TOT-TOT-TOT,LEE,MUN,TOT,TOT,TOT,2.67,2.2,3.0,3.0,2.83,2.5455,0.45
3,3+1+1,LEE-TOT-TOT-TOT-SUN,LEE,TOT,TOT,TOT,SUN,2.67,2.2,3.0,3.0,2.83,2.5455,0.45
4,2+1+1+1,BOU-CHE-CHE-MUN-TOT,BOU,CHE,CHE,MUN,TOT,2.67,2.2,3.0,3.0,2.83,2.5455,0.4524
4,2+1+1+1,BOU-CHE-CHE-TOT-SUN,BOU,CHE,CHE,TOT,SUN,2.67,2.2,3.0,3.0,2.83,2.5455,0.4524
4,2+1+1+1,CHE-CHE-FUL-MUN-TOT,CHE,CHE,FUL,MUN,TOT,2.67,2.2,3.0,3.0,2.83,2.5455,0.4524
4,2+1+1+1,CHE-EVE-HUL-HUL-MUN,CHE,EVE,HUL,HUL,MUN,2.67,2.2,3.0,3.0,2.83,2.5455,0.4544
4,2+1+1+1,CHE-EVE-HUL-HUL-SUN,CHE,EVE,HUL,HUL,SUN,2.67,2.2,3.0,3.0,2.83,2.5455,0.4544
4,2+1+1+1,EVE-HUL-HUL-MUN-TOT,EVE,HUL,HUL,MUN,TOT,2.67,2.2,3.0,3.0,2.83,2.5455,0.4732
4,2+1+1+1,EVE-HUL-HUL-TOT-SUN,EVE,HUL,HUL,TOT,SUN,2.67,2.2,3.0,3.0,2.83,2.5455,0.4732
5,1+1+1+1+1,BOU-CHE-COV-MUN-TOT,BOU,CHE,COV,MUN,TOT,2.67,2.2,3.0,3.0,2.83,2.5455,0.4768
5,1+1+1+1+1,BOU-CHE-COV-TOT-SUN,BOU,CHE,COV,TOT,SUN,2.67,2.2,3.0,3.0,2.83,2.5455,0.4768
4,2+1+1+1,BOU-CHE-MUN-TOT-TOT,BOU,CHE,MUN,TOT,TOT,2.67,2.2,3.0,3.0,2.83,2.5455,0.4768
4,2+1+1+1,BOU-CHE-TOT-TOT-SUN,BOU,CHE,TOT,TOT,SUN,2.67,2.2,3.0,3.0,2.83,2.5455,0.4768
5,1+1+1+1+1,CHE-COV-FUL-MUN-TOT,CHE,COV,FUL,MUN,TOT,2.67,2.2,3.0,3.0,2.83,2.5455,0.4768
4,2+1+1+1,CHE-FUL-MUN-TOT-TOT,CHE,FUL,MUN,TOT,TOT,2.67,2.2,3.0,3.0,2.83,2.5455,0.4768
4,2+1+1+1,CHE-CHE-LEE-MUN-TOT,CHE,CHE,LEE,MUN,TOT,2.67,2.2,3.0,3.0,2.83,2.5455,0.4902
4,2+1+1+1,CHE-CHE-LEE-TOT-SUN,CHE,CHE,LEE,TOT,SUN,2.67,2.2,3.0,3.0,2.83,2.5455,0.4902
4,2+1+1+1,BOU-HUL-MUN-TOT-TOT,BOU,HUL,MUN,TOT,TOT,2.67,2.2,3.0,3.0,2.83,2.5455,0.5098
4,2+1+1+1,BOU-HUL-TOT-TOT-SUN,BOU,HUL,TOT,TOT,SUN,2.67,2.2,3.0,3.0,2.83,2.5455,0.5098
4,2+1+1+1,FUL-HUL-MUN-TOT-TOT,FUL,HUL,MUN,TOT,TOT,2.67,2.2,3.0,3.0,2.83,2.5455,0.5098
4,2+1+1+1,BOU-COV-MUN-TOT-TOT,BOU,COV,MUN,TOT,TOT,2.67,2.2,3.0,3.0,2.83,2.5455,0.55
4,2+1+1+1,BOU-COV-TOT-TOT-SUN,BOU,COV,TOT,TOT,SUN,2.67,2.2,3.0,3.0,2.83,2.5455,0.55
3,3+1+1,BOU-MUN-TOT-TOT-TOT,BOU,MUN,TOT,TOT,TOT,2.67,2.2,3.0,3.0,2.83,2.5455,0.55
3,3+1+1,BOU-TOT-TOT-TOT-SUN,BOU,TOT,TOT,TOT,SUN,2.67,2.2,3.0,3.0,2.83,2.5455,0.55
4,2+1+1+1,COV-FUL-MUN-TOT-TOT,COV,FUL,MUN,TOT,TOT,2.67,2.2,3.0,3.0,2.83,2.5455,0.55
3,3+1+1,FUL-MUN-TOT-TOT-TOT,FUL,MUN,TOT,TOT,TOT,2.67,2.2,3.0,3.0,2.83,2.5455,0.55
4,2+1+1+1,EVE-HUL-MUN-TOT-TOT,EVE,HUL,MUN,TOT,TOT,2.67,2.2,3.0,3.0,2.83,2.5455,0.5732
4,2+1+1+1,EVE-HUL-TOT-TOT-SUN,EVE,HUL,TOT,TOT,SUN,2.67,2.2,3.0,3.0,2.83,2.5455,0.5732
5,1+1+1+1+1,CHE-EVE-HUL-MUN-TOT,CHE,EVE,HUL,MUN,TOT,2.67,2.2,3.0,3.0,2.83,2.5455,0.5839
5,1+1+1+1+1,CHE-EVE-HUL-TOT-SUN,CHE,EVE,HUL,TOT,SUN,2.67,2.2,3.0,3.0,2.83,2.5455,0.5839
3,2+2+1,COV-COV-EVE-MUN-MUN,COV,COV,EVE,MUN,MUN,2.33,2.2,3.0,3.33,2.83,2.5455,0.7
4,2+1+1+1,COV-COV-EVE-MUN-SUN,COV,COV,EVE,MUN,SUN,2.33,2.2,3.0,3.33,2.83,2.5455,0.7
3,2+2+1,COV-COV-EVE-SUN-SUN,COV,COV,EVE,SUN,SUN,2.33,2.2,3.0,3.33,2.83,2.5455,0.7
4,2+1+1+1,COV-EVE-MUN-TOT-TOT,COV,EVE,MUN,TOT,TOT,2.67,2.2,3.0,3.0,2.83,2.5455,0.7
4,2+1+1+1,COV-EVE-TOT-TOT-SUN,COV,EVE,TOT,TOT,SUN,2.67,2.2,3.0,3.0,2.83,2.5455,0.7
3,3+1+1,EVE-MUN-TOT-TOT-TOT,EVE,MUN,TOT,TOT,TOT,2.67,2.2,3.0,3.0,2.83,2.5455,0.7
3,3+1+1,EVE-TOT-TOT-TOT-SUN,EVE,TOT,TOT,TOT,SUN,2.67,2.2,3.0,3.0,2.83,2.5455,0.7
4,2+1+1+1,CHE-EVE-MUN-TOT-TOT,CHE,EVE,MUN,TOT,TOT,2.67,2.2,3.0,3.0,2.83,2.5455,0.7402
4,2+1+1+1,CHE-EVE-TOT-TOT-SUN,CHE,EVE,TOT,TOT,SUN,2.67,2.2,3.0,3.0,2.83,2.5455,0.7402
4,2+1+1+1,CHE-COV-EVE-MUN-MUN,CHE,COV,EVE,MUN,MUN,2.33,2.2,3.0,3.33,2.83,2.5455,0.8091
5,1+1+1+1+1,CHE-COV-EVE-MUN-SUN,CHE,COV,EVE,MUN,SUN,2.33,2.2,3.0,3.33,2.83,2.5455,0.8091
4,2+1+1+1,CHE-COV-EVE-SUN-SUN,CHE,COV,EVE,SUN,SUN,2.33,2.2,3.0,3.33,2.83,2.5455,0.8091
3,2+2+1,CHE-CHE-EVE-MUN-MUN,CHE,CHE,EVE,MUN,MUN,2.33,2.2,3.0,3.33,2.83,2.5455,0.9669
4,2+1+1+1,CHE-CHE-EVE-MUN-SUN,CHE,CHE,EVE,MUN,SUN,2.33,2.2,3.0,3.33,2.83,2.5455,0.9669
3,2+2+1,CHE-CHE-EVE-SUN-SUN,CHE,CHE,EVE,SUN,SUN,2.33,2.2,3.0,3.33,2.83,2.5455,0.9669
3,2+2+1,BRE-BRE-CHE-CHE-TOT,BRE,BRE,CHE,CHE,TOT,3.0,2.4,3.0,2.33,2.67,2.5455,-0.1268
4,2+1+1+1,BRE-CHE-CHE-LIV-TOT,BRE,CHE,CHE,LIV,TOT,3.0,2.4,3.0,2.33,2.67,2.5455,-0.1268
4,2+1+1+1,BRE-CHE-CHE-MCI-TOT,BRE,CHE,CHE,MCI,TOT,3.0,2.4,3.0,2.33,2.67,2.5455,-0.1268
3,2+2+1,CHE-CHE-LIV-LIV-TOT,CHE,CHE,LIV,LIV,TOT,3.0,2.4,3.0,2.33,2.67,2.5455,-0.1268
4,2+1+1+1,CHE-CHE-LIV-MCI-TOT,CHE,CHE,LIV,MCI,TOT,3.0,2.4,3.0,2.33,2.67,2.5455,-0.1268
3,2+2+1,CHE-CHE-MCI-MCI-TOT,CHE,CHE,MCI,MCI,TOT,3.0,2.4,3.0,2.33,2.67,2.5455,-0.1268
3,2+2+1,BRE-BRE-CHE-CHE-HUL,BRE,BRE,CHE,CHE,HUL,3.0,2.4,3.0,2.33,2.67,2.5455,-0.1125
4,2+1+1+1,BRE-CHE-CHE-HUL-LIV,BRE,CHE,CHE,HUL,LIV,3.0,2.4,3.0,2.33,2.67,2.5455,-0.1125
4,2+1+1+1,BRE-CHE-CHE-HUL-MCI,BRE,CHE,CHE,HUL,MCI,3.0,2.4,3.0,2.33,2.67,2.5455,-0.1125
3,2+2+1,CHE-CHE-HUL-LIV-LIV,CHE,CHE,HUL,LIV,LIV,3.0,2.4,3.0,2.33,2.67,2.5455,-0.1125
4,2+1+1+1,CHE-CHE-HUL-LIV-MCI,CHE,CHE,HUL,LIV,MCI,3.0,2.4,3.0,2.33,2.67,2.5455,-0.1125
3,2+2+1,CHE-CHE-HUL-MCI-MCI,CHE,CHE,HUL,MCI,MCI,3.0,2.4,3.0,2.33,2.67,2.5455,-0.1125
5,1+1+1+1+1,CHE-HUL-LEE-LIV-MUN,CHE,HUL,LEE,LIV,MUN,2.67,2.4,3.0,2.67,2.67,2.5455,-0.0673
5,1+1+1+1+1,CHE-HUL-LEE-LIV-SUN,CHE,HUL,LEE,LIV,SUN,2.67,2.4,3.0,2.67,2.67,2.5455,-0.0673
5,1+1+1+1+1,CHE-HUL-LEE-MCI-MUN,CHE,HUL,LEE,MCI,MUN,2.67,2.4,3.0,2.67,2.67,2.5455,-0.0673
5,1+1+1+1+1,CHE-HUL-LEE-MCI-SUN,CHE,HUL,LEE,MCI,SUN,2.67,2.4,3.0,2.67,2.67,2.5455,-0.0673
4,2+1+1+1,BOU-BRE-CHE-CHE-MUN,BOU,BRE,CHE,CHE,MUN,2.67,2.4,3.0,2.67,2.67,2.5455,-0.0378
4,2+1+1+1,BOU-BRE-CHE-CHE-SUN,BOU,BRE,CHE,CHE,SUN,2.67,2.4,3.0,2.67,2.67,2.5455,-0.0378
4,2+1+1+1,BOU-CHE-CHE-LIV-MUN,BOU,CHE,CHE,LIV,MUN,2.67,2.4,3.0,2.67,2.67,2.5455,-0.0378
4,2+1+1+1,BOU-CHE-CHE-LIV-SUN,BOU,CHE,CHE,LIV,SUN,2.67,2.4,3.0,2.67,2.67,2.5455,-0.0378
4,2+1+1+1,BOU-CHE-CHE-MCI-MUN,BOU,CHE,CHE,MCI,MUN,2.67,2.4,3.0,2.67,2.67,2.5455,-0.0378
4,2+1+1+1,BOU-CHE-CHE-MCI-SUN,BOU,CHE,CHE,MCI,SUN,2.67,2.4,3.0,2.67,2.67,2.5455,-0.0378
4,2+1+1+1,BRE-BRE-CHE-COV-TOT,BRE,BRE,CHE,COV,TOT,3.0,2.4,3.0,2.33,2.67,2.5455,-0.0378
3,2+2+1,BRE-BRE-CHE-TOT-TOT,BRE,BRE,CHE,TOT,TOT,3.0,2.4,3.0,2.33,2.67,2.5455,-0.0378
4,2+1+1+1,BRE-CHE-CHE-FUL-MUN,BRE,CHE,CHE,FUL,MUN,2.67,2.4,3.0,2.67,2.67,2.5455,-0.0378
4,2+1+1+1,BRE-CHE-CHE-MUN-NEW,BRE,CHE,CHE,MUN,NEW,2.67,2.4,3.0,2.67,2.67,2.5455,-0.0378
4,2+1+1+1,BRE-CHE-CHE-NEW-SUN,BRE,CHE,CHE,NEW,SUN,2.67,2.4,3.0,2.67,2.67,2.5455,-0.0378
5,1+1+1+1+1,BRE-CHE-COV-LIV-TOT,BRE,CHE,COV,LIV,TOT,3.0,2.4,3.0,2.33,2.67,2.5455,-0.0378
5,1+1+1+1+1,BRE-CHE-COV-MCI-TOT,BRE,CHE,COV,MCI,TOT,3.0,2.4,3.0,2.33,2.67,2.5455,-0.0378
4,2+1+1+1,BRE-CHE-LIV-TOT-TOT,BRE,CHE,LIV,TOT,TOT,3.0,2.4,3.0,2.33,2.67,2.5455,-0.0378
4,2+1+1+1,BRE-CHE-MCI-TOT-TOT,BRE,CHE,MCI,TOT,TOT,3.0,2.4,3.0,2.33,2.67,2.5455,-0.0378
4,2+1+1+1,CHE-CHE-FUL-LIV-MUN,CHE,CHE,FUL,LIV,MUN,2.67,2.4,3.0,2.67,2.67,2.5455,-0.0378
4,2+1+1+1,CHE-CHE-FUL-MCI-MUN,CHE,CHE,FUL,MCI,MUN,2.67,2.4,3.0,2.67,2.67,2.5455,-0.0378
4,2+1+1+1,CHE-CHE-LIV-MUN-NEW,CHE,CHE,LIV,MUN,NEW,2.67,2.4,3.0,2.67,2.67,2.5455,-0.0378
4,2+1+1+1,CHE-CHE-LIV-NEW-SUN,CHE,CHE,LIV,NEW,SUN,2.67,2.4,3.0,2.67,2.67,2.5455,-0.0378
4,2+1+1+1,CHE-CHE-MCI-MUN-NEW,CHE,CHE,MCI,MUN,NEW,2.67,2.4,3.0,2.67,2.67,2.5455,-0.0378
4,2+1+1+1,CHE-CHE-MCI-NEW-SUN,CHE,CHE,MCI,NEW,SUN,2.67,2.4,3.0,2.67,2.67,2.5455,-0.0378
4,2+1+1+1,CHE-COV-LIV-LIV-TOT,CHE,COV,LIV,LIV,TOT,3.0,2.4,3.0,2.33,2.67,2.5455,-0.0378
5,1+1+1+1+1,CHE-COV-LIV-MCI-TOT,CHE,COV,LIV,MCI,TOT,3.0,2.4,3.0,2.33,2.67,2.5455,-0.0378
4,2+1+1+1,CHE-COV-MCI-MCI-TOT,CHE,COV,MCI,MCI,TOT,3.0,2.4,3.0,2.33,2.67,2.5455,-0.0378
3,2+2+1,CHE-LIV-LIV-TOT-TOT,CHE,LIV,LIV,TOT,TOT,3.0,2.4,3.0,2.33,2.67,2.5455,-0.0378
4,2+1+1+1,CHE-LIV-MCI-TOT-TOT,CHE,LIV,MCI,TOT,TOT,3.0,2.4,3.0,2.33,2.67,2.5455,-0.0378
3,2+2+1,CHE-MCI-MCI-TOT-TOT,CHE,MCI,MCI,TOT,TOT,3.0,2.4,3.0,2.33,2.67,2.5455,-0.0378
5,1+1+1+1+1,CHE-COV-LEE-LIV-MUN,CHE,COV,LEE,LIV,MUN,2.67,2.4,3.0,2.67,2.67,2.5455,-0.0244
5,1+1+1+1+1,CHE-COV-LEE-LIV-SUN,CHE,COV,LEE,LIV,SUN,2.67,2.4,3.0,2.67,2.67,2.5455,-0.0244
5,1+1+1+1+1,CHE-COV-LEE-MCI-MUN,CHE,COV,LEE,MCI,MUN,2.67,2.4,3.0,2.67,2.67,2.5455,-0.0244
5,1+1+1+1+1,CHE-COV-LEE-MCI-SUN,CHE,COV,LEE,MCI,SUN,2.67,2.4,3.0,2.67,2.67,2.5455,-0.0244
5,1+1+1+1+1,CHE-LEE-LIV-MUN-TOT,CHE,LEE,LIV,MUN,TOT,2.67,2.4,3.0,2.67,2.67,2.5455,-0.0244
5,1+1+1+1+1,CHE-LEE-LIV-TOT-SUN,CHE,LEE,LIV,TOT,SUN,2.67,2.4,3.0,2.67,2.67,2.5455,-0.0244
5,1+1+1+1+1,CHE-LEE-MCI-MUN-TOT,CHE,LEE,MCI,MUN,TOT,2.67,2.4,3.0,2.67,2.67,2.5455,-0.0244
5,1+1+1+1+1,CHE-LEE-MCI-TOT-SUN,CHE,LEE,MCI,TOT,SUN,2.67,2.4,3.0,2.67,2.67,2.5455,-0.0244
5,1+1+1+1+1,HUL-LEE-LIV-MUN-TOT,HUL,LEE,LIV,MUN,TOT,2.67,2.4,3.0,2.67,2.67,2.5455,-0.0134
5,1+1+1+1+1,HUL-LEE-LIV-TOT-SUN,HUL,LEE,LIV,TOT,SUN,2.67,2.4,3.0,2.67,2.67,2.5455,-0.0134
5,1+1+1+1+1,HUL-LEE-MCI-MUN-TOT,HUL,LEE,MCI,MUN,TOT,2.67,2.4,3.0,2.67,2.67,2.5455,-0.0134
5,1+1+1+1+1,HUL-LEE-MCI-TOT-SUN,HUL,LEE,MCI,TOT,SUN,2.67,2.4,3.0,2.67,2.67,2.5455,-0.0134
4,2+1+1+1,BRE-EVE-HUL-HUL-MUN,BRE,EVE,HUL,HUL,MUN,2.67,2.4,3.0,2.67,2.67,2.5455,0.0
4,2+1+1+1,BRE-EVE-HUL-HUL-SUN,BRE,EVE,HUL,HUL,SUN,2.67,2.4,3.0,2.67,2.67,2.5455,0.0
4,2+1+1+1,CHE-CHE-LEE-LIV-MUN,CHE,CHE,LEE,LIV,MUN,2.67,2.4,3.0,2.67,2.67,2.5455,0.0
4,2+1+1+1,CHE-CHE-LEE-LIV-SUN,CHE,CHE,LEE,LIV,SUN,2.67,2.4,3.0,2.67,2.67,2.5455,0.0
4,2+1+1+1,CHE-CHE-LEE-MCI-MUN,CHE,CHE,LEE,MCI,MUN,2.67,2.4,3.0,2.67,2.67,2.5455,0.0
4,2+1+1+1,CHE-CHE-LEE-MCI-SUN,CHE,CHE,LEE,MCI,SUN,2.67,2.4,3.0,2.67,2.67,2.5455,0.0
4,2+1+1+1,COV-COV-LEE-LIV-MUN,COV,COV,LEE,LIV,MUN,2.67,2.4,3.0,2.67,2.67,2.5455,0.0
4,2+1+1+1,COV-COV-LEE-LIV-SUN,COV,COV,LEE,LIV,SUN,2.67,2.4,3.0,2.67,2.67,2.5455,0.0
4,2+1+1+1,COV-COV-LEE-MCI-MUN,COV,COV,LEE,MCI,MUN,2.67,2.4,3.0,2.67,2.67,2.5455,0.0
4,2+1+1+1,COV-COV-LEE-MCI-SUN,COV,COV,LEE,MCI,SUN,2.67,2.4,3.0,2.67,2.67,2.5455,0.0
5,1+1+1+1+1,COV-LEE-LIV-MUN-TOT,COV,LEE,LIV,MUN,TOT,2.67,2.4,3.0,2.67,2.67,2.5455,-0.0
5,1+1+1+1+1,COV-LEE-LIV-TOT-SUN,COV,LEE,LIV,TOT,SUN,2.67,2.4,3.0,2.67,2.67,2.5455,-0.0
5,1+1+1+1+1,COV-LEE-MCI-MUN-TOT,COV,LEE,MCI,MUN,TOT,2.67,2.4,3.0,2.67,2.67,2.5455,-0.0
5,1+1+1+1+1,COV-LEE-MCI-TOT-SUN,COV,LEE,MCI,TOT,SUN,2.67,2.4,3.0,2.67,2.67,2.5455,-0.0
4,2+1+1+1,EVE-HUL-HUL-LIV-MUN,EVE,HUL,HUL,LIV,MUN,2.67,2.4,3.0,2.67,2.67,2.5455,0.0
4,2+1+1+1,EVE-HUL-HUL-LIV-SUN,EVE,HUL,HUL,LIV,SUN,2.67,2.4,3.0,2.67,2.67,2.5455,0.0
4,2+1+1+1,EVE-HUL-HUL-MCI-MUN,EVE,HUL,HUL,MCI,MUN,2.67,2.4,3.0,2.67,2.67,2.5455,0.0
4,2+1+1+1,EVE-HUL-HUL-MCI-SUN,EVE,HUL,HUL,MCI,SUN,2.67,2.4,3.0,2.67,2.67,2.5455,0.0
4,2+1+1+1,HUL-HUL-LEE-LIV-MUN,HUL,HUL,LEE,LIV,MUN,2.67,2.4,3.0,2.67,2.67,2.5455,0.0
4,2+1+1+1,HUL-HUL-LEE-LIV-SUN,HUL,HUL,LEE,LIV,SUN,2.67,2.4,3.0,2.67,2.67,2.5455,0.0
4,2+1+1+1,HUL-HUL-LEE-MCI-MUN,HUL,HUL,LEE,MCI,MUN,2.67,2.4,3.0,2.67,2.67,2.5455,0.0
4,2+1+1+1,HUL-HUL-LEE-MCI-SUN,HUL,HUL,LEE,MCI,SUN,2.67,2.4,3.0,2.67,2.67,2.5455,0.0
4,2+1+1+1,LEE-LIV-MUN-TOT-TOT,LEE,LIV,MUN,TOT,TOT,2.67,2.4,3.0,2.67,2.67,2.5455,0.0
4,2+1+1+1,LEE-LIV-TOT-TOT-SUN,LEE,LIV,TOT,TOT,SUN,2.67,2.4,3.0,2.67,2.67,2.5455,0.0
4,2+1+1+1,LEE-MCI-MUN-TOT-TOT,LEE,MCI,MUN,TOT,TOT,2.67,2.4,3.0,2.67,2.67,2.5455,0.0
4,2+1+1+1,LEE-MCI-TOT-TOT-SUN,LEE,MCI,TOT,TOT,SUN,2.67,2.4,3.0,2.67,2.67,2.5455,0.0
5,1+1+1+1+1,BOU-BRE-CHE-HUL-MUN,BOU,BRE,CHE,HUL,MUN,2.67,2.4,3.0,2.67,2.67,2.5455,0.0004
5,1+1+1+1+1,BOU-BRE-CHE-HUL-SUN,BOU,BRE,CHE,HUL,SUN,2.67,2.4,3.0,2.67,2.67,2.5455,0.0004
5,1+1+1+1+1,BOU-CHE-HUL-LIV-MUN,BOU,CHE,HUL,LIV,MUN,2.67,2.4,3.0,2.67,2.67,2.5455,0.0004
5,1+1+1+1+1,BOU-CHE-HUL-LIV-SUN,BOU,CHE,HUL,LIV,SUN,2.67,2.4,3.0,2.67,2.67,2.5455,0.0004
5,1+1+1+1+1,BOU-CHE-HUL-MCI-MUN,BOU,CHE,HUL,MCI,MUN,2.67,2.4,3.0,2.67,2.67,2.5455,0.0004
5,1+1+1+1+1,BOU-CHE-HUL-MCI-SUN,BOU,CHE,HUL,MCI,SUN,2.67,2.4,3.0,2.67,2.67,2.5455,0.0004
5,1+1+1+1+1,BRE-CHE-FUL-HUL-MUN,BRE,CHE,FUL,HUL,MUN,2.67,2.4,3.0,2.67,2.67,2.5455,0.0004
5,1+1+1+1+1,BRE-CHE-HUL-MUN-NEW,BRE,CHE,HUL,MUN,NEW,2.67,2.4,3.0,2.67,2.67,2.5455,0.0004
5,1+1+1+1+1,BRE-CHE-HUL-NEW-SUN,BRE,CHE,HUL,NEW,SUN,2.67,2.4,3.0,2.67,2.67,2.5455,0.0004
5,1+1+1+1+1,CHE-FUL-HUL-LIV-MUN,CHE,FUL,HUL,LIV,MUN,2.67,2.4,3.0,2.67,2.67,2.5455,0.0004
5,1+1+1+1+1,CHE-FUL-HUL-MCI-MUN,CHE,FUL,HUL,MCI,MUN,2.67,2.4,3.0,2.67,2.67,2.5455,0.0004
5,1+1+1+1+1,CHE-HUL-LIV-MUN-NEW,CHE,HUL,LIV,MUN,NEW,2.67,2.4,3.0,2.67,2.67,2.5455,0.0004
5,1+1+1+1+1,CHE-HUL-LIV-NEW-SUN,CHE,HUL,LIV,NEW,SUN,2.67,2.4,3.0,2.67,2.67,2.5455,0.0004
5,1+1+1+1+1,CHE-HUL-MCI-MUN-NEW,CHE,HUL,MCI,MUN,NEW,2.67,2.4,3.0,2.67,2.67,2.5455,0.0004
5,1+1+1+1+1,CHE-HUL-MCI-NEW-SUN,CHE,HUL,MCI,NEW,SUN,2.67,2.4,3.0,2.67,2.67,2.5455,0.0004
4,2+1+1+1,BRE-BRE-CHE-HUL-TOT,BRE,BRE,CHE,HUL,TOT,3.0,2.4,3.0,2.33,2.67,2.5455,0.0059
5,1+1+1+1+1,BRE-CHE-HUL-LIV-TOT,BRE,CHE,HUL,LIV,TOT,3.0,2.4,3.0,2.33,2.67,2.5455,0.0059
5,1+1+1+1+1,BRE-CHE-HUL-MCI-TOT,BRE,CHE,HUL,MCI,TOT,3.0,2.4,3.0,2.33,2.67,2.5455,0.0059
4,2+1+1+1,CHE-HUL-LIV-LIV-TOT,CHE,HUL,LIV,LIV,TOT,3.0,2.4,3.0,2.33,2.67,2.5455,0.0059
5,1+1+1+1+1,CHE-HUL-LIV-MCI-TOT,CHE,HUL,LIV,MCI,TOT,3.0,2.4,3.0,2.33,2.67,2.5455,0.0059
4,2+1+1+1,CHE-HUL-MCI-MCI-TOT,CHE,HUL,MCI,MCI,TOT,3.0,2.4,3.0,2.33,2.67,2.5455,0.0059
5,1+1+1+1+1,BOU-BRE-CHE-COV-MUN,BOU,BRE,CHE,COV,MUN,2.67,2.4,3.0,2.67,2.67,2.5455,0.0067
5,1+1+1+1+1,BOU-BRE-CHE-COV-SUN,BOU,BRE,CHE,COV,SUN,2.67,2.4,3.0,2.67,2.67,2.5455,0.0067
5,1+1+1+1+1,BOU-BRE-CHE-MUN-TOT,BOU,BRE,CHE,MUN,TOT,2.67,2.4,3.0,2.67,2.67,2.5455,0.0067
5,1+1+1+1+1,BOU-BRE-CHE-TOT-SUN,BOU,BRE,CHE,TOT,SUN,2.67,2.4,3.0,2.67,2.67,2.5455,0.0067
5,1+1+1+1+1,BOU-CHE-COV-LIV-MUN,BOU,CHE,COV,LIV,MUN,2.67,2.4,3.0,2.67,2.67,2.5455,0.0067
5,1+1+1+1+1,BOU-CHE-COV-LIV-SUN,BOU,CHE,COV,LIV,SUN,2.67,2.4,3.0,2.67,2.67,2.5455,0.0067
5,1+1+1+1+1,BOU-CHE-COV-MCI-MUN,BOU,CHE,COV,MCI,MUN,2.67,2.4,3.0,2.67,2.67,2.5455,0.0067
5,1+1+1+1+1,BOU-CHE-COV-MCI-SUN,BOU,CHE,COV,MCI,SUN,2.67,2.4,3.0,2.67,2.67,2.5455,0.0067
5,1+1+1+1+1,BOU-CHE-LIV-MUN-TOT,BOU,CHE,LIV,MUN,TOT,2.67,2.4,3.0,2.67,2.67,2.5455,0.0067
5,1+1+1+1+1,BOU-CHE-LIV-TOT-SUN,BOU,CHE,LIV,TOT,SUN,2.67,2.4,3.0,2.67,2.67,2.5455,0.0067
5,1+1+1+1+1,BOU-CHE-MCI-MUN-TOT,BOU,CHE,MCI,MUN,TOT,2.67,2.4,3.0,2.67,2.67,2.5455,0.0067
5,1+1+1+1+1,BOU-CHE-MCI-TOT-SUN,BOU,CHE,MCI,TOT,SUN,2.67,2.4,3.0,2.67,2.67,2.5455,0.0067
5,1+1+1+1+1,BRE-CHE-COV-FUL-MUN,BRE,CHE,COV,FUL,MUN,2.67,2.4,3.0,2.67,2.67,2.5455,0.0067
5,1+1+1+1+1,BRE-CHE-COV-MUN-NEW,BRE,CHE,COV,MUN,NEW,2.67,2.4,3.0,2.67,2.67,2.5455,0.0067
5,1+1+1+1+1,BRE-CHE-COV-NEW-SUN,BRE,CHE,COV,NEW,SUN,2.67,2.4,3.0,2.67,2.67,2.5455,0.0067
5,1+1+1+1+1,BRE-CHE-FUL-MUN-TOT,BRE,CHE,FUL,MUN,TOT,2.67,2.4,3.0,2.67,2.67,2.5455,0.0067
5,1+1+1+1+1,CHE-COV-FUL-LIV-MUN,CHE,COV,FUL,LIV,MUN,2.67,2.4,3.0,2.67,2.67,2.5455,0.0067
5,1+1+1+1+1,CHE-COV-FUL-MCI-MUN,CHE,COV,FUL,MCI,MUN,2.67,2.4,3.0,2.67,2.67,2.5455,0.0067
5,1+1+1+1+1,CHE-COV-LIV-MUN-NEW,CHE,COV,LIV,MUN,NEW,2.67,2.4,3.0,2.67,2.67,2.5455,0.0067
5,1+1+1+1+1,CHE-COV-LIV-NEW-SUN,CHE,COV,LIV,NEW,SUN,2.67,2.4,3.0,2.67,2.67,2.5455,0.0067
5,1+1+1+1+1,CHE-COV-MCI-MUN-NEW,CHE,COV,MCI,MUN,NEW,2.67,2.4,3.0,2.67,2.67,2.5455,0.0067
5,1+1+1+1+1,CHE-COV-MCI-NEW-SUN,CHE,COV,MCI,NEW,SUN,2.67,2.4,3.0,2.67,2.67,2.5455,0.0067
5,1+1+1+1+1,CHE-FUL-LIV-MUN-TOT,CHE,FUL,LIV,MUN,TOT,2.67,2.4,3.0,2.67,2.67,2.5455,0.0067
5,1+1+1+1+1,CHE-FUL-MCI-MUN-TOT,CHE,FUL,MCI,MUN,TOT,2.67,2.4,3.0,2.67,2.67,2.5455,0.0067
5,1+1+1+1+1,BRE-CHE-EVE-HUL-MUN,BRE,CHE,EVE,HUL,MUN,2.67,2.4,3.0,2.67,2.67,2.5455,0.0272
5,1+1+1+1+1,BRE-CHE-EVE-HUL-SUN,BRE,CHE,EVE,HUL,SUN,2.67,2.4,3.0,2.67,2.67,2.5455,0.0272
5,1+1+1+1+1,CHE-EVE-HUL-LIV-MUN,CHE,EVE,HUL,LIV,MUN,2.67,2.4,3.0,2.67,2.67,2.5455,0.0272
5,1+1+1+1+1,CHE-EVE-HUL-LIV-SUN,CHE,EVE,HUL,LIV,SUN,2.67,2.4,3.0,2.67,2.67,2.5455,0.0272
5,1+1+1+1+1,CHE-EVE-HUL-MCI-MUN,CHE,EVE,HUL,MCI,MUN,2.67,2.4,3.0,2.67,2.67,2.5455,0.0272
5,1+1+1+1+1,CHE-EVE-HUL-MCI-SUN,CHE,EVE,HUL,MCI,SUN,2.67,2.4,3.0,2.67,2.67,2.5455,0.0272
5,1+1+1+1+1,BRE-EVE-HUL-MUN-TOT,BRE,EVE,HUL,MUN,TOT,2.67,2.4,3.0,2.67,2.67,2.5455,0.0366
5,1+1+1+1+1,BRE-EVE-HUL-TOT-SUN,BRE,EVE,HUL,TOT,SUN,2.67,2.4,3.0,2.67,2.67,2.5455,0.0366
5,1+1+1+1+1,EVE-HUL-LIV-MUN-TOT,EVE,HUL,LIV,MUN,TOT,2.67,2.4,3.0,2.67,2.67,2.5455,0.0366
5,1+1+1+1+1,EVE-HUL-LIV-TOT-SUN,EVE,HUL,LIV,TOT,SUN,2.67,2.4,3.0,2.67,2.67,2.5455,0.0366
5,1+1+1+1+1,EVE-HUL-MCI-MUN-TOT,EVE,HUL,MCI,MUN,TOT,2.67,2.4,3.0,2.67,2.67,2.5455,0.0366
5,1+1+1+1+1,EVE-HUL-MCI-TOT-SUN,EVE,HUL,MCI,TOT,SUN,2.67,2.4,3.0,2.67,2.67,2.5455,0.0366
3,2+2+1,BRE-BRE-CHE-HUL-HUL,BRE,BRE,CHE,HUL,HUL,3.0,2.4,3.0,2.33,2.67,2.5455,0.0765
4,2+1+1+1,BRE-CHE-HUL-HUL-LIV,BRE,CHE,HUL,HUL,LIV,3.0,2.4,3.0,2.33,2.67,2.5455,0.0765
4,2+1+1+1,BRE-CHE-HUL-HUL-MCI,BRE,CHE,HUL,HUL,MCI,3.0,2.4,3.0,2.33,2.67,2.5455,0.0765
3,2+2+1,CHE-HUL-HUL-LIV-LIV,CHE,HUL,HUL,LIV,LIV,3.0,2.4,3.0,2.33,2.67,2.5455,0.0765
4,2+1+1+1,CHE-HUL-HUL-LIV-MCI,CHE,HUL,HUL,LIV,MCI,3.0,2.4,3.0,2.33,2.67,2.5455,0.0765
3,2+2+1,CHE-HUL-HUL-MCI-MCI,CHE,HUL,HUL,MCI,MCI,3.0,2.4,3.0,2.33,2.67,2.5455,0.0765
4,2+1+1+1,BOU-HUL-LEE-MUN-MUN,BOU,HUL,LEE,MUN,MUN,2.33,2.4,3.0,3.0,2.67,2.5455,0.0866
5,1+1+1+1+1,BOU-HUL-LEE-MUN-SUN,BOU,HUL,LEE,MUN,SUN,2.33,2.4,3.0,3.0,2.67,2.5455,0.0866
4,2+1+1+1,BOU-HUL-LEE-SUN-SUN,BOU,HUL,LEE,SUN,SUN,2.33,2.4,3.0,3.0,2.67,2.5455,0.0866
4,2+1+1+1,FUL-HUL-LEE-MUN-MUN,FUL,HUL,LEE,MUN,MUN,2.33,2.4,3.0,3.0,2.67,2.5455,0.0866
4,2+1+1+1,HUL-LEE-MUN-MUN-NEW,HUL,LEE,MUN,MUN,NEW,2.33,2.4,3.0,3.0,2.67,2.5455,0.0866
5,1+1+1+1+1,HUL-LEE-MUN-NEW-SUN,HUL,LEE,MUN,NEW,SUN,2.33,2.4,3.0,3.0,2.67,2.5455,0.0866
4,2+1+1+1,HUL-LEE-NEW-SUN-SUN,HUL,LEE,NEW,SUN,SUN,2.33,2.4,3.0,3.0,2.67,2.5455,0.0866
5,1+1+1+1+1,BOU-BRE-COV-MUN-TOT,BOU,BRE,COV,MUN,TOT,2.67,2.4,3.0,2.67,2.67,2.5455,0.1
5,1+1+1+1+1,BOU-BRE-COV-TOT-SUN,BOU,BRE,COV,TOT,SUN,2.67,2.4,3.0,2.67,2.67,2.5455,0.1
4,2+1+1+1,BOU-BRE-MUN-TOT-TOT,BOU,BRE,MUN,TOT,TOT,2.67,2.4,3.0,2.67,2.67,2.5455,0.1
4,2+1+1+1,BOU-BRE-TOT-TOT-SUN,BOU,BRE,TOT,TOT,SUN,2.67,2.4,3.0,2.67,2.67,2.5455,0.1
5,1+1+1+1+1,BOU-COV-LIV-MUN-TOT,BOU,COV,LIV,MUN,TOT,2.67,2.4,3.0,2.67,2.67,2.5455,0.1
5,1+1+1+1+1,BOU-COV-LIV-TOT-SUN,BOU,COV,LIV,TOT,SUN,2.67,2.4,3.0,2.67,2.67,2.5455,0.1
5,1+1+1+1+1,BOU-COV-MCI-MUN-TOT,BOU,COV,MCI,MUN,TOT,2.67,2.4,3.0,2.67,2.67,2.5455,0.1
5,1+1+1+1+1,BOU-COV-MCI-TOT-SUN,BOU,COV,MCI,TOT,SUN,2.67,2.4,3.0,2.67,2.67,2.5455,0.1
4,2+1+1+1,BOU-LIV-MUN-TOT-TOT,BOU,LIV,MUN,TOT,TOT,2.67,2.4,3.0,2.67,2.67,2.5455,0.1
4,2+1+1+1,BOU-LIV-TOT-TOT-SUN,BOU,LIV,TOT,TOT,SUN,2.67,2.4,3.0,2.67,2.67,2.5455,0.1
4,2+1+1+1,BOU-MCI-MUN-TOT-TOT,BOU,MCI,MUN,TOT,TOT,2.67,2.4,3.0,2.67,2.67,2.5455,0.1
4,2+1+1+1,BOU-MCI-TOT-TOT-SUN,BOU,MCI,TOT,TOT,SUN,2.67,2.4,3.0,2.67,2.67,2.5455,0.1
3,2+2+1,BRE-BRE-COV-COV-TOT,BRE,BRE,COV,COV,TOT,3.0,2.4,3.0,2.33,2.67,2.5455,0.1
3,2+2+1,BRE-BRE-COV-TOT-TOT,BRE,BRE,COV,TOT,TOT,3.0,2.4,3.0,2.33,2.67,2.5455,0.1
2,3+2,BRE-BRE-TOT-TOT-TOT,BRE,BRE,TOT,TOT,TOT,3.0,2.4,3.0,2.33,2.67,2.5455,0.1
4,2+1+1+1,BRE-COV-COV-LIV-TOT,BRE,COV,COV,LIV,TOT,3.0,2.4,3.0,2.33,2.67,2.5455,0.1
4,2+1+1+1,BRE-COV-COV-MCI-TOT,BRE,COV,COV,MCI,TOT,3.0,2.4,3.0,2.33,2.67,2.5455,0.1
5,1+1+1+1+1,BRE-COV-EVE-MUN-TOT,BRE,COV,EVE,MUN,TOT,2.67,2.4,3.0,2.67,2.67,2.5455,0.1
5,1+1+1+1+1,BRE-COV-EVE-TOT-SUN,BRE,COV,EVE,TOT,SUN,2.67,2.4,3.0,2.67,2.67,2.5455,0.1
5,1+1+1+1+1,BRE-COV-FUL-MUN-TOT,BRE,COV,FUL,MUN,TOT,2.67,2.4,3.0,2.67,2.67,2.5455,0.1
4,2+1+1+1,BRE-COV-LIV-TOT-TOT,BRE,COV,LIV,TOT,TOT,3.0,2.4,3.0,2.33,2.67,2.5455,0.1
4,2+1+1+1,BRE-COV-MCI-TOT-TOT,BRE,COV,MCI,TOT,TOT,3.0,2.4,3.0,2.33,2.67,2.5455,0.1
4,2+1+1+1,BRE-EVE-MUN-TOT-TOT,BRE,EVE,MUN,TOT,TOT,2.67,2.4,3.0,2.67,2.67,2.5455,0.1
4,2+1+1+1,BRE-EVE-TOT-TOT-SUN,BRE,EVE,TOT,TOT,SUN,2.67,2.4,3.0,2.67,2.67,2.5455,0.1
4,2+1+1+1,BRE-FUL-MUN-TOT-TOT,BRE,FUL,MUN,TOT,TOT,2.67,2.4,3.0,2.67,2.67,2.5455,0.1
3,3+1+1,BRE-LIV-TOT-TOT-TOT,BRE,LIV,TOT,TOT,TOT,3.0,2.4,3.0,2.33,2.67,2.5455,0.1
3,3+1+1,BRE-MCI-TOT-TOT-TOT,BRE,MCI,TOT,TOT,TOT,3.0,2.4,3.0,2.33,2.67,2.5455,0.1
3,2+2+1,COV-COV-LIV-LIV-TOT,COV,COV,LIV,LIV,TOT,3.0,2.4,3.0,2.33,2.67,2.5455,0.1
4,2+1+1+1,COV-COV-LIV-MCI-TOT,COV,COV,LIV,MCI,TOT,3.0,2.4,3.0,2.33,2.67,2.5455,0.1
3,2+2+1,COV-COV-MCI-MCI-TOT,COV,COV,MCI,MCI,TOT,3.0,2.4,3.0,2.33,2.67,2.5455,0.1
5,1+1+1+1+1,COV-EVE-LIV-MUN-TOT,COV,EVE,LIV,MUN,TOT,2.67,2.4,3.0,2.67,2.67,2.5455,0.1
5,1+1+1+1+1,COV-EVE-LIV-TOT-SUN,COV,EVE,LIV,TOT,SUN,2.67,2.4,3.0,2.67,2.67,2.5455,0.1
5,1+1+1+1+1,COV-EVE-MCI-MUN-TOT,COV,EVE,MCI,MUN,TOT,2.67,2.4,3.0,2.67,2.67,2.5455,0.1
5,1+1+1+1+1,COV-EVE-MCI-TOT-SUN,COV,EVE,MCI,TOT,SUN,2.67,2.4,3.0,2.67,2.67,2.5455,0.1
5,1+1+1+1+1,COV-FUL-LIV-MUN-TOT,COV,FUL,LIV,MUN,TOT,2.67,2.4,3.0,2.67,2.67,2.5455,0.1
5,1+1+1+1+1,COV-FUL-MCI-MUN-TOT,COV,FUL,MCI,MUN,TOT,2.67,2.4,3.0,2.67,2.67,2.5455,0.1
3,2+2+1,COV-LIV-LIV-TOT-TOT,COV,LIV,LIV,TOT,TOT,3.0,2.4,3.0,2.33,2.67,2.5455,0.1
4,2+1+1+1,COV-LIV-MCI-TOT-TOT,COV,LIV,MCI,TOT,TOT,3.0,2.4,3.0,2.33,2.67,2.5455,0.1
3,2+2+1,COV-MCI-MCI-TOT-TOT,COV,MCI,MCI,TOT,TOT,3.0,2.4,3.0,2.33,2.67,2.5455,0.1
4,2+1+1+1,EVE-LIV-MUN-TOT-TOT,EVE,LIV,MUN,TOT,TOT,2.67,2.4,3.0,2.67,2.67,2.5455,0.1
4,2+1+1+1,EVE-LIV-TOT-TOT-SUN,EVE,LIV,TOT,TOT,SUN,2.67,2.4,3.0,2.67,2.67,2.5455,0.1
4,2+1+1+1,EVE-MCI-MUN-TOT-TOT,EVE,MCI,MUN,TOT,TOT,2.67,2.4,3.0,2.67,2.67,2.5455,0.1
4,2+1+1+1,EVE-MCI-TOT-TOT-SUN,EVE,MCI,TOT,TOT,SUN,2.67,2.4,3.0,2.67,2.67,2.5455,0.1
4,2+1+1+1,FUL-LIV-MUN-TOT-TOT,FUL,LIV,MUN,TOT,TOT,2.67,2.4,3.0,2.67,2.67,2.5455,0.1
4,2+1+1+1,FUL-MCI-MUN-TOT-TOT,FUL,MCI,MUN,TOT,TOT,2.67,2.4,3.0,2.67,2.67,2.5455,0.1
2,3+2,LIV-LIV-TOT-TOT-TOT,LIV,LIV,TOT,TOT,TOT,3.0,2.4,3.0,2.33,2.67,2.5455,0.1
3,3+1+1,LIV-MCI-TOT-TOT-TOT,LIV,MCI,TOT,TOT,TOT,3.0,2.4,3.0,2.33,2.67,2.5455,0.1
2,3+2,MCI-MCI-TOT-TOT-TOT,MCI,MCI,TOT,TOT,TOT,3.0,2.4,3.0,2.33,2.67,2.5455,0.1
5,1+1+1+1+1,BRE-CHE-EVE-MUN-TOT,BRE,CHE,EVE,MUN,TOT,2.67,2.4,3.0,2.67,2.67,2.5455,0.1201
5,1+1+1+1+1,BRE-CHE-EVE-TOT-SUN,BRE,CHE,EVE,TOT,SUN,2.67,2.4,3.0,2.67,2.67,2.5455,0.1201
5,1+1+1+1+1,CHE-EVE-LIV-MUN-TOT,CHE,EVE,LIV,MUN,TOT,2.67,2.4,3.0,2.67,2.67,2.5455,0.1201
5,1+1+1+1+1,CHE-EVE-LIV-TOT-SUN,CHE,EVE,LIV,TOT,SUN,2.67,2.4,3.0,2.67,2.67,2.5455,0.1201
5,1+1+1+1+1,CHE-EVE-MCI-MUN-TOT,CHE,EVE,MCI,MUN,TOT,2.67,2.4,3.0,2.67,2.67,2.5455,0.1201
5,1+1+1+1+1,CHE-EVE-MCI-TOT-SUN,CHE,EVE,MCI,TOT,SUN,2.67,2.4,3.0,2.67,2.67,2.5455,0.1201
5,1+1+1+1+1,BOU-BRE-HUL-MUN-TOT,BOU,BRE,HUL,MUN,TOT,2.67,2.4,3.0,2.67,2.67,2.5455,0.1232
5,1+1+1+1+1,BOU-BRE-HUL-TOT-SUN,BOU,BRE,HUL,TOT,SUN,2.67,2.4,3.0,2.67,2.67,2.5455,0.1232
5,1+1+1+1+1,BOU-HUL-LIV-MUN-TOT,BOU,HUL,LIV,MUN,TOT,2.67,2.4,3.0,2.67,2.67,2.5455,0.1232
5,1+1+1+1+1,BOU-HUL-LIV-TOT-SUN,BOU,HUL,LIV,TOT,SUN,2.67,2.4,3.0,2.67,2.67,2.5455,0.1232
5,1+1+1+1+1,BOU-HUL-MCI-MUN-TOT,BOU,HUL,MCI,MUN,TOT,2.67,2.4,3.0,2.67,2.67,2.5455,0.1232
5,1+1+1+1+1,BOU-HUL-MCI-TOT-SUN,BOU,HUL,MCI,TOT,SUN,2.67,2.4,3.0,2.67,2.67,2.5455,0.1232
5,1+1+1+1+1,BRE-FUL-HUL-MUN-TOT,BRE,FUL,HUL,MUN,TOT,2.67,2.4,3.0,2.67,2.67,2.5455,0.1232
5,1+1+1+1+1,FUL-HUL-LIV-MUN-TOT,FUL,HUL,LIV,MUN,TOT,2.67,2.4,3.0,2.67,2.67,2.5455,0.1232
5,1+1+1+1+1,FUL-HUL-MCI-MUN-TOT,FUL,HUL,MCI,MUN,TOT,2.67,2.4,3.0,2.67,2.67,2.5455,0.1232
4,2+1+1+1,BOU-COV-LEE-MUN-MUN,BOU,COV,LEE,MUN,MUN,2.33,2.4,3.0,3.0,2.67,2.5455,0.15
5,1+1+1+1+1,BOU-COV-LEE-MUN-SUN,BOU,COV,LEE,MUN,SUN,2.33,2.4,3.0,3.0,2.67,2.5455,0.15
4,2+1+1+1,BOU-COV-LEE-SUN-SUN,BOU,COV,LEE,SUN,SUN,2.33,2.4,3.0,3.0,2.67,2.5455,0.15
4,2+1+1+1,BOU-LEE-MUN-MUN-TOT,BOU,LEE,MUN,MUN,TOT,2.33,2.4,3.0,3.0,2.67,2.5455,0.15
5,1+1+1+1+1,BOU-LEE-MUN-TOT-SUN,BOU,LEE,MUN,TOT,SUN,2.33,2.4,3.0,3.0,2.67,2.5455,0.15
4,2+1+1+1,BOU-LEE-TOT-SUN-SUN,BOU,LEE,TOT,SUN,SUN,2.33,2.4,3.0,3.0,2.67,2.5455,0.15
4,2+1+1+1,COV-FUL-LEE-MUN-MUN,COV,FUL,LEE,MUN,MUN,2.33,2.4,3.0,3.0,2.67,2.5455,0.15
4,2+1+1+1,COV-LEE-MUN-MUN-NEW,COV,LEE,MUN,MUN,NEW,2.33,2.4,3.0,3.0,2.67,2.5455,0.15
5,1+1+1+1+1,COV-LEE-MUN-NEW-SUN,COV,LEE,MUN,NEW,SUN,2.33,2.4,3.0,3.0,2.67,2.5455,0.15
4,2+1+1+1,COV-LEE-NEW-SUN-SUN,COV,LEE,NEW,SUN,SUN,2.33,2.4,3.0,3.0,2.67,2.5455,0.15
4,2+1+1+1,FUL-LEE-MUN-MUN-TOT,FUL,LEE,MUN,MUN,TOT,2.33,2.4,3.0,3.0,2.67,2.5455,0.15
3,2+2+1,BOU-BOU-CHE-MUN-MUN,BOU,BOU,CHE,MUN,MUN,2.33,2.4,3.0,3.0,2.67,2.5455,0.1512
4,2+1+1+1,BOU-BOU-CHE-MUN-SUN,BOU,BOU,CHE,MUN,SUN,2.33,2.4,3.0,3.0,2.67,2.5455,0.1512
3,2+2+1,BOU-BOU-CHE-SUN-SUN,BOU,BOU,CHE,SUN,SUN,2.33,2.4,3.0,3.0,2.67,2.5455,0.1512
4,2+1+1+1,BOU-CHE-FUL-MUN-MUN,BOU,CHE,FUL,MUN,MUN,2.33,2.4,3.0,3.0,2.67,2.5455,0.1512
4,2+1+1+1,BOU-CHE-MUN-MUN-NEW,BOU,CHE,MUN,MUN,NEW,2.33,2.4,3.0,3.0,2.67,2.5455,0.1512
5,1+1+1+1+1,BOU-CHE-MUN-NEW-SUN,BOU,CHE,MUN,NEW,SUN,2.33,2.4,3.0,3.0,2.67,2.5455,0.1512
4,2+1+1+1,BOU-CHE-NEW-SUN-SUN,BOU,CHE,NEW,SUN,SUN,2.33,2.4,3.0,3.0,2.67,2.5455,0.1512
3,2+2+1,CHE-FUL-FUL-MUN-MUN,CHE,FUL,FUL,MUN,MUN,2.33,2.4,3.0,3.0,2.67,2.5455,0.1512
4,2+1+1+1,CHE-FUL-MUN-MUN-NEW,CHE,FUL,MUN,MUN,NEW,2.33,2.4,3.0,3.0,2.67,2.5455,0.1512
3,2+2+1,CHE-MUN-MUN-NEW-NEW,CHE,MUN,MUN,NEW,NEW,2.33,2.4,3.0,3.0,2.67,2.5455,0.1512
4,2+1+1+1,CHE-MUN-NEW-NEW-SUN,CHE,MUN,NEW,NEW,SUN,2.33,2.4,3.0,3.0,2.67,2.5455,0.1512
3,2+2+1,CHE-NEW-NEW-SUN-SUN,CHE,NEW,NEW,SUN,SUN,2.33,2.4,3.0,3.0,2.67,2.5455,0.1512
4,2+1+1+1,BOU-CHE-LEE-MUN-MUN,BOU,CHE,LEE,MUN,MUN,2.33,2.4,3.0,3.0,2.67,2.5455,0.1701
5,1+1+1+1+1,BOU-CHE-LEE-MUN-SUN,BOU,CHE,LEE,MUN,SUN,2.33,2.4,3.0,3.0,2.67,2.5455,0.1701
4,2+1+1+1,BOU-CHE-LEE-SUN-SUN,BOU,CHE,LEE,SUN,SUN,2.33,2.4,3.0,3.0,2.67,2.5455,0.1701
4,2+1+1+1,CHE-FUL-LEE-MUN-MUN,CHE,FUL,LEE,MUN,MUN,2.33,2.4,3.0,3.0,2.67,2.5455,0.1701
4,2+1+1+1,CHE-LEE-MUN-MUN-NEW,CHE,LEE,MUN,MUN,NEW,2.33,2.4,3.0,3.0,2.67,2.5455,0.1701
5,1+1+1+1+1,CHE-LEE-MUN-NEW-SUN,CHE,LEE,MUN,NEW,SUN,2.33,2.4,3.0,3.0,2.67,2.5455,0.1701
4,2+1+1+1,CHE-LEE-NEW-SUN-SUN,CHE,LEE,NEW,SUN,SUN,2.33,2.4,3.0,3.0,2.67,2.5455,0.1701
3,2+2+1,BRE-BRE-HUL-TOT-TOT,BRE,BRE,HUL,TOT,TOT,3.0,2.4,3.0,2.33,2.67,2.5455,0.1732
4,2+1+1+1,BRE-HUL-LIV-TOT-TOT,BRE,HUL,LIV,TOT,TOT,3.0,2.4,3.0,2.33,2.67,2.5455,0.1732
4,2+1+1+1,BRE-HUL-MCI-TOT-TOT,BRE,HUL,MCI,TOT,TOT,3.0,2.4,3.0,2.33,2.67,2.5455,0.1732
3,2+2+1,HUL-LIV-LIV-TOT-TOT,HUL,LIV,LIV,TOT,TOT,3.0,2.4,3.0,2.33,2.67,2.5455,0.1732
4,2+1+1+1,HUL-LIV-MCI-TOT-TOT,HUL,LIV,MCI,TOT,TOT,3.0,2.4,3.0,2.33,2.67,2.5455,0.1732
3,2+2+1,HUL-MCI-MCI-TOT-TOT,HUL,MCI,MCI,TOT,TOT,3.0,2.4,3.0,2.33,2.67,2.5455,0.1732
3,2+2+1,BOU-BOU-MUN-MUN-TOT,BOU,BOU,MUN,MUN,TOT,2.33,2.4,3.0,3.0,2.67,2.5455,0.2
4,2+1+1+1,BOU-BOU-MUN-TOT-SUN,BOU,BOU,MUN,TOT,SUN,2.33,2.4,3.0,3.0,2.67,2.5455,0.2
3,2+2+1,BOU-BOU-TOT-SUN-SUN,BOU,BOU,TOT,SUN,SUN,2.33,2.4,3.0,3.0,2.67,2.5455,0.2
4,2+1+1+1,BOU-FUL-MUN-MUN-TOT,BOU,FUL,MUN,MUN,TOT,2.33,2.4,3.0,3.0,2.67,2.5455,0.2
3,2+2+1,FUL-FUL-MUN-MUN-TOT,FUL,FUL,MUN,MUN,TOT,2.33,2.4,3.0,3.0,2.67,2.5455,0.2
3,2+2+1,HUL-LEE-LEE-MUN-MUN,HUL,LEE,LEE,MUN,MUN,2.33,2.4,3.0,3.0,2.67,2.5455,0.2
4,2+1+1+1,HUL-LEE-LEE-MUN-SUN,HUL,LEE,LEE,MUN,SUN,2.33,2.4,3.0,3.0,2.67,2.5455,0.2
3,2+2+1,HUL-LEE-LEE-SUN-SUN,HUL,LEE,LEE,SUN,SUN,2.33,2.4,3.0,3.0,2.67,2.5455,0.2
4,2+1+1+1,EVE-FUL-HUL-MUN-MUN,EVE,FUL,HUL,MUN,MUN,2.33,2.4,3.0,3.0,2.67,2.5455,0.2366
4,2+1+1+1,EVE-HUL-MUN-MUN-NEW,EVE,HUL,MUN,MUN,NEW,2.33,2.4,3.0,3.0,2.67,2.5455,0.2366
5,1+1+1+1+1,EVE-HUL-MUN-NEW-SUN,EVE,HUL,MUN,NEW,SUN,2.33,2.4,3.0,3.0,2.67,2.5455,0.2366
4,2+1+1+1,EVE-HUL-NEW-SUN-SUN,EVE,HUL,NEW,SUN,SUN,2.33,2.4,3.0,3.0,2.67,2.5455,0.2366
3,2+2+1,BRE-BRE-HUL-HUL-TOT,BRE,BRE,HUL,HUL,TOT,3.0,2.4,3.0,2.33,2.67,2.5455,0.2732
4,2+1+1+1,BRE-HUL-HUL-LIV-TOT,BRE,HUL,HUL,LIV,TOT,3.0,2.4,3.0,2.33,2.67,2.5455,0.2732
4,2+1+1+1,BRE-HUL-HUL-MCI-TOT,BRE,HUL,HUL,MCI,TOT,3.0,2.4,3.0,2.33,2.67,2.5455,0.2732
3,2+2+1,HUL-HUL-LIV-LIV-TOT,HUL,HUL,LIV,LIV,TOT,3.0,2.4,3.0,2.33,2.67,2.5455,0.2732
4,2+1+1+1,HUL-HUL-LIV-MCI-TOT,HUL,HUL,LIV,MCI,TOT,3.0,2.4,3.0,2.33,2.67,2.5455,0.2732
3,2+2+1,HUL-HUL-MCI-MCI-TOT,HUL,HUL,MCI,MCI,TOT,3.0,2.4,3.0,2.33,2.67,2.5455,0.2732
3,2+2+1,COV-LEE-LEE-MUN-MUN,COV,LEE,LEE,MUN,MUN,2.33,2.4,3.0,3.0,2.67,2.5455,0.3
4,2+1+1+1,COV-LEE-LEE-MUN-SUN,COV,LEE,LEE,MUN,SUN,2.33,2.4,3.0,3.0,2.67,2.5455,0.3
3,2+2+1,COV-LEE-LEE-SUN-SUN,COV,LEE,LEE,SUN,SUN,2.33,2.4,3.0,3.0,2.67,2.5455,0.3
4,2+1+1+1,EVE-HUL-LEE-MUN-MUN,EVE,HUL,LEE,MUN,MUN,2.33,2.4,3.0,3.0,2.67,2.5455,0.3
5,1+1+1+1+1,EVE-HUL-LEE-MUN-SUN,EVE,HUL,LEE,MUN,SUN,2.33,2.4,3.0,3.0,2.67,2.5455,0.3
4,2+1+1+1,EVE-HUL-LEE-SUN-SUN,EVE,HUL,LEE,SUN,SUN,2.33,2.4,3.0,3.0,2.67,2.5455,0.3
3,2+2+1,LEE-LEE-MUN-MUN-TOT,LEE,LEE,MUN,MUN,TOT,2.33,2.4,3.0,3.0,2.67,2.5455,0.3
4,2+1+1+1,LEE-LEE-MUN-TOT-SUN,LEE,LEE,MUN,TOT,SUN,2.33,2.4,3.0,3.0,2.67,2.5455,0.3
3,2+2+1,LEE-LEE-TOT-SUN-SUN,LEE,LEE,TOT,SUN,SUN,2.33,2.4,3.0,3.0,2.67,2.5455,0.3
4,2+1+1+1,COV-EVE-FUL-MUN-MUN,COV,EVE,FUL,MUN,MUN,2.33,2.4,3.0,3.0,2.67,2.5455,0.35
4,2+1+1+1,COV-EVE-MUN-MUN-NEW,COV,EVE,MUN,MUN,NEW,2.33,2.4,3.0,3.0,2.67,2.5455,0.35
5,1+1+1+1+1,COV-EVE-MUN-NEW-SUN,COV,EVE,MUN,NEW,SUN,2.33,2.4,3.0,3.0,2.67,2.5455,0.35
4,2+1+1+1,COV-EVE-NEW-SUN-SUN,COV,EVE,NEW,SUN,SUN,2.33,2.4,3.0,3.0,2.67,2.5455,0.35
4,2+1+1+1,EVE-FUL-MUN-MUN-TOT,EVE,FUL,MUN,MUN,TOT,2.33,2.4,3.0,3.0,2.67,2.5455,0.35
3,2+2+1,CHE-LEE-LEE-MUN-MUN,CHE,LEE,LEE,MUN,MUN,2.33,2.4,3.0,3.0,2.67,2.5455,0.389
4,2+1+1+1,CHE-LEE-LEE-MUN-SUN,CHE,LEE,LEE,MUN,SUN,2.33,2.4,3.0,3.0,2.67,2.5455,0.389
3,2+2+1,CHE-LEE-LEE-SUN-SUN,CHE,LEE,LEE,SUN,SUN,2.33,2.4,3.0,3.0,2.67,2.5455,0.389
4,2+1+1+1,CHE-EVE-FUL-MUN-MUN,CHE,EVE,FUL,MUN,MUN,2.33,2.4,3.0,3.0,2.67,2.5455,0.4146
4,2+1+1+1,CHE-EVE-MUN-MUN-NEW,CHE,EVE,MUN,MUN,NEW,2.33,2.4,3.0,3.0,2.67,2.5455,0.4146
5,1+1+1+1+1,CHE-EVE-MUN-NEW-SUN,CHE,EVE,MUN,NEW,SUN,2.33,2.4,3.0,3.0,2.67,2.5455,0.4146
4,2+1+1+1,CHE-EVE-NEW-SUN-SUN,CHE,EVE,NEW,SUN,SUN,2.33,2.4,3.0,3.0,2.67,2.5455,0.4146
4,2+1+1+1,COV-EVE-LEE-MUN-MUN,COV,EVE,LEE,MUN,MUN,2.33,2.4,3.0,3.0,2.67,2.5455,0.45
5,1+1+1+1+1,COV-EVE-LEE-MUN-SUN,COV,EVE,LEE,MUN,SUN,2.33,2.4,3.0,3.0,2.67,2.5455,0.45
4,2+1+1+1,COV-EVE-LEE-SUN-SUN,COV,EVE,LEE,SUN,SUN,2.33,2.4,3.0,3.0,2.67,2.5455,0.45
4,2+1+1+1,EVE-LEE-MUN-MUN-TOT,EVE,LEE,MUN,MUN,TOT,2.33,2.4,3.0,3.0,2.67,2.5455,0.45
5,1+1+1+1+1,EVE-LEE-MUN-TOT-SUN,EVE,LEE,MUN,TOT,SUN,2.33,2.4,3.0,3.0,2.67,2.5455,0.45
4,2+1+1+1,EVE-LEE-TOT-SUN-SUN,EVE,LEE,TOT,SUN,SUN,2.33,2.4,3.0,3.0,2.67,2.5455,0.45
4,2+1+1+1,CHE-EVE-LEE-MUN-MUN,CHE,EVE,LEE,MUN,MUN,2.33,2.4,3.0,3.0,2.67,2.5455,0.5835
5,1+1+1+1+1,CHE-EVE-LEE-MUN-SUN,CHE,EVE,LEE,MUN,SUN,2.33,2.4,3.0,3.0,2.67,2.5455,0.5835
4,2+1+1+1,CHE-EVE-LEE-SUN-SUN,CHE,EVE,LEE,SUN,SUN,2.33,2.4,3.0,3.0,2.67,2.5455,0.5835
3,2+2+1,EVE-EVE-HUL-MUN-MUN,EVE,EVE,HUL,MUN,MUN,2.33,2.4,3.0,3.0,2.67,2.5455,0.6
4,2+1+1+1,EVE-EVE-HUL-MUN-SUN,EVE,EVE,HUL,MUN,SUN,2.33,2.4,3.0,3.0,2.67,2.5455,0.6
3,2+2+1,EVE-EVE-HUL-SUN-SUN,EVE,EVE,HUL,SUN,SUN,2.33,2.4,3.0,3.0,2.67,2.5455,0.6
3,2+2+1,EVE-EVE-MUN-MUN-TOT,EVE,EVE,MUN,MUN,TOT,2.33,2.4,3.0,3.0,2.67,2.5455,0.8
4,2+1+1+1,EVE-EVE-MUN-TOT-SUN,EVE,EVE,MUN,TOT,SUN,2.33,2.4,3.0,3.0,2.67,2.5455,0.8
3,2+2+1,EVE-EVE-TOT-SUN-SUN,EVE,EVE,TOT,SUN,SUN,2.33,2.4,3.0,3.0,2.67,2.5455,0.8
4,2+1+1+1,BRE-BRE-CHE-EVE-MUN,BRE,BRE,CHE,EVE,MUN,2.67,2.6,3.0,2.33,2.5,2.5455,-0.2
4,2+1+1+1,BRE-BRE-CHE-EVE-SUN,BRE,BRE,CHE,EVE,SUN,2.67,2.6,3.0,2.33,2.5,2.5455,-0.2
4,2+1+1+1,BRE-BRE-COV-EVE-MUN,BRE,BRE,COV,EVE,MUN,2.67,2.6,3.0,2.33,2.5,2.5455,-0.2
4,2+1+1+1,BRE-BRE-COV-EVE-SUN,BRE,BRE,COV,EVE,SUN,2.67,2.6,3.0,2.33,2.5,2.5455,-0.2
4,2+1+1+1,BRE-BRE-EVE-HUL-MUN,BRE,BRE,EVE,HUL,MUN,2.67,2.6,3.0,2.33,2.5,2.5455,-0.2
4,2+1+1+1,BRE-BRE-EVE-HUL-SUN,BRE,BRE,EVE,HUL,SUN,2.67,2.6,3.0,2.33,2.5,2.5455,-0.2
4,2+1+1+1,BRE-BRE-EVE-MUN-TOT,BRE,BRE,EVE,MUN,TOT,2.67,2.6,3.0,2.33,2.5,2.5455,-0.2
4,2+1+1+1,BRE-BRE-EVE-TOT-SUN,BRE,BRE,EVE,TOT,SUN,2.67,2.6,3.0,2.33,2.5,2.5455,-0.2
5,1+1+1+1+1,BRE-CHE-EVE-LIV-MUN,BRE,CHE,EVE,LIV,MUN,2.67,2.6,3.0,2.33,2.5,2.5455,-0.2
5,1+1+1+1+1,BRE-CHE-EVE-LIV-SUN,BRE,CHE,EVE,LIV,SUN,2.67,2.6,3.0,2.33,2.5,2.5455,-0.2
5,1+1+1+1+1,BRE-CHE-EVE-MCI-MUN,BRE,CHE,EVE,MCI,MUN,2.67,2.6,3.0,2.33,2.5,2.5455,-0.2
5,1+1+1+1+1,BRE-CHE-EVE-MCI-SUN,BRE,CHE,EVE,MCI,SUN,2.67,2.6,3.0,2.33,2.5,2.5455,-0.2
5,1+1+1+1+1,BRE-COV-EVE-LIV-MUN,BRE,COV,EVE,LIV,MUN,2.67,2.6,3.0,2.33,2.5,2.5455,-0.2
5,1+1+1+1+1,BRE-COV-EVE-LIV-SUN,BRE,COV,EVE,LIV,SUN,2.67,2.6,3.0,2.33,2.5,2.5455,-0.2
5,1+1+1+1+1,BRE-COV-EVE-MCI-MUN,BRE,COV,EVE,MCI,MUN,2.67,2.6,3.0,2.33,2.5,2.5455,-0.2
5,1+1+1+1+1,BRE-COV-EVE-MCI-SUN,BRE,COV,EVE,MCI,SUN,2.67,2.6,3.0,2.33,2.5,2.5455,-0.2
5,1+1+1+1+1,BRE-EVE-HUL-LIV-MUN,BRE,EVE,HUL,LIV,MUN,2.67,2.6,3.0,2.33,2.5,2.5455,-0.2
5,1+1+1+1+1,BRE-EVE-HUL-LIV-SUN,BRE,EVE,HUL,LIV,SUN,2.67,2.6,3.0,2.33,2.5,2.5455,-0.2
5,1+1+1+1+1,BRE-EVE-HUL-MCI-MUN,BRE,EVE,HUL,MCI,MUN,2.67,2.6,3.0,2.33,2.5,2.5455,-0.2
5,1+1+1+1+1,BRE-EVE-HUL-MCI-SUN,BRE,EVE,HUL,MCI,SUN,2.67,2.6,3.0,2.33,2.5,2.5455,-0.2
5,1+1+1+1+1,BRE-EVE-LIV-MUN-TOT,BRE,EVE,LIV,MUN,TOT,2.67,2.6,3.0,2.33,2.5,2.5455,-0.2
5,1+1+1+1+1,BRE-EVE-LIV-TOT-SUN,BRE,EVE,LIV,TOT,SUN,2.67,2.6,3.0,2.33,2.5,2.5455,-0.2
5,1+1+1+1+1,BRE-EVE-MCI-MUN-TOT,BRE,EVE,MCI,MUN,TOT,2.67,2.6,3.0,2.33,2.5,2.5455,-0.2
5,1+1+1+1+1,BRE-EVE-MCI-TOT-SUN,BRE,EVE,MCI,TOT,SUN,2.67,2.6,3.0,2.33,2.5,2.5455,-0.2
4,2+1+1+1,CHE-EVE-LIV-LIV-MUN,CHE,EVE,LIV,LIV,MUN,2.67,2.6,3.0,2.33,2.5,2.5455,-0.2
4,2+1+1+1,CHE-EVE-LIV-LIV-SUN,CHE,EVE,LIV,LIV,SUN,2.67,2.6,3.0,2.33,2.5,2.5455,-0.2
5,1+1+1+1+1,CHE-EVE-LIV-MCI-MUN,CHE,EVE,LIV,MCI,MUN,2.67,2.6,3.0,2.33,2.5,2.5455,-0.2
5,1+1+1+1+1,CHE-EVE-LIV-MCI-SUN,CHE,EVE,LIV,MCI,SUN,2.67,2.6,3.0,2.33,2.5,2.5455,-0.2
4,2+1+1+1,CHE-EVE-MCI-MCI-MUN,CHE,EVE,MCI,MCI,MUN,2.67,2.6,3.0,2.33,2.5,2.5455,-0.2
4,2+1+1+1,CHE-EVE-MCI-MCI-SUN,CHE,EVE,MCI,MCI,SUN,2.67,2.6,3.0,2.33,2.5,2.5455,-0.2
4,2+1+1+1,COV-EVE-LIV-LIV-MUN,COV,EVE,LIV,LIV,MUN,2.67,2.6,3.0,2.33,2.5,2.5455,-0.2
4,2+1+1+1,COV-EVE-LIV-LIV-SUN,COV,EVE,LIV,LIV,SUN,2.67,2.6,3.0,2.33,2.5,2.5455,-0.2
5,1+1+1+1+1,COV-EVE-LIV-MCI-MUN,COV,EVE,LIV,MCI,MUN,2.67,2.6,3.0,2.33,2.5,2.5455,-0.2
5,1+1+1+1+1,COV-EVE-LIV-MCI-SUN,COV,EVE,LIV,MCI,SUN,2.67,2.6,3.0,2.33,2.5,2.5455,-0.2
4,2+1+1+1,COV-EVE-MCI-MCI-MUN,COV,EVE,MCI,MCI,MUN,2.67,2.6,3.0,2.33,2.5,2.5455,-0.2
4,2+1+1+1,COV-EVE-MCI-MCI-SUN,COV,EVE,MCI,MCI,SUN,2.67,2.6,3.0,2.33,2.5,2.5455,-0.2
4,2+1+1+1,EVE-HUL-LIV-LIV-MUN,EVE,HUL,LIV,LIV,MUN,2.67,2.6,3.0,2.33,2.5,2.5455,-0.2
4,2+1+1+1,EVE-HUL-LIV-LIV-SUN,EVE,HUL,LIV,LIV,SUN,2.67,2.6,3.0,2.33,2.5,2.5455,-0.2
5,1+1+1+1+1,EVE-HUL-LIV-MCI-MUN,EVE,HUL,LIV,MCI,MUN,2.67,2.6,3.0,2.33,2.5,2.5455,-0.2
5,1+1+1+1+1,EVE-HUL-LIV-MCI-SUN,EVE,HUL,LIV,MCI,SUN,2.67,2.6,3.0,2.33,2.5,2.5455,-0.2
4,2+1+1+1,EVE-HUL-MCI-MCI-MUN,EVE,HUL,MCI,MCI,MUN,2.67,2.6,3.0,2.33,2.5,2.5455,-0.2
4,2+1+1+1,EVE-HUL-MCI-MCI-SUN,EVE,HUL,MCI,MCI,SUN,2.67,2.6,3.0,2.33,2.5,2.5455,-0.2
4,2+1+1+1,EVE-LIV-LIV-MUN-TOT,EVE,LIV,LIV,MUN,TOT,2.67,2.6,3.0,2.33,2.5,2.5455,-0.2
4,2+1+1+1,EVE-LIV-LIV-TOT-SUN,EVE,LIV,LIV,TOT,SUN,2.67,2.6,3.0,2.33,2.5,2.5455,-0.2
5,1+1+1+1+1,EVE-LIV-MCI-MUN-TOT,EVE,LIV,MCI,MUN,TOT,2.67,2.6,3.0,2.33,2.5,2.5455,-0.2
5,1+1+1+1+1,EVE-LIV-MCI-TOT-SUN,EVE,LIV,MCI,TOT,SUN,2.67,2.6,3.0,2.33,2.5,2.5455,-0.2
4,2+1+1+1,EVE-MCI-MCI-MUN-TOT,EVE,MCI,MCI,MUN,TOT,2.67,2.6,3.0,2.33,2.5,2.5455,-0.2
4,2+1+1+1,EVE-MCI-MCI-TOT-SUN,EVE,MCI,MCI,TOT,SUN,2.67,2.6,3.0,2.33,2.5,2.5455,-0.2
4,2+1+1+1,CHE-LEE-LIV-LIV-MUN,CHE,LEE,LIV,LIV,MUN,2.67,2.6,3.0,2.33,2.5,2.5455,-0.1945
4,2+1+1+1,CHE-LEE-LIV-LIV-SUN,CHE,LEE,LIV,LIV,SUN,2.67,2.6,3.0,2.33,2.5,2.5455,-0.1945
5,1+1+1+1+1,CHE-LEE-LIV-MCI-MUN,CHE,LEE,LIV,MCI,MUN,2.67,2.6,3.0,2.33,2.5,2.5455,-0.1945
5,1+1+1+1+1,CHE-LEE-LIV-MCI-SUN,CHE,LEE,LIV,MCI,SUN,2.67,2.6,3.0,2.33,2.5,2.5455,-0.1945
4,2+1+1+1,CHE-LEE-MCI-MCI-MUN,CHE,LEE,MCI,MCI,MUN,2.67,2.6,3.0,2.33,2.5,2.5455,-0.1945
4,2+1+1+1,CHE-LEE-MCI-MCI-SUN,CHE,LEE,MCI,MCI,SUN,2.67,2.6,3.0,2.33,2.5,2.5455,-0.1945
2,3+2,BRE-BRE-BRE-CHE-CHE,BRE,BRE,BRE,CHE,CHE,3.0,2.6,3.0,2.0,2.5,2.5455,-0.1669
3,2+2+1,BRE-BRE-CHE-CHE-LIV,BRE,BRE,CHE,CHE,LIV,3.0,2.6,3.0,2.0,2.5,2.5455,-0.1669
3,2+2+1,BRE-BRE-CHE-CHE-MCI,BRE,BRE,CHE,CHE,MCI,3.0,2.6,3.0,2.0,2.5,2.5455,-0.1669
3,2+2+1,BRE-CHE-CHE-LIV-LIV,BRE,CHE,CHE,LIV,LIV,3.0,2.6,3.0,2.0,2.5,2.5455,-0.1669
4,2+1+1+1,BRE-CHE-CHE-LIV-MCI,BRE,CHE,CHE,LIV,MCI,3.0,2.6,3.0,2.0,2.5,2.5455,-0.1669
3,2+2+1,BRE-CHE-CHE-MCI-MCI,BRE,CHE,CHE,MCI,MCI,3.0,2.6,3.0,2.0,2.5,2.5455,-0.1669
3,2+2+1,CHE-CHE-LIV-LIV-MCI,CHE,CHE,LIV,LIV,MCI,3.0,2.6,3.0,2.0,2.5,2.5455,-0.1669
3,2+2+1,CHE-CHE-LIV-MCI-MCI,CHE,CHE,LIV,MCI,MCI,3.0,2.6,3.0,2.0,2.5,2.5455,-0.1669
4,2+1+1+1,BOU-BRE-BRE-CHE-MUN,BOU,BRE,BRE,CHE,MUN,2.67,2.6,3.0,2.33,2.5,2.5455,-0.1634
4,2+1+1+1,BOU-BRE-BRE-CHE-SUN,BOU,BRE,BRE,CHE,SUN,2.67,2.6,3.0,2.33,2.5,2.5455,-0.1634
5,1+1+1+1+1,BOU-BRE-CHE-LIV-MUN,BOU,BRE,CHE,LIV,MUN,2.67,2.6,3.0,2.33,2.5,2.5455,-0.1634
5,1+1+1+1+1,BOU-BRE-CHE-LIV-SUN,BOU,BRE,CHE,LIV,SUN,2.67,2.6,3.0,2.33,2.5,2.5455,-0.1634
5,1+1+1+1+1,BOU-BRE-CHE-MCI-MUN,BOU,BRE,CHE,MCI,MUN,2.67,2.6,3.0,2.33,2.5,2.5455,-0.1634
5,1+1+1+1+1,BOU-BRE-CHE-MCI-SUN,BOU,BRE,CHE,MCI,SUN,2.67,2.6,3.0,2.33,2.5,2.5455,-0.1634
4,2+1+1+1,BOU-CHE-LIV-LIV-MUN,BOU,CHE,LIV,LIV,MUN,2.67,2.6,3.0,2.33,2.5,2.5455,-0.1634
4,2+1+1+1,BOU-CHE-LIV-LIV-SUN,BOU,CHE,LIV,LIV,SUN,2.67,2.6,3.0,2.33,2.5,2.5455,-0.1634
5,1+1+1+1+1,BOU-CHE-LIV-MCI-MUN,BOU,CHE,LIV,MCI,MUN,2.67,2.6,3.0,2.33,2.5,2.5455,-0.1634
5,1+1+1+1+1,BOU-CHE-LIV-MCI-SUN,BOU,CHE,LIV,MCI,SUN,2.67,2.6,3.0,2.33,2.5,2.5455,-0.1634
4,2+1+1+1,BOU-CHE-MCI-MCI-MUN,BOU,CHE,MCI,MCI,MUN,2.67,2.6,3.0,2.33,2.5,2.5455,-0.1634
4,2+1+1+1,BOU-CHE-MCI-MCI-SUN,BOU,CHE,MCI,MCI,SUN,2.67,2.6,3.0,2.33,2.5,2.5455,-0.1634
4,2+1+1+1,BRE-BRE-CHE-FUL-MUN,BRE,BRE,CHE,FUL,MUN,2.67,2.6,3.0,2.33,2.5,2.5455,-0.1634
4,2+1+1+1,BRE-BRE-CHE-MUN-NEW,BRE,BRE,CHE,MUN,NEW,2.67,2.6,3.0,2.33,2.5,2.5455,-0.1634
4,2+1+1+1,BRE-BRE-CHE-NEW-SUN,BRE,BRE,CHE,NEW,SUN,2.67,2.6,3.0,2.33,2.5,2.5455,-0.1634
5,1+1+1+1+1,BRE-CHE-FUL-LIV-MUN,BRE,CHE,FUL,LIV,MUN,2.67,2.6,3.0,2.33,2.5,2.5455,-0.1634
5,1+1+1+1+1,BRE-CHE-FUL-MCI-MUN,BRE,CHE,FUL,MCI,MUN,2.67,2.6,3.0,2.33,2.5,2.5455,-0.1634
5,1+1+1+1+1,BRE-CHE-LIV-MUN-NEW,BRE,CHE,LIV,MUN,NEW,2.67,2.6,3.0,2.33,2.5,2.5455,-0.1634
5,1+1+1+1+1,BRE-CHE-LIV-NEW-SUN,BRE,CHE,LIV,NEW,SUN,2.67,2.6,3.0,2.33,2.5,2.5455,-0.1634
5,1+1+1+1+1,BRE-CHE-MCI-MUN-NEW,BRE,CHE,MCI,MUN,NEW,2.67,2.6,3.0,2.33,2.5,2.5455,-0.1634
5,1+1+1+1+1,BRE-CHE-MCI-NEW-SUN,BRE,CHE,MCI,NEW,SUN,2.67,2.6,3.0,2.33,2.5,2.5455,-0.1634
4,2+1+1+1,CHE-FUL-LIV-LIV-MUN,CHE,FUL,LIV,LIV,MUN,2.67,2.6,3.0,2.33,2.5,2.5455,-0.1634
5,1+1+1+1+1,CHE-FUL-LIV-MCI-MUN,CHE,FUL,LIV,MCI,MUN,2.67,2.6,3.0,2.33,2.5,2.5455,-0.1634
4,2+1+1+1,CHE-FUL-MCI-MCI-MUN,CHE,FUL,MCI,MCI,MUN,2.67,2.6,3.0,2.33,2.5,2.5455,-0.1634
4,2+1+1+1,CHE-LIV-LIV-MUN-NEW,CHE,LIV,LIV,MUN,NEW,2.67,2.6,3.0,2.33,2.5,2.5455,-0.1634
4,2+1+1+1,CHE-LIV-LIV-NEW-SUN,CHE,LIV,LIV,NEW,SUN,2.67,2.6,3.0,2.33,2.5,2.5455,-0.1634
5,1+1+1+1+1,CHE-LIV-MCI-MUN-NEW,CHE,LIV,MCI,MUN,NEW,2.67,2.6,3.0,2.33,2.5,2.5455,-0.1634
5,1+1+1+1+1,CHE-LIV-MCI-NEW-SUN,CHE,LIV,MCI,NEW,SUN,2.67,2.6,3.0,2.33,2.5,2.5455,-0.1634
4,2+1+1+1,CHE-MCI-MCI-MUN-NEW,CHE,MCI,MCI,MUN,NEW,2.67,2.6,3.0,2.33,2.5,2.5455,-0.1634
4,2+1+1+1,CHE-MCI-MCI-NEW-SUN,CHE,MCI,MCI,NEW,SUN,2.67,2.6,3.0,2.33,2.5,2.5455,-0.1634
4,2+1+1+1,BOU-LEE-LIV-MUN-MUN,BOU,LEE,LIV,MUN,MUN,2.33,2.6,3.0,2.67,2.5,2.5455,-0.15
5,1+1+1+1+1,BOU-LEE-LIV-MUN-SUN,BOU,LEE,LIV,MUN,SUN,2.33,2.6,3.0,2.67,2.5,2.5455,-0.15
4,2+1+1+1,BOU-LEE-LIV-SUN-SUN,BOU,LEE,LIV,SUN,SUN,2.33,2.6,3.0,2.67,2.5,2.5455,-0.15
4,2+1+1+1,BOU-LEE-MCI-MUN-MUN,BOU,LEE,MCI,MUN,MUN,2.33,2.6,3.0,2.67,2.5,2.5455,-0.15
5,1+1+1+1+1,BOU-LEE-MCI-MUN-SUN,BOU,LEE,MCI,MUN,SUN,2.33,2.6,3.0,2.67,2.5,2.5455,-0.15
4,2+1+1+1,BOU-LEE-MCI-SUN-SUN,BOU,LEE,MCI,SUN,SUN,2.33,2.6,3.0,2.67,2.5,2.5455,-0.15
4,2+1+1+1,COV-LEE-LIV-LIV-MUN,COV,LEE,LIV,LIV,MUN,2.67,2.6,3.0,2.33,2.5,2.5455,-0.15
4,2+1+1+1,COV-LEE-LIV-LIV-SUN,COV,LEE,LIV,LIV,SUN,2.67,2.6,3.0,2.33,2.5,2.5455,-0.15
5,1+1+1+1+1,COV-LEE-LIV-MCI-MUN,COV,LEE,LIV,MCI,MUN,2.67,2.6,3.0,2.33,2.5,2.5455,-0.15
5,1+1+1+1+1,COV-LEE-LIV-MCI-SUN,COV,LEE,LIV,MCI,SUN,2.67,2.6,3.0,2.33,2.5,2.5455,-0.15
4,2+1+1+1,COV-LEE-MCI-MCI-MUN,COV,LEE,MCI,MCI,MUN,2.67,2.6,3.0,2.33,2.5,2.5455,-0.15
4,2+1+1+1,COV-LEE-MCI-MCI-SUN,COV,LEE,MCI,MCI,SUN,2.67,2.6,3.0,2.33,2.5,2.5455,-0.15
4,2+1+1+1,FUL-LEE-LIV-MUN-MUN,FUL,LEE,LIV,MUN,MUN,2.33,2.6,3.0,2.67,2.5,2.5455,-0.15
4,2+1+1+1,FUL-LEE-MCI-MUN-MUN,FUL,LEE,MCI,MUN,MUN,2.33,2.6,3.0,2.67,2.5,2.5455,-0.15
4,2+1+1+1,LEE-LIV-LIV-MUN-TOT,LEE,LIV,LIV,MUN,TOT,2.67,2.6,3.0,2.33,2.5,2.5455,-0.15
4,2+1+1+1,LEE-LIV-LIV-TOT-SUN,LEE,LIV,LIV,TOT,SUN,2.67,2.6,3.0,2.33,2.5,2.5455,-0.15
5,1+1+1+1+1,LEE-LIV-MCI-MUN-TOT,LEE,LIV,MCI,MUN,TOT,2.67,2.6,3.0,2.33,2.5,2.5455,-0.15
5,1+1+1+1+1,LEE-LIV-MCI-TOT-SUN,LEE,LIV,MCI,TOT,SUN,2.67,2.6,3.0,2.33,2.5,2.5455,-0.15
4,2+1+1+1,LEE-LIV-MUN-MUN-NEW,LEE,LIV,MUN,MUN,NEW,2.33,2.6,3.0,2.67,2.5,2.5455,-0.15
5,1+1+1+1+1,LEE-LIV-MUN-NEW-SUN,LEE,LIV,MUN,NEW,SUN,2.33,2.6,3.0,2.67,2.5,2.5455,-0.15
4,2+1+1+1,LEE-LIV-NEW-SUN-SUN,LEE,LIV,NEW,SUN,SUN,2.33,2.6,3.0,2.67,2.5,2.5455,-0.15
4,2+1+1+1,LEE-MCI-MCI-MUN-TOT,LEE,MCI,MCI,MUN,TOT,2.67,2.6,3.0,2.33,2.5,2.5455,-0.15
4,2+1+1+1,LEE-MCI-MCI-TOT-SUN,LEE,MCI,MCI,TOT,SUN,2.67,2.6,3.0,2.33,2.5,2.5455,-0.15
4,2+1+1+1,LEE-MCI-MUN-MUN-NEW,LEE,MCI,MUN,MUN,NEW,2.33,2.6,3.0,2.67,2.5,2.5455,-0.15
5,1+1+1+1+1,LEE-MCI-MUN-NEW-SUN,LEE,MCI,MUN,NEW,SUN,2.33,2.6,3.0,2.67,2.5,2.5455,-0.15
4,2+1+1+1,LEE-MCI-NEW-SUN-SUN,LEE,MCI,NEW,SUN,SUN,2.33,2.6,3.0,2.67,2.5,2.5455,-0.15
3,2+2+1,BOU-BOU-BRE-MUN-MUN,BOU,BOU,BRE,MUN,MUN,2.33,2.6,3.0,2.67,2.5,2.5455,-0.1
4,2+1+1+1,BOU-BOU-BRE-MUN-SUN,BOU,BOU,BRE,MUN,SUN,2.33,2.6,3.0,2.67,2.5,2.5455,-0.1
3,2+2+1,BOU-BOU-BRE-SUN-SUN,BOU,BOU,BRE,SUN,SUN,2.33,2.6,3.0,2.67,2.5,2.5455,-0.1
3,2+2+1,BOU-BOU-LIV-MUN-MUN,BOU,BOU,LIV,MUN,MUN,2.33,2.6,3.0,2.67,2.5,2.5455,-0.1
4,2+1+1+1,BOU-BOU-LIV-MUN-SUN,BOU,BOU,LIV,MUN,SUN,2.33,2.6,3.0,2.67,2.5,2.5455,-0.1
3,2+2+1,BOU-BOU-LIV-SUN-SUN,BOU,BOU,LIV,SUN,SUN,2.33,2.6,3.0,2.67,2.5,2.5455,-0.1
3,2+2+1,BOU-BOU-MCI-MUN-MUN,BOU,BOU,MCI,MUN,MUN,2.33,2.6,3.0,2.67,2.5,2.5455,-0.1
4,2+1+1+1,BOU-BOU-MCI-MUN-SUN,BOU,BOU,MCI,MUN,SUN,2.33,2.6,3.0,2.67,2.5,2.5455,-0.1
3,2+2+1,BOU-BOU-MCI-SUN-SUN,BOU,BOU,MCI,SUN,SUN,2.33,2.6,3.0,2.67,2.5,2.5455,-0.1
4,2+1+1+1,BOU-BRE-FUL-MUN-MUN,BOU,BRE,FUL,MUN,MUN,2.33,2.6,3.0,2.67,2.5,2.5455,-0.1
4,2+1+1+1,BOU-BRE-MUN-MUN-NEW,BOU,BRE,MUN,MUN,NEW,2.33,2.6,3.0,2.67,2.5,2.5455,-0.1
5,1+1+1+1+1,BOU-BRE-MUN-NEW-SUN,BOU,BRE,MUN,NEW,SUN,2.33,2.6,3.0,2.67,2.5,2.5455,-0.1
4,2+1+1+1,BOU-BRE-NEW-SUN-SUN,BOU,BRE,NEW,SUN,SUN,2.33,2.6,3.0,2.67,2.5,2.5455,-0.1
4,2+1+1+1,BOU-FUL-LIV-MUN-MUN,BOU,FUL,LIV,MUN,MUN,2.33,2.6,3.0,2.67,2.5,2.5455,-0.1
4,2+1+1+1,BOU-FUL-MCI-MUN-MUN,BOU,FUL,MCI,MUN,MUN,2.33,2.6,3.0,2.67,2.5,2.5455,-0.1
4,2+1+1+1,BOU-LIV-MUN-MUN-NEW,BOU,LIV,MUN,MUN,NEW,2.33,2.6,3.0,2.67,2.5,2.5455,-0.1
5,1+1+1+1+1,BOU-LIV-MUN-NEW-SUN,BOU,LIV,MUN,NEW,SUN,2.33,2.6,3.0,2.67,2.5,2.5455,-0.1
4,2+1+1+1,BOU-LIV-NEW-SUN-SUN,BOU,LIV,NEW,SUN,SUN,2.33,2.6,3.0,2.67,2.5,2.5455,-0.1
4,2+1+1+1,BOU-MCI-MUN-MUN-NEW,BOU,MCI,MUN,MUN,NEW,2.33,2.6,3.0,2.67,2.5,2.5455,-0.1
5,1+1+1+1+1,BOU-MCI-MUN-NEW-SUN,BOU,MCI,MUN,NEW,SUN,2.33,2.6,3.0,2.67,2.5,2.5455,-0.1
4,2+1+1+1,BOU-MCI-NEW-SUN-SUN,BOU,MCI,NEW,SUN,SUN,2.33,2.6,3.0,2.67,2.5,2.5455,-0.1
4,2+1+1+1,BRE-EVE-FUL-MUN-MUN,BRE,EVE,FUL,MUN,MUN,2.33,2.6,3.0,2.67,2.5,2.5455,-0.1
4,2+1+1+1,BRE-EVE-MUN-MUN-NEW,BRE,EVE,MUN,MUN,NEW,2.33,2.6,3.0,2.67,2.5,2.5455,-0.1
5,1+1+1+1+1,BRE-EVE-MUN-NEW-SUN,BRE,EVE,MUN,NEW,SUN,2.33,2.6,3.0,2.67,2.5,2.5455,-0.1
4,2+1+1+1,BRE-EVE-NEW-SUN-SUN,BRE,EVE,NEW,SUN,SUN,2.33,2.6,3.0,2.67,2.5,2.5455,-0.1
3,2+2+1,BRE-FUL-FUL-MUN-MUN,BRE,FUL,FUL,MUN,MUN,2.33,2.6,3.0,2.67,2.5,2.5455,-0.1
4,2+1+1+1,BRE-FUL-MUN-MUN-NEW,BRE,FUL,MUN,MUN,NEW,2.33,2.6,3.0,2.67,2.5,2.5455,-0.1
3,2+2+1,BRE-MUN-MUN-NEW-NEW,BRE,MUN,MUN,NEW,NEW,2.33,2.6,3.0,2.67,2.5,2.5455,-0.1
4,2+1+1+1,BRE-MUN-NEW-NEW-SUN,BRE,MUN,NEW,NEW,SUN,2.33,2.6,3.0,2.67,2.5,2.5455,-0.1
3,2+2+1,BRE-NEW-NEW-SUN-SUN,BRE,NEW,NEW,SUN,SUN,2.33,2.6,3.0,2.67,2.5,2.5455,-0.1
4,2+1+1+1,EVE-FUL-LIV-MUN-MUN,EVE,FUL,LIV,MUN,MUN,2.33,2.6,3.0,2.67,2.5,2.5455,-0.1
4,2+1+1+1,EVE-FUL-MCI-MUN-MUN,EVE,FUL,MCI,MUN,MUN,2.33,2.6,3.0,2.67,2.5,2.5455,-0.1
4,2+1+1+1,EVE-LIV-MUN-MUN-NEW,EVE,LIV,MUN,MUN,NEW,2.33,2.6,3.0,2.67,2.5,2.5455,-0.1
5,1+1+1+1+1,EVE-LIV-MUN-NEW-SUN,EVE,LIV,MUN,NEW,SUN,2.33,2.6,3.0,2.67,2.5,2.5455,-0.1
4,2+1+1+1,EVE-LIV-NEW-SUN-SUN,EVE,LIV,NEW,SUN,SUN,2.33,2.6,3.0,2.67,2.5,2.5455,-0.1
4,2+1+1+1,EVE-MCI-MUN-MUN-NEW,EVE,MCI,MUN,MUN,NEW,2.33,2.6,3.0,2.67,2.5,2.5455,-0.1
5,1+1+1+1+1,EVE-MCI-MUN-NEW-SUN,EVE,MCI,MUN,NEW,SUN,2.33,2.6,3.0,2.67,2.5,2.5455,-0.1
4,2+1+1+1,EVE-MCI-NEW-SUN-SUN,EVE,MCI,NEW,SUN,SUN,2.33,2.6,3.0,2.67,2.5,2.5455,-0.1
3,2+2+1,FUL-FUL-LIV-MUN-MUN,FUL,FUL,LIV,MUN,MUN,2.33,2.6,3.0,2.67,2.5,2.5455,-0.1
3,2+2+1,FUL-FUL-MCI-MUN-MUN,FUL,FUL,MCI,MUN,MUN,2.33,2.6,3.0,2.67,2.5,2.5455,-0.1
4,2+1+1+1,FUL-LIV-MUN-MUN-NEW,FUL,LIV,MUN,MUN,NEW,2.33,2.6,3.0,2.67,2.5,2.5455,-0.1
4,2+1+1+1,FUL-MCI-MUN-MUN-NEW,FUL,MCI,MUN,MUN,NEW,2.33,2.6,3.0,2.67,2.5,2.5455,-0.1
4,2+1+1+1,HUL-LEE-LIV-LIV-MUN,HUL,LEE,LIV,LIV,MUN,2.67,2.6,3.0,2.33,2.5,2.5455,-0.1
4,2+1+1+1,HUL-LEE-LIV-LIV-SUN,HUL,LEE,LIV,LIV,SUN,2.67,2.6,3.0,2.33,2.5,2.5455,-0.1
5,1+1+1+1+1,HUL-LEE-LIV-MCI-MUN,HUL,LEE,LIV,MCI,MUN,2.67,2.6,3.0,2.33,2.5,2.5455,-0.1
5,1+1+1+1+1,HUL-LEE-LIV-MCI-SUN,HUL,LEE,LIV,MCI,SUN,2.67,2.6,3.0,2.33,2.5,2.5455,-0.1
4,2+1+1+1,HUL-LEE-MCI-MCI-MUN,HUL,LEE,MCI,MCI,MUN,2.67,2.6,3.0,2.33,2.5,2.5455,-0.1
4,2+1+1+1,HUL-LEE-MCI-MCI-SUN,HUL,LEE,MCI,MCI,SUN,2.67,2.6,3.0,2.33,2.5,2.5455,-0.1
3,2+2+1,LIV-MUN-MUN-NEW-NEW,LIV,MUN,MUN,NEW,NEW,2.33,2.6,3.0,2.67,2.5,2.5455,-0.1
4,2+1+1+1,LIV-MUN-NEW-NEW-SUN,LIV,MUN,NEW,NEW,SUN,2.33,2.6,3.0,2.67,2.5,2.5455,-0.1
3,2+2+1,LIV-NEW-NEW-SUN-SUN,LIV,NEW,NEW,SUN,SUN,2.33,2.6,3.0,2.67,2.5,2.5455,-0.1
3,2+2+1,MCI-MUN-MUN-NEW-NEW,MCI,MUN,MUN,NEW,NEW,2.33,2.6,3.0,2.67,2.5,2.5455,-0.1
4,2+1+1+1,MCI-MUN-NEW-NEW-SUN,MCI,MUN,NEW,NEW,SUN,2.33,2.6,3.0,2.67,2.5,2.5455,-0.1
3,2+2+1,MCI-NEW-NEW-SUN-SUN,MCI,NEW,NEW,SUN,SUN,2.33,2.6,3.0,2.67,2.5,2.5455,-0.1
3,3+1+1,BRE-BRE-BRE-CHE-COV,BRE,BRE,BRE,CHE,COV,3.0,2.6,3.0,2.0,2.5,2.5455,-0.0579
3,3+1+1,BRE-BRE-BRE-CHE-TOT,BRE,BRE,BRE,CHE,TOT,3.0,2.6,3.0,2.0,2.5,2.5455,-0.0579
4,2+1+1+1,BRE-BRE-CHE-COV-LIV,BRE,BRE,CHE,COV,LIV,3.0,2.6,3.0,2.0,2.5,2.5455,-0.0579
4,2+1+1+1,BRE-BRE-CHE-COV-MCI,BRE,BRE,CHE,COV,MCI,3.0,2.6,3.0,2.0,2.5,2.5455,-0.0579
4,2+1+1+1,BRE-BRE-CHE-LIV-TOT,BRE,BRE,CHE,LIV,TOT,3.0,2.6,3.0,2.0,2.5,2.5455,-0.0579
4,2+1+1+1,BRE-BRE-CHE-MCI-TOT,BRE,BRE,CHE,MCI,TOT,3.0,2.6,3.0,2.0,2.5,2.5455,-0.0579
4,2+1+1+1,BRE-CHE-COV-LIV-LIV,BRE,CHE,COV,LIV,LIV,3.0,2.6,3.0,2.0,2.5,2.5455,-0.0579
5,1+1+1+1+1,BRE-CHE-COV-LIV-MCI,BRE,CHE,COV,LIV,MCI,3.0,2.6,3.0,2.0,2.5,2.5455,-0.0579
4,2+1+1+1,BRE-CHE-COV-MCI-MCI,BRE,CHE,COV,MCI,MCI,3.0,2.6,3.0,2.0,2.5,2.5455,-0.0579
4,2+1+1+1,BRE-CHE-LIV-LIV-TOT,BRE,CHE,LIV,LIV,TOT,3.0,2.6,3.0,2.0,2.5,2.5455,-0.0579
5,1+1+1+1+1,BRE-CHE-LIV-MCI-TOT,BRE,CHE,LIV,MCI,TOT,3.0,2.6,3.0,2.0,2.5,2.5455,-0.0579
4,2+1+1+1,BRE-CHE-MCI-MCI-TOT,BRE,CHE,MCI,MCI,TOT,3.0,2.6,3.0,2.0,2.5,2.5455,-0.0579
4,2+1+1+1,CHE-COV-LIV-LIV-MCI,CHE,COV,LIV,LIV,MCI,3.0,2.6,3.0,2.0,2.5,2.5455,-0.0579
4,2+1+1+1,CHE-COV-LIV-MCI-MCI,CHE,COV,LIV,MCI,MCI,3.0,2.6,3.0,2.0,2.5,2.5455,-0.0579
4,2+1+1+1,CHE-LIV-LIV-MCI-TOT,CHE,LIV,LIV,MCI,TOT,3.0,2.6,3.0,2.0,2.5,2.5455,-0.0579
4,2+1+1+1,CHE-LIV-MCI-MCI-TOT,CHE,LIV,MCI,MCI,TOT,3.0,2.6,3.0,2.0,2.5,2.5455,-0.0579
4,2+1+1+1,BOU-BRE-BRE-COV-MUN,BOU,BRE,BRE,COV,MUN,2.67,2.6,3.0,2.33,2.5,2.5455,-0.05
4,2+1+1+1,BOU-BRE-BRE-COV-SUN,BOU,BRE,BRE,COV,SUN,2.67,2.6,3.0,2.33,2.5,2.5455,-0.05
4,2+1+1+1,BOU-BRE-BRE-MUN-TOT,BOU,BRE,BRE,MUN,TOT,2.67,2.6,3.0,2.33,2.5,2.5455,-0.05
4,2+1+1+1,BOU-BRE-BRE-TOT-SUN,BOU,BRE,BRE,TOT,SUN,2.67,2.6,3.0,2.33,2.5,2.5455,-0.05
5,1+1+1+1+1,BOU-BRE-COV-LIV-MUN,BOU,BRE,COV,LIV,MUN,2.67,2.6,3.0,2.33,2.5,2.5455,-0.05
5,1+1+1+1+1,BOU-BRE-COV-LIV-SUN,BOU,BRE,COV,LIV,SUN,2.67,2.6,3.0,2.33,2.5,2.5455,-0.05
5,1+1+1+1+1,BOU-BRE-COV-MCI-MUN,BOU,BRE,COV,MCI,MUN,2.67,2.6,3.0,2.33,2.5,2.5455,-0.05
5,1+1+1+1+1,BOU-BRE-COV-MCI-SUN,BOU,BRE,COV,MCI,SUN,2.67,2.6,3.0,2.33,2.5,2.5455,-0.05
5,1+1+1+1+1,BOU-BRE-LIV-MUN-TOT,BOU,BRE,LIV,MUN,TOT,2.67,2.6,3.0,2.33,2.5,2.5455,-0.05
5,1+1+1+1+1,BOU-BRE-LIV-TOT-SUN,BOU,BRE,LIV,TOT,SUN,2.67,2.6,3.0,2.33,2.5,2.5455,-0.05
5,1+1+1+1+1,BOU-BRE-MCI-MUN-TOT,BOU,BRE,MCI,MUN,TOT,2.67,2.6,3.0,2.33,2.5,2.5455,-0.05
5,1+1+1+1+1,BOU-BRE-MCI-TOT-SUN,BOU,BRE,MCI,TOT,SUN,2.67,2.6,3.0,2.33,2.5,2.5455,-0.05
4,2+1+1+1,BOU-COV-LIV-LIV-MUN,BOU,COV,LIV,LIV,MUN,2.67,2.6,3.0,2.33,2.5,2.5455,-0.05
4,2+1+1+1,BOU-COV-LIV-LIV-SUN,BOU,COV,LIV,LIV,SUN,2.67,2.6,3.0,2.33,2.5,2.5455,-0.05
5,1+1+1+1+1,BOU-COV-LIV-MCI-MUN,BOU,COV,LIV,MCI,MUN,2.67,2.6,3.0,2.33,2.5,2.5455,-0.05
5,1+1+1+1+1,BOU-COV-LIV-MCI-SUN,BOU,COV,LIV,MCI,SUN,2.67,2.6,3.0,2.33,2.5,2.5455,-0.05
4,2+1+1+1,BOU-COV-MCI-MCI-MUN,BOU,COV,MCI,MCI,MUN,2.67,2.6,3.0,2.33,2.5,2.5455,-0.05
4,2+1+1+1,BOU-COV-MCI-MCI-SUN,BOU,COV,MCI,MCI,SUN,2.67,2.6,3.0,2.33,2.5,2.5455,-0.05
4,2+1+1+1,BOU-LIV-LIV-MUN-TOT,BOU,LIV,LIV,MUN,TOT,2.67,2.6,3.0,2.33,2.5,2.5455,-0.05
4,2+1+1+1,BOU-LIV-LIV-TOT-SUN,BOU,LIV,LIV,TOT,SUN,2.67,2.6,3.0,2.33,2.5,2.5455,-0.05
5,1+1+1+1+1,BOU-LIV-MCI-MUN-TOT,BOU,LIV,MCI,MUN,TOT,2.67,2.6,3.0,2.33,2.5,2.5455,-0.05
5,1+1+1+1+1,BOU-LIV-MCI-TOT-SUN,BOU,LIV,MCI,TOT,SUN,2.67,2.6,3.0,2.33,2.5,2.5455,-0.05
4,2+1+1+1,BOU-MCI-MCI-MUN-TOT,BOU,MCI,MCI,MUN,TOT,2.67,2.6,3.0,2.33,2.5,2.5455,-0.05
4,2+1+1+1,BOU-MCI-MCI-TOT-SUN,BOU,MCI,MCI,TOT,SUN,2.67,2.6,3.0,2.33,2.5,2.5455,-0.05
4,2+1+1+1,BRE-BRE-COV-FUL-MUN,BRE,BRE,COV,FUL,MUN,2.67,2.6,3.0,2.33,2.5,2.5455,-0.05
4,2+1+1+1,BRE-BRE-COV-MUN-NEW,BRE,BRE,COV,MUN,NEW,2.67,2.6,3.0,2.33,2.5,2.5455,-0.05
4,2+1+1+1,BRE-BRE-COV-NEW-SUN,BRE,BRE,COV,NEW,SUN,2.67,2.6,3.0,2.33,2.5,2.5455,-0.05
4,2+1+1+1,BRE-BRE-FUL-MUN-TOT,BRE,BRE,FUL,MUN,TOT,2.67,2.6,3.0,2.33,2.5,2.5455,-0.05
5,1+1+1+1+1,BRE-COV-FUL-LIV-MUN,BRE,COV,FUL,LIV,MUN,2.67,2.6,3.0,2.33,2.5,2.5455,-0.05
5,1+1+1+1+1,BRE-COV-FUL-MCI-MUN,BRE,COV,FUL,MCI,MUN,2.67,2.6,3.0,2.33,2.5,2.5455,-0.05
5,1+1+1+1+1,BRE-COV-LIV-MUN-NEW,BRE,COV,LIV,MUN,NEW,2.67,2.6,3.0,2.33,2.5,2.5455,-0.05
5,1+1+1+1+1,BRE-COV-LIV-NEW-SUN,BRE,COV,LIV,NEW,SUN,2.67,2.6,3.0,2.33,2.5,2.5455,-0.05
5,1+1+1+1+1,BRE-COV-MCI-MUN-NEW,BRE,COV,MCI,MUN,NEW,2.67,2.6,3.0,2.33,2.5,2.5455,-0.05
5,1+1+1+1+1,BRE-COV-MCI-NEW-SUN,BRE,COV,MCI,NEW,SUN,2.67,2.6,3.0,2.33,2.5,2.5455,-0.05
5,1+1+1+1+1,BRE-FUL-LIV-MUN-TOT,BRE,FUL,LIV,MUN,TOT,2.67,2.6,3.0,2.33,2.5,2.5455,-0.05
5,1+1+1+1+1,BRE-FUL-MCI-MUN-TOT,BRE,FUL,MCI,MUN,TOT,2.67,2.6,3.0,2.33,2.5,2.5455,-0.05
4,2+1+1+1,COV-FUL-LIV-LIV-MUN,COV,FUL,LIV,LIV,MUN,2.67,2.6,3.0,2.33,2.5,2.5455,-0.05
5,1+1+1+1+1,COV-FUL-LIV-MCI-MUN,COV,FUL,LIV,MCI,MUN,2.67,2.6,3.0,2.33,2.5,2.5455,-0.05
4,2+1+1+1,COV-FUL-MCI-MCI-MUN,COV,FUL,MCI,MCI,MUN,2.67,2.6,3.0,2.33,2.5,2.5455,-0.05
4,2+1+1+1,COV-LIV-LIV-MUN-NEW,COV,LIV,LIV,MUN,NEW,2.67,2.6,3.0,2.33,2.5,2.5455,-0.05
4,2+1+1+1,COV-LIV-LIV-NEW-SUN,COV,LIV,LIV,NEW,SUN,2.67,2.6,3.0,2.33,2.5,2.5455,-0.05
5,1+1+1+1+1,COV-LIV-MCI-MUN-NEW,COV,LIV,MCI,MUN,NEW,2.67,2.6,3.0,2.33,2.5,2.5455,-0.05
5,1+1+1+1+1,COV-LIV-MCI-NEW-SUN,COV,LIV,MCI,NEW,SUN,2.67,2.6,3.0,2.33,2.5,2.5455,-0.05
4,2+1+1+1,COV-MCI-MCI-MUN-NEW,COV,MCI,MCI,MUN,NEW,2.67,2.6,3.0,2.33,2.5,2.5455,-0.05
4,2+1+1+1,COV-MCI-MCI-NEW-SUN,COV,MCI,MCI,NEW,SUN,2.67,2.6,3.0,2.33,2.5,2.5455,-0.05
4,2+1+1+1,FUL-LIV-LIV-MUN-TOT,FUL,LIV,LIV,MUN,TOT,2.67,2.6,3.0,2.33,2.5,2.5455,-0.05
5,1+1+1+1+1,FUL-LIV-MCI-MUN-TOT,FUL,LIV,MCI,MUN,TOT,2.67,2.6,3.0,2.33,2.5,2.5455,-0.05
4,2+1+1+1,FUL-MCI-MCI-MUN-TOT,FUL,MCI,MCI,MUN,TOT,2.67,2.6,3.0,2.33,2.5,2.5455,-0.05
4,2+1+1+1,EVE-LEE-LIV-MUN-MUN,EVE,LEE,LIV,MUN,MUN,2.33,2.6,3.0,2.67,2.5,2.5455,0.0
5,1+1+1+1+1,EVE-LEE-LIV-MUN-SUN,EVE,LEE,LIV,MUN,SUN,2.33,2.6,3.0,2.67,2.5,2.5455,0.0
4,2+1+1+1,EVE-LEE-LIV-SUN-SUN,EVE,LEE,LIV,SUN,SUN,2.33,2.6,3.0,2.67,2.5,2.5455,0.0
4,2+1+1+1,EVE-LEE-MCI-MUN-MUN,EVE,LEE,MCI,MUN,MUN,2.33,2.6,3.0,2.67,2.5,2.5455,0.0
5,1+1+1+1+1,EVE-LEE-MCI-MUN-SUN,EVE,LEE,MCI,MUN,SUN,2.33,2.6,3.0,2.67,2.5,2.5455,0.0
4,2+1+1+1,EVE-LEE-MCI-SUN-SUN,EVE,LEE,MCI,SUN,SUN,2.33,2.6,3.0,2.67,2.5,2.5455,0.0
3,2+2+1,LEE-LEE-LIV-MUN-MUN,LEE,LEE,LIV,MUN,MUN,2.33,2.6,3.0,2.67,2.5,2.5455,0.0
4,2+1+1+1,LEE-LEE-LIV-MUN-SUN,LEE,LEE,LIV,MUN,SUN,2.33,2.6,3.0,2.67,2.5,2.5455,0.0
3,2+2+1,LEE-LEE-LIV-SUN-SUN,LEE,LEE,LIV,SUN,SUN,2.33,2.6,3.0,2.67,2.5,2.5455,0.0
3,2+2+1,LEE-LEE-MCI-MUN-MUN,LEE,LEE,MCI,MUN,MUN,2.33,2.6,3.0,2.67,2.5,2.5455,0.0
4,2+1+1+1,LEE-LEE-MCI-MUN-SUN,LEE,LEE,MCI,MUN,SUN,2.33,2.6,3.0,2.67,2.5,2.5455,0.0
3,2+2+1,LEE-LEE-MCI-SUN-SUN,LEE,LEE,MCI,SUN,SUN,2.33,2.6,3.0,2.67,2.5,2.5455,0.0
4,2+1+1+1,BOU-BRE-BRE-HUL-MUN,BOU,BRE,BRE,HUL,MUN,2.67,2.6,3.0,2.33,2.5,2.5455,0.0366
4,2+1+1+1,BOU-BRE-BRE-HUL-SUN,BOU,BRE,BRE,HUL,SUN,2.67,2.6,3.0,2.33,2.5,2.5455,0.0366
5,1+1+1+1+1,BOU-BRE-HUL-LIV-MUN,BOU,BRE,HUL,LIV,MUN,2.67,2.6,3.0,2.33,2.5,2.5455,0.0366
5,1+1+1+1+1,BOU-BRE-HUL-LIV-SUN,BOU,BRE,HUL,LIV,SUN,2.67,2.6,3.0,2.33,2.5,2.5455,0.0366
5,1+1+1+1+1,BOU-BRE-HUL-MCI-MUN,BOU,BRE,HUL,MCI,MUN,2.67,2.6,3.0,2.33,2.5,2.5455,0.0366
5,1+1+1+1+1,BOU-BRE-HUL-MCI-SUN,BOU,BRE,HUL,MCI,SUN,2.67,2.6,3.0,2.33,2.5,2.5455,0.0366
4,2+1+1+1,BOU-HUL-LIV-LIV-MUN,BOU,HUL,LIV,LIV,MUN,2.67,2.6,3.0,2.33,2.5,2.5455,0.0366
4,2+1+1+1,BOU-HUL-LIV-LIV-SUN,BOU,HUL,LIV,LIV,SUN,2.67,2.6,3.0,2.33,2.5,2.5455,0.0366
5,1+1+1+1+1,BOU-HUL-LIV-MCI-MUN,BOU,HUL,LIV,MCI,MUN,2.67,2.6,3.0,2.33,2.5,2.5455,0.0366
5,1+1+1+1+1,BOU-HUL-LIV-MCI-SUN,BOU,HUL,LIV,MCI,SUN,2.67,2.6,3.0,2.33,2.5,2.5455,0.0366
4,2+1+1+1,BOU-HUL-MCI-MCI-MUN,BOU,HUL,MCI,MCI,MUN,2.67,2.6,3.0,2.33,2.5,2.5455,0.0366
4,2+1+1+1,BOU-HUL-MCI-MCI-SUN,BOU,HUL,MCI,MCI,SUN,2.67,2.6,3.0,2.33,2.5,2.5455,0.0366
4,2+1+1+1,BRE-BRE-FUL-HUL-MUN,BRE,BRE,FUL,HUL,MUN,2.67,2.6,3.0,2.33,2.5,2.5455,0.0366
4,2+1+1+1,BRE-BRE-HUL-MUN-NEW,BRE,BRE,HUL,MUN,NEW,2.67,2.6,3.0,2.33,2.5,2.5455,0.0366
4,2+1+1+1,BRE-BRE-HUL-NEW-SUN,BRE,BRE,HUL,NEW,SUN,2.67,2.6,3.0,2.33,2.5,2.5455,0.0366
5,1+1+1+1+1,BRE-FUL-HUL-LIV-MUN,BRE,FUL,HUL,LIV,MUN,2.67,2.6,3.0,2.33,2.5,2.5455,0.0366
5,1+1+1+1+1,BRE-FUL-HUL-MCI-MUN,BRE,FUL,HUL,MCI,MUN,2.67,2.6,3.0,2.33,2.5,2.5455,0.0366
5,1+1+1+1+1,BRE-HUL-LIV-MUN-NEW,BRE,HUL,LIV,MUN,NEW,2.67,2.6,3.0,2.33,2.5,2.5455,0.0366
5,1+1+1+1+1,BRE-HUL-LIV-NEW-SUN,BRE,HUL,LIV,NEW,SUN,2.67,2.6,3.0,2.33,2.5,2.5455,0.0366
5,1+1+1+1+1,BRE-HUL-MCI-MUN-NEW,BRE,HUL,MCI,MUN,NEW,2.67,2.6,3.0,2.33,2.5,2.5455,0.0366
5,1+1+1+1+1,BRE-HUL-MCI-NEW-SUN,BRE,HUL,MCI,NEW,SUN,2.67,2.6,3.0,2.33,2.5,2.5455,0.0366
4,2+1+1+1,FUL-HUL-LIV-LIV-MUN,FUL,HUL,LIV,LIV,MUN,2.67,2.6,3.0,2.33,2.5,2.5455,0.0366
5,1+1+1+1+1,FUL-HUL-LIV-MCI-MUN,FUL,HUL,LIV,MCI,MUN,2.67,2.6,3.0,2.33,2.5,2.5455,0.0366
4,2+1+1+1,FUL-HUL-MCI-MCI-MUN,FUL,HUL,MCI,MCI,MUN,2.67,2.6,3.0,2.33,2.5,2.5455,0.0366
4,2+1+1+1,HUL-LIV-LIV-MUN-NEW,HUL,LIV,LIV,MUN,NEW,2.67,2.6,3.0,2.33,2.5,2.5455,0.0366
4,2+1+1+1,HUL-LIV-LIV-NEW-SUN,HUL,LIV,LIV,NEW,SUN,2.67,2.6,3.0,2.33,2.5,2.5455,0.0366
5,1+1+1+1+1,HUL-LIV-MCI-MUN-NEW,HUL,LIV,MCI,MUN,NEW,2.67,2.6,3.0,2.33,2.5,2.5455,0.0366
5,1+1+1+1+1,HUL-LIV-MCI-NEW-SUN,HUL,LIV,MCI,NEW,SUN,2.67,2.6,3.0,2.33,2.5,2.5455,0.0366
4,2+1+1+1,HUL-MCI-MCI-MUN-NEW,HUL,MCI,MCI,MUN,NEW,2.67,2.6,3.0,2.33,2.5,2.5455,0.0366
4,2+1+1+1,HUL-MCI-MCI-NEW-SUN,HUL,MCI,MCI,NEW,SUN,2.67,2.6,3.0,2.33,2.5,2.5455,0.0366
3,3+1+1,BRE-BRE-BRE-CHE-HUL,BRE,BRE,BRE,CHE,HUL,3.0,2.6,3.0,2.0,2.5,2.5455,0.0493
4,2+1+1+1,BRE-BRE-CHE-HUL-LIV,BRE,BRE,CHE,HUL,LIV,3.0,2.6,3.0,2.0,2.5,2.5455,0.0493
4,2+1+1+1,BRE-BRE-CHE-HUL-MCI,BRE,BRE,CHE,HUL,MCI,3.0,2.6,3.0,2.0,2.5,2.5455,0.0493
4,2+1+1+1,BRE-CHE-HUL-LIV-LIV,BRE,CHE,HUL,LIV,LIV,3.0,2.6,3.0,2.0,2.5,2.5455,0.0493
5,1+1+1+1+1,BRE-CHE-HUL-LIV-MCI,BRE,CHE,HUL,LIV,MCI,3.0,2.6,3.0,2.0,2.5,2.5455,0.0493
4,2+1+1+1,BRE-CHE-HUL-MCI-MCI,BRE,CHE,HUL,MCI,MCI,3.0,2.6,3.0,2.0,2.5,2.5455,0.0493
4,2+1+1+1,CHE-HUL-LIV-LIV-MCI,CHE,HUL,LIV,LIV,MCI,3.0,2.6,3.0,2.0,2.5,2.5455,0.0493
4,2+1+1+1,CHE-HUL-LIV-MCI-MCI,CHE,HUL,LIV,MCI,MCI,3.0,2.6,3.0,2.0,2.5,2.5455,0.0493
2,3+2,BRE-BRE-BRE-COV-COV,BRE,BRE,BRE,COV,COV,3.0,2.6,3.0,2.0,2.5,2.5455,0.1
3,3+1+1,BRE-BRE-BRE-COV-TOT,BRE,BRE,BRE,COV,TOT,3.0,2.6,3.0,2.0,2.5,2.5455,0.1
2,3+2,BRE-BRE-BRE-TOT-TOT,BRE,BRE,BRE,TOT,TOT,3.0,2.6,3.0,2.0,2.5,2.5455,0.1
3,2+2+1,BRE-BRE-COV-COV-LIV,BRE,BRE,COV,COV,LIV,3.0,2.6,3.0,2.0,2.5,2.5455,0.1
3,2+2+1,BRE-BRE-COV-COV-MCI,BRE,BRE,COV,COV,MCI,3.0,2.6,3.0,2.0,2.5,2.5455,0.1
4,2+1+1+1,BRE-BRE-COV-LIV-TOT,BRE,BRE,COV,LIV,TOT,3.0,2.6,3.0,2.0,2.5,2.5455,0.1
4,2+1+1+1,BRE-BRE-COV-MCI-TOT,BRE,BRE,COV,MCI,TOT,3.0,2.6,3.0,2.0,2.5,2.5455,0.1
3,2+2+1,BRE-BRE-LIV-TOT-TOT,BRE,BRE,LIV,TOT,TOT,3.0,2.6,3.0,2.0,2.5,2.5455,0.1
3,2+2+1,BRE-BRE-MCI-TOT-TOT,BRE,BRE,MCI,TOT,TOT,3.0,2.6,3.0,2.0,2.5,2.5455,0.1
3,2+2+1,BRE-COV-COV-LIV-LIV,BRE,COV,COV,LIV,LIV,3.0,2.6,3.0,2.0,2.5,2.5455,0.1
4,2+1+1+1,BRE-COV-COV-LIV-MCI,BRE,COV,COV,LIV,MCI,3.0,2.6,3.0,2.0,2.5,2.5455,0.1
3,2+2+1,BRE-COV-COV-MCI-MCI,BRE,COV,COV,MCI,MCI,3.0,2.6,3.0,2.0,2.5,2.5455,0.1
4,2+1+1+1,BRE-COV-LIV-LIV-TOT,BRE,COV,LIV,LIV,TOT,3.0,2.6,3.0,2.0,2.5,2.5455,0.1
5,1+1+1+1+1,BRE-COV-LIV-MCI-TOT,BRE,COV,LIV,MCI,TOT,3.0,2.6,3.0,2.0,2.5,2.5455,0.1
4,2+1+1+1,BRE-COV-MCI-MCI-TOT,BRE,COV,MCI,MCI,TOT,3.0,2.6,3.0,2.0,2.5,2.5455,0.1
3,2+2+1,BRE-LIV-LIV-TOT-TOT,BRE,LIV,LIV,TOT,TOT,3.0,2.6,3.0,2.0,2.5,2.5455,0.1
4,2+1+1+1,BRE-LIV-MCI-TOT-TOT,BRE,LIV,MCI,TOT,TOT,3.0,2.6,3.0,2.0,2.5,2.5455,0.1
3,2+2+1,BRE-MCI-MCI-TOT-TOT,BRE,MCI,MCI,TOT,TOT,3.0,2.6,3.0,2.0,2.5,2.5455,0.1
3,2+2+1,COV-COV-LIV-LIV-MCI,COV,COV,LIV,LIV,MCI,3.0,2.6,3.0,2.0,2.5,2.5455,0.1
3,2+2+1,COV-COV-LIV-MCI-MCI,COV,COV,LIV,MCI,MCI,3.0,2.6,3.0,2.0,2.5,2.5455,0.1
4,2+1+1+1,COV-LIV-LIV-MCI-TOT,COV,LIV,LIV,MCI,TOT,3.0,2.6,3.0,2.0,2.5,2.5455,0.1
4,2+1+1+1,COV-LIV-MCI-MCI-TOT,COV,LIV,MCI,MCI,TOT,3.0,2.6,3.0,2.0,2.5,2.5455,0.1
3,2+2+1,LIV-LIV-MCI-TOT-TOT,LIV,LIV,MCI,TOT,TOT,3.0,2.6,3.0,2.0,2.5,2.5455,0.1
3,2+2+1,LIV-MCI-MCI-TOT-TOT,LIV,MCI,MCI,TOT,TOT,3.0,2.6,3.0,2.0,2.5,2.5455,0.1
3,2+2+1,BRE-EVE-EVE-MUN-MUN,BRE,EVE,EVE,MUN,MUN,2.33,2.6,3.0,2.67,2.5,2.5455,0.2
4,2+1+1+1,BRE-EVE-EVE-MUN-SUN,BRE,EVE,EVE,MUN,SUN,2.33,2.6,3.0,2.67,2.5,2.5455,0.2
3,2+2+1,BRE-EVE-EVE-SUN-SUN,BRE,EVE,EVE,SUN,SUN,2.33,2.6,3.0,2.67,2.5,2.5455,0.2
3,2+2+1,EVE-EVE-LIV-MUN-MUN,EVE,EVE,LIV,MUN,MUN,2.33,2.6,3.0,2.67,2.5,2.5455,0.2
4,2+1+1+1,EVE-EVE-LIV-MUN-SUN,EVE,EVE,LIV,MUN,SUN,2.33,2.6,3.0,2.67,2.5,2.5455,0.2
3,2+2+1,EVE-EVE-LIV-SUN-SUN,EVE,EVE,LIV,SUN,SUN,2.33,2.6,3.0,2.67,2.5,2.5455,0.2
3,2+2+1,EVE-EVE-MCI-MUN-MUN,EVE,EVE,MCI,MUN,MUN,2.33,2.6,3.0,2.67,2.5,2.5455,0.2
4,2+1+1+1,EVE-EVE-MCI-MUN-SUN,EVE,EVE,MCI,MUN,SUN,2.33,2.6,3.0,2.67,2.5,2.5455,0.2
3,2+2+1,EVE-EVE-MCI-SUN-SUN,EVE,EVE,MCI,SUN,SUN,2.33,2.6,3.0,2.67,2.5,2.5455,0.2
3,3+1+1,BRE-BRE-BRE-HUL-TOT,BRE,BRE,BRE,HUL,TOT,3.0,2.6,3.0,2.0,2.5,2.5455,0.2366
4,2+1+1+1,BRE-BRE-HUL-LIV-TOT,BRE,BRE,HUL,LIV,TOT,3.0,2.6,3.0,2.0,2.5,2.5455,0.2366
4,2+1+1+1,BRE-BRE-HUL-MCI-TOT,BRE,BRE,HUL,MCI,TOT,3.0,2.6,3.0,2.0,2.5,2.5455,0.2366
4,2+1+1+1,BRE-HUL-LIV-LIV-TOT,BRE,HUL,LIV,LIV,TOT,3.0,2.6,3.0,2.0,2.5,2.5455,0.2366
5,1+1+1+1+1,BRE-HUL-LIV-MCI-TOT,BRE,HUL,LIV,MCI,TOT,3.0,2.6,3.0,2.0,2.5,2.5455,0.2366
4,2+1+1+1,BRE-HUL-MCI-MCI-TOT,BRE,HUL,MCI,MCI,TOT,3.0,2.6,3.0,2.0,2.5,2.5455,0.2366
4,2+1+1+1,HUL-LIV-LIV-MCI-TOT,HUL,LIV,LIV,MCI,TOT,3.0,2.6,3.0,2.0,2.5,2.5455,0.2366
4,2+1+1+1,HUL-LIV-MCI-MCI-TOT,HUL,LIV,MCI,MCI,TOT,3.0,2.6,3.0,2.0,2.5,2.5455,0.2366
2,3+2,BRE-BRE-BRE-HUL-HUL,BRE,BRE,BRE,HUL,HUL,3.0,2.6,3.0,2.0,2.5,2.5455,0.4
3,2+2+1,BRE-BRE-HUL-HUL-LIV,BRE,BRE,HUL,HUL,LIV,3.0,2.6,3.0,2.0,2.5,2.5455,0.4
3,2+2+1,BRE-BRE-HUL-HUL-MCI,BRE,BRE,HUL,HUL,MCI,3.0,2.6,3.0,2.0,2.5,2.5455,0.4
3,2+2+1,BRE-HUL-HUL-LIV-LIV,BRE,HUL,HUL,LIV,LIV,3.0,2.6,3.0,2.0,2.5,2.5455,0.4
4,2+1+1+1,BRE-HUL-HUL-LIV-MCI,BRE,HUL,HUL,LIV,MCI,3.0,2.6,3.0,2.0,2.5,2.5455,0.4
3,2+2+1,BRE-HUL-HUL-MCI-MCI,BRE,HUL,HUL,MCI,MCI,3.0,2.6,3.0,2.0,2.5,2.5455,0.4
3,2+2+1,HUL-HUL-LIV-LIV-MCI,HUL,HUL,LIV,LIV,MCI,3.0,2.6,3.0,2.0,2.5,2.5455,0.4
3,2+2+1,HUL-HUL-LIV-MCI-MCI,HUL,HUL,LIV,MCI,MCI,3.0,2.6,3.0,2.0,2.5,2.5455,0.4
3,3+1+1,BRE-BRE-BRE-EVE-MUN,BRE,BRE,BRE,EVE,MUN,2.67,2.8,3.0,2.0,2.33,2.5455,-0.2
3,3+1+1,BRE-BRE-BRE-EVE-SUN,BRE,BRE,BRE,EVE,SUN,2.67,2.8,3.0,2.0,2.33,2.5455,-0.2
4,2+1+1+1,BRE-BRE-EVE-LIV-MUN,BRE,BRE,EVE,LIV,MUN,2.67,2.8,3.0,2.0,2.33,2.5455,-0.2
4,2+1+1+1,BRE-BRE-EVE-LIV-SUN,BRE,BRE,EVE,LIV,SUN,2.67,2.8,3.0,2.0,2.33,2.5455,-0.2
4,2+1+1+1,BRE-BRE-EVE-MCI-MUN,BRE,BRE,EVE,MCI,MUN,2.67,2.8,3.0,2.0,2.33,2.5455,-0.2
4,2+1+1+1,BRE-BRE-EVE-MCI-SUN,BRE,BRE,EVE,MCI,SUN,2.67,2.8,3.0,2.0,2.33,2.5455,-0.2
4,2+1+1+1,BRE-EVE-LIV-LIV-MUN,BRE,EVE,LIV,LIV,MUN,2.67,2.8,3.0,2.0,2.33,2.5455,-0.2
4,2+1+1+1,BRE-EVE-LIV-LIV-SUN,BRE,EVE,LIV,LIV,SUN,2.67,2.8,3.0,2.0,2.33,2.5455,-0.2
5,1+1+1+1+1,BRE-EVE-LIV-MCI-MUN,BRE,EVE,LIV,MCI,MUN,2.67,2.8,3.0,2.0,2.33,2.5455,-0.2
5,1+1+1+1+1,BRE-EVE-LIV-MCI-SUN,BRE,EVE,LIV,MCI,SUN,2.67,2.8,3.0,2.0,2.33,2.5455,-0.2
4,2+1+1+1,BRE-EVE-MCI-MCI-MUN,BRE,EVE,MCI,MCI,MUN,2.67,2.8,3.0,2.0,2.33,2.5455,-0.2
4,2+1+1+1,BRE-EVE-MCI-MCI-SUN,BRE,EVE,MCI,MCI,SUN,2.67,2.8,3.0,2.0,2.33,2.5455,-0.2
4,2+1+1+1,EVE-LIV-LIV-MCI-MUN,EVE,LIV,LIV,MCI,MUN,2.67,2.8,3.0,2.0,2.33,2.5455,-0.2
4,2+1+1+1,EVE-LIV-LIV-MCI-SUN,EVE,LIV,LIV,MCI,SUN,2.67,2.8,3.0,2.0,2.33,2.5455,-0.2
4,2+1+1+1,EVE-LIV-MCI-MCI-MUN,EVE,LIV,MCI,MCI,MUN,2.67,2.8,3.0,2.0,2.33,2.5455,-0.2
4,2+1+1+1,EVE-LIV-MCI-MCI-SUN,EVE,LIV,MCI,MCI,SUN,2.67,2.8,3.0,2.0,2.33,2.5455,-0.2
4,2+1+1+1,LEE-LIV-LIV-MCI-MUN,LEE,LIV,LIV,MCI,MUN,2.67,2.8,3.0,2.0,2.33,2.5455,0.0
4,2+1+1+1,LEE-LIV-LIV-MCI-SUN,LEE,LIV,LIV,MCI,SUN,2.67,2.8,3.0,2.0,2.33,2.5455,0.0
4,2+1+1+1,LEE-LIV-MCI-MCI-MUN,LEE,LIV,MCI,MCI,MUN,2.67,2.8,3.0,2.0,2.33,2.5455,0.0
4,2+1+1+1,LEE-LIV-MCI-MCI-SUN,LEE,LIV,MCI,MCI,SUN,2.67,2.8,3.0,2.0,2.33,2.5455,0.0
3,3+1+1,BOU-BRE-BRE-BRE-MUN,BOU,BRE,BRE,BRE,MUN,2.67,2.8,3.0,2.0,2.33,2.5455,0.1
3,3+1+1,BOU-BRE-BRE-BRE-SUN,BOU,BRE,BRE,BRE,SUN,2.67,2.8,3.0,2.0,2.33,2.5455,0.1
4,2+1+1+1,BOU-BRE-BRE-LIV-MUN,BOU,BRE,BRE,LIV,MUN,2.67,2.8,3.0,2.0,2.33,2.5455,0.1
4,2+1+1+1,BOU-BRE-BRE-LIV-SUN,BOU,BRE,BRE,LIV,SUN,2.67,2.8,3.0,2.0,2.33,2.5455,0.1
4,2+1+1+1,BOU-BRE-BRE-MCI-MUN,BOU,BRE,BRE,MCI,MUN,2.67,2.8,3.0,2.0,2.33,2.5455,0.1
4,2+1+1+1,BOU-BRE-BRE-MCI-SUN,BOU,BRE,BRE,MCI,SUN,2.67,2.8,3.0,2.0,2.33,2.5455,0.1
4,2+1+1+1,BOU-BRE-LIV-LIV-MUN,BOU,BRE,LIV,LIV,MUN,2.67,2.8,3.0,2.0,2.33,2.5455,0.1
4,2+1+1+1,BOU-BRE-LIV-LIV-SUN,BOU,BRE,LIV,LIV,SUN,2.67,2.8,3.0,2.0,2.33,2.5455,0.1
5,1+1+1+1+1,BOU-BRE-LIV-MCI-MUN,BOU,BRE,LIV,MCI,MUN,2.67,2.8,3.0,2.0,2.33,2.5455,0.1
5,1+1+1+1+1,BOU-BRE-LIV-MCI-SUN,BOU,BRE,LIV,MCI,SUN,2.67,2.8,3.0,2.0,2.33,2.5455,0.1
4,2+1+1+1,BOU-BRE-MCI-MCI-MUN,BOU,BRE,MCI,MCI,MUN,2.67,2.8,3.0,2.0,2.33,2.5455,0.1
4,2+1+1+1,BOU-BRE-MCI-MCI-SUN,BOU,BRE,MCI,MCI,SUN,2.67,2.8,3.0,2.0,2.33,2.5455,0.1
4,2+1+1+1,BOU-LIV-LIV-MCI-MUN,BOU,LIV,LIV,MCI,MUN,2.67,2.8,3.0,2.0,2.33,2.5455,0.1
4,2+1+1+1,BOU-LIV-LIV-MCI-SUN,BOU,LIV,LIV,MCI,SUN,2.67,2.8,3.0,2.0,2.33,2.5455,0.1
4,2+1+1+1,BOU-LIV-MCI-MCI-MUN,BOU,LIV,MCI,MCI,MUN,2.67,2.8,3.0,2.0,2.33,2.5455,0.1
4,2+1+1+1,BOU-LIV-MCI-MCI-SUN,BOU,LIV,MCI,MCI,SUN,2.67,2.8,3.0,2.0,2.33,2.5455,0.1
3,3+1+1,BRE-BRE-BRE-FUL-MUN,BRE,BRE,BRE,FUL,MUN,2.67,2.8,3.0,2.0,2.33,2.5455,0.1
3,3+1+1,BRE-BRE-BRE-MUN-NEW,BRE,BRE,BRE,MUN,NEW,2.67,2.8,3.0,2.0,2.33,2.5455,0.1
3,3+1+1,BRE-BRE-BRE-NEW-SUN,BRE,BRE,BRE,NEW,SUN,2.67,2.8,3.0,2.0,2.33,2.5455,0.1
4,2+1+1+1,BRE-BRE-FUL-LIV-MUN,BRE,BRE,FUL,LIV,MUN,2.67,2.8,3.0,2.0,2.33,2.5455,0.1
4,2+1+1+1,BRE-BRE-FUL-MCI-MUN,BRE,BRE,FUL,MCI,MUN,2.67,2.8,3.0,2.0,2.33,2.5455,0.1
4,2+1+1+1,BRE-BRE-LIV-MUN-NEW,BRE,BRE,LIV,MUN,NEW,2.67,2.8,3.0,2.0,2.33,2.5455,0.1
4,2+1+1+1,BRE-BRE-LIV-NEW-SUN,BRE,BRE,LIV,NEW,SUN,2.67,2.8,3.0,2.0,2.33,2.5455,0.1
4,2+1+1+1,BRE-BRE-MCI-MUN-NEW,BRE,BRE,MCI,MUN,NEW,2.67,2.8,3.0,2.0,2.33,2.5455,0.1
4,2+1+1+1,BRE-BRE-MCI-NEW-SUN,BRE,BRE,MCI,NEW,SUN,2.67,2.8,3.0,2.0,2.33,2.5455,0.1
4,2+1+1+1,BRE-FUL-LIV-LIV-MUN,BRE,FUL,LIV,LIV,MUN,2.67,2.8,3.0,2.0,2.33,2.5455,0.1
5,1+1+1+1+1,BRE-FUL-LIV-MCI-MUN,BRE,FUL,LIV,MCI,MUN,2.67,2.8,3.0,2.0,2.33,2.5455,0.1
4,2+1+1+1,BRE-FUL-MCI-MCI-MUN,BRE,FUL,MCI,MCI,MUN,2.67,2.8,3.0,2.0,2.33,2.5455,0.1
4,2+1+1+1,BRE-LIV-LIV-MUN-NEW,BRE,LIV,LIV,MUN,NEW,2.67,2.8,3.0,2.0,2.33,2.5455,0.1
4,2+1+1+1,BRE-LIV-LIV-NEW-SUN,BRE,LIV,LIV,NEW,SUN,2.67,2.8,3.0,2.0,2.33,2.5455,0.1
5,1+1+1+1+1,BRE-LIV-MCI-MUN-NEW,BRE,LIV,MCI,MUN,NEW,2.67,2.8,3.0,2.0,2.33,2.5455,0.1
5,1+1+1+1+1,BRE-LIV-MCI-NEW-SUN,BRE,LIV,MCI,NEW,SUN,2.67,2.8,3.0,2.0,2.33,2.5455,0.1
4,2+1+1+1,BRE-MCI-MCI-MUN-NEW,BRE,MCI,MCI,MUN,NEW,2.67,2.8,3.0,2.0,2.33,2.5455,0.1
4,2+1+1+1,BRE-MCI-MCI-NEW-SUN,BRE,MCI,MCI,NEW,SUN,2.67,2.8,3.0,2.0,2.33,2.5455,0.1
4,2+1+1+1,FUL-LIV-LIV-MCI-MUN,FUL,LIV,LIV,MCI,MUN,2.67,2.8,3.0,2.0,2.33,2.5455,0.1
4,2+1+1+1,FUL-LIV-MCI-MCI-MUN,FUL,LIV,MCI,MCI,MUN,2.67,2.8,3.0,2.0,2.33,2.5455,0.1
4,2+1+1+1,LIV-LIV-MCI-MUN-NEW,LIV,LIV,MCI,MUN,NEW,2.67,2.8,3.0,2.0,2.33,2.5455,0.1
4,2+1+1+1,LIV-LIV-MCI-NEW-SUN,LIV,LIV,MCI,NEW,SUN,2.67,2.8,3.0,2.0,2.33,2.5455,0.1
4,2+1+1+1,LIV-MCI-MCI-MUN-NEW,LIV,MCI,MCI,MUN,NEW,2.67,2.8,3.0,2.0,2.33,2.5455,0.1
4,2+1+1+1,LIV-MCI-MCI-NEW-SUN,LIV,MCI,MCI,NEW,SUN,2.67,2.8,3.0,2.0,2.33,2.5455,0.1
3,3+1+1,BRE-BRE-BRE-LIV-MUN,BRE,BRE,BRE,LIV,MUN,2.67,2.8,3.0,2.0,2.33,2.5455,0.2
3,3+1+1,BRE-BRE-BRE-LIV-SUN,BRE,BRE,BRE,LIV,SUN,2.67,2.8,3.0,2.0,2.33,2.5455,0.2
3,3+1+1,BRE-BRE-BRE-MCI-MUN,BRE,BRE,BRE,MCI,MUN,2.67,2.8,3.0,2.0,2.33,2.5455,0.2
3,3+1+1,BRE-BRE-BRE-MCI-SUN,BRE,BRE,BRE,MCI,SUN,2.67,2.8,3.0,2.0,2.33,2.5455,0.2
3,2+2+1,BRE-BRE-LIV-LIV-MUN,BRE,BRE,LIV,LIV,MUN,2.67,2.8,3.0,2.0,2.33,2.5455,0.2
3,2+2+1,BRE-BRE-LIV-LIV-SUN,BRE,BRE,LIV,LIV,SUN,2.67,2.8,3.0,2.0,2.33,2.5455,0.2
4,2+1+1+1,BRE-BRE-LIV-MCI-MUN,BRE,BRE,LIV,MCI,MUN,2.67,2.8,3.0,2.0,2.33,2.5455,0.2
4,2+1+1+1,BRE-BRE-LIV-MCI-SUN,BRE,BRE,LIV,MCI,SUN,2.67,2.8,3.0,2.0,2.33,2.5455,0.2
3,2+2+1,BRE-BRE-MCI-MCI-MUN,BRE,BRE,MCI,MCI,MUN,2.67,2.8,3.0,2.0,2.33,2.5455,0.2
3,2+2+1,BRE-BRE-MCI-MCI-SUN,BRE,BRE,MCI,MCI,SUN,2.67,2.8,3.0,2.0,2.33,2.5455,0.2
4,2+1+1+1,BRE-LIV-LIV-MCI-MUN,BRE,LIV,LIV,MCI,MUN,2.67,2.8,3.0,2.0,2.33,2.5455,0.2
4,2+1+1+1,BRE-LIV-LIV-MCI-SUN,BRE,LIV,LIV,MCI,SUN,2.67,2.8,3.0,2.0,2.33,2.5455,0.2
4,2+1+1+1,BRE-LIV-MCI-MCI-MUN,BRE,LIV,MCI,MCI,MUN,2.67,2.8,3.0,2.0,2.33,2.5455,0.2
4,2+1+1+1,BRE-LIV-MCI-MCI-SUN,BRE,LIV,MCI,MCI,SUN,2.67,2.8,3.0,2.0,2.33,2.5455,0.2
3,2+2+1,LIV-LIV-MCI-MCI-MUN,LIV,LIV,MCI,MCI,MUN,2.67,2.8,3.0,2.0,2.33,2.5455,0.2
3,2+2+1,LIV-LIV-MCI-MCI-SUN,LIV,LIV,MCI,MCI,SUN,2.67,2.8,3.0,2.0,2.33,2.5455,0.2
2,3+2,CHE-CHE-HUL-HUL-HUL,CHE,CHE,HUL,HUL,HUL,3.33,2.0,2.0,3.0,3.17,2.6364,0.5964
3,3+1+1,CHE-HUL-HUL-HUL-TOT,CHE,HUL,HUL,HUL,TOT,3.33,2.0,2.0,3.0,3.17,2.6364,0.7336
4,2+1+1+1,CHE-COV-COV-MUN-TOT,CHE,COV,COV,MUN,TOT,2.67,2.0,2.0,3.67,3.17,2.6364,0.7713
4,2+1+1+1,CHE-COV-COV-TOT-SUN,CHE,COV,COV,TOT,SUN,2.67,2.0,2.0,3.67,3.17,2.6364,0.7713
4,2+1+1+1,CHE-CHE-COV-MUN-TOT,CHE,CHE,COV,MUN,TOT,2.67,2.0,2.0,3.67,3.17,2.6364,0.7914
4,2+1+1+1,CHE-CHE-COV-TOT-SUN,CHE,CHE,COV,TOT,SUN,2.67,2.0,2.0,3.67,3.17,2.6364,0.7914
2,3+2,HUL-HUL-HUL-TOT-TOT,HUL,HUL,HUL,TOT,TOT,3.33,2.0,2.0,3.0,3.17,2.6364,0.9196
4,2+1+1+1,BRE-CHE-CHE-COV-MUN,BRE,CHE,CHE,COV,MUN,2.67,2.2,3.0,3.33,3.0,2.6364,0.1512
4,2+1+1+1,BRE-CHE-CHE-COV-SUN,BRE,CHE,CHE,COV,SUN,2.67,2.2,3.0,3.33,3.0,2.6364,0.1512
4,2+1+1+1,BRE-CHE-COV-COV-MUN,BRE,CHE,COV,COV,MUN,2.67,2.2,3.0,3.33,3.0,2.6364,0.1512
4,2+1+1+1,BRE-CHE-COV-COV-SUN,BRE,CHE,COV,COV,SUN,2.67,2.2,3.0,3.33,3.0,2.6364,0.1512
4,2+1+1+1,CHE-CHE-COV-LIV-MUN,CHE,CHE,COV,LIV,MUN,2.67,2.2,3.0,3.33,3.0,2.6364,0.1512
4,2+1+1+1,CHE-CHE-COV-LIV-SUN,CHE,CHE,COV,LIV,SUN,2.67,2.2,3.0,3.33,3.0,2.6364,0.1512
4,2+1+1+1,CHE-CHE-COV-MCI-MUN,CHE,CHE,COV,MCI,MUN,2.67,2.2,3.0,3.33,3.0,2.6364,0.1512
4,2+1+1+1,CHE-CHE-COV-MCI-SUN,CHE,CHE,COV,MCI,SUN,2.67,2.2,3.0,3.33,3.0,2.6364,0.1512
4,2+1+1+1,CHE-COV-COV-LIV-MUN,CHE,COV,COV,LIV,MUN,2.67,2.2,3.0,3.33,3.0,2.6364,0.1512
4,2+1+1+1,CHE-COV-COV-LIV-SUN,CHE,COV,COV,LIV,SUN,2.67,2.2,3.0,3.33,3.0,2.6364,0.1512
4,2+1+1+1,CHE-COV-COV-MCI-MUN,CHE,COV,COV,MCI,MUN,2.67,2.2,3.0,3.33,3.0,2.6364,0.1512
4,2+1+1+1,CHE-COV-COV-MCI-SUN,CHE,COV,COV,MCI,SUN,2.67,2.2,3.0,3.33,3.0,2.6364,0.1512
3,3+1+1,HUL-HUL-HUL-LEE-MUN,HUL,HUL,HUL,LEE,MUN,3.0,2.2,3.0,3.0,3.0,2.6364,0.3
3,3+1+1,HUL-HUL-HUL-LEE-SUN,HUL,HUL,HUL,LEE,SUN,3.0,2.2,3.0,3.0,3.0,2.6364,0.3
3,3+1+1,BRE-CHE-HUL-HUL-HUL,BRE,CHE,HUL,HUL,HUL,3.33,2.2,3.0,2.67,3.0,2.6364,0.3037
3,3+1+1,CHE-HUL-HUL-HUL-LIV,CHE,HUL,HUL,HUL,LIV,3.33,2.2,3.0,2.67,3.0,2.6364,0.3037
3,3+1+1,CHE-HUL-HUL-HUL-MCI,CHE,HUL,HUL,HUL,MCI,3.33,2.2,3.0,2.67,3.0,2.6364,0.3037
3,2+2+1,CHE-CHE-HUL-HUL-LEE,CHE,CHE,HUL,HUL,LEE,3.0,2.2,3.0,3.0,3.0,2.6364,0.3309
4,2+1+1+1,BOU-CHE-HUL-HUL-MUN,BOU,CHE,HUL,HUL,MUN,3.0,2.2,3.0,3.0,3.0,2.6364,0.3643
4,2+1+1+1,BOU-CHE-HUL-HUL-SUN,BOU,CHE,HUL,HUL,SUN,3.0,2.2,3.0,3.0,3.0,2.6364,0.3643
4,2+1+1+1,CHE-FUL-HUL-HUL-MUN,CHE,FUL,HUL,HUL,MUN,3.0,2.2,3.0,3.0,3.0,2.6364,0.3643
4,2+1+1+1,CHE-HUL-HUL-MUN-NEW,CHE,HUL,HUL,MUN,NEW,3.0,2.2,3.0,3.0,3.0,2.6364,0.3643
4,2+1+1+1,CHE-HUL-HUL-NEW-SUN,CHE,HUL,HUL,NEW,SUN,3.0,2.2,3.0,3.0,3.0,2.6364,0.3643
3,2+2+1,BOU-COV-COV-MUN-MUN,BOU,COV,COV,MUN,MUN,3.0,2.2,3.0,3.0,3.0,2.6364,0.4
4,2+1+1+1,BOU-COV-COV-MUN-SUN,BOU,COV,COV,MUN,SUN,3.0,2.2,3.0,3.0,3.0,2.6364,0.4
3,2+2+1,BOU-COV-COV-SUN-SUN,BOU,COV,COV,SUN,SUN,3.0,2.2,3.0,3.0,3.0,2.6364,0.4
3,3+1+1,EVE-HUL-HUL-HUL-MUN,EVE,HUL,HUL,HUL,MUN,3.0,2.2,3.0,3.0,3.0,2.6364,0.4
3,3+1+1,EVE-HUL-HUL-HUL-SUN,EVE,HUL,HUL,HUL,SUN,3.0,2.2,3.0,3.0,3.0,2.6364,0.4
4,2+1+1+1,CHE-CHE-HUL-LEE-TOT,CHE,CHE,HUL,LEE,TOT,3.0,2.2,3.0,3.0,3.0,2.6364,0.4033
4,2+1+1+1,CHE-HUL-HUL-LEE-TOT,CHE,HUL,HUL,LEE,TOT,3.0,2.2,3.0,3.0,3.0,2.6364,0.4143
4,2+1+1+1,CHE-HUL-LEE-TOT-TOT,CHE,HUL,LEE,TOT,TOT,3.0,2.2,3.0,3.0,3.0,2.6364,0.4571
4,2+1+1+1,BOU-HUL-HUL-MUN-TOT,BOU,HUL,HUL,MUN,TOT,3.0,2.2,3.0,3.0,3.0,2.6364,0.4964
4,2+1+1+1,BOU-HUL-HUL-TOT-SUN,BOU,HUL,HUL,TOT,SUN,3.0,2.2,3.0,3.0,3.0,2.6364,0.4964
4,2+1+1+1,FUL-HUL-HUL-MUN-TOT,FUL,HUL,HUL,MUN,TOT,3.0,2.2,3.0,3.0,3.0,2.6364,0.4964
4,2+1+1+1,BOU-CHE-CHE-HUL-TOT,BOU,CHE,CHE,HUL,TOT,3.0,2.2,3.0,3.0,3.0,2.6364,0.5021
4,2+1+1+1,CHE-CHE-FUL-HUL-TOT,CHE,CHE,FUL,HUL,TOT,3.0,2.2,3.0,3.0,3.0,2.6364,0.5021
3,2+2+1,CHE-CHE-LEE-TOT-TOT,CHE,CHE,LEE,TOT,TOT,3.0,2.2,3.0,3.0,3.0,2.6364,0.5024
3,3+1+1,BRE-HUL-HUL-HUL-TOT,BRE,HUL,HUL,HUL,TOT,3.33,2.2,3.0,2.67,3.0,2.6364,0.5098
3,3+1+1,HUL-HUL-HUL-LIV-TOT,HUL,HUL,HUL,LIV,TOT,3.33,2.2,3.0,2.67,3.0,2.6364,0.5098
3,3+1+1,HUL-HUL-HUL-MCI-TOT,HUL,HUL,HUL,MCI,TOT,3.33,2.2,3.0,2.67,3.0,2.6364,0.5098
4,2+1+1+1,CHE-COV-LEE-TOT-TOT,CHE,COV,LEE,TOT,TOT,3.0,2.2,3.0,3.0,3.0,2.6364,0.5268
3,3+1+1,CHE-LEE-TOT-TOT-TOT,CHE,LEE,TOT,TOT,TOT,3.0,2.2,3.0,3.0,3.0,2.6364,0.5268
3,2+2+1,HUL-HUL-LEE-TOT-TOT,HUL,HUL,LEE,TOT,TOT,3.0,2.2,3.0,3.0,3.0,2.6364,0.5464
4,2+1+1+1,COV-COV-FUL-MUN-TOT,COV,COV,FUL,MUN,TOT,3.0,2.2,3.0,3.0,3.0,2.6364,0.55
4,2+1+1+1,CHE-EVE-HUL-HUL-TOT,CHE,EVE,HUL,HUL,TOT,3.0,2.2,3.0,3.0,3.0,2.6364,0.5588
3,3+1+1,HUL-LEE-TOT-TOT-TOT,HUL,LEE,TOT,TOT,TOT,3.0,2.2,3.0,3.0,3.0,2.6364,0.5598
3,2+2+1,BOU-CHE-CHE-TOT-TOT,BOU,CHE,CHE,TOT,TOT,3.0,2.2,3.0,3.0,3.0,2.6364,0.5646
3,2+2+1,CHE-CHE-FUL-TOT-TOT,CHE,CHE,FUL,TOT,TOT,3.0,2.2,3.0,3.0,3.0,2.6364,0.5646
3,2+2+1,COV-COV-LEE-TOT-TOT,COV,COV,LEE,TOT,TOT,3.0,2.2,3.0,3.0,3.0,2.6364,0.6
3,3+1+1,COV-LEE-TOT-TOT-TOT,COV,LEE,TOT,TOT,TOT,3.0,2.2,3.0,3.0,3.0,2.6364,0.6
4,2+1+1+1,BOU-CHE-HUL-TOT-TOT,BOU,CHE,HUL,TOT,TOT,3.0,2.2,3.0,3.0,3.0,2.6364,0.6248
4,2+1+1+1,CHE-FUL-HUL-TOT-TOT,CHE,FUL,HUL,TOT,TOT,3.0,2.2,3.0,3.0,3.0,2.6364,0.6248
4,2+1+1+1,CHE-CHE-EVE-HUL-MUN,CHE,CHE,EVE,HUL,MUN,2.67,2.2,3.0,3.33,3.0,2.6364,0.6434
4,2+1+1+1,CHE-CHE-EVE-HUL-SUN,CHE,CHE,EVE,HUL,SUN,2.67,2.2,3.0,3.33,3.0,2.6364,0.6434
3,2+2+1,EVE-HUL-HUL-TOT-TOT,EVE,HUL,HUL,TOT,TOT,3.0,2.2,3.0,3.0,3.0,2.6364,0.6464
4,2+1+1+1,CHE-EVE-HUL-TOT-TOT,CHE,EVE,HUL,TOT,TOT,3.0,2.2,3.0,3.0,3.0,2.6364,0.6516
4,2+1+1+1,BOU-CHE-COV-TOT-TOT,BOU,CHE,COV,TOT,TOT,3.0,2.2,3.0,3.0,3.0,2.6364,0.6579
3,3+1+1,BOU-CHE-TOT-TOT-TOT,BOU,CHE,TOT,TOT,TOT,3.0,2.2,3.0,3.0,3.0,2.6364,0.6579
4,2+1+1+1,CHE-COV-FUL-TOT-TOT,CHE,COV,FUL,TOT,TOT,3.0,2.2,3.0,3.0,3.0,2.6364,0.6579
3,3+1+1,CHE-FUL-TOT-TOT-TOT,CHE,FUL,TOT,TOT,TOT,3.0,2.2,3.0,3.0,3.0,2.6364,0.6579
4,2+1+1+1,COV-COV-EVE-MUN-TOT,COV,COV,EVE,MUN,TOT,2.67,2.2,3.0,3.33,3.0,2.6364,0.7
4,2+1+1+1,COV-COV-EVE-TOT-SUN,COV,COV,EVE,TOT,SUN,2.67,2.2,3.0,3.33,3.0,2.6364,0.7
3,3+1+1,EVE-HUL-TOT-TOT-TOT,EVE,HUL,TOT,TOT,TOT,3.0,2.2,3.0,3.0,3.0,2.6364,0.7098
5,1+1+1+1+1,CHE-COV-EVE-MUN-TOT,CHE,COV,EVE,MUN,TOT,2.67,2.2,3.0,3.33,3.0,2.6364,0.7402
5,1+1+1+1+1,CHE-COV-EVE-TOT-SUN,CHE,COV,EVE,TOT,SUN,2.67,2.2,3.0,3.33,3.0,2.6364,0.7402
3,3+1+1,CHE-EVE-TOT-TOT-TOT,CHE,EVE,TOT,TOT,TOT,3.0,2.2,3.0,3.0,3.0,2.6364,0.7713
3,3+1+1,BOU-HUL-TOT-TOT-TOT,BOU,HUL,TOT,TOT,TOT,3.0,2.2,3.0,3.0,3.0,2.6364,0.7964
3,3+1+1,FUL-HUL-TOT-TOT-TOT,FUL,HUL,TOT,TOT,TOT,3.0,2.2,3.0,3.0,3.0,2.6364,0.7964
3,3+1+1,BOU-COV-TOT-TOT-TOT,BOU,COV,TOT,TOT,TOT,3.0,2.2,3.0,3.0,3.0,2.6364,0.8
3,3+1+1,COV-EVE-TOT-TOT-TOT,COV,EVE,TOT,TOT,TOT,3.0,2.2,3.0,3.0,3.0,2.6364,0.8
3,3+1+1,COV-FUL-TOT-TOT-TOT,COV,FUL,TOT,TOT,TOT,3.0,2.2,3.0,3.0,3.0,2.6364,0.8
4,2+1+1+1,CHE-CHE-EVE-MUN-TOT,CHE,CHE,EVE,MUN,TOT,2.67,2.2,3.0,3.33,3.0,2.6364,0.8292
4,2+1+1+1,CHE-CHE-EVE-TOT-SUN,CHE,CHE,EVE,TOT,SUN,2.67,2.2,3.0,3.33,3.0,2.6364,0.8292
4,2+1+1+1,CHE-CHE-HUL-LEE-LIV,CHE,CHE,HUL,LEE,LIV,3.0,2.4,3.0,2.67,2.83,2.6364,-0.0235
4,2+1+1+1,CHE-CHE-HUL-LEE-MCI,CHE,CHE,HUL,LEE,MCI,3.0,2.4,3.0,2.67,2.83,2.6364,-0.0235
4,2+1+1+1,CHE-CHE-LEE-LIV-TOT,CHE,CHE,LEE,LIV,TOT,3.0,2.4,3.0,2.67,2.83,2.6364,0.0122
4,2+1+1+1,CHE-CHE-LEE-MCI-TOT,CHE,CHE,LEE,MCI,TOT,3.0,2.4,3.0,2.67,2.83,2.6364,0.0122
5,1+1+1+1+1,CHE-HUL-LEE-LIV-TOT,CHE,HUL,LEE,LIV,TOT,3.0,2.4,3.0,2.67,2.83,2.6364,0.0504
5,1+1+1+1+1,CHE-HUL-LEE-MCI-TOT,CHE,HUL,LEE,MCI,TOT,3.0,2.4,3.0,2.67,2.83,2.6364,0.0504
5,1+1+1+1+1,CHE-COV-LEE-LIV-TOT,CHE,COV,LEE,LIV,TOT,3.0,2.4,3.0,2.67,2.83,2.6364,0.0567
5,1+1+1+1+1,CHE-COV-LEE-MCI-TOT,CHE,COV,LEE,MCI,TOT,3.0,2.4,3.0,2.67,2.83,2.6364,0.0567
4,2+1+1+1,CHE-LEE-LIV-TOT-TOT,CHE,LEE,LIV,TOT,TOT,3.0,2.4,3.0,2.67,2.83,2.6364,0.0567
4,2+1+1+1,CHE-LEE-MCI-TOT-TOT,CHE,LEE,MCI,TOT,TOT,3.0,2.4,3.0,2.67,2.83,2.6364,0.0567
4,2+1+1+1,BRE-CHE-EVE-HUL-HUL,BRE,CHE,EVE,HUL,HUL,3.0,2.4,3.0,2.67,2.83,2.6364,0.0655
4,2+1+1+1,CHE-EVE-HUL-HUL-LIV,CHE,EVE,HUL,HUL,LIV,3.0,2.4,3.0,2.67,2.83,2.6364,0.0655
4,2+1+1+1,CHE-EVE-HUL-HUL-MCI,CHE,EVE,HUL,HUL,MCI,3.0,2.4,3.0,2.67,2.83,2.6364,0.0655
4,2+1+1+1,CHE-HUL-HUL-LEE-LIV,CHE,HUL,HUL,LEE,LIV,3.0,2.4,3.0,2.67,2.83,2.6364,0.071
4,2+1+1+1,CHE-HUL-HUL-LEE-MCI,CHE,HUL,HUL,LEE,MCI,3.0,2.4,3.0,2.67,2.83,2.6364,0.071
4,2+1+1+1,BOU-BRE-CHE-CHE-TOT,BOU,BRE,CHE,CHE,TOT,3.0,2.4,3.0,2.67,2.83,2.6364,0.0744
4,2+1+1+1,BOU-CHE-CHE-LIV-TOT,BOU,CHE,CHE,LIV,TOT,3.0,2.4,3.0,2.67,2.83,2.6364,0.0744
4,2+1+1+1,BOU-CHE-CHE-MCI-TOT,BOU,CHE,CHE,MCI,TOT,3.0,2.4,3.0,2.67,2.83,2.6364,0.0744
4,2+1+1+1,BRE-CHE-CHE-FUL-TOT,BRE,CHE,CHE,FUL,TOT,3.0,2.4,3.0,2.67,2.83,2.6364,0.0744
4,2+1+1+1,CHE-CHE-FUL-LIV-TOT,CHE,CHE,FUL,LIV,TOT,3.0,2.4,3.0,2.67,2.83,2.6364,0.0744
4,2+1+1+1,CHE-CHE-FUL-MCI-TOT,CHE,CHE,FUL,MCI,TOT,3.0,2.4,3.0,2.67,2.83,2.6364,0.0744
4,2+1+1+1,BOU-BRE-CHE-CHE-HUL,BOU,BRE,CHE,CHE,HUL,3.0,2.4,3.0,2.67,2.83,2.6364,0.0753
4,2+1+1+1,BOU-CHE-CHE-HUL-LIV,BOU,CHE,CHE,HUL,LIV,3.0,2.4,3.0,2.67,2.83,2.6364,0.0753
4,2+1+1+1,BOU-CHE-CHE-HUL-MCI,BOU,CHE,CHE,HUL,MCI,3.0,2.4,3.0,2.67,2.83,2.6364,0.0753
4,2+1+1+1,BRE-CHE-CHE-FUL-HUL,BRE,CHE,CHE,FUL,HUL,3.0,2.4,3.0,2.67,2.83,2.6364,0.0753
4,2+1+1+1,BRE-CHE-CHE-HUL-NEW,BRE,CHE,CHE,HUL,NEW,3.0,2.4,3.0,2.67,2.83,2.6364,0.0753
4,2+1+1+1,CHE-CHE-FUL-HUL-LIV,CHE,CHE,FUL,HUL,LIV,3.0,2.4,3.0,2.67,2.83,2.6364,0.0753
4,2+1+1+1,CHE-CHE-FUL-HUL-MCI,CHE,CHE,FUL,HUL,MCI,3.0,2.4,3.0,2.67,2.83,2.6364,0.0753
4,2+1+1+1,CHE-CHE-HUL-LIV-NEW,CHE,CHE,HUL,LIV,NEW,3.0,2.4,3.0,2.67,2.83,2.6364,0.0753
4,2+1+1+1,CHE-CHE-HUL-MCI-NEW,CHE,CHE,HUL,MCI,NEW,3.0,2.4,3.0,2.67,2.83,2.6364,0.0753
5,1+1+1+1+1,BRE-CHE-EVE-HUL-TOT,BRE,CHE,EVE,HUL,TOT,3.0,2.4,3.0,2.67,2.83,2.6364,0.0949
5,1+1+1+1+1,CHE-EVE-HUL-LIV-TOT,CHE,EVE,HUL,LIV,TOT,3.0,2.4,3.0,2.67,2.83,2.6364,0.0949
5,1+1+1+1+1,CHE-EVE-HUL-MCI-TOT,CHE,EVE,HUL,MCI,TOT,3.0,2.4,3.0,2.67,2.83,2.6364,0.0949
4,2+1+1+1,BRE-COV-COV-EVE-MUN,BRE,COV,COV,EVE,MUN,2.67,2.4,3.0,3.0,2.83,2.6364,0.1
4,2+1+1+1,BRE-COV-COV-EVE-SUN,BRE,COV,COV,EVE,SUN,2.67,2.4,3.0,3.0,2.83,2.6364,0.1
4,2+1+1+1,BRE-COV-COV-FUL-MUN,BRE,COV,COV,FUL,MUN,3.0,2.4,3.0,2.67,2.83,2.6364,0.1
4,2+1+1+1,BRE-COV-COV-MUN-NEW,BRE,COV,COV,MUN,NEW,3.0,2.4,3.0,2.67,2.83,2.6364,0.1
4,2+1+1+1,BRE-COV-COV-NEW-SUN,BRE,COV,COV,NEW,SUN,3.0,2.4,3.0,2.67,2.83,2.6364,0.1
4,2+1+1+1,COV-COV-EVE-LIV-MUN,COV,COV,EVE,LIV,MUN,2.67,2.4,3.0,3.0,2.83,2.6364,0.1
4,2+1+1+1,COV-COV-EVE-LIV-SUN,COV,COV,EVE,LIV,SUN,2.67,2.4,3.0,3.0,2.83,2.6364,0.1
4,2+1+1+1,COV-COV-EVE-MCI-MUN,COV,COV,EVE,MCI,MUN,2.67,2.4,3.0,3.0,2.83,2.6364,0.1
4,2+1+1+1,COV-COV-EVE-MCI-SUN,COV,COV,EVE,MCI,SUN,2.67,2.4,3.0,3.0,2.83,2.6364,0.1
4,2+1+1+1,COV-COV-FUL-LIV-MUN,COV,COV,FUL,LIV,MUN,3.0,2.4,3.0,2.67,2.83,2.6364,0.1
4,2+1+1+1,COV-COV-FUL-MCI-MUN,COV,COV,FUL,MCI,MUN,3.0,2.4,3.0,2.67,2.83,2.6364,0.1
4,2+1+1+1,COV-COV-LIV-MUN-NEW,COV,COV,LIV,MUN,NEW,3.0,2.4,3.0,2.67,2.83,2.6364,0.1
4,2+1+1+1,COV-COV-LIV-NEW-SUN,COV,COV,LIV,NEW,SUN,3.0,2.4,3.0,2.67,2.83,2.6364,0.1
4,2+1+1+1,COV-COV-MCI-MUN-NEW,COV,COV,MCI,MUN,NEW,3.0,2.4,3.0,2.67,2.83,2.6364,0.1
4,2+1+1+1,COV-COV-MCI-NEW-SUN,COV,COV,MCI,NEW,SUN,3.0,2.4,3.0,2.67,2.83,2.6364,0.1
5,1+1+1+1+1,BRE-CHE-COV-EVE-MUN,BRE,CHE,COV,EVE,MUN,2.67,2.4,3.0,3.0,2.83,2.6364,0.1201
5,1+1+1+1+1,BRE-CHE-COV-EVE-SUN,BRE,CHE,COV,EVE,SUN,2.67,2.4,3.0,3.0,2.83,2.6364,0.1201
5,1+1+1+1+1,CHE-COV-EVE-LIV-MUN,CHE,COV,EVE,LIV,MUN,2.67,2.4,3.0,3.0,2.83,2.6364,0.1201
5,1+1+1+1+1,CHE-COV-EVE-LIV-SUN,CHE,COV,EVE,LIV,SUN,2.67,2.4,3.0,3.0,2.83,2.6364,0.1201
5,1+1+1+1+1,CHE-COV-EVE-MCI-MUN,CHE,COV,EVE,MCI,MUN,2.67,2.4,3.0,3.0,2.83,2.6364,0.1201
5,1+1+1+1+1,CHE-COV-EVE-MCI-SUN,CHE,COV,EVE,MCI,SUN,2.67,2.4,3.0,3.0,2.83,2.6364,0.1201
5,1+1+1+1+1,BOU-CHE-HUL-LEE-MUN,BOU,CHE,HUL,LEE,MUN,2.67,2.4,3.0,3.0,2.83,2.6364,0.1449
5,1+1+1+1+1,BOU-CHE-HUL-LEE-SUN,BOU,CHE,HUL,LEE,SUN,2.67,2.4,3.0,3.0,2.83,2.6364,0.1449
5,1+1+1+1+1,CHE-FUL-HUL-LEE-MUN,CHE,FUL,HUL,LEE,MUN,2.67,2.4,3.0,3.0,2.83,2.6364,0.1449
5,1+1+1+1+1,CHE-HUL-LEE-MUN-NEW,CHE,HUL,LEE,MUN,NEW,2.67,2.4,3.0,3.0,2.83,2.6364,0.1449
5,1+1+1+1+1,CHE-HUL-LEE-NEW-SUN,CHE,HUL,LEE,NEW,SUN,2.67,2.4,3.0,3.0,2.83,2.6364,0.1449
4,2+1+1+1,COV-COV-LEE-LIV-TOT,COV,COV,LEE,LIV,TOT,3.0,2.4,3.0,2.67,2.83,2.6364,0.15
4,2+1+1+1,COV-COV-LEE-MCI-TOT,COV,COV,LEE,MCI,TOT,3.0,2.4,3.0,2.67,2.83,2.6364,0.15
4,2+1+1+1,COV-LEE-LIV-TOT-TOT,COV,LEE,LIV,TOT,TOT,3.0,2.4,3.0,2.67,2.83,2.6364,0.15
4,2+1+1+1,COV-LEE-MCI-TOT-TOT,COV,LEE,MCI,TOT,TOT,3.0,2.4,3.0,2.67,2.83,2.6364,0.15
3,3+1+1,LEE-LIV-TOT-TOT-TOT,LEE,LIV,TOT,TOT,TOT,3.0,2.4,3.0,2.67,2.83,2.6364,0.15
3,3+1+1,LEE-MCI-TOT-TOT-TOT,LEE,MCI,TOT,TOT,TOT,3.0,2.4,3.0,2.67,2.83,2.6364,0.15
4,2+1+1+1,BRE-CHE-EVE-TOT-TOT,BRE,CHE,EVE,TOT,TOT,3.0,2.4,3.0,2.67,2.83,2.6364,0.1512
4,2+1+1+1,CHE-EVE-LIV-TOT-TOT,CHE,EVE,LIV,TOT,TOT,3.0,2.4,3.0,2.67,2.83,2.6364,0.1512
4,2+1+1+1,CHE-EVE-MCI-TOT-TOT,CHE,EVE,MCI,TOT,TOT,3.0,2.4,3.0,2.67,2.83,2.6364,0.1512
3,2+2+1,BOU-BOU-HUL-MUN-MUN,BOU,BOU,HUL,MUN,MUN,2.67,2.4,3.0,3.0,2.83,2.6364,0.1732
4,2+1+1+1,BOU-BOU-HUL-MUN-SUN,BOU,BOU,HUL,MUN,SUN,2.67,2.4,3.0,3.0,2.83,2.6364,0.1732
3,2+2+1,BOU-BOU-HUL-SUN-SUN,BOU,BOU,HUL,SUN,SUN,2.67,2.4,3.0,3.0,2.83,2.6364,0.1732
4,2+1+1+1,BOU-BRE-HUL-HUL-MUN,BOU,BRE,HUL,HUL,MUN,3.0,2.4,3.0,2.67,2.83,2.6364,0.1732
4,2+1+1+1,BOU-BRE-HUL-HUL-SUN,BOU,BRE,HUL,HUL,SUN,3.0,2.4,3.0,2.67,2.83,2.6364,0.1732
4,2+1+1+1,BOU-FUL-HUL-MUN-MUN,BOU,FUL,HUL,MUN,MUN,2.67,2.4,3.0,3.0,2.83,2.6364,0.1732
4,2+1+1+1,BOU-HUL-HUL-LIV-MUN,BOU,HUL,HUL,LIV,MUN,3.0,2.4,3.0,2.67,2.83,2.6364,0.1732
4,2+1+1+1,BOU-HUL-HUL-LIV-SUN,BOU,HUL,HUL,LIV,SUN,3.0,2.4,3.0,2.67,2.83,2.6364,0.1732
4,2+1+1+1,BOU-HUL-HUL-MCI-MUN,BOU,HUL,HUL,MCI,MUN,3.0,2.4,3.0,2.67,2.83,2.6364,0.1732
4,2+1+1+1,BOU-HUL-HUL-MCI-SUN,BOU,HUL,HUL,MCI,SUN,3.0,2.4,3.0,2.67,2.83,2.6364,0.1732
4,2+1+1+1,BOU-HUL-MUN-MUN-NEW,BOU,HUL,MUN,MUN,NEW,2.67,2.4,3.0,3.0,2.83,2.6364,0.1732
5,1+1+1+1+1,BOU-HUL-MUN-NEW-SUN,BOU,HUL,MUN,NEW,SUN,2.67,2.4,3.0,3.0,2.83,2.6364,0.1732
4,2+1+1+1,BOU-HUL-NEW-SUN-SUN,BOU,HUL,NEW,SUN,SUN,2.67,2.4,3.0,3.0,2.83,2.6364,0.1732
4,2+1+1+1,BRE-EVE-HUL-HUL-TOT,BRE,EVE,HUL,HUL,TOT,3.0,2.4,3.0,2.67,2.83,2.6364,0.1732
4,2+1+1+1,BRE-EVE-HUL-TOT-TOT,BRE,EVE,HUL,TOT,TOT,3.0,2.4,3.0,2.67,2.83,2.6364,0.1732
4,2+1+1+1,BRE-FUL-HUL-HUL-MUN,BRE,FUL,HUL,HUL,MUN,3.0,2.4,3.0,2.67,2.83,2.6364,0.1732
4,2+1+1+1,BRE-HUL-HUL-MUN-NEW,BRE,HUL,HUL,MUN,NEW,3.0,2.4,3.0,2.67,2.83,2.6364,0.1732
4,2+1+1+1,BRE-HUL-HUL-NEW-SUN,BRE,HUL,HUL,NEW,SUN,3.0,2.4,3.0,2.67,2.83,2.6364,0.1732
4,2+1+1+1,EVE-HUL-HUL-LIV-TOT,EVE,HUL,HUL,LIV,TOT,3.0,2.4,3.0,2.67,2.83,2.6364,0.1732
4,2+1+1+1,EVE-HUL-HUL-MCI-TOT,EVE,HUL,HUL,MCI,TOT,3.0,2.4,3.0,2.67,2.83,2.6364,0.1732
4,2+1+1+1,EVE-HUL-LIV-TOT-TOT,EVE,HUL,LIV,TOT,TOT,3.0,2.4,3.0,2.67,2.83,2.6364,0.1732
4,2+1+1+1,EVE-HUL-MCI-TOT-TOT,EVE,HUL,MCI,TOT,TOT,3.0,2.4,3.0,2.67,2.83,2.6364,0.1732
3,2+2+1,FUL-FUL-HUL-MUN-MUN,FUL,FUL,HUL,MUN,MUN,2.67,2.4,3.0,3.0,2.83,2.6364,0.1732
4,2+1+1+1,FUL-HUL-HUL-LIV-MUN,FUL,HUL,HUL,LIV,MUN,3.0,2.4,3.0,2.67,2.83,2.6364,0.1732
4,2+1+1+1,FUL-HUL-HUL-MCI-MUN,FUL,HUL,HUL,MCI,MUN,3.0,2.4,3.0,2.67,2.83,2.6364,0.1732
4,2+1+1+1,FUL-HUL-MUN-MUN-NEW,FUL,HUL,MUN,MUN,NEW,2.67,2.4,3.0,3.0,2.83,2.6364,0.1732
4,2+1+1+1,HUL-HUL-LIV-MUN-NEW,HUL,HUL,LIV,MUN,NEW,3.0,2.4,3.0,2.67,2.83,2.6364,0.1732
4,2+1+1+1,HUL-HUL-LIV-NEW-SUN,HUL,HUL,LIV,NEW,SUN,3.0,2.4,3.0,2.67,2.83,2.6364,0.1732
4,2+1+1+1,HUL-HUL-MCI-MUN-NEW,HUL,HUL,MCI,MUN,NEW,3.0,2.4,3.0,2.67,2.83,2.6364,0.1732
4,2+1+1+1,HUL-HUL-MCI-NEW-SUN,HUL,HUL,MCI,NEW,SUN,3.0,2.4,3.0,2.67,2.83,2.6364,0.1732
4,2+1+1+1,HUL-LEE-LIV-TOT-TOT,HUL,LEE,LIV,TOT,TOT,3.0,2.4,3.0,2.67,2.83,2.6364,0.1732
4,2+1+1+1,HUL-LEE-MCI-TOT-TOT,HUL,LEE,MCI,TOT,TOT,3.0,2.4,3.0,2.67,2.83,2.6364,0.1732
3,2+2+1,HUL-MUN-MUN-NEW-NEW,HUL,MUN,MUN,NEW,NEW,2.67,2.4,3.0,3.0,2.83,2.6364,0.1732
4,2+1+1+1,HUL-MUN-NEW-NEW-SUN,HUL,MUN,NEW,NEW,SUN,2.67,2.4,3.0,3.0,2.83,2.6364,0.1732
3,2+2+1,HUL-NEW-NEW-SUN-SUN,HUL,NEW,NEW,SUN,SUN,2.67,2.4,3.0,3.0,2.83,2.6364,0.1732
5,1+1+1+1+1,BOU-BRE-CHE-COV-TOT,BOU,BRE,CHE,COV,TOT,3.0,2.4,3.0,2.67,2.83,2.6364,0.1878
4,2+1+1+1,BOU-BRE-CHE-TOT-TOT,BOU,BRE,CHE,TOT,TOT,3.0,2.4,3.0,2.67,2.83,2.6364,0.1878
5,1+1+1+1+1,BOU-CHE-COV-LIV-TOT,BOU,CHE,COV,LIV,TOT,3.0,2.4,3.0,2.67,2.83,2.6364,0.1878
5,1+1+1+1+1,BOU-CHE-COV-MCI-TOT,BOU,CHE,COV,MCI,TOT,3.0,2.4,3.0,2.67,2.83,2.6364,0.1878
4,2+1+1+1,BOU-CHE-LIV-TOT-TOT,BOU,CHE,LIV,TOT,TOT,3.0,2.4,3.0,2.67,2.83,2.6364,0.1878
4,2+1+1+1,BOU-CHE-MCI-TOT-TOT,BOU,CHE,MCI,TOT,TOT,3.0,2.4,3.0,2.67,2.83,2.6364,0.1878
5,1+1+1+1+1,BRE-CHE-COV-FUL-TOT,BRE,CHE,COV,FUL,TOT,3.0,2.4,3.0,2.67,2.83,2.6364,0.1878
4,2+1+1+1,BRE-CHE-FUL-TOT-TOT,BRE,CHE,FUL,TOT,TOT,3.0,2.4,3.0,2.67,2.83,2.6364,0.1878
5,1+1+1+1+1,CHE-COV-FUL-LIV-TOT,CHE,COV,FUL,LIV,TOT,3.0,2.4,3.0,2.67,2.83,2.6364,0.1878
5,1+1+1+1+1,CHE-COV-FUL-MCI-TOT,CHE,COV,FUL,MCI,TOT,3.0,2.4,3.0,2.67,2.83,2.6364,0.1878
4,2+1+1+1,CHE-FUL-LIV-TOT-TOT,CHE,FUL,LIV,TOT,TOT,3.0,2.4,3.0,2.67,2.83,2.6364,0.1878
4,2+1+1+1,CHE-FUL-MCI-TOT-TOT,CHE,FUL,MCI,TOT,TOT,3.0,2.4,3.0,2.67,2.83,2.6364,0.1878
4,2+1+1+1,BRE-CHE-CHE-EVE-MUN,BRE,CHE,CHE,EVE,MUN,2.67,2.4,3.0,3.0,2.83,2.6364,0.189
4,2+1+1+1,BRE-CHE-CHE-EVE-SUN,BRE,CHE,CHE,EVE,SUN,2.67,2.4,3.0,3.0,2.83,2.6364,0.189
4,2+1+1+1,CHE-CHE-EVE-LIV-MUN,CHE,CHE,EVE,LIV,MUN,2.67,2.4,3.0,3.0,2.83,2.6364,0.189
4,2+1+1+1,CHE-CHE-EVE-LIV-SUN,CHE,CHE,EVE,LIV,SUN,2.67,2.4,3.0,3.0,2.83,2.6364,0.189
4,2+1+1+1,CHE-CHE-EVE-MCI-MUN,CHE,CHE,EVE,MCI,MUN,2.67,2.4,3.0,3.0,2.83,2.6364,0.189
4,2+1+1+1,CHE-CHE-EVE-MCI-SUN,CHE,CHE,EVE,MCI,SUN,2.67,2.4,3.0,3.0,2.83,2.6364,0.189
4,2+1+1+1,BOU-COV-FUL-MUN-MUN,BOU,COV,FUL,MUN,MUN,2.67,2.4,3.0,3.0,2.83,2.6364,0.2
4,2+1+1+1,BOU-COV-MUN-MUN-NEW,BOU,COV,MUN,MUN,NEW,2.67,2.4,3.0,3.0,2.83,2.6364,0.2
5,1+1+1+1+1,BOU-COV-MUN-NEW-SUN,BOU,COV,MUN,NEW,SUN,2.67,2.4,3.0,3.0,2.83,2.6364,0.2
4,2+1+1+1,BOU-COV-NEW-SUN-SUN,BOU,COV,NEW,SUN,SUN,2.67,2.4,3.0,3.0,2.83,2.6364,0.2
4,2+1+1+1,BRE-COV-EVE-TOT-TOT,BRE,COV,EVE,TOT,TOT,3.0,2.4,3.0,2.67,2.83,2.6364,0.2
3,3+1+1,BRE-EVE-TOT-TOT-TOT,BRE,EVE,TOT,TOT,TOT,3.0,2.4,3.0,2.67,2.83,2.6364,0.2
4,2+1+1+1,COV-EVE-LIV-TOT-TOT,COV,EVE,LIV,TOT,TOT,3.0,2.4,3.0,2.67,2.83,2.6364,0.2
4,2+1+1+1,COV-EVE-MCI-TOT-TOT,COV,EVE,MCI,TOT,TOT,3.0,2.4,3.0,2.67,2.83,2.6364,0.2
3,2+2+1,COV-FUL-FUL-MUN-MUN,COV,FUL,FUL,MUN,MUN,2.67,2.4,3.0,3.0,2.83,2.6364,0.2
4,2+1+1+1,COV-FUL-MUN-MUN-NEW,COV,FUL,MUN,MUN,NEW,2.67,2.4,3.0,3.0,2.83,2.6364,0.2
3,2+2+1,COV-MUN-MUN-NEW-NEW,COV,MUN,MUN,NEW,NEW,2.67,2.4,3.0,3.0,2.83,2.6364,0.2
4,2+1+1+1,COV-MUN-NEW-NEW-SUN,COV,MUN,NEW,NEW,SUN,2.67,2.4,3.0,3.0,2.83,2.6364,0.2
3,2+2+1,COV-NEW-NEW-SUN-SUN,COV,NEW,NEW,SUN,SUN,2.67,2.4,3.0,3.0,2.83,2.6364,0.2
4,2+1+1+1,EVE-HUL-HUL-LEE-MUN,EVE,HUL,HUL,LEE,MUN,2.67,2.4,3.0,3.0,2.83,2.6364,0.2
4,2+1+1+1,EVE-HUL-HUL-LEE-SUN,EVE,HUL,HUL,LEE,SUN,2.67,2.4,3.0,3.0,2.83,2.6364,0.2
3,3+1+1,EVE-LIV-TOT-TOT-TOT,EVE,LIV,TOT,TOT,TOT,3.0,2.4,3.0,2.67,2.83,2.6364,0.2
3,3+1+1,EVE-MCI-TOT-TOT-TOT,EVE,MCI,TOT,TOT,TOT,3.0,2.4,3.0,2.67,2.83,2.6364,0.2
3,2+2+1,HUL-HUL-LEE-LEE-MUN,HUL,HUL,LEE,LEE,MUN,2.67,2.4,3.0,3.0,2.83,2.6364,0.2
3,2+2+1,HUL-HUL-LEE-LEE-SUN,HUL,HUL,LEE,LEE,SUN,2.67,2.4,3.0,3.0,2.83,2.6364,0.2
4,2+1+1+1,BOU-CHE-CHE-LEE-MUN,BOU,CHE,CHE,LEE,MUN,2.67,2.4,3.0,3.0,2.83,2.6364,0.2012
4,2+1+1+1,BOU-CHE-CHE-LEE-SUN,BOU,CHE,CHE,LEE,SUN,2.67,2.4,3.0,3.0,2.83,2.6364,0.2012
5,1+1+1+1+1,BOU-CHE-COV-LEE-MUN,BOU,CHE,COV,LEE,MUN,2.67,2.4,3.0,3.0,2.83,2.6364,0.2012
5,1+1+1+1+1,BOU-CHE-COV-LEE-SUN,BOU,CHE,COV,LEE,SUN,2.67,2.4,3.0,3.0,2.83,2.6364,0.2012
5,1+1+1+1+1,BOU-CHE-LEE-MUN-TOT,BOU,CHE,LEE,MUN,TOT,2.67,2.4,3.0,3.0,2.83,2.6364,0.2012
5,1+1+1+1+1,BOU-CHE-LEE-TOT-SUN,BOU,CHE,LEE,TOT,SUN,2.67,2.4,3.0,3.0,2.83,2.6364,0.2012
4,2+1+1+1,CHE-CHE-FUL-LEE-MUN,CHE,CHE,FUL,LEE,MUN,2.67,2.4,3.0,3.0,2.83,2.6364,0.2012
4,2+1+1+1,CHE-CHE-LEE-MUN-NEW,CHE,CHE,LEE,MUN,NEW,2.67,2.4,3.0,3.0,2.83,2.6364,0.2012
4,2+1+1+1,CHE-CHE-LEE-NEW-SUN,CHE,CHE,LEE,NEW,SUN,2.67,2.4,3.0,3.0,2.83,2.6364,0.2012
5,1+1+1+1+1,CHE-COV-FUL-LEE-MUN,CHE,COV,FUL,LEE,MUN,2.67,2.4,3.0,3.0,2.83,2.6364,0.2012
5,1+1+1+1+1,CHE-COV-LEE-MUN-NEW,CHE,COV,LEE,MUN,NEW,2.67,2.4,3.0,3.0,2.83,2.6364,0.2012
5,1+1+1+1+1,CHE-COV-LEE-NEW-SUN,CHE,COV,LEE,NEW,SUN,2.67,2.4,3.0,3.0,2.83,2.6364,0.2012
5,1+1+1+1+1,CHE-FUL-LEE-MUN-TOT,CHE,FUL,LEE,MUN,TOT,2.67,2.4,3.0,3.0,2.83,2.6364,0.2012
3,2+2+1,BOU-BOU-CHE-CHE-MUN,BOU,BOU,CHE,CHE,MUN,2.67,2.4,3.0,3.0,2.83,2.6364,0.2134
3,2+2+1,BOU-BOU-CHE-CHE-SUN,BOU,BOU,CHE,CHE,SUN,2.67,2.4,3.0,3.0,2.83,2.6364,0.2134
4,2+1+1+1,BOU-CHE-CHE-FUL-MUN,BOU,CHE,CHE,FUL,MUN,2.67,2.4,3.0,3.0,2.83,2.6364,0.2134
4,2+1+1+1,BOU-CHE-CHE-MUN-NEW,BOU,CHE,CHE,MUN,NEW,2.67,2.4,3.0,3.0,2.83,2.6364,0.2134
4,2+1+1+1,BOU-CHE-CHE-NEW-SUN,BOU,CHE,CHE,NEW,SUN,2.67,2.4,3.0,3.0,2.83,2.6364,0.2134
3,2+2+1,CHE-CHE-FUL-FUL-MUN,CHE,CHE,FUL,FUL,MUN,2.67,2.4,3.0,3.0,2.83,2.6364,0.2134
4,2+1+1+1,CHE-CHE-FUL-MUN-NEW,CHE,CHE,FUL,MUN,NEW,2.67,2.4,3.0,3.0,2.83,2.6364,0.2134
3,2+2+1,CHE-CHE-MUN-NEW-NEW,CHE,CHE,MUN,NEW,NEW,2.67,2.4,3.0,3.0,2.83,2.6364,0.2134
3,2+2+1,CHE-CHE-NEW-NEW-SUN,CHE,CHE,NEW,NEW,SUN,2.67,2.4,3.0,3.0,2.83,2.6364,0.2134
5,1+1+1+1+1,BOU-BRE-CHE-HUL-TOT,BOU,BRE,CHE,HUL,TOT,3.0,2.4,3.0,2.67,2.83,2.6364,0.2181
5,1+1+1+1+1,BOU-CHE-HUL-LIV-TOT,BOU,CHE,HUL,LIV,TOT,3.0,2.4,3.0,2.67,2.83,2.6364,0.2181
5,1+1+1+1+1,BOU-CHE-HUL-MCI-TOT,BOU,CHE,HUL,MCI,TOT,3.0,2.4,3.0,2.67,2.83,2.6364,0.2181
5,1+1+1+1+1,BRE-CHE-FUL-HUL-TOT,BRE,CHE,FUL,HUL,TOT,3.0,2.4,3.0,2.67,2.83,2.6364,0.2181
5,1+1+1+1+1,CHE-FUL-HUL-LIV-TOT,CHE,FUL,HUL,LIV,TOT,3.0,2.4,3.0,2.67,2.83,2.6364,0.2181
5,1+1+1+1+1,CHE-FUL-HUL-MCI-TOT,CHE,FUL,HUL,MCI,TOT,3.0,2.4,3.0,2.67,2.83,2.6364,0.2181
5,1+1+1+1+1,BOU-HUL-LEE-MUN-TOT,BOU,HUL,LEE,MUN,TOT,2.67,2.4,3.0,3.0,2.83,2.6364,0.2232
5,1+1+1+1+1,BOU-HUL-LEE-TOT-SUN,BOU,HUL,LEE,TOT,SUN,2.67,2.4,3.0,3.0,2.83,2.6364,0.2232
5,1+1+1+1+1,FUL-HUL-LEE-MUN-TOT,FUL,HUL,LEE,MUN,TOT,2.67,2.4,3.0,3.0,2.83,2.6364,0.2232
4,2+1+1+1,HUL-HUL-LEE-LIV-TOT,HUL,HUL,LEE,LIV,TOT,3.0,2.4,3.0,2.67,2.83,2.6364,0.2232
4,2+1+1+1,HUL-HUL-LEE-MCI-TOT,HUL,HUL,LEE,MCI,TOT,3.0,2.4,3.0,2.67,2.83,2.6364,0.2232
4,2+1+1+1,CHE-HUL-LEE-LEE-MUN,CHE,HUL,LEE,LEE,MUN,2.67,2.4,3.0,3.0,2.83,2.6364,0.2272
4,2+1+1+1,CHE-HUL-LEE-LEE-SUN,CHE,HUL,LEE,LEE,SUN,2.67,2.4,3.0,3.0,2.83,2.6364,0.2272
4,2+1+1+1,HUL-LEE-LEE-MUN-TOT,HUL,LEE,LEE,MUN,TOT,2.67,2.4,3.0,3.0,2.83,2.6364,0.2366
4,2+1+1+1,HUL-LEE-LEE-TOT-SUN,HUL,LEE,LEE,TOT,SUN,2.67,2.4,3.0,3.0,2.83,2.6364,0.2366
5,1+1+1+1+1,BOU-COV-LEE-MUN-TOT,BOU,COV,LEE,MUN,TOT,2.67,2.4,3.0,3.0,2.83,2.6364,0.25
5,1+1+1+1+1,BOU-COV-LEE-TOT-SUN,BOU,COV,LEE,TOT,SUN,2.67,2.4,3.0,3.0,2.83,2.6364,0.25
4,2+1+1+1,BOU-LEE-MUN-TOT-TOT,BOU,LEE,MUN,TOT,TOT,2.67,2.4,3.0,3.0,2.83,2.6364,0.25
4,2+1+1+1,BOU-LEE-TOT-TOT-SUN,BOU,LEE,TOT,TOT,SUN,2.67,2.4,3.0,3.0,2.83,2.6364,0.25
5,1+1+1+1+1,COV-FUL-LEE-MUN-TOT,COV,FUL,LEE,MUN,TOT,2.67,2.4,3.0,3.0,2.83,2.6364,0.25
4,2+1+1+1,FUL-LEE-MUN-TOT-TOT,FUL,LEE,MUN,TOT,TOT,2.67,2.4,3.0,3.0,2.83,2.6364,0.25
4,2+1+1+1,BOU-BOU-CHE-MUN-TOT,BOU,BOU,CHE,MUN,TOT,2.67,2.4,3.0,3.0,2.83,2.6364,0.2823
4,2+1+1+1,BOU-BOU-CHE-TOT-SUN,BOU,BOU,CHE,TOT,SUN,2.67,2.4,3.0,3.0,2.83,2.6364,0.2823
5,1+1+1+1+1,BOU-CHE-FUL-MUN-TOT,BOU,CHE,FUL,MUN,TOT,2.67,2.4,3.0,3.0,2.83,2.6364,0.2823
4,2+1+1+1,CHE-FUL-FUL-MUN-TOT,CHE,FUL,FUL,MUN,TOT,2.67,2.4,3.0,3.0,2.83,2.6364,0.2823
5,1+1+1+1+1,EVE-HUL-LEE-MUN-TOT,EVE,HUL,LEE,MUN,TOT,2.67,2.4,3.0,3.0,2.83,2.6364,0.2866
5,1+1+1+1+1,EVE-HUL-LEE-TOT-SUN,EVE,HUL,LEE,TOT,SUN,2.67,2.4,3.0,3.0,2.83,2.6364,0.2866
5,1+1+1+1+1,CHE-EVE-FUL-HUL-MUN,CHE,EVE,FUL,HUL,MUN,2.67,2.4,3.0,3.0,2.83,2.6364,0.2894
5,1+1+1+1+1,CHE-EVE-HUL-MUN-NEW,CHE,EVE,HUL,MUN,NEW,2.67,2.4,3.0,3.0,2.83,2.6364,0.2894
5,1+1+1+1+1,CHE-EVE-HUL-NEW-SUN,CHE,EVE,HUL,NEW,SUN,2.67,2.4,3.0,3.0,2.83,2.6364,0.2894
3,2+2+1,COV-COV-LEE-LEE-MUN,COV,COV,LEE,LEE,MUN,2.67,2.4,3.0,3.0,2.83,2.6364,0.3
3,2+2+1,COV-COV-LEE-LEE-SUN,COV,COV,LEE,LEE,SUN,2.67,2.4,3.0,3.0,2.83,2.6364,0.3
4,2+1+1+1,COV-LEE-LEE-MUN-TOT,COV,LEE,LEE,MUN,TOT,2.67,2.4,3.0,3.0,2.83,2.6364,0.3
4,2+1+1+1,COV-LEE-LEE-TOT-SUN,COV,LEE,LEE,TOT,SUN,2.67,2.4,3.0,3.0,2.83,2.6364,0.3
3,2+2+1,LEE-LEE-MUN-TOT-TOT,LEE,LEE,MUN,TOT,TOT,2.67,2.4,3.0,3.0,2.83,2.6364,0.3
3,2+2+1,LEE-LEE-TOT-TOT-SUN,LEE,LEE,TOT,TOT,SUN,2.67,2.4,3.0,3.0,2.83,2.6364,0.3
4,2+1+1+1,CHE-COV-LEE-LEE-MUN,CHE,COV,LEE,LEE,MUN,2.67,2.4,3.0,3.0,2.83,2.6364,0.3201
4,2+1+1+1,CHE-COV-LEE-LEE-SUN,CHE,COV,LEE,LEE,SUN,2.67,2.4,3.0,3.0,2.83,2.6364,0.3201
4,2+1+1+1,CHE-LEE-LEE-MUN-TOT,CHE,LEE,LEE,MUN,TOT,2.67,2.4,3.0,3.0,2.83,2.6364,0.3201
4,2+1+1+1,CHE-LEE-LEE-TOT-SUN,CHE,LEE,LEE,TOT,SUN,2.67,2.4,3.0,3.0,2.83,2.6364,0.3201
5,1+1+1+1+1,CHE-EVE-HUL-LEE-MUN,CHE,EVE,HUL,LEE,MUN,2.67,2.4,3.0,3.0,2.83,2.6364,0.3217
5,1+1+1+1+1,CHE-EVE-HUL-LEE-SUN,CHE,EVE,HUL,LEE,SUN,2.67,2.4,3.0,3.0,2.83,2.6364,0.3217
5,1+1+1+1+1,EVE-FUL-HUL-MUN-TOT,EVE,FUL,HUL,MUN,TOT,2.67,2.4,3.0,3.0,2.83,2.6364,0.3232
4,2+1+1+1,BOU-BRE-COV-TOT-TOT,BOU,BRE,COV,TOT,TOT,3.0,2.4,3.0,2.67,2.83,2.6364,0.35
3,3+1+1,BOU-BRE-TOT-TOT-TOT,BOU,BRE,TOT,TOT,TOT,3.0,2.4,3.0,2.67,2.83,2.6364,0.35
4,2+1+1+1,BOU-COV-LIV-TOT-TOT,BOU,COV,LIV,TOT,TOT,3.0,2.4,3.0,2.67,2.83,2.6364,0.35
4,2+1+1+1,BOU-COV-MCI-TOT-TOT,BOU,COV,MCI,TOT,TOT,3.0,2.4,3.0,2.67,2.83,2.6364,0.35
3,3+1+1,BOU-LIV-TOT-TOT-TOT,BOU,LIV,TOT,TOT,TOT,3.0,2.4,3.0,2.67,2.83,2.6364,0.35
3,3+1+1,BOU-MCI-TOT-TOT-TOT,BOU,MCI,TOT,TOT,TOT,3.0,2.4,3.0,2.67,2.83,2.6364,0.35
4,2+1+1+1,BRE-COV-FUL-TOT-TOT,BRE,COV,FUL,TOT,TOT,3.0,2.4,3.0,2.67,2.83,2.6364,0.35
3,3+1+1,BRE-FUL-TOT-TOT-TOT,BRE,FUL,TOT,TOT,TOT,3.0,2.4,3.0,2.67,2.83,2.6364,0.35
4,2+1+1+1,COV-FUL-LIV-TOT-TOT,COV,FUL,LIV,TOT,TOT,3.0,2.4,3.0,2.67,2.83,2.6364,0.35
4,2+1+1+1,COV-FUL-MCI-TOT-TOT,COV,FUL,MCI,TOT,TOT,3.0,2.4,3.0,2.67,2.83,2.6364,0.35
3,3+1+1,FUL-LIV-TOT-TOT-TOT,FUL,LIV,TOT,TOT,TOT,3.0,2.4,3.0,2.67,2.83,2.6364,0.35
3,3+1+1,FUL-MCI-TOT-TOT-TOT,FUL,MCI,TOT,TOT,TOT,3.0,2.4,3.0,2.67,2.83,2.6364,0.35
3,2+2+1,CHE-CHE-LEE-LEE-MUN,CHE,CHE,LEE,LEE,MUN,2.67,2.4,3.0,3.0,2.83,2.6364,0.389
3,2+2+1,CHE-CHE-LEE-LEE-SUN,CHE,CHE,LEE,LEE,SUN,2.67,2.4,3.0,3.0,2.83,2.6364,0.389
5,1+1+1+1+1,CHE-EVE-FUL-MUN-TOT,CHE,EVE,FUL,MUN,TOT,2.67,2.4,3.0,3.0,2.83,2.6364,0.3957
3,2+2+1,BOU-BOU-MUN-TOT-TOT,BOU,BOU,MUN,TOT,TOT,2.67,2.4,3.0,3.0,2.83,2.6364,0.4
3,2+2+1,BOU-BOU-TOT-TOT-SUN,BOU,BOU,TOT,TOT,SUN,2.67,2.4,3.0,3.0,2.83,2.6364,0.4
4,2+1+1+1,BOU-FUL-MUN-TOT-TOT,BOU,FUL,MUN,TOT,TOT,2.67,2.4,3.0,3.0,2.83,2.6364,0.4
2,3+2,BRE-BRE-HUL-HUL-HUL,BRE,BRE,HUL,HUL,HUL,3.33,2.4,3.0,2.33,2.83,2.6364,0.4
3,3+1+1,BRE-HUL-HUL-HUL-LIV,BRE,HUL,HUL,HUL,LIV,3.33,2.4,3.0,2.33,2.83,2.6364,0.4
3,3+1+1,BRE-HUL-HUL-HUL-MCI,BRE,HUL,HUL,HUL,MCI,3.33,2.4,3.0,2.33,2.83,2.6364,0.4
5,1+1+1+1+1,COV-EVE-FUL-MUN-TOT,COV,EVE,FUL,MUN,TOT,2.67,2.4,3.0,3.0,2.83,2.6364,0.4
5,1+1+1+1+1,COV-EVE-LEE-MUN-TOT,COV,EVE,LEE,MUN,TOT,2.67,2.4,3.0,3.0,2.83,2.6364,0.4
5,1+1+1+1+1,COV-EVE-LEE-TOT-SUN,COV,EVE,LEE,TOT,SUN,2.67,2.4,3.0,3.0,2.83,2.6364,0.4
3,2+2+1,EVE-EVE-HUL-HUL-MUN,EVE,EVE,HUL,HUL,MUN,2.67,2.4,3.0,3.0,2.83,2.6364,0.4
3,2+2+1,EVE-EVE-HUL-HUL-SUN,EVE,EVE,HUL,HUL,SUN,2.67,2.4,3.0,3.0,2.83,2.6364,0.4
4,2+1+1+1,EVE-FUL-MUN-TOT-TOT,EVE,FUL,MUN,TOT,TOT,2.67,2.4,3.0,3.0,2.83,2.6364,0.4
4,2+1+1+1,EVE-LEE-MUN-TOT-TOT,EVE,LEE,MUN,TOT,TOT,2.67,2.4,3.0,3.0,2.83,2.6364,0.4
4,2+1+1+1,EVE-LEE-TOT-TOT-SUN,EVE,LEE,TOT,TOT,SUN,2.67,2.4,3.0,3.0,2.83,2.6364,0.4
3,2+2+1,FUL-FUL-MUN-TOT-TOT,FUL,FUL,MUN,TOT,TOT,2.67,2.4,3.0,3.0,2.83,2.6364,0.4
2,3+2,HUL-HUL-HUL-LIV-LIV,HUL,HUL,HUL,LIV,LIV,3.33,2.4,3.0,2.33,2.83,2.6364,0.4
3,3+1+1,HUL-HUL-HUL-LIV-MCI,HUL,HUL,HUL,LIV,MCI,3.33,2.4,3.0,2.33,2.83,2.6364,0.4
2,3+2,HUL-HUL-HUL-MCI-MCI,HUL,HUL,HUL,MCI,MCI,3.33,2.4,3.0,2.33,2.83,2.6364,0.4
4,2+1+1+1,BOU-BRE-HUL-TOT-TOT,BOU,BRE,HUL,TOT,TOT,3.0,2.4,3.0,2.67,2.83,2.6364,0.4098
4,2+1+1+1,BOU-HUL-LIV-TOT-TOT,BOU,HUL,LIV,TOT,TOT,3.0,2.4,3.0,2.67,2.83,2.6364,0.4098
4,2+1+1+1,BOU-HUL-MCI-TOT-TOT,BOU,HUL,MCI,TOT,TOT,3.0,2.4,3.0,2.67,2.83,2.6364,0.4098
4,2+1+1+1,BRE-FUL-HUL-TOT-TOT,BRE,FUL,HUL,TOT,TOT,3.0,2.4,3.0,2.67,2.83,2.6364,0.4098
4,2+1+1+1,FUL-HUL-LIV-TOT-TOT,FUL,HUL,LIV,TOT,TOT,3.0,2.4,3.0,2.67,2.83,2.6364,0.4098
4,2+1+1+1,FUL-HUL-MCI-TOT-TOT,FUL,HUL,MCI,TOT,TOT,3.0,2.4,3.0,2.67,2.83,2.6364,0.4098
5,1+1+1+1+1,CHE-EVE-LEE-MUN-TOT,CHE,EVE,LEE,MUN,TOT,2.67,2.4,3.0,3.0,2.83,2.6364,0.4646
5,1+1+1+1+1,CHE-EVE-LEE-TOT-SUN,CHE,EVE,LEE,TOT,SUN,2.67,2.4,3.0,3.0,2.83,2.6364,0.4646
4,2+1+1+1,EVE-EVE-HUL-MUN-TOT,EVE,EVE,HUL,MUN,TOT,2.67,2.4,3.0,3.0,2.83,2.6364,0.5366
4,2+1+1+1,EVE-EVE-HUL-TOT-SUN,EVE,EVE,HUL,TOT,SUN,2.67,2.4,3.0,3.0,2.83,2.6364,0.5366
3,2+2+1,EVE-EVE-MUN-TOT-TOT,EVE,EVE,MUN,TOT,TOT,2.67,2.4,3.0,3.0,2.83,2.6364,0.7
3,2+2+1,EVE-EVE-TOT-TOT-SUN,EVE,EVE,TOT,TOT,SUN,2.67,2.4,3.0,3.0,2.83,2.6364,0.7
3,2+2+1,COV-EVE-EVE-MUN-MUN,COV,EVE,EVE,MUN,MUN,2.33,2.4,3.0,3.33,2.83,2.6364,0.8
4,2+1+1+1,COV-EVE-EVE-MUN-SUN,COV,EVE,EVE,MUN,SUN,2.33,2.4,3.0,3.33,2.83,2.6364,0.8
3,2+2+1,COV-EVE-EVE-SUN-SUN,COV,EVE,EVE,SUN,SUN,2.33,2.4,3.0,3.33,2.83,2.6364,0.8
3,2+2+1,CHE-EVE-EVE-MUN-MUN,CHE,EVE,EVE,MUN,MUN,2.33,2.4,3.0,3.33,2.83,2.6364,0.978
4,2+1+1+1,CHE-EVE-EVE-MUN-SUN,CHE,EVE,EVE,MUN,SUN,2.33,2.4,3.0,3.33,2.83,2.6364,0.978
3,2+2+1,CHE-EVE-EVE-SUN-SUN,CHE,EVE,EVE,SUN,SUN,2.33,2.4,3.0,3.33,2.83,2.6364,0.978
3,2+2+1,CHE-CHE-LEE-LIV-LIV,CHE,CHE,LEE,LIV,LIV,3.0,2.6,3.0,2.33,2.67,2.6364,-0.178
4,2+1+1+1,CHE-CHE-LEE-LIV-MCI,CHE,CHE,LEE,LIV,MCI,3.0,2.6,3.0,2.33,2.67,2.6364,-0.178
3,2+2+1,CHE-CHE-LEE-MCI-MCI,CHE,CHE,LEE,MCI,MCI,3.0,2.6,3.0,2.33,2.67,2.6364,-0.178
4,2+1+1+1,BRE-BRE-CHE-EVE-TOT,BRE,BRE,CHE,EVE,TOT,3.0,2.6,3.0,2.33,2.67,2.6364,-0.1689
5,1+1+1+1+1,BRE-CHE-EVE-LIV-TOT,BRE,CHE,EVE,LIV,TOT,3.0,2.6,3.0,2.33,2.67,2.6364,-0.1689
5,1+1+1+1+1,BRE-CHE-EVE-MCI-TOT,BRE,CHE,EVE,MCI,TOT,3.0,2.6,3.0,2.33,2.67,2.6364,-0.1689
4,2+1+1+1,CHE-EVE-LIV-LIV-TOT,CHE,EVE,LIV,LIV,TOT,3.0,2.6,3.0,2.33,2.67,2.6364,-0.1689
5,1+1+1+1+1,CHE-EVE-LIV-MCI-TOT,CHE,EVE,LIV,MCI,TOT,3.0,2.6,3.0,2.33,2.67,2.6364,-0.1689
4,2+1+1+1,CHE-EVE-MCI-MCI-TOT,CHE,EVE,MCI,MCI,TOT,3.0,2.6,3.0,2.33,2.67,2.6364,-0.1689
4,2+1+1+1,BRE-BRE-CHE-EVE-HUL,BRE,BRE,CHE,EVE,HUL,3.0,2.6,3.0,2.33,2.67,2.6364,-0.1618
5,1+1+1+1+1,BRE-CHE-EVE-HUL-LIV,BRE,CHE,EVE,HUL,LIV,3.0,2.6,3.0,2.33,2.67,2.6364,-0.1618
5,1+1+1+1+1,BRE-CHE-EVE-HUL-MCI,BRE,CHE,EVE,HUL,MCI,3.0,2.6,3.0,2.33,2.67,2.6364,-0.1618
4,2+1+1+1,CHE-EVE-HUL-LIV-LIV,CHE,EVE,HUL,LIV,LIV,3.0,2.6,3.0,2.33,2.67,2.6364,-0.1618
5,1+1+1+1+1,CHE-EVE-HUL-LIV-MCI,CHE,EVE,HUL,LIV,MCI,3.0,2.6,3.0,2.33,2.67,2.6364,-0.1618
4,2+1+1+1,CHE-EVE-HUL-MCI-MCI,CHE,EVE,HUL,MCI,MCI,3.0,2.6,3.0,2.33,2.67,2.6364,-0.1618
5,1+1+1+1+1,BOU-CHE-LEE-LIV-MUN,BOU,CHE,LEE,LIV,MUN,2.67,2.6,3.0,2.67,2.67,2.6364,-0.1189
5,1+1+1+1+1,BOU-CHE-LEE-LIV-SUN,BOU,CHE,LEE,LIV,SUN,2.67,2.6,3.0,2.67,2.67,2.6364,-0.1189
5,1+1+1+1+1,BOU-CHE-LEE-MCI-MUN,BOU,CHE,LEE,MCI,MUN,2.67,2.6,3.0,2.67,2.67,2.6364,-0.1189
5,1+1+1+1+1,BOU-CHE-LEE-MCI-SUN,BOU,CHE,LEE,MCI,SUN,2.67,2.6,3.0,2.67,2.67,2.6364,-0.1189
5,1+1+1+1+1,CHE-FUL-LEE-LIV-MUN,CHE,FUL,LEE,LIV,MUN,2.67,2.6,3.0,2.67,2.67,2.6364,-0.1189
5,1+1+1+1+1,CHE-FUL-LEE-MCI-MUN,CHE,FUL,LEE,MCI,MUN,2.67,2.6,3.0,2.67,2.67,2.6364,-0.1189
5,1+1+1+1+1,CHE-LEE-LIV-MUN-NEW,CHE,LEE,LIV,MUN,NEW,2.67,2.6,3.0,2.67,2.67,2.6364,-0.1189
5,1+1+1+1+1,CHE-LEE-LIV-NEW-SUN,CHE,LEE,LIV,NEW,SUN,2.67,2.6,3.0,2.67,2.67,2.6364,-0.1189
5,1+1+1+1+1,CHE-LEE-MCI-MUN-NEW,CHE,LEE,MCI,MUN,NEW,2.67,2.6,3.0,2.67,2.67,2.6364,-0.1189
5,1+1+1+1+1,CHE-LEE-MCI-NEW-SUN,CHE,LEE,MCI,NEW,SUN,2.67,2.6,3.0,2.67,2.67,2.6364,-0.1189
3,2+2+1,BOU-BRE-BRE-CHE-CHE,BOU,BRE,BRE,CHE,CHE,3.0,2.6,3.0,2.33,2.67,2.6364,-0.1158
4,2+1+1+1,BOU-BRE-CHE-CHE-LIV,BOU,BRE,CHE,CHE,LIV,3.0,2.6,3.0,2.33,2.67,2.6364,-0.1158
4,2+1+1+1,BOU-BRE-CHE-CHE-MCI,BOU,BRE,CHE,CHE,MCI,3.0,2.6,3.0,2.33,2.67,2.6364,-0.1158
3,2+2+1,BOU-CHE-CHE-LIV-LIV,BOU,CHE,CHE,LIV,LIV,3.0,2.6,3.0,2.33,2.67,2.6364,-0.1158
4,2+1+1+1,BOU-CHE-CHE-LIV-MCI,BOU,CHE,CHE,LIV,MCI,3.0,2.6,3.0,2.33,2.67,2.6364,-0.1158
3,2+2+1,BOU-CHE-CHE-MCI-MCI,BOU,CHE,CHE,MCI,MCI,3.0,2.6,3.0,2.33,2.67,2.6364,-0.1158
3,2+2+1,BRE-BRE-CHE-CHE-FUL,BRE,BRE,CHE,CHE,FUL,3.0,2.6,3.0,2.33,2.67,2.6364,-0.1158
3,2+2+1,BRE-BRE-CHE-CHE-NEW,BRE,BRE,CHE,CHE,NEW,3.0,2.6,3.0,2.33,2.67,2.6364,-0.1158
4,2+1+1+1,BRE-CHE-CHE-FUL-LIV,BRE,CHE,CHE,FUL,LIV,3.0,2.6,3.0,2.33,2.67,2.6364,-0.1158
4,2+1+1+1,BRE-CHE-CHE-FUL-MCI,BRE,CHE,CHE,FUL,MCI,3.0,2.6,3.0,2.33,2.67,2.6364,-0.1158
4,2+1+1+1,BRE-CHE-CHE-LIV-NEW,BRE,CHE,CHE,LIV,NEW,3.0,2.6,3.0,2.33,2.67,2.6364,-0.1158
4,2+1+1+1,BRE-CHE-CHE-MCI-NEW,BRE,CHE,CHE,MCI,NEW,3.0,2.6,3.0,2.33,2.67,2.6364,-0.1158
3,2+2+1,CHE-CHE-FUL-LIV-LIV,CHE,CHE,FUL,LIV,LIV,3.0,2.6,3.0,2.33,2.67,2.6364,-0.1158
4,2+1+1+1,CHE-CHE-FUL-LIV-MCI,CHE,CHE,FUL,LIV,MCI,3.0,2.6,3.0,2.33,2.67,2.6364,-0.1158
3,2+2+1,CHE-CHE-FUL-MCI-MCI,CHE,CHE,FUL,MCI,MCI,3.0,2.6,3.0,2.33,2.67,2.6364,-0.1158
3,2+2+1,CHE-CHE-LIV-LIV-NEW,CHE,CHE,LIV,LIV,NEW,3.0,2.6,3.0,2.33,2.67,2.6364,-0.1158
4,2+1+1+1,CHE-CHE-LIV-MCI-NEW,CHE,CHE,LIV,MCI,NEW,3.0,2.6,3.0,2.33,2.67,2.6364,-0.1158
3,2+2+1,CHE-CHE-MCI-MCI-NEW,CHE,CHE,MCI,MCI,NEW,3.0,2.6,3.0,2.33,2.67,2.6364,-0.1158
4,2+1+1+1,CHE-COV-LEE-LIV-LIV,CHE,COV,LEE,LIV,LIV,3.0,2.6,3.0,2.33,2.67,2.6364,-0.1134
5,1+1+1+1+1,CHE-COV-LEE-LIV-MCI,CHE,COV,LEE,LIV,MCI,3.0,2.6,3.0,2.33,2.67,2.6364,-0.1134
4,2+1+1+1,CHE-COV-LEE-MCI-MCI,CHE,COV,LEE,MCI,MCI,3.0,2.6,3.0,2.33,2.67,2.6364,-0.1134
4,2+1+1+1,CHE-LEE-LIV-LIV-TOT,CHE,LEE,LIV,LIV,TOT,3.0,2.6,3.0,2.33,2.67,2.6364,-0.1134
5,1+1+1+1+1,CHE-LEE-LIV-MCI-TOT,CHE,LEE,LIV,MCI,TOT,3.0,2.6,3.0,2.33,2.67,2.6364,-0.1134
4,2+1+1+1,CHE-LEE-MCI-MCI-TOT,CHE,LEE,MCI,MCI,TOT,3.0,2.6,3.0,2.33,2.67,2.6364,-0.1134
4,2+1+1+1,BRE-BRE-COV-EVE-TOT,BRE,BRE,COV,EVE,TOT,3.0,2.6,3.0,2.33,2.67,2.6364,-0.1
3,2+2+1,BRE-BRE-EVE-TOT-TOT,BRE,BRE,EVE,TOT,TOT,3.0,2.6,3.0,2.33,2.67,2.6364,-0.1
5,1+1+1+1+1,BRE-COV-EVE-LIV-TOT,BRE,COV,EVE,LIV,TOT,3.0,2.6,3.0,2.33,2.67,2.6364,-0.1
5,1+1+1+1+1,BRE-COV-EVE-MCI-TOT,BRE,COV,EVE,MCI,TOT,3.0,2.6,3.0,2.33,2.67,2.6364,-0.1
4,2+1+1+1,BRE-EVE-LIV-TOT-TOT,BRE,EVE,LIV,TOT,TOT,3.0,2.6,3.0,2.33,2.67,2.6364,-0.1
4,2+1+1+1,BRE-EVE-MCI-TOT-TOT,BRE,EVE,MCI,TOT,TOT,3.0,2.6,3.0,2.33,2.67,2.6364,-0.1
4,2+1+1+1,COV-EVE-LIV-LIV-TOT,COV,EVE,LIV,LIV,TOT,3.0,2.6,3.0,2.33,2.67,2.6364,-0.1
5,1+1+1+1+1,COV-EVE-LIV-MCI-TOT,COV,EVE,LIV,MCI,TOT,3.0,2.6,3.0,2.33,2.67,2.6364,-0.1
4,2+1+1+1,COV-EVE-MCI-MCI-TOT,COV,EVE,MCI,MCI,TOT,3.0,2.6,3.0,2.33,2.67,2.6364,-0.1
5,1+1+1+1+1,EVE-HUL-LEE-LIV-MUN,EVE,HUL,LEE,LIV,MUN,2.67,2.6,3.0,2.67,2.67,2.6364,-0.1
5,1+1+1+1+1,EVE-HUL-LEE-LIV-SUN,EVE,HUL,LEE,LIV,SUN,2.67,2.6,3.0,2.67,2.67,2.6364,-0.1
5,1+1+1+1+1,EVE-HUL-LEE-MCI-MUN,EVE,HUL,LEE,MCI,MUN,2.67,2.6,3.0,2.67,2.67,2.6364,-0.1
5,1+1+1+1+1,EVE-HUL-LEE-MCI-SUN,EVE,HUL,LEE,MCI,SUN,2.67,2.6,3.0,2.67,2.67,2.6364,-0.1
3,2+2+1,EVE-LIV-LIV-TOT-TOT,EVE,LIV,LIV,TOT,TOT,3.0,2.6,3.0,2.33,2.67,2.6364,-0.1
4,2+1+1+1,EVE-LIV-MCI-TOT-TOT,EVE,LIV,MCI,TOT,TOT,3.0,2.6,3.0,2.33,2.67,2.6364,-0.1
3,2+2+1,EVE-MCI-MCI-TOT-TOT,EVE,MCI,MCI,TOT,TOT,3.0,2.6,3.0,2.33,2.67,2.6364,-0.1
5,1+1+1+1+1,BRE-CHE-EVE-FUL-MUN,BRE,CHE,EVE,FUL,MUN,2.67,2.6,3.0,2.67,2.67,2.6364,-0.0744
5,1+1+1+1+1,BRE-CHE-EVE-MUN-NEW,BRE,CHE,EVE,MUN,NEW,2.67,2.6,3.0,2.67,2.67,2.6364,-0.0744
5,1+1+1+1+1,BRE-CHE-EVE-NEW-SUN,BRE,CHE,EVE,NEW,SUN,2.67,2.6,3.0,2.67,2.67,2.6364,-0.0744
5,1+1+1+1+1,CHE-EVE-FUL-LIV-MUN,CHE,EVE,FUL,LIV,MUN,2.67,2.6,3.0,2.67,2.67,2.6364,-0.0744
5,1+1+1+1+1,CHE-EVE-FUL-MCI-MUN,CHE,EVE,FUL,MCI,MUN,2.67,2.6,3.0,2.67,2.67,2.6364,-0.0744
5,1+1+1+1+1,CHE-EVE-LIV-MUN-NEW,CHE,EVE,LIV,MUN,NEW,2.67,2.6,3.0,2.67,2.67,2.6364,-0.0744
5,1+1+1+1+1,CHE-EVE-LIV-NEW-SUN,CHE,EVE,LIV,NEW,SUN,2.67,2.6,3.0,2.67,2.67,2.6364,-0.0744
5,1+1+1+1+1,CHE-EVE-MCI-MUN-NEW,CHE,EVE,MCI,MUN,NEW,2.67,2.6,3.0,2.67,2.67,2.6364,-0.0744
5,1+1+1+1+1,CHE-EVE-MCI-NEW-SUN,CHE,EVE,MCI,NEW,SUN,2.67,2.6,3.0,2.67,2.67,2.6364,-0.0744
4,2+1+1+1,BRE-BRE-EVE-HUL-TOT,BRE,BRE,EVE,HUL,TOT,3.0,2.6,3.0,2.33,2.67,2.6364,-0.0634
5,1+1+1+1+1,BRE-EVE-FUL-HUL-MUN,BRE,EVE,FUL,HUL,MUN,2.67,2.6,3.0,2.67,2.67,2.6364,-0.0634
5,1+1+1+1+1,BRE-EVE-HUL-LIV-TOT,BRE,EVE,HUL,LIV,TOT,3.0,2.6,3.0,2.33,2.67,2.6364,-0.0634
5,1+1+1+1+1,BRE-EVE-HUL-MCI-TOT,BRE,EVE,HUL,MCI,TOT,3.0,2.6,3.0,2.33,2.67,2.6364,-0.0634
5,1+1+1+1+1,BRE-EVE-HUL-MUN-NEW,BRE,EVE,HUL,MUN,NEW,2.67,2.6,3.0,2.67,2.67,2.6364,-0.0634
5,1+1+1+1+1,BRE-EVE-HUL-NEW-SUN,BRE,EVE,HUL,NEW,SUN,2.67,2.6,3.0,2.67,2.67,2.6364,-0.0634
5,1+1+1+1+1,EVE-FUL-HUL-LIV-MUN,EVE,FUL,HUL,LIV,MUN,2.67,2.6,3.0,2.67,2.67,2.6364,-0.0634
5,1+1+1+1+1,EVE-FUL-HUL-MCI-MUN,EVE,FUL,HUL,MCI,MUN,2.67,2.6,3.0,2.67,2.67,2.6364,-0.0634
4,2+1+1+1,EVE-HUL-LIV-LIV-TOT,EVE,HUL,LIV,LIV,TOT,3.0,2.6,3.0,2.33,2.67,2.6364,-0.0634
5,1+1+1+1+1,EVE-HUL-LIV-MCI-TOT,EVE,HUL,LIV,MCI,TOT,3.0,2.6,3.0,2.33,2.67,2.6364,-0.0634
5,1+1+1+1+1,EVE-HUL-LIV-MUN-NEW,EVE,HUL,LIV,MUN,NEW,2.67,2.6,3.0,2.67,2.67,2.6364,-0.0634
5,1+1+1+1+1,EVE-HUL-LIV-NEW-SUN,EVE,HUL,LIV,NEW,SUN,2.67,2.6,3.0,2.67,2.67,2.6364,-0.0634
4,2+1+1+1,EVE-HUL-MCI-MCI-TOT,EVE,HUL,MCI,MCI,TOT,3.0,2.6,3.0,2.33,2.67,2.6364,-0.0634
5,1+1+1+1+1,EVE-HUL-MCI-MUN-NEW,EVE,HUL,MCI,MUN,NEW,2.67,2.6,3.0,2.67,2.67,2.6364,-0.0634
5,1+1+1+1+1,EVE-HUL-MCI-NEW-SUN,EVE,HUL,MCI,NEW,SUN,2.67,2.6,3.0,2.67,2.67,2.6364,-0.0634
4,2+1+1+1,CHE-HUL-LEE-LIV-LIV,CHE,HUL,LEE,LIV,LIV,3.0,2.6,3.0,2.33,2.67,2.6364,-0.0562
5,1+1+1+1+1,CHE-HUL-LEE-LIV-MCI,CHE,HUL,LEE,LIV,MCI,3.0,2.6,3.0,2.33,2.67,2.6364,-0.0562
4,2+1+1+1,CHE-HUL-LEE-MCI-MCI,CHE,HUL,LEE,MCI,MCI,3.0,2.6,3.0,2.33,2.67,2.6364,-0.0562
5,1+1+1+1+1,BOU-COV-LEE-LIV-MUN,BOU,COV,LEE,LIV,MUN,2.67,2.6,3.0,2.67,2.67,2.6364,-0.05
5,1+1+1+1+1,BOU-COV-LEE-LIV-SUN,BOU,COV,LEE,LIV,SUN,2.67,2.6,3.0,2.67,2.67,2.6364,-0.05
5,1+1+1+1+1,BOU-COV-LEE-MCI-MUN,BOU,COV,LEE,MCI,MUN,2.67,2.6,3.0,2.67,2.67,2.6364,-0.05
5,1+1+1+1+1,BOU-COV-LEE-MCI-SUN,BOU,COV,LEE,MCI,SUN,2.67,2.6,3.0,2.67,2.67,2.6364,-0.05
5,1+1+1+1+1,BOU-LEE-LIV-MUN-TOT,BOU,LEE,LIV,MUN,TOT,2.67,2.6,3.0,2.67,2.67,2.6364,-0.05
5,1+1+1+1+1,BOU-LEE-LIV-TOT-SUN,BOU,LEE,LIV,TOT,SUN,2.67,2.6,3.0,2.67,2.67,2.6364,-0.05
5,1+1+1+1+1,BOU-LEE-MCI-MUN-TOT,BOU,LEE,MCI,MUN,TOT,2.67,2.6,3.0,2.67,2.67,2.6364,-0.05
5,1+1+1+1+1,BOU-LEE-MCI-TOT-SUN,BOU,LEE,MCI,TOT,SUN,2.67,2.6,3.0,2.67,2.67,2.6364,-0.05
5,1+1+1+1+1,BRE-COV-EVE-FUL-MUN,BRE,COV,EVE,FUL,MUN,2.67,2.6,3.0,2.67,2.67,2.6364,-0.05
5,1+1+1+1+1,BRE-COV-EVE-MUN-NEW,BRE,COV,EVE,MUN,NEW,2.67,2.6,3.0,2.67,2.67,2.6364,-0.05
5,1+1+1+1+1,BRE-COV-EVE-NEW-SUN,BRE,COV,EVE,NEW,SUN,2.67,2.6,3.0,2.67,2.67,2.6364,-0.05
5,1+1+1+1+1,BRE-EVE-FUL-MUN-TOT,BRE,EVE,FUL,MUN,TOT,2.67,2.6,3.0,2.67,2.67,2.6364,-0.05
5,1+1+1+1+1,COV-EVE-FUL-LIV-MUN,COV,EVE,FUL,LIV,MUN,2.67,2.6,3.0,2.67,2.67,2.6364,-0.05
5,1+1+1+1+1,COV-EVE-FUL-MCI-MUN,COV,EVE,FUL,MCI,MUN,2.67,2.6,3.0,2.67,2.67,2.6364,-0.05
5,1+1+1+1+1,COV-EVE-LEE-LIV-MUN,COV,EVE,LEE,LIV,MUN,2.67,2.6,3.0,2.67,2.67,2.6364,-0.05
5,1+1+1+1+1,COV-EVE-LEE-LIV-SUN,COV,EVE,LEE,LIV,SUN,2.67,2.6,3.0,2.67,2.67,2.6364,-0.05
5,1+1+1+1+1,COV-EVE-LEE-MCI-MUN,COV,EVE,LEE,MCI,MUN,2.67,2.6,3.0,2.67,2.67,2.6364,-0.05
5,1+1+1+1+1,COV-EVE-LEE-MCI-SUN,COV,EVE,LEE,MCI,SUN,2.67,2.6,3.0,2.67,2.67,2.6364,-0.05
5,1+1+1+1+1,COV-EVE-LIV-MUN-NEW,COV,EVE,LIV,MUN,NEW,2.67,2.6,3.0,2.67,2.67,2.6364,-0.05
5,1+1+1+1+1,COV-EVE-LIV-NEW-SUN,COV,EVE,LIV,NEW,SUN,2.67,2.6,3.0,2.67,2.67,2.6364,-0.05
5,1+1+1+1+1,COV-EVE-MCI-MUN-NEW,COV,EVE,MCI,MUN,NEW,2.67,2.6,3.0,2.67,2.67,2.6364,-0.05
5,1+1+1+1+1,COV-EVE-MCI-NEW-SUN,COV,EVE,MCI,NEW,SUN,2.67,2.6,3.0,2.67,2.67,2.6364,-0.05
5,1+1+1+1+1,COV-FUL-LEE-LIV-MUN,COV,FUL,LEE,LIV,MUN,2.67,2.6,3.0,2.67,2.67,2.6364,-0.05
5,1+1+1+1+1,COV-FUL-LEE-MCI-MUN,COV,FUL,LEE,MCI,MUN,2.67,2.6,3.0,2.67,2.67,2.6364,-0.05
5,1+1+1+1+1,COV-LEE-LIV-MUN-NEW,COV,LEE,LIV,MUN,NEW,2.67,2.6,3.0,2.67,2.67,2.6364,-0.05
5,1+1+1+1+1,COV-LEE-LIV-NEW-SUN,COV,LEE,LIV,NEW,SUN,2.67,2.6,3.0,2.67,2.67,2.6364,-0.05
5,1+1+1+1+1,COV-LEE-MCI-MUN-NEW,COV,LEE,MCI,MUN,NEW,2.67,2.6,3.0,2.67,2.67,2.6364,-0.05
5,1+1+1+1+1,COV-LEE-MCI-NEW-SUN,COV,LEE,MCI,NEW,SUN,2.67,2.6,3.0,2.67,2.67,2.6364,-0.05
5,1+1+1+1+1,EVE-FUL-LIV-MUN-TOT,EVE,FUL,LIV,MUN,TOT,2.67,2.6,3.0,2.67,2.67,2.6364,-0.05
5,1+1+1+1+1,EVE-FUL-MCI-MUN-TOT,EVE,FUL,MCI,MUN,TOT,2.67,2.6,3.0,2.67,2.67,2.6364,-0.05
5,1+1+1+1+1,EVE-LEE-LIV-MUN-TOT,EVE,LEE,LIV,MUN,TOT,2.67,2.6,3.0,2.67,2.67,2.6364,-0.05
5,1+1+1+1+1,EVE-LEE-LIV-TOT-SUN,EVE,LEE,LIV,TOT,SUN,2.67,2.6,3.0,2.67,2.67,2.6364,-0.05
5,1+1+1+1+1,EVE-LEE-MCI-MUN-TOT,EVE,LEE,MCI,MUN,TOT,2.67,2.6,3.0,2.67,2.67,2.6364,-0.05
5,1+1+1+1+1,EVE-LEE-MCI-TOT-SUN,EVE,LEE,MCI,TOT,SUN,2.67,2.6,3.0,2.67,2.67,2.6364,-0.05
5,1+1+1+1+1,FUL-LEE-LIV-MUN-TOT,FUL,LEE,LIV,MUN,TOT,2.67,2.6,3.0,2.67,2.67,2.6364,-0.05
5,1+1+1+1+1,FUL-LEE-MCI-MUN-TOT,FUL,LEE,MCI,MUN,TOT,2.67,2.6,3.0,2.67,2.67,2.6364,-0.05
4,2+1+1+1,BOU-BOU-BRE-CHE-MUN,BOU,BOU,BRE,CHE,MUN,2.67,2.6,3.0,2.67,2.67,2.6364,-0.0378
4,2+1+1+1,BOU-BOU-BRE-CHE-SUN,BOU,BOU,BRE,CHE,SUN,2.67,2.6,3.0,2.67,2.67,2.6364,-0.0378
4,2+1+1+1,BOU-BOU-CHE-LIV-MUN,BOU,BOU,CHE,LIV,MUN,2.67,2.6,3.0,2.67,2.67,2.6364,-0.0378
4,2+1+1+1,BOU-BOU-CHE-LIV-SUN,BOU,BOU,CHE,LIV,SUN,2.67,2.6,3.0,2.67,2.67,2.6364,-0.0378
4,2+1+1+1,BOU-BOU-CHE-MCI-MUN,BOU,BOU,CHE,MCI,MUN,2.67,2.6,3.0,2.67,2.67,2.6364,-0.0378
4,2+1+1+1,BOU-BOU-CHE-MCI-SUN,BOU,BOU,CHE,MCI,SUN,2.67,2.6,3.0,2.67,2.67,2.6364,-0.0378
5,1+1+1+1+1,BOU-BRE-CHE-FUL-MUN,BOU,BRE,CHE,FUL,MUN,2.67,2.6,3.0,2.67,2.67,2.6364,-0.0378
5,1+1+1+1+1,BOU-BRE-CHE-MUN-NEW,BOU,BRE,CHE,MUN,NEW,2.67,2.6,3.0,2.67,2.67,2.6364,-0.0378
5,1+1+1+1+1,BOU-BRE-CHE-NEW-SUN,BOU,BRE,CHE,NEW,SUN,2.67,2.6,3.0,2.67,2.67,2.6364,-0.0378
5,1+1+1+1+1,BOU-CHE-FUL-LIV-MUN,BOU,CHE,FUL,LIV,MUN,2.67,2.6,3.0,2.67,2.67,2.6364,-0.0378
5,1+1+1+1+1,BOU-CHE-FUL-MCI-MUN,BOU,CHE,FUL,MCI,MUN,2.67,2.6,3.0,2.67,2.67,2.6364,-0.0378
5,1+1+1+1+1,BOU-CHE-LIV-MUN-NEW,BOU,CHE,LIV,MUN,NEW,2.67,2.6,3.0,2.67,2.67,2.6364,-0.0378
5,1+1+1+1+1,BOU-CHE-LIV-NEW-SUN,BOU,CHE,LIV,NEW,SUN,2.67,2.6,3.0,2.67,2.67,2.6364,-0.0378
5,1+1+1+1+1,BOU-CHE-MCI-MUN-NEW,BOU,CHE,MCI,MUN,NEW,2.67,2.6,3.0,2.67,2.67,2.6364,-0.0378
5,1+1+1+1+1,BOU-CHE-MCI-NEW-SUN,BOU,CHE,MCI,NEW,SUN,2.67,2.6,3.0,2.67,2.67,2.6364,-0.0378
4,2+1+1+1,BRE-CHE-FUL-FUL-MUN,BRE,CHE,FUL,FUL,MUN,2.67,2.6,3.0,2.67,2.67,2.6364,-0.0378
5,1+1+1+1+1,BRE-CHE-FUL-MUN-NEW,BRE,CHE,FUL,MUN,NEW,2.67,2.6,3.0,2.67,2.67,2.6364,-0.0378
4,2+1+1+1,BRE-CHE-MUN-NEW-NEW,BRE,CHE,MUN,NEW,NEW,2.67,2.6,3.0,2.67,2.67,2.6364,-0.0378
4,2+1+1+1,BRE-CHE-NEW-NEW-SUN,BRE,CHE,NEW,NEW,SUN,2.67,2.6,3.0,2.67,2.67,2.6364,-0.0378
4,2+1+1+1,CHE-FUL-FUL-LIV-MUN,CHE,FUL,FUL,LIV,MUN,2.67,2.6,3.0,2.67,2.67,2.6364,-0.0378
4,2+1+1+1,CHE-FUL-FUL-MCI-MUN,CHE,FUL,FUL,MCI,MUN,2.67,2.6,3.0,2.67,2.67,2.6364,-0.0378
5,1+1+1+1+1,CHE-FUL-LIV-MUN-NEW,CHE,FUL,LIV,MUN,NEW,2.67,2.6,3.0,2.67,2.67,2.6364,-0.0378
5,1+1+1+1+1,CHE-FUL-MCI-MUN-NEW,CHE,FUL,MCI,MUN,NEW,2.67,2.6,3.0,2.67,2.67,2.6364,-0.0378
4,2+1+1+1,CHE-LIV-MUN-NEW-NEW,CHE,LIV,MUN,NEW,NEW,2.67,2.6,3.0,2.67,2.67,2.6364,-0.0378
4,2+1+1+1,CHE-LIV-NEW-NEW-SUN,CHE,LIV,NEW,NEW,SUN,2.67,2.6,3.0,2.67,2.67,2.6364,-0.0378
4,2+1+1+1,CHE-MCI-MUN-NEW-NEW,CHE,MCI,MUN,NEW,NEW,2.67,2.6,3.0,2.67,2.67,2.6364,-0.0378
4,2+1+1+1,CHE-MCI-NEW-NEW-SUN,CHE,MCI,NEW,NEW,SUN,2.67,2.6,3.0,2.67,2.67,2.6364,-0.0378
5,1+1+1+1+1,BOU-HUL-LEE-LIV-MUN,BOU,HUL,LEE,LIV,MUN,2.67,2.6,3.0,2.67,2.67,2.6364,-0.0134
5,1+1+1+1+1,BOU-HUL-LEE-LIV-SUN,BOU,HUL,LEE,LIV,SUN,2.67,2.6,3.0,2.67,2.67,2.6364,-0.0134
5,1+1+1+1+1,BOU-HUL-LEE-MCI-MUN,BOU,HUL,LEE,MCI,MUN,2.67,2.6,3.0,2.67,2.67,2.6364,-0.0134
5,1+1+1+1+1,BOU-HUL-LEE-MCI-SUN,BOU,HUL,LEE,MCI,SUN,2.67,2.6,3.0,2.67,2.67,2.6364,-0.0134
5,1+1+1+1+1,FUL-HUL-LEE-LIV-MUN,FUL,HUL,LEE,LIV,MUN,2.67,2.6,3.0,2.67,2.67,2.6364,-0.0134
5,1+1+1+1+1,FUL-HUL-LEE-MCI-MUN,FUL,HUL,LEE,MCI,MUN,2.67,2.6,3.0,2.67,2.67,2.6364,-0.0134
5,1+1+1+1+1,HUL-LEE-LIV-MUN-NEW,HUL,LEE,LIV,MUN,NEW,2.67,2.6,3.0,2.67,2.67,2.6364,-0.0134
5,1+1+1+1+1,HUL-LEE-LIV-NEW-SUN,HUL,LEE,LIV,NEW,SUN,2.67,2.6,3.0,2.67,2.67,2.6364,-0.0134
5,1+1+1+1+1,HUL-LEE-MCI-MUN-NEW,HUL,LEE,MCI,MUN,NEW,2.67,2.6,3.0,2.67,2.67,2.6364,-0.0134
5,1+1+1+1+1,HUL-LEE-MCI-NEW-SUN,HUL,LEE,MCI,NEW,SUN,2.67,2.6,3.0,2.67,2.67,2.6364,-0.0134
5,1+1+1+1+1,CHE-EVE-LEE-LIV-MUN,CHE,EVE,LEE,LIV,MUN,2.67,2.6,3.0,2.67,2.67,2.6364,-0.0055
5,1+1+1+1+1,CHE-EVE-LEE-LIV-SUN,CHE,EVE,LEE,LIV,SUN,2.67,2.6,3.0,2.67,2.67,2.6364,-0.0055
5,1+1+1+1+1,CHE-EVE-LEE-MCI-MUN,CHE,EVE,LEE,MCI,MUN,2.67,2.6,3.0,2.67,2.67,2.6364,-0.0055
5,1+1+1+1+1,CHE-EVE-LEE-MCI-SUN,CHE,EVE,LEE,MCI,SUN,2.67,2.6,3.0,2.67,2.67,2.6364,-0.0055
3,2+2+1,BOU-BOU-LEE-MUN-MUN,BOU,BOU,LEE,MUN,MUN,2.33,2.6,3.0,3.0,2.67,2.6364,0.0
4,2+1+1+1,BOU-BOU-LEE-MUN-SUN,BOU,BOU,LEE,MUN,SUN,2.33,2.6,3.0,3.0,2.67,2.6364,0.0
3,2+2+1,BOU-BOU-LEE-SUN-SUN,BOU,BOU,LEE,SUN,SUN,2.33,2.6,3.0,3.0,2.67,2.6364,0.0
4,2+1+1+1,BOU-FUL-LEE-MUN-MUN,BOU,FUL,LEE,MUN,MUN,2.33,2.6,3.0,3.0,2.67,2.6364,0.0
4,2+1+1+1,BOU-LEE-MUN-MUN-NEW,BOU,LEE,MUN,MUN,NEW,2.33,2.6,3.0,3.0,2.67,2.6364,0.0
5,1+1+1+1+1,BOU-LEE-MUN-NEW-SUN,BOU,LEE,MUN,NEW,SUN,2.33,2.6,3.0,3.0,2.67,2.6364,0.0
4,2+1+1+1,BOU-LEE-NEW-SUN-SUN,BOU,LEE,NEW,SUN,SUN,2.33,2.6,3.0,3.0,2.67,2.6364,0.0
3,2+2+1,BRE-BRE-EVE-HUL-HUL,BRE,BRE,EVE,HUL,HUL,3.0,2.6,3.0,2.33,2.67,2.6364,0.0
4,2+1+1+1,BRE-EVE-EVE-HUL-MUN,BRE,EVE,EVE,HUL,MUN,2.67,2.6,3.0,2.67,2.67,2.6364,0.0
4,2+1+1+1,BRE-EVE-EVE-HUL-SUN,BRE,EVE,EVE,HUL,SUN,2.67,2.6,3.0,2.67,2.67,2.6364,0.0
4,2+1+1+1,BRE-EVE-HUL-HUL-LIV,BRE,EVE,HUL,HUL,LIV,3.0,2.6,3.0,2.33,2.67,2.6364,0.0
4,2+1+1+1,BRE-EVE-HUL-HUL-MCI,BRE,EVE,HUL,HUL,MCI,3.0,2.6,3.0,2.33,2.67,2.6364,0.0
4,2+1+1+1,CHE-LEE-LEE-LIV-MUN,CHE,LEE,LEE,LIV,MUN,2.67,2.6,3.0,2.67,2.67,2.6364,0.0
4,2+1+1+1,CHE-LEE-LEE-LIV-SUN,CHE,LEE,LEE,LIV,SUN,2.67,2.6,3.0,2.67,2.67,2.6364,0.0
4,2+1+1+1,CHE-LEE-LEE-MCI-MUN,CHE,LEE,LEE,MCI,MUN,2.67,2.6,3.0,2.67,2.67,2.6364,0.0
4,2+1+1+1,CHE-LEE-LEE-MCI-SUN,CHE,LEE,LEE,MCI,SUN,2.67,2.6,3.0,2.67,2.67,2.6364,0.0
3,2+2+1,COV-COV-LEE-LIV-LIV,COV,COV,LEE,LIV,LIV,3.0,2.6,3.0,2.33,2.67,2.6364,-0.0
4,2+1+1+1,COV-COV-LEE-LIV-MCI,COV,COV,LEE,LIV,MCI,3.0,2.6,3.0,2.33,2.67,2.6364,-0.0
3,2+2+1,COV-COV-LEE-MCI-MCI,COV,COV,LEE,MCI,MCI,3.0,2.6,3.0,2.33,2.67,2.6364,-0.0
4,2+1+1+1,COV-LEE-LEE-LIV-MUN,COV,LEE,LEE,LIV,MUN,2.67,2.6,3.0,2.67,2.67,2.6364,0.0
4,2+1+1+1,COV-LEE-LEE-LIV-SUN,COV,LEE,LEE,LIV,SUN,2.67,2.6,3.0,2.67,2.67,2.6364,0.0
4,2+1+1+1,COV-LEE-LEE-MCI-MUN,COV,LEE,LEE,MCI,MUN,2.67,2.6,3.0,2.67,2.67,2.6364,0.0
4,2+1+1+1,COV-LEE-LEE-MCI-SUN,COV,LEE,LEE,MCI,SUN,2.67,2.6,3.0,2.67,2.67,2.6364,0.0
4,2+1+1+1,COV-LEE-LIV-LIV-TOT,COV,LEE,LIV,LIV,TOT,3.0,2.6,3.0,2.33,2.67,2.6364,-0.0
5,1+1+1+1+1,COV-LEE-LIV-MCI-TOT,COV,LEE,LIV,MCI,TOT,3.0,2.6,3.0,2.33,2.67,2.6364,-0.0
4,2+1+1+1,COV-LEE-MCI-MCI-TOT,COV,LEE,MCI,MCI,TOT,3.0,2.6,3.0,2.33,2.67,2.6364,-0.0
4,2+1+1+1,EVE-EVE-HUL-LIV-MUN,EVE,EVE,HUL,LIV,MUN,2.67,2.6,3.0,2.67,2.67,2.6364,0.0
4,2+1+1+1,EVE-EVE-HUL-LIV-SUN,EVE,EVE,HUL,LIV,SUN,2.67,2.6,3.0,2.67,2.67,2.6364,0.0
4,2+1+1+1,EVE-EVE-HUL-MCI-MUN,EVE,EVE,HUL,MCI,MUN,2.67,2.6,3.0,2.67,2.67,2.6364,0.0
4,2+1+1+1,EVE-EVE-HUL-MCI-SUN,EVE,EVE,HUL,MCI,SUN,2.67,2.6,3.0,2.67,2.67,2.6364,0.0
3,2+2+1,EVE-HUL-HUL-LIV-LIV,EVE,HUL,HUL,LIV,LIV,3.0,2.6,3.0,2.33,2.67,2.6364,0.0
4,2+1+1+1,EVE-HUL-HUL-LIV-MCI,EVE,HUL,HUL,LIV,MCI,3.0,2.6,3.0,2.33,2.67,2.6364,0.0
3,2+2+1,EVE-HUL-HUL-MCI-MCI,EVE,HUL,HUL,MCI,MCI,3.0,2.6,3.0,2.33,2.67,2.6364,0.0
3,2+2+1,FUL-FUL-LEE-MUN-MUN,FUL,FUL,LEE,MUN,MUN,2.33,2.6,3.0,3.0,2.67,2.6364,0.0
4,2+1+1+1,FUL-LEE-MUN-MUN-NEW,FUL,LEE,MUN,MUN,NEW,2.33,2.6,3.0,3.0,2.67,2.6364,0.0
4,2+1+1+1,HUL-LEE-LEE-LIV-MUN,HUL,LEE,LEE,LIV,MUN,2.67,2.6,3.0,2.67,2.67,2.6364,0.0
4,2+1+1+1,HUL-LEE-LEE-LIV-SUN,HUL,LEE,LEE,LIV,SUN,2.67,2.6,3.0,2.67,2.67,2.6364,0.0
4,2+1+1+1,HUL-LEE-LEE-MCI-MUN,HUL,LEE,LEE,MCI,MUN,2.67,2.6,3.0,2.67,2.67,2.6364,0.0
4,2+1+1+1,HUL-LEE-LEE-MCI-SUN,HUL,LEE,LEE,MCI,SUN,2.67,2.6,3.0,2.67,2.67,2.6364,0.0
4,2+1+1+1,LEE-LEE-LIV-MUN-TOT,LEE,LEE,LIV,MUN,TOT,2.67,2.6,3.0,2.67,2.67,2.6364,0.0
4,2+1+1+1,LEE-LEE-LIV-TOT-SUN,LEE,LEE,LIV,TOT,SUN,2.67,2.6,3.0,2.67,2.67,2.6364,0.0
4,2+1+1+1,LEE-LEE-MCI-MUN-TOT,LEE,LEE,MCI,MUN,TOT,2.67,2.6,3.0,2.67,2.67,2.6364,0.0
4,2+1+1+1,LEE-LEE-MCI-TOT-SUN,LEE,LEE,MCI,TOT,SUN,2.67,2.6,3.0,2.67,2.67,2.6364,0.0
3,2+2+1,LEE-LIV-LIV-TOT-TOT,LEE,LIV,LIV,TOT,TOT,3.0,2.6,3.0,2.33,2.67,2.6364,0.0
4,2+1+1+1,LEE-LIV-MCI-TOT-TOT,LEE,LIV,MCI,TOT,TOT,3.0,2.6,3.0,2.33,2.67,2.6364,0.0
3,2+2+1,LEE-MCI-MCI-TOT-TOT,LEE,MCI,MCI,TOT,TOT,3.0,2.6,3.0,2.33,2.67,2.6364,0.0
3,2+2+1,LEE-MUN-MUN-NEW-NEW,LEE,MUN,MUN,NEW,NEW,2.33,2.6,3.0,3.0,2.67,2.6364,0.0
4,2+1+1+1,LEE-MUN-NEW-NEW-SUN,LEE,MUN,NEW,NEW,SUN,2.33,2.6,3.0,3.0,2.67,2.6364,0.0
3,2+2+1,LEE-NEW-NEW-SUN-SUN,LEE,NEW,NEW,SUN,SUN,2.33,2.6,3.0,3.0,2.67,2.6364,0.0
4,2+1+1+1,BOU-BRE-BRE-CHE-COV,BOU,BRE,BRE,CHE,COV,3.0,2.6,3.0,2.33,2.67,2.6364,0.0177
4,2+1+1+1,BOU-BRE-BRE-CHE-TOT,BOU,BRE,BRE,CHE,TOT,3.0,2.6,3.0,2.33,2.67,2.6364,0.0177
5,1+1+1+1+1,BOU-BRE-CHE-COV-LIV,BOU,BRE,CHE,COV,LIV,3.0,2.6,3.0,2.33,2.67,2.6364,0.0177
5,1+1+1+1+1,BOU-BRE-CHE-COV-MCI,BOU,BRE,CHE,COV,MCI,3.0,2.6,3.0,2.33,2.67,2.6364,0.0177
5,1+1+1+1+1,BOU-BRE-CHE-LIV-TOT,BOU,BRE,CHE,LIV,TOT,3.0,2.6,3.0,2.33,2.67,2.6364,0.0177
5,1+1+1+1+1,BOU-BRE-CHE-MCI-TOT,BOU,BRE,CHE,MCI,TOT,3.0,2.6,3.0,2.33,2.67,2.6364,0.0177
4,2+1+1+1,BOU-CHE-COV-LIV-LIV,BOU,CHE,COV,LIV,LIV,3.0,2.6,3.0,2.33,2.67,2.6364,0.0177
5,1+1+1+1+1,BOU-CHE-COV-LIV-MCI,BOU,CHE,COV,LIV,MCI,3.0,2.6,3.0,2.33,2.67,2.6364,0.0177
4,2+1+1+1,BOU-CHE-COV-MCI-MCI,BOU,CHE,COV,MCI,MCI,3.0,2.6,3.0,2.33,2.67,2.6364,0.0177
4,2+1+1+1,BOU-CHE-LIV-LIV-TOT,BOU,CHE,LIV,LIV,TOT,3.0,2.6,3.0,2.33,2.67,2.6364,0.0177
5,1+1+1+1+1,BOU-CHE-LIV-MCI-TOT,BOU,CHE,LIV,MCI,TOT,3.0,2.6,3.0,2.33,2.67,2.6364,0.0177
4,2+1+1+1,BOU-CHE-MCI-MCI-TOT,BOU,CHE,MCI,MCI,TOT,3.0,2.6,3.0,2.33,2.67,2.6364,0.0177
4,2+1+1+1,BRE-BRE-CHE-COV-FUL,BRE,BRE,CHE,COV,FUL,3.0,2.6,3.0,2.33,2.67,2.6364,0.0177
4,2+1+1+1,BRE-BRE-CHE-COV-NEW,BRE,BRE,CHE,COV,NEW,3.0,2.6,3.0,2.33,2.67,2.6364,0.0177
4,2+1+1+1,BRE-BRE-CHE-FUL-TOT,BRE,BRE,CHE,FUL,TOT,3.0,2.6,3.0,2.33,2.67,2.6364,0.0177
5,1+1+1+1+1,BRE-CHE-COV-FUL-LIV,BRE,CHE,COV,FUL,LIV,3.0,2.6,3.0,2.33,2.67,2.6364,0.0177
5,1+1+1+1+1,BRE-CHE-COV-FUL-MCI,BRE,CHE,COV,FUL,MCI,3.0,2.6,3.0,2.33,2.67,2.6364,0.0177
5,1+1+1+1+1,BRE-CHE-COV-LIV-NEW,BRE,CHE,COV,LIV,NEW,3.0,2.6,3.0,2.33,2.67,2.6364,0.0177
5,1+1+1+1+1,BRE-CHE-COV-MCI-NEW,BRE,CHE,COV,MCI,NEW,3.0,2.6,3.0,2.33,2.67,2.6364,0.0177
5,1+1+1+1+1,BRE-CHE-FUL-LIV-TOT,BRE,CHE,FUL,LIV,TOT,3.0,2.6,3.0,2.33,2.67,2.6364,0.0177
5,1+1+1+1+1,BRE-CHE-FUL-MCI-TOT,BRE,CHE,FUL,MCI,TOT,3.0,2.6,3.0,2.33,2.67,2.6364,0.0177
4,2+1+1+1,CHE-COV-FUL-LIV-LIV,CHE,COV,FUL,LIV,LIV,3.0,2.6,3.0,2.33,2.67,2.6364,0.0177
5,1+1+1+1+1,CHE-COV-FUL-LIV-MCI,CHE,COV,FUL,LIV,MCI,3.0,2.6,3.0,2.33,2.67,2.6364,0.0177
4,2+1+1+1,CHE-COV-FUL-MCI-MCI,CHE,COV,FUL,MCI,MCI,3.0,2.6,3.0,2.33,2.67,2.6364,0.0177
4,2+1+1+1,CHE-COV-LIV-LIV-NEW,CHE,COV,LIV,LIV,NEW,3.0,2.6,3.0,2.33,2.67,2.6364,0.0177
5,1+1+1+1+1,CHE-COV-LIV-MCI-NEW,CHE,COV,LIV,MCI,NEW,3.0,2.6,3.0,2.33,2.67,2.6364,0.0177
4,2+1+1+1,CHE-COV-MCI-MCI-NEW,CHE,COV,MCI,MCI,NEW,3.0,2.6,3.0,2.33,2.67,2.6364,0.0177
4,2+1+1+1,CHE-FUL-LIV-LIV-TOT,CHE,FUL,LIV,LIV,TOT,3.0,2.6,3.0,2.33,2.67,2.6364,0.0177
5,1+1+1+1+1,CHE-FUL-LIV-MCI-TOT,CHE,FUL,LIV,MCI,TOT,3.0,2.6,3.0,2.33,2.67,2.6364,0.0177
4,2+1+1+1,CHE-FUL-MCI-MCI-TOT,CHE,FUL,MCI,MCI,TOT,3.0,2.6,3.0,2.33,2.67,2.6364,0.0177
4,2+1+1+1,HUL-LEE-LIV-LIV-TOT,HUL,LEE,LIV,LIV,TOT,3.0,2.6,3.0,2.33,2.67,2.6364,0.0866
5,1+1+1+1+1,HUL-LEE-LIV-MCI-TOT,HUL,LEE,LIV,MCI,TOT,3.0,2.6,3.0,2.33,2.67,2.6364,0.0866
4,2+1+1+1,HUL-LEE-MCI-MCI-TOT,HUL,LEE,MCI,MCI,TOT,3.0,2.6,3.0,2.33,2.67,2.6364,0.0866
4,2+1+1+1,BOU-BOU-BRE-MUN-TOT,BOU,BOU,BRE,MUN,TOT,2.67,2.6,3.0,2.67,2.67,2.6364,0.1
4,2+1+1+1,BOU-BOU-BRE-TOT-SUN,BOU,BOU,BRE,TOT,SUN,2.67,2.6,3.0,2.67,2.67,2.6364,0.1
4,2+1+1+1,BOU-BOU-LIV-MUN-TOT,BOU,BOU,LIV,MUN,TOT,2.67,2.6,3.0,2.67,2.67,2.6364,0.1
4,2+1+1+1,BOU-BOU-LIV-TOT-SUN,BOU,BOU,LIV,TOT,SUN,2.67,2.6,3.0,2.67,2.67,2.6364,0.1
4,2+1+1+1,BOU-BOU-MCI-MUN-TOT,BOU,BOU,MCI,MUN,TOT,2.67,2.6,3.0,2.67,2.67,2.6364,0.1
4,2+1+1+1,BOU-BOU-MCI-TOT-SUN,BOU,BOU,MCI,TOT,SUN,2.67,2.6,3.0,2.67,2.67,2.6364,0.1
5,1+1+1+1+1,BOU-BRE-FUL-MUN-TOT,BOU,BRE,FUL,MUN,TOT,2.67,2.6,3.0,2.67,2.67,2.6364,0.1
5,1+1+1+1+1,BOU-FUL-LIV-MUN-TOT,BOU,FUL,LIV,MUN,TOT,2.67,2.6,3.0,2.67,2.67,2.6364,0.1
5,1+1+1+1+1,BOU-FUL-MCI-MUN-TOT,BOU,FUL,MCI,MUN,TOT,2.67,2.6,3.0,2.67,2.67,2.6364,0.1
3,2+2+1,BOU-LEE-LEE-MUN-MUN,BOU,LEE,LEE,MUN,MUN,2.33,2.6,3.0,3.0,2.67,2.6364,0.1
4,2+1+1+1,BOU-LEE-LEE-MUN-SUN,BOU,LEE,LEE,MUN,SUN,2.33,2.6,3.0,3.0,2.67,2.6364,0.1
3,2+2+1,BOU-LEE-LEE-SUN-SUN,BOU,LEE,LEE,SUN,SUN,2.33,2.6,3.0,3.0,2.67,2.6364,0.1
4,2+1+1+1,BRE-EVE-EVE-MUN-TOT,BRE,EVE,EVE,MUN,TOT,2.67,2.6,3.0,2.67,2.67,2.6364,0.1
4,2+1+1+1,BRE-EVE-EVE-TOT-SUN,BRE,EVE,EVE,TOT,SUN,2.67,2.6,3.0,2.67,2.67,2.6364,0.1
4,2+1+1+1,BRE-FUL-FUL-MUN-TOT,BRE,FUL,FUL,MUN,TOT,2.67,2.6,3.0,2.67,2.67,2.6364,0.1
4,2+1+1+1,EVE-EVE-LIV-MUN-TOT,EVE,EVE,LIV,MUN,TOT,2.67,2.6,3.0,2.67,2.67,2.6364,0.1
4,2+1+1+1,EVE-EVE-LIV-TOT-SUN,EVE,EVE,LIV,TOT,SUN,2.67,2.6,3.0,2.67,2.67,2.6364,0.1
4,2+1+1+1,EVE-EVE-MCI-MUN-TOT,EVE,EVE,MCI,MUN,TOT,2.67,2.6,3.0,2.67,2.67,2.6364,0.1
4,2+1+1+1,EVE-EVE-MCI-TOT-SUN,EVE,EVE,MCI,TOT,SUN,2.67,2.6,3.0,2.67,2.67,2.6364,0.1
3,2+2+1,EVE-FUL-FUL-MUN-MUN,EVE,FUL,FUL,MUN,MUN,2.33,2.6,3.0,3.0,2.67,2.6364,0.1
4,2+1+1+1,EVE-FUL-MUN-MUN-NEW,EVE,FUL,MUN,MUN,NEW,2.33,2.6,3.0,3.0,2.67,2.6364,0.1
3,2+2+1,EVE-MUN-MUN-NEW-NEW,EVE,MUN,MUN,NEW,NEW,2.33,2.6,3.0,3.0,2.67,2.6364,0.1
4,2+1+1+1,EVE-MUN-NEW-NEW-SUN,EVE,MUN,NEW,NEW,SUN,2.33,2.6,3.0,3.0,2.67,2.6364,0.1
3,2+2+1,EVE-NEW-NEW-SUN-SUN,EVE,NEW,NEW,SUN,SUN,2.33,2.6,3.0,3.0,2.67,2.6364,0.1
4,2+1+1+1,FUL-FUL-LIV-MUN-TOT,FUL,FUL,LIV,MUN,TOT,2.67,2.6,3.0,2.67,2.67,2.6364,0.1
4,2+1+1+1,FUL-FUL-MCI-MUN-TOT,FUL,FUL,MCI,MUN,TOT,2.67,2.6,3.0,2.67,2.67,2.6364,0.1
3,2+2+1,FUL-LEE-LEE-MUN-MUN,FUL,LEE,LEE,MUN,MUN,2.33,2.6,3.0,3.0,2.67,2.6364,0.1
3,2+2+1,LEE-LEE-MUN-MUN-NEW,LEE,LEE,MUN,MUN,NEW,2.33,2.6,3.0,3.0,2.67,2.6364,0.1
4,2+1+1+1,LEE-LEE-MUN-NEW-SUN,LEE,LEE,MUN,NEW,SUN,2.33,2.6,3.0,3.0,2.67,2.6364,0.1
3,2+2+1,LEE-LEE-NEW-SUN-SUN,LEE,LEE,NEW,SUN,SUN,2.33,2.6,3.0,3.0,2.67,2.6364,0.1
4,2+1+1+1,BOU-BRE-BRE-CHE-HUL,BOU,BRE,BRE,CHE,HUL,3.0,2.6,3.0,2.33,2.67,2.6364,0.1115
5,1+1+1+1+1,BOU-BRE-CHE-HUL-LIV,BOU,BRE,CHE,HUL,LIV,3.0,2.6,3.0,2.33,2.67,2.6364,0.1115
5,1+1+1+1+1,BOU-BRE-CHE-HUL-MCI,BOU,BRE,CHE,HUL,MCI,3.0,2.6,3.0,2.33,2.67,2.6364,0.1115
4,2+1+1+1,BOU-CHE-HUL-LIV-LIV,BOU,CHE,HUL,LIV,LIV,3.0,2.6,3.0,2.33,2.67,2.6364,0.1115
5,1+1+1+1+1,BOU-CHE-HUL-LIV-MCI,BOU,CHE,HUL,LIV,MCI,3.0,2.6,3.0,2.33,2.67,2.6364,0.1115
4,2+1+1+1,BOU-CHE-HUL-MCI-MCI,BOU,CHE,HUL,MCI,MCI,3.0,2.6,3.0,2.33,2.67,2.6364,0.1115
4,2+1+1+1,BRE-BRE-CHE-FUL-HUL,BRE,BRE,CHE,FUL,HUL,3.0,2.6,3.0,2.33,2.67,2.6364,0.1115
4,2+1+1+1,BRE-BRE-CHE-HUL-NEW,BRE,BRE,CHE,HUL,NEW,3.0,2.6,3.0,2.33,2.67,2.6364,0.1115
5,1+1+1+1+1,BRE-CHE-FUL-HUL-LIV,BRE,CHE,FUL,HUL,LIV,3.0,2.6,3.0,2.33,2.67,2.6364,0.1115
5,1+1+1+1+1,BRE-CHE-FUL-HUL-MCI,BRE,CHE,FUL,HUL,MCI,3.0,2.6,3.0,2.33,2.67,2.6364,0.1115
5,1+1+1+1+1,BRE-CHE-HUL-LIV-NEW,BRE,CHE,HUL,LIV,NEW,3.0,2.6,3.0,2.33,2.67,2.6364,0.1115
5,1+1+1+1+1,BRE-CHE-HUL-MCI-NEW,BRE,CHE,HUL,MCI,NEW,3.0,2.6,3.0,2.33,2.67,2.6364,0.1115
4,2+1+1+1,CHE-FUL-HUL-LIV-LIV,CHE,FUL,HUL,LIV,LIV,3.0,2.6,3.0,2.33,2.67,2.6364,0.1115
5,1+1+1+1+1,CHE-FUL-HUL-LIV-MCI,CHE,FUL,HUL,LIV,MCI,3.0,2.6,3.0,2.33,2.67,2.6364,0.1115
4,2+1+1+1,CHE-FUL-HUL-MCI-MCI,CHE,FUL,HUL,MCI,MCI,3.0,2.6,3.0,2.33,2.67,2.6364,0.1115
4,2+1+1+1,CHE-HUL-LIV-LIV-NEW,CHE,HUL,LIV,LIV,NEW,3.0,2.6,3.0,2.33,2.67,2.6364,0.1115
5,1+1+1+1+1,CHE-HUL-LIV-MCI-NEW,CHE,HUL,LIV,MCI,NEW,3.0,2.6,3.0,2.33,2.67,2.6364,0.1115
4,2+1+1+1,CHE-HUL-MCI-MCI-NEW,CHE,HUL,MCI,MCI,NEW,3.0,2.6,3.0,2.33,2.67,2.6364,0.1115
4,2+1+1+1,EVE-FUL-LEE-MUN-MUN,EVE,FUL,LEE,MUN,MUN,2.33,2.6,3.0,3.0,2.67,2.6364,0.15
4,2+1+1+1,EVE-LEE-MUN-MUN-NEW,EVE,LEE,MUN,MUN,NEW,2.33,2.6,3.0,3.0,2.67,2.6364,0.15
5,1+1+1+1+1,EVE-LEE-MUN-NEW-SUN,EVE,LEE,MUN,NEW,SUN,2.33,2.6,3.0,3.0,2.67,2.6364,0.15
4,2+1+1+1,EVE-LEE-NEW-SUN-SUN,EVE,LEE,NEW,SUN,SUN,2.33,2.6,3.0,3.0,2.67,2.6364,0.15
4,2+1+1+1,BOU-BRE-BRE-COV-TOT,BOU,BRE,BRE,COV,TOT,3.0,2.6,3.0,2.33,2.67,2.6364,0.2
3,2+2+1,BOU-BRE-BRE-TOT-TOT,BOU,BRE,BRE,TOT,TOT,3.0,2.6,3.0,2.33,2.67,2.6364,0.2
5,1+1+1+1+1,BOU-BRE-COV-LIV-TOT,BOU,BRE,COV,LIV,TOT,3.0,2.6,3.0,2.33,2.67,2.6364,0.2
5,1+1+1+1+1,BOU-BRE-COV-MCI-TOT,BOU,BRE,COV,MCI,TOT,3.0,2.6,3.0,2.33,2.67,2.6364,0.2
4,2+1+1+1,BOU-BRE-LIV-TOT-TOT,BOU,BRE,LIV,TOT,TOT,3.0,2.6,3.0,2.33,2.67,2.6364,0.2
4,2+1+1+1,BOU-BRE-MCI-TOT-TOT,BOU,BRE,MCI,TOT,TOT,3.0,2.6,3.0,2.33,2.67,2.6364,0.2
4,2+1+1+1,BOU-COV-LIV-LIV-TOT,BOU,COV,LIV,LIV,TOT,3.0,2.6,3.0,2.33,2.67,2.6364,0.2
5,1+1+1+1+1,BOU-COV-LIV-MCI-TOT,BOU,COV,LIV,MCI,TOT,3.0,2.6,3.0,2.33,2.67,2.6364,0.2
4,2+1+1+1,BOU-COV-MCI-MCI-TOT,BOU,COV,MCI,MCI,TOT,3.0,2.6,3.0,2.33,2.67,2.6364,0.2
3,2+2+1,BOU-LIV-LIV-TOT-TOT,BOU,LIV,LIV,TOT,TOT,3.0,2.6,3.0,2.33,2.67,2.6364,0.2
4,2+1+1+1,BOU-LIV-MCI-TOT-TOT,BOU,LIV,MCI,TOT,TOT,3.0,2.6,3.0,2.33,2.67,2.6364,0.2
3,2+2+1,BOU-MCI-MCI-TOT-TOT,BOU,MCI,MCI,TOT,TOT,3.0,2.6,3.0,2.33,2.67,2.6364,0.2
4,2+1+1+1,BRE-BRE-COV-FUL-TOT,BRE,BRE,COV,FUL,TOT,3.0,2.6,3.0,2.33,2.67,2.6364,0.2
3,2+2+1,BRE-BRE-FUL-TOT-TOT,BRE,BRE,FUL,TOT,TOT,3.0,2.6,3.0,2.33,2.67,2.6364,0.2
5,1+1+1+1+1,BRE-COV-FUL-LIV-TOT,BRE,COV,FUL,LIV,TOT,3.0,2.6,3.0,2.33,2.67,2.6364,0.2
5,1+1+1+1+1,BRE-COV-FUL-MCI-TOT,BRE,COV,FUL,MCI,TOT,3.0,2.6,3.0,2.33,2.67,2.6364,0.2
4,2+1+1+1,BRE-FUL-LIV-TOT-TOT,BRE,FUL,LIV,TOT,TOT,3.0,2.6,3.0,2.33,2.67,2.6364,0.2
4,2+1+1+1,BRE-FUL-MCI-TOT-TOT,BRE,FUL,MCI,TOT,TOT,3.0,2.6,3.0,2.33,2.67,2.6364,0.2
4,2+1+1+1,COV-FUL-LIV-LIV-TOT,COV,FUL,LIV,LIV,TOT,3.0,2.6,3.0,2.33,2.67,2.6364,0.2
5,1+1+1+1+1,COV-FUL-LIV-MCI-TOT,COV,FUL,LIV,MCI,TOT,3.0,2.6,3.0,2.33,2.67,2.6364,0.2
4,2+1+1+1,COV-FUL-MCI-MCI-TOT,COV,FUL,MCI,MCI,TOT,3.0,2.6,3.0,2.33,2.67,2.6364,0.2
3,2+2+1,FUL-LIV-LIV-TOT-TOT,FUL,LIV,LIV,TOT,TOT,3.0,2.6,3.0,2.33,2.67,2.6364,0.2
4,2+1+1+1,FUL-LIV-MCI-TOT-TOT,FUL,LIV,MCI,TOT,TOT,3.0,2.6,3.0,2.33,2.67,2.6364,0.2
3,2+2+1,FUL-MCI-MCI-TOT-TOT,FUL,MCI,MCI,TOT,TOT,3.0,2.6,3.0,2.33,2.67,2.6364,0.2
3,2+2+1,HUL-HUL-LEE-LIV-LIV,HUL,HUL,LEE,LIV,LIV,3.0,2.6,3.0,2.33,2.67,2.6364,0.2
4,2+1+1+1,HUL-HUL-LEE-LIV-MCI,HUL,HUL,LEE,LIV,MCI,3.0,2.6,3.0,2.33,2.67,2.6364,0.2
3,2+2+1,HUL-HUL-LEE-MCI-MCI,HUL,HUL,LEE,MCI,MCI,3.0,2.6,3.0,2.33,2.67,2.6364,0.2
4,2+1+1+1,BOU-BRE-BRE-HUL-TOT,BOU,BRE,BRE,HUL,TOT,3.0,2.6,3.0,2.33,2.67,2.6364,0.3232
5,1+1+1+1+1,BOU-BRE-HUL-LIV-TOT,BOU,BRE,HUL,LIV,TOT,3.0,2.6,3.0,2.33,2.67,2.6364,0.3232
5,1+1+1+1+1,BOU-BRE-HUL-MCI-TOT,BOU,BRE,HUL,MCI,TOT,3.0,2.6,3.0,2.33,2.67,2.6364,0.3232
4,2+1+1+1,BOU-HUL-LIV-LIV-TOT,BOU,HUL,LIV,LIV,TOT,3.0,2.6,3.0,2.33,2.67,2.6364,0.3232
5,1+1+1+1+1,BOU-HUL-LIV-MCI-TOT,BOU,HUL,LIV,MCI,TOT,3.0,2.6,3.0,2.33,2.67,2.6364,0.3232
4,2+1+1+1,BOU-HUL-MCI-MCI-TOT,BOU,HUL,MCI,MCI,TOT,3.0,2.6,3.0,2.33,2.67,2.6364,0.3232
4,2+1+1+1,BRE-BRE-FUL-HUL-TOT,BRE,BRE,FUL,HUL,TOT,3.0,2.6,3.0,2.33,2.67,2.6364,0.3232
5,1+1+1+1+1,BRE-FUL-HUL-LIV-TOT,BRE,FUL,HUL,LIV,TOT,3.0,2.6,3.0,2.33,2.67,2.6364,0.3232
5,1+1+1+1+1,BRE-FUL-HUL-MCI-TOT,BRE,FUL,HUL,MCI,TOT,3.0,2.6,3.0,2.33,2.67,2.6364,0.3232
4,2+1+1+1,FUL-HUL-LIV-LIV-TOT,FUL,HUL,LIV,LIV,TOT,3.0,2.6,3.0,2.33,2.67,2.6364,0.3232
5,1+1+1+1+1,FUL-HUL-LIV-MCI-TOT,FUL,HUL,LIV,MCI,TOT,3.0,2.6,3.0,2.33,2.67,2.6364,0.3232
4,2+1+1+1,FUL-HUL-MCI-MCI-TOT,FUL,HUL,MCI,MCI,TOT,3.0,2.6,3.0,2.33,2.67,2.6364,0.3232
3,2+2+1,EVE-EVE-FUL-MUN-MUN,EVE,EVE,FUL,MUN,MUN,2.33,2.6,3.0,3.0,2.67,2.6364,0.4
3,2+2+1,EVE-EVE-MUN-MUN-NEW,EVE,EVE,MUN,MUN,NEW,2.33,2.6,3.0,3.0,2.67,2.6364,0.4
4,2+1+1+1,EVE-EVE-MUN-NEW-SUN,EVE,EVE,MUN,NEW,SUN,2.33,2.6,3.0,3.0,2.67,2.6364,0.4
3,2+2+1,EVE-EVE-NEW-SUN-SUN,EVE,EVE,NEW,SUN,SUN,2.33,2.6,3.0,3.0,2.67,2.6364,0.4
3,2+2+1,EVE-LEE-LEE-MUN-MUN,EVE,LEE,LEE,MUN,MUN,2.33,2.6,3.0,3.0,2.67,2.6364,0.4
4,2+1+1+1,EVE-LEE-LEE-MUN-SUN,EVE,LEE,LEE,MUN,SUN,2.33,2.6,3.0,3.0,2.67,2.6364,0.4
3,2+2+1,EVE-LEE-LEE-SUN-SUN,EVE,LEE,LEE,SUN,SUN,2.33,2.6,3.0,3.0,2.67,2.6364,0.4
2,3+2,LEE-LEE-LEE-MUN-MUN,LEE,LEE,LEE,MUN,MUN,2.33,2.6,3.0,3.0,2.67,2.6364,0.4
3,3+1+1,LEE-LEE-LEE-MUN-SUN,LEE,LEE,LEE,MUN,SUN,2.33,2.6,3.0,3.0,2.67,2.6364,0.4
2,3+2,LEE-LEE-LEE-SUN-SUN,LEE,LEE,LEE,SUN,SUN,2.33,2.6,3.0,3.0,2.67,2.6364,0.4
3,2+2+1,EVE-EVE-LEE-MUN-MUN,EVE,EVE,LEE,MUN,MUN,2.33,2.6,3.0,3.0,2.67,2.6364,0.6
4,2+1+1+1,EVE-EVE-LEE-MUN-SUN,EVE,EVE,LEE,MUN,SUN,2.33,2.6,3.0,3.0,2.67,2.6364,0.6
3,2+2+1,EVE-EVE-LEE-SUN-SUN,EVE,EVE,LEE,SUN,SUN,2.33,2.6,3.0,3.0,2.67,2.6364,0.6
3,2+2+1,BRE-BRE-EVE-EVE-MUN,BRE,BRE,EVE,EVE,MUN,2.67,2.8,3.0,2.33,2.5,2.6364,-0.2
3,2+2+1,BRE-BRE-EVE-EVE-SUN,BRE,BRE,EVE,EVE,SUN,2.67,2.8,3.0,2.33,2.5,2.6364,-0.2
4,2+1+1+1,BRE-BRE-EVE-FUL-MUN,BRE,BRE,EVE,FUL,MUN,2.67,2.8,3.0,2.33,2.5,2.6364,-0.2
4,2+1+1+1,BRE-BRE-EVE-MUN-NEW,BRE,BRE,EVE,MUN,NEW,2.67,2.8,3.0,2.33,2.5,2.6364,-0.2
4,2+1+1+1,BRE-BRE-EVE-NEW-SUN,BRE,BRE,EVE,NEW,SUN,2.67,2.8,3.0,2.33,2.5,2.6364,-0.2
4,2+1+1+1,BRE-EVE-EVE-LIV-MUN,BRE,EVE,EVE,LIV,MUN,2.67,2.8,3.0,2.33,2.5,2.6364,-0.2
4,2+1+1+1,BRE-EVE-EVE-LIV-SUN,BRE,EVE,EVE,LIV,SUN,2.67,2.8,3.0,2.33,2.5,2.6364,-0.2
4,2+1+1+1,BRE-EVE-EVE-MCI-MUN,BRE,EVE,EVE,MCI,MUN,2.67,2.8,3.0,2.33,2.5,2.6364,-0.2
4,2+1+1+1,BRE-EVE-EVE-MCI-SUN,BRE,EVE,EVE,MCI,SUN,2.67,2.8,3.0,2.33,2.5,2.6364,-0.2
5,1+1+1+1+1,BRE-EVE-FUL-LIV-MUN,BRE,EVE,FUL,LIV,MUN,2.67,2.8,3.0,2.33,2.5,2.6364,-0.2
5,1+1+1+1+1,BRE-EVE-FUL-MCI-MUN,BRE,EVE,FUL,MCI,MUN,2.67,2.8,3.0,2.33,2.5,2.6364,-0.2
5,1+1+1+1+1,BRE-EVE-LIV-MUN-NEW,BRE,EVE,LIV,MUN,NEW,2.67,2.8,3.0,2.33,2.5,2.6364,-0.2
5,1+1+1+1+1,BRE-EVE-LIV-NEW-SUN,BRE,EVE,LIV,NEW,SUN,2.67,2.8,3.0,2.33,2.5,2.6364,-0.2
5,1+1+1+1+1,BRE-EVE-MCI-MUN-NEW,BRE,EVE,MCI,MUN,NEW,2.67,2.8,3.0,2.33,2.5,2.6364,-0.2
5,1+1+1+1+1,BRE-EVE-MCI-NEW-SUN,BRE,EVE,MCI,NEW,SUN,2.67,2.8,3.0,2.33,2.5,2.6364,-0.2
3,2+2+1,EVE-EVE-LIV-LIV-MUN,EVE,EVE,LIV,LIV,MUN,2.67,2.8,3.0,2.33,2.5,2.6364,-0.2
3,2+2+1,EVE-EVE-LIV-LIV-SUN,EVE,EVE,LIV,LIV,SUN,2.67,2.8,3.0,2.33,2.5,2.6364,-0.2
4,2+1+1+1,EVE-EVE-LIV-MCI-MUN,EVE,EVE,LIV,MCI,MUN,2.67,2.8,3.0,2.33,2.5,2.6364,-0.2
4,2+1+1+1,EVE-EVE-LIV-MCI-SUN,EVE,EVE,LIV,MCI,SUN,2.67,2.8,3.0,2.33,2.5,2.6364,-0.2
3,2+2+1,EVE-EVE-MCI-MCI-MUN,EVE,EVE,MCI,MCI,MUN,2.67,2.8,3.0,2.33,2.5,2.6364,-0.2
3,2+2+1,EVE-EVE-MCI-MCI-SUN,EVE,EVE,MCI,MCI,SUN,2.67,2.8,3.0,2.33,2.5,2.6364,-0.2
4,2+1+1+1,EVE-FUL-LIV-LIV-MUN,EVE,FUL,LIV,LIV,MUN,2.67,2.8,3.0,2.33,2.5,2.6364,-0.2
5,1+1+1+1+1,EVE-FUL-LIV-MCI-MUN,EVE,FUL,LIV,MCI,MUN,2.67,2.8,3.0,2.33,2.5,2.6364,-0.2
4,2+1+1+1,EVE-FUL-MCI-MCI-MUN,EVE,FUL,MCI,MCI,MUN,2.67,2.8,3.0,2.33,2.5,2.6364,-0.2
4,2+1+1+1,EVE-LEE-LIV-LIV-MUN,EVE,LEE,LIV,LIV,MUN,2.67,2.8,3.0,2.33,2.5,2.6364,-0.2
4,2+1+1+1,EVE-LEE-LIV-LIV-SUN,EVE,LEE,LIV,LIV,SUN,2.67,2.8,3.0,2.33,2.5,2.6364,-0.2
5,1+1+1+1+1,EVE-LEE-LIV-MCI-MUN,EVE,LEE,LIV,MCI,MUN,2.67,2.8,3.0,2.33,2.5,2.6364,-0.2
5,1+1+1+1+1,EVE-LEE-LIV-MCI-SUN,EVE,LEE,LIV,MCI,SUN,2.67,2.8,3.0,2.33,2.5,2.6364,-0.2
4,2+1+1+1,EVE-LEE-MCI-MCI-MUN,EVE,LEE,MCI,MCI,MUN,2.67,2.8,3.0,2.33,2.5,2.6364,-0.2
4,2+1+1+1,EVE-LEE-MCI-MCI-SUN,EVE,LEE,MCI,MCI,SUN,2.67,2.8,3.0,2.33,2.5,2.6364,-0.2
4,2+1+1+1,EVE-LIV-LIV-MUN-NEW,EVE,LIV,LIV,MUN,NEW,2.67,2.8,3.0,2.33,2.5,2.6364,-0.2
4,2+1+1+1,EVE-LIV-LIV-NEW-SUN,EVE,LIV,LIV,NEW,SUN,2.67,2.8,3.0,2.33,2.5,2.6364,-0.2
5,1+1+1+1+1,EVE-LIV-MCI-MUN-NEW,EVE,LIV,MCI,MUN,NEW,2.67,2.8,3.0,2.33,2.5,2.6364,-0.2
5,1+1+1+1+1,EVE-LIV-MCI-NEW-SUN,EVE,LIV,MCI,NEW,SUN,2.67,2.8,3.0,2.33,2.5,2.6364,-0.2
4,2+1+1+1,EVE-MCI-MCI-MUN-NEW,EVE,MCI,MCI,MUN,NEW,2.67,2.8,3.0,2.33,2.5,2.6364,-0.2
4,2+1+1+1,EVE-MCI-MCI-NEW-SUN,EVE,MCI,MCI,NEW,SUN,2.67,2.8,3.0,2.33,2.5,2.6364,-0.2
3,3+1+1,BRE-BRE-BRE-CHE-EVE,BRE,BRE,BRE,CHE,EVE,3.0,2.8,3.0,2.0,2.5,2.6364,-0.189
4,2+1+1+1,BRE-BRE-CHE-EVE-LIV,BRE,BRE,CHE,EVE,LIV,3.0,2.8,3.0,2.0,2.5,2.6364,-0.189
4,2+1+1+1,BRE-BRE-CHE-EVE-MCI,BRE,BRE,CHE,EVE,MCI,3.0,2.8,3.0,2.0,2.5,2.6364,-0.189
4,2+1+1+1,BRE-CHE-EVE-LIV-LIV,BRE,CHE,EVE,LIV,LIV,3.0,2.8,3.0,2.0,2.5,2.6364,-0.189
5,1+1+1+1+1,BRE-CHE-EVE-LIV-MCI,BRE,CHE,EVE,LIV,MCI,3.0,2.8,3.0,2.0,2.5,2.6364,-0.189
4,2+1+1+1,BRE-CHE-EVE-MCI-MCI,BRE,CHE,EVE,MCI,MCI,3.0,2.8,3.0,2.0,2.5,2.6364,-0.189
4,2+1+1+1,CHE-EVE-LIV-LIV-MCI,CHE,EVE,LIV,LIV,MCI,3.0,2.8,3.0,2.0,2.5,2.6364,-0.189
4,2+1+1+1,CHE-EVE-LIV-MCI-MCI,CHE,EVE,LIV,MCI,MCI,3.0,2.8,3.0,2.0,2.5,2.6364,-0.189
3,3+1+1,BRE-BRE-BRE-COV-EVE,BRE,BRE,BRE,COV,EVE,3.0,2.8,3.0,2.0,2.5,2.6364,-0.1
3,3+1+1,BRE-BRE-BRE-EVE-TOT,BRE,BRE,BRE,EVE,TOT,3.0,2.8,3.0,2.0,2.5,2.6364,-0.1
4,2+1+1+1,BRE-BRE-COV-EVE-LIV,BRE,BRE,COV,EVE,LIV,3.0,2.8,3.0,2.0,2.5,2.6364,-0.1
4,2+1+1+1,BRE-BRE-COV-EVE-MCI,BRE,BRE,COV,EVE,MCI,3.0,2.8,3.0,2.0,2.5,2.6364,-0.1
4,2+1+1+1,BRE-BRE-EVE-LIV-TOT,BRE,BRE,EVE,LIV,TOT,3.0,2.8,3.0,2.0,2.5,2.6364,-0.1
4,2+1+1+1,BRE-BRE-EVE-MCI-TOT,BRE,BRE,EVE,MCI,TOT,3.0,2.8,3.0,2.0,2.5,2.6364,-0.1
4,2+1+1+1,BRE-COV-EVE-LIV-LIV,BRE,COV,EVE,LIV,LIV,3.0,2.8,3.0,2.0,2.5,2.6364,-0.1
5,1+1+1+1+1,BRE-COV-EVE-LIV-MCI,BRE,COV,EVE,LIV,MCI,3.0,2.8,3.0,2.0,2.5,2.6364,-0.1
4,2+1+1+1,BRE-COV-EVE-MCI-MCI,BRE,COV,EVE,MCI,MCI,3.0,2.8,3.0,2.0,2.5,2.6364,-0.1
4,2+1+1+1,BRE-EVE-LIV-LIV-TOT,BRE,EVE,LIV,LIV,TOT,3.0,2.8,3.0,2.0,2.5,2.6364,-0.1
5,1+1+1+1+1,BRE-EVE-LIV-MCI-TOT,BRE,EVE,LIV,MCI,TOT,3.0,2.8,3.0,2.0,2.5,2.6364,-0.1
4,2+1+1+1,BRE-EVE-MCI-MCI-TOT,BRE,EVE,MCI,MCI,TOT,3.0,2.8,3.0,2.0,2.5,2.6364,-0.1
4,2+1+1+1,COV-EVE-LIV-LIV-MCI,COV,EVE,LIV,LIV,MCI,3.0,2.8,3.0,2.0,2.5,2.6364,-0.1
4,2+1+1+1,COV-EVE-LIV-MCI-MCI,COV,EVE,LIV,MCI,MCI,3.0,2.8,3.0,2.0,2.5,2.6364,-0.1
4,2+1+1+1,EVE-LIV-LIV-MCI-TOT,EVE,LIV,LIV,MCI,TOT,3.0,2.8,3.0,2.0,2.5,2.6364,-0.1
4,2+1+1+1,EVE-LIV-MCI-MCI-TOT,EVE,LIV,MCI,MCI,TOT,3.0,2.8,3.0,2.0,2.5,2.6364,-0.1
4,2+1+1+1,BOU-LEE-LIV-LIV-MUN,BOU,LEE,LIV,LIV,MUN,2.67,2.8,3.0,2.33,2.5,2.6364,-0.05
4,2+1+1+1,BOU-LEE-LIV-LIV-SUN,BOU,LEE,LIV,LIV,SUN,2.67,2.8,3.0,2.33,2.5,2.6364,-0.05
5,1+1+1+1+1,BOU-LEE-LIV-MCI-MUN,BOU,LEE,LIV,MCI,MUN,2.67,2.8,3.0,2.33,2.5,2.6364,-0.05
5,1+1+1+1+1,BOU-LEE-LIV-MCI-SUN,BOU,LEE,LIV,MCI,SUN,2.67,2.8,3.0,2.33,2.5,2.6364,-0.05
4,2+1+1+1,BOU-LEE-MCI-MCI-MUN,BOU,LEE,MCI,MCI,MUN,2.67,2.8,3.0,2.33,2.5,2.6364,-0.05
4,2+1+1+1,BOU-LEE-MCI-MCI-SUN,BOU,LEE,MCI,MCI,SUN,2.67,2.8,3.0,2.33,2.5,2.6364,-0.05
4,2+1+1+1,FUL-LEE-LIV-LIV-MUN,FUL,LEE,LIV,LIV,MUN,2.67,2.8,3.0,2.33,2.5,2.6364,-0.05
5,1+1+1+1+1,FUL-LEE-LIV-MCI-MUN,FUL,LEE,LIV,MCI,MUN,2.67,2.8,3.0,2.33,2.5,2.6364,-0.05
4,2+1+1+1,FUL-LEE-MCI-MCI-MUN,FUL,LEE,MCI,MCI,MUN,2.67,2.8,3.0,2.33,2.5,2.6364,-0.05
4,2+1+1+1,LEE-LIV-LIV-MUN-NEW,LEE,LIV,LIV,MUN,NEW,2.67,2.8,3.0,2.33,2.5,2.6364,-0.05
4,2+1+1+1,LEE-LIV-LIV-NEW-SUN,LEE,LIV,LIV,NEW,SUN,2.67,2.8,3.0,2.33,2.5,2.6364,-0.05
5,1+1+1+1+1,LEE-LIV-MCI-MUN-NEW,LEE,LIV,MCI,MUN,NEW,2.67,2.8,3.0,2.33,2.5,2.6364,-0.05
5,1+1+1+1+1,LEE-LIV-MCI-NEW-SUN,LEE,LIV,MCI,NEW,SUN,2.67,2.8,3.0,2.33,2.5,2.6364,-0.05
4,2+1+1+1,LEE-MCI-MCI-MUN-NEW,LEE,MCI,MCI,MUN,NEW,2.67,2.8,3.0,2.33,2.5,2.6364,-0.05
4,2+1+1+1,LEE-MCI-MCI-NEW-SUN,LEE,MCI,MCI,NEW,SUN,2.67,2.8,3.0,2.33,2.5,2.6364,-0.05
3,3+1+1,BRE-BRE-BRE-EVE-HUL,BRE,BRE,BRE,EVE,HUL,3.0,2.8,3.0,2.0,2.5,2.6364,0.0
4,2+1+1+1,BRE-BRE-EVE-HUL-LIV,BRE,BRE,EVE,HUL,LIV,3.0,2.8,3.0,2.0,2.5,2.6364,0.0
4,2+1+1+1,BRE-BRE-EVE-HUL-MCI,BRE,BRE,EVE,HUL,MCI,3.0,2.8,3.0,2.0,2.5,2.6364,0.0
4,2+1+1+1,BRE-EVE-HUL-LIV-LIV,BRE,EVE,HUL,LIV,LIV,3.0,2.8,3.0,2.0,2.5,2.6364,0.0
5,1+1+1+1+1,BRE-EVE-HUL-LIV-MCI,BRE,EVE,HUL,LIV,MCI,3.0,2.8,3.0,2.0,2.5,2.6364,0.0
4,2+1+1+1,BRE-EVE-HUL-MCI-MCI,BRE,EVE,HUL,MCI,MCI,3.0,2.8,3.0,2.0,2.5,2.6364,0.0
4,2+1+1+1,EVE-HUL-LIV-LIV-MCI,EVE,HUL,LIV,LIV,MCI,3.0,2.8,3.0,2.0,2.5,2.6364,0.0
4,2+1+1+1,EVE-HUL-LIV-MCI-MCI,EVE,HUL,LIV,MCI,MCI,3.0,2.8,3.0,2.0,2.5,2.6364,0.0
3,2+2+1,LEE-LEE-LIV-LIV-MUN,LEE,LEE,LIV,LIV,MUN,2.67,2.8,3.0,2.33,2.5,2.6364,0.0
3,2+2+1,LEE-LEE-LIV-LIV-SUN,LEE,LEE,LIV,LIV,SUN,2.67,2.8,3.0,2.33,2.5,2.6364,0.0
4,2+1+1+1,LEE-LEE-LIV-MCI-MUN,LEE,LEE,LIV,MCI,MUN,2.67,2.8,3.0,2.33,2.5,2.6364,0.0
4,2+1+1+1,LEE-LEE-LIV-MCI-SUN,LEE,LEE,LIV,MCI,SUN,2.67,2.8,3.0,2.33,2.5,2.6364,0.0
3,2+2+1,LEE-LEE-MCI-MCI-MUN,LEE,LEE,MCI,MCI,MUN,2.67,2.8,3.0,2.33,2.5,2.6364,0.0
3,2+2+1,LEE-LEE-MCI-MCI-SUN,LEE,LEE,MCI,MCI,SUN,2.67,2.8,3.0,2.33,2.5,2.6364,0.0
4,2+1+1+1,CHE-LEE-LIV-LIV-MCI,CHE,LEE,LIV,LIV,MCI,3.0,2.8,3.0,2.0,2.5,2.6364,0.0165
4,2+1+1+1,CHE-LEE-LIV-MCI-MCI,CHE,LEE,LIV,MCI,MCI,3.0,2.8,3.0,2.0,2.5,2.6364,0.0165
3,2+2+1,BOU-BOU-BRE-BRE-MUN,BOU,BOU,BRE,BRE,MUN,2.67,2.8,3.0,2.33,2.5,2.6364,0.1
3,2+2+1,BOU-BOU-BRE-BRE-SUN,BOU,BOU,BRE,BRE,SUN,2.67,2.8,3.0,2.33,2.5,2.6364,0.1
4,2+1+1+1,BOU-BOU-BRE-LIV-MUN,BOU,BOU,BRE,LIV,MUN,2.67,2.8,3.0,2.33,2.5,2.6364,0.1
4,2+1+1+1,BOU-BOU-BRE-LIV-SUN,BOU,BOU,BRE,LIV,SUN,2.67,2.8,3.0,2.33,2.5,2.6364,0.1
4,2+1+1+1,BOU-BOU-BRE-MCI-MUN,BOU,BOU,BRE,MCI,MUN,2.67,2.8,3.0,2.33,2.5,2.6364,0.1
4,2+1+1+1,BOU-BOU-BRE-MCI-SUN,BOU,BOU,BRE,MCI,SUN,2.67,2.8,3.0,2.33,2.5,2.6364,0.1
3,2+2+1,BOU-BOU-LIV-LIV-MUN,BOU,BOU,LIV,LIV,MUN,2.67,2.8,3.0,2.33,2.5,2.6364,0.1
3,2+2+1,BOU-BOU-LIV-LIV-SUN,BOU,BOU,LIV,LIV,SUN,2.67,2.8,3.0,2.33,2.5,2.6364,0.1
4,2+1+1+1,BOU-BOU-LIV-MCI-MUN,BOU,BOU,LIV,MCI,MUN,2.67,2.8,3.0,2.33,2.5,2.6364,0.1
4,2+1+1+1,BOU-BOU-LIV-MCI-SUN,BOU,BOU,LIV,MCI,SUN,2.67,2.8,3.0,2.33,2.5,2.6364,0.1
3,2+2+1,BOU-BOU-MCI-MCI-MUN,BOU,BOU,MCI,MCI,MUN,2.67,2.8,3.0,2.33,2.5,2.6364,0.1
3,2+2+1,BOU-BOU-MCI-MCI-SUN,BOU,BOU,MCI,MCI,SUN,2.67,2.8,3.0,2.33,2.5,2.6364,0.1
4,2+1+1+1,BOU-BRE-BRE-FUL-MUN,BOU,BRE,BRE,FUL,MUN,2.67,2.8,3.0,2.33,2.5,2.6364,0.1
4,2+1+1+1,BOU-BRE-BRE-MUN-NEW,BOU,BRE,BRE,MUN,NEW,2.67,2.8,3.0,2.33,2.5,2.6364,0.1
4,2+1+1+1,BOU-BRE-BRE-NEW-SUN,BOU,BRE,BRE,NEW,SUN,2.67,2.8,3.0,2.33,2.5,2.6364,0.1
5,1+1+1+1+1,BOU-BRE-FUL-LIV-MUN,BOU,BRE,FUL,LIV,MUN,2.67,2.8,3.0,2.33,2.5,2.6364,0.1
5,1+1+1+1+1,BOU-BRE-FUL-MCI-MUN,BOU,BRE,FUL,MCI,MUN,2.67,2.8,3.0,2.33,2.5,2.6364,0.1
5,1+1+1+1+1,BOU-BRE-LIV-MUN-NEW,BOU,BRE,LIV,MUN,NEW,2.67,2.8,3.0,2.33,2.5,2.6364,0.1
5,1+1+1+1+1,BOU-BRE-LIV-NEW-SUN,BOU,BRE,LIV,NEW,SUN,2.67,2.8,3.0,2.33,2.5,2.6364,0.1
5,1+1+1+1+1,BOU-BRE-MCI-MUN-NEW,BOU,BRE,MCI,MUN,NEW,2.67,2.8,3.0,2.33,2.5,2.6364,0.1
5,1+1+1+1+1,BOU-BRE-MCI-NEW-SUN,BOU,BRE,MCI,NEW,SUN,2.67,2.8,3.0,2.33,2.5,2.6364,0.1
4,2+1+1+1,BOU-FUL-LIV-LIV-MUN,BOU,FUL,LIV,LIV,MUN,2.67,2.8,3.0,2.33,2.5,2.6364,0.1
5,1+1+1+1+1,BOU-FUL-LIV-MCI-MUN,BOU,FUL,LIV,MCI,MUN,2.67,2.8,3.0,2.33,2.5,2.6364,0.1
4,2+1+1+1,BOU-FUL-MCI-MCI-MUN,BOU,FUL,MCI,MCI,MUN,2.67,2.8,3.0,2.33,2.5,2.6364,0.1
4,2+1+1+1,BOU-LIV-LIV-MUN-NEW,BOU,LIV,LIV,MUN,NEW,2.67,2.8,3.0,2.33,2.5,2.6364,0.1
4,2+1+1+1,BOU-LIV-LIV-NEW-SUN,BOU,LIV,LIV,NEW,SUN,2.67,2.8,3.0,2.33,2.5,2.6364,0.1
5,1+1+1+1+1,BOU-LIV-MCI-MUN-NEW,BOU,LIV,MCI,MUN,NEW,2.67,2.8,3.0,2.33,2.5,2.6364,0.1
5,1+1+1+1+1,BOU-LIV-MCI-NEW-SUN,BOU,LIV,MCI,NEW,SUN,2.67,2.8,3.0,2.33,2.5,2.6364,0.1
4,2+1+1+1,BOU-MCI-MCI-MUN-NEW,BOU,MCI,MCI,MUN,NEW,2.67,2.8,3.0,2.33,2.5,2.6364,0.1
4,2+1+1+1,BOU-MCI-MCI-NEW-SUN,BOU,MCI,MCI,NEW,SUN,2.67,2.8,3.0,2.33,2.5,2.6364,0.1
3,2+2+1,BRE-BRE-FUL-FUL-MUN,BRE,BRE,FUL,FUL,MUN,2.67,2.8,3.0,2.33,2.5,2.6364,0.1
4,2+1+1+1,BRE-BRE-FUL-MUN-NEW,BRE,BRE,FUL,MUN,NEW,2.67,2.8,3.0,2.33,2.5,2.6364,0.1
3,2+2+1,BRE-BRE-MUN-NEW-NEW,BRE,BRE,MUN,NEW,NEW,2.67,2.8,3.0,2.33,2.5,2.6364,0.1
3,2+2+1,BRE-BRE-NEW-NEW-SUN,BRE,BRE,NEW,NEW,SUN,2.67,2.8,3.0,2.33,2.5,2.6364,0.1
4,2+1+1+1,BRE-FUL-FUL-LIV-MUN,BRE,FUL,FUL,LIV,MUN,2.67,2.8,3.0,2.33,2.5,2.6364,0.1
4,2+1+1+1,BRE-FUL-FUL-MCI-MUN,BRE,FUL,FUL,MCI,MUN,2.67,2.8,3.0,2.33,2.5,2.6364,0.1
5,1+1+1+1+1,BRE-FUL-LIV-MUN-NEW,BRE,FUL,LIV,MUN,NEW,2.67,2.8,3.0,2.33,2.5,2.6364,0.1
5,1+1+1+1+1,BRE-FUL-MCI-MUN-NEW,BRE,FUL,MCI,MUN,NEW,2.67,2.8,3.0,2.33,2.5,2.6364,0.1
4,2+1+1+1,BRE-LIV-MUN-NEW-NEW,BRE,LIV,MUN,NEW,NEW,2.67,2.8,3.0,2.33,2.5,2.6364,0.1
4,2+1+1+1,BRE-LIV-NEW-NEW-SUN,BRE,LIV,NEW,NEW,SUN,2.67,2.8,3.0,2.33,2.5,2.6364,0.1
4,2+1+1+1,BRE-MCI-MUN-NEW-NEW,BRE,MCI,MUN,NEW,NEW,2.67,2.8,3.0,2.33,2.5,2.6364,0.1
4,2+1+1+1,BRE-MCI-NEW-NEW-SUN,BRE,MCI,NEW,NEW,SUN,2.67,2.8,3.0,2.33,2.5,2.6364,0.1
3,2+2+1,FUL-FUL-LIV-LIV-MUN,FUL,FUL,LIV,LIV,MUN,2.67,2.8,3.0,2.33,2.5,2.6364,0.1
4,2+1+1+1,FUL-FUL-LIV-MCI-MUN,FUL,FUL,LIV,MCI,MUN,2.67,2.8,3.0,2.33,2.5,2.6364,0.1
3,2+2+1,FUL-FUL-MCI-MCI-MUN,FUL,FUL,MCI,MCI,MUN,2.67,2.8,3.0,2.33,2.5,2.6364,0.1
4,2+1+1+1,FUL-LIV-LIV-MUN-NEW,FUL,LIV,LIV,MUN,NEW,2.67,2.8,3.0,2.33,2.5,2.6364,0.1
5,1+1+1+1+1,FUL-LIV-MCI-MUN-NEW,FUL,LIV,MCI,MUN,NEW,2.67,2.8,3.0,2.33,2.5,2.6364,0.1
4,2+1+1+1,FUL-MCI-MCI-MUN-NEW,FUL,MCI,MCI,MUN,NEW,2.67,2.8,3.0,2.33,2.5,2.6364,0.1
3,2+2+1,LIV-LIV-MUN-NEW-NEW,LIV,LIV,MUN,NEW,NEW,2.67,2.8,3.0,2.33,2.5,2.6364,0.1
3,2+2+1,LIV-LIV-NEW-NEW-SUN,LIV,LIV,NEW,NEW,SUN,2.67,2.8,3.0,2.33,2.5,2.6364,0.1
4,2+1+1+1,LIV-MCI-MUN-NEW-NEW,LIV,MCI,MUN,NEW,NEW,2.67,2.8,3.0,2.33,2.5,2.6364,0.1
4,2+1+1+1,LIV-MCI-NEW-NEW-SUN,LIV,MCI,NEW,NEW,SUN,2.67,2.8,3.0,2.33,2.5,2.6364,0.1
3,2+2+1,MCI-MCI-MUN-NEW-NEW,MCI,MCI,MUN,NEW,NEW,2.67,2.8,3.0,2.33,2.5,2.6364,0.1
3,2+2+1,MCI-MCI-NEW-NEW-SUN,MCI,MCI,NEW,NEW,SUN,2.67,2.8,3.0,2.33,2.5,2.6364,0.1
3,3+1+1,BOU-BRE-BRE-BRE-CHE,BOU,BRE,BRE,BRE,CHE,3.0,2.8,3.0,2.0,2.5,2.6364,0.1476
4,2+1+1+1,BOU-BRE-BRE-CHE-LIV,BOU,BRE,BRE,CHE,LIV,3.0,2.8,3.0,2.0,2.5,2.6364,0.1476
4,2+1+1+1,BOU-BRE-BRE-CHE-MCI,BOU,BRE,BRE,CHE,MCI,3.0,2.8,3.0,2.0,2.5,2.6364,0.1476
4,2+1+1+1,BOU-BRE-CHE-LIV-LIV,BOU,BRE,CHE,LIV,LIV,3.0,2.8,3.0,2.0,2.5,2.6364,0.1476
5,1+1+1+1+1,BOU-BRE-CHE-LIV-MCI,BOU,BRE,CHE,LIV,MCI,3.0,2.8,3.0,2.0,2.5,2.6364,0.1476
4,2+1+1+1,BOU-BRE-CHE-MCI-MCI,BOU,BRE,CHE,MCI,MCI,3.0,2.8,3.0,2.0,2.5,2.6364,0.1476
4,2+1+1+1,BOU-CHE-LIV-LIV-MCI,BOU,CHE,LIV,LIV,MCI,3.0,2.8,3.0,2.0,2.5,2.6364,0.1476
4,2+1+1+1,BOU-CHE-LIV-MCI-MCI,BOU,CHE,LIV,MCI,MCI,3.0,2.8,3.0,2.0,2.5,2.6364,0.1476
3,3+1+1,BRE-BRE-BRE-CHE-FUL,BRE,BRE,BRE,CHE,FUL,3.0,2.8,3.0,2.0,2.5,2.6364,0.1476
3,3+1+1,BRE-BRE-BRE-CHE-NEW,BRE,BRE,BRE,CHE,NEW,3.0,2.8,3.0,2.0,2.5,2.6364,0.1476
4,2+1+1+1,BRE-BRE-CHE-FUL-LIV,BRE,BRE,CHE,FUL,LIV,3.0,2.8,3.0,2.0,2.5,2.6364,0.1476
4,2+1+1+1,BRE-BRE-CHE-FUL-MCI,BRE,BRE,CHE,FUL,MCI,3.0,2.8,3.0,2.0,2.5,2.6364,0.1476
4,2+1+1+1,BRE-BRE-CHE-LIV-NEW,BRE,BRE,CHE,LIV,NEW,3.0,2.8,3.0,2.0,2.5,2.6364,0.1476
4,2+1+1+1,BRE-BRE-CHE-MCI-NEW,BRE,BRE,CHE,MCI,NEW,3.0,2.8,3.0,2.0,2.5,2.6364,0.1476
4,2+1+1+1,BRE-CHE-FUL-LIV-LIV,BRE,CHE,FUL,LIV,LIV,3.0,2.8,3.0,2.0,2.5,2.6364,0.1476
5,1+1+1+1+1,BRE-CHE-FUL-LIV-MCI,BRE,CHE,FUL,LIV,MCI,3.0,2.8,3.0,2.0,2.5,2.6364,0.1476
4,2+1+1+1,BRE-CHE-FUL-MCI-MCI,BRE,CHE,FUL,MCI,MCI,3.0,2.8,3.0,2.0,2.5,2.6364,0.1476
4,2+1+1+1,BRE-CHE-LIV-LIV-NEW,BRE,CHE,LIV,LIV,NEW,3.0,2.8,3.0,2.0,2.5,2.6364,0.1476
5,1+1+1+1+1,BRE-CHE-LIV-MCI-NEW,BRE,CHE,LIV,MCI,NEW,3.0,2.8,3.0,2.0,2.5,2.6364,0.1476
4,2+1+1+1,BRE-CHE-MCI-MCI-NEW,BRE,CHE,MCI,MCI,NEW,3.0,2.8,3.0,2.0,2.5,2.6364,0.1476
4,2+1+1+1,CHE-FUL-LIV-LIV-MCI,CHE,FUL,LIV,LIV,MCI,3.0,2.8,3.0,2.0,2.5,2.6364,0.1476
4,2+1+1+1,CHE-FUL-LIV-MCI-MCI,CHE,FUL,LIV,MCI,MCI,3.0,2.8,3.0,2.0,2.5,2.6364,0.1476
4,2+1+1+1,CHE-LIV-LIV-MCI-NEW,CHE,LIV,LIV,MCI,NEW,3.0,2.8,3.0,2.0,2.5,2.6364,0.1476
4,2+1+1+1,CHE-LIV-MCI-MCI-NEW,CHE,LIV,MCI,MCI,NEW,3.0,2.8,3.0,2.0,2.5,2.6364,0.1476
4,2+1+1+1,COV-LEE-LIV-LIV-MCI,COV,LEE,LIV,LIV,MCI,3.0,2.8,3.0,2.0,2.5,2.6364,0.15
4,2+1+1+1,COV-LEE-LIV-MCI-MCI,COV,LEE,LIV,MCI,MCI,3.0,2.8,3.0,2.0,2.5,2.6364,0.15
4,2+1+1+1,LEE-LIV-LIV-MCI-TOT,LEE,LIV,LIV,MCI,TOT,3.0,2.8,3.0,2.0,2.5,2.6364,0.15
4,2+1+1+1,LEE-LIV-MCI-MCI-TOT,LEE,LIV,MCI,MCI,TOT,3.0,2.8,3.0,2.0,2.5,2.6364,0.15
3,3+1+1,BRE-BRE-BRE-CHE-LIV,BRE,BRE,BRE,CHE,LIV,3.0,2.8,3.0,2.0,2.5,2.6364,0.222
3,3+1+1,BRE-BRE-BRE-CHE-MCI,BRE,BRE,BRE,CHE,MCI,3.0,2.8,3.0,2.0,2.5,2.6364,0.222
3,2+2+1,BRE-BRE-CHE-LIV-LIV,BRE,BRE,CHE,LIV,LIV,3.0,2.8,3.0,2.0,2.5,2.6364,0.222
4,2+1+1+1,BRE-BRE-CHE-LIV-MCI,BRE,BRE,CHE,LIV,MCI,3.0,2.8,3.0,2.0,2.5,2.6364,0.222
3,2+2+1,BRE-BRE-CHE-MCI-MCI,BRE,BRE,CHE,MCI,MCI,3.0,2.8,3.0,2.0,2.5,2.6364,0.222
4,2+1+1+1,BRE-CHE-LIV-LIV-MCI,BRE,CHE,LIV,LIV,MCI,3.0,2.8,3.0,2.0,2.5,2.6364,0.222
4,2+1+1+1,BRE-CHE-LIV-MCI-MCI,BRE,CHE,LIV,MCI,MCI,3.0,2.8,3.0,2.0,2.5,2.6364,0.222
3,2+2+1,CHE-LIV-LIV-MCI-MCI,CHE,LIV,LIV,MCI,MCI,3.0,2.8,3.0,2.0,2.5,2.6364,0.222
4,2+1+1+1,HUL-LEE-LIV-LIV-MCI,HUL,LEE,LIV,LIV,MCI,3.0,2.8,3.0,2.0,2.5,2.6364,0.3
4,2+1+1+1,HUL-LEE-LIV-MCI-MCI,HUL,LEE,LIV,MCI,MCI,3.0,2.8,3.0,2.0,2.5,2.6364,0.3
3,3+1+1,BOU-BRE-BRE-BRE-COV,BOU,BRE,BRE,BRE,COV,3.0,2.8,3.0,2.0,2.5,2.6364,0.35
3,3+1+1,BOU-BRE-BRE-BRE-TOT,BOU,BRE,BRE,BRE,TOT,3.0,2.8,3.0,2.0,2.5,2.6364,0.35
4,2+1+1+1,BOU-BRE-BRE-COV-LIV,BOU,BRE,BRE,COV,LIV,3.0,2.8,3.0,2.0,2.5,2.6364,0.35
4,2+1+1+1,BOU-BRE-BRE-COV-MCI,BOU,BRE,BRE,COV,MCI,3.0,2.8,3.0,2.0,2.5,2.6364,0.35
4,2+1+1+1,BOU-BRE-BRE-LIV-TOT,BOU,BRE,BRE,LIV,TOT,3.0,2.8,3.0,2.0,2.5,2.6364,0.35
4,2+1+1+1,BOU-BRE-BRE-MCI-TOT,BOU,BRE,BRE,MCI,TOT,3.0,2.8,3.0,2.0,2.5,2.6364,0.35
4,2+1+1+1,BOU-BRE-COV-LIV-LIV,BOU,BRE,COV,LIV,LIV,3.0,2.8,3.0,2.0,2.5,2.6364,0.35
5,1+1+1+1+1,BOU-BRE-COV-LIV-MCI,BOU,BRE,COV,LIV,MCI,3.0,2.8,3.0,2.0,2.5,2.6364,0.35
4,2+1+1+1,BOU-BRE-COV-MCI-MCI,BOU,BRE,COV,MCI,MCI,3.0,2.8,3.0,2.0,2.5,2.6364,0.35
4,2+1+1+1,BOU-BRE-LIV-LIV-TOT,BOU,BRE,LIV,LIV,TOT,3.0,2.8,3.0,2.0,2.5,2.6364,0.35
5,1+1+1+1+1,BOU-BRE-LIV-MCI-TOT,BOU,BRE,LIV,MCI,TOT,3.0,2.8,3.0,2.0,2.5,2.6364,0.35
4,2+1+1+1,BOU-BRE-MCI-MCI-TOT,BOU,BRE,MCI,MCI,TOT,3.0,2.8,3.0,2.0,2.5,2.6364,0.35
4,2+1+1+1,BOU-COV-LIV-LIV-MCI,BOU,COV,LIV,LIV,MCI,3.0,2.8,3.0,2.0,2.5,2.6364,0.35
4,2+1+1+1,BOU-COV-LIV-MCI-MCI,BOU,COV,LIV,MCI,MCI,3.0,2.8,3.0,2.0,2.5,2.6364,0.35
4,2+1+1+1,BOU-LIV-LIV-MCI-TOT,BOU,LIV,LIV,MCI,TOT,3.0,2.8,3.0,2.0,2.5,2.6364,0.35
4,2+1+1+1,BOU-LIV-MCI-MCI-TOT,BOU,LIV,MCI,MCI,TOT,3.0,2.8,3.0,2.0,2.5,2.6364,0.35
3,3+1+1,BRE-BRE-BRE-COV-FUL,BRE,BRE,BRE,COV,FUL,3.0,2.8,3.0,2.0,2.5,2.6364,0.35
3,3+1+1,BRE-BRE-BRE-COV-NEW,BRE,BRE,BRE,COV,NEW,3.0,2.8,3.0,2.0,2.5,2.6364,0.35
3,3+1+1,BRE-BRE-BRE-FUL-TOT,BRE,BRE,BRE,FUL,TOT,3.0,2.8,3.0,2.0,2.5,2.6364,0.35
4,2+1+1+1,BRE-BRE-COV-FUL-LIV,BRE,BRE,COV,FUL,LIV,3.0,2.8,3.0,2.0,2.5,2.6364,0.35
4,2+1+1+1,BRE-BRE-COV-FUL-MCI,BRE,BRE,COV,FUL,MCI,3.0,2.8,3.0,2.0,2.5,2.6364,0.35
4,2+1+1+1,BRE-BRE-COV-LIV-NEW,BRE,BRE,COV,LIV,NEW,3.0,2.8,3.0,2.0,2.5,2.6364,0.35
4,2+1+1+1,BRE-BRE-COV-MCI-NEW,BRE,BRE,COV,MCI,NEW,3.0,2.8,3.0,2.0,2.5,2.6364,0.35
4,2+1+1+1,BRE-BRE-FUL-LIV-TOT,BRE,BRE,FUL,LIV,TOT,3.0,2.8,3.0,2.0,2.5,2.6364,0.35
4,2+1+1+1,BRE-BRE-FUL-MCI-TOT,BRE,BRE,FUL,MCI,TOT,3.0,2.8,3.0,2.0,2.5,2.6364,0.35
4,2+1+1+1,BRE-COV-FUL-LIV-LIV,BRE,COV,FUL,LIV,LIV,3.0,2.8,3.0,2.0,2.5,2.6364,0.35
5,1+1+1+1+1,BRE-COV-FUL-LIV-MCI,BRE,COV,FUL,LIV,MCI,3.0,2.8,3.0,2.0,2.5,2.6364,0.35
4,2+1+1+1,BRE-COV-FUL-MCI-MCI,BRE,COV,FUL,MCI,MCI,3.0,2.8,3.0,2.0,2.5,2.6364,0.35
4,2+1+1+1,BRE-COV-LIV-LIV-NEW,BRE,COV,LIV,LIV,NEW,3.0,2.8,3.0,2.0,2.5,2.6364,0.35
5,1+1+1+1+1,BRE-COV-LIV-MCI-NEW,BRE,COV,LIV,MCI,NEW,3.0,2.8,3.0,2.0,2.5,2.6364,0.35
4,2+1+1+1,BRE-COV-MCI-MCI-NEW,BRE,COV,MCI,MCI,NEW,3.0,2.8,3.0,2.0,2.5,2.6364,0.35
4,2+1+1+1,BRE-FUL-LIV-LIV-TOT,BRE,FUL,LIV,LIV,TOT,3.0,2.8,3.0,2.0,2.5,2.6364,0.35
5,1+1+1+1+1,BRE-FUL-LIV-MCI-TOT,BRE,FUL,LIV,MCI,TOT,3.0,2.8,3.0,2.0,2.5,2.6364,0.35
4,2+1+1+1,BRE-FUL-MCI-MCI-TOT,BRE,FUL,MCI,MCI,TOT,3.0,2.8,3.0,2.0,2.5,2.6364,0.35
4,2+1+1+1,COV-FUL-LIV-LIV-MCI,COV,FUL,LIV,LIV,MCI,3.0,2.8,3.0,2.0,2.5,2.6364,0.35
4,2+1+1+1,COV-FUL-LIV-MCI-MCI,COV,FUL,LIV,MCI,MCI,3.0,2.8,3.0,2.0,2.5,2.6364,0.35
4,2+1+1+1,COV-LIV-LIV-MCI-NEW,COV,LIV,LIV,MCI,NEW,3.0,2.8,3.0,2.0,2.5,2.6364,0.35
4,2+1+1+1,COV-LIV-MCI-MCI-NEW,COV,LIV,MCI,MCI,NEW,3.0,2.8,3.0,2.0,2.5,2.6364,0.35
4,2+1+1+1,FUL-LIV-LIV-MCI-TOT,FUL,LIV,LIV,MCI,TOT,3.0,2.8,3.0,2.0,2.5,2.6364,0.35
4,2+1+1+1,FUL-LIV-MCI-MCI-TOT,FUL,LIV,MCI,MCI,TOT,3.0,2.8,3.0,2.0,2.5,2.6364,0.35
3,3+1+1,BRE-BRE-BRE-COV-LIV,BRE,BRE,BRE,COV,LIV,3.0,2.8,3.0,2.0,2.5,2.6364,0.4
3,3+1+1,BRE-BRE-BRE-COV-MCI,BRE,BRE,BRE,COV,MCI,3.0,2.8,3.0,2.0,2.5,2.6364,0.4
3,3+1+1,BRE-BRE-BRE-LIV-TOT,BRE,BRE,BRE,LIV,TOT,3.0,2.8,3.0,2.0,2.5,2.6364,0.4
3,3+1+1,BRE-BRE-BRE-MCI-TOT,BRE,BRE,BRE,MCI,TOT,3.0,2.8,3.0,2.0,2.5,2.6364,0.4
3,2+2+1,BRE-BRE-COV-LIV-LIV,BRE,BRE,COV,LIV,LIV,3.0,2.8,3.0,2.0,2.5,2.6364,0.4
4,2+1+1+1,BRE-BRE-COV-LIV-MCI,BRE,BRE,COV,LIV,MCI,3.0,2.8,3.0,2.0,2.5,2.6364,0.4
3,2+2+1,BRE-BRE-COV-MCI-MCI,BRE,BRE,COV,MCI,MCI,3.0,2.8,3.0,2.0,2.5,2.6364,0.4
3,2+2+1,BRE-BRE-LIV-LIV-TOT,BRE,BRE,LIV,LIV,TOT,3.0,2.8,3.0,2.0,2.5,2.6364,0.4
4,2+1+1+1,BRE-BRE-LIV-MCI-TOT,BRE,BRE,LIV,MCI,TOT,3.0,2.8,3.0,2.0,2.5,2.6364,0.4
3,2+2+1,BRE-BRE-MCI-MCI-TOT,BRE,BRE,MCI,MCI,TOT,3.0,2.8,3.0,2.0,2.5,2.6364,0.4
4,2+1+1+1,BRE-COV-LIV-LIV-MCI,BRE,COV,LIV,LIV,MCI,3.0,2.8,3.0,2.0,2.5,2.6364,0.4
4,2+1+1+1,BRE-COV-LIV-MCI-MCI,BRE,COV,LIV,MCI,MCI,3.0,2.8,3.0,2.0,2.5,2.6364,0.4
4,2+1+1+1,BRE-LIV-LIV-MCI-TOT,BRE,LIV,LIV,MCI,TOT,3.0,2.8,3.0,2.0,2.5,2.6364,0.4
4,2+1+1+1,BRE-LIV-MCI-MCI-TOT,BRE,LIV,MCI,MCI,TOT,3.0,2.8,3.0,2.0,2.5,2.6364,0.4
3,2+2+1,COV-LIV-LIV-MCI-MCI,COV,LIV,LIV,MCI,MCI,3.0,2.8,3.0,2.0,2.5,2.6364,0.4
3,2+2+1,LIV-LIV-MCI-MCI-TOT,LIV,LIV,MCI,MCI,TOT,3.0,2.8,3.0,2.0,2.5,2.6364,0.4
3,3+1+1,BOU-BRE-BRE-BRE-HUL,BOU,BRE,BRE,BRE,HUL,3.0,2.8,3.0,2.0,2.5,2.6364,0.5366
4,2+1+1+1,BOU-BRE-BRE-HUL-LIV,BOU,BRE,BRE,HUL,LIV,3.0,2.8,3.0,2.0,2.5,2.6364,0.5366
4,2+1+1+1,BOU-BRE-BRE-HUL-MCI,BOU,BRE,BRE,HUL,MCI,3.0,2.8,3.0,2.0,2.5,2.6364,0.5366
4,2+1+1+1,BOU-BRE-HUL-LIV-LIV,BOU,BRE,HUL,LIV,LIV,3.0,2.8,3.0,2.0,2.5,2.6364,0.5366
5,1+1+1+1+1,BOU-BRE-HUL-LIV-MCI,BOU,BRE,HUL,LIV,MCI,3.0,2.8,3.0,2.0,2.5,2.6364,0.5366
4,2+1+1+1,BOU-BRE-HUL-MCI-MCI,BOU,BRE,HUL,MCI,MCI,3.0,2.8,3.0,2.0,2.5,2.6364,0.5366
4,2+1+1+1,BOU-HUL-LIV-LIV-MCI,BOU,HUL,LIV,LIV,MCI,3.0,2.8,3.0,2.0,2.5,2.6364,0.5366
4,2+1+1+1,BOU-HUL-LIV-MCI-MCI,BOU,HUL,LIV,MCI,MCI,3.0,2.8,3.0,2.0,2.5,2.6364,0.5366
3,3+1+1,BRE-BRE-BRE-FUL-HUL,BRE,BRE,BRE,FUL,HUL,3.0,2.8,3.0,2.0,2.5,2.6364,0.5366
3,3+1+1,BRE-BRE-BRE-HUL-NEW,BRE,BRE,BRE,HUL,NEW,3.0,2.8,3.0,2.0,2.5,2.6364,0.5366
4,2+1+1+1,BRE-BRE-FUL-HUL-LIV,BRE,BRE,FUL,HUL,LIV,3.0,2.8,3.0,2.0,2.5,2.6364,0.5366
4,2+1+1+1,BRE-BRE-FUL-HUL-MCI,BRE,BRE,FUL,HUL,MCI,3.0,2.8,3.0,2.0,2.5,2.6364,0.5366
4,2+1+1+1,BRE-BRE-HUL-LIV-NEW,BRE,BRE,HUL,LIV,NEW,3.0,2.8,3.0,2.0,2.5,2.6364,0.5366
4,2+1+1+1,BRE-BRE-HUL-MCI-NEW,BRE,BRE,HUL,MCI,NEW,3.0,2.8,3.0,2.0,2.5,2.6364,0.5366
4,2+1+1+1,BRE-FUL-HUL-LIV-LIV,BRE,FUL,HUL,LIV,LIV,3.0,2.8,3.0,2.0,2.5,2.6364,0.5366
5,1+1+1+1+1,BRE-FUL-HUL-LIV-MCI,BRE,FUL,HUL,LIV,MCI,3.0,2.8,3.0,2.0,2.5,2.6364,0.5366
4,2+1+1+1,BRE-FUL-HUL-MCI-MCI,BRE,FUL,HUL,MCI,MCI,3.0,2.8,3.0,2.0,2.5,2.6364,0.5366
4,2+1+1+1,BRE-HUL-LIV-LIV-NEW,BRE,HUL,LIV,LIV,NEW,3.0,2.8,3.0,2.0,2.5,2.6364,0.5366
5,1+1+1+1+1,BRE-HUL-LIV-MCI-NEW,BRE,HUL,LIV,MCI,NEW,3.0,2.8,3.0,2.0,2.5,2.6364,0.5366
4,2+1+1+1,BRE-HUL-MCI-MCI-NEW,BRE,HUL,MCI,MCI,NEW,3.0,2.8,3.0,2.0,2.5,2.6364,0.5366
4,2+1+1+1,FUL-HUL-LIV-LIV-MCI,FUL,HUL,LIV,LIV,MCI,3.0,2.8,3.0,2.0,2.5,2.6364,0.5366
4,2+1+1+1,FUL-HUL-LIV-MCI-MCI,FUL,HUL,LIV,MCI,MCI,3.0,2.8,3.0,2.0,2.5,2.6364,0.5366
4,2+1+1+1,HUL-LIV-LIV-MCI-NEW,HUL,LIV,LIV,MCI,NEW,3.0,2.8,3.0,2.0,2.5,2.6364,0.5366
4,2+1+1+1,HUL-LIV-MCI-MCI-NEW,HUL,LIV,MCI,MCI,NEW,3.0,2.8,3.0,2.0,2.5,2.6364,0.5366
3,3+1+1,BRE-BRE-BRE-HUL-LIV,BRE,BRE,BRE,HUL,LIV,3.0,2.8,3.0,2.0,2.5,2.6364,0.6
3,3+1+1,BRE-BRE-BRE-HUL-MCI,BRE,BRE,BRE,HUL,MCI,3.0,2.8,3.0,2.0,2.5,2.6364,0.6
3,2+2+1,BRE-BRE-HUL-LIV-LIV,BRE,BRE,HUL,LIV,LIV,3.0,2.8,3.0,2.0,2.5,2.6364,0.6
4,2+1+1+1,BRE-BRE-HUL-LIV-MCI,BRE,BRE,HUL,LIV,MCI,3.0,2.8,3.0,2.0,2.5,2.6364,0.6
3,2+2+1,BRE-BRE-HUL-MCI-MCI,BRE,BRE,HUL,MCI,MCI,3.0,2.8,3.0,2.0,2.5,2.6364,0.6
4,2+1+1+1,BRE-HUL-LIV-LIV-MCI,BRE,HUL,LIV,LIV,MCI,3.0,2.8,3.0,2.0,2.5,2.6364,0.6
4,2+1+1+1,BRE-HUL-LIV-MCI-MCI,BRE,HUL,LIV,MCI,MCI,3.0,2.8,3.0,2.0,2.5,2.6364,0.6
3,2+2+1,HUL-LIV-LIV-MCI-MCI,HUL,LIV,LIV,MCI,MCI,3.0,2.8,3.0,2.0,2.5,2.6364,0.6
2,3+2,COV-COV-COV-MUN-MUN,COV,COV,COV,MUN,MUN,3.0,2.0,2.0,3.67,3.33,2.7273,0.7
3,3+1+1,COV-COV-COV-MUN-SUN,COV,COV,COV,MUN,SUN,3.0,2.0,2.0,3.67,3.33,2.7273,0.7
2,3+2,COV-COV-COV-SUN-SUN,COV,COV,COV,SUN,SUN,3.0,2.0,2.0,3.67,3.33,2.7273,0.7
3,2+2+1,CHE-CHE-COV-TOT-TOT,CHE,CHE,COV,TOT,TOT,3.0,2.0,2.0,3.67,3.33,2.7273,0.8536
3,2+2+1,CHE-COV-COV-TOT-TOT,CHE,COV,COV,TOT,TOT,3.0,2.0,2.0,3.67,3.33,2.7273,0.9024
4,2+1+1+1,BRE-CHE-CHE-COV-TOT,BRE,CHE,CHE,COV,TOT,3.0,2.2,3.0,3.33,3.17,2.7273,0.2134
4,2+1+1+1,CHE-CHE-COV-LIV-TOT,CHE,CHE,COV,LIV,TOT,3.0,2.2,3.0,3.33,3.17,2.7273,0.2134
4,2+1+1+1,CHE-CHE-COV-MCI-TOT,CHE,CHE,COV,MCI,TOT,3.0,2.2,3.0,3.33,3.17,2.7273,0.2134
4,2+1+1+1,BRE-CHE-COV-COV-TOT,BRE,CHE,COV,COV,TOT,3.0,2.2,3.0,3.33,3.17,2.7273,0.2823
4,2+1+1+1,CHE-COV-COV-LIV-TOT,CHE,COV,COV,LIV,TOT,3.0,2.2,3.0,3.33,3.17,2.7273,0.2823
4,2+1+1+1,CHE-COV-COV-MCI-TOT,CHE,COV,COV,MCI,TOT,3.0,2.2,3.0,3.33,3.17,2.7273,0.2823
3,3+1+1,CHE-HUL-HUL-HUL-LEE,CHE,HUL,HUL,HUL,LEE,3.33,2.2,3.0,3.0,3.17,2.7273,0.3982
4,2+1+1+1,CHE-COV-COV-LEE-MUN,CHE,COV,COV,LEE,MUN,2.67,2.2,3.0,3.67,3.17,2.7273,0.4457
4,2+1+1+1,CHE-COV-COV-LEE-SUN,CHE,COV,COV,LEE,SUN,2.67,2.2,3.0,3.67,3.17,2.7273,0.4457
4,2+1+1+1,BOU-CHE-CHE-COV-MUN,BOU,CHE,CHE,COV,MUN,2.67,2.2,3.0,3.67,3.17,2.7273,0.4524
4,2+1+1+1,BOU-CHE-CHE-COV-SUN,BOU,CHE,CHE,COV,SUN,2.67,2.2,3.0,3.67,3.17,2.7273,0.4524
4,2+1+1+1,CHE-CHE-COV-FUL-MUN,CHE,CHE,COV,FUL,MUN,2.67,2.2,3.0,3.67,3.17,2.7273,0.4524
4,2+1+1+1,CHE-CHE-COV-MUN-NEW,CHE,CHE,COV,MUN,NEW,2.67,2.2,3.0,3.67,3.17,2.7273,0.4524
4,2+1+1+1,CHE-CHE-COV-NEW-SUN,CHE,CHE,COV,NEW,SUN,2.67,2.2,3.0,3.67,3.17,2.7273,0.4524
3,2+2+1,BOU-CHE-CHE-HUL-HUL,BOU,CHE,CHE,HUL,HUL,3.33,2.2,3.0,3.0,3.17,2.7273,0.4663
3,2+2+1,CHE-CHE-FUL-HUL-HUL,CHE,CHE,FUL,HUL,HUL,3.33,2.2,3.0,3.0,3.17,2.7273,0.4663
3,2+2+1,CHE-CHE-HUL-HUL-NEW,CHE,CHE,HUL,HUL,NEW,3.33,2.2,3.0,3.0,3.17,2.7273,0.4663
4,2+1+1+1,CHE-CHE-COV-LEE-MUN,CHE,CHE,COV,LEE,MUN,2.67,2.2,3.0,3.67,3.17,2.7273,0.4902
4,2+1+1+1,CHE-CHE-COV-LEE-SUN,CHE,CHE,COV,LEE,SUN,2.67,2.2,3.0,3.67,3.17,2.7273,0.4902
3,3+1+1,CHE-EVE-HUL-HUL-HUL,CHE,EVE,HUL,HUL,HUL,3.33,2.2,3.0,3.0,3.17,2.7273,0.4927
3,3+1+1,BOU-HUL-HUL-HUL-MUN,BOU,HUL,HUL,HUL,MUN,3.33,2.2,3.0,3.0,3.17,2.7273,0.5098
3,3+1+1,BOU-HUL-HUL-HUL-SUN,BOU,HUL,HUL,HUL,SUN,3.33,2.2,3.0,3.0,3.17,2.7273,0.5098
3,3+1+1,FUL-HUL-HUL-HUL-MUN,FUL,HUL,HUL,HUL,MUN,3.33,2.2,3.0,3.0,3.17,2.7273,0.5098
3,3+1+1,HUL-HUL-HUL-MUN-NEW,HUL,HUL,HUL,MUN,NEW,3.33,2.2,3.0,3.0,3.17,2.7273,0.5098
3,3+1+1,HUL-HUL-HUL-NEW-SUN,HUL,HUL,HUL,NEW,SUN,3.33,2.2,3.0,3.0,3.17,2.7273,0.5098
3,2+2+1,CHE-CHE-EVE-HUL-HUL,CHE,CHE,EVE,HUL,HUL,3.0,2.2,3.0,3.33,3.17,2.7273,0.5199
4,2+1+1+1,BOU-COV-COV-MUN-TOT,BOU,COV,COV,MUN,TOT,3.33,2.2,3.0,3.0,3.17,2.7273,0.55
4,2+1+1+1,BOU-COV-COV-TOT-SUN,BOU,COV,COV,TOT,SUN,3.33,2.2,3.0,3.0,3.17,2.7273,0.55
3,3+1+1,HUL-HUL-HUL-LEE-TOT,HUL,HUL,HUL,LEE,TOT,3.33,2.2,3.0,3.0,3.17,2.7273,0.5598
3,3+1+1,EVE-HUL-HUL-HUL-TOT,EVE,HUL,HUL,HUL,TOT,3.33,2.2,3.0,3.0,3.17,2.7273,0.6098
4,2+1+1+1,BOU-CHE-HUL-HUL-TOT,BOU,CHE,HUL,HUL,TOT,3.33,2.2,3.0,3.0,3.17,2.7273,0.6186
4,2+1+1+1,CHE-FUL-HUL-HUL-TOT,CHE,FUL,HUL,HUL,TOT,3.33,2.2,3.0,3.0,3.17,2.7273,0.6186
4,2+1+1+1,CHE-CHE-EVE-HUL-TOT,CHE,CHE,EVE,HUL,TOT,3.0,2.2,3.0,3.33,3.17,2.7273,0.6422
4,2+1+1+1,CHE-COV-EVE-TOT-TOT,CHE,COV,EVE,TOT,TOT,3.0,2.2,3.0,3.33,3.17,2.7273,0.7713
3,2+2+1,CHE-CHE-EVE-TOT-TOT,CHE,CHE,EVE,TOT,TOT,3.0,2.2,3.0,3.33,3.17,2.7273,0.7914
3,2+2+1,COV-COV-EVE-TOT-TOT,COV,COV,EVE,TOT,TOT,3.0,2.2,3.0,3.33,3.17,2.7273,0.8
3,2+2+1,COV-COV-FUL-TOT-TOT,COV,COV,FUL,TOT,TOT,3.33,2.2,3.0,3.0,3.17,2.7273,0.8
3,2+2+1,BOU-HUL-HUL-TOT-TOT,BOU,HUL,HUL,TOT,TOT,3.33,2.2,3.0,3.0,3.17,2.7273,0.8196
3,2+2+1,FUL-HUL-HUL-TOT-TOT,FUL,HUL,HUL,TOT,TOT,3.33,2.2,3.0,3.0,3.17,2.7273,0.8196
3,2+2+1,BRE-BRE-CHE-CHE-COV,BRE,BRE,CHE,CHE,COV,3.0,2.4,3.0,3.0,3.0,2.7273,-0.1268
4,2+1+1+1,BRE-CHE-CHE-COV-LIV,BRE,CHE,CHE,COV,LIV,3.0,2.4,3.0,3.0,3.0,2.7273,-0.1268
4,2+1+1+1,BRE-CHE-CHE-COV-MCI,BRE,CHE,CHE,COV,MCI,3.0,2.4,3.0,3.0,3.0,2.7273,-0.1268
3,2+2+1,CHE-CHE-COV-LIV-LIV,CHE,CHE,COV,LIV,LIV,3.0,2.4,3.0,3.0,3.0,2.7273,-0.1268
4,2+1+1+1,CHE-CHE-COV-LIV-MCI,CHE,CHE,COV,LIV,MCI,3.0,2.4,3.0,3.0,3.0,2.7273,-0.1268
3,2+2+1,CHE-CHE-COV-MCI-MCI,CHE,CHE,COV,MCI,MCI,3.0,2.4,3.0,3.0,3.0,2.7273,-0.1268
3,2+2+1,BRE-BRE-CHE-COV-COV,BRE,BRE,CHE,COV,COV,3.0,2.4,3.0,3.0,3.0,2.7273,-0.0378
4,2+1+1+1,BRE-CHE-COV-COV-LIV,BRE,CHE,COV,COV,LIV,3.0,2.4,3.0,3.0,3.0,2.7273,-0.0378
4,2+1+1+1,BRE-CHE-COV-COV-MCI,BRE,CHE,COV,COV,MCI,3.0,2.4,3.0,3.0,3.0,2.7273,-0.0378
3,2+2+1,CHE-COV-COV-LIV-LIV,CHE,COV,COV,LIV,LIV,3.0,2.4,3.0,3.0,3.0,2.7273,-0.0378
4,2+1+1+1,CHE-COV-COV-LIV-MCI,CHE,COV,COV,LIV,MCI,3.0,2.4,3.0,3.0,3.0,2.7273,-0.0378
3,2+2+1,CHE-COV-COV-MCI-MCI,CHE,COV,COV,MCI,MCI,3.0,2.4,3.0,3.0,3.0,2.7273,-0.0378
4,2+1+1+1,BRE-CHE-CHE-EVE-HUL,BRE,CHE,CHE,EVE,HUL,3.0,2.4,3.0,3.0,3.0,2.7273,0.0655
4,2+1+1+1,CHE-CHE-EVE-HUL-LIV,CHE,CHE,EVE,HUL,LIV,3.0,2.4,3.0,3.0,3.0,2.7273,0.0655
4,2+1+1+1,CHE-CHE-EVE-HUL-MCI,CHE,CHE,EVE,HUL,MCI,3.0,2.4,3.0,3.0,3.0,2.7273,0.0655
4,2+1+1+1,BOU-BRE-COV-COV-MUN,BOU,BRE,COV,COV,MUN,3.33,2.4,3.0,2.67,3.0,2.7273,0.1
4,2+1+1+1,BOU-BRE-COV-COV-SUN,BOU,BRE,COV,COV,SUN,3.33,2.4,3.0,2.67,3.0,2.7273,0.1
4,2+1+1+1,BOU-COV-COV-LIV-MUN,BOU,COV,COV,LIV,MUN,3.33,2.4,3.0,2.67,3.0,2.7273,0.1
4,2+1+1+1,BOU-COV-COV-LIV-SUN,BOU,COV,COV,LIV,SUN,3.33,2.4,3.0,2.67,3.0,2.7273,0.1
4,2+1+1+1,BOU-COV-COV-MCI-MUN,BOU,COV,COV,MCI,MUN,3.33,2.4,3.0,2.67,3.0,2.7273,0.1
4,2+1+1+1,BOU-COV-COV-MCI-SUN,BOU,COV,COV,MCI,SUN,3.33,2.4,3.0,2.67,3.0,2.7273,0.1
4,2+1+1+1,BRE-CHE-CHE-EVE-TOT,BRE,CHE,CHE,EVE,TOT,3.0,2.4,3.0,3.0,3.0,2.7273,0.1512
5,1+1+1+1+1,BRE-CHE-COV-EVE-TOT,BRE,CHE,COV,EVE,TOT,3.0,2.4,3.0,3.0,3.0,2.7273,0.1512
4,2+1+1+1,CHE-CHE-EVE-LIV-TOT,CHE,CHE,EVE,LIV,TOT,3.0,2.4,3.0,3.0,3.0,2.7273,0.1512
4,2+1+1+1,CHE-CHE-EVE-MCI-TOT,CHE,CHE,EVE,MCI,TOT,3.0,2.4,3.0,3.0,3.0,2.7273,0.1512
5,1+1+1+1+1,CHE-COV-EVE-LIV-TOT,CHE,COV,EVE,LIV,TOT,3.0,2.4,3.0,3.0,3.0,2.7273,0.1512
5,1+1+1+1+1,CHE-COV-EVE-MCI-TOT,CHE,COV,EVE,MCI,TOT,3.0,2.4,3.0,3.0,3.0,2.7273,0.1512
3,2+2+1,BOU-BOU-COV-MUN-MUN,BOU,BOU,COV,MUN,MUN,3.0,2.4,3.0,3.0,3.0,2.7273,0.2
4,2+1+1+1,BOU-BOU-COV-MUN-SUN,BOU,BOU,COV,MUN,SUN,3.0,2.4,3.0,3.0,3.0,2.7273,0.2
3,2+2+1,BOU-BOU-COV-SUN-SUN,BOU,BOU,COV,SUN,SUN,3.0,2.4,3.0,3.0,3.0,2.7273,0.2
4,2+1+1+1,BRE-COV-COV-EVE-TOT,BRE,COV,COV,EVE,TOT,3.0,2.4,3.0,3.0,3.0,2.7273,0.2
3,3+1+1,BRE-EVE-HUL-HUL-HUL,BRE,EVE,HUL,HUL,HUL,3.33,2.4,3.0,2.67,3.0,2.7273,0.2
4,2+1+1+1,COV-COV-EVE-LIV-TOT,COV,COV,EVE,LIV,TOT,3.0,2.4,3.0,3.0,3.0,2.7273,0.2
4,2+1+1+1,COV-COV-EVE-MCI-TOT,COV,COV,EVE,MCI,TOT,3.0,2.4,3.0,3.0,3.0,2.7273,0.2
3,3+1+1,EVE-HUL-HUL-HUL-LIV,EVE,HUL,HUL,HUL,LIV,3.33,2.4,3.0,2.67,3.0,2.7273,0.2
3,3+1+1,EVE-HUL-HUL-HUL-MCI,EVE,HUL,HUL,HUL,MCI,3.33,2.4,3.0,2.67,3.0,2.7273,0.2
4,2+1+1+1,BOU-CHE-CHE-HUL-LEE,BOU,CHE,CHE,HUL,LEE,3.0,2.4,3.0,3.0,3.0,2.7273,0.2143
4,2+1+1+1,CHE-CHE-FUL-HUL-LEE,CHE,CHE,FUL,HUL,LEE,3.0,2.4,3.0,3.0,3.0,2.7273,0.2143
4,2+1+1+1,CHE-CHE-HUL-LEE-NEW,CHE,CHE,HUL,LEE,NEW,3.0,2.4,3.0,3.0,3.0,2.7273,0.2143
4,2+1+1+1,BOU-HUL-HUL-LEE-MUN,BOU,HUL,HUL,LEE,MUN,3.0,2.4,3.0,3.0,3.0,2.7273,0.2232
4,2+1+1+1,BOU-HUL-HUL-LEE-SUN,BOU,HUL,HUL,LEE,SUN,3.0,2.4,3.0,3.0,3.0,2.7273,0.2232
4,2+1+1+1,FUL-HUL-HUL-LEE-MUN,FUL,HUL,HUL,LEE,MUN,3.0,2.4,3.0,3.0,3.0,2.7273,0.2232
4,2+1+1+1,HUL-HUL-LEE-MUN-NEW,HUL,HUL,LEE,MUN,NEW,3.0,2.4,3.0,3.0,3.0,2.7273,0.2232
4,2+1+1+1,HUL-HUL-LEE-NEW-SUN,HUL,HUL,LEE,NEW,SUN,3.0,2.4,3.0,3.0,3.0,2.7273,0.2232
4,2+1+1+1,COV-COV-FUL-LEE-MUN,COV,COV,FUL,LEE,MUN,3.0,2.4,3.0,3.0,3.0,2.7273,0.25
4,2+1+1+1,COV-COV-LEE-MUN-NEW,COV,COV,LEE,MUN,NEW,3.0,2.4,3.0,3.0,3.0,2.7273,0.25
4,2+1+1+1,COV-COV-LEE-NEW-SUN,COV,COV,LEE,NEW,SUN,3.0,2.4,3.0,3.0,3.0,2.7273,0.25
4,2+1+1+1,CHE-EVE-HUL-HUL-LEE,CHE,EVE,HUL,HUL,LEE,3.0,2.4,3.0,3.0,3.0,2.7273,0.26
4,2+1+1+1,BOU-BOU-CHE-HUL-MUN,BOU,BOU,CHE,HUL,MUN,3.0,2.4,3.0,3.0,3.0,2.7273,0.2626
4,2+1+1+1,BOU-BOU-CHE-HUL-SUN,BOU,BOU,CHE,HUL,SUN,3.0,2.4,3.0,3.0,3.0,2.7273,0.2626
5,1+1+1+1+1,BOU-CHE-FUL-HUL-MUN,BOU,CHE,FUL,HUL,MUN,3.0,2.4,3.0,3.0,3.0,2.7273,0.2626
5,1+1+1+1+1,BOU-CHE-HUL-MUN-NEW,BOU,CHE,HUL,MUN,NEW,3.0,2.4,3.0,3.0,3.0,2.7273,0.2626
5,1+1+1+1+1,BOU-CHE-HUL-NEW-SUN,BOU,CHE,HUL,NEW,SUN,3.0,2.4,3.0,3.0,3.0,2.7273,0.2626
4,2+1+1+1,CHE-FUL-FUL-HUL-MUN,CHE,FUL,FUL,HUL,MUN,3.0,2.4,3.0,3.0,3.0,2.7273,0.2626
5,1+1+1+1+1,CHE-FUL-HUL-MUN-NEW,CHE,FUL,HUL,MUN,NEW,3.0,2.4,3.0,3.0,3.0,2.7273,0.2626
4,2+1+1+1,CHE-HUL-MUN-NEW-NEW,CHE,HUL,MUN,NEW,NEW,3.0,2.4,3.0,3.0,3.0,2.7273,0.2626
4,2+1+1+1,CHE-HUL-NEW-NEW-SUN,CHE,HUL,NEW,NEW,SUN,3.0,2.4,3.0,3.0,3.0,2.7273,0.2626
4,2+1+1+1,BOU-CHE-CHE-LEE-TOT,BOU,CHE,CHE,LEE,TOT,3.0,2.4,3.0,3.0,3.0,2.7273,0.2634
4,2+1+1+1,CHE-CHE-FUL-LEE-TOT,CHE,CHE,FUL,LEE,TOT,3.0,2.4,3.0,3.0,3.0,2.7273,0.2634
3,2+2+1,CHE-CHE-HUL-LEE-LEE,CHE,CHE,HUL,LEE,LEE,3.0,2.4,3.0,3.0,3.0,2.7273,0.2655
3,2+2+1,CHE-HUL-HUL-LEE-LEE,CHE,HUL,HUL,LEE,LEE,3.0,2.4,3.0,3.0,3.0,2.7273,0.2655
4,2+1+1+1,EVE-FUL-HUL-HUL-MUN,EVE,FUL,HUL,HUL,MUN,3.0,2.4,3.0,3.0,3.0,2.7273,0.2732
4,2+1+1+1,EVE-HUL-HUL-MUN-NEW,EVE,HUL,HUL,MUN,NEW,3.0,2.4,3.0,3.0,3.0,2.7273,0.2732
4,2+1+1+1,EVE-HUL-HUL-NEW-SUN,EVE,HUL,HUL,NEW,SUN,3.0,2.4,3.0,3.0,3.0,2.7273,0.2732
4,2+1+1+1,BOU-BRE-CHE-HUL-HUL,BOU,BRE,CHE,HUL,HUL,3.33,2.4,3.0,2.67,3.0,2.7273,0.2753
4,2+1+1+1,BOU-CHE-HUL-HUL-LIV,BOU,CHE,HUL,HUL,LIV,3.33,2.4,3.0,2.67,3.0,2.7273,0.2753
4,2+1+1+1,BOU-CHE-HUL-HUL-MCI,BOU,CHE,HUL,HUL,MCI,3.33,2.4,3.0,2.67,3.0,2.7273,0.2753
4,2+1+1+1,BRE-CHE-FUL-HUL-HUL,BRE,CHE,FUL,HUL,HUL,3.33,2.4,3.0,2.67,3.0,2.7273,0.2753
4,2+1+1+1,BRE-CHE-HUL-HUL-NEW,BRE,CHE,HUL,HUL,NEW,3.33,2.4,3.0,2.67,3.0,2.7273,0.2753
4,2+1+1+1,CHE-FUL-HUL-HUL-LIV,CHE,FUL,HUL,HUL,LIV,3.33,2.4,3.0,2.67,3.0,2.7273,0.2753
4,2+1+1+1,CHE-FUL-HUL-HUL-MCI,CHE,FUL,HUL,HUL,MCI,3.33,2.4,3.0,2.67,3.0,2.7273,0.2753
4,2+1+1+1,CHE-HUL-HUL-LIV-NEW,CHE,HUL,HUL,LIV,NEW,3.33,2.4,3.0,2.67,3.0,2.7273,0.2753
4,2+1+1+1,CHE-HUL-HUL-MCI-NEW,CHE,HUL,HUL,MCI,NEW,3.33,2.4,3.0,2.67,3.0,2.7273,0.2753
5,1+1+1+1+1,BOU-CHE-COV-FUL-MUN,BOU,CHE,COV,FUL,MUN,3.0,2.4,3.0,3.0,3.0,2.7273,0.2823
5,1+1+1+1+1,BOU-CHE-COV-MUN-NEW,BOU,CHE,COV,MUN,NEW,3.0,2.4,3.0,3.0,3.0,2.7273,0.2823
5,1+1+1+1+1,BOU-CHE-COV-NEW-SUN,BOU,CHE,COV,NEW,SUN,3.0,2.4,3.0,3.0,3.0,2.7273,0.2823
4,2+1+1+1,CHE-COV-FUL-FUL-MUN,CHE,COV,FUL,FUL,MUN,3.0,2.4,3.0,3.0,3.0,2.7273,0.2823
5,1+1+1+1+1,CHE-COV-FUL-MUN-NEW,CHE,COV,FUL,MUN,NEW,3.0,2.4,3.0,3.0,3.0,2.7273,0.2823
4,2+1+1+1,CHE-COV-MUN-NEW-NEW,CHE,COV,MUN,NEW,NEW,3.0,2.4,3.0,3.0,3.0,2.7273,0.2823
4,2+1+1+1,CHE-COV-NEW-NEW-SUN,CHE,COV,NEW,NEW,SUN,3.0,2.4,3.0,3.0,3.0,2.7273,0.2823
4,2+1+1+1,CHE-HUL-LEE-LEE-TOT,CHE,HUL,LEE,LEE,TOT,3.0,2.4,3.0,3.0,3.0,2.7273,0.2949
3,3+1+1,HUL-HUL-HUL-LEE-LIV,HUL,HUL,HUL,LEE,LIV,3.33,2.4,3.0,2.67,3.0,2.7273,0.3
3,3+1+1,HUL-HUL-HUL-LEE-MCI,HUL,HUL,HUL,LEE,MCI,3.33,2.4,3.0,2.67,3.0,2.7273,0.3
5,1+1+1+1+1,BOU-CHE-HUL-LEE-TOT,BOU,CHE,HUL,LEE,TOT,3.0,2.4,3.0,3.0,3.0,2.7273,0.3126
5,1+1+1+1+1,CHE-FUL-HUL-LEE-TOT,CHE,FUL,HUL,LEE,TOT,3.0,2.4,3.0,3.0,3.0,2.7273,0.3126
4,2+1+1+1,EVE-HUL-HUL-LEE-TOT,EVE,HUL,HUL,LEE,TOT,3.0,2.4,3.0,3.0,3.0,2.7273,0.3232
5,1+1+1+1+1,BOU-CHE-COV-LEE-TOT,BOU,CHE,COV,LEE,TOT,3.0,2.4,3.0,3.0,3.0,2.7273,0.3323
4,2+1+1+1,BOU-CHE-LEE-TOT-TOT,BOU,CHE,LEE,TOT,TOT,3.0,2.4,3.0,3.0,3.0,2.7273,0.3323
5,1+1+1+1+1,CHE-COV-FUL-LEE-TOT,CHE,COV,FUL,LEE,TOT,3.0,2.4,3.0,3.0,3.0,2.7273,0.3323
4,2+1+1+1,CHE-FUL-LEE-TOT-TOT,CHE,FUL,LEE,TOT,TOT,3.0,2.4,3.0,3.0,3.0,2.7273,0.3323
5,1+1+1+1+1,CHE-EVE-HUL-LEE-TOT,CHE,EVE,HUL,LEE,TOT,3.0,2.4,3.0,3.0,3.0,2.7273,0.3394
4,2+1+1+1,BRE-COV-COV-FUL-TOT,BRE,COV,COV,FUL,TOT,3.33,2.4,3.0,2.67,3.0,2.7273,0.35
4,2+1+1+1,COV-COV-FUL-LIV-TOT,COV,COV,FUL,LIV,TOT,3.33,2.4,3.0,2.67,3.0,2.7273,0.35
4,2+1+1+1,COV-COV-FUL-MCI-TOT,COV,COV,FUL,MCI,TOT,3.33,2.4,3.0,2.67,3.0,2.7273,0.35
3,2+2+1,CHE-CHE-LEE-LEE-TOT,CHE,CHE,LEE,LEE,TOT,3.0,2.4,3.0,3.0,3.0,2.7273,0.3512
4,2+1+1+1,CHE-COV-LEE-LEE-TOT,CHE,COV,LEE,LEE,TOT,3.0,2.4,3.0,3.0,3.0,2.7273,0.3512
3,2+2+1,CHE-LEE-LEE-TOT-TOT,CHE,LEE,LEE,TOT,TOT,3.0,2.4,3.0,3.0,3.0,2.7273,0.3512
4,2+1+1+1,EVE-HUL-LEE-TOT-TOT,EVE,HUL,LEE,TOT,TOT,3.0,2.4,3.0,3.0,3.0,2.7273,0.3732
3,2+2+1,HUL-HUL-LEE-LEE-TOT,HUL,HUL,LEE,LEE,TOT,3.0,2.4,3.0,3.0,3.0,2.7273,0.3732
3,2+2+1,HUL-LEE-LEE-TOT-TOT,HUL,LEE,LEE,TOT,TOT,3.0,2.4,3.0,3.0,3.0,2.7273,0.3732
3,2+2+1,BOU-BOU-CHE-CHE-TOT,BOU,BOU,CHE,CHE,TOT,3.0,2.4,3.0,3.0,3.0,2.7273,0.3756
4,2+1+1+1,BOU-CHE-CHE-FUL-TOT,BOU,CHE,CHE,FUL,TOT,3.0,2.4,3.0,3.0,3.0,2.7273,0.3756
3,2+2+1,CHE-CHE-FUL-FUL-TOT,CHE,CHE,FUL,FUL,TOT,3.0,2.4,3.0,3.0,3.0,2.7273,0.3756
5,1+1+1+1+1,CHE-COV-EVE-FUL-MUN,CHE,COV,EVE,FUL,MUN,2.67,2.4,3.0,3.33,3.0,2.7273,0.3957
5,1+1+1+1+1,CHE-COV-EVE-MUN-NEW,CHE,COV,EVE,MUN,NEW,2.67,2.4,3.0,3.33,3.0,2.7273,0.3957
5,1+1+1+1+1,CHE-COV-EVE-NEW-SUN,CHE,COV,EVE,NEW,SUN,2.67,2.4,3.0,3.33,3.0,2.7273,0.3957
5,1+1+1+1+1,BOU-COV-FUL-MUN-TOT,BOU,COV,FUL,MUN,TOT,3.0,2.4,3.0,3.0,3.0,2.7273,0.4
4,2+1+1+1,COV-COV-EVE-LEE-MUN,COV,COV,EVE,LEE,MUN,2.67,2.4,3.0,3.33,3.0,2.7273,0.4
4,2+1+1+1,COV-COV-EVE-LEE-SUN,COV,COV,EVE,LEE,SUN,2.67,2.4,3.0,3.33,3.0,2.7273,0.4
3,2+2+1,COV-COV-LEE-LEE-TOT,COV,COV,LEE,LEE,TOT,3.0,2.4,3.0,3.0,3.0,2.7273,0.4
4,2+1+1+1,COV-FUL-FUL-MUN-TOT,COV,FUL,FUL,MUN,TOT,3.0,2.4,3.0,3.0,3.0,2.7273,0.4
3,2+2+1,COV-LEE-LEE-TOT-TOT,COV,LEE,LEE,TOT,TOT,3.0,2.4,3.0,3.0,3.0,2.7273,0.4
2,3+2,LEE-LEE-TOT-TOT-TOT,LEE,LEE,TOT,TOT,TOT,3.0,2.4,3.0,3.0,3.0,2.7273,0.4
5,1+1+1+1+1,CHE-EVE-FUL-HUL-TOT,CHE,EVE,FUL,HUL,TOT,3.0,2.4,3.0,3.0,3.0,2.7273,0.4071
4,2+1+1+1,BOU-BOU-HUL-MUN-TOT,BOU,BOU,HUL,MUN,TOT,3.0,2.4,3.0,3.0,3.0,2.7273,0.4098
4,2+1+1+1,BOU-BOU-HUL-TOT-SUN,BOU,BOU,HUL,TOT,SUN,3.0,2.4,3.0,3.0,3.0,2.7273,0.4098
5,1+1+1+1+1,BOU-FUL-HUL-MUN-TOT,BOU,FUL,HUL,MUN,TOT,3.0,2.4,3.0,3.0,3.0,2.7273,0.4098
4,2+1+1+1,FUL-FUL-HUL-MUN-TOT,FUL,FUL,HUL,MUN,TOT,3.0,2.4,3.0,3.0,3.0,2.7273,0.4098
4,2+1+1+1,CHE-CHE-EVE-FUL-MUN,CHE,CHE,EVE,FUL,MUN,2.67,2.4,3.0,3.33,3.0,2.7273,0.4402
4,2+1+1+1,CHE-CHE-EVE-MUN-NEW,CHE,CHE,EVE,MUN,NEW,2.67,2.4,3.0,3.33,3.0,2.7273,0.4402
4,2+1+1+1,CHE-CHE-EVE-NEW-SUN,CHE,CHE,EVE,NEW,SUN,2.67,2.4,3.0,3.33,3.0,2.7273,0.4402
4,2+1+1+1,CHE-EVE-LEE-TOT-TOT,CHE,EVE,LEE,TOT,TOT,3.0,2.4,3.0,3.0,3.0,2.7273,0.4457
4,2+1+1+1,BOU-COV-LEE-TOT-TOT,BOU,COV,LEE,TOT,TOT,3.0,2.4,3.0,3.0,3.0,2.7273,0.45
3,3+1+1,BOU-LEE-TOT-TOT-TOT,BOU,LEE,TOT,TOT,TOT,3.0,2.4,3.0,3.0,3.0,2.7273,0.45
4,2+1+1+1,COV-EVE-LEE-TOT-TOT,COV,EVE,LEE,TOT,TOT,3.0,2.4,3.0,3.0,3.0,2.7273,0.45
4,2+1+1+1,COV-FUL-LEE-TOT-TOT,COV,FUL,LEE,TOT,TOT,3.0,2.4,3.0,3.0,3.0,2.7273,0.45
3,3+1+1,EVE-LEE-TOT-TOT-TOT,EVE,LEE,TOT,TOT,TOT,3.0,2.4,3.0,3.0,3.0,2.7273,0.45
3,3+1+1,FUL-LEE-TOT-TOT-TOT,FUL,LEE,TOT,TOT,TOT,3.0,2.4,3.0,3.0,3.0,2.7273,0.45
4,2+1+1+1,BOU-HUL-LEE-TOT-TOT,BOU,HUL,LEE,TOT,TOT,3.0,2.4,3.0,3.0,3.0,2.7273,0.4598
4,2+1+1+1,FUL-HUL-LEE-TOT-TOT,FUL,HUL,LEE,TOT,TOT,3.0,2.4,3.0,3.0,3.0,2.7273,0.4598
5,1+1+1+1+1,CHE-COV-EVE-LEE-MUN,CHE,COV,EVE,LEE,MUN,2.67,2.4,3.0,3.33,3.0,2.7273,0.4646
5,1+1+1+1+1,CHE-COV-EVE-LEE-SUN,CHE,COV,EVE,LEE,SUN,2.67,2.4,3.0,3.33,3.0,2.7273,0.4646
3,2+2+1,EVE-EVE-HUL-HUL-TOT,EVE,EVE,HUL,HUL,TOT,3.0,2.4,3.0,3.0,3.0,2.7273,0.4732
4,2+1+1+1,CHE-EVE-FUL-TOT-TOT,CHE,EVE,FUL,TOT,TOT,3.0,2.4,3.0,3.0,3.0,2.7273,0.4768
4,2+1+1+1,BOU-BRE-HUL-HUL-TOT,BOU,BRE,HUL,HUL,TOT,3.33,2.4,3.0,2.67,3.0,2.7273,0.4964
4,2+1+1+1,BOU-HUL-HUL-LIV-TOT,BOU,HUL,HUL,LIV,TOT,3.33,2.4,3.0,2.67,3.0,2.7273,0.4964
4,2+1+1+1,BOU-HUL-HUL-MCI-TOT,BOU,HUL,HUL,MCI,TOT,3.33,2.4,3.0,2.67,3.0,2.7273,0.4964
4,2+1+1+1,BRE-FUL-HUL-HUL-TOT,BRE,FUL,HUL,HUL,TOT,3.33,2.4,3.0,2.67,3.0,2.7273,0.4964
4,2+1+1+1,FUL-HUL-HUL-LIV-TOT,FUL,HUL,HUL,LIV,TOT,3.33,2.4,3.0,2.67,3.0,2.7273,0.4964
4,2+1+1+1,FUL-HUL-HUL-MCI-TOT,FUL,HUL,HUL,MCI,TOT,3.33,2.4,3.0,2.67,3.0,2.7273,0.4964
4,2+1+1+1,EVE-FUL-HUL-TOT-TOT,EVE,FUL,HUL,TOT,TOT,3.0,2.4,3.0,3.0,3.0,2.7273,0.5098
3,2+2+1,BOU-BOU-CHE-TOT-TOT,BOU,BOU,CHE,TOT,TOT,3.0,2.4,3.0,3.0,3.0,2.7273,0.5134
4,2+1+1+1,BOU-CHE-FUL-TOT-TOT,BOU,CHE,FUL,TOT,TOT,3.0,2.4,3.0,3.0,3.0,2.7273,0.5134
3,2+2+1,CHE-FUL-FUL-TOT-TOT,CHE,FUL,FUL,TOT,TOT,3.0,2.4,3.0,3.0,3.0,2.7273,0.5134
4,2+1+1+1,COV-EVE-FUL-TOT-TOT,COV,EVE,FUL,TOT,TOT,3.0,2.4,3.0,3.0,3.0,2.7273,0.55
3,3+1+1,EVE-FUL-TOT-TOT-TOT,EVE,FUL,TOT,TOT,TOT,3.0,2.4,3.0,3.0,3.0,2.7273,0.55
3,2+2+1,EVE-EVE-HUL-TOT-TOT,EVE,EVE,HUL,TOT,TOT,3.0,2.4,3.0,3.0,3.0,2.7273,0.5732
4,2+1+1+1,CHE-CHE-EVE-LEE-MUN,CHE,CHE,EVE,LEE,MUN,2.67,2.4,3.0,3.33,3.0,2.7273,0.578
4,2+1+1+1,CHE-CHE-EVE-LEE-SUN,CHE,CHE,EVE,LEE,SUN,2.67,2.4,3.0,3.33,3.0,2.7273,0.578
4,2+1+1+1,CHE-EVE-EVE-HUL-MUN,CHE,EVE,EVE,HUL,MUN,2.67,2.4,3.0,3.33,3.0,2.7273,0.6162
4,2+1+1+1,CHE-EVE-EVE-HUL-SUN,CHE,EVE,EVE,HUL,SUN,2.67,2.4,3.0,3.33,3.0,2.7273,0.6162
2,3+2,BOU-BOU-TOT-TOT-TOT,BOU,BOU,TOT,TOT,TOT,3.0,2.4,3.0,3.0,3.0,2.7273,0.7
3,3+1+1,BOU-FUL-TOT-TOT-TOT,BOU,FUL,TOT,TOT,TOT,3.0,2.4,3.0,3.0,3.0,2.7273,0.7
4,2+1+1+1,COV-EVE-EVE-MUN-TOT,COV,EVE,EVE,MUN,TOT,2.67,2.4,3.0,3.33,3.0,2.7273,0.7
4,2+1+1+1,COV-EVE-EVE-TOT-SUN,COV,EVE,EVE,TOT,SUN,2.67,2.4,3.0,3.33,3.0,2.7273,0.7
2,3+2,EVE-EVE-TOT-TOT-TOT,EVE,EVE,TOT,TOT,TOT,3.0,2.4,3.0,3.0,3.0,2.7273,0.7
2,3+2,FUL-FUL-TOT-TOT-TOT,FUL,FUL,TOT,TOT,TOT,3.0,2.4,3.0,3.0,3.0,2.7273,0.7
4,2+1+1+1,CHE-EVE-EVE-MUN-TOT,CHE,EVE,EVE,MUN,TOT,2.67,2.4,3.0,3.33,3.0,2.7273,0.8091
4,2+1+1+1,CHE-EVE-EVE-TOT-SUN,CHE,EVE,EVE,TOT,SUN,2.67,2.4,3.0,3.33,3.0,2.7273,0.8091
3,2+2+1,BRE-BRE-CHE-CHE-EVE,BRE,BRE,CHE,CHE,EVE,3.0,2.6,3.0,2.67,2.83,2.7273,-0.189
4,2+1+1+1,BRE-CHE-CHE-EVE-LIV,BRE,CHE,CHE,EVE,LIV,3.0,2.6,3.0,2.67,2.83,2.7273,-0.189
4,2+1+1+1,BRE-CHE-CHE-EVE-MCI,BRE,CHE,CHE,EVE,MCI,3.0,2.6,3.0,2.67,2.83,2.7273,-0.189
3,2+2+1,CHE-CHE-EVE-LIV-LIV,CHE,CHE,EVE,LIV,LIV,3.0,2.6,3.0,2.67,2.83,2.7273,-0.189
4,2+1+1+1,CHE-CHE-EVE-LIV-MCI,CHE,CHE,EVE,LIV,MCI,3.0,2.6,3.0,2.67,2.83,2.7273,-0.189
3,2+2+1,CHE-CHE-EVE-MCI-MCI,CHE,CHE,EVE,MCI,MCI,3.0,2.6,3.0,2.67,2.83,2.7273,-0.189
4,2+1+1+1,BRE-BRE-CHE-COV-EVE,BRE,BRE,CHE,COV,EVE,3.0,2.6,3.0,2.67,2.83,2.7273,-0.1689
5,1+1+1+1+1,BRE-CHE-COV-EVE-LIV,BRE,CHE,COV,EVE,LIV,3.0,2.6,3.0,2.67,2.83,2.7273,-0.1689
5,1+1+1+1+1,BRE-CHE-COV-EVE-MCI,BRE,CHE,COV,EVE,MCI,3.0,2.6,3.0,2.67,2.83,2.7273,-0.1689
4,2+1+1+1,CHE-COV-EVE-LIV-LIV,CHE,COV,EVE,LIV,LIV,3.0,2.6,3.0,2.67,2.83,2.7273,-0.1689
5,1+1+1+1+1,CHE-COV-EVE-LIV-MCI,CHE,COV,EVE,LIV,MCI,3.0,2.6,3.0,2.67,2.83,2.7273,-0.1689
4,2+1+1+1,CHE-COV-EVE-MCI-MCI,CHE,COV,EVE,MCI,MCI,3.0,2.6,3.0,2.67,2.83,2.7273,-0.1689
3,2+2+1,BRE-BRE-COV-COV-EVE,BRE,BRE,COV,COV,EVE,3.0,2.6,3.0,2.67,2.83,2.7273,-0.1
4,2+1+1+1,BRE-COV-COV-EVE-LIV,BRE,COV,COV,EVE,LIV,3.0,2.6,3.0,2.67,2.83,2.7273,-0.1
4,2+1+1+1,BRE-COV-COV-EVE-MCI,BRE,COV,COV,EVE,MCI,3.0,2.6,3.0,2.67,2.83,2.7273,-0.1
3,2+2+1,COV-COV-EVE-LIV-LIV,COV,COV,EVE,LIV,LIV,3.0,2.6,3.0,2.67,2.83,2.7273,-0.1
4,2+1+1+1,COV-COV-EVE-LIV-MCI,COV,COV,EVE,LIV,MCI,3.0,2.6,3.0,2.67,2.83,2.7273,-0.1
3,2+2+1,COV-COV-EVE-MCI-MCI,COV,COV,EVE,MCI,MCI,3.0,2.6,3.0,2.67,2.83,2.7273,-0.1
4,2+1+1+1,BOU-CHE-CHE-LEE-LIV,BOU,CHE,CHE,LEE,LIV,3.0,2.6,3.0,2.67,2.83,2.7273,-0.0768
4,2+1+1+1,BOU-CHE-CHE-LEE-MCI,BOU,CHE,CHE,LEE,MCI,3.0,2.6,3.0,2.67,2.83,2.7273,-0.0768
4,2+1+1+1,CHE-CHE-FUL-LEE-LIV,CHE,CHE,FUL,LEE,LIV,3.0,2.6,3.0,2.67,2.83,2.7273,-0.0768
4,2+1+1+1,CHE-CHE-FUL-LEE-MCI,CHE,CHE,FUL,LEE,MCI,3.0,2.6,3.0,2.67,2.83,2.7273,-0.0768
4,2+1+1+1,CHE-CHE-LEE-LIV-NEW,CHE,CHE,LEE,LIV,NEW,3.0,2.6,3.0,2.67,2.83,2.7273,-0.0768
4,2+1+1+1,CHE-CHE-LEE-MCI-NEW,CHE,CHE,LEE,MCI,NEW,3.0,2.6,3.0,2.67,2.83,2.7273,-0.0768
5,1+1+1+1+1,CHE-EVE-HUL-LEE-LIV,CHE,EVE,HUL,LEE,LIV,3.0,2.6,3.0,2.67,2.83,2.7273,-0.0673
5,1+1+1+1+1,CHE-EVE-HUL-LEE-MCI,CHE,EVE,HUL,LEE,MCI,3.0,2.6,3.0,2.67,2.83,2.7273,-0.0673
5,1+1+1+1+1,CHE-EVE-LEE-LIV-TOT,CHE,EVE,LEE,LIV,TOT,3.0,2.6,3.0,2.67,2.83,2.7273,-0.0244
5,1+1+1+1+1,CHE-EVE-LEE-MCI-TOT,CHE,EVE,LEE,MCI,TOT,3.0,2.6,3.0,2.67,2.83,2.7273,-0.0244
5,1+1+1+1+1,EVE-HUL-LEE-LIV-TOT,EVE,HUL,LEE,LIV,TOT,3.0,2.6,3.0,2.67,2.83,2.7273,-0.0134
5,1+1+1+1+1,EVE-HUL-LEE-MCI-TOT,EVE,HUL,LEE,MCI,TOT,3.0,2.6,3.0,2.67,2.83,2.7273,-0.0134
3,2+2+1,BRE-EVE-EVE-HUL-HUL,BRE,EVE,EVE,HUL,HUL,3.0,2.6,3.0,2.67,2.83,2.7273,0.0
5,1+1+1+1+1,COV-EVE-LEE-LIV-TOT,COV,EVE,LEE,LIV,TOT,3.0,2.6,3.0,2.67,2.83,2.7273,0.0
5,1+1+1+1+1,COV-EVE-LEE-MCI-TOT,COV,EVE,LEE,MCI,TOT,3.0,2.6,3.0,2.67,2.83,2.7273,0.0
3,2+2+1,EVE-EVE-HUL-HUL-LIV,EVE,EVE,HUL,HUL,LIV,3.0,2.6,3.0,2.67,2.83,2.7273,0.0
3,2+2+1,EVE-EVE-HUL-HUL-MCI,EVE,EVE,HUL,HUL,MCI,3.0,2.6,3.0,2.67,2.83,2.7273,0.0
4,2+1+1+1,EVE-HUL-HUL-LEE-LIV,EVE,HUL,HUL,LEE,LIV,3.0,2.6,3.0,2.67,2.83,2.7273,0.0
4,2+1+1+1,EVE-HUL-HUL-LEE-MCI,EVE,HUL,HUL,LEE,MCI,3.0,2.6,3.0,2.67,2.83,2.7273,0.0
4,2+1+1+1,EVE-LEE-LIV-TOT-TOT,EVE,LEE,LIV,TOT,TOT,3.0,2.6,3.0,2.67,2.83,2.7273,0.0
4,2+1+1+1,EVE-LEE-MCI-TOT-TOT,EVE,LEE,MCI,TOT,TOT,3.0,2.6,3.0,2.67,2.83,2.7273,0.0
5,1+1+1+1+1,BRE-CHE-EVE-FUL-HUL,BRE,CHE,EVE,FUL,HUL,3.0,2.6,3.0,2.67,2.83,2.7273,0.0004
5,1+1+1+1+1,BRE-CHE-EVE-HUL-NEW,BRE,CHE,EVE,HUL,NEW,3.0,2.6,3.0,2.67,2.83,2.7273,0.0004
5,1+1+1+1+1,CHE-EVE-FUL-HUL-LIV,CHE,EVE,FUL,HUL,LIV,3.0,2.6,3.0,2.67,2.83,2.7273,0.0004
5,1+1+1+1+1,CHE-EVE-FUL-HUL-MCI,CHE,EVE,FUL,HUL,MCI,3.0,2.6,3.0,2.67,2.83,2.7273,0.0004
5,1+1+1+1+1,CHE-EVE-HUL-LIV-NEW,CHE,EVE,HUL,LIV,NEW,3.0,2.6,3.0,2.67,2.83,2.7273,0.0004
5,1+1+1+1+1,CHE-EVE-HUL-MCI-NEW,CHE,EVE,HUL,MCI,NEW,3.0,2.6,3.0,2.67,2.83,2.7273,0.0004
5,1+1+1+1+1,BRE-CHE-EVE-FUL-TOT,BRE,CHE,EVE,FUL,TOT,3.0,2.6,3.0,2.67,2.83,2.7273,0.0067
5,1+1+1+1+1,CHE-EVE-FUL-LIV-TOT,CHE,EVE,FUL,LIV,TOT,3.0,2.6,3.0,2.67,2.83,2.7273,0.0067
5,1+1+1+1+1,CHE-EVE-FUL-MCI-TOT,CHE,EVE,FUL,MCI,TOT,3.0,2.6,3.0,2.67,2.83,2.7273,0.0067
3,2+2+1,CHE-CHE-LEE-LEE-LIV,CHE,CHE,LEE,LEE,LIV,3.0,2.6,3.0,2.67,2.83,2.7273,0.011
3,2+2+1,CHE-CHE-LEE-LEE-MCI,CHE,CHE,LEE,LEE,MCI,3.0,2.6,3.0,2.67,2.83,2.7273,0.011
5,1+1+1+1+1,BOU-CHE-COV-LEE-LIV,BOU,CHE,COV,LEE,LIV,3.0,2.6,3.0,2.67,2.83,2.7273,0.0122
5,1+1+1+1+1,BOU-CHE-COV-LEE-MCI,BOU,CHE,COV,LEE,MCI,3.0,2.6,3.0,2.67,2.83,2.7273,0.0122
5,1+1+1+1+1,BOU-CHE-LEE-LIV-TOT,BOU,CHE,LEE,LIV,TOT,3.0,2.6,3.0,2.67,2.83,2.7273,0.0122
5,1+1+1+1+1,BOU-CHE-LEE-MCI-TOT,BOU,CHE,LEE,MCI,TOT,3.0,2.6,3.0,2.67,2.83,2.7273,0.0122
5,1+1+1+1+1,CHE-COV-FUL-LEE-LIV,CHE,COV,FUL,LEE,LIV,3.0,2.6,3.0,2.67,2.83,2.7273,0.0122
5,1+1+1+1+1,CHE-COV-FUL-LEE-MCI,CHE,COV,FUL,LEE,MCI,3.0,2.6,3.0,2.67,2.83,2.7273,0.0122
5,1+1+1+1+1,CHE-COV-LEE-LIV-NEW,CHE,COV,LEE,LIV,NEW,3.0,2.6,3.0,2.67,2.83,2.7273,0.0122
5,1+1+1+1+1,CHE-COV-LEE-MCI-NEW,CHE,COV,LEE,MCI,NEW,3.0,2.6,3.0,2.67,2.83,2.7273,0.0122
5,1+1+1+1+1,CHE-FUL-LEE-LIV-TOT,CHE,FUL,LEE,LIV,TOT,3.0,2.6,3.0,2.67,2.83,2.7273,0.0122
5,1+1+1+1+1,CHE-FUL-LEE-MCI-TOT,CHE,FUL,LEE,MCI,TOT,3.0,2.6,3.0,2.67,2.83,2.7273,0.0122
4,2+1+1+1,CHE-COV-LEE-LEE-LIV,CHE,COV,LEE,LEE,LIV,3.0,2.6,3.0,2.67,2.83,2.7273,0.0311
4,2+1+1+1,CHE-COV-LEE-LEE-MCI,CHE,COV,LEE,LEE,MCI,3.0,2.6,3.0,2.67,2.83,2.7273,0.0311
4,2+1+1+1,CHE-LEE-LEE-LIV-TOT,CHE,LEE,LEE,LIV,TOT,3.0,2.6,3.0,2.67,2.83,2.7273,0.0311
4,2+1+1+1,CHE-LEE-LEE-MCI-TOT,CHE,LEE,LEE,MCI,TOT,3.0,2.6,3.0,2.67,2.83,2.7273,0.0311
3,2+2+1,BOU-BOU-BRE-CHE-CHE,BOU,BOU,BRE,CHE,CHE,3.0,2.6,3.0,2.67,2.83,2.7273,0.0354
3,2+2+1,BOU-BOU-CHE-CHE-LIV,BOU,BOU,CHE,CHE,LIV,3.0,2.6,3.0,2.67,2.83,2.7273,0.0354
3,2+2+1,BOU-BOU-CHE-CHE-MCI,BOU,BOU,CHE,CHE,MCI,3.0,2.6,3.0,2.67,2.83,2.7273,0.0354
4,2+1+1+1,BOU-BRE-CHE-CHE-FUL,BOU,BRE,CHE,CHE,FUL,3.0,2.6,3.0,2.67,2.83,2.7273,0.0354
4,2+1+1+1,BOU-BRE-CHE-CHE-NEW,BOU,BRE,CHE,CHE,NEW,3.0,2.6,3.0,2.67,2.83,2.7273,0.0354
4,2+1+1+1,BOU-CHE-CHE-FUL-LIV,BOU,CHE,CHE,FUL,LIV,3.0,2.6,3.0,2.67,2.83,2.7273,0.0354
4,2+1+1+1,BOU-CHE-CHE-FUL-MCI,BOU,CHE,CHE,FUL,MCI,3.0,2.6,3.0,2.67,2.83,2.7273,0.0354
4,2+1+1+1,BOU-CHE-CHE-LIV-NEW,BOU,CHE,CHE,LIV,NEW,3.0,2.6,3.0,2.67,2.83,2.7273,0.0354
4,2+1+1+1,BOU-CHE-CHE-MCI-NEW,BOU,CHE,CHE,MCI,NEW,3.0,2.6,3.0,2.67,2.83,2.7273,0.0354
3,2+2+1,BRE-CHE-CHE-FUL-FUL,BRE,CHE,CHE,FUL,FUL,3.0,2.6,3.0,2.67,2.83,2.7273,0.0354
4,2+1+1+1,BRE-CHE-CHE-FUL-NEW,BRE,CHE,CHE,FUL,NEW,3.0,2.6,3.0,2.67,2.83,2.7273,0.0354
3,2+2+1,BRE-CHE-CHE-NEW-NEW,BRE,CHE,CHE,NEW,NEW,3.0,2.6,3.0,2.67,2.83,2.7273,0.0354
3,2+2+1,CHE-CHE-FUL-FUL-LIV,CHE,CHE,FUL,FUL,LIV,3.0,2.6,3.0,2.67,2.83,2.7273,0.0354
3,2+2+1,CHE-CHE-FUL-FUL-MCI,CHE,CHE,FUL,FUL,MCI,3.0,2.6,3.0,2.67,2.83,2.7273,0.0354
4,2+1+1+1,CHE-CHE-FUL-LIV-NEW,CHE,CHE,FUL,LIV,NEW,3.0,2.6,3.0,2.67,2.83,2.7273,0.0354
4,2+1+1+1,CHE-CHE-FUL-MCI-NEW,CHE,CHE,FUL,MCI,NEW,3.0,2.6,3.0,2.67,2.83,2.7273,0.0354
3,2+2+1,CHE-CHE-LIV-NEW-NEW,CHE,CHE,LIV,NEW,NEW,3.0,2.6,3.0,2.67,2.83,2.7273,0.0354
3,2+2+1,CHE-CHE-MCI-NEW-NEW,CHE,CHE,MCI,NEW,NEW,3.0,2.6,3.0,2.67,2.83,2.7273,0.0354
4,2+1+1+1,BRE-EVE-EVE-HUL-TOT,BRE,EVE,EVE,HUL,TOT,3.0,2.6,3.0,2.67,2.83,2.7273,0.0366
4,2+1+1+1,EVE-EVE-HUL-LIV-TOT,EVE,EVE,HUL,LIV,TOT,3.0,2.6,3.0,2.67,2.83,2.7273,0.0366
4,2+1+1+1,EVE-EVE-HUL-MCI-TOT,EVE,EVE,HUL,MCI,TOT,3.0,2.6,3.0,2.67,2.83,2.7273,0.0366
4,2+1+1+1,CHE-HUL-LEE-LEE-LIV,CHE,HUL,LEE,LEE,LIV,3.0,2.6,3.0,2.67,2.83,2.7273,0.0382
4,2+1+1+1,CHE-HUL-LEE-LEE-MCI,CHE,HUL,LEE,LEE,MCI,3.0,2.6,3.0,2.67,2.83,2.7273,0.0382
5,1+1+1+1+1,BOU-CHE-HUL-LEE-LIV,BOU,CHE,HUL,LEE,LIV,3.0,2.6,3.0,2.67,2.83,2.7273,0.0559
5,1+1+1+1+1,BOU-CHE-HUL-LEE-MCI,BOU,CHE,HUL,LEE,MCI,3.0,2.6,3.0,2.67,2.83,2.7273,0.0559
5,1+1+1+1+1,CHE-FUL-HUL-LEE-LIV,CHE,FUL,HUL,LEE,LIV,3.0,2.6,3.0,2.67,2.83,2.7273,0.0559
5,1+1+1+1+1,CHE-FUL-HUL-LEE-MCI,CHE,FUL,HUL,LEE,MCI,3.0,2.6,3.0,2.67,2.83,2.7273,0.0559
5,1+1+1+1+1,CHE-HUL-LEE-LIV-NEW,CHE,HUL,LEE,LIV,NEW,3.0,2.6,3.0,2.67,2.83,2.7273,0.0559
5,1+1+1+1+1,CHE-HUL-LEE-MCI-NEW,CHE,HUL,LEE,MCI,NEW,3.0,2.6,3.0,2.67,2.83,2.7273,0.0559
4,2+1+1+1,BOU-BOU-CHE-LEE-MUN,BOU,BOU,CHE,LEE,MUN,2.67,2.6,3.0,3.0,2.83,2.7273,0.0567
4,2+1+1+1,BOU-BOU-CHE-LEE-SUN,BOU,BOU,CHE,LEE,SUN,2.67,2.6,3.0,3.0,2.83,2.7273,0.0567
5,1+1+1+1+1,BOU-CHE-FUL-LEE-MUN,BOU,CHE,FUL,LEE,MUN,2.67,2.6,3.0,3.0,2.83,2.7273,0.0567
5,1+1+1+1+1,BOU-CHE-LEE-MUN-NEW,BOU,CHE,LEE,MUN,NEW,2.67,2.6,3.0,3.0,2.83,2.7273,0.0567
5,1+1+1+1+1,BOU-CHE-LEE-NEW-SUN,BOU,CHE,LEE,NEW,SUN,2.67,2.6,3.0,3.0,2.83,2.7273,0.0567
4,2+1+1+1,CHE-FUL-FUL-LEE-MUN,CHE,FUL,FUL,LEE,MUN,2.67,2.6,3.0,3.0,2.83,2.7273,0.0567
5,1+1+1+1+1,CHE-FUL-LEE-MUN-NEW,CHE,FUL,LEE,MUN,NEW,2.67,2.6,3.0,3.0,2.83,2.7273,0.0567
4,2+1+1+1,CHE-LEE-MUN-NEW-NEW,CHE,LEE,MUN,NEW,NEW,2.67,2.6,3.0,3.0,2.83,2.7273,0.0567
4,2+1+1+1,CHE-LEE-NEW-NEW-SUN,CHE,LEE,NEW,NEW,SUN,2.67,2.6,3.0,3.0,2.83,2.7273,0.0567
5,1+1+1+1+1,EVE-FUL-HUL-LEE-MUN,EVE,FUL,HUL,LEE,MUN,2.67,2.6,3.0,3.0,2.83,2.7273,0.0866
5,1+1+1+1+1,EVE-HUL-LEE-MUN-NEW,EVE,HUL,LEE,MUN,NEW,2.67,2.6,3.0,3.0,2.83,2.7273,0.0866
5,1+1+1+1+1,EVE-HUL-LEE-NEW-SUN,EVE,HUL,LEE,NEW,SUN,2.67,2.6,3.0,3.0,2.83,2.7273,0.0866
3,2+2+1,BOU-BOU-FUL-MUN-MUN,BOU,BOU,FUL,MUN,MUN,2.67,2.6,3.0,3.0,2.83,2.7273,0.1
3,2+2+1,BOU-BOU-MUN-MUN-NEW,BOU,BOU,MUN,MUN,NEW,2.67,2.6,3.0,3.0,2.83,2.7273,0.1
4,2+1+1+1,BOU-BOU-MUN-NEW-SUN,BOU,BOU,MUN,NEW,SUN,2.67,2.6,3.0,3.0,2.83,2.7273,0.1
3,2+2+1,BOU-BOU-NEW-SUN-SUN,BOU,BOU,NEW,SUN,SUN,2.67,2.6,3.0,3.0,2.83,2.7273,0.1
5,1+1+1+1+1,BOU-BRE-COV-FUL-MUN,BOU,BRE,COV,FUL,MUN,3.0,2.6,3.0,2.67,2.83,2.7273,0.1
5,1+1+1+1+1,BOU-BRE-COV-MUN-NEW,BOU,BRE,COV,MUN,NEW,3.0,2.6,3.0,2.67,2.83,2.7273,0.1
5,1+1+1+1+1,BOU-BRE-COV-NEW-SUN,BOU,BRE,COV,NEW,SUN,3.0,2.6,3.0,2.67,2.83,2.7273,0.1
5,1+1+1+1+1,BOU-COV-FUL-LIV-MUN,BOU,COV,FUL,LIV,MUN,3.0,2.6,3.0,2.67,2.83,2.7273,0.1
5,1+1+1+1+1,BOU-COV-FUL-MCI-MUN,BOU,COV,FUL,MCI,MUN,3.0,2.6,3.0,2.67,2.83,2.7273,0.1
5,1+1+1+1+1,BOU-COV-LIV-MUN-NEW,BOU,COV,LIV,MUN,NEW,3.0,2.6,3.0,2.67,2.83,2.7273,0.1
5,1+1+1+1+1,BOU-COV-LIV-NEW-SUN,BOU,COV,LIV,NEW,SUN,3.0,2.6,3.0,2.67,2.83,2.7273,0.1
5,1+1+1+1+1,BOU-COV-MCI-MUN-NEW,BOU,COV,MCI,MUN,NEW,3.0,2.6,3.0,2.67,2.83,2.7273,0.1
5,1+1+1+1+1,BOU-COV-MCI-NEW-SUN,BOU,COV,MCI,NEW,SUN,3.0,2.6,3.0,2.67,2.83,2.7273,0.1
3,2+2+1,BOU-FUL-FUL-MUN-MUN,BOU,FUL,FUL,MUN,MUN,2.67,2.6,3.0,3.0,2.83,2.7273,0.1
4,2+1+1+1,BOU-FUL-MUN-MUN-NEW,BOU,FUL,MUN,MUN,NEW,2.67,2.6,3.0,3.0,2.83,2.7273,0.1
3,2+2+1,BOU-MUN-MUN-NEW-NEW,BOU,MUN,MUN,NEW,NEW,2.67,2.6,3.0,3.0,2.83,2.7273,0.1
4,2+1+1+1,BOU-MUN-NEW-NEW-SUN,BOU,MUN,NEW,NEW,SUN,2.67,2.6,3.0,3.0,2.83,2.7273,0.1
3,2+2+1,BOU-NEW-NEW-SUN-SUN,BOU,NEW,NEW,SUN,SUN,2.67,2.6,3.0,3.0,2.83,2.7273,0.1
4,2+1+1+1,BRE-COV-EVE-EVE-MUN,BRE,COV,EVE,EVE,MUN,2.67,2.6,3.0,3.0,2.83,2.7273,0.1
4,2+1+1+1,BRE-COV-EVE-EVE-SUN,BRE,COV,EVE,EVE,SUN,2.67,2.6,3.0,3.0,2.83,2.7273,0.1
5,1+1+1+1+1,BRE-COV-EVE-FUL-TOT,BRE,COV,EVE,FUL,TOT,3.0,2.6,3.0,2.67,2.83,2.7273,0.1
4,2+1+1+1,BRE-COV-FUL-FUL-MUN,BRE,COV,FUL,FUL,MUN,3.0,2.6,3.0,2.67,2.83,2.7273,0.1
5,1+1+1+1+1,BRE-COV-FUL-MUN-NEW,BRE,COV,FUL,MUN,NEW,3.0,2.6,3.0,2.67,2.83,2.7273,0.1
4,2+1+1+1,BRE-COV-MUN-NEW-NEW,BRE,COV,MUN,NEW,NEW,3.0,2.6,3.0,2.67,2.83,2.7273,0.1
4,2+1+1+1,BRE-COV-NEW-NEW-SUN,BRE,COV,NEW,NEW,SUN,3.0,2.6,3.0,2.67,2.83,2.7273,0.1
3,2+2+1,BRE-EVE-EVE-TOT-TOT,BRE,EVE,EVE,TOT,TOT,3.0,2.6,3.0,2.67,2.83,2.7273,0.1
4,2+1+1+1,BRE-EVE-FUL-TOT-TOT,BRE,EVE,FUL,TOT,TOT,3.0,2.6,3.0,2.67,2.83,2.7273,0.1
3,2+2+1,COV-COV-LEE-LEE-LIV,COV,COV,LEE,LEE,LIV,3.0,2.6,3.0,2.67,2.83,2.7273,0.1
3,2+2+1,COV-COV-LEE-LEE-MCI,COV,COV,LEE,LEE,MCI,3.0,2.6,3.0,2.67,2.83,2.7273,0.1
4,2+1+1+1,COV-EVE-EVE-LIV-MUN,COV,EVE,EVE,LIV,MUN,2.67,2.6,3.0,3.0,2.83,2.7273,0.1
4,2+1+1+1,COV-EVE-EVE-LIV-SUN,COV,EVE,EVE,LIV,SUN,2.67,2.6,3.0,3.0,2.83,2.7273,0.1
4,2+1+1+1,COV-EVE-EVE-MCI-MUN,COV,EVE,EVE,MCI,MUN,2.67,2.6,3.0,3.0,2.83,2.7273,0.1
4,2+1+1+1,COV-EVE-EVE-MCI-SUN,COV,EVE,EVE,MCI,SUN,2.67,2.6,3.0,3.0,2.83,2.7273,0.1
5,1+1+1+1+1,COV-EVE-FUL-LIV-TOT,COV,EVE,FUL,LIV,TOT,3.0,2.6,3.0,2.67,2.83,2.7273,0.1
5,1+1+1+1+1,COV-EVE-FUL-MCI-TOT,COV,EVE,FUL,MCI,TOT,3.0,2.6,3.0,2.67,2.83,2.7273,0.1
4,2+1+1+1,COV-FUL-FUL-LIV-MUN,COV,FUL,FUL,LIV,MUN,3.0,2.6,3.0,2.67,2.83,2.7273,0.1
4,2+1+1+1,COV-FUL-FUL-MCI-MUN,COV,FUL,FUL,MCI,MUN,3.0,2.6,3.0,2.67,2.83,2.7273,0.1
5,1+1+1+1+1,COV-FUL-LIV-MUN-NEW,COV,FUL,LIV,MUN,NEW,3.0,2.6,3.0,2.67,2.83,2.7273,0.1
5,1+1+1+1+1,COV-FUL-MCI-MUN-NEW,COV,FUL,MCI,MUN,NEW,3.0,2.6,3.0,2.67,2.83,2.7273,0.1
4,2+1+1+1,COV-LEE-LEE-LIV-TOT,COV,LEE,LEE,LIV,TOT,3.0,2.6,3.0,2.67,2.83,2.7273,0.1
4,2+1+1+1,COV-LEE-LEE-MCI-TOT,COV,LEE,LEE,MCI,TOT,3.0,2.6,3.0,2.67,2.83,2.7273,0.1
4,2+1+1+1,COV-LIV-MUN-NEW-NEW,COV,LIV,MUN,NEW,NEW,3.0,2.6,3.0,2.67,2.83,2.7273,0.1
4,2+1+1+1,COV-LIV-NEW-NEW-SUN,COV,LIV,NEW,NEW,SUN,3.0,2.6,3.0,2.67,2.83,2.7273,0.1
4,2+1+1+1,COV-MCI-MUN-NEW-NEW,COV,MCI,MUN,NEW,NEW,3.0,2.6,3.0,2.67,2.83,2.7273,0.1
4,2+1+1+1,COV-MCI-NEW-NEW-SUN,COV,MCI,NEW,NEW,SUN,3.0,2.6,3.0,2.67,2.83,2.7273,0.1
3,2+2+1,EVE-EVE-LIV-TOT-TOT,EVE,EVE,LIV,TOT,TOT,3.0,2.6,3.0,2.67,2.83,2.7273,0.1
3,2+2+1,EVE-EVE-MCI-TOT-TOT,EVE,EVE,MCI,TOT,TOT,3.0,2.6,3.0,2.67,2.83,2.7273,0.1
4,2+1+1+1,EVE-FUL-LIV-TOT-TOT,EVE,FUL,LIV,TOT,TOT,3.0,2.6,3.0,2.67,2.83,2.7273,0.1
4,2+1+1+1,EVE-FUL-MCI-TOT-TOT,EVE,FUL,MCI,TOT,TOT,3.0,2.6,3.0,2.67,2.83,2.7273,0.1
2,3+2,FUL-FUL-FUL-MUN-MUN,FUL,FUL,FUL,MUN,MUN,2.67,2.6,3.0,3.0,2.83,2.7273,0.1
3,2+2+1,FUL-FUL-MUN-MUN-NEW,FUL,FUL,MUN,MUN,NEW,2.67,2.6,3.0,3.0,2.83,2.7273,0.1
3,2+2+1,FUL-MUN-MUN-NEW-NEW,FUL,MUN,MUN,NEW,NEW,2.67,2.6,3.0,3.0,2.83,2.7273,0.1
3,2+2+1,LEE-LEE-LIV-TOT-TOT,LEE,LEE,LIV,TOT,TOT,3.0,2.6,3.0,2.67,2.83,2.7273,0.1
3,2+2+1,LEE-LEE-MCI-TOT-TOT,LEE,LEE,MCI,TOT,TOT,3.0,2.6,3.0,2.67,2.83,2.7273,0.1
2,3+2,MUN-MUN-NEW-NEW-NEW,MUN,MUN,NEW,NEW,NEW,2.67,2.6,3.0,3.0,2.83,2.7273,0.1
3,3+1+1,MUN-NEW-NEW-NEW-SUN,MUN,NEW,NEW,NEW,SUN,2.67,2.6,3.0,3.0,2.83,2.7273,0.1
2,3+2,NEW-NEW-NEW-SUN-SUN,NEW,NEW,NEW,SUN,SUN,2.67,2.6,3.0,3.0,2.83,2.7273,0.1
5,1+1+1+1+1,BRE-EVE-FUL-HUL-TOT,BRE,EVE,FUL,HUL,TOT,3.0,2.6,3.0,2.67,2.83,2.7273,0.1232
5,1+1+1+1+1,EVE-FUL-HUL-LIV-TOT,EVE,FUL,HUL,LIV,TOT,3.0,2.6,3.0,2.67,2.83,2.7273,0.1232
5,1+1+1+1+1,EVE-FUL-HUL-MCI-TOT,EVE,FUL,HUL,MCI,TOT,3.0,2.6,3.0,2.67,2.83,2.7273,0.1232
4,2+1+1+1,BOU-CHE-LEE-LEE-MUN,BOU,CHE,LEE,LEE,MUN,2.67,2.6,3.0,3.0,2.83,2.7273,0.1256
4,2+1+1+1,BOU-CHE-LEE-LEE-SUN,BOU,CHE,LEE,LEE,SUN,2.67,2.6,3.0,3.0,2.83,2.7273,0.1256
4,2+1+1+1,CHE-FUL-LEE-LEE-MUN,CHE,FUL,LEE,LEE,MUN,2.67,2.6,3.0,3.0,2.83,2.7273,0.1256
4,2+1+1+1,CHE-LEE-LEE-MUN-NEW,CHE,LEE,LEE,MUN,NEW,2.67,2.6,3.0,3.0,2.83,2.7273,0.1256
4,2+1+1+1,CHE-LEE-LEE-NEW-SUN,CHE,LEE,LEE,NEW,SUN,2.67,2.6,3.0,3.0,2.83,2.7273,0.1256
4,2+1+1+1,BOU-HUL-LEE-LEE-MUN,BOU,HUL,LEE,LEE,MUN,2.67,2.6,3.0,3.0,2.83,2.7273,0.1366
4,2+1+1+1,BOU-HUL-LEE-LEE-SUN,BOU,HUL,LEE,LEE,SUN,2.67,2.6,3.0,3.0,2.83,2.7273,0.1366
4,2+1+1+1,FUL-HUL-LEE-LEE-MUN,FUL,HUL,LEE,LEE,MUN,2.67,2.6,3.0,3.0,2.83,2.7273,0.1366
4,2+1+1+1,HUL-LEE-LEE-LIV-TOT,HUL,LEE,LEE,LIV,TOT,3.0,2.6,3.0,2.67,2.83,2.7273,0.1366
4,2+1+1+1,HUL-LEE-LEE-MCI-TOT,HUL,LEE,LEE,MCI,TOT,3.0,2.6,3.0,2.67,2.83,2.7273,0.1366
4,2+1+1+1,HUL-LEE-LEE-MUN-NEW,HUL,LEE,LEE,MUN,NEW,2.67,2.6,3.0,3.0,2.83,2.7273,0.1366
4,2+1+1+1,HUL-LEE-LEE-NEW-SUN,HUL,LEE,LEE,NEW,SUN,2.67,2.6,3.0,3.0,2.83,2.7273,0.1366
4,2+1+1+1,BOU-BOU-LEE-MUN-TOT,BOU,BOU,LEE,MUN,TOT,2.67,2.6,3.0,3.0,2.83,2.7273,0.15
4,2+1+1+1,BOU-BOU-LEE-TOT-SUN,BOU,BOU,LEE,TOT,SUN,2.67,2.6,3.0,3.0,2.83,2.7273,0.15
4,2+1+1+1,BOU-COV-LEE-LEE-MUN,BOU,COV,LEE,LEE,MUN,2.67,2.6,3.0,3.0,2.83,2.7273,0.15
4,2+1+1+1,BOU-COV-LEE-LEE-SUN,BOU,COV,LEE,LEE,SUN,2.67,2.6,3.0,3.0,2.83,2.7273,0.15
5,1+1+1+1+1,BOU-COV-LEE-LIV-TOT,BOU,COV,LEE,LIV,TOT,3.0,2.6,3.0,2.67,2.83,2.7273,0.15
5,1+1+1+1+1,BOU-COV-LEE-MCI-TOT,BOU,COV,LEE,MCI,TOT,3.0,2.6,3.0,2.67,2.83,2.7273,0.15
5,1+1+1+1+1,BOU-FUL-LEE-MUN-TOT,BOU,FUL,LEE,MUN,TOT,2.67,2.6,3.0,3.0,2.83,2.7273,0.15
4,2+1+1+1,BOU-LEE-LEE-MUN-TOT,BOU,LEE,LEE,MUN,TOT,2.67,2.6,3.0,3.0,2.83,2.7273,0.15
4,2+1+1+1,BOU-LEE-LEE-TOT-SUN,BOU,LEE,LEE,TOT,SUN,2.67,2.6,3.0,3.0,2.83,2.7273,0.15
4,2+1+1+1,BOU-LEE-LIV-TOT-TOT,BOU,LEE,LIV,TOT,TOT,3.0,2.6,3.0,2.67,2.83,2.7273,0.15
4,2+1+1+1,BOU-LEE-MCI-TOT-TOT,BOU,LEE,MCI,TOT,TOT,3.0,2.6,3.0,2.67,2.83,2.7273,0.15
5,1+1+1+1+1,COV-EVE-FUL-LEE-MUN,COV,EVE,FUL,LEE,MUN,2.67,2.6,3.0,3.0,2.83,2.7273,0.15
5,1+1+1+1+1,COV-EVE-LEE-MUN-NEW,COV,EVE,LEE,MUN,NEW,2.67,2.6,3.0,3.0,2.83,2.7273,0.15
5,1+1+1+1+1,COV-EVE-LEE-NEW-SUN,COV,EVE,LEE,NEW,SUN,2.67,2.6,3.0,3.0,2.83,2.7273,0.15
4,2+1+1+1,COV-FUL-LEE-LEE-MUN,COV,FUL,LEE,LEE,MUN,2.67,2.6,3.0,3.0,2.83,2.7273,0.15
5,1+1+1+1+1,COV-FUL-LEE-LIV-TOT,COV,FUL,LEE,LIV,TOT,3.0,2.6,3.0,2.67,2.83,2.7273,0.15
5,1+1+1+1+1,COV-FUL-LEE-MCI-TOT,COV,FUL,LEE,MCI,TOT,3.0,2.6,3.0,2.67,2.83,2.7273,0.15
4,2+1+1+1,COV-LEE-LEE-MUN-NEW,COV,LEE,LEE,MUN,NEW,2.67,2.6,3.0,3.0,2.83,2.7273,0.15
4,2+1+1+1,COV-LEE-LEE-NEW-SUN,COV,LEE,LEE,NEW,SUN,2.67,2.6,3.0,3.0,2.83,2.7273,0.15
5,1+1+1+1+1,EVE-FUL-LEE-MUN-TOT,EVE,FUL,LEE,MUN,TOT,2.67,2.6,3.0,3.0,2.83,2.7273,0.15
4,2+1+1+1,FUL-FUL-LEE-MUN-TOT,FUL,FUL,LEE,MUN,TOT,2.67,2.6,3.0,3.0,2.83,2.7273,0.15
4,2+1+1+1,FUL-LEE-LEE-MUN-TOT,FUL,LEE,LEE,MUN,TOT,2.67,2.6,3.0,3.0,2.83,2.7273,0.15
4,2+1+1+1,FUL-LEE-LIV-TOT-TOT,FUL,LEE,LIV,TOT,TOT,3.0,2.6,3.0,2.67,2.83,2.7273,0.15
4,2+1+1+1,FUL-LEE-MCI-TOT-TOT,FUL,LEE,MCI,TOT,TOT,3.0,2.6,3.0,2.67,2.83,2.7273,0.15
4,2+1+1+1,CHE-EVE-FUL-FUL-MUN,CHE,EVE,FUL,FUL,MUN,2.67,2.6,3.0,3.0,2.83,2.7273,0.1512
5,1+1+1+1+1,CHE-EVE-FUL-MUN-NEW,CHE,EVE,FUL,MUN,NEW,2.67,2.6,3.0,3.0,2.83,2.7273,0.1512
4,2+1+1+1,CHE-EVE-MUN-NEW-NEW,CHE,EVE,MUN,NEW,NEW,2.67,2.6,3.0,3.0,2.83,2.7273,0.1512
4,2+1+1+1,CHE-EVE-NEW-NEW-SUN,CHE,EVE,NEW,NEW,SUN,2.67,2.6,3.0,3.0,2.83,2.7273,0.1512
5,1+1+1+1+1,CHE-EVE-FUL-LEE-MUN,CHE,EVE,FUL,LEE,MUN,2.67,2.6,3.0,3.0,2.83,2.7273,0.1701
5,1+1+1+1+1,CHE-EVE-LEE-MUN-NEW,CHE,EVE,LEE,MUN,NEW,2.67,2.6,3.0,3.0,2.83,2.7273,0.1701
5,1+1+1+1+1,CHE-EVE-LEE-NEW-SUN,CHE,EVE,LEE,NEW,SUN,2.67,2.6,3.0,3.0,2.83,2.7273,0.1701
4,2+1+1+1,BOU-BOU-BRE-HUL-MUN,BOU,BOU,BRE,HUL,MUN,3.0,2.6,3.0,2.67,2.83,2.7273,0.1732
4,2+1+1+1,BOU-BOU-BRE-HUL-SUN,BOU,BOU,BRE,HUL,SUN,3.0,2.6,3.0,2.67,2.83,2.7273,0.1732
4,2+1+1+1,BOU-BOU-HUL-LIV-MUN,BOU,BOU,HUL,LIV,MUN,3.0,2.6,3.0,2.67,2.83,2.7273,0.1732
4,2+1+1+1,BOU-BOU-HUL-LIV-SUN,BOU,BOU,HUL,LIV,SUN,3.0,2.6,3.0,2.67,2.83,2.7273,0.1732
4,2+1+1+1,BOU-BOU-HUL-MCI-MUN,BOU,BOU,HUL,MCI,MUN,3.0,2.6,3.0,2.67,2.83,2.7273,0.1732
4,2+1+1+1,BOU-BOU-HUL-MCI-SUN,BOU,BOU,HUL,MCI,SUN,3.0,2.6,3.0,2.67,2.83,2.7273,0.1732
5,1+1+1+1+1,BOU-BRE-FUL-HUL-MUN,BOU,BRE,FUL,HUL,MUN,3.0,2.6,3.0,2.67,2.83,2.7273,0.1732
5,1+1+1+1+1,BOU-BRE-HUL-MUN-NEW,BOU,BRE,HUL,MUN,NEW,3.0,2.6,3.0,2.67,2.83,2.7273,0.1732
5,1+1+1+1+1,BOU-BRE-HUL-NEW-SUN,BOU,BRE,HUL,NEW,SUN,3.0,2.6,3.0,2.67,2.83,2.7273,0.1732
5,1+1+1+1+1,BOU-FUL-HUL-LIV-MUN,BOU,FUL,HUL,LIV,MUN,3.0,2.6,3.0,2.67,2.83,2.7273,0.1732
5,1+1+1+1+1,BOU-FUL-HUL-MCI-MUN,BOU,FUL,HUL,MCI,MUN,3.0,2.6,3.0,2.67,2.83,2.7273,0.1732
5,1+1+1+1+1,BOU-HUL-LIV-MUN-NEW,BOU,HUL,LIV,MUN,NEW,3.0,2.6,3.0,2.67,2.83,2.7273,0.1732
5,1+1+1+1+1,BOU-HUL-LIV-NEW-SUN,BOU,HUL,LIV,NEW,SUN,3.0,2.6,3.0,2.67,2.83,2.7273,0.1732
5,1+1+1+1+1,BOU-HUL-MCI-MUN-NEW,BOU,HUL,MCI,MUN,NEW,3.0,2.6,3.0,2.67,2.83,2.7273,0.1732
5,1+1+1+1+1,BOU-HUL-MCI-NEW-SUN,BOU,HUL,MCI,NEW,SUN,3.0,2.6,3.0,2.67,2.83,2.7273,0.1732
4,2+1+1+1,BRE-FUL-FUL-HUL-MUN,BRE,FUL,FUL,HUL,MUN,3.0,2.6,3.0,2.67,2.83,2.7273,0.1732
5,1+1+1+1+1,BRE-FUL-HUL-MUN-NEW,BRE,FUL,HUL,MUN,NEW,3.0,2.6,3.0,2.67,2.83,2.7273,0.1732
4,2+1+1+1,BRE-HUL-MUN-NEW-NEW,BRE,HUL,MUN,NEW,NEW,3.0,2.6,3.0,2.67,2.83,2.7273,0.1732
4,2+1+1+1,BRE-HUL-NEW-NEW-SUN,BRE,HUL,NEW,NEW,SUN,3.0,2.6,3.0,2.67,2.83,2.7273,0.1732
4,2+1+1+1,FUL-FUL-HUL-LIV-MUN,FUL,FUL,HUL,LIV,MUN,3.0,2.6,3.0,2.67,2.83,2.7273,0.1732
4,2+1+1+1,FUL-FUL-HUL-MCI-MUN,FUL,FUL,HUL,MCI,MUN,3.0,2.6,3.0,2.67,2.83,2.7273,0.1732
5,1+1+1+1+1,FUL-HUL-LIV-MUN-NEW,FUL,HUL,LIV,MUN,NEW,3.0,2.6,3.0,2.67,2.83,2.7273,0.1732
5,1+1+1+1+1,FUL-HUL-MCI-MUN-NEW,FUL,HUL,MCI,MUN,NEW,3.0,2.6,3.0,2.67,2.83,2.7273,0.1732
4,2+1+1+1,HUL-LIV-MUN-NEW-NEW,HUL,LIV,MUN,NEW,NEW,3.0,2.6,3.0,2.67,2.83,2.7273,0.1732
4,2+1+1+1,HUL-LIV-NEW-NEW-SUN,HUL,LIV,NEW,NEW,SUN,3.0,2.6,3.0,2.67,2.83,2.7273,0.1732
4,2+1+1+1,HUL-MCI-MUN-NEW-NEW,HUL,MCI,MUN,NEW,NEW,3.0,2.6,3.0,2.67,2.83,2.7273,0.1732
4,2+1+1+1,HUL-MCI-NEW-NEW-SUN,HUL,MCI,NEW,NEW,SUN,3.0,2.6,3.0,2.67,2.83,2.7273,0.1732
4,2+1+1+1,BRE-CHE-EVE-EVE-MUN,BRE,CHE,EVE,EVE,MUN,2.67,2.6,3.0,3.0,2.83,2.7273,0.189
4,2+1+1+1,BRE-CHE-EVE-EVE-SUN,BRE,CHE,EVE,EVE,SUN,2.67,2.6,3.0,3.0,2.83,2.7273,0.189
4,2+1+1+1,CHE-EVE-EVE-LIV-MUN,CHE,EVE,EVE,LIV,MUN,2.67,2.6,3.0,3.0,2.83,2.7273,0.189
4,2+1+1+1,CHE-EVE-EVE-LIV-SUN,CHE,EVE,EVE,LIV,SUN,2.67,2.6,3.0,3.0,2.83,2.7273,0.189
4,2+1+1+1,CHE-EVE-EVE-MCI-MUN,CHE,EVE,EVE,MCI,MUN,2.67,2.6,3.0,3.0,2.83,2.7273,0.189
4,2+1+1+1,CHE-EVE-EVE-MCI-SUN,CHE,EVE,EVE,MCI,SUN,2.67,2.6,3.0,3.0,2.83,2.7273,0.189
4,2+1+1+1,BOU-BOU-BRE-CHE-TOT,BOU,BOU,BRE,CHE,TOT,3.0,2.6,3.0,2.67,2.83,2.7273,0.1933
4,2+1+1+1,BOU-BOU-CHE-LIV-TOT,BOU,BOU,CHE,LIV,TOT,3.0,2.6,3.0,2.67,2.83,2.7273,0.1933
4,2+1+1+1,BOU-BOU-CHE-MCI-TOT,BOU,BOU,CHE,MCI,TOT,3.0,2.6,3.0,2.67,2.83,2.7273,0.1933
5,1+1+1+1+1,BOU-BRE-CHE-FUL-TOT,BOU,BRE,CHE,FUL,TOT,3.0,2.6,3.0,2.67,2.83,2.7273,0.1933
5,1+1+1+1+1,BOU-CHE-FUL-LIV-TOT,BOU,CHE,FUL,LIV,TOT,3.0,2.6,3.0,2.67,2.83,2.7273,0.1933
5,1+1+1+1+1,BOU-CHE-FUL-MCI-TOT,BOU,CHE,FUL,MCI,TOT,3.0,2.6,3.0,2.67,2.83,2.7273,0.1933
4,2+1+1+1,BRE-CHE-FUL-FUL-TOT,BRE,CHE,FUL,FUL,TOT,3.0,2.6,3.0,2.67,2.83,2.7273,0.1933
4,2+1+1+1,CHE-FUL-FUL-LIV-TOT,CHE,FUL,FUL,LIV,TOT,3.0,2.6,3.0,2.67,2.83,2.7273,0.1933
4,2+1+1+1,CHE-FUL-FUL-MCI-TOT,CHE,FUL,FUL,MCI,TOT,3.0,2.6,3.0,2.67,2.83,2.7273,0.1933
3,2+2+1,BRE-BRE-COV-COV-FUL,BRE,BRE,COV,COV,FUL,3.33,2.6,3.0,2.33,2.83,2.7273,0.2
3,2+2+1,BRE-BRE-COV-COV-NEW,BRE,BRE,COV,COV,NEW,3.33,2.6,3.0,2.33,2.83,2.7273,0.2
4,2+1+1+1,BRE-COV-COV-FUL-LIV,BRE,COV,COV,FUL,LIV,3.33,2.6,3.0,2.33,2.83,2.7273,0.2
4,2+1+1+1,BRE-COV-COV-FUL-MCI,BRE,COV,COV,FUL,MCI,3.33,2.6,3.0,2.33,2.83,2.7273,0.2
4,2+1+1+1,BRE-COV-COV-LIV-NEW,BRE,COV,COV,LIV,NEW,3.33,2.6,3.0,2.33,2.83,2.7273,0.2
4,2+1+1+1,BRE-COV-COV-MCI-NEW,BRE,COV,COV,MCI,NEW,3.33,2.6,3.0,2.33,2.83,2.7273,0.2
3,2+2+1,COV-COV-FUL-LIV-LIV,COV,COV,FUL,LIV,LIV,3.33,2.6,3.0,2.33,2.83,2.7273,0.2
4,2+1+1+1,COV-COV-FUL-LIV-MCI,COV,COV,FUL,LIV,MCI,3.33,2.6,3.0,2.33,2.83,2.7273,0.2
3,2+2+1,COV-COV-FUL-MCI-MCI,COV,COV,FUL,MCI,MCI,3.33,2.6,3.0,2.33,2.83,2.7273,0.2
3,2+2+1,COV-COV-LIV-LIV-NEW,COV,COV,LIV,LIV,NEW,3.33,2.6,3.0,2.33,2.83,2.7273,0.2
4,2+1+1+1,COV-COV-LIV-MCI-NEW,COV,COV,LIV,MCI,NEW,3.33,2.6,3.0,2.33,2.83,2.7273,0.2
3,2+2+1,COV-COV-MCI-MCI-NEW,COV,COV,MCI,MCI,NEW,3.33,2.6,3.0,2.33,2.83,2.7273,0.2
4,2+1+1+1,EVE-FUL-FUL-MUN-TOT,EVE,FUL,FUL,MUN,TOT,2.67,2.6,3.0,3.0,2.83,2.7273,0.2
4,2+1+1+1,EVE-HUL-LEE-LEE-MUN,EVE,HUL,LEE,LEE,MUN,2.67,2.6,3.0,3.0,2.83,2.7273,0.2
4,2+1+1+1,EVE-HUL-LEE-LEE-SUN,EVE,HUL,LEE,LEE,SUN,2.67,2.6,3.0,3.0,2.83,2.7273,0.2
3,2+2+1,HUL-HUL-LEE-LEE-LIV,HUL,HUL,LEE,LEE,LIV,3.0,2.6,3.0,2.67,2.83,2.7273,0.2
3,2+2+1,HUL-HUL-LEE-LEE-MCI,HUL,HUL,LEE,LEE,MCI,3.0,2.6,3.0,2.67,2.83,2.7273,0.2
5,1+1+1+1+1,BOU-HUL-LEE-LIV-TOT,BOU,HUL,LEE,LIV,TOT,3.0,2.6,3.0,2.67,2.83,2.7273,0.2232
5,1+1+1+1+1,BOU-HUL-LEE-MCI-TOT,BOU,HUL,LEE,MCI,TOT,3.0,2.6,3.0,2.67,2.83,2.7273,0.2232
5,1+1+1+1+1,FUL-HUL-LEE-LIV-TOT,FUL,HUL,LEE,LIV,TOT,3.0,2.6,3.0,2.67,2.83,2.7273,0.2232
5,1+1+1+1+1,FUL-HUL-LEE-MCI-TOT,FUL,HUL,LEE,MCI,TOT,3.0,2.6,3.0,2.67,2.83,2.7273,0.2232
4,2+1+1+1,EVE-EVE-FUL-HUL-MUN,EVE,EVE,FUL,HUL,MUN,2.67,2.6,3.0,3.0,2.83,2.7273,0.2366
4,2+1+1+1,EVE-EVE-HUL-MUN-NEW,EVE,EVE,HUL,MUN,NEW,2.67,2.6,3.0,3.0,2.83,2.7273,0.2366
4,2+1+1+1,EVE-EVE-HUL-NEW-SUN,EVE,EVE,HUL,NEW,SUN,2.67,2.6,3.0,3.0,2.83,2.7273,0.2366
4,2+1+1+1,COV-EVE-LEE-LEE-MUN,COV,EVE,LEE,LEE,MUN,2.67,2.6,3.0,3.0,2.83,2.7273,0.3
4,2+1+1+1,COV-EVE-LEE-LEE-SUN,COV,EVE,LEE,LEE,SUN,2.67,2.6,3.0,3.0,2.83,2.7273,0.3
4,2+1+1+1,EVE-EVE-HUL-LEE-MUN,EVE,EVE,HUL,LEE,MUN,2.67,2.6,3.0,3.0,2.83,2.7273,0.3
4,2+1+1+1,EVE-EVE-HUL-LEE-SUN,EVE,EVE,HUL,LEE,SUN,2.67,2.6,3.0,3.0,2.83,2.7273,0.3
4,2+1+1+1,EVE-LEE-LEE-MUN-TOT,EVE,LEE,LEE,MUN,TOT,2.67,2.6,3.0,3.0,2.83,2.7273,0.3
4,2+1+1+1,EVE-LEE-LEE-TOT-SUN,EVE,LEE,LEE,TOT,SUN,2.67,2.6,3.0,3.0,2.83,2.7273,0.3
3,3+1+1,HUL-LEE-LEE-LEE-MUN,HUL,LEE,LEE,LEE,MUN,2.67,2.6,3.0,3.0,2.83,2.7273,0.3
3,3+1+1,HUL-LEE-LEE-LEE-SUN,HUL,LEE,LEE,LEE,SUN,2.67,2.6,3.0,3.0,2.83,2.7273,0.3
3,3+1+1,COV-LEE-LEE-LEE-MUN,COV,LEE,LEE,LEE,MUN,2.67,2.6,3.0,3.0,2.83,2.7273,0.35
3,3+1+1,COV-LEE-LEE-LEE-SUN,COV,LEE,LEE,LEE,SUN,2.67,2.6,3.0,3.0,2.83,2.7273,0.35
4,2+1+1+1,EVE-EVE-FUL-MUN-TOT,EVE,EVE,FUL,MUN,TOT,2.67,2.6,3.0,3.0,2.83,2.7273,0.35
3,3+1+1,LEE-LEE-LEE-MUN-TOT,LEE,LEE,LEE,MUN,TOT,2.67,2.6,3.0,3.0,2.83,2.7273,0.35
3,3+1+1,LEE-LEE-LEE-TOT-SUN,LEE,LEE,LEE,TOT,SUN,2.67,2.6,3.0,3.0,2.83,2.7273,0.35
4,2+1+1+1,CHE-EVE-LEE-LEE-MUN,CHE,EVE,LEE,LEE,MUN,2.67,2.6,3.0,3.0,2.83,2.7273,0.389
4,2+1+1+1,CHE-EVE-LEE-LEE-SUN,CHE,EVE,LEE,LEE,SUN,2.67,2.6,3.0,3.0,2.83,2.7273,0.389
3,3+1+1,CHE-LEE-LEE-LEE-MUN,CHE,LEE,LEE,LEE,MUN,2.67,2.6,3.0,3.0,2.83,2.7273,0.3945
3,3+1+1,CHE-LEE-LEE-LEE-SUN,CHE,LEE,LEE,LEE,SUN,2.67,2.6,3.0,3.0,2.83,2.7273,0.3945
3,2+2+1,BOU-BOU-BRE-TOT-TOT,BOU,BOU,BRE,TOT,TOT,3.0,2.6,3.0,2.67,2.83,2.7273,0.4
3,2+2+1,BOU-BOU-LIV-TOT-TOT,BOU,BOU,LIV,TOT,TOT,3.0,2.6,3.0,2.67,2.83,2.7273,0.4
3,2+2+1,BOU-BOU-MCI-TOT-TOT,BOU,BOU,MCI,TOT,TOT,3.0,2.6,3.0,2.67,2.83,2.7273,0.4
4,2+1+1+1,BOU-BRE-FUL-TOT-TOT,BOU,BRE,FUL,TOT,TOT,3.0,2.6,3.0,2.67,2.83,2.7273,0.4
4,2+1+1+1,BOU-FUL-LIV-TOT-TOT,BOU,FUL,LIV,TOT,TOT,3.0,2.6,3.0,2.67,2.83,2.7273,0.4
4,2+1+1+1,BOU-FUL-MCI-TOT-TOT,BOU,FUL,MCI,TOT,TOT,3.0,2.6,3.0,2.67,2.83,2.7273,0.4
3,2+2+1,BRE-FUL-FUL-TOT-TOT,BRE,FUL,FUL,TOT,TOT,3.0,2.6,3.0,2.67,2.83,2.7273,0.4
3,2+2+1,FUL-FUL-LIV-TOT-TOT,FUL,FUL,LIV,TOT,TOT,3.0,2.6,3.0,2.67,2.83,2.7273,0.4
3,2+2+1,FUL-FUL-MCI-TOT-TOT,FUL,FUL,MCI,TOT,TOT,3.0,2.6,3.0,2.67,2.83,2.7273,0.4
4,2+1+1+1,EVE-EVE-LEE-MUN-TOT,EVE,EVE,LEE,MUN,TOT,2.67,2.6,3.0,3.0,2.83,2.7273,0.45
4,2+1+1+1,EVE-EVE-LEE-TOT-SUN,EVE,EVE,LEE,TOT,SUN,2.67,2.6,3.0,3.0,2.83,2.7273,0.45
3,2+2+1,BOU-BRE-BRE-HUL-HUL,BOU,BRE,BRE,HUL,HUL,3.33,2.6,3.0,2.33,2.83,2.7273,0.4732
4,2+1+1+1,BOU-BRE-HUL-HUL-LIV,BOU,BRE,HUL,HUL,LIV,3.33,2.6,3.0,2.33,2.83,2.7273,0.4732
4,2+1+1+1,BOU-BRE-HUL-HUL-MCI,BOU,BRE,HUL,HUL,MCI,3.33,2.6,3.0,2.33,2.83,2.7273,0.4732
3,2+2+1,BOU-HUL-HUL-LIV-LIV,BOU,HUL,HUL,LIV,LIV,3.33,2.6,3.0,2.33,2.83,2.7273,0.4732
4,2+1+1+1,BOU-HUL-HUL-LIV-MCI,BOU,HUL,HUL,LIV,MCI,3.33,2.6,3.0,2.33,2.83,2.7273,0.4732
3,2+2+1,BOU-HUL-HUL-MCI-MCI,BOU,HUL,HUL,MCI,MCI,3.33,2.6,3.0,2.33,2.83,2.7273,0.4732
3,2+2+1,BRE-BRE-FUL-HUL-HUL,BRE,BRE,FUL,HUL,HUL,3.33,2.6,3.0,2.33,2.83,2.7273,0.4732
3,2+2+1,BRE-BRE-HUL-HUL-NEW,BRE,BRE,HUL,HUL,NEW,3.33,2.6,3.0,2.33,2.83,2.7273,0.4732
4,2+1+1+1,BRE-FUL-HUL-HUL-LIV,BRE,FUL,HUL,HUL,LIV,3.33,2.6,3.0,2.33,2.83,2.7273,0.4732
4,2+1+1+1,BRE-FUL-HUL-HUL-MCI,BRE,FUL,HUL,HUL,MCI,3.33,2.6,3.0,2.33,2.83,2.7273,0.4732
4,2+1+1+1,BRE-HUL-HUL-LIV-NEW,BRE,HUL,HUL,LIV,NEW,3.33,2.6,3.0,2.33,2.83,2.7273,0.4732
4,2+1+1+1,BRE-HUL-HUL-MCI-NEW,BRE,HUL,HUL,MCI,NEW,3.33,2.6,3.0,2.33,2.83,2.7273,0.4732
3,2+2+1,FUL-HUL-HUL-LIV-LIV,FUL,HUL,HUL,LIV,LIV,3.33,2.6,3.0,2.33,2.83,2.7273,0.4732
4,2+1+1+1,FUL-HUL-HUL-LIV-MCI,FUL,HUL,HUL,LIV,MCI,3.33,2.6,3.0,2.33,2.83,2.7273,0.4732
3,2+2+1,FUL-HUL-HUL-MCI-MCI,FUL,HUL,HUL,MCI,MCI,3.33,2.6,3.0,2.33,2.83,2.7273,0.4732
3,2+2+1,HUL-HUL-LIV-LIV-NEW,HUL,HUL,LIV,LIV,NEW,3.33,2.6,3.0,2.33,2.83,2.7273,0.4732
4,2+1+1+1,HUL-HUL-LIV-MCI-NEW,HUL,HUL,LIV,MCI,NEW,3.33,2.6,3.0,2.33,2.83,2.7273,0.4732
3,2+2+1,HUL-HUL-MCI-MCI-NEW,HUL,HUL,MCI,MCI,NEW,3.33,2.6,3.0,2.33,2.83,2.7273,0.4732
2,3+2,EVE-EVE-EVE-MUN-MUN,EVE,EVE,EVE,MUN,MUN,2.33,2.6,3.0,3.33,2.83,2.7273,1.0
3,3+1+1,EVE-EVE-EVE-MUN-SUN,EVE,EVE,EVE,MUN,SUN,2.33,2.6,3.0,3.33,2.83,2.7273,1.0
2,3+2,EVE-EVE-EVE-SUN-SUN,EVE,EVE,EVE,SUN,SUN,2.33,2.6,3.0,3.33,2.83,2.7273,1.0
3,2+2+1,BRE-BRE-EVE-EVE-HUL,BRE,BRE,EVE,EVE,HUL,3.0,2.8,3.0,2.33,2.67,2.7273,-0.2
3,2+2+1,BRE-BRE-EVE-EVE-TOT,BRE,BRE,EVE,EVE,TOT,3.0,2.8,3.0,2.33,2.67,2.7273,-0.2
4,2+1+1+1,BRE-EVE-EVE-HUL-LIV,BRE,EVE,EVE,HUL,LIV,3.0,2.8,3.0,2.33,2.67,2.7273,-0.2
4,2+1+1+1,BRE-EVE-EVE-HUL-MCI,BRE,EVE,EVE,HUL,MCI,3.0,2.8,3.0,2.33,2.67,2.7273,-0.2
4,2+1+1+1,BRE-EVE-EVE-LIV-TOT,BRE,EVE,EVE,LIV,TOT,3.0,2.8,3.0,2.33,2.67,2.7273,-0.2
4,2+1+1+1,BRE-EVE-EVE-MCI-TOT,BRE,EVE,EVE,MCI,TOT,3.0,2.8,3.0,2.33,2.67,2.7273,-0.2
3,2+2+1,EVE-EVE-HUL-LIV-LIV,EVE,EVE,HUL,LIV,LIV,3.0,2.8,3.0,2.33,2.67,2.7273,-0.2
4,2+1+1+1,EVE-EVE-HUL-LIV-MCI,EVE,EVE,HUL,LIV,MCI,3.0,2.8,3.0,2.33,2.67,2.7273,-0.2
3,2+2+1,EVE-EVE-HUL-MCI-MCI,EVE,EVE,HUL,MCI,MCI,3.0,2.8,3.0,2.33,2.67,2.7273,-0.2
3,2+2+1,EVE-EVE-LIV-LIV-TOT,EVE,EVE,LIV,LIV,TOT,3.0,2.8,3.0,2.33,2.67,2.7273,-0.2
4,2+1+1+1,EVE-EVE-LIV-MCI-TOT,EVE,EVE,LIV,MCI,TOT,3.0,2.8,3.0,2.33,2.67,2.7273,-0.2
3,2+2+1,EVE-EVE-MCI-MCI-TOT,EVE,EVE,MCI,MCI,TOT,3.0,2.8,3.0,2.33,2.67,2.7273,-0.2
4,2+1+1+1,CHE-EVE-LEE-LIV-LIV,CHE,EVE,LEE,LIV,LIV,3.0,2.8,3.0,2.33,2.67,2.7273,-0.1945
5,1+1+1+1+1,CHE-EVE-LEE-LIV-MCI,CHE,EVE,LEE,LIV,MCI,3.0,2.8,3.0,2.33,2.67,2.7273,-0.1945
4,2+1+1+1,CHE-EVE-LEE-MCI-MCI,CHE,EVE,LEE,MCI,MCI,3.0,2.8,3.0,2.33,2.67,2.7273,-0.1945
4,2+1+1+1,BRE-BRE-CHE-EVE-FUL,BRE,BRE,CHE,EVE,FUL,3.0,2.8,3.0,2.33,2.67,2.7273,-0.1634
4,2+1+1+1,BRE-BRE-CHE-EVE-NEW,BRE,BRE,CHE,EVE,NEW,3.0,2.8,3.0,2.33,2.67,2.7273,-0.1634
5,1+1+1+1+1,BRE-CHE-EVE-FUL-LIV,BRE,CHE,EVE,FUL,LIV,3.0,2.8,3.0,2.33,2.67,2.7273,-0.1634
5,1+1+1+1+1,BRE-CHE-EVE-FUL-MCI,BRE,CHE,EVE,FUL,MCI,3.0,2.8,3.0,2.33,2.67,2.7273,-0.1634
5,1+1+1+1+1,BRE-CHE-EVE-LIV-NEW,BRE,CHE,EVE,LIV,NEW,3.0,2.8,3.0,2.33,2.67,2.7273,-0.1634
5,1+1+1+1+1,BRE-CHE-EVE-MCI-NEW,BRE,CHE,EVE,MCI,NEW,3.0,2.8,3.0,2.33,2.67,2.7273,-0.1634
4,2+1+1+1,CHE-EVE-FUL-LIV-LIV,CHE,EVE,FUL,LIV,LIV,3.0,2.8,3.0,2.33,2.67,2.7273,-0.1634
5,1+1+1+1+1,CHE-EVE-FUL-LIV-MCI,CHE,EVE,FUL,LIV,MCI,3.0,2.8,3.0,2.33,2.67,2.7273,-0.1634
4,2+1+1+1,CHE-EVE-FUL-MCI-MCI,CHE,EVE,FUL,MCI,MCI,3.0,2.8,3.0,2.33,2.67,2.7273,-0.1634
4,2+1+1+1,CHE-EVE-LIV-LIV-NEW,CHE,EVE,LIV,LIV,NEW,3.0,2.8,3.0,2.33,2.67,2.7273,-0.1634
5,1+1+1+1+1,CHE-EVE-LIV-MCI-NEW,CHE,EVE,LIV,MCI,NEW,3.0,2.8,3.0,2.33,2.67,2.7273,-0.1634
4,2+1+1+1,CHE-EVE-MCI-MCI-NEW,CHE,EVE,MCI,MCI,NEW,3.0,2.8,3.0,2.33,2.67,2.7273,-0.1634
4,2+1+1+1,COV-EVE-LEE-LIV-LIV,COV,EVE,LEE,LIV,LIV,3.0,2.8,3.0,2.33,2.67,2.7273,-0.15
5,1+1+1+1+1,COV-EVE-LEE-LIV-MCI,COV,EVE,LEE,LIV,MCI,3.0,2.8,3.0,2.33,2.67,2.7273,-0.15
4,2+1+1+1,COV-EVE-LEE-MCI-MCI,COV,EVE,LEE,MCI,MCI,3.0,2.8,3.0,2.33,2.67,2.7273,-0.15
5,1+1+1+1+1,EVE-FUL-LEE-LIV-MUN,EVE,FUL,LEE,LIV,MUN,2.67,2.8,3.0,2.67,2.67,2.7273,-0.15
5,1+1+1+1+1,EVE-FUL-LEE-MCI-MUN,EVE,FUL,LEE,MCI,MUN,2.67,2.8,3.0,2.67,2.67,2.7273,-0.15
4,2+1+1+1,EVE-LEE-LIV-LIV-TOT,EVE,LEE,LIV,LIV,TOT,3.0,2.8,3.0,2.33,2.67,2.7273,-0.15
5,1+1+1+1+1,EVE-LEE-LIV-MCI-TOT,EVE,LEE,LIV,MCI,TOT,3.0,2.8,3.0,2.33,2.67,2.7273,-0.15
5,1+1+1+1+1,EVE-LEE-LIV-MUN-NEW,EVE,LEE,LIV,MUN,NEW,2.67,2.8,3.0,2.67,2.67,2.7273,-0.15
5,1+1+1+1+1,EVE-LEE-LIV-NEW-SUN,EVE,LEE,LIV,NEW,SUN,2.67,2.8,3.0,2.67,2.67,2.7273,-0.15
4,2+1+1+1,EVE-LEE-MCI-MCI-TOT,EVE,LEE,MCI,MCI,TOT,3.0,2.8,3.0,2.33,2.67,2.7273,-0.15
5,1+1+1+1+1,EVE-LEE-MCI-MUN-NEW,EVE,LEE,MCI,MUN,NEW,2.67,2.8,3.0,2.67,2.67,2.7273,-0.15
5,1+1+1+1+1,EVE-LEE-MCI-NEW-SUN,EVE,LEE,MCI,NEW,SUN,2.67,2.8,3.0,2.67,2.67,2.7273,-0.15
4,2+1+1+1,BRE-EVE-EVE-FUL-MUN,BRE,EVE,EVE,FUL,MUN,2.67,2.8,3.0,2.67,2.67,2.7273,-0.1
4,2+1+1+1,BRE-EVE-EVE-MUN-NEW,BRE,EVE,EVE,MUN,NEW,2.67,2.8,3.0,2.67,2.67,2.7273,-0.1
4,2+1+1+1,BRE-EVE-EVE-NEW-SUN,BRE,EVE,EVE,NEW,SUN,2.67,2.8,3.0,2.67,2.67,2.7273,-0.1
4,2+1+1+1,BRE-EVE-FUL-FUL-MUN,BRE,EVE,FUL,FUL,MUN,2.67,2.8,3.0,2.67,2.67,2.7273,-0.1
5,1+1+1+1+1,BRE-EVE-FUL-MUN-NEW,BRE,EVE,FUL,MUN,NEW,2.67,2.8,3.0,2.67,2.67,2.7273,-0.1
4,2+1+1+1,BRE-EVE-MUN-NEW-NEW,BRE,EVE,MUN,NEW,NEW,2.67,2.8,3.0,2.67,2.67,2.7273,-0.1
4,2+1+1+1,BRE-EVE-NEW-NEW-SUN,BRE,EVE,NEW,NEW,SUN,2.67,2.8,3.0,2.67,2.67,2.7273,-0.1
4,2+1+1+1,EVE-EVE-FUL-LIV-MUN,EVE,EVE,FUL,LIV,MUN,2.67,2.8,3.0,2.67,2.67,2.7273,-0.1
4,2+1+1+1,EVE-EVE-FUL-MCI-MUN,EVE,EVE,FUL,MCI,MUN,2.67,2.8,3.0,2.67,2.67,2.7273,-0.1
4,2+1+1+1,EVE-EVE-LIV-MUN-NEW,EVE,EVE,LIV,MUN,NEW,2.67,2.8,3.0,2.67,2.67,2.7273,-0.1
4,2+1+1+1,EVE-EVE-LIV-NEW-SUN,EVE,EVE,LIV,NEW,SUN,2.67,2.8,3.0,2.67,2.67,2.7273,-0.1
4,2+1+1+1,EVE-EVE-MCI-MUN-NEW,EVE,EVE,MCI,MUN,NEW,2.67,2.8,3.0,2.67,2.67,2.7273,-0.1
4,2+1+1+1,EVE-EVE-MCI-NEW-SUN,EVE,EVE,MCI,NEW,SUN,2.67,2.8,3.0,2.67,2.67,2.7273,-0.1
4,2+1+1+1,EVE-FUL-FUL-LIV-MUN,EVE,FUL,FUL,LIV,MUN,2.67,2.8,3.0,2.67,2.67,2.7273,-0.1
4,2+1+1+1,EVE-FUL-FUL-MCI-MUN,EVE,FUL,FUL,MCI,MUN,2.67,2.8,3.0,2.67,2.67,2.7273,-0.1
5,1+1+1+1+1,EVE-FUL-LIV-MUN-NEW,EVE,FUL,LIV,MUN,NEW,2.67,2.8,3.0,2.67,2.67,2.7273,-0.1
5,1+1+1+1+1,EVE-FUL-MCI-MUN-NEW,EVE,FUL,MCI,MUN,NEW,2.67,2.8,3.0,2.67,2.67,2.7273,-0.1
4,2+1+1+1,EVE-HUL-LEE-LIV-LIV,EVE,HUL,LEE,LIV,LIV,3.0,2.8,3.0,2.33,2.67,2.7273,-0.1
5,1+1+1+1+1,EVE-HUL-LEE-LIV-MCI,EVE,HUL,LEE,LIV,MCI,3.0,2.8,3.0,2.33,2.67,2.7273,-0.1
4,2+1+1+1,EVE-HUL-LEE-MCI-MCI,EVE,HUL,LEE,MCI,MCI,3.0,2.8,3.0,2.33,2.67,2.7273,-0.1
4,2+1+1+1,EVE-LIV-MUN-NEW-NEW,EVE,LIV,MUN,NEW,NEW,2.67,2.8,3.0,2.67,2.67,2.7273,-0.1
4,2+1+1+1,EVE-LIV-NEW-NEW-SUN,EVE,LIV,NEW,NEW,SUN,2.67,2.8,3.0,2.67,2.67,2.7273,-0.1
4,2+1+1+1,EVE-MCI-MUN-NEW-NEW,EVE,MCI,MUN,NEW,NEW,2.67,2.8,3.0,2.67,2.67,2.7273,-0.1
4,2+1+1+1,EVE-MCI-NEW-NEW-SUN,EVE,MCI,NEW,NEW,SUN,2.67,2.8,3.0,2.67,2.67,2.7273,-0.1
4,2+1+1+1,BRE-BRE-COV-EVE-FUL,BRE,BRE,COV,EVE,FUL,3.0,2.8,3.0,2.33,2.67,2.7273,-0.05
4,2+1+1+1,BRE-BRE-COV-EVE-NEW,BRE,BRE,COV,EVE,NEW,3.0,2.8,3.0,2.33,2.67,2.7273,-0.05
4,2+1+1+1,BRE-BRE-EVE-FUL-TOT,BRE,BRE,EVE,FUL,TOT,3.0,2.8,3.0,2.33,2.67,2.7273,-0.05
5,1+1+1+1+1,BRE-COV-EVE-FUL-LIV,BRE,COV,EVE,FUL,LIV,3.0,2.8,3.0,2.33,2.67,2.7273,-0.05
5,1+1+1+1+1,BRE-COV-EVE-FUL-MCI,BRE,COV,EVE,FUL,MCI,3.0,2.8,3.0,2.33,2.67,2.7273,-0.05
5,1+1+1+1+1,BRE-COV-EVE-LIV-NEW,BRE,COV,EVE,LIV,NEW,3.0,2.8,3.0,2.33,2.67,2.7273,-0.05
5,1+1+1+1+1,BRE-COV-EVE-MCI-NEW,BRE,COV,EVE,MCI,NEW,3.0,2.8,3.0,2.33,2.67,2.7273,-0.05
5,1+1+1+1+1,BRE-EVE-FUL-LIV-TOT,BRE,EVE,FUL,LIV,TOT,3.0,2.8,3.0,2.33,2.67,2.7273,-0.05
5,1+1+1+1+1,BRE-EVE-FUL-MCI-TOT,BRE,EVE,FUL,MCI,TOT,3.0,2.8,3.0,2.33,2.67,2.7273,-0.05
4,2+1+1+1,COV-EVE-FUL-LIV-LIV,COV,EVE,FUL,LIV,LIV,3.0,2.8,3.0,2.33,2.67,2.7273,-0.05
5,1+1+1+1+1,COV-EVE-FUL-LIV-MCI,COV,EVE,FUL,LIV,MCI,3.0,2.8,3.0,2.33,2.67,2.7273,-0.05
4,2+1+1+1,COV-EVE-FUL-MCI-MCI,COV,EVE,FUL,MCI,MCI,3.0,2.8,3.0,2.33,2.67,2.7273,-0.05
4,2+1+1+1,COV-EVE-LIV-LIV-NEW,COV,EVE,LIV,LIV,NEW,3.0,2.8,3.0,2.33,2.67,2.7273,-0.05
5,1+1+1+1+1,COV-EVE-LIV-MCI-NEW,COV,EVE,LIV,MCI,NEW,3.0,2.8,3.0,2.33,2.67,2.7273,-0.05
4,2+1+1+1,COV-EVE-MCI-MCI-NEW,COV,EVE,MCI,MCI,NEW,3.0,2.8,3.0,2.33,2.67,2.7273,-0.05
4,2+1+1+1,EVE-FUL-LIV-LIV-TOT,EVE,FUL,LIV,LIV,TOT,3.0,2.8,3.0,2.33,2.67,2.7273,-0.05
5,1+1+1+1+1,EVE-FUL-LIV-MCI-TOT,EVE,FUL,LIV,MCI,TOT,3.0,2.8,3.0,2.33,2.67,2.7273,-0.05
4,2+1+1+1,EVE-FUL-MCI-MCI-TOT,EVE,FUL,MCI,MCI,TOT,3.0,2.8,3.0,2.33,2.67,2.7273,-0.05
4,2+1+1+1,BOU-CHE-LEE-LIV-LIV,BOU,CHE,LEE,LIV,LIV,3.0,2.8,3.0,2.33,2.67,2.7273,-0.0079
5,1+1+1+1+1,BOU-CHE-LEE-LIV-MCI,BOU,CHE,LEE,LIV,MCI,3.0,2.8,3.0,2.33,2.67,2.7273,-0.0079
4,2+1+1+1,BOU-CHE-LEE-MCI-MCI,BOU,CHE,LEE,MCI,MCI,3.0,2.8,3.0,2.33,2.67,2.7273,-0.0079
4,2+1+1+1,CHE-FUL-LEE-LIV-LIV,CHE,FUL,LEE,LIV,LIV,3.0,2.8,3.0,2.33,2.67,2.7273,-0.0079
5,1+1+1+1+1,CHE-FUL-LEE-LIV-MCI,CHE,FUL,LEE,LIV,MCI,3.0,2.8,3.0,2.33,2.67,2.7273,-0.0079
4,2+1+1+1,CHE-FUL-LEE-MCI-MCI,CHE,FUL,LEE,MCI,MCI,3.0,2.8,3.0,2.33,2.67,2.7273,-0.0079
4,2+1+1+1,CHE-LEE-LIV-LIV-NEW,CHE,LEE,LIV,LIV,NEW,3.0,2.8,3.0,2.33,2.67,2.7273,-0.0079
5,1+1+1+1+1,CHE-LEE-LIV-MCI-NEW,CHE,LEE,LIV,MCI,NEW,3.0,2.8,3.0,2.33,2.67,2.7273,-0.0079
4,2+1+1+1,CHE-LEE-MCI-MCI-NEW,CHE,LEE,MCI,MCI,NEW,3.0,2.8,3.0,2.33,2.67,2.7273,-0.0079
4,2+1+1+1,BOU-BOU-LEE-LIV-MUN,BOU,BOU,LEE,LIV,MUN,2.67,2.8,3.0,2.67,2.67,2.7273,0.0
4,2+1+1+1,BOU-BOU-LEE-LIV-SUN,BOU,BOU,LEE,LIV,SUN,2.67,2.8,3.0,2.67,2.67,2.7273,0.0
4,2+1+1+1,BOU-BOU-LEE-MCI-MUN,BOU,BOU,LEE,MCI,MUN,2.67,2.8,3.0,2.67,2.67,2.7273,0.0
4,2+1+1+1,BOU-BOU-LEE-MCI-SUN,BOU,BOU,LEE,MCI,SUN,2.67,2.8,3.0,2.67,2.67,2.7273,0.0
5,1+1+1+1+1,BOU-FUL-LEE-LIV-MUN,BOU,FUL,LEE,LIV,MUN,2.67,2.8,3.0,2.67,2.67,2.7273,0.0
5,1+1+1+1+1,BOU-FUL-LEE-MCI-MUN,BOU,FUL,LEE,MCI,MUN,2.67,2.8,3.0,2.67,2.67,2.7273,0.0
4,2+1+1+1,BOU-LEE-LEE-LIV-MUN,BOU,LEE,LEE,LIV,MUN,2.67,2.8,3.0,2.67,2.67,2.7273,0.0
4,2+1+1+1,BOU-LEE-LEE-LIV-SUN,BOU,LEE,LEE,LIV,SUN,2.67,2.8,3.0,2.67,2.67,2.7273,0.0
4,2+1+1+1,BOU-LEE-LEE-MCI-MUN,BOU,LEE,LEE,MCI,MUN,2.67,2.8,3.0,2.67,2.67,2.7273,0.0
4,2+1+1+1,BOU-LEE-LEE-MCI-SUN,BOU,LEE,LEE,MCI,SUN,2.67,2.8,3.0,2.67,2.67,2.7273,0.0
5,1+1+1+1+1,BOU-LEE-LIV-MUN-NEW,BOU,LEE,LIV,MUN,NEW,2.67,2.8,3.0,2.67,2.67,2.7273,0.0
5,1+1+1+1+1,BOU-LEE-LIV-NEW-SUN,BOU,LEE,LIV,NEW,SUN,2.67,2.8,3.0,2.67,2.67,2.7273,0.0
5,1+1+1+1+1,BOU-LEE-MCI-MUN-NEW,BOU,LEE,MCI,MUN,NEW,2.67,2.8,3.0,2.67,2.67,2.7273,0.0
5,1+1+1+1+1,BOU-LEE-MCI-NEW-SUN,BOU,LEE,MCI,NEW,SUN,2.67,2.8,3.0,2.67,2.67,2.7273,0.0
4,2+1+1+1,EVE-EVE-LEE-LIV-MUN,EVE,EVE,LEE,LIV,MUN,2.67,2.8,3.0,2.67,2.67,2.7273,0.0
4,2+1+1+1,EVE-EVE-LEE-LIV-SUN,EVE,EVE,LEE,LIV,SUN,2.67,2.8,3.0,2.67,2.67,2.7273,0.0
4,2+1+1+1,EVE-EVE-LEE-MCI-MUN,EVE,EVE,LEE,MCI,MUN,2.67,2.8,3.0,2.67,2.67,2.7273,0.0
4,2+1+1+1,EVE-EVE-LEE-MCI-SUN,EVE,EVE,LEE,MCI,SUN,2.67,2.8,3.0,2.67,2.67,2.7273,0.0
4,2+1+1+1,EVE-LEE-LEE-LIV-MUN,EVE,LEE,LEE,LIV,MUN,2.67,2.8,3.0,2.67,2.67,2.7273,0.0
4,2+1+1+1,EVE-LEE-LEE-LIV-SUN,EVE,LEE,LEE,LIV,SUN,2.67,2.8,3.0,2.67,2.67,2.7273,0.0
4,2+1+1+1,EVE-LEE-LEE-MCI-MUN,EVE,LEE,LEE,MCI,MUN,2.67,2.8,3.0,2.67,2.67,2.7273,0.0
4,2+1+1+1,EVE-LEE-LEE-MCI-SUN,EVE,LEE,LEE,MCI,SUN,2.67,2.8,3.0,2.67,2.67,2.7273,0.0
4,2+1+1+1,FUL-FUL-LEE-LIV-MUN,FUL,FUL,LEE,LIV,MUN,2.67,2.8,3.0,2.67,2.67,2.7273,0.0
4,2+1+1+1,FUL-FUL-LEE-MCI-MUN,FUL,FUL,LEE,MCI,MUN,2.67,2.8,3.0,2.67,2.67,2.7273,0.0
4,2+1+1+1,FUL-LEE-LEE-LIV-MUN,FUL,LEE,LEE,LIV,MUN,2.67,2.8,3.0,2.67,2.67,2.7273,0.0
4,2+1+1+1,FUL-LEE-LEE-MCI-MUN,FUL,LEE,LEE,MCI,MUN,2.67,2.8,3.0,2.67,2.67,2.7273,0.0
5,1+1+1+1+1,FUL-LEE-LIV-MUN-NEW,FUL,LEE,LIV,MUN,NEW,2.67,2.8,3.0,2.67,2.67,2.7273,0.0
5,1+1+1+1+1,FUL-LEE-MCI-MUN-NEW,FUL,LEE,MCI,MUN,NEW,2.67,2.8,3.0,2.67,2.67,2.7273,0.0
4,2+1+1+1,LEE-LEE-LIV-MUN-NEW,LEE,LEE,LIV,MUN,NEW,2.67,2.8,3.0,2.67,2.67,2.7273,0.0
4,2+1+1+1,LEE-LEE-LIV-NEW-SUN,LEE,LEE,LIV,NEW,SUN,2.67,2.8,3.0,2.67,2.67,2.7273,0.0
4,2+1+1+1,LEE-LEE-MCI-MUN-NEW,LEE,LEE,MCI,MUN,NEW,2.67,2.8,3.0,2.67,2.67,2.7273,0.0
4,2+1+1+1,LEE-LEE-MCI-NEW-SUN,LEE,LEE,MCI,NEW,SUN,2.67,2.8,3.0,2.67,2.67,2.7273,0.0
4,2+1+1+1,LEE-LIV-MUN-NEW-NEW,LEE,LIV,MUN,NEW,NEW,2.67,2.8,3.0,2.67,2.67,2.7273,0.0
4,2+1+1+1,LEE-LIV-NEW-NEW-SUN,LEE,LIV,NEW,NEW,SUN,2.67,2.8,3.0,2.67,2.67,2.7273,0.0
4,2+1+1+1,LEE-MCI-MUN-NEW-NEW,LEE,MCI,MUN,NEW,NEW,2.67,2.8,3.0,2.67,2.67,2.7273,0.0
4,2+1+1+1,LEE-MCI-NEW-NEW-SUN,LEE,MCI,NEW,NEW,SUN,2.67,2.8,3.0,2.67,2.67,2.7273,0.0
3,2+2+1,CHE-LEE-LEE-LIV-LIV,CHE,LEE,LEE,LIV,LIV,3.0,2.8,3.0,2.33,2.67,2.7273,0.011
4,2+1+1+1,CHE-LEE-LEE-LIV-MCI,CHE,LEE,LEE,LIV,MCI,3.0,2.8,3.0,2.33,2.67,2.7273,0.011
3,2+2+1,CHE-LEE-LEE-MCI-MCI,CHE,LEE,LEE,MCI,MCI,3.0,2.8,3.0,2.33,2.67,2.7273,0.011
4,2+1+1+1,BRE-BRE-EVE-FUL-HUL,BRE,BRE,EVE,FUL,HUL,3.0,2.8,3.0,2.33,2.67,2.7273,0.0366
4,2+1+1+1,BRE-BRE-EVE-HUL-NEW,BRE,BRE,EVE,HUL,NEW,3.0,2.8,3.0,2.33,2.67,2.7273,0.0366
5,1+1+1+1+1,BRE-EVE-FUL-HUL-LIV,BRE,EVE,FUL,HUL,LIV,3.0,2.8,3.0,2.33,2.67,2.7273,0.0366
5,1+1+1+1+1,BRE-EVE-FUL-HUL-MCI,BRE,EVE,FUL,HUL,MCI,3.0,2.8,3.0,2.33,2.67,2.7273,0.0366
5,1+1+1+1+1,BRE-EVE-HUL-LIV-NEW,BRE,EVE,HUL,LIV,NEW,3.0,2.8,3.0,2.33,2.67,2.7273,0.0366
5,1+1+1+1+1,BRE-EVE-HUL-MCI-NEW,BRE,EVE,HUL,MCI,NEW,3.0,2.8,3.0,2.33,2.67,2.7273,0.0366
4,2+1+1+1,EVE-FUL-HUL-LIV-LIV,EVE,FUL,HUL,LIV,LIV,3.0,2.8,3.0,2.33,2.67,2.7273,0.0366
5,1+1+1+1+1,EVE-FUL-HUL-LIV-MCI,EVE,FUL,HUL,LIV,MCI,3.0,2.8,3.0,2.33,2.67,2.7273,0.0366
4,2+1+1+1,EVE-FUL-HUL-MCI-MCI,EVE,FUL,HUL,MCI,MCI,3.0,2.8,3.0,2.33,2.67,2.7273,0.0366
4,2+1+1+1,EVE-HUL-LIV-LIV-NEW,EVE,HUL,LIV,LIV,NEW,3.0,2.8,3.0,2.33,2.67,2.7273,0.0366
5,1+1+1+1+1,EVE-HUL-LIV-MCI-NEW,EVE,HUL,LIV,MCI,NEW,3.0,2.8,3.0,2.33,2.67,2.7273,0.0366
4,2+1+1+1,EVE-HUL-MCI-MCI-NEW,EVE,HUL,MCI,MCI,NEW,3.0,2.8,3.0,2.33,2.67,2.7273,0.0366
3,2+2+1,COV-LEE-LEE-LIV-LIV,COV,LEE,LEE,LIV,LIV,3.0,2.8,3.0,2.33,2.67,2.7273,0.1
4,2+1+1+1,COV-LEE-LEE-LIV-MCI,COV,LEE,LEE,LIV,MCI,3.0,2.8,3.0,2.33,2.67,2.7273,0.1
3,2+2+1,COV-LEE-LEE-MCI-MCI,COV,LEE,LEE,MCI,MCI,3.0,2.8,3.0,2.33,2.67,2.7273,0.1
3,2+2+1,LEE-LEE-LIV-LIV-TOT,LEE,LEE,LIV,LIV,TOT,3.0,2.8,3.0,2.33,2.67,2.7273,0.1
4,2+1+1+1,LEE-LEE-LIV-MCI-TOT,LEE,LEE,LIV,MCI,TOT,3.0,2.8,3.0,2.33,2.67,2.7273,0.1
3,2+2+1,LEE-LEE-MCI-MCI-TOT,LEE,LEE,MCI,MCI,TOT,3.0,2.8,3.0,2.33,2.67,2.7273,0.1
4,2+1+1+1,BOU-COV-LEE-LIV-LIV,BOU,COV,LEE,LIV,LIV,3.0,2.8,3.0,2.33,2.67,2.7273,0.15
5,1+1+1+1+1,BOU-COV-LEE-LIV-MCI,BOU,COV,LEE,LIV,MCI,3.0,2.8,3.0,2.33,2.67,2.7273,0.15
4,2+1+1+1,BOU-COV-LEE-MCI-MCI,BOU,COV,LEE,MCI,MCI,3.0,2.8,3.0,2.33,2.67,2.7273,0.15
4,2+1+1+1,BOU-LEE-LIV-LIV-TOT,BOU,LEE,LIV,LIV,TOT,3.0,2.8,3.0,2.33,2.67,2.7273,0.15
5,1+1+1+1+1,BOU-LEE-LIV-MCI-TOT,BOU,LEE,LIV,MCI,TOT,3.0,2.8,3.0,2.33,2.67,2.7273,0.15
4,2+1+1+1,BOU-LEE-MCI-MCI-TOT,BOU,LEE,MCI,MCI,TOT,3.0,2.8,3.0,2.33,2.67,2.7273,0.15
4,2+1+1+1,COV-FUL-LEE-LIV-LIV,COV,FUL,LEE,LIV,LIV,3.0,2.8,3.0,2.33,2.67,2.7273,0.15
5,1+1+1+1+1,COV-FUL-LEE-LIV-MCI,COV,FUL,LEE,LIV,MCI,3.0,2.8,3.0,2.33,2.67,2.7273,0.15
4,2+1+1+1,COV-FUL-LEE-MCI-MCI,COV,FUL,LEE,MCI,MCI,3.0,2.8,3.0,2.33,2.67,2.7273,0.15
4,2+1+1+1,COV-LEE-LIV-LIV-NEW,COV,LEE,LIV,LIV,NEW,3.0,2.8,3.0,2.33,2.67,2.7273,0.15
5,1+1+1+1+1,COV-LEE-LIV-MCI-NEW,COV,LEE,LIV,MCI,NEW,3.0,2.8,3.0,2.33,2.67,2.7273,0.15
4,2+1+1+1,COV-LEE-MCI-MCI-NEW,COV,LEE,MCI,MCI,NEW,3.0,2.8,3.0,2.33,2.67,2.7273,0.15
4,2+1+1+1,FUL-LEE-LIV-LIV-TOT,FUL,LEE,LIV,LIV,TOT,3.0,2.8,3.0,2.33,2.67,2.7273,0.15
5,1+1+1+1+1,FUL-LEE-LIV-MCI-TOT,FUL,LEE,LIV,MCI,TOT,3.0,2.8,3.0,2.33,2.67,2.7273,0.15
4,2+1+1+1,FUL-LEE-MCI-MCI-TOT,FUL,LEE,MCI,MCI,TOT,3.0,2.8,3.0,2.33,2.67,2.7273,0.15
3,2+2+1,BOU-BOU-BRE-BRE-CHE,BOU,BOU,BRE,BRE,CHE,3.0,2.8,3.0,2.33,2.67,2.7273,0.1732
4,2+1+1+1,BOU-BOU-BRE-CHE-LIV,BOU,BOU,BRE,CHE,LIV,3.0,2.8,3.0,2.33,2.67,2.7273,0.1732
4,2+1+1+1,BOU-BOU-BRE-CHE-MCI,BOU,BOU,BRE,CHE,MCI,3.0,2.8,3.0,2.33,2.67,2.7273,0.1732
3,2+2+1,BOU-BOU-CHE-LIV-LIV,BOU,BOU,CHE,LIV,LIV,3.0,2.8,3.0,2.33,2.67,2.7273,0.1732
4,2+1+1+1,BOU-BOU-CHE-LIV-MCI,BOU,BOU,CHE,LIV,MCI,3.0,2.8,3.0,2.33,2.67,2.7273,0.1732
3,2+2+1,BOU-BOU-CHE-MCI-MCI,BOU,BOU,CHE,MCI,MCI,3.0,2.8,3.0,2.33,2.67,2.7273,0.1732
4,2+1+1+1,BOU-BRE-BRE-CHE-FUL,BOU,BRE,BRE,CHE,FUL,3.0,2.8,3.0,2.33,2.67,2.7273,0.1732
4,2+1+1+1,BOU-BRE-BRE-CHE-NEW,BOU,BRE,BRE,CHE,NEW,3.0,2.8,3.0,2.33,2.67,2.7273,0.1732
5,1+1+1+1+1,BOU-BRE-CHE-FUL-LIV,BOU,BRE,CHE,FUL,LIV,3.0,2.8,3.0,2.33,2.67,2.7273,0.1732
5,1+1+1+1+1,BOU-BRE-CHE-FUL-MCI,BOU,BRE,CHE,FUL,MCI,3.0,2.8,3.0,2.33,2.67,2.7273,0.1732
5,1+1+1+1+1,BOU-BRE-CHE-LIV-NEW,BOU,BRE,CHE,LIV,NEW,3.0,2.8,3.0,2.33,2.67,2.7273,0.1732
5,1+1+1+1+1,BOU-BRE-CHE-MCI-NEW,BOU,BRE,CHE,MCI,NEW,3.0,2.8,3.0,2.33,2.67,2.7273,0.1732
4,2+1+1+1,BOU-CHE-FUL-LIV-LIV,BOU,CHE,FUL,LIV,LIV,3.0,2.8,3.0,2.33,2.67,2.7273,0.1732
5,1+1+1+1+1,BOU-CHE-FUL-LIV-MCI,BOU,CHE,FUL,LIV,MCI,3.0,2.8,3.0,2.33,2.67,2.7273,0.1732
4,2+1+1+1,BOU-CHE-FUL-MCI-MCI,BOU,CHE,FUL,MCI,MCI,3.0,2.8,3.0,2.33,2.67,2.7273,0.1732
4,2+1+1+1,BOU-CHE-LIV-LIV-NEW,BOU,CHE,LIV,LIV,NEW,3.0,2.8,3.0,2.33,2.67,2.7273,0.1732
5,1+1+1+1+1,BOU-CHE-LIV-MCI-NEW,BOU,CHE,LIV,MCI,NEW,3.0,2.8,3.0,2.33,2.67,2.7273,0.1732
4,2+1+1+1,BOU-CHE-MCI-MCI-NEW,BOU,CHE,MCI,MCI,NEW,3.0,2.8,3.0,2.33,2.67,2.7273,0.1732
3,2+2+1,BRE-BRE-CHE-FUL-FUL,BRE,BRE,CHE,FUL,FUL,3.0,2.8,3.0,2.33,2.67,2.7273,0.1732
4,2+1+1+1,BRE-BRE-CHE-FUL-NEW,BRE,BRE,CHE,FUL,NEW,3.0,2.8,3.0,2.33,2.67,2.7273,0.1732
3,2+2+1,BRE-BRE-CHE-NEW-NEW,BRE,BRE,CHE,NEW,NEW,3.0,2.8,3.0,2.33,2.67,2.7273,0.1732
4,2+1+1+1,BRE-CHE-FUL-FUL-LIV,BRE,CHE,FUL,FUL,LIV,3.0,2.8,3.0,2.33,2.67,2.7273,0.1732
4,2+1+1+1,BRE-CHE-FUL-FUL-MCI,BRE,CHE,FUL,FUL,MCI,3.0,2.8,3.0,2.33,2.67,2.7273,0.1732
5,1+1+1+1+1,BRE-CHE-FUL-LIV-NEW,BRE,CHE,FUL,LIV,NEW,3.0,2.8,3.0,2.33,2.67,2.7273,0.1732
5,1+1+1+1+1,BRE-CHE-FUL-MCI-NEW,BRE,CHE,FUL,MCI,NEW,3.0,2.8,3.0,2.33,2.67,2.7273,0.1732
4,2+1+1+1,BRE-CHE-LIV-NEW-NEW,BRE,CHE,LIV,NEW,NEW,3.0,2.8,3.0,2.33,2.67,2.7273,0.1732
4,2+1+1+1,BRE-CHE-MCI-NEW-NEW,BRE,CHE,MCI,NEW,NEW,3.0,2.8,3.0,2.33,2.67,2.7273,0.1732
3,2+2+1,CHE-FUL-FUL-LIV-LIV,CHE,FUL,FUL,LIV,LIV,3.0,2.8,3.0,2.33,2.67,2.7273,0.1732
4,2+1+1+1,CHE-FUL-FUL-LIV-MCI,CHE,FUL,FUL,LIV,MCI,3.0,2.8,3.0,2.33,2.67,2.7273,0.1732
3,2+2+1,CHE-FUL-FUL-MCI-MCI,CHE,FUL,FUL,MCI,MCI,3.0,2.8,3.0,2.33,2.67,2.7273,0.1732
4,2+1+1+1,CHE-FUL-LIV-LIV-NEW,CHE,FUL,LIV,LIV,NEW,3.0,2.8,3.0,2.33,2.67,2.7273,0.1732
5,1+1+1+1+1,CHE-FUL-LIV-MCI-NEW,CHE,FUL,LIV,MCI,NEW,3.0,2.8,3.0,2.33,2.67,2.7273,0.1732
4,2+1+1+1,CHE-FUL-MCI-MCI-NEW,CHE,FUL,MCI,MCI,NEW,3.0,2.8,3.0,2.33,2.67,2.7273,0.1732
3,2+2+1,CHE-LIV-LIV-NEW-NEW,CHE,LIV,LIV,NEW,NEW,3.0,2.8,3.0,2.33,2.67,2.7273,0.1732
4,2+1+1+1,CHE-LIV-MCI-NEW-NEW,CHE,LIV,MCI,NEW,NEW,3.0,2.8,3.0,2.33,2.67,2.7273,0.1732
3,2+2+1,CHE-MCI-MCI-NEW-NEW,CHE,MCI,MCI,NEW,NEW,3.0,2.8,3.0,2.33,2.67,2.7273,0.1732
3,2+2+1,HUL-LEE-LEE-LIV-LIV,HUL,LEE,LEE,LIV,LIV,3.0,2.8,3.0,2.33,2.67,2.7273,0.2
4,2+1+1+1,HUL-LEE-LEE-LIV-MCI,HUL,LEE,LEE,LIV,MCI,3.0,2.8,3.0,2.33,2.67,2.7273,0.2
3,2+2+1,HUL-LEE-LEE-MCI-MCI,HUL,LEE,LEE,MCI,MCI,3.0,2.8,3.0,2.33,2.67,2.7273,0.2
3,3+1+1,LEE-LEE-LEE-LIV-MUN,LEE,LEE,LEE,LIV,MUN,2.67,2.8,3.0,2.67,2.67,2.7273,0.2
3,3+1+1,LEE-LEE-LEE-LIV-SUN,LEE,LEE,LEE,LIV,SUN,2.67,2.8,3.0,2.67,2.67,2.7273,0.2
3,3+1+1,LEE-LEE-LEE-MCI-MUN,LEE,LEE,LEE,MCI,MUN,2.67,2.8,3.0,2.67,2.67,2.7273,0.2
3,3+1+1,LEE-LEE-LEE-MCI-SUN,LEE,LEE,LEE,MCI,SUN,2.67,2.8,3.0,2.67,2.67,2.7273,0.2
4,2+1+1+1,BOU-HUL-LEE-LIV-LIV,BOU,HUL,LEE,LIV,LIV,3.0,2.8,3.0,2.33,2.67,2.7273,0.2866
5,1+1+1+1+1,BOU-HUL-LEE-LIV-MCI,BOU,HUL,LEE,LIV,MCI,3.0,2.8,3.0,2.33,2.67,2.7273,0.2866
4,2+1+1+1,BOU-HUL-LEE-MCI-MCI,BOU,HUL,LEE,MCI,MCI,3.0,2.8,3.0,2.33,2.67,2.7273,0.2866
4,2+1+1+1,FUL-HUL-LEE-LIV-LIV,FUL,HUL,LEE,LIV,LIV,3.0,2.8,3.0,2.33,2.67,2.7273,0.2866
5,1+1+1+1+1,FUL-HUL-LEE-LIV-MCI,FUL,HUL,LEE,LIV,MCI,3.0,2.8,3.0,2.33,2.67,2.7273,0.2866
4,2+1+1+1,FUL-HUL-LEE-MCI-MCI,FUL,HUL,LEE,MCI,MCI,3.0,2.8,3.0,2.33,2.67,2.7273,0.2866
4,2+1+1+1,HUL-LEE-LIV-LIV-NEW,HUL,LEE,LIV,LIV,NEW,3.0,2.8,3.0,2.33,2.67,2.7273,0.2866
5,1+1+1+1+1,HUL-LEE-LIV-MCI-NEW,HUL,LEE,LIV,MCI,NEW,3.0,2.8,3.0,2.33,2.67,2.7273,0.2866
4,2+1+1+1,HUL-LEE-MCI-MCI-NEW,HUL,LEE,MCI,MCI,NEW,3.0,2.8,3.0,2.33,2.67,2.7273,0.2866
3,2+2+1,BOU-BOU-BRE-BRE-TOT,BOU,BOU,BRE,BRE,TOT,3.0,2.8,3.0,2.33,2.67,2.7273,0.4
4,2+1+1+1,BOU-BOU-BRE-LIV-TOT,BOU,BOU,BRE,LIV,TOT,3.0,2.8,3.0,2.33,2.67,2.7273,0.4
4,2+1+1+1,BOU-BOU-BRE-MCI-TOT,BOU,BOU,BRE,MCI,TOT,3.0,2.8,3.0,2.33,2.67,2.7273,0.4
3,2+2+1,BOU-BOU-LIV-LIV-TOT,BOU,BOU,LIV,LIV,TOT,3.0,2.8,3.0,2.33,2.67,2.7273,0.4
4,2+1+1+1,BOU-BOU-LIV-MCI-TOT,BOU,BOU,LIV,MCI,TOT,3.0,2.8,3.0,2.33,2.67,2.7273,0.4
3,2+2+1,BOU-BOU-MCI-MCI-TOT,BOU,BOU,MCI,MCI,TOT,3.0,2.8,3.0,2.33,2.67,2.7273,0.4
4,2+1+1+1,BOU-BRE-BRE-FUL-TOT,BOU,BRE,BRE,FUL,TOT,3.0,2.8,3.0,2.33,2.67,2.7273,0.4
5,1+1+1+1+1,BOU-BRE-FUL-LIV-TOT,BOU,BRE,FUL,LIV,TOT,3.0,2.8,3.0,2.33,2.67,2.7273,0.4
5,1+1+1+1+1,BOU-BRE-FUL-MCI-TOT,BOU,BRE,FUL,MCI,TOT,3.0,2.8,3.0,2.33,2.67,2.7273,0.4
4,2+1+1+1,BOU-FUL-LIV-LIV-TOT,BOU,FUL,LIV,LIV,TOT,3.0,2.8,3.0,2.33,2.67,2.7273,0.4
5,1+1+1+1+1,BOU-FUL-LIV-MCI-TOT,BOU,FUL,LIV,MCI,TOT,3.0,2.8,3.0,2.33,2.67,2.7273,0.4
4,2+1+1+1,BOU-FUL-MCI-MCI-TOT,BOU,FUL,MCI,MCI,TOT,3.0,2.8,3.0,2.33,2.67,2.7273,0.4
3,2+2+1,BRE-BRE-FUL-FUL-TOT,BRE,BRE,FUL,FUL,TOT,3.0,2.8,3.0,2.33,2.67,2.7273,0.4
4,2+1+1+1,BRE-FUL-FUL-LIV-TOT,BRE,FUL,FUL,LIV,TOT,3.0,2.8,3.0,2.33,2.67,2.7273,0.4
4,2+1+1+1,BRE-FUL-FUL-MCI-TOT,BRE,FUL,FUL,MCI,TOT,3.0,2.8,3.0,2.33,2.67,2.7273,0.4
3,2+2+1,FUL-FUL-LIV-LIV-TOT,FUL,FUL,LIV,LIV,TOT,3.0,2.8,3.0,2.33,2.67,2.7273,0.4
4,2+1+1+1,FUL-FUL-LIV-MCI-TOT,FUL,FUL,LIV,MCI,TOT,3.0,2.8,3.0,2.33,2.67,2.7273,0.4
3,2+2+1,FUL-FUL-MCI-MCI-TOT,FUL,FUL,MCI,MCI,TOT,3.0,2.8,3.0,2.33,2.67,2.7273,0.4
2,3+2,BRE-BRE-BRE-EVE-EVE,BRE,BRE,BRE,EVE,EVE,3.0,3.0,3.0,2.0,2.5,2.7273,-0.2
3,2+2+1,BRE-BRE-EVE-EVE-LIV,BRE,BRE,EVE,EVE,LIV,3.0,3.0,3.0,2.0,2.5,2.7273,-0.2
3,2+2+1,BRE-BRE-EVE-EVE-MCI,BRE,BRE,EVE,EVE,MCI,3.0,3.0,3.0,2.0,2.5,2.7273,-0.2
3,2+2+1,BRE-EVE-EVE-LIV-LIV,BRE,EVE,EVE,LIV,LIV,3.0,3.0,3.0,2.0,2.5,2.7273,-0.2
4,2+1+1+1,BRE-EVE-EVE-LIV-MCI,BRE,EVE,EVE,LIV,MCI,3.0,3.0,3.0,2.0,2.5,2.7273,-0.2
3,2+2+1,BRE-EVE-EVE-MCI-MCI,BRE,EVE,EVE,MCI,MCI,3.0,3.0,3.0,2.0,2.5,2.7273,-0.2
3,2+2+1,EVE-EVE-LIV-LIV-MCI,EVE,EVE,LIV,LIV,MCI,3.0,3.0,3.0,2.0,2.5,2.7273,-0.2
3,2+2+1,EVE-EVE-LIV-MCI-MCI,EVE,EVE,LIV,MCI,MCI,3.0,3.0,3.0,2.0,2.5,2.7273,-0.2
4,2+1+1+1,EVE-LEE-LIV-LIV-MCI,EVE,LEE,LIV,LIV,MCI,3.0,3.0,3.0,2.0,2.5,2.7273,0.0
4,2+1+1+1,EVE-LEE-LIV-MCI-MCI,EVE,LEE,LIV,MCI,MCI,3.0,3.0,3.0,2.0,2.5,2.7273,0.0
3,3+1+1,BRE-BRE-BRE-EVE-FUL,BRE,BRE,BRE,EVE,FUL,3.0,3.0,3.0,2.0,2.5,2.7273,0.1
3,3+1+1,BRE-BRE-BRE-EVE-NEW,BRE,BRE,BRE,EVE,NEW,3.0,3.0,3.0,2.0,2.5,2.7273,0.1
4,2+1+1+1,BRE-BRE-EVE-FUL-LIV,BRE,BRE,EVE,FUL,LIV,3.0,3.0,3.0,2.0,2.5,2.7273,0.1
4,2+1+1+1,BRE-BRE-EVE-FUL-MCI,BRE,BRE,EVE,FUL,MCI,3.0,3.0,3.0,2.0,2.5,2.7273,0.1
4,2+1+1+1,BRE-BRE-EVE-LIV-NEW,BRE,BRE,EVE,LIV,NEW,3.0,3.0,3.0,2.0,2.5,2.7273,0.1
4,2+1+1+1,BRE-BRE-EVE-MCI-NEW,BRE,BRE,EVE,MCI,NEW,3.0,3.0,3.0,2.0,2.5,2.7273,0.1
4,2+1+1+1,BRE-EVE-FUL-LIV-LIV,BRE,EVE,FUL,LIV,LIV,3.0,3.0,3.0,2.0,2.5,2.7273,0.1
5,1+1+1+1+1,BRE-EVE-FUL-LIV-MCI,BRE,EVE,FUL,LIV,MCI,3.0,3.0,3.0,2.0,2.5,2.7273,0.1
4,2+1+1+1,BRE-EVE-FUL-MCI-MCI,BRE,EVE,FUL,MCI,MCI,3.0,3.0,3.0,2.0,2.5,2.7273,0.1
4,2+1+1+1,BRE-EVE-LIV-LIV-NEW,BRE,EVE,LIV,LIV,NEW,3.0,3.0,3.0,2.0,2.5,2.7273,0.1
5,1+1+1+1+1,BRE-EVE-LIV-MCI-NEW,BRE,EVE,LIV,MCI,NEW,3.0,3.0,3.0,2.0,2.5,2.7273,0.1
4,2+1+1+1,BRE-EVE-MCI-MCI-NEW,BRE,EVE,MCI,MCI,NEW,3.0,3.0,3.0,2.0,2.5,2.7273,0.1
4,2+1+1+1,EVE-FUL-LIV-LIV-MCI,EVE,FUL,LIV,LIV,MCI,3.0,3.0,3.0,2.0,2.5,2.7273,0.1
4,2+1+1+1,EVE-FUL-LIV-MCI-MCI,EVE,FUL,LIV,MCI,MCI,3.0,3.0,3.0,2.0,2.5,2.7273,0.1
4,2+1+1+1,EVE-LIV-LIV-MCI-NEW,EVE,LIV,LIV,MCI,NEW,3.0,3.0,3.0,2.0,2.5,2.7273,0.1
4,2+1+1+1,EVE-LIV-MCI-MCI-NEW,EVE,LIV,MCI,MCI,NEW,3.0,3.0,3.0,2.0,2.5,2.7273,0.1
3,3+1+1,BRE-BRE-BRE-EVE-LIV,BRE,BRE,BRE,EVE,LIV,3.0,3.0,3.0,2.0,2.5,2.7273,0.2
3,3+1+1,BRE-BRE-BRE-EVE-MCI,BRE,BRE,BRE,EVE,MCI,3.0,3.0,3.0,2.0,2.5,2.7273,0.2
3,2+2+1,BRE-BRE-EVE-LIV-LIV,BRE,BRE,EVE,LIV,LIV,3.0,3.0,3.0,2.0,2.5,2.7273,0.2
4,2+1+1+1,BRE-BRE-EVE-LIV-MCI,BRE,BRE,EVE,LIV,MCI,3.0,3.0,3.0,2.0,2.5,2.7273,0.2
3,2+2+1,BRE-BRE-EVE-MCI-MCI,BRE,BRE,EVE,MCI,MCI,3.0,3.0,3.0,2.0,2.5,2.7273,0.2
4,2+1+1+1,BRE-EVE-LIV-LIV-MCI,BRE,EVE,LIV,LIV,MCI,3.0,3.0,3.0,2.0,2.5,2.7273,0.2
4,2+1+1+1,BRE-EVE-LIV-MCI-MCI,BRE,EVE,LIV,MCI,MCI,3.0,3.0,3.0,2.0,2.5,2.7273,0.2
3,2+2+1,EVE-LIV-LIV-MCI-MCI,EVE,LIV,LIV,MCI,MCI,3.0,3.0,3.0,2.0,2.5,2.7273,0.2
3,2+2+1,LEE-LEE-LIV-LIV-MCI,LEE,LEE,LIV,LIV,MCI,3.0,3.0,3.0,2.0,2.5,2.7273,0.4
3,2+2+1,LEE-LEE-LIV-MCI-MCI,LEE,LEE,LIV,MCI,MCI,3.0,3.0,3.0,2.0,2.5,2.7273,0.4
4,2+1+1+1,BOU-LEE-LIV-LIV-MCI,BOU,LEE,LIV,LIV,MCI,3.0,3.0,3.0,2.0,2.5,2.7273,0.45
4,2+1+1+1,BOU-LEE-LIV-MCI-MCI,BOU,LEE,LIV,MCI,MCI,3.0,3.0,3.0,2.0,2.5,2.7273,0.45
4,2+1+1+1,FUL-LEE-LIV-LIV-MCI,FUL,LEE,LIV,LIV,MCI,3.0,3.0,3.0,2.0,2.5,2.7273,0.45
4,2+1+1+1,FUL-LEE-LIV-MCI-MCI,FUL,LEE,LIV,MCI,MCI,3.0,3.0,3.0,2.0,2.5,2.7273,0.45
4,2+1+1+1,LEE-LIV-LIV-MCI-NEW,LEE,LIV,LIV,MCI,NEW,3.0,3.0,3.0,2.0,2.5,2.7273,0.45
4,2+1+1+1,LEE-LIV-MCI-MCI-NEW,LEE,LIV,MCI,MCI,NEW,3.0,3.0,3.0,2.0,2.5,2.7273,0.45
3,2+2+1,LEE-LIV-LIV-MCI-MCI,LEE,LIV,LIV,MCI,MCI,3.0,3.0,3.0,2.0,2.5,2.7273,0.6
2,3+2,BOU-BOU-BRE-BRE-BRE,BOU,BOU,BRE,BRE,BRE,3.0,3.0,3.0,2.0,2.5,2.7273,0.7
3,2+2+1,BOU-BOU-BRE-BRE-LIV,BOU,BOU,BRE,BRE,LIV,3.0,3.0,3.0,2.0,2.5,2.7273,0.7
3,2+2+1,BOU-BOU-BRE-BRE-MCI,BOU,BOU,BRE,BRE,MCI,3.0,3.0,3.0,2.0,2.5,2.7273,0.7
3,2+2+1,BOU-BOU-BRE-LIV-LIV,BOU,BOU,BRE,LIV,LIV,3.0,3.0,3.0,2.0,2.5,2.7273,0.7
4,2+1+1+1,BOU-BOU-BRE-LIV-MCI,BOU,BOU,BRE,LIV,MCI,3.0,3.0,3.0,2.0,2.5,2.7273,0.7
3,2+2+1,BOU-BOU-BRE-MCI-MCI,BOU,BOU,BRE,MCI,MCI,3.0,3.0,3.0,2.0,2.5,2.7273,0.7
3,2+2+1,BOU-BOU-LIV-LIV-MCI,BOU,BOU,LIV,LIV,MCI,3.0,3.0,3.0,2.0,2.5,2.7273,0.7
3,2+2+1,BOU-BOU-LIV-MCI-MCI,BOU,BOU,LIV,MCI,MCI,3.0,3.0,3.0,2.0,2.5,2.7273,0.7
3,3+1+1,BOU-BRE-BRE-BRE-FUL,BOU,BRE,BRE,BRE,FUL,3.0,3.0,3.0,2.0,2.5,2.7273,0.7
3,3+1+1,BOU-BRE-BRE-BRE-NEW,BOU,BRE,BRE,BRE,NEW,3.0,3.0,3.0,2.0,2.5,2.7273,0.7
4,2+1+1+1,BOU-BRE-BRE-FUL-LIV,BOU,BRE,BRE,FUL,LIV,3.0,3.0,3.0,2.0,2.5,2.7273,0.7
4,2+1+1+1,BOU-BRE-BRE-FUL-MCI,BOU,BRE,BRE,FUL,MCI,3.0,3.0,3.0,2.0,2.5,2.7273,0.7
4,2+1+1+1,BOU-BRE-BRE-LIV-NEW,BOU,BRE,BRE,LIV,NEW,3.0,3.0,3.0,2.0,2.5,2.7273,0.7
4,2+1+1+1,BOU-BRE-BRE-MCI-NEW,BOU,BRE,BRE,MCI,NEW,3.0,3.0,3.0,2.0,2.5,2.7273,0.7
4,2+1+1+1,BOU-BRE-FUL-LIV-LIV,BOU,BRE,FUL,LIV,LIV,3.0,3.0,3.0,2.0,2.5,2.7273,0.7
5,1+1+1+1+1,BOU-BRE-FUL-LIV-MCI,BOU,BRE,FUL,LIV,MCI,3.0,3.0,3.0,2.0,2.5,2.7273,0.7
4,2+1+1+1,BOU-BRE-FUL-MCI-MCI,BOU,BRE,FUL,MCI,MCI,3.0,3.0,3.0,2.0,2.5,2.7273,0.7
4,2+1+1+1,BOU-BRE-LIV-LIV-NEW,BOU,BRE,LIV,LIV,NEW,3.0,3.0,3.0,2.0,2.5,2.7273,0.7
5,1+1+1+1+1,BOU-BRE-LIV-MCI-NEW,BOU,BRE,LIV,MCI,NEW,3.0,3.0,3.0,2.0,2.5,2.7273,0.7
4,2+1+1+1,BOU-BRE-MCI-MCI-NEW,BOU,BRE,MCI,MCI,NEW,3.0,3.0,3.0,2.0,2.5,2.7273,0.7
4,2+1+1+1,BOU-FUL-LIV-LIV-MCI,BOU,FUL,LIV,LIV,MCI,3.0,3.0,3.0,2.0,2.5,2.7273,0.7
4,2+1+1+1,BOU-FUL-LIV-MCI-MCI,BOU,FUL,LIV,MCI,MCI,3.0,3.0,3.0,2.0,2.5,2.7273,0.7
4,2+1+1+1,BOU-LIV-LIV-MCI-NEW,BOU,LIV,LIV,MCI,NEW,3.0,3.0,3.0,2.0,2.5,2.7273,0.7
4,2+1+1+1,BOU-LIV-MCI-MCI-NEW,BOU,LIV,MCI,MCI,NEW,3.0,3.0,3.0,2.0,2.5,2.7273,0.7
2,3+2,BRE-BRE-BRE-FUL-FUL,BRE,BRE,BRE,FUL,FUL,3.0,3.0,3.0,2.0,2.5,2.7273,0.7
3,3+1+1,BRE-BRE-BRE-FUL-NEW,BRE,BRE,BRE,FUL,NEW,3.0,3.0,3.0,2.0,2.5,2.7273,0.7
2,3+2,BRE-BRE-BRE-NEW-NEW,BRE,BRE,BRE,NEW,NEW,3.0,3.0,3.0,2.0,2.5,2.7273,0.7
3,2+2+1,BRE-BRE-FUL-FUL-LIV,BRE,BRE,FUL,FUL,LIV,3.0,3.0,3.0,2.0,2.5,2.7273,0.7
3,2+2+1,BRE-BRE-FUL-FUL-MCI,BRE,BRE,FUL,FUL,MCI,3.0,3.0,3.0,2.0,2.5,2.7273,0.7
4,2+1+1+1,BRE-BRE-FUL-LIV-NEW,BRE,BRE,FUL,LIV,NEW,3.0,3.0,3.0,2.0,2.5,2.7273,0.7
4,2+1+1+1,BRE-BRE-FUL-MCI-NEW,BRE,BRE,FUL,MCI,NEW,3.0,3.0,3.0,2.0,2.5,2.7273,0.7
3,2+2+1,BRE-BRE-LIV-NEW-NEW,BRE,BRE,LIV,NEW,NEW,3.0,3.0,3.0,2.0,2.5,2.7273,0.7
3,2+2+1,BRE-BRE-MCI-NEW-NEW,BRE,BRE,MCI,NEW,NEW,3.0,3.0,3.0,2.0,2.5,2.7273,0.7
3,2+2+1,BRE-FUL-FUL-LIV-LIV,BRE,FUL,FUL,LIV,LIV,3.0,3.0,3.0,2.0,2.5,2.7273,0.7
4,2+1+1+1,BRE-FUL-FUL-LIV-MCI,BRE,FUL,FUL,LIV,MCI,3.0,3.0,3.0,2.0,2.5,2.7273,0.7
3,2+2+1,BRE-FUL-FUL-MCI-MCI,BRE,FUL,FUL,MCI,MCI,3.0,3.0,3.0,2.0,2.5,2.7273,0.7
4,2+1+1+1,BRE-FUL-LIV-LIV-NEW,BRE,FUL,LIV,LIV,NEW,3.0,3.0,3.0,2.0,2.5,2.7273,0.7
5,1+1+1+1+1,BRE-FUL-LIV-MCI-NEW,BRE,FUL,LIV,MCI,NEW,3.0,3.0,3.0,2.0,2.5,2.7273,0.7
4,2+1+1+1,BRE-FUL-MCI-MCI-NEW,BRE,FUL,MCI,MCI,NEW,3.0,3.0,3.0,2.0,2.5,2.7273,0.7
3,2+2+1,BRE-LIV-LIV-NEW-NEW,BRE,LIV,LIV,NEW,NEW,3.0,3.0,3.0,2.0,2.5,2.7273,0.7
4,2+1+1+1,BRE-LIV-MCI-NEW-NEW,BRE,LIV,MCI,NEW,NEW,3.0,3.0,3.0,2.0,2.5,2.7273,0.7
3,2+2+1,BRE-MCI-MCI-NEW-NEW,BRE,MCI,MCI,NEW,NEW,3.0,3.0,3.0,2.0,2.5,2.7273,0.7
3,2+2+1,FUL-FUL-LIV-LIV-MCI,FUL,FUL,LIV,LIV,MCI,3.0,3.0,3.0,2.0,2.5,2.7273,0.7
3,2+2+1,FUL-FUL-LIV-MCI-MCI,FUL,FUL,LIV,MCI,MCI,3.0,3.0,3.0,2.0,2.5,2.7273,0.7
4,2+1+1+1,FUL-LIV-LIV-MCI-NEW,FUL,LIV,LIV,MCI,NEW,3.0,3.0,3.0,2.0,2.5,2.7273,0.7
4,2+1+1+1,FUL-LIV-MCI-MCI-NEW,FUL,LIV,MCI,MCI,NEW,3.0,3.0,3.0,2.0,2.5,2.7273,0.7
3,2+2+1,LIV-LIV-MCI-NEW-NEW,LIV,LIV,MCI,NEW,NEW,3.0,3.0,3.0,2.0,2.5,2.7273,0.7
3,2+2+1,LIV-MCI-MCI-NEW-NEW,LIV,MCI,MCI,NEW,NEW,3.0,3.0,3.0,2.0,2.5,2.7273,0.7
3,3+1+1,BOU-BRE-BRE-BRE-LIV,BOU,BRE,BRE,BRE,LIV,3.0,3.0,3.0,2.0,2.5,2.7273,0.8
3,3+1+1,BOU-BRE-BRE-BRE-MCI,BOU,BRE,BRE,BRE,MCI,3.0,3.0,3.0,2.0,2.5,2.7273,0.8
3,2+2+1,BOU-BRE-BRE-LIV-LIV,BOU,BRE,BRE,LIV,LIV,3.0,3.0,3.0,2.0,2.5,2.7273,0.8
4,2+1+1+1,BOU-BRE-BRE-LIV-MCI,BOU,BRE,BRE,LIV,MCI,3.0,3.0,3.0,2.0,2.5,2.7273,0.8
3,2+2+1,BOU-BRE-BRE-MCI-MCI,BOU,BRE,BRE,MCI,MCI,3.0,3.0,3.0,2.0,2.5,2.7273,0.8
4,2+1+1+1,BOU-BRE-LIV-LIV-MCI,BOU,BRE,LIV,LIV,MCI,3.0,3.0,3.0,2.0,2.5,2.7273,0.8
4,2+1+1+1,BOU-BRE-LIV-MCI-MCI,BOU,BRE,LIV,MCI,MCI,3.0,3.0,3.0,2.0,2.5,2.7273,0.8
3,2+2+1,BOU-LIV-LIV-MCI-MCI,BOU,LIV,LIV,MCI,MCI,3.0,3.0,3.0,2.0,2.5,2.7273,0.8
3,3+1+1,BRE-BRE-BRE-FUL-LIV,BRE,BRE,BRE,FUL,LIV,3.0,3.0,3.0,2.0,2.5,2.7273,0.8
3,3+1+1,BRE-BRE-BRE-FUL-MCI,BRE,BRE,BRE,FUL,MCI,3.0,3.0,3.0,2.0,2.5,2.7273,0.8
3,3+1+1,BRE-BRE-BRE-LIV-NEW,BRE,BRE,BRE,LIV,NEW,3.0,3.0,3.0,2.0,2.5,2.7273,0.8
3,3+1+1,BRE-BRE-BRE-MCI-NEW,BRE,BRE,BRE,MCI,NEW,3.0,3.0,3.0,2.0,2.5,2.7273,0.8
3,2+2+1,BRE-BRE-FUL-LIV-LIV,BRE,BRE,FUL,LIV,LIV,3.0,3.0,3.0,2.0,2.5,2.7273,0.8
4,2+1+1+1,BRE-BRE-FUL-LIV-MCI,BRE,BRE,FUL,LIV,MCI,3.0,3.0,3.0,2.0,2.5,2.7273,0.8
3,2+2+1,BRE-BRE-FUL-MCI-MCI,BRE,BRE,FUL,MCI,MCI,3.0,3.0,3.0,2.0,2.5,2.7273,0.8
3,2+2+1,BRE-BRE-LIV-LIV-NEW,BRE,BRE,LIV,LIV,NEW,3.0,3.0,3.0,2.0,2.5,2.7273,0.8
4,2+1+1+1,BRE-BRE-LIV-MCI-NEW,BRE,BRE,LIV,MCI,NEW,3.0,3.0,3.0,2.0,2.5,2.7273,0.8
3,2+2+1,BRE-BRE-MCI-MCI-NEW,BRE,BRE,MCI,MCI,NEW,3.0,3.0,3.0,2.0,2.5,2.7273,0.8
4,2+1+1+1,BRE-FUL-LIV-LIV-MCI,BRE,FUL,LIV,LIV,MCI,3.0,3.0,3.0,2.0,2.5,2.7273,0.8
4,2+1+1+1,BRE-FUL-LIV-MCI-MCI,BRE,FUL,LIV,MCI,MCI,3.0,3.0,3.0,2.0,2.5,2.7273,0.8
4,2+1+1+1,BRE-LIV-LIV-MCI-NEW,BRE,LIV,LIV,MCI,NEW,3.0,3.0,3.0,2.0,2.5,2.7273,0.8
4,2+1+1+1,BRE-LIV-MCI-MCI-NEW,BRE,LIV,MCI,MCI,NEW,3.0,3.0,3.0,2.0,2.5,2.7273,0.8
3,2+2+1,FUL-LIV-LIV-MCI-MCI,FUL,LIV,LIV,MCI,MCI,3.0,3.0,3.0,2.0,2.5,2.7273,0.8
3,2+2+1,LIV-LIV-MCI-MCI-NEW,LIV,LIV,MCI,MCI,NEW,3.0,3.0,3.0,2.0,2.5,2.7273,0.8
2,3+2,BRE-BRE-BRE-LIV-LIV,BRE,BRE,BRE,LIV,LIV,3.0,3.0,3.0,2.0,2.5,2.7273,1.0
3,3+1+1,BRE-BRE-BRE-LIV-MCI,BRE,BRE,BRE,LIV,MCI,3.0,3.0,3.0,2.0,2.5,2.7273,1.0
2,3+2,BRE-BRE-BRE-MCI-MCI,BRE,BRE,BRE,MCI,MCI,3.0,3.0,3.0,2.0,2.5,2.7273,1.0
3,2+2+1,BRE-BRE-LIV-LIV-MCI,BRE,BRE,LIV,LIV,MCI,3.0,3.0,3.0,2.0,2.5,2.7273,1.0
3,2+2+1,BRE-BRE-LIV-MCI-MCI,BRE,BRE,LIV,MCI,MCI,3.0,3.0,3.0,2.0,2.5,2.7273,1.0
3,2+2+1,BRE-LIV-LIV-MCI-MCI,BRE,LIV,LIV,MCI,MCI,3.0,3.0,3.0,2.0,2.5,2.7273,1.0
3,2+2+1,CHE-CHE-COV-COV-MUN,CHE,CHE,COV,COV,MUN,2.67,2.0,2.0,4.33,3.5,2.8182,0.7914
3,2+2+1,CHE-CHE-COV-COV-SUN,CHE,CHE,COV,COV,SUN,2.67,2.0,2.0,4.33,3.5,2.8182,0.7914
3,3+1+1,COV-COV-COV-MUN-TOT,COV,COV,COV,MUN,TOT,3.33,2.0,2.0,3.67,3.5,2.8182,0.8
3,3+1+1,COV-COV-COV-TOT-SUN,COV,COV,COV,TOT,SUN,3.33,2.0,2.0,3.67,3.5,2.8182,0.8
3,3+1+1,BRE-COV-COV-COV-MUN,BRE,COV,COV,COV,MUN,3.33,2.2,3.0,3.33,3.33,2.8182,0.2
3,3+1+1,BRE-COV-COV-COV-SUN,BRE,COV,COV,COV,SUN,3.33,2.2,3.0,3.33,3.33,2.8182,0.2
3,3+1+1,COV-COV-COV-LIV-MUN,COV,COV,COV,LIV,MUN,3.33,2.2,3.0,3.33,3.33,2.8182,0.2
3,3+1+1,COV-COV-COV-LIV-SUN,COV,COV,COV,LIV,SUN,3.33,2.2,3.0,3.33,3.33,2.8182,0.2
3,3+1+1,COV-COV-COV-MCI-MUN,COV,COV,COV,MCI,MUN,3.33,2.2,3.0,3.33,3.33,2.8182,0.2
3,3+1+1,COV-COV-COV-MCI-SUN,COV,COV,COV,MCI,SUN,3.33,2.2,3.0,3.33,3.33,2.8182,0.2
4,2+1+1+1,CHE-COV-COV-FUL-MUN,CHE,COV,COV,FUL,MUN,3.0,2.2,3.0,3.67,3.33,2.8182,0.4768
4,2+1+1+1,CHE-COV-COV-MUN-NEW,CHE,COV,COV,MUN,NEW,3.0,2.2,3.0,3.67,3.33,2.8182,0.4768
4,2+1+1+1,CHE-COV-COV-NEW-SUN,CHE,COV,COV,NEW,SUN,3.0,2.2,3.0,3.67,3.33,2.8182,0.4768
4,2+1+1+1,CHE-CHE-COV-LEE-TOT,CHE,CHE,COV,LEE,TOT,3.0,2.2,3.0,3.67,3.33,2.8182,0.5024
4,2+1+1+1,CHE-COV-COV-LEE-TOT,CHE,COV,COV,LEE,TOT,3.0,2.2,3.0,3.67,3.33,2.8182,0.5268
4,2+1+1+1,BOU-CHE-CHE-COV-TOT,BOU,CHE,CHE,COV,TOT,3.0,2.2,3.0,3.67,3.33,2.8182,0.5646
4,2+1+1+1,CHE-CHE-COV-FUL-TOT,CHE,CHE,COV,FUL,TOT,3.0,2.2,3.0,3.67,3.33,2.8182,0.5646
3,3+1+1,BOU-CHE-HUL-HUL-HUL,BOU,CHE,HUL,HUL,HUL,3.67,2.2,3.0,3.0,3.33,2.8182,0.6391
3,3+1+1,CHE-FUL-HUL-HUL-HUL,CHE,FUL,HUL,HUL,HUL,3.67,2.2,3.0,3.0,3.33,2.8182,0.6391
3,3+1+1,CHE-HUL-HUL-HUL-NEW,CHE,HUL,HUL,HUL,NEW,3.67,2.2,3.0,3.0,3.33,2.8182,0.6391
4,2+1+1+1,CHE-COV-COV-EVE-MUN,CHE,COV,COV,EVE,MUN,2.67,2.2,3.0,4.0,3.33,2.8182,0.7402
4,2+1+1+1,CHE-COV-COV-EVE-SUN,CHE,COV,COV,EVE,SUN,2.67,2.2,3.0,4.0,3.33,2.8182,0.7402
3,2+2+1,BOU-COV-COV-TOT-TOT,BOU,COV,COV,TOT,TOT,3.67,2.2,3.0,3.0,3.33,2.8182,0.8
4,2+1+1+1,CHE-CHE-COV-EVE-MUN,CHE,CHE,COV,EVE,MUN,2.67,2.2,3.0,4.0,3.33,2.8182,0.8292
4,2+1+1+1,CHE-CHE-COV-EVE-SUN,CHE,CHE,COV,EVE,SUN,2.67,2.2,3.0,4.0,3.33,2.8182,0.8292
3,3+1+1,BOU-HUL-HUL-HUL-TOT,BOU,HUL,HUL,HUL,TOT,3.67,2.2,3.0,3.0,3.33,2.8182,0.8696
3,3+1+1,FUL-HUL-HUL-HUL-TOT,FUL,HUL,HUL,HUL,TOT,3.67,2.2,3.0,3.0,3.33,2.8182,0.8696
4,2+1+1+1,CHE-CHE-COV-LEE-LIV,CHE,CHE,COV,LEE,LIV,3.0,2.4,3.0,3.33,3.17,2.8182,0.0122
4,2+1+1+1,CHE-CHE-COV-LEE-MCI,CHE,CHE,COV,LEE,MCI,3.0,2.4,3.0,3.33,3.17,2.8182,0.0122
4,2+1+1+1,CHE-COV-COV-LEE-LIV,CHE,COV,COV,LEE,LIV,3.0,2.4,3.0,3.33,3.17,2.8182,0.0567
4,2+1+1+1,CHE-COV-COV-LEE-MCI,CHE,COV,COV,LEE,MCI,3.0,2.4,3.0,3.33,3.17,2.8182,0.0567
4,2+1+1+1,BOU-BRE-CHE-CHE-COV,BOU,BRE,CHE,CHE,COV,3.0,2.4,3.0,3.33,3.17,2.8182,0.0744
4,2+1+1+1,BOU-CHE-CHE-COV-LIV,BOU,CHE,CHE,COV,LIV,3.0,2.4,3.0,3.33,3.17,2.8182,0.0744
4,2+1+1+1,BOU-CHE-CHE-COV-MCI,BOU,CHE,CHE,COV,MCI,3.0,2.4,3.0,3.33,3.17,2.8182,0.0744
4,2+1+1+1,BRE-CHE-CHE-COV-FUL,BRE,CHE,CHE,COV,FUL,3.0,2.4,3.0,3.33,3.17,2.8182,0.0744
4,2+1+1+1,BRE-CHE-CHE-COV-NEW,BRE,CHE,CHE,COV,NEW,3.0,2.4,3.0,3.33,3.17,2.8182,0.0744
4,2+1+1+1,CHE-CHE-COV-FUL-LIV,CHE,CHE,COV,FUL,LIV,3.0,2.4,3.0,3.33,3.17,2.8182,0.0744
4,2+1+1+1,CHE-CHE-COV-FUL-MCI,CHE,CHE,COV,FUL,MCI,3.0,2.4,3.0,3.33,3.17,2.8182,0.0744
4,2+1+1+1,CHE-CHE-COV-LIV-NEW,CHE,CHE,COV,LIV,NEW,3.0,2.4,3.0,3.33,3.17,2.8182,0.0744
4,2+1+1+1,CHE-CHE-COV-MCI-NEW,CHE,CHE,COV,MCI,NEW,3.0,2.4,3.0,3.33,3.17,2.8182,0.0744
4,2+1+1+1,BOU-COV-COV-LEE-MUN,BOU,COV,COV,LEE,MUN,3.33,2.4,3.0,3.0,3.17,2.8182,0.25
4,2+1+1+1,BOU-COV-COV-LEE-SUN,BOU,COV,COV,LEE,SUN,3.33,2.4,3.0,3.0,3.17,2.8182,0.25
4,2+1+1+1,BOU-BOU-CHE-COV-MUN,BOU,BOU,CHE,COV,MUN,3.33,2.4,3.0,3.0,3.17,2.8182,0.2823
4,2+1+1+1,BOU-BOU-CHE-COV-SUN,BOU,BOU,CHE,COV,SUN,3.33,2.4,3.0,3.0,3.17,2.8182,0.2823
3,3+1+1,EVE-HUL-HUL-HUL-LEE,EVE,HUL,HUL,HUL,LEE,3.33,2.4,3.0,3.0,3.17,2.8182,0.3
4,2+1+1+1,BOU-CHE-HUL-HUL-LEE,BOU,CHE,HUL,HUL,LEE,3.33,2.4,3.0,3.0,3.17,2.8182,0.3198
4,2+1+1+1,CHE-FUL-HUL-HUL-LEE,CHE,FUL,HUL,HUL,LEE,3.33,2.4,3.0,3.0,3.17,2.8182,0.3198
4,2+1+1+1,CHE-HUL-HUL-LEE-NEW,CHE,HUL,HUL,LEE,NEW,3.33,2.4,3.0,3.0,3.17,2.8182,0.3198
4,2+1+1+1,BOU-BRE-COV-COV-TOT,BOU,BRE,COV,COV,TOT,3.67,2.4,3.0,2.67,3.17,2.8182,0.35
4,2+1+1+1,BOU-COV-COV-LIV-TOT,BOU,COV,COV,LIV,TOT,3.67,2.4,3.0,2.67,3.17,2.8182,0.35
4,2+1+1+1,BOU-COV-COV-MCI-TOT,BOU,COV,COV,MCI,TOT,3.67,2.4,3.0,2.67,3.17,2.8182,0.35
4,2+1+1+1,CHE-CHE-EVE-FUL-HUL,CHE,CHE,EVE,FUL,HUL,3.0,2.4,3.0,3.33,3.17,2.8182,0.3533
4,2+1+1+1,CHE-CHE-EVE-HUL-NEW,CHE,CHE,EVE,HUL,NEW,3.0,2.4,3.0,3.33,3.17,2.8182,0.3533
4,2+1+1+1,CHE-CHE-EVE-HUL-LEE,CHE,CHE,EVE,HUL,LEE,3.0,2.4,3.0,3.33,3.17,2.8182,0.3544
3,2+2+1,BOU-BOU-CHE-CHE-HUL,BOU,BOU,CHE,CHE,HUL,3.33,2.4,3.0,3.0,3.17,2.8182,0.3631
4,2+1+1+1,BOU-CHE-CHE-FUL-HUL,BOU,CHE,CHE,FUL,HUL,3.33,2.4,3.0,3.0,3.17,2.8182,0.3631
4,2+1+1+1,BOU-CHE-CHE-HUL-NEW,BOU,CHE,CHE,HUL,NEW,3.33,2.4,3.0,3.0,3.17,2.8182,0.3631
3,2+2+1,CHE-CHE-FUL-FUL-HUL,CHE,CHE,FUL,FUL,HUL,3.33,2.4,3.0,3.0,3.17,2.8182,0.3631
4,2+1+1+1,CHE-CHE-FUL-HUL-NEW,CHE,CHE,FUL,HUL,NEW,3.33,2.4,3.0,3.0,3.17,2.8182,0.3631
3,2+2+1,CHE-CHE-HUL-NEW-NEW,CHE,CHE,HUL,NEW,NEW,3.33,2.4,3.0,3.0,3.17,2.8182,0.3631
4,2+1+1+1,CHE-EVE-FUL-HUL-HUL,CHE,EVE,FUL,HUL,HUL,3.33,2.4,3.0,3.0,3.17,2.8182,0.3643
4,2+1+1+1,CHE-EVE-HUL-HUL-NEW,CHE,EVE,HUL,HUL,NEW,3.33,2.4,3.0,3.0,3.17,2.8182,0.3643
4,2+1+1+1,BOU-BOU-COV-MUN-TOT,BOU,BOU,COV,MUN,TOT,3.33,2.4,3.0,3.0,3.17,2.8182,0.4
4,2+1+1+1,BOU-BOU-COV-TOT-SUN,BOU,BOU,COV,TOT,SUN,3.33,2.4,3.0,3.0,3.17,2.8182,0.4
4,2+1+1+1,COV-COV-EVE-FUL-MUN,COV,COV,EVE,FUL,MUN,3.0,2.4,3.0,3.33,3.17,2.8182,0.4
4,2+1+1+1,COV-COV-EVE-MUN-NEW,COV,COV,EVE,MUN,NEW,3.0,2.4,3.0,3.33,3.17,2.8182,0.4
4,2+1+1+1,COV-COV-EVE-NEW-SUN,COV,COV,EVE,NEW,SUN,3.0,2.4,3.0,3.33,3.17,2.8182,0.4
3,2+2+1,COV-COV-FUL-FUL-MUN,COV,COV,FUL,FUL,MUN,3.33,2.4,3.0,3.0,3.17,2.8182,0.4
4,2+1+1+1,COV-COV-FUL-MUN-NEW,COV,COV,FUL,MUN,NEW,3.33,2.4,3.0,3.0,3.17,2.8182,0.4
3,2+2+1,COV-COV-MUN-NEW-NEW,COV,COV,MUN,NEW,NEW,3.33,2.4,3.0,3.0,3.17,2.8182,0.4
3,2+2+1,COV-COV-NEW-NEW-SUN,COV,COV,NEW,NEW,SUN,3.33,2.4,3.0,3.0,3.17,2.8182,0.4
2,3+2,EVE-EVE-HUL-HUL-HUL,EVE,EVE,HUL,HUL,HUL,3.33,2.4,3.0,3.0,3.17,2.8182,0.4
2,3+2,HUL-HUL-HUL-LEE-LEE,HUL,HUL,HUL,LEE,LEE,3.33,2.4,3.0,3.0,3.17,2.8182,0.4
5,1+1+1+1+1,CHE-COV-EVE-LEE-TOT,CHE,COV,EVE,LEE,TOT,3.0,2.4,3.0,3.33,3.17,2.8182,0.4457
3,2+2+1,BOU-BOU-HUL-HUL-MUN,BOU,BOU,HUL,HUL,MUN,3.33,2.4,3.0,3.0,3.17,2.8182,0.4464
3,2+2+1,BOU-BOU-HUL-HUL-SUN,BOU,BOU,HUL,HUL,SUN,3.33,2.4,3.0,3.0,3.17,2.8182,0.4464
4,2+1+1+1,BOU-FUL-HUL-HUL-MUN,BOU,FUL,HUL,HUL,MUN,3.33,2.4,3.0,3.0,3.17,2.8182,0.4464
4,2+1+1+1,BOU-HUL-HUL-MUN-NEW,BOU,HUL,HUL,MUN,NEW,3.33,2.4,3.0,3.0,3.17,2.8182,0.4464
4,2+1+1+1,BOU-HUL-HUL-NEW-SUN,BOU,HUL,HUL,NEW,SUN,3.33,2.4,3.0,3.0,3.17,2.8182,0.4464
3,2+2+1,FUL-FUL-HUL-HUL-MUN,FUL,FUL,HUL,HUL,MUN,3.33,2.4,3.0,3.0,3.17,2.8182,0.4464
4,2+1+1+1,FUL-HUL-HUL-MUN-NEW,FUL,HUL,HUL,MUN,NEW,3.33,2.4,3.0,3.0,3.17,2.8182,0.4464
3,2+2+1,HUL-HUL-MUN-NEW-NEW,HUL,HUL,MUN,NEW,NEW,3.33,2.4,3.0,3.0,3.17,2.8182,0.4464
3,2+2+1,HUL-HUL-NEW-NEW-SUN,HUL,HUL,NEW,NEW,SUN,3.33,2.4,3.0,3.0,3.17,2.8182,0.4464
4,2+1+1+1,COV-COV-EVE-LEE-TOT,COV,COV,EVE,LEE,TOT,3.0,2.4,3.0,3.33,3.17,2.8182,0.45
4,2+1+1+1,COV-COV-FUL-LEE-TOT,COV,COV,FUL,LEE,TOT,3.33,2.4,3.0,3.0,3.17,2.8182,0.45
4,2+1+1+1,CHE-CHE-EVE-FUL-TOT,CHE,CHE,EVE,FUL,TOT,3.0,2.4,3.0,3.33,3.17,2.8182,0.4524
3,2+2+1,CHE-EVE-EVE-HUL-HUL,CHE,EVE,EVE,HUL,HUL,3.0,2.4,3.0,3.33,3.17,2.8182,0.4544
5,1+1+1+1+1,CHE-COV-EVE-FUL-TOT,CHE,COV,EVE,FUL,TOT,3.0,2.4,3.0,3.33,3.17,2.8182,0.4768
4,2+1+1+1,CHE-CHE-EVE-LEE-TOT,CHE,CHE,EVE,LEE,TOT,3.0,2.4,3.0,3.33,3.17,2.8182,0.4902
4,2+1+1+1,BOU-HUL-HUL-LEE-TOT,BOU,HUL,HUL,LEE,TOT,3.33,2.4,3.0,3.0,3.17,2.8182,0.4964
4,2+1+1+1,EVE-FUL-HUL-HUL-TOT,EVE,FUL,HUL,HUL,TOT,3.33,2.4,3.0,3.0,3.17,2.8182,0.4964
4,2+1+1+1,FUL-HUL-HUL-LEE-TOT,FUL,HUL,HUL,LEE,TOT,3.33,2.4,3.0,3.0,3.17,2.8182,0.4964
5,1+1+1+1+1,BOU-CHE-COV-FUL-TOT,BOU,CHE,COV,FUL,TOT,3.33,2.4,3.0,3.0,3.17,2.8182,0.5134
4,2+1+1+1,CHE-COV-FUL-FUL-TOT,CHE,COV,FUL,FUL,TOT,3.33,2.4,3.0,3.0,3.17,2.8182,0.5134
4,2+1+1+1,BOU-BOU-CHE-HUL-TOT,BOU,BOU,CHE,HUL,TOT,3.33,2.4,3.0,3.0,3.17,2.8182,0.5303
5,1+1+1+1+1,BOU-CHE-FUL-HUL-TOT,BOU,CHE,FUL,HUL,TOT,3.33,2.4,3.0,3.0,3.17,2.8182,0.5303
4,2+1+1+1,CHE-FUL-FUL-HUL-TOT,CHE,FUL,FUL,HUL,TOT,3.33,2.4,3.0,3.0,3.17,2.8182,0.5303
4,2+1+1+1,CHE-EVE-EVE-HUL-TOT,CHE,EVE,EVE,HUL,TOT,3.0,2.4,3.0,3.33,3.17,2.8182,0.5839
3,3+1+1,BOU-BRE-HUL-HUL-HUL,BOU,BRE,HUL,HUL,HUL,3.67,2.4,3.0,2.67,3.17,2.8182,0.6098
3,3+1+1,BOU-HUL-HUL-HUL-LIV,BOU,HUL,HUL,HUL,LIV,3.67,2.4,3.0,2.67,3.17,2.8182,0.6098
3,3+1+1,BOU-HUL-HUL-HUL-MCI,BOU,HUL,HUL,HUL,MCI,3.67,2.4,3.0,2.67,3.17,2.8182,0.6098
3,3+1+1,BRE-FUL-HUL-HUL-HUL,BRE,FUL,HUL,HUL,HUL,3.67,2.4,3.0,2.67,3.17,2.8182,0.6098
3,3+1+1,BRE-HUL-HUL-HUL-NEW,BRE,HUL,HUL,HUL,NEW,3.67,2.4,3.0,2.67,3.17,2.8182,0.6098
3,3+1+1,FUL-HUL-HUL-HUL-LIV,FUL,HUL,HUL,HUL,LIV,3.67,2.4,3.0,2.67,3.17,2.8182,0.6098
3,3+1+1,FUL-HUL-HUL-HUL-MCI,FUL,HUL,HUL,HUL,MCI,3.67,2.4,3.0,2.67,3.17,2.8182,0.6098
3,3+1+1,HUL-HUL-HUL-LIV-NEW,HUL,HUL,HUL,LIV,NEW,3.67,2.4,3.0,2.67,3.17,2.8182,0.6098
3,3+1+1,HUL-HUL-HUL-MCI-NEW,HUL,HUL,HUL,MCI,NEW,3.67,2.4,3.0,2.67,3.17,2.8182,0.6098
4,2+1+1+1,BOU-COV-FUL-TOT-TOT,BOU,COV,FUL,TOT,TOT,3.33,2.4,3.0,3.0,3.17,2.8182,0.7
3,2+2+1,COV-COV-EVE-EVE-MUN,COV,COV,EVE,EVE,MUN,2.67,2.4,3.0,3.67,3.17,2.8182,0.7
3,2+2+1,COV-COV-EVE-EVE-SUN,COV,COV,EVE,EVE,SUN,2.67,2.4,3.0,3.67,3.17,2.8182,0.7
3,2+2+1,COV-EVE-EVE-TOT-TOT,COV,EVE,EVE,TOT,TOT,3.0,2.4,3.0,3.33,3.17,2.8182,0.7
3,2+2+1,COV-FUL-FUL-TOT-TOT,COV,FUL,FUL,TOT,TOT,3.33,2.4,3.0,3.0,3.17,2.8182,0.7
3,2+2+1,CHE-EVE-EVE-TOT-TOT,CHE,EVE,EVE,TOT,TOT,3.0,2.4,3.0,3.33,3.17,2.8182,0.7402
3,2+2+1,BOU-BOU-HUL-TOT-TOT,BOU,BOU,HUL,TOT,TOT,3.33,2.4,3.0,3.0,3.17,2.8182,0.7464
4,2+1+1+1,BOU-FUL-HUL-TOT-TOT,BOU,FUL,HUL,TOT,TOT,3.33,2.4,3.0,3.0,3.17,2.8182,0.7464
3,2+2+1,FUL-FUL-HUL-TOT-TOT,FUL,FUL,HUL,TOT,TOT,3.33,2.4,3.0,3.0,3.17,2.8182,0.7464
4,2+1+1+1,CHE-COV-EVE-EVE-MUN,CHE,COV,EVE,EVE,MUN,2.67,2.4,3.0,3.67,3.17,2.8182,0.8091
4,2+1+1+1,CHE-COV-EVE-EVE-SUN,CHE,COV,EVE,EVE,SUN,2.67,2.4,3.0,3.67,3.17,2.8182,0.8091
3,2+2+1,CHE-CHE-EVE-EVE-MUN,CHE,CHE,EVE,EVE,MUN,2.67,2.4,3.0,3.67,3.17,2.8182,0.9669
3,2+2+1,CHE-CHE-EVE-EVE-SUN,CHE,CHE,EVE,EVE,SUN,2.67,2.4,3.0,3.67,3.17,2.8182,0.9669
4,2+1+1+1,BRE-CHE-CHE-EVE-FUL,BRE,CHE,CHE,EVE,FUL,3.0,2.6,3.0,3.0,3.0,2.8182,-0.0378
4,2+1+1+1,BRE-CHE-CHE-EVE-NEW,BRE,CHE,CHE,EVE,NEW,3.0,2.6,3.0,3.0,3.0,2.8182,-0.0378
4,2+1+1+1,CHE-CHE-EVE-FUL-LIV,CHE,CHE,EVE,FUL,LIV,3.0,2.6,3.0,3.0,3.0,2.8182,-0.0378
4,2+1+1+1,CHE-CHE-EVE-FUL-MCI,CHE,CHE,EVE,FUL,MCI,3.0,2.6,3.0,3.0,3.0,2.8182,-0.0378
4,2+1+1+1,CHE-CHE-EVE-LIV-NEW,CHE,CHE,EVE,LIV,NEW,3.0,2.6,3.0,3.0,3.0,2.8182,-0.0378
4,2+1+1+1,CHE-CHE-EVE-MCI-NEW,CHE,CHE,EVE,MCI,NEW,3.0,2.6,3.0,3.0,3.0,2.8182,-0.0378
5,1+1+1+1+1,CHE-COV-EVE-LEE-LIV,CHE,COV,EVE,LEE,LIV,3.0,2.6,3.0,3.0,3.0,2.8182,-0.0244
5,1+1+1+1+1,CHE-COV-EVE-LEE-MCI,CHE,COV,EVE,LEE,MCI,3.0,2.6,3.0,3.0,3.0,2.8182,-0.0244
4,2+1+1+1,CHE-CHE-EVE-LEE-LIV,CHE,CHE,EVE,LEE,LIV,3.0,2.6,3.0,3.0,3.0,2.8182,0.0
4,2+1+1+1,CHE-CHE-EVE-LEE-MCI,CHE,CHE,EVE,LEE,MCI,3.0,2.6,3.0,3.0,3.0,2.8182,0.0
4,2+1+1+1,COV-COV-EVE-LEE-LIV,COV,COV,EVE,LEE,LIV,3.0,2.6,3.0,3.0,3.0,2.8182,-0.0
4,2+1+1+1,COV-COV-EVE-LEE-MCI,COV,COV,EVE,LEE,MCI,3.0,2.6,3.0,3.0,3.0,2.8182,-0.0
5,1+1+1+1+1,BRE-CHE-COV-EVE-FUL,BRE,CHE,COV,EVE,FUL,3.0,2.6,3.0,3.0,3.0,2.8182,0.0067
5,1+1+1+1+1,BRE-CHE-COV-EVE-NEW,BRE,CHE,COV,EVE,NEW,3.0,2.6,3.0,3.0,3.0,2.8182,0.0067
5,1+1+1+1+1,CHE-COV-EVE-FUL-LIV,CHE,COV,EVE,FUL,LIV,3.0,2.6,3.0,3.0,3.0,2.8182,0.0067
5,1+1+1+1+1,CHE-COV-EVE-FUL-MCI,CHE,COV,EVE,FUL,MCI,3.0,2.6,3.0,3.0,3.0,2.8182,0.0067
5,1+1+1+1+1,CHE-COV-EVE-LIV-NEW,CHE,COV,EVE,LIV,NEW,3.0,2.6,3.0,3.0,3.0,2.8182,0.0067
5,1+1+1+1+1,CHE-COV-EVE-MCI-NEW,CHE,COV,EVE,MCI,NEW,3.0,2.6,3.0,3.0,3.0,2.8182,0.0067
4,2+1+1+1,BRE-CHE-EVE-EVE-HUL,BRE,CHE,EVE,EVE,HUL,3.0,2.6,3.0,3.0,3.0,2.8182,0.0272
4,2+1+1+1,CHE-EVE-EVE-HUL-LIV,CHE,EVE,EVE,HUL,LIV,3.0,2.6,3.0,3.0,3.0,2.8182,0.0272
4,2+1+1+1,CHE-EVE-EVE-HUL-MCI,CHE,EVE,EVE,HUL,MCI,3.0,2.6,3.0,3.0,3.0,2.8182,0.0272
2,3+2,BOU-BOU-BOU-MUN-MUN,BOU,BOU,BOU,MUN,MUN,3.0,2.6,3.0,3.0,3.0,2.8182,0.1
3,3+1+1,BOU-BOU-BOU-MUN-SUN,BOU,BOU,BOU,MUN,SUN,3.0,2.6,3.0,3.0,3.0,2.8182,0.1
2,3+2,BOU-BOU-BOU-SUN-SUN,BOU,BOU,BOU,SUN,SUN,3.0,2.6,3.0,3.0,3.0,2.8182,0.1
4,2+1+1+1,BOU-BOU-BRE-COV-MUN,BOU,BOU,BRE,COV,MUN,3.33,2.6,3.0,2.67,3.0,2.8182,0.1
4,2+1+1+1,BOU-BOU-BRE-COV-SUN,BOU,BOU,BRE,COV,SUN,3.33,2.6,3.0,2.67,3.0,2.8182,0.1
4,2+1+1+1,BOU-BOU-COV-LIV-MUN,BOU,BOU,COV,LIV,MUN,3.33,2.6,3.0,2.67,3.0,2.8182,0.1
4,2+1+1+1,BOU-BOU-COV-LIV-SUN,BOU,BOU,COV,LIV,SUN,3.33,2.6,3.0,2.67,3.0,2.8182,0.1
4,2+1+1+1,BOU-BOU-COV-MCI-MUN,BOU,BOU,COV,MCI,MUN,3.33,2.6,3.0,2.67,3.0,2.8182,0.1
4,2+1+1+1,BOU-BOU-COV-MCI-SUN,BOU,BOU,COV,MCI,SUN,3.33,2.6,3.0,2.67,3.0,2.8182,0.1
4,2+1+1+1,BRE-COV-EVE-EVE-TOT,BRE,COV,EVE,EVE,TOT,3.0,2.6,3.0,3.0,3.0,2.8182,0.1
4,2+1+1+1,COV-EVE-EVE-LIV-TOT,COV,EVE,EVE,LIV,TOT,3.0,2.6,3.0,3.0,3.0,2.8182,0.1
4,2+1+1+1,COV-EVE-EVE-MCI-TOT,COV,EVE,EVE,MCI,TOT,3.0,2.6,3.0,3.0,3.0,2.8182,0.1
4,2+1+1+1,BRE-CHE-EVE-EVE-TOT,BRE,CHE,EVE,EVE,TOT,3.0,2.6,3.0,3.0,3.0,2.8182,0.1201
4,2+1+1+1,CHE-EVE-EVE-LIV-TOT,CHE,EVE,EVE,LIV,TOT,3.0,2.6,3.0,3.0,3.0,2.8182,0.1201
4,2+1+1+1,CHE-EVE-EVE-MCI-TOT,CHE,EVE,EVE,MCI,TOT,3.0,2.6,3.0,3.0,3.0,2.8182,0.1201
3,2+2+1,BOU-BOU-CHE-CHE-LEE,BOU,BOU,CHE,CHE,LEE,3.0,2.6,3.0,3.0,3.0,2.8182,0.1244
4,2+1+1+1,BOU-CHE-CHE-FUL-LEE,BOU,CHE,CHE,FUL,LEE,3.0,2.6,3.0,3.0,3.0,2.8182,0.1244
4,2+1+1+1,BOU-CHE-CHE-LEE-NEW,BOU,CHE,CHE,LEE,NEW,3.0,2.6,3.0,3.0,3.0,2.8182,0.1244
3,2+2+1,CHE-CHE-FUL-FUL-LEE,CHE,CHE,FUL,FUL,LEE,3.0,2.6,3.0,3.0,3.0,2.8182,0.1244
4,2+1+1+1,CHE-CHE-FUL-LEE-NEW,CHE,CHE,FUL,LEE,NEW,3.0,2.6,3.0,3.0,3.0,2.8182,0.1244
3,2+2+1,CHE-CHE-LEE-NEW-NEW,CHE,CHE,LEE,NEW,NEW,3.0,2.6,3.0,3.0,3.0,2.8182,0.1244
5,1+1+1+1+1,CHE-EVE-FUL-HUL-LEE,CHE,EVE,FUL,HUL,LEE,3.0,2.6,3.0,3.0,3.0,2.8182,0.1449
5,1+1+1+1+1,CHE-EVE-HUL-LEE-NEW,CHE,EVE,HUL,LEE,NEW,3.0,2.6,3.0,3.0,3.0,2.8182,0.1449
5,1+1+1+1+1,BOU-COV-FUL-LEE-MUN,BOU,COV,FUL,LEE,MUN,3.0,2.6,3.0,3.0,3.0,2.8182,0.15
5,1+1+1+1+1,BOU-COV-LEE-MUN-NEW,BOU,COV,LEE,MUN,NEW,3.0,2.6,3.0,3.0,3.0,2.8182,0.15
5,1+1+1+1+1,BOU-COV-LEE-NEW-SUN,BOU,COV,LEE,NEW,SUN,3.0,2.6,3.0,3.0,3.0,2.8182,0.15
4,2+1+1+1,COV-COV-FUL-LEE-LIV,COV,COV,FUL,LEE,LIV,3.33,2.6,3.0,2.67,3.0,2.8182,0.15
4,2+1+1+1,COV-COV-FUL-LEE-MCI,COV,COV,FUL,LEE,MCI,3.33,2.6,3.0,2.67,3.0,2.8182,0.15
4,2+1+1+1,COV-COV-LEE-LIV-NEW,COV,COV,LEE,LIV,NEW,3.33,2.6,3.0,2.67,3.0,2.8182,0.15
4,2+1+1+1,COV-COV-LEE-MCI-NEW,COV,COV,LEE,MCI,NEW,3.33,2.6,3.0,2.67,3.0,2.8182,0.15
4,2+1+1+1,COV-FUL-FUL-LEE-MUN,COV,FUL,FUL,LEE,MUN,3.0,2.6,3.0,3.0,3.0,2.8182,0.15
5,1+1+1+1+1,COV-FUL-LEE-MUN-NEW,COV,FUL,LEE,MUN,NEW,3.0,2.6,3.0,3.0,3.0,2.8182,0.15
4,2+1+1+1,COV-LEE-MUN-NEW-NEW,COV,LEE,MUN,NEW,NEW,3.0,2.6,3.0,3.0,3.0,2.8182,0.15
4,2+1+1+1,COV-LEE-NEW-NEW-SUN,COV,LEE,NEW,NEW,SUN,3.0,2.6,3.0,3.0,3.0,2.8182,0.15
3,2+2+1,BOU-CHE-CHE-LEE-LEE,BOU,CHE,CHE,LEE,LEE,3.0,2.6,3.0,3.0,3.0,2.8182,0.1622
3,2+2+1,CHE-CHE-FUL-LEE-LEE,CHE,CHE,FUL,LEE,LEE,3.0,2.6,3.0,3.0,3.0,2.8182,0.1622
3,2+2+1,CHE-CHE-LEE-LEE-NEW,CHE,CHE,LEE,LEE,NEW,3.0,2.6,3.0,3.0,3.0,2.8182,0.1622
4,2+1+1+1,BOU-BOU-HUL-LEE-MUN,BOU,BOU,HUL,LEE,MUN,3.0,2.6,3.0,3.0,3.0,2.8182,0.1732
4,2+1+1+1,BOU-BOU-HUL-LEE-SUN,BOU,BOU,HUL,LEE,SUN,3.0,2.6,3.0,3.0,3.0,2.8182,0.1732
5,1+1+1+1+1,BOU-FUL-HUL-LEE-MUN,BOU,FUL,HUL,LEE,MUN,3.0,2.6,3.0,3.0,3.0,2.8182,0.1732
5,1+1+1+1+1,BOU-HUL-LEE-MUN-NEW,BOU,HUL,LEE,MUN,NEW,3.0,2.6,3.0,3.0,3.0,2.8182,0.1732
5,1+1+1+1+1,BOU-HUL-LEE-NEW-SUN,BOU,HUL,LEE,NEW,SUN,3.0,2.6,3.0,3.0,3.0,2.8182,0.1732
4,2+1+1+1,BRE-EVE-FUL-HUL-HUL,BRE,EVE,FUL,HUL,HUL,3.33,2.6,3.0,2.67,3.0,2.8182,0.1732
4,2+1+1+1,BRE-EVE-HUL-HUL-NEW,BRE,EVE,HUL,HUL,NEW,3.33,2.6,3.0,2.67,3.0,2.8182,0.1732
4,2+1+1+1,EVE-FUL-FUL-HUL-MUN,EVE,FUL,FUL,HUL,MUN,3.0,2.6,3.0,3.0,3.0,2.8182,0.1732
4,2+1+1+1,EVE-FUL-HUL-HUL-LIV,EVE,FUL,HUL,HUL,LIV,3.33,2.6,3.0,2.67,3.0,2.8182,0.1732
4,2+1+1+1,EVE-FUL-HUL-HUL-MCI,EVE,FUL,HUL,HUL,MCI,3.33,2.6,3.0,2.67,3.0,2.8182,0.1732
5,1+1+1+1+1,EVE-FUL-HUL-MUN-NEW,EVE,FUL,HUL,MUN,NEW,3.0,2.6,3.0,3.0,3.0,2.8182,0.1732
4,2+1+1+1,EVE-HUL-HUL-LIV-NEW,EVE,HUL,HUL,LIV,NEW,3.33,2.6,3.0,2.67,3.0,2.8182,0.1732
4,2+1+1+1,EVE-HUL-HUL-MCI-NEW,EVE,HUL,HUL,MCI,NEW,3.33,2.6,3.0,2.67,3.0,2.8182,0.1732
4,2+1+1+1,EVE-HUL-MUN-NEW-NEW,EVE,HUL,MUN,NEW,NEW,3.0,2.6,3.0,3.0,3.0,2.8182,0.1732
4,2+1+1+1,EVE-HUL-NEW-NEW-SUN,EVE,HUL,NEW,NEW,SUN,3.0,2.6,3.0,3.0,3.0,2.8182,0.1732
4,2+1+1+1,FUL-FUL-HUL-LEE-MUN,FUL,FUL,HUL,LEE,MUN,3.0,2.6,3.0,3.0,3.0,2.8182,0.1732
5,1+1+1+1+1,FUL-HUL-LEE-MUN-NEW,FUL,HUL,LEE,MUN,NEW,3.0,2.6,3.0,3.0,3.0,2.8182,0.1732
4,2+1+1+1,HUL-LEE-MUN-NEW-NEW,HUL,LEE,MUN,NEW,NEW,3.0,2.6,3.0,3.0,3.0,2.8182,0.1732
4,2+1+1+1,HUL-LEE-NEW-NEW-SUN,HUL,LEE,NEW,NEW,SUN,3.0,2.6,3.0,3.0,3.0,2.8182,0.1732
4,2+1+1+1,BOU-BOU-CHE-FUL-MUN,BOU,BOU,CHE,FUL,MUN,3.0,2.6,3.0,3.0,3.0,2.8182,0.1878
4,2+1+1+1,BOU-BOU-CHE-MUN-NEW,BOU,BOU,CHE,MUN,NEW,3.0,2.6,3.0,3.0,3.0,2.8182,0.1878
4,2+1+1+1,BOU-BOU-CHE-NEW-SUN,BOU,BOU,CHE,NEW,SUN,3.0,2.6,3.0,3.0,3.0,2.8182,0.1878
4,2+1+1+1,BOU-CHE-FUL-FUL-MUN,BOU,CHE,FUL,FUL,MUN,3.0,2.6,3.0,3.0,3.0,2.8182,0.1878
5,1+1+1+1+1,BOU-CHE-FUL-MUN-NEW,BOU,CHE,FUL,MUN,NEW,3.0,2.6,3.0,3.0,3.0,2.8182,0.1878
4,2+1+1+1,BOU-CHE-MUN-NEW-NEW,BOU,CHE,MUN,NEW,NEW,3.0,2.6,3.0,3.0,3.0,2.8182,0.1878
4,2+1+1+1,BOU-CHE-NEW-NEW-SUN,BOU,CHE,NEW,NEW,SUN,3.0,2.6,3.0,3.0,3.0,2.8182,0.1878
3,3+1+1,CHE-FUL-FUL-FUL-MUN,CHE,FUL,FUL,FUL,MUN,3.0,2.6,3.0,3.0,3.0,2.8182,0.1878
4,2+1+1+1,CHE-FUL-FUL-MUN-NEW,CHE,FUL,FUL,MUN,NEW,3.0,2.6,3.0,3.0,3.0,2.8182,0.1878
4,2+1+1+1,CHE-FUL-MUN-NEW-NEW,CHE,FUL,MUN,NEW,NEW,3.0,2.6,3.0,3.0,3.0,2.8182,0.1878
3,3+1+1,CHE-MUN-NEW-NEW-NEW,CHE,MUN,NEW,NEW,NEW,3.0,2.6,3.0,3.0,3.0,2.8182,0.1878
3,3+1+1,CHE-NEW-NEW-NEW-SUN,CHE,NEW,NEW,NEW,SUN,3.0,2.6,3.0,3.0,3.0,2.8182,0.1878
5,1+1+1+1+1,BOU-BRE-CHE-COV-FUL,BOU,BRE,CHE,COV,FUL,3.33,2.6,3.0,2.67,3.0,2.8182,0.1933
5,1+1+1+1+1,BOU-BRE-CHE-COV-NEW,BOU,BRE,CHE,COV,NEW,3.33,2.6,3.0,2.67,3.0,2.8182,0.1933
5,1+1+1+1+1,BOU-CHE-COV-FUL-LIV,BOU,CHE,COV,FUL,LIV,3.33,2.6,3.0,2.67,3.0,2.8182,0.1933
5,1+1+1+1+1,BOU-CHE-COV-FUL-MCI,BOU,CHE,COV,FUL,MCI,3.33,2.6,3.0,2.67,3.0,2.8182,0.1933
5,1+1+1+1+1,BOU-CHE-COV-LIV-NEW,BOU,CHE,COV,LIV,NEW,3.33,2.6,3.0,2.67,3.0,2.8182,0.1933
5,1+1+1+1+1,BOU-CHE-COV-MCI-NEW,BOU,CHE,COV,MCI,NEW,3.33,2.6,3.0,2.67,3.0,2.8182,0.1933
4,2+1+1+1,BRE-CHE-COV-FUL-FUL,BRE,CHE,COV,FUL,FUL,3.33,2.6,3.0,2.67,3.0,2.8182,0.1933
5,1+1+1+1+1,BRE-CHE-COV-FUL-NEW,BRE,CHE,COV,FUL,NEW,3.33,2.6,3.0,2.67,3.0,2.8182,0.1933
4,2+1+1+1,BRE-CHE-COV-NEW-NEW,BRE,CHE,COV,NEW,NEW,3.33,2.6,3.0,2.67,3.0,2.8182,0.1933
4,2+1+1+1,CHE-COV-FUL-FUL-LIV,CHE,COV,FUL,FUL,LIV,3.33,2.6,3.0,2.67,3.0,2.8182,0.1933
4,2+1+1+1,CHE-COV-FUL-FUL-MCI,CHE,COV,FUL,FUL,MCI,3.33,2.6,3.0,2.67,3.0,2.8182,0.1933
5,1+1+1+1+1,CHE-COV-FUL-LIV-NEW,CHE,COV,FUL,LIV,NEW,3.33,2.6,3.0,2.67,3.0,2.8182,0.1933
5,1+1+1+1+1,CHE-COV-FUL-MCI-NEW,CHE,COV,FUL,MCI,NEW,3.33,2.6,3.0,2.67,3.0,2.8182,0.1933
4,2+1+1+1,CHE-COV-LIV-NEW-NEW,CHE,COV,LIV,NEW,NEW,3.33,2.6,3.0,2.67,3.0,2.8182,0.1933
4,2+1+1+1,CHE-COV-MCI-NEW-NEW,CHE,COV,MCI,NEW,NEW,3.33,2.6,3.0,2.67,3.0,2.8182,0.1933
3,2+2+1,BOU-BRE-BRE-COV-COV,BOU,BRE,BRE,COV,COV,3.67,2.6,3.0,2.33,3.0,2.8182,0.2
4,2+1+1+1,BOU-BRE-COV-COV-LIV,BOU,BRE,COV,COV,LIV,3.67,2.6,3.0,2.33,3.0,2.8182,0.2
4,2+1+1+1,BOU-BRE-COV-COV-MCI,BOU,BRE,COV,COV,MCI,3.67,2.6,3.0,2.33,3.0,2.8182,0.2
3,2+2+1,BOU-COV-COV-LIV-LIV,BOU,COV,COV,LIV,LIV,3.67,2.6,3.0,2.33,3.0,2.8182,0.2
4,2+1+1+1,BOU-COV-COV-LIV-MCI,BOU,COV,COV,LIV,MCI,3.67,2.6,3.0,2.33,3.0,2.8182,0.2
3,2+2+1,BOU-COV-COV-MCI-MCI,BOU,COV,COV,MCI,MCI,3.67,2.6,3.0,2.33,3.0,2.8182,0.2
4,2+1+1+1,COV-EVE-FUL-FUL-MUN,COV,EVE,FUL,FUL,MUN,3.0,2.6,3.0,3.0,3.0,2.8182,0.2
5,1+1+1+1+1,COV-EVE-FUL-MUN-NEW,COV,EVE,FUL,MUN,NEW,3.0,2.6,3.0,3.0,3.0,2.8182,0.2
4,2+1+1+1,COV-EVE-MUN-NEW-NEW,COV,EVE,MUN,NEW,NEW,3.0,2.6,3.0,3.0,3.0,2.8182,0.2
4,2+1+1+1,COV-EVE-NEW-NEW-SUN,COV,EVE,NEW,NEW,SUN,3.0,2.6,3.0,3.0,3.0,2.8182,0.2
3,2+2+1,EVE-EVE-HUL-HUL-LEE,EVE,EVE,HUL,HUL,LEE,3.0,2.6,3.0,3.0,3.0,2.8182,0.2
3,2+2+1,EVE-HUL-HUL-LEE-LEE,EVE,HUL,HUL,LEE,LEE,3.0,2.6,3.0,3.0,3.0,2.8182,0.2
4,2+1+1+1,BOU-CHE-HUL-LEE-LEE,BOU,CHE,HUL,LEE,LEE,3.0,2.6,3.0,3.0,3.0,2.8182,0.2004
4,2+1+1+1,CHE-FUL-HUL-LEE-LEE,CHE,FUL,HUL,LEE,LEE,3.0,2.6,3.0,3.0,3.0,2.8182,0.2004
4,2+1+1+1,CHE-HUL-LEE-LEE-NEW,CHE,HUL,LEE,LEE,NEW,3.0,2.6,3.0,3.0,3.0,2.8182,0.2004
5,1+1+1+1+1,CHE-EVE-FUL-LEE-TOT,CHE,EVE,FUL,LEE,TOT,3.0,2.6,3.0,3.0,3.0,2.8182,0.2012
4,2+1+1+1,BOU-CHE-COV-LEE-LEE,BOU,CHE,COV,LEE,LEE,3.0,2.6,3.0,3.0,3.0,2.8182,0.2067
4,2+1+1+1,BOU-CHE-LEE-LEE-TOT,BOU,CHE,LEE,LEE,TOT,3.0,2.6,3.0,3.0,3.0,2.8182,0.2067
4,2+1+1+1,CHE-COV-FUL-LEE-LEE,CHE,COV,FUL,LEE,LEE,3.0,2.6,3.0,3.0,3.0,2.8182,0.2067
4,2+1+1+1,CHE-COV-LEE-LEE-NEW,CHE,COV,LEE,LEE,NEW,3.0,2.6,3.0,3.0,3.0,2.8182,0.2067
4,2+1+1+1,CHE-FUL-LEE-LEE-TOT,CHE,FUL,LEE,LEE,TOT,3.0,2.6,3.0,3.0,3.0,2.8182,0.2067
5,1+1+1+1+1,EVE-FUL-HUL-LEE-TOT,EVE,FUL,HUL,LEE,TOT,3.0,2.6,3.0,3.0,3.0,2.8182,0.2232
4,2+1+1+1,CHE-EVE-HUL-LEE-LEE,CHE,EVE,HUL,LEE,LEE,3.0,2.6,3.0,3.0,3.0,2.8182,0.2272
4,2+1+1+1,EVE-HUL-LEE-LEE-TOT,EVE,HUL,LEE,LEE,TOT,3.0,2.6,3.0,3.0,3.0,2.8182,0.2366
4,2+1+1+1,BOU-BOU-CHE-LEE-TOT,BOU,BOU,CHE,LEE,TOT,3.0,2.6,3.0,3.0,3.0,2.8182,0.2378
5,1+1+1+1+1,BOU-CHE-FUL-LEE-TOT,BOU,CHE,FUL,LEE,TOT,3.0,2.6,3.0,3.0,3.0,2.8182,0.2378
4,2+1+1+1,CHE-FUL-FUL-LEE-TOT,CHE,FUL,FUL,LEE,TOT,3.0,2.6,3.0,3.0,3.0,2.8182,0.2378
5,1+1+1+1+1,COV-EVE-FUL-LEE-TOT,COV,EVE,FUL,LEE,TOT,3.0,2.6,3.0,3.0,3.0,2.8182,0.25
4,2+1+1+1,EVE-FUL-LEE-TOT-TOT,EVE,FUL,LEE,TOT,TOT,3.0,2.6,3.0,3.0,3.0,2.8182,0.25
4,2+1+1+1,BOU-BOU-BRE-CHE-HUL,BOU,BOU,BRE,CHE,HUL,3.33,2.6,3.0,2.67,3.0,2.8182,0.2737
4,2+1+1+1,BOU-BOU-CHE-HUL-LIV,BOU,BOU,CHE,HUL,LIV,3.33,2.6,3.0,2.67,3.0,2.8182,0.2737
4,2+1+1+1,BOU-BOU-CHE-HUL-MCI,BOU,BOU,CHE,HUL,MCI,3.33,2.6,3.0,2.67,3.0,2.8182,0.2737
5,1+1+1+1+1,BOU-BRE-CHE-FUL-HUL,BOU,BRE,CHE,FUL,HUL,3.33,2.6,3.0,2.67,3.0,2.8182,0.2737
5,1+1+1+1+1,BOU-BRE-CHE-HUL-NEW,BOU,BRE,CHE,HUL,NEW,3.33,2.6,3.0,2.67,3.0,2.8182,0.2737
5,1+1+1+1+1,BOU-CHE-FUL-HUL-LIV,BOU,CHE,FUL,HUL,LIV,3.33,2.6,3.0,2.67,3.0,2.8182,0.2737
5,1+1+1+1+1,BOU-CHE-FUL-HUL-MCI,BOU,CHE,FUL,HUL,MCI,3.33,2.6,3.0,2.67,3.0,2.8182,0.2737
5,1+1+1+1+1,BOU-CHE-HUL-LIV-NEW,BOU,CHE,HUL,LIV,NEW,3.33,2.6,3.0,2.67,3.0,2.8182,0.2737
5,1+1+1+1+1,BOU-CHE-HUL-MCI-NEW,BOU,CHE,HUL,MCI,NEW,3.33,2.6,3.0,2.67,3.0,2.8182,0.2737
4,2+1+1+1,BRE-CHE-FUL-FUL-HUL,BRE,CHE,FUL,FUL,HUL,3.33,2.6,3.0,2.67,3.0,2.8182,0.2737
5,1+1+1+1+1,BRE-CHE-FUL-HUL-NEW,BRE,CHE,FUL,HUL,NEW,3.33,2.6,3.0,2.67,3.0,2.8182,0.2737
4,2+1+1+1,BRE-CHE-HUL-NEW-NEW,BRE,CHE,HUL,NEW,NEW,3.33,2.6,3.0,2.67,3.0,2.8182,0.2737
4,2+1+1+1,CHE-FUL-FUL-HUL-LIV,CHE,FUL,FUL,HUL,LIV,3.33,2.6,3.0,2.67,3.0,2.8182,0.2737
4,2+1+1+1,CHE-FUL-FUL-HUL-MCI,CHE,FUL,FUL,HUL,MCI,3.33,2.6,3.0,2.67,3.0,2.8182,0.2737
5,1+1+1+1+1,CHE-FUL-HUL-LIV-NEW,CHE,FUL,HUL,LIV,NEW,3.33,2.6,3.0,2.67,3.0,2.8182,0.2737
5,1+1+1+1+1,CHE-FUL-HUL-MCI-NEW,CHE,FUL,HUL,MCI,NEW,3.33,2.6,3.0,2.67,3.0,2.8182,0.2737
4,2+1+1+1,CHE-HUL-LIV-NEW-NEW,CHE,HUL,LIV,NEW,NEW,3.33,2.6,3.0,2.67,3.0,2.8182,0.2737
4,2+1+1+1,CHE-HUL-MCI-NEW-NEW,CHE,HUL,MCI,NEW,NEW,3.33,2.6,3.0,2.67,3.0,2.8182,0.2737
4,2+1+1+1,CHE-EVE-FUL-FUL-TOT,CHE,EVE,FUL,FUL,TOT,3.0,2.6,3.0,3.0,3.0,2.8182,0.2823
4,2+1+1+1,EVE-EVE-HUL-LEE-TOT,EVE,EVE,HUL,LEE,TOT,3.0,2.6,3.0,3.0,3.0,2.8182,0.2866
4,2+1+1+1,BOU-COV-LEE-LEE-TOT,BOU,COV,LEE,LEE,TOT,3.0,2.6,3.0,3.0,3.0,2.8182,0.3
3,2+2+1,BOU-LEE-LEE-TOT-TOT,BOU,LEE,LEE,TOT,TOT,3.0,2.6,3.0,3.0,3.0,2.8182,0.3
4,2+1+1+1,COV-EVE-LEE-LEE-TOT,COV,EVE,LEE,LEE,TOT,3.0,2.6,3.0,3.0,3.0,2.8182,0.3
4,2+1+1+1,COV-FUL-LEE-LEE-TOT,COV,FUL,LEE,LEE,TOT,3.0,2.6,3.0,3.0,3.0,2.8182,0.3
3,2+2+1,EVE-LEE-LEE-TOT-TOT,EVE,LEE,LEE,TOT,TOT,3.0,2.6,3.0,3.0,3.0,2.8182,0.3
3,2+2+1,FUL-LEE-LEE-TOT-TOT,FUL,LEE,LEE,TOT,TOT,3.0,2.6,3.0,3.0,3.0,2.8182,0.3
4,2+1+1+1,CHE-EVE-LEE-LEE-TOT,CHE,EVE,LEE,LEE,TOT,3.0,2.6,3.0,3.0,3.0,2.8182,0.3201
4,2+1+1+1,BOU-HUL-HUL-LEE-LIV,BOU,HUL,HUL,LEE,LIV,3.33,2.6,3.0,2.67,3.0,2.8182,0.3232
4,2+1+1+1,BOU-HUL-HUL-LEE-MCI,BOU,HUL,HUL,LEE,MCI,3.33,2.6,3.0,2.67,3.0,2.8182,0.3232
4,2+1+1+1,BOU-HUL-LEE-LEE-TOT,BOU,HUL,LEE,LEE,TOT,3.0,2.6,3.0,3.0,3.0,2.8182,0.3232
4,2+1+1+1,EVE-EVE-FUL-HUL-TOT,EVE,EVE,FUL,HUL,TOT,3.0,2.6,3.0,3.0,3.0,2.8182,0.3232
4,2+1+1+1,FUL-HUL-HUL-LEE-LIV,FUL,HUL,HUL,LEE,LIV,3.33,2.6,3.0,2.67,3.0,2.8182,0.3232
4,2+1+1+1,FUL-HUL-HUL-LEE-MCI,FUL,HUL,HUL,LEE,MCI,3.33,2.6,3.0,2.67,3.0,2.8182,0.3232
4,2+1+1+1,FUL-HUL-LEE-LEE-TOT,FUL,HUL,LEE,LEE,TOT,3.0,2.6,3.0,3.0,3.0,2.8182,0.3232
4,2+1+1+1,HUL-HUL-LEE-LIV-NEW,HUL,HUL,LEE,LIV,NEW,3.33,2.6,3.0,2.67,3.0,2.8182,0.3232
4,2+1+1+1,HUL-HUL-LEE-MCI-NEW,HUL,HUL,LEE,MCI,NEW,3.33,2.6,3.0,2.67,3.0,2.8182,0.3232
3,3+1+1,CHE-HUL-LEE-LEE-LEE,CHE,HUL,LEE,LEE,LEE,3.0,2.6,3.0,3.0,3.0,2.8182,0.3327
4,2+1+1+1,BOU-BOU-FUL-MUN-TOT,BOU,BOU,FUL,MUN,TOT,3.0,2.6,3.0,3.0,3.0,2.8182,0.35
4,2+1+1+1,BOU-FUL-FUL-MUN-TOT,BOU,FUL,FUL,MUN,TOT,3.0,2.6,3.0,3.0,3.0,2.8182,0.35
4,2+1+1+1,COV-EVE-EVE-FUL-MUN,COV,EVE,EVE,FUL,MUN,2.67,2.6,3.0,3.33,3.0,2.8182,0.35
4,2+1+1+1,COV-EVE-EVE-MUN-NEW,COV,EVE,EVE,MUN,NEW,2.67,2.6,3.0,3.33,3.0,2.8182,0.35
4,2+1+1+1,COV-EVE-EVE-NEW-SUN,COV,EVE,EVE,NEW,SUN,2.67,2.6,3.0,3.33,3.0,2.8182,0.35
3,3+1+1,FUL-FUL-FUL-MUN-TOT,FUL,FUL,FUL,MUN,TOT,3.0,2.6,3.0,3.0,3.0,2.8182,0.35
3,3+1+1,CHE-COV-LEE-LEE-LEE,CHE,COV,LEE,LEE,LEE,3.0,2.6,3.0,3.0,3.0,2.8182,0.3756
3,3+1+1,CHE-LEE-LEE-LEE-TOT,CHE,LEE,LEE,LEE,TOT,3.0,2.6,3.0,3.0,3.0,2.8182,0.3756
3,3+1+1,HUL-LEE-LEE-LEE-TOT,HUL,LEE,LEE,LEE,TOT,3.0,2.6,3.0,3.0,3.0,2.8182,0.3866
3,2+2+1,BOU-BOU-LEE-TOT-TOT,BOU,BOU,LEE,TOT,TOT,3.0,2.6,3.0,3.0,3.0,2.8182,0.4
5,1+1+1+1+1,BOU-BRE-COV-FUL-TOT,BOU,BRE,COV,FUL,TOT,3.33,2.6,3.0,2.67,3.0,2.8182,0.4
5,1+1+1+1+1,BOU-COV-FUL-LIV-TOT,BOU,COV,FUL,LIV,TOT,3.33,2.6,3.0,2.67,3.0,2.8182,0.4
5,1+1+1+1+1,BOU-COV-FUL-MCI-TOT,BOU,COV,FUL,MCI,TOT,3.33,2.6,3.0,2.67,3.0,2.8182,0.4
4,2+1+1+1,BOU-FUL-LEE-TOT-TOT,BOU,FUL,LEE,TOT,TOT,3.0,2.6,3.0,3.0,3.0,2.8182,0.4
4,2+1+1+1,BRE-COV-FUL-FUL-TOT,BRE,COV,FUL,FUL,TOT,3.33,2.6,3.0,2.67,3.0,2.8182,0.4
2,3+2,CHE-CHE-LEE-LEE-LEE,CHE,CHE,LEE,LEE,LEE,3.0,2.6,3.0,3.0,3.0,2.8182,0.4
2,3+2,COV-COV-LEE-LEE-LEE,COV,COV,LEE,LEE,LEE,3.0,2.6,3.0,3.0,3.0,2.8182,0.4
4,2+1+1+1,COV-FUL-FUL-LIV-TOT,COV,FUL,FUL,LIV,TOT,3.33,2.6,3.0,2.67,3.0,2.8182,0.4
4,2+1+1+1,COV-FUL-FUL-MCI-TOT,COV,FUL,FUL,MCI,TOT,3.33,2.6,3.0,2.67,3.0,2.8182,0.4
3,3+1+1,COV-LEE-LEE-LEE-TOT,COV,LEE,LEE,LEE,TOT,3.0,2.6,3.0,3.0,3.0,2.8182,0.4
3,2+2+1,EVE-EVE-FUL-TOT-TOT,EVE,EVE,FUL,TOT,TOT,3.0,2.6,3.0,3.0,3.0,2.8182,0.4
3,2+2+1,EVE-EVE-LEE-TOT-TOT,EVE,EVE,LEE,TOT,TOT,3.0,2.6,3.0,3.0,3.0,2.8182,0.4
3,2+2+1,EVE-FUL-FUL-TOT-TOT,EVE,FUL,FUL,TOT,TOT,3.0,2.6,3.0,3.0,3.0,2.8182,0.4
3,2+2+1,FUL-FUL-LEE-TOT-TOT,FUL,FUL,LEE,TOT,TOT,3.0,2.6,3.0,3.0,3.0,2.8182,0.4
2,3+2,HUL-HUL-LEE-LEE-LEE,HUL,HUL,LEE,LEE,LEE,3.0,2.6,3.0,3.0,3.0,2.8182,0.4
2,3+2,LEE-LEE-LEE-TOT-TOT,LEE,LEE,LEE,TOT,TOT,3.0,2.6,3.0,3.0,3.0,2.8182,0.4
4,2+1+1+1,CHE-EVE-EVE-FUL-MUN,CHE,EVE,EVE,FUL,MUN,2.67,2.6,3.0,3.33,3.0,2.8182,0.4146
4,2+1+1+1,CHE-EVE-EVE-MUN-NEW,CHE,EVE,EVE,MUN,NEW,2.67,2.6,3.0,3.33,3.0,2.8182,0.4146
4,2+1+1+1,CHE-EVE-EVE-NEW-SUN,CHE,EVE,EVE,NEW,SUN,2.67,2.6,3.0,3.33,3.0,2.8182,0.4146
4,2+1+1+1,COV-EVE-EVE-LEE-MUN,COV,EVE,EVE,LEE,MUN,2.67,2.6,3.0,3.33,3.0,2.8182,0.45
4,2+1+1+1,COV-EVE-EVE-LEE-SUN,COV,EVE,EVE,LEE,SUN,2.67,2.6,3.0,3.33,3.0,2.8182,0.45
4,2+1+1+1,BOU-BOU-BRE-HUL-TOT,BOU,BOU,BRE,HUL,TOT,3.33,2.6,3.0,2.67,3.0,2.8182,0.5098
4,2+1+1+1,BOU-BOU-HUL-LIV-TOT,BOU,BOU,HUL,LIV,TOT,3.33,2.6,3.0,2.67,3.0,2.8182,0.5098
4,2+1+1+1,BOU-BOU-HUL-MCI-TOT,BOU,BOU,HUL,MCI,TOT,3.33,2.6,3.0,2.67,3.0,2.8182,0.5098
5,1+1+1+1+1,BOU-BRE-FUL-HUL-TOT,BOU,BRE,FUL,HUL,TOT,3.33,2.6,3.0,2.67,3.0,2.8182,0.5098
5,1+1+1+1+1,BOU-FUL-HUL-LIV-TOT,BOU,FUL,HUL,LIV,TOT,3.33,2.6,3.0,2.67,3.0,2.8182,0.5098
5,1+1+1+1+1,BOU-FUL-HUL-MCI-TOT,BOU,FUL,HUL,MCI,TOT,3.33,2.6,3.0,2.67,3.0,2.8182,0.5098
4,2+1+1+1,BRE-FUL-FUL-HUL-TOT,BRE,FUL,FUL,HUL,TOT,3.33,2.6,3.0,2.67,3.0,2.8182,0.5098
4,2+1+1+1,FUL-FUL-HUL-LIV-TOT,FUL,FUL,HUL,LIV,TOT,3.33,2.6,3.0,2.67,3.0,2.8182,0.5098
4,2+1+1+1,FUL-FUL-HUL-MCI-TOT,FUL,FUL,HUL,MCI,TOT,3.33,2.6,3.0,2.67,3.0,2.8182,0.5098
4,2+1+1+1,CHE-EVE-EVE-LEE-MUN,CHE,EVE,EVE,LEE,MUN,2.67,2.6,3.0,3.33,3.0,2.8182,0.5835
4,2+1+1+1,CHE-EVE-EVE-LEE-SUN,CHE,EVE,EVE,LEE,SUN,2.67,2.6,3.0,3.33,3.0,2.8182,0.5835
3,3+1+1,EVE-EVE-EVE-HUL-MUN,EVE,EVE,EVE,HUL,MUN,2.67,2.6,3.0,3.33,3.0,2.8182,0.6
3,3+1+1,EVE-EVE-EVE-HUL-SUN,EVE,EVE,EVE,HUL,SUN,2.67,2.6,3.0,3.33,3.0,2.8182,0.6
3,3+1+1,EVE-EVE-EVE-MUN-TOT,EVE,EVE,EVE,MUN,TOT,2.67,2.6,3.0,3.33,3.0,2.8182,0.8
3,3+1+1,EVE-EVE-EVE-TOT-SUN,EVE,EVE,EVE,TOT,SUN,2.67,2.6,3.0,3.33,3.0,2.8182,0.8
3,2+2+1,BRE-BRE-CHE-EVE-EVE,BRE,BRE,CHE,EVE,EVE,3.0,2.8,3.0,2.67,2.83,2.8182,-0.2
3,2+2+1,BRE-BRE-COV-EVE-EVE,BRE,BRE,COV,EVE,EVE,3.0,2.8,3.0,2.67,2.83,2.8182,-0.2
4,2+1+1+1,BRE-CHE-EVE-EVE-LIV,BRE,CHE,EVE,EVE,LIV,3.0,2.8,3.0,2.67,2.83,2.8182,-0.2
4,2+1+1+1,BRE-CHE-EVE-EVE-MCI,BRE,CHE,EVE,EVE,MCI,3.0,2.8,3.0,2.67,2.83,2.8182,-0.2
4,2+1+1+1,BRE-COV-EVE-EVE-LIV,BRE,COV,EVE,EVE,LIV,3.0,2.8,3.0,2.67,2.83,2.8182,-0.2
4,2+1+1+1,BRE-COV-EVE-EVE-MCI,BRE,COV,EVE,EVE,MCI,3.0,2.8,3.0,2.67,2.83,2.8182,-0.2
3,2+2+1,CHE-EVE-EVE-LIV-LIV,CHE,EVE,EVE,LIV,LIV,3.0,2.8,3.0,2.67,2.83,2.8182,-0.2
4,2+1+1+1,CHE-EVE-EVE-LIV-MCI,CHE,EVE,EVE,LIV,MCI,3.0,2.8,3.0,2.67,2.83,2.8182,-0.2
3,2+2+1,CHE-EVE-EVE-MCI-MCI,CHE,EVE,EVE,MCI,MCI,3.0,2.8,3.0,2.67,2.83,2.8182,-0.2
3,2+2+1,COV-EVE-EVE-LIV-LIV,COV,EVE,EVE,LIV,LIV,3.0,2.8,3.0,2.67,2.83,2.8182,-0.2
4,2+1+1+1,COV-EVE-EVE-LIV-MCI,COV,EVE,EVE,LIV,MCI,3.0,2.8,3.0,2.67,2.83,2.8182,-0.2
3,2+2+1,COV-EVE-EVE-MCI-MCI,COV,EVE,EVE,MCI,MCI,3.0,2.8,3.0,2.67,2.83,2.8182,-0.2
5,1+1+1+1+1,CHE-EVE-FUL-LEE-LIV,CHE,EVE,FUL,LEE,LIV,3.0,2.8,3.0,2.67,2.83,2.8182,-0.1189
5,1+1+1+1+1,CHE-EVE-FUL-LEE-MCI,CHE,EVE,FUL,LEE,MCI,3.0,2.8,3.0,2.67,2.83,2.8182,-0.1189
5,1+1+1+1+1,CHE-EVE-LEE-LIV-NEW,CHE,EVE,LEE,LIV,NEW,3.0,2.8,3.0,2.67,2.83,2.8182,-0.1189
5,1+1+1+1+1,CHE-EVE-LEE-MCI-NEW,CHE,EVE,LEE,MCI,NEW,3.0,2.8,3.0,2.67,2.83,2.8182,-0.1189
4,2+1+1+1,EVE-EVE-HUL-LEE-LIV,EVE,EVE,HUL,LEE,LIV,3.0,2.8,3.0,2.67,2.83,2.8182,-0.1
4,2+1+1+1,EVE-EVE-HUL-LEE-MCI,EVE,EVE,HUL,LEE,MCI,3.0,2.8,3.0,2.67,2.83,2.8182,-0.1
4,2+1+1+1,BRE-EVE-EVE-FUL-HUL,BRE,EVE,EVE,FUL,HUL,3.0,2.8,3.0,2.67,2.83,2.8182,-0.0634
4,2+1+1+1,BRE-EVE-EVE-HUL-NEW,BRE,EVE,EVE,HUL,NEW,3.0,2.8,3.0,2.67,2.83,2.8182,-0.0634
4,2+1+1+1,EVE-EVE-FUL-HUL-LIV,EVE,EVE,FUL,HUL,LIV,3.0,2.8,3.0,2.67,2.83,2.8182,-0.0634
4,2+1+1+1,EVE-EVE-FUL-HUL-MCI,EVE,EVE,FUL,HUL,MCI,3.0,2.8,3.0,2.67,2.83,2.8182,-0.0634
4,2+1+1+1,EVE-EVE-HUL-LIV-NEW,EVE,EVE,HUL,LIV,NEW,3.0,2.8,3.0,2.67,2.83,2.8182,-0.0634
4,2+1+1+1,EVE-EVE-HUL-MCI-NEW,EVE,EVE,HUL,MCI,NEW,3.0,2.8,3.0,2.67,2.83,2.8182,-0.0634
4,2+1+1+1,BRE-EVE-EVE-FUL-TOT,BRE,EVE,EVE,FUL,TOT,3.0,2.8,3.0,2.67,2.83,2.8182,-0.05
5,1+1+1+1+1,COV-EVE-FUL-LEE-LIV,COV,EVE,FUL,LEE,LIV,3.0,2.8,3.0,2.67,2.83,2.8182,-0.05
5,1+1+1+1+1,COV-EVE-FUL-LEE-MCI,COV,EVE,FUL,LEE,MCI,3.0,2.8,3.0,2.67,2.83,2.8182,-0.05
5,1+1+1+1+1,COV-EVE-LEE-LIV-NEW,COV,EVE,LEE,LIV,NEW,3.0,2.8,3.0,2.67,2.83,2.8182,-0.05
5,1+1+1+1+1,COV-EVE-LEE-MCI-NEW,COV,EVE,LEE,MCI,NEW,3.0,2.8,3.0,2.67,2.83,2.8182,-0.05
4,2+1+1+1,EVE-EVE-FUL-LIV-TOT,EVE,EVE,FUL,LIV,TOT,3.0,2.8,3.0,2.67,2.83,2.8182,-0.05
4,2+1+1+1,EVE-EVE-FUL-MCI-TOT,EVE,EVE,FUL,MCI,TOT,3.0,2.8,3.0,2.67,2.83,2.8182,-0.05
4,2+1+1+1,EVE-EVE-LEE-LIV-TOT,EVE,EVE,LEE,LIV,TOT,3.0,2.8,3.0,2.67,2.83,2.8182,-0.05
4,2+1+1+1,EVE-EVE-LEE-MCI-TOT,EVE,EVE,LEE,MCI,TOT,3.0,2.8,3.0,2.67,2.83,2.8182,-0.05
5,1+1+1+1+1,EVE-FUL-LEE-LIV-TOT,EVE,FUL,LEE,LIV,TOT,3.0,2.8,3.0,2.67,2.83,2.8182,-0.05
5,1+1+1+1+1,EVE-FUL-LEE-MCI-TOT,EVE,FUL,LEE,MCI,TOT,3.0,2.8,3.0,2.67,2.83,2.8182,-0.05
4,2+1+1+1,BRE-CHE-EVE-FUL-FUL,BRE,CHE,EVE,FUL,FUL,3.0,2.8,3.0,2.67,2.83,2.8182,-0.0378
5,1+1+1+1+1,BRE-CHE-EVE-FUL-NEW,BRE,CHE,EVE,FUL,NEW,3.0,2.8,3.0,2.67,2.83,2.8182,-0.0378
4,2+1+1+1,BRE-CHE-EVE-NEW-NEW,BRE,CHE,EVE,NEW,NEW,3.0,2.8,3.0,2.67,2.83,2.8182,-0.0378
4,2+1+1+1,CHE-EVE-FUL-FUL-LIV,CHE,EVE,FUL,FUL,LIV,3.0,2.8,3.0,2.67,2.83,2.8182,-0.0378
4,2+1+1+1,CHE-EVE-FUL-FUL-MCI,CHE,EVE,FUL,FUL,MCI,3.0,2.8,3.0,2.67,2.83,2.8182,-0.0378
5,1+1+1+1+1,CHE-EVE-FUL-LIV-NEW,CHE,EVE,FUL,LIV,NEW,3.0,2.8,3.0,2.67,2.83,2.8182,-0.0378
5,1+1+1+1+1,CHE-EVE-FUL-MCI-NEW,CHE,EVE,FUL,MCI,NEW,3.0,2.8,3.0,2.67,2.83,2.8182,-0.0378
4,2+1+1+1,CHE-EVE-LIV-NEW-NEW,CHE,EVE,LIV,NEW,NEW,3.0,2.8,3.0,2.67,2.83,2.8182,-0.0378
4,2+1+1+1,CHE-EVE-MCI-NEW-NEW,CHE,EVE,MCI,NEW,NEW,3.0,2.8,3.0,2.67,2.83,2.8182,-0.0378
5,1+1+1+1+1,EVE-FUL-HUL-LEE-LIV,EVE,FUL,HUL,LEE,LIV,3.0,2.8,3.0,2.67,2.83,2.8182,-0.0134
5,1+1+1+1+1,EVE-FUL-HUL-LEE-MCI,EVE,FUL,HUL,LEE,MCI,3.0,2.8,3.0,2.67,2.83,2.8182,-0.0134
5,1+1+1+1+1,EVE-HUL-LEE-LIV-NEW,EVE,HUL,LEE,LIV,NEW,3.0,2.8,3.0,2.67,2.83,2.8182,-0.0134
5,1+1+1+1+1,EVE-HUL-LEE-MCI-NEW,EVE,HUL,LEE,MCI,NEW,3.0,2.8,3.0,2.67,2.83,2.8182,-0.0134
4,2+1+1+1,CHE-EVE-LEE-LEE-LIV,CHE,EVE,LEE,LEE,LIV,3.0,2.8,3.0,2.67,2.83,2.8182,0.0
4,2+1+1+1,CHE-EVE-LEE-LEE-MCI,CHE,EVE,LEE,LEE,MCI,3.0,2.8,3.0,2.67,2.83,2.8182,0.0
4,2+1+1+1,COV-EVE-LEE-LEE-LIV,COV,EVE,LEE,LEE,LIV,3.0,2.8,3.0,2.67,2.83,2.8182,0.0
4,2+1+1+1,COV-EVE-LEE-LEE-MCI,COV,EVE,LEE,LEE,MCI,3.0,2.8,3.0,2.67,2.83,2.8182,0.0
4,2+1+1+1,EVE-FUL-FUL-LEE-MUN,EVE,FUL,FUL,LEE,MUN,2.67,2.8,3.0,3.0,2.83,2.8182,0.0
5,1+1+1+1+1,EVE-FUL-LEE-MUN-NEW,EVE,FUL,LEE,MUN,NEW,2.67,2.8,3.0,3.0,2.83,2.8182,0.0
4,2+1+1+1,EVE-HUL-LEE-LEE-LIV,EVE,HUL,LEE,LEE,LIV,3.0,2.8,3.0,2.67,2.83,2.8182,0.0
4,2+1+1+1,EVE-HUL-LEE-LEE-MCI,EVE,HUL,LEE,LEE,MCI,3.0,2.8,3.0,2.67,2.83,2.8182,0.0
4,2+1+1+1,EVE-LEE-LEE-LIV-TOT,EVE,LEE,LEE,LIV,TOT,3.0,2.8,3.0,2.67,2.83,2.8182,0.0
4,2+1+1+1,EVE-LEE-LEE-MCI-TOT,EVE,LEE,LEE,MCI,TOT,3.0,2.8,3.0,2.67,2.83,2.8182,0.0
4,2+1+1+1,EVE-LEE-MUN-NEW-NEW,EVE,LEE,MUN,NEW,NEW,2.67,2.8,3.0,3.0,2.83,2.8182,0.0
4,2+1+1+1,EVE-LEE-NEW-NEW-SUN,EVE,LEE,NEW,NEW,SUN,2.67,2.8,3.0,3.0,2.83,2.8182,0.0
4,2+1+1+1,BOU-CHE-LEE-LEE-LIV,BOU,CHE,LEE,LEE,LIV,3.0,2.8,3.0,2.67,2.83,2.8182,0.0366
4,2+1+1+1,BOU-CHE-LEE-LEE-MCI,BOU,CHE,LEE,LEE,MCI,3.0,2.8,3.0,2.67,2.83,2.8182,0.0366
4,2+1+1+1,CHE-FUL-LEE-LEE-LIV,CHE,FUL,LEE,LEE,LIV,3.0,2.8,3.0,2.67,2.83,2.8182,0.0366
4,2+1+1+1,CHE-FUL-LEE-LEE-MCI,CHE,FUL,LEE,LEE,MCI,3.0,2.8,3.0,2.67,2.83,2.8182,0.0366
4,2+1+1+1,CHE-LEE-LEE-LIV-NEW,CHE,LEE,LEE,LIV,NEW,3.0,2.8,3.0,2.67,2.83,2.8182,0.0366
4,2+1+1+1,CHE-LEE-LEE-MCI-NEW,CHE,LEE,LEE,MCI,NEW,3.0,2.8,3.0,2.67,2.83,2.8182,0.0366
4,2+1+1+1,BOU-BOU-CHE-LEE-LIV,BOU,BOU,CHE,LEE,LIV,3.0,2.8,3.0,2.67,2.83,2.8182,0.0677
4,2+1+1+1,BOU-BOU-CHE-LEE-MCI,BOU,BOU,CHE,LEE,MCI,3.0,2.8,3.0,2.67,2.83,2.8182,0.0677
5,1+1+1+1+1,BOU-CHE-FUL-LEE-LIV,BOU,CHE,FUL,LEE,LIV,3.0,2.8,3.0,2.67,2.83,2.8182,0.0677
5,1+1+1+1+1,BOU-CHE-FUL-LEE-MCI,BOU,CHE,FUL,LEE,MCI,3.0,2.8,3.0,2.67,2.83,2.8182,0.0677
5,1+1+1+1+1,BOU-CHE-LEE-LIV-NEW,BOU,CHE,LEE,LIV,NEW,3.0,2.8,3.0,2.67,2.83,2.8182,0.0677
5,1+1+1+1+1,BOU-CHE-LEE-MCI-NEW,BOU,CHE,LEE,MCI,NEW,3.0,2.8,3.0,2.67,2.83,2.8182,0.0677
4,2+1+1+1,CHE-FUL-FUL-LEE-LIV,CHE,FUL,FUL,LEE,LIV,3.0,2.8,3.0,2.67,2.83,2.8182,0.0677
4,2+1+1+1,CHE-FUL-FUL-LEE-MCI,CHE,FUL,FUL,LEE,MCI,3.0,2.8,3.0,2.67,2.83,2.8182,0.0677
5,1+1+1+1+1,CHE-FUL-LEE-LIV-NEW,CHE,FUL,LEE,LIV,NEW,3.0,2.8,3.0,2.67,2.83,2.8182,0.0677
5,1+1+1+1+1,CHE-FUL-LEE-MCI-NEW,CHE,FUL,LEE,MCI,NEW,3.0,2.8,3.0,2.67,2.83,2.8182,0.0677
4,2+1+1+1,CHE-LEE-LIV-NEW-NEW,CHE,LEE,LIV,NEW,NEW,3.0,2.8,3.0,2.67,2.83,2.8182,0.0677
4,2+1+1+1,CHE-LEE-MCI-NEW-NEW,CHE,LEE,MCI,NEW,NEW,3.0,2.8,3.0,2.67,2.83,2.8182,0.0677
3,2+2+1,BOU-BOU-LEE-LEE-MUN,BOU,BOU,LEE,LEE,MUN,2.67,2.8,3.0,3.0,2.83,2.8182,0.1
3,2+2+1,BOU-BOU-LEE-LEE-SUN,BOU,BOU,LEE,LEE,SUN,2.67,2.8,3.0,3.0,2.83,2.8182,0.1
4,2+1+1+1,BOU-FUL-LEE-LEE-MUN,BOU,FUL,LEE,LEE,MUN,2.67,2.8,3.0,3.0,2.83,2.8182,0.1
4,2+1+1+1,BOU-LEE-LEE-MUN-NEW,BOU,LEE,LEE,MUN,NEW,2.67,2.8,3.0,3.0,2.83,2.8182,0.1
4,2+1+1+1,BOU-LEE-LEE-NEW-SUN,BOU,LEE,LEE,NEW,SUN,2.67,2.8,3.0,3.0,2.83,2.8182,0.1
4,2+1+1+1,BRE-EVE-FUL-FUL-TOT,BRE,EVE,FUL,FUL,TOT,3.0,2.8,3.0,2.67,2.83,2.8182,0.1
3,2+2+1,EVE-EVE-FUL-FUL-MUN,EVE,EVE,FUL,FUL,MUN,2.67,2.8,3.0,3.0,2.83,2.8182,0.1
4,2+1+1+1,EVE-EVE-FUL-MUN-NEW,EVE,EVE,FUL,MUN,NEW,2.67,2.8,3.0,3.0,2.83,2.8182,0.1
3,2+2+1,EVE-EVE-MUN-NEW-NEW,EVE,EVE,MUN,NEW,NEW,2.67,2.8,3.0,3.0,2.83,2.8182,0.1
3,2+2+1,EVE-EVE-NEW-NEW-SUN,EVE,EVE,NEW,NEW,SUN,2.67,2.8,3.0,3.0,2.83,2.8182,0.1
4,2+1+1+1,EVE-FUL-FUL-LIV-TOT,EVE,FUL,FUL,LIV,TOT,3.0,2.8,3.0,2.67,2.83,2.8182,0.1
4,2+1+1+1,EVE-FUL-FUL-MCI-TOT,EVE,FUL,FUL,MCI,TOT,3.0,2.8,3.0,2.67,2.83,2.8182,0.1
4,2+1+1+1,EVE-FUL-LEE-LEE-MUN,EVE,FUL,LEE,LEE,MUN,2.67,2.8,3.0,3.0,2.83,2.8182,0.1
4,2+1+1+1,EVE-LEE-LEE-MUN-NEW,EVE,LEE,LEE,MUN,NEW,2.67,2.8,3.0,3.0,2.83,2.8182,0.1
4,2+1+1+1,EVE-LEE-LEE-NEW-SUN,EVE,LEE,LEE,NEW,SUN,2.67,2.8,3.0,3.0,2.83,2.8182,0.1
3,2+2+1,FUL-FUL-LEE-LEE-MUN,FUL,FUL,LEE,LEE,MUN,2.67,2.8,3.0,3.0,2.83,2.8182,0.1
4,2+1+1+1,FUL-LEE-LEE-MUN-NEW,FUL,LEE,LEE,MUN,NEW,2.67,2.8,3.0,3.0,2.83,2.8182,0.1
3,2+2+1,LEE-LEE-MUN-NEW-NEW,LEE,LEE,MUN,NEW,NEW,2.67,2.8,3.0,3.0,2.83,2.8182,0.1
3,2+2+1,LEE-LEE-NEW-NEW-SUN,LEE,LEE,NEW,NEW,SUN,2.67,2.8,3.0,3.0,2.83,2.8182,0.1
4,2+1+1+1,BOU-COV-LEE-LEE-LIV,BOU,COV,LEE,LEE,LIV,3.0,2.8,3.0,2.67,2.83,2.8182,0.15
4,2+1+1+1,BOU-COV-LEE-LEE-MCI,BOU,COV,LEE,LEE,MCI,3.0,2.8,3.0,2.67,2.83,2.8182,0.15
4,2+1+1+1,BOU-LEE-LEE-LIV-TOT,BOU,LEE,LEE,LIV,TOT,3.0,2.8,3.0,2.67,2.83,2.8182,0.15
4,2+1+1+1,BOU-LEE-LEE-MCI-TOT,BOU,LEE,LEE,MCI,TOT,3.0,2.8,3.0,2.67,2.83,2.8182,0.15
4,2+1+1+1,COV-FUL-LEE-LEE-LIV,COV,FUL,LEE,LEE,LIV,3.0,2.8,3.0,2.67,2.83,2.8182,0.15
4,2+1+1+1,COV-FUL-LEE-LEE-MCI,COV,FUL,LEE,LEE,MCI,3.0,2.8,3.0,2.67,2.83,2.8182,0.15
4,2+1+1+1,COV-LEE-LEE-LIV-NEW,COV,LEE,LEE,LIV,NEW,3.0,2.8,3.0,2.67,2.83,2.8182,0.15
4,2+1+1+1,COV-LEE-LEE-MCI-NEW,COV,LEE,LEE,MCI,NEW,3.0,2.8,3.0,2.67,2.83,2.8182,0.15
4,2+1+1+1,EVE-EVE-FUL-LEE-MUN,EVE,EVE,FUL,LEE,MUN,2.67,2.8,3.0,3.0,2.83,2.8182,0.15
4,2+1+1+1,EVE-EVE-LEE-MUN-NEW,EVE,EVE,LEE,MUN,NEW,2.67,2.8,3.0,3.0,2.83,2.8182,0.15
4,2+1+1+1,EVE-EVE-LEE-NEW-SUN,EVE,EVE,LEE,NEW,SUN,2.67,2.8,3.0,3.0,2.83,2.8182,0.15
4,2+1+1+1,FUL-LEE-LEE-LIV-TOT,FUL,LEE,LEE,LIV,TOT,3.0,2.8,3.0,2.67,2.83,2.8182,0.15
4,2+1+1+1,FUL-LEE-LEE-MCI-TOT,FUL,LEE,LEE,MCI,TOT,3.0,2.8,3.0,2.67,2.83,2.8182,0.15
4,2+1+1+1,BOU-BOU-BRE-FUL-MUN,BOU,BOU,BRE,FUL,MUN,3.0,2.8,3.0,2.67,2.83,2.8182,0.2
4,2+1+1+1,BOU-BOU-BRE-MUN-NEW,BOU,BOU,BRE,MUN,NEW,3.0,2.8,3.0,2.67,2.83,2.8182,0.2
4,2+1+1+1,BOU-BOU-BRE-NEW-SUN,BOU,BOU,BRE,NEW,SUN,3.0,2.8,3.0,2.67,2.83,2.8182,0.2
4,2+1+1+1,BOU-BOU-FUL-LIV-MUN,BOU,BOU,FUL,LIV,MUN,3.0,2.8,3.0,2.67,2.83,2.8182,0.2
4,2+1+1+1,BOU-BOU-FUL-MCI-MUN,BOU,BOU,FUL,MCI,MUN,3.0,2.8,3.0,2.67,2.83,2.8182,0.2
4,2+1+1+1,BOU-BOU-LIV-MUN-NEW,BOU,BOU,LIV,MUN,NEW,3.0,2.8,3.0,2.67,2.83,2.8182,0.2
4,2+1+1+1,BOU-BOU-LIV-NEW-SUN,BOU,BOU,LIV,NEW,SUN,3.0,2.8,3.0,2.67,2.83,2.8182,0.2
4,2+1+1+1,BOU-BOU-MCI-MUN-NEW,BOU,BOU,MCI,MUN,NEW,3.0,2.8,3.0,2.67,2.83,2.8182,0.2
4,2+1+1+1,BOU-BOU-MCI-NEW-SUN,BOU,BOU,MCI,NEW,SUN,3.0,2.8,3.0,2.67,2.83,2.8182,0.2
4,2+1+1+1,BOU-BRE-FUL-FUL-MUN,BOU,BRE,FUL,FUL,MUN,3.0,2.8,3.0,2.67,2.83,2.8182,0.2
5,1+1+1+1+1,BOU-BRE-FUL-MUN-NEW,BOU,BRE,FUL,MUN,NEW,3.0,2.8,3.0,2.67,2.83,2.8182,0.2
4,2+1+1+1,BOU-BRE-MUN-NEW-NEW,BOU,BRE,MUN,NEW,NEW,3.0,2.8,3.0,2.67,2.83,2.8182,0.2
4,2+1+1+1,BOU-BRE-NEW-NEW-SUN,BOU,BRE,NEW,NEW,SUN,3.0,2.8,3.0,2.67,2.83,2.8182,0.2
4,2+1+1+1,BOU-FUL-FUL-LIV-MUN,BOU,FUL,FUL,LIV,MUN,3.0,2.8,3.0,2.67,2.83,2.8182,0.2
4,2+1+1+1,BOU-FUL-FUL-MCI-MUN,BOU,FUL,FUL,MCI,MUN,3.0,2.8,3.0,2.67,2.83,2.8182,0.2
5,1+1+1+1+1,BOU-FUL-LIV-MUN-NEW,BOU,FUL,LIV,MUN,NEW,3.0,2.8,3.0,2.67,2.83,2.8182,0.2
5,1+1+1+1+1,BOU-FUL-MCI-MUN-NEW,BOU,FUL,MCI,MUN,NEW,3.0,2.8,3.0,2.67,2.83,2.8182,0.2
4,2+1+1+1,BOU-LIV-MUN-NEW-NEW,BOU,LIV,MUN,NEW,NEW,3.0,2.8,3.0,2.67,2.83,2.8182,0.2
4,2+1+1+1,BOU-LIV-NEW-NEW-SUN,BOU,LIV,NEW,NEW,SUN,3.0,2.8,3.0,2.67,2.83,2.8182,0.2
4,2+1+1+1,BOU-MCI-MUN-NEW-NEW,BOU,MCI,MUN,NEW,NEW,3.0,2.8,3.0,2.67,2.83,2.8182,0.2
4,2+1+1+1,BOU-MCI-NEW-NEW-SUN,BOU,MCI,NEW,NEW,SUN,3.0,2.8,3.0,2.67,2.83,2.8182,0.2
3,3+1+1,BRE-EVE-EVE-EVE-MUN,BRE,EVE,EVE,EVE,MUN,2.67,2.8,3.0,3.0,2.83,2.8182,0.2
3,3+1+1,BRE-EVE-EVE-EVE-SUN,BRE,EVE,EVE,EVE,SUN,2.67,2.8,3.0,3.0,2.83,2.8182,0.2
3,3+1+1,BRE-FUL-FUL-FUL-MUN,BRE,FUL,FUL,FUL,MUN,3.0,2.8,3.0,2.67,2.83,2.8182,0.2
4,2+1+1+1,BRE-FUL-FUL-MUN-NEW,BRE,FUL,FUL,MUN,NEW,3.0,2.8,3.0,2.67,2.83,2.8182,0.2
4,2+1+1+1,BRE-FUL-MUN-NEW-NEW,BRE,FUL,MUN,NEW,NEW,3.0,2.8,3.0,2.67,2.83,2.8182,0.2
3,3+1+1,BRE-MUN-NEW-NEW-NEW,BRE,MUN,NEW,NEW,NEW,3.0,2.8,3.0,2.67,2.83,2.8182,0.2
3,3+1+1,BRE-NEW-NEW-NEW-SUN,BRE,NEW,NEW,NEW,SUN,3.0,2.8,3.0,2.67,2.83,2.8182,0.2
3,3+1+1,EVE-EVE-EVE-LIV-MUN,EVE,EVE,EVE,LIV,MUN,2.67,2.8,3.0,3.0,2.83,2.8182,0.2
3,3+1+1,EVE-EVE-EVE-LIV-SUN,EVE,EVE,EVE,LIV,SUN,2.67,2.8,3.0,3.0,2.83,2.8182,0.2
3,3+1+1,EVE-EVE-EVE-MCI-MUN,EVE,EVE,EVE,MCI,MUN,2.67,2.8,3.0,3.0,2.83,2.8182,0.2
3,3+1+1,EVE-EVE-EVE-MCI-SUN,EVE,EVE,EVE,MCI,SUN,2.67,2.8,3.0,3.0,2.83,2.8182,0.2
3,3+1+1,FUL-FUL-FUL-LIV-MUN,FUL,FUL,FUL,LIV,MUN,3.0,2.8,3.0,2.67,2.83,2.8182,0.2
3,3+1+1,FUL-FUL-FUL-MCI-MUN,FUL,FUL,FUL,MCI,MUN,3.0,2.8,3.0,2.67,2.83,2.8182,0.2
4,2+1+1+1,FUL-FUL-LIV-MUN-NEW,FUL,FUL,LIV,MUN,NEW,3.0,2.8,3.0,2.67,2.83,2.8182,0.2
4,2+1+1+1,FUL-FUL-MCI-MUN-NEW,FUL,FUL,MCI,MUN,NEW,3.0,2.8,3.0,2.67,2.83,2.8182,0.2
4,2+1+1+1,FUL-LIV-MUN-NEW-NEW,FUL,LIV,MUN,NEW,NEW,3.0,2.8,3.0,2.67,2.83,2.8182,0.2
4,2+1+1+1,FUL-MCI-MUN-NEW-NEW,FUL,MCI,MUN,NEW,NEW,3.0,2.8,3.0,2.67,2.83,2.8182,0.2
3,3+1+1,LIV-MUN-NEW-NEW-NEW,LIV,MUN,NEW,NEW,NEW,3.0,2.8,3.0,2.67,2.83,2.8182,0.2
3,3+1+1,LIV-NEW-NEW-NEW-SUN,LIV,NEW,NEW,NEW,SUN,3.0,2.8,3.0,2.67,2.83,2.8182,0.2
3,3+1+1,MCI-MUN-NEW-NEW-NEW,MCI,MUN,NEW,NEW,NEW,3.0,2.8,3.0,2.67,2.83,2.8182,0.2
3,3+1+1,MCI-NEW-NEW-NEW-SUN,MCI,NEW,NEW,NEW,SUN,3.0,2.8,3.0,2.67,2.83,2.8182,0.2
3,3+1+1,CHE-LEE-LEE-LEE-LIV,CHE,LEE,LEE,LEE,LIV,3.0,2.8,3.0,2.67,2.83,2.8182,0.2055
3,3+1+1,CHE-LEE-LEE-LEE-MCI,CHE,LEE,LEE,LEE,MCI,3.0,2.8,3.0,2.67,2.83,2.8182,0.2055
4,2+1+1+1,BOU-HUL-LEE-LEE-LIV,BOU,HUL,LEE,LEE,LIV,3.0,2.8,3.0,2.67,2.83,2.8182,0.2366
4,2+1+1+1,BOU-HUL-LEE-LEE-MCI,BOU,HUL,LEE,LEE,MCI,3.0,2.8,3.0,2.67,2.83,2.8182,0.2366
4,2+1+1+1,FUL-HUL-LEE-LEE-LIV,FUL,HUL,LEE,LEE,LIV,3.0,2.8,3.0,2.67,2.83,2.8182,0.2366
4,2+1+1+1,FUL-HUL-LEE-LEE-MCI,FUL,HUL,LEE,LEE,MCI,3.0,2.8,3.0,2.67,2.83,2.8182,0.2366
4,2+1+1+1,HUL-LEE-LEE-LIV-NEW,HUL,LEE,LEE,LIV,NEW,3.0,2.8,3.0,2.67,2.83,2.8182,0.2366
4,2+1+1+1,HUL-LEE-LEE-MCI-NEW,HUL,LEE,LEE,MCI,NEW,3.0,2.8,3.0,2.67,2.83,2.8182,0.2366
4,2+1+1+1,BOU-BOU-LEE-LIV-TOT,BOU,BOU,LEE,LIV,TOT,3.0,2.8,3.0,2.67,2.83,2.8182,0.25
4,2+1+1+1,BOU-BOU-LEE-MCI-TOT,BOU,BOU,LEE,MCI,TOT,3.0,2.8,3.0,2.67,2.83,2.8182,0.25
5,1+1+1+1+1,BOU-FUL-LEE-LIV-TOT,BOU,FUL,LEE,LIV,TOT,3.0,2.8,3.0,2.67,2.83,2.8182,0.25
5,1+1+1+1+1,BOU-FUL-LEE-MCI-TOT,BOU,FUL,LEE,MCI,TOT,3.0,2.8,3.0,2.67,2.83,2.8182,0.25
3,3+1+1,BOU-LEE-LEE-LEE-MUN,BOU,LEE,LEE,LEE,MUN,2.67,2.8,3.0,3.0,2.83,2.8182,0.25
3,3+1+1,BOU-LEE-LEE-LEE-SUN,BOU,LEE,LEE,LEE,SUN,2.67,2.8,3.0,3.0,2.83,2.8182,0.25
3,3+1+1,COV-LEE-LEE-LEE-LIV,COV,LEE,LEE,LEE,LIV,3.0,2.8,3.0,2.67,2.83,2.8182,0.25
3,3+1+1,COV-LEE-LEE-LEE-MCI,COV,LEE,LEE,LEE,MCI,3.0,2.8,3.0,2.67,2.83,2.8182,0.25
4,2+1+1+1,FUL-FUL-LEE-LIV-TOT,FUL,FUL,LEE,LIV,TOT,3.0,2.8,3.0,2.67,2.83,2.8182,0.25
4,2+1+1+1,FUL-FUL-LEE-MCI-TOT,FUL,FUL,LEE,MCI,TOT,3.0,2.8,3.0,2.67,2.83,2.8182,0.25
3,3+1+1,FUL-LEE-LEE-LEE-MUN,FUL,LEE,LEE,LEE,MUN,2.67,2.8,3.0,3.0,2.83,2.8182,0.25
3,3+1+1,LEE-LEE-LEE-LIV-TOT,LEE,LEE,LEE,LIV,TOT,3.0,2.8,3.0,2.67,2.83,2.8182,0.25
3,3+1+1,LEE-LEE-LEE-MCI-TOT,LEE,LEE,LEE,MCI,TOT,3.0,2.8,3.0,2.67,2.83,2.8182,0.25
3,3+1+1,LEE-LEE-LEE-MUN-NEW,LEE,LEE,LEE,MUN,NEW,2.67,2.8,3.0,3.0,2.83,2.8182,0.25
3,3+1+1,LEE-LEE-LEE-NEW-SUN,LEE,LEE,LEE,NEW,SUN,2.67,2.8,3.0,3.0,2.83,2.8182,0.25
3,3+1+1,HUL-LEE-LEE-LEE-LIV,HUL,LEE,LEE,LEE,LIV,3.0,2.8,3.0,2.67,2.83,2.8182,0.3
3,3+1+1,HUL-LEE-LEE-LEE-MCI,HUL,LEE,LEE,LEE,MCI,3.0,2.8,3.0,2.67,2.83,2.8182,0.3
4,2+1+1+1,BOU-BRE-BRE-COV-FUL,BOU,BRE,BRE,COV,FUL,3.33,2.8,3.0,2.33,2.83,2.8182,0.4
4,2+1+1+1,BOU-BRE-BRE-COV-NEW,BOU,BRE,BRE,COV,NEW,3.33,2.8,3.0,2.33,2.83,2.8182,0.4
5,1+1+1+1+1,BOU-BRE-COV-FUL-LIV,BOU,BRE,COV,FUL,LIV,3.33,2.8,3.0,2.33,2.83,2.8182,0.4
5,1+1+1+1+1,BOU-BRE-COV-FUL-MCI,BOU,BRE,COV,FUL,MCI,3.33,2.8,3.0,2.33,2.83,2.8182,0.4
5,1+1+1+1+1,BOU-BRE-COV-LIV-NEW,BOU,BRE,COV,LIV,NEW,3.33,2.8,3.0,2.33,2.83,2.8182,0.4
5,1+1+1+1+1,BOU-BRE-COV-MCI-NEW,BOU,BRE,COV,MCI,NEW,3.33,2.8,3.0,2.33,2.83,2.8182,0.4
4,2+1+1+1,BOU-COV-FUL-LIV-LIV,BOU,COV,FUL,LIV,LIV,3.33,2.8,3.0,2.33,2.83,2.8182,0.4
5,1+1+1+1+1,BOU-COV-FUL-LIV-MCI,BOU,COV,FUL,LIV,MCI,3.33,2.8,3.0,2.33,2.83,2.8182,0.4
4,2+1+1+1,BOU-COV-FUL-MCI-MCI,BOU,COV,FUL,MCI,MCI,3.33,2.8,3.0,2.33,2.83,2.8182,0.4
4,2+1+1+1,BOU-COV-LIV-LIV-NEW,BOU,COV,LIV,LIV,NEW,3.33,2.8,3.0,2.33,2.83,2.8182,0.4
5,1+1+1+1+1,BOU-COV-LIV-MCI-NEW,BOU,COV,LIV,MCI,NEW,3.33,2.8,3.0,2.33,2.83,2.8182,0.4
4,2+1+1+1,BOU-COV-MCI-MCI-NEW,BOU,COV,MCI,MCI,NEW,3.33,2.8,3.0,2.33,2.83,2.8182,0.4
3,2+2+1,BRE-BRE-COV-FUL-FUL,BRE,BRE,COV,FUL,FUL,3.33,2.8,3.0,2.33,2.83,2.8182,0.4
4,2+1+1+1,BRE-BRE-COV-FUL-NEW,BRE,BRE,COV,FUL,NEW,3.33,2.8,3.0,2.33,2.83,2.8182,0.4
3,2+2+1,BRE-BRE-COV-NEW-NEW,BRE,BRE,COV,NEW,NEW,3.33,2.8,3.0,2.33,2.83,2.8182,0.4
4,2+1+1+1,BRE-COV-FUL-FUL-LIV,BRE,COV,FUL,FUL,LIV,3.33,2.8,3.0,2.33,2.83,2.8182,0.4
4,2+1+1+1,BRE-COV-FUL-FUL-MCI,BRE,COV,FUL,FUL,MCI,3.33,2.8,3.0,2.33,2.83,2.8182,0.4
5,1+1+1+1+1,BRE-COV-FUL-LIV-NEW,BRE,COV,FUL,LIV,NEW,3.33,2.8,3.0,2.33,2.83,2.8182,0.4
5,1+1+1+1+1,BRE-COV-FUL-MCI-NEW,BRE,COV,FUL,MCI,NEW,3.33,2.8,3.0,2.33,2.83,2.8182,0.4
4,2+1+1+1,BRE-COV-LIV-NEW-NEW,BRE,COV,LIV,NEW,NEW,3.33,2.8,3.0,2.33,2.83,2.8182,0.4
4,2+1+1+1,BRE-COV-MCI-NEW-NEW,BRE,COV,MCI,NEW,NEW,3.33,2.8,3.0,2.33,2.83,2.8182,0.4
3,2+2+1,COV-FUL-FUL-LIV-LIV,COV,FUL,FUL,LIV,LIV,3.33,2.8,3.0,2.33,2.83,2.8182,0.4
4,2+1+1+1,COV-FUL-FUL-LIV-MCI,COV,FUL,FUL,LIV,MCI,3.33,2.8,3.0,2.33,2.83,2.8182,0.4
3,2+2+1,COV-FUL-FUL-MCI-MCI,COV,FUL,FUL,MCI,MCI,3.33,2.8,3.0,2.33,2.83,2.8182,0.4
4,2+1+1+1,COV-FUL-LIV-LIV-NEW,COV,FUL,LIV,LIV,NEW,3.33,2.8,3.0,2.33,2.83,2.8182,0.4
5,1+1+1+1+1,COV-FUL-LIV-MCI-NEW,COV,FUL,LIV,MCI,NEW,3.33,2.8,3.0,2.33,2.83,2.8182,0.4
4,2+1+1+1,COV-FUL-MCI-MCI-NEW,COV,FUL,MCI,MCI,NEW,3.33,2.8,3.0,2.33,2.83,2.8182,0.4
3,2+2+1,COV-LIV-LIV-NEW-NEW,COV,LIV,LIV,NEW,NEW,3.33,2.8,3.0,2.33,2.83,2.8182,0.4
4,2+1+1+1,COV-LIV-MCI-NEW-NEW,COV,LIV,MCI,NEW,NEW,3.33,2.8,3.0,2.33,2.83,2.8182,0.4
3,2+2+1,COV-MCI-MCI-NEW-NEW,COV,MCI,MCI,NEW,NEW,3.33,2.8,3.0,2.33,2.83,2.8182,0.4
3,2+2+1,EVE-EVE-LEE-LEE-MUN,EVE,EVE,LEE,LEE,MUN,2.67,2.8,3.0,3.0,2.83,2.8182,0.4
3,2+2+1,EVE-EVE-LEE-LEE-SUN,EVE,EVE,LEE,LEE,SUN,2.67,2.8,3.0,3.0,2.83,2.8182,0.4
3,3+1+1,EVE-LEE-LEE-LEE-MUN,EVE,LEE,LEE,LEE,MUN,2.67,2.8,3.0,3.0,2.83,2.8182,0.4
3,3+1+1,EVE-LEE-LEE-LEE-SUN,EVE,LEE,LEE,LEE,SUN,2.67,2.8,3.0,3.0,2.83,2.8182,0.4
3,2+2+1,BOU-BOU-BRE-BRE-HUL,BOU,BOU,BRE,BRE,HUL,3.33,2.8,3.0,2.33,2.83,2.8182,0.5732
4,2+1+1+1,BOU-BOU-BRE-HUL-LIV,BOU,BOU,BRE,HUL,LIV,3.33,2.8,3.0,2.33,2.83,2.8182,0.5732
4,2+1+1+1,BOU-BOU-BRE-HUL-MCI,BOU,BOU,BRE,HUL,MCI,3.33,2.8,3.0,2.33,2.83,2.8182,0.5732
3,2+2+1,BOU-BOU-HUL-LIV-LIV,BOU,BOU,HUL,LIV,LIV,3.33,2.8,3.0,2.33,2.83,2.8182,0.5732
4,2+1+1+1,BOU-BOU-HUL-LIV-MCI,BOU,BOU,HUL,LIV,MCI,3.33,2.8,3.0,2.33,2.83,2.8182,0.5732
3,2+2+1,BOU-BOU-HUL-MCI-MCI,BOU,BOU,HUL,MCI,MCI,3.33,2.8,3.0,2.33,2.83,2.8182,0.5732
4,2+1+1+1,BOU-BRE-BRE-FUL-HUL,BOU,BRE,BRE,FUL,HUL,3.33,2.8,3.0,2.33,2.83,2.8182,0.5732
4,2+1+1+1,BOU-BRE-BRE-HUL-NEW,BOU,BRE,BRE,HUL,NEW,3.33,2.8,3.0,2.33,2.83,2.8182,0.5732
5,1+1+1+1+1,BOU-BRE-FUL-HUL-LIV,BOU,BRE,FUL,HUL,LIV,3.33,2.8,3.0,2.33,2.83,2.8182,0.5732
5,1+1+1+1+1,BOU-BRE-FUL-HUL-MCI,BOU,BRE,FUL,HUL,MCI,3.33,2.8,3.0,2.33,2.83,2.8182,0.5732
5,1+1+1+1+1,BOU-BRE-HUL-LIV-NEW,BOU,BRE,HUL,LIV,NEW,3.33,2.8,3.0,2.33,2.83,2.8182,0.5732
5,1+1+1+1+1,BOU-BRE-HUL-MCI-NEW,BOU,BRE,HUL,MCI,NEW,3.33,2.8,3.0,2.33,2.83,2.8182,0.5732
4,2+1+1+1,BOU-FUL-HUL-LIV-LIV,BOU,FUL,HUL,LIV,LIV,3.33,2.8,3.0,2.33,2.83,2.8182,0.5732
5,1+1+1+1+1,BOU-FUL-HUL-LIV-MCI,BOU,FUL,HUL,LIV,MCI,3.33,2.8,3.0,2.33,2.83,2.8182,0.5732
4,2+1+1+1,BOU-FUL-HUL-MCI-MCI,BOU,FUL,HUL,MCI,MCI,3.33,2.8,3.0,2.33,2.83,2.8182,0.5732
4,2+1+1+1,BOU-HUL-LIV-LIV-NEW,BOU,HUL,LIV,LIV,NEW,3.33,2.8,3.0,2.33,2.83,2.8182,0.5732
5,1+1+1+1+1,BOU-HUL-LIV-MCI-NEW,BOU,HUL,LIV,MCI,NEW,3.33,2.8,3.0,2.33,2.83,2.8182,0.5732
4,2+1+1+1,BOU-HUL-MCI-MCI-NEW,BOU,HUL,MCI,MCI,NEW,3.33,2.8,3.0,2.33,2.83,2.8182,0.5732
3,2+2+1,BRE-BRE-FUL-FUL-HUL,BRE,BRE,FUL,FUL,HUL,3.33,2.8,3.0,2.33,2.83,2.8182,0.5732
4,2+1+1+1,BRE-BRE-FUL-HUL-NEW,BRE,BRE,FUL,HUL,NEW,3.33,2.8,3.0,2.33,2.83,2.8182,0.5732
3,2+2+1,BRE-BRE-HUL-NEW-NEW,BRE,BRE,HUL,NEW,NEW,3.33,2.8,3.0,2.33,2.83,2.8182,0.5732
4,2+1+1+1,BRE-FUL-FUL-HUL-LIV,BRE,FUL,FUL,HUL,LIV,3.33,2.8,3.0,2.33,2.83,2.8182,0.5732
4,2+1+1+1,BRE-FUL-FUL-HUL-MCI,BRE,FUL,FUL,HUL,MCI,3.33,2.8,3.0,2.33,2.83,2.8182,0.5732
5,1+1+1+1+1,BRE-FUL-HUL-LIV-NEW,BRE,FUL,HUL,LIV,NEW,3.33,2.8,3.0,2.33,2.83,2.8182,0.5732
5,1+1+1+1+1,BRE-FUL-HUL-MCI-NEW,BRE,FUL,HUL,MCI,NEW,3.33,2.8,3.0,2.33,2.83,2.8182,0.5732
4,2+1+1+1,BRE-HUL-LIV-NEW-NEW,BRE,HUL,LIV,NEW,NEW,3.33,2.8,3.0,2.33,2.83,2.8182,0.5732
4,2+1+1+1,BRE-HUL-MCI-NEW-NEW,BRE,HUL,MCI,NEW,NEW,3.33,2.8,3.0,2.33,2.83,2.8182,0.5732
3,2+2+1,FUL-FUL-HUL-LIV-LIV,FUL,FUL,HUL,LIV,LIV,3.33,2.8,3.0,2.33,2.83,2.8182,0.5732
4,2+1+1+1,FUL-FUL-HUL-LIV-MCI,FUL,FUL,HUL,LIV,MCI,3.33,2.8,3.0,2.33,2.83,2.8182,0.5732
3,2+2+1,FUL-FUL-HUL-MCI-MCI,FUL,FUL,HUL,MCI,MCI,3.33,2.8,3.0,2.33,2.83,2.8182,0.5732
4,2+1+1+1,FUL-HUL-LIV-LIV-NEW,FUL,HUL,LIV,LIV,NEW,3.33,2.8,3.0,2.33,2.83,2.8182,0.5732
5,1+1+1+1+1,FUL-HUL-LIV-MCI-NEW,FUL,HUL,LIV,MCI,NEW,3.33,2.8,3.0,2.33,2.83,2.8182,0.5732
4,2+1+1+1,FUL-HUL-MCI-MCI-NEW,FUL,HUL,MCI,MCI,NEW,3.33,2.8,3.0,2.33,2.83,2.8182,0.5732
3,2+2+1,HUL-LIV-LIV-NEW-NEW,HUL,LIV,LIV,NEW,NEW,3.33,2.8,3.0,2.33,2.83,2.8182,0.5732
4,2+1+1+1,HUL-LIV-MCI-NEW-NEW,HUL,LIV,MCI,NEW,NEW,3.33,2.8,3.0,2.33,2.83,2.8182,0.5732
3,2+2+1,HUL-MCI-MCI-NEW-NEW,HUL,MCI,MCI,NEW,NEW,3.33,2.8,3.0,2.33,2.83,2.8182,0.5732
3,2+2+1,BRE-BRE-EVE-EVE-FUL,BRE,BRE,EVE,EVE,FUL,3.0,3.0,3.0,2.33,2.67,2.8182,-0.2
3,2+2+1,BRE-BRE-EVE-EVE-NEW,BRE,BRE,EVE,EVE,NEW,3.0,3.0,3.0,2.33,2.67,2.8182,-0.2
4,2+1+1+1,BRE-EVE-EVE-FUL-LIV,BRE,EVE,EVE,FUL,LIV,3.0,3.0,3.0,2.33,2.67,2.8182,-0.2
4,2+1+1+1,BRE-EVE-EVE-FUL-MCI,BRE,EVE,EVE,FUL,MCI,3.0,3.0,3.0,2.33,2.67,2.8182,-0.2
4,2+1+1+1,BRE-EVE-EVE-LIV-NEW,BRE,EVE,EVE,LIV,NEW,3.0,3.0,3.0,2.33,2.67,2.8182,-0.2
4,2+1+1+1,BRE-EVE-EVE-MCI-NEW,BRE,EVE,EVE,MCI,NEW,3.0,3.0,3.0,2.33,2.67,2.8182,-0.2
3,2+2+1,EVE-EVE-FUL-LIV-LIV,EVE,EVE,FUL,LIV,LIV,3.0,3.0,3.0,2.33,2.67,2.8182,-0.2
4,2+1+1+1,EVE-EVE-FUL-LIV-MCI,EVE,EVE,FUL,LIV,MCI,3.0,3.0,3.0,2.33,2.67,2.8182,-0.2
3,2+2+1,EVE-EVE-FUL-MCI-MCI,EVE,EVE,FUL,MCI,MCI,3.0,3.0,3.0,2.33,2.67,2.8182,-0.2
3,2+2+1,EVE-EVE-LEE-LIV-LIV,EVE,EVE,LEE,LIV,LIV,3.0,3.0,3.0,2.33,2.67,2.8182,-0.2
4,2+1+1+1,EVE-EVE-LEE-LIV-MCI,EVE,EVE,LEE,LIV,MCI,3.0,3.0,3.0,2.33,2.67,2.8182,-0.2
3,2+2+1,EVE-EVE-LEE-MCI-MCI,EVE,EVE,LEE,MCI,MCI,3.0,3.0,3.0,2.33,2.67,2.8182,-0.2
3,2+2+1,EVE-EVE-LIV-LIV-NEW,EVE,EVE,LIV,LIV,NEW,3.0,3.0,3.0,2.33,2.67,2.8182,-0.2
4,2+1+1+1,EVE-EVE-LIV-MCI-NEW,EVE,EVE,LIV,MCI,NEW,3.0,3.0,3.0,2.33,2.67,2.8182,-0.2
3,2+2+1,EVE-EVE-MCI-MCI-NEW,EVE,EVE,MCI,MCI,NEW,3.0,3.0,3.0,2.33,2.67,2.8182,-0.2
4,2+1+1+1,EVE-FUL-LEE-LIV-LIV,EVE,FUL,LEE,LIV,LIV,3.0,3.0,3.0,2.33,2.67,2.8182,-0.05
5,1+1+1+1+1,EVE-FUL-LEE-LIV-MCI,EVE,FUL,LEE,LIV,MCI,3.0,3.0,3.0,2.33,2.67,2.8182,-0.05
4,2+1+1+1,EVE-FUL-LEE-MCI-MCI,EVE,FUL,LEE,MCI,MCI,3.0,3.0,3.0,2.33,2.67,2.8182,-0.05
4,2+1+1+1,EVE-LEE-LIV-LIV-NEW,EVE,LEE,LIV,LIV,NEW,3.0,3.0,3.0,2.33,2.67,2.8182,-0.05
5,1+1+1+1+1,EVE-LEE-LIV-MCI-NEW,EVE,LEE,LIV,MCI,NEW,3.0,3.0,3.0,2.33,2.67,2.8182,-0.05
4,2+1+1+1,EVE-LEE-MCI-MCI-NEW,EVE,LEE,MCI,MCI,NEW,3.0,3.0,3.0,2.33,2.67,2.8182,-0.05
3,2+2+1,EVE-LEE-LEE-LIV-LIV,EVE,LEE,LEE,LIV,LIV,3.0,3.0,3.0,2.33,2.67,2.8182,0.0
4,2+1+1+1,EVE-LEE-LEE-LIV-MCI,EVE,LEE,LEE,LIV,MCI,3.0,3.0,3.0,2.33,2.67,2.8182,0.0
3,2+2+1,EVE-LEE-LEE-MCI-MCI,EVE,LEE,LEE,MCI,MCI,3.0,3.0,3.0,2.33,2.67,2.8182,0.0
3,2+2+1,BRE-BRE-EVE-FUL-FUL,BRE,BRE,EVE,FUL,FUL,3.0,3.0,3.0,2.33,2.67,2.8182,0.1
4,2+1+1+1,BRE-BRE-EVE-FUL-NEW,BRE,BRE,EVE,FUL,NEW,3.0,3.0,3.0,2.33,2.67,2.8182,0.1
3,2+2+1,BRE-BRE-EVE-NEW-NEW,BRE,BRE,EVE,NEW,NEW,3.0,3.0,3.0,2.33,2.67,2.8182,0.1
4,2+1+1+1,BRE-EVE-FUL-FUL-LIV,BRE,EVE,FUL,FUL,LIV,3.0,3.0,3.0,2.33,2.67,2.8182,0.1
4,2+1+1+1,BRE-EVE-FUL-FUL-MCI,BRE,EVE,FUL,FUL,MCI,3.0,3.0,3.0,2.33,2.67,2.8182,0.1
5,1+1+1+1+1,BRE-EVE-FUL-LIV-NEW,BRE,EVE,FUL,LIV,NEW,3.0,3.0,3.0,2.33,2.67,2.8182,0.1
5,1+1+1+1+1,BRE-EVE-FUL-MCI-NEW,BRE,EVE,FUL,MCI,NEW,3.0,3.0,3.0,2.33,2.67,2.8182,0.1
4,2+1+1+1,BRE-EVE-LIV-NEW-NEW,BRE,EVE,LIV,NEW,NEW,3.0,3.0,3.0,2.33,2.67,2.8182,0.1
4,2+1+1+1,BRE-EVE-MCI-NEW-NEW,BRE,EVE,MCI,NEW,NEW,3.0,3.0,3.0,2.33,2.67,2.8182,0.1
3,2+2+1,EVE-FUL-FUL-LIV-LIV,EVE,FUL,FUL,LIV,LIV,3.0,3.0,3.0,2.33,2.67,2.8182,0.1
4,2+1+1+1,EVE-FUL-FUL-LIV-MCI,EVE,FUL,FUL,LIV,MCI,3.0,3.0,3.0,2.33,2.67,2.8182,0.1
3,2+2+1,EVE-FUL-FUL-MCI-MCI,EVE,FUL,FUL,MCI,MCI,3.0,3.0,3.0,2.33,2.67,2.8182,0.1
4,2+1+1+1,EVE-FUL-LIV-LIV-NEW,EVE,FUL,LIV,LIV,NEW,3.0,3.0,3.0,2.33,2.67,2.8182,0.1
5,1+1+1+1+1,EVE-FUL-LIV-MCI-NEW,EVE,FUL,LIV,MCI,NEW,3.0,3.0,3.0,2.33,2.67,2.8182,0.1
4,2+1+1+1,EVE-FUL-MCI-MCI-NEW,EVE,FUL,MCI,MCI,NEW,3.0,3.0,3.0,2.33,2.67,2.8182,0.1
3,2+2+1,EVE-LIV-LIV-NEW-NEW,EVE,LIV,LIV,NEW,NEW,3.0,3.0,3.0,2.33,2.67,2.8182,0.1
4,2+1+1+1,EVE-LIV-MCI-NEW-NEW,EVE,LIV,MCI,NEW,NEW,3.0,3.0,3.0,2.33,2.67,2.8182,0.1
3,2+2+1,EVE-MCI-MCI-NEW-NEW,EVE,MCI,MCI,NEW,NEW,3.0,3.0,3.0,2.33,2.67,2.8182,0.1
3,2+2+1,BOU-LEE-LEE-LIV-LIV,BOU,LEE,LEE,LIV,LIV,3.0,3.0,3.0,2.33,2.67,2.8182,0.3
4,2+1+1+1,BOU-LEE-LEE-LIV-MCI,BOU,LEE,LEE,LIV,MCI,3.0,3.0,3.0,2.33,2.67,2.8182,0.3
3,2+2+1,BOU-LEE-LEE-MCI-MCI,BOU,LEE,LEE,MCI,MCI,3.0,3.0,3.0,2.33,2.67,2.8182,0.3
3,2+2+1,FUL-LEE-LEE-LIV-LIV,FUL,LEE,LEE,LIV,LIV,3.0,3.0,3.0,2.33,2.67,2.8182,0.3
4,2+1+1+1,FUL-LEE-LEE-LIV-MCI,FUL,LEE,LEE,LIV,MCI,3.0,3.0,3.0,2.33,2.67,2.8182,0.3
3,2+2+1,FUL-LEE-LEE-MCI-MCI,FUL,LEE,LEE,MCI,MCI,3.0,3.0,3.0,2.33,2.67,2.8182,0.3
3,2+2+1,LEE-LEE-LIV-LIV-NEW,LEE,LEE,LIV,LIV,NEW,3.0,3.0,3.0,2.33,2.67,2.8182,0.3
4,2+1+1+1,LEE-LEE-LIV-MCI-NEW,LEE,LEE,LIV,MCI,NEW,3.0,3.0,3.0,2.33,2.67,2.8182,0.3
3,2+2+1,LEE-LEE-MCI-MCI-NEW,LEE,LEE,MCI,MCI,NEW,3.0,3.0,3.0,2.33,2.67,2.8182,0.3
3,2+2+1,BOU-BOU-LEE-LIV-LIV,BOU,BOU,LEE,LIV,LIV,3.0,3.0,3.0,2.33,2.67,2.8182,0.4
4,2+1+1+1,BOU-BOU-LEE-LIV-MCI,BOU,BOU,LEE,LIV,MCI,3.0,3.0,3.0,2.33,2.67,2.8182,0.4
3,2+2+1,BOU-BOU-LEE-MCI-MCI,BOU,BOU,LEE,MCI,MCI,3.0,3.0,3.0,2.33,2.67,2.8182,0.4
4,2+1+1+1,BOU-FUL-LEE-LIV-LIV,BOU,FUL,LEE,LIV,LIV,3.0,3.0,3.0,2.33,2.67,2.8182,0.4
5,1+1+1+1+1,BOU-FUL-LEE-LIV-MCI,BOU,FUL,LEE,LIV,MCI,3.0,3.0,3.0,2.33,2.67,2.8182,0.4
4,2+1+1+1,BOU-FUL-LEE-MCI-MCI,BOU,FUL,LEE,MCI,MCI,3.0,3.0,3.0,2.33,2.67,2.8182,0.4
4,2+1+1+1,BOU-LEE-LIV-LIV-NEW,BOU,LEE,LIV,LIV,NEW,3.0,3.0,3.0,2.33,2.67,2.8182,0.4
5,1+1+1+1+1,BOU-LEE-LIV-MCI-NEW,BOU,LEE,LIV,MCI,NEW,3.0,3.0,3.0,2.33,2.67,2.8182,0.4
4,2+1+1+1,BOU-LEE-MCI-MCI-NEW,BOU,LEE,MCI,MCI,NEW,3.0,3.0,3.0,2.33,2.67,2.8182,0.4
3,2+2+1,FUL-FUL-LEE-LIV-LIV,FUL,FUL,LEE,LIV,LIV,3.0,3.0,3.0,2.33,2.67,2.8182,0.4
4,2+1+1+1,FUL-FUL-LEE-LIV-MCI,FUL,FUL,LEE,LIV,MCI,3.0,3.0,3.0,2.33,2.67,2.8182,0.4
3,2+2+1,FUL-FUL-LEE-MCI-MCI,FUL,FUL,LEE,MCI,MCI,3.0,3.0,3.0,2.33,2.67,2.8182,0.4
4,2+1+1+1,FUL-LEE-LIV-LIV-NEW,FUL,LEE,LIV,LIV,NEW,3.0,3.0,3.0,2.33,2.67,2.8182,0.4
5,1+1+1+1+1,FUL-LEE-LIV-MCI-NEW,FUL,LEE,LIV,MCI,NEW,3.0,3.0,3.0,2.33,2.67,2.8182,0.4
4,2+1+1+1,FUL-LEE-MCI-MCI-NEW,FUL,LEE,MCI,MCI,NEW,3.0,3.0,3.0,2.33,2.67,2.8182,0.4
2,3+2,LEE-LEE-LEE-LIV-LIV,LEE,LEE,LEE,LIV,LIV,3.0,3.0,3.0,2.33,2.67,2.8182,0.4
3,3+1+1,LEE-LEE-LEE-LIV-MCI,LEE,LEE,LEE,LIV,MCI,3.0,3.0,3.0,2.33,2.67,2.8182,0.4
2,3+2,LEE-LEE-LEE-MCI-MCI,LEE,LEE,LEE,MCI,MCI,3.0,3.0,3.0,2.33,2.67,2.8182,0.4
3,2+2+1,LEE-LIV-LIV-NEW-NEW,LEE,LIV,LIV,NEW,NEW,3.0,3.0,3.0,2.33,2.67,2.8182,0.4
4,2+1+1+1,LEE-LIV-MCI-NEW-NEW,LEE,LIV,MCI,NEW,NEW,3.0,3.0,3.0,2.33,2.67,2.8182,0.4
3,2+2+1,LEE-MCI-MCI-NEW-NEW,LEE,MCI,MCI,NEW,NEW,3.0,3.0,3.0,2.33,2.67,2.8182,0.4
3,2+2+1,CHE-CHE-COV-COV-TOT,CHE,CHE,COV,COV,TOT,3.0,2.0,2.0,4.33,3.67,2.9091,0.8536
2,3+2,COV-COV-COV-TOT-TOT,COV,COV,COV,TOT,TOT,3.67,2.0,2.0,3.67,3.67,2.9091,1.0
3,2+2+1,BRE-CHE-CHE-COV-COV,BRE,CHE,CHE,COV,COV,3.0,2.2,3.0,4.0,3.5,2.9091,0.2134
3,2+2+1,CHE-CHE-COV-COV-LIV,CHE,CHE,COV,COV,LIV,3.0,2.2,3.0,4.0,3.5,2.9091,0.2134
3,2+2+1,CHE-CHE-COV-COV-MCI,CHE,CHE,COV,COV,MCI,3.0,2.2,3.0,4.0,3.5,2.9091,0.2134
3,3+1+1,BRE-COV-COV-COV-TOT,BRE,COV,COV,COV,TOT,3.67,2.2,3.0,3.33,3.5,2.9091,0.4
3,3+1+1,COV-COV-COV-LIV-TOT,COV,COV,COV,LIV,TOT,3.67,2.2,3.0,3.33,3.5,2.9091,0.4
3,3+1+1,COV-COV-COV-MCI-TOT,COV,COV,COV,MCI,TOT,3.67,2.2,3.0,3.33,3.5,2.9091,0.4
3,3+1+1,COV-COV-COV-LEE-MUN,COV,COV,COV,LEE,MUN,3.33,2.2,3.0,3.67,3.5,2.9091,0.45
3,3+1+1,COV-COV-COV-LEE-SUN,COV,COV,COV,LEE,SUN,3.33,2.2,3.0,3.67,3.5,2.9091,0.45
4,2+1+1+1,BOU-CHE-COV-COV-MUN,BOU,CHE,COV,COV,MUN,3.33,2.2,3.0,3.67,3.5,2.9091,0.4768
4,2+1+1+1,BOU-CHE-COV-COV-SUN,BOU,CHE,COV,COV,SUN,3.33,2.2,3.0,3.67,3.5,2.9091,0.4768
4,2+1+1+1,CHE-COV-COV-FUL-TOT,CHE,COV,COV,FUL,TOT,3.33,2.2,3.0,3.67,3.5,2.9091,0.6579
4,2+1+1+1,CHE-COV-COV-EVE-TOT,CHE,COV,COV,EVE,TOT,3.0,2.2,3.0,4.0,3.5,2.9091,0.7713
4,2+1+1+1,CHE-CHE-COV-EVE-TOT,CHE,CHE,COV,EVE,TOT,3.0,2.2,3.0,4.0,3.5,2.9091,0.7914
2,3+2,BRE-BRE-COV-COV-COV,BRE,BRE,COV,COV,COV,3.67,2.4,3.0,3.0,3.33,2.9091,0.1
3,3+1+1,BRE-COV-COV-COV-LIV,BRE,COV,COV,COV,LIV,3.67,2.4,3.0,3.0,3.33,2.9091,0.1
3,3+1+1,BRE-COV-COV-COV-MCI,BRE,COV,COV,COV,MCI,3.67,2.4,3.0,3.0,3.33,2.9091,0.1
2,3+2,COV-COV-COV-LIV-LIV,COV,COV,COV,LIV,LIV,3.67,2.4,3.0,3.0,3.33,2.9091,0.1
3,3+1+1,COV-COV-COV-LIV-MCI,COV,COV,COV,LIV,MCI,3.67,2.4,3.0,3.0,3.33,2.9091,0.1
2,3+2,COV-COV-COV-MCI-MCI,COV,COV,COV,MCI,MCI,3.67,2.4,3.0,3.0,3.33,2.9091,0.1
4,2+1+1+1,BRE-CHE-CHE-COV-EVE,BRE,CHE,CHE,COV,EVE,3.0,2.4,3.0,3.67,3.33,2.9091,0.1512
4,2+1+1+1,BRE-CHE-COV-COV-EVE,BRE,CHE,COV,COV,EVE,3.0,2.4,3.0,3.67,3.33,2.9091,0.1512
4,2+1+1+1,CHE-CHE-COV-EVE-LIV,CHE,CHE,COV,EVE,LIV,3.0,2.4,3.0,3.67,3.33,2.9091,0.1512
4,2+1+1+1,CHE-CHE-COV-EVE-MCI,CHE,CHE,COV,EVE,MCI,3.0,2.4,3.0,3.67,3.33,2.9091,0.1512
4,2+1+1+1,CHE-COV-COV-EVE-LIV,CHE,COV,COV,EVE,LIV,3.0,2.4,3.0,3.67,3.33,2.9091,0.1512
4,2+1+1+1,CHE-COV-COV-EVE-MCI,CHE,COV,COV,EVE,MCI,3.0,2.4,3.0,3.67,3.33,2.9091,0.1512
4,2+1+1+1,BRE-CHE-COV-COV-FUL,BRE,CHE,COV,COV,FUL,3.33,2.4,3.0,3.33,3.33,2.9091,0.1878
4,2+1+1+1,BRE-CHE-COV-COV-NEW,BRE,CHE,COV,COV,NEW,3.33,2.4,3.0,3.33,3.33,2.9091,0.1878
4,2+1+1+1,CHE-COV-COV-FUL-LIV,CHE,COV,COV,FUL,LIV,3.33,2.4,3.0,3.33,3.33,2.9091,0.1878
4,2+1+1+1,CHE-COV-COV-FUL-MCI,CHE,COV,COV,FUL,MCI,3.33,2.4,3.0,3.33,3.33,2.9091,0.1878
4,2+1+1+1,CHE-COV-COV-LIV-NEW,CHE,COV,COV,LIV,NEW,3.33,2.4,3.0,3.33,3.33,2.9091,0.1878
4,2+1+1+1,CHE-COV-COV-MCI-NEW,CHE,COV,COV,MCI,NEW,3.33,2.4,3.0,3.33,3.33,2.9091,0.1878
4,2+1+1+1,BOU-CHE-CHE-COV-LEE,BOU,CHE,CHE,COV,LEE,3.0,2.4,3.0,3.67,3.33,2.9091,0.2634
4,2+1+1+1,CHE-CHE-COV-FUL-LEE,CHE,CHE,COV,FUL,LEE,3.0,2.4,3.0,3.67,3.33,2.9091,0.2634
4,2+1+1+1,CHE-CHE-COV-LEE-NEW,CHE,CHE,COV,LEE,NEW,3.0,2.4,3.0,3.67,3.33,2.9091,0.2634
3,2+2+1,CHE-CHE-COV-LEE-LEE,CHE,CHE,COV,LEE,LEE,3.0,2.4,3.0,3.67,3.33,2.9091,0.3512
3,2+2+1,CHE-COV-COV-LEE-LEE,CHE,COV,COV,LEE,LEE,3.0,2.4,3.0,3.67,3.33,2.9091,0.3512
4,2+1+1+1,BOU-COV-COV-FUL-MUN,BOU,COV,COV,FUL,MUN,3.67,2.4,3.0,3.0,3.33,2.9091,0.4
4,2+1+1+1,BOU-COV-COV-MUN-NEW,BOU,COV,COV,MUN,NEW,3.67,2.4,3.0,3.0,3.33,2.9091,0.4
4,2+1+1+1,BOU-COV-COV-NEW-SUN,BOU,COV,COV,NEW,SUN,3.67,2.4,3.0,3.0,3.33,2.9091,0.4
4,2+1+1+1,BOU-COV-COV-LEE-TOT,BOU,COV,COV,LEE,TOT,3.67,2.4,3.0,3.0,3.33,2.9091,0.45
3,3+1+1,EVE-FUL-HUL-HUL-HUL,EVE,FUL,HUL,HUL,HUL,3.67,2.4,3.0,3.0,3.33,2.9091,0.5098
3,3+1+1,EVE-HUL-HUL-HUL-NEW,EVE,HUL,HUL,HUL,NEW,3.67,2.4,3.0,3.0,3.33,2.9091,0.5098
4,2+1+1+1,BOU-BOU-CHE-COV-TOT,BOU,BOU,CHE,COV,TOT,3.67,2.4,3.0,3.0,3.33,2.9091,0.5134
4,2+1+1+1,COV-COV-EVE-FUL-TOT,COV,COV,EVE,FUL,TOT,3.33,2.4,3.0,3.33,3.33,2.9091,0.55
3,3+1+1,BOU-HUL-HUL-HUL-LEE,BOU,HUL,HUL,HUL,LEE,3.67,2.4,3.0,3.0,3.33,2.9091,0.5598
3,3+1+1,FUL-HUL-HUL-HUL-LEE,FUL,HUL,HUL,HUL,LEE,3.67,2.4,3.0,3.0,3.33,2.9091,0.5598
3,3+1+1,HUL-HUL-HUL-LEE-NEW,HUL,HUL,HUL,LEE,NEW,3.67,2.4,3.0,3.0,3.33,2.9091,0.5598
3,2+2+1,BOU-BOU-CHE-HUL-HUL,BOU,BOU,CHE,HUL,HUL,3.67,2.4,3.0,3.0,3.33,2.9091,0.5741
4,2+1+1+1,BOU-CHE-FUL-HUL-HUL,BOU,CHE,FUL,HUL,HUL,3.67,2.4,3.0,3.0,3.33,2.9091,0.5741
4,2+1+1+1,BOU-CHE-HUL-HUL-NEW,BOU,CHE,HUL,HUL,NEW,3.67,2.4,3.0,3.0,3.33,2.9091,0.5741
3,2+2+1,CHE-FUL-FUL-HUL-HUL,CHE,FUL,FUL,HUL,HUL,3.67,2.4,3.0,3.0,3.33,2.9091,0.5741
4,2+1+1+1,CHE-FUL-HUL-HUL-NEW,CHE,FUL,HUL,HUL,NEW,3.67,2.4,3.0,3.0,3.33,2.9091,0.5741
3,2+2+1,CHE-HUL-HUL-NEW-NEW,CHE,HUL,HUL,NEW,NEW,3.67,2.4,3.0,3.0,3.33,2.9091,0.5741
3,2+2+1,CHE-CHE-EVE-EVE-HUL,CHE,CHE,EVE,EVE,HUL,3.0,2.4,3.0,3.67,3.33,2.9091,0.6434
3,2+2+1,BOU-BOU-COV-TOT-TOT,BOU,BOU,COV,TOT,TOT,3.67,2.4,3.0,3.0,3.33,2.9091,0.7
3,2+2+1,COV-COV-EVE-EVE-TOT,COV,COV,EVE,EVE,TOT,3.0,2.4,3.0,3.67,3.33,2.9091,0.7
3,2+2+1,COV-COV-FUL-FUL-TOT,COV,COV,FUL,FUL,TOT,3.67,2.4,3.0,3.0,3.33,2.9091,0.7
4,2+1+1+1,CHE-COV-EVE-EVE-TOT,CHE,COV,EVE,EVE,TOT,3.0,2.4,3.0,3.67,3.33,2.9091,0.7402
3,2+2+1,BOU-BOU-HUL-HUL-TOT,BOU,BOU,HUL,HUL,TOT,3.67,2.4,3.0,3.0,3.33,2.9091,0.8196
4,2+1+1+1,BOU-FUL-HUL-HUL-TOT,BOU,FUL,HUL,HUL,TOT,3.67,2.4,3.0,3.0,3.33,2.9091,0.8196
3,2+2+1,FUL-FUL-HUL-HUL-TOT,FUL,FUL,HUL,HUL,TOT,3.67,2.4,3.0,3.0,3.33,2.9091,0.8196
3,2+2+1,CHE-CHE-EVE-EVE-TOT,CHE,CHE,EVE,EVE,TOT,3.0,2.4,3.0,3.67,3.33,2.9091,0.8292
3,2+2+1,BRE-COV-COV-EVE-EVE,BRE,COV,COV,EVE,EVE,3.0,2.6,3.0,3.33,3.17,2.9091,0.1
4,2+1+1+1,BRE-COV-COV-EVE-FUL,BRE,COV,COV,EVE,FUL,3.33,2.6,3.0,3.0,3.17,2.9091,0.1
4,2+1+1+1,BRE-COV-COV-EVE-NEW,BRE,COV,COV,EVE,NEW,3.33,2.6,3.0,3.0,3.17,2.9091,0.1
3,2+2+1,COV-COV-EVE-EVE-LIV,COV,COV,EVE,EVE,LIV,3.0,2.6,3.0,3.33,3.17,2.9091,0.1
3,2+2+1,COV-COV-EVE-EVE-MCI,COV,COV,EVE,EVE,MCI,3.0,2.6,3.0,3.33,3.17,2.9091,0.1
4,2+1+1+1,COV-COV-EVE-FUL-LIV,COV,COV,EVE,FUL,LIV,3.33,2.6,3.0,3.0,3.17,2.9091,0.1
4,2+1+1+1,COV-COV-EVE-FUL-MCI,COV,COV,EVE,FUL,MCI,3.33,2.6,3.0,3.0,3.17,2.9091,0.1
4,2+1+1+1,COV-COV-EVE-LIV-NEW,COV,COV,EVE,LIV,NEW,3.33,2.6,3.0,3.0,3.17,2.9091,0.1
4,2+1+1+1,COV-COV-EVE-MCI-NEW,COV,COV,EVE,MCI,NEW,3.33,2.6,3.0,3.0,3.17,2.9091,0.1
4,2+1+1+1,BRE-CHE-COV-EVE-EVE,BRE,CHE,COV,EVE,EVE,3.0,2.6,3.0,3.33,3.17,2.9091,0.1201
4,2+1+1+1,CHE-COV-EVE-EVE-LIV,CHE,COV,EVE,EVE,LIV,3.0,2.6,3.0,3.33,3.17,2.9091,0.1201
4,2+1+1+1,CHE-COV-EVE-EVE-MCI,CHE,COV,EVE,EVE,MCI,3.0,2.6,3.0,3.33,3.17,2.9091,0.1201
4,2+1+1+1,BOU-BOU-COV-LEE-MUN,BOU,BOU,COV,LEE,MUN,3.33,2.6,3.0,3.0,3.17,2.9091,0.15
4,2+1+1+1,BOU-BOU-COV-LEE-SUN,BOU,BOU,COV,LEE,SUN,3.33,2.6,3.0,3.0,3.17,2.9091,0.15
4,2+1+1+1,BOU-COV-COV-LEE-LIV,BOU,COV,COV,LEE,LIV,3.67,2.6,3.0,2.67,3.17,2.9091,0.15
4,2+1+1+1,BOU-COV-COV-LEE-MCI,BOU,COV,COV,LEE,MCI,3.67,2.6,3.0,2.67,3.17,2.9091,0.15
3,3+1+1,BOU-BOU-BOU-CHE-MUN,BOU,BOU,BOU,CHE,MUN,3.33,2.6,3.0,3.0,3.17,2.9091,0.1878
3,3+1+1,BOU-BOU-BOU-CHE-SUN,BOU,BOU,BOU,CHE,SUN,3.33,2.6,3.0,3.0,3.17,2.9091,0.1878
3,2+2+1,BRE-CHE-CHE-EVE-EVE,BRE,CHE,CHE,EVE,EVE,3.0,2.6,3.0,3.33,3.17,2.9091,0.189
3,2+2+1,CHE-CHE-EVE-EVE-LIV,CHE,CHE,EVE,EVE,LIV,3.0,2.6,3.0,3.33,3.17,2.9091,0.189
3,2+2+1,CHE-CHE-EVE-EVE-MCI,CHE,CHE,EVE,EVE,MCI,3.0,2.6,3.0,3.33,3.17,2.9091,0.189
4,2+1+1+1,BOU-BOU-BRE-CHE-COV,BOU,BOU,BRE,CHE,COV,3.67,2.6,3.0,2.67,3.17,2.9091,0.1933
4,2+1+1+1,BOU-BOU-CHE-COV-LIV,BOU,BOU,CHE,COV,LIV,3.67,2.6,3.0,2.67,3.17,2.9091,0.1933
4,2+1+1+1,BOU-BOU-CHE-COV-MCI,BOU,BOU,CHE,COV,MCI,3.67,2.6,3.0,2.67,3.17,2.9091,0.1933
4,2+1+1+1,CHE-CHE-EVE-FUL-LEE,CHE,CHE,EVE,FUL,LEE,3.0,2.6,3.0,3.33,3.17,2.9091,0.2012
4,2+1+1+1,CHE-CHE-EVE-LEE-NEW,CHE,CHE,EVE,LEE,NEW,3.0,2.6,3.0,3.33,3.17,2.9091,0.2012
5,1+1+1+1+1,CHE-COV-EVE-FUL-LEE,CHE,COV,EVE,FUL,LEE,3.0,2.6,3.0,3.33,3.17,2.9091,0.2012
5,1+1+1+1+1,CHE-COV-EVE-LEE-NEW,CHE,COV,EVE,LEE,NEW,3.0,2.6,3.0,3.33,3.17,2.9091,0.2012
3,2+2+1,CHE-CHE-EVE-FUL-FUL,CHE,CHE,EVE,FUL,FUL,3.0,2.6,3.0,3.33,3.17,2.9091,0.2134
4,2+1+1+1,CHE-CHE-EVE-FUL-NEW,CHE,CHE,EVE,FUL,NEW,3.0,2.6,3.0,3.33,3.17,2.9091,0.2134
3,2+2+1,CHE-CHE-EVE-NEW-NEW,CHE,CHE,EVE,NEW,NEW,3.0,2.6,3.0,3.33,3.17,2.9091,0.2134
4,2+1+1+1,EVE-FUL-HUL-HUL-LEE,EVE,FUL,HUL,HUL,LEE,3.33,2.6,3.0,3.0,3.17,2.9091,0.2232
4,2+1+1+1,EVE-HUL-HUL-LEE-NEW,EVE,HUL,HUL,LEE,NEW,3.33,2.6,3.0,3.0,3.17,2.9091,0.2232
5,1+1+1+1+1,BOU-CHE-COV-FUL-LEE,BOU,CHE,COV,FUL,LEE,3.33,2.6,3.0,3.0,3.17,2.9091,0.2378
5,1+1+1+1+1,BOU-CHE-COV-LEE-NEW,BOU,CHE,COV,LEE,NEW,3.33,2.6,3.0,3.0,3.17,2.9091,0.2378
4,2+1+1+1,CHE-COV-FUL-FUL-LEE,CHE,COV,FUL,FUL,LEE,3.33,2.6,3.0,3.0,3.17,2.9091,0.2378
5,1+1+1+1+1,CHE-COV-FUL-LEE-NEW,CHE,COV,FUL,LEE,NEW,3.33,2.6,3.0,3.0,3.17,2.9091,0.2378
4,2+1+1+1,CHE-COV-LEE-NEW-NEW,CHE,COV,LEE,NEW,NEW,3.33,2.6,3.0,3.0,3.17,2.9091,0.2378
4,2+1+1+1,CHE-EVE-FUL-FUL-HUL,CHE,EVE,FUL,FUL,HUL,3.33,2.6,3.0,3.0,3.17,2.9091,0.2626
5,1+1+1+1+1,CHE-EVE-FUL-HUL-NEW,CHE,EVE,FUL,HUL,NEW,3.33,2.6,3.0,3.0,3.17,2.9091,0.2626
4,2+1+1+1,CHE-EVE-HUL-NEW-NEW,CHE,EVE,HUL,NEW,NEW,3.33,2.6,3.0,3.0,3.17,2.9091,0.2626
4,2+1+1+1,BOU-BOU-CHE-HUL-LEE,BOU,BOU,CHE,HUL,LEE,3.33,2.6,3.0,3.0,3.17,2.9091,0.2681
5,1+1+1+1+1,BOU-CHE-FUL-HUL-LEE,BOU,CHE,FUL,HUL,LEE,3.33,2.6,3.0,3.0,3.17,2.9091,0.2681
5,1+1+1+1+1,BOU-CHE-HUL-LEE-NEW,BOU,CHE,HUL,LEE,NEW,3.33,2.6,3.0,3.0,3.17,2.9091,0.2681
4,2+1+1+1,CHE-FUL-FUL-HUL-LEE,CHE,FUL,FUL,HUL,LEE,3.33,2.6,3.0,3.0,3.17,2.9091,0.2681
5,1+1+1+1+1,CHE-FUL-HUL-LEE-NEW,CHE,FUL,HUL,LEE,NEW,3.33,2.6,3.0,3.0,3.17,2.9091,0.2681
4,2+1+1+1,CHE-HUL-LEE-NEW-NEW,CHE,HUL,LEE,NEW,NEW,3.33,2.6,3.0,3.0,3.17,2.9091,0.2681
3,2+2+1,EVE-EVE-FUL-HUL-HUL,EVE,EVE,FUL,HUL,HUL,3.33,2.6,3.0,3.0,3.17,2.9091,0.2732
3,2+2+1,EVE-EVE-HUL-HUL-NEW,EVE,EVE,HUL,HUL,NEW,3.33,2.6,3.0,3.0,3.17,2.9091,0.2732
3,2+2+1,BOU-BOU-CHE-CHE-FUL,BOU,BOU,CHE,CHE,FUL,3.33,2.6,3.0,3.0,3.17,2.9091,0.2866
3,2+2+1,BOU-BOU-CHE-CHE-NEW,BOU,BOU,CHE,CHE,NEW,3.33,2.6,3.0,3.0,3.17,2.9091,0.2866
3,2+2+1,BOU-CHE-CHE-FUL-FUL,BOU,CHE,CHE,FUL,FUL,3.33,2.6,3.0,3.0,3.17,2.9091,0.2866
4,2+1+1+1,BOU-CHE-CHE-FUL-NEW,BOU,CHE,CHE,FUL,NEW,3.33,2.6,3.0,3.0,3.17,2.9091,0.2866
3,2+2+1,BOU-CHE-CHE-NEW-NEW,BOU,CHE,CHE,NEW,NEW,3.33,2.6,3.0,3.0,3.17,2.9091,0.2866
2,3+2,CHE-CHE-FUL-FUL-FUL,CHE,CHE,FUL,FUL,FUL,3.33,2.6,3.0,3.0,3.17,2.9091,0.2866
3,2+2+1,CHE-CHE-FUL-FUL-NEW,CHE,CHE,FUL,FUL,NEW,3.33,2.6,3.0,3.0,3.17,2.9091,0.2866
3,2+2+1,CHE-CHE-FUL-NEW-NEW,CHE,CHE,FUL,NEW,NEW,3.33,2.6,3.0,3.0,3.17,2.9091,0.2866
2,3+2,CHE-CHE-NEW-NEW-NEW,CHE,CHE,NEW,NEW,NEW,3.33,2.6,3.0,3.0,3.17,2.9091,0.2866
4,2+1+1+1,CHE-EVE-EVE-FUL-HUL,CHE,EVE,EVE,FUL,HUL,3.0,2.6,3.0,3.33,3.17,2.9091,0.2894
4,2+1+1+1,CHE-EVE-EVE-HUL-NEW,CHE,EVE,EVE,HUL,NEW,3.0,2.6,3.0,3.33,3.17,2.9091,0.2894
3,2+2+1,COV-COV-EVE-LEE-LEE,COV,COV,EVE,LEE,LEE,3.0,2.6,3.0,3.33,3.17,2.9091,0.3
3,2+2+1,COV-COV-FUL-LEE-LEE,COV,COV,FUL,LEE,LEE,3.33,2.6,3.0,3.0,3.17,2.9091,0.3
3,2+2+1,COV-COV-LEE-LEE-NEW,COV,COV,LEE,LEE,NEW,3.33,2.6,3.0,3.0,3.17,2.9091,0.3
4,2+1+1+1,CHE-COV-EVE-LEE-LEE,CHE,COV,EVE,LEE,LEE,3.0,2.6,3.0,3.33,3.17,2.9091,0.3201
4,2+1+1+1,CHE-EVE-EVE-HUL-LEE,CHE,EVE,EVE,HUL,LEE,3.0,2.6,3.0,3.33,3.17,2.9091,0.3217
3,3+1+1,BOU-BOU-BOU-MUN-TOT,BOU,BOU,BOU,MUN,TOT,3.33,2.6,3.0,3.0,3.17,2.9091,0.35
3,3+1+1,BOU-BOU-BOU-TOT-SUN,BOU,BOU,BOU,TOT,SUN,3.33,2.6,3.0,3.0,3.17,2.9091,0.35
4,2+1+1+1,BOU-COV-FUL-FUL-MUN,BOU,COV,FUL,FUL,MUN,3.33,2.6,3.0,3.0,3.17,2.9091,0.35
5,1+1+1+1+1,BOU-COV-FUL-MUN-NEW,BOU,COV,FUL,MUN,NEW,3.33,2.6,3.0,3.0,3.17,2.9091,0.35
4,2+1+1+1,BOU-COV-MUN-NEW-NEW,BOU,COV,MUN,NEW,NEW,3.33,2.6,3.0,3.0,3.17,2.9091,0.35
4,2+1+1+1,BOU-COV-NEW-NEW-SUN,BOU,COV,NEW,NEW,SUN,3.33,2.6,3.0,3.0,3.17,2.9091,0.35
3,3+1+1,COV-FUL-FUL-FUL-MUN,COV,FUL,FUL,FUL,MUN,3.33,2.6,3.0,3.0,3.17,2.9091,0.35
4,2+1+1+1,COV-FUL-FUL-MUN-NEW,COV,FUL,FUL,MUN,NEW,3.33,2.6,3.0,3.0,3.17,2.9091,0.35
4,2+1+1+1,COV-FUL-MUN-NEW-NEW,COV,FUL,MUN,NEW,NEW,3.33,2.6,3.0,3.0,3.17,2.9091,0.35
3,3+1+1,COV-MUN-NEW-NEW-NEW,COV,MUN,NEW,NEW,NEW,3.33,2.6,3.0,3.0,3.17,2.9091,0.35
3,3+1+1,COV-NEW-NEW-NEW-SUN,COV,NEW,NEW,NEW,SUN,3.33,2.6,3.0,3.0,3.17,2.9091,0.35
3,2+2+1,BOU-HUL-HUL-LEE-LEE,BOU,HUL,HUL,LEE,LEE,3.33,2.6,3.0,3.0,3.17,2.9091,0.3732
3,2+2+1,FUL-HUL-HUL-LEE-LEE,FUL,HUL,HUL,LEE,LEE,3.33,2.6,3.0,3.0,3.17,2.9091,0.3732
3,2+2+1,HUL-HUL-LEE-LEE-NEW,HUL,HUL,LEE,LEE,NEW,3.33,2.6,3.0,3.0,3.17,2.9091,0.3732
3,2+2+1,CHE-CHE-EVE-LEE-LEE,CHE,CHE,EVE,LEE,LEE,3.0,2.6,3.0,3.33,3.17,2.9091,0.389
4,2+1+1+1,CHE-EVE-EVE-FUL-TOT,CHE,EVE,EVE,FUL,TOT,3.0,2.6,3.0,3.33,3.17,2.9091,0.3957
4,2+1+1+1,BOU-BOU-BRE-COV-TOT,BOU,BOU,BRE,COV,TOT,3.67,2.6,3.0,2.67,3.17,2.9091,0.4
4,2+1+1+1,BOU-BOU-COV-LIV-TOT,BOU,BOU,COV,LIV,TOT,3.67,2.6,3.0,2.67,3.17,2.9091,0.4
4,2+1+1+1,BOU-BOU-COV-MCI-TOT,BOU,BOU,COV,MCI,TOT,3.67,2.6,3.0,2.67,3.17,2.9091,0.4
5,1+1+1+1+1,BOU-COV-FUL-LEE-TOT,BOU,COV,FUL,LEE,TOT,3.33,2.6,3.0,3.0,3.17,2.9091,0.4
3,2+2+1,BRE-COV-COV-FUL-FUL,BRE,COV,COV,FUL,FUL,3.67,2.6,3.0,2.67,3.17,2.9091,0.4
4,2+1+1+1,BRE-COV-COV-FUL-NEW,BRE,COV,COV,FUL,NEW,3.67,2.6,3.0,2.67,3.17,2.9091,0.4
3,2+2+1,BRE-COV-COV-NEW-NEW,BRE,COV,COV,NEW,NEW,3.67,2.6,3.0,2.67,3.17,2.9091,0.4
3,2+2+1,COV-COV-FUL-FUL-LIV,COV,COV,FUL,FUL,LIV,3.67,2.6,3.0,2.67,3.17,2.9091,0.4
3,2+2+1,COV-COV-FUL-FUL-MCI,COV,COV,FUL,FUL,MCI,3.67,2.6,3.0,2.67,3.17,2.9091,0.4
4,2+1+1+1,COV-COV-FUL-LIV-NEW,COV,COV,FUL,LIV,NEW,3.67,2.6,3.0,2.67,3.17,2.9091,0.4
4,2+1+1+1,COV-COV-FUL-MCI-NEW,COV,COV,FUL,MCI,NEW,3.67,2.6,3.0,2.67,3.17,2.9091,0.4
3,2+2+1,COV-COV-LIV-NEW-NEW,COV,COV,LIV,NEW,NEW,3.67,2.6,3.0,2.67,3.17,2.9091,0.4
3,2+2+1,COV-COV-MCI-NEW-NEW,COV,COV,MCI,NEW,NEW,3.67,2.6,3.0,2.67,3.17,2.9091,0.4
4,2+1+1+1,COV-EVE-EVE-FUL-TOT,COV,EVE,EVE,FUL,TOT,3.0,2.6,3.0,3.33,3.17,2.9091,0.4
4,2+1+1+1,COV-EVE-EVE-LEE-TOT,COV,EVE,EVE,LEE,TOT,3.0,2.6,3.0,3.33,3.17,2.9091,0.4
4,2+1+1+1,COV-EVE-FUL-FUL-TOT,COV,EVE,FUL,FUL,TOT,3.33,2.6,3.0,3.0,3.17,2.9091,0.4
4,2+1+1+1,COV-FUL-FUL-LEE-TOT,COV,FUL,FUL,LEE,TOT,3.33,2.6,3.0,3.0,3.17,2.9091,0.4
2,3+2,EVE-EVE-EVE-HUL-HUL,EVE,EVE,EVE,HUL,HUL,3.0,2.6,3.0,3.33,3.17,2.9091,0.4
4,2+1+1+1,BOU-BOU-FUL-HUL-MUN,BOU,BOU,FUL,HUL,MUN,3.33,2.6,3.0,3.0,3.17,2.9091,0.4098
4,2+1+1+1,BOU-BOU-HUL-MUN-NEW,BOU,BOU,HUL,MUN,NEW,3.33,2.6,3.0,3.0,3.17,2.9091,0.4098
4,2+1+1+1,BOU-BOU-HUL-NEW-SUN,BOU,BOU,HUL,NEW,SUN,3.33,2.6,3.0,3.0,3.17,2.9091,0.4098
4,2+1+1+1,BOU-FUL-FUL-HUL-MUN,BOU,FUL,FUL,HUL,MUN,3.33,2.6,3.0,3.0,3.17,2.9091,0.4098
5,1+1+1+1+1,BOU-FUL-HUL-MUN-NEW,BOU,FUL,HUL,MUN,NEW,3.33,2.6,3.0,3.0,3.17,2.9091,0.4098
4,2+1+1+1,BOU-HUL-MUN-NEW-NEW,BOU,HUL,MUN,NEW,NEW,3.33,2.6,3.0,3.0,3.17,2.9091,0.4098
4,2+1+1+1,BOU-HUL-NEW-NEW-SUN,BOU,HUL,NEW,NEW,SUN,3.33,2.6,3.0,3.0,3.17,2.9091,0.4098
4,2+1+1+1,EVE-FUL-FUL-HUL-TOT,EVE,FUL,FUL,HUL,TOT,3.33,2.6,3.0,3.0,3.17,2.9091,0.4098
3,3+1+1,FUL-FUL-FUL-HUL-MUN,FUL,FUL,FUL,HUL,MUN,3.33,2.6,3.0,3.0,3.17,2.9091,0.4098
4,2+1+1+1,FUL-FUL-HUL-MUN-NEW,FUL,FUL,HUL,MUN,NEW,3.33,2.6,3.0,3.0,3.17,2.9091,0.4098
4,2+1+1+1,FUL-HUL-MUN-NEW-NEW,FUL,HUL,MUN,NEW,NEW,3.33,2.6,3.0,3.0,3.17,2.9091,0.4098
3,3+1+1,HUL-MUN-NEW-NEW-NEW,HUL,MUN,NEW,NEW,NEW,3.33,2.6,3.0,3.0,3.17,2.9091,0.4098
3,3+1+1,HUL-NEW-NEW-NEW-SUN,HUL,NEW,NEW,NEW,SUN,3.33,2.6,3.0,3.0,3.17,2.9091,0.4098
4,2+1+1+1,BOU-BOU-HUL-LEE-TOT,BOU,BOU,HUL,LEE,TOT,3.33,2.6,3.0,3.0,3.17,2.9091,0.4598
5,1+1+1+1+1,BOU-FUL-HUL-LEE-TOT,BOU,FUL,HUL,LEE,TOT,3.33,2.6,3.0,3.0,3.17,2.9091,0.4598
4,2+1+1+1,FUL-FUL-HUL-LEE-TOT,FUL,FUL,HUL,LEE,TOT,3.33,2.6,3.0,3.0,3.17,2.9091,0.4598
4,2+1+1+1,CHE-EVE-EVE-LEE-TOT,CHE,EVE,EVE,LEE,TOT,3.0,2.6,3.0,3.33,3.17,2.9091,0.4646
4,2+1+1+1,BOU-BOU-CHE-FUL-TOT,BOU,BOU,CHE,FUL,TOT,3.33,2.6,3.0,3.0,3.17,2.9091,0.4689
4,2+1+1+1,BOU-CHE-FUL-FUL-TOT,BOU,CHE,FUL,FUL,TOT,3.33,2.6,3.0,3.0,3.17,2.9091,0.4689
3,3+1+1,CHE-FUL-FUL-FUL-TOT,CHE,FUL,FUL,FUL,TOT,3.33,2.6,3.0,3.0,3.17,2.9091,0.4689
3,3+1+1,EVE-EVE-EVE-HUL-TOT,EVE,EVE,EVE,HUL,TOT,3.0,2.6,3.0,3.33,3.17,2.9091,0.5366
3,2+2+1,BOU-BOU-BRE-HUL-HUL,BOU,BOU,BRE,HUL,HUL,3.67,2.6,3.0,2.67,3.17,2.9091,0.6464
3,2+2+1,BOU-BOU-HUL-HUL-LIV,BOU,BOU,HUL,HUL,LIV,3.67,2.6,3.0,2.67,3.17,2.9091,0.6464
3,2+2+1,BOU-BOU-HUL-HUL-MCI,BOU,BOU,HUL,HUL,MCI,3.67,2.6,3.0,2.67,3.17,2.9091,0.6464
4,2+1+1+1,BOU-BRE-FUL-HUL-HUL,BOU,BRE,FUL,HUL,HUL,3.67,2.6,3.0,2.67,3.17,2.9091,0.6464
4,2+1+1+1,BOU-BRE-HUL-HUL-NEW,BOU,BRE,HUL,HUL,NEW,3.67,2.6,3.0,2.67,3.17,2.9091,0.6464
4,2+1+1+1,BOU-FUL-HUL-HUL-LIV,BOU,FUL,HUL,HUL,LIV,3.67,2.6,3.0,2.67,3.17,2.9091,0.6464
4,2+1+1+1,BOU-FUL-HUL-HUL-MCI,BOU,FUL,HUL,HUL,MCI,3.67,2.6,3.0,2.67,3.17,2.9091,0.6464
4,2+1+1+1,BOU-HUL-HUL-LIV-NEW,BOU,HUL,HUL,LIV,NEW,3.67,2.6,3.0,2.67,3.17,2.9091,0.6464
4,2+1+1+1,BOU-HUL-HUL-MCI-NEW,BOU,HUL,HUL,MCI,NEW,3.67,2.6,3.0,2.67,3.17,2.9091,0.6464
3,2+2+1,BRE-FUL-FUL-HUL-HUL,BRE,FUL,FUL,HUL,HUL,3.67,2.6,3.0,2.67,3.17,2.9091,0.6464
4,2+1+1+1,BRE-FUL-HUL-HUL-NEW,BRE,FUL,HUL,HUL,NEW,3.67,2.6,3.0,2.67,3.17,2.9091,0.6464
3,2+2+1,BRE-HUL-HUL-NEW-NEW,BRE,HUL,HUL,NEW,NEW,3.67,2.6,3.0,2.67,3.17,2.9091,0.6464
3,2+2+1,FUL-FUL-HUL-HUL-LIV,FUL,FUL,HUL,HUL,LIV,3.67,2.6,3.0,2.67,3.17,2.9091,0.6464
3,2+2+1,FUL-FUL-HUL-HUL-MCI,FUL,FUL,HUL,HUL,MCI,3.67,2.6,3.0,2.67,3.17,2.9091,0.6464
4,2+1+1+1,FUL-HUL-HUL-LIV-NEW,FUL,HUL,HUL,LIV,NEW,3.67,2.6,3.0,2.67,3.17,2.9091,0.6464
4,2+1+1+1,FUL-HUL-HUL-MCI-NEW,FUL,HUL,HUL,MCI,NEW,3.67,2.6,3.0,2.67,3.17,2.9091,0.6464
3,2+2+1,HUL-HUL-LIV-NEW-NEW,HUL,HUL,LIV,NEW,NEW,3.67,2.6,3.0,2.67,3.17,2.9091,0.6464
3,2+2+1,HUL-HUL-MCI-NEW-NEW,HUL,HUL,MCI,NEW,NEW,3.67,2.6,3.0,2.67,3.17,2.9091,0.6464
3,2+2+1,BOU-BOU-FUL-TOT-TOT,BOU,BOU,FUL,TOT,TOT,3.33,2.6,3.0,3.0,3.17,2.9091,0.7
3,2+2+1,BOU-FUL-FUL-TOT-TOT,BOU,FUL,FUL,TOT,TOT,3.33,2.6,3.0,3.0,3.17,2.9091,0.7
2,3+2,EVE-EVE-EVE-TOT-TOT,EVE,EVE,EVE,TOT,TOT,3.0,2.6,3.0,3.33,3.17,2.9091,0.7
2,3+2,FUL-FUL-FUL-TOT-TOT,FUL,FUL,FUL,TOT,TOT,3.33,2.6,3.0,3.0,3.17,2.9091,0.7
3,3+1+1,COV-EVE-EVE-EVE-MUN,COV,EVE,EVE,EVE,MUN,2.67,2.6,3.0,3.67,3.17,2.9091,0.8
3,3+1+1,COV-EVE-EVE-EVE-SUN,COV,EVE,EVE,EVE,SUN,2.67,2.6,3.0,3.67,3.17,2.9091,0.8
3,3+1+1,CHE-EVE-EVE-EVE-MUN,CHE,EVE,EVE,EVE,MUN,2.67,2.6,3.0,3.67,3.17,2.9091,0.978
3,3+1+1,CHE-EVE-EVE-EVE-SUN,CHE,EVE,EVE,EVE,SUN,2.67,2.6,3.0,3.67,3.17,2.9091,0.978
4,2+1+1+1,BRE-CHE-EVE-EVE-FUL,BRE,CHE,EVE,EVE,FUL,3.0,2.8,3.0,3.0,3.0,2.9091,-0.0744
4,2+1+1+1,BRE-CHE-EVE-EVE-NEW,BRE,CHE,EVE,EVE,NEW,3.0,2.8,3.0,3.0,3.0,2.9091,-0.0744
4,2+1+1+1,CHE-EVE-EVE-FUL-LIV,CHE,EVE,EVE,FUL,LIV,3.0,2.8,3.0,3.0,3.0,2.9091,-0.0744
4,2+1+1+1,CHE-EVE-EVE-FUL-MCI,CHE,EVE,EVE,FUL,MCI,3.0,2.8,3.0,3.0,3.0,2.9091,-0.0744
4,2+1+1+1,CHE-EVE-EVE-LIV-NEW,CHE,EVE,EVE,LIV,NEW,3.0,2.8,3.0,3.0,3.0,2.9091,-0.0744
4,2+1+1+1,CHE-EVE-EVE-MCI-NEW,CHE,EVE,EVE,MCI,NEW,3.0,2.8,3.0,3.0,3.0,2.9091,-0.0744
4,2+1+1+1,BRE-COV-EVE-EVE-FUL,BRE,COV,EVE,EVE,FUL,3.0,2.8,3.0,3.0,3.0,2.9091,-0.05
4,2+1+1+1,BRE-COV-EVE-EVE-NEW,BRE,COV,EVE,EVE,NEW,3.0,2.8,3.0,3.0,3.0,2.9091,-0.05
4,2+1+1+1,COV-EVE-EVE-FUL-LIV,COV,EVE,EVE,FUL,LIV,3.0,2.8,3.0,3.0,3.0,2.9091,-0.05
4,2+1+1+1,COV-EVE-EVE-FUL-MCI,COV,EVE,EVE,FUL,MCI,3.0,2.8,3.0,3.0,3.0,2.9091,-0.05
4,2+1+1+1,COV-EVE-EVE-LEE-LIV,COV,EVE,EVE,LEE,LIV,3.0,2.8,3.0,3.0,3.0,2.9091,-0.05
4,2+1+1+1,COV-EVE-EVE-LEE-MCI,COV,EVE,EVE,LEE,MCI,3.0,2.8,3.0,3.0,3.0,2.9091,-0.05
4,2+1+1+1,COV-EVE-EVE-LIV-NEW,COV,EVE,EVE,LIV,NEW,3.0,2.8,3.0,3.0,3.0,2.9091,-0.05
4,2+1+1+1,COV-EVE-EVE-MCI-NEW,COV,EVE,EVE,MCI,NEW,3.0,2.8,3.0,3.0,3.0,2.9091,-0.05
4,2+1+1+1,CHE-EVE-EVE-LEE-LIV,CHE,EVE,EVE,LEE,LIV,3.0,2.8,3.0,3.0,3.0,2.9091,-0.0055
4,2+1+1+1,CHE-EVE-EVE-LEE-MCI,CHE,EVE,EVE,LEE,MCI,3.0,2.8,3.0,3.0,3.0,2.9091,-0.0055
3,3+1+1,BRE-EVE-EVE-EVE-HUL,BRE,EVE,EVE,EVE,HUL,3.0,2.8,3.0,3.0,3.0,2.9091,0.0
3,3+1+1,EVE-EVE-EVE-HUL-LIV,EVE,EVE,EVE,HUL,LIV,3.0,2.8,3.0,3.0,3.0,2.9091,0.0
3,3+1+1,EVE-EVE-EVE-HUL-MCI,EVE,EVE,EVE,HUL,MCI,3.0,2.8,3.0,3.0,3.0,2.9091,0.0
4,2+1+1+1,CHE-EVE-FUL-FUL-LEE,CHE,EVE,FUL,FUL,LEE,3.0,2.8,3.0,3.0,3.0,2.9091,0.0567
5,1+1+1+1+1,CHE-EVE-FUL-LEE-NEW,CHE,EVE,FUL,LEE,NEW,3.0,2.8,3.0,3.0,3.0,2.9091,0.0567
4,2+1+1+1,CHE-EVE-LEE-NEW-NEW,CHE,EVE,LEE,NEW,NEW,3.0,2.8,3.0,3.0,3.0,2.9091,0.0567
4,2+1+1+1,EVE-EVE-FUL-HUL-LEE,EVE,EVE,FUL,HUL,LEE,3.0,2.8,3.0,3.0,3.0,2.9091,0.0866
4,2+1+1+1,EVE-EVE-HUL-LEE-NEW,EVE,EVE,HUL,LEE,NEW,3.0,2.8,3.0,3.0,3.0,2.9091,0.0866
4,2+1+1+1,BRE-COV-EVE-FUL-FUL,BRE,COV,EVE,FUL,FUL,3.33,2.8,3.0,2.67,3.0,2.9091,0.1
5,1+1+1+1+1,BRE-COV-EVE-FUL-NEW,BRE,COV,EVE,FUL,NEW,3.33,2.8,3.0,2.67,3.0,2.9091,0.1
4,2+1+1+1,BRE-COV-EVE-NEW-NEW,BRE,COV,EVE,NEW,NEW,3.33,2.8,3.0,2.67,3.0,2.9091,0.1
3,3+1+1,BRE-EVE-EVE-EVE-TOT,BRE,EVE,EVE,EVE,TOT,3.0,2.8,3.0,3.0,3.0,2.9091,0.1
4,2+1+1+1,COV-EVE-FUL-FUL-LIV,COV,EVE,FUL,FUL,LIV,3.33,2.8,3.0,2.67,3.0,2.9091,0.1
4,2+1+1+1,COV-EVE-FUL-FUL-MCI,COV,EVE,FUL,FUL,MCI,3.33,2.8,3.0,2.67,3.0,2.9091,0.1
5,1+1+1+1+1,COV-EVE-FUL-LIV-NEW,COV,EVE,FUL,LIV,NEW,3.33,2.8,3.0,2.67,3.0,2.9091,0.1
5,1+1+1+1+1,COV-EVE-FUL-MCI-NEW,COV,EVE,FUL,MCI,NEW,3.33,2.8,3.0,2.67,3.0,2.9091,0.1
4,2+1+1+1,COV-EVE-LIV-NEW-NEW,COV,EVE,LIV,NEW,NEW,3.33,2.8,3.0,2.67,3.0,2.9091,0.1
4,2+1+1+1,COV-EVE-MCI-NEW-NEW,COV,EVE,MCI,NEW,NEW,3.33,2.8,3.0,2.67,3.0,2.9091,0.1
3,3+1+1,EVE-EVE-EVE-LIV-TOT,EVE,EVE,EVE,LIV,TOT,3.0,2.8,3.0,3.0,3.0,2.9091,0.1
3,3+1+1,EVE-EVE-EVE-MCI-TOT,EVE,EVE,EVE,MCI,TOT,3.0,2.8,3.0,3.0,3.0,2.9091,0.1
3,3+1+1,EVE-FUL-FUL-FUL-MUN,EVE,FUL,FUL,FUL,MUN,3.0,2.8,3.0,3.0,3.0,2.9091,0.1
4,2+1+1+1,EVE-FUL-FUL-MUN-NEW,EVE,FUL,FUL,MUN,NEW,3.0,2.8,3.0,3.0,3.0,2.9091,0.1
4,2+1+1+1,EVE-FUL-MUN-NEW-NEW,EVE,FUL,MUN,NEW,NEW,3.0,2.8,3.0,3.0,3.0,2.9091,0.1
3,3+1+1,EVE-MUN-NEW-NEW-NEW,EVE,MUN,NEW,NEW,NEW,3.0,2.8,3.0,3.0,3.0,2.9091,0.1
3,3+1+1,EVE-NEW-NEW-NEW-SUN,EVE,NEW,NEW,NEW,SUN,3.0,2.8,3.0,3.0,3.0,2.9091,0.1
4,2+1+1+1,CHE-EVE-FUL-LEE-LEE,CHE,EVE,FUL,LEE,LEE,3.0,2.8,3.0,3.0,3.0,2.9091,0.1256
4,2+1+1+1,CHE-EVE-LEE-LEE-NEW,CHE,EVE,LEE,LEE,NEW,3.0,2.8,3.0,3.0,3.0,2.9091,0.1256
4,2+1+1+1,EVE-FUL-HUL-LEE-LEE,EVE,FUL,HUL,LEE,LEE,3.0,2.8,3.0,3.0,3.0,2.9091,0.1366
4,2+1+1+1,EVE-HUL-LEE-LEE-NEW,EVE,HUL,LEE,LEE,NEW,3.0,2.8,3.0,3.0,3.0,2.9091,0.1366
4,2+1+1+1,BOU-BOU-FUL-LEE-MUN,BOU,BOU,FUL,LEE,MUN,3.0,2.8,3.0,3.0,3.0,2.9091,0.15
4,2+1+1+1,BOU-BOU-LEE-MUN-NEW,BOU,BOU,LEE,MUN,NEW,3.0,2.8,3.0,3.0,3.0,2.9091,0.15
4,2+1+1+1,BOU-BOU-LEE-NEW-SUN,BOU,BOU,LEE,NEW,SUN,3.0,2.8,3.0,3.0,3.0,2.9091,0.15
4,2+1+1+1,BOU-FUL-FUL-LEE-MUN,BOU,FUL,FUL,LEE,MUN,3.0,2.8,3.0,3.0,3.0,2.9091,0.15
5,1+1+1+1+1,BOU-FUL-LEE-MUN-NEW,BOU,FUL,LEE,MUN,NEW,3.0,2.8,3.0,3.0,3.0,2.9091,0.15
4,2+1+1+1,BOU-LEE-MUN-NEW-NEW,BOU,LEE,MUN,NEW,NEW,3.0,2.8,3.0,3.0,3.0,2.9091,0.15
4,2+1+1+1,BOU-LEE-NEW-NEW-SUN,BOU,LEE,NEW,NEW,SUN,3.0,2.8,3.0,3.0,3.0,2.9091,0.15
4,2+1+1+1,COV-EVE-FUL-LEE-LEE,COV,EVE,FUL,LEE,LEE,3.0,2.8,3.0,3.0,3.0,2.9091,0.15
4,2+1+1+1,COV-EVE-LEE-LEE-NEW,COV,EVE,LEE,LEE,NEW,3.0,2.8,3.0,3.0,3.0,2.9091,0.15
4,2+1+1+1,EVE-EVE-FUL-LEE-TOT,EVE,EVE,FUL,LEE,TOT,3.0,2.8,3.0,3.0,3.0,2.9091,0.15
4,2+1+1+1,EVE-FUL-FUL-LEE-TOT,EVE,FUL,FUL,LEE,TOT,3.0,2.8,3.0,3.0,3.0,2.9091,0.15
4,2+1+1+1,EVE-FUL-LEE-LEE-TOT,EVE,FUL,LEE,LEE,TOT,3.0,2.8,3.0,3.0,3.0,2.9091,0.15
3,3+1+1,FUL-FUL-FUL-LEE-MUN,FUL,FUL,FUL,LEE,MUN,3.0,2.8,3.0,3.0,3.0,2.9091,0.15
4,2+1+1+1,FUL-FUL-LEE-MUN-NEW,FUL,FUL,LEE,MUN,NEW,3.0,2.8,3.0,3.0,3.0,2.9091,0.15
4,2+1+1+1,FUL-LEE-MUN-NEW-NEW,FUL,LEE,MUN,NEW,NEW,3.0,2.8,3.0,3.0,3.0,2.9091,0.15
3,3+1+1,LEE-MUN-NEW-NEW-NEW,LEE,MUN,NEW,NEW,NEW,3.0,2.8,3.0,3.0,3.0,2.9091,0.15
3,3+1+1,LEE-NEW-NEW-NEW-SUN,LEE,NEW,NEW,NEW,SUN,3.0,2.8,3.0,3.0,3.0,2.9091,0.15
3,2+2+1,BOU-BOU-CHE-LEE-LEE,BOU,BOU,CHE,LEE,LEE,3.0,2.8,3.0,3.0,3.0,2.9091,0.1622
4,2+1+1+1,BOU-CHE-FUL-LEE-LEE,BOU,CHE,FUL,LEE,LEE,3.0,2.8,3.0,3.0,3.0,2.9091,0.1622
4,2+1+1+1,BOU-CHE-LEE-LEE-NEW,BOU,CHE,LEE,LEE,NEW,3.0,2.8,3.0,3.0,3.0,2.9091,0.1622
3,2+2+1,CHE-FUL-FUL-LEE-LEE,CHE,FUL,FUL,LEE,LEE,3.0,2.8,3.0,3.0,3.0,2.9091,0.1622
4,2+1+1+1,CHE-FUL-LEE-LEE-NEW,CHE,FUL,LEE,LEE,NEW,3.0,2.8,3.0,3.0,3.0,2.9091,0.1622
3,2+2+1,CHE-LEE-LEE-NEW-NEW,CHE,LEE,LEE,NEW,NEW,3.0,2.8,3.0,3.0,3.0,2.9091,0.1622
4,2+1+1+1,BRE-EVE-FUL-FUL-HUL,BRE,EVE,FUL,FUL,HUL,3.33,2.8,3.0,2.67,3.0,2.9091,0.1732
5,1+1+1+1+1,BRE-EVE-FUL-HUL-NEW,BRE,EVE,FUL,HUL,NEW,3.33,2.8,3.0,2.67,3.0,2.9091,0.1732
4,2+1+1+1,BRE-EVE-HUL-NEW-NEW,BRE,EVE,HUL,NEW,NEW,3.33,2.8,3.0,2.67,3.0,2.9091,0.1732
4,2+1+1+1,EVE-FUL-FUL-HUL-LIV,EVE,FUL,FUL,HUL,LIV,3.33,2.8,3.0,2.67,3.0,2.9091,0.1732
4,2+1+1+1,EVE-FUL-FUL-HUL-MCI,EVE,FUL,FUL,HUL,MCI,3.33,2.8,3.0,2.67,3.0,2.9091,0.1732
5,1+1+1+1+1,EVE-FUL-HUL-LIV-NEW,EVE,FUL,HUL,LIV,NEW,3.33,2.8,3.0,2.67,3.0,2.9091,0.1732
5,1+1+1+1+1,EVE-FUL-HUL-MCI-NEW,EVE,FUL,HUL,MCI,NEW,3.33,2.8,3.0,2.67,3.0,2.9091,0.1732
4,2+1+1+1,EVE-HUL-LIV-NEW-NEW,EVE,HUL,LIV,NEW,NEW,3.33,2.8,3.0,2.67,3.0,2.9091,0.1732
4,2+1+1+1,EVE-HUL-MCI-NEW-NEW,EVE,HUL,MCI,NEW,NEW,3.33,2.8,3.0,2.67,3.0,2.9091,0.1732
3,3+1+1,BOU-BOU-BOU-BRE-MUN,BOU,BOU,BOU,BRE,MUN,3.33,2.8,3.0,2.67,3.0,2.9091,0.2
3,3+1+1,BOU-BOU-BOU-BRE-SUN,BOU,BOU,BOU,BRE,SUN,3.33,2.8,3.0,2.67,3.0,2.9091,0.2
3,3+1+1,BOU-BOU-BOU-LIV-MUN,BOU,BOU,BOU,LIV,MUN,3.33,2.8,3.0,2.67,3.0,2.9091,0.2
3,3+1+1,BOU-BOU-BOU-LIV-SUN,BOU,BOU,BOU,LIV,SUN,3.33,2.8,3.0,2.67,3.0,2.9091,0.2
3,3+1+1,BOU-BOU-BOU-MCI-MUN,BOU,BOU,BOU,MCI,MUN,3.33,2.8,3.0,2.67,3.0,2.9091,0.2
3,3+1+1,BOU-BOU-BOU-MCI-SUN,BOU,BOU,BOU,MCI,SUN,3.33,2.8,3.0,2.67,3.0,2.9091,0.2
3,2+2+1,EVE-EVE-FUL-FUL-TOT,EVE,EVE,FUL,FUL,TOT,3.0,2.8,3.0,3.0,3.0,2.9091,0.2
3,2+2+1,EVE-EVE-HUL-LEE-LEE,EVE,EVE,HUL,LEE,LEE,3.0,2.8,3.0,3.0,3.0,2.9091,0.2
5,1+1+1+1+1,BOU-COV-FUL-LEE-LIV,BOU,COV,FUL,LEE,LIV,3.33,2.8,3.0,2.67,3.0,2.9091,0.25
5,1+1+1+1+1,BOU-COV-FUL-LEE-MCI,BOU,COV,FUL,LEE,MCI,3.33,2.8,3.0,2.67,3.0,2.9091,0.25
5,1+1+1+1+1,BOU-COV-LEE-LIV-NEW,BOU,COV,LEE,LIV,NEW,3.33,2.8,3.0,2.67,3.0,2.9091,0.25
5,1+1+1+1+1,BOU-COV-LEE-MCI-NEW,BOU,COV,LEE,MCI,NEW,3.33,2.8,3.0,2.67,3.0,2.9091,0.25
4,2+1+1+1,COV-FUL-FUL-LEE-LIV,COV,FUL,FUL,LEE,LIV,3.33,2.8,3.0,2.67,3.0,2.9091,0.25
4,2+1+1+1,COV-FUL-FUL-LEE-MCI,COV,FUL,FUL,LEE,MCI,3.33,2.8,3.0,2.67,3.0,2.9091,0.25
5,1+1+1+1+1,COV-FUL-LEE-LIV-NEW,COV,FUL,LEE,LIV,NEW,3.33,2.8,3.0,2.67,3.0,2.9091,0.25
5,1+1+1+1+1,COV-FUL-LEE-MCI-NEW,COV,FUL,LEE,MCI,NEW,3.33,2.8,3.0,2.67,3.0,2.9091,0.25
4,2+1+1+1,COV-LEE-LIV-NEW-NEW,COV,LEE,LIV,NEW,NEW,3.33,2.8,3.0,2.67,3.0,2.9091,0.25
4,2+1+1+1,COV-LEE-MCI-NEW-NEW,COV,LEE,MCI,NEW,NEW,3.33,2.8,3.0,2.67,3.0,2.9091,0.25
3,3+1+1,BOU-CHE-LEE-LEE-LEE,BOU,CHE,LEE,LEE,LEE,3.0,2.8,3.0,3.0,3.0,2.9091,0.2811
3,3+1+1,CHE-FUL-LEE-LEE-LEE,CHE,FUL,LEE,LEE,LEE,3.0,2.8,3.0,3.0,3.0,2.9091,0.2811
3,3+1+1,CHE-LEE-LEE-LEE-NEW,CHE,LEE,LEE,LEE,NEW,3.0,2.8,3.0,3.0,3.0,2.9091,0.2811
4,2+1+1+1,BOU-BOU-BRE-CHE-FUL,BOU,BOU,BRE,CHE,FUL,3.33,2.8,3.0,2.67,3.0,2.9091,0.2988
4,2+1+1+1,BOU-BOU-BRE-CHE-NEW,BOU,BOU,BRE,CHE,NEW,3.33,2.8,3.0,2.67,3.0,2.9091,0.2988
4,2+1+1+1,BOU-BOU-CHE-FUL-LIV,BOU,BOU,CHE,FUL,LIV,3.33,2.8,3.0,2.67,3.0,2.9091,0.2988
4,2+1+1+1,BOU-BOU-CHE-FUL-MCI,BOU,BOU,CHE,FUL,MCI,3.33,2.8,3.0,2.67,3.0,2.9091,0.2988
4,2+1+1+1,BOU-BOU-CHE-LIV-NEW,BOU,BOU,CHE,LIV,NEW,3.33,2.8,3.0,2.67,3.0,2.9091,0.2988
4,2+1+1+1,BOU-BOU-CHE-MCI-NEW,BOU,BOU,CHE,MCI,NEW,3.33,2.8,3.0,2.67,3.0,2.9091,0.2988
4,2+1+1+1,BOU-BRE-CHE-FUL-FUL,BOU,BRE,CHE,FUL,FUL,3.33,2.8,3.0,2.67,3.0,2.9091,0.2988
5,1+1+1+1+1,BOU-BRE-CHE-FUL-NEW,BOU,BRE,CHE,FUL,NEW,3.33,2.8,3.0,2.67,3.0,2.9091,0.2988
4,2+1+1+1,BOU-BRE-CHE-NEW-NEW,BOU,BRE,CHE,NEW,NEW,3.33,2.8,3.0,2.67,3.0,2.9091,0.2988
4,2+1+1+1,BOU-CHE-FUL-FUL-LIV,BOU,CHE,FUL,FUL,LIV,3.33,2.8,3.0,2.67,3.0,2.9091,0.2988
4,2+1+1+1,BOU-CHE-FUL-FUL-MCI,BOU,CHE,FUL,FUL,MCI,3.33,2.8,3.0,2.67,3.0,2.9091,0.2988
5,1+1+1+1+1,BOU-CHE-FUL-LIV-NEW,BOU,CHE,FUL,LIV,NEW,3.33,2.8,3.0,2.67,3.0,2.9091,0.2988
5,1+1+1+1+1,BOU-CHE-FUL-MCI-NEW,BOU,CHE,FUL,MCI,NEW,3.33,2.8,3.0,2.67,3.0,2.9091,0.2988
4,2+1+1+1,BOU-CHE-LIV-NEW-NEW,BOU,CHE,LIV,NEW,NEW,3.33,2.8,3.0,2.67,3.0,2.9091,0.2988
4,2+1+1+1,BOU-CHE-MCI-NEW-NEW,BOU,CHE,MCI,NEW,NEW,3.33,2.8,3.0,2.67,3.0,2.9091,0.2988
3,3+1+1,BRE-CHE-FUL-FUL-FUL,BRE,CHE,FUL,FUL,FUL,3.33,2.8,3.0,2.67,3.0,2.9091,0.2988
4,2+1+1+1,BRE-CHE-FUL-FUL-NEW,BRE,CHE,FUL,FUL,NEW,3.33,2.8,3.0,2.67,3.0,2.9091,0.2988
4,2+1+1+1,BRE-CHE-FUL-NEW-NEW,BRE,CHE,FUL,NEW,NEW,3.33,2.8,3.0,2.67,3.0,2.9091,0.2988
3,3+1+1,BRE-CHE-NEW-NEW-NEW,BRE,CHE,NEW,NEW,NEW,3.33,2.8,3.0,2.67,3.0,2.9091,0.2988
3,3+1+1,CHE-FUL-FUL-FUL-LIV,CHE,FUL,FUL,FUL,LIV,3.33,2.8,3.0,2.67,3.0,2.9091,0.2988
3,3+1+1,CHE-FUL-FUL-FUL-MCI,CHE,FUL,FUL,FUL,MCI,3.33,2.8,3.0,2.67,3.0,2.9091,0.2988
4,2+1+1+1,CHE-FUL-FUL-LIV-NEW,CHE,FUL,FUL,LIV,NEW,3.33,2.8,3.0,2.67,3.0,2.9091,0.2988
4,2+1+1+1,CHE-FUL-FUL-MCI-NEW,CHE,FUL,FUL,MCI,NEW,3.33,2.8,3.0,2.67,3.0,2.9091,0.2988
4,2+1+1+1,CHE-FUL-LIV-NEW-NEW,CHE,FUL,LIV,NEW,NEW,3.33,2.8,3.0,2.67,3.0,2.9091,0.2988
4,2+1+1+1,CHE-FUL-MCI-NEW-NEW,CHE,FUL,MCI,NEW,NEW,3.33,2.8,3.0,2.67,3.0,2.9091,0.2988
3,3+1+1,CHE-LIV-NEW-NEW-NEW,CHE,LIV,NEW,NEW,NEW,3.33,2.8,3.0,2.67,3.0,2.9091,0.2988
3,3+1+1,CHE-MCI-NEW-NEW-NEW,CHE,MCI,NEW,NEW,NEW,3.33,2.8,3.0,2.67,3.0,2.9091,0.2988
3,2+2+1,BOU-BOU-LEE-LEE-TOT,BOU,BOU,LEE,LEE,TOT,3.0,2.8,3.0,3.0,3.0,2.9091,0.3
4,2+1+1+1,BOU-FUL-LEE-LEE-TOT,BOU,FUL,LEE,LEE,TOT,3.0,2.8,3.0,3.0,3.0,2.9091,0.3
3,2+2+1,EVE-EVE-LEE-LEE-TOT,EVE,EVE,LEE,LEE,TOT,3.0,2.8,3.0,3.0,3.0,2.9091,0.3
3,3+1+1,EVE-HUL-LEE-LEE-LEE,EVE,HUL,LEE,LEE,LEE,3.0,2.8,3.0,3.0,3.0,2.9091,0.3
3,2+2+1,FUL-FUL-LEE-LEE-TOT,FUL,FUL,LEE,LEE,TOT,3.0,2.8,3.0,3.0,3.0,2.9091,0.3
3,3+1+1,BOU-COV-LEE-LEE-LEE,BOU,COV,LEE,LEE,LEE,3.0,2.8,3.0,3.0,3.0,2.9091,0.35
3,3+1+1,BOU-LEE-LEE-LEE-TOT,BOU,LEE,LEE,LEE,TOT,3.0,2.8,3.0,3.0,3.0,2.9091,0.35
3,3+1+1,COV-EVE-LEE-LEE-LEE,COV,EVE,LEE,LEE,LEE,3.0,2.8,3.0,3.0,3.0,2.9091,0.35
3,3+1+1,COV-FUL-LEE-LEE-LEE,COV,FUL,LEE,LEE,LEE,3.0,2.8,3.0,3.0,3.0,2.9091,0.35
3,3+1+1,COV-LEE-LEE-LEE-NEW,COV,LEE,LEE,LEE,NEW,3.0,2.8,3.0,3.0,3.0,2.9091,0.35
3,3+1+1,EVE-LEE-LEE-LEE-TOT,EVE,LEE,LEE,LEE,TOT,3.0,2.8,3.0,3.0,3.0,2.9091,0.35
3,3+1+1,FUL-LEE-LEE-LEE-TOT,FUL,LEE,LEE,LEE,TOT,3.0,2.8,3.0,3.0,3.0,2.9091,0.35
4,2+1+1+1,BOU-BOU-HUL-LEE-LIV,BOU,BOU,HUL,LEE,LIV,3.33,2.8,3.0,2.67,3.0,2.9091,0.3732
4,2+1+1+1,BOU-BOU-HUL-LEE-MCI,BOU,BOU,HUL,LEE,MCI,3.33,2.8,3.0,2.67,3.0,2.9091,0.3732
5,1+1+1+1+1,BOU-FUL-HUL-LEE-LIV,BOU,FUL,HUL,LEE,LIV,3.33,2.8,3.0,2.67,3.0,2.9091,0.3732
5,1+1+1+1+1,BOU-FUL-HUL-LEE-MCI,BOU,FUL,HUL,LEE,MCI,3.33,2.8,3.0,2.67,3.0,2.9091,0.3732
5,1+1+1+1+1,BOU-HUL-LEE-LIV-NEW,BOU,HUL,LEE,LIV,NEW,3.33,2.8,3.0,2.67,3.0,2.9091,0.3732
5,1+1+1+1+1,BOU-HUL-LEE-MCI-NEW,BOU,HUL,LEE,MCI,NEW,3.33,2.8,3.0,2.67,3.0,2.9091,0.3732
4,2+1+1+1,FUL-FUL-HUL-LEE-LIV,FUL,FUL,HUL,LEE,LIV,3.33,2.8,3.0,2.67,3.0,2.9091,0.3732
4,2+1+1+1,FUL-FUL-HUL-LEE-MCI,FUL,FUL,HUL,LEE,MCI,3.33,2.8,3.0,2.67,3.0,2.9091,0.3732
5,1+1+1+1+1,FUL-HUL-LEE-LIV-NEW,FUL,HUL,LEE,LIV,NEW,3.33,2.8,3.0,2.67,3.0,2.9091,0.3732
5,1+1+1+1+1,FUL-HUL-LEE-MCI-NEW,FUL,HUL,LEE,MCI,NEW,3.33,2.8,3.0,2.67,3.0,2.9091,0.3732
4,2+1+1+1,HUL-LEE-LIV-NEW-NEW,HUL,LEE,LIV,NEW,NEW,3.33,2.8,3.0,2.67,3.0,2.9091,0.3732
4,2+1+1+1,HUL-LEE-MCI-NEW-NEW,HUL,LEE,MCI,NEW,NEW,3.33,2.8,3.0,2.67,3.0,2.9091,0.3732
3,3+1+1,BOU-HUL-LEE-LEE-LEE,BOU,HUL,LEE,LEE,LEE,3.0,2.8,3.0,3.0,3.0,2.9091,0.3866
3,3+1+1,FUL-HUL-LEE-LEE-LEE,FUL,HUL,LEE,LEE,LEE,3.0,2.8,3.0,3.0,3.0,2.9091,0.3866
3,3+1+1,HUL-LEE-LEE-LEE-NEW,HUL,LEE,LEE,LEE,NEW,3.0,2.8,3.0,3.0,3.0,2.9091,0.3866
3,3+1+1,CHE-EVE-LEE-LEE-LEE,CHE,EVE,LEE,LEE,LEE,3.0,2.8,3.0,3.0,3.0,2.9091,0.3945
3,2+2+1,BOU-BOU-BRE-BRE-COV,BOU,BOU,BRE,BRE,COV,3.67,2.8,3.0,2.33,3.0,2.9091,0.4
4,2+1+1+1,BOU-BOU-BRE-COV-LIV,BOU,BOU,BRE,COV,LIV,3.67,2.8,3.0,2.33,3.0,2.9091,0.4
4,2+1+1+1,BOU-BOU-BRE-COV-MCI,BOU,BOU,BRE,COV,MCI,3.67,2.8,3.0,2.33,3.0,2.9091,0.4
3,2+2+1,BOU-BOU-COV-LIV-LIV,BOU,BOU,COV,LIV,LIV,3.67,2.8,3.0,2.33,3.0,2.9091,0.4
4,2+1+1+1,BOU-BOU-COV-LIV-MCI,BOU,BOU,COV,LIV,MCI,3.67,2.8,3.0,2.33,3.0,2.9091,0.4
3,2+2+1,BOU-BOU-COV-MCI-MCI,BOU,BOU,COV,MCI,MCI,3.67,2.8,3.0,2.33,3.0,2.9091,0.4
3,3+1+1,EVE-EVE-EVE-FUL-MUN,EVE,EVE,EVE,FUL,MUN,2.67,2.8,3.0,3.33,3.0,2.9091,0.4
3,3+1+1,EVE-EVE-EVE-MUN-NEW,EVE,EVE,EVE,MUN,NEW,2.67,2.8,3.0,3.33,3.0,2.9091,0.4
3,3+1+1,EVE-EVE-EVE-NEW-SUN,EVE,EVE,EVE,NEW,SUN,2.67,2.8,3.0,3.33,3.0,2.9091,0.4
4,2+1+1+1,BOU-BOU-BRE-FUL-TOT,BOU,BOU,BRE,FUL,TOT,3.33,2.8,3.0,2.67,3.0,2.9091,0.55
4,2+1+1+1,BOU-BOU-FUL-LIV-TOT,BOU,BOU,FUL,LIV,TOT,3.33,2.8,3.0,2.67,3.0,2.9091,0.55
4,2+1+1+1,BOU-BOU-FUL-MCI-TOT,BOU,BOU,FUL,MCI,TOT,3.33,2.8,3.0,2.67,3.0,2.9091,0.55
4,2+1+1+1,BOU-BRE-FUL-FUL-TOT,BOU,BRE,FUL,FUL,TOT,3.33,2.8,3.0,2.67,3.0,2.9091,0.55
4,2+1+1+1,BOU-FUL-FUL-LIV-TOT,BOU,FUL,FUL,LIV,TOT,3.33,2.8,3.0,2.67,3.0,2.9091,0.55
4,2+1+1+1,BOU-FUL-FUL-MCI-TOT,BOU,FUL,FUL,MCI,TOT,3.33,2.8,3.0,2.67,3.0,2.9091,0.55
3,3+1+1,BRE-FUL-FUL-FUL-TOT,BRE,FUL,FUL,FUL,TOT,3.33,2.8,3.0,2.67,3.0,2.9091,0.55
3,3+1+1,FUL-FUL-FUL-LIV-TOT,FUL,FUL,FUL,LIV,TOT,3.33,2.8,3.0,2.67,3.0,2.9091,0.55
3,3+1+1,FUL-FUL-FUL-MCI-TOT,FUL,FUL,FUL,MCI,TOT,3.33,2.8,3.0,2.67,3.0,2.9091,0.55
3,3+1+1,EVE-EVE-EVE-LEE-MUN,EVE,EVE,EVE,LEE,MUN,2.67,2.8,3.0,3.33,3.0,2.9091,0.6
3,3+1+1,EVE-EVE-EVE-LEE-SUN,EVE,EVE,EVE,LEE,SUN,2.67,2.8,3.0,3.33,3.0,2.9091,0.6
2,3+2,BRE-BRE-EVE-EVE-EVE,BRE,BRE,EVE,EVE,EVE,3.0,3.0,3.0,2.67,2.83,2.9091,-0.2
3,3+1+1,BRE-EVE-EVE-EVE-LIV,BRE,EVE,EVE,EVE,LIV,3.0,3.0,3.0,2.67,2.83,2.9091,-0.2
3,3+1+1,BRE-EVE-EVE-EVE-MCI,BRE,EVE,EVE,EVE,MCI,3.0,3.0,3.0,2.67,2.83,2.9091,-0.2
2,3+2,EVE-EVE-EVE-LIV-LIV,EVE,EVE,EVE,LIV,LIV,3.0,3.0,3.0,2.67,2.83,2.9091,-0.2
3,3+1+1,EVE-EVE-EVE-LIV-MCI,EVE,EVE,EVE,LIV,MCI,3.0,3.0,3.0,2.67,2.83,2.9091,-0.2
2,3+2,EVE-EVE-EVE-MCI-MCI,EVE,EVE,EVE,MCI,MCI,3.0,3.0,3.0,2.67,2.83,2.9091,-0.2
4,2+1+1+1,EVE-EVE-FUL-LEE-LIV,EVE,EVE,FUL,LEE,LIV,3.0,3.0,3.0,2.67,2.83,2.9091,-0.15
4,2+1+1+1,EVE-EVE-FUL-LEE-MCI,EVE,EVE,FUL,LEE,MCI,3.0,3.0,3.0,2.67,2.83,2.9091,-0.15
4,2+1+1+1,EVE-EVE-LEE-LIV-NEW,EVE,EVE,LEE,LIV,NEW,3.0,3.0,3.0,2.67,2.83,2.9091,-0.15
4,2+1+1+1,EVE-EVE-LEE-MCI-NEW,EVE,EVE,LEE,MCI,NEW,3.0,3.0,3.0,2.67,2.83,2.9091,-0.15
3,2+2+1,BRE-EVE-EVE-FUL-FUL,BRE,EVE,EVE,FUL,FUL,3.0,3.0,3.0,2.67,2.83,2.9091,-0.1
4,2+1+1+1,BRE-EVE-EVE-FUL-NEW,BRE,EVE,EVE,FUL,NEW,3.0,3.0,3.0,2.67,2.83,2.9091,-0.1
3,2+2+1,BRE-EVE-EVE-NEW-NEW,BRE,EVE,EVE,NEW,NEW,3.0,3.0,3.0,2.67,2.83,2.9091,-0.1
3,2+2+1,EVE-EVE-FUL-FUL-LIV,EVE,EVE,FUL,FUL,LIV,3.0,3.0,3.0,2.67,2.83,2.9091,-0.1
3,2+2+1,EVE-EVE-FUL-FUL-MCI,EVE,EVE,FUL,FUL,MCI,3.0,3.0,3.0,2.67,2.83,2.9091,-0.1
4,2+1+1+1,EVE-EVE-FUL-LIV-NEW,EVE,EVE,FUL,LIV,NEW,3.0,3.0,3.0,2.67,2.83,2.9091,-0.1
4,2+1+1+1,EVE-EVE-FUL-MCI-NEW,EVE,EVE,FUL,MCI,NEW,3.0,3.0,3.0,2.67,2.83,2.9091,-0.1
3,2+2+1,EVE-EVE-LIV-NEW-NEW,EVE,EVE,LIV,NEW,NEW,3.0,3.0,3.0,2.67,2.83,2.9091,-0.1
3,2+2+1,EVE-EVE-MCI-NEW-NEW,EVE,EVE,MCI,NEW,NEW,3.0,3.0,3.0,2.67,2.83,2.9091,-0.1
3,2+2+1,EVE-EVE-LEE-LEE-LIV,EVE,EVE,LEE,LEE,LIV,3.0,3.0,3.0,2.67,2.83,2.9091,0.0
3,2+2+1,EVE-EVE-LEE-LEE-MCI,EVE,EVE,LEE,LEE,MCI,3.0,3.0,3.0,2.67,2.83,2.9091,0.0
4,2+1+1+1,EVE-FUL-FUL-LEE-LIV,EVE,FUL,FUL,LEE,LIV,3.0,3.0,3.0,2.67,2.83,2.9091,0.0
4,2+1+1+1,EVE-FUL-FUL-LEE-MCI,EVE,FUL,FUL,LEE,MCI,3.0,3.0,3.0,2.67,2.83,2.9091,0.0
4,2+1+1+1,EVE-FUL-LEE-LEE-LIV,EVE,FUL,LEE,LEE,LIV,3.0,3.0,3.0,2.67,2.83,2.9091,0.0
4,2+1+1+1,EVE-FUL-LEE-LEE-MCI,EVE,FUL,LEE,LEE,MCI,3.0,3.0,3.0,2.67,2.83,2.9091,0.0
5,1+1+1+1+1,EVE-FUL-LEE-LIV-NEW,EVE,FUL,LEE,LIV,NEW,3.0,3.0,3.0,2.67,2.83,2.9091,0.0
5,1+1+1+1+1,EVE-FUL-LEE-MCI-NEW,EVE,FUL,LEE,MCI,NEW,3.0,3.0,3.0,2.67,2.83,2.9091,0.0
4,2+1+1+1,EVE-LEE-LEE-LIV-NEW,EVE,LEE,LEE,LIV,NEW,3.0,3.0,3.0,2.67,2.83,2.9091,0.0
4,2+1+1+1,EVE-LEE-LEE-MCI-NEW,EVE,LEE,LEE,MCI,NEW,3.0,3.0,3.0,2.67,2.83,2.9091,0.0
4,2+1+1+1,EVE-LEE-LIV-NEW-NEW,EVE,LEE,LIV,NEW,NEW,3.0,3.0,3.0,2.67,2.83,2.9091,0.0
4,2+1+1+1,EVE-LEE-MCI-NEW-NEW,EVE,LEE,MCI,NEW,NEW,3.0,3.0,3.0,2.67,2.83,2.9091,0.0
3,3+1+1,EVE-LEE-LEE-LEE-LIV,EVE,LEE,LEE,LEE,LIV,3.0,3.0,3.0,2.67,2.83,2.9091,0.2
3,3+1+1,EVE-LEE-LEE-LEE-MCI,EVE,LEE,LEE,LEE,MCI,3.0,3.0,3.0,2.67,2.83,2.9091,0.2
3,2+2+1,BOU-BOU-LEE-LEE-LIV,BOU,BOU,LEE,LEE,LIV,3.0,3.0,3.0,2.67,2.83,2.9091,0.3
3,2+2+1,BOU-BOU-LEE-LEE-MCI,BOU,BOU,LEE,LEE,MCI,3.0,3.0,3.0,2.67,2.83,2.9091,0.3
4,2+1+1+1,BOU-FUL-LEE-LEE-LIV,BOU,FUL,LEE,LEE,LIV,3.0,3.0,3.0,2.67,2.83,2.9091,0.3
4,2+1+1+1,BOU-FUL-LEE-LEE-MCI,BOU,FUL,LEE,LEE,MCI,3.0,3.0,3.0,2.67,2.83,2.9091,0.3
4,2+1+1+1,BOU-LEE-LEE-LIV-NEW,BOU,LEE,LEE,LIV,NEW,3.0,3.0,3.0,2.67,2.83,2.9091,0.3
4,2+1+1+1,BOU-LEE-LEE-MCI-NEW,BOU,LEE,LEE,MCI,NEW,3.0,3.0,3.0,2.67,2.83,2.9091,0.3
3,2+2+1,FUL-FUL-LEE-LEE-LIV,FUL,FUL,LEE,LEE,LIV,3.0,3.0,3.0,2.67,2.83,2.9091,0.3
3,2+2+1,FUL-FUL-LEE-LEE-MCI,FUL,FUL,LEE,LEE,MCI,3.0,3.0,3.0,2.67,2.83,2.9091,0.3
4,2+1+1+1,FUL-LEE-LEE-LIV-NEW,FUL,LEE,LEE,LIV,NEW,3.0,3.0,3.0,2.67,2.83,2.9091,0.3
4,2+1+1+1,FUL-LEE-LEE-MCI-NEW,FUL,LEE,LEE,MCI,NEW,3.0,3.0,3.0,2.67,2.83,2.9091,0.3
3,2+2+1,LEE-LEE-LIV-NEW-NEW,LEE,LEE,LIV,NEW,NEW,3.0,3.0,3.0,2.67,2.83,2.9091,0.3
3,2+2+1,LEE-LEE-MCI-NEW-NEW,LEE,LEE,MCI,NEW,NEW,3.0,3.0,3.0,2.67,2.83,2.9091,0.3
3,3+1+1,BOU-LEE-LEE-LEE-LIV,BOU,LEE,LEE,LEE,LIV,3.0,3.0,3.0,2.67,2.83,2.9091,0.35
3,3+1+1,BOU-LEE-LEE-LEE-MCI,BOU,LEE,LEE,LEE,MCI,3.0,3.0,3.0,2.67,2.83,2.9091,0.35
3,3+1+1,FUL-LEE-LEE-LEE-LIV,FUL,LEE,LEE,LEE,LIV,3.0,3.0,3.0,2.67,2.83,2.9091,0.35
3,3+1+1,FUL-LEE-LEE-LEE-MCI,FUL,LEE,LEE,LEE,MCI,3.0,3.0,3.0,2.67,2.83,2.9091,0.35
3,3+1+1,LEE-LEE-LEE-LIV-NEW,LEE,LEE,LEE,LIV,NEW,3.0,3.0,3.0,2.67,2.83,2.9091,0.35
3,3+1+1,LEE-LEE-LEE-MCI-NEW,LEE,LEE,LEE,MCI,NEW,3.0,3.0,3.0,2.67,2.83,2.9091,0.35
3,2+2+1,BOU-BOU-BRE-BRE-FUL,BOU,BOU,BRE,BRE,FUL,3.33,3.0,3.0,2.33,2.83,2.9091,0.7
3,2+2+1,BOU-BOU-BRE-BRE-NEW,BOU,BOU,BRE,BRE,NEW,3.33,3.0,3.0,2.33,2.83,2.9091,0.7
4,2+1+1+1,BOU-BOU-BRE-FUL-LIV,BOU,BOU,BRE,FUL,LIV,3.33,3.0,3.0,2.33,2.83,2.9091,0.7
4,2+1+1+1,BOU-BOU-BRE-FUL-MCI,BOU,BOU,BRE,FUL,MCI,3.33,3.0,3.0,2.33,2.83,2.9091,0.7
4,2+1+1+1,BOU-BOU-BRE-LIV-NEW,BOU,BOU,BRE,LIV,NEW,3.33,3.0,3.0,2.33,2.83,2.9091,0.7
4,2+1+1+1,BOU-BOU-BRE-MCI-NEW,BOU,BOU,BRE,MCI,NEW,3.33,3.0,3.0,2.33,2.83,2.9091,0.7
3,2+2+1,BOU-BOU-FUL-LIV-LIV,BOU,BOU,FUL,LIV,LIV,3.33,3.0,3.0,2.33,2.83,2.9091,0.7
4,2+1+1+1,BOU-BOU-FUL-LIV-MCI,BOU,BOU,FUL,LIV,MCI,3.33,3.0,3.0,2.33,2.83,2.9091,0.7
3,2+2+1,BOU-BOU-FUL-MCI-MCI,BOU,BOU,FUL,MCI,MCI,3.33,3.0,3.0,2.33,2.83,2.9091,0.7
3,2+2+1,BOU-BOU-LIV-LIV-NEW,BOU,BOU,LIV,LIV,NEW,3.33,3.0,3.0,2.33,2.83,2.9091,0.7
4,2+1+1+1,BOU-BOU-LIV-MCI-NEW,BOU,BOU,LIV,MCI,NEW,3.33,3.0,3.0,2.33,2.83,2.9091,0.7
3,2+2+1,BOU-BOU-MCI-MCI-NEW,BOU,BOU,MCI,MCI,NEW,3.33,3.0,3.0,2.33,2.83,2.9091,0.7
3,2+2+1,BOU-BRE-BRE-FUL-FUL,BOU,BRE,BRE,FUL,FUL,3.33,3.0,3.0,2.33,2.83,2.9091,0.7
4,2+1+1+1,BOU-BRE-BRE-FUL-NEW,BOU,BRE,BRE,FUL,NEW,3.33,3.0,3.0,2.33,2.83,2.9091,0.7
3,2+2+1,BOU-BRE-BRE-NEW-NEW,BOU,BRE,BRE,NEW,NEW,3.33,3.0,3.0,2.33,2.83,2.9091,0.7
4,2+1+1+1,BOU-BRE-FUL-FUL-LIV,BOU,BRE,FUL,FUL,LIV,3.33,3.0,3.0,2.33,2.83,2.9091,0.7
4,2+1+1+1,BOU-BRE-FUL-FUL-MCI,BOU,BRE,FUL,FUL,MCI,3.33,3.0,3.0,2.33,2.83,2.9091,0.7
5,1+1+1+1+1,BOU-BRE-FUL-LIV-NEW,BOU,BRE,FUL,LIV,NEW,3.33,3.0,3.0,2.33,2.83,2.9091,0.7
5,1+1+1+1+1,BOU-BRE-FUL-MCI-NEW,BOU,BRE,FUL,MCI,NEW,3.33,3.0,3.0,2.33,2.83,2.9091,0.7
4,2+1+1+1,BOU-BRE-LIV-NEW-NEW,BOU,BRE,LIV,NEW,NEW,3.33,3.0,3.0,2.33,2.83,2.9091,0.7
4,2+1+1+1,BOU-BRE-MCI-NEW-NEW,BOU,BRE,MCI,NEW,NEW,3.33,3.0,3.0,2.33,2.83,2.9091,0.7
3,2+2+1,BOU-FUL-FUL-LIV-LIV,BOU,FUL,FUL,LIV,LIV,3.33,3.0,3.0,2.33,2.83,2.9091,0.7
4,2+1+1+1,BOU-FUL-FUL-LIV-MCI,BOU,FUL,FUL,LIV,MCI,3.33,3.0,3.0,2.33,2.83,2.9091,0.7
3,2+2+1,BOU-FUL-FUL-MCI-MCI,BOU,FUL,FUL,MCI,MCI,3.33,3.0,3.0,2.33,2.83,2.9091,0.7
4,2+1+1+1,BOU-FUL-LIV-LIV-NEW,BOU,FUL,LIV,LIV,NEW,3.33,3.0,3.0,2.33,2.83,2.9091,0.7
5,1+1+1+1+1,BOU-FUL-LIV-MCI-NEW,BOU,FUL,LIV,MCI,NEW,3.33,3.0,3.0,2.33,2.83,2.9091,0.7
4,2+1+1+1,BOU-FUL-MCI-MCI-NEW,BOU,FUL,MCI,MCI,NEW,3.33,3.0,3.0,2.33,2.83,2.9091,0.7
3,2+2+1,BOU-LIV-LIV-NEW-NEW,BOU,LIV,LIV,NEW,NEW,3.33,3.0,3.0,2.33,2.83,2.9091,0.7
4,2+1+1+1,BOU-LIV-MCI-NEW-NEW,BOU,LIV,MCI,NEW,NEW,3.33,3.0,3.0,2.33,2.83,2.9091,0.7
3,2+2+1,BOU-MCI-MCI-NEW-NEW,BOU,MCI,MCI,NEW,NEW,3.33,3.0,3.0,2.33,2.83,2.9091,0.7
2,3+2,BRE-BRE-FUL-FUL-FUL,BRE,BRE,FUL,FUL,FUL,3.33,3.0,3.0,2.33,2.83,2.9091,0.7
3,2+2+1,BRE-BRE-FUL-FUL-NEW,BRE,BRE,FUL,FUL,NEW,3.33,3.0,3.0,2.33,2.83,2.9091,0.7
3,2+2+1,BRE-BRE-FUL-NEW-NEW,BRE,BRE,FUL,NEW,NEW,3.33,3.0,3.0,2.33,2.83,2.9091,0.7
2,3+2,BRE-BRE-NEW-NEW-NEW,BRE,BRE,NEW,NEW,NEW,3.33,3.0,3.0,2.33,2.83,2.9091,0.7
3,3+1+1,BRE-FUL-FUL-FUL-LIV,BRE,FUL,FUL,FUL,LIV,3.33,3.0,3.0,2.33,2.83,2.9091,0.7
3,3+1+1,BRE-FUL-FUL-FUL-MCI,BRE,FUL,FUL,FUL,MCI,3.33,3.0,3.0,2.33,2.83,2.9091,0.7
4,2+1+1+1,BRE-FUL-FUL-LIV-NEW,BRE,FUL,FUL,LIV,NEW,3.33,3.0,3.0,2.33,2.83,2.9091,0.7
4,2+1+1+1,BRE-FUL-FUL-MCI-NEW,BRE,FUL,FUL,MCI,NEW,3.33,3.0,3.0,2.33,2.83,2.9091,0.7
4,2+1+1+1,BRE-FUL-LIV-NEW-NEW,BRE,FUL,LIV,NEW,NEW,3.33,3.0,3.0,2.33,2.83,2.9091,0.7
4,2+1+1+1,BRE-FUL-MCI-NEW-NEW,BRE,FUL,MCI,NEW,NEW,3.33,3.0,3.0,2.33,2.83,2.9091,0.7
3,3+1+1,BRE-LIV-NEW-NEW-NEW,BRE,LIV,NEW,NEW,NEW,3.33,3.0,3.0,2.33,2.83,2.9091,0.7
3,3+1+1,BRE-MCI-NEW-NEW-NEW,BRE,MCI,NEW,NEW,NEW,3.33,3.0,3.0,2.33,2.83,2.9091,0.7
2,3+2,FUL-FUL-FUL-LIV-LIV,FUL,FUL,FUL,LIV,LIV,3.33,3.0,3.0,2.33,2.83,2.9091,0.7
3,3+1+1,FUL-FUL-FUL-LIV-MCI,FUL,FUL,FUL,LIV,MCI,3.33,3.0,3.0,2.33,2.83,2.9091,0.7
2,3+2,FUL-FUL-FUL-MCI-MCI,FUL,FUL,FUL,MCI,MCI,3.33,3.0,3.0,2.33,2.83,2.9091,0.7
3,2+2+1,FUL-FUL-LIV-LIV-NEW,FUL,FUL,LIV,LIV,NEW,3.33,3.0,3.0,2.33,2.83,2.9091,0.7
4,2+1+1+1,FUL-FUL-LIV-MCI-NEW,FUL,FUL,LIV,MCI,NEW,3.33,3.0,3.0,2.33,2.83,2.9091,0.7
3,2+2+1,FUL-FUL-MCI-MCI-NEW,FUL,FUL,MCI,MCI,NEW,3.33,3.0,3.0,2.33,2.83,2.9091,0.7
3,2+2+1,FUL-LIV-LIV-NEW-NEW,FUL,LIV,LIV,NEW,NEW,3.33,3.0,3.0,2.33,2.83,2.9091,0.7
4,2+1+1+1,FUL-LIV-MCI-NEW-NEW,FUL,LIV,MCI,NEW,NEW,3.33,3.0,3.0,2.33,2.83,2.9091,0.7
3,2+2+1,FUL-MCI-MCI-NEW-NEW,FUL,MCI,MCI,NEW,NEW,3.33,3.0,3.0,2.33,2.83,2.9091,0.7
2,3+2,LIV-LIV-NEW-NEW-NEW,LIV,LIV,NEW,NEW,NEW,3.33,3.0,3.0,2.33,2.83,2.9091,0.7
3,3+1+1,LIV-MCI-NEW-NEW-NEW,LIV,MCI,NEW,NEW,NEW,3.33,3.0,3.0,2.33,2.83,2.9091,0.7
2,3+2,MCI-MCI-NEW-NEW-NEW,MCI,MCI,NEW,NEW,NEW,3.33,3.0,3.0,2.33,2.83,2.9091,0.7
3,3+1+1,CHE-COV-COV-COV-MUN,CHE,COV,COV,COV,MUN,3.33,2.0,2.0,4.33,3.83,3.0,0.7713
3,3+1+1,CHE-COV-COV-COV-SUN,CHE,COV,COV,COV,SUN,3.33,2.0,2.0,4.33,3.83,3.0,0.7713
3,2+2+1,CHE-CHE-COV-COV-LEE,CHE,CHE,COV,COV,LEE,3.0,2.2,3.0,4.33,3.67,3.0,0.5024
3,3+1+1,COV-COV-COV-FUL-MUN,COV,COV,COV,FUL,MUN,3.67,2.2,3.0,3.67,3.67,3.0,0.55
3,3+1+1,COV-COV-COV-MUN-NEW,COV,COV,COV,MUN,NEW,3.67,2.2,3.0,3.67,3.67,3.0,0.55
3,3+1+1,COV-COV-COV-NEW-SUN,COV,COV,COV,NEW,SUN,3.67,2.2,3.0,3.67,3.67,3.0,0.55
3,3+1+1,COV-COV-COV-LEE-TOT,COV,COV,COV,LEE,TOT,3.67,2.2,3.0,3.67,3.67,3.0,0.6
4,2+1+1+1,BOU-CHE-COV-COV-TOT,BOU,CHE,COV,COV,TOT,3.67,2.2,3.0,3.67,3.67,3.0,0.6579
3,3+1+1,COV-COV-COV-EVE-MUN,COV,COV,COV,EVE,MUN,3.33,2.2,3.0,4.0,3.67,3.0,0.7
3,3+1+1,COV-COV-COV-EVE-SUN,COV,COV,COV,EVE,SUN,3.33,2.2,3.0,4.0,3.67,3.0,0.7
3,3+1+1,COV-COV-COV-LEE-LIV,COV,COV,COV,LEE,LIV,3.67,2.4,3.0,3.33,3.5,3.0,0.15
3,3+1+1,COV-COV-COV-LEE-MCI,COV,COV,COV,LEE,MCI,3.67,2.4,3.0,3.33,3.5,3.0,0.15
4,2+1+1+1,BOU-BRE-CHE-COV-COV,BOU,BRE,CHE,COV,COV,3.67,2.4,3.0,3.33,3.5,3.0,0.1878
4,2+1+1+1,BOU-CHE-COV-COV-LIV,BOU,CHE,COV,COV,LIV,3.67,2.4,3.0,3.33,3.5,3.0,0.1878
4,2+1+1+1,BOU-CHE-COV-COV-MCI,BOU,CHE,COV,COV,MCI,3.67,2.4,3.0,3.33,3.5,3.0,0.1878
4,2+1+1+1,CHE-COV-COV-FUL-LEE,CHE,COV,COV,FUL,LEE,3.33,2.4,3.0,3.67,3.5,3.0,0.3323
4,2+1+1+1,CHE-COV-COV-LEE-NEW,CHE,COV,COV,LEE,NEW,3.33,2.4,3.0,3.67,3.5,3.0,0.3323
4,2+1+1+1,BOU-CHE-CHE-COV-FUL,BOU,CHE,CHE,COV,FUL,3.33,2.4,3.0,3.67,3.5,3.0,0.3756
4,2+1+1+1,BOU-CHE-CHE-COV-NEW,BOU,CHE,CHE,COV,NEW,3.33,2.4,3.0,3.67,3.5,3.0,0.3756
3,2+2+1,CHE-CHE-COV-FUL-FUL,CHE,CHE,COV,FUL,FUL,3.33,2.4,3.0,3.67,3.5,3.0,0.3756
4,2+1+1+1,CHE-CHE-COV-FUL-NEW,CHE,CHE,COV,FUL,NEW,3.33,2.4,3.0,3.67,3.5,3.0,0.3756
3,2+2+1,CHE-CHE-COV-NEW-NEW,CHE,CHE,COV,NEW,NEW,3.33,2.4,3.0,3.67,3.5,3.0,0.3756
3,2+2+1,BOU-BOU-COV-COV-MUN,BOU,BOU,COV,COV,MUN,4.0,2.4,3.0,3.0,3.5,3.0,0.4
3,2+2+1,BOU-BOU-COV-COV-SUN,BOU,BOU,COV,COV,SUN,4.0,2.4,3.0,3.0,3.5,3.0,0.4
4,2+1+1+1,CHE-COV-COV-EVE-LEE,CHE,COV,COV,EVE,LEE,3.0,2.4,3.0,4.0,3.5,3.0,0.4457
4,2+1+1+1,CHE-CHE-COV-EVE-FUL,CHE,CHE,COV,EVE,FUL,3.0,2.4,3.0,4.0,3.5,3.0,0.4524
4,2+1+1+1,CHE-CHE-COV-EVE-NEW,CHE,CHE,COV,EVE,NEW,3.0,2.4,3.0,4.0,3.5,3.0,0.4524
4,2+1+1+1,CHE-CHE-COV-EVE-LEE,CHE,CHE,COV,EVE,LEE,3.0,2.4,3.0,4.0,3.5,3.0,0.4902
4,2+1+1+1,BOU-COV-COV-FUL-TOT,BOU,COV,COV,FUL,TOT,4.0,2.4,3.0,3.0,3.5,3.0,0.7
2,3+2,BOU-BOU-HUL-HUL-HUL,BOU,BOU,HUL,HUL,HUL,4.0,2.4,3.0,3.0,3.5,3.0,0.9196
3,3+1+1,BOU-FUL-HUL-HUL-HUL,BOU,FUL,HUL,HUL,HUL,4.0,2.4,3.0,3.0,3.5,3.0,0.9196
3,3+1+1,BOU-HUL-HUL-HUL-NEW,BOU,HUL,HUL,HUL,NEW,4.0,2.4,3.0,3.0,3.5,3.0,0.9196
2,3+2,FUL-FUL-HUL-HUL-HUL,FUL,FUL,HUL,HUL,HUL,4.0,2.4,3.0,3.0,3.5,3.0,0.9196
3,3+1+1,FUL-HUL-HUL-HUL-NEW,FUL,HUL,HUL,HUL,NEW,4.0,2.4,3.0,3.0,3.5,3.0,0.9196
2,3+2,HUL-HUL-HUL-NEW-NEW,HUL,HUL,HUL,NEW,NEW,4.0,2.4,3.0,3.0,3.5,3.0,0.9196
4,2+1+1+1,BOU-BOU-CHE-COV-LEE,BOU,BOU,CHE,COV,LEE,3.67,2.6,3.0,3.0,3.33,3.0,0.2378
4,2+1+1+1,COV-COV-EVE-FUL-LEE,COV,COV,EVE,FUL,LEE,3.33,2.6,3.0,3.33,3.33,3.0,0.25
4,2+1+1+1,COV-COV-EVE-LEE-NEW,COV,COV,EVE,LEE,NEW,3.33,2.6,3.0,3.33,3.33,3.0,0.25
4,2+1+1+1,CHE-COV-EVE-FUL-FUL,CHE,COV,EVE,FUL,FUL,3.33,2.6,3.0,3.33,3.33,3.0,0.2823
5,1+1+1+1+1,CHE-COV-EVE-FUL-NEW,CHE,COV,EVE,FUL,NEW,3.33,2.6,3.0,3.33,3.33,3.0,0.2823
4,2+1+1+1,CHE-COV-EVE-NEW-NEW,CHE,COV,EVE,NEW,NEW,3.33,2.6,3.0,3.33,3.33,3.0,0.2823
2,3+2,BOU-BOU-BOU-CHE-CHE,BOU,BOU,BOU,CHE,CHE,3.67,2.6,3.0,3.0,3.33,3.0,0.2866
3,2+2+1,BOU-COV-COV-LEE-LEE,BOU,COV,COV,LEE,LEE,3.67,2.6,3.0,3.0,3.33,3.0,0.3
4,2+1+1+1,BOU-BOU-COV-FUL-MUN,BOU,BOU,COV,FUL,MUN,3.67,2.6,3.0,3.0,3.33,3.0,0.35
4,2+1+1+1,BOU-BOU-COV-MUN-NEW,BOU,BOU,COV,MUN,NEW,3.67,2.6,3.0,3.0,3.33,3.0,0.35
4,2+1+1+1,BOU-BOU-COV-NEW-SUN,BOU,BOU,COV,NEW,SUN,3.67,2.6,3.0,3.0,3.33,3.0,0.35
4,2+1+1+1,CHE-COV-EVE-EVE-FUL,CHE,COV,EVE,EVE,FUL,3.0,2.6,3.0,3.67,3.33,3.0,0.3957
4,2+1+1+1,CHE-COV-EVE-EVE-NEW,CHE,COV,EVE,EVE,NEW,3.0,2.6,3.0,3.67,3.33,3.0,0.3957
4,2+1+1+1,BOU-BOU-COV-LEE-TOT,BOU,BOU,COV,LEE,TOT,3.67,2.6,3.0,3.0,3.33,3.0,0.4
4,2+1+1+1,BOU-BRE-COV-COV-FUL,BOU,BRE,COV,COV,FUL,4.0,2.6,3.0,2.67,3.33,3.0,0.4
4,2+1+1+1,BOU-BRE-COV-COV-NEW,BOU,BRE,COV,COV,NEW,4.0,2.6,3.0,2.67,3.33,3.0,0.4
4,2+1+1+1,BOU-COV-COV-FUL-LIV,BOU,COV,COV,FUL,LIV,4.0,2.6,3.0,2.67,3.33,3.0,0.4
4,2+1+1+1,BOU-COV-COV-FUL-MCI,BOU,COV,COV,FUL,MCI,4.0,2.6,3.0,2.67,3.33,3.0,0.4
4,2+1+1+1,BOU-COV-COV-LIV-NEW,BOU,COV,COV,LIV,NEW,4.0,2.6,3.0,2.67,3.33,3.0,0.4
4,2+1+1+1,BOU-COV-COV-MCI-NEW,BOU,COV,COV,MCI,NEW,4.0,2.6,3.0,2.67,3.33,3.0,0.4
3,2+2+1,COV-COV-EVE-EVE-LEE,COV,COV,EVE,EVE,LEE,3.0,2.6,3.0,3.67,3.33,3.0,0.4
3,2+2+1,COV-COV-FUL-FUL-LEE,COV,COV,FUL,FUL,LEE,3.67,2.6,3.0,3.0,3.33,3.0,0.4
4,2+1+1+1,COV-COV-FUL-LEE-NEW,COV,COV,FUL,LEE,NEW,3.67,2.6,3.0,3.0,3.33,3.0,0.4
3,2+2+1,COV-COV-LEE-NEW-NEW,COV,COV,LEE,NEW,NEW,3.67,2.6,3.0,3.0,3.33,3.0,0.4
3,3+1+1,BOU-BOU-BOU-HUL-MUN,BOU,BOU,BOU,HUL,MUN,3.67,2.6,3.0,3.0,3.33,3.0,0.4098
3,3+1+1,BOU-BOU-BOU-HUL-SUN,BOU,BOU,BOU,HUL,SUN,3.67,2.6,3.0,3.0,3.33,3.0,0.4098
3,2+2+1,CHE-CHE-EVE-EVE-FUL,CHE,CHE,EVE,EVE,FUL,3.0,2.6,3.0,3.67,3.33,3.0,0.4402
3,2+2+1,CHE-CHE-EVE-EVE-NEW,CHE,CHE,EVE,EVE,NEW,3.0,2.6,3.0,3.67,3.33,3.0,0.4402
3,2+2+1,EVE-FUL-FUL-HUL-HUL,EVE,FUL,FUL,HUL,HUL,3.67,2.6,3.0,3.0,3.33,3.0,0.4464
4,2+1+1+1,EVE-FUL-HUL-HUL-NEW,EVE,FUL,HUL,HUL,NEW,3.67,2.6,3.0,3.0,3.33,3.0,0.4464
3,2+2+1,EVE-HUL-HUL-NEW-NEW,EVE,HUL,HUL,NEW,NEW,3.67,2.6,3.0,3.0,3.33,3.0,0.4464
4,2+1+1+1,CHE-COV-EVE-EVE-LEE,CHE,COV,EVE,EVE,LEE,3.0,2.6,3.0,3.67,3.33,3.0,0.4646
3,3+1+1,BOU-BOU-BOU-CHE-TOT,BOU,BOU,BOU,CHE,TOT,3.67,2.6,3.0,3.0,3.33,3.0,0.4689
4,2+1+1+1,BOU-CHE-COV-FUL-FUL,BOU,CHE,COV,FUL,FUL,3.67,2.6,3.0,3.0,3.33,3.0,0.4689
5,1+1+1+1+1,BOU-CHE-COV-FUL-NEW,BOU,CHE,COV,FUL,NEW,3.67,2.6,3.0,3.0,3.33,3.0,0.4689
4,2+1+1+1,BOU-CHE-COV-NEW-NEW,BOU,CHE,COV,NEW,NEW,3.67,2.6,3.0,3.0,3.33,3.0,0.4689
3,3+1+1,CHE-COV-FUL-FUL-FUL,CHE,COV,FUL,FUL,FUL,3.67,2.6,3.0,3.0,3.33,3.0,0.4689
4,2+1+1+1,CHE-COV-FUL-FUL-NEW,CHE,COV,FUL,FUL,NEW,3.67,2.6,3.0,3.0,3.33,3.0,0.4689
4,2+1+1+1,CHE-COV-FUL-NEW-NEW,CHE,COV,FUL,NEW,NEW,3.67,2.6,3.0,3.0,3.33,3.0,0.4689
3,3+1+1,CHE-COV-NEW-NEW-NEW,CHE,COV,NEW,NEW,NEW,3.67,2.6,3.0,3.0,3.33,3.0,0.4689
4,2+1+1+1,BOU-BOU-CHE-FUL-HUL,BOU,BOU,CHE,FUL,HUL,3.67,2.6,3.0,3.0,3.33,3.0,0.5358
4,2+1+1+1,BOU-BOU-CHE-HUL-NEW,BOU,BOU,CHE,HUL,NEW,3.67,2.6,3.0,3.0,3.33,3.0,0.5358
4,2+1+1+1,BOU-CHE-FUL-FUL-HUL,BOU,CHE,FUL,FUL,HUL,3.67,2.6,3.0,3.0,3.33,3.0,0.5358
5,1+1+1+1+1,BOU-CHE-FUL-HUL-NEW,BOU,CHE,FUL,HUL,NEW,3.67,2.6,3.0,3.0,3.33,3.0,0.5358
4,2+1+1+1,BOU-CHE-HUL-NEW-NEW,BOU,CHE,HUL,NEW,NEW,3.67,2.6,3.0,3.0,3.33,3.0,0.5358
3,3+1+1,CHE-FUL-FUL-FUL-HUL,CHE,FUL,FUL,FUL,HUL,3.67,2.6,3.0,3.0,3.33,3.0,0.5358
4,2+1+1+1,CHE-FUL-FUL-HUL-NEW,CHE,FUL,FUL,HUL,NEW,3.67,2.6,3.0,3.0,3.33,3.0,0.5358
4,2+1+1+1,CHE-FUL-HUL-NEW-NEW,CHE,FUL,HUL,NEW,NEW,3.67,2.6,3.0,3.0,3.33,3.0,0.5358
3,3+1+1,CHE-HUL-NEW-NEW-NEW,CHE,HUL,NEW,NEW,NEW,3.67,2.6,3.0,3.0,3.33,3.0,0.5358
3,2+2+1,BOU-BOU-HUL-HUL-LEE,BOU,BOU,HUL,HUL,LEE,3.67,2.6,3.0,3.0,3.33,3.0,0.5464
4,2+1+1+1,BOU-FUL-HUL-HUL-LEE,BOU,FUL,HUL,HUL,LEE,3.67,2.6,3.0,3.0,3.33,3.0,0.5464
4,2+1+1+1,BOU-HUL-HUL-LEE-NEW,BOU,HUL,HUL,LEE,NEW,3.67,2.6,3.0,3.0,3.33,3.0,0.5464
3,2+2+1,FUL-FUL-HUL-HUL-LEE,FUL,FUL,HUL,HUL,LEE,3.67,2.6,3.0,3.0,3.33,3.0,0.5464
4,2+1+1+1,FUL-HUL-HUL-LEE-NEW,FUL,HUL,HUL,LEE,NEW,3.67,2.6,3.0,3.0,3.33,3.0,0.5464
3,2+2+1,HUL-HUL-LEE-NEW-NEW,HUL,HUL,LEE,NEW,NEW,3.67,2.6,3.0,3.0,3.33,3.0,0.5464
3,2+2+1,CHE-CHE-EVE-EVE-LEE,CHE,CHE,EVE,EVE,LEE,3.0,2.6,3.0,3.67,3.33,3.0,0.578
3,3+1+1,CHE-EVE-EVE-EVE-HUL,CHE,EVE,EVE,EVE,HUL,3.0,2.6,3.0,3.67,3.33,3.0,0.6162
2,3+2,BOU-BOU-BOU-TOT-TOT,BOU,BOU,BOU,TOT,TOT,3.67,2.6,3.0,3.0,3.33,3.0,0.7
4,2+1+1+1,BOU-COV-FUL-FUL-TOT,BOU,COV,FUL,FUL,TOT,3.67,2.6,3.0,3.0,3.33,3.0,0.7
3,3+1+1,COV-EVE-EVE-EVE-TOT,COV,EVE,EVE,EVE,TOT,3.0,2.6,3.0,3.67,3.33,3.0,0.7
3,3+1+1,COV-FUL-FUL-FUL-TOT,COV,FUL,FUL,FUL,TOT,3.67,2.6,3.0,3.0,3.33,3.0,0.7
4,2+1+1+1,BOU-BOU-FUL-HUL-TOT,BOU,BOU,FUL,HUL,TOT,3.67,2.6,3.0,3.0,3.33,3.0,0.7964
4,2+1+1+1,BOU-FUL-FUL-HUL-TOT,BOU,FUL,FUL,HUL,TOT,3.67,2.6,3.0,3.0,3.33,3.0,0.7964
3,3+1+1,FUL-FUL-FUL-HUL-TOT,FUL,FUL,FUL,HUL,TOT,3.67,2.6,3.0,3.0,3.33,3.0,0.7964
3,3+1+1,CHE-EVE-EVE-EVE-TOT,CHE,EVE,EVE,EVE,TOT,3.0,2.6,3.0,3.67,3.33,3.0,0.8091
3,3+1+1,BRE-COV-EVE-EVE-EVE,BRE,COV,EVE,EVE,EVE,3.0,2.8,3.0,3.33,3.17,3.0,0.1
3,3+1+1,COV-EVE-EVE-EVE-LIV,COV,EVE,EVE,EVE,LIV,3.0,2.8,3.0,3.33,3.17,3.0,0.1
3,3+1+1,COV-EVE-EVE-EVE-MCI,COV,EVE,EVE,EVE,MCI,3.0,2.8,3.0,3.33,3.17,3.0,0.1
3,3+1+1,BOU-BOU-BOU-LEE-MUN,BOU,BOU,BOU,LEE,MUN,3.33,2.8,3.0,3.0,3.17,3.0,0.15
3,3+1+1,BOU-BOU-BOU-LEE-SUN,BOU,BOU,BOU,LEE,SUN,3.33,2.8,3.0,3.0,3.17,3.0,0.15
4,2+1+1+1,COV-EVE-EVE-FUL-LEE,COV,EVE,EVE,FUL,LEE,3.0,2.8,3.0,3.33,3.17,3.0,0.15
4,2+1+1+1,COV-EVE-EVE-LEE-NEW,COV,EVE,EVE,LEE,NEW,3.0,2.8,3.0,3.33,3.17,3.0,0.15
4,2+1+1+1,COV-EVE-FUL-FUL-LEE,COV,EVE,FUL,FUL,LEE,3.33,2.8,3.0,3.0,3.17,3.0,0.15
5,1+1+1+1+1,COV-EVE-FUL-LEE-NEW,COV,EVE,FUL,LEE,NEW,3.33,2.8,3.0,3.0,3.17,3.0,0.15
4,2+1+1+1,COV-EVE-LEE-NEW-NEW,COV,EVE,LEE,NEW,NEW,3.33,2.8,3.0,3.0,3.17,3.0,0.15
3,2+2+1,CHE-EVE-EVE-FUL-FUL,CHE,EVE,EVE,FUL,FUL,3.0,2.8,3.0,3.33,3.17,3.0,0.1512
4,2+1+1+1,CHE-EVE-EVE-FUL-NEW,CHE,EVE,EVE,FUL,NEW,3.0,2.8,3.0,3.33,3.17,3.0,0.1512
3,2+2+1,CHE-EVE-EVE-NEW-NEW,CHE,EVE,EVE,NEW,NEW,3.0,2.8,3.0,3.33,3.17,3.0,0.1512
4,2+1+1+1,CHE-EVE-EVE-FUL-LEE,CHE,EVE,EVE,FUL,LEE,3.0,2.8,3.0,3.33,3.17,3.0,0.1701
4,2+1+1+1,CHE-EVE-EVE-LEE-NEW,CHE,EVE,EVE,LEE,NEW,3.0,2.8,3.0,3.33,3.17,3.0,0.1701
3,2+2+1,EVE-EVE-FUL-FUL-HUL,EVE,EVE,FUL,FUL,HUL,3.33,2.8,3.0,3.0,3.17,3.0,0.1732
4,2+1+1+1,EVE-EVE-FUL-HUL-NEW,EVE,EVE,FUL,HUL,NEW,3.33,2.8,3.0,3.0,3.17,3.0,0.1732
3,2+2+1,EVE-EVE-HUL-NEW-NEW,EVE,EVE,HUL,NEW,NEW,3.33,2.8,3.0,3.0,3.17,3.0,0.1732
4,2+1+1+1,EVE-FUL-FUL-HUL-LEE,EVE,FUL,FUL,HUL,LEE,3.33,2.8,3.0,3.0,3.17,3.0,0.1732
5,1+1+1+1+1,EVE-FUL-HUL-LEE-NEW,EVE,FUL,HUL,LEE,NEW,3.33,2.8,3.0,3.0,3.17,3.0,0.1732
4,2+1+1+1,EVE-HUL-LEE-NEW-NEW,EVE,HUL,LEE,NEW,NEW,3.33,2.8,3.0,3.0,3.17,3.0,0.1732
3,3+1+1,CHE-EVE-FUL-FUL-FUL,CHE,EVE,FUL,FUL,FUL,3.33,2.8,3.0,3.0,3.17,3.0,0.1878
4,2+1+1+1,CHE-EVE-FUL-FUL-NEW,CHE,EVE,FUL,FUL,NEW,3.33,2.8,3.0,3.0,3.17,3.0,0.1878
4,2+1+1+1,CHE-EVE-FUL-NEW-NEW,CHE,EVE,FUL,NEW,NEW,3.33,2.8,3.0,3.0,3.17,3.0,0.1878
3,3+1+1,CHE-EVE-NEW-NEW-NEW,CHE,EVE,NEW,NEW,NEW,3.33,2.8,3.0,3.0,3.17,3.0,0.1878
3,3+1+1,BRE-CHE-EVE-EVE-EVE,BRE,CHE,EVE,EVE,EVE,3.0,2.8,3.0,3.33,3.17,3.0,0.189
3,3+1+1,CHE-EVE-EVE-EVE-LIV,CHE,EVE,EVE,EVE,LIV,3.0,2.8,3.0,3.33,3.17,3.0,0.189
3,3+1+1,CHE-EVE-EVE-EVE-MCI,CHE,EVE,EVE,EVE,MCI,3.0,2.8,3.0,3.33,3.17,3.0,0.189
3,3+1+1,EVE-EVE-EVE-FUL-HUL,EVE,EVE,EVE,FUL,HUL,3.0,2.8,3.0,3.33,3.17,3.0,0.2366
3,3+1+1,EVE-EVE-EVE-HUL-NEW,EVE,EVE,EVE,HUL,NEW,3.0,2.8,3.0,3.33,3.17,3.0,0.2366
4,2+1+1+1,BOU-BOU-CHE-FUL-LEE,BOU,BOU,CHE,FUL,LEE,3.33,2.8,3.0,3.0,3.17,3.0,0.2433
4,2+1+1+1,BOU-BOU-CHE-LEE-NEW,BOU,BOU,CHE,LEE,NEW,3.33,2.8,3.0,3.0,3.17,3.0,0.2433
4,2+1+1+1,BOU-CHE-FUL-FUL-LEE,BOU,CHE,FUL,FUL,LEE,3.33,2.8,3.0,3.0,3.17,3.0,0.2433
5,1+1+1+1+1,BOU-CHE-FUL-LEE-NEW,BOU,CHE,FUL,LEE,NEW,3.33,2.8,3.0,3.0,3.17,3.0,0.2433
4,2+1+1+1,BOU-CHE-LEE-NEW-NEW,BOU,CHE,LEE,NEW,NEW,3.33,2.8,3.0,3.0,3.17,3.0,0.2433
3,3+1+1,CHE-FUL-FUL-FUL-LEE,CHE,FUL,FUL,FUL,LEE,3.33,2.8,3.0,3.0,3.17,3.0,0.2433
4,2+1+1+1,CHE-FUL-FUL-LEE-NEW,CHE,FUL,FUL,LEE,NEW,3.33,2.8,3.0,3.0,3.17,3.0,0.2433
4,2+1+1+1,CHE-FUL-LEE-NEW-NEW,CHE,FUL,LEE,NEW,NEW,3.33,2.8,3.0,3.0,3.17,3.0,0.2433
3,3+1+1,CHE-LEE-NEW-NEW-NEW,CHE,LEE,NEW,NEW,NEW,3.33,2.8,3.0,3.0,3.17,3.0,0.2433
4,2+1+1+1,BOU-BOU-COV-LEE-LIV,BOU,BOU,COV,LEE,LIV,3.67,2.8,3.0,2.67,3.17,3.0,0.25
4,2+1+1+1,BOU-BOU-COV-LEE-MCI,BOU,BOU,COV,LEE,MCI,3.67,2.8,3.0,2.67,3.17,3.0,0.25
3,3+1+1,BOU-BOU-BOU-BRE-CHE,BOU,BOU,BOU,BRE,CHE,3.67,2.8,3.0,2.67,3.17,3.0,0.2988
3,3+1+1,BOU-BOU-BOU-CHE-LIV,BOU,BOU,BOU,CHE,LIV,3.67,2.8,3.0,2.67,3.17,3.0,0.2988
3,3+1+1,BOU-BOU-BOU-CHE-MCI,BOU,BOU,BOU,CHE,MCI,3.67,2.8,3.0,2.67,3.17,3.0,0.2988
4,2+1+1+1,BOU-COV-FUL-LEE-LEE,BOU,COV,FUL,LEE,LEE,3.33,2.8,3.0,3.0,3.17,3.0,0.3
4,2+1+1+1,BOU-COV-LEE-LEE-NEW,BOU,COV,LEE,LEE,NEW,3.33,2.8,3.0,3.0,3.17,3.0,0.3
3,2+2+1,COV-EVE-EVE-LEE-LEE,COV,EVE,EVE,LEE,LEE,3.0,2.8,3.0,3.33,3.17,3.0,0.3
3,2+2+1,COV-FUL-FUL-LEE-LEE,COV,FUL,FUL,LEE,LEE,3.33,2.8,3.0,3.0,3.17,3.0,0.3
4,2+1+1+1,COV-FUL-LEE-LEE-NEW,COV,FUL,LEE,LEE,NEW,3.33,2.8,3.0,3.0,3.17,3.0,0.3
3,2+2+1,COV-LEE-LEE-NEW-NEW,COV,LEE,LEE,NEW,NEW,3.33,2.8,3.0,3.0,3.17,3.0,0.3
3,3+1+1,EVE-EVE-EVE-HUL-LEE,EVE,EVE,EVE,HUL,LEE,3.0,2.8,3.0,3.33,3.17,3.0,0.3
3,3+1+1,EVE-EVE-EVE-FUL-TOT,EVE,EVE,EVE,FUL,TOT,3.0,2.8,3.0,3.33,3.17,3.0,0.35
3,3+1+1,EVE-FUL-FUL-FUL-TOT,EVE,FUL,FUL,FUL,TOT,3.33,2.8,3.0,3.0,3.17,3.0,0.35
3,2+2+1,BOU-BOU-HUL-LEE-LEE,BOU,BOU,HUL,LEE,LEE,3.33,2.8,3.0,3.0,3.17,3.0,0.3732
4,2+1+1+1,BOU-FUL-HUL-LEE-LEE,BOU,FUL,HUL,LEE,LEE,3.33,2.8,3.0,3.0,3.17,3.0,0.3732
4,2+1+1+1,BOU-HUL-LEE-LEE-NEW,BOU,HUL,LEE,LEE,NEW,3.33,2.8,3.0,3.0,3.17,3.0,0.3732
3,2+2+1,FUL-FUL-HUL-LEE-LEE,FUL,FUL,HUL,LEE,LEE,3.33,2.8,3.0,3.0,3.17,3.0,0.3732
4,2+1+1+1,FUL-HUL-LEE-LEE-NEW,FUL,HUL,LEE,LEE,NEW,3.33,2.8,3.0,3.0,3.17,3.0,0.3732
3,2+2+1,HUL-LEE-LEE-NEW-NEW,HUL,LEE,LEE,NEW,NEW,3.33,2.8,3.0,3.0,3.17,3.0,0.3732
3,2+2+1,CHE-EVE-EVE-LEE-LEE,CHE,EVE,EVE,LEE,LEE,3.0,2.8,3.0,3.33,3.17,3.0,0.389
3,2+2+1,BOU-BOU-FUL-FUL-MUN,BOU,BOU,FUL,FUL,MUN,3.33,2.8,3.0,3.0,3.17,3.0,0.4
4,2+1+1+1,BOU-BOU-FUL-MUN-NEW,BOU,BOU,FUL,MUN,NEW,3.33,2.8,3.0,3.0,3.17,3.0,0.4
3,2+2+1,BOU-BOU-MUN-NEW-NEW,BOU,BOU,MUN,NEW,NEW,3.33,2.8,3.0,3.0,3.17,3.0,0.4
3,2+2+1,BOU-BOU-NEW-NEW-SUN,BOU,BOU,NEW,NEW,SUN,3.33,2.8,3.0,3.0,3.17,3.0,0.4
3,3+1+1,BOU-FUL-FUL-FUL-MUN,BOU,FUL,FUL,FUL,MUN,3.33,2.8,3.0,3.0,3.17,3.0,0.4
4,2+1+1+1,BOU-FUL-FUL-MUN-NEW,BOU,FUL,FUL,MUN,NEW,3.33,2.8,3.0,3.0,3.17,3.0,0.4
4,2+1+1+1,BOU-FUL-MUN-NEW-NEW,BOU,FUL,MUN,NEW,NEW,3.33,2.8,3.0,3.0,3.17,3.0,0.4
3,3+1+1,BOU-MUN-NEW-NEW-NEW,BOU,MUN,NEW,NEW,NEW,3.33,2.8,3.0,3.0,3.17,3.0,0.4
3,3+1+1,BOU-NEW-NEW-NEW-SUN,BOU,NEW,NEW,NEW,SUN,3.33,2.8,3.0,3.0,3.17,3.0,0.4
3,3+1+1,FUL-FUL-FUL-MUN-NEW,FUL,FUL,FUL,MUN,NEW,3.33,2.8,3.0,3.0,3.17,3.0,0.4
3,2+2+1,FUL-FUL-MUN-NEW-NEW,FUL,FUL,MUN,NEW,NEW,3.33,2.8,3.0,3.0,3.17,3.0,0.4
3,3+1+1,FUL-MUN-NEW-NEW-NEW,FUL,MUN,NEW,NEW,NEW,3.33,2.8,3.0,3.0,3.17,3.0,0.4
4,2+1+1+1,BOU-BOU-FUL-LEE-TOT,BOU,BOU,FUL,LEE,TOT,3.33,2.8,3.0,3.0,3.17,3.0,0.45
4,2+1+1+1,BOU-FUL-FUL-LEE-TOT,BOU,FUL,FUL,LEE,TOT,3.33,2.8,3.0,3.0,3.17,3.0,0.45
3,3+1+1,EVE-EVE-EVE-LEE-TOT,EVE,EVE,EVE,LEE,TOT,3.0,2.8,3.0,3.33,3.17,3.0,0.45
3,3+1+1,FUL-FUL-FUL-LEE-TOT,FUL,FUL,FUL,LEE,TOT,3.33,2.8,3.0,3.0,3.17,3.0,0.45
3,3+1+1,BOU-BOU-BOU-BRE-TOT,BOU,BOU,BOU,BRE,TOT,3.67,2.8,3.0,2.67,3.17,3.0,0.55
3,3+1+1,BOU-BOU-BOU-LIV-TOT,BOU,BOU,BOU,LIV,TOT,3.67,2.8,3.0,2.67,3.17,3.0,0.55
3,3+1+1,BOU-BOU-BOU-MCI-TOT,BOU,BOU,BOU,MCI,TOT,3.67,2.8,3.0,2.67,3.17,3.0,0.55
4,2+1+1+1,BOU-BRE-COV-FUL-FUL,BOU,BRE,COV,FUL,FUL,3.67,2.8,3.0,2.67,3.17,3.0,0.55
5,1+1+1+1+1,BOU-BRE-COV-FUL-NEW,BOU,BRE,COV,FUL,NEW,3.67,2.8,3.0,2.67,3.17,3.0,0.55
4,2+1+1+1,BOU-BRE-COV-NEW-NEW,BOU,BRE,COV,NEW,NEW,3.67,2.8,3.0,2.67,3.17,3.0,0.55
4,2+1+1+1,BOU-COV-FUL-FUL-LIV,BOU,COV,FUL,FUL,LIV,3.67,2.8,3.0,2.67,3.17,3.0,0.55
4,2+1+1+1,BOU-COV-FUL-FUL-MCI,BOU,COV,FUL,FUL,MCI,3.67,2.8,3.0,2.67,3.17,3.0,0.55
5,1+1+1+1+1,BOU-COV-FUL-LIV-NEW,BOU,COV,FUL,LIV,NEW,3.67,2.8,3.0,2.67,3.17,3.0,0.55
5,1+1+1+1+1,BOU-COV-FUL-MCI-NEW,BOU,COV,FUL,MCI,NEW,3.67,2.8,3.0,2.67,3.17,3.0,0.55
4,2+1+1+1,BOU-COV-LIV-NEW-NEW,BOU,COV,LIV,NEW,NEW,3.67,2.8,3.0,2.67,3.17,3.0,0.55
4,2+1+1+1,BOU-COV-MCI-NEW-NEW,BOU,COV,MCI,NEW,NEW,3.67,2.8,3.0,2.67,3.17,3.0,0.55
3,3+1+1,BRE-COV-FUL-FUL-FUL,BRE,COV,FUL,FUL,FUL,3.67,2.8,3.0,2.67,3.17,3.0,0.55
4,2+1+1+1,BRE-COV-FUL-FUL-NEW,BRE,COV,FUL,FUL,NEW,3.67,2.8,3.0,2.67,3.17,3.0,0.55
4,2+1+1+1,BRE-COV-FUL-NEW-NEW,BRE,COV,FUL,NEW,NEW,3.67,2.8,3.0,2.67,3.17,3.0,0.55
3,3+1+1,BRE-COV-NEW-NEW-NEW,BRE,COV,NEW,NEW,NEW,3.67,2.8,3.0,2.67,3.17,3.0,0.55
3,3+1+1,COV-FUL-FUL-FUL-LIV,COV,FUL,FUL,FUL,LIV,3.67,2.8,3.0,2.67,3.17,3.0,0.55
3,3+1+1,COV-FUL-FUL-FUL-MCI,COV,FUL,FUL,FUL,MCI,3.67,2.8,3.0,2.67,3.17,3.0,0.55
4,2+1+1+1,COV-FUL-FUL-LIV-NEW,COV,FUL,FUL,LIV,NEW,3.67,2.8,3.0,2.67,3.17,3.0,0.55
4,2+1+1+1,COV-FUL-FUL-MCI-NEW,COV,FUL,FUL,MCI,NEW,3.67,2.8,3.0,2.67,3.17,3.0,0.55
4,2+1+1+1,COV-FUL-LIV-NEW-NEW,COV,FUL,LIV,NEW,NEW,3.67,2.8,3.0,2.67,3.17,3.0,0.55
4,2+1+1+1,COV-FUL-MCI-NEW-NEW,COV,FUL,MCI,NEW,NEW,3.67,2.8,3.0,2.67,3.17,3.0,0.55
3,3+1+1,COV-LIV-NEW-NEW-NEW,COV,LIV,NEW,NEW,NEW,3.67,2.8,3.0,2.67,3.17,3.0,0.55
3,3+1+1,COV-MCI-NEW-NEW-NEW,COV,MCI,NEW,NEW,NEW,3.67,2.8,3.0,2.67,3.17,3.0,0.55
4,2+1+1+1,BOU-BOU-BRE-FUL-HUL,BOU,BOU,BRE,FUL,HUL,3.67,2.8,3.0,2.67,3.17,3.0,0.7098
4,2+1+1+1,BOU-BOU-BRE-HUL-NEW,BOU,BOU,BRE,HUL,NEW,3.67,2.8,3.0,2.67,3.17,3.0,0.7098
4,2+1+1+1,BOU-BOU-FUL-HUL-LIV,BOU,BOU,FUL,HUL,LIV,3.67,2.8,3.0,2.67,3.17,3.0,0.7098
4,2+1+1+1,BOU-BOU-FUL-HUL-MCI,BOU,BOU,FUL,HUL,MCI,3.67,2.8,3.0,2.67,3.17,3.0,0.7098
4,2+1+1+1,BOU-BOU-HUL-LIV-NEW,BOU,BOU,HUL,LIV,NEW,3.67,2.8,3.0,2.67,3.17,3.0,0.7098
4,2+1+1+1,BOU-BOU-HUL-MCI-NEW,BOU,BOU,HUL,MCI,NEW,3.67,2.8,3.0,2.67,3.17,3.0,0.7098
4,2+1+1+1,BOU-BRE-FUL-FUL-HUL,BOU,BRE,FUL,FUL,HUL,3.67,2.8,3.0,2.67,3.17,3.0,0.7098
5,1+1+1+1+1,BOU-BRE-FUL-HUL-NEW,BOU,BRE,FUL,HUL,NEW,3.67,2.8,3.0,2.67,3.17,3.0,0.7098
4,2+1+1+1,BOU-BRE-HUL-NEW-NEW,BOU,BRE,HUL,NEW,NEW,3.67,2.8,3.0,2.67,3.17,3.0,0.7098
4,2+1+1+1,BOU-FUL-FUL-HUL-LIV,BOU,FUL,FUL,HUL,LIV,3.67,2.8,3.0,2.67,3.17,3.0,0.7098
4,2+1+1+1,BOU-FUL-FUL-HUL-MCI,BOU,FUL,FUL,HUL,MCI,3.67,2.8,3.0,2.67,3.17,3.0,0.7098
5,1+1+1+1+1,BOU-FUL-HUL-LIV-NEW,BOU,FUL,HUL,LIV,NEW,3.67,2.8,3.0,2.67,3.17,3.0,0.7098
5,1+1+1+1+1,BOU-FUL-HUL-MCI-NEW,BOU,FUL,HUL,MCI,NEW,3.67,2.8,3.0,2.67,3.17,3.0,0.7098
4,2+1+1+1,BOU-HUL-LIV-NEW-NEW,BOU,HUL,LIV,NEW,NEW,3.67,2.8,3.0,2.67,3.17,3.0,0.7098
4,2+1+1+1,BOU-HUL-MCI-NEW-NEW,BOU,HUL,MCI,NEW,NEW,3.67,2.8,3.0,2.67,3.17,3.0,0.7098
3,3+1+1,BRE-FUL-FUL-FUL-HUL,BRE,FUL,FUL,FUL,HUL,3.67,2.8,3.0,2.67,3.17,3.0,0.7098
4,2+1+1+1,BRE-FUL-FUL-HUL-NEW,BRE,FUL,FUL,HUL,NEW,3.67,2.8,3.0,2.67,3.17,3.0,0.7098
4,2+1+1+1,BRE-FUL-HUL-NEW-NEW,BRE,FUL,HUL,NEW,NEW,3.67,2.8,3.0,2.67,3.17,3.0,0.7098
3,3+1+1,BRE-HUL-NEW-NEW-NEW,BRE,HUL,NEW,NEW,NEW,3.67,2.8,3.0,2.67,3.17,3.0,0.7098
3,3+1+1,FUL-FUL-FUL-HUL-LIV,FUL,FUL,FUL,HUL,LIV,3.67,2.8,3.0,2.67,3.17,3.0,0.7098
3,3+1+1,FUL-FUL-FUL-HUL-MCI,FUL,FUL,FUL,HUL,MCI,3.67,2.8,3.0,2.67,3.17,3.0,0.7098
4,2+1+1+1,FUL-FUL-HUL-LIV-NEW,FUL,FUL,HUL,LIV,NEW,3.67,2.8,3.0,2.67,3.17,3.0,0.7098
4,2+1+1+1,FUL-FUL-HUL-MCI-NEW,FUL,FUL,HUL,MCI,NEW,3.67,2.8,3.0,2.67,3.17,3.0,0.7098
4,2+1+1+1,FUL-HUL-LIV-NEW-NEW,FUL,HUL,LIV,NEW,NEW,3.67,2.8,3.0,2.67,3.17,3.0,0.7098
4,2+1+1+1,FUL-HUL-MCI-NEW-NEW,FUL,HUL,MCI,NEW,NEW,3.67,2.8,3.0,2.67,3.17,3.0,0.7098
3,3+1+1,HUL-LIV-NEW-NEW-NEW,HUL,LIV,NEW,NEW,NEW,3.67,2.8,3.0,2.67,3.17,3.0,0.7098
3,3+1+1,HUL-MCI-NEW-NEW-NEW,HUL,MCI,NEW,NEW,NEW,3.67,2.8,3.0,2.67,3.17,3.0,0.7098
3,3+1+1,BRE-EVE-EVE-EVE-FUL,BRE,EVE,EVE,EVE,FUL,3.0,3.0,3.0,3.0,3.0,3.0,-0.1
3,3+1+1,BRE-EVE-EVE-EVE-NEW,BRE,EVE,EVE,EVE,NEW,3.0,3.0,3.0,3.0,3.0,3.0,-0.1
3,3+1+1,EVE-EVE-EVE-FUL-LIV,EVE,EVE,EVE,FUL,LIV,3.0,3.0,3.0,3.0,3.0,3.0,-0.1
3,3+1+1,EVE-EVE-EVE-FUL-MCI,EVE,EVE,EVE,FUL,MCI,3.0,3.0,3.0,3.0,3.0,3.0,-0.1
3,3+1+1,EVE-EVE-EVE-LIV-NEW,EVE,EVE,EVE,LIV,NEW,3.0,3.0,3.0,3.0,3.0,3.0,-0.1
3,3+1+1,EVE-EVE-EVE-MCI-NEW,EVE,EVE,EVE,MCI,NEW,3.0,3.0,3.0,3.0,3.0,3.0,-0.1
3,3+1+1,EVE-EVE-EVE-LEE-LIV,EVE,EVE,EVE,LEE,LIV,3.0,3.0,3.0,3.0,3.0,3.0,0.0
3,3+1+1,EVE-EVE-EVE-LEE-MCI,EVE,EVE,EVE,LEE,MCI,3.0,3.0,3.0,3.0,3.0,3.0,0.0
3,2+2+1,EVE-EVE-FUL-FUL-LEE,EVE,EVE,FUL,FUL,LEE,3.0,3.0,3.0,3.0,3.0,3.0,0.0
4,2+1+1+1,EVE-EVE-FUL-LEE-NEW,EVE,EVE,FUL,LEE,NEW,3.0,3.0,3.0,3.0,3.0,3.0,0.0
3,2+2+1,EVE-EVE-LEE-NEW-NEW,EVE,EVE,LEE,NEW,NEW,3.0,3.0,3.0,3.0,3.0,3.0,0.0
3,2+2+1,EVE-EVE-FUL-LEE-LEE,EVE,EVE,FUL,LEE,LEE,3.0,3.0,3.0,3.0,3.0,3.0,0.1
3,2+2+1,EVE-EVE-LEE-LEE-NEW,EVE,EVE,LEE,LEE,NEW,3.0,3.0,3.0,3.0,3.0,3.0,0.1
3,2+2+1,EVE-FUL-FUL-LEE-LEE,EVE,FUL,FUL,LEE,LEE,3.0,3.0,3.0,3.0,3.0,3.0,0.1
4,2+1+1+1,EVE-FUL-LEE-LEE-NEW,EVE,FUL,LEE,LEE,NEW,3.0,3.0,3.0,3.0,3.0,3.0,0.1
3,2+2+1,EVE-LEE-LEE-NEW-NEW,EVE,LEE,LEE,NEW,NEW,3.0,3.0,3.0,3.0,3.0,3.0,0.1
3,3+1+1,BRE-EVE-FUL-FUL-FUL,BRE,EVE,FUL,FUL,FUL,3.33,3.0,3.0,2.67,3.0,3.0,0.2
4,2+1+1+1,BRE-EVE-FUL-FUL-NEW,BRE,EVE,FUL,FUL,NEW,3.33,3.0,3.0,2.67,3.0,3.0,0.2
4,2+1+1+1,BRE-EVE-FUL-NEW-NEW,BRE,EVE,FUL,NEW,NEW,3.33,3.0,3.0,2.67,3.0,3.0,0.2
3,3+1+1,BRE-EVE-NEW-NEW-NEW,BRE,EVE,NEW,NEW,NEW,3.33,3.0,3.0,2.67,3.0,3.0,0.2
3,3+1+1,EVE-FUL-FUL-FUL-LIV,EVE,FUL,FUL,FUL,LIV,3.33,3.0,3.0,2.67,3.0,3.0,0.2
3,3+1+1,EVE-FUL-FUL-FUL-MCI,EVE,FUL,FUL,FUL,MCI,3.33,3.0,3.0,2.67,3.0,3.0,0.2
4,2+1+1+1,EVE-FUL-FUL-LIV-NEW,EVE,FUL,FUL,LIV,NEW,3.33,3.0,3.0,2.67,3.0,3.0,0.2
4,2+1+1+1,EVE-FUL-FUL-MCI-NEW,EVE,FUL,FUL,MCI,NEW,3.33,3.0,3.0,2.67,3.0,3.0,0.2
4,2+1+1+1,EVE-FUL-LIV-NEW-NEW,EVE,FUL,LIV,NEW,NEW,3.33,3.0,3.0,2.67,3.0,3.0,0.2
4,2+1+1+1,EVE-FUL-MCI-NEW-NEW,EVE,FUL,MCI,NEW,NEW,3.33,3.0,3.0,2.67,3.0,3.0,0.2
3,3+1+1,EVE-LIV-NEW-NEW-NEW,EVE,LIV,NEW,NEW,NEW,3.33,3.0,3.0,2.67,3.0,3.0,0.2
3,3+1+1,EVE-MCI-NEW-NEW-NEW,EVE,MCI,NEW,NEW,NEW,3.33,3.0,3.0,2.67,3.0,3.0,0.2
3,3+1+1,EVE-FUL-LEE-LEE-LEE,EVE,FUL,LEE,LEE,LEE,3.0,3.0,3.0,3.0,3.0,3.0,0.25
3,3+1+1,EVE-LEE-LEE-LEE-NEW,EVE,LEE,LEE,LEE,NEW,3.0,3.0,3.0,3.0,3.0,3.0,0.25
2,3+2,BOU-BOU-LEE-LEE-LEE,BOU,BOU,LEE,LEE,LEE,3.0,3.0,3.0,3.0,3.0,3.0,0.4
3,3+1+1,BOU-FUL-LEE-LEE-LEE,BOU,FUL,LEE,LEE,LEE,3.0,3.0,3.0,3.0,3.0,3.0,0.4
3,3+1+1,BOU-LEE-LEE-LEE-NEW,BOU,LEE,LEE,LEE,NEW,3.0,3.0,3.0,3.0,3.0,3.0,0.4
2,3+2,EVE-EVE-LEE-LEE-LEE,EVE,EVE,LEE,LEE,LEE,3.0,3.0,3.0,3.0,3.0,3.0,0.4
2,3+2,FUL-FUL-LEE-LEE-LEE,FUL,FUL,LEE,LEE,LEE,3.0,3.0,3.0,3.0,3.0,3.0,0.4
3,3+1+1,FUL-LEE-LEE-LEE-NEW,FUL,LEE,LEE,LEE,NEW,3.0,3.0,3.0,3.0,3.0,3.0,0.4
2,3+2,LEE-LEE-LEE-NEW-NEW,LEE,LEE,LEE,NEW,NEW,3.0,3.0,3.0,3.0,3.0,3.0,0.4
4,2+1+1+1,BOU-BOU-FUL-LEE-LIV,BOU,BOU,FUL,LEE,LIV,3.33,3.0,3.0,2.67,3.0,3.0,0.45
4,2+1+1+1,BOU-BOU-FUL-LEE-MCI,BOU,BOU,FUL,LEE,MCI,3.33,3.0,3.0,2.67,3.0,3.0,0.45
4,2+1+1+1,BOU-BOU-LEE-LIV-NEW,BOU,BOU,LEE,LIV,NEW,3.33,3.0,3.0,2.67,3.0,3.0,0.45
4,2+1+1+1,BOU-BOU-LEE-MCI-NEW,BOU,BOU,LEE,MCI,NEW,3.33,3.0,3.0,2.67,3.0,3.0,0.45
4,2+1+1+1,BOU-FUL-FUL-LEE-LIV,BOU,FUL,FUL,LEE,LIV,3.33,3.0,3.0,2.67,3.0,3.0,0.45
4,2+1+1+1,BOU-FUL-FUL-LEE-MCI,BOU,FUL,FUL,LEE,MCI,3.33,3.0,3.0,2.67,3.0,3.0,0.45
5,1+1+1+1+1,BOU-FUL-LEE-LIV-NEW,BOU,FUL,LEE,LIV,NEW,3.33,3.0,3.0,2.67,3.0,3.0,0.45
5,1+1+1+1+1,BOU-FUL-LEE-MCI-NEW,BOU,FUL,LEE,MCI,NEW,3.33,3.0,3.0,2.67,3.0,3.0,0.45
4,2+1+1+1,BOU-LEE-LIV-NEW-NEW,BOU,LEE,LIV,NEW,NEW,3.33,3.0,3.0,2.67,3.0,3.0,0.45
4,2+1+1+1,BOU-LEE-MCI-NEW-NEW,BOU,LEE,MCI,NEW,NEW,3.33,3.0,3.0,2.67,3.0,3.0,0.45
3,3+1+1,FUL-FUL-FUL-LEE-LIV,FUL,FUL,FUL,LEE,LIV,3.33,3.0,3.0,2.67,3.0,3.0,0.45
3,3+1+1,FUL-FUL-FUL-LEE-MCI,FUL,FUL,FUL,LEE,MCI,3.33,3.0,3.0,2.67,3.0,3.0,0.45
4,2+1+1+1,FUL-FUL-LEE-LIV-NEW,FUL,FUL,LEE,LIV,NEW,3.33,3.0,3.0,2.67,3.0,3.0,0.45
4,2+1+1+1,FUL-FUL-LEE-MCI-NEW,FUL,FUL,LEE,MCI,NEW,3.33,3.0,3.0,2.67,3.0,3.0,0.45
4,2+1+1+1,FUL-LEE-LIV-NEW-NEW,FUL,LEE,LIV,NEW,NEW,3.33,3.0,3.0,2.67,3.0,3.0,0.45
4,2+1+1+1,FUL-LEE-MCI-NEW-NEW,FUL,LEE,MCI,NEW,NEW,3.33,3.0,3.0,2.67,3.0,3.0,0.45
3,3+1+1,LEE-LIV-NEW-NEW-NEW,LEE,LIV,NEW,NEW,NEW,3.33,3.0,3.0,2.67,3.0,3.0,0.45
3,3+1+1,LEE-MCI-NEW-NEW-NEW,LEE,MCI,NEW,NEW,NEW,3.33,3.0,3.0,2.67,3.0,3.0,0.45
2,3+2,BOU-BOU-BOU-BRE-BRE,BOU,BOU,BOU,BRE,BRE,3.67,3.0,3.0,2.33,3.0,3.0,0.7
3,3+1+1,BOU-BOU-BOU-BRE-LIV,BOU,BOU,BOU,BRE,LIV,3.67,3.0,3.0,2.33,3.0,3.0,0.7
3,3+1+1,BOU-BOU-BOU-BRE-MCI,BOU,BOU,BOU,BRE,MCI,3.67,3.0,3.0,2.33,3.0,3.0,0.7
2,3+2,BOU-BOU-BOU-LIV-LIV,BOU,BOU,BOU,LIV,LIV,3.67,3.0,3.0,2.33,3.0,3.0,0.7
3,3+1+1,BOU-BOU-BOU-LIV-MCI,BOU,BOU,BOU,LIV,MCI,3.67,3.0,3.0,2.33,3.0,3.0,0.7
2,3+2,BOU-BOU-BOU-MCI-MCI,BOU,BOU,BOU,MCI,MCI,3.67,3.0,3.0,2.33,3.0,3.0,0.7
3,3+1+1,CHE-COV-COV-COV-TOT,CHE,COV,COV,COV,TOT,3.67,2.0,2.0,4.33,4.0,3.0909,0.9024
3,3+1+1,BRE-CHE-COV-COV-COV,BRE,CHE,COV,COV,COV,3.67,2.2,3.0,4.0,3.83,3.0909,0.2823
3,3+1+1,CHE-COV-COV-COV-LIV,CHE,COV,COV,COV,LIV,3.67,2.2,3.0,4.0,3.83,3.0909,0.2823
3,3+1+1,CHE-COV-COV-COV-MCI,CHE,COV,COV,COV,MCI,3.67,2.2,3.0,4.0,3.83,3.0909,0.2823
3,3+1+1,BOU-COV-COV-COV-MUN,BOU,COV,COV,COV,MUN,4.0,2.2,3.0,3.67,3.83,3.0909,0.55
3,3+1+1,BOU-COV-COV-COV-SUN,BOU,COV,COV,COV,SUN,4.0,2.2,3.0,3.67,3.83,3.0909,0.55
3,2+2+1,CHE-CHE-COV-COV-FUL,CHE,CHE,COV,COV,FUL,3.33,2.2,3.0,4.33,3.83,3.0909,0.5646
3,2+2+1,CHE-CHE-COV-COV-NEW,CHE,CHE,COV,COV,NEW,3.33,2.2,3.0,4.33,3.83,3.0909,0.5646
3,2+2+1,CHE-CHE-COV-COV-EVE,CHE,CHE,COV,COV,EVE,3.0,2.2,3.0,4.67,3.83,3.0909,0.7914
3,3+1+1,COV-COV-COV-EVE-TOT,COV,COV,COV,EVE,TOT,3.67,2.2,3.0,4.0,3.83,3.0909,0.8
3,3+1+1,COV-COV-COV-FUL-TOT,COV,COV,COV,FUL,TOT,4.0,2.2,3.0,3.67,3.83,3.0909,0.8
3,3+1+1,BRE-COV-COV-COV-EVE,BRE,COV,COV,COV,EVE,3.67,2.4,3.0,3.67,3.67,3.0909,0.2
3,3+1+1,COV-COV-COV-EVE-LIV,COV,COV,COV,EVE,LIV,3.67,2.4,3.0,3.67,3.67,3.0909,0.2
3,3+1+1,COV-COV-COV-EVE-MCI,COV,COV,COV,EVE,MCI,3.67,2.4,3.0,3.67,3.67,3.0909,0.2
4,2+1+1+1,BOU-CHE-COV-COV-LEE,BOU,CHE,COV,COV,LEE,3.67,2.4,3.0,3.67,3.67,3.0909,0.3323
3,3+1+1,BRE-COV-COV-COV-FUL,BRE,COV,COV,COV,FUL,4.0,2.4,3.0,3.33,3.67,3.0909,0.35
3,3+1+1,BRE-COV-COV-COV-NEW,BRE,COV,COV,COV,NEW,4.0,2.4,3.0,3.33,3.67,3.0909,0.35
3,3+1+1,COV-COV-COV-FUL-LIV,COV,COV,COV,FUL,LIV,4.0,2.4,3.0,3.33,3.67,3.0909,0.35
3,3+1+1,COV-COV-COV-FUL-MCI,COV,COV,COV,FUL,MCI,4.0,2.4,3.0,3.33,3.67,3.0909,0.35
3,3+1+1,COV-COV-COV-LIV-NEW,COV,COV,COV,LIV,NEW,4.0,2.4,3.0,3.33,3.67,3.0909,0.35
3,3+1+1,COV-COV-COV-MCI-NEW,COV,COV,COV,MCI,NEW,4.0,2.4,3.0,3.33,3.67,3.0909,0.35
3,2+2+1,BOU-BOU-CHE-CHE-COV,BOU,BOU,CHE,CHE,COV,3.67,2.4,3.0,3.67,3.67,3.0909,0.3756
2,3+2,COV-COV-COV-LEE-LEE,COV,COV,COV,LEE,LEE,3.67,2.4,3.0,3.67,3.67,3.0909,0.4
4,2+1+1+1,CHE-COV-COV-EVE-FUL,CHE,COV,COV,EVE,FUL,3.33,2.4,3.0,4.0,3.67,3.0909,0.4768
4,2+1+1+1,CHE-COV-COV-EVE-NEW,CHE,COV,COV,EVE,NEW,3.33,2.4,3.0,4.0,3.67,3.0909,0.4768
3,2+2+1,CHE-COV-COV-FUL-FUL,CHE,COV,COV,FUL,FUL,3.67,2.4,3.0,3.67,3.67,3.0909,0.5134
4,2+1+1+1,CHE-COV-COV-FUL-NEW,CHE,COV,COV,FUL,NEW,3.67,2.4,3.0,3.67,3.67,3.0909,0.5134
3,2+2+1,CHE-COV-COV-NEW-NEW,CHE,COV,COV,NEW,NEW,3.67,2.4,3.0,3.67,3.67,3.0909,0.5134
3,2+2+1,BOU-BOU-COV-COV-TOT,BOU,BOU,COV,COV,TOT,4.33,2.4,3.0,3.0,3.67,3.0909,0.7
3,2+2+1,CHE-COV-COV-EVE-EVE,CHE,COV,COV,EVE,EVE,3.0,2.4,3.0,4.33,3.67,3.0909,0.7402
3,2+2+1,CHE-CHE-COV-EVE-EVE,CHE,CHE,COV,EVE,EVE,3.0,2.4,3.0,4.33,3.67,3.0909,0.8292
3,3+1+1,BOU-BOU-BOU-COV-MUN,BOU,BOU,BOU,COV,MUN,4.0,2.6,3.0,3.0,3.5,3.0909,0.35
3,3+1+1,BOU-BOU-BOU-COV-SUN,BOU,BOU,BOU,COV,SUN,4.0,2.6,3.0,3.0,3.5,3.0909,0.35
3,2+2+1,BOU-BOU-BRE-COV-COV,BOU,BOU,BRE,COV,COV,4.33,2.6,3.0,2.67,3.5,3.0909,0.4
3,2+2+1,BOU-BOU-COV-COV-LIV,BOU,BOU,COV,COV,LIV,4.33,2.6,3.0,2.67,3.5,3.0909,0.4
3,2+2+1,BOU-BOU-COV-COV-MCI,BOU,BOU,COV,COV,MCI,4.33,2.6,3.0,2.67,3.5,3.0909,0.4
4,2+1+1+1,BOU-COV-COV-FUL-LEE,BOU,COV,COV,FUL,LEE,4.0,2.6,3.0,3.0,3.5,3.0909,0.4
4,2+1+1+1,BOU-COV-COV-LEE-NEW,BOU,COV,COV,LEE,NEW,4.0,2.6,3.0,3.0,3.5,3.0909,0.4
3,2+2+1,COV-COV-EVE-EVE-FUL,COV,COV,EVE,EVE,FUL,3.33,2.6,3.0,3.67,3.5,3.0909,0.4
3,2+2+1,COV-COV-EVE-EVE-NEW,COV,COV,EVE,EVE,NEW,3.33,2.6,3.0,3.67,3.5,3.0909,0.4
3,2+2+1,COV-COV-EVE-FUL-FUL,COV,COV,EVE,FUL,FUL,3.67,2.6,3.0,3.33,3.5,3.0909,0.4
4,2+1+1+1,COV-COV-EVE-FUL-NEW,COV,COV,EVE,FUL,NEW,3.67,2.6,3.0,3.33,3.5,3.0909,0.4
3,2+2+1,COV-COV-EVE-NEW-NEW,COV,COV,EVE,NEW,NEW,3.67,2.6,3.0,3.33,3.5,3.0909,0.4
4,2+1+1+1,BOU-BOU-CHE-COV-FUL,BOU,BOU,CHE,COV,FUL,4.0,2.6,3.0,3.0,3.5,3.0909,0.4689
4,2+1+1+1,BOU-BOU-CHE-COV-NEW,BOU,BOU,CHE,COV,NEW,4.0,2.6,3.0,3.0,3.5,3.0909,0.4689
3,3+1+1,BOU-BOU-BOU-CHE-HUL,BOU,BOU,BOU,CHE,HUL,4.0,2.6,3.0,3.0,3.5,3.0909,0.5358
4,2+1+1+1,BOU-BOU-COV-FUL-TOT,BOU,BOU,COV,FUL,TOT,4.0,2.6,3.0,3.0,3.5,3.0909,0.7
2,3+2,COV-COV-EVE-EVE-EVE,COV,COV,EVE,EVE,EVE,3.0,2.6,3.0,4.0,3.5,3.0909,0.7
2,3+2,COV-COV-FUL-FUL-FUL,COV,COV,FUL,FUL,FUL,4.0,2.6,3.0,3.0,3.5,3.0909,0.7
3,2+2+1,COV-COV-FUL-FUL-NEW,COV,COV,FUL,FUL,NEW,4.0,2.6,3.0,3.0,3.5,3.0909,0.7
3,2+2+1,COV-COV-FUL-NEW-NEW,COV,COV,FUL,NEW,NEW,4.0,2.6,3.0,3.0,3.5,3.0909,0.7
2,3+2,COV-COV-NEW-NEW-NEW,COV,COV,NEW,NEW,NEW,4.0,2.6,3.0,3.0,3.5,3.0909,0.7
3,3+1+1,BOU-BOU-BOU-HUL-TOT,BOU,BOU,BOU,HUL,TOT,4.0,2.6,3.0,3.0,3.5,3.0909,0.7964
3,3+1+1,CHE-COV-EVE-EVE-EVE,CHE,COV,EVE,EVE,EVE,3.0,2.6,3.0,4.0,3.5,3.0909,0.8091
3,2+2+1,BOU-BOU-FUL-HUL-HUL,BOU,BOU,FUL,HUL,HUL,4.0,2.6,3.0,3.0,3.5,3.0909,0.9196
3,2+2+1,BOU-BOU-HUL-HUL-NEW,BOU,BOU,HUL,HUL,NEW,4.0,2.6,3.0,3.0,3.5,3.0909,0.9196
3,2+2+1,BOU-FUL-FUL-HUL-HUL,BOU,FUL,FUL,HUL,HUL,4.0,2.6,3.0,3.0,3.5,3.0909,0.9196
4,2+1+1+1,BOU-FUL-HUL-HUL-NEW,BOU,FUL,HUL,HUL,NEW,4.0,2.6,3.0,3.0,3.5,3.0909,0.9196
3,2+2+1,BOU-HUL-HUL-NEW-NEW,BOU,HUL,HUL,NEW,NEW,4.0,2.6,3.0,3.0,3.5,3.0909,0.9196
2,3+2,FUL-FUL-FUL-HUL-HUL,FUL,FUL,FUL,HUL,HUL,4.0,2.6,3.0,3.0,3.5,3.0909,0.9196
3,2+2+1,FUL-FUL-HUL-HUL-NEW,FUL,FUL,HUL,HUL,NEW,4.0,2.6,3.0,3.0,3.5,3.0909,0.9196
3,2+2+1,FUL-HUL-HUL-NEW-NEW,FUL,HUL,HUL,NEW,NEW,4.0,2.6,3.0,3.0,3.5,3.0909,0.9196
2,3+2,HUL-HUL-NEW-NEW-NEW,HUL,HUL,NEW,NEW,NEW,4.0,2.6,3.0,3.0,3.5,3.0909,0.9196
2,3+2,CHE-CHE-EVE-EVE-EVE,CHE,CHE,EVE,EVE,EVE,3.0,2.6,3.0,4.0,3.5,3.0909,0.9669
3,2+2+1,COV-EVE-EVE-FUL-FUL,COV,EVE,EVE,FUL,FUL,3.33,2.8,3.0,3.33,3.33,3.0909,0.2
4,2+1+1+1,COV-EVE-EVE-FUL-NEW,COV,EVE,EVE,FUL,NEW,3.33,2.8,3.0,3.33,3.33,3.0909,0.2
3,2+2+1,COV-EVE-EVE-NEW-NEW,COV,EVE,EVE,NEW,NEW,3.33,2.8,3.0,3.33,3.33,3.0909,0.2
3,3+1+1,BOU-BOU-BOU-CHE-LEE,BOU,BOU,BOU,CHE,LEE,3.67,2.8,3.0,3.0,3.33,3.0909,0.2433
3,2+2+1,BOU-BOU-COV-LEE-LEE,BOU,BOU,COV,LEE,LEE,3.67,2.8,3.0,3.0,3.33,3.0909,0.3
3,3+1+1,COV-EVE-EVE-EVE-FUL,COV,EVE,EVE,EVE,FUL,3.0,2.8,3.0,3.67,3.33,3.0909,0.35
3,3+1+1,COV-EVE-EVE-EVE-NEW,COV,EVE,EVE,EVE,NEW,3.0,2.8,3.0,3.67,3.33,3.0909,0.35
3,3+1+1,COV-EVE-FUL-FUL-FUL,COV,EVE,FUL,FUL,FUL,3.67,2.8,3.0,3.0,3.33,3.0909,0.35
4,2+1+1+1,COV-EVE-FUL-FUL-NEW,COV,EVE,FUL,FUL,NEW,3.67,2.8,3.0,3.0,3.33,3.0909,0.35
4,2+1+1+1,COV-EVE-FUL-NEW-NEW,COV,EVE,FUL,NEW,NEW,3.67,2.8,3.0,3.0,3.33,3.0909,0.35
3,3+1+1,COV-EVE-NEW-NEW-NEW,COV,EVE,NEW,NEW,NEW,3.67,2.8,3.0,3.0,3.33,3.0909,0.35
3,3+1+1,BOU-BOU-BOU-FUL-MUN,BOU,BOU,BOU,FUL,MUN,3.67,2.8,3.0,3.0,3.33,3.0909,0.4
3,3+1+1,BOU-BOU-BOU-MUN-NEW,BOU,BOU,BOU,MUN,NEW,3.67,2.8,3.0,3.0,3.33,3.0909,0.4
3,3+1+1,BOU-BOU-BOU-NEW-SUN,BOU,BOU,BOU,NEW,SUN,3.67,2.8,3.0,3.0,3.33,3.0909,0.4
3,3+1+1,EVE-FUL-FUL-FUL-HUL,EVE,FUL,FUL,FUL,HUL,3.67,2.8,3.0,3.0,3.33,3.0909,0.4098
4,2+1+1+1,EVE-FUL-FUL-HUL-NEW,EVE,FUL,FUL,HUL,NEW,3.67,2.8,3.0,3.0,3.33,3.0909,0.4098
4,2+1+1+1,EVE-FUL-HUL-NEW-NEW,EVE,FUL,HUL,NEW,NEW,3.67,2.8,3.0,3.0,3.33,3.0909,0.4098
3,3+1+1,EVE-HUL-NEW-NEW-NEW,EVE,HUL,NEW,NEW,NEW,3.67,2.8,3.0,3.0,3.33,3.0909,0.4098
3,3+1+1,CHE-EVE-EVE-EVE-FUL,CHE,EVE,EVE,EVE,FUL,3.0,2.8,3.0,3.67,3.33,3.0909,0.4146
3,3+1+1,CHE-EVE-EVE-EVE-NEW,CHE,EVE,EVE,EVE,NEW,3.0,2.8,3.0,3.67,3.33,3.0909,0.4146
3,3+1+1,BOU-BOU-BOU-LEE-TOT,BOU,BOU,BOU,LEE,TOT,3.67,2.8,3.0,3.0,3.33,3.0909,0.45
4,2+1+1+1,BOU-COV-FUL-FUL-LEE,BOU,COV,FUL,FUL,LEE,3.67,2.8,3.0,3.0,3.33,3.0909,0.45
5,1+1+1+1+1,BOU-COV-FUL-LEE-NEW,BOU,COV,FUL,LEE,NEW,3.67,2.8,3.0,3.0,3.33,3.0909,0.45
4,2+1+1+1,BOU-COV-LEE-NEW-NEW,BOU,COV,LEE,NEW,NEW,3.67,2.8,3.0,3.0,3.33,3.0909,0.45
3,3+1+1,COV-EVE-EVE-EVE-LEE,COV,EVE,EVE,EVE,LEE,3.0,2.8,3.0,3.67,3.33,3.0909,0.45
3,3+1+1,COV-FUL-FUL-FUL-LEE,COV,FUL,FUL,FUL,LEE,3.67,2.8,3.0,3.0,3.33,3.0909,0.45
4,2+1+1+1,COV-FUL-FUL-LEE-NEW,COV,FUL,FUL,LEE,NEW,3.67,2.8,3.0,3.0,3.33,3.0909,0.45
4,2+1+1+1,COV-FUL-LEE-NEW-NEW,COV,FUL,LEE,NEW,NEW,3.67,2.8,3.0,3.0,3.33,3.0909,0.45
3,3+1+1,COV-LEE-NEW-NEW-NEW,COV,LEE,NEW,NEW,NEW,3.67,2.8,3.0,3.0,3.33,3.0909,0.45
3,2+2+1,BOU-BOU-CHE-FUL-FUL,BOU,BOU,CHE,FUL,FUL,3.67,2.8,3.0,3.0,3.33,3.0909,0.5244
4,2+1+1+1,BOU-BOU-CHE-FUL-NEW,BOU,BOU,CHE,FUL,NEW,3.67,2.8,3.0,3.0,3.33,3.0909,0.5244
3,2+2+1,BOU-BOU-CHE-NEW-NEW,BOU,BOU,CHE,NEW,NEW,3.67,2.8,3.0,3.0,3.33,3.0909,0.5244
3,3+1+1,BOU-CHE-FUL-FUL-FUL,BOU,CHE,FUL,FUL,FUL,3.67,2.8,3.0,3.0,3.33,3.0909,0.5244
4,2+1+1+1,BOU-CHE-FUL-FUL-NEW,BOU,CHE,FUL,FUL,NEW,3.67,2.8,3.0,3.0,3.33,3.0909,0.5244
4,2+1+1+1,BOU-CHE-FUL-NEW-NEW,BOU,CHE,FUL,NEW,NEW,3.67,2.8,3.0,3.0,3.33,3.0909,0.5244
3,3+1+1,BOU-CHE-NEW-NEW-NEW,BOU,CHE,NEW,NEW,NEW,3.67,2.8,3.0,3.0,3.33,3.0909,0.5244
3,3+1+1,CHE-FUL-FUL-FUL-NEW,CHE,FUL,FUL,FUL,NEW,3.67,2.8,3.0,3.0,3.33,3.0909,0.5244
3,2+2+1,CHE-FUL-FUL-NEW-NEW,CHE,FUL,FUL,NEW,NEW,3.67,2.8,3.0,3.0,3.33,3.0909,0.5244
3,3+1+1,CHE-FUL-NEW-NEW-NEW,CHE,FUL,NEW,NEW,NEW,3.67,2.8,3.0,3.0,3.33,3.0909,0.5244
4,2+1+1+1,BOU-BOU-BRE-COV-FUL,BOU,BOU,BRE,COV,FUL,4.0,2.8,3.0,2.67,3.33,3.0909,0.55
4,2+1+1+1,BOU-BOU-BRE-COV-NEW,BOU,BOU,BRE,COV,NEW,4.0,2.8,3.0,2.67,3.33,3.0909,0.55
4,2+1+1+1,BOU-BOU-COV-FUL-LIV,BOU,BOU,COV,FUL,LIV,4.0,2.8,3.0,2.67,3.33,3.0909,0.55
4,2+1+1+1,BOU-BOU-COV-FUL-MCI,BOU,BOU,COV,FUL,MCI,4.0,2.8,3.0,2.67,3.33,3.0909,0.55
4,2+1+1+1,BOU-BOU-COV-LIV-NEW,BOU,BOU,COV,LIV,NEW,4.0,2.8,3.0,2.67,3.33,3.0909,0.55
4,2+1+1+1,BOU-BOU-COV-MCI-NEW,BOU,BOU,COV,MCI,NEW,4.0,2.8,3.0,2.67,3.33,3.0909,0.55
4,2+1+1+1,BOU-BOU-FUL-HUL-LEE,BOU,BOU,FUL,HUL,LEE,3.67,2.8,3.0,3.0,3.33,3.0909,0.5598
4,2+1+1+1,BOU-BOU-HUL-LEE-NEW,BOU,BOU,HUL,LEE,NEW,3.67,2.8,3.0,3.0,3.33,3.0909,0.5598
4,2+1+1+1,BOU-FUL-FUL-HUL-LEE,BOU,FUL,FUL,HUL,LEE,3.67,2.8,3.0,3.0,3.33,3.0909,0.5598
5,1+1+1+1+1,BOU-FUL-HUL-LEE-NEW,BOU,FUL,HUL,LEE,NEW,3.67,2.8,3.0,3.0,3.33,3.0909,0.5598
4,2+1+1+1,BOU-HUL-LEE-NEW-NEW,BOU,HUL,LEE,NEW,NEW,3.67,2.8,3.0,3.0,3.33,3.0909,0.5598
3,3+1+1,FUL-FUL-FUL-HUL-LEE,FUL,FUL,FUL,HUL,LEE,3.67,2.8,3.0,3.0,3.33,3.0909,0.5598
4,2+1+1+1,FUL-FUL-HUL-LEE-NEW,FUL,FUL,HUL,LEE,NEW,3.67,2.8,3.0,3.0,3.33,3.0909,0.5598
4,2+1+1+1,FUL-HUL-LEE-NEW-NEW,FUL,HUL,LEE,NEW,NEW,3.67,2.8,3.0,3.0,3.33,3.0909,0.5598
3,3+1+1,HUL-LEE-NEW-NEW-NEW,HUL,LEE,NEW,NEW,NEW,3.67,2.8,3.0,3.0,3.33,3.0909,0.5598
3,3+1+1,CHE-EVE-EVE-EVE-LEE,CHE,EVE,EVE,EVE,LEE,3.0,2.8,3.0,3.67,3.33,3.0909,0.5835
3,3+1+1,BOU-BOU-BOU-BRE-HUL,BOU,BOU,BOU,BRE,HUL,4.0,2.8,3.0,2.67,3.33,3.0909,0.7098
3,3+1+1,BOU-BOU-BOU-HUL-LIV,BOU,BOU,BOU,HUL,LIV,4.0,2.8,3.0,2.67,3.33,3.0909,0.7098
3,3+1+1,BOU-BOU-BOU-HUL-MCI,BOU,BOU,BOU,HUL,MCI,4.0,2.8,3.0,2.67,3.33,3.0909,0.7098
3,2+2+1,BOU-BOU-FUL-FUL-TOT,BOU,BOU,FUL,FUL,TOT,3.67,2.8,3.0,3.0,3.33,3.0909,0.8
3,3+1+1,BOU-FUL-FUL-FUL-TOT,BOU,FUL,FUL,FUL,TOT,3.67,2.8,3.0,3.0,3.33,3.0909,0.8
2,3+2,EVE-EVE-EVE-FUL-FUL,EVE,EVE,EVE,FUL,FUL,3.0,3.0,3.0,3.33,3.17,3.0909,0.1
3,3+1+1,EVE-EVE-EVE-FUL-NEW,EVE,EVE,EVE,FUL,NEW,3.0,3.0,3.0,3.33,3.17,3.0909,0.1
2,3+2,EVE-EVE-EVE-NEW-NEW,EVE,EVE,EVE,NEW,NEW,3.0,3.0,3.0,3.33,3.17,3.0909,0.1
2,3+2,EVE-EVE-FUL-FUL-FUL,EVE,EVE,FUL,FUL,FUL,3.33,3.0,3.0,3.0,3.17,3.0909,0.1
3,2+2+1,EVE-EVE-FUL-FUL-NEW,EVE,EVE,FUL,FUL,NEW,3.33,3.0,3.0,3.0,3.17,3.0909,0.1
3,2+2+1,EVE-EVE-FUL-NEW-NEW,EVE,EVE,FUL,NEW,NEW,3.33,3.0,3.0,3.0,3.17,3.0909,0.1
2,3+2,EVE-EVE-NEW-NEW-NEW,EVE,EVE,NEW,NEW,NEW,3.33,3.0,3.0,3.0,3.17,3.0909,0.1
3,3+1+1,EVE-EVE-EVE-FUL-LEE,EVE,EVE,EVE,FUL,LEE,3.0,3.0,3.0,3.33,3.17,3.0909,0.15
3,3+1+1,EVE-EVE-EVE-LEE-NEW,EVE,EVE,EVE,LEE,NEW,3.0,3.0,3.0,3.33,3.17,3.0909,0.15
3,3+1+1,EVE-FUL-FUL-FUL-LEE,EVE,FUL,FUL,FUL,LEE,3.33,3.0,3.0,3.0,3.17,3.0909,0.15
4,2+1+1+1,EVE-FUL-FUL-LEE-NEW,EVE,FUL,FUL,LEE,NEW,3.33,3.0,3.0,3.0,3.17,3.0909,0.15
4,2+1+1+1,EVE-FUL-LEE-NEW-NEW,EVE,FUL,LEE,NEW,NEW,3.33,3.0,3.0,3.0,3.17,3.0909,0.15
3,3+1+1,EVE-LEE-NEW-NEW-NEW,EVE,LEE,NEW,NEW,NEW,3.33,3.0,3.0,3.0,3.17,3.0909,0.15
3,2+2+1,BOU-BOU-FUL-LEE-LEE,BOU,BOU,FUL,LEE,LEE,3.33,3.0,3.0,3.0,3.17,3.0909,0.4
3,2+2+1,BOU-BOU-LEE-LEE-NEW,BOU,BOU,LEE,LEE,NEW,3.33,3.0,3.0,3.0,3.17,3.0909,0.4
3,2+2+1,BOU-FUL-FUL-LEE-LEE,BOU,FUL,FUL,LEE,LEE,3.33,3.0,3.0,3.0,3.17,3.0909,0.4
4,2+1+1+1,BOU-FUL-LEE-LEE-NEW,BOU,FUL,LEE,LEE,NEW,3.33,3.0,3.0,3.0,3.17,3.0909,0.4
3,2+2+1,BOU-LEE-LEE-NEW-NEW,BOU,LEE,LEE,NEW,NEW,3.33,3.0,3.0,3.0,3.17,3.0909,0.4
2,3+2,EVE-EVE-EVE-LEE-LEE,EVE,EVE,EVE,LEE,LEE,3.0,3.0,3.0,3.33,3.17,3.0909,0.4
2,3+2,FUL-FUL-FUL-LEE-LEE,FUL,FUL,FUL,LEE,LEE,3.33,3.0,3.0,3.0,3.17,3.0909,0.4
3,2+2+1,FUL-FUL-LEE-LEE-NEW,FUL,FUL,LEE,LEE,NEW,3.33,3.0,3.0,3.0,3.17,3.0909,0.4
3,2+2+1,FUL-LEE-LEE-NEW-NEW,FUL,LEE,LEE,NEW,NEW,3.33,3.0,3.0,3.0,3.17,3.0909,0.4
2,3+2,LEE-LEE-NEW-NEW-NEW,LEE,LEE,NEW,NEW,NEW,3.33,3.0,3.0,3.0,3.17,3.0909,0.4
3,3+1+1,BOU-BOU-BOU-LEE-LIV,BOU,BOU,BOU,LEE,LIV,3.67,3.0,3.0,2.67,3.17,3.0909,0.45
3,3+1+1,BOU-BOU-BOU-LEE-MCI,BOU,BOU,BOU,LEE,MCI,3.67,3.0,3.0,2.67,3.17,3.0909,0.45
3,2+2+1,BOU-BOU-BRE-FUL-FUL,BOU,BOU,BRE,FUL,FUL,3.67,3.0,3.0,2.67,3.17,3.0909,0.8
4,2+1+1+1,BOU-BOU-BRE-FUL-NEW,BOU,BOU,BRE,FUL,NEW,3.67,3.0,3.0,2.67,3.17,3.0909,0.8
3,2+2+1,BOU-BOU-BRE-NEW-NEW,BOU,BOU,BRE,NEW,NEW,3.67,3.0,3.0,2.67,3.17,3.0909,0.8
3,2+2+1,BOU-BOU-FUL-FUL-LIV,BOU,BOU,FUL,FUL,LIV,3.67,3.0,3.0,2.67,3.17,3.0909,0.8
3,2+2+1,BOU-BOU-FUL-FUL-MCI,BOU,BOU,FUL,FUL,MCI,3.67,3.0,3.0,2.67,3.17,3.0909,0.8
4,2+1+1+1,BOU-BOU-FUL-LIV-NEW,BOU,BOU,FUL,LIV,NEW,3.67,3.0,3.0,2.67,3.17,3.0909,0.8
4,2+1+1+1,BOU-BOU-FUL-MCI-NEW,BOU,BOU,FUL,MCI,NEW,3.67,3.0,3.0,2.67,3.17,3.0909,0.8
3,2+2+1,BOU-BOU-LIV-NEW-NEW,BOU,BOU,LIV,NEW,NEW,3.67,3.0,3.0,2.67,3.17,3.0909,0.8
3,2+2+1,BOU-BOU-MCI-NEW-NEW,BOU,BOU,MCI,NEW,NEW,3.67,3.0,3.0,2.67,3.17,3.0909,0.8
3,3+1+1,BOU-BRE-FUL-FUL-FUL,BOU,BRE,FUL,FUL,FUL,3.67,3.0,3.0,2.67,3.17,3.0909,0.8
4,2+1+1+1,BOU-BRE-FUL-FUL-NEW,BOU,BRE,FUL,FUL,NEW,3.67,3.0,3.0,2.67,3.17,3.0909,0.8
4,2+1+1+1,BOU-BRE-FUL-NEW-NEW,BOU,BRE,FUL,NEW,NEW,3.67,3.0,3.0,2.67,3.17,3.0909,0.8
3,3+1+1,BOU-BRE-NEW-NEW-NEW,BOU,BRE,NEW,NEW,NEW,3.67,3.0,3.0,2.67,3.17,3.0909,0.8
3,3+1+1,BOU-FUL-FUL-FUL-LIV,BOU,FUL,FUL,FUL,LIV,3.67,3.0,3.0,2.67,3.17,3.0909,0.8
3,3+1+1,BOU-FUL-FUL-FUL-MCI,BOU,FUL,FUL,FUL,MCI,3.67,3.0,3.0,2.67,3.17,3.0909,0.8
4,2+1+1+1,BOU-FUL-FUL-LIV-NEW,BOU,FUL,FUL,LIV,NEW,3.67,3.0,3.0,2.67,3.17,3.0909,0.8
4,2+1+1+1,BOU-FUL-FUL-MCI-NEW,BOU,FUL,FUL,MCI,NEW,3.67,3.0,3.0,2.67,3.17,3.0909,0.8
4,2+1+1+1,BOU-FUL-LIV-NEW-NEW,BOU,FUL,LIV,NEW,NEW,3.67,3.0,3.0,2.67,3.17,3.0909,0.8
4,2+1+1+1,BOU-FUL-MCI-NEW-NEW,BOU,FUL,MCI,NEW,NEW,3.67,3.0,3.0,2.67,3.17,3.0909,0.8
3,3+1+1,BOU-LIV-NEW-NEW-NEW,BOU,LIV,NEW,NEW,NEW,3.67,3.0,3.0,2.67,3.17,3.0909,0.8
3,3+1+1,BOU-MCI-NEW-NEW-NEW,BOU,MCI,NEW,NEW,NEW,3.67,3.0,3.0,2.67,3.17,3.0909,0.8
3,3+1+1,BRE-FUL-FUL-FUL-NEW,BRE,FUL,FUL,FUL,NEW,3.67,3.0,3.0,2.67,3.17,3.0909,0.8
3,2+2+1,BRE-FUL-FUL-NEW-NEW,BRE,FUL,FUL,NEW,NEW,3.67,3.0,3.0,2.67,3.17,3.0909,0.8
3,3+1+1,BRE-FUL-NEW-NEW-NEW,BRE,FUL,NEW,NEW,NEW,3.67,3.0,3.0,2.67,3.17,3.0909,0.8
3,3+1+1,FUL-FUL-FUL-LIV-NEW,FUL,FUL,FUL,LIV,NEW,3.67,3.0,3.0,2.67,3.17,3.0909,0.8
3,3+1+1,FUL-FUL-FUL-MCI-NEW,FUL,FUL,FUL,MCI,NEW,3.67,3.0,3.0,2.67,3.17,3.0909,0.8
3,2+2+1,FUL-FUL-LIV-NEW-NEW,FUL,FUL,LIV,NEW,NEW,3.67,3.0,3.0,2.67,3.17,3.0909,0.8
3,2+2+1,FUL-FUL-MCI-NEW-NEW,FUL,FUL,MCI,NEW,NEW,3.67,3.0,3.0,2.67,3.17,3.0909,0.8
3,3+1+1,FUL-LIV-NEW-NEW-NEW,FUL,LIV,NEW,NEW,NEW,3.67,3.0,3.0,2.67,3.17,3.0909,0.8
3,3+1+1,FUL-MCI-NEW-NEW-NEW,FUL,MCI,NEW,NEW,NEW,3.67,3.0,3.0,2.67,3.17,3.0909,0.8
3,3+1+1,CHE-COV-COV-COV-LEE,CHE,COV,COV,COV,LEE,3.67,2.2,3.0,4.33,4.0,3.1818,0.5268
3,2+2+1,BOU-CHE-CHE-COV-COV,BOU,CHE,CHE,COV,COV,3.67,2.2,3.0,4.33,4.0,3.1818,0.5646
3,3+1+1,BOU-COV-COV-COV-TOT,BOU,COV,COV,COV,TOT,4.33,2.2,3.0,3.67,4.0,3.1818,0.8
3,3+1+1,BOU-BRE-COV-COV-COV,BOU,BRE,COV,COV,COV,4.33,2.4,3.0,3.33,3.83,3.1818,0.35
3,3+1+1,BOU-COV-COV-COV-LIV,BOU,COV,COV,COV,LIV,4.33,2.4,3.0,3.33,3.83,3.1818,0.35
3,3+1+1,BOU-COV-COV-COV-MCI,BOU,COV,COV,COV,MCI,4.33,2.4,3.0,3.33,3.83,3.1818,0.35
3,3+1+1,COV-COV-COV-EVE-LEE,COV,COV,COV,EVE,LEE,3.67,2.4,3.0,4.0,3.83,3.1818,0.45
3,3+1+1,COV-COV-COV-FUL-LEE,COV,COV,COV,FUL,LEE,4.0,2.4,3.0,3.67,3.83,3.1818,0.45
3,3+1+1,COV-COV-COV-LEE-NEW,COV,COV,COV,LEE,NEW,4.0,2.4,3.0,3.67,3.83,3.1818,0.45
4,2+1+1+1,BOU-CHE-COV-COV-FUL,BOU,CHE,COV,COV,FUL,4.0,2.4,3.0,3.67,3.83,3.1818,0.5134
4,2+1+1+1,BOU-CHE-COV-COV-NEW,BOU,CHE,COV,COV,NEW,4.0,2.4,3.0,3.67,3.83,3.1818,0.5134
3,2+2+1,BOU-BOU-COV-COV-LEE,BOU,BOU,COV,COV,LEE,4.33,2.6,3.0,3.0,3.67,3.1818,0.4
3,3+1+1,BOU-BOU-BOU-CHE-COV,BOU,BOU,BOU,CHE,COV,4.33,2.6,3.0,3.0,3.67,3.1818,0.4689
3,3+1+1,BOU-BOU-BOU-COV-TOT,BOU,BOU,BOU,COV,TOT,4.33,2.6,3.0,3.0,3.67,3.1818,0.7
3,2+2+1,BOU-COV-COV-FUL-FUL,BOU,COV,COV,FUL,FUL,4.33,2.6,3.0,3.0,3.67,3.1818,0.7
4,2+1+1+1,BOU-COV-COV-FUL-NEW,BOU,COV,COV,FUL,NEW,4.33,2.6,3.0,3.0,3.67,3.1818,0.7
3,2+2+1,BOU-COV-COV-NEW-NEW,BOU,COV,COV,NEW,NEW,4.33,2.6,3.0,3.0,3.67,3.1818,0.7
2,3+2,BOU-BOU-BOU-HUL-HUL,BOU,BOU,BOU,HUL,HUL,4.33,2.6,3.0,3.0,3.67,3.1818,0.9196
4,2+1+1+1,BOU-BOU-COV-FUL-LEE,BOU,BOU,COV,FUL,LEE,4.0,2.8,3.0,3.0,3.5,3.1818,0.45
4,2+1+1+1,BOU-BOU-COV-LEE-NEW,BOU,BOU,COV,LEE,NEW,4.0,2.8,3.0,3.0,3.5,3.1818,0.45
3,3+1+1,BOU-BOU-BOU-CHE-FUL,BOU,BOU,BOU,CHE,FUL,4.0,2.8,3.0,3.0,3.5,3.1818,0.5244
3,3+1+1,BOU-BOU-BOU-CHE-NEW,BOU,BOU,BOU,CHE,NEW,4.0,2.8,3.0,3.0,3.5,3.1818,0.5244
3,3+1+1,BOU-BOU-BOU-BRE-COV,BOU,BOU,BOU,BRE,COV,4.33,2.8,3.0,2.67,3.5,3.1818,0.55
3,3+1+1,BOU-BOU-BOU-COV-LIV,BOU,BOU,BOU,COV,LIV,4.33,2.8,3.0,2.67,3.5,3.1818,0.55
3,3+1+1,BOU-BOU-BOU-COV-MCI,BOU,BOU,BOU,COV,MCI,4.33,2.8,3.0,2.67,3.5,3.1818,0.55
3,3+1+1,BOU-BOU-BOU-HUL-LEE,BOU,BOU,BOU,HUL,LEE,4.0,2.8,3.0,3.0,3.5,3.1818,0.5598
3,3+1+1,BOU-BOU-BOU-FUL-TOT,BOU,BOU,BOU,FUL,TOT,4.0,2.8,3.0,3.0,3.5,3.1818,0.8
3,3+1+1,BOU-COV-FUL-FUL-FUL,BOU,COV,FUL,FUL,FUL,4.0,2.8,3.0,3.0,3.5,3.1818,0.8
4,2+1+1+1,BOU-COV-FUL-FUL-NEW,BOU,COV,FUL,FUL,NEW,4.0,2.8,3.0,3.0,3.5,3.1818,0.8
4,2+1+1+1,BOU-COV-FUL-NEW-NEW,BOU,COV,FUL,NEW,NEW,4.0,2.8,3.0,3.0,3.5,3.1818,0.8
3,3+1+1,BOU-COV-NEW-NEW-NEW,BOU,COV,NEW,NEW,NEW,4.0,2.8,3.0,3.0,3.5,3.1818,0.8
3,3+1+1,COV-FUL-FUL-FUL-NEW,COV,FUL,FUL,FUL,NEW,4.0,2.8,3.0,3.0,3.5,3.1818,0.8
3,2+2+1,COV-FUL-FUL-NEW-NEW,COV,FUL,FUL,NEW,NEW,4.0,2.8,3.0,3.0,3.5,3.1818,0.8
3,3+1+1,COV-FUL-NEW-NEW-NEW,COV,FUL,NEW,NEW,NEW,4.0,2.8,3.0,3.0,3.5,3.1818,0.8
3,2+2+1,BOU-BOU-FUL-FUL-HUL,BOU,BOU,FUL,FUL,HUL,4.0,2.8,3.0,3.0,3.5,3.1818,0.9464
4,2+1+1+1,BOU-BOU-FUL-HUL-NEW,BOU,BOU,FUL,HUL,NEW,4.0,2.8,3.0,3.0,3.5,3.1818,0.9464
3,2+2+1,BOU-BOU-HUL-NEW-NEW,BOU,BOU,HUL,NEW,NEW,4.0,2.8,3.0,3.0,3.5,3.1818,0.9464
3,3+1+1,BOU-FUL-FUL-FUL-HUL,BOU,FUL,FUL,FUL,HUL,4.0,2.8,3.0,3.0,3.5,3.1818,0.9464
4,2+1+1+1,BOU-FUL-FUL-HUL-NEW,BOU,FUL,FUL,HUL,NEW,4.0,2.8,3.0,3.0,3.5,3.1818,0.9464
4,2+1+1+1,BOU-FUL-HUL-NEW-NEW,BOU,FUL,HUL,NEW,NEW,4.0,2.8,3.0,3.0,3.5,3.1818,0.9464
3,3+1+1,BOU-HUL-NEW-NEW-NEW,BOU,HUL,NEW,NEW,NEW,4.0,2.8,3.0,3.0,3.5,3.1818,0.9464
3,3+1+1,FUL-FUL-FUL-HUL-NEW,FUL,FUL,FUL,HUL,NEW,4.0,2.8,3.0,3.0,3.5,3.1818,0.9464
3,2+2+1,FUL-FUL-HUL-NEW-NEW,FUL,FUL,HUL,NEW,NEW,4.0,2.8,3.0,3.0,3.5,3.1818,0.9464
3,3+1+1,FUL-HUL-NEW-NEW-NEW,FUL,HUL,NEW,NEW,NEW,4.0,2.8,3.0,3.0,3.5,3.1818,0.9464
2,3+2,BOU-BOU-BOU-LEE-LEE,BOU,BOU,BOU,LEE,LEE,3.67,3.0,3.0,3.0,3.33,3.1818,0.4
3,3+1+1,EVE-FUL-FUL-FUL-NEW,EVE,FUL,FUL,FUL,NEW,3.67,3.0,3.0,3.0,3.33,3.1818,0.4
3,2+2+1,EVE-FUL-FUL-NEW-NEW,EVE,FUL,FUL,NEW,NEW,3.67,3.0,3.0,3.0,3.33,3.1818,0.4
3,3+1+1,EVE-FUL-NEW-NEW-NEW,EVE,FUL,NEW,NEW,NEW,3.67,3.0,3.0,3.0,3.33,3.1818,0.4
3,2+2+1,BOU-BOU-FUL-FUL-LEE,BOU,BOU,FUL,FUL,LEE,3.67,3.0,3.0,3.0,3.33,3.1818,0.6
4,2+1+1+1,BOU-BOU-FUL-LEE-NEW,BOU,BOU,FUL,LEE,NEW,3.67,3.0,3.0,3.0,3.33,3.1818,0.6
3,2+2+1,BOU-BOU-LEE-NEW-NEW,BOU,BOU,LEE,NEW,NEW,3.67,3.0,3.0,3.0,3.33,3.1818,0.6
3,3+1+1,BOU-FUL-FUL-FUL-LEE,BOU,FUL,FUL,FUL,LEE,3.67,3.0,3.0,3.0,3.33,3.1818,0.6
4,2+1+1+1,BOU-FUL-FUL-LEE-NEW,BOU,FUL,FUL,LEE,NEW,3.67,3.0,3.0,3.0,3.33,3.1818,0.6
4,2+1+1+1,BOU-FUL-LEE-NEW-NEW,BOU,FUL,LEE,NEW,NEW,3.67,3.0,3.0,3.0,3.33,3.1818,0.6
3,3+1+1,BOU-LEE-NEW-NEW-NEW,BOU,LEE,NEW,NEW,NEW,3.67,3.0,3.0,3.0,3.33,3.1818,0.6
3,3+1+1,FUL-FUL-FUL-LEE-NEW,FUL,FUL,FUL,LEE,NEW,3.67,3.0,3.0,3.0,3.33,3.1818,0.6
3,2+2+1,FUL-FUL-LEE-NEW-NEW,FUL,FUL,LEE,NEW,NEW,3.67,3.0,3.0,3.0,3.33,3.1818,0.6
3,3+1+1,FUL-LEE-NEW-NEW-NEW,FUL,LEE,NEW,NEW,NEW,3.67,3.0,3.0,3.0,3.33,3.1818,0.6
3,3+1+1,BOU-BOU-BOU-BRE-FUL,BOU,BOU,BOU,BRE,FUL,4.0,3.0,3.0,2.67,3.33,3.1818,0.8
3,3+1+1,BOU-BOU-BOU-BRE-NEW,BOU,BOU,BOU,BRE,NEW,4.0,3.0,3.0,2.67,3.33,3.1818,0.8
3,3+1+1,BOU-BOU-BOU-FUL-LIV,BOU,BOU,BOU,FUL,LIV,4.0,3.0,3.0,2.67,3.33,3.1818,0.8
3,3+1+1,BOU-BOU-BOU-FUL-MCI,BOU,BOU,BOU,FUL,MCI,4.0,3.0,3.0,2.67,3.33,3.1818,0.8
3,3+1+1,BOU-BOU-BOU-LIV-NEW,BOU,BOU,BOU,LIV,NEW,4.0,3.0,3.0,2.67,3.33,3.1818,0.8
3,3+1+1,BOU-BOU-BOU-MCI-NEW,BOU,BOU,BOU,MCI,NEW,4.0,3.0,3.0,2.67,3.33,3.1818,0.8
2,3+2,CHE-CHE-COV-COV-COV,CHE,CHE,COV,COV,COV,3.67,2.0,2.0,5.0,4.33,3.2727,0.8536
3,3+1+1,CHE-COV-COV-COV-FUL,CHE,COV,COV,COV,FUL,4.0,2.2,3.0,4.33,4.17,3.2727,0.6579
3,3+1+1,CHE-COV-COV-COV-NEW,CHE,COV,COV,COV,NEW,4.0,2.2,3.0,4.33,4.17,3.2727,0.6579
3,3+1+1,CHE-COV-COV-COV-EVE,CHE,COV,COV,COV,EVE,3.67,2.2,3.0,4.67,4.17,3.2727,0.7713
3,3+1+1,BOU-COV-COV-COV-LEE,BOU,COV,COV,COV,LEE,4.33,2.4,3.0,3.67,4.0,3.2727,0.45
3,2+2+1,BOU-BOU-CHE-COV-COV,BOU,BOU,CHE,COV,COV,4.33,2.4,3.0,3.67,4.0,3.2727,0.5134
3,3+1+1,COV-COV-COV-EVE-FUL,COV,COV,COV,EVE,FUL,4.0,2.4,3.0,4.0,4.0,3.2727,0.55
3,3+1+1,COV-COV-COV-EVE-NEW,COV,COV,COV,EVE,NEW,4.0,2.4,3.0,4.0,4.0,3.2727,0.55
2,3+2,COV-COV-COV-EVE-EVE,COV,COV,COV,EVE,EVE,3.67,2.4,3.0,4.33,4.0,3.2727,0.7
2,3+2,COV-COV-COV-FUL-FUL,COV,COV,COV,FUL,FUL,4.33,2.4,3.0,3.67,4.0,3.2727,0.7
3,3+1+1,COV-COV-COV-FUL-NEW,COV,COV,COV,FUL,NEW,4.33,2.4,3.0,3.67,4.0,3.2727,0.7
2,3+2,COV-COV-COV-NEW-NEW,COV,COV,COV,NEW,NEW,4.33,2.4,3.0,3.67,4.0,3.2727,0.7
3,2+2+1,BOU-BOU-COV-COV-FUL,BOU,BOU,COV,COV,FUL,4.67,2.6,3.0,3.0,3.83,3.2727,0.7
3,2+2+1,BOU-BOU-COV-COV-NEW,BOU,BOU,COV,COV,NEW,4.67,2.6,3.0,3.0,3.83,3.2727,0.7
3,3+1+1,BOU-BOU-BOU-COV-LEE,BOU,BOU,BOU,COV,LEE,4.33,2.8,3.0,3.0,3.67,3.2727,0.45
3,2+2+1,BOU-BOU-COV-FUL-FUL,BOU,BOU,COV,FUL,FUL,4.33,2.8,3.0,3.0,3.67,3.2727,0.8
4,2+1+1+1,BOU-BOU-COV-FUL-NEW,BOU,BOU,COV,FUL,NEW,4.33,2.8,3.0,3.0,3.67,3.2727,0.8
3,2+2+1,BOU-BOU-COV-NEW-NEW,BOU,BOU,COV,NEW,NEW,4.33,2.8,3.0,3.0,3.67,3.2727,0.8
3,3+1+1,BOU-BOU-BOU-FUL-HUL,BOU,BOU,BOU,FUL,HUL,4.33,2.8,3.0,3.0,3.67,3.2727,0.9464
3,3+1+1,BOU-BOU-BOU-HUL-NEW,BOU,BOU,BOU,HUL,NEW,4.33,2.8,3.0,3.0,3.67,3.2727,0.9464
3,3+1+1,BOU-BOU-BOU-FUL-LEE,BOU,BOU,BOU,FUL,LEE,4.0,3.0,3.0,3.0,3.5,3.2727,0.6
3,3+1+1,BOU-BOU-BOU-LEE-NEW,BOU,BOU,BOU,LEE,NEW,4.0,3.0,3.0,3.0,3.5,3.2727,0.6
2,3+2,BOU-BOU-FUL-FUL-FUL,BOU,BOU,FUL,FUL,FUL,4.0,3.0,3.0,3.0,3.5,3.2727,1.0
3,2+2+1,BOU-BOU-FUL-FUL-NEW,BOU,BOU,FUL,FUL,NEW,4.0,3.0,3.0,3.0,3.5,3.2727,1.0
3,2+2+1,BOU-BOU-FUL-NEW-NEW,BOU,BOU,FUL,NEW,NEW,4.0,3.0,3.0,3.0,3.5,3.2727,1.0
2,3+2,BOU-BOU-NEW-NEW-NEW,BOU,BOU,NEW,NEW,NEW,4.0,3.0,3.0,3.0,3.5,3.2727,1.0
3,3+1+1,BOU-FUL-FUL-FUL-NEW,BOU,FUL,FUL,FUL,NEW,4.0,3.0,3.0,3.0,3.5,3.2727,1.0
3,2+2+1,BOU-FUL-FUL-NEW-NEW,BOU,FUL,FUL,NEW,NEW,4.0,3.0,3.0,3.0,3.5,3.2727,1.0
3,3+1+1,BOU-FUL-NEW-NEW-NEW,BOU,FUL,NEW,NEW,NEW,4.0,3.0,3.0,3.0,3.5,3.2727,1.0
2,3+2,FUL-FUL-FUL-NEW-NEW,FUL,FUL,FUL,NEW,NEW,4.0,3.0,3.0,3.0,3.5,3.2727,1.0
2,3+2,FUL-FUL-NEW-NEW-NEW,FUL,FUL,NEW,NEW,NEW,4.0,3.0,3.0,3.0,3.5,3.2727,1.0
3,3+1+1,BOU-CHE-COV-COV-COV,BOU,CHE,COV,COV,COV,4.33,2.2,3.0,4.33,4.33,3.3636,0.6579
3,3+1+1,BOU-COV-COV-COV-FUL,BOU,COV,COV,COV,FUL,4.67,2.4,3.0,3.67,4.17,3.3636,0.7
3,3+1+1,BOU-COV-COV-COV-NEW,BOU,COV,COV,COV,NEW,4.67,2.4,3.0,3.67,4.17,3.3636,0.7
2,3+2,BOU-BOU-BOU-COV-COV,BOU,BOU,BOU,COV,COV,5.0,2.6,3.0,3.0,4.0,3.3636,0.7
3,3+1+1,BOU-BOU-BOU-COV-FUL,BOU,BOU,BOU,COV,FUL,4.67,2.8,3.0,3.0,3.83,3.3636,0.8
3,3+1+1,BOU-BOU-BOU-COV-NEW,BOU,BOU,BOU,COV,NEW,4.67,2.8,3.0,3.0,3.83,3.3636,0.8
2,3+2,BOU-BOU-BOU-FUL-FUL,BOU,BOU,BOU,FUL,FUL,4.33,3.0,3.0,3.0,3.67,3.3636,1.0
3,3+1+1,BOU-BOU-BOU-FUL-NEW,BOU,BOU,BOU,FUL,NEW,4.33,3.0,3.0,3.0,3.67,3.3636,1.0
2,3+2,BOU-BOU-BOU-NEW-NEW,BOU,BOU,BOU,NEW,NEW,4.33,3.0,3.0,3.0,3.67,3.3636,1.0
2,3+2,BOU-BOU-COV-COV-COV,BOU,BOU,COV,COV,COV,5.0,2.4,3.0,3.67,4.33,3.4545,0.7
