player,understat_player_id,window,prior_season_end_year,pl_season_end_year,prior_season,pl_season,prior_league,prior_minutes,pl_minutes,prior_npxg,pl_npxg,prior_xa,pl_xa,prior_npxg_p90,pl_npxg_p90,prior_xa_p90,pl_xa_p90,prior_npxg_xa_p90,ratio_npxg,ratio_xa,diff_npxg,diff_xa,source,meets_900,meets_450
Adam Masina,1441,summer,2018,2019,2017-18,2018-19,Serie A,2848.0,1004.0,2.0486924266442648,0.0530636990442871,1.7717559840530148,0.6919723860919476,0.06474098258356173,0.004756706089627329,0.055989479833136,0.062029397159636734,0.12073046241669773,0.07347287451944073,1.1078759321304885,-0.059984276493934396,0.006039917326500735,understat_roster_shots,True,True
Adama Diakhaby,5740,summer,2018,2019,2017-18,2018-19,Ligue 1,850.0,560.0,1.94214978814125,0.8706762827932832,0.9037377052009103,0.540430899709463,0.20563938933260295,0.13993011687749196,0.09568987466833169,0.08685496602473514,0.3013292640009346,0.6804635888660794,0.9076714367719781,-0.06570927245511099,-0.008834908643596553,understat_roster_shots,False,True
Andreas Pereira,922,summer,2018,2019,2017-18,2018-19,La Liga,1074.0,593.0,0.9561016000807279,0.2686988003551958,1.9506700783967967,0.8848193176090717,0.08012024581682077,0.04078059364581386,0.1634639730500109,0.1342896097551711,0.24358421886683168,0.5089923680345501,0.8215242004064464,-0.03933965217100691,-0.0291743632948398,understat_roster_shots,False,True
Andriy Yarmolenko,6274,summer,2018,2019,2017-18,2018-19,Bundesliga,1043.0,454.0,5.043339386582374,1.2489151693880554,3.1969872824847694,0.6984038129448888,0.43518748302244836,0.24758230230159686,0.2758665919689638,0.13845009507718062,0.7110540749914122,0.5689095205176794,0.5018733659955348,-0.1876051807208515,-0.13741649689178317,understat_roster_shots,False,True
André Gomes,2383,summer,2018,2019,2017-18,2018-19,La Liga,630.0,2001.0,0.7510708123445506,1.3925834791734804,0.1630882062017916,0.6641304120421407,0.1072958303349358,0.06263493909325998,0.023298315171684514,0.029870933075358652,0.1305941455066203,0.5837593026470655,1.2821070045297582,-0.04466089124167581,0.006572617903674138,understat_roster_shots,False,True
André Schürrle,154,summer,2018,2019,2017-18,2018-19,Bundesliga,1235.0,1670.0,2.8509469032287584,3.3227692991495106,3.4928057380020614,1.9269961081445215,0.20776131278590143,0.17907139935536284,0.25453645054266033,0.10385008966048319,0.46229776332856176,0.8619092599780421,0.4079969271162517,-0.02868991343053859,-0.15068636088217713,understat_roster_shots,True,True
Antonio Barreca,1181,summer,2018,2019,2017-18,2018-19,Serie A,458.0,3.0,0.0182668007910251,0.0,0.0566535014659165,0.0,0.003589546006969998,0.0,0.011132784130856955,0.0,0.014722330137826953,0.0,0.0,-0.003589546006969998,-0.011132784130856955,understat_roster_shots,False,False
Bernardo,5245,summer,2018,2019,2017-18,2018-19,Bundesliga,1349.0,1740.0,0.4266319945454591,0.3528813030570742,0.6550266928970812,0.5762904193252321,0.02846321683401877,0.01825248119260729,0.04370081716881935,0.029808125137512003,0.07216403400283812,0.6412655779227393,0.682095371863668,-0.010210735641411482,-0.013892692031307347,understat_roster_shots,True,True
Caglar Söyüncü,5264,summer,2018,2019,2017-18,2018-19,Bundesliga,2152.0,373.0,0.9050607737153763,0.055841399356722804,0.0,0.0,0.03785105466281778,0.013473796091434457,0.0,0.0,0.03785105466281778,0.35596884185819444,,-0.024377258571383325,0.0,understat_roster_shots,False,False
Carlos Sánchez,667,summer,2018,2019,2017-18,2018-19,La Liga,1123.0,233.0,0.0693564983084796,0.0571259995922445,0.30740789510309685,0.045512400567531495,0.005558401467286879,0.02206583675236912,0.024636429705501974,0.01757989721492633,0.03019483117278885,3.969817020636999,0.7135732500639194,0.016507435285082243,-0.007056532490575643,understat_roster_shots,False,False
Denis Suárez,2308,summer,2018,2019,2017-18,2018-19,La Liga,578.0,59.0,2.026572478935122,0.0,2.1335640475153923,0.0,0.3155562683462993,0.0,0.33221585514945556,0.0,0.6477721234957549,0.0,0.0,-0.3155562683462993,-0.33221585514945556,understat_roster_shots,False,False
Diego Rico,5065,summer,2018,2019,2017-18,2018-19,La Liga,2229.0,600.0,1.4768159799277771,0.1808892032131548,3.5930263008922334,1.2170702759176488,0.059629178193584535,0.02713338048197322,0.14507508617330686,0.18256054138764732,0.2047042643668914,0.4550352915125784,1.2583865789992383,-0.03249579771161132,0.03748545521434046,understat_roster_shots,False,True
Divock Origi,484,summer,2018,2019,2017-18,2018-19,Bundesliga,1962.0,357.0,6.295476487837729,2.2430996075272556,1.0788963902741668,0.1880110949277877,0.2887833251301711,0.5654872960152746,0.04949066010431958,0.04739775502381203,0.33827398523449065,1.958171566036153,0.9577111100135663,0.2767039708851035,-0.002092905080507551,understat_roster_shots,False,False
Fabian Schär,76,summer,2018,2019,2017-18,2018-19,La Liga,2221.0,2007.0,3.2088340101763597,2.1653413930907837,0.7313738092780112,0.7358659468591207,0.13002929352358056,0.097100510900932,0.029636939592535348,0.032998472953323796,0.1596662331161159,0.7467587362021851,1.1134237680072445,-0.03292878262264856,0.0033615333607884476,understat_roster_shots,True,True
Fabinho,3420,summer,2018,2019,2017-18,2018-19,Ligue 1,3060.0,2006.0,2.130308567546307,1.1445510741323226,4.252503065392374,1.308382518589496,0.06265613433959727,0.051350746097661534,0.12507361957036395,0.058701110006507795,0.18772975390996122,0.8195645428640659,0.4693324636174274,-0.011305388241935735,-0.06637250956385615,understat_roster_shots,True,True
Felipe Anderson,1208,summer,2018,2019,2017-18,2018-19,Serie A,1139.0,3073.0,2.751287831924855,5.527915947139261,4.387357499450444,6.779623327776789,0.21739763377808335,0.16189796135455045,0.34667442928054437,0.19855714269440644,0.5640720630586278,0.7447089397477701,0.572748163475666,-0.0554996724235329,-0.14811728658613793,understat_roster_shots,True,True
Florin Andone,4068,summer,2018,2019,2017-18,2018-19,La Liga,1629.0,861.0,10.513241458684204,3.488338589668273,1.0299033019691701,0.0960533991456031,0.5808420695405638,0.36463469578414004,0.05690073491542376,0.010040424997798234,0.6377428044559876,0.6277690871678077,0.17645510225346198,-0.2162073737564238,-0.04686030991762553,understat_roster_shots,False,True
Franck Zambo,6434,summer,2018,2019,2017-18,2018-19,Ligue 1,2429.0,1515.0,1.1478705992922174,0.6529500167816868,3.4323829095810643,0.25171898771077367,0.0425312284628652,0.038789109907822986,0.12717762942045938,0.01495360323034299,0.16970885788332457,0.9120148020575157,0.11758045261958129,-0.003742118555042216,-0.11222402619011639,understat_roster_shots,True,True
Gonzalo Higuaín,1293,summer,2018,2019,2017-18,2018-19,Serie A,2811.0,1100.0,11.88912269286811,5.379233302548526,3.2216845341026774,1.4263600837439294,0.3806549421409214,0.4401190883903339,0.103148917847471,0.11670218866995787,0.48380385998839237,1.1562153532408321,1.131395181891568,0.05946414624941254,0.013553270822486863,understat_roster_shots,True,True
Håvard Nordtveit,202,summer,2018,2019,2017-18,2018-19,Bundesliga,958.0,361.0,0.42655799910426123,0.0,0.0605858005583286,0.1195162981748579,0.04007329845447131,0.0,0.005691776670406654,0.0297963070242028,0.045765075124877964,0.0,5.234974727508762,-0.04007329845447131,0.024104530353796148,understat_roster_shots,False,False
Isaac Mbenza,5662,summer,2018,2019,2017-18,2018-19,Ligue 1,2090.0,956.0,7.547269587405024,0.902850505895912,1.1940422980114809,0.9807284232228993,0.3250020396490202,0.08499638653831808,0.0514180893880542,0.09232798963395496,0.3764201290370744,0.2615257019005429,1.7956324463391131,-0.2400056531107021,0.04090990024590076,understat_roster_shots,True,True
Isaac Success,1724,summer,2018,2019,2017-18,2018-19,La Liga,498.0,1015.0,0.413423893973231,3.287550213746725,1.6377607882022858,3.0131800845265384,0.0747151615614273,0.29150691550463576,0.29598086533776247,0.26717852966245165,0.3706960268991898,3.9015764593505224,0.9026885212919333,0.21679175394320846,-0.02880233567531082,understat_roster_shots,False,True
Issa Diop,3203,summer,2018,2019,2017-18,2018-19,Ligue 1,3060.0,2970.0,1.8938201731070867,1.260734125971794,0.4691642820835113,0.1829817984253167,0.05570059332667902,0.038204064423387696,0.013798949473044449,0.005544902982585354,0.06949954279972347,0.6858825398739339,0.4018351537134796,-0.01749652890329132,-0.008254046490459094,understat_roster_shots,True,True
Jannik Vestergaard,111,summer,2018,2019,2017-18,2018-19,Bundesliga,2880.0,2033.0,1.963647109456359,0.6773960832506413,0.6901241838932037,0.5291908904910088,0.06136397217051122,0.029988021393289578,0.021566380746662617,0.0234270438485936,0.08293035291717384,0.4886910076479775,1.0862760944354986,-0.03137595077722164,0.001860663101930983,understat_roster_shots,True,True
Jean Michael Seri,3312,summer,2018,2019,2017-18,2018-19,Ligue 1,2632.0,2274.0,1.8645813940092906,0.820702586323022,4.361823766492306,4.036100987344979,0.06375848231794687,0.03248163270407738,0.14915050873263966,0.1597401446178752,0.21290899105058653,0.5094480220231714,1.0709996631940293,-0.031276849613869485,0.010589635885235538,understat_roster_shots,True,True
Jefferson Lerma,2182,summer,2018,2019,2017-18,2018-19,La Liga,2142.0,2527.0,1.0173587417229997,1.085813052952288,1.547035203315317,1.0097842952236529,0.042746165618613434,0.038671616448637085,0.06500147913089567,0.035963825314653246,0.1077476447495091,0.9046803587874996,0.553277029930837,-0.004074549169976349,-0.029037653816242424,understat_roster_shots,True,True
Jonny,2280,summer,2018,2019,2017-18,2018-19,La Liga,3208.0,2792.0,1.8854473913088434,1.8485929155722252,1.7965966258198014,1.763373486697673,0.052895967960659575,0.0595893131810531,0.050403271921378466,0.05684226855400808,0.10329923988203804,1.1265379097584827,1.1277495763107102,0.006693345220393526,0.006438996632629611,understat_roster_shots,True,True
Jorginho,1389,summer,2018,2019,2017-18,2018-19,Serie A,2677.0,3179.0,1.2352514816448086,0.5354190990328781,3.8275634814053765,3.0728412251919504,0.041528813353766444,0.015158137437231527,0.12868162619592227,0.08699456126683722,0.17021043954968873,0.3650029031194739,0.6760449322763838,-0.026370675916534917,-0.041687064929085055,understat_roster_shots,True,True
João Moutinho,3422,summer,2018,2019,2017-18,2018-19,Ligue 1,2801.0,3053.0,0.8857632027938953,0.50536629743874,5.286676175892352,6.52855735644698,0.028460795519975213,0.014897794552730624,0.16986820986444545,0.19245665315434923,0.19832900538442066,0.5234496886172632,1.1329762838375075,-0.013563000967244589,0.02258844328990378,understat_roster_shots,True,True
Leon Balogun,394,summer,2018,2019,2017-18,2018-19,Bundesliga,1176.0,589.0,0.039865919388830495,0.0824963971972465,0.0120817003771662,0.0,0.003050963218532946,0.012605561541175186,0.0009246199268239439,0.0,0.00397558314535689,4.131666178275516,0.0,0.00955459832264224,-0.0009246199268239439,understat_roster_shots,False,True
Lucas Digne,1823,summer,2018,2019,2017-18,2018-19,La Liga,702.0,2968.0,0.3250336088240146,1.1999904029071315,1.7537755146622658,7.708522620610892,0.041670975490258284,0.03638784914475803,0.22484301470029047,0.2337490012988478,0.2665139901905488,0.8732180784504234,1.039609798909825,-0.0052831263455002525,0.00890598659855732,understat_roster_shots,False,True
Lucas Pérez,1700,summer,2018,2019,2017-18,2018-19,La Liga,2797.0,462.0,6.490173428319393,1.3946273997426029,9.899320866912603,0.8767508976161477,0.20883647070030226,0.27168066228752,0.3185337425892507,0.17079562940574305,0.527370213289553,1.3009253669939884,0.5361932083471107,0.06284419158721777,-0.14773811318350766,understat_roster_shots,False,True
Lucas Torreira,1227,summer,2018,2019,2017-18,2018-19,Serie A,3192.0,2366.0,1.402440083213149,1.8013447178527702,2.389653602614998,1.7125501278787847,0.03954248354924292,0.06852114311358803,0.0673774512015507,0.06514349598862663,0.10691993475079362,1.7328487480625112,0.9668441715576108,0.028978659564345116,-0.002233955212924063,understat_roster_shots,True,True
Luciano Vietto,2274,summer,2018,2019,2017-18,2018-19,La Liga,790.0,975.0,1.7277370318770404,2.8408026238903394,1.5996526852250095,2.437476130202412,0.19683080109991602,0.2622279345129544,0.18223891350664667,0.22499779663406883,0.3790697146065627,1.3322505067682024,1.2346309155638302,0.06539713341303838,0.042758883127422154,understat_roster_shots,False,True
Marc Navarro,5085,summer,2018,2019,2017-18,2018-19,La Liga,1102.0,87.0,0.613150698132812,0.0,0.8446599286980924,0.0,0.05007582834115524,0.0,0.06898311577389139,0.0,0.11905894411504664,0.0,0.0,-0.05007582834115524,-0.06898311577389139,understat_roster_shots,False,False
Martín Montoya,1950,summer,2018,2019,2017-18,2018-19,La Liga,2152.0,2165.0,0.249449729453772,0.1871217992156739,1.9880913849920028,1.1847683181986208,0.010432377161170762,0.0077787353022681985,0.08314508580356889,0.049251338862760216,0.09357746296473965,0.7456340182197975,0.5923541768796415,-0.0026536418589025636,-0.03389374694080867,understat_roster_shots,True,True
Mateo Kovacic,2254,summer,2018,2019,2017-18,2018-19,La Liga,982.0,1756.0,0.3458425980061288,2.017642078921198,0.6701106065884229,2.01335079036653,0.0316963684527002,0.10340990153924134,0.061415432375721044,0.10318996078188367,0.09311180082842124,3.262515757713938,1.680195950597542,0.07171353308654115,0.04177452840616262,understat_roster_shots,True,True
Max Meyer,338,summer,2018,2019,2017-18,2018-19,Bundesliga,1739.0,1403.0,0.19488909840583749,1.9788616020232417,0.3333825999870892,1.0709684062749143,0.010086267312550532,0.12694051616685087,0.017253843587600935,0.0687007530753687,0.027340110900151468,12.585480062470326,3.9817651485341425,0.11685424885430033,0.05144690948776777,understat_roster_shots,True,True
Maxime Le Marchand,3304,summer,2018,2019,2017-18,2018-19,Ligue 1,2537.0,2251.0,0.4472838817164296,0.1570365987718104,0.71414294373244,0.8136741546913978,0.015867382481071605,0.006278673429348261,0.025334199817075128,0.03253250729552457,0.04120158229814673,0.39569686032577633,1.2841339979326214,-0.009588709051723345,0.007198307478449444,understat_roster_shots,True,True
Naby Keita,5247,summer,2018,2019,2017-18,2018-19,Bundesliga,1970.0,1407.0,3.3211789214983565,2.5456333812326184,4.164140300825237,1.0696076881140466,0.15172898626134623,0.1628336917632805,0.19023991222044231,0.0684184022247791,0.3419688984817886,1.0731877657365148,0.3596427344094788,0.011104705501934264,-0.12182150999566321,understat_roster_shots,True,True
Nampalys Mendy,1785,summer,2018,2019,2017-18,2018-19,Ligue 1,967.0,2085.0,0.0234305001795291,0.0669059008359908,0.052241800352931,0.21521659567952128,0.00218070839313094,0.002888024496517588,0.004862215131089752,0.009289924993360631,0.0070429235242206924,1.3243515298123483,1.9106363546029506,0.0007073161033866481,0.004427709862270879,understat_roster_shots,True,True
Rachid Ghezzal,3276,summer,2018,2019,2017-18,2018-19,Ligue 1,990.0,731.0,2.354956821538507,1.3734104782342904,2.878856874071061,1.7269101543352003,0.2140869837762279,0.16909294533664315,0.26171426127918734,0.21261547727793165,0.4758012450554152,0.7898329097549701,0.8123954584619335,-0.044994038439584744,-0.049098784001255696,understat_roster_shots,False,True
Sokratis,371,summer,2018,2019,2017-18,2018-19,Bundesliga,2376.0,2198.0,1.1818204717710605,0.8275356069207187,0.2207122016698121,0.6274546086788175,0.04476592696102502,0.03388453349538884,0.008360310669311064,0.02569195394954212,0.05312623763033608,0.7569268815742395,3.073086033016914,-0.010881393465636179,0.017331643280231054,understat_roster_shots,True,True
Stephan Lichtsteiner,1303,summer,2018,2019,2017-18,2018-19,Serie A,1730.0,953.0,0.0597561011090873,0.0184109006077051,0.7813882939517496,0.0864555984735487,0.003108698901628819,0.0017386999524590335,0.04065025806685403,0.008164746970219709,0.04375895696848285,0.5593014979829769,0.20085350889511802,-0.0013699989491697854,-0.03248551109663432,understat_roster_shots,True,True
Víctor Camarasa,2390,summer,2018,2019,2017-18,2018-19,La Liga,1253.0,2606.0,1.4246836034581054,3.1467736056074487,1.276170614175498,3.6263920329511157,0.10233162355245767,0.10867598791430176,0.0916642899248163,0.12523993974121275,0.19399591347727396,1.0619980817424617,1.3662893133622203,0.006344364361844088,0.03357564981639645,understat_roster_shots,True,True
Yerry Mina,6521,summer,2018,2019,2017-18,2018-19,La Liga,370.0,891.0,0.2504298910498618,0.7469826955348252,0.2428691014647483,0.13738670200109482,0.060915378904020434,0.07545279752877022,0.059076267923857693,0.013877444646575234,0.11999164682787813,1.2386493999759118,0.2349072670680825,0.01453741862474979,-0.04519882327728246,understat_roster_shots,False,False
Yoshinori Muto,47,summer,2018,2019,2017-18,2018-19,Bundesliga,1911.0,512.0,4.823195636272429,1.0190252140164373,1.736593608744442,0.3132422044873236,0.227152070782061,0.17912552590132688,0.08178619821402397,0.05506210625753735,0.308938268996085,0.788570957264956,0.6732444771848534,-0.04802654488073413,-0.026724091956486618,understat_roster_shots,False,True
Youri Tielemans,5956,summer,2018,2019,2017-18,2018-19,Ligue 1,1559.0,1098.0,1.210346079431473,2.055863318033515,1.2239284887909883,2.5030781868845224,0.06987244845980281,0.1685133867240586,0.07065655163001215,0.20517034318725594,0.14052900008981495,2.4117286632799666,2.903769550792903,0.0986409382642558,0.1345137915572438,understat_roster_shots,True,True
Yves Bissouma,5609,summer,2018,2019,2017-18,2018-19,Ligue 1,1556.0,1757.0,2.052621028386054,1.7799652311950909,0.7561026141047476,0.9938525147736069,0.1187248666804273,0.09117636357857609,0.043733441689863296,0.0509087799257966,0.1624583083702906,0.7679634951622751,1.1640698275433563,-0.02754850310185121,0.007175338235933304,understat_roster_shots,True,True
Allan Saint-Maximin,101,summer,2019,2020,2018-19,2019-20,Ligue 1,2928.0,1896.0,5.931583322584626,2.942516651004551,6.644203243777156,4.331811335869133,0.18232325786633075,0.13967642330717805,0.2042275587226585,0.20562395581657275,0.38655081658898927,0.7660921867114783,1.006837456720572,-0.04264683455915269,0.001396397093914259,understat_roster_shots,True,True
Björn Engels,7152,summer,2019,2020,2018-19,2019-20,Ligue 1,2970.0,1447.0,1.1198957813903685,0.7842203993350263,1.1483928039669988,0.1433623023331165,0.033936235799708135,0.04877666616458353,0.034799781938393906,0.008916798348293356,0.06873601773810203,1.4373033724913895,0.25623144317624674,0.014840430364875395,-0.02588298359010055,understat_roster_shots,True,True
Borja Bastón,1701,summer,2019,2020,2018-19,2019-20,La Liga,1462.0,9.0,6.937000000849365,0.0,1.2777879182249308,0.0,0.42703830374585694,0.0,0.07865999496596701,0.0,0.5056982987118239,0.0,0.0,-0.42703830374585694,-0.07865999496596701,understat_roster_shots,False,False
Bruno Jordao,6336,summer,2019,2020,2018-19,2019-20,Serie A,85.0,1.0,0.009197230450809,0.0,0.0225505996495485,0.0461255982518196,0.009738244006738941,0.0,0.023877105511286648,4.151303842663764,0.03361534951802559,0.0,173.8612680963969,-0.009738244006738941,4.1274267371524775,understat_roster_shots,False,False
Christian Pulisic,2662,summer,2019,2020,2018-19,2019-20,Bundesliga,916.0,1738.0,5.157791588455438,8.925185522995887,2.9689981304109097,4.296079449355602,0.5067699158962766,0.46217876701359606,0.2917137901058754,0.22246671486881714,0.798483706002152,0.9120090844307197,0.762619808916385,-0.044591148882680565,-0.06924707523705825,understat_roster_shots,True,True
Dani Ceballos,2446,summer,2019,2020,2018-19,2019-20,La Liga,1245.0,1722.0,2.2372885067015877,0.47007409669458783,1.2545568142086263,1.576143786311149,0.16173169927963285,0.024568332579856505,0.0906908540391778,0.08237685294309141,0.25242255331881064,0.15190796046344662,0.908325914623157,-0.13716336669977636,-0.00831400109608639,understat_roster_shots,True,True
Dennis Praet,1234,summer,2019,2020,2018-19,2019-20,Serie A,2905.0,1124.0,2.3019125731661902,1.2077162833884354,4.41666935943067,1.4928809739649294,0.07131570794662896,0.09670326112540853,0.13683312989630303,0.11953673279078615,0.20814883784293198,1.355988237511139,0.8735949611134036,0.025387553178779568,-0.017296397105516878,understat_roster_shots,True,True
Dimitri Foulquier,2509,summer,2019,2020,2018-19,2019-20,La Liga,1816.0,52.0,1.4507387988269325,0.0,1.6750910356640814,0.0,0.07189784795948455,0.0,0.08301662621683221,0.0,0.15491447417631676,0.0,0.0,-0.07189784795948455,-0.08301662621683221,understat_roster_shots,False,False
Djibril Sidibe,3357,summer,2019,2020,2018-19,2019-20,Ligue 1,2064.0,1806.0,0.9656297517940392,0.301567003130912,3.4944975217804304,2.564887225627899,0.042105948479391246,0.015028255969979002,0.15237634542647227,0.1278183002804601,0.19448229390586352,0.356915269996461,0.8388329561436921,-0.027077692509412242,-0.024558045146012175,understat_roster_shots,True,True
Douglas Luiz,6122,summer,2019,2020,2018-19,2019-20,La Liga,1485.0,2602.0,1.0372593831270926,2.2777953697368485,0.5949815949425096,2.0041150031611314,0.06286420503800562,0.07878615806161274,0.036059490602576336,0.069319888656611,0.09892369564058195,1.2532753418894145,1.9223757046545276,0.01592195302360712,0.03326039805403466,understat_roster_shots,True,True
Emil Krafth,1545,summer,2019,2020,2018-19,2019-20,Ligue 1,2974.0,1024.0,0.6771174864843483,0.3526872014626859,3.0312869958579536,0.7032870054244995,0.020491114251375706,0.03099789856605638,0.09173363470989099,0.06181233446113765,0.11222474896126669,1.5127483154790025,0.6738241066825718,0.010506784314680672,-0.029921300248753335,understat_roster_shots,True,True
Emile Smith-Rowe,7230,summer,2019,2020,2018-19,2019-20,Bundesliga,26.0,96.0,0.0,0.0,0.4354470074176788,0.0,0.0,0.0,1.5073165641381188,0.0,1.5073165641381188,,0.0,0.0,-1.5073165641381188,understat_roster_shots,False,False
Erik Pieters,887,summer,2019,2020,2018-19,2019-20,Ligue 1,1261.0,1880.0,0.9701691782101983,0.4510199045762412,0.5891183027997611,2.6981899132952085,0.0692428438056446,0.021591378410564736,0.04204650852654916,0.12916866606200467,0.11128935233219377,0.3118210810516224,3.072042616343388,-0.04765146539507987,0.0871221575354555,understat_roster_shots,True,True
Ezequiel Schelotto,3873,summer,2019,2020,2018-19,2019-20,Serie A,141.0,362.0,0.028400301001965902,0.2549653984606264,0.0743236988782882,0.0,0.01812785170338249,0.06338918746258666,0.04744065885848183,0.0,0.06556851056186433,3.496784312879105,0.0,0.04526133575920417,-0.04744065885848183,understat_roster_shots,False,False
Frederic Guilbert,3253,summer,2019,2020,2018-19,2019-20,Ligue 1,2920.0,2045.0,0.2974684927612537,0.4175966018810866,2.8399859080091114,1.389764908701181,0.009168549434422203,0.018378334557113834,0.08753381223315755,0.061163247815699893,0.09670236166757976,2.0044975149629027,0.6987385360617419,0.009209785122691631,-0.026370564417457658,understat_roster_shots,True,True
Georges-Kévin Nkoudou,1729,summer,2019,2020,2018-19,2019-20,Ligue 1,18.0,1.0,0.0993681997060775,0.0563584007322788,0.0,0.0,0.4968409985303875,5.072256065905092,0.0,0.0,0.4968409985303875,10.209012704081156,,4.5754150673747045,0.0,understat_roster_shots,False,False
Giovani Lo Celso,5681,summer,2019,2020,2018-19,2019-20,La Liga,2401.0,1477.0,5.184539371170101,1.3795274160802355,4.238757656887174,1.7072914326563473,0.1943392517306577,0.08406057376250589,0.15888720912946508,0.10403265331013627,0.35322646086012277,0.43254552548657904,0.6547578869320311,-0.1102786779681518,-0.05485455581932881,understat_roster_shots,True,True
Ibrahim Amadou,3358,summer,2019,2020,2018-19,2019-20,La Liga,760.0,757.0,0.3480064012110229,0.592750312760472,0.0651517994701861,0.0502861998975276,0.04121128435393692,0.07047229610098081,0.007715344674100985,0.00597854424144978,0.048926629028037905,1.7100242616983272,0.7748901045884147,0.02926101174704389,-0.001736800432651205,understat_roster_shots,False,True
Ignacio Pussetto,6997,summer,2019,2020,2018-19,2019-20,Serie A,2181.0,48.0,6.597193126566705,0.0,2.174807260744273,0.0,0.27223630508528357,0.0,0.08974445367582971,0.0,0.3619807587611133,0.0,0.0,-0.27223630508528357,-0.08974445367582971,understat_roster_shots,False,False
Ismaila Sarr,5675,summer,2019,2020,2018-19,2019-20,Ligue 1,2809.0,2038.0,5.188378635793922,5.968200012110172,7.302340606227516,4.351110962219536,0.16623498655089106,0.2635613351766023,0.23396605715930097,0.19214915927367923,0.40020104371019205,1.5854745180005523,0.8212693824337529,0.09732634862571124,-0.041816897885621734,understat_roster_shots,True,True
Jean-Philippe Gbamin,4764,summer,2019,2020,2018-19,2019-20,Bundesliga,2675.0,135.0,1.29895005468279,0.0,1.9453695351257916,0.0,0.04370299249400041,0.0,0.06545168529395187,0.0,0.10915467778795229,0.0,0.0,-0.04370299249400041,-0.06545168529395187,understat_roster_shots,False,False
Jesús Vallejo,5234,summer,2019,2020,2018-19,2019-20,La Liga,309.0,163.0,0.7584499716758728,0.0,0.0,0.0,0.22090775874054547,0.0,0.0,0.0,0.22090775874054547,0.0,,-0.22090775874054547,0.0,understat_roster_shots,False,False
Jetro Willems,6143,summer,2019,2020,2018-19,2019-20,Bundesliga,706.0,1501.0,0.19659159798175072,0.48531030304729866,2.165358794853091,1.0827347394078968,0.02506125186736199,0.02909921870370212,0.2760372401370796,0.06492080382858809,0.30109849200444155,1.16112390784432,0.23518857019563205,0.00403796683634013,-0.2111164363084915,understat_roster_shots,False,True
Joelinton,87,summer,2019,2020,2018-19,2019-20,Bundesliga,2149.0,2722.0,8.93147794343531,6.031040053814648,5.146287014707922,3.1011656122282143,0.3740497975380074,0.19940984748101334,0.21552621280768405,0.10253670282900047,0.5895760103456914,0.5331104275246966,0.4757504968571729,-0.17463995005699404,-0.11298950997868358,understat_roster_shots,True,True
Josip Drmic,209,summer,2019,2020,2018-19,2019-20,Bundesliga,217.0,609.0,1.39968529343605,2.9341549864038816,0.0162467006593942,0.9491624049842355,0.5805146378306197,0.43361896350796286,0.0067382629462925244,0.14027030615530575,0.5872529007769123,0.7469561234982717,20.816983141402073,-0.14689567432265688,0.13353204320901324,understat_roster_shots,False,False
João Cancelo,2379,summer,2019,2020,2018-19,2019-20,Serie A,1969.0,1198.0,1.8640262298285948,0.5605652527883642,3.9621710591018195,2.999575399793684,0.0852018083720536,0.042112581595119186,0.18110482240688863,0.22534372786430013,0.26630663077894223,0.49426863583956765,1.2442723770105903,-0.043089226776934414,0.04423890545741149,understat_roster_shots,True,True
Kevin Danso,5261,summer,2019,2020,2018-19,2019-20,Bundesliga,1245.0,272.0,0.4038977036252614,0.0780709013342857,0.33551191538572306,0.0789782032370567,0.029197424358452632,0.025832283529726885,0.024253873401377572,0.026132493718143763,0.05345129775983021,0.8847452848096329,1.0774565070773185,-0.003365140828725747,0.0018786203167661907,understat_roster_shots,False,False
Lukas Rupp,62,summer,2019,2020,2018-19,2019-20,Bundesliga,23.0,701.0,0.0,0.8557934034615754,0.024958299472928,0.775527186691761,0.0,0.10987361813344049,0.0976629109810226,0.09956839772076817,0.0976629109810226,,1.01951085341001,0.10987361813344049,0.0019054867397455683,understat_roster_shots,False,False
Moise Kean,1304,summer,2019,2020,2018-19,2019-20,Serie A,527.0,783.0,3.8115928508341304,4.140312395989894,0.39794589951634385,2.337307918816805,0.6509361604840072,0.47589797655056254,0.06796040029690881,0.26865608262262125,0.7188965607809159,0.7310977718563153,3.953126842233169,-0.1750381839334446,0.20069568232571244,understat_roster_shots,False,True
Nabil Bentaleb,914,summer,2019,2020,2018-19,2019-20,Bundesliga,1796.0,750.0,1.0311819072812787,0.0619124406948684,1.3725776164792474,0.1953010614961384,0.05167392631142265,0.007429492883384208,0.06878172911087542,0.023436127379536608,0.12045565542229807,0.1437764345331332,0.3407318728751035,-0.04424443342803844,-0.04534560173133881,understat_roster_shots,False,True
Nicolas Pepe,5656,summer,2019,2020,2018-19,2019-20,Ligue 1,3333.0,2021.0,13.631399753503498,4.3081365134567005,10.37834968417883,4.9042183328419915,0.3680846018047749,0.1918517002528961,0.28024346581941034,0.218396660047392,0.6483280676241853,0.521216316336565,0.7793104449690449,-0.17623290155187882,-0.06184680577201834,understat_roster_shots,True,True
Ondrej Duda,5240,summer,2019,2020,2018-19,2019-20,Bundesliga,2590.0,737.0,6.7469574324786645,0.5319720963016148,5.98596086166799,1.5336715430021284,0.2344502582714594,0.06496267119015649,0.20800636198846295,0.1872868912757009,0.4424566202599224,0.2770850911792946,0.9003902067480453,-0.1694875870813029,-0.02071947071276206,understat_roster_shots,False,True
Pablo Fornals,2335,summer,2019,2020,2018-19,2019-20,La Liga,2486.0,2190.0,3.9165124306455232,2.6434277910739166,5.405420219525694,2.299053318798541,0.14178846289545335,0.10863401881125684,0.19569099748886262,0.0944816432382962,0.337479460384316,0.7661696628403208,0.4828103717120326,-0.033154444084196516,-0.10120935425056642,understat_roster_shots,True,True
Patrick Cutrone,4918,summer,2019,2020,2018-19,2019-20,Serie A,1408.0,291.0,3.290539409033953,2.288807539269328,1.7621373059228058,0.4840546064078807,0.21033277472518164,0.7078786203925757,0.11263661756608845,0.14970761022924145,0.3229693922912701,3.3655174345390613,1.3291202582623893,0.497545845667394,0.037070992663153,understat_roster_shots,False,False
Patrick Roberts,925,summer,2019,2020,2018-19,2019-20,La Liga,589.0,19.0,0.8708983939141032,0.0,0.3773138895630834,0.0,0.1330744574741414,0.0,0.057654074805904086,0.0,0.1907285322800455,0.0,0.0,-0.1330744574741414,-0.057654074805904086,understat_roster_shots,False,False
Pedro Neto,6382,summer,2019,2020,2018-19,2019-20,Serie A,39.0,911.0,0.0320991985499858,1.8934480082243674,0.0434718988835811,2.626217395998537,0.07407507357689032,0.18705852990141938,0.10031976665441791,0.2594506757847073,0.17439484023130825,2.525256079661556,2.5862368348449656,0.11298345632452907,0.1591309091302894,understat_roster_shots,False,False
Reiss Nelson,6492,summer,2019,2020,2018-19,2019-20,Bundesliga,611.0,621.0,3.2228908948600283,1.2735879197716709,0.8336131963878867,0.3629353968426583,0.4747302463787276,0.18457795938719868,0.12279081452522063,0.05259933287574758,0.5975210609039483,0.3888059814919547,0.4283653714581715,-0.29015228699152895,-0.07019148164947306,understat_roster_shots,False,True
Rodri,2496,summer,2019,2020,2018-19,2019-20,La Liga,2750.0,2488.0,2.8055378803983317,0.7440791055560101,1.476702090352773,2.910294508561491,0.09181760335849086,0.026916044815128982,0.04832843204790894,0.10527592675664559,0.1401460354063998,0.29314688938283984,2.1783435194480023,-0.06490155854336188,0.05694749470873665,understat_roster_shots,True,True
Sofiane Boufal,1734,summer,2019,2020,2018-19,2019-20,La Liga,2114.0,746.0,3.5110415024682853,1.0145511077716938,3.6261970903724423,2.6982579510658975,0.1494766959423584,0.12239892721106224,0.15437925171878894,0.3255270986540627,0.3038559476611473,0.8188495634012545,2.1086194875916995,-0.027077768731296165,0.17114784693527377,understat_roster_shots,False,True
Sébastien Haller,6144,summer,2019,2020,2018-19,2019-20,Bundesliga,2176.0,2248.0,11.421549138613043,8.48489962890744,7.3658437579870215,2.3431188017129894,0.47239863165219387,0.3396979388797463,0.3046534642549779,0.0938081370792567,0.7770520959071718,0.719091707974825,0.3079175131281111,-0.13270069277244756,-0.21084532717572121,understat_roster_shots,True,True
Tanguy NDombele Alvaro,5962,summer,2019,2020,2018-19,2019-20,Ligue 1,2692.0,1002.0,1.9148361245170222,0.35295530967414324,3.723323306068777,0.7975039957091208,0.06401755245413522,0.03170257272522245,0.1244796053291939,0.07163209542297491,0.18849715778332912,0.49521688208769715,0.5754524625422732,-0.03231497972891277,-0.05284750990621899,understat_roster_shots,True,True
Valentino Lazaro,6352,summer,2019,2020,2018-19,2019-20,Bundesliga,2743.0,455.0,2.1725086066871873,0.4934961963444947,6.64200938027352,0.1779981963336466,0.071281726067024,0.09761463224396599,0.2179295822911472,0.035208434439622405,0.2892113083581712,1.3694201533809938,0.1615587662283729,0.026332906176941992,-0.1827211478515248,understat_roster_shots,False,True
Ademola Lookman,5556,summer,2020,2021,2019-20,2020-21,Bundesliga,281.0,2765.0,1.185321500524878,5.489946503192184,0.9836378935724496,5.258410016074776,0.3796403382464022,0.17869626954332607,0.3150441652011404,0.1711598196914032,0.6946845034475426,0.47069884714765176,0.5432883341360281,-0.20094406870307613,-0.14388434550973722,understat_roster_shots,False,False
Allan,1379,summer,2020,2021,2019-20,2020-21,Serie A,1287.0,2051.0,0.5716992998495691,0.24172119889408308,1.0476271174848075,0.772284904494881,0.03997897201745239,0.01060697606068624,0.07326063758635018,0.03388865987544578,0.11323960960380257,0.2653138769064867,0.4625766440471147,-0.02937199595676615,-0.0393719777109044,understat_roster_shots,True,True
Amad Diallo Traore,8127,summer,2020,2021,2019-20,2020-21,Serie A,17.0,172.0,0.0449633002281188,0.0358977988362312,0.0744395032525062,0.423180591315031,0.23804100120768776,0.01878373194919074,0.39409148780738573,0.22143170475786506,0.6321324890150735,0.07890964940448295,0.5618789332138302,-0.219257269258497,-0.17265978304952068,understat_roster_shots,False,False
Bertrand Traoré,695,summer,2020,2021,2019-20,2020-21,Ligue 1,1252.0,2362.0,3.68163022212684,6.304107186384496,3.0458302851766343,4.570988927036524,0.26465392970560353,0.2402073017674025,0.21894946139448648,0.17416977283373714,0.48360339110009,0.9076279427802374,0.7954793390422245,-0.024446627938201043,-0.04477968856074935,understat_roster_shots,True,True
Branislav Ivanovic,682,summer,2020,2021,2019-20,2020-21,Russian Premier League,2222.0,761.0,2.650439149700104,0.4594694972038268,0.2642222065478561,0.048929501324892,0.10735352091494571,0.05433936234999266,0.010702069572145386,0.0057866690134563475,0.11805559048709109,0.5061721486810365,0.5407056059995623,-0.05301415856495305,-0.004915400558689039,understat_roster_shots,False,True
Cengiz Ünder,6162,summer,2020,2021,2019-20,2020-21,Serie A,870.0,259.0,2.5633527748286715,0.2526030987501139,2.82971491292119,1.6640292070806026,0.26517442498227634,0.08777713856181564,0.2927291289228817,0.578234087402526,0.557903553905158,0.33101660753175,1.9753213133594894,-0.1773972864204607,0.2855049584796443,understat_roster_shots,False,False
Diego Llorente,2163,summer,2020,2021,2019-20,2020-21,La Liga,2330.0,1208.0,1.4586306437849994,0.9071680884808299,0.4250425407662986,0.4612306058406828,0.056341956197703845,0.06758702645966448,0.01641795221844072,0.034363207388792595,0.07275990841614456,1.1995860815073887,2.0930263976646053,0.011245070261960637,0.017945255170351875,understat_roster_shots,True,True
Edinson Cavani,3294,summer,2020,2021,2019-20,2020-21,Ligue 1,593.0,1355.0,8.57428058795631,8.603231213986872,1.092976376414299,2.3172431979328394,1.3013242039056794,0.5714323315563237,0.16588174346928652,0.15391283233502254,1.467205947374966,0.4391160402928626,0.9278467245162512,-0.7298918723493557,-0.011968911134263988,understat_roster_shots,False,True
Ethan Ampadu,6369,summer,2020,2021,2019-20,2020-21,Bundesliga,73.0,2095.0,0.0554356016218662,0.1944530000910161,0.0,0.983015703037381,0.06834526227353367,0.008353589502716682,0.0,0.04222979153859871,0.06834526227353367,0.12222631422912197,,-0.05999167277081699,0.04222979153859871,understat_roster_shots,False,False
Fernando Marçal,5708,summer,2020,2021,2019-20,2020-21,Ligue 1,833.0,611.0,0.0909130992367861,0.0745545979589223,1.3723503723740578,0.1398072009906171,0.009822543735066927,0.010981855673163678,0.14827314947618872,0.02059353206081103,0.15809569321125566,1.118025632602475,0.13888915244306022,0.001159311938096751,-0.1276796174153777,understat_roster_shots,False,True
Ferrán Torres,6441,summer,2020,2021,2019-20,2020-21,La Liga,2276.0,1305.0,4.0220606485381705,5.7287082010880095,5.062217187136411,2.202425749972462,0.1590445774905252,0.3950833242129662,0.20017554782173858,0.1518914310325836,0.35922012531226377,2.4841043338085678,0.7587911345088302,0.23603874672244102,-0.04828411678915498,understat_roster_shots,True,True
Franck Zambo,6434,summer,2020,2021,2019-20,2020-21,La Liga,2582.0,2582.0,2.9461988103575987,1.4385463139042243,0.6159115936607117,2.301115181297063,0.1026947687576235,0.05014297763415189,0.021468645789877634,0.08020928207464588,0.12416341454750113,0.48827197568843594,3.736112787908783,-0.05255179112347161,0.05874063628476825,understat_roster_shots,True,True
Gabriel,5613,summer,2020,2021,2019-20,2020-21,Ligue 1,2087.0,1994.0,1.0393156046047798,1.564549600705504,0.1377757042646407,0.0560960005968808,0.04481955170792054,0.07061658177707893,0.005941453466132085,0.002531915774182183,0.050761005174052624,1.5755753702596609,0.42614417307394514,0.025797030069158386,-0.0034095376919499026,understat_roster_shots,True,True
Gareth Bale,2251,summer,2020,2021,2019-20,2020-21,La Liga,1099.0,909.0,4.050732057541608,5.79785879421979,1.5648091863840816,1.8422418329864736,0.3317251002536349,0.5740454251702763,0.1281463391943288,0.1824001814838093,0.4598714394479637,1.7304853468470276,1.423374109869863,0.24232032491664146,0.05425384228948049,understat_roster_shots,True,True
Ibrahima Diallo,6736,summer,2020,2021,2019-20,2020-21,Ligue 1,1563.0,999.0,0.0781602999195455,0.6084519866853949,0.6849786993116137,0.6375490110367534,0.004500593085578436,0.05481549429598152,0.03944215159183956,0.057436847841148955,0.043942744677417996,12.179615720343756,1.4562300869264049,0.050314901210403086,0.017994696249309397,understat_roster_shots,True,True
Islam Slimani,1682,summer,2020,2021,2019-20,2020-21,Ligue 1,1285.0,17.0,8.993015179410575,0.1003689989447593,4.1906885877251625,0.076834499835968,0.6298609853283672,0.5313652885310786,0.2935112629535133,0.4067708814845365,0.9233722482818805,0.8436231182886497,1.3858782705349244,-0.09849569679728865,0.11325961853102318,understat_roster_shots,False,False
James Rodríguez,2249,summer,2020,2021,2019-20,2020-21,La Liga,418.0,1802.0,1.2141351252794264,3.3635375984013067,2.145768143236637,5.439712628722191,0.26141665376829754,0.16799022411549258,0.4620074949552568,0.2716837605910084,0.7234241487235543,0.6426148514026502,0.5880505480053299,-0.09342642965280495,-0.19032373436424838,understat_roster_shots,False,False
Jean-Philippe Mateta,5735,summer,2020,2021,2019-20,2020-21,Bundesliga,1062.0,213.0,4.80906519293785,0.32543040439486487,1.2826550006866453,0.016295300796628,0.4075478977065975,0.13750580467388657,0.10869957632937673,0.006885338364772393,0.5162474740359743,0.3373978996031528,0.06334282613861107,-0.27004209303271093,-0.10181423796460433,understat_roster_shots,False,False
Joachim Andersen,6314,summer,2020,2021,2019-20,2020-21,Ligue 1,1531.0,2732.0,1.0260637942701574,1.3567867232486601,0.11647180095314968,0.45167968329042146,0.0603172707278342,0.04469648795475088,0.006846807371511085,0.01487963817574595,0.06716407809934528,0.7410230505360896,2.17322284217586,-0.01562078277308332,0.008032830804234864,understat_roster_shots,True,True
Jonjoe Kenny,1084,summer,2020,2021,2019-20,2020-21,Bundesliga,2732.0,81.0,1.1650711940601461,0.0,1.154462593607604,0.0,0.03838082264473395,0.0,0.038031344591758554,0.0,0.0764121672364925,0.0,0.0,-0.03838082264473395,-0.038031344591758554,understat_roster_shots,False,False
Josh Maja,5587,summer,2020,2021,2019-20,2020-21,Ligue 1,703.0,809.0,3.47082208096981,4.156885305419563,1.2687119999900458,0.7428307086229322,0.4443442208922943,0.462447067351991,0.1624240113785265,0.08263876857362658,0.6067682322708208,1.0407405916596464,0.5087841869699812,0.018102846459696675,-0.07978524280489992,understat_roster_shots,False,True
Kai Havertz,5220,summer,2020,2021,2019-20,2020-21,Bundesliga,2467.0,1523.0,9.301624269224702,6.352182677015661,8.284009832888842,1.5533829852938645,0.3393377317512052,0.3753752074401901,0.30221357314957265,0.09179544890114762,0.6415513049007778,1.106199435892401,0.3037436338298276,0.03603747568898491,-0.21041812424842504,understat_roster_shots,True,True
Kenny Tete,5973,summer,2020,2021,2019-20,2020-21,Ligue 1,1055.0,1483.0,0.6010745046660302,0.21112629957497092,1.4723112713545556,0.9065475072711702,0.05127649802838172,0.012812789589849887,0.12560001367005688,0.05501636928820318,0.1768765116984386,0.24987645573529543,0.43802837022556085,-0.03846370843853183,-0.0705836443818537,understat_roster_shots,True,True
Martin Odegaard,2517,summer,2020,2021,2019-20,2020-21,La Liga,2545.0,865.0,3.2843535933643557,0.6187400063499804,6.7265706434845915,1.9558854773640628,0.116146099568877,0.06437757291502685,0.2378747968226378,0.20350253521707012,0.3540208963915148,0.5542809715865632,0.8555027179647114,-0.05176852665385015,-0.03437226160556767,understat_roster_shots,False,True
Mohammed Salisu,6923,summer,2020,2021,2019-20,2020-21,La Liga,2731.0,836.0,1.1959557868540283,0.478431894443929,0.15735250338912,0.17215709760785092,0.03941267697431803,0.0515058259568823,0.005185545699385133,0.018533658833381077,0.04459822267370316,1.3068339912674385,3.574099990205211,0.012093148982564271,0.013348113133995945,understat_roster_shots,False,True
Morgan Sanson,3696,summer,2020,2021,2019-20,2020-21,Ligue 1,2214.0,291.0,4.178840680047868,0.026357199996709803,3.4475713055580846,0.1084519997239112,0.16987157235966943,0.0081517113391886,0.14014517502268636,0.03354185558471481,0.3100167473823558,0.047987495647176116,0.23933649930713013,-0.16171986102048083,-0.10660331943797155,understat_roster_shots,False,False
Nélson Semedo,6163,summer,2020,2021,2019-20,2020-21,La Liga,2097.0,2994.0,0.6746811922639605,1.3097360972315064,2.2628619167953725,0.9027981068938963,0.028956274346092728,0.03937082456607734,0.09711853720151814,0.027138219646109105,0.12607481154761085,1.359664717066404,0.2794339827194688,0.010414550219984615,-0.06998031755540904,understat_roster_shots,True,True
Okay Yokuslu,6932,summer,2020,2021,2019-20,2020-21,La Liga,1994.0,1328.0,0.412395504303276,0.7194968704134219,1.1699272152036424,0.4425208047032354,0.018613638609475847,0.04876108308524697,0.05280514010447734,0.029990114776574688,0.07141877871395319,2.6196427312402872,0.5679393088861785,0.030147444475771126,-0.02281502532790265,understat_roster_shots,True,True
Ola Aina,725,summer,2020,2021,2019-20,2020-21,Serie A,2074.0,2683.0,0.4050868079066272,0.8479762719944114,2.2581102969124904,1.5527279768139117,0.017578501789583627,0.028444973715802093,0.09798935714663652,0.05208554525279614,0.11556785893622015,1.6181682635011327,0.531542881487145,0.010866471926218466,-0.04590381189384038,understat_roster_shots,True,True
Oliver Burke,5256,summer,2020,2021,2019-20,2020-21,La Liga,1398.0,1272.0,2.6434029871597873,2.603761186823248,1.309337696060538,2.6204519215971227,0.17017615797166014,0.18422838586013546,0.08429212635582864,0.18540933407526813,0.2544682843274888,1.0825745983219075,2.19960442441072,0.014052227888475322,0.1011172077194395,understat_roster_shots,True,True
Ozan Kabak,7376,summer,2020,2021,2019-20,2020-21,Bundesliga,1769.0,807.0,1.6838480322621758,0.0860282033681869,0.3034070059657097,0.0293869003653526,0.08566779135307848,0.009594223423961363,0.015436195894241871,0.0032773494831248254,0.10110398724732035,0.11199335564073223,0.21231587792607423,-0.07607356792911711,-0.012158846411117046,understat_roster_shots,False,True
Raphinha,8026,summer,2020,2021,2019-20,2020-21,Ligue 1,1702.0,2369.0,4.590241273865102,6.219143583439287,4.73853254970163,9.524861674755812,0.2427272118965095,0.23626970135480616,0.25056870121806507,0.3618562898809722,0.49329591311457455,0.9733960173181712,1.4441400227638794,-0.0064575105417033485,0.11128758866290711,understat_roster_shots,True,True
Rayan Ait Nouri,6674,summer,2020,2021,2019-20,2020-21,Ligue 1,1293.0,1414.0,0.2377614043653009,0.5121662383899085,0.6413340838626023,0.7904388774186372,0.01654951770524136,0.03259898264150761,0.04464042347071477,0.05031081963767846,0.061189941175956136,1.969784450647964,1.1270237987478682,0.016049464936266248,0.005670396166963687,understat_roster_shots,True,True
Robin Koch,6273,summer,2020,2021,2019-20,2020-21,Bundesliga,2708.0,1124.0,4.199456449598072,0.5145199028775091,1.2872688025236128,0.1258082622662186,0.13956834581382072,0.04119821286385749,0.042782198015925095,0.010073615306013944,0.1823505438297458,0.29518307051381454,0.23546278062347747,-0.09837013294996322,-0.03270858270991115,understat_roster_shots,True,True
Rodrigo,2381,summer,2020,2021,2019-20,2020-21,La Liga,1912.0,1285.0,7.2309966320171934,5.755641127005218,5.798691460862756,3.2005288116633888,0.3403711803773784,0.4031188337980309,0.27295095788579915,0.22416155101144355,0.6133221382631775,1.1843506649155269,0.8212521133750014,0.06274765342065247,-0.048789406874355595,understat_roster_shots,True,True
Sergio Reguilón,7187,summer,2020,2021,2019-20,2020-21,La Liga,2510.0,2258.0,2.459978005848824,1.1595532028004516,4.095350978896021,2.0991007015109058,0.08820638267983831,0.04621779816299409,0.1468452542233633,0.08366654700442051,0.23505163690320163,0.523973399189833,0.5697599656653326,-0.04198858451684422,-0.0631787072189428,understat_roster_shots,True,True
Thiago Alcántara,229,summer,2020,2021,2019-20,2020-21,Bundesliga,1773.0,1865.0,2.582844888791441,1.2113064229488364,1.0969494432210916,2.5549221271649,0.13110887760362644,0.058454465450614085,0.05568271285386252,0.12329382919294424,0.18679159045748894,0.44584673836760275,2.2142209471101904,-0.07265441215301235,0.06761111633908172,understat_roster_shots,True,True
Thiago Silva,3288,summer,2020,2021,2019-20,2020-21,Ligue 1,1586.0,1938.0,0.2227808982133862,1.3205456202849741,0.0,0.2914941012859343,0.012642043404290516,0.06132564800085019,0.0,0.013536877768696639,0.012642043404290516,4.850928448801023,,0.048683604596559675,0.013536877768696639,understat_roster_shots,True,True
Thomas Partey,2328,summer,2020,2021,2019-20,2020-21,La Liga,2544.0,1543.0,1.9617765378206955,1.1572763873264182,1.0441681854426854,1.1210453063249584,0.06940247185686423,0.06750153911819678,0.03693991222084972,0.06538825506756075,0.10634238407771394,0.972610013911494,1.770124809085338,-0.0019009327386674407,0.028448342846711036,understat_roster_shots,True,True
Timo Werner,65,summer,2020,2021,2019-20,2020-21,Bundesliga,2825.0,2605.0,21.175247886218127,13.432796752080318,9.675969239324331,6.667280228808521,0.674609667171551,0.46408894728876343,0.3082609669165274,0.23034749350969938,0.9828706340880784,0.6879369950842212,0.7472483325210426,-0.2105207198827876,-0.077913473406828,understat_roster_shots,True,True
Timothy Castagne,6157,summer,2020,2021,2019-20,2020-21,Serie A,1762.0,2349.0,1.9758137874305244,1.600266736000776,2.6685321480035777,2.306962272152304,0.10092124907420386,0.06131290176248184,0.1363041392283326,0.08838935908629518,0.23722538830253645,0.6075321334697374,0.6484715694380196,-0.03960834731172202,-0.047914780142037414,understat_roster_shots,True,True
Wesley Fofana,7589,summer,2020,2021,2019-20,2020-21,Ligue 1,1213.0,2274.0,0.8253347799181935,1.3763297051191326,0.0360733987763523,0.282855601981282,0.061236710793600505,0.05447215191764377,0.002676509389836527,0.011194812743322506,0.06391322018343704,0.889534255052385,4.182616652058991,-0.006764558875956735,0.00851830335348598,understat_roster_shots,True,True
Willian José,2361,summer,2020,2021,2019-20,2020-21,La Liga,2031.0,1123.0,11.714215140789745,1.429272817447781,1.6425518821924918,1.2711049672216175,0.5190937285431202,0.11454546177230658,0.07278664175151367,0.10186949870876721,0.5918803702946338,0.22066431450402602,1.399563110172599,-0.4045482667708136,0.029082856957253544,understat_roster_shots,True,True
Alex Kral,8017,summer,2021,2022,2020-21,2021-22,Russian Premier League,2407.0,1.0,1.111610299907624,0.0,2.5810191715136166,0.0,0.041564157453961845,0.0,0.09650674093735999,0.0,0.13807089839132183,0.0,0.0,-0.041564157453961845,-0.09650674093735999,understat_roster_shots,False,False
Ashley Young,631,summer,2021,2022,2020-21,2021-22,Serie A,1435.0,1232.0,1.5255178147926922,0.4037421988323325,2.137875691056251,0.7783125322312112,0.09567707549222461,0.02949415413547883,0.13408279595474745,0.056857246672734583,0.22975987144697207,0.30826772227037536,0.42404580146079096,-0.06618292135674578,-0.07722554928201286,understat_roster_shots,True,True
Boubakary Soumare,6310,summer,2021,2022,2020-21,2021-22,Ligue 1,1913.0,1102.0,0.1382339885458346,0.3298372942954298,0.6226277034729715,0.28568330779671647,0.006503428629966081,0.0269377100604253,0.02929246906041162,0.023331667605902433,0.035795897690377707,4.14207821645085,0.7965073738845343,0.02043428143045922,-0.005960801454509189,understat_roster_shots,True,True
Bruno Guimarães,8327,summer,2021,2022,2020-21,2021-22,Ligue 1,1760.0,1031.0,1.7804035199806083,4.0931999143213025,1.969157222658395,1.742860712110996,0.0910433618171902,0.35731134072639886,0.10069553979503157,0.1521410902909696,0.19173890161222176,3.9246281507471066,1.5109019783861013,0.26626797890920867,0.05144555049593802,understat_roster_shots,True,True
Bryan Gil Salvatierra,7338,summer,2021,2022,2020-21,2021-22,La Liga,2293.0,76.0,3.6163890026509744,0.100671000778675,4.628236858174204,0.1044243015348911,0.14194287406828943,0.11921565881685198,0.18165779207835953,0.12366035708079211,0.32360066614664895,0.8398847747685927,0.6807324677129745,-0.02272721525143745,-0.05799743499756742,understat_roster_shots,False,False
Christian Eriksen,646,summer,2021,2022,2020-21,2021-22,Serie A,1401.0,935.0,1.1810339018702494,1.4037854857742778,2.3885523201897736,3.7309530712664127,0.07586941553770339,0.13512373659859359,0.15344019187514607,0.35912917263526967,0.22930960741284945,1.781004053358546,2.3405156644192173,0.059254321060890194,0.2056889807601236,understat_roster_shots,True,True
Cristian Romero,7218,summer,2021,2022,2020-21,2021-22,Serie A,2552.0,1850.0,1.357945162802934,0.4114758968353268,0.8436236977577206,0.3777228910475967,0.04788991561609093,0.020017746332529413,0.029751619435029332,0.018375708213126327,0.07764153505112026,0.41799502202095096,0.6176372433525722,-0.02787216928356152,-0.011375911221903005,understat_roster_shots,True,True
Cristiano Ronaldo,2371,summer,2021,2022,2020-21,2021-22,Serie A,2807.0,2468.0,23.74780800333246,14.929334205575282,3.854639131575822,4.424962695688008,0.7614188529746782,0.5444246671401035,0.12359013959452227,0.16136411775199383,0.8850089925692004,0.7150133793156931,1.3056390929033774,-0.21699418583457464,0.03777397815747156,understat_roster_shots,True,True
Dejan Kulusevski,6691,summer,2021,2022,2020-21,2021-22,Serie A,1917.0,1276.0,3.3344087265431868,3.023932365700601,6.333947457373141,4.146448384970427,0.15654501063583037,0.21328676560584178,0.297368425228786,0.2924610929838075,0.45391343586461635,1.3624628772232759,0.9834974670185548,0.05674175497001141,-0.004907332244978468,understat_roster_shots,True,True
Demarai Gray,762,summer,2021,2022,2020-21,2021-22,Bundesliga,438.0,2366.0,1.5132294762879603,4.336392738856372,0.7747809030115603,4.429345730692147,0.31093756362081376,0.1649515412075543,0.1592015554133343,0.16848736929936317,0.47013911903414807,0.5304973104140983,1.0583274068015236,-0.14598602241325948,0.009285813886028865,understat_roster_shots,False,False
Diogo Dalot,7281,summer,2021,2022,2020-21,2021-22,Serie A,1070.0,1790.0,0.5104913003742692,0.6603385116904967,0.9577981140464542,0.8457392938435072,0.042938520592228246,0.033201377682762406,0.08056245819082326,0.04252320471838863,0.12350097878305151,0.7732305916653254,0.5278290369152661,-0.00973714290946584,-0.038039253472434635,understat_roster_shots,True,True
Emerson,7430,summer,2021,2022,2020-21,2021-22,La Liga,2998.0,2296.0,1.3979490110650652,2.0201123822480436,3.1854076432064167,2.450624798424541,0.04196644796392791,0.07918558989648256,0.09562597994949217,0.09606107659329646,0.13759242791342008,1.8868785360282627,1.0045499836345113,0.03721914193255465,0.00043509664380429747,understat_roster_shots,True,True
Emmanuel Dennis,9301,summer,2021,2022,2020-21,2021-22,Bundesliga,473.0,2612.0,0.4957775902003048,7.0068078497424695,0.753465514630079,3.95916156284511,0.09433400236369437,0.2414290606725966,0.1433655313249622,0.13641827743340731,0.23769953368865654,2.559300513316433,0.9515416723437675,0.14709505830890224,-0.006947253891554872,understat_roster_shots,False,True
Hassane Kamara,3729,summer,2021,2022,2020-21,2021-22,Ligue 1,2966.0,1627.0,1.5259600197896348,0.1643535951152441,2.4687063256278625,0.6610655849799509,0.046303574437311916,0.009091471149583264,0.07491017171493851,0.03656785657541216,0.12121374615225042,0.19634490987065698,0.4881560906650523,-0.03721210328772865,-0.03834231513952635,understat_roster_shots,True,True
Hee-Chan Hwang,8845,summer,2021,2022,2020-21,2021-22,Bundesliga,434.0,1804.0,2.0261165024712677,4.1964046908542505,0.6018605176359414,1.6057070260867472,0.4201624083465763,0.20935500120669764,0.12480978476321367,0.08010733500432775,0.54497219310979,0.4982716136613738,0.6418353749772552,-0.21080740713987867,-0.04470244975888592,understat_roster_shots,False,False
Ibrahima Konaté,6326,summer,2021,2022,2020-21,2021-22,Bundesliga,695.0,990.0,0.7968814820051192,0.20516260154545288,0.0,0.0,0.10319328543951184,0.01865114559504117,0.0,0.0,0.10319328543951184,0.18073991457490513,,-0.08454213984447068,0.0,understat_roster_shots,False,True
Imran Louza,7278,summer,2021,2022,2020-21,2021-22,Ligue 1,2409.0,1443.0,2.0382956895045923,1.1728488490916784,1.7641830686479802,0.8327764142304654,0.07615052389182786,0.07315065586850385,0.06590970368547872,0.05194031689587102,0.14206022757730657,0.96060607504703,0.7880526537295685,-0.002999868023324012,-0.013969386789607692,understat_roster_shots,True,True
Jadon Sancho,6345,summer,2021,2022,2020-21,2021-22,Bundesliga,2083.0,1891.0,5.996701007708905,4.233037987723946,8.243653137236834,4.078670029528438,0.25909893936332284,0.2014666414041011,0.3561828047773956,0.19411967353652007,0.6152817441407185,0.7775664458494499,0.5450001261510631,-0.05763229795922176,-0.16206313124087554,understat_roster_shots,True,True
Joshua Sargent,7295,summer,2021,2022,2020-21,2021-22,Bundesliga,2541.0,1578.0,5.8171044671908,2.0713026840239754,3.8093943586572996,0.536333795636892,0.2060367579878678,0.11813513406980848,0.13492542002328098,0.03058937997929042,0.3409621780111488,0.5733692144232084,0.22671324628088846,-0.08790162391805932,-0.10433604004399055,understat_roster_shots,True,True
Juan Camilo Hernández,6954,summer,2021,2022,2020-21,2021-22,La Liga,1479.0,1125.0,2.5189575580880037,2.664221607148646,1.2373304162174459,1.6998535655438898,0.15328342138466552,0.21313772857189167,0.07529394013493586,0.13598828524351117,0.2285773615196014,1.390481283928426,1.8060986714176956,0.05985430718722615,0.06069434510857531,understat_roster_shots,True,True
Juraj Kucka,1123,summer,2021,2022,2020-21,2021-22,Serie A,2354.0,1928.0,4.01811618171632,2.5135278785601236,2.234635697677731,1.0615557907149193,0.15362381323469365,0.11733273292033772,0.08543636907009168,0.04955395288606989,0.23906018230478532,0.7637665701025567,0.5800100522227953,-0.036291080314355934,-0.03588241618402179,understat_roster_shots,True,True
Júnior Firpo,6485,summer,2021,2022,2020-21,2021-22,La Liga,283.0,1735.0,0.7897049784660339,0.9361439049243921,1.0050469860434532,2.5230679307132955,0.25114292601393307,0.04856077892979555,0.3196262499784834,0.13087960447504127,0.5707691759924165,0.19335913497759227,0.40947702037567885,-0.20258214708413752,-0.1887466455034421,understat_roster_shots,False,False
Kenedy,689,summer,2021,2022,2020-21,2021-22,La Liga,1494.0,59.0,2.00048958417028,0.0535646006464958,3.7075770720839496,0.7482360005378723,0.1205114207331494,0.08170871285058681,0.22334801639059937,1.1413769499730255,0.3438594371237488,0.6780163436253555,5.110307082275326,-0.038802707882562584,0.9180289335824261,understat_roster_shots,False,False
Kieran Trippier,652,summer,2021,2022,2020-21,2021-22,La Liga,2479.0,434.0,0.1303206961601971,0.2261340022087096,3.920961366966366,0.2351752035319803,0.004731287879958749,0.04689414792346512,0.14235035216900885,0.04876905142368255,0.1470816400489676,9.911497485093632,0.3425987409274571,0.042162860043506376,-0.0935813007453263,understat_roster_shots,False,False
Leon Bailey,5221,summer,2021,2022,2020-21,2021-22,Bundesliga,2151.0,723.0,6.5204978482797715,1.4925608886405815,6.3491800986230365,0.6773803047835824,0.2728241777522917,0.18579596124156614,0.26565607107209355,0.08432119976559117,0.5384802488243852,0.6810098825268264,0.31740738852795936,-0.08702821651072554,-0.1813348713065024,understat_roster_shots,False,True
Lyanco,6252,summer,2021,2022,2020-21,2021-22,Serie A,1954.0,898.0,1.5229800115339454,0.2554842922836539,0.35983769595623,0.1741070002317428,0.07014749285468531,0.02560532996161342,0.016573895924288998,0.017449476637925225,0.08672138877897431,0.3650213132300591,1.052828901402299,-0.04454216289307189,0.0008755807136362273,understat_roster_shots,False,True
Marc Cucurella,7134,summer,2021,2022,2020-21,2021-22,La Liga,3255.0,3102.0,2.204235207289456,0.7293020971119396,3.6014319956302634,2.8715989068150507,0.06094659559325685,0.02115963531272552,0.09957876485613633,0.08331524874705176,0.1605253604493932,0.34718322010863273,0.8366768644642175,-0.03978696028053133,-0.016263516109084566,understat_roster_shots,True,True
Mathias Normann,7470,summer,2021,2022,2020-21,2021-22,Russian Premier League,1150.0,1661.0,0.9363957117311645,0.8355383183807122,0.6627341825515028,2.2901421673595905,0.07328314265722158,0.04527299738366291,0.05186615341707414,0.12408958161490857,0.1251492960742957,0.6177818764599822,2.3924963283291945,-0.02801014527355867,0.07222342819783444,understat_roster_shots,True,True
Maxwel Cornet,3278,summer,2021,2022,2020-21,2021-22,Ligue 1,2477.0,1790.0,1.947841191664337,5.952873677015303,3.609827717766165,1.7581321336328979,0.07077339816301587,0.29930649772702644,0.13116047420224258,0.08839770504299488,0.20193387236525845,4.229081907832361,0.6739660372582235,0.22853309956401058,-0.042762769159247704,understat_roster_shots,True,True
Milot Rashica,6523,summer,2021,2022,2020-21,2021-22,Bundesliga,1453.0,2248.0,2.932211879640816,2.569659525528548,1.6211802242323754,1.9145782003179186,0.18162358511195692,0.10287782797934578,0.10041721967027789,0.07665126246824407,0.2820408047822348,0.5664342982544339,0.7633278706573449,-0.07874575713261114,-0.023765957202033824,understat_roster_shots,True,True
Moise Kean,1304,summer,2021,2022,2020-21,2021-22,Ligue 1,1723.0,1.0,10.80333445034921,0.0,0.9559355862438677,0.0,0.5643065005986239,0.0,0.0499327932454719,0.0,0.6142392938440958,0.0,0.0,-0.5643065005986239,-0.0499327932454719,understat_roster_shots,False,False
Nicolas N&#039;Koulou,3387,summer,2021,2022,2020-21,2021-22,Serie A,1363.0,167.0,0.6929326876997947,0.0,0.0692174993455409,0.0129845002666115,0.045754909679370154,0.0,0.00457048785113623,0.006997634874221766,0.05032539753050638,0.0,1.5310476916555296,-0.045754909679370154,0.0024271470230855362,understat_roster_shots,False,False
Nikola Vlasic,6276,summer,2021,2022,2020-21,2021-22,Russian Premier League,2271.0,548.0,4.621930712368335,0.9056943729519842,5.512593116611241,0.606604408472776,0.18316766363414802,0.14874542621474193,0.21846472060546532,0.0996248116104924,0.40163238423961334,0.8120725201356517,0.45602242473927435,-0.03442223741940609,-0.11883990899497292,understat_roster_shots,False,True
Philippe Coutinho,488,summer,2021,2022,2020-21,2021-22,La Liga,667.0,1364.0,4.289969869889318,3.3669724529609066,0.6798082850873469,2.932847184129059,0.5788565041829665,0.22216093897835892,0.09172825435961203,0.193516309803237,0.6705847585425786,0.3837927662088387,2.109669601304898,-0.3566955652046076,0.10178805544362497,understat_roster_shots,False,True
Pierre Lees-Melou,5619,summer,2021,2022,2020-21,2021-22,Ligue 1,2061.0,2293.0,3.3915081089362484,1.3564581042155606,0.8568411888554688,1.859252595342695,0.1481007907832423,0.05324083269925881,0.03741664580154885,0.07297546165758506,0.18551743658479114,0.3594905362604117,1.95034750160754,-0.09485995808398348,0.03555881585603621,understat_roster_shots,True,True
Raphael Varane,2245,summer,2021,2022,2020-21,2021-22,La Liga,2718.0,1823.0,2.7280356362462035,0.7495002876967188,0.1703762211836873,0.2139597013592718,0.090332305835967,0.037002208388757375,0.005641596727936666,0.010563013232218576,0.09597390256390367,0.40962320231201776,1.872344611218223,-0.05333009744720963,0.004921416504281909,understat_roster_shots,True,True
Rodrigo Bentancur,6108,summer,2021,2022,2020-21,2021-22,Serie A,2340.0,1376.0,0.5898594995960584,0.5784623958170406,2.678508818149566,3.092965390533209,0.02268690383061763,0.037835476470591316,0.10301956992882948,0.2023015153691779,0.1257064737594471,1.667723227156699,1.9637192769192964,0.015148572639973684,0.09928194544034842,understat_roster_shots,True,True
Romain Perraud,6500,summer,2021,2022,2020-21,2021-22,Ligue 1,3140.0,1630.0,2.7131590354256314,0.7305774409323921,3.128287872299551,0.4040513997897503,0.07776570483704039,0.04033863170792349,0.08966430207228013,0.022309586491458602,0.16743000690932053,0.5187200680872618,0.24881235871857246,-0.037427073129116896,-0.06735471558082153,understat_roster_shots,True,True
Romelu Lukaku,594,summer,2021,2022,2020-21,2021-22,Serie A,2885.0,1571.0,18.857973949983712,6.259267052635549,8.387606982141733,3.362756066024303,0.588290348526355,0.3585830902210054,0.2616584500494821,0.1926467510771402,0.8499487985758372,0.6095342055487438,0.7362527410855978,-0.2297072583053496,-0.06901169897234194,understat_roster_shots,True,True
Ryan Sessegnon,6837,summer,2021,2022,2020-21,2021-22,Bundesliga,1567.0,1065.0,0.7834270186722276,0.38443529605865456,1.596172766759991,3.2756368126720186,0.04499580834747957,0.03248748980777363,0.09167552585092482,0.27681437853566354,0.13667133419840438,0.7220114717550886,3.0195013987244126,-0.012508318539705944,0.18513885268473873,understat_roster_shots,True,True
Salomón Rondón,813,summer,2021,2022,2020-21,2021-22,Russian Premier League,754.0,764.0,4.530264781787991,2.640421275049447,1.0273792045190928,0.6123949047178028,0.5407477856245613,0.3110443910398563,0.1226314700354355,0.07214076102696629,0.6633792556599968,0.575211585343066,0.5882728226785551,-0.22970339458470496,-0.050490709008469206,understat_roster_shots,False,True
Samir,1142,summer,2021,2022,2020-21,2021-22,Serie A,2210.0,1682.0,1.3209115155041213,0.3858644962310787,0.8940236913040277,0.1426795013248919,0.0537927766494891,0.020646732854219432,0.036408204623240945,0.0076344560756482,0.09020098127273005,0.38381980147171907,0.2096905396640952,-0.03314604379526967,-0.028773748547592744,understat_roster_shots,True,True
Samuel Kalu,6947,summer,2021,2022,2020-21,2021-22,Ligue 1,980.0,220.0,1.764636025764047,0.3926308061927556,0.5252076378092168,0.2924529910087585,0.16205841052935124,0.16062169344249094,0.04823335449268317,0.11963985995812848,0.21029176502203442,0.9911345725151359,2.48043830284036,-0.0014367170868603008,0.0714065054654453,understat_roster_shots,False,False
Saúl Ñíguez,2266,summer,2021,2022,2020-21,2021-22,La Liga,2041.0,477.0,2.549862494692205,0.1444711983203885,1.4511835705488914,0.18980529904365528,0.11243881652243923,0.027258716664224244,0.06399143623194524,0.03581232057427458,0.17643025275438445,0.2424315508406678,0.559642394092675,-0.08518009985821498,-0.02817911565767066,understat_roster_shots,False,True
Takehiro Tomiyasu,7931,summer,2021,2022,2020-21,2021-22,Serie A,2721.0,1688.0,2.285686451941728,0.3872379316017026,0.43029759638011433,0.9992056842893358,0.07560153644790722,0.020646572182555233,0.014232555558327926,0.05327518458888638,0.08983409200623516,0.2730972563868676,3.743191752918425,-0.054954964265351985,0.039042629030558454,understat_roster_shots,True,True
Trevoh Chalobah,6615,summer,2021,2022,2020-21,2021-22,Ligue 1,2239.0,1459.0,2.3505303859710684,1.1775854909792538,0.7462743204087017,0.2659640014171599,0.09448313297784554,0.07264064029344267,0.029997627886013022,0.01640627836020863,0.12448076086385856,0.7688212488728066,0.5469191904956717,-0.021842492684402873,-0.013591349525804392,understat_roster_shots,True,True
Trincão,8934,summer,2021,2022,2020-21,2021-22,La Liga,636.0,1359.0,3.1336177978664628,3.603015142492948,0.4820683021098373,1.4855602774769063,0.44343648083015985,0.23861027433728133,0.06821721256271282,0.09838147532959646,0.5116536933928727,0.5380934691944553,1.4421796440180445,-0.20482620649287853,0.030164262766883637,understat_roster_shots,False,True
Wout Weghorst,7052,summer,2021,2022,2020-21,2021-22,Bundesliga,2954.0,1459.0,16.037058401852843,5.398303442634641,5.427310448139905,1.851903304457664,0.4886036750733771,0.3330002123626578,0.1653547529900445,0.11423666717010951,0.6539584280634216,0.6815343996597013,0.690858080003224,-0.1556034627107193,-0.051118085819935,understat_roster_shots,True,True
Yoane Wissa,5786,summer,2021,2022,2020-21,2021-22,Ligue 1,2693.0,1230.0,9.573035774752496,3.401828915812074,3.575345213524997,0.670594800263643,0.3199306423051336,0.24891431091307858,0.11948795737736713,0.0490679122144129,0.4394185996825007,0.7780258531024883,0.4106515274961686,-0.07101633139205499,-0.07042004516295422,understat_roster_shots,True,True
Aaron Hickey,8942,summer,2022,2023,2021-22,2022-23,Serie A,2853.0,1958.0,0.7283983626402906,0.3167129345238203,1.6348064858466385,0.6221226900815963,0.022977866329346702,0.014557795764629126,0.0515711825188214,0.028596037848490127,0.0745490488481681,0.6335573353926386,0.554496454256284,-0.008420070564717577,-0.022975144670331276,understat_roster_shots,True,True
Alexander Isak,5232,summer,2022,2023,2021-22,2022-23,La Liga,2168.0,1530.0,9.31268963217735,7.26251878030598,3.9729699268937106,1.7707323329523204,0.38659689432470545,0.42720698707682236,0.16492956338580902,0.10416072546778354,0.5515264577105145,1.1050450568752066,0.6315467241256628,0.04061009275211691,-0.06076883791802548,understat_roster_shots,True,True
Amadou Onana,9667,summer,2022,2023,2021-22,2022-23,Ligue 1,1316.0,2529.0,3.2245561964809886,3.084735804237424,0.9849453810602423,2.063957966864108,0.22052435994170896,0.1097770748838941,0.0673594865466731,0.07345046145423872,0.28788384648838206,0.49780021995262286,1.0904249010767801,-0.11074728505781486,0.006090974907565619,understat_roster_shots,True,True
Armel Bella Kotchap,9710,summer,2022,2023,2021-22,2022-23,Bundesliga,1775.0,1890.0,0.8344144481234249,1.2702638162299986,0.0457163006067276,1.4630886502563953,0.04230833821470887,0.06048875315380946,0.002318009608228442,0.0696708881074474,0.04462634782293731,1.4297123381882204,30.056341380178296,0.018180414939100588,0.06735287849921896,understat_roster_shots,True,True
Arnaut Danjuma Groeneveld,8066,summer,2022,2023,2021-22,2022-23,La Liga,1483.0,151.0,10.592673609964548,0.6234148815274235,2.393640706315636,0.0274659004062414,0.6428460046505795,0.37157178369184185,0.14526477651274933,0.01637040421564057,0.7881107811633288,0.578010567077897,0.11269355592340585,-0.27127422095873766,-0.12889437229710876,understat_roster_shots,False,False
Benoit Badiashile Mukinayi,7240,summer,2022,2023,2021-22,2022-23,Ligue 1,1836.0,901.0,1.3438834631815546,1.213535144925117,0.3170611001551151,0.6913552954792975,0.065876640352037,0.12121882690705942,0.015542210791917407,0.06905879755065125,0.0814188511439544,1.8400881747958047,4.443305941170524,0.05534218655502242,0.053516586758733845,understat_roster_shots,True,True
Boubacar Kamara,5789,summer,2022,2023,2021-22,2022-23,Ligue 1,2784.0,1790.0,0.7872201958671202,0.0835402803495525,2.903287030756473,0.6932991156354542,0.02544892874570432,0.004200349291318282,0.0938562617701446,0.0348586147526206,0.11930519051584892,0.16505014153207861,0.37140425257922455,-0.02124857945438604,-0.058997647017523996,understat_roster_shots,True,True
Boubacar Traore,8119,summer,2022,2023,2021-22,2022-23,Ligue 1,1710.0,399.0,0.5105079114437091,0.0458008991554378,1.4325577896088355,0.3329919874668121,0.026868837444405744,0.010331029884685218,0.07539777840046503,0.07511097461657415,0.10226661584487078,0.3844985815281785,0.99619612420982,-0.01653780755972053,-0.0002868037838908849,understat_roster_shots,False,False
Bryan Gil Salvatierra,7338,summer,2022,2023,2021-22,2022-23,La Liga,763.0,148.0,1.5470366533845659,0.0724655985832214,1.3566898964345455,0.2734795957803725,0.18248138768625288,0.04406691805736436,0.16002895239725962,0.16630515959617248,0.3425103400835125,0.24148719283705947,1.039219198181918,-0.13841446962888854,0.006276207198912864,understat_roster_shots,False,False
Casemiro,2248,summer,2022,2023,2021-22,2022-23,La Liga,2596.0,2127.0,2.560401249676941,3.1409091833047555,3.7921483479440203,3.872432379983365,0.08876583685320673,0.13290165796776116,0.1314689334803397,0.16385468462553024,0.22023477033354644,1.4972163016673006,1.2463376729988733,0.04413582111455443,0.032385751145190544,understat_roster_shots,True,True
Cheick Oumar Doucoure,8666,summer,2022,2023,2021-22,2022-23,Ligue 1,2956.0,2825.0,1.157247165217994,0.9975931812077744,3.5794383669272056,2.0301440805196753,0.035234182973484254,0.03178172966679635,0.10898154703093658,0.06467715654752948,0.14421573000442084,0.9020140949689092,0.5934688789944372,-0.0034524533066879054,-0.044304390483407105,understat_roster_shots,True,True
Chris Richards,8430,summer,2022,2023,2021-22,2022-23,Bundesliga,1295.0,432.0,1.3190041221678253,0.6922851279377936,0.4622834995388984,0.4522219896316528,0.09166824015065966,0.14422606832037368,0.03212781077876514,0.09421291450659432,0.1237960509294248,1.573348283804004,2.9324411537204487,0.05255782816971402,0.062085103727829175,understat_roster_shots,False,False
Clement Lenglet,5050,summer,2022,2023,2021-22,2022-23,La Liga,808.0,2039.0,0.2029983997344969,0.9607517048716541,0.4795539975166321,0.707438267767429,0.022611207891218715,0.04240689231900386,0.05341566804021892,0.03122581858708613,0.07602687593143763,1.8754810677528198,0.5845816355526039,0.019795684427785145,-0.02218984945313279,understat_roster_shots,False,True
Dango Ouattara,9662,summer,2022,2023,2021-22,2022-23,Ligue 1,781.0,1254.0,1.7316424017772067,3.2874002531170836,1.2514470797032116,2.415271652862429,0.1995490603840571,0.23593781720936008,0.14421285169435216,0.1733448554685954,0.3437619120784092,1.1823549394583381,1.2020069878098398,0.03638875682530299,0.029132003774243242,understat_roster_shots,False,True
Denis Zakaria,6147,summer,2022,2023,2021-22,2022-23,Bundesliga,1393.0,417.0,1.219868312589823,0.2399099990725516,1.2447757907211778,0.0211979001760482,0.07881417669280982,0.05177913649047876,0.08042341792168414,0.0045750863689312665,0.15923759461449397,0.6569774457239562,0.05688748982773226,-0.027035040202331065,-0.07584833155275288,understat_roster_shots,False,False
Dennis Praet,1234,summer,2022,2023,2021-22,2022-23,Serie A,1554.0,609.0,2.2452288996428242,0.9074058122932909,4.877946125343441,0.5022870898246764,0.13003256175537592,0.13409938112708733,0.28250653235579776,0.07422961918591277,0.4125390941111737,1.0312753922310791,0.26275363817933106,0.004066819371711411,-0.208276913169885,understat_roster_shots,False,True
Diego Carlos,5712,summer,2022,2023,2021-22,2022-23,La Liga,2973.0,203.0,2.498683049343525,0.7391800824552772,0.3834792114794253,0.0345584973692894,0.07564126284591903,0.32771530749248745,0.01160885604882216,0.01532150129672929,0.08725011889474119,4.3324938685918335,1.319811463962792,0.2520740446465684,0.0037126452479071294,understat_roster_shots,False,False
Duje Caleta-Car,7007,summer,2022,2023,2021-22,2022-23,Ligue 1,2065.0,947.0,1.2133325105533,1.0882600042968986,0.2608341947197913,0.0416763015091419,0.05288132007254091,0.1034249212108985,0.011368076283187029,0.00396078895018244,0.06424939635572795,1.9557931055621054,0.3484132980388514,0.05054360113835758,-0.0074072873330045886,understat_roster_shots,True,True
Emerson,1245,summer,2022,2023,2021-22,2022-23,Ligue 1,2271.0,1331.0,0.757201393134891,1.0051024472340937,4.394446653313934,0.8198722722008821,0.030007981233879433,0.06796335105264345,0.17415244332816118,0.05543839556579969,0.20416042456204062,2.2648424938333362,0.318332574073252,0.03795536981876402,-0.1187140477623615,understat_roster_shots,True,True
Erling Haaland,8260,summer,2022,2023,2021-22,2022-23,Bundesliga,1917.0,2803.0,12.484377495944498,27.433194350451227,5.894002065062523,5.849109854549169,0.5861210091992721,0.8808374925225153,0.27671371197476635,0.18780588187992334,0.8628347211740385,1.5028253188294163,0.6787010319786735,0.2947164833232432,-0.08890783009484302,understat_roster_shots,True,True
Estupiñán,5136,summer,2022,2023,2021-22,2022-23,La Liga,1571.0,2707.0,0.8332495056092732,2.3249323349446045,3.093138981610536,5.642439822666346,0.04773549045501884,0.07729734397673232,0.17720083281027896,0.18759497009234252,0.2249363232652978,1.6192845876291901,1.0586573839254587,0.029561853521713484,0.010394137282063565,understat_roster_shots,True,True
Facundo Pellistri,9324,summer,2022,2023,2021-22,2022-23,La Liga,636.0,48.0,0.5059835929423567,0.0,0.3352130036801097,0.0,0.07160145183146557,0.0,0.04743580240756269,0.0,0.11903725423902826,0.0,0.0,-0.07160145183146557,-0.04743580240756269,understat_roster_shots,False,False
Felipe,7921,summer,2022,2023,2021-22,2022-23,La Liga,1488.0,1427.0,1.2815608307719226,1.246483355760574,0.6495694816112516,1.502428017556667,0.07751375992572113,0.07861492783353304,0.03928847671035796,0.0947571980238963,0.11680223663607908,1.014206095909515,2.4118318132429564,0.001101167907811909,0.05546872131353834,understat_roster_shots,True,True
Georginio Rutter,6937,summer,2022,2023,2021-22,2022-23,Bundesliga,1595.0,238.0,7.002920955419539,0.2494505755603312,3.1405570842325683,0.4192553162574767,0.3951491448199113,0.09433004958163785,0.17721011760559946,0.15854192631585254,0.5723592624255107,0.2387201157290335,0.8946550482445081,-0.30081909523827344,-0.01866819128974692,understat_roster_shots,False,False
Gianluca Scamacca,6253,summer,2022,2023,2021-22,2022-23,Serie A,2166.0,940.0,10.364580098539587,2.538759418763219,2.15593937318772,1.12964550871402,0.4306612229310078,0.24307271030711672,0.08958196841500221,0.1081575487066615,0.5202431913460099,0.564417452430021,1.2073584742590726,-0.18758851262389106,0.018575580291659288,understat_roster_shots,True,True
Giulian Biancone,7282,summer,2022,2023,2021-22,2022-23,Ligue 1,2286.0,13.0,2.123479438014327,0.0,1.1943912981078024,0.0,0.08360155267772942,0.0,0.04702327945306309,0.0,0.1306248321307925,0.0,0.0,-0.08360155267772942,-0.04702327945306309,understat_roster_shots,False,False
Gonçalo Guedes,5682,summer,2022,2023,2021-22,2022-23,La Liga,2653.0,718.0,5.719138341955838,1.2725387774407853,5.61219307873398,0.542478401213884,0.19401524718282148,0.15951043171263324,0.19038725106900045,0.06799868538892696,0.38440249825182193,0.8221541040139273,0.3571598676230835,-0.034504815470188244,-0.12238856568007349,understat_roster_shots,False,True
Hamed Junior Traore,6986,summer,2022,2023,2021-22,2022-23,Serie A,1786.0,435.0,5.885027240030466,0.7354798149317501,4.181170254945754,0.8439797200262545,0.29655792362975475,0.15216823757208622,0.21069726928618024,0.17461649379853542,0.507255192915935,0.5131147254796149,0.8287553720563982,-0.14438968605766853,-0.03608077548764482,understat_roster_shots,False,False
Idrissa Gueye,668,summer,2022,2023,2021-22,2022-23,Ligue 1,1656.0,2638.0,1.2977832509204734,0.5034467745572322,1.9793684110045429,0.9359579710289831,0.07053169841959095,0.017175970322271,0.10757437016329038,0.031931848897880394,0.17810606858288133,0.24352129194580954,0.29683509974922534,-0.05335572809731995,-0.07564252126540999,understat_roster_shots,True,True
Ivan Perisic,448,summer,2022,2023,2021-22,2022-23,Serie A,2860.0,2107.0,3.8839397141709906,3.017114300280808,9.093384258449078,6.623175095766783,0.12222187911726894,0.12887531420278725,0.2861554486924535,0.28290733679117724,0.40837732780972247,1.0544373489719832,0.988649134880646,0.006653435085518314,-0.003248111901276274,understat_roster_shots,True,True
Jakub Kiwior,10012,summer,2022,2023,2021-22,2022-23,Serie A,1964.0,426.0,0.3575115976855155,0.0984370782971382,0.8178384918719527,0.0273778699338436,0.01638291435422423,0.02079656583742356,0.037477323965619015,0.005784057028276816,0.05386023831984325,1.2694057594252939,0.15433484614811346,0.004413651483199329,-0.0316932669373422,understat_roster_shots,False,False
João Félix,7892,summer,2022,2023,2021-22,2022-23,La Liga,1259.0,953.0,6.421430944465099,4.288618674501775,4.142435677349567,0.6466051954776046,0.4590379547274495,0.4050112074555716,0.29612328114492537,0.06106449904825227,0.7551612358723749,0.8823044005065858,0.20621309750504474,-0.054026747271877895,-0.23505878209667308,understat_roster_shots,True,True
Kalidou Koulibaly,1376,summer,2022,2023,2021-22,2022-23,Serie A,2411.0,1809.0,1.4714982090517874,1.0540771866217251,1.3828816898167131,0.30513570271432366,0.054929422984098246,0.05244165107570772,0.051621464986936615,0.015180880732055905,0.10655088797103486,0.9547096660907811,0.29408078085148487,-0.002487771908390529,-0.03644058425488071,understat_roster_shots,True,True
Kamaldeen Sulemana,9630,summer,2022,2023,2021-22,2022-23,Ligue 1,1019.0,950.0,2.2118737818673244,1.6790178455412381,2.272255754098296,1.4270181329920884,0.195356860027536,0.1590648485249594,0.20068990958669936,0.1351911915466189,0.39604676961423535,0.8142270944697761,0.673632231062496,-0.036292011502576604,-0.06549871804008045,understat_roster_shots,True,True
Kevin Mbabu,983,summer,2022,2023,2021-22,2022-23,Bundesliga,1379.0,138.0,0.3472371995449065,0.0,1.7119646044448016,0.5595380067825317,0.022662326293721235,0.0,0.11173082987674557,0.364916091379912,0.1343931561704668,0.0,3.2660286492319486,-0.022662326293721235,0.25318526150316645,understat_roster_shots,False,False
Kevin Schade,9156,summer,2022,2023,2021-22,2022-23,Bundesliga,813.0,720.0,2.60347138531506,1.383491704240441,1.1424069851636887,1.554251406341791,0.28820716442602146,0.17293646303005514,0.1264657179147995,0.19428142579272387,0.41467288234082095,0.6000422070508431,1.5362378753395614,-0.11527070139596632,0.06781570787792437,understat_roster_shots,False,True
Lucas Paquetá,7365,summer,2022,2023,2021-22,2022-23,Ligue 1,2730.0,2209.0,8.63234295416623,4.285627234727142,4.873227277770638,2.8692219518125053,0.2845827347527328,0.1746068135470542,0.16065584432210894,0.11689903832644882,0.44523857907484177,0.6135537832214801,0.7276363883287721,-0.10997592120567862,-0.04375680599566012,understat_roster_shots,True,True
Ludwig Augustinsson,6083,summer,2022,2023,2021-22,2022-23,La Liga,778.0,74.0,0.2420014031231401,0.0730345994234084,0.7400742061436174,0.0,0.0279950209268414,0.08882586416360481,0.08561269736879894,0.0,0.11360771829564034,3.1729165123945053,0.0,0.06083084323676341,-0.08561269736879894,understat_roster_shots,False,False
Manuel Akanji,6490,summer,2022,2023,2021-22,2022-23,Bundesliga,2263.0,2272.0,1.7875727880746122,1.0693659950047725,0.1254743998870252,0.280844174325466,0.07109215683902567,0.04236044874578764,0.004990144052069053,0.01112498929986441,0.07608230089109473,0.5958526317003523,2.229392415085027,-0.02873170809323803,0.006134845247795356,understat_roster_shots,True,True
Marc Roca,5086,summer,2022,2023,2021-22,2022-23,Bundesliga,375.0,2375.0,0.24524970352649672,2.09190298616886,0.309548197314143,3.2171000884845844,0.05885992884635922,0.07927211316008312,0.07429156735539433,0.1219111612478369,0.13315149620175354,1.346792541441995,1.64098249084773,0.0204121843137239,0.047619593892442566,understat_roster_shots,False,False
Marcel Sabitzer,5248,summer,2022,2023,2021-22,2022-23,Bundesliga,940.0,635.0,2.346091472543775,0.6979502923786636,2.4641467705368996,1.3641165122389791,0.22462577928610614,0.0989220886835901,0.23592894611523507,0.19333934819135137,0.46055472540134124,0.4403861791731078,0.8194812521941177,-0.12570369060251602,-0.0425895979238837,understat_roster_shots,False,True
Mario Lemina,1299,summer,2022,2023,2021-22,2022-23,Ligue 1,1997.0,1325.0,2.7035811124369498,0.20648235455155312,0.3932506982237098,0.1570493020117281,0.12184391593356309,0.014025216535577194,0.017722865718644905,0.01066749975928719,0.13956678165220798,0.11510805794541779,0.6019060308099445,-0.10781869939798588,-0.007055365959357714,understat_roster_shots,True,True
Matheus Cunha,7080,summer,2022,2023,2021-22,2022-23,La Liga,1026.0,978.0,7.31457007024437,1.591183092445134,2.119887415319681,0.8713507484644649,0.641628953530208,0.14642789194280373,0.18595503643155098,0.08018565169918389,0.827583989961759,0.22821272502926393,0.43120989481078015,-0.4952010615874043,-0.10576938473236709,understat_roster_shots,True,True
Matias Viña,9892,summer,2022,2023,2021-22,2022-23,Serie A,1568.0,453.0,0.7066811155527826,0.7529757069423791,1.2115511214360593,0.15791365504264832,0.040562053826371444,0.1495978225713336,0.06954056181712075,0.03137357384953278,0.11010261564349219,3.688122480476383,0.4511550242006913,0.10903576874496217,-0.03816698796758797,understat_roster_shots,False,True
Mikkel Damsgaard,8859,summer,2022,2023,2021-22,2022-23,Serie A,573.0,963.0,0.5251411944627756,2.6603583041578527,0.5429018875584002,1.7436131360009306,0.08248291012504329,0.2486316172110143,0.0852725477840419,0.16295449869167575,0.1677554579090852,3.014340992989835,1.9109842842314066,0.16614870708597101,0.07768195090763384,understat_roster_shots,False,True
Moussa Niakhate,5989,summer,2022,2023,2021-22,2022-23,Bundesliga,2564.0,1170.0,2.5353169012814756,1.2535993503406642,0.5288088060915465,0.0697230026125907,0.08899318296229829,0.09643071925697418,0.018561931571076124,0.0053633078932762085,0.10755511453337441,1.0835742249811064,0.28894125984353425,0.007437536294675889,-0.013198623677799916,understat_roster_shots,True,True
Naif Aguerd,6935,summer,2022,2023,2021-22,2022-23,Ligue 1,2744.0,1600.0,2.1130206887610243,2.511583969928324,0.2937882989645003,0.6282200030982491,0.06930461442729308,0.14127659830846823,0.009635913595774427,0.035337375174276514,0.0789405280230675,2.0384876169635198,3.667257372437708,0.07197198388117515,0.02570146157850209,understat_roster_shots,True,True
Naouirou Ahamada,9274,summer,2022,2023,2021-22,2022-23,Bundesliga,54.0,73.0,0.0,0.1820503976196049,0.0,0.091686401516199,0.0,0.22444569569540332,0.0,0.1130380292665467,0.0,,,0.22444569569540332,0.1130380292665467,understat_roster_shots,False,False
Orel Mangala,6088,summer,2022,2023,2021-22,2022-23,Bundesliga,1878.0,1581.0,2.2277307305485,0.3729460723698135,2.769866868853568,0.4247147068381308,0.10676025865248402,0.021230326700368885,0.1327412237469761,0.024177307789646916,0.23950148239946012,0.19885982825759024,0.18213865374431343,-0.08552993195211514,-0.1085639159573292,understat_roster_shots,True,True
Pablo Sarabia,2199,summer,2022,2023,2021-22,2022-23,Ligue 1,19.0,788.0,0.7712410092353821,2.5362920220941296,0.0,0.7747617959976195,3.65324688585181,0.2896780228280097,0.0,0.08848802238551491,3.65324688585181,0.07929330589450892,,-3.3635688630238003,0.08848802238551491,understat_roster_shots,False,False
Pape Sarr,9021,summer,2022,2023,2021-22,2022-23,Ligue 1,2128.0,200.0,1.7983048604801284,0.0562562998384237,1.5993151916190977,0.5660416968166828,0.07605612661805054,0.025315334927290666,0.06764021017186034,0.2547187635675073,0.1436963367899109,0.33285069925297156,3.76578906127461,-0.05074079169075987,0.18707855339564694,understat_roster_shots,False,False
Remo Freuler,1488,summer,2022,2023,2021-22,2022-23,Serie A,2398.0,2178.0,1.4876467920839778,0.3386984989047047,1.6494187097996469,0.4867018014192574,0.05583328243851459,0.013995805739863832,0.06190478894160477,0.020111644686746175,0.11773807138011935,0.250671376078891,0.32488027227938104,-0.04183747669865076,-0.0417931442548586,understat_roster_shots,True,True
Renan Lodi,7891,summer,2022,2023,2021-22,2022-23,La Liga,1172.0,2236.0,0.9801198896020646,0.7515062293969087,2.395130567252636,1.3187304046005006,0.07526517923565343,0.030248461827245877,0.18392640874806931,0.05307948855726523,0.25919158798372277,0.4018918460625555,0.288590903930333,-0.045016717408407556,-0.13084692019080407,understat_roster_shots,True,True
Sasa Kalajdzic,8812,summer,2022,2023,2021-22,2022-23,Bundesliga,1218.0,48.0,5.625136588700114,0.5194780230522156,2.7993601858615875,0.0,0.4156504868497621,0.9740212932229042,0.20684927481735868,0.0,0.6224997616671207,2.3433661791306086,0.0,0.5583708063731421,-0.20684927481735868,understat_roster_shots,False,False
Sasa Lukic,1537,summer,2022,2023,2021-22,2022-23,Serie A,2989.0,401.0,2.2989841178059565,0.1066898759454486,3.6096503715962163,0.0,0.06922334245651926,0.02394535869099844,0.10868803393899615,0.0,0.1779113763955154,0.34591451151089764,0.0,-0.04527798376552082,-0.10868803393899615,understat_roster_shots,False,False
Serge Aurier,3600,summer,2022,2023,2021-22,2022-23,La Liga,993.0,1958.0,0.7485046926885837,0.6691432902589436,0.909010212868452,0.8024797867983576,0.06784030447328553,0.030757352463383514,0.08238763258626453,0.03688620061892349,0.15022793705955007,0.4533787503193664,0.4477152633352044,-0.03708295200990201,-0.045501431967341036,understat_roster_shots,True,True
Sven Botman,8635,summer,2022,2023,2021-22,2022-23,Ligue 1,2250.0,3141.0,1.8965680440887802,2.4459305545315138,0.206794500350952,0.9378497563302515,0.07586272176355122,0.07008397004388292,0.00827178001403808,0.026872485854735,0.0841345017775893,0.9238262009939546,3.2486944538091644,-0.005778751719668296,0.01860070584069692,understat_roster_shots,True,True
Sékou Mara,8970,summer,2022,2023,2021-22,2022-23,Ligue 1,889.0,510.0,4.267977594863622,1.0406399862840765,0.67237089574337,1.0683901924639938,0.4320787216397367,0.1836423505207194,0.06806904456344579,0.1885394457289401,0.5001477662031825,0.42502058380426033,2.769826533310693,-0.2484363711190173,0.12047040116549432,understat_roster_shots,False,True
Taiwo Awoniyi,7814,summer,2022,2023,2021-22,2022-23,Bundesliga,2227.0,1426.0,13.334699135273693,8.05102778598666,2.319056000560521,1.0280227512121198,0.5388966871013167,0.5081293834072927,0.0937202694433978,0.0648822213247481,0.6326169565447145,0.9429068605718866,0.6922965726633298,-0.030767303694023918,-0.028838048118649706,understat_roster_shots,True,True
Tetê,10536,summer,2022,2023,2021-22,2022-23,Ligue 1,596.0,756.0,2.898888830095529,1.8560387277975674,2.4339058045297857,0.3867563046514987,0.43775166897415707,0.22095699140447234,0.3675361114222831,0.046042417220416514,0.8052877803964402,0.5047541952775894,0.12527317939519628,-0.21679467756968474,-0.3214936942018666,understat_roster_shots,False,True
Thilo Kehrer,2674,summer,2022,2023,2021-22,2022-23,Ligue 1,1497.0,2228.0,1.0409163050353523,0.6545502087101338,0.1169487014412879,0.7119171218946573,0.06258013857927969,0.026440538053820486,0.007030984054586447,0.02875787296701937,0.06961112263386614,0.4225068632650002,4.0901633034226625,-0.0361396005254592,0.021726888912432924,understat_roster_shots,True,True
Tyler Adams,7352,summer,2022,2023,2021-22,2022-23,Bundesliga,1334.0,2159.0,0.1287791971117257,0.0683434996753929,0.45412541180849053,1.3704057130962604,0.008688251679201883,0.0028489647849862716,0.03063814622396113,0.05712668558530034,0.039326397903163016,0.32791002035613015,1.8645607723036246,-0.005839286894215612,0.02648853936133921,understat_roster_shots,True,True
Weston McKennie,5360,summer,2022,2023,2021-22,2022-23,Serie A,1367.0,1450.0,3.0620885016396633,0.5900642797350877,1.2541380934417243,0.7054706662893291,0.2016005597275565,0.03662467943183303,0.08256944287472948,0.04378783445933766,0.284170002602286,0.18166953247217027,0.5303152465951664,-0.16497588029572346,-0.03878160841539181,understat_roster_shots,True,True
William Saliba,6888,summer,2022,2023,2021-22,2022-23,Ligue 1,3240.0,2418.0,1.3563335146754971,0.8184554874897001,0.6332824937999246,1.1200135778635738,0.03767593096320825,0.03046360375271837,0.01759118038333124,0.04168785029268885,0.05526711134653949,0.8085693697248529,2.3698154065994763,-0.0072123272104898835,0.02409666990935761,understat_roster_shots,True,True
Wout Faes,8646,summer,2022,2023,2021-22,2022-23,Ligue 1,3330.0,2790.0,1.9283354664221395,1.1000521657988422,0.1205048002302645,0.5714022628962991,0.05211717476816593,0.035485553735446526,0.0032568864927098517,0.01843233106117094,0.05537406126087578,0.6808802260156611,5.659494459640977,-0.016631621032719403,0.015175444568461087,understat_roster_shots,True,True
Álex Moreno,4120,summer,2022,2023,2021-22,2022-23,La Liga,2407.0,1346.0,3.598244113847612,0.6219647992402311,2.338171903043985,2.4761665835976596,0.1345417408584483,0.04158754229689509,0.08742645254422877,0.16556834511425658,0.2219681934026771,0.3091051299882424,1.8938014787972333,-0.09295419856155321,0.07814189257002781,understat_roster_shots,True,True
André Gomes,2383,summer,2023,2024,2022-23,2023-24,Ligue 1,1627.0,476.0,1.041649939492344,0.3153491821140047,1.0010944940149782,0.26019739359617233,0.05762046377032019,0.059624845357689964,0.05537707711207624,0.04919698618415023,0.11299754088239644,1.0347859329171558,0.8883998352708598,0.0020043815873697704,-0.006180090927926013,understat_roster_shots,False,True
Anssumane Fati,7967,summer,2023,2024,2022-23,2023-24,La Liga,1342.0,456.0,10.525168195366858,3.8195773269981133,1.6949200015515082,0.6551500093191859,0.7058607582585822,0.7538639461180486,0.11366825643788059,0.1293059228919446,0.8195290146964628,1.0680065966238077,1.1375728540589514,0.048003187859466445,0.015637666454064003,understat_roster_shots,False,True
Axel Disasi,6885,summer,2023,2024,2022-23,2023-24,Ligue 1,3329.0,2586.0,2.647476924583315,2.678889038972556,1.0930168218910692,0.1950406357645987,0.07157492436542455,0.09323279718001937,0.02954986902078589,0.006787957161180929,0.10112479338621044,1.3025902298411232,0.22971192042868827,0.021657872814594817,-0.02276191185960496,understat_roster_shots,True,True
Beto,9983,summer,2023,2024,2022-23,2023-24,Serie A,2131.0,898.0,10.094054976478217,6.405778566375373,2.892903543077409,1.1942407237365837,0.42630922002958216,0.6420045333783782,0.12217800041152829,0.119690050263132,0.5484872204411104,1.5059597663260218,0.9796366764882695,0.215695313348796,-0.002487950148396298,understat_roster_shots,False,True
Callum Hudson-Odoi,6456,summer,2023,2024,2022-23,2023-24,Bundesliga,610.0,1844.0,0.1621479000896213,3.0195946767926203,0.6222708076238631,3.087328797206282,0.02392346066896052,0.14737718053760077,0.0918104470264716,0.15068307578555606,0.11573390769543213,6.160362105504878,1.6412410642343325,0.12345371986864025,0.05887262875908446,understat_roster_shots,False,True
Carlos Baleba,10527,summer,2023,2024,2022-23,2023-24,Ligue 1,460.0,1303.0,0.39904543943703097,0.7727098362520325,0.051457699388265596,0.44668083963915667,0.07807410771594084,0.05337212990228927,0.010067810749878052,0.03085285922296554,0.0881419184658189,0.6836085798953291,3.0645052821775827,-0.02470197781365157,0.02078504847308749,understat_roster_shots,False,True
Chimuanya Ugochukwu,9451,summer,2023,2024,2022-23,2023-24,Ligue 1,1330.0,289.0,1.1581630166620014,0.0,0.8470546826720238,0.1854443699121475,0.07837193345833092,0.0,0.05731948980487379,0.05775084184115319,0.1356914232632047,0.0,1.0075253990876019,-0.07837193345833092,0.000431352036279406,understat_roster_shots,False,False
Christopher Nkunku,3300,summer,2023,2024,2022-23,2023-24,Bundesliga,1897.0,416.0,13.25986481271684,2.4121735282242294,4.902977261692285,0.2275804504752158,0.6290921629649529,0.5218644652408189,0.23261357593690335,0.049236155150888035,0.8617057389018562,0.8295516872778024,0.21166501117820993,-0.10722769772413399,-0.18337742078601532,understat_roster_shots,False,False
Divock Origi,484,summer,2023,2024,2022-23,2023-24,Serie A,981.0,557.0,3.5613938802853213,1.545853201299905,1.0239905305206773,1.5920869708061216,0.3267333835124148,0.24977879374684284,0.09394408536886949,0.25724924124335896,0.4206774688812843,0.7644728281563921,2.7383229101999897,-0.07695458976557198,0.16330515587448946,understat_roster_shots,False,True
Dominik Szoboszlai,9788,summer,2023,2024,2022-23,2023-24,Bundesliga,2461.0,2135.0,4.425512064248321,3.519060467369852,9.276841456070542,5.657645266503095,0.1618431880464644,0.14834446935048556,0.33925872858445705,0.2384955850048143,0.5011019166309214,0.9165938408720458,0.7029902694027276,-0.013498718695978823,-0.10076314357964275,understat_roster_shots,True,True
Enes Ünal,6219,summer,2023,2024,2022-23,2023-24,La Liga,3013.0,283.0,7.148524368181821,4.017524207010864,3.3557464536279435,1.2090652771294117,0.21353043250460135,1.277657875021123,0.10023802881729668,0.38450839201995424,0.31376846132189806,5.983493125709802,3.835953246055902,1.0641274425165217,0.28427036320265753,understat_roster_shots,False,False
Fode Toure,5803,summer,2023,2024,2022-23,2023-24,Serie A,513.0,41.0,1.3866212815046308,0.0,0.6515411213040351,0.0,0.2432668914920405,0.0,0.1143054598779009,0.0,0.3575723513699414,0.0,0.0,-0.2432668914920405,-0.1143054598779009,understat_roster_shots,False,False
Giovani Lo Celso,5681,summer,2023,2024,2022-23,2023-24,La Liga,1143.0,466.0,3.0374221438541995,0.4979793429374689,3.4418556746095414,1.6030264683067794,0.23916709794127555,0.09617626794929657,0.271012257843271,0.3095973865828544,0.5101793557845465,0.4021300119337963,1.142374109003946,-0.14299082999197898,0.03858512873958342,understat_roster_shots,False,True
Giovanni Reyna,8191,summer,2023,2024,2022-23,2023-24,Bundesliga,596.0,206.0,3.2791504599153987,0.2087921565398572,1.4485626854002474,0.3924582097679375,0.4951737271684327,0.09121987421644247,0.2187426873926548,0.17146232465589503,0.7139164145610875,0.18421792032074866,0.7838539733587118,-0.40395385295199027,-0.04728036273675976,understat_roster_shots,False,False
Gonzalo Montiel,9897,summer,2023,2024,2022-23,2023-24,La Liga,1512.0,809.0,1.097531685605645,0.1195196136832235,2.563980428501963,1.7303651086986063,0.06532926700033602,0.013296372350420416,0.1526178826489264,0.1925004447254321,0.21794714964926243,0.20352857089843096,1.2613229942932003,-0.052032894649915604,0.0398825620765057,understat_roster_shots,False,True
Han-Noah Massengo,7264,summer,2023,2024,2022-23,2023-24,Ligue 1,1127.0,9.0,0.8377299327403301,0.0,0.5191048234701153,0.0,0.06689946224190746,0.0,0.04145468865333663,0.0,0.10835415089524408,0.0,0.0,-0.06689946224190746,-0.04145468865333663,understat_roster_shots,False,False
Igor Julio,7943,summer,2023,2024,2022-23,2023-24,Serie A,2054.0,1640.0,0.37149550393223724,0.2177427206188438,0.3776647970080374,0.6237877281382678,0.016277797153798127,0.011949295643717038,0.016548116714081483,0.034232253373441525,0.032825913867879614,0.7340855479900662,2.0686495004178855,-0.004328501510081089,0.017684136659360042,understat_roster_shots,True,True
Issa Kabore,9619,summer,2023,2024,2022-23,2023-24,Ligue 1,1001.0,1748.0,1.2396752545610068,0.3038460947573182,0.9739022292196746,3.1483323685824867,0.11145931359689372,0.015644249730067873,0.08756363699277793,0.16209949266156967,0.19902295058967165,0.14035838931008693,1.8512192758158197,-0.09581506386682584,0.07453585566879174,understat_roster_shots,True,True
Iyenoma Destiny Udogie,8831,summer,2023,2024,2022-23,2023-24,Serie A,2726.0,2437.0,3.505246840417384,2.813894234597683,3.221463406458496,2.5504489485174413,0.11572715173791805,0.10391894998514217,0.10635792611198264,0.09418974368755426,0.22208507784990067,0.8979651570487334,0.8855921427838233,-0.011808201752775874,-0.012168182424428381,understat_roster_shots,True,True
Jacob Bruun Larsen,5355,summer,2023,2024,2022-23,2023-24,Bundesliga,311.0,1272.0,1.2600271888077257,4.533253403380511,0.2890466079115865,1.454617014154791,0.3646380932241007,0.3207490615599418,0.08364692833454271,0.10292101515246162,0.44828502155864336,0.8796367343957523,1.230421931823162,-0.04388903166415886,0.01927408681791891,understat_roster_shots,False,False
Jean-Ricner Bellegarde,7762,summer,2023,2024,2022-23,2023-24,Ligue 1,2443.0,938.0,2.389408568851648,1.3613648451864713,5.344819847494363,0.9551639519631858,0.0880256943089023,0.13062136041234798,0.19690290064449148,0.0916468610625658,0.2849285949533938,1.483900370657319,0.46544190442391886,0.04259566610344569,-0.10525603958192568,understat_roster_shots,True,True
Josko Gvardiol,9790,summer,2023,2024,2022-23,2023-24,Bundesliga,2167.0,2335.0,1.7560918042436235,3.081785424612461,0.616107390262186,2.1155781168490644,0.07293413123300697,0.1187840206488743,0.025588216485277683,0.08154262548882904,0.09852234771828466,1.628647913408168,3.186725637394268,0.04584988941586733,0.05595440900355136,understat_roster_shots,True,True
Justin Kluivert,6963,summer,2023,2024,2022-23,2023-24,La Liga,1453.0,2029.0,5.868931108154355,7.296913236379621,2.735850730910897,1.669286468997597,0.3635263590735664,0.32366791092861796,0.16946081609220973,0.07404424948732564,0.5329871751657761,0.8903560989455449,0.4369402390168799,-0.03985844814494843,-0.09541656660488408,understat_roster_shots,True,True
Jéremy Doku,8981,summer,2023,2024,2022-23,2023-24,Ligue 1,1277.0,1616.0,2.9182673962786785,3.769852042198179,4.450656816363335,5.476052410900592,0.20567272174242843,0.20995463106301737,0.3136719760945185,0.3049781664486716,0.5193446978369469,1.0208190434021258,0.9722837540219811,0.004281909320588945,-0.008693809645846928,understat_roster_shots,True,True
Konstantinos Mavropanos,6722,summer,2023,2024,2022-23,2023-24,Bundesliga,2287.0,1490.0,3.64903113665059,0.8723389413207764,1.3511706823483103,0.10376533120870579,0.14359982610343378,0.05269161390528179,0.05317243612214601,0.006267704569653369,0.19677226222557978,0.36693368881469574,0.11787506886566942,-0.09090821219815198,-0.04690473155249264,understat_roster_shots,True,True
Lorenz Assignon,8973,summer,2023,2024,2022-23,2023-24,Ligue 1,240.0,1249.0,0.627483993768692,0.4085904099047181,0.6877081021666527,2.0751877352595325,0.2353064976632595,0.029442063163670637,0.25789053831249475,0.14953314345344912,0.49319703597575426,0.1251221851332144,0.5798318326524051,-0.20586443449958886,-0.10835739485904564,understat_roster_shots,False,False
Luca Koleosho,10620,summer,2023,2024,2022-23,2023-24,La Liga,40.0,1015.0,0.0281584616750478,2.3243730030953875,0.0,1.4566490054130552,0.06335653876885755,0.20610203968333485,0.0,0.12916099555386695,0.06335653876885755,3.253050808776865,,0.1427455009144773,0.12916099555386695,understat_roster_shots,False,False
Mahmoud Dahoud,205,summer,2023,2024,2022-23,2023-24,Bundesliga,328.0,462.0,0.2455215007066725,0.1646883077919481,0.38032230734825107,1.1006960421800611,0.06736870446219673,0.03208213788154833,0.10435673067482498,0.21442130691819375,0.1717254351370217,0.47621723079966455,2.0546955192217493,-0.035286566580648396,0.11006457624336877,understat_roster_shots,False,False
Malo Gusto,9017,summer,2023,2024,2022-23,2023-24,Ligue 1,1616.0,1754.0,0.6175792925059793,1.7004573922604314,2.9892009682953358,5.507309950888157,0.03439488634006073,0.08725265980811792,0.16647777669961647,0.28258716965788716,0.2008726630396772,2.5367916307515803,1.6974468019702846,0.05285777346805719,0.11610939295827069,understat_roster_shots,True,True
Maxime Estève,9487,summer,2023,2024,2022-23,2023-24,Ligue 1,1633.0,1314.0,0.4239176064729688,0.2405824996531006,0.0217300001531839,0.0125734973698854,0.023363493314493073,0.016478253400897303,0.0011976117659439993,0.0008611984499921507,0.024561105080437073,0.7052992109992109,0.7190965173203054,-0.00688523991359577,-0.0003364133159518486,understat_roster_shots,True,True
Micky van de Ven,10050,summer,2023,2024,2022-23,2023-24,Bundesliga,2970.0,2345.0,1.3219706285744897,0.9709036629647013,1.6289257705211637,0.0354084856808185,0.04005971601740878,0.03726282715003118,0.04936138698548981,0.0013589610709056142,0.08942110300289859,0.9301820096237788,0.02753085263396452,-0.0027968888673775977,-0.048002425914584194,understat_roster_shots,True,True
Moussa Diaby,6556,summer,2023,2024,2022-23,2023-24,Bundesliga,2736.0,2233.0,9.476291472092267,6.457844953052698,8.542524719610809,8.6211255826056,0.31172011421356144,0.26028036084851897,0.2810041026187766,0.34747035487438604,0.5927242168323381,0.8349809620247964,1.2365312521638898,-0.05143975336504247,0.06646625225560943,understat_roster_shots,True,True
Naouirou Ahamada,9274,summer,2023,2024,2022-23,2023-24,Bundesliga,1426.0,282.0,0.6138982782140365,0.5298433266580101,1.1083042230457063,0.0564648136496543,0.038745333127113105,0.16909893403979048,0.06994907438577389,0.01802068520733648,0.10869440751288699,4.364369083755764,0.257625785124063,0.1303536009126774,-0.05192838917843741,understat_roster_shots,False,False
Nicolas Jackson,10048,summer,2023,2024,2022-23,2023-24,La Liga,1617.0,2818.0,8.562870822846888,19.860593632794913,4.143055668100714,5.283698176965117,0.4765976339246877,0.6342985901176517,0.23059679043232176,0.16874834489952467,0.7071944243570094,1.3308890874978285,0.7317896514654696,0.15770095619296398,-0.061848445532797086,understat_roster_shots,True,True
Nicolo Zaniolo,6686,summer,2023,2024,2022-23,2023-24,Serie A,906.0,820.0,4.032713478431105,3.7046729270368806,0.8956218883395193,0.6395295020192858,0.40060067666534155,0.40661044321136497,0.08896906175558139,0.07019226241675089,0.48956973842092294,1.015001888154682,0.788951361649573,0.006009766546023421,-0.018776799338830502,understat_roster_shots,False,True
Nicolás Domínguez,8252,summer,2023,2024,2022-23,2023-24,Serie A,2317.0,1543.0,2.1117184855975193,1.702151047065853,3.4680905528366557,0.9089695196598763,0.08202618200421956,0.09928295154629083,0.13471219238467805,0.05301831287711527,0.2167383743888976,1.210381235849592,0.3935672928974281,0.017256769542071268,-0.08169387950756278,understat_roster_shots,True,True
Nuno Tavares,9691,summer,2023,2024,2022-23,2023-24,Ligue 1,2349.0,447.0,4.455183430574832,0.1731664137914775,3.1525784656405444,0.2493439316749572,0.17069668316378667,0.034865720897612924,0.12078844695940782,0.05020347617616588,0.2914851301231945,0.20425540936937017,0.41563144025717347,-0.13583096226617375,-0.07058497078324194,understat_roster_shots,False,False
Ola Aina,725,summer,2023,2024,2022-23,2023-24,Serie A,867.0,1730.0,0.815662948414683,0.29650081973522857,2.074985828250646,0.7307851929217573,0.08467089429910205,0.015424898136514782,0.21539645275958266,0.03801772679939777,0.3000673470586847,0.1821747397875112,0.1765011740552279,-0.06924599616258727,-0.1773787259601849,understat_roster_shots,False,True
Pau Torres,6221,summer,2023,2024,2022-23,2023-24,La Liga,3055.0,2467.0,2.11854893900454,1.5308636091649528,1.1356263682246206,0.6226628543809053,0.06241224370226141,0.05584828732259658,0.03345544128975969,0.0227157101314477,0.0958676849920211,0.8948290272822382,0.6789840233971359,-0.00656395637966483,-0.010739731158311991,understat_roster_shots,True,True
Rasmus Højlund,11055,summer,2023,2024,2022-23,2023-24,Serie A,1846.0,2210.0,10.287497541867195,9.338883211836217,1.9006175007671111,1.7794601731002324,0.5015573016078264,0.3803165108892577,0.09266282506448538,0.07246670388190991,0.5942201266723118,0.7582713075257584,0.7820472107501504,-0.12124079071856869,-0.020196121182575466,understat_roster_shots,True,True
Romain Faivre,6420,summer,2023,2024,2022-23,2023-24,Ligue 1,1539.0,21.0,2.9056475348770605,0.1308193765580654,2.7162801381200543,0.0,0.16992090847234273,0.5606544709631374,0.15884679170292715,0.0,0.3287677001752699,3.2995025509435325,0.0,0.3907335624907946,-0.15884679170292715,understat_roster_shots,False,False
Ross Barkley,592,summer,2023,2024,2022-23,2023-24,Ligue 1,910.0,2627.0,4.601358471438287,4.4832092300057385,2.5180207099765535,4.823556295596062,0.4550794092631273,0.15359300749924495,0.2490350152724064,0.1652531658179085,0.7041144245355337,0.337508145551884,0.6635740184453447,-0.3014864017638823,-0.0837818494544979,understat_roster_shots,True,True
Ryan Gravenberch,10697,summer,2023,2024,2022-23,2023-24,Bundesliga,527.0,1116.0,0.7752301301807158,1.7132480964064587,0.3644072394818065,1.0920489802956577,0.1323922423458528,0.13816516906503698,0.06223273539537491,0.08806846615287561,0.19462497774122772,1.043604720464688,1.415146957519415,0.005772926719184168,0.025835730757500702,understat_roster_shots,False,True
Sandro Tonali,7958,summer,2023,2024,2022-23,2023-24,Serie A,2720.0,436.0,2.3448674771934734,0.8581285923719405,6.7398044504225245,0.5521692577749489,0.0775875268189017,0.17713663604007945,0.22300823549192175,0.1139798926599665,0.30059576231082347,2.2830555799714682,0.5111017196676367,0.09954910922117775,-0.10902834283195525,understat_roster_shots,False,False
Santiago Bueno,10945,summer,2023,2024,2022-23,2023-24,La Liga,3017.0,817.0,0.7807204788550729,0.0,0.9726467910222706,0.19090598635375491,0.023289639740456267,0.0,0.029014985479616954,0.02103003521644791,0.05230462522007322,0.0,0.724799094978749,-0.023289639740456267,-0.007984950263169043,understat_roster_shots,False,True
Sasa Kalajdzic,8812,summer,2023,2024,2022-23,2023-24,Bundesliga,241.0,132.0,0.4039623960852621,1.3522434905171394,0.681012399494648,1.0801250115036964,0.15085732633889454,0.9219841980798678,0.254319983213769,0.736448871479793,0.4051773095526635,6.111630243324542,2.89575699940484,0.7711268717409732,0.482128888266024,understat_roster_shots,False,False
Sergio Reguilón,7187,summer,2023,2024,2022-23,2023-24,La Liga,291.0,1539.0,0.1965422481298445,1.177430767565965,0.30010113492608037,3.638490384444594,0.060786262308199335,0.06885560044245409,0.09281478399775682,0.21277721546459613,0.15360104630595617,1.132749371779786,2.29249270751671,0.008069338134254755,0.11996243146683931,understat_roster_shots,False,False
Sofyan Amrabat,7927,summer,2023,2024,2022-23,2023-24,Serie A,2016.0,922.0,0.3990889834240074,0.07372471690177901,0.809313733130693,0.2675175704061983,0.017816472474286044,0.007196555879783201,0.03613007737190593,0.0261134287815161,0.053946549846191974,0.40392708995396054,0.7227614962657514,-0.010619916594502843,-0.010016648590389834,understat_roster_shots,True,True
Timo Werner,65,summer,2023,2024,2022-23,2023-24,Bundesliga,1965.0,827.0,9.723151995800432,4.2129472717642775,2.8707874156534667,3.476951420307159,0.4453352059145236,0.45848277443625757,0.13148644651847938,0.3783864907226654,0.576821652433003,1.029522859066879,2.877760413652111,0.013147568521733988,0.24690004420418601,understat_roster_shots,False,True
Vinicius Souza,10872,summer,2023,2024,2022-23,2023-24,La Liga,2431.0,2676.0,0.9219064479693766,0.5002630027011029,0.48463566042482814,0.7816855013370512,0.03413063772819576,0.016824988880081937,0.017942085330413218,0.026289871121201274,0.05207272305860898,0.49295852641460014,1.4652628519516577,-0.017305648848113822,0.008347785790788056,understat_roster_shots,True,True
Wataru Endo,8808,summer,2023,2024,2022-23,2023-24,Bundesliga,2929.0,1718.0,5.163595052435992,0.4377728644758458,4.43788257613778,1.4933863505721088,0.1586628728983405,0.02293338638115607,0.13636375276626844,0.07823327796943527,0.2950266256646089,0.14454160549487904,0.5737102153790784,-0.13572948651718442,-0.05813047479683317,understat_roster_shots,True,True
Wilson Odobert,10822,summer,2023,2024,2022-23,2023-24,Ligue 1,1754.0,2150.0,2.93820697814226,2.5438556410372235,1.7927709752693768,4.427815416827797,0.15076318587959145,0.10648698032248842,0.09198938869683233,0.1853504127974427,0.2427525745764238,0.7063195149480015,2.0149108002913083,-0.04427620555710303,0.09336102410061035,understat_roster_shots,True,True
Yasser Larouci,10041,summer,2023,2024,2022-23,2023-24,Ligue 1,1816.0,531.0,0.507846593856811,0.25878923665732123,1.1292446423321956,0.3102901801466941,0.025168608726383802,0.04386258248429173,0.05596476751646344,0.05259155595706679,0.08113337624284725,1.7427495878352373,0.9397261579188311,0.018693973757907927,-0.003373211559396648,understat_roster_shots,False,True
Abduqodir Khusanov,11763,summer,2024,2025,2023-24,2024-25,Ligue 1,819.0,506.0,0.1942526958882806,0.015545766800642,0.0726845264434814,0.10573065932840099,0.02134645009761325,0.002765057336082569,0.00798731059818477,0.01880584849714642,0.02933376069579802,0.12953241983741973,2.3544656572414144,-0.01858139276153068,0.010818537898961651,understat_roster_shots,False,True
Boubakary Soumare,6310,summer,2024,2025,2023-24,2024-25,La Liga,2289.0,2182.0,0.0227503608912229,0.2561326650902626,1.0381842553615568,0.3478336622938512,0.0008945096025382529,0.010564592052302308,0.040819826554189656,0.014346942991038777,0.041714336156727906,11.81048478666334,0.35146996452796636,0.009670082449764054,-0.02647288356315088,understat_roster_shots,True,True
Brajan Gruda,11310,summer,2024,2025,2023-24,2024-25,Bundesliga,1671.0,684.0,4.423723733983933,1.0134435165673492,5.52777498960495,2.2726940251886845,0.238261601471307,0.1333478311272828,0.29772576245628096,0.29903868752482693,0.535987363927588,0.559669834769164,1.0044098470273923,-0.10491377034402422,0.001312925068545967,understat_roster_shots,False,True
Caleb Okoli,7333,summer,2024,2025,2023-24,2024-25,Serie A,2908.0,1113.0,0.6606414429843422,0.8699327614158391,0.7082394063472747,0.0,0.020446261990574553,0.0703449672303913,0.021919376400018818,0.0,0.042365638390593374,3.440480576000609,0.0,0.049898705239816744,-0.021919376400018818,understat_roster_shots,True,True
Carlos Alcaraz,11297,summer,2024,2025,2023-24,2024-25,Serie A,378.0,753.0,0.39867519959807346,1.6602017283439625,0.2984562255442142,2.2886833511292934,0.09492266657096987,0.19843048545943773,0.07106100608195576,0.2735478108919474,0.16598367265292563,2.0904436487893987,3.8494784407704628,0.10350781888846786,0.20248680480999165,understat_roster_shots,False,False
Carlos Soler,2478,summer,2024,2025,2023-24,2024-25,Ligue 1,1086.0,1422.0,1.7773496340960258,2.2921981550753108,2.3036557398736477,1.0893699526786798,0.14729416857149386,0.14507583259970322,0.1909106966746117,0.06894746535941011,0.33820486524610555,0.9849394175390325,0.3611503522870917,-0.002218335971790636,-0.12196323131520158,understat_roster_shots,True,True
Chadi Riad,11167,summer,2024,2025,2023-24,2024-25,La Liga,2160.0,90.0,0.6348644336685535,0.0,0.1388264000415801,0.0,0.02645268473618973,0.0,0.0057844333350658365,0.0,0.032237118071255566,0.0,0.0,-0.02645268473618973,-0.0057844333350658365,understat_roster_shots,False,False
Daichi Kamada,6145,summer,2024,2025,2023-24,2024-25,Serie A,1552.0,1527.0,1.7700907476246344,0.9768787641078224,3.2753266915678974,1.8320643100887533,0.10264701500400586,0.057576351519125095,0.18993518185638578,0.10798021474000512,0.29258219686039166,0.560915984910795,0.5685108660998432,-0.045070663484880764,-0.08195496711638066,understat_roster_shots,True,True
Dean Huijsen,11943,summer,2024,2025,2023-24,2024-25,Serie A,494.0,2403.0,0.5376390945166347,1.5728872735053296,0.0600836426019668,2.3319026045501228,0.09795044232084438,0.058909635711810106,0.010946412619791523,0.08733717620037913,0.1088968549406359,0.6014228656451286,7.978611736457865,-0.03904080660903427,0.0763907635805876,understat_roster_shots,False,True
Djed Spence,10764,summer,2024,2025,2023-24,2024-25,Serie A,836.0,1784.0,0.0894954688847064,0.4170202463865275,0.2373986169695853,1.8481179997324941,0.009634679664621502,0.02103801691411854,0.025557267377108464,0.09323465245287246,0.03519194704172997,2.1835720175907913,3.648068123917753,0.011403337249497039,0.067677385075764,understat_roster_shots,False,True
Donyell Malen,9749,summer,2024,2025,2023-24,2024-25,Bundesliga,1797.0,265.0,9.379874764010307,3.0199848208576436,3.628069125115871,0.18014454841613758,0.46977669936612554,1.0256552221780675,0.18170630008927566,0.061181167386612764,0.6514829994554012,2.1832824479417443,0.33670361102808943,0.5558785228119419,-0.1205251327026629,understat_roster_shots,False,False
Emmanuel Agbadou,10856,summer,2024,2025,2023-24,2024-25,Ligue 1,2601.0,1414.0,2.312899098731576,0.6943816822022195,1.0506317075341935,0.1891781575977801,0.0800311106827535,0.04419685388840152,0.03635403832298247,0.012041042562800712,0.11638514900573596,0.5522459142620125,0.3312160936791594,-0.035834256794351975,-0.02431299576018176,understat_roster_shots,True,True
Evann Guessand,8006,summer,2024,2025,2023-24,2024-25,Ligue 1,1508.0,73.0,8.268235597759483,0.1468662773258982,1.42581801302731,0.0614233240485191,0.49346233673630874,0.18106801314151832,0.08509523950428242,0.07572738581324272,0.5785575762405911,0.3669338056052605,0.889913304838066,-0.3123943235947904,-0.009367853691039707,understat_roster_shots,False,False
Fabio Carvalho,9501,summer,2024,2025,2023-24,2024-25,Bundesliga,132.0,399.0,0.21358712390065182,2.346301812678575,0.23040751367807377,0.6756551787257195,0.14562758447771715,0.529241010378626,0.1570960320532321,0.15240342377271868,0.30272361653094926,3.63420853457613,0.9701290464235065,0.38361342590090886,-0.004692608280513433,understat_roster_shots,False,False
Federico Chiesa,1433,summer,2024,2025,2023-24,2024-25,Serie A,2220.0,95.0,7.2602904113009545,0.6147317420691248,7.339922096580266,0.2075449079275131,0.2943360977554441,0.5823774398549604,0.29756440932082157,0.19662149172080187,0.5919005070762657,1.9786137150559155,0.6607695193440045,0.28804134209951626,-0.1009429176000197,understat_roster_shots,False,False
Gonçalo Guedes,5682,summer,2024,2025,2023-24,2024-25,La Liga,947.0,968.0,2.45115504413843,3.329893219284712,1.9316470362246032,1.4344439525157209,0.2329503209846449,0.3095975100574629,0.1835778598312717,0.13336772285786663,0.4165281808159166,1.3290280466188764,0.7264913262440595,0.07664718907281798,-0.05021013697340507,understat_roster_shots,True,True
Guido Rodríguez,8267,summer,2024,2025,2023-24,2024-25,La Liga,1865.0,1179.0,0.7606446929275981,0.16269100550562088,0.7604827135801313,0.2192824073135852,0.03670671440401277,0.012419160725619915,0.0366988977062798,0.01673911506210574,0.07340561211029256,0.338334850374466,0.4561203771316923,-0.024287553678392852,-0.01995978264417406,understat_roster_shots,True,True
Iliman Ndiaye,9307,summer,2024,2025,2023-24,2024-25,Ligue 1,1647.0,2478.0,4.741979992948471,5.572532963007688,2.8300538305193177,1.9087076298892494,0.259124589778605,0.20239223836589665,0.15464775030160205,0.06932352166667977,0.413772340080207,0.7810614906860819,0.44826724948459606,-0.056732351412708326,-0.08532422863492228,understat_roster_shots,True,True
Ilkay Gündogan,314,summer,2024,2025,2023-24,2024-25,La Liga,3014.0,2231.0,5.774606890976427,3.426698314025997,10.576679192483425,3.6678730603307477,0.17243351698337045,0.13823525247079324,0.3158265186872954,0.1479643995651131,0.48826003567066584,0.8016727541671884,0.46849897272754,-0.03419826451257721,-0.1678621191221823,understat_roster_shots,True,True
Ismaila Sarr,5675,summer,2024,2025,2023-24,2024-25,Ligue 1,1434.0,2738.0,4.052672207355498,12.308559283614157,2.7649366967380042,10.056549122557044,0.2543518121771233,0.4045910648375727,0.17353159184548145,0.3305658951899686,0.4278834040226048,1.5906749842844723,1.904932074179991,0.15023925266044935,0.15703430334448715,understat_roster_shots,True,True
Jadon Sancho,6345,summer,2024,2025,2023-24,2024-25,Bundesliga,983.0,1760.0,1.28489782102406,2.4174315482377993,3.420270767062902,4.314331844449042,0.11764069571939513,0.12361865871670565,0.3131478830474681,0.22061924204568967,0.4307885787668632,1.0508154339002684,0.7045209435832188,0.005977962997310515,-0.09252864100177843,understat_roster_shots,True,True
Jake O&#039;Brien,12014,summer,2024,2025,2023-24,2024-25,Ligue 1,2369.0,1651.0,3.160164406523108,1.2199717331677673,1.714472535997629,0.6676564291119574,0.12005690020560561,0.06650360750157423,0.06513403471497957,0.03639556548762942,0.1851909349205852,0.5539340711586113,0.558779532803288,-0.05355329270403138,-0.028738469227350148,understat_roster_shots,True,True
Jean-Clair Todibo,6816,summer,2024,2025,2023-24,2024-25,Ligue 1,2661.0,1833.0,0.7868220144882795,0.2778066350147126,1.4532068036496637,0.0297562526538967,0.026611793049209003,0.013640260311688015,0.0491501737423787,0.0014610271352158773,0.0757619667915877,0.5125644967426745,0.029725777631506876,-0.012971532737520988,-0.04768914660716282,understat_roster_shots,True,True
Jens Cajuste,10301,summer,2024,2025,2023-24,2024-25,Serie A,986.0,2019.0,1.4428470144048327,0.6125177629292005,1.3371006846427913,0.6245124880224461,0.13170003174080622,0.027303912166234793,0.1220477298355489,0.027838595305606808,0.25374776157635515,0.20731894901871076,0.22809596985636227,-0.10439611957457143,-0.09420913452994209,understat_roster_shots,True,True
Jesper Lindstrom,9752,summer,2024,2025,2023-24,2024-25,Serie A,389.0,1279.0,0.5909223342314357,2.018441238440572,1.413169089704752,2.8819081336259837,0.13671724956511366,0.14203261255641242,0.3269542881064979,0.20279259736226624,0.46367153767161157,1.0388785102699658,0.6202475536770179,0.0053153629912987554,-0.12416169074423167,understat_roster_shots,False,False
Jorge Cuenca,8489,summer,2024,2025,2023-24,2024-25,La Liga,1943.0,352.0,1.5723481727764004,0.0159940905869007,0.2578685991466044,0.0,0.07283136157996709,0.004089398161423475,0.011944505364485021,0.0,0.0847758669444521,0.05614886324668548,0.0,-0.0687419634185436,-0.011944505364485021,understat_roster_shots,False,False
Joshua Zirkzee,8044,summer,2024,2025,2023-24,2024-25,Serie A,2802.0,1378.0,7.5841453634202445,5.218384413048624,6.038380851037799,2.009757675230503,0.24360209946745967,0.34082336514831363,0.1939522757292655,0.1312613866260851,0.43755437519672513,1.3990986362325697,0.676771572452754,0.09722126568085396,-0.06269088910318038,understat_roster_shots,True,True
João Félix,7892,summer,2024,2025,2023-24,2024-25,La Liga,1530.0,343.0,8.801812440156935,2.648095403797924,3.0877456888556476,0.684384163469076,0.517753672950408,0.6948355286933329,0.18163209934444985,0.17957601956914532,0.6993857722948578,1.3420195065615428,0.9886799757161572,0.1770818557429249,-0.0020560797753045312,understat_roster_shots,False,False
Julián Araujo,11745,summer,2024,2025,2023-24,2024-25,La Liga,1448.0,496.0,0.9255446735769507,0.0,1.1897415593266483,0.0628243163228035,0.05752694794331876,0.0,0.07394802509626958,0.01139957352631515,0.13147497303958833,0.0,0.15415656485044144,-0.05752694794331876,-0.06254845156995442,understat_roster_shots,False,True
Jørgen Strand Larsen,11070,summer,2024,2025,2023-24,2024-25,La Liga,2951.0,2624.0,16.671772398054596,11.68968412093818,2.747418615967035,3.3586265277117486,0.5084579857082052,0.4009419096358369,0.08379114721688687,0.11519679401450357,0.5922491329250921,0.7885448176753196,1.3748086503258587,-0.1075160760723683,0.031405646797616704,understat_roster_shots,True,True
Kevin Danso,5261,summer,2024,2025,2023-24,2024-25,Ligue 1,2657.0,840.0,2.2954298155382267,0.27366341184824666,0.3083150358870622,0.0684588281437754,0.0777526094837939,0.02932107984088357,0.010443490112847422,0.007334874443975935,0.08819609959664132,0.37710734129116286,0.7023393869979045,-0.04843152964291032,-0.003108615668871487,understat_roster_shots,False,True
Kieran Tierney,8089,summer,2024,2025,2023-24,2024-25,La Liga,1255.0,227.0,0.1390082202851771,0.9213433265686035,0.7988459318876263,1.1991592869162555,0.0099687169925625,0.3652903056879926,0.057287756071622606,0.4754376027421277,0.06725647306418511,36.64366296691237,8.299113725936893,0.35532158869543007,0.4181498466705051,understat_roster_shots,False,False
Leny Yoro,10564,summer,2024,2025,2023-24,2024-25,Ligue 1,2670.0,1152.0,2.2766736941412082,1.1257849037647247,0.1037881076335906,0.0538205839693545,0.07674180991487219,0.08795194560661912,0.003498475538210919,0.00420473312260582,0.08024028545308311,1.146075987837426,1.20187581038685,0.011210135691746934,0.000706257584394901,understat_roster_shots,True,True
Manuel Ugarte,11766,summer,2024,2025,2023-24,2024-25,Ligue 1,1938.0,1802.0,0.4321953421458597,1.0874466840177766,1.0513594467192882,1.6160887470468874,0.020070991121324756,0.05431198754805765,0.04882474210770688,0.08071475429201991,0.06889573322903164,2.705994298923932,1.6531527010212155,0.034240996426732895,0.031890012184313025,understat_roster_shots,True,True
Marc Guiu,11633,summer,2024,2025,2023-24,2024-25,La Liga,75.0,60.0,0.9520300701260567,0.0,0.3236564397811889,0.0404958091676235,1.142436084151268,0.0,0.3883877277374267,0.06074371375143525,1.5308238118886948,0.0,0.1563996733503939,-1.142436084151268,-0.3276440139859914,understat_roster_shots,False,False
Marco Asensio,2117,summer,2024,2025,2023-24,2024-25,Ligue 1,1113.0,751.0,4.186658502556383,3.0339119862765065,5.453711749985814,1.2643892206251617,0.3385438142228881,0.3635846588081033,0.4410009501336238,0.15152467357691685,0.7795447643565119,1.0739663332579132,0.34359262385036743,0.025040844585215216,-0.28947627655670694,understat_roster_shots,False,True
Marshall Munetsi,7908,summer,2024,2025,2023-24,2024-25,Ligue 1,2187.0,1076.0,7.320505727082489,2.8331323321908704,1.8123753964900966,1.9886701293289657,0.3012553797153288,0.23697203522042595,0.07458334964979822,0.16633857959071274,0.375838729365127,0.7866151152034285,2.2302374507412965,-0.06428334449490283,0.09175522994091452,understat_roster_shots,True,True
Mathys Tel,9780,summer,2024,2025,2023-24,2024-25,Bundesliga,965.0,920.0,4.882880568504332,2.0383323365822426,2.5551925227046013,2.5071411989629264,0.45539818773615526,0.19940207640478458,0.23830811092581775,0.24526381294202543,0.693706298661973,0.43786313115570075,1.0291878526047018,-0.2559961113313707,0.006955702016207682,understat_roster_shots,True,True
Matthijs de Ligt,7902,summer,2024,2025,2023-24,2024-25,Bundesliga,1390.0,2141.0,1.949729497544467,2.8719788622111073,0.1747270897030829,0.2811100184917448,0.12624147825827486,0.12072774292340013,0.011313264800919036,0.01181686205710277,0.1375547430591939,0.9563239007420818,1.044513875087837,-0.005513735334874731,0.0005035972561837337,understat_roster_shots,True,True
Maxence Lacroix,8853,summer,2024,2025,2023-24,2024-25,Bundesliga,2365.0,3126.0,1.006762765347957,2.752500137314199,0.6478007826954122,1.6881468072533605,0.03831232510837891,0.0792466450282399,0.02465203824210871,0.04860307506487602,0.06296436335048762,2.068437371108773,1.9715641598290237,0.04093431991986099,0.023951036822767308,understat_roster_shots,True,True
Merlin Röhl,11331,summer,2024,2025,2023-24,2024-25,Bundesliga,1509.0,90.0,3.106929946690797,0.077578455209732,2.4336063899099827,0.062059249728918,0.18530397296366583,0.077578455209732,0.14514551033260334,0.062059249728918,0.33044948329626916,0.4186551101359467,0.4275657551288235,-0.10772551775393382,-0.08308626060368535,understat_roster_shots,False,False
Michael Kayode,11281,summer,2024,2025,2023-24,2024-25,Serie A,2076.0,527.0,0.8575504701584574,0.181081861257553,0.9539240906015033,0.9814028739929198,0.03717704350397937,0.030924796040189315,0.041355090633013146,0.16760200884129559,0.07853213413699252,0.8318250491564552,4.052753996566058,-0.006252247463790057,0.12624691820828243,understat_roster_shots,False,True
Mikel Merino,5304,summer,2024,2025,2023-24,2024-25,La Liga,2476.0,1578.0,3.8174224868416773,6.865131903439758,2.5781697425991292,2.165101300925016,0.13875929879472979,0.3915474469642448,0.09371376285699581,0.12348486507176898,0.2324730616517256,2.8217744710822665,1.317681216794196,0.252788148169515,0.029771102214773165,understat_roster_shots,True,True
Niclas Füllkrug,6098,summer,2024,2025,2023-24,2024-25,Bundesliga,2453.0,775.0,12.574136412702499,2.1643357053399077,4.508429236710072,2.083174470812082,0.4613421431484814,0.25134221094269893,0.1654132210778257,0.24191703532011274,0.6267553642263071,0.5448065273798438,1.462501206032936,-0.20999993220578245,0.07650381424228705,understat_roster_shots,False,True
Nikola Milenkovic,6174,summer,2024,2025,2023-24,2024-25,Serie A,2497.0,3330.0,0.6086195418611164,4.571180799044668,0.8881916888058182,1.0439091771841045,0.021936627459952132,0.12354542700120724,0.032013316777142024,0.028213761545516337,0.053949944237094156,5.6319243797504335,0.8813132904011175,0.10160879954125511,-0.003799555231625687,understat_roster_shots,True,True
Noussair Mazraoui,10696,summer,2024,2025,2023-24,2024-25,Bundesliga,1202.0,2881.0,0.9278328884392971,0.8145347591489548,2.6018606852740045,1.5644007651135319,0.06947168049878263,0.02544537602339671,0.19481485996227987,0.048870554967100965,0.2642865404610625,0.3662697640348947,0.25085640272288934,-0.04402630447538593,-0.1459443049951789,understat_roster_shots,True,True
Omar Marmoush,8393,summer,2024,2025,2023-24,2024-25,Bundesliga,2343.0,1195.0,9.890889207832512,5.649778384715317,4.691447583958506,2.676836894825101,0.3799317237323628,0.42550632186140463,0.18020925418534595,0.20160277868975654,0.5601409779177087,1.11995470575957,1.1187149050758918,0.045574598129041854,0.021393524504410594,understat_roster_shots,True,True
Patrick Dorgu,11944,summer,2024,2025,2023-24,2024-25,Serie A,1553.0,843.0,2.840239156037568,0.3947257231920953,2.0495039699599142,0.9689584393054242,0.16459853447738643,0.04214153628385359,0.1187735719873743,0.10344752021054351,0.28337210646476074,0.2560261937790415,0.8709641250962802,-0.12245699819353284,-0.015326051776830787,understat_roster_shots,False,True
Riccardo Calafiori,8129,summer,2024,2025,2023-24,2024-25,Serie A,2342.0,986.0,1.367072165943681,0.7747622421011323,1.7191182393580668,0.4056127071380613,0.052534797154112425,0.07071866307211146,0.06606346778062597,0.037023472253981254,0.11859826493473839,1.3461299348821336,0.5604227797566343,0.01818386591799903,-0.029039995526644713,understat_roster_shots,True,True
Sepp van den Berg,10721,summer,2024,2025,2023-24,2024-25,Bundesliga,2831.0,2602.0,3.709164306521415,2.147773411124944,0.5576253132894632,1.0297654978930948,0.11791762189577087,0.07428885741784971,0.017727403107047575,0.03561833005779344,0.13564502500281844,0.6300064080626959,2.0092243541093326,-0.04362876447792116,0.017890926950745865,understat_roster_shots,True,True
Sávio,11735,summer,2024,2025,2023-24,2024-25,La Liga,3062.0,1801.0,6.155738024972377,5.246914116665718,8.476998306810854,6.944660864770412,0.1809328616092469,0.2622000391448721,0.24916062952742551,0.3470402431034631,0.4300934911366724,1.4491565369210515,1.3928373987563063,0.0812671775356252,0.09787961357603758,understat_roster_shots,True,True
Victor Kristiansen,11367,summer,2024,2025,2023-24,2024-25,Serie A,2323.0,2510.0,0.2558430507779119,0.1595502030104397,2.3727982575073834,1.6646690927445882,0.009912128527771017,0.005720923613920149,0.09192933412641606,0.05968933001873025,0.10184146265418707,0.5771639863114888,0.6492957942744243,-0.004191204913850868,-0.03224000410768581,understat_roster_shots,True,True
Yerson Mosquera,9958,summer,2024,2025,2023-24,2024-25,La Liga,1231.0,448.0,1.1751275882124896,0.4660062603652476,0.2924861721694468,0.0945010073482989,0.08591509580757438,0.09361732909123278,0.021384041832047288,0.018984577369077906,0.10729913763962166,1.0896493591872287,0.887791817757604,0.007702233283658405,-0.002399464462969382,understat_roster_shots,False,False
