player,fbref_id,fbref_url,window,prior_season,pl_season,prior_league,prior_squads,pl_squads,pos,age_pl,prior_minutes,pl_minutes,minutes_ratio,prior_npxg,pl_npxg,prior_xag,pl_xag,prior_npxg_p90,pl_npxg_p90,prior_xag_p90,pl_xag_p90,prior_npxg_xag_p90,ratio_npxg,ratio_xag,diff_npxg,diff_xag,prior_pkatt,pl_pkatt,dest_big6,talent_split,talent_league_n,talent_league_p25,talent_league_p75,meets_900,meets_450,in_primary,prior_pl_minutes,source
Ademola Lookman,7c104bb7,https://fbref.com/en/players/7c104bb7/Ademola-Lookman,january,2017-18,2017-18,Bundesliga,RB Leipzig,Everton,"FW,MF",19.0,574.0,159.0,0.2770034843205575,3.1,0.1,2.5,0.5,0.48606271777003485,0.05660377358490566,0.39198606271777003,0.2830188679245283,0.8780487804878049,0.11645364171231487,0.7220125786163522,-0.4294589441851292,-0.10896719479324174,0.0,0.0,0,,,,,False,False,0,0.0,fbref_wfr_standard
Aleksandar Dragović,6fd8a334,https://fbref.com/en/players/6fd8a334/Aleksandar-Dragovic,january,2017-18,2017-18,Bundesliga,Leverkusen,Leicester City,DF,26.0,45.0,769.0,17.08888888888889,0.0,0.1,0.0,0.0,0.0,0.011703511053315995,0.0,0.0,0.0,,,0.011703511053315995,0.0,0.0,0.0,0,,,,,False,False,0,0.0,fbref_wfr_standard
Aymeric Laporte,119b9a8e,https://fbref.com/en/players/119b9a8e/Aymeric-Laporte,january,2017-18,2017-18,La Liga,Athletic Club,Manchester City,DF,23.0,1710.0,806.0,0.47134502923976607,0.7,0.1,0.9,0.1,0.03684210526315789,0.011166253101736972,0.04736842105263158,0.011166253101736972,0.08421052631578947,0.30308401276143215,0.2357320099255583,-0.025675852161420917,-0.036202167950894606,0.0,0.0,1,,,,,False,True,0,0.0,fbref_wfr_standard
Bojan Krkić,9fa0a0b8,https://fbref.com/en/players/9fa0a0b8/Bojan-Krkic,january,2017-18,2017-18,La Liga,Alavés,Stoke City,MF,26.0,441.0,71.0,0.16099773242630386,1.0,0.0,0.1,0.0,0.20408163265306123,0.0,0.02040816326530612,0.0,0.22448979591836735,0.0,0.0,-0.20408163265306123,-0.02040816326530612,0.0,0.0,0,,,,,False,False,0,0.0,fbref_wfr_standard
Davide Zappacosta,7fe90ccd,https://fbref.com/en/players/7fe90ccd/Davide-Zappacosta,january,2017-18,2017-18,Serie A,Torino,Chelsea,"DF,MF",25.0,96.0,1098.0,11.4375,0.0,1.4,0.0,1.3,0.0,0.11475409836065573,0.0,0.10655737704918032,0.0,,,0.11475409836065573,0.10655737704918032,0.0,0.0,1,,,,,False,False,0,0.0,fbref_wfr_standard
Diafra Sakho,57c433c8,https://fbref.com/en/players/57c433c8/Diafra-Sakho,january,2017-18,2017-18,Ligue 1,Rennes,West Ham,FW,27.0,778.0,306.0,0.39331619537275064,4.1,1.4,0.2,0.1,0.4742930591259639,0.4117647058823529,0.02313624678663239,0.029411764705882353,0.4974293059125963,0.8681651522397578,1.2712418300653594,-0.062528353243611,0.006275517919249962,0.0,0.0,0,,,,,False,False,0,0.0,fbref_wfr_standard
Divock Origi,43a166b4,https://fbref.com/en/players/43a166b4/Divock-Origi,january,2017-18,2017-18,Bundesliga,Wolfsburg,Liverpool,FW,22.0,1967.0,10.0,0.005083884087442806,7.2,0.0,1.1,0.0,0.3294356888662939,0.0,0.05033045246568379,0.0,0.37976614133197767,0.0,0.0,-0.3294356888662939,-0.05033045246568379,0.0,0.0,1,,,,,False,False,0,0.0,fbref_wfr_standard
Emerson Palmieri,e0bc6fdc,https://fbref.com/en/players/e0bc6fdc/Emerson-Palmieri,january,2017-18,2017-18,Serie A,Roma,Chelsea,DF,22.0,16.0,280.0,17.5,0.0,0.1,0.0,0.0,0.0,0.03214285714285714,0.0,0.0,0.0,,,0.03214285714285714,0.0,0.0,0.0,1,,,,,False,False,0,0.0,fbref_wfr_standard
Francis Coquelin,a6951bf8,https://fbref.com/en/players/a6951bf8/Francis-Coquelin,january,2017-18,2017-18,La Liga,Valencia,Arsenal,"MF,DF",26.0,657.0,169.0,0.2572298325722983,0.3,0.1,0.1,0.6,0.0410958904109589,0.05325443786982249,0.0136986301369863,0.31952662721893493,0.0547945205479452,1.2958579881656807,23.32544378698225,0.012158547458863585,0.30582799708194863,0.0,0.0,1,,,,,False,False,0,0.0,fbref_wfr_standard
Gerard Deulofeu,39583cfd,https://fbref.com/en/players/39583cfd/Gerard-Deulofeu,january,2017-18,2017-18,La Liga,Barcelona,Watford,"FW,MF",23.0,503.0,435.0,0.8648111332007953,1.2,0.5,1.5,0.6,0.2147117296222664,0.10344827586206896,0.268389662027833,0.12413793103448276,0.48310139165009935,0.4818007662835249,0.46252873563218394,-0.11126345376019743,-0.14425173099335023,0.0,0.0,0,,,,,False,False,0,0.0,fbref_wfr_standard
Guido Carrillo,8f898ba8,https://fbref.com/en/players/8f898ba8/Guido-Carrillo,january,2017-18,2017-18,Ligue 1,Monaco,Southampton,FW,26.0,424.0,450.0,1.0613207547169812,2.1,0.7,0.1,0.4,0.44575471698113206,0.13999999999999999,0.02122641509433962,0.08,0.4669811320754717,0.31407407407407406,3.768888888888889,-0.3057547169811321,0.058773584905660384,0.0,0.0,0,,,,,False,False,0,0.0,fbref_wfr_standard
João Mário,f0021247,https://fbref.com/en/players/f0021247/Joao-Mario,january,2017-18,2017-18,Serie A,Inter,West Ham,MF,24.0,554.0,1022.0,1.8447653429602888,1.3,1.7,1.5,1.4,0.2111913357400722,0.149706457925636,0.24368231046931407,0.12328767123287669,0.4548736462093863,0.7088664759897636,0.5059360730593606,-0.061484877814436206,-0.12039463923643738,0.0,0.0,0,,,,,False,True,0,0.0,fbref_wfr_standard
Kostas Stafylidis,861e0116,https://fbref.com/en/players/861e0116/Kostas-Stafylidis,january,2017-18,2017-18,Bundesliga,Augsburg,Stoke City,"DF,MF",23.0,33.0,335.0,10.151515151515152,0.0,0.1,0.0,0.0,0.0,0.026865671641791045,0.0,0.0,0.0,,,0.026865671641791045,0.0,0.0,0.0,0,,,,,False,False,0,0.0,fbref_wfr_standard
Lucas Moura,2b622f01,https://fbref.com/en/players/2b622f01/Lucas-Moura,january,2017-18,2017-18,Ligue 1,Paris S-G,Tottenham,"FW,MF",24.0,76.0,210.0,2.763157894736842,1.3,0.2,0.7,0.3,1.5394736842105263,0.08571428571428572,0.8289473684210525,0.12857142857142856,2.3684210526315788,0.05567765567765568,0.15510204081632653,-1.4537593984962407,-0.700375939849624,0.0,0.0,1,,,,,False,False,0,0.0,fbref_wfr_standard
Michy Batshuayi,2973d8ff,https://fbref.com/en/players/2973d8ff/Michy-Batshuayi,january,2017-18,2017-18,Bundesliga,Dortmund,Chelsea,FW,23.0,839.0,360.0,0.42908224076281287,7.3,1.1,0.3,0.1,0.7830750893921334,0.275,0.03218116805721097,0.025,0.8152562574493444,0.3511796042617961,0.7768518518518518,-0.5080750893921334,-0.007181168057210967,0.0,0.0,1,,,,,False,False,0,0.0,fbref_wfr_standard
Molla Wagué,a440d8ca,https://fbref.com/en/players/a440d8ca/Molla-Wague,january,2017-18,2017-18,Serie A,Udinese,Watford,DF,26.0,57.0,438.0,7.684210526315789,0.1,0.4,0.0,0.0,0.15789473684210525,0.0821917808219178,0.0,0.0,0.15789473684210525,0.5205479452054794,,-0.07570295602018745,0.0,0.0,0.0,0,,,,,False,False,0,0.0,fbref_wfr_standard
Nordin Amrabat,7c2a398c,https://fbref.com/en/players/7c2a398c/Nordin-Amrabat,january,2017-18,2017-18,La Liga,Leganés,Watford,FW,30.0,1623.0,198.0,0.12199630314232902,3.7,0.1,3.2,0.1,0.20517560073937152,0.045454545454545456,0.17744916820702403,0.045454545454545456,0.3826247689463955,0.22153972153972157,0.25615530303030304,-0.15972105528482605,-0.13199462275247859,0.0,0.0,0,,,,,False,False,0,0.0,fbref_wfr_standard
Patrice Evra,51a3caf1,https://fbref.com/en/players/51a3caf1/Patrice-Evra,january,2017-18,2017-18,Ligue 1,Marseille,West Ham,"DF,MF",36.0,349.0,228.0,0.6532951289398281,0.1,0.0,0.1,0.0,0.025787965616045846,0.0,0.025787965616045846,0.0,0.05157593123209169,0.0,0.0,-0.025787965616045846,-0.025787965616045846,0.0,0.0,0,,,,,False,False,0,0.0,fbref_wfr_standard
Philippe Coutinho,0ef89a37,https://fbref.com/en/players/0ef89a37/Philippe-Coutinho,january,2017-18,2017-18,La Liga,Barcelona,Liverpool,"MF,FW",25.0,1296.0,1109.0,0.8557098765432098,3.6,3.5,4.2,4.7,0.25,0.2840396753832281,0.2916666666666667,0.3814247069431921,0.5416666666666667,1.1361587015329124,1.3077418523766584,0.03403967538322811,0.0897580402765254,0.0,0.0,1,,,,,True,True,0,0.0,fbref_wfr_standard
Pierre-Emerick Aubameyang,d5dd5f1f,https://fbref.com/en/players/d5dd5f1f/Pierre-Emerick-Aubameyang,january,2017-18,2017-18,Bundesliga,Dortmund,Arsenal,FW,28.0,1416.0,1057.0,0.7464689265536724,13.0,6.8,2.3,1.1,0.826271186440678,0.5789971617786187,0.14618644067796607,0.0936613055818354,0.972457627118644,0.700735026562841,0.6406976265887873,-0.24727402466205928,-0.05252513509613067,4.0,2.0,1,,,,,True,True,0,0.0,fbref_wfr_standard
Reece Oxford,8b6e0db2,https://fbref.com/en/players/8b6e0db2/Reece-Oxford,january,2017-18,2017-18,Bundesliga,M'Gladbach,West Ham,MF,18.0,463.0,5.0,0.01079913606911447,0.2,0.0,0.1,0.0,0.038876889848812095,0.0,0.019438444924406047,0.0,0.05831533477321814,0.0,0.0,-0.038876889848812095,-0.019438444924406047,0.0,0.0,0,,,,,False,False,0,0.0,fbref_wfr_standard
Rolando Aarons,c5942695,https://fbref.com/en/players/c5942695/Rolando-Aarons,january,2017-18,2017-18,Serie A,Hellas Verona,Newcastle Utd,"MF,FW",21.0,517.0,139.0,0.2688588007736944,0.2,0.1,0.2,0.0,0.03481624758220503,0.06474820143884892,0.03481624758220503,0.0,0.06963249516441006,1.8597122302158273,0.0,0.029931953856643892,-0.03481624758220503,0.0,0.0,0,,,,,False,False,0,0.0,fbref_wfr_standard
Roque Mesa,7c4243d4,https://fbref.com/en/players/7c4243d4/Roque-Mesa,january,2017-18,2017-18,La Liga,Sevilla,Swansea City,MF,28.0,343.0,754.0,2.198250728862974,0.1,0.2,0.4,0.2,0.026239067055393587,0.023872679045092837,0.10495626822157435,0.023872679045092837,0.13119533527696794,0.909814323607427,0.22745358090185674,-0.0023663880103007504,-0.08108358917648151,0.0,0.0,0,,,,,False,False,0,0.0,fbref_wfr_standard
Sandro Ramírez,833fb62e,https://fbref.com/en/players/833fb62e/Sandro-Ramirez,january,2017-18,2017-18,La Liga,Sevilla,Everton,"FW,MF",22.0,717.0,278.0,0.3877266387726639,2.1,0.5,1.7,0.0,0.26359832635983266,0.1618705035971223,0.21338912133891214,0.0,0.4769874476987448,0.6140801644398766,0.0,-0.10172782276271036,-0.21338912133891214,0.0,0.0,0,,,,,False,False,0,0.0,fbref_wfr_standard
Terence Kongolo,1f9a3a04,https://fbref.com/en/players/1f9a3a04/Terence-Kongolo,january,2017-18,2017-18,Ligue 1,Monaco,Huddersfield,DF,23.0,257.0,1049.0,4.081712062256809,0.2,0.3,0.3,0.1,0.07003891050583658,0.025738798856053385,0.10505836575875487,0.008579599618684462,0.17509727626459143,0.3674928503336511,0.08166507785192247,-0.04430011164978319,-0.09647876614007041,0.0,0.0,0,,,,,False,False,0,0.0,fbref_wfr_standard
Antonio Barreca,6a189491,https://fbref.com/en/players/6a189491/Antonio-Barreca,january,2018-19,2018-19,Ligue 1,Monaco,Newcastle Utd,DF,23.0,593.0,5.0,0.008431703204047217,0.2,0.0,0.3,0.0,0.03035413153456998,0.0,0.045531197301854974,0.0,0.07588532883642496,0.0,0.0,-0.03035413153456998,-0.045531197301854974,0.0,0.0,0,,,,,False,False,0,0.0,fbref_wfr_standard
Ben Wilmot,2876eaa3,https://fbref.com/en/players/2876eaa3/Ben-Wilmot,january,2018-19,2018-19,Serie A,Udinese,Watford,"MF,DF",18.0,199.0,28.0,0.1407035175879397,0.0,0.0,0.1,0.0,0.0,0.0,0.04522613065326633,0.0,0.04522613065326633,,0.0,0.0,-0.04522613065326633,0.0,0.0,0,,,,,False,False,0,0.0,fbref_wfr_standard
Denis Suárez,12c50af5,https://fbref.com/en/players/12c50af5/Denis-Suarez,january,2018-19,2018-19,La Liga,Barcelona,Arsenal,"MF,FW",24.0,19.0,71.0,3.736842105263158,0.4,0.0,0.1,0.0,1.894736842105263,0.0,0.47368421052631576,0.0,2.3684210526315788,0.0,0.0,-1.894736842105263,-0.47368421052631576,0.0,0.0,1,,,,,False,False,0,0.0,fbref_wfr_standard
Gonzalo Higuaín,8a08491a,https://fbref.com/en/players/8a08491a/Gonzalo-Higuain,january,2018-19,2018-19,Serie A,Milan,Chelsea,FW,30.0,1277.0,1085.0,0.8496476115896633,5.8,4.9,1.7,1.3,0.40877055599060297,0.40645161290322585,0.11981205951448708,0.10783410138248847,0.52858261550509,0.9943270300333705,0.9000271076172404,-0.0023189430873771233,-0.011977958131998603,1.0,0.0,1,,,,,True,True,0,0.0,fbref_wfr_standard
Håvard Nordtveit,6cafd68d,https://fbref.com/en/players/6cafd68d/Havard-Nordtveit,january,2018-19,2018-19,Bundesliga,Hoffenheim,Fulham,DF,28.0,470.0,362.0,0.7702127659574468,0.2,0.0,0.0,0.1,0.03829787234042553,0.0,0.0,0.024861878453038673,0.03829787234042553,0.0,,-0.03829787234042553,0.024861878453038673,0.0,0.0,0,,,,,False,False,0,0.0,fbref_wfr_standard
Youri Tielemans,56f7a928,https://fbref.com/en/players/56f7a928/Youri-Tielemans,january,2018-19,2018-19,Ligue 1,Monaco,Leicester City,MF,21.0,1680.0,1086.0,0.6464285714285715,1.8,1.8,2.2,2.5,0.09642857142857143,0.14917127071823205,0.11785714285714287,0.20718232044198895,0.2142857142857143,1.5469613259668509,1.757910597689603,0.05274269928966062,0.08932517758484608,1.0,0.0,0,,,,,True,True,0,0.0,fbref_wfr_standard
Angeliño,30941e96,https://fbref.com/en/players/30941e96/Angelino,january,2019-20,2019-20,Bundesliga,RB Leipzig,Manchester City,DF,22.0,1095.0,423.0,0.3863013698630137,0.9,0.2,2.0,1.5,0.07397260273972603,0.0425531914893617,0.1643835616438356,0.3191489361702128,0.23835616438356164,0.5752561071710007,1.9414893617021278,-0.03141941125036433,0.15476537452637718,0.0,0.0,1,,,,,False,False,0,0.0,fbref_wfr_standard
Dennis Srbeny,1fdec858,https://fbref.com/en/players/1fdec858/Dennis-Srbeny,january,2019-20,2019-20,Bundesliga,Paderborn 07,Norwich City,"MF,FW",25.0,1119.0,47.0,0.0420017873100983,2.9,0.5,0.5,0.0,0.23324396782841822,0.9574468085106383,0.040214477211796246,0.0,0.27345844504021444,4.104915627292737,0.0,0.7242028406822201,-0.040214477211796246,0.0,0.0,0,,,,,False,False,0,0.0,fbref_wfr_standard
Dimitri Foulquier,45e17712,https://fbref.com/en/players/45e17712/Dimitri-Foulquier,january,2019-20,2019-20,La Liga,Granada,Watford,"DF,MF",26.0,1119.0,59.0,0.05272564789991063,0.3,0.0,0.4,0.0,0.024128686327077747,0.0,0.032171581769437,0.0,0.05630026809651474,0.0,0.0,-0.024128686327077747,-0.032171581769437,0.0,0.0,0,,,,,False,False,0,0.0,fbref_wfr_standard
Ibrahim Amadou,9260926b,https://fbref.com/en/players/9260926b/Ibrahim-Amadou,january,2019-20,2019-20,La Liga,Leganés,Norwich City,"DF,MF",26.0,770.0,759.0,0.9857142857142858,0.7,0.8,0.0,0.0,0.0818181818181818,0.09486166007905138,0.0,0.0,0.0818181818181818,1.1594202898550725,,0.013043478260869573,0.0,0.0,0.0,0,,,,,False,True,0,0.0,fbref_wfr_standard
Ignacio Pussetto,62437b4f,https://fbref.com/en/players/62437b4f/Ignacio-Pussetto,january,2019-20,2019-20,Serie A,Udinese,Watford,"FW,MF",23.0,341.0,74.0,0.21700879765395895,0.9,0.0,0.3,0.0,0.2375366568914956,0.0,0.07917888563049853,0.0,0.31671554252199413,0.0,0.0,-0.2375366568914956,-0.07917888563049853,0.0,0.0,0,,,,,False,False,0,0.0,fbref_wfr_standard
Jesús Vallejo,c2111b45,https://fbref.com/en/players/c2111b45/Jesus-Vallejo,january,2019-20,2019-20,La Liga,Granada,Wolves,DF,22.0,629.0,163.0,0.2591414944356121,0.2,0.0,0.0,0.0,0.028616852146263912,0.0,0.0,0.0,0.028616852146263912,0.0,,-0.028616852146263912,0.0,0.0,0.0,0,,,,,False,False,0,0.0,fbref_wfr_standard
Lukas Rupp,3faa1780,https://fbref.com/en/players/3faa1780/Lukas-Rupp,january,2019-20,2019-20,Bundesliga,Hoffenheim,Norwich City,"FW,MF",28.0,340.0,695.0,2.0441176470588234,0.2,0.9,0.1,0.9,0.052941176470588235,0.11654676258992806,0.026470588235294117,0.11654676258992806,0.07941176470588235,2.2014388489208634,4.402877697841727,0.06360558611933984,0.09007617435463394,0.0,0.0,0,,,,,False,False,0,0.0,fbref_wfr_standard
Ondrej Duda,79ca3e23,https://fbref.com/en/players/79ca3e23/Ondrej-Duda,january,2019-20,2019-20,Bundesliga,Hertha BSC,Norwich City,MF,24.0,447.0,724.0,1.6196868008948546,0.5,0.5,0.3,1.5,0.10067114093959731,0.062154696132596686,0.06040268456375839,0.18646408839779005,0.1610738255033557,0.6174033149171271,3.0870165745856353,-0.03851644480700062,0.12606140383403167,0.0,0.0,0,,,,,False,False,0,0.0,fbref_wfr_standard
Patrick Cutrone,a4fe8cda,https://fbref.com/en/players/a4fe8cda/Patrick-Cutrone,january,2019-20,2019-20,Serie A,Fiorentina,Wolves,FW,21.0,838.0,297.0,0.35441527446300713,3.9,2.2,1.5,0.3,0.418854415274463,0.6666666666666667,0.1610978520286396,0.09090909090909091,0.5799522673031026,1.5916429249762585,0.5643097643097644,0.24781225139220375,-0.07018876111954869,0.0,0.0,0,,,,,False,False,0,0.0,fbref_wfr_standard
Valentino Lazaro,016ff750,https://fbref.com/en/players/016ff750/Valentino-Lazaro,january,2019-20,2019-20,Serie A,Inter,Newcastle Utd,"DF,MF",23.0,323.0,480.0,1.4860681114551084,0.1,0.4,1.4,0.2,0.02786377708978328,0.075,0.3900928792569659,0.0375,0.41795665634674917,2.691666666666667,0.09613095238095239,0.04713622291021671,-0.3525928792569659,0.0,0.0,0,,,,,False,False,0,0.0,fbref_wfr_standard
Aboubakar Kamara,4047c976,https://fbref.com/en/players/4047c976/Aboubakar-Kamara,january,2020-21,2020-21,Ligue 1,Dijon,Fulham,"FW,MF",25.0,557.0,315.0,0.5655296229802513,1.2,0.5,0.8,0.3,0.19389587073608616,0.14285714285714285,0.12926391382405744,0.08571428571428572,0.3231597845601436,0.7367724867724867,0.6630952380952382,-0.05103872787894331,-0.043549628109771726,0.0,0.0,0,,,,,False,False,0,0.0,fbref_wfr_standard
Amad Diallo,9dc96f10,https://fbref.com/en/players/9dc96f10/Amad-Diallo,january,2020-21,2020-21,Serie A,Atalanta,Manchester Utd,FW,18.0,14.0,166.0,11.857142857142858,0.0,0.0,0.1,0.5,0.0,0.0,0.6428571428571429,0.2710843373493976,0.6428571428571429,,0.4216867469879518,0.0,-0.37177280550774533,0.0,0.0,1,,,,,False,False,0,0.0,fbref_wfr_standard
Diego Llorente,bba30585,https://fbref.com/en/players/bba30585/Diego-Llorente,january,2020-21,2020-21,La Liga,Real Sociedad,Leeds United,DF,26.0,90.0,1204.0,13.377777777777778,0.0,0.8,0.0,0.5,0.0,0.059800664451827246,0.0,0.03737541528239203,0.0,,,0.059800664451827246,0.03737541528239203,0.0,0.0,0,,,,,False,False,0,0.0,fbref_wfr_standard
Fernando Marçal,9ae9eaea,https://fbref.com/en/players/9ae9eaea/Fernando-Marcal,january,2020-21,2020-21,Ligue 1,Lyon,Wolves,"DF,MF",31.0,78.0,623.0,7.987179487179487,0.0,0.1,0.0,0.1,0.0,0.014446227929373997,0.0,0.014446227929373997,0.0,,,0.014446227929373997,0.014446227929373997,0.0,0.0,0,,,,,False,False,0,0.0,fbref_wfr_standard
Ibrahima Diallo,11ff3d56,https://fbref.com/en/players/11ff3d56/Ibrahima-Diallo,january,2020-21,2020-21,Ligue 1,Brest,Southampton,MF,21.0,440.0,1020.0,2.3181818181818183,0.0,0.5,0.3,0.6,0.0,0.04411764705882353,0.06136363636363636,0.052941176470588235,0.06136363636363636,,0.8627450980392157,0.04411764705882353,-0.008422459893048129,0.0,0.0,0,,,,,False,False,0,0.0,fbref_wfr_standard
Islam Slimani,ffec9769,https://fbref.com/en/players/ffec9769/Islam-Slimani,january,2020-21,2020-21,Ligue 1,Lyon,Leicester City,FW,32.0,579.0,20.0,0.03454231433506045,3.7,0.1,1.8,0.1,0.5751295336787565,0.45,0.27979274611398963,0.45,0.8549222797927462,0.7824324324324324,1.6083333333333334,-0.1251295336787565,0.17020725388601038,0.0,0.0,0,,,,,False,False,0,0.0,fbref_wfr_standard
Jean-Philippe Mateta,50e6dc35,https://fbref.com/en/players/50e6dc35/Jean-Philippe-Mateta,january,2020-21,2020-21,Bundesliga,Mainz 05,Crystal Palace,FW,23.0,997.0,221.0,0.22166499498495487,7.8,0.3,1.4,0.0,0.7041123370110332,0.12217194570135746,0.1263791374122367,0.0,0.8304914744232699,0.17351200835363728,0.0,-0.5819403913096757,-0.1263791374122367,1.0,0.0,0,,,,,False,False,0,0.0,fbref_wfr_standard
Joachim Andersen,e34fc66d,https://fbref.com/en/players/e34fc66d/Joachim-Andersen,january,2020-21,2020-21,Ligue 1,Lyon,Fulham,DF,24.0,192.0,2730.0,14.21875,0.3,1.2,0.0,0.4,0.140625,0.03956043956043956,0.0,0.013186813186813187,0.140625,0.2813186813186813,,-0.10106456043956044,0.013186813186813187,0.0,0.0,0,,,,,False,False,0,0.0,fbref_wfr_standard
Josh Maja,bc0bfc64,https://fbref.com/en/players/bc0bfc64/Josh-Maja,january,2020-21,2020-21,Ligue 1,Bordeaux,Fulham,FW,21.0,804.0,810.0,1.007462686567164,2.4,3.7,0.4,0.5,0.26865671641791045,0.4111111111111111,0.04477611940298507,0.05555555555555555,0.31343283582089554,1.5302469135802468,1.2407407407407407,0.14245439469320065,0.01077943615257048,0.0,1.0,0,,,,,False,True,0,0.0,fbref_wfr_standard
Kenny Tete,77d7c96f,https://fbref.com/en/players/77d7c96f/Kenny-Tete,january,2020-21,2020-21,Ligue 1,Lyon,Fulham,"DF,MF",24.0,20.0,1481.0,74.05,0.0,0.3,0.0,1.4,0.0,0.01823092505064146,0.0,0.0850776502363268,0.0,,,0.01823092505064146,0.0850776502363268,0.0,0.0,0,,,,,False,False,0,0.0,fbref_wfr_standard
Martin Ødegaard,79300479,https://fbref.com/en/players/79300479/Martin-Odegaard,january,2020-21,2020-21,La Liga,Real Madrid,Arsenal,MF,21.0,234.0,866.0,3.700854700854701,0.2,0.7,0.4,2.0,0.07692307692307693,0.07274826789838336,0.15384615384615385,0.20785219399538107,0.23076923076923078,0.9457274826789837,1.3510392609699768,-0.004174809024693568,0.05400604014922722,0.0,0.0,1,,,,,False,False,0,0.0,fbref_wfr_standard
Morgan Sanson,6e7f1353,https://fbref.com/en/players/6e7f1353/Morgan-Sanson,january,2020-21,2020-21,Ligue 1,Marseille,Aston Villa,MF,25.0,826.0,294.0,0.3559322033898305,0.9,0.0,2.9,0.1,0.09806295399515738,0.0,0.3159806295399516,0.030612244897959183,0.41404358353510895,0.0,0.09688013136288998,-0.09806295399515738,-0.28536838464199243,0.0,0.0,0,,,,,False,False,0,0.0,fbref_wfr_standard
Okay Yokuşlu,e49ce451,https://fbref.com/en/players/e49ce451/Okay-Yokuslu,january,2020-21,2020-21,La Liga,Celta Vigo,West Brom,MF,26.0,462.0,1317.0,2.8506493506493507,0.4,0.9,0.3,0.7,0.07792207792207792,0.06150341685649203,0.05844155844155844,0.04783599088838268,0.13636363636363635,0.7892938496583144,0.8185269552012148,-0.016418661065585892,-0.010605567553175758,0.0,0.0,0,,,,,False,True,0,0.0,fbref_wfr_standard
Ozan Kabak,2d61d13a,https://fbref.com/en/players/2d61d13a/Ozan-Kabak,january,2020-21,2020-21,Bundesliga,Schalke 04,Liverpool,DF,20.0,1243.0,801.0,0.6444086886564763,1.0,0.1,0.3,0.0,0.07240547063555913,0.011235955056179775,0.02172164119066774,0.0,0.09412711182622688,0.15518102372034956,0.0,-0.06116951557937936,-0.02172164119066774,0.0,0.0,1,,,,,False,True,0,0.0,fbref_wfr_standard
Raphinha,3423f250,https://fbref.com/en/players/3423f250/Raphinha,january,2020-21,2020-21,Ligue 1,Rennes,Leeds United,"MF,FW",23.0,404.0,2360.0,5.841584158415841,0.9,5.7,0.9,7.9,0.2004950495049505,0.2173728813559322,0.2004950495049505,0.30127118644067796,0.400990099009901,1.084180790960452,1.5026365348399247,0.016877831850981684,0.10077613693572746,0.0,0.0,0,,,,,False,False,0,0.0,fbref_wfr_standard
Rayan Aït Nouri,9b398aea,https://fbref.com/en/players/9b398aea/Rayan-Ait-Nouri,january,2020-21,2020-21,Ligue 1,Angers,Wolves,DF,19.0,187.0,1404.0,7.508021390374331,0.1,0.6,0.3,0.6,0.0481283422459893,0.038461538461538464,0.1443850267379679,0.038461538461538464,0.1925133689839572,0.7991452991452992,0.2663817663817664,-0.00966680378445084,-0.10592348827642944,0.0,0.0,0,,,,,False,False,0,0.0,fbref_wfr_standard
Thomas Partey,529f49ab,https://fbref.com/en/players/529f49ab/Thomas-Partey,january,2020-21,2020-21,La Liga,Atlético Madrid,Arsenal,MF,27.0,200.0,1534.0,7.67,0.1,1.3,0.0,1.0,0.045,0.07627118644067797,0.0,0.05867014341590613,0.045,1.6949152542372883,,0.03127118644067797,0.05867014341590613,0.0,0.0,1,,,,,False,False,0,0.0,fbref_wfr_standard
Wesley Fofana,132a82f1,https://fbref.com/en/players/132a82f1/Wesley-Fofana,january,2020-21,2020-21,Ligue 1,Saint-Étienne,Leicester City,DF,19.0,315.0,2262.0,7.180952380952381,0.1,1.0,0.0,0.3,0.02857142857142857,0.03978779840848806,0.0,0.011936339522546418,0.02857142857142857,1.3925729442970822,,0.011216369837059492,0.011936339522546418,0.0,0.0,0,,,,,False,False,0,0.0,fbref_wfr_standard
Willian José,d87e2cae,https://fbref.com/en/players/d87e2cae/Willian-Jose,january,2020-21,2020-21,La Liga,Real Sociedad,Wolves,FW,28.0,689.0,1110.0,1.6110304789550072,2.3,1.6,1.2,1.2,0.3004354136429608,0.12972972972972974,0.1567489114658926,0.0972972972972973,0.4571843251088534,0.43180571876224055,0.6207207207207208,-0.17070568391323104,-0.05945161416859529,1.0,0.0,0,,,,,False,True,0,0.0,fbref_wfr_standard
Bruno Guimarães,82518f62,https://fbref.com/en/players/82518f62/Bruno-Guimaraes,january,2021-22,2021-22,Ligue 1,Lyon,Newcastle Utd,MF,23.0,1634.0,1034.0,0.6328029375764994,1.0,3.1,3.7,1.1,0.05507955936352509,0.269825918762089,0.20379436964504283,0.09574468085106384,0.2588739290085679,4.898839458413927,0.46981023576768266,0.2147463593985639,-0.10804968879397898,0.0,0.0,0,,,,,True,True,0,0.0,fbref_wfr_standard
Bryan,7b5ab7f2,https://fbref.com/en/players/7b5ab7f2/Bryan,january,2021-22,2021-22,La Liga,Valencia,Tottenham,"FW,MF",20.0,753.0,94.0,0.1248339973439575,1.4,0.1,1.5,0.1,0.16733067729083664,0.09574468085106383,0.17928286852589642,0.09574468085106383,0.3466135458167331,0.5721884498480243,0.5340425531914893,-0.07158599643977281,-0.08353818767483259,0.0,0.0,1,,,,,False,False,0,0.0,fbref_wfr_standard
Cristiano Ronaldo,dea698d9,https://fbref.com/en/players/dea698d9/Cristiano-Ronaldo,january,2021-22,2021-22,Serie A,Juventus,Manchester Utd,FW,36.0,31.0,2456.0,79.2258064516129,0.2,15.4,0.1,2.9,0.5806451612903226,0.5643322475570033,0.2903225806451613,0.10627035830618893,0.870967741935484,0.9719055374592833,0.36604234527687296,-0.016312913733319334,-0.1840522223389724,0.0,3.0,1,,,,,False,False,0,0.0,fbref_wfr_standard
Dejan Kulusevski,df3cda47,https://fbref.com/en/players/df3cda47/Dejan-Kulusevski,january,2021-22,2021-22,Serie A,Juventus,Tottenham,"MF,FW",21.0,772.0,1261.0,1.633419689119171,1.7,2.7,1.2,3.4,0.19818652849740934,0.19270420301348137,0.13989637305699482,0.24266455194290246,0.3380829015544041,0.9723375472314223,1.7346021675918584,-0.005482325483927963,0.10276817888590764,0.0,0.0,1,,,,,False,True,0,0.0,fbref_wfr_standard
Emerson,df8b52a5,https://fbref.com/en/players/df8b52a5/Emerson,january,2021-22,2021-22,La Liga,Barcelona,Tottenham,"DF,MF",22.0,91.0,2286.0,25.12087912087912,0.0,1.5,0.0,2.2,0.0,0.05905511811023622,0.0,0.08661417322834647,0.0,,,0.05905511811023622,0.08661417322834647,0.0,0.0,1,,,,,False,False,0,0.0,fbref_wfr_standard
Hassane Kamara,19a12bed,https://fbref.com/en/players/19a12bed/Hassane-Kamara,january,2021-22,2021-22,Ligue 1,Nice,Watford,DF,27.0,544.0,1623.0,2.983455882352941,1.1,0.2,0.9,0.6,0.18198529411764708,0.011090573012939002,0.1488970588235294,0.033271719038817,0.3308823529411765,0.06094213857614966,0.22345450811254877,-0.17089472110470807,-0.1156253397847124,0.0,0.0,0,,,,,False,True,0,0.0,fbref_wfr_standard
Hwang Hee-chan,169fd162,https://fbref.com/en/players/169fd162/Hwang-Hee-chan,january,2021-22,2021-22,Bundesliga,RB Leipzig,Wolves,"FW,MF",25.0,49.0,1816.0,37.06122448979592,0.2,4.4,0.0,1.3,0.3673469387755102,0.2180616740088106,0.0,0.0644273127753304,0.3673469387755102,0.5936123348017621,,-0.14928526476669962,0.0644273127753304,0.0,0.0,0,,,,,False,False,0,0.0,fbref_wfr_standard
Jürgen Locadia,6cc47ae1,https://fbref.com/en/players/6cc47ae1/Jurgen-Locadia,january,2021-22,2021-22,Bundesliga,Bochum,Brighton,"MF,FW",27.0,444.0,23.0,0.0518018018018018,0.9,0.2,0.8,0.0,0.18243243243243243,0.782608695652174,0.16216216216216217,0.0,0.3445945945945946,4.2898550724637685,0.0,0.6001762632197415,-0.16216216216216217,1.0,0.0,0,,,,,False,False,0,0.0,fbref_wfr_standard
Kieran Trippier,21512407,https://fbref.com/en/players/21512407/Kieran-Trippier,january,2021-22,2021-22,La Liga,Atlético Madrid,Newcastle Utd,DF,30.0,976.0,429.0,0.4395491803278688,0.1,0.2,0.3,0.3,0.009221311475409836,0.04195804195804196,0.027663934426229508,0.06293706293706294,0.036885245901639344,4.550116550116551,2.2750582750582753,0.03273673048263212,0.03527312851083343,0.0,0.0,0,,,,,False,False,0,0.0,fbref_wfr_standard
Marc Cucurella,1daec722,https://fbref.com/en/players/1daec722/Marc-Cucurella,january,2021-22,2021-22,La Liga,Getafe,Brighton,DF,23.0,23.0,3089.0,134.30434782608697,0.2,0.7,0.1,2.7,0.782608695652174,0.02039494982194885,0.391304347826087,0.078666235027517,1.173913043478261,0.026060213661379082,0.2010359339592101,-0.762213745830225,-0.31263811279856996,0.0,0.0,0,,,,,False,False,0,0.0,fbref_wfr_standard
Maxwel Cornet,beb391dd,https://fbref.com/en/players/beb391dd/Maxwel-Cornet,january,2021-22,2021-22,Ligue 1,Lyon,Burnley,"FW,MF",24.0,63.0,1766.0,28.03174603174603,0.0,5.9,0.0,1.7,0.0,0.30067950169875424,0.0,0.08663646659116647,0.0,,,0.30067950169875424,0.08663646659116647,0.0,1.0,0,,,,,False,False,0,0.0,fbref_wfr_standard
Moise Kean,3d50bcdb,https://fbref.com/en/players/3d50bcdb/Moise-Kean,january,2021-22,2021-22,Serie A,Juventus,Everton,FW,21.0,1098.0,1.0,0.0009107468123861566,4.9,0.0,0.2,0.0,0.40163934426229514,0.0,0.01639344262295082,0.0,0.418032786885246,0.0,0.0,-0.40163934426229514,-0.01639344262295082,0.0,0.0,0,,,,,False,False,0,15.0,fbref_wfr_standard
Philippe Coutinho,0ef89a37,https://fbref.com/en/players/0ef89a37/Philippe-Coutinho,january,2021-22,2021-22,La Liga,Barcelona,Aston Villa,"MF,FW",29.0,503.0,1329.0,2.6421471172962225,2.3,3.8,0.3,2.9,0.41153081510934386,0.25733634311512416,0.0536779324055666,0.1963882618510158,0.4652087475149105,0.625314882062355,3.658640581891146,-0.1541944719942197,0.1427103294454492,1.0,0.0,0,,,,,False,True,0,0.0,fbref_wfr_standard
Rodrigo Bentancur,3b8674e6,https://fbref.com/en/players/3b8674e6/Rodrigo-Bentancur,january,2021-22,2021-22,Serie A,Juventus,Tottenham,MF,24.0,1155.0,1361.0,1.1783549783549783,0.7,0.8,0.9,2.6,0.054545454545454536,0.05290227773695812,0.07012987012987013,0.1719324026451139,0.12467532467532466,0.9698750918442323,2.4516287043840315,-0.0016431768084964188,0.10180253251524377,0.0,0.0,1,,,,,True,True,0,0.0,fbref_wfr_standard
Samir Santos,92b4758e,https://fbref.com/en/players/92b4758e/Samir-Santos,january,2021-22,2021-22,Serie A,Udinese,Watford,DF,26.0,1421.0,1673.0,1.1773399014778325,0.8,0.5,0.1,0.1,0.050668543279380716,0.026897788404064555,0.0063335679099225895,0.005379557680812911,0.0570021111893033,0.5308577405857741,0.8493723849372385,-0.02377075487531616,-0.0009540102291096782,0.0,0.0,0,,,,,True,True,0,0.0,fbref_wfr_standard
Samuel Kalu,b8d22478,https://fbref.com/en/players/b8d22478/Samuel-Kalu,january,2021-22,2021-22,Ligue 1,Bordeaux,Watford,FW,23.0,328.0,222.0,0.676829268292683,1.2,0.4,0.2,0.1,0.32926829268292684,0.16216216216216217,0.054878048780487805,0.04054054054054054,0.38414634146341464,0.4924924924924925,0.7387387387387387,-0.16710613052076467,-0.014337508239947262,0.0,0.0,0,,,,,False,False,0,0.0,fbref_wfr_standard
Saúl Ñíguez,c14bc029,https://fbref.com/en/players/c14bc029/Saul-Niguez,january,2021-22,2021-22,La Liga,Atlético Madrid,Chelsea,"DF,MF",26.0,201.0,480.0,2.388059701492537,0.3,0.3,0.1,0.5,0.13432835820895522,0.05625,0.04477611940298507,0.09375,0.1791044776119403,0.41875,2.09375,-0.07807835820895523,0.04897388059701493,0.0,0.0,1,,,,,False,False,0,0.0,fbref_wfr_standard
Takehiro Tomiyasu,b3af9be1,https://fbref.com/en/players/b3af9be1/Takehiro-Tomiyasu,january,2021-22,2021-22,Serie A,Bologna,Arsenal,DF,22.0,10.0,1679.0,167.9,0.0,0.6,0.1,1.0,0.0,0.03216200119118523,0.9,0.05360333531864205,0.9,,0.05955926146515783,0.03216200119118523,-0.846396664681358,0.0,0.0,1,,,,,False,False,0,0.0,fbref_wfr_standard
Wout Weghorst,c4e87b8b,https://fbref.com/en/players/c4e87b8b/Wout-Weghorst,january,2021-22,2021-22,Bundesliga,Wolfsburg,Burnley,FW,28.0,1553.0,1450.0,0.9336767546683837,6.3,4.8,1.9,1.5,0.36509980682549903,0.2979310344827586,0.11010946555054733,0.09310344827586207,0.4752092723760464,0.8160262725779966,0.8455535390199637,-0.06716877234274043,-0.01700601727468526,2.0,0.0,0,,,,,True,True,0,0.0,fbref_wfr_standard
Alexander Isak,8e92be30,https://fbref.com/en/players/8e92be30/Alexander-Isak,january,2022-23,2022-23,La Liga,Real Sociedad,Newcastle Utd,FW,22.0,152.0,1522.0,10.013157894736842,0.2,6.7,0.1,2.2,0.11842105263157894,0.3961892247043364,0.05921052631578947,0.13009198423127466,0.17763157894736842,3.345597897503285,2.197109067017083,0.27776817207275745,0.0708814579154852,0.0,2.0,0,,,,,False,False,0,0.0,fbref_wfr_standard
Arnaut Danjuma,f08490a6,https://fbref.com/en/players/f08490a6/Arnaut-Danjuma,january,2022-23,2022-23,La Liga,Villarreal,Tottenham,"FW,MF",25.0,479.0,169.0,0.35281837160751567,1.9,0.8,0.4,0.0,0.3569937369519833,0.4260355029585799,0.07515657620041753,0.0,0.4321503131524008,1.193397695421987,0.0,0.06904176600659662,-0.07515657620041753,1.0,0.0,1,,,,,False,False,0,0.0,fbref_wfr_standard
Benoît Badiashile,06df8256,https://fbref.com/en/players/06df8256/Benoit-Badiashile,january,2022-23,2022-23,Ligue 1,Monaco,Chelsea,DF,21.0,839.0,905.0,1.0786650774731823,0.6,1.2,0.4,0.5,0.06436233611442194,0.11933701657458563,0.04290822407628129,0.049723756906077346,0.10727056019070322,1.8541436464088397,1.1588397790055247,0.0549746804601637,0.006815532829796057,0.0,0.0,1,,,,,False,True,0,0.0,fbref_wfr_standard
Bryan Gil,7b5ab7f2,https://fbref.com/en/players/7b5ab7f2/Bryan-Gil,january,2022-23,2022-23,La Liga,Sevilla,Tottenham,"MF,FW",21.0,918.0,148.0,0.16122004357298475,2.9,0.1,0.7,0.2,0.28431372549019607,0.060810810810810814,0.06862745098039215,0.12162162162162163,0.3529411764705882,0.21388630009319667,1.7722007722007724,-0.22350291467938527,0.05299417064122948,0.0,0.0,1,,,,,False,False,0,0.0,fbref_wfr_standard
Casemiro,4d224fe8,https://fbref.com/en/players/4d224fe8/Casemiro,january,2022-23,2022-23,La Liga,Real Madrid,Manchester Utd,MF,30.0,8.0,2124.0,265.5,0.0,3.4,0.0,3.1,0.0,0.1440677966101695,0.0,0.13135593220338984,0.0,,,0.1440677966101695,0.13135593220338984,0.0,0.0,1,,,,,False,False,0,0.0,fbref_wfr_standard
Dango Ouattara,2f9e4435,https://fbref.com/en/players/2f9e4435/Dango-Ouattara,january,2022-23,2022-23,Ligue 1,Lorient,Bournemouth,"MF,FW",20.0,1548.0,1241.0,0.8016795865633075,5.2,3.6,3.1,2.5,0.3023255813953488,0.2610797743755036,0.18023255813953487,0.18130539887187752,0.4825581395348837,0.8635715613958966,1.0059525356762238,-0.041245807019845204,0.0010728407323426503,0.0,0.0,0,,,,,True,True,0,0.0,fbref_wfr_standard
Denis Zakaria,384d58d9,https://fbref.com/en/players/384d58d9/Denis-Zakaria,january,2022-23,2022-23,Serie A,Juventus,Chelsea,MF,25.0,123.0,411.0,3.341463414634146,0.0,0.2,0.0,0.0,0.0,0.043795620437956206,0.0,0.0,0.0,,,0.043795620437956206,0.0,0.0,0.0,1,,,,,False,False,0,0.0,fbref_wfr_standard
Djed Spence,9bc9a519,https://fbref.com/en/players/9bc9a519/Djed-Spence,january,2022-23,2022-23,Ligue 1,Rennes,Tottenham,"FW,DF",21.0,573.0,7.0,0.012216404886561954,0.4,0.1,0.1,0.0,0.06282722513089005,1.2857142857142858,0.015706806282722512,0.0,0.07853403141361257,20.464285714285715,0.0,1.2228870605833957,-0.015706806282722512,0.0,0.0,1,,,,,False,False,0,0.0,fbref_wfr_standard
Duje Ćaleta-Car,94f8d10c,https://fbref.com/en/players/94f8d10c/Duje-Caleta-Car,january,2022-23,2022-23,Ligue 1,Marseille,Southampton,DF,25.0,8.0,946.0,118.25,0.0,0.8,0.0,0.0,0.0,0.07610993657505286,0.0,0.0,0.0,,,0.07610993657505286,0.0,0.0,0.0,0,,,,,False,False,0,0.0,fbref_wfr_standard
Felipe,51a3c4c8,https://fbref.com/en/players/51a3c4c8/Felipe,january,2022-23,2022-23,La Liga,Atlético Madrid,Nott'ham Forest,DF,33.0,194.0,1418.0,7.309278350515464,0.0,1.2,0.0,0.9,0.0,0.076163610719323,0.0,0.057122708039492244,0.0,,,0.076163610719323,0.057122708039492244,0.0,0.0,0,,,,,False,False,0,0.0,fbref_wfr_standard
Georginio Rutter,c64c01fc,https://fbref.com/en/players/c64c01fc/Georginio-Rutter,january,2022-23,2022-23,Bundesliga,Hoffenheim,Leeds United,"FW,MF",20.0,1009.0,273.0,0.2705649157581764,3.0,0.4,2.3,0.3,0.267591674925669,0.13186813186813187,0.20515361744301286,0.0989010989010989,0.47274529236868185,0.49279609279609277,0.48208313425704735,-0.13572354305753712,-0.10625251854191396,0.0,0.0,0,,,,,False,False,0,0.0,fbref_wfr_standard
Hamed Junior Traorè,570bb4b9,https://fbref.com/en/players/570bb4b9/Hamed-Junior-Traore,january,2022-23,2022-23,Serie A,Sassuolo,Bournemouth,"FW,MF",22.0,591.0,427.0,0.7225042301184433,1.0,0.9,1.8,1.1,0.15228426395939088,0.18969555035128804,0.27411167512690354,0.23185011709601877,0.4263959390862944,1.2456674473067915,0.8458235753317722,0.03741128639189717,-0.04226155803088477,0.0,0.0,0,,,,,False,False,0,0.0,fbref_wfr_standard
Jakub Kiwior,dc3e663e,https://fbref.com/en/players/dc3e663e/Jakub-Kiwior,january,2022-23,2022-23,Serie A,Spezia,Arsenal,DF,22.0,1443.0,427.0,0.2959112959112959,0.6,0.1,0.2,0.0,0.037422037422037424,0.02107728337236534,0.012474012474012475,0.0,0.0498960498960499,0.563231850117096,0.0,-0.016344754049672085,-0.012474012474012475,0.0,0.0,1,,,,,False,False,0,0.0,fbref_wfr_standard
João Félix,8aafd64f,https://fbref.com/en/players/8aafd64f/Joao-Felix,january,2022-23,2022-23,La Liga,Atlético Madrid,Chelsea,"FW,MF",22.0,650.0,941.0,1.4476923076923076,2.8,4.9,1.5,0.5,0.38769230769230767,0.4686503719447397,0.2076923076923077,0.04782146652497343,0.5953846153846154,1.2088204038257175,0.23025150549061282,0.08095806425243202,-0.15987084116733427,0.0,0.0,1,,,,,False,True,0,0.0,fbref_wfr_standard
Kamaldeen Sulemana,a62f8bf1,https://fbref.com/en/players/a62f8bf1/Kamaldeen-Sulemana,january,2022-23,2022-23,Ligue 1,Rennes,Southampton,"FW,MF",20.0,326.0,966.0,2.96319018404908,1.4,1.7,0.6,1.3,0.3865030674846625,0.15838509316770186,0.1656441717791411,0.12111801242236025,0.5521472392638036,0.4097900029577049,0.7311939268461009,-0.22811797431696065,-0.04452615935678084,0.0,0.0,0,,,,,False,False,0,0.0,fbref_wfr_standard
Kevin Schade,52afb588,https://fbref.com/en/players/52afb588/Kevin-Schade,january,2022-23,2022-23,Bundesliga,Freiburg,Brentford,FW,20.0,182.0,732.0,4.021978021978022,0.2,2.1,0.0,1.1,0.0989010989010989,0.2581967213114754,0.0,0.13524590163934427,0.0989010989010989,2.6106557377049184,,0.15929562241037654,0.13524590163934427,0.0,0.0,0,,,,,False,False,0,0.0,fbref_wfr_standard
Lucas Paquetá,9b6f7fd5,https://fbref.com/en/players/9b6f7fd5/Lucas-Paqueta,january,2022-23,2022-23,Ligue 1,Lyon,West Ham,MF,24.0,159.0,2151.0,13.528301886792454,0.4,3.6,0.2,2.5,0.22641509433962265,0.1506276150627615,0.11320754716981132,0.10460251046025104,0.339622641509434,0.6652719665271967,0.9239888423988841,-0.07578747927686114,-0.008605036709560282,0.0,1.0,0,,,,,False,False,0,0.0,fbref_wfr_standard
Ludwig Augustinsson,9fec8860,https://fbref.com/en/players/9fec8860/Ludwig-Augustinsson,january,2022-23,2022-23,La Liga,Mallorca,Aston Villa,DF,28.0,132.0,77.0,0.5833333333333334,0.0,0.1,0.0,0.0,0.0,0.11688311688311688,0.0,0.0,0.0,,,0.11688311688311688,0.0,0.0,0.0,0,,,,,False,False,0,0.0,fbref_wfr_standard
Marcel Sabitzer,e280527c,https://fbref.com/en/players/e280527c/Marcel-Sabitzer,january,2022-23,2022-23,Bundesliga,Bayern Munich,Manchester Utd,MF,28.0,628.0,627.0,0.9984076433121019,1.1,0.7,0.4,0.9,0.15764331210191085,0.10047846889952151,0.05732484076433121,0.1291866028708134,0.21496815286624205,0.6373785703929242,2.2535885167464116,-0.057164843202389334,0.0718617621064822,0.0,0.0,1,,,,,False,True,0,0.0,fbref_wfr_standard
Mario Lemina,2b471f99,https://fbref.com/en/players/2b471f99/Mario-Lemina,january,2022-23,2022-23,Ligue 1,Nice,Wolves,MF,28.0,838.0,1299.0,1.5501193317422435,0.3,0.3,0.1,0.3,0.032219570405727926,0.020785219399538105,0.010739856801909307,0.020785219399538105,0.042959427207637235,0.6451116243264048,1.9353348729792148,-0.011434351006189822,0.010045362597628798,0.0,0.0,0,,,,,False,True,0,0.0,fbref_wfr_standard
Matheus Cunha,dc62b55d,https://fbref.com/en/players/dc62b55d/Matheus-Cunha,january,2022-23,2022-23,La Liga,Atlético Madrid,Wolves,FW,23.0,377.0,965.0,2.559681697612732,1.4,2.0,0.8,0.6,0.3342175066312997,0.18652849740932642,0.1909814323607427,0.05595854922279793,0.5251989389920424,0.5581051073279053,0.2930051813471503,-0.14768900922197326,-0.13502288313794475,0.0,0.0,0,,,,,False,False,0,0.0,fbref_wfr_standard
Matías Viña,08eb3b58,https://fbref.com/en/players/08eb3b58/Matias-Vina,january,2022-23,2022-23,Serie A,Roma,Bournemouth,DF,24.0,55.0,458.0,8.327272727272728,0.0,0.9,0.1,0.2,0.0,0.17685589519650655,0.16363636363636364,0.039301310043668124,0.16363636363636364,,0.24017467248908297,0.17685589519650655,-0.1243350535926955,0.0,0.0,0,,,,,False,False,0,0.0,fbref_wfr_standard
Naouirou Ahamada,a6c58494,https://fbref.com/en/players/a6c58494/Naouirou-Ahamada,january,2022-23,2022-23,Bundesliga,Stuttgart,Crystal Palace,"MF,FW",20.0,1398.0,94.0,0.06723891273247497,0.8,0.2,1.2,0.1,0.05150214592274678,0.19148936170212766,0.07725321888412018,0.09574468085106383,0.12875536480686695,3.7180851063829787,1.2393617021276595,0.1399872157793809,0.01849146196694365,0.0,0.0,0,,,,,False,False,0,0.0,fbref_wfr_standard
Pablo Sarabia,9744ff80,https://fbref.com/en/players/9744ff80/Pablo-Sarabia,january,2022-23,2022-23,Ligue 1,Paris S-G,Wolves,"FW,MF",30.0,370.0,765.0,2.0675675675675675,1.3,3.1,1.3,0.8,0.3162162162162162,0.36470588235294116,0.3162162162162162,0.09411764705882353,0.6324324324324324,1.1533433886375062,0.29763700351935646,0.04848966613672495,-0.22209856915739268,0.0,0.0,0,,,,,False,False,0,0.0,fbref_wfr_standard
Sasa Kalajdzic,15f24fe7,https://fbref.com/en/players/15f24fe7/Sasa-Kalajdzic,january,2022-23,2022-23,Bundesliga,Stuttgart,Wolves,FW,25.0,233.0,45.0,0.19313304721030042,0.5,0.3,0.6,0.0,0.19313304721030042,0.6,0.2317596566523605,0.0,0.4248927038626609,3.106666666666667,0.0,0.40686695278969953,-0.2317596566523605,0.0,0.0,0,,,,,False,False,0,0.0,fbref_wfr_standard
Saša Lukić,c6e8cf1f,https://fbref.com/en/players/c6e8cf1f/Sasa-Lukic,january,2022-23,2022-23,Serie A,Torino,Fulham,MF,25.0,1195.0,412.0,0.3447698744769874,0.9,0.1,1.4,0.0,0.06778242677824267,0.021844660194174758,0.10543933054393305,0.0,0.1732217573221757,0.3222761596548005,0.0,-0.04593776658406791,-0.10543933054393305,1.0,0.0,0,,,,,False,False,0,0.0,fbref_wfr_standard
Siriki Dembélé,11f54bd5,https://fbref.com/en/players/11f54bd5/Siriki-Dembele,january,2022-23,2022-23,Ligue 1,Auxerre,Bournemouth,"FW,MF",25.0,372.0,110.0,0.2956989247311828,0.3,0.2,0.9,0.3,0.07258064516129033,0.16363636363636364,0.21774193548387097,0.24545454545454545,0.2903225806451613,2.2545454545454544,1.1272727272727272,0.09105571847507331,0.027712609970674484,0.0,0.0,0,,,,,False,False,0,0.0,fbref_wfr_standard
Tetê,7120a04d,https://fbref.com/en/players/7120a04d/Tete,january,2022-23,2022-23,Ligue 1,Lyon,Leicester City,FW,22.0,1107.0,734.0,0.6630532971996387,4.2,1.8,1.3,0.4,0.34146341463414637,0.22070844686648503,0.10569105691056911,0.04904632152588556,0.4471544715447155,0.6463604515375633,0.46405365751414795,-0.12075496776766134,-0.05664473538468355,0.0,0.0,0,,,,,False,True,0,0.0,fbref_wfr_standard
Weston McKennie,01c3aff5,https://fbref.com/en/players/01c3aff5/Weston-McKennie,january,2022-23,2022-23,Serie A,Juventus,Leeds United,MF,23.0,1052.0,1437.0,1.3659695817490494,0.9,0.8,0.7,0.7,0.07699619771863118,0.05010438413361169,0.05988593155893535,0.043841336116910226,0.13688212927756654,0.6507384210933271,0.7320807237299931,-0.02689181358501949,-0.016044595442025127,0.0,0.0,0,,,,,True,True,0,0.0,fbref_wfr_standard
Wout Faes,9c221d14,https://fbref.com/en/players/9c221d14/Wout-Faes,january,2022-23,2022-23,Ligue 1,Reims,Leicester City,DF,24.0,270.0,2786.0,10.318518518518518,0.0,1.2,0.0,0.6,0.0,0.038765254845656856,0.0,0.019382627422828428,0.0,,,0.038765254845656856,0.019382627422828428,0.0,0.0,0,,,,,False,False,0,0.0,fbref_wfr_standard
Álex Moreno,16e9d0ea,https://fbref.com/en/players/16e9d0ea/Alex-Moreno,january,2022-23,2022-23,La Liga,Betis,Aston Villa,DF,29.0,1350.0,1329.0,0.9844444444444445,1.3,0.6,1.5,3.0,0.08666666666666667,0.040632054176072234,0.1,0.20316027088036118,0.18666666666666668,0.468831394339295,2.0316027088036117,-0.046034612490594436,0.10316027088036117,0.0,0.0,0,,,,,True,True,0,0.0,fbref_wfr_standard
Alejo Véliz,3f7bafbe,https://fbref.com/en/players/3f7bafbe/Alejo-Veliz,january,2023-24,2023-24,La Liga,Sevilla,Tottenham,FW,,35.0,50.0,1.4285714285714286,0.2,0.2,0.0,0.0,0.5142857142857142,0.36,0.0,0.0,0.5142857142857142,0.7000000000000001,,-0.15428571428571425,0.0,0.0,0.0,1,,,,,False,False,0,0.0,fbref_wfr_standard
Andrey Santos,dd745366,https://fbref.com/en/players/dd745366/Andrey-Santos,january,2023-24,2023-24,Ligue 1,Strasbourg,Nott'ham Forest,MF,,831.0,8.0,0.009626955475330927,1.0,0.1,1.0,0.0,0.10830324909747292,1.125,0.10830324909747292,0.0,0.21660649819494585,10.3875,0.0,1.016696750902527,-0.10830324909747292,0.0,0.0,0,,,,,False,False,0,0.0,fbref_wfr_standard
Ansu Fati,0ba976e4,https://fbref.com/en/players/0ba976e4/Ansu-Fati,january,2023-24,2023-24,La Liga,Barcelona,Brighton,"MF,FW",,50.0,521.0,10.42,0.7,3.4,0.0,0.8,1.2599999999999998,0.5873320537428023,0.0,0.1381957773512476,1.2599999999999998,0.4661365505895257,,-0.6726679462571975,0.1381957773512476,0.0,0.0,0,,,,,False,False,0,0.0,fbref_wfr_standard
Ben Brereton,57827369,https://fbref.com/en/players/57827369/Ben-Brereton,january,2023-24,2023-24,La Liga,Villarreal,Sheffield Utd,"FW,MF",,270.0,1105.0,4.092592592592593,0.2,5.3,0.3,1.5,0.06666666666666667,0.4316742081447964,0.1,0.12217194570135746,0.16666666666666669,6.475113122171946,1.2217194570135745,0.36500754147812975,0.022171945701357457,0.0,1.0,0,,,,,False,False,0,0.0,fbref_wfr_standard
Beto,ed5c0319,https://fbref.com/en/players/ed5c0319/Beto,january,2023-24,2023-24,Serie A,Udinese,Everton,FW,,74.0,951.0,12.85135135135135,0.0,6.0,0.3,0.9,0.0,0.5678233438485805,0.36486486486486486,0.08517350157728706,0.36486486486486486,,0.2334384858044164,0.5678233438485805,-0.2796913632875778,0.0,1.0,0,,,,,False,False,0,0.0,fbref_wfr_standard
Bénie Adama Traore,77816c91,https://fbref.com/en/players/77816c91/Benie-Adama-Traore,january,2023-24,2023-24,Ligue 1,Nantes,Sheffield Utd,"FW,MF",,504.0,387.0,0.7678571428571429,0.7,0.3,0.9,0.5,0.12499999999999999,0.06976744186046512,0.16071428571428573,0.11627906976744186,0.2857142857142857,0.558139534883721,0.7235142118863048,-0.05523255813953487,-0.04443521594684387,0.0,0.0,0,,,,,False,False,0,0.0,fbref_wfr_standard
Carlos Baleba,a1390d2f,https://fbref.com/en/players/a1390d2f/Carlos-Baleba,january,2023-24,2023-24,Ligue 1,Lille,Brighton,MF,,61.0,1325.0,21.721311475409838,0.0,0.8,0.0,0.3,0.0,0.05433962264150943,0.0,0.020377358490566037,0.0,,,0.05433962264150943,0.020377358490566037,0.0,0.0,0,,,,,False,False,0,0.0,fbref_wfr_standard
David Datro Fofana,e82900ef,https://fbref.com/en/players/e82900ef/David-Datro-Fofana,january,2023-24,2023-24,Bundesliga,Union Berlin,Burnley,FW,,682.0,879.0,1.2888563049853372,2.8,4.5,0.3,1.8,0.3695014662756598,0.46075085324232085,0.039589442815249266,0.18430034129692832,0.40909090909090906,1.2469527059970749,4.6552901023890785,0.09124938696666107,0.14471089848167906,0.0,0.0,0,,,,,False,True,0,70.0,fbref_wfr_standard
Enes Ünal,f8eca1b6,https://fbref.com/en/players/f8eca1b6/Enes-Unal,january,2023-24,2023-24,La Liga,Getafe,Bournemouth,"FW,MF",,140.0,328.0,2.342857142857143,0.1,2.9,0.4,1.0,0.06428571428571428,0.7957317073170732,0.2571428571428571,0.27439024390243905,0.3214285714285714,12.378048780487807,1.0670731707317076,0.7314459930313589,0.01724738675958193,0.0,0.0,0,,,,,False,False,0,0.0,fbref_wfr_standard
Facundo Pellistri,ac7e7b1c,https://fbref.com/en/players/ac7e7b1c/Facundo-Pellistri,january,2023-24,2023-24,La Liga,Granada,Manchester Utd,"FW,MF",,1232.0,172.0,0.1396103896103896,2.5,0.7,1.2,0.1,0.18262987012987014,0.36627906976744184,0.08766233766233766,0.05232558139534884,0.2702922077922078,2.005581395348837,0.5968992248062016,0.1836491996375717,-0.035336756266988824,0.0,0.0,1,,,,,False,False,0,64.0,fbref_wfr_standard
Gio Reyna,7fa4e703,https://fbref.com/en/players/7fa4e703/Gio-Reyna,january,2023-24,2023-24,Bundesliga,Dortmund,Nott'ham Forest,"FW,MF",,280.0,235.0,0.8392857142857143,0.8,0.3,0.8,0.5,0.2571428571428571,0.1148936170212766,0.2571428571428571,0.19148936170212766,0.5142857142857142,0.4468085106382979,0.7446808510638299,-0.14224924012158052,-0.06565349544072946,0.0,0.0,0,,,,,False,False,0,0.0,fbref_wfr_standard
Hannibal Mejbri,ca22ccb0,https://fbref.com/en/players/ca22ccb0/Hannibal-Mejbri,january,2023-24,2023-24,La Liga,Sevilla,Manchester Utd,"MF,FW",,104.0,133.0,1.2788461538461537,0.0,0.0,0.5,0.4,0.0,0.0,0.4326923076923077,0.2706766917293233,0.4326923076923077,,0.625563909774436,0.0,-0.16201561596298442,0.0,0.0,1,,,,,False,False,0,0.0,fbref_wfr_standard
Ian Maatsen,cab9634e,https://fbref.com/en/players/cab9634e/Ian-Maatsen,january,2023-24,2023-24,Bundesliga,Dortmund,Chelsea,"FW,MF",,1264.0,209.0,0.16534810126582278,0.9,0.8,1.4,0.1,0.06408227848101265,0.3444976076555024,0.09968354430379746,0.0430622009569378,0.1637658227848101,5.375863902179693,0.43198906356801103,0.28041532917448975,-0.05662134334685966,0.0,0.0,1,,,,,False,False,0,0.0,fbref_wfr_standard
Jean-Ricner Bellegarde,10f0fdd3,https://fbref.com/en/players/10f0fdd3/Jean-Ricner-Bellegarde,january,2023-24,2023-24,Ligue 1,Strasbourg,Wolves,"MF,FW",,269.0,958.0,3.5613382899628254,0.6,1.6,1.5,1.0,0.20074349442379183,0.15031315240083507,0.5018587360594795,0.09394572025052192,0.7026022304832713,0.7487821851078635,0.1871955462769659,-0.050430342022956764,-0.40791301580895756,0.0,0.0,0,,,,,False,False,0,0.0,fbref_wfr_standard
Jeremy Doku,fffea3e5,https://fbref.com/en/players/fffea3e5/Jeremy-Doku,january,2023-24,2023-24,Ligue 1,Rennes,Manchester City,"FW,MF",,111.0,1595.0,14.36936936936937,0.6,2.5,0.2,4.6,0.4864864864864865,0.14106583072100312,0.16216216216216217,0.25956112852664576,0.6486486486486487,0.2899686520376175,1.6006269592476488,-0.3454206557654834,0.09739896636448359,0.0,0.0,1,,,,,False,False,0,0.0,fbref_wfr_standard
Lorenz Assignon,b026bbf6,https://fbref.com/en/players/b026bbf6/Lorenz-Assignon,january,2023-24,2023-24,Ligue 1,Rennes,Burnley,DF,,1011.0,1234.0,1.2205736894164194,0.4,0.4,1.8,2.6,0.03560830860534125,0.029173419773095625,0.16023738872403562,0.18962722852512157,0.19584569732937687,0.8192868719611021,1.1834143706104807,-0.006434888832245623,0.02938983980108595,0.0,0.0,0,,,,,True,True,0,0.0,fbref_wfr_standard
Mahmoud Dahoud,db4ed67b,https://fbref.com/en/players/db4ed67b/Mahmoud-Dahoud,january,2023-24,2023-24,Bundesliga,Stuttgart,Brighton,MF,,227.0,452.0,1.9911894273127753,0.6,0.2,0.5,0.9,0.23788546255506607,0.03982300884955752,0.19823788546255505,0.17920353982300885,0.4361233480176211,0.16740412979351033,0.9039823008849558,-0.19806245370550854,-0.019034345639546202,0.0,0.0,0,,,,,False,False,0,0.0,fbref_wfr_standard
Maxime Estève,1a066e69,https://fbref.com/en/players/1a066e69/Maxime-Esteve,january,2023-24,2023-24,Ligue 1,Montpellier,Burnley,DF,,995.0,1309.0,1.315577889447236,0.2,0.3,0.3,0.0,0.018090452261306532,0.020626432391138275,0.027135678391959798,0.0,0.04522613065326633,1.1401833460656992,0.0,0.0025359801298317428,-0.027135678391959798,0.0,0.0,0,,,,,True,True,0,0.0,fbref_wfr_standard
Nicolás Domínguez,20b3a502,https://fbref.com/en/players/20b3a502/Nicolas-Dominguez,january,2023-24,2023-24,Serie A,Bologna,Nott'ham Forest,"MF,FW",,102.0,1495.0,14.656862745098039,0.0,1.3,0.0,1.0,0.0,0.0782608695652174,0.0,0.06020066889632107,0.0,,,0.0782608695652174,0.06020066889632107,0.0,0.0,0,,,,,False,False,0,0.0,fbref_wfr_standard
Radu Drăgușin,620922ed,https://fbref.com/en/players/620922ed/Radu-Dragusin,january,2023-24,2023-24,Serie A,Genoa,Tottenham,DF,,1710.0,429.0,0.25087719298245614,1.0,0.1,0.8,0.0,0.05263157894736842,0.02097902097902098,0.042105263157894736,0.0,0.09473684210526315,0.39860139860139865,0.0,-0.03165255796834744,-0.042105263157894736,0.0,0.0,1,,,,,False,False,0,0.0,fbref_wfr_standard
Romain Faivre,745ca0a3,https://fbref.com/en/players/745ca0a3/Romain-Faivre,january,2023-24,2023-24,Ligue 1,Lorient,Bournemouth,"MF,FW",,1453.0,41.0,0.028217481073640742,2.8,0.2,1.7,0.0,0.17343427391603577,0.43902439024390244,0.10529938059187888,0.0,0.27873365450791465,2.531358885017422,0.0,0.26559011632786667,-0.10529938059187888,0.0,0.0,0,,,,,False,False,0,0.0,fbref_wfr_standard
Ryan Gravenberch,b8e740fb,https://fbref.com/en/players/b8e740fb/Ryan-Gravenberch,january,2023-24,2023-24,Bundesliga,Bayern Munich,Liverpool,MF,,10.0,1121.0,112.1,0.0,2.0,0.2,0.9,0.0,0.16057091882247992,1.8,0.07225691347011597,1.8,,0.04014272970561998,0.16057091882247992,-1.7277430865298842,0.0,0.0,1,,,,,False,False,0,0.0,fbref_wfr_standard
Sasa Kalajdzic,15f24fe7,https://fbref.com/en/players/15f24fe7/Sasa-Kalajdzic,january,2023-24,2023-24,Bundesliga,Eint Frankfurt,Wolves,FW,,325.0,166.0,0.5107692307692308,0.2,1.1,0.5,1.0,0.055384615384615386,0.5963855421686748,0.13846153846153847,0.5421686746987951,0.19384615384615386,10.768072289156628,3.915662650602409,0.5410009267840594,0.4037071362372567,0.0,0.0,0,,,,,False,False,0,45.0,fbref_wfr_standard
Timo Werner,49fe9070,https://fbref.com/en/players/49fe9070/Timo-Werner,january,2023-24,2023-24,Bundesliga,RB Leipzig,Tottenham,FW,,207.0,809.0,3.9082125603864735,1.6,3.7,0.0,2.7,0.6956521739130435,0.411619283065513,0.0,0.3003708281829419,0.6956521739130435,0.591702719406675,,-0.2840328908475305,0.3003708281829419,1.0,0.0,1,,,,,False,False,0,0.0,fbref_wfr_standard
Abdukodir Khusanov,d17ce930,https://fbref.com/en/players/d17ce930/Abdukodir-Khusanov,january,2024-25,2024-25,Ligue 1,Lens,Manchester City,DF,20.0,975.0,503.0,0.5158974358974359,0.2,0.0,0.3,0.1,0.018461538461538463,0.0,0.027692307692307693,0.017892644135188866,0.046153846153846156,0.0,0.6461232604373757,-0.018461538461538463,-0.009799663557118827,0.0,0.0,1,,,,,False,True,0,0.0,fbref_wfr_standard
Albert Grønbaek,0da5076f,https://fbref.com/en/players/0da5076f/Albert-Gronbaek,january,2024-25,2024-25,Ligue 1,Rennes,Southampton,"FW,MF",23.0,813.0,143.0,0.17589175891758918,1.5,0.1,1.0,0.0,0.16605166051660517,0.06293706293706294,0.11070110701107011,0.0,0.2767527675276753,0.37902097902097903,0.0,-0.10311459757954222,-0.11070110701107011,0.0,0.0,0,,,,,False,False,0,0.0,fbref_wfr_standard
Chiquinho,dc6c2f02,https://fbref.com/en/players/dc6c2f02/Chiquinho,january,2024-25,2024-25,La Liga,Mallorca,Wolves,MF,24.0,146.0,7.0,0.04794520547945205,0.3,0.0,0.0,0.0,0.18493150684931506,0.0,0.0,0.0,0.18493150684931506,0.0,,-0.18493150684931506,0.0,0.0,0.0,0,,,,,False,False,0,0.0,fbref_wfr_standard
Donyell Malen,116c35df,https://fbref.com/en/players/116c35df/Donyell-Malen,january,2024-25,2024-25,Bundesliga,Dortmund,Aston Villa,FW,25.0,614.0,305.0,0.496742671009772,2.9,2.2,0.2,0.2,0.4250814332247557,0.6491803278688526,0.029315960912052116,0.05901639344262295,0.45439739413680785,1.5271905031091015,2.013114754098361,0.22409889464409688,0.029700432530570836,0.0,0.0,0,,,,,False,False,0,0.0,fbref_wfr_standard
Emi Buendía,66b76d44,https://fbref.com/en/players/66b76d44/Emi-Buendia,january,2024-25,2024-25,Bundesliga,Leverkusen,Aston Villa,"MF,FW",27.0,257.0,98.0,0.38132295719844356,0.9,0.7,0.9,0.0,0.3151750972762646,0.6428571428571428,0.3151750972762646,0.0,0.6303501945525292,2.0396825396825395,0.0,0.3276820455808782,-0.3151750972762646,0.0,0.0,0,,,,,False,False,0,0.0,fbref_wfr_standard
Emmanuel Agbadou,75f1ed80,https://fbref.com/en/players/75f1ed80/Emmanuel-Agbadou,january,2024-25,2024-25,Ligue 1,Reims,Wolves,DF,27.0,1260.0,1410.0,1.119047619047619,0.5,0.8,0.3,0.2,0.03571428571428571,0.05106382978723404,0.02142857142857143,0.01276595744680851,0.05714285714285714,1.4297872340425533,0.5957446808510638,0.015349544072948328,-0.008662613981762919,0.0,0.0,0,,,,,True,True,0,0.0,fbref_wfr_standard
João Félix,8aafd64f,https://fbref.com/en/players/8aafd64f/Joao-Felix,january,2024-25,2024-25,Serie A,Milan,Chelsea,"FW,MF",24.0,760.0,369.0,0.4855263157894737,2.7,2.2,1.2,1.0,0.3197368421052632,0.5365853658536586,0.14210526315789473,0.24390243902439024,0.46184210526315794,1.6782093746863394,1.7163504968383017,0.21684852374839536,0.1017971758664955,0.0,0.0,1,,,,,False,False,0,0.0,fbref_wfr_standard
Kevin Danso,6e33125f,https://fbref.com/en/players/6e33125f/Kevin-Danso,january,2024-25,2024-25,Ligue 1,Lens,Tottenham,DF,25.0,1080.0,842.0,0.7796296296296297,0.5,0.4,1.0,0.1,0.041666666666666664,0.04275534441805225,0.08333333333333333,0.010688836104513063,0.125,1.0261282660332542,0.12826603325415678,0.0010886777513855889,-0.07264449722882027,0.0,0.0,1,,,,,False,True,0,0.0,fbref_wfr_standard
Kosta Nedeljković,c70be9cf,https://fbref.com/en/players/c70be9cf/Kosta-Nedeljkovic,january,2024-25,2024-25,Bundesliga,RB Leipzig,Aston Villa,DF,18.0,479.0,126.0,0.2630480167014614,0.5,0.0,0.3,0.0,0.09394572025052192,0.0,0.05636743215031315,0.0,0.15031315240083507,0.0,0.0,-0.09394572025052192,-0.05636743215031315,0.0,0.0,0,,,,,False,False,0,0.0,fbref_wfr_standard
Marco Asensio,45af8a54,https://fbref.com/en/players/45af8a54/Marco-Asensio,january,2024-25,2024-25,Ligue 1,Paris S-G,Aston Villa,MF,28.0,618.0,743.0,1.2022653721682848,5.6,2.9,2.7,1.0,0.8155339805825241,0.351278600269179,0.3932038834951457,0.12113055181695828,1.2087378640776698,0.4307344741395886,0.3080604157320173,-0.4642553803133451,-0.27207333167818737,0.0,2.0,0,,,,,False,True,0,0.0,fbref_wfr_standard
Marshall Munetsi,2acf0cd7,https://fbref.com/en/players/2acf0cd7/Marshall-Munetsi,january,2024-25,2024-25,Ligue 1,Reims,Wolves,"MF,FW",28.0,1692.0,1078.0,0.6371158392434988,4.0,3.3,2.0,1.8,0.2127659574468085,0.2755102040816326,0.10638297872340426,0.150278293135436,0.3191489361702128,1.2948979591836733,1.4126159554730984,0.06274424663482411,0.04389531441203175,0.0,0.0,0,,,,,True,True,0,0.0,fbref_wfr_standard
Mathis Amougou,f93cca97,https://fbref.com/en/players/f93cca97/Mathis-Amougou,january,2024-25,2024-25,Ligue 1,Saint-Étienne,Chelsea,MF,18.0,859.0,8.0,0.009313154831199068,0.5,0.0,0.4,0.0,0.05238649592549476,0.0,0.04190919674039581,0.0,0.09429569266589058,0.0,0.0,-0.05238649592549476,-0.04190919674039581,0.0,0.0,1,,,,,False,False,0,0.0,fbref_wfr_standard
Mathys Tel,829aa60c,https://fbref.com/en/players/829aa60c/Mathys-Tel,january,2024-25,2024-25,Bundesliga,Bayern Munich,Tottenham,FW,19.0,256.0,911.0,3.55859375,0.7,2.2,0.3,2.6,0.24609374999999997,0.21734357848518115,0.10546875,0.25686059275521406,0.3515625,0.8831739062254981,2.4354189535309185,-0.028750171514818817,0.15139184275521406,0.0,1.0,1,,,,,False,False,0,0.0,fbref_wfr_standard
Michael Kayode,e19660a8,https://fbref.com/en/players/e19660a8/Michael-Kayode,january,2024-25,2024-25,Serie A,Fiorentina,Brentford,DF,20.0,127.0,528.0,4.15748031496063,0.1,0.2,0.2,1.2,0.07086614173228346,0.03409090909090909,0.14173228346456693,0.20454545454545456,0.2125984251968504,0.481060606060606,1.4431818181818183,-0.036775232641374375,0.06281317108088763,0.0,0.0,0,,,,,False,False,0,0.0,fbref_wfr_standard
Omar Marmoush,0e0102eb,https://fbref.com/en/players/0e0102eb/Omar-Marmoush,january,2024-25,2024-25,Bundesliga,Eint Frankfurt,Manchester City,"FW,MF",25.0,1448.0,1175.0,0.81146408839779,7.3,5.5,6.2,2.8,0.4537292817679558,0.42127659574468085,0.38535911602209943,0.21446808510638296,0.8390883977900552,0.9284756630719907,0.5565408373369938,-0.032452686023274946,-0.17089103091571647,2.0,0.0,1,,,,,True,True,0,0.0,fbref_wfr_standard
Patrick Dorgu,e6536124,https://fbref.com/en/players/e6536124/Patrick-Dorgu,january,2024-25,2024-25,Serie A,Lecce,Manchester Utd,DF,19.0,1840.0,842.0,0.45760869565217394,3.3,0.4,1.5,0.7,0.16141304347826088,0.04275534441805225,0.07336956521739131,0.07482185273159143,0.2347826086956522,0.2648815950478658,1.0197941409342832,-0.11865769906020862,0.0014522875142001235,0.0,0.0,1,,,,,False,True,0,0.0,fbref_wfr_standard
Renato Veiga,fc8fcbd1,https://fbref.com/en/players/fc8fcbd1/Renato-Veiga,january,2024-25,2024-25,Serie A,Juventus,Chelsea,"DF,MF",21.0,1093.0,181.0,0.1655992680695334,1.0,0.1,0.1,0.0,0.08234217749313816,0.049723756906077346,0.008234217749313814,0.0,0.09057639524245198,0.6038674033149171,0.0,-0.03261842058706081,-0.008234217749313814,0.0,0.0,1,,,,,False,False,0,0.0,fbref_wfr_standard
Samuel Amo-Ameyaw,9eedf0e0,https://fbref.com/en/players/9eedf0e0/Samuel-Amo-Ameyaw,january,2024-25,2024-25,Ligue 1,Strasbourg,Southampton,"FW,DF",18.0,320.0,28.0,0.0875,0.7,0.0,0.6,0.1,0.19687499999999997,0.0,0.16875,0.32142857142857145,0.365625,0.0,1.9047619047619049,-0.19687499999999997,0.15267857142857144,0.0,0.0,0,,,,,False,False,0,0.0,fbref_wfr_standard
Woyo Coulibaly,beb6e3a6,https://fbref.com/en/players/beb6e3a6/Woyo-Coulibaly,january,2024-25,2024-25,Serie A,Parma,Leicester City,DF,25.0,1084.0,109.0,0.10055350553505535,0.1,0.0,0.9,0.0,0.008302583025830259,0.0,0.07472324723247233,0.0,0.08302583025830258,0.0,0.0,-0.008302583025830259,-0.07472324723247233,0.0,0.0,0,,,,,False,False,0,0.0,fbref_wfr_standard
Adam Masina,de0f152c,https://fbref.com/en/players/de0f152c/Adam-Masina,summer,2017-18,2018-19,Serie A,Bologna,Watford,DF,24.0,2830.0,1004.0,0.3547703180212014,1.9,0.1,1.8,0.8,0.060424028268551234,0.008964143426294821,0.05724381625441696,0.07171314741035857,0.11766784452296819,0.1483539526106102,1.2527667109340417,-0.051459884842256415,0.014469331155941609,0.0,0.0,0,average,41,0.0972972972972973,0.27292418772563176,True,True,1,0.0,fbref_wfr_standard
Adama Diakhaby,65585e3a,https://fbref.com/en/players/65585e3a/Adama-Diakhaby,summer,2017-18,2018-19,Ligue 1,Monaco,Huddersfield,"FW,MF",22.0,850.0,552.0,0.6494117647058824,2.2,0.6,0.6,0.5,0.23294117647058826,0.09782608695652174,0.06352941176470588,0.08152173913043478,0.29647058823529415,0.41996047430830036,1.2832125603864737,-0.13511508951406653,0.017992327365728908,0.0,0.0,0,,,,,False,True,0,0.0,fbref_wfr_standard
Andre-Frank Zambo Anguissa,6bb2c084,https://fbref.com/en/players/6bb2c084/Andre-Frank-Zambo-Anguissa,summer,2017-18,2018-19,Ligue 1,Marseille,Fulham,MF,22.0,2439.0,1517.0,0.6219762197621976,1.6,0.8,3.2,0.2,0.05904059040590406,0.047462096242584045,0.11808118081180811,0.011865524060646011,0.17712177121771217,0.8038892551087673,0.10048615688859591,-0.011578494163320012,-0.1062156567511621,0.0,0.0,0,average,69,0.07468879668049792,0.23403441682600384,True,True,1,0.0,fbref_wfr_standard
Andreas Pereira,6639e500,https://fbref.com/en/players/6639e500/Andreas-Pereira,summer,2017-18,2018-19,La Liga,Valencia,Manchester Utd,MF,22.0,1078.0,599.0,0.5556586270871985,0.8,0.3,1.9,0.9,0.06679035250463822,0.045075125208681135,0.15862708719851576,0.1352253756260434,0.22541743970315398,0.6748747913188647,0.8524734206133029,-0.021715227295957082,-0.023401711572472367,0.0,0.0,1,,,,,False,True,0,0.0,fbref_wfr_standard
Andriy Yarmolenko,849c826a,https://fbref.com/en/players/849c826a/Andriy-Yarmolenko,summer,2017-18,2018-19,Bundesliga,Dortmund,West Ham,"MF,FW",28.0,1039.0,459.0,0.44177093358999037,4.8,1.1,3.2,0.8,0.4157844080846968,0.21568627450980396,0.27718960538979787,0.1568627450980392,0.6929740134744946,0.518745461147422,0.5659041394335512,-0.20009813357489284,-0.12032686029175865,0.0,0.0,0,,,,,False,True,0,0.0,fbref_wfr_standard
André Gomes,1961b2aa,https://fbref.com/en/players/1961b2aa/Andre-Gomes,summer,2017-18,2018-19,La Liga,Barcelona,Everton,MF,25.0,635.0,1980.0,3.1181102362204722,0.6,1.6,0.1,0.6,0.08503937007874016,0.07272727272727272,0.014173228346456693,0.02727272727272727,0.09921259842519685,0.8552188552188552,1.924242424242424,-0.012312097351467433,0.013099498926270579,0.0,0.0,0,,,,,False,True,0,0.0,fbref_wfr_standard
André Schürrle,ecbb3fdf,https://fbref.com/en/players/ecbb3fdf/Andre-Schurrle,summer,2017-18,2018-19,Bundesliga,Dortmund,Fulham,"FW,MF",27.0,1236.0,1641.0,1.3276699029126213,3.4,3.6,3.7,1.9,0.24757281553398058,0.19744058500914077,0.26941747572815533,0.10420475319926874,0.5169902912621359,0.7975051080761373,0.38677800286575426,-0.05013223052483981,-0.16521272252888658,1.0,0.0,0,average,38,0.09587019960857404,0.5696030813302239,True,True,1,0.0,fbref_wfr_standard
Antonio Barreca,6a189491,https://fbref.com/en/players/6a189491/Antonio-Barreca,summer,2017-18,2018-19,Serie A,Torino,Newcastle Utd,DF,23.0,468.0,5.0,0.010683760683760684,0.0,0.0,0.1,0.0,0.0,0.0,0.019230769230769232,0.0,0.019230769230769232,,0.0,0.0,-0.019230769230769232,0.0,0.0,0,,,,,False,False,0,0.0,fbref_wfr_standard
Bernardo,17370b95,https://fbref.com/en/players/17370b95/Bernardo,summer,2017-18,2018-19,Bundesliga,RB Leipzig,Brighton,DF,23.0,1350.0,1752.0,1.2977777777777777,0.6,0.4,0.7,0.6,0.04,0.02054794520547945,0.04666666666666666,0.030821917808219176,0.08666666666666667,0.5136986301369862,0.6604696673189824,-0.01945205479452055,-0.015844748858447485,0.0,0.0,0,bottom,38,0.09587019960857404,0.5696030813302239,True,True,1,0.0,fbref_wfr_standard
Carlos Sánchez,50b51fac,https://fbref.com/en/players/50b51fac/Carlos-Sanchez,summer,2017-18,2018-19,La Liga,Espanyol,West Ham,MF,32.0,1122.0,245.0,0.21836007130124777,0.1,0.1,0.3,0.1,0.008021390374331552,0.036734693877551024,0.02406417112299465,0.036734693877551024,0.03208556149732621,4.579591836734694,1.526530612244898,0.028713303503219472,0.012670522754556372,0.0,0.0,0,,,,,False,False,0,0.0,fbref_wfr_standard
Denis Suárez,12c50af5,https://fbref.com/en/players/12c50af5/Denis-Suarez,summer,2017-18,2018-19,La Liga,Barcelona,Arsenal,"MF,FW",24.0,595.0,71.0,0.11932773109243698,1.9,0.0,2.7,0.0,0.28739495798319326,0.0,0.40840336134453786,0.0,0.6957983193277311,0.0,0.0,-0.28739495798319326,-0.40840336134453786,0.0,0.0,1,,,,,False,False,0,0.0,fbref_wfr_standard
Diego Rico,d9ba39fc,https://fbref.com/en/players/d9ba39fc/Diego-Rico,summer,2017-18,2018-19,La Liga,Leganés,Bournemouth,"DF,MF",25.0,2228.0,612.0,0.2746858168761221,1.4,0.2,3.5,1.1,0.05655296229802513,0.029411764705882353,0.14138240574506283,0.16176470588235298,0.19793536804308798,0.5200746965452848,1.144164332399627,-0.027141197592142778,0.020382300137290144,0.0,0.0,0,,,,,False,True,0,0.0,fbref_wfr_standard
Divock Origi,43a166b4,https://fbref.com/en/players/43a166b4/Divock-Origi,summer,2017-18,2018-19,Bundesliga,Wolfsburg,Liverpool,FW,23.0,1967.0,371.0,0.18861209964412812,7.2,2.2,1.1,0.2,0.3294356888662939,0.5336927223719677,0.05033045246568379,0.04851752021563342,0.37976614133197767,1.6200209643605872,0.9639794168096054,0.20425703350567387,-0.0018129322500503656,0.0,0.0,1,,,,,False,False,0,10.0,fbref_wfr_standard
Fabian Schär,c8aa95da,https://fbref.com/en/players/c8aa95da/Fabian-Schar,summer,2017-18,2018-19,La Liga,La Coruña,Newcastle Utd,DF,26.0,2219.0,1999.0,0.9008562415502479,3.0,1.9,0.6,0.7,0.12167643082469581,0.08554277138569284,0.02433528616493916,0.03151575787893947,0.14601171698963497,0.7030348507587126,1.2950641987660496,-0.03613365943900297,0.0071804717140003076,0.0,0.0,0,average,46,0.10552615575711309,0.3586765503449571,True,True,1,0.0,fbref_wfr_standard
Fabinho,7f3b388c,https://fbref.com/en/players/7f3b388c/Fabinho,summer,2017-18,2018-19,Ligue 1,Monaco,Liverpool,MF,24.0,3060.0,2017.0,0.6591503267973856,2.6,1.0,4.2,1.8,0.07647058823529412,0.04462072384729797,0.12352941176470589,0.08031730292513634,0.2,0.5835017733877427,0.6501876903463417,-0.031849864387996155,-0.04321210883956955,4.0,0.0,1,average,69,0.07468879668049792,0.23403441682600384,True,True,1,0.0,fbref_wfr_standard
Felipe Anderson,9f1893b9,https://fbref.com/en/players/9f1893b9/Felipe-Anderson,summer,2017-18,2018-19,Serie A,Lazio,West Ham,"MF,FW",25.0,1162.0,3043.0,2.6187607573149743,2.8,5.5,4.3,6.1,0.21686746987951805,0.16266841932303647,0.33304647160068845,0.18041406506736773,0.5499139414802066,0.750082155767335,0.5417083814167476,-0.05419905055648158,-0.15263240653332072,0.0,0.0,0,top,41,0.0972972972972973,0.27292418772563176,True,True,1,0.0,fbref_wfr_standard
Florin Andone,dc008610,https://fbref.com/en/players/dc008610/Florin-Andone,summer,2017-18,2018-19,La Liga,La Coruña,Brighton,FW,25.0,1636.0,881.0,0.5385085574572127,10.6,2.5,0.9,0.1,0.5831295843520783,0.25539160045402953,0.049511002444987774,0.01021566401816118,0.632640586797066,0.43796714710984513,0.2063311893050826,-0.32773798389804876,-0.039295338426826594,1.0,0.0,0,,,,,False,True,0,0.0,fbref_wfr_standard
Gonzalo Higuaín,8a08491a,https://fbref.com/en/players/8a08491a/Gonzalo-Higuain,summer,2017-18,2018-19,Serie A,Juventus,Chelsea,FW,30.0,2815.0,1085.0,0.38543516873889877,10.2,4.9,3.4,1.3,0.32611012433392533,0.40645161290322585,0.10870337477797513,0.10783410138248847,0.4348134991119005,1.246363061353574,0.9920032529140688,0.08034148856930051,-0.000869273395486661,2.0,0.0,1,top,41,0.0972972972972973,0.27292418772563176,True,True,1,0.0,fbref_wfr_standard
Håvard Nordtveit,6cafd68d,https://fbref.com/en/players/6cafd68d/Havard-Nordtveit,summer,2017-18,2018-19,Bundesliga,Hoffenheim,Fulham,DF,28.0,969.0,362.0,0.3735810113519092,0.4,0.0,0.0,0.1,0.03715170278637771,0.0,0.0,0.024861878453038673,0.03715170278637771,0.0,,-0.03715170278637771,0.024861878453038673,0.0,0.0,0,,,,,False,False,0,0.0,fbref_wfr_standard
Isaac Mbenza,aa1a8c7e,https://fbref.com/en/players/aa1a8c7e/Isaac-Mbenza,summer,2017-18,2018-19,Ligue 1,Montpellier,Huddersfield,"FW,MF",22.0,2096.0,986.0,0.47041984732824427,7.0,1.0,1.6,0.9,0.3005725190839695,0.09127789046653144,0.06870229007633588,0.0821501014198783,0.36927480916030536,0.30368009272674584,1.195740365111562,-0.20929462861743803,0.01344781134354242,0.0,0.0,0,top,69,0.07468879668049792,0.23403441682600384,True,True,1,0.0,fbref_wfr_standard
Isaac Success,f573a8bf,https://fbref.com/en/players/f573a8bf/Isaac-Success,summer,2017-18,2018-19,La Liga,Málaga,Watford,"FW,MF",22.0,492.0,1052.0,2.138211382113821,0.5,3.5,2.1,2.8,0.09146341463414634,0.2994296577946768,0.38414634146341464,0.2395437262357414,0.47560975609756095,3.2737642585551328,0.6235741444866919,0.20796624316053045,-0.14460261522767323,0.0,0.0,0,,,,,False,True,0,0.0,fbref_wfr_standard
Issa Diop,a712ca2b,https://fbref.com/en/players/a712ca2b/Issa-Diop,summer,2017-18,2018-19,Ligue 1,Toulouse,West Ham,DF,21.0,3060.0,2970.0,0.9705882352941176,2.0,1.2,0.6,0.2,0.058823529411764705,0.03636363636363636,0.01764705882352941,0.006060606060606061,0.07647058823529412,0.6181818181818182,0.3434343434343434,-0.022459893048128343,-0.01158645276292335,0.0,0.0,0,average,69,0.07468879668049792,0.23403441682600384,True,True,1,0.0,fbref_wfr_standard
Jannik Vestergaard,1900032e,https://fbref.com/en/players/1900032e/Jannik-Vestergaard,summer,2017-18,2018-19,Bundesliga,M'Gladbach,Southampton,DF,25.0,2880.0,2027.0,0.7038194444444444,1.9,0.7,0.9,0.6,0.059375,0.031080414405525402,0.028125,0.026640355204736062,0.0875,0.5234596110404278,0.9472126295017267,-0.028294585594474595,-0.0014846447952639383,0.0,0.0,0,bottom,38,0.09587019960857404,0.5696030813302239,True,True,1,0.0,fbref_wfr_standard
Jean Seri,10efd0e1,https://fbref.com/en/players/10efd0e1/Jean-Seri,summer,2017-18,2018-19,Ligue 1,Nice,Fulham,MF,27.0,2615.0,2244.0,0.8581261950286807,1.9,0.9,4.9,4.8,0.06539196940726577,0.03609625668449198,0.16864244741873807,0.1925133689839572,0.23403441682600384,0.551998311286237,1.1415475281021497,-0.029295712722773794,0.02387092156521914,0.0,0.0,0,top,69,0.07468879668049792,0.23403441682600384,True,True,1,0.0,fbref_wfr_standard
Jefferson Lerma,9b5ce51a,https://fbref.com/en/players/9b5ce51a/Jefferson-Lerma,summer,2017-18,2018-19,La Liga,Levante,Bournemouth,MF,23.0,2135.0,2506.0,1.1737704918032787,1.2,1.3,1.5,1.1,0.05058548009367682,0.04668794892258579,0.06323185011709602,0.03950518754988029,0.11381733021077284,0.9229515828677839,0.6247672253258846,-0.003897531171091026,-0.02372666256721573,0.0,0.0,0,average,46,0.10552615575711309,0.3586765503449571,True,True,1,0.0,fbref_wfr_standard
Jonny Castro,e28868f3,https://fbref.com/en/players/e28868f3/Jonny-Castro,summer,2017-18,2018-19,La Liga,Celta Vigo,Wolves,"DF,MF",24.0,3202.0,2771.0,0.8653966271080574,1.8,2.0,1.6,1.6,0.05059337913803873,0.06495849873691809,0.04497189256714553,0.05196679898953446,0.09556527170518425,1.2839327960222944,1.155539516420065,0.014365119598879358,0.0069949064223889315,0.0,0.0,0,bottom,46,0.10552615575711309,0.3586765503449571,True,True,1,0.0,fbref_wfr_standard
Jorginho,45db685d,https://fbref.com/en/players/45db685d/Jorginho,summer,2017-18,2018-19,Serie A,Napoli,Chelsea,MF,26.0,2650.0,3156.0,1.190943396226415,0.4,0.6,4.1,3.2,0.013584905660377358,0.017110266159695818,0.1392452830188679,0.09125475285171103,0.15283018867924525,1.2595057034220534,0.6553525611301741,0.00352536049931846,-0.047990530167156875,2.0,1.0,1,average,41,0.0972972972972973,0.27292418772563176,True,True,1,0.0,fbref_wfr_standard
João Moutinho,f5a00fa4,https://fbref.com/en/players/f5a00fa4/Joao-Moutinho,summer,2017-18,2018-19,Ligue 1,Monaco,Wolves,MF,31.0,2803.0,3032.0,1.0816981805208705,1.1,0.7,5.8,6.5,0.03531930074919729,0.020778364116094985,0.18622904031394935,0.1929419525065963,0.22154834106314664,0.5883005516910529,1.036046538076608,-0.014540936633102308,0.0067129121926469415,0.0,0.0,0,average,69,0.07468879668049792,0.23403441682600384,True,True,1,0.0,fbref_wfr_standard
Leon Balogun,78e68b4d,https://fbref.com/en/players/78e68b4d/Leon-Balogun,summer,2017-18,2018-19,Bundesliga,Mainz 05,Brighton,DF,30.0,1173.0,594.0,0.5063938618925832,0.1,0.1,0.0,0.0,0.0076726342710997444,0.015151515151515152,0.0,0.0,0.0076726342710997444,1.9747474747474747,,0.0074788808804154075,0.0,0.0,0.0,0,,,,,False,True,0,0.0,fbref_wfr_standard
Lucas Digne,1b84dbe1,https://fbref.com/en/players/1b84dbe1/Lucas-Digne,summer,2017-18,2018-19,La Liga,Barcelona,Everton,DF,25.0,704.0,2965.0,4.2116477272727275,0.3,1.3,1.8,7.1,0.03835227272727273,0.03946037099494098,0.23011363636363635,0.21551433389544689,0.26846590909090906,1.028892636312535,0.9365561176691025,0.0011080982676682505,-0.014599302468189468,0.0,0.0,0,,,,,False,True,0,0.0,fbref_wfr_standard
Lucas Pérez,a300ac7e,https://fbref.com/en/players/a300ac7e/Lucas-Perez,summer,2017-18,2018-19,La Liga,La Coruña,West Ham,"FW,MF",29.0,2797.0,475.0,0.16982481229889168,6.6,1.3,10.9,0.8,0.2123703968537719,0.2463157894736842,0.35073292813728996,0.15157894736842106,0.5631033249910619,1.1598405103668261,0.4321776919362627,0.03394539261991231,-0.1991539807688689,4.0,0.0,0,,,,,False,True,0,0.0,fbref_wfr_standard
Lucas Torreira,52611641,https://fbref.com/en/players/52611641/Lucas-Torreira,summer,2017-18,2018-19,Serie A,Sampdoria,Arsenal,MF,22.0,3180.0,2382.0,0.7490566037735849,1.4,1.5,2.8,1.2,0.03962264150943396,0.05667506297229219,0.07924528301886792,0.04534005037783375,0.11886792452830189,1.4303706369197553,0.5721482547679021,0.01705242146285823,-0.03390523264103417,0.0,0.0,1,average,41,0.0972972972972973,0.27292418772563176,True,True,1,0.0,fbref_wfr_standard
Luciano Vietto,2513a588,https://fbref.com/en/players/2513a588/Luciano-Vietto,summer,2017-18,2018-19,La Liga,Atlético Madrid|Valencia,Fulham,"FW,MF",24.0,797.0,986.0,1.2371392722710164,1.7000000000000002,2.9,1.7,2.1,0.19196988707653706,0.2647058823529412,0.191969887076537,0.19168356997971603,0.38393977415307406,1.3788927335640135,0.9985085312015274,0.07273599527640412,-0.00028631709682097606,0.0,0.0,0,,,,,False,True,0,0.0,fbref_wfr_standard
Marc Navarro,c2846353,https://fbref.com/en/players/c2846353/Marc-Navarro,summer,2017-18,2018-19,La Liga,Espanyol,Watford,DF,23.0,1109.0,84.0,0.0757439134355275,0.7,0.0,0.8,0.0,0.05680793507664562,0.0,0.06492335437330929,0.0,0.1217312894499549,0.0,0.0,-0.05680793507664562,-0.06492335437330929,0.0,0.0,0,,,,,False,False,0,0.0,fbref_wfr_standard
Martín Montoya,5cec2487,https://fbref.com/en/players/5cec2487/Martin-Montoya,summer,2017-18,2018-19,La Liga,Valencia,Brighton,DF,27.0,2152.0,2167.0,1.0069702602230484,0.2,0.2,2.0,1.2,0.008364312267657992,0.008306414397784956,0.08364312267657993,0.049838486386709735,0.09200743494423792,0.9930779880018459,0.5958467928011074,-5.789786987303591e-05,-0.033804636289870196,0.0,0.0,0,bottom,46,0.10552615575711309,0.3586765503449571,True,True,1,0.0,fbref_wfr_standard
Mateo Kovačić,79c0821a,https://fbref.com/en/players/79c0821a/Mateo-Kovacic,summer,2017-18,2018-19,La Liga,Real Madrid,Chelsea,MF,24.0,992.0,1735.0,1.748991935483871,0.4,2.2,0.4,1.7,0.036290322580645164,0.11412103746397696,0.036290322580645164,0.08818443804034583,0.07258064516129033,3.1446685878962537,2.429971181556196,0.07783071488333179,0.051894115459700664,0.0,0.0,1,bottom,46,0.10552615575711309,0.3586765503449571,True,True,1,0.0,fbref_wfr_standard
Max Meyer,eba42d2b,https://fbref.com/en/players/eba42d2b/Max-Meyer,summer,2017-18,2018-19,Bundesliga,Schalke 04,Crystal Palace,MF,22.0,1727.0,1416.0,0.8199189345686161,0.2,1.8,0.4,1.2,0.010422698320787493,0.11440677966101695,0.020845396641574986,0.07627118644067797,0.03126809496236248,10.976694915254237,3.6588983050847457,0.10398408134022946,0.05542578979910298,0.0,0.0,0,bottom,38,0.09587019960857404,0.5696030813302239,True,True,1,0.0,fbref_wfr_standard
Maxime Le Marchand,321a71a7,https://fbref.com/en/players/321a71a7/Maxime-Le-Marchand,summer,2017-18,2018-19,Ligue 1,Nice,Fulham,DF,28.0,2534.0,2250.0,0.8879242304656669,0.7,0.3,0.6,0.7,0.02486187845303867,0.012,0.021310181531176007,0.027999999999999997,0.046172059984214676,0.48266666666666674,1.3139259259259257,-0.01286187845303867,0.00668981846882399,0.0,0.0,0,bottom,69,0.07468879668049792,0.23403441682600384,True,True,1,0.0,fbref_wfr_standard
Naby Keïta,f25c8e3a,https://fbref.com/en/players/f25c8e3a/Naby-Keita,summer,2017-18,2018-19,Bundesliga,RB Leipzig,Liverpool,"MF,FW",23.0,1962.0,1390.0,0.7084607543323139,3.7,2.0,4.2,1.0,0.16972477064220184,0.12949640287769784,0.1926605504587156,0.06474820143884892,0.3623853211009175,0.7629788061442737,0.33607399794450155,-0.040228367764504,-0.1279123490198667,0.0,0.0,1,average,38,0.09587019960857404,0.5696030813302239,True,True,1,0.0,fbref_wfr_standard
Nampalys Mendy,1598599e,https://fbref.com/en/players/1598599e/Nampalys-Mendy,summer,2017-18,2018-19,Ligue 1,Nice,Leicester City,MF,26.0,965.0,2092.0,2.1678756476683936,0.0,0.1,0.1,0.2,0.0,0.004302103250478011,0.00932642487046632,0.008604206500956023,0.00932642487046632,,0.9225621414913958,0.004302103250478011,-0.0007222183695102975,0.0,0.0,0,bottom,69,0.07468879668049792,0.23403441682600384,True,True,1,0.0,fbref_wfr_standard
Rachid Ghezzal,dc3a9a0d,https://fbref.com/en/players/dc3a9a0d/Rachid-Ghezzal,summer,2017-18,2018-19,Ligue 1,Monaco,Leicester City,"FW,MF",26.0,1006.0,743.0,0.7385685884691849,2.6,1.4,2.7,1.7,0.23260437375745527,0.16958277254374157,0.24155069582504973,0.20592193808882908,0.474155069582505,0.7290609793974531,0.8524998753800906,-0.0630216012137137,-0.03562875773622065,0.0,0.0,0,,,,,False,True,0,0.0,fbref_wfr_standard
Sokratis Papastathopoulos,b682dcf6,https://fbref.com/en/players/b682dcf6/Sokratis-Papastathopoulos,summer,2017-18,2018-19,Bundesliga,Dortmund,Arsenal,DF,30.0,2373.0,2198.0,0.9262536873156342,1.0,0.8,0.2,0.7,0.03792667509481669,0.03275705186533212,0.007585335018963337,0.028662420382165602,0.045512010113780026,0.8636942675159236,3.7786624203821653,-0.005169623229484568,0.021077085363202266,0.0,0.0,1,bottom,38,0.09587019960857404,0.5696030813302239,True,True,1,0.0,fbref_wfr_standard
Stephan Lichtsteiner,99b1d0e6,https://fbref.com/en/players/99b1d0e6/Stephan-Lichtsteiner,summer,2017-18,2018-19,Serie A,Juventus,Arsenal,DF,34.0,1704.0,938.0,0.5504694835680751,0.1,0.0,0.7,0.1,0.00528169014084507,0.0,0.036971830985915485,0.009594882729211088,0.042253521126760556,0.0,0.2595187328662809,-0.00528169014084507,-0.0273769482567044,1.0,0.0,1,bottom,41,0.0972972972972973,0.27292418772563176,True,True,1,0.0,fbref_wfr_standard
Víctor Camarasa,b2d03887,https://fbref.com/en/players/b2d03887/Victor-Camarasa,summer,2017-18,2018-19,La Liga,Betis,Cardiff City,MF,24.0,1252.0,2569.0,2.051916932907348,1.4,3.2,1.5,3.8,0.10063897763578274,0.11210587777345271,0.10782747603833866,0.1331257298559751,0.2084664536741214,1.1139409442251016,1.2346178798494876,0.011466900137669975,0.025298253817636437,0.0,1.0,0,average,46,0.10552615575711309,0.3586765503449571,True,True,1,0.0,fbref_wfr_standard
Yerry Mina,6d5701f2,https://fbref.com/en/players/6d5701f2/Yerry-Mina,summer,2017-18,2018-19,La Liga,Barcelona,Everton,DF,23.0,371.0,892.0,2.404312668463612,0.3,0.3,0.2,0.1,0.07277628032345014,0.030269058295964126,0.04851752021563342,0.010089686098654708,0.12129380053908356,0.41591928251121074,0.20795964125560537,-0.04250722202748601,-0.03842783411697871,0.0,0.0,0,,,,,False,False,0,0.0,fbref_wfr_standard
Yoshinori Mutō,5343eb4e,https://fbref.com/en/players/5343eb4e/Yoshinori-Muto,summer,2017-18,2018-19,Bundesliga,Mainz 05,Newcastle Utd,"FW,MF",26.0,1904.0,524.0,0.27521008403361347,4.9,0.9,2.7,0.8,0.23161764705882357,0.15458015267175573,0.12762605042016809,0.13740458015267176,0.35924369747899165,0.6673936750272628,1.0766186033361604,-0.07703749438706783,0.009778529732503677,0.0,0.0,0,,,,,False,True,0,0.0,fbref_wfr_standard
Youri Tielemans,56f7a928,https://fbref.com/en/players/56f7a928/Youri-Tielemans,summer,2017-18,2018-19,Ligue 1,Monaco,Leicester City,MF,21.0,1569.0,1086.0,0.6921606118546845,1.3,1.8,1.1,2.5,0.0745697896749522,0.14917127071823205,0.06309751434034418,0.20718232044198895,0.13766730401529637,2.0004249893752655,3.283525866398794,0.07460148104327985,0.14408480610164476,0.0,0.0,0,average,69,0.07468879668049792,0.23403441682600384,True,True,1,0.0,fbref_wfr_standard
Yves Bissouma,6c203af0,https://fbref.com/en/players/6c203af0/Yves-Bissouma,summer,2017-18,2018-19,Ligue 1,Lille,Brighton,MF,21.0,1561.0,1774.0,1.1364509929532352,2.1,1.8,0.7,1.0,0.1210762331838565,0.09131905298759865,0.04035874439461883,0.05073280721533258,0.16143497757847533,0.7542277339346111,1.2570462232243518,-0.02975718019625785,0.01037406282071375,0.0,0.0,0,average,69,0.07468879668049792,0.23403441682600384,True,True,1,0.0,fbref_wfr_standard
Çağlar Söyüncü,21166ff4,https://fbref.com/en/players/21166ff4/Caglar-Soyuncu,summer,2017-18,2018-19,Bundesliga,Freiburg,Leicester City,DF,22.0,2153.0,372.0,0.1727821644217371,0.8,0.1,0.0,0.0,0.03344170924291686,0.024193548387096774,0.0,0.0,0.03344170924291686,0.7234543010752688,,-0.009248160855820087,0.0,0.0,0.0,0,,,,,False,False,0,0.0,fbref_wfr_standard
Allan Saint-Maximin,2b16cb1a,https://fbref.com/en/players/2b16cb1a/Allan-Saint-Maximin,summer,2018-19,2019-20,Ligue 1,Nice,Newcastle Utd,"MF,FW",22.0,2900.0,1863.0,0.6424137931034483,6.3,3.3,6.6,3.3,0.19551724137931034,0.15942028985507245,0.20482758620689656,0.15942028985507245,0.40034482758620693,0.8153771438795593,0.7783145464304884,-0.03609695152423789,-0.04540729635182411,2.0,0.0,0,top,69,0.07468879668049792,0.23403441682600384,True,True,1,0.0,fbref_wfr_standard
Björn Engels,4fdf1fd9,https://fbref.com/en/players/4fdf1fd9/Bjorn-Engels,summer,2018-19,2019-20,Ligue 1,Reims,Aston Villa,DF,24.0,2970.0,1447.0,0.4872053872053872,1.1,0.9,1.3,0.3,0.03333333333333334,0.05597788527988943,0.03939393939393939,0.018659295093296474,0.07272727272727272,1.6793365583966826,0.47365902929137205,0.02264455194655609,-0.020734644300642917,0.0,0.0,0,bottom,69,0.07468879668049792,0.23403441682600384,True,True,1,0.0,fbref_wfr_standard
Borja Bastón,8c44e37b,https://fbref.com/en/players/8c44e37b/Borja-Baston,summer,2018-19,2019-20,La Liga,Alavés,Aston Villa,"MF,FW",26.0,1439.0,18.0,0.01250868658790827,6.2,0.0,1.3,0.0,0.3877692842251564,0.0,0.08130646282140375,0.0,0.46907574704656013,0.0,0.0,-0.3877692842251564,-0.08130646282140375,0.0,0.0,0,,,,,False,False,0,0.0,fbref_wfr_standard
Bruno Jordão,41ff002d,https://fbref.com/en/players/41ff002d/Bruno-Jordao,summer,2018-19,2019-20,Serie A,Lazio,Wolves,FW,20.0,88.0,7.0,0.07954545454545454,0.0,0.0,0.0,0.1,0.0,0.0,0.0,1.2857142857142858,0.0,,,0.0,1.2857142857142858,0.0,0.0,0,,,,,False,False,0,0.0,fbref_wfr_standard
Christian Pulisic,1bf33a9a,https://fbref.com/en/players/1bf33a9a/Christian-Pulisic,summer,2018-19,2019-20,Bundesliga,Dortmund,Chelsea,FW,20.0,932.0,1722.0,1.8476394849785407,4.8,9.0,2.6,3.6,0.463519313304721,0.47038327526132406,0.2510729613733906,0.18815331010452963,0.7145922746781116,1.014808362369338,0.7493969445188957,0.0068639619566030485,-0.06291965126886095,0.0,0.0,1,top,38,0.09587019960857404,0.5696030813302239,True,True,1,0.0,fbref_wfr_standard
Dani Ceballos,c0617e2b,https://fbref.com/en/players/c0617e2b/Dani-Ceballos,summer,2018-19,2019-20,La Liga,Real Madrid,Arsenal,MF,22.0,1248.0,1692.0,1.3557692307692308,2.3,0.6,1.2,1.8,0.16586538461538458,0.031914893617021274,0.08653846153846154,0.09574468085106383,0.25240384615384615,0.1924144310823312,1.1063829787234043,-0.13395049099836331,0.009206219312602293,0.0,0.0,1,average,46,0.10552615575711309,0.3586765503449571,True,True,1,0.0,fbref_wfr_standard
Dennis Praet,86695068,https://fbref.com/en/players/86695068/Dennis-Praet,summer,2018-19,2019-20,Serie A,Sampdoria,Leicester City,MF,25.0,2890.0,1134.0,0.3923875432525952,2.3,0.9,5.0,1.3,0.07162629757785466,0.07142857142857142,0.15570934256055363,0.10317460317460317,0.2273356401384083,0.9972394755003452,0.662610229276896,-0.00019772614928323384,-0.05253473938595046,0.0,0.0,0,average,41,0.0972972972972973,0.27292418772563176,True,True,1,0.0,fbref_wfr_standard
Dimitri Foulquier,45e17712,https://fbref.com/en/players/45e17712/Dimitri-Foulquier,summer,2018-19,2019-20,La Liga,Getafe,Watford,"DF,MF",26.0,1799.0,59.0,0.032795997776542525,1.1,0.0,1.7,0.0,0.05503057254030017,0.0,0.08504724847137299,0.0,0.14007782101167315,0.0,0.0,-0.05503057254030017,-0.08504724847137299,0.0,0.0,0,,,,,False,False,0,0.0,fbref_wfr_standard
Djibril Sidibé,4c5b714f,https://fbref.com/en/players/4c5b714f/Djibril-Sidibe,summer,2018-19,2019-20,Ligue 1,Monaco,Everton,"DF,MF",27.0,2076.0,1824.0,0.8786127167630058,1.3,0.4,3.0,2.3,0.05635838150289017,0.019736842105263157,0.13005780346820808,0.11348684210526314,0.18641618497109824,0.35020242914979755,0.8725877192982455,-0.036621539397627016,-0.016570961362944947,0.0,0.0,0,average,69,0.07468879668049792,0.23403441682600384,True,True,1,0.0,fbref_wfr_standard
Douglas Luiz,6f7d826d,https://fbref.com/en/players/6f7d826d/Douglas-Luiz,summer,2018-19,2019-20,La Liga,Girona,Aston Villa,MF,21.0,1490.0,2612.0,1.753020134228188,1.6,2.6,0.5,1.7,0.09664429530201342,0.08958652373660031,0.030201342281879196,0.05857580398162328,0.1268456375838926,0.9269716692189893,1.9395099540581928,-0.00705777156541311,0.028374461699744082,0.0,0.0,0,average,46,0.10552615575711309,0.3586765503449571,True,True,1,0.0,fbref_wfr_standard
Emil Krafth,77cf6852,https://fbref.com/en/players/77cf6852/Emil-Krafth,summer,2018-19,2019-20,Ligue 1,Amiens,Newcastle Utd,DF,24.0,2974.0,1020.0,0.3429724277067922,0.7,0.3,3.2,0.6,0.021183591123066576,0.026470588235294117,0.0968392737054472,0.052941176470588235,0.11802286482851378,1.249579831932773,0.5466911764705883,0.005286997112227541,-0.04389809723485897,0.0,0.0,0,average,69,0.07468879668049792,0.23403441682600384,True,True,1,0.0,fbref_wfr_standard
Emile Smith Rowe,17695062,https://fbref.com/en/players/17695062/Emile-Smith-Rowe,summer,2018-19,2019-20,Bundesliga,RB Leipzig,Arsenal,MF,19.0,29.0,97.0,3.3448275862068964,0.0,0.0,0.5,0.0,0.0,0.0,1.5517241379310345,0.0,1.5517241379310345,,0.0,0.0,-1.5517241379310345,0.0,0.0,1,,,,,False,False,0,0.0,fbref_wfr_standard
Erik Pieters,1ef37668,https://fbref.com/en/players/1ef37668/Erik-Pieters,summer,2018-19,2019-20,Ligue 1,Amiens,Burnley,"DF,MF",30.0,1261.0,1878.0,1.4892942109436955,1.1,0.5,0.7,2.5,0.07850911974623316,0.023961661341853034,0.04996034892942109,0.11980830670926518,0.12846946867565426,0.3052086358795623,2.398067853339419,-0.05454745840438013,0.0698479577798441,0.0,0.0,0,average,69,0.07468879668049792,0.23403441682600384,True,True,1,0.0,fbref_wfr_standard
Ezequiel Schelotto,a6e316c1,https://fbref.com/en/players/a6e316c1/Ezequiel-Schelotto,summer,2018-19,2019-20,Serie A,Chievo,Brighton,DF,30.0,143.0,361.0,2.5244755244755246,0.1,0.2,0.1,0.0,0.06293706293706294,0.04986149584487535,0.06293706293706294,0.0,0.1258741258741259,0.7922437673130194,0.0,-0.013075567092187594,-0.06293706293706294,0.0,0.0,0,,,,,False,False,0,0.0,fbref_wfr_standard
Frederic Guilbert,5d8d7454,https://fbref.com/en/players/5d8d7454/Frederic-Guilbert,summer,2018-19,2019-20,Ligue 1,Caen,Aston Villa,"DF,MF",24.0,2916.0,2041.0,0.6999314128943759,0.3,0.3,2.7,1.5,0.009259259259259259,0.013228809407153356,0.08333333333333334,0.06614404703576678,0.0925925925925926,1.4287114159725625,0.7937285644292013,0.003969550147894097,-0.017189286297566567,0.0,0.0,0,average,69,0.07468879668049792,0.23403441682600384,True,True,1,0.0,fbref_wfr_standard
Georges-Kévin N'Koudou,76c131da,https://fbref.com/en/players/76c131da/Georges-Kevin-NKoudou,summer,2018-19,2019-20,Ligue 1,Monaco,Tottenham,FW,24.0,23.0,3.0,0.13043478260869565,0.1,0.0,0.0,0.0,0.391304347826087,0.0,0.0,0.0,0.391304347826087,0.0,,-0.391304347826087,0.0,0.0,0.0,1,,,,,False,False,0,5.0,fbref_wfr_standard
Giovani Lo Celso,d7553721,https://fbref.com/en/players/d7553721/Giovani-Lo-Celso,summer,2018-19,2019-20,La Liga,Betis,Tottenham,"MF,FW",23.0,2397.0,1492.0,0.622444722569879,5.0,1.3,4.0,1.6,0.18773466833541927,0.07841823056300268,0.15018773466833543,0.09651474530831099,0.3379224030037547,0.4177077747989276,0.642627345844504,-0.10931643777241659,-0.053672989360024445,4.0,0.0,1,average,46,0.10552615575711309,0.3586765503449571,True,True,1,0.0,fbref_wfr_standard
Ibrahim Amadou,9260926b,https://fbref.com/en/players/9260926b/Ibrahim-Amadou,summer,2018-19,2019-20,La Liga,Sevilla,Norwich City,"DF,MF",26.0,762.0,759.0,0.9960629921259843,0.4,0.8,0.1,0.0,0.047244094488188976,0.09486166007905138,0.011811023622047244,0.0,0.05905511811023622,2.007905138339921,0.0,0.0476175655908624,-0.011811023622047244,0.0,0.0,0,,,,,False,True,0,0.0,fbref_wfr_standard
Ignacio Pussetto,62437b4f,https://fbref.com/en/players/62437b4f/Ignacio-Pussetto,summer,2018-19,2019-20,Serie A,Udinese,Watford,"FW,MF",23.0,2178.0,74.0,0.03397612488521579,5.9,0.0,2.3,0.0,0.24380165289256198,0.0,0.09504132231404958,0.0,0.33884297520661155,0.0,0.0,-0.24380165289256198,-0.09504132231404958,0.0,0.0,0,,,,,False,False,0,0.0,fbref_wfr_standard
Ismaila Sarr,bfdb33aa,https://fbref.com/en/players/bfdb33aa/Ismaila-Sarr,summer,2018-19,2019-20,Ligue 1,Rennes,Watford,"FW,MF",21.0,2788.0,2028.0,0.727403156384505,5.2,6.1,6.1,4.5,0.1678622668579627,0.27071005917159763,0.19691535150645625,0.1997041420118343,0.36477761836441897,1.6126915490820815,1.0141623823843242,0.10284779231363492,0.002788790505378058,1.0,0.0,0,top,69,0.07468879668049792,0.23403441682600384,True,True,1,0.0,fbref_wfr_standard
Jean-Philippe Gbamin,6bd603db,https://fbref.com/en/players/6bd603db/Jean-Philippe-Gbamin,summer,2018-19,2019-20,Bundesliga,Mainz 05,Everton,MF,23.0,2672.0,136.0,0.05089820359281437,1.4,0.0,1.9,0.0,0.04715568862275449,0.0,0.06399700598802395,0.0,0.11115269461077844,0.0,0.0,-0.04715568862275449,-0.06399700598802395,0.0,0.0,0,,,,,False,False,0,0.0,fbref_wfr_standard
Jesús Vallejo,c2111b45,https://fbref.com/en/players/c2111b45/Jesus-Vallejo,summer,2018-19,2019-20,La Liga,Real Madrid,Wolves,DF,22.0,311.0,163.0,0.5241157556270096,0.7,0.0,0.0,0.0,0.202572347266881,0.0,0.0,0.0,0.202572347266881,0.0,,-0.202572347266881,0.0,0.0,0.0,0,,,,,False,False,0,0.0,fbref_wfr_standard
Jetro Willems,9050ddc4,https://fbref.com/en/players/9050ddc4/Jetro-Willems,summer,2018-19,2019-20,Bundesliga,Eint Frankfurt,Newcastle Utd,DF,25.0,730.0,1493.0,2.0452054794520547,0.2,0.6,2.0,0.9,0.024657534246575342,0.0361687876758205,0.2465753424657534,0.05425318151373074,0.27123287671232876,1.4668452779638312,0.2200267916945747,0.011511253429245156,-0.19232216095202267,0.0,0.0,0,,,,,False,True,0,0.0,fbref_wfr_standard
Joelinton,c17bfb65,https://fbref.com/en/players/c17bfb65/Joelinton,summer,2018-19,2019-20,Bundesliga,Hoffenheim,Newcastle Utd,FW,22.0,2130.0,2683.0,1.2596244131455399,8.3,5.5,5.2,2.9,0.3507042253521127,0.18449496831904585,0.21971830985915494,0.09727916511367872,0.5704225352112676,0.5260699899860343,0.44274491814558903,-0.16620925703306685,-0.12243914474547622,0.0,0.0,0,top,38,0.09587019960857404,0.5696030813302239,True,True,1,0.0,fbref_wfr_standard
Josip Drmić,15ea94de,https://fbref.com/en/players/15ea94de/Josip-Drmic,summer,2018-19,2019-20,Bundesliga,M'Gladbach,Norwich City,FW,26.0,222.0,647.0,2.9144144144144146,1.4,3.1,0.0,1.1,0.5675675675675675,0.4312210200927357,0.0,0.1530139103554869,0.5675675675675675,0.7597703687348201,,-0.13634654747483183,0.1530139103554869,0.0,0.0,0,,,,,False,False,0,0.0,fbref_wfr_standard
João Cancelo,bd6351cd,https://fbref.com/en/players/bd6351cd/Joao-Cancelo,summer,2018-19,2019-20,Serie A,Juventus,Manchester City,DF,25.0,1968.0,1208.0,0.6138211382113821,1.7,0.6,4.0,2.8,0.07774390243902439,0.04470198675496689,0.18292682926829268,0.2086092715231788,0.2606707317073171,0.5749902610050642,1.1403973509933774,-0.0330419156840575,0.025682442254886112,0.0,0.0,1,average,41,0.0972972972972973,0.27292418772563176,True,True,1,0.0,fbref_wfr_standard
Kevin Danso,6e33125f,https://fbref.com/en/players/6e33125f/Kevin-Danso,summer,2018-19,2019-20,Bundesliga,Augsburg,Southampton,DF,20.0,1247.0,277.0,0.22213311948676825,0.5,0.1,0.2,0.2,0.03608660785886127,0.032490974729241874,0.014434643143544507,0.06498194945848375,0.05052125100240577,0.9003610108303248,4.501805054151625,-0.0035956331296193925,0.05054730631493924,0.0,0.0,0,,,,,False,False,0,0.0,fbref_wfr_standard
Lukas Rupp,3faa1780,https://fbref.com/en/players/3faa1780/Lukas-Rupp,summer,2018-19,2019-20,Bundesliga,Hoffenheim,Norwich City,"FW,MF",28.0,25.0,695.0,27.8,0.0,0.9,0.0,0.9,0.0,0.11654676258992806,0.0,0.11654676258992806,0.0,,,0.11654676258992806,0.11654676258992806,0.0,0.0,0,,,,,False,False,0,0.0,fbref_wfr_standard
Moise Kean,3d50bcdb,https://fbref.com/en/players/3d50bcdb/Moise-Kean,summer,2018-19,2019-20,Serie A,Juventus,Everton,FW,19.0,541.0,852.0,1.5748613678373382,3.6,4.0,0.3,2.0,0.5988909426987061,0.4225352112676056,0.04990757855822551,0.2112676056338028,0.6487985212569316,0.7055294731351069,4.233176838810642,-0.1763557314311005,0.1613600270755773,0.0,0.0,0,,,,,False,True,0,0.0,fbref_wfr_standard
Nabil Bentaleb,3189f61a,https://fbref.com/en/players/3189f61a/Nabil-Bentaleb,summer,2018-19,2019-20,Bundesliga,Schalke 04,Newcastle Utd,MF,24.0,1792.0,751.0,0.41908482142857145,1.1,0.1,0.9,0.2,0.05524553571428572,0.011984021304926764,0.045200892857142856,0.023968042609853527,0.10044642857142858,0.21692289069119958,0.5302559550229323,-0.04326151440935896,-0.02123285024728933,3.0,0.0,0,,,,,False,True,0,0.0,fbref_wfr_standard
Nicolas Pépé,57e3f0c7,https://fbref.com/en/players/57e3f0c7/Nicolas-Pepe,summer,2018-19,2019-20,Ligue 1,Lille,Arsenal,FW,24.0,3324.0,2010.0,0.6046931407942239,13.3,4.1,9.6,4.8,0.3601083032490975,0.1835820895522388,0.259927797833935,0.21492537313432836,0.6200361010830324,0.5097968802603523,0.8268656716417911,-0.1765262136968587,-0.045002424699606636,10.0,1.0,1,top,69,0.07468879668049792,0.23403441682600384,True,True,1,0.0,fbref_wfr_standard
Ondrej Duda,79ca3e23,https://fbref.com/en/players/79ca3e23/Ondrej-Duda,summer,2018-19,2019-20,Bundesliga,Hertha BSC,Norwich City,MF,24.0,2563.0,724.0,0.2824814670308233,7.0,0.5,5.8,1.5,0.24580569644947328,0.062154696132596686,0.20366757705813499,0.18646408839779005,0.44947327350760824,0.252861089187056,0.9155315298152029,-0.1836510003168766,-0.017203488660344934,0.0,0.0,0,,,,,False,True,0,0.0,fbref_wfr_standard
Pablo Fornals,82927de4,https://fbref.com/en/players/82927de4/Pablo-Fornals,summer,2018-19,2019-20,La Liga,Villarreal,West Ham,"MF,FW",23.0,2479.0,2172.0,0.8761597418313837,3.7,2.3,5.9,2.5,0.13432835820895522,0.09530386740331491,0.21419927390076643,0.10359116022099447,0.34852763210972165,0.7094843462246777,0.48362050129537726,-0.03902449080564031,-0.11060811367977195,0.0,0.0,0,average,46,0.10552615575711309,0.3586765503449571,True,True,1,0.0,fbref_wfr_standard
Patrick Cutrone,a4fe8cda,https://fbref.com/en/players/a4fe8cda/Patrick-Cutrone,summer,2018-19,2019-20,Serie A,Milan,Wolves,FW,21.0,1457.0,297.0,0.20384351407000686,3.0,2.2,1.6,0.3,0.18531228551818807,0.6666666666666667,0.09883321894303362,0.09090909090909091,0.28414550446122167,3.597530864197531,0.9198232323232324,0.48135438114847867,-0.007924128033942712,0.0,0.0,0,,,,,False,False,0,0.0,fbref_wfr_standard
Patrick Roberts,59d93937,https://fbref.com/en/players/59d93937/Patrick-Roberts,summer,2018-19,2019-20,La Liga,Girona,Norwich City,"FW,MF",22.0,601.0,26.0,0.04326123128119801,0.8,0.0,0.3,0.0,0.11980033277870217,0.0,0.04492512479201331,0.0,0.1647254575707155,0.0,0.0,-0.11980033277870217,-0.04492512479201331,0.0,0.0,0,,,,,False,False,0,0.0,fbref_wfr_standard
Pedro Neto,7ba2eaa9,https://fbref.com/en/players/7ba2eaa9/Pedro-Neto,summer,2018-19,2019-20,Serie A,Lazio,Wolves,"FW,MF",19.0,46.0,939.0,20.41304347826087,0.0,2.2,0.1,2.6,0.0,0.21086261980830673,0.1956521739130435,0.24920127795527156,0.1956521739130435,,1.2736954206602769,0.21086261980830673,0.05354910404222807,0.0,0.0,0,,,,,False,False,0,0.0,fbref_wfr_standard
Reiss Nelson,c5bdb6e3,https://fbref.com/en/players/c5bdb6e3/Reiss-Nelson,summer,2018-19,2019-20,Bundesliga,Hoffenheim,Arsenal,FW,19.0,643.0,631.0,0.9813374805598756,3.3,0.9,0.9,0.4,0.4618973561430793,0.12836767036450078,0.12597200622083982,0.05705229793977813,0.5878693623639191,0.27791384526725255,0.452896636731819,-0.33352968577857856,-0.06891970828106168,0.0,0.0,1,,,,,False,True,0,0.0,fbref_wfr_standard
Rodri,6434f10d,https://fbref.com/en/players/6434f10d/Rodri,summer,2018-19,2019-20,La Liga,Atlético Madrid,Manchester City,MF,23.0,2735.0,2486.0,0.9089579524680073,2.7,0.9,1.4,2.6,0.08884826325411335,0.03258246178600161,0.04606946983546618,0.09412711182622686,0.13491773308957952,0.3667203003486189,2.0431559590851625,-0.05626580146811174,0.04805764199076069,0.0,0.0,1,average,46,0.10552615575711309,0.3586765503449571,True,True,1,0.0,fbref_wfr_standard
Sofiane Boufal,b0c71810,https://fbref.com/en/players/b0c71810/Sofiane-Boufal,summer,2018-19,2019-20,La Liga,Celta Vigo,Southampton,"MF,FW",25.0,2085.0,764.0,0.36642685851318946,3.4,1.0,3.6,2.9,0.14676258992805755,0.11780104712041885,0.1553956834532374,0.3416230366492147,0.302158273381295,0.8026639975361873,2.198407504363002,-0.0289615428076387,0.18622735319597727,0.0,0.0,0,,,,,False,True,0,0.0,fbref_wfr_standard
Sébastien Haller,ba115a40,https://fbref.com/en/players/ba115a40/Sebastien-Haller,summer,2018-19,2019-20,Bundesliga,Eint Frankfurt,West Ham,FW,25.0,2182.0,2266.0,1.0384967919340056,10.7,8.0,6.1,2.5,0.4413382218148487,0.3177405119152692,0.2516040329972502,0.09929390997352162,0.6929422548120989,0.7199478681195405,0.3946435547581497,-0.12359770989957952,-0.1523101230237286,3.0,0.0,0,top,38,0.09587019960857404,0.5696030813302239,True,True,1,0.0,fbref_wfr_standard
Tanguy Ndombele,5cdddffa,https://fbref.com/en/players/5cdddffa/Tanguy-Ndombele,summer,2018-19,2019-20,Ligue 1,Lyon,Tottenham,MF,22.0,2690.0,1009.0,0.37509293680297395,1.9,0.4,3.6,0.7,0.06356877323420074,0.035678889990089196,0.1204460966542751,0.06243805748265609,0.18401486988847582,0.5612644097856138,0.5183900451492126,-0.02788988324411154,-0.05800803917161901,0.0,0.0,1,average,69,0.07468879668049792,0.23403441682600384,True,True,1,0.0,fbref_wfr_standard
Valentino Lazaro,016ff750,https://fbref.com/en/players/016ff750/Valentino-Lazaro,summer,2018-19,2019-20,Bundesliga,Hertha BSC,Newcastle Utd,"DF,MF",23.0,2741.0,480.0,0.17511856986501276,2.1,0.4,6.4,0.2,0.06895293688434878,0.075,0.2101422838380153,0.0375,0.2790952207223641,1.0876984126984126,0.17845052083333335,0.006047063115651216,-0.1726422838380153,0.0,0.0,0,,,,,False,True,0,0.0,fbref_wfr_standard
Ademola Lookman,7c104bb7,https://fbref.com/en/players/7c104bb7/Ademola-Lookman,summer,2019-20,2020-21,Bundesliga,RB Leipzig,Fulham,"FW,MF",22.0,309.0,2747.0,8.889967637540453,1.3,5.5,1.0,5.2,0.3786407766990291,0.18019657808518383,0.2912621359223301,0.170367673825992,0.6699029126213591,0.4759037831480496,0.5849290134692392,-0.1984441986138453,-0.12089446209633808,0.0,1.0,0,,,,,False,False,0,0.0,fbref_wfr_standard
Allan,cc700722,https://fbref.com/en/players/cc700722/Allan,summer,2019-20,2020-21,Serie A,Napoli,Everton,MF,29.0,1280.0,2051.0,1.60234375,0.5,0.3,1.1,0.8,0.03515625,0.013164310092637738,0.07734375000000002,0.035104826913700635,0.11250000000000002,0.37445148707947346,0.4538805903993616,-0.021991939907362264,-0.04223892308629938,0.0,0.0,0,average,41,0.0972972972972973,0.27292418772563176,True,True,1,0.0,fbref_wfr_standard
Amad Diallo,9dc96f10,https://fbref.com/en/players/9dc96f10/Amad-Diallo,summer,2019-20,2020-21,Serie A,Atalanta,Manchester Utd,FW,18.0,27.0,166.0,6.148148148148148,0.0,0.0,0.1,0.5,0.0,0.0,0.3333333333333333,0.2710843373493976,0.3333333333333333,,0.8132530120481928,0.0,-0.06224899598393574,0.0,0.0,1,,,,,False,False,0,0.0,fbref_wfr_standard
Andre-Frank Zambo Anguissa,6bb2c084,https://fbref.com/en/players/6bb2c084/Andre-Frank-Zambo-Anguissa,summer,2019-20,2020-21,La Liga,Villarreal,Fulham,MF,24.0,2583.0,2587.0,1.0015485869144405,2.8,1.6,0.7,2.5,0.09756097560975609,0.05566293003478933,0.024390243902439022,0.08697332817935834,0.1219512195121951,0.5705450328565908,3.565906455353692,-0.04189804557496676,0.06258308427691932,0.0,0.0,0,average,46,0.10552615575711309,0.3586765503449571,True,True,1,0.0,fbref_wfr_standard
Bertrand Traoré,c47541e0,https://fbref.com/en/players/c47541e0/Bertrand-Traore,summer,2019-20,2020-21,Ligue 1,Lyon,Aston Villa,FW,24.0,1253.0,2317.0,1.8491620111731844,3.7,6.6,3.2,4.3,0.2657621707901037,0.25636599050496334,0.2298483639265762,0.16702632714717308,0.49561053471667993,0.9646444027108682,0.7266805135951663,-0.009396180285140388,-0.06282203677940312,0.0,0.0,0,top,69,0.07468879668049792,0.23403441682600384,True,True,1,0.0,fbref_wfr_standard
Cengiz Ünder,1880614f,https://fbref.com/en/players/1880614f/Cengiz-Under,summer,2019-20,2020-21,Serie A,Roma,Leicester City,"FW,MF",23.0,873.0,281.0,0.3218785796105384,2.0,0.3,2.6,1.6,0.20618556701030927,0.09608540925266904,0.26804123711340205,0.5124555160142349,0.4742268041237113,0.46601423487544485,1.9118532712838763,-0.11010015775764023,0.24441427890083284,0.0,0.0,0,,,,,False,False,0,0.0,fbref_wfr_standard
Diego Llorente,bba30585,https://fbref.com/en/players/bba30585/Diego-Llorente,summer,2019-20,2020-21,La Liga,Real Sociedad,Leeds United,DF,26.0,2327.0,1204.0,0.517404383326171,1.1,0.8,0.2,0.5,0.04254404813064032,0.059800664451827246,0.007735281478298238,0.03737541528239203,0.05027932960893856,1.4056176381757775,4.831810631229236,0.017256616321186927,0.02964013380409379,0.0,0.0,0,bottom,46,0.10552615575711309,0.3586765503449571,True,True,1,0.0,fbref_wfr_standard
Edinson Cavani,527f063d,https://fbref.com/en/players/527f063d/Edinson-Cavani,summer,2019-20,2020-21,Ligue 1,Paris S-G,Manchester Utd,FW,33.0,605.0,1375.0,2.272727272727273,7.9,8.0,1.1,2.2,1.175206611570248,0.5236363636363637,0.16363636363636366,0.14400000000000002,1.3388429752066116,0.4455696202531646,0.88,-0.6515702479338843,-0.019636363636363646,1.0,0.0,1,,,,,False,True,0,0.0,fbref_wfr_standard
Ethan Ampadu,10b9fa99,https://fbref.com/en/players/10b9fa99/Ethan-Ampadu,summer,2019-20,2020-21,Bundesliga,RB Leipzig,Sheffield Utd,"DF,MF",19.0,81.0,2089.0,25.790123456790123,0.1,0.3,0.0,1.2,0.1111111111111111,0.01292484442316898,0.0,0.05169937769267592,0.1111111111111111,0.11632359980852083,,-0.09818626668794213,0.05169937769267592,0.0,0.0,0,,,,,False,False,0,0.0,fbref_wfr_standard
Fernando Marçal,9ae9eaea,https://fbref.com/en/players/9ae9eaea/Fernando-Marcal,summer,2019-20,2020-21,Ligue 1,Lyon,Wolves,"DF,MF",31.0,829.0,623.0,0.7515078407720145,0.1,0.1,1.0,0.1,0.010856453558504222,0.014446227929373997,0.10856453558504221,0.014446227929373997,0.11942098914354643,1.3306581059390048,0.1330658105939005,0.0035897743708697746,-0.09411830765566821,0.0,0.0,0,,,,,False,True,0,0.0,fbref_wfr_standard
Ferrán Torres,9e1035f8,https://fbref.com/en/players/9e1035f8/Ferran-Torres,summer,2019-20,2020-21,La Liga,Valencia,Manchester City,"FW,MF",20.0,2251.0,1306.0,0.5801865837405598,4.0,4.9,4.9,2.2,0.15992892047978677,0.33767228177641656,0.19591292758773882,0.15160796324655437,0.3558418480675256,2.1113897396630934,0.7738537987936368,0.1777433612966298,-0.044304964341184444,0.0,0.0,1,average,46,0.10552615575711309,0.3586765503449571,True,True,1,0.0,fbref_wfr_standard
Gabriel Dos Santos,67ac5bb8,https://fbref.com/en/players/67ac5bb8/Gabriel-Dos-Santos,summer,2019-20,2020-21,Ligue 1,Lille,Arsenal,DF,22.0,2087.0,1996.0,0.9563967417345473,1.3,1.3,0.1,0.1,0.056061332055582176,0.05861723446893788,0.004312410158121706,0.0045090180360721445,0.06037374221370388,1.0455911823647295,1.0455911823647295,0.0025559024133557026,0.0001966078779504386,0.0,0.0,1,bottom,69,0.07468879668049792,0.23403441682600384,True,True,1,0.0,fbref_wfr_standard
Gareth Bale,a58bb1e1,https://fbref.com/en/players/a58bb1e1/Gareth-Bale,summer,2019-20,2020-21,La Liga,Real Madrid,Tottenham,FW,31.0,1089.0,920.0,0.8448117539026629,4.0,5.8,1.7,1.8,0.3305785123966942,0.5673913043478261,0.14049586776859505,0.17608695652173914,0.47107438016528924,1.7163586956521741,1.2533248081841433,0.23681279195113192,0.035591088753144096,0.0,0.0,1,top,46,0.10552615575711309,0.3586765503449571,True,True,1,0.0,fbref_wfr_standard
Ibrahima Diallo,11ff3d56,https://fbref.com/en/players/11ff3d56/Ibrahima-Diallo,summer,2019-20,2020-21,Ligue 1,Brest,Southampton,MF,21.0,1561.0,1020.0,0.6534272901985907,0.2,0.5,0.7,0.6,0.011531069827033953,0.04411764705882353,0.04035874439461883,0.052941176470588235,0.051889814221652786,3.825980392156863,1.311764705882353,0.03258657723178958,0.012582432075969402,0.0,0.0,0,bottom,69,0.07468879668049792,0.23403441682600384,True,True,1,0.0,fbref_wfr_standard
Islam Slimani,ffec9769,https://fbref.com/en/players/ffec9769/Islam-Slimani,summer,2019-20,2020-21,Ligue 1,Monaco,Leicester City,FW,32.0,1285.0,20.0,0.01556420233463035,8.2,0.1,4.3,0.1,0.5743190661478599,0.45,0.30116731517509726,0.45,0.8754863813229572,0.7835365853658537,1.4941860465116281,-0.12431906614785987,0.14883268482490275,1.0,0.0,0,,,,,False,False,0,0.0,fbref_wfr_standard
James Rodríguez,715bf047,https://fbref.com/en/players/715bf047/James-Rodriguez,summer,2019-20,2020-21,La Liga,Real Madrid,Everton,"FW,MF",29.0,419.0,1764.0,4.210023866348449,1.1,2.8,2.2,4.8,0.2362768496420048,0.14285714285714285,0.4725536992840096,0.24489795918367346,0.7088305489260144,0.6046176046176045,0.5182436611008039,-0.09341970678486194,-0.22765574010033612,0.0,0.0,0,,,,,False,False,0,0.0,fbref_wfr_standard
Jean-Philippe Mateta,50e6dc35,https://fbref.com/en/players/50e6dc35/Jean-Philippe-Mateta,summer,2019-20,2020-21,Bundesliga,Mainz 05,Crystal Palace,FW,23.0,1053.0,221.0,0.20987654320987653,5.2,0.3,1.2,0.0,0.4444444444444444,0.12217194570135746,0.10256410256410256,0.0,0.547008547008547,0.2748868778280543,0.0,-0.32227249874308694,-0.10256410256410256,1.0,0.0,0,,,,,False,False,0,0.0,fbref_wfr_standard
Joachim Andersen,e34fc66d,https://fbref.com/en/players/e34fc66d/Joachim-Andersen,summer,2019-20,2020-21,Ligue 1,Lyon,Fulham,DF,24.0,1531.0,2730.0,1.78314826910516,0.9,1.2,0.2,0.4,0.052906596995427824,0.03956043956043956,0.011757021554539516,0.013186813186813187,0.06466361854996734,0.7477411477411477,1.1216117216117216,-0.013346157434988265,0.0014297916322736706,0.0,0.0,0,bottom,69,0.07468879668049792,0.23403441682600384,True,True,1,0.0,fbref_wfr_standard
Jonjoe Kenny,099e666f,https://fbref.com/en/players/099e666f/Jonjoe-Kenny,summer,2019-20,2020-21,Bundesliga,Schalke 04,Everton,DF,23.0,2717.0,79.0,0.029076186970923814,1.3,0.0,1.4,0.0,0.0430622009569378,0.0,0.046374677953625314,0.0,0.08943687891056312,0.0,0.0,-0.0430622009569378,-0.046374677953625314,0.0,0.0,0,,,,,False,False,0,0.0,fbref_wfr_standard
Josh Maja,bc0bfc64,https://fbref.com/en/players/bc0bfc64/Josh-Maja,summer,2019-20,2020-21,Ligue 1,Bordeaux,Fulham,FW,21.0,735.0,810.0,1.1020408163265305,3.6,3.7,1.4,0.5,0.44081632653061226,0.4111111111111111,0.1714285714285714,0.05555555555555555,0.6122448979591837,0.9326131687242798,0.3240740740740741,-0.029705215419501163,-0.11587301587301585,0.0,1.0,0,,,,,False,True,0,0.0,fbref_wfr_standard
Kai Havertz,fed7cb61,https://fbref.com/en/players/fed7cb61/Kai-Havertz,summer,2019-20,2020-21,Bundesliga,Leverkusen,Chelsea,"MF,FW",21.0,2454.0,1520.0,0.6193969030154849,8.4,5.5,7.8,1.3,0.3080684596577017,0.3256578947368421,0.2860635696821516,0.07697368421052632,0.5941320293398533,1.0570958646616542,0.2690789473684211,0.017589435079140403,-0.20908988547162527,1.0,0.0,1,top,38,0.09587019960857404,0.5696030813302239,True,True,1,0.0,fbref_wfr_standard
Kenny Tete,77d7c96f,https://fbref.com/en/players/77d7c96f/Kenny-Tete,summer,2019-20,2020-21,Ligue 1,Lyon,Fulham,"DF,MF",24.0,1072.0,1481.0,1.3815298507462686,0.7,0.3,1.5,1.4,0.05876865671641791,0.01823092505064146,0.1259328358208955,0.0850776502363268,0.1847014925373134,0.31021510562361343,0.6755795633580913,-0.04053773166577645,-0.040855185584568715,0.0,0.0,0,average,69,0.07468879668049792,0.23403441682600384,True,True,1,0.0,fbref_wfr_standard
Martin Ødegaard,79300479,https://fbref.com/en/players/79300479/Martin-Odegaard,summer,2019-20,2020-21,La Liga,Real Sociedad,Arsenal,MF,21.0,2527.0,866.0,0.34269885239414327,3.0,0.7,6.5,2.0,0.10684606252473289,0.07274826789838336,0.23149980213692126,0.20785219399538107,0.33834586466165417,0.6808698999230176,0.8978504174809024,-0.03409779462634953,-0.023647608141540183,0.0,0.0,1,,,,,False,True,0,0.0,fbref_wfr_standard
Mohammed Salisu,0b33f6ad,https://fbref.com/en/players/0b33f6ad/Mohammed-Salisu,summer,2019-20,2020-21,La Liga,Valladolid,Southampton,DF,21.0,2725.0,844.0,0.30972477064220183,1.4,0.3,0.5,0.4,0.04623853211009174,0.031990521327014215,0.01651376146788991,0.04265402843601896,0.06275229357798165,0.6918584969532837,2.5829383886255926,-0.014248010783077525,0.02614026696812905,0.0,0.0,0,,,,,False,True,0,0.0,fbref_wfr_standard
Morgan Sanson,6e7f1353,https://fbref.com/en/players/6e7f1353/Morgan-Sanson,summer,2019-20,2020-21,Ligue 1,Marseille,Aston Villa,MF,25.0,2173.0,294.0,0.13529682466635987,3.8,0.0,3.2,0.1,0.1573861021629084,0.0,0.1325356649792913,0.030612244897959183,0.28992176714219975,0.0,0.23097363945578228,-0.1573861021629084,-0.10192342008133212,0.0,0.0,0,,,,,False,False,0,0.0,fbref_wfr_standard
Nélson Semedo,d04b94db,https://fbref.com/en/players/d04b94db/Nelson-Semedo,summer,2019-20,2020-21,La Liga,Barcelona,Wolves,"DF,MF",26.0,2097.0,2983.0,1.4225083452551264,0.6,1.3,2.1,1.3,0.02575107296137339,0.03922225947033188,0.09012875536480687,0.03922225947033188,0.11587982832618027,1.523131076097888,0.4351803074565394,0.01347118650895849,-0.05090649589447499,0.0,0.0,0,average,46,0.10552615575711309,0.3586765503449571,True,True,1,0.0,fbref_wfr_standard
Okay Yokuşlu,e49ce451,https://fbref.com/en/players/e49ce451/Okay-Yokuslu,summer,2019-20,2020-21,La Liga,Celta Vigo,West Brom,MF,26.0,1973.0,1317.0,0.6675114039533705,0.6,0.9,1.5,0.7,0.027369488089204256,0.06150341685649203,0.06842372022301065,0.04783599088838268,0.0957932083122149,2.2471526195899774,0.6991141483168817,0.03413392876728777,-0.020587729334627963,0.0,0.0,0,bottom,46,0.10552615575711309,0.3586765503449571,True,True,1,0.0,fbref_wfr_standard
Ola Aina,246d153b,https://fbref.com/en/players/246d153b/Ola-Aina,summer,2019-20,2020-21,Serie A,Torino,Fulham,DF,23.0,2079.0,2664.0,1.2813852813852813,0.4,1.2,2.5,1.5,0.017316017316017316,0.04054054054054054,0.10822510822510822,0.05067567567567568,0.12554112554112554,2.3412162162162162,0.4682432432432433,0.023224523224523227,-0.057549432549432546,0.0,0.0,0,average,41,0.0972972972972973,0.27292418772563176,True,True,1,0.0,fbref_wfr_standard
Oliver Burke,f631c17f,https://fbref.com/en/players/f631c17f/Oliver-Burke,summer,2019-20,2020-21,La Liga,Alavés,Sheffield Utd,FW,23.0,1429.0,1269.0,0.8880335899230231,2.9,2.1,1.6,2.2,0.18264520643806859,0.14893617021276595,0.10076976906927922,0.15602836879432627,0.2834149755073478,0.8154397978315806,1.5483648542159183,-0.033709036225302635,0.055258599725047056,0.0,0.0,0,average,46,0.10552615575711309,0.3586765503449571,True,True,1,0.0,fbref_wfr_standard
Ozan Kabak,2d61d13a,https://fbref.com/en/players/2d61d13a/Ozan-Kabak,summer,2019-20,2020-21,Bundesliga,Schalke 04,Liverpool,DF,20.0,1777.0,801.0,0.45075970737197524,1.8,0.1,0.5,0.0,0.0911648846370287,0.011235955056179775,0.025323579065841307,0.0,0.11648846370287,0.12324871688167569,0.0,-0.07992892958084892,-0.025323579065841307,0.0,0.0,1,,,,,False,True,0,0.0,fbref_wfr_standard
Raphinha,3423f250,https://fbref.com/en/players/3423f250/Raphinha,summer,2019-20,2020-21,Ligue 1,Rennes,Leeds United,"MF,FW",23.0,1690.0,2360.0,1.3964497041420119,4.1,5.7,5.4,7.9,0.21834319526627216,0.2173728813559322,0.2875739644970415,0.30127118644067796,0.5059171597633136,0.9955560148821828,1.04763025737602,-0.0009703139103399705,0.013697221943636484,1.0,0.0,0,top,69,0.07468879668049792,0.23403441682600384,True,True,1,0.0,fbref_wfr_standard
Rayan Aït Nouri,9b398aea,https://fbref.com/en/players/9b398aea/Rayan-Ait-Nouri,summer,2019-20,2020-21,Ligue 1,Angers,Wolves,DF,19.0,1282.0,1404.0,1.0951638065522622,0.2,0.6,0.7,0.6,0.014040561622464899,0.038461538461538464,0.049141965678627136,0.038461538461538464,0.06318252730109203,2.7393162393162394,0.7826617826617829,0.024420976839073565,-0.010680427217088673,0.0,0.0,0,bottom,69,0.07468879668049792,0.23403441682600384,True,True,1,0.0,fbref_wfr_standard
Robin Koch,ea6bc03a,https://fbref.com/en/players/ea6bc03a/Robin-Koch,summer,2019-20,2020-21,Bundesliga,Freiburg,Leeds United,"DF,MF",24.0,2705.0,1132.0,0.4184842883548983,4.0,0.7,1.1,0.1,0.133086876155268,0.055653710247349816,0.03659889094269871,0.007950530035335688,0.16968576709796673,0.4181757950530035,0.21723417924831345,-0.0774331659079182,-0.028648360907363023,0.0,0.0,0,average,38,0.09587019960857404,0.5696030813302239,True,True,1,0.0,fbref_wfr_standard
Rodrigo,1fb1c435,https://fbref.com/en/players/1fb1c435/Rodrigo,summer,2019-20,2020-21,La Liga,Valencia,Leeds United,"MF,FW",29.0,1880.0,1288.0,0.6851063829787234,6.7,5.1,5.7,3.5,0.32074468085106383,0.35636645962732916,0.27287234042553193,0.24456521739130435,0.5936170212765958,1.1110596087883562,0.8962623951182304,0.03562177877626532,-0.028307123034227583,0.0,0.0,0,top,46,0.10552615575711309,0.3586765503449571,True,True,1,0.0,fbref_wfr_standard
Sergio Reguilón,3353737a,https://fbref.com/en/players/3353737a/Sergio-Reguilon,summer,2019-20,2020-21,La Liga,Sevilla,Tottenham,DF,23.0,2509.0,2244.0,0.894380231167796,2.3,1.0,4.0,2.0,0.08250298923874053,0.040106951871657755,0.1434834595456357,0.08021390374331551,0.22598644878437624,0.4861272572270015,0.5590463458110517,-0.04239603736708277,-0.0632695558023202,0.0,0.0,1,average,46,0.10552615575711309,0.3586765503449571,True,True,1,0.0,fbref_wfr_standard
Thiago Alcántara,77e84962,https://fbref.com/en/players/77e84962/Thiago-Alcantara,summer,2019-20,2020-21,Bundesliga,Bayern Munich,Liverpool,MF,29.0,1771.0,1854.0,1.04686617730096,2.4,1.2,0.9,2.3,0.12196499153020893,0.05825242718446602,0.045736871823828344,0.11165048543689318,0.16770186335403728,0.47761596548004315,2.4411482680091092,-0.0637125643457429,0.06591361361306483,0.0,0.0,1,average,38,0.09587019960857404,0.5696030813302239,True,True,1,0.0,fbref_wfr_standard
Thiago Silva,86e7deaf,https://fbref.com/en/players/86e7deaf/Thiago-Silva,summer,2019-20,2020-21,Ligue 1,Paris S-G,Chelsea,DF,35.0,1571.0,1935.0,1.2316995544239338,0.4,1.7,0.0,0.3,0.022915340547422024,0.07906976744186046,0.0,0.013953488372093023,0.022915340547422024,3.4505167958656333,,0.05615442689443844,0.013953488372093023,0.0,0.0,1,bottom,69,0.07468879668049792,0.23403441682600384,True,True,1,0.0,fbref_wfr_standard
Thomas Partey,529f49ab,https://fbref.com/en/players/529f49ab/Thomas-Partey,summer,2019-20,2020-21,La Liga,Atlético Madrid,Arsenal,MF,27.0,2549.0,1534.0,0.601804629266379,1.6,1.3,1.1,1.0,0.05649274225186347,0.07627118644067797,0.038838760298156146,0.05867014341590613,0.09533150255001963,1.35010593220339,1.5106080360317646,0.019778444188814498,0.019831383117749984,0.0,0.0,1,bottom,46,0.10552615575711309,0.3586765503449571,True,True,1,0.0,fbref_wfr_standard
Timo Werner,49fe9070,https://fbref.com/en/players/49fe9070/Timo-Werner,summer,2019-20,2020-21,Bundesliga,RB Leipzig,Chelsea,"FW,MF",24.0,2795.0,2602.0,0.9309481216457961,18.9,11.4,9.5,5.6,0.6085867620751341,0.3943120676402767,0.30590339892665475,0.19369715603382012,0.9144901610017888,0.6479143027951638,0.6331971358064646,-0.21427469443485736,-0.11220624289283462,3.0,0.0,1,top,38,0.09587019960857404,0.5696030813302239,True,True,1,0.0,fbref_wfr_standard
Timothy Castagne,197640fd,https://fbref.com/en/players/197640fd/Timothy-Castagne,summer,2019-20,2020-21,Serie A,Atalanta,Leicester City,DF,24.0,1769.0,2345.0,1.325607687959299,2.0,1.1,2.2,2.2,0.10175240248728094,0.04221748400852879,0.11192764273600907,0.08443496801705758,0.21368004522329,0.41490405117270795,0.7543710021321961,-0.059534918478752155,-0.02749267471895149,0.0,0.0,0,average,41,0.0972972972972973,0.27292418772563176,True,True,1,0.0,fbref_wfr_standard
Wesley Fofana,132a82f1,https://fbref.com/en/players/132a82f1/Wesley-Fofana,summer,2019-20,2020-21,Ligue 1,Saint-Étienne,Leicester City,DF,19.0,1215.0,2262.0,1.8617283950617285,0.9,1.0,0.1,0.3,0.06666666666666667,0.03978779840848806,0.007407407407407408,0.011936339522546418,0.07407407407407407,0.596816976127321,1.6114058355437664,-0.026878868258178604,0.004528932115139011,0.0,0.0,0,bottom,69,0.07468879668049792,0.23403441682600384,True,True,1,0.0,fbref_wfr_standard
Willian José,d87e2cae,https://fbref.com/en/players/d87e2cae/Willian-Jose,summer,2019-20,2020-21,La Liga,Real Sociedad,Wolves,FW,28.0,2011.0,1110.0,0.5519641969169568,10.7,1.6,1.9,1.2,0.47886623570362996,0.12972972972972974,0.08503232222774738,0.0972972972972973,0.5638985579313773,0.2709101624989476,1.1442389758179232,-0.3491365059739002,0.012264975069549919,0.0,0.0,0,top,46,0.10552615575711309,0.3586765503449571,True,True,1,0.0,fbref_wfr_standard
Ashley Young,be927d03,https://fbref.com/en/players/be927d03/Ashley-Young,summer,2020-21,2021-22,Serie A,Inter,Aston Villa,"DF,FW",36.0,1425.0,1250.0,0.8771929824561403,1.2,0.4,2.2,1.0,0.07578947368421053,0.0288,0.13894736842105265,0.072,0.21473684210526317,0.37999999999999995,0.5181818181818181,-0.04698947368421053,-0.06694736842105266,0.0,0.0,0,average,41,0.0972972972972973,0.27292418772563176,True,True,1,0.0,fbref_wfr_standard
Boubakary Soumaré,ae59b359,https://fbref.com/en/players/ae59b359/Boubakary-Soumare,summer,2020-21,2021-22,Ligue 1,Lille,Leicester City,MF,22.0,1919.0,1102.0,0.5742574257425742,0.3,0.4,0.9,0.4,0.014069828035435123,0.032667876588021776,0.042209484106305366,0.032667876588021776,0.05627931214174049,2.3218390804597697,0.7739463601532567,0.018598048552586652,-0.00954160751828359,0.0,0.0,0,bottom,69,0.07468879668049792,0.23403441682600384,True,True,1,0.0,fbref_wfr_standard
Bruno Guimarães,82518f62,https://fbref.com/en/players/82518f62/Bruno-Guimaraes,summer,2020-21,2021-22,Ligue 1,Lyon,Newcastle Utd,MF,23.0,1754.0,1034.0,0.5895096921322691,1.8,3.1,2.1,1.1,0.09236031927023945,0.269825918762089,0.10775370581527936,0.09574468085106384,0.20011402508551882,2.9214485278315068,0.8885511651469099,0.17746559949184953,-0.01200902496421552,1.0,0.0,0,average,69,0.07468879668049792,0.23403441682600384,True,True,1,0.0,fbref_wfr_standard
Bryan,7b5ab7f2,https://fbref.com/en/players/7b5ab7f2/Bryan,summer,2020-21,2021-22,La Liga,Eibar|Sevilla,Tottenham,"FW,MF",20.0,2278.0,94.0,0.041264266900790166,3.4,0.1,5.0,0.1,0.13432835820895522,0.09574468085106383,0.19754170324846357,0.09574468085106383,0.3318700614574188,0.7127659574468085,0.4846808510638298,-0.038583677357891394,-0.10179702239739974,0.0,0.0,1,,,,,False,False,0,0.0,fbref_wfr_standard
Christian Eriksen,980522ec,https://fbref.com/en/players/980522ec/Christian-Eriksen,summer,2020-21,2021-22,Serie A,Inter,Brentford,MF,29.0,1385.0,939.0,0.6779783393501805,1.4,1.3,2.8,3.5,0.09097472924187724,0.12460063897763578,0.1819494584837545,0.3354632587859425,0.27292418772563176,1.3696181347938539,1.8437167199148035,0.03362590973575853,0.15351380030218803,0.0,0.0,0,top,41,0.0972972972972973,0.27292418772563176,True,True,1,0.0,fbref_wfr_standard
Cristian Romero,a3d94a58,https://fbref.com/en/players/a3d94a58/Cristian-Romero,summer,2020-21,2021-22,Serie A,Atalanta,Tottenham,DF,23.0,2545.0,1844.0,0.7245579567779961,1.3,0.5,0.8,0.3,0.045972495088408644,0.02440347071583514,0.028290766208251474,0.014642082429501085,0.07426326129666011,0.5308276322376105,0.5175569414316703,-0.021569024372573502,-0.013648683778750389,0.0,0.0,1,bottom,41,0.0972972972972973,0.27292418772563176,True,True,1,0.0,fbref_wfr_standard
Cristiano Ronaldo,dea698d9,https://fbref.com/en/players/dea698d9/Cristiano-Ronaldo,summer,2020-21,2021-22,Serie A,Juventus,Manchester Utd,FW,36.0,2802.0,2456.0,0.8765167737330478,21.4,15.4,3.8,2.9,0.6873661670235546,0.5643322475570033,0.12205567451820129,0.10627035830618893,0.8094218415417559,0.8210067277542696,0.8706711812103549,-0.12303391946655129,-0.01578531621201236,8.0,3.0,1,top,41,0.0972972972972973,0.27292418772563176,True,True,1,0.0,fbref_wfr_standard
Cucho,71b47ab9,https://fbref.com/en/players/71b47ab9/Cucho,summer,2020-21,2021-22,La Liga,Getafe,Watford,"FW,MF",22.0,1466.0,1147.0,0.7824010914051842,2.7,2.5,1.3,1.9,0.16575716234652116,0.1961639058413252,0.07980900409276943,0.14908456843940715,0.24556616643929058,1.183441506022151,1.868016900274965,0.030406743494804045,0.06927556434663772,0.0,0.0,0,average,46,0.10552615575711309,0.3586765503449571,True,True,1,0.0,fbref_wfr_standard
Dejan Kulusevski,df3cda47,https://fbref.com/en/players/df3cda47/Dejan-Kulusevski,summer,2020-21,2021-22,Serie A,Juventus,Tottenham,"MF,FW",21.0,1923.0,1261.0,0.655746229849194,3.0,2.7,6.2,3.4,0.14040561622464898,0.19270420301348137,0.29017160686427457,0.24266455194290246,0.43057722308892354,1.3724821570182397,0.8362794505129058,0.052298586788832396,-0.04750705492137211,0.0,0.0,1,top,41,0.0972972972972973,0.27292418772563176,True,True,1,0.0,fbref_wfr_standard
Demarai Gray,4468ec10,https://fbref.com/en/players/4468ec10/Demarai-Gray,summer,2020-21,2021-22,Bundesliga,Leverkusen,Everton,"MF,FW",25.0,442.0,2338.0,5.289592760180995,1.4,4.0,0.9,3.6,0.2850678733031674,0.15397775876817793,0.1832579185520362,0.13857998289136014,0.4683257918552036,0.5401442013931321,0.7562018819503851,-0.13109011453498948,-0.044677935660676044,0.0,0.0,0,,,,,False,False,0,19.0,fbref_wfr_standard
Diogo Dalot,d9565625,https://fbref.com/en/players/d9565625/Diogo-Dalot,summer,2020-21,2021-22,Serie A,Milan,Manchester Utd,DF,22.0,1090.0,1801.0,1.6522935779816514,0.4,0.6,0.9,1.2,0.03302752293577982,0.029983342587451417,0.07431192660550459,0.059966685174902834,0.10733944954128441,0.9078289838978345,0.8069590967980751,-0.0030441803483284013,-0.014345241430601757,0.0,0.0,1,average,41,0.0972972972972973,0.27292418772563176,True,True,1,0.0,fbref_wfr_standard
Emerson,df8b52a5,https://fbref.com/en/players/df8b52a5/Emerson,summer,2020-21,2021-22,La Liga,Betis,Tottenham,"DF,MF",22.0,2991.0,2286.0,0.7642928786359077,1.5,1.5,2.7,2.2,0.04513540621865597,0.05905511811023622,0.08124373119358075,0.08661417322834647,0.12637913741223672,1.3083989501312334,1.0661028482550794,0.013919711891580248,0.005370442034765721,0.0,0.0,1,average,46,0.10552615575711309,0.3586765503449571,True,True,1,0.0,fbref_wfr_standard
Emmanuel Dennis,2c44a35d,https://fbref.com/en/players/2c44a35d/Emmanuel-Dennis,summer,2020-21,2021-22,Bundesliga,Köln,Watford,"FW,MF",23.0,474.0,2581.0,5.4451476793248945,0.6,7.3,0.2,4.1,0.11392405063291139,0.25455249903138316,0.0379746835443038,0.14296784192173573,0.1518987341772152,2.2344052692754746,3.7648198372723742,0.14062844839847177,0.10499315837743192,0.0,0.0,0,,,,,False,True,0,0.0,fbref_wfr_standard
Francisco Trincão,77e39b04,https://fbref.com/en/players/77e39b04/Francisco-Trincao,summer,2020-21,2021-22,La Liga,Barcelona,Wolves,"FW,MF",21.0,706.0,1336.0,1.8923512747875355,2.6,3.7,0.4,1.6,0.3314447592067989,0.24925149700598803,0.05099150141643059,0.10778443113772455,0.3824362606232295,0.7520152003684938,2.1137724550898205,-0.08219326220081086,0.05679292972129396,0.0,0.0,0,,,,,False,True,0,0.0,fbref_wfr_standard
Hassane Kamara,19a12bed,https://fbref.com/en/players/19a12bed/Hassane-Kamara,summer,2020-21,2021-22,Ligue 1,Nice,Watford,DF,27.0,2960.0,1623.0,0.5483108108108108,1.4,0.2,2.5,0.6,0.04256756756756756,0.011090573012939002,0.07601351351351351,0.033271719038817,0.11858108108108108,0.26054044538332893,0.43770794824399256,-0.03147699455462856,-0.04274179447469651,0.0,0.0,0,average,69,0.07468879668049792,0.23403441682600384,True,True,1,0.0,fbref_wfr_standard
Hwang Hee-chan,169fd162,https://fbref.com/en/players/169fd162/Hwang-Hee-chan,summer,2020-21,2021-22,Bundesliga,RB Leipzig,Wolves,"FW,MF",25.0,460.0,1816.0,3.9478260869565216,1.8,4.4,0.5,1.3,0.3521739130434783,0.2180616740088106,0.09782608695652174,0.0644273127753304,0.45,0.6191874694077337,0.6585903083700441,-0.13411223903466768,-0.033398774181191346,0.0,0.0,0,,,,,False,True,0,0.0,fbref_wfr_standard
Ibrahima Konaté,5ed9b537,https://fbref.com/en/players/5ed9b537/Ibrahima-Konate,summer,2020-21,2021-22,Bundesliga,RB Leipzig,Liverpool,DF,22.0,695.0,990.0,1.4244604316546763,0.7,0.2,0.0,0.0,0.09064748201438848,0.01818181818181818,0.0,0.0,0.09064748201438848,0.2005772005772006,,-0.0724656638325703,0.0,0.0,0.0,1,,,,,False,True,0,0.0,fbref_wfr_standard
Imran Louza,e1df6989,https://fbref.com/en/players/e1df6989/Imran-Louza,summer,2020-21,2021-22,Ligue 1,Nantes,Watford,MF,22.0,2379.0,1416.0,0.5952080706179067,1.9,1.2,1.8,1.1,0.07187894073139975,0.07627118644067797,0.06809583858764187,0.06991525423728814,0.13997477931904162,1.061106155218555,1.0267184557438795,0.0043922457092782224,0.0018194156496462721,5.0,0.0,0,average,69,0.07468879668049792,0.23403441682600384,True,True,1,0.0,fbref_wfr_standard
Jadon Sancho,dbf053da,https://fbref.com/en/players/dbf053da/Jadon-Sancho,summer,2020-21,2021-22,Bundesliga,Dortmund,Manchester Utd,"FW,MF",21.0,2062.0,1900.0,0.9214354995150339,5.8,3.6,7.7,4.1,0.25315227934044615,0.1705263157894737,0.33608147429679924,0.19421052631578944,0.5892337536372454,0.6736116152450091,0.5778673957621325,-0.08262596355097246,-0.1418709479810098,1.0,0.0,1,top,38,0.09587019960857404,0.5696030813302239,True,True,1,0.0,fbref_wfr_standard
Josh Sargent,a8d4428b,https://fbref.com/en/players/a8d4428b/Josh-Sargent,summer,2020-21,2021-22,Bundesliga,Werder Bremen,Norwich City,"FW,MF",21.0,2506.0,1572.0,0.627294493216281,5.5,2.5,3.8,0.9,0.19752593774940144,0.1431297709923664,0.13647246608140462,0.05152671755725191,0.33399840383080603,0.7246125375896367,0.37756126958617925,-0.05439616675703504,-0.08494574852415271,0.0,0.0,0,average,38,0.09587019960857404,0.5696030813302239,True,True,1,0.0,fbref_wfr_standard
Junior Firpo,24f59bb2,https://fbref.com/en/players/24f59bb2/Junior-Firpo,summer,2020-21,2021-22,La Liga,Barcelona,Leeds United,"DF,MF",24.0,289.0,1711.0,5.920415224913495,0.7,0.9,0.8,1.9,0.21799307958477507,0.04734073641145529,0.2491349480968858,0.09994155464640561,0.46712802768166084,0.2171662352842949,0.4011542957334892,-0.1706523431733198,-0.1491933934504802,0.0,0.0,0,,,,,False,False,0,0.0,fbref_wfr_standard
Juraj Kucka,5aaef9ef,https://fbref.com/en/players/5aaef9ef/Juraj-Kucka,summer,2020-21,2021-22,Serie A,Parma,Watford,MF,34.0,2334.0,1920.0,0.8226221079691517,4.0,3.2,2.0,0.9,0.15424164524421594,0.15,0.07712082262210797,0.0421875,0.23136246786632392,0.9725,0.5470312500000001,-0.004241645244215941,-0.034933322622107965,4.0,0.0,0,average,41,0.0972972972972973,0.27292418772563176,True,True,1,0.0,fbref_wfr_standard
Kenedy,5eebbfdf,https://fbref.com/en/players/5eebbfdf/Kenedy,summer,2020-21,2021-22,La Liga,Granada,Chelsea,DF,25.0,1471.0,58.0,0.03942895989123046,2.0,0.0,2.7,0.6,0.12236573759347383,0.0,0.1651937457511897,0.9310344827586207,0.2875594833446635,0.0,5.636015325670497,-0.12236573759347383,0.7658407370074309,0.0,0.0,1,,,,,False,False,0,0.0,fbref_wfr_standard
Kieran Trippier,21512407,https://fbref.com/en/players/21512407/Kieran-Trippier,summer,2020-21,2021-22,La Liga,Atlético Madrid,Newcastle Utd,DF,30.0,2475.0,429.0,0.17333333333333334,0.1,0.2,3.6,0.3,0.0036363636363636364,0.04195804195804196,0.13090909090909092,0.06293706293706294,0.13454545454545455,11.538461538461538,0.4807692307692308,0.03832167832167832,-0.06797202797202798,0.0,0.0,0,,,,,False,False,0,0.0,fbref_wfr_standard
Leon Bailey,3a233281,https://fbref.com/en/players/3a233281/Leon-Bailey,summer,2020-21,2021-22,Bundesliga,Leverkusen,Aston Villa,"FW,MF",23.0,2141.0,761.0,0.35544138253152735,6.2,1.5,6.0,0.8,0.2606258757589911,0.1773981603153745,0.25221858944418496,0.09461235216819974,0.5128444652031761,0.6806621169089908,0.3751204555409549,-0.0832277154436166,-0.15760623727598522,0.0,0.0,0,,,,,False,True,0,0.0,fbref_wfr_standard
Lyanco,b5bf1770,https://fbref.com/en/players/b5bf1770/Lyanco,summer,2020-21,2021-22,Serie A,Torino,Southampton,DF,24.0,1959.0,911.0,0.4650331801939765,1.0,0.3,0.5,0.1,0.045941807044410414,0.029637760702524697,0.022970903522205207,0.009879253567508232,0.06891271056661562,0.6451152579582876,0.43007683863885837,-0.016304046341885717,-0.013091649954696975,0.0,0.0,0,bottom,41,0.0972972972972973,0.27292418772563176,True,True,1,0.0,fbref_wfr_standard
Marc Cucurella,1daec722,https://fbref.com/en/players/1daec722/Marc-Cucurella,summer,2020-21,2021-22,La Liga,Getafe,Brighton,DF,23.0,3244.0,3089.0,0.9522194821208385,1.8,0.7,3.6,2.7,0.0499383477188656,0.02039494982194885,0.0998766954377312,0.078666235027517,0.1498150431565968,0.4084025754469263,0.7876335383619295,-0.02954339789691675,-0.021210460410214196,0.0,0.0,0,average,46,0.10552615575711309,0.3586765503449571,True,True,1,0.0,fbref_wfr_standard
Maxwel Cornet,beb391dd,https://fbref.com/en/players/beb391dd/Maxwel-Cornet,summer,2020-21,2021-22,Ligue 1,Lyon,Burnley,"FW,MF",24.0,2446.0,1766.0,0.7219950940310711,2.1,5.9,3.5,1.7,0.07726901062959934,0.30067950169875424,0.12878168438266557,0.08663646659116647,0.20605069501226492,3.8913336569055708,0.6727390389904546,0.2234104910691549,-0.0421452177914991,0.0,1.0,0,average,69,0.07468879668049792,0.23403441682600384,True,True,1,0.0,fbref_wfr_standard
Milot Rashica,6c6a3300,https://fbref.com/en/players/6c6a3300/Milot-Rashica,summer,2020-21,2021-22,Bundesliga,Werder Bremen,Norwich City,"FW,MF",25.0,1462.0,2229.0,1.524623803009576,3.6,2.6,1.6,2.1,0.2216142270861833,0.10497981157469717,0.09849521203830369,0.0847913862718708,0.32010943912448697,0.473705199142615,0.8608681022880216,-0.11663441551148614,-0.013703825766432892,1.0,0.0,0,average,38,0.09587019960857404,0.5696030813302239,True,True,1,0.0,fbref_wfr_standard
Moise Kean,3d50bcdb,https://fbref.com/en/players/3d50bcdb/Moise-Kean,summer,2020-21,2021-22,Ligue 1,Paris S-G,Everton,FW,21.0,1698.0,1.0,0.0005889281507656066,10.2,0.0,0.9,0.0,0.5406360424028268,0.0,0.04770318021201413,0.0,0.588339222614841,0.0,0.0,-0.5406360424028268,-0.04770318021201413,0.0,0.0,0,,,,,False,False,0,15.0,fbref_wfr_standard
Nicolas Nkoulou,93cf32a8,https://fbref.com/en/players/93cf32a8/Nicolas-Nkoulou,summer,2020-21,2021-22,Serie A,Torino,Watford,DF,31.0,1358.0,168.0,0.12371134020618557,0.5,0.0,0.1,0.0,0.03313696612665685,0.0,0.0066273932253313695,0.0,0.039764359351988215,0.0,0.0,-0.03313696612665685,-0.0066273932253313695,0.0,0.0,0,,,,,False,False,0,0.0,fbref_wfr_standard
Philippe Coutinho,0ef89a37,https://fbref.com/en/players/0ef89a37/Philippe-Coutinho,summer,2020-21,2021-22,La Liga,Barcelona,Aston Villa,"MF,FW",29.0,654.0,1329.0,2.032110091743119,4.0,3.8,0.7,2.9,0.5504587155963303,0.25733634311512416,0.09633027522935779,0.1963882618510158,0.6467889908256881,0.4674943566591422,2.0386971944534023,-0.29312237248120615,0.100057986621658,0.0,0.0,0,,,,,False,True,0,0.0,fbref_wfr_standard
Pierre Lees-Melou,f5044e54,https://fbref.com/en/players/f5044e54/Pierre-Lees-Melou,summer,2020-21,2021-22,Ligue 1,Nice,Norwich City,MF,28.0,2063.0,2265.0,1.0979156568104702,3.9,1.6,0.8,1.9,0.1701405719825497,0.06357615894039735,0.0349006301502666,0.07549668874172186,0.2050412021328163,0.3736684213505405,2.163189845474614,-0.10656441304215235,0.04059605859145526,1.0,0.0,0,average,69,0.07468879668049792,0.23403441682600384,True,True,1,0.0,fbref_wfr_standard
Raphaël Varane,9f8e9423,https://fbref.com/en/players/9f8e9423/Raphael-Varane,summer,2020-21,2021-22,La Liga,Real Madrid,Manchester Utd,DF,28.0,2715.0,1831.0,0.6744014732965009,2.8,0.7,0.3,0.2,0.09281767955801104,0.03440742763517203,0.009944751381215469,0.009830693610049153,0.1027624309392265,0.37069907154560344,0.9885308574549427,-0.05841025192283901,-0.00011405777116631557,0.0,0.0,1,bottom,46,0.10552615575711309,0.3586765503449571,True,True,1,0.0,fbref_wfr_standard
Rodrigo Bentancur,3b8674e6,https://fbref.com/en/players/3b8674e6/Rodrigo-Bentancur,summer,2020-21,2021-22,Serie A,Juventus,Tottenham,MF,24.0,2324.0,1361.0,0.5856282271944923,0.6,0.8,2.3,2.6,0.02323580034423408,0.05290227773695812,0.08907056798623063,0.1719324026451139,0.1123063683304647,2.276757286309086,1.9302942210011822,0.029666477392724037,0.08286183465888326,0.0,0.0,1,average,41,0.0972972972972973,0.27292418772563176,True,True,1,0.0,fbref_wfr_standard
Romain Perraud,6dfd8f05,https://fbref.com/en/players/6dfd8f05/Romain-Perraud,summer,2020-21,2021-22,Ligue 1,Brest,Southampton,DF,23.0,3140.0,1623.0,0.5168789808917198,2.7,0.5,3.6,0.7,0.07738853503184714,0.027726432532347505,0.10318471337579618,0.038817005545286505,0.18057324840764333,0.35827571255790597,0.3761894981858013,-0.049662102499499636,-0.06436770783050969,0.0,0.0,0,average,69,0.07468879668049792,0.23403441682600384,True,True,1,0.0,fbref_wfr_standard
Romelu Lukaku,5eae500a,https://fbref.com/en/players/5eae500a/Romelu-Lukaku,summer,2020-21,2021-22,Serie A,Inter,Chelsea,FW,28.0,2884.0,1589.0,0.5509708737864077,18.2,5.8,7.0,3.0,0.5679611650485437,0.328508495909377,0.21844660194174756,0.1699181875393329,0.7864077669902912,0.5783995739942877,0.7778477029578351,-0.23945266913916669,-0.04852841440241465,6.0,1.0,1,top,41,0.0972972972972973,0.27292418772563176,True,True,1,0.0,fbref_wfr_standard
Ryan Sessegnon,6aa3e78b,https://fbref.com/en/players/6aa3e78b/Ryan-Sessegnon,summer,2020-21,2021-22,Bundesliga,Hoffenheim,Tottenham,"DF,MF",21.0,1574.0,1047.0,0.6651842439644219,0.8,0.3,1.7,2.7,0.045743329097839895,0.025787965616045846,0.09720457433290978,0.23209169054441264,0.14294790343074967,0.5637535816618912,2.387662228215069,-0.01995536348179405,0.13488711621150284,0.0,0.0,1,average,38,0.09587019960857404,0.5696030813302239,True,True,1,0.0,fbref_wfr_standard
Samir Santos,92b4758e,https://fbref.com/en/players/92b4758e/Samir-Santos,summer,2020-21,2021-22,Serie A,Udinese,Watford,DF,26.0,2216.0,1673.0,0.7549638989169675,1.3,0.5,0.6,0.1,0.05279783393501805,0.026897788404064555,0.024368231046931407,0.005379557680812911,0.07716606498194946,0.5094487102855304,0.2207611077903965,-0.025900045530953496,-0.018988673366118494,0.0,0.0,0,bottom,41,0.0972972972972973,0.27292418772563176,True,True,1,0.0,fbref_wfr_standard
Samuel Kalu,b8d22478,https://fbref.com/en/players/b8d22478/Samuel-Kalu,summer,2020-21,2021-22,Ligue 1,Bordeaux,Watford,FW,23.0,964.0,222.0,0.23029045643153526,1.8,0.4,0.6,0.1,0.16804979253112035,0.16216216216216217,0.056016597510373446,0.04054054054054054,0.22406639004149378,0.964964964964965,0.7237237237237237,-0.005887630368958174,-0.015476056969832903,0.0,0.0,0,,,,,False,False,0,0.0,fbref_wfr_standard
Saúl Ñíguez,c14bc029,https://fbref.com/en/players/c14bc029/Saul-Niguez,summer,2020-21,2021-22,La Liga,Atlético Madrid,Chelsea,"DF,MF",26.0,2033.0,480.0,0.23610427939006395,1.9,0.3,1.7,0.5,0.08411214953271028,0.05625,0.07525823905558288,0.09375,0.15937038858829317,0.6687500000000001,1.2457107843137256,-0.027862149532710274,0.018491760944417124,1.0,0.0,1,,,,,False,True,0,0.0,fbref_wfr_standard
Takehiro Tomiyasu,b3af9be1,https://fbref.com/en/players/b3af9be1/Takehiro-Tomiyasu,summer,2020-21,2021-22,Serie A,Bologna,Arsenal,DF,22.0,2715.0,1679.0,0.6184162062615102,2.1,0.6,0.4,1.0,0.06961325966850829,0.03216200119118523,0.013259668508287293,0.05360333531864205,0.08287292817679558,0.4620096996511529,4.042584871947588,-0.03745125847732306,0.040343666810354756,0.0,0.0,1,bottom,41,0.0972972972972973,0.27292418772563176,True,True,1,0.0,fbref_wfr_standard
Trevoh Chalobah,5515376c,https://fbref.com/en/players/5515376c/Trevoh-Chalobah,summer,2020-21,2021-22,Ligue 1,Lorient,Chelsea,DF,22.0,2237.0,1449.0,0.6477425122932499,1.6,1.1,0.7,0.3,0.06437192668752793,0.06832298136645963,0.02816271792579347,0.018633540372670808,0.0925346446133214,1.0613785369220154,0.6616385684708667,0.003951054678931698,-0.009529177553122662,0.0,0.0,1,average,69,0.07468879668049792,0.23403441682600384,True,True,1,0.0,fbref_wfr_standard
Wout Weghorst,c4e87b8b,https://fbref.com/en/players/c4e87b8b/Wout-Weghorst,summer,2020-21,2021-22,Bundesliga,Wolfsburg,Burnley,FW,28.0,2941.0,1450.0,0.49302958177490647,14.8,4.8,5.2,1.5,0.45290717443046585,0.2979310344827586,0.15912954777286636,0.09310344827586207,0.6120367222033323,0.6578191985088536,0.585079575596817,-0.15497613994770726,-0.06602609949700429,3.0,0.0,0,top,38,0.09587019960857404,0.5696030813302239,True,True,1,0.0,fbref_wfr_standard
Yoane Wissa,2500cef9,https://fbref.com/en/players/2500cef9/Yoane-Wissa,summer,2020-21,2021-22,Ligue 1,Lorient,Brentford,FW,24.0,2674.0,1284.0,0.4801795063575168,8.8,3.1,3.5,0.9,0.29618548990276744,0.21728971962616822,0.11780104712041885,0.0630841121495327,0.4139865370231863,0.7336271594449163,0.5355140186915888,-0.07889577027659922,-0.054716934970886144,5.0,0.0,0,top,69,0.07468879668049792,0.23403441682600384,True,True,1,0.0,fbref_wfr_standard
Aaron Hickey,1780bb4a,https://fbref.com/en/players/1780bb4a/Aaron-Hickey,summer,2021-22,2022-23,Serie A,Bologna,Brentford,DF,20.0,2820.0,1916.0,0.6794326241134752,0.9,0.4,1.8,0.4,0.02872340425531915,0.018789144050104383,0.0574468085106383,0.018789144050104383,0.08617021276595745,0.6541405706332637,0.32707028531663185,-0.009934260205214766,-0.03865766446053391,0.0,0.0,0,bottom,41,0.0972972972972973,0.27292418772563176,True,True,1,0.0,fbref_wfr_standard
Alexander Isak,8e92be30,https://fbref.com/en/players/8e92be30/Alexander-Isak,summer,2021-22,2022-23,La Liga,Real Sociedad,Newcastle Utd,FW,22.0,2140.0,1522.0,0.711214953271028,8.2,6.7,3.2,2.2,0.3448598130841121,0.3961892247043364,0.13457943925233645,0.13009198423127466,0.4794392523364486,1.1488413832889972,0.9666557161629437,0.05132941162022425,-0.0044874550210617925,2.0,2.0,0,top,46,0.10552615575711309,0.3586765503449571,True,True,1,0.0,fbref_wfr_standard
Amadou Onana,828657ff,https://fbref.com/en/players/828657ff/Amadou-Onana,summer,2021-22,2022-23,Ligue 1,Lille,Everton,MF,20.0,1359.0,2488.0,1.8307579102281089,2.6,3.0,1.1,2.6,0.17218543046357615,0.1085209003215434,0.07284768211920531,0.09405144694533762,0.24503311258278146,0.6302559980212713,1.2910698626132708,-0.06366453014203274,0.021203764826132315,0.0,0.0,0,top,69,0.07468879668049792,0.23403441682600384,True,True,1,0.0,fbref_wfr_standard
Armel Bella Kotchap,a39d11bc,https://fbref.com/en/players/a39d11bc/Armel-Bella-Kotchap,summer,2021-22,2022-23,Bundesliga,Bochum,Southampton,DF,20.0,1768.0,1879.0,1.0627828054298643,0.6,1.0,0.1,1.0,0.030542986425339366,0.047897817988291645,0.005090497737556561,0.047897817988291645,0.035633484162895926,1.5682100408018451,9.409260244811069,0.01735483156295228,0.04280732025073508,0.0,0.0,0,bottom,38,0.09587019960857404,0.5696030813302239,True,True,1,0.0,fbref_wfr_standard
Arnaut Danjuma,f08490a6,https://fbref.com/en/players/f08490a6/Arnaut-Danjuma,summer,2021-22,2022-23,La Liga,Villarreal,Tottenham,"FW,MF",25.0,1472.0,169.0,0.11480978260869565,9.5,0.8,2.2,0.0,0.5808423913043478,0.4260355029585799,0.1345108695652174,0.0,0.7153532608695652,0.733478667081906,0.0,-0.1548068883457679,-0.1345108695652174,3.0,0.0,1,,,,,False,False,0,0.0,fbref_wfr_standard
Benoît Badiashile,06df8256,https://fbref.com/en/players/06df8256/Benoit-Badiashile,summer,2021-22,2022-23,Ligue 1,Monaco,Chelsea,DF,21.0,1838.0,905.0,0.4923830250272035,1.6,1.2,0.4,0.5,0.07834602829162132,0.11933701657458563,0.01958650707290533,0.049723756906077346,0.09793253536452665,1.5232044198895027,2.5386740331491713,0.04099098828296431,0.030137249833172015,0.0,0.0,1,average,69,0.07468879668049792,0.23403441682600384,True,True,1,0.0,fbref_wfr_standard
Boubacar Kamara,cc77354e,https://fbref.com/en/players/cc77354e/Boubacar-Kamara,summer,2021-22,2022-23,Ligue 1,Marseille,Aston Villa,MF,22.0,2778.0,1777.0,0.6396688264938805,1.0,0.2,3.0,0.8,0.032397408207343416,0.010129431626336522,0.09719222462203024,0.04051772650534609,0.12958963282937366,0.3126617895329206,0.41688238604389416,-0.022267976581006894,-0.05667449811668415,0.0,0.0,0,average,69,0.07468879668049792,0.23403441682600384,True,True,1,0.0,fbref_wfr_standard
Boubacar Traoré,999ceb5f,https://fbref.com/en/players/999ceb5f/Boubacar-Traore,summer,2021-22,2022-23,Ligue 1,Metz,Wolves,MF,20.0,1726.0,411.0,0.2381228273464658,0.8,0.1,1.4,0.2,0.04171494785631518,0.021897810218978103,0.07300115874855155,0.043795620437956206,0.11471610660486672,0.5249391727493917,0.5999304831421621,-0.019817137637337078,-0.029205538310595344,0.0,0.0,0,,,,,False,False,0,0.0,fbref_wfr_standard
Casemiro,4d224fe8,https://fbref.com/en/players/4d224fe8/Casemiro,summer,2021-22,2022-23,La Liga,Real Madrid,Manchester Utd,MF,30.0,2569.0,2124.0,0.8267808485792137,2.5,3.4,2.8,3.1,0.08758271701050993,0.1440677966101695,0.09809264305177111,0.13135593220338984,0.18567536006228103,1.6449340866290019,1.3391007532956687,0.056485079599659566,0.03326328915161873,0.0,0.0,1,average,46,0.10552615575711309,0.3586765503449571,True,True,1,0.0,fbref_wfr_standard
Cheick Doucouré,ce4f40c7,https://fbref.com/en/players/ce4f40c7/Cheick-Doucoure,summer,2021-22,2022-23,Ligue 1,Lens,Crystal Palace,MF,22.0,2946.0,2769.0,0.939918533604888,1.6,1.4,3.6,1.9,0.048879837067209775,0.045503791982665215,0.109979633401222,0.06175514626218852,0.15885947046843177,0.9309317443120259,0.5615143854580474,-0.00337604508454456,-0.048224487139033476,0.0,0.0,0,average,69,0.07468879668049792,0.23403441682600384,True,True,1,0.0,fbref_wfr_standard
Chris Richards,0a3d6d2b,https://fbref.com/en/players/0a3d6d2b/Chris-Richards,summer,2021-22,2022-23,Bundesliga,Bayern Munich|Hoffenheim,Crystal Palace,DF,22.0,1307.0,447.0,0.34200459066564654,1.2,0.7,0.4,0.3,0.08263198163733741,0.14093959731543623,0.02754399387911247,0.06040268456375839,0.11017597551644988,1.7056301267710663,2.192953020134228,0.05830761567809882,0.03285869068464592,0.0,0.0,0,,,,,False,False,0,0.0,fbref_wfr_standard
Clément Lenglet,4f28a6ff,https://fbref.com/en/players/4f28a6ff/Clement-Lenglet,summer,2021-22,2022-23,La Liga,Barcelona,Tottenham,DF,27.0,826.0,2019.0,2.444309927360775,0.2,1.0,0.3,0.6,0.021791767554479417,0.04457652303120357,0.03268765133171913,0.02674591381872214,0.05447941888619855,2.0455671124318973,0.8182268449727588,0.02278475547672415,-0.005941737512996991,0.0,0.0,1,,,,,False,True,0,0.0,fbref_wfr_standard
Dango Ouattara,2f9e4435,https://fbref.com/en/players/2f9e4435/Dango-Ouattara,summer,2021-22,2022-23,Ligue 1,Lorient,Bournemouth,"MF,FW",20.0,812.0,1241.0,1.5283251231527093,2.1,3.6,1.4,2.5,0.23275862068965517,0.2610797743755036,0.15517241379310343,0.18130539887187752,0.38793103448275856,1.121676067687349,1.1684125705076553,0.02832115368584845,0.026132985078774096,0.0,0.0,0,,,,,False,True,0,0.0,fbref_wfr_standard
Denis Zakaria,384d58d9,https://fbref.com/en/players/384d58d9/Denis-Zakaria,summer,2021-22,2022-23,Bundesliga,M'Gladbach,Chelsea,MF,25.0,1395.0,411.0,0.2946236559139785,0.9,0.2,0.8,0.0,0.05806451612903226,0.043795620437956206,0.05161290322580645,0.0,0.10967741935483871,0.754257907542579,0.0,-0.014268895691076054,-0.05161290322580645,0.0,0.0,1,,,,,False,False,0,0.0,fbref_wfr_standard
Dennis Praet,86695068,https://fbref.com/en/players/86695068/Dennis-Praet,summer,2021-22,2022-23,Serie A,Torino,Leicester City,"MF,FW",28.0,1539.0,649.0,0.4217024041585445,2.3,1.0,4.4,0.5,0.13450292397660818,0.1386748844375963,0.2573099415204679,0.06933744221879815,0.39181286549707606,1.0310176190795204,0.26947051407760186,0.004171960460988111,-0.18797249930166973,0.0,0.0,0,,,,,False,True,0,0.0,fbref_wfr_standard
Diego Carlos,b4a014b1,https://fbref.com/en/players/b4a014b1/Diego-Carlos,summer,2021-22,2022-23,La Liga,Sevilla,Aston Villa,DF,29.0,2957.0,205.0,0.0693270206290159,2.1,0.4,0.2,0.0,0.0639161312140683,0.17560975609756097,0.00608725059181603,0.0,0.07000338180588433,2.7475029036004646,0.0,0.11169362488349266,-0.00608725059181603,0.0,0.0,0,,,,,False,False,0,0.0,fbref_wfr_standard
Duje Ćaleta-Car,94f8d10c,https://fbref.com/en/players/94f8d10c/Duje-Caleta-Car,summer,2021-22,2022-23,Ligue 1,Marseille,Southampton,DF,25.0,2057.0,946.0,0.45989304812834225,1.8,0.8,0.6,0.0,0.07875546912980068,0.07610993657505286,0.026251823043266894,0.0,0.10500729217306758,0.9664082687338502,0.0,-0.002645532554747823,-0.026251823043266894,0.0,0.0,0,average,69,0.07468879668049792,0.23403441682600384,True,True,1,0.0,fbref_wfr_standard
Emerson Palmieri,e0bc6fdc,https://fbref.com/en/players/e0bc6fdc/Emerson-Palmieri,summer,2021-22,2022-23,Ligue 1,Lyon,West Ham,DF,27.0,2264.0,1320.0,0.5830388692579506,0.9,0.8,3.6,0.9,0.0357773851590106,0.05454545454545454,0.1431095406360424,0.06136363636363636,0.178886925795053,1.5245791245791247,0.42878787878787883,0.018768069386443945,-0.08174590427240602,0.0,0.0,0,average,69,0.07468879668049792,0.23403441682600384,True,True,1,5.0,fbref_wfr_standard
Erling Haaland,1f44ac21,https://fbref.com/en/players/1f44ac21/Erling-Haaland,summer,2021-22,2022-23,Bundesliga,Dortmund,Manchester City,FW,22.0,1911.0,2769.0,1.4489795918367347,13.2,23.1,5.4,5.3,0.6216640502354788,0.7508125677139762,0.25431711145996866,0.1722643553629469,0.8759811616954474,1.2077464788732395,0.6773604590505997,0.12914851747849743,-0.08205275609702176,6.0,7.0,1,top,38,0.09587019960857404,0.5696030813302239,True,True,1,0.0,fbref_wfr_standard
Facundo Pellistri,ac7e7b1c,https://fbref.com/en/players/ac7e7b1c/Facundo-Pellistri,summer,2021-22,2022-23,La Liga,Alavés,Manchester Utd,"FW,MF",20.0,672.0,64.0,0.09523809523809523,0.5,0.0,0.5,0.0,0.06696428571428571,0.0,0.06696428571428571,0.0,0.13392857142857142,0.0,0.0,-0.06696428571428571,-0.06696428571428571,0.0,0.0,1,,,,,False,False,0,0.0,fbref_wfr_standard
Felipe,51a3c4c8,https://fbref.com/en/players/51a3c4c8/Felipe,summer,2021-22,2022-23,La Liga,Atlético Madrid,Nott'ham Forest,DF,33.0,1504.0,1418.0,0.9428191489361702,0.7,1.2,0.4,0.9,0.04188829787234042,0.076163610719323,0.023936170212765957,0.057122708039492244,0.06582446808510638,1.8182550876486,2.3864598025387873,0.03427531284698258,0.03318653782672629,0.0,0.0,0,bottom,46,0.10552615575711309,0.3586765503449571,True,True,1,0.0,fbref_wfr_standard
Georginio Rutter,c64c01fc,https://fbref.com/en/players/c64c01fc/Georginio-Rutter,summer,2021-22,2022-23,Bundesliga,Hoffenheim,Leeds United,"FW,MF",20.0,1611.0,273.0,0.16945996275605213,7.0,0.4,4.2,0.3,0.39106145251396646,0.13186813186813187,0.2346368715083799,0.0989010989010989,0.6256983240223464,0.33720565149136583,0.4215070643642072,-0.25919332064583456,-0.13573577260728098,0.0,0.0,0,,,,,False,False,0,0.0,fbref_wfr_standard
Gianluca Scamacca,8790f988,https://fbref.com/en/players/8790f988/Gianluca-Scamacca,summer,2021-22,2022-23,Serie A,Sassuolo,West Ham,FW,23.0,2146.0,926.0,0.4315004659832246,10.2,2.5,1.9,0.7,0.42777260018639324,0.24298056155507558,0.07968313140726933,0.06803455723542116,0.5074557315936625,0.568013382458815,0.8538138001591452,-0.18479203863131766,-0.01164857417184817,1.0,0.0,0,top,41,0.0972972972972973,0.27292418772563176,True,True,1,0.0,fbref_wfr_standard
Giulian Biancone,de40e38c,https://fbref.com/en/players/de40e38c/Giulian-Biancone,summer,2021-22,2022-23,Ligue 1,Troyes,Nott'ham Forest,DF,22.0,2292.0,17.0,0.007417102966841187,1.7,0.0,1.0,0.0,0.06675392670157068,0.0,0.03926701570680628,0.0,0.10602094240837696,0.0,0.0,-0.06675392670157068,-0.03926701570680628,0.0,0.0,0,,,,,False,False,0,0.0,fbref_wfr_standard
Gonçalo Guedes,e6bc67d7,https://fbref.com/en/players/e6bc67d7/Goncalo-Guedes,summer,2021-22,2022-23,La Liga,Valencia,Wolves,"FW,MF",25.0,2606.0,707.0,0.2712970069071374,4.7,1.2,4.0,0.5,0.16231772831926325,0.15275813295615276,0.13814274750575595,0.06364922206506365,0.3004604758250192,0.9411056607180475,0.4607496463932108,-0.00955959536311049,-0.0744935254406923,2.0,0.0,0,,,,,False,True,0,0.0,fbref_wfr_standard
Hamed Junior Traorè,570bb4b9,https://fbref.com/en/players/570bb4b9/Hamed-Junior-Traore,summer,2021-22,2022-23,Serie A,Sassuolo,Bournemouth,"FW,MF",22.0,1775.0,427.0,0.24056338028169014,5.7,0.9,3.5,1.1,0.28901408450704225,0.18969555035128804,0.17746478873239438,0.23185011709601877,0.4664788732394366,0.6563539997534821,1.3064570090331216,-0.0993185341557542,0.05438532836362439,0.0,0.0,0,,,,,False,False,0,0.0,fbref_wfr_standard
Idrissa Gana Gueye,72c812f3,https://fbref.com/en/players/72c812f3/Idrissa-Gana-Gueye,summer,2021-22,2022-23,Ligue 1,Paris S-G,Everton,MF,32.0,1641.0,2577.0,1.570383912248629,1.4,0.7,1.7,1.1,0.07678244972577696,0.024447031431897553,0.09323583180987204,0.03841676367869616,0.170018281535649,0.31839348079161817,0.41203862220091764,-0.0523354182938794,-0.054819068131175874,0.0,0.0,0,average,69,0.07468879668049792,0.23403441682600384,True,True,1,0.0,fbref_wfr_standard
Ivan Perišić,6fe90922,https://fbref.com/en/players/6fe90922/Ivan-Perisic,summer,2021-22,2022-23,Serie A,Inter,Tottenham,"DF,MF",33.0,2821.0,2108.0,0.7472527472527473,3.5,2.6,7.7,6.1,0.11166253101736973,0.1110056925996205,0.2456575682382134,0.26043643263757116,0.3573200992555831,0.9941176470588236,1.0601604278074868,-0.0006568384177492309,0.014778864399357772,1.0,0.0,1,top,41,0.0972972972972973,0.27292418772563176,True,True,1,0.0,fbref_wfr_standard
Jakub Kiwior,dc3e663e,https://fbref.com/en/players/dc3e663e/Jakub-Kiwior,summer,2021-22,2022-23,Serie A,Spezia,Arsenal,DF,22.0,1964.0,427.0,0.2174134419551935,0.4,0.1,0.9,0.0,0.018329938900203666,0.02107728337236534,0.04124236252545825,0.0,0.05957230142566192,1.1498829039812646,0.0,0.002747344472161673,-0.04124236252545825,0.0,0.0,1,,,,,False,False,0,0.0,fbref_wfr_standard
João Félix,8aafd64f,https://fbref.com/en/players/8aafd64f/Joao-Felix,summer,2021-22,2022-23,La Liga,Atlético Madrid,Chelsea,"FW,MF",22.0,1263.0,941.0,0.7450514647664291,5.7,4.9,4.7,0.5,0.40617577197149646,0.4686503719447397,0.334916864608076,0.04782146652497343,0.7410926365795725,1.153811734437049,0.1427860809008072,0.06247459997324323,-0.2870953980831026,0.0,0.0,1,top,46,0.10552615575711309,0.3586765503449571,True,True,1,0.0,fbref_wfr_standard
Kalidou Koulibaly,da974c7b,https://fbref.com/en/players/da974c7b/Kalidou-Koulibaly,summer,2021-22,2022-23,Serie A,Napoli,Chelsea,DF,31.0,2405.0,1800.0,0.7484407484407485,1.3,0.9,1.3,0.4,0.04864864864864865,0.045,0.04864864864864865,0.02,0.0972972972972973,0.9249999999999999,0.4111111111111111,-0.003648648648648653,-0.02864864864864865,0.0,0.0,1,average,41,0.0972972972972973,0.27292418772563176,True,True,1,0.0,fbref_wfr_standard
Kamaldeen Sulemana,a62f8bf1,https://fbref.com/en/players/a62f8bf1/Kamaldeen-Sulemana,summer,2021-22,2022-23,Ligue 1,Rennes,Southampton,"FW,MF",20.0,1015.0,966.0,0.9517241379310345,2.3,1.7,1.9,1.3,0.20394088669950736,0.15838509316770186,0.1684729064039409,0.12111801242236025,0.37241379310344824,0.7766225582860744,0.7189168573607934,-0.0455557935318055,-0.04735489398158063,0.0,0.0,0,top,69,0.07468879668049792,0.23403441682600384,True,True,1,0.0,fbref_wfr_standard
Kevin Mbabu,493924a7,https://fbref.com/en/players/493924a7/Kevin-Mbabu,summer,2021-22,2022-23,Bundesliga,Wolfsburg,Fulham,"DF,FW",27.0,1391.0,144.0,0.10352264557872035,0.3,0.0,1.3,0.4,0.019410496046010063,0.0,0.08411214953271028,0.25,0.10352264557872035,0.0,2.9722222222222223,-0.019410496046010063,0.1658878504672897,0.0,0.0,0,,,,,False,False,0,0.0,fbref_wfr_standard
Kevin Schade,52afb588,https://fbref.com/en/players/52afb588/Kevin-Schade,summer,2021-22,2022-23,Bundesliga,Freiburg,Brentford,FW,20.0,831.0,732.0,0.8808664259927798,2.0,2.1,0.9,1.1,0.21660649819494585,0.2581967213114754,0.09747292418772563,0.13524590163934427,0.3140794223826715,1.1920081967213116,1.3875227686703098,0.04159022311652957,0.037772977451618645,0.0,0.0,0,,,,,False,True,0,0.0,fbref_wfr_standard
Lucas Paquetá,9b6f7fd5,https://fbref.com/en/players/9b6f7fd5/Lucas-Paqueta,summer,2021-22,2022-23,Ligue 1,Lyon,West Ham,MF,24.0,2699.0,2151.0,0.7969618377176733,9.0,3.6,4.5,2.5,0.30011115227862173,0.1506276150627615,0.15005557613931086,0.10460251046025104,0.4501667284179326,0.501906090190609,0.6970917919314014,-0.14948353721586022,-0.04545306567905982,1.0,1.0,0,top,69,0.07468879668049792,0.23403441682600384,True,True,1,0.0,fbref_wfr_standard
Ludwig Augustinsson,9fec8860,https://fbref.com/en/players/9fec8860/Ludwig-Augustinsson,summer,2021-22,2022-23,La Liga,Sevilla,Aston Villa,DF,28.0,793.0,77.0,0.09709962168978563,0.4,0.1,0.8,0.0,0.04539722572509458,0.11688311688311688,0.09079445145018916,0.0,0.13619167717528374,2.5746753246753245,0.0,0.0714858911580223,-0.09079445145018916,0.0,0.0,0,,,,,False,False,0,0.0,fbref_wfr_standard
Manuel Akanji,89ac64a6,https://fbref.com/en/players/89ac64a6/Manuel-Akanji,summer,2021-22,2022-23,Bundesliga,Dortmund,Manchester City,DF,27.0,2261.0,2287.0,1.011499336576736,1.9,1.3,0.1,0.4,0.07563025210084033,0.05115872321818977,0.003980539584254755,0.015741145605596852,0.07961079168509509,0.6764320069960648,3.9545255793616088,-0.024471528882650563,0.011760606021342098,0.0,0.0,1,bottom,38,0.09587019960857404,0.5696030813302239,True,True,1,0.0,fbref_wfr_standard
Marc Roca,da27e268,https://fbref.com/en/players/da27e268/Marc-Roca,summer,2021-22,2022-23,Bundesliga,Bayern Munich,Leeds United,MF,25.0,379.0,2315.0,6.108179419525066,0.2,2.1,0.3,2.9,0.047493403693931395,0.0816414686825054,0.0712401055408971,0.11274298056155507,0.1187335092348285,1.7190064794816415,1.5825773938084953,0.034148064988574,0.04150287502065797,0.0,0.0,0,,,,,False,False,0,0.0,fbref_wfr_standard
Marcel Sabitzer,e280527c,https://fbref.com/en/players/e280527c/Marcel-Sabitzer,summer,2021-22,2022-23,Bundesliga,Bayern Munich|RB Leipzig,Manchester Utd,MF,28.0,954.0,627.0,0.6572327044025157,2.1,0.7,1.7,0.9,0.19811320754716982,0.10047846889952151,0.16037735849056603,0.1291866028708134,0.3584905660377359,0.5071770334928228,0.8055164649591895,-0.09763473864764831,-0.031190755619752625,0.0,0.0,1,,,,,False,True,0,0.0,fbref_wfr_standard
Mario Lemina,2b471f99,https://fbref.com/en/players/2b471f99/Mario-Lemina,summer,2021-22,2022-23,Ligue 1,Nice,Wolves,MF,28.0,1967.0,1299.0,0.6603965429588206,2.0,0.3,0.4,0.3,0.09150991357397051,0.020785219399538105,0.018301982714794104,0.020785219399538105,0.10981189628876462,0.22713625866050807,1.1356812933025402,-0.0707246941744324,0.002483236684744001,0.0,0.0,0,average,69,0.07468879668049792,0.23403441682600384,True,True,1,0.0,fbref_wfr_standard
Matheus Cunha,dc62b55d,https://fbref.com/en/players/dc62b55d/Matheus-Cunha,summer,2021-22,2022-23,La Liga,Atlético Madrid,Wolves,FW,23.0,1063.0,965.0,0.9078080903104422,5.8,2.0,2.2,0.6,0.49106302916274697,0.18652849740932642,0.1862652869238006,0.05595854922279793,0.6773283160865475,0.3798463462569233,0.300423928403203,-0.30453453175342055,-0.13030673770100265,0.0,0.0,0,top,46,0.10552615575711309,0.3586765503449571,True,True,1,0.0,fbref_wfr_standard
Matías Viña,08eb3b58,https://fbref.com/en/players/08eb3b58/Matias-Vina,summer,2021-22,2022-23,Serie A,Roma,Bournemouth,DF,24.0,1565.0,458.0,0.2926517571884984,0.6,0.9,1.1,0.2,0.03450479233226837,0.17685589519650655,0.06325878594249203,0.039301310043668124,0.0977635782747604,5.125545851528384,0.6212782850337434,0.1423511028642382,-0.023957475898823903,0.0,0.0,0,,,,,False,True,0,0.0,fbref_wfr_standard
Mikkel Damsgaard,215f3907,https://fbref.com/en/players/215f3907/Mikkel-Damsgaard,summer,2021-22,2022-23,Serie A,Sampdoria,Brentford,"MF,FW",22.0,578.0,988.0,1.7093425605536332,0.6,2.6,0.5,1.4,0.09342560553633218,0.23684210526315788,0.07785467128027682,0.12753036437246962,0.171280276816609,2.5350877192982453,1.6380566801619432,0.14341649972682569,0.0496756930921928,0.0,0.0,0,,,,,False,True,0,0.0,fbref_wfr_standard
Moussa Niakhate,00242715,https://fbref.com/en/players/00242715/Moussa-Niakhate,summer,2021-22,2022-23,Bundesliga,Mainz 05,Nott'ham Forest,DF,26.0,2567.0,1163.0,0.4530580444098169,2.3,0.6,0.5,0.1,0.08063887806778339,0.046431642304385214,0.01753019088430074,0.007738607050730868,0.09816906895208413,0.575797226064526,0.44144453998280303,-0.034207235763398174,-0.009791583833569872,2.0,0.0,0,average,38,0.09587019960857404,0.5696030813302239,True,True,1,0.0,fbref_wfr_standard
Naouirou Ahamada,a6c58494,https://fbref.com/en/players/a6c58494/Naouirou-Ahamada,summer,2021-22,2022-23,Bundesliga,Stuttgart,Crystal Palace,"MF,FW",20.0,61.0,94.0,1.540983606557377,0.0,0.2,0.0,0.1,0.0,0.19148936170212766,0.0,0.09574468085106383,0.0,,,0.19148936170212766,0.09574468085106383,0.0,0.0,0,,,,,False,False,0,0.0,fbref_wfr_standard
Nayef Aguerd,288e1e13,https://fbref.com/en/players/288e1e13/Nayef-Aguerd,summer,2021-22,2022-23,Ligue 1,Rennes,West Ham,DF,26.0,2735.0,1595.0,0.583180987202925,2.1,2.2,0.3,0.5,0.06910420475319927,0.12413793103448277,0.009872029250457038,0.02821316614420063,0.0789762340036563,1.7963875205254518,2.8578892371995823,0.0550337262812835,0.01834113689374359,0.0,0.0,0,average,69,0.07468879668049792,0.23403441682600384,True,True,1,0.0,fbref_wfr_standard
Orel Mangala,a572e291,https://fbref.com/en/players/a572e291/Orel-Mangala,summer,2021-22,2022-23,Bundesliga,Stuttgart,Nott'ham Forest,MF,24.0,1853.0,1550.0,0.8364813815434431,2.1,0.6,2.4,0.4,0.10199676200755532,0.03483870967741935,0.11656772800863464,0.023225806451612905,0.21856449001618997,0.34156682027649765,0.19924731182795702,-0.06715805233013597,-0.09334192155702174,0.0,0.0,0,average,38,0.09587019960857404,0.5696030813302239,True,True,1,0.0,fbref_wfr_standard
Pablo Sarabia,9744ff80,https://fbref.com/en/players/9744ff80/Pablo-Sarabia,summer,2021-22,2022-23,Ligue 1,Paris S-G,Wolves,"FW,MF",30.0,22.0,765.0,34.77272727272727,1.0,3.1,0.0,0.8,4.090909090909091,0.36470588235294116,0.0,0.09411764705882353,4.090909090909091,0.08915032679738562,,-3.7262032085561496,0.09411764705882353,0.0,0.0,0,,,,,False,False,0,0.0,fbref_wfr_standard
Pape Matar Sarr,feb5d972,https://fbref.com/en/players/feb5d972/Pape-Matar-Sarr,summer,2021-22,2022-23,Ligue 1,Metz,Tottenham,"MF,FW",19.0,2129.0,218.0,0.10239549084077032,2.1,0.1,1.5,0.3,0.08877407233442931,0.04128440366972477,0.06341005166744951,0.12385321100917432,0.1521841240018788,0.46505024027959807,1.953211009174312,-0.04748966866470454,0.06044315934172481,0.0,0.0,1,,,,,False,False,0,0.0,fbref_wfr_standard
Pervis Estupiñán,d38fdf53,https://fbref.com/en/players/d38fdf53/Pervis-Estupinan,summer,2021-22,2022-23,La Liga,Villarreal,Brighton,DF,24.0,1575.0,2675.0,1.6984126984126984,0.8,1.7,2.5,5.4,0.045714285714285714,0.05719626168224299,0.14285714285714285,0.18168224299065422,0.18857142857142856,1.2511682242990654,1.2717757009345796,0.011481975967957275,0.03882510013351137,0.0,0.0,0,average,46,0.10552615575711309,0.3586765503449571,True,True,1,0.0,fbref_wfr_standard
Remo Freuler,98d2c2c4,https://fbref.com/en/players/98d2c2c4/Remo-Freuler,summer,2021-22,2022-23,Serie A,Atalanta,Nott'ham Forest,MF,30.0,2369.0,2161.0,0.9121992401857324,1.4,0.4,1.4,0.8,0.05318699873364288,0.016658954187875982,0.05318699873364288,0.033317908375751965,0.10637399746728576,0.3132147815164937,0.6264295630329874,-0.0365280445457669,-0.019869090357890917,0.0,0.0,0,average,41,0.0972972972972973,0.27292418772563176,True,True,1,0.0,fbref_wfr_standard
Renan Lodi,ed9f7cfe,https://fbref.com/en/players/ed9f7cfe/Renan-Lodi,summer,2021-22,2022-23,La Liga,Atlético Madrid,Nott'ham Forest,DF,24.0,1181.0,2214.0,1.8746824724809483,0.7,1.0,1.8,1.2,0.053344623200677385,0.04065040650406504,0.1371718882303133,0.04878048780487805,0.1905165114309907,0.7620338108142987,0.3556157783800061,-0.012694216696612345,-0.08839140042543524,0.0,0.0,0,average,46,0.10552615575711309,0.3586765503449571,True,True,1,0.0,fbref_wfr_standard
Sasa Kalajdzic,15f24fe7,https://fbref.com/en/players/15f24fe7/Sasa-Kalajdzic,summer,2021-22,2022-23,Bundesliga,Stuttgart,Wolves,FW,25.0,1221.0,45.0,0.036855036855036855,5.0,0.3,2.5,0.0,0.36855036855036855,0.6,0.18427518427518427,0.0,0.5528255528255528,1.628,0.0,0.23144963144963143,-0.18427518427518427,2.0,0.0,0,,,,,False,False,0,0.0,fbref_wfr_standard
Saša Lukić,c6e8cf1f,https://fbref.com/en/players/c6e8cf1f/Sasa-Lukic,summer,2021-22,2022-23,Serie A,Torino,Fulham,MF,25.0,2982.0,412.0,0.1381623071763917,2.3,0.1,4.0,0.0,0.06941649899396378,0.021844660194174758,0.12072434607645875,0.0,0.19014084507042253,0.3146897425073871,0.0,-0.04757183879978902,-0.12072434607645875,3.0,0.0,0,,,,,False,False,0,0.0,fbref_wfr_standard
Sekou Mara,3544641e,https://fbref.com/en/players/3544641e/Sekou-Mara,summer,2021-22,2022-23,Ligue 1,Bordeaux,Southampton,"FW,MF",20.0,905.0,555.0,0.6132596685082873,4.4,1.0,0.7,0.8,0.43756906077348073,0.16216216216216217,0.06961325966850827,0.12972972972972974,0.507182320441989,0.3705978705978706,1.8635778635778641,-0.27540689861131856,0.060116470061221464,1.0,0.0,0,,,,,False,True,0,0.0,fbref_wfr_standard
Serge Aurier,5c2b4f07,https://fbref.com/en/players/5c2b4f07/Serge-Aurier,summer,2021-22,2022-23,La Liga,Villarreal,Nott'ham Forest,DF,29.0,1010.0,1943.0,1.9237623762376237,0.8,0.8,1.4,1.0,0.07128712871287128,0.03705609881626351,0.12475247524752474,0.04632012352032939,0.19603960396039602,0.5198147195059187,0.3712962282185134,-0.03423102989660777,-0.07843235172719534,0.0,0.0,0,average,46,0.10552615575711309,0.3586765503449571,True,True,1,0.0,fbref_wfr_standard
Sven Botman,ccce7025,https://fbref.com/en/players/ccce7025/Sven-Botman,summer,2021-22,2022-23,Ligue 1,Lille,Newcastle Utd,DF,22.0,2250.0,3127.0,1.3897777777777778,1.6,2.5,0.2,1.0,0.064,0.0719539494723377,0.008,0.028781579788935082,0.07200000000000001,1.1242804605052765,3.597697473616885,0.007953949472337699,0.020781579788935082,0.0,0.0,0,bottom,69,0.07468879668049792,0.23403441682600384,True,True,1,0.0,fbref_wfr_standard
Taiwo Awoniyi,e5478b87,https://fbref.com/en/players/e5478b87/Taiwo-Awoniyi,summer,2021-22,2022-23,Bundesliga,Union Berlin,Nott'ham Forest,FW,24.0,2174.0,1404.0,0.6458141674333027,12.0,6.6,2.4,1.1,0.49678012879484823,0.4230769230769231,0.09935602575896964,0.07051282051282053,0.5961361545538179,0.8516381766381765,0.7096984805318141,-0.07370320571792516,-0.028843205246149112,2.0,0.0,0,top,38,0.09587019960857404,0.5696030813302239,True,True,1,0.0,fbref_wfr_standard
Tetê,7120a04d,https://fbref.com/en/players/7120a04d/Tete,summer,2021-22,2022-23,Ligue 1,Lyon,Leicester City,FW,22.0,583.0,734.0,1.2590051457975986,2.3,1.8,2.3,0.4,0.3550600343053173,0.22070844686648503,0.3550600343053173,0.04904632152588556,0.7101200686106346,0.6216088141215497,0.13813529202701103,-0.13435158743883227,-0.30601371277943173,0.0,0.0,0,,,,,False,True,0,0.0,fbref_wfr_standard
Thilo Kehrer,51dbeea9,https://fbref.com/en/players/51dbeea9/Thilo-Kehrer,summer,2021-22,2022-23,Ligue 1,Paris S-G,West Ham,DF,25.0,1513.0,2230.0,1.4738929279577,1.0,0.5,0.0,0.6,0.059484467944481166,0.020179372197309416,0.0,0.0242152466367713,0.059484467944481166,0.33923766816143497,,-0.03930509574717175,0.0242152466367713,0.0,0.0,0,bottom,69,0.07468879668049792,0.23403441682600384,True,True,1,0.0,fbref_wfr_standard
Tyler Adams,2b09d998,https://fbref.com/en/players/2b09d998/Tyler-Adams,summer,2021-22,2022-23,Bundesliga,RB Leipzig,Leeds United,MF,23.0,1351.0,2156.0,1.5958549222797926,0.2,0.1,0.9,1.4,0.013323464100666173,0.004174397031539889,0.05995558845299778,0.05844155844155843,0.07327905255366396,0.3133116883116883,0.9747474747474746,-0.009149067069126285,-0.001514030011439349,0.0,0.0,0,bottom,38,0.09587019960857404,0.5696030813302239,True,True,1,0.0,fbref_wfr_standard
Weston McKennie,01c3aff5,https://fbref.com/en/players/01c3aff5/Weston-McKennie,summer,2021-22,2022-23,Serie A,Juventus,Leeds United,MF,23.0,1369.0,1437.0,1.0496712929145362,2.1,0.8,1.2,0.7,0.13805697589481372,0.05010438413361169,0.07888970051132213,0.043841336116910226,0.21694667640613585,0.36292540676674295,0.555729529111575,-0.08795259176120203,-0.035048364394411904,0.0,0.0,0,average,41,0.0972972972972973,0.27292418772563176,True,True,1,0.0,fbref_wfr_standard
William Saliba,972aeb2a,https://fbref.com/en/players/972aeb2a/William-Saliba,summer,2021-22,2022-23,Ligue 1,Marseille,Arsenal,DF,21.0,3240.0,2415.0,0.7453703703703703,1.7,0.9,0.4,1.2,0.04722222222222222,0.03354037267080745,0.011111111111111112,0.04472049689440994,0.058333333333333334,0.7102667153818049,4.024844720496895,-0.013681849551414771,0.03360938578329883,0.0,0.0,1,bottom,69,0.07468879668049792,0.23403441682600384,True,True,1,0.0,fbref_wfr_standard
Wout Faes,9c221d14,https://fbref.com/en/players/9c221d14/Wout-Faes,summer,2021-22,2022-23,Ligue 1,Reims,Leicester City,DF,24.0,3330.0,2786.0,0.8366366366366367,2.1,1.2,0.2,0.6,0.05675675675675676,0.038765254845656856,0.005405405405405406,0.019382627422828428,0.062162162162162166,0.6830068710901446,3.585786073223259,-0.017991501911099904,0.013977222017423022,0.0,0.0,0,bottom,69,0.07468879668049792,0.23403441682600384,True,True,1,0.0,fbref_wfr_standard
Álex Moreno,16e9d0ea,https://fbref.com/en/players/16e9d0ea/Alex-Moreno,summer,2021-22,2022-23,La Liga,Betis,Aston Villa,DF,29.0,2404.0,1329.0,0.552828618968386,3.8,0.6,1.9,3.0,0.14226289517470883,0.040632054176072234,0.07113144758735442,0.20316027088036118,0.21339434276206326,0.2856124509920399,2.856124509920399,-0.10163084099863659,0.13202882329300675,0.0,0.0,0,average,46,0.10552615575711309,0.3586765503449571,True,True,1,0.0,fbref_wfr_standard
André Gomes,1961b2aa,https://fbref.com/en/players/1961b2aa/Andre-Gomes,summer,2022-23,2023-24,Ligue 1,Lille,Everton,"MF,FW",,1629.0,508.0,0.3118477593615715,1.1,0.3,1.2,0.4,0.06077348066298344,0.0531496062992126,0.06629834254143646,0.07086614173228346,0.1270718232044199,0.874552612741589,1.0688976377952757,-0.007623874363770836,0.004567799190847002,0.0,0.0,0,,,,,False,True,0,0.0,fbref_wfr_standard
Ansu Fati,0ba976e4,https://fbref.com/en/players/0ba976e4/Ansu-Fati,summer,2022-23,2023-24,La Liga,Barcelona,Brighton,"MF,FW",,1393.0,521.0,0.3740129217516152,9.1,3.4,1.7,0.8,0.5879396984924623,0.5873320537428023,0.10983488872936109,0.1381957773512476,0.6977745872218234,0.998966484571091,1.2582138421587445,-0.000607644749660019,0.028360888621886515,0.0,0.0,0,,,,,False,True,0,0.0,fbref_wfr_standard
Axel Disasi,ad82197c,https://fbref.com/en/players/ad82197c/Axel-Disasi,summer,2022-23,2023-24,Ligue 1,Monaco,Chelsea,DF,,3330.0,2579.0,0.7744744744744745,3.0,2.4,1.2,0.3,0.08108108108108109,0.08375339278790228,0.032432432432432434,0.010469174098487785,0.11351351351351352,1.0329585110507948,0.32279953470337336,0.0026723117068211955,-0.02196325833394465,1.0,0.0,1,average,69,0.07468879668049792,0.23403441682600384,True,True,1,0.0,fbref_wfr_standard
Beto,ed5c0319,https://fbref.com/en/players/ed5c0319/Beto,summer,2022-23,2023-24,Serie A,Udinese,Everton,FW,,2129.0,951.0,0.44668858619069984,10.1,6.0,2.6,0.9,0.4269610145608267,0.5678233438485805,0.10991075622357914,0.08517350157728706,0.5368717707844058,1.3299184808070712,0.7749332686241204,0.14086232928775377,-0.024737254646292076,1.0,1.0,0,top,41,0.0972972972972973,0.27292418772563176,True,True,1,0.0,fbref_wfr_standard
Callum Hudson-Odoi,15f3ec41,https://fbref.com/en/players/15f3ec41/Callum-Hudson-Odoi,summer,2022-23,2023-24,Bundesliga,Leverkusen,Nott'ham Forest,"FW,MF",,605.0,1854.0,3.064462809917355,0.2,2.7,0.8,2.8,0.02975206611570248,0.13106796116504857,0.11900826446280992,0.13592233009708737,0.1487603305785124,4.4053398058252435,1.1421251348435815,0.10131589504934609,0.016914065634277456,0.0,0.0,0,,,,,False,True,0,0.0,fbref_wfr_standard
Carlos Baleba,a1390d2f,https://fbref.com/en/players/a1390d2f/Carlos-Baleba,summer,2022-23,2023-24,Ligue 1,Lille,Brighton,MF,,478.0,1325.0,2.771966527196653,0.5,0.8,0.1,0.3,0.09414225941422594,0.05433962264150943,0.01882845188284519,0.020377358490566037,0.11297071129707112,0.5772075471698114,1.0822641509433961,-0.039802636772716504,0.0015489066077208485,0.0,0.0,0,,,,,False,True,0,0.0,fbref_wfr_standard
Christopher Nkunku,7c56da38,https://fbref.com/en/players/7c56da38/Christopher-Nkunku,summer,2022-23,2023-24,Bundesliga,RB Leipzig,Chelsea,"FW,MF",,1897.0,443.0,0.2335266209804955,11.3,2.3,4.3,0.2,0.5361096468107539,0.46726862302483063,0.2040063257775435,0.040632054176072234,0.7401159725882974,0.871591522004035,0.19917056013439025,-0.06884102378592327,-0.16337427160147125,4.0,0.0,1,,,,,False,False,0,0.0,fbref_wfr_standard
Divock Origi,43a166b4,https://fbref.com/en/players/43a166b4/Divock-Origi,summer,2022-23,2023-24,Serie A,Milan,Nott'ham Forest,FW,,1027.0,606.0,0.5900681596884129,2.1,1.4,1.2,2.1,0.18403115871470302,0.2079207920792079,0.10516066212268745,0.3118811881188119,0.2891918208373905,1.1298129812981297,2.9657590759075907,0.023889633364504892,0.20672052599612445,0.0,0.0,0,,,,,False,True,0,0.0,fbref_wfr_standard
Dominik Szoboszlai,934e1968,https://fbref.com/en/players/934e1968/Dominik-Szoboszlai,summer,2022-23,2023-24,Bundesliga,RB Leipzig,Liverpool,MF,,2444.0,2104.0,0.8608837970540099,4.7,3.7,8.1,5.8,0.17307692307692307,0.15826996197718632,0.29828150572831424,0.24809885931558937,0.4713584288052373,0.914448669201521,0.8317607848659814,-0.014806961099736754,-0.05018264641272488,1.0,0.0,1,average,38,0.09587019960857404,0.5696030813302239,True,True,1,0.0,fbref_wfr_standard
Enes Ünal,f8eca1b6,https://fbref.com/en/players/f8eca1b6/Enes-Unal,summer,2022-23,2023-24,La Liga,Getafe,Bournemouth,"FW,MF",,2970.0,328.0,0.11043771043771043,7.1,2.9,3.5,1.0,0.21515151515151515,0.7957317073170732,0.10606060606060606,0.27439024390243905,0.3212121212121212,3.6984713156990727,2.587108013937282,0.580580192165558,0.16832963784183297,6.0,0.0,0,,,,,False,False,0,0.0,fbref_wfr_standard
Fodé Ballo-Touré,f449640d,https://fbref.com/en/players/f449640d/Fode-Ballo-Toure,summer,2022-23,2023-24,Serie A,Milan,Fulham,"DF,MF",,523.0,71.0,0.13575525812619502,0.6,0.0,0.2,0.0,0.10325047801147227,0.0,0.03441682600382409,0.0,0.13766730401529637,0.0,0.0,-0.10325047801147227,-0.03441682600382409,0.0,0.0,0,,,,,False,False,0,0.0,fbref_wfr_standard
Gio Reyna,7fa4e703,https://fbref.com/en/players/7fa4e703/Gio-Reyna,summer,2022-23,2023-24,Bundesliga,Dortmund,Nott'ham Forest,"FW,MF",,625.0,235.0,0.376,3.5,0.3,1.3,0.5,0.504,0.1148936170212766,0.1872,0.19148936170212766,0.6912,0.22796352583586627,1.0229132569558101,-0.3891063829787234,0.004289361702127653,1.0,0.0,0,,,,,False,False,0,0.0,fbref_wfr_standard
Giovani Lo Celso,d7553721,https://fbref.com/en/players/d7553721/Giovani-Lo-Celso,summer,2022-23,2023-24,La Liga,Villarreal,Tottenham,MF,,1126.0,506.0,0.4493783303730018,2.5,0.6,3.3,1.9,0.19982238010657194,0.1067193675889328,0.26376554174067496,0.33794466403162055,0.4635879218472469,0.5340711462450592,1.2812312851838543,-0.09310301251763914,0.07417912229094559,0.0,0.0,1,,,,,False,True,0,0.0,fbref_wfr_standard
Gonzalo Montiel,374d5158,https://fbref.com/en/players/374d5158/Gonzalo-Montiel,summer,2022-23,2023-24,La Liga,Sevilla,Nott'ham Forest,DF,,1524.0,801.0,0.5255905511811023,0.8,0.1,2.1,1.4,0.047244094488188976,0.011235955056179775,0.12401574803149606,0.15730337078651685,0.17125984251968504,0.23782771535580524,1.268414481897628,-0.0360081394320092,0.033287622755020785,0.0,0.0,0,,,,,False,True,0,0.0,fbref_wfr_standard
Han-Noah Massengo,eba1e557,https://fbref.com/en/players/eba1e557/Han-Noah-Massengo,summer,2022-23,2023-24,Ligue 1,Auxerre,Burnley,"MF,DF",,1116.0,16.0,0.014336917562724014,1.3,0.0,0.6,0.0,0.10483870967741936,0.0,0.04838709677419355,0.0,0.1532258064516129,0.0,0.0,-0.10483870967741936,-0.04838709677419355,0.0,0.0,0,,,,,False,False,0,0.0,fbref_wfr_standard
Igor,a4e85758,https://fbref.com/en/players/a4e85758/Igor,summer,2022-23,2023-24,Serie A,Fiorentina,Brighton,DF,,2057.0,1637.0,0.7958191541079241,0.5,0.3,0.2,0.7,0.021876519202722412,0.016493585827733658,0.008750607681088965,0.0384850335980452,0.030627126883811376,0.7539401343921807,4.39798411728772,-0.005382933374988755,0.029734425916956235,0.0,0.0,0,bottom,41,0.0972972972972973,0.27292418772563176,True,True,1,0.0,fbref_wfr_standard
Issa Kaboré,c066d1a5,https://fbref.com/en/players/c066d1a5/Issa-Kabore,summer,2022-23,2023-24,Ligue 1,Marseille,Luton Town,DF,,1028.0,1729.0,1.6819066147859922,0.9,0.2,0.9,2.1,0.07879377431906615,0.010410641989589358,0.07879377431906615,0.10931174089068826,0.1575875486381323,0.13212518475676371,1.3873144399460189,-0.06838313232947679,0.030517966571622118,0.0,0.0,0,average,69,0.07468879668049792,0.23403441682600384,True,True,1,0.0,fbref_wfr_standard
Jacob Bruun Larsen,4e204552,https://fbref.com/en/players/4e204552/Jacob-Bruun-Larsen,summer,2022-23,2023-24,Bundesliga,Hoffenheim,Burnley,"MF,FW",,328.0,1249.0,3.807926829268293,1.3,4.2,0.4,1.5,0.3567073170731707,0.3026421136909528,0.10975609756097561,0.10808646917534027,0.4664634146341463,0.8484325922276283,0.9847878302642114,-0.05406520338221793,-0.0016696283856353356,0.0,1.0,0,,,,,False,False,0,0.0,fbref_wfr_standard
Jean-Ricner Bellegarde,10f0fdd3,https://fbref.com/en/players/10f0fdd3/Jean-Ricner-Bellegarde,summer,2022-23,2023-24,Ligue 1,Strasbourg,Wolves,"MF,FW",,2419.0,958.0,0.39603141794129804,2.6,1.6,5.2,1.0,0.09673418768085985,0.15031315240083507,0.1934683753617197,0.09394572025052192,0.2902025630425796,1.5538782720411113,0.4855869600128473,0.05357896471997521,-0.09952265511119779,0.0,0.0,0,top,69,0.07468879668049792,0.23403441682600384,True,True,1,0.0,fbref_wfr_standard
Jeremy Doku,fffea3e5,https://fbref.com/en/players/fffea3e5/Jeremy-Doku,summer,2022-23,2023-24,Ligue 1,Rennes,Manchester City,"FW,MF",,1291.0,1595.0,1.2354763749031759,2.7,2.5,4.9,4.6,0.18822618125484122,0.14106583072100312,0.3415956622773045,0.25956112852664576,0.5298218435321457,0.7494485080691976,0.7598490179770966,-0.0471603505338381,-0.08203453375065872,0.0,0.0,1,top,69,0.07468879668049792,0.23403441682600384,True,True,1,0.0,fbref_wfr_standard
Joško Gvardiol,5ad50391,https://fbref.com/en/players/5ad50391/Josko-Gvardiol,summer,2022-23,2023-24,Bundesliga,RB Leipzig,Manchester City,DF,,2170.0,2328.0,1.0728110599078342,1.8,3.1,0.6,1.4,0.07465437788018434,0.11984536082474227,0.02488479262672811,0.05412371134020618,0.09953917050691244,1.605336006109202,2.174971363115693,0.045190982944557936,0.02923891871347807,0.0,0.0,1,average,38,0.09587019960857404,0.5696030813302239,True,True,1,0.0,fbref_wfr_standard
Justin Kluivert,4c3a6744,https://fbref.com/en/players/4c3a6744/Justin-Kluivert,summer,2022-23,2023-24,La Liga,Valencia,Bournemouth,"MF,FW",,1447.0,1916.0,1.3241188666205943,5.9,6.2,2.4,1.9,0.3669661368348307,0.29123173277661796,0.1492743607463718,0.08924843423799582,0.5162404975812025,0.7936201832914617,0.5978818719554628,-0.07573440405821275,-0.060025926508375974,1.0,0.0,0,top,46,0.10552615575711309,0.3586765503449571,True,True,1,0.0,fbref_wfr_standard
Konstantinos Mavropanos,00963611,https://fbref.com/en/players/00963611/Konstantinos-Mavropanos,summer,2022-23,2023-24,Bundesliga,Stuttgart,West Ham,DF,,2286.0,1500.0,0.6561679790026247,4.0,1.2,1.1,0.2,0.15748031496062992,0.072,0.043307086614173235,0.012,0.20078740157480315,0.4572,0.27709090909090905,-0.08548031496062992,-0.03130708661417324,0.0,0.0,0,average,38,0.09587019960857404,0.5696030813302239,True,True,1,0.0,fbref_wfr_standard
Lesley Ugochukwu,1df4a109,https://fbref.com/en/players/1df4a109/Lesley-Ugochukwu,summer,2022-23,2023-24,Ligue 1,Rennes,Chelsea,MF,,1330.0,301.0,0.22631578947368422,0.9,0.0,0.8,0.1,0.06090225563909774,0.0,0.05413533834586466,0.029900332225913623,0.11503759398496241,0.0,0.5523255813953488,-0.06090225563909774,-0.02423500611995104,0.0,0.0,1,,,,,False,False,0,0.0,fbref_wfr_standard
Lorenz Assignon,b026bbf6,https://fbref.com/en/players/b026bbf6/Lorenz-Assignon,summer,2022-23,2023-24,Ligue 1,Rennes,Burnley,DF,,261.0,1234.0,4.727969348659004,0.3,0.4,0.3,2.6,0.10344827586206896,0.029173419773095625,0.10344827586206896,0.18962722852512157,0.20689655172413793,0.28200972447325773,1.8330632090761751,-0.07427485608897334,0.0861789526630526,0.0,0.0,0,,,,,False,False,0,0.0,fbref_wfr_standard
Luca Koleosho,fc076f78,https://fbref.com/en/players/fc076f78/Luca-Koleosho,summer,2022-23,2023-24,La Liga,Espanyol,Burnley,"MF,FW",,59.0,974.0,16.508474576271187,0.0,2.0,0.0,1.3,0.0,0.18480492813141683,0.0,0.12012320328542095,0.0,,,0.18480492813141683,0.12012320328542095,0.0,0.0,0,,,,,False,False,0,0.0,fbref_wfr_standard
Mahmoud Dahoud,db4ed67b,https://fbref.com/en/players/db4ed67b/Mahmoud-Dahoud,summer,2022-23,2023-24,Bundesliga,Dortmund,Brighton,MF,,337.0,452.0,1.3412462908011868,0.4,0.2,0.5,0.9,0.10682492581602374,0.03982300884955752,0.13353115727002968,0.17920353982300885,0.2403560830860534,0.372787610619469,1.3420353982300885,-0.06700191696646621,0.045672382552979174,0.0,0.0,0,,,,,False,False,0,0.0,fbref_wfr_standard
Malo Gusto,d56b9520,https://fbref.com/en/players/d56b9520/Malo-Gusto,summer,2022-23,2023-24,Ligue 1,Lyon,Chelsea,DF,,1595.0,1751.0,1.0978056426332288,0.4,0.9,3.1,4.3,0.0225705329153605,0.04625928041119361,0.17492163009404388,0.22101656196459166,0.19749216300940436,2.0495431182181614,1.26351762126711,0.023688747495833107,0.04609493187054778,0.0,0.0,1,average,69,0.07468879668049792,0.23403441682600384,True,True,1,0.0,fbref_wfr_standard
Maxime Estève,1a066e69,https://fbref.com/en/players/1a066e69/Maxime-Esteve,summer,2022-23,2023-24,Ligue 1,Montpellier,Burnley,DF,,1646.0,1309.0,0.7952612393681653,0.6,0.3,0.1,0.0,0.032806804374240585,0.020626432391138275,0.0054678007290400975,0.0,0.03827460510328068,0.6287242169595111,0.0,-0.01218037198310231,-0.0054678007290400975,0.0,0.0,0,bottom,69,0.07468879668049792,0.23403441682600384,True,True,1,0.0,fbref_wfr_standard
Micky van de Ven,8fe2a392,https://fbref.com/en/players/8fe2a392/Micky-van-de-Ven,summer,2022-23,2023-24,Bundesliga,Wolfsburg,Tottenham,DF,,2970.0,2339.0,0.7875420875420875,1.3,0.6,1.4,0.0,0.03939393939393939,0.023086789226165028,0.04242424242424242,0.0,0.08181818181818182,0.5860492649718815,0.0,-0.016307150167774363,-0.04242424242424242,0.0,0.0,1,bottom,38,0.09587019960857404,0.5696030813302239,True,True,1,0.0,fbref_wfr_standard
Moussa Diaby,aeed5c06,https://fbref.com/en/players/aeed5c06/Moussa-Diaby,summer,2022-23,2023-24,Bundesliga,Leverkusen,Aston Villa,"FW,MF",,2699.0,2174.0,0.8054835124120044,10.3,7.0,8.2,6.6,0.34346054094108935,0.28978840846366144,0.27343460540941084,0.2732290708371665,0.6168951463505001,0.8437312992917174,0.9992483227500171,-0.053672132477427914,-0.0002055345722443147,1.0,0.0,0,top,38,0.09587019960857404,0.5696030813302239,True,True,1,0.0,fbref_wfr_standard
Nicolas Jackson,9c36ed83,https://fbref.com/en/players/9c36ed83/Nicolas-Jackson,summer,2022-23,2023-24,La Liga,Villarreal,Chelsea,FW,,1598.0,2799.0,1.7515644555694618,8.0,18.6,3.3,4.3,0.45056320400500627,0.5980707395498394,0.1858573216520651,0.1382636655948553,0.6364205256570714,1.3273847802786711,0.7439236956921844,0.1475075355448331,-0.04759365605720978,0.0,0.0,1,top,46,0.10552615575711309,0.3586765503449571,True,True,1,0.0,fbref_wfr_standard
Nicolás Domínguez,20b3a502,https://fbref.com/en/players/20b3a502/Nicolas-Dominguez,summer,2022-23,2023-24,Serie A,Bologna,Nott'ham Forest,"MF,FW",,2300.0,1495.0,0.65,2.6,1.3,2.9,1.0,0.10173913043478261,0.0782608695652174,0.11347826086956522,0.06020066889632107,0.21521739130434783,0.7692307692307693,0.5305039787798408,-0.023478260869565212,-0.05327759197324415,0.0,0.0,0,average,41,0.0972972972972973,0.27292418772563176,True,True,1,0.0,fbref_wfr_standard
Nicolò Zaniolo,9907b1c8,https://fbref.com/en/players/9907b1c8/Nicolo-Zaniolo,summer,2022-23,2023-24,Serie A,Roma,Aston Villa,"FW,MF",,890.0,839.0,0.9426966292134832,2.9,2.6,0.9,1.0,0.2932584269662921,0.2789034564958284,0.09101123595505618,0.10727056019070322,0.3842696629213483,0.9510501006945872,1.1786518341941463,-0.014354970470463746,0.016259324235647035,0.0,0.0,0,,,,,False,True,0,0.0,fbref_wfr_standard
Nuno Tavares,a65c844b,https://fbref.com/en/players/a65c844b/Nuno-Tavares,summer,2022-23,2023-24,Ligue 1,Marseille,Nott'ham Forest,DF,,2349.0,457.0,0.19455087271179225,4.5,0.2,2.6,0.5,0.1724137931034483,0.03938730853391685,0.09961685823754789,0.09846827133479212,0.2720306513409962,0.22844638949671772,0.9884699545531056,-0.13302648456953142,-0.001148586902755766,0.0,0.0,0,,,,,False,True,0,0.0,fbref_wfr_standard
Ola Aina,246d153b,https://fbref.com/en/players/246d153b/Ola-Aina,summer,2022-23,2023-24,Serie A,Torino,Nott'ham Forest,DF,,876.0,1692.0,1.9315068493150684,0.8,0.3,2.1,0.9,0.0821917808219178,0.015957446808510637,0.21575342465753425,0.047872340425531915,0.297945205479452,0.19414893617021275,0.22188449848024316,-0.06623433401340717,-0.16788108423200232,0.0,0.0,0,,,,,False,True,0,0.0,fbref_wfr_standard
Pau Torres,532e1e4f,https://fbref.com/en/players/532e1e4f/Pau-Torres,summer,2022-23,2023-24,La Liga,Villarreal,Aston Villa,DF,,3054.0,2464.0,0.8068107400130976,2.4,1.0,1.0,0.4,0.07072691552062868,0.036525974025974024,0.029469548133595286,0.01461038961038961,0.10019646365422397,0.5164366883116883,0.49577922077922076,-0.034200941494654656,-0.014859158523205676,0.0,0.0,0,bottom,46,0.10552615575711309,0.3586765503449571,True,True,1,0.0,fbref_wfr_standard
Rasmus Højlund,491a433d,https://fbref.com/en/players/491a433d/Rasmus-Hojlund,summer,2022-23,2023-24,Serie A,Atalanta,Manchester Utd,FW,,1834.0,2158.0,1.1766630316248636,9.5,7.6,2.4,1.6,0.46619411123227916,0.3169601482854495,0.11777535441657579,0.06672845227062095,0.583969465648855,0.6798887859128823,0.5665739882607354,-0.14923396294682967,-0.05104690214595484,0.0,0.0,1,top,41,0.0972972972972973,0.27292418772563176,True,True,1,0.0,fbref_wfr_standard
Romain Faivre,745ca0a3,https://fbref.com/en/players/745ca0a3/Romain-Faivre,summer,2022-23,2023-24,Ligue 1,Lorient|Lyon,Bournemouth,"MF,FW",,1546.0,41.0,0.02652005174644243,2.9000000000000004,0.2,2.4,0.0,0.16882276843467015,0.43902439024390244,0.13971539456662355,0.0,0.30853816300129366,2.600504625735912,0.0,0.2702016218092323,-0.13971539456662355,0.0,0.0,0,,,,,False,False,0,0.0,fbref_wfr_standard
Ross Barkley,3a24769f,https://fbref.com/en/players/3a24769f/Ross-Barkley,summer,2022-23,2023-24,Ligue 1,Nice,Luton Town,MF,,960.0,2618.0,2.7270833333333333,4.3,4.1,2.4,3.7,0.403125,0.1409472880061115,0.225,0.12719633307868602,0.628125,0.349636683426013,0.5653170359052712,-0.2621777119938885,-0.09780366692131398,0.0,0.0,0,top,69,0.07468879668049792,0.23403441682600384,True,True,1,0.0,fbref_wfr_standard
Ryan Gravenberch,b8e740fb,https://fbref.com/en/players/b8e740fb/Ryan-Gravenberch,summer,2022-23,2023-24,Bundesliga,Bayern Munich,Liverpool,MF,,576.0,1121.0,1.9461805555555556,0.9,2.0,0.5,0.9,0.140625,0.16057091882247992,0.078125,0.07225691347011597,0.21875,1.1418376449598573,0.9248884924174844,0.019945918822479924,-0.005868086529884034,0.0,0.0,1,,,,,False,True,0,0.0,fbref_wfr_standard
Sandro Tonali,0db169ae,https://fbref.com/en/players/0db169ae/Sandro-Tonali,summer,2022-23,2023-24,Serie A,Milan,Newcastle Utd,MF,,2713.0,438.0,0.1614448949502396,2.4,0.7,5.7,0.6,0.07961666052340582,0.14383561643835616,0.18908956874308883,0.1232876712328767,0.2687062292664947,1.8066019786910197,0.6520067291516463,0.06421895591495033,-0.06580189751021212,0.0,0.0,0,,,,,False,False,0,0.0,fbref_wfr_standard
Santiago Bueno,edc98fac,https://fbref.com/en/players/edc98fac/Santiago-Bueno,summer,2022-23,2023-24,La Liga,Girona,Wolves,DF,,3010.0,822.0,0.27308970099667773,1.3,0.0,1.1,0.1,0.03887043189368771,0.0,0.03289036544850499,0.010948905109489052,0.0717607973421927,0.0,0.3328909533289095,-0.03887043189368771,-0.021941460339015936,0.0,0.0,0,,,,,False,True,0,0.0,fbref_wfr_standard
Sasa Kalajdzic,15f24fe7,https://fbref.com/en/players/15f24fe7/Sasa-Kalajdzic,summer,2022-23,2023-24,Bundesliga,Stuttgart,Wolves,FW,,233.0,166.0,0.7124463519313304,0.5,1.1,0.6,1.0,0.19313304721030042,0.5963855421686748,0.2317596566523605,0.5421686746987951,0.4248927038626609,3.0879518072289165,2.3393574297188753,0.40325249495837434,0.3104090180464346,0.0,0.0,0,,,,,False,False,0,45.0,fbref_wfr_standard
Sergio Reguilón,3353737a,https://fbref.com/en/players/3353737a/Sergio-Reguilon,summer,2022-23,2023-24,La Liga,Atlético Madrid,Brentford|Manchester Utd,DF,,309.0,1530.0,4.951456310679611,0.2,1.0,0.4,3.5,0.05825242718446602,0.058823529411764705,0.11650485436893204,0.20588235294117646,0.17475728155339806,1.0098039215686274,1.767156862745098,0.0005711022272986838,0.08937749857224442,0.0,0.0,1,,,,,False,False,0,0.0,fbref_wfr_standard
Sofyan Amrabat,5a2cb25d,https://fbref.com/en/players/5a2cb25d/Sofyan-Amrabat,summer,2022-23,2023-24,Serie A,Fiorentina,Manchester Utd,"MF,DF",,1998.0,938.0,0.4694694694694695,0.5,0.1,1.1,0.3,0.02252252252252252,0.009594882729211088,0.04954954954954956,0.028784648187633263,0.07207207207207209,0.4260127931769723,0.5809265361504167,-0.012927639793311433,-0.020764901361916294,0.0,0.0,1,bottom,41,0.0972972972972973,0.27292418772563176,True,True,1,0.0,fbref_wfr_standard
Timo Werner,49fe9070,https://fbref.com/en/players/49fe9070/Timo-Werner,summer,2022-23,2023-24,Bundesliga,RB Leipzig,Tottenham,FW,,1937.0,809.0,0.41765616933402167,9.1,3.7,3.1,2.7,0.4228187919463087,0.411619283065513,0.14403717088280846,0.3003708281829419,0.5668559628291172,0.9735122726470069,2.0853702300729697,-0.011199508880795739,0.15633365730013346,0.0,0.0,1,,,,,False,True,0,0.0,fbref_wfr_standard
Vinicius Souza,6a8a7af8,https://fbref.com/en/players/6a8a7af8/Vinicius-Souza,summer,2022-23,2023-24,La Liga,Espanyol,Sheffield Utd,MF,,2428.0,2668.0,1.098846787479407,0.8,0.6,0.6,0.2,0.029654036243822075,0.020239880059970013,0.022240527182866558,0.006746626686656672,0.051894563426688634,0.6825337331334332,0.30334832583708143,-0.009414156183852062,-0.015493900496209887,0.0,0.0,0,bottom,46,0.10552615575711309,0.3586765503449571,True,True,1,0.0,fbref_wfr_standard
Wataru Endo,c149016b,https://fbref.com/en/players/c149016b/Wataru-Endo,summer,2022-23,2023-24,Bundesliga,Stuttgart,Liverpool,MF,,2922.0,1722.0,0.5893223819301848,3.8,0.5,4.7,1.7,0.11704312114989733,0.02613240418118467,0.14476386036960986,0.08885017421602788,0.2618069815195072,0.22327159361819182,0.6137593594780932,-0.09091071696871267,-0.055913686153581985,0.0,0.0,1,average,38,0.09587019960857404,0.5696030813302239,True,True,1,0.0,fbref_wfr_standard
Wilson Odobert,35516eac,https://fbref.com/en/players/35516eac/Wilson-Odobert,summer,2022-23,2023-24,Ligue 1,Troyes,Burnley,"MF,FW",,1764.0,2098.0,1.189342403628118,2.6,2.8,1.8,3.3,0.1326530612244898,0.12011439466158244,0.09183673469387756,0.1415633937082936,0.22448979591836737,0.9054777443719291,1.5414680648236414,-0.012538666562907363,0.049726659014416044,0.0,0.0,0,average,69,0.07468879668049792,0.23403441682600384,True,True,1,0.0,fbref_wfr_standard
Yasser Larouci,0ed063d6,https://fbref.com/en/players/0ed063d6/Yasser-Larouci,summer,2022-23,2023-24,Ligue 1,Troyes,Sheffield Utd,DF,,1797.0,531.0,0.29549248747913187,0.5,0.2,1.6,0.3,0.025041736227045076,0.03389830508474576,0.08013355592654424,0.05084745762711865,0.10517529215358931,1.3536723163841808,0.6345338983050848,0.008856568857700687,-0.029286098299425592,0.0,0.0,0,,,,,False,True,0,0.0,fbref_wfr_standard
Boubakary Soumaré,ae59b359,https://fbref.com/en/players/ae59b359/Boubakary-Soumare,summer,2023-24,2024-25,La Liga,Sevilla,Leicester City,MF,25.0,2286.0,2171.0,0.9496937882764654,0.0,0.3,0.9,0.4,0.0,0.01243666513127591,0.03543307086614173,0.016582220175034548,0.03543307086614173,,0.46798710271764166,0.01243666513127591,-0.018850850691107184,0.0,0.0,0,bottom,46,0.10552615575711309,0.3586765503449571,True,True,1,0.0,fbref_wfr_standard
Brajan Gruda,ae9b998d,https://fbref.com/en/players/ae9b998d/Brajan-Gruda,summer,2023-24,2024-25,Bundesliga,Mainz 05,Brighton,"MF,FW",20.0,1641.0,687.0,0.4186471663619744,3.5,1.2,4.1,2.1,0.19195612431444242,0.1572052401746725,0.2248628884826325,0.27510917030567683,0.4168190127970749,0.8189644416718652,1.2234529768878475,-0.03475088413976993,0.05024628182304433,0.0,0.0,0,,,,,False,True,0,0.0,fbref_wfr_standard
Caleb Okoli,8ec109e6,https://fbref.com/en/players/8ec109e6/Caleb-Okoli,summer,2023-24,2024-25,Serie A,Frosinone,Leicester City,DF,23.0,2914.0,1125.0,0.3860672614962251,0.6,0.6,0.8,0.0,0.018531228551818806,0.048,0.024708304735758406,0.0,0.04323953328757721,2.590222222222222,0.0,0.029468771448181195,-0.024708304735758406,0.0,0.0,0,bottom,41,0.0972972972972973,0.27292418772563176,True,True,1,0.0,fbref_wfr_standard
Carlos Alcaraz,4abac767,https://fbref.com/en/players/4abac767/Carlos-Alcaraz,summer,2023-24,2024-25,Serie A,Juventus,Everton|Southampton,"FW,MF",21.0,380.0,774.0,2.036842105263158,0.4,1.8,0.1,1.7000000000000002,0.09473684210526316,0.20930232558139536,0.02368421052631579,0.1976744186046512,0.11842105263157895,2.2093023255813953,8.346253229974161,0.1145654834761322,0.17399020807833543,0.0,0.0,0,,,,,False,False,0,0.0,fbref_wfr_standard
Carlos Soler,fed17f5a,https://fbref.com/en/players/fed17f5a/Carlos-Soler,summer,2023-24,2024-25,Ligue 1,Paris S-G,West Ham,"MF,FW",27.0,1090.0,1409.0,1.2926605504587156,1.5,1.8,2.4,1.4,0.12385321100917432,0.11497515968772179,0.1981651376146789,0.08942512420156139,0.32201834862385326,0.928317955997161,0.4512656730541755,-0.00887805132145253,-0.10874001341311752,0.0,0.0,0,top,69,0.07468879668049792,0.23403441682600384,True,True,1,0.0,fbref_wfr_standard
Chadi Riad,b3b9b8b8,https://fbref.com/en/players/b3b9b8b8/Chadi-Riad,summer,2023-24,2024-25,La Liga,Betis,Crystal Palace,DF,21.0,2164.0,90.0,0.041589648798521256,0.7,0.0,0.2,0.0,0.029112754158964877,0.0,0.00831792975970425,0.0,0.037430683918669126,0.0,0.0,-0.029112754158964877,-0.00831792975970425,0.0,0.0,0,,,,,False,False,0,0.0,fbref_wfr_standard
Daichi Kamada,15b287da,https://fbref.com/en/players/15b287da/Daichi-Kamada,summer,2023-24,2024-25,Serie A,Lazio,Crystal Palace,MF,27.0,1544.0,1564.0,1.0129533678756477,1.8,1.1,2.8,1.9,0.10492227979274611,0.0632992327365729,0.1632124352331606,0.10933503836317135,0.2681347150259067,0.6032963910201763,0.6698940445743515,-0.041623047056173215,-0.05387739686998924,0.0,0.0,0,average,41,0.0972972972972973,0.27292418772563176,True,True,1,0.0,fbref_wfr_standard
Dean Huijsen,87278bce,https://fbref.com/en/players/87278bce/Dean-Huijsen,summer,2023-24,2024-25,Serie A,Juventus|Roma,Bournemouth,DF,19.0,522.0,2427.0,4.649425287356322,0.4,1.9,0.1,2.0,0.06896551724137931,0.07045735475896168,0.017241379310344827,0.07416563658838071,0.08620689655172414,1.0216316440049444,4.301606922126082,0.0014918375175823756,0.056924257278035885,0.0,0.0,0,,,,,False,True,0,0.0,fbref_wfr_standard
Djed Spence,9bc9a519,https://fbref.com/en/players/9bc9a519/Djed-Spence,summer,2023-24,2024-25,Serie A,Genoa,Tottenham,DF,23.0,859.0,1792.0,2.0861466821885912,0.2,0.6,0.3,1.8,0.020954598370197905,0.030133928571428572,0.03143189755529686,0.09040178571428571,0.05238649592549476,1.4380580357142858,2.876116071428571,0.009179330201230667,0.058969888158988855,0.0,0.0,1,,,,,False,True,0,0.0,fbref_wfr_standard
Donyell Malen,116c35df,https://fbref.com/en/players/116c35df/Donyell-Malen,summer,2023-24,2024-25,Bundesliga,Dortmund,Aston Villa,FW,25.0,1781.0,305.0,0.1712521055586749,9.5,2.2,3.0,0.2,0.48006737787759685,0.6491803278688526,0.15160022459292533,0.05901639344262295,0.6316676024705221,1.3522691975841246,0.3892896174863388,0.16911294999125576,-0.09258383115030237,0.0,0.0,0,,,,,False,False,0,0.0,fbref_wfr_standard
Emmanuel Agbadou,75f1ed80,https://fbref.com/en/players/75f1ed80/Emmanuel-Agbadou,summer,2023-24,2024-25,Ligue 1,Reims,Wolves,DF,27.0,2596.0,1410.0,0.5431432973805855,2.4,0.8,1.5,0.2,0.08320493066255778,0.05106382978723404,0.052003081664098616,0.01276595744680851,0.1352080123266564,0.6137115839243499,0.24548463356973993,-0.03214110087532374,-0.03923712421729011,0.0,0.0,0,average,69,0.07468879668049792,0.23403441682600384,True,True,1,0.0,fbref_wfr_standard
Fabio Carvalho,966e28d0,https://fbref.com/en/players/966e28d0/Fabio-Carvalho,summer,2023-24,2024-25,Bundesliga,RB Leipzig,Brentford,"FW,MF",21.0,165.0,455.0,2.757575757575758,0.2,2.5,0.2,0.7,0.10909090909090909,0.4945054945054945,0.10909090909090909,0.13846153846153844,0.21818181818181817,4.532967032967034,1.2692307692307692,0.38541458541458545,0.029370629370629356,0.0,0.0,0,,,,,False,False,0,0.0,fbref_wfr_standard
Federico Chiesa,b0f7e36c,https://fbref.com/en/players/b0f7e36c/Federico-Chiesa,summer,2023-24,2024-25,Serie A,Juventus,Liverpool,FW,26.0,2197.0,108.0,0.04915794264906691,5.6,0.3,6.2,0.2,0.2294037323623122,0.25,0.2539827036868457,0.16666666666666666,0.48338643604915793,1.0897817460317463,0.6562126642771803,0.020596267637687793,-0.08731603702017907,1.0,0.0,1,,,,,False,False,0,0.0,fbref_wfr_standard
Gonçalo Guedes,e6bc67d7,https://fbref.com/en/players/e6bc67d7/Goncalo-Guedes,summer,2023-24,2024-25,La Liga,Villarreal,Wolves,"MF,FW",27.0,951.0,995.0,1.046267087276551,2.3,3.2,1.5,1.3,0.21766561514195581,0.2894472361809045,0.14195583596214512,0.11758793969849246,0.35962145110410093,1.3297793314398079,0.8283417085427135,0.0717816210389487,-0.024367896263652655,0.0,0.0,0,top,46,0.10552615575711309,0.3586765503449571,True,True,1,0.0,fbref_wfr_standard
Guido Rodríguez,34e393f2,https://fbref.com/en/players/34e393f2/Guido-Rodriguez,summer,2023-24,2024-25,La Liga,Betis,West Ham,MF,30.0,1846.0,1149.0,0.6224268689057422,0.7,0.2,0.8,0.2,0.03412784398699891,0.015665796344647518,0.0390032502708559,0.015665796344647518,0.07313109425785481,0.4590326992415766,0.40165361183637943,-0.018462047642351393,-0.023337453926208385,0.0,0.0,0,bottom,46,0.10552615575711309,0.3586765503449571,True,True,1,0.0,fbref_wfr_standard
Iliman Ndiaye,5ed97752,https://fbref.com/en/players/5ed97752/Iliman-Ndiaye,summer,2023-24,2024-25,Ligue 1,Marseille,Everton,FW,24.0,1618.0,2430.0,1.5018541409147095,4.5,4.7,2.6,1.9,0.25030902348578493,0.17407407407407408,0.1446229913473424,0.07037037037037037,0.39493201483312734,0.6954366712391403,0.48657803102247543,-0.07623494941171086,-0.07425262097697204,0.0,2.0,0,top,69,0.07468879668049792,0.23403441682600384,True,True,1,0.0,fbref_wfr_standard
Ismaila Sarr,bfdb33aa,https://fbref.com/en/players/bfdb33aa/Ismaila-Sarr,summer,2023-24,2024-25,Ligue 1,Marseille,Crystal Palace,MF,26.0,1447.0,2711.0,1.8735314443676572,3.2,10.7,2.5,8.5,0.1990324809951624,0.3552194762080413,0.15549412577747063,0.28218369605311694,0.35452660677263304,1.7847311877535963,1.814754703061601,0.15618699521287888,0.1266895702756463,0.0,0.0,0,top,69,0.07468879668049792,0.23403441682600384,True,True,1,0.0,fbref_wfr_standard
Jadon Sancho,dbf053da,https://fbref.com/en/players/dbf053da/Jadon-Sancho,summer,2023-24,2024-25,Bundesliga,Dortmund,Chelsea,FW,24.0,947.0,1764.0,1.8627243928194297,0.7,2.2,3.0,3.7,0.06652587117212248,0.11224489795918369,0.28511087645195354,0.18877551020408162,0.35163674762407604,1.687236799481698,0.6621126228269085,0.045719026787061204,-0.09633536624787192,0.0,0.0,1,average,38,0.09587019960857404,0.5696030813302239,True,True,1,79.0,fbref_wfr_standard
Jake O'Brien,25f2ef01,https://fbref.com/en/players/25f2ef01/Jake-OBrien,summer,2023-24,2024-25,Ligue 1,Lyon,Everton,DF,23.0,2369.0,1571.0,0.6631490080202617,3.6,0.8,1.1,0.6,0.13676656817222457,0.04583068109484405,0.041789784719290846,0.03437301082113304,0.17855635289151542,0.33510149232618996,0.822521844800648,-0.09093588707738053,-0.007416773898157807,0.0,0.0,0,average,69,0.07468879668049792,0.23403441682600384,True,True,1,0.0,fbref_wfr_standard
Jean-Clair Todibo,88f130ed,https://fbref.com/en/players/88f130ed/Jean-Clair-Todibo,summer,2023-24,2024-25,Ligue 1,Nice,West Ham,DF,24.0,2651.0,1825.0,0.6884194643530743,0.6,0.4,1.6,0.0,0.02036967182195398,0.019726027397260273,0.05431912485854395,0.0,0.07468879668049792,0.9684018264840183,0.0,-0.0006436444246937061,-0.05431912485854395,0.0,0.0,0,average,69,0.07468879668049792,0.23403441682600384,True,True,1,0.0,fbref_wfr_standard
Jens Cajuste,928a4a61,https://fbref.com/en/players/928a4a61/Jens-Cajuste,summer,2023-24,2024-25,Serie A,Napoli,Ipswich Town,MF,24.0,1016.0,1959.0,1.9281496062992125,1.5,0.7,1.1,0.8,0.1328740157480315,0.032159264931087284,0.09744094488188977,0.036753445635528334,0.2303149606299213,0.2420282457035902,0.37718687642117965,-0.10071475081694423,-0.06068749924636144,0.0,0.0,0,average,41,0.0972972972972973,0.27292418772563176,True,True,1,0.0,fbref_wfr_standard
Jesper Lindstrøm,37dc1a48,https://fbref.com/en/players/37dc1a48/Jesper-Lindstrom,summer,2023-24,2024-25,Serie A,Napoli,Everton,FW,24.0,430.0,1239.0,2.8813953488372093,0.7,2.1,1.0,2.0,0.14651162790697672,0.15254237288135594,0.20930232558139536,0.14527845036319612,0.3558139534883721,1.0411622276029058,0.6941081517352703,0.006030744974379221,-0.06402387521819924,0.0,0.0,0,,,,,False,False,0,0.0,fbref_wfr_standard
Jorge Cuenca,0abc51f2,https://fbref.com/en/players/0abc51f2/Jorge-Cuenca,summer,2023-24,2024-25,La Liga,Villarreal,Fulham,DF,24.0,1963.0,351.0,0.17880794701986755,1.2,0.0,0.2,0.0,0.05501782985226694,0.0,0.009169638308711156,0.0,0.0641874681609781,0.0,0.0,-0.05501782985226694,-0.009169638308711156,0.0,0.0,0,,,,,False,False,0,0.0,fbref_wfr_standard
Joshua Zirkzee,028e70b9,https://fbref.com/en/players/028e70b9/Joshua-Zirkzee,summer,2023-24,2024-25,Serie A,Bologna,Manchester Utd,"FW,MF",23.0,2759.0,1402.0,0.5081551286698079,7.4,4.8,5.2,1.5,0.24139180862631388,0.30813124108416545,0.16962667633200434,0.09629101283880172,0.4110184849583182,1.2764776188456644,0.5676643256885768,0.06673943245785158,-0.07333566349320263,2.0,0.0,1,top,41,0.0972972972972973,0.27292418772563176,True,True,1,0.0,fbref_wfr_standard
João Félix,8aafd64f,https://fbref.com/en/players/8aafd64f/Joao-Felix,summer,2023-24,2024-25,La Liga,Barcelona,Chelsea,"FW,MF",24.0,1540.0,369.0,0.2396103896103896,8.7,2.2,3.1,1.0,0.5084415584415584,0.5365853658536586,0.18116883116883117,0.24390243902439024,0.6896103896103896,1.0553530822664552,1.3462715272314012,0.028143807412100208,0.06273360785555906,0.0,0.0,1,,,,,False,False,0,0.0,fbref_wfr_standard
Julian Araujo,8f4541c2,https://fbref.com/en/players/8f4541c2/Julian-Araujo,summer,2023-24,2024-25,La Liga,Las Palmas,Bournemouth,DF,22.0,1462.0,497.0,0.3399452804377565,0.7,0.0,1.2,0.1,0.04309165526675786,0.0,0.07387140902872777,0.018108651911468814,0.11696306429548563,0.0,0.24513749161636486,-0.04309165526675786,-0.055762757117258956,0.0,0.0,0,,,,,False,True,0,0.0,fbref_wfr_standard
Jørgen Strand Larsen,f553b2b3,https://fbref.com/en/players/f553b2b3/Jorgen-Strand-Larsen,summer,2023-24,2024-25,La Liga,Celta Vigo,Wolves,FW,24.0,2863.0,2587.0,0.9035976248690185,14.5,10.3,2.5,3.0,0.4558155780649668,0.3583301120989564,0.07858889276982187,0.10436799381523,0.5344044708347887,0.786129586926676,1.3280247390800155,-0.09748546596601043,0.025779101045408134,0.0,0.0,0,top,46,0.10552615575711309,0.3586765503449571,True,True,1,0.0,fbref_wfr_standard
Kevin Danso,6e33125f,https://fbref.com/en/players/6e33125f/Kevin-Danso,summer,2023-24,2024-25,Ligue 1,Lens,Tottenham,DF,25.0,2655.0,842.0,0.31713747645951035,1.8,0.4,0.4,0.1,0.061016949152542375,0.04275534441805225,0.013559322033898305,0.010688836104513063,0.07457627118644068,0.7007125890736341,0.7883016627078384,-0.018261604734490122,-0.0028704859293852414,0.0,0.0,1,,,,,False,True,0,0.0,fbref_wfr_standard
Kieran Tierney,fce2302c,https://fbref.com/en/players/fce2302c/Kieran-Tierney,summer,2023-24,2024-25,La Liga,Real Sociedad,Arsenal,"DF,FW",27.0,1238.0,259.0,0.20920840064620355,0.2,0.4,0.6,1.4,0.014539579967689823,0.138996138996139,0.04361873990306947,0.48648648648648646,0.05815831987075929,9.55984555984556,11.153153153153152,0.12445655902844917,0.442867746583417,0.0,0.0,1,,,,,False,False,0,0.0,fbref_wfr_standard
Leny Yoro,6763f716,https://fbref.com/en/players/6763f716/Leny-Yoro,summer,2023-24,2024-25,Ligue 1,Lille,Manchester Utd,DF,18.0,2673.0,1165.0,0.43583988028432474,1.5,0.7,0.1,0.1,0.050505050505050504,0.05407725321888411,0.003367003367003367,0.007725321888412017,0.05387205387205387,1.0707296137339055,2.294420600858369,0.003572202713833607,0.0043583185214086505,0.0,0.0,1,bottom,69,0.07468879668049792,0.23403441682600384,True,True,1,0.0,fbref_wfr_standard
Manuel Ugarte Ribeiro,c9817014,https://fbref.com/en/players/c9817014/Manuel-Ugarte-Ribeiro,summer,2023-24,2024-25,Ligue 1,Paris S-G,Manchester Utd,MF,23.0,1932.0,1785.0,0.9239130434782609,0.6,1.0,0.9,1.1,0.027950310559006212,0.05042016806722689,0.04192546583850932,0.05546218487394959,0.06987577639751553,1.803921568627451,1.3228758169934642,0.02246985750822068,0.013536719035440271,0.0,0.0,1,bottom,69,0.07468879668049792,0.23403441682600384,True,True,1,0.0,fbref_wfr_standard
Marc Guiu,d3d774cc,https://fbref.com/en/players/d3d774cc/Marc-Guiu,summer,2023-24,2024-25,La Liga,Barcelona,Chelsea,FW,18.0,74.0,73.0,0.9864864864864865,0.8,0.0,0.3,0.0,0.972972972972973,0.0,0.36486486486486486,0.0,1.337837837837838,0.0,0.0,-0.972972972972973,-0.36486486486486486,0.0,0.0,1,,,,,False,False,0,0.0,fbref_wfr_standard
Marco Asensio,45af8a54,https://fbref.com/en/players/45af8a54/Marco-Asensio,summer,2023-24,2024-25,Ligue 1,Paris S-G,Aston Villa,MF,28.0,1113.0,743.0,0.6675651392632524,3.2,2.9,5.8,1.0,0.2587601078167116,0.351278600269179,0.46900269541778977,0.12113055181695828,0.7277628032345014,1.3575454239569313,0.2582726133568478,0.0925184924524674,-0.3478721436008315,0.0,2.0,0,,,,,False,True,0,0.0,fbref_wfr_standard
Marshall Munetsi,2acf0cd7,https://fbref.com/en/players/2acf0cd7/Marshall-Munetsi,summer,2023-24,2024-25,Ligue 1,Reims,Wolves,"MF,FW",28.0,2173.0,1078.0,0.49608835710998617,6.2,3.3,1.0,1.8,0.2567878508973769,0.2755102040816326,0.04141739530602853,0.150278293135436,0.2982052462034054,1.0729098090849243,3.6283858998144716,0.018722353184255747,0.10886089782940747,0.0,0.0,0,top,69,0.07468879668049792,0.23403441682600384,True,True,1,0.0,fbref_wfr_standard
Mathys Tel,829aa60c,https://fbref.com/en/players/829aa60c/Mathys-Tel,summer,2023-24,2024-25,Bundesliga,Bayern Munich,Tottenham,FW,19.0,1050.0,911.0,0.8676190476190476,3.7,2.2,2.3,2.6,0.3171428571428571,0.21734357848518115,0.19714285714285712,0.25686059275521406,0.5142857142857142,0.6853175898181388,1.3029160502076076,-0.09979927865767596,0.05971773561235694,0.0,1.0,1,average,38,0.09587019960857404,0.5696030813302239,True,True,1,0.0,fbref_wfr_standard
Matthijs de Ligt,d6e53a3a,https://fbref.com/en/players/d6e53a3a/Matthijs-de-Ligt,summer,2023-24,2024-25,Bundesliga,Bayern Munich,Manchester Utd,DF,24.0,1390.0,2123.0,1.5273381294964028,1.7,2.5,0.1,0.3,0.11007194244604317,0.10598210080075365,0.006474820143884892,0.012717852096090438,0.11654676258992806,0.9628439223075005,1.964201601507301,-0.004089841645289513,0.006243031952205546,0.0,0.0,1,average,38,0.09587019960857404,0.5696030813302239,True,True,1,0.0,fbref_wfr_standard
Maxence Lacroix,277c49ed,https://fbref.com/en/players/277c49ed/Maxence-Lacroix,summer,2023-24,2024-25,Bundesliga,Wolfsburg,Crystal Palace,DF,24.0,2362.0,3116.0,1.31922099915326,0.8,3.4,0.8,1.0,0.03048264182895851,0.0982028241335045,0.03048264182895851,0.028883183568677792,0.06096528365791702,3.2215982028241332,0.9475288831835686,0.06772018230454599,-0.0015994582602807186,0.0,0.0,0,bottom,38,0.09587019960857404,0.5696030813302239,True,True,1,0.0,fbref_wfr_standard
Michael Kayode,e19660a8,https://fbref.com/en/players/e19660a8/Michael-Kayode,summer,2023-24,2024-25,Serie A,Fiorentina,Brentford,DF,20.0,1971.0,528.0,0.2678843226788432,0.5,0.2,1.1,1.2,0.0228310502283105,0.03409090909090909,0.05022831050228311,0.20454545454545456,0.0730593607305936,1.4931818181818182,4.072314049586777,0.011259858862598587,0.15431714404317146,0.0,0.0,0,,,,,False,True,0,0.0,fbref_wfr_standard
Mikel Merino,d080ed5e,https://fbref.com/en/players/d080ed5e/Mikel-Merino,summer,2023-24,2024-25,La Liga,Real Sociedad,Arsenal,"MF,FW",28.0,2482.0,1586.0,0.6390008058017728,3.3,5.9,1.9,2.0,0.11966156325543917,0.3348045397225725,0.06889605157131345,0.11349306431273644,0.18855761482675262,2.797928847109175,1.647308687860888,0.21514297646713335,0.044597012741422984,0.0,0.0,1,average,46,0.10552615575711309,0.3586765503449571,True,True,1,0.0,fbref_wfr_standard
Niclas Füllkrug,4f16405e,https://fbref.com/en/players/4f16405e/Niclas-Fullkrug,summer,2023-24,2024-25,Bundesliga,Dortmund|Werder Bremen,West Ham,FW,31.0,2392.0,790.0,0.3302675585284281,10.5,2.2,3.4,1.9,0.395066889632107,0.2506329113924051,0.12792642140468227,0.21645569620253163,0.5229933110367893,0.6344062688366487,1.6920327624720775,-0.1444339782397019,0.08852927479784936,3.0,0.0,0,,,,,False,True,0,0.0,fbref_wfr_standard
Nikola Milenković,bee704fc,https://fbref.com/en/players/bee704fc/Nikola-Milenkovic,summer,2023-24,2024-25,Serie A,Fiorentina,Nott'ham Forest,DF,26.0,2510.0,3330.0,1.3266932270916334,0.4,4.0,0.7,1.1,0.014342629482071713,0.10810810810810811,0.025099601593625495,0.029729729729729735,0.03944223107569721,7.5375375375375375,1.1844701844701848,0.0937654786260364,0.00463012813610424,0.0,0.0,0,bottom,41,0.0972972972972973,0.27292418772563176,True,True,1,0.0,fbref_wfr_standard
Noussair Mazraoui,b74277a0,https://fbref.com/en/players/b74277a0/Noussair-Mazraoui,summer,2023-24,2024-25,Bundesliga,Bayern Munich,Manchester Utd,DF,26.0,1197.0,2838.0,2.3709273182957395,0.9,0.7,1.8,1.5,0.06766917293233082,0.02219873150105708,0.13533834586466165,0.04756871035940803,0.20300751879699247,0.32804792107117686,0.3514799154334038,-0.04547044143127374,-0.08776963550525362,0.0,0.0,1,average,38,0.09587019960857404,0.5696030813302239,True,True,1,0.0,fbref_wfr_standard
Omar Marmoush,0e0102eb,https://fbref.com/en/players/0e0102eb/Omar-Marmoush,summer,2023-24,2024-25,Bundesliga,Eint Frankfurt,Manchester City,"FW,MF",25.0,2301.0,1175.0,0.5106475445458496,10.1,5.5,4.4,2.8,0.39504563233376794,0.42127659574468085,0.17209908735332466,0.21446808510638296,0.5671447196870926,1.066399831472509,1.2461895551257252,0.02623096341091291,0.0423689977530583,2.0,0.0,1,average,38,0.09587019960857404,0.5696030813302239,True,True,1,0.0,fbref_wfr_standard
Patrick Dorgu,e6536124,https://fbref.com/en/players/e6536124/Patrick-Dorgu,summer,2023-24,2024-25,Serie A,Lecce,Manchester Utd,DF,19.0,1564.0,842.0,0.5383631713554987,2.0,0.4,1.6,0.7,0.11508951406649616,0.04275534441805225,0.09207161125319693,0.07482185273159143,0.2071611253196931,0.3714964370546318,0.812648456057007,-0.07233416964844391,-0.0172497585216055,0.0,0.0,1,,,,,False,True,0,0.0,fbref_wfr_standard
Riccardo Calafiori,aded8e6f,https://fbref.com/en/players/aded8e6f/Riccardo-Calafiori,summer,2023-24,2024-25,Serie A,Bologna,Arsenal,DF,22.0,2349.0,983.0,0.4184759472115794,1.4,0.9,1.2,0.3,0.053639846743295014,0.08240081383519837,0.04597701149425287,0.027466937945066123,0.09961685823754789,1.5361866007847698,0.5974059003051881,0.02876096709190336,-0.01851007354918675,0.0,0.0,1,average,41,0.0972972972972973,0.27292418772563176,True,True,1,0.0,fbref_wfr_standard
Sepp van den Berg,7bf9400b,https://fbref.com/en/players/7bf9400b/Sepp-van-den-Berg,summer,2023-24,2024-25,Bundesliga,Mainz 05,Brentford,DF,22.0,2839.0,2586.0,0.9108841141246918,2.7,2.0,0.3,0.8,0.08559351884466362,0.06960556844547564,0.009510390982740402,0.027842227378190254,0.09510390982740402,0.8132107358712153,2.927558649136375,-0.01598795039918799,0.01833183639544985,0.0,0.0,0,bottom,38,0.09587019960857404,0.5696030813302239,True,True,1,0.0,fbref_wfr_standard
Sávio,fe6e7156,https://fbref.com/en/players/fe6e7156/Savio,summer,2023-24,2024-25,La Liga,Girona,Manchester City,"FW,MF",20.0,2976.0,1766.0,0.5934139784946236,6.1,5.0,7.9,6.9,0.1844758064516129,0.2548131370328426,0.23891129032258066,0.3516421291053228,0.42338709677419356,1.3812821417299446,1.4718522872256548,0.07033733058122968,0.11273083878274212,0.0,0.0,1,top,46,0.10552615575711309,0.3586765503449571,True,True,1,0.0,fbref_wfr_standard
Victor Bernth Kristiansen,505486d6,https://fbref.com/en/players/505486d6/Victor-Bernth-Kristiansen,summer,2023-24,2024-25,Serie A,Bologna,Leicester City,DF,21.0,2307.0,2482.0,1.0758560901603815,0.3,0.3,2.4,1.4,0.011703511053315995,0.010878323932312651,0.09362808842652796,0.0507655116841257,0.10533159947984395,0.9294923448831587,0.5422038678485092,-0.0008251871210033443,-0.042862576742402264,0.0,0.0,0,average,41,0.0972972972972973,0.27292418772563176,True,True,1,0.0,fbref_wfr_standard
Yerson Mosquera,1e159d70,https://fbref.com/en/players/1e159d70/Yerson-Mosquera,summer,2023-24,2024-25,La Liga,Villarreal,Wolves,DF,23.0,1229.0,441.0,0.35882831570382423,1.6,0.3,0.3,0.1,0.11716842961757526,0.061224489795918366,0.021969080553295363,0.02040816326530612,0.13913751017087062,0.5225340136054422,0.928949357520786,-0.05594393982165689,-0.001560917287989242,0.0,0.0,0,,,,,False,False,0,0.0,fbref_wfr_standard
İlkay Gündoğan,819b3158,https://fbref.com/en/players/819b3158/Ilkay-Gundogan,summer,2023-24,2024-25,La Liga,Barcelona,Manchester City,MF,33.0,2994.0,2223.0,0.7424849699398798,5.7,3.2,10.3,3.5,0.1713426853707415,0.12955465587044535,0.30961923847695394,0.1417004048582996,0.4809619238476954,0.7561143073608447,0.4576602072769676,-0.04178802950029614,-0.16791883361865434,2.0,0.0,1,top,46,0.10552615575711309,0.3586765503449571,True,True,1,0.0,fbref_wfr_standard
