model,evaluation_season,gw_start,gw_end,seed_season,pool,position,eval_target,component,sample_count,mean_projected,mean_actual,signed_bias,bias_share,mae,rmse,mse_contrib,mse_share,rank_by_mse_share,twin_source,mse_share_twin,twin_shrink,signed_bias_twin,twin_link_bias,demotion_label,snapshot_backed,total_mse,total_signed_bias,shrink_theta,bias_tau
hold_chase_challenger,2025-26,1,38,2024-25,all,ALL,realized,xp_minutes,31958,0.6355313654752859,0.604074097252644,0.031457268222641915,0.25469466557785797,0.35136873186600964,0.5569767144775297,0.5599978979769025,0.14468306601079683,4,none,,,,,no_twin,false,3.8705144521551205,0.12350972546390336,0.5,0.05
hold_chase_challenger,2025-26,1,38,2024-25,all,ALL,realized,xp_goals,31958,0.22560735462279785,0.1510419926153076,0.07456536200749027,0.6037205712134998,0.3202529990274565,0.9594560186716229,1.266298003997011,0.32716529537615613,1,process_ga,0.16028804729035626,0.5100701402143949,0.06353275671304129,0.011032605294448966,structural,false,3.8705144521551205,0.12350972546390336,0.5,0.05
hold_chase_challenger,2025-26,1,38,2024-25,all,ALL,realized,xp_assists,31958,0.1012408105562265,0.08842856248826585,0.01281224806796065,0.10373473036101213,0.17092574225863108,0.5343433920484429,0.4032322577610176,0.10418053278072532,5,process_ga,0.02968900277549689,0.7150235079140455,0.037105695718001326,-0.02429344765004067,variance,false,3.8705144521551205,0.12350972546390336,0.5,0.05
hold_chase_challenger,2025-26,1,38,2024-25,all,ALL,realized,xp_clean_sheet,31958,0.17202456178642814,0.1580199011202203,0.014004660666207883,0.11338913282825529,0.26033780198726547,0.6601883224340104,0.6861415716259601,0.17727399809705227,2,poisson_xgc,0.08125990085959393,0.5416141017189304,-0.021409979578158638,0.035414640244366496,variance,false,3.8705144521551205,0.12350972546390336,0.5,0.05
hold_chase_challenger,2025-26,1,38,2024-25,all,ALL,realized,xp_conceded,31958,-0.06171704983346963,-0.05363289317228863,-0.008084156661181006,-0.06545360400419367,0.07986250735270145,0.21447336943577397,0.04858115612456789,0.012551601789658137,7,poisson_xgc,-0.007013847227651683,0.44119903218800915,-0.0037889758415060033,-0.004295180819675004,structural,false,3.8705144521551205,0.12350972546390336,0.5,0.05
hold_chase_challenger,2025-26,1,38,2024-25,all,ALL,realized,xp_saves,31958,0.014022923212327594,0.014018399148882909,4.52406344468558e-06,3.6629208167155806e-05,0.016842238224024305,0.10483790722646763,0.021378821389165036,0.00552350899433051,8,none,,,,,no_twin,false,3.8705144521551205,0.12350972546390336,0.5,0.05
hold_chase_challenger,2025-26,1,38,2024-25,all,ALL,realized,xp_penalties_saved,31958,0.0023600140421301966,0.0017210088240816072,0.0006390052180485896,0.005173723896223408,0.004035430989550482,0.09436323075321124,0.0127893743721285,0.0033043086468795687,10,none,,,,,no_twin,false,3.8705144521551205,0.12350972546390336,0.5,0.05
hold_chase_challenger,2025-26,1,38,2024-25,all,ALL,realized,xp_penalties_missed,31958,-0.0012094080978887075,-0.0009387320858626948,-0.0002706760120260126,-0.0021915360187981284,0.0021250617820671087,0.04441466236080839,0.0021597724481812208,0.0005580065582699605,13,none,,,,,no_twin,false,3.8705144521551205,0.12350972546390336,0.5,0.05
hold_chase_challenger,2025-26,1,38,2024-25,all,ALL,realized,xp_own_goals,31958,-0.002620806726416625,-0.0025032855623005196,-0.00011752116411610595,-0.0009515134429673102,0.005083488555350632,0.07316232215246743,0.007775084790389791,0.0020087988009089043,12,none,,,,,no_twin,false,3.8705144521551205,0.12350972546390336,0.5,0.05
hold_chase_challenger,2025-26,1,38,2024-25,all,ALL,realized,xp_yellow_cards,31958,-0.045957154573546315,-0.04449590086989173,-0.0014612537036545806,-0.011831082112490347,0.07985834618213736,0.2010817755758762,0.009054512876844589,0.0023393564314953,11,none,,,,,no_twin,false,3.8705144521551205,0.12350972546390336,0.5,0.05
hold_chase_challenger,2025-26,1,38,2024-25,all,ALL,realized,xp_red_cards,31958,-0.004429013604476776,-0.0041304211777958575,-0.00029859242668091903,-0.0024175620629015558,0.008537732936039502,0.11272508549834559,0.01434363959039009,0.003705874184865395,9,none,,,,,no_twin,false,3.8705144521551205,0.12350972546390336,0.5,0.05
hold_chase_challenger,2025-26,1,38,2024-25,all,ALL,realized,xp_defcon,31958,0.09316204261664601,0.0886788910444959,0.004483151572150127,0.036297964029240445,0.14237567004502777,0.37250882405397423,0.23937830202781413,0.06184663692303931,6,none,,,,,no_twin,false,3.8705144521551205,0.12350972546390336,0.5,0.05
hold_chase_challenger,2025-26,1,38,2024-25,all,ALL,realized,xp_bonus,31958,0.0713436385255648,0.07556793291194693,-0.004224294386382127,-0.03420211947290506,0.12828901034425663,0.4134937741223726,0.5993840571747479,0.15485901540582234,3,none,,,,,no_twin,false,3.8705144521551205,0.12350972546390336,0.5,0.05
hold_chase_challenger,2025-26,1,38,2024-25,all,GKP,realized,xp_minutes,3686,0.43497568319193103,0.41345632121540965,0.02151936197652135,0.5725902111711617,0.20055823173418236,0.42958333857816483,0.2893440209068941,0.14739342916416076,3,none,,,,,no_twin,false,1.9630727268352959,0.03758248317327358,0.5,0.05
hold_chase_challenger,2025-26,1,38,2024-25,all,GKP,realized,xp_goals,3686,0.00026540121177247923,0.0,0.00026540121177247923,0.007061832783875673,0.00026540121177247923,0.003583370981190439,0.00032186908586683536,0.0001639618754144306,11,process_ga,1.4566036500821157e-05,0.9111620523734314,-0.00016867366614396132,0.0004340748779164406,variance,false,1.9630727268352959,0.03758248317327358,0.5,0.05
hold_chase_challenger,2025-26,1,38,2024-25,all,GKP,realized,xp_assists,3686,0.0029727415431194475,0.004069451980466631,-0.0010967104373471829,-0.029181425620303285,0.007024756520902547,0.11103013234133469,0.011641134809816408,0.005930057837736499,7,process_ga,0.00028944069480721114,0.9511909153793868,0.001833294988588791,-0.0029300054259359743,variance,false,1.9630727268352959,0.03758248317327358,0.5,0.05
hold_chase_challenger,2025-26,1,38,2024-25,all,GKP,realized,xp_clean_sheet,3686,0.23170942771098546,0.20944112859468259,0.022268299116302882,0.5925180359593367,0.3313158998661543,0.8055808035400354,0.9514212698529543,0.4846592063793567,1,poisson_xgc,0.14188053660465214,0.7072571102805005,-0.029346019775005585,0.051614318891308436,variance,false,1.9630727268352959,0.03758248317327358,0.5,0.05
hold_chase_challenger,2025-26,1,38,2024-25,all,GKP,realized,xp_conceded,3686,-0.10587944697329725,-0.09386869234943028,-0.012010754623866969,-0.3195838489035312,0.13136426518385086,0.2759547502843177,0.10111848847030784,0.051510311914588484,6,poisson_xgc,-0.018179923615485084,0.647062443620415,-0.006413408841993965,-0.0055973457818730005,variance,false,1.9630727268352959,0.03758248317327358,0.5,0.05
hold_chase_challenger,2025-26,1,38,2024-25,all,GKP,realized,xp_saves,3686,0.12158018991306709,0.12154096581660337,3.9224096463716046e-05,0.0010436802774014113,0.14602394171550967,0.3086956244827813,0.18535658544626593,0.09442165993772555,4,none,,,,,no_twin,false,1.9630727268352959,0.03758248317327358,0.5,0.05
hold_chase_challenger,2025-26,1,38,2024-25,all,GKP,realized,xp_penalties_saved,3686,0.020461565045685522,0.014921323928377646,0.0055402411173078765,0.14741551514211187,0.03498760270321604,0.27785289897718624,0.11088519429855742,0.05648552536172075,5,none,,,,,no_twin,false,1.9630727268352959,0.03758248317327358,0.5,0.05
hold_chase_challenger,2025-26,1,38,2024-25,all,GKP,realized,xp_penalties_missed,3686,0.0,0.0,0.0,0.0,0.0,0.0,0.0,0.0,12,none,,,,,no_twin,false,1.9630727268352959,0.03758248317327358,0.5,0.05
hold_chase_challenger,2025-26,1,38,2024-25,all,GKP,realized,xp_own_goals,3686,-0.002163229596434636,-0.002170374389582203,7.144793147567172e-06,0.0001901096613181782,0.004329906296300831,0.06670752381055496,0.007064502512427752,0.0035986962764321838,8,none,,,,,no_twin,false,1.9630727268352959,0.03758248317327358,0.5,0.05
hold_chase_challenger,2025-26,1,38,2024-25,all,GKP,realized,xp_yellow_cards,3686,-0.015875535621001493,-0.014921323928377646,-0.0009542116926238478,-0.02538979897162373,0.02896417645110507,0.12195713882301415,0.004918933273424316,0.0025057315534887056,10,none,,,,,no_twin,false,1.9630727268352959,0.03758248317327358,0.5,0.05
hold_chase_challenger,2025-26,1,38,2024-25,all,GKP,realized,xp_red_cards,3686,-0.00167432629555173,-0.0008138903960933261,-0.0008604358994584039,-0.022894599473147495,0.002488216691645056,0.05063423875891437,0.005156211754197416,0.0026266025113139014,9,none,,,,,no_twin,false,1.9630727268352959,0.03758248317327358,0.5,0.05
hold_chase_challenger,2025-26,1,38,2024-25,all,GKP,realized,xp_defcon,3686,0.0,0.0,0.0,0.0,0.0,0.0,0.0,0.0,13,none,,,,,no_twin,false,1.9630727268352959,0.03758248317327358,0.5,0.05
hold_chase_challenger,2025-26,1,38,2024-25,all,GKP,realized,xp_bonus,3686,0.04681500490409374,0.04395008138903961,0.002864923515054127,0.07623028797340059,0.08263711413288122,0.30384822547716683,0.29584451642458365,0.150704817188062,2,none,,,,,no_twin,false,1.9630727268352959,0.03758248317327358,0.5,0.05
hold_chase_challenger,2025-26,1,38,2024-25,all,DEF,realized,xp_minutes,10260,0.6968926927834268,0.6799220272904484,0.016970665492978484,0.2903215532454804,0.40727908549115943,0.6161343176686976,0.6777478965582069,0.15250924336513424,3,none,,,,,no_twin,false,4.4439791425334,0.05845472133661738,0.5,0.05
hold_chase_challenger,2025-26,1,38,2024-25,all,DEF,realized,xp_goals,10260,0.12403482791051099,0.08011695906432749,0.043917868846183504,0.7513143137451301,0.19623721674152164,0.7412127471219614,0.7365961803955743,0.16575149359851843,2,process_ga,0.0709950971867187,0.5716774814790972,0.018134243115189345,0.025783625730994145,variance,false,4.4439791425334,0.05845472133661738,0.5,0.05
hold_chase_challenger,2025-26,1,38,2024-25,all,DEF,realized,xp_assists,10260,0.08062000930796921,0.06929824561403508,0.011321763693934127,0.1936843326775371,0.14008755514482668,0.46104211443840226,0.2952926440350364,0.06644780152291568,6,process_ga,0.019238101079436843,0.7104779896622728,0.026976734454168046,-0.015654970760233915,variance,false,4.4439791425334,0.05845472133661738,0.5,0.05
hold_chase_challenger,2025-26,1,38,2024-25,all,DEF,realized,xp_clean_sheet,10260,0.3411120654131168,0.32046783625730996,0.020644229155806867,0.353166154653702,0.5242812310450331,1.0215503421981145,1.6038396309364178,0.36090170081718914,1,poisson_xgc,0.1610210175680025,0.5538369112603159,-0.05137256461845068,0.07201679377425757,variance,false,4.4439791425334,0.05845472133661738,0.5,0.05
hold_chase_challenger,2025-26,1,38,2024-25,all,DEF,realized,xp_conceded,10260,-0.15419900945754864,-0.13333333333333333,-0.020865676124215297,-0.35695450507852405,0.2015630924473644,0.34047006440418415,0.11499355155237681,0.025876258160568662,7,poisson_xgc,-0.01614252920988545,0.37616447054604985,-0.009497881574196792,-0.011367794550018517,structural,false,4.4439791425334,0.05845472133661738,0.5,0.05
hold_chase_challenger,2025-26,1,38,2024-25,all,DEF,realized,xp_saves,10260,0.0,0.0,0.0,0.0,0.0,0.0,0.0,0.0,11,none,,,,,no_twin,false,4.4439791425334,0.05845472133661738,0.5,0.05
hold_chase_challenger,2025-26,1,38,2024-25,all,DEF,realized,xp_penalties_saved,10260,0.0,0.0,0.0,0.0,0.0,0.0,0.0,0.0,12,none,,,,,no_twin,false,4.4439791425334,0.05845472133661738,0.5,0.05
hold_chase_challenger,2025-26,1,38,2024-25,all,DEF,realized,xp_penalties_missed,10260,0.0,0.0,0.0,0.0,0.0,0.0,0.0,0.0,13,none,,,,,no_twin,false,4.4439791425334,0.05845472133661738,0.5,0.05
hold_chase_challenger,2025-26,1,38,2024-25,all,DEF,realized,xp_own_goals,10260,-0.005255671318292543,-0.005458089668615985,0.00020241835032344142,0.003462822945605968,0.010600137893120894,0.10892152421593546,0.018760421659849553,0.0042215368385268145,10,none,,,,,no_twin,false,4.4439791425334,0.05845472133661738,0.5,0.05
hold_chase_challenger,2025-26,1,38,2024-25,all,DEF,realized,xp_yellow_cards,10260,-0.05698060022306348,-0.05604288499025341,-0.000937715232810072,-0.016041736430666476,0.09889639524808999,0.22451640490433875,0.022757091039020724,0.005120881603878879,9,none,,,,,no_twin,false,4.4439791425334,0.05845472133661738,0.5,0.05
hold_chase_challenger,2025-26,1,38,2024-25,all,DEF,realized,xp_red_cards,10260,-0.007323375365584696,-0.00760233918128655,0.0002789638157018535,0.00477230597158119,0.01486924782874096,0.1525600627438009,0.02614651022434328,0.005883580769786831,8,none,,,,,no_twin,false,4.4439791425334,0.05845472133661738,0.5,0.05
hold_chase_challenger,2025-26,1,38,2024-25,all,DEF,realized,xp_defcon,10260,0.161188368706426,0.16003898635477584,0.001149382351650165,0.01966278044559192,0.24456071322691086,0.49561281053196266,0.4287172758280495,0.09647148694393931,5,none,,,,,no_twin,false,4.4439791425334,0.05845472133661738,0.5,0.05
hold_chase_challenger,2025-26,1,38,2024-25,all,DEF,realized,xp_bonus,10260,0.05165976055821441,0.06588693957115009,-0.014227179012935683,-0.24338802217543806,0.10846143612267509,0.36896388889659376,0.5191279403045246,0.11681601637954199,4,none,,,,,no_twin,false,4.4439791425334,0.05845472133661738,0.5,0.05
hold_chase_challenger,2025-26,1,38,2024-25,all,MID,realized,xp_minutes,14402,0.6463172578707918,0.5979725038189141,0.048344754051877645,0.2700704963173573,0.35475571420856356,0.549320333998777,0.5597920234030896,0.14721556641930264,4,none,,,,,no_twin,false,3.8025328232523834,0.1790079061248815,0.5,0.05
hold_chase_challenger,2025-26,1,38,2024-25,all,MID,realized,xp_goals,14402,0.2782907418152956,0.18504374392445494,0.09324699789084065,0.5209099414066586,0.40406938775901585,1.09514044291538,1.6446482643631855,0.43251389029601706,1,process_ga,0.20994626903000235,0.5145906900554964,0.08973359697430126,0.003513400916539372,structural,false,3.8025328232523834,0.1790079061248815,0.5,0.05
hold_chase_challenger,2025-26,1,38,2024-25,all,MID,realized,xp_assists,14402,0.14715308860262083,0.1235245104846549,0.02362857811796594,0.13199739960916534,0.23923288720012623,0.6349099886069933,0.5828892262223258,0.15328972906110744,3,process_ga,0.04558810543048727,0.7026016960841909,0.05391603819295552,-0.030287460074989586,variance,false,3.8025328232523834,0.1790079061248815,0.5,0.05
hold_chase_challenger,2025-26,1,38,2024-25,all,MID,realized,xp_clean_sheet,14402,0.07941051269888909,0.0687404527149007,0.01067005998398838,0.059606640929840346,0.11939450343565786,0.24003600803151648,0.136465694482488,0.035888104278286315,6,poisson_xgc,0.030730601250001117,0.14371065655328263,-0.003400096200723447,0.014070156184711816,structural,false,3.8025328232523834,0.1790079061248815,0.5,0.05
hold_chase_challenger,2025-26,1,38,2024-25,all,MID,realized,xp_conceded,14402,0.0,0.0,0.0,0.0,0.0,0.0,0.0,0.0,11,poisson_xgc,0.0,,0.0,0.0,no_twin,false,3.8025328232523834,0.1790079061248815,0.5,0.05
hold_chase_challenger,2025-26,1,38,2024-25,all,MID,realized,xp_saves,14402,0.0,0.0,0.0,0.0,0.0,0.0,0.0,0.0,12,none,,,,,no_twin,false,3.8025328232523834,0.1790079061248815,0.5,0.05
hold_chase_challenger,2025-26,1,38,2024-25,all,MID,realized,xp_penalties_saved,14402,0.0,0.0,0.0,0.0,0.0,0.0,0.0,0.0,13,none,,,,,no_twin,false,3.8025328232523834,0.1790079061248815,0.5,0.05
hold_chase_challenger,2025-26,1,38,2024-25,all,MID,realized,xp_penalties_missed,14402,-0.001376485566102645,-0.000972087210109707,-0.000404398355992938,-0.002259108911708163,0.0023063726483608655,0.04538877048197903,0.0035409540913872075,0.0009312093428186526,9,none,,,,,no_twin,false,3.8025328232523834,0.1790079061248815,0.5,0.05
hold_chase_challenger,2025-26,1,38,2024-25,all,MID,realized,xp_own_goals,14402,-0.0008926793428405423,-0.0008332176086654631,-5.946173417507925e-05,-0.0003321737875286743,0.001717688960645524,0.04123069441723756,0.0015950950458850067,0.0004194822556510346,10,none,,,,,no_twin,false,3.8025328232523834,0.1790079061248815,0.5,0.05
hold_chase_challenger,2025-26,1,38,2024-25,all,MID,realized,xp_yellow_cards,14402,-0.04940239876673612,-0.0462435772809332,-0.003158821485802917,-0.017646268001141944,0.08404107320535845,0.2043133288259663,0.010262335406896401,0.002698815732540822,8,none,,,,,no_twin,false,3.8025328232523834,0.1790079061248815,0.5,0.05
hold_chase_challenger,2025-26,1,38,2024-25,all,MID,realized,xp_red_cards,14402,-0.004151286517438368,-0.0035411748368282185,-0.0006101116806101495,-0.0034082946045104656,0.007684531964327577,0.1046803317926897,0.011910459716548671,0.0031322437622935267,7,none,,,,,no_twin,false,3.8025328232523834,0.1790079061248815,0.5,0.05
hold_chase_challenger,2025-26,1,38,2024-25,all,MID,realized,xp_defcon,14402,0.0900723803666071,0.08151645604777115,0.008555924318835962,0.04779634879851107,0.13879887257487303,0.3613949920983932,0.2219181281649463,0.058360608173563436,5,none,,,,,no_twin,false,3.8025328232523834,0.1790079061248815,0.5,0.05
hold_chase_challenger,2025-26,1,38,2024-25,all,MID,realized,xp_bonus,14402,0.07503379621084387,0.07623941119288988,-0.001205614982045999,-0.006734981756643332,0.1336162562414134,0.4210313024402713,0.6295106423556305,0.16555035067841894,2,none,,,,,no_twin,false,3.8025328232523834,0.1790079061248815,0.5,0.05
hold_chase_challenger,2025-26,1,38,2024-25,all,FWD,realized,xp_minutes,3610,0.6228838874793993,0.6074792243767313,0.01540466310266806,0.08816236562019794,0.3329388026677871,0.52450385869189,0.5025131918959928,0.11268433945324553,3,none,,,,,no_twin,false,4.4594767501343275,0.1747306006854569,0.5,0.05
hold_chase_challenger,2025-26,1,38,2024-25,all,FWD,realized,xp_goals,3610,0.5341941751199585,0.37119113573407203,0.16300303938588656,0.9328820409615496,0.6650598082491701,1.3428256282450173,2.5549762016811037,0.5729318359164319,1,process_ga,0.31629843629307774,0.44793007393777784,0.15307506154655137,0.00992797783933519,structural,false,4.4594767501343275,0.1747306006854569,0.5,0.05
hold_chase_challenger,2025-26,1,38,2024-25,all,FWD,realized,xp_assists,3610,0.07701834373219903,0.0889196675900277,-0.01190132385782867,-0.06811241883871824,0.15341309177926457,0.5502041008318892,0.3931064007657086,0.08815079050560529,4,process_ga,0.01841750493940827,0.791068181762509,0.03484382849674197,-0.046745152354570635,variance,false,4.4594767501343275,0.1747306006854569,0.5,0.05
hold_chase_challenger,2025-26,1,38,2024-25,all,FWD,realized,xp_clean_sheet,3610,0.0,0.0,0.0,0.0,0.0,0.0,0.0,0.0,10,poisson_xgc,0.0,,0.0,0.0,no_twin,false,4.4594767501343275,0.1747306006854569,0.5,0.05
hold_chase_challenger,2025-26,1,38,2024-25,all,FWD,realized,xp_conceded,3610,0.0,0.0,0.0,0.0,0.0,0.0,0.0,0.0,11,poisson_xgc,0.0,,0.0,0.0,no_twin,false,4.4594767501343275,0.1747306006854569,0.5,0.05
hold_chase_challenger,2025-26,1,38,2024-25,all,FWD,realized,xp_saves,3610,0.0,0.0,0.0,0.0,0.0,0.0,0.0,0.0,12,none,,,,,no_twin,false,4.4594767501343275,0.1747306006854569,0.5,0.05
hold_chase_challenger,2025-26,1,38,2024-25,all,FWD,realized,xp_penalties_saved,3610,0.0,0.0,0.0,0.0,0.0,0.0,0.0,0.0,13,none,,,,,no_twin,false,4.4594767501343275,0.1747306006854569,0.5,0.05
hold_chase_challenger,2025-26,1,38,2024-25,all,FWD,realized,xp_penalties_missed,3610,-0.005214991376542111,-0.00443213296398892,-0.0007828584125531913,-0.004480373841113623,0.00961117605252285,0.09614767662814977,0.004993126613522687,0.0011196664750796794,7,none,,,,,no_twin,false,4.4594767501343275,0.1747306006854569,0.5,0.05
hold_chase_challenger,2025-26,1,38,2024-25,all,FWD,realized,xp_own_goals,3610,-0.0024937732545965274,-0.00110803324099723,-0.0013857400135992976,-0.007930723114114692,0.0036018064955937574,0.048391069773504373,0.001934049415395007,0.0004336942479488765,8,none,,,,,no_twin,false,4.4594767501343275,0.1747306006854569,0.5,0.05
hold_chase_challenger,2025-26,1,38,2024-25,all,FWD,realized,xp_yellow_cards,3610,-0.03159756682415973,-0.034903047091412745,0.003305480267253012,0.01891758086039781,0.06102895328005467,0.1815474861417416,-0.030485588398370424,-0.006836135741138721,5,none,,,,,no_twin,false,4.4594767501343275,0.1747306006854569,0.5,0.05
hold_chase_challenger,2025-26,1,38,2024-25,all,FWD,realized,xp_red_cards,3610,-0.000123598440836226,0.0,-0.000123598440836226,-0.0007073657410399625,0.000123598440836226,0.002602728970307902,-0.00011340671351281245,-2.5430497761737727e-05,9,none,,,,,no_twin,false,4.4594767501343275,0.1747306006854569,0.5,0.05
hold_chase_challenger,2025-26,1,38,2024-25,all,FWD,realized,xp_defcon,3610,0.00727353822021262,0.004986149584487534,0.0022873886357250854,0.013090944727207524,0.011597612955005616,0.09619477791581398,0.015331757445301328,0.0034380171271976043,6,none,,,,,no_twin,false,4.4594767501343275,0.1747306006854569,0.5,0.05
hold_chase_challenger,2025-26,1,38,2024-25,all,FWD,realized,xp_bonus,3610,0.13761053062815984,0.13268698060941828,0.004923550018741573,0.028177949365633743,0.21000114484223595,0.570279115076936,1.0172210174291865,0.2281032225133915,2,none,,,,,no_twin,false,4.4594767501343275,0.1747306006854569,0.5,0.05
hold_chase_challenger,2025-26,1,38,2024-25,mins_60,ALL,realized,xp_minutes,7738,1.481993184267442,2.0248126130783146,-0.5428194288108728,0.5986532318491561,0.5484353089115365,0.7093949636211748,0.915702326182988,0.0750156355360445,5,none,,,,,no_twin,false,12.206819546879654,-0.9067343161819731,0.5,0.05
hold_chase_challenger,2025-26,1,38,2024-25,mins_60,ALL,realized,xp_goals,7738,0.568867714911133,0.5350219695011631,0.03384574540996985,-0.037327081159215035,0.8941571513318809,1.7776283160114574,4.122539359830896,0.33772428141486804,1,process_ga,0.14615350951663783,0.5672401495553125,0.010361640990223145,0.023484104419746576,variance,false,12.206819546879654,-0.9067343161819731,0.5,0.05
hold_chase_challenger,2025-26,1,38,2024-25,mins_60,ALL,realized,xp_assists,7738,0.2471135967080536,0.3089945722408891,-0.06188097553283548,0.06824598388798218,0.48649718151917654,0.9782720917809146,1.2114885957162764,0.0992468669716643,4,process_ga,0.01399753465800937,0.8589624530716343,0.022198890065510346,-0.08407986559834582,structural,false,12.206819546879654,-0.9067343161819731,0.5,0.05
hold_chase_challenger,2025-26,1,38,2024-25,mins_60,ALL,realized,xp_clean_sheet,7738,0.46462987461724436,0.6526234169035927,-0.18799354228634826,0.20733034906844722,0.829364241422408,1.2945604314048755,2.3975880939365597,0.1964138230051446,2,poisson_xgc,0.07068002370101337,0.6401474060246662,-0.33425628109863376,0.14626273881228546,link-bias,false,12.206819546879654,-0.9067343161819731,0.5,0.05
hold_chase_challenger,2025-26,1,38,2024-25,mins_60,ALL,realized,xp_conceded,7738,-0.16148035812029926,-0.20909795812871543,0.047617600008416174,-0.052515493412581694,0.230087899489973,0.3985906111615471,0.30824903985907415,0.025252199287067345,7,poisson_xgc,0.0006737373569951473,0.9733196562669219,0.06504758790634937,-0.01742998789793318,variance,false,12.206819546879654,-0.9067343161819731,0.5,0.05
hold_chase_challenger,2025-26,1,38,2024-25,mins_60,ALL,realized,xp_saves,7738,0.04255989675204454,0.057766864822951666,-0.01520696807090713,0.01677113990230324,0.05409040891748282,0.20303739648902228,0.06727897603433612,0.005511589302680745,9,none,,,,,no_twin,false,12.206819546879654,-0.9067343161819731,0.5,0.05
hold_chase_challenger,2025-26,1,38,2024-25,mins_60,ALL,realized,xp_penalties_saved,7738,0.007498593592128574,0.00710777978805893,0.0003908138040696438,-0.00043101247751961243,0.014418078576059493,0.1911950299178264,0.049634992763821925,0.004066169125643361,10,none,,,,,no_twin,false,12.206819546879654,-0.9067343161819731,0.5,0.05
hold_chase_challenger,2025-26,1,38,2024-25,mins_60,ALL,realized,xp_penalties_missed,7738,-0.003433337282623902,-0.003876970793486689,0.0004436335108627865,-0.000489265160638029,0.007214994098205882,0.08971684385916782,0.011885528765904114,0.0009736794027517454,13,none,,,,,no_twin,false,12.206819546879654,-0.9067343161819731,0.5,0.05
hold_chase_challenger,2025-26,1,38,2024-25,mins_60,ALL,realized,xp_own_goals,7738,-0.006419824178805045,-0.009563194623933832,0.003143370445128789,-0.003466694034879721,0.0158176967289999,0.14274119515088546,0.035756915766128314,0.002929257340849985,11,none,,,,,no_twin,false,12.206819546879654,-0.9067343161819731,0.5,0.05
hold_chase_challenger,2025-26,1,38,2024-25,mins_60,ALL,realized,xp_yellow_cards,7738,-0.11187461944932545,-0.1496510726285862,0.037776453179260754,-0.04166209716019987,0.22270845812926413,0.36045113203877793,0.111326581137577,0.009120031692942872,8,none,,,,,no_twin,false,12.206819546879654,-0.9067343161819731,0.5,0.05
hold_chase_challenger,2025-26,1,38,2024-25,mins_60,ALL,realized,xp_red_cards,7738,-0.010097392421759105,-0.00697854742827604,-0.003118844993483067,0.0034396459225407147,0.01704026874546416,0.14740482443072947,0.02650018916531443,0.0021709331463074257,12,none,,,,,no_twin,false,12.206819546879654,-0.9067343161819731,0.5,0.05
hold_chase_challenger,2025-26,1,38,2024-25,mins_60,ALL,realized,xp_defcon,7738,0.25142047412840485,0.3644352545877488,-0.11301478045934395,0.12463935514784569,0.4532507179512202,0.7305022782929524,0.7547933124873224,0.06183374052418634,6,none,,,,,no_twin,false,12.206819546879654,-0.9067343161819731,0.5,0.05
hold_chase_challenger,2025-26,1,38,2024-25,mins_60,ALL,realized,xp_bonus,7738,0.1908001056756241,0.2967174980615146,-0.1059173923858905,0.11681193762675887,0.4125172179708089,0.8089221135488993,2.1940756352334554,0.17974179324984876,3,none,,,,,no_twin,false,12.206819546879654,-0.9067343161819731,0.5,0.05
hold_chase_challenger,2025-26,1,38,2024-25,mins_60,GKP,realized,xp_minutes,747,1.5922184800165304,2.0267737617135206,-0.4345552816969902,0.6448116921832234,0.4345552816969902,0.6596913886977748,0.6808573800620626,0.08068772150215932,5,none,,,,,no_twin,false,8.438178292639506,-0.6739258716380583,0.5,0.05
hold_chase_challenger,2025-26,1,38,2024-25,mins_60,GKP,realized,xp_goals,747,0.0007541654289028301,0.0,0.0007541654289028301,-0.0011190628830879275,0.0007541654289028301,0.00529272846581942,0.0002426558433046009,2.8756899284323712e-05,11,process_ga,-0.00014274183625778545,-3.9637422604737678,-0.0013877355081788301,0.00214190093708166,structural,false,8.438178292639506,-0.6739258716380583,0.5,0.05
hold_chase_challenger,2025-26,1,38,2024-25,mins_60,GKP,realized,xp_assists,747,0.010500391530156314,0.020080321285140562,-0.00957992975498425,0.014215109047081205,0.030494671594558594,0.24630044212478355,0.049562059440126545,0.005873549683509149,7,process_ga,-0.0006015885447309848,0.8975766653647227,0.004877901570316957,-0.014457831325301203,variance,false,8.438178292639506,-0.6739258716380583,0.5,0.05
hold_chase_challenger,2025-26,1,38,2024-25,mins_60,GKP,realized,xp_clean_sheet,747,0.9039622632863857,1.033467202141901,-0.12950493885551523,0.19216496102269798,1.3954608661832426,1.7566191748683389,4.326078367858344,0.512679184751514,1,poisson_xgc,0.11918691037055178,0.7675214560772163,-0.38419085509830375,0.2546859162427886,link-bias,false,8.438178292639506,-0.6739258716380583,0.5,0.05
hold_chase_challenger,2025-26,1,38,2024-25,mins_60,GKP,realized,xp_conceded,747,-0.3642839435099132,-0.4605087014725569,0.09622475796264367,-0.14278240680797394,0.48848718909327804,0.577685685737636,0.689175214090351,0.08167345962475195,4,poisson_xgc,0.002483838056335694,0.9695881860796927,0.12405099092539662,-0.02782623296275294,link-bias,false,8.438178292639506,-0.6739258716380583,0.5,0.05
hold_chase_challenger,2025-26,1,38,2024-25,mins_60,GKP,realized,xp_saves,747,0.44086811387860864,0.5983935742971888,-0.15752546041858015,0.2337430080191097,0.5603100190140322,0.6534766856485347,0.6969273313971794,0.08259215522918004,3,none,,,,,no_twin,false,8.438178292639506,-0.6739258716380583,0.5,0.05
hold_chase_challenger,2025-26,1,38,2024-25,mins_60,GKP,realized,xp_penalties_saved,747,0.07767619439878301,0.07362784471218206,0.004048349686600937,-0.006007114219789387,0.14935353684276886,0.6153619807173252,0.5141573949216253,0.0609322743713672,6,none,,,,,no_twin,false,8.438178292639506,-0.6739258716380583,0.5,0.05
hold_chase_challenger,2025-26,1,38,2024-25,mins_60,GKP,realized,xp_penalties_missed,747,0.0,0.0,0.0,-0.0,0.0,0.0,0.0,0.0,12,none,,,,,no_twin,false,8.438178292639506,-0.6739258716380583,0.5,0.05
hold_chase_challenger,2025-26,1,38,2024-25,mins_60,GKP,realized,xp_own_goals,747,-0.007308466776443429,-0.0107095046854083,0.0034010379089648717,-0.0050466053494848595,0.017999725565876885,0.1477982239004328,0.038199183353127844,0.004526946697304133,9,none,,,,,no_twin,false,8.438178292639506,-0.6739258716380583,0.5,0.05
hold_chase_challenger,2025-26,1,38,2024-25,mins_60,GKP,realized,xp_yellow_cards,747,-0.061524663592545256,-0.07362784471218206,0.012103181119636805,-0.01795921722105513,0.1261093089737525,0.26973184903795655,0.0471226576578288,0.005584458638297933,8,none,,,,,no_twin,false,8.438178292639506,-0.6739258716380583,0.5,0.05
hold_chase_challenger,2025-26,1,38,2024-25,mins_60,GKP,realized,xp_red_cards,747,-0.005766005003864904,0.0,-0.005766005003864904,0.00855584456173189,0.005766005003864904,0.023947269133631485,0.0053295811269008925,0.0006316032847456902,10,none,,,,,no_twin,false,8.438178292639506,-0.6739258716380583,0.5,0.05
hold_chase_challenger,2025-26,1,38,2024-25,mins_60,GKP,realized,xp_defcon,747,0.0,0.0,0.0,-0.0,0.0,0.0,0.0,0.0,13,none,,,,,no_twin,false,8.438178292639506,-0.6739258716380583,0.5,0.05
hold_chase_challenger,2025-26,1,38,2024-25,mins_60,GKP,realized,xp_bonus,747,0.16334172186464535,0.21686746987951808,-0.05352574801487271,0.07942379164754709,0.34010249109799295,0.6715224752060709,1.3905264668886559,0.1647898893178864,2,none,,,,,no_twin,false,8.438178292639506,-0.6739258716380583,0.5,0.05
hold_chase_challenger,2025-26,1,38,2024-25,mins_60,DEF,realized,xp_minutes,2993,1.4499174428164532,2.02505846976278,-0.5751410269463267,0.5274152399215635,0.5806726150319633,0.7560993894923234,1.0844364084996259,0.08691396118020699,5,none,,,,,no_twin,false,12.477125582288911,-1.0904899658035307,0.5,0.05
hold_chase_challenger,2025-26,1,38,2024-25,mins_60,DEF,realized,xp_goals,2993,0.26863135940210836,0.25659873037086534,0.012032629031242977,-0.011034149243525316,0.5003105396677714,1.3162886073034767,2.1630133242851377,0.17335830356276144,2,process_ga,0.06280947864964206,0.6376898172235346,-0.06436563358152014,0.07639826261276311,variance,false,12.477125582288911,-1.0904899658035307,0.5,0.05
hold_chase_challenger,2025-26,1,38,2024-25,mins_60,DEF,realized,xp_assists,2993,0.17132243058638874,0.21450050116939526,-0.04317807058300649,0.03959511039717876,0.3551473488014177,0.7993165418127549,0.776617101169934,0.06224327037890282,6,process_ga,0.009021998698035497,0.8550526242738448,0.004192460656552477,-0.04737053123955898,variance,false,12.477125582288911,-1.0904899658035307,0.5,0.05
hold_chase_challenger,2025-26,1,38,2024-25,mins_60,DEF,realized,xp_clean_sheet,2993,0.7568101187510464,1.0985633144002673,-0.3417531956492209,0.3133941680952553,1.3847137737405086,1.8201096596261586,4.741219969133123,0.3799929669589294,1,poisson_xgc,0.13594851727813367,0.6422341224730421,-0.5886266684604079,0.24687347281118677,link-bias,false,12.477125582288911,-1.0904899658035307,0.5,0.05
hold_chase_challenger,2025-26,1,38,2024-25,mins_60,DEF,realized,xp_conceded,2993,-0.32656695801302055,-0.4256598730370865,0.09909291502406599,-0.09087008421122801,0.47294361376569743,0.5722393128058744,0.6249305664898174,0.05008610055002546,7,poisson_xgc,0.0012848734307917746,0.974346706637534,0.13721087370466423,-0.03811795868059831,link-bias,false,12.477125582288911,-1.0904899658035307,0.5,0.05
hold_chase_challenger,2025-26,1,38,2024-25,mins_60,DEF,realized,xp_saves,2993,0.0,0.0,0.0,-0.0,0.0,0.0,0.0,0.0,11,none,,,,,no_twin,false,12.477125582288911,-1.0904899658035307,0.5,0.05
hold_chase_challenger,2025-26,1,38,2024-25,mins_60,DEF,realized,xp_penalties_saved,2993,0.0,0.0,0.0,-0.0,0.0,0.0,0.0,0.0,12,none,,,,,no_twin,false,12.477125582288911,-1.0904899658035307,0.5,0.05
hold_chase_challenger,2025-26,1,38,2024-25,mins_60,DEF,realized,xp_penalties_missed,2993,0.0,0.0,0.0,-0.0,0.0,0.0,0.0,0.0,13,none,,,,,no_twin,false,12.477125582288911,-1.0904899658035307,0.5,0.05
hold_chase_challenger,2025-26,1,38,2024-25,mins_60,DEF,realized,xp_own_goals,2993,-0.011460871314661685,-0.017373872368860673,0.00591300105419899,-0.005422334216383163,0.028450266550046233,0.1941580656901774,0.06921646006444823,0.005547468413935012,9,none,,,,,no_twin,false,12.477125582288911,-1.0904899658035307,0.5,0.05
hold_chase_challenger,2025-26,1,38,2024-25,mins_60,DEF,realized,xp_yellow_cards,2993,-0.12260538012667112,-0.1653859004343468,0.04278052030767569,-0.039230549247789494,0.24348315839725906,0.3770896551154034,0.15042455410954844,0.012056026295276998,8,none,,,,,no_twin,false,12.477125582288911,-1.0904899658035307,0.5,0.05
hold_chase_challenger,2025-26,1,38,2024-25,mins_60,DEF,realized,xp_red_cards,2993,-0.014177187428770412,-0.011025726695623121,-0.0031514607331472925,0.0028899493181719737,0.025126664418093487,0.18490255914326809,0.03779984507855189,0.0030295315078184507,10,none,,,,,no_twin,false,12.477125582288911,-1.0904899658035307,0.5,0.05
hold_chase_challenger,2025-26,1,38,2024-25,mins_60,DEF,realized,xp_defcon,2993,0.37414048710918457,0.5452723020380889,-0.17113181492890428,0.15693112297718878,0.6575224326941469,0.8840783973592142,1.149422950444406,0.09212241576505363,4,none,,,,,no_twin,false,12.477125582288911,-1.0904899658035307,0.5,0.05
hold_chase_challenger,2025-26,1,38,2024-25,mins_60,DEF,realized,xp_bonus,2993,0.10957276548490968,0.22552622786501839,-0.11595346238010869,0.10633152620956768,0.30399021608705534,0.6793468336910604,1.680044403014316,0.13464995538708957,3,none,,,,,no_twin,false,12.477125582288911,-1.0904899658035307,0.5,0.05
hold_chase_challenger,2025-26,1,38,2024-25,mins_60,MID,realized,xp_minutes,3242,1.4834379880034803,2.0231338679827267,-0.5396958799792464,0.6126727236853646,0.5462414608456965,0.6766489326992244,0.8345725420615526,0.06844079559954051,4,none,,,,,no_twin,false,12.194080076812487,-0.880887722131408,0.5,0.05
hold_chase_challenger,2025-26,1,38,2024-25,mins_60,MID,realized,xp_goals,3242,0.7480699148607206,0.7156076495990129,0.03246226526170762,-0.03685176265501973,1.2228495426296198,2.112564104694515,5.799965292376845,0.4756377894717702,1,process_ga,0.20286852167109568,0.5734810686585781,0.06296812584159657,-0.03050586057988891,variance,false,12.194080076812487,-0.880887722131408,0.5,0.05
hold_chase_challenger,2025-26,1,38,2024-25,mins_60,MID,realized,xp_assists,3242,0.37582259643635707,0.4552745219000617,-0.07945192546370462,0.0901952921667039,0.7062235930089686,1.1861017800229872,1.8271057342570531,0.14983547120798107,3,process_ga,0.02165390118169682,0.8554821431325841,0.03209033240181048,-0.11154225786551514,structural,false,12.194080076812487,-0.880887722131408,0.5,0.05
hold_chase_challenger,2025-26,1,38,2024-25,mins_60,MID,realized,xp_clean_sheet,3242,0.2020090912064852,0.3053670573719926,-0.10335796616550741,0.11733387078596244,0.37963075517654804,0.48026358302616284,0.34869980335455963,0.02859582692241178,6,poisson_xgc,0.02145130428519125,0.24984493914463657,-0.16586209613843145,0.06250412997292404,structural,false,12.194080076812487,-0.880887722131408,0.5,0.05
hold_chase_challenger,2025-26,1,38,2024-25,mins_60,MID,realized,xp_conceded,3242,0.0,0.0,0.0,-0.0,0.0,0.0,0.0,0.0,11,poisson_xgc,0.0,,0.0,0.0,no_twin,false,12.194080076812487,-0.880887722131408,0.5,0.05
hold_chase_challenger,2025-26,1,38,2024-25,mins_60,MID,realized,xp_saves,3242,0.0,0.0,0.0,-0.0,0.0,0.0,0.0,0.0,12,none,,,,,no_twin,false,12.194080076812487,-0.880887722131408,0.5,0.05
hold_chase_challenger,2025-26,1,38,2024-25,mins_60,MID,realized,xp_penalties_saved,3242,0.0,0.0,0.0,-0.0,0.0,0.0,0.0,0.0,13,none,,,,,no_twin,false,12.194080076812487,-0.880887722131408,0.5,0.05
hold_chase_challenger,2025-26,1,38,2024-25,mins_60,MID,realized,xp_penalties_missed,3242,-0.004666600331638987,-0.00431832202344232,-0.00034827830819666734,0.00039537196335756434,0.008797455901868133,0.09517730430919694,0.019577314388753594,0.0016054769417153994,9,none,,,,,no_twin,false,12.194080076812487,-0.880887722131408,0.5,0.05
hold_chase_challenger,2025-26,1,38,2024-25,mins_60,MID,realized,xp_own_goals,3242,-0.0021625789908149375,-0.0030845157310302285,0.0009219367402152904,-0.0010465996029375454,0.005211655961263746,0.07921088421758274,0.008126919697299994,0.0006664643536951709,10,none,,,,,no_twin,false,12.194080076812487,-0.880887722131408,0.5,0.05
hold_chase_challenger,2025-26,1,38,2024-25,mins_60,MID,realized,xp_yellow_cards,3242,-0.11981527104828271,-0.16132017273288093,0.041504901684598215,-0.04711713041495503,0.2366691913935537,0.37157972115958465,0.1290302854133798,0.010581387410989358,7,none,,,,,no_twin,false,12.194080076812487,-0.880887722131408,0.5,0.05
hold_chase_challenger,2025-26,1,38,2024-25,mins_60,MID,realized,xp_red_cards,3242,-0.00963265482540392,-0.006477483035163479,-0.0031551717902404412,0.003581809248749823,0.016095391519970782,0.14199198001956947,0.027163603217526575,0.0022276057764438677,8,none,,,,,no_twin,false,12.194080076812487,-0.880887722131408,0.5,0.05
hold_chase_challenger,2025-26,1,38,2024-25,mins_60,MID,realized,xp_defcon,3242,0.24887545263332345,0.3608883405305367,-0.11201288789721328,0.1271590976727265,0.46417167526520214,0.7361236396554165,0.727155654654543,0.05963185825204293,5,none,,,,,no_twin,false,12.194080076812487,-0.880887722131408,0.5,0.05
hold_chase_challenger,2025-26,1,38,2024-25,mins_60,MID,realized,xp_bonus,3242,0.20827859655607475,0.3260333127698951,-0.11775471621382036,0.1336773271500475,0.4571441082897227,0.8595662922066004,2.4726829273909727,0.20277732406340965,2,none,,,,,no_twin,false,12.194080076812487,-0.880887722131408,0.5,0.05
hold_chase_challenger,2025-26,1,38,2024-25,mins_60,FWD,realized,xp_minutes,756,1.4938719468679778,2.0291005291005293,-0.5352285822325513,1.0290421654977195,0.5427403069806936,0.7029534669822647,0.8276478638818328,0.05549064834211679,4,none,,,,,no_twin,false,14.915087291450101,-0.5201230816170452,0.5,0.05
hold_chase_challenger,2025-26,1,38,2024-25,mins_60,FWD,realized,xp_goals,756,1.5503686425105685,1.3915343915343916,0.15883425097617723,-0.30537820102573965,1.9266098055553398,2.5190385981094163,8.760108392837804,0.587332023048865,1,process_ga,0.3051158205357368,0.48050538952078947,0.09222049436242061,0.06661375661375635,structural,false,14.915087291450101,-0.5201230816170452,0.5,0.05
hold_chase_challenger,2025-26,1,38,2024-25,mins_60,FWD,realized,xp_assists,756,0.22901630484412855,0.3412698412698413,-0.11225353642571273,0.21582110156834464,0.5148184754186952,1.083095620202326,1.441248837285443,0.0966302649875621,3,process_ga,0.011793595033636257,0.8779513329995081,0.0681829715107952,-0.18043650793650795,structural,false,14.915087291450101,-0.5201230816170452,0.5,0.05
hold_chase_challenger,2025-26,1,38,2024-25,mins_60,FWD,realized,xp_clean_sheet,756,0.0,0.0,0.0,-0.0,0.0,0.0,0.0,0.0,10,poisson_xgc,0.0,,0.0,0.0,no_twin,false,14.915087291450101,-0.5201230816170452,0.5,0.05
hold_chase_challenger,2025-26,1,38,2024-25,mins_60,FWD,realized,xp_conceded,756,0.0,0.0,0.0,-0.0,0.0,0.0,0.0,0.0,11,poisson_xgc,0.0,,0.0,0.0,no_twin,false,14.915087291450101,-0.5201230816170452,0.5,0.05
hold_chase_challenger,2025-26,1,38,2024-25,mins_60,FWD,realized,xp_saves,756,0.0,0.0,0.0,-0.0,0.0,0.0,0.0,0.0,12,none,,,,,no_twin,false,14.915087291450101,-0.5201230816170452,0.5,0.05
hold_chase_challenger,2025-26,1,38,2024-25,mins_60,FWD,realized,xp_penalties_saved,756,0.0,0.0,0.0,-0.0,0.0,0.0,0.0,0.0,13,none,,,,,no_twin,false,14.915087291450101,-0.5201230816170452,0.5,0.05
hold_chase_challenger,2025-26,1,38,2024-25,mins_60,FWD,realized,xp_penalties_missed,756,-0.01512968997059545,-0.021164021164021163,0.006034331193425715,-0.011601736986301745,0.036122053304313,0.20866057279434705,0.03769916447384509,0.002527585909299753,7,none,,,,,no_twin,false,14.915087291450101,-0.5201230816170452,0.5,0.05
hold_chase_challenger,2025-26,1,38,2024-25,mins_60,FWD,realized,xp_own_goals,756,-0.003840880794425577,-0.005291005291005291,0.0014501244965797137,-0.0027880410384236846,0.009131886085430868,0.10398637516165248,0.019364928044939556,0.0012983449353353952,8,none,,,,,no_twin,false,14.915087291450101,-0.5201230816170452,0.5,0.05
hold_chase_challenger,2025-26,1,38,2024-25,mins_60,FWD,realized,xp_yellow_cards,756,-0.08508977531427207,-0.11243386243386243,0.027344087119590344,-0.052572339290497344,0.1760420418253376,0.320774095160252,-0.05594234945487183,-0.0037507222292249088,6,none,,,,,no_twin,false,14.915087291450101,-0.5201230816170452,0.5,0.05
hold_chase_challenger,2025-26,1,38,2024-25,mins_60,FWD,realized,xp_red_cards,756,-0.00021829087753375982,0.0,-0.00021829087753375982,0.00041969081021188447,0.00021829087753375982,0.004056574850164818,-0.00016146996285567951,-1.0825948229497811e-05,9,none,,,,,no_twin,false,14.915087291450101,-0.5201230816170452,0.5,0.05
hold_chase_challenger,2025-26,1,38,2024-25,mins_60,FWD,realized,xp_defcon,756,0.024913933135677784,0.023809523809523808,0.0011044093261539738,-0.0021233614988213985,0.045561961961871865,0.20948234796095833,0.05678456211212294,0.0038071893916889125,5,none,,,,,no_twin,false,14.915087291450101,-0.5201230816170452,0.5,0.05
hold_chase_challenger,2025-26,1,38,2024-25,mins_60,FWD,realized,xp_bonus,756,0.4645561565528574,0.5317460317460317,-0.0671898751931743,0.12918072196350763,0.7223515290794726,1.1209133615893991,3.8283373622318417,0.2566754915625865,2,none,,,,,no_twin,false,14.915087291450101,-0.5201230816170452,0.5,0.05
hold_chase_challenger,2026-27,1,5,2025-26,all,ALL,realized,xp_minutes,3335,0.7852167947225972,0.7727136431784108,0.012503151544186443,0.11776168939966916,0.43699350664343106,0.610229945993704,0.6510213398343134,0.12729600528808083,4,none,,,,,no_twin,false,5.114232283731145,0.10617333708377973,0.5,0.05
hold_chase_challenger,2026-27,1,5,2025-26,all,ALL,realized,xp_goals,3335,0.3279356597256245,0.19640179910044978,0.1315338606251748,1.2388596255704338,0.43831689767169746,1.1182535576877812,1.706391278321272,0.33365541173197466,1,process_ga,0.1687644044392079,0.49419551278018437,0.10425949780658406,0.02727436281859072,structural,false,5.114232283731145,0.10617333708377973,0.5,0.05
hold_chase_challenger,2026-27,1,5,2025-26,all,ALL,realized,xp_assists,3335,0.1165958758935569,0.11694152923538231,-0.0003456533418254145,-0.00325555691588242,0.21075205258470175,0.6141335194587283,0.5515195530711944,0.10784014539692108,5,process_ga,0.023878994026003172,0.7785704578001715,0.03359437664318208,-0.0339400299850075,variance,false,5.114232283731145,0.10617333708377973,0.5,0.05
hold_chase_challenger,2026-27,1,5,2025-26,all,ALL,realized,xp_clean_sheet,3335,0.1985790757056502,0.23568215892053973,-0.03710308321488954,-0.34945763441166094,0.3425270246435636,0.7925916458097766,0.9792706600595591,0.19147950381031997,2,poisson_xgc,0.07393062061896845,0.6138979935303974,-0.03208747010250527,-0.005015613112384243,variance,false,5.114232283731145,0.10617333708377973,0.5,0.05
hold_chase_challenger,2026-27,1,5,2025-26,all,ALL,realized,xp_conceded,3335,-0.08007949602863258,-0.07886056971514242,-0.0012189263134901398,-0.011480531242305251,0.11210548702692257,0.27389857460360445,0.10109127570477885,0.019766657065295946,7,poisson_xgc,-0.0029699144825323705,0.8497513022701947,0.002460389919928215,-0.003679316233418356,variance,false,5.114232283731145,0.10617333708377973,0.5,0.05
hold_chase_challenger,2026-27,1,5,2025-26,all,ALL,realized,xp_saves,3335,0.01800167379175468,0.018890554722638682,-0.000888880930884005,-0.008371978834786015,0.019782407785790684,0.11162199649881474,0.02325981473192045,0.0045480559821094,9,none,,,,,no_twin,false,5.114232283731145,0.10617333708377973,0.5,0.05
hold_chase_challenger,2026-27,1,5,2025-26,all,ALL,realized,xp_penalties_saved,3335,0.000937616716052101,0.0029985007496251873,-0.0020608840335730864,-0.019410560976781534,0.003936117465677289,0.12484922666686692,0.019234560296182885,0.003760986836161086,10,none,,,,,no_twin,false,5.114232283731145,0.10617333708377973,0.5,0.05
hold_chase_challenger,2026-27,1,5,2025-26,all,ALL,realized,xp_penalties_missed,3335,-0.0017829835262440916,-0.0017991004497751124,1.6116923531021158e-05,0.0001517982195313645,0.003549813747325705,0.06301007251862957,0.006073021669130455,0.0011874747434623392,13,none,,,,,no_twin,false,5.114232283731145,0.10617333708377973,0.5,0.05
hold_chase_challenger,2026-27,1,5,2025-26,all,ALL,realized,xp_own_goals,3335,-0.004491698956732217,-0.004197901049475262,-0.00029379790725695386,-0.002767153367564613,0.008671584745812236,0.09418036544106433,0.008758487581533846,0.0017125713295024594,12,none,,,,,no_twin,false,5.114232283731145,0.10617333708377973,0.5,0.05
hold_chase_challenger,2026-27,1,5,2025-26,all,ALL,realized,xp_yellow_cards,3335,-0.056407466679500265,-0.05577211394302849,-0.0006353527364717839,-0.005984108194418312,0.10115093744073497,0.23090964592385818,0.018315913909260195,0.003581361364348828,11,none,,,,,no_twin,false,5.114232283731145,0.10617333708377973,0.5,0.05
hold_chase_challenger,2026-27,1,5,2025-26,all,ALL,realized,xp_red_cards,3335,-0.003611182949588922,-0.005397301349325337,0.0017861183997364158,0.01682266422809163,0.009004836593958477,0.12818691019355716,0.02546227312930419,0.004978708771266038,8,none,,,,,no_twin,false,5.114232283731145,0.10617333708377973,0.5,0.05
hold_chase_challenger,2026-27,1,5,2025-26,all,ALL,realized,xp_defcon,3335,0.10602909385664844,0.09835082458770615,0.00767826926894229,0.07231824373084823,0.16679842797951774,0.4005424073443329,0.2686967418925102,0.0525390179768056,6,none,,,,,no_twin,false,5.114232283731145,0.10617333708377973,0.5,0.05
hold_chase_challenger,2026-27,1,5,2025-26,all,ALL,realized,xp_bonus,3335,0.08995502248875563,0.09475262368815592,-0.004797601199400299,-0.04518649720517484,0.15500157581036964,0.46341294279756035,0.7551373635301848,0.14765409970375182,3,none,,,,,no_twin,false,5.114232283731145,0.10617333708377973,0.5,0.05
hold_chase_challenger,2026-27,1,5,2025-26,all,GKP,realized,xp_minutes,365,0.5391017240184185,0.547945205479452,-0.00884348146103352,0.07442202415520159,0.25100904402373847,0.4704944522945814,0.39158265401856174,0.12343160526760719,3,none,,,,,no_twin,false,3.172466672288567,-0.11882882199751915,0.5,0.05
hold_chase_challenger,2026-27,1,5,2025-26,all,GKP,realized,xp_goals,365,0.0002072601397601393,0.0,0.0002072601397601393,-0.0017441908139463535,0.0002072601397601393,0.0027477233547055753,0.0004693000076725417,0.000147929058411194,10,process_ga,0.000147929058411194,0.0,0.0002072601397601393,0.0,structural,false,3.172466672288567,-0.11882882199751915,0.5,0.05
hold_chase_challenger,2026-27,1,5,2025-26,all,GKP,realized,xp_assists,365,0.0029109248315432,0.00821917808219178,-0.0053082532506485815,0.04467142871078369,0.011098315358325563,0.1568899319024554,0.0747473947722213,0.02356128605704145,7,process_ga,0.0004902702869133351,0.9791917009230141,0.00019859606441991175,-0.0055068493150684916,variance,false,3.172466672288567,-0.11882882199751915,0.5,0.05
hold_chase_challenger,2026-27,1,5,2025-26,all,GKP,realized,xp_clean_sheet,365,0.2732788339575615,0.3287671232876712,-0.055488289330109714,0.46695985365628023,0.4508301429983321,0.9939612551916421,1.5452247342452528,0.48707359095140695,1,poisson_xgc,0.11360463340550697,0.7667608437082338,-0.04165825621654103,-0.013830033113568674,link-bias,false,3.172466672288567,-0.11882882199751915,0.5,0.05
hold_chase_challenger,2026-27,1,5,2025-26,all,GKP,realized,xp_conceded,365,-0.13996371825761392,-0.13972602739726028,-0.00023769086035362153,0.002000279531161084,0.1866676058943982,0.35292418525911234,0.19284443058672351,0.060786905114312395,5,poisson_xgc,-0.00754861617714011,0.8758183828746567,0.0070459343778738175,-0.007283625238227426,variance,false,3.172466672288567,-0.11882882199751915,0.5,0.05
hold_chase_challenger,2026-27,1,5,2025-26,all,GKP,realized,xp_saves,365,0.16448104683699133,0.1726027397260274,-0.008121692889036048,0.06834783642983189,0.180751588946882,0.33740481272173095,0.2125246085779581,0.06699033607960528,4,none,,,,,no_twin,false,3.172466672288567,-0.11882882199751915,0.5,0.05
hold_chase_challenger,2026-27,1,5,2025-26,all,GKP,realized,xp_penalties_saved,365,0.008566991090503443,0.0273972602739726,-0.01883026918346916,0.15846550413385643,0.03596425136447605,0.3773873543144739,0.1757459139390957,0.05539724513869058,6,none,,,,,no_twin,false,3.172466672288567,-0.11882882199751915,0.5,0.05
hold_chase_challenger,2026-27,1,5,2025-26,all,GKP,realized,xp_penalties_missed,365,0.0,0.0,0.0,-0.0,0.0,0.0,0.0,0.0,12,none,,,,,no_twin,false,3.172466672288567,-0.11882882199751915,0.5,0.05
hold_chase_challenger,2026-27,1,5,2025-26,all,GKP,realized,xp_own_goals,365,-0.006738411545009748,-0.005479452054794521,-0.0012589594902152265,0.010594731724610637,0.012217863599804268,0.10948509805345988,0.027249643825278794,0.00858941846838105,8,none,,,,,no_twin,false,3.172466672288567,-0.11882882199751915,0.5,0.05
hold_chase_challenger,2026-27,1,5,2025-26,all,GKP,realized,xp_yellow_cards,365,-0.0133498208721314,-0.00821917808219178,-0.005130642789939618,0.043176753784925456,0.020709479877505675,0.09366618474625435,0.009156369810949376,0.0028861988971957005,9,none,,,,,no_twin,false,3.172466672288567,-0.11882882199751915,0.5,0.05
hold_chase_challenger,2026-27,1,5,2025-26,all,GKP,realized,xp_red_cards,365,-0.0002628301716949262,0.0,-0.0002628301716949262,0.0022118385697740355,0.0002628301716949262,0.004020351503723785,-0.00016269418134315115,-5.128318061282773e-05,11,none,,,,,no_twin,false,3.172466672288567,-0.11882882199751915,0.5,0.05
hold_chase_challenger,2026-27,1,5,2025-26,all,GKP,realized,xp_defcon,365,0.0,0.0,0.0,-0.0,0.0,0.0,0.0,0.0,13,none,,,,,no_twin,false,3.172466672288567,-0.11882882199751915,0.5,0.05
hold_chase_challenger,2026-27,1,5,2025-26,all,GKP,realized,xp_bonus,365,0.05841863002894723,0.07397260273972603,-0.015553972710778796,0.13089394011752067,0.12343191381820728,0.41723688268897363,0.5430843166861961,0.1711867681479609,2,none,,,,,no_twin,false,3.172466672288567,-0.11882882199751915,0.5,0.05
hold_chase_challenger,2026-27,1,5,2025-26,all,DEF,realized,xp_minutes,1085,0.8756596776939665,0.8691244239631336,0.006535253730832803,3.803194265965505,0.5034392143771138,0.6812915549215178,0.8225633173901675,0.13921246893628766,3,none,,,,,no_twin,false,5.908689959134509,0.0017183591670076623,0.5,0.05
hold_chase_challenger,2026-27,1,5,2025-26,all,DEF,realized,xp_goals,1085,0.21228533963662272,0.11612903225806452,0.09615630737855824,55.95821247661751,0.31091131500755304,0.8785944778730638,1.0337868911610641,0.174960422413582,2,process_ga,0.07990515606769527,0.5432958210468272,0.05700423364583934,0.03915207373271891,structural,false,5.908689959134509,0.0017183591670076623,0.5,0.05
hold_chase_challenger,2026-27,1,5,2025-26,all,DEF,realized,xp_assists,1085,0.09586359981439123,0.08571428571428572,0.010149314100105507,5.906398554488144,0.17005638933969072,0.5226866842589454,0.3692620140670452,0.06249473514787935,6,process_ga,0.015295067588420717,0.7552583021237154,0.025660834837432693,-0.015511520737327186,variance,false,5.908689959134509,0.0017183591670076623,0.5,0.05
hold_chase_challenger,2026-27,1,5,2025-26,all,DEF,realized,xp_clean_sheet,1085,0.3941001441987084,0.4682027649769585,-0.07410262077825007,-43.12405823009157,0.6865503241593126,1.2170855715595952,2.2418929405421606,0.3794230118769928,1,poisson_xgc,0.15157366759203086,0.6005153539786607,-0.07039182516218673,-0.003710795616063356,link-bias,false,5.908689959134509,0.0017183591670076623,0.5,0.05
hold_chase_challenger,2026-27,1,5,2025-26,all,DEF,realized,xp_conceded,1085,-0.19905839824097743,-0.19539170506912443,-0.00366669317185304,-2.133833975022924,0.28178628855606586,0.4343864584502543,0.2458536288583257,0.04160882201616444,7,poisson_xgc,-0.0065378725017794705,0.8428729248994457,0.005192289709711203,-0.008858982881564254,variance,false,5.908689959134509,0.0017183591670076623,0.5,0.05
hold_chase_challenger,2026-27,1,5,2025-26,all,DEF,realized,xp_saves,1085,0.0,0.0,0.0,0.0,0.0,0.0,0.0,0.0,11,none,,,,,no_twin,false,5.908689959134509,0.0017183591670076623,0.5,0.05
hold_chase_challenger,2026-27,1,5,2025-26,all,DEF,realized,xp_penalties_saved,1085,0.0,0.0,0.0,0.0,0.0,0.0,0.0,0.0,12,none,,,,,no_twin,false,5.908689959134509,0.0017183591670076623,0.5,0.05
hold_chase_challenger,2026-27,1,5,2025-26,all,DEF,realized,xp_penalties_missed,1085,0.0,0.0,0.0,0.0,0.0,0.0,0.0,0.0,13,none,,,,,no_twin,false,5.908689959134509,0.0017183591670076623,0.5,0.05
hold_chase_challenger,2026-27,1,5,2025-26,all,DEF,realized,xp_own_goals,1085,-0.008462226683144483,-0.007373271889400922,-0.0010889547937435618,-0.6337178016397232,0.015780124477229155,0.12374496743748252,0.025461811056075964,0.004309214264443409,8,none,,,,,no_twin,false,5.908689959134509,0.0017183591670076623,0.5,0.05
hold_chase_challenger,2026-27,1,5,2025-26,all,DEF,realized,xp_yellow_cards,1085,-0.06897952188394385,-0.06728110599078341,-0.0016984158931604466,-0.9883940015393029,0.12315716282064958,0.2546728129962933,0.010627228886293291,0.0017985761581320039,10,none,,,,,no_twin,false,5.908689959134509,0.0017183591670076623,0.5,0.05
hold_chase_challenger,2026-27,1,5,2025-26,all,DEF,realized,xp_red_cards,1085,-0.003175994432263566,-0.005529953917050691,0.0023539594847871255,1.3698879314539887,0.008705948349314258,0.13002325671156892,0.02464888688803228,0.004171633146857953,9,none,,,,,no_twin,false,5.908689959134509,0.0017183591670076623,0.5,0.05
hold_chase_challenger,2026-27,1,5,2025-26,all,DEF,realized,xp_defcon,1085,0.19273143917498226,0.19723502304147467,-0.004503583866492379,-2.6208629446979272,0.3031629757277594,0.5512265713792999,0.4901666684910209,0.08295691124108658,5,none,,,,,no_twin,false,5.908689959134509,0.0017183591670076623,0.5,0.05
hold_chase_challenger,2026-27,1,5,2025-26,all,DEF,realized,xp_bonus,1085,0.06098471463520968,0.08940092165898618,-0.028416207023776497,-16.53682627553369,0.13633442756652997,0.4157583593819323,0.6444265717943243,0.10906420479857407,4,none,,,,,no_twin,false,5.908689959134509,0.0017183591670076623,0.5,0.05
hold_chase_challenger,2026-27,1,5,2025-26,all,MID,realized,xp_minutes,1490,0.7988556285154672,0.7805369127516778,0.018318715763789323,0.12615967092516958,0.4449743108122604,0.5977290825341646,0.6245537881180245,0.12402615530016045,4,none,,,,,no_twin,false,5.0356619263615645,0.14520262798287495,0.5,0.05
hold_chase_challenger,2026-27,1,5,2025-26,all,MID,realized,xp_goals,1490,0.3765350341875659,0.25838926174496646,0.11814577244259944,0.8136613922478967,0.5467682467120385,1.314875140005938,2.338587023325268,0.4644050886503765,1,process_ga,0.22484660523304928,0.5158394885670101,0.11640080599964642,0.001744966442953022,structural,false,5.0356619263615645,0.14520262798287495,0.5,0.05
hold_chase_challenger,2026-27,1,5,2025-26,all,MID,realized,xp_assists,1490,0.16638726273268492,0.15704697986577182,0.00934028286691312,0.06432585275257348,0.28699298688485686,0.7288316390651292,0.7813149806732409,0.15515636118919668,3,process_ga,0.036681467737532523,0.7635838617483213,0.045461088236040635,-0.03612080536912751,variance,false,5.0356619263615645,0.14520262798287495,0.5,0.05
hold_chase_challenger,2026-27,1,5,2025-26,all,MID,realized,xp_clean_sheet,1490,0.09054750780418441,0.10604026845637583,-0.015492760652191429,-0.10669752240309748,0.1562869283751941,0.2922252907884663,0.1808099213495758,0.03590588963151803,6,poisson_xgc,0.02101542109414257,0.41470824675806583,-0.010356589913989932,-0.005136170738201495,structural,false,5.0356619263615645,0.14520262798287495,0.5,0.05
hold_chase_challenger,2026-27,1,5,2025-26,all,MID,realized,xp_conceded,1490,0.0,0.0,0.0,0.0,0.0,0.0,0.0,0.0,11,poisson_xgc,0.0,,0.0,0.0,no_twin,false,5.0356619263615645,0.14520262798287495,0.5,0.05
hold_chase_challenger,2026-27,1,5,2025-26,all,MID,realized,xp_saves,1490,0.0,0.0,0.0,0.0,0.0,0.0,0.0,0.0,12,none,,,,,no_twin,false,5.0356619263615645,0.14520262798287495,0.5,0.05
hold_chase_challenger,2026-27,1,5,2025-26,all,MID,realized,xp_penalties_saved,1490,0.0,0.0,0.0,0.0,0.0,0.0,0.0,0.0,13,none,,,,,no_twin,false,5.0356619263615645,0.14520262798287495,0.5,0.05
hold_chase_challenger,2026-27,1,5,2025-26,all,MID,realized,xp_penalties_missed,1490,-0.000637624467234541,-0.0013422818791946308,0.0007046574119600899,0.004852924645710933,0.001979906346429172,0.05232221718891029,0.005466764098021196,0.001085609832026813,9,none,,,,,no_twin,false,5.0356619263615645,0.14520262798287495,0.5,0.05
hold_chase_challenger,2026-27,1,5,2025-26,all,MID,realized,xp_own_goals,1490,-0.0005560271581943662,-0.0013422818791946308,0.0007862547210002647,0.005414879413153561,0.0018983090373889972,0.05223154456029795,0.004600536761235211,0.0009135912673469035,10,none,,,,,no_twin,false,5.0356619263615645,0.14520262798287495,0.5,0.05
hold_chase_challenger,2026-27,1,5,2025-26,all,MID,realized,xp_yellow_cards,1490,-0.06082846709535264,-0.05771812080536913,-0.0031103462899835046,-0.021420730004627297,0.10745265053149597,0.2341129278802551,0.019548633107588684,0.0038820384278086813,8,none,,,,,no_twin,false,5.0356619263615645,0.14520262798287495,0.5,0.05
hold_chase_challenger,2026-27,1,5,2025-26,all,MID,realized,xp_red_cards,1490,-0.0051675717086864985,-0.006040268456375839,0.0008726967476893401,0.006010199400745454,0.01119967567108413,0.13544262384312855,0.027188480458355455,0.005399187009760214,7,none,,,,,no_twin,false,5.0356619263615645,0.14520262798287495,0.5,0.05
hold_chase_challenger,2026-27,1,5,2025-26,all,MID,realized,xp_defcon,1490,0.09552210317383822,0.07516778523489932,0.02035431793893889,0.14017871592061995,0.14978744942510122,0.36756541754923644,0.23980621837412455,0.047621588160782796,5,none,,,,,no_twin,false,5.0356619263615645,0.14520262798287495,0.5,0.05
hold_chase_challenger,2026-27,1,5,2025-26,all,MID,realized,xp_bonus,1490,0.08790048669658901,0.09261744966442953,-0.0047169629678405385,-0.0324853828981446,0.15669487597256915,0.47830014417202615,0.8137855800961306,0.16160449053102302,2,none,,,,,no_twin,false,5.0356619263615645,0.14520262798287495,0.5,0.05
hold_chase_challenger,2026-27,1,5,2025-26,all,FWD,realized,xp_minutes,395,0.7127601122712389,0.6860759493670886,0.02668416290415022,0.058803802827111146,0.3962323363993461,0.5628411423227455,0.5193978632062582,0.10341097927563575,4,none,,,,,no_twin,false,5.022656847894598,0.45378294636155136,0.5,0.05
hold_chase_challenger,2026-27,1,5,2025-26,all,FWD,realized,xp_goals,395,0.765121470351232,0.36455696202531646,0.40056450832591545,0.8827227015419082,0.7840195934176359,1.3841660202915673,2.745544751985413,0.5466319589673527,1,process_ga,0.34222013726279477,0.373947805925424,0.28441260959173825,0.1161518987341772,structural,false,5.022656847894598,0.45378294636155136,0.5,0.05
hold_chase_challenger,2026-27,1,5,2025-26,all,FWD,realized,xp_assists,395,0.0907740032181872,0.1518987341772152,-0.061124730959027984,-0.13470037040644292,0.21943411992959594,0.6383114392872125,0.6258893770498719,0.12461320691502802,3,process_ga,0.016850193582425742,0.8647800341586935,0.04148286397768087,-0.10260759493670887,structural,false,5.022656847894598,0.45378294636155136,0.5,0.05
hold_chase_challenger,2026-27,1,5,2025-26,all,FWD,realized,xp_clean_sheet,395,0.0,0.0,0.0,0.0,0.0,0.0,0.0,0.0,10,poisson_xgc,0.0,,0.0,0.0,no_twin,false,5.022656847894598,0.45378294636155136,0.5,0.05
hold_chase_challenger,2026-27,1,5,2025-26,all,FWD,realized,xp_conceded,395,0.0,0.0,0.0,0.0,0.0,0.0,0.0,0.0,11,poisson_xgc,0.0,,0.0,0.0,no_twin,false,5.022656847894598,0.45378294636155136,0.5,0.05
hold_chase_challenger,2026-27,1,5,2025-26,all,FWD,realized,xp_saves,395,0.0,0.0,0.0,0.0,0.0,0.0,0.0,0.0,12,none,,,,,no_twin,false,5.022656847894598,0.45378294636155136,0.5,0.05
hold_chase_challenger,2026-27,1,5,2025-26,all,FWD,realized,xp_penalties_saved,395,0.0,0.0,0.0,0.0,0.0,0.0,0.0,0.0,13,none,,,,,no_twin,false,5.022656847894598,0.45378294636155136,0.5,0.05
hold_chase_challenger,2026-27,1,5,2025-26,all,FWD,realized,xp_penalties_missed,395,-0.012648581275555897,-0.010126582278481013,-0.0025219989970748837,-0.005557720970557325,0.022502704787725977,0.15229719811063494,0.030653288001261984,0.006103002639750566,8,none,,,,,no_twin,false,5.022656847894598,0.45378294636155136,0.5,0.05
hold_chase_challenger,2026-27,1,5,2025-26,all,FWD,realized,xp_own_goals,395,-0.006355188328739275,-0.005063291139240506,-0.0012918971894987676,-0.002846949626153313,0.011418479467979782,0.10705112273330128,-0.038525135903529774,-0.007670270350975456,7,none,,,,,no_twin,false,5.022656847894598,0.45378294636155136,0.5,0.05
hold_chase_challenger,2026-27,1,5,2025-26,all,FWD,realized,xp_yellow_cards,395,-0.04498485959911628,-0.060759493670886074,0.015774634071769787,0.034762509693789495,0.09126441837272854,0.23909679737378328,0.04324934489734397,0.00861085003556898,6,none,,,,,no_twin,false,5.022656847894598,0.45378294636155136,0.5,0.05
hold_chase_challenger,2026-27,1,5,2025-26,all,FWD,realized,xp_red_cards,395,-0.002029686884206468,-0.007594936708860759,0.005565249824654291,0.012264122901216697,0.00962462359306723,0.1519307186128554,0.044863762293557145,0.008932277010396039,5,none,,,,,no_twin,false,5.022656847894598,0.45378294636155136,0.5,0.05
hold_chase_challenger,2026-27,1,5,2025-26,all,FWD,realized,xp_defcon,395,0.005482234881133722,0.005063291139240506,0.00041894374189321425,0.0009232249586555001,0.01052564304727039,0.101440482846199,0.01762413549700818,0.003508926854996252,9,none,,,,,no_twin,false,5.022656847894598,0.45378294636155136,0.5,0.05
hold_chase_challenger,2026-27,1,5,2025-26,all,FWD,realized,xp_bonus,395,0.2064229353982637,0.13670886075949368,0.06971407463877001,0.15362867908047242,0.22906174094968113,0.5608273763569817,1.0339594608674145,0.2058590686522474,2,none,,,,,no_twin,false,5.022656847894598,0.45378294636155136,0.5,0.05
hold_chase_challenger,2026-27,1,5,2025-26,mins_60,ALL,realized,xp_minutes,1039,1.4487830597973,2.0,-0.5512169402027002,0.61800740149225,0.5512169402027002,0.7095369571685742,0.9100292362652154,0.06853845977474773,5,none,,,,,no_twin,false,13.277643519507654,-0.8919261142693817,0.5,0.05
hold_chase_challenger,2026-27,1,5,2025-26,mins_60,ALL,realized,xp_goals,1039,0.694920980861032,0.5370548604427334,0.1578661204182987,-0.17699461636193284,0.9708235192776125,1.8303770724028525,4.4460945848556115,0.3348556977240248,1,process_ga,0.161391663459848,0.518026228740295,0.07777949866661445,0.08008662175168435,structural,false,13.277643519507654,-0.8919261142693817,0.5,0.05
hold_chase_challenger,2026-27,1,5,2025-26,mins_60,ALL,realized,xp_assists,1039,0.23327949410830326,0.3262752646775746,-0.09299577056927132,0.10426398451787511,0.49175913879033945,1.0180277358421215,1.446858100448458,0.10896949434760157,4,process_ga,0.01433150015094656,0.8684815393817417,0.0017106779389096183,-0.09470644850818094,structural,false,13.277643519507654,-0.8919261142693817,0.5,0.05
hold_chase_challenger,2026-27,1,5,2025-26,mins_60,ALL,realized,xp_clean_sheet,1039,0.42945016181287227,0.7564966313763234,-0.3270464695634511,0.3666743963779445,0.8914967544095435,1.386757426712387,2.803023505034457,0.21110850738809378,2,poisson_xgc,0.06577751371397507,0.6884184605926269,-0.3109472686685507,-0.016099200894900356,link-bias,false,13.277643519507654,-0.8919261142693817,0.5,0.05
hold_chase_challenger,2026-27,1,5,2025-26,mins_60,ALL,realized,xp_conceded,1039,-0.16690620384005464,-0.24446583253128007,0.07755962869122543,-0.08695745920025913,0.26698162121681246,0.46391272729358535,0.4299058940061217,0.03237817714977055,7,poisson_xgc,0.0050097032789820205,0.8452753144252433,0.08598724757902176,-0.008427618887796362,link-bias,false,13.277643519507654,-0.8919261142693817,0.5,0.05
hold_chase_challenger,2026-27,1,5,2025-26,mins_60,ALL,realized,xp_saves,1039,0.044132690770183516,0.06063522617901829,-0.016502535408834777,0.018502132794208828,0.04984852125152143,0.19003781698767125,0.057859944834001406,0.004357696811862208,10,none,,,,,no_twin,false,13.277643519507654,-0.8919261142693817,0.5,0.05
hold_chase_challenger,2026-27,1,5,2025-26,mins_60,ALL,realized,xp_penalties_saved,1039,0.002489618463204471,0.009624639076034648,-0.007135020612830178,0.007999564648552539,0.01211425753923912,0.22360290770223698,0.06089547952000744,0.00458631679865024,9,none,,,,,no_twin,false,13.277643519507654,-0.8919261142693817,0.5,0.05
hold_chase_challenger,2026-27,1,5,2025-26,mins_60,ALL,realized,xp_penalties_missed,1039,-0.004409975415871258,-0.005774783445620789,0.0013648080297495315,-0.001530180592220365,0.010081177328582692,0.11244053873060321,0.02086629020837384,0.001571535655232562,13,none,,,,,no_twin,false,13.277643519507654,-0.8919261142693817,0.5,0.05
hold_chase_challenger,2026-27,1,5,2025-26,mins_60,ALL,realized,xp_own_goals,1039,-0.01006238639678336,-0.013474494706448507,0.003412108309665148,-0.0038255504072331878,0.023479055411780345,0.16813150908783367,0.034351973369981116,0.002587204071227762,11,none,,,,,no_twin,false,13.277643519507654,-0.8919261142693817,0.5,0.05
hold_chase_challenger,2026-27,1,5,2025-26,mins_60,ALL,realized,xp_yellow_cards,1039,-0.10751254962032962,-0.14629451395572665,0.03878196433539704,-0.04348114010224396,0.22278487639374966,0.36758148471875796,0.11025684694711949,0.008303946915364083,8,none,,,,,no_twin,false,13.277643519507654,-0.8919261142693817,0.5,0.05
hold_chase_challenger,2026-27,1,5,2025-26,mins_60,ALL,realized,xp_red_cards,1039,-0.004634512131140245,-0.005774783445620789,0.0011402713144805445,-0.0012784369649436645,0.010397587110902004,0.13204713544474156,0.029421332677186787,0.002215854992187481,12,none,,,,,no_twin,false,13.277643519507654,-0.8919261142693817,0.5,0.05
hold_chase_challenger,2026-27,1,5,2025-26,mins_60,ALL,realized,xp_defcon,1039,0.22324131070474276,0.3156881616939365,-0.09244685098919372,0.10364855284556979,0.4182997604639045,0.6979088927421417,0.6853631271976507,0.05161782858462106,6,none,,,,,no_twin,false,13.277643519507654,-0.8919261142693817,0.5,0.05
hold_chase_challenger,2026-27,1,5,2025-26,mins_60,ALL,realized,xp_bonus,1039,0.20980652770474323,0.2945139557266602,-0.08470742802191704,0.0949713509524327,0.41040460627673625,0.8137959561953931,2.2427172041434713,0.16890927978661632,3,none,,,,,no_twin,false,13.277643519507654,-0.8919261142693817,0.5,0.05
hold_chase_challenger,2026-27,1,5,2025-26,mins_60,GKP,realized,xp_minutes,100,1.5257691409902916,2.0,-0.47423085900970885,0.4311815174821768,0.47423085900970885,0.6953737670706399,0.9251707367524366,0.0858490423969679,3,none,,,,,no_twin,false,10.776715859851135,-1.0998404147258272,0.5,0.05
hold_chase_challenger,2026-27,1,5,2025-26,mins_60,GKP,realized,xp_goals,100,0.00010998757093341719,0.0,0.00010998757093341719,-0.000100003209066322,0.00010998757093341719,0.0006836509470293557,8.576230139464925e-05,7.9581110340079e-06,11,process_ga,7.9581110340079e-06,0.0,0.00010998757093341719,0.0,structural,false,10.776715859851135,-1.0998404147258272,0.5,0.05
hold_chase_challenger,2026-27,1,5,2025-26,mins_60,GKP,realized,xp_assists,100,0.008084173591518742,0.03,-0.021915826408481262,0.019926369421462413,0.03796814901427436,0.29963235499684554,0.2691656464550623,0.024976593050749733,7,process_ga,0.000186953241995373,0.9925148621505141,-0.0018158264084812592,-0.020099999999999996,variance,false,10.776715859851135,-1.0998404147258272,0.5,0.05
hold_chase_challenger,2026-27,1,5,2025-26,mins_60,GKP,realized,xp_clean_sheet,100,0.8303394390274346,1.2,-0.3696605609725654,0.33610381653843474,1.4784017170262467,1.8831528162353042,5.4258762082342935,0.5034814203878661,1,poisson_xgc,0.10219172297882884,0.7970298032048461,-0.31918094010803955,-0.05047962086452573,link-bias,false,10.776715859851135,-1.0998404147258272,0.5,0.05
hold_chase_challenger,2026-27,1,5,2025-26,mins_60,GKP,realized,xp_conceded,100,-0.36971044212529014,-0.51,0.14028955787470976,-0.12755446699026943,0.540179631999553,0.6492200553355963,0.8518531844418313,0.07904571258257137,4,poisson_xgc,0.0056196885254968625,0.9289058401538663,0.16687478999423988,-0.026585232119530233,link-bias,false,10.776715859851135,-1.0998404147258272,0.5,0.05
hold_chase_challenger,2026-27,1,5,2025-26,mins_60,GKP,realized,xp_saves,100,0.45853865710220665,0.63,-0.17146134289779325,0.15589656517626319,0.5179261358033077,0.6125588330027719,0.6011648268252746,0.05578367608864272,6,none,,,,,no_twin,false,10.776715859851135,-1.0998404147258272,0.5,0.05
hold_chase_challenger,2026-27,1,5,2025-26,mins_60,GKP,realized,xp_penalties_saved,100,0.02586713583269445,0.1,-0.07413286416730555,0.06740329158188436,0.12586713583269446,0.7207509450973895,0.6327040322128772,0.058710282468337906,5,none,,,,,no_twin,false,10.776715859851135,-1.0998404147258272,0.5,0.05
hold_chase_challenger,2026-27,1,5,2025-26,mins_60,GKP,realized,xp_penalties_missed,100,0.0,0.0,0.0,-0.0,0.0,0.0,0.0,0.0,12,none,,,,,no_twin,false,10.776715859851135,-1.0998404147258272,0.5,0.05
hold_chase_challenger,2026-27,1,5,2025-26,mins_60,GKP,realized,xp_own_goals,100,-0.022620792361632898,-0.02,-0.0026207923616328966,0.002382884213512211,0.042620792361632895,0.20909009886647137,0.10193705178076966,0.009459008951005021,8,none,,,,,no_twin,false,10.776715859851135,-1.0998404147258272,0.5,0.05
hold_chase_challenger,2026-27,1,5,2025-26,mins_60,GKP,realized,xp_yellow_cards,100,-0.04128853320280307,-0.03,-0.011288533202803066,0.010263791957142363,0.06815128857241917,0.17823435854741218,0.045656977631328595,0.0042366318482446545,9,none,,,,,no_twin,false,10.776715859851135,-1.0998404147258272,0.5,0.05
hold_chase_challenger,2026-27,1,5,2025-26,mins_60,GKP,realized,xp_red_cards,100,-0.0007984853896707837,0.0,-0.0007984853896707837,0.0007260011352372731,0.0007984853896707837,0.007672363838488867,-0.0005313152442055874,-4.9302148364606384e-05,10,none,,,,,no_twin,false,10.776715859851135,-1.0998404147258272,0.5,0.05
hold_chase_challenger,2026-27,1,5,2025-26,mins_60,GKP,realized,xp_defcon,100,0.0,0.0,0.0,-0.0,0.0,0.0,0.0,0.0,13,none,,,,,no_twin,false,10.776715859851135,-1.0998404147258272,0.5,0.05
hold_chase_challenger,2026-27,1,5,2025-26,mins_60,GKP,realized,xp_bonus,100,0.15586930423849077,0.27,-0.11413069576150926,0.10377023269322236,0.39316779006928987,0.7941485956470731,1.9236327484600713,0.17849897626294506,2,none,,,,,no_twin,false,10.776715859851135,-1.0998404147258272,0.5,0.05
hold_chase_challenger,2026-27,1,5,2025-26,mins_60,DEF,realized,xp_minutes,410,1.4193096804038094,2.0,-0.5806903195961904,0.4977849296656919,0.5806903195961904,0.7369558703056955,1.0307364021296896,0.0780628256070043,4,none,,,,,no_twin,false,13.203934063555154,-1.166548613647619,0.5,0.05
hold_chase_challenger,2026-27,1,5,2025-26,mins_60,DEF,realized,xp_goals,410,0.37626540391211205,0.2780487804878049,0.09821662342430712,-0.08419419668863928,0.6104499624344119,1.3523691651544931,2.2828210704745255,0.17288946305597325,2,process_ga,0.0744138725384411,0.5695869995596581,-0.004076059502522151,0.10229268292682925,structural,false,13.203934063555154,-1.166548613647619,0.5,0.05
hold_chase_challenger,2026-27,1,5,2025-26,mins_60,DEF,realized,xp_assists,410,0.16543516306161518,0.2121951219512195,-0.046759958889604346,0.04008402079652138,0.348606458590159,0.8196579960920515,0.816550251849521,0.06184143664450148,7,process_ga,0.008598564179931375,0.8609578844463035,-0.006077032060336043,-0.0406829268292683,variance,false,13.203934063555154,-1.166548613647619,0.5,0.05
hold_chase_challenger,2026-27,1,5,2025-26,mins_60,DEF,realized,xp_clean_sheet,410,0.6881170192529859,1.2390243902439024,-0.5509073709909166,0.4722541045831888,1.4620400564658045,1.928327300263763,5.314489506486007,0.4024928843862374,1,poisson_xgc,0.13266829806725944,0.6703834944322911,-0.5410873386898709,-0.009820032301045778,link-bias,false,13.203934063555154,-1.166548613647619,0.5,0.05
hold_chase_challenger,2026-27,1,5,2025-26,mins_60,DEF,realized,xp_conceded,410,-0.3327914672616775,-0.4951219512195122,0.16233048395783475,-0.13915449562813517,0.544819368888568,0.6652704130986631,0.8816753790931153,0.0667736884211405,6,poisson_xgc,0.011647496993774327,0.8255675660701298,0.17720310057360886,-0.014872616615774104,link-bias,false,13.203934063555154,-1.166548613647619,0.5,0.05
hold_chase_challenger,2026-27,1,5,2025-26,mins_60,DEF,realized,xp_saves,410,0.0,0.0,0.0,-0.0,0.0,0.0,0.0,0.0,11,none,,,,,no_twin,false,13.203934063555154,-1.166548613647619,0.5,0.05
hold_chase_challenger,2026-27,1,5,2025-26,mins_60,DEF,realized,xp_penalties_saved,410,0.0,0.0,0.0,-0.0,0.0,0.0,0.0,0.0,12,none,,,,,no_twin,false,13.203934063555154,-1.166548613647619,0.5,0.05
hold_chase_challenger,2026-27,1,5,2025-26,mins_60,DEF,realized,xp_penalties_missed,410,0.0,0.0,0.0,-0.0,0.0,0.0,0.0,0.0,13,none,,,,,no_twin,false,13.203934063555154,-1.166548613647619,0.5,0.05
hold_chase_challenger,2026-27,1,5,2025-26,mins_60,DEF,realized,xp_own_goals,410,-0.014399343491281488,-0.01951219512195122,0.005112851630669729,-0.004382887751829411,0.03376499984879824,0.2006985333456738,0.07760594092678254,0.0058774862516912,9,none,,,,,no_twin,false,13.203934063555154,-1.166548613647619,0.5,0.05
hold_chase_challenger,2026-27,1,5,2025-26,mins_60,DEF,realized,xp_yellow_cards,410,-0.11614331381986599,-0.16097560975609757,0.04483229593623157,-0.0384315710564756,0.24427748103474217,0.3859223381615765,0.11114459165670884,0.008417536101114337,8,none,,,,,no_twin,false,13.203934063555154,-1.166548613647619,0.5,0.05
hold_chase_challenger,2026-27,1,5,2025-26,mins_60,DEF,realized,xp_red_cards,410,-0.0029543028344932087,-0.007317073170731708,0.004362770336238499,-0.0037398958647739365,0.010271376005224916,0.14862192860477694,0.038846833089867513,0.0029420650620401553,10,none,,,,,no_twin,false,13.203934063555154,-1.166548613647619,0.5,0.05
hold_chase_challenger,2026-27,1,5,2025-26,mins_60,DEF,realized,xp_defcon,410,0.34894904004417665,0.5219512195121951,-0.17300217946801846,0.14830258888831654,0.6411885940923796,0.8716064029658773,1.030432140067498,0.07803978231848688,5,none,,,,,no_twin,false,13.203934063555154,-1.166548613647619,0.5,0.05
hold_chase_challenger,2026-27,1,5,2025-26,mins_60,DEF,realized,xp_bonus,410,0.10654155586548765,0.23658536585365852,-0.1300438099881709,0.11147740305613478,0.3059426254520304,0.6730124419095243,1.6196319477814405,0.1226628321518106,3,none,,,,,no_twin,false,13.203934063555154,-1.166548613647619,0.5,0.05
hold_chase_challenger,2026-27,1,5,2025-26,mins_60,MID,realized,xp_minutes,434,1.4451313032396198,2.0,-0.5548686967603802,0.6673306238342367,0.5548686967603802,0.7000402537619131,0.8819029014089191,0.0654593733478767,4,none,,,,,no_twin,false,13.472522823005688,-0.8314749495119952,0.5,0.05
hold_chase_challenger,2026-27,1,5,2025-26,mins_60,MID,realized,xp_goals,434,0.8623686478785896,0.7373271889400922,0.1250414589384974,-0.1503851186519643,1.3098936621807247,2.216670373903669,6.548599007721119,0.48607073031182607,1,process_ga,0.23389579659371498,0.5188029601295573,0.10948846354679233,0.015552995391705071,structural,false,13.472522823005688,-0.8314749495119952,0.5,0.05
hold_chase_challenger,2026-27,1,5,2025-26,mins_60,MID,realized,xp_assists,434,0.35483424403148156,0.4700460829493088,-0.1152118389178272,0.1385632110569858,0.7088566280733085,1.248123090262779,2.187046949667171,0.16233388344553912,3,process_ga,0.024206803136238946,0.8508826215300885,-0.00018879744317282986,-0.11502304147465436,structural,false,13.472522823005688,-0.8314749495119952,0.5,0.05
hold_chase_challenger,2026-27,1,5,2025-26,mins_60,MID,realized,xp_clean_sheet,434,0.1867207288643009,0.3640552995391705,-0.17733457067486957,0.2132771056770259,0.41241597460348167,0.5234314406911988,0.43966152822144927,0.032633941986773475,6,poisson_xgc,0.0135260604603778,0.5855217103143744,-0.15970117344003032,-0.0176333972348392,link-bias,false,13.472522823005688,-0.8314749495119952,0.5,0.05
hold_chase_challenger,2026-27,1,5,2025-26,mins_60,MID,realized,xp_conceded,434,0.0,0.0,0.0,-0.0,0.0,0.0,0.0,0.0,11,poisson_xgc,0.0,,0.0,0.0,no_twin,false,13.472522823005688,-0.8314749495119952,0.5,0.05
hold_chase_challenger,2026-27,1,5,2025-26,mins_60,MID,realized,xp_saves,434,0.0,0.0,0.0,-0.0,0.0,0.0,0.0,0.0,12,none,,,,,no_twin,false,13.472522823005688,-0.8314749495119952,0.5,0.05
hold_chase_challenger,2026-27,1,5,2025-26,mins_60,MID,realized,xp_penalties_saved,434,0.0,0.0,0.0,-0.0,0.0,0.0,0.0,0.0,13,none,,,,,no_twin,false,13.472522823005688,-0.8314749495119952,0.5,0.05
hold_chase_challenger,2026-27,1,5,2025-26,mins_60,MID,realized,xp_penalties_missed,434,-0.0018109033192149934,-0.004608294930875576,0.0027973916116605826,-0.0033643726889215518,0.006419198250090569,0.09694225944783723,0.01906045135095692,0.0014147648218052584,9,none,,,,,no_twin,false,13.472522823005688,-0.8314749495119952,0.5,0.05
hold_chase_challenger,2026-27,1,5,2025-26,mins_60,MID,realized,xp_own_goals,434,-0.0011633366147115346,-0.004608294930875576,0.0034449583161640417,-0.004143189543095602,0.0057716315455871095,0.09661153980183977,0.016689504102670377,0.001238780911483881,10,none,,,,,no_twin,false,13.472522823005688,-0.8314749495119952,0.5,0.05
hold_chase_challenger,2026-27,1,5,2025-26,mins_60,MID,realized,xp_yellow_cards,434,-0.1118574237092665,-0.14516129032258066,0.03330386661331415,-0.040053962699490436,0.22653790943499438,0.36523004354086747,0.09945099696836922,0.0073817649652481295,7,none,,,,,no_twin,false,13.472522823005688,-0.8314749495119952,0.5,0.05
hold_chase_challenger,2026-27,1,5,2025-26,mins_60,MID,realized,xp_red_cards,434,-0.007574227148891938,-0.0069124423963133645,-0.0006617847525785759,0.0007959166454347026,0.014458639370026663,0.14438262588847403,0.032681795955276226,0.002425811140543683,8,none,,,,,no_twin,false,13.472522823005688,-0.8314749495119952,0.5,0.05
hold_chase_challenger,2026-27,1,5,2025-26,mins_60,MID,realized,xp_defcon,434,0.20121355624269502,0.25806451612903225,-0.05685095988633727,0.06837362919917662,0.3875162426813629,0.6625949832859349,0.653663647538781,0.04851828095793496,5,none,,,,,no_twin,false,13.472522823005688,-0.8314749495119952,0.5,0.05
hold_chase_challenger,2026-27,1,5,2025-26,mins_60,MID,realized,xp_bonus,434,0.21531683890358733,0.3064516129032258,-0.0911347739996385,0.10960615717061209,0.4416702496287744,0.8733763752422384,2.5937660400709754,0.19252266811096871,2,none,,,,,no_twin,false,13.472522823005688,-0.8314749495119952,0.5,0.05
hold_chase_challenger,2026-27,1,5,2025-26,mins_60,FWD,realized,xp_minutes,95,1.511628741671669,2.0,-0.48837125832833156,-2.0695665016137625,0.48837125832833156,0.6437179073002318,0.5016370391544368,0.032705456754046194,4,none,,,,,no_twin,false,15.33802273201325,0.23597756242552237,0.5,0.05
hold_chase_challenger,2026-27,1,5,2025-26,mins_60,FWD,realized,xp_goals,95,2.036579911307845,1.305263157894737,0.7313167534131078,3.099094447354167,1.9989084609242385,2.5101410884396196,8.857211465150732,0.5774676188648564,1,process_ga,0.3129555849955301,0.45805517959480513,0.36794833236047625,0.36336842105263156,structural,false,15.33802273201325,0.23597756242552237,0.5,0.05
hold_chase_challenger,2026-27,1,5,2025-26,mins_60,FWD,realized,xp_assists,95,0.20781577109947375,0.47368421052631576,-0.265868439426842,-1.1266683014015522,0.5954579546942549,1.1063319580814608,2.02531602427985,0.13204544416619268,3,process_ga,0.006464869305364305,0.9510405728407593,0.047710507941579015,-0.31357894736842107,structural,false,15.33802273201325,0.23597756242552237,0.5,0.05
hold_chase_challenger,2026-27,1,5,2025-26,mins_60,FWD,realized,xp_clean_sheet,95,0.0,0.0,0.0,0.0,0.0,0.0,0.0,0.0,10,poisson_xgc,0.0,,0.0,0.0,no_twin,false,15.33802273201325,0.23597756242552237,0.5,0.05
hold_chase_challenger,2026-27,1,5,2025-26,mins_60,FWD,realized,xp_conceded,95,0.0,0.0,0.0,0.0,0.0,0.0,0.0,0.0,11,poisson_xgc,0.0,,0.0,0.0,no_twin,false,15.33802273201325,0.23597756242552237,0.5,0.05
hold_chase_challenger,2026-27,1,5,2025-26,mins_60,FWD,realized,xp_saves,95,0.0,0.0,0.0,0.0,0.0,0.0,0.0,0.0,12,none,,,,,no_twin,false,15.33802273201325,0.23597756242552237,0.5,0.05
hold_chase_challenger,2026-27,1,5,2025-26,mins_60,FWD,realized,xp_penalties_saved,95,0.0,0.0,0.0,0.0,0.0,0.0,0.0,0.0,13,none,,,,,no_twin,false,15.33802273201325,0.23597756242552237,0.5,0.05
hold_chase_challenger,2026-27,1,5,2025-26,mins_60,FWD,realized,xp_penalties_missed,95,-0.039958235963693994,-0.042105263157894736,0.0021470271942007433,0.009098437885925589,0.080930644251138,0.3087717764213172,0.14113515410721178,0.009201652427638993,7,none,,,,,no_twin,false,15.33802273201325,0.23597756242552237,0.5,0.05
hold_chase_challenger,2026-27,1,5,2025-26,mins_60,FWD,realized,xp_own_goals,95,-0.01878022429352006,-0.021052631578947368,0.002272407285427311,0.009629759974084454,0.03983285587246743,0.2160207872377417,-0.14277563586533015,-0.009308607658230376,6,none,,,,,no_twin,false,15.33802273201325,0.23597756242552237,0.5,0.05
hold_chase_challenger,2026-27,1,5,2025-26,mins_60,FWD,realized,xp_yellow_cards,95,-0.1201242650450048,-0.21052631578947367,0.09040205074446886,0.3830959596974434,0.2756540820719174,0.43832927673524813,0.223791062646331,0.014590607052579094,5,none,,,,,no_twin,false,15.33802273201325,0.23597756242552237,0.5,0.05
hold_chase_challenger,2026-27,1,5,2025-26,mins_60,FWD,realized,xp_red_cards,95,-0.0024940086371191446,0.0,-0.0024940086371191446,-0.01056883803478683,0.0024940086371191446,0.008579228520749568,0.005376791206126963,0.00035055308627914727,9,none,,,,,no_twin,false,15.33802273201325,0.23597756242552237,0.5,0.05
hold_chase_challenger,2026-27,1,5,2025-26,mins_60,FWD,realized,xp_defcon,95,0.016336126260901678,0.021052631578947368,-0.004716505318045692,-0.019987092287785977,0.03730608653062782,0.2066478367538711,0.06236935472478061,0.004066323007502421,8,none,,,,,no_twin,false,15.33802273201325,0.23597756242552237,0.5,0.05
hold_chase_challenger,2026-27,1,5,2025-26,mins_60,FWD,realized,xp_bonus,95,0.6870790091828662,0.5157894736842106,0.1712895354986559,0.7258721284262656,0.7365499172671522,1.0675497880818934,3.663961476609111,0.23888095229913534,2,none,,,,,no_twin,false,15.33802273201325,0.23597756242552237,0.5,0.05
calibrated_matchup_hybrid,2025-26,1,38,2024-25,all,ALL,realized,xp_minutes,31958,0.6737686777568045,0.604074097252644,0.06969458050416033,0.376585339466596,0.3808767324374628,0.564677469864651,0.5736763265901791,0.14807572171393732,4,none,,,,,no_twin,false,3.8742092218091346,0.1850698187106203,0.5,0.05
calibrated_matchup_hybrid,2025-26,1,38,2024-25,all,ALL,realized,xp_goals,31958,0.23334567213186982,0.1510419926153076,0.08230367951656221,0.4447169186741046,0.32929749957235954,0.9528194936986001,1.2519800408679633,0.3231575707941059,1,process_ga,0.15620103698462612,0.5166412576973267,0.07127107422211326,0.011032605294448966,structural,false,3.8742092218091346,0.1850698187106203,0.5,0.05
calibrated_matchup_hybrid,2025-26,1,38,2024-25,all,ALL,realized,xp_assists,31958,0.1046196879032901,0.08842856248826585,0.016191125415024248,0.0874865795396984,0.17441740197316505,0.5344929104476528,0.4048856817707063,0.10450795467923575,5,process_ga,0.029776730530326256,0.7150768989621947,0.04048457306506493,-0.02429344765004067,variance,false,3.8742092218091346,0.1850698187106203,0.5,0.05
calibrated_matchup_hybrid,2025-26,1,38,2024-25,all,ALL,realized,xp_clean_sheet,31958,0.18451868343009675,0.1580199011202203,0.026498782309876488,0.14318262423604916,0.27235571851260126,0.6625724895402024,0.6945550811187237,0.1792766062320166,2,poisson_xgc,0.08281135110926538,0.5380805513347771,-0.008915857934490037,0.035414640244366496,variance,false,3.8742092218091346,0.1850698187106203,0.5,0.05
calibrated_matchup_hybrid,2025-26,1,38,2024-25,all,ALL,realized,xp_conceded,31958,-0.06459423784699424,-0.05363289317228863,-0.010961344674705612,-0.05922815914055137,0.08390265177753457,0.21611518327934007,0.04696858250724335,0.012123398561658085,7,poisson_xgc,-0.007439817181592159,0.38632577789518496,-0.006666163855030608,-0.004295180819675004,structural,false,3.8742092218091346,0.1850698187106203,0.5,0.05
calibrated_matchup_hybrid,2025-26,1,38,2024-25,all,ALL,realized,xp_saves,31958,0.015321002537221065,0.014018399148882909,0.0013026033883381557,0.007038443099006533,0.01808586372389907,0.10569716923401104,0.022131938994563994,0.005712633915064884,8,none,,,,,no_twin,false,3.8742092218091346,0.1850698187106203,0.5,0.05
calibrated_matchup_hybrid,2025-26,1,38,2024-25,all,ALL,realized,xp_penalties_saved,31958,0.0025617964934935085,0.0017210088240816072,0.0008407876694119014,0.004543083660370238,0.0042373049815603425,0.09439171427665181,0.012967170401077187,0.003347049593522449,10,none,,,,,no_twin,false,3.8742092218091346,0.1850698187106203,0.5,0.05
calibrated_matchup_hybrid,2025-26,1,38,2024-25,all,ALL,realized,xp_penalties_missed,31958,-0.0012133025204160816,-0.0009387320858626948,-0.0002745704345533868,-0.0014836046010436301,0.0021301543055833546,0.044368686893417275,0.0022472025997703053,0.00058004162168633,13,none,,,,,no_twin,false,3.8742092218091346,0.1850698187106203,0.5,0.05
calibrated_matchup_hybrid,2025-26,1,38,2024-25,all,ALL,realized,xp_own_goals,31958,-0.0028373688772886587,-0.0025032855623005196,-0.00033408331498813897,-0.0018051744866650558,0.005299877177791161,0.07319108607914021,0.007722392402402593,0.001993282231359843,12,none,,,,,no_twin,false,3.8742092218091346,0.1850698187106203,0.5,0.05
calibrated_matchup_hybrid,2025-26,1,38,2024-25,all,ALL,realized,xp_yellow_cards,31958,-0.048456670948059874,-0.04449590086989173,-0.003960770078168145,-0.021401491100833153,0.08234078281314834,0.20120717985537662,0.008124907458395702,0.002097178286773481,11,none,,,,,no_twin,false,3.8742092218091346,0.1850698187106203,0.5,0.05
calibrated_matchup_hybrid,2025-26,1,38,2024-25,all,ALL,realized,xp_red_cards,31958,-0.004675126276720743,-0.0041304211777958575,-0.0005447050989248861,-0.0029432411114888504,0.0087838173569717,0.11274324637673215,0.014148521208947606,0.0036519765451233656,9,none,,,,,no_twin,false,3.8742092218091346,0.1850698187106203,0.5,0.05
calibrated_matchup_hybrid,2025-26,1,38,2024-25,all,ALL,realized,xp_defcon,31958,0.09721691893946516,0.0886788910444959,0.008538027894969255,0.04613409120111326,0.14654475551457388,0.3727695204562212,0.24100461932875475,0.06220743525467453,6,none,,,,,no_twin,false,3.8742092218091346,0.1850698187106203,0.5,0.05
calibrated_matchup_hybrid,2025-26,1,38,2024-25,all,ALL,realized,xp_bonus,31958,0.0713436385255648,0.07556793291194693,-0.004224294386382128,-0.02282540943635622,0.1289714470283308,0.411226985896743,0.5937967565604066,0.15326915057084142,3,none,,,,,no_twin,false,3.8742092218091346,0.1850698187106203,0.5,0.05
calibrated_matchup_hybrid,2025-26,1,38,2024-25,all,GKP,realized,xp_minutes,3686,0.47388811559344113,0.41345632121540965,0.060431794378031464,0.5873541311283456,0.2375216356248281,0.44974363537904843,0.3156144640458944,0.15728965562708627,2,none,,,,,no_twin,false,2.0065811879846445,0.1028881745701491,0.5,0.05
calibrated_matchup_hybrid,2025-26,1,38,2024-25,all,GKP,realized,xp_goals,3686,0.0002765625960402406,0.0,0.0002765625960402406,0.0026879920573542725,0.0002765625960402406,0.003736568700366904,0.0003341369332038299,0.00016652051519501585,11,process_ga,-3.990677474957699e-05,0.7603491995995731,-0.0001575122818762001,0.0004340748779164406,variance,false,2.0065811879846445,0.1028881745701491,0.5,0.05
calibrated_matchup_hybrid,2025-26,1,38,2024-25,all,GKP,realized,xp_assists,3686,0.003124173930592932,0.004069451980466631,-0.0009452780498736984,-0.009187431440230367,0.007176265663503409,0.11102385241179763,0.011884160597138904,0.0059225914547096055,7,process_ga,0.0003675269296114444,0.9379449127257985,0.001984727376062276,-0.0029300054259359743,variance,false,2.0065811879846445,0.1028881745701491,0.5,0.05
calibrated_matchup_hybrid,2025-26,1,38,2024-25,all,GKP,realized,xp_clean_sheet,3686,0.25285179621088155,0.20944112859468259,0.043410667616198974,0.42192086503198295,0.3516597657164286,0.8096009041508917,0.9666557626735183,0.48174266182790293,1,poisson_xgc,0.14479141709497007,0.6994424024113207,-0.008203651275109488,0.051614318891308436,variance,false,2.0065811879846445,0.1028881745701491,0.5,0.05
calibrated_matchup_hybrid,2025-26,1,38,2024-25,all,GKP,realized,xp_conceded,3686,-0.11396767594629263,-0.09386869234943028,-0.02009898359686234,-0.19534784906849395,0.14180977115496382,0.27989234062522594,0.09495210334980903,0.04732033964953909,6,poisson_xgc,-0.02097916431317823,0.5566565145442153,-0.014501637814989343,-0.0055973457818730005,variance,false,2.0065811879846445,0.1028881745701491,0.5,0.05
calibrated_matchup_hybrid,2025-26,1,38,2024-25,all,GKP,realized,xp_saves,3686,0.1328346714825043,0.12154096581660337,0.011293705665900917,0.10976679985901466,0.1568063030082383,0.31122572479697347,0.1918861927260652,0.09562842205193325,4,none,,,,,no_twin,false,2.0065811879846445,0.1028881745701491,0.5,0.05
calibrated_matchup_hybrid,2025-26,1,38,2024-25,all,GKP,realized,xp_penalties_saved,3686,0.022211039701320004,0.014921323928377646,0.0072897157729423625,0.0708508611742571,0.03673787102569328,0.27793676882244145,0.11242670419903003,0.0560289834631353,5,none,,,,,no_twin,false,2.0065811879846445,0.1028881745701491,0.5,0.05
calibrated_matchup_hybrid,2025-26,1,38,2024-25,all,GKP,realized,xp_penalties_missed,3686,0.0,0.0,0.0,0.0,0.0,0.0,0.0,0.0,12,none,,,,,no_twin,false,2.0065811879846445,0.1028881745701491,0.5,0.05
calibrated_matchup_hybrid,2025-26,1,38,2024-25,all,GKP,realized,xp_own_goals,3686,-0.002428876339998257,-0.002170374389582203,-0.0002585019504160542,-0.0025124554060370436,0.004595553039864452,0.06674926522216892,0.006854777355279798,0.0034161475231234226,8,none,,,,,no_twin,false,2.0065811879846445,0.1028881745701491,0.5,0.05
calibrated_matchup_hybrid,2025-26,1,38,2024-25,all,GKP,realized,xp_yellow_cards,3686,-0.017074753218406086,-0.014921323928377646,-0.002153429290028443,-0.02092980363414103,0.03016831699731013,0.12203654251118602,0.0041902842614049045,0.002088270480405287,10,none,,,,,no_twin,false,2.0065811879846445,0.1028881745701491,0.5,0.05
calibrated_matchup_hybrid,2025-26,1,38,2024-25,all,GKP,realized,xp_red_cards,3686,-0.0019141541295498636,-0.0008138903960933261,-0.0011002637334565377,-0.010693782235453876,0.00272804452564319,0.050653019446186234,0.005029409698605471,0.0025064571165729272,9,none,,,,,no_twin,false,2.0065811879846445,0.1028881745701491,0.5,0.05
calibrated_matchup_hybrid,2025-26,1,38,2024-25,all,GKP,realized,xp_defcon,3686,0.0,0.0,0.0,0.0,0.0,0.0,0.0,0.0,13,none,,,,,no_twin,false,2.0065811879846445,0.1028881745701491,0.5,0.05
calibrated_matchup_hybrid,2025-26,1,38,2024-25,all,GKP,realized,xp_bonus,3686,0.0486922665507118,0.04395008138903961,0.004742185161672194,0.046090672533401544,0.0844929888487365,0.30380482750787463,0.2967531921446945,0.14788995029039684,3,none,,,,,no_twin,false,2.0065811879846445,0.1028881745701491,0.5,0.05
calibrated_matchup_hybrid,2025-26,1,38,2024-25,all,DEF,realized,xp_minutes,10260,0.7462769716703932,0.6799220272904484,0.0663549443799448,0.4403075561228595,0.44028078837621165,0.6248430203198816,0.6971471644561906,0.15521660122483932,3,none,,,,,no_twin,false,4.491447170952653,0.15070135285488878,0.5,0.05
calibrated_matchup_hybrid,2025-26,1,38,2024-25,all,DEF,realized,xp_goals,10260,0.13723964660098897,0.08011695906432749,0.05712268753666152,0.37904561873220405,0.20897634549286803,0.7418096524617891,0.7435683401638579,0.1655520619217579,2,process_ga,0.07166878959041154,0.5670921354982388,0.03133906180566736,0.025783625730994145,structural,false,4.491447170952653,0.15070135285488878,0.5,0.05
calibrated_matchup_hybrid,2025-26,1,38,2024-25,all,DEF,realized,xp_assists,10260,0.0853348776369111,0.06929824561403508,0.01603663202287601,0.10641332489110285,0.14469444717752708,0.4616197275097818,0.29932922059846795,0.06664427058928962,6,process_ga,0.019847097935521193,0.7021934855010505,0.03169160278310993,-0.015654970760233915,variance,false,4.491447170952653,0.15070135285488878,0.5,0.05
calibrated_matchup_hybrid,2025-26,1,38,2024-25,all,DEF,realized,xp_clean_sheet,10260,0.36639347764422153,0.32046783625730996,0.04592564138691158,0.3047460458509198,0.5484700358876663,1.0249787091737845,1.6212023507619255,0.3609532271127799,1,poisson_xgc,0.1618379079675813,0.5516374537994779,-0.026091152387345978,0.07201679377425757,variance,false,4.491447170952653,0.15070135285488878,0.5,0.05
calibrated_matchup_hybrid,2025-26,1,38,2024-25,all,DEF,realized,xp_conceded,10260,-0.16025514615752506,-0.13333333333333333,-0.026921812824191746,-0.1786434714366162,0.21039474941805586,0.3425427875854766,0.11218601430985255,0.024977698732690977,7,poisson_xgc,-0.016621827273663684,0.33453327900424523,-0.015554018274173237,-0.011367794550018517,structural,false,4.491447170952653,0.15070135285488878,0.5,0.05
calibrated_matchup_hybrid,2025-26,1,38,2024-25,all,DEF,realized,xp_saves,10260,0.0,0.0,0.0,0.0,0.0,0.0,0.0,0.0,11,none,,,,,no_twin,false,4.491447170952653,0.15070135285488878,0.5,0.05
calibrated_matchup_hybrid,2025-26,1,38,2024-25,all,DEF,realized,xp_penalties_saved,10260,0.0,0.0,0.0,0.0,0.0,0.0,0.0,0.0,12,none,,,,,no_twin,false,4.491447170952653,0.15070135285488878,0.5,0.05
calibrated_matchup_hybrid,2025-26,1,38,2024-25,all,DEF,realized,xp_penalties_missed,10260,0.0,0.0,0.0,0.0,0.0,0.0,0.0,0.0,13,none,,,,,no_twin,false,4.491447170952653,0.15070135285488878,0.5,0.05
calibrated_matchup_hybrid,2025-26,1,38,2024-25,all,DEF,realized,xp_own_goals,10260,-0.005684049055328718,-0.005458089668615985,-0.00022595938671273372,-0.001499385257213393,0.011027975121227822,0.10896786610393622,0.018757524520868117,0.004176276332977457,10,none,,,,,no_twin,false,4.491447170952653,0.15070135285488878,0.5,0.05
calibrated_matchup_hybrid,2025-26,1,38,2024-25,all,DEF,realized,xp_yellow_cards,10260,-0.06045948444845361,-0.05604288499025341,-0.004416599458200189,-0.02930696622513375,0.10226511320308376,0.22465521660126328,0.02164911040085274,0.004820074594412046,9,none,,,,,no_twin,false,4.491447170952653,0.15070135285488878,0.5,0.05
calibrated_matchup_hybrid,2025-26,1,38,2024-25,all,DEF,realized,xp_red_cards,10260,-0.007849219545268344,-0.00760233918128655,-0.0002468803639817932,-0.0016382093412228075,0.015394872283371315,0.1525889123097891,0.025748540705386538,0.0057327938469161985,8,none,,,,,no_twin,false,4.491447170952653,0.15070135285488878,0.5,0.05
calibrated_matchup_hybrid,2025-26,1,38,2024-25,all,DEF,realized,xp_defcon,10260,0.16925172980725997,0.16003898635477584,0.009212743452484162,0.06113245354442947,0.25260336673287015,0.49587355779544423,0.4316194437162065,0.09609807870113685,5,none,,,,,no_twin,false,4.491447170952653,0.15070135285488878,0.5,0.05
calibrated_matchup_hybrid,2025-26,1,38,2024-25,all,DEF,realized,xp_bonus,10260,0.053746895680247285,0.06588693957115009,-0.012140043890902816,-0.08055696688132943,0.11046101190653379,0.36881499842025706,0.5202394613190445,0.1158289169431998,4,none,,,,,no_twin,false,4.491447170952653,0.15070135285488878,0.5,0.05
calibrated_matchup_hybrid,2025-26,1,38,2024-25,all,MID,realized,xp_minutes,14402,0.6796028377281308,0.5979725038189141,0.08163033390921674,0.3524996385858154,0.38291730378833805,0.5559862338100163,0.5713718055433472,0.14965031439915727,4,none,,,,,no_twin,false,3.8180461420170912,0.23157565277714176,0.5,0.05
calibrated_matchup_hybrid,2025-26,1,38,2024-25,all,MID,realized,xp_goals,14402,0.2885855843301863,0.18504374392445494,0.10354184040573135,0.44711885366194115,0.4148088236937484,1.094768967534523,1.6456443570807018,0.43101740939445543,1,process_ga,0.20930053649508512,0.5144035207553788,0.10002843948919198,0.003513400916539372,structural,false,3.8180461420170912,0.23157565277714176,0.5,0.05
calibrated_matchup_hybrid,2025-26,1,38,2024-25,all,MID,realized,xp_assists,14402,0.15095340852426692,0.1235245104846549,0.027428898039612033,0.11844465387735903,0.2433249747997145,0.6348713063728406,0.5833043762209874,0.15277562253682586,3,process_ga,0.04546140036210061,0.7024302725315856,0.057716358114601615,-0.030287460074989586,variance,false,3.8180461420170912,0.23157565277714176,0.5,0.05
calibrated_matchup_hybrid,2025-26,1,38,2024-25,all,MID,realized,xp_clean_sheet,14402,0.08371332339925083,0.0687404527149007,0.014972870684350121,0.06465649780013512,0.12362335700510352,0.24073858646422192,0.13886696447439456,0.03637121169023654,6,poisson_xgc,0.03135745159356443,0.13784968560775235,0.0009027144996382943,0.014070156184711816,structural,false,3.8180461420170912,0.23157565277714176,0.5,0.05
calibrated_matchup_hybrid,2025-26,1,38,2024-25,all,MID,realized,xp_conceded,14402,0.0,0.0,0.0,0.0,0.0,0.0,0.0,0.0,11,poisson_xgc,0.0,,0.0,0.0,no_twin,false,3.8180461420170912,0.23157565277714176,0.5,0.05
calibrated_matchup_hybrid,2025-26,1,38,2024-25,all,MID,realized,xp_saves,14402,0.0,0.0,0.0,0.0,0.0,0.0,0.0,0.0,12,none,,,,,no_twin,false,3.8180461420170912,0.23157565277714176,0.5,0.05
calibrated_matchup_hybrid,2025-26,1,38,2024-25,all,MID,realized,xp_penalties_saved,14402,0.0,0.0,0.0,0.0,0.0,0.0,0.0,0.0,13,none,,,,,no_twin,false,3.8180461420170912,0.23157565277714176,0.5,0.05
calibrated_matchup_hybrid,2025-26,1,38,2024-25,all,MID,realized,xp_penalties_missed,14402,-0.0013709411931860454,-0.000972087210109707,-0.00039885398307633844,-0.0017223485210691731,0.002303446388205567,0.04533323482246875,0.0036350139753844623,0.0009520613005122216,9,none,,,,,no_twin,false,3.8180461420170912,0.23157565277714176,0.5,0.05
calibrated_matchup_hybrid,2025-26,1,38,2024-25,all,MID,realized,xp_own_goals,14402,-0.0009764181052733316,-0.0008332176086654631,-0.0001432004966078684,-0.0006183745782017865,0.0018014277230783131,0.0412334557898238,0.001544645142114778,0.0004045642940550569,10,none,,,,,no_twin,false,3.8180461420170912,0.23157565277714176,0.5,0.05
calibrated_matchup_hybrid,2025-26,1,38,2024-25,all,MID,realized,xp_yellow_cards,14402,-0.051903947728286916,-0.0462435772809332,-0.005660370447353712,-0.02444285648975803,0.08656863110355734,0.2044639934393898,0.00914205227951209,0.0023944321098964775,8,none,,,,,no_twin,false,3.8180461420170912,0.23157565277714176,0.5,0.05
calibrated_matchup_hybrid,2025-26,1,38,2024-25,all,MID,realized,xp_red_cards,14402,-0.004258240095829687,-0.0035411748368282185,-0.0007170652590014686,-0.0030964622161360838,0.007791579385492489,0.10469119128281353,0.011794913891329254,0.003089253888665145,7,none,,,,,no_twin,false,3.8180461420170912,0.23157565277714176,0.5,0.05
calibrated_matchup_hybrid,2025-26,1,38,2024-25,all,MID,realized,xp_defcon,14402,0.09333704422332154,0.08151645604777115,0.011820588175550388,0.051044175127192684,0.14232400929704064,0.3617290513820536,0.2235377321293144,0.058547676956889366,5,none,,,,,no_twin,false,3.8180461420170912,0.23157565277714176,0.5,0.05
calibrated_matchup_hybrid,2025-26,1,38,2024-25,all,MID,realized,xp_bonus,14402,0.0753400229416104,0.07623941119288988,-0.0008993882512794921,-0.003883777247278339,0.13443413280701205,0.42061431834712093,0.6292042812800055,0.16479745342930666,2,none,,,,,no_twin,false,3.8180461420170912,0.23157565277714176,0.5,0.05
calibrated_matchup_hybrid,2025-26,1,38,2024-25,all,FWD,realized,xp_minutes,3610,0.6485058203256949,0.6074792243767313,0.04102659594896358,0.2265078465466623,0.3502764455467434,0.5228379876699097,0.49544777837672355,0.11654957623477707,3,none,,,,,no_twin,false,4.25096164552924,0.18112659925232125,0.5,0.05
calibrated_matchup_hybrid,2025-26,1,38,2024-25,all,FWD,realized,xp_goals,3610,0.5240867647124103,0.37119113573407203,0.15289562897833833,0.8441368060212111,0.6660654011108781,1.3006004400213664,2.4044225253643026,0.5656184943218783,1,process_ga,0.29507954287846194,0.4783064099906533,0.14296765113900314,0.00992797783933519,structural,false,4.25096164552924,0.18112659925232125,0.5,0.05
calibrated_matchup_hybrid,2025-26,1,38,2024-25,all,FWD,realized,xp_assists,3610,0.07821425118669784,0.0889196675900277,-0.010705416403329863,-0.05910460665369483,0.15475022213734602,0.5502926498888304,0.3943668067568523,0.09277119852906932,4,process_ga,0.01756747197893982,0.81063657409325,0.03603973595124078,-0.046745152354570635,variance,false,4.25096164552924,0.18112659925232125,0.5,0.05
calibrated_matchup_hybrid,2025-26,1,38,2024-25,all,FWD,realized,xp_clean_sheet,3610,0.0,0.0,0.0,0.0,0.0,0.0,0.0,0.0,10,poisson_xgc,0.0,,0.0,0.0,no_twin,false,4.25096164552924,0.18112659925232125,0.5,0.05
calibrated_matchup_hybrid,2025-26,1,38,2024-25,all,FWD,realized,xp_conceded,3610,0.0,0.0,0.0,0.0,0.0,0.0,0.0,0.0,11,poisson_xgc,0.0,,0.0,0.0,no_twin,false,4.25096164552924,0.18112659925232125,0.5,0.05
calibrated_matchup_hybrid,2025-26,1,38,2024-25,all,FWD,realized,xp_saves,3610,0.0,0.0,0.0,0.0,0.0,0.0,0.0,0.0,12,none,,,,,no_twin,false,4.25096164552924,0.18112659925232125,0.5,0.05
calibrated_matchup_hybrid,2025-26,1,38,2024-25,all,FWD,realized,xp_penalties_saved,3610,0.0,0.0,0.0,0.0,0.0,0.0,0.0,0.0,13,none,,,,,no_twin,false,4.25096164552924,0.18112659925232125,0.5,0.05
calibrated_matchup_hybrid,2025-26,1,38,2024-25,all,FWD,realized,xp_penalties_missed,3610,-0.00527158639423593,-0.00443213296398892,-0.0008394534302470106,-0.004634622599398539,0.009667932524902018,0.09606425320918134,0.0053918641024854235,0.0012683869091493867,7,none,,,,,no_twin,false,4.25096164552924,0.18112659925232125,0.5,0.05
calibrated_matchup_hybrid,2025-26,1,38,2024-25,all,FWD,realized,xp_own_goals,3610,-0.0025881106735008877,-0.00110803324099723,-0.0014800774325036575,-0.008171507876884568,0.0036961439144981177,0.04841144744209266,0.0018912260785531175,0.0004448937055318131,8,none,,,,,no_twin,false,4.25096164552924,0.18112659925232125,0.5,0.05
calibrated_matchup_hybrid,2025-26,1,38,2024-25,all,FWD,realized,xp_yellow_cards,3610,-0.0326331812108395,-0.034903047091412745,0.002269865880573238,0.012531930097197738,0.06211768256881921,0.18155825856294214,-0.030352716031692758,-0.007140199927142339,5,none,,,,,no_twin,false,4.25096164552924,0.18112659925232125,0.5,0.05
calibrated_matchup_hybrid,2025-26,1,38,2024-25,all,FWD,realized,xp_red_cards,3610,-0.00013627341698846596,0.0,-0.00013627341698846596,-0.0007523655694469709,0.00013627341698846596,0.0026438288723081393,-0.00011920799271520836,-2.8042594277598357e-05,9,none,,,,,no_twin,false,4.25096164552924,0.18112659925232125,0.5,0.05
calibrated_matchup_hybrid,2025-26,1,38,2024-25,all,FWD,realized,xp_defcon,3610,0.007228652836748824,0.004986149584487534,0.00224250325226129,0.01238086101940961,0.01158348259266616,0.09630649496319732,0.015019311316809213,0.0035331561583495127,6,none,,,,,no_twin,false,4.25096164552924,0.18112659925232125,0.5,0.05
calibrated_matchup_hybrid,2025-26,1,38,2024-25,all,FWD,realized,xp_bonus,3610,0.12854020648467213,0.13268698060941828,-0.0041467741247461455,-0.022894340985055522,0.20520165772502177,0.5571425376350881,0.964894057557921,0.22698253666266444,2,none,,,,,no_twin,false,4.25096164552924,0.18112659925232125,0.5,0.05
calibrated_matchup_hybrid,2025-26,1,38,2024-25,mins_60,ALL,realized,xp_minutes,7738,1.4839646331636493,2.0248126130783146,-0.5408479799146656,0.5976826261467354,0.5462396590074313,0.6845725445353212,0.8497543830245111,0.07073491971915605,5,none,,,,,no_twin,false,12.013223262263564,-0.9049083179839387,0.5,0.05
calibrated_matchup_hybrid,2025-26,1,38,2024-25,mins_60,ALL,realized,xp_goals,7738,0.5621630026759494,0.5350219695011631,0.027141033174786427,-0.029993130392761132,0.8931902892714,1.7624478706272784,4.040749817051914,0.33635850502711334,1,process_ga,0.1414219989399155,0.5795498052635366,0.0036569287550397207,0.023484104419746576,variance,false,12.013223262263564,-0.9049083179839387,0.5,0.05
calibrated_matchup_hybrid,2025-26,1,38,2024-25,mins_60,ALL,realized,xp_assists,7738,0.24582911084335135,0.3089945722408891,-0.06316546139753781,0.06980316142774029,0.4859603119637851,0.9782795961826549,1.2083313465011225,0.10058344210556572,4,process_ga,0.013418720748204107,0.8665911558870624,0.02091440420080801,-0.08407986559834582,structural,false,12.013223262263564,-0.9049083179839387,0.5,0.05
calibrated_matchup_hybrid,2025-26,1,38,2024-25,mins_60,ALL,realized,xp_clean_sheet,7738,0.47411226080902275,0.6526234169035927,-0.17851115609456997,0.1972698808784056,0.8368798967830057,1.29375109776287,2.378194312139819,0.1979647144001978,2,poisson_xgc,0.06948182154054414,0.6490191610607818,-0.32477389490685543,0.14626273881228546,link-bias,false,12.013223262263564,-0.9049083179839387,0.5,0.05
calibrated_matchup_hybrid,2025-26,1,38,2024-25,mins_60,ALL,realized,xp_conceded,7738,-0.15786982849038192,-0.20909795812871543,0.05122812963833352,-0.05661140318885076,0.2312268952305122,0.39964204721798424,0.32062895422806836,0.02668966914443698,7,poisson_xgc,0.001681788733108412,0.9369872768370772,0.06865811753626672,-0.01742998789793318,link-bias,false,12.013223262263564,-0.9049083179839387,0.5,0.05
calibrated_matchup_hybrid,2025-26,1,38,2024-25,mins_60,ALL,realized,xp_saves,7738,0.04269363796957114,0.057766864822951666,-0.015073226853380533,0.01665718676004929,0.05401015059494766,0.20221522222280086,0.06466594130749581,0.005382896820924585,9,none,,,,,no_twin,false,12.013223262263564,-0.9049083179839387,0.5,0.05
calibrated_matchup_hybrid,2025-26,1,38,2024-25,mins_60,ALL,realized,xp_penalties_saved,7738,0.0074997812061156945,0.00710777978805893,0.0003920014180567636,-0.0004331946234399862,0.014419644253626662,0.19111747270179252,0.049452302027712905,0.00411648905111541,10,none,,,,,no_twin,false,12.013223262263564,-0.9049083179839387,0.5,0.05
calibrated_matchup_hybrid,2025-26,1,38,2024-25,mins_60,ALL,realized,xp_penalties_missed,7738,-0.0033577092328218364,-0.003876970793486689,0.0005192615606648522,-0.0005738278125476008,0.007144314214777861,0.08961801542954227,0.01216884346743866,0.0010129540758360778,13,none,,,,,no_twin,false,12.013223262263564,-0.9049083179839387,0.5,0.05
calibrated_matchup_hybrid,2025-26,1,38,2024-25,mins_60,ALL,realized,xp_own_goals,7738,-0.006486421650475094,-0.009563194623933832,0.0030767729734587387,-0.0034000935921481372,0.015884372735036317,0.1427440160907671,0.036263645651934094,0.0030186441107647576,11,none,,,,,no_twin,false,12.013223262263564,-0.9049083179839387,0.5,0.05
calibrated_matchup_hybrid,2025-26,1,38,2024-25,mins_60,ALL,realized,xp_yellow_cards,7738,-0.1117391593189182,-0.1496510726285862,0.037911913309668,-0.04189586122286137,0.22268357074931897,0.36021427130183364,0.11570809996409391,0.009631728091457436,8,none,,,,,no_twin,false,12.013223262263564,-0.9049083179839387,0.5,0.05
calibrated_matchup_hybrid,2025-26,1,38,2024-25,mins_60,ALL,realized,xp_red_cards,7738,-0.010163014093070527,-0.00697854742827604,-0.0031844666647944868,0.0035191042026105103,0.017106010030576196,0.14741496435082038,0.026645033072964536,0.0022179753502678187,12,none,,,,,no_twin,false,12.013223262263564,-0.9049083179839387,0.5,0.05
calibrated_matchup_hybrid,2025-26,1,38,2024-25,mins_60,ALL,realized,xp_defcon,7738,0.25048641219364975,0.3644352545877488,-0.113948842394099,0.1259230798629055,0.4528058508249576,0.7295300494514219,0.7417666876134758,0.06174585050321541,6,none,,,,,no_twin,false,12.013223262263564,-0.9049083179839387,0.5,0.05
calibrated_matchup_hybrid,2025-26,1,38,2024-25,mins_60,ALL,realized,xp_bonus,7738,0.18627120132165506,0.2967174980615146,-0.11044629673985953,0.12205247155416231,0.41081370849641935,0.8052289480329117,2.168893896213011,0.18054221159994843,3,none,,,,,no_twin,false,12.013223262263564,-0.9049083179839387,0.5,0.05
calibrated_matchup_hybrid,2025-26,1,38,2024-25,mins_60,GKP,realized,xp_minutes,747,1.5964150398662131,2.0267737617135206,-0.4303587218473077,0.6732403870456857,0.4303587218473077,0.6260902838989659,0.6060505153691575,0.07276120671085773,5,none,,,,,no_twin,false,8.329308195471697,-0.6392348559714435,0.5,0.05
calibrated_matchup_hybrid,2025-26,1,38,2024-25,mins_60,GKP,realized,xp_goals,747,0.0007769309808087542,0.0,0.0007769309808087542,-0.0012154077230786394,0.0007769309808087542,0.005507776972392851,0.00023095449979457632,2.7727933025714764e-05,11,process_ga,-0.00021765798972242381,-6.849773350237421,-0.0013649699562729059,0.00214190093708166,structural,false,8.329308195471697,-0.6392348559714435,0.5,0.05
calibrated_matchup_hybrid,2025-26,1,38,2024-25,mins_60,GKP,realized,xp_assists,747,0.010462452516158684,0.020080321285140562,-0.009617868768981876,0.015045907899320707,0.030457111321390302,0.24627370300630225,0.049752248579455295,0.005973154962197647,8,process_ga,-0.0006303064056405928,0.8944768033594277,0.004839962556319327,-0.014457831325301203,variance,false,8.329308195471697,-0.6392348559714435,0.5,0.05
calibrated_matchup_hybrid,2025-26,1,38,2024-25,mins_60,GKP,realized,xp_clean_sheet,747,0.9227965439676533,1.033467202141901,-0.11067065817424764,0.17312988667687987,1.4103550119695898,1.7573725905599333,4.304271576722563,0.5167621938953608,1,poisson_xgc,0.11621877673323291,0.7751020138350793,-0.36535657441703623,0.2546859162427886,link-bias,false,8.329308195471697,-0.6392348559714435,0.5,0.05
calibrated_matchup_hybrid,2025-26,1,38,2024-25,mins_60,GKP,realized,xp_conceded,747,-0.35578473111649067,-0.4605087014725569,0.10472397035606619,-0.16382706508849154,0.4915181224550287,0.5798955589422705,0.7105889458988239,0.08531188055751641,3,poisson_xgc,0.004954620348758866,0.9419234423578494,0.13255020331881914,-0.02782623296275294,link-bias,false,8.329308195471697,-0.6392348559714435,0.5,0.05
calibrated_matchup_hybrid,2025-26,1,38,2024-25,mins_60,GKP,realized,xp_saves,747,0.4422535081774316,0.5983935742971888,-0.15614006611975711,0.24426087636049115,0.5594786416381593,0.6508305144317711,0.6698595098224934,0.0804219863285487,4,none,,,,,no_twin,false,8.329308195471697,-0.6392348559714435,0.5,0.05
calibrated_matchup_hybrid,2025-26,1,38,2024-25,mins_60,GKP,realized,xp_penalties_saved,747,0.07768849661703245,0.07362784471218206,0.004060651904850384,-0.006352363089899756,0.14936975533408717,0.6151123625023641,0.5122649438961746,0.061501499509247604,6,none,,,,,no_twin,false,8.329308195471697,-0.6392348559714435,0.5,0.05
calibrated_matchup_hybrid,2025-26,1,38,2024-25,mins_60,GKP,realized,xp_penalties_missed,747,0.0,0.0,0.0,-0.0,0.0,0.0,0.0,0.0,12,none,,,,,no_twin,false,8.329308195471697,-0.6392348559714435,0.5,0.05
calibrated_matchup_hybrid,2025-26,1,38,2024-25,mins_60,GKP,realized,xp_own_goals,747,-0.007337530426169869,-0.0107095046854083,0.0033719742592384313,-0.005275016260047415,0.018028789215603323,0.14778952648202745,0.038657795186874976,0.004641177187787533,9,none,,,,,no_twin,false,8.329308195471697,-0.6392348559714435,0.5,0.05
calibrated_matchup_hybrid,2025-26,1,38,2024-25,mins_60,GKP,realized,xp_yellow_cards,747,-0.06152187518720339,-0.07362784471218206,0.012105969524978666,-0.018938218734304246,0.12613081238806056,0.2695847825636387,0.04977139510174319,0.005975453655178933,7,none,,,,,no_twin,false,8.329308195471697,-0.6392348559714435,0.5,0.05
calibrated_matchup_hybrid,2025-26,1,38,2024-25,mins_60,GKP,realized,xp_red_cards,747,-0.00582780443520704,0.0,-0.00582780443520704,0.009116843959252725,0.00582780443520704,0.023959338833402673,0.00527311792123896,0.000633079938632327,10,none,,,,,no_twin,false,8.329308195471697,-0.6392348559714435,0.5,0.05
calibrated_matchup_hybrid,2025-26,1,38,2024-25,mins_60,GKP,realized,xp_defcon,747,0.0,0.0,0.0,-0.0,0.0,0.0,0.0,0.0,13,none,,,,,no_twin,false,8.329308195471697,-0.6392348559714435,0.5,0.05
calibrated_matchup_hybrid,2025-26,1,38,2024-25,mins_60,GKP,realized,xp_bonus,747,0.16520823622763356,0.21686746987951808,-0.051659233651884524,0.08081416895419154,0.34186347369820796,0.6711079900488749,1.3825871924733777,0.16599063932164662,2,none,,,,,no_twin,false,8.329308195471697,-0.6392348559714435,0.5,0.05
calibrated_matchup_hybrid,2025-26,1,38,2024-25,mins_60,DEF,realized,xp_minutes,2993,1.4616413766676108,2.02505846976278,-0.563417093095169,0.5412123740456769,0.568631491544265,0.7163442052764021,0.9729601973094314,0.07909149615683606,5,none,,,,,no_twin,false,12.301704286641392,-1.0410277371958574,0.5,0.05
calibrated_matchup_hybrid,2025-26,1,38,2024-25,mins_60,DEF,realized,xp_goals,2993,0.2797996350590212,0.25659873037086534,0.02320090468815587,-0.022286538445796367,0.5104939389435574,1.3156919591332488,2.1431942269801842,0.17421929328178629,2,process_ga,0.061824273520454505,0.6451353213764993,-0.053197357924607246,0.07639826261276311,variance,false,12.301704286641392,-1.0410277371958574,0.5,0.05
calibrated_matchup_hybrid,2025-26,1,38,2024-25,mins_60,DEF,realized,xp_assists,2993,0.172208318931286,0.21450050116939526,-0.04229218223810924,0.040625413451546154,0.35616112917284004,0.7996896246369892,0.7713072609807728,0.06269921979984083,6,process_ga,0.008528688154729371,0.8639745728582252,0.00507834900144972,-0.04737053123955898,variance,false,12.301704286641392,-1.0410277371958574,0.5,0.05
calibrated_matchup_hybrid,2025-26,1,38,2024-25,mins_60,DEF,realized,xp_clean_sheet,2993,0.7741073364899791,1.0985633144002673,-0.32445597791028813,0.31166890786623247,1.398265534811978,1.818442925831709,4.701155953358009,0.3821548497522466,1,poisson_xgc,0.13294435298370844,0.6521191525636869,-0.5713294507214751,0.24687347281118677,link-bias,false,12.301704286641392,-1.0410277371958574,0.5,0.05
calibrated_matchup_hybrid,2025-26,1,38,2024-25,mins_60,DEF,realized,xp_conceded,2993,-0.3193536714716193,-0.4256598730370865,0.1063062015654672,-0.10211658898908561,0.4751318669628456,0.5735758413692664,0.651592684674364,0.05296767581886507,7,poisson_xgc,0.0034088009050682404,0.9356437515452745,0.14442416024606547,-0.03811795868059831,link-bias,false,12.301704286641392,-1.0410277371958574,0.5,0.05
calibrated_matchup_hybrid,2025-26,1,38,2024-25,mins_60,DEF,realized,xp_saves,2993,0.0,0.0,0.0,-0.0,0.0,0.0,0.0,0.0,11,none,,,,,no_twin,false,12.301704286641392,-1.0410277371958574,0.5,0.05
calibrated_matchup_hybrid,2025-26,1,38,2024-25,mins_60,DEF,realized,xp_penalties_saved,2993,0.0,0.0,0.0,-0.0,0.0,0.0,0.0,0.0,12,none,,,,,no_twin,false,12.301704286641392,-1.0410277371958574,0.5,0.05
calibrated_matchup_hybrid,2025-26,1,38,2024-25,mins_60,DEF,realized,xp_penalties_missed,2993,0.0,0.0,0.0,-0.0,0.0,0.0,0.0,0.0,13,none,,,,,no_twin,false,12.301704286641392,-1.0410277371958574,0.5,0.05
calibrated_matchup_hybrid,2025-26,1,38,2024-25,mins_60,DEF,realized,xp_own_goals,2993,-0.01162011078256223,-0.017373872368860673,0.005753761586298443,-0.005527001232260096,0.02860970905801593,0.1941661485001837,0.07031826360357518,0.005716139972567448,9,none,,,,,no_twin,false,12.301704286641392,-1.0410277371958574,0.5,0.05
calibrated_matchup_hybrid,2025-26,1,38,2024-25,mins_60,DEF,realized,xp_yellow_cards,2993,-0.12318096878266548,-0.1653859004343468,0.042204931651681335,-0.040541601480634674,0.2439803559349906,0.3767126525475989,0.15901009343515485,0.012925858867199914,8,none,,,,,no_twin,false,12.301704286641392,-1.0410277371958574,0.5,0.05
calibrated_matchup_hybrid,2025-26,1,38,2024-25,mins_60,DEF,realized,xp_red_cards,2993,-0.014351792224958485,-0.011025726695623121,-0.0033260655293353633,0.0031949826219756163,0.025301377152781544,0.1849204552307306,0.03795713965857413,0.0030855187845632384,10,none,,,,,no_twin,false,12.301704286641392,-1.0410277371958574,0.5,0.05
calibrated_matchup_hybrid,2025-26,1,38,2024-25,mins_60,DEF,realized,xp_defcon,2993,0.3743423102069686,0.5452723020380889,-0.1709299918311202,0.16419350390369253,0.6576985403203633,0.8820375716902832,1.121475359135348,0.09116422676109806,4,none,,,,,no_twin,false,12.301704286641392,-1.0410277371958574,0.5,0.05
calibrated_matchup_hybrid,2025-26,1,38,2024-25,mins_60,DEF,realized,xp_bonus,2993,0.11145400178158016,0.22552622786501839,-0.11407222608343821,0.10957654825865301,0.30557344811304304,0.6788387213734249,1.6727331075059777,0.13597572080499642,3,none,,,,,no_twin,false,12.301704286641392,-1.0410277371958574,0.5,0.05
calibrated_matchup_hybrid,2025-26,1,38,2024-25,mins_60,MID,realized,xp_minutes,3242,1.47773795962228,2.0231338679827267,-0.5453959083604466,0.609698756542386,0.5517138005586841,0.6662255846609,0.8052237829996992,0.06643573519236608,4,none,,,,,no_twin,false,12.120341269170225,-0.8945334109805272,0.5,0.05
calibrated_matchup_hybrid,2025-26,1,38,2024-25,mins_60,MID,realized,xp_goals,3242,0.7458131169458027,0.7156076495990129,0.03020546734678979,-0.03376672908581536,1.223018967069513,2.110004258446871,5.774477558851425,0.476428627759815,1,process_ga,0.20198225104525688,0.5760492983073144,0.060711327926678736,-0.03050586057988891,variance,false,12.120341269170225,-0.8945334109805272,0.5,0.05
calibrated_matchup_hybrid,2025-26,1,38,2024-25,mins_60,MID,realized,xp_assists,3242,0.37259094111857444,0.4552745219000617,-0.08268358078148726,0.09243207661841842,0.704459594370487,1.1858167669611765,1.820901842717271,0.15023519571589855,3,process_ga,0.02102574217379149,0.8600478265189463,0.028858677084027836,-0.11154225786551514,structural,false,12.120341269170225,-0.8945334109805272,0.5,0.05
calibrated_matchup_hybrid,2025-26,1,38,2024-25,mins_60,MID,realized,xp_clean_sheet,3242,0.2043332503645506,0.3053670573719926,-0.101033807007442,0.11294581707875567,0.3816263731256519,0.48025193979741126,0.34442225512820657,0.028416877666992142,6,poisson_xgc,0.0214007146680336,0.24690126343853136,-0.16353793698036603,0.06250412997292404,structural,false,12.120341269170225,-0.8945334109805272,0.5,0.05
calibrated_matchup_hybrid,2025-26,1,38,2024-25,mins_60,MID,realized,xp_conceded,3242,0.0,0.0,0.0,-0.0,0.0,0.0,0.0,0.0,11,poisson_xgc,0.0,,0.0,0.0,no_twin,false,12.120341269170225,-0.8945334109805272,0.5,0.05
calibrated_matchup_hybrid,2025-26,1,38,2024-25,mins_60,MID,realized,xp_saves,3242,0.0,0.0,0.0,-0.0,0.0,0.0,0.0,0.0,12,none,,,,,no_twin,false,12.120341269170225,-0.8945334109805272,0.5,0.05
calibrated_matchup_hybrid,2025-26,1,38,2024-25,mins_60,MID,realized,xp_penalties_saved,3242,0.0,0.0,0.0,-0.0,0.0,0.0,0.0,0.0,13,none,,,,,no_twin,false,12.120341269170225,-0.8945334109805272,0.5,0.05
calibrated_matchup_hybrid,2025-26,1,38,2024-25,mins_60,MID,realized,xp_penalties_missed,3242,-0.004560144771326673,-0.00431832202344232,-0.00024182274788435388,0.0002703339471907305,0.008702630835074712,0.09505124022981092,0.019933413677308935,0.0016446247869284297,9,none,,,,,no_twin,false,12.120341269170225,-0.8945334109805272,0.5,0.05
calibrated_matchup_hybrid,2025-26,1,38,2024-25,mins_60,MID,realized,xp_own_goals,3242,-0.002167713036368837,-0.0030845157310302285,0.0009168026946613909,-0.001024894859607819,0.005216790006817647,0.07920836958325465,0.008196600350290809,0.0006762681155802108,10,none,,,,,no_twin,false,12.120341269170225,-0.8945334109805272,0.5,0.05
calibrated_matchup_hybrid,2025-26,1,38,2024-25,mins_60,MID,realized,xp_yellow_cards,3242,-0.11918304301396435,-0.16132017273288093,0.0421371297189166,-0.04710514912207552,0.23629635058437112,0.371432427334295,0.13097182280509564,0.010805951738194097,7,none,,,,,no_twin,false,12.120341269170225,-0.8945334109805272,0.5,0.05
calibrated_matchup_hybrid,2025-26,1,38,2024-25,mins_60,MID,realized,xp_red_cards,3242,-0.00961289829144529,-0.006477483035163479,-0.00313541525628181,0.0035050845701168156,0.016075820831681076,0.14199506532762615,0.027371662159068787,0.002258324378100839,8,none,,,,,no_twin,false,12.120341269170225,-0.8945334109805272,0.5,0.05
calibrated_matchup_hybrid,2025-26,1,38,2024-25,mins_60,MID,realized,xp_defcon,3242,0.24666120639290814,0.3608883405305367,-0.11422713413762858,0.1276946536993185,0.4631145327287525,0.7360661400729119,0.7221590880337712,0.05958240547819254,5,none,,,,,no_twin,false,12.120341269170225,-0.8945334109805272,0.5,0.05
calibrated_matchup_hybrid,2025-26,1,38,2024-25,mins_60,MID,realized,xp_bonus,3242,0.20495817032017077,0.3260333127698951,-0.12107514244972434,0.13535005061131247,0.4560976609965663,0.8588133073179782,2.466683242448085,0.20351598916793184,2,none,,,,,no_twin,false,12.120341269170225,-0.8945334109805272,0.5,0.05
calibrated_matchup_hybrid,2025-26,1,38,2024-25,mins_60,FWD,realized,xp_minutes,756,1.4879327925643717,2.0291005291005293,-0.5411677365361575,0.8040954809612137,0.548616826159161,0.688798585969788,0.7937490817867116,0.056487252040766565,4,none,,,,,no_twin,false,14.051826794722938,-0.6730142742367448,0.5,0.05
calibrated_matchup_hybrid,2025-26,1,38,2024-25,mins_60,FWD,realized,xp_goals,756,1.4471832200977386,1.3915343915343916,0.05564882856334685,-0.08268595584611833,1.8756484661931228,2.418278576016834,8.11073147379412,0.5772012132145015,1,process_ga,0.27625226230825756,0.5213934829246525,-0.010964928050409769,0.06661375661375635,structural,false,14.051826794722938,-0.6730142742367448,0.5,0.05
calibrated_matchup_hybrid,2025-26,1,38,2024-25,mins_60,FWD,realized,xp_assists,756,0.226257775143551,0.3412698412698413,-0.11501206612629022,0.17089097591091015,0.5129115968984944,1.0834189802592171,1.4563711948835811,0.1036428370601971,3,process_ga,0.010457992975380245,0.8990958442279411,0.06542444181021768,-0.18043650793650795,structural,false,14.051826794722938,-0.6730142742367448,0.5,0.05
calibrated_matchup_hybrid,2025-26,1,38,2024-25,mins_60,FWD,realized,xp_clean_sheet,756,0.0,0.0,0.0,-0.0,0.0,0.0,0.0,0.0,10,poisson_xgc,0.0,,0.0,0.0,no_twin,false,14.051826794722938,-0.6730142742367448,0.5,0.05
calibrated_matchup_hybrid,2025-26,1,38,2024-25,mins_60,FWD,realized,xp_conceded,756,0.0,0.0,0.0,-0.0,0.0,0.0,0.0,0.0,11,poisson_xgc,0.0,,0.0,0.0,no_twin,false,14.051826794722938,-0.6730142742367448,0.5,0.05
calibrated_matchup_hybrid,2025-26,1,38,2024-25,mins_60,FWD,realized,xp_saves,756,0.0,0.0,0.0,-0.0,0.0,0.0,0.0,0.0,12,none,,,,,no_twin,false,14.051826794722938,-0.6730142742367448,0.5,0.05
calibrated_matchup_hybrid,2025-26,1,38,2024-25,mins_60,FWD,realized,xp_penalties_saved,756,0.0,0.0,0.0,-0.0,0.0,0.0,0.0,0.0,13,none,,,,,no_twin,false,14.051826794722938,-0.6730142742367448,0.5,0.05
calibrated_matchup_hybrid,2025-26,1,38,2024-25,mins_60,FWD,realized,xp_penalties_missed,756,-0.014812122612346951,-0.021164021164021163,0.006351898551674212,-0.009437984891000721,0.03580525691354347,0.20847222104021376,0.03907193599101162,0.0027805591800836036,7,none,,,,,no_twin,false,14.051826794722938,-0.6730142742367448,0.5,0.05
calibrated_matchup_hybrid,2025-26,1,38,2024-25,mins_60,FWD,realized,xp_own_goals,756,-0.0038413733689297066,-0.005291005291005291,0.0014496319220755843,-0.0021539393406173886,0.009132378659934997,0.1039866889923001,0.019437534059427396,0.0013832745267488653,8,none,,,,,no_twin,false,14.051826794722938,-0.6730142742367448,0.5,0.05
calibrated_matchup_hybrid,2025-26,1,38,2024-25,mins_60,FWD,realized,xp_yellow_cards,756,-0.0841385040041772,-0.11243386243386243,0.028295358429685225,-0.04204273150339131,0.17539653398993485,0.3206581335292923,-0.05602885423860087,-0.003987300374328703,5,none,,,,,no_twin,false,14.051826794722938,-0.6730142742367448,0.5,0.05
calibrated_matchup_hybrid,2025-26,1,38,2024-25,mins_60,FWD,realized,xp_red_cards,756,-0.00022235813348374676,0.0,-0.00022235813348374676,0.00033039140772447915,0.00022235813348374676,0.004064881563141569,-0.00013809641055469429,-9.827648217707564e-06,9,none,,,,,no_twin,false,14.051826794722938,-0.6730142742367448,0.5,0.05
calibrated_matchup_hybrid,2025-26,1,38,2024-25,mins_60,FWD,realized,xp_defcon,756,0.024049857115339447,0.023809523809523808,0.00024033330581563648,-0.0003570998640232331,0.04484474523552673,0.20972919343214702,0.055522639491392696,0.00395127553893874,6,none,,,,,no_twin,false,14.051826794722938,-0.6730142742367448,0.5,0.05
calibrated_matchup_hybrid,2025-26,1,38,2024-25,mins_60,FWD,realized,xp_bonus,756,0.42314786753262096,0.5317460317460317,-0.1085981642134108,0.1613608631653026,0.7013948602374676,1.0973881216732582,3.6331098853658492,0.25855071646131,2,none,,,,,no_twin,false,14.051826794722938,-0.6730142742367448,0.5,0.05
calibrated_matchup_hybrid,2026-27,1,5,2025-26,all,ALL,realized,xp_minutes,3335,0.8342205781073722,0.7727136431784108,0.06150693492896145,0.3402979325138001,0.4712107255593164,0.6153431824619829,0.6625487188534092,0.1315128491572174,4,none,,,,,no_twin,false,5.037901034760211,0.1807443685437823,0.5,0.05
calibrated_matchup_hybrid,2026-27,1,5,2025-26,all,ALL,realized,xp_goals,3335,0.33547471628761544,0.19640179910044978,0.1390729171871657,0.7694453681054942,0.44816221532455275,1.0922812647472173,1.6353709376383359,0.32461354964194417,1,process_ga,0.15642452653695024,0.5181207725016719,0.11179855436857498,0.02727436281859072,structural,false,5.037901034760211,0.1807443685437823,0.5,0.05
calibrated_matchup_hybrid,2026-27,1,5,2025-26,all,ALL,realized,xp_assists,3335,0.12162863932875051,0.11694152923538231,0.0046871100933681955,0.025932260745555793,0.2159529577897106,0.6144013761969931,0.5505721125806378,0.1092860119287443,5,process_ga,0.024177873501910422,0.7787651587316164,0.03862714007837569,-0.0339400299850075,variance,false,5.037901034760211,0.1807443685437823,0.5,0.05
calibrated_matchup_hybrid,2026-27,1,5,2025-26,all,ALL,realized,xp_clean_sheet,3335,0.21263998622004046,0.23568215892053973,-0.023042172700499273,-0.12748487206625025,0.3553787805793319,0.7931233756953346,0.9817167345098462,0.19486622062169448,2,poisson_xgc,0.07563694442862212,0.61185194546642,-0.018026559588115,-0.005015613112384243,variance,false,5.037901034760211,0.1807443685437823,0.5,0.05
calibrated_matchup_hybrid,2026-27,1,5,2025-26,all,ALL,realized,xp_conceded,3335,-0.08439778735093216,-0.07886056971514242,-0.005537217635789724,-0.030635630201935864,0.11752658105082682,0.2761100498686788,0.100988907054361,0.020045829871917633,7,poisson_xgc,-0.003126602101719161,0.8440273053449764,-0.0018579014023713694,-0.003679316233418356,variance,false,5.037901034760211,0.1807443685437823,0.5,0.05
calibrated_matchup_hybrid,2026-27,1,5,2025-26,all,ALL,realized,xp_saves,3335,0.0196791708130187,0.018890554722638682,0.0007886160903800205,0.0043631571856635265,0.02153271835163458,0.11242492839595657,0.023787606189757084,0.004721729550784893,9,none,,,,,no_twin,false,5.037901034760211,0.1807443685437823,0.5,0.05
calibrated_matchup_hybrid,2026-27,1,5,2025-26,all,ALL,realized,xp_penalties_saved,3335,0.0009965177572271399,0.0029985007496251873,-0.0020019829923980477,-0.01107632292241017,0.003995018506852327,0.12486376945934248,0.019259275337227762,0.003822876869621645,10,none,,,,,no_twin,false,5.037901034760211,0.1807443685437823,0.5,0.05
calibrated_matchup_hybrid,2026-27,1,5,2025-26,all,ALL,realized,xp_penalties_missed,3335,-0.0018276469977603,-0.0017991004497751124,-2.8546547985187586e-05,-0.0001579387961859108,0.003594587346195384,0.06290891979372769,0.0063437341006412325,0.0012592018098154592,13,none,,,,,no_twin,false,5.037901034760211,0.1807443685437823,0.5,0.05
calibrated_matchup_hybrid,2026-27,1,5,2025-26,all,ALL,realized,xp_own_goals,3335,-0.004705686937920605,-0.004197901049475262,-0.0005077858884453425,-0.002809414713921446,0.008885768363139597,0.09410781223594276,0.008755782281220058,0.0017379821915530754,12,none,,,,,no_twin,false,5.037901034760211,0.1807443685437823,0.5,0.05
calibrated_matchup_hybrid,2026-27,1,5,2025-26,all,ALL,realized,xp_yellow_cards,3335,-0.059452261312885384,-0.05577211394302849,-0.003680147369856897,-0.0203610624192999,0.10412059506093793,0.23090963900668593,0.017142414127139023,0.0034026897330576384,11,none,,,,,no_twin,false,5.037901034760211,0.1807443685437823,0.5,0.05
calibrated_matchup_hybrid,2026-27,1,5,2025-26,all,ALL,realized,xp_red_cards,3335,-0.0038643677456477146,-0.005397301349325337,0.0015329336036776229,0.008481224704416144,0.00925802139001727,0.1282295785372608,0.02519020398152945,0.005000138710094456,8,none,,,,,no_twin,false,5.037901034760211,0.1807443685437823,0.5,0.05
calibrated_matchup_hybrid,2026-27,1,5,2025-26,all,ALL,realized,xp_defcon,3335,0.11110213556231022,0.09835082458770615,0.012751310974604078,0.07054887008286118,0.1719057673105623,0.4007510151932272,0.26817140956748814,0.05323078157295567,6,none,,,,,no_twin,false,5.037901034760211,0.1807443685437823,0.5,0.05
calibrated_matchup_hybrid,2026-27,1,5,2025-26,all,ALL,realized,xp_bonus,3335,0.08995502248875563,0.09475262368815592,-0.004797601199400294,-0.02654357221778755,0.15648683102037458,0.45884880555600494,0.7380531985386185,0.14650013834059913,3,none,,,,,no_twin,false,5.037901034760211,0.1807443685437823,0.5,0.05
calibrated_matchup_hybrid,2026-27,1,5,2025-26,all,GKP,realized,xp_minutes,365,0.5911610255199847,0.547945205479452,0.0432158200405327,-1.0849921217210312,0.30412573719420205,0.48619531153310824,0.40957531465942715,0.12816569687158558,3,none,,,,,no_twin,false,3.1956703287760164,-0.039830538098270335,0.5,0.05
calibrated_matchup_hybrid,2026-27,1,5,2025-26,all,GKP,realized,xp_goals,365,0.00021506043276811582,0.0,0.00021506043276811582,-0.005399385572886723,0.00021506043276811582,0.0028296519764480403,0.00047583823742843875,0.00014890091544915118,10,process_ga,0.00014890091544915118,0.0,0.00021506043276811582,0.0,structural,false,3.1956703287760164,-0.039830538098270335,0.5,0.05
calibrated_matchup_hybrid,2026-27,1,5,2025-26,all,GKP,realized,xp_assists,365,0.0031467288739534588,0.00821917808219178,-0.005072449208238325,0.1273507577458161,0.011334119400735818,0.1568896660831037,0.0748779010960832,0.02343104682039039,7,process_ga,0.0005110387532736312,0.9781896746999409,0.00043440010683017127,-0.0055068493150684916,variance,false,3.1956703287760164,-0.039830538098270335,0.5,0.05
calibrated_matchup_hybrid,2026-27,1,5,2025-26,all,GKP,realized,xp_clean_sheet,365,0.29627821303216256,0.3287671232876712,-0.03248891025550867,0.8156784167804031,0.47286199302125265,0.9950044458189761,1.5512685737993508,0.4854282245044679,1,poisson_xgc,0.11501859855029077,0.7630574557799901,-0.018658877141939978,-0.013830033113568674,variance,false,3.1956703287760164,-0.039830538098270335,0.5,0.05
calibrated_matchup_hybrid,2026-27,1,5,2025-26,all,GKP,realized,xp_conceded,365,-0.15423854759463126,-0.13972602739726028,-0.014512520197370963,0.36435661907367445,0.2036269575969098,0.35756753692163984,0.18775625862084525,0.058753325375949635,5,poisson_xgc,-0.008891848359354446,0.8486579559121554,-0.0072288949591435255,-0.007283625238227426,variance,false,3.1956703287760164,-0.039830538098270335,0.5,0.05
calibrated_matchup_hybrid,2026-27,1,5,2025-26,all,GKP,realized,xp_saves,365,0.1798083141408695,0.1726027397260274,0.007205574414842101,-0.18090577629316557,0.19674415261014058,0.3398318709618719,0.21734703189819143,0.06801297053111176,4,none,,,,,no_twin,false,3.1956703287760164,-0.039830538098270335,0.5,0.05
calibrated_matchup_hybrid,2026-27,1,5,2025-26,all,GKP,realized,xp_penalties_saved,365,0.009105169096856195,0.0273972602739726,-0.018292091177116408,0.4592479050116261,0.0365024293708288,0.37743131346522896,0.1759717349305605,0.05506567224597288,6,none,,,,,no_twin,false,3.1956703287760164,-0.039830538098270335,0.5,0.05
calibrated_matchup_hybrid,2026-27,1,5,2025-26,all,GKP,realized,xp_penalties_missed,365,0.0,0.0,0.0,-0.0,0.0,0.0,0.0,0.0,12,none,,,,,no_twin,false,3.1956703287760164,-0.039830538098270335,0.5,0.05
calibrated_matchup_hybrid,2026-27,1,5,2025-26,all,GKP,realized,xp_own_goals,365,-0.006830848485593032,-0.005479452054794521,-0.0013513964307985114,0.033928651113483116,0.012310300540387552,0.10928344354562818,0.027088502970115617,0.008476626242135204,8,none,,,,,no_twin,false,3.1956703287760164,-0.039830538098270335,0.5,0.05
calibrated_matchup_hybrid,2026-27,1,5,2025-26,all,GKP,realized,xp_yellow_cards,365,-0.013885320497664801,-0.00821917808219178,-0.005666142415473021,0.14225623569266008,0.02124497950303908,0.09358350776015259,0.008780261803337033,0.0027475493089113446,9,none,,,,,no_twin,false,3.1956703287760164,-0.039830538098270335,0.5,0.05
calibrated_matchup_hybrid,2026-27,1,5,2025-26,all,GKP,realized,xp_red_cards,365,-0.0002970767493543741,0.0,-0.0002970767493543741,0.007458517096139226,0.0002970767493543741,0.004029817651521386,-0.0001776038818661997,-5.5576409201829123e-05,11,none,,,,,no_twin,false,3.1956703287760164,-0.039830538098270335,0.5,0.05
calibrated_matchup_hybrid,2026-27,1,5,2025-26,all,GKP,realized,xp_defcon,365,0.0,0.0,0.0,-0.0,0.0,0.0,0.0,0.0,13,none,,,,,no_twin,false,3.1956703287760164,-0.039830538098270335,0.5,0.05
calibrated_matchup_hybrid,2026-27,1,5,2025-26,all,GKP,realized,xp_bonus,365,0.061186196187173074,0.07397260273972603,-0.012786406552552953,0.32102018107328084,0.12598190837713383,0.41684223789500013,0.5427065146425432,0.16982556359322798,2,none,,,,,no_twin,false,3.1956703287760164,-0.039830538098270335,0.5,0.05
calibrated_matchup_hybrid,2026-27,1,5,2025-26,all,DEF,realized,xp_minutes,1085,0.9325855380741593,0.8691244239631336,0.06346111411102574,0.5615494764342723,0.5391217660375142,0.6840266474798895,0.8269925379850582,0.13954121110940682,3,none,,,,,no_twin,false,5.92651111030316,0.11301072616787253,0.5,0.05
calibrated_matchup_hybrid,2026-27,1,5,2025-26,all,DEF,realized,xp_goals,1085,0.23239195954940672,0.11612903225806452,0.1162629272913422,1.0287778092730655,0.33048078386136476,0.8795773805011767,1.0395151044704203,0.1754008530690573,2,process_ga,0.08039392133509772,0.5416560414136314,0.07711085355862331,0.03915207373271891,structural,false,5.92651111030316,0.11301072616787253,0.5,0.05
calibrated_matchup_hybrid,2026-27,1,5,2025-26,all,DEF,realized,xp_assists,1085,0.10144313384762456,0.08571428571428572,0.015728848133338847,0.13918013507827856,0.1756510992886417,0.5229707181208968,0.37091405726933513,0.06258556684800709,6,process_ga,0.015727760955728774,0.7486998720659571,0.031240368870666033,-0.015511520737327186,variance,false,5.92651111030316,0.11301072616787253,0.5,0.05
calibrated_matchup_hybrid,2026-27,1,5,2025-26,all,DEF,realized,xp_clean_sheet,1085,0.4228645637141897,0.4682027649769585,-0.04533820126276887,-0.4011849388120995,0.712411868988449,1.2177767250622828,2.245902755215985,0.37895866782591753,1,poisson_xgc,0.1512335603748087,0.6009233375174283,-0.041627405646705536,-0.003710795616063356,variance,false,5.92651111030316,0.11301072616787253,0.5,0.05
calibrated_matchup_hybrid,2026-27,1,5,2025-26,all,DEF,realized,xp_conceded,1085,-0.20752954003992474,-0.19539170506912443,-0.012137834970800303,-0.10740427375690052,0.2927440629323829,0.4374019284748525,0.24725066417482527,0.04171942979149795,7,poisson_xgc,-0.0065564433952679324,0.8428443670482746,-0.003278852089236059,-0.008858982881564254,variance,false,5.92651111030316,0.11301072616787253,0.5,0.05
calibrated_matchup_hybrid,2026-27,1,5,2025-26,all,DEF,realized,xp_saves,1085,0.0,0.0,0.0,0.0,0.0,0.0,0.0,0.0,11,none,,,,,no_twin,false,5.92651111030316,0.11301072616787253,0.5,0.05
calibrated_matchup_hybrid,2026-27,1,5,2025-26,all,DEF,realized,xp_penalties_saved,1085,0.0,0.0,0.0,0.0,0.0,0.0,0.0,0.0,12,none,,,,,no_twin,false,5.92651111030316,0.11301072616787253,0.5,0.05
calibrated_matchup_hybrid,2026-27,1,5,2025-26,all,DEF,realized,xp_penalties_missed,1085,0.0,0.0,0.0,0.0,0.0,0.0,0.0,0.0,13,none,,,,,no_twin,false,5.92651111030316,0.11301072616787253,0.5,0.05
calibrated_matchup_hybrid,2026-27,1,5,2025-26,all,DEF,realized,xp_own_goals,1085,-0.009017383618394357,-0.007373271889400922,-0.0016441117289934357,-0.014548280368990632,0.01633588274568039,0.1237427986163442,0.025033001415338343,0.004223901879103678,8,none,,,,,no_twin,false,5.92651111030316,0.11301072616787253,0.5,0.05
calibrated_matchup_hybrid,2026-27,1,5,2025-26,all,DEF,realized,xp_yellow_cards,1085,-0.07338151632997937,-0.06728110599078341,-0.006100410339195964,-0.053980808247653146,0.12745401022574893,0.2549848256947416,0.010505291631788465,0.0017725929195551758,10,none,,,,,no_twin,false,5.92651111030316,0.11301072616787253,0.5,0.05
calibrated_matchup_hybrid,2026-27,1,5,2025-26,all,DEF,realized,xp_red_cards,1085,-0.0034430563983975948,-0.005529953917050691,0.002086897518653097,0.018466366772593792,0.008973010315448286,0.13008192813047975,0.0244237303757664,0.004121097543090077,9,none,,,,,no_twin,false,5.92651111030316,0.11301072616787253,0.5,0.05
calibrated_matchup_hybrid,2026-27,1,5,2025-26,all,DEF,realized,xp_defcon,1085,0.20279203972106558,0.19723502304147467,0.005557016679590906,0.04917247121601713,0.31321176488008107,0.5517515066411153,0.49078039643060145,0.08281101432129037,5,none,,,,,no_twin,false,5.92651111030316,0.11301072616787253,0.5,0.05
calibrated_matchup_hybrid,2026-27,1,5,2025-26,all,DEF,realized,xp_bonus,1085,0.06453540239466653,0.08940092165898618,-0.024865519264319656,-0.2200279575885833,0.13960268809688442,0.41546487269119686,0.6451935713340418,0.10886566469307404,4,none,,,,,no_twin,false,5.92651111030316,0.11301072616787253,0.5,0.05
calibrated_matchup_hybrid,2026-27,1,5,2025-26,all,MID,realized,xp_minutes,1490,0.8434916595737361,0.7805369127516778,0.06295474682205822,0.299204981256321,0.4762171113958111,0.6034326385862265,0.6389676450714793,0.12975303068435542,4,none,,,,,no_twin,false,4.924491102068115,0.21040674709932902,0.5,0.05
calibrated_matchup_hybrid,2026-27,1,5,2025-26,all,MID,realized,xp_goals,1490,0.3843900542399408,0.25838926174496646,0.1260007924949744,0.5988438784973555,0.5560306506741812,1.2822926948542375,2.2341682096395274,0.45368509422247805,1,process_ga,0.20879559148360752,0.5397785950154704,0.12425582605202137,0.001744966442953022,structural,false,4.924491102068115,0.21040674709932902,0.5,0.05
calibrated_matchup_hybrid,2026-27,1,5,2025-26,all,MID,realized,xp_assists,1490,0.17239019143028572,0.15704697986577182,0.015343211564513896,0.07292167088762917,0.29333819704221853,0.7291653917905437,0.7780013294676337,0.15798613772312436,3,process_ga,0.03720022554463895,0.7645348757760412,0.05146401693364141,-0.03612080536912751,variance,false,4.924491102068115,0.21040674709932902,0.5,0.05
calibrated_matchup_hybrid,2026-27,1,5,2025-26,all,MID,realized,xp_clean_sheet,1490,0.09543943265583883,0.10604026845637583,-0.010600835800537015,-0.05038258490604658,0.16082330733345473,0.29248784613418954,0.18188442331827537,0.03693466381569666,6,poisson_xgc,0.022374784416905436,0.39420636049226754,-0.005464665062335513,-0.005136170738201495,structural,false,4.924491102068115,0.21040674709932902,0.5,0.05
calibrated_matchup_hybrid,2026-27,1,5,2025-26,all,MID,realized,xp_conceded,1490,0.0,0.0,0.0,0.0,0.0,0.0,0.0,0.0,11,poisson_xgc,0.0,,0.0,0.0,no_twin,false,4.924491102068115,0.21040674709932902,0.5,0.05
calibrated_matchup_hybrid,2026-27,1,5,2025-26,all,MID,realized,xp_saves,1490,0.0,0.0,0.0,0.0,0.0,0.0,0.0,0.0,12,none,,,,,no_twin,false,4.924491102068115,0.21040674709932902,0.5,0.05
calibrated_matchup_hybrid,2026-27,1,5,2025-26,all,MID,realized,xp_penalties_saved,1490,0.0,0.0,0.0,0.0,0.0,0.0,0.0,0.0,13,none,,,,,no_twin,false,4.924491102068115,0.21040674709932902,0.5,0.05
calibrated_matchup_hybrid,2026-27,1,5,2025-26,all,MID,realized,xp_penalties_missed,1490,-0.0006510973931837341,-0.0013422818791946308,0.0006911844860108967,0.003284992023970608,0.001993379272378365,0.052315777186307484,0.005494945878220741,0.0011158403506736068,9,none,,,,,no_twin,false,4.924491102068115,0.21040674709932902,0.5,0.05
calibrated_matchup_hybrid,2026-27,1,5,2025-26,all,MID,realized,xp_own_goals,1490,-0.0005836194414751231,-0.0013422818791946308,0.0007586624377195079,0.0036056944379324386,0.0019259013206697538,0.052231982909796984,0.004634959701732175,0.0009412058232343345,10,none,,,,,no_twin,false,4.924491102068115,0.21040674709932902,0.5,0.05
calibrated_matchup_hybrid,2026-27,1,5,2025-26,all,MID,realized,xp_yellow_cards,1490,-0.06412992334241693,-0.05771812080536913,-0.0064118025370478015,-0.03047336944010123,0.11059864328172218,0.23399206852042156,0.019076380666585183,0.0038737770606537937,8,none,,,,,no_twin,false,4.924491102068115,0.21040674709932902,0.5,0.05
calibrated_matchup_hybrid,2026-27,1,5,2025-26,all,MID,realized,xp_red_cards,1490,-0.0054941894175340854,-0.006040268456375839,0.0005460790388417547,0.002595349466545201,0.011526293379931715,0.13549041788711244,0.027165292952203268,0.005516365526743422,7,none,,,,,no_twin,false,4.924491102068115,0.21040674709932902,0.5,0.05
calibrated_matchup_hybrid,2026-27,1,5,2025-26,all,MID,realized,xp_defcon,1490,0.09956451552874235,0.07516778523489932,0.02439673029384302,0.1159503230299254,0.15391522952690678,0.36750718780840597,0.23857846503677613,0.04844733396646437,5,none,,,,,no_twin,false,4.924491102068115,0.21040674709932902,0.5,0.05
calibrated_matchup_hybrid,2026-27,1,5,2025-26,all,MID,realized,xp_bonus,1490,0.08934542796338167,0.09261744966442953,-0.00327202170104786,-0.015550935253531583,0.15844239303787153,0.47494268431696024,0.7965194503356816,0.16174655082657602,2,none,,,,,no_twin,false,4.924491102068115,0.21040674709932902,0.5,0.05
calibrated_matchup_hybrid,2026-27,1,5,2025-26,all,FWD,realized,xp_minutes,395,0.7536556255644616,0.6860759493670886,0.06757967619737293,0.14731941429266499,0.4201804140100639,0.5654375370497501,0.5335602345699648,0.112871457544909,4,none,,,,,no_twin,false,4.727149326991487,0.4587289226056726,0.5,0.05
calibrated_matchup_hybrid,2026-27,1,5,2025-26,all,FWD,realized,xp_goals,395,0.7439068983104281,0.36455696202531646,0.3793499362851116,0.8269588368885215,0.7784434710261074,1.321226094843116,2.5240604439338896,0.5339498013150951,1,process_ga,0.3100791578135238,0.41927282855090053,0.26319803755093446,0.1161518987341772,structural,false,4.727149326991487,0.4587289226056726,0.5,0.05
calibrated_matchup_hybrid,2026-27,1,5,2025-26,all,FWD,realized,xp_assists,395,0.09507790042175085,0.1518987341772152,-0.05682083375546435,-0.12386581912627305,0.2238248210793279,0.6384109553600621,0.62573121142368,0.13236967316662196,3,process_ga,0.016889256857548298,0.8724084115831522,0.045786761181244515,-0.10260759493670887,structural,false,4.727149326991487,0.4587289226056726,0.5,0.05
calibrated_matchup_hybrid,2026-27,1,5,2025-26,all,FWD,realized,xp_clean_sheet,395,0.0,0.0,0.0,0.0,0.0,0.0,0.0,0.0,10,poisson_xgc,0.0,,0.0,0.0,no_twin,false,4.727149326991487,0.4587289226056726,0.5,0.05
calibrated_matchup_hybrid,2026-27,1,5,2025-26,all,FWD,realized,xp_conceded,395,0.0,0.0,0.0,0.0,0.0,0.0,0.0,0.0,11,poisson_xgc,0.0,,0.0,0.0,no_twin,false,4.727149326991487,0.4587289226056726,0.5,0.05
calibrated_matchup_hybrid,2026-27,1,5,2025-26,all,FWD,realized,xp_saves,395,0.0,0.0,0.0,0.0,0.0,0.0,0.0,0.0,12,none,,,,,no_twin,false,4.727149326991487,0.4587289226056726,0.5,0.05
calibrated_matchup_hybrid,2026-27,1,5,2025-26,all,FWD,realized,xp_penalties_saved,395,0.0,0.0,0.0,0.0,0.0,0.0,0.0,0.0,13,none,,,,,no_twin,false,4.727149326991487,0.4587289226056726,0.5,0.05
calibrated_matchup_hybrid,2026-27,1,5,2025-26,all,FWD,realized,xp_penalties_missed,395,-0.012974854738447688,-0.010126582278481013,-0.002848272459966677,-0.006209053581770942,0.02282990806004517,0.15195209474838356,0.03283261738503698,0.006945542675702343,8,none,,,,,no_twin,false,4.727149326991487,0.4587289226056726,0.5,0.05
calibrated_matchup_hybrid,2026-27,1,5,2025-26,all,FWD,realized,xp_own_goals,395,-0.006447473536627716,-0.005063291139240506,-0.00138418239738721,-0.003017429966100187,0.011510764675868222,0.10670834103121055,-0.037351053588471766,-0.007901390670102483,6,none,,,,,no_twin,false,4.727149326991487,0.4587289226056726,0.5,0.05
calibrated_matchup_hybrid,2026-27,1,5,2025-26,all,FWD,realized,xp_yellow_cards,395,-0.04565219873062342,-0.060759493670886074,0.015107294940262656,0.032932946225518504,0.09217262639219007,0.2386590982390339,0.035805334030603146,0.007574402997205683,7,none,,,,,no_twin,false,4.727149326991487,0.4587289226056726,0.5,0.05
calibrated_matchup_hybrid,2026-27,1,5,2025-26,all,FWD,realized,xp_red_cards,395,-0.002170063275528115,-0.007594936708860759,0.005424873433332645,0.011825880527694378,0.009764999984388874,0.15193578483352907,0.04328638414884166,0.009156974141197805,5,none,,,,,no_twin,false,4.727149326991487,0.4587289226056726,0.5,0.05
calibrated_matchup_hybrid,2026-27,1,5,2025-26,all,FWD,realized,xp_defcon,395,0.0054307110509426715,0.005063291139240506,0.0003674199117021653,0.0008009521388255753,0.010474119217079341,0.10135354261213621,0.016134197153351813,0.0034130923390186503,9,none,,,,,no_twin,false,4.727149326991487,0.4587289226056726,0.5,0.05
calibrated_matchup_hybrid,2026-27,1,5,2025-26,all,FWD,realized,xp_bonus,395,0.18866187121020248,0.13670886075949368,0.05195301045070882,0.11325427260091922,0.22367620932594223,0.5404024053060889,0.9530899579345913,0.20162044649035216,2,none,,,,,no_twin,false,4.727149326991487,0.4587289226056726,0.5,0.05
calibrated_matchup_hybrid,2026-27,1,5,2025-26,mins_60,ALL,realized,xp_minutes,1039,1.4530120380073053,2.0,-0.546987961992695,0.6044364672000925,0.546987961992695,0.6844857012771829,0.8412350899835179,0.06557718361538183,5,none,,,,,no_twin,false,12.828167414408405,-0.904955262753232,0.5,0.05
calibrated_matchup_hybrid,2026-27,1,5,2025-26,mins_60,ALL,realized,xp_goals,1039,0.6727255388192517,0.5370548604427334,0.13567067837651817,-0.14991976284413694,0.9562288292501447,1.7766324523523684,4.177128494456213,0.32562160747641355,1,process_ga,0.14519194827424725,0.5541083732142553,0.055584056624833844,0.08008662175168435,structural,false,12.828167414408405,-0.904955262753232,0.5,0.05
calibrated_matchup_hybrid,2026-27,1,5,2025-26,mins_60,ALL,realized,xp_assists,1039,0.23206646362170347,0.3262752646775746,-0.09420880105587115,0.10410326889447628,0.4912372301874058,1.0179323137001486,1.428537821716134,0.11135946200013119,4,process_ga,0.013572605540392522,0.8781189734880676,0.0004976474523097847,-0.09470644850818094,structural,false,12.828167414408405,-0.904955262753232,0.5,0.05
calibrated_matchup_hybrid,2026-27,1,5,2025-26,mins_60,ALL,realized,xp_clean_sheet,1039,0.4385515832263371,0.7564966313763234,-0.31794504814998625,0.3513378630261474,0.8967170107414835,1.3840711049759113,2.771204581504218,0.21602497784614524,2,poisson_xgc,0.06572870491718895,0.695735624775754,-0.3018458472550859,-0.016099200894900356,link-bias,false,12.828167414408405,-0.904955262753232,0.5,0.05
calibrated_matchup_hybrid,2026-27,1,5,2025-26,mins_60,ALL,realized,xp_conceded,1039,-0.16424365098656213,-0.24446583253128007,0.08022218154471791,-0.08864767668254704,0.2676628360611006,0.46573090189843674,0.44565328544277666,0.03474021433039809,7,poisson_xgc,0.006250923212063047,0.8200666480461689,0.08864980043251428,-0.008427618887796362,link-bias,false,12.828167414408405,-0.904955262753232,0.5,0.05
calibrated_matchup_hybrid,2026-27,1,5,2025-26,mins_60,ALL,realized,xp_saves,1039,0.044042000538931654,0.06063522617901829,-0.016593225640086633,0.018335962365259334,0.0499915491830933,0.189412719410091,0.05568494092662635,0.0043408336614068396,10,none,,,,,no_twin,false,12.828167414408405,-0.904955262753232,0.5,0.05
calibrated_matchup_hybrid,2026-27,1,5,2025-26,mins_60,ALL,realized,xp_penalties_saved,1039,0.0025045503335047793,0.009624639076034648,-0.007120088742529869,0.007867890309701876,0.012129189409539429,0.22359485961308462,0.06077048030477128,0.004737269037860762,9,none,,,,,no_twin,false,12.828167414408405,-0.904955262753232,0.5,0.05
calibrated_matchup_hybrid,2026-27,1,5,2025-26,mins_60,ALL,realized,xp_penalties_missed,1039,-0.00429495220927494,-0.005774783445620789,0.001479831236345849,-0.001635253473020994,0.009966507610652231,0.11208939918456905,0.02202375099038767,0.0017168275310821813,13,none,,,,,no_twin,false,12.828167414408405,-0.904955262753232,0.5,0.05
calibrated_matchup_hybrid,2026-27,1,5,2025-26,mins_60,ALL,realized,xp_own_goals,1039,-0.01000075885099978,-0.013474494706448507,0.003473735855448727,-0.003838571914461548,0.02341805582222725,0.16798212342461047,0.035046406438543724,0.0027319885457045196,11,none,,,,,no_twin,false,12.828167414408405,-0.904955262753232,0.5,0.05
calibrated_matchup_hybrid,2026-27,1,5,2025-26,mins_60,ALL,realized,xp_yellow_cards,1039,-0.10759994540265654,-0.14629451395572665,0.03869456855307013,-0.04275854304150455,0.22278469772665593,0.36704564333208306,0.11404613901257141,0.008890290820844488,8,none,,,,,no_twin,false,12.828167414408405,-0.904955262753232,0.5,0.05
calibrated_matchup_hybrid,2026-27,1,5,2025-26,mins_60,ALL,realized,xp_red_cards,1039,-0.004751057905128596,-0.005774783445620789,0.0010237255404921934,-0.0011312443638126543,0.010514132884890356,0.13210219576861118,0.029802188718067873,0.0023231836438768723,12,none,,,,,no_twin,false,12.828167414408405,-0.904955262753232,0.5,0.05
calibrated_matchup_hybrid,2026-27,1,5,2025-26,mins_60,ALL,realized,xp_defcon,1039,0.22320804170647668,0.3156881616939365,-0.09248011998745981,0.10219302963783942,0.4183765805711743,0.6968804599494081,0.6657693320997966,0.05189902116119988,6,none,,,,,no_twin,false,12.828167414408405,-0.904955262753232,0.5,0.05
calibrated_matchup_hybrid,2026-27,1,5,2025-26,mins_60,ALL,realized,xp_bonus,1039,0.2043292174354638,0.2945139557266602,-0.09018473829119646,0.0996565708859671,0.4097378266030793,0.8056504165693641,2.18126490281478,0.17003714032955447,3,none,,,,,no_twin,false,12.828167414408405,-0.904955262753232,0.5,0.05
calibrated_matchup_hybrid,2026-27,1,5,2025-26,mins_60,GKP,realized,xp_minutes,100,1.5238394011945535,2.0,-0.4761605988054466,0.44099481892792763,0.4761605988054466,0.6721358680110558,0.8634415538942645,0.08092540451296856,4,none,,,,,no_twin,false,10.669598244095216,-1.0797419342998362,0.5,0.05
calibrated_matchup_hybrid,2026-27,1,5,2025-26,mins_60,GKP,realized,xp_goals,100,0.00011472974585061618,0.0,0.00011472974585061618,-0.00010625663615168677,0.00011472974585061618,0.0007019191569798146,5.734818290328863e-05,5.374914930374847e-06,11,process_ga,5.374914930374847e-06,0.0,0.00011472974585061618,0.0,structural,false,10.669598244095216,-1.0797419342998362,0.5,0.05
calibrated_matchup_hybrid,2026-27,1,5,2025-26,mins_60,GKP,realized,xp_assists,100,0.008052443520349619,0.03,-0.02194755647965038,0.020326668607052272,0.037936418943105246,0.2996279018303911,0.2690502979901056,0.025216535040483254,7,process_ga,0.0001599699904229861,0.9936561470413693,-0.0018475564796503832,-0.020099999999999996,variance,false,10.669598244095216,-1.0797419342998362,0.5,0.05
calibrated_matchup_hybrid,2026-27,1,5,2025-26,mins_60,GKP,realized,xp_clean_sheet,100,0.841778792552097,1.2,-0.3582212074479032,0.33176557848537525,1.4863095895122758,1.8810234494764415,5.394242525787194,0.5055712879135336,1,poisson_xgc,0.10063282276504096,0.8009522590170273,-0.30774158658337725,-0.05047962086452573,link-bias,false,10.669598244095216,-1.0797419342998362,0.5,0.05
calibrated_matchup_hybrid,2026-27,1,5,2025-26,mins_60,GKP,realized,xp_conceded,100,-0.3618526926549757,-0.51,0.14814730734502432,-0.13720621811460082,0.5421203891632925,0.6519702125828161,0.8705244096215375,0.08158923979197664,3,poisson_xgc,0.007638319222580261,0.9063808016589535,0.17473253946455447,-0.026585232119530233,link-bias,false,10.669598244095216,-1.0797419342998362,0.5,0.05
calibrated_matchup_hybrid,2026-27,1,5,2025-26,mins_60,GKP,realized,xp_saves,100,0.45759638559949983,0.63,-0.17240361440050012,0.15967112966886488,0.5194121960123395,0.6105439232931942,0.5785665362276476,0.054225709627617774,6,none,,,,,no_twin,false,10.669598244095216,-1.0797419342998362,0.5,0.05
calibrated_matchup_hybrid,2026-27,1,5,2025-26,mins_60,GKP,realized,xp_penalties_saved,100,0.026022277965114665,0.1,-0.07397772203488534,0.06851426223698216,0.12602227796511467,0.7207250032707719,0.6314052903665736,0.05917798176852693,5,none,,,,,no_twin,false,10.669598244095216,-1.0797419342998362,0.5,0.05
calibrated_matchup_hybrid,2026-27,1,5,2025-26,mins_60,GKP,realized,xp_penalties_missed,100,0.0,0.0,0.0,-0.0,0.0,0.0,0.0,0.0,12,none,,,,,no_twin,false,10.669598244095216,-1.0797419342998362,0.5,0.05
calibrated_matchup_hybrid,2026-27,1,5,2025-26,mins_60,GKP,realized,xp_own_goals,100,-0.022168478669842083,-0.02,-0.0021684786698420878,0.0020083305102420127,0.042168478669842094,0.2086595225561538,0.1021679843005473,0.00957561680985404,8,none,,,,,no_twin,false,10.669598244095216,-1.0797419342998362,0.5,0.05
calibrated_matchup_hybrid,2026-27,1,5,2025-26,mins_60,GKP,realized,xp_yellow_cards,100,-0.04108085773794924,-0.03,-0.011080857737949232,0.010262505683948145,0.06794361310756533,0.17786710246171406,0.04698333666823717,0.0044034775811955945,9,none,,,,,no_twin,false,10.669598244095216,-1.0797419342998362,0.5,0.05
calibrated_matchup_hybrid,2026-27,1,5,2025-26,mins_60,GKP,realized,xp_red_cards,100,-0.0008164613866666441,0.0,-0.0008164613866666441,0.000756163450478639,0.0008164613866666441,0.007675752973662742,-0.00047763345672242804,-4.476583333273684e-05,10,none,,,,,no_twin,false,10.669598244095216,-1.0797419342998362,0.5,0.05
calibrated_matchup_hybrid,2026-27,1,5,2025-26,mins_60,GKP,realized,xp_defcon,100,0.0,0.0,0.0,-0.0,0.0,0.0,0.0,0.0,13,none,,,,,no_twin,false,10.669598244095216,-1.0797419342998362,0.5,0.05
calibrated_matchup_hybrid,2026-27,1,5,2025-26,mins_60,GKP,realized,xp_bonus,100,0.15877252557213237,0.27,-0.11122747442786761,0.1030130171798816,0.3952768750654891,0.7931981512597935,1.9136365945129268,0.17935413787224597,2,none,,,,,no_twin,false,10.669598244095216,-1.0797419342998362,0.5,0.05
calibrated_matchup_hybrid,2026-27,1,5,2025-26,mins_60,DEF,realized,xp_minutes,410,1.4324447698342684,2.0,-0.5675552301657316,0.5105843054339217,0.5675552301657316,0.6962695116178588,0.9085240519281215,0.0699644093198357,6,none,,,,,no_twin,false,12.985517361761598,-1.1115798588509158,0.5,0.05
calibrated_matchup_hybrid,2026-27,1,5,2025-26,mins_60,DEF,realized,xp_goals,410,0.38983338942757334,0.2780487804878049,0.11178460893976845,-0.10056372292974491,0.6227256651046832,1.3509653850993009,2.2504077395796944,0.1733013538764702,2,process_ga,0.07302303638747581,0.5786355111828676,0.009491926012939158,0.10229268292682925,structural,false,12.985517361761598,-1.1115798588509158,0.5,0.05
calibrated_matchup_hybrid,2026-27,1,5,2025-26,mins_60,DEF,realized,xp_assists,410,0.16625882145698986,0.2121951219512195,-0.04593630049422963,0.04132523644474433,0.3495088086173181,0.8195413657299451,0.8071039561571132,0.062154162492885266,7,process_ga,0.008031549683799037,0.8707801800930324,-0.005253373664961337,-0.0406829268292683,variance,false,12.985517361761598,-1.1115798588509158,0.5,0.05
calibrated_matchup_hybrid,2026-27,1,5,2025-26,mins_60,DEF,realized,xp_clean_sheet,410,0.7062190021128787,1.2390243902439024,-0.5328053881310237,0.4793226360558618,1.4724600416801261,1.9241667257991992,5.252334035763803,0.4044763015165133,1,poisson_xgc,0.12943580534838017,0.67999162160284,-0.5229853558299781,-0.009820032301045778,link-bias,false,12.985517361761598,-1.1115798588509158,0.5,0.05
calibrated_matchup_hybrid,2026-27,1,5,2025-26,mins_60,DEF,realized,xp_conceded,410,-0.32796069295009883,-0.4951219512195122,0.16716125826941342,-0.1503816904727067,0.5460723115881811,0.6678287768362472,0.9170276161290029,0.0706192591778723,5,poisson_xgc,0.014118061686897441,0.8000819910707706,0.18203387488518755,-0.014872616615774104,link-bias,false,12.985517361761598,-1.1115798588509158,0.5,0.05
calibrated_matchup_hybrid,2026-27,1,5,2025-26,mins_60,DEF,realized,xp_saves,410,0.0,0.0,0.0,-0.0,0.0,0.0,0.0,0.0,11,none,,,,,no_twin,false,12.985517361761598,-1.1115798588509158,0.5,0.05
calibrated_matchup_hybrid,2026-27,1,5,2025-26,mins_60,DEF,realized,xp_penalties_saved,410,0.0,0.0,0.0,-0.0,0.0,0.0,0.0,0.0,12,none,,,,,no_twin,false,12.985517361761598,-1.1115798588509158,0.5,0.05
calibrated_matchup_hybrid,2026-27,1,5,2025-26,mins_60,DEF,realized,xp_penalties_missed,410,0.0,0.0,0.0,-0.0,0.0,0.0,0.0,0.0,13,none,,,,,no_twin,false,12.985517361761598,-1.1115798588509158,0.5,0.05
calibrated_matchup_hybrid,2026-27,1,5,2025-26,mins_60,DEF,realized,xp_own_goals,410,-0.014471604734905484,-0.01951219512195122,0.0050405903870457324,-0.004534618315463534,0.03383885242540632,0.2006643401088384,0.07800965355485792,0.0060074351588464735,9,none,,,,,no_twin,false,12.985517361761598,-1.1115798588509158,0.5,0.05
calibrated_matchup_hybrid,2026-27,1,5,2025-26,mins_60,DEF,realized,xp_yellow_cards,410,-0.11706157478090676,-0.16097560975609757,0.04391403497519081,-0.03950596497905826,0.24497671860793258,0.38552693591509446,0.12179885093787039,0.009379591705489609,8,none,,,,,no_twin,false,12.985517361761598,-1.1115798588509158,0.5,0.05
calibrated_matchup_hybrid,2026-27,1,5,2025-26,mins_60,DEF,realized,xp_red_cards,410,-0.003140069406819927,-0.007317073170731708,0.0041770037639117805,-0.0037577181078377177,0.010457142577551634,0.14869702439351482,0.03909653110776545,0.0030107796261466526,10,none,,,,,no_twin,false,12.985517361761598,-1.1115798588509158,0.5,0.05
calibrated_matchup_hybrid,2026-27,1,5,2025-26,mins_60,DEF,realized,xp_defcon,410,0.3505888625687065,0.5219512195121951,-0.17136235694348853,0.1541610848550572,0.6427971596358574,0.8702010680326528,0.9998507901332537,0.07699737810042982,4,none,,,,,no_twin,false,12.985517361761598,-1.1115798588509158,0.5,0.05
calibrated_matchup_hybrid,2026-27,1,5,2025-26,mins_60,DEF,realized,xp_bonus,410,0.11058728640188602,0.23658536585365852,-0.12599807945177252,0.11335045201522609,0.30924095710165783,0.672269041107994,1.6113641364701148,0.12408932902551056,3,none,,,,,no_twin,false,12.985517361761598,-1.1115798588509158,0.5,0.05
calibrated_matchup_hybrid,2026-27,1,5,2025-26,mins_60,MID,realized,xp_minutes,434,1.4448929291856343,2.0,-0.5551070708143658,0.6466909696847941,0.5551070708143658,0.686375906868897,0.8467244537322489,0.06554197220377637,4,none,,,,,no_twin,false,12.918812560288849,-0.858380736451187,0.5,0.05
calibrated_matchup_hybrid,2026-27,1,5,2025-26,mins_60,MID,realized,xp_goals,434,0.8391445857383331,0.7373271889400922,0.10181739679824094,-0.11861565908292133,1.2922628703351153,2.1475183553160653,6.149737658136884,0.4760296373554152,1,process_ga,0.21302070920470068,0.552505364186696,0.08626440140653586,0.015552995391705071,structural,false,12.918812560288849,-0.858380736451187,0.5,0.05
calibrated_matchup_hybrid,2026-27,1,5,2025-26,mins_60,MID,realized,xp_assists,434,0.35187680746269273,0.4700460829493088,-0.11816927548661604,0.1376653394799662,0.7072164519302879,1.2478963298352839,2.1568419196898114,0.1669535732966457,3,process_ga,0.023418253248238576,0.859731943522834,-0.0031462340119616967,-0.11502304147465436,structural,false,12.918812560288849,-0.858380736451187,0.5,0.05
calibrated_matchup_hybrid,2026-27,1,5,2025-26,mins_60,MID,realized,xp_clean_sheet,434,0.18877286831952603,0.3640552995391705,-0.17528243121964443,0.20420126381716874,0.4132474611067329,0.5226376533487929,0.4294939007857217,0.03324561748855645,6,poisson_xgc,0.014191314070964646,0.5731372991989254,-0.15764903398480518,-0.0176333972348392,link-bias,false,12.918812560288849,-0.858380736451187,0.5,0.05
calibrated_matchup_hybrid,2026-27,1,5,2025-26,mins_60,MID,realized,xp_conceded,434,0.0,0.0,0.0,-0.0,0.0,0.0,0.0,0.0,11,poisson_xgc,0.0,,0.0,0.0,no_twin,false,12.918812560288849,-0.858380736451187,0.5,0.05
calibrated_matchup_hybrid,2026-27,1,5,2025-26,mins_60,MID,realized,xp_saves,434,0.0,0.0,0.0,-0.0,0.0,0.0,0.0,0.0,12,none,,,,,no_twin,false,12.918812560288849,-0.858380736451187,0.5,0.05
calibrated_matchup_hybrid,2026-27,1,5,2025-26,mins_60,MID,realized,xp_penalties_saved,434,0.0,0.0,0.0,-0.0,0.0,0.0,0.0,0.0,13,none,,,,,no_twin,false,12.918812560288849,-0.858380736451187,0.5,0.05
calibrated_matchup_hybrid,2026-27,1,5,2025-26,mins_60,MID,realized,xp_penalties_missed,434,-0.001797234970254463,-0.004608294930875576,0.0028110599606211125,-0.0032748404539492686,0.006405529901130037,0.09692986836819296,0.019196712485882183,0.0014859502292719207,9,none,,,,,no_twin,false,12.918812560288849,-0.858380736451187,0.5,0.05
calibrated_matchup_hybrid,2026-27,1,5,2025-26,mins_60,MID,realized,xp_own_goals,434,-0.0011710548391307832,-0.004608294930875576,0.003437240091744793,-0.0040043304163085176,0.005779349770006358,0.09661161152963202,0.016866286724909314,0.0013055601392309546,10,none,,,,,no_twin,false,12.918812560288849,-0.858380736451187,0.5,0.05
calibrated_matchup_hybrid,2026-27,1,5,2025-26,mins_60,MID,realized,xp_yellow_cards,434,-0.1117534113991089,-0.14516129032258066,0.03340787892347175,-0.038919651274550174,0.22623736565330582,0.3646993124564353,0.10428485019657074,0.00807232473649568,7,none,,,,,no_twin,false,12.918812560288849,-0.858380736451187,0.5,0.05
calibrated_matchup_hybrid,2026-27,1,5,2025-26,mins_60,MID,realized,xp_red_cards,434,-0.007676619185610374,-0.0069124423963133645,-0.0007641767892970125,0.0008902538894993813,0.0145610314067451,0.1444308074399676,0.033285689458153155,0.0025765285549904228,8,none,,,,,no_twin,false,12.918812560288849,-0.858380736451187,0.5,0.05
calibrated_matchup_hybrid,2026-27,1,5,2025-26,mins_60,MID,realized,xp_defcon,434,0.19976775829358295,0.25806451612903225,-0.05829675783544931,0.06791480209174573,0.3863635275499539,0.6617615271943309,0.6370565596553993,0.049312315406885625,5,none,,,,,no_twin,false,12.918812560288849,-0.858380736451187,0.5,0.05
calibrated_matchup_hybrid,2026-27,1,5,2025-26,mins_60,MID,realized,xp_bonus,434,0.21421701282333286,0.3064516129032258,-0.0922346000798929,0.10745185226455505,0.4417199869477205,0.8668802243776557,2.5253245294232682,0.19547652058873166,2,none,,,,,no_twin,false,12.918812560288849,-0.858380736451187,0.5,0.05
calibrated_matchup_hybrid,2026-27,1,5,2025-26,mins_60,FWD,realized,xp_minutes,95,1.5043124260159935,2.0,-0.49568757398400676,11.804029292637514,0.49568757398400676,0.6356874050523241,0.5023771462433984,0.035865762029630946,4,none,,,,,no_twin,false,14.007151049191517,-0.041993082336146036,0.5,0.05
calibrated_matchup_hybrid,2026-27,1,5,2025-26,mins_60,FWD,realized,xp_goals,95,1.8413675998197445,1.305263157894737,0.5361044419250074,-12.766494196201197,1.8668491810311079,2.361294967026309,7.8776574111855995,0.5624025459224481,1,process_ga,0.264559631883955,0.5295902662566607,0.17273602087237588,0.36336842105263156,structural,false,14.007151049191517,-0.041993082336146036,0.5,0.05
calibrated_matchup_hybrid,2026-27,1,5,2025-26,mins_60,FWD,realized,xp_assists,95,0.2045385275235834,0.47368421052631576,-0.2691456830027324,6.4092861973854705,0.5933819852585135,1.1069142973985227,2.0038289662553455,0.14305756818200407,3,process_ga,0.00501264653440472,0.9649606336937909,0.04443326436568869,-0.31357894736842107,structural,false,14.007151049191517,-0.041993082336146036,0.5,0.05
calibrated_matchup_hybrid,2026-27,1,5,2025-26,mins_60,FWD,realized,xp_clean_sheet,95,0.0,0.0,0.0,-0.0,0.0,0.0,0.0,0.0,10,poisson_xgc,0.0,,0.0,0.0,no_twin,false,14.007151049191517,-0.041993082336146036,0.5,0.05
calibrated_matchup_hybrid,2026-27,1,5,2025-26,mins_60,FWD,realized,xp_conceded,95,0.0,0.0,0.0,-0.0,0.0,0.0,0.0,0.0,11,poisson_xgc,0.0,,0.0,0.0,no_twin,false,14.007151049191517,-0.041993082336146036,0.5,0.05
calibrated_matchup_hybrid,2026-27,1,5,2025-26,mins_60,FWD,realized,xp_saves,95,0.0,0.0,0.0,-0.0,0.0,0.0,0.0,0.0,12,none,,,,,no_twin,false,14.007151049191517,-0.041993082336146036,0.5,0.05
calibrated_matchup_hybrid,2026-27,1,5,2025-26,mins_60,FWD,realized,xp_penalties_saved,95,0.0,0.0,0.0,-0.0,0.0,0.0,0.0,0.0,13,none,,,,,no_twin,false,14.007151049191517,-0.041993082336146036,0.5,0.05
calibrated_matchup_hybrid,2026-27,1,5,2025-26,mins_60,FWD,realized,xp_penalties_missed,95,-0.038762688087855005,-0.042105263157894736,0.003342575070039731,-0.0795982310439396,0.07973896242502349,0.3073901580590096,0.15317162168568335,0.010935244515302369,6,none,,,,,no_twin,false,14.007151049191517,-0.041993082336146036,0.5,0.05
calibrated_matchup_hybrid,2026-27,1,5,2025-26,mins_60,FWD,realized,xp_own_goals,95,-0.01823520881800584,-0.021052631578947368,0.0028174227609415294,-0.06709254487176332,0.039287840396953204,0.2153238068570432,-0.13797377406852823,-0.009850238180767815,7,none,,,,,no_twin,false,14.007151049191517,-0.041993082336146036,0.5,0.05
calibrated_matchup_hybrid,2026-27,1,5,2025-26,mins_60,FWD,realized,xp_yellow_cards,95,-0.11781085570715981,-0.21052631578947367,0.09271546008231389,-2.207874605158669,0.2742259821521253,0.43709409346201145,0.19577316734104638,0.013976658540592112,5,none,,,,,no_twin,false,14.007151049191517,-0.041993082336146036,0.5,0.05
calibrated_matchup_hybrid,2026-27,1,5,2025-26,mins_60,FWD,realized,xp_red_cards,95,-0.0024802299095881475,0.0,-0.0024802299095881475,0.05906282110311442,0.0024802299095881475,0.00852545146111884,0.00564916257602593,0.0004033056084129253,9,none,,,,,no_twin,false,14.007151049191517,-0.041993082336146036,0.5,0.05
calibrated_matchup_hybrid,2026-27,1,5,2025-26,mins_60,FWD,realized,xp_defcon,95,0.015500153478363837,0.021052631578947368,-0.005552478100583531,0.13222363760147635,0.03647011374808998,0.20645068738402336,0.05592594954327764,0.00399267126818809,8,none,,,,,no_twin,false,14.007151049191517,-0.041993082336146036,0.5,0.05
calibrated_matchup_hybrid,2026-27,1,5,2025-26,mins_60,FWD,realized,xp_bonus,95,0.6116824565066727,0.5157894736842106,0.09589298282246224,-2.2835423714520053,0.7125752377585265,1.0261295583788461,3.3507413984296655,0.23921648211418894,2,none,,,,,no_twin,false,14.007151049191517,-0.041993082336146036,0.5,0.05
participation_state_hybrid,2025-26,1,38,2024-25,all,ALL,realized,xp_minutes,31958,0.6737686777568045,0.604074097252644,0.06969458050416033,0.3765963939594553,0.3808767324374628,0.564677469864651,0.5736708974915927,0.14807727131287898,4,none,,,,,no_twin,false,3.874132015030573,0.18506438622899749,0.5,0.05
participation_state_hybrid,2025-26,1,38,2024-25,all,ALL,realized,xp_goals,31958,0.233340239650247,0.1510419926153076,0.08229824703493943,0.4447006185895978,0.32929057415127244,0.9528055558418167,1.251934789661512,0.32315233058768966,1,process_ga,0.15618861442904985,0.5166718613942752,0.07126564174049045,0.011032605294448966,structural,false,3.874132015030573,0.18506438622899749,0.5,0.05
participation_state_hybrid,2025-26,1,38,2024-25,all,ALL,realized,xp_assists,31958,0.1046196879032901,0.08842856248826585,0.016191125415024248,0.0874891476687981,0.17441740197316505,0.5344929104476528,0.40488109997221944,0.1045088547322062,5,process_ga,0.02977718305744814,0.7150750227456871,0.04048457306506493,-0.02429344765004067,variance,false,3.874132015030573,0.18506438622899749,0.5,0.05
participation_state_hybrid,2025-26,1,38,2024-25,all,ALL,realized,xp_clean_sheet,31958,0.18451868343009675,0.1580199011202203,0.026498782309876488,0.14318682729743076,0.27235571851260126,0.6625724895402024,0.6945546855577632,0.179280076895439,2,poisson_xgc,0.08281303009391555,0.5380801284338228,-0.008915857934490037,0.035414640244366496,variance,false,3.874132015030573,0.18506438622899749,0.5,0.05
participation_state_hybrid,2025-26,1,38,2024-25,all,ALL,realized,xp_conceded,31958,-0.06459423784699424,-0.05363289317228863,-0.010961344674705612,-0.05922989775646036,0.08390265177753457,0.21611518327934007,0.04696849959020329,0.012123618763629725,7,poisson_xgc,-0.007439946386108849,0.3863262668380557,-0.006666163855030608,-0.004295180819675004,structural,false,3.874132015030573,0.18506438622899749,0.5,0.05
participation_state_hybrid,2025-26,1,38,2024-25,all,ALL,realized,xp_saves,31958,0.015321002537221065,0.014018399148882909,0.0013026033883381557,0.007038649709330474,0.01808586372389907,0.10569716923401104,0.022131933357573633,0.005712746305935828,8,none,,,,,no_twin,false,3.874132015030573,0.18506438622899749,0.5,0.05
participation_state_hybrid,2025-26,1,38,2024-25,all,ALL,realized,xp_penalties_saved,31958,0.0025617964934935085,0.0017210088240816072,0.0008407876694119014,0.0045432170205428725,0.0042373049815603425,0.09439171427665181,0.012967156207063844,0.003347112632392191,10,none,,,,,no_twin,false,3.874132015030573,0.18506438622899749,0.5,0.05
participation_state_hybrid,2025-26,1,38,2024-25,all,ALL,realized,xp_penalties_missed,31958,-0.0012133025204160816,-0.0009387320858626948,-0.0002745704345533868,-0.0014836481515878215,0.0021301543055833546,0.044368686893417275,0.0022470031949025043,0.0005800017103662823,13,none,,,,,no_twin,false,3.874132015030573,0.18506438622899749,0.5,0.05
participation_state_hybrid,2025-26,1,38,2024-25,all,ALL,realized,xp_own_goals,31958,-0.0028373688772886587,-0.0025032855623005196,-0.00033408331498813897,-0.0018052274767482621,0.005299877177791161,0.07319108607914021,0.007722402587807093,0.0019933245841510516,12,none,,,,,no_twin,false,3.874132015030573,0.18506438622899749,0.5,0.05
participation_state_hybrid,2025-26,1,38,2024-25,all,ALL,realized,xp_yellow_cards,31958,-0.048456670948059874,-0.04449590086989173,-0.003960770078168145,-0.02140211933195571,0.08234078281314834,0.20120717985537662,0.008125796007772742,0.002097449435446927,11,none,,,,,no_twin,false,3.874132015030573,0.18506438622899749,0.5,0.05
participation_state_hybrid,2025-26,1,38,2024-25,all,ALL,realized,xp_red_cards,31958,-0.004675126276720743,-0.0041304211777958575,-0.0005447050989248861,-0.0029433275090047393,0.0087838173569717,0.11274324637673215,0.01414901809353006,0.0036521775816197636,9,none,,,,,no_twin,false,3.874132015030573,0.18506438622899749,0.5,0.05
participation_state_hybrid,2025-26,1,38,2024-25,all,ALL,realized,xp_defcon,31958,0.09721691893946516,0.0886788910444959,0.008538027894969255,0.04613544544656125,0.14654475551457388,0.3727695204562212,0.2410044754897035,0.06220863784576055,6,none,,,,,no_twin,false,3.874132015030573,0.18506438622899749,0.5,0.05
participation_state_hybrid,2025-26,1,38,2024-25,all,ALL,realized,xp_bonus,31958,0.0713436385255648,0.07556793291194693,-0.0042242943863821285,-0.022826079465959558,0.12896869320331905,0.4112178762881422,0.5937742578189289,0.1532663976124838,3,none,,,,,no_twin,false,3.874132015030573,0.18506438622899749,0.5,0.05
participation_state_hybrid,2025-26,1,38,2024-25,all,GKP,realized,xp_minutes,3686,0.47388811559344113,0.41345632121540965,0.060431794378031464,0.5873513998890745,0.2375216356248281,0.44974363537904843,0.31561370390528326,0.157289754103281,2,none,,,,,no_twin,false,2.006575098960624,0.10288865300984121,0.5,0.05
participation_state_hybrid,2025-26,1,38,2024-25,all,GKP,realized,xp_goals,3686,0.0002765625960402406,0.0,0.0002765625960402406,0.002687979557996426,0.0002765625960402406,0.003736568700366904,0.00033414027428529665,0.00016652268557422863,11,process_ga,-3.990523078137055e-05,0.7603615949156518,-0.0001575122818762001,0.0004340748779164406,variance,false,2.006575098960624,0.10288865300984121,0.5,0.05
participation_state_hybrid,2025-26,1,38,2024-25,all,GKP,realized,xp_assists,3686,0.003124173930592932,0.004069451980466631,-0.0009452780498736984,-0.009187388718008423,0.007176265663503409,0.11102385241179763,0.011884158961075125,0.005922608611674162,7,process_ga,0.00036752235586833237,0.9379458647421168,0.001984727376062276,-0.0029300054259359743,variance,false,2.006575098960624,0.10288865300984121,0.5,0.05
participation_state_hybrid,2025-26,1,38,2024-25,all,GKP,realized,xp_clean_sheet,3686,0.25285179621088155,0.20944112859468259,0.043410667616198974,0.4219189030693869,0.3516597657164286,0.8096009041508917,0.9666546869471072,0.4817435875925202,1,poisson_xgc,0.14479154368627092,0.6994427172142414,-0.008203651275109488,0.051614318891308436,variance,false,2.006575098960624,0.10288865300984121,0.5,0.05
participation_state_hybrid,2025-26,1,38,2024-25,all,GKP,realized,xp_conceded,3686,-0.11396767594629263,-0.09386869234943028,-0.02009898359686234,-0.19534694068684028,0.14180977115496382,0.27989234062522594,0.0949513307842844,0.04732009822780507,6,poisson_xgc,-0.02097919236178127,0.5566536599145521,-0.014501637814989343,-0.0055973457818730005,variance,false,2.006575098960624,0.10288865300984121,0.5,0.05
participation_state_hybrid,2025-26,1,38,2024-25,all,GKP,realized,xp_saves,3686,0.1328346714825043,0.12154096581660337,0.011293705665900917,0.10976628943544128,0.1568063030082383,0.31122572479697347,0.1918861438527776,0.09562868788323536,4,none,,,,,no_twin,false,2.006575098960624,0.10288865300984121,0.5,0.05
participation_state_hybrid,2025-26,1,38,2024-25,all,GKP,realized,xp_penalties_saved,3686,0.022211039701320004,0.014921323928377646,0.0072897157729423625,0.07085053171261857,0.03673787102569328,0.27793676882244145,0.11242658113547105,0.0560290921549392,5,none,,,,,no_twin,false,2.006575098960624,0.10288865300984121,0.5,0.05
participation_state_hybrid,2025-26,1,38,2024-25,all,GKP,realized,xp_penalties_missed,3686,0.0,0.0,0.0,0.0,0.0,0.0,0.0,0.0,12,none,,,,,no_twin,false,2.006575098960624,0.10288865300984121,0.5,0.05
participation_state_hybrid,2025-26,1,38,2024-25,all,GKP,realized,xp_own_goals,3686,-0.002428876339998257,-0.002170374389582203,-0.0002585019504160542,-0.002512443722937346,0.004595553039864452,0.06674926522216892,0.0068547766634272575,0.0034161575447527134,8,none,,,,,no_twin,false,2.006575098960624,0.10288865300984121,0.5,0.05
participation_state_hybrid,2025-26,1,38,2024-25,all,GKP,realized,xp_yellow_cards,3686,-0.017074753218406086,-0.014921323928377646,-0.002153429290028443,-0.020929706309037496,0.03016831699731013,0.12203654251118602,0.004190467377325595,0.0020883680752822034,10,none,,,,,no_twin,false,2.006575098960624,0.10288865300984121,0.5,0.05
participation_state_hybrid,2025-26,1,38,2024-25,all,GKP,realized,xp_red_cards,3686,-0.0019141541295498636,-0.0008138903960933261,-0.0011002637334565377,-0.010693732508591578,0.00272804452564319,0.050653019446186234,0.005029412372071824,0.002506466054859838,9,none,,,,,no_twin,false,2.006575098960624,0.10288865300984121,0.5,0.05
participation_state_hybrid,2025-26,1,38,2024-25,all,GKP,realized,xp_defcon,3686,0.0,0.0,0.0,0.0,0.0,0.0,0.0,0.0,13,none,,,,,no_twin,false,2.006575098960624,0.10288865300984121,0.5,0.05
participation_state_hybrid,2025-26,1,38,2024-25,all,GKP,realized,xp_bonus,3686,0.04869274499040391,0.04395008138903961,0.004742663601364301,0.0460951082808973,0.08449276826189549,0.3038033431790235,0.29674969668751544,0.1478886570660761,3,none,,,,,no_twin,false,2.006575098960624,0.10288865300984121,0.5,0.05
participation_state_hybrid,2025-26,1,38,2024-25,all,DEF,realized,xp_minutes,10260,0.7462769716703932,0.6799220272904484,0.0663549443799448,0.4403068825199975,0.44028078837621165,0.6248430203198816,0.6971468340716472,0.15521645729028868,3,none,,,,,no_twin,false,4.491449207398352,0.15070158340514048,0.5,0.05
participation_state_hybrid,2025-26,1,38,2024-25,all,DEF,realized,xp_goals,10260,0.13723964660098897,0.08011695906432749,0.05712268753666152,0.379045038850687,0.20897634549286803,0.7418096524617891,0.7435679138658493,0.16555189194637626,2,process_ga,0.07166860494389565,0.5670928063624319,0.03133906180566736,0.025783625730994145,structural,false,4.491449207398352,0.15070158340514048,0.5,0.05
participation_state_hybrid,2025-26,1,38,2024-25,all,DEF,realized,xp_assists,10260,0.0853348776369111,0.06929824561403508,0.01603663202287601,0.10641316209507719,0.14469444717752708,0.4616197275097818,0.2993292354841431,0.06664424368666699,6,process_ga,0.019847063355360246,0.7021938841609077,0.03169160278310993,-0.015654970760233915,variance,false,4.491449207398352,0.15070158340514048,0.5,0.05
participation_state_hybrid,2025-26,1,38,2024-25,all,DEF,realized,xp_clean_sheet,10260,0.36639347764422153,0.32046783625730996,0.04592564138691158,0.3047455796363255,0.5484700358876663,1.0249787091737845,1.6212038339156796,0.3609533936719621,1,poisson_xgc,0.16183786157555802,0.5516377892192978,-0.026091152387345978,0.07201679377425757,variance,false,4.491449207398352,0.15070158340514048,0.5,0.05
participation_state_hybrid,2025-26,1,38,2024-25,all,DEF,realized,xp_conceded,10260,-0.16025514615752506,-0.13333333333333333,-0.026921812824191746,-0.178643198139572,0.21039474941805586,0.3425427875854766,0.11218603358994585,0.024977691700298444,7,poisson_xgc,-0.01662177423905203,0.3345352149232659,-0.015554018274173237,-0.011367794550018517,structural,false,4.491449207398352,0.15070158340514048,0.5,0.05
participation_state_hybrid,2025-26,1,38,2024-25,all,DEF,realized,xp_saves,10260,0.0,0.0,0.0,0.0,0.0,0.0,0.0,0.0,11,none,,,,,no_twin,false,4.491449207398352,0.15070158340514048,0.5,0.05
participation_state_hybrid,2025-26,1,38,2024-25,all,DEF,realized,xp_penalties_saved,10260,0.0,0.0,0.0,0.0,0.0,0.0,0.0,0.0,12,none,,,,,no_twin,false,4.491449207398352,0.15070158340514048,0.5,0.05
participation_state_hybrid,2025-26,1,38,2024-25,all,DEF,realized,xp_penalties_missed,10260,0.0,0.0,0.0,0.0,0.0,0.0,0.0,0.0,13,none,,,,,no_twin,false,4.491449207398352,0.15070158340514048,0.5,0.05
participation_state_hybrid,2025-26,1,38,2024-25,all,DEF,realized,xp_own_goals,10260,-0.005684049055328718,-0.005458089668615985,-0.00022595938671273372,-0.0014993829633844853,0.011027975121227822,0.10896786610393622,0.018757559390108747,0.004176282202904831,10,none,,,,,no_twin,false,4.491449207398352,0.15070158340514048,0.5,0.05
participation_state_hybrid,2025-26,1,38,2024-25,all,DEF,realized,xp_yellow_cards,10260,-0.06045948444845361,-0.05604288499025341,-0.004416599458200189,-0.029306921389981477,0.10226511320308376,0.22465521660126328,0.021649334948082556,0.004820122403348477,9,none,,,,,no_twin,false,4.491449207398352,0.15070158340514048,0.5,0.05
participation_state_hybrid,2025-26,1,38,2024-25,all,DEF,realized,xp_red_cards,10260,-0.007849219545268344,-0.00760233918128655,-0.0002468803639817932,-0.001638206835014396,0.015394872283371315,0.1525889123097891,0.02574856559889752,0.0057327967900614955,8,none,,,,,no_twin,false,4.491449207398352,0.15070158340514048,0.5,0.05
participation_state_hybrid,2025-26,1,38,2024-25,all,DEF,realized,xp_defcon,10260,0.16925172980725997,0.16003898635477584,0.009212743452484162,0.061132360021174885,0.25260336673287015,0.49587355779544423,0.43161924342421487,0.09609799053571576,5,none,,,,,no_twin,false,4.491449207398352,0.15070158340514048,0.5,0.05
participation_state_hybrid,2025-26,1,38,2024-25,all,DEF,realized,xp_bonus,10260,0.05374712623049898,0.06588693957115009,-0.012139813340651118,-0.08055531379530963,0.11046168182044301,0.36881546902958395,0.5202406531097831,0.1158291297723769,4,none,,,,,no_twin,false,4.491449207398352,0.15070158340514048,0.5,0.05
participation_state_hybrid,2025-26,1,38,2024-25,all,MID,realized,xp_minutes,14402,0.6796028377281308,0.5979725038189141,0.08163033390921674,0.3525278117243782,0.38291730378833805,0.5559862338100163,0.5713669015345013,0.14965078345225608,4,none,,,,,no_twin,false,3.818001405363759,0.2315571458317704,0.5,0.05
participation_state_hybrid,2025-26,1,38,2024-25,all,MID,realized,xp_goals,14402,0.2885713513198126,0.18504374392445494,0.10352760739535767,0.4470931226219724,0.4148004166988377,1.0947627011709122,1.645620561377435,0.4310162272506154,1,process_ga,0.20929430885612477,0.5144166376491666,0.10001420647881831,0.003513400916539372,structural,false,3.818001405363759,0.2315571458317704,0.5,0.05
participation_state_hybrid,2025-26,1,38,2024-25,all,MID,realized,xp_assists,14402,0.15095340852426692,0.1235245104846549,0.027428898039612033,0.11845412043357764,0.2433249747997145,0.6348713063728406,0.5832927079164623,0.15277435652512264,3,process_ga,0.045461054179586256,0.7024300726011534,0.057716358114601615,-0.030287460074989586,variance,false,3.818001405363759,0.2315571458317704,0.5,0.05
participation_state_hybrid,2025-26,1,38,2024-25,all,MID,realized,xp_clean_sheet,14402,0.08371332339925083,0.0687404527149007,0.014972870684350121,0.06466166539826038,0.12362335700510352,0.24073858646422192,0.1388653054432086,0.03637120333379716,6,poisson_xgc,0.03135790299298407,0.1378370766235988,0.0009027144996382943,0.014070156184711816,structural,false,3.818001405363759,0.2315571458317704,0.5,0.05
participation_state_hybrid,2025-26,1,38,2024-25,all,MID,realized,xp_conceded,14402,0.0,0.0,0.0,0.0,0.0,0.0,0.0,0.0,11,poisson_xgc,0.0,,0.0,0.0,no_twin,false,3.818001405363759,0.2315571458317704,0.5,0.05
participation_state_hybrid,2025-26,1,38,2024-25,all,MID,realized,xp_saves,14402,0.0,0.0,0.0,0.0,0.0,0.0,0.0,0.0,12,none,,,,,no_twin,false,3.818001405363759,0.2315571458317704,0.5,0.05
participation_state_hybrid,2025-26,1,38,2024-25,all,MID,realized,xp_penalties_saved,14402,0.0,0.0,0.0,0.0,0.0,0.0,0.0,0.0,13,none,,,,,no_twin,false,3.818001405363759,0.2315571458317704,0.5,0.05
participation_state_hybrid,2025-26,1,38,2024-25,all,MID,realized,xp_penalties_missed,14402,-0.0013709411931860454,-0.000972087210109707,-0.00039885398307633844,-0.0017224861778444601,0.002303446388205567,0.04533323482246875,0.0036352030223929994,0.000952121970747849,9,none,,,,,no_twin,false,3.818001405363759,0.2315571458317704,0.5,0.05
participation_state_hybrid,2025-26,1,38,2024-25,all,MID,realized,xp_own_goals,14402,-0.0009764181052733316,-0.0008332176086654631,-0.0001432004966078684,-0.0006184240010969284,0.0018014277230783131,0.0412334557898238,0.001544643262227978,0.00040456854208014955,10,none,,,,,no_twin,false,3.818001405363759,0.2315571458317704,0.5,0.05
participation_state_hybrid,2025-26,1,38,2024-25,all,MID,realized,xp_yellow_cards,14402,-0.051903947728286916,-0.0462435772809332,-0.005660370447353712,-0.024444810057669533,0.08656863110355734,0.2044639934393898,0.009143985371085774,0.002394966475978702,8,none,,,,,no_twin,false,3.818001405363759,0.2315571458317704,0.5,0.05
participation_state_hybrid,2025-26,1,38,2024-25,all,MID,realized,xp_red_cards,14402,-0.004258240095829687,-0.0035411748368282185,-0.0007170652590014686,-0.0030967096974084613,0.007791579385492489,0.10469119128281353,0.011796001228345327,0.0030895748785669886,7,none,,,,,no_twin,false,3.818001405363759,0.2315571458317704,0.5,0.05
participation_state_hybrid,2025-26,1,38,2024-25,all,MID,realized,xp_defcon,14402,0.09333704422332154,0.08151645604777115,0.011820588175550388,0.051048254775683824,0.14232400929704064,0.3617290513820536,0.22353755563906527,0.05854831675154079,5,none,,,,,no_twin,false,3.818001405363759,0.2315571458317704,0.5,0.05
participation_state_hybrid,2025-26,1,38,2024-25,all,MID,realized,xp_bonus,14402,0.07533574900661268,0.07623941119288988,-0.0009036621862771969,-0.0039025450198532006,0.13443090059205962,0.420612370989818,0.6291985405690345,0.16479788081929417,2,none,,,,,no_twin,false,3.818001405363759,0.2315571458317704,0.5,0.05
participation_state_hybrid,2025-26,1,38,2024-25,all,FWD,realized,xp_minutes,3610,0.6485058203256949,0.6074792243767313,0.04102659594896358,0.2264770903816142,0.3502764455467434,0.5228379876699097,0.49542099611259244,0.11655711097575883,3,none,,,,,no_twin,false,4.250457067485385,0.18115119670529903,0.5,0.05
participation_state_hybrid,2025-26,1,38,2024-25,all,FWD,realized,xp_goals,3610,0.5240954551743772,0.37119113573407203,0.15290431944030516,0.8440701591889203,0.6660376323944248,1.3005310888084627,2.404118073609459,0.5656140117259814,1,process_ga,0.29502078091129613,0.4784061660512353,0.14297634160097,0.00992797783933519,structural,false,4.250457067485385,0.18115119670529903,0.5,0.05
participation_state_hybrid,2025-26,1,38,2024-25,all,FWD,realized,xp_assists,3610,0.07821425118669784,0.0889196675900277,-0.010705416403329863,-0.05909658118762352,0.15475022213734602,0.5502926498888304,0.3943727555405722,0.09278361109853234,4,process_ga,0.01757164969581821,0.8106168806346861,0.03603973595124078,-0.046745152354570635,variance,false,4.250457067485385,0.18115119670529903,0.5,0.05
participation_state_hybrid,2025-26,1,38,2024-25,all,FWD,realized,xp_clean_sheet,3610,0.0,0.0,0.0,0.0,0.0,0.0,0.0,0.0,10,poisson_xgc,0.0,,0.0,0.0,no_twin,false,4.250457067485385,0.18115119670529903,0.5,0.05
participation_state_hybrid,2025-26,1,38,2024-25,all,FWD,realized,xp_conceded,3610,0.0,0.0,0.0,0.0,0.0,0.0,0.0,0.0,11,poisson_xgc,0.0,,0.0,0.0,no_twin,false,4.250457067485385,0.18115119670529903,0.5,0.05
participation_state_hybrid,2025-26,1,38,2024-25,all,FWD,realized,xp_saves,3610,0.0,0.0,0.0,0.0,0.0,0.0,0.0,0.0,12,none,,,,,no_twin,false,4.250457067485385,0.18115119670529903,0.5,0.05
participation_state_hybrid,2025-26,1,38,2024-25,all,FWD,realized,xp_penalties_saved,3610,0.0,0.0,0.0,0.0,0.0,0.0,0.0,0.0,13,none,,,,,no_twin,false,4.250457067485385,0.18115119670529903,0.5,0.05
participation_state_hybrid,2025-26,1,38,2024-25,all,FWD,realized,xp_penalties_missed,3610,-0.00527158639423593,-0.00443213296398892,-0.0008394534302470106,-0.0046339932913203605,0.009667932524902018,0.09606425320918134,0.0053893446465901025,0.0012679447318305688,7,none,,,,,no_twin,false,4.250457067485385,0.18115119670529903,0.5,0.05
participation_state_hybrid,2025-26,1,38,2024-25,all,FWD,realized,xp_own_goals,3610,-0.0025881106735008877,-0.00110803324099723,-0.0014800774325036575,-0.008170398316007162,0.0036961439144981177,0.04841144744209266,0.0018912253503111066,0.00044494634818884906,8,none,,,,,no_twin,false,4.250457067485385,0.18115119670529903,0.5,0.05
participation_state_hybrid,2025-26,1,38,2024-25,all,FWD,realized,xp_yellow_cards,3610,-0.0326331812108395,-0.034903047091412745,0.002269865880573238,0.012530228460295011,0.06211768256881921,0.18155825856294214,-0.03035338720723689,-0.007141205457509602,5,none,,,,,no_twin,false,4.250457067485385,0.18115119670529903,0.5,0.05
participation_state_hybrid,2025-26,1,38,2024-25,all,FWD,realized,xp_red_cards,3610,-0.00013627341698846596,0.0,-0.00013627341698846596,-0.0007522634101620577,0.00013627341698846596,0.0026438288723081393,-0.00011922063870942925,-2.804889846351546e-05,9,none,,,,,no_twin,false,4.250457067485385,0.18115119670529903,0.5,0.05
participation_state_hybrid,2025-26,1,38,2024-25,all,FWD,realized,xp_defcon,3610,0.007228652836748824,0.004986149584487534,0.00224250325226129,0.01237917989528629,0.01158348259266616,0.09630649496319732,0.015019311316809213,0.0035335755845417338,6,none,,,,,no_twin,false,4.250457067485385,0.18115119670529903,0.5,0.05
participation_state_hybrid,2025-26,1,38,2024-25,all,FWD,realized,xp_bonus,3610,0.12855611347568305,0.13268698060941828,-0.004130867133735223,-0.02280342172100256,0.2051884952281816,0.5570888185062881,0.9647179687549979,0.22696805389113955,2,none,,,,,no_twin,false,4.250457067485385,0.18115119670529903,0.5,0.05
participation_state_hybrid,2025-26,1,38,2024-25,mins_60,ALL,realized,xp_minutes,7738,1.4839646331636493,2.0248126130783146,-0.5408479799146656,0.5976747639937918,0.5462396590074313,0.6845725445353212,0.8497441151570847,0.07073558925474376,5,none,,,,,no_twin,false,12.012964394724372,-0.9049202216613642,0.5,0.05
participation_state_hybrid,2025-26,1,38,2024-25,mins_60,ALL,realized,xp_goals,7738,0.5621505964044031,0.5350219695011631,0.0271286269032401,-0.02997902605539527,0.8931717171482902,1.7624218992407439,4.040597973059565,0.3363531132110938,1,process_ga,0.14140726963427394,0.5795868565499873,0.0036445224834933915,0.023484104419746576,variance,false,12.012964394724372,-0.9049202216613642,0.5,0.05
participation_state_hybrid,2025-26,1,38,2024-25,mins_60,ALL,realized,xp_assists,7738,0.24582911084335135,0.3089945722408891,-0.06316546139753781,0.06980224320942996,0.4859603119637851,0.9782795961826549,1.2083155490996615,0.10058429455017005,4,process_ga,0.013419086801204952,0.8665886472513689,0.02091440420080801,-0.08407986559834582,structural,false,12.012964394724372,-0.9049202216613642,0.5,0.05
participation_state_hybrid,2025-26,1,38,2024-25,mins_60,ALL,realized,xp_clean_sheet,7738,0.47411226080902275,0.6526234169035927,-0.17851115609456997,0.1972672859126047,0.8368798967830057,1.29375109776287,2.3781965744343645,0.19796916866571052,2,poisson_xgc,0.06948368128358427,0.6490176639529462,-0.32477389490685543,0.14626273881228546,link-bias,false,12.012964394724372,-0.9049202216613642,0.5,0.05
participation_state_hybrid,2025-26,1,38,2024-25,mins_60,ALL,realized,xp_conceded,7738,-0.15786982849038192,-0.20909795812871543,0.05122812963833352,-0.0566106585001301,0.2312268952305122,0.39964204721798424,0.3206285615137562,0.02669021158961928,7,poisson_xgc,0.001681847194756003,0.9369863671140722,0.06865811753626672,-0.01742998789793318,link-bias,false,12.012964394724372,-0.9049202216613642,0.5,0.05
participation_state_hybrid,2025-26,1,38,2024-25,mins_60,ALL,realized,xp_saves,7738,0.04269363796957114,0.057766864822951666,-0.015073226853380533,0.01665696764484635,0.05401015059494766,0.20221522222280086,0.06466591457239776,0.0053830105915236475,9,none,,,,,no_twin,false,12.012964394724372,-0.9049202216613642,0.5,0.05
participation_state_hybrid,2025-26,1,38,2024-25,mins_60,ALL,realized,xp_penalties_saved,7738,0.0074997812061156945,0.00710777978805893,0.0003920014180567636,-0.00043318892502709137,0.014419644253626662,0.19111747270179252,0.04945225098684218,0.004116573508580421,10,none,,,,,no_twin,false,12.012964394724372,-0.9049202216613642,0.5,0.05
participation_state_hybrid,2025-26,1,38,2024-25,mins_60,ALL,realized,xp_penalties_missed,7738,-0.0033577092328218364,-0.003876970793486689,0.0005192615606648522,-0.0005738202641902817,0.007144314214777861,0.08961801542954227,0.012168009433029777,0.0010129064761378545,13,none,,,,,no_twin,false,12.012964394724372,-0.9049202216613642,0.5,0.05
participation_state_hybrid,2025-26,1,38,2024-25,mins_60,ALL,realized,xp_own_goals,7738,-0.006486421650475094,-0.009563194623933832,0.0030767729734587387,-0.0034000488659762947,0.015884372735036317,0.1427440160907671,0.036263700387031764,0.003018713715904908,11,none,,,,,no_twin,false,12.012964394724372,-0.9049202216613642,0.5,0.05
participation_state_hybrid,2025-26,1,38,2024-25,mins_60,ALL,realized,xp_yellow_cards,7738,-0.1117391593189182,-0.1496510726285862,0.037911913309668,-0.041895310108182385,0.22268357074931897,0.36021427130183364,0.1157100327023481,0.009632096533405481,8,none,,,,,no_twin,false,12.012964394724372,-0.9049202216613642,0.5,0.05
participation_state_hybrid,2025-26,1,38,2024-25,mins_60,ALL,realized,xp_red_cards,7738,-0.010163014093070527,-0.00697854742827604,-0.0031844666647944868,0.00351905791092617,0.017106010030576196,0.14741496435082038,0.026647110209597587,0.002218196053365476,12,none,,,,,no_twin,false,12.012964394724372,-0.9049202216613642,0.5,0.05
participation_state_hybrid,2025-26,1,38,2024-25,mins_60,ALL,realized,xp_defcon,7738,0.25048641219364975,0.3644352545877488,-0.113948842394099,0.12592142342105878,0.4528058508249576,0.7295300494514219,0.7417660935570788,0.0617471316141446,6,none,,,,,no_twin,false,12.012964394724372,-0.9049202216613642,0.5,0.05
participation_state_hybrid,2025-26,1,38,2024-25,mins_60,ALL,realized,xp_bonus,7738,0.18627170391577597,0.2967174980615146,-0.11044579414573867,0.12205031062624355,0.410802850932689,0.8052106341082348,2.168808509611614,0.18053899423560021,3,none,,,,,no_twin,false,12.012964394724372,-0.9049202216613642,0.5,0.05
participation_state_hybrid,2025-26,1,38,2024-25,mins_60,GKP,realized,xp_minutes,747,1.5964150398662131,2.0267737617135206,-0.4303587218473077,0.6732450326398909,0.4303587218473077,0.6260902838989659,0.6060508690577702,0.07276134955592282,5,none,,,,,no_twin,false,8.32929670431652,-0.6392304450577364,0.5,0.05
participation_state_hybrid,2025-26,1,38,2024-25,mins_60,GKP,realized,xp_goals,747,0.0007769309808087542,0.0,0.0007769309808087542,-0.001215416109817142,0.0007769309808087542,0.005507776972392851,0.00023095775404838626,2.7728361979072767e-05,11,process_ga,-0.00021765789930517715,-6.849648654668046,-0.0013649699562729059,0.00214190093708166,structural,false,8.32929670431652,-0.6392304450577364,0.5,0.05
participation_state_hybrid,2025-26,1,38,2024-25,mins_60,GKP,realized,xp_assists,747,0.010462452516158684,0.020080321285140562,-0.009617868768981876,0.015046011721349057,0.030457111321390302,0.24627370300630225,0.04975231261913975,0.005973170891289831,8,process_ga,-0.0006303053801826973,0.8944772564431702,0.004839962556319327,-0.014457831325301203,variance,false,8.32929670431652,-0.6392304450577364,0.5,0.05
participation_state_hybrid,2025-26,1,38,2024-25,mins_60,GKP,realized,xp_clean_sheet,747,0.9227965439676533,1.033467202141901,-0.11067065817424764,0.1731310813336678,1.4103550119695898,1.7573725905599333,4.30427146048017,0.5167628928682002,1,poisson_xgc,0.11621918857673252,0.7751015210637926,-0.36535657441703623,0.2546859162427886,link-bias,false,8.32929670431652,-0.6392304450577364,0.5,0.05
participation_state_hybrid,2025-26,1,38,2024-25,mins_60,GKP,realized,xp_conceded,747,-0.35578473111649067,-0.4605087014725569,0.10472397035606619,-0.16382819555255593,0.4915181224550287,0.5798955589422705,0.7105850797489363,0.0853115340915503,3,poisson_xgc,0.004954663035743067,0.9419227061322555,0.13255020331881914,-0.02782623296275294,link-bias,false,8.32929670431652,-0.6392304450577364,0.5,0.05
participation_state_hybrid,2025-26,1,38,2024-25,mins_60,GKP,realized,xp_saves,747,0.4422535081774316,0.5983935742971888,-0.15614006611975711,0.24426256184599324,0.5594786416381593,0.6508305144317711,0.6698592328798043,0.08042206403004722,4,none,,,,,no_twin,false,8.32929670431652,-0.6392304450577364,0.5,0.05
participation_state_hybrid,2025-26,1,38,2024-25,mins_60,GKP,realized,xp_penalties_saved,747,0.07768849661703245,0.07362784471218206,0.004060651904850384,-0.006352406923427464,0.14936975533408717,0.6151123625023641,0.5122644151756155,0.06150152087992531,6,none,,,,,no_twin,false,8.32929670431652,-0.6392304450577364,0.5,0.05
participation_state_hybrid,2025-26,1,38,2024-25,mins_60,GKP,realized,xp_penalties_missed,747,0.0,0.0,0.0,-0.0,0.0,0.0,0.0,0.0,12,none,,,,,no_twin,false,8.32929670431652,-0.6392304450577364,0.5,0.05
participation_state_hybrid,2025-26,1,38,2024-25,mins_60,GKP,realized,xp_own_goals,747,-0.007337530426169869,-0.0107095046854083,0.0033719742592384313,-0.005275052659505085,0.018028789215603323,0.14778952648202745,0.03865779571221306,0.004641183653858711,9,none,,,,,no_twin,false,8.32929670431652,-0.6392304450577364,0.5,0.05
participation_state_hybrid,2025-26,1,38,2024-25,mins_60,GKP,realized,xp_yellow_cards,747,-0.06152187518720339,-0.07362784471218206,0.012105969524978666,-0.018938349414639087,0.12613081238806056,0.2695847825636387,0.04977195071595653,0.0059755286049737,7,none,,,,,no_twin,false,8.32929670431652,-0.6392304450577364,0.5,0.05
participation_state_hybrid,2025-26,1,38,2024-25,mins_60,GKP,realized,xp_red_cards,747,-0.00582780443520704,0.0,-0.00582780443520704,0.009116906868665592,0.00582780443520704,0.023959338833402673,0.00527311792123896,0.0006330808120337764,10,none,,,,,no_twin,false,8.32929670431652,-0.6392304450577364,0.5,0.05
participation_state_hybrid,2025-26,1,38,2024-25,mins_60,GKP,realized,xp_defcon,747,0.0,0.0,0.0,-0.0,0.0,0.0,0.0,0.0,13,none,,,,,no_twin,false,8.32929670431652,-0.6392304450577364,0.5,0.05
participation_state_hybrid,2025-26,1,38,2024-25,mins_60,GKP,realized,xp_bonus,747,0.16521264714134082,0.21686746987951808,-0.05165482273817728,0.08080782625037787,0.34186443533239563,0.671105107281352,1.3825795122516258,0.16598994625021907,2,none,,,,,no_twin,false,8.32929670431652,-0.6392304450577364,0.5,0.05
participation_state_hybrid,2025-26,1,38,2024-25,mins_60,DEF,realized,xp_minutes,2993,1.4616413766676108,2.02505846976278,-0.563417093095169,0.5412127670625064,0.568631491544265,0.7163442052764021,0.972960247757518,0.07909138800048074,5,none,,,,,no_twin,false,12.301721746893659,-1.0410269812243695,0.5,0.05
participation_state_hybrid,2025-26,1,38,2024-25,mins_60,DEF,realized,xp_goals,2993,0.2797996350590212,0.25659873037086534,0.02320090468815587,-0.022286554629803054,0.5104939389435574,1.3156919591332488,2.143194285792445,0.17421905078723057,2,process_ga,0.06182412000996284,0.6451357085772031,-0.053197357924607246,0.07639826261276311,variance,false,12.301721746893659,-1.0410269812243695,0.5,0.05
participation_state_hybrid,2025-26,1,38,2024-25,mins_60,DEF,realized,xp_assists,2993,0.172208318931286,0.21450050116939526,-0.04229218223810924,0.04062544295285093,0.35616112917284004,0.7996896246369892,0.771307812854994,0.06269917567024787,6,process_ga,0.008528688827134678,0.8639744663950706,0.00507834900144972,-0.04737053123955898,variance,false,12.301721746893659,-1.0410269812243695,0.5,0.05
participation_state_hybrid,2025-26,1,38,2024-25,mins_60,DEF,realized,xp_clean_sheet,2993,0.7741073364899791,1.0985633144002673,-0.32445597791028813,0.3116691341935153,1.398265534811978,1.818442925831709,4.7011628704855495,0.3821548696362485,1,poisson_xgc,0.13294434706038336,0.6521191861641707,-0.5713294507214751,0.24687347281118677,link-bias,false,12.301721746893659,-1.0410269812243695,0.5,0.05
participation_state_hybrid,2025-26,1,38,2024-25,mins_60,DEF,realized,xp_conceded,2993,-0.3193536714716193,-0.4256598730370865,0.1063062015654672,-0.1021166631439645,0.4751318669628456,0.5735758413692664,0.6515926342869998,0.05296759654408011,7,poisson_xgc,0.0034088461086513094,0.9356428018059223,0.14442416024606547,-0.03811795868059831,link-bias,false,12.301721746893659,-1.0410269812243695,0.5,0.05
participation_state_hybrid,2025-26,1,38,2024-25,mins_60,DEF,realized,xp_saves,2993,0.0,0.0,0.0,-0.0,0.0,0.0,0.0,0.0,11,none,,,,,no_twin,false,12.301721746893659,-1.0410269812243695,0.5,0.05
participation_state_hybrid,2025-26,1,38,2024-25,mins_60,DEF,realized,xp_penalties_saved,2993,0.0,0.0,0.0,-0.0,0.0,0.0,0.0,0.0,12,none,,,,,no_twin,false,12.301721746893659,-1.0410269812243695,0.5,0.05
participation_state_hybrid,2025-26,1,38,2024-25,mins_60,DEF,realized,xp_penalties_missed,2993,0.0,0.0,0.0,-0.0,0.0,0.0,0.0,0.0,13,none,,,,,no_twin,false,12.301721746893659,-1.0410269812243695,0.5,0.05
participation_state_hybrid,2025-26,1,38,2024-25,mins_60,DEF,realized,xp_own_goals,2993,-0.01162011078256223,-0.017373872368860673,0.005753761586298443,-0.005527005245849965,0.02860970905801593,0.1941661485001837,0.0703184023620443,0.005716143139052921,9,none,,,,,no_twin,false,12.301721746893659,-1.0410269812243695,0.5,0.05
participation_state_hybrid,2025-26,1,38,2024-25,mins_60,DEF,realized,xp_yellow_cards,2993,-0.12318096878266548,-0.1653859004343468,0.042204931651681335,-0.04054163092107699,0.2439803559349906,0.3767126525475989,0.15901067345517556,0.01292588767058788,8,none,,,,,no_twin,false,12.301721746893659,-1.0410269812243695,0.5,0.05
participation_state_hybrid,2025-26,1,38,2024-25,mins_60,DEF,realized,xp_red_cards,2993,-0.014351792224958485,-0.011025726695623121,-0.0033260655293353633,0.003194984942103538,0.025301377152781544,0.1849204552307306,0.037957275712905865,0.0030855254649610783,10,none,,,,,no_twin,false,12.301721746893659,-1.0410269812243695,0.5,0.05
participation_state_hybrid,2025-26,1,38,2024-25,mins_60,DEF,realized,xp_defcon,2993,0.3743423102069686,0.5452723020380889,-0.1709299918311202,0.1641936231374969,0.6576985403203633,0.8820375716902832,1.121474672534669,0.09116404155522828,4,none,,,,,no_twin,false,12.301721746893659,-1.0410269812243695,0.5,0.05
participation_state_hybrid,2025-26,1,38,2024-25,mins_60,DEF,realized,xp_bonus,2993,0.11145475775306787,0.22552622786501839,-0.1140714701119505,0.10957590165222145,0.3055757102225615,0.6788402445895493,1.6727428716513577,0.13597632153188205,3,none,,,,,no_twin,false,12.301721746893659,-1.0410269812243695,0.5,0.05
participation_state_hybrid,2025-26,1,38,2024-25,mins_60,MID,realized,xp_minutes,3242,1.47773795962228,2.0231338679827267,-0.5453959083604466,0.6096561654287965,0.5517138005586841,0.6662255846609,0.8052309067592358,0.06643666560431304,4,none,,,,,no_twin,false,12.12027875623789,-0.8945959038679564,0.5,0.05
participation_state_hybrid,2025-26,1,38,2024-25,mins_60,MID,realized,xp_goals,3242,0.7457667699214354,0.7156076495990129,0.03015912032242251,-0.0337125625011514,1.2229985010675695,2.1099988421067732,5.774450685513917,0.4764288678213779,1,process_ga,0.20197764543896937,0.5760591788600548,0.06066498090231146,-0.03050586057988891,variance,false,12.12027875623789,-0.8945959038679564,0.5,0.05
participation_state_hybrid,2025-26,1,38,2024-25,mins_60,MID,realized,xp_assists,3242,0.37259094111857444,0.4552745219000617,-0.08268358078148726,0.09242561968369069,0.704459594370487,1.1858167669611765,1.820857187962289,0.15023228628509525,3,process_ga,0.021025212498432217,0.8600486418842568,0.028858677084027836,-0.11154225786551514,structural,false,12.12027875623789,-0.8945959038679564,0.5,0.05
participation_state_hybrid,2025-26,1,38,2024-25,mins_60,MID,realized,xp_clean_sheet,3242,0.2043332503645506,0.3053670573719926,-0.101033807007442,0.1129379271362668,0.3816263731256519,0.48025193979741126,0.3444212956912935,0.028416945073481224,6,poisson_xgc,0.02140147146669266,0.24687641787840964,-0.16353793698036603,0.06250412997292404,structural,false,12.12027875623789,-0.8945959038679564,0.5,0.05
participation_state_hybrid,2025-26,1,38,2024-25,mins_60,MID,realized,xp_conceded,3242,0.0,0.0,0.0,-0.0,0.0,0.0,0.0,0.0,11,poisson_xgc,0.0,,0.0,0.0,no_twin,false,12.12027875623789,-0.8945959038679564,0.5,0.05
participation_state_hybrid,2025-26,1,38,2024-25,mins_60,MID,realized,xp_saves,3242,0.0,0.0,0.0,-0.0,0.0,0.0,0.0,0.0,12,none,,,,,no_twin,false,12.12027875623789,-0.8945959038679564,0.5,0.05
participation_state_hybrid,2025-26,1,38,2024-25,mins_60,MID,realized,xp_penalties_saved,3242,0.0,0.0,0.0,-0.0,0.0,0.0,0.0,0.0,13,none,,,,,no_twin,false,12.12027875623789,-0.8945959038679564,0.5,0.05
participation_state_hybrid,2025-26,1,38,2024-25,mins_60,MID,realized,xp_penalties_missed,3242,-0.004560144771326673,-0.00431832202344232,-0.00024182274788435388,0.0002703150627437338,0.008702630835074712,0.09505124022981092,0.019934255181574385,0.0016447026988809898,9,none,,,,,no_twin,false,12.12027875623789,-0.8945959038679564,0.5,0.05
participation_state_hybrid,2025-26,1,38,2024-25,mins_60,MID,realized,xp_own_goals,3242,-0.002167713036368837,-0.0030845157310302285,0.0009168026946613909,-0.001024823264557125,0.005216790006817647,0.07920836958325465,0.008196602785242061,0.0006762718044767371,10,none,,,,,no_twin,false,12.12027875623789,-0.8945959038679564,0.5,0.05
participation_state_hybrid,2025-26,1,38,2024-25,mins_60,MID,realized,xp_yellow_cards,3242,-0.11918304301396435,-0.16132017273288093,0.0421371297189166,-0.04710185854499072,0.23629635058437112,0.371432427334295,0.13097671159131327,0.010806410828125885,7,none,,,,,no_twin,false,12.12027875623789,-0.8945959038679564,0.5,0.05
participation_state_hybrid,2025-26,1,38,2024-25,mins_60,MID,realized,xp_red_cards,3242,-0.00961289829144529,-0.006477483035163479,-0.00313541525628181,0.0035048397189448807,0.016075820831681076,0.14199506532762615,0.027376544005662157,0.0022587388092515934,8,none,,,,,no_twin,false,12.12027875623789,-0.8945959038679564,0.5,0.05
participation_state_hybrid,2025-26,1,38,2024-25,mins_60,MID,realized,xp_defcon,3242,0.24666120639290814,0.3608883405305367,-0.11422713413762858,0.12768573346216514,0.4631145327287525,0.7360661400729119,0.722158304007686,0.059582648100070794,5,none,,,,,no_twin,false,12.12027875623789,-0.8945959038679564,0.5,0.05
participation_state_hybrid,2025-26,1,38,2024-25,mins_60,MID,realized,xp_bonus,3242,0.20494202445710893,0.3260333127698951,-0.1210912883127862,0.13535864381809135,0.4560861427868333,0.858811587498197,2.4666762627396777,0.20351646297492657,2,none,,,,,no_twin,false,12.12027875623789,-0.8945959038679564,0.5,0.05
participation_state_hybrid,2025-26,1,38,2024-25,mins_60,FWD,realized,xp_minutes,756,1.4879327925643717,2.0291005291005293,-0.5411677365361575,0.8042613503160103,0.548616826159161,0.688798585969788,0.7936128871000973,0.05648736561926969,4,none,,,,,no_twin,false,14.049387476292042,-0.6728754730331401,0.5,0.05
participation_state_hybrid,2025-26,1,38,2024-25,mins_60,FWD,realized,xp_goals,756,1.4472549890445283,1.3915343915343916,0.05572059751013684,-0.082809672433093,1.875546137740314,2.4181051007276357,8.109292288729806,0.5771989919428171,1,process_ga,0.2761657669051919,0.5215414947700541,-0.010893159103619765,0.06661375661375635,structural,false,14.049387476292042,-0.6728754730331401,0.5,0.05
participation_state_hybrid,2025-26,1,38,2024-25,mins_60,FWD,realized,xp_assists,756,0.226257775143551,0.3412698412698413,-0.11501206612629022,0.170926227415969,0.5129115968984944,1.0834189802592171,1.4563987488861685,0.10366279322453037,3,process_ga,0.010462797034100852,0.8990689261918811,0.06542444181021768,-0.18043650793650795,structural,false,14.049387476292042,-0.6728754730331401,0.5,0.05
participation_state_hybrid,2025-26,1,38,2024-25,mins_60,FWD,realized,xp_clean_sheet,756,0.0,0.0,0.0,-0.0,0.0,0.0,0.0,0.0,10,poisson_xgc,0.0,,0.0,0.0,no_twin,false,14.049387476292042,-0.6728754730331401,0.5,0.05
participation_state_hybrid,2025-26,1,38,2024-25,mins_60,FWD,realized,xp_conceded,756,0.0,0.0,0.0,-0.0,0.0,0.0,0.0,0.0,11,poisson_xgc,0.0,,0.0,0.0,no_twin,false,14.049387476292042,-0.6728754730331401,0.5,0.05
participation_state_hybrid,2025-26,1,38,2024-25,mins_60,FWD,realized,xp_saves,756,0.0,0.0,0.0,-0.0,0.0,0.0,0.0,0.0,12,none,,,,,no_twin,false,14.049387476292042,-0.6728754730331401,0.5,0.05
participation_state_hybrid,2025-26,1,38,2024-25,mins_60,FWD,realized,xp_penalties_saved,756,0.0,0.0,0.0,-0.0,0.0,0.0,0.0,0.0,13,none,,,,,no_twin,false,14.049387476292042,-0.6728754730331401,0.5,0.05
participation_state_hybrid,2025-26,1,38,2024-25,mins_60,FWD,realized,xp_penalties_missed,756,-0.014812122612346951,-0.021164021164021163,0.006351898551674212,-0.009439931764850303,0.03580525691354347,0.20847222104021376,0.039059790600688184,0.0027801774751106067,7,none,,,,,no_twin,false,14.049387476292042,-0.6728754730331401,0.5,0.05
participation_state_hybrid,2025-26,1,38,2024-25,mins_60,FWD,realized,xp_own_goals,756,-0.0038413733689297066,-0.005291005291005291,0.0014496319220755843,-0.002154383656668353,0.009132378659934997,0.1039866889923001,0.01943753399269219,0.001383514692401537,8,none,,,,,no_twin,false,14.049387476292042,-0.6728754730331401,0.5,0.05
participation_state_hybrid,2025-26,1,38,2024-25,mins_60,FWD,realized,xp_yellow_cards,756,-0.0841385040041772,-0.11243386243386243,0.028295358429685225,-0.042051404106227,0.17539653398993485,0.3206581335292923,-0.056032881963529166,-0.003988279350831709,5,none,,,,,no_twin,false,14.049387476292042,-0.6728754730331401,0.5,0.05
participation_state_hybrid,2025-26,1,38,2024-25,mins_60,FWD,realized,xp_red_cards,756,-0.00022235813348374676,0.0,-0.00022235813348374676,0.0003304595610855254,0.00022235813348374676,0.004064881563141569,-0.00013830973595684303,-9.84453850320784e-06,9,none,,,,,no_twin,false,14.049387476292042,-0.6728754730331401,0.5,0.05
participation_state_hybrid,2025-26,1,38,2024-25,mins_60,FWD,realized,xp_defcon,756,0.024049857115339447,0.023809523809523808,0.00024033330581563648,-0.0003571735268225473,0.04484474523552673,0.20972919343214702,0.055522639491392696,0.003951961577334644,6,none,,,,,no_twin,false,14.049387476292042,-0.6728754730331401,0.5,0.05
participation_state_hybrid,2025-26,1,38,2024-25,mins_60,FWD,realized,xp_bonus,756,0.42321489978943555,0.5317460317460317,-0.10853113195659615,0.16129452819459633,0.7013232165513328,1.0972543526354035,3.632234779190682,0.2585333193578709,2,none,,,,,no_twin,false,14.049387476292042,-0.6728754730331401,0.5,0.05
participation_state_hybrid,2026-27,1,5,2025-26,all,ALL,realized,xp_minutes,3335,0.8342205781073722,0.7727136431784108,0.06150693492896145,0.3402979325138001,0.4712107255593164,0.6153431824619829,0.6625487188534092,0.1315128491572174,4,none,,,,,no_twin,false,5.037901034760211,0.1807443685437823,0.5,0.05
participation_state_hybrid,2026-27,1,5,2025-26,all,ALL,realized,xp_goals,3335,0.33547471628761544,0.19640179910044978,0.1390729171871657,0.7694453681054942,0.44816221532455275,1.0922812647472173,1.6353709376383359,0.32461354964194417,1,process_ga,0.15642452653695024,0.5181207725016719,0.11179855436857498,0.02727436281859072,structural,false,5.037901034760211,0.1807443685437823,0.5,0.05
participation_state_hybrid,2026-27,1,5,2025-26,all,ALL,realized,xp_assists,3335,0.12162863932875051,0.11694152923538231,0.0046871100933681955,0.025932260745555793,0.2159529577897106,0.6144013761969931,0.5505721125806378,0.1092860119287443,5,process_ga,0.024177873501910422,0.7787651587316164,0.03862714007837569,-0.0339400299850075,variance,false,5.037901034760211,0.1807443685437823,0.5,0.05
participation_state_hybrid,2026-27,1,5,2025-26,all,ALL,realized,xp_clean_sheet,3335,0.21263998622004046,0.23568215892053973,-0.023042172700499273,-0.12748487206625025,0.3553787805793319,0.7931233756953346,0.9817167345098462,0.19486622062169448,2,poisson_xgc,0.07563694442862212,0.61185194546642,-0.018026559588115,-0.005015613112384243,variance,false,5.037901034760211,0.1807443685437823,0.5,0.05
participation_state_hybrid,2026-27,1,5,2025-26,all,ALL,realized,xp_conceded,3335,-0.08439778735093216,-0.07886056971514242,-0.005537217635789724,-0.030635630201935864,0.11752658105082682,0.2761100498686788,0.100988907054361,0.020045829871917633,7,poisson_xgc,-0.003126602101719161,0.8440273053449764,-0.0018579014023713694,-0.003679316233418356,variance,false,5.037901034760211,0.1807443685437823,0.5,0.05
participation_state_hybrid,2026-27,1,5,2025-26,all,ALL,realized,xp_saves,3335,0.0196791708130187,0.018890554722638682,0.0007886160903800205,0.0043631571856635265,0.02153271835163458,0.11242492839595657,0.023787606189757084,0.004721729550784893,9,none,,,,,no_twin,false,5.037901034760211,0.1807443685437823,0.5,0.05
participation_state_hybrid,2026-27,1,5,2025-26,all,ALL,realized,xp_penalties_saved,3335,0.0009965177572271399,0.0029985007496251873,-0.0020019829923980477,-0.01107632292241017,0.003995018506852327,0.12486376945934248,0.019259275337227762,0.003822876869621645,10,none,,,,,no_twin,false,5.037901034760211,0.1807443685437823,0.5,0.05
participation_state_hybrid,2026-27,1,5,2025-26,all,ALL,realized,xp_penalties_missed,3335,-0.0018276469977603,-0.0017991004497751124,-2.8546547985187586e-05,-0.0001579387961859108,0.003594587346195384,0.06290891979372769,0.0063437341006412325,0.0012592018098154592,13,none,,,,,no_twin,false,5.037901034760211,0.1807443685437823,0.5,0.05
participation_state_hybrid,2026-27,1,5,2025-26,all,ALL,realized,xp_own_goals,3335,-0.004705686937920605,-0.004197901049475262,-0.0005077858884453425,-0.002809414713921446,0.008885768363139597,0.09410781223594276,0.008755782281220058,0.0017379821915530754,12,none,,,,,no_twin,false,5.037901034760211,0.1807443685437823,0.5,0.05
participation_state_hybrid,2026-27,1,5,2025-26,all,ALL,realized,xp_yellow_cards,3335,-0.059452261312885384,-0.05577211394302849,-0.003680147369856897,-0.0203610624192999,0.10412059506093793,0.23090963900668593,0.017142414127139023,0.0034026897330576384,11,none,,,,,no_twin,false,5.037901034760211,0.1807443685437823,0.5,0.05
participation_state_hybrid,2026-27,1,5,2025-26,all,ALL,realized,xp_red_cards,3335,-0.0038643677456477146,-0.005397301349325337,0.0015329336036776229,0.008481224704416144,0.00925802139001727,0.1282295785372608,0.02519020398152945,0.005000138710094456,8,none,,,,,no_twin,false,5.037901034760211,0.1807443685437823,0.5,0.05
participation_state_hybrid,2026-27,1,5,2025-26,all,ALL,realized,xp_defcon,3335,0.11110213556231022,0.09835082458770615,0.012751310974604078,0.07054887008286118,0.1719057673105623,0.4007510151932272,0.26817140956748814,0.05323078157295567,6,none,,,,,no_twin,false,5.037901034760211,0.1807443685437823,0.5,0.05
participation_state_hybrid,2026-27,1,5,2025-26,all,ALL,realized,xp_bonus,3335,0.08995502248875563,0.09475262368815592,-0.0047976011994002934,-0.026543572217787546,0.15648683102037458,0.45884880555600494,0.7380531985386185,0.14650013834059913,3,none,,,,,no_twin,false,5.037901034760211,0.1807443685437823,0.5,0.05
participation_state_hybrid,2026-27,1,5,2025-26,all,GKP,realized,xp_minutes,365,0.5911610255199847,0.547945205479452,0.0432158200405327,-1.0849921217210312,0.30412573719420205,0.48619531153310824,0.40957531465942715,0.12816569687158558,3,none,,,,,no_twin,false,3.1956703287760164,-0.039830538098270335,0.5,0.05
participation_state_hybrid,2026-27,1,5,2025-26,all,GKP,realized,xp_goals,365,0.00021506043276811582,0.0,0.00021506043276811582,-0.005399385572886723,0.00021506043276811582,0.0028296519764480403,0.00047583823742843875,0.00014890091544915118,10,process_ga,0.00014890091544915118,0.0,0.00021506043276811582,0.0,structural,false,3.1956703287760164,-0.039830538098270335,0.5,0.05
participation_state_hybrid,2026-27,1,5,2025-26,all,GKP,realized,xp_assists,365,0.0031467288739534588,0.00821917808219178,-0.005072449208238325,0.1273507577458161,0.011334119400735818,0.1568896660831037,0.0748779010960832,0.02343104682039039,7,process_ga,0.0005110387532736312,0.9781896746999409,0.00043440010683017127,-0.0055068493150684916,variance,false,3.1956703287760164,-0.039830538098270335,0.5,0.05
participation_state_hybrid,2026-27,1,5,2025-26,all,GKP,realized,xp_clean_sheet,365,0.29627821303216256,0.3287671232876712,-0.03248891025550867,0.8156784167804031,0.47286199302125265,0.9950044458189761,1.5512685737993508,0.4854282245044679,1,poisson_xgc,0.11501859855029077,0.7630574557799901,-0.018658877141939978,-0.013830033113568674,variance,false,3.1956703287760164,-0.039830538098270335,0.5,0.05
participation_state_hybrid,2026-27,1,5,2025-26,all,GKP,realized,xp_conceded,365,-0.15423854759463126,-0.13972602739726028,-0.014512520197370963,0.36435661907367445,0.2036269575969098,0.35756753692163984,0.18775625862084525,0.058753325375949635,5,poisson_xgc,-0.008891848359354446,0.8486579559121554,-0.0072288949591435255,-0.007283625238227426,variance,false,3.1956703287760164,-0.039830538098270335,0.5,0.05
participation_state_hybrid,2026-27,1,5,2025-26,all,GKP,realized,xp_saves,365,0.1798083141408695,0.1726027397260274,0.007205574414842101,-0.18090577629316557,0.19674415261014058,0.3398318709618719,0.21734703189819143,0.06801297053111176,4,none,,,,,no_twin,false,3.1956703287760164,-0.039830538098270335,0.5,0.05
participation_state_hybrid,2026-27,1,5,2025-26,all,GKP,realized,xp_penalties_saved,365,0.009105169096856195,0.0273972602739726,-0.018292091177116408,0.4592479050116261,0.0365024293708288,0.37743131346522896,0.1759717349305605,0.05506567224597288,6,none,,,,,no_twin,false,3.1956703287760164,-0.039830538098270335,0.5,0.05
participation_state_hybrid,2026-27,1,5,2025-26,all,GKP,realized,xp_penalties_missed,365,0.0,0.0,0.0,-0.0,0.0,0.0,0.0,0.0,12,none,,,,,no_twin,false,3.1956703287760164,-0.039830538098270335,0.5,0.05
participation_state_hybrid,2026-27,1,5,2025-26,all,GKP,realized,xp_own_goals,365,-0.006830848485593032,-0.005479452054794521,-0.0013513964307985114,0.033928651113483116,0.012310300540387552,0.10928344354562818,0.027088502970115617,0.008476626242135204,8,none,,,,,no_twin,false,3.1956703287760164,-0.039830538098270335,0.5,0.05
participation_state_hybrid,2026-27,1,5,2025-26,all,GKP,realized,xp_yellow_cards,365,-0.013885320497664801,-0.00821917808219178,-0.005666142415473021,0.14225623569266008,0.02124497950303908,0.09358350776015259,0.008780261803337033,0.0027475493089113446,9,none,,,,,no_twin,false,3.1956703287760164,-0.039830538098270335,0.5,0.05
participation_state_hybrid,2026-27,1,5,2025-26,all,GKP,realized,xp_red_cards,365,-0.0002970767493543741,0.0,-0.0002970767493543741,0.007458517096139226,0.0002970767493543741,0.004029817651521386,-0.0001776038818661997,-5.5576409201829123e-05,11,none,,,,,no_twin,false,3.1956703287760164,-0.039830538098270335,0.5,0.05
participation_state_hybrid,2026-27,1,5,2025-26,all,GKP,realized,xp_defcon,365,0.0,0.0,0.0,-0.0,0.0,0.0,0.0,0.0,13,none,,,,,no_twin,false,3.1956703287760164,-0.039830538098270335,0.5,0.05
participation_state_hybrid,2026-27,1,5,2025-26,all,GKP,realized,xp_bonus,365,0.061186196187173074,0.07397260273972603,-0.012786406552552951,0.3210201810732808,0.12598190837713383,0.41684223789500013,0.5427065146425432,0.16982556359322798,2,none,,,,,no_twin,false,3.1956703287760164,-0.039830538098270335,0.5,0.05
participation_state_hybrid,2026-27,1,5,2025-26,all,DEF,realized,xp_minutes,1085,0.9325855380741593,0.8691244239631336,0.06346111411102574,0.5615494764342723,0.5391217660375142,0.6840266474798895,0.8269925379850582,0.13954121110940682,3,none,,,,,no_twin,false,5.92651111030316,0.11301072616787253,0.5,0.05
participation_state_hybrid,2026-27,1,5,2025-26,all,DEF,realized,xp_goals,1085,0.23239195954940672,0.11612903225806452,0.1162629272913422,1.0287778092730655,0.33048078386136476,0.8795773805011767,1.0395151044704203,0.1754008530690573,2,process_ga,0.08039392133509772,0.5416560414136314,0.07711085355862331,0.03915207373271891,structural,false,5.92651111030316,0.11301072616787253,0.5,0.05
participation_state_hybrid,2026-27,1,5,2025-26,all,DEF,realized,xp_assists,1085,0.10144313384762456,0.08571428571428572,0.015728848133338847,0.13918013507827856,0.1756510992886417,0.5229707181208968,0.37091405726933513,0.06258556684800709,6,process_ga,0.015727760955728774,0.7486998720659571,0.031240368870666033,-0.015511520737327186,variance,false,5.92651111030316,0.11301072616787253,0.5,0.05
participation_state_hybrid,2026-27,1,5,2025-26,all,DEF,realized,xp_clean_sheet,1085,0.4228645637141897,0.4682027649769585,-0.04533820126276887,-0.4011849388120995,0.712411868988449,1.2177767250622828,2.245902755215985,0.37895866782591753,1,poisson_xgc,0.1512335603748087,0.6009233375174283,-0.041627405646705536,-0.003710795616063356,variance,false,5.92651111030316,0.11301072616787253,0.5,0.05
participation_state_hybrid,2026-27,1,5,2025-26,all,DEF,realized,xp_conceded,1085,-0.20752954003992474,-0.19539170506912443,-0.012137834970800303,-0.10740427375690052,0.2927440629323829,0.4374019284748525,0.24725066417482527,0.04171942979149795,7,poisson_xgc,-0.0065564433952679324,0.8428443670482746,-0.003278852089236059,-0.008858982881564254,variance,false,5.92651111030316,0.11301072616787253,0.5,0.05
participation_state_hybrid,2026-27,1,5,2025-26,all,DEF,realized,xp_saves,1085,0.0,0.0,0.0,0.0,0.0,0.0,0.0,0.0,11,none,,,,,no_twin,false,5.92651111030316,0.11301072616787253,0.5,0.05
participation_state_hybrid,2026-27,1,5,2025-26,all,DEF,realized,xp_penalties_saved,1085,0.0,0.0,0.0,0.0,0.0,0.0,0.0,0.0,12,none,,,,,no_twin,false,5.92651111030316,0.11301072616787253,0.5,0.05
participation_state_hybrid,2026-27,1,5,2025-26,all,DEF,realized,xp_penalties_missed,1085,0.0,0.0,0.0,0.0,0.0,0.0,0.0,0.0,13,none,,,,,no_twin,false,5.92651111030316,0.11301072616787253,0.5,0.05
participation_state_hybrid,2026-27,1,5,2025-26,all,DEF,realized,xp_own_goals,1085,-0.009017383618394357,-0.007373271889400922,-0.0016441117289934357,-0.014548280368990632,0.01633588274568039,0.1237427986163442,0.025033001415338343,0.004223901879103678,8,none,,,,,no_twin,false,5.92651111030316,0.11301072616787253,0.5,0.05
participation_state_hybrid,2026-27,1,5,2025-26,all,DEF,realized,xp_yellow_cards,1085,-0.07338151632997937,-0.06728110599078341,-0.006100410339195964,-0.053980808247653146,0.12745401022574893,0.2549848256947416,0.010505291631788465,0.0017725929195551758,10,none,,,,,no_twin,false,5.92651111030316,0.11301072616787253,0.5,0.05
participation_state_hybrid,2026-27,1,5,2025-26,all,DEF,realized,xp_red_cards,1085,-0.0034430563983975948,-0.005529953917050691,0.002086897518653097,0.018466366772593792,0.008973010315448286,0.13008192813047975,0.0244237303757664,0.004121097543090077,9,none,,,,,no_twin,false,5.92651111030316,0.11301072616787253,0.5,0.05
participation_state_hybrid,2026-27,1,5,2025-26,all,DEF,realized,xp_defcon,1085,0.20279203972106558,0.19723502304147467,0.005557016679590906,0.04917247121601713,0.31321176488008107,0.5517515066411153,0.49078039643060145,0.08281101432129037,5,none,,,,,no_twin,false,5.92651111030316,0.11301072616787253,0.5,0.05
participation_state_hybrid,2026-27,1,5,2025-26,all,DEF,realized,xp_bonus,1085,0.06453540239466653,0.08940092165898618,-0.024865519264319656,-0.2200279575885833,0.13960268809688442,0.41546487269119686,0.6451935713340418,0.10886566469307404,4,none,,,,,no_twin,false,5.92651111030316,0.11301072616787253,0.5,0.05
participation_state_hybrid,2026-27,1,5,2025-26,all,MID,realized,xp_minutes,1490,0.8434916595737361,0.7805369127516778,0.06295474682205822,0.299204981256321,0.4762171113958111,0.6034326385862265,0.6389676450714793,0.12975303068435542,4,none,,,,,no_twin,false,4.924491102068115,0.21040674709932902,0.5,0.05
participation_state_hybrid,2026-27,1,5,2025-26,all,MID,realized,xp_goals,1490,0.3843900542399408,0.25838926174496646,0.1260007924949744,0.5988438784973555,0.5560306506741812,1.2822926948542375,2.2341682096395274,0.45368509422247805,1,process_ga,0.20879559148360752,0.5397785950154704,0.12425582605202137,0.001744966442953022,structural,false,4.924491102068115,0.21040674709932902,0.5,0.05
participation_state_hybrid,2026-27,1,5,2025-26,all,MID,realized,xp_assists,1490,0.17239019143028572,0.15704697986577182,0.015343211564513896,0.07292167088762917,0.29333819704221853,0.7291653917905437,0.7780013294676337,0.15798613772312436,3,process_ga,0.03720022554463895,0.7645348757760412,0.05146401693364141,-0.03612080536912751,variance,false,4.924491102068115,0.21040674709932902,0.5,0.05
participation_state_hybrid,2026-27,1,5,2025-26,all,MID,realized,xp_clean_sheet,1490,0.09543943265583883,0.10604026845637583,-0.010600835800537015,-0.05038258490604658,0.16082330733345473,0.29248784613418954,0.18188442331827537,0.03693466381569666,6,poisson_xgc,0.022374784416905436,0.39420636049226754,-0.005464665062335513,-0.005136170738201495,structural,false,4.924491102068115,0.21040674709932902,0.5,0.05
participation_state_hybrid,2026-27,1,5,2025-26,all,MID,realized,xp_conceded,1490,0.0,0.0,0.0,0.0,0.0,0.0,0.0,0.0,11,poisson_xgc,0.0,,0.0,0.0,no_twin,false,4.924491102068115,0.21040674709932902,0.5,0.05
participation_state_hybrid,2026-27,1,5,2025-26,all,MID,realized,xp_saves,1490,0.0,0.0,0.0,0.0,0.0,0.0,0.0,0.0,12,none,,,,,no_twin,false,4.924491102068115,0.21040674709932902,0.5,0.05
participation_state_hybrid,2026-27,1,5,2025-26,all,MID,realized,xp_penalties_saved,1490,0.0,0.0,0.0,0.0,0.0,0.0,0.0,0.0,13,none,,,,,no_twin,false,4.924491102068115,0.21040674709932902,0.5,0.05
participation_state_hybrid,2026-27,1,5,2025-26,all,MID,realized,xp_penalties_missed,1490,-0.0006510973931837341,-0.0013422818791946308,0.0006911844860108967,0.003284992023970608,0.001993379272378365,0.052315777186307484,0.005494945878220741,0.0011158403506736068,9,none,,,,,no_twin,false,4.924491102068115,0.21040674709932902,0.5,0.05
participation_state_hybrid,2026-27,1,5,2025-26,all,MID,realized,xp_own_goals,1490,-0.0005836194414751231,-0.0013422818791946308,0.0007586624377195079,0.0036056944379324386,0.0019259013206697538,0.052231982909796984,0.004634959701732175,0.0009412058232343345,10,none,,,,,no_twin,false,4.924491102068115,0.21040674709932902,0.5,0.05
participation_state_hybrid,2026-27,1,5,2025-26,all,MID,realized,xp_yellow_cards,1490,-0.06412992334241693,-0.05771812080536913,-0.0064118025370478015,-0.03047336944010123,0.11059864328172218,0.23399206852042156,0.019076380666585183,0.0038737770606537937,8,none,,,,,no_twin,false,4.924491102068115,0.21040674709932902,0.5,0.05
participation_state_hybrid,2026-27,1,5,2025-26,all,MID,realized,xp_red_cards,1490,-0.0054941894175340854,-0.006040268456375839,0.0005460790388417547,0.002595349466545201,0.011526293379931715,0.13549041788711244,0.027165292952203268,0.005516365526743422,7,none,,,,,no_twin,false,4.924491102068115,0.21040674709932902,0.5,0.05
participation_state_hybrid,2026-27,1,5,2025-26,all,MID,realized,xp_defcon,1490,0.09956451552874235,0.07516778523489932,0.02439673029384302,0.1159503230299254,0.15391522952690678,0.36750718780840597,0.23857846503677613,0.04844733396646437,5,none,,,,,no_twin,false,4.924491102068115,0.21040674709932902,0.5,0.05
participation_state_hybrid,2026-27,1,5,2025-26,all,MID,realized,xp_bonus,1490,0.08934542796338167,0.09261744966442953,-0.00327202170104786,-0.015550935253531583,0.15844239303787153,0.47494268431696024,0.7965194503356816,0.16174655082657602,2,none,,,,,no_twin,false,4.924491102068115,0.21040674709932902,0.5,0.05
participation_state_hybrid,2026-27,1,5,2025-26,all,FWD,realized,xp_minutes,395,0.7536556255644616,0.6860759493670886,0.06757967619737293,0.14731941429266499,0.4201804140100639,0.5654375370497501,0.5335602345699648,0.112871457544909,4,none,,,,,no_twin,false,4.727149326991487,0.4587289226056726,0.5,0.05
participation_state_hybrid,2026-27,1,5,2025-26,all,FWD,realized,xp_goals,395,0.7439068983104281,0.36455696202531646,0.3793499362851116,0.8269588368885215,0.7784434710261074,1.321226094843116,2.5240604439338896,0.5339498013150951,1,process_ga,0.3100791578135238,0.41927282855090053,0.26319803755093446,0.1161518987341772,structural,false,4.727149326991487,0.4587289226056726,0.5,0.05
participation_state_hybrid,2026-27,1,5,2025-26,all,FWD,realized,xp_assists,395,0.09507790042175085,0.1518987341772152,-0.05682083375546435,-0.12386581912627305,0.2238248210793279,0.6384109553600621,0.62573121142368,0.13236967316662196,3,process_ga,0.016889256857548298,0.8724084115831522,0.045786761181244515,-0.10260759493670887,structural,false,4.727149326991487,0.4587289226056726,0.5,0.05
participation_state_hybrid,2026-27,1,5,2025-26,all,FWD,realized,xp_clean_sheet,395,0.0,0.0,0.0,0.0,0.0,0.0,0.0,0.0,10,poisson_xgc,0.0,,0.0,0.0,no_twin,false,4.727149326991487,0.4587289226056726,0.5,0.05
participation_state_hybrid,2026-27,1,5,2025-26,all,FWD,realized,xp_conceded,395,0.0,0.0,0.0,0.0,0.0,0.0,0.0,0.0,11,poisson_xgc,0.0,,0.0,0.0,no_twin,false,4.727149326991487,0.4587289226056726,0.5,0.05
participation_state_hybrid,2026-27,1,5,2025-26,all,FWD,realized,xp_saves,395,0.0,0.0,0.0,0.0,0.0,0.0,0.0,0.0,12,none,,,,,no_twin,false,4.727149326991487,0.4587289226056726,0.5,0.05
participation_state_hybrid,2026-27,1,5,2025-26,all,FWD,realized,xp_penalties_saved,395,0.0,0.0,0.0,0.0,0.0,0.0,0.0,0.0,13,none,,,,,no_twin,false,4.727149326991487,0.4587289226056726,0.5,0.05
participation_state_hybrid,2026-27,1,5,2025-26,all,FWD,realized,xp_penalties_missed,395,-0.012974854738447688,-0.010126582278481013,-0.002848272459966677,-0.006209053581770942,0.02282990806004517,0.15195209474838356,0.03283261738503698,0.006945542675702343,8,none,,,,,no_twin,false,4.727149326991487,0.4587289226056726,0.5,0.05
participation_state_hybrid,2026-27,1,5,2025-26,all,FWD,realized,xp_own_goals,395,-0.006447473536627716,-0.005063291139240506,-0.00138418239738721,-0.003017429966100187,0.011510764675868222,0.10670834103121055,-0.037351053588471766,-0.007901390670102483,6,none,,,,,no_twin,false,4.727149326991487,0.4587289226056726,0.5,0.05
participation_state_hybrid,2026-27,1,5,2025-26,all,FWD,realized,xp_yellow_cards,395,-0.04565219873062342,-0.060759493670886074,0.015107294940262656,0.032932946225518504,0.09217262639219007,0.2386590982390339,0.035805334030603146,0.007574402997205683,7,none,,,,,no_twin,false,4.727149326991487,0.4587289226056726,0.5,0.05
participation_state_hybrid,2026-27,1,5,2025-26,all,FWD,realized,xp_red_cards,395,-0.002170063275528115,-0.007594936708860759,0.005424873433332645,0.011825880527694378,0.009764999984388874,0.15193578483352907,0.04328638414884166,0.009156974141197805,5,none,,,,,no_twin,false,4.727149326991487,0.4587289226056726,0.5,0.05
participation_state_hybrid,2026-27,1,5,2025-26,all,FWD,realized,xp_defcon,395,0.0054307110509426715,0.005063291139240506,0.0003674199117021653,0.0008009521388255753,0.010474119217079341,0.10135354261213621,0.016134197153351813,0.0034130923390186503,9,none,,,,,no_twin,false,4.727149326991487,0.4587289226056726,0.5,0.05
participation_state_hybrid,2026-27,1,5,2025-26,all,FWD,realized,xp_bonus,395,0.18866187121020248,0.13670886075949368,0.05195301045070882,0.11325427260091922,0.22367620932594223,0.5404024053060889,0.9530899579345913,0.20162044649035216,2,none,,,,,no_twin,false,4.727149326991487,0.4587289226056726,0.5,0.05
participation_state_hybrid,2026-27,1,5,2025-26,mins_60,ALL,realized,xp_minutes,1039,1.4530120380073053,2.0,-0.546987961992695,0.6044364672000925,0.546987961992695,0.6844857012771829,0.8412350899835179,0.06557718361538183,5,none,,,,,no_twin,false,12.828167414408405,-0.904955262753232,0.5,0.05
participation_state_hybrid,2026-27,1,5,2025-26,mins_60,ALL,realized,xp_goals,1039,0.6727255388192517,0.5370548604427334,0.13567067837651817,-0.14991976284413694,0.9562288292501447,1.7766324523523684,4.177128494456213,0.32562160747641355,1,process_ga,0.14519194827424725,0.5541083732142553,0.055584056624833844,0.08008662175168435,structural,false,12.828167414408405,-0.904955262753232,0.5,0.05
participation_state_hybrid,2026-27,1,5,2025-26,mins_60,ALL,realized,xp_assists,1039,0.23206646362170347,0.3262752646775746,-0.09420880105587115,0.10410326889447628,0.4912372301874058,1.0179323137001486,1.428537821716134,0.11135946200013119,4,process_ga,0.013572605540392522,0.8781189734880676,0.0004976474523097847,-0.09470644850818094,structural,false,12.828167414408405,-0.904955262753232,0.5,0.05
participation_state_hybrid,2026-27,1,5,2025-26,mins_60,ALL,realized,xp_clean_sheet,1039,0.4385515832263371,0.7564966313763234,-0.31794504814998625,0.3513378630261474,0.8967170107414835,1.3840711049759113,2.771204581504218,0.21602497784614524,2,poisson_xgc,0.06572870491718895,0.695735624775754,-0.3018458472550859,-0.016099200894900356,link-bias,false,12.828167414408405,-0.904955262753232,0.5,0.05
participation_state_hybrid,2026-27,1,5,2025-26,mins_60,ALL,realized,xp_conceded,1039,-0.16424365098656213,-0.24446583253128007,0.08022218154471791,-0.08864767668254704,0.2676628360611006,0.46573090189843674,0.44565328544277666,0.03474021433039809,7,poisson_xgc,0.006250923212063047,0.8200666480461689,0.08864980043251428,-0.008427618887796362,link-bias,false,12.828167414408405,-0.904955262753232,0.5,0.05
participation_state_hybrid,2026-27,1,5,2025-26,mins_60,ALL,realized,xp_saves,1039,0.044042000538931654,0.06063522617901829,-0.016593225640086633,0.018335962365259334,0.0499915491830933,0.189412719410091,0.05568494092662635,0.0043408336614068396,10,none,,,,,no_twin,false,12.828167414408405,-0.904955262753232,0.5,0.05
participation_state_hybrid,2026-27,1,5,2025-26,mins_60,ALL,realized,xp_penalties_saved,1039,0.0025045503335047793,0.009624639076034648,-0.007120088742529869,0.007867890309701876,0.012129189409539429,0.22359485961308462,0.06077048030477128,0.004737269037860762,9,none,,,,,no_twin,false,12.828167414408405,-0.904955262753232,0.5,0.05
participation_state_hybrid,2026-27,1,5,2025-26,mins_60,ALL,realized,xp_penalties_missed,1039,-0.00429495220927494,-0.005774783445620789,0.001479831236345849,-0.001635253473020994,0.009966507610652231,0.11208939918456905,0.02202375099038767,0.0017168275310821813,13,none,,,,,no_twin,false,12.828167414408405,-0.904955262753232,0.5,0.05
participation_state_hybrid,2026-27,1,5,2025-26,mins_60,ALL,realized,xp_own_goals,1039,-0.01000075885099978,-0.013474494706448507,0.003473735855448727,-0.003838571914461548,0.02341805582222725,0.16798212342461047,0.035046406438543724,0.0027319885457045196,11,none,,,,,no_twin,false,12.828167414408405,-0.904955262753232,0.5,0.05
participation_state_hybrid,2026-27,1,5,2025-26,mins_60,ALL,realized,xp_yellow_cards,1039,-0.10759994540265654,-0.14629451395572665,0.03869456855307013,-0.04275854304150455,0.22278469772665593,0.36704564333208306,0.11404613901257141,0.008890290820844488,8,none,,,,,no_twin,false,12.828167414408405,-0.904955262753232,0.5,0.05
participation_state_hybrid,2026-27,1,5,2025-26,mins_60,ALL,realized,xp_red_cards,1039,-0.004751057905128596,-0.005774783445620789,0.0010237255404921934,-0.0011312443638126543,0.010514132884890356,0.13210219576861118,0.029802188718067873,0.0023231836438768723,12,none,,,,,no_twin,false,12.828167414408405,-0.904955262753232,0.5,0.05
participation_state_hybrid,2026-27,1,5,2025-26,mins_60,ALL,realized,xp_defcon,1039,0.22320804170647668,0.3156881616939365,-0.09248011998745981,0.10219302963783942,0.4183765805711743,0.6968804599494081,0.6657693320997966,0.05189902116119988,6,none,,,,,no_twin,false,12.828167414408405,-0.904955262753232,0.5,0.05
participation_state_hybrid,2026-27,1,5,2025-26,mins_60,ALL,realized,xp_bonus,1039,0.2043292174354638,0.2945139557266602,-0.09018473829119646,0.0996565708859671,0.4097378266030793,0.8056504165693641,2.18126490281478,0.17003714032955447,3,none,,,,,no_twin,false,12.828167414408405,-0.904955262753232,0.5,0.05
participation_state_hybrid,2026-27,1,5,2025-26,mins_60,GKP,realized,xp_minutes,100,1.5238394011945535,2.0,-0.4761605988054466,0.44099481892792763,0.4761605988054466,0.6721358680110558,0.8634415538942645,0.08092540451296856,4,none,,,,,no_twin,false,10.669598244095216,-1.0797419342998362,0.5,0.05
participation_state_hybrid,2026-27,1,5,2025-26,mins_60,GKP,realized,xp_goals,100,0.00011472974585061618,0.0,0.00011472974585061618,-0.00010625663615168677,0.00011472974585061618,0.0007019191569798146,5.734818290328863e-05,5.374914930374847e-06,11,process_ga,5.374914930374847e-06,0.0,0.00011472974585061618,0.0,structural,false,10.669598244095216,-1.0797419342998362,0.5,0.05
participation_state_hybrid,2026-27,1,5,2025-26,mins_60,GKP,realized,xp_assists,100,0.008052443520349619,0.03,-0.02194755647965038,0.020326668607052272,0.037936418943105246,0.2996279018303911,0.2690502979901056,0.025216535040483254,7,process_ga,0.0001599699904229861,0.9936561470413693,-0.0018475564796503832,-0.020099999999999996,variance,false,10.669598244095216,-1.0797419342998362,0.5,0.05
participation_state_hybrid,2026-27,1,5,2025-26,mins_60,GKP,realized,xp_clean_sheet,100,0.841778792552097,1.2,-0.3582212074479032,0.33176557848537525,1.4863095895122758,1.8810234494764415,5.394242525787194,0.5055712879135336,1,poisson_xgc,0.10063282276504096,0.8009522590170273,-0.30774158658337725,-0.05047962086452573,link-bias,false,10.669598244095216,-1.0797419342998362,0.5,0.05
participation_state_hybrid,2026-27,1,5,2025-26,mins_60,GKP,realized,xp_conceded,100,-0.3618526926549757,-0.51,0.14814730734502432,-0.13720621811460082,0.5421203891632925,0.6519702125828161,0.8705244096215375,0.08158923979197664,3,poisson_xgc,0.007638319222580261,0.9063808016589535,0.17473253946455447,-0.026585232119530233,link-bias,false,10.669598244095216,-1.0797419342998362,0.5,0.05
participation_state_hybrid,2026-27,1,5,2025-26,mins_60,GKP,realized,xp_saves,100,0.45759638559949983,0.63,-0.17240361440050012,0.15967112966886488,0.5194121960123395,0.6105439232931942,0.5785665362276476,0.054225709627617774,6,none,,,,,no_twin,false,10.669598244095216,-1.0797419342998362,0.5,0.05
participation_state_hybrid,2026-27,1,5,2025-26,mins_60,GKP,realized,xp_penalties_saved,100,0.026022277965114665,0.1,-0.07397772203488534,0.06851426223698216,0.12602227796511467,0.7207250032707719,0.6314052903665736,0.05917798176852693,5,none,,,,,no_twin,false,10.669598244095216,-1.0797419342998362,0.5,0.05
participation_state_hybrid,2026-27,1,5,2025-26,mins_60,GKP,realized,xp_penalties_missed,100,0.0,0.0,0.0,-0.0,0.0,0.0,0.0,0.0,12,none,,,,,no_twin,false,10.669598244095216,-1.0797419342998362,0.5,0.05
participation_state_hybrid,2026-27,1,5,2025-26,mins_60,GKP,realized,xp_own_goals,100,-0.022168478669842083,-0.02,-0.0021684786698420878,0.0020083305102420127,0.042168478669842094,0.2086595225561538,0.1021679843005473,0.00957561680985404,8,none,,,,,no_twin,false,10.669598244095216,-1.0797419342998362,0.5,0.05
participation_state_hybrid,2026-27,1,5,2025-26,mins_60,GKP,realized,xp_yellow_cards,100,-0.04108085773794924,-0.03,-0.011080857737949232,0.010262505683948145,0.06794361310756533,0.17786710246171406,0.04698333666823717,0.0044034775811955945,9,none,,,,,no_twin,false,10.669598244095216,-1.0797419342998362,0.5,0.05
participation_state_hybrid,2026-27,1,5,2025-26,mins_60,GKP,realized,xp_red_cards,100,-0.0008164613866666441,0.0,-0.0008164613866666441,0.000756163450478639,0.0008164613866666441,0.007675752973662742,-0.00047763345672242804,-4.476583333273684e-05,10,none,,,,,no_twin,false,10.669598244095216,-1.0797419342998362,0.5,0.05
participation_state_hybrid,2026-27,1,5,2025-26,mins_60,GKP,realized,xp_defcon,100,0.0,0.0,0.0,-0.0,0.0,0.0,0.0,0.0,13,none,,,,,no_twin,false,10.669598244095216,-1.0797419342998362,0.5,0.05
participation_state_hybrid,2026-27,1,5,2025-26,mins_60,GKP,realized,xp_bonus,100,0.15877252557213237,0.27,-0.11122747442786761,0.1030130171798816,0.3952768750654891,0.7931981512597935,1.9136365945129268,0.17935413787224597,2,none,,,,,no_twin,false,10.669598244095216,-1.0797419342998362,0.5,0.05
participation_state_hybrid,2026-27,1,5,2025-26,mins_60,DEF,realized,xp_minutes,410,1.4324447698342684,2.0,-0.5675552301657316,0.5105843054339217,0.5675552301657316,0.6962695116178588,0.9085240519281215,0.0699644093198357,6,none,,,,,no_twin,false,12.985517361761598,-1.1115798588509158,0.5,0.05
participation_state_hybrid,2026-27,1,5,2025-26,mins_60,DEF,realized,xp_goals,410,0.38983338942757334,0.2780487804878049,0.11178460893976845,-0.10056372292974491,0.6227256651046832,1.3509653850993009,2.2504077395796944,0.1733013538764702,2,process_ga,0.07302303638747581,0.5786355111828676,0.009491926012939158,0.10229268292682925,structural,false,12.985517361761598,-1.1115798588509158,0.5,0.05
participation_state_hybrid,2026-27,1,5,2025-26,mins_60,DEF,realized,xp_assists,410,0.16625882145698986,0.2121951219512195,-0.04593630049422963,0.04132523644474433,0.3495088086173181,0.8195413657299451,0.8071039561571132,0.062154162492885266,7,process_ga,0.008031549683799037,0.8707801800930324,-0.005253373664961337,-0.0406829268292683,variance,false,12.985517361761598,-1.1115798588509158,0.5,0.05
participation_state_hybrid,2026-27,1,5,2025-26,mins_60,DEF,realized,xp_clean_sheet,410,0.7062190021128787,1.2390243902439024,-0.5328053881310237,0.4793226360558618,1.4724600416801261,1.9241667257991992,5.252334035763803,0.4044763015165133,1,poisson_xgc,0.12943580534838017,0.67999162160284,-0.5229853558299781,-0.009820032301045778,link-bias,false,12.985517361761598,-1.1115798588509158,0.5,0.05
participation_state_hybrid,2026-27,1,5,2025-26,mins_60,DEF,realized,xp_conceded,410,-0.32796069295009883,-0.4951219512195122,0.16716125826941342,-0.1503816904727067,0.5460723115881811,0.6678287768362472,0.9170276161290029,0.0706192591778723,5,poisson_xgc,0.014118061686897441,0.8000819910707706,0.18203387488518755,-0.014872616615774104,link-bias,false,12.985517361761598,-1.1115798588509158,0.5,0.05
participation_state_hybrid,2026-27,1,5,2025-26,mins_60,DEF,realized,xp_saves,410,0.0,0.0,0.0,-0.0,0.0,0.0,0.0,0.0,11,none,,,,,no_twin,false,12.985517361761598,-1.1115798588509158,0.5,0.05
participation_state_hybrid,2026-27,1,5,2025-26,mins_60,DEF,realized,xp_penalties_saved,410,0.0,0.0,0.0,-0.0,0.0,0.0,0.0,0.0,12,none,,,,,no_twin,false,12.985517361761598,-1.1115798588509158,0.5,0.05
participation_state_hybrid,2026-27,1,5,2025-26,mins_60,DEF,realized,xp_penalties_missed,410,0.0,0.0,0.0,-0.0,0.0,0.0,0.0,0.0,13,none,,,,,no_twin,false,12.985517361761598,-1.1115798588509158,0.5,0.05
participation_state_hybrid,2026-27,1,5,2025-26,mins_60,DEF,realized,xp_own_goals,410,-0.014471604734905484,-0.01951219512195122,0.0050405903870457324,-0.004534618315463534,0.03383885242540632,0.2006643401088384,0.07800965355485792,0.0060074351588464735,9,none,,,,,no_twin,false,12.985517361761598,-1.1115798588509158,0.5,0.05
participation_state_hybrid,2026-27,1,5,2025-26,mins_60,DEF,realized,xp_yellow_cards,410,-0.11706157478090676,-0.16097560975609757,0.04391403497519081,-0.03950596497905826,0.24497671860793258,0.38552693591509446,0.12179885093787039,0.009379591705489609,8,none,,,,,no_twin,false,12.985517361761598,-1.1115798588509158,0.5,0.05
participation_state_hybrid,2026-27,1,5,2025-26,mins_60,DEF,realized,xp_red_cards,410,-0.003140069406819927,-0.007317073170731708,0.0041770037639117805,-0.0037577181078377177,0.010457142577551634,0.14869702439351482,0.03909653110776545,0.0030107796261466526,10,none,,,,,no_twin,false,12.985517361761598,-1.1115798588509158,0.5,0.05
participation_state_hybrid,2026-27,1,5,2025-26,mins_60,DEF,realized,xp_defcon,410,0.3505888625687065,0.5219512195121951,-0.17136235694348853,0.1541610848550572,0.6427971596358574,0.8702010680326528,0.9998507901332537,0.07699737810042982,4,none,,,,,no_twin,false,12.985517361761598,-1.1115798588509158,0.5,0.05
participation_state_hybrid,2026-27,1,5,2025-26,mins_60,DEF,realized,xp_bonus,410,0.11058728640188602,0.23658536585365852,-0.12599807945177252,0.11335045201522609,0.30924095710165783,0.672269041107994,1.6113641364701148,0.12408932902551056,3,none,,,,,no_twin,false,12.985517361761598,-1.1115798588509158,0.5,0.05
participation_state_hybrid,2026-27,1,5,2025-26,mins_60,MID,realized,xp_minutes,434,1.4448929291856343,2.0,-0.5551070708143658,0.6466909696847941,0.5551070708143658,0.686375906868897,0.8467244537322489,0.06554197220377637,4,none,,,,,no_twin,false,12.918812560288849,-0.858380736451187,0.5,0.05
participation_state_hybrid,2026-27,1,5,2025-26,mins_60,MID,realized,xp_goals,434,0.8391445857383331,0.7373271889400922,0.10181739679824094,-0.11861565908292133,1.2922628703351153,2.1475183553160653,6.149737658136884,0.4760296373554152,1,process_ga,0.21302070920470068,0.552505364186696,0.08626440140653586,0.015552995391705071,structural,false,12.918812560288849,-0.858380736451187,0.5,0.05
participation_state_hybrid,2026-27,1,5,2025-26,mins_60,MID,realized,xp_assists,434,0.35187680746269273,0.4700460829493088,-0.11816927548661604,0.1376653394799662,0.7072164519302879,1.2478963298352839,2.1568419196898114,0.1669535732966457,3,process_ga,0.023418253248238576,0.859731943522834,-0.0031462340119616967,-0.11502304147465436,structural,false,12.918812560288849,-0.858380736451187,0.5,0.05
participation_state_hybrid,2026-27,1,5,2025-26,mins_60,MID,realized,xp_clean_sheet,434,0.18877286831952603,0.3640552995391705,-0.17528243121964443,0.20420126381716874,0.4132474611067329,0.5226376533487929,0.4294939007857217,0.03324561748855645,6,poisson_xgc,0.014191314070964646,0.5731372991989254,-0.15764903398480518,-0.0176333972348392,link-bias,false,12.918812560288849,-0.858380736451187,0.5,0.05
participation_state_hybrid,2026-27,1,5,2025-26,mins_60,MID,realized,xp_conceded,434,0.0,0.0,0.0,-0.0,0.0,0.0,0.0,0.0,11,poisson_xgc,0.0,,0.0,0.0,no_twin,false,12.918812560288849,-0.858380736451187,0.5,0.05
participation_state_hybrid,2026-27,1,5,2025-26,mins_60,MID,realized,xp_saves,434,0.0,0.0,0.0,-0.0,0.0,0.0,0.0,0.0,12,none,,,,,no_twin,false,12.918812560288849,-0.858380736451187,0.5,0.05
participation_state_hybrid,2026-27,1,5,2025-26,mins_60,MID,realized,xp_penalties_saved,434,0.0,0.0,0.0,-0.0,0.0,0.0,0.0,0.0,13,none,,,,,no_twin,false,12.918812560288849,-0.858380736451187,0.5,0.05
participation_state_hybrid,2026-27,1,5,2025-26,mins_60,MID,realized,xp_penalties_missed,434,-0.001797234970254463,-0.004608294930875576,0.0028110599606211125,-0.0032748404539492686,0.006405529901130037,0.09692986836819296,0.019196712485882183,0.0014859502292719207,9,none,,,,,no_twin,false,12.918812560288849,-0.858380736451187,0.5,0.05
participation_state_hybrid,2026-27,1,5,2025-26,mins_60,MID,realized,xp_own_goals,434,-0.0011710548391307832,-0.004608294930875576,0.003437240091744793,-0.0040043304163085176,0.005779349770006358,0.09661161152963202,0.016866286724909314,0.0013055601392309546,10,none,,,,,no_twin,false,12.918812560288849,-0.858380736451187,0.5,0.05
participation_state_hybrid,2026-27,1,5,2025-26,mins_60,MID,realized,xp_yellow_cards,434,-0.1117534113991089,-0.14516129032258066,0.03340787892347175,-0.038919651274550174,0.22623736565330582,0.3646993124564353,0.10428485019657074,0.00807232473649568,7,none,,,,,no_twin,false,12.918812560288849,-0.858380736451187,0.5,0.05
participation_state_hybrid,2026-27,1,5,2025-26,mins_60,MID,realized,xp_red_cards,434,-0.007676619185610374,-0.0069124423963133645,-0.0007641767892970125,0.0008902538894993813,0.0145610314067451,0.1444308074399676,0.033285689458153155,0.0025765285549904228,8,none,,,,,no_twin,false,12.918812560288849,-0.858380736451187,0.5,0.05
participation_state_hybrid,2026-27,1,5,2025-26,mins_60,MID,realized,xp_defcon,434,0.19976775829358295,0.25806451612903225,-0.05829675783544931,0.06791480209174573,0.3863635275499539,0.6617615271943309,0.6370565596553993,0.049312315406885625,5,none,,,,,no_twin,false,12.918812560288849,-0.858380736451187,0.5,0.05
participation_state_hybrid,2026-27,1,5,2025-26,mins_60,MID,realized,xp_bonus,434,0.21421701282333286,0.3064516129032258,-0.0922346000798929,0.10745185226455505,0.4417199869477205,0.8668802243776557,2.5253245294232682,0.19547652058873166,2,none,,,,,no_twin,false,12.918812560288849,-0.858380736451187,0.5,0.05
participation_state_hybrid,2026-27,1,5,2025-26,mins_60,FWD,realized,xp_minutes,95,1.5043124260159935,2.0,-0.49568757398400676,11.804029292637514,0.49568757398400676,0.6356874050523241,0.5023771462433984,0.035865762029630946,4,none,,,,,no_twin,false,14.007151049191517,-0.041993082336146036,0.5,0.05
participation_state_hybrid,2026-27,1,5,2025-26,mins_60,FWD,realized,xp_goals,95,1.8413675998197445,1.305263157894737,0.5361044419250074,-12.766494196201197,1.8668491810311079,2.361294967026309,7.8776574111855995,0.5624025459224481,1,process_ga,0.264559631883955,0.5295902662566607,0.17273602087237588,0.36336842105263156,structural,false,14.007151049191517,-0.041993082336146036,0.5,0.05
participation_state_hybrid,2026-27,1,5,2025-26,mins_60,FWD,realized,xp_assists,95,0.2045385275235834,0.47368421052631576,-0.2691456830027324,6.4092861973854705,0.5933819852585135,1.1069142973985227,2.0038289662553455,0.14305756818200407,3,process_ga,0.00501264653440472,0.9649606336937909,0.04443326436568869,-0.31357894736842107,structural,false,14.007151049191517,-0.041993082336146036,0.5,0.05
participation_state_hybrid,2026-27,1,5,2025-26,mins_60,FWD,realized,xp_clean_sheet,95,0.0,0.0,0.0,-0.0,0.0,0.0,0.0,0.0,10,poisson_xgc,0.0,,0.0,0.0,no_twin,false,14.007151049191517,-0.041993082336146036,0.5,0.05
participation_state_hybrid,2026-27,1,5,2025-26,mins_60,FWD,realized,xp_conceded,95,0.0,0.0,0.0,-0.0,0.0,0.0,0.0,0.0,11,poisson_xgc,0.0,,0.0,0.0,no_twin,false,14.007151049191517,-0.041993082336146036,0.5,0.05
participation_state_hybrid,2026-27,1,5,2025-26,mins_60,FWD,realized,xp_saves,95,0.0,0.0,0.0,-0.0,0.0,0.0,0.0,0.0,12,none,,,,,no_twin,false,14.007151049191517,-0.041993082336146036,0.5,0.05
participation_state_hybrid,2026-27,1,5,2025-26,mins_60,FWD,realized,xp_penalties_saved,95,0.0,0.0,0.0,-0.0,0.0,0.0,0.0,0.0,13,none,,,,,no_twin,false,14.007151049191517,-0.041993082336146036,0.5,0.05
participation_state_hybrid,2026-27,1,5,2025-26,mins_60,FWD,realized,xp_penalties_missed,95,-0.038762688087855005,-0.042105263157894736,0.003342575070039731,-0.0795982310439396,0.07973896242502349,0.3073901580590096,0.15317162168568335,0.010935244515302369,6,none,,,,,no_twin,false,14.007151049191517,-0.041993082336146036,0.5,0.05
participation_state_hybrid,2026-27,1,5,2025-26,mins_60,FWD,realized,xp_own_goals,95,-0.01823520881800584,-0.021052631578947368,0.0028174227609415294,-0.06709254487176332,0.039287840396953204,0.2153238068570432,-0.13797377406852823,-0.009850238180767815,7,none,,,,,no_twin,false,14.007151049191517,-0.041993082336146036,0.5,0.05
participation_state_hybrid,2026-27,1,5,2025-26,mins_60,FWD,realized,xp_yellow_cards,95,-0.11781085570715981,-0.21052631578947367,0.09271546008231389,-2.207874605158669,0.2742259821521253,0.43709409346201145,0.19577316734104638,0.013976658540592112,5,none,,,,,no_twin,false,14.007151049191517,-0.041993082336146036,0.5,0.05
participation_state_hybrid,2026-27,1,5,2025-26,mins_60,FWD,realized,xp_red_cards,95,-0.0024802299095881475,0.0,-0.0024802299095881475,0.05906282110311442,0.0024802299095881475,0.00852545146111884,0.00564916257602593,0.0004033056084129253,9,none,,,,,no_twin,false,14.007151049191517,-0.041993082336146036,0.5,0.05
participation_state_hybrid,2026-27,1,5,2025-26,mins_60,FWD,realized,xp_defcon,95,0.015500153478363837,0.021052631578947368,-0.005552478100583531,0.13222363760147635,0.03647011374808998,0.20645068738402336,0.05592594954327764,0.00399267126818809,8,none,,,,,no_twin,false,14.007151049191517,-0.041993082336146036,0.5,0.05
participation_state_hybrid,2026-27,1,5,2025-26,mins_60,FWD,realized,xp_bonus,95,0.6116824565066727,0.5157894736842106,0.09589298282246224,-2.2835423714520053,0.7125752377585265,1.0261295583788461,3.3507413984296655,0.23921648211418894,2,none,,,,,no_twin,false,14.007151049191517,-0.041993082336146036,0.5,0.05
